{
  "feature_columns": [
    "勝率1",
    "勝率2",
    "勝率3",
    "勝率4",
    "勝率5",
    "勝率6",
    "勝率平均",
    "勝率最大",
    "勝率最小",
    "勝率標準偏差",
    "勝率レンジ",
    "勝率順位1",
    "勝率順位2",
    "勝率順位3",
    "勝率順位4",
    "勝率順位5",
    "勝率順位6",
    "1号艇が勝率1位か",
    "1号艇の勝率順位",
    "勝率1_minus_勝率2",
    "勝率1_minus_勝率3",
    "勝率1_minus_勝率4",
    "勝率1_minus_勝率5",
    "勝率1_minus_勝率6",
    "adjacent_diff_勝率1_minus_勝率2",
    "adjacent_diff_勝率2_minus_勝率3",
    "adjacent_diff_勝率3_minus_勝率4",
    "adjacent_diff_勝率4_minus_勝率5",
    "adjacent_diff_勝率5_minus_勝率6"
  ],
  "mean": [
    5.595970516593625,
    5.343904666453727,
    5.333518942743679,
    5.230837924634524,
    5.034134001971312,
    4.924823277173913,
    5.243864888262306,
    6.619811043772076,
    3.6978728559825846,
    0.9952786032499441,
    2.921938187788997,
    2.9471716373548302,
    3.406547679459483,
    3.429771208188949,
    3.54000594452741,
    3.775510721897609,
    3.860278232880486,
    0.2566730944889881,
    2.9471716373548302,
    0.2520658501399139,
    0.2624515738498785,
    0.3651325919589351,
    0.5618365146220768,
    0.6711472394194715,
    0.2520658501399139,
    0.01038572370996476,
    0.10268101810906344,
    0.19670392266315354,
    0.10931072479738138
  ],
  "std": [
    1.1302437624343105,
    1.15001338630838,
    1.1577075434554374,
    1.296881915152047,
    1.4415594234060107,
    1.6035002433481995,
    0.7760039741837317,
    0.7034453991344205,
    1.3947605137598618,
    0.40883498931009127,
    1.2588673548566796,
    1.6290361125233632,
    1.6237296551152458,
    1.6426784537726669,
    1.7002629785047694,
    1.7154710291131443,
    1.7753972622939402,
    0.4367974554105221,
    1.6290361125233632,
    1.4154642647280955,
    1.4188999627979721,
    1.487881978373021,
    1.6136253352336205,
    1.7641586777528793,
    1.4154642647280955,
    1.4223235813151,
    1.5458227621119636,
    1.7390979377768438,
    1.9532979611288788
  ],
  "median": [
    5.69,
    5.36,
    5.35,
    5.31,
    5.15,
    5.14,
    5.205,
    6.65,
    3.89,
    0.9445964746891319,
    2.7200000000000006,
    3.0,
    3.0,
    3.0,
    4.0,
    4.0,
    4.0,
    0.0,
    3.0,
    0.2999999999999998,
    0.29000000000000004,
    0.35000000000000053,
    0.5299999999999994,
    0.56,
    0.2999999999999998,
    0.020000000000000462,
    0.07000000000000028,
    0.15999999999999925,
    0.08000000000000007
  ],
  "k": 500,
  "weighted": false,
  "output": "trifecta_120_probability"
}