tree
version=v4
num_class=1
num_tree_per_iteration=1
label_index=0
max_feature_idx=14
objective=lambdarank
feature_names=全国勝率 全国2率 当地勝率 当地2率 モーター2率 ボート2率 年齢 体重 1年出走数 1年複勝率 1年該当コース出走数 1年該当コース複勝率 級別num boat_num jcd_cat
feature_infos=[0:9.1600000000000001] [0:80.950000000000003] [0:9.8900000000000006] [0:94.120000000000005] [0:90.909999999999997] [0:90.909999999999997] [16:77] [40:67] [0:351] [0:100] [0:159] [0:100] [1:4] [1:6] -1:14:23:16:5:22:7:1:18:0:15:20:3:4:6:9:12:19:8:21:11:10:13:17:2
tree_sizes=3538 3524 3538 3533 3540 3549 3544 3559 3560 3537 3555 3556 3544 3556 3560 3553 3562 3556 3548 3546 3572 3557 3561 3554 3571 3563 3545 3559 3542 3553 3552 3537 3536 3558 3528 3550 3555 3566 3552 3534 3529 3543 3561 3546 3546 3534 3562 3538 3551 3552 3536 3554 3554 3549 3536 3563 3565 3552 3540 3540 3547 3555 3534 3530 3554 3532 3523 3531 3538 3539 3533 3539 3550 3521 3535 3535 3543 3543 3529 3553 3539 3555 3512 3527 3524 3550 3553 3552 3524 3544 3527 3518 3534 3524 3512 3533 3536 3524 3527 3530 3532 3519 3510 3530 3541 3528 3545 3526 3554 3533 3529 3540 3516 3514 3540 3520 3513 3539 3528 3518 3501 3526 3530 3496 3496 3512 3505 3484 3500 3521 3526 3536 3541 3491 3503 3507 3516 3503 3513 3495 3533 3545 3511 3499 3480 3528 3479 3488 3501 3500 3518 3492 3513 3507 3519 3483 3487 3484 3495 3490 3510 3480 3527 3509 3492

Tree=0
num_leaves=31
num_cat=1
split_feature=13 11 0 13 13 11 0 0 9 13 9 0 0 0 13 0 1 0 13 13 13 14 13 0 9 0 13 9 1 0
split_gain=77161.4 9209 2623.18 1736.07 1646.16 854.564 473.302 346.274 341.084 310.3 291.426 284.99 269.673 153.774 141.961 136.326 135.615 116.412 115.907 94.4963 86.3716 77.6791 75.0644 66.4967 59.6269 58.2197 57.4889 54.4423 53.1432 53.1162
threshold=1.5000000000000002 28.692493946731236 5.1550000000000011 3.5000000000000004 2.5000000000000004 13.680926916221035 5.3950000000000005 4.9450000000000012 19.860584863499472 3.5000000000000004 40.357943625880857 2.5950000000000002 5.955000000000001 5.0650000000000004 2.5000000000000004 6.0850000000000009 8.365000000000002 5.705000000000001 4.5000000000000009 5.5000000000000009 4.5000000000000009 0 2.5000000000000004 5.9850000000000012 25.255128605644071 6.1150000000000011 4.5000000000000009 36.55688081684287 30.545000000000005 3.8750000000000004
decision_type=2 2 2 2 2 2 2 2 2 2 2 2 2 2 2 2 2 2 2 2 2 1 2 2 2 2 2 2 2 2
left_child=2 3 8 7 6 11 -3 14 16 10 28 -5 27 -7 29 26 -1 19 -15 -13 -17 -10 -9 -8 -23 -20 -11 -4 -6 -2
right_child=1 4 12 5 9 13 23 22 21 15 -12 17 -14 18 -16 20 -18 -19 25 -21 -22 24 -24 -25 -26 -27 -28 -29 -30 -31
leaf_value=-0.012963672037219055 -0.044896148479619161 -0.012230973809056295 0.063291473558654443 -0.092778753085374643 -0.038462491086170142 -0.063974887775571643 0.0076346291266763877 0.0010081081941670587 0.034462343499254734 -0.037465901655668633 -0.0043234729300197462 -0.069056608679820872 0.080458330796218253 -0.037419819362656384 -0.051204988926477762 -0.01969469401355638 0.029991361842326321 -0.059584792417425772 -0.059675578403525033 -0.079784528851091774 -0.035305671139169333 0.044988815728619985 -0.02277961836438502 0.020642501338601835 0.056052798591548936 -0.048400987514660015 -0.055251840346725457 0.07221444075403971 -0.022843946429799384 -0.027298741506047774
leaf_weight=200.80073535442352 619.06651693582535 2190.8448999971151 3192.9531529471278 1960.1373954378068 864.70262704789639 3091.2831374108791 1486.8255427703261 548.26569418236613 998.91994328796864 1623.6845911927521 2614.1798502672464 4196.3747693458572 12169.126416020095 1362.0808140598238 2137.9746565520763 1962.0121290460229 2163.5734898597002 1605.8255233969539 2287.9911246411502 4018.2569515258074 1615.6588040217757 2064.4022576138377 839.36448562704027 2896.457334574312 2969.2772373110056 2292.0453289151192 630.84930257499218 3679.2932271808386 1471.40747304447 1395.3313323929906
leaf_count=1130 8384 27644 13217 24249 12535 40499 17627 6633 4746 21460 34511 54831 44810 18119 31572 24954 10519 19148 28082 47609 19055 9410 11729 32444 12786 27167 7803 14374 20645 18260
internal_value=-1.7606e-11 -0.0412545 0.0657204 -0.0598793 -0.0129749 -0.0665001 0.00674543 -0.0350049 0.0424399 -0.0249984 -0.0157917 -0.0753717 0.0759868 -0.0549303 -0.0422311 -0.0328129 0.0263433 -0.0718974 -0.0502251 -0.0743043 -0.0267445 0.0487486 -0.0133809 0.0162302 0.0514131 -0.0540333 -0.0424426 0.0680687 -0.0286251 -0.0327068
internal_weight=71149 43710.6 27438.3 26354 17356.6 20814 6574.13 5540 8396.97 10782.5 4950.29 11780.6 19041.4 9033.4 4152.37 5832.2 2364.37 9820.46 5942.12 8214.63 3577.67 6032.6 1387.63 4383.28 5033.68 4580.04 2254.53 6872.25 2336.11 2014.4
internal_count=665952 554960 110992 336282 218678 259704 77715 76578 38591 140963 67691 145837 72401 113867 58216 73272 11649 121588 73368 102440 44009 26942 18362 50071 22196 55249 29263 27591 33180 26644
cat_boundaries=0 1
cat_threshold=8203
is_linear=0
shrinkage=0.05


Tree=1
num_leaves=31
num_cat=3
split_feature=13 11 0 0 13 0 13 0 9 13 0 0 0 0 0 0 13 14 1 0 13 9 9 13 13 14 14 13 9 0
split_gain=122605 26650.4 10058.3 4574.23 3779.3 2934.7 2234.41 1572.24 1456.36 897.762 849.186 729.723 696.872 646.484 632.31 568.791 423.13 379.572 371.704 339.019 285.003 261.021 241.253 222.971 202.45 190.021 189.542 169.519 164.475 137.253
threshold=1.5000000000000002 24.357284113381677 5.1550000000000011 5.3950000000000005 4.5000000000000009 4.9450000000000012 4.5000000000000009 4.7650000000000006 19.860584863499472 4.5000000000000009 6.2750000000000012 5.955000000000001 2.7550000000000003 2.8950000000000005 4.745000000000001 6.1150000000000011 5.5000000000000009 0 9.2450000000000028 5.7250000000000005 5.5000000000000009 47.245900455103673 25.255128605644071 5.5000000000000009 3.5000000000000004 1 2 3.5000000000000004 36.55688081684287 3.8450000000000002
decision_type=2 2 2 2 2 2 2 2 2 2 2 2 2 2 2 2 2 1 2 2 2 2 2 2 2 1 1 2 2 2
left_child=2 4 8 9 7 12 10 13 18 14 24 28 -6 -2 29 16 -7 -10 -1 -9 -14 -8 -19 -17 -5 -20 -12 -15 -4 -3
right_child=1 3 11 6 5 15 21 19 17 -11 26 -13 20 27 -16 23 -18 22 25 -21 -22 -23 -24 -25 -26 -27 -28 -29 -30 -31
leaf_value=-0.022195430656094514 -0.066672305267485452 -0.040416238534367391 0.056472696344802786 0.0024303416348018738 -0.085803603342601592 -0.03864364402569298 -0.027575880410426076 -0.020927754362148054 0.022074270211993229 -0.052251545515734757 0.016588233109327093 0.074940076240535197 -0.057822294932973563 -0.033509407676549363 -0.012466413785304005 -0.018189927829685683 -0.056251495651518948 0.034170751950108387 0.0062143466523101321 0.0010170663943827607 -0.070922621440892106 -0.011955586457866265 0.047762246791695551 -0.036884493051445928 -0.0075106053684111766 0.023158941828856264 0.0081825947495061044 -0.043228982294598262 0.06648092582737225 -0.025436150134392224
leaf_weight=735.17299638688564 2052.5733253210783 1786.7538484558463 7825.9469601362944 19794.459136709571 4553.1957925073802 6339.2690989002585 4663.8948009684682 7368.7015117406845 3049.2743054479361 2212.1033902019262 13621.871095828712 28562.092262625694 9182.7583411112428 11988.273565225303 15599.71388271451 2357.3108291551471 7388.6972905620933 5717.9187973886728 3135.3917321264744 2312.1915692687035 7577.7305208146572 6269.8781427815557 7610.7681865245104 4932.1627084985375 6909.2220829576254 3553.567955955863 13362.061875067651 7168.5056321173906 8634.1942634731531 10603.522780187428
leaf_count=1330 8081 5591 13217 53328 21810 24952 16825 23844 4746 8504 35305 44810 36813 38183 44822 8542 31565 9410 4919 6931 33705 20528 12786 18740 21313 5400 36274 27448 14374 31856
internal_value=-2.52333e-11 -0.0230212 0.0562096 -0.00552389 -0.0456806 -0.0553843 0.00198372 -0.0323829 0.029921 -0.0215874 0.00617948 0.0701077 -0.0684575 -0.0400039 -0.019164 -0.0421268 -0.0481206 0.038248 0.0115512 -0.0156864 -0.0637452 -0.0186186 0.0419001 -0.0308389 -0.000141746 0.0152602 0.0124351 -0.0371465 0.0617225 -0.0275964
internal_weight=236869 168045 68824.3 94823.5 73221.4 42331.1 64621.4 30890.2 23802.1 30202.1 53687.6 45022.2 21313.7 21209.4 27990 21017.4 13728 16378 7424.13 9680.89 16760.5 10933.8 13328.7 7289.47 26703.7 6688.96 26983.9 19156.8 16460.1 12390.3
internal_count=665952 554960 110992 274346 280614 176127 183573 104487 38591 90773 146220 72401 92328 73712 82269 83799 56517 26942 11649 30775 70518 37353 22196 27282 74641 10319 71579 65631 27591 37447
cat_boundaries=0 1 2 3
cat_threshold=8203 76667 7349118
is_linear=0
shrinkage=0.05


Tree=2
num_leaves=31
num_cat=2
split_feature=13 11 0 0 11 13 13 9 0 0 0 13 0 0 13 9 0 0 14 13 14 0 9 0 9 13 9 1 13 1
split_gain=83281.8 18996.4 8590.77 3734.64 2617.59 1629.24 1387.57 1284.56 883.76 773.664 700.1 656.189 642.233 546.084 360.903 528.497 441.45 325.864 300.198 299.339 284.019 274.84 218.196 194.49 167.662 167.008 152.413 148.508 148.038 143.387
threshold=1.5000000000000002 23.582887700534762 5.0650000000000004 5.4750000000000005 12.158167036215819 4.5000000000000009 4.5000000000000009 19.860584863499472 4.5850000000000009 5.0450000000000008 5.955000000000001 4.5000000000000009 6.2750000000000012 4.6050000000000013 4.5000000000000009 25.601932367149765 5.9150000000000009 3.3950000000000005 0 3.5000000000000004 1 2.4250000000000003 50.074183976261132 6.1350000000000007 33.565223703632014 5.5000000000000009 25.255128605644071 9.2450000000000028 3.5000000000000004 10.050000000000002
decision_type=2 2 2 2 2 2 2 2 2 2 2 2 2 2 2 2 2 2 1 2 1 2 2 2 2 2 2 2 2 2
left_child=2 4 7 11 6 12 9 20 21 17 24 13 28 -3 15 -6 -16 -2 -9 -14 27 -8 -7 25 -4 -10 -20 -1 -5 -22
right_child=1 3 10 5 14 22 8 18 23 -11 -12 -13 19 -15 16 -17 -18 -19 26 -21 29 -23 -24 -25 -26 -27 -28 -29 -30 -31
leaf_value=-0.036199257202242256 -0.058613346978255002 -0.027185587883697005 0.049699808598386255 0.002563427809914027 -0.033465024600519713 -0.021833122372282097 -0.082747806704778826 0.018414072805373407 -0.041484055949666442 -0.0030302380782599361 0.071857756369221704 -0.046329740288315657 0.015236361689908157 -0.012401123069151103 -0.045063019701661489 -0.015387332484944092 -0.026319636950222183 -0.035994278398675084 0.031795346276537378 0.0034345245999520373 -0.0092373867220568971 -0.064633118139657927 -0.0068950777806993796 -0.031735383055997164 0.061350101057047329 -0.056871384231817437 0.044305335761203796 -2.9787818476355055e-05 -0.0064585747619902633 0.021312501961056482
leaf_weight=314.0041289627552 2239.4996230527759 9258.3449971675873 4489.5597625821829 17054.360680930316 10303.78419245407 6090.3571236617863 2874.9880262129009 2436.3002324700356 2694.3112952336669 1475.6498050764203 22333.130551718175 2076.0203184299171 17710.076275907457 19195.0039627105 7724.3295986689627 6653.6395617201924 5294.7508936412632 5509.9375154785812 4650.6583885401487 7712.6974423676729 442.68537198007107 7707.264340788126 4083.6455007642508 1471.3540977723897 9893.3812877684832 5103.7374749779701 5109.7942337542772 2950.0022978633642 6199.6936079710722 2901.6528015434742
leaf_count=642 10293 31781 9501 48971 39537 24353 18992 4367 13290 4766 44810 9907 49003 60263 38422 23216 23187 22204 9219 22728 825 43806 14417 6884 20763 28726 10723 4901 20214 5241
internal_value=-2.4977e-11 -0.0195408 0.0522414 -0.00500156 -0.0415466 0.00235977 -0.0522351 0.0247595 -0.0596809 -0.0362124 0.066317 -0.0191918 0.00616316 -0.0172118 -0.0311789 -0.0263718 -0.0374402 -0.0425309 0.0343786 0.0116559 0.00700594 -0.0695545 -0.0158373 -0.0484089 0.0577135 -0.0515549 0.0383053 -0.00349865 0.000158099 0.0172172
internal_weight=203955 148433 55521.2 89380.2 59053.2 58850.8 29076.7 18805.1 19851.7 9225.09 36716.1 30529.4 48676.8 28453.3 29976.5 16957.4 13019.1 7749.44 12196.8 25422.8 6608.34 10582.3 10174 9269.4 14382.9 7798.05 9760.45 3264.01 23254.1 3344.34
internal_count=665952 554960 110992 281637 273323 179686 148961 35918 111698 37263 75074 101951 140916 92044 124362 62753 61609 32497 24309 71731 11609 62798 38770 48900 30264 42016 19942 5543 69185 6066
cat_boundaries=0 1 2
cat_threshold=8203 76667
is_linear=0
shrinkage=0.05


Tree=3
num_leaves=31
num_cat=2
split_feature=13 11 0 0 0 13 13 9 0 0 0 0 9 13 13 14 0 14 13 13 13 0 9 13 13 9 1 13 9 0
split_gain=62466.5 14774.1 7453.2 3328.9 1912.74 1378.19 1354.84 1131.45 1073.33 756.98 628.724 566.008 517.426 362.149 302.705 277.312 257.9 232.646 214.114 197.621 189.555 172.892 172.6 138.875 135.283 132.467 131.859 129.626 129.058 120.046
threshold=1.5000000000000002 21.483516483516485 5.0650000000000004 5.5850000000000009 2.8950000000000005 4.5000000000000009 4.5000000000000009 19.860584863499472 5.2350000000000012 5.1550000000000011 4.785000000000001 5.955000000000001 44.264905502767057 3.5000000000000004 3.5000000000000004 0 6.1150000000000011 1 5.5000000000000009 5.5000000000000009 3.5000000000000004 4.1450000000000005 47.245900455103673 5.5000000000000009 3.5000000000000004 33.565223703632014 10.050000000000002 4.5000000000000009 25.255128605644071 1.7350000000000001
decision_type=2 2 2 2 2 2 2 2 2 2 2 2 2 2 2 1 2 1 2 2 2 2 2 2 2 2 2 2 2 2
left_child=2 4 7 10 29 12 9 17 18 21 14 25 24 -12 -3 -9 19 -1 -8 -10 -14 -6 -7 -18 -5 -4 -19 -15 -17 -2
right_child=1 3 11 5 6 22 8 15 16 -11 13 -13 20 27 -16 28 23 26 -20 -21 -22 -23 -24 -25 -26 -27 -28 -29 -30 -31
leaf_value=-0.0047314345728618088 -0.080897448602344019 -0.021585817252357774 0.047339917435664888 0.0028886533393526221 -0.037515842563108914 -0.021247982339145002 -0.048491424518589406 0.015945970401911543 -0.029313364899218722 -0.0059604964146711837 -0.007523997958487693 0.068752133418487169 0.014194755705922636 -0.017635154955069315 -0.03920955053947222 0.029623445907632953 -0.01019744311155029 -0.011145492968165917 -0.061409332725128857 -0.046998206450136144 0.0045842511550354022 -0.026868550421811035 -0.0082301610144726572 -0.029549092882561447 -0.0065379802503639428 0.058505115797780775 0.019016822493061452 -0.034126923014524517 0.041914850464938827 -0.064200523270252108
leaf_weight=3084.9340966120362 1870.458634680137 10921.114929668605 3878.5447949916124 13576.557250119746 6781.5185294337571 4465.7797126807272 7030.4553738683462 2237.521259188652 2742.0218351408839 3559.7969427853823 14543.078186482191 18987.756319105625 16934.036530733109 4423.8581791333854 3136.1545748412609 4111.6122969985008 1309.3912761732936 421.00932994484901 5899.4898283556104 3726.5563438348472 7361.0588806718588 8709.308169066906 5923.9278265461326 3175.4399575069547 5288.587860070169 8431.538442581892 2600.3202840015292 1630.7211372628808 4443.7354870960116 2536.1164352819324
leaf_count=5543 14310 39830 9501 41908 29713 20447 41907 4367 14430 12454 46838 44810 49991 16186 14588 9219 5842 825 40515 22860 23725 36812 23040 16072 18132 20763 5241 8663 10723 16697
internal_value=3.34883e-12 -0.0173843 0.0488902 -0.00529087 -0.0399167 0.0025232 -0.0366969 0.022132 -0.0446296 -0.0267518 -0.0173654 0.0633381 0.00645874 -0.0118018 -0.0255176 0.0318634 -0.0331133 0.00493166 -0.0543854 -0.0395016 0.0112829 -0.0315297 -0.0138256 -0.0238992 0.000246024 0.0549873 0.014765 -0.022077 0.0359657 -0.0712879
internal_weight=183742 135545 48197 88204.9 47340.6 53549.9 42934 16899.1 23883.4 19050.6 34654.9 31297.8 43160.2 20597.7 14057.3 10792.9 10953.4 6106.26 12929.9 6468.58 24295.1 15490.8 10389.7 4484.83 18865.1 12310.1 3021.33 6054.58 8555.35 4406.58
internal_count=665952 554960 110992 303348 251612 177243 220605 35918 141626 78979 126105 75074 133756 71687 54418 24309 59204 11609 82422 37290 73716 66525 43487 21914 60040 30264 6066 24849 19942 31007
cat_boundaries=0 1 2
cat_threshold=8203 76667
is_linear=0
shrinkage=0.05


Tree=4
num_leaves=31
num_cat=2
split_feature=13 11 0 0 11 0 11 9 13 0 12 0 13 13 0 0 14 0 13 14 12 13 0 12 13 1 13 12 0 4
split_gain=48873.5 12001.1 6644.8 2564.57 1814.51 1008.5 951.566 849.275 766.543 643.37 439.344 438.893 411.765 337.281 301.486 252.404 248.738 235.243 230.09 199.979 180.468 162.375 151.44 142.946 128.014 119.059 114.815 110.221 101.879 97.9867
threshold=1.5000000000000002 24.190177638453502 4.9450000000000012 5.3950000000000005 13.680926916221035 2.8950000000000005 41.742424242424249 19.860584863499472 4.5000000000000009 5.8250000000000011 2.5000000000000004 5.2350000000000012 4.5000000000000009 4.5000000000000009 4.4850000000000012 6.4450000000000012 0 4.745000000000001 4.5000000000000009 1 3.5000000000000004 4.5000000000000009 6.0750000000000011 2.5000000000000004 5.5000000000000009 10.050000000000002 5.5000000000000009 3.5000000000000004 6.1350000000000007 35.010000000000012
decision_type=2 2 2 2 2 2 2 2 2 2 2 2 2 2 2 2 1 2 2 1 2 2 2 2 2 2 2 2 2 2
left_child=2 4 7 12 5 -2 13 19 10 23 -7 24 14 20 -3 29 -9 21 27 -1 -5 -6 -20 -4 -10 -21 -13 -19 -15 -8
right_child=1 3 9 6 17 8 15 16 11 -11 -12 26 -14 28 -16 -17 -18 18 22 25 -22 -23 -24 -25 -26 -27 -28 -29 -30 -31
leaf_value=-0.0060522660935773513 -0.068565118572521386 -0.025078597375799108 0.043228532583065048 -0.0046611996552356613 -0.028306967534579536 -0.0324955919240884 0.00051736972284937156 0.011308036495086176 -0.047846381573954253 0.065173651667379734 0.0017231316805627927 -0.023185843195812988 -0.043306320223541278 -0.023303046479352676 -0.011971631407429521 0.013660307232503758 0.032340277134625693 -0.01538613864150529 -0.032766746243333915 -0.012626499332533118 0.0054046062933599259 -0.04679883208123567 -0.018881630084145451 0.054896450604819791 -0.059708325834575027 0.016866403297291596 -0.04005703090263818 0.0083252452057394847 -0.0098813529057546565 0.0092570018195986346
leaf_weight=2961.3551653325558 3663.6860105264932 6015.1462155133486 4708.9050900042057 11463.064191322774 8091.0770398415625 6862.7501333579421 7852.0131589472294 1826.464120529592 4546.9760006126016 18433.141836740077 1086.5444798991084 1395.9748070165515 1418.2240213695914 1931.3382103741169 16212.482120886445 14306.009682957083 6677.510530538857 5202.7610221579671 4220.588842863217 399.56098155677319 7281.396062463522 1391.2592939343303 3672.3927029743791 5931.5081909894943 4551.047002505511 2383.1433709561825 3632.5440380312502 541.07885866612196 5276.92442253232 5421.6359452828765
leaf_count=5511 30050 24609 12721 39297 36850 32658 25676 3803 30841 49458 3949 7662 8699 9404 58799 45933 17193 20427 25410 825 24299 9238 18689 16296 36534 5185 23964 1952 22828 17192
internal_value=-1.30033e-11 -0.0157473 0.0458142 -0.00347134 -0.0351387 -0.0442707 0.00258623 0.0178417 -0.0402388 0.0595226 -0.0278184 -0.0472279 -0.0171852 -0.00428578 -0.0155186 0.00905287 0.0278743 -0.0249717 -0.0207659 0.00298858 -0.000751078 -0.0310201 -0.0263064 0.0497328 -0.05378 0.0125864 -0.0353734 -0.0131525 -0.0134775 0.00408708
internal_weight=169359 126037 43321.6 77178.2 48858.7 25739.5 53532.4 14248 22075.8 29073.6 7949.29 14126.5 23645.9 25952.7 22227.6 27579.7 8503.97 23119.2 13636.8 5744.06 18744.5 9482.34 7892.98 10640.4 9098.02 2782.7 5028.52 5743.84 7208.26 13273.6
internal_count=665952 554960 110992 276736 278224 165658 184629 32517 135608 78475 36607 99001 92107 95828 83408 88801 20996 112566 66478 11521 63596 46088 44099 29017 67375 6010 31626 22379 32232 42868
cat_boundaries=0 1 2
cat_threshold=8203 76667
is_linear=0
shrinkage=0.05


Tree=5
num_leaves=31
num_cat=2
split_feature=13 11 0 0 0 13 0 9 13 9 0 0 0 13 13 14 0 13 13 14 9 13 13 13 1 9 4 2 12 12
split_gain=39134.9 10069.7 5970.38 2219.85 1617.75 975.665 970.911 751.938 659.686 559.618 516.378 505.611 289.891 275.056 247.676 244.812 234.194 215.689 193.307 173.108 152.629 149.315 132.041 126.58 113.711 105.489 103.527 95.8066 94.7272 92.6456
threshold=1.5000000000000002 24.357284113381677 4.9450000000000012 5.745000000000001 3.5250000000000004 4.5000000000000009 5.2350000000000012 19.860584863499472 4.5000000000000009 38.474755485064776 5.3750000000000009 4.8650000000000011 6.4250000000000007 4.5000000000000009 3.5000000000000004 0 6.1850000000000014 4.5000000000000009 5.5000000000000009 1 24.10890739695088 5.5000000000000009 3.5000000000000004 3.5000000000000004 8.365000000000002 15.926385209401952 37.885000000000012 5.7550000000000008 3.5000000000000004 2.5000000000000004
decision_type=2 2 2 2 2 2 2 2 2 2 2 2 2 2 2 1 2 2 2 1 2 2 2 2 2 2 2 2 2 2
left_child=2 4 7 11 13 10 21 19 12 29 20 17 26 -2 27 -9 18 25 -8 -1 23 -7 -14 -6 -21 -3 -5 -13 -11 -4
right_child=1 3 9 8 5 6 16 15 -10 28 -12 14 22 -15 -16 -17 -18 -19 -20 24 -22 -23 -24 -25 -26 -27 -28 -29 -30 -31
leaf_value=-0.0085033399817293336 -0.045621395627938766 -0.037267681355234138 0.041182888175052446 0.00043214862250562001 -0.024315509293372659 -0.042700638442680038 -0.023425184134687548 0.0092392190641024177 -0.0089154338445116676 0.057039810812706364 -0.0028411690411106515 -0.0072152510635187855 0.014775590557148978 -0.06728223811384243 -0.017283680143303011 0.030558423624817511 -0.017552913136184577 -0.04896140959407036 -0.040586899542467719 -0.01992797115054025 -0.018269813961759127 -0.055209233170710026 0.0054702686605956697 -0.036097735281605529 0.012521497448512525 -0.018262998904210296 0.0092862519262453362 0.0019569036992669419 0.06477145884055828 0.051618579945000423
leaf_weight=2345.1239715442061 2743.3663832806051 788.82803126052022 4164.4063314571977 12320.225401766598 6508.1106814704835 5448.5957645047456 3122.3884130250663 1762.6542429700494 7403.2417091615498 6019.881836257875 3257.7673143595457 10596.321674007922 12491.305213548243 3146.5725246611983 5415.4669092576951 6137.6253334805369 4409.9114496707916 668.34531493857503 3458.0956497024745 298.27251125872135 5835.5818463824689 4244.1155710592866 5486.8737859502435 3508.4264645986259 2845.9494342654943 9820.0199364721775 4509.9854293726385 3893.0156293362379 11586.529499970376 4346.6111609339714
leaf_count=4491 16472 3537 12405 42062 29838 40109 18401 3803 33477 18842 12437 37612 40661 29988 24259 17193 24734 4569 25379 689 26298 37516 19006 19442 6341 40816 15011 13336 33767 13461
internal_value=8.58198e-12 -0.0143069 0.043122 -0.00283563 -0.0327366 -0.0291167 -0.0366423 0.0159754 0.00463813 0.0570392 -0.0209716 -0.012953 0.00752078 -0.0571932 -0.00816065 0.0258522 -0.0264688 -0.0214117 -0.0324438 0.00176071 -0.0246976 -0.0481777 0.0119356 -0.0284424 0.00941328 -0.0196761 0.00280478 -0.00475086 0.0621279 0.0465124
internal_weight=158584 119077 39507.1 73393.6 45682.9 39793 20683.1 13389.6 42211.6 26117.4 19109.9 31182 34808.4 5889.94 19904.8 7900.28 10990.4 11277.2 6580.48 5489.35 15852.1 9692.71 17978.2 10016.5 3144.22 10608.8 16830.2 14489.3 17606.4 8511.02
internal_count=665952 554960 110992 274346 280614 234154 146139 32517 150217 78475 88015 124129 116740 46460 75207 20996 68514 48922 43780 11521 75578 77625 59667 49280 7030 44353 57073 50948 52609 25866
cat_boundaries=0 1 2
cat_threshold=8203 11130
is_linear=0
shrinkage=0.05


Tree=6
num_leaves=31
num_cat=2
split_feature=13 11 0 9 0 13 13 0 9 0 0 0 0 14 13 0 0 13 1 13 13 14 11 13 0 0 4 0 0 13
split_gain=32001.8 8548.94 5380.92 2363.81 1202.61 811.314 685.544 732.017 626.003 506.367 460.197 420.339 334.544 251.996 221.246 174.046 159.894 143.129 141.96 134.65 133.869 128.264 119.774 118.295 111.948 108.503 102.882 81.9917 80.7722 79.0356
threshold=1.5000000000000002 20.611577964519142 4.9450000000000012 35.726558664702999 2.8950000000000005 4.5000000000000009 4.5000000000000009 5.2350000000000012 19.860584863499472 5.955000000000001 5.1550000000000011 6.2750000000000012 4.4250000000000007 0 3.5000000000000004 6.1850000000000014 6.3150000000000004 5.5000000000000009 8.365000000000002 3.5000000000000004 3.5000000000000004 1 70.087719298245631 5.5000000000000009 3.9950000000000006 5.0850000000000009 36.010000000000012 1.7350000000000001 5.8450000000000006 3.5000000000000004
decision_type=2 2 2 2 2 2 2 2 2 2 2 2 2 1 2 2 2 2 2 2 2 1 2 2 2 2 2 2 2 2
left_child=2 4 8 12 27 11 10 23 18 22 24 26 20 -10 25 17 -7 -9 -1 -13 -3 -20 -4 -8 -6 -14 -5 -2 -12 -26
right_child=1 3 9 5 6 16 7 15 13 -11 28 19 14 -15 -16 -17 -18 -19 21 -21 -22 -23 -24 -25 29 -27 -28 -29 -30 -31
leaf_value=-0.026425106865893985 -0.072772513515952569 -0.021632959403429332 0.039232603864453493 -0.002180441382543352 -0.033845471891809913 -0.018958627914661842 -0.041972278057932716 -0.022610722869233896 0.0068625367707386524 0.060950759171737562 -0.010764918047890282 0.013442974397212587 -0.013391940240590833 0.028741607015431686 -0.02088687336832486 -0.017102881857504929 -0.0055405619172659076 -0.039345483282008389 -0.0048074362656140663 0.0046911038258439751 -0.038934903241532343 0.011489791594263681 0.050433974617249001 -0.053364571219395612 -0.018990376228752538 -0.0050488139550217172 0.0053666712567972058 -0.056335924169436349 0.0070058104614432225 -0.029043040955801177
leaf_weight=428.56573555245996 1306.1141415489838 5157.7655929271132 3826.4619010947645 12623.913620170206 3992.5291460510343 3499.0051383730024 5089.1247562430799 2245.0658218227327 1737.8837740719318 13680.350782103837 1809.3250817842782 14237.015692673624 8160.6748086437583 5722.2064197212458 5740.354991780594 3054.6112797558308 6074.7682869359851 2965.2723813168705 2335.0424706637859 6357.2883625179529 1427.360858688131 2482.55832811445 6341.6158025562763 4126.2369441036135 4292.5831491574645 7458.6921369768679 7030.4407195299864 1810.3981585372239 988.9186826236546 3590.85036791116
leaf_count=1130 14308 23542 12765 46054 22059 19404 41162 14087 3803 44810 7460 48270 33231 17193 29007 18330 28833 23895 4546 22814 8570 5845 20900 40365 20343 27465 25133 16660 3754 20214
internal_value=-3.59895e-12 -0.013151 0.040667 -0.00389076 -0.0335685 0.00263779 -0.0306942 -0.0373833 0.0143857 0.0546695 -0.0227259 0.00574963 -0.0155304 0.0236924 -0.0124928 -0.0265791 -0.0104446 -0.0321347 0.0011514 0.0107413 -0.0253832 0.00360456 0.0462187 -0.0470732 -0.027024 -0.00940786 0.000519191 -0.0632244 -0.00448462 -0.0235693
internal_weight=149593 113038 36554.7 77767.3 35271 49822.4 32154.5 17480.3 12706.3 23848.4 14674.2 40248.7 27944.8 7460.09 21359.7 8264.95 9573.77 5210.34 5246.17 20594.3 6585.13 4817.6 10168.1 9215.36 11876 15619.4 19654.4 3116.51 2798.24 7883.43
internal_count=665952 554960 110992 312323 242637 190508 211669 137839 32517 78475 73830 142271 121815 20996 89703 56312 48237 37982 11521 71084 32112 10391 33665 81527 62616 60696 71187 30968 11214 40557
cat_boundaries=0 1 2
cat_threshold=8203 76666
is_linear=0
shrinkage=0.05


Tree=7
num_leaves=31
num_cat=1
split_feature=11 11 13 0 11 0 13 0 0 0 13 12 0 13 14 13 0 13 13 12 9 13 0 9 9 13 0 13 0 0
split_gain=26695.3 6782.15 3404.05 1881.9 1480.06 1072.38 693.859 705.784 543.945 433.28 314.816 272.363 237.742 342.333 204.113 192.935 189.073 175.043 167.025 162.729 155.537 155.27 152.485 133.589 132.643 128.502 123.497 104.476 104.281 98.2309
threshold=54.631217838765011 20.611577964519142 1.5000000000000002 5.1550000000000011 36.899313501144171 2.5950000000000002 4.5000000000000009 5.2350000000000012 5.0650000000000004 4.8050000000000006 1.5000000000000002 3.5000000000000004 6.1050000000000013 1.5000000000000002 0 1.5000000000000002 5.9850000000000012 4.5000000000000009 1.5000000000000002 3.5000000000000004 31.29043028254247 4.5000000000000009 6.1550000000000011 25.255128605644071 24.608352421465973 5.5000000000000009 5.7950000000000008 5.5000000000000009 6.1950000000000012 3.9950000000000006
decision_type=2 2 2 2 2 2 2 2 2 2 2 2 2 2 1 2 2 2 2 2 2 2 2 2 2 2 2 2 2 2
left_child=1 5 3 14 8 -1 9 27 15 18 -10 -5 13 24 -2 -3 -4 19 -7 -12 -15 29 25 -16 -6 -9 -11 -8 -19 -17
right_child=2 4 16 11 12 6 7 22 10 26 17 -13 -14 20 23 21 -18 28 -20 -21 -22 -23 -24 -25 -26 -27 -28 -29 -30 -31
leaf_value=-0.062773407391814459 0.0088217072556651972 -0.0016339288956244446 -0.0025865425763276326 0.048242471530522309 0.0069742527447918569 0.0020963988537180964 -0.04048810218110277 -0.021068637824892031 0.048395570619193001 -0.012326918870133624 -0.0065439208840581608 0.060064070929112104 0.0083242341379904574 -0.013499343807418247 0.020740108107120674 -0.029018298515806874 0.014584705034670296 -0.020077025073050276 -0.027701028868113597 0.0051745540991998025 -0.0010728295912800958 -0.039789876520212084 -0.016028396114570156 0.035977585119202377 0.02678049735579895 -0.037604960387271527 0.0071785822196961356 -0.051497299143265556 -0.008133920899455676 -0.016752635555590371
leaf_weight=2474.2613651249558 1615.0922342166305 1566.6197409071028 2091.1581057459116 9489.191562589258 3464.7680239975452 493.72321939468384 4828.4862658334896 2099.9386141635478 263.21769374236465 3334.8118059597909 11555.781708844006 10014.243207938969 15046.521111570299 3255.2986949216574 2606.3006111457944 1938.9060597345233 6869.0192559510469 2982.2324124705046 9907.3460988644511 3983.859751239419 11119.651233041659 938.84452685900033 3067.5078337565064 3210.0356271192431 1118.1102010458708 2666.7486285120249 1072.4595024362206 3892.0140623338521 4721.2165836803615 10323.186636805534
leaf_count=26820 3674 3921 7945 34959 8875 1191 42329 13811 974 15338 46354 34931 55418 13965 7254 9938 24189 18129 56682 15032 42206 7380 19248 10649 3641 23253 4203 41672 24340 47631
internal_value=6.46297e-12 -0.0126083 0.0372735 0.0461543 -0.00395941 -0.0310827 -0.0285825 -0.0356163 -0.0107035 -0.0207193 -0.00597896 0.0543124 0.00363144 -9.31632e-05 0.0247436 -0.0182238 0.0105772 -0.00659472 -0.0262866 -0.00353968 -0.00388689 -0.0201926 -0.0247241 0.0290996 0.0118065 -0.03032 -0.00758048 -0.0454016 -0.0127574 -0.0186921
internal_weight=142011 106116 35895 26934.9 72278.2 33837.3 31363 16554.7 38273.9 14808.3 23506.3 19503.4 34004.3 18957.8 7431.43 14767.6 8960.18 23243.1 10401.1 15539.6 14374.9 13200.9 7834.2 5816.34 4582.88 4766.69 4407.27 8720.5 7703.45 12262.1
internal_count=665952 542351 123601 91467 297804 244547 217727 140313 173699 77414 104829 69890 124105 68687 21577 68870 32134 103855 57873 61386 56171 64949 56312 17903 12516 37064 19541 84001 42469 57569
cat_boundaries=0 1
cat_threshold=8203
is_linear=0
shrinkage=0.05


Tree=8
num_leaves=31
num_cat=1
split_feature=11 11 13 0 11 0 13 0 0 12 0 13 12 14 13 13 0 0 13 12 13 0 0 9 13 9 0 13 13 4
split_gain=22451.7 5501.27 3335.99 1941.58 1246.64 891.96 540.615 582.912 497.577 364.14 283.357 274.903 265.544 195.272 189.413 185.188 168.026 157.459 153.84 140.139 128.558 126.497 120.502 116.851 111.499 106.646 96.309 93.375 92.6419 91.6368
threshold=52.679425837320572 19.399641577060937 1.5000000000000002 5.1050000000000013 35.574387947269308 2.5950000000000002 4.5000000000000009 5.2350000000000012 5.0650000000000004 2.5000000000000004 5.955000000000001 1.5000000000000002 3.5000000000000004 0 3.5000000000000004 1.5000000000000002 6.0150000000000006 5.1950000000000012 4.5000000000000009 3.5000000000000004 1.5000000000000002 6.1150000000000011 3.8750000000000004 21.627137341423062 5.5000000000000009 26.272848122299774 3.9050000000000007 1.5000000000000002 2.5000000000000004 35.82500000000001
decision_type=2 2 2 2 2 2 2 2 2 2 2 2 2 1 2 2 2 2 2 2 2 2 2 2 2 2 2 2 2 2
left_child=1 5 3 13 8 -1 9 -8 14 20 -5 -10 15 -2 27 23 -4 -17 19 29 -7 24 -22 -6 -9 -15 -16 -3 -14 -13
right_child=2 4 16 10 12 6 7 21 11 -11 -12 18 28 25 26 17 -18 -19 -20 -21 22 -23 -24 -25 -26 -27 -28 -29 -30 -31
leaf_value=-0.060860008513288537 0.0078665823452293959 -0.0031281323128853852 -0.00099221012731026919 0.044031323522138163 0.0018455687586211328 0.0022394416571808544 -0.043770474232564222 -0.019725343008397539 0.04644851771291602 0.0011479524277002 0.056767756870390235 -0.010026380060998067 0.014951360706310752 0.020213396004007469 -0.048820264242716654 -0.011329876711506599 0.013593725463908655 -0.00048321597777658171 -0.012440311439888767 0.0051637807354503011 -0.033709205945217958 -0.015315196632611003 -0.021569477869311141 0.019536096980184853 -0.036509143971953033 0.034459662173171049 -0.024741624891436657 -0.016619452809893669 0.0053682362468126807 -0.00019487668564748483
leaf_weight=2240.614262918476 1971.6263479180634 1481.0069623552263 2619.9163229987025 7068.3165764510632 2467.9115598574281 455.04409370571375 7882.4444850492291 1731.1435130946338 244.51871407032013 1700.2879908122122 11426.462878007442 6715.7670428715646 3502.5347131416202 2993.7836190983653 474.32544944994152 4620.2174782045186 8014.3901384100318 12131.389147069305 7872.5150815900415 3381.339505828917 2823.9196478966624 2683.424008788541 7403.1670498494059 1501.2957247644663 2309.8592160511762 2340.7760326489806 3336.1529750041664 9569.0994746182114 9007.8589310906827 3662.7798931598663
leaf_count=26708 4728 3743 10212 27485 6081 1144 82090 11802 971 7282 44021 28405 12173 8939 3571 20609 29054 47305 46289 13172 18137 17749 41727 4828 21687 8241 20914 45927 35794 15164
internal_value=-1.2135e-11 -0.0123287 0.0335662 0.0432793 -0.00471828 -0.0305462 -0.0280295 -0.034545 -0.0110658 -0.0203437 0.0519002 -0.00626995 0.00229903 0.0214565 -0.0181261 -0.00117391 0.0100003 -0.00347481 -0.00686584 -0.00367649 -0.0237645 -0.0237307 -0.0249215 0.00853676 -0.0293191 0.0264151 -0.0277389 -0.0148113 0.00805122 -0.00655666
internal_weight=135634 99198.6 36435.3 25801 69968.7 29229.9 26989.3 14606.9 36737.5 12382.4 18494.8 21876.9 33231.2 7306.19 14860.6 20720.8 10634.3 16751.6 21632.4 13759.9 10682.1 6724.43 10227.1 3969.21 4041 5334.56 3810.48 11050.1 12510.4 10378.5
internal_count=665952 533272 132680 93414 304946 228326 201618 133328 178156 68290 71506 104001 126790 21908 74155 78823 39266 67914 103030 56741 61008 51238 59864 10909 33489 17180 24485 49670 47967 43569
cat_boundaries=0 1
cat_threshold=8715
is_linear=0
shrinkage=0.05


Tree=9
num_leaves=31
num_cat=4
split_feature=11 11 13 0 0 13 0 13 13 0 0 0 0 13 13 1 1 12 13 13 0 13 13 14 9 14 14 14 13 2
split_gain=19063.6 5065.48 2588.79 1665.86 1161.59 931.195 668.919 546.75 423.244 323.886 300.474 270.383 265.658 263.63 206.524 192.954 160.8 150.586 146.064 144.357 135.777 127.596 115.677 105.501 103.323 94.8386 88.9084 81.456 75.3153 74.1297
threshold=54.631217838765011 26.975051975051979 1.5000000000000002 5.4150000000000009 4.5050000000000008 4.5000000000000009 5.955000000000001 5.5000000000000009 1.5000000000000002 4.9250000000000007 5.8350000000000009 4.6450000000000005 6.0750000000000011 3.5000000000000004 3.5000000000000004 25.500000000000004 37.870000000000012 3.5000000000000004 1.5000000000000002 3.5000000000000004 2.4250000000000003 3.5000000000000004 4.5000000000000009 0 16.51580930537353 1 2 3 1.5000000000000002 3.8350000000000004
decision_type=2 2 2 2 2 2 2 2 2 2 2 2 2 2 2 2 2 2 2 2 2 2 2 1 2 1 1 1 2 2
left_child=1 4 3 11 5 19 8 10 15 22 14 23 -9 18 28 24 -4 -5 -8 29 -7 -11 -10 -2 -3 -13 -26 -15 -6 -1
right_child=2 6 16 17 7 20 13 12 9 21 -12 25 -14 27 -16 -17 -18 -19 -20 -21 -22 -23 -24 -25 26 -27 -28 -29 -30 -31
leaf_value=-0.026935369852486613 -0.000391007555961489 -0.0092226466944232473 -0.0082891230461464311 0.046194085573600441 0.025539213429438313 -0.064586344401886139 0.054834678934438143 -0.03721567497059234 -0.015418729031628324 -0.0021009388269740089 -0.0015869149306902194 0.017337313343383943 -0.018025962422254696 -0.0053792236642390395 -0.020813129770561586 0.023552080120113353 0.012356354743476912 0.056288300965920607 0.0097195509367199433 -0.033912776648867285 -0.046239501768916801 -0.011653345926141387 -0.042813116189793637 0.019012423523621747 -0.0046197065936015988 0.035198437037490302 0.013423047973502114 0.0033627769298294544 -0.0091989392572539002 -0.017142302329701462
leaf_weight=3710.8383206594735 971.06683287769556 1467.7993354648352 1080.8751640915871 6492.9250577762723 161.30438843369484 1308.8468476347625 182.03427516669035 4077.3217601627111 7560.0093393418938 12953.201278883964 4654.5187451131642 996.38579839095473 3234.0859005004168 4506.6919203363359 8915.7921852730215 1297.0772268362343 7401.4509537741542 8573.0602110512555 12426.648497395217 3636.3404527259991 4393.3626651074737 4788.056235358119 406.05410802923143 2566.5218218639493 1059.0864490792155 4043.9176677204669 1902.6026334650815 6488.5721622593701 4772.2797674518079 4032.047595191747
leaf_count=20523 2245 3494 4620 27675 458 19164 735 43251 37141 52627 24794 3010 21939 21001 60523 4503 27514 34810 46518 27673 49547 24162 3602 8238 2699 15489 5396 28915 22533 21153
internal_value=1.00451e-11 -0.0109638 0.0334224 0.0419237 -0.0238442 -0.0339591 -0.000924724 -0.0171515 -0.00570133 -0.00843966 -0.0125775 0.0243349 -0.0287274 0.00543639 -0.0162712 0.00659138 0.00972557 0.051938 0.0103709 -0.025695 -0.0504507 -0.00467897 -0.0168151 0.0137388 0.00162481 0.0317718 0.00700077 -0.000222191 -0.00806317 -0.0218357
internal_weight=130061 97934.6 32126.2 23643.9 42896.7 17081.4 55037.8 25815.3 31433.9 25707.3 18503.9 8577.89 7311.41 23603.9 13849.4 5726.57 8482.33 15066 12608.7 11379.2 5702.21 17741.3 7966.06 3537.59 4429.49 5040.3 2961.69 10995.3 4933.58 7742.89
internal_count=665952 542351 123601 91467 311558 138060 230793 173498 133624 117532 108308 28982 65190 97169 83514 16092 32134 62485 47253 69349 68711 76789 40743 10483 11589 18499 8095 49916 22991 41676
cat_boundaries=0 1 2 3 4
cat_threshold=9227 8203 1058379 11426320
is_linear=0
shrinkage=0.05


Tree=10
num_leaves=31
num_cat=1
split_feature=11 11 13 0 0 11 13 13 2 12 12 14 13 0 0 12 0 0 13 1 13 4 9 13 0 11 12 13 13 9
split_gain=16304.5 5199.21 1597.23 1082.46 1062.64 811 807.969 461.02 394.315 272.748 251.845 176.349 161.075 141.4 140.355 132.762 127.529 124.04 173.872 117.957 107.543 103.782 99.5015 92.4917 90.8862 79.4689 77.6555 76.9434 73.3527 70.4417
threshold=60.172413793103452 26.975051975051979 1.5000000000000002 5.4150000000000009 4.5050000000000008 42.462121212121218 4.5000000000000009 5.5000000000000009 5.7750000000000012 3.5000000000000004 3.5000000000000004 0 3.5000000000000004 2.5950000000000002 6.0150000000000006 3.5000000000000004 2.4250000000000003 6.4850000000000012 2.5000000000000004 6.2750000000000012 1.5000000000000002 39.82500000000001 32.271821803694316 3.5000000000000004 4.6450000000000005 49.576271186440685 2.5000000000000004 4.5000000000000009 1.5000000000000002 40.207987888400261
decision_type=2 2 2 2 2 2 2 2 2 2 2 1 2 2 2 2 2 2 2 2 2 2 2 2 2 2 2 2 2 2
left_child=1 4 3 11 6 8 13 9 19 12 -9 -2 28 -1 -4 -5 -8 18 25 -3 -10 26 -14 -15 -13 -7 27 -21 -6 -20
right_child=2 5 14 15 7 17 16 10 20 -11 -12 24 22 23 -16 -17 -18 -19 29 21 -22 -23 -24 -25 -26 -27 -28 -29 -30 -31
leaf_value=-0.046756290290934893 0.0091069827329947253 -0.046917499533764284 -0.0071059502312407832 0.044646796542413839 0.026018453145958898 0.0028793398738963492 -0.062895131551759187 -0.034309893946751824 0.039850596605824046 0.0026450168736101595 -0.014523094109463786 0.020441432147217678 -0.022938931032399315 -0.020172303045766969 0.014046481385987009 0.05454210715110186 -0.044367262487246567 0.012046169694486937 -0.0099431020658105329 -0.01218564625120047 0.0013895576672534689 -0.0013374581096530298 -0.013026297316917193 -0.030582658436313359 0.034680698704812739 0.011250931802790281 -0.0057443303861408933 -0.03309279686479373 -0.0082996626008553492 0.0016401373898157663
leaf_weight=684.56452324520797 1354.8829495310783 204.83421065285802 1029.475261034444 5912.3241821955889 160.81581845134497 4535.0430865623057 1199.8121706284583 4389.6900499165058 184.2641786634922 2740.2059906888753 2537.8649301137775 1713.5649545229971 5219.1437006033957 7144.8960802815855 3292.1126674190164 7944.2157430779189 4110.8859727550298 8512.4151683934033 2029.4378012046218 9818.0763549059629 13334.05987857841 3780.7334777899086 4916.2304856637493 3041.9834134373814 3238.5991518609226 7561.1788396090269 5460.4113797154278 460.72073224000633 4901.7372396364808 3715.5439258925617
leaf_count=6458 3754 1269 4401 26862 486 16582 19164 46553 700 14900 18637 5812 38377 39231 12376 34615 49547 33456 9338 44072 60284 17116 31010 23660 13173 26696 24947 3716 23535 15225
internal_value=-4.99632e-12 -0.00890224 0.036592 0.0425041 -0.0225956 0.00052918 -0.032568 -0.0161057 -0.00466406 -0.0118748 -0.0270611 0.0253327 -0.0144928 -0.0247592 0.00900761 0.05032 -0.0485531 0.00708006 0.00471063 -0.00917219 0.00191381 -0.00877611 -0.0181307 -0.023281 0.0296936 0.0081123 -0.010563 -0.0131228 -0.00720952 -0.00245169
internal_weight=125130 100645 24485.2 20163.6 41047.8 59596.7 16182.1 24865.7 33243.1 17938.1 6927.55 6307.05 15197.9 10871.4 4321.59 13856.5 5310.7 26353.6 17841.2 19724.8 13518.3 19519.9 10135.4 10186.9 4952.16 12096.2 15739.2 10278.8 5062.55 5744.98
internal_count=665952 564959 100993 84216 311558 253401 138060 173498 152104 108308 65190 22739 93408 69349 16777 61477 68711 101297 67841 91120 60984 89851 69387 62891 18985 43278 72735 47788 24021 24563
cat_boundaries=0 1
cat_threshold=8203
is_linear=0
shrinkage=0.05


Tree=11
num_leaves=31
num_cat=2
split_feature=11 11 13 0 0 11 13 12 13 0 0 13 0 13 0 14 13 2 12 12 13 9 13 14 0 2 0 0 0 13
split_gain=14047.5 4541.06 1420.99 1013.98 978.048 698.499 450.544 409.443 392.012 341.087 334.056 188.316 164.821 180 213.28 161.579 136.699 133.873 126.706 118.676 117.583 106.248 96.0852 91.8585 89.5141 85.9727 83.5637 83.1841 78.4657 74.0823
threshold=60.172413793103452 26.975051975051979 1.5000000000000002 5.4150000000000009 3.9950000000000006 40.582770270270281 5.5000000000000009 2.5000000000000004 4.5000000000000009 5.4150000000000009 5.6950000000000012 3.5000000000000004 6.1950000000000012 1.5000000000000002 4.6450000000000005 0 1.5000000000000002 5.3250000000000011 3.5000000000000004 2.5000000000000004 3.5000000000000004 25.04545454545455 3.5000000000000004 1 6.3450000000000006 6.6550000000000011 4.6450000000000005 3.9050000000000007 2.5950000000000002 4.5000000000000009
decision_type=2 2 2 2 2 2 2 2 2 2 2 2 2 2 2 1 2 2 2 2 2 2 2 1 2 2 2 2 2 2
left_child=1 4 3 15 8 9 7 11 28 20 -8 -6 13 14 23 -2 -11 -4 -5 -15 -3 -13 -9 -7 -24 29 -17 -22 -1 -18
right_child=2 5 17 18 6 12 10 22 -10 16 -12 21 -14 19 -16 26 25 -19 -20 -21 27 -23 24 -25 -26 -27 -28 -29 -30 -31
leaf_value=-0.045027644425809525 0.0082159664277087468 -0.0085998249699019563 -0.007648501083399796 0.042928282120707685 -0.01268362719467828 -0.0091744819025808607 -0.039509072124614221 0.0059748040887048709 -0.051432115443773643 0.044585268710456455 -0.0182397882309163 -0.030013815484586665 0.010323961579035257 -0.0082928531434435133 0.023564807410077351 0.019142979387466071 -0.00074761312717591124 0.013554844288327948 0.052912187067485045 0.0027633169890590383 -0.050866859133032828 -0.018828221422409964 -0.011299031039204576 0.0079756781313589358 0.0022889312981186349 0.0054089945244550179 0.033105821866628415 -0.017885974332963135 -0.026364295616299729 -0.010485260856069678
leaf_weight=641.07596333231777 1328.8633284457028 10402.405396545306 964.00994614511728 5558.6596039291471 7346.1751890331507 1087.692887082696 3453.3968078596517 1688.9680319614708 2933.7073921835981 169.39778891578317 3966.4483780963346 3676.9500929005444 12669.996384710073 3730.9400748573244 1903.2325416840613 1646.9276353940368 9315.951159728691 3268.2369056046009 7419.7072571013123 6945.4106329381466 208.16079433821142 5023.2411772683263 4354.80027173087 2701.8301209360361 1679.5067111030221 4388.4546439908445 3067.0914924368262 2344.4808392990381 4634.3373085036874 2471.3461300805211
leaf_count=6458 3754 46728 4116 26862 38769 2805 44603 7116 42879 776 32626 33390 50843 17179 7239 5812 40240 12661 34615 28725 1888 37312 28014 7991 9786 20408 13173 14359 30605 14220
internal_value=-5.10369e-12 -0.00831008 0.0349285 0.0407588 -0.0214247 0.000546727 -0.0173831 -0.0140256 -0.0367803 -0.00489991 -0.0281391 -0.0185783 0.00604234 0.00272828 0.0099086 0.0238406 -9.71336e-05 0.0087252 0.0486361 -0.00110035 -0.0109595 -0.0235556 -0.00456665 0.00304997 -0.00751714 -0.000565062 0.0281679 -0.0205755 -0.0286323 -0.00278923
internal_weight=120991 97737.9 23253.5 19021.2 39398.6 58339.3 31189.5 23769.6 8209.12 29300.2 7419.85 16046.4 29039.1 16369.1 5692.76 6042.88 16345.1 4232.25 12978.4 10676.4 12955 8700.19 7723.28 3789.52 6034.31 16175.8 4714.02 2552.64 5275.41 11787.3
internal_count=665952 564959 100993 84216 311558 253401 231616 154387 79942 138619 77229 109471 114782 63939 18035 22739 75644 16777 61477 45904 62975 70702 44916 10796 37800 74868 18985 16247 37063 54460
cat_boundaries=0 1 2
cat_threshold=8203 9802
is_linear=0
shrinkage=0.05


Tree=12
num_leaves=31
num_cat=2
split_feature=11 11 13 0 0 13 12 11 13 12 12 13 14 0 2 0 0 0 13 0 9 13 13 1 4 9 13 0 14 13
split_gain=12147.9 3967.35 1259.18 960.043 937.75 775.421 588.83 377.227 339.116 191.349 182.334 179.484 149.306 145.925 144.586 131.327 125.493 123.792 115.375 197.82 104.094 95.3382 93.1168 91.6632 81.5524 77.8274 77.3674 91.102 76.4021 66.385
threshold=60.172413793103452 27.622890682318417 1.5000000000000002 5.4150000000000009 4.7650000000000006 4.5000000000000009 3.5000000000000004 42.163742690058484 5.5000000000000009 3.5000000000000004 3.5000000000000004 3.5000000000000004 0 2.5950000000000002 5.245000000000001 3.6250000000000004 5.9850000000000012 6.3450000000000006 1.5000000000000002 4.5650000000000004 31.29043028254247 3.5000000000000004 1.5000000000000002 8.365000000000002 36.715000000000011 26.607473323620905 1.5000000000000002 4.6050000000000013 1 3.5000000000000004
decision_type=2 2 2 2 2 2 2 2 2 2 2 2 1 2 2 2 2 2 2 2 2 2 2 2 2 2 2 2 1 2
left_child=1 4 3 12 5 15 7 14 9 21 -10 22 -2 -7 23 -1 -4 -5 19 28 -20 -6 -8 -3 -17 -14 -25 -28 -9 -16
right_child=2 6 16 17 8 13 11 18 10 -11 -12 -13 25 -15 29 24 -18 -19 20 -21 -22 -23 -24 26 -26 -27 27 -29 -30 -31
leaf_value=-0.030957684002149932 0.0072683059162284933 -0.040770725902006026 -0.0074401226818158576 0.041967425929438675 -0.0045655281466711588 -0.05930501455142001 0.045933745144613763 -0.0094180569091503307 -0.030077466616620863 0.0031056774063840122 -0.012187332207775623 0.0023259936140413201 0.017922564150530982 -0.039260897860146242 0.00065478095301307773 -0.0215554267577409 0.013253717917329186 0.052043598229599169 -0.013168030127741329 0.021453992466069501 0.002014980421984695 -0.0143158897593018 0.011490065318375715 -0.0003840662448528998 -0.011845363722881518 0.031620835364503712 -0.019286645443186499 -0.0087952465508916167 0.0068468102960486544 -0.0080139259743645507
leaf_weight=2695.637779395096 1309.0399624928832 248.31580110639334 949.51745681464672 6066.8570105060935 3615.6766399815679 1121.3072678623721 199.89395797997713 1062.8380988463759 3466.5218333499506 2852.2745174281299 2417.4387958105654 8196.0608878098428 1617.7923884093761 4773.6848753383383 6079.8808632940054 6950.3212390914559 3207.11602447927 6126.130291974172 1305.8636478967965 2018.7986518442631 8329.5479603111744 8176.6598743200302 10683.78274685517 1756.4216678515077 3138.9818400721997 2887.8586735725403 2877.3381914254278 7367.1942467726767 2199.605596370995 3468.4251505285501
leaf_count=21031 3754 1528 4265 31339 17192 20555 885 2799 39638 15953 19072 39840 5933 63017 26667 45009 12512 30138 6493 7823 35326 56919 42243 4760 19994 13052 16774 36499 6550 18392
internal_value=-2.26622e-12 -0.00777639 0.0333318 0.0390575 -0.0199651 -0.0280712 0.000789039 -0.00291385 -0.0125889 -0.00851545 -0.0227273 0.00791432 0.0223397 -0.0430736 -0.00710647 -0.0211538 0.00852654 0.04703 0.0032128 0.00915239 -4.27357e-05 -0.0113263 0.0121227 -0.0107018 -0.0185344 0.0266432 -0.0100796 -0.0117419 0.00154016 -0.00249413
internal_weight=117167 95002.5 22164.3 18007.7 39208.5 18679.9 55794 36714.2 20528.6 14644.6 5883.96 19079.7 5814.69 5894.99 21797.6 12784.9 4156.63 12193 14916.7 5281.24 9635.41 11792.3 10883.7 12249.3 10089.3 4505.65 12001 10244.5 3262.44 9548.31
internal_count=665952 564959 100993 84216 318380 169606 246579 163611 148774 90064 58710 82968 22739 83572 104620 86034 16777 61477 58991 17172 41819 74111 43128 59561 65003 18985 58033 53273 9349 45059
cat_boundaries=0 1 2
cat_threshold=8203 4204106
is_linear=0
shrinkage=0.05


Tree=13
num_leaves=31
num_cat=2
split_feature=11 11 13 0 0 13 0 13 13 0 0 13 12 0 0 14 0 13 12 2 10 13 14 13 13 2 0 4 0 4
split_gain=10556.1 3500.36 1122.29 902.354 821.894 674.308 587.887 368.204 282.417 236.226 230.283 214.908 165.15 161.781 139.167 132.952 123.405 120.165 119.963 115.419 91.5662 90.7389 87.0678 86.6088 81.923 74.337 72.546 71.4201 69.8233 64.182
threshold=60.172413793103452 26.975051975051979 1.5000000000000002 5.4150000000000009 4.7650000000000006 4.5000000000000009 5.9150000000000009 1.5000000000000002 5.5000000000000009 4.5650000000000004 4.8650000000000011 3.5000000000000004 3.5000000000000004 5.8150000000000004 2.5950000000000002 0 3.3950000000000005 1.5000000000000002 3.5000000000000004 5.3250000000000011 4.5000000000000009 4.5000000000000009 1 4.5000000000000009 1.5000000000000002 6.9650000000000007 4.6450000000000005 36.850000000000009 7.1150000000000011 34.945000000000007
decision_type=2 2 2 2 2 2 2 2 2 2 2 2 2 2 2 1 2 2 2 2 2 2 1 2 2 2 2 2 2 2
left_child=1 4 3 15 5 16 7 9 13 22 20 17 -10 23 -7 -2 -1 -8 -5 -4 -9 27 -3 -6 -18 -19 -17 -12 -13 -26
right_child=2 6 19 18 8 14 11 10 12 -11 21 28 -14 -15 -16 26 24 25 -20 -21 -22 -23 -24 -25 29 -27 -28 -29 -30 -31
leaf_value=-0.032527838035660894 0.006729260831330886 -0.012774150463364307 -0.0072152307507573014 0.039614269702432953 -0.0084835909863232254 -0.057956904099046552 0.046814548072075149 -0.030440612477455182 -0.028760628426088636 0.018878658116796163 -0.0053354043192794494 -0.0010760029848162643 -0.011229803037382233 -0.00032578383319150348 -0.037665041504500868 0.016527825469743171 0.0010327562013892544 0.0075472281112661695 0.049933156938502726 0.012842375618468269 -0.012812412059461343 -0.018633553808738875 0.0031344123450156788 -0.018746346525257095 -0.022641259509563569 0.015850828371703853 0.030074587315613511 0.0019870344548849651 0.0093710041338349159 -0.014370121809383199
leaf_weight=1792.1407524105161 1287.8720686845481 1100.2825848944485 929.00643949210644 4943.6941797323525 6027.7508263979107 1039.2378609515727 220.39196385070682 846.04552622977644 3278.4867534972727 2331.1437283977866 10860.795429835096 8708.1723426822573 2276.1024691667408 4410.9341906998307 4519.6430146032944 1530.9598953574896 519.69839614629745 10831.222257167101 6546.1272344160825 3146.3005563504994 5696.9073412958533 998.8387397620827 3806.8335639871657 3119.7667143614963 5875.6069912891835 3588.2636330574751 2788.0933286622167 4802.545208428055 1959.2461041435599 3903.7267390117049
leaf_count=15383 3754 2915 4116 26862 32794 20554 1086 6002 39468 9149 50886 43074 18624 25509 62905 5812 1317 44487 34615 12661 31834 7047 10928 27569 40934 14130 13173 21907 9956 26501
internal_value=1.65746e-12 -0.00728865 0.0318486 0.037469 -0.0192655 -0.0270452 0.000609117 -0.0040722 -0.0120813 0.00577342 -0.00714329 0.0062405 -0.021577 -0.00819107 -0.0414586 0.0210254 -0.0204187 0.0101736 0.0454933 0.00827005 -0.0150919 -0.00402203 -0.000452279 -0.0119837 -0.0183116 0.00961356 0.0252143 -0.00309027 0.000842761 -0.0193396
internal_weight=113686 92513.8 21172.1 17096.7 36763.1 17650.1 55750.7 30443.4 19113 7238.26 23205.1 25307.3 5554.59 13558.5 5558.88 5606.93 12091.2 14639.9 11489.8 4075.31 6542.95 16662.2 4907.12 9147.52 10299 14419.5 4319.05 15663.3 10667.4 9779.33
internal_count=665952 564959 100993 84216 311558 167594 253401 140668 143964 22992 117676 112733 58092 85872 83459 22739 84135 59703 61477 16777 37836 79840 13843 60363 68752 58617 18985 72793 53030 67435
cat_boundaries=0 1 2
cat_threshold=8203 9794
is_linear=0
shrinkage=0.05


Tree=14
num_leaves=31
num_cat=1
split_feature=11 11 13 0 0 12 13 11 13 0 0 13 0 2 0 0 0 0 13 14 13 13 13 0 13 3 1 13 12 9
split_gain=9204.14 3112.81 995.312 852.583 747.366 579.302 547.697 313.335 257.951 181.842 181.557 149.856 123.508 117.682 117.467 117.279 115.034 107.721 103.378 93.2285 92.813 81.8382 75.537 73.0233 105.16 68.8204 66.4605 65.1944 65.0595 63.9538
threshold=60.172413793103452 26.975051975051979 1.5000000000000002 5.4150000000000009 4.5850000000000009 3.5000000000000004 4.5000000000000009 39.173060528559255 5.5000000000000009 5.6450000000000005 5.9850000000000012 4.5000000000000009 4.9050000000000011 5.1850000000000014 6.3450000000000006 6.535000000000001 2.0850000000000004 2.5950000000000002 3.5000000000000004 0 2.5000000000000004 1.5000000000000002 1.5000000000000002 4.3250000000000011 1.5000000000000002 49.20000000000001 9.2450000000000028 1.5000000000000002 2.5000000000000004 20.037878787878793
decision_type=2 2 2 2 2 2 2 2 2 2 2 2 2 2 2 2 2 2 2 1 2 2 2 2 2 2 2 2 2 2
left_child=1 4 3 12 6 7 17 13 9 18 -10 21 19 26 -5 -4 -8 -1 -6 -2 23 -7 -19 -9 -25 -22 -3 -15 -26 -24
right_child=2 5 15 14 8 11 16 20 10 -11 -12 -13 -14 27 -16 -17 -18 22 -20 -21 25 -23 29 24 28 -27 -28 -29 -30 -31
leaf_value=-0.041692382511014231 0.0011118210051531141 -0.037310283823438449 -0.0015068533185187438 0.038814032445721965 -0.0062605290227518472 0.043571038994807937 -0.059349314179548973 -0.002751038953226783 -0.030390287336409545 -0.0015686835153654551 -0.012477814261907538 -0.0015082058656734534 0.028283422767672223 0.023886905351213988 0.049217816441587958 0.015733576277664793 -0.037912595858289926 -0.0028739848044024236 -0.016926818883192193 0.019485303258667066 -0.0058040410906202815 0.0095955477269402765 -0.024148727898984451 0.014169778762995683 -0.0040171688047876226 0.0086910373237911523 -0.010658779762679468 -0.0039461056195341012 0.0066573535461896469 -0.015622109554705825
leaf_weight=569.52698398940265 1073.5936815328896 239.65856545604765 1772.8184690885246 5419.3483244329691 3612.8637776747346 179.37822670117021 750.5908838477917 2859.3258075416088 2810.7555671650916 5463.1219724584371 2848.0050995480269 3482.9444366507232 2376.88258869946 216.10412691533566 5433.263926403597 2223.7779130004346 3764.8703885953873 651.4814091026783 6119.2478580558673 1971.1388692185283 4989.8241173289716 14877.069425623864 5147.2484927717596 2947.6663752682507 2279.3536443635821 979.6385904327035 9762.2027514632791 7960.0448468606919 3819.1228440105915 3839.5864860350266
leaf_count=6458 2981 1604 7801 31339 19049 885 16169 8679 38741 32769 24300 19676 11598 741 30138 8976 57023 1752 49284 8160 24063 63933 38952 11207 10729 4302 50935 40473 16174 27061
internal_value=-1.44456e-12 -0.00684389 0.0304433 0.0359338 -0.0183518 0.000655689 -0.0269764 -0.00303777 -0.0122626 -0.00886908 -0.0213751 0.00783825 0.0197421 -0.00766003 0.0440226 0.00808603 -0.041476 -0.0205625 -0.0129672 0.0130743 0.00166285 0.0100003 -0.019314 0.00421406 0.00641561 -0.00342528 -0.0112974 -0.00321045 0.00266767 -0.0205058
internal_weight=110440 90169.6 20270.8 16274.2 35577.3 54592.3 14723.3 36052.9 20854 15195.2 5658.76 18539.4 5421.62 18178 10852.6 3996.6 4515.46 10207.8 9732.11 3044.73 17874.9 15056.4 9638.32 11905.5 9046.14 5969.46 10001.9 8176.15 6098.48 8986.83
internal_count=665952 564959 100993 84216 311558 253401 147415 168907 164143 101102 63041 84494 22739 93753 61477 16777 73192 74223 68333 11141 75154 64818 67765 46789 38110 28365 52539 41214 26903 66013
cat_boundaries=0 1
cat_threshold=8747
is_linear=0
shrinkage=0.05


Tree=15
num_leaves=31
num_cat=2
split_feature=11 11 13 0 0 13 0 13 13 0 9 13 0 12 0 12 0 0 13 9 0 13 0 14 13 13 13 14 13 4
split_gain=8036.02 2761.64 887.54 805.943 707.421 556.478 523.321 243.546 221.944 186.805 167.485 144.086 131.281 127.786 114.955 114.704 114.613 113.713 111.7 127.129 106.745 99.1815 83.625 83.2635 78.975 78.928 74.7313 74.2613 68.143 64.8879
threshold=60.172413793103452 27.622890682318417 1.5000000000000002 5.4150000000000009 4.785000000000001 4.5000000000000009 6.1950000000000012 2.5000000000000004 4.5000000000000009 6.1150000000000011 35.39422371520137 3.5000000000000004 2.7550000000000003 2.5000000000000004 5.8450000000000006 3.5000000000000004 3.0250000000000004 4.9050000000000011 1.5000000000000002 22.920783926218711 6.2750000000000012 1.5000000000000002 4.1450000000000005 0 1.5000000000000002 1.5000000000000002 5.5000000000000009 1 4.5000000000000009 37.405000000000008
decision_type=2 2 2 2 2 2 2 2 2 2 2 2 2 2 2 2 2 2 2 2 2 2 2 1 2 2 2 1 2 2
left_child=1 4 3 17 5 16 7 13 14 26 22 24 -7 18 -6 -5 -1 23 19 27 -4 -15 -9 -2 -8 -18 -10 -3 -12 -27
right_child=2 6 20 15 8 12 11 10 9 -11 28 -13 -14 21 -16 -17 25 -19 -20 -21 -22 -23 -24 -25 -26 29 -28 -29 -30 -31
leaf_value=-0.035121967513260889 0.00075323869401765003 -0.0099988341671486888 -0.0039491077381238774 0.036554958929084988 -0.0074562077092254018 -0.05479295378304723 0.049474736593320169 -0.02967962932747574 -0.015987073600597583 -0.0071012343889180667 -0.0011349423816693464 0.0025732187713716752 -0.034420506574518651 0.028399170994335882 0.0066619450566974686 0.047221778307822725 -0.00011166768508379323 0.026931107869614869 -0.0066728706798368786 0.012626388824711371 0.013612077043625876 0.005290311931282432 -0.011404991770491386 0.018274735229869079 0.010916586546896999 -0.020701681290310553 -0.026938946424149381 0.0032707144870052262 -0.014399511808506413 -0.011906821689214293
leaf_weight=963.91958963219076 1061.4603756628931 1769.5447917506099 1282.8230805397034 4439.380199002102 6040.0314507074654 977.70783508522436 134.50201422721148 696.4822944374755 3756.4731983393431 4343.6962044825777 7613.5831253156066 8168.593305805698 4136.1386625631712 511.42098566144705 1893.9329915270209 5830.0301677305251 640.84663681685925 2275.3060112223029 5925.8103902265429 2190.9242436774075 2658.8686283007264 5041.0939600355923 6186.4925644751638 1908.2833494134247 10492.727622784674 7363.4193349787965 2661.050318912603 2580.4603401906788 1109.290528036654 2932.4416529480368
leaf_count=10077 2981 4937 5894 26862 34170 21838 701 5308 33228 33353 36547 41905 62928 2404 8983 34615 1697 11598 30294 8564 10883 21956 35237 8160 43690 54444 36736 7386 7650 20926
internal_value=-1.52849e-11 -0.00642061 0.0290835 0.0344663 -0.0171444 -0.0245213 0.000884567 -0.00285052 -0.0104308 -0.0151086 -0.00742302 0.00756651 -0.0383155 0.00110956 -0.00408603 0.0426106 -0.0185938 0.0185203 -0.00170048 0.0028043 0.00789679 0.00741878 -0.0132542 0.0120762 0.0114046 -0.017137 -0.0205283 -0.00214269 -0.0028218 -0.0181968
internal_weight=107587 88130.6 19456.2 15514.5 35709.7 17014.5 52420.9 33625.1 18695.2 10761.2 15605.8 18795.8 5113.85 18019.3 7933.96 10269.4 11900.6 5245.05 12466.7 6540.93 3941.69 5552.51 6882.97 2969.74 10627.2 10936.7 6417.52 4350.01 8722.87 10295.9
internal_count=665952 564959 100993 84216 318380 171910 246579 160283 146470 103317 84742 86296 84766 75541 43153 61477 87144 22739 51181 20887 16777 24360 40545 11141 44391 77067 69964 12323 44197 75370
cat_boundaries=0 1 2
cat_threshold=8747 5320290
is_linear=0
shrinkage=0.05


Tree=16
num_leaves=31
num_cat=1
split_feature=11 11 13 0 0 0 12 13 11 13 13 4 0 0 13 9 0 2 0 13 0 13 0 14 4 4 13 9 13 13
split_gain=7061.03 2469.19 780.965 756.782 596.188 563.508 343.244 297.139 241.443 206.63 135.373 122.073 112.455 104.137 102.939 105.056 101.227 96.448 79.2542 77.9222 77.9174 83.5886 74.3988 72.8906 70.6913 55.6877 52.4498 52.4006 62.1919 51.6087
threshold=60.172413793103452 24.190177638453502 1.5000000000000002 5.4150000000000009 5.955000000000001 3.0250000000000004 2.5000000000000004 5.5000000000000009 42.163742690058484 4.5000000000000009 3.5000000000000004 34.725000000000001 6.4450000000000012 4.9050000000000011 3.5000000000000004 24.10890739695088 6.9150000000000009 5.3250000000000011 4.8450000000000006 1.5000000000000002 6.5250000000000012 5.5000000000000009 1.7350000000000001 0 40.040000000000006 41.475000000000001 3.5000000000000004 25.932887774993041 1.5000000000000002 3.5000000000000004
decision_type=2 2 2 2 2 2 2 2 2 2 2 2 2 2 2 2 2 2 2 2 2 2 2 1 2 2 2 2 2 2
left_child=1 5 3 13 8 22 7 14 11 16 -8 18 -5 23 27 -16 19 -4 29 -6 21 -12 -1 -2 -21 -10 -20 28 -7 -3
right_child=2 4 17 12 9 6 10 -9 25 -11 20 -13 -14 -15 15 -17 -18 -19 26 24 -22 -23 -24 -25 -26 -27 -28 -29 -30 -31
leaf_value=-0.058250509336805617 0.00057492861036811862 -0.013427082970375299 -0.0066833382612616274 0.036419373641878798 0.042427845643494971 0.0023518964458525233 0.0086185099156873956 -0.035577772610244078 4.2348841446024506e-05 -0.0032390050779303355 -0.0081306405425660977 -0.0030646375973420042 0.047227489850824519 0.025669090425972391 -0.027041858558402101 -0.015731608063554014 0.014839059669005117 0.012134844248836608 -0.0045194100991800537 0.0041593961333437788 -0.0013255354863394989 -0.020407459552761589 -0.03731610495872683 0.017131961229680252 0.012805090851039197 0.010002702117357154 -0.013093435619109223 -0.0040464517944206529 -0.016606413888075305 -0.027554524910133937
leaf_weight=632.31285682274029 1046.1996369212866 4225.385160362348 881.84877161681652 5409.675005780533 147.06862399354577 470.30331428721547 1076.8481448441744 2644.6925498461351 9516.5484218224883 5006.6174499001354 3356.8885341342539 8995.4243706408888 4335.4824789837003 2186.4172166455537 4014.6613400168717 4202.1352388355881 4382.2394416816533 2987.9199057891965 5087.2186456564814 12055.88069694303 1820.9617027733475 2362.0931824389845 1290.7841763980687 1851.4053849279881 2941.1092512793839 1646.0175072066486 2746.7194592664018 1316.1196717899293 5394.3492235923186 763.2174220206216
leaf_count=14385 2981 21783 4116 34800 851 1267 4998 44393 40618 30112 24655 48654 26677 11598 46021 37818 19329 12661 25130 54525 14519 28372 19467 8160 12912 6736 17352 7555 36931 6576
internal_value=3.32182e-12 -0.00604857 0.0278494 0.0330693 -7.93202e-05 -0.01806 -0.0161744 -0.0200952 -0.00446991 0.00582312 -0.00796479 -0.00752992 0.0412278 0.0174311 -0.0174359 -0.0212577 0.00814668 0.00784653 -0.0106625 0.0062101 -0.0103332 -0.0132013 -0.0441993 0.011215 0.00585493 0.00151109 -0.00752562 -0.0130627 -0.0150861 -0.0155885
internal_weight=104795 86095.6 18698.9 14829.2 57513.4 28582.1 26659.1 18042.3 32980.5 24532.9 8616.79 21818 9745.16 5084.02 15397.6 8216.8 19526.3 3869.77 12822.5 15144.1 7539.94 5718.98 1923.1 2897.61 14997 11162.6 7833.94 7180.77 5864.65 4988.6
internal_count=665952 564959 100993 84216 284578 280381 246529 173985 166849 117729 72544 119495 61477 22739 129592 83839 87617 16777 70841 68288 67546 53027 33852 11141 67437 47354 42482 45753 38198 28359
cat_boundaries=0 1
cat_threshold=8747
is_linear=0
shrinkage=0.05


Tree=17
num_leaves=31
num_cat=1
split_feature=11 11 13 9 0 12 13 11 13 0 0 0 0 12 13 0 0 4 0 13 14 13 13 13 13 13 9 13 13 10
split_gain=6207.26 2214.91 699.527 715.615 617.435 498.747 497.181 195.399 164.666 140.052 129.237 114.96 110.143 103.86 98.0039 97.4766 94.3452 80.1876 67.1244 66.5422 63.8712 60.9003 55.9973 55.1439 54.5416 54.277 61.8546 54.4625 54.1488 53.1491
threshold=60.172413793103452 27.622890682318417 1.5000000000000002 35.568740053968043 5.0250000000000012 3.5000000000000004 4.5000000000000009 39.173060528559255 4.5000000000000009 2.8950000000000005 6.5150000000000006 3.8750000000000004 4.9050000000000011 3.5000000000000004 3.5000000000000004 5.9850000000000012 5.0650000000000004 38.685000000000009 6.2650000000000006 4.5000000000000009 0 5.5000000000000009 5.5000000000000009 1.5000000000000002 2.5000000000000004 2.5000000000000004 21.627137341423062 1.5000000000000002 1.5000000000000002 6.5000000000000009
decision_type=2 2 2 2 2 2 2 2 2 2 2 2 2 2 2 2 2 2 2 2 1 2 2 2 2 2 2 2 2 2
left_child=1 4 3 12 6 7 11 16 18 -8 22 24 20 -5 28 -4 19 25 -6 -3 -2 -11 -10 -13 -1 26 -9 -28 -7 -27
right_child=2 5 15 13 8 14 9 17 10 21 -12 23 -14 -15 -16 -17 -18 -19 -20 -21 -22 -23 -24 -25 -26 29 27 -29 -30 -31
leaf_value=-0.016440270792296052 -0.00029521400575595417 -0.0099268952977515819 -0.0071374266494692272 0.034003206873741518 -0.0037789095910640983 0.040138946529483417 -0.051843600908060998 -0.005816604966413768 -0.011569046015481747 -0.025887374546668108 -0.0019053982524729716 0.0056732126344492184 0.024633052915925199 0.044771087644338195 0.0034179749254636725 0.011955926134218794 -0.0032780651408613895 0.007307022118521616 0.011081073499162696 -0.03368608434191208 0.01562308109445939 -0.037473443910609708 -0.020584669595205368 -0.014208065051601444 -0.02904201551669764 -0.020756065964866535 0.010593206269913754 0.00078960115954809524 0.010549275173527151 -0.0033945958635240221
leaf_weight=1436.4503042269498 996.08127444237471 6668.6795456595719 864.10589455813169 3944.0324780009687 4911.8445148542523 157.0810839086771 928.676034176955 2193.4867735877633 3847.2842892827466 2791.1971821142361 2286.6032600477338 362.63461544364691 2351.681797767058 5181.2411928325891 7379.3197391331196 2952.3939314857125 9262.1163117326796 3965.892419969663 899.04535998031497 308.32090516481549 1732.2973820604384 1910.5319432551041 3118.3135645631701 9127.4893499715254 2134.540654392913 498.40175276249647 2069.5459675490856 4490.5880985371768 9844.3516664765775 3815.6806671358645
leaf_count=9404 2866 35893 4265 25657 27357 885 23042 6547 32268 39481 18244 959 13663 34208 39840 12512 49112 17226 4372 3452 7822 35435 39613 66483 21722 2847 8453 21143 42243 18938
internal_value=-2.65288e-12 -0.0056874 0.0266378 0.0317438 -0.0156093 0.000924369 -0.0216799 -0.00266151 -0.00807635 -0.0341 -0.0122193 -0.0163258 0.016703 0.0401171 0.00778897 0.00763294 -0.00658578 0.00107972 -0.00147981 -0.0109768 0.00986778 -0.0305953 -0.0156051 -0.0134484 -0.0239729 -0.000810188 0.001452 0.00388238 0.011014 -0.00540035
internal_weight=102430 84408.1 18021.8 14205.3 33754.6 50653.5 18691.5 33272.7 15063.1 5630.41 9252.2 13061.1 5080.06 9125.27 17380.8 3816.5 16239.1 17033.6 5810.89 6977 2728.38 4701.73 6965.6 9490.12 3570.99 13067.7 8753.62 6560.13 10001.4 4314.08
internal_count=665952 564959 100993 84216 318380 246579 196526 163611 121854 97958 90125 98568 24351 59865 82968 16777 88457 75154 31729 39345 10688 74916 71881 67442 31126 57928 36143 29596 43128 21785
cat_boundaries=0 1
cat_threshold=8747
is_linear=0
shrinkage=0.05


Tree=18
num_leaves=31
num_cat=3
split_feature=11 11 12 13 9 0 2 13 13 13 9 13 0 0 0 13 0 13 0 0 13 4 14 9 0 14 14 2 13 9
split_gain=5488.42 1990.77 678.512 621.179 670.247 402.166 269.904 251.895 235.179 163.067 150.776 132.553 140.076 125.496 113.095 108 101.891 90.6025 88.3753 87.8305 77.2389 69.122 65.4054 60.7304 58.496 57.614 54.3296 53.9314 51.8607 51.8345
threshold=60.172413793103452 19.399641577060937 2.5000000000000004 1.5000000000000002 36.55688081684287 2.5950000000000002 5.3250000000000011 1.5000000000000002 3.5000000000000004 5.5000000000000009 24.10890739695088 1.5000000000000002 6.4850000000000012 6.6850000000000014 4.9050000000000011 3.5000000000000004 4.5850000000000009 4.5000000000000009 6.5450000000000008 6.4450000000000012 3.5000000000000004 34.865000000000002 0 21.627137341423062 6.3450000000000006 1 2 6.5550000000000006 5.5000000000000009 26.430144745122721
decision_type=2 2 2 2 2 2 2 2 2 2 2 2 2 2 2 2 2 2 2 2 2 2 1 2 2 1 1 2 2 2
left_child=1 5 7 4 14 -1 9 16 11 20 -9 -4 27 22 26 -8 25 21 -5 -6 -7 -12 -10 -22 28 -3 -2 -13 -17 -11
right_child=3 2 8 18 19 6 15 10 13 29 17 12 -14 -15 -16 24 -18 -19 -20 -21 23 -23 -24 -25 -26 -27 -28 -29 -30 -31
leaf_value=-0.047237431544347404 3.1915351517068121e-05 0.0040430012494195545 0.030112433535164525 -0.00098314727194674266 0.034593190554985116 -0.013480345619920009 0.0077998096004462478 -0.017144359844664097 -0.0086608116419059633 -0.039626596360215795 -0.0090689532087025095 0.0017167191187278448 0.012030950587917727 0.005205306448865377 0.02402385183072378 -0.0095175909493848011 0.011617597544204425 -0.019915290274336077 0.014439638056727953 0.044903934967788654 -0.027925941867069495 -0.0016195898060227113 -0.00076833767094845523 -0.017797219113193714 -0.0023493006349790666 -0.006858493970322563 0.014806399193159223 0.010063527524571665 -0.021580515668804839 -0.025429396006857508
leaf_weight=1193.219021148514 986.50550595670938 2041.6726195309311 600.18156844191253 1681.0630509015173 4448.599387049675 4360.2645644741133 872.97765140607953 5344.3118794076145 4691.3924631513655 1301.0997904101387 7618.1578325331211 10716.620234027505 6895.494786426425 5228.9404454641044 2631.4238998256624 2145.1272526476532 1746.3650069348514 1291.4413767391816 2075.8108667768538 3855.4014363288879 2627.0333471884951 5266.8901467379183 5963.2938230931759 3389.1792285051197 1348.2871719710529 2957.1428582407534 1705.5112817026675 2361.7689639478922 1523.9864520253614 1270.9164050593972
leaf_count=26708 2892 6232 3100 7880 31018 30009 4651 38206 29634 25830 43930 50728 29520 30717 16047 19018 7177 12641 8897 26362 33656 29478 36149 34682 11461 8581 7897 10540 22372 19939
internal_value=-5.82175e-12 -0.005365 -0.000982428 0.0255394 0.0305019 -0.0190875 -0.0173046 -0.00710919 0.0034316 -0.0213411 -0.00998746 0.00696009 0.00626441 -0.00113885 0.0166526 -0.00843126 0.00122063 -0.00728942 0.00753851 0.0393803 -0.0185475 -0.00602395 -0.00425234 -0.02222 -0.0112553 -0.00241161 0.00944732 0.00322403 -0.014528 -0.0326113
internal_weight=100140 82755.8 62723.7 17384.3 13627.4 20032.1 18838.9 26266 36457.7 12948.5 19520.8 20574.1 19973.9 15883.6 5323.44 5890.38 6745.18 14176.5 3756.87 8304 10376.5 12885 10654.7 6016.21 5017.4 4998.82 2692.02 13078.4 3669.11 2572.02
internal_count=665952 564959 336633 100993 84216 228326 201618 146245 190388 144116 124255 93888 90788 96500 26836 57502 21990 86049 16777 57380 98347 73408 65783 68338 52851 14813 10789 61268 41390 45769
cat_boundaries=0 1 2 3
cat_threshold=15617792 9355653 8747
is_linear=0
shrinkage=0.05


Tree=19
num_leaves=31
num_cat=0
split_feature=11 11 0 13 9 0 13 11 13 0 2 12 13 0 0 0 0 1 13 12 4 13 13 3 13 13 4 4 0 9
split_gain=4850.78 1863.11 535.698 522.054 540.727 481.89 415.066 164.925 129.877 124.654 115.714 113.501 109.579 103.257 86.6358 83.6029 81.8398 78.7603 72.6435 66.478 65.3757 53.4344 52.5501 49.9931 67.4915 49.9324 47.3179 46.3734 46.3078 45.811
threshold=62.605932203389834 27.622890682318417 5.0250000000000012 1.5000000000000002 36.55688081684287 6.1950000000000012 4.5000000000000009 46.73758865248228 4.5000000000000009 2.7550000000000003 5.1850000000000014 3.5000000000000004 4.5000000000000009 3.8750000000000004 4.785000000000001 6.4450000000000012 7.1750000000000007 37.710000000000008 4.5000000000000009 3.5000000000000004 38.585000000000008 5.5000000000000009 1.5000000000000002 28.020000000000003 1.5000000000000002 1.5000000000000002 42.775000000000013 34.655000000000008 4.0450000000000008 3.7786843447220813
decision_type=2 2 2 2 2 2 2 2 2 2 2 2 2 2 2 2 2 2 2 2 2 2 2 2 2 2 2 2 2 2
left_child=1 2 6 4 14 7 13 10 19 -8 18 -10 16 29 -2 -6 22 -5 20 -4 28 -11 -7 -9 -25 -15 -24 -27 -3 -1
right_child=3 5 8 17 15 12 9 23 11 21 -12 -13 -14 25 -16 -17 -18 -19 -20 -21 -22 -23 26 24 -26 27 -28 -29 -30 -31
leaf_value=-0.039769744791242206 0.0082738859601883593 -0.017568954364808164 -0.0037920523517069927 -0.012464495069240593 0.033432147030010469 0.043013875280371615 -0.050615503225981934 -0.00084263696415465099 -0.015379990449278118 -0.024253514807460849 -0.00099475225386312432 -0.003780851000488502 -0.00049745604506690937 0.0060333367857497641 0.022308389896822652 0.043760460269332162 0.018252066749823073 0.010234706603076476 -0.025509044654276631 0.01001103231113953 -0.00042310748225743634 -0.035498721742297505 0.0064719904087959012 0.014938704055600214 0.0025375725283800577 -0.016206656235646651 0.015645909012396091 -0.0088284697535172801 -0.0077500228884468357 -0.020626630741987173
leaf_weight=348.81382605340332 1857.9299249760807 1432.7143315132707 4543.9247079063207 453.85438556410372 4220.7139533571899 105.94405637867749 764.21949144918472 4399.5696855541319 5407.9054497000761 2647.622402750887 10700.103923263028 3457.4592356607318 3343.8384933769703 354.87183648347855 2694.1838862542063 3656.8710335288197 2272.892432115972 2418.5588672682643 572.95748197939247 1079.5383773930371 2677.7731217220426 1757.7214274965227 10934.347644653171 1599.8927128836513 3491.4986176267266 5056.514157935977 1612.9157701395452 3679.2507627373561 7417.7854681182653 3004.055659760721
leaf_count=4811 7534 6516 26331 2418 30771 679 21838 18116 60587 40045 56818 29538 19887 959 16327 26322 10248 10662 5594 5398 13716 36075 51113 6793 16896 39152 7296 27331 39866 26315
internal_value=2.49829e-12 -0.0047869 -0.0142075 0.0258595 0.0302991 0.00119422 -0.0200657 -0.00247733 -0.00708609 -0.0319741 -0.0047827 -0.0108564 0.00768372 -0.0151184 0.0165803 0.0382267 0.00951652 0.00664813 -0.00813206 -0.00114227 -0.00726842 -0.0287403 0.00794736 0.00306112 0.00643444 -0.0123523 0.00765127 -0.0130992 -0.00933951 -0.0226182
internal_weight=97966.2 82664.1 32101.9 15302.1 12429.7 50562.2 17613.1 32292.3 14488.8 5169.56 22801.3 8865.36 18269.9 12443.5 4552.11 7877.58 14926.1 2872.41 12101.2 5623.46 11528.3 4405.34 12653.2 9490.96 5091.39 9090.64 12547.3 8735.76 8850.5 3352.87
internal_count=665952 571918 318380 94034 80954 253538 196526 164315 121854 97958 122510 90125 89223 98568 23861 57093 69336 13080 65692 31729 60098 76120 59088 41805 23689 67442 58409 66483 46382 31126
is_linear=0
shrinkage=0.05


Tree=20
num_leaves=31
num_cat=1
split_feature=11 11 0 12 13 0 13 11 2 13 12 13 0 4 2 0 4 0 0 9 0 13 13 1 13 13 14 4 8 10
split_gain=4285.52 1683.16 498.398 467.795 462.946 518.863 279.169 172.868 168.235 154.07 99.6419 93.701 87.0259 86.5738 76.3046 75.6939 67.7003 64.71 64.6117 61.4392 60.9779 56.7139 47.1715 46.9574 52.7732 46.8183 46.3156 46.0796 43.809 42.4184
threshold=62.605932203389834 26.975051975051979 4.4250000000000007 3.5000000000000004 1.5000000000000002 5.4150000000000009 4.5000000000000009 39.173060528559255 6.4450000000000012 5.5000000000000009 3.5000000000000004 4.5000000000000009 5.0650000000000004 34.655000000000008 5.3350000000000009 2.0850000000000004 38.685000000000009 4.5650000000000004 2.5950000000000002 39.082483406184238 7.1950000000000012 3.5000000000000004 1.5000000000000002 13.120000000000003 2.5000000000000004 4.5000000000000009 0 41.685000000000009 94.500000000000014 11.500000000000002
decision_type=2 2 2 2 2 2 2 2 2 2 2 2 2 2 2 2 2 2 2 2 2 2 2 2 2 2 1 2 2 2
left_child=1 2 6 7 5 17 18 12 9 13 -7 20 21 -4 -6 -8 23 -2 -1 -11 27 -3 -20 -9 26 -14 -25 -5 -10 -26
right_child=4 3 8 11 14 10 15 16 28 19 -12 -13 25 -15 -16 -17 -18 -19 22 -21 -22 -23 -24 24 29 -27 -28 -29 -30 -31
leaf_value=-0.036327269659175959 0.0049124332193020634 -0.0083258169967825296 -0.012176113520168577 0.0067453117361184894 -0.0078105849559754349 0.030038065649200793 -0.053380182050031512 -0.021092747535885789 0.010442055387976865 -0.026452289995245494 0.041310579656175274 -7.5225953032271805e-05 -0.0015453243890413276 -0.0039002907829879512 0.011253443094146521 -0.032172551629274057 0.006761293803550724 0.018632920116518414 -0.0024117701870207714 -0.013280038401125238 0.017360307952462944 -0.02052032010097361 -0.0176542338160838 -0.0034408603348242751 -0.014859411600869264 -0.012097039348446158 0.0044081447621882909 0.015220273112918473 -0.0024668287100094357 -0.0023066120692381655
leaf_weight=434.31297538429499 1252.3557768128812 5908.5262474734336 7675.2364182630554 10307.387574480847 695.35738804005086 3468.1507953312248 510.33698776410893 275.10623237490654 899.61711217928678 1954.9251358862966 4509.2420766111463 3186.9367565643042 8061.0586526542902 5371.8874031659216 2140.9557703156024 2396.5897559397854 4016.8680818229914 2738.451554691419 551.07239869982004 1617.868627384305 2061.9658778309822 1136.9212556723505 6432.2530968664214 2715.1596560515463 844.97563821263611 1208.9151848163456 6059.7795166857541 1899.4485467299819 2439.4717391729355 3306.6272385567427
leaf_count=6458 5018 32227 60885 49265 3462 26316 16169 949 6354 35307 34512 19773 42727 41890 9618 47992 18206 15108 1653 18030 9351 9907 56061 11062 4885 8892 27254 8772 20759 17090
internal_value=3.28584e-12 -0.00450696 -0.0138437 0.00103829 0.0247421 0.0290464 -0.0227621 -0.002417 -0.00923032 -0.0112879 0.0364099 0.00767617 -0.00610493 -0.00876871 0.00657966 -0.0358957 0.00107751 0.0143273 -0.0176152 -0.0204875 0.00940745 -0.0102936 -0.0164514 -0.000651897 -0.00021687 -0.00292139 0.00198059 0.00806406 0.00101108 -0.00486148
internal_weight=96077.8 81273.2 30283.6 50989.7 14804.5 11968.2 10324.6 33533.9 19959 16619.9 7977.39 17455.7 16315.4 13047.1 2836.31 2906.93 17218.5 3990.81 7417.64 3572.79 14268.8 7045.45 6983.33 13201.6 12926.5 9269.97 8774.94 12206.8 3339.09 4151.6
internal_count=665952 571918 311558 260360 94034 80954 128333 173199 183225 156112 60828 87161 93753 102775 13080 64161 79446 20126 64172 53337 67388 42134 57714 61240 60291 51619 38316 58037 27113 21975
cat_boundaries=0 1
cat_threshold=1060939
is_linear=0
shrinkage=0.05


Tree=21
num_leaves=31
num_cat=1
split_feature=11 0 11 13 13 10 13 9 0 0 0 0 13 9 0 4 13 0 4 9 14 3 13 0 13 9 13 13 4 13
split_gain=3792.47 1399.1 862.831 651.437 375.971 336.175 186.672 217.037 176.045 164.419 147.171 139.443 87.4708 82.0807 74.3509 72.9993 66.7375 67.559 61.5845 61.5102 59.757 58.4017 57.209 71.0915 55.7896 53.1712 48.9786 48.8921 46.8206 44.4228
threshold=52.326839826839837 5.2750000000000012 72.264957264957275 4.5000000000000009 4.5000000000000009 5.5000000000000009 1.5000000000000002 20.037878787878793 6.3450000000000006 5.955000000000001 3.1350000000000002 6.3450000000000006 1.5000000000000002 22.920783926218711 3.5250000000000004 35.595000000000006 3.5000000000000004 4.1450000000000005 35.535000000000004 30.637068011314724 0 24.215000000000003 1.5000000000000002 6.7750000000000012 5.5000000000000009 33.562828838223446 1.5000000000000002 5.5000000000000009 35.535000000000004 5.5000000000000009
decision_type=2 2 2 2 2 2 2 2 2 2 2 2 2 2 2 2 2 2 2 2 1 2 2 2 2 2 2 2 2 2
left_child=1 3 13 6 8 16 21 14 12 19 -5 29 -3 20 -8 -14 17 -4 -9 -7 -2 -1 25 -24 -12 -15 -10 -13 -28 -6
right_child=2 4 5 10 11 9 7 18 26 -11 24 27 15 22 -16 -17 -18 -19 -20 -21 -22 -23 23 -25 -26 -27 28 -29 -30 -31
leaf_value=-0.0048607650074433276 -0.014013869413824398 0.028695425047813247 -0.02373501811331466 -0.046946349504977156 -0.008634943163920418 0.0095386624833575986 -0.029540795786169874 -0.011283486309117227 0.048856304252129265 0.038057835955057073 -0.020823671988387416 0.0033336838202912052 -0.0020220858037064671 0.011946482953989285 -0.016766164058732533 0.0047420131219137324 -0.016482105580394341 0.015715123330273886 -0.0048027108850712402 0.027071068086449032 0.0056134655046615294 0.0068766274730439093 0.0044770395066255778 0.014431865138383791 -0.031346859985887071 0.024232540274882735 0.0062731846225798421 -0.0060304010719994762 0.013495606950550635 -0.017439580129381755
leaf_weight=3287.0245613865554 562.163041241467 280.09383201599121 121.98306652903557 873.68060448532924 3665.9057605918497 627.04239224269986 1543.3031110912561 9771.1432908913121 78.276153638958931 5227.7157625863329 3322.332635241095 2938.7463768608868 10594.471230899915 3075.2899359297007 4347.9950636327267 6397.338946711272 267.20391670428216 983.59118304029107 5866.5942322425544 2474.4226917084306 1193.7610348165035 1564.0868896357715 4724.8815952371806 2890.6953836716712 2028.5137630105019 1233.9842572771013 5652.3697287961841 2651.7933536265045 3721.244055647403 2351.5515694059432
leaf_count=10295 1784 1443 533 25682 30675 3020 17886 67103 454 40873 48524 19712 56289 15251 36048 32787 1398 5613 38848 17621 4297 5055 22443 12894 42612 8988 27500 21558 17665 31101
internal_value=-3.17303e-12 -0.00575631 0.017463 -0.0133701 0.000719882 0.0288684 -0.009937 -0.0119335 0.00398349 0.0326469 -0.0279197 -0.00679355 0.000981406 0.00937462 -0.0201126 0.000524567 0.00594262 0.0113624 -0.00885218 0.0235264 -0.00071811 -0.00107642 0.0108608 0.00825566 -0.024813 0.0154647 0.00946933 -0.00110804 0.00914042 -0.0120757
internal_weight=94319.2 70936.5 23382.7 32604.7 38331.8 9701.96 26380.1 21529 26723.8 8329.18 6224.53 11608 17271.9 13680.8 5891.3 16991.8 1372.78 1105.57 15637.7 3101.47 1755.92 4851.11 11924.9 7615.58 5350.85 4309.27 9451.89 5590.54 9373.61 6017.46
internal_count=665952 531237 134715 292053 239184 69058 175235 159885 136138 61514 116818 103046 90519 65657 53934 89076 7544 6146 105951 20641 6081 15350 59576 35337 91136 24239 45619 41270 45165 61776
cat_boundaries=0 1
cat_threshold=2106954
is_linear=0
shrinkage=0.05


Tree=22
num_leaves=31
num_cat=3
split_feature=11 0 11 13 13 10 0 12 0 0 3 13 9 13 0 13 13 4 9 0 9 13 0 2 0 13 14 14 14 9
split_gain=3344.66 1284.61 789.997 586.587 338.047 305.941 242.34 178.863 131.951 115.894 109.383 106.613 93.3933 82.7512 90.0602 69.6556 69.5345 66.9506 66.8765 64.081 62.4419 59.5776 61.1106 56.8305 54.1202 51.6064 47.5652 42.9922 42.1874 41.9539
threshold=52.326839826839837 5.2350000000000012 75.154320987654344 3.5000000000000004 4.5000000000000009 5.5000000000000009 3.5250000000000004 3.5000000000000004 6.3450000000000006 6.0850000000000009 24.215000000000003 5.5000000000000009 22.920783926218711 1.5000000000000002 5.4750000000000005 1.5000000000000002 1.5000000000000002 35.595000000000006 16.51580930537353 6.7750000000000012 25.04545454545455 1.5000000000000002 4.6450000000000005 7.1150000000000011 1.7350000000000001 2.5000000000000004 0 1 2 30.637068011314724
decision_type=2 2 2 2 2 2 2 2 2 2 2 2 2 2 2 2 2 2 2 2 2 2 2 2 2 2 1 1 1 2
left_child=1 3 12 10 7 21 24 17 28 29 16 20 26 14 -14 27 -1 25 -18 -15 -8 22 -4 -9 -5 -3 -2 -12 -6 -7
right_child=2 4 5 6 8 9 11 23 -10 -11 15 -13 13 19 -16 -17 18 -19 -20 -21 -22 -23 -24 -25 -26 -27 -28 -29 -30 -31
leaf_value=-0.0048571987305908171 -0.01005301537751651 0.0028678347857347044 -0.0081713439386892819 -0.054237248568136547 -0.0070580365275008123 0.0087274062452239887 -0.021085418952128687 0.0065549385632381529 -0.00088703756769932789 0.038352119960287173 -0.0057458200449495653 -0.030059455821694281 0.011961139004059795 0.0044216692646503282 0.026465036987403906 -0.0055944901009241247 -0.022344592785805625 0.0045364322206073084 -0.011128942984698664 0.013767249750256151 -0.012266213173741722 -0.0049327638178578792 0.029134628916979495 0.014894043329558515 -0.034044246666741322 -0.0047415084945179008 0.0061524121253954539 0.011962267272921533 -0.015489889350714721 0.027440479993700896
leaf_weight=3265.3750176522881 783.39386508241296 3355.5059663783759 157.02791645377874 454.21420286269858 2859.0505529679358 345.1284166239202 3872.9974138545804 8435.4668920040131 5513.0414135828614 4247.9986258577555 506.22756407037377 1773.4278223225847 3738.0531417950988 4812.4296837113798 1499.6936378646642 6899.2804813338444 1691.6043485831469 5889.4291239771992 6202.6503107361495 2963.9385100211948 4165.8581934561953 630.37741135805845 364.78654358629137 2696.0514210332185 1231.3572244276293 6632.1673459485173 1045.0543580856174 1031.5506769306958 3226.9989471901208 2266.3882912900299
leaf_count=10258 2499 16873 621 14567 29256 1754 49215 41924 41270 34791 1572 39057 19347 23134 12088 44243 15312 30759 42806 13415 40141 3197 2655 13076 25314 37281 3924 3427 34886 17290
internal_value=8.15292e-12 -0.00544255 0.016599 -0.0130061 0.000649138 0.0292519 -0.0219717 0.00371521 -0.00649024 0.0332564 -0.00774583 -0.0189631 0.00976922 0.0112559 0.016114 -0.00344964 -0.0109939 0.000308215 -0.0135323 0.00798371 -0.0165152 0.00541168 0.0179083 0.00857467 -0.0394857 -0.00218504 -0.000812094 0.00617329 -0.0115659 0.0249674
internal_weight=92556.5 69702.3 22854.3 31094.5 38607.7 8011.71 11497.9 27008.6 11599.1 6859.52 19596.7 9812.28 14842.6 13014.1 5237.75 8437.06 11159.6 15877.1 7894.25 7776.37 8038.86 1152.19 521.814 11131.5 1685.57 9987.67 1828.45 1537.78 6086.05 2611.52
internal_count=665952 531237 134715 285912 245325 60308 168294 139913 105412 53835 117618 128413 74407 67984 31435 49242 68376 84913 58118 36549 89356 6473 3276 55000 39881 54154 6423 4999 64142 19044
cat_boundaries=0 1 2 3
cat_threshold=2106987 2106570 1908895
is_linear=0
shrinkage=0.05


Tree=23
num_leaves=31
num_cat=1
split_feature=11 0 11 13 13 13 12 2 0 0 13 0 0 13 9 13 13 9 2 0 0 13 14 9 2 3 4 12 13 13
split_gain=2976.13 1188.54 717.2 531.174 291.968 284.606 165.896 156.247 150.783 129.365 129.32 112.724 87.0696 110.39 86.9755 79.9679 78.4527 75.4088 58.6721 58.5028 57.1803 50.0845 47.9471 47.3486 46.9356 45.7736 45.6783 44.6191 41.8874 41.8564
threshold=52.326839826839837 5.2750000000000012 75.154320987654344 4.5000000000000009 4.5000000000000009 1.5000000000000002 2.5000000000000004 6.6550000000000011 3.9050000000000007 2.7550000000000003 1.5000000000000002 6.3450000000000006 4.785000000000001 1.5000000000000002 25.760883948656879 1.5000000000000002 1.5000000000000002 40.357943625880857 6.2950000000000008 6.4450000000000012 4.0650000000000004 5.5000000000000009 0 3.7786843447220813 5.6650000000000009 21.395000000000003 35.595000000000006 3.5000000000000004 5.5000000000000009 2.5000000000000004
decision_type=2 2 2 2 2 2 2 2 2 2 2 2 2 2 2 2 2 2 2 2 2 2 1 2 2 2 2 2 2 2
left_child=1 3 12 8 7 6 20 15 16 -5 22 -6 25 27 -12 -3 -1 29 -15 -8 -4 -11 -10 -18 -7 -2 -19 -14 -13 -17
right_child=2 4 5 9 11 24 19 -9 10 21 14 28 13 18 -16 17 23 26 -20 -21 -22 -23 -24 -25 -26 -27 -28 -29 -30 -31
leaf_value=-0.0079192493435748922 -0.0039565687824305515 0.028260428991471603 -0.023750463642272159 -0.047227548588123731 -0.010736402388896943 -0.014102992116819289 0.029899635893990952 0.010590958625063681 -0.013199950089941272 -0.019571173059982301 -0.012719514757345424 0.0034635457545705768 0.016686160148232435 0.0033850254456615036 -0.0056346453387200309 0.0026198715279536593 -0.04011841189652493 0.001595222099141284 0.012207121469246181 0.039942777920511992 0.01712149516757443 -0.029742924172328503 0.0043378711946191187 -0.019530636506705244 0.010145055664441308 0.0075911624038651569 0.0086685780710806237 0.03411394551886849 -0.0053314713367329783 -0.0042674757701828808
leaf_weight=1585.0871316082776 1555.4091137759387 276.74726236239076 93.610737625509501 638.47462699795142 5780.5735469888896 328.37860389426351 2929.6462320974097 6354.5366763398051 443.90071391314268 3238.6759813646786 8383.7236399706453 2856.9945644298568 3176.8984706811607 3559.3225902747363 8963.0220396304503 3361.5774816758931 307.46834333566949 5891.0364748425782 4005.548842087388 2871.0726324412972 996.58139797858894 1932.1729583791457 2757.5512701757252 3045.3865610528737 508.75568882003427 1914.3039421979338 3726.0768459942192 415.2688902951777 2573.0019359588623 6416.9421759964898
leaf_count=5150 5906 1522 369 22359 61776 1791 24933 31546 1388 50177 65963 19712 21253 17284 58561 16934 5084 30360 18591 24668 6139 44282 8812 30277 2408 7829 18580 3544 21558 37196
internal_value=-1.51968e-11 -0.00516748 0.0158419 -0.01235 0.000868925 0.0281629 0.0315072 0.00377462 -0.00924003 -0.0259939 -0.00735473 -0.00587705 0.00933215 0.0114835 -0.00905878 0.00157282 -0.0170853 0.00119202 0.00805627 0.0348705 0.013612 -0.023372 0.00187846 -0.0214186 0.000633392 0.00241453 0.00433574 0.0187009 -0.00070397 -0.0018998
internal_weight=90887.7 68533 22354.8 31295.5 37237.5 7728.05 6890.91 26026.9 25486.1 5809.32 20548.2 11210.6 14626.8 11157 17346.7 19672.4 4937.94 19395.6 7564.87 5800.72 1090.19 5170.85 3201.45 3352.85 837.134 3469.71 9617.11 3592.17 5430 9778.52
internal_count=665952 531237 134715 292053 239184 60308 56109 136138 175235 116818 134724 103046 74407 60672 124524 104592 40511 103070 35875 49601 6508 94459 10200 35361 4199 13735 48940 24797 41270 54130
cat_boundaries=0 1
cat_threshold=8258
is_linear=0
shrinkage=0.05


Tree=24
num_leaves=31
num_cat=1
split_feature=11 11 0 13 10 13 2 2 12 2 0 1 13 12 4 0 13 4 13 0 13 13 12 9 14 13 13 0 4 4
split_gain=2658.86 1043.95 792.582 393.687 277.672 173.216 155.106 154.534 135.855 105.323 103.911 87.473 77.984 74.4171 71.2211 69.8537 94.4077 65.8388 57.7942 55.5284 97.078 52.802 52.7839 49.5409 47.152 45.9657 42.7008 40.601 39.805 37.1141
threshold=42.462121212121218 72.264957264957275 5.0650000000000004 4.5000000000000009 9.5000000000000018 5.5000000000000009 6.4050000000000011 6.2950000000000008 3.5000000000000004 4.5050000000000008 2.7550000000000003 9.2450000000000028 1.5000000000000002 3.5000000000000004 39.82500000000001 4.0650000000000004 1.5000000000000002 41.355000000000011 3.5000000000000004 4.5650000000000004 1.5000000000000002 1.5000000000000002 2.5000000000000004 30.637068011314724 0 2.5000000000000004 5.5000000000000009 7.4750000000000005 41.190000000000005 36.850000000000009
decision_type=2 2 2 2 2 2 2 2 2 2 2 2 2 2 2 2 2 2 2 2 2 2 2 2 1 2 2 2 2 2
left_child=2 7 3 9 15 6 14 17 23 11 -5 -1 -13 -7 18 -3 -17 19 -4 -2 -21 -11 -22 -6 -20 -9 -12 -27 -23 -14
right_child=1 4 5 10 8 13 -8 25 -10 21 26 12 29 -15 -16 16 -18 -19 24 20 22 28 -24 -25 -26 27 -28 -29 -30 -31
leaf_value=-0.028848486829445949 -0.0036238809418279744 -0.026571300481556301 -0.00067984731515451156 -0.046274650508518096 0.0084541393606332119 -0.016988788664859374 0.0063449729596701575 0.014992036176183429 0.036855945918296065 0.0069438899718329769 -0.020088153373534281 -0.0022227275136223103 -0.016567574827545457 -0.004619363328205537 0.0038486721769588313 0.022737226022482696 -0.0012352737418956769 0.010175377781479649 -0.011577250049890915 0.010816939301823651 -0.0069541554140000366 -0.0091389482319574611 0.0026849424000084401 0.025420518031359009 -0.0036591201693195866 0.00621650076763125 -0.030625591105687074 0.020521724524443459 0.0013089984477081291 -0.0094688834019287377
leaf_weight=890.02985061286017 3672.7772387489676 135.57676630280912 7018.6897828839719 603.19180344045162 505.3470159843564 2254.7834141808562 6910.8101052930579 4042.3079532263801 3578.2811699584126 697.64119090512395 2558.7216643332504 1561.7413147650659 5939.6826213812456 2639.1845508208498 3621.6502368068323 822.71097418200225 820.07855914160609 2721.2698527034372 3208.5290421396494 3214.3582741506398 1814.2020174702629 5787.6639217855409 6540.7164556607604 2895.4633792880923 4600.8739627152681 4429.9478677082807 1540.057885047514 558.54503063857555 1082.0624104784802 2668.5274943290278
leaf_count=11163 13698 600 38079 22354 2550 33653 41192 19949 31827 2084 43365 4661 50566 24064 22614 5968 4151 13119 24582 18811 10238 43959 32900 23962 33740 21924 38163 2593 7816 21607
internal_value=2.22552e-12 0.0105603 -0.0070459 -0.0139709 0.0255609 -0.00170603 -4.40703e-05 0.00569378 0.0300551 -0.0107076 -0.0268989 -0.0138175 -0.0125021 -0.0103183 -0.00243725 0.00792339 0.0107702 0.00301141 -0.00397253 0.00173238 0.00343277 -0.0061623 0.000591891 0.0228994 -0.00693183 0.0110293 -0.0240474 0.00781821 -0.00749327 -0.014367
internal_weight=89335.4 35751.6 53583.8 23329.3 8757.46 30254.5 25360.6 26994.1 6979.09 18627.3 4701.97 11060 10170 4893.97 18449.7 1778.37 1642.79 17963.3 14828.1 15242.1 11569.3 7567.37 8354.92 3400.81 7809.4 9030.8 4098.78 4988.49 6869.73 8608.21
internal_count=665952 202290 463662 245738 69058 217924 160207 133232 58339 141856 103882 87997 76834 57717 119015 10719 10119 88766 96401 75647 61949 53859 43138 26512 58322 44466 81528 24517 51775 72173
cat_boundaries=0 1
cat_threshold=11161376
is_linear=0
shrinkage=0.05


Tree=25
num_leaves=31
num_cat=2
split_feature=11 11 12 11 10 0 13 0 0 13 9 13 0 4 4 13 0 12 13 2 0 3 13 0 9 14 14 13 10 13
split_gain=2373.59 833.673 813.608 416.143 237.648 164.697 154.495 140.954 117.736 116.223 102.386 92.0039 91.8814 87.1789 64.2408 59.4503 56.4722 56.0025 68.4363 55.5276 53.588 49.2841 46.5221 44.8654 44.0094 41.8595 39.9244 39.7332 37.3656 35.9503
threshold=45.867486338797818 75.154320987654344 2.5000000000000004 15.825771324863885 9.5000000000000018 2.0850000000000004 5.5000000000000009 4.785000000000001 6.4850000000000012 1.5000000000000002 39.508331174997849 2.5000000000000004 6.1550000000000011 34.655000000000008 40.775000000000013 3.5000000000000004 7.1750000000000007 2.5000000000000004 1.5000000000000002 4.8350000000000009 5.535000000000001 21.450000000000003 1.5000000000000002 6.7150000000000007 30.09054408390692 0 1 5.5000000000000009 6.5000000000000009 1.5000000000000002
decision_type=2 2 2 2 2 2 2 2 2 2 2 2 2 2 2 2 2 2 2 2 2 2 2 2 2 1 1 2 2 2
left_child=2 7 3 5 17 -1 8 21 15 20 -11 -7 -6 24 16 22 28 -3 -19 27 -9 -2 -4 -8 -5 -10 -17 -13 -12 -15
right_child=1 4 6 13 12 11 23 9 25 10 14 19 -14 29 -16 26 -18 18 -20 -21 -22 -23 -24 -25 -26 -27 -28 -29 -30 -31
leaf_value=-0.046801955196075357 -0.0056922002815158043 -0.0040776796536520837 0.027412434507492651 -0.012375919652025788 0.02313468753642417 -0.0068947297277767335 -0.011840419168897338 0.012157618595599213 0.0028436486826276266 -0.0029600632253102871 -0.0063997359087781666 -0.021190757932711697 0.035993652953135835 0.0045047958418106644 0.016579304590358467 -0.010407924008857459 0.015384730770200831 0.031261255490841348 0.0035712642281814158 -0.014069255080517649 0.02460615911389509 0.004125258591209241 0.0020698529467485876 -0.00089544766854436273 -0.0058609508923224002 0.010863712225508394 -0.0016246553795767088 -0.031515968084552932 0.0061734234394551614 -0.005031587144541565
leaf_weight=547.70199655834585 2476.0616324990988 567.8492243476212 185.28277804329991 8324.9532515984029 2346.0730014834553 1423.0715175224468 2938.2519590137526 2434.0875343345106 2823.9713731892407 2295.874528972432 641.41816375218332 4229.6333465655334 3405.8834460405633 1136.0654029883444 2069.6355531010777 1618.1943486696109 1627.7086951769888 403.92823308240622 498.56178081408143 2214.1959352730773 1340.6796890152618 2642.7484330069274 8004.7294352911413 1374.2366822492331 3764.2234199363738 3908.0709415972233 6361.9601303143427 1194.9854218107648 7504.5771866869181 7596.450744795613
leaf_count=19422 9341 3198 917 60726 19427 10410 37050 14865 16935 12346 3319 57823 31757 3617 9977 12342 7754 3510 2416 32524 11624 10898 42101 11698 26716 21912 45827 31430 37107 56963
internal_value=1.39131e-11 0.0113413 -0.00595238 -0.0115698 0.0261632 -0.0201765 0.000328948 0.00669361 0.00196369 0.00878447 0.00670356 -0.0185672 0.0307488 -0.00759762 0.00857689 -0.000349452 0.00688233 0.00822415 0.0159645 -0.0207417 0.016579 -0.000623625 0.00264318 -0.00835265 -0.0103473 0.0075198 -0.00342078 -0.0234653 0.00518341 -0.00379094
internal_weight=87901.1 30255.1 57646 30431.3 7222.3 9609.59 27214.7 23032.8 22902.2 17914 14139.2 9061.89 5751.96 20821.7 11843.3 16170.2 9773.7 1470.34 902.49 7638.81 3774.77 5118.81 8190.01 4312.49 12089.2 6732.04 7980.15 5424.62 8146 8732.52
internal_count=665952 177539 488413 299631 60308 151609 188782 117231 140034 96992 70503 132187 51184 148022 58157 101187 48180 9124 5926 121777 26489 20239 43018 48748 87442 38847 58169 89253 40426 60580
cat_boundaries=0 1 2
cat_threshold=11487760 10633728
is_linear=0
shrinkage=0.05


Tree=26
num_leaves=31
num_cat=2
split_feature=11 11 0 13 12 12 13 13 2 0 0 13 0 0 13 4 13 13 12 0 14 14 13 13 0 13 13 13 4 10
split_gain=2121.37 853.9 676.083 316.19 239.77 200.088 174.383 166.629 151.773 134.017 70.0049 66.3378 63.7775 59.7194 78.7835 59.0731 58.3883 56.9786 56.0855 49.137 48.9536 42 40.7358 39.868 38.6031 42.8051 38.0413 36.0759 34.4848 34.343
threshold=42.462121212121218 72.264957264957275 4.7650000000000006 3.5000000000000004 2.5000000000000004 3.5000000000000004 4.5000000000000009 1.5000000000000002 6.2950000000000008 2.4250000000000003 6.4450000000000012 5.5000000000000009 4.0650000000000004 4.5650000000000004 1.5000000000000002 35.535000000000004 5.5000000000000009 1.5000000000000002 2.5000000000000004 3.8750000000000004 0 1 1.5000000000000002 5.5000000000000009 7.3750000000000009 2.5000000000000004 1.5000000000000002 1.5000000000000002 34.045000000000009 1.5000000000000002
decision_type=2 2 2 2 2 2 2 2 2 2 2 2 2 2 2 2 2 2 2 2 1 1 2 2 2 2 2 2 2 2
left_child=2 8 3 17 12 6 15 10 13 -5 -6 26 -3 -2 20 27 28 21 -16 -19 -15 -1 -14 -8 25 -10 -7 -4 -11 -17
right_child=1 4 5 9 7 11 23 -9 24 16 -12 -13 22 14 18 29 -18 19 -20 -21 -22 -23 -24 -25 -26 -27 -28 -29 -30 -31
leaf_value=-0.01055851471133787 -0.002595809777744252 -0.021805135026504927 0.015213266508584931 -0.044867956983754925 0.025896750256231338 0.041102591334355697 -0.0087568069657188562 0.0065996153488929888 0.013368556800650933 -0.022080331759592151 0.03699581133522805 -0.0037420740951313509 0.013545041343158259 -0.0026526997062181687 -0.0054938770727200777 0.018514505075112691 -0.030894884912730992 -0.017865392537426968 0.0037992479977320111 -0.0088701322828722735 0.012959876971451937 0.0034620037763893777 -0.0097397706781261022 -0.016726618667772083 0.019626558238657343 0.0059115107473585032 0.0051326569528772235 -0.0049019216401428754 -0.013697571469399537 0.00083701232045949774
leaf_weight=861.60944342333823 4303.3205300737172 172.28357710689306 227.7780450489372 629.65795821114443 3081.4611825980246 74.166231490671635 4206.0689411927015 796.20656713470817 3577.9797019194812 2718.78211486293 2635.9673611717299 2566.650358999148 1332.1139693278819 602.86241978779435 2066.1062742397189 287.99109798297286 1129.5440884688869 1973.390756408684 7579.7978630196303 6581.3219921337441 3062.4162499979138 1372.252921640873 218.66513802856207 2502.940690163523 1037.9091786406934 4164.1058842297643 8241.9369643367827 10406.664426590316 2235.7426402508281 5975.6172537282109
leaf_count=2899 16119 762 908 23383 28956 473 42693 3960 18331 39439 25567 24111 8551 2867 11877 1395 31282 19326 38806 49829 19097 4343 1262 41930 4988 21147 49917 65065 30622 36047
internal_value=1.84571e-12 0.00958728 -0.00638595 -0.0143898 0.0236419 -0.00232429 -0.00491002 0.0280295 0.00520137 -0.022909 0.0310139 0.00328473 0.00705553 0.00252453 0.00417987 -0.00220225 -0.0206364 -0.00908833 0.00180871 -0.0109451 0.0104201 -0.00197753 0.0102618 -0.0117301 0.0105717 0.00935776 0.00545345 -0.00447108 -0.0182976 0.0016498
internal_weight=86623.3 34631.2 51992.1 17502.3 8236.7 34489.8 23607.1 6513.64 26394.5 6713.73 5717.43 10882.8 1723.06 17614.5 13311.2 16898.1 6084.07 10788.6 9645.9 8554.71 3665.28 2233.86 1550.78 6709.01 8779.99 7742.09 8316.1 10634.4 4954.52 6263.61
internal_count=665952 202290 463662 201123 69058 262539 188038 58483 133232 124726 54523 74501 10575 88766 72647 103415 101343 76397 50683 69155 21964 7242 9813 84623 44466 39478 50390 65973 70061 37442
cat_boundaries=0 1 2
cat_threshold=8202 109674
is_linear=0
shrinkage=0.05


Tree=27
num_leaves=31
num_cat=3
split_feature=11 12 11 11 10 0 12 13 13 12 0 13 0 4 0 4 8 0 0 13 3 13 9 14 4 14 14 13 6 10
split_gain=1912.67 708.402 680.251 342.865 209.474 142.411 134.418 128.481 94.691 88.4648 82.4094 79.8281 77.7239 76.2845 66.4259 54.6052 52.965 51.5334 49.6791 60.3977 45.03 41.5858 39.5881 38.6259 36.3663 34.4319 34.0332 32.0248 31.6234 31.2633
threshold=45.867486338797818 2.5000000000000004 75.154320987654344 15.825771324863885 9.5000000000000018 2.2450000000000006 2.5000000000000004 4.5000000000000009 1.5000000000000002 3.5000000000000004 6.4250000000000007 2.5000000000000004 6.785000000000001 34.655000000000008 6.9350000000000014 41.685000000000009 20.500000000000004 4.1450000000000005 5.0050000000000008 1.5000000000000002 21.450000000000003 1.5000000000000002 30.09054408390692 0 39.960000000000008 1 2 5.5000000000000009 41.500000000000007 6.5000000000000009
decision_type=2 2 2 2 2 2 2 2 2 2 2 2 2 2 2 2 2 2 2 2 2 2 2 1 2 1 1 2 2 2
left_child=1 3 6 5 18 -1 16 10 25 -6 21 -7 23 22 15 29 -2 -13 -4 -20 28 -3 -5 -9 -23 -8 -22 -19 -18 -10
right_child=2 7 4 13 9 11 8 12 14 -11 -12 17 -14 -15 -16 -17 20 27 19 -21 26 24 -24 -25 -26 -27 -28 -29 -30 -31
leaf_value=-0.042796368801528706 -0.018633127329725888 0.025351519965692123 -0.0080088962642699112 -0.011708594162946451 0.021538731666203723 -0.0061301420866874999 0.0095714199201549308 -0.016956124064610761 -0.0067957249328871984 0.034469635866322824 0.008486384254684386 -0.024856254479273719 0.0037069720809797127 -0.0035356978443630235 0.01369444532672392 0.014674034050008701 0.001169477968048945 -0.013593245142618785 0.026492318342306101 0.0021874449223907798 2.4679424961785629e-05 -0.00087991698551585264 -0.0054432665088899532 -0.0054122579355707755 0.0060135019574015375 0.024639105245095935 0.0086196262778973545 -0.023138563694783159 -0.0090665009069564699 0.0047191774819026295
leaf_weight=578.92705643316731 326.61111872084439 170.80842274613678 390.35962424054742 8066.5795331858099 2371.7972784573212 1374.0310614472255 614.87195038981736 817.00454630237073 642.07701132260263 2990.2200936796144 5001.0723787583411 2630.9425051589496 2357.0497975647449 8525.6965277590789 3247.2209644690156 1346.8971191029996 2026.6045773178339 3383.3494117250666 457.69866063818336 578.90368922427297 1992.8562402520329 9527.6787852346897 3667.5832640482113 6322.5939634777606 2393.9752402398735 1209.1620948836207 2738.1935130059719 1186.9906140998937 1202.1378061715513 7193.1938063409179
leaf_count=21874 1898 891 2024 60726 21077 10194 4916 8819 3400 30107 26378 47888 18872 60580 15937 6732 8902 41807 4211 2889 9581 55373 26716 65349 13100 10071 14146 29846 4999 36649
internal_value=-2.47334e-11 -0.00541711 0.0103441 -0.0107638 0.0242191 -0.0187946 0.00616503 0.000497363 0.0091091 0.0287499 0.00308794 -0.0171742 -0.00416557 -0.00713511 0.00754791 0.00537422 0.00110095 -0.0192815 0.00719393 0.012919 0.00191069 0.000855315 -0.00975033 -0.00676459 0.000504343 0.0197474 0.00501746 -0.0160723 -0.00264162 0.00377557
internal_weight=85333.1 56004.3 29328.8 29414.1 6788.98 9154.24 22539.8 26590.2 14253.4 5362.02 17093.5 8575.31 9496.65 20259.9 12429.4 9182.17 8286.4 7201.28 1426.96 1036.6 7959.79 12092.5 11734.2 7139.6 11921.7 1824.03 4731.05 4570.34 3228.74 7835.27
internal_count=665952 488413 177539 299631 60308 151609 117231 188782 77705 51184 95742 129735 93040 148022 62718 46781 39526 119541 9124 7100 37628 69364 87442 74168 68473 14987 23727 71653 13901 40049
cat_boundaries=0 1 2 3
cat_threshold=2228736 533039 5305866
is_linear=0
shrinkage=0.05


Tree=28
num_leaves=31
num_cat=4
split_feature=11 11 9 13 12 0 13 2 13 13 6 0 0 0 4 0 0 4 14 2 13 14 13 0 13 14 4 14 2 6
split_gain=1743.16 831.427 466.996 234.58 210.847 203.252 148.284 144.872 96.2129 79.2453 79.0356 76.4777 68.1264 65.7898 58.1619 51.0979 51.042 49.9357 47.5223 45.5908 58.2221 52.6237 45.143 45.0636 39.2405 36.1115 35.5037 33.7254 33.3315 32.6574
threshold=35.574387947269308 72.264957264957275 26.430144745122721 4.5000000000000009 2.5000000000000004 6.2950000000000008 1.5000000000000002 6.0050000000000008 4.5000000000000009 1.5000000000000002 50.500000000000007 3.5250000000000004 6.3850000000000007 2.0850000000000004 40.985000000000007 4.0650000000000004 7.3750000000000009 39.82500000000001 0 4.8750000000000009 1.5000000000000002 1 3.5000000000000004 7.1950000000000012 1.5000000000000002 2 36.565000000000005 3 4.8550000000000013 37.500000000000007
decision_type=2 2 2 2 2 2 2 2 2 2 2 2 2 2 2 2 2 2 1 2 2 1 2 2 2 1 2 1 2 2
left_child=2 5 3 9 15 10 12 8 17 25 14 -11 -6 -5 19 -3 24 -4 -12 -2 21 -21 -9 26 -7 -1 -24 -10 29 -13
right_child=1 4 7 13 6 16 -8 22 27 11 18 28 -14 -15 -16 -17 -18 -19 -20 20 -22 -23 23 -25 -26 -27 -28 -29 -30 -31
leaf_value=-0.010020697753229581 -0.0020853265669994584 -0.019474835435455133 -0.0049321596876074373 -0.047173571979041318 0.023470815627583158 0.031632404534775192 0.0057400428608386919 0.0085063277187184313 -0.015158195734934717 -0.023944914994711932 -0.011288469555216452 -0.0090729776657159332 0.03477605148497636 -0.023882997193715241 0.0085654935926691208 0.0090133786526756295 0.017626027735519578 0.0038013933937431042 -0.00036312506141224416 -0.0116314181997418 0.0012814887758247292 0.014067650305160974 -0.0039724210765891615 0.012604719228721577 0.0072629382320013513 0.0057498829009512507 0.003877685162709932 -0.0074386356342287302 -0.0060979915723567667 -0.015947983162427879
leaf_weight=585.21677466388792 6768.1811739709228 175.83687666617334 8172.1647467073053 339.13618594524451 2712.852392679546 167.63095810823143 784.3704806342721 1969.45879076235 2833.1809769067913 1316.5515206777491 1868.6118628960103 3143.5106758065522 2619.1506014633924 2861.9156067678705 3047.4698192710057 1501.4299726635218 1432.5228962749243 2046.5843879133463 2129.8467851690948 220.49521762505174 7239.5953953359276 1684.4152544941753 4250.7980709690601 639.50383857451379 11342.347172901034 920.43481577374041 2178.4901473661885 2978.9246194637381 2475.7906993869692 3834.1826757770032
leaf_count=2132 34144 762 54859 16348 27051 1555 3960 10455 38876 18300 9668 27957 27472 67246 15761 9813 7282 12944 11391 1041 40723 9969 36947 5272 58878 3119 18629 38677 19679 35042
internal_value=-2.06883e-12 0.00692845 -0.00746653 -0.0142959 0.0217315 0.00371491 0.0260381 -0.00325031 -0.00610433 -0.0111525 0.00089023 -0.0126546 0.0290241 -0.0263505 0.00223744 0.00602681 0.0087256 -0.00318303 -0.00549804 0.00102554 0.003328 0.0111057 0.00181176 -5.34313e-05 0.00761785 -0.000408193 -0.0013125 -0.0112405 -0.0110822 -0.0128507
internal_weight=84240.6 43694.8 40545.8 15476.7 7793.64 35901.1 6116.37 25069.1 16030.9 12275.7 22958.6 10770 5332 3201.05 18960.2 1677.27 12942.5 10218.7 3998.46 15912.7 9144.51 1904.91 9038.25 7068.79 11510 1505.65 6429.29 5812.11 9453.48 6977.69
internal_count=665952 259470 406482 189823 69058 190412 58483 216659 145356 106229 122697 100978 54523 83594 101638 10575 67715 67803 21059 85877 51733 11010 71303 60848 60433 5251 55576 77553 82678 62999
cat_boundaries=0 1 2 3 4
cat_threshold=1619162 8194 114024 15130176
is_linear=0
shrinkage=0.05


Tree=29
num_leaves=31
num_cat=5
split_feature=11 11 0 13 10 0 12 2 0 0 6 13 2 13 14 13 0 13 14 13 13 2 4 14 13 10 14 9 14 13
split_gain=1556.07 742.488 438.528 221.419 204.685 199.419 124.216 107.896 83.7428 79.2302 69.841 69.8096 61.8583 57.057 54.3434 54.226 52.0291 56.7041 49.7517 47.8899 42.6461 42.6236 38.5731 38.3333 37.6802 36.5002 35.4647 31.036 30.7403 30.6145
threshold=35.574387947269308 72.264957264957275 5.0650000000000004 4.5000000000000009 8.5000000000000018 5.9150000000000009 3.5000000000000004 6.0050000000000008 3.1350000000000002 3.7850000000000006 50.500000000000007 3.5000000000000004 7.0750000000000011 2.5000000000000004 0 1.5000000000000002 4.1450000000000005 3.5000000000000004 1 5.5000000000000009 2.5000000000000004 3.8950000000000005 39.715000000000011 2 1.5000000000000002 13.500000000000002 3 6.6806136680613681 4 5.5000000000000009
decision_type=2 2 2 2 2 2 2 2 2 2 2 2 2 2 1 2 2 2 1 2 2 2 2 1 2 2 1 2 1 2
left_child=2 5 3 9 16 10 23 11 -5 27 20 -4 13 -7 -12 -11 -3 -18 -13 24 21 -2 -17 -6 -9 -22 -23 -1 -15 -10
right_child=1 4 7 8 6 12 -8 19 29 15 14 18 -14 28 -16 22 17 -19 -20 -21 25 26 -24 -25 -26 -27 -28 -29 -30 -31
leaf_value=-0.027809914665291618 -0.0022518447917665276 -0.022857179982188384 0.00015249899108418091 -0.04014247262926994 0.010126398873268473 0.009782102299080395 0.032130376661879491 0.039042844326348802 -0.016404095974690763 0.0036345755510048118 -0.013334733426368284 -0.0028434042780321458 0.012684941633960512 0.0065485633336502258 -0.00068882900736851147 -0.010472266611455004 0.012383510801612051 -0.013669011289722345 -0.011003290301601453 -0.0040230428032094912 -0.011638431561297079 0.00139015597989111 -0.0032129912561375444 0.022113642315224752 0.0038671484030203419 -0.00038266863036113191 0.0081312695285334202 -0.014708628131372118 0.00039355015598549275 -0.026155753534811168
leaf_weight=565.76781557500362 2832.6651514936239 155.01044421084225 4046.5656816214323 601.50420305714943 1119.5936022186652 5221.8440404487774 3010.0773011408746 77.043201062828302 2220.1335937846452 920.42394881881773 1580.9691686406732 3040.4004140468314 4135.3848491106182 3613.3153532929718 1837.9369296878576 8951.1086897701025 1152.8170989239588 255.07204791903496 4936.0108547210693 2365.4211407769471 945.96591548249125 3766.2181702349335 2300.1932738702744 1906.1947537120432 6437.4132759124041 3018.6009185276926 4072.2147121615708 2248.8260405389592 4625.2114501278847 1262.5370409190655
leaf_count=8618 12490 670 23490 25669 9606 27494 32139 504 41498 2821 8101 29651 21607 19245 9775 77207 7836 1426 50956 25888 6395 18867 18634 17381 43341 18566 22103 21769 25769 36436
internal_value=-5.67918e-12 0.00657297 -0.00711161 -0.0125945 0.0207631 0.00354838 0.0249389 -0.00210941 -0.0229147 -0.0097819 -0.000143362 -0.00519662 0.0073364 0.00569318 -0.00657756 -0.00803366 0.00463641 0.00766349 -0.00791031 0.00207055 0.00135967 0.00300479 -0.0089882 0.0177847 0.00428315 -0.00306835 0.00490444 -0.0173421 0.00310149 -0.0199393
internal_weight=83222.4 43249.1 39973.3 19070.5 7598.77 35650.3 6035.87 20902.9 4084.17 14986.3 18054.6 12023 17595.8 13460.4 3418.91 12171.7 1562.9 1407.89 7976.41 8879.88 14635.7 10671.1 11251.3 3025.79 6514.46 3964.57 7838.43 2814.59 8238.53 3482.67
internal_count=665952 259470 406482 232652 69058 190412 59126 173830 103603 129049 96297 104097 94115 72508 17876 98662 9932 9262 80607 69733 78421 53460 95841 26987 43845 24961 40970 30387 45014 77934
cat_boundaries=0 1 2 3 4 5
cat_threshold=1619162 1581263 4268591 5321067 3224682
is_linear=0
shrinkage=0.05


Tree=30
num_leaves=31
num_cat=5
split_feature=12 13 13 0 0 13 13 0 9 3 9 1 13 6 14 0 13 14 4 14 9 4 14 0 14 13 0 4 6 13
split_gain=1396.56 1107.64 454.258 204.602 186.889 172.727 171.904 119.641 114.887 108.474 72.2909 65.8413 57.4268 51.8546 48.6895 47.9486 46.1322 44.5053 41.6405 39.6866 38.7445 38.2228 37.6961 36.9605 30.6336 29.8914 28.5605 27.5655 26.9248 26.7555
threshold=2.5000000000000004 1.5000000000000002 3.5000000000000004 6.8950000000000005 4.1050000000000013 1.5000000000000002 4.5000000000000009 6.1550000000000011 27.806182339898271 21.450000000000003 40.357943625880857 1.0000000180025095e-35 5.5000000000000009 51.500000000000007 0 7.9250000000000007 3.5000000000000004 1 40.775000000000013 2 25.04545454545455 39.715000000000011 3 3.5250000000000004 4 2.5000000000000004 4.245000000000001 31.675000000000004 51.500000000000007 5.5000000000000009
decision_type=2 2 2 2 2 2 2 2 2 2 2 2 2 2 1 2 2 1 2 1 2 2 1 2 1 2 2 2 2 2
left_child=2 7 5 6 11 9 10 14 23 13 25 -4 20 19 -2 16 -5 -11 28 -1 -6 24 -18 -7 -8 -3 -21 -25 -12 -13
right_child=1 3 4 15 12 8 21 -9 -10 17 18 29 -14 -15 -16 -17 22 -19 -20 26 -22 -23 -24 27 -26 -27 -28 -29 -30 -31
leaf_value=0.0040910147629643215 0.0078015368354937753 0.0033295727642811074 -0.0495448535409546 0.013641795604457569 -0.015606403699958749 -0.020389839118829273 -0.012270622090931705 0.031743677414705899 -0.0016766859042859944 -0.0017882641847837191 0.004721403211678246 -0.021447455471994878 -0.021029457976411328 -0.015494574472538873 0.022001873560947811 0.028392748877285875 0.011019759899371666 0.0090111812300921173 0.010982421520995069 -0.011314967303248756 -0.007706734811912426 0.0015148497840301624 0.00052765208494658111 -0.012739017199782793 -0.004736368868094025 -0.0027652783771419053 -0.00030538782795871543 -0.0069017640932912449 -0.0039272170511841188 -0.034300612882612803
leaf_weight=1787.1103484071791 875.76408866699785 3196.4624639116228 284.91130020585842 3331.2626067008823 2211.1927671530284 835.68313676351681 2021.160472067073 3324.5249160816893 6515.7721094880253 1243.4862542841583 11159.852757241577 1929.1659454694018 1422.1592240324244 790.35458980500698 2245.1548629850149 351.22159050218761 1586.623739041388 4113.2295027114451 2612.7346572130919 1174.1727425307035 5207.6351346438751 1569.0405580857769 1860.2651764750481 3491.657347092405 4174.8909705788828 5427.3943303152919 1182.1239607613534 4806.7441301671788 978.84331916645169 512.43495739065111
leaf_count=7030 7738 17029 13479 16515 31139 9818 21876 37032 40792 5268 60016 35952 35431 3076 21010 1976 10612 20691 13678 3996 50721 16030 13145 28609 42654 34310 5151 37562 5427 18189
internal_value=-7.59693e-12 0.00596811 -0.00711492 0.00273858 -0.0153549 -0.00344047 0.00098929 0.0251434 -0.00674892 0.00159105 0.00313043 -0.0267992 -0.0118256 -0.00375797 0.0181126 0.0103793 0.00944589 0.00651773 0.00525645 -0.00151922 -0.0100612 -0.0054562 0.00539073 -0.0103672 -0.0072215 -0.000506201 -0.00576713 -0.00935786 0.00402399 -0.024145
internal_weight=82223 44715.2 37507.8 38269.8 11567.5 25940.3 31140.4 6445.44 15649.9 10290.5 23375.3 2726.51 8840.99 4933.76 3120.92 7129.37 6778.15 5356.72 14751.4 4143.41 7418.83 7765.09 3446.89 9134.08 6196.05 8623.86 2356.3 8298.4 12138.7 2441.6
internal_count=665952 319048 346904 253268 184911 161993 211020 65780 116781 45212 130460 67620 117291 19253 28748 42248 40272 25959 79121 16177 81860 80560 23757 75989 64530 51339 9147 66171 65443 54141
cat_boundaries=0 1 2 3 4 5
cat_threshold=8751 1057802 10375569 5301667 10669568
is_linear=0
shrinkage=0.05


Tree=31
num_leaves=31
num_cat=6
split_feature=9 13 13 13 13 0 0 0 9 0 0 0 3 4 6 2 14 0 6 4 14 6 3 13 14 14 14 14 2 4
split_gain=1292.83 950.942 485.097 184.301 180.63 168.862 127.207 126.136 98.7435 82.2509 67.0462 62.292 60.9195 57.9645 47.0306 40.1898 38.8036 37.6458 37.4099 36.3699 35.2489 34.5085 33.5151 32.586 32.414 32.2917 32.2876 30.7201 30.1487 29.1723
threshold=35.726558664702999 1.5000000000000002 3.5000000000000004 1.5000000000000002 4.5000000000000009 4.1050000000000013 6.6450000000000005 4.785000000000001 23.597752808988766 6.4450000000000012 1.7350000000000001 6.9750000000000005 21.450000000000003 35.535000000000004 44.500000000000007 5.9350000000000014 0 7.3750000000000009 46.500000000000007 34.195000000000007 1 51.500000000000007 22.845000000000002 5.5000000000000009 2 3 4 5 6.5550000000000006 36.795000000000009
decision_type=2 2 2 2 2 2 2 2 2 2 2 2 2 2 2 2 1 2 2 2 1 2 2 2 1 1 1 1 2 2
left_child=2 9 3 7 6 10 14 12 22 20 -4 28 19 23 15 -3 -14 29 -10 21 -2 26 -5 -7 -9 -21 -1 -13 -6 -8
right_child=1 4 5 8 11 13 17 24 18 -11 -12 27 16 -15 -16 -17 -18 -19 -20 25 -22 -23 -24 -25 -26 -27 -28 -29 -30 -31
leaf_value=-0.015093386808675703 0.01027765683735175 0.0018593949026340017 -0.048981897723610363 -0.013937398725313452 -0.0068065158003085243 -0.013103806397546098 0.0066646704614293202 0.016332731517427489 -0.0012722692592342585 0.032560597735861417 -0.023266925455783405 0.014069683459226504 -0.0031549059982445152 -0.006646776100200362 -0.0009354216273076304 0.0073975341167285937 0.0077413600795770109 0.018143711644071674 -0.0079334535192960697 0.0072199431570743617 0.023092786706769411 -0.023161938701269525 -0.0062717075264438265 -0.023126885085561072 0.0061997822057674196 -0.0062816276444600241 -0.0017643474667794687 0.00047110801446089952 -2.5229252494715957e-05 0.013602359143357282
leaf_weight=727.89899481274188 753.60076540429145 6618.9897803561762 283.97256682184525 3930.516744597815 5316.597738398239 4879.1758462367579 4564.1012284811586 1332.1251165512949 7414.6208912879229 2313.3663349309936 2360.5479242715519 667.24182384647429 1326.6537444442511 3515.8530639098026 5425.1089080888778 6485.8775049634278 2105.8851187676191 1336.4643702898175 2944.9398212749511 809.88795777782798 2512.5390208777972 390.119808036834 2237.5872178608552 972.53434847621247 2031.0132977850735 953.03059377614409 1208.4949196204543 1087.5831377971917 2369.4937353674322 2268.2851685043424
leaf_count=2587 7817 38130 14536 36692 57003 55334 24245 9213 48356 26664 53198 4875 4684 46002 31154 35191 8602 6734 20017 2817 26400 1428 17762 24411 13218 3327 4235 8730 20739 11851
internal_value=-1.80278e-11 0.00613521 -0.00649225 -0.00282085 0.00316912 -0.0148708 0.00527112 0.00223095 -0.00614797 0.0253472 -0.0260282 -0.00277533 -0.00136802 -0.0117209 0.00297961 0.00460034 0.00354339 0.0104691 -0.00316586 -0.0054905 0.0202381 -0.00959512 -0.0111565 -0.0147696 0.0102804 -7.36592e-05 -0.00686185 0.00572459 -0.00471596 0.00896791
internal_weight=81144.1 41719.2 39424.9 27412.8 36139.7 12012.1 26698.8 10885.1 16527.7 5579.51 2644.52 9440.92 7521.97 9367.56 18530 13104.9 3432.54 8168.85 10359.6 4089.43 3266.14 2326.51 6168.1 5851.71 3363.14 1762.92 1936.39 1754.82 7686.09 6832.39
internal_count=665952 299533 366419 172938 238652 193481 147305 50111 122827 60881 67734 91347 27680 125747 104475 73321 13286 42830 68373 14394 34217 8250 54454 79745 22431 6144 6822 13605 77742 36096
cat_boundaries=0 1 2 3 4 5 6
cat_threshold=7349834 8719 10901904 11423900 2205742 5284259
is_linear=0
shrinkage=0.05


Tree=32
num_leaves=31
num_cat=5
split_feature=0 13 13 13 13 0 3 9 0 0 0 4 0 13 14 13 6 4 14 4 4 14 0 0 14 14 2 6 9 13
split_gain=1205.38 874.987 417.766 175.593 166.036 157.195 100.39 95.5906 95.0185 88.0734 81.822 68.9391 59.8771 48.4081 48.1113 44.3523 44.0676 35.5383 34.5923 34.4171 33.0248 31.7517 31.4731 30.9164 25.6528 25.4762 25.2313 24.8718 23.4766 23.3374
threshold=5.5150000000000006 1.5000000000000002 3.5000000000000004 3.5000000000000004 1.5000000000000002 4.1050000000000013 21.450000000000003 23.597752808988766 6.4850000000000012 7.1950000000000012 6.4450000000000012 36.645000000000003 1.7350000000000001 5.5000000000000009 0 5.5000000000000009 51.500000000000007 34.610000000000007 1 34.525000000000013 32.505000000000003 2 8.0350000000000019 6.1050000000000013 3 4 4.1550000000000011 46.500000000000007 29.2837411207577 5.5000000000000009
decision_type=2 2 2 2 2 2 2 2 2 2 2 2 2 2 1 2 2 2 1 2 2 1 2 2 1 1 2 2 2 2
left_child=2 10 4 8 6 12 16 26 19 11 18 13 -4 23 28 17 21 -7 -2 27 -9 -1 -10 -5 -13 -11 -6 -3 -8 -14
right_child=1 3 5 9 7 15 14 20 22 25 -12 24 29 -15 -16 -17 -18 -19 -20 -21 -22 -23 -24 -25 -26 -27 -28 -29 -30 -31
leaf_value=0.0037373034230536793 0.0061165005990025181 0.0028154336019076149 -0.047337021499197732 -0.0061550589811670275 -0.01419236242117451 -0.012533202019727081 -0.0016018410267769137 -0.0062278571962917258 0.010454559526704887 0.003253274043391752 0.031878811573445194 0.006598306316956965 -0.019940167102070607 -0.010362543086191488 0.010716181229699378 -0.019046072426660673 -0.01398844517634143 -0.0056555464649188378 0.02158588269639412 0.0067268032765400131 -0.00055657726092060234 -0.0050442756785519559 0.0365924883277896 0.00025963009259559813 -0.0004450634067745002 0.015379264114421835 -0.0076638772517192326 -0.0047378559495740453 0.0080430076978737254 -0.032388232736645033
leaf_weight=1804.1417274586856 450.90680385380983 4941.926833845675 270.72809935617261 3059.5917868139222 3178.2181310663 4401.7062513856217 1882.787764808163 4798.1060316301882 7326.3108317945153 804.99333954975009 2296.0877241408452 2508.9290407421067 1841.3816101721022 2369.2300496967509 3013.0145260859281 1482.0298133459873 811.25633899867535 3276.3013103236444 2644.1789992162958 4907.3812528084964 5520.2531567169353 2371.6163729084656 117.00889005884528 4865.2436669878662 2660.825993780978 978.15240289829671 2769.7463925899938 1398.2269343920052 948.92782465554774 473.2999504909385
leaf_count=7295 4964 27044 14579 24602 30720 51261 7338 32790 37488 5730 27185 19425 35656 28379 16353 38766 3194 36125 28873 25974 36465 9329 591 32326 22075 6279 23065 7847 6461 17773
internal_value=-2.11279e-12 0.00594362 -0.00632394 0.00312583 -0.0029101 -0.0142 0.0018861 -0.00610389 0.00648312 -0.000512532 0.0247272 -0.00172584 -0.0250878 -0.00409168 0.00633245 -0.011127 -0.00332498 -0.00959842 0.0194217 0.00358301 -0.00319376 -0.00125331 0.0108654 -0.00221693 0.00298505 0.0100095 -0.0111523 0.00114967 0.00162448 -0.0224855
internal_weight=80172.5 41329 38843.5 35937.8 27098.1 11745.4 10831.7 16266.3 18690.9 17247 5391.17 15463.8 2585.41 10294.1 5844.73 9160.04 4987.01 7678.01 3095.09 11247.5 10318.4 4175.76 7443.32 7924.84 5169.76 1783.15 5947.96 6340.15 2831.72 2314.68
internal_count=665952 298782 367170 237760 173010 194160 49970 123040 98944 138816 61022 126807 68008 85307 30152 126152 19818 87386 33837 60865 69255 16624 38079 56928 41500 12009 53785 34891 13799 53429
cat_boundaries=0 1 2 3 4 5
cat_threshold=7382634 8206 10375569 1126639 11475476
is_linear=0
shrinkage=0.05


Tree=33
num_leaves=31
num_cat=4
split_feature=12 13 11 12 13 0 0 13 13 9 0 2 13 4 2 14 14 4 4 6 10 14 4 13 6 14 4 3 4 1
split_gain=1128.1 794.062 339.091 174.952 135.343 108.048 103.912 87.0814 85.8378 71.8155 68.6356 48.9502 47.8532 43.856 41.0697 40.9309 36.6046 36.5159 35.0951 33.4435 31.8847 30.5874 30.4034 30.3946 30.8416 29.3338 28.6072 26.5807 25.4931 25.0901
threshold=2.5000000000000004 1.5000000000000002 16.14143920595534 3.5000000000000004 1.5000000000000002 6.1550000000000011 2.4250000000000003 4.5000000000000009 3.5000000000000004 27.806182339898271 4.785000000000001 7.2150000000000007 2.5000000000000004 31.975000000000005 4.8350000000000009 0 1 38.215000000000011 38.685000000000009 28.500000000000004 7.5000000000000009 2 40.545000000000009 5.5000000000000009 46.500000000000007 3 34.335000000000008 25.070000000000004 35.905000000000008 65.740000000000023
decision_type=2 2 2 2 2 2 2 2 2 2 2 2 2 2 2 1 1 2 2 2 2 1 2 2 2 1 2 2 2 2
left_child=2 5 6 8 10 15 -1 11 19 20 13 22 -8 16 28 -2 -4 -10 25 -3 -6 -15 -5 24 -11 29 -21 -23 -14 -9
right_child=1 3 4 7 9 -7 12 18 17 23 -12 -13 14 21 -16 -17 -18 -19 -20 26 -22 27 -24 -25 -26 -27 -28 -29 -30 -31
leaf_value=-0.03691659065907095 0.0060538713362407789 0.010017758435272523 7.065624284741371e-05 0.0051540861796128719 -0.018322355792174227 0.02908602899840515 -0.0051291929675773042 -0.0071128365048430814 -0.006901139654451916 -0.0013062395765645852 0.0076833891236275185 0.013385790963649197 -0.021060562350027387 -0.004583596892415184 -0.0096750463278432123 0.01934459590301256 -0.010929765145636048 0.0010342598014331462 0.0074368095480220045 -0.0015198124951289402 -0.0086429241774912159 0.0013198945452655452 0.011810385883727221 -0.021658501270559558 -0.0080225853494608999 0.0020772188132677501 0.0044402092887914071 0.011886614277480615 -0.013203547849040907 0.037240569475676784
leaf_weight=523.95676918909885 844.36442014016211 1203.0071665178984 1340.4123396221548 9144.528181290254 956.5378988860175 3012.7047269851901 1293.1701889289543 1838.6814735601656 5735.7916874620132 6932.0534248366021 2689.0773568181321 3229.7479739692062 2930.2682289539371 1279.0283609218895 1991.2050077058375 2082.237819455564 1741.4800142534077 1940.0737063717097 1415.2683739783242 4599.4523541852832 7695.7425313061103 1808.8845416605473 2111.670559136197 222.64628739561886 2268.6672881185077 2332.3899384643883 3580.8079719860107 886.97943033836782 1594.0057670776732 32.447857663035393
leaf_count=24162 7738 6497 5119 50062 9475 37032 10213 16821 55672 50021 17900 17132 56571 4621 33040 21010 6268 17830 12154 26243 69436 6377 11255 3696 16993 19635 19791 3631 29381 176
internal_value=1.09392e-11 0.00546322 -0.00651328 0.00275022 -0.00386326 0.0224392 -0.0153614 0.0059103 -0.000974041 -0.00642397 0.00088609 0.00795972 -0.013915 -0.00170411 -0.0156588 0.0155968 -0.00618057 -0.00489547 0.000626625 0.00223383 -0.00971302 0.00176667 0.00640281 -0.00340406 -0.00296232 -0.00166627 0.00108911 0.00477878 -0.0182924 -0.00630997
internal_weight=79257.3 43103.2 36154.1 37163.9 27821.5 5939.31 8332.61 20104.7 17059.1 18075.6 9745.86 14485.9 7808.65 7056.78 6515.48 2926.6 3081.89 7675.87 5618.79 9383.27 8652.28 3974.89 11256.2 9423.37 9200.72 4203.52 8180.26 2695.86 4524.27 1871.13
internal_count=665952 319048 346904 253268 193537 65780 153367 127235 126033 149621 43916 78449 129205 26016 118992 28748 11387 73502 48786 52531 78911 14629 61317 70710 67014 36632 46034 10008 85952 16997
cat_boundaries=0 1 2 3 4
cat_threshold=8751 10371973 5776962 10964548
is_linear=0
shrinkage=0.05


Tree=34
num_leaves=31
num_cat=7
split_feature=0 13 13 0 2 13 3 12 0 13 4 13 13 14 6 0 0 4 6 9 13 14 14 7 7 4 14 14 14 14
split_gain=1047.63 711.863 342.865 170.116 159.792 111.884 97.9657 84.2267 61.9389 61.1586 54.8815 54.4815 49.8974 48.5717 44.0497 41.5503 39.0572 35.7938 35.0833 33.6697 33.2398 31.1209 30.4137 29.7191 29.4504 30.0328 28.5764 26.3721 26.0926 23.7977
threshold=5.4750000000000005 1.5000000000000002 2.5000000000000004 3.9950000000000006 6.6550000000000011 4.5000000000000009 23.550000000000004 3.5000000000000004 1.9350000000000003 4.5000000000000009 34.335000000000008 1.5000000000000002 3.5000000000000004 0 48.500000000000007 7.1950000000000012 3.0250000000000004 34.655000000000008 46.500000000000007 48.179977916820029 1.5000000000000002 1 2 48.500000000000007 47.500000000000007 36.645000000000003 3 4 5 6
decision_type=2 2 2 2 2 2 2 2 2 2 2 2 2 1 2 2 2 2 2 2 2 1 1 2 2 2 1 1 1 1
left_child=2 7 6 8 5 10 14 22 -4 17 18 13 -6 -8 16 27 -1 -5 -3 -12 24 -13 -2 -7 -18 -26 -17 -14 -25 -15
right_child=1 4 3 9 12 23 11 -9 -10 -11 19 21 15 29 -16 26 20 -19 -20 -21 -22 -23 -24 28 25 -27 -28 -29 -30 -31
leaf_value=-0.019014743576331827 0.0041046819301372422 0.0016988158566935677 -0.042188838767485776 -0.0092302495527877056 0.011236967020098236 -0.016100695442468879 -0.0058177577594928165 0.02859523754958513 -0.019067298178307351 -0.013868876294357369 0.003953760165770836 0.002667291986292088 0.0060360969177437086 0.018125917447206725 -0.011035758424422424 0.003961158932318444 -0.011280910122127636 -0.0034625440850441364 -0.005570407837718813 0.011513783514469989 -0.0063452834209721367 -0.0057765508403210689 0.018590830884399039 -0.012038727773487768 -0.00073727756169330574 0.0092862456385364653 0.019326776538164215 -0.0017030831268779857 -0.0025463216915162616 0.0065562708311415197
leaf_weight=361.66973079461604 470.22931552678347 8185.012482078746 321.74889535247348 6309.6496025049128 5632.4143435917795 556.03375931549817 744.64610387198627 2807.0561379664578 2903.1295720144408 4192.0223680704366 6434.0003373101354 2077.4133420288563 2264.0664274375886 507.86750483885407 2247.9989759819582 564.46470790915191 448.77127940952778 4688.9083606665954 2082.0473867263645 1909.9605389647186 2778.3977907467633 2280.3218489037827 1961.8055978771299 846.24120531789958 2451.4063079319894 1075.0123917870224 691.53547454811633 2130.0681909881532 4826.8041998995468 3673.0761340511963
leaf_count=3017 5119 47413 17498 54937 29559 5971 3298 35383 55698 84681 36827 13792 16844 3026 12475 4098 1894 38057 12421 10096 21783 15762 21829 9633 9751 4248 4447 16498 50172 19725
internal_value=-9.32133e-12 0.00547037 -0.006105 -0.0109442 0.00297228 0.000731064 -0.00132576 0.0226942 -0.0213742 -0.00873 0.00267241 0.00231397 0.00790663 0.0059168 -0.00493442 0.00458675 -0.00300676 -0.00677136 0.000224697 0.00568427 -0.0021495 -0.00175835 0.0158833 -0.00506923 0.000783086 0.00231835 0.0126067 0.00229437 -0.003988 0.00800156
internal_weight=78423.8 41361.7 37062 18415.5 36122.6 24840.1 18646.6 5239.09 3224.88 15190.6 18611 9283.32 11282.5 4925.59 9363.26 5650.13 7115.26 10998.6 10267.1 8343.96 6753.59 4357.74 2432.03 6229.08 3975.19 3526.42 1256 4394.13 5673.05 4180.94
internal_count=665952 306310 359642 250871 243979 172533 108771 62331 73196 177675 106757 55603 71446 26049 53168 41887 40693 92994 59834 46923 37676 29554 26948 65776 15893 13999 8545 33342 59805 22751
cat_boundaries=0 1 2 3 4 5 6 7
cat_threshold=9218 10642990 8207 11225652 5321206 10617344 8781824
is_linear=0
shrinkage=0.05


Tree=35
num_leaves=31
num_cat=4
split_feature=0 13 11 13 0 9 0 13 9 0 4 2 4 4 3 6 3 14 4 6 4 2 14 7 2 14 8 14 13 1
split_gain=978.024 582.007 350.421 149.959 116.431 109.389 95.2797 93.7195 86.7286 50.3665 49.4428 43.7483 42.5685 38.8631 35.7624 35.377 34.6597 32.0803 30.1296 34.0748 29.766 28.8208 27.0999 26.5935 26.402 26.2418 25.8458 25.7725 23.9381 24.5546
threshold=5.7550000000000008 1.5000000000000002 16.14143920595534 1.5000000000000002 6.9350000000000014 30.782539260047916 2.2450000000000006 4.5000000000000009 27.806182339898271 6.4450000000000012 36.380000000000003 7.4650000000000007 40.545000000000009 41.190000000000005 21.450000000000003 44.500000000000007 41.390000000000008 0 27.085000000000004 41.500000000000007 31.745000000000001 4.9750000000000005 1 50.500000000000007 5.8050000000000006 2 34.500000000000007 3 2.5000000000000004 65.740000000000023
decision_type=2 2 2 2 2 2 2 2 2 2 2 2 2 2 2 2 2 1 2 2 2 2 1 2 2 1 2 1 2 2
left_child=2 9 6 5 7 14 -1 12 20 -2 21 28 16 15 18 24 -3 -16 -4 23 -5 -8 -7 -20 -10 -21 -12 -9 -6 -30
right_child=1 4 3 8 11 22 10 27 13 -11 26 -13 -14 -15 17 -17 -18 -19 19 25 -22 -23 -24 -25 -26 -27 -28 -29 29 -31
leaf_value=-0.037094806046019883 0.018364132693397383 0.00015168601882901997 -0.01146069475342687 -0.012301734792263442 0.013858353448514103 0.0034245542086765663 -0.017496224526680395 -0.0072823946374420126 -0.0033381441587492611 0.029413634080088225 0.004251276753886795 0.01695323077525562 0.0094193532840022021 0.0034149375648950078 -0.0065860477551763557 -0.007491764425117467 0.0051299615169133773 0.0047268191530969693 -0.0072710076831348936 -0.0014391341647159519 -0.0063844211473362521 -0.0098622189086430279 0.014374764401766252 0.0057746959227991399 0.0034152416683684277 -0.01595009709098533 -0.0091450809981205149 -0.00054990051563133004 0.0046479464259405806 0.027224920564694305
leaf_weight=414.71322303835768 2039.1330727785826 6068.2121199574322 999.36920798942447 3679.1459335656837 1115.5922343190759 850.39942919183522 4088.5942304080818 2220.9673856375739 6364.3894672803581 2086.727154802531 423.086321644485 1653.4813303537667 3174.9694133587182 2281.1098910532892 759.91227385960519 4088.5783454230987 8249.1426072884351 3389.8410469861701 525.37522140704095 705.48812782019377 5031.9567218478769 1772.2598935989663 1816.3629421610385 1523.2760129263625 1873.1629298767075 560.94881376437843 2416.357015365269 3937.7654535109177 3386.6445750594139 124.87255458533764
leaf_count=21878 24950 35282 3803 35280 5966 6487 72982 23039 48377 27185 4836 10234 17340 16126 2992 31198 45957 15765 2016 2531 45570 27348 16018 5686 13056 2192 41566 37597 22039 656
internal_value=-1.31821e-11 0.00634763 -0.00496242 -0.00265574 0.00392092 0.00211899 -0.0136803 0.00231392 -0.00493495 0.0239526 -0.0125642 0.00997242 0.00418151 -0.00258014 -0.00066322 -0.00368961 0.00301999 0.0026507 -0.00385063 -0.0015565 -0.00888361 -0.0151878 0.0109496 0.00242913 -0.00180247 -0.00800385 -0.00714898 -0.0029905 0.00747786 0.0054508
internal_weight=77621.8 34057.5 43564.3 34449.3 29931.6 11131 9115.01 23651.1 23318.3 4125.86 8700.3 6280.59 17492.3 14607.2 8464.21 12326.1 14317.4 4149.75 4314.46 3315.09 8711.1 5860.85 2666.76 2048.65 8237.55 1266.44 2839.44 6158.73 4627.11 3511.52
internal_count=665952 250245 415707 247097 198110 57490 168610 159215 189607 52135 146732 38895 98579 108757 34985 92631 81239 18757 16228 12425 80850 100330 22505 7702 61433 4723 46402 60636 28661 22695
cat_boundaries=0 1 2 3 4
cat_threshold=9282 1057295 10642873 10931712
is_linear=0
shrinkage=0.05


Tree=36
num_leaves=31
num_cat=5
split_feature=12 13 13 0 0 0 0 13 13 13 0 0 13 6 14 13 14 6 3 9 4 4 4 14 13 6 14 6 14 0
split_gain=921.794 569.206 256.947 161.879 124.546 95.6938 91.1278 78.0385 74.8737 69.3296 50.9055 48.2991 44.855 41.658 38.8503 38.5493 36.3224 34.2357 37.7186 33.6611 33.5126 31.4244 30.2659 25.9533 25.6353 25.3427 23.536 23.3421 23.0376 22.4013
threshold=2.5000000000000004 1.5000000000000002 3.5000000000000004 6.3450000000000006 4.1050000000000013 6.1550000000000011 4.245000000000001 3.5000000000000004 5.5000000000000009 1.5000000000000002 1.7350000000000001 7.4750000000000005 1.5000000000000002 37.500000000000007 0 5.5000000000000009 1 35.500000000000007 28.215000000000003 31.29043028254247 39.015000000000008 34.335000000000008 32.505000000000003 2 5.5000000000000009 44.500000000000007 3 52.500000000000007 4 6.9750000000000005
decision_type=2 2 2 2 2 2 2 2 2 2 2 2 2 2 1 2 1 2 2 2 2 2 2 1 2 2 1 2 1 2
left_child=2 5 6 7 10 16 12 21 11 14 -4 13 23 -5 27 17 -2 -6 -19 22 24 25 -11 -1 26 -3 -9 -8 -20 -7
right_child=1 3 4 8 15 29 9 20 -10 19 -12 -13 -14 -15 -16 -17 -18 18 28 -21 -22 -23 -24 -25 -26 -27 -28 -29 -30 -31
leaf_value=0.0019114650596257902 0.004376866343482705 0.0022473376561310868 -0.045220138625420486 0.009828074756048787 -0.0036028863134984577 0.023644224255346125 0.012256520637790423 -0.0094659385513132764 -0.0021382374618673736 -0.0090147459671157115 -0.020255949114559069 0.017389724272102853 -0.011555426198450923 0.0042794390584896215 0.0006596188787774635 -0.017549285989174275 0.017093381150537788 -0.015660748311012909 0.0014855208663202195 0.00035128314402032386 0.0017282882233179788 0.0055070637660604013 -0.002492100717392347 -0.0068264780370348157 -0.011832356127585295 -0.0048280496703322429 -0.0020004894062926938 -0.003624123949746501 -0.0096319015969586197 0.033526656846669618
leaf_weight=1285.7747988048941 820.33636520337313 4012.5662035904825 225.9589824170107 6067.8448448274285 2611.3305660909973 1936.1379483724013 1401.9982279157266 1462.7042979216203 2297.0697863446549 3333.4371411306784 2121.2410214599222 1153.0374061036855 3807.6593932858668 7644.2648711334914 4427.7544216988608 1285.2936831493862 1954.2290232330561 2097.6293548163958 669.52806023228914 3679.7250140532851 1988.7157421028242 4689.8217504955828 3812.5600717281923 2492.1962520834059 1346.0459613436833 1848.6715956628323 3794.988981350325 277.1266384664923 1539.2005042564124 814.74183822330087
leaf_count=4745 7738 22980 14561 35202 29702 26944 7781 12897 21629 26417 53059 6566 38148 45767 22271 35431 21010 27828 7105 23442 18444 26067 28774 8943 21925 10971 30820 1472 17225 10088
internal_value=-5.35631e-12 0.00501225 -0.00597884 0.00273689 -0.0125034 0.0199629 -0.00317134 -0.000424318 0.00626304 -0.00113109 -0.0226592 0.00756127 -0.00772559 0.00673481 0.00312869 -0.00959737 0.013411 -0.00811992 -0.010859 -0.00353406 -0.00396187 0.00245656 -0.00553476 -0.00386566 -0.00567546 1.57156e-05 -0.00409921 0.0095785 -0.00629878 0.0265712
internal_weight=76899.6 41831.2 35068.4 36305.7 10550.2 5525.45 24518.2 19143.5 17162.2 16932.6 2347.2 14865.1 7585.63 13712.1 6106.88 8202.98 2774.57 6917.69 4306.36 10825.7 8592.45 10551.1 7146 3777.97 6603.74 5861.24 5257.69 1679.12 2208.73 2750.88
internal_count=665952 319048 346904 253268 184911 65780 161993 144104 109164 110157 67620 87535 51836 80969 31524 117291 28748 81860 52158 78633 84086 60018 55191 13688 65642 33951 43717 9253 24330 37032
cat_boundaries=0 1 2 3 4 5
cat_threshold=8538512 8751 8835077 10897920 1056847
is_linear=0
shrinkage=0.05


Tree=37
num_leaves=31
num_cat=4
split_feature=9 13 13 0 0 13 3 12 13 4 4 6 0 0 12 13 0 14 2 4 9 4 4 0 14 14 14 6 3 6
split_gain=864.716 496.031 273.532 144.462 129.934 98.4294 81.423 69.6164 66.5449 53.2962 51.8028 48.7512 38.4373 38.0044 36.4124 34.7148 34.5023 32.2227 31.2189 31.0229 29.1563 27.5986 27.4966 26.4071 26.0872 25.7147 24.5241 22.7733 27.0538 21.7403
threshold=35.726558664702999 1.5000000000000002 2.5000000000000004 3.5750000000000006 6.7250000000000005 4.5000000000000009 28.020000000000003 3.5000000000000004 5.5000000000000009 39.495000000000012 34.610000000000007 48.500000000000007 3.0250000000000004 1.7350000000000001 3.5000000000000004 2.5000000000000004 7.7750000000000012 0 6.205000000000001 32.305000000000007 22.437460913070677 36.010000000000012 39.715000000000011 6.1550000000000011 1 2 3 35.500000000000007 28.540000000000003 40.500000000000007
decision_type=2 2 2 2 2 2 2 2 2 2 2 2 2 2 2 2 2 1 2 2 2 2 2 2 1 1 1 2 2 2
left_child=2 7 6 13 5 14 11 26 10 15 20 12 -1 -4 21 -6 25 -8 27 -13 -5 -3 -14 -19 -7 -17 -2 -12 -29 -16
right_child=1 4 3 8 9 24 17 -9 -10 -11 18 19 22 -15 29 16 -18 23 -20 -21 -22 -23 -24 -25 -26 -27 -28 28 -30 -31
leaf_value=-0.018031615856195948 -0.00049673650980281423 -0.00064440382214087056 -0.043554970911842489 -0.014753149568124985 0.012118649300655877 -0.008666023271781979 0.0066382896026368435 0.026054813798347138 -0.018200113027702983 0.015049915097373863 -0.00093012015727678599 -0.015069596016753431 -0.0026136711637311646 -0.02132033927531115 0.0081492562264307844 -0.0012771010640041918 0.020545259670579338 -0.00092149708458844721 0.0090496041271036966 -0.0047132962117275483 -0.0082409891457927761 0.0045022623938102335 0.004627121391711112 0.024364876872577313 -0.0018613307967722142 0.0059041630084110779 0.015821059290472336 -0.011116107181039748 -0.0028132617167390649 0.002718913952593183
leaf_weight=353.62035713996738 268.36701745539904 7277.3823421504349 226.32425813237205 2350.8506619755644 1784.9924283567816 2194.1731459144503 3310.9975181380287 2490.5641305651516 1596.2373420982622 2118.7801506789401 2191.3657404682599 1308.5204203501344 6723.6746921818703 1273.9815284304786 4084.7908333744854 2016.9557136446238 301.90218793600798 3524.4072784408927 421.48173209279776 1616.3819686621428 6392.7241579978727 4056.894470714964 1628.7419827831909 106.36554126534611 3953.5889789923094 3254.096924004145 2019.8303434895352 2126.9930218448862 1821.1179825272411 3358.5256751477718
leaf_count=3046 2818 44765 14780 32240 9708 25655 20613 34574 46423 13152 22048 7642 39165 32111 22878 14236 1858 22033 3175 9071 62940 23946 9123 707 42466 20893 23489 24060 17242 19095
internal_value=-1.18485e-11 0.0051757 -0.00548465 -0.00980524 0.00307892 0.00118418 -0.00120398 0.0202703 -0.00848527 0.00806238 -0.00747203 -0.00376159 -0.00188529 -0.0246745 0.00298202 0.00605026 0.00410658 0.00308129 -0.0041139 -0.00934642 -0.00999189 0.00119775 -0.0012017 -0.000180222 -0.00430709 0.00316505 0.0139742 -0.00501759 -0.00728631 0.00569901
internal_weight=76154.6 39180.8 36973.8 18401.1 34402.1 24925.4 18572.7 4778.76 16900.8 9476.73 15304.5 11630.9 8706.04 1500.31 18777.6 7357.95 5572.95 6941.77 6560.96 2924.9 8743.57 11334.3 8352.42 3630.77 6147.76 5271.05 2288.2 6139.48 3948.11 7443.32
internal_count=665952 299533 366419 255019 238652 178805 111400 60881 208128 59847 161705 68047 51334 46891 110684 46695 36987 43353 66525 16713 95180 68711 48288 22740 68121 35129 26307 63350 41302 41973
cat_boundaries=0 1 2 3 4
cat_threshold=10896029 10931712 9132608 14
is_linear=0
shrinkage=0.05


Tree=38
num_leaves=31
num_cat=4
split_feature=0 13 11 2 13 0 9 13 9 0 2 4 4 13 14 13 3 4 13 6 2 0 14 7 14 9 4 14 9 6
split_gain=801.942 433.631 261.712 104.156 101.823 77.4439 76.3405 73.3667 69.4313 52.7868 45.5907 43.4577 42.3995 39.5313 32.5216 31.0769 30.9779 28.8162 28.2027 26.5254 26.0025 25.0369 24.7355 24.4231 24.342 23.9988 23.8774 23.284 23.267 23.0323
threshold=5.705000000000001 1.5000000000000002 16.14143920595534 6.7350000000000012 1.5000000000000002 1.9350000000000003 30.782539260047916 4.5000000000000009 27.806182339898271 6.4450000000000012 4.6750000000000007 40.545000000000009 34.610000000000007 3.5000000000000004 0 1.5000000000000002 23.550000000000004 34.045000000000009 4.5000000000000009 44.500000000000007 5.8050000000000006 3.8750000000000004 1 48.500000000000007 2 48.179977916820029 37.525000000000006 3 18.227883825944172 51.500000000000007
decision_type=2 2 2 2 2 2 2 2 2 2 2 2 2 2 1 2 2 2 2 2 2 2 1 2 1 2 2 1 2 2
left_child=2 9 5 7 6 -1 14 12 26 27 15 13 -3 -5 -4 -7 17 29 -12 20 -10 -17 -8 -9 -15 -14 28 -2 -6 -16
right_child=1 3 4 11 8 10 22 23 19 -11 18 -13 25 24 16 21 -18 -19 -20 -21 -22 -23 -24 -25 -26 -27 -28 -29 -30 -31
leaf_value=-0.039582115693859637 0.0082251613799174464 0.0010372267018463844 -0.013822621207671165 0.0098491070663722386 -0.016629693329839247 0.0032685276058179893 0.00082227987330986884 -0.014270521522802544 -0.0022281230895422333 0.027080519596915355 -0.0018932842735776918 0.014846094100170688 0.0044479203237212392 0.00767906678755875 -0.0041049800014858881 -0.020461816107764461 0.0035176424611753688 0.0016693397917375318 -0.011252227771425627 -0.0055601938299810463 0.0043765606390606254 -0.01288318624214615 0.012235001997106953 -0.002385184533642803 -0.00036479948290164848 0.011066331091273668 -0.0039928825236945241 0.019570803349364289 -0.0084484635416712459 -0.016353866562401363
leaf_weight=255.87224594294094 759.16384879825637 8691.9515747595578 454.03326081484556 3881.3598205875605 1053.8689949121326 231.84289378486574 664.9372716108337 473.97202850040048 6932.749192152638 1913.3822142533027 1466.0524536403827 1816.3517994349822 4849.0586520396173 1523.9602552875876 2159.4634342417121 1654.5517562709283 3278.451429868117 2012.8646546630189 1785.1278000194579 4400.3133827662095 1898.2575619760901 3192.6344277565368 1745.3205519877374 4908.1750400955789 2436.6729041393846 1908.8805100955069 2410.6124481931329 1337.3260317654349 4955.316004622262 466.72931275889277
leaf_count=17029 9731 51160 1666 21059 12244 972 5065 4907 53891 27185 13731 11434 28027 10708 8322 38271 15464 7677 39183 34453 13443 57312 15445 50347 19197 10429 21781 17293 46740 1786
internal_value=-5.33706e-12 0.00561816 -0.00472532 0.00358532 -0.0026704 -0.0124875 0.00129963 0.00159549 -0.0046474 0.0210755 -0.0116553 0.00787718 0.00334682 0.00626305 -0.000957884 -0.0146147 -0.000202435 -0.00283187 -0.00703201 -0.00238871 -0.000808422 -0.0154701 0.00914066 -0.00343185 0.00274876 0.00631739 -0.00819683 0.015595 -0.00988326 -0.00628186
internal_weight=75519.3 34500.3 41019 30490.4 32432.9 8586.08 10781.8 20832 21651.1 4009.87 8330.21 9658.34 15449.9 7841.99 8371.54 5079.03 7917.51 4639.06 3251.18 13231.3 8831.01 4847.19 2410.26 5382.15 3960.63 6757.94 8419.8 2096.49 6009.18 2626.19
internal_count=665952 261477 404475 207268 237977 166498 55425 144870 182552 54209 149469 62398 89616 50964 34915 96555 33249 17785 52914 101787 67334 95583 20510 55254 29905 38456 80765 27024 58984 10108
cat_boundaries=0 1 2 3 4
cat_threshold=2 1057294 5252518 5251631
is_linear=0
shrinkage=0.05


Tree=39
num_leaves=31
num_cat=6
split_feature=12 13 11 0 0 13 4 0 4 13 13 14 14 0 6 14 0 13 3 8 0 3 0 1 11 14 14 14 13 6
split_gain=745.37 410.005 201.224 143.612 85.6682 76.6459 71.199 70.4778 57.06 48.6894 48.3053 41.9473 36.9625 35.4499 35.235 32.8033 32.1566 31.2209 29.7538 28.6724 28.4614 28.3419 25.9086 25.0538 23.3564 23.0233 22.0498 21.356 20.0813 19.8604
threshold=2.5000000000000004 1.5000000000000002 16.345083487940634 6.5050000000000008 6.4450000000000012 3.5000000000000004 32.360000000000007 1.9350000000000003 40.545000000000009 3.5000000000000004 1.5000000000000002 0 1 3.9950000000000006 48.500000000000007 2 5.0250000000000012 1.5000000000000002 40.055000000000007 34.500000000000007 7.9250000000000007 25.070000000000004 7.2550000000000008 45.230000000000011 49.576271186440685 3 4 5 5.5000000000000009 41.500000000000007
decision_type=2 2 2 2 2 2 2 2 2 2 2 1 1 2 2 1 2 2 2 2 2 2 2 2 2 1 1 1 2 2
left_child=2 4 7 5 11 18 14 -1 9 20 12 -2 -8 28 19 -7 -12 -15 -3 -4 23 29 27 -5 -21 -19 -26 -11 -9 -14
right_child=1 3 6 8 -6 15 10 13 -10 22 16 -13 21 17 -16 -17 -18 25 -20 24 -22 -23 -24 -25 26 -27 -28 -29 -30 -31
leaf_value=-0.038977874509383323 0.0041155013992335869 0.00039737941489673676 -0.013625534096280445 0.017196050801922842 0.026364742301280237 0.00051538758848461647 -0.0051349336222584431 -0.014994844941139368 0.013409965010003112 -0.0036490679821599287 -0.005554677816085124 0.016525907263867257 0.0055419451906172377 0.013813533289223086 -0.010921353593873325 -0.0053823005411488883 0.00045765749195499024 -0.013901219052396453 0.0053877488303622212 -0.0054775699866726098 0.033996201223434358 0.01039071238490036 0.0085380897485911374 0.0067088384447176949 -0.0055390527431453352 -0.0069345639279661947 0.0042601956609658034 0.0032604265152917952 -0.028750756786248916 -0.0036507280604006023
leaf_weight=244.5032358400058 987.21644113911316 6113.8844386022538 811.80008055921644 647.91589950397611 1838.146155256778 3845.1311317733489 1113.2240066770464 2045.4850807331968 2552.9771298132837 2022.5975359203294 5573.1465218132362 2366.7698796021286 1430.5602495595813 141.33363724499941 2991.2854895810597 6096.9134446373209 3700.6904136445373 2169.2621649391949 5839.9134085215628 5842.5661882981658 107.21522465348244 1567.8761631883681 1158.5172617658973 4705.5208402425051 938.42492771148682 2798.6624165007379 1444.5663190828636 2476.2826254302636 304.85012025339529 997.04850498680025
leaf_count=17025 10435 36051 6399 3375 26928 36019 4838 35886 16019 15920 51944 28417 6011 475 22293 60346 27149 39059 32729 48389 633 8729 8014 25778 4765 48303 7971 18384 13689 3979
internal_value=-1.0848e-11 0.00456407 -0.00545289 0.00264804 0.0176892 0.000137522 -0.00337892 -0.0125629 0.00666894 0.00512103 -0.0010048 0.0129346 0.00289932 -0.0116971 -0.00621764 -0.00310624 -0.00315548 -0.00935927 0.00283538 -0.00466076 0.00848893 0.00513783 0.00187026 0.00797809 -0.003776 -0.0100185 0.000395873 0.000153206 -0.0167791 0.0017664
internal_weight=74874.3 40759 34115.3 35566.9 5192.13 21895.8 26411.2 7704.1 13671 11118 14382.5 3353.99 5108.71 7459.59 12028.6 9942.04 9273.84 5109.26 11953.8 9037.36 5460.65 3995.48 5657.4 5353.44 8225.56 4967.92 2382.99 4498.88 2350.34 2427.61
internal_count=665952 319048 346904 253268 65780 165145 192467 154437 88123 72104 102650 38852 23557 137412 89817 96365 79093 87837 68780 67524 29786 18719 42318 29153 61125 87362 12736 34304 49575 9990
cat_boundaries=0 1 2 3 4 5 6
cat_threshold=8751 5251586 1573327 11935376 2167855 10898957
is_linear=0
shrinkage=0.05


Tree=40
num_leaves=31
num_cat=7
split_feature=9 13 13 0 0 3 13 12 13 0 6 13 1 0 14 4 6 3 4 1 13 7 14 14 7 4 14 14 14 14
split_gain=695.964 360.945 223.382 116.92 94.1122 81.0267 68.7811 63.0742 50.0685 49.7549 44.8309 44.2065 44.0765 40.4161 37.7454 36.1937 29.5521 29.5116 27.4188 29.9328 24.482 25.6536 24.0207 22.7493 22.0636 21.6458 21.4464 21.1751 20.7501 19.6433
threshold=35.726558664702999 1.5000000000000002 3.5000000000000004 6.4850000000000012 4.1850000000000014 23.550000000000004 4.5000000000000009 3.5000000000000004 5.5000000000000009 3.7850000000000006 36.500000000000007 1.5000000000000002 1.0000000180025095e-35 7.3750000000000009 0 36.645000000000003 48.500000000000007 46.690000000000005 40.545000000000009 45.550000000000004 1.5000000000000002 49.500000000000007 1 2 55.500000000000007 42.120000000000012 3 4 5 6
decision_type=2 2 2 2 2 2 2 2 2 2 2 2 2 2 1 2 2 2 2 2 2 2 1 1 2 2 1 1 1 1
left_child=2 7 5 6 12 9 17 28 13 23 20 14 -4 18 -7 26 25 24 19 -5 21 27 -18 -1 -3 -13 -6 -11 -2 -16
right_child=1 3 4 8 15 11 -8 -9 -10 10 -12 16 -14 -15 29 -17 22 -19 -20 -21 -22 -23 -24 -25 -26 -27 -28 -29 -30 -31
leaf_value=-0.0055585586185239013 -0.0013455128029248118 0.0015487043385216948 -0.043450640730902025 0.01282452870411919 -0.015038348279442155 -0.0063001042905438259 -0.004800370442185428 0.023786948409364649 -0.0010668629859753463 -0.018930920490211639 -0.0069452639943445348 -0.0012478146914831042 -0.017755911360873771 0.015300019568510374 0.015308225449330829 -0.0037136197189862486 -0.012882218481463726 0.005678991576627229 0.01192113441251955 0.0041598436343991988 -0.0032972269272959331 0.0071150782184652766 -0.0023943489818293588 -0.016270106237334731 -0.0055234920582033914 0.0076180620665256844 -0.0083946056924415445 0.0031780513567941865 0.013705738115093942 0.0046676989199893283
leaf_weight=844.32048416743055 266.11765545234084 9675.4475023178384 180.06715065380558 1151.9048223737627 1960.4814125117846 731.50549300573766 4725.2722112224437 2307.4116080093663 1913.2272343151271 185.24460038729012 5484.4558758512139 5175.4118868028745 2282.6147461398505 1506.8208852224052 491.26844076346606 2674.4255210573319 932.31720622070134 4189.1912263548002 1932.7018635571003 7399.6089660134166 2778.527482165955 1500.3306973716244 1335.6469764765352 1328.1367162768729 1244.7014684397727 794.07744747120887 3542.0537838791497 242.41574361547828 1911.565890010912 3593.7537180297077
leaf_count=6860 2818 59693 13461 7260 30433 3387 56620 34574 17874 850 36222 37915 60212 8866 3272 37249 7474 24348 11485 44723 22506 6398 10078 11114 7783 5406 52126 1052 23489 20404
internal_value=-5.76597e-12 0.00470058 -0.00498307 0.00292908 -0.0110658 -0.00243685 0.000464674 0.0180266 0.00644458 -0.00533766 -0.00387318 0.000310518 -0.0196347 0.00764306 0.00411566 -0.00848514 -0.00191439 0.00211126 0.00654258 0.00532699 -0.000293303 0.00403581 -0.00677307 -0.0122076 0.000742601 -6.8452e-05 -0.0108043 -0.00676698 0.0119232 0.0059816
internal_weight=74281 38224 36057.1 33738.9 10639.6 25417.4 19834.6 4485.1 13904.3 12363.4 10191 13054 2462.68 11991 4816.53 8176.96 8237.45 15109.3 10484.2 8551.51 4706.52 1927.99 2267.96 2172.46 10920.1 5969.49 5502.54 427.66 2177.68 4085.02
internal_count=665952 299533 366419 238652 193481 172938 148444 60881 90208 85002 67028 87936 73673 72334 27063 119808 60873 91824 63468 51983 30806 8300 17552 17974 67476 43321 82559 1902 26307 23676
cat_boundaries=0 1 2 3 4 5 6 7
cat_threshold=9218 5791440 11421185 10624560 5795947 14 8781824
is_linear=0
shrinkage=0.05


Tree=41
num_leaves=31
num_cat=8
split_feature=0 13 13 9 9 2 13 0 4 4 13 0 13 14 13 4 13 14 0 14 4 0 6 14 14 14 4 0 14 14
split_gain=658.462 299.477 220.638 164.861 102.768 84.6154 62.758 62.4424 45.1723 39.6235 36.2956 35.2443 35.2404 32.3189 30.6774 27.3471 31.1695 26.0219 30.1885 25.3883 25.2261 24.7508 24.5635 24.2555 23.2067 23.0486 21.6544 20.1112 19.0017 18.361
threshold=5.9150000000000009 1.5000000000000002 2.5000000000000004 25.255128605644071 30.782539260047916 6.9250000000000007 5.5000000000000009 2.5950000000000002 35.165000000000006 30.345000000000002 2.5000000000000004 6.785000000000001 5.5000000000000009 0 4.5000000000000009 42.605000000000011 4.5000000000000009 1 6.2750000000000012 2 34.945000000000007 3.8750000000000004 41.500000000000007 3 4 5 34.045000000000009 3.2450000000000006 6 7
decision_type=2 2 2 2 2 2 2 2 2 2 2 2 2 1 2 2 2 1 2 1 2 2 2 1 1 1 2 2 1 1
left_child=2 11 4 7 9 6 10 -4 14 19 -3 24 26 -6 -5 16 -7 -12 -19 -1 -15 28 -23 -18 -2 -24 -9 -21 -11 -8
right_child=1 5 3 8 13 15 29 12 -10 21 17 -13 -14 20 -16 -17 23 18 -20 27 -22 22 25 -25 -26 -27 -28 -29 -30 -31
leaf_value=-0.0026588398558265976 0.0083209433337570454 0.0070629164545847889 -0.031406099988159818 -0.0045687188091285838 0.0082469930972050836 0.0098145925128931399 -0.00079731012436035109 -0.013571895013770742 -0.00094910768628357243 0.00034114606110067299 0.0048045540274805421 0.028067459025312477 -0.022792725687692288 -0.001624707954028996 -0.010817379057743933 0.016499972236265578 0.0075067770197740141 -0.0045830781283454289 0.0023894707271352868 -0.03136288129161701 0.0061881734503703373 0.0031690377939366946 0.004339452250551064 -0.0040427037515233626 0.020331803855119519 -0.0050267289629581848 -0.0077619481081832213 -0.0088670396502594367 -0.010639429371331121 -0.010005650162783231
leaf_weight=2572.6445007957518 626.76316618733108 4817.150939360261 442.85487189376727 6671.8682057373226 3328.686272745952 4364.4563069203869 1050.0267391297966 3501.5741012538783 6323.1970745362341 665.92410460393876 4542.5535696009174 1049.1578462310135 690.75903838663362 2457.1204931512475 2783.7227325020358 985.31657519191504 941.12135303020477 2405.6505726967007 4376.6731396093965 103.63840011879802 1782.7689505759627 4068.0178737211972 881.35414335876703 862.98232202604413 1423.5698405695148 2508.738727953285 2959.0611061290838 2401.6981074921787 972.06213317904621 1127.5628934456035
leaf_count=15764 9392 26435 26299 52291 25569 24817 11663 51489 62641 4186 29021 15346 26541 18073 48175 6193 7831 17457 28511 848 12579 23360 4987 7759 21461 14487 39881 13803 6056 13037
internal_value=2.22008e-11 0.00593911 -0.0037614 -0.00713384 -0.000136065 0.00415354 0.00235275 -0.0131868 -0.00422059 -0.00264797 0.00342762 0.0206139 -0.0120585 0.00456811 -0.00640832 0.008765 0.00752947 0.00188131 -8.35284e-05 -0.00618616 0.00165651 -0.000672741 0.000549559 0.00200135 0.0168 -0.00259374 -0.0109109 -0.00975867 -0.00623814 -0.00561503
internal_weight=73688.7 28573 45115.7 23373 21742.7 25473.5 18319.6 7594.25 15778.8 14174.1 16142 3099.49 7151.39 7568.58 9455.59 7153.88 6168.56 11324.9 6782.32 5077.98 4239.89 9096.1 7458.11 1804.1 2050.33 3390.09 6460.64 2505.34 1637.99 2177.59
internal_count=665952 218923 447029 307317 139712 172724 126124 144210 163107 83491 101424 46199 117911 56221 100466 46600 40407 74989 45968 30415 30652 53076 42834 15590 30853 19474 91370 14651 10242 24700
cat_boundaries=0 1 2 3 4 5 6 7 8
cat_threshold=10899332 1124459 13552276 5814177 4203055 14811148 12501009 1954024
is_linear=0
shrinkage=0.05


Tree=42
num_leaves=31
num_cat=3
split_feature=0 13 11 0 4 0 13 2 6 6 9 13 0 13 0 14 4 0 4 11 14 2 8 4 13 4 1 13 14 6
split_gain=613.622 270.42 203.393 86.1927 79.2996 64.7154 62.1906 60.8055 47.0418 41.7767 38.67 38.0445 36.8995 36.5587 33.9843 33.149 32.4602 30.4834 30.2326 28.6904 26.8991 25.5839 22.8625 22.3061 23.6744 20.0083 19.7116 19.5956 19.0593 18.9122
threshold=5.9150000000000009 1.5000000000000002 16.14143920595534 6.9750000000000005 39.82500000000001 3.9950000000000006 5.5000000000000009 5.3850000000000007 40.500000000000007 38.500000000000007 7.7108881456707552 1.5000000000000002 1.7350000000000001 1.5000000000000002 6.9750000000000005 0 36.795000000000009 7.9250000000000007 32.505000000000003 64.365079365079382 1 6.9250000000000007 36.500000000000007 37.525000000000006 3.5000000000000004 23.410000000000004 21.495000000000001 3.5000000000000004 2 51.500000000000007
decision_type=2 2 2 2 2 2 2 2 2 2 2 2 2 2 2 1 2 2 2 2 1 2 2 2 2 2 2 2 1 2
left_child=2 14 5 6 7 12 9 8 10 21 -4 -9 -1 15 20 -12 27 23 -11 29 -2 -3 -18 24 -5 -10 -15 -7 -13 -6
right_child=1 3 4 17 19 16 -8 11 25 18 13 28 -14 26 -16 -17 22 -19 -20 -21 -22 -23 -24 -25 -26 -27 -28 -29 -30 -31
leaf_value=-0.039726463538754503 0.0065581351903417594 0.0047339542516313411 -0.023081799805093423 0.010829130088644702 0.0027136870910354927 -0.0044216418426228045 -0.0051445392683597286 0.0066306204390271161 -0.012840673225835634 -0.0019993577877636518 -0.004141553952097682 0.0011792294279661609 -0.015700468508910808 -0.0099648219961298613 0.029557445304780706 0.0055627467887494758 0.0093352706080323221 0.024704605512172795 0.0037973959794173036 0.010955235522661278 0.019848625300891643 0.011683303156499231 -0.0049602425899988069 0.013772289664127666 0.0027395473165240831 -0.0063896310881626775 -0.0030339991974395863 -0.012267742873308368 -0.0040239456030105583 -0.0046654575755695335
leaf_weight=171.82390374131501 524.37321766186506 6795.2796358792111 225.19493154808879 1716.545769425109 5257.414809958078 1063.5307824807242 2327.0387955410406 1863.7762664146721 1441.7414982626215 4069.8376714317128 1409.6578637296334 3542.3037952957675 2285.1229962203652 1230.9957517934963 696.99056167947128 2310.1986052198336 335.49071592465043 315.74663675576448 5028.3139846036211 918.30403187684715 1809.5664524768945 1645.0093623138964 1681.3003984324168 1525.8264937438071 1911.5910829566419 7227.0307691241615 6156.4382888511755 3160.8681754160207 3483.9627612065524 1040.0763275781646
leaf_count=14348 8020 42802 2165 9723 37551 9218 26839 15921 11109 26189 6477 26741 52248 13988 10155 12172 3589 1976 31547 7072 28024 9857 29340 9748 14043 54165 51709 64995 26783 7438
internal_value=3.70832e-13 0.00575459 -0.00364322 0.00406603 -0.00198977 -0.0105069 0.00253573 -0.0031608 -0.00469006 0.00355477 -0.00256926 0.000279803 -0.0173807 -0.00215338 0.019869 0.00188907 -0.00780092 0.00962393 0.00120436 0.00269891 0.0169758 0.00608838 -0.0025822 0.00870005 0.00656689 -0.00746253 -0.00418891 -0.0102924 -0.00140481 0.00149497
internal_weight=73171.4 28366.1 44805.2 25335.2 36107.1 8698.14 19865.5 28891.3 20001.3 17538.4 11332.5 8890.04 2456.95 11107.3 3030.93 3719.86 6241.19 5469.71 9098.15 7215.8 2333.94 8440.29 2016.79 5153.96 3628.14 8668.77 7387.43 4224.4 7026.27 6297.49
internal_count=665952 218923 447029 172724 273291 173738 137234 221230 151785 110395 86511 69445 66596 84346 46199 18649 107142 35490 57736 52061 36044 52659 32929 33514 23766 65274 65697 74213 53524 44989
cat_boundaries=0 1 2 3
cat_threshold=2105903 8750 2290870
is_linear=0
shrinkage=0.05


Tree=43
num_leaves=31
num_cat=6
split_feature=12 11 13 0 2 13 0 13 11 13 6 6 10 3 6 9 4 14 13 14 11 14 4 4 14 4 0 14 13 14
split_gain=585.155 223.893 214.659 94.1628 58.2678 54.209 52.5615 55.1407 49.1231 45.7488 45.391 37.9126 36.7568 35.8264 32.3154 24.085 23.797 24.0085 23.6489 27.3389 23.2953 22.9845 22.9559 21.2114 20.6113 20.049 19.6265 19.2388 19.0296 18.7197
threshold=3.5000000000000004 29.340028694404594 1.5000000000000002 4.1450000000000005 5.3850000000000007 5.5000000000000009 7.4750000000000005 4.5000000000000009 70.750469043151995 5.5000000000000009 37.500000000000007 40.500000000000007 4.5000000000000009 23.830000000000002 37.500000000000007 5.6214887640449449 40.900000000000006 0 1.5000000000000002 1 54.316770186335411 2 39.960000000000008 31.975000000000005 3 35.675000000000004 7.035000000000001 4 1.5000000000000002 5
decision_type=2 2 2 2 2 2 2 2 2 2 2 2 2 2 2 2 2 1 2 1 2 1 2 2 1 2 2 1 2 1
left_child=1 3 26 5 11 15 7 14 24 10 25 12 -3 -12 -4 -1 20 -18 19 -17 -14 -9 28 -16 -6 -5 27 -2 -15 -27
right_child=2 4 6 9 8 -7 -8 21 -10 -11 13 -13 16 22 23 18 17 -19 -20 -21 -22 -23 -24 -25 -26 29 -28 -29 -30 -31
leaf_value=-0.021055461781888069 0.012113212659806858 -0.010557528303218043 0.0092599830227032606 -0.0026942180287533235 0.0047118503979044673 -0.028881423761382703 0.015095220095419984 -0.0036651873384888332 0.010230071788616228 -0.011284995826992456 -0.010973293177830558 -0.0045768796942118892 -0.0019972228393598719 0.015344647829102574 0.00084640963740095256 -0.013165849404601655 0.012381573778584258 -9.7256266367933456e-06 -0.011050926625876286 0.011126560622108872 0.0038075115542254346 0.0031896516984160649 0.0021571771714276968 0.0063498191311189226 -0.00018573188077689951 0.0086291891299720251 0.029570257035097372 0.023543822998686712 -0.0060692537425682709 -0.00069002401962398236
leaf_weight=528.59019595570862 729.84565610997379 749.8932827571407 5338.3604092579335 3674.454569239635 3072.8788387402892 466.38630506698973 1268.661235332489 2240.8040415416472 1814.6901369378902 2395.2238989425823 2654.8974343100563 7453.2082871212624 5479.4574266700074 106.19645230844617 2926.3454138394445 189.03975090757012 823.04962667543441 746.45249536354095 3687.1617507766932 267.19796464405954 2524.793575072661 2667.6608716864139 1212.4816549578682 4358.5890250783414 7091.1409421656281 940.45829667523503 569.98530928231776 971.57553271716461 4499.2027867576107 1248.1095529682934
leaf_count=16329 11913 4886 30698 38344 19803 26685 8139 21309 20349 57050 30133 46095 35406 477 17472 795 5033 4729 55551 946 16278 24237 11253 25380 46056 8858 8453 15396 45811 12088
internal_value=5.93675e-12 -0.00286595 0.00702145 -0.00670679 -4.30608e-05 -0.012627 0.00526734 0.00455616 0.00265234 -0.00488858 -0.00381987 -0.00185932 0.000102635 -0.00616028 0.00630471 -0.0110044 0.000937625 0.00656712 -0.00972217 0.00101643 -0.000166226 5.93234e-05 -0.00396394 0.00413911 0.0012994 -0.000437696 0.0215402 0.0188501 -0.00557547 0.00335085
internal_weight=72696.8 51625 21071.8 21869.4 29755.6 5138.38 18800.4 17531.8 11978.7 16731 14335.8 17776.9 10323.6 8472.78 12623.3 4671.99 9573.75 1569.5 4143.4 456.238 8004.25 4908.46 5817.88 7284.93 10164 5863.02 2271.41 1701.42 4605.4 2188.57
internal_count=665952 502955 162997 304320 198635 100306 127235 119096 86208 204014 146964 112427 66332 87674 73550 73621 61446 9762 57292 1741 51684 45546 57541 42852 65859 59290 35762 27309 46288 20946
cat_boundaries=0 1 2 3 4 5 6
cat_threshold=8892701 114506 10637070 6555172 5318191 2213195
is_linear=0
shrinkage=0.05


Tree=44
num_leaves=31
num_cat=6
split_feature=12 13 13 0 9 0 13 1 13 4 4 14 6 13 3 4 14 6 6 6 2 0 6 0 14 14 0 14 13 14
split_gain=542.747 241.663 144.021 122.87 101.646 68.5797 58.8356 49.0117 44.791 39.6793 37.8718 33.242 29.376 28.7507 27.881 27.8795 26.022 25.6592 25.567 24.9812 24.9671 24.2976 21.9664 20.693 21.0513 20.6047 20.4427 19.6659 18.8858 22.6946
threshold=2.5000000000000004 1.5000000000000002 2.5000000000000004 6.5050000000000008 23.597752808988766 6.4450000000000012 5.5000000000000009 1.0000000180025095e-35 3.5000000000000004 32.165000000000006 34.525000000000013 0 35.500000000000007 5.5000000000000009 25.070000000000004 41.475000000000001 1 51.500000000000007 38.500000000000007 48.500000000000007 5.3350000000000009 7.2550000000000008 41.500000000000007 3.7850000000000006 2 3 7.9250000000000007 4 2.5000000000000004 5
decision_type=2 2 2 2 2 2 2 2 2 2 2 1 2 2 2 2 1 2 2 2 2 2 2 2 1 1 2 1 2 1
left_child=2 5 9 6 7 11 10 -4 17 19 18 -2 -6 -9 22 21 -16 26 25 23 -14 -10 -11 24 -1 -3 -5 -19 -12 -30
right_child=1 3 4 8 12 -7 -8 13 15 14 28 -13 20 -15 16 -17 -18 27 -20 -21 -22 -23 -24 -25 -26 -27 -28 -29 29 -31
leaf_value=-0.0011897046155315849 0.0023044431190356622 -0.0017666667601860184 -0.041084880371877852 0.0095858739777647892 -0.0016673331824327859 0.022820103225116867 -0.0079628567947717388 -0.011365458208032775 0.00035383106168093492 0.00086062076620710783 0.007075926687157558 0.013553056676550069 -0.0094685174282270867 -0.022955576770175075 -0.0014077193528120905 0.010607851970861264 0.0069269392238750505 0.0068432286903961055 -0.0031400488924233153 -0.0090212278950114813 -0.0028041975628320804 0.0083883487757302876 -0.0057753232786089386 -0.0013119514205653191 -0.018514402920764235 0.004789772074190359 0.030086805917524252 -0.016793421878662805 -0.0018477411181573704 0.0045018916048750034
leaf_weight=342.28178453585133 957.62334455922246 2227.0601833350956 154.55271718569566 5996.5110028833151 3903.9051335523836 1630.358860226348 2023.8245581341907 5209.4873982614372 4511.3964939089492 3235.1762813031673 2581.513283457607 2201.5492861198727 4119.895131919533 596.32207151083276 1489.8292666906491 1135.9355019815266 2513.4963706023991 184.28668614476919 5987.1906628394499 1974.9011706104502 2133.0089967786334 1188.988422382623 2029.3270495049655 4862.0960329612717 368.30856302659959 2577.3424854008481 124.11587946861982 152.83157035335898 2357.0088348989375 3471.8258822239004
leaf_count=2342 10435 15838 13428 33593 43486 26928 32316 84092 35344 19550 14445 28417 51759 27386 9249 8052 15801 1073 42834 12186 23073 8304 11745 30184 2623 17552 800 957 17524 24636
internal_value=5.88576e-12 0.00396679 -0.00473488 0.00250649 -0.00811226 0.0144916 0.000145716 -0.0132957 0.0062758 -0.00149774 0.00100033 0.0101935 -0.00507047 -0.0125559 0.000694122 0.00345504 0.003839 0.00926192 -0.000959954 -0.00418917 -0.00719517 0.00202967 -0.00169736 -0.00247674 -0.0104466 0.00175686 0.0100016 -0.00416753 0.00351564 0.00193884
internal_weight=72242 39309.4 32932.6 34519.8 16117.2 4789.53 21225.8 5960.36 13294.1 16815.4 19201.9 3159.17 10156.8 5805.81 9267.83 6836.32 4003.33 6457.75 10791.6 7547.59 6252.9 5700.38 5264.5 5572.69 710.59 4804.4 6120.63 337.118 8410.35 5828.83
internal_count=665952 319048 346904 253268 243224 65780 165145 124906 88123 103680 132829 38852 118318 111478 56345 51700 25050 36423 76224 47335 74832 43648 31295 35149 4965 33390 34393 2030 56605 42160
cat_boundaries=0 1 2 3 4 5 6
cat_threshold=8751 5876738 11409092 15495361 13416997 6800900
is_linear=0
shrinkage=0.05


Tree=45
num_leaves=31
num_cat=6
split_feature=0 13 13 9 9 0 13 13 0 13 0 14 4 14 9 2 7 14 14 2 14 1 13 2 6 6 6 14 4 6
split_gain=514.238 200.048 161.55 96.45 95.2466 73.1084 56.1821 55.7002 45.1645 34.5876 30.6274 30.6172 29.2818 29.1284 27.7976 27.6061 25.4176 23.9115 23.9085 22.964 22.211 20.9677 20.5444 20.3243 19.7397 19.2979 18.5178 17.9797 21.8075 17.8087
threshold=5.9150000000000009 1.5000000000000002 3.5000000000000004 25.04545454545455 30.782539260047916 6.9750000000000005 4.5000000000000009 1.5000000000000002 1.7350000000000001 1.5000000000000002 6.9750000000000005 0 40.545000000000009 1 19.450729009552543 7.4650000000000007 49.500000000000007 2 3 6.6550000000000011 4 43.910000000000004 5.5000000000000009 4.535000000000001 46.500000000000007 26.500000000000004 60.500000000000007 5 51.240000000000002 29.500000000000004
decision_type=2 2 2 2 2 2 2 2 2 2 2 1 2 1 2 2 2 1 1 2 1 2 2 2 2 2 2 1 2 2
left_child=2 10 4 8 7 6 12 13 -4 18 17 -5 19 23 -9 -7 -8 -2 -6 -3 21 -21 -10 -1 -16 -23 -25 -11 -29 -13
right_child=1 5 3 11 9 15 16 14 22 27 -12 29 -14 -15 24 -17 -18 -19 -20 20 -22 25 -24 26 -26 -27 -28 28 -30 -31
leaf_value=-6.4638281030420926e-05 0.005186229895976318 0.0015082030312529009 -0.041388825950241778 -0.0018072520582324695 0.0015427831699506003 0.0068488798006923843 -0.012880944734875568 -0.010345907803128126 -0.01159288248356153 0.0035538809253688169 0.027448789570666179 -0.001434018865743105 0.0088282937403698081 -0.0028931794004063375 -0.0027633042595075225 0.01487961962776458 -0.00085866328609773043 0.017875916780771769 0.010723211944628996 0.010894278995051737 0.0094196824123579902 0.040574424120538154 -0.021084481730260535 0.0087028500088933494 -0.0083176019508511608 -0.0034476775849930511 -0.035565490952302804 -0.00166455291259267 0.018227075688233469 -0.0089604025815617043
leaf_weight=2021.1908647418022 510.08904556883499 8017.6710264952853 147.17499745218083 4092.328362676315 1232.0505530023947 3907.2160365879536 484.66219306830317 2721.8278501885943 3380.1015633002389 3271.0033862143755 643.73271454125643 960.27778098592535 2650.8570585716516 5184.3989807358012 5258.5467541376129 1473.76176491566 4733.1900619873777 1706.4943315589335 1705.6545209819451 418.4652728959918 2214.8931091595441 25.522812837734818 685.76990278414451 1302.6821523299441 2298.9796187691391 1011.8328406326473 24.059728879481554 5245.6716250171885 141.50299800559878 4329.6896446021274
leaf_count=8241 8020 48257 14300 50247 10649 25861 5000 30685 65994 20732 10155 12771 15180 21411 43397 9629 47272 28024 17678 2523 12795 144 30770 6695 20153 6063 119 34398 879 57910
internal_value=-4.29078e-12 0.00532374 -0.00336322 -0.00789406 -0.00133746 0.00388725 0.00246721 -0.00353452 -0.0141787 0.00222677 0.017848 -0.00507197 0.0040838 -0.000548223 -0.00601329 0.00904837 -0.00197536 0.0150598 0.00691477 0.00300778 0.00628318 0.00143672 -0.0131938 0.00308246 -0.00445291 -0.00236457 0.00790007 0.000636137 -0.00113995 -0.00757982
internal_weight=71801.3 27798.4 44002.9 13595.3 30407.6 24938.1 19557.1 18811.7 4213.05 11595.9 2860.32 9382.3 14339.2 8532.33 10279.4 5380.98 5217.85 2216.58 2937.71 11688.4 3670.71 1455.82 4065.87 3347.93 7557.53 1037.36 1326.74 8658.18 5387.17 5289.97
internal_count=665952 218923 447029 231992 215037 172724 137234 130701 111064 84336 46199 120928 84962 36466 94235 35490 52272 36044 28327 69782 21525 8730 96764 15055 63550 6207 6814 56009 35277 70681
cat_boundaries=0 1 2 3 4 5 6
cat_threshold=1646799 9324933 8750 5251631 3300613 2381350
is_linear=0
shrinkage=0.05


Tree=46
num_leaves=31
num_cat=6
split_feature=12 11 13 0 4 13 4 0 13 11 6 3 14 13 2 14 6 2 2 14 4 14 4 6 4 6 14 6 8 14
split_gain=485.28 176.392 163.399 82.5282 54.6995 47.9987 41.6917 38.8186 37.7307 32.3374 30.4583 28.846 35.7755 28.6192 24.0634 23.8653 23.0605 26.6977 22.384 21.8249 21.6505 21.5225 21.1563 19.9835 19.2118 18.6033 18.5134 18.4651 18.2868 18.2039
threshold=3.5000000000000004 29.340028694404594 1.5000000000000002 4.0150000000000006 32.360000000000007 5.5000000000000009 35.535000000000004 6.8950000000000005 5.5000000000000009 55.662393162393172 41.500000000000007 40.730000000000011 0 5.5000000000000009 6.1050000000000013 1 29.500000000000004 4.9750000000000005 7.4650000000000007 2 37.525000000000006 3 37.885000000000012 61.500000000000007 41.475000000000001 28.500000000000004 4 46.500000000000007 36.500000000000007 5
decision_type=2 2 2 2 2 2 2 2 2 2 2 2 1 2 2 1 2 2 2 1 2 1 2 2 2 2 1 2 2 1
left_child=1 3 26 8 11 7 13 10 22 14 -4 12 23 16 24 -11 -5 -18 -9 -8 -7 -13 -1 -3 -6 -21 -2 -14 -27 -19
right_child=2 4 5 6 9 20 19 18 -10 15 -12 21 27 -15 -16 -17 17 29 -20 25 -22 -23 -24 -25 -26 28 -28 -29 -30 -31
leaf_value=-0.013283198882605179 0.010947533726916522 4.5053765667500624e-05 0.0064385258901206721 -0.00035054494226353737 -0.0021173199942941139 -0.0047754553104908922 0.0019891733719568563 0.007543593307357036 -0.027880508295682623 0.0013801107069868913 0.0010779394602692489 0.0057825048415754733 -0.0046150837161974979 -0.012997434960966531 0.0053765926919477347 0.0084885945696545704 -0.0097525794603670213 -0.0079874027095389911 0.015033074471275443 0.0036996871059516699 0.0055477763567452279 -0.0023864797762180069 -0.0045214150842506169 -0.037221851554545403 0.0029957620364384732 0.0049610780968284513 0.022329042416410292 -0.010932432132323318 -0.0067458985910667808 -0.00089620000145500278
leaf_weight=2689.8581338676158 552.19577145855874 4222.5659387684427 6475.2551911436021 1756.9424495028798 6618.2462313370779 1674.7903902749531 2678.6372955567203 3814.6167836077511 366.24554099328816 2166.1723281503655 4485.394552397076 1585.2018229123205 4356.8724278393202 1478.5459094503894 1983.2064258214086 2624.6665584105067 3673.5289494735189 1511.4775172704831 1350.957968339324 676.08644758956507 728.96272357646376 1623.7459652656689 926.19069199659862 36.281045706942677 2543.0616121301427 376.67402627458796 1585.7172987232916 1574.7944502476603 2915.1164286113344 2258.1932367947884
leaf_count=46933 9275 28195 41180 19184 42745 17831 30657 23776 24051 14982 28771 11656 29457 37746 12373 20655 43912 15505 8331 8198 7346 12207 15057 285 15670 3619 26487 10410 37245 22213
internal_value=3.09015e-12 -0.00263501 0.00645653 -0.00609741 -0.000120068 0.00494643 -0.00460554 0.00592892 -0.0125879 0.00185978 0.00424483 -0.00247462 -0.00377644 -0.0065406 0.000383001 0.0052951 -0.00550292 -0.00671913 0.00950232 -0.00149656 -0.00164483 0.00165953 -0.011039 -0.000271784 -0.000697994 -0.00384503 0.019545 -0.00628168 -0.00540629 -0.00376304
internal_weight=71310.2 50642.3 20667.9 21307.5 29334.8 18530 17325.2 16126.2 3982.29 15935.4 10960.6 13399.5 10190.5 10678.7 11144.5 4790.84 9200.14 7443.2 5165.57 6646.51 2403.75 3208.95 3616.05 4258.85 9161.31 3967.88 2137.91 5931.67 3291.79 3769.67
internal_count=665952 502955 162997 304320 198635 127235 218279 102058 86041 106425 69951 92210 68347 138560 70788 35637 100814 81630 32107 79719 25177 23863 61990 28480 58415 49062 35762 39867 40864 37718
cat_boundaries=0 1 2 3 4 5 6
cat_threshold=5122693 4253326 90223 7808582 8751 6694568
is_linear=0
shrinkage=0.05


Tree=47
num_leaves=31
num_cat=7
split_feature=0 13 13 9 3 0 2 0 13 13 13 9 4 14 6 7 14 14 11 14 4 6 4 4 14 14 0 14 2 7
split_gain=462.665 172.655 133.805 72.5706 67.1183 66.9512 58.7115 42.1047 38.5961 38.584 34.5897 33.6047 32.9961 31.5493 31.246 28.9507 24.9004 24.8893 24.822 23.9957 23.1534 23.0287 20.9785 20.7815 20.3824 19.5398 19.4686 18.4287 17.9063 17.4354
threshold=5.7550000000000008 2.5000000000000004 3.5000000000000004 25.04545454545455 28.020000000000003 6.9150000000000009 6.9250000000000007 1.7350000000000001 5.5000000000000009 1.5000000000000002 1.5000000000000002 23.597752808988766 41.475000000000001 0 41.500000000000007 47.500000000000007 1 2 85.03731343283583 3 35.535000000000004 46.500000000000007 33.615000000000002 42.605000000000011 4 5 3.8450000000000002 6 4.7950000000000008 46.500000000000007
decision_type=2 2 2 2 2 2 2 2 2 2 2 2 2 1 2 2 1 1 2 1 2 2 2 2 1 1 2 1 2 2
left_child=2 5 4 7 9 10 8 -4 16 14 17 -11 19 -12 15 24 -3 -2 -7 -6 -5 -21 29 -8 -1 -17 -27 -13 -28 -18
right_child=1 6 3 20 12 18 23 -9 -10 11 13 27 -14 -15 -16 25 22 -19 -20 21 -22 -23 -24 -25 -26 26 28 -29 -30 -31
leaf_value=0.00073117977161299647 0.0059713449114186176 -0.0013080417515633864 -0.040729780191817194 -0.0073394170839940712 0.0034123228990431279 0.014774069652055903 0.0051442519310177896 -0.012448498434887571 -0.0055837962874291857 -0.0093476921216303632 0.01222708660525341 7.2893177468703817e-05 0.0073436891541061484 0.0035873562448274993 -0.0050072273425467691 0.0083385337883217971 -0.014474298165132113 0.01646884257390431 0.027597375945275657 0.00032418920166804376 -0.0017710441080272339 -0.0059326418437704847 0.0058025396798452693 0.014065823127682862 -0.019055857207476844 -0.0086675063416833276 0.0046720722985219279 -0.0060719420856680433 -0.01114824440896022 0.0013481527394451516
leaf_weight=266.28063178993762 932.34184831660241 5116.3288840362802 136.12904148508096 4816.0320072250906 3468.9533254830167 1609.9383798278868 4641.1861317232251 3959.9745001099072 2334.7274914174341 4042.9574579130858 1391.2457236684859 2307.9652936644852 1824.466804575175 4432.6662450041622 2860.934313419275 1278.1484974203631 182.58504163753241 1594.1372278854251 492.92115361150354 4532.2621728824452 3048.4570826913696 2177.0113023566082 3858.7853224184364 759.55347337853163 251.48737252503633 451.9571849796921 1620.5762806646526 2590.3001585686579 201.05028741806746 3751.3078027283773
leaf_count=1281 14435 36487 14300 67397 25528 12158 32925 96590 29279 44016 8029 17142 12281 24851 12578 6135 1290 26060 7940 32020 38908 15583 25718 5033 1227 1930 7250 20420 1121 26040
internal_value=1.16345e-12 0.00457033 -0.0035679 -0.00799175 -0.00166967 0.009806 0.00191927 -0.0133884 0.00033215 -0.00380328 0.00779795 -0.00597371 0.0011517 0.00567841 -0.00100314 0.00181181 0.00140211 0.0126838 0.0177799 4.17749e-05 -0.00518099 -0.00170348 0.00317908 0.00639897 -0.00923359 0.003422 0.000618655 -0.00318887 0.00292601 0.00061378
internal_weight=70932.7 31097.7 39834.9 11960.6 27874.4 10453.3 20644.5 4096.1 15243.7 15871.7 8350.39 8941.22 12002.7 5823.91 6930.43 4069.5 12909 2526.48 2102.86 10178.2 7864.49 6709.27 7792.68 5400.74 517.768 3551.73 2273.58 4898.27 1821.63 3933.89
internal_count=665952 250245 415707 217195 198512 93473 156772 110890 118814 113100 73375 81578 85412 32880 31522 18944 89535 40495 20098 73131 106305 47603 53048 37958 2508 16436 10301 37562 8371 27330
cat_boundaries=0 1 2 3 4 5 6 7
cat_threshold=12714516 13026068 5251631 10895908 11454769 10377345 6620986
is_linear=0
shrinkage=0.05


Tree=48
num_leaves=31
num_cat=5
split_feature=12 9 13 13 13 0 13 13 0 14 13 9 6 4 6 14 1 3 0 4 4 11 4 4 14 14 14 0 6 8
split_gain=435.687 150.368 135.438 119.943 84.2677 57.217 44.5815 41.8711 39.0603 31.7847 30.2559 29.577 31.4838 28.0326 27.4382 27.2713 24.0785 21.8834 21.7717 19.4475 19.1274 18.8265 18.1318 17.8054 17.7303 17.5204 17.2547 17.2309 17.23 16.7742
threshold=3.5000000000000004 27.806182339898271 1.5000000000000002 1.5000000000000002 2.5000000000000004 2.8950000000000005 5.5000000000000009 5.5000000000000009 6.8950000000000005 0 4.5000000000000009 43.82593084452315 35.500000000000007 32.035000000000004 37.500000000000007 1 42.275000000000013 24.395000000000003 7.9250000000000007 40.775000000000013 28.600000000000005 79.205974842767304 37.525000000000006 40.985000000000007 2 3 4 7.035000000000001 36.500000000000007 38.500000000000007
decision_type=2 2 2 2 2 2 2 2 2 1 2 2 2 2 2 1 2 2 2 2 2 2 2 2 1 1 1 2 2 2
left_child=1 3 27 15 9 -5 8 11 14 -3 17 12 23 -11 -4 20 -16 28 -10 -19 -1 -15 -8 -6 -14 -25 -13 -2 -7 -9
right_child=2 4 6 5 7 10 22 29 18 13 -12 26 24 21 16 -17 -18 19 -20 -21 -22 -23 -24 25 -26 -27 -28 -29 -30 -31
leaf_value=-0.0032443558449689863 0.015702055260985174 0.0056937808096618357 0.0070871597958960062 -0.023742501867685232 -0.00051625101876681364 -0.0059437470371675261 -0.0045011324398373867 -0.022901377331768925 0.0086206120213294588 -0.0032994397429096838 -0.013180279545258539 0.0074461582697634716 -0.0016360068937436524 0.0021150093515563367 0.0072705456429568108 -0.0034280741355530754 0.00021137268027626848 -0.0055696281331460169 0.023916710934640609 0.0033790721766668291 0.0051574732901667536 0.013327473426055336 0.0049889708414810217 0.021469249372174336 -0.006264170100183414 0.0033725996787078677 -0.00057694380794200205 0.026326767984764299 -0.011226412729780781 -0.0076944533607760423
leaf_weight=953.99195927008986 1557.7600632831454 5727.6914813364856 4413.6293036472052 599.32821125478949 3718.3351264209487 2989.1088862493634 1647.8878713864833 201.55072561884299 4854.0569222550839 2702.0771313244477 2252.8944658199325 1262.8041120064445 3603.9274608599953 3100.3516074204817 1609.2268581036478 3987.5207149907947 4844.783664194867 3415.5222353069112 244.34278567135334 738.38621409144253 2336.4906407501549 425.78986921766773 724.6411247132346 173.1490468243137 4928.0907929157838 543.8538381587714 1419.6867946963757 505.41804837575182 3191.7053571976721 1808.6508758678101
leaf_count=3952 27309 45678 28119 32241 32449 33296 17831 3684 30588 20177 66940 8304 30809 20775 10849 15774 30983 33610 1519 6568 9759 4858 7346 1291 44533 4418 9918 8453 36658 37263
internal_value=2.91147e-12 -0.00250908 0.00615912 -0.00580494 -0.000231597 -0.00864866 0.00479267 -0.00242608 0.005743 0.00300987 -0.00793 -0.00155352 -0.00254216 0.000531664 0.0040491 -0.000652445 0.00197149 -0.00678548 0.00935368 -0.00397893 0.00271333 0.00346894 -0.00160257 0.000874884 -0.00431849 0.00808923 0.0032256 0.0183048 -0.00867166 -0.00921916
internal_weight=70482.7 50080.9 20401.7 20464.9 29616 13186.9 18338.6 17660 15966 11955.9 12587.6 15649.8 12967.4 6228.22 10867.6 7278 6454.01 10334.7 5098.4 4153.91 3290.48 3526.14 2372.53 4435.34 8532.02 717.003 2682.49 2063.18 6180.81 2010.2
internal_count=665952 502955 162997 238798 264157 209313 127235 172669 102058 91488 177072 131722 113500 45810 69951 29485 41832 110132 32107 40178 13711 25633 25177 38158 75342 5709 18222 35762 69954 40947
cat_boundaries=0 1 2 3 4 5
cat_threshold=15126148 11420053 1586279 18185 5571438
is_linear=0
shrinkage=0.05


Tree=49
num_leaves=31
num_cat=7
split_feature=0 13 13 0 0 9 13 0 7 4 4 5 0 4 14 2 14 4 0 14 13 1 14 13 14 6 14 3 14 6
split_gain=414.584 134.775 116.82 98.7967 59.633 57.8884 51.8592 36.1093 33.2502 31.2648 31.2607 25.6862 24.7309 23.9603 23.6494 22.6675 22.5781 22.7185 21.5494 20.9962 19.9716 19.7409 20.5136 19.4673 19.1364 18.9411 18.8551 18.082 17.6721 16.6372
threshold=5.955000000000001 1.5000000000000002 2.5000000000000004 4.5050000000000008 7.0150000000000006 30.782539260047916 3.5000000000000004 1.9350000000000003 48.500000000000007 28.245000000000001 34.335000000000008 42.120000000000012 6.9750000000000005 39.715000000000011 0 6.9650000000000007 1 34.945000000000007 7.9250000000000007 2 4.5000000000000009 54.355000000000011 3 5.5000000000000009 4 47.500000000000007 5 21.450000000000003 6 41.500000000000007
decision_type=2 2 2 2 2 2 2 2 2 2 2 2 2 2 1 2 1 2 2 1 2 2 1 2 1 2 1 2 1 2
left_child=2 12 5 7 6 9 15 -4 -8 -1 20 14 24 27 -11 25 -7 -18 21 -10 -5 -6 -23 -21 -2 -3 -13 -9 -12 -16
right_child=1 4 3 10 18 16 8 13 19 11 28 26 -14 -15 29 -17 17 -19 -20 23 -22 22 -24 -25 -26 -27 -28 -29 -30 -31
leaf_value=-0.0062156368312084832 0.017912646437589833 0.0049230149327045272 -0.032771295118621917 -0.003967089213345122 0.011813200699456881 0.0060179232205519045 -0.010310044398037866 -0.014643462842564231 -0.0042369430061326204 0.0010764618319880289 -0.0041280105515189985 0.012773521029960464 0.02484004921591243 -0.004073800507278391 -0.0014603410003742202 0.0098848088349894267 -0.0026747532608475504 0.0049859386883704263 0.021746966191411407 0.0034879173395854233 -0.0091023390749183208 0.010507631501897007 0.0014954956291603223 -0.0027784993088895548 0.0078140478956569056 -0.0018615699575905695 -0.00079874601303744875 -0.0082135336968326804 0.00087763687543954486 -0.0073573747489329745
leaf_weight=3672.7189827305265 1029.7100532751065 6527.7333631459624 185.26311594637809 6491.3823639205657 1874.1423460822552 3625.4628380299546 743.72514064889401 2671.1986101955408 1698.6255089249462 4186.801914726384 2895.7818475379609 556.63399048149586 586.61823312705383 1203.7473103797529 2715.9520920300856 1950.0757755450904 2293.1742181214504 1674.4892055904493 299.00366712734103 5116.7191858198494 2672.9791097622365 1046.6173745756969 1599.0943934842944 1635.5529699209146 963.43655270617455 1221.1689191348851 472.57228707103059 1851.0883614071645 4480.4047159492038 2137.2873744945973
leaf_count=22539 18127 37800 17498 54615 13269 29116 6351 58540 15129 25205 31759 3219 10155 21566 16761 11015 17446 12214 1976 37826 50059 6601 10573 19141 16528 7193 2988 32138 45763 12842
internal_value=7.21102e-12 0.00496296 -0.00298005 -0.00549759 0.00378219 -0.000330723 0.00251588 -0.0110457 -0.000174545 -0.00226672 -0.00351478 -0.000826366 0.0158162 -0.0103428 -0.00167846 0.00506641 0.00317302 0.000556916 0.00874709 0.000717434 -0.00546489 0.0078871 0.00510598 0.00196714 0.0131603 0.00385382 0.006658 -0.0120115 -0.00109191 -0.00404896
internal_weight=70079.2 26292.2 43786.9 22451.8 23712.5 21335.1 18893.6 5911.3 9194.62 13742 16540.5 10069.2 2579.76 5726.03 9040.04 9698.98 7593.13 3967.66 4818.86 8450.9 9164.36 4519.85 2645.71 6752.27 1993.15 7748.9 1029.21 4522.29 7376.19 4853.24
internal_count=665952 211684 454268 311938 166874 142330 134455 129742 78447 83554 182196 61015 44810 112244 54808 56008 58776 29660 32419 72096 104674 30443 17174 56967 34655 44993 6207 90678 77522 29603
cat_boundaries=0 1 2 3 4 5 6 7
cat_threshold=14832412 10899348 2246144 1074493 8903120 2311599 15602560
is_linear=0
shrinkage=0.05


Tree=50
num_leaves=31
num_cat=7
split_feature=9 13 2 13 0 13 6 13 0 4 6 14 0 14 14 7 0 4 0 7 14 4 14 14 14 0 0 0 2 0
split_gain=391.809 123.777 108.225 91.3252 72.2553 59.9351 52.9956 44.5928 44.0368 28.446 26.0774 26.9792 25.11 25.6669 25.0073 24.652 24.6038 23.0993 22.8713 22.0013 23.7312 21.6228 21.1916 20.1603 18.8296 18.8079 18.6434 17.1649 17.0553 16.8685
threshold=40.357943625880857 1.5000000000000002 5.0050000000000008 1.5000000000000002 3.5250000000000004 4.5000000000000009 37.500000000000007 2.5000000000000004 6.9350000000000014 35.675000000000004 41.500000000000007 0 6.2950000000000008 1 2 56.500000000000007 1.5850000000000002 37.965000000000011 6.3650000000000011 49.500000000000007 3 27.215000000000003 4 5 6 7.3750000000000009 6.495000000000001 5.0050000000000008 4.4250000000000007 7.1350000000000007
decision_type=2 2 2 2 2 2 2 2 2 2 2 1 2 1 1 2 2 2 2 2 1 2 1 1 1 2 2 2 2 2
left_child=2 14 3 10 16 8 27 12 15 26 19 -12 13 -4 -2 17 -5 23 21 22 -21 -9 -1 -3 -17 -11 -7 -6 -8 -16
right_child=1 5 7 4 6 9 28 18 -10 25 11 -13 -14 -15 29 24 -18 -19 -20 20 -22 -23 -24 -25 -26 -27 -28 -29 -30 -31
leaf_value=-0.014207684547309083 0.019354221700130538 0.0003152414211907843 0.0055894058092790314 -0.040232202233643731 -0.0051550694789498849 -0.0068645186258056504 -0.011052655731852998 -0.0074478902577644604 0.009838768958376919 0.0022773942530351881 0.00032822307716897964 -0.0088144822723919547 0.0157316957267786 -0.00034198347048689133 0.0073345780034509648 0.0042177717360064801 -0.01609115876290276 0.0075192825081526835 0.0076717898093266014 0.0082209217788809259 4.5327686017179297e-05 -0.0015853825668794832 0.0021319466843700719 0.004894919186787903 -0.014383051167649159 0.017181449556286775 -9.894090751217985e-05 -0.00030929772099067514 -0.0063765543774426201 0.0236115864010841
leaf_weight=369.50409573689103 1423.2639796992298 4260.7202978972346 3153.9228989342228 114.98730496270582 4633.6062330002896 1808.6775794755667 4593.3630047515035 2008.5301530137658 3787.7640012511984 2403.8903408274055 1701.1536719668657 1530.8103379262611 357.722193101421 4311.3320307843387 1143.4911488359794 232.26979827135801 1285.0449056349462 3755.7672303970903 546.21173562854528 1534.7839876664802 2096.9654358737171 7250.8656459131744 416.48159948922694 5527.3264015084133 313.48244544118643 232.11445948295295 2330.0024211900309 3017.6430821060203 3388.4727690157015 184.9116604141891
leaf_count=1856 24564 27048 22911 12306 63007 21463 61814 23091 22871 23803 7536 7060 2969 30712 18825 1417 36686 22288 4299 7568 9924 79139 2103 33231 2000 1821 20495 28089 41766 3290
internal_value=5.87241e-12 0.00465766 -0.00301661 -0.00515367 -0.00719185 0.00353498 -0.0062173 -2.4397e-05 0.00505265 -0.000469921 -0.00061537 -0.00402845 0.00279103 0.00217094 0.0147157 0.00376597 -0.0180739 0.0041858 -0.00227057 0.0018816 0.00352311 -0.00285707 -0.00570321 0.00290672 -0.00665288 0.00358978 -0.00305562 -0.0032439 -0.00906754 0.00952858
internal_weight=69715.1 27403.7 42311.4 24682.8 17033.1 24652 15633.1 17628.6 17877.3 6774.68 7649.7 3231.96 7822.98 7465.25 2751.67 14089.6 1400.03 13543.8 9805.61 4417.74 3631.75 9259.4 785.986 9788.05 545.752 2636 4138.68 7651.25 7981.84 1328.4
internal_count=665952 223116 442836 279715 243668 176437 194676 163121 108855 67582 36047 14596 56592 53623 46679 85984 48992 82567 106529 21451 17492 102230 3959 60279 3417 25624 41958 91096 103580 22115
cat_boundaries=0 1 2 3 4 5 6 7
cat_threshold=14869385 11160204 9886160 14047313 13726222 9075013 8942898
is_linear=0
shrinkage=0.05


Tree=51
num_leaves=31
num_cat=7
split_feature=0 9 13 13 13 0 2 13 4 0 1 4 6 14 14 9 4 2 6 14 14 13 0 6 14 6 2 14 14 13
split_gain=366.446 128.913 104.677 94.3917 71.142 48.7909 43.8707 41.7242 38.8325 31.4066 28.1013 26.2654 26.2404 25.2241 22.2808 21.6727 21.6369 20.7447 20.0169 19.6508 17.2466 17.0884 16.7377 16.7084 26.6741 16.2604 18.5885 15.9315 15.9018 17.8147
threshold=6.3450000000000006 27.806182339898271 1.5000000000000002 1.5000000000000002 4.5000000000000009 3.5250000000000004 6.1550000000000011 5.5000000000000009 40.985000000000007 7.2550000000000008 45.550000000000004 31.745000000000001 44.500000000000007 0 1 2.9027637344118644 42.890000000000008 3.1750000000000003 42.500000000000007 2 3 1.5000000000000002 4.245000000000001 37.500000000000007 4 27.500000000000004 4.4850000000000012 5 6 2.5000000000000004
decision_type=2 2 2 2 2 2 2 2 2 2 2 2 2 1 1 2 2 2 2 1 1 2 2 2 1 2 2 1 1 2
left_child=1 2 13 -2 6 15 8 9 12 10 -5 -7 28 -1 -6 -4 23 -15 19 -8 -11 -10 -14 -12 -25 27 -27 -13 -3 -30
right_child=3 4 5 7 14 11 18 -9 21 20 16 25 22 17 -16 -17 -18 -19 -20 -21 -22 -23 -24 24 -26 26 -28 -29 29 -31
leaf_value=0.0039392180226007593 0.017589710545751334 -0.0022045719955451062 -0.03003249484310419 0.0099930428229971675 -0.010171370681762958 -0.0097004863630195462 0.011980112012075349 -0.0014636134908737287 0.012120323218852241 0.0062643517323679237 0.0054304931981057451 -0.0070010746620786579 -0.024504759190931705 -0.0083124335667740072 -0.0032017916410593929 -0.013850619583618301 0.010220032651293834 -0.00066265798216888451 0.0014717003171251029 0.004071642579428234 0.01558530978413652 0.0030614257855067031 -0.0036533833555779821 -0.0037493212007678614 0.0039860110337522183 -0.0089897275344118822 -0.0031829121453066643 0.0047159913335420422 0.0041317596475984857 -0.00084893729313247328
leaf_weight=2254.7851653127 1648.6744339233264 4181.9941895180382 252.99444534775103 2292.6805507359095 1587.2477032332681 4812.981003584573 1360.4216924002394 2145.2355466755107 649.86104811541736 925.26386092137545 3739.8916531428695 452.39123708941042 98.096650553867221 1151.4063027175143 4194.9665244536009 1136.0878450624878 1162.9924232363701 3848.1415932439268 2523.4348922325298 1928.4808478243649 1197.7914698123932 2616.8905190937221 5091.1779096191749 1830.0781297851354 2818.1591832851991 2694.8207647916861 2820.8150809996296 768.74562077573501 3635.5396387851797 3546.7837821105495
leaf_count=9338 30737 31945 20846 15103 26396 69838 9709 21970 6099 5981 23593 6205 790 4708 62514 28359 7132 15591 19272 14527 7349 17669 40231 11859 17960 39116 35303 10224 27924 27664
internal_value=-5.50453e-12 -0.00213189 -0.00524881 0.0061947 -0.000128365 -0.00794435 0.00100173 0.00502871 -0.000118428 0.00602589 0.00502205 -0.00687954 -0.00110159 -0.000441048 -0.00513811 -0.0167978 0.0038288 -0.00241958 0.00482153 0.00739171 0.011626 0.00486353 -0.00404755 0.00294267 0.000941008 -0.00486417 -0.00602 0.000356489 0.000243624 0.00166986
internal_weight=69368.8 51608.1 20193.2 17760.8 31414.9 12938.8 25632.7 16112.1 19820.3 13966.9 11843.8 11549.8 16553.6 7254.33 5782.21 1389.08 9551.12 4999.55 5812.34 3288.9 2123.06 3266.75 5189.27 8388.13 4648.24 6736.77 5515.64 1221.14 11364.3 7182.32
internal_count=665952 524268 239528 141684 284740 209891 195830 110947 152322 88977 75647 160686 128554 29637 88910 49205 60544 20299 43508 24236 13330 23768 41021 53412 29819 90848 74419 16429 87533 55588
cat_boundaries=0 1 2 3 4 5 6 7
cat_threshold=11403649 14860800 126214 11471408 6841669 4983524 1642797
is_linear=0
shrinkage=0.05


Tree=52
num_leaves=31
num_cat=7
split_feature=12 11 13 0 4 13 0 7 2 6 4 14 13 2 0 4 4 14 14 4 14 13 14 6 6 6 14 5 2 14
split_gain=348.673 111.416 96.6625 60.608 41.2833 36.6654 35.9531 33.3401 29.9595 29.8515 28.4221 29.2495 26.6845 26.2714 25.4627 22.9009 22.3516 21.4333 21.2015 20.6668 18.6262 18.3669 18.2087 17.8208 17.5593 17.5032 17.4265 17.1823 17.1362 17.0339
threshold=3.5000000000000004 29.340028694404594 2.5000000000000004 4.4250000000000007 27.085000000000004 5.5000000000000009 7.3550000000000013 48.500000000000007 6.0050000000000008 29.500000000000004 32.360000000000007 0 1.5000000000000002 7.0050000000000008 3.7850000000000006 39.82500000000001 39.715000000000011 1 2 34.195000000000007 3 5.5000000000000009 4 22.500000000000004 41.500000000000007 37.500000000000007 5 39.005000000000003 5.5050000000000008 6
decision_type=2 2 2 2 2 2 2 2 2 2 2 1 2 2 2 2 2 1 1 2 1 2 1 2 2 2 1 2 2 1
left_child=1 3 6 5 14 16 12 -4 15 -5 -11 -12 -2 19 17 18 -1 -3 -6 21 -21 25 -17 -16 28 -9 -10 -20 -14 -23
right_child=2 4 7 9 8 -7 -8 13 26 10 11 -13 24 -15 23 22 -18 -19 27 20 -22 29 -24 -25 -26 -27 -28 -29 -30 -31
leaf_value=-0.0093120977378536082 0.014650395174109652 -0.036972694238781113 -0.0061867801823566959 0.0018656622838809497 0.00085550943707484784 -0.02133699077546955 0.022602064387772448 0.0052109184949254818 -0.00031227320686797139 -0.007055072246725979 -0.0071238112612503294 0.00039482022461101652 0.00018178459468667032 0.0072210993392716766 0.014404726448295657 0.0060034329636943756 -0.0020311530479131192 -0.0067767176909767218 -0.0043409203184822196 0.0081396054361628951 0.0013656847329329086 -0.015556278680208308 -0.00031106229647492927 -0.003557925210799113 0.0031621119749352515 -0.0015787470843551901 0.006585846764047657 0.0020644931611850719 0.011568580386904713 -0.00051180170766827542
leaf_weight=5122.616438869969 1733.4270387857687 92.915987303480506 890.79044836107641 2450.2469939428847 6516.3482079678215 543.4740951291169 568.67374486848712 1694.9760239105672 1321.9930618079379 4930.8051111069508 1865.3119204700924 4173.5009736942593 389.712516348809 3919.2546785688028 141.34993939846754 2324.0340328286402 1327.1697919982253 174.47304248996079 5549.5262168198824 2106.5647512050346 1978.0494016832672 323.63497641915455 2241.133039991837 5965.8271418823861 1602.2776216119528 2157.342926046811 3006.7368320357054 1290.3916248129681 2171.2803629375994 444.71054674033076
leaf_count=82665 32317 503 6597 30673 45469 33745 5880 11551 9638 64446 23766 49780 2190 27875 961 15246 19245 864 37365 15326 15251 3899 14710 42530 9275 15282 22761 8588 12545 5009
internal_value=9.96348e-12 -0.00226848 0.00556745 -0.00509072 -0.000255861 -0.00886483 0.0105956 0.00316211 0.000760493 -0.00312399 -0.00423851 -0.00193873 0.00943773 0.00382177 -0.00380341 -0.000141212 -0.0078139 -0.0189058 -0.00118616 0.00229133 0.00488248 7.88361e-07 0.00291599 -0.00314218 0.00726738 0.00140863 0.00449366 -0.00312793 0.00983582 -0.00705781
internal_weight=69018.5 49037.9 19980.7 20413.1 28624.7 6993.26 6465.37 13515.3 22250.2 13419.9 10969.6 6038.81 5896.7 12624.5 6374.57 17921.4 6449.79 267.389 13356.3 8705.28 4084.61 4620.66 4565.17 6107.18 4163.27 3852.32 4328.73 6839.92 2560.99 768.346
internal_count=665952 502955 162997 304320 198635 135655 62207 100790 153777 168665 137992 73546 56327 94193 44858 121378 101910 1367 91422 66318 30577 35741 29956 43491 24010 26833 32399 45953 14735 8908
cat_boundaries=0 1 2 3 4 5 6 7
cat_threshold=6690320 5450114 15677984 3748986 10672221 581769 14747415
is_linear=0
shrinkage=0.05


Tree=53
num_leaves=31
num_cat=7
split_feature=0 13 13 2 0 4 0 0 6 0 13 13 7 6 13 14 7 1 2 14 14 14 9 14 11 1 14 6 4 14
split_gain=326.597 95.067 94.1259 64.1729 46.7109 42.3028 38.9232 37.9488 37.7146 36.8116 32.4129 32.3074 28.1118 23.5559 24.634 24.0078 23.5333 21.2893 21.1127 21.0435 20.2961 19.7661 19.3672 19.1084 17.3315 16.4601 16.3325 16.2826 16.6545 19.9647
threshold=5.955000000000001 2.5000000000000004 4.5000000000000009 4.5050000000000008 6.9150000000000009 41.190000000000005 4.5850000000000009 3.7850000000000006 40.500000000000007 7.1750000000000007 5.5000000000000009 1.5000000000000002 48.500000000000007 58.500000000000007 1.5000000000000002 0 48.500000000000007 1.0000000180025095e-35 6.1850000000000014 1 2 3 31.947325956662059 4 85.03731343283583 65.740000000000023 5 37.500000000000007 32.250000000000007 6
decision_type=2 2 2 2 2 2 2 2 2 2 2 2 2 2 2 1 2 2 2 1 1 1 2 1 2 2 1 2 2 1
left_child=2 4 3 7 18 13 17 26 11 10 16 12 19 14 15 -5 -3 -4 20 -9 -2 25 -16 -15 -6 -11 -1 -18 -29 -30
right_child=1 9 6 5 24 -7 -8 8 -10 21 -12 -13 -14 23 22 -17 27 -19 -20 -21 -22 -23 -24 -25 -26 -27 -28 28 29 -31
leaf_value=-0.014623408665257093 0.007809500139221809 -0.0048966873849999306 -0.038180111766062425 -0.0073699419313904176 0.013063892008307806 0.0051665141127837507 -0.005850492405788877 0.0077926210836455206 -0.0064389236103702396 0.0012350794259226602 -0.0039433080630907518 -0.0031594273261350754 0.0060347382939863088 -0.0011187744063516122 -0.0039567489718985984 0.0037539255501116324 0.0052710627788710692 -0.013307302064029736 0.009361007224979059 -0.015887242123926445 -0.0005558212553959743 0.011954137560975849 -3.8420715345539343e-05 -0.021106204151376751 0.024363722738481915 0.024441608687652494 -0.0062759618605335524 -0.0014288876287957405 0.0071015365823407055 -0.00013804030618468007
leaf_weight=1035.0631443376187 1429.3278820086271 1010.4785036481917 90.659607633075211 539.50463841855526 1524.4192236601375 3414.6247796192765 4557.208338458091 135.26967512536794 5019.4214891381562 1034.2561598559842 2382.9895566687919 5094.2547320127487 2138.5212944177911 237.71670099999756 5572.2307160929777 4197.8550918158144 4834.647821190767 1684.8736442286754 3524.4912851369008 274.30107392091304 1466.1733741704375 1375.281468517147 7265.4514512540773 247.42632409092039 436.50437555136159 82.505839597433805 1474.709784188075 2853.7889458471909 1970.7947391606867 1842.6299389991909
leaf_count=12398 13312 7020 11960 2952 12158 24883 82308 681 40244 7498 28494 47336 10174 1770 52649 30551 32842 63813 33184 1377 13060 9008 51518 1971 7940 487 17683 20357 13161 13163
internal_value=1.30222e-11 0.00445075 -0.00266847 -0.00169577 0.0088251 6.28816e-05 -0.00829726 -0.00418509 -0.00307176 0.00234227 0.00140125 -0.000860238 0.0037364 -0.000902058 -0.000602041 0.00247947 0.00241913 -0.0145773 0.00676212 -0.00826409 0.00359867 0.00796688 -0.00173918 -0.0117706 0.0155793 0.00292339 -0.00980183 0.00306185 0.00145986 0.00362167
internal_weight=68747.4 25768.3 42979.1 36646.4 8380.92 21474.8 6332.74 15171.5 12661.8 17387.4 14895.3 7642.35 2548.09 18060.2 17575 4737.36 12512.3 1775.53 6419.99 409.571 2895.5 2492.04 12837.7 485.143 1960.92 1116.76 2509.77 11501.9 6667.21 3813.42
internal_count=665952 211684 454268 296187 79654 166294 158081 129893 99812 132030 115037 59568 12232 141411 137670 33503 86543 75773 59556 2058 26372 16993 104167 3741 20098 7985 30081 79523 46681 26324
cat_boundaries=0 1 2 3 4 5 6 7
cat_threshold=8194 8815888 15361712 10951252 10686523 4295118 1335679
is_linear=0
shrinkage=0.05


Tree=54
num_leaves=31
num_cat=9
split_feature=12 13 13 9 9 13 4 0 14 13 3 14 14 6 6 14 0 14 2 0 4 14 14 14 14 6 9 11 8 4
split_gain=317.003 96.5819 79.8749 67.2442 66.2486 42.3228 35.3953 31.2949 30.8989 26.5002 23.922 24.2708 22.4252 21.7891 18.4184 18.2456 18.2273 20.3377 18.1251 18.0394 17.5572 21.6597 20.7666 16.9392 15.7234 14.7393 14.4836 14.33 14.1592 14.1567
threshold=3.5000000000000004 3.5000000000000004 1.5000000000000002 25.760883948656879 30.782539260047916 1.5000000000000002 34.195000000000007 1.5850000000000002 0 5.5000000000000009 40.405000000000008 1 2 37.500000000000007 29.500000000000004 3 7.4050000000000011 4 5.2950000000000008 6.6850000000000014 28.600000000000005 5 6 7 8 27.500000000000004 20.037878787878793 73.385416666666671 180.50000000000003 38.215000000000011
decision_type=2 2 2 2 2 2 2 2 1 2 2 1 1 2 2 1 2 1 2 2 2 1 1 1 1 2 2 2 2 2
left_child=1 4 23 7 5 20 9 -3 29 13 11 -6 -7 15 -10 -4 -15 -18 -16 -8 22 -22 -1 -2 -9 28 -14 -27 -12 -5
right_child=2 3 6 8 10 12 19 24 14 -11 25 -13 26 16 18 -17 17 -19 -20 -21 21 -23 -24 -25 -26 27 -28 -29 -30 -31
leaf_value=-0.0083596807380472843 0.0076130407196896418 -0.04057602033850144 0.0016943843523828158 -0.0014943391120619096 -0.0027681801006628256 -0.0092690442575231666 0.0044020728024438743 -0.0048323865529809979 -0.00018757082214857076 -0.004743358981949425 0.024260166239236779 0.0023522041479225419 -0.0069670686321760839 0.00012729800215965998 -0.0095283653528318562 0.0091102159372170935 -0.006313986958038826 0.02036143859784903 -0.0041364025539896467 0.0090187660477712098 -0.0022161909201294139 0.0039103195134140003 0.00087338725487772829 0.018298726644274323 -0.012101622846348253 0.0026292948956489186 -0.0021396256059422292 0.0099662186014244994 0.004479662224825336 0.0055960169290329813
leaf_weight=1183.1527321450412 587.10249847872183 86.900374920573086 1390.4376398287714 2561.7009098529816 3798.6616412298754 2272.9931561378762 4341.1215046457946 1051.2402549782419 1501.6600699299015 1200.6175995296799 179.0045013204217 5889.0022080070339 2216.4317664541304 4353.6644978690892 2632.13921134267 2109.7918038005009 101.89341033995152 222.43876213952899 3821.2336238352582 4127.9579108981416 2444.4140122933313 3495.8429628871381 1246.8977680103853 1303.3817689130083 2983.0688718287274 4138.7132901842706 5196.8080402342603 793.03494233684614 182.91621600091457 970.77031609183177
leaf_count=5028 10910 11855 9427 30868 27149 23641 30999 25746 18650 13366 1276 46417 25718 29240 37714 13480 677 1429 44682 28617 10463 15530 5431 24852 78473 27069 44916 10555 1349 10425
internal_value=-2.01437e-12 -0.00216846 0.00534431 -0.00540972 -0.000637129 -0.00267657 0.00430914 -0.0108889 -0.00344404 0.00219325 0.00182094 0.000344004 -0.00492683 0.00321159 -0.00516857 0.00619521 0.00097916 0.0124141 -0.00633562 0.00665232 -7.25303e-05 0.00139211 -0.00365285 0.0151173 -0.0102494 0.00452381 -0.00357812 0.00380909 0.014263 0.000452903
internal_weight=68385 48646.6 19738.4 15608.7 33037.9 18056.5 17847.9 4121.21 11487.5 9378.84 14981.3 9687.66 9686.23 8178.23 7955.03 3500.23 4678 324.332 6453.37 8469.08 8370.31 5940.26 2430.05 1890.48 4034.31 5293.67 7413.24 4931.75 361.921 3532.47
internal_count=665952 502955 162997 258413 244542 130727 127235 116074 142339 67619 113815 73566 94275 54253 101046 22907 31346 2106 82396 59616 36452 25993 10459 35762 104219 40249 70634 37624 2625 41293
cat_boundaries=0 1 2 3 4 5 6 7 8 9
cat_threshold=1048783 5251167 5247169 9411076 9472176 5875266 2186426 74287 1089547
is_linear=0
shrinkage=0.05


Tree=55
num_leaves=31
num_cat=6
split_feature=0 2 0 13 13 9 13 13 4 3 4 6 6 14 14 14 13 13 14 0 1 13 0 6 4 6 14 7 7 14
split_gain=300.758 96.0138 74.8929 67.2155 59.0564 45.3767 41.1232 36.1937 26.5626 24.5529 24.493 23.2189 20.4229 21.9531 20.2964 19.6708 18.5266 17.9802 17.3994 17.205 21.4388 16.6063 16.5262 16.0076 16.0009 15.7566 15.5092 15.4892 15.4661 15.4803
threshold=6.3450000000000006 5.0050000000000008 3.0250000000000004 1.5000000000000002 1.5000000000000002 26.430144745122721 4.5000000000000009 3.5000000000000004 44.465000000000011 46.690000000000005 34.280000000000008 24.500000000000004 41.500000000000007 0 1 2 1.5000000000000002 5.5000000000000009 3 6.9750000000000005 46.445000000000007 4.5000000000000009 1.4350000000000003 44.500000000000007 31.905000000000005 46.500000000000007 4 46.500000000000007 55.500000000000007 5
decision_type=2 2 2 2 2 2 2 2 2 2 2 2 2 1 1 1 2 2 1 2 2 2 2 2 2 2 1 2 2 1
left_child=1 2 22 26 12 17 8 19 9 16 27 -7 13 -4 -14 -8 18 23 -3 20 -5 -13 -1 -6 -17 -20 -2 -9 29 -18
right_child=3 6 4 7 5 11 15 10 -10 -11 -12 21 14 -15 -16 24 28 -19 25 -21 -22 -23 -24 -25 -26 -27 -28 -29 -30 -31
leaf_value=-0.039276395782421203 0.0066695501900655881 0.0084556056494140257 0.0087862979141179916 0.010394650824808052 -0.0056603311029171906 0.0041784979231742356 -0.010915250935428842 -0.014277452385786286 0.0068522320963663426 0.0039579234078248367 0.0052767512880054499 -0.0024961479400704926 -0.0074185814873092551 0.00037873312600876768 0.00055715464871331757 -0.0063938048582332227 0.0016947457870497122 -0.017215468959653916 0.0035299109013180079 0.01072720465141066 0.0035135425285093866 -0.0081421769421401204 -0.016237085812124984 -0.010430240499672512 0.00035016386089854452 -0.0052725752172440481 0.018546313003154135 0.00042100684242034477 -0.0061151872392412113 -0.002371017496648949
leaf_weight=86.464981847675517 411.16895224247128 987.78024297812954 1005.8786062058061 1621.4131313785911 5215.4100226457231 1071.9114045528695 843.04998316941783 187.39354978874326 1898.6787912026048 4289.7086100531742 3832.4932350656018 6315.5729961302131 1394.3211032799445 3312.1904796571471 1850.5102519681677 1506.2747065853328 4137.983766538091 482.19718738715164 1486.5970696178265 2340.9015469765291 3749.6372115090489 1640.6750389239751 779.80874194216449 2653.9869994078763 2113.8179186796769 772.5976117614191 1147.9320343467407 4117.3909514760599 1468.4598219627514 5367.0596407549456
leaf_count=9703 8050 9395 5449 9407 70410 10160 14820 1495 13671 32703 30079 50208 6737 16828 8593 24058 30398 22782 13264 14526 21993 30640 26321 37414 32150 5955 22687 33447 11619 40990
internal_value=5.06287e-12 -0.00194758 -0.00408399 0.00567 -0.00358204 -0.00518697 0.000269307 0.00469555 0.00122006 0.000642345 0.00236947 -0.00272971 0.000106118 0.00235847 -0.00289121 -0.00407827 -0.000357823 -0.00784328 0.00295993 0.00714992 0.00559081 -0.00366043 -0.0185367 -0.007269 -0.00244915 0.000517354 0.0155759 -0.000218839 -0.00133952 -0.000601715
internal_weight=68089.3 50680.9 25808.9 17408.3 24942.7 17379.8 24872 15849.2 20408.9 18510.2 8137.28 9028.16 7562.9 4318.07 3244.83 4463.14 14220.5 8351.59 3246.97 7711.95 5371.05 7956.25 866.274 7869.4 3620.09 2259.19 1559.1 4304.78 10973.5 9505.04
internal_count=665952 524268 295245 141684 259221 221614 229023 110947 157995 144324 65021 91008 37607 22277 15330 71028 111621 130606 28614 45926 31400 80848 36024 107824 56208 19219 30737 34942 83007 71388
cat_boundaries=0 1 2 3 4 5 6
cat_threshold=8787984 1842294 10650112 9311364 74286 2379303
is_linear=0
shrinkage=0.05


Tree=56
num_leaves=31
num_cat=7
split_feature=12 0 13 13 13 4 14 0 7 9 6 2 14 6 2 4 9 2 14 14 9 14 13 0 2 14 4 1 14 2
split_gain=282.885 85.0665 67.2372 61.4986 49.3648 37.1435 32.6539 29.379 28.3457 27.3394 26.6096 24.7742 21.3112 21.0432 26.1228 20.6856 20.1726 19.6082 19.5848 19.0355 18.8867 17.7613 17.7344 17.7084 17.0934 21.5638 16.1205 15.7039 15.6859 14.8026
threshold=3.5000000000000004 4.2250000000000005 2.5000000000000004 3.5000000000000004 1.5000000000000002 34.405000000000008 0 7.3550000000000013 48.500000000000007 3.7786843447220813 46.500000000000007 7.0050000000000008 1 29.500000000000004 5.2950000000000008 40.205000000000005 42.880184331797238 6.1750000000000007 2 3 7.7108881456707552 4 1.5000000000000002 6.4050000000000011 6.1850000000000014 5 34.335000000000008 35.020000000000003 6 3.6050000000000004
decision_type=2 2 2 2 2 2 1 2 2 2 2 2 1 2 2 2 2 2 1 1 2 1 2 2 2 1 2 2 1 2
left_child=1 4 7 5 12 10 27 17 -4 -6 24 19 29 -8 -15 -11 18 -2 -7 -10 -14 -13 -20 28 25 -3 -21 -5 -12 -1
right_child=2 3 8 6 9 16 13 -9 11 15 23 21 20 14 -16 -17 -18 -19 22 26 -22 -23 -24 -25 -26 -27 -28 -29 -30 -31
leaf_value=-0.0031665650393396163 0.0041078792712606572 -0.0039097110417136384 -0.0056631884924662444 -0.0033557263117693827 -0.023732525005309174 -0.0010662549675928014 -0.00060667660203366685 0.020528775470423158 -0.0028530734731615419 -0.010256364065582963 -0.0015999434244049955 0.003092796844103891 -0.024781659759930078 -0.0098655753846146506 -0.0039159594918702209 -0.0020657896476511438 0.0081161101180640752 0.010332656817178057 0.0072988109733761013 0.0010420967393973558 -0.0039577683123778844 0.0099843076796055086 0.0015648143893099023 0.013459000758350296 0.0051013129820229371 0.0010409923125928109 0.0058494098031834623 0.0028441005109715056 -0.0080099659428656978 0.0073095434964270652
leaf_weight=578.21944000571966 1882.6955055808648 3486.794309373945 870.95066259801388 1965.5686178142205 320.80986661044881 3936.9044610536657 1764.2875822104979 536.22031937912107 1542.2402120088227 3978.2872639481211 1654.5835268683732 1693.6814958960749 115.80323553085327 3448.1140995528549 3968.0938342041336 956.13662736234255 1387.2479994501919 3856.6847696956247 2015.2853533308953 3752.4734943276271 1822.9475502539426 2165.4256465388462 4075.4299560654908 129.14214185718447 1412.9688801486045 5922.6709431740455 3257.9056779732928 2126.2674374380149 2304.835321973078 808.91410837695003
leaf_count=2332 18180 25419 6597 31413 23939 27393 24021 5880 12211 74468 12545 12934 658 56670 47994 16020 10410 38147 14173 29458 7178 14941 30311 1047 10687 44504 24649 21211 17319 3243
internal_value=-4.28076e-12 -0.00205871 0.00507136 -0.00108068 -0.00657191 0.000318419 -0.0038558 0.00933642 0.00305627 -0.00958883 -0.00132483 0.00366813 -0.00180487 -0.00550861 -0.00668219 -0.00866929 0.00246495 0.00829074 0.00168316 0.00216759 -0.00517491 0.00699365 0.00345639 -0.0047613 -2.65739e-05 -0.000796601 0.00327151 -0.000133743 -0.00535558 0.00292157
internal_weight=67737.6 48179.3 19558.3 39598.2 8581.12 26325.9 13272.3 6275.6 13282.7 5255.23 14911 12411.7 3325.88 9180.5 7416.21 4934.42 11414.9 5739.38 10027.6 8552.62 1938.75 3859.11 6090.72 4088.56 10822.4 9409.47 7010.38 4091.84 3959.42 1387.13
internal_count=665952 502955 162997 375117 127838 193808 181309 62207 100790 114427 111521 94193 13411 128685 104664 90488 82287 56327 71877 66318 7836 27875 44484 30911 80610 69923 54107 52624 29864 5575
cat_boundaries=0 1 2 3 4 5 6 7
cat_threshold=1048783 15634437 6037643 4588036 11684444 5312615 15098500
is_linear=0
shrinkage=0.05


Tree=57
num_leaves=31
num_cat=7
split_feature=0 9 13 13 0 13 4 13 13 7 14 4 3 14 4 4 0 1 14 1 3 14 14 0 6 14 0 14 6 4
split_gain=267.673 86.4149 73.1531 58.6793 52.4082 40.1764 33.2684 31.2954 26.7381 26.6731 26.3122 21.5731 19.3505 18.2884 17.8712 16.6846 16.4864 17.4014 16.4387 15.8141 15.2919 14.858 14.8303 14.7095 14.2344 14.1438 14.0049 14.0046 13.9443 13.7649
threshold=6.3450000000000006 33.747427983539104 1.5000000000000002 3.5000000000000004 3.5750000000000006 4.5000000000000009 40.985000000000007 1.5000000000000002 4.5000000000000009 49.500000000000007 0 36.645000000000003 46.690000000000005 1 39.715000000000011 38.685000000000009 6.9750000000000005 46.445000000000007 2 1.0000000180025095e-35 58.800000000000004 3 4 7.4750000000000005 42.500000000000007 5 3.8750000000000004 6 36.500000000000007 32.165000000000006
decision_type=2 2 2 2 2 2 2 2 2 2 1 2 2 1 2 2 2 2 1 2 2 1 1 2 2 1 2 1 2 2
left_child=1 2 9 7 19 12 8 21 18 13 -11 -5 15 29 24 -3 17 -9 -6 -4 -18 -2 -14 -13 26 -7 -12 -8 -20 -1
right_child=3 5 4 11 6 25 27 16 -10 10 14 23 22 -15 -16 -17 20 -19 28 -21 -22 -23 -24 -25 -26 -27 -28 -29 -30 -31
leaf_value=-0.0094353708808023948 0.0059511970824031217 -0.00025998540108087816 -0.031776011482558708 0.00038648808914797128 -0.0024253038519167591 -0.0092072980908411688 0.004402729041087532 0.0096493226231520526 -0.0099220029570120764 0.011365144584524797 -0.0059031119905767438 0.0046531043768787261 0.00093659589780085257 -0.011972685291562016 0.0052109055640352136 0.0039096882002946321 0.0079228026247483065 0.0034102024543582856 -0.0034558208382038979 -0.012876097795439188 0.017191775655422001 0.01761913267537572 0.0072933888074040278 0.017098570638794885 -0.0036074857353081712 -0.0021990621949200973 0.0026450689077298986 -0.0024978841607701087 -0.0079169535409741448 0.0084454485146551288
leaf_weight=184.16387812420726 406.24023324111477 9677.6738786513451 120.70286435657181 5266.7104820264503 5339.4228473547846 927.64397833659314 1182.8640815499239 1597.2991242222488 2833.9852254174184 564.73467663209885 574.74876378849149 2542.702880365774 1525.3475011219271 708.25653245486319 1478.2455094140023 3189.8981120279059 1700.6971412021667 3721.0954573303461 2951.1911492720246 1332.7696763667045 602.66101381927729 1117.6550943313632 2341.6706431480125 261.87119098939002 2729.3864265605807 3202.1408634064719 2880.7933089993894 1906.6415225588717 4309.5346325919963 258.9993065521121
leaf_count=954 8050 77651 13928 43276 52023 14695 13562 9407 75175 2917 2477 19940 11256 3504 6935 23994 10659 21993 28885 38281 3867 22687 18272 1805 12617 44007 13848 23173 44850 1264
internal_value=1.88768e-12 -0.00184441 -0.00359294 0.00538003 -0.00530317 0.000615798 -0.0045858 0.00812223 -0.00553384 4.96901e-05 0.00104714 0.00227282 0.00170575 -0.007078 0.000271578 0.000773685 0.0068144 0.00528403 -0.00454686 -0.0144456 0.010348 0.0146634 0.00480723 0.00581517 -0.00090852 -0.00380089 0.00122328 0.000150286 -0.00609529 0.000992382
internal_weight=67437.7 50220.8 29356.4 17216.9 19977.1 20864.4 18523.6 9145.65 15434.1 9379.33 8227.91 8071.28 16734.6 1151.42 7663.17 12867.6 7621.75 5318.39 12600.1 1453.47 2303.36 1523.9 3867.02 2804.57 6184.93 4129.78 3455.54 3089.51 7260.73 443.163
internal_count=665952 524268 334393 141684 289877 189875 237668 76663 200933 44516 38794 65021 131173 5722 35877 101645 45926 31400 125758 52209 14526 30737 29528 21745 28942 58702 16325 36735 73735 2218
cat_boundaries=0 1 2 3 4 5 6 7
cat_threshold=8519680 2901424 2802446 74286 8393435 14844416 1059927
is_linear=0
shrinkage=0.05


Tree=58
num_leaves=31
num_cat=7
split_feature=12 0 13 13 13 13 0 4 0 4 0 4 0 4 14 6 14 9 14 14 7 6 2 14 14 13 3 14 6 3
split_gain=256.799 75.5436 71.0581 57.073 45.2692 35.6774 33.5099 31.2894 22.9746 22.9614 18.9816 18.7207 17.9898 17.7532 28.4244 17.3109 16.4961 16.03 17.8917 16.022 15.8463 15.3834 14.6982 14.3417 13.6688 13.6102 13.5889 17.6023 17.0977 13.2674
threshold=3.5000000000000004 4.785000000000001 1.5000000000000002 1.5000000000000002 4.5000000000000009 4.5000000000000009 2.8950000000000005 36.850000000000009 6.8950000000000005 31.515000000000004 7.0750000000000011 36.645000000000003 7.4050000000000011 23.135000000000002 0 29.500000000000004 1 53.166785523266178 2 3 49.500000000000007 37.500000000000007 6.9650000000000007 4 5 1.5000000000000002 41.390000000000008 6 30.500000000000004 20.600000000000005
decision_type=2 2 2 2 2 2 2 2 2 2 2 2 2 2 1 2 1 2 1 1 2 2 2 1 1 2 2 1 2 2
left_child=1 2 13 22 7 8 -4 10 21 -8 26 -7 -13 14 -1 -6 -17 18 -9 -12 24 -5 -2 -22 -15 -20 28 -28 -3 -11
right_child=3 4 6 5 15 11 9 17 -10 29 19 12 -14 20 -16 16 -18 -19 25 -21 23 -23 -24 -25 -26 -27 27 -29 -30 -31
leaf_value=-0.018474383730926597 0.010050436793957677 0.0016951861746115804 -0.019250858687135806 0.0065243513684753209 0.0013745256472533958 -0.0018060654010036783 -0.0091026358561769102 -0.00011406971343126659 0.0086048286996453574 -0.0068167172689074492 -0.0046361614832190591 0.0028397886260574439 0.019203800159587683 0.00054907152748665357 -0.00011796841358534701 -0.010541391298629292 -0.0038296872752023032 0.017510800007780603 0.010593147069871349 0.034417243124905204 0.011040797082467949 0.002228561038671693 0.019541818350599094 0.00080896243935878588 -0.012816795533208615 0.0035159865625192621 -0.0023261763657997144 0.004015942352986795 -0.0027655027313870347 -0.0023305783622640016
leaf_weight=326.91169392410666 1185.2477146724705 2811.807442698162 522.77267979114549 3514.8525444064289 998.11764639616013 3273.0048329229467 4380.0583982183598 3040.7948080548085 3890.781723625958 3105.197934982134 45.219045495614409 1579.1427499176934 187.94151985272765 387.54930292256176 574.49327239580452 1336.4411474969238 3007.601472966373 190.70177820278332 846.46826797071844 60.067052379250526 359.24335863627493 5119.5496965460479 621.92006104439497 4802.4625488389283 374.46847350150347 3440.6279518222436 1808.8788658436388 2742.4895086372271 9102.11260805442 3512.180849078577
leaf_count=1329 24058 21816 32724 21683 15607 32366 71068 22914 24551 49826 367 14982 1438 1641 2331 23281 46488 1297 8228 407 1537 32215 11704 19558 1629 24127 14095 21216 73085 48384
internal_value=-8.25655e-12 -0.00196893 -0.0044872 0.00485581 -0.000399223 0.00398532 -0.00688239 0.000524229 0.00541476 -0.00629444 -0.0006896 0.000433001 0.00458021 -0.000444346 -0.00698153 -0.0045633 -0.00592762 0.00319944 0.002827 0.0204729 0.000550409 0.00397727 0.0133168 0.00154403 -0.00618013 0.00490191 -0.000824922 0.00149907 -0.00171273 -0.00443569
internal_weight=67149.1 47776.7 18345.3 19372.4 29431.3 17565.3 11520.2 24089.2 12525.2 10997.4 16570.6 5040.09 1767.08 6825.13 901.405 5342.16 4344.04 7518.59 7327.89 105.286 5923.72 8634.4 1807.17 5161.71 762.018 4287.1 16465.3 4551.37 11913.9 6617.38
internal_count=665952 502955 230027 162997 272928 127235 202002 187552 78449 169278 130986 48786 16420 28025 3660 85376 69769 56566 55269 774 24365 53898 35762 21095 3270 32355 130212 35311 94901 98210
cat_boundaries=0 1 2 3 4 5 6 7
cat_threshold=2167986 10672640 8192538 14748885 8519680 5129653 678073
is_linear=0
shrinkage=0.05


Tree=59
num_leaves=31
num_cat=7
split_feature=0 0 13 13 13 0 0 4 14 7 2 6 1 14 0 4 4 14 1 6 13 14 4 14 2 5 14 5 14 6
split_gain=244.914 76.6865 68.4091 50.9026 41.6507 39.2759 25.3627 24.1499 23.343 21.6569 20.8963 23.7201 20.8722 20.3688 19.0102 18.1073 16.6073 37.4504 16.4658 16.2771 16.2558 15.9042 15.6075 19.1905 15.0259 14.9393 14.9006 14.6387 16.8288 15.8159
threshold=6.3450000000000006 5.1550000000000011 1.5000000000000002 3.5000000000000004 2.5000000000000004 3.5750000000000006 6.9750000000000005 32.435000000000009 0 49.500000000000007 4.4850000000000012 35.500000000000007 46.315000000000005 1 7.7750000000000012 32.250000000000007 23.410000000000004 2 44.345000000000006 34.500000000000007 1.5000000000000002 3 37.525000000000006 4 6.6550000000000011 55.050000000000004 5 38.835000000000008 6 51.500000000000007
decision_type=2 2 2 2 2 2 2 2 1 2 2 2 2 1 2 2 2 1 2 2 2 1 2 1 2 2 1 2 1 2
left_child=1 2 9 6 13 -4 12 19 -9 21 11 22 24 -3 15 -5 17 -11 26 -6 -8 -1 -7 -24 -2 -20 -17 28 -18 -30
right_child=3 4 5 14 7 10 20 8 -10 16 -12 -13 -14 -15 -16 18 27 -19 25 -21 -22 -23 23 -25 -26 -27 -28 -29 29 -31
leaf_value=0.0009833256409061417 0.0060685880520398548 -0.00027180841094804785 -0.013500735698099162 -0.0010447513855996273 0.00033226766425264179 -0.0058134063176894816 0.019869455132061065 -0.0026529904557429686 0.002697462153753623 -0.016942070054571771 -0.0030268972227303474 -0.0093096366111651528 0.0041060117913470249 0.0045628273344320534 0.015189189850485826 0.001543085039189946 0.0063305589847603557 0.0022158751172163637 0.0031571853687795276 -0.0051698748635171828 0.0099239440710771135 -0.011529492977540547 0.014407254535207626 -0.0021117869997688693 0.015076337300961846 -0.024779367533102989 0.019824002210836449 0.0065258558468844199 0.00074419543090488297 -0.0069251206620495739
leaf_weight=416.88135503232479 956.27492115343921 3408.0046239728108 1426.9972214330919 3233.0102586997673 1860.40265936777 2392.7864443436265 501.15368127939291 3572.7851936467923 4720.0961644770578 394.19520543888211 7842.8685792651959 4046.9565608687699 4407.8490690567996 6050.2170424892101 274.92993055097759 197.99378014914691 1021.245775450021 690.96063663996756 3976.3956859130412 4844.1074101338163 2280.3595754094422 652.87541630677879 217.64527371805161 766.08182394597679 897.45259445952252 48.437525395303965 277.4347253954038 1309.9548348253593 3332.0961709320545 842.13157686684281
leaf_count=1966 7871 26642 52378 26811 18295 34709 10155 35032 42570 1698 99264 61915 36820 53205 1860 2117 4618 3019 31437 48942 14526 3056 2792 9933 7291 388 2408 5781 14752 3701
internal_value=-7.66472e-12 -0.00177058 -0.00369741 0.00517212 0.000227006 -0.0055681 0.00774293 -0.00141165 0.000392404 -9.15333e-05 -0.00482661 -0.006728 0.00597808 0.00282534 0.00226909 0.00180976 0.000847121 -0.00487917 0.00386045 -0.00364311 0.0117159 -0.00675187 -0.00363375 0.00166797 0.0104295 0.00282098 0.0126603 0.00180231 0.000611346 -0.000801135
internal_weight=66860.6 49809.3 25353.7 17051.3 24455.6 16693.3 9043.09 14997.4 8292.88 8660.34 15266.3 7423.47 6261.58 9458.22 8008.2 7733.27 7590.58 1085.16 4500.26 6704.51 2781.51 1069.76 3376.51 983.727 1853.73 4024.83 475.429 6505.43 5195.47 4174.23
internal_count=665952 524268 299582 141684 224686 260991 76663 144839 77602 38591 208613 109349 51982 79847 65021 63161 33569 4717 36350 67237 24681 5022 47434 12725 15162 31825 4525 28852 23071 18453
cat_boundaries=0 1 2 3 4 5 6 7
cat_threshold=14865172 1060971 2184242 2901393 22801 10902021 10620944
is_linear=0
shrinkage=0.05


Tree=60
num_leaves=31
num_cat=5
split_feature=12 13 9 13 13 0 4 4 3 13 4 6 0 0 3 7 3 5 14 1 14 5 4 6 6 14 14 11 14 6
split_gain=230.488 72.2642 65.1547 49.8258 46.2025 32.4678 23.4588 21.7099 19.8558 19.5331 19.3782 19.2054 18.7923 18.3625 18.1246 18.0063 19.0956 20.1986 16.398 16.3043 16.2961 15.5166 15.4537 14.8235 14.5271 14.0781 14.0775 13.7637 13.5392 13.0764
threshold=3.5000000000000004 5.5000000000000009 35.568740053968043 4.5000000000000009 2.5000000000000004 6.8950000000000005 39.82500000000001 26.155000000000005 22.845000000000002 1.5000000000000002 42.775000000000013 28.500000000000004 4.0850000000000009 7.4750000000000005 43.495000000000005 60.500000000000007 17.670000000000005 34.555000000000007 0 57.190000000000005 1 37.725000000000001 16.725000000000005 44.500000000000007 61.500000000000007 2 3 44.151846785225722 4 55.500000000000007
decision_type=2 2 2 2 2 2 2 2 2 2 2 2 2 2 2 2 2 2 1 2 1 2 2 2 2 1 1 2 1 2
left_child=1 2 4 5 6 10 15 -6 -9 -7 23 -4 -3 22 -13 16 17 20 -12 21 -1 25 -5 -2 26 -16 -18 -20 -17 -10
right_child=3 12 11 13 7 9 -8 8 29 -11 18 14 -14 -15 19 28 24 -19 27 -21 -22 -23 -24 -25 -26 -27 -28 -29 -30 -31
leaf_value=-0.0027954690853592232 0.0049202607007300045 -0.02133715797494086 0.0056686028080582297 -0.011433079322061728 -0.0090432602296107688 0.018450989403991376 0.0028716020182436206 -0.0063602719500802851 -0.0013801327190743808 0.0084314833140885226 0.0038296283782162412 -0.00083981255321665088 -0.0083240191890177201 0.0105812810380022 0.0044844700313214827 0.0027193020547953005 0.0030365026021963028 -0.00029699046869855161 0.007384833440227623 0.022945244104482159 -0.010716196686623058 0.0077939099270649516 0.00021225821970334631 0.00019772260381167715 -0.02000716181145628 -0.002067972292687164 -0.0014022579315777634 0.02148537898715391 -0.02771077697768673 -0.010074883792162488
leaf_weight=1224.7595212906599 6208.3177697982173 314.3486879489501 2173.6507524973713 305.0749038849026 2571.7159537295811 556.68114318721928 3210.4146724375896 4742.9997955565341 5634.0613327021711 3854.4233490955085 593.89193608961068 8062.0243959035724 2362.3433013015892 402.20924528874457 1504.5758266043849 58.648095815442502 2512.7702715909109 1835.3310076561756 300.7136211283505 101.40806054323912 1433.0429664528929 1104.0855577667244 4304.481179127004 2268.9353506441694 92.690528459846973 1778.8157004890963 6108.5345545317978 407.69222908606753 105.36258986219764 468.3763516228646
leaf_count=8275 49672 25470 17505 2719 37601 11529 20372 78382 64964 24551 4623 68326 60345 3240 12161 353 16860 12058 1858 724 9402 8840 42827 18406 597 14474 39836 3572 659 5751
internal_value=1.10591e-11 -0.00187214 -0.00139453 0.00462126 -0.00273157 0.00613487 -0.000966475 -0.00491297 -0.00393358 0.00969594 0.00452863 0.00132947 -0.00985227 0.000335531 0.000577985 -0.001888 -0.00168353 -0.00433122 0.0102072 0.00312434 -0.00711703 0.00266622 -0.000558467 0.00365627 -0.00031832 0.000941968 -0.000106639 0.015284 -0.0183531 -0.00204748
internal_weight=66602.4 47400 44723.3 19202.4 29998.7 14190.7 16581.6 13417.2 10845.4 4411.1 9779.55 14724.6 2676.69 5011.77 12550.9 13371.1 13207.1 4493.13 1302.3 4488.89 2657.8 4387.48 4609.56 8477.25 8714 3283.39 8621.3 708.406 164.011 6102.44
internal_count=665952 502955 417140 162997 295110 114211 108412 186698 149097 36080 78131 122030 85815 48786 104525 88040 87028 29735 10053 36199 17677 35475 45546 68078 57293 26635 56696 5430 1012 70715
cat_boundaries=0 1 2 3 4 5
cat_threshold=1549544 12006784 13904740 10633748 3424348
is_linear=0
shrinkage=0.05


Tree=61
num_leaves=31
num_cat=6
split_feature=0 12 13 9 13 13 0 13 7 14 0 14 6 14 4 4 14 1 10 6 2 13 6 14 14 0 4 4 10 5
split_gain=218.002 69.6624 51.6759 45.4931 43.5308 33.6383 25.7662 24.4573 23.1226 22.6746 22.4092 20.6785 18.9733 18.7841 18.577 18.4996 22.1253 17.3498 17.3282 16.7119 18.1638 15.7247 15.5806 15.2777 14.9993 14.9232 14.7717 14.4929 13.8238 13.7813
threshold=6.3450000000000006 2.5000000000000004 1.5000000000000002 22.750068958599766 2.5000000000000004 2.5000000000000004 7.7750000000000012 5.5000000000000009 49.500000000000007 0 2.8950000000000005 1 31.500000000000004 2 30.785000000000004 40.040000000000006 3 40.390000000000008 48.500000000000007 38.500000000000007 4.9750000000000005 5.5000000000000009 56.500000000000007 4 5 6.9150000000000009 39.715000000000011 38.685000000000009 1.5000000000000002 33.395000000000003
decision_type=2 2 2 2 2 2 2 2 2 1 2 1 2 1 2 2 1 2 2 2 2 2 2 1 1 2 2 2 2 2
left_child=1 2 8 10 11 9 7 17 22 27 -4 14 -7 -10 -2 24 -17 -6 21 -5 -21 -12 -1 -9 -14 28 -15 -3 -13 -22
right_child=4 5 3 19 6 12 -8 23 13 -11 18 25 15 26 -16 16 -18 -19 -20 20 29 -23 -24 -25 -26 -27 -28 -29 -30 -31
leaf_value=-0.0056438592078787439 0.0061420242660643618 -0.0029250630202107431 -0.018384912802249347 -0.0011939574914402147 0.018120245447917044 0.0033587903421895453 0.016217302696257076 -0.0088004094560725828 0.0096818179164800868 0.0051605789483435355 -0.0069397886730350987 0.030954796579797592 -0.0073575695935640326 -0.00087943954401869444 0.015110613721664449 0.0084512309561715262 -0.0021444447308728116 0.0035266598253228983 0.0096921024124812447 -0.0072382765959520083 -0.005119846163159374 -0.018117486701610182 -0.039471645882003074 0.00067166749704415673 -0.0018991781832253388 0.010703040194458668 0.004715407025212017 0.0059589668039314809 0.002173267649702207 0.0011782120759984446
leaf_weight=1136.139858122915 887.01951727108099 1833.1876714206301 475.58833484415663 6922.626679651672 208.31477438472211 2066.8643141663633 368.35033090598881 605.76585998479277 551.401889690198 5095.0715675742831 5881.1096807154827 42.759920360520482 1570.4549800637178 6104.2565522259101 1654.0716760293581 849.20706007350236 1150.5070933210663 9119.86882680282 149.43368085031398 3450.0758967732545 1823.2388624225277 332.42677751649171 35.090408191084862 1381.0872085615993 6317.6732744234614 930.89429681771435 1462.4023826261982 612.43067558249459 1714.9653436350636 1658.8993814683054
leaf_count=5816 9498 14046 32112 76270 1574 19628 2494 6819 2884 46478 86853 320 16100 28920 17235 7471 10025 62345 3948 44731 20221 17325 221 14510 61193 10191 7018 4559 16698 18449
internal_value=-2.14463e-11 -0.00167514 -0.00318798 -0.00457875 0.0049005 0.000651517 0.00320339 0.00277973 -8.9824e-05 0.0032666 -0.00791566 0.00869192 -0.000998001 0.000857703 0.011933 -0.0019087 0.0023867 0.00385256 -0.00713316 -0.00293169 -0.00466702 -0.0075378 -0.00665735 -0.00225716 -0.00299763 0.00556362 0.000201606 -0.000697476 0.00287343 -0.00211944
internal_weight=66391.2 49478.1 29982.7 20693.4 16913.1 19495.4 11683.4 11315 9289.29 7540.69 6838.56 5229.71 11954.7 8118.06 2541.09 9887.84 1999.71 9328.18 6362.97 13854.8 6932.21 6213.54 1171.23 1986.85 7888.13 2688.62 7566.66 2445.62 1757.73 3482.14
internal_count=665952 524268 344768 299909 141684 179500 87742 85248 44859 65083 140238 53942 114417 38822 26733 94789 17496 63919 108126 159671 83401 104178 6037 21329 77293 27209 35938 18605 17018 38670
cat_boundaries=0 1 2 3 4 5 6
cat_threshold=12395 16159380 8519680 9975921 10618134 10617360
is_linear=0
shrinkage=0.05


Tree=62
num_leaves=31
num_cat=7
split_feature=12 13 0 13 13 9 7 2 0 4 13 5 6 14 4 5 0 4 14 6 14 14 4 1 14 1 14 4 14 6
split_gain=206.114 62.6091 58.4362 46.1018 44.7231 27.1405 26.3577 24.6779 24.3852 20.7467 18.5898 18.4137 16.547 20.3268 18.2155 16.4345 15.9686 15.3732 15.8829 15.1504 15.1219 14.6104 13.868 14.2342 13.8643 13.8102 13.6626 13.5822 14.1341 13.5015
threshold=3.5000000000000004 5.5000000000000009 5.2750000000000012 1.5000000000000002 2.5000000000000004 21.443030653556971 48.500000000000007 6.7550000000000008 7.7250000000000005 34.280000000000008 5.5000000000000009 41.845000000000006 51.500000000000007 0 47.07500000000001 42.830000000000005 4.0850000000000009 41.685000000000009 1 41.500000000000007 2 3 37.315000000000005 29.645000000000003 4 40.855000000000011 5 41.190000000000005 6 22.500000000000004
decision_type=2 2 2 2 2 2 2 2 2 2 2 2 2 1 2 2 2 2 1 2 1 1 2 2 1 2 1 2 1 2
left_child=1 2 3 12 7 22 -6 17 10 29 24 27 13 14 -1 -14 -3 19 -19 20 -2 -9 26 -24 -8 -26 -5 -7 -29 -4
right_child=4 16 9 5 6 11 8 21 -10 -11 -12 -13 15 -15 -16 -17 -18 18 -20 -21 -22 -23 23 -25 25 -27 -28 28 -30 -31
leaf_value=0.0032247491990570359 0.00062792915406432938 -0.02007522618365315 0.012123672764964122 -0.013563280403733622 -0.0057739072735371495 -0.0045410845878683789 0.0012818263091035193 0.0054149732684132005 0.015312756982983615 0.0027123423038600178 -0.0014622746879327823 0.0024162620921608425 -0.005809027134832976 -0.001190280935198928 0.019924388301801391 0.01112322310378705 -0.0078619229810962445 -0.0014618151780627069 0.01804394993789428 -0.00068047792099940486 0.0098743806714572408 0.014215071580133354 -0.0041180685050871768 0.029120296341375862 0.011727208306422932 0.0043814667821853561 -0.0068873764737016705 -0.004810621887884693 0.0044971605165258551 -0.00093247504704631204
leaf_weight=2932.6028942135163 697.65217082179151 302.29431327240309 202.02406462095678 1157.6384564055479 851.37759350426495 8766.4925844063982 3497.4556125476956 700.94103893591091 410.02192949131131 8150.9549856111407 2015.3116103862412 1364.9145679157227 1613.2586899818853 4189.241870588623 172.92093580029905 157.27815081737936 2334.1139952738304 146.78594020847231 394.79352664062753 1128.5146839388181 1243.27708624769 1760.604539744556 1542.3389527319232 32.897211360745132 724.17360424809158 5493.9087876575068 2558.5831062712241 716.45681264158338 920.22466328600422 9970.7642056210898
leaf_count=14034 6873 25470 1664 22308 6597 96749 25713 7306 2796 66419 22824 14690 7303 19235 805 721 60345 1458 3898 11517 12570 18585 25160 282 5448 37412 45974 7266 9135 85395
internal_value=-5.36231e-12 -0.00177597 -0.00133192 -0.00285024 0.00438616 -0.00438136 0.00273053 0.00792838 0.0033269 0.000832797 0.00290797 -0.00304406 3.11023e-05 0.00108351 0.00414128 -0.00430492 -0.00926232 0.00529674 0.0130634 0.00392637 0.00660492 0.0117889 -0.00735549 -0.00342392 0.00381449 0.00522856 -0.00902201 -0.00376046 0.000420766 -0.00067319
internal_weight=66149.8 47085 44448.6 26124.8 19064.8 17059.5 12992.2 6072.57 12140.9 18323.7 11730.8 11768.1 9065.3 7294.77 3105.52 1770.54 2636.41 3611.02 541.579 3069.44 1940.93 2461.55 5291.46 1575.24 9715.54 6218.08 3716.22 10403.2 1636.68 10172.8
internal_count=665952 502955 417140 263662 162997 221564 100790 62207 94193 153478 91397 127840 42098 34074 14839 8024 85815 36316 5356 30960 19443 25891 93724 25442 68573 42860 68282 113150 16401 87059
cat_boundaries=0 1 2 3 4 5 6 7
cat_threshold=10357145 4530384 2111789 549930 8821268 12589265 7966888
is_linear=0
shrinkage=0.05


Tree=63
num_leaves=31
num_cat=7
split_feature=0 13 9 13 13 9 0 0 0 3 1 3 14 7 14 4 7 14 1 6 14 0 4 4 11 0 14 14 14 4
split_gain=198.187 60.9571 50.5191 42.3622 28.234 30.7678 25.5616 25.3223 21.1967 19.6126 19.278 19.2435 18.7873 18.6979 17.9311 17.1448 17.0401 15.7863 15.4557 16.4743 15.7553 15.2874 15.1819 14.1537 14.1309 15.3961 14.1898 13.9006 13.6822 13.2722
threshold=6.2750000000000012 4.5000000000000009 37.707677871612304 3.5000000000000004 1.5000000000000002 25.760883948656879 6.9750000000000005 4.5850000000000009 7.4750000000000005 58.800000000000004 44.635000000000012 46.690000000000005 0 49.500000000000007 1 41.475000000000001 48.500000000000007 2 10.050000000000002 40.500000000000007 3 1.5850000000000002 27.435000000000006 40.775000000000013 36.285266457680258 3.4650000000000003 4 5 6 26.155000000000005
decision_type=2 2 2 2 2 2 2 2 2 2 2 2 1 2 1 2 2 1 2 2 1 2 2 2 2 2 1 1 1 2
left_child=1 2 4 6 13 22 10 21 16 -8 27 23 -13 17 -15 -9 -5 -1 -16 24 -21 -3 -6 -4 26 -26 -20 -2 -10 -18
right_child=3 7 11 8 5 -7 9 15 28 -11 -12 12 -14 14 18 -17 29 -19 19 20 -22 -23 -24 -25 25 -27 -28 -29 -30 -31
leaf_value=0.00012004277571505359 0.0045936769127733201 -0.036074348371513666 -0.00023454316041149836 -0.0071240468841997119 -0.0094742921966424719 -0.0014385370887959644 0.0082789815129243032 -0.0054938741567417222 0.0017648255591028686 0.017923573284430977 0.0037879275145346193 0.00086221890517089179 0.0092219164782071147 0.009201545653794661 -0.012886189131895912 0.0019754173724322371 -0.0029716430836170282 -0.010959680973503538 0.022916994075055853 0.0022293915174896864 -0.0039410660393640771 -0.010433880599615154 -0.0042834568317369022 0.0053199797075360062 -0.017436840167050327 0.0025451342285348726 0.0041561449385588223 0.014874058498414604 0.016191896609782774 0.0027525282555474003
leaf_weight=644.65809024777263 626.79304721858352 60.385196489572991 6257.3577530132607 579.22354469913989 1823.3593392476905 11636.556852406822 1996.458930718014 4868.4768510174472 295.93867776915431 716.21642580302432 5565.3923568630125 1188.3113553915173 1568.3838280919008 604.96535419393331 214.73497201874852 912.22010196140036 1217.664851417765 640.62148333061486 158.73601107671857 1734.3347507477738 2538.759208614938 1558.4200432380312 6192.6287455358543 1404.2517207209021 99.257527004927397 3347.6210903376341 289.05673983506858 761.70328032039106 394.4590016733855 6014.3617861778475
leaf_count=3637 5251 10875 50783 4814 24753 96421 17960 85634 2217 6721 46955 9057 12385 3641 1150 14337 9726 3487 603 9246 12902 64898 77727 10703 390 18434 1188 6286 2708 51063
internal_value=-5.38335e-12 -0.00169133 -0.000926191 0.00444454 -0.00197017 -0.00308054 0.00670876 -0.00586303 0.00187007 0.0108254 0.00510288 0.0020725 0.00565493 0.000154071 0.000960754 -0.00431519 0.00112784 -0.00548676 0.000354616 0.000703158 -0.00144065 -0.0113903 -0.00546419 0.000783513 0.00305526 0.00196973 0.0114112 0.0103735 0.0102678 0.00178874
internal_weight=65911.3 47743.1 40343.6 18168.2 29925.3 19652.5 9666.56 7399.5 8501.65 2712.68 6953.89 10418.3 2756.7 10272.7 8987.47 5780.7 7811.25 1285.28 8382.5 8167.77 4273.09 1618.81 8015.99 7661.61 3894.67 3446.88 447.793 1388.5 690.398 7232.03
internal_count=665952 512251 336507 153701 253579 198901 83173 175744 70528 24681 58492 82928 21442 54678 47554 99971 65603 7124 43913 42763 22148 75773 102480 61486 20615 18824 1791 11537 4925 60789
cat_boundaries=0 1 2 3 4 5 6 7
cat_threshold=8656475 8519680 3098033 2900365 8126640 9808169 3050384
is_linear=0
shrinkage=0.05


Tree=64
num_leaves=31
num_cat=6
split_feature=0 13 2 12 13 0 6 14 0 0 14 1 4 14 1 6 4 4 14 2 14 8 3 6 7 14 1 4 6 10
split_gain=190.61 59.1683 44.5587 42.4718 36.9769 27.3418 26.4838 25.9877 25.7569 24.3938 22.9519 21.5579 18.0482 20.2681 17.9283 16.647 16.2083 15.537 14.6444 14.2429 18.9183 14.1797 21.8952 13.8167 13.7237 13.7236 13.6775 13.5817 13.4152 13.8132
threshold=6.3450000000000006 3.5000000000000004 4.4650000000000007 2.5000000000000004 4.5000000000000009 7.2350000000000012 46.500000000000007 0 3.8750000000000004 1.5850000000000002 1 44.045000000000009 34.335000000000008 2 65.740000000000023 22.500000000000004 34.045000000000009 28.025000000000002 3 3.2350000000000008 4 204.50000000000003 18.215000000000003 34.500000000000007 49.500000000000007 5 45.550000000000004 44.035000000000004 34.500000000000007 7.5000000000000009
decision_type=2 2 2 2 2 2 2 1 2 2 1 2 2 1 2 2 2 2 1 2 1 2 2 2 2 1 2 2 2 2
left_child=1 3 9 6 5 11 8 27 -1 -3 21 -2 13 -5 25 19 -13 -17 -18 20 -10 22 -8 24 -11 -6 -27 -4 29 -9
right_child=4 2 7 12 14 -7 10 28 15 23 -12 16 -14 -15 -16 17 18 -19 -20 -21 -22 -23 -24 -25 -26 26 -28 -29 -30 -31
leaf_value=-0.0058031583437989226 0.011159138333992485 -0.037458162827293744 -0.0006957830271050805 -0.0029915245520686479 0.0035399585138845475 0.011511599714796077 -0.012498891878746744 -0.013629478010703312 -0.016431942513877987 -0.011801640465074786 -0.0062731511922371449 0.0021767559356737861 0.0041765327106658319 0.0026048963952883249 0.022072033797255808 -0.003135557377778259 0.0094957383055143778 0.00092913653446919037 0.0035262052782577304 0.0164523712444468 0.0098692731321312413 0.0075793640927778712 0.0016673602815002312 -0.010406978639709219 -0.0028254840927245191 0.006467818073251589 -0.0036316571467691059 0.0075652994298815272 -0.0060980285885116467 0.0015077084902461305
leaf_weight=2021.7420306627173 1254.816173480358 69.917590410681441 4745.0054469080642 2770.0002438765951 1878.9755491185933 1927.8331706230529 379.5124959629029 172.49599455972202 95.861319922842085 560.26753776799887 4605.8928533927538 4791.9550057509914 5317.495843450306 3860.2140028835274 96.627547075971961 3167.2435486242175 2018.6105192378163 9122.5184726291336 2168.7937732022256 287.7049397919327 183.13520017266273 494.59775035548955 969.66015166789293 2355.5850158280227 1774.5204464164563 396.27325699944049 2176.3879124401137 555.81116330530494 4262.8678094113711 1193.3557381953578
leaf_count=19108 10263 12002 62478 21562 17096 16114 2970 2366 699 14086 34326 39028 41599 32253 559 23548 16500 65988 17120 2046 1296 3624 7294 48957 43732 4452 20552 6477 61322 16535
internal_value=2.49571e-13 -0.00157358 -0.00410476 -0.000380095 0.00461099 0.00604933 -0.00171708 -0.00234626 -0.000557021 -0.00814225 -0.00439312 0.0050204 0.00200656 0.000266216 0.000764861 0.00026796 0.00416254 -0.000118392 0.00643502 0.00864657 0.000597129 0.000335545 -0.0023175 -0.00770525 -0.00497945 0.000302366 -0.00206797 0.000170103 -0.00470796 -0.000403995
internal_weight=65675.7 48965.4 15689.8 33275.6 16710.3 12162 21327.9 10929.5 14878.2 4760.29 6449.66 10234.2 11947.7 6630.21 4548.26 12856.5 8979.36 12289.8 4187.4 566.701 278.997 1843.77 1349.17 4690.37 2334.79 4451.64 2572.66 5300.82 5628.72 1365.85
internal_count=665952 524268 267955 256313 141684 99025 160899 149178 112685 118777 48214 82911 95414 53815 42659 93577 72648 89536 33620 4041 1995 13888 10264 106775 57818 42100 25004 68955 80223 18901
cat_boundaries=0 1 2 3 4 5 6
cat_threshold=1614287 2572804 8434023 12456556 4245625 5877921
is_linear=0
shrinkage=0.05


Tree=65
num_leaves=31
num_cat=7
split_feature=12 13 9 13 13 13 0 4 5 14 4 14 7 1 2 6 0 0 14 14 8 14 12 7 14 6 9 2 0 14
split_gain=178.805 52.5099 47.8307 38.1856 36.1046 27.1878 23.846 19.4546 19.1194 18.3147 17.7299 16.8068 16.7825 19.6873 30.9648 17.2574 17.7538 16.5506 15.8595 15.4643 15.3517 14.9403 17.3505 14.7738 14.3351 13.9732 16.1464 13.7479 13.6047 13.2419
threshold=3.5000000000000004 5.5000000000000009 35.568740053968043 1.5000000000000002 2.5000000000000004 5.5000000000000009 6.8950000000000005 30.345000000000002 42.120000000000012 0 34.655000000000008 1 48.500000000000007 40.855000000000011 6.2950000000000008 37.500000000000007 6.2750000000000012 3.9050000000000007 2 3 42.500000000000007 4 1.5000000000000002 55.500000000000007 5 28.500000000000004 48.541917652894917 6.9850000000000012 7.9250000000000007 6
decision_type=2 2 2 2 2 2 2 2 2 1 2 1 2 2 2 2 2 2 1 1 2 1 2 2 1 2 2 2 2 1
left_child=1 2 4 24 7 6 12 21 9 -9 -6 17 18 14 29 16 -15 -10 -5 -8 -3 -1 -23 -24 -2 -4 -27 -26 -21 -14
right_child=3 20 25 5 10 -7 19 8 11 -11 -12 -13 13 15 -16 -17 -18 -19 -20 28 -22 22 23 -25 27 26 -28 -29 -30 -31
leaf_value=-0.0061740918650224864 0.0034794643413781365 -0.01890432593198358 0.0048122544210800252 0.0078841014674554382 -0.0059712243477101886 -0.0017530184327246231 0.0036741637155263025 0.0019031008544282424 -0.01023253492256059 -0.0025057906477477798 -0.002262198429509732 0.0022522005145672623 0.011776679740799448 -0.0026683475121016178 0.015065737515600121 0.00039879118328547155 0.0068871017053196357 0.020379687360936274 -0.0095952958067924317 0.0088227160905069921 -0.007147165925220262 -0.017440843734814009 0.0011729080198187483 -0.0078373046000651293 0.010286512259811992 -0.00017168772894065451 0.0057184367267830785 0.02131672974350303 0.025975132666238007 -0.0029828886276691341
leaf_weight=2398.3945475108922 470.51437819679268 316.33209447236732 2152.3682877528481 170.28753598406911 7440.858674128307 2230.3653308288194 1971.4345416147262 4742.2504061241634 51.690200057812035 4660.7244236744009 5682.6849798593903 739.08072738721967 198.75661647506058 595.37005751207471 832.6873348094523 4731.9238907787949 2648.6888793567196 302.81529997754842 474.02478741109371 2608.1593940872699 2270.3286724041682 154.30461975745857 2798.5157506568357 543.26455538533628 820.14361604861915 11072.707063856069 1300.1147257895209 430.92176509508863 120.96687852218747 549.93722163420171
leaf_count=16052 9275 12427 17505 1110 111163 25177 13998 31157 354 30571 75535 4994 1458 4200 5840 32333 17499 1880 3378 17329 73388 1163 18568 3673 17837 94622 9903 8650 780 4133
internal_value=-1.42385e-11 -0.00166146 -0.00125481 0.0041088 -0.00241077 0.00339551 0.00416607 -0.000845986 0.000444869 -0.000282873 -0.00436516 0.00670221 0.00280841 0.00333496 0.00843141 0.0023245 0.00513343 0.0154795 -0.00500216 0.00711262 -0.00858499 -0.00314467 -0.00104576 -0.000291859 0.0112073 0.00109405 0.000447236 0.0139741 0.009548 0.00105281
internal_weight=65480.6 46626.4 44039.8 18854.2 29514.6 17132.6 14902.2 16391 10496.6 9402.97 13123.5 1093.59 10201.7 9557.36 1581.38 7975.98 3244.06 354.506 644.312 4700.56 2586.66 5894.48 3496.08 3341.78 1721.58 14525.2 12372.8 1251.07 2729.13 748.694
internal_count=665952 502955 417140 162997 295110 127235 102058 108412 68956 61728 186698 7228 69951 65463 11431 54032 21699 2234 4488 32107 85815 39456 23404 22241 35762 122030 104525 26487 18109 5591
cat_boundaries=0 1 2 3 4 5 6 7
cat_threshold=14897948 147878 69777 9373912 1642867 8751 2114896
is_linear=0
shrinkage=0.05


Tree=66
num_leaves=31
num_cat=9
split_feature=2 13 12 0 13 0 14 4 13 0 14 7 4 4 14 6 6 14 14 2 12 14 2 6 13 14 14 13 14 8
split_gain=168.263 54.9186 39.6792 35.5161 29.1461 25.4488 22.795 22.5089 19.2619 18.5728 18.2923 17.6505 15.7401 15.705 17.7133 15.6857 14.435 17.5947 15.3838 14.6521 17.1764 13.5528 13.2125 13.1664 13.1088 16.8476 12.9995 12.9903 12.8597 12.6327
threshold=6.0050000000000008 4.5000000000000009 2.5000000000000004 6.9750000000000005 1.5000000000000002 4.7650000000000006 0 30.955000000000002 1.5000000000000002 6.6950000000000012 1 49.500000000000007 40.985000000000007 36.850000000000009 2 56.500000000000007 40.500000000000007 3 4 2.6250000000000004 1.5000000000000002 5 4.0050000000000008 53.500000000000007 1.5000000000000002 6 7 5.5000000000000009 8 142.50000000000003
decision_type=2 2 2 2 2 2 1 2 2 2 1 2 2 2 1 2 2 1 1 2 2 1 2 2 2 1 1 2 1 2
left_child=1 2 4 7 11 26 12 23 -5 13 -10 15 -3 14 -4 21 17 19 -18 20 -13 -1 29 27 25 -9 -6 -2 -11 -20
right_child=3 6 9 8 5 -7 -8 24 10 28 -12 16 -14 -15 -16 -17 18 -19 22 -21 -22 -23 -24 -25 -26 -27 -28 -29 -30 -31
leaf_value=0.00093061248272111757 0.0015142269579557284 -0.0046693988513041695 0.0031061751607264292 0.018033817689182653 -0.0032571579714851698 -0.0013004094367519141 -0.0089241336795918211 0.00051025715826719348 0.011256602759222918 0.013053007423549865 0.0041366040441803151 -0.037926751513727985 0.0039907207059109657 0.0034050269689239951 -0.0021997367465596269 -0.039161826735728988 0.0027122975954359534 6.1443785210176191e-05 -0.017353652104974918 0.0093482634567098651 0.0013016883275399093 -0.010193765456391037 -0.0012080833966373796 -0.0085780053648371948 0.0032988875859495306 0.012920764459692806 -0.0072277958871810686 -0.0066680481542536058 0.0027642509442839386 -0.0040046394678680654
leaf_weight=543.6984617030248 5163.507459460292 2951.3883475578041 2213.1730487546884 398.91522441687994 3966.5448785492918 7116.579021836631 3258.0952995102271 422.97939885454252 1364.343134698458 510.58922853996046 2762.1405634982511 30.50966782681644 638.13048626761883 3483.9150450774468 5371.7233187928796 34.105529278516769 1557.7311206432059 2096.5365044577047 289.87961294688284 1339.1362127400935 326.7624051598832 545.64985046908259 1697.0178395779803 405.60595975257456 9797.1646394755226 809.44001543917693 4429.9697103979997 535.3727849368006 773.43677577702329 456.0664370637387
leaf_count=2773 43356 69382 18727 8638 49825 60524 81937 6214 9537 4148 20504 167 13162 27223 43489 205 7111 9961 1267 6973 1480 2766 8279 3773 76832 13627 58213 7842 6115 1902
internal_value=7.73989e-12 -0.00178841 -0.00102303 0.00360257 -0.00219077 -0.00350013 -0.0058998 0.00256203 0.00754224 0.00128642 0.006528 8.7123e-05 -0.00312114 0.000626085 -0.000650346 -0.00577195 0.000931709 0.00314169 -0.00116351 0.00690738 -0.00204827 -0.00472657 -0.00363111 0.000126061 0.00391025 0.00877033 -0.00536454 0.000745555 0.00697873 -0.00919215
internal_weight=65290.1 43630.6 36783 21659.5 24430.2 15513.1 6847.61 17134.1 4525.4 12352.8 4126.48 8917.09 3589.52 11068.8 7584.9 1123.45 7793.64 3792.94 4000.7 1696.41 357.272 1089.35 2442.96 6104.49 11029.6 1232.42 8396.51 5698.88 1284.03 745.946
internal_count=665952 475629 311148 190323 211446 168562 164481 151644 38679 99702 30041 42884 82544 89439 62216 5744 37140 18581 18559 8620 1647 5539 11448 54971 96673 19841 108038 51198 10263 3169
cat_boundaries=0 1 2 3 4 5 6 7 8 9
cat_threshold=1665261 7352579 1444496 14342352 10625421 3098033 4235819 3056406 8968072
is_linear=0
shrinkage=0.05


Tree=67
num_leaves=31
num_cat=9
split_feature=0 4 13 2 13 9 0 9 13 14 6 14 9 14 2 14 1 8 0 14 7 14 11 14 6 4 14 1 14 1
split_gain=159.065 53.9111 34.9993 34.4552 32.5978 25.1894 23.4097 22.9638 22.3452 21.252 19.9257 17.8345 17.2658 16.8616 16.4103 16.244 16.213 15.9842 15.3525 15.2222 15.1558 15.0924 15.0354 13.5258 13.2877 13.2202 12.673 12.5574 12.3954 13.3017
threshold=6.4850000000000012 32.360000000000007 3.5000000000000004 5.245000000000001 3.5000000000000004 7.7108881456707552 4.5050000000000008 33.275663206459058 1.5000000000000002 0 51.500000000000007 1 70.710784313725512 2 6.6350000000000007 3 41.125000000000007 197.50000000000003 7.3550000000000013 4 49.500000000000007 5 44.151846785225722 6 61.500000000000007 37.965000000000011 7 44.345000000000006 8 46.315000000000005
decision_type=2 2 2 2 2 2 2 2 2 1 2 1 2 1 2 1 2 2 2 1 2 1 2 1 2 2 1 2 1 2
left_child=1 4 10 5 7 -3 -6 9 19 24 16 -12 13 -4 -15 -9 -2 -10 25 -7 21 -5 -19 -24 -1 28 -8 -16 -18 -30
right_child=2 3 12 20 6 8 26 15 17 -11 11 -13 -14 14 27 -17 18 22 -20 -21 -22 -23 23 -25 -26 -27 -28 -29 29 -31
leaf_value=-0.00059221398338581935 0.021173936244659984 -0.013048669129262506 -0.0010722248774689817 -0.0089941788229403793 -0.011807902083607297 -0.0021939705227816664 -0.0075231656523520613 0.0031489155161486325 -0.003752851394633331 -0.0056800696718488008 -0.016257339341181173 0.0050654907937245199 0.023002628571646852 0.00036375221986825431 0.020415572185365563 -0.0018263062978226029 0.00098205571984399964 -0.00085428851647849097 0.013612228791284375 0.0040332113263817273 0.00273592347621964 0.0014193378914815315 -0.0036160118999654213 0.014709633025746575 -0.032568814596247199 0.010333461552755109 -0.002742077138070096 0.0059304115158520659 0.014687237719631003 0.0053509160673423303
leaf_weight=4244.3842801516876 219.35421926807612 450.30843385780463 2841.7458897442557 564.84007094986737 1334.365366391663 1469.2975886622444 2192.7739143557847 3029.2211007848382 6767.9416103771655 4829.0854581571184 156.98004553467035 231.26792431809008 97.62034473195672 1640.4550720369443 162.84695673361421 3555.9576574959792 1352.5658469574992 3460.4943633121438 853.89639099803753 2922.9453390282579 11246.269416216295 880.06847476144321 149.19267353974283 299.95488465391099 32.738775127567351 1573.0126787729096 3858.7733072016854 1842.2954268017784 454.8170723603107 2366.6456438936293
leaf_count=32835 1816 18724 24707 4981 47543 7711 31098 25095 89269 37418 1556 2078 561 13421 1525 28976 11839 42803 8170 15853 103385 8297 977 1904 275 13780 50920 13866 3807 20762
internal_value=-4.14303e-12 -0.0012819 0.0047665 0.000184256 -0.00307423 -0.00139586 -0.00581328 -0.00178496 -0.00104766 -0.00341154 0.00717372 -0.00384422 0.00213133 0.00181726 0.00406142 0.000464334 0.00780092 -0.00228251 0.00735652 0.00195428 0.00211659 -0.00270391 0.000262791 0.00886942 -0.000835023 0.00642705 -0.00449146 0.00710682 0.00495489 0.00683171
internal_weight=65082.1 51288.6 13793.5 28211.3 23077.3 15520.1 7385.91 15691.4 15069.8 9106.21 7208.54 388.248 6584.96 6487.34 3645.6 6585.18 6820.29 10677.6 6600.94 4392.24 12691.2 1444.91 3909.64 449.148 4277.12 5747.04 6051.55 2005.14 4174.03 2821.46
internal_count=665952 548064 117888 293904 254160 177241 129561 124599 158517 70528 63808 3634 54080 53519 28812 54071 60174 134953 58358 23564 116663 13278 45684 2881 33110 50188 82018 15391 36408 24569
cat_boundaries=0 1 2 3 4 5 6 7 8 9
cat_threshold=15639052 1786330 11423244 4681360 5514758 4597850 8814739 10913328 538949
is_linear=0
shrinkage=0.05


Tree=68
num_leaves=31
num_cat=8
split_feature=12 0 13 11 6 13 12 14 14 2 4 13 14 4 7 0 2 6 3 4 14 6 2 14 4 14 9 14 14 4
split_gain=150.618 48.6402 39.2123 34.0641 31.467 22.5527 21.7954 21.4452 18.5632 18.353 17.6015 16.9423 20.5696 16.4653 18.0756 15.63 15.58 14.7087 15.2097 14.5146 14.2482 13.3068 13.4761 13.1092 12.9161 12.6624 12.4102 12.0195 11.5636 11.3731
threshold=3.5000000000000004 3.8750000000000004 3.5000000000000004 57.947368421052637 46.500000000000007 5.5000000000000009 1.5000000000000002 0 1 7.1750000000000007 40.985000000000007 1.5000000000000002 2 25.535000000000004 49.500000000000007 7.4450000000000012 5.0050000000000008 21.500000000000004 41.195000000000007 34.525000000000013 3 28.500000000000004 5.3350000000000009 4 41.685000000000009 5 45.354175554065868 6 7 39.205000000000005
decision_type=2 2 2 2 2 2 2 1 1 2 2 2 1 2 2 2 2 2 2 2 1 2 2 1 2 1 2 1 1 2
left_child=1 6 4 5 10 9 16 21 26 25 17 12 -8 -9 -15 24 -1 28 20 -10 -19 -4 -23 -11 -5 -2 -6 -12 -3 -7
right_child=3 2 7 15 8 29 11 13 19 23 27 -13 -14 14 -16 -17 -18 18 -20 -21 -22 22 -24 -25 -26 -27 -28 -29 -30 -31
leaf_value=-0.016258956688852515 0.0045210357701959821 -0.012103441682836632 -0.00038429087886669602 0.0055925405711338442 -0.0057304204055032767 -0.0040774702522352333 -0.01051005137702264 -0.0066685011727922426 -0.0028678832336874686 0.0031626431070414136 0.0074047594830989319 -0.0080435750344765907 0.0032650184715310132 -0.007353442074208765 0.00059875594344176348 0.017104323976443687 0.01689113880234408 -0.0033205764091737058 0.0032525938364135914 0.0029787939485610023 0.00042697313702593637 -0.0091838163809666602 -0.0039424884886509167 0.0099977607504959792 0.014318375848150239 0.0009008755171925056 0.0075147395162513345 0.0013270934611217622 0.016375865396688907 0.0042900946538512131
leaf_weight=699.98731714120368 4298.7070582685992 37.300358206965029 1045.431886035949 2838.48042913666 3725.3450788920745 1630.1346097178757 369.05298847518861 1274.1239180795383 2449.5443859533407 1289.1889055678621 1653.018920798786 1921.0629560479429 941.32329328916967 821.59709672187455 5486.7392706361134 422.45161592983641 37.333892241120338 3362.603610560298 3364.0654775616713 1873.3278235895559 10224.620680092368 2485.144714291906 2421.157952954527 1617.1431868420914 498.58057563588955 5536.2746858932078 185.6643243888393 1623.2764607788995 216.76753278262913 540.81215990334749
leaf_count=31478 29771 309 16346 37347 27425 19209 1690 19824 19655 9275 12169 42606 3977 11211 79514 4614 425 24834 26299 14334 78166 46753 31292 10860 6605 39596 1388 11686 1574 5720
internal_value=-9.33777e-12 -0.0015311 -0.00103397 0.00378996 1.17817e-05 0.00271765 -0.0068234 -0.00325273 -0.00259869 0.00352028 0.00106122 -0.00505347 -0.000669867 -0.00148211 -0.000436938 0.00804331 -0.0145804 0.000421606 0.000242628 -0.000333439 -0.00050261 -0.00549676 -0.00659733 0.00701113 0.00689624 0.0024887 -0.00508863 0.00442016 0.0123629 -0.001993
internal_weight=64890.3 46218.5 42249.7 18671.8 28715.5 14912.3 3968.76 13534.2 8233.88 12741.3 20481.7 3231.44 1310.38 7582.46 6308.34 3759.51 737.321 17205.4 16951.3 4322.87 13587.2 5951.73 4906.3 2906.33 3337.06 9834.98 3911.01 3276.3 254.068 2170.95
internal_count=665952 502955 422779 162997 217839 114431 80176 204940 62802 89502 155037 48273 5667 110549 90725 48566 31903 131182 129299 33989 103000 94391 78045 20135 43952 69367 28813 23855 1883 24929
cat_boundaries=0 1 2 3 4 5 6 7 8
cat_threshold=10966576 1060315 4270154 1052935 11225208 1590395 9837725 704513
is_linear=0
shrinkage=0.05


Tree=69
num_leaves=31
num_cat=8
split_feature=0 13 9 13 13 0 6 8 7 6 4 6 14 9 14 1 4 7 14 14 4 14 14 9 1 13 14 2 6 14
split_gain=143.954 48.7668 48.9813 32.9581 30.2858 25.4649 17.7833 17.6777 17.261 16.5221 16.4588 15.575 15.4586 15.4189 14.9589 14.3502 14.3052 15.8592 15.5532 15.1851 13.9568 13.8207 13.5363 13.345 13.4409 12.9873 12.9072 14.7119 12.0018 13.0552
threshold=6.4850000000000012 5.5000000000000009 35.568740053968043 1.5000000000000002 3.5000000000000004 4.5850000000000009 34.500000000000007 20.500000000000004 49.500000000000007 51.500000000000007 27.435000000000006 56.500000000000007 0 70.710784313725512 1 41.125000000000007 27.215000000000003 48.500000000000007 2 3 39.715000000000011 4 5 44.264905502767057 41.125000000000007 1.5000000000000002 6 6.6350000000000007 42.500000000000007 7
decision_type=2 2 2 2 2 2 2 2 2 2 2 2 1 2 1 2 2 2 1 1 2 1 1 2 2 2 1 2 2 1
left_child=1 2 3 8 9 10 -4 -3 11 15 -5 21 -11 26 -9 -2 18 19 -8 -18 28 -1 -22 24 -19 -17 27 -6 29 -10
right_child=4 7 6 5 13 -7 16 14 20 12 -12 -13 -14 -15 -16 25 17 23 -20 -21 22 -23 -24 -25 -26 -27 -28 -29 -30 -31
leaf_value=-0.010407336785605629 0.020064121233457962 -0.022443390835610276 0.0037735060134473247 -0.0097041627429228922 0.00029337346332457178 -0.0018043006203252738 -0.0074451380041079002 -0.010577744172415368 0.0052616516409485833 0.0056603563188194631 -0.0042384485652528199 -0.039497449292946352 -0.013974270720076338 0.021953791439777947 -0.0031917138863057437 0.012075599203464614 -0.012192888374485421 0.0021501352657221843 5.8794082942710541e-05 0.00048775449792000955 0.010086332501877682 0.00046047112024542072 0.00088484633425281792 0.0043920581649125158 -0.0025284738701639026 0.0059904243174266911 -0.00034843988968262518 0.007237362391949222 -0.0022304076317936029 -0.00062198559399030738
leaf_weight=513.87672057561576 215.84732640720904 183.05303187749814 4880.9532508661505 1775.3209114525234 1376.9950764831156 11893.884773276746 1118.8030363018624 1218.7942624795251 1677.3470001807436 216.56695712078363 6144.3406337517081 32.374368945136666 171.46018071332946 96.310947168618441 1619.2569655397674 1043.2100564055145 408.03067994816229 4173.785041553434 1787.7149384277873 549.05998932616785 757.1843250002712 668.8260149974376 853.25509627442807 3132.8045940513257 2428.149269756861 5497.4984288364649 3363.1867686351761 1709.971603279002 3050.7090680431575 2138.3393187001348
leaf_count=2638 1816 6629 40606 31541 11339 117995 9663 39028 8625 1989 99151 170 1645 561 47081 23521 3451 36555 15956 4850 4040 3562 4199 25632 20778 34837 28864 13316 15146 10768
internal_value=-5.54358e-12 -0.00122194 -0.000834006 -0.00209823 0.00455231 -0.00326699 0.00118455 -0.0073835 0.000291099 0.00680336 -0.00546368 -0.00528221 -0.00322999 0.00209559 -0.00641214 0.00737958 0.000255283 0.00110082 -0.0028551 -0.00504061 0.00108998 -0.00434562 0.00527926 0.00170463 0.000429373 0.00696098 0.00179907 0.00412651 0.000107432 0.00197658
internal_weight=64696.9 51005.9 47984.8 29505.5 13691 19813.5 18479.3 3021.1 9691.91 7144.58 7919.66 1215.08 388.027 6546.46 2838.05 6756.56 13598.3 10691.8 2906.52 957.091 8476.83 1182.7 1610.44 9734.74 6601.93 6540.71 6450.15 3086.97 6866.4 3815.69
internal_count=665952 548064 455326 297835 117888 248687 157491 92738 49148 63808 130692 6370 3634 54080 86109 60174 116885 91266 25619 8301 42778 6200 8239 82965 57333 58358 53519 24655 34539 19393
cat_boundaries=0 1 2 3 4 5 6 7 8
cat_threshold=13941285 15863632 8434028 5253850 12597838 11421981 5353714 13259480
is_linear=0
shrinkage=0.05


Tree=70
num_leaves=31
num_cat=7
split_feature=0 0 4 13 13 6 0 9 1 7 9 6 14 14 13 14 14 13 6 13 8 9 4 9 14 7 14 13 2 14
split_gain=134.852 47.1429 41.5184 36.8415 27.8945 25.159 20.4357 19.439 19.0111 18.7889 18.3974 17.1392 16.9107 16.53 16.4302 25.0166 13.8402 14.2499 14.8059 13.2805 13.1662 15.9506 12.6274 12.3643 12.2725 12.1329 16.038 14.4616 13.4116 12.2031
threshold=6.4850000000000012 3.8750000000000004 35.595000000000006 4.5000000000000009 4.5000000000000009 44.500000000000007 7.2550000000000008 7.7108881456707552 44.045000000000009 49.500000000000007 42.340526009880854 50.500000000000007 0 1 1.5000000000000002 2 3 2.5000000000000004 21.500000000000004 2.5000000000000004 42.500000000000007 18.449491447064265 42.890000000000008 63.655788655788662 4 56.500000000000007 5 1.5000000000000002 5.1850000000000014 6
decision_type=2 2 2 2 2 2 2 2 2 2 2 2 1 1 2 1 1 2 2 2 2 2 2 2 1 2 1 2 2 1
left_child=1 7 3 5 6 16 8 -1 -2 13 11 14 -13 -4 15 -11 -3 18 -18 -15 -9 -22 -10 -6 -23 28 27 -27 -20 -30
right_child=4 2 9 -5 23 -7 -8 20 22 10 -12 12 -14 19 -16 -17 17 -19 25 -21 21 24 -24 -25 -26 26 -28 -29 29 -31
leaf_value=-0.014382816628659485 0.012263146502739228 -0.0019171087386624403 0.00218240817160158 -0.005986860600007738 0.00022232692275732537 -0.0034425446224387551 0.010725851981425193 -0.012486268205456242 0.0031978230017114051 0.010837421347543993 0.0051701491909848614 -0.0075983487182345296 0.00074596763819014119 -0.001127865232759363 0.00070271903704004028 0.00048326978087662794 0.022214954557674433 -0.00093701856440489388 0.00083898834371996355 -0.011070122671045048 -0.0061961459765626538 -0.0049086146623973006 0.0094921726253519318 0.015536181600630639 0.0067189993312810337 0.020327553174827297 -0.013568900225419955 -0.0097712942472479528 0.0093591707955538832 0.0019730850286867043
leaf_weight=644.90615811379394 764.74709339765832 6052.064068261534 890.35824432317168 4652.604126499733 3659.5482950853184 7947.9308507787064 1745.6771718338132 485.68390261888271 6422.0656335554086 1121.2732228417881 3170.8834791437257 1049.4393915045075 1424.8729427210055 609.10941268736497 7610.7450396481436 1218.5190788614564 96.301478874869645 4736.7004643250257 2898.8290351065807 748.77862998051569 1883.7381444876082 383.15878750255797 909.67312172753736 136.73258683085442 529.53151805372909 88.475681588985026 246.34345302451402 72.699322662316263 1216.41804048419 1062.4894498412032
leaf_count=33668 6467 51013 8421 93315 34572 67446 15060 7027 53516 7662 27125 10859 13966 4471 82045 8085 623 42630 19998 8404 28109 4813 7381 892 6612 520 1750 569 10037 8896
internal_value=-2.0721e-12 -0.00118429 -0.00074379 -0.00190913 0.00441483 -0.00113217 0.0058192 -0.00644678 0.00476128 0.00115474 0.00177076 0.000903221 -0.00282083 -0.00311848 0.00182925 0.00549356 -1.72673e-05 0.00108717 0.00277664 -0.00656199 -0.00488742 -0.00356765 0.00397878 0.000773894 0.00185742 0.00244148 -0.00586518 0.00635681 0.00309526 0.0059653
internal_weight=64480.3 50841.9 46914.8 29070.9 13638.4 24418.3 9842.16 3927.02 8096.49 17844 15595.7 12424.8 2474.31 2248.25 9950.54 2339.79 16470.3 10418.3 5681.56 1357.89 3282.11 2796.43 7331.74 3796.28 912.69 5585.25 407.518 161.175 5177.74 2278.91
internal_count=665952 548064 467835 296797 117888 203482 82424 80229 67364 171038 149742 122617 24825 21296 97792 15747 136036 85023 42393 12875 46561 39534 60897 35464 11425 41770 2839 1089 38931 18933
cat_boundaries=0 1 2 3 4 5 6 7
cat_threshold=9833944 87473 10918345 9523301 12681708 4457234 2262680
is_linear=0
shrinkage=0.05


Tree=71
num_leaves=31
num_cat=6
split_feature=12 13 9 13 13 9 0 9 7 0 4 11 3 14 14 14 14 6 1 0 0 1 10 14 1 2 7 14 7 4
split_gain=128.504 39.8986 32.1852 29.7393 23.5374 24.3233 22.634 18.4944 15.4945 13.7832 13.7205 17.2418 13.6874 16.8466 13.354 12.8962 12.7431 13.1757 12.6538 16.7554 12.4352 12.2192 12.1477 14.6115 12.1362 16.9881 12.9505 12.0699 12.0083 11.8822
threshold=3.5000000000000004 4.5000000000000009 37.707677871612304 4.5000000000000009 1.5000000000000002 26.272848122299774 6.8950000000000005 27.806182339898271 49.500000000000007 1.5850000000000002 42.775000000000013 48.435972629521025 43.495000000000005 0 1 2 3 47.500000000000007 53.235000000000007 7.9250000000000007 7.8450000000000006 57.190000000000005 18.500000000000004 4 40.705000000000005 6.1850000000000014 46.500000000000007 5 49.500000000000007 19.075000000000006
decision_type=2 2 2 2 2 2 2 2 2 2 2 2 2 1 1 1 1 2 2 2 2 2 2 1 2 2 2 1 2 2
left_child=1 2 4 6 8 -6 10 9 16 -3 24 22 -4 -14 -10 -5 -1 -18 -8 -20 29 -15 -12 -24 25 -2 27 -26 -9 -17
right_child=3 7 12 15 5 -7 18 28 14 -11 11 -13 13 21 -16 20 17 -19 19 -21 -22 -23 23 -25 26 -27 -28 -29 -30 -31
leaf_value=-0.010189382456904291 0.00049750303682268937 -0.035315352746304589 0.00027518642006987788 0.0029534023484156981 -0.0047247222575836252 -0.0011018713141795434 0.010970289355166895 -0.0096429361309047848 0.008311338295003164 -0.008165566544875295 0.014899110743085137 0.014623442964062233 -0.00023528408455544865 0.0062936836892946435 0.00054280036069265746 -0.014515026658481832 0.0031423079588129596 -0.014727561097110443 0.0041964837359891411 0.019640627236562569 0.018746036780970067 0.030532822235115959 0.011012923566105694 -0.006622742722385372 0.0044672949466759574 0.011484553456534445 0.0021510504748683207 -0.017743031255707139 -0.002257477593284758 -0.0017853049150135679
leaf_weight=583.27692036237568 614.94330715807155 47.824519646441331 6223.1371286811773 2233.9269455433823 8164.6426790640689 10710.826414889656 1780.6717534868512 630.77125528710894 583.42489944119006 2075.2378212459153 159.09416585974395 572.58818827522919 1360.237529410515 2147.7945736013353 8231.1103128022514 198.69202417414635 560.19312738068402 126.42997502535582 2225.4424005215988 190.66369425645098 68.954105006530881 53.283500410849229 164.31963011808693 350.49240416847169 98.21973306266591 822.2439442910254 6487.7904548880178 149.94333716994151 4318.8346507067326 2368.8427471481264
leaf_count=3149 5151 10644 50317 22313 106472 90822 14988 10521 3558 79567 977 5676 10754 17010 43355 1822 3233 664 19360 1732 529 423 1051 2349 830 6701 54051 1345 72466 24122
internal_value=-3.34634e-12 -0.0014198 -0.000789391 0.00351878 -0.00162704 -0.00266895 0.00471815 -0.00487321 0.000323132 -0.00877715 0.00335746 0.00824383 0.00168988 0.00416196 0.00106704 0.000165634 -0.00484041 -0.000145998 0.00777222 0.00541524 -0.00219933 0.00684934 0.00282336 -0.000908447 0.00261224 0.00678342 0.00172227 -0.00948743 -0.00319867 -0.00277041
internal_weight=64303.9 45817 38744.4 18486.8 28959.9 18875.5 13616.4 7072.67 10084.4 2123.06 9419.64 1246.49 9784.45 3561.32 8814.54 4870.42 1269.9 686.623 4196.78 2416.11 2636.49 2201.08 673.906 514.812 8173.14 1437.19 6735.95 248.163 4949.61 2567.53
internal_count=665952 502955 329757 162997 251253 197294 114211 173198 53959 90211 78131 10053 78504 28187 46913 48786 7046 3897 36080 21092 26473 17433 4377 3400 68078 11852 56226 2175 82987 25944
cat_boundaries=0 1 2 3 4 5 6
cat_threshold=546009 8519680 1963137 13646414 13123847 4624533
is_linear=0
shrinkage=0.05


Tree=72
num_leaves=31
num_cat=5
split_feature=0 4 13 0 3 13 1 9 6 7 14 0 6 4 9 4 0 0 5 14 4 6 14 13 14 2 14 5 1 0
split_gain=122.771 42.5879 34.3799 30.3945 25.0674 23.7487 22.4375 18.28 19.5337 17.884 17.6399 17.9319 15.3116 14.9081 14.1911 22.6771 13.5623 13.085 12.444 15.0388 12.2876 12.1062 11.962 14.6975 11.9465 11.7262 11.6698 11.8954 11.6533 14.0194
threshold=5.9850000000000012 32.360000000000007 4.5000000000000009 6.9750000000000005 26.565000000000001 3.5000000000000004 40.855000000000011 7.7108881456707552 40.500000000000007 49.500000000000007 0 4.0650000000000004 30.500000000000004 44.465000000000011 48.364824717765906 42.775000000000013 6.7150000000000007 4.3050000000000006 38.105000000000011 1 36.645000000000003 45.500000000000007 2 1.5000000000000002 3 6.9650000000000007 4 56.430000000000007 53.235000000000007 7.9250000000000007
decision_type=2 2 2 2 2 2 2 2 2 2 1 2 2 2 2 2 2 2 2 1 2 2 1 2 1 2 1 2 2 2
left_child=1 5 3 6 7 10 24 -3 -9 -4 -1 -12 -13 22 16 26 18 -7 -8 -20 -11 -22 -6 -24 -2 -18 27 -16 -5 -30
right_child=2 4 9 28 13 17 14 8 -10 20 11 12 -14 -15 15 -17 25 -19 19 -21 21 -23 23 -25 -26 -27 -28 -29 29 -31
leaf_value=0.00036492196073029478 0.015935448307988608 -0.012507026726786434 -0.0092364077960847401 0.011822278467303327 -0.0020347498847383019 -0.011489300804514952 -0.00092102069535131672 0.00027928313763165836 -0.0042108517095066278 -0.0012468443794666567 -0.0089786072389608489 0.0018058717408141189 -0.0037783083886438677 0.0053369629568601326 0.0068546211680834265 0.014095754982579962 0.0023817034718913565 -0.0050720009549671255 -0.00082180301352747251 0.0086665321732526997 0.0014907873988872537 0.010844477935109167 0.0060623436342490816 0.00051013625542942231 0.0055642414153529362 0.013501901019872335 0.000775325557086369 -0.038079285941382143 0.0047953588332336145 0.018886424067846332
leaf_weight=4258.0027702273801 433.21582204429433 396.8417773876572 518.79372422164306 1321.6018244880252 3023.0308318220777 967.5508437063836 5341.6438034910243 5896.7298206621781 4110.7111043988261 3590.6343735791743 1301.4718253724277 1549.5098986355588 5908.116598051507 1980.082539408002 1603.7360849450342 548.45785386371426 654.40096318186261 4437.2630956445355 821.92736653611064 843.04191445768811 1450.7463279776275 454.23629276826978 1527.799150374718 5421.9668710436672 856.36572035192512 371.73522620275617 2146.4975117319264 14.865440306719391 2152.1030681084376 192.28647026279941
leaf_count=35040 3444 18342 5580 11291 29237 39215 44025 64588 45428 37867 12021 11340 44958 18364 12684 4445 5338 72045 6787 6774 14553 4142 11805 57628 7277 3011 18110 114 18726 1773
internal_value=8.73163e-12 -0.00165469 0.00289397 0.00402596 -0.000187944 -0.00343475 0.00293934 -0.00198246 -0.00156511 -0.00036247 -0.00227796 -0.00355907 -0.00261805 0.00137408 0.00228384 0.0045971 0.00104163 -0.0062208 0.000255397 0.00402964 0.000475242 0.00372114 0.00058725 0.00172822 0.00921501 0.00641018 0.00321344 0.00640239 0.00806768 0.00595111
internal_weight=64095.4 40779.1 23316.3 17301.9 22357.2 18421.9 13635.9 10404.3 10007.4 6014.41 13017.1 8759.1 7457.63 11952.9 12346.3 4313.56 8032.75 5404.81 7006.61 1664.97 5495.62 1904.98 9972.8 6949.77 1289.58 1026.14 3765.1 1618.6 3665.99 2344.39
internal_count=665952 460011 205941 143799 245392 214619 112009 128358 110016 62142 103359 68319 56298 117034 101288 35353 65935 111260 57586 13561 56562 18695 98670 69433 10721 8349 30908 12798 31790 20499
cat_boundaries=0 1 2 3 4 5
cat_threshold=15091200 1660776 5841416 90848 8716990
is_linear=0
shrinkage=0.05


Tree=73
num_leaves=31
num_cat=10
split_feature=0 4 11 13 6 8 0 13 6 13 14 10 0 9 6 14 2 14 9 14 6 2 14 14 4 8 14 14 14 14
split_gain=117.034 38.9916 39.0613 28.7458 20.5503 20.4117 18.9325 16.8481 15.7142 16.9797 15.5058 15.1782 14.5052 14.3322 13.2091 12.977 13.3757 12.9204 12.8493 16.8002 12.9989 17.6839 16.3748 12.5743 12.4809 11.9409 11.8934 11.4679 11.0705 11.0017
threshold=6.2750000000000012 39.715000000000011 13.3974358974359 2.5000000000000004 44.500000000000007 20.500000000000004 7.4750000000000005 5.5000000000000009 52.500000000000007 1.5000000000000002 0 3.5000000000000004 7.3550000000000013 7.7108881456707552 53.500000000000007 1 6.1750000000000007 2 40.65497165619734 3 22.500000000000004 2.6250000000000004 4 5 34.045000000000009 216.50000000000003 6 7 8 9
decision_type=2 2 2 2 2 2 2 2 2 2 1 2 2 2 2 1 2 1 2 1 2 2 1 1 2 2 1 1 1 1
left_child=1 2 11 12 5 10 7 24 9 25 -4 -1 14 26 15 -2 -17 -13 20 -20 21 22 -15 -16 -5 28 -7 -8 -3 -6
right_child=3 8 4 6 29 13 27 -9 -10 -11 -12 17 -14 18 23 16 -18 -19 19 -21 -22 -23 -24 -25 -26 -27 -28 -29 -30 -31
leaf_value=0.00011463132392094003 0.0020547882262015988 -0.0034466121912577656 -0.0016207026856225007 0.00070222335754984539 -0.0057364611310346892 0.0019264567232345885 0.01529878776826977 -0.0026857244283512972 -0.0037143380584075503 0.0010831946220082843 -0.01425423469072209 -0.010953084814786943 0.014725990721653559 0.012127423300754434 0.0053658937228646432 0.0034351970109979648 0.010114360394336571 -0.0051228300389060955 0.0073969419211263798 0.00036014224811959229 -0.001034867130152928 0.011596657010691788 -0.013285653195982697 -0.018907058094276678 0.0043712764404998652 0.013885655429891196 -0.032357143863804373 0.0038009272232641667 0.0067220437512712609 -0.002178291690149322
leaf_weight=794.17833410215098 1370.8097770782188 346.90783626586199 536.88117206003517 4885.9937643529847 3071.1715547924396 48.762077636085451 399.31579457316548 1934.7845644131303 1247.7706213467754 6468.6259741592803 450.06092138472013 1602.5222682395251 487.35119298938662 88.896182694705203 104.24529835954309 1122.2707117404789 2257.1043082342949 2505.5686256521149 1186.6679767863825 2930.5821510609239 15309.554128928576 469.09886986855417 171.45715964632109 95.427842773497105 4409.6457598153502 421.80786088807508 52.895606793928891 509.92118287365884 1120.2578767188825 7546.6204241339583
leaf_count=12014 14119 1943 4780 35527 26600 607 2753 22074 12630 73542 4256 47114 6048 829 1063 11537 24538 68103 10773 25894 136461 4207 1735 1137 31066 4042 729 3839 7295 68697
internal_value=-4.47716e-12 -0.00131694 -0.00205804 0.00347427 -0.00141877 -0.000521075 0.00212104 0.00155921 0.00151964 0.00230106 -0.00754264 -0.00621302 0.00649563 -0.000178992 0.00568529 0.00621484 0.00787295 -0.00743628 -8.45437e-05 0.00240712 -0.000724159 0.00579689 -0.00465299 -0.00691281 0.00244274 0.00647156 -0.0189058 0.00906058 0.00434001 -0.00321494
internal_weight=63947.2 46370.3 36764.9 17576.9 31862.6 21244.9 12139.7 11230.4 9605.37 8357.6 986.942 4902.27 5437.21 20257.9 4949.86 4750.18 3379.38 4108.09 20156.3 4117.25 16039 729.452 260.353 199.673 9295.64 1888.97 101.658 909.237 1467.17 10617.8
internal_count=665952 512251 412799 153701 285568 190271 95259 88667 99452 86822 9036 127231 58442 181235 52394 50194 36075 115217 179899 36667 143232 6771 2564 2200 66593 13280 1336 6592 9238 95297
cat_boundaries=0 1 2 3 4 5 6 7 8 9 10
cat_threshold=4638569 533609 11672752 1166368 2493190 8600173 10375812 12629071 4268546 35930
is_linear=0
shrinkage=0.05


Tree=74
num_leaves=31
num_cat=8
split_feature=12 13 9 13 4 2 2 7 6 4 2 13 8 6 9 3 14 4 6 14 14 14 9 5 14 14 14 14 10 7
split_gain=112.11 35.5719 30.5613 31.4759 26.7157 21.1591 19.6455 15.1614 15.6308 14.4497 14.3481 14.1447 13.7745 13.5195 13.2046 12.7722 15.7077 18.5623 15.0964 12.2149 12.1357 11.9543 11.9495 11.8758 11.7005 11.6373 11.4734 11.2866 11.286 10.6699
threshold=3.5000000000000004 5.5000000000000009 33.562828838223446 1.5000000000000002 34.195000000000007 4.4850000000000012 7.6350000000000007 47.500000000000007 40.500000000000007 26.725000000000005 7.0050000000000008 1.5000000000000002 36.500000000000007 37.500000000000007 70.710784313725512 39.480000000000011 0 40.040000000000006 22.500000000000004 1 2 3 19.057707828894273 27.455000000000002 4 5 6 7 48.500000000000007 49.500000000000007
decision_type=2 2 2 2 2 2 2 2 2 2 2 2 2 2 2 2 1 2 2 1 1 1 2 2 1 1 1 1 2 2
left_child=1 2 3 7 10 22 11 -1 26 -7 13 -6 -3 19 29 18 -17 23 20 -2 -4 -10 28 -18 -14 -20 -9 -12 -5 -13
right_child=4 12 15 5 6 9 -8 8 21 -11 27 14 24 -15 -16 16 17 -19 25 -21 -22 -23 -24 -25 -26 -27 -28 -29 -30 -31
leaf_value=-0.0067615044575104746 0.0095545639567415075 -0.018052380947984423 -0.002410990008980045 -0.008629887712869334 0.01126483594504094 -0.0056558643119032906 0.012049550322313977 0.006077764147293354 -0.0049609434118684575 -0.00062932030698029031 0.0078000821396855286 -0.0031689015697168956 -0.01129814410465016 -0.001731983811659674 0.027371453667876834 0.0045358670526890249 -0.0074509675697621821 0.0069504280209425548 -0.0039828703965063255 0.001235014308615164 0.018000641360649716 0.0006681576013771286 -0.0038810440231452979 -7.6094394643797479e-05 -0.0033857141489463355 0.00010407961016157437 0.00069352783164122376 0.0014497251455243363 0.0096678080571458713 0.004164044001113339
leaf_weight=696.22719681356102 532.75039088819176 259.45519898110069 120.22334466129541 2473.7568000930478 697.20634614955634 1792.806966524804 960.77258132910356 1823.9753803182393 1395.1370003502816 7060.2758674190845 1331.4214832563885 537.2553431596607 681.3060113004758 3818.6141499222722 58.919416831806302 3650.2418126300909 703.56980033311993 766.40463116252795 2322.6564890695736 2412.5064960478339 182.66267792601138 2866.8685743017122 5578.7768784710206 2435.4778529014438 1540.8428974853014 6882.3266423870809 2171.3410711297765 1496.3002534618136 87.244529057759792 6471.3652225416154
leaf_count=3578 4854 10771 1047 53675 14953 21229 8288 9149 6517 77914 11479 4201 24481 34855 342 30041 6275 6329 19664 21884 1473 13673 70142 21397 50563 61212 10504 13504 3321 48637
internal_value=4.96752e-12 -0.00132989 -0.000994044 -0.0020749 0.00330285 -0.00333901 0.0053049 0.000324245 0.00092169 -0.00164723 0.00148158 0.00447035 -0.0071506 0.000231198 0.00380008 0.000649476 0.002184 -2.57344e-05 -0.000569973 0.00277652 0.0104134 -0.00118456 -0.00517904 -0.00172906 -0.00587773 -0.000931378 0.00316853 0.00447248 -0.00800655 0.00360193
internal_weight=63808.7 45491.6 43010 25946.4 18317.1 16992.9 8725.52 8953.55 8257.32 8853.08 9591.59 7764.75 2481.6 6763.87 7067.54 17063.6 7555.69 3905.45 9507.87 2945.26 302.886 4262.01 8139.78 3139.05 2222.15 9204.98 3995.32 2827.72 2561 7008.62
internal_count=665952 502955 417140 269702 162997 226281 76421 43421 39843 99143 86576 68133 85815 61593 53180 147438 64042 34001 83396 26738 2520 20190 127138 27672 75044 80876 19653 24983 56996 52838
cat_boundaries=0 1 2 3 4 5 6 7 8
cat_threshold=7677222 17680 9130580 1576050 10626384 6365442 14594256 6406016
is_linear=0
shrinkage=0.05


Tree=75
num_leaves=31
num_cat=8
split_feature=0 4 13 9 0 6 13 13 14 13 14 6 6 14 9 14 2 14 1 1 0 7 14 14 13 14 10 11 5 7
split_gain=104.411 38.5913 23.5736 23.0383 20.7735 19.258 18.1919 18.1873 24.0834 17.3409 17.0324 18.7714 16.5957 17.5525 13.8929 12.8948 14.9986 12.4718 14.4097 12.2574 13.4474 11.8157 13.1417 12.0777 11.5205 11.5085 12.7151 14.9136 11.2939 11.033
threshold=6.4850000000000012 32.360000000000007 3.5000000000000004 26.272848122299774 3.7850000000000006 22.500000000000004 1.5000000000000002 2.5000000000000004 0 3.5000000000000004 1 61.500000000000007 51.500000000000007 2 70.710784313725512 3 4.8350000000000009 4 44.480000000000011 44.635000000000012 7.3550000000000013 50.500000000000007 5 6 5.5000000000000009 7 16.500000000000004 74.488944513975824 29.395000000000003 60.500000000000007
decision_type=2 2 2 2 2 2 2 2 1 2 1 2 2 1 2 1 2 1 2 2 2 2 1 1 2 1 2 2 2 2
left_child=1 4 12 6 -1 -6 25 8 -5 10 -7 29 19 -14 17 -11 -17 -4 -19 -2 -21 23 -23 -9 -20 26 27 -3 -10 -12
right_child=2 3 14 7 5 9 -8 21 28 15 11 -13 13 -15 -16 16 -18 18 24 20 -22 22 -24 -25 -26 -27 -28 -29 -30 -31
leaf_value=-0.0083511048799278214 0.012891585724440333 0.0057650868196243484 -0.0019558077534113632 0.0075909676394255556 0.00775687754457578 -0.0036763092016272995 -0.0036670004638584236 -0.010946002174448162 -0.0024622473993725705 -0.0069680932291806249 0.0002800843406793607 -0.02438684238272967 0.0067913591230295599 -0.014065930156642901 0.020724578560814846 -0.0070632429817076197 -0.00022631528657740091 0.012669573549150135 0.0036248147077683362 0.0048405370760968664 0.011774957941446717 0.0033319064491654452 -0.00066761655436614088 -0.0014643333129886679 -0.0024268240584610387 0.0038084720136971209 -0.0060908081213504606 -0.01957685350629396 0.00266663660636512 -0.023036598807454893
leaf_weight=1459.6971814308199 676.5355833969079 573.85928196646273 1885.8075748737901 2114.1898497352377 476.25170181458816 5231.63142527733 5506.4573293151334 432.64669021568261 1453.0064513380639 2970.5723300965037 8675.261168402154 78.690176935866475 187.56880213925615 199.2439669854939 94.882912261411548 1203.4133636779152 2405.8924376131035 347.55187584087253 3055.8367937831208 5118.1086971913464 809.74319547717459 3027.9559440277517 6335.2938597651664 1436.1624365854077 1058.9716089214198 1740.5198485869914 869.59065088257194 64.589907489717007 4107.7149418825284 51.032373508438468
leaf_count=33919 5908 2553 17129 18164 5090 40654 100652 4351 11857 47272 69729 677 1754 1880 561 24435 31957 3308 22105 46148 8118 28586 68318 15228 10977 7432 3700 311 32752 427
internal_value=-7.34285e-12 -0.00104747 0.00391522 0.000204102 -0.0025826 -0.0021834 -0.00191639 0.00118601 0.00306203 -0.00241302 -0.00142019 -7.54185e-05 0.00592591 -0.00414012 0.00173347 -0.004531 -0.00249896 0.00144962 0.00288667 0.00651547 0.00578778 -9.58786e-05 0.000628624 -0.00372584 0.00206739 0.00105098 -0.00214265 0.00320132 0.00132409 0.000143726
internal_weight=63648.7 50214.4 13434.3 27662 22552.4 21092.7 8755.02 18907 7674.91 20616.5 14036.6 8804.98 6991.2 386.813 6443.05 6579.88 3609.31 6348.17 4462.36 6604.39 5927.85 11232.1 9363.25 1868.81 4114.81 3248.56 1508.04 638.449 5560.72 8726.29
internal_count=665952 548064 117888 293904 254160 220241 114648 179256 62773 215151 111487 70833 63808 3634 54080 103664 56392 53519 36390 60174 54266 116483 96904 19579 33082 13996 6564 2864 44609 70156
cat_boundaries=0 1 2 3 4 5 6 7 8
cat_threshold=8537380 1118567 12893701 10890808 11420164 532587 4349964 5516902
is_linear=0
shrinkage=0.05


Tree=76
num_leaves=31
num_cat=5
split_feature=0 0 13 9 13 1 0 2 0 4 9 10 14 6 7 10 14 1 0 14 2 4 7 14 1 7 7 14 6 5
split_gain=100.24 37.8491 33.3456 30.9659 22.1154 18.5695 18.0844 17.1541 14.7727 14.7163 16.359 14.3766 21.4113 14.2503 13.9843 13.9445 13.666 13.5199 15.1677 14.8201 13.3663 13.2286 13.1024 12.9348 12.4175 13.3704 12.3768 12.2371 12.0016 12.0649
threshold=5.6450000000000005 6.9750000000000005 1.5000000000000002 22.750068958599766 4.5000000000000009 53.755000000000003 7.8450000000000006 6.6550000000000011 1.5850000000000002 34.335000000000008 48.89297385620916 34.500000000000007 0 55.500000000000007 49.500000000000007 48.500000000000007 1 51.440000000000005 6.7250000000000005 2 3.9250000000000003 38.785000000000004 46.500000000000007 3 12.060000000000002 49.500000000000007 54.500000000000007 4 40.500000000000007 45.015000000000008
decision_type=2 2 2 2 2 2 2 2 2 2 2 2 1 2 2 2 1 2 2 1 2 2 2 1 2 2 2 1 2 2
left_child=2 4 13 8 7 22 21 9 20 16 -11 12 -9 23 -6 26 -2 18 -13 -19 -4 -7 -3 -1 -15 -26 -10 -12 29 -5
right_child=1 5 3 28 14 6 -8 11 15 10 27 17 -14 24 -16 -17 -18 19 -20 -21 -22 -23 -24 -25 25 -27 -28 -29 -30 -31
leaf_value=0.0029831060804625846 -0.0024971153305666798 -0.010682887876982251 -0.03519946928016536 -0.001027140475792761 -0.0090997155686964506 0.00045550631793796117 0.014026393692877455 0.013328989993539203 -0.0046612701102102588 0.001836867671700276 0.0022785543755760294 0.0012659049899282312 0.0037278485040305384 -0.033488831815352942 -0.00063795802815089242 0.0075650084001423704 0.0016986494942765554 0.0070338392143065257 0.01176054743646724 -0.013944378625870663 0.062090403747223327 0.0085684756578969998 0.010690417933672661 -0.00075301685438636506 -0.027795986833451039 -0.0026095637476448563 -0.0096535533393789195 0.013056395219700857 -0.003244777533857011 0.006559956037120309
leaf_weight=4531.5007136198692 3606.8315589530393 74.581930191721767 61.178526706644334 8523.5175263361307 538.49097167095169 2196.170780180255 372.53870482183993 916.77941107098013 4543.0824682270177 5295.5372221572325 476.96396879199892 1669.8992035379633 1628.8711379182059 38.440512724220753 5235.2869673562236 194.61811286996817 4178.0483636958525 122.12345845997334 433.70899574318901 239.0322933443822 3.7465395469916976 651.50605281675234 1858.7950875721872 4725.7444892479107 56.715194866992533 742.95904769841582 1708.3626888461877 625.34630869096145 7692.6183773146477 558.2999175246805
leaf_count=25427 30023 716 12015 96942 6930 19163 3194 6553 87287 42745 4035 14770 12899 187 62245 8780 35369 1190 3913 2233 109 5545 17027 24865 348 3732 33531 4916 92939 6324
internal_value=-1.89057e-11 0.0020913 -0.00188704 -0.00292759 0.00128603 0.00599246 0.00366688 0.00210223 -0.00585423 0.00121376 0.0029904 0.00461715 0.00725257 0.000513018 -0.00142714 -0.00561521 -0.000246326 0.00189524 0.00342963 -0.00704202 -0.0295853 0.00231163 0.00986592 0.00107826 -0.00573022 -0.00439586 -0.00602554 0.008532 -0.00179161 -0.000560728
internal_weight=63501.3 30120.5 33380.8 23285.4 24966.9 5153.59 3220.22 19193.1 6510.99 14182.7 6397.85 5010.41 2545.65 10095.4 5773.78 6446.06 7784.88 2464.76 2103.61 361.156 64.9251 2847.68 1933.38 9257.25 838.115 799.674 6251.45 1102.31 16774.4 9081.82
internal_count=665952 273466 392486 337927 227821 45645 27902 158646 141722 117088 51696 41558 19452 54559 69175 129598 65392 22106 18683 3423 12124 24708 17743 50292 4267 4080 120818 8951 196205 103266
cat_boundaries=0 1 2 3 4 5
cat_threshold=74439 13725977 13713569 13553848 4646724
is_linear=0
shrinkage=0.05


Tree=77
num_leaves=31
num_cat=7
split_feature=0 0 13 9 7 13 7 14 0 1 12 4 6 6 4 13 14 2 14 6 14 14 6 6 3 14 1 1 14 13
split_gain=92.9257 34.9524 31.8024 21.6152 21.2121 20.3165 19.4073 19.298 16.9145 19.1494 16.8455 16.2786 15.0057 14.9713 14.4846 14.4451 15.1213 13.9752 13.2315 13.1496 13.089 12.9175 12.6832 12.5888 12.1407 11.9891 11.5031 11.1176 13.3088 13.0173
threshold=6.4850000000000012 3.8750000000000004 2.5000000000000004 35.726558664702999 56.500000000000007 5.5000000000000009 49.500000000000007 0 7.2550000000000008 49.025000000000013 1.5000000000000002 32.115000000000002 34.500000000000007 22.500000000000004 40.665000000000006 1.5000000000000002 1 5.0050000000000008 2 61.500000000000007 3 4 30.500000000000004 46.500000000000007 22.845000000000002 5 20.705000000000002 23.475000000000005 6 1.5000000000000002
decision_type=2 2 2 2 2 2 2 1 2 2 2 2 2 2 2 2 1 2 1 2 1 1 2 2 2 1 2 2 1 2
left_child=1 10 4 13 6 8 -3 -8 9 -2 17 18 21 -4 25 16 -12 -1 19 -9 -6 -5 26 -7 -15 -11 -20 28 -22 -29
right_child=5 2 3 12 20 23 7 11 -10 14 15 -13 -14 24 -16 -17 -18 -19 22 -21 27 -23 -24 -25 -26 -27 -28 29 -30 -31
leaf_value=-0.014281281478463338 0.0064226013119061155 -0.0027418756813370835 0.0067505207519213545 0.0065618492373657605 -0.011100387947235104 -0.0035315825191066623 0.010942409708083582 0.0020985184225489374 0.0085183853303957245 -0.0029955064020834466 -0.0065885360199662004 0.0030102583175619464 -0.0013746909902501781 -0.0056060099302368219 0.0071234222296298125 -0.0068407710122094876 0.0044622709689454056 0.017491402835174932 0.021503063921183965 -0.029817696719299826 0.0009010275347388181 8.9161685652890024e-05 -0.003981595012912495 0.0074144398986995324 -0.0023540178675942498 0.0023303616947170725 0.0012720146597755032 0.0072827008700080721 -0.019410529695116994 -0.0048028392130934064
leaf_weight=660.31434714986244 3623.0156820057891 2593.6761711025611 361.80422205175273 1243.417722038459 513.85962662659585 1362.8509154068306 561.12510766554624 3862.9136244161054 2092.9621038166806 1528.242358669173 503.10345995146781 9001.1389529709704 9089.8823191653937 4582.8293108043727 1055.9670182252303 1848.6721633737907 770.33922566846013 36.523267809068784 79.146449439227581 32.544123061001301 163.33979130163789 2013.4191397312097 2722.1186514715664 325.38403116166592 7679.1605967179639 3368.6139420405962 625.90329586388543 447.19191479682922 156.24854441359639 444.04389684740454
leaf_count=31478 31345 19353 5264 11669 3623 15213 4840 29612 18220 13431 2348 67756 86852 77052 8697 42651 3327 425 476 270 1004 18886 20874 3041 107682 27941 4710 3359 1036 3517
internal_value=-1.57942e-11 -0.000989845 -0.00060963 -0.00181881 0.000814386 0.00370479 0.00128497 0.00190353 0.00444652 0.00355654 -0.00558691 0.00158515 -0.000331313 -0.00327365 0.00181219 -0.00401806 7.9693e-05 -0.012616 -0.000164466 0.00182719 -0.00450038 0.00258077 -0.00242651 -0.00142189 -0.00356943 0.000666872 0.00354308 -0.00159457 -0.00960857 0.00126128
internal_weight=63349.8 49992.7 46173.8 24970.5 21203.3 13357 19478.6 16884.9 11668.8 9575.84 3818.95 16323.8 12346.7 12623.8 5952.82 3122.11 1273.44 696.838 7322.63 3895.46 1724.68 3256.84 3427.17 1688.23 12262 4896.86 705.05 1210.82 319.588 891.236
internal_count=665952 548064 467835 307405 160430 117888 147891 128538 99634 81414 80229 123698 117407 189998 50069 48326 5675 31903 55942 29882 12539 30555 26060 18254 184734 41372 5186 8916 2040 6876
cat_boundaries=0 1 2 3 4 5 6 7
cat_threshold=131072 5318990 15264408 3678221 84465 705736 12852498
is_linear=0
shrinkage=0.05


Tree=78
num_leaves=31
num_cat=7
split_feature=9 4 13 13 2 0 14 7 7 7 14 0 14 8 0 4 1 14 2 6 0 14 7 6 14 8 2 6 14 5
split_gain=90.3086 31.9898 32.7712 27.7718 20.342 20.2367 15.2425 15.1539 14.1018 13.9342 13.7193 12.9755 12.6539 14.7986 12.5213 12.0985 13.0204 21.5436 11.7504 11.7093 14.3614 16.6618 12.2269 12.3647 18.4146 12.0836 12.0367 11.6014 11.7032 11.5764
threshold=42.504355400696873 39.715000000000011 4.5000000000000009 5.5000000000000009 5.3850000000000007 7.035000000000001 0 48.500000000000007 64.500000000000014 56.500000000000007 1 6.8350000000000009 2 302.50000000000006 2.0850000000000004 27.290000000000003 40.855000000000011 3 6.3350000000000009 37.500000000000007 3.8750000000000004 4 49.500000000000007 24.500000000000004 5 125.50000000000001 2.8850000000000002 51.500000000000007 6 34.305000000000007
decision_type=2 2 2 2 2 2 1 2 2 2 1 2 1 2 2 2 2 1 2 2 2 1 2 2 1 2 2 2 1 2
left_child=1 2 4 5 8 7 18 -2 19 15 -11 -6 13 -7 -4 27 17 -17 -3 20 21 -1 -22 24 -24 -23 -26 -9 -29 -8
right_child=3 6 14 -5 11 12 29 9 -10 10 -12 -13 -14 -15 -16 16 -18 -19 -20 -21 22 25 23 -25 26 -27 -28 28 -30 -31
leaf_value=-0.012217979493840129 -0.0027921044853225843 0.0027264653848364274 -0.026809274466471855 -0.0023726837249690028 0.00025399197557669258 0.0030385263209661336 -0.0028791892435210235 0.0013009730690615731 -0.040814679090561579 -0.016589972025961536 0.00049073991275174888 0.012468213903713578 0.0085903448832304174 -0.034242758201866397 -0.0055100069807988879 0.018687452795010173 0.0034751328741343054 0.0040465120846759602 0.01181943032969743 -0.0034212284600990484 -0.0040477170920559047 -0.006969884619804319 -0.0020739129818651224 -0.00015958396061665909 0.0014038994463670524 0.004779853326834926 0.015796120883753068 0.0033229185546646135 -0.02025137484560938 0.0021784175958959808
leaf_weight=557.38881997519638 1233.9508676028345 3676.7717678269837 70.00191729987273 2413.8867992309388 8957.2272469429299 1060.2122662162874 2520.3209270240623 2553.4342179540545 23.744733715429902 160.74701181799173 383.89451141515747 222.84674715390429 2548.7074149905238 27.303660140838474 4830.2425981839187 380.5328120123595 9327.0602206375916 758.24718291917816 393.29139528796077 10231.174717839109 1567.8049457836896 443.74696198373567 461.28543196618557 5029.7547361990437 216.06807178398594 431.68569488648791 443.39835774712265 90.288581733126193 119.75401560170576 2053.0825945079559
leaf_count=8185 10640 39067 13457 29175 74822 9442 27602 21807 225 1362 3210 1842 22112 229 120097 3345 78219 6242 3377 90520 12839 6359 3846 42570 1837 6088 3529 779 1042 22086
internal_value=2.77868e-12 -0.00133638 -0.00203637 0.00267365 -0.00138876 0.003327 0.0013755 0.00251616 -0.00230613 0.00299171 -0.0048461 0.000550493 0.0066736 0.00208337 -0.00581428 0.00331439 0.00409136 0.00913854 0.00359629 -0.00225896 -0.00095951 -0.00555674 -0.000106084 0.000898664 0.00564791 -0.00116268 0.0109151 0.000371815 -0.0109237 -0.000607411
internal_weight=63187.9 42129.8 33486.4 21058 28586.1 18644.1 8643.47 15007.9 19406.1 13774 544.642 9180.07 3636.22 1087.52 4900.24 13229.3 10465.8 1138.78 4070.06 19382.3 9151.13 1432.82 7718.31 6150.51 1120.75 875.433 659.466 2763.48 210.043 4573.4
internal_count=665952 478348 386216 187604 252662 158429 92132 126646 175998 116006 4572 76664 31783 9671 133554 111434 87806 9587 42444 175773 85253 20632 64621 51782 9212 12447 5366 23628 1821 49688
cat_boundaries=0 1 2 3 4 5 6 7
cat_threshold=10545245 198344 2296016 1199456 4298861 9077421 10794627
is_linear=0
shrinkage=0.05


Tree=79
num_leaves=31
num_cat=8
split_feature=12 13 4 4 9 13 13 3 0 14 14 11 7 0 14 6 14 4 14 8 14 6 3 14 9 7 10 8 14 0
split_gain=86.1762 30.8913 25.3583 22.2063 20.9772 20.6794 20.3716 17.8565 16.2636 14.6297 14.2794 14.5059 14.1738 13.7265 13.141 14.3782 13.025 13.4221 12.8625 11.9916 11.8541 11.4177 11.3374 11.2287 12.1315 10.5432 10.302 10.3019 9.9158 9.83204
threshold=3.5000000000000004 5.5000000000000009 27.215000000000003 40.545000000000009 37.865862364363231 1.5000000000000002 4.5000000000000009 26.100000000000005 4.2650000000000006 0 1 63.21160042964555 47.500000000000007 6.9750000000000005 2 58.500000000000007 3 39.715000000000011 4 20.500000000000004 5 29.500000000000004 43.495000000000005 6 55.822605490454976 53.500000000000007 117.00000000000001 215.50000000000003 7 5.1050000000000013
decision_type=2 2 2 2 2 2 2 2 2 1 1 2 2 2 1 2 1 2 1 2 1 2 2 1 2 2 2 2 1 2
left_child=1 2 8 6 5 16 12 -7 9 -1 -5 25 18 -14 15 -10 -4 29 -2 -3 -8 -6 -23 -24 -25 -12 28 -19 -21 -18
right_child=3 19 4 10 21 7 20 -9 14 -11 11 -13 13 -15 -16 -17 17 27 -20 26 -22 22 23 24 -26 -27 -28 -29 -30 -31
leaf_value=-0.012525129141308603 -0.01518579204766393 -0.020402959500734615 0.0035123618265080238 0.0097953529718117563 0.0059946355232318206 -0.0036049056757258557 -0.0050574512231580642 -0.00034093195324458645 -0.0040954462541961433 -0.0033079526314506546 0.004415454924352618 0.01497570365221018 0.0025506648238738951 0.0067649901019262706 -0.00036285201191208773 -0.028748951452717483 -0.00084337262211044487 0.0017705643364347577 0.00049724547080170437 -0.014032108010867538 0.00086018777060404596 -0.00049789141368678349 0.0067641493605940716 -0.00057801867884764901 0.020783386754125905 -0.0044685630470243801 0.057199364325637582 0.014082261943487679 -0.0045221755687322356 -0.0076821363526439956
leaf_weight=781.42023892101133 175.25273379753344 148.79622740403283 3384.3334697624668 1689.5403013050091 1432.1169458180666 8190.3184940729989 1242.8506962908432 8579.8109348595608 3224.812991685234 998.35666817508172 1038.6186613114551 231.98645309079438 7596.9831638322212 2591.1977025738452 4442.7937208046205 60.245719689875841 2532.7307974798605 859.34301468450576 450.21214730269276 318.82147454214282 2603.8853388144635 4347.3591268912423 1384.3106422349811 1372.0924343760125 69.848873732145876 492.23564915079623 6.4801683130208394 211.78501722961664 1961.5758359048632 663.18499146960676
leaf_count=11143 1712 6320 19125 14753 11877 118032 13639 87754 29673 13539 7696 3831 64529 23060 41544 587 11287 4385 3892 12696 26261 37739 11673 11355 511 3624 257 1355 66542 5561
internal_value=-8.02522e-12 -0.00117283 -0.00085924 0.00291191 -0.000204216 -0.000952239 0.00206233 -0.00193502 -0.00313464 -0.00744376 0.0065196 0.00330574 0.00317399 0.00362251 -0.00214222 -0.00453377 0.00120179 -0.000637538 -0.00413192 -0.00664912 -0.00106267 0.00191854 0.0011048 0.00357007 0.0004536 0.00155886 -0.00575423 0.00420485 -0.00593312 -0.00226249
internal_weight=63083.3 44970.5 42534.9 18112.8 33027.2 24421.5 14660.4 16770.1 9507.63 1779.78 3452.38 1762.84 10813.6 10188.2 7727.85 3285.06 7651.38 4267.04 625.465 2435.67 3846.74 8605.73 7173.61 2826.25 1441.94 1530.85 2286.88 1071.13 2280.4 3195.92
internal_count=665952 502955 417140 162997 320654 247499 133093 205786 96486 24682 29904 15151 93193 87589 71804 30260 41713 22588 5604 85815 39900 73155 61278 23539 11866 11320 79495 5740 79238 16848
cat_boundaries=0 1 2 3 4 5 6 7 8
cat_threshold=1650907 12073283 14725922 10965680 3696676 10619496 13806948 10617856
is_linear=0
shrinkage=0.05


Tree=80
num_leaves=31
num_cat=9
split_feature=2 4 13 0 4 13 8 11 6 14 3 14 3 9 7 6 9 5 14 14 11 5 9 14 10 14 11 14 14 14
split_gain=82.6959 34.3244 34.1587 27.284 23.1201 22.8648 20.6544 15.1856 14.273 16.8837 14.9092 17.8027 14.1364 14.0855 14.0648 16.0455 13.644 13.41 15.5715 13.3754 13.149 13.7301 13.0071 14.8621 12.9788 12.2745 11.6022 11.0986 11.0471 10.9988
threshold=6.3650000000000011 45.170000000000009 4.5000000000000009 5.3950000000000005 36.645000000000003 1.5000000000000002 52.500000000000007 8.7228260869565233 50.500000000000007 0 44.415000000000006 1 23.410000000000004 18.043174947678477 49.500000000000007 59.500000000000007 56.892720306513418 41.845000000000006 2 3 85.03731343283583 41.965000000000011 48.03321528040437 4 53.500000000000007 5 47.673160173160177 6 7 8
decision_type=2 2 2 2 2 2 2 2 2 1 2 1 2 2 2 2 2 2 1 1 2 2 2 1 2 1 2 1 1 1
left_child=1 2 3 5 20 14 -4 -8 10 -10 12 -12 19 -7 15 -1 28 26 -19 -5 21 -2 25 -24 29 -3 -15 -14 -6 -9
right_child=4 22 6 8 16 13 7 24 9 -11 11 -13 27 17 -16 -17 -18 18 -20 -21 -22 -23 23 -25 -26 -27 -28 -29 -30 -31
leaf_value=-0.0044237910044560335 0.00069826643727403026 -0.001349464776470325 -0.011452458403220961 0.0072704991129693367 0.0086890082344572503 -0.0069458263914637143 -0.0080387829583808083 -0.0059806982918378434 -0.0092244397000648907 0.00078709200199507607 0.010762567878189501 0.0014461883374814915 -0.004137744944492895 -0.0026406036150547177 0.00091848547457792267 -0.050553919566213815 0.014912335490153489 0.013403872536746037 -0.00037954633862833493 0.00040889053600470663 0.0096943506723807804 0.0068083668366300185 0.02171765245819092 0.0014533756687508627 0.028550965069240337 0.0047715253743502509 -0.0093125579044313518 0.00053314923929398948 0.0035245477854621158 -0.00076737820240428407
leaf_weight=1030.6972904801369 8246.1122062040959 1286.5966769374209 947.13728772330796 1359.9698053817265 1542.6337637919933 2086.8313479418866 1432.8501768353162 1460.9894827082753 713.39222877449356 1011.0037711695768 860.49559236457571 1275.8602644610219 1575.1170764395501 9653.6910130321048 7363.5952286603861 19.201771853491664 390.78082079975866 243.35523513518274 1076.1919725099578 1490.0347470208071 501.14784304867499 1034.8034137417562 188.61775607592426 181.83107877522707 34.136508795432746 2239.2860652761301 698.75252165365964 6427.0565070160665 3288.0137825571001 3273.6915497278096
leaf_count=5361 70947 13748 27319 11326 13499 36613 59773 25723 6364 8498 7091 10365 13081 102398 36039 97 3325 2374 11244 12039 9541 8777 1571 1429 1041 23407 5561 54375 29198 53828
internal_value=1.06188e-11 -0.00101405 -0.00141207 -0.000798988 0.00323951 -0.00190674 -0.00457533 -0.00352504 0.000870385 -0.00340366 0.00143782 0.00525585 0.000686205 -0.00316232 0.000146555 -0.00526747 0.00592602 -0.00248587 0.00226114 0.00371007 0.00180551 0.00137953 0.00348408 0.0123966 -0.00216883 0.00254768 -0.00309094 -0.000390756 0.00519907 -0.00239031
internal_weight=62933.9 47930.4 44034.1 36885.2 15003.5 22172.3 7148.81 6201.67 14712.9 1724.4 12988.5 2136.36 10852.2 13758.8 8413.49 1049.9 5221.43 11672 1319.55 2850 9782.06 9280.92 3896.33 370.449 4768.82 3525.88 10352.4 8002.17 4830.65 4734.68
internal_count=665952 530665 490510 322826 135287 199687 167684 140365 123139 14862 108277 17456 90821 158190 41497 5458 46022 121577 13618 23365 89265 79724 40155 3000 80592 37155 107959 67456 42697 79551
cat_boundaries=0 1 2 3 4 5 6 7 8 9
cat_threshold=9209749 7753890 2162694 1637796 12113313 7145120 5251329 4751732 10651142
is_linear=0
shrinkage=0.05


Tree=81
num_leaves=31
num_cat=7
split_feature=12 13 14 7 2 4 13 14 2 9 14 14 9 3 8 6 14 13 6 1 2 6 9 14 7 4 1 6 8 14
split_gain=79.5521 26.4673 20.5915 20.3258 20.2713 17.652 15.9849 15.517 15.2523 14.1032 19.6403 13.994 13.9739 13.9098 13.0008 12.069 16.0575 12.0037 11.9165 11.5674 11.52 11.403 14.1966 11.3952 11.0266 12.3828 11.0168 12.2852 10.9369 10.7724
threshold=3.5000000000000004 3.5000000000000004 0 47.500000000000007 7.0050000000000008 33.895000000000003 1.5000000000000002 1 3.8750000000000004 18.043174947678477 2 3 40.934157500833265 9.1300000000000008 220.50000000000003 23.500000000000004 4 5.5000000000000009 23.500000000000004 52.315000000000005 2.9750000000000005 41.500000000000007 70.710784313725512 5 49.500000000000007 25.695000000000004 1.0000000180025095e-35 35.500000000000007 132.50000000000003 6
decision_type=2 2 1 2 2 2 2 1 2 2 1 1 2 2 2 2 1 2 2 2 2 2 2 1 2 2 2 2 2 1
left_child=1 5 24 -2 17 9 -6 14 -9 10 -1 -8 26 -12 -7 16 -11 21 -15 29 -18 -5 -23 -19 -3 -26 -4 28 -28 -17
right_child=3 2 12 4 6 7 11 8 -10 15 13 -13 -14 18 -16 19 20 23 -20 -21 -22 22 -24 -25 25 -27 27 -29 -30 -31
leaf_value=0.0001833875657812845 -0.0040101587794735896 -0.0062276348988617152 -0.031989514917147487 0.0039247082198431904 0.014599002474768506 -0.0019607133300163417 0.0013587213082589516 -0.0016081291466094453 0.0038324417863182 0.016706815925888904 -0.017473674282676554 0.0070495226355059767 -0.00062849211155657845 0.01970202583522869 0.0032011972200781634 -0.0028807800394649698 -0.011049213083115156 -0.0082211766978976791 -0.0073801020936711849 0.0096935438071532251 0.0062525636066987442 0.00023682977291448272 0.031521356136167848 0.0012233843532694895 -0.0051763816672688086 0.0011361561506031321 -0.0073326909111826478 -0.0073003578320977175 -6.6297983185901351e-05 -8.0526219507183014e-05
leaf_weight=886.36239858018234 1032.1776242351625 806.53742979356321 39.73732243856648 6575.6185599802993 472.87679342157207 5139.3529916002881 1735.1926016840152 1668.4496123357676 5652.4807764776051 212.26868928875774 392.08195848204195 2931.6779447430745 1702.9630445200019 43.350945344660431 1599.4183815615252 6348.6309970845468 150.72862270195037 504.07554393075407 644.38440550165251 240.44551718118601 265.97852554824203 3916.0136365988292 36.602136290399358 841.92027809750289 940.26814652222674 4470.7090174239711 803.93204244261142 3833.982298615505 1455.1679372419603 7480.7455461951904
leaf_count=8086 9655 15103 7892 56472 10259 38856 13584 13718 45024 1535 4401 21687 18639 393 12079 49880 1194 6569 5652 1999 2026 34361 299 10111 17472 74967 20521 74067 29752 59699
internal_value=3.54906e-12 -0.00112952 -0.00292693 0.00280267 0.00321598 -0.000307392 0.00583923 0.000997388 0.00258899 -0.00140819 -0.00538519 0.00495164 -0.00462954 -0.00986646 -0.000734466 -0.00087621 0.00590009 0.00208051 -0.005673 -0.00117914 -5.58936e-06 0.00264893 0.000526532 -0.00236559 -0.000772473 3.92234e-05 -0.0057481 -0.00557696 -0.00265214 -0.00136818
internal_weight=62824.1 44778 14053.3 18046.2 17014 30724.7 5139.75 14059.7 7320.93 16665 1966.18 4666.87 7835.78 1079.82 6738.77 14698.8 628.976 11874.2 687.735 14069.8 416.707 10528.2 3952.62 1346 6217.51 5410.98 6132.82 6093.08 2259.1 13829.4
internal_count=665952 502955 258413 162997 153342 244542 45530 109677 58742 134865 18532 35271 150871 10446 50935 116333 4755 107812 6045 111578 3220 91132 34660 16680 107542 92439 132232 124340 50273 109579
cat_boundaries=0 1 2 3 4 5 6 7
cat_threshold=1614031 5515147 15074980 11682920 7088385 14747413 1610103
is_linear=0
shrinkage=0.05


Tree=82
num_leaves=31
num_cat=12
split_feature=2 13 0 11 4 4 14 0 7 5 14 0 14 14 6 13 5 14 6 14 7 6 14 14 14 14 14 4 0 14
split_gain=75.2257 29.7142 22.3693 21.9408 19.1869 19.0517 16.5858 14.5162 17.8356 14.4808 18.0467 14.9095 14.0397 13.0575 15.429 13.4801 12.8119 12.7342 12.0367 13.6715 11.8763 15.8128 14.5871 12.64 11.7311 11.4758 11.3043 11.1504 11.1984 11.9081
threshold=6.0050000000000008 4.5000000000000009 6.6950000000000012 85.03731343283583 31.435000000000006 39.82500000000001 0 4.2250000000000005 54.500000000000007 28.955000000000002 1 7.035000000000001 2 3 59.500000000000007 1.5000000000000002 16.735000000000003 4 51.500000000000007 5 49.500000000000007 24.500000000000004 6 7 8 9 10 25.845000000000002 3.9350000000000005 11
decision_type=2 2 2 2 2 2 1 2 2 2 1 2 1 1 2 2 2 1 2 1 2 2 1 1 1 1 1 2 2 1
left_child=1 2 5 4 26 7 -3 8 13 10 -6 17 -10 14 -1 27 -14 -11 25 -20 -9 22 -22 -23 -4 -7 -2 -15 29 -29
right_child=3 6 24 -5 9 18 -8 20 12 11 -12 -13 16 15 -16 -17 -18 -19 19 -21 21 23 -24 -25 -26 -27 -28 28 -30 -31
leaf_value=-0.0051115475780066123 0.0026195892404377447 -0.00096211961208168611 0.00096923534535185935 0.0097900655684190208 0.0048096298400749768 -0.0014335111216406448 -0.0062348940551999465 -0.0039776811140608643 -0.014157728790089487 0.0056073583443439377 -0.003416746672093407 0.0082773529286001412 0.015734622135879308 -0.00493144762346431 -0.042710237636068529 -0.0030169758279392886 -0.0060515614035668731 0.0015219427058618231 -0.0097510308541630657 0.0015932201158470223 0.010140271407930107 0.00057270178999013972 -0.00062194429184672694 -0.0020906957695511052 0.010622787725286562 0.0036608605092531936 -0.0013996705043150441 0.010823308060924828 0.014061595085246084 -0.0050960483035090709
leaf_weight=1322.2990131117404 2775.5610428252257 2353.6535674529732 636.25889069214463 972.22246772353537 1147.9553109167609 1483.2859938088804 4131.9386372037116 2768.6483089106623 610.99010953912511 3323.0332295228727 1561.4241528976709 1827.1496579691302 72.8649768284522 239.20781846577302 27.860417684540153 1344.3979552029632 913.50587183632888 4519.4938933060039 464.22758281417191 602.94802879542112 641.44638374587521 8310.1309695984237 615.14469341142103 9587.8362038740888 631.69812253001146 4310.5401656858157 4693.1650337888859 204.90201974660158 351.73544104397297 250.8722330071032
leaf_count=14845 24412 56284 5133 18326 9863 12340 108197 22472 6653 28299 13087 14924 768 1057 286 21569 9899 40055 3861 5031 5032 70822 5213 81261 5404 35957 41357 901 1437 1207
internal_value=-5.88908e-12 -0.0012212 -0.000651042 0.00245627 0.00209703 -0.000893357 -0.00433247 -0.00148605 -0.00382411 0.00330456 7.38834e-05 0.00420977 -0.008247 -0.00193573 -0.00584411 0.000294379 -0.00439759 0.0032621 0.00146168 -0.00341804 -0.000916698 -0.000474256 0.00494754 -0.000854913 0.00587007 0.00236049 9.5618e-05 0.00455028 0.00735904 0.00218646
internal_weight=62696.4 41876.4 35390.8 20820 19847.8 34122.8 6485.59 27261.8 5338.64 12379.1 2709.38 9669.68 1597.36 3741.27 1350.16 2391.12 986.371 7842.53 6861 1067.18 21923.2 19154.6 1256.59 17898 1267.96 5793.83 7468.73 1046.72 807.51 455.774
internal_count=665952 475629 311148 190323 171997 300611 164481 243422 58622 106228 22950 83278 17320 41302 15131 26171 10667 68354 57189 8892 184800 162328 10245 152083 10537 48297 65769 4602 3545 2108
cat_boundaries=0 1 2 3 4 5 6 7 8 9 10 11 12
cat_threshold=1654953 13988132 792781 32152 2364631 4463592 6388562 2771704 6760531 5833218 7692418 9831008
is_linear=0
shrinkage=0.05


Tree=83
num_leaves=31
num_cat=6
split_feature=12 13 9 13 13 0 7 7 4 6 9 14 7 2 14 5 14 14 1 2 2 14 2 14 10 10 4 2 4 10
split_gain=70.9402 25.6998 21.8308 23.637 19.6618 17.3337 13.8525 13.3229 14.861 17.0645 12.8267 12.6052 11.7762 11.74 16.1999 11.6753 15.7226 11.2858 13.2359 13.823 11.8297 11.0326 10.8157 12.4605 10.8025 10.7586 10.345 10.2013 10.9911 10.1935
threshold=3.5000000000000004 5.5000000000000009 36.887067395264118 1.5000000000000002 2.5000000000000004 5.0050000000000008 48.500000000000007 55.500000000000007 40.775000000000013 51.500000000000007 50.074183976261132 0 49.500000000000007 6.5250000000000012 1 41.845000000000006 2 3 37.710000000000008 6.3350000000000009 2.3850000000000002 4 5.5050000000000008 5 48.500000000000007 54.500000000000007 33.765000000000008 6.9250000000000007 41.685000000000009 117.00000000000001
decision_type=2 2 2 2 2 2 2 2 2 2 2 1 2 2 1 2 1 1 2 2 2 1 2 1 2 2 2 2 2 2
left_child=1 2 3 12 7 15 -6 8 9 22 -11 -10 -1 -4 -15 24 -17 18 19 -8 -20 -14 -2 -24 -5 -19 -16 -22 -29 -3
right_child=4 29 13 5 6 -7 17 -9 11 10 -12 -13 21 14 26 16 -18 25 20 -21 27 -23 23 -25 -26 -27 -28 28 -30 -31
leaf_value=-0.0040623642173539263 -0.0010474585434924173 -0.0062940885086603063 0.00031210994492866882 -0.0044467299371749192 -0.004846273452692727 -0.00069535173286321302 0.003857182452304684 -0.0029909745954352879 0.0048303433285665047 -0.00040653443119719997 -0.023429891600342066 0.017053982648575761 -0.00096823380522422116 0.010058490073386151 -0.0034311410002109462 -0.0059020479557798022 0.0050053363569148917 0.00031696920108562906 0.012835496717476694 0.027282129436051197 0.00076248177077487586 0.0026817327045970886 0.00042809293858590727 0.00796867810362617 0.007625724977023453 0.028997376469412812 0.005821240858750288 0.0037851301725355582 0.014432748046831185 0.05160926509298152
leaf_weight=1229.5379125736654 553.43532993737608 2385.6065144719323 10241.032815357437 10563.827223096567 797.36234367825091 8103.4908795100637 135.02028179913759 468.83560474822298 415.51636845944449 211.49918562499806 84.730168091598898 484.39137876359746 3528.6184898577631 782.03946009255014 653.70375715475529 538.29733591107652 821.80194181425031 6000.9853759771213 292.99566725641489 118.02972496859729 3121.2334402631968 4991.5695772748441 695.26626158808358 2769.758032889571 188.60722342057852 32.877345751971006 561.69742238754407 1522.8529165768996 288.24489244632423 7.6250587073154739
leaf_count=6768 5704 85558 89543 159061 6597 75581 1252 5278 4498 2262 960 5494 18784 6406 5607 8376 11941 51343 2245 956 24789 26209 7497 30514 4256 216 4608 11424 1968 257
internal_value=-1.41932e-11 -0.0010692 -0.000783379 -0.00151012 0.00265012 -0.00248534 0.00152703 0.00508258 0.00580845 0.00458944 -0.00699188 0.0116531 0.000511997 0.000996029 0.00450254 -0.00368287 0.000681841 0.00196846 0.0036087 0.0147832 0.00307445 0.00117212 0.00544318 0.00647987 -0.00423497 0.00047246 0.000837951 0.00249461 0.00547975 -0.0061096
internal_weight=62590.5 44597.5 42204.2 29965.8 17993 20216 12309.6 5683.43 5214.6 4314.69 296.229 899.908 9749.73 12238.5 1997.44 12112.5 1360.1 11512.2 5478.38 253.05 5225.33 8520.19 4018.46 3465.02 10752.4 6033.86 1215.4 4932.33 1811.1 2393.23
internal_count=665952 502955 417140 310976 162997 259215 100790 62207 56929 46937 3222 9992 51761 106164 16621 183634 20317 94193 42634 2208 40426 44993 43715 38011 163317 51559 10215 38181 13392 85815
cat_boundaries=0 1 2 3 4 5 6
cat_threshold=2221304 15803140 13005000 632171 3738918 533544
is_linear=0
shrinkage=0.05


Tree=84
num_leaves=31
num_cat=10
split_feature=0 4 2 1 0 13 14 7 0 14 5 6 13 2 14 14 1 14 6 14 5 14 14 14 5 14 2 12 1 11
split_gain=67.9656 33.2056 24.1698 22.0264 20.2176 19.0399 20.9871 17.0849 15.8804 16.5724 15.0829 13.3946 13.3619 13.4496 13.3344 11.8327 15.0232 11.7154 11.491 14.9363 11.4298 11.3997 11.0594 11.0029 10.8857 10.7228 11.862 10.394 10.7205 12.1895
threshold=6.7150000000000007 27.215000000000003 5.2250000000000005 50.535000000000004 7.4750000000000005 3.5000000000000004 0 49.500000000000007 4.2650000000000006 1 39.715000000000011 40.500000000000007 4.5000000000000009 7.3350000000000009 2 3 9.2450000000000028 4 35.500000000000007 5 42.315000000000005 6 7 8 13.370000000000003 9 5.245000000000001 1.5000000000000002 15.735000000000001 35.043859649122815
decision_type=2 2 2 2 2 2 1 2 2 1 2 2 2 2 1 1 2 1 2 1 2 1 1 1 2 1 2 2 2 2
left_child=1 8 5 -2 12 11 -7 14 17 -10 18 15 13 22 -4 16 -3 -1 25 -20 -13 -14 -5 -22 -24 -9 -27 28 29 -19
right_child=3 2 7 4 -6 6 -8 10 9 -11 -12 20 21 -15 -16 -17 -18 27 19 -21 23 -23 24 -25 -26 26 -28 -29 -30 -31
leaf_value=-0.0121307753716497 0.0077843394477381716 -0.019753795982724698 -0.006766726049744873 -0.0022188917119271142 0.0084620010616802618 0.0013271213895983142 -0.0052728926204055112 -0.0013183543618708771 -0.0046102739910960531 -0.00047102093351837117 0.0048205506169124602 -0.0026562940374901477 0.0017063634519886497 0.0089367207017292723 0.0008799501554058336 -0.00026065534006996431 0.0042318303221349557 -0.019778266201991135 0.0022051379035623693 -0.0014381486295996018 -0.0039296841402070275 -0.0069987543925878228 0.023747913793489894 0.0091955326264116771 0.0031414944631960036 0.035742096792544371 0.0046453389690294198 -0.0021786641660827967 0.0061564860617021712 -0.075619923672379477
leaf_weight=739.89631848857971 2725.8978226399049 66.833094963105395 1108.7492962966207 1297.6430585803464 1123.4753055048641 1638.0079227060778 4545.3529401113046 892.18737574969418 4204.4054034054279 5695.59788066498 3230.0370618887246 5841.6600169134326 708.34928001509979 697.80639144033194 1164.3008648415562 5732.2239222284406 2814.7268124362454 76.759629948355723 5258.4930846663192 6026.8065494203474 252.87924824655056 789.14606536924839 66.908491028938442 410.3221047653351 1521.5103720745537 31.00784720107913 2787.1975102471188 966.42568886408117 34.045892257243395 11.198269501328467
leaf_count=13169 25498 1121 10401 11631 10046 34508 102286 8096 42898 58547 30597 46220 6103 6102 11305 46430 21736 4257 49905 58352 2031 7239 562 3166 12847 311 26415 13625 472 76
internal_value=1.49481e-11 -0.000673694 -1.40546e-05 0.00403799 0.00239215 -0.00119347 -0.00353089 0.00121158 -0.00302471 -0.00223404 0.00172135 -0.000237496 0.00105013 0.0027075 -0.00287585 0.00105581 0.00366281 -0.00730599 0.00105379 0.000260155 -0.0019501 -0.00291638 0.00120137 0.00427028 0.00398441 0.00346765 0.00496985 -0.00387908 -0.0176665 -0.0268877
internal_weight=62459.9 53529.1 41800.8 8930.74 6204.84 21302 6183.36 20498.8 11728.3 9900 18225.7 15118.6 5081.36 3583.87 2273.05 8613.78 2881.56 1828.33 14995.7 11285.3 6504.86 1497.5 2886.06 663.201 1588.42 3710.39 2818.21 1088.43 122.004 87.9579
internal_count=665952 585924 452880 80028 54530 257498 136794 195382 133044 101445 173676 120704 44484 31142 21706 69287 22857 31599 143079 108257 51417 13342 25040 5197 13409 34822 26726 18430 4805 4333
cat_boundaries=0 1 2 3 4 5 6 7 8 9 10
cat_threshold=1048793 14725922 14707034 2111312 1642715 9308526 5552545 957137 9711817 4325699
is_linear=0
shrinkage=0.05


Tree=85
num_leaves=31
num_cat=8
split_feature=12 13 6 4 7 13 4 7 14 14 7 7 7 8 5 14 14 14 4 13 14 0 3 7 6 8 14 6 3 14
split_gain=63.7275 23.1152 19.3099 20.7384 17.7994 16.9823 16.5252 15.7888 17.0318 15.7683 15.5549 16.4616 18.185 13.3708 13.0802 13.3454 13.104 12.8931 12.738 12.906 11.8826 10.9179 10.8855 11.0842 10.0648 9.93029 10.0568 9.88277 13.7454 12.9651
threshold=3.5000000000000004 5.5000000000000009 51.500000000000007 39.82500000000001 47.500000000000007 1.5000000000000002 23.135000000000002 55.500000000000007 0 1 60.500000000000007 49.500000000000007 53.500000000000007 139.50000000000003 28.600000000000005 2 3 4 40.545000000000009 5.5000000000000009 5 2.5950000000000002 46.170000000000009 53.500000000000007 51.500000000000007 20.500000000000004 6 24.500000000000004 36.675000000000004 7
decision_type=2 2 2 2 2 2 2 2 1 1 2 2 2 2 2 1 1 1 2 2 1 2 2 2 2 2 1 2 2 1
left_child=1 2 3 10 -2 17 13 18 -9 -8 11 -1 27 -4 15 -5 -16 -6 19 24 -20 -14 -22 -24 -7 -3 -27 -13 29 -29
right_child=4 25 6 14 5 7 9 8 -10 -11 -12 12 21 -15 16 -17 -18 -19 20 -21 22 -23 23 -25 -26 26 -28 28 -30 -31
leaf_value=-0.0037451160910346409 -0.0038746700365156518 -0.018696285709840648 -0.018574068780007894 0.0041470027679190637 0.0022971132773799909 0.0032587689225222006 0.00027993544418395262 -0.010901693029674888 0.0010107999345593676 -0.0050547399371602304 -0.014839386776798483 0.0047084197892287467 -0.021625206664679861 -0.0051151496762359815 0.0072082333634524813 -0.0048146058280834955 0.0017557282652010909 0.011845654074415846 0.0095360914486093407 -0.0022357238197159525 -0.0019547411276848383 -0.0017980120837150213 0.010461076089166976 -0.0034172044055380602 -0.0030911284171311103 -0.013286842803636879 -0.0035929304512197567 0.0017860567782194748 0.0026708260354911576 -0.0022825588275865306
leaf_weight=4063.0348505777074 1027.2374649150297 140.74233702168567 290.40593818807974 640.72549791820347 617.33564171870239 9242.0317907328717 2849.2586340503767 422.41918473970145 980.65990969724953 2691.0740296584554 198.65637952787802 1480.9055763369252 69.91816896921955 506.18063123943284 1548.0285157478065 1143.7405938603915 3842.7077730519231 876.45887282048352 1260.3082609344274 1439.9920027875341 646.01304638152942 9973.934697808465 559.4091459531337 193.68289221636951 669.22590184770525 307.56915657402715 1926.4783977170882 3087.8522443952388 4361.957880546106 5317.2079259729944
leaf_count=41714 9655 6320 3020 6172 13321 66837 27604 3378 7436 26596 2218 18981 4000 5014 14538 10669 35638 20182 9217 17732 5002 98567 4058 1404 4775 12741 66754 32131 38632 51646
internal_value=-5.17445e-12 -0.00101528 -0.000744338 -0.000293182 0.00251576 0.00290401 -0.00328804 0.0024107 -0.00264614 -0.00231986 -0.000897043 -0.000799362 -0.000306656 -0.0100218 0.00210986 -0.00160062 0.00333812 0.00799424 0.00291711 0.00218739 0.00603184 -0.00193603 0.00278714 0.00689181 0.00283001 -0.00581461 -0.00500308 0.000841949 0.00039346 -0.000788421
internal_weight=62375.2 44440.4 42065.6 35728.7 17934.8 16907.5 6336.92 15413.7 1403.08 5540.33 28553.5 28354.8 24291.8 796.587 7175.2 1784.47 5390.74 1493.79 14010.7 11351.2 2659.41 10043.9 1399.11 753.092 9911.26 2374.79 2234.05 14247.9 12767 8405.06
internal_count=665952 502955 417140 354906 162997 153342 62234 119839 10814 54200 287889 285671 243957 8034 67017 16841 50176 33503 109025 89344 19681 102567 10464 5462 71612 85815 79495 141390 122409 83777
cat_boundaries=0 1 2 3 4 5 6 7 8
cat_threshold=395925 10744358 809192 8554517 1123887 3681635 10617856 10142368
is_linear=0
shrinkage=0.05


Tree=86
num_leaves=31
num_cat=7
split_feature=0 4 0 13 1 0 3 0 14 0 10 13 14 14 3 14 14 14 4 5 7 6 8 2 14 4 0 0 3 10
split_gain=60.7084 27.8315 22.8586 32.1381 17.6642 17.5957 13.2241 12.9482 15.3369 12.7804 12.4462 12.4211 13.8294 13.1702 13.5412 11.2488 11.0573 10.7364 13.3576 10.5767 10.1666 9.90405 13.6716 9.84124 9.4282 10.0698 9.28029 9.05443 8.99051 8.80939
threshold=6.7250000000000005 27.215000000000003 5.1550000000000011 1.5000000000000002 50.535000000000004 7.4750000000000005 20.060000000000006 4.2650000000000006 0 1.4350000000000003 47.500000000000007 3.5000000000000004 1 2 40.055000000000007 3 4 5 32.865000000000002 43.285000000000004 49.500000000000007 52.500000000000007 66.500000000000014 3.2350000000000008 6 37.475000000000009 2.8950000000000005 1.0000000180025095e-35 6.495000000000001 12.500000000000002
decision_type=2 2 2 2 2 2 2 2 1 2 2 2 1 1 2 1 1 1 2 2 2 2 2 2 1 2 2 2 2 2
left_child=1 7 3 15 -2 17 9 16 -9 -5 24 13 20 14 -4 -3 26 -6 -19 -17 -13 -16 -23 -8 -11 -26 27 -1 -20 -21
right_child=4 2 11 6 5 -7 23 8 -10 10 -12 12 -14 -15 21 19 -18 18 28 29 -22 22 -24 -25 25 -27 -28 -29 -30 -31
leaf_value=0.036128601232967149 0.0073102574067611982 0.0042582857758657498 -0.0022539682411409617 -0.035069527510056875 0.0038124011004644002 0.008055846308414041 0.04098003132706373 -0.0043658763181988599 -0.00038433863273495343 -0.0024975620043107515 0.0086380388572932249 -0.011753274061870926 0.00086350525735316664 0.0031470568055735624 0.0036414657789535748 -0.0008625786764629858 -0.010666540229578782 -0.0045812323719895106 0.019297999306069197 0.022107455219964021 -0.0022548252058394772 0.017495919785559332 -0.013467837561499291 -0.0015640804338211201 -0.0094954689594820441 -0.0032599819040028833 -0.0013934566436852697 -0.026158659172128007 0.0014222146715244899 0.0034606229254105603
leaf_weight=6.429894500237423 2616.1695394830313 2347.257388567552 2998.0799417751841 34.774992983584525 2109.5870914272964 1120.5150883630849 13.619657616596667 4188.2894274850842 5725.9750446125399 2021.9217130156758 170.09855691459961 316.32255459902808 6547.4399420828559 8670.7050999295898 2357.9262458155863 3648.0584278441966 877.27886815209058 1317.1973518813029 73.899025452323258 88.193372482433915 2575.0293488251045 44.437275841832161 180.2666836171411 6909.5928753413027 1664.4374714370933 1059.6863875721465 866.39832428330556 63.007635649875738 1459.9380497804377 224.76089740730822
leaf_count=176 24583 11111 23625 7456 17880 10046 195 42816 59012 37133 7330 3946 70691 74561 18956 17046 15534 11950 642 391 31036 317 1572 96560 32997 18314 11979 3910 13103 1084
internal_value=-4.65209e-12 -0.000628738 -2.57735e-05 -0.00135926 0.0038748 0.00239683 -0.00289143 -0.00278162 -0.00207113 -0.0048646 -0.00465094 0.000997686 -0.000409129 0.00192943 3.191e-05 0.00152477 -0.00666664 0.00111857 -0.000884973 -0.000105563 -0.00328263 0.00268563 -0.00734447 -0.00148039 -0.00512722 -0.007044 -0.0027734 -0.0203909 0.00228346 0.00871547
internal_weight=62297.3 53600 41872.6 18182.4 8697.31 6081.14 11874.1 11727.4 9914.26 4950.92 4916.14 23690.2 9438.79 14251.4 5580.71 6308.27 1813.11 4960.62 2851.03 3961.01 2891.35 2582.63 224.704 6923.21 4746.05 2724.12 935.836 69.4375 1533.84 312.954
internal_count=665952 587748 454321 229617 78204 53621 199985 133427 101828 103230 95774 224704 105673 119031 44470 29632 31599 43575 25695 18521 34982 20845 1889 96755 88444 51311 16065 4086 13745 1475
cat_boundaries=0 1 2 3 4 5 6 7
cat_threshold=14693218 2514432 5275807 10948760 6736740 7430438 3679033
is_linear=0
shrinkage=0.05


Tree=87
num_leaves=31
num_cat=7
split_feature=2 13 0 0 7 14 4 6 14 7 7 14 9 13 4 14 4 8 1 7 14 0 6 14 1 13 10 10 5 14
split_gain=58.3555 26.5981 18.5063 17.7457 15.8526 15.8753 15.777 15.3601 16.5941 14.8372 18.8674 12.6617 13.5862 13.5487 12.6266 12.5327 12.5046 12.1946 11.9588 11.9502 11.6075 11.2634 11.2629 11.2362 10.5419 10.4457 10.3451 9.65374 9.42991 14.5627
threshold=6.0050000000000008 4.5000000000000009 7.4750000000000005 6.8550000000000013 48.500000000000007 0 32.360000000000007 50.500000000000007 1 50.500000000000007 55.500000000000007 2 46.495640115636832 1.5000000000000002 53.875000000000007 3 12.840000000000002 199.50000000000003 50.815000000000005 46.500000000000007 4 2.8950000000000005 37.500000000000007 5 51.025000000000013 5.5000000000000009 32.500000000000007 75.500000000000014 28.955000000000002 6
decision_type=2 2 2 2 2 1 2 2 1 2 2 1 2 2 2 1 2 2 2 2 1 2 2 1 2 2 2 2 2 1
left_child=1 3 6 7 -3 -6 19 9 16 14 11 24 13 21 -1 -5 -9 -18 -15 -2 -19 -13 25 -12 -11 -7 -22 -24 29 -8
right_child=2 4 -4 15 5 22 28 8 -10 10 23 12 -14 18 -16 -17 17 20 -20 -21 26 -23 27 -25 -26 -27 -28 -29 -30 -31
leaf_value=-0.0029219356480000656 -0.0086512704857585783 -0.011271176490267584 0.0085617375930435394 -0.0036062238694346328 -0.0061697461038556153 0.0056383192395565614 0.0050464777618896423 -0.012565226518325832 -0.0056257512585684948 -0.00033893666118879574 0.00073078069076444824 -0.0204480316640403 0.0081548850258322796 0.00052260991618050499 0.018319979155032258 0.010319089434812058 -0.0021043769929320745 -0.0012166996666734026 -0.025582317339318157 0.00057988596992522578 0.024694008337847094 0.0045866431116073801 -0.0037271864268092108 -0.0046438904697582726 -0.013482041492335659 -0.0032728200355423109 0.006445505409564083 0.055359636201277498 0.0038200199616242486 -0.0027089943244981412
leaf_weight=5115.6426968629239 366.66370285861194 678.55778724170523 1073.5284381776582 217.60162553051487 2498.9265595884644 918.90176802960923 988.16641420824453 199.82937372848392 3005.1128859040327 7112.0643946991768 1528.0593203669414 45.56392729934305 844.24241713713855 7250.7764923422365 70.928357897559181 604.93885014415719 1885.6380693598185 503.12206896208227 44.138711979612708 7998.4559845221229 91.072757440619171 3224.4867725796066 1786.5930351777934 2671.6220458097523 155.91319656511769 512.15401964035118 527.48341137729585 6.9396535647101691 8730.0003616998438 1528.122203330975
leaf_count=45980 3485 19615 9709 1893 66147 18538 9070 1780 26842 62110 14077 283 6935 72751 584 5117 16588 4144 285 75011 513 20908 40455 24168 1265 19499 4925 227 79463 13585
internal_value=-2.5852e-12 -0.00108136 0.00216953 -0.000540742 -0.00404517 -0.00318849 0.00181962 -0.000714906 -0.00296458 -0.000216908 0.000330508 0.0010114 0.00204942 0.00156347 -0.00263144 0.00671678 -0.000452097 0.00035129 0.000364659 0.000175262 0.00447948 0.00423782 -0.000856342 -0.00269763 -0.00062003 0.00244915 0.00898702 -0.00349856 0.00304271 0.00034593
internal_weight=62185.2 41500.3 20684.9 35098.2 6402.07 5723.52 19611.4 34275.7 6212.26 28063.4 22876.9 18677.2 11409.2 10565 5186.57 822.54 3207.15 3007.32 7294.92 8365.12 1121.68 3270.05 3224.59 4199.68 7267.98 1431.06 618.556 1793.53 11246.3 2516.29
internal_count=665952 475629 190323 311148 164481 144866 180614 304138 54792 249346 202782 164537 101162 94227 46564 7010 27950 26170 73036 78496 9582 21191 78719 38245 63375 38037 5438 40682 102118 22655
cat_boundaries=0 1 2 3 4 5 6 7
cat_threshold=15110678 6799911 5619719 6752272 295458 5169232 13988128
is_linear=0
shrinkage=0.05


Tree=88
num_leaves=31
num_cat=10
split_feature=12 0 6 13 7 2 5 14 8 14 0 14 8 9 0 11 13 14 13 14 6 14 14 14 4 4 9 14 14 0
split_gain=55.684 20.716 25.5233 19.5859 17.1641 16.6435 15.4694 22.1206 14.8253 14.0687 12.7793 12.6614 12.1072 19.4227 11.7371 11.4969 11.0437 20.7979 10.9262 11.8171 10.7027 10.6839 10.4935 10.3663 10.122 9.96576 9.42976 11.6746 9.30923 9.10917
threshold=3.5000000000000004 3.8750000000000004 29.500000000000004 4.5000000000000009 47.500000000000007 7.2750000000000012 41.845000000000006 0 278.50000000000006 1 5.2750000000000012 2 44.500000000000007 18.449491447064265 7.8450000000000006 92.356377799415796 1.5000000000000002 3 5.5000000000000009 4 40.500000000000007 5 6 7 9.1750000000000025 27.555000000000003 48.541917652894917 8 9 7.2550000000000008
decision_type=2 2 2 2 2 2 2 1 2 1 2 1 2 2 2 2 2 1 2 1 2 1 1 1 2 2 2 1 1 2
left_child=1 12 15 6 23 14 10 -8 9 -7 16 -5 -1 -14 18 -3 17 25 20 -20 28 -10 -16 -2 -13 -4 -12 -28 -6 -26
right_child=4 2 3 11 5 8 7 -9 21 -11 26 24 13 -15 22 -17 -18 -19 19 -21 -22 -23 -24 -25 29 -27 27 -29 -30 -31
leaf_value=-0.010747337555432871 0.002221605149249746 0.0021251162675770285 -0.009701056051683388 -0.0088440760507680644 0.0057416454605259612 0.0031345667117699144 -0.0026366051489050521 0.0058544528574635693 0.00406778834744088 0.0099817535411843034 -0.00030172809277002492 -0.014312020179539951 -0.0057357388898901752 0.0031166656003892689 -0.0033274222933082202 -0.016875076009943358 -0.0033137696577364806 0.0024759304149190968 -0.0082987595185324801 0.00096188502065858584 0.00050291520876413298 -0.012971595842856471 0.027357931290788891 -0.0079878734957943235 -0.002376509970545978 -0.0020392137205633965 0.01097126161841435 -0.00094827724460318924 0.0020115564332598554 0.033230676194155179
leaf_weight=647.28657351905713 412.68527500983328 7790.7155346579384 563.20159729942679 1100.0253101377748 2885.5291349915788 1390.7274690102786 1253.8218077686615 1952.9072757801041 195.67037399392575 1703.1775654326193 10223.882236470468 181.00701752840541 2177.7710768523684 866.02433884784114 45.92845979752019 80.438584686256945 8290.2123605590314 2857.9741740049794 510.16656744573265 1019.5655603217892 4800.7284273763653 159.61485219979659 73.335375550668687 611.22258320287801 3691.9535358889261 1722.1824935758486 418.6806526617147 398.82573464279994 4054.9041605563834 18.0493517909199
leaf_count=16968 3860 80199 2825 26523 25371 12628 10553 16415 1693 15189 85521 4057 51890 11318 418 685 90041 13469 6580 12198 42386 1480 557 5795 77003 8939 3247 3190 34842 112
internal_value=1.78079e-11 -0.000951466 -0.000624988 -0.00124073 0.00235612 0.0027383 -0.00072092 0.00254451 0.00583547 0.0069463 -0.00114876 -0.00412377 -0.00453759 -0.00321704 0.0019405 0.00193095 -0.00218456 -0.000364479 0.00180017 -0.00217451 0.00231802 -0.00383791 0.0175559 -0.00392927 -0.00275948 -0.00391026 0.000111458 0.00527884 0.00357354 -0.00220328
internal_weight=62098.2 44235 40543.9 32672.7 17863.3 16839.3 27681.7 3206.73 3449.19 3093.91 24475 4991.04 3691.08 3043.8 13390.2 7871.15 13433.6 5143.36 13270.9 1529.73 11741.2 355.285 119.264 1023.91 3891.01 2285.38 11041.4 817.506 6940.43 3710
internal_count=665952 502955 422779 341895 162997 153342 234200 26968 30990 27817 207232 107695 80176 63208 122352 80884 115274 25233 121377 18778 102599 3173 975 9655 81172 11764 91958 6437 60213 77115
cat_boundaries=0 1 2 3 4 5 6 7 8 9 10
cat_threshold=8942681 9063996 10652160 2999590 14746901 13211949 1903622 8787601 4039338 12076307
is_linear=0
shrinkage=0.05


Tree=89
num_leaves=31
num_cat=10
split_feature=2 4 7 7 6 12 13 14 4 14 9 0 14 13 5 8 14 14 13 14 9 14 13 9 6 14 2 14 10 14
split_gain=53.6853 24.8018 24.1927 23.3451 16.5575 21.3256 18.51 17.7092 15.6474 13.1796 12.766 12.4908 15.6129 12.4696 11.8443 11.4766 16.3402 12.2988 11.0416 10.8386 11.2363 10.6586 10.5121 10.1993 10.1403 11.6451 9.92517 10.7437 9.83655 9.74093
threshold=6.3650000000000011 45.170000000000009 49.500000000000007 55.500000000000007 39.500000000000007 1.5000000000000002 2.5000000000000004 0 36.645000000000003 1 56.892720306513418 4.2650000000000006 2 3.5000000000000004 22.625000000000004 137.50000000000003 3 4 3.5000000000000004 5 34.725127847512788 6 1.5000000000000002 39.371450519904535 53.500000000000007 7 4.7950000000000008 8 54.500000000000007 9
decision_type=2 2 2 2 2 2 2 1 2 1 2 2 1 2 2 2 1 1 2 1 2 1 2 2 2 1 2 1 2 1
left_child=1 2 18 4 5 -4 7 -6 13 -3 19 12 -5 24 -11 17 -17 -8 -1 20 -10 -20 -14 -18 -2 -26 -9 -28 -7 -13
right_child=8 9 3 11 6 28 15 26 10 14 -12 29 22 -15 -16 16 23 -19 21 -21 -22 -23 -24 -25 25 -27 27 -29 -30 -31
leaf_value=-0.0027494660221118179 0.0035745995284052362 -0.00059705751816156011 -0.0098176625773291094 -0.015865571541768902 0.005274009480538638 0.0010899639347299974 -0.010921254969939117 -0.0031005030883881225 0.024593254299171266 -0.0039336640925108019 0.013612087714183161 8.4925318632230156e-05 0.0013942263089944769 -0.00055477555368845801 0.0067754179878865969 -0.004880305927420352 -0.0014562863405571827 -0.0033519937691312441 -0.01192953231320568 0.0026501398742663582 0.0067675571707374454 -0.0039074929142317565 -0.0084672164642281052 0.0046725055352451689 0.0036711098638851714 -0.016013325488444995 -0.0031525684411149064 0.0030166381064842987 0.014165479542383612 -0.0045314710399091997
leaf_weight=3704.5424506512936 5051.2740264516324 1526.5223421328701 450.83492429350736 400.19090749026509 1489.5782236354426 16088.97734778095 808.77483064646367 2623.4768681200221 95.338412956334651 295.97118599206442 384.24589584441856 2263.0397868358996 464.57562645990402 4338.9875339902937 2022.8416656515037 2342.9953098674305 1932.4804773151409 1653.425458706799 772.79592934710672 3472.1200789643917 1215.4376832460985 952.87584124371642 646.03196168580325 1046.3986722016707 152.05063282838091 136.38311894331127 1030.2896665732842 2189.8782280127052 145.13270624750294 2307.2165979470592
leaf_count=30343 45608 16065 18356 6426 11019 169524 11678 18430 803 3183 3325 23993 2098 41117 20907 32772 29771 23041 15563 31090 10804 18778 14931 9403 1359 1181 8591 18042 3876 23875
internal_value=-8.83438e-12 -0.00082548 -0.00116713 -0.000719744 -0.000176989 0.000908971 -0.00137556 0.000427008 0.00262219 0.00302287 0.00484382 -0.00355821 -0.00749953 0.00143614 0.0053853 -0.00307373 -0.00176785 -0.00589629 -0.00428829 0.0041394 0.00800304 -0.00759172 -0.00430335 0.00069426 0.00305393 -0.00606439 -0.000816149 0.00104238 0.00120686 -0.00225531
internal_weight=62004.7 47158.8 43313.5 37883.3 31802.2 16684.9 15117.3 7333.22 14845.8 3845.34 5167.14 6081.05 1510.8 9678.7 2318.81 7784.07 5321.87 2462.2 5430.21 4782.9 1310.78 1725.67 1110.61 2978.88 5339.71 288.434 5843.64 3220.17 16234.1 4570.26
internal_count=665952 530665 490510 425826 354503 191756 162747 56082 135287 40155 46022 71323 23455 89265 24090 106665 71946 34719 64684 42697 11607 34341 17029 39174 48148 2540 45063 26633 173400 47868
cat_boundaries=0 1 2 3 4 5 6 7 8 9 10
cat_threshold=2228364 7152292 1050828 10673432 8913365 557428 3042882 11374147 1163282 1800648
is_linear=0
shrinkage=0.05


Tree=90
num_leaves=31
num_cat=7
split_feature=0 13 0 0 1 7 2 14 14 4 13 4 2 9 4 14 7 4 14 6 9 7 14 2 9 1 8 14 5 14
split_gain=51.3131 22.7584 26.1682 20.5464 20.216 14.6245 13.7858 11.9413 11.6892 13.4007 11.416 11.3301 11.1221 11.0755 10.7931 11.4094 9.81961 9.79262 10.0175 9.63158 14.4978 16.3064 11.4669 9.73451 9.5711 9.54574 12.2035 9.50971 10.4134 9.48371
threshold=5.8950000000000005 1.5000000000000002 4.7650000000000006 7.2350000000000012 40.990000000000002 48.500000000000007 6.5050000000000008 0 1 40.985000000000007 4.5000000000000009 27.435000000000006 6.6550000000000011 70.710784313725512 25.845000000000002 2 47.500000000000007 25.845000000000002 3 56.500000000000007 14.313399778516059 49.500000000000007 4 4.1550000000000011 3.7786843447220813 54.355000000000011 273.50000000000006 5 30.365000000000006 6
decision_type=2 2 2 2 2 2 2 1 1 2 2 2 2 2 2 1 2 2 1 2 2 2 1 2 2 2 2 1 2 1
left_child=1 7 11 4 6 17 8 16 -2 -10 12 -3 -7 25 15 -4 -1 18 -6 -9 -21 -22 23 -23 -13 29 -27 28 -8 -5
right_child=3 2 14 13 5 10 27 19 9 -11 -12 24 -14 -15 -16 -17 -18 -19 -20 20 21 22 -24 -25 -26 26 -28 -29 -30 -31
leaf_value=-0.0050678191340822812 0.0068928916836075065 -0.0071172269253060999 -4.748203429959139e-05 0.019032853197901385 -0.00064230689771017056 0.00081618544631924988 0.0029230262973681024 1.4804352095357281e-05 -0.0045092456807202625 0.012525484114523045 -0.0010342948902064646 -0.013706434376814791 0.0038526554447884825 0.022150191875733225 -0.00013138296940132626 -0.006146761876551091 0.0038150730155525046 -0.0024179008483506139 -0.023826320001084169 -0.044778643247005583 -0.043147103199009822 -0.030150643212953573 0.0064498588331405819 -0.0045344843624149428 -0.0027744531816533062 0.004820205840526972 -0.0085283765166591866 0.0062267248884705379 0.023501785696649166 0.0061168873756717772
leaf_weight=341.40620267763734 846.60625009518117 2207.4949005591916 1406.4898047889583 208.12863199692219 90.027866374701262 8560.3727226499468 83.596229474060237 6426.485069246497 659.67939779581502 139.94209417607635 4481.7589646545239 205.61774733770289 4655.9380104125012 102.17592108668759 13797.742551598232 1691.1094661150128 3506.9095978969708 1334.6578523158096 105.44860908575356 24.995092296972871 26.756786908954382 51.098326325416565 173.76359901111573 135.25886315852404 7624.6899306722335 1550.6415907775518 192.47262810589746 539.01961837802082 232.30577855883166 516.17372822854668
leaf_count=2238 8506 47509 15685 1876 820 72172 761 37857 6450 1189 48640 18728 40072 784 145621 19120 21723 12615 1039 127 179 253 885 822 132585 13758 1776 5089 2112 4961
internal_value=4.00897e-12 -0.0011568 -0.00193146 0.00179097 0.00129099 0.000740947 0.00551955 0.000795535 0.00284449 -0.00150912 0.0011464 -0.00395344 0.0018859 0.00601897 -0.000730163 -0.00339733 0.00301918 -0.0039487 -0.0144005 -0.000459572 -0.00787246 -0.00548805 -0.00269001 -0.0109697 -0.00306152 0.00535098 0.00334627 0.0106706 0.0175021 0.0101755
internal_weight=61918.8 37619.8 26933.1 24298.9 21729.4 19228.2 2501.15 10686.7 1646.23 799.621 17698.1 10037.8 13216.3 2569.59 16895.3 3097.6 3848.32 1530.13 195.476 6838.36 411.873 386.878 360.121 186.357 7830.31 2467.42 1743.11 854.922 315.902 724.302
internal_count=665952 443332 379248 222620 199465 175358 24107 64084 16145 7639 160884 198822 112244 23155 180426 34805 23961 14474 1859 40123 2266 2139 1960 1075 151313 22371 15534 7962 2873 6837
cat_boundaries=0 1 2 3 4 5 6 7
cat_threshold=12996801 14242513 1459638 3580942 1150004 770373 296258
is_linear=0
shrinkage=0.05


Tree=91
num_leaves=31
num_cat=9
split_feature=0 7 6 5 0 1 0 2 13 11 8 14 2 6 2 14 14 14 0 13 14 14 13 4 14 14 1 14 0 8
split_gain=48.8582 23.3775 20.7439 24.0354 20.5801 19.9866 16.1959 15.249 14.8534 11.8935 12.3252 14.5526 11.8238 11.5741 15.853 20.8447 11.4085 11.2417 11.2398 16.2744 14.8225 11.1901 11.0817 11.0627 10.9643 10.2806 9.97148 17.8907 11.2801 9.96934
threshold=6.4850000000000012 49.500000000000007 38.500000000000007 41.845000000000006 3.0250000000000004 44.635000000000012 7.4750000000000005 4.6750000000000007 4.5000000000000009 29.478609625668454 135.50000000000003 0 1.7550000000000001 24.500000000000004 6.1350000000000007 1 2 3 5.8550000000000013 2.5000000000000004 4 5 4.5000000000000009 53.875000000000007 6 7 19.525000000000002 8 4.245000000000001 36.500000000000007
decision_type=2 2 2 2 2 2 2 2 2 2 2 1 2 2 2 1 1 1 2 2 1 1 2 2 1 1 2 1 2 2
left_child=1 22 4 7 12 24 8 9 -7 -4 26 -12 -3 25 -15 -16 -5 -14 19 20 -18 -9 23 -1 -2 -6 27 29 -29 -11
right_child=5 2 3 16 13 6 -8 21 -10 10 11 -13 17 14 15 -17 18 -19 -20 -21 -22 -23 -24 -25 -26 -27 -28 28 -30 -31
leaf_value=-0.0029942822521743513 0.0036707040129680792 -0.017726397503561222 -0.0060692718288222289 -0.0031744562530921492 -6.8455826399911197e-05 0.0026342772494106223 0.007649996454427925 0.00054467507460627645 -0.0015291180000655648 -0.044692714863804016 0.0042595451295908016 -0.0034160548712457587 0.012103025388533086 -6.3866384149668877e-05 -0.0015264931205366185 0.0072326613911505013 0.015600212260983596 -0.010144559443037653 0.011097634827406676 -0.0023656930375330169 0.0020610812218736017 -0.0022574537534458265 -0.0086335448715221894 0.015858531056380489 0.013365589800531891 0.0066595095644968131 -0.0085259351471873059 0.0068911277239236237 0.043019106940200655 -0.0069954205406733312
leaf_weight=5169.4503137682332 585.37274107895792 225.76809403800871 3137.9333557101199 571.0733902498614 875.30678369174711 7696.157408016501 1179.4555783851538 6753.7183357239701 2968.5665552713908 22.448610231280327 1144.3100932063535 1317.9822541926987 84.605495636642445 12852.943632822251 1074.3222714550793 1838.3714451892301 332.40326866414398 132.46384491201025 529.00290128076449 806.32630588673055 521.28736068122089 7528.5781921211164 929.55191988221486 79.001680431421846 627.87903355946764 1639.1812446822878 926.4919167435728 160.01310638058931 24.978245222009718 80.179082505404949
leaf_count=45722 5878 17882 56775 6071 10331 66919 10685 67193 28688 168 7573 8465 2882 137706 10074 16993 2295 4446 4818 12293 3871 78722 26161 641 5718 18510 6899 937 139 497
internal_value=1.04277e-12 -0.000727443 -0.00031041 -0.00128809 0.000935345 0.00271634 0.00209025 -0.00186213 0.00147538 -0.00380826 -0.00187841 0.00015448 -0.00971525 0.00119336 0.000690905 0.00402151 0.00309959 -0.00138306 0.00472927 0.00272833 0.00753972 -0.000933601 -0.00360169 -0.0027105 0.0088284 0.00434368 -0.00600124 0.00213142 0.0111657 -0.013888
internal_weight=61815.1 48757.7 42579.7 23856.7 18723 13057.4 11844.2 21096.6 10664.7 6814.34 3676.4 2462.29 442.837 18280.1 15765.6 2912.69 2760.09 217.069 2189.02 1660.02 853.691 14282.3 6178 5248.45 1213.25 2514.49 1214.11 287.619 184.991 102.628
internal_count=665952 548064 475540 256716 218824 117888 106292 227368 95607 81453 24678 16038 25210 193614 164773 27067 29348 7328 23277 18459 6166 145915 72524 46363 11596 28841 8640 1741 1076 665
cat_boundaries=0 1 2 3 4 5 6 7 8 9
cat_threshold=7958752 10093235 8401416 8963889 213382 13508687 8838944 950444 5582929
is_linear=0
shrinkage=0.05


Tree=92
num_leaves=31
num_cat=8
split_feature=0 13 6 4 14 1 0 7 7 11 4 0 9 6 9 14 5 8 14 14 14 10 14 3 14 11 11 14 8 9
split_gain=46.3732 22.8875 21.6559 19.9372 19.323 18.4005 17.0075 14.7733 16.9825 14.5586 12.6192 11.6728 11.105 13.3641 14.1239 13.2297 10.7767 10.6608 17.7051 10.5326 9.90766 10.6315 9.89796 9.8658 10.1033 9.82157 12.2799 9.39668 11.2956 11.6756
threshold=6.7150000000000007 5.5000000000000009 46.500000000000007 44.465000000000011 0 48.675000000000004 3.8750000000000004 49.500000000000007 56.500000000000007 45.049019607843142 15.820000000000002 8.0350000000000019 47.245900455103673 24.500000000000004 44.941545739889925 1 28.955000000000002 205.50000000000003 2 3 4 3.5000000000000004 5 65.925000000000011 6 56.118955926401377 62.605932203389834 7 88.500000000000014 27.489095749702614
decision_type=2 2 2 2 1 2 2 2 2 2 2 2 2 2 2 1 2 2 1 1 1 2 1 2 1 2 2 1 2 2
left_child=1 2 3 6 -5 -2 27 -8 12 -7 19 -11 13 14 15 -9 -6 -12 -19 -4 -3 -22 -16 24 -14 -20 -27 28 -1 -30
right_child=5 20 10 4 16 9 7 8 -10 11 17 -13 23 -15 22 -17 -18 18 25 -21 21 -23 -24 -25 -26 26 -28 -29 29 -31
leaf_value=-0.007980936098849041 0.0080208772169942585 -0.011158873420929095 0.010130256115384069 -0.00022463761376001593 0.0013716139747817584 -0.00025905819213290214 -0.0024885765929786342 0.00052970868026358422 -0.0035154879914626787 0.0037391853273639575 -0.0027428756429819091 0.018016996388323634 0.0012831195069103517 0.00031752058007275362 -0.029372714519823314 0.0097397469945697188 0.0098874970171821831 -0.0033628034336952994 0.0014320459385098747 -0.0094930439963417327 -0.015065471778944975 -0.0026125056534848892 0.003057068910653923 -0.0090921186245579416 0.0072730215747920926 0.021240274304897291 0.0043169445266272866 -0.0074770877655544413 0.00146198422543227 0.039288297719211995
leaf_weight=387.17641030030791 1703.6854484337382 484.55569382436806 68.628096899483353 1490.4385912445141 517.64738801668864 3211.4618131518364 4190.1138808766846 671.24391245678999 2187.7825009124354 3775.5626039018389 7796.7137504965067 148.79114106483757 1309.7176144805271 19763.527002178365 39.73877986241132 948.76601090142503 1315.9213745138841 1894.1948505258188 2086.7056323266588 785.35617847787216 183.4365267244284 2610.2016066333454 48.226725826505572 138.69935678923503 1552.818788127508 148.65327688399702 384.32134644920006 1109.5370705989772 744.95790322509129 20.974332119105384
leaf_count=7996 16250 16433 667 13578 4865 26704 38144 6330 21130 35669 77231 1405 10912 185477 330 8694 12055 17956 19742 7820 5230 76907 409 1136 13270 776 4187 20986 13450 213
internal_value=7.7687e-12 -0.000560351 -0.000292932 0.000335039 0.0040265 0.00335216 -3.55212e-05 0.000271357 0.000705123 0.00223749 -0.00203105 0.00428053 0.00108243 0.000684226 0.00492749 0.005987 0.00744273 -0.00162332 0.000310455 -0.00790861 -0.00460662 -0.00341796 -0.0145848 0.00393128 0.00456231 0.00296796 0.00903707 -0.00421973 -0.00101183 0.00249782
internal_weight=61719.6 52880.1 49601.9 36437.3 3324.01 8839.5 33113.3 30850.6 26660.5 7135.82 13164.6 3924.35 24472.7 21471.5 1707.98 1620.01 1833.57 12310.6 4513.88 853.984 3278.19 2793.64 87.9655 3001.24 2862.54 2619.68 532.975 2262.65 1153.11 765.932
internal_count=665952 585924 487354 358975 30498 80028 328477 285832 247688 63778 128379 37074 226558 201240 15763 15024 16920 119892 42661 8487 98570 82137 739 25318 24182 24705 4963 42645 21659 13663
cat_boundaries=0 1 2 3 4 5 6 7 8
cat_threshold=7185570 9339053 1609618 1088 10487040 1060636 6474013 11433616
is_linear=0
shrinkage=0.05


Tree=93
num_leaves=31
num_cat=9
split_feature=2 13 0 11 5 14 3 10 9 8 6 14 0 14 7 14 9 9 4 14 14 7 6 14 9 1 14 14 4 1
split_gain=44.7512 24.1828 27.5152 16.3277 14.8164 13.7261 14.2665 12.3693 12.367 12.7266 11.916 17.28 11.8813 13.0254 11.8254 12.5369 11.275 10.9853 11.2764 10.913 10.0917 10.0583 10.0283 9.24665 9.22025 13.0894 9.33517 9.14717 10.8785 10.7135
threshold=5.8450000000000006 1.5000000000000002 4.9650000000000007 82.392686804451515 37.805000000000007 0 46.405000000000008 48.500000000000007 13.647450110864748 20.500000000000004 26.500000000000004 1 6.745000000000001 2 49.500000000000007 3 45.765368471388349 63.655788655788662 31.515000000000004 4 5 57.500000000000007 22.500000000000004 6 34.07614318228844 33.215000000000011 7 8 27.290000000000003 60.540000000000006
decision_type=2 2 2 2 2 1 2 2 2 2 2 1 2 1 2 1 2 2 2 1 1 2 2 1 2 2 1 1 2 2
left_child=1 14 7 4 12 -6 -7 8 -3 -10 11 -11 19 -14 -1 -16 -15 18 -18 -2 -5 -21 -4 -12 25 -25 -26 -24 -29 -30
right_child=3 2 22 20 5 6 -8 -9 9 10 23 -13 13 16 15 -17 17 -19 -20 21 -22 -23 27 24 26 -27 -28 28 29 -31
leaf_value=-0.0034627335507585949 -0.0024079743137350347 -0.0088032931802821453 0.0070062443366818439 0.0013711813782820437 0.0068214217398474596 -0.0021130591930103868 0.0043121658334175483 0.0069848364843927285 -0.010972563088747642 0.0064674628602708244 -0.0058656519182138829 -0.0044414941379608682 -0.00038266829905490602 0.012493380120666605 0.0086512523707219409 0.0011596892507276641 -0.001664587270680414 0.020787264266072275 0.0055476865295377561 0.0011139980369384214 0.010334538500807511 -0.010967530650533283 -0.002077123400694401 -0.002512716587051812 0.022303783649153967 -0.026901996897988063 -0.0016154972773841409 -0.0028562434984758731 0.0011318741678966971 0.022669215092086501
leaf_weight=1286.3925220472738 3854.4076977558434 1156.354041574552 435.93964072549716 516.53588468860835 2075.5112291960977 1452.7602483578958 2131.5180132114328 267.13258856051834 520.54721820121631 748.49252740386873 3053.3079340691911 687.17972752219066 2011.7787242063787 416.28621437377296 589.51679947040975 8358.0516875719186 850.17958783451468 89.438335271552205 1494.9084372518118 7630.8738966430537 846.8676081597805 176.25327456602827 6696.6115869749337 5178.0013733449159 64.911541538080201 55.603504245169461 94.104588290210813 2022.9943639703561 6833.6273869087454 58.233171708881855
leaf_count=8469 34490 43059 4079 9136 17956 13023 18017 11629 8215 11412 51347 11016 16738 3705 4356 52820 6747 611 11618 69090 17048 1701 68439 83262 724 707 1185 20331 64644 378
internal_value=-4.55147e-12 -0.00105891 -0.00182213 0.00171365 0.00138725 0.00359516 0.00170318 -0.00365215 -0.00389798 -0.00335268 -0.00295128 0.00126004 0.000631001 0.00270728 0.00101979 0.00166424 0.00487207 0.0035889 0.00293298 -0.000234761 0.00702456 0.00084017 -0.000473561 -0.00366714 -0.00240699 -0.00277184 0.00944955 -0.000682429 0.000367148 0.00131386
internal_weight=61654.3 38107 27873 23547.3 22183.9 5659.79 3584.28 11825.6 11558.5 10402.1 9881.6 1435.67 16524.1 4862.59 10234 8947.57 2850.81 2434.53 2345.09 11661.5 1363.4 7807.13 16047.4 8445.93 5392.62 5233.6 159.016 15611.5 8914.85 6891.86
internal_count=665952 446072 380427 219880 193696 48996 31040 222556 210927 167868 159653 22428 144700 39419 65645 57176 22681 18976 18365 105281 26184 70791 157871 137225 85878 83969 1909 153792 85353 65022
cat_boundaries=0 1 2 3 4 5 6 7 8 9
cat_threshold=7636101 10594131 9160201 8519680 2269585 2106491 9466561 2163762 7836804
is_linear=0
shrinkage=0.05


Tree=94
num_leaves=31
num_cat=7
split_feature=12 13 0 7 14 13 7 14 4 6 14 5 2 5 14 14 8 6 1 6 14 10 7 0 2 12 1 2 14 2
split_gain=42.1815 17.8785 16.2044 15.9846 14.5971 13.9393 12.3413 12.8994 17.6526 12.3714 11.5308 10.6427 11.8191 10.539 10.3447 10.2802 10.0456 11.5427 9.89792 10.5541 12.1938 10.3708 9.9062 9.75212 9.74376 9.55206 9.5036 9.11524 9.09979 9.00812
threshold=3.5000000000000004 2.5000000000000004 5.0050000000000008 47.500000000000007 0 2.5000000000000004 55.500000000000007 1 42.890000000000008 50.500000000000007 2 41.845000000000006 6.1750000000000007 26.48 3 4 194.50000000000003 55.500000000000007 1.0000000180025095e-35 26.500000000000004 5 54.500000000000007 50.500000000000007 7.0150000000000006 2.6250000000000004 2.5000000000000004 31.835000000000004 7.3350000000000009 6 4.4650000000000007
decision_type=2 2 2 2 1 2 2 1 2 2 1 2 2 2 1 1 2 2 2 2 1 2 2 2 2 2 2 2 1 2
left_child=1 4 18 14 -1 6 7 -5 9 27 -7 16 -13 28 -2 23 17 25 -3 20 -20 29 -22 -4 -15 -6 -26 -9 -12 -21
right_child=3 2 15 5 11 10 -8 8 -10 -11 13 12 -14 24 -16 -17 -18 -19 19 21 22 -23 -24 -25 26 -27 -28 -29 -30 -31
leaf_value=-0.0011936452747344766 0.002427023468270039 -0.021873439779656632 0.00036620662726759615 0.0013224392663025975 -0.00090316858863452229 -0.0011549593314480755 -0.0032484369928201724 0.005326989235138635 0.016766946871075224 -0.0046056763756850338 -0.0061993335376510136 0.0041047347354226963 0.019961587230171413 0.011251381847982373 -0.0079511808146212597 -0.0021556590147833537 0.0028608726470819917 -0.0083145647278354742 -0.0063949724041817112 -0.0062308571134617706 -0.0037780766813187657 0.03121872307815883 0.006066875972172741 0.018058704810882384 0.026263360028529623 0.0039771104744987396 0.0026174210458764636 0.012909873729298705 0.0019859287646267466 -0.0026175869689937393
leaf_weight=9862.4304764559492 384.12476904690266 72.717252556234598 7137.9030703501776 1450.3238029682543 4377.5629886179231 3100.9165747761726 462.33415605919436 2205.2734592123888 407.9446477079764 266.43797029997222 592.62629330344498 1160.1878881263547 130.75853205798194 357.0021816752851 624.42938464717008 6740.8614359553903 3925.761751611717 426.46738350996748 483.36468151892768 3248.0275902758585 372.63060353172477 20.598457793705165 813.00004135858035 78.745483359321952 42.76987248333171 1300.5203235684894 6558.5505270278081 483.13955136365257 771.7776723918505 3678.4747286200291
leaf_count=72535 3532 13766 74801 15032 30815 26541 5278 24642 4702 3008 4533 8705 1186 2952 6123 75836 31678 3141 13450 68856 10258 608 21472 544 411 11717 54309 5775 6159 63587
internal_value=1.6773e-11 -0.000832061 -0.00180874 0.00205952 0.000212054 0.0024287 0.00455448 0.005304 0.00699645 0.00567122 0.00144702 0.0014364 0.00571086 0.00241496 -0.00405324 -0.00075347 0.000887694 -0.000381233 -0.0035039 -0.00334887 0.000221385 -0.0042066 0.00294785 0.000558487 0.00320573 0.000214621 0.00277062 0.00668972 -0.00160021 -0.00431195
internal_weight=61537.7 43830 22646.3 17707.7 21183.7 16699.1 5275.45 4813.12 3362.8 2954.85 11423.6 11321.3 1290.95 8322.73 1008.55 13957.5 10030.3 6104.55 8688.81 8616.1 1669 6947.1 1185.63 7216.65 6958.32 5678.08 6601.32 2688.41 1364.4 6926.5
internal_count=665952 502955 343178 162997 159777 153342 58437 53159 38127 33425 94905 87242 9891 68364 9655 151181 77351 45673 191997 178231 45180 133051 31730 75345 57672 42532 54720 30417 10692 132443
cat_boundaries=0 1 2 3 4 5 6 7
cat_threshold=1849451 74984 12976660 136851 6043755 4590114 75945
is_linear=0
shrinkage=0.05


Tree=95
num_leaves=31
num_cat=6
split_feature=0 4 5 13 9 13 1 14 0 1 14 3 14 13 0 14 14 14 7 7 7 2 3 6 1 11 2 5 10 8
split_gain=40.7325 24.8198 17.6514 17.4525 16.5594 16.2963 15.1617 12.2056 12.1283 16.4975 13.3737 12.1193 12.7182 13.4646 11.7144 16.8516 10.8281 10.4122 10.967 10.0714 15.0141 9.93487 9.85133 9.61078 8.90692 12.242 8.8967 8.87374 8.85777 12.9721
threshold=6.8950000000000005 34.045000000000009 34.305000000000007 5.5000000000000009 31.947325956662059 1.5000000000000002 53.235000000000007 0 4.5850000000000009 27.185000000000006 1 43.665000000000006 2 1.5000000000000002 7.4750000000000005 3 4 5 46.500000000000007 49.500000000000007 52.500000000000007 3.8750000000000004 77.100000000000009 40.500000000000007 27.845000000000002 63.21160042964555 3.5050000000000003 35.815000000000005 25.500000000000004 153.50000000000003
decision_type=2 2 2 2 2 2 2 1 2 2 1 2 1 2 2 1 1 1 2 2 2 2 2 2 2 2 2 2 2 2
left_child=1 3 8 4 5 7 17 19 9 16 -11 12 23 -14 15 22 21 -2 -19 -1 26 -3 -8 27 25 28 -21 -4 29 -22
right_child=6 2 11 -5 -6 -7 14 -9 -10 10 -12 -13 13 -15 -16 -17 -18 18 -20 20 24 -23 -24 -25 -26 -27 -28 -29 -30 -31
leaf_value=-0.0079382605440487444 0.011252871321046271 -0.0043588571209842259 0.0094467674184139372 -0.0060702582856582664 -2.8437349278466981e-06 -0.0038446742127331728 0.0060452139598104644 -0.0017185499709311384 0.00035324666035741224 -0.0014282610007721696 -0.030265088059804796 0.0048822442893271065 0.0065147177271616371 0.0010729542976973146 0.0065074574031842441 -0.0029343552565758678 -0.0051567656315918177 -0.014608672628756434 0.0053427100065581877 -0.00049837261226857857 -0.002078665179485694 0.00379696786410595 -0.028664253955747145 -0.005402372654832289 -0.0083019307675448063 0.016517018003518413 0.016846863656709125 -0.0010072973426114959 -0.010464990554591972 0.022288031611200756
leaf_weight=156.18478515651077 901.3042176256422 605.61486046249047 249.89479964433121 1876.3786891426425 15573.333649846958 7801.7343583863694 974.31261146394536 3315.6788671878166 10623.304677213309 81.573713316582143 88.245725634042174 3030.54298526817 1508.1262531171087 4615.7692163327883 998.55110943107866 1655.0564360618591 1607.4200756124337 72.487065138295293 1383.3917699099984 94.920415926724672 181.96894572116435 973.77911118452903 20.880857347976416 1074.1626033829525 183.532963947393 151.46707187965512 334.27452165866271 1081.4926939053112 137.25711293704808 78.047835387289524
leaf_count=770 8244 10788 2843 56807 141465 118748 8494 16172 101957 942 938 27480 10560 57876 9039 14951 23496 726 13178 428 791 11170 178 11454 984 679 1482 12396 591 325
internal_value=-5.84887e-12 -0.000423827 0.000720717 -0.00140197 -0.00108922 -0.00244978 0.00391118 -0.000101011 -0.00047458 -0.00309454 -0.0182795 0.00216624 0.00120123 0.00240916 0.00189201 0.000153015 -0.00228537 0.00703675 0.00431968 0.00395233 0.00558531 0.000665423 0.00526406 -0.00187606 0.00123313 0.00442225 0.0130108 0.000954879 -0.000189074 0.00523535
internal_weight=61430.7 55424.7 25539.9 29884.8 28008.4 12435.1 6005.98 4633.33 13979.9 3356.63 169.819 11560 8529.45 6123.9 3648.8 2650.25 3186.81 2357.18 1455.88 1317.65 1161.47 1579.39 995.193 2405.55 732.274 548.741 429.195 1331.39 397.274 260.017
internal_count=665952 611142 271900 339242 282435 140970 54810 22222 149291 47334 1880 122609 95129 68436 32662 23623 45454 22148 13904 6050 5280 21958 8672 26693 3370 2386 1910 15239 1707 1116
cat_boundaries=0 1 2 3 4 5 6
cat_threshold=5382785 12358085 1323656 5562658 7256108 2372931
is_linear=0
shrinkage=0.05


Tree=96
num_leaves=31
num_cat=8
split_feature=2 13 11 14 4 9 13 0 8 3 14 0 2 11 14 14 3 14 2 5 14 14 10 6 2 8 4 14 0 5
split_gain=38.6444 20.5518 15.2093 13.949 13.0225 11.8283 14.8633 13.2088 12.9819 12.4682 10.9986 10.5673 12.6279 10.4726 10.5792 10.2205 10.8929 10.9485 10.2367 9.92275 15.5143 12.828 9.54354 9.17687 8.90608 9.44891 8.82183 10.0009 16.2172 14.5115
threshold=6.0050000000000008 4.5000000000000009 85.03731343283583 0 31.435000000000006 40.357943625880857 1.5000000000000002 4.7650000000000006 26.500000000000004 23.830000000000002 1 6.5050000000000008 3.7550000000000003 33.060109289617493 2 3 40.055000000000007 4 5.4250000000000007 28.955000000000002 5 6 27.500000000000004 24.500000000000004 6.9850000000000012 226.50000000000003 39.82500000000001 7 5.0650000000000004 34.07500000000001
decision_type=2 2 2 1 2 2 2 2 2 2 1 2 2 2 1 1 2 1 2 2 1 1 2 2 2 2 2 1 2 2
left_child=1 5 4 -3 -2 6 26 10 13 -10 -8 -9 -13 -7 -15 -11 -17 18 -18 20 -6 24 -5 -22 -21 -26 27 -1 29 -29
right_child=2 3 -4 22 19 8 7 11 9 15 -12 12 -14 14 -16 16 17 -19 -20 21 23 -23 -24 -25 25 -27 -28 28 -30 -31
leaf_value=0.0021323695161103357 -0.00018588750142284449 -0.0010750704704442205 0.0080067533018157756 -0.0087570012432982344 -0.0050341125676693563 0.0029403742278659882 -0.0011115646446003544 -0.00040082610606800503 0.0058529028044219961 0.004149611344403034 -0.0048937760937133642 0.01020747318221049 -0.033465474216513545 6.532526128457184e-06 -0.018073637558357721 -0.0032441236696264179 -0.018263971010030928 -0.00097211526520412902 0.013303231026824345 -0.00092230523616813908 0.039470136470146473 0.0046695026112205636 -0.003307300188807229 0.0024243837931538833 0.0082576413339935772 -0.0005290700227203887 0.0038869830539830274 -0.0026074295839315746 -0.0066120492165639734 0.0038206670010364017
leaf_weight=3274.5472937319428 7339.7508301683702 3046.4379324668844 934.57623669807799 1489.212066060194 1019.2996789151803 212.88892490975559 3443.5232163017499 10523.842730057891 1686.1338165358175 1436.5316021631006 4399.988741371897 24.578364491462708 50.683620961382985 140.76686427183449 202.13269321573898 1838.3075046695303 27.989735729061067 540.26925063179806 311.48858611565083 2363.4257739642635 16.891039518639445 5898.7923306943849 1744.3072963848826 1622.1714356606826 681.76733134430833 555.06460271310061 1799.9857684280723 2006.5659381756559 1154.7066266438924 1561.0252492455766
leaf_count=18897 65769 76410 18326 42797 8863 1579 46390 91284 14269 12495 63052 143 335 1168 1675 15671 216 4526 2450 21795 111 50902 45274 13976 5777 4804 10697 9136 9969 7196
internal_value=-4.90349e-12 -0.000886791 0.00177586 -0.00351847 0.00147719 -0.000409631 -0.000849387 -0.00168543 0.00153181 0.00222666 -0.00324093 -0.000534338 -0.0192032 -0.00577027 -0.0111783 0.000754954 -0.00105057 0.0035211 0.0103944 0.00248123 -0.000218989 0.0032369 -0.00579925 0.00278913 0.000874265 0.00431435 0.000724478 1.26387e-05 -0.00145866 0.00020523
internal_weight=61347.7 40915.9 20431.7 6279.96 19497.2 34636 28239.4 18442.6 6396.51 5840.72 7843.51 10599.1 75.262 555.788 342.9 4154.59 2718.06 879.748 339.478 12157.4 2658.36 9499.05 3233.52 1639.06 3600.26 1236.83 9796.83 7996.85 4722.3 3567.59
internal_count=665952 475629 190323 164481 171997 311148 257099 201204 54049 49627 109442 91762 478 4422 2843 35358 22863 7192 2666 106228 22950 83278 88071 14087 32376 10581 55895 45198 26301 16332
cat_boundaries=0 1 2 3 4 5 6 7 8
cat_threshold=1657321 2925334 10622568 8654512 4366408 657095 8643360 12767968
is_linear=0
shrinkage=0.05


Tree=97
num_leaves=31
num_cat=8
split_feature=0 7 1 0 7 13 6 14 2 14 1 1 7 11 14 14 0 2 2 8 9 14 8 14 14 4 0 5 14 7
split_gain=36.7207 19.8389 19.6842 18.3067 17.7277 14.6433 14.2525 12.159 12.0705 12.0373 12.0068 11.1658 11.2112 10.9922 12.8744 10.7359 10.8761 12.2864 10.6318 10.6006 16.8991 10.3003 11.4236 10.0062 9.88167 10.9393 9.8418 9.79224 10.1003 9.33767
threshold=6.3450000000000006 49.500000000000007 44.345000000000006 6.8950000000000005 55.500000000000007 2.5000000000000004 34.500000000000007 0 5.3750000000000009 1 51.440000000000005 53.235000000000007 46.500000000000007 44.862772695285024 2 3 7.4050000000000011 6.535000000000001 6.205000000000001 178.50000000000003 27.654672026669285 4 22.500000000000004 5 6 36.225000000000001 7.4750000000000005 39.715000000000011 7 44.500000000000007
decision_type=2 2 2 2 2 2 2 1 2 1 2 2 2 2 1 1 2 2 2 2 2 1 2 1 1 2 2 2 1 2
left_child=1 -1 29 9 5 7 21 -3 24 -4 -11 12 -5 14 -13 16 -15 -18 -9 -20 -21 -7 -23 -6 -8 -26 -16 -10 -29 -2
right_child=2 4 3 11 23 6 8 18 27 10 -12 13 -14 15 26 -17 17 -19 19 20 -22 22 -24 -25 25 -27 -28 28 -30 -31
leaf_value=-0.0034269217711120556 0.040669097256090338 0.0029094198294432817 -0.0021386683706737519 -0.010207205643354055 -0.004778315722876598 -0.0025140206700060251 -0.0058173324627523622 -0.00051561997618671874 -0.0011902992700018958 0.0033239376257553979 -0.0026723468222340763 0.0035660256666212066 0.0073037008255033928 -0.0041025044497211968 -0.0091310770270689578 0.0071610511046835551 0.02482625878974332 0.0019381216193328631 0.010742416304211286 -0.045040668949301151 0.0020763413753848358 -0.0079751823371144986 0.0031821188249822573 -0.00087496393224609269 -0.0038453685997635739 0.002104867893482468 0.0036129635149159348 -0.0037893221827164873 0.006932023258113428 0.006697104866530957
leaf_weight=5873.866933582176 20.46663874341175 6536.203064576257 3756.52907169424 95.745504241902381 3042.1735306913615 1344.5757448012882 2490.8562111820793 8180.3504212999251 5073.3756531425752 3154.283323940821 1135.3246521938127 693.17252664035186 2016.7366778124124 578.7184688989073 579.68422191217542 1262.0215819824953 76.626650275662541 249.69823269732296 440.23721972294152 19.669656682759523 585.55843781027943 243.87429721211083 3869.7983060501865 3587.34962390695 2085.3786849370226 1226.8745001913048 205.09583849553019 297.76442329073325 792.48361264029518 1729.2775876456872
leaf_count=70262 195 50537 32664 921 36097 23777 43361 61112 55321 29557 10357 5563 18868 5589 4955 11714 649 2536 3871 128 5709 5275 62354 42187 34821 17636 1656 3244 8576 16460
internal_value=-1.55398e-12 -0.000714322 0.00209843 0.00146513 -0.000314151 0.000157393 -0.000841515 0.00126169 -0.00180727 -7.51537e-05 0.00173287 0.00361769 0.00651004 0.00194142 -0.0013834 0.00420897 1.32272e-05 0.00731265 9.10742e-05 0.00483909 0.000545058 0.00127583 0.00251456 -0.00267467 -0.00344384 -0.00163643 -0.00572754 -0.000266437 0.00403268 0.00709447
internal_weight=61243.8 45690.4 15553.4 13803.6 39816.5 33187 17425 15762 11966.7 8046.14 4289.61 5757.5 2112.48 3645.02 1477.95 2167.06 905.043 326.325 9225.82 1045.47 605.228 5458.25 4113.67 6629.52 5803.11 3312.25 784.78 6163.62 1090.25 1749.74
internal_count=665952 524268 141684 125029 454006 375722 254365 121357 162959 72578 39914 52451 19789 32662 12174 20488 8774 3185 70820 9708 5837 91406 67629 78284 95818 52457 6611 67141 11820 16655
cat_boundaries=0 1 2 3 4 5 6 7 8
cat_threshold=10634908 2188631 5515761 920793 9830532 11799213 14847888 6359176
is_linear=0
shrinkage=0.05


Tree=98
num_leaves=31
num_cat=10
split_feature=0 7 4 1 13 0 3 2 5 6 14 14 9 13 0 14 11 1 14 8 14 8 14 14 14 14 5 10 14 4
split_gain=34.4944 18.2847 17.5265 15.8997 16.8803 16.5387 12.8949 13.0202 12.8839 12.6675 24.9229 12.637 11.5141 11.1478 20.7875 14.3476 15.2304 12.9882 11.6733 10.9923 14.6173 10.9537 17.4463 12.5785 10.7167 10.7054 10.0377 9.03217 8.9228 8.87759
threshold=6.3450000000000006 50.500000000000007 34.610000000000007 44.345000000000006 5.5000000000000009 7.2550000000000008 73.780000000000015 7.4450000000000012 26.685000000000006 33.500000000000007 0 1 18.043174947678477 1.5000000000000002 4.785000000000001 2 61.62029459901801 20.705000000000002 3 176.50000000000003 4 90.500000000000014 5 6 7 8 38.045000000000009 53.500000000000007 9 49.245000000000012
decision_type=2 2 2 2 2 2 2 2 2 2 1 1 2 2 2 1 2 2 1 2 1 2 1 1 1 1 2 2 1 2
left_child=1 12 13 -2 5 6 7 -5 19 10 -10 -8 28 15 -15 16 26 -18 -16 21 -21 23 -23 -4 -9 -11 -3 29 -1 -27
right_child=3 2 8 4 -6 -7 11 24 9 25 -12 -13 -14 14 18 -17 17 -19 -20 20 -22 22 -24 -25 -26 27 -28 -29 -30 -31
leaf_value=-0.0018583420120820771 0.0065219636414937032 -0.0010967713730027043 0.0082987214026429487 0.00092969675916750212 -0.0031711314244059225 0.0062991821215270215 0.010857598182863039 0.019105611776348022 0.0090107758394688316 0.0024537853530321447 0.00027468366088367701 -0.018335741405139147 -0.0020901429134756225 -0.0046757022483539844 -0.0028138140049349708 0.0025705058041760251 0.010944900619532003 -0.0086935259467703883 0.00052639872950659692 0.0072486432175629641 -0.003044448504190677 0.00032854775240503638 -0.015228553201740791 -0.0060642318960735372 0.0046040459789080572 -0.001686576702499956 0.010540486120109591 0.018312417402457839 -0.010920725376010047 0.005423977841121798
leaf_weight=460.9830457282078 1751.8288092052098 772.60101487394422 244.85459718137281 8861.1662575071678 1718.6615323298611 1983.2119715602603 44.387277138885111 144.43693666462786 1519.7837047354114 4888.4357970947167 1763.4918389290688 141.16010950063355 6606.4891346691875 4624.3921241689823 4111.4351228482556 3701.6992699427065 92.492079479619861 938.28369240183383 7155.9561825781129 556.48712672758847 873.05539233749732 300.76554925221717 460.45141599688213 369.35261620185338 888.79900459060445 4700.93391054729 243.76362805813551 61.112709785811603 711.51390947011532 484.17452862253413
leaf_count=9648 16655 3570 2598 77095 19350 17899 361 1351 18613 50121 21870 1238 67534 96492 44286 25849 394 8095 74710 5765 9197 3427 5352 4362 7735 49893 1130 903 15682 4777
internal_value=-6.90504e-12 -0.000692637 -0.000239029 0.00203517 0.00146485 0.00212535 0.00130415 0.00154905 0.00100342 0.00164766 0.00434678 -0.011755 -0.00290053 -0.00117043 -0.00185298 0.000716369 -0.00263602 -0.00693136 -0.000694464 -0.00207841 0.000991818 -0.00526943 -0.0092775 -0.00030204 0.0068607 0.000773238 0.00169429 -0.000795859 -0.00746672 -0.00102261
internal_weight=61176.2 45642.5 37863.5 15533.7 13781.8 12063.2 10079.9 9894.4 16222.9 13417.9 3283.28 185.547 7778.99 21640.6 15891.8 5748.84 2047.14 1030.78 11267.4 2804.97 1429.54 1375.42 761.217 614.207 1033.24 10134.7 1016.36 5246.22 1172.5 5185.11
internal_count=665952 524268 431404 141684 125029 105679 87780 86181 176878 146177 40483 1599 92864 254526 215488 39038 13189 8489 118996 30701 14962 15739 8779 6960 9086 105694 4700 55573 25330 54670
cat_boundaries=0 1 2 3 4 5 6 7 8 9 10
cat_threshold=11597329 8564756 2688046 9613409 13774936 3296134 2633961 5505024 9379943 12206228
is_linear=0
shrinkage=0.05


Tree=99
num_leaves=31
num_cat=6
split_feature=9 13 13 2 0 4 14 0 7 0 6 4 0 2 1 11 14 0 1 10 14 14 11 3 6 14 14 6 12 4
split_gain=33.5454 17.3543 16.9413 20.1267 13.0364 12.8008 12.596 12.1998 10.2881 10.217 9.48291 9.49279 9.35725 10.169 9.28867 11.7455 10.8462 9.84994 9.17757 10.0391 10.6272 10.3998 9.11485 8.87967 8.87513 11.8421 8.80461 8.77005 12.5558 9.46262
threshold=37.865862364363231 4.5000000000000009 1.5000000000000002 4.4850000000000012 6.9350000000000014 24.675000000000004 0 1.4350000000000003 55.500000000000007 6.3450000000000006 45.500000000000007 36.010000000000012 6.4750000000000005 6.2250000000000005 65.740000000000023 68.042553191489375 1 6.8950000000000005 51.025000000000013 37.500000000000007 2 3 62.605932203389834 46.405000000000008 21.500000000000004 4 5 53.500000000000007 1.5000000000000002 33.535000000000004
decision_type=2 2 2 2 2 2 1 2 2 2 2 2 2 2 2 2 1 2 2 2 1 1 2 2 2 1 1 2 2 2
left_child=2 4 24 7 8 6 -3 -4 10 -5 11 18 -11 -14 15 -7 -16 -17 -2 20 -20 23 -9 -21 25 -1 -26 29 -29 -28
right_child=1 5 3 9 -6 14 -8 22 -10 12 -12 -13 13 -15 16 17 -18 -19 19 21 -22 -23 -24 -25 26 -27 27 28 -30 -31
leaf_value=-0.0045778354346477706 0.0020561235331023708 0.00049090933052370615 -0.031355004155026699 -0.00085302248181011616 0.0046579091216363442 -4.9152587166602835e-05 -0.011139953655619372 -0.0033898136559314743 -0.0022066437775612618 0.022723471773273721 -0.00041582083206901283 0.0043177545415342671 -0.015967488686512956 0.0077224706191881855 -0.014995510998856749 -0.0088374920356782492 0.025759791653491529 -0.052583208017298003 0.0082119156884816729 -0.0086343476988657904 -0.0052298094927501083 -0.003182901396083208 -0.021783758929682841 -0.036054778510948432 -0.0020927164952429388 0.022011011576343557 0.00025342478225074728 -0.038248885772073006 -0.0020657445373834481 0.004170863471417016
leaf_weight=68.879132114350796 6844.8613184003625 406.69934399425983 39.552199467725586 13265.91035253834 3711.1352326225024 5799.1459757387638 547.82539258990437 9092.1102035505755 1779.8330233034212 79.214031240902841 3700.9344738656655 4440.3032507854514 55.287855903152376 250.72725978586823 17.217505207285285 42.320723788812757 55.980117993429303 18.489546459168196 259.57700468506664 56.353554420173168 313.92721129208803 246.12351955240592 67.852968303486705 62.016989161726087 2537.1787383924238 97.84419881273061 3384.9801103551872 24.55398509465158 1018.1909050410613 2830.528184321709
leaf_count=378 58685 4728 9588 164641 34054 68921 6422 165452 15303 612 32358 37054 453 2022 132 371 332 119 1957 563 2380 2441 684 587 13750 527 19226 133 5404 16675
internal_value=4.72942e-12 0.0012613 -0.00108794 -0.00183809 0.00196346 -0.000921847 -0.00629589 -0.00364572 0.00139864 -0.000619925 0.00180161 0.002473 0.00740713 0.0034424 -5.72711e-05 -0.00027838 0.0176439 -0.0221385 0.00142052 -0.00321763 0.000906124 -0.00970606 -0.00352607 -0.0212088 0.000632719 0.0120719 0.000438018 0.00132372 -0.00291777 0.00203742
internal_weight=61115.6 28302.7 32812.8 22850.7 21415.1 6887.68 954.525 9199.52 17703.9 13651.1 15924.1 12223.2 385.229 306.015 5933.15 5859.96 73.1976 60.8103 7782.86 937.998 573.504 364.494 9159.96 118.371 9962.16 166.723 9795.43 7258.25 1042.74 6215.51
internal_count=665952 266407 399545 343452 185382 81025 11150 175724 151328 167728 136025 103667 3087 2475 69875 69411 464 490 66613 7928 4337 3591 166136 1150 56093 905 55188 41438 5537 35901
cat_boundaries=0 1 2 3 4 5 6
cat_threshold=1656737 5771584 11935868 669190 6343195 1058054
is_linear=0
shrinkage=0.05


Tree=100
num_leaves=31
num_cat=7
split_feature=0 4 9 13 14 14 8 0 1 0 14 7 7 12 14 5 0 4 14 6 3 6 14 5 10 5 5 14 0 6
split_gain=33.4917 19.1742 21.5853 17.6353 22.5155 13.8338 17.049 12.7644 12.359 11.5766 11.2854 16.9726 14.445 10.962 11.1601 10.8117 18.2499 10.041 9.13682 8.74135 8.40961 8.26844 12.0532 9.84384 12.3302 8.09402 17.4237 8.22437 12.827 9.02213
threshold=6.7150000000000007 44.465000000000011 14.313399778516059 3.5000000000000004 0 1 60.500000000000007 4.1650000000000009 48.675000000000004 7.3750000000000009 2 53.500000000000007 48.500000000000007 1.5000000000000002 3 41.965000000000011 5.8750000000000009 23.410000000000004 4 53.500000000000007 52.955000000000005 51.500000000000007 5 34.875000000000007 34.500000000000007 40.920000000000009 40.215000000000011 6 5.4150000000000009 24.500000000000004
decision_type=2 2 2 2 1 1 2 2 2 2 1 2 2 2 1 2 2 2 1 2 2 2 1 2 2 2 2 1 2 2
left_child=1 2 13 10 -5 6 7 -3 18 -10 -4 12 25 20 -15 17 -17 -6 -2 -18 -1 -14 23 -23 -25 26 27 28 29 -12
right_child=8 5 3 4 15 -7 -8 -9 9 -11 11 -13 21 14 -16 16 19 -19 -20 -21 -22 22 -24 24 -26 -27 -28 -29 -30 -31
leaf_value=-0.012780164444152873 0.0010314236531533331 -0.015278791753791616 0.0016781853708188585 -0.0043494405129138793 -0.0054307425423326628 0.0040998151100544679 -0.0048806460853992803 0.016126586035606141 0.00087323550826526948 0.0057756341582621143 0.0065598721872026635 -0.0023439924240576259 0.0018467252159996457 0.00080320937986692951 -0.0072139640928345003 -0.0010662318889362143 0.010332076742903453 -0.0003100981779636072 0.0091112892166663236 0.037254901569772875 0.098700089894351722 -0.0011001793014860368 -0.0042033773268736188 0.023677850759745694 -0.002459450612325859 0.004259282305301944 -0.037048852047213324 -0.0068881798175138773 0.0072172159130069972 -0.008997599429911329
leaf_weight=467.17387921593036 514.65085944207385 39.413247040356509 8636.6772555499338 5897.0112906942377 1107.5999486078508 3569.3081649083761 992.55000618274789 180.65132795646787 5507.0687524583191 1541.2343203118071 123.11916847154498 7688.7412072108127 9888.0428470035549 764.89890287746675 999.87983221653849 618.60074213217013 389.98010230064392 7056.7262646758463 1173.5408055151347 32.675431443378329 1.6978341732174147 257.4540648907423 1342.8043153332546 120.01837177947164 72.305958206765354 313.18781648995355 40.061230194289237 946.63823304325342 351.37091056467034 383.3597104139626
leaf_count=27485 5011 685 72150 96011 17171 37838 9785 1485 49735 14043 957 63895 80852 12535 16974 10838 3731 102386 11239 252 19 1914 11239 820 602 2421 327 7256 3189 3107
internal_value=-1.22012e-12 -0.000478852 -0.000782665 -0.000545897 -0.00194063 0.002539 -0.00207194 0.0105019 0.0028656 0.00194523 0.000152425 -0.000460276 0.000586004 -0.00558092 -0.00377545 -0.000392413 0.00440531 -0.00100478 0.0067082 0.0124135 -0.0123765 0.00128031 -0.00184407 0.00517793 0.0138513 -0.00317254 -0.0044344 -0.00371033 -0.000121854 -0.00521576
internal_weight=61018.4 52281.9 47500 45266.4 15102.6 4781.92 1212.61 220.065 8736.49 7048.3 30163.8 21527.1 13838.4 2233.65 1764.78 9205.58 1041.26 8164.33 1688.19 422.656 468.872 11680.6 1792.58 449.778 192.324 2157.74 1844.55 1804.49 857.85 506.479
internal_count=665952 585924 536131 479118 230389 49793 11955 2170 80028 63778 248729 176579 112684 57013 29509 134378 14821 119557 16250 3983 27504 95427 14575 3336 1422 17257 14836 14509 7253 4064
cat_boundaries=0 1 2 3 4 5 6 7
cat_threshold=10901280 2171042 2557472 11301505 8531016 4202502 10011009
is_linear=0
shrinkage=0.05


Tree=101
num_leaves=31
num_cat=9
split_feature=9 13 13 3 14 8 7 0 7 14 4 14 0 0 6 11 14 1 14 11 14 14 1 9 14 3 14 6 0 0
split_gain=31.3876 15.9779 15.2347 17.4079 12.0441 11.6632 11.5236 11.098 10.6497 10.5779 10.5747 10.3826 9.83599 9.76625 9.88371 10.2502 10.6144 9.65392 11.1551 8.95168 18.8533 9.56553 8.57528 13.7234 14.114 9.75536 12.3981 9.72139 8.50989 8.31728
threshold=37.865862364363231 4.5000000000000009 1.5000000000000002 26.330000000000002 0 197.50000000000003 48.500000000000007 6.9350000000000014 53.500000000000007 1 24.450000000000006 2 6.3450000000000006 1.4350000000000003 52.500000000000007 55.051020408163275 3 65.740000000000023 4 10.827092152393359 5 6 44.045000000000009 47.245900455103673 7 46.690000000000005 8 53.500000000000007 4.9250000000000007 5.0250000000000012
decision_type=2 2 2 2 1 2 2 2 2 1 2 1 2 2 2 2 1 2 1 2 1 1 2 2 1 2 1 2 2 2
left_child=2 7 19 5 12 13 -3 22 10 -10 11 -8 -5 -4 15 -15 -17 -12 -19 20 -1 28 25 -24 -25 -2 27 -27 -21 -28
right_child=1 6 3 4 -6 -7 8 -9 9 -11 17 -13 -14 14 -16 16 -18 18 -20 21 -22 -23 23 24 -26 26 29 -29 -30 -31
leaf_value=-0.010843884608216581 0.0014427303409223248 -0.0079722262726149573 -0.029626993270622355 0.0014619703156116069 -0.0015131297541259112 -0.00078477445230259622 0.010205694852607392 0.0043838122961841934 -0.0069802979104420584 7.5533788993785409e-05 0.0018307273990357039 -0.0081014531094174141 0.015893697409308388 -0.0032104941428699068 -0.0090739808077162833 0.00048008571369969108 -0.028186382020890195 -0.011818848068920534 0.032699256645114354 -0.0015438329775686367 0.019202146426555416 0.00072639726738751398 -0.0017151376249829337 0.0048845349318588924 -0.00064461126327928879 0.0099610413592996216 0.034385035544105651 -0.0083701838085772935 -0.014848592769837052 0.0010814902964961261
leaf_weight=70.258701235055923 6221.1517254291102 528.25656918832101 37.818376280352823 3583.7703494493617 7985.8849049451528 3472.3562815421028 84.676023574080318 3705.032327435445 970.08727375278249 1168.7961264506448 3584.3293646413367 468.65200461260974 122.0871270885691 6540.8472913250152 899.87609665631317 61.683738883584738 73.232528319582343 17.892383717000484 39.618931842967868 338.3030244782567 158.77017857413739 9184.2549613625742 4373.6693207686767 2360.2329007033259 2251.5955289178528 1138.6918377028778 19.040776715613902 77.229797312989831 186.40761443739757 1216.5899158013053
leaf_count=405 53505 6726 9582 41955 98328 51935 961 34054 11892 13715 41869 5501 909 122914 16601 544 684 132 229 1509 822 52338 37296 20047 19649 9563 131 694 1019 10443
internal_value=-7.40434e-12 0.00122166 -0.00105399 -0.00176669 -0.000420727 -0.00318622 -0.000877315 0.00189589 -0.000285604 -0.00315691 0.00117832 -0.00526187 0.0019322 -0.00428148 -0.00415495 -0.00349188 -0.0171337 0.00215681 0.0224799 0.000579487 0.0103499 0.000349008 0.00137388 0.00029138 0.00219428 0.00249542 0.00516676 0.00872497 -0.00615319 0.00158189
internal_weight=60941.1 28225.5 32715.6 22777.6 11691.7 11085.8 6862.31 21363.2 6334.05 2138.88 4195.17 553.328 3705.86 7613.46 7575.64 6675.76 134.916 3641.84 57.5113 9937.99 229.029 9708.97 17658.2 8985.5 4611.83 8672.7 2451.55 1215.92 524.711 1235.63
internal_count=665952 266407 399545 343452 141192 202260 81025 185382 74299 25607 48692 6462 42864 150325 140743 124142 1228 42230 361 56093 1227 54866 151328 76992 39696 74336 20831 10257 2528 10574
cat_boundaries=0 1 2 3 4 5 6 7 8 9
cat_threshold=2113615 11232003 66305 3609874 5837128 4392329 2 11371179 7498133
is_linear=0
shrinkage=0.05


Tree=102
num_leaves=31
num_cat=9
split_feature=9 13 0 13 2 5 14 14 6 5 14 14 8 0 8 11 5 1 14 8 14 1 7 14 6 14 14 4 4 6
split_gain=29.7369 14.4633 14.3601 13.7646 15.6503 13.4701 14.3673 10.9026 10.1757 11.2292 12.519 11.133 9.95134 9.66311 9.30611 8.92807 8.89528 8.72606 8.51594 8.20152 12.3065 8.96623 8.11115 9.91455 9.13851 14.2616 9.72789 9.53407 8.21712 8.00037
threshold=37.865862364363231 5.5000000000000009 7.035000000000001 1.5000000000000002 4.4850000000000012 31.235000000000003 0 1 35.500000000000007 41.845000000000006 2 3 36.500000000000007 1.7350000000000001 299.50000000000006 62.192192192192202 55.050000000000004 52.790000000000006 4 267.50000000000006 5 54.355000000000011 49.500000000000007 6 47.500000000000007 7 8 32.360000000000007 1.0000000180025095e-35 64.500000000000014
decision_type=2 2 2 2 2 2 1 1 2 2 1 1 2 2 2 2 2 2 1 2 1 2 2 1 2 1 1 2 2 2
left_child=3 2 8 22 13 6 -4 -3 11 -10 -11 -2 -9 -5 15 -8 -12 -7 -6 -19 -21 -22 24 28 26 -26 27 -1 -24 -25
right_child=1 7 5 4 18 17 14 12 9 10 16 -13 -14 -15 -16 -17 -18 19 -20 20 21 -23 23 29 25 -27 -28 -29 -30 -31
leaf_value=-0.0037195877653585065 0.0049491432770370257 -0.0067222822209316649 0.0067411461946229774 -0.022372008395435572 0.00065752988378522308 0.011400805323128229 -0.0067011887046646672 -0.013363284212338731 -0.0001454558554451075 -0.00090047789537036217 0.0096199325747425325 0.00089942010717194 0.00082396456675870925 -0.0031669811015887029 -0.044225098017105474 0.0067162875885328766 -0.0054352934148645324 0.0063152065991257363 -0.001843936311989109 -0.017335048097340971 0.026327638437086937 -0.00076525520261554116 -0.012575964308610344 0.00045396961806082 -0.024243007761656457 0.00071241312719571822 -0.0056150448579899218 0.010605081396158072 0.0060326234065496082 -0.028445931873700536
leaf_weight=211.67156498506665 3014.4944136156701 889.41063363943249 482.4352360337507 65.974393089782097 6607.283177810139 692.68545237462968 533.25581260304898 132.23087746812962 13085.182377784979 708.56876775808632 863.34511426929384 3902.156324919546 1894.0774831331801 9068.1556363301352 14.375437614507971 161.53871618770063 110.69191242661327 1409.9847193136811 6998.550455215387 88.786185890901834 37.59883841034025 162.61164664127864 62.333566728979349 7354.9434088510461 109.07150757685304 118.13318859785795 560.4561229236424 257.42251530569047 1228.8523008790798 24.025581644847989
leaf_count=1344 25067 12888 4366 14823 78441 6465 3890 1947 117478 6280 7645 34879 26696 160901 127 2414 1008 12606 89287 836 290 1525 399 40870 569 620 3209 1537 7382 163
internal_value=-9.36988e-12 0.00118999 0.00157475 -0.00102667 -0.00170479 0.004507 0.00016391 -0.0021444 0.00109021 0.000348956 0.00419387 0.00267287 -0.000101353 -0.0033057 -0.00434426 -0.00358165 0.00782865 0.00667087 -0.000630043 0.00474245 -0.00293088 0.00411706 0.000526744 0.00107089 -0.00322724 -0.0123033 -0.0012243 0.00405485 0.00509481 0.000359386
internal_weight=60850.3 28183.4 25267.7 32666.9 22740 3583.27 1191.61 2915.72 21684.4 14767.8 1682.61 6916.65 2026.31 9134.13 709.17 694.795 974.037 2391.67 13605.8 1698.98 288.997 200.21 9926.91 8670.15 1256.75 227.205 1029.55 469.094 1291.19 7378.97
internal_count=665952 266407 224876 399545 343452 32519 10797 41531 192357 132411 14933 59946 28643 175724 6431 6304 8653 21722 167728 15257 2651 1815 56093 48814 7279 1189 6090 2881 7781 41033
cat_boundaries=0 1 2 3 4 5 6 7 8 9
cat_threshold=9982254 14689301 7095178 1060755 2679375 656553 12718080 2268082 3065264
is_linear=0
shrinkage=0.05


Tree=103
num_leaves=31
num_cat=9
split_feature=0 9 4 5 14 2 14 14 6 14 1 0 8 14 2 1 12 14 9 14 3 8 3 14 2 4 9 13 8 14
split_gain=29.7384 17.4371 15.1955 14.3755 16.6709 12.7517 14.2582 11.9947 11.6672 12.3575 10.696 13.4668 10.9902 10.5687 16.8983 10.1039 9.56367 9.23381 9.00676 9.95904 8.98244 8.70657 8.67625 9.21229 9.87007 12.3577 8.36922 9.42032 9.41446 8.99306
threshold=6.7150000000000007 14.313399778516059 26.330000000000002 37.635000000000012 0 7.4450000000000012 1 2 35.500000000000007 3 20.890000000000004 5.3150000000000004 136.50000000000003 4 4.6750000000000007 49.385000000000012 1.5000000000000002 5 51.262021053908931 6 52.955000000000005 231.50000000000003 54.57500000000001 7 4.5050000000000008 37.805000000000007 45.073090055484435 2.5000000000000004 292.50000000000006 8
decision_type=2 2 2 2 1 2 1 1 2 1 2 2 2 1 2 2 2 1 2 1 2 2 2 1 2 2 2 2 2 1
left_child=1 16 7 8 26 15 -7 -3 9 10 -4 12 -12 14 -10 17 20 -2 -15 -20 -1 -8 23 -18 -25 -26 27 29 -28 -5
right_child=5 2 3 4 -6 6 21 -9 13 -11 11 -13 -14 18 -16 -17 22 -19 19 -21 -22 -23 -24 24 25 -27 28 -29 -30 -31
leaf_value=-0.011216904547909292 8.7800792990168437e-05 -0.0045132001378806359 0.0064928506248582768 0.0093869556444193605 0.00020381519375232442 0.012226603793628938 0.0066390870754078346 -0.00077176055656431462 -0.0033803036166923195 0.002038055373102953 -0.015126180297607848 0.00020307656719062477 -0.003784179080784357 -0.0021876003687096419 0.0019597062172065647 0.00065463291414097704 0.00097761232561200426 0.0083626451265005741 -0.0067619873523853471 0.010043704990491087 0.089864503743711799 -0.0016174718128305029 -0.036246249750916185 -0.0089778400408259251 -0.0049407745253910286 0.018937624329055644 0.010744413471462063 0.00073055581189824127 -0.016866495635739102 0.0015982966692953519
leaf_weight=496.29654268434388 540.09029457927682 3231.8154694557888 314.94486362952739 884.52697335882112 6330.2224391575437 654.15628866478801 760.55612306925468 6356.8433598652482 2067.3072839218657 7432.8947692243382 334.88338047894649 1156.0361271451693 589.65235862787813 12279.854329702677 5228.1331156985834 5282.7965080947615 914.03184081590734 918.22799300774932 117.85630798665807 294.74547893588897 2.2075942400842896 550.32918829936534 19.420818719081581 732.39271417481359 174.42175267846324 78.600662109674886 644.38632486853749 1691.9172901761485 32.426205760799348 659.31481425091624
leaf_count=29632 5281 34905 3962 6399 68142 5944 6954 69812 24523 77022 3536 10956 6381 129281 53406 47883 14944 8723 974 2542 19 5243 173 13984 2046 751 5573 21751 296 4914
internal_value=9.06488e-12 -0.000452292 -0.000250383 0.000177579 0.00179361 0.00270483 0.00624904 -0.00203831 -0.000377575 0.00103291 -0.00208571 -0.0033943 -0.00789245 -0.00107113 0.000445898 0.00167169 -0.00459908 0.00535599 -0.00194192 0.00532283 -0.0107693 0.00314884 -0.00299612 -0.00265616 -0.00597597 0.00247698 0.00435411 0.00330763 0.00942157 0.00613188
internal_weight=60771.3 52065.1 49647.8 40059.1 10242.8 8706.16 1965.04 9588.66 29816.3 9828.41 2395.52 2080.57 924.536 19987.9 7295.44 6741.11 2417.37 1458.32 12692.5 412.602 498.504 1310.89 1918.87 1899.45 985.415 253.022 3912.57 3235.76 676.813 1543.84
internal_count=665952 585924 524375 419658 107075 80028 18141 104717 312583 101857 24835 20873 9917 210726 77929 61887 61549 14004 132797 3516 29651 12197 31898 31725 16781 2797 38933 33064 5869 11313
cat_boundaries=0 1 2 3 4 5 6 7 8 9
cat_threshold=174247 5542146 10498850 655558 9310316 2256136 4218881 11334273 131238
is_linear=0
shrinkage=0.05


Tree=104
num_leaves=31
num_cat=9
split_feature=2 13 7 11 14 7 7 14 4 7 4 14 14 9 7 6 14 4 8 14 5 14 9 14 4 9 6 5 14 1
split_gain=27.6368 16.4381 13.7092 13.7574 11.608 10.8397 11.713 10.5439 10.4792 10.351 10.3507 10.105 10.0619 11.0786 9.77826 9.56988 13.6556 13.0037 12.4592 11.5807 10.8303 10.7018 9.78209 9.56533 11.2038 11.1361 9.55156 9.28286 11.494 9.24597
threshold=6.0050000000000008 4.5000000000000009 47.500000000000007 85.03731343283583 0 56.500000000000007 50.500000000000007 1 27.215000000000003 48.500000000000007 41.615000000000002 2 3 70.710784313725512 50.500000000000007 50.500000000000007 4 39.82500000000001 209.50000000000003 5 35.010000000000012 6 46.935091726221181 7 52.895000000000003 18.654783079421549 34.500000000000007 29.175000000000004 8 50.815000000000005
decision_type=2 2 2 2 1 2 2 1 2 2 2 1 1 2 2 2 1 2 2 1 2 1 2 1 2 2 2 2 1 2
left_child=1 5 7 8 -3 6 23 -2 11 -6 -11 -4 13 14 -10 17 18 19 20 26 -17 -19 29 24 25 -1 -8 28 -14 -21
right_child=2 4 3 -5 9 -7 15 -9 12 10 -12 -13 27 -15 -16 16 -18 21 -20 22 -22 -23 -24 -25 -26 -27 -28 -29 -30 -31
leaf_value=-0.007261952792307529 0.0029510622359900773 -0.0066521649508294494 0.0018978986889538734 0.0079818943501747952 -0.0089553716015015831 -0.0032140954521155335 0.00090385452352145204 -0.006392026737551338 0.013575705662295479 -0.002112742990577936 0.0046831922805496869 -0.003418020791518742 -0.0073452522471803604 0.037724698594901518 0.0034995555212747153 -0.004593015801002286 -0.0044534756447368023 0.0059879855518580839 0.0058911648407062797 0.0009522097780101862 0.0035766589321044617 0.00086428899941282111 0.0062971347187543618 -0.0037709446242351675 0.02545428750795899 0.0014831201531824089 -0.0030584368145001239 0.0022025052471316567 0.00060422061671128223 -0.017340427757484341
leaf_weight=446.57149000605568 445.06331256171688 1685.9981527932396 1711.2577717183158 874.18247891240753 453.57273517918657 2966.8319402806228 2577.4918309415225 910.34116386901587 259.82188451476395 3397.9427410143544 670.91359012736939 1852.2601459920406 583.05737198283896 24.87273330707103 3284.5702978668269 1082.6659106705338 2226.8345947915222 2015.2588422074914 839.30175646999851 9295.0521883636247 648.75224314676598 2077.3341532262275 891.59921324602328 3414.2885970639763 43.552302129566669 1969.7474633082747 3710.5747030037455 8360.7558622816578 1948.2882107156329 69.595211176201701
leaf_count=5424 4356 48101 15073 17457 13655 28041 23790 8675 2206 88148 14577 16813 4920 136 28246 9495 21172 17187 6936 86116 5785 17608 7677 31671 346 16272 33039 75113 17328 589
internal_value=5.46312e-12 -0.0007544 0.00150787 0.00185623 -0.00312171 -0.000325601 -5.18844e-05 -0.0033495 0.00155914 -0.00178687 -0.000992161 -0.000869498 0.0021576 0.00445905 0.00423819 0.00041288 -0.00159864 0.000880507 0.000888174 0.000256261 -0.00153189 0.00340402 0.00129147 -0.00206426 0.000318634 -0.000133099 -0.00143201 0.00139805 -0.00125345 0.000816264
internal_weight=60738.4 40483.9 20254.5 18899.1 6208.43 34275.5 31308.6 1355.4 18024.9 4522.43 4068.86 3563.52 14461.4 3569.26 3544.39 25434.5 4797.55 20636.9 2570.72 16544.3 1731.42 4092.59 10256.2 5874.16 2459.87 2416.32 6288.07 10892.1 2531.35 9364.65
internal_count=665952 475629 190323 177292 164481 311148 283107 13031 159835 116380 102725 31886 127949 30588 30452 229394 43388 186006 22216 151211 15280 34795 94382 53713 22042 21696 56829 97361 22248 86705
cat_boundaries=0 1 2 3 4 5 6 7 8 9
cat_threshold=10912258 1077956 7427603 4489478 6500911 5576711 10766813 11111939 1105
is_linear=0
shrinkage=0.05


Tree=105
num_leaves=31
num_cat=7
split_feature=0 13 6 4 9 3 4 4 14 8 14 14 2 7 14 13 11 0 11 11 7 3 14 14 14 5 3 0 4 12
split_gain=26.4966 16.7142 15.5822 12.476 12.5235 12.0527 11.3067 10.3741 10.3675 10.14 15.3846 9.91164 9.8726 9.78621 10.7802 9.54999 9.37668 9.27928 13.619 11.1374 11.0149 9.25199 9.80666 8.93166 8.92556 9.47356 12.0427 10.3359 9.57981 8.7674
threshold=6.7250000000000005 5.5000000000000009 46.500000000000007 45.170000000000009 23.441238038277515 65.925000000000011 35.245000000000012 16.725000000000005 0 205.50000000000003 1 2 7.3650000000000011 54.500000000000007 3 1.5000000000000002 56.118955926401377 4.4050000000000011 37.617924528301891 46.73758865248228 57.500000000000007 20.600000000000005 4 5 6 35.095000000000006 17.255000000000003 4.8250000000000011 53.875000000000007 2.5000000000000004
decision_type=2 2 2 2 2 2 2 2 1 2 1 1 2 2 1 2 2 2 2 2 2 2 1 1 1 2 2 2 2 2
left_child=1 2 3 4 13 -6 11 -4 -5 24 -11 -2 -8 21 15 17 -13 18 -15 -20 -21 -1 -23 -14 25 26 -9 -28 -27 -26
right_child=6 -3 7 8 5 -7 12 9 -10 10 -12 16 23 14 -16 -17 -18 -19 19 20 -22 22 -24 -25 29 28 27 -29 -30 -31
leaf_value=-0.0023953958840745252 -0.0034389578737745092 -0.0039016453713035179 -0.0068439330316524124 0.0074971046842674405 0.00070368621380486978 -0.007491613755664768 0.0031531336006988147 -0.011902167928643473 0.0012591714624200579 -0.0042622802773980301 0.0023798036491605055 0.00064509933047919858 0.01416004590640154 0.021027160466835584 -0.0086508289056640569 -0.0053558348484087871 0.0061029861440831364 0.021502076334555382 -0.03041689606815963 0.010398620740702833 -0.021910821828196772 -0.0053974046348818465 0.0037156353770926315 0.0041893273506484014 -0.0049819314753724933 0.0031108653670737438 0.0048942958627849606 -0.0044808892573160583 0.040681492405229273 -0.00049739475071870006
leaf_weight=3224.7723083812743 983.0296697281301 3236.2180723233323 904.32741721067578 1024.9558517445112 25813.262226280058 456.57173072663136 2638.1532219862565 277.29482902027667 1908.0847568845493 1179.6194174468983 3255.5337636505719 2837.1853779489174 448.24635747773573 62.684048173949122 944.15925657289336 424.0462820113753 1088.9835865159985 75.204816482961178 37.23362011089921 88.032371299341321 37.665814977139235 355.7967360796174 1545.9087089663371 498.08941311459057 3535.3404369831551 1010.0542323780246 527.2249476807192 664.55071151233278 17.256678581237793 1575.5948406988755
leaf_count=49347 9122 98837 9207 9333 237143 4052 23892 3129 17994 11093 31455 23144 4052 312 12559 8524 13285 323 164 361 159 3991 15998 4709 37959 9876 5431 5871 149 14481
internal_value=-3.67381e-12 -0.000421551 -0.00019145 0.000343569 6.63396e-05 0.000561251 0.00258982 -0.00167906 0.00346888 -0.00129121 0.000608962 0.00103099 0.00472474 -0.00184687 -0.00517228 -0.000514922 0.00215344 0.00629186 0.00122182 -0.0063978 0.000717005 -0.000764223 0.0020018 0.00910601 -0.00239902 5.84018e-05 -0.0025171 -0.000333438 0.00374197 -0.00359241
internal_weight=60675.1 52181.4 48945.2 35998.4 33065.3 26269.8 8493.69 12946.8 2933.04 12042.5 4435.15 4909.2 3584.49 6795.5 1669.03 724.867 3926.17 300.821 225.616 162.932 125.698 5126.48 1901.71 946.336 7607.32 2496.38 1469.07 1191.78 1027.31 5110.94
internal_count=665952 587748 488911 360260 332933 241195 78204 128651 27327 119444 42548 45551 32653 91738 22402 9843 36429 1319 996 684 520 69336 19989 8761 76896 24456 14431 11302 10025 52440
cat_boundaries=0 1 2 3 4 5 6 7
cat_threshold=8522509 35602 655448 16385299 14685184 6074631 238102
is_linear=0
shrinkage=0.05


Tree=106
num_leaves=31
num_cat=6
split_feature=0 13 1 0 14 9 14 5 8 1 7 14 5 14 10 9 4 5 4 1 6 14 0 3 10 11 6 13 1 14
split_gain=24.5351 15.3677 14.7288 13.7069 12.3679 11.5522 10.1774 11.0158 10.4555 9.90167 9.37608 9.09111 8.7222 12.8403 8.6914 9.95789 9.61318 9.37258 8.714 8.62901 8.60958 8.58222 10.8128 9.13034 8.16787 11.4814 9.14018 7.98671 7.96518 10.8503
threshold=6.3450000000000006 2.5000000000000004 45.550000000000004 6.8950000000000005 0 26.430144745122721 1 32.765000000000008 195.50000000000003 53.235000000000007 46.500000000000007 2 11.830000000000002 3 8.5000000000000018 31.29043028254247 52.895000000000003 33.270000000000003 30.440000000000001 51.440000000000005 36.500000000000007 4 7.4750000000000005 77.100000000000009 3.5000000000000004 28.436657681940705 32.500000000000007 5.5000000000000009 34.025000000000013 5
decision_type=2 2 2 2 1 2 1 2 2 2 2 1 2 1 2 2 2 2 2 2 2 1 2 2 2 2 2 2 2 1
left_child=1 6 -2 4 20 28 7 8 -1 10 11 -5 13 -8 17 18 -17 -9 -16 -6 -4 23 -23 -11 25 -7 -26 -27 -3 -30
right_child=2 5 3 9 19 24 12 14 -10 21 -12 -13 -14 -15 15 16 -18 -19 -20 -21 -22 22 -24 -25 26 27 -28 -29 29 -31
leaf_value=-0.0021012296588663873 0.0051617625693477151 -0.0035906129326877044 0.00045908246312289922 0.0082474141054793663 0.0023530453559376364 0.0032512970380841745 0.014413230622384129 -0.018256123732882611 0.0027356058336807151 0.0066412575497412614 0.0064927201461687442 -0.021039012954139968 -0.0009377058822635896 -0.00020704210744424323 -0.0039905950658021523 0.0044662980559861528 0.029159209905918072 0.0091041750946285385 0.0023140129991707711 -0.0022123511314478257 -0.0058883992071079461 -0.0020004858724014087 0.0050009151920295258 -0.023854557467898167 0.0016069871674398786 -0.0070783742057283217 -0.001195668024989875 -0.025006181863551386 -0.0076398707397781753 0.017676674825408561
leaf_weight=2830.8369846362621 2591.8087800142821 6142.9694205714623 861.85781299439259 41.111998606473207 3475.1775184101425 271.04234838369302 223.20540235098451 32.645894875749946 1845.7604302491527 827.90057968813926 1890.0715345954522 53.358247119467705 11250.882684226613 430.24808168597519 831.06734012300149 1870.9826268972829 40.263277178630233 759.77596693322994 1609.5529292365536 1474.012762498809 1405.2682078718208 1977.7015733891167 764.6740750093013 25.293918093666434 3792.0337793978397 577.97012771782465 12493.653584275162 69.60465311515145 66.776645231060684 92.930736187845469
leaf_count=21675 24729 154904 7770 385 31846 4036 1559 235 15492 7568 17752 519 85370 3330 5920 17322 365 5486 11288 13097 12924 17890 6978 226 42861 5334 145791 1456 812 1032
internal_value=1.02462e-11 -0.000586712 0.00172458 0.00102841 -0.000410583 -0.00147271 0.000371952 0.00156249 -0.000192226 0.00288935 0.00572437 -0.00964804 -0.000611022 0.00500432 0.00316072 0.00228373 0.00498649 0.007977 0.000167201 0.000991335 -0.00346011 0.00132458 -4.80653e-05 0.00567071 -0.000801829 -0.00538897 -0.000543085 -0.00900535 -0.00330401 0.0077198
internal_weight=60620.4 45232.2 15388.2 12796.4 7216.32 23507 21725.2 9820.89 4676.6 5580.11 1984.54 94.4702 11904.3 653.453 5144.29 4351.87 1911.25 792.422 2440.62 4949.19 2267.13 3595.57 2742.38 853.194 17204.3 918.617 16285.7 647.575 6302.68 159.707
internal_count=665952 524268 141684 116955 65637 356226 168042 77783 37167 51318 18656 904 90259 4889 40616 34895 17687 5721 17208 44943 20694 32662 24868 7794 199478 10826 188652 6790 156748 1844
cat_boundaries=0 1 2 3 4 5 6
cat_threshold=288069 12797844 13911234 1056872 1335584 1670150
is_linear=0
shrinkage=0.05


Tree=107
num_leaves=31
num_cat=8
split_feature=2 13 0 11 5 14 14 6 14 7 1 3 5 14 0 14 4 5 9 14 10 9 11 6 14 1 2 14 5 11
split_gain=23.5172 15.3419 16.9767 12.4965 11.251 10.2247 9.91905 8.9351 10.0942 11.0198 10.6553 10.5918 9.70374 16.8845 14.3423 11.1646 9.778 9.37051 13.5666 13.9738 8.71403 9.60049 9.58909 8.44351 10.6537 8.17436 8.78479 8.51098 7.8862 11.8428
threshold=5.7750000000000012 1.5000000000000002 5.1550000000000011 82.392686804451515 41.845000000000006 0 1 38.500000000000007 2 49.500000000000007 35.195000000000007 69.310000000000016 30.365000000000006 3 6.4850000000000012 4 50.105000000000011 31.265000000000004 48.364824717765906 5 48.500000000000007 19.250081594737768 46.225071225071233 26.500000000000004 6 48.830000000000005 6.3550000000000013 7 30.125000000000004 38.266583229036307
decision_type=2 2 2 2 2 1 1 2 1 2 2 2 2 1 2 1 2 2 2 1 2 2 2 2 1 2 2 1 2 2
left_child=1 -1 20 4 7 -5 -6 8 9 10 -2 -11 13 16 17 -16 -9 18 19 -14 21 -3 23 24 -23 -19 -27 -28 -15 -30
right_child=3 2 -4 5 6 -7 -8 12 -10 11 -12 -13 14 28 15 -17 -18 25 -20 -21 -22 22 -24 -25 -26 26 27 -29 29 -31
leaf_value=0.00086702935245026804 -0.035271150685659856 -0.0052708688692066899 -0.00013171286032831231 0.00043205588778789114 0.0073067387292425614 0.0092618456800262639 0.0012280372802946577 0.0018242735559853354 0.002524724420607007 0.0005500834965384495 -0.0068511166695209005 -0.020735554571513236 0.014055421599384596 -0.0047116674041380192 0.0065801138067197373 0.00040395797623087395 -0.017944001676261971 -0.0014146250665363885 0.035579927627627954 -0.0057248637224641772 0.0056267950294969444 0.0067423726450888373 -0.0084191509058008859 -0.0023278255837509889 -0.0022823380941584229 0.0010808498304255073 -3.9459282759450765e-05 -0.030707699698315195 -0.0012141214246329654 -0.03944554451565898
leaf_weight=9924.7682423715014 41.470927922986448 3162.9471046097751 12756.24547773134 550.09455379913561 1203.6768436571583 832.426333343843 1533.3999521723017 1827.0285431896336 7193.0744847923052 1505.4017886477523 161.09264953015372 60.804036175832152 151.77589735947549 2167.9409544991795 1401.9978711653966 1534.591629261151 64.77122854301706 3617.7832378407475 35.844533297233284 191.83246678346768 308.93041126831667 612.22409345838241 568.65104817645624 8191.4808555712225 683.66686418675818 72.768578241579235 42.505924005992711 64.794603337533772 39.951691891998053 41.088475107215345
leaf_count=63384 420 84136 123566 9992 10229 17060 13907 16650 62837 13780 1561 545 1358 19454 11691 12757 547 34644 260 1933 12139 8728 5225 126851 10037 645 373 535 366 342
internal_value=-1.45032e-11 -0.00080787 -0.0014403 0.001202 0.000923937 0.00581866 0.00393243 0.000516623 0.00169459 -0.00168605 -0.0126696 -0.000276278 -0.000421368 -0.00234573 0.000698741 0.00337639 0.00114142 -0.00118361 0.00630832 0.00325477 -0.00267425 -0.00286825 -0.00211255 -0.00173454 0.00201567 -0.00193214 -0.0123297 -0.0214243 -0.00526073 -0.020598
internal_weight=60545 36208.9 26284.1 24336.1 22953.6 1382.52 2737.08 20216.5 8961.84 1768.77 202.564 1566.21 11254.7 4140.78 7113.89 2936.59 1891.8 4177.31 379.453 343.608 13527.9 13219 10056 9487.37 1295.89 3797.85 180.069 107.301 2248.98 81.0402
internal_count=665952 434066 370682 231886 204834 27052 24136 180698 79143 16306 1981 14325 101555 37359 64196 24448 17197 39748 3551 3291 247116 234977 150841 145616 18765 36197 1553 908 20162 708
cat_boundaries=0 1 2 3 4 5 6 7 8
cat_threshold=2368575 5473415 13238273 14969996 5610051 1204815 2156371 2524112
is_linear=0
shrinkage=0.05


Tree=108
num_leaves=31
num_cat=7
split_feature=2 13 7 11 7 14 11 11 14 9 0 0 4 14 2 0 14 7 9 4 7 14 9 6 14 8 3 8 14 6
split_gain=22.4652 14.5338 12.0744 11.5366 11.1579 11.2786 9.7929 9.66612 13.0221 10.5261 10.5223 9.79277 9.38747 10.3312 9.72891 11.1255 9.24003 8.86972 8.82353 8.76435 9.45803 8.80244 9.65161 8.75269 13.5914 12.0077 8.79947 8.63183 8.95991 8.6288
threshold=6.0050000000000008 4.5000000000000009 47.500000000000007 85.03731343283583 48.500000000000007 0 99.242424242424264 79.205974842767304 1 27.122075070335555 5.0850000000000009 7.2350000000000012 27.215000000000003 2 7.4250000000000007 6.035000000000001 3 57.500000000000007 27.654672026669285 52.895000000000003 50.500000000000007 4 18.043174947678477 50.500000000000007 5 205.50000000000003 26.330000000000002 194.50000000000003 6 37.500000000000007
decision_type=2 2 2 2 2 1 2 2 1 2 2 2 2 1 2 2 1 2 2 2 2 1 2 2 1 2 2 2 1 2
left_child=1 6 18 12 -3 -6 7 11 10 -10 -9 17 -4 14 -14 -16 -8 19 -2 20 21 22 -1 -22 -25 -26 -27 -19 -29 -7
right_child=2 4 3 -5 5 29 16 8 9 -11 -12 -13 13 -15 15 -17 -18 27 -20 -21 23 -23 -24 24 25 26 -28 28 -30 -31
leaf_value=-0.0072643503667723878 -0.023198372324190589 -0.0091920633071393108 -0.00088434278636627818 0.0073371017983381408 -0.005267901758806046 0.0021807735324001769 -0.015869784359570923 0.0222397850042996 -0.026147956153012478 0.00070962443246224468 0.0060651012265228923 0.010933917000235882 0.0032087198598973778 0.0012157453383656958 -0.021036801599701945 0.012004990093577647 -0.0013432721510859898 -0.0071002551283735867 -0.0023910672836857916 0.0053951546843587104 0.00052359484262887277 -0.0037619042195622789 0.0019330084404248803 -0.0059304351180164867 -0.0023294510886951148 0.0099525612181410941 0.00075873753992841588 -0.0080433656118915637 0.0047637147349365878 -0.0027416098750402094
leaf_weight=342.92941307998262 53.038201505318284 635.29202383558732 3551.8544985482004 862.74705874826759 1929.4358518123045 1614.4761123874632 183.08377054566517 128.6088156439364 39.102924862876534 544.20526193152182 460.85118851182051 191.4542694920674 2996.3120964898262 10859.230425871909 26.765698780771345 528.74417719384655 272.29968316247687 940.25996772688814 1294.5896843345836 679.02721043559723 19969.494742442854 3445.1033144036774 1695.6527639548294 1425.5272866101004 2075.421855075052 407.43675050511956 720.47625082964078 193.37803446268663 406.07870634272695 1984.8637453159317
leaf_count=4365 497 19615 31886 17457 53783 44122 1601 797 232 7547 7625 1348 26105 97361 266 4217 2113 9471 12534 5585 177467 31893 13633 13570 19038 3521 5981 1836 3525 46961
internal_value=-3.73999e-12 -0.000682055 0.00136201 0.00168929 -0.00291647 -0.00219536 -0.000278393 -0.000179875 0.00427967 -0.00107243 0.00943406 -0.000340837 0.00141803 0.00198549 0.0043233 0.010413 -0.00756155 -0.000407665 -0.00320997 -0.000222295 -0.000349095 -0.00222683 0.000383949 6.95055e-05 -0.00188949 -7.24799e-05 0.00407983 -0.00411105 0.000577584 -0.000532207
internal_weight=60457.7 40284.5 20173.3 18825.7 6164.07 5528.78 34120.4 33665 1172.77 583.308 589.46 32492.2 17962.9 14411.1 3551.82 555.51 455.383 32300.8 1347.63 30761.1 30082 5483.69 2038.58 24598.4 4628.86 3203.33 1127.91 1539.72 599.457 3599.34
internal_count=665952 475629 190323 177292 164481 144866 311148 307434 16201 7779 8422 291233 159835 127949 30588 4483 3714 289885 13031 275053 269468 49891 17998 219577 42110 28540 9502 14832 5361 91083
cat_boundaries=0 1 2 3 4 5 6 7
cat_threshold=10916358 10123728 4489478 7684268 2723331 1838288 13802752
is_linear=0
shrinkage=0.05


Tree=109
num_leaves=31
num_cat=8
split_feature=2 4 8 5 14 4 11 7 1 6 13 11 14 14 9 13 14 9 14 9 4 14 13 9 9 14 2 6 5 14
split_gain=21.4402 13.3104 14.0654 15.6149 13.4112 12.4418 12.0694 11.6772 10.7131 10.0695 12.4021 11.2663 9.96529 9.90304 9.82577 9.56365 9.49808 9.53832 9.26765 8.89504 8.69027 8.60034 8.58466 8.42648 8.37678 16.0921 9.36556 8.02071 11.2907 7.77197
threshold=6.3650000000000011 27.935000000000006 208.50000000000003 27.725000000000005 0 36.645000000000003 48.435972629521025 50.500000000000007 18.685000000000006 44.500000000000007 5.5000000000000009 28.436657681940705 1 2 52.846814860553678 3.5000000000000004 3 53.498971193415649 4 30.637068011314724 60.085000000000008 5 3.5000000000000004 34.556898675700651 46.935091726221181 6 6.1150000000000011 37.500000000000007 16.735000000000003 7
decision_type=2 2 2 2 1 2 2 2 2 2 2 2 1 1 2 2 1 2 1 2 2 1 2 2 2 1 2 2 2 1
left_child=1 4 3 24 7 22 18 13 -6 10 20 29 -8 -1 19 -10 23 -18 -4 -15 -5 -19 -2 -7 -3 26 -26 28 -9 -12
right_child=5 2 6 9 8 16 12 27 15 -11 11 -13 -14 14 -16 -17 17 21 -20 -21 -22 -23 -24 -25 25 -27 -28 -29 -30 -31
leaf_value=-0.017221909340724505 0.0019702522076491084 -0.0040734365460008129 -0.002322612231019123 0.00094044794113101586 -0.006140902320965696 0.032573945969856404 -0.00068351020614741405 0.0071042092267474422 0.0018663896176379622 -0.0018826949239474017 0.0024512688829249206 -0.021947868025731055 0.0053038953665894058 -0.010866434454640769 -0.053795382337229358 -0.0026794885566212199 0.0018714809141363168 0.0126227448742716 0.0013302443535941663 0.0035265393007320508 0.017324183790221794 0.0016348785057526882 -0.0010611559271849931 0.0083080046807594843 -0.01750225182830227 0.010418446447216845 0.017440710908956641 -0.0047580394208611536 -0.0024378789704528345 -0.0087264191010992358
leaf_weight=270.68123835977167 5191.1711040104274 4136.4975000527338 2407.3947360855527 11649.631396655197 717.03703939513071 38.435168143361807 943.4264277224429 389.86190046358388 3526.2368463829625 5618.2117321833503 300.96490512182936 93.476634272839874 2662.8811732924078 217.72544922615634 10.045478814281521 1721.9816492246464 3738.1420064934064 424.00012494716793 6155.3131362511776 211.74295010091737 81.50328859849833 323.4325796244666 4245.4812422564719 517.10203515575267 107.06576207652688 265.26518516242504 23.359635466709733 2591.507146130316 1513.5588606091333 307.93539687653538
leaf_count=3358 48148 51060 28067 121811 14836 323 7698 4649 30335 63529 12934 1562 23655 3387 89 28067 34263 3635 67516 2103 779 3032 41117 4769 906 2358 205 29274 18248 14239
internal_value=-5.19894e-13 -0.000528928 -4.63276e-05 -0.000784706 -0.00203038 0.00167775 0.00132399 -0.00388182 -0.000407673 -0.000125934 0.000667877 -0.00578577 0.00375037 -0.00984722 -0.00480426 0.000374851 0.00368318 0.00289602 0.000302089 -0.00377019 0.00105428 0.00805878 0.000606444 0.00981027 -0.0034086 0.00354154 -0.0104431 -0.00294792 -0.000483452 -0.00330461
internal_weight=60401.1 45923.3 34752.9 22583.9 11170.4 14477.8 12169 5205.12 5965.26 18051.7 12433.5 702.377 3606.31 710.195 439.514 5248.22 5041.11 4485.57 8562.71 429.468 11731.1 747.433 9436.65 555.537 4532.19 395.691 130.425 4494.93 1903.42 608.9
internal_count=665952 530665 396319 269383 134346 135287 126936 61108 73238 214854 151325 28735 31353 8937 5579 58402 46022 40930 95583 5490 122590 6667 89265 5092 54529 3469 1111 52171 22897 27173
cat_boundaries=0 1 2 3 4 5 6 7 8
cat_threshold=10564458 172051 78080 524548 3605008 13661235 5318678 4309483
is_linear=0
shrinkage=0.05


Tree=110
num_leaves=31
num_cat=11
split_feature=7 7 2 13 4 6 1 14 0 14 13 14 4 14 4 14 13 0 14 14 13 10 14 14 0 14 0 2 14 2
split_gain=19.6668 22.8238 18.4553 16.4929 14.5106 13.4689 12.7768 15.3508 11.1971 16.5572 11.0078 10.3619 10.1111 9.85878 9.71956 11.1581 10.409 9.33754 9.22647 9.07652 8.66867 9.60467 10.7287 10.3155 8.46991 8.38471 10.7337 8.23466 7.75566 7.47901
threshold=49.500000000000007 54.500000000000007 6.9250000000000007 2.5000000000000004 42.890000000000008 34.500000000000007 22.010000000000002 0 5.9150000000000009 1 5.5000000000000009 2 22.195000000000004 3 24.675000000000004 4 3.5000000000000004 7.3750000000000009 5 6 4.5000000000000009 34.500000000000007 7 8 4.5650000000000004 9 7.7750000000000012 6.035000000000001 10 6.3650000000000011
decision_type=2 2 2 2 2 2 2 1 2 1 2 1 2 1 2 1 2 2 1 1 2 2 1 1 2 1 2 2 1 2
left_child=14 2 3 11 8 13 7 24 9 12 -8 29 -4 -5 15 -1 28 -13 -12 -18 21 22 -10 -23 27 26 -7 -3 -16 -2
right_child=1 6 4 5 -6 25 10 -9 20 -11 18 17 -14 -15 16 -17 19 -19 -20 -21 -22 23 -24 -25 -26 -27 -28 -29 -30 -31
leaf_value=0.0046439180523401265 0.0025362824248166809 -0.0097248803864191467 -0.029710547121208287 0.003372437731102366 0.01033091730503162 -0.003444783242839802 -0.00030083719144843461 -0.0017639629031440025 0.0010151887453774091 -0.013849490046276978 -0.0011562282594516965 0.00034773401719906654 0.014342617156744959 -0.00059704670341564989 0.0027730693627114186 -0.010107344036262718 -0.0011128627764510923 0.018197521389759636 -0.012383628490701839 -0.0077585803311674036 -0.0002476978208212994 0.0074043495790704949 0.010059845714661713 -0.0010837884276947676 -0.032708376674845878 -0.00053160349749402564 0.031151173916899463 0.031598380188361024 -0.0018609641856167976 0.0077139379227980287
leaf_weight=154.1733149276115 6395.0504704334307 810.72654508581036 14.789471480064092 3188.2446106660936 701.78772361716256 4111.5897625079378 9750.8926826822571 1559.8985156077542 478.73662356473505 222.0663564694114 392.73756472556852 8279.7142130669672 109.18226771336049 3061.5392314078927 1342.1477763701696 697.34831394813955 979.52417480395525 73.920768252806738 348.82076095766388 1101.9057366856141 1232.0059694740921 541.59591031656601 1119.9180885755923 1017.5979198792484 39.867017508950084 9069.575797076046 22.543010408058763 12.237796403467653 2708.4413495117333 782.83559001749381
leaf_count=1949 50785 14112 167 45322 6289 54813 91729 24556 4025 2089 8305 68019 1082 47179 11663 8551 17158 940 8307 19962 12268 5278 8927 9993 500 110573 143 123 22708 8437
internal_value=-2.96782e-12 0.000326679 0.000911312 0.000490116 0.00362121 -0.000479914 -0.00150314 -0.00477592 0.00262693 -0.00603241 -0.000747451 0.00170509 0.00840891 0.00143237 -0.00249506 -0.0075007 -0.00179995 0.000505081 -0.00662006 -0.00467372 0.00330952 0.00469733 0.00742059 0.00190516 -0.0100839 -0.00138507 -0.00324828 -0.00911039 -0.000323242 0.00309665
internal_weight=60321.4 53337.9 40422.7 34985 5437.68 19453.5 12915.2 2422.73 4735.89 346.038 10492.5 15531.5 123.972 6249.78 6983.54 851.522 6132.02 8353.63 741.558 2081.43 4389.85 3157.85 1598.65 1559.19 862.831 13203.7 4134.13 822.964 4050.59 7177.89
internal_count=665952 583961 436329 386211 50118 258030 147632 39291 43829 3338 108341 128181 1249 92501 81991 10500 71491 68959 16612 37120 40491 28223 12952 15271 14735 165529 54956 14235 34371 59222
cat_boundaries=0 1 2 3 4 5 6 7 8 9 10 11
cat_threshold=1317608 10918929 12764076 3169403 1310726 850156 12653021 1218632 6690840 14844800 2725504
is_linear=0
shrinkage=0.05


Tree=111
num_leaves=31
num_cat=5
split_feature=9 13 2 7 7 14 2 14 8 11 14 6 12 7 6 11 9 5 1 2 8 4 11 0 6 8 14 14 3 4
split_gain=18.9826 14.4329 17.0147 11.6761 10.1164 14.0091 10.8293 12.7612 8.65215 9.20892 8.48637 10.9148 15.2573 9.90377 9.66321 12.0639 9.81909 8.94931 8.88719 8.79962 10.2259 9.5764 10.1597 8.48521 8.56663 14.0056 17.7391 8.44 8.10638 8.06498
threshold=40.357943625880857 1.5000000000000002 4.4850000000000012 48.500000000000007 54.500000000000007 0 7.3850000000000007 1 267.50000000000006 45.867486338797818 2 53.500000000000007 1.5000000000000002 47.500000000000007 33.500000000000007 13.182720953326713 7.7108881456707552 36.215000000000011 39.095000000000006 2.8850000000000002 18.500000000000004 21.805000000000003 40.946348733233989 1.5850000000000002 27.500000000000004 113.50000000000001 3 4 25.940000000000001 45.745000000000012
decision_type=2 2 2 2 2 1 2 1 2 2 1 2 2 2 2 2 2 2 2 2 2 2 2 2 2 2 1 1 2 2
left_child=1 10 23 -2 6 -6 -5 -8 -9 -10 14 13 -13 -12 16 -16 -1 -14 19 -18 -21 -22 -23 -3 25 -25 -27 28 -4 -28
right_child=3 2 27 4 5 -7 7 8 9 -11 11 12 17 -15 15 -17 18 -19 -20 20 21 22 -24 24 -26 26 29 -29 -30 -31
leaf_value=-0.016320640168901054 -0.0026274848438434025 -0.02421299706449654 -0.0041024985250762364 0.0014652130084124087 -0.0055171075871913071 0.0010306395674745806 0.00031172451641703195 0.0096791909028268956 -0.010647612388730817 0.0096690529118625204 -0.0040075893033855196 -0.049110602778028478 -0.0058631533936972452 0.0036647833092693554 0.022847839271640389 -0.0026618089758940499 -0.0025077624577711788 0.0055257358385271491 -0.015898156217405628 -0.019280337762315455 -0.0060880351917384484 0.022871756492242826 0.0074833460112087059 -0.0056498716272713467 -0.003961403892026422 -0.0048512380699179836 0.0037983525096022294 -0.00091225565964221016 0.0030847548765287336 0.017954917201879417
leaf_weight=64.355108532123268 1926.5457957910839 47.038320579245919 462.17504548584111 15426.692817788338 1133.5553938499652 2853.7874371747021 877.25883237319067 1227.2282477014232 117.61342366971076 106.08300069184043 462.65960939135402 17.75490334071219 543.1783642321825 4628.0191202112474 47.043926293030381 3127.3585299549159 325.62556743994355 252.75624254811555 55.459065556991845 35.444515751674771 104.75315231643617 128.34323204122484 652.88669459614903 983.91311276081251 6411.7697880300693 697.71184917603387 1255.8286925104912 13555.064681969932 2595.6928357330617 109.36863863689359
leaf_count=456 18706 12269 6227 144907 10858 27002 8059 11470 1023 1091 2993 101 3105 29602 216 19100 1534 1473 751 174 543 525 3740 23796 105128 13986 23832 162989 28628 1668
internal_value=-1.90871e-11 -0.000714152 -0.00134237 0.00110324 0.00143382 -0.000842061 0.00194493 0.00512356 0.00797577 -0.00101289 0.000856665 0.00210445 -0.00326909 0.00296749 -0.000768598 -0.00228376 0.00274459 -0.00224651 0.00368657 0.00455754 0.00705437 0.00810791 0.0100114 -0.00302947 -0.00292412 -0.000741256 0.00159993 -0.000377044 0.00199194 0.0048966
internal_weight=60233 36564.2 26118.6 23668.8 21742.2 3987.34 17754.9 2328.18 1450.92 223.696 10445.6 5904.37 813.69 5090.68 4541.27 3174.4 1366.87 795.935 1302.51 1247.05 921.428 885.983 781.23 9505.63 9458.59 3046.82 2062.91 16612.9 3057.87 1365.2
internal_count=665952 442836 378523 223116 204410 37860 166550 21643 13584 2114 64313 37274 4679 32595 27039 19316 7723 4578 7267 6516 4982 4808 4265 180679 168410 63282 39486 197844 34855 25500
cat_boundaries=0 1 2 3 4 5
cat_threshold=133781 681576 3188022 4870340 16454
is_linear=0
shrinkage=0.05


Tree=112
num_leaves=31
num_cat=7
split_feature=12 5 14 7 11 0 6 8 14 2 11 14 9 14 1 9 0 14 14 8 14 6 0 3 1 2 10 2 13 1
split_gain=18.3043 11.9365 19.0619 11.8084 10.233 10.1404 13.5307 11.3409 11.5847 10.787 10.0509 9.8343 10.0351 9.75422 8.94755 10.6449 13.9661 14.2783 11.584 12.0944 10.5238 10.1911 9.82597 9.2782 8.92745 8.74458 8.91175 10.9539 11.6741 8.5213
threshold=3.5000000000000004 41.845000000000006 0 46.500000000000007 46.73758865248228 2.8950000000000005 29.500000000000004 115.50000000000001 1 4.4450000000000012 80.673457838143761 2 8.7778568041725951 3 42.405000000000008 47.081002016529872 5.8950000000000005 4 5 50.500000000000007 6 26.500000000000004 7.2350000000000012 27.205000000000002 54.660000000000004 5.8850000000000007 8.5000000000000018 3.6750000000000003 1.5000000000000002 58.995000000000012
decision_type=2 2 1 2 2 2 2 2 1 2 2 1 2 1 2 2 2 1 1 2 1 2 2 2 2 2 2 2 2 2
left_child=1 5 4 13 -3 -1 7 8 -7 11 25 -8 -13 -2 15 16 18 23 21 -20 -17 -5 -16 -18 -24 26 27 -10 -29 -11
right_child=3 2 -4 14 -6 6 9 -9 10 29 -12 12 -14 -15 22 20 17 -19 19 -21 -22 -23 24 -25 -26 -27 -28 28 -30 -31
leaf_value=-0.0080086392565965458 0.0021470998018104305 0.0031164574200275362 -0.00087376630736320053 -0.037253925741220516 0.010784872809905442 0.0017352198940572255 -0.0050437930579181152 0.0023437141214328878 -0.0084812446632389002 -0.00071564301619745025 -0.02653150190014518 -0.018558370923414374 -0.0011822583708080492 -0.0097721338642484008 0.00050153197149743788 0.0019854878325683998 0.01675366794228143 0.0097363024012849225 0.012642261111837564 -0.0083051801996387471 0.019841595733876012 0.009969267195909931 0.0087689589723785096 -0.0012192599755680498 0.002001882088073744 0.009518362429415457 -0.009759186238150315 0.022922456831649785 -0.00057943847355856242 0.016382710189652133
leaf_weight=489.03233944371459 288.4787920974195 1431.44182821305 2876.8710300567909 12.0476350733079 624.98796088201925 1185.5559104380663 3037.1688482654281 5452.6037380471826 224.93921402632259 21242.233468557941 52.995282685384154 84.455846907105297 5143.6026265734108 413.26823326293379 11382.116962716216 158.77877458371222 79.899749579373747 942.87030706973746 78.680666931439191 554.71374055743217 190.07707000616938 220.99516743188724 706.08802828146145 708.94270363077521 1573.4557957329089 104.68674807436764 583.8598985588178 76.995206453837454 168.42316374601796 73.118870883714408
leaf_count=30296 2887 18476 34191 134 4407 13742 36579 61888 2677 224737 493 1181 62816 4074 105901 1544 767 9200 749 5745 1772 2054 6859 6927 14384 873 7581 359 2088 571
internal_value=6.13964e-13 -0.000554298 0.00175927 0.0013722 0.00542067 -0.00085529 -0.000761831 0.00108354 -0.00178251 -0.00125155 -0.00519522 -0.00278489 -0.00146017 -0.00498095 0.00164063 0.00413934 0.0030382 0.00563122 -0.00214437 -0.00561443 0.0123402 0.00721823 0.00110162 0.000593644 0.00409798 -0.00426436 -0.00563303 -0.000511177 0.00679382 -0.00065699
internal_weight=60163.4 42853 4933.3 17310.4 2056.43 37919.7 37430.6 7850.06 2397.46 29580.6 1211.9 8265.23 5228.06 701.747 16608.7 2947.01 2598.15 1731.71 866.437 633.394 348.856 233.043 13661.7 788.842 2279.54 1158.9 1054.22 470.358 245.418 21315.4
internal_count=665952 502955 57074 162997 22883 445881 415585 89701 27813 325884 14071 100576 63997 6961 156036 28892 25576 16894 8682 6494 3316 2188 127144 7694 21243 13578 12705 5124 2447 225308
cat_boundaries=0 1 2 3 4 5 6 7
cat_threshold=4295078 7502417 8686343 8786657 5549624 271634 10036877
is_linear=0
shrinkage=0.05


Tree=113
num_leaves=31
num_cat=4
split_feature=4 7 0 13 9 13 0 14 14 10 6 11 5 6 7 2 1 8 5 1 14 8 14 5 5 8 8 7 3 13
split_gain=18.0316 18.7718 16.2403 14.4492 15.2262 10.5474 11.3258 10.1396 10.0035 9.93285 9.54005 9.46472 18.561 9.29553 8.97182 8.89424 9.53501 8.78931 9.28186 8.58085 11.7985 12.9076 9.62937 9.62711 10.1778 8.84026 9.64982 9.16318 8.51697 11.0179
threshold=44.465000000000011 48.500000000000007 6.1050000000000013 1.5000000000000002 26.430144745122721 5.5000000000000009 7.6050000000000013 0 1 49.500000000000007 24.500000000000004 42.98029556650247 26.685000000000006 51.500000000000007 55.500000000000007 9.0050000000000008 36.390000000000008 36.500000000000007 26.48 20.890000000000004 2 193.50000000000003 3 34.135000000000012 31.590000000000003 203.50000000000003 130.50000000000003 53.500000000000007 41.645000000000003 1.5000000000000002
decision_type=2 2 2 2 2 2 2 1 1 2 2 2 2 2 2 2 2 2 2 2 1 2 1 2 2 2 2 2 2 2
left_child=1 -1 3 8 9 6 15 28 10 14 -3 12 -10 -7 -5 16 -4 -9 -19 20 21 -14 23 24 -21 26 -22 -28 29 -2
right_child=7 2 5 4 -6 13 -8 17 11 -11 -12 -13 19 -15 -16 -17 -18 18 -20 22 25 -23 -24 -25 -26 -27 27 -29 -30 -31
leaf_value=-0.0030985750816640094 0.010708301758535361 0.015891291402102752 0.017502119163241282 -0.0025781198049347359 -0.00041171598599457543 -0.0032188901468360406 0.0087625675369921094 0.0095925075589552086 -0.0091431656437652165 0.0091774508647580379 0.0029956443476974099 -0.00079969975642905857 0.0068723587402153875 0.0096831384402914587 -0.0070993006445235918 -0.025165296481288332 0.0014356494504331229 -0.0060707106524008434 0.0013185452269549932 0.004552368515103709 -0.0089626396002240923 0.038637395464730162 0.021247451784769559 0.014528231794929273 -0.034687037330990607 -0.031909666978431929 -0.0023755109232789385 0.026658461577732231 0.0090946064795768677 0.00086747641239371266
leaf_weight=5320.0485988831206 362.18996191071346 152.78556245239452 92.960712699685246 5896.8446424801368 16246.425207650987 1756.5265520983376 555.29973097820766 257.02811848261626 207.8127408977598 159.94561512884684 2339.2128169517964 5443.1298307524994 212.21500486880541 151.65734315291047 1348.1391688588774 31.243441846687347 13976.451379900565 523.41749868827173 2259.872057387809 45.196314845234156 153.02040586713701 37.655297545716166 179.32837483845651 94.82825206592679 26.050102014094591 25.072113569825888 61.555529064498842 48.655369649641216 859.81579293892719 1324.8120441795327
leaf_count=62641 2850 928 827 117204 178960 22519 5139 2574 1041 7898 16032 36293 993 1520 28852 276 124320 5480 22857 202 733 153 792 404 116 121 328 232 7906 15761
internal_value=-1.75141e-11 -0.000277027 2.78102e-05 -0.000618673 -0.0012682 0.0013032 0.00175846 0.00270535 0.00108322 -0.00314733 0.00377115 5.23045e-05 0.00430202 -0.00219347 -0.00341942 0.00148263 0.00154181 0.000743454 -7.10572e-05 0.00746426 0.00351682 0.0112107 0.0136148 0.00386107 -0.00979489 -0.00342154 -0.000838104 0.0104423 0.00502475 0.00298025
internal_weight=60149.2 54562.1 49242 32677.9 23651.4 16564.1 14656 5587.14 9026.52 7404.93 2492 6534.52 1091.39 1908.18 7244.98 14100.7 14069.4 3040.32 2783.29 883.577 538.174 249.87 345.403 166.075 71.2464 288.303 263.231 110.211 2546.82 1687
internal_count=665952 608524 545883 391282 332914 154601 130562 57428 58368 153954 16960 41408 5115 24039 146056 125423 125147 30911 28337 4074 2560 1146 1514 722 318 1414 1293 560 26517 18611
cat_boundaries=0 1 2 3 4
cat_threshold=9849625 12783808 2900486 2122510
is_linear=0
shrinkage=0.05


Tree=114
num_leaves=31
num_cat=7
split_feature=0 13 14 6 14 9 1 4 14 14 4 13 14 9 14 2 8 14 1 8 1 10 6 9 11 1 10 8 5 4
split_gain=17.6902 14.4318 19.6835 12.1769 11.6355 11.1538 9.98694 8.97891 8.78351 8.57023 8.41685 8.19744 10.0708 8.65863 8.1767 7.97812 7.92171 8.27974 9.80053 8.25682 7.64374 7.58253 7.52378 9.66994 7.71099 7.66796 7.47771 7.32352 7.11215 15.6665
threshold=6.7250000000000005 3.5000000000000004 0 53.500000000000007 1 48.03321528040437 48.675000000000004 38.685000000000009 2 3 33.82500000000001 1.5000000000000002 4 22.920783926218711 5 4.6750000000000007 209.50000000000003 6 46.605000000000011 266.50000000000006 52.07500000000001 25.500000000000004 35.500000000000007 53.498971193415649 57.947368421052637 1.0000000180025095e-35 62.500000000000007 247.50000000000003 39.165000000000006 30.020000000000003
decision_type=2 2 1 2 1 2 2 2 1 1 2 2 1 2 1 2 2 1 2 2 2 2 2 2 2 2 2 2 2 2
left_child=1 3 15 5 20 9 8 -8 -2 28 -11 12 -12 -13 -7 -3 -6 19 -19 27 -5 -14 25 24 26 -4 -24 -18 -1 -30
right_child=6 2 22 4 16 14 7 -9 -10 10 11 13 21 -15 -16 -17 17 18 -20 -21 -22 -23 23 -25 -26 -27 -28 -29 29 -31
leaf_value=-0.0016861407540685351 0.001639915015868514 -0.0021992669257506091 -0.028095252998815996 -0.0064064759264913958 -0.0024786739335017224 0.00057385497185223492 0.00022130497393330962 0.0043681109249132039 0.0091305321014599952 -6.5480756880832697e-05 0.009782408880613257 -0.0031319036570032592 0.00012427538711919903 0.0018181111481307454 0.0067579048881853858 0.0011823926111755047 -0.000189656783356429 0.011620473552798338 -0.016048693786043424 0.013157241663915015 -0.047335594163669559 0.0057650576217917896 -0.0044722402262473912 0.0086240806723976281 -0.023544849967461381 -0.00096768623816284062 0.047192931966056506 -0.016759182072918263 -0.0047462652312462265 0.005368779978091192
leaf_weight=7115.7380850745831 748.90329207153991 2460.0153299665253 26.272555057192221 1083.0994904600084 1752.6315715801902 974.73476687958464 5053.7054257852724 1759.9844354465604 848.12906021787785 10728.621860830113 617.43379008350894 1073.7848832122982 1337.0431147483177 4983.6654121340252 1200.0024684756063 5993.5002439746168 227.67855361569673 340.61048609716818 35.322338625323027 77.271892406977713 11.528677211608736 1074.583394189598 5502.4340132530779 141.99809614615515 53.138445410877466 3067.1175620313152 7.0123885730281463 94.310017347335815 581.53712506988086 1120.1714147543535
leaf_count=56573 7501 61720 7312 9678 14506 8753 46894 15669 8140 93564 5549 13753 8384 38668 10646 74715 1693 2989 315 588 123 10717 92672 1346 501 58567 221 712 4656 8827
internal_value=7.0678e-13 -0.000346082 -0.00152645 0.000245357 -0.00249683 0.000567794 0.00212656 0.00129243 0.00568536 0.000305598 0.000882433 0.00200263 0.00412637 0.000940638 0.00401988 0.000198078 -0.000614731 0.00359152 0.00878696 -0.0014833 -0.00677564 0.00262683 -0.00318007 -0.0042604 -0.00458931 -0.00119808 -0.00440648 -0.00504285 -0.000990582 0.00191209
internal_weight=60092 51681.3 17251.5 34429.8 3622.45 30807.3 8410.72 6813.69 1597.03 28632.6 19815.1 9086.51 3029.06 6057.45 2174.74 8453.52 2527.82 775.193 375.933 399.26 1094.63 2411.63 8797.97 5704.58 5562.58 3093.39 5509.45 321.989 8817.45 1701.71
internal_count=665952 587748 297054 290694 30604 260090 78204 62563 15641 240691 170635 77071 24650 52421 19399 136435 20803 6297 3304 2993 9801 19101 160619 94740 93394 65879 92893 2405 70056 13483
cat_boundaries=0 1 2 3 4 5 6 7
cat_threshold=1679567 1608400 9137240 5275663 8525824 7401749 74795
is_linear=0
shrinkage=0.05


Tree=115
num_leaves=31
num_cat=9
split_feature=2 12 11 7 9 14 13 9 14 14 2 14 11 1 7 4 14 5 14 6 2 14 8 6 8 13 6 11 14 14
split_gain=17.8565 12.8168 11.4875 11.3189 11.1248 15.126 11.0349 11.1321 11.7512 10.5514 10.0739 10.0432 11.5846 9.35431 9.15014 10.5716 10.4473 10.2852 10.0568 9.53432 9.13789 8.87682 8.69522 9.82783 8.50079 8.46941 8.33188 8.85337 12.3279 11.5291
threshold=5.6650000000000009 1.5000000000000002 82.392686804451515 50.500000000000007 35.053448472629064 0 1.5000000000000002 24.274650653796513 1 2 1.175 3 58.411949685534601 20.525000000000002 55.500000000000007 44.465000000000011 4 41.965000000000011 5 25.500000000000004 5.7150000000000007 6 271.50000000000006 50.500000000000007 293.50000000000006 4.5000000000000009 48.500000000000007 32.392686804451522 7 8
decision_type=2 2 2 2 2 1 2 2 1 1 2 1 2 2 2 2 1 2 1 2 2 1 2 2 2 2 2 2 1 1
left_child=1 4 14 -3 9 -6 11 -8 24 10 -1 12 -5 -14 15 17 -16 25 19 -19 -20 -17 -10 -24 -9 26 -2 28 -28 -29
right_child=2 3 -4 6 5 -7 7 8 22 -11 -12 -13 13 -15 16 21 -18 18 20 -21 -22 -23 23 -25 -26 -27 27 29 -30 -31
leaf_value=-0.019658986335913949 0.0015213103086358986 -0.002636416416364409 0.005321680399632267 0.0025543288731527634 -0.014683060952150743 0.023612436725880367 -0.0027532145668267439 0.0011448780112354945 -0.0011279721997500128 -0.010640431317075838 0.0034506341774694065 0.0028433527640430866 0.0065303132929386181 -0.0052878681609224041 -0.007387058396228368 0.0081988724126265781 -0.00013190904224014109 0.038815261473376911 -0.022476554562326709 0.0074861841320042078 0.0020421269045532348 0.0015695562626556984 -0.013277152025559203 0.0084731405410571059 0.01690420141259269 -0.0016069833977442058 -0.0061535646860351595 -0.0074271886115766933 0.0086618510658483198 0.00041599559184919162
leaf_weight=55.775554078893038 10855.447318985825 5508.8950121770613 1443.7257246874506 1314.9586855126545 34.162577732466161 59.880034604342654 5242.5048040192341 7309.393826791551 6685.4096631978173 734.13785489772272 305.20486212940887 4822.9468850174453 191.02104161866009 1356.1482740864158 677.98456241888925 888.2148012407124 1792.592920914758 25.076752030290663 39.038922294043005 768.97542730066925 1428.9001283973921 1190.9882572265342 281.56612101942301 63.68227614229545 86.584187895525247 4392.5549054235453 207.97554306965321 899.42928552255034 393.65802447963506 972.35193360969424
leaf_count=4440 85551 62456 28242 6131 354 574 102697 80554 78452 26227 7105 30334 868 11033 6212 7490 16632 200 398 6832 12840 10301 2828 676 759 55195 1914 7239 3455 7963
internal_value=-1.08244e-11 -0.000753196 0.000987339 -0.000568672 -0.00585261 0.0106504 -0.000152247 -0.000779978 -6.29227e-05 -0.0072698 -0.000116827 0.00145436 -0.00089302 -0.00382874 0.000732273 0.0010554 -0.00215333 0.000702362 0.00387737 0.00837017 0.00138066 0.00444852 -0.00152539 -0.00926523 0.00132758 0.000297098 0.000924592 -0.00169432 0.00358208 -0.00339027
internal_weight=60029.2 34052.3 25976.9 32863.1 1189.16 94.0426 27354.2 19669.1 14426.6 1095.12 360.98 7685.07 2862.13 1547.17 24533.2 22062.6 2470.58 19983.4 2261.99 794.052 1467.94 2079.2 7030.66 345.248 7395.98 17721.4 13328.9 2473.41 601.634 1871.78
internal_count=665952 415488 250464 376788 38700 928 314332 265966 163269 37772 11545 48366 18032 11901 222222 199378 22844 181587 20270 7032 13238 17791 81956 3504 81313 161317 106122 20571 5369 15202
cat_boundaries=0 1 2 3 4 5 6 7 8 9
cat_threshold=9053781 1598970 10617095 3720230 264761 5440197 5524268 11412548 5636955
is_linear=0
shrinkage=0.05


Tree=116
num_leaves=31
num_cat=7
split_feature=9 0 13 12 13 4 7 2 8 14 14 4 11 11 2 1 14 7 10 0 14 0 14 14 14 5 11 7 2 8
split_gain=17.3901 12.0987 11.995 11.6749 10.786 10.5451 9.94306 9.34668 11.1073 10.82 9.63318 9.53058 9.32749 10.0328 9.05259 9.03128 10.1587 9.00827 8.8436 11.3987 17.15 11.1772 12.5489 10.9846 10.8934 12.6211 10.0394 9.12681 8.77494 9.54243
threshold=36.887067395264118 6.3350000000000009 4.5000000000000009 1.5000000000000002 1.5000000000000002 35.595000000000006 55.500000000000007 4.8350000000000009 74.500000000000014 0 1 48.790000000000006 66.369047619047635 51.961538461538474 7.9850000000000012 41.125000000000007 2 46.500000000000007 10.500000000000002 4.245000000000001 3 5.1350000000000007 4 5 6 35.155000000000008 57.019704433497544 48.500000000000007 7.4250000000000007 241.50000000000003
decision_type=2 2 2 2 2 2 2 2 2 1 1 2 2 2 2 2 1 2 2 2 1 2 1 1 1 2 2 2 2 2
left_child=1 3 6 7 18 -6 28 8 -1 -9 11 -10 13 17 -7 -3 -17 -4 19 20 26 24 -23 -20 -21 -26 27 -5 -2 -30
right_child=2 15 12 4 5 14 -8 9 10 -11 -12 -13 -14 -15 -16 16 -18 -19 23 21 -22 22 -24 -25 25 -27 -28 -29 29 -31
leaf_value=-0.014992241982178659 0.001442617246357537 0.023022971695232222 -0.0094211047168302701 -0.010475980450865816 -0.0023148780548961317 0.00011232075542325735 -0.0018085168008923425 0.01042544843171817 -0.013769111681265676 -0.0085791707551260109 0.0018231691503535386 0.036459939841777339 -0.015802937567326703 0.011923594373656766 -0.046538078119980043 -0.0056560576362278681 0.01174463003905757 -0.0005988803027628985 -0.0048999646092364978 0.0024001241820915658 -0.0088772095766416082 -0.012566372277867109 0.0073890129640787373 0.00066921845391974171 0.0081699460857299813 0.024155197872668916 -0.0062342815062810496 0.014969232032158025 0.0075170161901368859 0.00010898656601317654
leaf_weight=363.68126131242025 18215.182374573196 78.342463286127895 302.89278761669993 41.273356193676591 12186.205466428422 7685.5069734131685 2131.5675943163224 160.25282921257894 227.82167892271536 124.50233175558969 330.09143364743795 9.852264372748321 103.85522722732276 153.74072564393282 10.413341633975504 145.30910341255367 177.37963006971404 6471.9826333853416 1022.2727819662541 335.44579699169844 357.59629608690739 130.60625002812594 169.69421864487231 6213.7085154745728 312.60326339118183 204.1026447955519 115.75320386327803 241.11380196083337 1272.3223963908385 660.3045709321741
leaf_count=16886 159767 766 4125 207 186378 104281 18749 1737 8345 1421 10431 299 860 1100 107 1316 1556 79828 5149 1600 1711 965 1482 35224 1461 940 534 1063 11472 6192
internal_value=-1.34152e-11 -0.000832835 0.000870671 -0.000947241 -0.000746149 -0.0013998 0.00143894 -0.00574658 -0.00817013 0.00218097 -0.00380024 -0.0112151 -0.000929631 -0.00070669 4.91982e-05 0.00779476 0.00409766 -0.000993306 0.000675077 0.00370304 -0.0010691 0.00683244 -0.00146236 -0.000123422 0.00975555 0.0142092 0.00601575 0.0112502 0.0017825 0.00498598
internal_weight=59955.4 30643.5 29311.8 30242.5 29026.3 19882.1 22279.4 1216.2 931.447 284.755 567.765 237.674 7032.47 6928.62 7695.92 401.031 322.689 6774.88 9144.17 1908.19 755.737 1152.45 300.3 7235.98 852.152 516.706 398.14 282.387 20147.8 1932.63
internal_count=665952 383859 282093 380221 341102 290766 196180 39119 35961 3158 19075 8644 85913 85053 104388 3638 2872 83953 50336 9963 3515 6448 2447 40373 4001 2401 1804 1270 177431 17664
cat_boundaries=0 1 2 3 4 5 6 7
cat_threshold=2586778 6415530 8468080 4630182 1093262 9218 4509804
is_linear=0
shrinkage=0.05


Tree=117
num_leaves=31
num_cat=7
split_feature=0 4 9 13 14 14 4 6 14 7 14 6 5 5 3 14 7 2 14 9 9 14 5 5 10 3 6 0 0 2
split_gain=17.423 13.6985 13.7709 11.925 16.7887 10.9244 10.1608 9.50889 15.0093 9.69812 8.44097 11.9557 10.962 10.4981 11.4056 9.48703 8.79451 8.33989 8.32656 7.83941 8.91864 8.60156 7.62364 8.56659 10.0343 8.42515 8.03861 7.52082 8.3687 7.31011
threshold=6.7250000000000005 44.465000000000011 14.313399778516059 3.5000000000000004 0 1 24.045000000000005 23.500000000000004 2 54.500000000000007 3 65.500000000000014 35.010000000000012 22.625000000000004 52.395000000000003 4 56.500000000000007 7.4450000000000012 5 40.500896057347681 41.229419703103922 6 28.855000000000004 29.275000000000002 31.500000000000004 61.135000000000005 54.500000000000007 1.0000000180025095e-35 1.5850000000000002 2.8850000000000002
decision_type=2 2 2 2 1 1 2 2 1 2 1 2 2 2 2 1 2 2 1 2 2 1 2 2 2 2 2 2 2 2
left_child=1 2 27 7 -5 -3 -6 8 9 29 12 19 13 14 15 -9 -15 -2 -19 -12 21 -21 25 24 -24 -7 -25 -1 -29 -4
right_child=17 5 3 4 6 22 -8 10 -10 -11 11 -13 -14 16 -16 -17 -18 18 -20 20 -22 -23 23 26 -26 -27 -28 28 -30 -31
leaf_value=0.036534303382283882 0.0012564452210372442 -0.00064162870518148221 -0.008258850124874097 -0.0036771408976865091 -0.0042386963194245147 -0.00085882060477499272 0.0004670181887653351 0.0061304326426159846 0.0094745908168473239 -0.024461447953884795 0.00010342424421934858 -0.034348858475558949 0.00086132988653341068 -0.0025486441359639771 0.018777891418900367 -0.0026978073567660603 -0.0095424868042489445 0.0097146075365064574 0.0026419108232211179 -0.0007966344369969001 0.0018944243191027742 0.01542922929487626 0.045817937987057411 0.0063303971569414813 -0.0079883645548606622 0.034101207184008053 -0.0054947028324127765 -0.028416828914751086 -0.0043002689787984471 0.0046744624778633564
leaf_weight=11.109862275799967 6469.5986260303762 1957.8154308993253 167.04302314622328 5770.7649812856689 1346.5578316209139 735.1392417846364 7746.1350651489338 466.88128566648811 662.19046924076974 43.451148129999638 11877.534038448473 24.263308767229319 4748.4898185632192 5559.1219805611763 91.391422632616013 831.44605042785406 489.03142110491171 624.17637806478888 1288.540726455627 129.74797930242494 4106.1824671612121 234.76971848122776 27.333593235816807 1815.6289967784542 12.686574988067148 17.647225304506719 156.07211660034955 36.594243137369631 2116.3263947775704 315.82117142854258
leaf_count=898 60247 20479 1408 96349 21286 8011 113536 3866 5202 382 99130 235 38595 45944 788 6625 4196 5868 12089 1168 37448 2140 245 19171 165 148 1675 10310 45805 2543
internal_value=6.35322e-13 -0.000344098 -0.00060321 -0.000414255 -0.00157075 0.00222241 -0.000229609 0.000163594 0.00454568 -0.00180149 -1.87709e-05 0.00072267 -0.00101466 -0.0022137 0.00170507 0.000503285 -0.00311414 0.00211399 0.00501454 0.000775164 0.00255981 0.0100551 0.00423771 0.00585921 0.0287611 -3.92688e-05 0.00539437 -0.00449845 -0.00471019 0.000200286
internal_weight=59879.5 51497.2 46774.9 44610.8 14863.5 4722.32 9092.69 29747.4 1188.51 526.315 28558.9 16372.5 12186.4 7437.87 1389.72 1298.33 6048.15 8382.32 1912.72 16348.2 4470.7 364.518 2764.51 2011.72 40.0202 752.786 1971.7 2164.03 2152.92 482.864
internal_count=665952 587748 537854 480841 231171 49894 134822 249670 9535 4333 240135 140121 100014 61419 11279 10491 50140 78204 17957 139886 40756 3308 29415 21256 410 8159 20846 57013 56115 3951
cat_boundaries=0 1 2 3 4 5 6 7
cat_threshold=10901280 2994338 759996 5785871 5259272 7639296 270992
is_linear=0
shrinkage=0.05


Tree=118
num_leaves=31
num_cat=9
split_feature=7 12 1 2 14 14 1 14 6 5 14 13 14 14 4 8 11 11 10 4 0 6 14 13 14 0 0 14 1 0
split_gain=17.4956 15.4554 11.0711 13.6652 11.6298 11.2831 10.2371 11.0704 9.53394 10.7088 11.5518 10.443 11.2966 10.0625 9.49507 9.35427 12.4997 9.5041 11.512 8.77053 10.4183 8.36247 9.24931 7.81824 8.62133 7.85206 7.76696 7.76362 7.85449 9.7068
threshold=49.500000000000007 3.5000000000000004 40.705000000000005 6.3350000000000009 0 1 58.995000000000012 2 55.500000000000007 26.835000000000004 3 1.5000000000000002 4 5 36.645000000000003 36.500000000000007 24.780701754385969 8.7228260869565233 65.500000000000014 1.0000000180025095e-35 5.8350000000000009 29.500000000000004 6 4.5000000000000009 7 6.2750000000000012 7.4050000000000011 8 42.535000000000004 6.8550000000000013
decision_type=2 2 2 2 1 1 2 1 2 2 1 2 1 1 2 2 2 2 2 2 2 2 1 2 1 2 2 1 2 2
left_child=-1 6 3 5 -5 19 8 -8 11 10 -10 12 -2 -11 23 16 -13 -17 21 20 -3 22 -19 25 -25 -4 -16 28 -27 -30
right_child=1 2 14 4 -6 -7 7 -9 9 13 -12 15 -14 -15 26 17 -18 18 -20 -21 -22 -23 -24 24 -26 27 -28 -29 29 -31
leaf_value=-0.0023649139611148788 -0.0030699743883001859 -0.061233674891273494 -0.0029569088836804993 0.016280068476380038 0.0045838579385923221 -0.0053112053877442476 -0.010816894855141146 0.025929374085269404 -0.020259606249107717 -0.0056254893526166755 -0.0040103784740382229 0.001101828606445902 0.0021082488321868989 0.0015055651224686493 0.0022649855982442807 -0.0037686429806775197 -0.0064791197669997191 -0.0016118908062903803 0.043184951370849003 0.0078125228085007999 0.0073665145776776802 -0.00052954343826327153 0.0033976982185694657 0.0025113171658509015 -0.0040270276996984258 0.01343060289661599 0.0089424362255095691 0.0031679396051192857 -0.0043853055619607461 0.0026545235583833996
leaf_weight=6916.3679819243553 1212.6542392838746 10.299271872267129 1023.3825860372745 373.17446024389938 539.21816775249317 396.73898796970025 25.843883044552058 61.785479199374095 164.27558150351979 871.03726747306064 340.06330508354586 872.70544480843819 7667.4760116213001 1123.5162265438121 4442.1754342275672 1808.2828153372393 1442.496794106788 1305.5766002973542 15.425699464511125 431.65563274128363 11.963516467716543 16926.183580203797 3097.8261559290113 695.49222789285704 1784.6677636122331 94.554919103160501 482.81333439098671 3691.181359206792 1123.92211088771 867.67464390629902
leaf_count=81991 7518 104 9208 3595 5183 4127 237 468 2099 10481 3975 19416 52909 12808 40553 67767 15034 15042 411 4329 122 189495 35762 7386 19095 819 4371 33501 10088 8058
internal_value=7.0168e-12 0.000309175 0.00160889 0.00534594 0.00959636 0.000787053 -0.000252756 0.0168167 -0.00029335 -0.00327518 -0.00978438 -7.64193e-05 0.00140004 -0.00162928 0.00114509 -0.000591217 -0.00362151 -0.000288204 6.64784e-06 0.00609975 -0.0243695 -2.4579e-05 0.00191645 0.000203435 -0.00219964 0.00107982 0.0029196 0.00179487 -0.000646685 -0.00131828
internal_weight=59820.4 52904.1 15968.9 1763.05 912.393 850.657 36935.1 87.6294 36847.5 2498.89 504.339 34348.6 8880.13 1994.55 14205.9 25468.5 2315.2 23153.3 21345 453.918 22.2628 21329.6 4403.4 9280.88 2480.16 6800.72 4924.99 5777.33 2086.15 1991.6
internal_count=665952 583961 150539 17460 8778 8682 433422 705 432717 29363 6074 403354 60427 23289 133079 342927 34450 308477 240710 4555 226 240299 50804 88155 26481 61674 44924 52466 18965 18146
cat_boundaries=0 1 2 3 4 5 6 7 8 9
cat_threshold=706893 10833110 10607620 8936577 2098178 13952112 4915340 9740417 1663253
is_linear=0
shrinkage=0.05


Tree=119
num_leaves=31
num_cat=8
split_feature=9 3 5 4 4 14 14 8 5 11 7 1 8 14 6 14 1 7 14 8 14 1 0 5 5 4 14 1 1 14
split_gain=17.1101 11.3708 14.9779 11.8055 10.8174 10.7641 9.75775 10.1842 8.78948 10.3638 8.67658 8.64831 8.16967 10.7316 8.24351 8.09971 7.71849 7.6344 13.1622 7.46346 7.33316 11.337 10.5258 9.51501 8.7786 7.83263 12.8527 8.28895 7.2987 7.24346
threshold=40.357943625880857 17.255000000000003 34.305000000000007 45.475000000000009 22.195000000000004 0 1 190.50000000000003 33.535000000000004 27.178030303030305 48.500000000000007 36.860000000000007 32.500000000000007 2 23.500000000000004 3 44.195000000000007 53.500000000000007 4 185.50000000000003 5 43.630000000000003 6.5150000000000006 41.965000000000011 41.035000000000004 25.055000000000003 6 65.740000000000023 50.815000000000005 7
decision_type=2 2 2 2 2 1 1 2 2 2 2 2 2 1 2 1 2 2 1 2 1 2 2 2 2 2 1 2 2 1
left_child=1 2 5 -3 12 8 7 -5 9 -1 15 -10 -2 14 -14 16 -6 20 -19 -7 21 -12 -22 24 -23 26 -24 28 -27 -4
right_child=4 3 29 6 10 19 -8 -9 11 -11 17 -13 13 -15 -16 -17 -18 18 -20 -21 22 23 25 -25 -26 27 -28 -29 -30 -31
leaf_value=-0.0039728002402045917 -0.014382098375533876 -0.00044517626730085586 0.0021612200872825837 0.016296507570102488 0.0088573579920295208 -0.0071433074677806092 0.0014681108130052047 0.0020641531049394972 -0.0083748467252041225 0.0038115504359877554 0.0070861879357438486 -0.047855972488583844 0.03230217229631923 -0.0039497115161964439 0.0024634175657131932 -0.0047331033364596082 -0.0017996059811122159 -0.0024155037522992839 0.0021846233022272473 -0.0025223202633711645 -0.00090512154563714804 0.0019156767804361257 -0.024090634356987741 0.0082324770019828863 -0.012016201496820556 0.0060944580514856904 0.0045823525906825693 0.020204892830283122 0.0011326556558856457 -0.0020062653599810585
leaf_weight=786.48257175189792 129.47017570538446 24536.402138952399 2129.237594535778 270.18445939500816 269.20757036563009 2313.3380185235001 1485.5806109206751 235.03421972412616 123.00371406279737 936.97144395299256 1708.5032563358545 15.633410935290156 23.90537360869348 1457.4547668427695 729.4344159597531 1045.4326847952325 460.60800484521315 2622.1184418327175 3790.3596704853699 1404.1890577973099 3079.6213050468359 4224.9673401706386 58.342961296904832 605.7144445348531 116.17884974367917 1321.1780233567115 89.282465626951307 74.402413564734161 1688.1835094734561 2024.0815994059376
leaf_count=19938 1264 272174 31973 2682 2702 39880 15567 2441 1996 7103 16062 163 202 13869 6869 10194 4488 24909 36351 17294 30448 38499 562 5358 1072 12842 874 656 15895 31625
internal_value=-1.29461e-12 -0.000681048 -0.0021428 -0.000144725 0.0010511 -0.00383507 0.00355831 0.00948764 -0.000711244 0.000259233 0.00140795 -0.0128269 -0.00217453 -0.00145962 0.0033656 -0.00193771 0.00210263 0.00171444 0.000303231 -0.00538338 0.00241234 0.00356934 0.00118468 0.00236194 0.00154283 0.00318 -0.00807095 0.0037186 0.003311 0.000130608
internal_weight=59754.5 36260.1 9732.94 26527.2 23494.4 5579.62 1990.8 505.219 1862.09 1723.45 21154.1 138.637 2340.26 2210.79 753.34 1775.25 729.816 19378.9 6412.48 3717.53 12966.4 6655.36 6311.01 4946.86 4341.15 3231.39 147.625 3083.76 3009.36 4153.32
internal_count=665952 442836 149972 292864 223116 86374 20690 5123 29200 27041 200912 2159 22204 20940 7071 17384 7190 183528 61260 57174 122268 60991 61277 44929 39571 30829 1436 29393 28737 63598
cat_boundaries=0 1 2 3 4 5 6 7 8
cat_threshold=11284864 148044 254512 8851877 222101 5336374 2392200 5981498
is_linear=0
shrinkage=0.05


Tree=120
num_leaves=31
num_cat=8
split_feature=0 7 7 1 14 4 14 8 5 14 11 13 14 14 6 2 6 2 14 8 5 14 0 13 3 0 4 7 14 13
split_gain=15.9738 13.8177 13.3021 12.222 15.043 8.52687 9.14729 9.07509 8.60971 8.65919 9.68148 8.4291 12.0871 10.5691 10.65 9.49953 12.0274 11.368 12.0518 12.1032 10.1828 11.7077 10.5972 8.38226 7.98161 8.29149 7.73755 7.68178 7.5185 7.41804
threshold=7.2350000000000012 49.500000000000007 54.500000000000007 21.660000000000004 0 11.190000000000001 1 304.50000000000006 31.235000000000003 2 59.417229729729733 2.5000000000000004 3 4 59.500000000000007 2.9750000000000005 21.500000000000004 1.8750000000000002 5 90.500000000000014 11.830000000000002 6 4.6450000000000005 5.5000000000000009 14.945000000000002 4.1450000000000005 25.535000000000004 53.500000000000007 7 3.5000000000000004
decision_type=2 2 2 2 1 2 1 2 2 1 2 2 1 1 2 2 2 2 1 2 2 1 2 2 2 2 2 2 1 2
left_child=1 29 11 4 -4 6 -2 8 9 -7 -11 13 -13 14 -3 17 27 -15 19 -19 21 -18 24 -5 -23 -26 -14 -17 -25 -1
right_child=5 2 3 23 -6 7 -8 -9 -10 10 -12 12 26 15 -16 16 20 18 -20 -21 -22 22 -24 28 25 -27 -28 -29 -30 -31
leaf_value=-0.0011325369205248575 -0.024624132258432165 0.0039851014243060222 -0.010707029690328232 -0.00017814298326557102 -0.0018739915526882044 0.005660468937901582 0.0064233674458088032 -0.037871527454802337 0.0067262306675362725 -0.0097613176804758513 0.0084654932530734209 -0.0015440600254711988 -0.0018491384209646346 -0.00047260208485532603 -0.017125990380005875 0.013520284972841443 0.019933054867230529 -0.027258111747279552 -0.015454797206069792 0.015395960405667694 0.0006997316336970435 -0.037369763771012018 0.0076146832722310126 1.4600400383333446e-05 0.013434830667477415 -0.017046958385632287 0.0014230373458678268 0.054752841095618301 -0.010480698959468095 -0.0046617605273594417
leaf_weight=4506.4899585307576 43.314270027913153 3954.9981156662107 692.12902271133498 9532.9518422803376 1583.9423106644535 366.80116324173287 40.846334420610219 12.586416275240479 1638.8525402210653 283.95396275725216 97.999238397809677 8462.5857143900066 2165.4329903940379 1064.5371056997683 60.656578708440065 65.221285059116781 132.96367400651798 21.589126099832356 281.30576826957986 72.415565222036093 10346.35918352427 21.539441656321287 357.16333143948577 314.04068473121151 40.158844774588943 50.19418934546411 10903.474210179731 13.662110371515153 378.75442782754544 2223.5736681048875
leaf_count=38406 377 34477 12426 90736 25535 3493 343 96 15373 2192 1281 114814 29202 8641 473 508 929 178 2119 589 87854 159 3328 6893 276 367 133478 90 9517 41802
internal_value=3.48965e-12 -0.000170337 0.0001132 -0.00130162 -0.0046153 0.00392502 -0.0117182 0.00447354 0.00469676 0.000254714 -0.00495506 0.000578495 -7.29311e-05 0.00142946 0.00365711 0.000708426 0.00120772 -0.00311057 -0.0105929 0.00506158 0.00106756 0.00738902 0.00333705 -0.000564058 -0.010019 -0.00349884 0.000880186 0.0206615 -0.0058743 -0.00229857
internal_weight=59730.5 57246.1 50516.1 12501.8 2276.07 2484.35 84.1606 2400.19 2387.61 748.754 381.953 38014.3 21531.5 16482.8 4015.65 12467.1 11027.3 1439.85 375.31 94.0047 10948.4 602.019 469.056 10225.7 111.892 90.353 13068.9 78.8834 692.795 6730.06
internal_count=665952 642797 562589 145107 37961 23155 720 22435 22339 6966 3473 417482 277494 139988 34950 105038 93511 11527 2886 767 92913 5059 4130 107146 802 643 162680 598 16410 80208
cat_boundaries=0 1 2 3 4 5 6 7 8
cat_threshold=1317600 12191976 12062149 14845828 12714628 1844224 8233 848076
is_linear=0
shrinkage=0.05


Tree=121
num_leaves=31
num_cat=6
split_feature=2 4 0 14 6 8 14 14 11 8 9 5 4 10 8 4 9 4 2 2 14 8 4 0 5 14 13 14 8 0
split_gain=16.384 9.89579 10.0987 11.3987 8.95353 11.4374 13.4766 11.7934 10.7165 10.1307 9.74923 9.71883 10.1193 9.675 10.6774 9.89327 9.64619 9.52417 9.51904 15.4145 18.2069 13.1848 11.6659 13.1918 9.19519 8.86755 8.76702 11.7193 10.092 9.20255
threshold=5.7750000000000012 52.895000000000003 3.0250000000000004 0 29.500000000000004 110.50000000000001 1 2 83.89976958525348 317.50000000000006 46.345334881920259 25.375000000000004 30.205000000000002 8.5000000000000018 16.500000000000004 45.475000000000009 55.403051134758456 21.065000000000001 1.5350000000000004 3.9650000000000003 3 173.50000000000003 46.495000000000012 5.0850000000000009 25.565000000000001 4 1.5000000000000002 5 188.50000000000003 4.8050000000000006
decision_type=2 2 2 1 2 2 1 1 2 2 2 2 2 2 2 2 2 2 2 2 1 2 2 2 2 1 2 1 2 2
left_child=1 2 3 -1 5 7 10 -4 13 18 -7 12 -8 14 -9 -16 17 25 -6 20 -20 22 23 -22 -15 -13 27 28 -23 -29
right_child=-2 -3 4 -5 9 6 11 8 -10 -11 -12 16 -14 24 15 -17 -18 -19 19 -21 21 26 -24 -25 -26 -27 -28 29 -30 -31
leaf_value=-0.016051700320234601 0.0010099710527312182 0.0047807172927128959 0.0020985950513145741 -0.0019572757850740089 0.0013882819550239426 0.00012110704793610801 0.0050079465095272278 -0.011391032808452342 -0.0274980111749294 0.029454722206736617 -0.012310305216695232 0.0032094652811461401 -0.0089621037737995339 -0.022858840162175747 0.0056451374541706713 -0.024471165628802503 0.052572664530019325 0.0060843329696790346 -0.0094569093666517483 -0.0010128610192136089 -0.0071371963388750341 -0.028645619032134452 -0.032878316549995061 0.009357659316225243 -0.0060823269507155253 -0.01897182954624646 -0.0011004016664848163 0.022624244727789688 0.0043760287360500427 -0.0044286384006918143
leaf_weight=216.88743385332054 24000.371682749828 810.83044009236619 949.20965844788589 418.21322070504539 3189.9408513687085 2447.1746496416163 256.88944456237368 151.59811747726053 51.685064503923059 27.03055022098124 168.57808930147439 109.85361706651747 261.65969007462263 94.623183852992952 451.78350729087833 29.021151419263333 10.81898493086919 2397.1747904808726 1243.6321975276805 19832.151578576886 787.54645029013045 29.321549039334059 37.954178709536791 143.26235025469214 596.94973989552818 65.615046066697687 569.09114730649162 158.76041170395911 109.71233997214586 39.196734778117388
leaf_count=13611 231886 8864 10867 22100 35193 29069 2996 1746 495 249 1565 1337 2879 1303 4955 298 82 26838 15945 221482 10800 149 494 1473 7473 795 9562 644 513 289
internal_value=-1.93162e-12 -0.000679817 -0.000806881 -0.0070541 -0.000690904 0.000768152 0.00197047 -0.00218882 -0.00512515 -0.00113935 -0.000677473 0.00419201 -0.00204134 -0.00429047 0.00017922 0.00382733 0.00545938 0.00526125 -0.00117098 -0.0015267 -0.00479447 -0.00164255 -0.00570639 -0.00459845 -0.00837774 -0.00598335 0.00268429 0.00907566 -0.00241441 0.0164373
internal_weight=59656.5 35656.2 34845.3 635.101 34210.2 8042.63 5717.76 2324.87 1375.66 26167.6 2615.75 3102.01 518.549 1323.98 632.403 480.805 2583.46 2572.64 26140.6 22950.6 3118.48 1874.85 968.763 930.809 691.573 175.469 906.082 336.991 139.034 197.957
internal_count=665952 434066 425202 35711 389491 92698 65561 27137 16270 296793 30634 34927 5875 15775 6999 5253 29052 28970 296544 261351 39869 23924 12767 12273 8776 2132 11157 1595 662 933
cat_boundaries=0 1 2 3 4 5 6
cat_threshold=141562 8002188 6453329 8833543 8651874 3212560
is_linear=0
shrinkage=0.05


Tree=122
num_leaves=31
num_cat=9
split_feature=7 2 6 12 4 14 10 10 14 4 14 8 14 11 14 14 9 4 14 5 4 1 10 4 14 11 7 14 6 3
split_gain=14.9544 14.0403 12.2906 11.9806 10.3136 10.7943 9.50043 8.78687 9.26868 8.61364 11.4109 9.27607 8.58105 7.9661 7.77928 7.45897 7.88927 7.23761 11.7538 6.99445 8.17983 6.947 6.78804 6.76027 18.7881 7.52067 7.2999 7.35816 7.65445 8.0704
threshold=49.500000000000007 7.2750000000000012 37.500000000000007 1.5000000000000002 30.595000000000002 0 10.500000000000002 53.500000000000007 1 43.315000000000005 2 265.50000000000006 3 31.180555555555561 4 5 27.982595235398499 21.065000000000001 6 33.270000000000003 52.895000000000003 65.740000000000023 46.500000000000007 40.900000000000006 7 92.970101309612076 55.500000000000007 8 36.500000000000007 40.405000000000008
decision_type=2 2 2 2 2 1 2 2 1 2 1 2 1 2 1 1 2 2 1 2 2 2 2 2 1 2 2 1 2 2
left_child=17 2 3 6 5 -4 -2 12 -9 10 -3 -12 19 -7 -11 16 -8 18 -1 20 -6 -14 -16 26 25 -25 -5 28 29 -28
right_child=1 9 4 23 7 13 15 8 -10 14 11 -13 21 -15 22 -17 -18 -19 -20 -21 -22 -23 -24 24 -26 -27 27 -29 -30 -31
leaf_value=-7.8780573507878206e-05 -0.014639514033823709 0.0058087344535631934 -0.0039455788482253718 0.0011400754958842065 -0.0023440515323214801 -0.0028279350719890152 0.0026107376281036374 -0.010190652474204441 0.011468493971419885 0.015185283911976788 0.0013807117277114733 -0.0079855210550394667 0.00086424848426317922 0.00081242584847185557 -0.00084079157238098985 -0.0061064483454429646 0.034296131201802957 -0.001731769887453119 -0.01528792242061588 0.00013226478775057123 -0.014693205355000898 0.02838875463805144 0.031829037948706569 -0.0027577968732035467 0.0058636691495370765 0.040061295029393956 -0.0076112307391948313 0.00039045635663698634 -0.022382385284474726 0.0086506438530080214
leaf_weight=256.49577641912038 209.35270055592991 1366.2225039275363 3887.8436426457483 14727.798480481724 3758.0156261343509 2454.0244728913531 85.022377934859833 53.201131656765938 284.36659951182082 256.90555704059079 1606.350821954431 316.41781566152349 10120.225685780286 3876.9174872739241 187.7432685517706 233.67206839396385 25.548552042804658 6391.7454507059883 252.56559689837741 4347.9749017753638 139.05591282155365 22.976464556530118 17.370877562090755 1014.7208106736653 2226.258977732854 10.359356836415825 441.64097810129169 892.47893454472069 70.037309402599931 92.227127016987652
leaf_count=3065 6634 12980 43117 159593 41017 39755 5157 901 5035 2316 14928 2979 104556 32282 1575 11717 238 75604 3322 47062 1461 154 265 10624 21958 135 5564 10238 788 932
internal_value=-1.02295e-11 0.000286471 6.06605e-05 0.00101286 -0.000598243 -0.00187589 -0.0062403 9.89793e-05 0.00809284 0.00323469 0.00233666 -0.000159799 -4.77703e-05 -0.000597721 0.00962747 -0.00113229 0.00910823 -0.00218875 -0.0079265 -0.00124494 -0.0027847 0.000925685 0.00183645 0.00121903 0.00329996 -0.00230261 0.000802011 -0.00252531 -0.00672939 -0.00480195
internal_weight=59625.5 52724.7 48973.7 20029.1 28944.6 10218.8 553.596 18725.8 337.568 3751.01 3288.99 1922.77 18388.2 6330.94 462.02 344.243 110.571 6900.81 509.061 8245.05 3897.07 10143.2 205.114 19475.5 3251.34 1025.08 16224.2 1496.38 603.905 533.868
internal_count=665952 583961 548918 233578 315340 115154 23746 200186 5936 35043 30887 17907 194250 72037 4156 17112 5395 81991 6387 89540 42478 104710 1840 209832 32717 10759 177115 17522 7284 6496
cat_boundaries=0 1 2 3 4 5 6 7 8 9
cat_threshold=10495346 66054 14980484 1432961 1991787 10590211 1363084 6490336 187569
is_linear=0
shrinkage=0.05


Tree=123
num_leaves=31
num_cat=10
split_feature=0 7 1 6 13 8 5 14 7 14 5 14 4 14 8 14 4 14 2 14 3 8 14 8 2 6 14 6 14 2
split_gain=14.9646 13.2867 12.9523 10.3986 13.406 12.8445 11.8179 11.8603 10.7233 10.219 10.339 9.69726 8.86047 9.28833 8.59633 11.0822 8.40596 12.8046 7.76072 13.5451 8.04657 7.63992 11.204 7.31638 7.2691 8.92518 10.5975 8.99873 11.8949 12.2132
threshold=7.035000000000001 48.500000000000007 53.235000000000007 55.500000000000007 5.5000000000000009 274.50000000000006 25.375000000000004 0 57.500000000000007 1 26.330000000000002 2 39.82500000000001 3 196.50000000000003 4 30.440000000000001 5 7.3650000000000011 6 6.495000000000001 275.50000000000006 7 8.5000000000000018 5.3850000000000007 23.500000000000004 8 54.500000000000007 9 5.0950000000000006
decision_type=2 2 2 2 2 2 2 1 2 1 2 1 2 1 2 1 2 1 2 1 2 2 1 2 2 2 1 2 1 2
left_child=1 21 9 4 8 6 11 -8 12 10 -2 -5 24 -14 15 -10 17 -16 19 20 -4 -1 -23 -21 25 26 -3 -27 29 -29
right_child=2 3 18 5 -6 -7 7 -9 14 -11 -12 -13 13 -15 16 -17 -18 -19 -20 23 -22 22 -24 -25 -26 27 -28 28 -30 -31
leaf_value=-0.0027805903077996658 -0.018282150442391367 -0.0036477106575532841 0.022081853373794615 -0.019319526974716922 -0.0029234750208088378 0.010016413260809404 -0.0059863133256547419 0.0011654236054003727 0.0024893682194462251 0.010117007791033104 0.0037883127352265887 -0.0041048400654089294 0.00019332485755819525 0.0035059758120569804 -0.021100842169658962 -0.0089515717317297291 0.004641504824006281 0.0014405215348313131 0.0048271940337062322 -0.026903667260563757 0.0029718889640806653 -0.0098118794730932754 0.024318161352865658 -0.0034067001373623593 0.0010045825299844536 -0.0010063795133777281 0.0061683417762247381 -0.010870852478466605 0.012463047499896272 0.025877526765738054
leaf_weight=5434.7700579968223 61.872752807568759 377.11865456352825 59.67207818897441 191.48283839644864 3162.6446405241877 182.16501849377528 1097.6693948057946 1214.9202126960736 283.8744085902581 864.60788838285953 372.69600958388764 257.61755365505815 3798.6352352646645 4790.2091831385624 84.978945933748037 822.46681420080131 501.50286057009362 190.2809421219863 915.28147214394994 34.092419632244855 716.53430992690846 35.243420475162566 51.733225838281214 1172.7492702417076 16169.399019517004 15365.641925676202 968.42489228179329 135.06654819147661 270.28539387928322 27.155178028158844
leaf_count=64828 567 5771 541 2460 87809 1882 12491 13941 3384 8457 3737 2844 35979 45060 960 9448 4960 1951 8442 306 6678 352 480 10768 148979 162876 15430 1537 2791 243
internal_value=-1.3157e-12 -0.000218036 0.0028784 3.9535e-05 0.000220292 -0.00284312 -0.00369136 -0.00224999 0.00044737 0.00702686 0.000631448 -0.0111135 0.00061325 0.00204518 -0.0032437 -0.00607437 0.000788016 -0.00623275 0.00101885 -0.000738906 0.00438451 -0.00254531 0.0121563 -0.00403702 0.000244067 -0.000473228 0.00343591 -0.000806173 0.00630656 -0.00444531
internal_weight=59610.8 55413.3 4197.51 49891.5 46947.7 2943.86 2761.69 2312.59 43785 1299.18 434.569 449.1 41901.9 8588.84 1883.1 1106.34 776.763 275.26 2898.33 1983.05 776.206 5521.75 86.9766 1206.84 33313.1 17143.7 1345.54 15798.1 432.507 162.222
internal_count=665952 626456 39496 560796 527178 33618 31736 26432 439369 12761 4304 5304 418666 81039 20703 12832 7871 2911 26735 18293 7219 65660 832 11074 337627 188648 21201 167447 4571 1780
cat_boundaries=0 1 2 3 4 5 6 7 8 9 10
cat_threshold=5564536 4720888 9096144 5190434 4609040 13780257 1592105 13050394 99365 596944
is_linear=0
shrinkage=0.05


Tree=124
num_leaves=31
num_cat=6
split_feature=4 13 9 14 5 8 14 10 3 4 14 4 5 14 8 2 14 6 4 10 14 0 1 2 1 9 3 5 11 3
split_gain=13.8774 12.5831 12.4294 11.8538 9.9896 8.88845 12.962 12.7086 10.538 14.8065 12.5441 9.75034 10.4698 9.27932 8.65949 8.55607 9.96321 8.28311 7.95472 7.54747 7.53967 7.43299 8.99396 9.30053 7.48563 7.10622 7.00812 10.2395 7.46789 9.14896
threshold=35.595000000000006 4.5000000000000009 53.498971193415649 0 28.135000000000002 180.50000000000003 1 13.500000000000002 32.32500000000001 40.435000000000009 2 39.605000000000011 23.105 3 6.5000000000000009 6.7350000000000012 4 74.500000000000014 36.225000000000001 25.500000000000004 5 4.6050000000000013 48.355000000000011 5.9150000000000009 21.845000000000002 70.710784313725512 66.77500000000002 43.490000000000002 58.411949685534601 35.690000000000005
decision_type=2 2 2 1 2 2 1 2 2 2 1 2 2 1 2 2 1 2 2 2 1 2 2 2 2 2 2 2 2 2
left_child=1 15 4 25 5 7 19 8 10 11 18 12 -10 -9 -12 17 26 -1 -2 -7 -11 24 -23 -24 -15 -4 28 -28 29 -17
right_child=2 -3 3 -5 -6 6 -8 13 9 20 14 -13 -14 21 -16 16 -18 -19 -20 -21 -22 22 23 -25 -26 -27 27 -29 -30 -31
leaf_value=-0.00047745588232293103 -0.022861555672128539 -0.0025834100480589843 0.01145024093761538 0.0027201891520027446 0.0012147528639908714 -0.046782651395880052 0.0025611459422104424 -0.013099510421000084 0.01625797037562814 0.004270278429371558 -0.040170859964260175 -0.030070569309145645 -0.0085361839400621611 -0.004397186806377967 -0.0083044243175651161 -0.034577950041431514 0.0041254214555854181 -0.032008354976824686 0.0086179841764784278 -0.0058234828178347769 0.025761203982421883 0.0016140424909998831 -0.051723512666355602 -0.0077942112349839304 -0.021759230875856066 0.038797850763315191 -0.01159342744485844 0.027030652403671692 0.0062146537574190386 -0.0010802738821174547
leaf_weight=26050.866527976817 22.371336578857154 6577.7826306738134 346.76771817635745 1144.0600219808985 16852.856164278448 11.534148290520532 1867.0749699133448 410.69356966059422 73.599438413744792 90.799798673950136 23.129192940599751 27.591803929768503 101.0148473479785 168.63850084951264 272.38394244015217 20.767375649884343 2297.3743322020164 20.845301913097501 194.93078755639726 451.88009389245417 98.066630254965276 508.03283159038983 15.469699571607633 54.483493455685675 98.252561822999269 25.501016969792545 227.91022718488239 18.556545735802501 405.69965954613872 1103.1983017837629
leaf_count=243169 254 140672 3113 10215 182576 127 19378 5000 715 801 291 249 932 3469 3309 144 20230 225 2212 4565 850 5105 138 512 1172 181 2141 151 5891 8165
internal_value=-4.25066e-12 -0.000602043 0.000967176 0.00534134 0.000656408 -0.00143932 0.000702148 -0.00375039 0.000770361 0.00695258 -0.0039442 -0.00245 0.00191448 -0.00700489 -0.0104451 -0.000169702 0.00196137 -0.000502666 0.00514059 -0.00669839 0.0170193 -0.00384178 -0.000700391 -0.0175089 -0.0107888 0.0129751 -0.000856169 -0.00868541 0.000399717 -0.00169921
internal_weight=59582.1 36723 22859.1 1516.33 21342.8 4489.95 2330.49 2159.46 903.888 391.073 512.815 202.206 174.614 1255.57 295.513 30145.2 4073.51 26071.7 217.302 463.414 188.866 844.877 577.986 69.9532 266.891 372.269 1776.13 246.467 1529.67 1123.97
internal_count=665952 420788 245164 13509 231655 49079 24070 25009 9613 3547 6066 1896 1647 15396 3600 280116 36722 243394 2466 4692 1651 10396 5755 650 4641 3294 16492 2292 14200 8309
cat_boundaries=0 1 2 3 4 5 6
cat_threshold=1578017 18950 6580464 12755025 1968613 15091097
is_linear=0
shrinkage=0.05


Tree=125
num_leaves=31
num_cat=8
split_feature=9 13 14 0 14 13 1 1 1 14 5 14 14 0 14 5 0 5 3 14 0 14 3 3 13 11 11 4 9 7
split_gain=13.426 8.89886 13.1905 8.5271 10.1225 8.36566 8.17489 7.88721 7.43763 14.0687 7.49729 13.7996 8.70847 9.07433 7.196 7.13717 6.84107 8.02983 7.35277 13.1567 7.30639 7.17522 7.33749 6.89298 6.83908 8.65555 8.61759 8.27102 7.05099 9.11404
threshold=42.504355400696873 3.5000000000000004 0 6.5550000000000006 1 5.5000000000000009 41.82500000000001 49.385000000000012 41.535000000000004 2 41.845000000000006 3 4 5.3350000000000009 5 38.365000000000002 7.4050000000000011 31.455000000000002 73.780000000000015 6 6.2550000000000008 7 73.780000000000015 70.090000000000018 1.5000000000000002 10.827092152393359 27.361853832442069 30.440000000000001 24.10890739695088 54.500000000000007
decision_type=2 2 1 2 1 2 2 2 2 1 2 1 1 2 1 2 2 2 2 1 2 1 2 2 2 2 2 2 2 2
left_child=1 3 7 6 -5 16 8 -3 10 15 12 -12 13 24 -8 -10 18 23 -2 -20 -21 -19 -23 -18 25 -1 -27 -28 29 -29
right_child=5 2 -4 4 -6 -7 14 -9 9 -11 11 -13 -14 -15 -16 -17 17 21 19 20 -22 22 -24 -25 -26 26 27 28 -30 -31
leaf_value=0.020141137406209347 0.0013024573492336673 -0.0038810992752723195 -0.00056588077136199538 0.018094956368868213 0.0017658864972200543 -0.0017970086226631863 0.00027856996008264809 -0.022643325335616776 0.029773314226582182 -0.0040182169929861254 0.0065685631775397497 -0.00047193539123489337 -0.0010399570294401638 0.0038882886168659266 -0.0060808358701243135 -0.0069071890221509575 -0.0031503603588465172 0.012544899367624783 0.0094858834389501684 0.0070178688533794713 -0.019058666137148801 0.0010784541274377719 0.028618806225167343 0.020265221940849766 -0.0015669165745262059 -0.014317297075919076 -0.0016587047198587009 0.0042668347410760058 0.0076852961708895745 -0.0073381853488374968
leaf_weight=63.224880491383374 16187.730564071564 3613.9313802097313 8357.2450217530422 127.32135028205812 333.94341408228502 2269.6353663892951 778.82679473096505 56.895604062825441 83.981805267278105 101.58905750093982 1166.6801118487492 1707.6725396802649 14360.579604811035 2051.2959771458991 1040.1209828001447 15.748420464806257 334.9904984497698 403.7995955850929 80.41998498653993 32.440544858574867 156.21894568228163 364.11704757227562 25.905820942483842 34.683555057272315 3137.8237786602695 84.20899884076789 987.03403899725527 604.25610171072185 751.5722342254594 234.97353047318757
leaf_count=339 145196 81100 164853 1175 2993 29175 6985 588 754 814 9444 14366 117600 18458 9084 140 3204 3675 676 265 1417 3419 245 332 35757 425 5001 2691 4707 1074
internal_value=7.25408e-12 -0.000531684 -0.00166687 -3.75237e-05 0.00670372 0.00106013 -0.000151971 -0.00416057 8.03478e-05 0.00965258 3.72253e-06 0.00240697 -0.000306391 0.00102468 -0.0033898 0.0217956 0.00142816 0.00513339 0.0011662 -0.00703119 -0.0138411 0.00796797 0.00283503 -0.000953464 2.45445e-05 0.00185692 0.00142266 0.00193683 0.00416773 0.00101758
internal_weight=59548.9 39658.9 12028.1 27630.9 461.265 19889.9 27169.6 3670.83 25350.6 201.319 25149.3 2874.35 22275 7914.39 1818.95 99.7302 17620.3 1163.5 16456.8 269.079 188.659 793.822 390.023 369.674 5863.09 2725.27 2662.04 2577.84 1590.8 839.23
internal_count=665952 478348 246541 231807 4168 187604 227639 81688 211570 1708 209862 23810 186052 68452 16069 894 158429 10875 147554 2358 1682 7339 3664 3536 49994 14237 13898 13473 8472 3765
cat_boundaries=0 1 2 3 4 5 6 7 8
cat_threshold=10884640 7520260 16713040 459686 10639952 10636401 61972 14972490
is_linear=0
shrinkage=0.05


Tree=126
num_leaves=31
num_cat=8
split_feature=7 0 4 7 14 0 5 14 8 8 14 14 1 11 14 6 14 9 14 9 3 12 5 14 7 4 1 2 0 5
split_gain=13.535 11.6343 9.7472 11.3184 9.44469 8.76927 8.53043 9.07483 8.80276 12.7102 13.6897 12.2245 9.83665 8.81349 8.38578 10.655 8.32599 7.92811 11.971 7.88724 9.35773 7.68622 7.55803 11.5077 7.48258 7.2669 7.16668 7.14409 7.09174 8.01963
threshold=49.500000000000007 7.2350000000000012 35.165000000000006 53.500000000000007 0 7.4050000000000011 28.135000000000002 1 190.50000000000003 94.500000000000014 2 3 55.015000000000008 27.842377260981916 4 23.500000000000004 5 53.858061443200775 6 21.627137341423062 29.830000000000002 1.5000000000000002 44.465000000000011 7 55.500000000000007 46.495000000000012 58.995000000000012 8.5050000000000008 7.2950000000000008 45.015000000000008
decision_type=2 2 2 2 1 2 2 1 2 2 1 1 2 2 1 2 1 2 1 2 2 2 2 1 2 2 2 2 2 2
left_child=-1 2 3 14 28 -6 8 25 9 11 13 19 -12 -11 27 -16 -10 22 -19 -4 24 -13 -5 -24 -21 -8 -17 -2 -3 -30
right_child=1 4 6 17 5 -7 7 -9 16 10 12 21 -14 -15 15 26 -18 18 -20 20 -22 -23 23 -25 -26 -27 -28 -29 29 -31
leaf_value=-0.0020836496855799599 -0.0011179681115921429 0.017517715699054883 0.021431826219250379 -0.0017567347211305045 -0.0036772149641411179 0.0044254658534559491 -0.0017979379799750086 0.0021255320863894376 -0.0028318506529220744 -0.0042277616282665196 -0.0012229852376584869 -0.038822610176902583 -0.047500952860155717 -0.017514511124000223 0.0077215825905368107 0.00084428495287744258 0.0036723900115230158 0.0045506476124117512 -0.014400050354960534 -0.0023673922654956431 0.01096517723018739 -0.0025870498592167504 -0.006103352408280271 0.0073092513994928044 -0.041560576691491311 0.0043507586095453436 -0.016265164203596985 -0.034133098735155035 0.0043090636272412703 0.024143409549097709
leaf_weight=6890.8978867932456 5930.0790926201735 155.35090208123438 86.41983702534344 10795.666809893155 562.05740889231674 822.6889913813211 2879.1267201110022 12463.465097317705 764.9048754023388 196.79834278515773 734.16933589905966 15.032625887019092 11.665002467110751 341.20180057967082 575.8664134972496 11525.804431869299 1343.8995213720482 118.72288078209385 262.11759789474308 95.546639306470752 191.33024158538319 552.81284645176493 219.05343208345585 534.05182947416324 13.956675611436365 576.80253017740324 61.53163767978549 16.430939928628504 690.08848633687012 55.027242896147072
leaf_count=81991 66651 1453 1285 128538 5241 7757 30498 134132 7811 3490 8349 799 119 2754 10569 126632 13744 1138 2350 993 1679 5817 2680 6023 148 5687 537 166 6455 466
internal_value=2.01917e-12 0.000273013 0.000114511 -0.000457163 0.00376225 0.0011285 0.00096183 0.00149791 -0.00100104 -0.0031845 -0.00643383 0.00118323 -0.00192103 -0.0124234 0.000330561 0.00108245 0.00131716 -0.00165297 -0.008751 0.00791399 0.00429382 -0.00348495 -0.0014189 0.00342398 -0.00736273 -0.00076948 0.00075343 -0.00120716 0.00771426 0.00577384
internal_weight=59482.6 52591.7 50306.5 30039.3 2285.21 1384.75 20267.1 15919.4 4347.74 2238.93 1283.83 955.099 745.834 538 18109.7 12163.2 2108.8 11929.6 380.84 387.253 300.834 567.845 11548.8 753.105 109.503 3455.93 11587.3 5946.51 900.467 745.116
internal_count=665952 583961 562589 345284 21372 12998 217305 170317 46988 25433 14712 10721 8468 6244 204555 137738 21555 140729 3488 4105 2820 6616 137241 8703 1141 36185 127169 66817 8374 6921
cat_boundaries=0 1 2 3 4 5 6 7 8
cat_threshold=6063489 4211336 12887153 2912353 2458693 612902 8472792 9196556
is_linear=0
shrinkage=0.05


Tree=127
num_leaves=31
num_cat=9
split_feature=9 13 0 14 5 13 14 12 7 14 6 14 2 11 14 8 14 2 5 1 14 11 14 5 4 14 6 4 0 3
split_gain=12.8923 8.64557 10.0473 9.54453 9.74884 7.9806 7.88084 9.57094 7.76621 10.1947 9.38821 10.9324 8.82043 7.8964 13.5359 11.8713 9.90694 10.8359 9.95277 8.74372 14.3142 9.38574 11.2402 8.52271 12.3781 9.31611 7.96032 7.91409 7.59686 8.38863
threshold=40.357943625880857 1.5000000000000002 5.0050000000000008 0 41.305000000000007 4.5000000000000009 1 2.5000000000000004 55.500000000000007 2 49.500000000000007 3 8.0650000000000031 30.094339622641513 4 26.500000000000004 5 6.0050000000000008 34.305000000000007 40.705000000000005 6 35.355392156862756 7 24.795000000000005 20.655000000000005 8 39.500000000000007 34.280000000000008 5.2750000000000012 14.945000000000002
decision_type=2 2 2 1 2 2 1 2 2 1 2 1 2 2 1 2 1 2 2 2 1 2 1 2 2 1 2 2 2 2
left_child=1 6 3 4 -3 8 7 -1 10 28 13 12 -12 14 -2 16 18 -18 -15 20 27 22 -21 25 -25 -24 -20 -17 -10 -30
right_child=5 2 -4 -5 -6 -7 -8 -9 9 -11 11 -13 -14 15 -16 19 17 -19 26 21 -22 -23 23 24 -26 -27 -28 -29 29 -31
leaf_value=-0.0018335811369357058 0.023533730613825937 -0.0015177893915305049 -0.0001459357806531392 -0.003551582875882719 0.004354913220889294 -0.00067556332958519606 0.00096265404879164029 -0.017856559530338042 -0.034711162292408435 -0.0053609684822208412 -0.0068342628107463943 0.0016374170737687784 0.026966901939745852 0.023284088740248607 0.0044046948817146889 -0.0074184386745270716 -0.017758276601915188 -0.0013295678527147179 -0.022287373441800762 0.0034382405487790504 0.0095845363165947255 0.002144252359713062 -0.019000364851119212 -0.044385233118349805 -0.008975836079799555 0.018621232647451063 0.023887761193239904 0.0060823763186133098 0.026751642217939228 0.0022646725489853369
leaf_weight=455.61864026356488 95.328791350126266 5416.3905332656868 13545.914477551589 5966.1922018791374 812.70287567187916 5898.2341548607219 9782.1880912818015 117.16473839432001 13.119600108824669 893.19193879258819 779.01745619834401 1164.2474485421553 19.790721817873418 54.506192210130394 929.77121339691803 245.99652801873162 193.74649137398228 208.25222724117339 31.379316856153309 336.5937178619206 897.31259147776291 10333.375875993515 15.340432249009607 26.441220687702298 370.6934439688921 44.482413802295923 13.285439836792646 194.27154200710356 37.213940817397088 581.4036372997798
leaf_count=2135 607 102098 143512 118451 14462 67582 61393 785 120 7705 7399 10087 173 415 7116 2143 1701 1981 269 2467 8023 94338 135 202 2845 321 116 1676 317 5378
internal_value=7.17142e-12 -0.000592433 -0.00108322 -0.00212432 -0.00075038 0.000914769 0.000627613 -0.00502343 0.00145143 -0.00195757 0.00177727 -0.00146078 -0.00592268 0.00223161 0.00645614 0.00189761 -0.00564752 -0.00902306 0.00812601 0.00220098 0.00602049 0.00174183 -0.0034984 -0.0084972 -0.0113334 0.00891051 -0.00855267 -0.00142865 0.00289344 0.00373773
internal_weight=59473.2 36096.2 25741.2 12195.3 6229.09 23377 10355 572.783 17478.8 1524.93 15953.8 1963.06 798.808 13990.8 1025.1 12965.7 501.17 401.999 99.1709 12464.5 1337.58 11126.9 793.551 456.958 397.135 59.8228 44.6648 440.268 631.737 618.618
internal_count=665952 442836 378523 235011 116560 223116 64313 2920 155534 13520 142014 17659 7572 124355 7723 116632 4482 3682 800 112150 11842 100308 5970 3503 3047 456 385 3819 5815 5695
cat_boundaries=0 1 2 3 4 5 6 7 8 9
cat_threshold=2729758 2 12154112 4113160 33 34312 8921747 3455362 131617
is_linear=0
shrinkage=0.05


Tree=128
num_leaves=31
num_cat=9
split_feature=4 0 4 0 7 7 8 0 14 5 8 13 10 14 3 14 5 14 14 4 3 14 10 0 11 10 14 14 14 11
split_gain=12.7168 12.6975 9.28561 10.7972 8.1859 7.90593 9.41177 11.2314 9.10579 8.5588 7.8863 7.75183 9.35003 10.6116 8.98191 7.73177 7.5622 13.7737 11.0589 7.58444 7.49562 8.25337 7.48458 8.5792 7.34134 7.31617 7.98972 7.28446 7.2274 7.21102
threshold=24.450000000000006 7.2350000000000012 45.170000000000009 7.1350000000000007 48.500000000000007 56.500000000000007 198.50000000000003 6.455000000000001 0 16.735000000000003 235.50000000000003 3.5000000000000004 9.5000000000000018 1 70.090000000000018 2 11.830000000000002 3 4 22.195000000000004 32.615000000000002 5 10.500000000000002 4.1450000000000005 42.740046838407501 53.500000000000007 6 7 8 24.357284113381677
decision_type=2 2 2 2 2 2 2 2 1 2 2 2 2 1 2 1 2 1 1 2 2 1 2 2 2 2 1 1 1 2
left_child=11 2 4 15 28 25 -7 8 -8 10 -10 14 24 -14 16 22 17 19 -18 -1 -9 -22 23 -4 -13 -6 -27 -3 -2 -11
right_child=1 27 3 -5 5 6 7 20 9 29 -12 12 13 -15 -16 -17 18 -19 -20 -21 21 -23 -24 -25 -26 26 -28 -29 -30 -31
leaf_value=0.011865949809413771 -2.7823118789905454e-05 0.00038710954599060126 -0.012483047394257849 0.022162902982936994 0.00024994773049707877 -0.0046135163265922539 -0.004530949738384628 -0.043565932103999484 0.007576896235126228 -0.0017757172697641318 -0.050507310808859777 -0.0075142621479264912 0.0038124163343431733 -0.0043503670404544939 0.021552203357552851 0.0033273079358637041 0.0031828346168456035 1.1938201650059599e-05 -0.0030562997066978527 0.049724438334066763 0.0065164092280618523 -0.016758678958534924 -0.0027047366546898727 0.01148401796130288 -0.024291080263388515 -0.00056218535857218593 0.010860500551134678 0.0062789488602583406 -0.0040407790400623774 0.0091360532165504962
leaf_weight=205.24779382825363 2166.8732893178531 869.08604815788567 46.106935770309065 67.069945519557223 35701.747520330377 1810.1699115367082 309.10410500597209 16.29514393536374 10.68526565236971 202.76022480649408 12.897563909180461 301.92114258327638 488.01254897867329 2033.7984511710529 44.971530691720545 3182.5757822557935 878.87504429765977 946.64323477842845 3566.4640966618899 14.140744005795566 59.829230735544115 83.923451049719006 1201.4531905004987 196.33710266556591 83.169884841423482 284.4133141420898 330.96413949245471 1348.6812219392741 2329.0948556094954 597.81012028176337
leaf_count=1653 25831 7898 722 617 390316 23498 3464 143 130 3941 145 6376 7977 34817 430 33222 8208 8328 31139 94 576 770 12876 1715 841 6915 7740 12996 27673 4901
internal_value=-2.08861e-12 0.000300307 0.000131508 0.00224536 -9.4409e-05 0.000136127 -0.00228611 0.000971438 0.00272248 0.005432 -0.0241896 -0.0017825 -0.00388099 -0.00277287 -0.00070405 0.00195662 -0.000882419 0.00270149 -0.00182249 0.0136825 -0.0114273 -0.00778418 -0.00108015 0.00692607 -0.0111376 0.000343119 0.00574855 0.00400015 -0.00211575 0.00637243
internal_weight=59391.1 50827.9 48610.1 4693.54 43916.6 39420.6 3103.48 1293.31 1133.26 824.153 23.5828 8563.24 2906.9 2521.81 5656.34 4626.47 5611.37 1166.03 4445.34 219.389 160.048 143.753 1443.9 242.444 385.091 36317.1 615.377 2217.77 4495.97 800.57
internal_count=665952 566089 545195 49152 496043 442539 37568 14070 12581 9117 275 99863 50011 42794 49852 48535 49422 10075 39347 1747 1489 1346 15313 2437 7217 404971 14655 20894 53504 8842
cat_boundaries=0 1 2 3 4 5 6 7 8 9
cat_threshold=13240329 1130628 2957536 4330024 919556 16283141 8323598 90750 10590097
is_linear=0
shrinkage=0.05


Tree=129
num_leaves=31
num_cat=8
split_feature=9 7 6 13 11 14 14 11 14 1 11 3 5 14 0 4 14 1 0 5 13 11 13 14 14 0 0 9 0 14
split_gain=12.062 8.47981 10.4705 8.81601 13.3338 15.3829 12.8773 12.4679 20.2166 11.6896 8.99098 9.62495 8.59451 9.42921 8.17125 9.15982 8.79755 8.08658 7.89379 7.83122 7.80512 7.62849 7.12715 10.2184 7.99876 8.83855 7.03437 8.02782 7.56127 7.0727
threshold=42.504355400696873 50.500000000000007 55.500000000000007 1.5000000000000002 44.151846785225722 0 1 55.662393162393172 2 25.095000000000002 46.531676022453894 25.515000000000004 26.835000000000004 3 4.6050000000000013 44.035000000000004 4 42.905000000000008 5.9850000000000012 34.505000000000003 5.5000000000000009 11.583184257602865 4.5000000000000009 5 6 6.3450000000000006 3.3250000000000006 14.313399778516059 3.1350000000000002 7
decision_type=2 2 2 2 2 1 1 2 1 2 2 2 2 1 2 2 1 2 2 2 2 2 2 1 1 2 2 2 2 1
left_child=1 22 3 4 6 10 21 14 -9 26 11 19 -4 -14 15 16 -5 -12 -10 -6 -2 -3 24 -24 -1 -26 28 29 -8 -28
right_child=20 2 12 7 5 -7 9 8 18 -11 17 -13 13 -15 -16 -17 -18 -19 -20 -21 -22 -23 23 -25 25 -27 27 -29 -30 -31
leaf_value=-0.0045819311995039811 0.0013624049311800708 0.015656921440137261 -0.009467656089782308 -0.0049466686381493818 -0.012817329658976901 0.0026271422290664779 0.010171204339394953 -0.018961293317626832 -0.0044299531123944231 0.021862460576255446 -0.0011601232214704766 0.0070669451209415673 -0.0056851861292446368 0.0014592136771963502 0.00032756068381120321 0.0038139990741428392 -0.00074246074243768589 -0.01688343022683882 0.01275281472749857 -0.045470009212084751 -0.0017594722508649172 -0.0019930091739048263 -0.00065175462183140011 -0.011036339059823748 -0.0007229567208466999 0.013601783958116447 0.012340420197550548 0.0085772171764545539 0.03991286033681099 -0.010770283789205198
leaf_weight=1504.9685171102174 17565.145090399892 69.69989865925163 468.04282839386724 2206.4482147795788 45.831372749060392 3890.4867424760014 71.687473730184138 225.50214648619294 246.30914296861738 167.70242607779801 2734.8823816678487 31.163492964580655 855.12335560598876 987.02720344043337 16015.571179182502 629.13540561840637 2866.434144784711 84.294809072744101 91.734228619374335 30.637505210936069 2259.6711039959919 503.18597217462957 463.82189429693972 491.73240607519983 4192.7747292801505 110.52158775227144 36.708228711038828 381.00207659229636 30.445923954248428 114.25948856770992
leaf_count=14294 158429 352 5743 52077 181 28075 463 1708 2098 911 18093 154 10220 11591 180364 11521 62182 1438 629 128 29175 2494 14581 16830 38875 927 147 1637 130 505
internal_value=-9.23372e-12 -0.000504588 -0.000172024 7.40081e-05 0.00147657 0.000570733 0.00596874 -0.000441664 -0.0077841 0.00999839 -0.00216435 -0.0163547 -0.00341737 -0.00188015 -0.000251137 -0.00187656 -0.00258229 -0.00163026 0.000226212 -0.0258997 0.00100657 0.000151713 -0.00211648 -0.00611802 -0.00145816 -0.000354231 0.00701835 0.00471084 0.0190372 -0.00504685
internal_weight=59372 39547.1 32783.3 30473.1 8191.99 6817.3 1374.69 22281.1 563.546 801.806 2926.81 107.632 2310.19 1842.15 21717.6 5702.02 5072.88 2819.18 338.043 76.4689 19824.8 572.886 6763.82 955.554 5808.26 4303.3 634.103 531.97 102.133 150.968
internal_count=665952 478348 392841 365287 54708 48069 6639 310579 4435 3793 19994 463 27554 21811 306144 125780 114259 19531 2727 309 187604 2846 85507 31411 54096 39802 2882 2289 593 652
cat_boundaries=0 1 2 3 4 5 6 7 8
cat_threshold=3933735 2157898 4232569 13935736 9853640 5587373 4596000 524417
is_linear=0
shrinkage=0.05


Tree=130
num_leaves=31
num_cat=6
split_feature=7 2 6 12 4 14 1 13 14 4 0 10 8 11 1 14 3 2 4 7 14 3 5 2 2 4 5 14 14 8
split_gain=11.5134 11.017 10.2488 12.6031 7.85922 12.3407 7.96063 7.84448 7.8332 8.83137 7.59034 7.3635 7.26644 10.6511 7.50944 7.17276 9.79178 8.62739 10.142 8.53801 8.13226 7.82855 7.49931 6.90429 14.4315 10.0323 10.0098 12.4575 9.43723 10.2925
threshold=49.500000000000007 7.2750000000000012 33.500000000000007 1.5000000000000002 21.065000000000001 0 52.790000000000006 4.5000000000000009 1 44.465000000000011 7.8450000000000006 53.500000000000007 278.50000000000006 40.175438596491233 57.190000000000005 2 61.135000000000005 1.5350000000000004 45.170000000000009 52.500000000000007 3 63.175000000000004 33.270000000000003 1.7550000000000001 3.8750000000000004 56.285000000000004 34.385000000000012 4 5 147.50000000000003
decision_type=2 2 2 2 2 1 2 2 1 2 2 2 2 2 2 1 2 2 2 2 1 2 2 2 2 2 2 1 1 2
left_child=4 2 3 -2 5 6 -1 10 9 -3 23 -9 -10 -14 -15 17 -17 19 21 -5 22 -19 -18 26 25 28 -4 -28 29 -25
right_child=1 8 7 15 -6 -7 -8 11 12 -11 -12 -13 13 14 -16 16 20 18 -20 -21 -22 -23 -24 24 -26 -27 27 -29 -30 -31
leaf_value=-0.016871703832226543 -0.006732741866603293 -0.0018579984609703817 -0.00021244837755415871 0.0002205843018126104 -0.0014481289406823724 -0.0021551396873203221 -0.059897090042304174 -0.002042152951201691 0.0053778850537108255 0.011871045043987208 0.017227986890749385 0.028073601048821773 -0.016750214586938462 0.0090323245450361824 -0.02613505243420321 0.0023947663347426975 -0.022095387327795583 -0.0010383266137522693 0.011543341987728974 -0.017749983434981947 -0.026999942278008338 0.035911730111936539 0.020242947445142101 -0.008046497587844292 3.3556573218592745e-05 0.025153542775774286 -0.00023941272101072597 0.01177247318817356 -0.0079826942943788306 0.0035587294490342196
leaf_weight=151.39364071120508 470.53021714407078 1103.0052484334446 1245.6835580721963 124.69057909329422 6361.8530943772639 342.83149137848523 11.57251662481576 6466.7010197157506 2249.5977447418263 131.05253607826307 63.582106957444921 20.361149668460712 95.325794089585543 126.36248460039496 17.252382947131991 9352.3608425435377 17.228159909136593 2021.1822691604029 181.99481057282537 140.65224119718187 42.235733071342111 14.43717066850513 26.619747726246715 306.35230863001198 25737.224308927543 28.150781253352761 380.32267359830439 504.8420009156689 1065.1758252335712 507.63145308545791
leaf_count=2118 22788 10533 11504 1652 75604 4166 103 122205 21075 1210 598 550 845 1225 155 103948 171 22360 1793 1987 394 118 244 3306 231493 253 3644 4321 10591 4998
internal_value=-2.68894e-13 0.000252107 5.17768e-05 0.00129344 -0.00192506 -0.00792378 -0.0187749 -0.000371792 0.00287384 -0.000396808 -2.92011e-05 -0.00194763 0.00447934 -0.00379288 0.00480768 0.00161022 0.00223789 -0.000781572 0.000234777 -0.00930521 -0.0145459 -0.000776267 0.00293789 -6.6052e-05 -0.000277436 -0.00447397 0.00267634 0.0067417 -0.0049178 -0.000799215
internal_weight=59308.2 52440.6 48718 12391.9 6867.65 505.798 162.966 36326 3722.6 1234.06 29839 6487.06 2488.54 238.941 143.615 11921.4 9438.44 2482.96 2217.61 265.343 86.0836 2035.62 43.8479 29775.4 27644.5 1907.31 2130.85 885.165 1879.16 813.984
internal_count=665952 583961 548918 155455 81991 6387 2221 393463 35043 11743 270708 122755 23300 2225 1380 132667 104757 27910 24271 3639 809 22478 415 270110 250641 19148 19469 7965 18895 8304
cat_boundaries=0 1 2 3 4 5 6
cat_threshold=7016755 739880 131717 14174498 11851972 6960352
is_linear=0
shrinkage=0.05


Tree=131
num_leaves=31
num_cat=4
split_feature=9 0 13 14 11 14 3 6 7 14 4 11 11 4 7 9 14 1 4 11 1 0 8 1 9 11 1 8 6 3
split_gain=12.0249 7.61835 7.22086 12.1414 10.0921 7.64908 7.55679 6.84187 6.71905 9.23111 14.3232 6.71213 7.30589 6.61253 7.59926 6.58358 8.39891 6.54611 6.41432 6.48684 6.41263 6.39941 9.88153 8.44092 12.2766 10.0962 8.77009 7.77993 7.74308 7.70553
threshold=42.504355400696873 7.2350000000000012 3.5000000000000004 0 59.417229729729733 1 29.180000000000003 56.500000000000007 47.500000000000007 2 20.655000000000005 53.390804597701155 43.804824561403514 50.105000000000011 52.500000000000007 40.031545741324926 3 46.445000000000007 41.685000000000009 65.058139534883736 39.245000000000012 3.9350000000000005 66.500000000000014 25.295000000000005 30.975856098499424 35.355392156862756 25.500000000000004 78.500000000000014 53.500000000000007 36.215000000000011
decision_type=2 2 2 1 2 1 2 2 2 1 2 2 2 2 2 2 1 2 2 2 2 2 2 2 2 2 2 2 2 2
left_child=1 2 5 4 -4 21 15 13 9 10 -2 12 -9 -8 20 -7 -17 -18 19 -13 -15 29 -23 24 25 -24 -25 -28 -27 -1
right_child=8 -3 3 -5 -6 6 7 11 -10 -11 -12 18 -14 14 -16 16 17 -19 -20 -21 -22 22 23 26 -26 28 27 -29 -30 -31
leaf_value=-0.0034352346671790365 -0.045404103178175406 0.013550839019369772 -0.0037545214893019603 -0.00050202041687940561 -0.035777042550242048 -0.00061697040726712551 0.0020156073905639202 -0.0049331147594527079 0.0012545379735164673 0.0012232849184923736 -0.0056026246580516813 -0.039675257987951344 0.017068838322224483 0.028793433549925099 0.0024178433464561379 -0.0096899006893833104 0.015474531046610607 -0.020307552176407517 0.013795532152928797 -0.010801719149334831 -0.0051151234836918757 0.0027676083048052296 -0.002608757557173158 -0.021235506026309317 0.023770388648848478 0.0051232800123741998 -0.01119378471266627 -0.0016615711988450497 -0.005673397811555703 -0.021999035644104849
leaf_weight=1279.2188905065414 23.561834584921598 96.178203143179417 3631.1625529755256 8276.3135614143102 24.772058450616896 7531.2640038072132 6122.7003470086493 183.65776125248522 18448.515811167657 765.40829753736034 555.9422364984639 30.761465212330222 47.485730733722448 71.394364921376109 107.90542226471007 49.735675607342273 176.35819168761373 13.780567424371837 15.297621954232453 52.911927153356373 17.326914978213608 1840.2738844268024 1239.578598852735 59.487256010062993 58.782908426597714 1185.0425805142149 220.90979984682053 6899.7360651714262 193.12660939618945 58.453910066746175
leaf_count=13380 261 895 81269 164581 273 65517 52376 1719 174394 7398 5551 206 330 533 864 477 1553 136 137 506 161 14086 13974 463 427 5937 1782 55265 1019 482
internal_value=2.93411e-12 -0.000504218 -0.000538539 -0.00156546 -0.00396067 -9.22309e-05 0.000701031 0.00193888 0.00100581 -0.0024061 -0.00709841 -0.00507839 -0.00041307 0.00230545 0.0113309 -0.000357244 0.00779732 0.0122376 -0.0159741 -0.0214167 0.0221712 -0.000969634 -0.000595724 -0.00122367 0.00117284 0.000665404 -0.00211702 -0.0019573 0.00361031 -0.00424644
internal_weight=59277 39483.6 39387.4 11932.2 3655.93 27455.2 14420.6 6649.44 19793.4 1344.91 579.504 330.115 231.143 6319.33 196.627 7771.14 239.874 190.139 98.971 83.6734 88.7213 13034.6 11696.9 9856.66 2676.53 2617.75 7180.13 7120.65 1378.17 1337.67
internal_count=665952 478348 477453 246123 81542 231330 124515 56832 187604 13210 5812 2898 2049 53934 1558 67683 2166 1689 849 712 694 106815 92953 78867 21357 20930 57510 57047 6956 13862
cat_boundaries=0 1 2 3 4
cat_threshold=10880560 5874059 7948562 262192
is_linear=0
shrinkage=0.05


Tree=132
num_leaves=31
num_cat=6
split_feature=0 1 4 5 14 9 4 4 14 5 7 14 5 0 7 3 13 1 14 4 6 14 4 2 5 8 14 2 5 0
split_gain=11.5902 10.589 9.66859 8.90838 17.3694 8.98765 9.62994 8.62107 8.52662 8.9692 8.23366 9.74729 8.79592 7.90978 7.81567 8.75544 7.71536 7.64026 7.37937 7.17907 9.75481 9.56374 11.4781 9.9457 7.19893 7.16182 6.98696 7.52494 6.96891 9.33197
threshold=6.8950000000000005 53.235000000000007 23.825000000000003 41.845000000000006 0 50.589975635224512 28.365000000000006 24.675000000000004 1 25.720000000000002 48.500000000000007 2 41.190000000000005 4.2650000000000006 56.500000000000007 70.090000000000018 2.5000000000000004 53.235000000000007 3 39.82500000000001 52.500000000000007 4 40.305000000000007 7.1950000000000012 18.775000000000002 4.5000000000000009 5 6.6750000000000007 29.175000000000004 4.0650000000000004
decision_type=2 2 2 2 1 2 2 2 1 2 2 1 2 2 2 2 2 2 1 2 2 1 2 2 2 2 1 2 2 2
left_child=2 18 8 10 -5 7 -7 -6 13 -10 11 25 14 -1 19 26 -15 -9 -2 -12 21 22 -21 24 -23 -4 28 -28 29 -16
right_child=1 -3 3 4 5 6 -8 17 9 -11 12 -13 -14 16 15 -17 -18 -19 -20 20 -22 23 -24 -25 -26 -27 27 -29 -30 -31
leaf_value=-0.0057790700181940087 0.0092977762252460378 0.00040771291715035394 -0.03921998653197057 -0.001548472687312092 0.02546922930820078 -0.019236588534114682 0.018456479532478001 0.0035226102137883662 -0.00043555032462304886 -0.0055494580345366099 -5.7047490883392079e-05 -0.00052916786712968629 -0.0059268910559487041 0.0035867209023451164 0.012555463614612284 -0.040014359514005039 -0.0014558610180391337 -0.02920792323019468 0.0029329706844026301 0.015838667390168797 -0.003129403453838866 -0.007259426203698423 0.0037901259220177496 0.011255334806662656 0.0009540810522777279 -0.0052440378419851439 -0.0031046955594392529 -0.016236957214229519 0.0040161904339833104 -0.0091561100195095921
leaf_weight=539.74874159440515 641.74268052668776 3529.1972027965821 15.677096770436036 2091.9327878048643 44.608315925463103 18.769633999094367 174.30661083152518 2877.1881095932913 1371.7739129910478 2286.6441979633528 25358.252412190646 2743.2166560656915 609.69779485330218 1364.7202959298156 61.464028492453508 15.325896986760197 1707.8409999069991 17.94079575361684 1632.4193267318187 217.09684706269763 927.8239940663334 286.38728386553703 2208.9043931381893 221.85584532935172 3896.2904997455189 1457.7640578858845 1838.1485049414914 115.96675546700135 703.48785308320657 254.07734867488034
leaf_count=9948 6201 32662 270 23509 522 172 1501 32617 16275 27495 289936 32938 6945 11500 988 126 21402 165 15947 2228 9890 3217 22514 2033 42175 17401 23170 1134 8277 2794
internal_value=-1.46595e-11 0.00212219 -0.000230517 3.64424e-05 0.00198068 0.0043284 0.0147922 0.00365588 -0.00192524 -0.00362203 -0.000211733 -0.00230428 2.85935e-05 -0.000196216 0.000129162 -0.00231972 0.000783871 0.00331978 0.00478283 0.000350151 0.00168108 0.00233451 0.00484834 0.000936777 0.000391704 -0.00556775 -0.00212541 -0.00386425 0.00123484 -0.00492693
internal_weight=59230.3 5803.36 53426.9 46156.2 5224.75 3132.81 193.076 2939.74 7270.73 3658.42 40931.4 4216.66 36714.8 3612.31 36105.1 2988.47 3072.56 2895.13 2274.16 33116.6 7758.36 6830.53 2426 4404.53 4182.68 1473.44 2973.14 1954.12 1019.03 315.541
internal_count=665952 54810 611142 524522 58486 34977 1673 33304 86620 43770 466036 50609 415427 42850 408482 36489 32902 32782 22148 371993 82057 72167 24742 47425 45392 17671 36363 24304 12059 3782
cat_boundaries=0 1 2 3 4 5 6
cat_threshold=2390616 2067085 5531718 2396419 2115789 4224082
is_linear=0
shrinkage=0.05


Tree=133
num_leaves=31
num_cat=7
split_feature=2 13 8 11 11 14 4 14 6 5 8 5 11 5 13 14 1 2 12 3 14 14 0 14 2 7 4 9 14 4
split_gain=11.2883 8.10086 7.29507 12.7699 8.89557 9.83637 6.76157 8.72161 8.48549 8.22519 7.07213 7.01929 6.53876 6.65011 5.87279 9.4607 10.7687 8.56994 8.22742 9.94099 12.6658 9.12502 9.07398 16.8487 7.65117 7.6421 10.7901 12.2004 11.7457 10.2634
threshold=5.7750000000000012 5.5000000000000009 118.50000000000001 25.211864406779664 10.367218987908645 0 52.895000000000003 1 56.500000000000007 26.48 171.50000000000003 30.365000000000006 42.462121212121218 51.625000000000007 1.5000000000000002 2 25.685000000000006 3.0050000000000003 2.5000000000000004 32.815000000000005 3 4 5.7550000000000008 5 5.7150000000000007 47.500000000000007 29.525000000000002 8.7778568041725951 6 29.845000000000002
decision_type=2 2 2 2 2 1 2 1 2 2 2 2 2 2 2 1 2 2 2 2 1 1 2 1 2 2 2 2 1 2
left_child=1 6 3 -3 -4 -6 14 8 9 -8 -11 -12 13 -9 15 16 17 -1 22 21 -21 -20 -16 -24 -25 26 28 -28 -17 -29
right_child=-2 2 4 -5 5 -7 7 12 -10 10 11 -13 -14 -15 18 25 -18 -19 19 20 -22 -23 23 24 -26 -27 27 29 -30 -31
leaf_value=-0.016658979707976015 0.0008416095266701425 -0.0046158989070582889 -0.0059844630139913868 -0.023110379470171263 -0.0051698993350071621 0.0071743887720601271 -0.0017535703358349062 -0.0027098777909668583 -0.0318942828470744 0.027209222466777525 0.037421068052041657 0.0022877111896554302 0.0076736370320652078 -0.03620284710733964 -0.0019012611334720362 0.000184503028701556 -0.012695019450812074 0.0065142411893289801 0.0038568877948992487 0.0017615026401699855 -0.0044929858595297058 -0.00039393170082442538 -0.0080693657017140985 0.010193993207773398 -0.025956079618258267 0.0013628571925098963 -0.036075241431318059 0.038927289095013695 -0.023757461722271677 6.6593021070854321e-05
leaf_weight=50.386700476519763 23819.095894300612 431.74709808075568 629.42707062227419 119.07645408913959 259.08084312640131 397.53669648559298 68.954378755064681 285.01167735271156 10.866243881639091 105.44014262163546 17.283522507175803 80.115339839830995 176.44446687959135 15.633382286410777 14218.16649975926 98.819077189546078 281.29777510883287 191.65355693362653 2507.3995653484017 1415.7902060318738 1871.4293736922555 2535.8668269454502 199.54967433866113 472.75721286050975 15.104564011096953 8299.8220425343607 22.688977885991335 17.585464932955801 110.0582947647199 502.29969454766251
leaf_count=267 231886 26453 31026 2501 6688 8634 693 3170 107 979 168 771 1303 185 212072 692 1743 893 21605 12036 15874 21772 1883 3982 123 53994 159 96 767 3430
internal_value=-1.57572e-11 -0.000566165 -0.00379934 -0.00861402 -0.00173717 0.00233424 -0.000389256 0.00427399 0.0110419 0.0131647 0.0182361 0.00852216 3.21317e-05 -0.00445149 -0.000497236 0.000544854 -0.00592869 0.00169016 -0.000926638 0.000331881 -0.00180752 0.00172635 -0.00163 0.00398058 0.00889249 0.000924678 -0.00390273 -0.00018524 -0.0135592 0.00138108
internal_weight=59226.4 35407.3 1836.87 550.824 1286.04 656.618 33570.4 759.749 282.66 271.793 202.839 97.3989 477.09 300.645 32810.7 9574.61 523.338 242.04 23236.1 8330.49 3287.22 5043.27 14905.6 687.411 487.862 9051.27 751.452 542.574 208.877 519.885
internal_count=665952 434066 75302 28954 46348 15322 358764 7376 2718 2611 1918 939 4658 3355 351388 62041 2903 1160 289347 71287 27910 43377 218060 5988 4105 59138 5144 3685 1459 3526
cat_boundaries=0 1 2 3 4 5 6 7
cat_threshold=14919188 3377346 2 11403443 5267365 401156 11854149
is_linear=0
shrinkage=0.05


Tree=134
num_leaves=31
num_cat=6
split_feature=9 13 7 6 13 11 14 14 11 14 1 2 14 2 1 1 5 14 0 11 5 0 5 10 11 14 2 3 6 9
split_gain=10.6996 6.82834 6.62651 8.81137 7.79235 10.9195 12.6571 10.8246 10.68 17.8477 10.4127 8.97985 7.66711 10.7453 7.66557 7.55599 7.47221 9.13159 7.38185 7.2102 6.93926 6.618 6.52612 8.15052 9.17736 8.87973 9.23538 6.67503 9.21959 7.46249
threshold=42.504355400696873 5.5000000000000009 50.500000000000007 55.500000000000007 1.5000000000000002 44.151846785225722 0 1 55.662393162393172 2 25.095000000000002 5.8050000000000006 3 5.8050000000000006 43.065000000000005 45.550000000000004 26.835000000000004 4 6.2250000000000005 11.583184257602865 32.975000000000001 7.1350000000000007 27.790000000000003 16.500000000000004 37.176079734219279 5 4.6350000000000007 24.395000000000003 44.500000000000007 16.22214319582741
decision_type=2 2 2 2 2 2 1 1 2 1 2 2 1 2 2 2 2 1 2 2 2 2 2 2 2 1 2 2 2 2
left_child=2 -2 -1 4 5 7 14 19 12 11 22 18 -6 15 -7 -14 -5 -18 -10 -4 -17 -15 -9 24 25 26 -24 28 -25 -30
right_child=1 -3 3 16 8 6 -8 10 9 -11 -12 -13 13 21 -16 20 17 -19 -20 -21 -22 -23 23 27 -26 -27 -28 -29 29 -31
leaf_value=-0.0019031685056571535 0.0012823956426153398 -0.0016421450696573064 0.015666370752672774 -0.0088108553323000983 -0.0014136555448581892 -0.0019440858036215737 0.0021179829282495385 -0.0023643186106266255 -0.0084672161816218439 -0.016311083227463111 0.019822703286379376 0.012404862328837616 -0.00014997332122019202 0.0026984324027295912 -0.019591525292794953 -0.022413942292756991 -0.0057573325754583134 0.0013355204253886084 0.030953041869024828 -0.0024649875158552458 -0.0011493718396385032 0.020108120847553292 0.02814611933920072 0.0053742179145698076 0.028971639870041907 -0.0023535643428262542 -0.0069225862759921602 0.015895896367117492 0.0022239497304777619 -0.035157820966344983
leaf_weight=6744.0887998171384 17517.111372153857 2252.5635570657905 62.284538723528385 466.88974360376596 8684.790508065038 2295.2824179348536 4439.3604371233378 168.11271839588881 162.0610665967688 266.00920451804996 176.17186895757914 115.11070538498461 9548.4493093107885 3190.4998209374025 63.23000329779461 73.55931403953582 787.00292785046622 1050.0720896911807 12.814976925030349 458.19400701858103 80.188258009962738 55.53662069234997 80.196716960519552 97.479673404246569 79.646704733371735 99.490310968831182 24.512198224663734 59.078665234148502 22.309098266065121 33.247202491387725
leaf_count=85507 158429 29175 322 5743 126594 14986 32009 779 1474 2111 984 776 146682 31058 1074 656 9393 12418 74 2288 706 448 372 434 324 514 114 252 96 160
internal_value=3.34366e-12 0.000949172 -0.000476317 -0.000181605 4.47108e-05 0.00136602 0.000547623 0.00545453 -0.000441115 -0.00728354 0.0089101 0.00150803 -0.000265256 0.000505713 -0.002407 -0.000327032 -0.00316262 -0.00172713 -0.00557849 -0.000289682 -0.0113232 0.0029963 0.00614928 0.00903508 0.014576 0.00896108 0.0181986 0.00162035 -0.00389064 -0.0201469
internal_weight=59165.3 19769.7 39395.7 32651.6 30347.6 8158.6 6797.87 1360.72 22189 555.996 840.245 289.987 21633 12948.2 2358.51 9702.2 2303.96 1837.08 174.876 520.479 153.748 3246.04 664.073 495.961 283.846 204.199 104.709 212.115 153.036 55.5563
internal_count=665952 187604 478348 392841 365287 54708 48069 6639 310579 4435 4029 2324 306144 179550 16060 148044 27554 21811 1548 2610 1362 31506 3045 2266 1324 1000 486 942 690 256
cat_boundaries=0 1 2 3 4 5 6
cat_threshold=2884647 2155850 4155910 9640833 5547128 9175588
is_linear=0
shrinkage=0.05


Tree=135
num_leaves=31
num_cat=6
split_feature=0 1 14 4 5 14 14 1 5 8 2 4 3 9 7 14 0 9 11 8 14 0 6 9 5 4 14 4 5 10
split_gain=10.5437 13.2998 12.4053 8.85283 7.30709 15.4741 10.1148 9.10622 8.79307 8.82447 8.3771 10.7465 8.23962 7.81644 7.05765 6.9599 6.73632 8.04119 6.8378 6.54155 6.61924 8.62906 6.53274 10.5251 6.61412 8.44168 7.05049 8.01334 10.5856 6.46326
threshold=5.9850000000000012 39.405000000000008 0 25.845000000000002 33.270000000000003 1 2 45.845000000000006 32.895000000000003 195.50000000000003 6.3650000000000011 52.895000000000003 38.905000000000008 42.880184331797238 48.500000000000007 3 4.4250000000000007 33.099818422731524 42.740046838407501 18.500000000000004 4 5.7750000000000012 40.500000000000007 14.841229838709678 39.005000000000003 39.715000000000011 5 37.525000000000006 36.085000000000008 7.5000000000000009
decision_type=2 2 1 2 2 1 1 2 2 2 2 2 2 2 2 1 2 2 2 2 1 2 2 2 2 2 1 2 2 2
left_child=3 2 -2 -1 5 -5 -6 22 9 10 11 -7 16 19 -3 -11 18 -18 29 -12 21 -21 -8 -24 25 26 27 -25 -29 -13
right_child=1 14 -4 4 6 8 7 -9 -10 15 13 12 -14 -15 -16 -17 17 -19 -20 20 -22 -23 23 24 -26 -27 -28 28 -30 -31
leaf_value=-0.0021317955414567624 0.014898039570932909 -0.002582937892637454 0.0021630034722641424 0.0014202251505114963 -0.0017892841080898389 -0.0038537059081567926 0.0022123926050745752 0.019312177688773857 -0.01041706040815958 0.0024751211668455416 0.025066696559743556 0.011250676217050056 0.036701009646457589 0.022527558819587006 0.00089824199792704084 -0.001795006717028266 0.025859746383473822 -0.007427389907681211 0.018679192469705983 0.02316981588697142 -0.0060526639411964626 -0.017374928899434636 -0.010792663460052096 0.0026253773162413724 0.0025561313910590347 0.0032859361140365577 -0.0045781815311946783 0.0020676269890170904 -0.027384117703835222 -0.030094152242772333
leaf_weight=6847.6325679526199 306.31832064175978 1575.5702261344995 514.60334587097168 4706.241238827788 3461.3879238239897 5395.5140421256947 6749.6334562369302 69.496031385846436 304.72870235075243 1681.0162414965453 26.413426873856224 13.406604327319654 23.189528160728514 52.035592384869233 19177.40740803571 2180.1951081313891 51.925683171488345 27.88653270713985 17.769968643784523 51.280907323583961 181.01146357459947 17.636246834881604 220.81402033613995 841.16745688882656 2081.9480472693685 845.64513381267898 1537.4577947849175 68.710422892589122 54.875499363522977 32.049852049793117
leaf_count=87792 2997 15581 5304 58118 41572 70528 84788 611 3655 19158 224 221 175 491 182059 23678 497 267 93 464 1813 171 3232 9742 23792 9049 17871 724 616 669
internal_value=-3.34528e-12 0.00088086 0.00712278 -0.000506208 -0.000143543 -0.000944974 0.000599088 0.00126248 -0.00205126 -0.00179193 -0.00300975 -0.00346793 0.00905375 0.00475046 0.00063395 6.57968e-05 0.00457156 0.0142292 -0.00761946 0.00140301 -0.00109786 0.011173 0.00116234 -9.19392e-05 0.000343228 -0.00103292 -0.00249252 0.000869689 -0.0110097 -0.0179002
internal_weight=59115 21573.9 820.922 37541.1 30693.4 14762.3 15931.1 12469.7 10056.1 9751.33 5890.12 5561.74 166.228 328.378 20753 3861.21 143.039 79.8122 63.2264 276.342 249.929 68.9172 12400.3 5650.62 5429.8 3347.86 2502.21 964.753 123.586 45.4565
internal_count=665952 205941 8301 460011 372219 180222 191997 150425 122104 118449 75613 72450 1922 3163 197640 42836 1747 764 983 2672 2448 635 149814 65026 61794 38002 28953 11082 1340 890
cat_boundaries=0 1 2 3 4 5 6
cat_threshold=602820 10891784 10756104 4277472 525506 5377541
is_linear=0
shrinkage=0.05


Tree=136
num_leaves=31
num_cat=9
split_feature=0 1 5 14 4 10 14 8 14 0 14 9 0 6 14 1 14 6 9 14 1 1 5 14 4 7 14 2 6 4
split_gain=10.3284 11.7771 9.17063 11.7041 8.62663 8.35281 10.2253 8.33902 9.53456 8.08672 8.00868 13.3839 7.79993 11.2378 10.648 7.60227 7.55834 7.51974 8.07002 9.75388 7.98187 7.47947 7.41955 14.2106 9.0371 9.49183 7.87073 7.08303 7.01736 6.95611
threshold=7.035000000000001 54.355000000000011 28.355000000000004 0 27.085000000000004 53.500000000000007 1 275.50000000000006 2 1.0000000180025095e-35 3 47.081002016529872 4.0850000000000009 22.500000000000004 4 20.080000000000002 5 39.500000000000007 54.207180842694861 6 6.2750000000000012 60.540000000000006 18.775000000000002 7 29.765000000000004 46.500000000000007 8 6.2650000000000006 55.500000000000007 27.790000000000003
decision_type=2 2 2 1 2 2 1 2 1 2 1 2 2 2 1 2 1 2 2 1 2 2 2 1 2 2 1 2 2 2
left_child=4 2 3 -2 9 17 -7 -3 21 -1 11 -4 14 15 -11 -14 -15 20 -19 -20 -6 -9 23 24 -22 -26 -24 -5 -18 -25
right_child=1 7 10 27 5 6 -8 8 -10 12 -12 -13 13 16 -16 -17 28 18 19 -21 22 -23 26 29 25 -27 -28 -29 -30 -31
leaf_value=0.039270282983306051 0.0093134445887001118 0.0013671544194664275 0.016314790597522794 -0.043045272398998136 -0.0087651565360205106 0.01365646240429997 0.0007918715316600763 0.0073600443222866605 -0.014764433997850521 -0.011038377933583993 0.008989576290269129 -0.014283532330700791 0.046314699136288232 0.00037441116131690271 -0.0013021094301811347 0.008147410424662686 -0.0019913046867559795 -0.00079335966438252132 0.012609278312645359 -0.00097371782018115533 0.024325828152609082 -0.028271944066914037 -0.00028396077818940477 -0.0354039537388154 -0.031160231318259402 0.0037318354501663063 0.0017278123386956301 -0.0079029903738038372 -0.0099220202243964477 -0.0070513646253900905
leaf_weight=12.214224930969065 117.64961120253429 2283.294310957659 55.729249514173716 15.871837067417799 220.7233937910205 241.58762354071951 417.02223406516714 119.33569803740829 171.56113184057176 469.02251730166608 1140.0794607813004 99.624086047289893 14.064171147067098 4290.1518525104038 703.75484180636704 180.3394169760868 5649.4959292950807 20015.803655200056 241.02353520877659 283.55404204316437 49.798418201506138 16.801030725706369 7679.2534593582386 22.440553375519812 20.901178973261267 288.91383710550144 13247.523020685418 148.40449583064765 293.4124150457792 601.31145054521039
leaf_count=371 1170 20984 555 176 18179 6228 10342 1138 1658 10272 11343 982 194 46164 14185 1967 61599 216230 2168 2416 549 162 83250 251 236 3216 138975 1328 3462 6202
internal_value=-5.01492e-12 0.00239952 0.00580576 -0.00236654 -0.000182046 0.000142297 0.00573017 0.000325855 -0.00740119 -0.00139228 0.0075843 -0.00310712 -0.00143509 -0.00100028 -0.00530111 0.0109086 -0.00122652 5.60512e-05 -0.000632916 0.00548896 0.000695505 0.00275987 0.000790812 -0.00345372 0.00443242 0.0013779 0.000990266 -0.01065 -0.00237886 -0.00794404
internal_weight=59110.7 4168.35 1577.36 281.926 54942.3 43329.9 658.61 2590.99 307.698 11612.5 1295.43 155.353 11600.2 10427.5 1172.78 194.404 10233.1 42671.2 20540.4 524.578 22130.9 136.137 21910.1 983.365 359.613 309.815 20926.8 164.276 5942.91 623.752
internal_count=665952 39496 15554 2674 626456 488242 16570 23942 2958 138214 12880 1537 137843 113386 24457 2161 111225 471672 220814 4584 250858 1300 232679 10454 4001 3452 222225 1504 65061 6453
cat_boundaries=0 1 2 3 4 5 6 7 8 9
cat_threshold=9786146 8451408 13720113 8388656 1774746 1772697 11162418 15780224 7522309
is_linear=0
shrinkage=0.05


Tree=137
num_leaves=31
num_cat=7
split_feature=4 9 14 13 3 14 7 14 5 14 2 1 6 8 5 8 2 5 14 9 14 8 1 0 14 6 5 5 4 13
split_gain=10.285 8.67988 9.04227 8.44745 8.56796 8.50876 7.2553 9.5703 7.19106 9.13498 12.3087 12.938 13.3298 7.81902 9.18223 7.83751 14.0365 10.0811 12.698 9.85252 7.7698 7.55136 7.4958 7.13511 7.07109 7.00856 6.99111 8.12618 10.2294 7.81883
threshold=35.595000000000006 53.498971193415649 0 4.5000000000000009 41.695000000000007 1 60.500000000000007 2 28.955000000000002 3 4.6350000000000007 48.015000000000008 26.500000000000004 215.50000000000003 24.555000000000003 70.500000000000014 3.8750000000000004 26.685000000000006 4 20.273383983061404 5 260.50000000000006 49.615000000000002 7.0550000000000006 6 38.500000000000007 37.195000000000007 41.305000000000007 46.755000000000003 5.5000000000000009
decision_type=2 2 1 2 2 1 2 1 2 1 2 2 2 2 2 2 2 2 1 2 1 2 2 2 1 2 2 2 2 2
left_child=3 8 26 4 6 -6 -1 -8 9 10 -2 12 -12 15 20 16 -11 -17 -19 -18 23 -14 -13 -15 -5 -23 29 28 -28 -3
right_child=1 2 -4 24 5 -7 7 -9 -10 13 11 22 21 14 -16 17 19 18 -20 -21 -22 25 -24 -25 -26 -27 27 -29 -30 -31
leaf_value=-0.00064984708018408306 -0.013743778093807779 0.016740854559895973 0.0015901212648295375 -0.00056882950313979792 0.0026619343655508282 -0.00037143796437940225 0.0051246227629693063 -0.019978805749936407 0.0010947890018494731 -0.010292242452233926 0.03344570564531963 -0.036392109689645576 0.0019884952442573846 0.0022096686820321787 -0.0007390939536195398 -0.0054984743833268891 0.020973079337865259 0.0083853875179501127 -0.0051947856699009858 0.0036317372108912432 0.011365991043160254 0.0084422480422270772 -0.0084580136139922029 -0.032356573897378865 -0.0038723315329368714 -0.025595917405432458 -0.021123279312711463 0.011775531544762798 0.025850258783720156 -0.0028880725001879355
leaf_weight=20513.112831087841 306.10786249177181 314.10318996175192 980.59548536804505 3399.2478720593499 4477.1775965540437 4769.8517814580118 58.338250439614058 96.879235824337229 16061.137582480558 150.17810687416932 30.799430687911808 34.848881373181939 454.86663694260642 214.9880329715088 749.63867041794583 1404.0587882187101 102.28111409605481 350.93810486036818 320.53626231092494 411.19048988888972 413.47069426486269 21.570699816569686 77.251586292870343 16.043260230217129 3107.1434358759725 50.593261947855353 56.449047941947356 79.742347782477736 14.584499794989823 60.505372676067054
leaf_count=195942 4221 2682 8969 70284 38425 44067 597 1085 175270 2649 271 321 4510 2254 7664 16287 1063 3843 3712 4020 4041 192 671 153 70388 513 527 708 123 500
internal_value=-9.3372e-12 0.000835943 0.00450365 -0.000520465 -0.000165345 0.00109972 -0.000731336 -0.0115007 0.000575037 -0.00105879 -0.00538211 -0.00164179 0.00147309 -2.48028e-05 0.00302341 -0.00157632 0.0031535 -0.00308867 0.00195025 0.00708605 0.00739968 -0.000395377 -0.0171419 -0.000182767 -0.00215325 -0.0154215 0.00972618 0.000819976 -0.0114787 0.0135705
internal_weight=59098.2 22676.5 1505.98 36421.8 29915.4 9247.03 20668.3 155.217 21170.5 5109.36 976.038 669.93 557.83 4133.32 1394.14 2739.18 663.65 2075.53 671.474 513.472 644.502 527.031 112.1 231.031 6506.39 72.164 525.384 150.776 71.0335 374.609
internal_count=665952 245164 13509 420788 280116 82492 197624 1682 231655 56385 10699 6478 5486 45686 14112 31574 7732 23842 7555 5083 6448 5215 992 2407 140672 705 4540 1358 650 3182
cat_boundaries=0 1 2 3 4 5 6 7
cat_threshold=1578035 14790154 3424341 132614 13727784 2660448 1912217
is_linear=0
shrinkage=0.05


Tree=138
num_leaves=31
num_cat=7
split_feature=12 1 14 1 0 14 9 14 3 2 14 7 0 13 10 7 8 4 13 6 8 14 14 4 4 14 11 4 2 6
split_gain=10.2805 8.76867 10.9295 7.99938 9.39354 8.33187 8.0256 9.41474 9.13715 13.0496 8.58347 8.33684 7.94872 7.4072 7.1381 9.2947 7.06254 7.01222 6.55838 8.2519 7.75312 7.85884 7.5651 7.10906 6.74267 6.52286 7.94004 7.57488 6.82051 8.0755
threshold=3.5000000000000004 58.995000000000012 0 49.025000000000013 6.6850000000000014 1 48.364824717765906 2 69.310000000000016 7.8250000000000011 3 56.500000000000007 7.3750000000000009 2.5000000000000004 26.500000000000004 50.500000000000007 20.500000000000004 31.040000000000003 5.5000000000000009 56.500000000000007 274.50000000000006 4 5 48.335000000000008 34.335000000000008 6 45.049019607843142 58.100000000000009 7.3650000000000011 27.500000000000004
decision_type=2 2 1 2 2 1 2 1 2 2 1 2 2 2 2 2 2 2 2 2 2 1 1 2 2 1 2 2 2 2
left_child=1 18 -3 4 6 -6 8 11 9 10 -2 13 25 -8 15 -9 -17 -10 19 -1 22 -22 -21 24 -24 27 -27 28 29 -5
right_child=3 2 -4 12 5 -7 7 14 17 -11 -12 -13 -14 -15 -16 16 -18 -19 -20 20 21 -23 23 -25 -26 26 -28 -29 -30 -31
leaf_value=-0.00015004300384975473 0.0022009376060790806 -0.0041424020106687462 0.026514903694066838 0.0049406334035325891 0.0091238932715725553 0.0023475824002265533 0.0087798552650177417 -0.02484574153697236 -0.028617233735321129 0.019025561875944473 -0.0016637632291024718 -0.033544792685678164 0.0032044650409362046 -0.0028271433906409921 0.012073319403397502 0.018159675566693338 1.7725957501558886e-05 -0.0042536595237609234 -0.0031210386443365876 -0.0080628639004312417 -0.0088971867207126767 0.017372697074304919 -0.0041196551026721822 -0.01959018758425082 0.0044793061699755551 -0.0020284036990442871 0.0027359394056576118 0.020121404789278045 0.0023394062477410703 -0.0052174742129449227
leaf_weight=37922.123114268295 3076.1730124091264 53.264771973248571 56.600273879943416 216.78068042942323 772.73729989817366 1135.888681963319 205.2852730890736 28.672800465486944 45.093473457731307 95.633883625268936 2678.8918791094329 17.961792377755046 1431.8624866690952 415.98321695486084 484.60879983613268 74.639246796257794 190.72587838838808 85.588564719073474 2188.2788473813562 766.16857128217816 38.057007122784853 73.853841350413859 530.31450206413865 51.031414947006851 399.86417186632752 1644.8604450002313 1867.1859618799062 35.705357265658677 480.90815547457896 2007.360960511025
leaf_count=396758 28705 472 414 2010 7589 11375 2238 263 486 879 27844 177 13531 3619 4388 662 1790 829 85687 8275 381 735 5799 499 3935 14569 18269 299 4453 19022
internal_value=-2.75701e-12 -0.00041916 0.013688 0.00103799 0.00202371 0.00515118 0.00121699 0.00459917 0.00041525 0.000707314 0.000402914 3.66683e-05 -0.000155949 0.00100815 0.00823847 0.00219838 0.00512051 -0.0126606 -0.000456089 -0.000309497 -0.00356172 0.00919656 -0.00437882 -0.00140567 -0.000423143 -0.000925469 0.000503136 -0.00274791 -0.00305994 -0.00422739
internal_weight=59072.1 42079.6 109.865 16992.5 9307.88 1908.63 7399.26 1417.88 5981.38 5850.7 5755.06 639.23 7684.66 621.268 778.647 294.038 265.365 130.682 41969.7 39781.4 1859.29 111.911 1747.38 981.21 930.179 6252.8 3512.05 2740.76 2705.05 2224.14
internal_count=665952 502955 886 162997 90844 18964 71880 13137 58743 57428 56549 6034 72153 5857 7103 2715 2452 1315 502069 416382 19624 1116 18508 10233 9734 58622 32838 25784 25485 21032
cat_boundaries=0 1 2 3 4 5 6 7
cat_threshold=10603644 6128322 10623801 866619 2229874 5826992 6136020
is_linear=0
shrinkage=0.05


Tree=139
num_leaves=31
num_cat=8
split_feature=7 12 1 14 0 1 14 6 0 14 5 9 9 8 0 9 4 14 1 11 6 4 14 14 5 14 1 7 1 14
split_gain=10.2947 9.47766 8.43728 12.5253 7.1386 13.9841 11.8349 9.16533 8.95709 10.629 8.61222 8.69691 7.82233 9.34221 8.05086 9.79133 9.5284 7.87912 7.67714 7.31746 7.28688 7.15236 15.3394 10.5059 7.74229 7.1069 8.11394 7.17448 6.94616 9.68436
threshold=49.500000000000007 3.5000000000000004 45.550000000000004 0 6.785000000000001 53.235000000000007 1 23.500000000000004 7.4050000000000011 2 21.135000000000002 48.03321528040437 43.079342041606203 240.50000000000003 7.0950000000000006 44.665349143610023 50.105000000000011 3 51.645000000000003 74.488944513975824 27.500000000000004 36.715000000000011 4 5 24.795000000000005 6 51.440000000000005 54.500000000000007 58.995000000000012 7
decision_type=2 2 2 1 2 2 1 2 2 1 2 2 2 2 2 2 2 1 2 2 2 2 1 1 2 1 2 2 2 1
left_child=-1 28 3 -3 6 7 -4 -6 9 -7 -8 20 -9 14 15 -14 17 -16 -13 21 -12 23 24 -10 -23 -17 27 -27 -2 -30
right_child=1 2 4 -5 5 8 10 12 19 -11 11 18 13 -15 16 25 -18 -19 -20 -21 -22 22 -24 -25 -26 26 -28 -29 29 -31
leaf_value=-0.0018235986876434342 -0.00023745322762688177 0.0052706152029381422 0.0022044850529464545 0.00040669884696012821 0.03516304455595233 -0.0062490735844271065 -0.012197818818466939 0.014779652424219483 0.0050684775198654051 0.00074129553903452957 0.0092886447528264405 0.002492191663200399 -0.023497002454437383 0.0068852466221150923 0.012860378974276618 0.0043770311460925573 0.040501931403780722 -0.0017019944535618297 -0.0058326435076364626 0.013992082562127379 -0.0063765809397560817 0.026756514746871837 0.013964414010198071 -0.0080200487843101118 -0.015829664968284644 0.0021892177210465925 -0.014859180632956312 -0.020219101559229374 -0.004971842650071983 0.027011798280288254
leaf_weight=6842.1814799117565 36363.786265982286 2694.3511643228121 1770.2404297038447 2609.4919631478842 24.019424729514867 968.18341235001571 233.14869011356495 161.16201532445848 291.6067862296477 1226.13241757988 79.506271834019572 1101.2710116747767 50.529081906192005 1047.4275333469268 154.55401574994903 362.50675724633038 19.579386193305254 214.02245606482029 369.98285175394267 137.38252149824984 1119.6568983336911 12.281447930261491 236.91361773572862 303.11256085522473 81.474191090092063 287.50400017038919 143.17116256966256 40.78757499018684 42.538906889269128 44.464882860891521
leaf_count=81991 432717 25419 16711 26673 209 8824 2250 1521 2336 11455 779 10169 488 10290 1443 3451 178 2210 3422 2627 10723 75 1791 2456 686 2649 1316 388 364 341
internal_value=-2.19618e-12 0.000239073 0.00126443 0.00288827 0.000439163 0.00161688 -0.00101285 0.00442539 -0.000543345 -0.00236812 -0.00297175 -0.00217737 0.00412784 0.00338792 0.000509527 -0.00212493 0.00651271 0.00470714 0.000398708 0.00322429 -0.00533795 0.00162571 0.00752082 -0.00165202 -0.00926311 -0.00083002 -0.00482423 -0.000594835 -0.000203692 0.0139072
internal_weight=59033 52190.8 15740 5303.84 10436.2 5762.35 4673.81 2505.26 3257.09 2194.32 2903.57 2670.42 2481.24 2320.08 1272.65 884.499 388.156 368.576 1471.25 1062.77 1199.16 925.389 330.669 594.719 93.7556 833.969 471.463 328.292 36450.8 87.0038
internal_count=665952 583961 150539 52092 98447 54393 44054 24143 30250 20279 27343 25093 23934 22413 12123 8292 3831 3653 13591 9971 11502 7344 2552 4792 761 7804 4353 3037 433422 705
cat_boundaries=0 1 2 3 4 5 6 7 8
cat_threshold=812383 9050786 662110 7386250 11944068 2552518 2576837 10612229
is_linear=0
shrinkage=0.05


Tree=140
num_leaves=31
num_cat=7
split_feature=7 0 1 6 5 14 5 0 14 6 2 14 8 6 14 4 6 5 14 10 4 5 14 13 11 0 3 4 14 0
split_gain=9.96062 9.59858 9.07416 6.85295 8.57771 11.3936 9.04505 7.60034 7.56535 7.98361 7.11588 12.3342 8.1479 9.28974 8.46207 10.6731 7.98533 7.54389 7.43143 7.10316 7.03574 6.92347 7.1216 6.66266 6.59109 11.7177 6.47878 6.22234 9.48935 6.0996
threshold=49.500000000000007 6.7250000000000005 53.235000000000007 35.500000000000007 41.845000000000006 0 48.085000000000008 2.5950000000000002 1 21.500000000000004 4.4450000000000012 2 200.50000000000003 52.500000000000007 3 32.360000000000007 43.500000000000007 13.370000000000003 4 33.500000000000007 60.085000000000008 37.335000000000008 5 5.5000000000000009 92.356377799415796 5.0650000000000004 13.350000000000001 20.655000000000005 6 7.6050000000000013
decision_type=2 2 2 2 2 1 2 2 1 2 2 1 2 2 1 2 2 2 1 2 2 2 1 2 2 2 2 2 1 2
left_child=27 3 -3 7 10 -6 -7 -2 -9 -10 11 -5 13 16 15 -14 -13 -16 24 -17 21 -15 -23 -18 -12 -26 -19 28 -1 -4
right_child=1 2 29 4 5 6 -8 8 9 -11 18 12 14 20 17 19 23 26 -20 -21 -22 22 -24 -25 25 -27 -28 -29 -30 -31
leaf_value=0.0020246296557417591 -0.0087566850951670324 0.0035888554339563363 -0.00076884037086171462 -0.0049308783896261617 -0.0016212374012426767 0.0064098875390051673 -0.00059987878267904026 -0.0016675952603159246 0.0083433281387830724 0.001263129326242309 -0.0016433488586156536 -0.0033943253420935893 -0.012934034087338939 -0.010352929742492299 0.024637943262448034 0.020253926008864429 0.0039983272693450856 0.0086863103696722104 0.0002708917001853943 -0.0014143871450984816 0.034895321223581383 0.018215851386426365 -0.0064611355934066838 -0.019014362009410517 -0.049372353507261657 -0.0051177655939994319 -0.00010541579178896231 -0.0013846221354563157 -0.012624273522618919 0.0046161845729895895
leaf_weight=176.27344949822873 202.31021376280114 3836.2815865587909 3135.7684214034816 2534.0742515494348 1419.2752783970209 1444.201467218576 675.42130762920715 2220.0181600488722 412.6959133988712 11297.742866093642 5708.5047487784177 984.03955830517225 166.42501805303618 515.91017497121356 48.828716867370531 51.419793643988669 853.06206557271071 431.92931483592838 14818.608746170532 143.01952651608735 9.7204705849289876 38.535106549737975 66.042513315798715 32.656377229606733 19.873963389545679 60.467864695936441 407.00563794793561 6371.0279606247786 293.16455922991736 631.80627635691781
leaf_count=2202 20009 37145 28740 32068 15777 15553 7314 25954 6214 123627 62134 12320 2041 7119 553 461 9763 5018 155205 1692 102 481 966 1729 125 800 5047 75986 3803 6004
internal_value=1.98203e-11 0.000235242 0.00187714 -4.49247e-05 -0.000467493 0.00184656 0.0041566 0.0008649 0.00100463 0.00151136 -0.000772037 -0.00224512 -0.000415272 -0.00206381 0.00288207 -0.0035414 -0.0002943 0.00547138 -0.000322932 0.00431583 -0.00731377 -0.00797501 0.00375594 0.00314985 -0.00184032 -0.0160649 0.00442104 -0.00179397 -0.00734942 0.000134205
internal_weight=59006.1 52165.6 7603.86 44561.8 30429 3538.9 2119.62 14132.8 13930.5 11710.4 26890.1 6282.67 3748.59 2499.97 1248.63 360.864 1869.76 887.764 20607.5 194.439 630.208 620.488 104.578 885.718 5788.85 80.3418 838.935 6840.47 469.438 3767.57
internal_count=665952 583961 71889 512072 336268 38644 22867 175804 155795 129841 297624 79360 47292 32480 14812 4194 23812 10618 218264 2153 8668 8566 1447 11492 63059 925 10065 81991 6005 34744
cat_boundaries=0 1 2 3 4 5 6 7
cat_threshold=11825225 655492 8690439 140296 7439376 4333576 1362060
is_linear=0
shrinkage=0.05


Tree=141
num_leaves=31
num_cat=5
split_feature=4 13 9 14 3 14 2 5 4 8 10 3 5 14 14 2 2 8 1 5 6 1 5 9 0 5 4 6 14 13
split_gain=10.2622 7.72665 7.50305 10.0272 7.22911 7.14162 7.7972 6.44885 7.42852 10.8877 7.86816 6.79134 6.25012 9.00314 7.86007 9.05127 12.3919 10.001 8.87083 7.63449 11.409 7.15525 7.14955 6.81959 11.2134 11.458 7.07044 6.61207 10.3488 8.84488
threshold=35.595000000000006 4.5000000000000009 53.498971193415649 0 41.195000000000007 1 5.785000000000001 36.545000000000009 25.845000000000002 133.50000000000003 48.500000000000007 41.390000000000008 34.005000000000003 2 3 8.0050000000000008 6.6950000000000012 204.50000000000003 50.425000000000004 35.565000000000005 57.500000000000007 44.045000000000009 33.875000000000007 49.075782424490917 7.3750000000000009 47.640000000000008 37.165000000000006 32.500000000000007 4 1.5000000000000002
decision_type=2 2 2 1 2 1 2 2 2 2 2 2 2 1 1 2 2 2 2 2 2 2 2 2 2 2 2 2 1 2
left_child=1 4 12 -4 -1 -6 -7 8 9 -8 11 -10 14 19 15 16 17 22 -18 -14 27 -19 -2 -15 25 26 -25 28 -21 -29
right_child=2 -3 3 -5 5 6 7 -9 10 -11 -12 -13 13 23 -16 -17 18 21 -20 20 -22 -23 -24 24 -26 -27 -28 29 -30 -31
leaf_value=-0.00071233453297655852 -0.0052049908711941512 -0.0020854355170473473 0.01028973016180719 0.0014507913072807821 0.0022546063348177852 -0.0078225396366137998 0.012216115951396321 0.0030563007222992843 0.030388571137836697 -0.00076119425527104874 0.0070681816062816557 -0.0039927154310715543 0.0073456158120102635 0.00072627519433962151 0.00063017901468969133 -0.029798453997042198 0.010440012155855563 0.0028832347343301719 -0.0061668439068243777 0.010842333202064165 -0.014911464488702085 -0.0068711952497388668 -0.033886503432403563 -0.016917986026586528 0.018722968274227807 -0.032541546737427589 -0.0018779998787978231 0.0072608791223757871 0.00036237430519436365 -0.00011036071556762728
leaf_weight=20367.063399511913 1720.4101325153024 6480.5113518903672 462.15764558594674 1037.2347479951568 5005.2750283543719 335.4816877306439 224.97013190272264 1279.3183843248989 14.473158128559588 573.99732580618002 185.03280733129941 1890.5356687887106 873.88381377777841 4967.4523317730636 7824.1968781979522 29.657253060024232 303.34924075682648 806.01390452194028 109.41898765531369 518.28865761551424 95.480471185408533 245.19185988465324 22.005665731150657 98.547838141676039 45.467359769158065 40.992422301322222 377.40819005318917 503.60574588435702 437.71153859206242 2120.5852261178661
leaf_count=195096 20669 140672 3984 9525 43268 3138 2049 11723 119 5330 2994 16399 9736 54312 85999 250 2899 8498 1036 6339 1060 2423 258 911 356 345 3449 4949 5349 22817
internal_value=-6.80404e-12 -0.000520375 0.000835683 0.00425352 -0.000180893 0.000957376 -0.000488214 0.000100907 -0.00120781 0.00289291 -0.0027754 -0.00373151 0.000593263 0.00149386 -0.000227467 -0.00229596 -0.00204874 -0.00324355 0.00603777 0.00313806 0.00214626 0.000608031 -0.00556722 0.000135213 -0.00508285 -0.00717665 -0.00499207 0.00260118 0.00616121 0.00130425
internal_weight=58995.7 36356.7 22639.1 1499.39 29876.1 9509.08 4503.81 4168.33 2889.01 798.967 2090.04 1905.01 21139.7 10079.4 11060.2 3236.05 3206.39 2793.62 412.768 4549.56 3675.67 1051.21 1742.42 5529.87 562.416 516.948 475.956 3580.19 956 2624.19
internal_count=665952 420788 245164 13509 280116 85020 41752 38614 26891 7379 19512 16518 231655 109623 122032 36033 35783 31848 3935 50250 40514 10921 20927 59373 5061 4705 4360 39454 11688 27766
cat_boundaries=0 1 2 3 4 5
cat_threshold=1053747 14790218 904404 885890 50384
is_linear=0
shrinkage=0.05


Tree=142
num_leaves=31
num_cat=8
split_feature=0 1 14 7 7 4 5 14 14 9 13 14 14 0 9 0 2 11 2 6 0 8 14 4 0 2 14 13 14 11
split_gain=9.54376 10.8926 10.7172 7.75979 7.61284 7.47774 8.51299 9.69784 7.49167 7.6192 6.21436 8.39983 8.22957 6.48002 6.20287 8.08061 6.88804 6.81972 6.51823 6.18366 6.03549 6.41733 9.72975 5.97302 7.48678 6.24093 7.68617 5.95095 14.6084 16.3959
threshold=6.5050000000000008 49.025000000000013 0 50.500000000000007 56.500000000000007 35.595000000000006 26.685000000000006 1 2 23.768653973388226 3.5000000000000004 3 4 6.4250000000000007 47.556279406442279 5.5150000000000006 4.9150000000000009 23.827838827838828 7.035000000000001 58.500000000000007 7.1750000000000007 306.50000000000006 5 49.885000000000012 7.2550000000000008 6.3650000000000011 6 1.5000000000000002 7 58.411949685534601
decision_type=2 2 1 2 2 2 2 1 1 2 2 1 1 2 2 2 2 2 2 2 2 2 1 2 2 2 1 2 1 2
left_child=3 2 4 10 -2 27 7 19 9 -8 12 -12 13 -1 15 -14 -16 -17 -19 -7 21 -3 -23 -22 -25 -26 -27 28 29 -5
right_child=1 20 -4 5 -6 6 8 -9 -10 -11 11 -13 14 -15 16 17 -18 18 -20 -21 23 22 -24 24 25 26 -28 -29 -30 -31
leaf_value=0.0011895653839972629 0.0084648311772532372 -0.00093584634791314941 0.0017551383624028871 0.0026738016217311513 -0.016480257035349041 -0.0046652385639356147 -0.00065360346320975451 0.00097388995583987017 0.00036241408184505409 0.0039517494100488456 -0.0076771612917178713 -0.001580291051608961 -0.0036353502861150716 0.019836260174269194 -0.038305538777863753 0.023887586329740387 -0.0075075159441489459 0.0021963109862736269 -0.015512756179593676 -0.027864618832597041 0.0017639176725748728 -0.004654433879569847 0.020738083120188582 0.043105601661088538 0.04146619286343145 -0.023937901668372469 0.010253059147142618 -0.0010350738535152807 0.0030388992856188444 -0.0049008221474104415
leaf_weight=2087.9676950150169 1052.7628012821078 5540.3090856313938 2622.9226217288524 1209.1310665737838 31.500748716294765 1093.0153060724842 1169.982369136851 1419.5268867468112 7217.2648310866789 3864.7115027941763 895.00304877228336 1550.743143450527 2217.3355339542031 47.655531320720911 23.341390865854919 34.066745987161994 81.701514756307006 832.92070704791695 55.418365446850657 29.49837901443243 2563.8640689637978 67.188662516884506 74.57178657874465 18.477691900450736 11.558907617814837 12.397952917963268 52.224118418525904 18038.652963987726 3295.3514789158944 1746.1283172611147
leaf_count=17791 9872 51529 26104 5772 287 12530 17340 15670 78269 39860 19346 31430 18425 440 216 220 712 7170 512 322 24303 575 650 166 70 107 506 245926 24463 15369
internal_value=-1.82863e-11 0.00125527 0.00351033 -0.000322392 0.00766938 -3.46236e-05 0.000851561 -0.00178161 0.00139789 0.00287583 -0.00175949 -0.00384925 -0.000809559 0.00159818 -0.00239181 -0.00199932 -0.0143511 0.00193346 0.00109154 -0.00522831 0.000252953 -0.000667062 0.00983763 0.0022193 0.0145536 0.0076283 0.00157574 -0.000574377 0.000755149 -0.00179562
internal_weight=58957.2 12047.8 3707.19 46909.4 1084.26 39083.3 14794 2542.04 12252 5034.69 7826.15 2445.75 5380.41 2135.62 3244.78 3139.74 105.043 922.406 888.339 1122.51 8340.59 5682.07 141.76 2658.52 94.6587 76.181 64.6221 24289.3 6250.61 2955.26
internal_count=665952 114169 36263 551783 10159 455521 163991 28522 135469 57200 96262 50776 45486 18231 27255 26327 928 7902 7682 12852 77906 52754 1225 25152 849 683 613 291530 45604 21141
cat_boundaries=0 1 2 3 4 5 6 7 8
cat_threshold=5341378 12949254 8803429 2680480 2707140 3318248 8397317 2935854
is_linear=0
shrinkage=0.05


Tree=143
num_leaves=31
num_cat=9
split_feature=13 0 14 8 11 6 3 14 4 9 1 10 14 14 3 4 3 14 14 5 5 5 14 2 14 8 8 3 14 11
split_gain=9.68313 11.292 7.57992 8.72674 8.48455 7.18352 9.39524 9.17441 9.07163 7.505 8.29067 11.7034 11.6848 10.5108 10.382 9.06206 8.0465 11.0799 7.93865 7.7288 7.21666 6.76825 6.54645 6.38846 9.55455 7.91587 6.95101 8.07565 8.19713 7.94178
threshold=5.5000000000000009 6.7250000000000005 0 32.500000000000007 21.975609756097565 46.500000000000007 65.925000000000011 1 16.725000000000005 48.03321528040437 48.830000000000005 34.500000000000007 2 3 38.870000000000012 16.725000000000005 63.685000000000009 4 5 34.07500000000001 32.505000000000003 55.050000000000004 6 7.4450000000000012 7 237.50000000000003 243.50000000000003 56.585000000000008 8 30.839160839160844
decision_type=2 2 1 2 2 2 2 1 2 2 2 2 1 1 2 2 2 1 1 2 2 2 1 2 1 2 2 2 1 2
left_child=1 5 -2 4 -4 6 9 20 22 10 16 12 -12 -13 19 -14 -1 -18 -11 -15 -8 -20 -7 26 -25 -26 -3 28 -28 -29
right_child=2 23 3 -5 -6 8 7 -9 -10 18 11 13 15 14 -16 -17 17 -19 21 -21 -22 -23 -24 24 25 -27 27 29 -30 -31
leaf_value=0.00023377406482382875 -0.0059303017946825175 -0.00010748685796837008 -0.00069278338793081907 -0.0003319068211459997 -0.020219370502436416 -0.00011320784981102331 0.011323886275119967 -0.012357657726982541 -0.00076103505783404687 0.0056575497858274921 0.010364006643292298 -0.017797409144091777 0.03317457866835638 -0.033021454649803474 0.0047038227197391596 -0.010385352822378662 -0.011860196609747537 0.024865771903475026 0.0007091761012001192 -0.00200000865177363 -0.0070903968876114363 -0.031735251009151789 -0.0092467253861612721 0.0093356987925788393 0.0050687945823344599 -0.0043456861833751151 0.0012617930554948125 0.021453429596303468 0.0082250398598132709 -0.007131213570649427
leaf_weight=30759.771082606298 1067.9943359569297 3533.5990153681487 109.60217528502108 2911.3784837284475 112.97236744489055 311.63999358238652 99.221926012542099 277.45034196809866 11686.727391206892 1313.0525665064342 185.90039032371715 216.69947009859607 12.835191609337924 39.499765228480101 163.22690705722198 171.12884660949931 25.170426576398313 60.424248544499278 1525.4954402183648 40.835828127805144 114.72883866401389 16.245647161267698 553.85342476912774 665.92489157058299 592.12342170462944 358.4377508640755 837.3740932715591 26.924282259307802 872.62292756140232 249.22848679730669
leaf_count=322490 31735 32135 5774 71460 2023 3222 912 2429 119444 11563 1588 2073 96 366 1505 1496 239 499 13358 376 1125 145 5985 6150 5577 3476 8013 229 8050 2419
internal_value=-6.87387e-12 0.000177651 -0.00231305 -0.00105805 -0.0106039 -0.000100558 0.000267271 -0.00659768 -0.00112683 0.000364966 0.000143671 -0.00478723 0.00183549 -0.0101092 -0.00243814 -0.00696743 0.000276374 0.0155854 0.00282035 -0.0172528 0.0013847 0.000364935 -0.00606615 0.00203234 0.00479678 0.00150297 0.00122276 0.00358943 0.00487066 -0.00434427
internal_weight=58912.1 54710.1 4201.95 3133.95 222.575 47573.9 35021.7 491.401 12552.2 34530.3 31675.5 830.126 369.864 460.262 243.563 183.964 30845.4 85.5947 2854.79 80.3356 213.951 1541.74 865.493 7136.23 1616.49 950.561 5519.75 1986.15 1710 276.153
internal_count=665952 554960 110992 79257 7797 488911 360260 4466 128651 355794 330728 7500 3180 4320 2247 1592 323228 738 25066 742 2037 13503 9207 66049 15203 9053 50846 18711 16063 2648
cat_boundaries=0 1 2 3 4 5 6 7 8 9
cat_threshold=14812180 12142356 13685990 1623669 9767114 9413218 7285 5550354 9313880
is_linear=0
shrinkage=0.05


Tree=144
num_leaves=31
num_cat=8
split_feature=7 7 9 4 14 6 0 14 5 2 9 14 10 1 1 12 2 14 1 1 13 5 14 8 3 14 6 13 14 14
split_gain=9.19608 9.83619 10.4409 9.94627 9.58538 10.067 9.64898 8.35537 8.25105 7.61491 7.08927 8.27532 6.98576 14.8983 10.4102 10.392 8.85589 7.08441 6.91929 6.82164 6.28247 6.23889 6.61935 8.62815 7.61993 6.07716 6.05888 5.98882 8.05423 7.43692
threshold=49.500000000000007 53.500000000000007 53.498971193415649 35.595000000000006 0 21.500000000000004 7.7750000000000012 1 26.330000000000002 7.5650000000000004 55.822605490454976 2 10.500000000000002 52.790000000000006 61.565000000000005 3.5000000000000004 7.5050000000000008 3 63.020000000000003 55.795000000000009 2.5000000000000004 37.055000000000007 4 158.50000000000003 49.525000000000013 5 52.500000000000007 2.5000000000000004 6 7
decision_type=2 2 2 2 1 2 2 1 2 2 2 1 2 2 2 2 2 1 2 2 2 2 1 2 2 1 2 2 1 1
left_child=-1 2 25 10 5 8 -7 9 -5 -4 18 -12 13 17 16 20 -15 -9 -3 -11 -14 26 23 -23 -24 -2 -13 28 -27 -29
right_child=1 3 7 4 -6 6 -8 12 -10 19 11 21 15 14 -16 -17 -18 -19 -20 -21 -22 22 24 -25 -26 27 -28 29 -30 -31
leaf_value=-0.0017267362997876387 -0.0010821524964010943 -0.0013256948573526453 0.0049989761439738645 -0.026600863442846196 -0.00039055582534626925 0.0028725881071673676 0.050031885570147705 0.012262021988495721 0.047123098214161961 0.026141058875134949 0.0045042279556539938 -0.020251900450651027 -0.00089290314597490524 -0.034061810654539608 0.0047936856633780701 0.0013112184480907022 0.0087995357998373915 -0.0061567835030455192 0.034612517886395543 0.0080332273123721251 0.028431467554611678 -0.05112943419656496 0.030517167625851833 0.0043401044697334535 -0.0071778433537943989 0.0033006394570001701 0.005893161447709753 0.0016646991542321494 0.00051976631542566449 -0.0007404050962499805
leaf_weight=6818.1155764861323 4942.2536327177368 12210.434431972157 1058.3375562481815 4.6007462436100495 5372.8994341656798 2328.2481502428418 10.897194962017236 95.051706878934056 21.674912719550775 86.786003815941513 97.772749972064048 184.40022001019679 26.1440698816441 78.45515575632453 34.213429857511073 747.50092518515885 14.238695644773541 96.130965346936136 13.408046453725545 129.80127974087372 60.603200109675527 13.971296587027611 25.768862239085138 14.07102741114795 27.946383134229109 4611.8798371620942 25.18568184832111 5097.9683726579533 5993.9390910960501 8659.6820632466406
leaf_count=81991 54107 145643 9587 121 59870 24380 96 831 610 737 882 1682 309 655 286 7198 128 901 117 1235 453 115 225 142 273 40843 219 64233 50440 117643
internal_value=3.31776e-13 0.000226039 0.000776303 -0.000631966 0.000779237 0.00342352 0.00309229 0.00392769 0.0342144 0.00669456 -0.00149777 -0.00814172 0.000801427 -0.00549625 -0.0187777 0.00321227 -0.0274779 0.00331997 -0.00128628 0.015289 0.0195936 -0.0121241 -0.000825328 -0.0171723 0.009194 0.000515287 -0.0171101 0.000839436 0.00173262 0.000151491
internal_weight=58902.4 52084.3 31733 20351.3 7738.32 2365.42 2339.15 2427.26 26.2757 1274.92 12613 389.116 1152.34 318.09 126.907 834.248 92.6939 191.183 12223.8 216.587 86.7473 291.343 81.7576 28.0423 53.7152 29305.7 209.586 24363.5 10605.8 13757.7
internal_count=665952 583961 349586 234375 85077 25207 24476 22320 731 11559 149298 3538 10761 2801 1069 7960 783 1732 145760 1972 762 2656 755 257 498 327266 1901 273159 91283 181876
cat_boundaries=0 1 2 3 4 5 6 7 8
cat_threshold=10486889 11564811 8462536 458804 38165 2098241 12731284 862242
is_linear=0
shrinkage=0.05


Tree=145
num_leaves=31
num_cat=8
split_feature=4 9 14 8 6 13 2 2 14 7 8 14 0 3 14 1 5 14 2 14 14 0 13 0 11 3 14 9 3 4
split_gain=8.45314 9.95001 9.03261 12.845 8.60944 8.06079 10.2947 7.78035 11.0793 10.6303 7.76412 10.8449 8.01751 7.58252 8.34167 7.41493 7.40256 7.06069 8.25779 8.39578 6.77796 10.8675 8.25581 12.735 15.1919 10.2195 8.30353 9.41427 10.5169 8.63206
threshold=44.465000000000011 14.313399778516059 0 60.500000000000007 29.500000000000004 4.5000000000000009 6.6750000000000007 1.7550000000000001 1 64.500000000000014 16.500000000000004 2 4.6850000000000014 15.815000000000001 3 12.555000000000001 24.555000000000003 4 4.7350000000000012 5 6 4.3850000000000007 1.5000000000000002 4.0650000000000004 72.804314329738077 35.495000000000005 7 22.587393710352277 26.330000000000002 38.785000000000004
decision_type=2 2 1 2 2 2 2 2 1 2 2 1 2 2 1 2 2 1 2 1 1 2 2 2 2 2 1 2 2 2
left_child=1 17 3 -2 10 6 7 8 16 13 11 12 -3 14 -9 -10 -6 -1 -19 -20 -15 22 23 24 25 26 29 -28 -29 -22
right_child=2 4 -4 -5 5 -7 -8 9 15 -11 -12 -13 -14 20 -16 -17 -18 18 19 -21 21 -23 -24 -25 -26 -27 27 28 -30 -31
leaf_value=0.0014422965634715342 0.008369432464047144 -0.016226651842243582 0.0033066525428995411 -0.0028522253821990774 -0.012135511387087902 -0.0018029868360551549 0.0018946923168292448 -0.0069849895563825586 0.035708618550697103 -0.040369263183778675 0.0016307646659248524 -0.014667614440269122 0.01022077971229471 -0.0016034048098851812 -0.0008227749162171967 0.0046687941103107393 2.6546071551433186e-06 -0.0069243582561133764 -0.0082302847316556814 0.0088545454793490085 0.0096417739055253832 -0.00032450978845145257 0.0006418819613757626 0.011629723262554225 -0.036113165220314263 -0.020695409918199244 0.0042460399782095351 -0.041552325791496238 0.0041550161695010825 0.041536075003413157
leaf_weight=533.50956562353531 305.72126590128755 38.078617017716169 3643.3054779625381 1537.4402304848481 149.00012960284948 7808.5776496888138 5812.9473323522834 936.13968169130385 19.503510756185278 16.844908459112048 8696.6939052689122 165.97781094105449 115.80096290749498 7634.3134157276945 1333.7725111520849 1424.8462597657926 800.06175851658918 1301.5413356682984 107.28585386346094 178.47555726766586 113.90621060691774 13996.845654101344 1263.3897942248732 577.69504072610289 26.605116184800863 42.107953334227204 220.32485186494887 26.324598662555218 24.112751103937626 26.069578267633915
leaf_count=14023 3032 642 38943 15453 1351 141228 53220 9024 229 175 93132 1947 1075 72553 13173 12856 7406 39928 1257 1948 545 121139 17439 2548 137 204 1011 110 113 111
internal_value=7.80176e-12 -0.000192052 0.00186893 -0.000985566 -5.32267e-05 -0.000352533 -2.37175e-05 -0.0004132 0.00231581 -0.000662134 0.00134938 -0.00630121 0.00345185 -0.000636626 -0.00339854 0.00505295 -0.00188316 -0.00354811 -0.00520175 0.00246209 -0.000374878 0.000200765 0.00336995 0.00663024 0.000606315 0.00276362 0.00516859 -0.000207119 -0.0197009 0.0145429
internal_weight=58877.2 53390.8 5486.47 1843.16 51269.9 42253.4 34444.8 28631.9 2393.41 26238.5 9016.55 319.857 153.88 26221.6 2269.91 1444.35 949.062 2120.81 1587.3 285.761 23951.7 16317.4 2320.54 1057.15 479.451 452.846 410.738 270.762 50.4373 139.976
internal_count=665952 608524 57428 18485 551368 454572 313344 260124 21842 238282 96796 3664 1717 238107 22197 13085 8757 57156 43133 3205 215910 143357 22218 4779 2231 2094 1890 1234 223 656
cat_boundaries=0 1 2 3 4 5 6 7 8
cat_threshold=2171110 9341063 4622961 13074463 11031040 5448800 9459024 2596864
is_linear=0
shrinkage=0.05


Tree=146
num_leaves=31
num_cat=5
split_feature=9 0 0 13 0 14 4 7 14 1 14 11 1 10 9 1 11 11 0 0 14 11 6 14 4 11 10 10 4 11
split_gain=8.94837 10.4413 7.45351 6.99957 8.37057 14.8983 8.44984 8.22029 14.1964 7.2662 6.61059 15.0777 12.2245 13.8495 10.0613 9.50554 12.6809 8.29936 8.84337 9.2907 11.5894 10.1264 9.34359 8.18847 7.59338 7.45853 6.90369 6.7855 6.77013 7.66762
threshold=37.865862364363231 6.3350000000000009 6.4050000000000011 1.5000000000000002 5.0450000000000008 0 38.135000000000012 44.500000000000007 1 28.960000000000004 2 17.974358974358978 25.095000000000002 8.5000000000000018 10.561193246435133 25.850000000000005 34.654631083202517 76.50689905591868 4.245000000000001 4.6250000000000009 3 45.368782161234996 26.500000000000004 4 32.505000000000003 74.488944513975824 39.500000000000007 26.500000000000004 38.305000000000007 62.192192192192202
decision_type=2 2 2 2 2 1 2 2 1 2 1 2 2 2 2 2 2 2 2 2 1 2 2 1 2 2 2 2 2 2
left_child=1 3 -3 4 7 9 -7 8 -1 -6 11 14 26 23 -9 -13 -17 18 -15 22 21 -21 -20 -14 -24 -25 -12 -19 29 -22
right_child=-2 2 -4 -5 5 6 -8 10 -10 -11 12 15 13 17 -16 16 -18 27 19 20 28 -23 24 25 -26 -27 -28 -29 -30 -31
leaf_value=0.0054580373317786729 0.00066314773361348235 0.023366653196540198 0.0044357040167778286 -0.0011868752353019001 -0.011366561089166781 -0.00634386474008896 0.0020070311103916987 0.003600934952551196 -0.029410880016092152 0.0061880522705313372 0.00064694404509995501 0.00089975541427269744 0.00074209637804471481 -0.024441753371293777 0.031490093667458717 0.02345541883223401 -0.0063738194396164407 0.0052853114521486094 -0.014276773189279522 -0.027130583116541158 -0.020065977046657663 0.0080400110457869416 0.024695493433437507 0.03544031993765203 0.006580287807645302 0.010024751713906783 0.028152760032566112 0.030089177118608087 0.0088083738564006097 -0.0010300892924372232
leaf_weight=58.381570948287845 27284.251726616872 59.647004863247275 405.25742153963074 21467.439119130882 65.595630457624793 1376.6546079446562 388.3725709808059 69.628544369712472 47.918733444064856 581.61200912995264 2486.3548078783788 2288.7864652415738 55.927476149052382 27.950799021869898 60.384287044405937 37.152571450918913 868.96451364643872 54.88646618463099 29.699328605085611 21.561424950137734 114.11245632916689 402.89149493630975 114.12557252496481 89.80553207360208 117.31025334633887 42.540301328524947 23.023695386946201 55.407786758616567 52.493015863001347 98.615822746418417
leaf_count=306 266407 530 3791 339996 458 10884 3495 420 264 5538 11495 10751 280 123 236 137 4833 342 129 94 574 1897 495 393 527 230 109 314 299 605
internal_value=-8.68411e-12 -0.000573259 0.00686454 -0.000684453 0.000435541 -0.00211438 -0.00448097 0.00128773 -0.0125137 0.00434178 0.00149402 -0.000136618 0.00291846 0.00690803 0.016554 -0.000816252 -0.00515076 0.0047433 0.00327807 0.00409294 0.00105165 0.00610947 0.0121252 0.0194298 0.0155133 0.0253551 0.000899312 0.0177459 -0.00700884 -0.0112414
internal_weight=58846.8 31562.5 464.904 31097.6 9630.16 2412.23 1765.03 7217.92 106.3 647.208 7111.62 3324.92 3786.71 1277.33 130.013 3194.9 906.117 1089.05 978.76 950.809 689.674 424.453 261.135 188.273 231.436 132.346 2509.38 110.294 265.221 212.728
internal_count=665952 399545 4321 395224 55228 20375 14379 34853 570 5996 34283 16377 17906 6302 656 15721 4970 5399 4743 4620 3469 1991 1151 903 1022 623 11604 656 1478 1179
cat_boundaries=0 1 2 3 4 5
cat_threshold=8540384 15030033 2933878 8466953 135304
is_linear=0
shrinkage=0.05


Tree=147
num_leaves=31
num_cat=9
split_feature=9 13 14 2 6 14 13 2 10 14 1 0 11 14 14 14 5 6 14 1 2 14 0 1 5 4 9 6 14 0
split_gain=9.25743 6.42075 7.48167 9.83709 5.80972 6.54012 5.41205 5.49009 7.63983 9.25755 6.5893 12.7871 12.0915 13.4735 12.0653 11.1769 11.875 9.14544 8.75738 6.47739 6.35296 14.1196 7.81798 7.61683 7.54707 7.46569 6.34798 8.68445 7.50907 6.47709
threshold=33.747427983539104 1.5000000000000002 0 5.6750000000000007 30.500000000000004 1 4.5000000000000009 6.6550000000000011 32.500000000000007 2 46.445000000000007 6.785000000000001 36.899313501144171 3 4 5 34.695000000000007 37.500000000000007 6 49.615000000000002 6.6250000000000009 7 6.4050000000000011 45.230000000000011 28.855000000000004 24.045000000000005 46.166095051445375 37.500000000000007 8 6.745000000000001
decision_type=2 2 1 2 2 1 2 2 2 1 2 2 2 1 1 1 2 2 1 2 2 1 2 2 2 2 2 2 1 2
left_child=1 -1 3 -3 5 -2 7 20 9 -9 12 14 18 -14 -12 16 17 -13 -10 -19 -6 22 -22 25 -25 -23 -16 28 -28 -29
right_child=4 2 -4 -5 6 -7 -8 8 10 -11 11 15 13 -15 26 -17 -18 19 -20 -21 21 23 -24 24 -26 -27 27 29 -30 -31
leaf_value=0.0004023253587148228 -0.00031177882071266663 -0.00080430090600840413 -0.0021760696546446914 0.0044819150292887229 0.00025608002440903962 0.0032564532875046155 -0.0010282930677257534 0.00033810241082006808 0.0071760401700643288 0.0063335453272814514 -0.016952291144399608 0.015370590363581986 -0.001018886103284104 0.010167870518014169 -0.013149064551722617 0.0046076107331133919 -0.014797249330394502 0.015422734539873648 -0.010439281251483516 -0.01101760129076189 -0.045309449998356489 0.050034213814109989 -0.013047337661483836 -0.033321892270223696 -0.00039565224774869658 0.0060838712048222011 0.0030494306378315468 0.0071383529284042681 -0.024640219832822375 -0.017006881451932399
leaf_weight=8563.4087129137479 1977.7847315573599 6217.1226504190709 9792.379337523962 1025.1908077634871 14880.63652724342 3668.8728135179263 6356.4505085139535 1096.0059572895989 93.064686352387071 1579.9765104106627 201.78553242818452 83.839813887840137 471.18442148179747 625.36095574032515 110.5915676895529 873.75393440609332 185.48943756171502 29.269520518137142 233.39219172950834 111.03757655248046 33.729496847838163 11.357858169823883 42.361773739568889 23.310431750258431 68.677505214698613 64.728527537081391 46.763719730312005 264.89700804580934 45.584531235508621 31.028616623487324
leaf_count=44993 19577 109852 170386 11518 132478 35005 83711 9810 702 12929 1966 840 4487 6124 1069 9235 1887 302 1864 1190 320 98 399 219 646 581 461 2548 450 305
internal_value=-2.85355e-11 -0.000714545 -0.001276 -5.59296e-05 0.000550752 0.00201187 0.000251437 0.000635 0.00190352 0.00390291 0.000333137 -0.00152907 0.00292955 0.00544437 -0.00696169 0.0014368 -0.0053094 0.00230525 -0.00551755 -0.00550187 0.000124816 -0.00787503 -0.0241717 0.000888176 -0.00873941 0.0126446 -0.00253007 0.000429363 -0.0129566 0.00460666
internal_weight=58809 25598.1 17034.7 7242.31 33210.9 5646.66 27564.3 21207.8 6083.03 2675.98 3407.04 1984.04 1423 1096.55 700.651 1283.39 409.636 224.147 326.457 140.307 15124.8 244.166 76.0913 168.074 91.9879 76.0864 498.865 388.274 92.3483 295.926
internal_count=665952 336749 291756 121370 329203 54582 274621 190910 56169 22739 33430 20253 13177 10611 6799 13454 4219 2332 2566 1492 134741 2263 719 1544 865 679 4833 3764 911 2853
cat_boundaries=0 1 2 3 4 5 6 7 8 9
cat_threshold=2671198 10199076 10377225 1377203 61701 525994 1066253 189522 5112034
is_linear=0
shrinkage=0.05


Tree=148
num_leaves=31
num_cat=6
split_feature=0 1 14 8 1 6 7 7 8 14 13 14 7 14 8 4 3 4 9 14 2 1 5 14 0 4 0 9 2 7
split_gain=8.99715 12.8215 9.72096 7.25337 6.98731 6.7226 6.48655 7.02436 6.58386 10.7215 7.24289 6.38594 6.34966 6.31975 7.82457 11.3874 9.32345 6.26575 6.33847 6.10392 6.88182 7.20235 6.14285 12.7343 7.86009 8.98259 7.73862 9.0283 7.96335 6.2393
threshold=5.9850000000000012 40.855000000000011 0 102.50000000000001 36.705000000000005 56.500000000000007 50.500000000000007 59.500000000000007 38.500000000000007 1 1.5000000000000002 2 48.500000000000007 3 208.50000000000003 45.170000000000009 23.410000000000004 23.410000000000004 14.841229838709678 4 4.535000000000001 45.375000000000007 32.635000000000012 5 4.4650000000000007 41.685000000000009 5.1550000000000011 27.29020979020979 4.6950000000000012 46.500000000000007
decision_type=2 2 1 2 2 2 2 2 2 1 2 1 2 1 2 2 2 2 2 1 2 2 2 1 2 2 2 2 2 2
left_child=5 2 -2 -4 -5 6 19 -8 9 10 -9 -10 -3 14 -7 16 -16 -15 -19 -1 -21 22 23 -22 25 -24 27 -26 -28 -29
right_child=1 12 3 4 -6 13 7 8 11 -11 -12 -13 -14 17 15 -17 -18 18 -20 20 21 -23 24 -25 26 -27 28 29 -30 -31
leaf_value=-0.0037698893425330369 -0.00016786164884573395 -0.0026363026774382761 0.016071752649126154 0.018694606936549014 0.0041029202812377626 -0.0029044853733052318 0.00010559084110086568 0.053532012505562311 0.002103321421127494 -0.029937044296838907 -0.011724029687722059 -0.0089676176431413065 0.00073232802105442348 -0.01591883514828539 0.031521725589629901 -0.037606308094301495 0.0054476792951654871 -0.023057790752618063 -0.0035463716152565627 -0.0028453841465180098 -0.0097950125766687601 0.025777802413813746 0.007947486341093565 0.0024038165426108825 0.0065482644862325384 0.038283428650756651 0.028443261541973797 0.00093719525937803006 0.0037648674992396465 -0.016422526912449286
leaf_weight=2372.2308351314277 555.00989151000977 1514.3235903715249 226.20184974372387 93.435341596370563 672.85380455246195 522.50314572663046 28682.136116851136 8.4393605478107947 252.14925164612941 44.960021796170622 8.5703151180641708 257.15639132738579 18351.542771660024 134.29152959771454 45.727429993217811 12.365420656278728 137.00748622370884 43.54558692779392 943.38696242764127 1769.4218410349567 325.31474306341261 29.839466264471412 120.77466285321862 585.16917503578588 126.44095491431653 30.580822366289794 34.506721432320774 80.986482531297952 620.5669924179092 143.42293371492997
leaf_count=31249 5590 15037 2146 948 6983 6429 349634 30 3297 693 194 3558 175237 1732 551 133 1439 664 11090 27953 3474 251 1394 6082 1387 262 319 777 5992 1427
internal_value=-1.44078e-11 0.00081702 0.00520066 0.00812263 0.00588212 -0.000468643 -0.000315921 -3.75493e-06 -0.0054937 -0.0208819 0.0130064 -0.00362135 0.000475546 -0.00341645 0.000281966 0.00883014 0.0119724 -0.00573488 -0.00440726 -0.00177955 -0.000547402 0.00138844 0.00103648 -0.00203599 0.00345373 0.0140768 0.00185535 -0.00413709 0.00506483 -0.0101576
internal_weight=58744.9 21413.4 1547.5 992.491 766.289 37331.5 35492.7 29253.4 571.275 61.9697 17.0097 509.306 19865.9 1838.83 717.603 195.1 182.735 1121.22 986.933 6239.26 3867.02 2097.6 2067.76 910.484 1157.28 151.355 1005.92 350.85 655.074 224.409
internal_count=665952 205941 15667 10077 7931 460011 437973 357406 7772 917 224 6855 190274 22038 8552 2123 1990 13486 11754 80567 49318 21365 21114 9556 11558 1656 9902 3591 6311 2204
cat_boundaries=0 1 2 3 4 5 6
cat_threshold=3413050 12586080 3499147 2560201 15114528 16981
is_linear=0
shrinkage=0.05


Tree=149
num_leaves=31
num_cat=9
split_feature=0 1 14 12 5 14 13 14 14 4 14 3 0 11 14 6 14 6 9 2 14 2 3 4 9 13 0 9 14 1
split_gain=8.70043 9.17773 11.3943 7.655 7.74572 10.2434 7.56897 14.1993 7.40254 6.96693 6.83331 7.47162 7.58604 7.45673 7.88931 7.1587 6.72393 6.66739 9.3495 8.1997 6.73392 6.594 6.55673 10.6904 9.39008 10.5125 6.21593 6.57921 6.17777 7.43906
threshold=7.035000000000001 55.375000000000007 0 3.5000000000000004 31.235000000000003 1 3.5000000000000004 2 3 12.840000000000002 4 80.085000000000022 4.0650000000000004 3.468323977546111 5 44.500000000000007 6 21.500000000000004 20.6313616627518 4.0050000000000008 7 8.3750000000000018 10.570000000000002 52.895000000000003 26.77380491373005 1.5000000000000002 7.4750000000000005 40.357943625880857 8 22.265000000000004
decision_type=2 2 1 2 2 1 2 1 1 2 1 2 2 2 1 2 1 2 2 2 1 2 2 2 2 2 2 2 1 2
left_child=6 2 -2 8 5 -5 10 -8 -3 16 15 12 22 14 -14 -1 -9 18 -15 20 -20 -17 -12 24 28 -26 27 -7 29 -24
right_child=1 3 -4 4 -6 26 7 9 -10 -11 11 -13 13 17 -16 21 -18 -19 19 -21 -22 -23 23 -25 25 -27 -28 -29 -30 -31
leaf_value=0.0016608257752351247 -0.00013650744389650751 -0.00055551749082253426 0.0078919814255045753 0.0021328771508407392 0.0014427394196194132 -0.051970410813618834 -0.0028574995091225196 0.0034341544158652429 0.021326044515356458 0.00031033710489644379 -0.0074384234515986851 -0.02856701209783238 -0.0035024109432349121 0.042834415349338996 0.013683174873535901 -0.00058207166816369265 -0.0079960233335085382 -0.00026716520456469036 0.015472475617117379 0.024002575424353422 -0.013278875005273395 0.030409582146445555 -0.0051246605591944777 0.029295696860161792 -0.038388736060606873 -0.0013901975068985877 -0.0012520259796947267 -0.012870317702680691 0.0011145029983140509 -0.03523718411155842
leaf_weight=11884.388204310555 726.68839917425066 82.527383047156036 1139.9711376064224 299.56186496233568 1404.7690112919081 11.210452726110814 6548.2545206019713 172.21050814335467 70.406439525075257 11554.920872352333 648.51878669764847 23.548128469381481 101.11661571450531 19.674834545701742 185.12451613601297 5725.2686991561204 474.46225727204001 15828.928700479795 21.417422037571669 38.776681689545512 51.080809956882149 17.214864785317332 251.79188685677946 27.965018226765096 36.406767934560776 40.619525723159313 131.44995799264871 266.95949311775621 922.68064286443405 22.328712868504226
leaf_count=106133 7287 715 11129 2699 13147 85 118364 3051 605 185180 7590 217 916 152 1418 50903 8244 131499 157 301 398 163 2440 240 184 444 1292 2537 8275 187
internal_value=-2.11709e-11 0.00221173 0.00480805 7.37928e-05 -0.000707713 -0.0049674 -0.000167451 -0.000981465 0.0108763 2.76695e-05 0.000258323 -0.000420671 -0.000384478 -3.07563e-05 0.00796792 0.000959857 -0.00502268 -0.000174213 0.0110617 0.00544382 -0.00448258 -0.000489165 -0.00333098 -0.00128477 -0.00195611 -0.0188777 -0.00996865 -0.0144461 -0.000867039 -0.0073108
internal_weight=58730.2 4133.54 1866.66 2266.88 2113.95 709.182 54596.7 18749.8 152.934 12201.6 35846.9 18220 18196.4 16246.1 286.241 17626.9 646.673 15959.9 130.95 111.275 72.4982 5742.48 1950.31 1301.79 1273.83 77.0263 409.62 278.17 1196.8 274.121
internal_count=665952 39496 18416 21080 19760 6613 626456 314839 1320 196475 311617 154418 154201 134841 2334 157199 11295 132507 1008 856 555 51066 19360 11770 11530 628 3914 2622 10902 2627
cat_boundaries=0 1 2 3 4 5 6 7 8 9
cat_threshold=15409360 2647465 10898976 10599509 15158832 1048965 65732 8512 4232
is_linear=0
shrinkage=0.05


Tree=150
num_leaves=31
num_cat=9
split_feature=0 4 14 1 5 14 9 10 6 5 14 10 14 7 10 14 3 14 4 14 4 2 11 0 5 14 14 11 9 3
split_gain=8.30595 7.70033 13.5358 8.74306 10.7534 9.21518 6.65784 6.51816 6.44248 8.11819 15.3765 7.4069 12.1178 7.28455 7.36924 7.07604 6.33312 6.25024 9.24434 6.20421 7.2579 8.04324 7.40314 6.14626 6.12823 10.5905 9.55323 7.88093 7.16662 6.8928
threshold=6.7250000000000005 16.725000000000005 0 49.385000000000012 1.0000000180025095e-35 1 14.313399778516059 74.500000000000014 28.500000000000004 41.845000000000006 2 4.5000000000000009 3 49.500000000000007 20.500000000000004 4 31.595000000000002 5 36.085000000000008 6 33.895000000000003 4.5750000000000011 85.391260162601625 4.9250000000000007 28.355000000000004 7 8 53.390804597701155 44.526924666023973 21.395000000000003
decision_type=2 2 1 2 2 1 2 2 2 2 1 2 1 2 2 1 2 1 2 1 2 2 2 2 2 1 1 2 2 2
left_child=6 2 -2 5 -5 -3 19 8 11 13 16 12 -8 14 24 -16 -11 -13 -19 -1 -21 22 -22 -18 25 27 -26 -10 29 -27
right_child=1 3 -4 4 -6 -7 7 -9 9 10 -12 17 -14 -15 15 -17 23 18 -20 20 21 -23 -24 -25 26 28 -28 -29 -30 -31
leaf_value=-0.00025097229056086012 0.0067126695448672252 0.00030935588081505548 -0.011393684886107891 0.016166785456904833 0.00063119819765187731 0.007746672149639252 -0.013367246226394694 0.032073772240394198 -0.010600295480209909 -0.0065306815952240211 0.0034739220292398462 5.3281663607922011e-05 0.0017864753535517218 -0.0003908873518626694 -0.0082781428321984773 -0.0024514141756182238 0.011040543301125642 0.0012233720578207188 0.0064151474738748035 -0.0093205866089367245 -0.0035321655689808194 0.011388508580142329 -0.063094456472105639 -0.001581649226569096 0.0090524016096269512 -0.01972752650769297 -0.0013370424581908955 -0.040212826472664054 0.02172662070711617 0.0044588407292342116
leaf_weight=1144.4536151129287 154.67018150864169 683.64536152337678 277.4133903789334 113.53597091790289 5882.0149279335747 1088.4306048175786 213.44485598721076 15.72247051540762 103.33949592639692 624.9185692705214 3252.8217069690581 3357.1058368894737 322.26194166915957 32131.247439767001 772.23415302787907 1654.0941499932669 112.1319103804417 2469.3072451101616 1313.4674361929065 596.74939688364975 435.31979281015811 101.14802705287002 5.2801838722079983 689.42074637999758 331.10967027512379 41.677167107816786 627.80370431439951 28.710292429663241 38.338182106148452 100.46830942481756
leaf_count=28890 1439 6962 2539 1014 55453 10797 2322 403 1212 7727 34392 36829 3587 352130 8397 17418 1316 27380 13790 18154 13299 1171 35 7175 3297 456 6708 249 343 1068
internal_value=-1.90215e-11 0.00147599 -0.00502061 0.00183737 0.000925391 0.00492291 -0.00023974 -0.000114773 -0.000125277 -0.000376945 0.0015817 0.00120292 -0.00446749 -0.000632745 -0.00273433 -0.00435012 -0.00273836 0.00162837 0.0030181 -0.00287813 -0.0054688 -0.0013269 -0.00424596 0.000184112 0.000349117 -0.00573125 0.00233086 -0.0158392 0.00240831 -0.00263262
internal_weight=58682.3 8199.71 432.084 7767.63 5995.55 1772.08 50482.6 48199.6 48183.9 40508.3 4679.29 7675.59 535.707 35829 3697.78 2426.33 1426.47 7139.88 3782.77 2282.95 1138.5 541.748 440.6 801.553 1271.45 312.533 958.913 132.05 180.484 142.145
internal_count=665952 78204 3978 74226 56467 17759 587748 526199 525796 441888 50610 83908 5909 391278 39148 25815 16218 77999 41170 61549 32659 14505 13334 8491 13333 3328 10005 1461 1867 1524
cat_boundaries=0 1 2 3 4 5 6 7 8 9
cat_threshold=4314370 740456 11292744 11116934 15272962 5939436 11334156 575347 4293905
is_linear=0
shrinkage=0.05


Tree=151
num_leaves=31
num_cat=6
split_feature=13 0 1 14 6 10 11 11 6 14 1 5 14 1 14 0 8 14 2 4 7 14 2 8 3 4 5 11 9 8
split_gain=8.29 9.09102 9.67614 8.29257 6.5936 6.49348 8.80353 7.90083 14.9963 13.2742 7.62755 7.41672 7.02132 6.68501 6.46343 11.1409 9.87387 6.2166 7.40652 6.48464 6.35765 6.20572 6.16287 6.12992 6.28088 8.51322 7.79343 7.36951 6.08916 6.02667
threshold=5.5000000000000009 5.9850000000000012 40.855000000000011 0 56.500000000000007 31.500000000000004 30.094339622641513 25.677655677655679 45.500000000000007 1 56.655000000000008 41.685000000000009 2 52.545000000000009 3 6.1350000000000007 287.50000000000006 4 5.6450000000000005 20.055000000000003 47.500000000000007 5 5.3850000000000007 113.50000000000001 42.090000000000011 25.845000000000002 36.925000000000004 46.531676022453894 35.39422371520137 208.50000000000003
decision_type=2 2 2 1 2 2 2 2 2 1 2 2 1 2 1 2 2 1 2 2 2 1 2 2 2 2 2 2 2 2
left_child=1 4 3 -3 -1 7 10 -2 11 13 -7 -9 -12 -10 15 16 23 19 29 -6 -20 -8 -23 -4 25 -25 27 -26 -5 -19
right_child=5 2 14 28 17 6 21 8 9 -11 12 -13 -14 -15 -16 -17 -18 18 20 -21 -22 22 -24 24 26 -27 -28 -29 -30 -31
leaf_value=-0.0001523864644225408 -0.0022842999607683876 -0.00057360800489129643 -0.01713116451417987 0.019079196086629516 -0.021703514414659383 -0.00065246662360228481 -0.004064271401345119 -0.017983065469579507 0.011090011529602437 -0.006846381056028604 0.010212890301773069 0.0021834073890664228 -0.021867814707547187 0.046451614378633835 0.001407337420393449 0.0001356255625918264 0.023244830369150218 -0.00088174065216373165 0.022702334124672485 -0.0053327374725774821 -0.01150874626843428 0.040743808074153842 0.010219272491128056 0.021765105948005157 -0.026189057204429544 -0.0038972377826219542 0.0043081871366627686 -0.003779415961350922 0.0063170163912148027 0.0094260584236127588
leaf_weight=33767.477571246563 1660.1912976754538 456.90605968236923 144.66374668572098 105.02557074837387 66.313431267160922 1604.5729165253579 77.847676457837224 313.06738923117518 37.512553041335195 125.93209032574669 19.190591640770435 53.36376102338545 65.977291118353605 20.7628453085199 11693.023249843041 5239.3498003259301 26.139964573085308 602.40956247621216 14.613354773260651 688.88699085405096 192.06466141622514 18.140122703276575 186.96974754799157 37.841636285185814 95.070671073626727 221.39548598509282 55.421786132268608 59.739563738461584 849.09081509499811 185.45882951281965
leaf_count=362188 58228 4396 1410 939 789 42052 770 4391 542 1528 192 664 729 134 106038 48663 247 6674 139 7562 1849 157 1605 354 831 2057 523 674 7854 1773
internal_value=4.49077e-12 0.000164648 0.00104794 0.0050316 -0.000307464 -0.00214495 -5.9569e-05 -0.0040057 -0.00919579 0.00244203 -0.00142641 -0.0150462 -0.0160076 0.0202193 0.000728065 -0.000624162 -0.00685125 -0.00330024 -0.000658695 -0.00668176 -0.00908982 0.00810283 0.0123183 -0.00813226 -0.0053593 -0.000151227 -0.0117814 -0.0175414 0.00764174 0.00154464
internal_weight=58684.4 54500.9 18983.7 1411.02 35517.2 4183.53 1972.7 2210.83 550.639 184.207 1689.74 366.431 85.1679 58.2754 17572.6 5879.62 640.273 1749.75 994.546 755.2 206.678 282.958 205.11 614.133 469.469 259.237 210.232 154.81 954.116 787.868
internal_count=665952 554960 173986 13189 380974 110992 45505 65487 7259 2204 42973 5055 921 676 160797 54759 6096 18786 10435 8351 1988 2532 1762 5849 4439 2411 2028 1505 8793 8447
cat_boundaries=0 1 2 3 4 5 6
cat_threshold=3415058 6488740 166145 672472 14215472 4349440
is_linear=0
shrinkage=0.05


Tree=152
num_leaves=31
num_cat=6
split_feature=0 5 14 8 7 7 0 4 14 11 12 14 1 1 4 14 11 4 14 2 5 1 11 8 14 13 1 8 0 0
split_gain=7.91907 7.75366 7.9683 7.42467 7.16569 7.71005 6.89191 6.88351 6.67416 7.62304 7.23973 6.76233 6.69485 9.55865 6.90856 6.18083 7.91071 6.88892 6.10016 9.72592 7.78271 7.15788 13.1199 5.98748 5.89328 7.57574 6.97135 7.12015 8.23159 9.15787
threshold=7.035000000000001 31.235000000000003 0 297.50000000000006 48.500000000000007 54.500000000000007 3.0250000000000004 46.495000000000012 1 17.165178571428573 1.5000000000000002 2 18.045000000000005 22.010000000000002 24.250000000000004 3 45.049019607843142 36.085000000000008 4 4.8950000000000005 14.770000000000001 25.095000000000002 55.051020408163275 6.5000000000000009 5 3.5000000000000004 54.355000000000011 22.500000000000004 7.6050000000000013 7.5650000000000004
decision_type=2 2 1 2 2 2 2 2 1 2 2 1 2 2 2 1 2 2 1 2 2 2 2 2 1 2 2 2 2 2
left_child=4 2 3 -2 -1 -6 7 -7 12 11 -11 -10 15 -14 -15 16 -8 -18 21 -20 -21 22 -16 -22 25 -3 -26 -28 29 -29
right_child=1 24 -4 -5 5 6 8 -9 9 10 -12 -13 13 14 18 -17 17 -19 19 20 23 -23 -24 -25 26 -27 27 28 -30 -31
leaf_value=-0.0018819798280210545 -0.0046034653726735016 0.0048424366606493428 0.002264174990402774 -0.041862889509179713 0.00038808089560456611 -0.015128183495431914 0.006146388632853046 0.026780262996485105 -0.00057442121902534699 -0.017103350519988351 -0.001054799759559924 -0.0089477085949850842 -0.0067677616605769158 -0.0041947256809961673 0.0054314711650384311 -7.7319821044922435e-05 0.037992125886388894 0.0054210718532610325 -0.0058343553196703278 -0.01989416334244163 0.030042929705217287 0.0024335801506191654 0.037174607363348482 0.0022106420452866144 0.0082970221221379536 -0.0069568570909279877 -0.013827224536166076 0.0020566791536038597 0.010411420914697617 -0.023038901357065367
leaf_weight=5438.0647075025481 559.89078944246285 272.11765464860946 801.83102974214125 13.697526595555244 37053.620842582066 131.65262488144799 176.80456875462551 10.586073065409435 392.39596993045416 71.181112731806934 5510.2818744909018 656.34827816509642 492.58041237527505 642.70398497674614 138.12764098215848 231.54649357800372 44.172518525272608 25.667150430381298 602.01050460827537 39.476143304724246 19.653207798488438 1660.2805886645801 42.587672868743539 1151.8558258933481 866.31287286779843 272.02532137837261 63.284166973549873 929.54337453306653 312.31607642699964 37.832544712349772
leaf_count=65660 5462 2900 7515 130 417959 7438 3305 449 8651 725 51652 15866 6504 6921 1914 3583 200 101 6855 419 163 16204 202 11685 8557 2534 539 8534 2978 347
internal_value=4.6798e-12 0.00211127 -0.00095442 -0.00539911 -0.000159855 3.09044e-05 -0.00106833 -0.0120092 -0.00093753 -0.00199137 -0.00125947 -0.00590557 0.000391985 -0.000170527 0.000585792 0.00603396 0.0113155 0.0260218 0.00142664 -0.000636813 0.00194175 0.00344347 0.0129121 0.00267756 0.00364267 -0.00103715 0.00477837 0.00254417 0.00335378 0.00107523
internal_weight=58660.4 4128.85 1375.42 573.588 54531.6 49093.5 12039.9 142.239 11897.7 6630.21 5581.46 1048.74 5267.47 4789.28 4296.7 478.191 246.644 69.8397 3653.99 1813 1210.99 1841 180.715 1171.51 2753.43 544.143 2209.29 1342.98 1279.69 967.376
internal_count=665952 39496 13107 5592 626456 560796 142837 7887 134950 76894 52377 24517 58056 50867 44363 7189 3606 301 37442 19122 12267 18320 2116 11848 26389 5434 20955 12398 11859 8881
cat_boundaries=0 1 2 3 4 5 6
cat_threshold=4426961 6874186 2437 6308872 6299714 11010192
is_linear=0
shrinkage=0.05


Tree=153
num_leaves=31
num_cat=6
split_feature=0 13 5 14 14 13 4 2 8 9 3 6 9 0 3 7 6 8 14 14 0 0 6 4 14 9 10 14 13 5
split_gain=7.82682 6.86996 6.82282 9.15721 8.34184 11.9267 6.96937 10.1986 8.00067 8.72111 6.64923 7.99071 6.54046 6.46021 6.29095 5.7896 7.18599 6.63998 9.82898 6.36557 7.12525 5.93989 5.66794 5.63279 10.9005 5.59133 5.79826 5.52433 7.3003 5.73248
threshold=7.035000000000001 5.5000000000000009 30.440000000000001 0 1 2.5000000000000004 49.885000000000012 6.3250000000000011 22.500000000000004 70.710784313725512 66.77500000000002 34.500000000000007 44.80143369175628 7.2550000000000008 51.290000000000006 50.500000000000007 37.500000000000007 269.50000000000006 2 3 6.9750000000000005 1.0000000180025095e-35 40.500000000000007 20.655000000000005 4 47.877617877617887 4.5000000000000009 5 3.5000000000000004 42.315000000000005
decision_type=2 2 2 1 1 2 2 2 2 2 2 2 2 2 2 2 2 2 1 1 2 2 2 2 1 2 2 1 2 2
left_child=1 15 3 25 5 -4 8 -8 13 12 -5 -12 -10 -6 -9 17 19 21 -19 20 -17 -1 -16 24 -23 -2 -27 29 -29 -18
right_child=2 -3 4 10 6 -7 7 14 9 -11 11 -13 -14 -15 22 16 27 18 -20 -21 -22 23 -24 -25 -26 26 -28 28 -30 -31
leaf_value=0.029161920252598662 0.0064336706963835939 -0.0022749289560721627 0.0085150328074860056 0.0011836154075331345 -0.026787762116974478 -0.0043153261460819776 0.051868622233498765 -0.012646489304995821 0.016023228397199978 0.033934092292160385 -0.018041162466272753 0.027478230546332024 0.0040790212787758379 0.0016541396739666017 0.041759806127646668 0.0018201946886534739 -0.0016906652572632461 -0.011550427664276655 0.011107340627432401 5.3218349553655862e-05 0.014645732818670661 0.0010878745047166866 0.0011636646431957068 -0.0011731666754259387 -0.012423548542564005 -0.036082660619380862 -0.0071858066648163759 0.00094083264849220802 -0.0014024077336053367 0.0021998708063234633
leaf_weight=15.768553996458648 74.514021734241396 3583.685493112338 253.18992022238672 631.11211666429881 35.426381303928792 636.38049401994795 18.962614452000707 20.432247030315921 122.73300088243559 26.173421015031636 12.013075273018329 48.831630406435579 1732.3576059390325 45.745380841661245 18.000951260328293 8417.1068807101401 8510.5178284670692 53.50783932255581 212.62488538678735 8570.8032206483767 109.70144326810259 281.18978346406948 16.459826786071062 7261.797731736413 314.1389789475943 18.115820664446801 415.78862543066498 11429.491886937292 4686.9311707809102 1065.3317121854052
leaf_count=351 759 104801 3340 6033 314 5511 138 200 1242 217 96 431 16412 415 173 87654 85011 515 2008 88394 961 3075 143 76191 3621 156 3916 100487 62930 10457
internal_value=5.21167e-13 -0.000158927 0.00209962 -0.00107464 0.00340191 -0.000656168 0.00515263 0.0202563 0.00461047 0.00527362 0.00266693 0.018491 0.00486925 -0.010759 0.00933586 -1.00319e-05 0.000222471 -0.00123238 0.00653519 0.00101676 0.00198288 -0.00149496 0.0223695 -0.00155648 -0.00623215 -0.00609941 -0.00839227 -0.000306107 0.000259217 -0.00125652
internal_weight=58638.8 54512.6 4126.24 1200.38 2925.86 889.57 2036.29 73.8556 1962.44 1881.26 691.957 60.8447 1855.09 81.1718 54.893 50928.9 42789.9 8139.03 266.133 17097.6 8526.81 7872.9 34.4608 7857.13 595.329 508.418 433.904 25692.3 16116.4 9575.85
internal_count=665952 626456 39496 11391 28105 8851 19254 654 18600 17871 6560 527 17654 729 516 521655 435894 85761 2523 177009 88615 83238 316 82887 6696 4831 4072 258885 163417 95468
cat_boundaries=0 1 2 3 4 5 6
cat_threshold=4303955 11145364 2883594 11844882 9718924 1347331
is_linear=0
shrinkage=0.05


Tree=154
num_leaves=31
num_cat=4
split_feature=4 9 14 5 4 5 10 13 7 7 14 14 6 13 1 6 6 8 1 5 11 1 9 9 6 11 14 10 8 2
split_gain=7.83404 5.72441 10.5758 7.07197 6.61741 7.53566 8.74473 6.56567 5.35571 6.89947 10.7412 7.80266 7.39954 7.28464 9.3715 6.96358 9.95866 12.0006 7.88876 9.79323 6.60095 9.25922 7.27547 7.02197 6.584 11.7171 6.30951 9.58604 7.05325 6.29519
threshold=35.595000000000006 53.498971193415649 0 37.195000000000007 46.755000000000003 41.455000000000005 22.500000000000004 5.5000000000000009 53.500000000000007 48.500000000000007 1 2 59.500000000000007 2.5000000000000004 36.060000000000009 23.500000000000004 25.500000000000004 176.50000000000003 29.465000000000003 37.885000000000012 46.531676022453894 52.07500000000001 54.98218384245699 30.975856098499424 54.500000000000007 53.390804597701155 3 47.500000000000007 225.50000000000003 7.4250000000000007
decision_type=2 2 1 2 2 2 2 2 2 2 1 1 2 2 2 2 2 2 2 2 2 2 2 2 2 2 1 2 2 2
left_child=8 -2 3 7 5 -5 -7 -3 9 10 24 -11 13 15 -15 -13 17 18 -17 -20 21 23 -22 -18 -1 -26 27 -16 29 -28
right_child=1 2 -4 4 -6 6 -8 -9 -10 11 -12 12 -14 14 26 16 20 -19 19 -21 22 -23 -24 -25 25 -27 28 -29 -30 -31
leaf_value=-0.0049399170507282708 0.00052056001885010343 0.017138477560982007 0.00085817168458941729 -0.021274196588229988 0.020419700597775006 0.031217576592282005 -0.0098826460445842357 -0.0023799834250667297 -0.0012901253600990008 -0.00074969389825317058 4.3337400500702083e-05 0.011075630041737698 -0.011519949127048143 -0.0024105041059639671 0.0035468858592285256 -0.031454613571818175 0.0030978298008132038 0.003403990230685511 0.0053208013759904705 -0.047398008371376137 0.0008043809215469459 -0.017965035007523784 0.012514548936997886 0.0097916806723534131 -0.0089525042033218264 -0.057270744620826534 0.0013468277817610206 0.024609167361376083 -0.0027626747139360155 0.011874436020541527
leaf_weight=1183.5599484601116 20996.697570505843 276.36688719363883 1028.6168774368707 44.533799515338615 31.056723262183368 21.530068194493651 32.444649242796004 51.042656391859055 12556.224336930987 9026.2768979392713 2188.9911220469803 242.50202931743115 112.64462173148058 2182.465405956842 1334.2991700069979 61.111300081945956 889.86684132344089 121.09260441502556 43.663976667448878 11.035589205101131 2562.4005745931063 41.194605914875865 139.88091356912628 699.95609919726849 49.982856227783486 16.75218310020864 1314.2549912417307 56.30119105335325 1132.9773421473801 159.20158695010468
leaf_count=14933 231655 2372 9525 436 249 177 314 436 149298 102929 26297 1983 1386 44986 11504 501 8038 1077 403 107 22760 283 1851 5057 608 136 13555 430 11329 1337
internal_value=-7.7899e-12 0.000732782 0.00373223 0.00996468 0.000295031 -0.00604966 0.00651189 0.0140956 -0.000456024 -1.16885e-05 -0.00208132 0.000341897 0.00122874 0.0013605 0.000224573 0.00281902 0.00238091 -0.00760129 -0.0191085 -0.00531517 0.00292665 0.00543853 0.00141055 0.00604495 -0.00575545 -0.0210816 0.00166338 0.00436822 0.00020274 0.0024843
internal_weight=58608.9 22482.3 1485.59 456.975 129.565 98.5085 53.9747 327.41 36126.6 23570.4 3439.29 20131.1 11104.8 10992.2 6179.5 4812.7 4570.2 236.903 115.811 54.6996 4333.3 1631.02 2702.28 1589.82 1250.29 66.735 3997.03 1390.6 2606.43 1473.46
internal_count=665952 245164 13509 3984 1176 927 491 2808 420788 271490 41974 229516 126587 125201 83141 42060 40077 2088 1011 510 37989 13378 24611 13095 15677 744 38155 11934 26221 14892
cat_boundaries=0 1 2 3 4
cat_threshold=1053747 4749648 3773541 10250
is_linear=0
shrinkage=0.05


Tree=155
num_leaves=31
num_cat=7
split_feature=9 0 13 0 14 7 14 6 8 3 4 7 14 4 11 4 14 2 1 11 14 1 11 10 4 9 1 8 14 14
split_gain=7.40002 8.7324 6.18742 8.02385 13.2283 7.44563 11.9611 6.999 7.26733 7.22913 7.94942 12.1763 8.16171 10.4385 9.2512 7.63183 6.74242 6.5483 9.50302 6.50228 6.15712 9.03953 10.8416 7.7672 9.4715 8.91203 7.2833 9.18651 8.229 7.61619
threshold=37.865862364363231 6.3350000000000009 1.5000000000000002 5.0450000000000008 0 44.500000000000007 1 27.500000000000004 132.50000000000003 28.020000000000003 35.82500000000001 55.500000000000007 2 27.290000000000003 70.087719298245631 26.330000000000002 3 3.8350000000000004 27.685000000000006 47.673160173160177 4 25.850000000000005 38.832199546485271 36.500000000000007 31.515000000000004 24.608352421465973 23.670000000000005 62.500000000000007 5 6
decision_type=2 2 2 2 1 2 1 2 2 2 2 2 1 2 2 2 1 2 2 2 1 2 2 2 2 2 2 2 1 1
left_child=1 2 3 5 17 6 -1 8 -6 10 11 12 13 -9 -15 -13 -11 -5 -19 -4 21 23 -23 25 -25 -7 29 -28 -29 -22
right_child=-2 -3 19 4 7 20 -8 9 -10 16 -12 15 -14 14 -16 -17 -18 18 -20 -21 26 22 -24 24 -26 -27 27 28 -30 -31
leaf_value=0.010301072605704028 0.00060440883104339064 0.0062790671079499538 -0.00088759377840832857 0.012564629312460537 -0.011697049343554379 0.00043521266030565426 -0.022743265469190335 0.01016768226821446 0.010472450117050633 -0.012447260808911904 -0.0018093551239105601 0.033478017234832139 -0.028369605887644284 -0.03598408788852249 0.00055326041112046251 -0.0068691500699501447 -0.0013063160794222928 -0.022004929840909401 0.0022057189598255239 -0.0047055641275882002 0.0054847448406965052 0.017059385203504293 -0.0060792308983392621 -0.047209511591892787 -0.00085840344495299436 0.008903724103428632 0.01382793092162684 -0.0012682465641717345 0.0064894989043872784 -0.00093485100974536033
leaf_weight=38.065848702564836 27164.54454609321 464.94296666141599 20174.76626789564 141.63416297640651 51.487637501209974 1820.3799156118184 66.920947408303618 44.906985527835786 131.06685721734539 160.67644725367427 148.96108967810869 16.806364633142948 137.97449451498687 41.211275404319167 29.88993651792407 38.729604901745915 704.59784551337361 42.870332540944219 742.81680103763938 1180.4174369086977 635.93491657450795 54.067073699086905 794.98301460593939 17.965618455782533 28.514113856479526 374.60362126864493 262.38745785970241 539.51998134097084 926.04141504969448 1617.4841437153518
leaf_count=207 266407 4321 329835 1057 400 8570 363 299 1080 989 1073 99 976 249 236 236 6328 302 7051 10161 2921 221 4349 102 159 1748 1276 2913 4337 7687
internal_value=-5.43719e-12 -0.000522372 -0.000624495 0.000429075 -0.00205194 0.00127037 -0.0119473 -0.00492533 0.00421977 -0.00622371 -0.0112998 -0.0158672 -0.0205045 -0.00801387 -0.0206243 0.00534076 -0.00353408 0.00264015 0.000884686 -0.00109863 0.00146659 -0.000211429 -0.00460578 0.00145217 -0.0187743 0.00188048 0.00276274 0.00521184 0.00366925 0.000897007
internal_weight=58595.2 31430.6 30965.7 9610.5 2433.63 7176.87 104.987 1506.31 182.554 1323.75 458.48 309.519 253.983 116.008 71.1012 55.536 865.274 927.321 785.687 21355.2 7071.88 3090.51 849.05 2241.46 46.4797 2194.98 3981.37 1727.95 1465.56 2253.42
internal_count=665952 399545 395224 55228 20375 34853 570 11965 1480 10485 3168 2095 1760 784 485 335 7317 8410 7353 339996 34283 15149 4570 10579 261 10318 19134 8526 7250 10608
cat_boundaries=0 1 2 3 4 5 6 7
cat_threshold=8575204 14947073 3670290 8194 2409590 5900416 4849792
is_linear=0
shrinkage=0.05


Tree=156
num_leaves=31
num_cat=6
split_feature=0 9 2 4 14 14 1 14 3 12 14 2 4 4 4 6 2 5 3 0 6 9 0 14 8 8 14 13 9 3
split_gain=7.73562 6.21857 6.35908 10.0292 9.52016 7.51896 6.06897 8.79324 7.72411 6.10461 7.11399 6.34157 5.89632 5.82554 5.82189 5.47297 5.45968 8.45604 6.07571 5.69981 6.7964 6.01134 5.45516 8.86349 5.6476 7.20415 5.5467 5.55972 5.26601 5.20409
threshold=7.035000000000001 14.313399778516059 4.955000000000001 45.475000000000009 0 1 55.375000000000007 2 78.680000000000021 3.5000000000000004 3 6.8650000000000011 34.405000000000008 35.595000000000006 49.885000000000012 70.500000000000014 7.3850000000000007 32.82500000000001 56.585000000000008 7.4050000000000011 40.500000000000007 54.559793518784062 7.1750000000000007 4 295.50000000000006 314.50000000000006 5 4.5000000000000009 53.858061443200775 44.415000000000006
decision_type=2 2 2 2 1 1 2 1 2 2 1 2 2 2 2 2 2 2 2 2 2 2 2 1 2 2 1 2 2 2
left_child=1 2 5 4 -4 -1 7 -2 14 10 11 -8 -6 15 16 -3 18 19 -9 20 -18 -21 23 -11 26 -26 -24 -28 -22 -25
right_child=6 13 3 -5 12 -7 9 8 -10 22 -12 -13 -14 -15 -16 -17 17 -19 -20 21 28 -23 24 29 25 -27 27 -29 -30 -31
leaf_value=0.0022154932992137057 0.0073614138466321088 -0.00044726926142373577 0.0096344664311594948 0.037522031305902911 -0.017152431598655843 -0.0053346145796950841 -0.033822061668791613 -0.0009012282402763353 -0.038503375507689307 -0.016115566040028492 0.014948808314540044 0.010316354650344948 0.0043393621627925852 0.0006247582497508578 0.022058001290590497 -0.028645485990806671 0.029171923406712964 -0.0015566031732056104 -0.017298356844609505 -0.022167420053158061 -0.015850771650206315 0.024976684287493493 -0.0016989477276256372 -0.010811162228220759 -0.035482879994829672 0.012477184201689299 0.0068429729056493308 -0.0016663720637176216 0.024931808328588476 0.0046848862441094706
leaf_weight=415.61965464748209 999.0915385261178 32187.063723327708 154.96180657902732 20.758754720911384 80.220550552243367 1556.0001626689482 17.026780476327986 438.34918749658391 12.534322134219108 124.18785635754466 119.81235821777955 15.587664997205136 52.997101022745483 19962.53552910639 31.704962253570557 17.216788042802364 70.931891165673733 184.24353663716465 64.851855840533972 18.148805940058086 18.579797178506851 10.776832684408872 821.78917563077994 78.443812497891486 22.919740347191691 11.893013231456278 584.33753881289158 285.86135499319062 13.790402739308773 175.16666692821309
leaf_count=11763 9853 356580 1650 187 899 46550 174 4423 132 1235 1006 140 566 207998 307 263 620 1823 649 188 192 104 7607 695 217 106 5834 2455 125 1611
internal_value=-8.89787e-12 -0.000158071 -0.00271373 0.00395621 0.00153833 -0.00375886 0.00208895 0.00420117 0.000455938 0.000345473 0.0100079 -0.00974019 -0.00800183 -4.63457e-05 0.00103487 -0.000462344 0.000221693 0.00536731 -0.00301447 0.0150149 0.0205082 -0.00460293 -0.000354331 -0.0057966 0.000836357 -0.0190984 0.00124651 0.00400166 0.00152349 -0.000104066
internal_weight=58567.4 54447.4 2280.56 308.938 288.179 1971.62 4120.03 1863 863.912 2257.03 152.427 32.6144 133.218 52166.8 851.377 32204.3 819.672 316.471 503.201 132.228 103.302 28.9256 2104.6 377.798 1726.8 34.8128 1691.99 870.199 32.3702 253.61
internal_count=665952 626456 61615 3302 3115 58313 39496 18416 8563 21080 1320 314 1465 564841 8431 356843 8124 3052 5072 1229 937 292 19760 3541 16219 323 15896 8289 317 2306
cat_boundaries=0 1 2 3 4 5 6
cat_threshold=9226653 11022336 1367591 10555460 1806656 14716582
is_linear=0
shrinkage=0.05


Tree=157
num_leaves=31
num_cat=6
split_feature=12 1 6 14 6 2 7 14 10 8 2 4 14 0 14 0 10 5 5 14 8 0 0 14 8 3 13 8 8 4
split_gain=7.45346 6.65223 13.9846 12.0938 10.3328 8.11502 7.67926 10.1285 6.31596 6.11298 6.62361 5.86724 9.98779 5.92364 7.68277 6.2194 5.79402 6.62921 5.66312 11.8021 6.87015 9.96681 9.62181 8.01655 8.31798 7.35993 6.75206 7.32908 6.3946 7.45195
threshold=3.5000000000000004 35.910000000000004 26.500000000000004 0 38.500000000000007 6.035000000000001 46.500000000000007 1 37.500000000000007 90.500000000000014 5.5250000000000012 22.195000000000004 2 6.2750000000000012 3 6.3050000000000006 42.500000000000007 45.285000000000004 41.845000000000006 4 264.50000000000006 5.8450000000000006 5.3350000000000009 5 223.50000000000003 23.830000000000002 3.5000000000000004 221.50000000000003 135.50000000000003 24.450000000000006
decision_type=2 2 2 1 2 2 2 1 2 2 2 2 1 2 1 2 2 2 2 1 2 2 2 1 2 2 2 2 2 2
left_child=18 2 -2 9 5 -5 7 -3 -9 -4 -11 12 16 14 -14 -15 17 -8 -1 20 21 22 26 -23 25 -25 -20 -28 29 -24
right_child=1 6 3 4 -6 -7 11 8 -10 10 -12 -13 13 15 -16 -17 -18 -19 19 -21 -22 23 28 24 -26 -27 27 -29 -30 -31
leaf_value=-0.00056835613146069878 -0.02467743055003456 -0.011262786237000564 0.03110323548845588 -0.031191035285639396 0.0091119948059523032 0.00017829521239741563 0.0046986679894199463 -0.0030478335633771633 0.011628025700734405 -0.0060389055682029645 0.0179318253201096 0.0012531886858940977 0.00062285914668983294 0.026888847038059317 -0.018930130358785921 -0.0035634560356155144 -0.006373332057886239 0.027869801879267138 0.0073208423225123642 -0.0010222823286150345 -0.0083648853461643496 0.018227939617060675 -0.0356871278759451 0.026080470305758066 0.019624578579478996 -0.010441222511868235 0.002372862974176286 -0.017238329992162592 0.0013308798658616175 -0.0066227631030739437
leaf_weight=36922.888364066501 32.898219317663461 294.2387945628725 60.695461466908455 36.630390132777393 126.25032108370215 47.159494330640882 345.31181250722148 252.07794385962188 103.37644736771472 37.153732520062476 128.45781010622159 14210.56526381697 85.08373268507421 17.145123290363699 134.59858962264843 759.68990202178247 107.65679314150475 33.89809240354225 951.84949311474338 2610.3243650670338 107.60215765610337 207.43473498011008 26.271659824997187 16.238425402902067 50.602496596053243 91.664635988883674 298.37276912652305 56.693219752050936 259.66813009837642 137.3757821447216
leaf_count=445881 344 2982 546 436 1341 510 3066 2460 1229 397 1220 137370 876 155 1349 7177 1259 280 7710 31802 1112 1813 275 158 460 875 7815 1028 2705 1321
internal_value=-2.04391e-11 0.000888843 0.00675842 0.00912851 7.38992e-05 -0.0135354 0.000720321 -0.00460649 0.00118694 0.0167872 0.0125542 0.000940838 -0.00205142 -0.00489227 -0.0121905 -0.00289136 0.00378594 0.00676997 -0.000358052 0.00125492 0.00393899 0.00458937 0.0030038 0.0120863 0.00272672 -0.00494504 0.00512584 -0.000758447 -0.00354766 -0.0112887
internal_weight=58549.9 16812.9 469.245 436.347 210.04 83.7899 16343.6 649.693 355.454 226.307 165.612 15693.9 1483.38 996.517 219.682 776.835 486.867 379.21 41737 4814.1 2203.77 2096.17 1730.23 365.94 158.506 107.903 1306.92 355.066 423.316 163.647
internal_count=665952 162997 4794 4450 2287 946 158203 6671 3689 2163 1617 151532 14162 9557 2225 7332 4605 3346 502955 57074 25272 24160 20854 3306 1493 1033 16553 8843 4301 1596
cat_boundaries=0 1 2 3 4 5 6
cat_threshold=2223702 7973898 2674713 12976420 4817830 4293122
is_linear=0
shrinkage=0.05


Tree=158
num_leaves=31
num_cat=8
split_feature=9 10 11 14 4 1 14 0 11 14 6 2 5 14 4 1 11 4 1 14 3 3 14 9 8 5 14 8 0 14
split_gain=7.21258 5.82546 9.83091 9.24016 8.8438 8.44662 8.6547 7.46823 7.08533 8.79313 6.87193 6.80854 8.83473 10.5114 7.03589 6.70041 6.69221 6.67052 6.29987 6.26717 6.10446 9.3519 5.88721 6.25896 5.83822 6.15385 6.36914 5.79834 6.39969 5.78742
threshold=40.65497165619734 4.5000000000000009 24.780701754385969 0 45.170000000000009 44.045000000000009 1 7.035000000000001 34.941860465116285 2 48.500000000000007 3.1750000000000003 35.155000000000008 3 36.850000000000009 26.035000000000004 5.291153415453528 16.725000000000005 37.305000000000007 4 61.565000000000005 52.280000000000008 5 56.319764305572853 296.50000000000006 46.890000000000008 6 235.50000000000003 6.3050000000000006 7
decision_type=2 2 2 1 2 2 1 2 2 1 2 2 2 1 2 2 2 2 2 1 2 2 1 2 2 2 1 2 2 1
left_child=-1 2 -2 15 -5 6 10 8 9 27 -3 12 14 -14 -8 -4 -11 29 -6 -19 21 -17 23 -10 25 -18 -27 -7 -29 -9
right_child=1 5 3 4 18 7 11 17 22 16 -12 -13 13 -15 -16 20 24 19 -20 -21 -22 -23 -24 -25 -26 26 -28 28 -30 -31
leaf_value=-0.00043888227908164444 0.006660220522411101 0.0012397808392488774 -0.02413266550095286 -0.0098449920288068912 -0.017981587997227631 -0.008914868847179902 0.011975822291159045 -0.015362125159846612 0.0018241527538972614 -0.021568993820238427 -0.0063952233835519985 0.0034488086154368966 0.014843143090735561 -0.017735288894430368 0.035119506231134245 0.00053431600185061857 0.0011465639710835315 0.00037411098329779755 0.01897338877748439 0.0046119899784864199 -0.019272840288515579 0.019797870759723273 -0.00053459826631658972 0.014320232456483417 -0.013677130702454344 0.0038219883621823342 -0.024441648158479462 0.0095625863561555197 -0.0045808314035473167 0.0014157979914040174
leaf_weight=36014.412403750597 246.63627169560641 1863.9931381582282 24.869624833576381 629.03845107508823 15.282059911638497 660.70246480917558 101.03893350064754 87.864344696048647 2712.8592366107041 36.463925688061863 350.06117467209697 3466.832855590852 41.217515538446605 38.003660201560706 48.652010220102966 341.25193670764565 1846.4637030190788 1586.2118578482186 47.00386419147253 1954.4020826950436 29.959199114702642 77.269785524345934 5440.445665064035 104.04945699963719 74.604091873392463 35.944506721571088 38.29804964736104 99.483988560270518 407.99487431161106 111.81646123435348
leaf_count=447743 2818 18659 256 5727 137 6980 1042 787 24576 554 3529 35131 417 367 441 2966 19687 15514 381 18675 272 604 49684 955 806 357 438 1201 4255 993
internal_value=-1.3096e-11 0.000701909 -0.00240815 -0.00432851 -0.00795046 0.000909858 0.00251382 0.000286134 -0.000347157 -0.00234452 3.24738e-05 0.00398947 0.012352 -0.00115032 0.0194979 0.00110591 -0.000340222 0.00222603 0.00990636 0.00272748 0.00253013 0.00409086 0.000426878 0.00227764 4.60251e-05 0.00057906 -0.0135352 -0.00577815 -0.00180822 -0.00666532
internal_weight=58533.1 22518.7 1411.31 1164.67 691.324 21107.4 5909.8 15197.6 11457.3 3199.96 2214.05 3695.74 228.912 79.2212 149.691 473.351 2031.77 3740.29 62.2859 3540.61 448.481 418.522 8257.35 2816.91 1995.31 1920.71 74.2426 1168.18 507.479 199.681
internal_count=665952 218209 13161 10343 6245 205048 59586 145462 109493 34278 22188 37398 2267 784 1483 4098 21842 35969 518 34189 3842 3570 75215 25531 21288 20482 795 12436 5456 1780
cat_boundaries=0 1 2 3 4 5 6 7 8
cat_threshold=10629484 11272843 6843652 4347152 14882972 14714504 1147592 12069092
is_linear=0
shrinkage=0.05


Tree=159
num_leaves=31
num_cat=6
split_feature=13 9 8 14 10 0 3 14 8 9 14 8 3 9 9 1 14 5 0 14 0 1 1 0 14 6 11 6 8 0
split_gain=7.11858 8.06597 6.61022 5.99444 5.86148 5.41163 6.7098 11.5797 6.98465 6.69825 6.452 6.50767 6.02604 5.68938 6.08696 5.48747 11.2022 9.56252 6.23491 6.81808 5.82881 6.95034 5.69023 6.47274 6.68371 6.54795 5.73041 5.54729 6.87213 8.83866
threshold=5.5000000000000009 42.504355400696873 20.500000000000004 0 98.500000000000014 7.6050000000000013 73.780000000000015 1 98.500000000000014 58.348822800495675 2 212.50000000000003 59.385000000000012 52.846814860553678 55.822605490454976 48.830000000000005 3 55.050000000000004 6.6850000000000014 4 6.3450000000000006 40.390000000000008 40.855000000000011 5.8950000000000005 5 40.500000000000007 57.275132275132279 35.500000000000007 228.50000000000003 6.6550000000000011
decision_type=2 2 2 1 2 2 2 1 2 2 1 2 2 2 2 2 1 2 2 1 2 2 2 2 1 2 2 2 2 2
left_child=1 -1 -2 4 -4 6 15 8 -8 -9 13 12 -12 -7 -15 16 17 20 27 -20 22 -22 23 -3 -25 26 -26 28 -18 -30
right_child=2 5 3 -5 -6 10 7 9 -10 -11 11 -13 -14 14 -16 -17 18 -19 19 -21 21 -23 -24 24 25 -27 -28 -29 29 -31
leaf_value=-0.00026360878101359833 -0.010868717625877876 -0.00078213686318041225 0.00011919287362662022 -0.0036069566024974132 0.04159954394515656 -0.0014208990194185009 0.027468134201357231 -0.012752853956703992 -0.0010530287969417638 -0.049055658388268329 0.00081215810316379554 -0.0055265759202106843 0.019430389328061713 0.031934467064240676 0.011198766629449656 -3.0265768380012689e-05 0.0028334517641781529 -0.021754499298825641 0.014193870060032905 0.0036640011220007798 0.019548914113906451 0.0017181062462161311 -0.0030423025305578752 -0.002725186297806638 0.036659700177967901 0.0048808149919175314 0.0037403230642010818 0.0015106675086130287 0.011651764968130276 -0.027405616015632212
leaf_weight=37051.38851496912 199.6945817899832 458.96706648357213 2098.7429993601982 1856.1509152275976 8.5512272842461226 56.491997161414474 27.742452434729785 148.99003806617111 94.880893398774788 13.89103185222484 114.21763262199238 176.95674479706213 70.155028332956135 48.37524356180802 131.86770443071146 7163.3565053351922 898.29469478642568 50.282171400263906 254.61629832279868 425.35242300666869 56.344530748203397 1819.0913692645263 1669.2689723381773 71.595746801700443 50.609075520187616 54.869292376562953 17.893831034656614 2972.2783874566667 441.16387656982988 14.976802247576414
leaf_count=396531 7361 4349 52321 50999 311 548 228 1388 845 107 1064 1751 671 452 1267 65417 7854 488 2381 3871 567 17171 15607 719 383 470 225 26626 3849 131
internal_value=-9.22342e-12 0.000152623 -0.00199265 -0.00154543 0.000286159 0.00104394 0.00087662 -0.0067227 0.00499249 -0.0149321 0.00571721 0.0012871 0.00789652 0.011921 0.016764 0.00100876 0.00181292 -7.90593e-05 0.00341189 0.00786957 0.000180334 0.0022538 -0.0014935 0.00246005 0.0100924 0.0164206 0.0280607 0.00271922 0.00537136 0.0103694
internal_weight=58517.1 54353.9 4163.14 3963.45 2107.29 17302.5 16704.5 285.504 122.623 162.881 598.064 361.329 184.373 236.735 180.243 16419 9255.6 4248.92 5006.68 679.969 4198.64 1875.44 2323.2 653.935 194.968 123.372 68.5029 4326.71 1354.44 456.141
internal_count=665952 554960 110992 103631 52632 158429 152676 2568 1073 1495 5753 3486 1735 2267 1719 150108 84691 39979 44712 6252 39491 17738 21753 6146 1797 1078 608 38460 11834 3980
cat_boundaries=0 1 2 3 4 5 6
cat_threshold=905961 4452884 12751977 10640076 5603328 10489984
is_linear=0
shrinkage=0.05


Tree=160
num_leaves=31
num_cat=7
split_feature=4 9 14 5 4 1 6 11 11 14 9 6 1 0 7 0 5 14 3 8 14 14 4 1 4 14 13 14 5 0
split_gain=6.58291 6.35315 6.24493 6.47445 5.8034 5.13452 5.49709 7.9423 10.2191 9.80861 7.28375 5.8178 5.30187 9.07015 5.14432 5.07749 5.00278 7.65029 7.76896 11.3902 8.77362 8.01524 7.179 7.11489 8.59481 6.99925 10.3374 6.82047 6.69516 9.19299
threshold=24.450000000000006 39.508331174997849 0 11.830000000000002 23.410000000000004 1.0000000180025095e-35 21.500000000000004 77.871939736346533 48.863049095607238 1 24.433103661044843 20.500000000000004 16.045000000000005 3.8150000000000004 48.500000000000007 1.0000000180025095e-35 30.365000000000006 2 25.070000000000004 243.50000000000003 3 4 24.940000000000001 42.905000000000008 48.045000000000009 5 2.5000000000000004 6 1.0000000180025095e-35 7.1350000000000007
decision_type=2 2 1 2 2 2 2 2 2 1 2 2 2 2 2 2 2 1 2 2 1 1 2 2 2 1 2 1 2 2
left_child=2 5 -1 4 -4 15 7 8 9 12 11 -10 14 -14 -7 -2 17 22 19 20 -19 -21 -3 24 -24 26 27 -18 29 -20
right_child=1 16 3 -5 -6 6 -8 -9 10 -11 -12 -13 13 -15 -16 -17 25 18 28 21 -22 -23 23 -25 -26 -27 -28 -29 -30 -31
leaf_value=9.2731946780583638e-05 0.0080077016254693819 -0.031137762228834822 0.00050533976792283973 -0.0037142843722302375 0.038757044610118224 -0.0024557465428428336 -0.00032822014406323806 -0.035005057556649004 0.015013638780845632 -0.0049730967033520127 0.0057834323207440995 0.048401342771776414 -0.035365493994763901 0.008183934086719356 0.02623423369710386 -0.0221273060977932 0.0093734002523553073 0.0077978210632485868 0.0020789454499245768 -0.004342926935483128 -0.0068184180372920294 0.022819562783871851 0.0085987185656389489 0.00053576900191135049 -0.014224675196500756 0.0020977749832208382 -0.0018808624423670471 0.0013318852607905475 -0.0030993494801919721 0.033178175084993745
leaf_weight=4133.900992687617 19.315762909362093 16.208586623426527 985.88011879700935 3271.7755525598768 10.016392640303819 20.330285860167351 28293.535005219339 12.302166717126964 24.347546084783971 222.78042972268304 46.870979314204305 28.112441559322178 13.348767761839552 114.60001084581017 67.503203518688679 50.582899423548952 329.11061086971313 175.1768707903102 186.69918889040127 38.784751770086586 220.48179658874869 97.422598579898477 556.28420003619976 1619.9620046697091 44.552880010567605 10291.800198247773 3148.152029258199 1236.7521862778813 3196.8285897768801 27.228386684320867
leaf_count=49884 1120 170 11395 38485 99 930 335604 85 137 6043 367 134 243 1377 3010 10706 3608 1707 1799 410 2089 915 5721 15655 402 97914 30182 14472 31075 214
internal_value=9.42614e-12 0.000217202 -0.00129519 -0.00263365 0.000890063 -0.000264765 -0.000231965 0.00471793 0.00562643 0.00234658 0.0201075 0.0329056 0.00968527 0.00364047 0.0195935 -0.0137998 0.000874984 -0.000322322 -0.00164565 0.00397078 -0.000322362 0.0164416 0.00200836 0.00225932 0.00690633 0.00136805 -0.000229062 0.00309041 -0.00252629 0.00603721
internal_weight=58500.6 50099.1 8401.57 4267.67 995.897 28913.6 28843.7 550.196 537.894 438.563 99.331 52.46 215.782 127.949 87.8335 69.8987 21185.4 6179.63 3942.62 531.866 395.659 136.207 2237.01 2220.8 600.837 15005.8 4714.01 1565.86 3410.76 213.928
internal_count=665952 566089 99863 49979 11494 359756 347930 12326 12241 11603 638 271 5560 1620 3940 11826 206333 60157 38209 5121 3796 1325 21948 21778 6123 146176 48262 18080 33088 2013
cat_boundaries=0 1 2 3 4 5 6 7
cat_threshold=2083461 3169566 12668196 1577160 430210 9126660 131076
is_linear=0
shrinkage=0.05


Tree=161
num_leaves=31
num_cat=6
split_feature=7 7 0 9 1 14 14 0 8 6 6 4 5 8 14 5 5 0 14 0 3 14 1 2 0 14 0 4 10 2
split_gain=6.72146 7.22416 8.22358 6.63719 5.77766 11.9289 9.45471 15.9752 6.80093 6.66672 6.25633 6.06191 5.91836 5.76499 13.4789 5.70477 6.29236 5.99886 5.98823 7.51058 6.90744 5.65758 9.68135 7.67048 6.44562 6.61309 7.69431 6.52313 9.09998 6.09556
threshold=49.500000000000007 54.500000000000007 7.7250000000000005 53.166785523266178 56.195000000000007 0 1 7.1750000000000007 14.500000000000002 48.500000000000007 36.500000000000007 46.225000000000001 14.770000000000001 311.50000000000006 2 36.275000000000013 45.840000000000011 7.6050000000000013 3 6.3850000000000007 66.77500000000002 4 22.785000000000004 5.3150000000000004 6.4450000000000012 5 6.5650000000000004 48.790000000000006 30.500000000000004 5.4050000000000011
decision_type=2 2 2 2 2 1 1 2 2 2 2 2 2 2 1 2 2 2 1 2 2 1 2 2 2 1 2 2 2 2
left_child=-1 3 21 13 5 10 7 -6 9 11 -5 -7 -12 -2 -15 17 18 -10 -17 -20 -21 22 -3 24 27 -26 -27 -24 -29 -25
right_child=1 2 -4 4 6 8 -8 -9 15 -11 12 -13 -14 14 -16 16 -18 -19 19 20 -22 -23 23 29 25 26 -28 28 -30 -31
leaf_value=-0.0014813679471030589 0.00030128200006451517 -0.0064905097102817963 0.02101480560881927 0.0048310405560892137 -0.021086440748934961 -0.010182017496922246 0.0037585516186416897 -0.00039304215576380894 0.010737351914956976 0.019222602204846659 0.026338064639672327 0.025678888955059011 -0.0076460878508498951 -0.011758398390268397 0.022683503616652004 -0.0089690981257874013 0.020118974351381349 0.035998009751372517 0.03168863289929464 0.0061876547402184082 -0.024784311042591663 -4.661551391376819e-05 0.0027393565727404879 -0.013688606106504853 0.0070561831259047499 -0.0559602982137479 -0.013079023931091952 -0.031121235086776097 0.0059165136077167259 -0.0023944043147821376
leaf_weight=6770.769127691543 35975.362535999593 1051.2417619887856 42.845980432350188 221.07488123886287 116.94725082651712 121.26829509763047 832.54910663818009 460.5774660926545 663.35741855739616 30.427530231419951 13.389483702369033 13.052801054902373 296.60597025393508 38.205119144171476 72.131548187229782 94.674120200797915 49.220415070652962 24.366062184330076 24.954458706080914 139.9770045960322 20.658826164435595 7407.7324637857091 1591.5822818998713 126.59434043103829 32.562344579026103 13.556852768175302 45.809583994094282 34.377252777572721 32.041203671135008 2121.5030613871058
leaf_count=81991 406472 17897 398 1975 1105 1191 7838 4214 6035 274 114 97 2736 351 600 944 443 229 212 1326 173 86881 17728 1415 314 113 442 366 352 21726
internal_value=1.40843e-12 0.000193971 -0.000852727 0.000527661 0.00273895 0.0046901 0.000368588 -0.00450539 0.00745117 -0.00191005 -0.00156579 -0.00669719 -0.00617823 0.000336281 0.0117478 0.00904058 0.00363088 0.0116323 0.000735216 0.0058535 0.00220446 -0.00092794 -0.00221644 -0.00109816 0.00138415 -0.0115031 -0.0195742 0.00209868 -0.0132537 -0.0030304
internal_weight=58479.4 51708.6 12499.8 39208.8 3123.1 1713.03 1410.07 577.525 1181.96 164.749 531.07 134.321 309.995 36085.7 110.337 1017.21 329.485 687.723 280.264 185.59 160.636 12457 5049.27 3998.03 1749.93 91.9288 59.3664 1658 66.4185 2248.1
internal_count=665952 583961 147632 436329 28906 15749 13157 5319 10924 1562 4825 1288 2850 407423 951 9362 3098 6264 2655 1711 1499 147234 60353 42456 19315 869 555 18446 718 23141
cat_boundaries=0 1 2 3 4 5 6
cat_threshold=5023752 199158 11676292 213680 1317557 1054752
is_linear=0
shrinkage=0.05


Tree=162
num_leaves=31
num_cat=4
split_feature=7 4 6 14 2 7 14 2 6 5 14 0 1 9 9 4 8 6 3 3 1 6 14 6 2 12 9 8 8 7
split_gain=6.11733 5.67016 7.87207 7.29763 6.96372 7.73937 11.3922 8.79282 7.06045 6.87198 7.82924 6.69955 8.49043 8.25463 7.11545 7.06671 6.73252 6.2595 6.21738 6.93611 8.68036 6.19795 5.99851 8.1912 9.57415 8.82279 8.7487 7.33313 8.48877 6.67389
threshold=49.500000000000007 39.715000000000011 75.500000000000014 0 5.3850000000000007 55.500000000000007 1 5.8950000000000005 55.500000000000007 37.885000000000012 2 7.6750000000000007 58.995000000000012 60.878330995792439 52.846814860553678 42.300000000000004 32.500000000000007 36.500000000000007 25.515000000000004 30.445000000000004 27.685000000000006 59.500000000000007 3 21.500000000000004 2.6250000000000004 1.5000000000000002 27.29020979020979 260.50000000000006 292.50000000000006 60.500000000000007
decision_type=2 2 2 1 2 2 1 2 2 2 1 2 2 2 2 2 2 2 2 2 2 2 1 2 2 2 2 2 2 2
left_child=-1 2 4 -3 22 9 8 -8 -7 -6 -11 16 14 15 -13 -14 -5 -9 -12 -20 -21 -19 27 24 26 -25 -24 -2 -29 -27
right_child=1 3 -4 11 5 6 7 17 -10 10 18 12 13 -15 -16 -17 -18 21 19 20 -22 -23 23 25 -26 29 -28 28 -30 -31
leaf_value=-0.0014133656488865068 -0.001523261291868909 -0.00037695038646972301 -0.033253328094276537 0.0079336021018894098 0.00035853704045733618 -0.0058550293731738081 -0.0051403902522596271 0.011153810536070475 -0.033534947974029526 0.0053682892194730587 0.018797016743310788 0.007754741943710554 -0.043292984820515752 0.03476853943547336 0.051744775384457459 0.0051641364045361092 0.0016325403821451348 0.00027361034663868898 -0.013304286594191393 0.014279166125856422 0.00059366305812308211 0.019744120622542653 0.0029489403064116267 -0.0085477817632131619 0.016938431599396973 8.9734852558674813e-05 -0.039096363175004034 -0.011684357259180607 0.015292478955361023 -0.01162968009675692
leaf_weight=6769.5994367232488 7138.8347944444686 4380.4805942577659 17.88086561486125 456.5379187919898 14048.342352276086 878.62001574179158 467.22324079833925 196.35722102830186 23.658216249197721 1622.1923667771043 48.54447645531036 15.543572060763834 11.409099079202859 13.668491756077854 22.497671655379236 22.094179206993431 5934.5806385955948 811.65473122196272 85.168279101140797 121.02453681826591 2718.3985268350225 43.040104841813445 95.101268971018726 312.32925566923223 149.85111285443418 11602.673209919594 14.222524779150261 303.07889519073069 32.265495077241212 122.76600998011418
leaf_count=81991 92207 45889 235 4896 141645 8873 5330 1964 245 15675 527 162 111 124 177 208 63647 8167 948 1428 27567 380 6368 8570 1962 141159 214 3225 326 1732
internal_value=-6.97326e-12 0.00018503 -8.48792e-05 0.00120068 -7.03555e-05 0.000562225 -0.00209763 0.000562914 -0.00650868 0.000907561 0.00258598 0.00226484 0.0161955 0.00202233 0.0337705 -0.0113373 0.00208265 0.00310355 0.00104633 0.000755264 0.00117698 0.00125409 -0.000744309 -6.44876e-05 0.00873017 -0.000253892 -0.00252096 -0.00186021 -0.00908875 -3.29681e-05
internal_weight=58479.6 51710 40853.2 10856.8 40835.3 21064.2 2420.55 1518.28 902.278 18643.7 4595.33 6476.33 85.213 47.1718 38.0412 33.5033 6391.12 1051.05 2973.14 2924.59 2839.42 854.695 19771.1 12296.9 259.175 12037.8 109.324 7474.18 335.344 11725.4
internal_count=665952 583961 468747 115214 468512 212749 24959 15841 9118 187790 46145 69325 782 443 339 319 68543 10511 30470 29943 28995 8547 255763 160005 8544 151461 6582 95758 3551 142891
cat_boundaries=0 1 2 3 4
cat_threshold=13050634 426555 6324871 2381959
is_linear=0
shrinkage=0.05


Tree=163
num_leaves=31
num_cat=6
split_feature=13 0 1 14 0 14 5 9 2 8 1 5 5 6 0 10 11 6 8 14 11 14 1 10 5 9 14 14 3 2
split_gain=6.33037 6.87578 8.07529 11.705 7.42028 7.32009 7.22799 7.65885 8.32296 6.55408 6.33222 6.55712 6.20751 6.5579 6.26035 6.12017 6.70686 13.5012 11.6481 9.06185 6.48048 9.16644 6.87017 6.40386 5.71236 6.6783 5.69764 5.63289 8.45219 7.0449
threshold=5.5000000000000009 6.495000000000001 49.385000000000012 0 7.6050000000000013 1 34.135000000000012 54.207180842694861 8.5050000000000008 294.50000000000006 48.355000000000011 48.615000000000002 25.565000000000001 39.500000000000007 7.0550000000000006 31.500000000000004 27.361853832442069 46.500000000000007 42.500000000000007 2 23.466833541927411 3 51.440000000000005 33.500000000000007 41.685000000000009 53.498971193415649 4 5 47.635000000000005 7.4450000000000012
decision_type=2 2 2 1 2 1 2 2 2 2 2 2 2 2 2 2 2 2 2 1 2 1 2 2 2 2 1 1 2 2
left_child=1 -1 3 9 27 -6 7 8 12 10 -3 -12 13 14 -5 16 -2 24 -19 -20 22 23 26 -22 -18 -26 -17 28 -4 -29
right_child=15 2 4 6 5 -7 -8 -9 -10 -11 11 -13 -14 -15 -16 20 17 18 19 -21 21 -23 -24 -25 25 -27 -28 29 -30 -31
leaf_value=-0.00013362330899852163 -0.0022288405906942979 0.0056683025556266168 0.0041294637863658655 0.01360787798453666 0.011156711816020572 0.00014428893349082212 0.0039163198010947571 0.019401068877719408 -0.035182496622240503 -0.013090279095768063 0.015778018393686005 -0.021933852274543558 -0.0042078041357944962 -0.0037551892208256355 -0.022558988148147142 0.0041455022105464879 -0.017230212084392158 -0.019470257489910825 0.025221756776263805 -0.0024914667655023827 0.019668992372579269 0.0097575714968858654 -0.010892900531676686 -0.0056408978440456274 -0.01480241622019518 0.023921595233596674 -0.0029619284972852659 -0.0026223665720715829 -0.0011866105749991883 0.0036473216167286558
leaf_weight=43677.042129215828 1712.376975635445 1082.2677636386361 1434.2599164814455 154.46714897407219 288.00144121237099 316.77458810713142 1078.6948966935743 41.400168049614877 19.141413317993283 40.198950064368546 265.11639612633735 12.050409858115016 823.79440194554627 143.65829600393772 12.969752393662928 434.44821482352563 284.05087230959907 40.758118201978505 49.169088752474636 62.366837328765541 28.115494577214122 337.36339393537492 178.24408702272922 224.96135909575969 25.862932600546628 19.550008295103908 761.74360433837865 2826.7117189426208 1561.9818853142206 532.44013684545644
leaf_count=456601 59007 10124 12877 1356 2740 3087 10191 371 180 405 2426 101 7819 1355 99 12192 4048 730 474 636 307 3354 2270 2539 417 175 24843 26170 14162 4896
internal_value=-8.0169e-13 0.000143969 0.00128413 0.00318065 0.000283101 0.0055754 0.000944709 -0.00172881 -0.00248684 0.00675857 0.00739522 0.0141384 -0.00193538 0.0040821 0.0108064 -0.00188004 -0.00369511 -0.00890685 0.00340445 0.0117635 0.000146808 0.00452788 -0.00173525 -0.00272156 -0.0145977 0.00186805 -0.000370667 -0.000220511 0.0013536 -0.00162376
internal_weight=58470 54311 10633.9 3673.76 6960.17 604.776 2274.13 1195.43 1154.03 1399.63 1359.43 277.167 1134.89 311.095 167.437 4159.01 2194.13 481.758 152.294 111.536 1964.88 590.44 1374.44 253.077 329.464 45.4129 1196.19 6355.39 2996.24 3359.15
internal_count=665952 554960 98359 34427 63932 5827 21371 11180 10809 13056 12651 2527 10629 2810 1455 110992 65487 6480 1840 1110 45505 6200 39305 2846 4640 592 37035 58105 27039 31066
cat_boundaries=0 1 2 3 4 5 6
cat_threshold=13992578 12752745 14877372 14863884 843787 11542286
is_linear=0
shrinkage=0.05


Tree=164
num_leaves=31
num_cat=4
split_feature=7 0 1 3 14 2 14 1 6 9 14 2 3 1 14 8 8 4 8 5 10 1 11 6 2 6 3 9 7 9
split_gain=5.93824 5.67542 7.28261 7.05072 7.49436 6.07694 11.0998 9.30064 6.19301 5.82563 10.9243 6.92668 7.47669 7.38264 8.30181 6.80938 6.04616 9.2967 7.25702 6.28761 5.79926 5.79453 5.43524 5.38754 5.29202 6.53424 7.69433 5.78535 5.25175 5.23843
threshold=49.500000000000007 6.7150000000000007 48.675000000000004 65.925000000000011 0 7.4250000000000007 1 47.080000000000005 49.500000000000007 49.924471299093661 2 6.7550000000000008 57.590000000000011 49.545000000000009 3 306.50000000000006 62.500000000000007 28.245000000000001 286.50000000000006 26.835000000000004 45.500000000000007 26.365000000000006 43.804824561403514 45.500000000000007 7.4850000000000012 36.500000000000007 62.550000000000004 45.617236521961843 53.500000000000007 51.740211983560464
decision_type=2 2 2 2 1 2 1 2 2 2 1 2 2 2 1 2 2 2 2 2 2 2 2 2 2 2 2 2 2 2
left_child=-1 3 20 5 -5 9 7 -7 24 -2 16 12 15 -13 22 21 17 -11 29 -19 -3 -12 -15 -6 27 -26 -27 -8 -20 -18
right_child=1 2 -4 4 23 6 8 -9 -10 10 11 13 -14 14 -16 -17 18 19 28 -21 -22 -23 -24 -25 25 26 -28 -29 -30 -31
leaf_value=-0.001392527315744671 -0.00016227768216460714 0.0034559659510622238 0.00066684074664792765 -0.012363142698242326 -0.0048279283216185083 0.0037254109729527012 0.047838457636954185 -0.017579107539349187 -0.0091047631809784528 -0.013649294201617685 -0.025008725902461455 0.014290848332027782 -0.034700240330100177 -0.011726097627957023 -0.016224021587739015 0.031777518420708875 0.006438890617046911 0.021640857356806861 -0.019654673146057951 0.0018772323930131664 0.013428281669767643 -0.0018869588479327141 0.024352435734926028 0.0084392847575608301 -0.0021779383963036799 0.010352837396026217 0.036222118343999708 0.010296235190199324 0.015260830018064234 0.015913072389776902
leaf_weight=6769.1604493948689 40718.016532676091 1373.3962758958805 6160.4268154464662 226.28950564144179 254.22631331672892 177.49024181533605 23.477464051917195 72.013030828442425 29.323876671958715 81.593248779885471 27.954214764293283 139.07810602849349 17.875374895753339 15.400967497378586 49.481673396658152 14.639099306426941 310.33523862971924 49.977374318055809 34.867815087083727 206.61665142839774 163.10095530515537 883.29918110952713 32.401015960145742 109.46784998755902 58.686174479778856 101.76123755448498 40.058739515952766 18.230439061298966 15.582981999032198 275.35709952795878
leaf_count=81991 479606 12959 58253 2204 2459 1748 195 652 273 821 296 1224 150 145 497 125 2892 439 315 2000 2420 8294 286 1002 580 979 353 195 152 2447
internal_value=-6.68305e-12 0.000182395 0.00143494 -3.67947e-05 -0.00546598 3.70211e-05 0.00540429 -0.00233022 0.0121495 -2.82088e-05 0.00250561 -0.000747794 -0.00267114 0.00690028 -0.00366538 -0.00205278 0.00638832 0.00105187 0.00932571 0.00572664 0.00451454 -0.00259626 0.0105265 -0.000812311 0.0152243 0.0118536 0.0176599 0.0314288 -0.00887015 0.0108931
internal_weight=58449.6 51680.4 7696.92 43983.5 589.984 43393.5 521.041 249.503 271.538 42872.5 2154.46 1180.13 943.768 236.362 97.2837 925.892 974.33 338.187 636.143 256.594 1536.5 911.253 47.802 363.694 242.214 200.506 141.82 41.7079 50.4508 585.692
internal_count=665952 583961 73632 510329 5665 504664 4975 2400 2575 499689 20083 11017 8865 2152 928 8715 9066 3260 5806 2439 15379 8590 431 3461 2302 1912 1332 390 467 5339
cat_boundaries=0 1 2 3 4
cat_threshold=5552168 2709208 8916978 2428940
is_linear=0
shrinkage=0.05


end of trees

feature_importances:
jcd_cat=1012
全国勝率=697
boat_num=653
モーター2率=410
年齢=304
1年複勝率=294
当地勝率=255
全国2率=228
1年該当コース複勝率=214
体重=196
ボート2率=179
1年出走数=163
当地2率=141
級別num=113
1年該当コース出走数=91

parameters:
[boosting: gbdt]
[objective: lambdarank]
[metric: ndcg]
[tree_learner: serial]
[device_type: cpu]
[data_sample_strategy: bagging]
[data: ]
[valid: ]
[num_iterations: 2000]
[learning_rate: 0.05]
[num_leaves: 31]
[num_threads: 0]
[seed: 0]
[deterministic: 0]
[force_col_wise: 0]
[force_row_wise: 0]
[histogram_pool_size: -1]
[max_depth: -1]
[min_data_in_leaf: 100]
[min_sum_hessian_in_leaf: 0.001]
[bagging_fraction: 1]
[pos_bagging_fraction: 1]
[neg_bagging_fraction: 1]
[bagging_freq: 0]
[bagging_seed: 3]
[bagging_by_query: 0]
[feature_fraction: 1]
[feature_fraction_bynode: 1]
[feature_fraction_seed: 2]
[extra_trees: 0]
[extra_seed: 6]
[early_stopping_round: 0]
[early_stopping_min_delta: 0]
[first_metric_only: 0]
[max_delta_step: 0]
[lambda_l1: 0]
[lambda_l2: 0]
[linear_lambda: 0]
[min_gain_to_split: 0]
[drop_rate: 0.1]
[max_drop: 50]
[skip_drop: 0.5]
[xgboost_dart_mode: 0]
[uniform_drop: 0]
[drop_seed: 4]
[top_rate: 0.2]
[other_rate: 0.1]
[min_data_per_group: 100]
[max_cat_threshold: 32]
[cat_l2: 10]
[cat_smooth: 10]
[max_cat_to_onehot: 4]
[top_k: 20]
[monotone_constraints: ]
[monotone_constraints_method: basic]
[monotone_penalty: 0]
[feature_contri: ]
[forcedsplits_filename: ]
[refit_decay_rate: 0.9]
[cegb_tradeoff: 1]
[cegb_penalty_split: 0]
[cegb_penalty_feature_lazy: ]
[cegb_penalty_feature_coupled: ]
[path_smooth: 0]
[interaction_constraints: ]
[verbosity: -1]
[saved_feature_importance_type: 0]
[use_quantized_grad: 0]
[num_grad_quant_bins: 4]
[quant_train_renew_leaf: 0]
[stochastic_rounding: 1]
[linear_tree: 0]
[max_bin: 255]
[max_bin_by_feature: ]
[min_data_in_bin: 3]
[bin_construct_sample_cnt: 200000]
[data_random_seed: 1]
[is_enable_sparse: 1]
[enable_bundle: 1]
[use_missing: 1]
[zero_as_missing: 0]
[feature_pre_filter: 1]
[pre_partition: 0]
[two_round: 0]
[header: 0]
[label_column: ]
[weight_column: ]
[group_column: ]
[ignore_column: ]
[categorical_feature: 14]
[forcedbins_filename: ]
[precise_float_parser: 0]
[parser_config_file: ]
[objective_seed: 5]
[num_class: 1]
[is_unbalance: 0]
[scale_pos_weight: 1]
[sigmoid: 1]
[boost_from_average: 1]
[reg_sqrt: 0]
[alpha: 0.9]
[fair_c: 1]
[poisson_max_delta_step: 0.7]
[tweedie_variance_power: 1.5]
[lambdarank_truncation_level: 30]
[lambdarank_norm: 1]
[label_gain: ]
[lambdarank_position_bias_regularization: 0]
[eval_at: 3]
[multi_error_top_k: 1]
[auc_mu_weights: ]
[num_machines: 1]
[local_listen_port: 12400]
[time_out: 120]
[machine_list_filename: ]
[machines: ]
[gpu_platform_id: -1]
[gpu_device_id: -1]
[gpu_device_id_list: ]
[gpu_use_dp: 0]
[num_gpu: 1]

end of parameters

pandas_categorical:[["01", "02", "03", "04", "05", "06", "07", "08", "09", "10", "11", "12", "13", "14", "15", "16", "17", "18", "19", "20", "21", "22", "23", "24"]]
