date,jcd,r,距離,登番1,級別1,支部1,年齢1,体重1,勝率1,全国2率1,当地勝率1,当地2率1,モーター番号1,モーター2率1,ボート番号1,ボート2率1,登番2,級別2,支部2,年齢2,体重2,勝率2,全国2率2,当地勝率2,当地2率2,モーター番号2,モーター2率2,ボート番号2,ボート2率2,登番3,級別3,支部3,年齢3,体重3,勝率3,全国2率3,当地勝率3,当地2率3,モーター番号3,モーター2率3,ボート番号3,ボート2率3,登番4,級別4,支部4,年齢4,体重4,勝率4,全国2率4,当地勝率4,当地2率4,モーター番号4,モーター2率4,ボート番号4,ボート2率4,登番5,級別5,支部5,年齢5,体重5,勝率5,全国2率5,当地勝率5,当地2率5,モーター番号5,モーター2率5,ボート番号5,ボート2率5,登番6,級別6,支部6,年齢6,体重6,勝率6,全国2率6,当地勝率6,当地2率6,モーター番号6,モーター2率6,ボート番号6,ボート2率6,1号艇_1コース_進入率,1号艇_1コース_1着率,1号艇_1コース_2着率,1号艇_1コース_3着率,1号艇_1コース_平均ST,1号艇_1コース_ST順,1号艇_2コース_進入率,1号艇_2コース_1着率,1号艇_2コース_2着率,1号艇_2コース_3着率,1号艇_2コース_平均ST,1号艇_2コース_ST順,1号艇_3コース_進入率,1号艇_3コース_1着率,1号艇_3コース_2着率,1号艇_3コース_3着率,1号艇_3コース_平均ST,1号艇_3コース_ST順,1号艇_4コース_進入率,1号艇_4コース_1着率,1号艇_4コース_2着率,1号艇_4コース_3着率,1号艇_4コース_平均ST,1号艇_4コース_ST順,1号艇_5コース_進入率,1号艇_5コース_1着率,1号艇_5コース_2着率,1号艇_5コース_3着率,1号艇_5コース_平均ST,1号艇_5コース_ST順,1号艇_6コース_進入率,1号艇_6コース_1着率,1号艇_6コース_2着率,1号艇_6コース_3着率,1号艇_6コース_平均ST,1号艇_6コース_ST順,2号艇_1コース_進入率,2号艇_1コース_1着率,2号艇_1コース_2着率,2号艇_1コース_3着率,2号艇_1コース_平均ST,2号艇_1コース_ST順,2号艇_2コース_進入率,2号艇_2コース_1着率,2号艇_2コース_2着率,2号艇_2コース_3着率,2号艇_2コース_平均ST,2号艇_2コース_ST順,2号艇_3コース_進入率,2号艇_3コース_1着率,2号艇_3コース_2着率,2号艇_3コース_3着率,2号艇_3コース_平均ST,2号艇_3コース_ST順,2号艇_4コース_進入率,2号艇_4コース_1着率,2号艇_4コース_2着率,2号艇_4コース_3着率,2号艇_4コース_平均ST,2号艇_4コース_ST順,2号艇_5コース_進入率,2号艇_5コース_1着率,2号艇_5コース_2着率,2号艇_5コース_3着率,2号艇_5コース_平均ST,2号艇_5コース_ST順,2号艇_6コース_進入率,2号艇_6コース_1着率,2号艇_6コース_2着率,2号艇_6コース_3着率,2号艇_6コース_平均ST,2号艇_6コース_ST順,3号艇_1コース_進入率,3号艇_1コース_1着率,3号艇_1コース_2着率,3号艇_1コース_3着率,3号艇_1コース_平均ST,3号艇_1コース_ST順,3号艇_2コース_進入率,3号艇_2コース_1着率,3号艇_2コース_2着率,3号艇_2コース_3着率,3号艇_2コース_平均ST,3号艇_2コース_ST順,3号艇_3コース_進入率,3号艇_3コース_1着率,3号艇_3コース_2着率,3号艇_3コース_3着率,3号艇_3コース_平均ST,3号艇_3コース_ST順,3号艇_4コース_進入率,3号艇_4コース_1着率,3号艇_4コース_2着率,3号艇_4コース_3着率,3号艇_4コース_平均ST,3号艇_4コース_ST順,3号艇_5コース_進入率,3号艇_5コース_1着率,3号艇_5コース_2着率,3号艇_5コース_3着率,3号艇_5コース_平均ST,3号艇_5コース_ST順,3号艇_6コース_進入率,3号艇_6コース_1着率,3号艇_6コース_2着率,3号艇_6コース_3着率,3号艇_6コース_平均ST,3号艇_6コース_ST順,4号艇_1コース_進入率,4号艇_1コース_1着率,4号艇_1コース_2着率,4号艇_1コース_3着率,4号艇_1コース_平均ST,4号艇_1コース_ST順,4号艇_2コース_進入率,4号艇_2コース_1着率,4号艇_2コース_2着率,4号艇_2コース_3着率,4号艇_2コース_平均ST,4号艇_2コース_ST順,4号艇_3コース_進入率,4号艇_3コース_1着率,4号艇_3コース_2着率,4号艇_3コース_3着率,4号艇_3コース_平均ST,4号艇_3コース_ST順,4号艇_4コース_進入率,4号艇_4コース_1着率,4号艇_4コース_2着率,4号艇_4コース_3着率,4号艇_4コース_平均ST,4号艇_4コース_ST順,4号艇_5コース_進入率,4号艇_5コース_1着率,4号艇_5コース_2着率,4号艇_5コース_3着率,4号艇_5コース_平均ST,4号艇_5コース_ST順,4号艇_6コース_進入率,4号艇_6コース_1着率,4号艇_6コース_2着率,4号艇_6コース_3着率,4号艇_6コース_平均ST,4号艇_6コース_ST順,5号艇_1コース_進入率,5号艇_1コース_1着率,5号艇_1コース_2着率,5号艇_1コース_3着率,5号艇_1コース_平均ST,5号艇_1コース_ST順,5号艇_2コース_進入率,5号艇_2コース_1着率,5号艇_2コース_2着率,5号艇_2コース_3着率,5号艇_2コース_平均ST,5号艇_2コース_ST順,5号艇_3コース_進入率,5号艇_3コース_1着率,5号艇_3コース_2着率,5号艇_3コース_3着率,5号艇_3コース_平均ST,5号艇_3コース_ST順,5号艇_4コース_進入率,5号艇_4コース_1着率,5号艇_4コース_2着率,5号艇_4コース_3着率,5号艇_4コース_平均ST,5号艇_4コース_ST順,5号艇_5コース_進入率,5号艇_5コース_1着率,5号艇_5コース_2着率,5号艇_5コース_3着率,5号艇_5コース_平均ST,5号艇_5コース_ST順,5号艇_6コース_進入率,5号艇_6コース_1着率,5号艇_6コース_2着率,5号艇_6コース_3着率,5号艇_6コース_平均ST,5号艇_6コース_ST順,6号艇_1コース_進入率,6号艇_1コース_1着率,6号艇_1コース_2着率,6号艇_1コース_3着率,6号艇_1コース_平均ST,6号艇_1コース_ST順,6号艇_2コース_進入率,6号艇_2コース_1着率,6号艇_2コース_2着率,6号艇_2コース_3着率,6号艇_2コース_平均ST,6号艇_2コース_ST順,6号艇_3コース_進入率,6号艇_3コース_1着率,6号艇_3コース_2着率,6号艇_3コース_3着率,6号艇_3コース_平均ST,6号艇_3コース_ST順,6号艇_4コース_進入率,6号艇_4コース_1着率,6号艇_4コース_2着率,6号艇_4コース_3着率,6号艇_4コース_平均ST,6号艇_4コース_ST順,6号艇_5コース_進入率,6号艇_5コース_1着率,6号艇_5コース_2着率,6号艇_5コース_3着率,6号艇_5コース_平均ST,6号艇_5コース_ST順,6号艇_6コース_進入率,6号艇_6コース_1着率,6号艇_6コース_2着率,6号艇_6コース_3着率,6号艇_6コース_平均ST,6号艇_6コース_ST順
20260910,24,1,1800,5028,A1,福岡,29.0,51.0,7.15,57.35,7.34,55.26,60,28.79,29,37.5,4715,A1,長崎,34.0,52.0,6.67,46.97,6.9,53.55,57,43.55,37,38.24,3590,A1,東京,52.0,55.0,7.13,49.57,7.48,55.56,58,37.7,46,36.67,4719,A1,大阪,32.0,51.0,7.55,48.65,7.36,42.42,40,30.16,84,35.19,4704,A1,徳島,38.0,52.0,6.42,46.92,6.08,35.0,65,44.44,72,33.93,5224,A1,香川,25.0,52.0,7.38,51.38,7.04,60.0,14,33.33,82,31.88,22.4,72.7,18.2,4.5,0.15,2.8,15.3,26.7,40.0,13.3,0.16,3.5,18.4,33.3,16.7,16.7,0.17,4.1,15.3,6.7,26.7,13.3,0.18,4.4,15.3,13.3,40.0,0.0,0.18,4.5,13.3,23.1,0.0,0.0,0.26,5.7,21.0,59.1,4.5,18.2,0.14,2.8,13.3,42.9,14.3,28.6,0.13,2.5,15.2,18.8,31.2,25.0,0.12,2.7,14.3,6.7,33.3,20.0,0.14,2.7,16.2,17.6,5.9,41.2,0.17,3.1,20.0,19.0,38.1,0.0,0.17,3.4,21.1,61.5,3.8,7.7,0.13,2.4,15.4,26.3,36.8,21.1,0.14,2.8,16.3,10.0,30.0,20.0,0.16,2.8,18.7,13.0,26.1,21.7,0.13,3.3,13.8,5.9,29.4,17.6,0.15,3.2,14.6,5.6,11.1,22.2,0.17,4.1,25.4,82.9,11.4,2.9,0.12,3.0,13.8,26.3,26.3,31.6,0.14,3.3,13.8,15.8,5.3,31.6,0.16,3.4,17.4,12.5,25.0,33.3,0.14,2.7,15.9,13.6,18.2,4.5,0.13,3.0,13.8,26.3,0.0,0.0,0.15,4.5,18.8,74.1,14.8,3.7,0.14,2.6,18.1,15.4,23.1,11.5,0.14,3.0,17.4,20.0,28.0,16.0,0.12,2.2,16.7,12.5,33.3,25.0,0.14,2.9,13.9,25.0,35.0,0.0,0.15,3.1,15.3,4.5,27.3,13.6,0.14,3.0,21.9,86.7,10.0,0.0,0.15,2.7,16.1,22.7,36.4,4.5,0.13,2.7,16.1,13.6,27.3,45.5,0.14,3.2,13.9,10.5,31.6,26.3,0.14,3.1,15.3,4.8,19.0,28.6,0.15,3.7,16.8,13.0,39.1,0.0,0.17,4.2
20260910,24,2,1800,5026,A1,佐賀,31.0,54.0,6.73,54.95,6.91,53.7,69,31.08,60,35.29,5088,A1,大阪,26.0,44.0,6.59,44.19,6.55,40.91,62,34.29,56,38.1,4483,A1,愛知,37.0,53.0,6.83,53.78,0.0,0.0,70,41.94,57,38.1,3716,A1,東京,51.0,54.0,6.99,45.0,6.58,45.83,45,46.27,12,38.03,4544,A1,福岡,38.0,52.0,7.61,60.19,7.96,59.26,74,34.33,68,31.58,4238,A1,群馬,42.0,53.0,7.85,64.37,7.03,41.94,61,35.38,74,31.11,17.0,84.2,10.5,0.0,0.15,2.8,17.0,10.5,26.3,21.1,0.17,4.0,14.3,12.5,43.8,25.0,0.14,2.8,19.6,13.6,40.9,13.6,0.15,3.2,17.0,15.8,15.8,15.8,0.16,3.4,15.2,5.9,5.9,5.9,0.18,4.1,26.8,78.6,11.9,7.1,0.14,2.4,12.1,42.1,26.3,10.5,0.16,3.2,14.6,30.4,21.7,21.7,0.15,3.3,15.3,20.8,16.7,20.8,0.15,3.4,15.9,16.0,8.0,12.0,0.17,3.3,15.3,16.7,8.3,8.3,0.15,3.4,18.9,75.0,15.0,0.0,0.15,3.2,16.0,17.6,17.6,29.4,0.16,2.7,17.0,22.2,50.0,0.0,0.13,2.7,18.9,35.0,10.0,25.0,0.15,3.1,17.9,15.8,15.8,26.3,0.15,2.8,11.3,8.3,8.3,0.0,0.14,3.5,20.2,56.0,12.0,4.0,0.15,3.3,14.5,5.6,33.3,16.7,0.13,4.1,12.1,13.3,20.0,46.7,0.12,2.5,20.2,20.0,16.0,12.0,0.13,2.8,16.1,5.0,15.0,15.0,0.11,2.9,16.9,4.8,19.0,4.8,0.12,3.4,27.8,75.0,9.1,4.5,0.15,2.4,17.1,33.3,37.0,14.8,0.16,3.6,13.3,23.8,33.3,9.5,0.17,3.8,12.7,50.0,15.0,20.0,0.12,2.0,17.1,14.8,33.3,25.9,0.17,3.7,12.0,10.5,21.1,36.8,0.18,4.1,31.9,86.5,5.4,2.7,0.11,2.2,14.7,41.2,23.5,5.9,0.19,3.2,18.1,52.4,23.8,9.5,0.17,2.5,18.1,14.3,23.8,28.6,0.15,3.5,11.2,23.1,15.4,46.2,0.16,2.6,6.0,42.9,0.0,0.0,0.15,3.9
20260910,24,3,1800,4910,A1,愛知,30.0,51.0,7.13,59.05,4.13,12.5,48,37.5,54,34.38,3983,A1,埼玉,48.0,52.0,6.78,49.14,7.11,57.89,75,29.51,15,32.31,4494,A1,静岡,39.0,52.0,6.89,47.13,6.75,25.0,27,29.69,77,33.82,5191,A1,埼玉,25.0,53.0,7.23,56.06,7.43,56.76,59,44.83,19,32.2,3779,A1,長崎,50.0,52.0,6.66,40.21,7.35,52.48,77,28.79,49,41.94,3909,A1,静岡,53.0,55.0,6.88,54.55,7.56,66.67,73,30.88,59,33.33,21.2,85.7,4.8,0.0,0.14,1.9,16.2,6.2,43.8,25.0,0.15,3.1,15.2,20.0,40.0,13.3,0.16,2.4,17.2,47.1,5.9,0.0,0.18,3.9,17.2,11.8,23.5,17.6,0.13,2.6,13.1,7.7,15.4,0.0,0.16,4.1,16.8,60.0,25.0,15.0,0.15,2.7,16.0,21.1,21.1,42.1,0.15,3.3,17.6,23.8,19.0,19.0,0.15,2.6,21.0,12.0,24.0,24.0,0.14,2.9,14.3,23.5,17.6,17.6,0.14,3.2,14.3,5.9,17.6,0.0,0.15,3.4,23.2,78.3,4.3,4.3,0.14,2.5,12.1,33.3,25.0,16.7,0.16,3.7,20.2,20.0,35.0,10.0,0.13,3.4,17.2,5.9,17.6,29.4,0.17,3.9,17.2,17.6,17.6,23.5,0.15,3.2,10.1,10.0,10.0,0.0,0.19,4.3,18.4,92.0,4.0,0.0,0.12,1.9,19.1,11.5,30.8,23.1,0.14,2.9,15.4,28.6,23.8,28.6,0.12,2.2,18.4,16.0,12.0,24.0,0.14,2.9,16.2,22.7,9.1,18.2,0.13,2.8,12.5,5.9,11.8,23.5,0.11,2.5,20.4,69.6,0.0,0.0,0.13,3.0,13.3,6.7,20.0,26.7,0.12,2.6,22.1,28.0,16.0,8.0,0.11,2.0,18.6,9.5,19.0,23.8,0.12,2.5,13.3,13.3,6.7,6.7,0.12,2.7,12.4,7.1,14.3,0.0,0.13,3.4,22.8,79.3,10.3,3.4,0.09,1.9,16.5,19.0,47.6,19.0,0.13,2.4,20.5,15.4,19.2,15.4,0.13,2.3,18.9,4.2,33.3,16.7,0.13,2.4,17.3,27.3,9.1,18.2,0.11,2.0,3.9,20.0,0.0,0.0,0.14,3.6
20260910,24,4,1800,4084,A1,愛知,46.0,54.0,6.46,43.55,7.2,57.14,41,54.55,75,31.43,4686,A1,滋賀,35.0,53.0,7.94,55.1,6.19,26.92,31,35.71,69,37.7,4571,A1,徳島,38.0,53.0,6.33,43.42,6.46,54.17,44,52.94,35,31.75,4482,A1,岡山,37.0,45.0,6.24,41.03,6.28,35.9,46,32.79,47,39.34,4371,A1,福岡,39.0,53.0,7.08,45.92,7.31,46.88,29,40.0,76,39.06,4174,A1,長崎,43.0,51.0,6.38,44.44,6.41,43.72,17,39.34,51,35.82,21.7,80.6,9.7,0.0,0.14,3.0,15.4,9.1,45.5,18.2,0.17,4.0,16.8,8.3,33.3,20.8,0.15,3.2,14.0,20.0,20.0,20.0,0.15,3.2,16.8,12.5,20.8,20.8,0.17,3.8,15.4,9.1,9.1,13.6,0.16,3.6,19.0,75.0,8.3,4.2,0.13,2.7,17.5,9.1,27.3,13.6,0.16,3.9,19.0,12.5,20.8,33.3,0.12,2.9,13.5,11.8,41.2,11.8,0.12,2.2,18.3,13.0,13.0,17.4,0.17,3.3,12.7,6.2,6.2,12.5,0.11,3.4,16.8,55.0,10.0,10.0,0.13,2.9,16.0,31.6,21.1,10.5,0.13,2.6,13.4,31.2,18.8,0.0,0.15,3.1,8.4,50.0,10.0,0.0,0.12,3.5,15.1,33.3,27.8,0.0,0.14,3.1,30.3,13.9,5.6,8.3,0.13,3.4,22.4,71.4,14.3,3.6,0.13,2.1,16.8,19.0,28.6,28.6,0.18,3.6,15.2,10.5,10.5,15.8,0.16,4.1,17.6,22.7,18.2,27.3,0.17,3.6,18.4,13.0,17.4,13.0,0.17,3.0,9.6,16.7,8.3,33.3,0.22,4.9,18.6,76.2,14.3,4.8,0.12,2.6,21.2,16.7,33.3,16.7,0.13,3.6,15.0,11.8,29.4,23.5,0.14,3.6,19.5,9.1,18.2,13.6,0.13,2.6,13.3,6.7,26.7,20.0,0.13,3.5,12.4,14.3,14.3,0.0,0.17,4.7,24.1,67.6,5.9,11.8,0.16,3.0,14.2,5.0,30.0,40.0,0.15,2.8,19.1,11.1,18.5,33.3,0.14,3.1,17.0,16.7,20.8,25.0,0.15,3.2,22.0,6.5,19.4,19.4,0.15,3.5,3.5,20.0,20.0,20.0,0.15,3.4
20260910,24,5,1800,4335,A1,東京,42.0,53.0,6.83,51.46,7.32,57.89,47,38.98,34,34.78,4961,A1,福井,30.0,47.0,6.78,48.11,5.27,30.0,38,41.27,48,40.0,4188,A1,群馬,45.0,52.0,7.88,65.18,6.45,36.36,81,38.03,31,36.62,4497,A1,長崎,39.0,53.0,7.66,60.87,7.61,60.11,63,50.0,85,37.29,3415,A1,大阪,56.0,52.0,7.09,46.02,7.48,42.86,52,38.46,25,43.55,4352,A1,長崎,40.0,52.0,7.45,53.85,7.57,62.11,25,31.75,20,45.16,25.8,75.8,12.1,6.1,0.11,2.1,12.5,25.0,25.0,37.5,0.12,2.1,16.4,23.8,42.9,19.0,0.13,2.2,16.4,14.3,28.6,23.8,0.11,2.0,15.6,15.0,10.0,45.0,0.13,2.6,13.3,23.5,35.3,0.0,0.13,2.2,17.6,57.1,33.3,4.8,0.13,2.4,21.0,20.0,20.0,20.0,0.14,3.6,16.0,26.3,15.8,21.1,0.15,2.8,16.8,5.0,30.0,5.0,0.16,3.7,16.0,21.1,21.1,0.0,0.16,3.9,12.6,6.7,6.7,26.7,0.14,3.1,22.6,75.0,8.3,4.2,0.12,1.8,12.3,30.8,38.5,15.4,0.13,2.9,17.0,16.7,38.9,33.3,0.13,2.3,21.7,34.8,21.7,26.1,0.14,2.1,16.0,29.4,47.1,5.9,0.12,2.4,10.4,18.2,9.1,27.3,0.11,2.3,23.4,76.9,7.7,7.7,0.13,2.3,20.7,21.7,21.7,13.0,0.14,3.0,15.3,29.4,5.9,11.8,0.12,2.1,12.6,21.4,14.3,0.0,0.16,2.9,15.3,5.9,23.5,23.5,0.14,2.9,12.6,14.3,21.4,28.6,0.15,3.4,21.1,70.4,18.5,3.7,0.14,3.7,23.4,23.3,23.3,23.3,0.15,4.0,16.4,19.0,47.6,0.0,0.15,3.6,18.0,13.0,4.3,30.4,0.13,3.2,14.1,16.7,0.0,0.0,0.14,4.0,7.0,33.3,0.0,0.0,0.17,4.7,22.2,75.0,8.3,0.0,0.14,2.7,13.0,14.3,28.6,14.3,0.14,3.1,16.7,16.7,50.0,11.1,0.14,2.8,15.7,11.8,5.9,17.6,0.13,3.5,13.9,20.0,13.3,26.7,0.15,3.2,18.5,10.0,20.0,0.0,0.18,4.1
20260910,24,6,1800,4398,A1,広島,39.0,51.0,6.68,50.0,7.44,50.0,68,31.67,32,42.86,4719,A1,大阪,32.0,51.0,7.55,48.65,7.36,42.42,40,30.16,84,35.19,4096,A1,長崎,44.0,52.0,6.56,50.98,7.31,59.78,19,34.72,55,44.44,4262,A1,滋賀,42.0,54.0,7.81,52.0,7.1,41.94,37,41.27,38,32.35,5058,A1,岡山,29.0,52.0,6.58,48.8,7.31,46.15,76,31.67,44,29.82,4543,A1,兵庫,38.0,53.0,6.64,48.11,5.23,30.77,22,30.3,66,39.34,21.3,82.8,10.3,3.4,0.13,2.1,15.4,9.5,38.1,33.3,0.14,2.5,16.9,17.4,30.4,21.7,0.13,2.8,16.9,8.7,13.0,34.8,0.13,2.8,13.2,22.2,38.9,0.0,0.13,2.7,16.2,4.5,9.1,9.1,0.19,4.6,25.4,82.9,11.4,2.9,0.12,3.0,13.8,26.3,26.3,31.6,0.14,3.3,13.8,15.8,5.3,31.6,0.16,3.4,17.4,12.5,25.0,33.3,0.14,2.7,15.9,13.6,18.2,4.5,0.13,3.0,13.8,26.3,0.0,0.0,0.15,4.5,23.5,87.5,4.2,0.0,0.11,2.0,12.7,23.1,23.1,0.0,0.18,4.5,16.7,11.8,35.3,17.6,0.19,3.7,12.7,7.7,46.2,30.8,0.15,3.5,16.7,11.8,17.6,5.9,0.14,3.3,17.6,5.6,5.6,44.4,0.16,3.3,23.7,64.5,6.5,12.9,0.13,2.8,13.7,22.2,44.4,16.7,0.15,3.6,18.3,29.2,20.8,20.8,0.15,3.7,15.3,20.0,20.0,30.0,0.15,3.4,13.0,5.9,11.8,11.8,0.13,3.8,16.0,4.8,9.5,19.0,0.16,4.2,20.5,91.7,0.0,0.0,0.14,2.3,20.5,29.2,37.5,16.7,0.18,3.5,17.1,35.0,25.0,15.0,0.16,2.9,10.3,25.0,16.7,33.3,0.17,3.0,17.9,19.0,9.5,28.6,0.16,3.7,13.7,6.2,12.5,43.8,0.21,4.6,19.8,75.0,16.7,0.0,0.15,3.2,15.7,15.8,31.6,21.1,0.15,2.9,19.0,21.7,30.4,21.7,0.14,2.9,19.8,8.3,37.5,25.0,0.18,3.9,13.2,6.2,18.8,25.0,0.2,3.9,12.4,6.7,26.7,0.0,0.19,4.3
20260910,24,7,1800,4494,A1,静岡,39.0,52.0,6.89,47.13,6.75,25.0,27,29.69,77,33.82,4238,A1,群馬,42.0,53.0,7.85,64.37,7.03,41.94,61,35.38,74,31.11,3783,A1,福岡,50.0,53.0,6.84,39.52,6.55,34.09,26,35.59,58,31.48,5028,A1,福岡,29.0,51.0,7.15,57.35,7.34,55.26,60,28.79,29,37.5,3719,A1,広島,51.0,53.0,6.7,44.76,7.31,37.5,20,49.23,64,39.68,5051,A1,埼玉,31.0,56.0,6.45,45.28,6.25,50.0,23,37.14,81,40.32,23.2,78.3,4.3,4.3,0.14,2.5,12.1,33.3,25.0,16.7,0.16,3.7,20.2,20.0,35.0,10.0,0.13,3.4,17.2,5.9,17.6,29.4,0.17,3.9,17.2,17.6,17.6,23.5,0.15,3.2,10.1,10.0,10.0,0.0,0.19,4.3,31.9,86.5,5.4,2.7,0.11,2.2,14.7,41.2,23.5,5.9,0.19,3.2,18.1,52.4,23.8,9.5,0.17,2.5,18.1,14.3,23.8,28.6,0.15,3.5,11.2,23.1,15.4,46.2,0.16,2.6,6.0,42.9,0.0,0.0,0.15,3.9,21.7,53.6,17.9,10.7,0.16,3.5,13.2,17.6,11.8,11.8,0.14,3.9,20.2,23.1,26.9,26.9,0.17,3.9,13.2,23.5,47.1,0.0,0.16,3.4,18.6,4.2,12.5,16.7,0.15,3.7,13.2,5.9,17.6,0.0,0.13,3.6,22.4,72.7,18.2,4.5,0.15,2.8,15.3,26.7,40.0,13.3,0.16,3.5,18.4,33.3,16.7,16.7,0.17,4.1,15.3,6.7,26.7,13.3,0.18,4.4,15.3,13.3,40.0,0.0,0.18,4.5,13.3,23.1,0.0,0.0,0.26,5.7,20.0,63.6,9.1,22.7,0.16,3.2,16.4,11.1,44.4,16.7,0.13,3.4,15.5,5.9,41.2,29.4,0.16,3.2,13.6,13.3,20.0,13.3,0.16,3.2,20.9,17.4,17.4,30.4,0.14,2.9,13.6,6.7,20.0,26.7,0.16,3.9,16.8,76.2,4.8,14.3,0.15,2.8,20.0,12.0,32.0,24.0,0.15,3.7,16.0,20.0,20.0,25.0,0.17,3.2,16.0,15.0,20.0,20.0,0.15,3.5,15.2,15.8,31.6,21.1,0.16,3.1,16.0,5.0,5.0,35.0,0.16,3.5
20260910,24,8,1800,4960,A1,愛知,30.0,53.0,7.18,55.37,8.21,71.43,56,31.25,11,40.32,3779,A1,長崎,50.0,52.0,6.66,40.21,7.35,52.48,77,28.79,49,41.94,4688,A1,東京,33.0,52.0,6.99,56.41,5.48,37.04,54,41.27,62,42.65,4544,A1,福岡,38.0,52.0,7.61,60.19,7.96,59.26,74,34.33,68,31.58,3952,A1,埼玉,50.0,52.0,6.67,48.33,6.54,41.03,43,34.29,43,39.34,3590,A1,東京,52.0,55.0,7.13,49.57,7.48,55.56,58,37.7,46,36.67,22.5,92.6,7.4,0.0,0.14,1.8,13.3,18.8,68.8,0.0,0.17,3.4,17.5,19.0,14.3,28.6,0.13,2.7,16.7,35.0,50.0,0.0,0.14,2.4,17.5,23.8,23.8,4.8,0.12,2.6,12.5,13.3,33.3,26.7,0.15,2.9,20.4,69.6,0.0,0.0,0.13,3.0,13.3,6.7,20.0,26.7,0.12,2.6,22.1,28.0,16.0,8.0,0.11,2.0,18.6,9.5,19.0,23.8,0.12,2.5,13.3,13.3,6.7,6.7,0.12,2.7,12.4,7.1,14.3,0.0,0.13,3.4,21.9,69.6,17.4,4.3,0.13,2.1,18.1,21.1,31.6,15.8,0.16,3.1,12.4,30.8,23.1,0.0,0.12,2.8,15.2,18.8,6.2,43.8,0.11,1.9,17.1,11.1,16.7,5.6,0.12,2.7,15.2,6.2,6.2,18.8,0.13,3.1,27.8,75.0,9.1,4.5,0.15,2.4,17.1,33.3,37.0,14.8,0.16,3.6,13.3,23.8,33.3,9.5,0.17,3.8,12.7,50.0,15.0,20.0,0.12,2.0,17.1,14.8,33.3,25.9,0.17,3.7,12.0,10.5,21.1,36.8,0.18,4.1,21.9,52.0,20.0,12.0,0.14,3.2,16.7,26.3,26.3,0.0,0.14,2.9,17.5,45.0,15.0,20.0,0.17,3.4,16.7,21.1,21.1,31.6,0.14,2.6,16.7,15.8,5.3,36.8,0.13,2.7,10.5,25.0,0.0,0.0,0.13,3.4,21.1,61.5,3.8,7.7,0.13,2.4,15.4,26.3,36.8,21.1,0.14,2.8,16.3,10.0,30.0,20.0,0.16,2.8,18.7,13.0,26.1,21.7,0.13,3.3,13.8,5.9,29.4,17.6,0.15,3.2,14.6,5.6,11.1,22.2,0.17,4.1
20260910,24,9,1800,4503,A1,佐賀,38.0,52.0,8.15,64.46,8.27,69.23,16,47.06,33,30.36,4075,A1,東京,45.0,55.0,6.48,40.78,6.43,41.38,36,36.51,36,32.86,4524,A1,静岡,38.0,53.0,6.69,36.62,6.52,34.78,55,40.0,17,32.35,4371,A1,福岡,39.0,53.0,7.08,45.92,7.31,46.88,29,40.0,76,39.06,5026,A1,佐賀,31.0,54.0,6.73,54.95,6.91,53.7,69,31.08,60,35.29,4907,A1,大阪,31.0,52.0,7.35,58.72,6.45,37.93,13,34.92,70,35.59,21.4,85.2,11.1,0.0,0.1,2.0,15.1,10.5,21.1,15.8,0.11,2.1,12.7,25.0,37.5,6.2,0.1,2.1,19.0,12.5,37.5,12.5,0.12,2.0,18.3,17.4,34.8,21.7,0.12,2.3,13.5,11.8,5.9,0.0,0.12,3.2,19.7,61.5,19.2,11.5,0.1,2.0,13.6,11.1,38.9,16.7,0.12,2.3,18.9,8.0,36.0,20.0,0.13,2.6,16.7,13.6,27.3,18.2,0.13,2.4,13.6,16.7,44.4,0.0,0.13,2.7,17.4,8.7,8.7,13.0,0.15,4.3,20.0,88.5,3.8,3.8,0.09,2.1,17.7,8.7,39.1,13.0,0.14,3.4,11.5,20.0,6.7,33.3,0.12,2.5,16.9,4.5,22.7,18.2,0.1,1.9,20.8,7.4,14.8,22.2,0.12,2.9,13.1,5.9,17.6,0.0,0.12,2.9,18.6,76.2,14.3,4.8,0.12,2.6,21.2,16.7,33.3,16.7,0.13,3.6,15.0,11.8,29.4,23.5,0.14,3.6,19.5,9.1,18.2,13.6,0.13,2.6,13.3,6.7,26.7,20.0,0.13,3.5,12.4,14.3,14.3,0.0,0.17,4.7,17.0,84.2,10.5,0.0,0.15,2.8,17.0,10.5,26.3,21.1,0.17,4.0,14.3,12.5,43.8,25.0,0.14,2.8,19.6,13.6,40.9,13.6,0.15,3.2,17.0,15.8,15.8,15.8,0.16,3.4,15.2,5.9,5.9,5.9,0.18,4.1,21.8,66.7,16.7,8.3,0.15,2.8,16.4,16.7,38.9,5.6,0.14,3.7,13.6,26.7,33.3,26.7,0.15,2.6,17.3,15.8,31.6,15.8,0.13,3.2,15.5,17.6,5.9,17.6,0.14,3.8,15.5,5.9,11.8,11.8,0.16,3.9
20260910,24,10,1800,4500,A1,佐賀,38.0,55.0,7.96,57.61,6.95,50.0,34,38.57,67,37.7,4704,A1,徳島,38.0,52.0,6.42,46.92,6.08,35.0,65,44.44,72,33.93,4335,A1,東京,42.0,53.0,6.83,51.46,7.32,57.89,47,38.98,34,34.78,5088,A1,大阪,26.0,44.0,6.59,44.19,6.55,40.91,62,34.29,56,38.1,4686,A1,滋賀,35.0,53.0,7.94,55.1,6.19,26.92,31,35.71,69,37.7,5191,A1,埼玉,25.0,53.0,7.23,56.06,7.43,56.76,59,44.83,19,32.2,21.1,89.3,7.1,0.0,0.12,2.1,15.8,28.6,14.3,23.8,0.12,3.1,17.3,13.0,17.4,21.7,0.14,3.3,15.0,15.0,25.0,35.0,0.12,3.4,15.0,10.0,20.0,35.0,0.15,3.7,15.8,4.8,9.5,14.3,0.17,4.0,18.8,74.1,14.8,3.7,0.14,2.6,18.1,15.4,23.1,11.5,0.14,3.0,17.4,20.0,28.0,16.0,0.12,2.2,16.7,12.5,33.3,25.0,0.14,2.9,13.9,25.0,35.0,0.0,0.15,3.1,15.3,4.5,27.3,13.6,0.14,3.0,25.8,75.8,12.1,6.1,0.11,2.1,12.5,25.0,25.0,37.5,0.12,2.1,16.4,23.8,42.9,19.0,0.13,2.2,16.4,14.3,28.6,23.8,0.11,2.0,15.6,15.0,10.0,45.0,0.13,2.6,13.3,23.5,35.3,0.0,0.13,2.2,26.8,78.6,11.9,7.1,0.14,2.4,12.1,42.1,26.3,10.5,0.16,3.2,14.6,30.4,21.7,21.7,0.15,3.3,15.3,20.8,16.7,20.8,0.15,3.4,15.9,16.0,8.0,12.0,0.17,3.3,15.3,16.7,8.3,8.3,0.15,3.4,19.0,75.0,8.3,4.2,0.13,2.7,17.5,9.1,27.3,13.6,0.16,3.9,19.0,12.5,20.8,33.3,0.12,2.9,13.5,11.8,41.2,11.8,0.12,2.2,18.3,13.0,13.0,17.4,0.17,3.3,12.7,6.2,6.2,12.5,0.11,3.4,18.4,92.0,4.0,0.0,0.12,1.9,19.1,11.5,30.8,23.1,0.14,2.9,15.4,28.6,23.8,28.6,0.12,2.2,18.4,16.0,12.0,24.0,0.14,2.9,16.2,22.7,9.1,18.2,0.13,2.8,12.5,5.9,11.8,23.5,0.11,2.5
20260910,24,11,1800,4262,A1,滋賀,42.0,54.0,7.81,52.0,7.1,41.94,37,41.27,38,32.35,3716,A1,東京,51.0,54.0,6.99,45.0,6.58,45.83,45,46.27,12,38.03,3909,A1,静岡,53.0,55.0,6.88,54.55,7.56,66.67,73,30.88,59,33.33,3415,A1,大阪,56.0,52.0,7.09,46.02,7.48,42.86,52,38.46,25,43.55,5016,A1,兵庫,28.0,53.0,6.92,45.26,7.23,57.69,12,28.57,24,37.7,4482,A1,岡山,37.0,45.0,6.24,41.03,6.28,35.9,46,32.79,47,39.34,23.7,64.5,6.5,12.9,0.13,2.8,13.7,22.2,44.4,16.7,0.15,3.6,18.3,29.2,20.8,20.8,0.15,3.7,15.3,20.0,20.0,30.0,0.15,3.4,13.0,5.9,11.8,11.8,0.13,3.8,16.0,4.8,9.5,19.0,0.16,4.2,20.2,56.0,12.0,4.0,0.15,3.3,14.5,5.6,33.3,16.7,0.13,4.1,12.1,13.3,20.0,46.7,0.12,2.5,20.2,20.0,16.0,12.0,0.13,2.8,16.1,5.0,15.0,15.0,0.11,2.9,16.9,4.8,19.0,4.8,0.12,3.4,22.8,79.3,10.3,3.4,0.09,1.9,16.5,19.0,47.6,19.0,0.13,2.4,20.5,15.4,19.2,15.4,0.13,2.3,18.9,4.2,33.3,16.7,0.13,2.4,17.3,27.3,9.1,18.2,0.11,2.0,3.9,20.0,0.0,0.0,0.14,3.6,21.1,70.4,18.5,3.7,0.14,3.7,23.4,23.3,23.3,23.3,0.15,4.0,16.4,19.0,47.6,0.0,0.15,3.6,18.0,13.0,4.3,30.4,0.13,3.2,14.1,16.7,0.0,0.0,0.14,4.0,7.0,33.3,0.0,0.0,0.17,4.7,21.1,73.1,7.7,3.8,0.13,2.3,17.1,33.3,28.6,19.0,0.15,3.1,15.4,26.3,21.1,21.1,0.14,2.2,16.3,20.0,10.0,40.0,0.13,2.4,10.6,7.7,7.7,30.8,0.14,2.8,19.5,4.2,37.5,0.0,0.17,4.0,22.4,71.4,14.3,3.6,0.13,2.1,16.8,19.0,28.6,28.6,0.18,3.6,15.2,10.5,10.5,15.8,0.16,4.1,17.6,22.7,18.2,27.3,0.17,3.6,18.4,13.0,17.4,13.0,0.17,3.0,9.6,16.7,8.3,33.3,0.22,4.9
20260910,24,12,1800,4908,A1,大阪,31.0,52.0,6.8,44.92,8.54,75.0,33,32.2,65,28.85,4910,A1,愛知,30.0,51.0,7.13,59.05,4.13,12.5,48,37.5,54,34.38,4398,A1,広島,39.0,51.0,6.68,50.0,7.44,50.0,68,31.67,32,42.86,4483,A1,愛知,37.0,53.0,6.83,53.78,0.0,0.0,70,41.94,57,38.1,4497,A1,長崎,39.0,53.0,7.66,60.87,7.61,60.11,63,50.0,85,37.29,4571,A1,徳島,38.0,53.0,6.33,43.42,6.46,54.17,44,52.94,35,31.75,23.3,89.3,10.7,0.0,0.13,2.7,13.3,12.5,12.5,25.0,0.12,2.7,15.8,10.5,15.8,31.6,0.15,3.4,20.0,20.8,20.8,20.8,0.14,3.0,13.3,12.5,18.8,0.0,0.19,4.8,14.2,29.4,23.5,0.0,0.19,4.2,21.2,85.7,4.8,0.0,0.14,1.9,16.2,6.2,43.8,25.0,0.15,3.1,15.2,20.0,40.0,13.3,0.16,2.4,17.2,47.1,5.9,0.0,0.18,3.9,17.2,11.8,23.5,17.6,0.13,2.6,13.1,7.7,15.4,0.0,0.16,4.1,21.3,82.8,10.3,3.4,0.13,2.1,15.4,9.5,38.1,33.3,0.14,2.5,16.9,17.4,30.4,21.7,0.13,2.8,16.9,8.7,13.0,34.8,0.13,2.8,13.2,22.2,38.9,0.0,0.13,2.7,16.2,4.5,9.1,9.1,0.19,4.6,18.9,75.0,15.0,0.0,0.15,3.2,16.0,17.6,17.6,29.4,0.16,2.7,17.0,22.2,50.0,0.0,0.13,2.7,18.9,35.0,10.0,25.0,0.15,3.1,17.9,15.8,15.8,26.3,0.15,2.8,11.3,8.3,8.3,0.0,0.14,3.5,23.4,76.9,7.7,7.7,0.13,2.3,20.7,21.7,21.7,13.0,0.14,3.0,15.3,29.4,5.9,11.8,0.12,2.1,12.6,21.4,14.3,0.0,0.16,2.9,15.3,5.9,23.5,23.5,0.14,2.9,12.6,14.3,21.4,28.6,0.15,3.4,16.8,55.0,10.0,10.0,0.13,2.9,16.0,31.6,21.1,10.5,0.13,2.6,13.4,31.2,18.8,0.0,0.15,3.1,8.4,50.0,10.0,0.0,0.12,3.5,15.1,33.3,27.8,0.0,0.14,3.1,30.3,13.9,5.6,8.3,0.13,3.4
20260910,21,1,1800,5160,A2,福岡,27.0,54.0,5.84,42.24,5.09,29.79,6,25.51,56,37.5,5383,B1,三重,21.0,53.0,2.42,1.35,0.0,0.0,32,42.27,27,37.37,3357,B1,岡山,57.0,49.0,3.87,12.94,3.41,12.2,59,26.09,52,34.0,5457,B2,長崎,20.0,51.0,1.15,0.0,0.0,0.0,54,27.37,20,31.25,3843,B1,長崎,50.0,54.0,4.84,29.9,4.56,20.59,40,28.16,24,32.22,3509,B1,香川,54.0,50.0,3.3,7.14,2.86,13.64,18,25.93,43,37.25,15.7,59.1,22.7,4.5,0.16,2.2,20.0,14.3,17.9,14.3,0.15,3.4,17.1,20.8,20.8,33.3,0.15,3.5,15.0,14.3,28.6,19.0,0.12,2.8,15.7,4.5,22.7,31.8,0.14,3.2,16.4,4.3,4.3,0.0,0.17,4.0,0.0,0.0,0.0,0.0,0.0,0.0,0.0,0.0,0.0,0.0,0.0,0.0,0.0,0.0,0.0,0.0,0.0,0.0,18.8,6.2,0.0,0.0,0.2,3.3,32.9,3.6,7.1,0.0,0.17,3.0,48.2,2.4,0.0,0.0,0.17,3.2,15.5,31.2,31.2,12.5,0.21,3.7,18.4,21.1,31.6,0.0,0.19,3.7,15.5,6.2,31.2,0.0,0.18,3.8,19.4,25.0,0.0,0.0,0.17,3.7,18.4,5.3,5.3,0.0,0.21,4.2,12.6,0.0,0.0,0.0,0.21,5.4,0.0,0.0,0.0,0.0,0.0,0.0,0.0,0.0,0.0,0.0,0.0,0.0,0.0,0.0,0.0,0.0,0.0,0.0,0.0,0.0,0.0,0.0,0.0,0.0,0.0,0.0,0.0,0.0,0.0,0.0,0.0,0.0,0.0,0.0,0.0,0.0,16.0,52.9,17.6,17.6,0.11,2.4,17.9,26.3,31.6,0.0,0.17,3.2,19.8,23.8,19.0,0.0,0.17,3.3,14.2,26.7,6.7,0.0,0.15,3.1,18.9,5.0,10.0,25.0,0.18,3.0,13.2,0.0,0.0,0.0,0.15,3.4,14.7,36.4,27.3,9.1,0.15,2.5,18.7,7.1,21.4,0.0,0.14,2.9,20.0,6.7,6.7,0.0,0.14,2.5,16.0,8.3,8.3,0.0,0.15,2.6,17.3,7.7,15.4,0.0,0.13,3.3,13.3,10.0,20.0,0.0,0.17,3.3
20260910,21,2,1800,4389,A2,大阪,40.0,52.0,5.46,29.35,4.63,25.58,38,37.62,28,17.65,4744,B1,福岡,33.0,46.0,4.55,24.0,2.95,0.0,7,34.65,11,18.75,5261,B1,長崎,28.0,52.0,4.36,21.43,2.69,7.69,60,41.11,57,36.84,4771,A1,広島,33.0,56.0,7.19,54.63,5.75,40.63,29,38.14,68,35.56,4020,B1,香川,46.0,66.0,3.93,23.46,3.4,10.0,53,34.02,48,24.76,5469,B2,佐賀,17.0,55.0,1.59,0.0,0.0,0.0,39,39.8,40,27.27,15.5,50.0,25.0,18.8,0.16,4.2,22.3,8.7,26.1,39.1,0.19,3.6,15.5,31.2,18.8,18.8,0.18,3.2,19.4,5.0,5.0,40.0,0.16,3.6,11.7,8.3,16.7,16.7,0.16,3.8,15.5,6.2,0.0,0.0,0.21,4.3,12.2,22.2,22.2,22.2,0.22,4.9,17.6,15.4,15.4,0.0,0.2,4.7,23.0,11.8,5.9,29.4,0.23,4.2,16.2,8.3,33.3,0.0,0.22,4.8,16.2,8.3,16.7,0.0,0.25,4.6,14.9,9.1,18.2,0.0,0.24,5.2,11.6,50.0,40.0,0.0,0.14,3.3,20.9,5.6,11.1,5.6,0.17,4.0,18.6,6.2,25.0,12.5,0.15,2.9,20.9,5.6,22.2,0.0,0.2,3.6,11.6,20.0,20.0,0.0,0.21,3.6,16.3,7.1,0.0,0.0,0.22,4.1,25.0,75.0,9.4,12.5,0.16,3.1,13.3,35.3,47.1,0.0,0.15,1.8,14.8,26.3,36.8,26.3,0.13,2.1,15.6,30.0,35.0,10.0,0.19,3.2,19.5,12.0,24.0,20.0,0.16,3.4,11.7,20.0,6.7,0.0,0.16,3.5,13.6,46.7,6.7,20.0,0.17,2.9,15.5,5.9,23.5,17.6,0.17,3.7,18.2,5.0,20.0,10.0,0.17,3.6,15.5,17.6,17.6,0.0,0.19,4.1,22.7,4.0,8.0,16.0,0.16,3.3,14.5,6.2,12.5,12.5,0.2,4.8,0.0,0.0,0.0,0.0,0.0,0.0,0.0,0.0,0.0,0.0,0.0,0.0,0.0,0.0,0.0,0.0,0.0,0.0,0.0,0.0,0.0,0.0,0.0,0.0,0.0,0.0,0.0,0.0,0.0,0.0,0.0,0.0,0.0,0.0,0.0,0.0
20260910,21,3,1800,4675,A2,大阪,38.0,51.0,5.75,37.5,4.38,12.5,47,33.33,61,34.31,5143,B1,徳島,25.0,54.0,3.8,16.16,4.32,17.65,58,23.91,63,35.42,4848,A1,福岡,32.0,53.0,7.59,52.21,7.08,53.33,49,24.47,62,32.99,5447,B2,岡山,24.0,50.0,1.07,0.0,0.0,0.0,24,16.67,23,31.46,4793,A2,静岡,36.0,51.0,6.41,48.57,5.68,42.11,20,22.77,13,44.23,3998,B1,佐賀,47.0,51.0,4.34,26.26,4.24,22.22,27,30.39,17,34.26,17.3,28.6,14.3,14.3,0.17,4.1,17.3,57.1,7.1,0.0,0.15,2.4,14.8,16.7,8.3,50.0,0.15,3.2,16.0,23.1,7.7,30.8,0.15,2.0,19.8,12.5,12.5,31.2,0.1,1.8,14.8,16.7,25.0,8.3,0.13,2.8,10.6,8.3,33.3,8.3,0.22,4.5,17.7,5.0,30.0,0.0,0.18,4.3,19.5,9.1,18.2,22.7,0.18,4.0,15.0,11.8,5.9,41.2,0.17,4.0,21.2,25.0,16.7,0.0,0.19,4.3,15.9,5.6,11.1,0.0,0.24,5.0,18.3,65.0,25.0,5.0,0.14,3.5,19.3,19.0,33.3,9.5,0.14,3.6,15.6,23.5,41.2,11.8,0.15,3.8,14.7,6.2,43.8,18.8,0.14,3.8,20.2,9.1,4.5,18.2,0.16,3.6,11.9,23.1,0.0,0.0,0.14,3.4,0.0,0.0,0.0,0.0,0.0,0.0,0.0,0.0,0.0,0.0,0.0,0.0,0.0,0.0,0.0,0.0,0.0,0.0,0.0,0.0,0.0,0.0,0.0,0.0,0.0,0.0,0.0,0.0,0.0,0.0,0.0,0.0,0.0,0.0,0.0,0.0,18.5,54.5,13.6,18.2,0.13,1.9,17.6,28.6,42.9,4.8,0.16,2.9,15.1,33.3,27.8,16.7,0.13,2.8,17.6,14.3,4.8,28.6,0.14,2.6,16.8,10.0,20.0,30.0,0.14,2.7,14.3,5.9,17.6,17.6,0.13,2.7,12.1,45.5,45.5,0.0,0.15,2.4,19.8,33.3,22.2,0.0,0.18,3.4,18.7,17.6,17.6,0.0,0.15,3.1,16.5,13.3,6.7,0.0,0.15,3.0,20.9,10.5,10.5,0.0,0.19,3.8,12.1,0.0,0.0,0.0,0.21,4.8
20260910,21,4,1800,4384,A1,大阪,41.0,54.0,5.63,36.73,7.39,55.56,25,12.82,34,37.14,4408,B1,長崎,40.0,48.0,3.5,19.77,0.0,0.0,22,43.62,22,35.29,4261,A2,三重,42.0,54.0,6.0,42.48,5.95,52.63,3,45.45,54,34.69,5317,B1,岡山,25.0,45.0,4.63,23.71,3.35,5.88,2,26.6,47,23.08,4092,B1,佐賀,45.0,53.0,4.81,27.5,5.18,38.46,33,41.0,44,54.9,3837,A2,香川,51.0,52.0,6.38,44.64,7.25,57.14,10,40.0,41,27.0,26.2,64.7,20.6,8.8,0.14,2.5,13.8,44.4,22.2,0.0,0.16,3.6,16.9,22.7,9.1,40.9,0.17,3.5,16.2,14.3,9.5,47.6,0.18,3.9,13.8,5.6,33.3,38.9,0.15,2.9,13.1,11.8,17.6,0.0,0.2,4.8,10.3,71.4,14.3,0.0,0.18,2.4,19.1,7.7,15.4,0.0,0.15,3.5,13.2,11.1,22.2,0.0,0.15,3.8,26.5,5.6,0.0,0.0,0.22,4.4,20.6,7.1,21.4,0.0,0.21,4.1,10.3,0.0,0.0,0.0,0.21,5.1,20.7,64.3,21.4,0.0,0.15,2.6,17.8,4.2,37.5,25.0,0.16,3.3,15.6,4.8,38.1,23.8,0.15,3.0,14.1,10.5,10.5,26.3,0.17,3.5,14.1,5.3,10.5,26.3,0.17,3.7,17.8,4.2,12.5,29.2,0.18,3.6,12.2,28.6,28.6,21.4,0.17,2.7,16.5,5.3,21.1,21.1,0.16,3.5,17.4,30.0,35.0,0.0,0.15,3.2,22.6,3.8,11.5,30.8,0.17,3.7,18.3,9.5,14.3,0.0,0.17,3.2,13.0,6.7,13.3,0.0,0.18,4.2,14.9,71.4,7.1,0.0,0.11,2.0,19.1,5.6,22.2,33.3,0.17,3.3,18.1,5.9,23.5,29.4,0.13,2.8,17.0,6.2,12.5,18.8,0.15,3.1,11.7,18.2,18.2,0.0,0.18,3.5,19.1,11.1,11.1,0.0,0.2,4.3,19.5,73.9,17.4,0.0,0.15,3.1,14.4,11.8,29.4,35.3,0.17,2.9,17.8,19.0,28.6,28.6,0.14,3.0,16.9,10.0,25.0,15.0,0.18,3.5,15.3,16.7,11.1,22.2,0.18,4.1,16.1,15.8,10.5,0.0,0.2,4.1
20260910,21,5,1800,4834,A2,大阪,38.0,51.0,5.65,38.46,4.64,24.0,48,41.84,31,32.29,4991,A1,広島,29.0,52.0,6.49,43.01,5.19,23.26,35,48.0,25,31.71,4330,A2,福岡,43.0,53.0,5.98,41.23,6.36,48.28,23,28.87,16,32.0,5383,B1,三重,21.0,53.0,2.42,1.35,0.0,0.0,32,42.27,27,37.37,3873,B1,広島,50.0,54.0,4.96,27.27,5.57,34.09,12,36.84,65,33.64,3541,A2,香川,58.0,52.0,6.27,43.69,7.82,68.18,42,25.0,39,29.41,19.4,65.4,15.4,7.7,0.13,2.9,14.2,15.8,15.8,26.3,0.15,3.2,17.2,8.7,17.4,26.1,0.14,3.1,19.4,23.1,19.2,19.2,0.15,2.8,14.9,5.0,10.0,40.0,0.16,2.9,14.9,5.0,20.0,0.0,0.16,3.7,18.8,63.2,31.6,0.0,0.14,2.5,20.8,14.3,28.6,33.3,0.18,4.0,12.9,23.1,23.1,30.8,0.17,3.6,18.8,5.3,31.6,15.8,0.18,3.8,15.8,12.5,18.8,25.0,0.17,4.3,12.9,7.7,30.8,0.0,0.23,5.8,20.3,68.0,20.0,8.0,0.14,2.2,14.6,22.2,33.3,0.0,0.12,2.0,21.1,23.1,19.2,15.4,0.13,2.1,14.6,33.3,5.6,16.7,0.12,2.3,15.4,5.3,21.1,26.3,0.11,2.2,13.8,5.9,23.5,0.0,0.11,2.1,0.0,0.0,0.0,0.0,0.0,0.0,0.0,0.0,0.0,0.0,0.0,0.0,0.0,0.0,0.0,0.0,0.0,0.0,18.8,6.2,0.0,0.0,0.2,3.3,32.9,3.6,7.1,0.0,0.17,3.0,48.2,2.4,0.0,0.0,0.17,3.2,8.5,83.3,0.0,0.0,0.14,2.3,5.6,50.0,0.0,0.0,0.15,4.3,9.9,14.3,28.6,0.0,0.18,3.5,7.0,20.0,0.0,0.0,0.13,2.6,16.9,8.3,25.0,16.7,0.18,3.0,52.1,5.4,8.1,0.0,0.26,4.9,18.9,52.0,12.0,16.0,0.17,3.5,17.4,4.3,26.1,21.7,0.17,3.4,18.2,12.5,20.8,33.3,0.17,3.2,12.9,5.9,17.6,23.5,0.14,2.6,15.9,9.5,19.0,19.0,0.16,3.4,16.7,4.5,22.7,0.0,0.18,4.4
20260910,21,6,1800,4443,B1,山口,40.0,51.0,5.52,39.05,5.32,36.17,41,40.59,18,40.0,4850,A2,愛知,31.0,54.0,6.38,47.54,6.14,42.86,14,28.57,66,36.27,5208,B1,長崎,28.0,51.0,4.13,22.08,3.51,13.51,43,40.2,32,34.69,3509,B1,香川,54.0,50.0,3.3,7.14,2.86,13.64,18,25.93,43,37.25,4137,A1,滋賀,46.0,53.0,6.61,48.03,6.97,60.53,15,28.85,19,26.44,3473,A1,福岡,56.0,53.0,6.76,55.91,6.01,43.21,4,40.63,55,40.19,18.3,47.8,17.4,26.1,0.17,3.6,18.3,8.7,21.7,13.0,0.16,3.4,15.9,25.0,25.0,0.0,0.18,4.0,17.5,9.1,31.8,22.7,0.18,3.7,17.5,9.1,9.1,9.1,0.23,4.9,12.7,12.5,25.0,0.0,0.21,4.4,18.2,79.2,16.7,4.2,0.12,1.9,13.6,27.8,22.2,11.1,0.11,2.1,21.2,10.7,25.0,25.0,0.12,2.2,18.2,8.3,8.3,33.3,0.11,2.1,20.5,11.1,14.8,22.2,0.1,2.0,8.3,18.2,9.1,0.0,0.15,2.4,15.3,46.7,20.0,6.7,0.13,2.5,17.3,5.9,11.8,35.3,0.14,3.1,16.3,12.5,18.8,0.0,0.18,3.3,19.4,15.8,31.6,0.0,0.14,2.8,17.3,5.9,11.8,0.0,0.17,3.1,14.3,7.1,7.1,7.1,0.16,3.7,14.7,36.4,27.3,9.1,0.15,2.5,18.7,7.1,21.4,0.0,0.14,2.9,20.0,6.7,6.7,0.0,0.14,2.5,16.0,8.3,8.3,0.0,0.15,2.6,17.3,7.7,15.4,0.0,0.13,3.3,13.3,10.0,20.0,0.0,0.17,3.3,18.6,70.8,16.7,4.2,0.13,1.9,17.1,13.6,45.5,18.2,0.14,2.8,19.4,28.0,16.0,12.0,0.13,2.1,17.8,13.0,39.1,34.8,0.14,2.6,14.0,27.8,11.1,0.0,0.16,3.1,13.2,5.9,23.5,5.9,0.12,2.4,38.6,42.9,20.4,12.2,0.13,2.2,57.5,12.3,30.1,16.4,0.15,3.3,3.9,40.0,0.0,0.0,0.15,3.2,0.0,0.0,0.0,0.0,0.0,0.0,0.0,0.0,0.0,0.0,0.0,0.0,0.0,0.0,0.0,0.0,0.0,0.0
20260910,21,7,1800,4638,B1,福岡,35.0,53.0,5.38,36.56,4.55,27.27,55,37.78,70,35.92,3998,B1,佐賀,47.0,51.0,4.34,26.26,4.24,22.22,27,30.39,17,34.26,4652,B1,佐賀,41.0,52.0,4.82,23.17,6.95,50.0,45,29.36,53,32.67,4966,B1,長崎,28.0,55.0,5.13,33.71,4.89,29.63,1,23.26,33,32.32,5082,B1,愛知,27.0,58.0,5.51,35.71,4.0,13.33,11,38.54,26,38.78,5457,B2,長崎,20.0,51.0,1.15,0.0,0.0,0.0,54,27.37,20,31.25,14.0,53.3,20.0,6.7,0.13,2.9,17.8,21.1,10.5,21.1,0.17,3.8,16.8,33.3,22.2,0.0,0.19,3.9,17.8,5.3,10.5,26.3,0.19,4.2,17.8,15.8,21.1,0.0,0.17,4.2,15.9,11.8,17.6,0.0,0.23,5.2,12.1,45.5,45.5,0.0,0.15,2.4,19.8,33.3,22.2,0.0,0.18,3.4,18.7,17.6,17.6,0.0,0.15,3.1,16.5,13.3,6.7,0.0,0.15,3.0,20.9,10.5,10.5,0.0,0.19,3.8,12.1,0.0,0.0,0.0,0.21,4.8,18.3,47.4,15.8,10.5,0.17,3.5,17.3,5.6,38.9,5.6,0.13,3.2,20.2,9.5,14.3,19.0,0.18,3.8,18.3,5.3,21.1,10.5,0.18,3.2,10.6,9.1,9.1,27.3,0.14,2.4,15.4,6.2,0.0,0.0,0.24,4.9,20.3,60.0,8.0,8.0,0.19,3.6,17.1,9.5,47.6,14.3,0.14,2.8,14.6,22.2,16.7,16.7,0.14,2.5,11.4,7.1,28.6,14.3,0.16,2.5,20.3,4.0,12.0,4.0,0.15,3.4,16.3,5.0,5.0,0.0,0.17,3.5,11.3,41.7,8.3,33.3,0.18,3.3,21.7,30.4,30.4,0.0,0.19,3.4,17.9,5.3,15.8,21.1,0.18,3.9,18.9,20.0,20.0,15.0,0.16,3.2,15.1,18.8,31.2,0.0,0.21,4.3,15.1,6.2,18.8,18.8,0.19,4.3,0.0,0.0,0.0,0.0,0.0,0.0,0.0,0.0,0.0,0.0,0.0,0.0,0.0,0.0,0.0,0.0,0.0,0.0,0.0,0.0,0.0,0.0,0.0,0.0,0.0,0.0,0.0,0.0,0.0,0.0,0.0,0.0,0.0,0.0,0.0,0.0
20260910,21,8,1800,4594,B1,滋賀,44.0,53.0,6.27,48.67,6.89,55.56,13,40.4,38,40.38,3837,A2,香川,51.0,52.0,6.38,44.64,7.25,57.14,10,40.0,41,27.0,5143,B1,徳島,25.0,54.0,3.8,16.16,4.32,17.65,58,23.91,63,35.42,4853,B1,岡山,31.0,45.0,4.41,18.48,3.39,5.56,51,30.93,30,23.08,5447,B2,岡山,24.0,50.0,1.07,0.0,0.0,0.0,24,16.67,23,31.46,4812,A1,徳島,36.0,52.0,7.69,63.51,7.63,65.71,5,32.95,29,27.85,18.1,58.8,23.5,0.0,0.12,2.5,12.8,8.3,33.3,16.7,0.17,3.4,20.2,21.1,31.6,0.0,0.15,2.9,18.1,11.8,17.6,17.6,0.16,3.2,23.4,9.1,4.5,36.4,0.2,3.7,7.4,28.6,0.0,0.0,0.21,5.1,19.5,73.9,17.4,0.0,0.15,3.1,14.4,11.8,29.4,35.3,0.17,2.9,17.8,19.0,28.6,28.6,0.14,3.0,16.9,10.0,25.0,15.0,0.18,3.5,15.3,16.7,11.1,22.2,0.18,4.1,16.1,15.8,10.5,0.0,0.2,4.1,10.6,8.3,33.3,8.3,0.22,4.5,17.7,5.0,30.0,0.0,0.18,4.3,19.5,9.1,18.2,22.7,0.18,4.0,15.0,11.8,5.9,41.2,0.17,4.0,21.2,25.0,16.7,0.0,0.19,4.3,15.9,5.6,11.1,0.0,0.24,5.0,13.3,30.0,10.0,20.0,0.13,3.2,16.0,8.3,25.0,0.0,0.21,3.8,20.0,20.0,26.7,13.3,0.2,4.4,13.3,10.0,20.0,0.0,0.23,4.3,18.7,7.1,14.3,0.0,0.26,5.5,18.7,0.0,0.0,0.0,0.25,4.8,0.0,0.0,0.0,0.0,0.0,0.0,0.0,0.0,0.0,0.0,0.0,0.0,0.0,0.0,0.0,0.0,0.0,0.0,0.0,0.0,0.0,0.0,0.0,0.0,0.0,0.0,0.0,0.0,0.0,0.0,0.0,0.0,0.0,0.0,0.0,0.0,21.5,76.9,3.8,7.7,0.13,2.0,16.5,35.0,35.0,10.0,0.14,2.5,15.7,26.3,21.1,26.3,0.15,3.2,15.7,21.1,15.8,31.6,0.12,2.2,14.9,11.1,38.9,11.1,0.16,2.4,15.7,10.5,36.8,0.0,0.15,3.6
20260910,21,9,1800,4793,A2,静岡,36.0,51.0,6.41,48.57,5.68,42.11,20,22.77,13,44.23,3843,B1,長崎,50.0,54.0,4.84,29.9,4.56,20.59,40,28.16,24,32.22,4744,B1,福岡,33.0,46.0,4.55,24.0,2.95,0.0,7,34.65,11,18.75,4408,B1,長崎,40.0,48.0,3.5,19.77,0.0,0.0,22,43.62,22,35.29,4330,A2,福岡,43.0,53.0,5.98,41.23,6.36,48.28,23,28.87,16,32.0,4521,B1,福岡,39.0,51.0,5.33,29.9,4.78,27.12,52,32.97,50,26.44,18.5,54.5,13.6,18.2,0.13,1.9,17.6,28.6,42.9,4.8,0.16,2.9,15.1,33.3,27.8,16.7,0.13,2.8,17.6,14.3,4.8,28.6,0.14,2.6,16.8,10.0,20.0,30.0,0.14,2.7,14.3,5.9,17.6,17.6,0.13,2.7,16.0,52.9,17.6,17.6,0.11,2.4,17.9,26.3,31.6,0.0,0.17,3.2,19.8,23.8,19.0,0.0,0.17,3.3,14.2,26.7,6.7,0.0,0.15,3.1,18.9,5.0,10.0,25.0,0.18,3.0,13.2,0.0,0.0,0.0,0.15,3.4,12.2,22.2,22.2,22.2,0.22,4.9,17.6,15.4,15.4,0.0,0.2,4.7,23.0,11.8,5.9,29.4,0.23,4.2,16.2,8.3,33.3,0.0,0.22,4.8,16.2,8.3,16.7,0.0,0.25,4.6,14.9,9.1,18.2,0.0,0.24,5.2,10.3,71.4,14.3,0.0,0.18,2.4,19.1,7.7,15.4,0.0,0.15,3.5,13.2,11.1,22.2,0.0,0.15,3.8,26.5,5.6,0.0,0.0,0.22,4.4,20.6,7.1,21.4,0.0,0.21,4.1,10.3,0.0,0.0,0.0,0.21,5.1,20.3,68.0,20.0,8.0,0.14,2.2,14.6,22.2,33.3,0.0,0.12,2.0,21.1,23.1,19.2,15.4,0.13,2.1,14.6,33.3,5.6,16.7,0.12,2.3,15.4,5.3,21.1,26.3,0.11,2.2,13.8,5.9,23.5,0.0,0.11,2.1,19.5,56.5,17.4,4.3,0.18,3.7,17.8,4.8,23.8,14.3,0.18,4.3,16.1,10.5,10.5,10.5,0.21,4.5,13.6,6.2,25.0,0.0,0.22,4.4,17.8,4.8,4.8,28.6,0.23,4.9,15.3,11.1,0.0,0.0,0.27,5.4
20260910,21,10,1800,4861,A2,福岡,38.0,53.0,5.15,29.29,5.16,32.35,50,30.43,64,32.99,4840,B1,静岡,35.0,52.0,4.82,28.16,3.61,16.67,57,38.95,67,31.96,5317,B1,岡山,25.0,45.0,4.63,23.71,3.35,5.88,2,26.6,47,23.08,5469,B2,佐賀,17.0,55.0,1.59,0.0,0.0,0.0,39,39.8,40,27.27,4848,A1,福岡,32.0,53.0,7.59,52.21,7.08,53.33,49,24.47,62,32.99,4991,A1,広島,29.0,52.0,6.49,43.01,5.19,23.26,35,48.0,25,31.71,15.3,64.7,17.6,5.9,0.16,3.0,18.9,14.3,28.6,23.8,0.16,3.2,17.1,10.5,26.3,26.3,0.15,2.7,15.3,17.6,29.4,11.8,0.17,3.2,18.0,20.0,30.0,0.0,0.17,3.1,15.3,17.6,0.0,0.0,0.2,4.9,14.7,26.7,33.3,26.7,0.17,2.7,17.6,16.7,27.8,11.1,0.12,3.2,17.6,11.1,27.8,16.7,0.14,2.7,19.6,15.0,10.0,0.0,0.19,3.0,17.6,5.6,11.1,0.0,0.15,3.7,12.7,23.1,7.7,0.0,0.18,4.7,12.2,28.6,28.6,21.4,0.17,2.7,16.5,5.3,21.1,21.1,0.16,3.5,17.4,30.0,35.0,0.0,0.15,3.2,22.6,3.8,11.5,30.8,0.17,3.7,18.3,9.5,14.3,0.0,0.17,3.2,13.0,6.7,13.3,0.0,0.18,4.2,0.0,0.0,0.0,0.0,0.0,0.0,0.0,0.0,0.0,0.0,0.0,0.0,0.0,0.0,0.0,0.0,0.0,0.0,0.0,0.0,0.0,0.0,0.0,0.0,0.0,0.0,0.0,0.0,0.0,0.0,0.0,0.0,0.0,0.0,0.0,0.0,18.3,65.0,25.0,5.0,0.14,3.5,19.3,19.0,33.3,9.5,0.14,3.6,15.6,23.5,41.2,11.8,0.15,3.8,14.7,6.2,43.8,18.8,0.14,3.8,20.2,9.1,4.5,18.2,0.16,3.6,11.9,23.1,0.0,0.0,0.14,3.4,18.8,63.2,31.6,0.0,0.14,2.5,20.8,14.3,28.6,33.3,0.18,4.0,12.9,23.1,23.1,30.8,0.17,3.6,18.8,5.3,31.6,15.8,0.18,3.8,15.8,12.5,18.8,25.0,0.17,4.3,12.9,7.7,30.8,0.0,0.23,5.8
20260910,21,11,1800,4437,A2,香川,40.0,55.0,5.92,43.22,6.81,52.38,16,22.94,15,28.13,4137,A1,滋賀,46.0,53.0,6.61,48.03,6.97,60.53,15,28.85,19,26.44,4389,A2,大阪,40.0,52.0,5.46,29.35,4.63,25.58,38,37.62,28,17.65,3541,A2,香川,58.0,52.0,6.27,43.69,7.82,68.18,42,25.0,39,29.41,4638,B1,福岡,35.0,53.0,5.38,36.56,4.55,27.27,55,37.78,70,35.92,4261,A2,三重,42.0,54.0,6.0,42.48,5.95,52.63,3,45.45,54,34.69,21.0,61.5,19.2,3.8,0.14,2.3,16.9,4.8,52.4,4.8,0.17,3.6,16.9,9.5,38.1,14.3,0.15,3.5,13.7,23.5,23.5,17.6,0.17,3.1,16.1,30.0,25.0,0.0,0.17,4.2,15.3,26.3,0.0,0.0,0.17,3.7,18.6,70.8,16.7,4.2,0.13,1.9,17.1,13.6,45.5,18.2,0.14,2.8,19.4,28.0,16.0,12.0,0.13,2.1,17.8,13.0,39.1,34.8,0.14,2.6,14.0,27.8,11.1,0.0,0.16,3.1,13.2,5.9,23.5,5.9,0.12,2.4,15.5,50.0,25.0,18.8,0.16,4.2,22.3,8.7,26.1,39.1,0.19,3.6,15.5,31.2,18.8,18.8,0.18,3.2,19.4,5.0,5.0,40.0,0.16,3.6,11.7,8.3,16.7,16.7,0.16,3.8,15.5,6.2,0.0,0.0,0.21,4.3,18.9,52.0,12.0,16.0,0.17,3.5,17.4,4.3,26.1,21.7,0.17,3.4,18.2,12.5,20.8,33.3,0.17,3.2,12.9,5.9,17.6,23.5,0.14,2.6,15.9,9.5,19.0,19.0,0.16,3.4,16.7,4.5,22.7,0.0,0.18,4.4,14.0,53.3,20.0,6.7,0.13,2.9,17.8,21.1,10.5,21.1,0.17,3.8,16.8,33.3,22.2,0.0,0.19,3.9,17.8,5.3,10.5,26.3,0.19,4.2,17.8,15.8,21.1,0.0,0.17,4.2,15.9,11.8,17.6,0.0,0.23,5.2,20.7,64.3,21.4,0.0,0.15,2.6,17.8,4.2,37.5,25.0,0.16,3.3,15.6,4.8,38.1,23.8,0.15,3.0,14.1,10.5,10.5,26.3,0.17,3.5,14.1,5.3,10.5,26.3,0.17,3.7,17.8,4.2,12.5,29.2,0.18,3.6
20260910,21,12,1800,4771,A1,広島,33.0,56.0,7.19,54.63,5.75,40.63,29,38.14,68,35.56,4675,A2,大阪,38.0,51.0,5.75,37.5,4.38,12.5,47,33.33,61,34.31,5160,A2,福岡,27.0,54.0,5.84,42.24,5.09,29.79,6,25.51,56,37.5,4092,B1,佐賀,45.0,53.0,4.81,27.5,5.18,38.46,33,41.0,44,54.9,4834,A2,大阪,38.0,51.0,5.65,38.46,4.64,24.0,48,41.84,31,32.29,4850,A2,愛知,31.0,54.0,6.38,47.54,6.14,42.86,14,28.57,66,36.27,25.0,75.0,9.4,12.5,0.16,3.1,13.3,35.3,47.1,0.0,0.15,1.8,14.8,26.3,36.8,26.3,0.13,2.1,15.6,30.0,35.0,10.0,0.19,3.2,19.5,12.0,24.0,20.0,0.16,3.4,11.7,20.0,6.7,0.0,0.16,3.5,17.3,28.6,14.3,14.3,0.17,4.1,17.3,57.1,7.1,0.0,0.15,2.4,14.8,16.7,8.3,50.0,0.15,3.2,16.0,23.1,7.7,30.8,0.15,2.0,19.8,12.5,12.5,31.2,0.1,1.8,14.8,16.7,25.0,8.3,0.13,2.8,15.7,59.1,22.7,4.5,0.16,2.2,20.0,14.3,17.9,14.3,0.15,3.4,17.1,20.8,20.8,33.3,0.15,3.5,15.0,14.3,28.6,19.0,0.12,2.8,15.7,4.5,22.7,31.8,0.14,3.2,16.4,4.3,4.3,0.0,0.17,4.0,14.9,71.4,7.1,0.0,0.11,2.0,19.1,5.6,22.2,33.3,0.17,3.3,18.1,5.9,23.5,29.4,0.13,2.8,17.0,6.2,12.5,18.8,0.15,3.1,11.7,18.2,18.2,0.0,0.18,3.5,19.1,11.1,11.1,0.0,0.2,4.3,19.4,65.4,15.4,7.7,0.13,2.9,14.2,15.8,15.8,26.3,0.15,3.2,17.2,8.7,17.4,26.1,0.14,3.1,19.4,23.1,19.2,19.2,0.15,2.8,14.9,5.0,10.0,40.0,0.16,2.9,14.9,5.0,20.0,0.0,0.16,3.7,18.2,79.2,16.7,4.2,0.12,1.9,13.6,27.8,22.2,11.1,0.11,2.1,21.2,10.7,25.0,25.0,0.12,2.2,18.2,8.3,8.3,33.3,0.11,2.1,20.5,11.1,14.8,22.2,0.1,2.0,8.3,18.2,9.1,0.0,0.15,2.4
20260910,20,1,1800,4204,B1,福岡,44.0,53.0,5.06,29.49,5.19,31.48,12,33.51,18,15.79,4891,B1,東京,36.0,46.0,5.11,30.56,6.5,50.0,59,30.36,16,35.48,4484,B1,東京,36.0,49.0,4.72,21.05,6.2,40.0,58,34.48,45,34.62,4076,B1,静岡,48.0,52.0,4.78,25.0,4.65,23.53,62,24.68,32,32.35,5263,B1,福岡,27.0,51.0,3.87,13.95,3.18,4.55,9,31.91,22,23.33,4873,B1,佐賀,32.0,53.0,4.86,29.75,5.25,30.56,26,30.41,63,27.69,14.9,28.6,35.7,21.4,0.2,3.4,13.8,30.8,46.2,15.4,0.16,3.6,19.1,27.8,27.8,0.0,0.19,3.5,21.3,10.0,20.0,10.0,0.19,3.2,12.8,8.3,8.3,8.3,0.19,3.7,18.1,5.9,0.0,0.0,0.22,5.0,15.0,46.7,6.7,6.7,0.16,2.1,17.0,17.6,11.8,23.5,0.16,2.4,18.0,11.1,16.7,22.2,0.12,2.3,13.0,7.7,15.4,0.0,0.15,2.4,23.0,8.7,21.7,0.0,0.16,3.3,14.0,7.1,14.3,0.0,0.21,4.7,15.0,41.7,25.0,8.3,0.18,3.4,17.5,7.1,21.4,35.7,0.22,3.7,17.5,21.4,21.4,14.3,0.23,3.7,16.2,15.4,23.1,0.0,0.17,3.5,18.8,6.7,46.7,0.0,0.23,4.5,15.0,8.3,8.3,0.0,0.23,4.8,17.5,62.5,25.0,0.0,0.18,3.6,14.6,10.0,25.0,25.0,0.17,4.2,19.0,7.7,26.9,26.9,0.19,3.8,16.1,4.5,18.2,31.8,0.22,4.5,19.0,15.4,23.1,0.0,0.23,4.8,13.9,5.3,15.8,0.0,0.27,5.4,12.7,46.2,7.7,15.4,0.14,2.8,18.6,5.3,26.3,10.5,0.17,3.9,18.6,26.3,31.6,0.0,0.17,3.6,19.6,15.0,10.0,25.0,0.16,3.0,17.6,11.1,27.8,0.0,0.19,2.9,12.7,15.4,0.0,0.0,0.2,3.5,19.5,40.0,16.0,8.0,0.19,3.8,16.4,19.0,9.5,14.3,0.17,3.7,19.5,12.0,16.0,28.0,0.21,3.7,17.2,4.5,22.7,22.7,0.21,3.9,15.6,10.0,10.0,0.0,0.19,4.2,11.7,13.3,13.3,0.0,0.22,5.1
20260910,20,2,1800,3880,B1,埼玉,53.0,55.0,4.15,16.67,4.22,22.22,29,26.67,60,37.93,3175,B1,東京,62.0,49.0,4.51,23.46,0.0,0.0,55,20.65,56,23.44,5373,B2,岡山,23.0,45.0,3.09,5.8,0.0,0.0,37,28.81,25,39.71,4043,A2,三重,47.0,55.0,5.89,40.35,7.11,50.0,22,36.31,29,24.59,5382,B1,福岡,21.0,51.0,1.9,1.15,2.07,3.45,23,40.11,61,32.35,4529,A1,香川,37.0,55.0,5.51,36.05,5.47,32.35,30,30.11,38,31.34,15.8,33.3,20.0,6.7,0.17,2.8,15.8,20.0,20.0,0.0,0.23,3.8,16.8,12.5,12.5,25.0,0.18,3.8,17.9,5.9,11.8,11.8,0.19,3.9,16.8,18.8,6.2,25.0,0.19,3.5,16.8,6.2,18.8,0.0,0.2,4.9,12.1,9.1,36.4,18.2,0.18,3.5,20.9,10.5,21.1,42.1,0.17,3.3,17.6,6.2,18.8,18.8,0.16,3.2,17.6,6.2,18.8,25.0,0.15,2.3,18.7,5.9,23.5,0.0,0.16,3.0,13.2,8.3,8.3,0.0,0.21,3.7,0.0,0.0,0.0,0.0,0.0,0.0,0.0,0.0,0.0,0.0,0.0,0.0,0.0,0.0,0.0,0.0,0.0,0.0,37.5,5.6,0.0,0.0,0.22,4.7,29.2,28.6,0.0,0.0,0.23,4.6,33.3,6.2,0.0,0.0,0.16,3.4,21.8,45.5,18.2,22.7,0.17,3.0,15.8,6.2,31.2,18.8,0.17,3.6,16.8,17.6,17.6,29.4,0.17,3.2,16.8,5.9,11.8,35.3,0.15,3.7,16.8,11.8,5.9,23.5,0.16,3.7,11.9,8.3,16.7,0.0,0.21,4.1,0.0,0.0,0.0,0.0,0.0,0.0,0.0,0.0,0.0,0.0,0.0,0.0,1.5,0.0,0.0,0.0,0.17,6.0,26.9,5.6,5.6,5.6,0.16,3.2,32.8,13.6,0.0,0.0,0.16,3.7,38.8,3.8,3.8,0.0,0.18,3.6,18.6,68.4,15.8,10.5,0.12,1.7,15.7,6.2,43.8,25.0,0.12,2.4,14.7,26.7,26.7,20.0,0.12,2.2,15.7,18.8,12.5,43.8,0.15,3.1,20.6,4.8,28.6,14.3,0.15,3.1,14.7,13.3,26.7,0.0,0.17,3.3
20260910,20,3,1800,3362,B1,三重,57.0,53.0,5.1,33.67,6.27,42.31,53,31.61,69,26.15,4357,A1,大阪,42.0,53.0,6.53,50.43,7.35,61.54,61,34.41,65,20.69,4085,B1,東京,46.0,53.0,5.33,37.5,3.92,15.38,27,26.16,73,28.57,4424,A2,福岡,41.0,50.0,5.44,34.21,6.09,41.46,15,33.71,11,29.41,3539,B1,山口,58.0,52.0,4.53,22.68,4.94,38.89,10,24.16,14,20.37,5429,B2,佐賀,23.0,55.0,1.12,0.0,0.0,0.0,8,29.73,50,26.32,17.7,47.1,23.5,23.5,0.18,3.3,38.5,5.4,37.8,16.2,0.21,4.1,26.0,4.0,16.0,8.0,0.19,3.9,17.7,11.8,23.5,5.9,0.2,3.8,0.0,0.0,0.0,0.0,0.0,0.0,0.0,0.0,0.0,0.0,0.0,0.0,23.4,70.0,10.0,10.0,0.15,2.9,21.9,25.0,39.3,7.1,0.19,4.0,14.8,36.8,10.5,21.1,0.18,2.5,15.6,25.0,20.0,30.0,0.16,3.4,13.3,17.6,35.3,35.3,0.2,4.0,10.9,14.3,28.6,0.0,0.22,4.1,13.7,30.0,40.0,10.0,0.18,2.8,16.4,16.7,25.0,16.7,0.23,4.8,12.3,11.1,22.2,22.2,0.16,3.0,16.4,16.7,16.7,0.0,0.21,4.2,16.4,8.3,50.0,0.0,0.21,4.2,24.7,5.6,11.1,22.2,0.22,4.8,19.9,88.9,3.7,0.0,0.15,3.1,19.1,26.9,26.9,15.4,0.17,3.1,16.9,13.0,26.1,26.1,0.15,3.0,19.1,7.7,7.7,30.8,0.17,3.5,11.8,6.2,18.8,25.0,0.15,2.6,13.2,11.1,33.3,0.0,0.17,2.7,14.5,25.0,18.8,18.8,0.16,2.9,18.2,5.0,20.0,15.0,0.18,3.7,22.7,20.0,8.0,0.0,0.18,4.2,22.7,8.0,4.0,20.0,0.2,4.0,14.5,12.5,0.0,0.0,0.18,4.5,7.3,0.0,0.0,0.0,0.24,5.3,0.0,0.0,0.0,0.0,0.0,0.0,0.0,0.0,0.0,0.0,0.0,0.0,0.0,0.0,0.0,0.0,0.0,0.0,0.0,0.0,0.0,0.0,0.0,0.0,3.1,0.0,0.0,0.0,0.22,3.5,96.9,0.0,0.0,0.0,0.22,4.8
20260910,20,4,1800,4462,B1,大阪,40.0,59.0,4.66,28.36,5.82,41.18,4,35.39,52,22.73,4518,A1,愛知,39.0,52.0,6.4,48.61,5.5,33.33,16,29.48,46,29.51,5316,B1,静岡,25.0,52.0,5.2,32.89,0.0,0.0,18,32.16,68,35.48,4034,B1,香川,47.0,55.0,4.04,22.22,5.11,36.11,13,31.46,55,33.87,4230,A2,埼玉,43.0,55.0,6.2,47.37,5.68,45.45,32,35.98,74,29.41,3999,A2,愛知,47.0,45.0,6.33,49.12,5.52,44.44,33,29.84,59,22.64,16.7,64.3,7.1,14.3,0.14,1.9,19.0,18.8,37.5,12.5,0.16,3.0,13.1,9.1,36.4,9.1,0.15,2.5,21.4,5.6,16.7,22.2,0.16,2.7,16.7,7.1,14.3,0.0,0.13,3.2,13.1,9.1,18.2,0.0,0.2,4.5,21.7,67.9,17.9,0.0,0.13,2.3,14.7,26.3,31.6,10.5,0.2,3.6,24.0,29.0,29.0,25.8,0.17,3.1,14.0,11.1,38.9,27.8,0.16,3.2,14.7,26.3,21.1,21.1,0.16,2.8,10.9,14.3,21.4,0.0,0.2,4.4,15.3,53.3,6.7,6.7,0.17,2.7,17.3,35.3,23.5,0.0,0.16,3.1,21.4,9.5,23.8,28.6,0.14,2.5,17.3,5.9,29.4,23.5,0.13,2.4,13.3,7.7,23.1,23.1,0.16,2.6,15.3,6.7,26.7,0.0,0.16,3.7,12.2,36.4,27.3,9.1,0.16,3.9,18.9,5.9,23.5,0.0,0.22,5.1,17.8,6.2,0.0,0.0,0.22,4.3,16.7,6.7,13.3,0.0,0.23,5.0,22.2,10.0,5.0,0.0,0.22,4.6,12.2,0.0,0.0,0.0,0.24,5.3,18.8,66.7,13.3,6.7,0.16,3.1,12.5,30.0,40.0,10.0,0.17,4.2,18.8,46.7,20.0,20.0,0.11,1.5,17.5,21.4,28.6,21.4,0.17,2.8,18.8,33.3,13.3,0.0,0.16,3.0,13.8,9.1,9.1,9.1,0.19,4.3,21.0,63.3,13.3,13.3,0.14,2.6,15.4,54.5,4.5,0.0,0.17,3.4,18.2,15.4,30.8,11.5,0.16,2.7,14.7,14.3,9.5,33.3,0.15,2.8,14.7,4.8,19.0,23.8,0.17,2.9,16.1,4.3,21.7,0.0,0.16,3.6
20260910,20,5,1800,4209,A2,静岡,43.0,56.0,6.16,39.18,5.22,31.11,41,34.04,12,32.76,4296,A2,福岡,39.0,51.0,6.37,44.07,6.76,53.75,45,35.29,15,40.98,5248,B1,静岡,24.0,47.0,5.42,37.36,3.94,22.58,36,31.11,49,24.0,3833,A2,福井,52.0,55.0,6.4,50.47,5.94,40.0,34,38.14,51,35.94,5033,B1,愛知,28.0,57.0,4.4,26.39,4.0,0.0,28,31.95,21,36.84,5219,B1,福岡,25.0,52.0,5.27,37.63,5.47,35.29,60,32.2,36,38.46,19.3,42.9,19.0,14.3,0.18,3.4,17.4,36.8,10.5,0.0,0.16,3.8,15.6,17.6,29.4,23.5,0.19,3.3,15.6,5.9,29.4,29.4,0.18,2.6,20.2,4.5,9.1,27.3,0.18,3.6,11.9,38.5,0.0,0.0,0.18,3.8,23.8,60.0,25.0,5.0,0.13,2.0,13.1,18.2,45.5,9.1,0.14,3.2,14.3,16.7,33.3,33.3,0.15,2.8,16.7,7.1,35.7,35.7,0.13,2.6,19.0,6.2,6.2,25.0,0.16,3.2,13.1,27.3,18.2,0.0,0.13,3.5,10.8,10.0,10.0,40.0,0.25,5.4,18.3,5.9,35.3,41.2,0.18,4.0,15.1,7.1,21.4,35.7,0.21,3.6,8.6,12.5,0.0,0.0,0.24,3.9,23.7,9.1,9.1,22.7,0.2,3.6,23.7,13.6,9.1,0.0,0.16,3.5,21.9,63.6,18.2,6.1,0.11,1.8,17.2,26.9,34.6,15.4,0.13,2.2,17.9,11.1,25.9,29.6,0.15,2.6,18.5,17.9,32.1,0.0,0.13,2.7,15.2,4.3,21.7,17.4,0.13,2.6,9.3,14.3,7.1,0.0,0.13,2.7,13.1,45.5,27.3,9.1,0.17,3.1,16.7,14.3,14.3,21.4,0.16,2.8,17.9,20.0,13.3,6.7,0.18,4.0,20.2,17.6,0.0,0.0,0.18,3.4,16.7,21.4,7.1,0.0,0.18,3.6,15.5,7.7,15.4,0.0,0.19,3.8,13.9,63.6,18.2,0.0,0.19,3.7,16.5,23.1,23.1,0.0,0.2,4.5,20.3,18.8,12.5,25.0,0.21,4.4,16.5,7.7,15.4,23.1,0.21,4.0,15.2,8.3,8.3,0.0,0.19,3.3,17.7,14.3,0.0,0.0,0.18,3.9
20260910,20,6,1800,4009,A2,山口,47.0,58.0,5.61,41.11,5.82,42.42,39,37.23,47,35.19,4274,B1,東京,44.0,52.0,4.64,27.72,4.03,17.5,2,31.28,67,45.9,5014,B1,佐賀,28.0,54.0,4.34,27.12,4.92,26.32,57,30.06,57,36.51,4273,B1,静岡,44.0,53.0,4.96,28.42,5.98,40.0,44,33.86,28,18.75,4373,A1,岡山,38.0,46.0,6.25,41.18,6.21,42.11,50,33.15,27,35.82,3737,A1,広島,52.0,52.0,6.97,49.44,7.0,42.86,54,29.94,64,33.96,21.2,66.7,4.8,19.0,0.12,1.6,17.2,5.9,17.6,23.5,0.12,1.9,16.2,12.5,12.5,31.2,0.12,2.3,21.2,14.3,9.5,33.3,0.13,2.7,12.1,8.3,8.3,16.7,0.13,2.1,12.1,16.7,0.0,0.0,0.14,3.5,13.8,30.8,23.1,7.7,0.14,3.1,13.8,15.4,15.4,30.8,0.2,3.6,21.3,5.0,20.0,20.0,0.15,2.4,17.0,12.5,25.0,0.0,0.15,3.1,17.0,6.2,6.2,37.5,0.15,3.4,17.0,6.2,6.2,0.0,0.18,3.6,14.4,42.9,28.6,14.3,0.13,1.5,15.5,6.7,46.7,33.3,0.13,2.9,17.5,11.8,17.6,0.0,0.14,2.8,19.6,5.3,21.1,31.6,0.12,2.7,17.5,17.6,5.9,5.9,0.12,2.6,15.5,6.7,6.7,0.0,0.19,4.1,16.2,64.7,11.8,11.8,0.18,3.6,18.1,15.8,21.1,21.1,0.18,3.6,16.2,11.8,17.6,29.4,0.2,3.8,15.2,31.2,0.0,0.0,0.2,4.6,18.1,15.8,21.1,0.0,0.2,3.8,16.2,11.8,0.0,0.0,0.19,4.6,25.4,61.8,17.6,14.7,0.15,2.3,14.9,15.0,50.0,20.0,0.19,3.3,16.4,9.1,22.7,40.9,0.15,3.2,17.9,8.3,20.8,33.3,0.18,3.8,11.2,20.0,0.0,0.0,0.21,4.4,14.2,15.8,42.1,0.0,0.2,4.3,20.7,72.0,12.0,12.0,0.14,3.2,19.0,26.1,39.1,17.4,0.16,3.4,17.4,38.1,23.8,4.8,0.16,2.7,13.2,6.2,50.0,0.0,0.18,3.7,15.7,10.5,15.8,42.1,0.18,4.4,14.0,5.9,17.6,0.0,0.2,4.6
20260910,20,7,1800,4551,A2,福岡,37.0,54.0,5.63,38.6,4.97,23.33,3,32.22,42,33.33,4094,B1,福岡,45.0,53.0,4.73,27.71,4.76,24.49,56,20.89,35,27.12,4600,A1,広島,41.0,52.0,6.31,47.44,6.17,38.89,25,38.46,58,21.88,5373,B2,岡山,23.0,45.0,3.09,5.8,0.0,0.0,37,28.81,25,39.71,5429,B2,佐賀,23.0,55.0,1.12,0.0,0.0,0.0,8,29.73,50,26.32,4014,A2,山口,46.0,48.0,5.6,38.3,5.1,25.0,11,25.99,24,31.25,17.9,42.9,38.1,19.0,0.18,3.6,15.4,16.7,27.8,11.1,0.15,3.6,16.2,21.1,21.1,31.6,0.18,3.3,14.5,11.8,41.2,5.9,0.15,3.5,17.1,10.0,25.0,25.0,0.16,3.4,18.8,9.1,36.4,0.0,0.18,3.6,15.0,41.7,33.3,0.0,0.16,2.7,20.0,31.2,25.0,0.0,0.19,3.9,12.5,20.0,10.0,0.0,0.19,3.8,20.0,6.2,25.0,0.0,0.18,3.1,20.0,18.8,0.0,0.0,0.18,3.7,12.5,10.0,0.0,0.0,0.23,4.9,22.8,73.1,11.5,3.8,0.11,1.6,19.3,18.2,50.0,18.2,0.13,3.0,11.4,30.8,23.1,30.8,0.11,2.2,16.7,10.5,31.6,47.4,0.11,1.9,17.5,30.0,20.0,0.0,0.14,3.1,12.3,14.3,35.7,0.0,0.14,2.8,0.0,0.0,0.0,0.0,0.0,0.0,0.0,0.0,0.0,0.0,0.0,0.0,0.0,0.0,0.0,0.0,0.0,0.0,37.5,5.6,0.0,0.0,0.22,4.7,29.2,28.6,0.0,0.0,0.23,4.6,33.3,6.2,0.0,0.0,0.16,3.4,0.0,0.0,0.0,0.0,0.0,0.0,0.0,0.0,0.0,0.0,0.0,0.0,0.0,0.0,0.0,0.0,0.0,0.0,0.0,0.0,0.0,0.0,0.0,0.0,3.1,0.0,0.0,0.0,0.22,3.5,96.9,0.0,0.0,0.0,0.22,4.8,18.6,68.4,15.8,5.3,0.14,2.7,15.7,12.5,25.0,18.8,0.16,3.3,22.5,8.7,39.1,17.4,0.18,3.4,17.6,11.1,5.6,11.1,0.17,4.1,13.7,7.1,21.4,21.4,0.16,3.5,11.8,8.3,0.0,0.0,0.2,4.4
20260910,20,8,1800,4518,A1,愛知,39.0,52.0,6.4,48.61,5.5,33.33,16,29.48,46,29.51,4816,A2,広島,35.0,55.0,5.64,38.46,6.23,45.45,7,28.81,33,26.42,4424,A2,福岡,41.0,50.0,5.44,34.21,6.09,41.46,15,33.71,11,29.41,5263,B1,福岡,27.0,51.0,3.87,13.95,3.18,4.55,9,31.91,22,23.33,3880,B1,埼玉,53.0,55.0,4.15,16.67,4.22,22.22,29,26.67,60,37.93,4396,B1,山口,40.0,53.0,4.79,25.51,5.02,25.86,38,33.52,75,31.75,21.7,67.9,17.9,0.0,0.13,2.3,14.7,26.3,31.6,10.5,0.2,3.6,24.0,29.0,29.0,25.8,0.17,3.1,14.0,11.1,38.9,27.8,0.16,3.2,14.7,26.3,21.1,21.1,0.16,2.8,10.9,14.3,21.4,0.0,0.2,4.4,17.3,58.8,17.6,11.8,0.13,2.7,14.3,14.3,42.9,14.3,0.12,2.4,20.4,5.0,25.0,25.0,0.14,3.2,17.3,17.6,17.6,11.8,0.16,3.1,16.3,6.2,12.5,12.5,0.18,3.5,14.3,14.3,28.6,0.0,0.21,3.9,19.9,88.9,3.7,0.0,0.15,3.1,19.1,26.9,26.9,15.4,0.17,3.1,16.9,13.0,26.1,26.1,0.15,3.0,19.1,7.7,7.7,30.8,0.17,3.5,11.8,6.2,18.8,25.0,0.15,2.6,13.2,11.1,33.3,0.0,0.17,2.7,12.7,46.2,7.7,15.4,0.14,2.8,18.6,5.3,26.3,10.5,0.17,3.9,18.6,26.3,31.6,0.0,0.17,3.6,19.6,15.0,10.0,25.0,0.16,3.0,17.6,11.1,27.8,0.0,0.19,2.9,12.7,15.4,0.0,0.0,0.2,3.5,15.8,33.3,20.0,6.7,0.17,2.8,15.8,20.0,20.0,0.0,0.23,3.8,16.8,12.5,12.5,25.0,0.18,3.8,17.9,5.9,11.8,11.8,0.19,3.9,16.8,18.8,6.2,25.0,0.19,3.5,16.8,6.2,18.8,0.0,0.2,4.9,18.6,38.1,28.6,19.0,0.2,4.1,15.9,33.3,27.8,0.0,0.19,3.9,17.7,10.0,20.0,5.0,0.17,3.0,17.7,20.0,25.0,0.0,0.2,4.3,13.3,6.7,6.7,0.0,0.18,4.1,16.8,5.3,5.3,26.3,0.24,4.9
20260910,20,9,1800,5085,A2,福井,27.0,53.0,5.17,33.33,5.75,25.0,31,33.33,20,29.51,5219,B1,福岡,25.0,52.0,5.27,37.63,5.47,35.29,60,32.2,36,38.46,3362,B1,三重,57.0,53.0,5.1,33.67,6.27,42.31,53,31.61,69,26.15,3388,A1,福井,56.0,53.0,6.51,45.68,5.19,23.81,1,26.74,31,36.36,4484,B1,東京,36.0,49.0,4.72,21.05,6.2,40.0,58,34.48,45,34.62,5468,B2,福岡,19.0,53.0,1.32,0.0,0.0,0.0,43,34.59,40,20.34,14.3,41.7,33.3,0.0,0.17,3.4,15.5,7.7,23.1,38.5,0.24,4.6,22.6,21.1,31.6,31.6,0.21,3.3,15.5,7.7,38.5,0.0,0.22,4.4,19.0,31.2,12.5,0.0,0.2,4.6,13.1,36.4,0.0,0.0,0.28,5.3,13.9,63.6,18.2,0.0,0.19,3.7,16.5,23.1,23.1,0.0,0.2,4.5,20.3,18.8,12.5,25.0,0.21,4.4,16.5,7.7,15.4,23.1,0.21,4.0,15.2,8.3,8.3,0.0,0.19,3.3,17.7,14.3,0.0,0.0,0.18,3.9,17.7,47.1,23.5,23.5,0.18,3.3,38.5,5.4,37.8,16.2,0.21,4.1,26.0,4.0,16.0,8.0,0.19,3.9,17.7,11.8,23.5,5.9,0.2,3.8,0.0,0.0,0.0,0.0,0.0,0.0,0.0,0.0,0.0,0.0,0.0,0.0,22.4,77.3,13.6,9.1,0.13,2.5,15.3,26.7,33.3,13.3,0.18,3.2,18.4,5.6,11.1,5.6,0.16,3.9,15.3,40.0,20.0,13.3,0.19,3.3,17.3,35.3,11.8,17.6,0.15,3.0,11.2,18.2,27.3,0.0,0.17,4.4,15.0,41.7,25.0,8.3,0.18,3.4,17.5,7.1,21.4,35.7,0.22,3.7,17.5,21.4,21.4,14.3,0.23,3.7,16.2,15.4,23.1,0.0,0.17,3.5,18.8,6.7,46.7,0.0,0.23,4.5,15.0,8.3,8.3,0.0,0.23,4.8,0.0,0.0,0.0,0.0,0.0,0.0,0.0,0.0,0.0,0.0,0.0,0.0,0.0,0.0,0.0,0.0,0.0,0.0,0.0,0.0,0.0,0.0,0.0,0.0,0.0,0.0,0.0,0.0,0.0,0.0,0.0,0.0,0.0,0.0,0.0,0.0
20260910,20,10,1800,4043,A2,三重,47.0,55.0,5.89,40.35,7.11,50.0,22,36.31,29,24.59,4873,B1,佐賀,32.0,53.0,4.86,29.75,5.25,30.56,26,30.41,63,27.69,4296,A2,福岡,39.0,51.0,6.37,44.07,6.76,53.75,45,35.29,15,40.98,4230,A2,埼玉,43.0,55.0,6.2,47.37,5.68,45.45,32,35.98,74,29.41,4085,B1,東京,46.0,53.0,5.33,37.5,3.92,15.38,27,26.16,73,28.57,4274,B1,東京,44.0,52.0,4.64,27.72,4.03,17.5,2,31.28,67,45.9,21.8,45.5,18.2,22.7,0.17,3.0,15.8,6.2,31.2,18.8,0.17,3.6,16.8,17.6,17.6,29.4,0.17,3.2,16.8,5.9,11.8,35.3,0.15,3.7,16.8,11.8,5.9,23.5,0.16,3.7,11.9,8.3,16.7,0.0,0.21,4.1,19.5,40.0,16.0,8.0,0.19,3.8,16.4,19.0,9.5,14.3,0.17,3.7,19.5,12.0,16.0,28.0,0.21,3.7,17.2,4.5,22.7,22.7,0.21,3.9,15.6,10.0,10.0,0.0,0.19,4.2,11.7,13.3,13.3,0.0,0.22,5.1,23.8,60.0,25.0,5.0,0.13,2.0,13.1,18.2,45.5,9.1,0.14,3.2,14.3,16.7,33.3,33.3,0.15,2.8,16.7,7.1,35.7,35.7,0.13,2.6,19.0,6.2,6.2,25.0,0.16,3.2,13.1,27.3,18.2,0.0,0.13,3.5,18.8,66.7,13.3,6.7,0.16,3.1,12.5,30.0,40.0,10.0,0.17,4.2,18.8,46.7,20.0,20.0,0.11,1.5,17.5,21.4,28.6,21.4,0.17,2.8,18.8,33.3,13.3,0.0,0.16,3.0,13.8,9.1,9.1,9.1,0.19,4.3,13.7,30.0,40.0,10.0,0.18,2.8,16.4,16.7,25.0,16.7,0.23,4.8,12.3,11.1,22.2,22.2,0.16,3.0,16.4,16.7,16.7,0.0,0.21,4.2,16.4,8.3,50.0,0.0,0.21,4.2,24.7,5.6,11.1,22.2,0.22,4.8,13.8,30.8,23.1,7.7,0.14,3.1,13.8,15.4,15.4,30.8,0.2,3.6,21.3,5.0,20.0,20.0,0.15,2.4,17.0,12.5,25.0,0.0,0.15,3.1,17.0,6.2,6.2,37.5,0.15,3.4,17.0,6.2,6.2,0.0,0.18,3.6
20260910,20,11,1800,4357,A1,大阪,42.0,53.0,6.53,50.43,7.35,61.54,61,34.41,65,20.69,4034,B1,香川,47.0,55.0,4.04,22.22,5.11,36.11,13,31.46,55,33.87,4551,A2,福岡,37.0,54.0,5.63,38.6,4.97,23.33,3,32.22,42,33.33,4529,A1,香川,37.0,55.0,5.51,36.05,5.47,32.35,30,30.11,38,31.34,4204,B1,福岡,44.0,53.0,5.06,29.49,5.19,31.48,12,33.51,18,15.79,3833,A2,福井,52.0,55.0,6.4,50.47,5.94,40.0,34,38.14,51,35.94,23.4,70.0,10.0,10.0,0.15,2.9,21.9,25.0,39.3,7.1,0.19,4.0,14.8,36.8,10.5,21.1,0.18,2.5,15.6,25.0,20.0,30.0,0.16,3.4,13.3,17.6,35.3,35.3,0.2,4.0,10.9,14.3,28.6,0.0,0.22,4.1,12.2,36.4,27.3,9.1,0.16,3.9,18.9,5.9,23.5,0.0,0.22,5.1,17.8,6.2,0.0,0.0,0.22,4.3,16.7,6.7,13.3,0.0,0.23,5.0,22.2,10.0,5.0,0.0,0.22,4.6,12.2,0.0,0.0,0.0,0.24,5.3,17.9,42.9,38.1,19.0,0.18,3.6,15.4,16.7,27.8,11.1,0.15,3.6,16.2,21.1,21.1,31.6,0.18,3.3,14.5,11.8,41.2,5.9,0.15,3.5,17.1,10.0,25.0,25.0,0.16,3.4,18.8,9.1,36.4,0.0,0.18,3.6,18.6,68.4,15.8,10.5,0.12,1.7,15.7,6.2,43.8,25.0,0.12,2.4,14.7,26.7,26.7,20.0,0.12,2.2,15.7,18.8,12.5,43.8,0.15,3.1,20.6,4.8,28.6,14.3,0.15,3.1,14.7,13.3,26.7,0.0,0.17,3.3,14.9,28.6,35.7,21.4,0.2,3.4,13.8,30.8,46.2,15.4,0.16,3.6,19.1,27.8,27.8,0.0,0.19,3.5,21.3,10.0,20.0,10.0,0.19,3.2,12.8,8.3,8.3,8.3,0.19,3.7,18.1,5.9,0.0,0.0,0.22,5.0,21.9,63.6,18.2,6.1,0.11,1.8,17.2,26.9,34.6,15.4,0.13,2.2,17.9,11.1,25.9,29.6,0.15,2.6,18.5,17.9,32.1,0.0,0.13,2.7,15.2,4.3,21.7,17.4,0.13,2.6,9.3,14.3,7.1,0.0,0.13,2.7
20260910,20,12,1800,4373,A1,岡山,38.0,46.0,6.25,41.18,6.21,42.11,50,33.15,27,35.82,4014,A2,山口,46.0,48.0,5.6,38.3,5.1,25.0,11,25.99,24,31.25,3999,A2,愛知,47.0,45.0,6.33,49.12,5.52,44.44,33,29.84,59,22.64,3175,B1,東京,62.0,49.0,4.51,23.46,0.0,0.0,55,20.65,56,23.44,5248,B1,静岡,24.0,47.0,5.42,37.36,3.94,22.58,36,31.11,49,24.0,4891,B1,東京,36.0,46.0,5.11,30.56,6.5,50.0,59,30.36,16,35.48,25.4,61.8,17.6,14.7,0.15,2.3,14.9,15.0,50.0,20.0,0.19,3.3,16.4,9.1,22.7,40.9,0.15,3.2,17.9,8.3,20.8,33.3,0.18,3.8,11.2,20.0,0.0,0.0,0.21,4.4,14.2,15.8,42.1,0.0,0.2,4.3,18.6,68.4,15.8,5.3,0.14,2.7,15.7,12.5,25.0,18.8,0.16,3.3,22.5,8.7,39.1,17.4,0.18,3.4,17.6,11.1,5.6,11.1,0.17,4.1,13.7,7.1,21.4,21.4,0.16,3.5,11.8,8.3,0.0,0.0,0.2,4.4,21.0,63.3,13.3,13.3,0.14,2.6,15.4,54.5,4.5,0.0,0.17,3.4,18.2,15.4,30.8,11.5,0.16,2.7,14.7,14.3,9.5,33.3,0.15,2.8,14.7,4.8,19.0,23.8,0.17,2.9,16.1,4.3,21.7,0.0,0.16,3.6,12.1,9.1,36.4,18.2,0.18,3.5,20.9,10.5,21.1,42.1,0.17,3.3,17.6,6.2,18.8,18.8,0.16,3.2,17.6,6.2,18.8,25.0,0.15,2.3,18.7,5.9,23.5,0.0,0.16,3.0,13.2,8.3,8.3,0.0,0.21,3.7,10.8,10.0,10.0,40.0,0.25,5.4,18.3,5.9,35.3,41.2,0.18,4.0,15.1,7.1,21.4,35.7,0.21,3.6,8.6,12.5,0.0,0.0,0.24,3.9,23.7,9.1,9.1,22.7,0.2,3.6,23.7,13.6,9.1,0.0,0.16,3.5,15.0,46.7,6.7,6.7,0.16,2.1,17.0,17.6,11.8,23.5,0.16,2.4,18.0,11.1,16.7,22.2,0.12,2.3,13.0,7.7,15.4,0.0,0.15,2.4,23.0,8.7,21.7,0.0,0.16,3.3,14.0,7.1,14.3,0.0,0.21,4.7
20260910,17,1,1800,4732,A2,徳島,37.0,54.0,7.06,56.67,6.07,40.0,51,39.0,18,33.95,3637,B1,愛知,55.0,55.0,3.62,15.49,2.53,5.88,18,33.62,75,31.43,4952,B1,福岡,32.0,53.0,4.21,20.0,4.75,25.0,73,29.8,21,33.89,5249,B1,徳島,24.0,52.0,4.91,27.03,3.32,9.09,62,28.51,68,34.29,3920,B1,広島,51.0,53.0,4.47,29.41,5.78,40.38,66,38.39,69,29.73,5450,B2,大阪,23.0,52.0,2.06,2.08,0.0,0.0,37,43.04,58,36.36,19.2,75.0,16.7,4.2,0.12,2.1,17.6,18.2,31.8,22.7,0.11,3.0,13.6,17.6,29.4,23.5,0.12,1.9,15.2,5.3,10.5,21.1,0.11,2.8,21.6,18.5,25.9,0.0,0.12,2.6,12.8,6.2,25.0,0.0,0.13,2.5,15.4,28.6,21.4,21.4,0.15,3.0,18.7,5.9,17.6,17.6,0.21,4.5,19.8,5.6,33.3,11.1,0.18,4.0,17.6,6.2,25.0,12.5,0.19,3.5,15.4,7.1,0.0,0.0,0.19,3.6,13.2,16.7,0.0,0.0,0.18,4.3,10.8,50.0,12.5,12.5,0.16,2.8,20.3,33.3,13.3,0.0,0.18,3.5,18.9,7.1,7.1,28.6,0.15,2.9,17.6,7.7,0.0,0.0,0.22,4.7,20.3,0.0,0.0,0.0,0.2,3.9,12.2,0.0,0.0,0.0,0.2,5.3,17.9,42.1,15.8,21.1,0.17,3.1,17.0,11.1,27.8,33.3,0.13,2.9,14.2,33.3,20.0,13.3,0.17,2.9,15.1,12.5,25.0,0.0,0.17,2.8,15.1,6.2,6.2,18.8,0.15,2.8,20.8,9.1,4.5,9.1,0.18,3.4,20.2,40.0,35.0,10.0,0.18,3.8,32.3,6.2,15.6,12.5,0.18,3.5,26.3,7.7,19.2,26.9,0.18,3.2,20.2,5.0,10.0,30.0,0.15,2.7,1.0,0.0,0.0,0.0,0.14,3.0,0.0,0.0,0.0,0.0,0.0,0.0,0.0,0.0,0.0,0.0,0.0,0.0,0.0,0.0,0.0,0.0,0.0,0.0,0.0,0.0,0.0,0.0,0.0,0.0,0.0,0.0,0.0,0.0,0.0,0.0,0.0,0.0,0.0,0.0,0.0,0.0,0.0,0.0,0.0,0.0,0.0,0.0
20260910,17,2,1800,5236,B1,広島,27.0,53.0,4.55,25.0,3.8,20.0,80,29.41,36,33.06,3497,B1,埼玉,58.0,52.0,4.0,25.61,5.61,27.78,71,33.94,23,31.34,4461,B1,三重,40.0,58.0,4.51,22.58,4.0,8.33,78,29.58,24,33.48,5041,B1,福岡,27.0,51.0,4.88,29.17,5.92,37.5,21,40.82,77,35.15,3503,B1,埼玉,56.0,51.0,3.55,16.3,4.47,21.05,20,29.46,65,32.26,5452,B2,広島,20.0,53.0,1.16,0.0,1.18,0.0,19,34.82,27,35.21,11.3,15.4,38.5,15.4,0.14,2.5,21.7,20.0,16.0,0.0,0.17,3.4,17.4,10.0,20.0,25.0,0.14,2.6,20.0,13.0,4.3,17.4,0.18,3.7,13.0,13.3,0.0,0.0,0.17,3.5,16.5,10.5,0.0,0.0,0.19,4.5,16.1,73.3,13.3,6.7,0.14,2.6,17.2,12.5,18.8,12.5,0.2,4.3,20.4,21.1,26.3,15.8,0.16,3.2,19.4,22.2,5.6,38.9,0.17,3.4,16.1,13.3,13.3,0.0,0.15,3.1,10.8,0.0,0.0,0.0,0.19,3.9,14.6,14.3,14.3,14.3,0.18,3.6,16.7,25.0,37.5,0.0,0.18,3.6,19.8,15.8,5.3,36.8,0.15,3.1,16.7,12.5,6.2,31.2,0.17,3.3,16.7,6.2,25.0,0.0,0.18,3.4,15.6,13.3,0.0,0.0,0.17,4.1,13.5,30.0,30.0,0.0,0.17,3.8,14.9,9.1,9.1,9.1,0.2,3.3,16.2,25.0,25.0,33.3,0.19,4.8,16.2,25.0,16.7,0.0,0.18,3.3,17.6,7.7,23.1,0.0,0.19,3.9,21.6,6.2,12.5,0.0,0.22,4.8,14.4,23.1,30.8,7.7,0.14,2.6,20.0,16.7,22.2,0.0,0.17,3.2,15.6,7.1,7.1,21.4,0.18,3.4,21.1,5.3,10.5,15.8,0.14,2.8,15.6,14.3,0.0,0.0,0.18,3.3,13.3,0.0,0.0,0.0,0.17,3.7,0.0,0.0,0.0,0.0,0.0,0.0,0.0,0.0,0.0,0.0,0.0,0.0,0.0,0.0,0.0,0.0,0.0,0.0,0.0,0.0,0.0,0.0,0.0,0.0,0.0,0.0,0.0,0.0,0.0,0.0,0.0,0.0,0.0,0.0,0.0,0.0
20260910,17,3,1800,3381,B1,埼玉,58.0,55.0,5.17,32.18,4.67,30.56,32,41.63,20,28.85,3684,A2,山口,52.0,52.0,5.56,34.62,6.38,50.0,38,47.41,71,32.79,4969,B1,長崎,35.0,54.0,4.6,22.99,5.63,36.84,36,33.6,79,29.22,4832,A1,大阪,39.0,51.0,6.72,48.36,7.6,60.0,33,33.33,37,38.96,4428,A2,埼玉,40.0,53.0,6.04,39.25,7.16,56.25,34,35.68,73,34.17,4406,B1,福岡,41.0,53.0,4.21,18.63,4.78,27.59,23,32.61,29,43.37,14.9,46.7,26.7,13.3,0.15,2.7,17.8,5.6,22.2,11.1,0.15,2.9,17.8,11.1,11.1,11.1,0.17,3.4,22.8,13.0,30.4,13.0,0.15,2.8,17.8,5.6,16.7,11.1,0.14,2.6,8.9,22.2,11.1,0.0,0.15,3.4,18.4,42.1,36.8,15.8,0.14,2.2,16.5,23.5,17.6,29.4,0.16,3.5,17.5,5.6,33.3,22.2,0.16,3.4,18.4,10.5,47.4,10.5,0.17,3.8,14.6,6.7,20.0,13.3,0.21,4.4,14.6,6.7,0.0,0.0,0.25,5.8,14.8,61.5,15.4,0.0,0.14,1.8,15.9,28.6,28.6,0.0,0.16,3.7,17.0,20.0,53.3,0.0,0.19,4.2,14.8,7.7,38.5,0.0,0.2,4.3,25.0,13.6,13.6,0.0,0.19,3.8,12.5,0.0,0.0,0.0,0.21,4.6,20.6,79.3,13.8,3.4,0.13,2.5,17.7,32.0,20.0,12.0,0.14,2.6,16.3,17.4,26.1,26.1,0.14,2.9,14.9,23.8,33.3,23.8,0.14,2.3,17.0,16.7,33.3,0.0,0.14,3.4,13.5,15.8,31.6,0.0,0.16,4.3,18.8,90.9,4.5,4.5,0.12,2.1,16.2,10.5,31.6,21.1,0.14,3.0,17.1,5.0,35.0,15.0,0.15,2.4,14.5,11.8,23.5,5.9,0.16,3.6,17.1,25.0,25.0,0.0,0.16,2.9,16.2,21.1,15.8,0.0,0.14,3.1,13.9,46.7,20.0,6.7,0.16,3.9,12.0,30.8,7.7,15.4,0.16,2.8,16.7,16.7,11.1,11.1,0.15,3.2,16.7,16.7,16.7,0.0,0.14,3.3,15.7,11.8,29.4,0.0,0.18,3.7,25.0,3.7,11.1,0.0,0.16,3.1
20260910,17,4,1800,3662,B1,福岡,56.0,57.0,4.96,33.33,6.7,60.0,79,36.68,56,34.94,5035,A2,埼玉,28.0,53.0,5.45,36.79,0.0,0.0,13,27.5,51,37.21,3556,A1,大阪,53.0,55.0,6.76,52.29,7.5,64.71,60,37.85,39,33.33,4231,B1,愛知,43.0,56.0,5.4,33.91,5.34,34.21,82,32.02,61,34.35,4158,B1,山口,45.0,58.0,4.39,21.05,4.31,22.39,63,33.19,55,27.59,4241,A2,長崎,41.0,53.0,5.8,35.64,5.85,35.0,65,40.8,50,29.35,17.2,52.4,28.6,4.8,0.17,3.3,18.0,9.1,22.7,13.6,0.16,3.5,13.9,29.4,23.5,23.5,0.14,3.0,13.9,5.9,11.8,5.9,0.17,3.5,13.9,17.6,17.6,17.6,0.16,2.9,23.0,3.6,10.7,21.4,0.17,3.7,13.0,46.2,15.4,23.1,0.17,3.7,18.0,16.7,33.3,16.7,0.18,4.1,18.0,22.2,11.1,22.2,0.17,2.8,19.0,5.3,26.3,15.8,0.15,2.8,18.0,11.1,22.2,22.2,0.17,3.0,14.0,7.1,14.3,0.0,0.17,4.2,24.8,64.3,17.9,17.9,0.14,2.8,12.4,7.1,50.0,21.4,0.13,3.1,16.8,31.6,31.6,10.5,0.13,2.5,14.2,12.5,18.8,25.0,0.15,3.4,16.8,10.5,15.8,26.3,0.15,2.6,15.0,11.8,11.8,0.0,0.13,3.4,19.5,34.6,23.1,19.2,0.17,3.3,17.3,26.1,21.7,21.7,0.18,3.6,16.5,13.6,9.1,31.8,0.16,3.4,17.3,17.4,4.3,13.0,0.16,3.6,17.3,8.7,30.4,0.0,0.18,3.7,12.0,6.2,25.0,0.0,0.2,3.4,14.6,69.2,7.7,7.7,0.14,2.0,18.0,37.5,25.0,0.0,0.19,3.8,18.0,25.0,25.0,0.0,0.18,3.9,14.6,7.7,7.7,30.8,0.18,3.7,18.0,12.5,6.2,6.2,0.15,3.1,16.9,6.7,6.7,20.0,0.16,3.3,16.3,50.0,27.3,13.6,0.14,2.7,16.3,4.5,40.9,13.6,0.17,3.5,20.7,10.7,39.3,25.0,0.16,2.8,15.6,4.8,14.3,28.6,0.17,4.0,17.8,8.3,12.5,29.2,0.17,3.8,13.3,11.1,33.3,0.0,0.24,4.5
20260910,17,5,1800,3265,A2,福岡,61.0,52.0,5.98,44.05,6.8,53.52,39,32.49,76,35.37,5311,B1,山口,28.0,52.0,5.34,34.88,2.83,8.33,61,35.98,70,30.19,4593,A2,大阪,45.0,52.0,5.97,36.45,5.92,38.98,54,35.8,14,28.64,4302,A1,広島,43.0,52.0,6.6,53.27,6.45,45.2,67,31.97,34,29.78,3748,B1,埼玉,51.0,58.0,3.97,13.24,5.78,33.33,72,47.72,63,35.32,4650,B2,愛知,42.0,53.0,2.92,8.33,6.27,54.55,30,41.8,78,38.36,32.6,46.4,14.3,17.9,0.16,2.9,67.4,12.1,24.1,15.5,0.14,3.3,0.0,0.0,0.0,0.0,0.0,0.0,0.0,0.0,0.0,0.0,0.0,0.0,0.0,0.0,0.0,0.0,0.0,0.0,0.0,0.0,0.0,0.0,0.0,0.0,15.8,43.8,25.0,12.5,0.17,4.1,16.8,11.8,5.9,23.5,0.17,3.0,19.8,15.0,20.0,20.0,0.17,3.8,13.9,14.3,21.4,28.6,0.18,2.9,19.8,10.0,10.0,30.0,0.17,3.4,13.9,14.3,7.1,0.0,0.21,3.1,18.5,52.0,16.0,16.0,0.16,3.1,17.0,21.7,30.4,26.1,0.15,3.4,15.6,14.3,14.3,33.3,0.18,3.9,16.3,9.1,18.2,18.2,0.17,3.7,21.5,13.8,44.8,0.0,0.17,3.6,11.1,13.3,26.7,0.0,0.18,4.1,24.0,77.4,6.5,6.5,0.16,2.6,27.9,25.0,33.3,11.1,0.14,2.6,22.5,10.3,41.4,17.2,0.15,2.7,11.6,13.3,26.7,20.0,0.15,2.5,13.2,17.6,17.6,11.8,0.15,2.2,0.8,0.0,0.0,0.0,0.11,5.0,11.5,25.0,25.0,25.0,0.13,1.9,22.1,4.3,21.7,26.1,0.16,3.5,19.2,5.0,15.0,30.0,0.18,3.3,11.5,8.3,0.0,0.0,0.15,3.1,21.2,9.1,13.6,0.0,0.15,3.5,14.4,6.7,6.7,0.0,0.19,4.1,17.1,71.4,14.3,0.0,0.13,2.1,14.6,33.3,33.3,16.7,0.14,1.8,17.1,57.1,0.0,0.0,0.15,3.0,24.4,20.0,30.0,20.0,0.12,2.5,9.8,50.0,0.0,0.0,0.13,3.0,17.1,14.3,14.3,0.0,0.14,3.6
20260910,17,6,1800,4839,A2,徳島,36.0,53.0,6.21,46.28,6.16,48.39,15,35.27,17,40.64,4134,A2,東京,46.0,54.0,5.69,40.18,5.65,32.5,16,34.09,32,33.74,5249,B1,徳島,24.0,52.0,4.91,27.03,3.32,9.09,62,28.51,68,34.29,4601,A1,山口,41.0,56.0,7.05,58.18,6.61,41.07,25,37.25,53,31.89,5384,B2,長崎,21.0,52.0,1.68,1.18,1.0,0.0,24,36.4,35,36.89,4023,B1,福岡,49.0,52.0,3.79,18.52,5.25,25.0,59,29.91,22,33.07,20.0,50.0,15.0,0.0,0.13,2.7,19.0,26.3,26.3,21.1,0.13,2.4,15.0,13.3,33.3,13.3,0.16,3.0,15.0,6.7,26.7,26.7,0.15,2.6,18.0,11.1,27.8,0.0,0.19,3.7,13.0,7.7,30.8,0.0,0.14,3.7,19.3,54.5,18.2,4.5,0.13,2.5,14.9,5.9,23.5,35.3,0.16,3.6,17.5,30.0,30.0,10.0,0.16,2.9,19.3,9.1,27.3,22.7,0.15,3.5,15.8,5.6,27.8,11.1,0.15,3.4,13.2,20.0,26.7,0.0,0.2,4.7,17.9,42.1,15.8,21.1,0.17,3.1,17.0,11.1,27.8,33.3,0.13,2.9,14.2,33.3,20.0,13.3,0.17,2.9,15.1,12.5,25.0,0.0,0.17,2.8,15.1,6.2,6.2,18.8,0.15,2.8,20.8,9.1,4.5,9.1,0.18,3.4,21.5,79.3,17.2,0.0,0.14,2.1,17.8,16.7,50.0,12.5,0.11,2.4,15.6,19.0,28.6,19.0,0.12,2.4,17.0,8.7,34.8,21.7,0.13,2.3,14.1,5.3,5.3,26.3,0.13,2.6,14.1,10.5,10.5,10.5,0.15,3.4,1.3,0.0,0.0,0.0,0.28,6.0,1.3,0.0,0.0,0.0,0.58,6.0,12.0,0.0,0.0,0.0,0.2,4.8,17.3,0.0,0.0,0.0,0.23,4.9,17.3,0.0,0.0,0.0,0.25,5.3,50.7,2.6,2.6,0.0,0.21,4.8,12.0,45.5,18.2,18.2,0.19,3.5,21.7,20.0,15.0,0.0,0.18,3.6,15.2,7.1,14.3,28.6,0.16,3.2,16.3,13.3,0.0,0.0,0.15,3.9,20.7,5.3,15.8,10.5,0.19,3.3,14.1,0.0,0.0,0.0,0.17,4.5
20260910,17,7,1800,4808,A2,三重,38.0,50.0,6.4,46.85,5.17,30.56,53,32.61,80,29.13,3503,B1,埼玉,56.0,51.0,3.55,16.3,4.47,21.05,20,29.46,65,32.26,4201,B1,埼玉,44.0,54.0,4.33,22.02,4.74,30.43,58,39.48,15,30.89,3333,A1,徳島,58.0,53.0,6.5,48.21,7.0,54.55,27,30.77,81,31.18,5450,B2,大阪,23.0,52.0,2.06,2.08,0.0,0.0,37,43.04,58,36.36,4574,A2,広島,37.0,52.0,5.1,34.29,5.59,39.56,52,35.06,26,27.78,19.0,73.7,5.3,5.3,0.15,2.6,18.0,11.1,22.2,27.8,0.15,3.5,13.0,23.1,15.4,23.1,0.16,3.2,19.0,5.3,5.3,21.1,0.16,3.9,13.0,15.4,30.8,0.0,0.17,4.3,18.0,5.6,16.7,0.0,0.2,4.4,14.4,23.1,30.8,7.7,0.14,2.6,20.0,16.7,22.2,0.0,0.17,3.2,15.6,7.1,7.1,21.4,0.18,3.4,21.1,5.3,10.5,15.8,0.14,2.8,15.6,14.3,0.0,0.0,0.18,3.3,13.3,0.0,0.0,0.0,0.17,3.7,13.6,22.2,11.1,0.0,0.21,3.9,24.2,6.2,12.5,25.0,0.2,3.6,12.1,12.5,0.0,0.0,0.19,3.6,19.7,15.4,15.4,0.0,0.14,3.0,18.2,8.3,8.3,16.7,0.17,3.4,12.1,12.5,0.0,0.0,0.2,4.6,23.1,70.0,16.7,0.0,0.12,2.1,13.1,17.6,23.5,17.6,0.15,3.6,14.6,15.8,42.1,15.8,0.16,2.6,20.0,11.5,19.2,15.4,0.16,3.2,18.5,8.3,12.5,29.2,0.17,3.1,10.8,14.3,28.6,0.0,0.16,3.1,0.0,0.0,0.0,0.0,0.0,0.0,0.0,0.0,0.0,0.0,0.0,0.0,0.0,0.0,0.0,0.0,0.0,0.0,0.0,0.0,0.0,0.0,0.0,0.0,0.0,0.0,0.0,0.0,0.0,0.0,0.0,0.0,0.0,0.0,0.0,0.0,17.0,56.2,6.2,6.2,0.17,3.5,14.9,14.3,21.4,21.4,0.18,3.9,20.2,21.1,21.1,31.6,0.16,3.4,17.0,6.2,18.8,25.0,0.15,3.5,16.0,20.0,26.7,0.0,0.2,4.4,14.9,14.3,21.4,0.0,0.18,4.2
20260910,17,8,1800,4332,B1,福岡,42.0,58.0,4.26,18.06,4.45,13.64,11,39.41,54,28.25,3920,B1,広島,51.0,53.0,4.47,29.41,5.78,40.38,66,38.39,69,29.73,4637,A2,埼玉,36.0,57.0,5.77,40.63,5.8,45.0,70,32.11,66,34.62,4406,B1,福岡,41.0,53.0,4.21,18.63,4.78,27.59,23,32.61,29,43.37,4514,A1,大阪,36.0,53.0,6.59,54.69,6.46,48.72,17,38.84,57,35.78,3497,B1,埼玉,58.0,52.0,4.0,25.61,5.61,27.78,71,33.94,23,31.34,11.1,60.0,20.0,0.0,0.16,4.2,15.6,21.4,35.7,0.0,0.18,3.7,22.2,10.0,10.0,20.0,0.18,3.3,18.9,11.8,17.6,0.0,0.23,4.8,17.8,6.2,18.8,0.0,0.22,4.8,14.4,7.7,15.4,0.0,0.18,3.5,20.2,40.0,35.0,10.0,0.18,3.8,32.3,6.2,15.6,12.5,0.18,3.5,26.3,7.7,19.2,26.9,0.18,3.2,20.2,5.0,10.0,30.0,0.15,2.7,1.0,0.0,0.0,0.0,0.14,3.0,0.0,0.0,0.0,0.0,0.0,0.0,17.8,66.7,16.7,5.6,0.16,3.2,16.8,5.9,29.4,11.8,0.2,4.6,11.9,50.0,8.3,0.0,0.2,4.1,19.8,25.0,15.0,20.0,0.16,3.3,19.8,5.0,5.0,25.0,0.18,3.9,13.9,14.3,14.3,0.0,0.18,4.4,13.9,46.7,20.0,6.7,0.16,3.9,12.0,30.8,7.7,15.4,0.16,2.8,16.7,16.7,11.1,11.1,0.15,3.2,16.7,16.7,16.7,0.0,0.14,3.3,15.7,11.8,29.4,0.0,0.18,3.7,25.0,3.7,11.1,0.0,0.16,3.1,23.1,74.2,12.9,6.5,0.16,3.2,17.9,20.8,29.2,4.2,0.2,4.3,17.9,33.3,25.0,20.8,0.19,3.6,16.4,18.2,22.7,36.4,0.21,4.1,11.2,26.7,13.3,0.0,0.19,3.9,13.4,11.1,33.3,0.0,0.2,4.5,16.1,73.3,13.3,6.7,0.14,2.6,17.2,12.5,18.8,12.5,0.2,4.3,20.4,21.1,26.3,15.8,0.16,3.2,19.4,22.2,5.6,38.9,0.17,3.4,16.1,13.3,13.3,0.0,0.15,3.1,10.8,0.0,0.0,0.0,0.19,3.9
20260910,17,9,1800,4428,A2,埼玉,40.0,53.0,6.04,39.25,7.16,56.25,34,35.68,73,34.17,3868,B1,東京,51.0,56.0,4.55,22.62,0.0,0.0,29,31.39,25,36.04,5036,B1,大阪,28.0,52.0,5.64,37.72,5.22,34.38,57,36.51,60,28.8,4461,B1,三重,40.0,58.0,4.51,22.58,4.0,8.33,78,29.58,24,33.48,3556,A1,大阪,53.0,55.0,6.76,52.29,7.5,64.71,60,37.85,39,33.33,3637,B1,愛知,55.0,55.0,3.62,15.49,2.53,5.88,18,33.62,75,31.43,18.8,90.9,4.5,4.5,0.12,2.1,16.2,10.5,31.6,21.1,0.14,3.0,17.1,5.0,35.0,15.0,0.15,2.4,14.5,11.8,23.5,5.9,0.16,3.6,17.1,25.0,25.0,0.0,0.16,2.9,16.2,21.1,15.8,0.0,0.14,3.1,14.0,53.3,20.0,6.7,0.18,2.9,19.6,9.5,14.3,28.6,0.2,3.9,15.9,23.5,11.8,0.0,0.18,3.1,17.8,5.3,15.8,26.3,0.24,4.5,17.8,15.8,5.3,0.0,0.21,4.5,15.0,6.2,18.8,0.0,0.22,4.3,12.6,46.7,13.3,0.0,0.18,3.8,16.8,5.0,40.0,5.0,0.18,3.6,21.8,15.4,23.1,3.8,0.19,3.3,17.6,19.0,9.5,9.5,0.13,2.7,17.6,33.3,14.3,0.0,0.18,4.0,13.4,18.8,6.2,18.8,0.2,4.2,14.6,14.3,14.3,14.3,0.18,3.6,16.7,25.0,37.5,0.0,0.18,3.6,19.8,15.8,5.3,36.8,0.15,3.1,16.7,12.5,6.2,31.2,0.17,3.3,16.7,6.2,25.0,0.0,0.18,3.4,15.6,13.3,0.0,0.0,0.17,4.1,24.8,64.3,17.9,17.9,0.14,2.8,12.4,7.1,50.0,21.4,0.13,3.1,16.8,31.6,31.6,10.5,0.13,2.5,14.2,12.5,18.8,25.0,0.15,3.4,16.8,10.5,15.8,26.3,0.15,2.6,15.0,11.8,11.8,0.0,0.13,3.4,15.4,28.6,21.4,21.4,0.15,3.0,18.7,5.9,17.6,17.6,0.21,4.5,19.8,5.6,33.3,11.1,0.18,4.0,17.6,6.2,25.0,12.5,0.19,3.5,15.4,7.1,0.0,0.0,0.19,3.6,13.2,16.7,0.0,0.0,0.18,4.3
20260910,17,10,1800,4158,B1,山口,45.0,58.0,4.39,21.05,4.31,22.39,63,33.19,55,27.59,4570,A1,愛知,38.0,57.0,6.07,37.78,6.17,35.42,55,36.29,33,26.45,3381,B1,埼玉,58.0,55.0,5.17,32.18,4.67,30.56,32,41.63,20,28.85,4952,B1,福岡,32.0,53.0,4.21,20.0,4.75,25.0,73,29.8,21,33.89,5452,B2,広島,20.0,53.0,1.16,0.0,1.18,0.0,19,34.82,27,35.21,4302,A1,広島,43.0,52.0,6.6,53.27,6.45,45.2,67,31.97,34,29.78,14.6,69.2,7.7,7.7,0.14,2.0,18.0,37.5,25.0,0.0,0.19,3.8,18.0,25.0,25.0,0.0,0.18,3.9,14.6,7.7,7.7,30.8,0.18,3.7,18.0,12.5,6.2,6.2,0.15,3.1,16.9,6.7,6.7,20.0,0.16,3.3,20.2,45.5,18.2,18.2,0.15,3.5,17.4,21.1,47.4,5.3,0.17,3.4,15.6,17.6,17.6,35.3,0.13,2.6,13.8,13.3,33.3,33.3,0.16,3.3,17.4,15.8,26.3,15.8,0.16,3.2,15.6,5.9,5.9,23.5,0.18,4.0,14.9,46.7,26.7,13.3,0.15,2.7,17.8,5.6,22.2,11.1,0.15,2.9,17.8,11.1,11.1,11.1,0.17,3.4,22.8,13.0,30.4,13.0,0.15,2.8,17.8,5.6,16.7,11.1,0.14,2.6,8.9,22.2,11.1,0.0,0.15,3.4,10.8,50.0,12.5,12.5,0.16,2.8,20.3,33.3,13.3,0.0,0.18,3.5,18.9,7.1,7.1,28.6,0.15,2.9,17.6,7.7,0.0,0.0,0.22,4.7,20.3,0.0,0.0,0.0,0.2,3.9,12.2,0.0,0.0,0.0,0.2,5.3,0.0,0.0,0.0,0.0,0.0,0.0,0.0,0.0,0.0,0.0,0.0,0.0,0.0,0.0,0.0,0.0,0.0,0.0,0.0,0.0,0.0,0.0,0.0,0.0,0.0,0.0,0.0,0.0,0.0,0.0,0.0,0.0,0.0,0.0,0.0,0.0,24.0,77.4,6.5,6.5,0.16,2.6,27.9,25.0,33.3,11.1,0.14,2.6,22.5,10.3,41.4,17.2,0.15,2.7,11.6,13.3,26.7,20.0,0.15,2.5,13.2,17.6,17.6,11.8,0.15,2.2,0.8,0.0,0.0,0.0,0.11,5.0
20260910,17,11,1800,4832,A1,大阪,39.0,51.0,6.72,48.36,7.6,60.0,33,33.33,37,38.96,3265,A2,福岡,61.0,52.0,5.98,44.05,6.8,53.52,39,32.49,76,35.37,4601,A1,山口,41.0,56.0,7.05,58.18,6.61,41.07,25,37.25,53,31.89,4732,A2,徳島,37.0,54.0,7.06,56.67,6.07,40.0,51,39.0,18,33.95,5041,B1,福岡,27.0,51.0,4.88,29.17,5.92,37.5,21,40.82,77,35.15,5035,A2,埼玉,28.0,53.0,5.45,36.79,0.0,0.0,13,27.5,51,37.21,20.6,79.3,13.8,3.4,0.13,2.5,17.7,32.0,20.0,12.0,0.14,2.6,16.3,17.4,26.1,26.1,0.14,2.9,14.9,23.8,33.3,23.8,0.14,2.3,17.0,16.7,33.3,0.0,0.14,3.4,13.5,15.8,31.6,0.0,0.16,4.3,32.6,46.4,14.3,17.9,0.16,2.9,67.4,12.1,24.1,15.5,0.14,3.3,0.0,0.0,0.0,0.0,0.0,0.0,0.0,0.0,0.0,0.0,0.0,0.0,0.0,0.0,0.0,0.0,0.0,0.0,0.0,0.0,0.0,0.0,0.0,0.0,21.5,79.3,17.2,0.0,0.14,2.1,17.8,16.7,50.0,12.5,0.11,2.4,15.6,19.0,28.6,19.0,0.12,2.4,17.0,8.7,34.8,21.7,0.13,2.3,14.1,5.3,5.3,26.3,0.13,2.6,14.1,10.5,10.5,10.5,0.15,3.4,19.2,75.0,16.7,4.2,0.12,2.1,17.6,18.2,31.8,22.7,0.11,3.0,13.6,17.6,29.4,23.5,0.12,1.9,15.2,5.3,10.5,21.1,0.11,2.8,21.6,18.5,25.9,0.0,0.12,2.6,12.8,6.2,25.0,0.0,0.13,2.5,13.5,30.0,30.0,0.0,0.17,3.8,14.9,9.1,9.1,9.1,0.2,3.3,16.2,25.0,25.0,33.3,0.19,4.8,16.2,25.0,16.7,0.0,0.18,3.3,17.6,7.7,23.1,0.0,0.19,3.9,21.6,6.2,12.5,0.0,0.22,4.8,13.0,46.2,15.4,23.1,0.17,3.7,18.0,16.7,33.3,16.7,0.18,4.1,18.0,22.2,11.1,22.2,0.17,2.8,19.0,5.3,26.3,15.8,0.15,2.8,18.0,11.1,22.2,22.2,0.17,3.0,14.0,7.1,14.3,0.0,0.17,4.2
20260910,17,12,1800,3333,A1,徳島,58.0,53.0,6.5,48.21,7.0,54.55,27,30.77,81,31.18,4241,A2,長崎,41.0,53.0,5.8,35.64,5.85,35.0,65,40.8,50,29.35,3684,A2,山口,52.0,52.0,5.56,34.62,6.38,50.0,38,47.41,71,32.79,4514,A1,大阪,36.0,53.0,6.59,54.69,6.46,48.72,17,38.84,57,35.78,4134,A2,東京,46.0,54.0,5.69,40.18,5.65,32.5,16,34.09,32,33.74,4593,A2,大阪,45.0,52.0,5.97,36.45,5.92,38.98,54,35.8,14,28.64,23.1,70.0,16.7,0.0,0.12,2.1,13.1,17.6,23.5,17.6,0.15,3.6,14.6,15.8,42.1,15.8,0.16,2.6,20.0,11.5,19.2,15.4,0.16,3.2,18.5,8.3,12.5,29.2,0.17,3.1,10.8,14.3,28.6,0.0,0.16,3.1,16.3,50.0,27.3,13.6,0.14,2.7,16.3,4.5,40.9,13.6,0.17,3.5,20.7,10.7,39.3,25.0,0.16,2.8,15.6,4.8,14.3,28.6,0.17,4.0,17.8,8.3,12.5,29.2,0.17,3.8,13.3,11.1,33.3,0.0,0.24,4.5,18.4,42.1,36.8,15.8,0.14,2.2,16.5,23.5,17.6,29.4,0.16,3.5,17.5,5.6,33.3,22.2,0.16,3.4,18.4,10.5,47.4,10.5,0.17,3.8,14.6,6.7,20.0,13.3,0.21,4.4,14.6,6.7,0.0,0.0,0.25,5.8,23.1,74.2,12.9,6.5,0.16,3.2,17.9,20.8,29.2,4.2,0.2,4.3,17.9,33.3,25.0,20.8,0.19,3.6,16.4,18.2,22.7,36.4,0.21,4.1,11.2,26.7,13.3,0.0,0.19,3.9,13.4,11.1,33.3,0.0,0.2,4.5,19.3,54.5,18.2,4.5,0.13,2.5,14.9,5.9,23.5,35.3,0.16,3.6,17.5,30.0,30.0,10.0,0.16,2.9,19.3,9.1,27.3,22.7,0.15,3.5,15.8,5.6,27.8,11.1,0.15,3.4,13.2,20.0,26.7,0.0,0.2,4.7,18.5,52.0,16.0,16.0,0.16,3.1,17.0,21.7,30.4,26.1,0.15,3.4,15.6,14.3,14.3,33.3,0.18,3.9,16.3,9.1,18.2,18.2,0.17,3.7,21.5,13.8,44.8,0.0,0.17,3.6,11.1,13.3,26.7,0.0,0.18,4.1
20260910,16,1,1800,4364,A1,福岡,41.0,55.0,6.15,43.48,7.61,62.75,50,39.5,66,32.95,4374,B1,広島,42.0,52.0,4.33,25.0,4.28,20.0,46,24.86,54,38.59,4449,B1,兵庫,39.0,51.0,3.95,21.84,4.38,25.0,63,32.2,69,31.91,3866,B1,岡山,51.0,54.0,4.44,27.85,3.14,16.0,40,25.0,42,35.48,4382,B1,滋賀,41.0,55.0,4.64,21.36,3.67,5.56,31,34.33,68,40.54,5464,B2,福岡,19.0,50.0,1.24,0.0,0.0,0.0,65,36.1,16,23.46,20.0,75.0,16.7,4.2,0.11,2.3,16.7,20.0,25.0,15.0,0.14,2.6,15.0,11.1,33.3,16.7,0.13,2.9,18.3,27.3,9.1,22.7,0.14,2.1,17.5,19.0,9.5,14.3,0.12,2.2,12.5,6.7,13.3,13.3,0.15,4.0,12.4,36.4,18.2,27.3,0.17,2.8,20.2,5.6,33.3,16.7,0.13,2.8,21.3,5.3,26.3,21.1,0.17,2.7,13.5,8.3,25.0,16.7,0.13,2.3,24.7,18.2,0.0,0.0,0.13,3.6,7.9,14.3,0.0,0.0,0.21,4.9,12.5,33.3,11.1,11.1,0.18,3.7,13.9,20.0,0.0,0.0,0.19,3.6,19.4,14.3,21.4,0.0,0.16,3.2,25.0,16.7,11.1,0.0,0.15,3.3,18.1,15.4,30.8,0.0,0.16,2.4,11.1,12.5,0.0,0.0,0.17,4.0,15.4,43.8,25.0,6.2,0.13,1.9,14.4,20.0,26.7,20.0,0.11,2.3,22.1,4.3,26.1,30.4,0.12,2.1,17.3,5.6,16.7,16.7,0.11,2.0,20.2,14.3,19.0,0.0,0.16,2.6,10.6,9.1,9.1,0.0,0.17,3.7,9.4,37.5,25.0,0.0,0.12,2.9,18.8,12.5,37.5,25.0,0.18,2.9,17.6,6.7,6.7,26.7,0.17,3.5,24.7,4.8,52.4,0.0,0.22,3.9,15.3,15.4,15.4,0.0,0.19,3.8,14.1,8.3,25.0,0.0,0.23,5.3,0.0,0.0,0.0,0.0,0.0,0.0,0.0,0.0,0.0,0.0,0.0,0.0,0.0,0.0,0.0,0.0,0.0,0.0,0.0,0.0,0.0,0.0,0.0,0.0,0.0,0.0,0.0,0.0,0.0,0.0,0.0,0.0,0.0,0.0,0.0,0.0
20260910,16,2,1800,5335,B1,長崎,21.0,46.0,3.1,13.24,1.53,5.88,20,49.5,45,37.5,4797,A1,三重,34.0,56.0,6.04,44.44,6.38,47.62,57,35.0,60,29.88,5338,B1,福岡,26.0,52.0,4.5,20.0,3.56,5.56,16,35.92,70,31.35,5265,B1,香川,26.0,46.0,3.77,16.3,3.65,17.39,27,35.45,21,27.84,3988,A2,愛知,48.0,56.0,6.2,38.52,5.73,45.45,61,35.18,52,32.42,5074,B1,愛知,30.0,56.0,4.23,22.54,4.86,21.43,38,35.12,38,42.78,7.2,40.0,20.0,0.0,0.09,2.4,14.5,10.0,0.0,0.0,0.19,4.2,15.9,9.1,9.1,0.0,0.19,4.4,14.5,0.0,0.0,0.0,0.13,2.9,11.6,12.5,0.0,0.0,0.18,2.9,36.2,4.0,0.0,0.0,0.2,3.9,15.1,85.7,7.1,7.1,0.14,2.9,16.1,26.7,40.0,13.3,0.09,1.3,18.3,35.3,17.6,17.6,0.13,2.6,15.1,28.6,28.6,21.4,0.1,2.1,15.1,42.9,35.7,0.0,0.15,2.6,20.4,15.8,21.1,0.0,0.14,3.1,6.4,28.6,14.3,0.0,0.19,3.6,6.4,57.1,14.3,0.0,0.11,2.9,6.4,42.9,14.3,28.6,0.15,2.3,29.1,3.1,12.5,12.5,0.15,3.0,25.5,7.1,17.9,0.0,0.16,3.1,26.4,3.4,13.8,0.0,0.18,3.9,10.4,36.4,18.2,0.0,0.15,2.8,20.8,4.5,27.3,0.0,0.15,3.4,17.0,5.6,5.6,16.7,0.14,3.2,18.9,15.0,10.0,15.0,0.13,3.0,17.0,5.6,11.1,0.0,0.18,3.8,16.0,0.0,0.0,0.0,0.17,3.4,21.5,73.1,15.4,3.8,0.14,2.3,12.4,13.3,20.0,20.0,0.15,3.5,19.8,20.8,20.8,16.7,0.16,2.5,14.0,5.9,29.4,5.9,0.14,3.0,18.2,9.1,13.6,22.7,0.15,3.3,14.0,23.5,0.0,0.0,0.16,3.2,15.6,60.0,13.3,0.0,0.14,2.9,15.6,6.7,26.7,0.0,0.2,3.8,13.5,15.4,38.5,0.0,0.19,3.7,15.6,6.7,6.7,20.0,0.19,3.9,18.8,27.8,27.8,0.0,0.18,3.5,20.8,10.0,5.0,0.0,0.2,3.9
20260910,16,3,1800,4343,B1,広島,41.0,54.0,4.19,15.79,5.03,36.36,54,31.77,13,29.67,5286,B1,福岡,27.0,50.0,4.67,25.25,4.68,21.05,52,28.43,39,38.46,4460,A2,東京,40.0,56.0,6.07,43.27,6.26,48.72,23,32.51,41,29.59,4754,A2,三重,38.0,51.0,6.44,44.0,0.0,0.0,32,25.52,25,29.44,4067,A2,愛知,46.0,52.0,6.5,49.61,0.0,0.0,14,27.04,14,34.59,5358,B2,福岡,21.0,49.0,2.83,7.58,0.0,0.0,41,35.12,47,31.35,14.6,53.8,15.4,7.7,0.15,3.6,15.7,21.4,35.7,0.0,0.18,3.8,23.6,4.8,23.8,9.5,0.16,3.2,12.4,9.1,45.5,0.0,0.19,3.3,20.2,11.1,11.1,0.0,0.17,3.4,13.5,8.3,0.0,0.0,0.18,3.9,13.3,50.0,16.7,8.3,0.16,3.3,20.0,27.8,5.6,0.0,0.16,3.8,18.9,5.9,23.5,23.5,0.16,2.6,15.6,7.1,14.3,0.0,0.17,3.2,20.0,5.6,5.6,5.6,0.15,3.1,12.2,18.2,9.1,0.0,0.16,2.6,19.0,54.2,16.7,12.5,0.13,2.3,16.7,14.3,38.1,14.3,0.15,3.5,17.5,13.6,22.7,27.3,0.13,2.6,15.9,10.0,20.0,25.0,0.14,2.9,18.3,4.3,26.1,26.1,0.16,3.8,12.7,6.2,37.5,0.0,0.16,3.8,17.9,66.7,6.7,6.7,0.17,2.9,15.5,23.1,46.2,7.7,0.16,4.1,19.0,18.8,18.8,6.2,0.12,3.0,16.7,7.1,21.4,14.3,0.15,3.5,20.2,23.5,11.8,0.0,0.14,3.1,10.7,11.1,0.0,0.0,0.18,4.0,19.4,58.3,16.7,12.5,0.19,4.0,12.9,12.5,50.0,12.5,0.15,3.4,20.2,12.0,20.0,40.0,0.15,2.8,19.4,8.3,20.8,20.8,0.15,3.0,17.7,13.6,4.5,18.2,0.16,3.1,10.5,7.7,15.4,15.4,0.19,3.7,6.8,33.3,33.3,0.0,0.23,3.7,11.4,20.0,0.0,0.0,0.19,3.8,18.2,12.5,12.5,0.0,0.18,3.7,15.9,28.6,0.0,0.0,0.19,3.6,15.9,42.9,0.0,0.0,0.2,3.8,31.8,0.0,0.0,0.0,0.24,4.6
20260910,16,4,1800,5124,B1,佐賀,30.0,54.0,4.35,25.93,3.2,10.0,11,31.0,51,30.6,5292,B1,東京,24.0,56.0,4.46,26.09,3.38,19.23,25,25.76,55,27.84,5047,B1,東京,32.0,53.0,6.11,39.8,5.48,34.78,15,26.84,59,32.09,4030,A1,香川,48.0,50.0,6.76,37.84,6.59,34.48,48,21.93,22,30.94,3284,B1,佐賀,58.0,54.0,5.71,36.71,4.0,10.53,64,33.17,15,40.0,4314,A2,福岡,42.0,51.0,5.88,39.76,4.35,11.76,58,33.33,40,31.52,10.0,25.0,12.5,12.5,0.23,4.1,21.2,11.8,23.5,0.0,0.18,3.4,13.8,18.2,9.1,0.0,0.17,4.3,20.0,6.2,12.5,31.2,0.16,3.1,22.5,5.6,5.6,27.8,0.15,2.4,12.5,10.0,0.0,0.0,0.18,3.6,12.1,36.4,9.1,18.2,0.13,3.1,19.8,5.6,11.1,0.0,0.29,4.4,22.0,5.0,20.0,30.0,0.21,3.9,16.5,13.3,0.0,0.0,0.24,4.8,16.5,6.7,6.7,0.0,0.23,4.6,13.2,8.3,0.0,0.0,0.24,4.7,16.5,38.5,15.4,7.7,0.17,2.9,16.5,7.7,15.4,23.1,0.13,2.2,17.7,14.3,21.4,28.6,0.17,2.9,15.2,25.0,0.0,0.0,0.2,4.0,17.7,7.1,7.1,28.6,0.18,3.5,16.5,15.4,0.0,0.0,0.18,3.9,19.6,59.3,18.5,0.0,0.14,3.9,16.7,39.1,21.7,0.0,0.15,3.6,17.4,16.7,20.8,33.3,0.15,3.4,15.9,9.1,27.3,22.7,0.11,2.6,15.9,4.5,4.5,40.9,0.13,2.8,14.5,5.0,5.0,0.0,0.16,4.4,16.5,73.7,10.5,10.5,0.13,2.2,20.0,4.3,17.4,21.7,0.19,4.2,18.3,9.5,23.8,9.5,0.18,3.4,17.4,5.0,10.0,10.0,0.2,3.6,23.5,14.8,18.5,0.0,0.2,3.9,4.3,20.0,0.0,0.0,0.23,4.6,19.4,60.0,25.0,10.0,0.17,2.4,17.5,11.1,33.3,22.2,0.17,3.1,17.5,16.7,5.6,27.8,0.18,3.4,15.5,6.2,12.5,31.2,0.14,2.3,16.5,11.8,17.6,0.0,0.13,2.6,13.6,14.3,14.3,0.0,0.18,4.1
20260910,16,5,1800,4789,A2,福岡,37.0,53.0,5.63,39.13,5.31,31.25,37,34.8,12,31.15,4728,B1,東京,38.0,55.0,4.53,24.66,4.22,21.74,60,43.56,33,38.04,4286,A2,東京,42.0,47.0,6.06,43.75,0.0,0.0,17,38.5,11,27.33,4788,A2,大阪,37.0,55.0,5.4,31.19,6.02,41.94,56,36.36,49,47.25,5326,B1,香川,22.0,47.0,5.02,31.15,4.04,16.0,53,34.67,53,26.01,4410,B1,岡山,40.0,52.0,4.29,24.47,5.01,33.03,24,30.5,20,30.17,16.0,63.2,10.5,15.8,0.15,2.5,16.0,26.3,21.1,26.3,0.14,2.6,19.3,4.3,21.7,26.1,0.16,3.3,16.8,15.0,25.0,15.0,0.13,2.6,14.3,11.8,23.5,5.9,0.18,3.1,17.6,14.3,9.5,0.0,0.21,4.0,15.4,50.0,14.3,0.0,0.16,2.5,15.4,14.3,35.7,0.0,0.18,3.6,19.8,5.6,27.8,5.6,0.16,3.1,17.6,25.0,18.8,0.0,0.19,4.1,17.6,18.8,18.8,0.0,0.17,3.3,14.3,0.0,0.0,0.0,0.22,4.6,19.0,46.4,35.7,7.1,0.14,2.8,15.6,13.0,30.4,26.1,0.16,2.9,19.7,6.9,17.2,24.1,0.13,2.5,15.6,8.7,17.4,21.7,0.15,2.4,19.0,3.6,14.3,21.4,0.17,3.0,10.9,12.5,0.0,0.0,0.17,3.5,18.9,54.2,16.7,12.5,0.15,3.1,19.7,8.0,36.0,16.0,0.15,3.4,15.0,10.5,26.3,26.3,0.14,2.8,18.9,12.5,16.7,25.0,0.18,3.0,18.9,8.3,16.7,58.3,0.15,3.1,8.7,9.1,27.3,0.0,0.19,4.2,12.6,40.0,6.7,0.0,0.22,4.1,18.5,9.1,31.8,4.5,0.17,3.4,17.6,4.8,28.6,4.8,0.18,2.8,17.6,9.5,4.8,23.8,0.2,3.7,16.0,5.3,5.3,5.3,0.18,4.0,17.6,9.5,4.8,9.5,0.19,4.0,17.7,40.0,10.0,25.0,0.17,2.8,19.5,27.3,27.3,0.0,0.16,3.4,16.8,15.8,15.8,21.1,0.15,3.3,18.6,19.0,14.3,9.5,0.13,2.8,16.8,21.1,21.1,0.0,0.19,3.8,10.6,16.7,25.0,0.0,0.17,2.8
20260910,16,6,1800,5338,B1,福岡,26.0,52.0,4.5,20.0,3.56,5.56,16,35.92,70,31.35,4436,A1,大阪,40.0,52.0,6.34,48.28,5.38,38.1,12,39.6,35,27.66,5109,B1,岡山,27.0,51.0,4.65,28.0,4.45,22.73,68,32.67,61,31.32,5299,A2,香川,24.0,53.0,6.07,44.55,5.24,36.73,62,38.86,37,22.02,4350,A1,福岡,40.0,54.0,8.09,66.67,8.75,85.0,28,32.45,28,24.71,4449,B1,兵庫,39.0,51.0,3.95,21.84,4.38,25.0,63,32.2,69,31.91,6.4,28.6,14.3,0.0,0.19,3.6,6.4,57.1,14.3,0.0,0.11,2.9,6.4,42.9,14.3,28.6,0.15,2.3,29.1,3.1,12.5,12.5,0.15,3.0,25.5,7.1,17.9,0.0,0.16,3.1,26.4,3.4,13.8,0.0,0.18,3.9,18.6,69.2,11.5,3.8,0.14,2.4,17.1,25.0,29.2,8.3,0.16,2.9,17.9,24.0,28.0,24.0,0.16,2.8,14.3,15.0,30.0,35.0,0.18,3.4,18.6,7.7,34.6,34.6,0.14,3.3,13.6,10.5,26.3,0.0,0.15,3.1,12.4,50.0,21.4,14.3,0.13,2.8,18.6,9.5,28.6,19.0,0.17,3.2,19.5,13.6,13.6,22.7,0.14,3.0,16.8,10.5,21.1,15.8,0.12,2.4,16.8,5.3,5.3,21.1,0.13,2.4,15.9,5.6,11.1,0.0,0.16,3.1,13.7,62.5,31.2,6.2,0.17,3.2,17.1,25.0,20.0,10.0,0.16,3.6,16.2,10.5,26.3,5.3,0.15,2.6,22.2,23.1,15.4,15.4,0.17,2.9,17.9,19.0,19.0,0.0,0.13,3.0,12.8,13.3,13.3,0.0,0.11,2.8,25.0,89.3,7.1,0.0,0.12,2.3,18.8,19.0,38.1,9.5,0.12,2.8,9.8,36.4,36.4,0.0,0.11,2.4,15.2,17.6,17.6,29.4,0.14,3.3,19.6,4.5,31.8,13.6,0.14,3.2,11.6,7.7,30.8,0.0,0.12,3.4,12.5,33.3,11.1,11.1,0.18,3.7,13.9,20.0,0.0,0.0,0.19,3.6,19.4,14.3,21.4,0.0,0.16,3.2,25.0,16.7,11.1,0.0,0.15,3.3,18.1,15.4,30.8,0.0,0.16,2.4,11.1,12.5,0.0,0.0,0.17,4.0
20260910,16,7,1800,4924,B1,長崎,33.0,48.0,4.61,22.0,4.56,27.78,67,33.17,75,32.16,5076,B1,静岡,30.0,55.0,4.95,32.69,3.41,13.64,22,35.96,56,32.62,4797,A1,三重,34.0,56.0,6.04,44.44,6.38,47.62,57,35.0,60,29.88,5286,B1,福岡,27.0,50.0,4.67,25.25,4.68,21.05,52,28.43,39,38.46,5464,B2,福岡,19.0,50.0,1.24,0.0,0.0,0.0,65,36.1,16,23.46,4441,A2,岡山,40.0,54.0,5.63,33.33,6.34,43.84,66,33.83,36,34.59,12.9,23.1,7.7,7.7,0.18,3.5,17.8,5.6,27.8,11.1,0.15,2.7,18.8,5.3,10.5,36.8,0.15,2.8,19.8,10.0,20.0,0.0,0.17,2.9,17.8,16.7,0.0,0.0,0.19,3.6,12.9,7.7,0.0,0.0,0.18,4.2,11.8,54.5,18.2,9.1,0.18,3.3,24.7,13.0,30.4,13.0,0.18,3.4,16.1,26.7,13.3,33.3,0.14,2.4,15.1,14.3,21.4,21.4,0.16,3.2,16.1,6.7,20.0,6.7,0.16,3.5,16.1,6.7,33.3,0.0,0.19,4.4,15.1,85.7,7.1,7.1,0.14,2.9,16.1,26.7,40.0,13.3,0.09,1.3,18.3,35.3,17.6,17.6,0.13,2.6,15.1,28.6,28.6,21.4,0.1,2.1,15.1,42.9,35.7,0.0,0.15,2.6,20.4,15.8,21.1,0.0,0.14,3.1,13.3,50.0,16.7,8.3,0.16,3.3,20.0,27.8,5.6,0.0,0.16,3.8,18.9,5.9,23.5,23.5,0.16,2.6,15.6,7.1,14.3,0.0,0.17,3.2,20.0,5.6,5.6,5.6,0.15,3.1,12.2,18.2,9.1,0.0,0.16,2.6,0.0,0.0,0.0,0.0,0.0,0.0,0.0,0.0,0.0,0.0,0.0,0.0,0.0,0.0,0.0,0.0,0.0,0.0,0.0,0.0,0.0,0.0,0.0,0.0,0.0,0.0,0.0,0.0,0.0,0.0,0.0,0.0,0.0,0.0,0.0,0.0,20.6,48.1,29.6,7.4,0.12,2.4,14.5,42.1,26.3,15.8,0.12,2.5,18.3,20.8,20.8,33.3,0.16,2.8,17.6,13.0,47.8,0.0,0.13,3.3,14.5,15.8,10.5,10.5,0.16,2.7,14.5,5.3,10.5,36.8,0.14,3.3
20260910,16,8,1800,4446,A1,兵庫,39.0,53.0,6.79,47.78,6.75,35.0,18,30.39,62,33.51,5074,B1,愛知,30.0,56.0,4.23,22.54,4.86,21.43,38,35.12,38,42.78,4314,A2,福岡,42.0,51.0,5.88,39.76,4.35,11.76,58,33.33,40,31.52,5358,B2,福岡,21.0,49.0,2.83,7.58,0.0,0.0,41,35.12,47,31.35,3866,B1,岡山,51.0,54.0,4.44,27.85,3.14,16.0,40,25.0,42,35.48,5423,B2,徳島,24.0,50.0,1.22,0.0,1.22,0.0,33,25.87,29,32.97,21.5,93.8,3.1,0.0,0.12,2.0,16.8,24.0,40.0,8.0,0.13,2.5,14.8,31.8,27.3,27.3,0.14,2.5,17.4,15.4,34.6,19.2,0.14,3.1,14.8,45.5,18.2,0.0,0.15,2.8,14.8,9.1,40.9,0.0,0.14,3.0,15.6,60.0,13.3,0.0,0.14,2.9,15.6,6.7,26.7,0.0,0.2,3.8,13.5,15.4,38.5,0.0,0.19,3.7,15.6,6.7,6.7,20.0,0.19,3.9,18.8,27.8,27.8,0.0,0.18,3.5,20.8,10.0,5.0,0.0,0.2,3.9,19.4,60.0,25.0,10.0,0.17,2.4,17.5,11.1,33.3,22.2,0.17,3.1,17.5,16.7,5.6,27.8,0.18,3.4,15.5,6.2,12.5,31.2,0.14,2.3,16.5,11.8,17.6,0.0,0.13,2.6,13.6,14.3,14.3,0.0,0.18,4.1,6.8,33.3,33.3,0.0,0.23,3.7,11.4,20.0,0.0,0.0,0.19,3.8,18.2,12.5,12.5,0.0,0.18,3.7,15.9,28.6,0.0,0.0,0.19,3.6,15.9,42.9,0.0,0.0,0.2,3.8,31.8,0.0,0.0,0.0,0.24,4.6,15.4,43.8,25.0,6.2,0.13,1.9,14.4,20.0,26.7,20.0,0.11,2.3,22.1,4.3,26.1,30.4,0.12,2.1,17.3,5.6,16.7,16.7,0.11,2.0,20.2,14.3,19.0,0.0,0.16,2.6,10.6,9.1,9.1,0.0,0.17,3.7,0.0,0.0,0.0,0.0,0.0,0.0,0.0,0.0,0.0,0.0,0.0,0.0,0.0,0.0,0.0,0.0,0.0,0.0,0.0,0.0,0.0,0.0,0.0,0.0,0.0,0.0,0.0,0.0,0.0,0.0,100.0,0.0,0.0,0.0,0.22,4.3
20260910,16,9,1800,4072,A1,佐賀,45.0,53.0,7.34,58.82,7.6,70.0,21,37.86,58,38.59,4460,A2,東京,40.0,56.0,6.07,43.27,6.26,48.72,23,32.51,41,29.59,4131,B1,静岡,46.0,56.0,5.7,37.86,6.6,55.0,39,37.13,34,39.89,4789,A2,福岡,37.0,53.0,5.63,39.13,5.31,31.25,37,34.8,12,31.15,4499,B1,長崎,38.0,45.0,5.0,25.81,2.67,0.0,26,31.5,46,31.87,5335,B1,長崎,21.0,46.0,3.1,13.24,1.53,5.88,20,49.5,45,37.5,22.0,85.0,5.0,0.0,0.13,2.5,15.4,28.6,21.4,7.1,0.12,2.0,14.3,46.2,23.1,15.4,0.13,1.9,18.7,11.8,23.5,17.6,0.12,2.8,14.3,7.7,46.2,7.7,0.14,2.8,15.4,14.3,14.3,0.0,0.15,3.0,19.0,54.2,16.7,12.5,0.13,2.3,16.7,14.3,38.1,14.3,0.15,3.5,17.5,13.6,22.7,27.3,0.13,2.6,15.9,10.0,20.0,25.0,0.14,2.9,18.3,4.3,26.1,26.1,0.16,3.8,12.7,6.2,37.5,0.0,0.16,3.8,18.8,66.7,16.7,0.0,0.2,2.8,15.6,20.0,50.0,20.0,0.13,2.3,14.1,11.1,33.3,11.1,0.14,2.3,17.2,27.3,36.4,18.2,0.16,2.5,20.3,15.4,30.8,23.1,0.17,3.0,14.1,11.1,0.0,0.0,0.21,4.9,16.0,63.2,10.5,15.8,0.15,2.5,16.0,26.3,21.1,26.3,0.14,2.6,19.3,4.3,21.7,26.1,0.16,3.3,16.8,15.0,25.0,15.0,0.13,2.6,14.3,11.8,23.5,5.9,0.18,3.1,17.6,14.3,9.5,0.0,0.21,4.0,12.9,36.4,27.3,9.1,0.2,4.2,15.3,30.8,38.5,7.7,0.16,3.4,23.5,5.0,25.0,30.0,0.15,3.0,14.1,25.0,16.7,16.7,0.19,3.4,21.2,11.1,11.1,0.0,0.19,4.0,12.9,9.1,18.2,0.0,0.16,4.0,7.2,40.0,20.0,0.0,0.09,2.4,14.5,10.0,0.0,0.0,0.19,4.2,15.9,9.1,9.1,0.0,0.19,4.4,14.5,0.0,0.0,0.0,0.13,2.9,11.6,12.5,0.0,0.0,0.18,2.9,36.2,4.0,0.0,0.0,0.2,3.9
20260910,16,10,1800,5265,B1,香川,26.0,46.0,3.77,16.3,3.65,17.39,27,35.45,21,27.84,4828,A1,滋賀,32.0,50.0,6.56,48.04,5.4,36.67,42,30.1,67,27.01,4382,B1,滋賀,41.0,55.0,4.64,21.36,3.67,5.56,31,34.33,68,40.54,5047,B1,東京,32.0,53.0,6.11,39.8,5.48,34.78,15,26.84,59,32.09,4286,A2,東京,42.0,47.0,6.06,43.75,0.0,0.0,17,38.5,11,27.33,4436,A1,大阪,40.0,52.0,6.34,48.28,5.38,38.1,12,39.6,35,27.66,10.4,36.4,18.2,0.0,0.15,2.8,20.8,4.5,27.3,0.0,0.15,3.4,17.0,5.6,5.6,16.7,0.14,3.2,18.9,15.0,10.0,15.0,0.13,3.0,17.0,5.6,11.1,0.0,0.18,3.8,16.0,0.0,0.0,0.0,0.17,3.4,23.5,50.0,20.8,12.5,0.14,2.1,13.7,14.3,50.0,0.0,0.17,3.4,16.7,23.5,11.8,41.2,0.12,2.0,15.7,18.8,25.0,12.5,0.15,3.0,14.7,13.3,13.3,20.0,0.16,3.5,15.7,12.5,37.5,0.0,0.18,4.4,9.4,37.5,25.0,0.0,0.12,2.9,18.8,12.5,37.5,25.0,0.18,2.9,17.6,6.7,6.7,26.7,0.17,3.5,24.7,4.8,52.4,0.0,0.22,3.9,15.3,15.4,15.4,0.0,0.19,3.8,14.1,8.3,25.0,0.0,0.23,5.3,16.5,38.5,15.4,7.7,0.17,2.9,16.5,7.7,15.4,23.1,0.13,2.2,17.7,14.3,21.4,28.6,0.17,2.9,15.2,25.0,0.0,0.0,0.2,4.0,17.7,7.1,7.1,28.6,0.18,3.5,16.5,15.4,0.0,0.0,0.18,3.9,19.0,46.4,35.7,7.1,0.14,2.8,15.6,13.0,30.4,26.1,0.16,2.9,19.7,6.9,17.2,24.1,0.13,2.5,15.6,8.7,17.4,21.7,0.15,2.4,19.0,3.6,14.3,21.4,0.17,3.0,10.9,12.5,0.0,0.0,0.17,3.5,18.6,69.2,11.5,3.8,0.14,2.4,17.1,25.0,29.2,8.3,0.16,2.9,17.9,24.0,28.0,24.0,0.16,2.8,14.3,15.0,30.0,35.0,0.18,3.4,18.6,7.7,34.6,34.6,0.14,3.3,13.6,10.5,26.3,0.0,0.15,3.1
20260910,16,11,1800,4030,A1,香川,48.0,50.0,6.76,37.84,6.59,34.48,48,21.93,22,30.94,5299,A2,香川,24.0,53.0,6.07,44.55,5.24,36.73,62,38.86,37,22.02,4364,A1,福岡,41.0,55.0,6.15,43.48,7.61,62.75,50,39.5,66,32.95,4728,B1,東京,38.0,55.0,4.53,24.66,4.22,21.74,60,43.56,33,38.04,4754,A2,三重,38.0,51.0,6.44,44.0,0.0,0.0,32,25.52,25,29.44,3988,A2,愛知,48.0,56.0,6.2,38.52,5.73,45.45,61,35.18,52,32.42,19.6,59.3,18.5,0.0,0.14,3.9,16.7,39.1,21.7,0.0,0.15,3.6,17.4,16.7,20.8,33.3,0.15,3.4,15.9,9.1,27.3,22.7,0.11,2.6,15.9,4.5,4.5,40.9,0.13,2.8,14.5,5.0,5.0,0.0,0.16,4.4,13.7,62.5,31.2,6.2,0.17,3.2,17.1,25.0,20.0,10.0,0.16,3.6,16.2,10.5,26.3,5.3,0.15,2.6,22.2,23.1,15.4,15.4,0.17,2.9,17.9,19.0,19.0,0.0,0.13,3.0,12.8,13.3,13.3,0.0,0.11,2.8,20.0,75.0,16.7,4.2,0.11,2.3,16.7,20.0,25.0,15.0,0.14,2.6,15.0,11.1,33.3,16.7,0.13,2.9,18.3,27.3,9.1,22.7,0.14,2.1,17.5,19.0,9.5,14.3,0.12,2.2,12.5,6.7,13.3,13.3,0.15,4.0,15.4,50.0,14.3,0.0,0.16,2.5,15.4,14.3,35.7,0.0,0.18,3.6,19.8,5.6,27.8,5.6,0.16,3.1,17.6,25.0,18.8,0.0,0.19,4.1,17.6,18.8,18.8,0.0,0.17,3.3,14.3,0.0,0.0,0.0,0.22,4.6,17.9,66.7,6.7,6.7,0.17,2.9,15.5,23.1,46.2,7.7,0.16,4.1,19.0,18.8,18.8,6.2,0.12,3.0,16.7,7.1,21.4,14.3,0.15,3.5,20.2,23.5,11.8,0.0,0.14,3.1,10.7,11.1,0.0,0.0,0.18,4.0,21.5,73.1,15.4,3.8,0.14,2.3,12.4,13.3,20.0,20.0,0.15,3.5,19.8,20.8,20.8,16.7,0.16,2.5,14.0,5.9,29.4,5.9,0.14,3.0,18.2,9.1,13.6,22.7,0.15,3.3,14.0,23.5,0.0,0.0,0.16,3.2
20260910,16,12,1800,4350,A1,福岡,40.0,54.0,8.09,66.67,8.75,85.0,28,32.45,28,24.71,4441,A2,岡山,40.0,54.0,5.63,33.33,6.34,43.84,66,33.83,36,34.59,4067,A2,愛知,46.0,52.0,6.5,49.61,0.0,0.0,14,27.04,14,34.59,4446,A1,兵庫,39.0,53.0,6.79,47.78,6.75,35.0,18,30.39,62,33.51,5292,B1,東京,24.0,56.0,4.46,26.09,3.38,19.23,25,25.76,55,27.84,4788,A2,大阪,37.0,55.0,5.4,31.19,6.02,41.94,56,36.36,49,47.25,25.0,89.3,7.1,0.0,0.12,2.3,18.8,19.0,38.1,9.5,0.12,2.8,9.8,36.4,36.4,0.0,0.11,2.4,15.2,17.6,17.6,29.4,0.14,3.3,19.6,4.5,31.8,13.6,0.14,3.2,11.6,7.7,30.8,0.0,0.12,3.4,20.6,48.1,29.6,7.4,0.12,2.4,14.5,42.1,26.3,15.8,0.12,2.5,18.3,20.8,20.8,33.3,0.16,2.8,17.6,13.0,47.8,0.0,0.13,3.3,14.5,15.8,10.5,10.5,0.16,2.7,14.5,5.3,10.5,36.8,0.14,3.3,19.4,58.3,16.7,12.5,0.19,4.0,12.9,12.5,50.0,12.5,0.15,3.4,20.2,12.0,20.0,40.0,0.15,2.8,19.4,8.3,20.8,20.8,0.15,3.0,17.7,13.6,4.5,18.2,0.16,3.1,10.5,7.7,15.4,15.4,0.19,3.7,21.5,93.8,3.1,0.0,0.12,2.0,16.8,24.0,40.0,8.0,0.13,2.5,14.8,31.8,27.3,27.3,0.14,2.5,17.4,15.4,34.6,19.2,0.14,3.1,14.8,45.5,18.2,0.0,0.15,2.8,14.8,9.1,40.9,0.0,0.14,3.0,12.1,36.4,9.1,18.2,0.13,3.1,19.8,5.6,11.1,0.0,0.29,4.4,22.0,5.0,20.0,30.0,0.21,3.9,16.5,13.3,0.0,0.0,0.24,4.8,16.5,6.7,6.7,0.0,0.23,4.6,13.2,8.3,0.0,0.0,0.24,4.7,18.9,54.2,16.7,12.5,0.15,3.1,19.7,8.0,36.0,16.0,0.15,3.4,15.0,10.5,26.3,26.3,0.14,2.8,18.9,12.5,16.7,25.0,0.18,3.0,18.9,8.3,16.7,58.3,0.15,3.1,8.7,9.1,27.3,0.0,0.19,4.2
20260910,14,1,1800,4642,A2,香川,34.0,48.0,7.17,56.2,6.24,42.11,35,29.41,66,43.66,4400,B1,福井,38.0,53.0,4.19,13.92,3.93,6.67,70,40.63,25,21.43,5153,B1,東京,30.0,46.0,3.4,10.11,0.0,0.0,10,22.54,37,38.96,4878,B1,徳島,31.0,46.0,4.36,19.77,5.08,28.81,25,31.4,65,36.23,4784,B1,広島,38.0,53.0,3.25,10.0,4.28,27.78,51,36.11,17,38.96,5380,B2,徳島,22.0,50.0,1.2,0.0,1.27,0.0,27,33.33,54,40.79,22.9,77.8,3.7,3.7,0.15,2.6,16.1,21.1,26.3,5.3,0.15,3.3,16.9,30.0,20.0,10.0,0.14,3.4,18.6,9.1,18.2,13.6,0.16,2.8,15.3,11.1,27.8,22.2,0.17,2.9,10.2,8.3,8.3,33.3,0.16,2.6,16.5,21.4,35.7,7.1,0.19,3.4,11.8,30.0,0.0,0.0,0.2,3.3,21.2,22.2,16.7,0.0,0.17,3.7,17.6,26.7,0.0,0.0,0.16,3.0,15.3,15.4,0.0,0.0,0.19,3.9,17.6,20.0,0.0,0.0,0.19,4.7,13.5,15.4,7.7,7.7,0.17,2.6,20.8,5.0,20.0,20.0,0.19,3.6,17.7,11.8,17.6,11.8,0.17,2.6,14.6,42.9,0.0,0.0,0.15,2.6,18.8,5.6,11.1,0.0,0.17,2.9,14.6,21.4,7.1,0.0,0.12,1.8,15.5,18.2,18.2,27.3,0.16,3.0,16.9,8.3,8.3,50.0,0.17,3.9,18.3,15.4,23.1,0.0,0.15,2.5,22.5,12.5,6.2,12.5,0.17,2.6,15.5,18.2,9.1,0.0,0.19,3.4,11.3,12.5,0.0,0.0,0.18,3.8,14.9,40.0,30.0,10.0,0.15,2.4,16.4,9.1,18.2,0.0,0.21,4.2,14.9,10.0,10.0,20.0,0.23,3.9,17.9,16.7,8.3,0.0,0.22,4.2,14.9,10.0,10.0,0.0,0.19,3.7,20.9,14.3,7.1,0.0,0.23,4.3,0.0,0.0,0.0,0.0,0.0,0.0,0.0,0.0,0.0,0.0,0.0,0.0,0.0,0.0,0.0,0.0,0.0,0.0,18.5,0.0,0.0,0.0,0.24,5.1,24.7,0.0,0.0,0.0,0.29,5.8,56.8,0.0,0.0,0.0,0.29,5.7
20260910,14,2,1800,4678,B1,愛知,37.0,47.0,4.43,23.53,6.79,52.63,80,29.07,20,25.0,4845,A1,埼玉,33.0,47.0,6.04,44.05,7.78,61.11,36,23.08,33,53.33,5069,B1,群馬,25.0,43.0,5.01,28.26,5.09,27.91,61,30.26,58,25.0,5056,B2,徳島,30.0,46.0,4.4,24.0,5.59,31.48,60,30.99,61,32.89,4885,A2,福岡,30.0,47.0,7.17,57.97,0.0,0.0,68,28.0,27,34.25,4965,B1,兵庫,28.0,51.0,4.45,20.43,3.53,21.05,31,35.44,50,36.62,16.9,66.7,13.3,13.3,0.17,2.3,21.3,15.8,21.1,21.1,0.16,3.1,12.4,9.1,45.5,9.1,0.16,2.8,13.5,8.3,33.3,0.0,0.15,2.5,24.7,9.1,4.5,13.6,0.16,3.2,11.2,20.0,0.0,0.0,0.23,4.6,27.0,70.4,18.5,3.7,0.13,2.3,13.0,30.8,30.8,15.4,0.16,2.8,14.0,28.6,28.6,7.1,0.1,2.1,21.0,23.8,33.3,14.3,0.15,2.2,13.0,7.7,38.5,7.7,0.11,2.7,12.0,16.7,25.0,8.3,0.14,2.9,14.1,40.0,30.0,10.0,0.17,3.1,18.3,7.7,30.8,7.7,0.13,2.5,22.5,12.5,12.5,25.0,0.17,2.4,12.7,11.1,0.0,0.0,0.2,3.6,19.7,7.1,42.9,0.0,0.19,3.0,12.7,0.0,0.0,0.0,0.19,4.0,0.0,0.0,0.0,0.0,0.0,0.0,0.0,0.0,0.0,0.0,0.0,0.0,0.0,0.0,0.0,0.0,0.0,0.0,0.0,0.0,0.0,0.0,0.0,0.0,0.0,0.0,0.0,0.0,0.0,0.0,0.0,0.0,0.0,0.0,0.0,0.0,20.9,63.2,21.1,0.0,0.11,1.8,18.7,11.8,35.3,23.5,0.18,2.6,19.8,22.2,33.3,16.7,0.14,2.7,14.3,15.4,30.8,30.8,0.14,2.2,15.4,14.3,28.6,0.0,0.17,2.8,11.0,10.0,20.0,0.0,0.16,3.0,11.4,22.2,22.2,55.6,0.19,3.3,15.2,8.3,16.7,16.7,0.21,4.7,22.8,11.1,27.8,16.7,0.2,3.5,17.7,7.1,14.3,28.6,0.2,3.5,20.3,25.0,18.8,0.0,0.16,2.5,12.7,0.0,0.0,0.0,0.15,3.6
20260910,14,3,1800,4775,A2,静岡,32.0,47.0,6.22,43.75,5.2,20.0,53,31.34,80,17.19,5195,A2,長崎,24.0,47.0,5.21,33.72,4.76,23.53,12,35.9,13,35.06,4901,B1,愛知,33.0,45.0,5.73,36.36,0.0,0.0,28,25.0,74,39.19,5180,B2,山口,28.0,47.0,4.73,26.79,0.0,0.0,84,21.43,22,25.97,4738,A2,埼玉,35.0,46.0,5.93,39.68,7.33,44.44,75,23.61,14,38.36,5440,B2,兵庫,20.0,48.0,1.73,5.36,2.0,0.0,58,38.24,34,26.58,21.7,65.0,20.0,10.0,0.15,3.0,18.5,5.9,35.3,29.4,0.14,2.3,15.2,14.3,21.4,28.6,0.14,2.6,17.4,12.5,31.2,31.2,0.16,2.8,13.0,16.7,16.7,16.7,0.13,2.7,14.1,0.0,0.0,0.0,0.18,4.2,16.1,64.3,14.3,7.1,0.17,3.4,19.5,11.8,29.4,41.2,0.14,2.6,16.1,7.1,14.3,21.4,0.16,3.2,18.4,18.8,12.5,25.0,0.14,3.4,13.8,8.3,16.7,8.3,0.16,3.7,16.1,14.3,14.3,0.0,0.13,2.8,13.6,45.5,9.1,9.1,0.19,2.6,16.0,15.4,23.1,15.4,0.18,3.1,18.5,20.0,13.3,20.0,0.16,3.4,22.2,5.6,5.6,16.7,0.17,2.9,18.5,20.0,0.0,0.0,0.14,2.6,11.1,11.1,0.0,0.0,0.16,3.2,11.1,50.0,0.0,0.0,0.2,5.0,19.4,14.3,0.0,0.0,0.2,4.1,13.9,0.0,0.0,0.0,0.23,4.2,22.2,12.5,25.0,0.0,0.19,3.6,22.2,12.5,0.0,0.0,0.22,3.3,11.1,25.0,0.0,0.0,0.26,4.8,21.8,67.7,12.9,9.7,0.13,2.3,14.1,40.0,15.0,25.0,0.18,3.1,16.2,17.4,30.4,21.7,0.14,2.8,14.8,4.8,9.5,23.8,0.16,2.6,19.0,11.1,14.8,0.0,0.17,3.4,14.1,5.0,10.0,0.0,0.17,3.6,0.0,0.0,0.0,0.0,0.0,0.0,0.0,0.0,0.0,0.0,0.0,0.0,0.0,0.0,0.0,0.0,0.0,0.0,0.0,0.0,0.0,0.0,0.0,0.0,1.4,0.0,0.0,0.0,0.25,2.0,98.6,4.2,0.0,0.0,0.19,3.7
20260910,14,4,1800,4680,A2,東京,36.0,46.0,5.46,31.0,5.32,28.57,26,29.33,36,22.08,4900,B1,埼玉,33.0,46.0,5.05,30.59,4.46,21.43,54,31.94,38,28.38,4689,B1,静岡,33.0,54.0,4.85,28.57,5.91,46.88,78,34.62,62,29.41,4733,B1,徳島,37.0,47.0,5.42,37.1,5.09,30.67,21,24.29,76,33.78,5193,A1,福岡,25.0,48.0,6.99,54.81,6.29,38.24,30,38.67,15,28.77,5334,B1,徳島,22.0,45.0,2.8,5.33,2.93,11.11,32,27.4,19,31.17,17.6,31.2,37.5,12.5,0.2,4.1,16.5,20.0,13.3,33.3,0.22,4.4,19.8,5.6,27.8,16.7,0.2,3.6,18.7,47.1,17.6,0.0,0.23,4.6,18.7,5.9,11.8,23.5,0.21,4.6,8.8,37.5,0.0,0.0,0.25,5.4,19.1,68.2,4.5,13.6,0.18,3.0,18.3,9.5,19.0,14.3,0.18,3.8,17.4,50.0,20.0,0.0,0.19,3.1,13.0,20.0,6.7,0.0,0.18,4.5,14.8,5.9,23.5,0.0,0.17,4.4,17.4,10.0,20.0,0.0,0.23,4.3,18.8,47.4,26.3,10.5,0.14,1.9,13.9,7.1,42.9,14.3,0.16,3.1,14.9,6.7,13.3,33.3,0.14,2.3,16.8,11.8,17.6,23.5,0.14,2.6,17.8,5.6,11.1,0.0,0.19,3.0,17.8,11.1,0.0,0.0,0.17,3.3,15.0,50.0,33.3,8.3,0.14,2.6,15.0,8.3,25.0,25.0,0.16,2.8,18.8,6.7,13.3,20.0,0.16,2.9,18.8,13.3,40.0,0.0,0.14,3.3,11.2,11.1,11.1,0.0,0.16,3.8,21.2,5.9,5.9,0.0,0.14,2.6,21.3,69.0,13.8,10.3,0.15,2.7,15.4,42.9,23.8,14.3,0.13,2.8,16.9,21.7,34.8,26.1,0.14,2.8,13.2,5.6,22.2,27.8,0.16,4.0,17.6,8.3,20.8,25.0,0.16,3.2,15.4,4.8,33.3,0.0,0.19,4.0,11.6,18.2,9.1,18.2,0.16,2.7,14.7,14.3,21.4,0.0,0.18,3.7,22.1,4.8,19.0,0.0,0.17,3.7,17.9,5.9,0.0,0.0,0.2,4.3,16.8,6.2,12.5,0.0,0.19,4.4,16.8,6.2,0.0,0.0,0.19,4.3
20260910,14,5,1800,4714,B1,徳島,35.0,48.0,5.0,27.06,5.22,27.96,16,35.8,84,29.17,4746,B1,埼玉,31.0,47.0,5.67,39.02,4.5,15.38,24,32.43,82,26.76,4984,B1,静岡,29.0,51.0,4.8,28.92,6.0,33.33,33,40.28,68,28.17,4974,A2,岡山,33.0,47.0,5.27,36.45,5.43,37.25,55,32.89,60,32.0,4372,A2,大阪,39.0,46.0,6.06,40.45,4.77,35.48,56,23.19,79,24.29,5390,B2,群馬,19.0,47.0,2.81,10.34,1.43,0.0,17,27.71,30,24.68,12.5,33.3,8.3,25.0,0.14,2.6,20.8,30.0,20.0,0.0,0.16,3.6,16.7,6.2,25.0,12.5,0.14,3.3,20.8,5.0,20.0,40.0,0.18,4.0,16.7,6.2,6.2,25.0,0.19,3.5,12.5,25.0,0.0,0.0,0.2,4.8,17.6,61.5,15.4,0.0,0.16,3.5,16.2,8.3,8.3,25.0,0.23,4.3,16.2,16.7,8.3,33.3,0.2,4.3,16.2,16.7,16.7,25.0,0.25,3.8,14.9,9.1,45.5,0.0,0.15,2.8,18.9,7.1,14.3,0.0,0.23,4.4,15.8,41.7,16.7,8.3,0.19,3.5,11.8,55.6,11.1,0.0,0.22,3.9,15.8,8.3,8.3,25.0,0.22,4.5,14.5,9.1,9.1,18.2,0.21,4.5,11.8,44.4,0.0,0.0,0.24,3.9,30.3,8.7,13.0,21.7,0.2,4.3,16.0,37.5,18.8,18.8,0.21,4.3,22.0,18.2,27.3,18.2,0.16,3.2,15.0,13.3,20.0,26.7,0.2,4.1,19.0,26.3,10.5,21.1,0.19,3.2,15.0,20.0,13.3,26.7,0.16,3.3,13.0,23.1,0.0,0.0,0.2,4.0,21.4,72.2,11.1,11.1,0.16,2.8,15.5,23.1,15.4,23.1,0.2,3.0,16.7,7.1,21.4,28.6,0.21,3.4,14.3,16.7,58.3,0.0,0.17,3.0,14.3,25.0,0.0,0.0,0.12,2.2,17.9,13.3,20.0,0.0,0.17,2.8,0.0,0.0,0.0,0.0,0.0,0.0,0.0,0.0,0.0,0.0,0.0,0.0,0.0,0.0,0.0,0.0,0.0,0.0,11.0,0.0,0.0,0.0,0.18,4.0,26.0,5.3,0.0,0.0,0.16,3.9,63.0,2.2,2.2,0.0,0.17,3.7
20260910,14,6,1800,3470,B1,徳島,56.0,47.0,5.19,26.03,4.89,28.41,83,23.08,26,30.77,5342,B2,山口,24.0,47.0,2.64,9.84,1.18,0.0,79,48.57,77,44.44,5198,B1,福岡,24.0,47.0,5.54,38.0,4.06,20.37,29,46.07,73,19.72,5380,B2,徳島,22.0,50.0,1.2,0.0,1.27,0.0,27,33.33,54,40.79,4450,A2,香川,39.0,47.0,6.63,47.37,5.94,42.86,38,33.77,39,28.21,4530,A1,福岡,37.0,46.0,7.23,59.22,6.13,40.0,39,13.16,56,41.1,13.5,30.8,15.4,15.4,0.19,4.1,20.8,10.0,35.0,25.0,0.14,3.3,19.8,15.8,15.8,15.8,0.15,3.1,17.7,17.6,5.9,23.5,0.17,2.8,13.5,15.4,15.4,0.0,0.2,3.2,14.6,7.1,28.6,0.0,0.17,3.4,0.0,0.0,0.0,0.0,0.0,0.0,0.0,0.0,0.0,0.0,0.0,0.0,0.0,0.0,0.0,0.0,0.0,0.0,31.4,3.7,0.0,0.0,0.17,3.7,24.4,14.3,0.0,0.0,0.16,2.7,44.2,0.0,0.0,0.0,0.17,3.6,11.2,46.2,30.8,0.0,0.2,3.9,19.0,13.6,22.7,18.2,0.21,4.3,18.1,14.3,33.3,9.5,0.19,3.4,19.8,13.0,13.0,13.0,0.21,3.5,17.2,20.0,0.0,0.0,0.19,3.9,14.7,17.6,0.0,0.0,0.19,4.8,0.0,0.0,0.0,0.0,0.0,0.0,0.0,0.0,0.0,0.0,0.0,0.0,0.0,0.0,0.0,0.0,0.0,0.0,18.5,0.0,0.0,0.0,0.24,5.1,24.7,0.0,0.0,0.0,0.29,5.8,56.8,0.0,0.0,0.0,0.29,5.7,16.7,60.0,26.7,0.0,0.14,2.9,18.9,23.5,41.2,5.9,0.15,2.9,16.7,13.3,40.0,0.0,0.15,3.5,14.4,7.7,38.5,23.1,0.18,2.9,18.9,23.5,5.9,5.9,0.14,3.2,14.4,15.4,23.1,0.0,0.19,4.7,21.2,79.2,20.8,0.0,0.1,1.8,15.0,23.5,17.6,11.8,0.16,3.1,21.2,16.7,37.5,12.5,0.15,2.5,16.8,10.5,36.8,15.8,0.17,3.9,12.4,7.1,21.4,14.3,0.19,3.6,13.3,6.7,20.0,26.7,0.17,3.3
20260910,14,7,1800,4878,B1,徳島,31.0,46.0,4.36,19.77,5.08,28.81,25,31.4,65,36.23,4843,B1,静岡,33.0,46.0,3.72,17.24,5.5,37.5,69,29.87,18,36.84,4611,A1,福井,36.0,47.0,6.09,40.35,5.84,40.0,71,36.62,32,33.78,4678,B1,愛知,37.0,47.0,4.43,23.53,6.79,52.63,80,29.07,20,25.0,5180,B2,山口,28.0,47.0,4.73,26.79,0.0,0.0,84,21.43,22,25.97,4050,A1,岡山,45.0,45.0,7.75,61.32,7.61,61.11,73,18.31,63,28.77,15.5,18.2,18.2,27.3,0.16,3.0,16.9,8.3,8.3,50.0,0.17,3.9,18.3,15.4,23.1,0.0,0.15,2.5,22.5,12.5,6.2,12.5,0.17,2.6,15.5,18.2,9.1,0.0,0.19,3.4,11.3,12.5,0.0,0.0,0.18,3.8,14.0,66.7,8.3,0.0,0.22,3.7,19.8,5.9,5.9,17.6,0.18,3.4,18.6,18.8,6.2,43.8,0.14,2.5,14.0,25.0,16.7,25.0,0.14,2.4,16.3,14.3,7.1,14.3,0.15,2.4,17.4,6.7,13.3,6.7,0.16,3.3,20.7,87.5,8.3,4.2,0.15,2.3,16.4,21.1,42.1,15.8,0.14,2.4,18.1,23.8,14.3,14.3,0.13,2.1,17.2,25.0,15.0,0.0,0.17,3.5,14.7,5.9,11.8,41.2,0.14,2.9,12.9,20.0,6.7,13.3,0.14,2.6,16.9,66.7,13.3,13.3,0.17,2.3,21.3,15.8,21.1,21.1,0.16,3.1,12.4,9.1,45.5,9.1,0.16,2.8,13.5,8.3,33.3,0.0,0.15,2.5,24.7,9.1,4.5,13.6,0.16,3.2,11.2,20.0,0.0,0.0,0.23,4.6,11.1,50.0,0.0,0.0,0.2,5.0,19.4,14.3,0.0,0.0,0.2,4.1,13.9,0.0,0.0,0.0,0.23,4.2,22.2,12.5,25.0,0.0,0.19,3.6,22.2,12.5,0.0,0.0,0.22,3.3,11.1,25.0,0.0,0.0,0.26,4.8,22.5,72.0,20.0,0.0,0.16,2.4,14.4,25.0,43.8,18.8,0.12,2.4,13.5,20.0,40.0,20.0,0.14,2.7,15.3,5.9,11.8,35.3,0.15,3.9,16.2,11.1,16.7,22.2,0.14,3.1,18.0,5.0,10.0,20.0,0.19,4.3
20260910,14,8,1800,4689,B1,静岡,33.0,54.0,4.85,28.57,5.91,46.88,78,34.62,62,29.41,4784,B1,広島,38.0,53.0,3.25,10.0,4.28,27.78,51,36.11,17,38.96,4720,B1,長崎,32.0,48.0,3.38,13.64,0.0,0.0,59,40.0,24,30.67,5189,A2,岡山,25.0,45.0,5.09,28.32,3.29,0.0,74,27.63,71,22.54,4347,A2,福岡,41.0,45.0,6.06,41.57,6.55,54.55,76,29.73,67,34.67,4845,A1,埼玉,33.0,47.0,6.04,44.05,7.78,61.11,36,23.08,33,53.33,18.8,47.4,26.3,10.5,0.14,1.9,13.9,7.1,42.9,14.3,0.16,3.1,14.9,6.7,13.3,33.3,0.14,2.3,16.8,11.8,17.6,23.5,0.14,2.6,17.8,5.6,11.1,0.0,0.19,3.0,17.8,11.1,0.0,0.0,0.17,3.3,14.9,40.0,30.0,10.0,0.15,2.4,16.4,9.1,18.2,0.0,0.21,4.2,14.9,10.0,10.0,20.0,0.23,3.9,17.9,16.7,8.3,0.0,0.22,4.2,14.9,10.0,10.0,0.0,0.19,3.7,20.9,14.3,7.1,0.0,0.23,4.3,14.0,23.1,7.7,23.1,0.21,3.6,18.3,29.4,23.5,11.8,0.18,3.2,20.4,5.3,31.6,0.0,0.21,3.7,15.1,35.7,0.0,0.0,0.19,3.3,18.3,5.9,5.9,0.0,0.18,3.6,14.0,15.4,0.0,0.0,0.23,3.5,16.8,54.5,9.1,9.1,0.2,4.3,21.4,17.9,25.0,32.1,0.21,4.5,13.7,27.8,16.7,16.7,0.21,4.2,15.3,5.0,15.0,25.0,0.18,4.5,19.1,8.0,8.0,16.0,0.17,3.9,13.7,16.7,22.2,0.0,0.22,5.2,22.4,58.3,20.8,12.5,0.17,3.5,19.6,14.3,23.8,38.1,0.18,3.7,13.1,21.4,14.3,28.6,0.18,3.6,12.1,15.4,30.8,0.0,0.2,4.0,17.8,5.3,15.8,26.3,0.18,3.1,15.0,6.2,43.8,0.0,0.17,3.1,27.0,70.4,18.5,3.7,0.13,2.3,13.0,30.8,30.8,15.4,0.16,2.8,14.0,28.6,28.6,7.1,0.1,2.1,21.0,23.8,33.3,14.3,0.15,2.2,13.0,7.7,38.5,7.7,0.11,2.7,12.0,16.7,25.0,8.3,0.14,2.9
20260910,14,9,1800,4546,B1,埼玉,38.0,47.0,7.22,57.3,7.64,64.29,65,34.25,70,35.9,5069,B1,群馬,25.0,43.0,5.01,28.26,5.09,27.91,61,30.26,58,25.0,4900,B1,埼玉,33.0,46.0,5.05,30.59,4.46,21.43,54,31.94,38,28.38,4627,A2,東京,40.0,48.0,6.56,47.46,6.83,55.56,23,28.0,83,35.9,5440,B2,兵庫,20.0,48.0,1.73,5.36,2.0,0.0,58,38.24,34,26.58,5056,B2,徳島,30.0,46.0,4.4,24.0,5.59,31.48,60,30.99,61,32.89,19.2,71.4,14.3,0.0,0.16,2.9,17.8,15.4,7.7,7.7,0.17,3.6,17.8,23.1,15.4,15.4,0.14,2.4,16.4,33.3,8.3,0.0,0.19,4.0,16.4,33.3,25.0,0.0,0.2,4.0,12.3,11.1,33.3,0.0,0.17,3.9,14.1,40.0,30.0,10.0,0.17,3.1,18.3,7.7,30.8,7.7,0.13,2.5,22.5,12.5,12.5,25.0,0.17,2.4,12.7,11.1,0.0,0.0,0.2,3.6,19.7,7.1,42.9,0.0,0.19,3.0,12.7,0.0,0.0,0.0,0.19,4.0,19.1,68.2,4.5,13.6,0.18,3.0,18.3,9.5,19.0,14.3,0.18,3.8,17.4,50.0,20.0,0.0,0.19,3.1,13.0,20.0,6.7,0.0,0.18,4.5,14.8,5.9,23.5,0.0,0.17,4.4,17.4,10.0,20.0,0.0,0.23,4.3,19.3,59.1,13.6,9.1,0.14,2.5,18.4,33.3,19.0,23.8,0.11,2.4,17.5,30.0,15.0,10.0,0.18,2.4,17.5,25.0,20.0,20.0,0.16,2.9,14.9,11.8,17.6,11.8,0.18,3.1,12.3,21.4,21.4,0.0,0.15,2.6,0.0,0.0,0.0,0.0,0.0,0.0,0.0,0.0,0.0,0.0,0.0,0.0,0.0,0.0,0.0,0.0,0.0,0.0,0.0,0.0,0.0,0.0,0.0,0.0,1.4,0.0,0.0,0.0,0.25,2.0,98.6,4.2,0.0,0.0,0.19,3.7,0.0,0.0,0.0,0.0,0.0,0.0,0.0,0.0,0.0,0.0,0.0,0.0,0.0,0.0,0.0,0.0,0.0,0.0,0.0,0.0,0.0,0.0,0.0,0.0,0.0,0.0,0.0,0.0,0.0,0.0,0.0,0.0,0.0,0.0,0.0,0.0
20260910,14,10,1800,4530,A1,福岡,37.0,46.0,7.23,59.22,6.13,40.0,39,13.16,56,41.1,4738,A2,埼玉,35.0,46.0,5.93,39.68,7.33,44.44,75,23.61,14,38.36,4733,B1,徳島,37.0,47.0,5.42,37.1,5.09,30.67,21,24.29,76,33.78,4901,B1,愛知,33.0,45.0,5.73,36.36,0.0,0.0,28,25.0,74,39.19,4642,A2,香川,34.0,48.0,7.17,56.2,6.24,42.11,35,29.41,66,43.66,4714,B1,徳島,35.0,48.0,5.0,27.06,5.22,27.96,16,35.8,84,29.17,21.2,79.2,20.8,0.0,0.1,1.8,15.0,23.5,17.6,11.8,0.16,3.1,21.2,16.7,37.5,12.5,0.15,2.5,16.8,10.5,36.8,15.8,0.17,3.9,12.4,7.1,21.4,14.3,0.19,3.6,13.3,6.7,20.0,26.7,0.17,3.3,21.8,67.7,12.9,9.7,0.13,2.3,14.1,40.0,15.0,25.0,0.18,3.1,16.2,17.4,30.4,21.7,0.14,2.8,14.8,4.8,9.5,23.8,0.16,2.6,19.0,11.1,14.8,0.0,0.17,3.4,14.1,5.0,10.0,0.0,0.17,3.6,15.0,50.0,33.3,8.3,0.14,2.6,15.0,8.3,25.0,25.0,0.16,2.8,18.8,6.7,13.3,20.0,0.16,2.9,18.8,13.3,40.0,0.0,0.14,3.3,11.2,11.1,11.1,0.0,0.16,3.8,21.2,5.9,5.9,0.0,0.14,2.6,13.6,45.5,9.1,9.1,0.19,2.6,16.0,15.4,23.1,15.4,0.18,3.1,18.5,20.0,13.3,20.0,0.16,3.4,22.2,5.6,5.6,16.7,0.17,2.9,18.5,20.0,0.0,0.0,0.14,2.6,11.1,11.1,0.0,0.0,0.16,3.2,22.9,77.8,3.7,3.7,0.15,2.6,16.1,21.1,26.3,5.3,0.15,3.3,16.9,30.0,20.0,10.0,0.14,3.4,18.6,9.1,18.2,13.6,0.16,2.8,15.3,11.1,27.8,22.2,0.17,2.9,10.2,8.3,8.3,33.3,0.16,2.6,12.5,33.3,8.3,25.0,0.14,2.6,20.8,30.0,20.0,0.0,0.16,3.6,16.7,6.2,25.0,12.5,0.14,3.3,20.8,5.0,20.0,40.0,0.18,4.0,16.7,6.2,6.2,25.0,0.19,3.5,12.5,25.0,0.0,0.0,0.2,4.8
20260910,14,11,1800,4885,A2,福岡,30.0,47.0,7.17,57.97,0.0,0.0,68,28.0,27,34.25,5193,A1,福岡,25.0,48.0,6.99,54.81,6.29,38.24,30,38.67,15,28.77,4974,A2,岡山,33.0,47.0,5.27,36.45,5.43,37.25,55,32.89,60,32.0,5198,B1,福岡,24.0,47.0,5.54,38.0,4.06,20.37,29,46.07,73,19.72,5195,A2,長崎,24.0,47.0,5.21,33.72,4.76,23.53,12,35.9,13,35.06,3470,B1,徳島,56.0,47.0,5.19,26.03,4.89,28.41,83,23.08,26,30.77,20.9,63.2,21.1,0.0,0.11,1.8,18.7,11.8,35.3,23.5,0.18,2.6,19.8,22.2,33.3,16.7,0.14,2.7,14.3,15.4,30.8,30.8,0.14,2.2,15.4,14.3,28.6,0.0,0.17,2.8,11.0,10.0,20.0,0.0,0.16,3.0,21.3,69.0,13.8,10.3,0.15,2.7,15.4,42.9,23.8,14.3,0.13,2.8,16.9,21.7,34.8,26.1,0.14,2.8,13.2,5.6,22.2,27.8,0.16,4.0,17.6,8.3,20.8,25.0,0.16,3.2,15.4,4.8,33.3,0.0,0.19,4.0,16.0,37.5,18.8,18.8,0.21,4.3,22.0,18.2,27.3,18.2,0.16,3.2,15.0,13.3,20.0,26.7,0.2,4.1,19.0,26.3,10.5,21.1,0.19,3.2,15.0,20.0,13.3,26.7,0.16,3.3,13.0,23.1,0.0,0.0,0.2,4.0,11.2,46.2,30.8,0.0,0.2,3.9,19.0,13.6,22.7,18.2,0.21,4.3,18.1,14.3,33.3,9.5,0.19,3.4,19.8,13.0,13.0,13.0,0.21,3.5,17.2,20.0,0.0,0.0,0.19,3.9,14.7,17.6,0.0,0.0,0.19,4.8,16.1,64.3,14.3,7.1,0.17,3.4,19.5,11.8,29.4,41.2,0.14,2.6,16.1,7.1,14.3,21.4,0.16,3.2,18.4,18.8,12.5,25.0,0.14,3.4,13.8,8.3,16.7,8.3,0.16,3.7,16.1,14.3,14.3,0.0,0.13,2.8,13.5,30.8,15.4,15.4,0.19,4.1,20.8,10.0,35.0,25.0,0.14,3.3,19.8,15.8,15.8,15.8,0.15,3.1,17.7,17.6,5.9,23.5,0.17,2.8,13.5,15.4,15.4,0.0,0.2,3.2,14.6,7.1,28.6,0.0,0.17,3.4
20260910,14,12,1800,4450,A2,香川,39.0,47.0,6.63,47.37,5.94,42.86,38,33.77,39,28.21,4347,A2,福岡,41.0,45.0,6.06,41.57,6.55,54.55,76,29.73,67,34.67,4050,A1,岡山,45.0,45.0,7.75,61.32,7.61,61.11,73,18.31,63,28.77,4775,A2,静岡,32.0,47.0,6.22,43.75,5.2,20.0,53,31.34,80,17.19,4611,A1,福井,36.0,47.0,6.09,40.35,5.84,40.0,71,36.62,32,33.78,4680,A2,東京,36.0,46.0,5.46,31.0,5.32,28.57,26,29.33,36,22.08,16.7,60.0,26.7,0.0,0.14,2.9,18.9,23.5,41.2,5.9,0.15,2.9,16.7,13.3,40.0,0.0,0.15,3.5,14.4,7.7,38.5,23.1,0.18,2.9,18.9,23.5,5.9,5.9,0.14,3.2,14.4,15.4,23.1,0.0,0.19,4.7,22.4,58.3,20.8,12.5,0.17,3.5,19.6,14.3,23.8,38.1,0.18,3.7,13.1,21.4,14.3,28.6,0.18,3.6,12.1,15.4,30.8,0.0,0.2,4.0,17.8,5.3,15.8,26.3,0.18,3.1,15.0,6.2,43.8,0.0,0.17,3.1,22.5,72.0,20.0,0.0,0.16,2.4,14.4,25.0,43.8,18.8,0.12,2.4,13.5,20.0,40.0,20.0,0.14,2.7,15.3,5.9,11.8,35.3,0.15,3.9,16.2,11.1,16.7,22.2,0.14,3.1,18.0,5.0,10.0,20.0,0.19,4.3,21.7,65.0,20.0,10.0,0.15,3.0,18.5,5.9,35.3,29.4,0.14,2.3,15.2,14.3,21.4,28.6,0.14,2.6,17.4,12.5,31.2,31.2,0.16,2.8,13.0,16.7,16.7,16.7,0.13,2.7,14.1,0.0,0.0,0.0,0.18,4.2,20.7,87.5,8.3,4.2,0.15,2.3,16.4,21.1,42.1,15.8,0.14,2.4,18.1,23.8,14.3,14.3,0.13,2.1,17.2,25.0,15.0,0.0,0.17,3.5,14.7,5.9,11.8,41.2,0.14,2.9,12.9,20.0,6.7,13.3,0.14,2.6,17.6,31.2,37.5,12.5,0.2,4.1,16.5,20.0,13.3,33.3,0.22,4.4,19.8,5.6,27.8,16.7,0.2,3.6,18.7,47.1,17.6,0.0,0.23,4.6,18.7,5.9,11.8,23.5,0.21,4.6,8.8,37.5,0.0,0.0,0.25,5.4
20260910,13,1,1800,3581,B1,山口,53.0,54.0,5.55,37.25,4.81,14.81,33,25.74,32,30.77,3643,B1,岡山,54.0,54.0,5.35,29.76,5.37,39.13,20,24.3,50,32.38,5089,A1,愛知,26.0,52.0,7.2,57.61,7.5,60.0,54,40.91,25,29.52,4176,B2,兵庫,43.0,53.0,3.35,15.79,4.21,17.46,26,39.81,15,32.04,4672,B1,岡山,40.0,52.0,4.44,27.84,3.79,14.29,39,47.62,52,26.73,4729,B1,福岡,37.0,55.0,4.45,23.08,3.43,14.29,31,31.48,75,39.0,15.7,29.4,17.6,23.5,0.17,3.9,16.7,5.6,11.1,27.8,0.19,4.3,18.5,10.0,15.0,0.0,0.22,3.8,18.5,10.0,10.0,15.0,0.18,4.0,19.4,9.5,19.0,0.0,0.19,4.0,11.1,0.0,0.0,0.0,0.2,4.2,14.9,70.6,11.8,11.8,0.18,3.0,19.3,4.5,36.4,18.2,0.2,4.4,20.2,30.4,21.7,0.0,0.18,3.7,16.7,5.3,5.3,31.6,0.16,3.8,14.9,5.9,5.9,17.6,0.16,3.4,14.0,12.5,0.0,0.0,0.18,4.3,24.5,65.4,11.5,15.4,0.14,2.7,13.2,28.6,14.3,21.4,0.16,3.4,19.8,19.0,52.4,23.8,0.16,3.4,17.0,11.1,33.3,33.3,0.14,3.2,15.1,37.5,25.0,0.0,0.2,4.6,10.4,18.2,18.2,0.0,0.18,4.3,8.3,25.0,0.0,0.0,0.19,3.5,22.9,9.1,18.2,0.0,0.19,3.5,10.4,20.0,0.0,0.0,0.14,3.2,22.9,9.1,18.2,0.0,0.21,4.1,25.0,8.3,25.0,0.0,0.19,3.8,10.4,0.0,0.0,0.0,0.11,2.8,14.4,33.3,20.0,0.0,0.17,3.7,16.3,5.9,23.5,23.5,0.19,3.9,16.3,17.6,23.5,0.0,0.22,4.6,20.2,9.5,9.5,14.3,0.2,4.3,20.2,4.8,19.0,0.0,0.16,3.1,12.5,15.4,7.7,0.0,0.15,3.5,14.5,25.0,8.3,0.0,0.22,4.5,16.9,21.4,21.4,0.0,0.2,3.8,20.5,17.6,29.4,0.0,0.17,4.2,16.9,14.3,7.1,0.0,0.17,3.5,19.3,18.8,0.0,0.0,0.2,4.1,12.0,20.0,0.0,0.0,0.19,3.8
20260910,13,2,1800,5244,B1,福岡,26.0,52.0,3.9,18.06,4.25,12.5,44,36.79,21,46.67,4039,B1,大阪,47.0,57.0,5.84,44.23,5.26,30.43,27,23.4,26,48.57,3838,B1,埼玉,51.0,53.0,5.44,33.33,5.15,30.0,9,43.4,27,17.82,5448,B2,山口,23.0,50.0,1.14,0.0,0.0,0.0,29,27.18,44,43.27,3663,B1,広島,56.0,50.0,5.38,35.05,4.57,21.43,43,15.73,28,25.49,3870,B1,福井,50.0,52.0,4.19,18.95,4.16,13.64,10,33.03,46,37.37,12.9,45.5,9.1,18.2,0.14,3.0,21.2,5.6,27.8,0.0,0.14,2.6,20.0,5.9,17.6,11.8,0.15,2.4,17.6,6.7,13.3,20.0,0.18,2.8,14.1,16.7,0.0,0.0,0.17,3.3,14.1,8.3,0.0,0.0,0.18,4.3,18.6,45.5,18.2,13.6,0.17,3.5,12.7,40.0,26.7,0.0,0.14,3.1,18.6,27.3,13.6,0.0,0.16,3.2,16.1,10.5,10.5,15.8,0.14,2.5,17.8,4.8,9.5,19.0,0.13,2.0,16.1,21.1,0.0,0.0,0.17,3.3,14.5,20.0,60.0,10.0,0.12,1.5,20.3,35.7,21.4,7.1,0.16,3.1,13.0,22.2,33.3,0.0,0.17,3.6,11.6,25.0,25.0,0.0,0.17,3.9,21.7,6.7,26.7,0.0,0.15,3.7,18.8,15.4,15.4,0.0,0.18,3.7,0.0,0.0,0.0,0.0,0.0,0.0,0.0,0.0,0.0,0.0,0.0,0.0,0.0,0.0,0.0,0.0,0.0,0.0,0.0,0.0,0.0,0.0,0.0,0.0,0.0,0.0,0.0,0.0,0.0,0.0,0.0,0.0,0.0,0.0,0.0,0.0,16.4,55.6,38.9,0.0,0.19,3.8,19.1,9.5,23.8,14.3,0.17,3.7,18.2,15.0,15.0,15.0,0.17,3.0,16.4,5.6,16.7,38.9,0.16,3.4,14.5,6.2,25.0,0.0,0.19,4.1,15.5,5.9,23.5,0.0,0.18,4.5,13.0,23.1,30.8,7.7,0.2,4.0,20.0,5.0,15.0,10.0,0.21,4.1,20.0,10.0,20.0,15.0,0.19,3.5,17.0,29.4,5.9,5.9,0.17,3.4,14.0,28.6,7.1,0.0,0.16,2.9,16.0,6.2,6.2,0.0,0.16,3.4
20260910,13,3,1800,5328,B1,福岡,22.0,54.0,4.1,18.39,0.0,0.0,30,25.77,24,26.92,4079,A2,福岡,47.0,53.0,6.06,41.18,5.64,18.18,1,35.24,40,23.76,4297,A1,東京,43.0,51.0,6.3,45.1,6.69,51.72,17,39.81,41,34.74,3584,B1,広島,53.0,54.0,4.98,33.68,5.12,32.0,58,20.62,51,29.52,5372,B2,広島,23.0,53.0,2.08,3.33,3.0,0.0,61,45.37,57,36.54,3577,B1,兵庫,53.0,59.0,4.34,17.11,5.04,32.14,5,37.04,48,29.81,12.8,10.0,10.0,10.0,0.18,3.8,19.2,13.3,20.0,13.3,0.2,4.8,16.7,7.7,7.7,15.4,0.23,4.0,19.2,6.7,26.7,0.0,0.16,3.9,16.7,23.1,7.7,0.0,0.17,4.1,15.4,33.3,0.0,0.0,0.22,5.3,20.2,50.0,22.7,9.1,0.19,3.8,15.6,17.6,17.6,29.4,0.19,4.0,17.4,26.3,21.1,26.3,0.21,3.6,17.4,21.1,31.6,0.0,0.19,4.4,13.8,6.7,20.0,0.0,0.15,3.9,15.6,17.6,17.6,0.0,0.17,4.2,19.1,68.0,24.0,0.0,0.11,2.2,18.3,8.3,33.3,25.0,0.13,2.3,14.5,10.5,15.8,31.6,0.13,2.2,16.0,14.3,23.8,14.3,0.08,1.6,19.1,8.0,36.0,8.0,0.1,2.0,13.0,17.6,5.9,29.4,0.12,2.1,15.7,29.4,35.3,5.9,0.16,2.9,15.7,5.9,23.5,11.8,0.17,3.1,19.4,9.5,28.6,9.5,0.2,3.8,18.5,15.0,20.0,20.0,0.17,3.7,19.4,4.8,14.3,23.8,0.16,3.4,11.1,8.3,16.7,0.0,0.19,3.3,0.0,0.0,0.0,0.0,0.0,0.0,0.0,0.0,0.0,0.0,0.0,0.0,0.0,0.0,0.0,0.0,0.0,0.0,1.5,0.0,0.0,0.0,0.22,5.0,9.1,16.7,0.0,0.0,0.14,3.0,89.4,1.7,0.0,0.0,0.15,3.4,14.9,45.5,9.1,9.1,0.19,3.3,18.9,14.3,7.1,21.4,0.17,3.3,17.6,15.4,15.4,0.0,0.16,3.1,12.2,22.2,22.2,0.0,0.12,2.7,14.9,18.2,0.0,0.0,0.17,3.2,21.6,18.8,0.0,0.0,0.17,3.3
20260910,13,4,1800,3984,A1,三重,48.0,54.0,6.27,40.16,6.66,51.43,59,20.0,54,33.96,4042,A2,大阪,47.0,53.0,6.85,47.83,5.79,28.57,51,27.1,63,25.47,4902,B1,兵庫,33.0,52.0,4.26,28.74,4.94,32.76,37,39.09,39,33.33,4750,B1,大阪,39.0,52.0,5.32,34.44,4.6,20.0,53,30.48,22,29.13,4608,A2,東京,36.0,56.0,5.99,41.91,7.43,71.43,62,26.53,67,25.96,3860,B1,埼玉,53.0,52.0,3.6,13.58,4.11,22.22,40,43.81,61,30.19,23.9,78.8,12.1,6.1,0.15,2.4,16.7,8.7,39.1,21.7,0.18,3.3,15.9,22.7,27.3,31.8,0.17,3.1,16.7,17.4,17.4,21.7,0.16,3.5,15.9,18.2,9.1,40.9,0.19,3.7,10.9,33.3,0.0,0.0,0.2,4.4,21.8,61.3,19.4,3.2,0.17,3.5,14.1,20.0,40.0,15.0,0.16,3.6,16.2,4.3,30.4,39.1,0.15,3.3,16.2,17.4,13.0,21.7,0.16,3.4,13.4,5.3,26.3,21.1,0.19,3.7,18.3,3.8,15.4,19.2,0.2,4.6,14.6,42.9,21.4,0.0,0.22,3.5,17.7,5.9,17.6,17.6,0.18,4.5,16.7,6.2,31.2,25.0,0.18,3.9,18.8,5.6,5.6,33.3,0.2,3.7,19.8,36.8,5.3,15.8,0.19,3.7,12.5,16.7,0.0,0.0,0.21,4.3,13.1,38.5,30.8,15.4,0.15,2.2,18.2,50.0,16.7,0.0,0.18,3.8,15.2,20.0,20.0,20.0,0.16,3.0,21.2,19.0,19.0,9.5,0.16,3.1,21.2,4.8,19.0,0.0,0.16,3.2,11.1,18.2,0.0,0.0,0.18,4.2,21.2,61.1,27.8,5.6,0.14,2.8,14.1,25.0,25.0,0.0,0.18,3.9,18.8,25.0,37.5,18.8,0.17,3.6,20.0,5.9,11.8,35.3,0.18,3.2,15.3,7.7,23.1,23.1,0.19,3.1,10.6,22.2,0.0,0.0,0.17,3.9,14.8,7.7,23.1,0.0,0.23,4.6,20.5,22.2,5.6,0.0,0.18,4.3,19.3,17.6,17.6,0.0,0.22,4.2,14.8,7.7,23.1,7.7,0.21,4.2,17.0,13.3,0.0,0.0,0.19,3.8,13.6,8.3,0.0,0.0,0.19,4.2
20260910,13,5,1800,4308,A1,愛知,42.0,52.0,6.73,46.55,7.14,60.71,12,46.73,33,32.04,5339,B1,香川,26.0,50.0,4.88,31.94,7.71,71.43,16,42.86,60,31.37,3574,A1,福岡,54.0,54.0,6.19,47.06,4.56,31.25,47,22.55,11,29.41,4251,B1,山口,43.0,53.0,4.6,23.66,4.39,15.15,4,49.52,55,38.68,4172,A2,岡山,43.0,52.0,5.94,38.74,6.7,60.0,41,17.44,59,38.83,5307,B1,佐賀,23.0,51.0,4.5,27.66,0.0,0.0,36,36.45,66,27.72,24.6,74.2,9.7,9.7,0.16,3.3,17.5,13.6,31.8,18.2,0.17,4.1,14.3,5.6,22.2,33.3,0.15,3.1,16.7,14.3,23.8,42.9,0.17,3.1,13.5,11.8,23.5,29.4,0.18,3.9,13.5,5.9,11.8,41.2,0.17,3.2,13.8,8.3,25.0,0.0,0.22,5.0,17.2,13.3,26.7,20.0,0.21,4.0,12.6,27.3,9.1,54.5,0.18,3.1,14.9,23.1,15.4,23.1,0.15,2.1,25.3,9.1,27.3,13.6,0.17,3.1,16.1,7.1,7.1,14.3,0.2,4.6,23.5,64.3,17.9,7.1,0.15,2.3,52.1,16.1,29.0,16.1,0.17,3.0,21.0,8.0,24.0,24.0,0.14,2.4,2.5,33.3,0.0,0.0,0.22,3.3,0.8,0.0,0.0,0.0,0.1,1.0,0.0,0.0,0.0,0.0,0.0,0.0,11.3,42.9,28.6,7.1,0.19,3.3,21.0,15.4,11.5,26.9,0.22,5.0,17.7,4.5,18.2,27.3,0.2,4.2,16.9,19.0,4.8,0.0,0.21,4.9,16.1,5.0,15.0,20.0,0.21,4.6,16.9,19.0,0.0,0.0,0.24,5.4,20.9,59.3,25.9,7.4,0.14,2.1,16.3,9.5,23.8,23.8,0.17,3.3,17.1,9.1,36.4,18.2,0.16,3.0,17.8,8.7,26.1,26.1,0.16,3.5,14.0,5.6,38.9,27.8,0.17,2.9,14.0,11.1,22.2,0.0,0.21,5.1,11.7,50.0,25.0,8.3,0.16,3.7,21.4,4.5,22.7,22.7,0.21,4.0,17.5,11.1,27.8,22.2,0.19,3.9,15.5,6.2,18.8,0.0,0.18,3.9,21.4,9.1,18.2,0.0,0.21,4.1,12.6,15.4,7.7,0.0,0.16,4.2
20260910,13,6,1800,4184,A1,大阪,40.0,52.0,7.2,57.78,6.52,42.62,63,43.81,23,32.08,4247,B1,徳島,44.0,55.0,5.3,32.56,4.38,18.0,14,27.55,34,43.12,3731,B1,広島,53.0,54.0,4.76,25.3,4.35,25.58,60,27.72,12,32.35,4152,A2,東京,46.0,52.0,5.27,38.04,5.82,47.06,24,29.63,68,24.73,4176,B2,兵庫,43.0,53.0,3.35,15.79,4.21,17.46,26,39.81,15,32.04,5244,B1,福岡,26.0,52.0,3.9,18.06,4.25,12.5,44,36.79,21,46.67,25.0,64.3,17.9,7.1,0.16,3.1,12.5,21.4,50.0,7.1,0.17,3.8,15.2,23.5,29.4,23.5,0.2,3.6,18.8,33.3,14.3,28.6,0.17,3.7,17.0,26.3,21.1,42.1,0.16,3.1,11.6,15.4,15.4,30.8,0.17,3.8,10.2,50.0,10.0,0.0,0.16,3.5,22.4,13.6,22.7,4.5,0.2,3.7,17.3,11.8,23.5,23.5,0.15,2.7,18.4,16.7,5.6,33.3,0.13,2.8,18.4,11.1,22.2,0.0,0.17,3.1,13.3,7.7,7.7,30.8,0.18,4.2,17.0,41.2,29.4,17.6,0.17,3.6,24.0,4.2,12.5,37.5,0.22,4.3,20.0,20.0,20.0,0.0,0.18,4.0,17.0,17.6,5.9,23.5,0.19,4.1,13.0,15.4,15.4,0.0,0.17,3.8,9.0,33.3,11.1,0.0,0.16,2.8,15.9,38.5,30.8,7.7,0.17,3.5,19.5,12.5,18.8,31.2,0.18,3.3,17.1,21.4,28.6,7.1,0.18,3.3,17.1,28.6,21.4,21.4,0.17,3.0,17.1,7.1,28.6,14.3,0.18,3.6,13.4,9.1,0.0,0.0,0.21,4.8,8.3,25.0,0.0,0.0,0.19,3.5,22.9,9.1,18.2,0.0,0.19,3.5,10.4,20.0,0.0,0.0,0.14,3.2,22.9,9.1,18.2,0.0,0.21,4.1,25.0,8.3,25.0,0.0,0.19,3.8,10.4,0.0,0.0,0.0,0.11,2.8,12.9,45.5,9.1,18.2,0.14,3.0,21.2,5.6,27.8,0.0,0.14,2.6,20.0,5.9,17.6,11.8,0.15,2.4,17.6,6.7,13.3,20.0,0.18,2.8,14.1,16.7,0.0,0.0,0.17,3.3,14.1,8.3,0.0,0.0,0.18,4.3
20260910,13,7,1800,4729,B1,福岡,37.0,55.0,4.45,23.08,3.43,14.29,31,31.48,75,39.0,4515,A2,佐賀,40.0,54.0,5.53,33.88,5.36,36.36,23,54.81,17,20.0,4121,A2,福岡,44.0,53.0,5.87,42.17,6.0,36.84,28,25.77,49,36.45,2878,B1,大阪,68.0,54.0,5.54,31.76,6.17,44.44,55,44.44,58,28.04,4049,A2,三重,45.0,57.0,6.16,41.44,5.03,34.38,46,30.77,19,40.57,5448,B2,山口,23.0,50.0,1.14,0.0,0.0,0.0,29,27.18,44,43.27,14.5,25.0,8.3,0.0,0.22,4.5,16.9,21.4,21.4,0.0,0.2,3.8,20.5,17.6,29.4,0.0,0.17,4.2,16.9,14.3,7.1,0.0,0.17,3.5,19.3,18.8,0.0,0.0,0.2,4.1,12.0,20.0,0.0,0.0,0.19,3.8,20.3,82.1,10.7,0.0,0.15,2.6,18.1,12.0,36.0,24.0,0.16,3.4,14.5,10.0,15.0,55.0,0.18,3.6,17.4,4.2,29.2,8.3,0.16,3.3,13.8,15.8,10.5,21.1,0.17,3.2,15.9,4.5,31.8,0.0,0.2,4.5,22.0,59.3,22.2,3.7,0.13,2.0,16.3,15.0,35.0,15.0,0.15,2.9,13.0,31.2,6.2,31.2,0.17,2.6,14.6,5.6,27.8,22.2,0.12,2.4,15.4,10.5,10.5,21.1,0.13,3.2,18.7,17.4,0.0,0.0,0.16,3.9,17.4,36.8,5.3,26.3,0.2,3.5,18.3,5.0,30.0,30.0,0.15,2.6,18.3,10.0,10.0,40.0,0.19,2.9,18.3,10.0,25.0,20.0,0.16,3.2,21.1,17.4,26.1,0.0,0.17,3.2,6.4,14.3,14.3,0.0,0.2,3.1,20.7,78.6,10.7,7.1,0.13,2.6,19.3,11.5,26.9,23.1,0.17,3.0,18.5,20.0,24.0,12.0,0.19,3.6,21.5,6.9,6.9,41.4,0.18,3.5,13.3,11.1,5.6,22.2,0.2,4.1,6.7,11.1,0.0,0.0,0.18,3.4,0.0,0.0,0.0,0.0,0.0,0.0,0.0,0.0,0.0,0.0,0.0,0.0,0.0,0.0,0.0,0.0,0.0,0.0,0.0,0.0,0.0,0.0,0.0,0.0,0.0,0.0,0.0,0.0,0.0,0.0,0.0,0.0,0.0,0.0,0.0,0.0
20260910,13,8,1800,3860,B1,埼玉,53.0,52.0,3.6,13.58,4.11,22.22,40,43.81,61,30.19,4672,B1,岡山,40.0,52.0,4.44,27.84,3.79,14.29,39,47.62,52,26.73,4002,A1,兵庫,48.0,53.0,6.5,48.67,7.12,56.17,2,33.64,36,46.32,3870,B1,福井,50.0,52.0,4.19,18.95,4.16,13.64,10,33.03,46,37.37,3548,A2,福井,56.0,54.0,5.13,33.04,4.86,28.57,3,36.36,13,33.33,5372,B2,広島,23.0,53.0,2.08,3.33,3.0,0.0,61,45.37,57,36.54,14.8,7.7,23.1,0.0,0.23,4.6,20.5,22.2,5.6,0.0,0.18,4.3,19.3,17.6,17.6,0.0,0.22,4.2,14.8,7.7,23.1,7.7,0.21,4.2,17.0,13.3,0.0,0.0,0.19,3.8,13.6,8.3,0.0,0.0,0.19,4.2,14.4,33.3,20.0,0.0,0.17,3.7,16.3,5.9,23.5,23.5,0.19,3.9,16.3,17.6,23.5,0.0,0.22,4.6,20.2,9.5,9.5,14.3,0.2,4.3,20.2,4.8,19.0,0.0,0.16,3.1,12.5,15.4,7.7,0.0,0.15,3.5,20.6,68.2,9.1,9.1,0.14,2.8,15.9,11.8,29.4,29.4,0.14,3.4,21.5,26.1,21.7,8.7,0.12,2.9,18.7,35.0,10.0,15.0,0.13,3.1,15.9,5.9,11.8,11.8,0.15,2.7,7.5,12.5,37.5,0.0,0.14,3.4,13.0,23.1,30.8,7.7,0.2,4.0,20.0,5.0,15.0,10.0,0.21,4.1,20.0,10.0,20.0,15.0,0.19,3.5,17.0,29.4,5.9,5.9,0.17,3.4,14.0,28.6,7.1,0.0,0.16,2.9,16.0,6.2,6.2,0.0,0.16,3.4,21.5,64.5,16.1,3.2,0.1,1.8,13.9,25.0,25.0,15.0,0.11,1.9,17.4,12.0,32.0,20.0,0.13,1.9,16.0,4.3,13.0,39.1,0.11,2.1,18.8,7.4,25.9,3.7,0.14,3.0,12.5,22.2,0.0,0.0,0.15,2.7,0.0,0.0,0.0,0.0,0.0,0.0,0.0,0.0,0.0,0.0,0.0,0.0,0.0,0.0,0.0,0.0,0.0,0.0,1.5,0.0,0.0,0.0,0.22,5.0,9.1,16.7,0.0,0.0,0.14,3.0,89.4,1.7,0.0,0.0,0.15,3.4
20260910,13,9,1800,3975,A2,香川,49.0,51.0,5.47,34.26,6.13,35.9,42,17.92,53,30.39,3577,B1,兵庫,53.0,59.0,4.34,17.11,5.04,32.14,5,37.04,48,29.81,5307,B1,佐賀,23.0,51.0,4.5,27.66,0.0,0.0,36,36.45,66,27.72,4036,A1,埼玉,47.0,52.0,6.37,44.23,6.3,50.0,21,19.81,69,25.74,3853,A2,福岡,54.0,53.0,5.9,38.1,6.35,45.16,19,26.04,35,36.79,3581,B1,山口,53.0,54.0,5.55,37.25,4.81,14.81,33,25.74,32,30.77,14.3,61.5,23.1,7.7,0.14,2.2,19.8,16.7,22.2,22.2,0.15,3.3,17.6,12.5,50.0,25.0,0.13,2.8,15.4,42.9,7.1,35.7,0.12,1.7,18.7,11.8,0.0,0.0,0.13,2.6,14.3,7.7,46.2,0.0,0.14,2.8,14.9,45.5,9.1,9.1,0.19,3.3,18.9,14.3,7.1,21.4,0.17,3.3,17.6,15.4,15.4,0.0,0.16,3.1,12.2,22.2,22.2,0.0,0.12,2.7,14.9,18.2,0.0,0.0,0.17,3.2,21.6,18.8,0.0,0.0,0.17,3.3,11.7,50.0,25.0,8.3,0.16,3.7,21.4,4.5,22.7,22.7,0.21,4.0,17.5,11.1,27.8,22.2,0.19,3.9,15.5,6.2,18.8,0.0,0.18,3.9,21.4,9.1,18.2,0.0,0.21,4.1,12.6,15.4,7.7,0.0,0.16,4.2,19.8,72.7,13.6,9.1,0.14,2.5,16.2,16.7,22.2,11.1,0.16,3.3,18.0,20.0,25.0,20.0,0.19,3.4,17.1,21.1,21.1,21.1,0.19,3.4,14.4,31.2,25.0,0.0,0.16,3.1,14.4,6.2,6.2,56.2,0.15,3.4,19.3,78.3,13.0,4.3,0.17,3.0,13.4,50.0,25.0,0.0,0.2,4.1,18.5,9.1,13.6,27.3,0.18,3.5,18.5,22.7,27.3,0.0,0.2,4.1,16.8,5.0,20.0,0.0,0.22,4.8,13.4,6.2,12.5,0.0,0.23,5.3,15.7,29.4,17.6,23.5,0.17,3.9,16.7,5.6,11.1,27.8,0.19,4.3,18.5,10.0,15.0,0.0,0.22,3.8,18.5,10.0,10.0,15.0,0.18,4.0,19.4,9.5,19.0,0.0,0.19,4.0,11.1,0.0,0.0,0.0,0.2,4.2
20260910,13,10,1800,4297,A1,東京,43.0,51.0,6.3,45.1,6.69,51.72,17,39.81,41,34.74,4184,A1,大阪,40.0,52.0,7.2,57.78,6.52,42.62,63,43.81,23,32.08,4042,A2,大阪,47.0,53.0,6.85,47.83,5.79,28.57,51,27.1,63,25.47,3574,A1,福岡,54.0,54.0,6.19,47.06,4.56,31.25,47,22.55,11,29.41,5089,A1,愛知,26.0,52.0,7.2,57.61,7.5,60.0,54,40.91,25,29.52,4902,B1,兵庫,33.0,52.0,4.26,28.74,4.94,32.76,37,39.09,39,33.33,19.1,68.0,24.0,0.0,0.11,2.2,18.3,8.3,33.3,25.0,0.13,2.3,14.5,10.5,15.8,31.6,0.13,2.2,16.0,14.3,23.8,14.3,0.08,1.6,19.1,8.0,36.0,8.0,0.1,2.0,13.0,17.6,5.9,29.4,0.12,2.1,25.0,64.3,17.9,7.1,0.16,3.1,12.5,21.4,50.0,7.1,0.17,3.8,15.2,23.5,29.4,23.5,0.2,3.6,18.8,33.3,14.3,28.6,0.17,3.7,17.0,26.3,21.1,42.1,0.16,3.1,11.6,15.4,15.4,30.8,0.17,3.8,21.8,61.3,19.4,3.2,0.17,3.5,14.1,20.0,40.0,15.0,0.16,3.6,16.2,4.3,30.4,39.1,0.15,3.3,16.2,17.4,13.0,21.7,0.16,3.4,13.4,5.3,26.3,21.1,0.19,3.7,18.3,3.8,15.4,19.2,0.2,4.6,23.5,64.3,17.9,7.1,0.15,2.3,52.1,16.1,29.0,16.1,0.17,3.0,21.0,8.0,24.0,24.0,0.14,2.4,2.5,33.3,0.0,0.0,0.22,3.3,0.8,0.0,0.0,0.0,0.1,1.0,0.0,0.0,0.0,0.0,0.0,0.0,24.5,65.4,11.5,15.4,0.14,2.7,13.2,28.6,14.3,21.4,0.16,3.4,19.8,19.0,52.4,23.8,0.16,3.4,17.0,11.1,33.3,33.3,0.14,3.2,15.1,37.5,25.0,0.0,0.2,4.6,10.4,18.2,18.2,0.0,0.18,4.3,14.6,42.9,21.4,0.0,0.22,3.5,17.7,5.9,17.6,17.6,0.18,4.5,16.7,6.2,31.2,25.0,0.18,3.9,18.8,5.6,5.6,33.3,0.2,3.7,19.8,36.8,5.3,15.8,0.19,3.7,12.5,16.7,0.0,0.0,0.21,4.3
20260910,13,11,1800,5339,B1,香川,26.0,50.0,4.88,31.94,7.71,71.43,16,42.86,60,31.37,4152,A2,東京,46.0,52.0,5.27,38.04,5.82,47.06,24,29.63,68,24.73,4308,A1,愛知,42.0,52.0,6.73,46.55,7.14,60.71,12,46.73,33,32.04,4079,A2,福岡,47.0,53.0,6.06,41.18,5.64,18.18,1,35.24,40,23.76,4515,A2,佐賀,40.0,54.0,5.53,33.88,5.36,36.36,23,54.81,17,20.0,3984,A1,三重,48.0,54.0,6.27,40.16,6.66,51.43,59,20.0,54,33.96,13.8,8.3,25.0,0.0,0.22,5.0,17.2,13.3,26.7,20.0,0.21,4.0,12.6,27.3,9.1,54.5,0.18,3.1,14.9,23.1,15.4,23.1,0.15,2.1,25.3,9.1,27.3,13.6,0.17,3.1,16.1,7.1,7.1,14.3,0.2,4.6,15.9,38.5,30.8,7.7,0.17,3.5,19.5,12.5,18.8,31.2,0.18,3.3,17.1,21.4,28.6,7.1,0.18,3.3,17.1,28.6,21.4,21.4,0.17,3.0,17.1,7.1,28.6,14.3,0.18,3.6,13.4,9.1,0.0,0.0,0.21,4.8,24.6,74.2,9.7,9.7,0.16,3.3,17.5,13.6,31.8,18.2,0.17,4.1,14.3,5.6,22.2,33.3,0.15,3.1,16.7,14.3,23.8,42.9,0.17,3.1,13.5,11.8,23.5,29.4,0.18,3.9,13.5,5.9,11.8,41.2,0.17,3.2,20.2,50.0,22.7,9.1,0.19,3.8,15.6,17.6,17.6,29.4,0.19,4.0,17.4,26.3,21.1,26.3,0.21,3.6,17.4,21.1,31.6,0.0,0.19,4.4,13.8,6.7,20.0,0.0,0.15,3.9,15.6,17.6,17.6,0.0,0.17,4.2,20.3,82.1,10.7,0.0,0.15,2.6,18.1,12.0,36.0,24.0,0.16,3.4,14.5,10.0,15.0,55.0,0.18,3.6,17.4,4.2,29.2,8.3,0.16,3.3,13.8,15.8,10.5,21.1,0.17,3.2,15.9,4.5,31.8,0.0,0.2,4.5,23.9,78.8,12.1,6.1,0.15,2.4,16.7,8.7,39.1,21.7,0.18,3.3,15.9,22.7,27.3,31.8,0.17,3.1,16.7,17.4,17.4,21.7,0.16,3.5,15.9,18.2,9.1,40.9,0.19,3.7,10.9,33.3,0.0,0.0,0.2,4.4
20260910,13,12,1800,4002,A1,兵庫,48.0,53.0,6.5,48.67,7.12,56.17,2,33.64,36,46.32,5328,B1,福岡,22.0,54.0,4.1,18.39,0.0,0.0,30,25.77,24,26.92,4251,B1,山口,43.0,53.0,4.6,23.66,4.39,15.15,4,49.52,55,38.68,4608,A2,東京,36.0,56.0,5.99,41.91,7.43,71.43,62,26.53,67,25.96,4121,A2,福岡,44.0,53.0,5.87,42.17,6.0,36.84,28,25.77,49,36.45,4247,B1,徳島,44.0,55.0,5.3,32.56,4.38,18.0,14,27.55,34,43.12,20.6,68.2,9.1,9.1,0.14,2.8,15.9,11.8,29.4,29.4,0.14,3.4,21.5,26.1,21.7,8.7,0.12,2.9,18.7,35.0,10.0,15.0,0.13,3.1,15.9,5.9,11.8,11.8,0.15,2.7,7.5,12.5,37.5,0.0,0.14,3.4,12.8,10.0,10.0,10.0,0.18,3.8,19.2,13.3,20.0,13.3,0.2,4.8,16.7,7.7,7.7,15.4,0.23,4.0,19.2,6.7,26.7,0.0,0.16,3.9,16.7,23.1,7.7,0.0,0.17,4.1,15.4,33.3,0.0,0.0,0.22,5.3,11.3,42.9,28.6,7.1,0.19,3.3,21.0,15.4,11.5,26.9,0.22,5.0,17.7,4.5,18.2,27.3,0.2,4.2,16.9,19.0,4.8,0.0,0.21,4.9,16.1,5.0,15.0,20.0,0.21,4.6,16.9,19.0,0.0,0.0,0.24,5.4,21.2,61.1,27.8,5.6,0.14,2.8,14.1,25.0,25.0,0.0,0.18,3.9,18.8,25.0,37.5,18.8,0.17,3.6,20.0,5.9,11.8,35.3,0.18,3.2,15.3,7.7,23.1,23.1,0.19,3.1,10.6,22.2,0.0,0.0,0.17,3.9,22.0,59.3,22.2,3.7,0.13,2.0,16.3,15.0,35.0,15.0,0.15,2.9,13.0,31.2,6.2,31.2,0.17,2.6,14.6,5.6,27.8,22.2,0.12,2.4,15.4,10.5,10.5,21.1,0.13,3.2,18.7,17.4,0.0,0.0,0.16,3.9,10.2,50.0,10.0,0.0,0.16,3.5,22.4,13.6,22.7,4.5,0.2,3.7,17.3,11.8,23.5,23.5,0.15,2.7,18.4,16.7,5.6,33.3,0.13,2.8,18.4,11.1,22.2,0.0,0.17,3.1,13.3,7.7,7.7,30.8,0.18,4.2
20260910,05,1,1800,4465,B1,東京,40.0,52.0,4.71,21.54,3.78,12.2,51,35.64,71,25.0,3934,B1,愛知,49.0,54.0,5.03,23.77,3.94,17.65,64,32.56,68,28.09,3647,B1,埼玉,53.0,50.0,3.33,10.53,3.81,16.13,47,29.07,49,35.11,5042,A1,埼玉,27.0,53.0,6.61,53.19,5.07,22.22,11,34.02,31,30.61,3641,A1,東京,55.0,52.0,6.03,41.88,6.28,40.79,20,35.05,43,25.61,3519,B1,愛知,58.0,53.0,3.91,16.22,3.98,20.0,60,26.67,50,36.46,14.1,50.0,20.0,0.0,0.19,3.4,19.7,14.3,42.9,7.1,0.18,3.5,12.7,11.1,22.2,0.0,0.2,3.7,21.1,13.3,13.3,6.7,0.17,3.2,18.3,7.7,38.5,0.0,0.2,3.8,14.1,20.0,0.0,0.0,0.27,4.8,15.0,37.5,12.5,25.0,0.18,3.4,16.8,11.1,22.2,22.2,0.17,3.2,20.6,4.5,13.6,22.7,0.15,2.8,18.7,20.0,15.0,0.0,0.15,3.3,18.7,10.0,5.0,20.0,0.17,3.2,10.3,18.2,0.0,0.0,0.21,4.5,13.6,21.4,35.7,14.3,0.16,3.2,17.5,16.7,38.9,0.0,0.19,2.9,16.5,5.9,17.6,0.0,0.16,2.8,19.4,5.0,25.0,0.0,0.17,2.9,16.5,5.9,0.0,0.0,0.17,3.1,16.5,11.8,0.0,0.0,0.23,4.2,20.6,76.2,19.0,0.0,0.12,2.6,17.6,5.6,38.9,16.7,0.1,2.5,13.7,28.6,28.6,0.0,0.11,2.1,18.6,15.8,5.3,47.4,0.11,2.7,16.7,17.6,11.8,11.8,0.09,2.9,12.7,15.4,0.0,0.0,0.2,4.6,17.6,69.6,17.4,8.7,0.18,2.7,18.3,12.5,37.5,12.5,0.17,4.1,17.6,13.0,13.0,30.4,0.18,3.2,18.3,20.8,16.7,16.7,0.2,4.0,19.1,24.0,12.0,20.0,0.16,3.2,9.2,8.3,25.0,0.0,0.15,3.8,14.0,20.0,26.7,26.7,0.15,3.3,13.1,7.1,28.6,21.4,0.18,3.3,22.4,4.2,8.3,16.7,0.17,3.5,19.6,9.5,4.8,23.8,0.16,3.6,16.8,5.6,5.6,5.6,0.14,3.3,14.0,26.7,0.0,0.0,0.18,4.2
20260910,05,2,1800,3977,B1,大阪,49.0,53.0,4.3,15.63,4.75,25.0,24,21.69,39,25.97,4140,A2,東京,45.0,54.0,6.08,46.77,5.79,43.9,68,30.0,48,30.95,3582,A2,滋賀,53.0,54.0,6.25,47.57,6.67,58.97,50,37.38,52,40.4,3813,A1,愛知,50.0,54.0,6.55,44.9,6.53,52.94,40,31.71,70,25.88,4491,B1,群馬,39.0,51.0,4.32,24.47,5.21,30.23,15,18.42,41,22.89,2538,B1,東京,77.0,52.0,3.27,5.56,3.76,12.86,16,23.71,23,30.21,13.1,28.6,7.1,42.9,0.17,3.4,16.8,11.1,16.7,11.1,0.19,4.0,18.7,5.0,10.0,30.0,0.17,3.0,20.6,9.1,4.5,18.2,0.17,3.5,14.0,13.3,13.3,0.0,0.21,4.5,16.8,5.6,16.7,0.0,0.19,4.0,20.8,81.8,9.1,0.0,0.12,1.7,16.0,5.9,29.4,29.4,0.18,3.4,17.9,10.5,52.6,5.3,0.14,3.0,14.2,6.7,26.7,33.3,0.19,3.9,20.8,22.7,9.1,0.0,0.16,3.7,10.4,9.1,9.1,0.0,0.14,3.2,19.2,62.5,4.2,0.0,0.14,2.8,30.4,23.7,21.1,23.7,0.17,3.6,38.4,14.6,25.0,10.4,0.17,3.5,11.2,14.3,21.4,0.0,0.2,4.0,0.8,0.0,0.0,0.0,0.33,3.0,0.0,0.0,0.0,0.0,0.0,0.0,22.6,61.3,12.9,16.1,0.12,2.8,16.8,21.7,39.1,8.7,0.15,4.0,19.7,25.9,22.2,25.9,0.18,3.7,11.7,6.2,31.2,25.0,0.18,4.1,17.5,8.3,16.7,41.7,0.16,3.4,11.7,6.2,6.2,0.0,0.21,5.2,13.3,46.2,7.7,0.0,0.18,4.3,20.4,25.0,10.0,0.0,0.19,3.7,16.3,18.8,31.2,0.0,0.2,3.6,21.4,23.8,19.0,0.0,0.18,3.9,14.3,7.1,28.6,0.0,0.21,3.6,14.3,0.0,0.0,0.0,0.24,4.7,12.0,9.1,18.2,0.0,0.18,3.8,18.5,5.9,5.9,11.8,0.22,4.2,18.5,17.6,29.4,0.0,0.22,3.9,25.0,4.3,8.7,0.0,0.21,4.3,15.2,21.4,0.0,0.0,0.19,4.3,10.9,10.0,0.0,0.0,0.24,4.7
20260910,05,3,1800,3635,B1,福井,55.0,52.0,4.86,30.23,3.5,0.0,69,29.11,30,41.84,4227,A2,三重,43.0,52.0,5.82,32.29,5.53,30.19,52,32.93,47,38.14,3947,B1,群馬,50.0,48.0,4.34,20.0,4.4,14.29,35,17.81,69,44.9,3792,A1,東京,53.0,55.0,6.07,41.98,6.17,43.9,70,32.56,82,29.9,3489,A2,静岡,59.0,53.0,6.02,45.04,5.55,28.57,65,35.16,84,24.71,5449,B2,東京,23.0,50.0,1.45,5.26,1.0,0.0,45,37.0,63,23.81,16.3,52.9,29.4,5.9,0.16,2.8,17.3,11.1,38.9,11.1,0.16,2.5,13.5,7.1,21.4,28.6,0.14,3.0,16.3,5.9,23.5,5.9,0.19,3.8,15.4,6.2,12.5,6.2,0.18,3.3,21.2,4.5,4.5,4.5,0.19,4.7,22.6,70.0,10.0,6.7,0.16,2.3,18.8,8.0,32.0,16.0,0.16,2.7,15.0,20.0,15.0,25.0,0.12,2.6,16.5,13.6,27.3,22.7,0.19,3.3,13.5,5.6,16.7,22.2,0.14,2.7,13.5,5.6,22.2,0.0,0.17,3.4,14.6,26.7,6.7,20.0,0.15,3.1,18.4,5.3,42.1,0.0,0.21,3.7,17.5,5.6,11.1,11.1,0.18,3.8,20.4,14.3,28.6,0.0,0.22,4.2,17.5,5.6,5.6,22.2,0.19,3.4,11.7,16.7,16.7,0.0,0.18,3.7,17.2,52.9,35.3,5.9,0.15,3.2,21.2,19.0,23.8,19.0,0.17,3.0,16.2,31.2,31.2,25.0,0.15,2.1,17.2,17.6,41.2,29.4,0.14,2.5,15.2,6.7,20.0,26.7,0.15,3.1,13.1,7.7,7.7,30.8,0.18,4.2,17.5,62.5,16.7,8.3,0.14,2.6,19.0,7.7,46.2,23.1,0.17,3.4,13.9,5.3,26.3,42.1,0.13,2.1,21.2,6.9,20.7,20.7,0.16,3.8,11.7,12.5,18.8,0.0,0.18,3.4,16.8,17.4,0.0,0.0,0.2,4.9,0.0,0.0,0.0,0.0,0.0,0.0,0.0,0.0,0.0,0.0,0.0,0.0,0.0,0.0,0.0,0.0,0.0,0.0,0.0,0.0,0.0,0.0,0.0,0.0,0.0,0.0,0.0,0.0,0.0,0.0,0.0,0.0,0.0,0.0,0.0,0.0
20260910,05,4,1800,3463,B1,東京,59.0,52.0,4.54,24.44,4.79,23.08,39,32.97,57,26.58,3997,A1,大阪,47.0,54.0,6.02,38.21,6.1,28.57,62,29.47,24,30.61,3507,B1,大阪,55.0,51.0,4.3,24.66,4.1,20.0,13,28.87,33,33.0,3713,A1,愛知,51.0,54.0,5.02,35.11,5.74,37.14,59,25.93,59,33.33,4146,A2,滋賀,44.0,53.0,4.94,27.96,4.5,12.5,56,34.38,34,21.43,4619,B1,東京,43.0,52.0,5.64,41.9,4.92,36.11,63,38.68,58,21.92,15.8,26.3,15.8,21.1,0.18,4.6,17.5,4.8,14.3,47.6,0.19,4.4,19.2,13.0,21.7,26.1,0.15,3.1,19.2,13.0,8.7,26.1,0.2,4.6,19.2,4.3,8.7,21.7,0.2,4.3,9.2,27.3,0.0,0.0,0.2,5.5,22.8,70.6,11.8,5.9,0.15,2.3,17.4,11.5,46.2,19.2,0.17,3.5,16.8,24.0,16.0,32.0,0.15,3.0,15.4,17.4,13.0,34.8,0.17,3.7,16.8,4.0,16.0,32.0,0.17,3.6,10.7,6.2,37.5,0.0,0.17,4.7,18.1,26.7,26.7,6.7,0.2,3.3,16.9,7.1,28.6,21.4,0.18,4.2,19.3,50.0,12.5,0.0,0.17,3.8,16.9,0.0,0.0,0.0,0.23,5.2,24.1,5.0,10.0,0.0,0.21,4.2,4.8,0.0,0.0,0.0,0.26,5.8,18.2,59.1,27.3,4.5,0.14,2.5,16.5,15.0,30.0,15.0,0.16,2.9,19.0,21.7,26.1,21.7,0.15,3.2,17.4,23.8,38.1,19.0,0.14,2.1,15.7,5.3,15.8,21.1,0.14,2.7,13.2,6.2,25.0,0.0,0.16,3.1,17.2,76.2,14.3,4.8,0.14,3.0,18.9,8.7,21.7,26.1,0.16,3.4,18.0,13.6,13.6,40.9,0.15,2.8,16.4,20.0,15.0,25.0,0.13,2.6,16.4,15.0,20.0,15.0,0.12,2.1,13.1,12.5,18.8,0.0,0.16,3.0,12.6,46.7,26.7,0.0,0.18,3.5,10.9,23.1,7.7,0.0,0.18,2.7,10.9,7.7,23.1,0.0,0.21,3.5,13.4,31.2,18.8,12.5,0.14,2.4,19.3,4.3,21.7,21.7,0.2,3.4,32.8,7.7,7.7,15.4,0.16,3.7
20260910,05,5,1800,4210,A2,福井,43.0,54.0,5.3,27.52,5.11,26.32,57,48.35,77,39.39,4055,A2,兵庫,48.0,51.0,6.8,53.79,6.56,47.27,72,28.72,78,30.26,4035,B1,愛知,47.0,51.0,3.59,21.0,3.29,19.35,38,22.22,44,25.93,3990,B1,静岡,47.0,52.0,5.07,28.28,3.38,12.5,58,34.57,73,26.51,4645,A1,群馬,46.0,54.0,6.56,45.13,7.03,50.0,26,28.24,81,27.08,4470,A2,三重,39.0,53.0,6.46,50.0,6.69,50.0,53,32.58,79,39.36,22.3,48.0,28.0,8.0,0.15,3.1,18.8,23.8,33.3,0.0,0.18,4.1,11.6,7.7,15.4,15.4,0.2,4.4,17.9,15.0,10.0,50.0,0.17,3.5,18.8,9.5,4.8,38.1,0.18,4.0,10.7,8.3,25.0,0.0,0.17,3.8,18.1,65.4,19.2,0.0,0.15,3.2,18.8,22.2,40.7,3.7,0.14,2.7,17.4,8.0,8.0,32.0,0.17,3.5,19.4,7.1,32.1,14.3,0.15,3.4,20.1,3.4,13.8,31.0,0.15,3.2,6.2,11.1,11.1,0.0,0.16,3.7,12.8,28.6,7.1,14.3,0.21,4.2,17.4,5.3,10.5,5.3,0.23,4.3,20.2,9.1,31.8,9.1,0.21,4.2,12.8,14.3,21.4,0.0,0.23,4.4,23.9,3.8,7.7,7.7,0.21,4.5,12.8,21.4,0.0,0.0,0.17,3.9,13.7,50.0,7.1,7.1,0.14,2.8,19.6,15.0,15.0,25.0,0.13,3.1,15.7,12.5,31.2,0.0,0.14,2.6,16.7,5.9,17.6,0.0,0.13,3.1,22.5,8.7,13.0,0.0,0.14,3.3,11.8,8.3,8.3,0.0,0.16,3.5,21.3,69.6,13.0,4.3,0.15,2.9,16.7,16.7,44.4,22.2,0.14,2.3,16.7,16.7,27.8,16.7,0.13,2.4,15.7,29.4,5.9,0.0,0.14,2.3,9.3,10.0,0.0,0.0,0.11,2.6,20.4,9.1,13.6,18.2,0.16,3.2,21.2,63.6,13.6,9.1,0.14,2.9,15.4,37.5,37.5,12.5,0.14,1.9,19.2,5.0,15.0,35.0,0.13,2.3,13.5,14.3,42.9,7.1,0.14,2.6,11.5,25.0,33.3,0.0,0.17,3.3,19.2,5.0,35.0,0.0,0.2,4.7
20260910,05,6,1800,5042,A1,埼玉,27.0,53.0,6.61,53.19,5.07,22.22,11,34.02,31,30.61,4565,B1,愛知,38.0,54.0,4.04,14.58,6.17,38.89,73,23.26,72,37.89,3965,A1,滋賀,47.0,55.0,5.82,40.35,6.23,50.0,19,33.73,29,43.62,4587,A1,福井,35.0,54.0,5.77,43.68,5.44,29.63,33,21.59,67,28.57,4031,B1,埼玉,48.0,53.0,4.85,28.09,3.76,14.29,31,38.54,56,37.37,5262,B1,愛知,28.0,54.0,4.03,17.46,3.76,11.76,49,42.59,80,34.83,20.6,76.2,19.0,0.0,0.12,2.6,17.6,5.6,38.9,16.7,0.1,2.5,13.7,28.6,28.6,0.0,0.11,2.1,18.6,15.8,5.3,47.4,0.11,2.7,16.7,17.6,11.8,11.8,0.09,2.9,12.7,15.4,0.0,0.0,0.2,4.6,15.5,26.7,6.7,20.0,0.17,3.3,16.5,6.2,6.2,18.8,0.18,4.3,12.4,16.7,8.3,0.0,0.15,3.8,20.6,5.0,20.0,0.0,0.2,3.4,16.5,6.2,25.0,0.0,0.19,3.7,18.6,5.6,5.6,0.0,0.2,4.1,18.2,54.5,22.7,18.2,0.16,3.0,19.8,16.7,37.5,20.8,0.18,3.7,15.7,15.8,47.4,15.8,0.18,3.8,19.0,30.4,21.7,17.4,0.17,3.1,13.2,12.5,18.8,18.8,0.18,3.9,14.0,5.9,29.4,0.0,0.16,4.2,22.0,65.4,23.1,3.8,0.15,2.8,16.1,21.1,47.4,10.5,0.17,3.6,17.8,33.3,14.3,9.5,0.14,3.0,13.6,18.8,18.8,6.2,0.15,3.2,14.4,17.6,23.5,5.9,0.18,3.0,16.1,5.3,10.5,15.8,0.22,4.5,13.8,30.8,38.5,23.1,0.15,2.8,19.1,11.1,27.8,11.1,0.17,3.8,21.3,5.0,15.0,20.0,0.16,3.3,12.8,16.7,25.0,8.3,0.16,3.0,20.2,5.3,10.5,10.5,0.2,3.6,12.8,8.3,8.3,0.0,0.19,3.8,15.9,7.1,35.7,14.3,0.2,4.1,18.2,12.5,12.5,37.5,0.18,3.7,19.3,29.4,47.1,0.0,0.14,2.6,13.6,16.7,8.3,0.0,0.2,3.9,20.5,27.8,11.1,0.0,0.2,4.3,12.5,18.2,0.0,0.0,0.24,4.9
20260910,05,7,1800,4376,A2,静岡,42.0,53.0,5.66,41.18,6.3,43.48,29,22.73,26,48.0,3740,A1,群馬,52.0,53.0,6.08,40.48,5.04,21.74,43,31.91,62,32.29,3519,B1,愛知,58.0,53.0,3.91,16.22,3.98,20.0,60,26.67,50,36.46,4491,B1,群馬,39.0,51.0,4.32,24.47,5.21,30.23,15,18.42,41,22.89,3772,B1,埼玉,52.0,53.0,4.86,22.78,5.17,30.43,66,35.56,65,19.4,5449,B2,東京,23.0,50.0,1.45,5.26,1.0,0.0,45,37.0,63,23.81,18.9,77.8,3.7,3.7,0.13,1.7,18.2,7.7,38.5,15.4,0.14,3.0,16.1,17.4,26.1,26.1,0.14,2.5,14.0,25.0,15.0,15.0,0.17,3.3,14.7,9.5,4.8,9.5,0.17,3.0,18.2,3.8,3.8,7.7,0.18,4.3,22.1,59.4,31.2,6.2,0.15,3.0,15.9,13.0,26.1,17.4,0.19,3.4,16.6,25.0,25.0,16.7,0.19,3.5,13.1,21.1,21.1,15.8,0.16,3.3,17.9,23.1,15.4,19.2,0.19,3.2,14.5,4.8,14.3,14.3,0.18,3.7,14.0,20.0,26.7,26.7,0.15,3.3,13.1,7.1,28.6,21.4,0.18,3.3,22.4,4.2,8.3,16.7,0.17,3.5,19.6,9.5,4.8,23.8,0.16,3.6,16.8,5.6,5.6,5.6,0.14,3.3,14.0,26.7,0.0,0.0,0.18,4.2,13.3,46.2,7.7,0.0,0.18,4.3,20.4,25.0,10.0,0.0,0.19,3.7,16.3,18.8,31.2,0.0,0.2,3.6,21.4,23.8,19.0,0.0,0.18,3.9,14.3,7.1,28.6,0.0,0.21,3.6,14.3,0.0,0.0,0.0,0.24,4.7,15.2,40.0,33.3,20.0,0.18,2.2,14.1,7.1,21.4,14.3,0.16,3.4,21.2,4.8,23.8,42.9,0.15,2.6,20.2,5.0,15.0,20.0,0.11,2.7,15.2,6.7,40.0,0.0,0.16,3.3,14.1,14.3,0.0,0.0,0.2,4.5,0.0,0.0,0.0,0.0,0.0,0.0,0.0,0.0,0.0,0.0,0.0,0.0,0.0,0.0,0.0,0.0,0.0,0.0,0.0,0.0,0.0,0.0,0.0,0.0,0.0,0.0,0.0,0.0,0.0,0.0,0.0,0.0,0.0,0.0,0.0,0.0
20260910,05,8,1800,4420,A2,群馬,38.0,55.0,5.77,39.5,5.09,28.57,30,30.26,54,28.89,3713,A1,愛知,51.0,54.0,5.02,35.11,5.74,37.14,59,25.93,59,33.33,3792,A1,東京,53.0,55.0,6.07,41.98,6.17,43.9,70,32.56,82,29.9,3848,B1,愛知,49.0,56.0,4.46,25.61,4.91,40.0,25,28.41,42,35.63,4281,B1,埼玉,42.0,53.0,5.27,30.21,4.89,25.4,48,21.05,66,53.54,5433,B2,東京,21.0,52.0,2.16,2.99,1.17,0.0,21,37.21,25,34.44,17.2,48.0,20.0,12.0,0.15,3.1,17.9,7.7,38.5,26.9,0.16,3.1,17.2,12.0,24.0,24.0,0.15,2.7,18.6,18.5,18.5,22.2,0.15,2.7,17.9,3.8,15.4,34.6,0.16,3.5,11.0,6.2,12.5,0.0,0.2,3.9,18.2,59.1,27.3,4.5,0.14,2.5,16.5,15.0,30.0,15.0,0.16,2.9,19.0,21.7,26.1,21.7,0.15,3.2,17.4,23.8,38.1,19.0,0.14,2.1,15.7,5.3,15.8,21.1,0.14,2.7,13.2,6.2,25.0,0.0,0.16,3.1,17.2,52.9,35.3,5.9,0.15,3.2,21.2,19.0,23.8,19.0,0.17,3.0,16.2,31.2,31.2,25.0,0.15,2.1,17.2,17.6,41.2,29.4,0.14,2.5,15.2,6.7,20.0,26.7,0.15,3.1,13.1,7.7,7.7,30.8,0.18,4.2,16.0,35.0,35.0,5.0,0.15,2.5,16.0,25.0,20.0,0.0,0.18,3.8,16.8,28.6,19.0,0.0,0.14,2.4,16.0,5.0,25.0,10.0,0.14,2.7,19.2,4.2,8.3,16.7,0.13,2.9,16.0,10.0,15.0,0.0,0.15,3.5,16.5,60.0,20.0,13.3,0.15,2.3,17.6,6.2,25.0,31.2,0.17,3.1,17.6,6.2,18.8,18.8,0.17,3.3,15.4,7.1,7.1,21.4,0.17,3.2,18.7,11.8,17.6,0.0,0.19,3.9,14.3,15.4,0.0,0.0,0.17,4.2,0.0,0.0,0.0,0.0,0.0,0.0,0.0,0.0,0.0,0.0,0.0,0.0,0.0,0.0,0.0,0.0,0.0,0.0,0.0,0.0,0.0,0.0,0.0,0.0,0.0,0.0,0.0,0.0,0.0,0.0,100.0,1.6,1.6,0.0,0.24,5.0
20260910,05,9,1800,4146,A2,滋賀,44.0,53.0,4.94,27.96,4.5,12.5,56,34.38,34,21.43,4645,A1,群馬,46.0,54.0,6.56,45.13,7.03,50.0,26,28.24,81,27.08,4465,B1,東京,40.0,52.0,4.71,21.54,3.78,12.2,51,35.64,71,25.0,2538,B1,東京,77.0,52.0,3.27,5.56,3.76,12.86,16,23.71,23,30.21,5103,B2,埼玉,28.0,53.0,4.04,26.0,2.65,5.0,34,30.85,28,26.51,4227,A2,三重,43.0,52.0,5.82,32.29,5.53,30.19,52,32.93,47,38.14,17.2,76.2,14.3,4.8,0.14,3.0,18.9,8.7,21.7,26.1,0.16,3.4,18.0,13.6,13.6,40.9,0.15,2.8,16.4,20.0,15.0,25.0,0.13,2.6,16.4,15.0,20.0,15.0,0.12,2.1,13.1,12.5,18.8,0.0,0.16,3.0,21.3,69.6,13.0,4.3,0.15,2.9,16.7,16.7,44.4,22.2,0.14,2.3,16.7,16.7,27.8,16.7,0.13,2.4,15.7,29.4,5.9,0.0,0.14,2.3,9.3,10.0,0.0,0.0,0.11,2.6,20.4,9.1,13.6,18.2,0.16,3.2,14.1,50.0,20.0,0.0,0.19,3.4,19.7,14.3,42.9,7.1,0.18,3.5,12.7,11.1,22.2,0.0,0.2,3.7,21.1,13.3,13.3,6.7,0.17,3.2,18.3,7.7,38.5,0.0,0.2,3.8,14.1,20.0,0.0,0.0,0.27,4.8,12.0,9.1,18.2,0.0,0.18,3.8,18.5,5.9,5.9,11.8,0.22,4.2,18.5,17.6,29.4,0.0,0.22,3.9,25.0,4.3,8.7,0.0,0.21,4.3,15.2,21.4,0.0,0.0,0.19,4.3,10.9,10.0,0.0,0.0,0.24,4.7,13.2,30.0,10.0,0.0,0.17,3.6,13.2,30.0,10.0,0.0,0.17,3.3,14.5,9.1,27.3,0.0,0.2,4.4,14.5,9.1,18.2,0.0,0.21,4.3,11.8,11.1,33.3,0.0,0.19,3.8,32.9,4.0,4.0,4.0,0.21,4.3,22.6,70.0,10.0,6.7,0.16,2.3,18.8,8.0,32.0,16.0,0.16,2.7,15.0,20.0,15.0,25.0,0.12,2.6,16.5,13.6,27.3,22.7,0.19,3.3,13.5,5.6,16.7,22.2,0.14,2.7,13.5,5.6,22.2,0.0,0.17,3.4
20260910,05,10,1800,3997,A1,大阪,47.0,54.0,6.02,38.21,6.1,28.57,62,29.47,24,30.61,3582,A2,滋賀,53.0,54.0,6.25,47.57,6.67,58.97,50,37.38,52,40.4,4470,A2,三重,39.0,53.0,6.46,50.0,6.69,50.0,53,32.58,79,39.36,3947,B1,群馬,50.0,48.0,4.34,20.0,4.4,14.29,35,17.81,69,44.9,3934,B1,愛知,49.0,54.0,5.03,23.77,3.94,17.65,64,32.56,68,28.09,4587,A1,福井,35.0,54.0,5.77,43.68,5.44,29.63,33,21.59,67,28.57,22.8,70.6,11.8,5.9,0.15,2.3,17.4,11.5,46.2,19.2,0.17,3.5,16.8,24.0,16.0,32.0,0.15,3.0,15.4,17.4,13.0,34.8,0.17,3.7,16.8,4.0,16.0,32.0,0.17,3.6,10.7,6.2,37.5,0.0,0.17,4.7,19.2,62.5,4.2,0.0,0.14,2.8,30.4,23.7,21.1,23.7,0.17,3.6,38.4,14.6,25.0,10.4,0.17,3.5,11.2,14.3,21.4,0.0,0.2,4.0,0.8,0.0,0.0,0.0,0.33,3.0,0.0,0.0,0.0,0.0,0.0,0.0,21.2,63.6,13.6,9.1,0.14,2.9,15.4,37.5,37.5,12.5,0.14,1.9,19.2,5.0,15.0,35.0,0.13,2.3,13.5,14.3,42.9,7.1,0.14,2.6,11.5,25.0,33.3,0.0,0.17,3.3,19.2,5.0,35.0,0.0,0.2,4.7,14.6,26.7,6.7,20.0,0.15,3.1,18.4,5.3,42.1,0.0,0.21,3.7,17.5,5.6,11.1,11.1,0.18,3.8,20.4,14.3,28.6,0.0,0.22,4.2,17.5,5.6,5.6,22.2,0.19,3.4,11.7,16.7,16.7,0.0,0.18,3.7,15.0,37.5,12.5,25.0,0.18,3.4,16.8,11.1,22.2,22.2,0.17,3.2,20.6,4.5,13.6,22.7,0.15,2.8,18.7,20.0,15.0,0.0,0.15,3.3,18.7,10.0,5.0,20.0,0.17,3.2,10.3,18.2,0.0,0.0,0.21,4.5,22.0,65.4,23.1,3.8,0.15,2.8,16.1,21.1,47.4,10.5,0.17,3.6,17.8,33.3,14.3,9.5,0.14,3.0,13.6,18.8,18.8,6.2,0.15,3.2,14.4,17.6,23.5,5.9,0.18,3.0,16.1,5.3,10.5,15.8,0.22,4.5
20260910,05,11,1800,3641,A1,東京,55.0,52.0,6.03,41.88,6.28,40.79,20,35.05,43,25.61,3507,B1,大阪,55.0,51.0,4.3,24.66,4.1,20.0,13,28.87,33,33.0,3813,A1,愛知,50.0,54.0,6.55,44.9,6.53,52.94,40,31.71,70,25.88,4430,A2,東京,40.0,56.0,5.85,37.5,5.73,39.29,23,32.47,35,30.34,4210,A2,福井,43.0,54.0,5.3,27.52,5.11,26.32,57,48.35,77,39.39,4031,B1,埼玉,48.0,53.0,4.85,28.09,3.76,14.29,31,38.54,56,37.37,17.6,69.6,17.4,8.7,0.18,2.7,18.3,12.5,37.5,12.5,0.17,4.1,17.6,13.0,13.0,30.4,0.18,3.2,18.3,20.8,16.7,16.7,0.2,4.0,19.1,24.0,12.0,20.0,0.16,3.2,9.2,8.3,25.0,0.0,0.15,3.8,18.1,26.7,26.7,6.7,0.2,3.3,16.9,7.1,28.6,21.4,0.18,4.2,19.3,50.0,12.5,0.0,0.17,3.8,16.9,0.0,0.0,0.0,0.23,5.2,24.1,5.0,10.0,0.0,0.21,4.2,4.8,0.0,0.0,0.0,0.26,5.8,22.6,61.3,12.9,16.1,0.12,2.8,16.8,21.7,39.1,8.7,0.15,4.0,19.7,25.9,22.2,25.9,0.18,3.7,11.7,6.2,31.2,25.0,0.18,4.1,17.5,8.3,16.7,41.7,0.16,3.4,11.7,6.2,6.2,0.0,0.21,5.2,19.7,44.4,22.2,18.5,0.16,2.6,18.2,20.0,32.0,16.0,0.16,3.2,15.3,33.3,14.3,19.0,0.15,2.8,17.5,8.3,20.8,20.8,0.18,3.4,16.1,22.7,13.6,0.0,0.19,3.3,13.1,16.7,22.2,0.0,0.19,4.1,22.3,48.0,28.0,8.0,0.15,3.1,18.8,23.8,33.3,0.0,0.18,4.1,11.6,7.7,15.4,15.4,0.2,4.4,17.9,15.0,10.0,50.0,0.17,3.5,18.8,9.5,4.8,38.1,0.18,4.0,10.7,8.3,25.0,0.0,0.17,3.8,13.8,30.8,38.5,23.1,0.15,2.8,19.1,11.1,27.8,11.1,0.17,3.8,21.3,5.0,15.0,20.0,0.16,3.3,12.8,16.7,25.0,8.3,0.16,3.0,20.2,5.3,10.5,10.5,0.2,3.6,12.8,8.3,8.3,0.0,0.19,3.8
20260910,05,12,1800,3740,A1,群馬,52.0,53.0,6.08,40.48,5.04,21.74,43,31.91,62,32.29,4656,A2,兵庫,39.0,57.0,4.84,31.18,5.34,34.29,22,21.43,22,30.88,4140,A2,東京,45.0,54.0,6.08,46.77,5.79,43.9,68,30.0,48,30.95,3635,B1,福井,55.0,52.0,4.86,30.23,3.5,0.0,69,29.11,30,41.84,4055,A2,兵庫,48.0,51.0,6.8,53.79,6.56,47.27,72,28.72,78,30.26,3965,A1,滋賀,47.0,55.0,5.82,40.35,6.23,50.0,19,33.73,29,43.62,22.1,59.4,31.2,6.2,0.15,3.0,15.9,13.0,26.1,17.4,0.19,3.4,16.6,25.0,25.0,16.7,0.19,3.5,13.1,21.1,21.1,15.8,0.16,3.3,17.9,23.1,15.4,19.2,0.19,3.2,14.5,4.8,14.3,14.3,0.18,3.7,15.2,64.3,21.4,7.1,0.14,2.1,16.3,20.0,20.0,13.3,0.16,3.2,15.2,14.3,21.4,14.3,0.16,2.9,20.7,15.8,21.1,15.8,0.14,3.3,16.3,33.3,0.0,0.0,0.17,3.1,16.3,6.7,26.7,0.0,0.18,3.7,20.8,81.8,9.1,0.0,0.12,1.7,16.0,5.9,29.4,29.4,0.18,3.4,17.9,10.5,52.6,5.3,0.14,3.0,14.2,6.7,26.7,33.3,0.19,3.9,20.8,22.7,9.1,0.0,0.16,3.7,10.4,9.1,9.1,0.0,0.14,3.2,16.3,52.9,29.4,5.9,0.16,2.8,17.3,11.1,38.9,11.1,0.16,2.5,13.5,7.1,21.4,28.6,0.14,3.0,16.3,5.9,23.5,5.9,0.19,3.8,15.4,6.2,12.5,6.2,0.18,3.3,21.2,4.5,4.5,4.5,0.19,4.7,18.1,65.4,19.2,0.0,0.15,3.2,18.8,22.2,40.7,3.7,0.14,2.7,17.4,8.0,8.0,32.0,0.17,3.5,19.4,7.1,32.1,14.3,0.15,3.4,20.1,3.4,13.8,31.0,0.15,3.2,6.2,11.1,11.1,0.0,0.16,3.7,18.2,54.5,22.7,18.2,0.16,3.0,19.8,16.7,37.5,20.8,0.18,3.7,15.7,15.8,47.4,15.8,0.18,3.8,19.0,30.4,21.7,17.4,0.17,3.1,13.2,12.5,18.8,18.8,0.18,3.9,14.0,5.9,29.4,0.0,0.16,4.2
20260910,04,1,1800,4414,B1,東京,39.0,45.0,3.9,23.88,3.77,28.57,44,14.89,43,33.87,4844,B1,広島,33.0,51.0,3.91,17.39,4.5,25.0,43,42.59,37,23.73,5264,B1,兵庫,26.0,44.0,5.13,31.46,6.0,42.86,72,23.53,73,30.23,3551,B1,福岡,54.0,44.0,3.85,18.31,3.8,20.0,40,40.74,27,16.0,4240,A2,群馬,42.0,44.0,5.5,33.98,6.17,45.71,39,12.5,25,53.85,5314,B1,東京,25.0,52.0,3.11,10.13,1.71,2.38,34,39.29,44,32.76,10.8,55.6,33.3,0.0,0.16,1.7,20.5,5.9,17.6,23.5,0.16,3.2,25.3,4.8,38.1,4.8,0.17,3.0,18.1,13.3,6.7,0.0,0.2,3.8,15.7,15.4,0.0,0.0,0.23,4.5,9.6,0.0,0.0,0.0,0.21,4.0,14.9,40.0,30.0,10.0,0.18,3.4,21.6,6.9,34.5,17.2,0.15,3.3,17.9,4.2,29.2,20.8,0.15,2.7,17.2,8.7,13.0,4.3,0.16,3.5,19.4,3.8,19.2,0.0,0.21,4.1,9.0,0.0,0.0,0.0,0.25,4.9,12.9,13.3,13.3,40.0,0.16,3.2,19.8,13.0,26.1,30.4,0.13,2.5,19.0,9.1,9.1,36.4,0.14,2.7,12.9,20.0,20.0,0.0,0.16,3.0,17.2,10.0,15.0,15.0,0.14,2.8,18.1,4.8,28.6,0.0,0.17,3.3,13.3,27.3,9.1,27.3,0.21,3.6,21.7,11.1,16.7,11.1,0.19,3.1,15.7,7.7,7.7,0.0,0.24,4.6,16.9,7.1,0.0,0.0,0.22,4.0,21.7,5.6,5.6,11.1,0.17,3.2,10.8,11.1,0.0,0.0,0.19,4.1,17.6,52.6,21.1,0.0,0.14,2.4,18.5,20.0,45.0,20.0,0.13,2.2,18.5,5.0,30.0,25.0,0.13,2.4,15.7,17.6,23.5,23.5,0.14,1.9,13.9,13.3,40.0,0.0,0.16,2.9,15.7,5.9,11.8,5.9,0.18,3.5,13.5,30.0,20.0,0.0,0.14,2.8,18.9,7.1,28.6,0.0,0.16,3.1,16.2,8.3,0.0,0.0,0.21,3.2,21.6,18.8,18.8,0.0,0.19,3.0,9.5,0.0,0.0,0.0,0.2,3.7,20.3,6.7,0.0,0.0,0.21,3.9
20260910,04,2,1800,5164,B2,福岡,26.0,48.0,2.6,0.0,2.13,0.0,52,28.57,58,18.87,4065,B1,岡山,46.0,43.0,5.16,35.14,0.0,0.0,64,30.19,26,35.85,4941,B1,滋賀,37.0,44.0,4.61,27.78,4.4,13.33,31,31.25,34,29.17,4289,A2,大阪,41.0,49.0,5.8,38.27,4.58,25.0,59,21.28,19,26.92,4882,B2,広島,30.0,48.0,3.24,14.71,4.9,20.0,71,28.81,38,50.0,4874,B1,福岡,32.0,52.0,4.99,27.16,5.8,60.0,55,23.64,15,19.61,12.0,33.3,16.7,16.7,0.25,3.5,22.0,27.3,18.2,0.0,0.2,4.6,22.0,9.1,0.0,0.0,0.21,4.6,10.0,0.0,0.0,0.0,0.27,4.4,24.0,8.3,0.0,0.0,0.24,3.8,10.0,0.0,0.0,0.0,0.21,3.4,15.3,40.0,26.7,6.7,0.14,2.9,17.3,17.6,17.6,11.8,0.16,3.4,18.4,11.1,33.3,11.1,0.21,3.8,20.4,30.0,0.0,0.0,0.19,3.9,16.3,12.5,18.8,6.2,0.16,3.6,12.2,8.3,0.0,0.0,0.17,3.9,13.8,33.3,26.7,13.3,0.23,4.7,18.3,15.0,20.0,20.0,0.19,3.9,18.3,15.0,5.0,45.0,0.2,4.0,18.3,15.0,10.0,15.0,0.23,4.4,15.6,5.9,11.8,0.0,0.21,5.2,15.6,5.9,29.4,0.0,0.17,4.2,20.0,66.7,14.8,11.1,0.13,1.7,19.3,34.6,11.5,26.9,0.14,2.8,14.1,15.8,36.8,0.0,0.13,2.5,17.0,8.7,21.7,26.1,0.15,2.7,16.3,18.2,13.6,0.0,0.13,2.7,13.3,33.3,0.0,0.0,0.13,2.4,11.1,28.6,28.6,0.0,0.21,4.0,17.5,18.2,18.2,0.0,0.23,3.9,14.3,11.1,22.2,0.0,0.19,4.1,11.1,14.3,28.6,0.0,0.19,3.1,17.5,9.1,0.0,0.0,0.19,4.1,28.6,5.6,0.0,0.0,0.34,5.6,18.1,23.5,17.6,23.5,0.16,2.9,54.3,11.8,3.9,29.4,0.15,2.9,23.4,4.5,18.2,18.2,0.13,2.3,2.1,0.0,0.0,0.0,0.18,4.0,2.1,50.0,0.0,0.0,0.18,3.0,0.0,0.0,0.0,0.0,0.0,0.0
20260910,04,3,1800,4186,B1,埼玉,45.0,56.0,3.74,18.39,3.15,12.12,47,25.86,35,45.16,4893,B1,東京,35.0,47.0,5.16,34.09,4.98,32.08,29,44.44,39,29.63,4275,B1,広島,43.0,53.0,3.37,13.56,0.0,0.0,63,28.33,48,23.08,4927,A2,大阪,32.0,44.0,6.08,42.45,5.72,44.83,13,30.36,47,36.73,5310,B1,岡山,21.0,46.0,4.62,16.9,1.87,0.0,57,23.91,36,30.43,5201,B2,東京,23.0,52.0,5.35,31.33,5.57,37.04,33,36.84,53,47.46,14.3,36.4,9.1,9.1,0.15,2.9,16.9,15.4,23.1,0.0,0.2,4.0,20.8,18.8,12.5,0.0,0.16,3.1,18.2,7.1,7.1,14.3,0.15,2.9,18.2,7.1,0.0,0.0,0.19,4.7,11.7,0.0,0.0,0.0,0.19,3.9,17.6,53.3,6.7,20.0,0.15,2.5,16.5,14.3,21.4,21.4,0.17,3.2,18.8,25.0,12.5,6.2,0.15,2.5,14.1,8.3,33.3,0.0,0.17,2.7,18.8,18.8,12.5,6.2,0.14,2.8,14.1,8.3,0.0,0.0,0.18,2.9,16.5,15.4,15.4,15.4,0.24,4.2,17.7,7.1,28.6,0.0,0.19,4.6,19.0,6.7,20.0,0.0,0.27,4.5,13.9,9.1,9.1,0.0,0.15,3.5,17.7,7.1,14.3,0.0,0.2,3.6,15.2,0.0,0.0,0.0,0.24,4.8,19.5,57.7,11.5,3.8,0.15,2.6,18.0,20.8,8.3,25.0,0.16,3.4,18.0,8.3,37.5,12.5,0.14,3.0,15.8,4.8,42.9,0.0,0.18,3.3,15.0,5.0,25.0,25.0,0.15,2.4,13.5,5.6,11.1,11.1,0.17,3.7,11.4,33.3,33.3,0.0,0.2,3.9,19.0,13.3,26.7,0.0,0.19,3.4,21.5,5.9,17.6,23.5,0.12,2.4,13.9,9.1,9.1,9.1,0.14,3.1,16.5,23.1,0.0,0.0,0.14,2.8,17.7,14.3,7.1,0.0,0.19,4.6,13.8,75.0,0.0,0.0,0.21,4.8,13.8,50.0,25.0,0.0,0.25,3.4,17.2,20.0,20.0,0.0,0.19,3.2,24.1,28.6,28.6,0.0,0.17,4.3,13.8,25.0,0.0,0.0,0.18,4.5,17.2,20.0,0.0,0.0,0.29,5.6
20260910,04,4,1800,4730,B1,静岡,37.0,47.0,5.38,32.1,3.89,33.33,16,46.03,52,40.98,5165,B1,岡山,26.0,47.0,4.6,23.17,5.43,26.67,22,16.98,66,26.32,3845,A2,兵庫,49.0,45.0,6.15,49.25,4.71,28.57,18,34.62,41,37.04,4791,B1,東京,36.0,48.0,5.88,37.38,5.9,43.33,66,29.09,14,40.43,5454,B2,埼玉,20.0,48.0,1.57,1.96,0.0,0.0,65,32.79,18,35.56,5320,B1,群馬,25.0,48.0,3.41,14.67,1.14,0.0,70,17.31,12,25.86,17.0,43.8,12.5,25.0,0.15,2.4,19.1,5.6,27.8,16.7,0.18,3.5,16.0,13.3,26.7,20.0,0.13,2.1,23.4,13.6,9.1,18.2,0.19,3.5,13.8,7.7,15.4,15.4,0.18,3.4,10.6,10.0,30.0,0.0,0.19,4.5,15.1,37.5,18.8,0.0,0.15,2.5,17.0,16.7,11.1,11.1,0.16,2.9,17.0,5.6,16.7,16.7,0.18,2.7,14.2,6.7,6.7,33.3,0.16,3.9,20.8,4.5,13.6,9.1,0.17,3.3,16.0,5.9,11.8,0.0,0.17,3.5,16.2,30.8,15.4,23.1,0.2,4.2,18.8,26.7,20.0,13.3,0.19,4.3,20.0,31.2,12.5,25.0,0.2,4.2,21.2,11.8,35.3,0.0,0.21,4.4,17.5,21.4,14.3,0.0,0.22,4.4,6.2,60.0,0.0,0.0,0.23,5.0,15.1,35.7,14.3,14.3,0.19,3.5,18.3,17.6,29.4,11.8,0.19,3.6,22.6,19.0,33.3,9.5,0.18,3.1,11.8,27.3,27.3,0.0,0.2,3.3,14.0,15.4,15.4,0.0,0.19,3.9,18.3,23.5,0.0,0.0,0.23,4.9,0.0,0.0,0.0,0.0,0.0,0.0,0.0,0.0,0.0,0.0,0.0,0.0,0.0,0.0,0.0,0.0,0.0,0.0,0.0,0.0,0.0,0.0,0.0,0.0,0.0,0.0,0.0,0.0,0.0,0.0,0.0,0.0,0.0,0.0,0.0,0.0,12.8,9.1,9.1,18.2,0.22,3.9,17.4,6.7,0.0,0.0,0.2,3.3,19.8,5.9,11.8,5.9,0.17,3.1,16.3,7.1,0.0,0.0,0.17,3.1,16.3,7.1,0.0,0.0,0.14,3.3,17.4,13.3,0.0,0.0,0.19,4.0
20260910,04,5,1800,5357,B2,埼玉,21.0,55.0,1.57,0.0,1.38,0.0,67,18.52,29,32.56,4090,B2,埼玉,45.0,54.0,6.07,45.71,7.08,50.0,48,29.31,54,36.51,5361,B1,東京,19.0,48.0,2.71,5.71,2.31,4.92,27,37.5,22,31.37,4844,B1,広島,33.0,51.0,3.91,17.39,4.5,25.0,43,42.59,37,23.73,4690,B2,東京,32.0,48.0,5.18,31.11,5.79,37.1,37,37.1,33,32.2,4895,A2,東京,35.0,55.0,4.82,22.73,5.25,23.94,56,17.65,23,38.46,8.6,16.7,0.0,0.0,0.26,4.7,5.7,0.0,0.0,0.0,0.35,5.3,14.3,0.0,0.0,0.0,0.19,2.9,11.4,0.0,0.0,0.0,0.15,3.6,14.3,10.0,0.0,0.0,0.14,2.3,45.7,0.0,0.0,0.0,0.18,4.1,19.3,50.0,18.8,0.0,0.11,2.0,15.7,15.4,46.2,15.4,0.15,3.5,12.0,40.0,50.0,0.0,0.14,2.9,9.6,12.5,25.0,25.0,0.18,3.8,19.3,18.8,12.5,0.0,0.16,3.3,24.1,5.0,10.0,15.0,0.22,4.7,1.4,0.0,0.0,0.0,0.55,6.0,2.7,0.0,0.0,0.0,0.23,3.5,6.8,20.0,0.0,0.0,0.18,4.0,23.3,17.6,0.0,0.0,0.24,3.6,27.4,5.0,5.0,0.0,0.23,4.2,38.4,3.6,7.1,0.0,0.22,4.6,14.9,40.0,30.0,10.0,0.18,3.4,21.6,6.9,34.5,17.2,0.15,3.3,17.9,4.2,29.2,20.8,0.15,2.7,17.2,8.7,13.0,4.3,0.16,3.5,19.4,3.8,19.2,0.0,0.21,4.1,9.0,0.0,0.0,0.0,0.25,4.9,0.0,0.0,0.0,0.0,0.0,0.0,0.0,0.0,0.0,0.0,0.0,0.0,0.0,0.0,0.0,0.0,0.0,0.0,0.0,0.0,0.0,0.0,0.0,0.0,0.0,0.0,0.0,0.0,0.0,0.0,0.0,0.0,0.0,0.0,0.0,0.0,13.8,54.5,27.3,0.0,0.14,2.9,17.5,21.4,21.4,14.3,0.17,3.1,21.2,17.6,11.8,29.4,0.15,2.9,16.2,15.4,15.4,15.4,0.13,3.1,18.8,6.7,13.3,26.7,0.15,2.4,12.5,40.0,0.0,0.0,0.16,2.3
20260910,04,6,1800,4501,B1,岡山,38.0,45.0,5.09,32.61,5.53,31.58,17,26.67,20,34.55,4414,B1,東京,39.0,45.0,3.9,23.88,3.77,28.57,44,14.89,43,33.87,5003,B1,兵庫,30.0,47.0,4.87,34.04,4.28,24.0,32,23.21,16,34.09,4065,B1,岡山,46.0,43.0,5.16,35.14,0.0,0.0,64,30.19,26,35.85,4941,B1,滋賀,37.0,44.0,4.61,27.78,4.4,13.33,31,31.25,34,29.17,4175,A2,埼玉,43.0,55.0,5.66,43.75,4.84,31.82,35,22.64,56,27.08,19.8,57.7,15.4,3.8,0.14,2.0,14.5,5.3,31.6,36.8,0.14,2.5,17.6,17.4,21.7,0.0,0.16,3.4,15.3,5.0,15.0,0.0,0.16,3.0,16.8,9.1,9.1,9.1,0.15,3.2,16.0,4.8,9.5,0.0,0.16,3.5,10.8,55.6,33.3,0.0,0.16,1.7,20.5,5.9,17.6,23.5,0.16,3.2,25.3,4.8,38.1,4.8,0.17,3.0,18.1,13.3,6.7,0.0,0.2,3.8,15.7,15.4,0.0,0.0,0.23,4.5,9.6,0.0,0.0,0.0,0.21,4.0,14.3,56.2,18.8,0.0,0.19,3.5,18.8,9.5,19.0,19.0,0.15,3.7,20.5,8.7,17.4,8.7,0.17,3.6,22.3,8.0,20.0,20.0,0.16,2.8,17.0,15.8,10.5,0.0,0.14,2.5,7.1,0.0,0.0,0.0,0.18,2.9,15.3,40.0,26.7,6.7,0.14,2.9,17.3,17.6,17.6,11.8,0.16,3.4,18.4,11.1,33.3,11.1,0.21,3.8,20.4,30.0,0.0,0.0,0.19,3.9,16.3,12.5,18.8,6.2,0.16,3.6,12.2,8.3,0.0,0.0,0.17,3.9,13.8,33.3,26.7,13.3,0.23,4.7,18.3,15.0,20.0,20.0,0.19,3.9,18.3,15.0,5.0,45.0,0.2,4.0,18.3,15.0,10.0,15.0,0.23,4.4,15.6,5.9,11.8,0.0,0.21,5.2,15.6,5.9,29.4,0.0,0.17,4.2,16.7,76.5,17.6,5.9,0.14,3.0,15.7,6.2,43.8,12.5,0.17,3.4,18.6,15.8,36.8,10.5,0.14,2.7,21.6,9.1,18.2,36.4,0.12,2.4,17.6,11.1,16.7,27.8,0.14,3.1,9.8,20.0,20.0,0.0,0.16,3.5
20260910,04,7,1800,4781,B2,東京,39.0,50.0,3.63,22.86,3.89,16.67,45,24.49,31,23.64,5264,B1,兵庫,26.0,44.0,5.13,31.46,6.0,42.86,72,23.53,73,30.23,3551,B1,福岡,54.0,44.0,3.85,18.31,3.8,20.0,40,40.74,27,16.0,4275,B1,広島,43.0,53.0,3.37,13.56,0.0,0.0,63,28.33,48,23.08,4536,A2,岡山,36.0,47.0,5.81,40.38,5.91,27.27,53,28.89,45,36.67,5370,B2,福岡,24.0,47.0,1.27,2.22,0.0,0.0,49,25.49,50,24.59,15.4,50.0,0.0,0.0,0.09,3.0,7.7,100.0,0.0,0.0,0.14,2.0,30.8,25.0,25.0,0.0,0.23,3.3,15.4,0.0,0.0,0.0,0.17,3.0,23.1,33.3,0.0,0.0,0.19,3.7,7.7,0.0,0.0,0.0,0.19,3.0,12.9,13.3,13.3,40.0,0.16,3.2,19.8,13.0,26.1,30.4,0.13,2.5,19.0,9.1,9.1,36.4,0.14,2.7,12.9,20.0,20.0,0.0,0.16,3.0,17.2,10.0,15.0,15.0,0.14,2.8,18.1,4.8,28.6,0.0,0.17,3.3,13.3,27.3,9.1,27.3,0.21,3.6,21.7,11.1,16.7,11.1,0.19,3.1,15.7,7.7,7.7,0.0,0.24,4.6,16.9,7.1,0.0,0.0,0.22,4.0,21.7,5.6,5.6,11.1,0.17,3.2,10.8,11.1,0.0,0.0,0.19,4.1,16.5,15.4,15.4,15.4,0.24,4.2,17.7,7.1,28.6,0.0,0.19,4.6,19.0,6.7,20.0,0.0,0.27,4.5,13.9,9.1,9.1,0.0,0.15,3.5,17.7,7.1,14.3,0.0,0.2,3.6,15.2,0.0,0.0,0.0,0.24,4.8,20.9,59.3,14.8,14.8,0.16,2.4,17.8,26.1,26.1,13.0,0.13,2.4,14.0,11.1,44.4,11.1,0.14,2.2,14.7,15.8,15.8,42.1,0.15,2.6,19.4,8.0,8.0,44.0,0.18,4.0,13.2,5.9,17.6,0.0,0.17,4.3,0.0,0.0,0.0,0.0,0.0,0.0,0.0,0.0,0.0,0.0,0.0,0.0,0.0,0.0,0.0,0.0,0.0,0.0,24.6,5.9,0.0,0.0,0.16,3.4,23.2,0.0,0.0,0.0,0.23,4.0,52.2,0.0,0.0,0.0,0.19,3.8
20260910,04,8,1800,4240,A2,群馬,42.0,44.0,5.5,33.98,6.17,45.71,39,12.5,25,53.85,5314,B1,東京,25.0,52.0,3.11,10.13,1.71,2.38,34,39.29,44,32.76,5310,B1,岡山,21.0,46.0,4.62,16.9,1.87,0.0,57,23.91,36,30.43,5165,B1,岡山,26.0,47.0,4.6,23.17,5.43,26.67,22,16.98,66,26.32,4186,B1,埼玉,45.0,56.0,3.74,18.39,3.15,12.12,47,25.86,35,45.16,4854,B2,東京,31.0,43.0,3.94,19.15,4.76,23.53,60,50.0,11,29.63,17.6,52.6,21.1,0.0,0.14,2.4,18.5,20.0,45.0,20.0,0.13,2.2,18.5,5.0,30.0,25.0,0.13,2.4,15.7,17.6,23.5,23.5,0.14,1.9,13.9,13.3,40.0,0.0,0.16,2.9,15.7,5.9,11.8,5.9,0.18,3.5,13.5,30.0,20.0,0.0,0.14,2.8,18.9,7.1,28.6,0.0,0.16,3.1,16.2,8.3,0.0,0.0,0.21,3.2,21.6,18.8,18.8,0.0,0.19,3.0,9.5,0.0,0.0,0.0,0.2,3.7,20.3,6.7,0.0,0.0,0.21,3.9,11.4,33.3,33.3,0.0,0.2,3.9,19.0,13.3,26.7,0.0,0.19,3.4,21.5,5.9,17.6,23.5,0.12,2.4,13.9,9.1,9.1,9.1,0.14,3.1,16.5,23.1,0.0,0.0,0.14,2.8,17.7,14.3,7.1,0.0,0.19,4.6,15.1,37.5,18.8,0.0,0.15,2.5,17.0,16.7,11.1,11.1,0.16,2.9,17.0,5.6,16.7,16.7,0.18,2.7,14.2,6.7,6.7,33.3,0.16,3.9,20.8,4.5,13.6,9.1,0.17,3.3,16.0,5.9,11.8,0.0,0.17,3.5,14.3,36.4,9.1,9.1,0.15,2.9,16.9,15.4,23.1,0.0,0.2,4.0,20.8,18.8,12.5,0.0,0.16,3.1,18.2,7.1,7.1,14.3,0.15,2.9,18.2,7.1,0.0,0.0,0.19,4.7,11.7,0.0,0.0,0.0,0.19,3.9,15.8,22.2,44.4,0.0,0.21,3.7,19.3,27.3,27.3,0.0,0.19,4.1,15.8,11.1,11.1,11.1,0.22,3.3,21.1,8.3,16.7,8.3,0.18,3.1,15.8,22.2,0.0,0.0,0.13,2.3,12.3,14.3,14.3,0.0,0.14,3.1
20260910,04,9,1800,3993,B1,東京,47.0,45.0,5.49,34.52,5.27,33.33,20,18.37,49,18.03,5213,B1,群馬,27.0,46.0,5.26,36.19,6.2,40.0,54,20.41,57,52.63,4289,A2,大阪,41.0,49.0,5.8,38.27,4.58,25.0,59,21.28,19,26.92,4283,B1,東京,42.0,50.0,3.82,7.35,3.85,3.7,73,33.33,51,47.69,4525,B1,福岡,38.0,47.0,4.69,27.94,6.09,45.45,28,16.67,40,25.53,5164,B2,福岡,26.0,48.0,2.6,0.0,2.13,0.0,52,28.57,58,18.87,18.3,36.8,5.3,31.6,0.16,3.4,16.3,52.9,11.8,0.0,0.18,3.2,19.2,10.0,25.0,35.0,0.15,2.5,16.3,11.8,23.5,11.8,0.18,2.9,19.2,10.0,25.0,0.0,0.17,3.4,10.6,18.2,0.0,0.0,0.13,2.9,16.7,61.1,22.2,11.1,0.16,3.0,14.8,18.8,37.5,12.5,0.17,4.4,19.4,14.3,19.0,14.3,0.18,4.0,15.7,11.8,5.9,23.5,0.2,4.4,14.8,6.2,12.5,0.0,0.22,4.6,18.5,15.0,0.0,0.0,0.24,5.0,20.0,66.7,14.8,11.1,0.13,1.7,19.3,34.6,11.5,26.9,0.14,2.8,14.1,15.8,36.8,0.0,0.13,2.5,17.0,8.7,21.7,26.1,0.15,2.7,16.3,18.2,13.6,0.0,0.13,2.7,13.3,33.3,0.0,0.0,0.13,2.4,15.9,21.4,28.6,0.0,0.17,3.3,17.0,6.7,13.3,33.3,0.16,2.7,20.5,27.8,0.0,0.0,0.17,2.9,15.9,7.1,7.1,21.4,0.16,3.0,17.0,13.3,0.0,0.0,0.16,3.3,13.6,8.3,16.7,0.0,0.2,3.9,13.8,54.5,9.1,9.1,0.16,2.5,22.5,22.2,33.3,16.7,0.11,2.3,18.8,26.7,20.0,0.0,0.14,2.1,17.5,7.1,35.7,0.0,0.14,2.9,16.2,23.1,0.0,0.0,0.15,3.5,11.2,11.1,0.0,0.0,0.12,2.9,12.0,33.3,16.7,16.7,0.25,3.5,22.0,27.3,18.2,0.0,0.2,4.6,22.0,9.1,0.0,0.0,0.21,4.6,10.0,0.0,0.0,0.0,0.27,4.4,24.0,8.3,0.0,0.0,0.24,3.8,10.0,0.0,0.0,0.0,0.21,3.4
20260910,04,10,1800,4175,A2,埼玉,43.0,55.0,5.66,43.75,4.84,31.82,35,22.64,56,27.08,4690,B2,東京,32.0,48.0,5.18,31.11,5.79,37.1,37,37.1,33,32.2,4791,B1,東京,36.0,48.0,5.88,37.38,5.9,43.33,66,29.09,14,40.43,3845,A2,兵庫,49.0,45.0,6.15,49.25,4.71,28.57,18,34.62,41,37.04,4090,B2,埼玉,45.0,54.0,6.07,45.71,7.08,50.0,48,29.31,54,36.51,4501,B1,岡山,38.0,45.0,5.09,32.61,5.53,31.58,17,26.67,20,34.55,16.7,76.5,17.6,5.9,0.14,3.0,15.7,6.2,43.8,12.5,0.17,3.4,18.6,15.8,36.8,10.5,0.14,2.7,21.6,9.1,18.2,36.4,0.12,2.4,17.6,11.1,16.7,27.8,0.14,3.1,9.8,20.0,20.0,0.0,0.16,3.5,0.0,0.0,0.0,0.0,0.0,0.0,0.0,0.0,0.0,0.0,0.0,0.0,0.0,0.0,0.0,0.0,0.0,0.0,0.0,0.0,0.0,0.0,0.0,0.0,0.0,0.0,0.0,0.0,0.0,0.0,0.0,0.0,0.0,0.0,0.0,0.0,15.1,35.7,14.3,14.3,0.19,3.5,18.3,17.6,29.4,11.8,0.19,3.6,22.6,19.0,33.3,9.5,0.18,3.1,11.8,27.3,27.3,0.0,0.2,3.3,14.0,15.4,15.4,0.0,0.19,3.9,18.3,23.5,0.0,0.0,0.23,4.9,16.2,30.8,15.4,23.1,0.2,4.2,18.8,26.7,20.0,13.3,0.19,4.3,20.0,31.2,12.5,25.0,0.2,4.2,21.2,11.8,35.3,0.0,0.21,4.4,17.5,21.4,14.3,0.0,0.22,4.4,6.2,60.0,0.0,0.0,0.23,5.0,19.3,50.0,18.8,0.0,0.11,2.0,15.7,15.4,46.2,15.4,0.15,3.5,12.0,40.0,50.0,0.0,0.14,2.9,9.6,12.5,25.0,25.0,0.18,3.8,19.3,18.8,12.5,0.0,0.16,3.3,24.1,5.0,10.0,15.0,0.22,4.7,19.8,57.7,15.4,3.8,0.14,2.0,14.5,5.3,31.6,36.8,0.14,2.5,17.6,17.4,21.7,0.0,0.16,3.4,15.3,5.0,15.0,0.0,0.16,3.0,16.8,9.1,9.1,9.1,0.15,3.2,16.0,4.8,9.5,0.0,0.16,3.5
20260910,04,11,1800,4895,A2,東京,35.0,55.0,4.82,22.73,5.25,23.94,56,17.65,23,38.46,4536,A2,岡山,36.0,47.0,5.81,40.38,5.91,27.27,53,28.89,45,36.67,4927,A2,大阪,32.0,44.0,6.08,42.45,5.72,44.83,13,30.36,47,36.73,5003,B1,兵庫,30.0,47.0,4.87,34.04,4.28,24.0,32,23.21,16,34.09,4893,B1,東京,35.0,47.0,5.16,34.09,4.98,32.08,29,44.44,39,29.63,4730,B1,静岡,37.0,47.0,5.38,32.1,3.89,33.33,16,46.03,52,40.98,13.8,54.5,27.3,0.0,0.14,2.9,17.5,21.4,21.4,14.3,0.17,3.1,21.2,17.6,11.8,29.4,0.15,2.9,16.2,15.4,15.4,15.4,0.13,3.1,18.8,6.7,13.3,26.7,0.15,2.4,12.5,40.0,0.0,0.0,0.16,2.3,20.9,59.3,14.8,14.8,0.16,2.4,17.8,26.1,26.1,13.0,0.13,2.4,14.0,11.1,44.4,11.1,0.14,2.2,14.7,15.8,15.8,42.1,0.15,2.6,19.4,8.0,8.0,44.0,0.18,4.0,13.2,5.9,17.6,0.0,0.17,4.3,19.5,57.7,11.5,3.8,0.15,2.6,18.0,20.8,8.3,25.0,0.16,3.4,18.0,8.3,37.5,12.5,0.14,3.0,15.8,4.8,42.9,0.0,0.18,3.3,15.0,5.0,25.0,25.0,0.15,2.4,13.5,5.6,11.1,11.1,0.17,3.7,14.3,56.2,18.8,0.0,0.19,3.5,18.8,9.5,19.0,19.0,0.15,3.7,20.5,8.7,17.4,8.7,0.17,3.6,22.3,8.0,20.0,20.0,0.16,2.8,17.0,15.8,10.5,0.0,0.14,2.5,7.1,0.0,0.0,0.0,0.18,2.9,17.6,53.3,6.7,20.0,0.15,2.5,16.5,14.3,21.4,21.4,0.17,3.2,18.8,25.0,12.5,6.2,0.15,2.5,14.1,8.3,33.3,0.0,0.17,2.7,18.8,18.8,12.5,6.2,0.14,2.8,14.1,8.3,0.0,0.0,0.18,2.9,17.0,43.8,12.5,25.0,0.15,2.4,19.1,5.6,27.8,16.7,0.18,3.5,16.0,13.3,26.7,20.0,0.13,2.1,23.4,13.6,9.1,18.2,0.19,3.5,13.8,7.7,15.4,15.4,0.18,3.4,10.6,10.0,30.0,0.0,0.19,4.5
20260910,04,12,1800,4266,A1,東京,41.0,54.0,7.24,50.0,7.13,55.95,23,42.59,21,13.64,4847,A1,東京,32.0,53.0,6.85,46.96,7.71,62.5,26,31.03,55,36.23,4998,B2,東京,33.0,49.0,4.71,31.75,4.59,22.73,15,30.61,17,38.0,4387,A1,香川,41.0,45.0,6.73,48.67,6.47,50.0,21,42.59,30,33.96,4478,A1,群馬,38.0,49.0,5.95,41.67,6.35,48.15,74,33.96,32,36.07,5253,B2,東京,23.0,54.0,3.36,6.9,3.51,16.48,69,28.85,24,44.44,21.8,77.8,11.1,0.0,0.13,2.3,16.9,14.3,28.6,9.5,0.15,3.6,13.7,29.4,23.5,29.4,0.13,2.9,21.0,7.7,11.5,23.1,0.16,3.8,12.9,18.8,18.8,0.0,0.14,3.0,13.7,11.8,17.6,0.0,0.18,4.7,18.9,82.4,11.8,0.0,0.13,2.8,16.7,26.7,26.7,20.0,0.13,3.5,15.6,21.4,21.4,21.4,0.18,3.0,20.0,16.7,11.1,22.2,0.14,3.1,13.3,25.0,8.3,25.0,0.17,4.3,15.6,7.1,14.3,0.0,0.2,3.9,9.4,66.7,33.3,0.0,0.08,3.0,15.6,20.0,40.0,0.0,0.19,2.4,15.6,20.0,0.0,0.0,0.12,2.6,25.0,12.5,0.0,0.0,0.13,2.3,21.9,14.3,14.3,0.0,0.13,3.0,12.5,0.0,0.0,0.0,0.18,2.8,20.8,61.5,11.5,11.5,0.17,3.4,12.8,25.0,12.5,25.0,0.14,2.7,18.4,34.8,34.8,8.7,0.14,2.6,16.8,19.0,19.0,28.6,0.16,2.8,17.6,9.1,13.6,9.1,0.16,2.9,13.6,5.9,29.4,0.0,0.16,3.8,21.2,68.0,12.0,8.0,0.17,3.2,16.9,20.0,35.0,35.0,0.14,3.5,18.6,27.3,4.5,36.4,0.15,3.0,14.4,23.5,23.5,29.4,0.14,2.6,14.4,5.9,23.5,23.5,0.16,3.4,14.4,23.5,0.0,0.0,0.19,3.9,12.8,0.0,0.0,0.0,0.28,5.8,17.9,14.3,42.9,0.0,0.25,5.6,10.3,0.0,0.0,0.0,0.24,4.0,20.5,25.0,12.5,0.0,0.26,5.1,10.3,25.0,0.0,0.0,0.25,5.0,28.2,0.0,0.0,0.0,0.29,5.5
20260910,03,1,1800,5279,B1,東京,23.0,54.0,5.89,40.0,5.54,38.43,18,30.16,52,32.76,4004,B1,長崎,48.0,52.0,4.89,28.0,6.29,57.14,35,31.75,17,37.1,4407,B1,群馬,40.0,59.0,4.66,24.51,5.35,33.33,45,30.65,29,44.07,5053,B1,福岡,30.0,55.0,3.8,19.7,5.03,33.33,10,38.71,26,38.33,3857,B1,東京,53.0,56.0,4.8,27.38,4.43,28.57,30,52.46,61,43.1,4583,B1,香川,37.0,52.0,5.56,36.46,6.04,40.26,43,36.21,56,40.32,17.0,53.3,26.7,0.0,0.14,2.4,21.6,21.1,10.5,15.8,0.18,3.8,15.9,7.1,28.6,21.4,0.16,3.4,13.6,16.7,8.3,0.0,0.16,3.5,15.9,7.1,21.4,21.4,0.15,3.3,15.9,14.3,14.3,0.0,0.17,3.6,15.1,38.9,38.9,5.6,0.14,2.9,17.6,14.3,23.8,19.0,0.18,3.8,18.5,13.6,9.1,18.2,0.18,3.1,20.2,8.3,16.7,37.5,0.19,3.5,18.5,9.1,4.5,27.3,0.16,3.5,10.1,8.3,8.3,0.0,0.2,4.2,16.5,41.2,29.4,5.9,0.14,2.2,17.5,16.7,22.2,22.2,0.16,3.1,17.5,5.6,44.4,0.0,0.18,3.1,14.6,26.7,26.7,0.0,0.18,3.6,15.5,12.5,31.2,0.0,0.2,3.8,18.4,5.3,15.8,0.0,0.21,4.5,15.1,46.2,15.4,23.1,0.17,2.9,12.8,36.4,18.2,0.0,0.17,4.3,17.4,6.7,6.7,0.0,0.14,2.3,15.1,7.7,15.4,0.0,0.16,2.7,15.1,23.1,7.7,0.0,0.17,3.2,24.4,4.8,4.8,0.0,0.2,4.7,8.9,30.0,10.0,10.0,0.2,3.8,15.2,29.4,23.5,0.0,0.19,3.9,10.7,16.7,16.7,0.0,0.21,4.3,14.3,18.8,12.5,0.0,0.24,4.8,15.2,11.8,5.9,11.8,0.21,4.0,35.7,12.5,12.5,10.0,0.2,4.1,17.6,45.5,22.7,4.5,0.16,2.5,16.0,5.0,20.0,35.0,0.14,2.9,18.4,8.7,30.4,21.7,0.13,2.8,17.6,13.6,9.1,22.7,0.16,3.0,12.0,6.7,26.7,0.0,0.15,3.2,18.4,21.7,0.0,0.0,0.18,4.2
20260910,03,2,1800,4142,A2,愛知,45.0,55.0,5.63,34.65,5.86,38.64,64,45.16,27,59.68,4427,A1,大阪,40.0,53.0,7.27,59.29,7.33,60.0,40,16.13,21,30.16,5138,B1,福岡,26.0,53.0,3.73,12.7,4.0,7.69,37,41.38,63,37.5,5120,B1,愛知,25.0,56.0,4.63,26.67,5.0,47.06,33,31.75,25,30.36,3303,B1,東京,58.0,55.0,4.35,18.69,6.28,43.95,11,19.67,37,29.82,5427,B1,東京,24.0,53.0,3.05,6.02,3.06,5.56,16,37.1,47,36.92,18.8,45.5,31.8,18.2,0.17,3.0,17.9,19.0,19.0,28.6,0.18,3.8,16.2,10.5,36.8,31.6,0.17,3.6,19.7,8.7,47.8,0.0,0.18,4.0,14.5,5.9,17.6,0.0,0.21,4.0,12.8,6.7,0.0,0.0,0.17,4.6,19.0,77.3,13.6,0.0,0.14,2.2,14.7,5.9,23.5,23.5,0.15,3.3,19.8,26.1,13.0,26.1,0.12,3.1,13.8,12.5,25.0,12.5,0.16,3.2,16.4,15.8,5.3,31.6,0.11,2.6,16.4,5.3,15.8,0.0,0.14,3.7,12.3,33.3,11.1,22.2,0.16,3.4,16.4,8.3,16.7,0.0,0.27,4.6,23.3,11.8,23.5,0.0,0.16,2.6,21.9,6.2,37.5,0.0,0.18,3.6,12.3,11.1,11.1,0.0,0.17,3.6,13.7,0.0,0.0,0.0,0.2,4.5,20.7,50.0,27.8,5.6,0.13,2.2,21.8,5.3,26.3,31.6,0.15,3.2,14.9,30.8,38.5,0.0,0.19,3.4,16.1,35.7,7.1,0.0,0.17,3.9,13.8,16.7,8.3,0.0,0.18,3.4,12.6,9.1,9.1,0.0,0.16,3.8,20.5,53.8,19.2,7.7,0.19,3.7,18.1,30.4,30.4,0.0,0.2,4.3,15.7,35.0,30.0,0.0,0.21,4.2,18.1,8.7,8.7,34.8,0.2,4.5,13.4,11.8,17.6,0.0,0.19,4.4,14.2,5.6,0.0,0.0,0.22,5.1,0.0,0.0,0.0,0.0,0.0,0.0,0.0,0.0,0.0,0.0,0.0,0.0,0.0,0.0,0.0,0.0,0.0,0.0,0.0,0.0,0.0,0.0,0.0,0.0,0.0,0.0,0.0,0.0,0.0,0.0,100.0,1.1,1.1,8.6,0.22,4.5
20260910,03,3,1800,4888,B1,群馬,38.0,52.0,6.01,44.87,5.31,31.25,17,31.75,71,35.94,5071,B1,福岡,32.0,53.0,4.33,20.29,5.25,30.56,32,39.34,10,44.26,4623,B1,三重,41.0,53.0,5.01,34.65,4.24,19.51,52,40.32,48,27.87,3859,B1,東京,53.0,52.0,3.99,20.73,0.0,0.0,61,29.69,43,36.84,4471,A1,広島,39.0,53.0,6.36,47.24,6.82,51.52,49,36.07,67,33.33,3685,A2,岡山,52.0,59.0,6.28,47.44,5.65,41.27,66,25.81,69,21.88,15.8,37.5,12.5,12.5,0.22,3.9,15.8,6.2,37.5,18.8,0.18,4.3,18.8,10.5,15.8,21.1,0.22,3.9,21.8,9.1,9.1,18.2,0.18,3.9,14.9,26.7,0.0,0.0,0.16,3.7,12.9,15.4,23.1,0.0,0.18,4.2,14.8,30.8,7.7,30.8,0.11,1.5,18.2,18.8,18.8,12.5,0.13,2.8,18.2,12.5,18.8,37.5,0.11,1.9,17.0,6.7,6.7,26.7,0.17,2.8,18.2,6.2,12.5,0.0,0.14,2.4,13.6,8.3,8.3,0.0,0.13,2.8,12.9,33.3,26.7,13.3,0.15,2.3,19.8,17.4,26.1,17.4,0.15,2.5,18.1,19.0,23.8,0.0,0.16,2.2,18.1,19.0,19.0,0.0,0.16,2.9,19.0,4.5,13.6,0.0,0.17,2.9,12.1,14.3,0.0,0.0,0.2,4.2,16.9,30.8,30.8,7.7,0.15,2.8,19.5,13.3,33.3,20.0,0.15,3.3,16.9,7.7,15.4,23.1,0.14,2.8,18.2,7.1,14.3,0.0,0.18,2.9,13.0,10.0,10.0,0.0,0.14,2.9,15.6,8.3,8.3,0.0,0.14,2.8,23.9,90.9,6.1,3.0,0.14,2.7,15.9,31.8,22.7,18.2,0.14,3.4,13.8,31.6,36.8,5.3,0.14,2.5,19.6,14.8,22.2,25.9,0.16,3.5,14.5,5.0,5.0,35.0,0.15,3.3,12.3,17.6,29.4,0.0,0.2,3.5,15.1,50.0,7.1,7.1,0.15,2.9,17.2,12.5,37.5,18.8,0.13,2.8,19.4,5.6,33.3,5.6,0.15,2.8,16.1,13.3,33.3,13.3,0.15,2.7,17.2,6.2,25.0,25.0,0.17,3.1,15.1,7.1,14.3,0.0,0.17,3.1
20260910,03,4,1800,3944,A1,長崎,47.0,54.0,6.03,40.0,5.89,44.44,58,22.03,19,36.07,4896,B1,山口,34.0,58.0,4.15,23.53,3.69,9.38,12,38.71,50,26.23,4173,B1,広島,43.0,57.0,5.39,33.67,0.0,0.0,51,27.69,70,25.4,4257,B1,広島,42.0,52.0,5.22,34.62,5.0,34.04,34,50.0,65,24.56,4189,A1,福岡,45.0,55.0,5.63,32.43,5.88,37.5,28,38.6,11,17.24,3256,A1,東京,59.0,52.0,6.56,50.91,6.6,50.88,56,45.16,68,23.33,16.8,71.4,23.8,4.8,0.16,2.8,18.4,8.7,43.5,17.4,0.15,3.0,18.4,8.7,47.8,8.7,0.15,3.3,20.0,20.0,16.0,28.0,0.18,3.3,16.8,4.8,14.3,23.8,0.19,3.9,9.6,16.7,16.7,0.0,0.19,4.1,14.0,35.7,14.3,21.4,0.19,3.2,16.0,6.2,6.2,12.5,0.18,3.5,18.0,11.1,11.1,27.8,0.17,3.2,17.0,5.9,29.4,17.6,0.16,2.6,19.0,26.3,0.0,0.0,0.17,3.5,16.0,18.8,0.0,0.0,0.22,4.4,15.7,50.0,25.0,0.0,0.17,3.9,19.6,15.0,25.0,10.0,0.16,4.0,16.7,11.8,23.5,17.6,0.19,3.7,18.6,10.5,21.1,10.5,0.18,4.3,17.6,16.7,27.8,0.0,0.17,3.5,11.8,16.7,16.7,0.0,0.14,3.0,12.9,33.3,16.7,0.0,0.18,2.8,16.1,26.7,20.0,0.0,0.15,3.1,20.4,10.5,15.8,0.0,0.17,2.9,18.3,23.5,11.8,17.6,0.14,2.8,16.1,6.7,13.3,6.7,0.17,3.3,16.1,6.7,6.7,6.7,0.18,3.8,22.5,73.5,2.9,11.8,0.16,2.9,21.9,12.1,21.2,30.3,0.15,3.8,18.5,35.7,21.4,21.4,0.17,2.9,17.9,29.6,22.2,14.8,0.16,3.1,11.9,16.7,5.6,22.2,0.16,3.1,7.3,27.3,0.0,0.0,0.2,4.3,19.1,52.4,28.6,9.5,0.15,2.6,18.2,20.0,35.0,10.0,0.13,2.6,19.1,9.5,38.1,28.6,0.14,2.5,14.5,31.2,25.0,12.5,0.14,2.8,17.3,5.3,21.1,31.6,0.16,2.7,11.8,38.5,0.0,0.0,0.19,4.2
20260910,03,5,1800,3664,B1,埼玉,56.0,56.0,4.5,29.41,0.0,0.0,65,43.33,12,31.67,4452,A2,香川,38.0,53.0,5.17,33.94,6.43,46.94,69,40.68,62,30.0,4258,B1,埼玉,42.0,52.0,4.85,32.94,5.6,38.75,29,19.67,38,26.32,4438,B1,東京,40.0,53.0,5.26,38.74,5.28,35.05,67,22.95,57,25.42,4179,A2,山口,43.0,52.0,5.23,27.78,5.48,43.48,47,23.21,24,32.81,3839,B1,静岡,51.0,65.0,2.98,9.64,4.84,27.5,27,36.84,46,35.71,15.5,33.3,26.7,33.3,0.13,2.9,18.6,22.2,27.8,0.0,0.14,3.8,16.5,12.5,37.5,0.0,0.13,2.7,15.5,13.3,6.7,20.0,0.19,4.1,18.6,5.6,33.3,0.0,0.22,4.3,15.5,6.7,13.3,6.7,0.23,4.7,21.3,48.1,29.6,7.4,0.16,3.2,16.5,14.3,19.0,9.5,0.15,3.4,15.7,25.0,15.0,25.0,0.15,2.8,13.4,29.4,17.6,0.0,0.2,4.4,18.1,21.7,8.7,0.0,0.2,4.3,15.0,5.3,10.5,10.5,0.19,4.7,15.8,40.0,13.3,20.0,0.14,2.7,14.7,28.6,14.3,21.4,0.16,3.3,18.9,5.6,50.0,5.6,0.16,3.1,16.8,6.2,12.5,6.2,0.18,3.9,18.9,5.6,5.6,0.0,0.2,4.3,14.7,21.4,0.0,0.0,0.21,4.2,17.9,31.8,22.7,4.5,0.14,2.3,17.1,19.0,19.0,14.3,0.13,2.2,16.3,10.0,20.0,10.0,0.12,2.6,21.1,23.1,11.5,11.5,0.13,2.0,17.1,9.5,9.5,23.8,0.12,2.3,10.6,7.7,0.0,0.0,0.15,2.9,19.5,59.1,13.6,18.2,0.14,2.6,15.0,17.6,23.5,23.5,0.16,3.7,17.7,15.0,25.0,15.0,0.14,2.4,15.9,16.7,27.8,0.0,0.15,2.7,17.7,5.0,25.0,40.0,0.17,2.7,14.2,6.2,25.0,0.0,0.18,4.5,13.6,7.1,28.6,14.3,0.14,2.6,16.5,5.9,5.9,0.0,0.17,3.4,19.4,10.0,20.0,0.0,0.19,3.1,17.5,16.7,5.6,0.0,0.19,3.2,17.5,22.2,0.0,0.0,0.21,3.9,15.5,6.2,18.8,0.0,0.23,4.9
20260910,03,6,1800,3850,B1,群馬,54.0,53.0,4.3,22.92,4.7,24.69,62,47.46,16,46.03,4640,A2,福岡,35.0,54.0,5.84,37.19,7.0,50.0,22,32.2,35,26.98,4981,B1,佐賀,30.0,52.0,5.22,26.67,5.39,31.71,14,15.87,13,42.19,4598,B1,東京,42.0,53.0,6.09,47.66,6.45,48.92,71,43.55,39,45.9,4583,B1,香川,37.0,52.0,5.56,36.46,6.04,40.26,43,36.21,56,40.32,4418,A1,岡山,39.0,54.0,7.49,50.91,7.63,56.25,48,22.41,15,24.14,13.4,75.0,12.5,0.0,0.14,1.8,18.5,13.6,18.2,13.6,0.15,2.7,18.5,9.1,9.1,31.8,0.13,3.2,16.8,15.0,20.0,10.0,0.15,2.8,19.3,8.7,17.4,13.0,0.12,2.1,13.4,6.2,25.0,0.0,0.17,3.3,20.9,58.6,31.0,6.9,0.14,1.7,12.2,5.9,23.5,35.3,0.15,3.5,20.1,17.9,28.6,21.4,0.15,2.4,16.5,13.0,21.7,21.7,0.14,2.6,16.5,8.7,4.3,34.8,0.14,2.7,13.7,10.5,26.3,0.0,0.14,3.2,12.6,45.5,9.1,0.0,0.2,4.2,13.8,25.0,41.7,0.0,0.16,3.5,18.4,6.2,25.0,43.8,0.16,3.5,19.5,5.9,5.9,35.3,0.17,4.1,18.4,6.2,37.5,12.5,0.18,4.1,17.2,13.3,0.0,0.0,0.2,4.9,19.8,45.5,22.7,4.5,0.14,3.1,15.3,11.8,35.3,17.6,0.16,3.2,14.4,25.0,25.0,12.5,0.14,2.7,18.0,5.0,30.0,20.0,0.16,4.1,12.6,7.1,7.1,14.3,0.14,3.9,19.8,4.5,13.6,0.0,0.21,5.2,17.6,45.5,22.7,4.5,0.16,2.5,16.0,5.0,20.0,35.0,0.14,2.9,18.4,8.7,30.4,21.7,0.13,2.8,17.6,13.6,9.1,22.7,0.16,3.0,12.0,6.7,26.7,0.0,0.15,3.2,18.4,21.7,0.0,0.0,0.18,4.2,25.7,82.1,7.1,3.6,0.11,2.7,14.7,18.8,37.5,18.8,0.12,2.8,17.4,15.8,21.1,31.6,0.13,3.3,14.7,12.5,18.8,31.2,0.12,2.3,15.6,23.5,29.4,29.4,0.15,3.5,11.9,15.4,23.1,0.0,0.15,4.8
20260910,03,7,1800,5138,B1,福岡,26.0,53.0,3.73,12.7,4.0,7.69,37,41.38,63,37.5,4880,B1,東京,31.0,52.0,5.39,34.09,5.6,35.29,59,35.94,40,38.1,4661,A2,佐賀,34.0,52.0,5.54,36.07,6.8,40.0,50,15.52,22,26.15,4004,B1,長崎,48.0,52.0,4.89,28.0,6.29,57.14,35,31.75,17,37.1,4604,A1,愛知,38.0,53.0,7.37,53.33,7.35,42.5,13,40.98,60,35.94,3931,A2,三重,50.0,51.0,6.27,42.0,5.07,33.33,20,40.35,66,29.31,12.3,33.3,11.1,22.2,0.16,3.4,16.4,8.3,16.7,0.0,0.27,4.6,23.3,11.8,23.5,0.0,0.16,2.6,21.9,6.2,37.5,0.0,0.18,3.6,12.3,11.1,11.1,0.0,0.17,3.6,13.7,0.0,0.0,0.0,0.2,4.5,13.2,30.0,30.0,20.0,0.17,2.7,18.4,14.3,28.6,7.1,0.18,4.1,21.1,12.5,31.2,25.0,0.14,2.9,19.7,26.7,6.7,33.3,0.17,2.9,14.5,18.2,9.1,0.0,0.19,3.9,13.2,20.0,30.0,0.0,0.19,4.0,13.6,45.5,36.4,0.0,0.14,3.3,19.8,6.2,50.0,37.5,0.16,3.9,21.0,23.5,35.3,0.0,0.18,3.8,13.6,36.4,18.2,0.0,0.18,5.2,22.2,5.6,44.4,0.0,0.2,4.2,9.9,12.5,12.5,0.0,0.22,5.1,15.1,38.9,38.9,5.6,0.14,2.9,17.6,14.3,23.8,19.0,0.18,3.8,18.5,13.6,9.1,18.2,0.18,3.1,20.2,8.3,16.7,37.5,0.19,3.5,18.5,9.1,4.5,27.3,0.16,3.5,10.1,8.3,8.3,0.0,0.2,4.2,20.0,88.5,3.8,3.8,0.13,2.0,16.9,27.3,36.4,13.6,0.13,3.0,17.7,8.7,34.8,26.1,0.15,3.6,13.1,11.8,11.8,47.1,0.15,3.5,19.2,8.0,16.0,20.0,0.15,3.8,13.1,17.6,0.0,0.0,0.16,4.4,18.4,43.8,25.0,6.2,0.14,2.5,13.8,25.0,33.3,16.7,0.16,2.3,17.2,13.3,26.7,26.7,0.15,2.9,17.2,6.7,26.7,13.3,0.15,2.9,12.6,9.1,36.4,0.0,0.15,2.6,20.7,5.6,11.1,27.8,0.16,3.3
20260910,03,8,1800,5098,B1,愛知,30.0,52.0,5.09,33.7,3.5,12.5,24,31.75,14,27.59,4257,B1,広島,42.0,52.0,5.22,34.62,5.0,34.04,34,50.0,65,24.56,4000,A2,広島,49.0,56.0,5.99,40.77,5.38,33.33,38,28.57,49,40.35,3655,B1,群馬,52.0,55.0,4.78,22.73,6.38,45.28,23,37.7,64,46.55,3685,A2,岡山,52.0,59.0,6.28,47.44,5.65,41.27,66,25.81,69,21.88,5378,B2,静岡,22.0,51.0,1.67,0.0,1.43,0.0,68,37.7,33,28.57,13.0,30.8,7.7,38.5,0.13,2.5,18.0,11.1,16.7,33.3,0.17,2.9,16.0,18.8,18.8,31.2,0.14,2.6,21.0,33.3,14.3,14.3,0.13,2.5,18.0,22.2,0.0,0.0,0.17,3.7,14.0,14.3,7.1,0.0,0.15,3.1,12.9,33.3,16.7,0.0,0.18,2.8,16.1,26.7,20.0,0.0,0.15,3.1,20.4,10.5,15.8,0.0,0.17,2.9,18.3,23.5,11.8,17.6,0.14,2.8,16.1,6.7,13.3,6.7,0.17,3.3,16.1,6.7,6.7,6.7,0.18,3.8,22.1,62.5,25.0,6.2,0.15,2.6,15.2,13.6,40.9,13.6,0.17,4.0,19.3,14.3,35.7,14.3,0.18,3.7,15.2,18.2,36.4,0.0,0.18,4.0,15.9,4.3,39.1,0.0,0.17,3.3,12.4,11.1,27.8,0.0,0.18,4.5,18.8,48.0,28.0,20.0,0.16,3.2,21.8,34.5,31.0,0.0,0.19,3.8,15.0,25.0,30.0,0.0,0.16,3.3,17.3,13.0,30.4,0.0,0.18,3.4,18.0,4.2,20.8,8.3,0.16,3.2,9.0,16.7,0.0,0.0,0.16,3.3,15.1,50.0,7.1,7.1,0.15,2.9,17.2,12.5,37.5,18.8,0.13,2.8,19.4,5.6,33.3,5.6,0.15,2.8,16.1,13.3,33.3,13.3,0.15,2.7,17.2,6.2,25.0,25.0,0.17,3.1,15.1,7.1,14.3,0.0,0.17,3.1,0.0,0.0,0.0,0.0,0.0,0.0,0.0,0.0,0.0,0.0,0.0,0.0,0.0,0.0,0.0,0.0,0.0,0.0,17.4,12.5,0.0,0.0,0.21,4.3,32.6,3.3,3.3,0.0,0.21,3.8,50.0,2.2,2.2,0.0,0.21,3.9
20260910,03,9,1800,4623,B1,三重,41.0,53.0,5.01,34.65,4.24,19.51,52,40.32,48,27.87,5120,B1,愛知,25.0,56.0,4.63,26.67,5.0,47.06,33,31.75,25,30.36,4179,A2,山口,43.0,52.0,5.23,27.78,5.48,43.48,47,23.21,24,32.81,5087,A1,埼玉,26.0,53.0,6.34,51.38,5.82,35.29,15,27.87,59,26.56,4407,B1,群馬,40.0,59.0,4.66,24.51,5.35,33.33,45,30.65,29,44.07,4173,B1,広島,43.0,57.0,5.39,33.67,0.0,0.0,51,27.69,70,25.4,12.9,33.3,26.7,13.3,0.15,2.3,19.8,17.4,26.1,17.4,0.15,2.5,18.1,19.0,23.8,0.0,0.16,2.2,18.1,19.0,19.0,0.0,0.16,2.9,19.0,4.5,13.6,0.0,0.17,2.9,12.1,14.3,0.0,0.0,0.2,4.2,20.7,50.0,27.8,5.6,0.13,2.2,21.8,5.3,26.3,31.6,0.15,3.2,14.9,30.8,38.5,0.0,0.19,3.4,16.1,35.7,7.1,0.0,0.17,3.9,13.8,16.7,8.3,0.0,0.18,3.4,12.6,9.1,9.1,0.0,0.16,3.8,19.5,59.1,13.6,18.2,0.14,2.6,15.0,17.6,23.5,23.5,0.16,3.7,17.7,15.0,25.0,15.0,0.14,2.4,15.9,16.7,27.8,0.0,0.15,2.7,17.7,5.0,25.0,40.0,0.17,2.7,14.2,6.2,25.0,0.0,0.18,4.5,20.9,66.7,20.8,8.3,0.16,3.4,14.8,41.2,29.4,17.6,0.12,2.5,15.7,27.8,22.2,16.7,0.16,3.3,20.0,26.1,17.4,26.1,0.16,3.1,16.5,31.6,10.5,21.1,0.11,2.7,12.2,7.1,21.4,28.6,0.17,3.9,16.5,41.2,29.4,5.9,0.14,2.2,17.5,16.7,22.2,22.2,0.16,3.1,17.5,5.6,44.4,0.0,0.18,3.1,14.6,26.7,26.7,0.0,0.18,3.6,15.5,12.5,31.2,0.0,0.2,3.8,18.4,5.3,15.8,0.0,0.21,4.5,15.7,50.0,25.0,0.0,0.17,3.9,19.6,15.0,25.0,10.0,0.16,4.0,16.7,11.8,23.5,17.6,0.19,3.7,18.6,10.5,21.1,10.5,0.18,4.3,17.6,16.7,27.8,0.0,0.17,3.5,11.8,16.7,16.7,0.0,0.14,3.0
20260910,03,10,1800,4189,A1,福岡,45.0,55.0,5.63,32.43,5.88,37.5,28,38.6,11,17.24,3857,B1,東京,53.0,56.0,4.8,27.38,4.43,28.57,30,52.46,61,43.1,3956,A2,静岡,49.0,57.0,5.88,38.83,6.67,38.89,63,30.16,53,49.21,5071,B1,福岡,32.0,53.0,4.33,20.29,5.25,30.56,32,39.34,10,44.26,4258,B1,埼玉,42.0,52.0,4.85,32.94,5.6,38.75,29,19.67,38,26.32,5315,B2,埼玉,25.0,51.0,2.65,13.04,2.62,11.11,60,27.59,58,19.7,22.5,73.5,2.9,11.8,0.16,2.9,21.9,12.1,21.2,30.3,0.15,3.8,18.5,35.7,21.4,21.4,0.17,2.9,17.9,29.6,22.2,14.8,0.16,3.1,11.9,16.7,5.6,22.2,0.16,3.1,7.3,27.3,0.0,0.0,0.2,4.3,8.9,30.0,10.0,10.0,0.2,3.8,15.2,29.4,23.5,0.0,0.19,3.9,10.7,16.7,16.7,0.0,0.21,4.3,14.3,18.8,12.5,0.0,0.24,4.8,15.2,11.8,5.9,11.8,0.21,4.0,35.7,12.5,12.5,10.0,0.2,4.1,20.9,66.7,8.3,12.5,0.19,3.8,15.7,22.2,27.8,11.1,0.16,3.2,17.4,20.0,40.0,15.0,0.16,3.2,14.8,5.9,17.6,29.4,0.18,2.7,20.9,8.3,16.7,20.8,0.17,3.4,10.4,8.3,8.3,8.3,0.15,3.5,14.8,30.8,7.7,30.8,0.11,1.5,18.2,18.8,18.8,12.5,0.13,2.8,18.2,12.5,18.8,37.5,0.11,1.9,17.0,6.7,6.7,26.7,0.17,2.8,18.2,6.2,12.5,0.0,0.14,2.4,13.6,8.3,8.3,0.0,0.13,2.8,15.8,40.0,13.3,20.0,0.14,2.7,14.7,28.6,14.3,21.4,0.16,3.3,18.9,5.6,50.0,5.6,0.16,3.1,16.8,6.2,12.5,6.2,0.18,3.9,18.9,5.6,5.6,0.0,0.2,4.3,14.7,21.4,0.0,0.0,0.21,4.2,9.9,28.6,0.0,0.0,0.18,3.0,11.3,12.5,12.5,0.0,0.22,5.4,16.9,8.3,16.7,0.0,0.18,3.5,15.5,9.1,0.0,0.0,0.17,3.2,15.5,18.2,0.0,0.0,0.2,4.1,31.0,4.5,0.0,0.0,0.24,4.9
20260910,03,11,1800,4418,A1,岡山,39.0,54.0,7.49,50.91,7.63,56.25,48,22.41,15,24.14,4471,A1,広島,39.0,53.0,6.36,47.24,6.82,51.52,49,36.07,67,33.33,4438,B1,東京,40.0,53.0,5.26,38.74,5.28,35.05,67,22.95,57,25.42,4661,A2,佐賀,34.0,52.0,5.54,36.07,6.8,40.0,50,15.52,22,26.15,4427,A1,大阪,40.0,53.0,7.27,59.29,7.33,60.0,40,16.13,21,30.16,3944,A1,長崎,47.0,54.0,6.03,40.0,5.89,44.44,58,22.03,19,36.07,25.7,82.1,7.1,3.6,0.11,2.7,14.7,18.8,37.5,18.8,0.12,2.8,17.4,15.8,21.1,31.6,0.13,3.3,14.7,12.5,18.8,31.2,0.12,2.3,15.6,23.5,29.4,29.4,0.15,3.5,11.9,15.4,23.1,0.0,0.15,4.8,23.9,90.9,6.1,3.0,0.14,2.7,15.9,31.8,22.7,18.2,0.14,3.4,13.8,31.6,36.8,5.3,0.14,2.5,19.6,14.8,22.2,25.9,0.16,3.5,14.5,5.0,5.0,35.0,0.15,3.3,12.3,17.6,29.4,0.0,0.2,3.5,17.9,31.8,22.7,4.5,0.14,2.3,17.1,19.0,19.0,14.3,0.13,2.2,16.3,10.0,20.0,10.0,0.12,2.6,21.1,23.1,11.5,11.5,0.13,2.0,17.1,9.5,9.5,23.8,0.12,2.3,10.6,7.7,0.0,0.0,0.15,2.9,13.6,45.5,36.4,0.0,0.14,3.3,19.8,6.2,50.0,37.5,0.16,3.9,21.0,23.5,35.3,0.0,0.18,3.8,13.6,36.4,18.2,0.0,0.18,5.2,22.2,5.6,44.4,0.0,0.2,4.2,9.9,12.5,12.5,0.0,0.22,5.1,19.0,77.3,13.6,0.0,0.14,2.2,14.7,5.9,23.5,23.5,0.15,3.3,19.8,26.1,13.0,26.1,0.12,3.1,13.8,12.5,25.0,12.5,0.16,3.2,16.4,15.8,5.3,31.6,0.11,2.6,16.4,5.3,15.8,0.0,0.14,3.7,16.8,71.4,23.8,4.8,0.16,2.8,18.4,8.7,43.5,17.4,0.15,3.0,18.4,8.7,47.8,8.7,0.15,3.3,20.0,20.0,16.0,28.0,0.18,3.3,16.8,4.8,14.3,23.8,0.19,3.9,9.6,16.7,16.7,0.0,0.19,4.1
20260910,03,12,1800,3256,A1,東京,59.0,52.0,6.56,50.91,6.6,50.88,56,45.16,68,23.33,4604,A1,愛知,38.0,53.0,7.37,53.33,7.35,42.5,13,40.98,60,35.94,4598,B1,東京,42.0,53.0,6.09,47.66,6.45,48.92,71,43.55,39,45.9,4000,A2,広島,49.0,56.0,5.99,40.77,5.38,33.33,38,28.57,49,40.35,4452,A2,香川,38.0,53.0,5.17,33.94,6.43,46.94,69,40.68,62,30.0,4888,B1,群馬,38.0,52.0,6.01,44.87,5.31,31.25,17,31.75,71,35.94,19.1,52.4,28.6,9.5,0.15,2.6,18.2,20.0,35.0,10.0,0.13,2.6,19.1,9.5,38.1,28.6,0.14,2.5,14.5,31.2,25.0,12.5,0.14,2.8,17.3,5.3,21.1,31.6,0.16,2.7,11.8,38.5,0.0,0.0,0.19,4.2,20.0,88.5,3.8,3.8,0.13,2.0,16.9,27.3,36.4,13.6,0.13,3.0,17.7,8.7,34.8,26.1,0.15,3.6,13.1,11.8,11.8,47.1,0.15,3.5,19.2,8.0,16.0,20.0,0.15,3.8,13.1,17.6,0.0,0.0,0.16,4.4,19.8,45.5,22.7,4.5,0.14,3.1,15.3,11.8,35.3,17.6,0.16,3.2,14.4,25.0,25.0,12.5,0.14,2.7,18.0,5.0,30.0,20.0,0.16,4.1,12.6,7.1,7.1,14.3,0.14,3.9,19.8,4.5,13.6,0.0,0.21,5.2,22.1,62.5,25.0,6.2,0.15,2.6,15.2,13.6,40.9,13.6,0.17,4.0,19.3,14.3,35.7,14.3,0.18,3.7,15.2,18.2,36.4,0.0,0.18,4.0,15.9,4.3,39.1,0.0,0.17,3.3,12.4,11.1,27.8,0.0,0.18,4.5,21.3,48.1,29.6,7.4,0.16,3.2,16.5,14.3,19.0,9.5,0.15,3.4,15.7,25.0,15.0,25.0,0.15,2.8,13.4,29.4,17.6,0.0,0.2,4.4,18.1,21.7,8.7,0.0,0.2,4.3,15.0,5.3,10.5,10.5,0.19,4.7,15.8,37.5,12.5,12.5,0.22,3.9,15.8,6.2,37.5,18.8,0.18,4.3,18.8,10.5,15.8,21.1,0.22,3.9,21.8,9.1,9.1,18.2,0.18,3.9,14.9,26.7,0.0,0.0,0.16,3.7,12.9,15.4,23.1,0.0,0.18,4.2
20260910,01,1,1800,3653,B2,群馬,52.0,57.0,4.2,13.85,4.38,18.18,71,32.73,38,36.0,4919,B1,長崎,35.0,53.0,3.94,16.33,0.0,0.0,72,30.86,50,33.33,5181,B1,岡山,28.0,53.0,4.78,30.43,4.8,10.0,63,23.66,24,34.12,4992,B1,滋賀,28.0,59.0,4.8,31.58,2.56,0.0,53,35.91,73,38.07,3305,B1,岡山,58.0,53.0,3.57,15.19,3.94,25.0,11,33.33,71,41.36,5430,B2,三重,22.0,51.0,1.39,0.0,1.33,0.0,44,27.65,66,34.46,17.0,22.2,22.2,22.2,0.23,3.9,15.1,25.0,12.5,0.0,0.17,4.0,17.0,22.2,22.2,0.0,0.2,3.9,20.8,9.1,9.1,36.4,0.17,4.1,11.3,33.3,0.0,0.0,0.27,4.2,18.9,10.0,20.0,0.0,0.19,3.5,9.1,16.7,16.7,0.0,0.19,3.8,16.7,9.1,9.1,27.3,0.18,3.4,15.2,10.0,20.0,10.0,0.13,3.1,18.2,8.3,50.0,0.0,0.19,3.8,16.7,9.1,36.4,0.0,0.2,3.9,24.2,6.2,12.5,0.0,0.2,4.9,15.0,53.3,20.0,0.0,0.15,3.0,18.0,33.3,16.7,0.0,0.2,3.6,18.0,5.6,11.1,27.8,0.15,3.2,14.0,7.1,14.3,28.6,0.13,2.9,20.0,5.0,15.0,20.0,0.16,3.1,15.0,13.3,33.3,0.0,0.19,4.1,12.3,69.2,15.4,0.0,0.17,3.3,18.9,15.0,25.0,15.0,0.15,2.8,17.9,10.5,15.8,21.1,0.16,3.5,17.9,31.6,10.5,10.5,0.13,2.6,17.9,5.3,10.5,0.0,0.16,3.4,15.1,12.5,0.0,0.0,0.19,4.1,19.0,62.5,12.5,6.2,0.18,3.5,17.9,20.0,6.7,0.0,0.17,3.5,13.1,27.3,27.3,0.0,0.17,3.2,16.7,7.1,14.3,0.0,0.16,2.7,19.0,12.5,6.2,0.0,0.16,2.6,14.3,8.3,0.0,0.0,0.18,3.9,0.0,0.0,0.0,0.0,0.0,0.0,0.0,0.0,0.0,0.0,0.0,0.0,0.0,0.0,0.0,0.0,0.0,0.0,0.0,0.0,0.0,0.0,0.0,0.0,0.0,0.0,0.0,0.0,0.0,0.0,100.0,2.9,1.4,0.0,0.18,3.4
20260910,01,2,1800,3681,B1,東京,53.0,52.0,4.82,28.79,4.68,15.79,37,32.28,69,34.66,3475,B1,群馬,56.0,54.0,5.22,35.44,5.91,41.53,31,35.59,34,34.43,3319,A2,埼玉,59.0,53.0,5.73,38.6,5.21,35.9,24,36.68,57,41.04,4557,B1,岡山,36.0,55.0,3.83,16.28,4.31,26.92,64,33.33,52,41.81,3202,B1,東京,61.0,53.0,4.76,30.95,2.96,8.0,48,33.16,18,30.0,3867,B1,愛知,51.0,58.0,2.85,8.0,2.3,10.0,40,32.83,41,35.43,16.5,38.5,15.4,7.7,0.15,3.5,17.7,14.3,28.6,14.3,0.13,2.8,19.0,20.0,26.7,0.0,0.17,3.1,19.0,13.3,20.0,0.0,0.15,3.0,19.0,6.7,13.3,0.0,0.16,3.1,8.9,28.6,0.0,0.0,0.16,3.4,23.7,54.5,18.2,0.0,0.17,3.1,17.2,6.2,18.8,12.5,0.19,4.7,17.2,25.0,6.2,18.8,0.19,3.6,12.9,25.0,8.3,16.7,0.16,3.0,17.2,12.5,25.0,0.0,0.22,3.3,11.8,9.1,27.3,0.0,0.25,5.3,18.7,40.0,20.0,20.0,0.14,3.3,15.0,12.5,25.0,31.2,0.17,3.1,17.8,36.8,15.8,0.0,0.18,3.5,18.7,15.0,30.0,20.0,0.14,2.7,14.0,20.0,33.3,0.0,0.16,3.4,15.9,5.9,5.9,17.6,0.2,4.8,17.0,35.3,17.6,11.8,0.16,3.5,14.0,7.1,14.3,21.4,0.18,4.1,15.0,6.7,33.3,0.0,0.19,4.2,14.0,14.3,14.3,28.6,0.24,4.8,18.0,22.2,0.0,0.0,0.18,4.8,22.0,4.5,9.1,0.0,0.27,5.5,15.7,25.0,25.0,12.5,0.18,3.6,17.6,11.1,33.3,0.0,0.19,4.4,18.6,15.8,15.8,5.3,0.18,3.6,12.7,23.1,7.7,0.0,0.17,3.2,15.7,12.5,0.0,0.0,0.21,3.8,19.6,5.0,10.0,5.0,0.27,5.1,10.7,11.1,11.1,11.1,0.2,3.6,16.7,21.4,7.1,0.0,0.18,3.4,20.2,5.9,5.9,11.8,0.16,3.4,22.6,5.3,15.8,0.0,0.16,3.3,17.9,6.7,6.7,0.0,0.19,3.5,11.9,0.0,0.0,0.0,0.21,4.5
20260910,01,3,1800,4513,A2,福岡,37.0,54.0,6.0,42.99,5.96,46.15,36,27.11,20,30.72,4943,B1,愛知,35.0,55.0,4.48,23.29,5.31,24.14,17,33.98,39,32.8,4181,B1,三重,43.0,54.0,3.44,6.82,4.38,14.71,50,34.72,61,39.08,3852,B1,三重,54.0,51.0,4.79,25.0,4.65,30.0,69,34.52,62,32.58,5228,A2,東京,23.0,53.0,5.72,35.56,5.67,33.33,65,37.43,70,30.43,5048,B1,長崎,32.0,55.0,4.54,28.57,2.27,0.0,74,38.54,55,30.64,23.3,70.8,12.5,8.3,0.17,4.3,14.6,20.0,20.0,13.3,0.19,4.0,14.6,33.3,20.0,13.3,0.2,4.3,18.4,10.5,10.5,31.6,0.18,3.7,11.7,16.7,8.3,16.7,0.23,4.0,17.5,5.6,5.6,0.0,0.22,5.4,13.7,50.0,10.0,10.0,0.16,3.0,19.2,14.3,21.4,7.1,0.17,3.4,19.2,7.1,14.3,0.0,0.12,2.5,17.8,7.7,15.4,0.0,0.14,2.0,21.9,18.8,0.0,0.0,0.14,3.1,8.2,0.0,0.0,0.0,0.16,3.7,12.2,30.0,30.0,20.0,0.18,3.6,23.2,10.5,21.1,21.1,0.18,4.3,17.1,7.1,7.1,28.6,0.18,3.9,17.1,7.1,14.3,0.0,0.23,5.2,23.2,5.3,0.0,0.0,0.26,5.6,7.3,16.7,33.3,0.0,0.27,5.3,13.6,44.4,33.3,0.0,0.2,4.3,19.7,23.1,0.0,0.0,0.23,4.4,13.6,11.1,0.0,0.0,0.16,3.6,13.6,22.2,0.0,0.0,0.19,3.6,22.7,13.3,6.7,6.7,0.19,3.5,16.7,9.1,18.2,0.0,0.28,4.7,17.6,78.9,5.3,5.3,0.18,3.2,15.7,29.4,23.5,5.9,0.18,3.8,18.5,15.0,25.0,20.0,0.17,3.7,16.7,11.1,11.1,27.8,0.16,3.2,14.8,12.5,18.8,37.5,0.15,3.1,16.7,5.6,27.8,0.0,0.2,4.0,10.9,63.6,9.1,0.0,0.18,4.1,7.9,12.5,12.5,0.0,0.17,4.1,7.9,37.5,12.5,0.0,0.17,3.4,5.9,16.7,33.3,0.0,0.2,4.2,18.8,10.5,21.1,0.0,0.25,4.2,48.5,10.2,16.3,0.0,0.21,4.2
20260910,01,4,1800,4531,A2,佐賀,37.0,55.0,6.31,42.98,0.0,0.0,22,25.2,37,33.33,4538,A1,大阪,36.0,55.0,5.23,39.58,5.97,51.43,26,31.52,46,28.65,4195,B1,福岡,44.0,59.0,5.19,32.88,5.33,33.33,43,26.17,45,44.38,3686,A2,群馬,51.0,51.0,6.21,37.8,6.34,39.6,47,29.63,59,37.63,4562,B1,岡山,38.0,56.0,4.77,27.93,3.82,10.71,34,37.13,12,30.34,4232,B1,福岡,43.0,56.0,5.91,39.13,3.38,17.65,42,25.3,68,32.61,18.9,75.0,16.7,0.0,0.14,2.4,14.2,5.6,33.3,22.2,0.18,3.1,20.5,19.2,34.6,15.4,0.16,2.8,15.7,10.0,35.0,0.0,0.17,3.8,15.0,5.3,15.8,31.6,0.18,3.2,15.7,5.0,35.0,0.0,0.15,4.1,19.2,43.5,13.0,8.7,0.16,3.1,7.5,33.3,22.2,0.0,0.18,4.1,8.3,50.0,40.0,10.0,0.12,2.4,20.0,54.2,8.3,25.0,0.15,3.0,22.5,40.7,7.4,7.4,0.14,2.6,22.5,25.9,7.4,7.4,0.15,3.0,15.8,37.5,25.0,0.0,0.16,3.4,17.8,11.1,38.9,11.1,0.13,2.8,16.8,17.6,17.6,23.5,0.16,2.9,12.9,15.4,23.1,0.0,0.19,3.6,20.8,9.5,19.0,9.5,0.14,3.2,15.8,6.2,6.2,6.2,0.18,2.9,19.7,66.7,14.8,0.0,0.13,1.7,14.6,10.0,20.0,30.0,0.14,2.3,19.0,15.4,11.5,38.5,0.15,2.8,14.6,15.0,20.0,20.0,0.13,2.5,17.5,16.7,16.7,16.7,0.15,3.0,14.6,10.0,35.0,0.0,0.19,4.2,14.4,12.5,18.8,31.2,0.16,3.8,17.1,10.5,26.3,0.0,0.21,4.6,16.2,11.1,16.7,0.0,0.19,3.9,17.1,5.3,10.5,21.1,0.19,3.9,18.9,9.5,4.8,23.8,0.18,3.8,16.2,11.1,0.0,0.0,0.23,4.6,14.4,40.0,20.0,13.3,0.17,3.1,18.3,15.8,21.1,21.1,0.17,3.5,16.3,23.5,17.6,17.6,0.17,3.5,16.3,35.3,5.9,17.6,0.19,3.2,19.2,15.0,15.0,15.0,0.16,2.6,15.4,6.2,25.0,0.0,0.19,3.7
20260910,01,5,1800,4118,A2,愛知,45.0,53.0,5.87,39.29,6.38,51.72,27,50.31,47,31.18,5012,B1,福岡,29.0,53.0,4.52,23.29,4.48,24.24,60,44.05,15,41.04,3277,B1,東京,60.0,52.0,4.56,22.22,4.32,12.0,52,26.32,31,38.07,3305,B1,岡山,58.0,53.0,3.57,15.19,3.94,25.0,11,33.33,71,41.36,4380,B1,静岡,42.0,53.0,5.0,30.93,3.72,27.78,68,21.55,51,35.39,4044,A1,大阪,46.0,53.0,6.17,32.93,6.77,45.71,29,27.4,60,38.1,22.1,63.6,27.3,3.0,0.13,2.1,14.8,9.1,27.3,22.7,0.15,2.3,13.4,5.0,20.0,20.0,0.13,2.6,19.5,13.8,27.6,17.2,0.16,2.7,13.4,10.0,20.0,25.0,0.14,3.1,16.8,4.0,4.0,20.0,0.17,3.9,20.2,40.9,27.3,13.6,0.14,2.7,13.8,6.7,13.3,20.0,0.12,2.6,17.4,15.8,21.1,36.8,0.11,2.4,16.5,11.1,22.2,11.1,0.15,2.6,12.8,7.1,28.6,7.1,0.12,2.5,19.3,4.8,4.8,28.6,0.17,3.6,15.2,20.0,6.7,13.3,0.18,3.2,15.2,6.7,6.7,40.0,0.19,3.5,19.2,21.1,5.3,0.0,0.17,3.2,21.2,14.3,14.3,9.5,0.17,3.3,19.2,5.3,15.8,0.0,0.19,3.7,10.1,10.0,0.0,0.0,0.21,4.6,19.0,62.5,12.5,6.2,0.18,3.5,17.9,20.0,6.7,0.0,0.17,3.5,13.1,27.3,27.3,0.0,0.17,3.2,16.7,7.1,14.3,0.0,0.16,2.7,19.0,12.5,6.2,0.0,0.16,2.6,14.3,8.3,0.0,0.0,0.18,3.9,13.8,53.8,15.4,7.7,0.14,2.2,20.2,5.3,21.1,15.8,0.14,3.8,20.2,5.3,15.8,15.8,0.19,3.4,17.0,12.5,12.5,12.5,0.17,3.8,12.8,8.3,0.0,0.0,0.17,3.5,16.0,6.7,6.7,6.7,0.19,4.2,21.4,70.0,16.7,0.0,0.14,3.5,17.9,16.0,36.0,20.0,0.13,3.2,16.4,21.7,8.7,34.8,0.16,4.0,17.1,16.7,20.8,20.8,0.13,2.9,15.0,19.0,9.5,19.0,0.13,3.0,12.1,11.8,23.5,0.0,0.14,3.4
20260910,01,6,1800,3743,A1,徳島,51.0,52.0,5.41,40.0,7.05,42.11,70,33.16,40,30.68,3202,B1,東京,61.0,53.0,4.76,30.95,2.96,8.0,48,33.16,18,30.0,3653,B2,群馬,52.0,57.0,4.2,13.85,4.38,18.18,71,32.73,38,36.0,5070,B1,東京,32.0,54.0,4.21,20.83,4.32,22.73,73,50.0,64,28.4,4440,B1,東京,40.0,54.0,4.6,28.57,4.3,18.87,49,34.36,36,33.69,4919,B1,長崎,35.0,53.0,3.94,16.33,0.0,0.0,72,30.86,50,33.33,26.7,51.9,25.9,0.0,0.14,2.8,21.8,18.2,31.8,9.1,0.13,2.8,19.8,25.0,30.0,20.0,0.15,2.6,21.8,9.1,27.3,22.7,0.17,3.2,6.9,14.3,28.6,0.0,0.16,4.1,3.0,0.0,0.0,0.0,0.13,3.0,15.7,25.0,25.0,12.5,0.18,3.6,17.6,11.1,33.3,0.0,0.19,4.4,18.6,15.8,15.8,5.3,0.18,3.6,12.7,23.1,7.7,0.0,0.17,3.2,15.7,12.5,0.0,0.0,0.21,3.8,19.6,5.0,10.0,5.0,0.27,5.1,17.0,22.2,22.2,22.2,0.23,3.9,15.1,25.0,12.5,0.0,0.17,4.0,17.0,22.2,22.2,0.0,0.2,3.9,20.8,9.1,9.1,36.4,0.17,4.1,11.3,33.3,0.0,0.0,0.27,4.2,18.9,10.0,20.0,0.0,0.19,3.5,13.0,33.3,11.1,11.1,0.18,3.8,18.8,15.4,7.7,30.8,0.22,4.0,20.3,7.1,7.1,0.0,0.2,4.5,18.8,7.7,7.7,15.4,0.22,3.4,11.6,12.5,12.5,0.0,0.26,5.4,17.4,8.3,0.0,0.0,0.25,5.0,12.7,38.5,23.1,0.0,0.14,2.8,18.6,10.5,10.5,26.3,0.16,2.7,17.6,16.7,11.1,27.8,0.17,3.0,15.7,25.0,18.8,0.0,0.15,2.4,21.6,13.6,27.3,0.0,0.21,4.1,13.7,21.4,0.0,0.0,0.22,3.9,9.1,16.7,16.7,0.0,0.19,3.8,16.7,9.1,9.1,27.3,0.18,3.4,15.2,10.0,20.0,10.0,0.13,3.1,18.2,8.3,50.0,0.0,0.19,3.8,16.7,9.1,36.4,0.0,0.2,3.9,24.2,6.2,12.5,0.0,0.2,4.9
20260910,01,7,1800,4040,A2,兵庫,47.0,58.0,5.83,39.45,5.57,40.82,21,32.43,19,34.97,5181,B1,岡山,28.0,53.0,4.78,30.43,4.8,10.0,63,23.66,24,34.12,4033,A2,静岡,47.0,54.0,5.82,42.57,6.41,54.9,38,37.42,30,33.16,5122,B1,埼玉,25.0,56.0,3.68,15.79,5.04,25.93,57,29.05,42,34.76,5430,B2,三重,22.0,51.0,1.39,0.0,1.33,0.0,44,27.65,66,34.46,3475,B1,群馬,56.0,54.0,5.22,35.44,5.91,41.53,31,35.59,34,34.43,19.1,65.4,11.5,7.7,0.16,2.8,19.9,3.7,44.4,11.1,0.14,2.9,15.4,14.3,33.3,4.8,0.15,2.7,16.9,34.8,8.7,26.1,0.15,3.3,10.3,21.4,7.1,35.7,0.14,3.1,18.4,8.0,12.0,0.0,0.13,2.7,15.0,53.3,20.0,0.0,0.15,3.0,18.0,33.3,16.7,0.0,0.2,3.6,18.0,5.6,11.1,27.8,0.15,3.2,14.0,7.1,14.3,28.6,0.13,2.9,20.0,5.0,15.0,20.0,0.16,3.1,15.0,13.3,33.3,0.0,0.19,4.1,19.0,77.3,18.2,0.0,0.13,2.1,21.6,12.0,32.0,24.0,0.15,3.3,13.8,6.2,43.8,12.5,0.17,3.0,14.7,23.5,11.8,23.5,0.15,3.4,15.5,5.6,27.8,11.1,0.16,3.8,15.5,22.2,16.7,0.0,0.16,3.1,14.3,54.5,27.3,18.2,0.14,2.3,15.6,16.7,33.3,16.7,0.16,3.3,15.6,41.7,8.3,0.0,0.14,2.5,22.1,17.6,11.8,0.0,0.19,3.6,18.2,28.6,0.0,0.0,0.2,3.5,14.3,9.1,18.2,0.0,0.21,4.8,0.0,0.0,0.0,0.0,0.0,0.0,0.0,0.0,0.0,0.0,0.0,0.0,0.0,0.0,0.0,0.0,0.0,0.0,0.0,0.0,0.0,0.0,0.0,0.0,0.0,0.0,0.0,0.0,0.0,0.0,100.0,2.9,1.4,0.0,0.18,3.4,23.7,54.5,18.2,0.0,0.17,3.1,17.2,6.2,18.8,12.5,0.19,4.7,17.2,25.0,6.2,18.8,0.19,3.6,12.9,25.0,8.3,16.7,0.16,3.0,17.2,12.5,25.0,0.0,0.22,3.3,11.8,9.1,27.3,0.0,0.25,5.3
20260910,01,8,1800,3319,A2,埼玉,59.0,53.0,5.73,38.6,5.21,35.9,24,36.68,57,41.04,5107,B1,福岡,27.0,50.0,3.93,8.47,4.0,5.56,25,27.54,44,40.91,4562,B1,岡山,38.0,56.0,4.77,27.93,3.82,10.71,34,37.13,12,30.34,4943,B1,愛知,35.0,55.0,4.48,23.29,5.31,24.14,17,33.98,39,32.8,4027,A2,佐賀,48.0,55.0,5.4,33.82,5.85,45.0,75,27.91,48,39.34,5344,B1,滋賀,23.0,53.0,5.46,32.93,0.0,0.0,32,43.48,21,31.89,18.7,40.0,20.0,20.0,0.14,3.3,15.0,12.5,25.0,31.2,0.17,3.1,17.8,36.8,15.8,0.0,0.18,3.5,18.7,15.0,30.0,20.0,0.14,2.7,14.0,20.0,33.3,0.0,0.16,3.4,15.9,5.9,5.9,17.6,0.2,4.8,10.4,50.0,20.0,0.0,0.16,3.6,13.5,7.7,23.1,7.7,0.18,3.7,24.0,8.7,26.1,17.4,0.16,2.7,18.8,11.1,16.7,11.1,0.18,3.3,16.7,12.5,18.8,18.8,0.17,3.4,16.7,6.2,6.2,18.8,0.13,2.8,14.4,12.5,18.8,31.2,0.16,3.8,17.1,10.5,26.3,0.0,0.21,4.6,16.2,11.1,16.7,0.0,0.19,3.9,17.1,5.3,10.5,21.1,0.19,3.9,18.9,9.5,4.8,23.8,0.18,3.8,16.2,11.1,0.0,0.0,0.23,4.6,13.7,50.0,10.0,10.0,0.16,3.0,19.2,14.3,21.4,7.1,0.17,3.4,19.2,7.1,14.3,0.0,0.12,2.5,17.8,7.7,15.4,0.0,0.14,2.0,21.9,18.8,0.0,0.0,0.14,3.1,8.2,0.0,0.0,0.0,0.16,3.7,16.7,66.7,6.7,6.7,0.16,2.8,18.9,5.9,23.5,23.5,0.18,4.4,15.6,7.1,21.4,42.9,0.16,3.0,22.2,25.0,10.0,10.0,0.15,2.6,18.9,11.8,5.9,17.6,0.15,2.7,7.8,14.3,0.0,0.0,0.17,2.9,6.0,33.3,16.7,0.0,0.18,3.7,8.0,37.5,0.0,0.0,0.14,2.8,26.0,7.7,7.7,7.7,0.17,3.5,18.0,16.7,11.1,22.2,0.14,2.8,23.0,4.3,21.7,0.0,0.14,2.9,19.0,5.3,10.5,15.8,0.15,2.9
20260910,01,9,1800,3686,A2,群馬,51.0,51.0,6.21,37.8,6.34,39.6,47,29.63,59,37.63,4557,B1,岡山,36.0,55.0,3.83,16.28,4.31,26.92,64,33.33,52,41.81,3852,B1,三重,54.0,51.0,4.79,25.0,4.65,30.0,69,34.52,62,32.58,4380,B1,静岡,42.0,53.0,5.0,30.93,3.72,27.78,68,21.55,51,35.39,4992,B1,滋賀,28.0,59.0,4.8,31.58,2.56,0.0,53,35.91,73,38.07,4538,A1,大阪,36.0,55.0,5.23,39.58,5.97,51.43,26,31.52,46,28.65,19.7,66.7,14.8,0.0,0.13,1.7,14.6,10.0,20.0,30.0,0.14,2.3,19.0,15.4,11.5,38.5,0.15,2.8,14.6,15.0,20.0,20.0,0.13,2.5,17.5,16.7,16.7,16.7,0.15,3.0,14.6,10.0,35.0,0.0,0.19,4.2,17.0,35.3,17.6,11.8,0.16,3.5,14.0,7.1,14.3,21.4,0.18,4.1,15.0,6.7,33.3,0.0,0.19,4.2,14.0,14.3,14.3,28.6,0.24,4.8,18.0,22.2,0.0,0.0,0.18,4.8,22.0,4.5,9.1,0.0,0.27,5.5,13.6,44.4,33.3,0.0,0.2,4.3,19.7,23.1,0.0,0.0,0.23,4.4,13.6,11.1,0.0,0.0,0.16,3.6,13.6,22.2,0.0,0.0,0.19,3.6,22.7,13.3,6.7,6.7,0.19,3.5,16.7,9.1,18.2,0.0,0.28,4.7,13.8,53.8,15.4,7.7,0.14,2.2,20.2,5.3,21.1,15.8,0.14,3.8,20.2,5.3,15.8,15.8,0.19,3.4,17.0,12.5,12.5,12.5,0.17,3.8,12.8,8.3,0.0,0.0,0.17,3.5,16.0,6.7,6.7,6.7,0.19,4.2,12.3,69.2,15.4,0.0,0.17,3.3,18.9,15.0,25.0,15.0,0.15,2.8,17.9,10.5,15.8,21.1,0.16,3.5,17.9,31.6,10.5,10.5,0.13,2.6,17.9,5.3,10.5,0.0,0.16,3.4,15.1,12.5,0.0,0.0,0.19,4.1,19.2,43.5,13.0,8.7,0.16,3.1,7.5,33.3,22.2,0.0,0.18,4.1,8.3,50.0,40.0,10.0,0.12,2.4,20.0,54.2,8.3,25.0,0.15,3.0,22.5,40.7,7.4,7.4,0.14,2.6,22.5,25.9,7.4,7.4,0.15,3.0
20260910,01,10,1800,4044,A1,大阪,46.0,53.0,6.17,32.93,6.77,45.71,29,27.4,60,38.1,4118,A2,愛知,45.0,53.0,5.87,39.29,6.38,51.72,27,50.31,47,31.18,3743,A1,徳島,51.0,52.0,5.41,40.0,7.05,42.11,70,33.16,40,30.68,4181,B1,三重,43.0,54.0,3.44,6.82,4.38,14.71,50,34.72,61,39.08,4531,A2,佐賀,37.0,55.0,6.31,42.98,0.0,0.0,22,25.2,37,33.33,3681,B1,東京,53.0,52.0,4.82,28.79,4.68,15.79,37,32.28,69,34.66,21.4,70.0,16.7,0.0,0.14,3.5,17.9,16.0,36.0,20.0,0.13,3.2,16.4,21.7,8.7,34.8,0.16,4.0,17.1,16.7,20.8,20.8,0.13,2.9,15.0,19.0,9.5,19.0,0.13,3.0,12.1,11.8,23.5,0.0,0.14,3.4,22.1,63.6,27.3,3.0,0.13,2.1,14.8,9.1,27.3,22.7,0.15,2.3,13.4,5.0,20.0,20.0,0.13,2.6,19.5,13.8,27.6,17.2,0.16,2.7,13.4,10.0,20.0,25.0,0.14,3.1,16.8,4.0,4.0,20.0,0.17,3.9,26.7,51.9,25.9,0.0,0.14,2.8,21.8,18.2,31.8,9.1,0.13,2.8,19.8,25.0,30.0,20.0,0.15,2.6,21.8,9.1,27.3,22.7,0.17,3.2,6.9,14.3,28.6,0.0,0.16,4.1,3.0,0.0,0.0,0.0,0.13,3.0,12.2,30.0,30.0,20.0,0.18,3.6,23.2,10.5,21.1,21.1,0.18,4.3,17.1,7.1,7.1,28.6,0.18,3.9,17.1,7.1,14.3,0.0,0.23,5.2,23.2,5.3,0.0,0.0,0.26,5.6,7.3,16.7,33.3,0.0,0.27,5.3,18.9,75.0,16.7,0.0,0.14,2.4,14.2,5.6,33.3,22.2,0.18,3.1,20.5,19.2,34.6,15.4,0.16,2.8,15.7,10.0,35.0,0.0,0.17,3.8,15.0,5.3,15.8,31.6,0.18,3.2,15.7,5.0,35.0,0.0,0.15,4.1,16.5,38.5,15.4,7.7,0.15,3.5,17.7,14.3,28.6,14.3,0.13,2.8,19.0,20.0,26.7,0.0,0.17,3.1,19.0,13.3,20.0,0.0,0.15,3.0,19.0,6.7,13.3,0.0,0.16,3.1,8.9,28.6,0.0,0.0,0.16,3.4
20260910,01,11,1800,4232,B1,福岡,43.0,56.0,5.91,39.13,3.38,17.65,42,25.3,68,32.61,5228,A2,東京,23.0,53.0,5.72,35.56,5.67,33.33,65,37.43,70,30.43,4040,A2,兵庫,47.0,58.0,5.83,39.45,5.57,40.82,21,32.43,19,34.97,3277,B1,東京,60.0,52.0,4.56,22.22,4.32,12.0,52,26.32,31,38.07,4513,A2,福岡,37.0,54.0,6.0,42.99,5.96,46.15,36,27.11,20,30.72,4033,A2,静岡,47.0,54.0,5.82,42.57,6.41,54.9,38,37.42,30,33.16,14.4,40.0,20.0,13.3,0.17,3.1,18.3,15.8,21.1,21.1,0.17,3.5,16.3,23.5,17.6,17.6,0.17,3.5,16.3,35.3,5.9,17.6,0.19,3.2,19.2,15.0,15.0,15.0,0.16,2.6,15.4,6.2,25.0,0.0,0.19,3.7,17.6,78.9,5.3,5.3,0.18,3.2,15.7,29.4,23.5,5.9,0.18,3.8,18.5,15.0,25.0,20.0,0.17,3.7,16.7,11.1,11.1,27.8,0.16,3.2,14.8,12.5,18.8,37.5,0.15,3.1,16.7,5.6,27.8,0.0,0.2,4.0,19.1,65.4,11.5,7.7,0.16,2.8,19.9,3.7,44.4,11.1,0.14,2.9,15.4,14.3,33.3,4.8,0.15,2.7,16.9,34.8,8.7,26.1,0.15,3.3,10.3,21.4,7.1,35.7,0.14,3.1,18.4,8.0,12.0,0.0,0.13,2.7,15.2,20.0,6.7,13.3,0.18,3.2,15.2,6.7,6.7,40.0,0.19,3.5,19.2,21.1,5.3,0.0,0.17,3.2,21.2,14.3,14.3,9.5,0.17,3.3,19.2,5.3,15.8,0.0,0.19,3.7,10.1,10.0,0.0,0.0,0.21,4.6,23.3,70.8,12.5,8.3,0.17,4.3,14.6,20.0,20.0,13.3,0.19,4.0,14.6,33.3,20.0,13.3,0.2,4.3,18.4,10.5,10.5,31.6,0.18,3.7,11.7,16.7,8.3,16.7,0.23,4.0,17.5,5.6,5.6,0.0,0.22,5.4,19.0,77.3,18.2,0.0,0.13,2.1,21.6,12.0,32.0,24.0,0.15,3.3,13.8,6.2,43.8,12.5,0.17,3.0,14.7,23.5,11.8,23.5,0.15,3.4,15.5,5.6,27.8,11.1,0.16,3.8,15.5,22.2,16.7,0.0,0.16,3.1
20260910,01,12,1800,3874,A2,岡山,50.0,52.0,7.11,50.96,6.3,40.0,62,41.58,35,36.41,4028,A1,徳島,48.0,59.0,5.54,34.74,0.0,0.0,13,29.07,17,36.42,4025,A1,兵庫,48.0,52.0,6.44,46.34,6.92,53.06,41,32.22,27,43.1,4342,A2,静岡,41.0,54.0,6.39,37.5,7.0,57.89,67,36.09,29,32.42,3946,A1,愛知,50.0,56.0,7.19,54.47,6.97,62.07,51,32.52,74,34.86,4019,A1,静岡,46.0,53.0,6.98,54.29,7.95,67.5,12,38.13,33,34.25,20.8,64.0,24.0,8.0,0.17,3.0,15.0,16.7,27.8,5.6,0.16,3.4,18.3,18.2,13.6,22.7,0.16,3.3,16.7,20.0,15.0,35.0,0.17,3.1,12.5,13.3,13.3,26.7,0.18,3.8,16.7,5.0,15.0,15.0,0.2,4.2,21.3,85.2,3.7,0.0,0.13,2.7,22.0,17.9,28.6,17.9,0.14,3.1,18.1,8.7,13.0,21.7,0.14,2.5,15.0,26.3,26.3,5.3,0.17,3.1,13.4,23.5,11.8,5.9,0.17,4.4,10.2,7.7,7.7,23.1,0.17,4.4,20.4,68.4,15.8,5.3,0.2,3.3,15.1,14.3,50.0,21.4,0.19,3.5,17.2,18.8,37.5,25.0,0.17,3.4,19.4,27.8,16.7,22.2,0.17,3.5,14.0,7.7,23.1,23.1,0.2,4.2,14.0,7.7,7.7,15.4,0.17,4.2,18.5,70.8,4.2,12.5,0.13,2.8,16.9,22.7,31.8,4.5,0.17,3.1,15.4,30.0,20.0,10.0,0.15,2.8,23.1,33.3,20.0,13.3,0.15,2.8,14.6,10.5,31.6,0.0,0.15,3.6,11.5,13.3,0.0,0.0,0.17,3.5,25.6,64.5,19.4,9.7,0.12,2.4,40.5,12.2,34.7,26.5,0.16,3.4,14.9,11.1,33.3,33.3,0.17,3.2,13.2,18.8,6.2,25.0,0.16,3.7,5.8,14.3,14.3,0.0,0.16,3.4,0.0,0.0,0.0,0.0,0.0,0.0,21.1,76.9,7.7,7.7,0.14,2.7,15.4,57.9,15.8,0.0,0.16,3.0,14.6,16.7,27.8,16.7,0.16,3.7,13.0,18.8,18.8,37.5,0.17,3.7,18.7,13.0,13.0,8.7,0.18,3.6,17.1,4.8,9.5,9.5,0.2,5.0
