date,jcd,r,距離,登番1,級別1,支部1,年齢1,体重1,勝率1,全国2率1,当地勝率1,当地2率1,モーター番号1,モーター2率1,ボート番号1,ボート2率1,登番2,級別2,支部2,年齢2,体重2,勝率2,全国2率2,当地勝率2,当地2率2,モーター番号2,モーター2率2,ボート番号2,ボート2率2,登番3,級別3,支部3,年齢3,体重3,勝率3,全国2率3,当地勝率3,当地2率3,モーター番号3,モーター2率3,ボート番号3,ボート2率3,登番4,級別4,支部4,年齢4,体重4,勝率4,全国2率4,当地勝率4,当地2率4,モーター番号4,モーター2率4,ボート番号4,ボート2率4,登番5,級別5,支部5,年齢5,体重5,勝率5,全国2率5,当地勝率5,当地2率5,モーター番号5,モーター2率5,ボート番号5,ボート2率5,登番6,級別6,支部6,年齢6,体重6,勝率6,全国2率6,当地勝率6,当地2率6,モーター番号6,モーター2率6,ボート番号6,ボート2率6,1号艇_1コース_進入率,1号艇_1コース_1着率,1号艇_1コース_2着率,1号艇_1コース_3着率,1号艇_1コース_平均ST,1号艇_1コース_ST順,1号艇_2コース_進入率,1号艇_2コース_1着率,1号艇_2コース_2着率,1号艇_2コース_3着率,1号艇_2コース_平均ST,1号艇_2コース_ST順,1号艇_3コース_進入率,1号艇_3コース_1着率,1号艇_3コース_2着率,1号艇_3コース_3着率,1号艇_3コース_平均ST,1号艇_3コース_ST順,1号艇_4コース_進入率,1号艇_4コース_1着率,1号艇_4コース_2着率,1号艇_4コース_3着率,1号艇_4コース_平均ST,1号艇_4コース_ST順,1号艇_5コース_進入率,1号艇_5コース_1着率,1号艇_5コース_2着率,1号艇_5コース_3着率,1号艇_5コース_平均ST,1号艇_5コース_ST順,1号艇_6コース_進入率,1号艇_6コース_1着率,1号艇_6コース_2着率,1号艇_6コース_3着率,1号艇_6コース_平均ST,1号艇_6コース_ST順,2号艇_1コース_進入率,2号艇_1コース_1着率,2号艇_1コース_2着率,2号艇_1コース_3着率,2号艇_1コース_平均ST,2号艇_1コース_ST順,2号艇_2コース_進入率,2号艇_2コース_1着率,2号艇_2コース_2着率,2号艇_2コース_3着率,2号艇_2コース_平均ST,2号艇_2コース_ST順,2号艇_3コース_進入率,2号艇_3コース_1着率,2号艇_3コース_2着率,2号艇_3コース_3着率,2号艇_3コース_平均ST,2号艇_3コース_ST順,2号艇_4コース_進入率,2号艇_4コース_1着率,2号艇_4コース_2着率,2号艇_4コース_3着率,2号艇_4コース_平均ST,2号艇_4コース_ST順,2号艇_5コース_進入率,2号艇_5コース_1着率,2号艇_5コース_2着率,2号艇_5コース_3着率,2号艇_5コース_平均ST,2号艇_5コース_ST順,2号艇_6コース_進入率,2号艇_6コース_1着率,2号艇_6コース_2着率,2号艇_6コース_3着率,2号艇_6コース_平均ST,2号艇_6コース_ST順,3号艇_1コース_進入率,3号艇_1コース_1着率,3号艇_1コース_2着率,3号艇_1コース_3着率,3号艇_1コース_平均ST,3号艇_1コース_ST順,3号艇_2コース_進入率,3号艇_2コース_1着率,3号艇_2コース_2着率,3号艇_2コース_3着率,3号艇_2コース_平均ST,3号艇_2コース_ST順,3号艇_3コース_進入率,3号艇_3コース_1着率,3号艇_3コース_2着率,3号艇_3コース_3着率,3号艇_3コース_平均ST,3号艇_3コース_ST順,3号艇_4コース_進入率,3号艇_4コース_1着率,3号艇_4コース_2着率,3号艇_4コース_3着率,3号艇_4コース_平均ST,3号艇_4コース_ST順,3号艇_5コース_進入率,3号艇_5コース_1着率,3号艇_5コース_2着率,3号艇_5コース_3着率,3号艇_5コース_平均ST,3号艇_5コース_ST順,3号艇_6コース_進入率,3号艇_6コース_1着率,3号艇_6コース_2着率,3号艇_6コース_3着率,3号艇_6コース_平均ST,3号艇_6コース_ST順,4号艇_1コース_進入率,4号艇_1コース_1着率,4号艇_1コース_2着率,4号艇_1コース_3着率,4号艇_1コース_平均ST,4号艇_1コース_ST順,4号艇_2コース_進入率,4号艇_2コース_1着率,4号艇_2コース_2着率,4号艇_2コース_3着率,4号艇_2コース_平均ST,4号艇_2コース_ST順,4号艇_3コース_進入率,4号艇_3コース_1着率,4号艇_3コース_2着率,4号艇_3コース_3着率,4号艇_3コース_平均ST,4号艇_3コース_ST順,4号艇_4コース_進入率,4号艇_4コース_1着率,4号艇_4コース_2着率,4号艇_4コース_3着率,4号艇_4コース_平均ST,4号艇_4コース_ST順,4号艇_5コース_進入率,4号艇_5コース_1着率,4号艇_5コース_2着率,4号艇_5コース_3着率,4号艇_5コース_平均ST,4号艇_5コース_ST順,4号艇_6コース_進入率,4号艇_6コース_1着率,4号艇_6コース_2着率,4号艇_6コース_3着率,4号艇_6コース_平均ST,4号艇_6コース_ST順,5号艇_1コース_進入率,5号艇_1コース_1着率,5号艇_1コース_2着率,5号艇_1コース_3着率,5号艇_1コース_平均ST,5号艇_1コース_ST順,5号艇_2コース_進入率,5号艇_2コース_1着率,5号艇_2コース_2着率,5号艇_2コース_3着率,5号艇_2コース_平均ST,5号艇_2コース_ST順,5号艇_3コース_進入率,5号艇_3コース_1着率,5号艇_3コース_2着率,5号艇_3コース_3着率,5号艇_3コース_平均ST,5号艇_3コース_ST順,5号艇_4コース_進入率,5号艇_4コース_1着率,5号艇_4コース_2着率,5号艇_4コース_3着率,5号艇_4コース_平均ST,5号艇_4コース_ST順,5号艇_5コース_進入率,5号艇_5コース_1着率,5号艇_5コース_2着率,5号艇_5コース_3着率,5号艇_5コース_平均ST,5号艇_5コース_ST順,5号艇_6コース_進入率,5号艇_6コース_1着率,5号艇_6コース_2着率,5号艇_6コース_3着率,5号艇_6コース_平均ST,5号艇_6コース_ST順,6号艇_1コース_進入率,6号艇_1コース_1着率,6号艇_1コース_2着率,6号艇_1コース_3着率,6号艇_1コース_平均ST,6号艇_1コース_ST順,6号艇_2コース_進入率,6号艇_2コース_1着率,6号艇_2コース_2着率,6号艇_2コース_3着率,6号艇_2コース_平均ST,6号艇_2コース_ST順,6号艇_3コース_進入率,6号艇_3コース_1着率,6号艇_3コース_2着率,6号艇_3コース_3着率,6号艇_3コース_平均ST,6号艇_3コース_ST順,6号艇_4コース_進入率,6号艇_4コース_1着率,6号艇_4コース_2着率,6号艇_4コース_3着率,6号艇_4コース_平均ST,6号艇_4コース_ST順,6号艇_5コース_進入率,6号艇_5コース_1着率,6号艇_5コース_2着率,6号艇_5コース_3着率,6号艇_5コース_平均ST,6号艇_5コース_ST順,6号艇_6コース_進入率,6号艇_6コース_1着率,6号艇_6コース_2着率,6号艇_6コース_3着率,6号艇_6コース_平均ST,6号艇_6コース_ST順
20260831,23,1,1800,3548,A2,福井,56.0,54.0,5.07,32.8,5.87,38.46,25,31.78,12,36.75,3509,B1,香川,54.0,50.0,3.32,7.69,3.59,14.81,9,31.34,22,26.73,3630,B1,静岡,56.0,55.0,3.74,17.07,4.5,20.0,15,40.41,52,37.93,3606,B1,滋賀,54.0,52.0,5.57,41.07,5.68,42.55,50,38.5,33,20.91,2878,B1,大阪,68.0,54.0,5.54,32.99,5.71,38.71,4,47.21,30,20.87,5406,B2,山口,21.0,52.0,1.52,0.97,1.11,0.0,54,37.56,41,35.59,21.5,64.5,16.1,3.2,0.1,1.8,13.9,25.0,25.0,15.0,0.11,1.9,17.4,12.0,32.0,20.0,0.13,1.9,16.0,4.3,13.0,39.1,0.11,2.1,18.8,7.4,25.9,3.7,0.14,3.0,12.5,22.2,0.0,0.0,0.15,2.7,14.7,36.4,27.3,9.1,0.15,2.5,18.7,7.1,21.4,0.0,0.14,2.9,20.0,6.7,6.7,0.0,0.14,2.5,16.0,8.3,8.3,0.0,0.15,2.6,17.3,7.7,15.4,0.0,0.13,3.3,13.3,10.0,20.0,0.0,0.17,3.3,16.2,18.2,18.2,27.3,0.15,3.1,14.7,10.0,10.0,0.0,0.24,4.5,19.1,7.7,7.7,0.0,0.15,3.3,20.6,14.3,14.3,0.0,0.16,3.1,10.3,0.0,0.0,0.0,0.18,3.4,19.1,7.7,0.0,0.0,0.16,2.8,20.3,29.2,33.3,16.7,0.14,2.3,13.6,18.8,50.0,18.8,0.14,2.8,17.8,14.3,28.6,23.8,0.15,2.8,15.3,11.1,22.2,0.0,0.16,3.6,18.6,4.5,9.1,31.8,0.18,3.0,14.4,17.6,0.0,0.0,0.21,5.1,17.4,36.8,5.3,26.3,0.2,3.5,18.3,5.0,30.0,30.0,0.15,2.6,18.3,10.0,10.0,40.0,0.19,2.9,18.3,10.0,25.0,20.0,0.16,3.2,21.1,17.4,26.1,0.0,0.17,3.2,6.4,14.3,14.3,0.0,0.2,3.1,0.0,0.0,0.0,0.0,0.0,0.0,0.0,0.0,0.0,0.0,0.0,0.0,0.0,0.0,0.0,0.0,0.0,0.0,1.1,0.0,0.0,0.0,0.08,1.0,11.2,0.0,0.0,0.0,0.12,2.4,87.6,2.6,0.0,0.0,0.18,3.6
20260831,23,2,1800,4661,A2,佐賀,34.0,52.0,5.53,35.92,5.51,37.59,60,33.05,13,30.77,5123,B1,山口,30.0,48.0,3.9,23.01,4.68,21.05,29,39.5,4,23.36,5229,A2,滋賀,23.0,57.0,5.28,34.62,5.88,46.88,33,21.11,36,26.61,3293,B1,東京,61.0,52.0,3.39,11.76,4.43,14.29,14,33.33,20,33.91,3906,B1,長崎,48.0,62.0,3.89,22.34,4.0,21.62,55,31.51,38,40.87,5417,B1,佐賀,20.0,51.0,4.23,14.67,3.5,8.33,22,36.89,28,36.04,13.6,45.5,36.4,0.0,0.14,3.3,19.8,6.2,50.0,37.5,0.16,3.9,21.0,23.5,35.3,0.0,0.18,3.8,13.6,36.4,18.2,0.0,0.18,5.2,22.2,5.6,44.4,0.0,0.2,4.2,9.9,12.5,12.5,0.0,0.22,5.1,15.9,61.1,5.6,0.0,0.19,3.1,15.0,5.9,29.4,5.9,0.18,3.8,18.6,14.3,14.3,28.6,0.15,2.5,18.6,4.8,19.0,0.0,0.17,3.4,15.0,5.9,5.9,0.0,0.17,2.9,16.8,10.5,0.0,0.0,0.15,3.5,18.6,54.5,4.5,18.2,0.17,4.2,17.8,19.0,38.1,14.3,0.16,3.7,16.9,20.0,10.0,20.0,0.19,4.2,13.6,12.5,18.8,18.8,0.18,3.5,17.8,4.8,19.0,23.8,0.16,3.1,15.3,16.7,16.7,0.0,0.15,3.1,14.1,8.3,33.3,8.3,0.16,3.8,17.6,20.0,20.0,0.0,0.19,4.1,16.5,7.1,14.3,0.0,0.22,4.3,18.8,12.5,25.0,0.0,0.18,3.8,17.6,20.0,0.0,0.0,0.23,4.1,15.3,7.7,15.4,0.0,0.22,3.9,10.7,41.7,33.3,16.7,0.17,3.3,18.8,9.5,9.5,14.3,0.21,3.8,21.4,4.2,12.5,25.0,0.19,3.9,16.1,5.6,16.7,11.1,0.23,4.8,22.3,24.0,16.0,0.0,0.22,5.1,10.7,16.7,0.0,0.0,0.26,5.6,0.0,0.0,0.0,0.0,0.0,0.0,0.0,0.0,0.0,0.0,0.0,0.0,1.3,0.0,0.0,0.0,0.11,3.0,16.7,15.4,30.8,0.0,0.19,3.8,24.4,5.3,0.0,0.0,0.18,3.4,57.7,4.4,11.1,0.0,0.21,4.0
20260831,23,3,1800,3833,A2,福井,52.0,55.0,6.29,48.39,6.58,47.37,2,37.89,15,35.04,4380,B1,静岡,42.0,53.0,4.98,29.81,5.14,28.57,10,34.35,25,24.78,4469,A2,福井,39.0,57.0,6.01,40.91,6.71,47.06,42,36.91,43,26.88,2538,B1,東京,77.0,52.0,3.22,3.7,3.72,10.34,23,25.68,16,42.37,5446,B2,福岡,24.0,49.0,1.28,0.0,0.0,0.0,24,31.9,39,36.94,3471,B1,佐賀,56.0,54.0,3.8,15.91,4.08,20.43,20,30.97,6,43.86,21.9,63.6,18.2,6.1,0.11,1.8,17.2,26.9,34.6,15.4,0.13,2.2,17.9,11.1,25.9,29.6,0.15,2.6,18.5,17.9,32.1,0.0,0.13,2.7,15.2,4.3,21.7,17.4,0.13,2.6,9.3,14.3,7.1,0.0,0.13,2.7,13.8,53.8,15.4,7.7,0.14,2.2,20.2,5.3,21.1,15.8,0.14,3.8,20.2,5.3,15.8,15.8,0.19,3.4,17.0,12.5,12.5,12.5,0.17,3.8,12.8,8.3,0.0,0.0,0.17,3.5,16.0,6.7,6.7,6.7,0.19,4.2,19.1,81.8,4.5,4.5,0.17,2.2,20.0,26.1,17.4,17.4,0.16,3.0,13.9,18.8,31.2,12.5,0.16,3.3,15.7,5.6,11.1,27.8,0.14,3.0,19.1,13.6,22.7,22.7,0.19,3.5,12.2,7.1,14.3,0.0,0.18,3.5,12.0,9.1,18.2,0.0,0.18,3.8,18.5,5.9,5.9,11.8,0.22,4.2,18.5,17.6,29.4,0.0,0.22,3.9,25.0,4.3,8.7,0.0,0.21,4.3,15.2,21.4,0.0,0.0,0.19,4.3,10.9,10.0,0.0,0.0,0.24,4.7,0.0,0.0,0.0,0.0,0.0,0.0,0.0,0.0,0.0,0.0,0.0,0.0,0.0,0.0,0.0,0.0,0.0,0.0,0.0,0.0,0.0,0.0,0.0,0.0,0.0,0.0,0.0,0.0,0.0,0.0,0.0,0.0,0.0,0.0,0.0,0.0,15.9,23.1,30.8,15.4,0.12,2.8,17.1,7.1,21.4,7.1,0.19,3.4,17.1,14.3,0.0,0.0,0.17,2.6,18.3,6.7,0.0,0.0,0.19,3.3,18.3,13.3,13.3,0.0,0.15,3.0,13.4,18.2,0.0,0.0,0.19,5.1
20260831,23,4,1800,4601,A1,山口,41.0,56.0,6.83,56.15,6.24,44.74,12,34.8,44,33.94,4551,A2,福岡,37.0,55.0,5.72,41.03,4.06,29.41,7,37.5,35,38.94,5206,B1,岡山,29.0,53.0,4.4,18.68,3.33,13.33,43,34.55,29,38.05,3834,B1,岡山,51.0,56.0,4.26,27.0,4.27,22.73,26,29.0,54,31.19,4684,B1,福岡,35.0,55.0,5.34,31.78,6.4,48.0,48,29.95,19,37.17,5442,B2,広島,19.0,46.0,1.66,1.49,0.0,0.0,32,44.9,58,25.69,21.5,79.3,17.2,0.0,0.14,2.1,17.8,16.7,50.0,12.5,0.11,2.4,15.6,19.0,28.6,19.0,0.12,2.4,17.0,8.7,34.8,21.7,0.13,2.3,14.1,5.3,5.3,26.3,0.13,2.6,14.1,10.5,10.5,10.5,0.15,3.4,17.9,42.9,38.1,19.0,0.18,3.6,15.4,16.7,27.8,11.1,0.15,3.6,16.2,21.1,21.1,31.6,0.18,3.3,14.5,11.8,41.2,5.9,0.15,3.5,17.1,10.0,25.0,25.0,0.16,3.4,18.8,9.1,36.4,0.0,0.18,3.6,13.3,20.0,30.0,10.0,0.16,2.5,21.3,6.2,25.0,6.2,0.15,3.3,17.3,30.8,15.4,0.0,0.15,3.2,18.7,21.4,14.3,0.0,0.16,3.4,16.0,8.3,16.7,0.0,0.17,3.3,13.3,10.0,0.0,0.0,0.12,2.6,14.1,46.2,23.1,0.0,0.16,3.0,18.5,5.9,5.9,17.6,0.19,3.5,16.3,6.7,0.0,0.0,0.2,4.1,17.4,6.2,6.2,0.0,0.19,4.0,19.6,11.1,11.1,0.0,0.2,3.9,14.1,7.7,0.0,0.0,0.21,5.0,16.7,62.5,25.0,0.0,0.14,2.6,13.5,7.7,38.5,0.0,0.2,4.6,18.8,22.2,16.7,22.2,0.18,3.7,14.6,21.4,28.6,0.0,0.17,3.4,19.8,5.3,5.3,31.6,0.16,3.7,16.7,25.0,0.0,0.0,0.16,4.1,0.0,0.0,0.0,0.0,0.0,0.0,0.0,0.0,0.0,0.0,0.0,0.0,0.0,0.0,0.0,0.0,0.0,0.0,0.0,0.0,0.0,0.0,0.0,0.0,0.0,0.0,0.0,0.0,0.0,0.0,100.0,0.0,0.0,0.0,0.2,4.5
20260831,23,5,1800,3630,B1,静岡,56.0,55.0,3.74,17.07,4.5,20.0,15,40.41,52,37.93,4974,A2,岡山,33.0,47.0,5.58,40.0,6.67,44.44,31,36.24,24,34.51,4764,B1,福岡,36.0,47.0,4.94,31.94,5.68,42.86,1,31.94,45,24.77,4703,A1,山口,38.0,52.0,6.6,54.89,5.86,38.1,5,37.09,27,26.27,4319,A2,大阪,41.0,54.0,5.46,32.59,6.67,51.85,13,34.84,8,44.64,5236,B1,広島,27.0,54.0,4.29,22.61,3.13,8.33,37,33.02,7,37.61,16.2,18.2,18.2,27.3,0.15,3.1,14.7,10.0,10.0,0.0,0.24,4.5,19.1,7.7,7.7,0.0,0.15,3.3,20.6,14.3,14.3,0.0,0.16,3.1,10.3,0.0,0.0,0.0,0.18,3.4,19.1,7.7,0.0,0.0,0.16,2.8,16.0,37.5,18.8,18.8,0.21,4.3,22.0,18.2,27.3,18.2,0.16,3.2,15.0,13.3,20.0,26.7,0.2,4.1,19.0,26.3,10.5,21.1,0.19,3.2,15.0,20.0,13.3,26.7,0.16,3.3,13.0,23.1,0.0,0.0,0.2,4.0,16.8,52.9,17.6,17.6,0.14,2.5,18.8,26.3,21.1,10.5,0.16,2.8,19.8,15.0,25.0,30.0,0.17,3.5,17.8,11.1,5.6,11.1,0.15,3.2,11.9,8.3,25.0,0.0,0.19,3.2,14.9,13.3,0.0,0.0,0.2,4.1,20.9,58.3,20.8,12.5,0.14,2.2,15.7,16.7,27.8,22.2,0.16,3.0,13.9,25.0,25.0,12.5,0.18,3.1,20.9,20.8,33.3,4.2,0.14,3.3,17.4,25.0,30.0,0.0,0.17,4.0,11.3,7.7,15.4,7.7,0.16,3.1,16.9,60.0,20.0,5.0,0.15,2.7,16.1,10.5,31.6,36.8,0.19,3.6,16.9,5.0,45.0,10.0,0.16,3.1,11.0,15.4,15.4,23.1,0.15,3.4,22.9,7.4,11.1,22.2,0.18,3.8,16.1,21.1,5.3,0.0,0.22,5.5,11.3,15.4,38.5,15.4,0.14,2.5,21.7,20.0,16.0,0.0,0.17,3.4,17.4,10.0,20.0,25.0,0.14,2.6,20.0,13.0,4.3,17.4,0.18,3.7,13.0,13.3,0.0,0.0,0.17,3.5,16.5,10.5,0.0,0.0,0.19,4.5
20260831,23,6,1800,4347,A2,福岡,41.0,45.0,5.92,39.22,6.3,42.5,3,28.48,31,40.4,3606,B1,滋賀,54.0,52.0,5.57,41.07,5.68,42.55,50,38.5,33,20.91,3906,B1,長崎,48.0,62.0,3.89,22.34,4.0,21.62,55,31.51,38,40.87,5417,B1,佐賀,20.0,51.0,4.23,14.67,3.5,8.33,22,36.89,28,36.04,3641,A1,東京,55.0,53.0,5.86,40.68,5.77,38.71,34,34.97,37,36.28,4715,A1,長崎,34.0,53.0,6.76,46.25,8.04,73.08,53,23.88,42,25.93,22.4,58.3,20.8,12.5,0.17,3.5,19.6,14.3,23.8,38.1,0.18,3.7,13.1,21.4,14.3,28.6,0.18,3.6,12.1,15.4,30.8,0.0,0.2,4.0,17.8,5.3,15.8,26.3,0.18,3.1,15.0,6.2,43.8,0.0,0.17,3.1,20.3,29.2,33.3,16.7,0.14,2.3,13.6,18.8,50.0,18.8,0.14,2.8,17.8,14.3,28.6,23.8,0.15,2.8,15.3,11.1,22.2,0.0,0.16,3.6,18.6,4.5,9.1,31.8,0.18,3.0,14.4,17.6,0.0,0.0,0.21,5.1,10.7,41.7,33.3,16.7,0.17,3.3,18.8,9.5,9.5,14.3,0.21,3.8,21.4,4.2,12.5,25.0,0.19,3.9,16.1,5.6,16.7,11.1,0.23,4.8,22.3,24.0,16.0,0.0,0.22,5.1,10.7,16.7,0.0,0.0,0.26,5.6,0.0,0.0,0.0,0.0,0.0,0.0,0.0,0.0,0.0,0.0,0.0,0.0,1.3,0.0,0.0,0.0,0.11,3.0,16.7,15.4,30.8,0.0,0.19,3.8,24.4,5.3,0.0,0.0,0.18,3.4,57.7,4.4,11.1,0.0,0.21,4.0,17.6,69.6,17.4,8.7,0.18,2.7,18.3,12.5,37.5,12.5,0.17,4.1,17.6,13.0,13.0,30.4,0.18,3.2,18.3,20.8,16.7,16.7,0.2,4.0,19.1,24.0,12.0,20.0,0.16,3.2,9.2,8.3,25.0,0.0,0.15,3.8,21.0,59.1,4.5,18.2,0.14,2.8,13.3,42.9,14.3,28.6,0.13,2.5,15.2,18.8,31.2,25.0,0.12,2.7,14.3,6.7,33.3,20.0,0.14,2.7,16.2,17.6,5.9,41.2,0.17,3.1,20.0,19.0,38.1,0.0,0.17,3.4
20260831,23,7,1800,2538,B1,東京,77.0,52.0,3.22,3.7,3.72,10.34,23,25.68,16,42.37,2878,B1,大阪,68.0,54.0,5.54,32.99,5.71,38.71,4,47.21,30,20.87,5123,B1,山口,30.0,48.0,3.9,23.01,4.68,21.05,29,39.5,4,23.36,5406,B2,山口,21.0,52.0,1.52,0.97,1.11,0.0,54,37.56,41,35.59,4469,A2,福井,39.0,57.0,6.01,40.91,6.71,47.06,42,36.91,43,26.88,5298,A1,香川,24.0,52.0,7.27,57.8,6.93,51.85,58,33.91,49,34.51,12.0,9.1,18.2,0.0,0.18,3.8,18.5,5.9,5.9,11.8,0.22,4.2,18.5,17.6,29.4,0.0,0.22,3.9,25.0,4.3,8.7,0.0,0.21,4.3,15.2,21.4,0.0,0.0,0.19,4.3,10.9,10.0,0.0,0.0,0.24,4.7,17.4,36.8,5.3,26.3,0.2,3.5,18.3,5.0,30.0,30.0,0.15,2.6,18.3,10.0,10.0,40.0,0.19,2.9,18.3,10.0,25.0,20.0,0.16,3.2,21.1,17.4,26.1,0.0,0.17,3.2,6.4,14.3,14.3,0.0,0.2,3.1,15.9,61.1,5.6,0.0,0.19,3.1,15.0,5.9,29.4,5.9,0.18,3.8,18.6,14.3,14.3,28.6,0.15,2.5,18.6,4.8,19.0,0.0,0.17,3.4,15.0,5.9,5.9,0.0,0.17,2.9,16.8,10.5,0.0,0.0,0.15,3.5,0.0,0.0,0.0,0.0,0.0,0.0,0.0,0.0,0.0,0.0,0.0,0.0,0.0,0.0,0.0,0.0,0.0,0.0,1.1,0.0,0.0,0.0,0.08,1.0,11.2,0.0,0.0,0.0,0.12,2.4,87.6,2.6,0.0,0.0,0.18,3.6,19.1,81.8,4.5,4.5,0.17,2.2,20.0,26.1,17.4,17.4,0.16,3.0,13.9,18.8,31.2,12.5,0.16,3.3,15.7,5.6,11.1,27.8,0.14,3.0,19.1,13.6,22.7,22.7,0.19,3.5,12.2,7.1,14.3,0.0,0.18,3.5,18.6,79.2,8.3,0.0,0.18,4.0,14.0,16.7,38.9,11.1,0.15,2.9,17.1,13.6,22.7,36.4,0.13,2.7,19.4,24.0,32.0,28.0,0.15,3.0,14.0,16.7,16.7,44.4,0.2,3.6,17.1,4.5,18.2,31.8,0.14,3.8
20260831,23,8,1800,3293,B1,東京,61.0,52.0,3.39,11.76,4.43,14.29,14,33.33,20,33.91,4684,B1,福岡,35.0,55.0,5.34,31.78,6.4,48.0,48,29.95,19,37.17,3509,B1,香川,54.0,50.0,3.32,7.69,3.59,14.81,9,31.34,22,26.73,3548,A2,福井,56.0,54.0,5.07,32.8,5.87,38.46,25,31.78,12,36.75,5442,B2,広島,19.0,46.0,1.66,1.49,0.0,0.0,32,44.9,58,25.69,5446,B2,福岡,24.0,49.0,1.28,0.0,0.0,0.0,24,31.9,39,36.94,14.1,8.3,33.3,8.3,0.16,3.8,17.6,20.0,20.0,0.0,0.19,4.1,16.5,7.1,14.3,0.0,0.22,4.3,18.8,12.5,25.0,0.0,0.18,3.8,17.6,20.0,0.0,0.0,0.23,4.1,15.3,7.7,15.4,0.0,0.22,3.9,16.7,62.5,25.0,0.0,0.14,2.6,13.5,7.7,38.5,0.0,0.2,4.6,18.8,22.2,16.7,22.2,0.18,3.7,14.6,21.4,28.6,0.0,0.17,3.4,19.8,5.3,5.3,31.6,0.16,3.7,16.7,25.0,0.0,0.0,0.16,4.1,14.7,36.4,27.3,9.1,0.15,2.5,18.7,7.1,21.4,0.0,0.14,2.9,20.0,6.7,6.7,0.0,0.14,2.5,16.0,8.3,8.3,0.0,0.15,2.6,17.3,7.7,15.4,0.0,0.13,3.3,13.3,10.0,20.0,0.0,0.17,3.3,21.5,64.5,16.1,3.2,0.1,1.8,13.9,25.0,25.0,15.0,0.11,1.9,17.4,12.0,32.0,20.0,0.13,1.9,16.0,4.3,13.0,39.1,0.11,2.1,18.8,7.4,25.9,3.7,0.14,3.0,12.5,22.2,0.0,0.0,0.15,2.7,0.0,0.0,0.0,0.0,0.0,0.0,0.0,0.0,0.0,0.0,0.0,0.0,0.0,0.0,0.0,0.0,0.0,0.0,0.0,0.0,0.0,0.0,0.0,0.0,0.0,0.0,0.0,0.0,0.0,0.0,100.0,0.0,0.0,0.0,0.2,4.5,0.0,0.0,0.0,0.0,0.0,0.0,0.0,0.0,0.0,0.0,0.0,0.0,0.0,0.0,0.0,0.0,0.0,0.0,0.0,0.0,0.0,0.0,0.0,0.0,0.0,0.0,0.0,0.0,0.0,0.0,0.0,0.0,0.0,0.0,0.0,0.0
20260831,23,9,1800,3471,B1,佐賀,56.0,54.0,3.8,15.91,4.08,20.43,20,30.97,6,43.86,3834,B1,岡山,51.0,56.0,4.26,27.0,4.27,22.73,26,29.0,54,31.19,5236,B1,広島,27.0,54.0,4.29,22.61,3.13,8.33,37,33.02,7,37.61,5229,A2,滋賀,23.0,57.0,5.28,34.62,5.88,46.88,33,21.11,36,26.61,4764,B1,福岡,36.0,47.0,4.94,31.94,5.68,42.86,1,31.94,45,24.77,5206,B1,岡山,29.0,53.0,4.4,18.68,3.33,13.33,43,34.55,29,38.05,15.9,23.1,30.8,15.4,0.12,2.8,17.1,7.1,21.4,7.1,0.19,3.4,17.1,14.3,0.0,0.0,0.17,2.6,18.3,6.7,0.0,0.0,0.19,3.3,18.3,13.3,13.3,0.0,0.15,3.0,13.4,18.2,0.0,0.0,0.19,5.1,14.1,46.2,23.1,0.0,0.16,3.0,18.5,5.9,5.9,17.6,0.19,3.5,16.3,6.7,0.0,0.0,0.2,4.1,17.4,6.2,6.2,0.0,0.19,4.0,19.6,11.1,11.1,0.0,0.2,3.9,14.1,7.7,0.0,0.0,0.21,5.0,11.3,15.4,38.5,15.4,0.14,2.5,21.7,20.0,16.0,0.0,0.17,3.4,17.4,10.0,20.0,25.0,0.14,2.6,20.0,13.0,4.3,17.4,0.18,3.7,13.0,13.3,0.0,0.0,0.17,3.5,16.5,10.5,0.0,0.0,0.19,4.5,18.6,54.5,4.5,18.2,0.17,4.2,17.8,19.0,38.1,14.3,0.16,3.7,16.9,20.0,10.0,20.0,0.19,4.2,13.6,12.5,18.8,18.8,0.18,3.5,17.8,4.8,19.0,23.8,0.16,3.1,15.3,16.7,16.7,0.0,0.15,3.1,16.8,52.9,17.6,17.6,0.14,2.5,18.8,26.3,21.1,10.5,0.16,2.8,19.8,15.0,25.0,30.0,0.17,3.5,17.8,11.1,5.6,11.1,0.15,3.2,11.9,8.3,25.0,0.0,0.19,3.2,14.9,13.3,0.0,0.0,0.2,4.1,13.3,20.0,30.0,10.0,0.16,2.5,21.3,6.2,25.0,6.2,0.15,3.3,17.3,30.8,15.4,0.0,0.15,3.2,18.7,21.4,14.3,0.0,0.16,3.4,16.0,8.3,16.7,0.0,0.17,3.3,13.3,10.0,0.0,0.0,0.12,2.6
20260831,23,10,1800,3641,A1,東京,55.0,53.0,5.86,40.68,5.77,38.71,34,34.97,37,36.28,4319,A2,大阪,41.0,54.0,5.46,32.59,6.67,51.85,13,34.84,8,44.64,4715,A1,長崎,34.0,53.0,6.76,46.25,8.04,73.08,53,23.88,42,25.93,4661,A2,佐賀,34.0,52.0,5.53,35.92,5.51,37.59,60,33.05,13,30.77,4380,B1,静岡,42.0,53.0,4.98,29.81,5.14,28.57,10,34.35,25,24.78,4974,A2,岡山,33.0,47.0,5.58,40.0,6.67,44.44,31,36.24,24,34.51,17.6,69.6,17.4,8.7,0.18,2.7,18.3,12.5,37.5,12.5,0.17,4.1,17.6,13.0,13.0,30.4,0.18,3.2,18.3,20.8,16.7,16.7,0.2,4.0,19.1,24.0,12.0,20.0,0.16,3.2,9.2,8.3,25.0,0.0,0.15,3.8,16.9,60.0,20.0,5.0,0.15,2.7,16.1,10.5,31.6,36.8,0.19,3.6,16.9,5.0,45.0,10.0,0.16,3.1,11.0,15.4,15.4,23.1,0.15,3.4,22.9,7.4,11.1,22.2,0.18,3.8,16.1,21.1,5.3,0.0,0.22,5.5,21.0,59.1,4.5,18.2,0.14,2.8,13.3,42.9,14.3,28.6,0.13,2.5,15.2,18.8,31.2,25.0,0.12,2.7,14.3,6.7,33.3,20.0,0.14,2.7,16.2,17.6,5.9,41.2,0.17,3.1,20.0,19.0,38.1,0.0,0.17,3.4,13.6,45.5,36.4,0.0,0.14,3.3,19.8,6.2,50.0,37.5,0.16,3.9,21.0,23.5,35.3,0.0,0.18,3.8,13.6,36.4,18.2,0.0,0.18,5.2,22.2,5.6,44.4,0.0,0.2,4.2,9.9,12.5,12.5,0.0,0.22,5.1,13.8,53.8,15.4,7.7,0.14,2.2,20.2,5.3,21.1,15.8,0.14,3.8,20.2,5.3,15.8,15.8,0.19,3.4,17.0,12.5,12.5,12.5,0.17,3.8,12.8,8.3,0.0,0.0,0.17,3.5,16.0,6.7,6.7,6.7,0.19,4.2,16.0,37.5,18.8,18.8,0.21,4.3,22.0,18.2,27.3,18.2,0.16,3.2,15.0,13.3,20.0,26.7,0.2,4.1,19.0,26.3,10.5,21.1,0.19,3.2,15.0,20.0,13.3,26.7,0.16,3.3,13.0,23.1,0.0,0.0,0.2,4.0
20260831,23,11,1800,5298,A1,香川,24.0,52.0,7.27,57.8,6.93,51.85,58,33.91,49,34.51,4703,A1,山口,38.0,52.0,6.6,54.89,5.86,38.1,5,37.09,27,26.27,4601,A1,山口,41.0,56.0,6.83,56.15,6.24,44.74,12,34.8,44,33.94,3833,A2,福井,52.0,55.0,6.29,48.39,6.58,47.37,2,37.89,15,35.04,4551,A2,福岡,37.0,55.0,5.72,41.03,4.06,29.41,7,37.5,35,38.94,4347,A2,福岡,41.0,45.0,5.92,39.22,6.3,42.5,3,28.48,31,40.4,18.6,79.2,8.3,0.0,0.18,4.0,14.0,16.7,38.9,11.1,0.15,2.9,17.1,13.6,22.7,36.4,0.13,2.7,19.4,24.0,32.0,28.0,0.15,3.0,14.0,16.7,16.7,44.4,0.2,3.6,17.1,4.5,18.2,31.8,0.14,3.8,20.9,58.3,20.8,12.5,0.14,2.2,15.7,16.7,27.8,22.2,0.16,3.0,13.9,25.0,25.0,12.5,0.18,3.1,20.9,20.8,33.3,4.2,0.14,3.3,17.4,25.0,30.0,0.0,0.17,4.0,11.3,7.7,15.4,7.7,0.16,3.1,21.5,79.3,17.2,0.0,0.14,2.1,17.8,16.7,50.0,12.5,0.11,2.4,15.6,19.0,28.6,19.0,0.12,2.4,17.0,8.7,34.8,21.7,0.13,2.3,14.1,5.3,5.3,26.3,0.13,2.6,14.1,10.5,10.5,10.5,0.15,3.4,21.9,63.6,18.2,6.1,0.11,1.8,17.2,26.9,34.6,15.4,0.13,2.2,17.9,11.1,25.9,29.6,0.15,2.6,18.5,17.9,32.1,0.0,0.13,2.7,15.2,4.3,21.7,17.4,0.13,2.6,9.3,14.3,7.1,0.0,0.13,2.7,17.9,42.9,38.1,19.0,0.18,3.6,15.4,16.7,27.8,11.1,0.15,3.6,16.2,21.1,21.1,31.6,0.18,3.3,14.5,11.8,41.2,5.9,0.15,3.5,17.1,10.0,25.0,25.0,0.16,3.4,18.8,9.1,36.4,0.0,0.18,3.6,22.4,58.3,20.8,12.5,0.17,3.5,19.6,14.3,23.8,38.1,0.18,3.7,13.1,21.4,14.3,28.6,0.18,3.6,12.1,15.4,30.8,0.0,0.2,4.0,17.8,5.3,15.8,26.3,0.18,3.1,15.0,6.2,43.8,0.0,0.17,3.1
20260831,23,12,1800,5142,A1,佐賀,25.0,51.0,7.26,55.3,7.39,59.01,41,29.32,34,26.32,4907,A1,大阪,31.0,53.0,7.21,54.03,6.85,50.0,44,32.47,5,34.17,4771,A1,広島,33.0,56.0,7.26,58.46,7.12,50.0,40,41.01,21,40.87,4436,A1,大阪,40.0,52.0,6.32,48.0,5.04,34.78,18,41.03,57,33.33,5134,A2,広島,27.0,54.0,5.52,39.6,5.1,30.0,35,39.56,9,31.78,4728,B1,東京,38.0,54.0,4.15,20.93,4.35,26.47,8,35.09,53,33.04,20.5,78.3,8.7,4.3,0.14,2.1,21.4,25.0,54.2,12.5,0.15,2.9,17.0,21.1,31.6,31.6,0.15,2.9,15.2,11.8,47.1,11.8,0.15,3.3,16.1,5.6,44.4,11.1,0.14,2.7,9.8,36.4,0.0,0.0,0.17,3.6,21.8,66.7,16.7,8.3,0.15,2.8,16.4,16.7,38.9,5.6,0.14,3.7,13.6,26.7,33.3,26.7,0.15,2.6,17.3,15.8,31.6,15.8,0.13,3.2,15.5,17.6,5.9,17.6,0.14,3.8,15.5,5.9,11.8,11.8,0.16,3.9,25.0,75.0,9.4,12.5,0.16,3.1,13.3,35.3,47.1,0.0,0.15,1.8,14.8,26.3,36.8,26.3,0.13,2.1,15.6,30.0,35.0,10.0,0.19,3.2,19.5,12.0,24.0,20.0,0.16,3.4,11.7,20.0,6.7,0.0,0.16,3.5,18.6,69.2,11.5,3.8,0.14,2.4,17.1,25.0,29.2,8.3,0.16,2.9,17.9,24.0,28.0,24.0,0.16,2.8,14.3,15.0,30.0,35.0,0.18,3.4,18.6,7.7,34.6,34.6,0.14,3.3,13.6,10.5,26.3,0.0,0.15,3.1,20.0,77.3,13.6,0.0,0.14,2.4,17.3,21.1,26.3,15.8,0.14,2.8,15.5,11.8,17.6,35.3,0.16,3.4,18.2,5.0,25.0,15.0,0.15,3.1,12.7,21.4,7.1,7.1,0.15,3.2,16.4,11.1,22.2,0.0,0.17,4.1,15.4,50.0,14.3,0.0,0.16,2.5,15.4,14.3,35.7,0.0,0.18,3.6,19.8,5.6,27.8,5.6,0.16,3.1,17.6,25.0,18.8,0.0,0.19,4.1,17.6,18.8,18.8,0.0,0.17,3.3,14.3,0.0,0.0,0.0,0.22,4.6
20260831,21,1,1800,4318,A2,東京,42.0,52.0,5.05,22.34,6.11,33.33,30,37.25,59,45.16,4431,B1,三重,40.0,52.0,4.86,31.33,0.0,0.0,53,35.56,58,33.33,4273,B1,静岡,44.0,54.0,5.07,29.52,5.61,27.78,45,29.41,66,36.84,3647,B1,埼玉,53.0,49.0,3.17,9.35,4.37,21.05,2,27.27,67,32.97,4396,B1,山口,40.0,54.0,4.92,27.27,5.0,29.79,54,29.55,11,20.22,5128,B1,三重,29.0,52.0,4.22,19.23,2.4,0.0,23,29.67,52,35.11,17.7,60.0,15.0,5.0,0.17,2.8,19.5,13.6,22.7,27.3,0.16,3.5,16.8,10.5,36.8,5.3,0.15,3.0,17.7,25.0,45.0,0.0,0.15,3.0,15.9,22.2,38.9,0.0,0.14,3.1,12.4,7.1,21.4,0.0,0.17,4.1,15.2,50.0,8.3,8.3,0.19,2.6,16.5,15.4,23.1,23.1,0.13,2.6,19.0,13.3,40.0,20.0,0.14,2.3,17.7,14.3,7.1,21.4,0.18,3.8,11.4,22.2,0.0,0.0,0.18,4.0,20.3,0.0,0.0,0.0,0.22,4.9,16.2,64.7,11.8,11.8,0.18,3.6,18.1,15.8,21.1,21.1,0.18,3.6,16.2,11.8,17.6,29.4,0.2,3.8,15.2,31.2,0.0,0.0,0.2,4.6,18.1,15.8,21.1,0.0,0.2,3.8,16.2,11.8,0.0,0.0,0.19,4.6,13.6,21.4,35.7,14.3,0.16,3.2,17.5,16.7,38.9,0.0,0.19,2.9,16.5,5.9,17.6,0.0,0.16,2.8,19.4,5.0,25.0,0.0,0.17,2.9,16.5,5.9,0.0,0.0,0.17,3.1,16.5,11.8,0.0,0.0,0.23,4.2,18.6,38.1,28.6,19.0,0.2,4.1,15.9,33.3,27.8,0.0,0.19,3.9,17.7,10.0,20.0,5.0,0.17,3.0,17.7,20.0,25.0,0.0,0.2,4.3,13.3,6.7,6.7,0.0,0.18,4.1,16.8,5.3,5.3,26.3,0.24,4.9,10.7,12.5,25.0,12.5,0.21,4.0,17.3,15.4,15.4,15.4,0.19,3.4,18.7,14.3,14.3,28.6,0.16,3.1,21.3,6.2,25.0,18.8,0.18,3.8,18.7,14.3,42.9,0.0,0.18,4.1,13.3,10.0,0.0,0.0,0.22,4.0
20260831,21,2,1800,4824,A2,三重,33.0,53.0,5.87,42.52,6.13,50.0,22,41.38,25,28.0,3788,B2,徳島,54.0,53.0,5.14,35.71,5.47,43.75,46,28.09,30,21.43,4325,B1,大阪,43.0,53.0,4.53,19.78,5.22,24.32,5,35.8,45,31.46,4064,A1,山口,46.0,52.0,6.33,46.0,7.5,64.29,34,28.41,54,32.97,4226,B1,山口,43.0,52.0,4.19,21.3,4.52,26.09,48,42.86,12,41.11,3741,B1,福岡,52.0,56.0,3.62,17.86,4.15,17.31,19,30.0,51,29.67,20.6,70.4,14.8,0.0,0.13,2.7,15.3,25.0,15.0,10.0,0.13,2.6,17.6,8.7,47.8,13.0,0.12,1.9,17.6,13.0,17.4,17.4,0.12,2.3,16.0,14.3,9.5,23.8,0.11,2.9,13.0,11.8,11.8,0.0,0.15,3.5,18.8,46.7,20.0,13.3,0.13,2.1,18.8,13.3,40.0,33.3,0.13,2.3,10.0,37.5,25.0,0.0,0.18,2.9,17.5,7.1,35.7,14.3,0.12,2.1,20.0,25.0,12.5,6.2,0.12,2.2,15.0,8.3,0.0,0.0,0.15,2.7,16.4,25.0,16.7,25.0,0.19,3.2,17.8,15.4,7.7,30.8,0.17,2.7,13.7,20.0,10.0,0.0,0.18,3.3,17.8,30.8,0.0,0.0,0.2,3.3,19.2,14.3,28.6,0.0,0.21,3.3,15.1,18.2,0.0,0.0,0.17,3.6,23.0,82.1,7.1,3.6,0.14,2.6,13.1,12.5,31.2,25.0,0.14,3.1,20.5,40.0,28.0,0.0,0.18,3.4,15.6,15.8,15.8,36.8,0.16,3.4,13.1,6.2,43.8,0.0,0.19,3.6,14.8,16.7,27.8,0.0,0.22,4.7,15.7,52.9,11.8,11.8,0.16,3.0,17.6,5.3,31.6,10.5,0.17,3.7,20.4,4.5,22.7,18.2,0.15,2.9,14.8,12.5,6.2,18.8,0.14,2.7,18.5,5.0,10.0,10.0,0.16,3.0,13.0,7.1,0.0,0.0,0.13,2.5,13.1,46.2,7.7,15.4,0.13,2.5,18.2,11.1,5.6,0.0,0.18,3.9,16.2,18.8,18.8,0.0,0.17,3.3,21.2,14.3,4.8,0.0,0.16,3.5,20.2,5.0,10.0,0.0,0.18,4.2,11.1,0.0,0.0,0.0,0.22,4.7
20260831,21,3,1800,4600,A1,広島,41.0,52.0,6.5,46.59,5.68,36.84,39,39.56,62,32.22,4229,B1,静岡,43.0,54.0,4.24,18.29,4.33,0.0,18,27.45,33,34.41,4227,A2,三重,43.0,52.0,6.05,35.34,6.83,55.56,43,40.43,47,21.69,5458,B2,福岡,20.0,52.0,1.22,0.0,0.0,0.0,24,17.71,61,36.46,4075,A1,東京,45.0,56.0,6.61,42.98,6.84,47.37,60,40.24,14,41.49,3503,B1,埼玉,56.0,51.0,3.66,15.69,3.93,13.33,49,22.99,50,25.0,22.8,73.1,11.5,3.8,0.11,1.6,19.3,18.2,50.0,18.2,0.13,3.0,11.4,30.8,23.1,30.8,0.11,2.2,16.7,10.5,31.6,47.4,0.11,1.9,17.5,30.0,20.0,0.0,0.14,3.1,12.3,14.3,35.7,0.0,0.14,2.8,15.1,15.4,7.7,15.4,0.2,3.2,17.4,13.3,6.7,20.0,0.18,4.3,22.1,15.8,36.8,0.0,0.17,3.4,11.6,20.0,0.0,0.0,0.21,3.7,20.9,5.6,11.1,0.0,0.2,4.5,12.8,18.2,0.0,0.0,0.22,5.4,22.6,70.0,10.0,6.7,0.16,2.3,18.8,8.0,32.0,16.0,0.16,2.7,15.0,20.0,15.0,25.0,0.12,2.6,16.5,13.6,27.3,22.7,0.19,3.3,13.5,5.6,16.7,22.2,0.14,2.7,13.5,5.6,22.2,0.0,0.17,3.4,0.0,0.0,0.0,0.0,0.0,0.0,0.0,0.0,0.0,0.0,0.0,0.0,0.0,0.0,0.0,0.0,0.0,0.0,0.0,0.0,0.0,0.0,0.0,0.0,0.0,0.0,0.0,0.0,0.0,0.0,0.0,0.0,0.0,0.0,0.0,0.0,19.7,61.5,19.2,11.5,0.1,2.0,13.6,11.1,38.9,16.7,0.12,2.3,18.9,8.0,36.0,20.0,0.13,2.6,16.7,13.6,27.3,18.2,0.13,2.4,13.6,16.7,44.4,0.0,0.13,2.7,17.4,8.7,8.7,13.0,0.15,4.3,14.4,23.1,30.8,7.7,0.14,2.6,20.0,16.7,22.2,0.0,0.17,3.2,15.6,7.1,7.1,21.4,0.18,3.4,21.1,5.3,10.5,15.8,0.14,2.8,15.6,14.3,0.0,0.0,0.18,3.3,13.3,0.0,0.0,0.0,0.17,3.7
20260831,21,4,1800,5058,A1,岡山,29.0,53.0,6.58,46.58,7.74,63.16,56,46.51,35,29.67,4583,B1,香川,37.0,53.0,5.4,34.82,6.61,50.0,21,37.11,39,31.25,4015,A2,山口,46.0,59.0,5.68,33.08,6.0,38.1,50,29.41,28,15.79,4776,A1,香川,32.0,53.0,7.09,51.7,6.95,59.09,8,43.68,34,35.71,4890,A2,山口,37.0,53.0,6.01,39.13,5.5,34.62,6,26.09,15,28.89,4383,A2,徳島,41.0,52.0,5.46,35.71,5.34,31.25,31,41.58,27,38.04,20.5,91.7,0.0,0.0,0.14,2.3,20.5,29.2,37.5,16.7,0.18,3.5,17.1,35.0,25.0,15.0,0.16,2.9,10.3,25.0,16.7,33.3,0.17,3.0,17.9,19.0,9.5,28.6,0.16,3.7,13.7,6.2,12.5,43.8,0.21,4.6,17.6,45.5,22.7,4.5,0.16,2.5,16.0,5.0,20.0,35.0,0.14,2.9,18.4,8.7,30.4,21.7,0.13,2.8,17.6,13.6,9.1,22.7,0.16,3.0,12.0,6.7,26.7,0.0,0.15,3.2,18.4,21.7,0.0,0.0,0.18,4.2,19.2,64.0,20.0,12.0,0.16,2.9,16.2,14.3,38.1,23.8,0.16,3.2,16.2,9.5,33.3,23.8,0.16,2.9,14.6,21.1,36.8,0.0,0.17,2.4,19.2,8.0,12.0,24.0,0.16,3.2,14.6,5.3,5.3,21.1,0.18,3.7,22.7,75.0,12.5,3.1,0.13,2.7,17.0,29.2,37.5,20.8,0.15,2.8,16.3,21.7,43.5,26.1,0.16,2.7,12.8,38.9,5.6,0.0,0.19,3.4,17.7,8.0,4.0,28.0,0.16,3.8,13.5,31.6,0.0,0.0,0.16,3.4,16.3,62.5,18.8,0.0,0.14,2.2,21.4,14.3,33.3,23.8,0.15,3.0,15.3,13.3,20.0,33.3,0.13,1.8,15.3,13.3,20.0,40.0,0.14,2.5,17.3,11.8,17.6,11.8,0.14,2.2,14.3,7.1,7.1,35.7,0.12,1.9,21.1,43.5,34.8,8.7,0.16,2.8,14.7,12.5,37.5,0.0,0.18,3.8,13.8,13.3,26.7,26.7,0.16,3.5,20.2,18.2,22.7,36.4,0.17,3.1,13.8,6.7,6.7,33.3,0.18,3.6,16.5,5.6,5.6,5.6,0.17,3.9
20260831,21,5,1800,4584,A1,岡山,36.0,52.0,6.51,42.73,6.71,55.93,36,28.44,57,32.95,4259,A2,長崎,42.0,53.0,5.72,34.93,5.45,42.55,26,28.72,37,32.98,4292,A1,広島,41.0,53.0,6.45,43.8,5.81,37.04,59,25.88,60,32.18,5284,B2,福岡,27.0,53.0,3.94,18.18,2.18,0.0,16,22.55,56,38.14,4431,B1,三重,40.0,52.0,4.86,31.33,0.0,0.0,53,35.56,58,33.33,4191,A1,埼玉,45.0,53.0,6.52,51.4,6.0,36.36,37,34.0,46,32.61,23.9,57.7,23.1,7.7,0.1,2.0,13.8,13.3,33.3,20.0,0.14,2.7,11.9,30.8,38.5,0.0,0.12,2.1,16.5,5.6,22.2,38.9,0.1,2.8,19.3,4.8,28.6,28.6,0.12,2.2,14.7,25.0,25.0,0.0,0.12,2.4,19.9,55.6,22.2,11.1,0.13,2.4,19.1,19.2,30.8,19.2,0.13,2.8,16.2,9.1,36.4,18.2,0.14,2.9,17.6,8.3,4.2,29.2,0.16,3.1,15.4,14.3,19.0,0.0,0.14,3.2,11.8,6.2,25.0,0.0,0.21,3.7,22.0,58.3,16.7,16.7,0.14,2.7,15.6,5.9,17.6,17.6,0.14,3.2,14.7,18.8,18.8,25.0,0.14,2.4,17.4,21.1,26.3,31.6,0.14,2.4,18.3,20.0,10.0,25.0,0.15,2.5,11.9,30.8,7.7,0.0,0.15,3.3,7.3,50.0,0.0,0.0,0.1,2.8,21.8,8.3,0.0,0.0,0.15,3.1,18.2,10.0,0.0,0.0,0.17,4.1,21.8,25.0,0.0,0.0,0.2,4.4,21.8,8.3,33.3,0.0,0.2,3.9,9.1,0.0,0.0,0.0,0.24,4.4,15.2,50.0,8.3,8.3,0.19,2.6,16.5,15.4,23.1,23.1,0.13,2.6,19.0,13.3,40.0,20.0,0.14,2.3,17.7,14.3,7.1,21.4,0.18,3.8,11.4,22.2,0.0,0.0,0.18,4.0,20.3,0.0,0.0,0.0,0.22,4.9,17.5,58.8,23.5,5.9,0.17,3.2,23.7,39.1,13.0,17.4,0.16,3.3,16.5,37.5,18.8,12.5,0.16,2.9,16.5,6.2,43.8,18.8,0.17,3.6,17.5,5.9,23.5,23.5,0.14,3.0,8.2,25.0,0.0,0.0,0.16,4.0
20260831,21,6,1800,5207,B1,福岡,29.0,54.0,5.12,34.78,3.99,16.25,25,13.89,21,30.21,3907,B1,香川,48.0,55.0,5.16,33.62,4.72,24.0,51,32.22,49,41.41,4644,A1,東京,47.0,52.0,6.49,46.1,4.11,22.22,35,48.39,24,31.33,3265,A2,福岡,61.0,51.0,6.3,46.59,6.02,44.19,20,23.4,55,42.0,4977,A2,大阪,32.0,54.0,6.2,42.5,6.05,45.45,52,34.48,63,36.96,4679,A2,福岡,37.0,58.0,6.18,48.59,6.3,47.62,28,34.65,43,34.38,11.3,75.0,12.5,12.5,0.18,3.1,18.3,30.8,15.4,0.0,0.18,3.9,21.1,6.7,6.7,26.7,0.16,3.6,14.1,30.0,10.0,0.0,0.16,3.0,21.1,6.7,13.3,13.3,0.15,2.9,14.1,10.0,0.0,0.0,0.14,3.0,17.6,63.6,18.2,0.0,0.17,3.5,14.4,11.1,16.7,27.8,0.16,3.6,18.4,4.3,34.8,26.1,0.16,3.0,16.8,4.8,28.6,28.6,0.15,3.8,16.0,20.0,20.0,0.0,0.16,3.2,16.8,9.5,0.0,0.0,0.16,4.2,18.2,68.2,22.7,4.5,0.14,2.2,14.9,11.1,55.6,5.6,0.15,3.7,18.2,18.2,31.8,18.2,0.17,2.8,20.7,20.0,20.0,8.0,0.14,2.0,17.4,14.3,9.5,42.9,0.15,2.5,10.7,7.7,15.4,0.0,0.11,2.3,32.6,46.4,14.3,17.9,0.16,2.9,67.4,12.1,24.1,15.5,0.14,3.3,0.0,0.0,0.0,0.0,0.0,0.0,0.0,0.0,0.0,0.0,0.0,0.0,0.0,0.0,0.0,0.0,0.0,0.0,0.0,0.0,0.0,0.0,0.0,0.0,19.3,75.0,12.5,0.0,0.15,2.9,19.3,18.8,18.8,37.5,0.15,3.6,15.7,46.2,23.1,0.0,0.2,3.7,18.1,6.7,20.0,13.3,0.14,2.4,15.7,7.7,23.1,23.1,0.17,3.4,12.0,10.0,30.0,0.0,0.14,4.0,20.1,66.7,14.8,3.7,0.14,2.8,16.4,18.2,36.4,22.7,0.14,3.0,12.7,23.5,17.6,17.6,0.17,3.0,19.4,3.8,23.1,30.8,0.17,3.7,17.9,8.3,25.0,0.0,0.16,3.5,13.4,5.6,0.0,0.0,0.17,4.1
20260831,21,7,1800,3742,B1,福岡,52.0,53.0,5.23,34.44,4.26,17.39,9,29.79,42,27.03,4274,B1,東京,44.0,52.0,4.54,26.55,3.48,12.0,17,33.98,40,29.03,4119,B1,大阪,45.0,54.0,5.88,35.29,6.67,33.33,57,35.23,44,52.63,5128,B1,三重,29.0,52.0,4.22,19.23,2.4,0.0,23,29.67,52,35.11,4158,B1,山口,45.0,57.0,4.25,21.0,5.19,29.73,58,22.35,36,39.8,5458,B2,福岡,20.0,52.0,1.22,0.0,0.0,0.0,24,17.71,61,36.46,14.1,33.3,16.7,16.7,0.15,3.4,16.5,7.1,28.6,7.1,0.19,4.1,21.2,22.2,16.7,0.0,0.19,3.8,16.5,7.1,7.1,0.0,0.16,3.6,15.3,15.4,23.1,0.0,0.2,3.6,16.5,7.1,14.3,0.0,0.21,4.1,13.8,30.8,23.1,7.7,0.14,3.1,13.8,15.4,15.4,30.8,0.2,3.6,21.3,5.0,20.0,20.0,0.15,2.4,17.0,12.5,25.0,0.0,0.15,3.1,17.0,6.2,6.2,37.5,0.15,3.4,17.0,6.2,6.2,0.0,0.18,3.6,17.5,44.4,27.8,11.1,0.19,3.3,17.5,22.2,50.0,0.0,0.2,4.2,16.5,11.8,29.4,35.3,0.17,3.6,21.4,4.5,13.6,22.7,0.18,4.1,14.6,6.7,0.0,0.0,0.18,4.3,12.6,7.7,38.5,0.0,0.21,4.5,10.7,12.5,25.0,12.5,0.21,4.0,17.3,15.4,15.4,15.4,0.19,3.4,18.7,14.3,14.3,28.6,0.16,3.1,21.3,6.2,25.0,18.8,0.18,3.8,18.7,14.3,42.9,0.0,0.18,4.1,13.3,10.0,0.0,0.0,0.22,4.0,14.6,69.2,7.7,7.7,0.14,2.0,18.0,37.5,25.0,0.0,0.19,3.8,18.0,25.0,25.0,0.0,0.18,3.9,14.6,7.7,7.7,30.8,0.18,3.7,18.0,12.5,6.2,6.2,0.15,3.1,16.9,6.7,6.7,20.0,0.16,3.3,0.0,0.0,0.0,0.0,0.0,0.0,0.0,0.0,0.0,0.0,0.0,0.0,0.0,0.0,0.0,0.0,0.0,0.0,0.0,0.0,0.0,0.0,0.0,0.0,0.0,0.0,0.0,0.0,0.0,0.0,0.0,0.0,0.0,0.0,0.0,0.0
20260831,21,8,1800,3647,B1,埼玉,53.0,49.0,3.17,9.35,4.37,21.05,2,27.27,67,32.97,4776,A1,香川,32.0,53.0,7.09,51.7,6.95,59.09,8,43.68,34,35.71,4358,B1,三重,42.0,50.0,4.15,25.51,3.36,14.29,55,39.76,65,35.0,3741,B1,福岡,52.0,56.0,3.62,17.86,4.15,17.31,19,30.0,51,29.67,4600,A1,広島,41.0,52.0,6.5,46.59,5.68,36.84,39,39.56,62,32.22,3477,B1,徳島,55.0,53.0,3.7,11.96,2.89,11.11,40,28.13,17,34.65,13.6,21.4,35.7,14.3,0.16,3.2,17.5,16.7,38.9,0.0,0.19,2.9,16.5,5.9,17.6,0.0,0.16,2.8,19.4,5.0,25.0,0.0,0.17,2.9,16.5,5.9,0.0,0.0,0.17,3.1,16.5,11.8,0.0,0.0,0.23,4.2,22.7,75.0,12.5,3.1,0.13,2.7,17.0,29.2,37.5,20.8,0.15,2.8,16.3,21.7,43.5,26.1,0.16,2.7,12.8,38.9,5.6,0.0,0.19,3.4,17.7,8.0,4.0,28.0,0.16,3.8,13.5,31.6,0.0,0.0,0.16,3.4,14.9,27.3,36.4,0.0,0.17,4.1,18.9,7.1,28.6,21.4,0.2,4.6,13.5,10.0,40.0,0.0,0.2,3.8,20.3,13.3,13.3,0.0,0.25,5.5,18.9,7.1,7.1,0.0,0.24,4.9,13.5,0.0,0.0,0.0,0.27,5.4,13.1,46.2,7.7,15.4,0.13,2.5,18.2,11.1,5.6,0.0,0.18,3.9,16.2,18.8,18.8,0.0,0.17,3.3,21.2,14.3,4.8,0.0,0.16,3.5,20.2,5.0,10.0,0.0,0.18,4.2,11.1,0.0,0.0,0.0,0.22,4.7,22.8,73.1,11.5,3.8,0.11,1.6,19.3,18.2,50.0,18.2,0.13,3.0,11.4,30.8,23.1,30.8,0.11,2.2,16.7,10.5,31.6,47.4,0.11,1.9,17.5,30.0,20.0,0.0,0.14,3.1,12.3,14.3,35.7,0.0,0.14,2.8,12.0,25.0,16.7,16.7,0.17,4.3,19.0,5.3,5.3,21.1,0.2,4.4,17.0,11.8,17.6,0.0,0.18,4.1,20.0,5.0,5.0,20.0,0.2,3.2,18.0,5.6,33.3,0.0,0.18,3.3,14.0,7.1,0.0,0.0,0.2,4.4
20260831,21,9,1800,4259,A2,長崎,42.0,53.0,5.72,34.93,5.45,42.55,26,28.72,37,32.98,4226,B1,山口,43.0,52.0,4.19,21.3,4.52,26.09,48,42.86,12,41.11,4229,B1,静岡,43.0,54.0,4.24,18.29,4.33,0.0,18,27.45,33,34.41,4890,A2,山口,37.0,53.0,6.01,39.13,5.5,34.62,6,26.09,15,28.89,4584,A1,岡山,36.0,52.0,6.51,42.73,6.71,55.93,36,28.44,57,32.95,4421,B1,東京,38.0,57.0,3.17,5.8,3.25,0.0,44,30.93,69,27.71,19.9,55.6,22.2,11.1,0.13,2.4,19.1,19.2,30.8,19.2,0.13,2.8,16.2,9.1,36.4,18.2,0.14,2.9,17.6,8.3,4.2,29.2,0.16,3.1,15.4,14.3,19.0,0.0,0.14,3.2,11.8,6.2,25.0,0.0,0.21,3.7,15.7,52.9,11.8,11.8,0.16,3.0,17.6,5.3,31.6,10.5,0.17,3.7,20.4,4.5,22.7,18.2,0.15,2.9,14.8,12.5,6.2,18.8,0.14,2.7,18.5,5.0,10.0,10.0,0.16,3.0,13.0,7.1,0.0,0.0,0.13,2.5,15.1,15.4,7.7,15.4,0.2,3.2,17.4,13.3,6.7,20.0,0.18,4.3,22.1,15.8,36.8,0.0,0.17,3.4,11.6,20.0,0.0,0.0,0.21,3.7,20.9,5.6,11.1,0.0,0.2,4.5,12.8,18.2,0.0,0.0,0.22,5.4,16.3,62.5,18.8,0.0,0.14,2.2,21.4,14.3,33.3,23.8,0.15,3.0,15.3,13.3,20.0,33.3,0.13,1.8,15.3,13.3,20.0,40.0,0.14,2.5,17.3,11.8,17.6,11.8,0.14,2.2,14.3,7.1,7.1,35.7,0.12,1.9,23.9,57.7,23.1,7.7,0.1,2.0,13.8,13.3,33.3,20.0,0.14,2.7,11.9,30.8,38.5,0.0,0.12,2.1,16.5,5.6,22.2,38.9,0.1,2.8,19.3,4.8,28.6,28.6,0.12,2.2,14.7,25.0,25.0,0.0,0.12,2.4,14.0,16.7,8.3,25.0,0.16,2.9,16.3,7.1,21.4,0.0,0.16,4.1,18.6,6.2,12.5,25.0,0.18,3.1,9.3,12.5,37.5,0.0,0.17,3.5,19.8,5.9,0.0,0.0,0.2,4.9,22.1,10.5,0.0,0.0,0.24,5.1
20260831,21,10,1800,4227,A2,三重,43.0,52.0,6.05,35.34,6.83,55.56,43,40.43,47,21.69,4396,B1,山口,40.0,54.0,4.92,27.27,5.0,29.79,54,29.55,11,20.22,4191,A1,埼玉,45.0,53.0,6.52,51.4,6.0,36.36,37,34.0,46,32.61,5058,A1,岡山,29.0,53.0,6.58,46.58,7.74,63.16,56,46.51,35,29.67,3788,B2,徳島,54.0,53.0,5.14,35.71,5.47,43.75,46,28.09,30,21.43,3265,A2,福岡,61.0,51.0,6.3,46.59,6.02,44.19,20,23.4,55,42.0,22.6,70.0,10.0,6.7,0.16,2.3,18.8,8.0,32.0,16.0,0.16,2.7,15.0,20.0,15.0,25.0,0.12,2.6,16.5,13.6,27.3,22.7,0.19,3.3,13.5,5.6,16.7,22.2,0.14,2.7,13.5,5.6,22.2,0.0,0.17,3.4,18.6,38.1,28.6,19.0,0.2,4.1,15.9,33.3,27.8,0.0,0.19,3.9,17.7,10.0,20.0,5.0,0.17,3.0,17.7,20.0,25.0,0.0,0.2,4.3,13.3,6.7,6.7,0.0,0.18,4.1,16.8,5.3,5.3,26.3,0.24,4.9,17.5,58.8,23.5,5.9,0.17,3.2,23.7,39.1,13.0,17.4,0.16,3.3,16.5,37.5,18.8,12.5,0.16,2.9,16.5,6.2,43.8,18.8,0.17,3.6,17.5,5.9,23.5,23.5,0.14,3.0,8.2,25.0,0.0,0.0,0.16,4.0,20.5,91.7,0.0,0.0,0.14,2.3,20.5,29.2,37.5,16.7,0.18,3.5,17.1,35.0,25.0,15.0,0.16,2.9,10.3,25.0,16.7,33.3,0.17,3.0,17.9,19.0,9.5,28.6,0.16,3.7,13.7,6.2,12.5,43.8,0.21,4.6,18.8,46.7,20.0,13.3,0.13,2.1,18.8,13.3,40.0,33.3,0.13,2.3,10.0,37.5,25.0,0.0,0.18,2.9,17.5,7.1,35.7,14.3,0.12,2.1,20.0,25.0,12.5,6.2,0.12,2.2,15.0,8.3,0.0,0.0,0.15,2.7,32.6,46.4,14.3,17.9,0.16,2.9,67.4,12.1,24.1,15.5,0.14,3.3,0.0,0.0,0.0,0.0,0.0,0.0,0.0,0.0,0.0,0.0,0.0,0.0,0.0,0.0,0.0,0.0,0.0,0.0,0.0,0.0,0.0,0.0,0.0,0.0
20260831,21,11,1800,4292,A1,広島,41.0,53.0,6.45,43.8,5.81,37.04,59,25.88,60,32.18,4977,A2,大阪,32.0,54.0,6.2,42.5,6.05,45.45,52,34.48,63,36.96,4158,B1,山口,45.0,57.0,4.25,21.0,5.19,29.73,58,22.35,36,39.8,3503,B1,埼玉,56.0,51.0,3.66,15.69,3.93,13.33,49,22.99,50,25.0,4824,A2,三重,33.0,53.0,5.87,42.52,6.13,50.0,22,41.38,25,28.0,4015,A2,山口,46.0,59.0,5.68,33.08,6.0,38.1,50,29.41,28,15.79,22.0,58.3,16.7,16.7,0.14,2.7,15.6,5.9,17.6,17.6,0.14,3.2,14.7,18.8,18.8,25.0,0.14,2.4,17.4,21.1,26.3,31.6,0.14,2.4,18.3,20.0,10.0,25.0,0.15,2.5,11.9,30.8,7.7,0.0,0.15,3.3,19.3,75.0,12.5,0.0,0.15,2.9,19.3,18.8,18.8,37.5,0.15,3.6,15.7,46.2,23.1,0.0,0.2,3.7,18.1,6.7,20.0,13.3,0.14,2.4,15.7,7.7,23.1,23.1,0.17,3.4,12.0,10.0,30.0,0.0,0.14,4.0,14.6,69.2,7.7,7.7,0.14,2.0,18.0,37.5,25.0,0.0,0.19,3.8,18.0,25.0,25.0,0.0,0.18,3.9,14.6,7.7,7.7,30.8,0.18,3.7,18.0,12.5,6.2,6.2,0.15,3.1,16.9,6.7,6.7,20.0,0.16,3.3,14.4,23.1,30.8,7.7,0.14,2.6,20.0,16.7,22.2,0.0,0.17,3.2,15.6,7.1,7.1,21.4,0.18,3.4,21.1,5.3,10.5,15.8,0.14,2.8,15.6,14.3,0.0,0.0,0.18,3.3,13.3,0.0,0.0,0.0,0.17,3.7,20.6,70.4,14.8,0.0,0.13,2.7,15.3,25.0,15.0,10.0,0.13,2.6,17.6,8.7,47.8,13.0,0.12,1.9,17.6,13.0,17.4,17.4,0.12,2.3,16.0,14.3,9.5,23.8,0.11,2.9,13.0,11.8,11.8,0.0,0.15,3.5,19.2,64.0,20.0,12.0,0.16,2.9,16.2,14.3,38.1,23.8,0.16,3.2,16.2,9.5,33.3,23.8,0.16,2.9,14.6,21.1,36.8,0.0,0.17,2.4,19.2,8.0,12.0,24.0,0.16,3.2,14.6,5.3,5.3,21.1,0.18,3.7
20260831,21,12,1800,4064,A1,山口,46.0,52.0,6.33,46.0,7.5,64.29,34,28.41,54,32.97,4383,A2,徳島,41.0,52.0,5.46,35.71,5.34,31.25,31,41.58,27,38.04,4075,A1,東京,45.0,56.0,6.61,42.98,6.84,47.37,60,40.24,14,41.49,3742,B1,福岡,52.0,53.0,5.23,34.44,4.26,17.39,9,29.79,42,27.03,4318,A2,東京,42.0,52.0,5.05,22.34,6.11,33.33,30,37.25,59,45.16,4644,A1,東京,47.0,52.0,6.49,46.1,4.11,22.22,35,48.39,24,31.33,23.0,82.1,7.1,3.6,0.14,2.6,13.1,12.5,31.2,25.0,0.14,3.1,20.5,40.0,28.0,0.0,0.18,3.4,15.6,15.8,15.8,36.8,0.16,3.4,13.1,6.2,43.8,0.0,0.19,3.6,14.8,16.7,27.8,0.0,0.22,4.7,21.1,43.5,34.8,8.7,0.16,2.8,14.7,12.5,37.5,0.0,0.18,3.8,13.8,13.3,26.7,26.7,0.16,3.5,20.2,18.2,22.7,36.4,0.17,3.1,13.8,6.7,6.7,33.3,0.18,3.6,16.5,5.6,5.6,5.6,0.17,3.9,19.7,61.5,19.2,11.5,0.1,2.0,13.6,11.1,38.9,16.7,0.12,2.3,18.9,8.0,36.0,20.0,0.13,2.6,16.7,13.6,27.3,18.2,0.13,2.4,13.6,16.7,44.4,0.0,0.13,2.7,17.4,8.7,8.7,13.0,0.15,4.3,14.1,33.3,16.7,16.7,0.15,3.4,16.5,7.1,28.6,7.1,0.19,4.1,21.2,22.2,16.7,0.0,0.19,3.8,16.5,7.1,7.1,0.0,0.16,3.6,15.3,15.4,23.1,0.0,0.2,3.6,16.5,7.1,14.3,0.0,0.21,4.1,17.7,60.0,15.0,5.0,0.17,2.8,19.5,13.6,22.7,27.3,0.16,3.5,16.8,10.5,36.8,5.3,0.15,3.0,17.7,25.0,45.0,0.0,0.15,3.0,15.9,22.2,38.9,0.0,0.14,3.1,12.4,7.1,21.4,0.0,0.17,4.1,18.2,68.2,22.7,4.5,0.14,2.2,14.9,11.1,55.6,5.6,0.15,3.7,18.2,18.2,31.8,18.2,0.17,2.8,20.7,20.0,20.0,8.0,0.14,2.0,17.4,14.3,9.5,42.9,0.15,2.5,10.7,7.7,15.4,0.0,0.11,2.3
20260831,20,1,1800,3564,B1,福岡,56.0,53.0,4.15,25.86,4.66,27.94,48,34.76,34,45.24,3964,B1,長崎,47.0,55.0,3.85,14.14,4.16,18.18,3,33.92,27,41.38,4006,B1,佐賀,48.0,51.0,5.07,29.36,5.04,28.0,20,37.21,19,15.38,3953,B2,福岡,49.0,52.0,3.74,21.05,3.53,16.48,53,32.73,63,30.36,3544,B1,静岡,57.0,52.0,4.12,17.0,3.5,12.5,33,30.77,52,24.56,3459,B1,佐賀,59.0,55.0,3.3,12.09,4.39,26.32,22,37.06,59,22.73,11.2,23.1,38.5,7.7,0.16,3.8,18.1,19.0,9.5,28.6,0.17,3.5,18.1,14.3,14.3,4.8,0.17,3.6,22.4,11.5,23.1,15.4,0.16,3.2,19.8,4.3,4.3,13.0,0.18,3.5,10.3,0.0,0.0,0.0,0.13,3.8,11.7,27.3,36.4,18.2,0.17,3.5,20.2,5.3,21.1,36.8,0.18,3.5,20.2,5.3,26.3,15.8,0.18,3.5,18.1,23.5,0.0,0.0,0.18,4.2,20.2,5.3,21.1,0.0,0.25,4.6,9.6,11.1,22.2,0.0,0.21,3.9,11.6,36.4,27.3,27.3,0.16,3.7,17.9,11.8,29.4,11.8,0.18,3.4,21.1,20.0,40.0,10.0,0.17,3.5,17.9,23.5,17.6,0.0,0.15,3.6,20.0,5.3,15.8,10.5,0.18,4.5,11.6,18.2,0.0,0.0,0.2,4.0,13.0,50.0,16.7,0.0,0.12,2.0,19.6,33.3,0.0,0.0,0.13,3.1,10.9,20.0,0.0,0.0,0.23,4.0,19.6,11.1,0.0,0.0,0.19,4.0,13.0,0.0,0.0,0.0,0.2,3.7,23.9,0.0,0.0,0.0,0.28,5.4,13.1,7.7,23.1,23.1,0.14,1.9,18.2,11.1,0.0,0.0,0.24,4.5,21.2,19.0,9.5,0.0,0.2,3.8,19.2,5.3,26.3,5.3,0.17,3.1,17.2,17.6,11.8,0.0,0.2,3.5,11.1,0.0,0.0,0.0,0.24,5.1,10.0,25.0,12.5,0.0,0.18,3.0,17.5,14.3,7.1,28.6,0.12,1.9,25.0,10.0,10.0,15.0,0.17,2.9,17.5,7.1,21.4,0.0,0.19,3.8,21.2,5.9,0.0,0.0,0.18,2.9,8.8,0.0,0.0,0.0,0.19,4.3
20260831,20,2,1800,4154,B1,香川,46.0,52.0,5.11,34.86,5.61,38.89,49,53.75,51,33.96,3527,B1,長崎,55.0,51.0,5.26,33.03,4.04,22.22,5,42.11,32,35.09,3569,B1,東京,55.0,53.0,3.93,16.67,6.0,33.33,8,30.68,56,25.45,3710,B1,香川,52.0,55.0,4.66,24.53,4.6,22.22,35,39.04,50,31.25,3747,A2,福岡,51.0,53.0,5.72,38.24,5.28,37.5,6,36.31,30,44.0,4053,A2,東京,48.0,57.0,5.36,34.95,5.4,30.0,18,32.32,45,35.56,17.3,35.3,11.8,17.6,0.21,4.6,16.3,6.2,37.5,18.8,0.18,3.6,15.3,26.7,13.3,0.0,0.2,3.9,22.4,4.5,18.2,31.8,0.18,4.0,13.3,7.7,15.4,0.0,0.22,4.6,15.3,6.7,6.7,0.0,0.25,5.5,17.4,26.3,36.8,5.3,0.18,3.2,17.4,21.1,15.8,21.1,0.16,3.2,17.4,10.5,26.3,21.1,0.18,4.1,16.5,5.6,22.2,0.0,0.18,3.5,18.3,5.0,15.0,15.0,0.15,3.3,12.8,14.3,7.1,0.0,0.19,4.1,14.0,13.3,46.7,0.0,0.16,3.0,18.7,10.0,10.0,15.0,0.18,3.4,18.7,5.0,20.0,0.0,0.18,3.7,15.0,18.8,0.0,0.0,0.18,3.8,22.4,12.5,12.5,0.0,0.19,3.8,11.2,8.3,0.0,0.0,0.22,5.5,14.9,26.7,40.0,0.0,0.17,3.3,16.8,5.9,23.5,23.5,0.17,3.6,19.8,10.0,25.0,0.0,0.16,3.9,19.8,10.0,15.0,20.0,0.19,4.2,18.8,5.3,10.5,21.1,0.2,4.0,9.9,20.0,0.0,0.0,0.2,4.5,13.1,69.2,7.7,23.1,0.17,3.2,20.2,15.0,25.0,25.0,0.18,3.7,17.2,5.9,41.2,23.5,0.15,3.0,18.2,16.7,16.7,11.1,0.17,3.1,15.2,6.7,33.3,0.0,0.14,3.0,16.2,18.8,25.0,0.0,0.15,3.2,17.7,63.6,13.6,9.1,0.17,2.7,14.5,27.8,44.4,11.1,0.15,2.6,21.0,19.2,15.4,34.6,0.15,2.4,21.8,11.1,18.5,18.5,0.18,3.3,11.3,7.1,35.7,28.6,0.14,2.7,13.7,5.9,11.8,0.0,0.17,2.9
20260831,20,3,1800,3596,B1,埼玉,57.0,58.0,4.28,15.28,0.0,0.0,21,39.29,11,32.2,3442,B1,香川,57.0,55.0,3.97,15.91,5.74,37.04,42,42.39,36,34.55,3105,B1,東京,63.0,54.0,5.14,34.44,4.54,25.0,15,33.93,71,50.0,4102,A1,福岡,47.0,52.0,6.49,51.02,7.07,60.66,46,36.46,23,40.38,4007,B1,山口,47.0,50.0,4.62,27.19,4.71,29.41,13,32.54,40,22.0,3715,A2,福岡,51.0,53.0,5.62,35.87,6.03,44.44,58,32.93,31,31.11,13.1,36.4,27.3,0.0,0.15,3.9,15.5,7.7,15.4,0.0,0.21,4.1,21.4,16.7,22.2,0.0,0.14,2.6,20.2,5.9,5.9,0.0,0.16,2.9,16.7,7.1,7.1,0.0,0.17,2.4,13.1,9.1,0.0,0.0,0.19,3.0,12.2,44.4,22.2,22.2,0.18,4.1,16.2,25.0,25.0,0.0,0.17,2.8,18.9,7.1,14.3,50.0,0.18,2.7,18.9,7.1,21.4,28.6,0.15,3.1,18.9,7.1,28.6,0.0,0.14,3.6,14.9,27.3,0.0,0.0,0.17,3.5,15.6,35.7,28.6,28.6,0.16,2.5,20.0,11.1,11.1,27.8,0.22,3.9,17.8,18.8,18.8,12.5,0.22,3.3,14.4,7.7,23.1,0.0,0.14,2.7,15.6,7.1,42.9,0.0,0.19,3.0,16.7,26.7,0.0,0.0,0.2,4.1,18.8,87.5,12.5,0.0,0.14,2.6,13.3,52.9,17.6,0.0,0.15,3.0,20.3,11.5,34.6,23.1,0.14,3.0,16.4,28.6,9.5,14.3,0.14,2.8,14.8,15.8,10.5,15.8,0.17,2.9,16.4,4.8,19.0,14.3,0.16,3.9,13.8,22.2,22.2,44.4,0.16,3.4,21.5,7.1,21.4,21.4,0.15,2.6,16.9,9.1,36.4,9.1,0.12,2.3,15.4,10.0,10.0,0.0,0.15,2.7,15.4,10.0,30.0,0.0,0.12,2.4,16.9,18.2,0.0,0.0,0.16,2.8,16.9,33.3,13.3,20.0,0.16,3.1,18.0,12.5,43.8,18.8,0.15,2.8,18.0,6.2,31.2,25.0,0.15,2.2,18.0,12.5,43.8,0.0,0.2,3.2,15.7,7.1,14.3,0.0,0.2,4.1,13.5,8.3,8.3,25.0,0.19,4.3
20260831,20,4,1800,3226,B1,東京,61.0,51.0,4.29,18.89,4.3,30.23,23,40.12,38,29.82,3568,B1,香川,55.0,56.0,4.11,21.9,5.42,31.58,57,30.67,62,42.59,4136,A1,福岡,46.0,54.0,6.1,41.67,6.95,57.5,52,34.91,54,36.54,3878,B1,山口,49.0,51.0,4.36,19.78,3.85,12.12,41,35.2,72,45.1,3940,A1,東京,48.0,53.0,6.43,48.94,6.57,54.76,2,31.35,75,32.08,3629,A2,埼玉,56.0,53.0,5.48,32.79,6.86,52.38,16,29.01,48,44.23,17.0,46.7,13.3,6.7,0.2,4.5,17.0,40.0,20.0,0.0,0.16,4.0,14.8,23.1,15.4,0.0,0.19,3.7,17.0,13.3,13.3,20.0,0.22,4.5,18.2,18.8,25.0,0.0,0.17,3.6,15.9,7.1,0.0,0.0,0.19,4.1,16.3,37.5,25.0,6.2,0.15,3.0,22.4,9.1,4.5,18.2,0.19,3.9,19.4,5.3,5.3,26.3,0.17,3.3,19.4,15.8,21.1,10.5,0.17,2.9,14.3,7.1,7.1,0.0,0.17,3.8,8.2,12.5,0.0,0.0,0.15,4.1,21.8,75.0,8.3,12.5,0.13,2.6,16.4,11.1,38.9,33.3,0.17,3.4,14.5,25.0,31.2,12.5,0.15,2.4,14.5,6.2,37.5,31.2,0.17,4.5,15.5,5.9,17.6,29.4,0.19,4.1,17.3,15.8,26.3,0.0,0.2,4.3,12.8,27.3,18.2,18.2,0.17,3.3,18.6,6.2,25.0,18.8,0.16,2.6,18.6,6.2,25.0,0.0,0.18,3.1,17.4,13.3,13.3,0.0,0.17,3.5,17.4,6.7,13.3,6.7,0.19,3.1,15.1,7.7,15.4,0.0,0.17,3.2,24.3,69.4,22.2,2.8,0.13,2.4,17.6,15.4,7.7,19.2,0.16,3.3,16.2,20.8,25.0,12.5,0.16,2.6,14.2,14.3,23.8,28.6,0.14,2.8,14.9,13.6,13.6,18.2,0.14,2.5,12.8,21.1,21.1,0.0,0.15,2.9,18.5,83.3,8.3,4.2,0.13,2.5,17.7,30.4,26.1,17.4,0.14,2.4,16.9,9.1,4.5,36.4,0.14,2.3,19.2,16.0,16.0,24.0,0.14,2.8,17.7,8.7,21.7,13.0,0.13,2.5,10.0,30.8,0.0,0.0,0.18,3.8
20260831,20,5,1800,3489,A2,静岡,59.0,52.0,5.97,42.47,5.86,44.9,44,32.96,66,20.0,3257,A1,福岡,59.0,51.0,6.76,56.64,5.5,43.33,34,36.41,70,42.37,4105,B1,兵庫,46.0,52.0,5.42,32.73,3.81,18.75,47,37.04,28,20.0,3769,A2,滋賀,52.0,53.0,5.58,35.16,5.19,28.13,12,33.71,14,18.18,3726,B1,福岡,55.0,54.0,4.64,26.56,4.92,31.15,27,26.54,58,22.22,3535,B1,兵庫,54.0,52.0,4.28,25.0,4.73,26.92,4,36.21,22,25.0,17.5,62.5,16.7,8.3,0.14,2.6,19.0,7.7,46.2,23.1,0.17,3.4,13.9,5.3,26.3,42.1,0.13,2.1,21.2,6.9,20.7,20.7,0.16,3.8,11.7,12.5,18.8,0.0,0.18,3.4,16.8,17.4,0.0,0.0,0.2,4.9,22.2,80.0,20.0,0.0,0.13,2.1,67.8,21.3,23.0,9.8,0.13,2.4,4.4,25.0,50.0,0.0,0.13,1.8,5.6,40.0,20.0,0.0,0.17,1.8,0.0,0.0,0.0,0.0,0.0,0.0,0.0,0.0,0.0,0.0,0.0,0.0,17.2,22.7,22.7,4.5,0.2,4.3,14.1,11.1,44.4,16.7,0.18,3.3,18.8,8.3,8.3,41.7,0.19,3.4,18.8,4.2,12.5,33.3,0.17,3.2,15.6,5.0,10.0,40.0,0.17,3.2,15.6,15.0,0.0,0.0,0.22,4.6,16.5,60.0,20.0,13.3,0.12,2.0,17.6,18.8,25.0,25.0,0.15,3.3,19.8,5.6,33.3,33.3,0.2,3.8,15.4,7.1,14.3,14.3,0.17,4.0,17.6,12.5,25.0,0.0,0.17,3.3,13.2,8.3,25.0,0.0,0.19,4.4,16.9,7.1,42.9,14.3,0.18,4.3,16.9,21.4,28.6,7.1,0.19,4.0,12.0,10.0,20.0,40.0,0.11,2.2,21.7,5.6,22.2,11.1,0.15,3.4,15.7,15.4,7.7,0.0,0.12,2.4,16.9,7.1,0.0,0.0,0.2,4.1,14.0,46.2,15.4,0.0,0.15,3.7,18.3,29.4,11.8,0.0,0.2,4.4,16.1,13.3,26.7,0.0,0.19,4.2,14.0,7.7,7.7,7.7,0.23,4.5,21.5,5.0,15.0,20.0,0.18,3.9,16.1,0.0,0.0,0.0,0.24,5.2
20260831,20,6,1800,3445,B1,埼玉,56.0,54.0,4.97,26.09,7.17,61.11,30,29.52,29,21.57,3422,A2,静岡,55.0,55.0,6.0,41.22,5.86,50.0,39,37.29,25,40.35,3315,B1,愛知,60.0,52.0,4.44,24.44,0.0,0.0,51,45.68,65,22.45,3508,A2,佐賀,55.0,56.0,5.32,33.01,5.2,29.27,50,33.93,74,31.03,3908,A1,香川,47.0,58.0,5.83,39.34,5.87,29.03,45,34.09,61,28.07,3391,B2,東京,61.0,52.0,1.83,0.0,0.0,0.0,40,36.22,18,16.67,15.7,44.4,16.7,11.1,0.17,3.7,17.4,5.0,20.0,30.0,0.23,4.3,17.4,30.0,25.0,0.0,0.18,4.0,17.4,5.0,25.0,0.0,0.19,4.1,19.1,9.1,36.4,0.0,0.17,3.1,13.0,13.3,0.0,0.0,0.19,4.4,23.0,72.4,13.8,0.0,0.15,2.8,12.7,6.2,31.2,6.2,0.13,2.9,19.8,12.0,12.0,24.0,0.15,3.3,19.8,8.0,32.0,12.0,0.14,3.0,15.9,25.0,25.0,15.0,0.14,2.5,8.7,9.1,9.1,9.1,0.16,3.7,14.7,18.2,18.2,27.3,0.11,2.6,16.0,16.7,25.0,0.0,0.18,3.8,18.7,35.7,21.4,0.0,0.15,2.9,21.3,6.2,12.5,18.8,0.17,3.4,14.7,9.1,27.3,0.0,0.17,4.0,14.7,18.2,18.2,0.0,0.2,3.9,15.6,85.7,0.0,0.0,0.17,3.1,18.9,17.6,35.3,23.5,0.19,3.7,18.9,11.8,23.5,41.2,0.17,2.9,14.4,7.7,23.1,38.5,0.2,4.1,17.8,12.5,0.0,0.0,0.2,4.7,14.4,15.4,0.0,0.0,0.28,5.3,24.1,64.3,10.7,3.6,0.14,2.9,15.5,27.8,22.2,16.7,0.18,3.7,16.4,21.1,26.3,10.5,0.13,2.5,12.9,33.3,20.0,20.0,0.15,2.8,19.8,34.8,21.7,4.3,0.15,2.7,11.2,7.7,30.8,0.0,0.15,3.8,0.0,0.0,0.0,0.0,0.0,0.0,0.0,0.0,0.0,0.0,0.0,0.0,0.0,0.0,0.0,0.0,0.0,0.0,0.0,0.0,0.0,0.0,0.0,0.0,0.0,0.0,0.0,0.0,0.0,0.0,0.0,0.0,0.0,0.0,0.0,0.0
20260831,20,7,1800,3294,B1,静岡,61.0,53.0,4.36,17.86,4.29,23.53,59,30.82,16,37.74,3251,A2,埼玉,60.0,50.0,5.89,39.86,5.33,21.43,9,32.2,20,30.0,3505,A2,東京,55.0,52.0,5.24,33.03,5.42,30.56,14,35.39,26,50.0,3612,A1,兵庫,53.0,54.0,6.74,54.48,4.17,16.67,19,39.52,17,38.6,3442,B1,香川,57.0,55.0,3.97,15.91,5.74,37.04,42,42.39,36,34.55,3527,B1,長崎,55.0,51.0,5.26,33.03,4.04,22.22,5,42.11,32,35.09,17.7,21.4,21.4,7.1,0.2,3.4,16.5,7.7,7.7,23.1,0.18,3.9,11.4,22.2,0.0,0.0,0.17,3.6,12.7,20.0,10.0,0.0,0.16,2.4,22.8,5.6,16.7,22.2,0.16,3.2,19.0,13.3,13.3,0.0,0.15,2.9,17.9,38.5,26.9,15.4,0.19,4.0,17.2,24.0,28.0,24.0,0.18,4.1,20.0,6.9,24.1,20.7,0.21,4.3,15.2,27.3,22.7,9.1,0.19,3.8,17.2,16.0,16.0,0.0,0.18,4.4,12.4,5.6,5.6,22.2,0.23,5.4,19.5,73.9,4.3,0.0,0.15,2.5,17.8,9.5,38.1,23.8,0.15,2.6,17.8,14.3,23.8,33.3,0.15,2.9,18.6,18.2,31.8,0.0,0.14,2.8,12.7,6.7,13.3,13.3,0.13,2.5,13.6,6.2,6.2,6.2,0.15,3.5,25.2,52.9,20.6,5.9,0.14,2.5,23.0,3.2,35.5,32.3,0.17,3.3,20.0,11.1,55.6,14.8,0.14,2.9,19.3,11.5,26.9,23.1,0.12,2.6,9.6,23.1,7.7,0.0,0.14,3.3,3.0,0.0,0.0,0.0,0.17,4.8,12.2,44.4,22.2,22.2,0.18,4.1,16.2,25.0,25.0,0.0,0.17,2.8,18.9,7.1,14.3,50.0,0.18,2.7,18.9,7.1,21.4,28.6,0.15,3.1,18.9,7.1,28.6,0.0,0.14,3.6,14.9,27.3,0.0,0.0,0.17,3.5,17.4,26.3,36.8,5.3,0.18,3.2,17.4,21.1,15.8,21.1,0.16,3.2,17.4,10.5,26.3,21.1,0.18,4.1,16.5,5.6,22.2,0.0,0.18,3.5,18.3,5.0,15.0,15.0,0.15,3.3,12.8,14.3,7.1,0.0,0.19,4.1
20260831,20,8,1800,3747,A2,福岡,51.0,53.0,5.72,38.24,5.28,37.5,6,36.31,30,44.0,3918,A1,滋賀,52.0,51.0,6.65,44.62,7.71,52.94,17,29.7,73,19.57,3554,A1,愛知,54.0,53.0,6.54,53.02,5.93,40.0,32,35.96,53,41.38,3544,B1,静岡,57.0,52.0,4.12,17.0,3.5,12.5,33,30.77,52,24.56,3596,B1,埼玉,57.0,58.0,4.28,15.28,0.0,0.0,21,39.29,11,32.2,3568,B1,香川,55.0,56.0,4.11,21.9,5.42,31.58,57,30.67,62,42.59,13.1,69.2,7.7,23.1,0.17,3.2,20.2,15.0,25.0,25.0,0.18,3.7,17.2,5.9,41.2,23.5,0.15,3.0,18.2,16.7,16.7,11.1,0.17,3.1,15.2,6.7,33.3,0.0,0.14,3.0,16.2,18.8,25.0,0.0,0.15,3.2,20.7,65.5,17.2,6.9,0.19,3.1,19.3,11.1,37.0,18.5,0.17,3.4,15.7,31.8,27.3,18.2,0.15,2.7,18.6,19.2,23.1,30.8,0.16,3.0,12.1,5.9,29.4,23.5,0.21,3.5,13.6,10.5,42.1,0.0,0.2,4.6,28.3,58.5,24.4,7.3,0.18,3.3,17.9,15.4,38.5,15.4,0.17,3.4,23.4,8.8,23.5,35.3,0.17,3.2,20.0,24.1,24.1,13.8,0.18,3.6,9.0,15.4,30.8,0.0,0.22,4.5,1.4,0.0,0.0,0.0,0.2,4.5,13.1,7.7,23.1,23.1,0.14,1.9,18.2,11.1,0.0,0.0,0.24,4.5,21.2,19.0,9.5,0.0,0.2,3.8,19.2,5.3,26.3,5.3,0.17,3.1,17.2,17.6,11.8,0.0,0.2,3.5,11.1,0.0,0.0,0.0,0.24,5.1,13.1,36.4,27.3,0.0,0.15,3.9,15.5,7.7,15.4,0.0,0.21,4.1,21.4,16.7,22.2,0.0,0.14,2.6,20.2,5.9,5.9,0.0,0.16,2.9,16.7,7.1,7.1,0.0,0.17,2.4,13.1,9.1,0.0,0.0,0.19,3.0,16.3,37.5,25.0,6.2,0.15,3.0,22.4,9.1,4.5,18.2,0.19,3.9,19.4,5.3,5.3,26.3,0.17,3.3,19.4,15.8,21.1,10.5,0.17,2.9,14.3,7.1,7.1,0.0,0.17,3.8,8.2,12.5,0.0,0.0,0.15,4.1
20260831,20,9,1800,3514,A2,福岡,59.0,52.0,5.66,38.81,6.39,49.28,60,30.72,55,29.41,3629,A2,埼玉,56.0,53.0,5.48,32.79,6.86,52.38,16,29.01,48,44.23,3710,B1,香川,52.0,55.0,4.66,24.53,4.6,22.22,35,39.04,50,31.25,3105,B1,東京,63.0,54.0,5.14,34.44,4.54,25.0,15,33.93,71,50.0,3690,B1,愛知,55.0,52.0,4.71,28.45,4.38,29.17,24,33.13,33,25.58,3412,A1,埼玉,56.0,54.0,6.5,50.77,5.87,43.33,61,34.29,46,28.0,20.9,71.4,10.7,7.1,0.15,2.3,14.9,35.0,15.0,15.0,0.16,3.3,15.7,9.5,19.0,23.8,0.16,3.0,17.2,8.7,13.0,21.7,0.18,3.2,14.9,10.0,5.0,20.0,0.18,4.1,16.4,4.5,13.6,0.0,0.19,4.3,18.5,83.3,8.3,4.2,0.13,2.5,17.7,30.4,26.1,17.4,0.14,2.4,16.9,9.1,4.5,36.4,0.14,2.3,19.2,16.0,16.0,24.0,0.14,2.8,17.7,8.7,21.7,13.0,0.13,2.5,10.0,30.8,0.0,0.0,0.18,3.8,14.9,26.7,40.0,0.0,0.17,3.3,16.8,5.9,23.5,23.5,0.17,3.6,19.8,10.0,25.0,0.0,0.16,3.9,19.8,10.0,15.0,20.0,0.19,4.2,18.8,5.3,10.5,21.1,0.2,4.0,9.9,20.0,0.0,0.0,0.2,4.5,15.6,35.7,28.6,28.6,0.16,2.5,20.0,11.1,11.1,27.8,0.22,3.9,17.8,18.8,18.8,12.5,0.22,3.3,14.4,7.7,23.1,0.0,0.14,2.7,15.6,7.1,42.9,0.0,0.19,3.0,16.7,26.7,0.0,0.0,0.2,4.1,11.8,25.0,33.3,8.3,0.18,3.1,20.6,14.3,28.6,28.6,0.21,4.7,18.6,5.3,26.3,5.3,0.18,4.1,15.7,6.2,25.0,0.0,0.16,3.0,16.7,5.9,11.8,0.0,0.19,4.2,16.7,5.9,17.6,0.0,0.19,3.8,22.1,76.7,20.0,0.0,0.14,2.8,13.2,50.0,16.7,0.0,0.21,3.8,14.7,35.0,20.0,30.0,0.16,3.7,16.9,13.0,26.1,13.0,0.18,3.7,18.4,8.0,12.0,40.0,0.16,3.6,14.7,5.0,30.0,35.0,0.14,3.2
20260831,20,10,1800,3940,A1,東京,48.0,53.0,6.43,48.94,6.57,54.76,2,31.35,75,32.08,3315,B1,愛知,60.0,52.0,4.44,24.44,0.0,0.0,51,45.68,65,22.45,3964,B1,長崎,47.0,55.0,3.85,14.14,4.16,18.18,3,33.92,27,41.38,3715,A2,福岡,51.0,53.0,5.62,35.87,6.03,44.44,58,32.93,31,31.11,4154,B1,香川,46.0,52.0,5.11,34.86,5.61,38.89,49,53.75,51,33.96,3769,A2,滋賀,52.0,53.0,5.58,35.16,5.19,28.13,12,33.71,14,18.18,24.3,69.4,22.2,2.8,0.13,2.4,17.6,15.4,7.7,19.2,0.16,3.3,16.2,20.8,25.0,12.5,0.16,2.6,14.2,14.3,23.8,28.6,0.14,2.8,14.9,13.6,13.6,18.2,0.14,2.5,12.8,21.1,21.1,0.0,0.15,2.9,14.7,18.2,18.2,27.3,0.11,2.6,16.0,16.7,25.0,0.0,0.18,3.8,18.7,35.7,21.4,0.0,0.15,2.9,21.3,6.2,12.5,18.8,0.17,3.4,14.7,9.1,27.3,0.0,0.17,4.0,14.7,18.2,18.2,0.0,0.2,3.9,11.7,27.3,36.4,18.2,0.17,3.5,20.2,5.3,21.1,36.8,0.18,3.5,20.2,5.3,26.3,15.8,0.18,3.5,18.1,23.5,0.0,0.0,0.18,4.2,20.2,5.3,21.1,0.0,0.25,4.6,9.6,11.1,22.2,0.0,0.21,3.9,16.9,33.3,13.3,20.0,0.16,3.1,18.0,12.5,43.8,18.8,0.15,2.8,18.0,6.2,31.2,25.0,0.15,2.2,18.0,12.5,43.8,0.0,0.2,3.2,15.7,7.1,14.3,0.0,0.2,4.1,13.5,8.3,8.3,25.0,0.19,4.3,17.3,35.3,11.8,17.6,0.21,4.6,16.3,6.2,37.5,18.8,0.18,3.6,15.3,26.7,13.3,0.0,0.2,3.9,22.4,4.5,18.2,31.8,0.18,4.0,13.3,7.7,15.4,0.0,0.22,4.6,15.3,6.7,6.7,0.0,0.25,5.5,16.5,60.0,20.0,13.3,0.12,2.0,17.6,18.8,25.0,25.0,0.15,3.3,19.8,5.6,33.3,33.3,0.2,3.8,15.4,7.1,14.3,14.3,0.17,4.0,17.6,12.5,25.0,0.0,0.17,3.3,13.2,8.3,25.0,0.0,0.19,4.4
20260831,20,11,1800,3422,A2,静岡,55.0,55.0,6.0,41.22,5.86,50.0,39,37.29,25,40.35,4006,B1,佐賀,48.0,51.0,5.07,29.36,5.04,28.0,20,37.21,19,15.38,4053,A2,東京,48.0,57.0,5.36,34.95,5.4,30.0,18,32.32,45,35.56,3489,A2,静岡,59.0,52.0,5.97,42.47,5.86,44.9,44,32.96,66,20.0,3505,A2,東京,55.0,52.0,5.24,33.03,5.42,30.56,14,35.39,26,50.0,3878,B1,山口,49.0,51.0,4.36,19.78,3.85,12.12,41,35.2,72,45.1,23.0,72.4,13.8,0.0,0.15,2.8,12.7,6.2,31.2,6.2,0.13,2.9,19.8,12.0,12.0,24.0,0.15,3.3,19.8,8.0,32.0,12.0,0.14,3.0,15.9,25.0,25.0,15.0,0.14,2.5,8.7,9.1,9.1,9.1,0.16,3.7,11.6,36.4,27.3,27.3,0.16,3.7,17.9,11.8,29.4,11.8,0.18,3.4,21.1,20.0,40.0,10.0,0.17,3.5,17.9,23.5,17.6,0.0,0.15,3.6,20.0,5.3,15.8,10.5,0.18,4.5,11.6,18.2,0.0,0.0,0.2,4.0,17.7,63.6,13.6,9.1,0.17,2.7,14.5,27.8,44.4,11.1,0.15,2.6,21.0,19.2,15.4,34.6,0.15,2.4,21.8,11.1,18.5,18.5,0.18,3.3,11.3,7.1,35.7,28.6,0.14,2.7,13.7,5.9,11.8,0.0,0.17,2.9,17.5,62.5,16.7,8.3,0.14,2.6,19.0,7.7,46.2,23.1,0.17,3.4,13.9,5.3,26.3,42.1,0.13,2.1,21.2,6.9,20.7,20.7,0.16,3.8,11.7,12.5,18.8,0.0,0.18,3.4,16.8,17.4,0.0,0.0,0.2,4.9,19.5,73.9,4.3,0.0,0.15,2.5,17.8,9.5,38.1,23.8,0.15,2.6,17.8,14.3,23.8,33.3,0.15,2.9,18.6,18.2,31.8,0.0,0.14,2.8,12.7,6.7,13.3,13.3,0.13,2.5,13.6,6.2,6.2,6.2,0.15,3.5,12.8,27.3,18.2,18.2,0.17,3.3,18.6,6.2,25.0,18.8,0.16,2.6,18.6,6.2,25.0,0.0,0.18,3.1,17.4,13.3,13.3,0.0,0.17,3.5,17.4,6.7,13.3,6.7,0.19,3.1,15.1,7.7,15.4,0.0,0.17,3.2
20260831,20,12,1800,3257,A1,福岡,59.0,51.0,6.76,56.64,5.5,43.33,34,36.41,70,42.37,3908,A1,香川,47.0,58.0,5.83,39.34,5.87,29.03,45,34.09,61,28.07,3612,A1,兵庫,53.0,54.0,6.74,54.48,4.17,16.67,19,39.52,17,38.6,4136,A1,福岡,46.0,54.0,6.1,41.67,6.95,57.5,52,34.91,54,36.54,3554,A1,愛知,54.0,53.0,6.54,53.02,5.93,40.0,32,35.96,53,41.38,4102,A1,福岡,47.0,52.0,6.49,51.02,7.07,60.66,46,36.46,23,40.38,22.2,80.0,20.0,0.0,0.13,2.1,67.8,21.3,23.0,9.8,0.13,2.4,4.4,25.0,50.0,0.0,0.13,1.8,5.6,40.0,20.0,0.0,0.17,1.8,0.0,0.0,0.0,0.0,0.0,0.0,0.0,0.0,0.0,0.0,0.0,0.0,24.1,64.3,10.7,3.6,0.14,2.9,15.5,27.8,22.2,16.7,0.18,3.7,16.4,21.1,26.3,10.5,0.13,2.5,12.9,33.3,20.0,20.0,0.15,2.8,19.8,34.8,21.7,4.3,0.15,2.7,11.2,7.7,30.8,0.0,0.15,3.8,25.2,52.9,20.6,5.9,0.14,2.5,23.0,3.2,35.5,32.3,0.17,3.3,20.0,11.1,55.6,14.8,0.14,2.9,19.3,11.5,26.9,23.1,0.12,2.6,9.6,23.1,7.7,0.0,0.14,3.3,3.0,0.0,0.0,0.0,0.17,4.8,21.8,75.0,8.3,12.5,0.13,2.6,16.4,11.1,38.9,33.3,0.17,3.4,14.5,25.0,31.2,12.5,0.15,2.4,14.5,6.2,37.5,31.2,0.17,4.5,15.5,5.9,17.6,29.4,0.19,4.1,17.3,15.8,26.3,0.0,0.2,4.3,28.3,58.5,24.4,7.3,0.18,3.3,17.9,15.4,38.5,15.4,0.17,3.4,23.4,8.8,23.5,35.3,0.17,3.2,20.0,24.1,24.1,13.8,0.18,3.6,9.0,15.4,30.8,0.0,0.22,4.5,1.4,0.0,0.0,0.0,0.2,4.5,18.8,87.5,12.5,0.0,0.14,2.6,13.3,52.9,17.6,0.0,0.15,3.0,20.3,11.5,34.6,23.1,0.14,3.0,16.4,28.6,9.5,14.3,0.14,2.8,14.8,15.8,10.5,15.8,0.17,2.9,16.4,4.8,19.0,14.3,0.16,3.9
20260831,19,1,1800,3558,B1,岡山,53.0,53.0,4.52,21.3,6.0,38.78,62,43.04,21,40.79,4404,B1,兵庫,41.0,54.0,3.51,13.04,4.0,18.75,60,24.05,59,35.06,5356,B1,岡山,21.0,51.0,4.58,26.56,0.0,0.0,30,38.96,34,34.18,4588,A2,福岡,35.0,56.0,5.45,39.67,3.9,20.0,47,37.18,69,46.05,5391,B2,山口,18.0,52.0,1.7,3.7,1.79,2.67,37,29.76,41,43.24,4017,B1,山口,46.0,45.0,5.59,36.36,5.57,35.29,51,26.58,60,39.73,17.0,37.5,18.8,12.5,0.18,2.9,19.1,11.1,22.2,27.8,0.18,3.1,17.0,6.2,18.8,25.0,0.16,3.0,21.3,5.0,10.0,0.0,0.16,2.6,14.9,7.1,28.6,0.0,0.21,3.8,10.6,20.0,0.0,0.0,0.15,2.5,11.2,36.4,9.1,9.1,0.21,4.6,18.4,11.1,16.7,27.8,0.18,3.9,20.4,10.0,10.0,25.0,0.21,4.3,15.3,6.7,33.3,0.0,0.2,4.1,17.3,11.8,5.9,0.0,0.19,3.7,17.3,0.0,0.0,0.0,0.19,4.1,12.5,27.3,27.3,18.2,0.12,2.6,17.0,26.7,20.0,0.0,0.1,2.7,23.9,14.3,14.3,14.3,0.16,2.9,11.4,20.0,20.0,0.0,0.12,3.0,15.9,21.4,35.7,0.0,0.16,3.4,19.3,5.9,5.9,11.8,0.19,4.4,16.9,47.6,23.8,0.0,0.11,1.7,16.9,9.5,52.4,14.3,0.14,2.8,13.7,11.8,17.6,29.4,0.14,2.6,19.4,12.5,41.7,12.5,0.14,2.7,21.0,7.7,7.7,23.1,0.17,4.0,12.1,6.7,6.7,0.0,0.17,4.9,0.0,0.0,0.0,0.0,0.0,0.0,0.0,0.0,0.0,0.0,0.0,0.0,0.0,0.0,0.0,0.0,0.0,0.0,20.7,8.3,0.0,0.0,0.24,4.3,22.4,0.0,0.0,0.0,0.21,4.4,56.9,0.0,0.0,0.0,0.23,4.3,18.6,63.6,18.2,13.6,0.16,3.2,16.1,21.1,26.3,10.5,0.2,3.4,17.8,23.8,19.0,0.0,0.19,3.8,16.9,5.0,20.0,15.0,0.21,3.5,15.3,16.7,38.9,0.0,0.2,4.7,15.3,11.1,0.0,0.0,0.23,4.9
20260831,19,2,1800,3712,B1,三重,52.0,56.0,4.65,32.98,4.6,30.0,14,34.62,61,27.85,4417,B1,静岡,39.0,52.0,5.27,32.91,5.6,30.0,68,28.75,40,33.75,5173,B1,香川,24.0,46.0,5.11,35.05,4.78,28.26,61,29.33,50,37.5,3613,A2,東京,53.0,52.0,6.14,47.37,5.52,41.94,19,28.4,62,26.58,4422,B1,大阪,38.0,51.0,4.66,26.14,5.56,43.75,33,33.75,51,49.37,5296,B1,愛知,24.0,46.0,3.97,21.62,5.32,36.0,21,42.86,67,42.67,13.6,33.3,33.3,8.3,0.16,3.1,19.3,5.9,11.8,23.5,0.16,2.9,18.2,6.2,12.5,31.2,0.16,2.6,17.0,13.3,20.0,6.7,0.17,3.1,18.2,18.8,6.2,0.0,0.17,3.2,13.6,8.3,8.3,0.0,0.19,3.6,17.2,43.8,12.5,25.0,0.2,3.9,17.2,12.5,31.2,12.5,0.21,4.6,17.2,12.5,12.5,25.0,0.19,4.1,15.1,7.1,14.3,0.0,0.22,4.6,18.3,5.9,23.5,17.6,0.2,4.5,15.1,7.1,21.4,0.0,0.22,4.6,15.7,64.7,17.6,0.0,0.13,2.6,16.7,22.2,11.1,27.8,0.15,3.3,16.7,11.1,22.2,22.2,0.13,2.1,15.7,5.9,23.5,11.8,0.16,2.6,17.6,10.5,21.1,0.0,0.14,2.8,17.6,10.5,0.0,0.0,0.18,3.6,21.6,60.0,26.7,6.7,0.14,2.5,15.1,14.3,52.4,9.5,0.15,2.9,15.1,14.3,38.1,9.5,0.13,2.4,16.5,17.4,34.8,21.7,0.14,3.0,15.1,19.0,23.8,0.0,0.19,4.0,16.5,8.7,13.0,0.0,0.2,3.8,12.6,61.5,23.1,7.7,0.16,2.8,17.5,11.1,22.2,33.3,0.15,2.9,20.4,4.8,23.8,9.5,0.18,3.6,17.5,33.3,0.0,0.0,0.18,4.2,20.4,4.8,9.5,9.5,0.18,4.0,11.7,8.3,16.7,0.0,0.2,4.2,9.0,25.0,0.0,0.0,0.28,5.4,18.0,18.8,6.2,6.2,0.21,3.6,15.7,7.1,14.3,7.1,0.21,3.9,14.6,15.4,0.0,0.0,0.19,3.8,19.1,5.9,5.9,23.5,0.21,3.7,23.6,0.0,0.0,0.0,0.22,4.0
20260831,19,3,1800,5148,B1,福岡,32.0,45.0,5.21,29.21,4.71,25.0,36,31.51,18,20.0,4163,A2,広島,44.0,51.0,5.52,38.1,6.23,47.54,13,28.13,55,38.96,5341,B1,群馬,25.0,54.0,3.12,12.33,0.0,0.0,18,54.43,49,41.25,4108,A1,山口,46.0,51.0,5.9,43.56,5.95,43.64,16,29.33,64,36.84,4850,A2,愛知,31.0,53.0,6.28,43.85,6.89,50.0,28,28.38,23,40.54,3967,B1,愛知,46.0,58.0,4.68,29.27,0.0,0.0,72,27.5,38,32.89,11.8,62.5,12.5,12.5,0.16,3.6,19.1,15.4,23.1,30.8,0.17,3.6,17.6,16.7,8.3,41.7,0.17,3.1,20.6,7.1,28.6,28.6,0.21,4.1,14.7,20.0,0.0,0.0,0.16,2.9,16.2,9.1,9.1,0.0,0.19,4.1,22.7,72.4,13.8,3.4,0.15,3.1,14.8,31.6,36.8,0.0,0.15,3.3,18.8,16.7,20.8,20.8,0.16,3.4,15.6,15.0,25.0,5.0,0.18,4.0,15.6,5.0,15.0,20.0,0.17,4.4,12.5,0.0,0.0,0.0,0.18,4.5,1.4,0.0,0.0,0.0,0.11,1.0,2.8,0.0,0.0,0.0,0.26,3.5,2.8,0.0,0.0,0.0,0.13,1.5,26.4,10.5,5.3,0.0,0.2,3.7,26.4,5.3,10.5,0.0,0.17,3.9,40.3,3.4,6.9,0.0,0.19,4.2,16.4,88.9,5.6,5.6,0.14,2.2,16.4,22.2,27.8,16.7,0.15,2.8,16.4,22.2,22.2,27.8,0.16,2.4,18.2,20.0,40.0,0.0,0.11,2.6,20.0,9.1,18.2,22.7,0.14,2.9,12.7,7.1,28.6,0.0,0.16,2.6,18.2,79.2,16.7,4.2,0.12,1.9,13.6,27.8,22.2,11.1,0.11,2.1,21.2,10.7,25.0,25.0,0.12,2.2,18.2,8.3,8.3,33.3,0.11,2.1,20.5,11.1,14.8,22.2,0.1,2.0,8.3,18.2,9.1,0.0,0.15,2.4,14.6,46.2,23.1,0.0,0.16,2.5,14.6,38.5,7.7,0.0,0.21,3.7,18.0,6.2,25.0,6.2,0.15,2.9,19.1,11.8,5.9,0.0,0.2,4.1,18.0,6.2,18.8,6.2,0.2,3.7,15.7,14.3,0.0,0.0,0.23,5.3
20260831,19,4,1800,5241,B1,香川,26.0,48.0,5.18,32.38,3.89,17.86,45,26.39,14,31.65,4156,A2,三重,45.0,57.0,5.38,30.0,0.0,0.0,27,41.56,63,35.9,4139,B1,愛知,45.0,55.0,4.27,25.53,4.33,16.67,57,44.74,29,22.22,4398,A1,広島,39.0,52.0,6.59,50.41,6.4,42.5,63,38.46,27,31.17,5397,B2,山口,24.0,46.0,1.53,0.0,1.36,0.0,11,42.47,32,30.67,4496,A1,東京,39.0,54.0,6.6,51.49,4.77,36.36,17,53.85,73,32.88,13.5,25.0,25.0,16.7,0.2,4.3,14.6,30.8,38.5,0.0,0.18,4.4,21.3,10.5,31.6,21.1,0.17,3.1,11.2,10.0,10.0,0.0,0.19,4.3,16.9,6.7,6.7,26.7,0.16,2.8,22.5,5.0,10.0,10.0,0.18,3.5,18.0,45.0,30.0,20.0,0.15,3.4,14.4,6.2,43.8,25.0,0.18,3.8,22.5,12.0,20.0,28.0,0.17,3.3,13.5,26.7,20.0,0.0,0.17,3.2,16.2,22.2,22.2,0.0,0.18,3.3,15.3,23.5,0.0,0.0,0.21,4.3,14.6,38.5,23.1,0.0,0.15,2.8,15.7,21.4,28.6,0.0,0.18,3.4,19.1,11.8,23.5,23.5,0.19,3.6,20.2,16.7,5.6,11.1,0.2,3.8,18.0,6.2,25.0,0.0,0.2,3.8,12.4,9.1,0.0,0.0,0.2,4.1,21.3,82.8,10.3,3.4,0.13,2.1,15.4,9.5,38.1,33.3,0.14,2.5,16.9,17.4,30.4,21.7,0.13,2.8,16.9,8.7,13.0,34.8,0.13,2.8,13.2,22.2,38.9,0.0,0.13,2.7,16.2,4.5,9.1,9.1,0.19,4.6,0.0,0.0,0.0,0.0,0.0,0.0,0.0,0.0,0.0,0.0,0.0,0.0,0.0,0.0,0.0,0.0,0.0,0.0,0.0,0.0,0.0,0.0,0.0,0.0,25.7,0.0,0.0,0.0,0.21,4.2,74.3,3.6,0.0,0.0,0.17,3.1,31.9,61.4,13.6,9.1,0.16,3.4,17.4,20.8,25.0,12.5,0.16,3.4,15.2,33.3,33.3,19.0,0.16,2.9,14.5,35.0,25.0,5.0,0.14,2.6,13.0,27.8,27.8,5.6,0.14,2.8,8.0,27.3,27.3,0.0,0.15,2.8
20260831,19,5,1800,4381,A2,兵庫,41.0,52.0,5.35,35.79,5.2,35.0,50,33.33,15,27.63,3951,B1,大阪,50.0,56.0,5.1,26.36,5.65,26.92,41,25.0,31,40.79,5083,B1,山口,27.0,54.0,4.42,26.19,5.28,35.63,64,22.37,39,27.85,3721,A1,滋賀,51.0,53.0,6.79,46.67,8.1,75.86,69,39.47,26,22.08,4562,B1,岡山,38.0,55.0,4.89,28.21,4.17,30.43,70,29.87,72,26.58,5459,B2,山口,20.0,43.0,1.06,0.0,0.0,0.0,35,30.67,12,26.58,19.5,56.5,17.4,8.7,0.18,3.6,15.3,11.1,33.3,16.7,0.18,3.1,18.6,18.2,27.3,31.8,0.18,3.6,15.3,22.2,16.7,11.1,0.16,2.9,20.3,4.2,8.3,20.8,0.17,3.0,11.0,7.7,0.0,0.0,0.17,3.6,15.3,29.4,23.5,5.9,0.19,3.6,21.6,16.7,20.8,20.8,0.19,4.5,18.0,10.0,20.0,25.0,0.21,3.9,15.3,5.9,11.8,41.2,0.18,3.9,18.9,9.5,14.3,19.0,0.2,4.1,10.8,8.3,0.0,0.0,0.23,4.5,16.5,35.7,21.4,7.1,0.16,3.1,16.5,7.1,14.3,14.3,0.17,4.0,18.8,6.2,18.8,25.0,0.2,3.7,15.3,7.7,15.4,0.0,0.16,4.1,17.6,6.7,26.7,26.7,0.15,3.2,15.3,7.7,7.7,7.7,0.16,3.1,23.3,70.8,12.5,12.5,0.12,2.3,13.6,14.3,35.7,7.1,0.14,2.9,15.5,12.5,31.2,31.2,0.13,3.2,19.4,15.0,10.0,15.0,0.11,2.1,19.4,5.0,20.0,15.0,0.14,2.4,8.7,0.0,0.0,0.0,0.13,3.7,14.4,12.5,18.8,31.2,0.16,3.8,17.1,10.5,26.3,0.0,0.21,4.6,16.2,11.1,16.7,0.0,0.19,3.9,17.1,5.3,10.5,21.1,0.19,3.9,18.9,9.5,4.8,23.8,0.18,3.8,16.2,11.1,0.0,0.0,0.23,4.6,0.0,0.0,0.0,0.0,0.0,0.0,0.0,0.0,0.0,0.0,0.0,0.0,0.0,0.0,0.0,0.0,0.0,0.0,0.0,0.0,0.0,0.0,0.0,0.0,0.0,0.0,0.0,0.0,0.0,0.0,0.0,0.0,0.0,0.0,0.0,0.0
20260831,19,6,1800,5173,B1,香川,24.0,46.0,5.11,35.05,4.78,28.26,61,29.33,50,37.5,4363,A2,福岡,41.0,52.0,5.22,31.75,5.68,29.03,39,40.74,11,35.53,5311,B1,山口,28.0,52.0,5.09,31.87,3.69,19.78,53,28.21,71,36.25,4012,A2,滋賀,46.0,57.0,6.13,46.39,6.5,40.0,46,44.58,33,32.0,4524,A1,静岡,38.0,52.0,6.73,36.36,6.29,23.53,43,35.53,42,32.47,4404,B1,兵庫,41.0,54.0,3.51,13.04,4.0,18.75,60,24.05,59,35.06,15.7,64.7,17.6,0.0,0.13,2.6,16.7,22.2,11.1,27.8,0.15,3.3,16.7,11.1,22.2,22.2,0.13,2.1,15.7,5.9,23.5,11.8,0.16,2.6,17.6,10.5,21.1,0.0,0.14,2.8,17.6,10.5,0.0,0.0,0.18,3.6,18.3,65.4,15.4,7.7,0.16,2.5,17.6,16.0,44.0,8.0,0.16,3.0,16.9,8.3,37.5,25.0,0.15,2.8,14.8,4.8,14.3,38.1,0.18,3.6,17.6,24.0,12.0,0.0,0.19,3.8,14.8,33.3,0.0,0.0,0.17,3.5,15.8,43.8,25.0,12.5,0.17,4.1,16.8,11.8,5.9,23.5,0.17,3.0,19.8,15.0,20.0,20.0,0.17,3.8,13.9,14.3,21.4,28.6,0.18,2.9,19.8,10.0,10.0,30.0,0.17,3.4,13.9,14.3,7.1,0.0,0.21,3.1,18.6,73.7,10.5,10.5,0.14,1.7,17.6,27.8,5.6,16.7,0.13,3.1,18.6,15.8,36.8,5.3,0.16,2.9,20.6,14.3,28.6,4.8,0.17,3.2,13.7,7.1,28.6,21.4,0.17,3.1,10.8,9.1,27.3,0.0,0.22,4.4,20.0,88.5,3.8,3.8,0.09,2.1,17.7,8.7,39.1,13.0,0.14,3.4,11.5,20.0,6.7,33.3,0.12,2.5,16.9,4.5,22.7,18.2,0.1,1.9,20.8,7.4,14.8,22.2,0.12,2.9,13.1,5.9,17.6,0.0,0.12,2.9,11.2,36.4,9.1,9.1,0.21,4.6,18.4,11.1,16.7,27.8,0.18,3.9,20.4,10.0,10.0,25.0,0.21,4.3,15.3,6.7,33.3,0.0,0.2,4.1,17.3,11.8,5.9,0.0,0.19,3.7,17.3,0.0,0.0,0.0,0.19,4.1
20260831,19,7,1800,4539,A1,群馬,35.0,53.0,6.52,45.24,5.94,43.14,71,41.1,46,27.63,4710,A2,大阪,36.0,52.0,5.69,36.29,6.42,36.36,66,22.86,58,48.1,4836,B1,埼玉,37.0,52.0,5.16,30.93,4.73,23.33,40,44.16,43,41.77,5296,B1,愛知,24.0,46.0,3.97,21.62,5.32,36.0,21,42.86,67,42.67,3558,B1,岡山,53.0,53.0,4.52,21.3,6.0,38.78,62,43.04,21,40.79,3719,A1,広島,51.0,52.0,6.84,44.26,6.54,48.78,65,32.47,68,36.49,18.1,84.0,12.0,4.0,0.12,1.9,15.9,22.7,27.3,0.0,0.13,2.6,18.8,11.5,34.6,19.2,0.13,2.2,14.5,20.0,20.0,5.0,0.11,2.2,15.9,4.5,22.7,18.2,0.14,2.6,16.7,4.3,4.3,21.7,0.14,3.0,19.1,60.0,24.0,8.0,0.16,3.2,18.3,16.7,41.7,12.5,0.15,2.8,16.8,9.1,9.1,31.8,0.14,3.3,13.7,11.1,22.2,27.8,0.13,3.0,17.6,4.3,17.4,21.7,0.14,3.2,14.5,10.5,21.1,0.0,0.15,3.3,14.1,75.0,8.3,0.0,0.21,3.9,20.0,17.6,29.4,0.0,0.19,3.2,18.8,12.5,6.2,18.8,0.19,3.7,14.1,8.3,8.3,25.0,0.16,3.1,15.3,7.7,15.4,0.0,0.15,3.3,17.6,6.7,6.7,26.7,0.13,2.4,9.0,25.0,0.0,0.0,0.28,5.4,18.0,18.8,6.2,6.2,0.21,3.6,15.7,7.1,14.3,7.1,0.21,3.9,14.6,15.4,0.0,0.0,0.19,3.8,19.1,5.9,5.9,23.5,0.21,3.7,23.6,0.0,0.0,0.0,0.22,4.0,17.0,37.5,18.8,12.5,0.18,2.9,19.1,11.1,22.2,27.8,0.18,3.1,17.0,6.2,18.8,25.0,0.16,3.0,21.3,5.0,10.0,0.0,0.16,2.6,14.9,7.1,28.6,0.0,0.21,3.8,10.6,20.0,0.0,0.0,0.15,2.5,20.0,63.6,9.1,22.7,0.16,3.2,16.4,11.1,44.4,16.7,0.13,3.4,15.5,5.9,41.2,29.4,0.16,3.2,13.6,13.3,20.0,13.3,0.16,3.2,20.9,17.4,17.4,30.4,0.14,2.9,13.6,6.7,20.0,26.7,0.16,3.9
20260831,19,8,1800,4798,A1,広島,33.0,52.0,6.52,44.53,6.66,48.57,44,22.08,19,28.75,3967,B1,愛知,46.0,58.0,4.68,29.27,0.0,0.0,72,27.5,38,32.89,4422,B1,大阪,38.0,51.0,4.66,26.14,5.56,43.75,33,33.75,51,49.37,5035,A2,埼玉,28.0,53.0,5.41,33.9,4.4,20.0,42,35.0,36,31.65,5356,B1,岡山,21.0,51.0,4.58,26.56,0.0,0.0,30,38.96,34,34.18,4295,A1,兵庫,39.0,53.0,7.31,57.14,6.7,63.33,12,43.04,45,37.66,20.6,77.8,18.5,0.0,0.12,2.3,14.5,26.3,26.3,26.3,0.13,2.6,18.3,12.5,12.5,29.2,0.14,2.8,16.8,4.5,22.7,27.3,0.13,2.3,16.8,13.6,13.6,22.7,0.13,2.6,13.0,5.9,17.6,0.0,0.16,3.8,14.6,46.2,23.1,0.0,0.16,2.5,14.6,38.5,7.7,0.0,0.21,3.7,18.0,6.2,25.0,6.2,0.15,2.9,19.1,11.8,5.9,0.0,0.2,4.1,18.0,6.2,18.8,6.2,0.2,3.7,15.7,14.3,0.0,0.0,0.23,5.3,12.6,61.5,23.1,7.7,0.16,2.8,17.5,11.1,22.2,33.3,0.15,2.9,20.4,4.8,23.8,9.5,0.18,3.6,17.5,33.3,0.0,0.0,0.18,4.2,20.4,4.8,9.5,9.5,0.18,4.0,11.7,8.3,16.7,0.0,0.2,4.2,13.0,46.2,15.4,23.1,0.17,3.7,18.0,16.7,33.3,16.7,0.18,4.1,18.0,22.2,11.1,22.2,0.17,2.8,19.0,5.3,26.3,15.8,0.15,2.8,18.0,11.1,22.2,22.2,0.17,3.0,14.0,7.1,14.3,0.0,0.17,4.2,12.5,27.3,27.3,18.2,0.12,2.6,17.0,26.7,20.0,0.0,0.1,2.7,23.9,14.3,14.3,14.3,0.16,2.9,11.4,20.0,20.0,0.0,0.12,3.0,15.9,21.4,35.7,0.0,0.16,3.4,19.3,5.9,5.9,11.8,0.19,4.4,23.1,90.0,6.7,3.3,0.14,2.0,21.5,21.4,28.6,32.1,0.14,2.8,12.3,25.0,12.5,18.8,0.11,2.1,15.4,10.0,50.0,15.0,0.14,2.8,16.2,9.5,28.6,19.0,0.14,2.8,11.5,33.3,0.0,0.0,0.16,3.1
20260831,19,9,1800,4111,A2,広島,46.0,55.0,5.66,40.71,4.04,12.5,15,30.26,56,50.68,5083,B1,山口,27.0,54.0,4.42,26.19,5.28,35.63,64,22.37,39,27.85,5148,B1,福岡,32.0,45.0,5.21,29.21,4.71,25.0,36,31.51,18,20.0,5391,B2,山口,18.0,52.0,1.7,3.7,1.79,2.67,37,29.76,41,43.24,4762,A1,岡山,36.0,50.0,7.36,53.91,6.18,44.12,25,27.16,25,43.75,4139,B1,愛知,45.0,55.0,4.27,25.53,4.33,16.67,57,44.74,29,22.22,14.0,50.0,21.4,21.4,0.17,3.2,18.0,16.7,16.7,33.3,0.17,3.5,19.0,15.8,36.8,21.1,0.13,2.3,18.0,5.6,27.8,5.6,0.16,3.4,20.0,10.0,10.0,20.0,0.17,3.6,11.0,9.1,9.1,0.0,0.19,4.9,16.5,35.7,21.4,7.1,0.16,3.1,16.5,7.1,14.3,14.3,0.17,4.0,18.8,6.2,18.8,25.0,0.2,3.7,15.3,7.7,15.4,0.0,0.16,4.1,17.6,6.7,26.7,26.7,0.15,3.2,15.3,7.7,7.7,7.7,0.16,3.1,11.8,62.5,12.5,12.5,0.16,3.6,19.1,15.4,23.1,30.8,0.17,3.6,17.6,16.7,8.3,41.7,0.17,3.1,20.6,7.1,28.6,28.6,0.21,4.1,14.7,20.0,0.0,0.0,0.16,2.9,16.2,9.1,9.1,0.0,0.19,4.1,0.0,0.0,0.0,0.0,0.0,0.0,0.0,0.0,0.0,0.0,0.0,0.0,0.0,0.0,0.0,0.0,0.0,0.0,20.7,8.3,0.0,0.0,0.24,4.3,22.4,0.0,0.0,0.0,0.21,4.4,56.9,0.0,0.0,0.0,0.23,4.3,21.7,76.0,8.0,8.0,0.14,3.0,16.5,15.8,36.8,5.3,0.12,2.5,16.5,15.8,26.3,36.8,0.13,2.4,13.0,13.3,6.7,46.7,0.14,3.2,13.0,26.7,26.7,0.0,0.11,3.1,19.1,9.1,9.1,18.2,0.12,3.0,14.6,38.5,23.1,0.0,0.15,2.8,15.7,21.4,28.6,0.0,0.18,3.4,19.1,11.8,23.5,23.5,0.19,3.6,20.2,16.7,5.6,11.1,0.2,3.8,18.0,6.2,25.0,0.0,0.2,3.8,12.4,9.1,0.0,0.0,0.2,4.1
20260831,19,10,1800,4363,A2,福岡,41.0,52.0,5.22,31.75,5.68,29.03,39,40.74,11,35.53,4108,A1,山口,46.0,51.0,5.9,43.56,5.95,43.64,16,29.33,64,36.84,4381,A2,兵庫,41.0,52.0,5.35,35.79,5.2,35.0,50,33.33,15,27.63,5241,B1,香川,26.0,48.0,5.18,32.38,3.89,17.86,45,26.39,14,31.65,4588,A2,福岡,35.0,56.0,5.45,39.67,3.9,20.0,47,37.18,69,46.05,4417,B1,静岡,39.0,52.0,5.27,32.91,5.6,30.0,68,28.75,40,33.75,18.3,65.4,15.4,7.7,0.16,2.5,17.6,16.0,44.0,8.0,0.16,3.0,16.9,8.3,37.5,25.0,0.15,2.8,14.8,4.8,14.3,38.1,0.18,3.6,17.6,24.0,12.0,0.0,0.19,3.8,14.8,33.3,0.0,0.0,0.17,3.5,16.4,88.9,5.6,5.6,0.14,2.2,16.4,22.2,27.8,16.7,0.15,2.8,16.4,22.2,22.2,27.8,0.16,2.4,18.2,20.0,40.0,0.0,0.11,2.6,20.0,9.1,18.2,22.7,0.14,2.9,12.7,7.1,28.6,0.0,0.16,2.6,19.5,56.5,17.4,8.7,0.18,3.6,15.3,11.1,33.3,16.7,0.18,3.1,18.6,18.2,27.3,31.8,0.18,3.6,15.3,22.2,16.7,11.1,0.16,2.9,20.3,4.2,8.3,20.8,0.17,3.0,11.0,7.7,0.0,0.0,0.17,3.6,13.5,25.0,25.0,16.7,0.2,4.3,14.6,30.8,38.5,0.0,0.18,4.4,21.3,10.5,31.6,21.1,0.17,3.1,11.2,10.0,10.0,0.0,0.19,4.3,16.9,6.7,6.7,26.7,0.16,2.8,22.5,5.0,10.0,10.0,0.18,3.5,16.9,47.6,23.8,0.0,0.11,1.7,16.9,9.5,52.4,14.3,0.14,2.8,13.7,11.8,17.6,29.4,0.14,2.6,19.4,12.5,41.7,12.5,0.14,2.7,21.0,7.7,7.7,23.1,0.17,4.0,12.1,6.7,6.7,0.0,0.17,4.9,17.2,43.8,12.5,25.0,0.2,3.9,17.2,12.5,31.2,12.5,0.21,4.6,17.2,12.5,12.5,25.0,0.19,4.1,15.1,7.1,14.3,0.0,0.22,4.6,18.3,5.9,23.5,17.6,0.2,4.5,15.1,7.1,21.4,0.0,0.22,4.6
20260831,19,11,1800,4524,A1,静岡,38.0,52.0,6.73,36.36,6.29,23.53,43,35.53,42,32.47,4496,A1,東京,39.0,54.0,6.6,51.49,4.77,36.36,17,53.85,73,32.88,4562,B1,岡山,38.0,55.0,4.89,28.21,4.17,30.43,70,29.87,72,26.58,4163,A2,広島,44.0,51.0,5.52,38.1,6.23,47.54,13,28.13,55,38.96,3712,B1,三重,52.0,56.0,4.65,32.98,4.6,30.0,14,34.62,61,27.85,4710,A2,大阪,36.0,52.0,5.69,36.29,6.42,36.36,66,22.86,58,48.1,20.0,88.5,3.8,3.8,0.09,2.1,17.7,8.7,39.1,13.0,0.14,3.4,11.5,20.0,6.7,33.3,0.12,2.5,16.9,4.5,22.7,18.2,0.1,1.9,20.8,7.4,14.8,22.2,0.12,2.9,13.1,5.9,17.6,0.0,0.12,2.9,31.9,61.4,13.6,9.1,0.16,3.4,17.4,20.8,25.0,12.5,0.16,3.4,15.2,33.3,33.3,19.0,0.16,2.9,14.5,35.0,25.0,5.0,0.14,2.6,13.0,27.8,27.8,5.6,0.14,2.8,8.0,27.3,27.3,0.0,0.15,2.8,14.4,12.5,18.8,31.2,0.16,3.8,17.1,10.5,26.3,0.0,0.21,4.6,16.2,11.1,16.7,0.0,0.19,3.9,17.1,5.3,10.5,21.1,0.19,3.9,18.9,9.5,4.8,23.8,0.18,3.8,16.2,11.1,0.0,0.0,0.23,4.6,22.7,72.4,13.8,3.4,0.15,3.1,14.8,31.6,36.8,0.0,0.15,3.3,18.8,16.7,20.8,20.8,0.16,3.4,15.6,15.0,25.0,5.0,0.18,4.0,15.6,5.0,15.0,20.0,0.17,4.4,12.5,0.0,0.0,0.0,0.18,4.5,13.6,33.3,33.3,8.3,0.16,3.1,19.3,5.9,11.8,23.5,0.16,2.9,18.2,6.2,12.5,31.2,0.16,2.6,17.0,13.3,20.0,6.7,0.17,3.1,18.2,18.8,6.2,0.0,0.17,3.2,13.6,8.3,8.3,0.0,0.19,3.6,19.1,60.0,24.0,8.0,0.16,3.2,18.3,16.7,41.7,12.5,0.15,2.8,16.8,9.1,9.1,31.8,0.14,3.3,13.7,11.1,22.2,27.8,0.13,3.0,17.6,4.3,17.4,21.7,0.14,3.2,14.5,10.5,21.1,0.0,0.15,3.3
20260831,19,12,1800,3721,A1,滋賀,51.0,53.0,6.79,46.67,8.1,75.86,69,39.47,26,22.08,4012,A2,滋賀,46.0,57.0,6.13,46.39,6.5,40.0,46,44.58,33,32.0,3613,A2,東京,53.0,52.0,6.14,47.37,5.52,41.94,19,28.4,62,26.58,4798,A1,広島,33.0,52.0,6.52,44.53,6.66,48.57,44,22.08,19,28.75,4156,A2,三重,45.0,57.0,5.38,30.0,0.0,0.0,27,41.56,63,35.9,4850,A2,愛知,31.0,53.0,6.28,43.85,6.89,50.0,28,28.38,23,40.54,23.3,70.8,12.5,12.5,0.12,2.3,13.6,14.3,35.7,7.1,0.14,2.9,15.5,12.5,31.2,31.2,0.13,3.2,19.4,15.0,10.0,15.0,0.11,2.1,19.4,5.0,20.0,15.0,0.14,2.4,8.7,0.0,0.0,0.0,0.13,3.7,18.6,73.7,10.5,10.5,0.14,1.7,17.6,27.8,5.6,16.7,0.13,3.1,18.6,15.8,36.8,5.3,0.16,2.9,20.6,14.3,28.6,4.8,0.17,3.2,13.7,7.1,28.6,21.4,0.17,3.1,10.8,9.1,27.3,0.0,0.22,4.4,21.6,60.0,26.7,6.7,0.14,2.5,15.1,14.3,52.4,9.5,0.15,2.9,15.1,14.3,38.1,9.5,0.13,2.4,16.5,17.4,34.8,21.7,0.14,3.0,15.1,19.0,23.8,0.0,0.19,4.0,16.5,8.7,13.0,0.0,0.2,3.8,20.6,77.8,18.5,0.0,0.12,2.3,14.5,26.3,26.3,26.3,0.13,2.6,18.3,12.5,12.5,29.2,0.14,2.8,16.8,4.5,22.7,27.3,0.13,2.3,16.8,13.6,13.6,22.7,0.13,2.6,13.0,5.9,17.6,0.0,0.16,3.8,18.0,45.0,30.0,20.0,0.15,3.4,14.4,6.2,43.8,25.0,0.18,3.8,22.5,12.0,20.0,28.0,0.17,3.3,13.5,26.7,20.0,0.0,0.17,3.2,16.2,22.2,22.2,0.0,0.18,3.3,15.3,23.5,0.0,0.0,0.21,4.3,18.2,79.2,16.7,4.2,0.12,1.9,13.6,27.8,22.2,11.1,0.11,2.1,21.2,10.7,25.0,25.0,0.12,2.2,18.2,8.3,8.3,33.3,0.11,2.1,20.5,11.1,14.8,22.2,0.1,2.0,8.3,18.2,9.1,0.0,0.15,2.4
20260831,18,1,1800,3711,A2,山口,52.0,53.0,6.03,41.41,6.36,45.81,39,32.14,15,38.02,3313,B1,東京,61.0,57.0,4.24,20.0,3.89,22.22,41,33.33,70,29.95,4367,B1,福岡,40.0,53.0,4.34,17.24,4.82,11.76,37,20.0,72,34.34,4220,B1,香川,44.0,55.0,4.95,32.11,5.28,38.89,50,37.89,19,38.58,5067,B1,山口,27.0,57.0,5.16,31.31,5.38,25.0,32,22.99,29,30.96,5400,B2,滋賀,24.0,53.0,2.33,4.65,1.86,0.0,36,31.07,63,30.05,21.6,51.5,21.2,18.2,0.15,2.9,13.7,4.8,28.6,23.8,0.16,3.0,19.6,20.0,23.3,36.7,0.15,3.2,12.4,5.3,31.6,36.8,0.13,2.6,17.0,7.7,30.8,19.2,0.15,3.4,15.7,4.2,8.3,8.3,0.17,4.0,14.7,42.9,14.3,14.3,0.16,3.1,15.8,13.3,20.0,13.3,0.19,3.8,20.0,15.8,15.8,0.0,0.19,3.8,17.9,11.8,11.8,11.8,0.17,3.7,16.8,12.5,12.5,0.0,0.17,3.3,14.7,14.3,0.0,0.0,0.18,4.1,15.1,9.1,27.3,18.2,0.18,3.5,15.1,9.1,36.4,0.0,0.18,4.1,17.8,15.4,38.5,0.0,0.19,3.8,17.8,15.4,0.0,0.0,0.28,5.8,17.8,30.8,0.0,0.0,0.26,4.7,16.4,16.7,0.0,0.0,0.26,5.1,15.0,75.0,0.0,0.0,0.18,3.9,17.5,7.1,35.7,14.3,0.19,3.9,20.0,12.5,6.2,12.5,0.18,3.8,17.5,7.1,14.3,0.0,0.18,4.1,18.8,6.7,20.0,13.3,0.18,4.1,11.2,0.0,0.0,0.0,0.16,3.0,10.6,50.0,20.0,10.0,0.14,3.1,13.8,15.4,30.8,15.4,0.16,2.6,23.4,18.2,13.6,18.2,0.16,2.7,17.0,25.0,6.2,0.0,0.15,2.9,24.5,13.0,30.4,0.0,0.16,3.3,10.6,30.0,0.0,0.0,0.2,3.6,0.0,0.0,0.0,0.0,0.0,0.0,0.0,0.0,0.0,0.0,0.0,0.0,0.0,0.0,0.0,0.0,0.0,0.0,18.1,0.0,0.0,0.0,0.22,4.5,22.2,0.0,0.0,0.0,0.17,3.4,59.7,2.3,4.7,0.0,0.18,3.7
20260831,18,2,1800,4610,A1,東京,36.0,55.0,6.03,42.48,8.2,80.0,43,15.48,26,29.8,3478,B1,香川,55.0,52.0,5.31,32.43,5.16,29.69,44,36.17,37,35.03,4578,A2,大阪,37.0,54.0,5.92,44.17,5.6,40.0,49,23.33,56,30.96,4545,A1,福岡,38.0,58.0,7.22,60.48,6.52,51.72,18,29.27,61,26.46,5127,B1,愛知,29.0,51.0,4.45,20.19,5.27,27.27,52,22.58,21,26.5,4515,A2,佐賀,40.0,56.0,5.78,36.03,6.18,45.45,42,38.46,17,29.65,19.9,77.8,7.4,3.7,0.17,2.6,14.0,31.6,21.1,21.1,0.14,2.8,16.2,27.3,27.3,13.6,0.14,2.7,14.7,20.0,10.0,30.0,0.15,3.2,19.1,15.4,11.5,15.4,0.16,2.8,16.2,9.1,9.1,9.1,0.17,3.5,13.8,69.2,15.4,7.7,0.14,2.8,17.0,12.5,12.5,18.8,0.16,3.3,20.2,10.5,5.3,26.3,0.16,3.4,12.8,8.3,25.0,25.0,0.18,3.3,21.3,5.0,15.0,20.0,0.15,3.2,14.9,7.1,21.4,0.0,0.22,5.0,21.0,63.6,18.2,4.5,0.14,2.2,14.3,20.0,33.3,6.7,0.18,3.1,17.1,16.7,44.4,5.6,0.16,3.2,17.1,33.3,33.3,0.0,0.19,4.0,15.2,6.2,18.8,0.0,0.22,3.6,15.2,12.5,18.8,0.0,0.23,4.7,21.3,90.0,3.3,0.0,0.15,2.7,15.6,31.8,31.8,18.2,0.15,3.0,14.2,20.0,30.0,30.0,0.15,3.3,16.3,17.4,17.4,34.8,0.15,2.5,15.6,22.7,13.6,18.2,0.15,3.1,17.0,8.3,16.7,20.8,0.15,3.4,11.0,37.5,12.5,0.0,0.21,3.8,21.9,12.5,18.8,18.8,0.2,4.0,16.4,16.7,33.3,16.7,0.19,4.2,12.3,22.2,22.2,0.0,0.26,4.7,19.2,14.3,28.6,0.0,0.22,4.4,19.2,14.3,0.0,0.0,0.28,5.1,20.3,82.1,10.7,0.0,0.15,2.6,18.1,12.0,36.0,24.0,0.16,3.4,14.5,10.0,15.0,55.0,0.18,3.6,17.4,4.2,29.2,8.3,0.16,3.3,13.8,15.8,10.5,21.1,0.17,3.2,15.9,4.5,31.8,0.0,0.2,4.5
20260831,18,3,1800,5104,A2,福岡,27.0,51.0,5.8,37.11,5.8,50.0,31,27.78,52,25.51,4277,B1,岡山,43.0,50.0,4.65,30.34,5.78,48.65,45,25.33,47,33.84,4734,A1,佐賀,36.0,52.0,6.87,52.38,7.07,44.83,75,32.26,69,25.51,4821,B1,香川,34.0,56.0,5.13,31.07,4.68,32.0,70,23.46,62,38.58,4794,A1,兵庫,36.0,56.0,6.78,55.21,6.68,57.89,71,27.59,50,39.39,5345,B1,愛知,23.0,52.0,3.44,11.97,0.0,0.0,16,32.56,66,33.68,18.8,73.3,13.3,6.7,0.15,2.3,13.8,54.5,9.1,9.1,0.11,2.4,12.5,10.0,40.0,0.0,0.16,2.5,17.5,7.1,28.6,14.3,0.18,3.8,23.8,42.1,0.0,0.0,0.17,3.7,13.8,18.2,0.0,0.0,0.19,3.8,17.1,53.8,23.1,7.7,0.15,2.5,13.2,10.0,30.0,20.0,0.16,4.1,11.8,11.1,22.2,11.1,0.17,2.7,18.4,7.1,14.3,7.1,0.19,3.2,15.8,25.0,8.3,0.0,0.17,3.1,23.7,16.7,5.6,5.6,0.14,2.6,26.4,72.7,21.2,6.1,0.14,2.5,13.6,29.4,41.2,0.0,0.13,2.8,16.0,35.0,15.0,25.0,0.14,2.8,15.2,26.3,31.6,26.3,0.13,2.3,17.6,9.1,31.8,22.7,0.15,3.3,11.2,21.4,0.0,0.0,0.17,4.6,12.0,36.4,27.3,9.1,0.18,4.2,18.5,23.5,17.6,0.0,0.2,4.6,16.3,20.0,26.7,26.7,0.2,4.5,17.4,12.5,25.0,18.8,0.18,4.6,21.7,15.0,10.0,25.0,0.19,4.4,14.1,7.7,15.4,0.0,0.21,4.0,19.3,81.0,14.3,0.0,0.1,1.8,17.4,26.3,42.1,10.5,0.16,2.7,16.5,16.7,27.8,16.7,0.16,3.0,22.9,12.0,20.0,24.0,0.13,2.4,13.8,26.7,46.7,0.0,0.11,2.4,10.1,9.1,36.4,0.0,0.13,2.9,5.1,40.0,20.0,0.0,0.17,3.0,7.1,28.6,0.0,0.0,0.2,4.9,15.3,6.7,0.0,0.0,0.17,3.5,23.5,4.3,0.0,0.0,0.21,4.4,21.4,4.8,4.8,0.0,0.22,4.2,27.6,3.7,7.4,0.0,0.2,4.6
20260831,18,4,1800,4581,A1,静岡,37.0,52.0,6.45,50.0,5.0,33.33,62,24.32,46,29.0,3158,A2,広島,61.0,54.0,6.38,46.43,5.83,42.42,20,38.46,25,29.53,3976,B1,山口,49.0,52.0,3.54,18.0,4.69,29.59,35,37.23,71,26.67,4873,B1,佐賀,32.0,52.0,5.08,31.62,4.75,31.25,30,37.89,13,39.39,3550,B1,愛知,55.0,54.0,5.58,39.42,4.48,24.24,38,33.68,60,25.38,5308,B1,福岡,22.0,54.0,4.5,24.11,3.0,11.9,51,20.43,39,32.49,20.1,64.3,14.3,10.7,0.13,2.4,16.5,17.4,56.5,4.3,0.15,2.8,15.8,22.7,27.3,9.1,0.15,3.4,20.9,13.8,6.9,31.0,0.16,3.5,10.8,13.3,33.3,6.7,0.13,2.8,15.8,4.5,9.1,18.2,0.12,2.5,21.2,59.1,27.3,9.1,0.14,2.8,12.5,7.7,23.1,15.4,0.16,3.2,18.3,5.3,26.3,21.1,0.15,3.1,19.2,10.0,25.0,25.0,0.13,2.2,15.4,6.2,12.5,25.0,0.15,2.9,13.5,7.1,7.1,0.0,0.17,3.6,12.2,50.0,8.3,8.3,0.19,3.9,17.3,5.9,17.6,5.9,0.15,3.1,21.4,4.8,19.0,14.3,0.17,2.7,20.4,10.0,20.0,0.0,0.17,3.4,15.3,13.3,6.7,0.0,0.18,3.5,13.3,0.0,0.0,0.0,0.19,4.4,19.5,40.0,16.0,8.0,0.19,3.8,16.4,19.0,9.5,14.3,0.17,3.7,19.5,12.0,16.0,28.0,0.21,3.7,17.2,4.5,22.7,22.7,0.21,3.9,15.6,10.0,10.0,0.0,0.19,4.2,11.7,13.3,13.3,0.0,0.22,5.1,17.6,52.4,28.6,4.8,0.14,3.1,18.5,13.6,22.7,18.2,0.17,3.5,17.6,23.8,23.8,4.8,0.14,2.7,19.3,17.4,17.4,13.0,0.17,3.1,12.6,46.7,0.0,0.0,0.16,2.6,14.3,5.9,0.0,0.0,0.16,3.3,8.5,25.0,12.5,0.0,0.2,3.5,21.3,10.0,50.0,10.0,0.17,3.9,17.0,6.2,6.2,25.0,0.14,3.7,20.2,21.1,0.0,0.0,0.15,4.2,21.3,5.0,15.0,0.0,0.21,4.0,11.7,18.2,18.2,0.0,0.15,3.1
20260831,18,5,1800,3340,B1,東京,61.0,55.0,4.13,22.12,4.69,26.92,60,33.71,41,38.27,4522,A2,福岡,38.0,54.0,6.34,48.25,3.78,0.0,34,37.14,59,40.5,3517,B1,東京,58.0,59.0,5.88,43.84,0.0,0.0,21,27.14,28,27.81,5257,A1,香川,22.0,52.0,6.37,44.65,0.0,0.0,58,28.24,68,42.21,5269,A2,静岡,25.0,51.0,6.12,47.0,5.35,29.41,73,39.29,38,40.2,4951,B1,広島,32.0,53.0,5.11,26.53,4.05,20.0,63,28.57,44,37.06,15.1,43.8,6.2,12.5,0.17,3.7,19.8,9.5,14.3,14.3,0.17,3.2,17.0,16.7,16.7,11.1,0.17,2.6,17.0,5.6,22.2,16.7,0.21,3.2,18.9,15.0,10.0,10.0,0.2,4.2,12.3,15.4,0.0,0.0,0.19,3.4,22.0,84.6,7.7,0.0,0.14,2.5,13.6,12.5,25.0,25.0,0.15,2.7,17.8,9.5,42.9,9.5,0.15,2.9,15.3,11.1,27.8,16.7,0.12,3.1,14.4,11.8,17.6,0.0,0.13,3.6,16.9,15.0,0.0,0.0,0.17,4.2,15.6,33.3,25.0,33.3,0.17,2.5,19.5,6.7,33.3,33.3,0.17,2.7,19.5,20.0,6.7,13.3,0.14,2.7,24.7,31.6,10.5,15.8,0.16,2.7,15.6,33.3,25.0,0.0,0.17,3.4,5.2,25.0,0.0,0.0,0.16,3.0,21.2,61.8,11.8,14.7,0.14,3.0,16.2,23.1,34.6,15.4,0.19,3.4,17.5,10.7,28.6,28.6,0.15,2.8,14.4,21.7,13.0,17.4,0.16,2.9,18.1,10.3,20.7,27.6,0.15,3.2,12.5,15.0,20.0,0.0,0.15,3.5,18.4,72.2,11.1,11.1,0.14,2.6,13.3,30.8,23.1,15.4,0.17,3.0,16.3,25.0,25.0,6.2,0.16,3.4,18.4,5.6,11.1,16.7,0.17,3.4,20.4,5.0,10.0,5.0,0.15,3.4,13.3,7.7,30.8,0.0,0.15,2.9,18.7,47.1,11.8,17.6,0.14,3.1,19.8,5.6,33.3,16.7,0.15,3.1,18.7,5.9,23.5,41.2,0.16,2.8,16.5,26.7,33.3,0.0,0.13,2.6,11.0,10.0,30.0,0.0,0.13,2.5,15.4,14.3,21.4,0.0,0.14,3.0
20260831,18,6,1800,3701,B1,香川,53.0,58.0,4.18,15.66,3.81,16.13,25,26.19,32,30.3,4351,A1,福岡,40.0,53.0,7.0,53.49,6.59,44.83,22,26.58,75,25.13,3687,B1,愛知,56.0,53.0,5.03,29.81,5.37,36.67,57,23.29,23,31.5,3963,A2,大阪,47.0,53.0,5.8,36.89,6.15,48.72,47,39.58,33,32.49,4068,B1,静岡,46.0,53.0,4.83,23.01,5.27,26.67,46,35.11,35,30.46,4356,A2,兵庫,42.0,52.0,5.71,39.8,7.27,54.55,69,39.29,11,25.63,9.3,14.3,42.9,0.0,0.15,3.9,18.7,7.1,21.4,14.3,0.18,4.3,20.0,13.3,0.0,0.0,0.2,4.1,17.3,7.7,7.7,0.0,0.17,3.3,21.3,6.2,6.2,12.5,0.14,2.9,13.3,10.0,10.0,0.0,0.14,4.0,27.5,63.6,13.6,6.8,0.14,2.3,11.9,15.8,21.1,31.6,0.15,2.8,18.8,46.7,26.7,13.3,0.12,2.0,13.8,22.7,13.6,22.7,0.14,2.5,12.5,20.0,20.0,30.0,0.11,2.2,15.6,12.0,12.0,24.0,0.11,2.4,15.4,78.6,14.3,0.0,0.15,1.6,35.2,9.4,28.1,18.8,0.14,2.7,25.3,4.3,13.0,17.4,0.18,2.9,23.1,4.8,9.5,14.3,0.18,3.7,1.1,0.0,0.0,0.0,0.29,5.0,0.0,0.0,0.0,0.0,0.0,0.0,18.5,60.9,17.4,17.4,0.16,3.2,15.3,36.8,26.3,0.0,0.16,3.4,19.4,8.3,25.0,29.2,0.17,3.4,15.3,5.3,21.1,26.3,0.17,3.0,17.7,22.7,18.2,9.1,0.19,4.0,13.7,5.9,17.6,0.0,0.17,4.8,17.0,27.8,27.8,16.7,0.14,3.4,14.2,6.7,26.7,20.0,0.14,2.4,17.9,15.8,47.4,0.0,0.16,2.8,16.0,5.9,5.9,41.2,0.22,3.9,20.8,27.3,0.0,0.0,0.17,3.6,14.2,6.7,26.7,0.0,0.17,3.8,23.5,69.6,21.7,0.0,0.16,3.0,14.3,14.3,35.7,21.4,0.14,2.9,12.2,16.7,16.7,25.0,0.17,3.3,20.4,15.0,15.0,15.0,0.18,3.3,17.3,11.8,23.5,11.8,0.19,3.3,12.2,0.0,0.0,0.0,0.21,4.7
20260831,18,7,1800,5067,B1,山口,27.0,57.0,5.16,31.31,5.38,25.0,32,22.99,29,30.96,4120,A2,滋賀,45.0,53.0,6.08,42.75,5.67,44.44,48,37.76,48,30.81,5127,B1,愛知,29.0,51.0,4.45,20.19,5.27,27.27,52,22.58,21,26.5,3461,B1,静岡,59.0,57.0,2.8,9.23,3.69,15.38,24,26.14,53,33.5,4706,A2,愛知,37.0,49.0,5.67,43.64,0.0,0.0,65,22.67,14,35.03,4506,A1,福岡,38.0,53.0,6.13,46.23,6.35,50.0,54,35.64,18,38.89,10.6,50.0,20.0,10.0,0.14,3.1,13.8,15.4,30.8,15.4,0.16,2.6,23.4,18.2,13.6,18.2,0.16,2.7,17.0,25.0,6.2,0.0,0.15,2.9,24.5,13.0,30.4,0.0,0.16,3.3,10.6,30.0,0.0,0.0,0.2,3.6,18.4,76.0,12.0,8.0,0.17,2.9,13.2,22.2,50.0,11.1,0.15,2.7,17.6,12.5,25.0,16.7,0.15,3.8,19.1,7.7,26.9,23.1,0.16,3.7,17.6,4.2,20.8,12.5,0.16,3.1,14.0,5.3,0.0,0.0,0.17,4.2,11.0,37.5,12.5,0.0,0.21,3.8,21.9,12.5,18.8,18.8,0.2,4.0,16.4,16.7,33.3,16.7,0.19,4.2,12.3,22.2,22.2,0.0,0.26,4.7,19.2,14.3,28.6,0.0,0.22,4.4,19.2,14.3,0.0,0.0,0.28,5.1,11.0,37.5,25.0,0.0,0.14,2.8,21.9,12.5,18.8,12.5,0.18,3.3,13.7,10.0,0.0,0.0,0.15,3.7,19.2,7.1,0.0,0.0,0.22,3.8,11.0,12.5,0.0,0.0,0.18,3.3,23.3,0.0,0.0,0.0,0.21,4.9,17.6,47.8,17.4,17.4,0.16,2.9,17.6,26.1,34.8,13.0,0.18,3.4,18.3,37.5,12.5,4.2,0.15,2.4,15.3,15.0,20.0,20.0,0.18,3.0,18.3,4.2,8.3,20.8,0.17,3.4,13.0,17.6,0.0,0.0,0.16,3.8,18.5,65.0,15.0,5.0,0.14,2.0,16.7,27.8,44.4,11.1,0.13,2.4,14.8,25.0,25.0,12.5,0.15,2.7,19.4,33.3,28.6,19.0,0.13,2.0,17.6,21.1,21.1,15.8,0.12,1.7,13.0,7.1,28.6,28.6,0.14,2.1
20260831,18,8,1800,3982,B1,岡山,48.0,56.0,4.15,20.83,2.63,0.0,40,29.41,16,39.59,4545,A1,福岡,38.0,58.0,7.22,60.48,6.52,51.72,18,29.27,61,26.46,3313,B1,東京,61.0,57.0,4.24,20.0,3.89,22.22,41,33.33,70,29.95,4331,A2,香川,42.0,54.0,5.95,41.41,4.22,11.11,23,35.42,34,31.63,5104,A2,福岡,27.0,51.0,5.8,37.11,5.8,50.0,31,27.78,52,25.51,5441,B1,愛知,20.0,48.0,3.4,9.23,0.0,0.0,29,29.29,65,28.72,14.9,21.4,21.4,14.3,0.19,3.9,17.0,18.8,18.8,0.0,0.16,3.1,20.2,5.3,5.3,15.8,0.19,4.3,18.1,5.9,23.5,0.0,0.16,3.1,18.1,11.8,0.0,0.0,0.19,3.8,11.7,0.0,0.0,0.0,0.18,4.1,21.3,90.0,3.3,0.0,0.15,2.7,15.6,31.8,31.8,18.2,0.15,3.0,14.2,20.0,30.0,30.0,0.15,3.3,16.3,17.4,17.4,34.8,0.15,2.5,15.6,22.7,13.6,18.2,0.15,3.1,17.0,8.3,16.7,20.8,0.15,3.4,14.7,42.9,14.3,14.3,0.16,3.1,15.8,13.3,20.0,13.3,0.19,3.8,20.0,15.8,15.8,0.0,0.19,3.8,17.9,11.8,11.8,11.8,0.17,3.7,16.8,12.5,12.5,0.0,0.17,3.3,14.7,14.3,0.0,0.0,0.18,4.1,20.5,69.6,13.0,8.7,0.13,1.9,16.1,5.6,50.0,16.7,0.15,2.8,12.5,7.1,35.7,28.6,0.15,3.4,17.9,10.0,5.0,30.0,0.17,2.8,21.4,8.3,4.2,16.7,0.17,3.4,11.6,7.7,23.1,0.0,0.23,5.2,18.8,73.3,13.3,6.7,0.15,2.3,13.8,54.5,9.1,9.1,0.11,2.4,12.5,10.0,40.0,0.0,0.16,2.5,17.5,7.1,28.6,14.3,0.18,3.8,23.8,42.1,0.0,0.0,0.17,3.7,13.8,18.2,0.0,0.0,0.19,3.8,0.0,0.0,0.0,0.0,0.0,0.0,0.0,0.0,0.0,0.0,0.0,0.0,0.0,0.0,0.0,0.0,0.0,0.0,0.0,0.0,0.0,0.0,0.0,0.0,1.0,100.0,0.0,0.0,0.17,5.0,99.0,5.2,10.4,11.5,0.17,3.4
20260831,18,9,1800,5269,A2,静岡,25.0,51.0,6.12,47.0,5.35,29.41,73,39.29,38,40.2,4220,B1,香川,44.0,55.0,4.95,32.11,5.28,38.89,50,37.89,19,38.58,4409,A1,愛知,40.0,56.0,6.36,49.12,5.8,40.0,67,28.87,58,35.68,4277,B1,岡山,43.0,50.0,4.65,30.34,5.78,48.65,45,25.33,47,33.84,3158,A2,広島,61.0,54.0,6.38,46.43,5.83,42.42,20,38.46,25,29.53,3478,B1,香川,55.0,52.0,5.31,32.43,5.16,29.69,44,36.17,37,35.03,18.4,72.2,11.1,11.1,0.14,2.6,13.3,30.8,23.1,15.4,0.17,3.0,16.3,25.0,25.0,6.2,0.16,3.4,18.4,5.6,11.1,16.7,0.17,3.4,20.4,5.0,10.0,5.0,0.15,3.4,13.3,7.7,30.8,0.0,0.15,2.9,15.0,75.0,0.0,0.0,0.18,3.9,17.5,7.1,35.7,14.3,0.19,3.9,20.0,12.5,6.2,12.5,0.18,3.8,17.5,7.1,14.3,0.0,0.18,4.1,18.8,6.7,20.0,13.3,0.18,4.1,11.2,0.0,0.0,0.0,0.16,3.0,24.6,80.0,6.7,6.7,0.16,3.3,18.0,18.2,40.9,18.2,0.15,2.8,13.1,18.8,31.2,18.8,0.12,2.3,15.6,15.8,31.6,36.8,0.12,2.7,14.8,16.7,27.8,27.8,0.16,2.7,13.9,5.9,11.8,11.8,0.18,3.6,17.1,53.8,23.1,7.7,0.15,2.5,13.2,10.0,30.0,20.0,0.16,4.1,11.8,11.1,22.2,11.1,0.17,2.7,18.4,7.1,14.3,7.1,0.19,3.2,15.8,25.0,8.3,0.0,0.17,3.1,23.7,16.7,5.6,5.6,0.14,2.6,21.2,59.1,27.3,9.1,0.14,2.8,12.5,7.7,23.1,15.4,0.16,3.2,18.3,5.3,26.3,21.1,0.15,3.1,19.2,10.0,25.0,25.0,0.13,2.2,15.4,6.2,12.5,25.0,0.15,2.9,13.5,7.1,7.1,0.0,0.17,3.6,13.8,69.2,15.4,7.7,0.14,2.8,17.0,12.5,12.5,18.8,0.16,3.3,20.2,10.5,5.3,26.3,0.16,3.4,12.8,8.3,25.0,25.0,0.18,3.3,21.3,5.0,15.0,20.0,0.15,3.2,14.9,7.1,21.4,0.0,0.22,5.0
20260831,18,10,1800,4863,B1,東京,37.0,55.0,4.2,17.72,5.33,16.67,28,24.47,51,34.85,4515,A2,佐賀,40.0,56.0,5.78,36.03,6.18,45.45,42,38.46,17,29.65,4794,A1,兵庫,36.0,56.0,6.78,55.21,6.68,57.89,71,27.59,50,39.39,4951,B1,広島,32.0,53.0,5.11,26.53,4.05,20.0,63,28.57,44,37.06,4367,B1,福岡,40.0,53.0,4.34,17.24,4.82,11.76,37,20.0,72,34.34,3963,A2,大阪,47.0,53.0,5.8,36.89,6.15,48.72,47,39.58,33,32.49,17.3,53.8,7.7,15.4,0.17,3.4,16.0,8.3,8.3,41.7,0.15,3.3,20.0,6.7,26.7,26.7,0.17,3.5,10.7,12.5,12.5,25.0,0.16,3.1,18.7,14.3,21.4,0.0,0.15,2.6,17.3,30.8,0.0,0.0,0.17,4.6,20.3,82.1,10.7,0.0,0.15,2.6,18.1,12.0,36.0,24.0,0.16,3.4,14.5,10.0,15.0,55.0,0.18,3.6,17.4,4.2,29.2,8.3,0.16,3.3,13.8,15.8,10.5,21.1,0.17,3.2,15.9,4.5,31.8,0.0,0.2,4.5,19.3,81.0,14.3,0.0,0.1,1.8,17.4,26.3,42.1,10.5,0.16,2.7,16.5,16.7,27.8,16.7,0.16,3.0,22.9,12.0,20.0,24.0,0.13,2.4,13.8,26.7,46.7,0.0,0.11,2.4,10.1,9.1,36.4,0.0,0.13,2.9,18.7,47.1,11.8,17.6,0.14,3.1,19.8,5.6,33.3,16.7,0.15,3.1,18.7,5.9,23.5,41.2,0.16,2.8,16.5,26.7,33.3,0.0,0.13,2.6,11.0,10.0,30.0,0.0,0.13,2.5,15.4,14.3,21.4,0.0,0.14,3.0,15.1,9.1,27.3,18.2,0.18,3.5,15.1,9.1,36.4,0.0,0.18,4.1,17.8,15.4,38.5,0.0,0.19,3.8,17.8,15.4,0.0,0.0,0.28,5.8,17.8,30.8,0.0,0.0,0.26,4.7,16.4,16.7,0.0,0.0,0.26,5.1,18.5,60.9,17.4,17.4,0.16,3.2,15.3,36.8,26.3,0.0,0.16,3.4,19.4,8.3,25.0,29.2,0.17,3.4,15.3,5.3,21.1,26.3,0.17,3.0,17.7,22.7,18.2,9.1,0.19,4.0,13.7,5.9,17.6,0.0,0.17,4.8
20260831,18,11,1800,4821,B1,香川,34.0,56.0,5.13,31.07,4.68,32.0,70,23.46,62,38.58,4356,A2,兵庫,42.0,52.0,5.71,39.8,7.27,54.55,69,39.29,11,25.63,3550,B1,愛知,55.0,54.0,5.58,39.42,4.48,24.24,38,33.68,60,25.38,5400,B2,滋賀,24.0,53.0,2.33,4.65,1.86,0.0,36,31.07,63,30.05,4522,A2,福岡,38.0,54.0,6.34,48.25,3.78,0.0,34,37.14,59,40.5,4578,A2,大阪,37.0,54.0,5.92,44.17,5.6,40.0,49,23.33,56,30.96,12.0,36.4,27.3,9.1,0.18,4.2,18.5,23.5,17.6,0.0,0.2,4.6,16.3,20.0,26.7,26.7,0.2,4.5,17.4,12.5,25.0,18.8,0.18,4.6,21.7,15.0,10.0,25.0,0.19,4.4,14.1,7.7,15.4,0.0,0.21,4.0,23.5,69.6,21.7,0.0,0.16,3.0,14.3,14.3,35.7,21.4,0.14,2.9,12.2,16.7,16.7,25.0,0.17,3.3,20.4,15.0,15.0,15.0,0.18,3.3,17.3,11.8,23.5,11.8,0.19,3.3,12.2,0.0,0.0,0.0,0.21,4.7,17.6,52.4,28.6,4.8,0.14,3.1,18.5,13.6,22.7,18.2,0.17,3.5,17.6,23.8,23.8,4.8,0.14,2.7,19.3,17.4,17.4,13.0,0.17,3.1,12.6,46.7,0.0,0.0,0.16,2.6,14.3,5.9,0.0,0.0,0.16,3.3,0.0,0.0,0.0,0.0,0.0,0.0,0.0,0.0,0.0,0.0,0.0,0.0,0.0,0.0,0.0,0.0,0.0,0.0,18.1,0.0,0.0,0.0,0.22,4.5,22.2,0.0,0.0,0.0,0.17,3.4,59.7,2.3,4.7,0.0,0.18,3.7,22.0,84.6,7.7,0.0,0.14,2.5,13.6,12.5,25.0,25.0,0.15,2.7,17.8,9.5,42.9,9.5,0.15,2.9,15.3,11.1,27.8,16.7,0.12,3.1,14.4,11.8,17.6,0.0,0.13,3.6,16.9,15.0,0.0,0.0,0.17,4.2,21.0,63.6,18.2,4.5,0.14,2.2,14.3,20.0,33.3,6.7,0.18,3.1,17.1,16.7,44.4,5.6,0.16,3.2,17.1,33.3,33.3,0.0,0.19,4.0,15.2,6.2,18.8,0.0,0.22,3.6,15.2,12.5,18.8,0.0,0.23,4.7
20260831,18,12,1800,4734,A1,佐賀,36.0,52.0,6.87,52.38,7.07,44.83,75,32.26,69,25.51,4506,A1,福岡,38.0,53.0,6.13,46.23,6.35,50.0,54,35.64,18,38.89,3711,A2,山口,52.0,53.0,6.03,41.41,6.36,45.81,39,32.14,15,38.02,4351,A1,福岡,40.0,53.0,7.0,53.49,6.59,44.83,22,26.58,75,25.13,4581,A1,静岡,37.0,52.0,6.45,50.0,5.0,33.33,62,24.32,46,29.0,5257,A1,香川,22.0,52.0,6.37,44.65,0.0,0.0,58,28.24,68,42.21,26.4,72.7,21.2,6.1,0.14,2.5,13.6,29.4,41.2,0.0,0.13,2.8,16.0,35.0,15.0,25.0,0.14,2.8,15.2,26.3,31.6,26.3,0.13,2.3,17.6,9.1,31.8,22.7,0.15,3.3,11.2,21.4,0.0,0.0,0.17,4.6,18.5,65.0,15.0,5.0,0.14,2.0,16.7,27.8,44.4,11.1,0.13,2.4,14.8,25.0,25.0,12.5,0.15,2.7,19.4,33.3,28.6,19.0,0.13,2.0,17.6,21.1,21.1,15.8,0.12,1.7,13.0,7.1,28.6,28.6,0.14,2.1,21.6,51.5,21.2,18.2,0.15,2.9,13.7,4.8,28.6,23.8,0.16,3.0,19.6,20.0,23.3,36.7,0.15,3.2,12.4,5.3,31.6,36.8,0.13,2.6,17.0,7.7,30.8,19.2,0.15,3.4,15.7,4.2,8.3,8.3,0.17,4.0,27.5,63.6,13.6,6.8,0.14,2.3,11.9,15.8,21.1,31.6,0.15,2.8,18.8,46.7,26.7,13.3,0.12,2.0,13.8,22.7,13.6,22.7,0.14,2.5,12.5,20.0,20.0,30.0,0.11,2.2,15.6,12.0,12.0,24.0,0.11,2.4,20.1,64.3,14.3,10.7,0.13,2.4,16.5,17.4,56.5,4.3,0.15,2.8,15.8,22.7,27.3,9.1,0.15,3.4,20.9,13.8,6.9,31.0,0.16,3.5,10.8,13.3,33.3,6.7,0.13,2.8,15.8,4.5,9.1,18.2,0.12,2.5,21.2,61.8,11.8,14.7,0.14,3.0,16.2,23.1,34.6,15.4,0.19,3.4,17.5,10.7,28.6,28.6,0.15,2.8,14.4,21.7,13.0,17.4,0.16,2.9,18.1,10.3,20.7,27.6,0.15,3.2,12.5,15.0,20.0,0.0,0.15,3.5
20260831,16,1,1800,4886,A2,岡山,30.0,54.0,6.28,37.04,6.81,47.06,52,27.32,17,37.78,4458,B1,広島,40.0,53.0,5.39,30.36,6.0,27.27,36,37.06,21,28.31,3775,B1,岡山,52.0,59.0,3.65,15.24,4.62,23.68,41,33.85,19,36.52,3377,B1,東京,58.0,55.0,4.43,21.43,4.31,12.5,31,35.94,24,30.73,4405,B1,福井,41.0,54.0,4.54,22.12,0.0,0.0,23,33.51,25,30.41,5187,B2,福井,26.0,57.0,3.06,5.56,3.4,12.0,35,46.7,11,28.83,11.2,53.8,15.4,15.4,0.12,3.1,19.0,9.1,22.7,13.6,0.13,3.5,19.0,9.1,40.9,18.2,0.14,3.0,14.7,11.8,23.5,23.5,0.15,3.3,19.0,4.5,40.9,0.0,0.14,3.2,17.2,5.0,5.0,25.0,0.18,4.4,13.1,45.5,27.3,0.0,0.14,1.8,22.6,15.8,31.6,10.5,0.14,2.9,14.3,16.7,25.0,33.3,0.15,3.1,17.9,6.7,26.7,0.0,0.15,3.2,21.4,22.2,22.2,0.0,0.17,3.1,10.7,11.1,0.0,0.0,0.16,3.1,12.4,36.4,36.4,9.1,0.16,3.3,18.0,12.5,12.5,0.0,0.18,3.7,14.6,23.1,15.4,0.0,0.15,3.7,16.9,26.7,0.0,0.0,0.18,3.5,18.0,25.0,0.0,0.0,0.2,4.2,20.2,5.6,16.7,0.0,0.2,4.1,17.7,14.3,21.4,0.0,0.26,4.9,15.2,16.7,16.7,16.7,0.23,4.8,17.7,21.4,7.1,0.0,0.2,3.9,19.0,13.3,0.0,0.0,0.21,4.2,13.9,9.1,18.2,9.1,0.17,3.3,16.5,7.7,7.7,15.4,0.19,3.5,14.8,30.8,15.4,23.1,0.14,2.3,15.9,21.4,0.0,0.0,0.17,3.2,22.7,15.0,10.0,0.0,0.16,3.1,15.9,14.3,7.1,7.1,0.14,2.8,17.0,6.7,33.3,0.0,0.14,3.3,13.6,33.3,0.0,0.0,0.18,3.7,14.3,33.3,0.0,0.0,0.25,4.3,19.0,25.0,0.0,0.0,0.17,4.5,19.0,25.0,0.0,0.0,0.21,3.0,19.0,25.0,25.0,0.0,0.2,4.8,14.3,0.0,0.0,0.0,0.2,3.7,14.3,33.3,0.0,0.0,0.27,6.0
20260831,16,2,1800,4666,B1,大阪,42.0,52.0,3.93,19.54,4.29,28.57,44,39.49,56,31.64,4875,B1,東京,32.0,51.0,5.39,35.24,4.72,22.22,12,40.1,41,29.56,3300,A2,岡山,59.0,54.0,5.79,40.0,5.44,39.61,33,24.74,48,31.67,4429,B1,広島,40.0,60.0,3.33,11.83,3.61,17.39,25,26.46,75,33.33,5353,B1,滋賀,22.0,52.0,2.7,8.2,2.0,3.13,64,33.33,73,34.64,3891,B1,福井,50.0,55.0,3.54,14.91,3.33,12.5,16,36.73,55,28.31,8.2,66.7,16.7,0.0,0.18,2.8,21.9,6.2,31.2,31.2,0.15,3.1,19.2,7.1,0.0,0.0,0.16,3.8,12.3,11.1,33.3,0.0,0.19,3.7,21.9,6.2,6.2,18.8,0.16,3.6,16.4,8.3,0.0,0.0,0.16,4.3,16.3,33.3,20.0,20.0,0.18,2.6,14.1,23.1,23.1,15.4,0.16,3.8,19.6,11.1,16.7,16.7,0.19,3.0,23.9,13.6,4.5,13.6,0.19,4.0,14.1,7.7,15.4,46.2,0.16,3.2,12.0,0.0,0.0,0.0,0.21,4.4,21.0,60.0,8.0,4.0,0.17,3.4,18.5,9.1,27.3,27.3,0.15,3.3,15.1,16.7,27.8,5.6,0.14,2.4,13.4,6.2,25.0,25.0,0.15,3.5,15.1,5.6,22.2,5.6,0.16,3.4,16.8,10.0,35.0,0.0,0.18,3.9,14.1,45.5,18.2,0.0,0.16,2.9,16.7,7.7,23.1,0.0,0.16,3.0,19.2,6.7,13.3,13.3,0.17,3.6,21.8,23.5,0.0,0.0,0.21,4.4,12.8,0.0,0.0,0.0,0.21,4.7,15.4,0.0,0.0,0.0,0.23,5.2,2.5,50.0,0.0,0.0,0.01,1.0,3.7,33.3,0.0,0.0,0.11,3.7,4.9,25.0,0.0,0.0,0.16,1.8,16.0,7.7,0.0,0.0,0.18,3.4,29.6,12.5,0.0,0.0,0.18,3.5,43.2,2.9,5.7,2.9,0.17,3.4,12.7,15.4,7.7,0.0,0.18,3.2,18.6,10.5,10.5,21.1,0.16,3.9,20.6,14.3,14.3,0.0,0.17,3.7,16.7,11.8,0.0,0.0,0.19,3.7,20.6,4.8,4.8,0.0,0.2,3.5,10.8,18.2,0.0,0.0,0.18,3.8
20260831,16,3,1800,3434,B1,福岡,57.0,56.0,4.17,21.7,4.72,33.33,60,43.75,18,34.25,4081,B1,愛知,47.0,55.0,5.25,31.09,4.32,21.05,37,33.68,32,30.9,4543,A1,兵庫,38.0,52.0,6.69,48.41,6.47,50.0,59,26.77,74,34.83,3349,A1,長崎,58.0,51.0,6.25,44.44,6.19,47.62,69,35.53,43,37.08,3757,A2,広島,54.0,54.0,5.57,38.46,4.13,12.5,63,31.79,63,34.36,5465,B2,福井,19.0,54.0,1.06,0.0,0.0,0.0,27,37.22,35,29.05,16.5,66.7,5.6,0.0,0.17,3.2,16.5,27.8,27.8,0.0,0.18,3.4,15.6,17.6,29.4,5.9,0.18,3.5,17.4,10.5,31.6,0.0,0.17,3.5,19.3,19.0,14.3,0.0,0.19,3.8,14.7,6.2,6.2,0.0,0.19,4.7,13.3,26.7,20.0,20.0,0.17,3.9,16.8,5.3,26.3,36.8,0.18,3.4,19.5,4.5,13.6,18.2,0.18,4.0,18.6,4.8,19.0,0.0,0.18,4.3,15.9,5.6,0.0,0.0,0.21,4.7,15.9,5.6,5.6,0.0,0.2,4.6,19.8,75.0,16.7,0.0,0.15,3.2,15.7,15.8,31.6,21.1,0.15,2.9,19.0,21.7,30.4,21.7,0.14,2.9,19.8,8.3,37.5,25.0,0.18,3.9,13.2,6.2,18.8,25.0,0.2,3.9,12.4,6.7,26.7,0.0,0.19,4.3,20.0,65.4,23.1,3.8,0.19,2.7,22.3,20.7,27.6,31.0,0.14,2.2,20.8,14.8,29.6,14.8,0.17,3.3,18.5,16.7,16.7,25.0,0.16,2.6,14.6,10.5,31.6,0.0,0.17,3.0,3.8,0.0,0.0,0.0,0.18,3.0,15.9,41.2,11.8,35.3,0.14,2.9,17.8,10.5,47.4,21.1,0.15,2.5,16.8,5.6,16.7,27.8,0.18,3.1,17.8,10.5,21.1,15.8,0.16,3.1,21.5,4.3,17.4,26.1,0.17,3.5,10.3,9.1,9.1,0.0,0.16,3.1,0.0,0.0,0.0,0.0,0.0,0.0,0.0,0.0,0.0,0.0,0.0,0.0,0.0,0.0,0.0,0.0,0.0,0.0,0.0,0.0,0.0,0.0,0.0,0.0,0.0,0.0,0.0,0.0,0.0,0.0,0.0,0.0,0.0,0.0,0.0,0.0
20260831,16,4,1800,4434,A2,広島,40.0,56.0,6.19,48.57,5.64,37.7,18,31.79,37,23.27,4303,B1,愛知,43.0,53.0,4.72,23.46,4.82,27.27,15,27.22,28,25.0,3388,A1,福井,56.0,52.0,6.48,43.21,5.8,20.0,22,34.2,14,32.57,3161,B1,大阪,66.0,54.0,4.83,28.41,5.95,36.84,48,22.65,47,32.4,4842,A2,岡山,34.0,54.0,5.89,37.5,5.09,32.22,21,37.44,39,38.01,5453,B2,香川,20.0,52.0,2.16,5.88,0.0,0.0,40,26.23,15,42.05,21.1,78.3,17.4,4.3,0.14,2.3,16.5,22.2,11.1,5.6,0.15,3.2,19.3,23.8,23.8,9.5,0.17,3.3,16.5,11.1,11.1,22.2,0.17,3.5,15.6,5.9,29.4,23.5,0.15,2.9,11.0,16.7,25.0,0.0,0.21,4.0,17.3,41.2,29.4,17.6,0.16,3.4,14.3,7.1,42.9,28.6,0.19,3.4,17.3,23.5,5.9,11.8,0.16,3.4,17.3,23.5,23.5,0.0,0.17,3.5,17.3,5.9,17.6,17.6,0.2,3.9,16.3,18.8,0.0,0.0,0.2,4.8,22.4,77.3,13.6,9.1,0.13,2.5,15.3,26.7,33.3,13.3,0.18,3.2,18.4,5.6,11.1,5.6,0.16,3.9,15.3,40.0,20.0,13.3,0.19,3.3,17.3,35.3,11.8,17.6,0.15,3.0,11.2,18.2,27.3,0.0,0.17,4.4,16.8,31.2,37.5,6.2,0.17,2.9,17.9,5.9,41.2,23.5,0.21,3.7,25.3,25.0,20.8,0.0,0.22,4.1,22.1,4.8,33.3,14.3,0.17,3.4,17.9,17.6,17.6,0.0,0.18,4.2,0.0,0.0,0.0,0.0,0.0,0.0,17.8,65.2,21.7,8.7,0.15,2.2,17.1,22.7,22.7,13.6,0.16,3.2,15.5,15.0,40.0,20.0,0.18,2.5,20.2,7.7,19.2,19.2,0.17,3.0,14.7,10.5,15.8,36.8,0.13,2.7,14.7,5.3,10.5,15.8,0.18,4.1,0.0,0.0,0.0,0.0,0.0,0.0,0.0,0.0,0.0,0.0,0.0,0.0,0.0,0.0,0.0,0.0,0.0,0.0,0.0,0.0,0.0,0.0,0.0,0.0,0.0,0.0,0.0,0.0,0.0,0.0,0.0,0.0,0.0,0.0,0.0,0.0
20260831,16,5,1800,4287,A2,福岡,42.0,57.0,6.47,48.18,6.7,51.16,32,25.41,69,32.2,4082,B1,大阪,47.0,52.0,5.85,40.91,3.8,20.0,49,38.27,72,30.56,5285,B1,東京,27.0,53.0,3.33,11.9,2.5,12.5,43,28.9,26,35.91,4369,A2,愛知,40.0,58.0,5.72,38.35,6.53,47.37,54,31.87,53,25.77,5000,B1,山口,32.0,52.0,4.94,32.18,4.08,16.67,20,48.96,44,31.67,4950,A1,山口,33.0,52.0,6.4,48.48,5.25,28.13,55,49.49,67,27.44,17.6,57.9,21.1,10.5,0.17,2.8,15.7,11.8,29.4,5.9,0.17,4.1,17.6,5.3,42.1,10.5,0.17,3.3,14.8,6.2,18.8,25.0,0.18,2.8,15.7,5.9,11.8,0.0,0.16,3.8,18.5,10.0,15.0,25.0,0.16,3.5,12.1,66.7,16.7,16.7,0.11,1.8,17.2,11.8,29.4,5.9,0.17,3.4,17.2,17.6,23.5,23.5,0.17,3.1,17.2,11.8,11.8,23.5,0.18,3.2,23.2,8.7,8.7,17.4,0.2,3.8,13.1,15.4,0.0,0.0,0.21,4.7,14.0,35.7,35.7,7.1,0.2,2.6,17.0,23.5,11.8,0.0,0.15,2.9,17.0,5.9,17.6,0.0,0.2,3.6,16.0,6.2,12.5,12.5,0.2,3.2,16.0,6.2,6.2,0.0,0.17,3.6,20.0,5.0,20.0,0.0,0.2,4.2,19.6,48.1,22.2,22.2,0.15,3.4,15.9,9.1,22.7,22.7,0.18,3.5,18.1,20.0,24.0,20.0,0.16,2.9,14.5,10.0,35.0,20.0,0.15,2.1,17.4,25.0,8.3,16.7,0.14,2.8,14.5,5.0,15.0,0.0,0.17,3.4,13.3,41.7,33.3,16.7,0.13,2.4,16.7,20.0,20.0,0.0,0.11,2.0,20.0,5.6,11.1,16.7,0.1,2.2,18.9,5.9,5.9,5.9,0.12,2.0,16.7,13.3,13.3,20.0,0.14,2.1,14.4,7.7,15.4,15.4,0.12,2.4,19.7,83.3,8.3,8.3,0.15,3.0,14.8,16.7,50.0,11.1,0.17,3.6,18.0,31.8,22.7,9.1,0.16,3.0,15.6,21.1,15.8,31.6,0.15,3.1,17.2,9.5,14.3,23.8,0.19,3.1,14.8,5.6,16.7,0.0,0.16,3.7
20260831,16,6,1800,5352,B1,香川,22.0,52.0,5.2,33.61,2.95,2.5,61,34.74,46,31.21,4624,A1,佐賀,41.0,52.0,6.38,47.12,6.5,44.44,13,35.03,71,43.33,4949,A2,佐賀,33.0,49.0,5.86,36.89,7.38,62.5,42,30.65,16,23.84,4614,A1,福岡,46.0,55.0,7.17,57.84,6.53,52.94,39,35.42,68,38.86,3775,B1,岡山,52.0,59.0,3.65,15.24,4.62,23.68,41,33.85,19,36.52,3361,B1,徳島,57.0,52.0,4.2,23.6,3.5,16.67,45,28.28,13,30.64,14.7,53.3,20.0,6.7,0.15,3.3,18.6,10.5,10.5,15.8,0.17,3.5,14.7,33.3,20.0,20.0,0.17,3.3,15.7,6.2,18.8,12.5,0.12,2.8,19.6,5.0,20.0,10.0,0.17,3.3,16.7,5.9,11.8,0.0,0.17,2.8,19.2,73.9,8.7,0.0,0.17,2.8,15.8,21.1,42.1,21.1,0.16,3.1,14.2,29.4,29.4,17.6,0.18,3.8,16.7,20.0,35.0,5.0,0.15,3.0,24.2,20.7,10.3,24.1,0.17,3.1,10.0,8.3,8.3,0.0,0.15,4.3,21.6,63.0,18.5,7.4,0.15,2.8,17.6,9.1,18.2,22.7,0.15,2.7,17.6,13.6,22.7,27.3,0.15,2.9,14.4,11.1,16.7,11.1,0.18,3.7,17.6,4.5,13.6,18.2,0.17,3.9,11.2,7.1,14.3,0.0,0.15,3.9,21.6,64.0,16.0,8.0,0.13,2.5,14.7,17.6,41.2,17.6,0.13,2.2,16.4,26.3,10.5,31.6,0.14,2.9,15.5,22.2,16.7,5.6,0.13,2.9,12.9,13.3,26.7,20.0,0.11,2.4,19.0,4.5,4.5,36.4,0.11,2.3,12.4,36.4,36.4,9.1,0.16,3.3,18.0,12.5,12.5,0.0,0.18,3.7,14.6,23.1,15.4,0.0,0.15,3.7,16.9,26.7,0.0,0.0,0.18,3.5,18.0,25.0,0.0,0.0,0.2,4.2,20.2,5.6,16.7,0.0,0.2,4.1,15.6,28.6,35.7,7.1,0.15,2.2,18.9,5.9,29.4,17.6,0.2,3.4,18.9,5.9,5.9,11.8,0.18,3.0,12.2,9.1,18.2,0.0,0.21,4.1,15.6,21.4,14.3,0.0,0.15,3.6,18.9,5.9,0.0,0.0,0.23,4.8
20260831,16,7,1800,4384,A1,大阪,41.0,54.0,5.89,40.87,5.58,37.5,29,29.57,34,41.48,3377,B1,東京,58.0,55.0,4.43,21.43,4.31,12.5,31,35.94,24,30.73,4081,B1,愛知,47.0,55.0,5.25,31.09,4.32,21.05,37,33.68,32,30.9,4607,A2,福岡,37.0,53.0,5.74,36.84,5.56,33.33,30,37.76,50,36.81,3300,A2,岡山,59.0,54.0,5.79,40.0,5.44,39.61,33,24.74,48,31.67,4060,B1,福岡,47.0,56.0,4.71,32.14,4.94,33.33,66,35.08,30,36.31,26.2,64.7,20.6,8.8,0.14,2.5,13.8,44.4,22.2,0.0,0.16,3.6,16.9,22.7,9.1,40.9,0.17,3.5,16.2,14.3,9.5,47.6,0.18,3.9,13.8,5.6,33.3,38.9,0.15,2.9,13.1,11.8,17.6,0.0,0.2,4.8,17.7,14.3,21.4,0.0,0.26,4.9,15.2,16.7,16.7,16.7,0.23,4.8,17.7,21.4,7.1,0.0,0.2,3.9,19.0,13.3,0.0,0.0,0.21,4.2,13.9,9.1,18.2,9.1,0.17,3.3,16.5,7.7,7.7,15.4,0.19,3.5,13.3,26.7,20.0,20.0,0.17,3.9,16.8,5.3,26.3,36.8,0.18,3.4,19.5,4.5,13.6,18.2,0.18,4.0,18.6,4.8,19.0,0.0,0.18,4.3,15.9,5.6,0.0,0.0,0.21,4.7,15.9,5.6,5.6,0.0,0.2,4.6,17.3,50.0,12.5,16.7,0.18,2.9,16.5,8.7,39.1,13.0,0.18,4.1,16.5,17.4,47.8,0.0,0.17,3.3,16.5,26.1,26.1,0.0,0.2,4.0,19.4,3.7,22.2,25.9,0.17,3.9,13.7,26.3,0.0,0.0,0.17,4.1,21.0,60.0,8.0,4.0,0.17,3.4,18.5,9.1,27.3,27.3,0.15,3.3,15.1,16.7,27.8,5.6,0.14,2.4,13.4,6.2,25.0,25.0,0.15,3.5,15.1,5.6,22.2,5.6,0.16,3.4,16.8,10.0,35.0,0.0,0.18,3.9,12.1,54.5,27.3,9.1,0.17,2.9,15.4,7.1,50.0,14.3,0.16,3.1,22.0,25.0,5.0,20.0,0.15,3.6,17.6,6.2,31.2,31.2,0.18,3.6,17.6,6.2,12.5,0.0,0.15,3.0,15.4,0.0,0.0,0.0,0.18,4.1
20260831,16,8,1800,4778,B1,佐賀,40.0,51.0,5.05,30.14,3.67,11.11,68,31.77,64,38.12,3161,B1,大阪,66.0,54.0,4.83,28.41,5.95,36.84,48,22.65,47,32.4,4458,B1,広島,40.0,53.0,5.39,30.36,6.0,27.27,36,37.06,21,28.31,3434,B1,福岡,57.0,56.0,4.17,21.7,4.72,33.33,60,43.75,18,34.25,4757,A1,徳島,37.0,53.0,6.64,44.7,6.83,56.25,46,22.22,57,30.56,4099,A2,大阪,47.0,54.0,5.68,38.26,6.17,43.33,65,36.41,62,33.71,23.5,47.4,15.8,10.5,0.15,2.8,21.0,17.6,23.5,11.8,0.19,4.1,16.0,30.8,23.1,15.4,0.13,2.5,14.8,16.7,8.3,33.3,0.15,3.2,11.1,11.1,22.2,0.0,0.14,2.9,13.6,9.1,0.0,0.0,0.21,4.5,16.8,31.2,37.5,6.2,0.17,2.9,17.9,5.9,41.2,23.5,0.21,3.7,25.3,25.0,20.8,0.0,0.22,4.1,22.1,4.8,33.3,14.3,0.17,3.4,17.9,17.6,17.6,0.0,0.18,4.2,0.0,0.0,0.0,0.0,0.0,0.0,13.1,45.5,27.3,0.0,0.14,1.8,22.6,15.8,31.6,10.5,0.14,2.9,14.3,16.7,25.0,33.3,0.15,3.1,17.9,6.7,26.7,0.0,0.15,3.2,21.4,22.2,22.2,0.0,0.17,3.1,10.7,11.1,0.0,0.0,0.16,3.1,16.5,66.7,5.6,0.0,0.17,3.2,16.5,27.8,27.8,0.0,0.18,3.4,15.6,17.6,29.4,5.9,0.18,3.5,17.4,10.5,31.6,0.0,0.17,3.5,19.3,19.0,14.3,0.0,0.19,3.8,14.7,6.2,6.2,0.0,0.19,4.7,22.4,73.3,10.0,6.7,0.14,2.8,14.9,15.0,35.0,30.0,0.16,3.8,17.9,20.8,20.8,16.7,0.15,2.7,15.7,14.3,28.6,28.6,0.15,3.0,18.7,8.0,28.0,32.0,0.14,3.0,10.4,14.3,7.1,14.3,0.16,3.6,22.2,71.4,10.7,10.7,0.18,4.0,18.3,21.7,17.4,26.1,0.17,3.7,15.1,10.5,31.6,31.6,0.18,2.9,19.8,12.0,20.0,36.0,0.15,3.0,13.5,17.6,11.8,0.0,0.15,2.7,11.1,7.1,7.1,21.4,0.15,2.9
20260831,16,9,1800,3757,A2,広島,54.0,54.0,5.57,38.46,4.13,12.5,63,31.79,63,34.36,5187,B2,福井,26.0,57.0,3.06,5.56,3.4,12.0,35,46.7,11,28.83,4287,A2,福岡,42.0,57.0,6.47,48.18,6.7,51.16,32,25.41,69,32.2,3891,B1,福井,50.0,55.0,3.54,14.91,3.33,12.5,16,36.73,55,28.31,5453,B2,香川,20.0,52.0,2.16,5.88,0.0,0.0,40,26.23,15,42.05,5043,A1,香川,27.0,53.0,7.17,56.35,7.35,61.22,19,39.8,12,28.49,15.9,41.2,11.8,35.3,0.14,2.9,17.8,10.5,47.4,21.1,0.15,2.5,16.8,5.6,16.7,27.8,0.18,3.1,17.8,10.5,21.1,15.8,0.16,3.1,21.5,4.3,17.4,26.1,0.17,3.5,10.3,9.1,9.1,0.0,0.16,3.1,14.3,33.3,0.0,0.0,0.25,4.3,19.0,25.0,0.0,0.0,0.17,4.5,19.0,25.0,0.0,0.0,0.21,3.0,19.0,25.0,25.0,0.0,0.2,4.8,14.3,0.0,0.0,0.0,0.2,3.7,14.3,33.3,0.0,0.0,0.27,6.0,17.6,57.9,21.1,10.5,0.17,2.8,15.7,11.8,29.4,5.9,0.17,4.1,17.6,5.3,42.1,10.5,0.17,3.3,14.8,6.2,18.8,25.0,0.18,2.8,15.7,5.9,11.8,0.0,0.16,3.8,18.5,10.0,15.0,25.0,0.16,3.5,12.7,15.4,7.7,0.0,0.18,3.2,18.6,10.5,10.5,21.1,0.16,3.9,20.6,14.3,14.3,0.0,0.17,3.7,16.7,11.8,0.0,0.0,0.19,3.7,20.6,4.8,4.8,0.0,0.2,3.5,10.8,18.2,0.0,0.0,0.18,3.8,0.0,0.0,0.0,0.0,0.0,0.0,0.0,0.0,0.0,0.0,0.0,0.0,0.0,0.0,0.0,0.0,0.0,0.0,0.0,0.0,0.0,0.0,0.0,0.0,0.0,0.0,0.0,0.0,0.0,0.0,0.0,0.0,0.0,0.0,0.0,0.0,17.6,65.2,21.7,0.0,0.13,2.6,16.8,9.1,27.3,9.1,0.14,3.2,15.3,25.0,20.0,25.0,0.13,2.9,14.5,15.8,31.6,21.1,0.13,2.4,19.8,15.4,15.4,11.5,0.14,2.9,16.0,14.3,23.8,0.0,0.12,3.2
20260831,16,10,1800,4614,A1,福岡,46.0,55.0,7.17,57.84,6.53,52.94,39,35.42,68,38.86,5000,B1,山口,32.0,52.0,4.94,32.18,4.08,16.67,20,48.96,44,31.67,4388,A2,滋賀,41.0,52.0,6.09,44.78,6.41,47.06,14,25.95,66,32.12,4875,B1,東京,32.0,51.0,5.39,35.24,4.72,22.22,12,40.1,41,29.56,4543,A1,兵庫,38.0,52.0,6.69,48.41,6.47,50.0,59,26.77,74,34.83,4842,A2,岡山,34.0,54.0,5.89,37.5,5.09,32.22,21,37.44,39,38.01,21.6,64.0,16.0,8.0,0.13,2.5,14.7,17.6,41.2,17.6,0.13,2.2,16.4,26.3,10.5,31.6,0.14,2.9,15.5,22.2,16.7,5.6,0.13,2.9,12.9,13.3,26.7,20.0,0.11,2.4,19.0,4.5,4.5,36.4,0.11,2.3,13.3,41.7,33.3,16.7,0.13,2.4,16.7,20.0,20.0,0.0,0.11,2.0,20.0,5.6,11.1,16.7,0.1,2.2,18.9,5.9,5.9,5.9,0.12,2.0,16.7,13.3,13.3,20.0,0.14,2.1,14.4,7.7,15.4,15.4,0.12,2.4,18.6,66.7,14.8,7.4,0.16,2.9,17.9,11.5,34.6,19.2,0.17,4.1,14.5,23.8,14.3,14.3,0.15,2.7,15.2,9.1,18.2,40.9,0.17,3.6,18.6,3.7,18.5,33.3,0.19,3.8,15.2,9.1,18.2,0.0,0.18,4.4,16.3,33.3,20.0,20.0,0.18,2.6,14.1,23.1,23.1,15.4,0.16,3.8,19.6,11.1,16.7,16.7,0.19,3.0,23.9,13.6,4.5,13.6,0.19,4.0,14.1,7.7,15.4,46.2,0.16,3.2,12.0,0.0,0.0,0.0,0.21,4.4,19.8,75.0,16.7,0.0,0.15,3.2,15.7,15.8,31.6,21.1,0.15,2.9,19.0,21.7,30.4,21.7,0.14,2.9,19.8,8.3,37.5,25.0,0.18,3.9,13.2,6.2,18.8,25.0,0.2,3.9,12.4,6.7,26.7,0.0,0.19,4.3,17.8,65.2,21.7,8.7,0.15,2.2,17.1,22.7,22.7,13.6,0.16,3.2,15.5,15.0,40.0,20.0,0.18,2.5,20.2,7.7,19.2,19.2,0.17,3.0,14.7,10.5,15.8,36.8,0.13,2.7,14.7,5.3,10.5,15.8,0.18,4.1
20260831,16,11,1800,3349,A1,長崎,58.0,51.0,6.25,44.44,6.19,47.62,69,35.53,43,37.08,4949,A2,佐賀,33.0,49.0,5.86,36.89,7.38,62.5,42,30.65,16,23.84,4607,A2,福岡,37.0,53.0,5.74,36.84,5.56,33.33,30,37.76,50,36.81,3388,A1,福井,56.0,52.0,6.48,43.21,5.8,20.0,22,34.2,14,32.57,4950,A1,山口,33.0,52.0,6.4,48.48,5.25,28.13,55,49.49,67,27.44,5353,B1,滋賀,22.0,52.0,2.7,8.2,2.0,3.13,64,33.33,73,34.64,20.0,65.4,23.1,3.8,0.19,2.7,22.3,20.7,27.6,31.0,0.14,2.2,20.8,14.8,29.6,14.8,0.17,3.3,18.5,16.7,16.7,25.0,0.16,2.6,14.6,10.5,31.6,0.0,0.17,3.0,3.8,0.0,0.0,0.0,0.18,3.0,21.6,63.0,18.5,7.4,0.15,2.8,17.6,9.1,18.2,22.7,0.15,2.7,17.6,13.6,22.7,27.3,0.15,2.9,14.4,11.1,16.7,11.1,0.18,3.7,17.6,4.5,13.6,18.2,0.17,3.9,11.2,7.1,14.3,0.0,0.15,3.9,17.3,50.0,12.5,16.7,0.18,2.9,16.5,8.7,39.1,13.0,0.18,4.1,16.5,17.4,47.8,0.0,0.17,3.3,16.5,26.1,26.1,0.0,0.2,4.0,19.4,3.7,22.2,25.9,0.17,3.9,13.7,26.3,0.0,0.0,0.17,4.1,22.4,77.3,13.6,9.1,0.13,2.5,15.3,26.7,33.3,13.3,0.18,3.2,18.4,5.6,11.1,5.6,0.16,3.9,15.3,40.0,20.0,13.3,0.19,3.3,17.3,35.3,11.8,17.6,0.15,3.0,11.2,18.2,27.3,0.0,0.17,4.4,19.7,83.3,8.3,8.3,0.15,3.0,14.8,16.7,50.0,11.1,0.17,3.6,18.0,31.8,22.7,9.1,0.16,3.0,15.6,21.1,15.8,31.6,0.15,3.1,17.2,9.5,14.3,23.8,0.19,3.1,14.8,5.6,16.7,0.0,0.16,3.7,2.5,50.0,0.0,0.0,0.01,1.0,3.7,33.3,0.0,0.0,0.11,3.7,4.9,25.0,0.0,0.0,0.16,1.8,16.0,7.7,0.0,0.0,0.18,3.4,29.6,12.5,0.0,0.0,0.18,3.5,43.2,2.9,5.7,2.9,0.17,3.4
20260831,16,12,1800,4757,A1,徳島,37.0,53.0,6.64,44.7,6.83,56.25,46,22.22,57,30.56,4886,A2,岡山,30.0,54.0,6.28,37.04,6.81,47.06,52,27.32,17,37.78,4624,A1,佐賀,41.0,52.0,6.38,47.12,6.5,44.44,13,35.03,71,43.33,4384,A1,大阪,41.0,54.0,5.89,40.87,5.58,37.5,29,29.57,34,41.48,4434,A2,広島,40.0,56.0,6.19,48.57,5.64,37.7,18,31.79,37,23.27,4369,A2,愛知,40.0,58.0,5.72,38.35,6.53,47.37,54,31.87,53,25.77,22.4,73.3,10.0,6.7,0.14,2.8,14.9,15.0,35.0,30.0,0.16,3.8,17.9,20.8,20.8,16.7,0.15,2.7,15.7,14.3,28.6,28.6,0.15,3.0,18.7,8.0,28.0,32.0,0.14,3.0,10.4,14.3,7.1,14.3,0.16,3.6,11.2,53.8,15.4,15.4,0.12,3.1,19.0,9.1,22.7,13.6,0.13,3.5,19.0,9.1,40.9,18.2,0.14,3.0,14.7,11.8,23.5,23.5,0.15,3.3,19.0,4.5,40.9,0.0,0.14,3.2,17.2,5.0,5.0,25.0,0.18,4.4,19.2,73.9,8.7,0.0,0.17,2.8,15.8,21.1,42.1,21.1,0.16,3.1,14.2,29.4,29.4,17.6,0.18,3.8,16.7,20.0,35.0,5.0,0.15,3.0,24.2,20.7,10.3,24.1,0.17,3.1,10.0,8.3,8.3,0.0,0.15,4.3,26.2,64.7,20.6,8.8,0.14,2.5,13.8,44.4,22.2,0.0,0.16,3.6,16.9,22.7,9.1,40.9,0.17,3.5,16.2,14.3,9.5,47.6,0.18,3.9,13.8,5.6,33.3,38.9,0.15,2.9,13.1,11.8,17.6,0.0,0.2,4.8,21.1,78.3,17.4,4.3,0.14,2.3,16.5,22.2,11.1,5.6,0.15,3.2,19.3,23.8,23.8,9.5,0.17,3.3,16.5,11.1,11.1,22.2,0.17,3.5,15.6,5.9,29.4,23.5,0.15,2.9,11.0,16.7,25.0,0.0,0.21,4.0,19.6,48.1,22.2,22.2,0.15,3.4,15.9,9.1,22.7,22.7,0.18,3.5,18.1,20.0,24.0,20.0,0.16,2.9,14.5,10.0,35.0,20.0,0.15,2.1,17.4,25.0,8.3,16.7,0.14,2.8,14.5,5.0,15.0,0.0,0.17,3.4
20260831,11,1,1800,5294,B1,静岡,24.0,50.0,3.38,16.67,2.79,8.82,38,31.33,16,22.22,4110,B1,埼玉,46.0,57.0,3.72,16.28,0.67,0.0,60,12.99,13,24.39,3619,B1,群馬,52.0,52.0,5.17,30.69,5.38,33.33,12,51.61,57,30.0,5333,B2,兵庫,22.0,51.0,3.58,12.73,1.0,0.0,30,27.85,35,28.92,3614,B1,広島,53.0,55.0,4.28,21.6,3.96,18.52,51,34.57,36,31.71,5427,B1,東京,24.0,52.0,3.02,4.6,0.0,0.0,15,27.16,69,42.39,13.7,35.7,14.3,7.1,0.16,3.1,17.6,5.6,22.2,5.6,0.18,3.8,17.6,5.6,11.1,33.3,0.13,2.5,17.6,5.6,5.6,0.0,0.16,3.5,18.6,5.3,10.5,0.0,0.18,3.2,14.7,0.0,0.0,0.0,0.22,4.5,15.0,40.0,26.7,6.7,0.17,2.9,16.0,12.5,25.0,0.0,0.17,3.7,19.0,15.8,15.8,15.8,0.17,2.8,19.0,15.8,5.3,15.8,0.17,3.4,20.0,5.0,5.0,15.0,0.18,3.2,11.0,9.1,18.2,0.0,0.21,3.8,16.2,29.4,29.4,11.8,0.18,3.2,14.3,13.3,40.0,6.7,0.18,3.7,18.1,15.8,15.8,26.3,0.17,3.8,19.0,20.0,20.0,0.0,0.19,4.0,17.1,11.1,0.0,0.0,0.22,4.4,15.2,12.5,0.0,0.0,0.21,5.1,6.7,66.7,33.3,0.0,0.17,2.3,22.2,20.0,10.0,0.0,0.2,3.2,22.2,30.0,20.0,0.0,0.22,3.9,22.2,10.0,10.0,10.0,0.21,2.3,13.3,16.7,33.3,0.0,0.18,3.7,13.3,33.3,0.0,0.0,0.21,3.8,11.4,16.7,8.3,16.7,0.16,3.5,19.0,5.0,20.0,25.0,0.17,3.2,20.0,9.5,19.0,19.0,0.17,3.4,21.0,4.5,31.8,9.1,0.15,2.5,19.0,5.0,5.0,5.0,0.16,3.4,9.5,0.0,0.0,0.0,0.21,4.5,0.0,0.0,0.0,0.0,0.0,0.0,0.0,0.0,0.0,0.0,0.0,0.0,0.0,0.0,0.0,0.0,0.0,0.0,0.0,0.0,0.0,0.0,0.0,0.0,0.0,0.0,0.0,0.0,0.0,0.0,100.0,1.1,1.1,8.6,0.22,4.5
20260831,11,2,1800,3563,B1,静岡,56.0,52.0,5.72,37.4,5.21,33.33,55,29.07,37,32.95,5160,A2,福岡,27.0,55.0,5.88,39.86,6.2,50.0,43,26.74,11,40.91,5240,B1,福岡,26.0,54.0,4.54,27.85,3.67,11.11,69,29.29,14,6.1,5085,A2,福井,27.0,52.0,5.28,35.14,2.92,11.11,24,23.08,54,38.3,5196,A1,愛知,24.0,54.0,6.11,44.0,5.47,23.53,28,25.29,30,25.97,5456,B2,兵庫,20.0,51.0,2.1,0.0,0.0,0.0,35,26.74,12,42.86,16.4,38.9,27.8,11.1,0.15,3.0,19.1,4.8,23.8,23.8,0.14,3.2,20.0,27.3,22.7,0.0,0.14,2.6,23.6,19.2,23.1,0.0,0.17,3.8,15.5,11.8,17.6,5.9,0.18,3.2,5.5,0.0,0.0,0.0,0.14,3.5,15.7,59.1,22.7,4.5,0.16,2.2,20.0,14.3,17.9,14.3,0.15,3.4,17.1,20.8,20.8,33.3,0.15,3.5,15.0,14.3,28.6,19.0,0.12,2.8,15.7,4.5,22.7,31.8,0.14,3.2,16.4,4.3,4.3,0.0,0.17,4.0,14.9,46.7,26.7,0.0,0.17,2.5,18.8,5.3,36.8,26.3,0.16,3.1,17.8,11.1,38.9,11.1,0.15,2.5,15.8,12.5,12.5,0.0,0.15,3.1,12.9,7.7,30.8,15.4,0.19,2.9,19.8,10.0,20.0,0.0,0.17,4.3,14.3,41.7,33.3,0.0,0.17,3.4,15.5,7.7,23.1,38.5,0.24,4.6,22.6,21.1,31.6,31.6,0.21,3.3,15.5,7.7,38.5,0.0,0.22,4.4,19.0,31.2,12.5,0.0,0.2,4.6,13.1,36.4,0.0,0.0,0.28,5.3,21.4,75.0,3.6,10.7,0.15,3.0,19.1,32.0,24.0,28.0,0.14,3.0,18.3,25.0,29.2,12.5,0.16,3.0,15.3,35.0,30.0,10.0,0.13,2.5,17.6,13.0,30.4,17.4,0.15,2.3,8.4,27.3,36.4,0.0,0.15,2.6,0.0,0.0,0.0,0.0,0.0,0.0,0.0,0.0,0.0,0.0,0.0,0.0,0.0,0.0,0.0,0.0,0.0,0.0,0.0,0.0,0.0,0.0,0.0,0.0,0.0,0.0,0.0,0.0,0.0,0.0,0.0,0.0,0.0,0.0,0.0,0.0
20260831,11,3,1800,4311,A1,大阪,42.0,57.0,6.51,50.45,6.61,55.56,52,33.73,68,40.22,5313,B1,群馬,26.0,53.0,4.42,16.22,3.11,11.11,50,34.12,19,27.38,5279,B1,東京,23.0,53.0,5.65,38.68,0.0,0.0,45,42.35,58,31.08,4151,B1,福岡,44.0,54.0,4.79,23.23,8.11,67.86,37,33.75,27,28.89,4261,A2,三重,42.0,54.0,6.29,45.74,5.06,32.26,70,33.72,55,27.38,5393,B2,大阪,25.0,58.0,1.39,0.0,1.47,0.0,48,35.71,63,25.0,24.7,78.9,2.6,7.9,0.13,2.3,13.6,33.3,28.6,9.5,0.12,2.5,16.9,15.4,23.1,23.1,0.16,2.9,16.2,12.0,24.0,24.0,0.12,2.0,13.6,4.8,28.6,14.3,0.15,3.0,14.9,8.7,13.0,30.4,0.19,4.3,13.0,26.7,20.0,13.3,0.11,2.1,21.7,20.0,16.0,24.0,0.15,3.4,17.4,5.0,10.0,20.0,0.15,2.9,13.0,6.7,20.0,0.0,0.17,3.3,21.7,4.0,12.0,8.0,0.17,3.1,13.0,13.3,26.7,0.0,0.17,4.1,17.0,53.3,26.7,0.0,0.14,2.4,21.6,21.1,10.5,15.8,0.18,3.8,15.9,7.1,28.6,21.4,0.16,3.4,13.6,16.7,8.3,0.0,0.16,3.5,15.9,7.1,21.4,21.4,0.15,3.3,15.9,14.3,14.3,0.0,0.17,3.6,16.4,57.9,21.1,0.0,0.21,4.0,21.6,16.0,24.0,32.0,0.17,3.6,19.0,4.5,13.6,36.4,0.17,3.5,25.0,17.2,20.7,0.0,0.19,4.0,13.8,12.5,6.2,0.0,0.21,4.5,4.3,0.0,0.0,0.0,0.21,5.2,20.7,64.3,21.4,0.0,0.15,2.6,17.8,4.2,37.5,25.0,0.16,3.3,15.6,4.8,38.1,23.8,0.15,3.0,14.1,10.5,10.5,26.3,0.17,3.5,14.1,5.3,10.5,26.3,0.17,3.7,17.8,4.2,12.5,29.2,0.18,3.6,0.0,0.0,0.0,0.0,0.0,0.0,0.0,0.0,0.0,0.0,0.0,0.0,0.0,0.0,0.0,0.0,0.0,0.0,1.4,0.0,0.0,0.0,0.13,5.0,5.8,0.0,0.0,0.0,0.22,4.3,92.8,1.6,0.0,0.0,0.23,4.7
20260831,11,4,1800,3740,A1,群馬,52.0,53.0,6.18,42.57,7.4,70.0,71,33.72,17,44.74,4846,B1,山口,32.0,52.0,4.59,28.42,4.4,10.0,40,46.67,45,33.71,5255,A1,滋賀,22.0,54.0,6.56,46.43,6.21,39.71,46,31.58,60,30.86,4555,B1,福岡,37.0,54.0,5.22,31.15,4.61,33.33,59,30.59,39,34.12,3516,B1,広島,58.0,51.0,4.56,32.14,3.96,17.86,25,26.97,43,44.05,5075,A2,滋賀,30.0,53.0,6.03,34.65,6.86,55.36,16,31.33,52,48.28,22.1,59.4,31.2,6.2,0.15,3.0,15.9,13.0,26.1,17.4,0.19,3.4,16.6,25.0,25.0,16.7,0.19,3.5,13.1,21.1,21.1,15.8,0.16,3.3,17.9,23.1,15.4,19.2,0.19,3.2,14.5,4.8,14.3,14.3,0.18,3.7,12.1,33.3,8.3,33.3,0.15,2.9,18.2,33.3,11.1,0.0,0.14,2.9,20.2,15.0,25.0,0.0,0.16,3.4,20.2,10.0,5.0,10.0,0.14,3.0,16.2,18.8,12.5,0.0,0.21,3.9,13.1,7.7,0.0,0.0,0.21,4.6,18.3,71.4,9.5,9.5,0.17,3.2,14.8,41.2,29.4,5.9,0.22,3.5,14.8,29.4,23.5,17.6,0.17,3.3,18.3,14.3,19.0,28.6,0.18,3.3,20.0,8.7,34.8,30.4,0.17,3.7,13.9,18.8,12.5,0.0,0.19,4.0,21.1,56.5,21.7,13.0,0.15,2.7,14.7,6.2,18.8,18.8,0.18,3.9,17.4,21.1,31.6,0.0,0.18,3.1,13.8,6.7,6.7,26.7,0.17,3.4,11.9,23.1,46.2,0.0,0.22,4.9,21.1,17.4,13.0,0.0,0.19,3.9,20.5,12.5,25.0,18.8,0.18,3.2,16.7,7.7,30.8,15.4,0.15,3.4,15.4,8.3,8.3,0.0,0.2,3.8,11.5,11.1,11.1,11.1,0.19,4.4,21.8,11.8,5.9,0.0,0.21,4.1,14.1,9.1,0.0,0.0,0.19,4.7,18.0,33.3,20.8,29.2,0.19,3.1,18.8,16.0,40.0,20.0,0.15,3.0,17.3,8.7,17.4,26.1,0.15,2.9,18.0,33.3,12.5,16.7,0.14,2.5,13.5,16.7,22.2,22.2,0.17,2.9,14.3,5.3,31.6,0.0,0.16,3.6
20260831,11,5,1800,3984,A1,三重,48.0,54.0,6.26,39.42,6.13,33.33,63,30.86,62,33.33,3882,B1,大阪,53.0,56.0,4.23,15.63,4.87,22.22,21,39.76,41,45.65,4754,A2,三重,37.0,51.0,6.49,45.45,6.38,53.13,39,27.59,56,17.14,4587,A1,福井,35.0,56.0,6.11,48.51,3.69,6.9,56,29.89,26,34.88,5427,B1,東京,24.0,52.0,3.02,4.6,0.0,0.0,15,27.16,69,42.39,3212,B1,広島,64.0,59.0,4.56,22.92,4.6,20.0,68,31.33,53,40.91,23.9,78.8,12.1,6.1,0.15,2.4,16.7,8.7,39.1,21.7,0.18,3.3,15.9,22.7,27.3,31.8,0.17,3.1,16.7,17.4,17.4,21.7,0.16,3.5,15.9,18.2,9.1,40.9,0.19,3.7,10.9,33.3,0.0,0.0,0.2,4.4,13.5,53.3,6.7,20.0,0.16,2.9,20.7,8.7,13.0,43.5,0.2,3.9,16.2,5.6,11.1,27.8,0.18,3.7,16.2,22.2,11.1,22.2,0.14,2.7,23.4,3.8,7.7,30.8,0.17,4.0,9.9,9.1,0.0,0.0,0.19,4.0,17.9,66.7,6.7,6.7,0.17,2.9,15.5,23.1,46.2,7.7,0.16,4.1,19.0,18.8,18.8,6.2,0.12,3.0,16.7,7.1,21.4,14.3,0.15,3.5,20.2,23.5,11.8,0.0,0.14,3.1,10.7,11.1,0.0,0.0,0.18,4.0,22.0,65.4,23.1,3.8,0.15,2.8,16.1,21.1,47.4,10.5,0.17,3.6,17.8,33.3,14.3,9.5,0.14,3.0,13.6,18.8,18.8,6.2,0.15,3.2,14.4,17.6,23.5,5.9,0.18,3.0,16.1,5.3,10.5,15.8,0.22,4.5,0.0,0.0,0.0,0.0,0.0,0.0,0.0,0.0,0.0,0.0,0.0,0.0,0.0,0.0,0.0,0.0,0.0,0.0,0.0,0.0,0.0,0.0,0.0,0.0,0.0,0.0,0.0,0.0,0.0,0.0,100.0,1.1,1.1,8.6,0.22,4.5,15.9,50.0,21.4,14.3,0.18,2.4,22.7,5.0,15.0,25.0,0.19,4.0,25.0,4.5,9.1,9.1,0.17,3.6,21.6,15.8,26.3,0.0,0.18,3.4,6.8,0.0,0.0,0.0,0.21,4.2,8.0,14.3,14.3,0.0,0.16,4.4
20260831,11,6,1800,5228,A2,東京,23.0,52.0,5.64,33.71,6.87,41.94,72,46.59,38,48.35,3614,B1,広島,53.0,55.0,4.28,21.6,3.96,18.52,51,34.57,36,31.71,4427,A1,大阪,40.0,52.0,7.24,56.59,7.4,54.17,23,30.0,61,37.66,4110,B1,埼玉,46.0,57.0,3.72,16.28,0.67,0.0,60,12.99,13,24.39,5456,B2,兵庫,20.0,51.0,2.1,0.0,0.0,0.0,35,26.74,12,42.86,3430,B1,広島,58.0,55.0,4.22,23.0,3.0,11.11,31,41.67,47,41.38,17.6,78.9,5.3,5.3,0.18,3.2,15.7,29.4,23.5,5.9,0.18,3.8,18.5,15.0,25.0,20.0,0.17,3.7,16.7,11.1,11.1,27.8,0.16,3.2,14.8,12.5,18.8,37.5,0.15,3.1,16.7,5.6,27.8,0.0,0.2,4.0,11.4,16.7,8.3,16.7,0.16,3.5,19.0,5.0,20.0,25.0,0.17,3.2,20.0,9.5,19.0,19.0,0.17,3.4,21.0,4.5,31.8,9.1,0.15,2.5,19.0,5.0,5.0,5.0,0.16,3.4,9.5,0.0,0.0,0.0,0.21,4.5,19.0,77.3,13.6,0.0,0.14,2.2,14.7,5.9,23.5,23.5,0.15,3.3,19.8,26.1,13.0,26.1,0.12,3.1,13.8,12.5,25.0,12.5,0.16,3.2,16.4,15.8,5.3,31.6,0.11,2.6,16.4,5.3,15.8,0.0,0.14,3.7,15.0,40.0,26.7,6.7,0.17,2.9,16.0,12.5,25.0,0.0,0.17,3.7,19.0,15.8,15.8,15.8,0.17,2.8,19.0,15.8,5.3,15.8,0.17,3.4,20.0,5.0,5.0,15.0,0.18,3.2,11.0,9.1,18.2,0.0,0.21,3.8,0.0,0.0,0.0,0.0,0.0,0.0,0.0,0.0,0.0,0.0,0.0,0.0,0.0,0.0,0.0,0.0,0.0,0.0,0.0,0.0,0.0,0.0,0.0,0.0,0.0,0.0,0.0,0.0,0.0,0.0,0.0,0.0,0.0,0.0,0.0,0.0,13.7,53.8,7.7,0.0,0.16,2.8,17.9,5.9,23.5,11.8,0.17,3.6,16.8,6.2,12.5,0.0,0.17,3.6,21.1,5.0,15.0,5.0,0.2,3.8,18.9,5.6,5.6,5.6,0.16,3.8,11.6,9.1,9.1,0.0,0.16,3.6
20260831,11,7,1800,4209,A2,静岡,43.0,56.0,5.84,35.58,5.76,33.33,73,27.94,50,32.1,5196,A1,愛知,24.0,54.0,6.11,44.0,5.47,23.53,28,25.29,30,25.97,4866,B1,福岡,36.0,56.0,4.14,18.18,4.8,30.0,67,36.47,33,29.63,5393,B2,大阪,25.0,58.0,1.39,0.0,1.47,0.0,48,35.71,63,25.0,5240,B1,福岡,26.0,54.0,4.54,27.85,3.67,11.11,69,29.29,14,6.1,4520,A2,福井,39.0,51.0,5.73,37.17,4.49,19.15,14,37.04,24,39.78,19.3,42.9,19.0,14.3,0.18,3.4,17.4,36.8,10.5,0.0,0.16,3.8,15.6,17.6,29.4,23.5,0.19,3.3,15.6,5.9,29.4,29.4,0.18,2.6,20.2,4.5,9.1,27.3,0.18,3.6,11.9,38.5,0.0,0.0,0.18,3.8,21.4,75.0,3.6,10.7,0.15,3.0,19.1,32.0,24.0,28.0,0.14,3.0,18.3,25.0,29.2,12.5,0.16,3.0,15.3,35.0,30.0,10.0,0.13,2.5,17.6,13.0,30.4,17.4,0.15,2.3,8.4,27.3,36.4,0.0,0.15,2.6,8.5,28.6,42.9,0.0,0.16,2.6,15.9,7.7,15.4,0.0,0.16,3.2,20.7,5.9,17.6,29.4,0.15,2.5,19.5,25.0,25.0,0.0,0.2,3.6,18.3,6.7,20.0,0.0,0.15,3.9,17.1,7.1,0.0,0.0,0.2,3.9,0.0,0.0,0.0,0.0,0.0,0.0,0.0,0.0,0.0,0.0,0.0,0.0,0.0,0.0,0.0,0.0,0.0,0.0,1.4,0.0,0.0,0.0,0.13,5.0,5.8,0.0,0.0,0.0,0.22,4.3,92.8,1.6,0.0,0.0,0.23,4.7,14.9,46.7,26.7,0.0,0.17,2.5,18.8,5.3,36.8,26.3,0.16,3.1,17.8,11.1,38.9,11.1,0.15,2.5,15.8,12.5,12.5,0.0,0.15,3.1,12.9,7.7,30.8,15.4,0.19,2.9,19.8,10.0,20.0,0.0,0.17,4.3,12.5,50.0,14.3,28.6,0.11,2.5,18.8,9.5,33.3,19.0,0.13,2.4,20.5,34.8,30.4,13.0,0.14,3.0,17.0,31.6,21.1,21.1,0.14,2.5,16.1,16.7,5.6,16.7,0.12,2.3,15.2,5.9,11.8,11.8,0.12,2.2
20260831,11,8,1800,5085,A2,福井,27.0,52.0,5.28,35.14,2.92,11.11,24,23.08,54,38.3,5333,B2,兵庫,22.0,51.0,3.58,12.73,1.0,0.0,30,27.85,35,28.92,4846,B1,山口,32.0,52.0,4.59,28.42,4.4,10.0,40,46.67,45,33.71,5313,B1,群馬,26.0,53.0,4.42,16.22,3.11,11.11,50,34.12,19,27.38,4711,A2,福井,36.0,52.0,6.17,44.35,5.14,27.59,57,46.67,71,29.76,3156,B1,静岡,61.0,55.0,4.11,22.11,4.09,26.09,22,29.49,28,10.0,14.3,41.7,33.3,0.0,0.17,3.4,15.5,7.7,23.1,38.5,0.24,4.6,22.6,21.1,31.6,31.6,0.21,3.3,15.5,7.7,38.5,0.0,0.22,4.4,19.0,31.2,12.5,0.0,0.2,4.6,13.1,36.4,0.0,0.0,0.28,5.3,6.7,66.7,33.3,0.0,0.17,2.3,22.2,20.0,10.0,0.0,0.2,3.2,22.2,30.0,20.0,0.0,0.22,3.9,22.2,10.0,10.0,10.0,0.21,2.3,13.3,16.7,33.3,0.0,0.18,3.7,13.3,33.3,0.0,0.0,0.21,3.8,12.1,33.3,8.3,33.3,0.15,2.9,18.2,33.3,11.1,0.0,0.14,2.9,20.2,15.0,25.0,0.0,0.16,3.4,20.2,10.0,5.0,10.0,0.14,3.0,16.2,18.8,12.5,0.0,0.21,3.9,13.1,7.7,0.0,0.0,0.21,4.6,13.0,26.7,20.0,13.3,0.11,2.1,21.7,20.0,16.0,24.0,0.15,3.4,17.4,5.0,10.0,20.0,0.15,2.9,13.0,6.7,20.0,0.0,0.17,3.3,21.7,4.0,12.0,8.0,0.17,3.1,13.0,13.3,26.7,0.0,0.17,4.1,15.4,44.4,22.2,16.7,0.16,2.5,17.1,15.0,35.0,10.0,0.17,3.4,17.1,30.0,10.0,35.0,0.15,2.2,15.4,16.7,44.4,22.2,0.14,2.4,22.2,7.7,15.4,19.2,0.17,3.4,12.8,13.3,26.7,0.0,0.18,3.7,15.2,8.3,41.7,16.7,0.18,3.0,25.3,20.0,15.0,0.0,0.18,4.1,35.4,7.1,28.6,7.1,0.17,3.4,16.5,7.7,23.1,0.0,0.15,3.8,6.3,0.0,0.0,0.0,0.2,3.6,1.3,0.0,0.0,0.0,0.13,1.0
20260831,11,9,1800,4587,A1,福井,35.0,56.0,6.11,48.51,3.69,6.9,56,29.89,26,34.88,4555,B1,福岡,37.0,54.0,5.22,31.15,4.61,33.33,59,30.59,39,34.12,5350,B1,兵庫,22.0,52.0,5.2,28.83,2.67,16.67,32,36.25,44,37.78,4261,A2,三重,42.0,54.0,6.29,45.74,5.06,32.26,70,33.72,55,27.38,3807,B1,埼玉,51.0,51.0,4.95,27.35,4.56,22.22,33,44.58,73,22.06,5255,A1,滋賀,22.0,54.0,6.56,46.43,6.21,39.71,46,31.58,60,30.86,22.0,65.4,23.1,3.8,0.15,2.8,16.1,21.1,47.4,10.5,0.17,3.6,17.8,33.3,14.3,9.5,0.14,3.0,13.6,18.8,18.8,6.2,0.15,3.2,14.4,17.6,23.5,5.9,0.18,3.0,16.1,5.3,10.5,15.8,0.22,4.5,21.1,56.5,21.7,13.0,0.15,2.7,14.7,6.2,18.8,18.8,0.18,3.9,17.4,21.1,31.6,0.0,0.18,3.1,13.8,6.7,6.7,26.7,0.17,3.4,11.9,23.1,46.2,0.0,0.22,4.9,21.1,17.4,13.0,0.0,0.19,3.9,10.5,18.2,9.1,0.0,0.14,2.7,14.3,6.7,6.7,13.3,0.15,2.7,20.0,19.0,4.8,19.0,0.13,2.2,19.0,10.0,20.0,5.0,0.16,2.6,19.0,5.0,10.0,25.0,0.15,2.9,17.1,5.6,11.1,27.8,0.14,2.4,20.7,64.3,21.4,0.0,0.15,2.6,17.8,4.2,37.5,25.0,0.16,3.3,15.6,4.8,38.1,23.8,0.15,3.0,14.1,10.5,10.5,26.3,0.17,3.5,14.1,5.3,10.5,26.3,0.17,3.7,17.8,4.2,12.5,29.2,0.18,3.6,14.7,31.2,43.8,12.5,0.16,3.3,19.3,9.5,14.3,23.8,0.15,2.8,17.4,15.8,42.1,0.0,0.16,2.7,18.3,10.0,5.0,0.0,0.18,3.7,15.6,5.9,11.8,0.0,0.16,3.3,14.7,6.2,6.2,6.2,0.2,4.5,18.3,71.4,9.5,9.5,0.17,3.2,14.8,41.2,29.4,5.9,0.22,3.5,14.8,29.4,23.5,17.6,0.17,3.3,18.3,14.3,19.0,28.6,0.18,3.3,20.0,8.7,34.8,30.4,0.17,3.7,13.9,18.8,12.5,0.0,0.19,4.0
20260831,11,10,1800,4754,A2,三重,37.0,51.0,6.49,45.45,6.38,53.13,39,27.59,56,17.14,5228,A2,東京,23.0,52.0,5.64,33.71,6.87,41.94,72,46.59,38,48.35,3740,A1,群馬,52.0,53.0,6.18,42.57,7.4,70.0,71,33.72,17,44.74,3563,B1,静岡,56.0,52.0,5.72,37.4,5.21,33.33,55,29.07,37,32.95,4311,A1,大阪,42.0,57.0,6.51,50.45,6.61,55.56,52,33.73,68,40.22,5294,B1,静岡,24.0,50.0,3.38,16.67,2.79,8.82,38,31.33,16,22.22,17.9,66.7,6.7,6.7,0.17,2.9,15.5,23.1,46.2,7.7,0.16,4.1,19.0,18.8,18.8,6.2,0.12,3.0,16.7,7.1,21.4,14.3,0.15,3.5,20.2,23.5,11.8,0.0,0.14,3.1,10.7,11.1,0.0,0.0,0.18,4.0,17.6,78.9,5.3,5.3,0.18,3.2,15.7,29.4,23.5,5.9,0.18,3.8,18.5,15.0,25.0,20.0,0.17,3.7,16.7,11.1,11.1,27.8,0.16,3.2,14.8,12.5,18.8,37.5,0.15,3.1,16.7,5.6,27.8,0.0,0.2,4.0,22.1,59.4,31.2,6.2,0.15,3.0,15.9,13.0,26.1,17.4,0.19,3.4,16.6,25.0,25.0,16.7,0.19,3.5,13.1,21.1,21.1,15.8,0.16,3.3,17.9,23.1,15.4,19.2,0.19,3.2,14.5,4.8,14.3,14.3,0.18,3.7,16.4,38.9,27.8,11.1,0.15,3.0,19.1,4.8,23.8,23.8,0.14,3.2,20.0,27.3,22.7,0.0,0.14,2.6,23.6,19.2,23.1,0.0,0.17,3.8,15.5,11.8,17.6,5.9,0.18,3.2,5.5,0.0,0.0,0.0,0.14,3.5,24.7,78.9,2.6,7.9,0.13,2.3,13.6,33.3,28.6,9.5,0.12,2.5,16.9,15.4,23.1,23.1,0.16,2.9,16.2,12.0,24.0,24.0,0.12,2.0,13.6,4.8,28.6,14.3,0.15,3.0,14.9,8.7,13.0,30.4,0.19,4.3,13.7,35.7,14.3,7.1,0.16,3.1,17.6,5.6,22.2,5.6,0.18,3.8,17.6,5.6,11.1,33.3,0.13,2.5,17.6,5.6,5.6,0.0,0.16,3.5,18.6,5.3,10.5,0.0,0.18,3.2,14.7,0.0,0.0,0.0,0.22,4.5
20260831,11,11,1800,4427,A1,大阪,40.0,52.0,7.24,56.59,7.4,54.17,23,30.0,61,37.66,5279,B1,東京,23.0,53.0,5.65,38.68,0.0,0.0,45,42.35,58,31.08,5075,A2,滋賀,30.0,53.0,6.03,34.65,6.86,55.36,16,31.33,52,48.28,3984,A1,三重,48.0,54.0,6.26,39.42,6.13,33.33,63,30.86,62,33.33,5160,A2,福岡,27.0,55.0,5.88,39.86,6.2,50.0,43,26.74,11,40.91,4209,A2,静岡,43.0,56.0,5.84,35.58,5.76,33.33,73,27.94,50,32.1,19.0,77.3,13.6,0.0,0.14,2.2,14.7,5.9,23.5,23.5,0.15,3.3,19.8,26.1,13.0,26.1,0.12,3.1,13.8,12.5,25.0,12.5,0.16,3.2,16.4,15.8,5.3,31.6,0.11,2.6,16.4,5.3,15.8,0.0,0.14,3.7,17.0,53.3,26.7,0.0,0.14,2.4,21.6,21.1,10.5,15.8,0.18,3.8,15.9,7.1,28.6,21.4,0.16,3.4,13.6,16.7,8.3,0.0,0.16,3.5,15.9,7.1,21.4,21.4,0.15,3.3,15.9,14.3,14.3,0.0,0.17,3.6,18.0,33.3,20.8,29.2,0.19,3.1,18.8,16.0,40.0,20.0,0.15,3.0,17.3,8.7,17.4,26.1,0.15,2.9,18.0,33.3,12.5,16.7,0.14,2.5,13.5,16.7,22.2,22.2,0.17,2.9,14.3,5.3,31.6,0.0,0.16,3.6,23.9,78.8,12.1,6.1,0.15,2.4,16.7,8.7,39.1,21.7,0.18,3.3,15.9,22.7,27.3,31.8,0.17,3.1,16.7,17.4,17.4,21.7,0.16,3.5,15.9,18.2,9.1,40.9,0.19,3.7,10.9,33.3,0.0,0.0,0.2,4.4,15.7,59.1,22.7,4.5,0.16,2.2,20.0,14.3,17.9,14.3,0.15,3.4,17.1,20.8,20.8,33.3,0.15,3.5,15.0,14.3,28.6,19.0,0.12,2.8,15.7,4.5,22.7,31.8,0.14,3.2,16.4,4.3,4.3,0.0,0.17,4.0,19.3,42.9,19.0,14.3,0.18,3.4,17.4,36.8,10.5,0.0,0.16,3.8,15.6,17.6,29.4,23.5,0.19,3.3,15.6,5.9,29.4,29.4,0.18,2.6,20.2,4.5,9.1,27.3,0.18,3.6,11.9,38.5,0.0,0.0,0.18,3.8
20260831,11,12,1800,3582,A2,滋賀,53.0,54.0,6.17,46.79,6.31,48.78,47,28.89,34,39.53,4483,A1,愛知,37.0,54.0,6.83,54.33,6.32,46.43,65,26.74,22,32.53,5016,A1,兵庫,28.0,53.0,6.7,40.37,7.63,62.96,36,24.71,70,34.07,5064,A1,山口,28.0,52.0,6.55,50.44,5.97,40.0,11,44.94,46,40.22,4424,A2,福岡,41.0,50.0,5.68,37.1,5.26,36.84,26,37.5,23,30.49,3473,A1,福岡,56.0,53.0,6.78,55.94,7.69,72.88,27,24.24,48,13.24,19.2,62.5,4.2,0.0,0.14,2.8,30.4,23.7,21.1,23.7,0.17,3.6,38.4,14.6,25.0,10.4,0.17,3.5,11.2,14.3,21.4,0.0,0.2,4.0,0.8,0.0,0.0,0.0,0.33,3.0,0.0,0.0,0.0,0.0,0.0,0.0,18.9,75.0,15.0,0.0,0.15,3.2,16.0,17.6,17.6,29.4,0.16,2.7,17.0,22.2,50.0,0.0,0.13,2.7,18.9,35.0,10.0,25.0,0.15,3.1,17.9,15.8,15.8,26.3,0.15,2.8,11.3,8.3,8.3,0.0,0.14,3.5,21.1,73.1,7.7,3.8,0.13,2.3,17.1,33.3,28.6,19.0,0.15,3.1,15.4,26.3,21.1,21.1,0.14,2.2,16.3,20.0,10.0,40.0,0.13,2.4,10.6,7.7,7.7,30.8,0.14,2.8,19.5,4.2,37.5,0.0,0.17,4.0,17.8,66.7,19.0,14.3,0.17,3.2,17.8,9.5,38.1,28.6,0.16,3.8,16.1,26.3,21.1,10.5,0.16,3.0,18.6,13.6,27.3,18.2,0.16,3.2,16.1,10.5,26.3,10.5,0.16,4.2,13.6,12.5,6.2,12.5,0.18,3.6,19.9,88.9,3.7,0.0,0.15,3.1,19.1,26.9,26.9,15.4,0.17,3.1,16.9,13.0,26.1,26.1,0.15,3.0,19.1,7.7,7.7,30.8,0.17,3.5,11.8,6.2,18.8,25.0,0.15,2.6,13.2,11.1,33.3,0.0,0.17,2.7,38.6,42.9,20.4,12.2,0.13,2.2,57.5,12.3,30.1,16.4,0.15,3.3,3.9,40.0,0.0,0.0,0.15,3.2,0.0,0.0,0.0,0.0,0.0,0.0,0.0,0.0,0.0,0.0,0.0,0.0,0.0,0.0,0.0,0.0,0.0,0.0
20260831,08,1,1800,4375,A2,兵庫,42.0,51.0,5.7,37.6,6.5,53.85,30,42.99,25,32.56,3718,B1,静岡,51.0,57.0,4.47,25.26,3.97,20.51,45,29.87,28,37.84,3448,B1,群馬,56.0,54.0,4.39,23.91,4.52,12.12,38,32.33,38,30.77,4200,B1,大阪,44.0,56.0,4.53,20.0,5.08,16.67,35,43.5,46,27.03,3842,B1,三重,50.0,54.0,4.81,28.41,5.49,35.9,1,35.35,69,26.09,5383,B1,三重,21.0,53.0,2.47,1.35,1.53,0.0,58,32.39,56,28.0,19.8,60.0,28.0,4.0,0.17,3.3,11.9,6.7,33.3,20.0,0.16,3.7,19.8,24.0,40.0,16.0,0.15,2.7,14.3,16.7,22.2,5.6,0.17,3.3,19.0,8.3,12.5,37.5,0.16,3.3,15.1,10.5,26.3,0.0,0.2,4.2,14.3,66.7,6.7,6.7,0.14,2.5,19.0,15.0,25.0,10.0,0.18,3.5,14.3,6.7,13.3,33.3,0.17,2.8,18.1,5.3,15.8,15.8,0.17,3.6,21.0,4.5,13.6,0.0,0.19,3.8,13.3,14.3,0.0,0.0,0.19,4.6,16.7,46.7,20.0,26.7,0.17,3.4,16.7,13.3,13.3,20.0,0.18,4.7,17.8,18.8,31.2,0.0,0.2,3.9,17.8,12.5,6.2,0.0,0.19,3.6,17.8,6.2,6.2,6.2,0.21,4.1,13.3,8.3,25.0,0.0,0.19,3.8,15.5,41.2,23.5,17.6,0.18,2.9,13.6,13.3,6.7,13.3,0.21,3.9,19.1,4.8,19.0,14.3,0.19,3.3,20.9,4.3,8.7,13.0,0.17,3.1,15.5,17.6,5.9,0.0,0.17,3.6,15.5,5.9,17.6,0.0,0.2,3.9,15.2,41.7,16.7,0.0,0.18,3.8,17.7,14.3,14.3,21.4,0.19,4.3,13.9,27.3,18.2,0.0,0.18,3.7,12.7,10.0,10.0,20.0,0.18,3.2,22.8,11.1,16.7,0.0,0.16,3.3,17.7,7.1,14.3,0.0,0.24,4.4,0.0,0.0,0.0,0.0,0.0,0.0,0.0,0.0,0.0,0.0,0.0,0.0,0.0,0.0,0.0,0.0,0.0,0.0,18.8,6.2,0.0,0.0,0.2,3.3,32.9,3.6,7.1,0.0,0.17,3.0,48.2,2.4,0.0,0.0,0.17,3.2
20260831,08,2,1800,4432,B1,埼玉,40.0,56.0,5.16,26.92,6.19,31.25,55,27.23,35,33.33,4925,A2,兵庫,33.0,53.0,5.81,34.82,6.48,48.0,47,34.09,73,45.0,5049,A2,大阪,31.0,55.0,6.31,46.88,6.5,54.55,53,36.82,43,30.77,3699,B1,埼玉,53.0,52.0,4.24,20.73,5.21,41.38,33,27.42,24,36.84,5073,A2,福岡,31.0,54.0,5.33,32.23,4.43,28.57,40,33.8,27,25.58,5425,B2,三重,24.0,56.0,1.36,0.0,1.0,0.0,32,29.58,77,36.96,17.6,33.3,38.1,4.8,0.14,2.5,15.1,22.2,38.9,0.0,0.16,2.6,16.0,10.5,26.3,36.8,0.17,2.7,16.0,10.5,21.1,21.1,0.16,2.9,23.5,3.6,10.7,25.0,0.15,3.0,11.8,7.1,0.0,0.0,0.18,4.4,18.9,66.7,9.5,9.5,0.15,2.8,15.3,47.1,29.4,0.0,0.15,3.2,16.2,11.1,16.7,22.2,0.15,3.2,17.1,5.3,5.3,21.1,0.15,3.6,15.3,11.8,11.8,11.8,0.16,3.5,17.1,5.3,26.3,0.0,0.17,3.4,14.4,61.5,23.1,15.4,0.18,2.9,13.3,33.3,16.7,16.7,0.18,3.5,14.4,23.1,23.1,15.4,0.18,3.7,16.7,6.7,6.7,40.0,0.18,3.6,18.9,11.8,23.5,29.4,0.19,4.0,22.2,5.0,0.0,0.0,0.22,4.5,12.0,11.1,33.3,0.0,0.15,3.9,21.3,12.5,6.2,18.8,0.18,3.7,16.0,16.7,25.0,0.0,0.19,3.9,20.0,20.0,13.3,6.7,0.17,3.2,9.3,14.3,0.0,0.0,0.17,4.4,21.3,31.2,0.0,0.0,0.23,4.4,19.8,52.4,19.0,9.5,0.19,3.4,18.9,15.0,30.0,25.0,0.18,3.8,16.0,17.6,23.5,0.0,0.22,4.5,14.2,13.3,33.3,0.0,0.16,3.7,14.2,6.7,40.0,0.0,0.17,4.3,17.0,33.3,0.0,0.0,0.19,4.5,0.0,0.0,0.0,0.0,0.0,0.0,0.0,0.0,0.0,0.0,0.0,0.0,0.0,0.0,0.0,0.0,0.0,0.0,0.0,0.0,0.0,0.0,0.0,0.0,1.7,0.0,0.0,0.0,0.17,5.0,98.3,0.0,0.0,0.0,0.27,5.1
20260831,08,3,1800,3605,B1,三重,54.0,54.0,4.15,18.95,3.94,15.63,39,39.05,58,39.53,4695,A2,長崎,40.0,54.0,5.4,40.38,4.3,21.74,50,33.95,76,34.78,4186,B1,埼玉,45.0,56.0,3.6,17.02,3.47,16.67,42,39.37,37,23.81,4239,A1,山口,42.0,53.0,6.48,51.35,0.0,0.0,3,44.2,42,21.05,3072,B1,東京,64.0,53.0,3.99,20.0,3.82,20.45,5,35.93,48,37.78,3811,A1,静岡,50.0,55.0,6.34,49.25,6.92,57.69,16,38.7,49,5.56,17.0,50.0,12.5,6.2,0.2,3.8,17.0,37.5,6.2,0.0,0.18,4.1,18.1,11.8,5.9,29.4,0.17,3.8,13.8,7.7,7.7,0.0,0.2,4.3,19.1,5.6,0.0,0.0,0.18,3.5,14.9,0.0,0.0,0.0,0.2,4.6,13.3,57.1,28.6,0.0,0.13,2.6,20.0,4.8,42.9,14.3,0.15,3.6,18.1,10.5,36.8,15.8,0.15,3.0,18.1,10.5,21.1,15.8,0.16,3.5,19.0,10.0,10.0,10.0,0.15,3.5,11.4,16.7,16.7,0.0,0.13,3.1,14.3,36.4,9.1,9.1,0.15,2.9,16.9,15.4,23.1,0.0,0.2,4.0,20.8,18.8,12.5,0.0,0.16,3.1,18.2,7.1,7.1,14.3,0.15,2.9,18.2,7.1,0.0,0.0,0.19,4.7,11.7,0.0,0.0,0.0,0.19,3.9,25.6,64.5,25.8,0.0,0.13,2.7,15.7,15.8,36.8,21.1,0.13,2.3,14.9,33.3,38.9,16.7,0.15,2.8,13.2,12.5,25.0,25.0,0.17,3.1,16.5,5.0,35.0,0.0,0.16,3.5,14.0,5.9,5.9,17.6,0.18,3.9,20.5,33.3,16.7,11.1,0.16,2.9,75.0,6.1,7.6,16.7,0.17,3.4,4.5,25.0,0.0,0.0,0.23,4.3,0.0,0.0,0.0,0.0,0.0,0.0,0.0,0.0,0.0,0.0,0.0,0.0,0.0,0.0,0.0,0.0,0.0,0.0,21.0,56.0,28.0,4.0,0.17,3.0,13.4,25.0,37.5,0.0,0.16,3.4,20.2,25.0,20.8,25.0,0.16,3.1,13.4,18.8,31.2,6.2,0.14,2.8,11.8,7.1,35.7,21.4,0.14,3.3,20.2,4.2,16.7,12.5,0.16,4.0
20260831,08,4,1800,4592,B1,山口,45.0,54.0,4.38,20.0,4.33,17.95,20,32.23,12,12.82,4608,A2,東京,36.0,56.0,5.89,40.43,5.94,38.89,28,31.08,75,42.55,5110,B1,静岡,26.0,51.0,4.88,29.27,4.31,16.33,8,34.36,31,14.29,5028,A1,福岡,29.0,51.0,7.23,59.03,6.33,42.86,59,40.64,47,36.36,4883,A2,東京,30.0,52.0,6.2,45.54,4.62,33.33,7,35.0,30,42.5,3708,B1,岡山,52.0,57.0,5.24,32.63,5.79,42.86,57,34.27,68,34.15,14.9,28.6,21.4,14.3,0.17,3.2,16.0,6.7,13.3,40.0,0.18,3.0,16.0,20.0,6.7,13.3,0.13,2.3,19.1,5.6,22.2,11.1,0.16,3.2,21.3,5.0,5.0,15.0,0.13,2.5,12.8,8.3,0.0,0.0,0.17,3.8,21.2,61.1,27.8,5.6,0.14,2.8,14.1,25.0,25.0,0.0,0.18,3.9,18.8,25.0,37.5,18.8,0.17,3.6,20.0,5.9,11.8,35.3,0.18,3.2,15.3,7.7,23.1,23.1,0.19,3.1,10.6,22.2,0.0,0.0,0.17,3.9,15.5,37.5,25.0,6.2,0.14,2.7,14.6,13.3,13.3,20.0,0.18,3.4,22.3,30.4,8.7,17.4,0.16,3.3,18.4,10.5,31.6,0.0,0.14,3.2,13.6,7.1,7.1,28.6,0.14,2.5,15.5,6.2,6.2,31.2,0.16,3.2,22.4,72.7,18.2,4.5,0.15,2.8,15.3,26.7,40.0,13.3,0.16,3.5,18.4,33.3,16.7,16.7,0.17,4.1,15.3,6.7,26.7,13.3,0.18,4.4,15.3,13.3,40.0,0.0,0.18,4.5,13.3,23.1,0.0,0.0,0.26,5.7,14.1,69.2,15.4,7.7,0.15,2.8,19.6,22.2,27.8,11.1,0.18,4.0,20.7,10.5,36.8,10.5,0.16,3.0,15.2,28.6,21.4,7.1,0.17,3.6,17.4,12.5,25.0,25.0,0.15,2.7,13.0,16.7,8.3,0.0,0.14,3.3,16.1,40.0,33.3,6.7,0.15,3.1,18.3,17.6,35.3,0.0,0.17,2.5,15.1,28.6,14.3,0.0,0.13,2.6,21.5,5.0,10.0,25.0,0.19,3.8,17.2,6.2,12.5,18.8,0.16,3.3,11.8,0.0,0.0,0.0,0.15,3.1
20260831,08,5,1800,3656,B1,東京,52.0,55.0,5.12,30.86,4.71,28.57,4,30.63,29,20.0,4441,A2,岡山,39.0,54.0,5.56,33.08,6.6,46.67,19,35.0,36,34.88,5158,A1,福岡,28.0,54.0,6.59,55.47,5.54,33.33,56,29.35,34,41.03,5383,B1,三重,21.0,53.0,2.47,1.35,1.53,0.0,58,32.39,56,28.0,3895,B2,愛知,50.0,45.0,4.0,17.86,3.56,14.29,31,40.36,13,25.53,4544,A1,福岡,38.0,52.0,7.63,59.82,6.81,59.26,10,42.67,72,31.11,20.2,35.3,41.2,11.8,0.2,4.3,11.9,40.0,20.0,0.0,0.13,3.6,16.7,14.3,14.3,0.0,0.17,3.7,16.7,14.3,28.6,0.0,0.16,3.4,15.5,7.7,7.7,38.5,0.18,4.2,19.0,6.2,6.2,18.8,0.24,4.6,20.6,48.1,29.6,7.4,0.12,2.4,14.5,42.1,26.3,15.8,0.12,2.5,18.3,20.8,20.8,33.3,0.16,2.8,17.6,13.0,47.8,0.0,0.13,3.3,14.5,15.8,10.5,10.5,0.16,2.7,14.5,5.3,10.5,36.8,0.14,3.3,20.3,80.0,4.0,8.0,0.13,2.5,19.5,29.2,12.5,20.8,0.17,3.5,16.3,40.0,25.0,15.0,0.15,3.2,13.8,47.1,23.5,5.9,0.18,3.6,12.2,26.7,13.3,0.0,0.17,3.3,17.9,4.5,13.6,18.2,0.16,3.8,0.0,0.0,0.0,0.0,0.0,0.0,0.0,0.0,0.0,0.0,0.0,0.0,0.0,0.0,0.0,0.0,0.0,0.0,18.8,6.2,0.0,0.0,0.2,3.3,32.9,3.6,7.1,0.0,0.17,3.0,48.2,2.4,0.0,0.0,0.17,3.2,14.0,14.3,42.9,14.3,0.21,4.0,18.0,11.1,11.1,22.2,0.2,3.4,20.0,10.0,30.0,0.0,0.18,3.4,16.0,12.5,0.0,0.0,0.14,3.3,20.0,20.0,10.0,0.0,0.14,2.1,12.0,0.0,0.0,0.0,0.18,3.7,27.8,75.0,9.1,4.5,0.15,2.4,17.1,33.3,37.0,14.8,0.16,3.6,13.3,23.8,33.3,9.5,0.17,3.8,12.7,50.0,15.0,20.0,0.12,2.0,17.1,14.8,33.3,25.9,0.17,3.7,12.0,10.5,21.1,36.8,0.18,4.1
20260831,08,6,1800,4467,A1,愛知,39.0,51.0,6.43,42.52,5.94,38.46,41,35.65,57,44.19,3587,B1,徳島,53.0,63.0,4.03,18.89,3.13,0.0,6,31.12,14,46.15,4248,B1,長崎,44.0,55.0,4.56,25.0,4.81,31.25,26,34.35,66,23.53,4401,A2,東京,41.0,53.0,5.66,40.59,6.18,46.43,21,34.09,39,50.0,3952,A1,埼玉,50.0,52.0,6.69,48.51,6.28,38.89,51,34.84,21,35.9,3718,B1,静岡,51.0,57.0,4.47,25.26,3.97,20.51,45,29.87,28,37.84,20.5,63.0,22.2,11.1,0.14,2.7,13.6,22.2,44.4,33.3,0.13,2.5,18.2,12.5,20.8,25.0,0.12,2.3,20.5,18.5,14.8,40.7,0.13,2.2,14.4,10.5,26.3,0.0,0.13,2.9,12.9,29.4,17.6,0.0,0.17,3.7,14.0,33.3,20.0,13.3,0.14,2.5,19.6,23.8,9.5,0.0,0.17,3.4,17.8,10.5,15.8,0.0,0.16,3.1,17.8,10.5,21.1,0.0,0.14,3.2,14.0,6.7,26.7,0.0,0.17,3.3,16.8,0.0,0.0,0.0,0.21,4.4,12.9,25.0,33.3,25.0,0.15,2.8,15.1,7.1,21.4,0.0,0.15,2.8,20.4,10.5,21.1,21.1,0.15,2.7,21.5,10.0,10.0,0.0,0.17,3.8,19.4,5.6,22.2,0.0,0.19,3.5,10.8,10.0,20.0,0.0,0.2,3.9,20.0,77.3,18.2,4.5,0.12,1.8,15.5,11.8,11.8,17.6,0.16,3.1,16.4,16.7,16.7,22.2,0.16,3.1,19.1,19.0,19.0,14.3,0.16,2.8,13.6,20.0,13.3,0.0,0.14,3.2,15.5,17.6,0.0,0.0,0.14,2.6,21.9,52.0,20.0,12.0,0.14,3.2,16.7,26.3,26.3,0.0,0.14,2.9,17.5,45.0,15.0,20.0,0.17,3.4,16.7,21.1,21.1,31.6,0.14,2.6,16.7,15.8,5.3,36.8,0.13,2.7,10.5,25.0,0.0,0.0,0.13,3.4,14.3,66.7,6.7,6.7,0.14,2.5,19.0,15.0,25.0,10.0,0.18,3.5,14.3,6.7,13.3,33.3,0.17,2.8,18.1,5.3,15.8,15.8,0.17,3.6,21.0,4.5,13.6,0.0,0.19,3.8,13.3,14.3,0.0,0.0,0.19,4.6
20260831,08,7,1800,3699,B1,埼玉,53.0,52.0,4.24,20.73,5.21,41.38,33,27.42,24,36.84,4677,A1,滋賀,38.0,54.0,6.07,47.71,7.06,50.0,29,33.77,60,48.78,3605,B1,三重,54.0,54.0,4.15,18.95,3.94,15.63,39,39.05,58,39.53,3448,B1,群馬,56.0,54.0,4.39,23.91,4.52,12.12,38,32.33,38,30.77,5375,B1,山口,22.0,54.0,2.73,1.96,0.0,0.0,9,41.89,54,21.05,4704,A1,徳島,38.0,52.0,6.55,48.61,5.94,34.38,25,29.69,64,31.71,12.0,11.1,33.3,0.0,0.15,3.9,21.3,12.5,6.2,18.8,0.18,3.7,16.0,16.7,25.0,0.0,0.19,3.9,20.0,20.0,13.3,6.7,0.17,3.2,9.3,14.3,0.0,0.0,0.17,4.4,21.3,31.2,0.0,0.0,0.23,4.4,21.9,57.1,14.3,19.0,0.15,2.6,14.6,14.3,28.6,28.6,0.17,3.6,17.7,17.6,29.4,41.2,0.14,3.2,15.6,40.0,20.0,0.0,0.13,2.1,18.8,16.7,16.7,27.8,0.17,3.3,11.5,27.3,27.3,0.0,0.18,4.1,17.0,50.0,12.5,6.2,0.2,3.8,17.0,37.5,6.2,0.0,0.18,4.1,18.1,11.8,5.9,29.4,0.17,3.8,13.8,7.7,7.7,0.0,0.2,4.3,19.1,5.6,0.0,0.0,0.18,3.5,14.9,0.0,0.0,0.0,0.2,4.6,16.7,46.7,20.0,26.7,0.17,3.4,16.7,13.3,13.3,20.0,0.18,4.7,17.8,18.8,31.2,0.0,0.2,3.9,17.8,12.5,6.2,0.0,0.19,3.6,17.8,6.2,6.2,6.2,0.21,4.1,13.3,8.3,25.0,0.0,0.19,3.8,0.0,0.0,0.0,0.0,0.0,0.0,0.0,0.0,0.0,0.0,0.0,0.0,0.0,0.0,0.0,0.0,0.0,0.0,17.9,20.0,0.0,0.0,0.17,3.3,35.7,3.3,10.0,0.0,0.19,3.6,46.4,7.7,5.1,0.0,0.19,4.2,18.8,74.1,14.8,3.7,0.14,2.6,18.1,15.4,23.1,11.5,0.14,3.0,17.4,20.0,28.0,16.0,0.12,2.2,16.7,12.5,33.3,25.0,0.14,2.9,13.9,25.0,35.0,0.0,0.15,3.1,15.3,4.5,27.3,13.6,0.14,3.0
20260831,08,8,1800,4695,A2,長崎,40.0,54.0,5.4,40.38,4.3,21.74,50,33.95,76,34.78,5028,A1,福岡,29.0,51.0,7.23,59.03,6.33,42.86,59,40.64,47,36.36,4200,B1,大阪,44.0,56.0,4.53,20.0,5.08,16.67,35,43.5,46,27.03,5425,B2,三重,24.0,56.0,1.36,0.0,1.0,0.0,32,29.58,77,36.96,4066,A2,三重,46.0,53.0,6.06,39.5,5.88,51.52,37,31.9,32,46.43,4203,B1,群馬,44.0,53.0,4.15,22.68,4.29,19.05,34,26.2,33,14.81,13.3,57.1,28.6,0.0,0.13,2.6,20.0,4.8,42.9,14.3,0.15,3.6,18.1,10.5,36.8,15.8,0.15,3.0,18.1,10.5,21.1,15.8,0.16,3.5,19.0,10.0,10.0,10.0,0.15,3.5,11.4,16.7,16.7,0.0,0.13,3.1,22.4,72.7,18.2,4.5,0.15,2.8,15.3,26.7,40.0,13.3,0.16,3.5,18.4,33.3,16.7,16.7,0.17,4.1,15.3,6.7,26.7,13.3,0.18,4.4,15.3,13.3,40.0,0.0,0.18,4.5,13.3,23.1,0.0,0.0,0.26,5.7,15.5,41.2,23.5,17.6,0.18,2.9,13.6,13.3,6.7,13.3,0.21,3.9,19.1,4.8,19.0,14.3,0.19,3.3,20.9,4.3,8.7,13.0,0.17,3.1,15.5,17.6,5.9,0.0,0.17,3.6,15.5,5.9,17.6,0.0,0.2,3.9,0.0,0.0,0.0,0.0,0.0,0.0,0.0,0.0,0.0,0.0,0.0,0.0,0.0,0.0,0.0,0.0,0.0,0.0,0.0,0.0,0.0,0.0,0.0,0.0,1.7,0.0,0.0,0.0,0.17,5.0,98.3,0.0,0.0,0.0,0.27,5.1,19.3,66.7,14.3,9.5,0.17,3.0,15.6,11.8,29.4,29.4,0.17,4.2,17.4,5.3,31.6,15.8,0.19,3.5,15.6,11.8,41.2,0.0,0.19,4.1,19.3,9.5,9.5,28.6,0.17,3.7,12.8,7.1,7.1,42.9,0.17,4.3,15.2,26.7,20.0,13.3,0.13,1.9,17.2,5.9,11.8,23.5,0.17,3.4,15.2,20.0,26.7,0.0,0.14,2.3,16.2,12.5,25.0,0.0,0.11,2.6,20.2,15.0,5.0,5.0,0.15,3.0,16.2,12.5,18.8,0.0,0.16,3.9
20260831,08,9,1800,5073,A2,福岡,31.0,54.0,5.33,32.23,4.43,28.57,40,33.8,27,25.58,5158,A1,福岡,28.0,54.0,6.59,55.47,5.54,33.33,56,29.35,34,41.03,3842,B1,三重,50.0,54.0,4.81,28.41,5.49,35.9,1,35.35,69,26.09,5467,B2,大阪,19.0,50.0,2.28,0.0,0.0,0.0,14,48.15,71,43.9,4186,B1,埼玉,45.0,56.0,3.6,17.02,3.47,16.67,42,39.37,37,23.81,4608,A2,東京,36.0,56.0,5.89,40.43,5.94,38.89,28,31.08,75,42.55,19.8,52.4,19.0,9.5,0.19,3.4,18.9,15.0,30.0,25.0,0.18,3.8,16.0,17.6,23.5,0.0,0.22,4.5,14.2,13.3,33.3,0.0,0.16,3.7,14.2,6.7,40.0,0.0,0.17,4.3,17.0,33.3,0.0,0.0,0.19,4.5,20.3,80.0,4.0,8.0,0.13,2.5,19.5,29.2,12.5,20.8,0.17,3.5,16.3,40.0,25.0,15.0,0.15,3.2,13.8,47.1,23.5,5.9,0.18,3.6,12.2,26.7,13.3,0.0,0.17,3.3,17.9,4.5,13.6,18.2,0.16,3.8,15.2,41.7,16.7,0.0,0.18,3.8,17.7,14.3,14.3,21.4,0.19,4.3,13.9,27.3,18.2,0.0,0.18,3.7,12.7,10.0,10.0,20.0,0.18,3.2,22.8,11.1,16.7,0.0,0.16,3.3,17.7,7.1,14.3,0.0,0.24,4.4,0.0,0.0,0.0,0.0,0.0,0.0,0.0,0.0,0.0,0.0,0.0,0.0,0.0,0.0,0.0,0.0,0.0,0.0,0.0,0.0,0.0,0.0,0.0,0.0,0.0,0.0,0.0,0.0,0.0,0.0,0.0,0.0,0.0,0.0,0.0,0.0,14.3,36.4,9.1,9.1,0.15,2.9,16.9,15.4,23.1,0.0,0.2,4.0,20.8,18.8,12.5,0.0,0.16,3.1,18.2,7.1,7.1,14.3,0.15,2.9,18.2,7.1,0.0,0.0,0.19,4.7,11.7,0.0,0.0,0.0,0.19,3.9,21.2,61.1,27.8,5.6,0.14,2.8,14.1,25.0,25.0,0.0,0.18,3.9,18.8,25.0,37.5,18.8,0.17,3.6,20.0,5.9,11.8,35.3,0.18,3.2,15.3,7.7,23.1,23.1,0.19,3.1,10.6,22.2,0.0,0.0,0.17,3.9
20260831,08,10,1800,4401,A2,東京,41.0,53.0,5.66,40.59,6.18,46.43,21,34.09,39,50.0,4626,B1,愛知,40.0,52.0,4.19,25.32,4.99,30.88,11,24.75,78,46.81,3072,B1,東京,64.0,53.0,3.99,20.0,3.82,20.45,5,35.93,48,37.78,4544,A1,福岡,38.0,52.0,7.63,59.82,6.81,59.26,10,42.67,72,31.11,4925,A2,兵庫,33.0,53.0,5.81,34.82,6.48,48.0,47,34.09,73,45.0,5110,B1,静岡,26.0,51.0,4.88,29.27,4.31,16.33,8,34.36,31,14.29,20.0,77.3,18.2,4.5,0.12,1.8,15.5,11.8,11.8,17.6,0.16,3.1,16.4,16.7,16.7,22.2,0.16,3.1,19.1,19.0,19.0,14.3,0.16,2.8,13.6,20.0,13.3,0.0,0.14,3.2,15.5,17.6,0.0,0.0,0.14,2.6,12.7,30.0,20.0,0.0,0.21,3.2,20.3,18.8,18.8,0.0,0.22,4.8,15.2,25.0,16.7,25.0,0.2,3.9,16.5,15.4,23.1,0.0,0.23,4.9,19.0,6.7,20.0,33.3,0.23,4.4,16.5,7.7,15.4,0.0,0.24,5.2,20.5,33.3,16.7,11.1,0.16,2.9,75.0,6.1,7.6,16.7,0.17,3.4,4.5,25.0,0.0,0.0,0.23,4.3,0.0,0.0,0.0,0.0,0.0,0.0,0.0,0.0,0.0,0.0,0.0,0.0,0.0,0.0,0.0,0.0,0.0,0.0,27.8,75.0,9.1,4.5,0.15,2.4,17.1,33.3,37.0,14.8,0.16,3.6,13.3,23.8,33.3,9.5,0.17,3.8,12.7,50.0,15.0,20.0,0.12,2.0,17.1,14.8,33.3,25.9,0.17,3.7,12.0,10.5,21.1,36.8,0.18,4.1,18.9,66.7,9.5,9.5,0.15,2.8,15.3,47.1,29.4,0.0,0.15,3.2,16.2,11.1,16.7,22.2,0.15,3.2,17.1,5.3,5.3,21.1,0.15,3.6,15.3,11.8,11.8,11.8,0.16,3.5,17.1,5.3,26.3,0.0,0.17,3.4,15.5,37.5,25.0,6.2,0.14,2.7,14.6,13.3,13.3,20.0,0.18,3.4,22.3,30.4,8.7,17.4,0.16,3.3,18.4,10.5,31.6,0.0,0.14,3.2,13.6,7.1,7.1,28.6,0.14,2.5,15.5,6.2,6.2,31.2,0.16,3.2
20260831,08,11,1800,4239,A1,山口,42.0,53.0,6.48,51.35,0.0,0.0,3,44.2,42,21.05,4704,A1,徳島,38.0,52.0,6.55,48.61,5.94,34.38,25,29.69,64,31.71,4432,B1,埼玉,40.0,56.0,5.16,26.92,6.19,31.25,55,27.23,35,33.33,4883,A2,東京,30.0,52.0,6.2,45.54,4.62,33.33,7,35.0,30,42.5,4254,A2,滋賀,43.0,52.0,5.83,38.33,6.51,51.43,48,21.67,70,16.22,4441,A2,岡山,39.0,54.0,5.56,33.08,6.6,46.67,19,35.0,36,34.88,25.6,64.5,25.8,0.0,0.13,2.7,15.7,15.8,36.8,21.1,0.13,2.3,14.9,33.3,38.9,16.7,0.15,2.8,13.2,12.5,25.0,25.0,0.17,3.1,16.5,5.0,35.0,0.0,0.16,3.5,14.0,5.9,5.9,17.6,0.18,3.9,18.8,74.1,14.8,3.7,0.14,2.6,18.1,15.4,23.1,11.5,0.14,3.0,17.4,20.0,28.0,16.0,0.12,2.2,16.7,12.5,33.3,25.0,0.14,2.9,13.9,25.0,35.0,0.0,0.15,3.1,15.3,4.5,27.3,13.6,0.14,3.0,17.6,33.3,38.1,4.8,0.14,2.5,15.1,22.2,38.9,0.0,0.16,2.6,16.0,10.5,26.3,36.8,0.17,2.7,16.0,10.5,21.1,21.1,0.16,2.9,23.5,3.6,10.7,25.0,0.15,3.0,11.8,7.1,0.0,0.0,0.18,4.4,14.1,69.2,15.4,7.7,0.15,2.8,19.6,22.2,27.8,11.1,0.18,4.0,20.7,10.5,36.8,10.5,0.16,3.0,15.2,28.6,21.4,7.1,0.17,3.6,17.4,12.5,25.0,25.0,0.15,2.7,13.0,16.7,8.3,0.0,0.14,3.3,19.4,60.0,20.0,0.0,0.11,1.9,12.6,7.7,15.4,38.5,0.12,2.5,17.5,22.2,16.7,22.2,0.15,1.8,16.5,23.5,23.5,0.0,0.13,2.4,16.5,11.8,11.8,11.8,0.17,2.9,17.5,33.3,0.0,0.0,0.19,4.3,20.6,48.1,29.6,7.4,0.12,2.4,14.5,42.1,26.3,15.8,0.12,2.5,18.3,20.8,20.8,33.3,0.16,2.8,17.6,13.0,47.8,0.0,0.13,3.3,14.5,15.8,10.5,10.5,0.16,2.7,14.5,5.3,10.5,36.8,0.14,3.3
20260831,08,12,1800,3952,A1,埼玉,50.0,52.0,6.69,48.51,6.28,38.89,51,34.84,21,35.9,3811,A1,静岡,50.0,55.0,6.34,49.25,6.92,57.69,16,38.7,49,5.56,4375,A2,兵庫,42.0,51.0,5.7,37.6,6.5,53.85,30,42.99,25,32.56,4906,A2,東京,31.0,54.0,5.47,34.69,6.02,37.78,12,40.55,52,25.0,3656,B1,東京,52.0,55.0,5.12,30.86,4.71,28.57,4,30.63,29,20.0,4677,A1,滋賀,38.0,54.0,6.07,47.71,7.06,50.0,29,33.77,60,48.78,21.9,52.0,20.0,12.0,0.14,3.2,16.7,26.3,26.3,0.0,0.14,2.9,17.5,45.0,15.0,20.0,0.17,3.4,16.7,21.1,21.1,31.6,0.14,2.6,16.7,15.8,5.3,36.8,0.13,2.7,10.5,25.0,0.0,0.0,0.13,3.4,21.0,56.0,28.0,4.0,0.17,3.0,13.4,25.0,37.5,0.0,0.16,3.4,20.2,25.0,20.8,25.0,0.16,3.1,13.4,18.8,31.2,6.2,0.14,2.8,11.8,7.1,35.7,21.4,0.14,3.3,20.2,4.2,16.7,12.5,0.16,4.0,19.8,60.0,28.0,4.0,0.17,3.3,11.9,6.7,33.3,20.0,0.16,3.7,19.8,24.0,40.0,16.0,0.15,2.7,14.3,16.7,22.2,5.6,0.17,3.3,19.0,8.3,12.5,37.5,0.16,3.3,15.1,10.5,26.3,0.0,0.2,4.2,14.3,38.5,38.5,15.4,0.18,4.2,17.6,18.8,18.8,12.5,0.18,4.2,15.4,14.3,42.9,28.6,0.15,3.6,16.5,20.0,13.3,20.0,0.15,3.2,19.8,11.1,16.7,27.8,0.18,3.5,16.5,13.3,33.3,0.0,0.21,4.4,20.2,35.3,41.2,11.8,0.2,4.3,11.9,40.0,20.0,0.0,0.13,3.6,16.7,14.3,14.3,0.0,0.17,3.7,16.7,14.3,28.6,0.0,0.16,3.4,15.5,7.7,7.7,38.5,0.18,4.2,19.0,6.2,6.2,18.8,0.24,4.6,21.9,57.1,14.3,19.0,0.15,2.6,14.6,14.3,28.6,28.6,0.17,3.6,17.7,17.6,29.4,41.2,0.14,3.2,15.6,40.0,20.0,0.0,0.13,2.1,18.8,16.7,16.7,27.8,0.17,3.3,11.5,27.3,27.3,0.0,0.18,4.1
20260831,07,1,1800,3268,B1,三重,61.0,53.0,4.59,27.83,4.65,24.64,52,50.0,67,14.29,4201,B1,埼玉,44.0,54.0,4.13,18.85,4.53,15.79,11,11.11,68,25.0,4839,A2,徳島,36.0,53.0,6.15,45.65,3.71,28.57,22,11.11,14,40.0,3627,A2,福岡,57.0,53.0,4.68,30.43,4.96,28.0,74,14.29,69,50.0,3922,B1,愛知,51.0,50.0,3.63,15.38,4.63,31.58,69,0.0,75,57.14,5455,B2,群馬,20.0,54.0,1.5,0.0,0.0,0.0,50,22.22,60,28.57,14.6,50.0,21.4,7.1,0.15,3.4,24.0,4.3,8.7,17.4,0.16,3.7,25.0,20.8,12.5,0.0,0.17,3.4,20.8,5.0,5.0,20.0,0.18,3.8,13.5,7.7,7.7,0.0,0.15,4.4,2.1,0.0,0.0,0.0,0.17,4.0,13.6,22.2,11.1,0.0,0.21,3.9,24.2,6.2,12.5,25.0,0.2,3.6,12.1,12.5,0.0,0.0,0.19,3.6,19.7,15.4,15.4,0.0,0.14,3.0,18.2,8.3,8.3,16.7,0.17,3.4,12.1,12.5,0.0,0.0,0.2,4.6,20.0,50.0,15.0,0.0,0.13,2.7,19.0,26.3,26.3,21.1,0.13,2.4,15.0,13.3,33.3,13.3,0.16,3.0,15.0,6.7,26.7,26.7,0.15,2.6,18.0,11.1,27.8,0.0,0.19,3.7,13.0,7.7,30.8,0.0,0.14,3.7,17.1,52.6,31.6,5.3,0.14,2.8,19.8,4.5,13.6,36.4,0.2,3.8,20.7,8.7,30.4,13.0,0.19,3.7,26.1,17.2,17.2,6.9,0.18,3.1,12.6,7.1,7.1,0.0,0.18,3.4,3.6,50.0,0.0,0.0,0.23,4.8,13.1,14.3,28.6,14.3,0.19,3.7,22.4,4.2,12.5,20.8,0.19,4.0,16.8,5.6,16.7,16.7,0.16,3.3,18.7,10.0,20.0,15.0,0.17,3.5,20.6,9.1,0.0,0.0,0.2,3.1,8.4,11.1,0.0,0.0,0.26,4.2,0.0,0.0,0.0,0.0,0.0,0.0,0.0,0.0,0.0,0.0,0.0,0.0,0.0,0.0,0.0,0.0,0.0,0.0,0.0,0.0,0.0,0.0,0.0,0.0,0.0,0.0,0.0,0.0,0.0,0.0,0.0,0.0,0.0,0.0,0.0,0.0
20260831,07,2,1800,4216,B1,静岡,41.0,54.0,4.79,25.23,4.51,25.53,16,72.73,64,0.0,4009,A2,山口,47.0,57.0,5.76,40.59,4.96,26.32,14,70.0,74,33.33,5009,A2,福岡,29.0,56.0,5.51,38.1,3.53,5.88,37,16.67,11,20.0,3567,B1,山口,56.0,56.0,3.18,16.42,2.79,7.14,71,28.57,70,0.0,3392,B1,三重,61.0,51.0,4.41,18.45,3.92,16.67,55,0.0,26,90.91,4514,A1,大阪,36.0,53.0,6.63,54.23,6.61,55.26,43,42.86,25,30.0,20.4,56.5,30.4,4.3,0.11,1.5,13.3,26.7,20.0,0.0,0.15,2.3,17.7,15.0,35.0,0.0,0.16,2.6,15.0,5.9,23.5,23.5,0.15,2.7,17.7,20.0,15.0,0.0,0.18,3.1,15.9,16.7,0.0,0.0,0.17,3.6,21.2,66.7,4.8,19.0,0.12,1.6,17.2,5.9,17.6,23.5,0.12,1.9,16.2,12.5,12.5,31.2,0.12,2.3,21.2,14.3,9.5,33.3,0.13,2.7,12.1,8.3,8.3,16.7,0.13,2.1,12.1,16.7,0.0,0.0,0.14,3.5,17.5,61.9,23.8,4.8,0.16,2.6,15.8,26.3,15.8,21.1,0.14,3.1,22.5,11.1,33.3,18.5,0.18,3.2,11.7,14.3,7.1,42.9,0.15,4.1,17.5,23.8,4.8,0.0,0.14,3.7,15.0,5.6,5.6,0.0,0.19,4.2,12.1,12.5,25.0,0.0,0.15,3.4,21.2,7.1,14.3,21.4,0.22,3.4,15.2,30.0,10.0,0.0,0.17,4.1,16.7,9.1,0.0,0.0,0.13,3.1,19.7,7.7,0.0,0.0,0.19,4.2,15.2,0.0,0.0,0.0,0.19,4.2,19.1,27.8,16.7,33.3,0.17,3.9,14.9,7.1,21.4,14.3,0.23,5.0,20.2,5.3,26.3,21.1,0.18,4.0,10.6,10.0,0.0,0.0,0.21,3.6,18.1,5.9,5.9,0.0,0.22,4.8,17.0,12.5,0.0,0.0,0.24,4.7,23.1,74.2,12.9,6.5,0.16,3.2,17.9,20.8,29.2,4.2,0.2,4.3,17.9,33.3,25.0,20.8,0.19,3.6,16.4,18.2,22.7,36.4,0.21,4.1,11.2,26.7,13.3,0.0,0.19,3.9,13.4,11.1,33.3,0.0,0.2,4.5
20260831,07,3,1800,4451,A2,福岡,38.0,53.0,6.28,47.06,5.63,41.67,39,28.57,15,11.11,3973,B1,群馬,50.0,54.0,4.61,27.27,3.56,7.41,12,30.0,57,33.33,3793,B1,埼玉,53.0,58.0,4.14,24.24,4.35,23.53,15,22.22,28,11.11,3748,B1,埼玉,51.0,56.0,3.96,12.16,4.0,11.76,75,0.0,23,72.73,4218,A1,滋賀,45.0,52.0,6.36,49.12,6.69,51.92,41,0.0,19,0.0,3777,A2,長崎,51.0,51.0,5.38,33.93,6.2,46.67,20,11.11,13,0.0,22.9,63.6,27.3,3.0,0.14,2.3,15.3,22.7,18.2,36.4,0.14,2.5,18.1,3.8,30.8,15.4,0.17,2.5,18.1,26.9,34.6,0.0,0.14,2.7,15.3,13.6,9.1,0.0,0.19,3.7,10.4,6.7,13.3,20.0,0.18,4.3,15.0,20.0,20.0,6.7,0.21,3.9,19.0,5.3,15.8,15.8,0.2,3.9,17.0,5.9,29.4,11.8,0.19,3.8,18.0,5.6,5.6,11.1,0.22,3.9,17.0,11.8,0.0,0.0,0.24,4.1,14.0,7.1,7.1,0.0,0.19,4.4,15.4,30.0,20.0,40.0,0.15,2.9,20.0,23.1,15.4,23.1,0.17,3.0,10.8,28.6,14.3,0.0,0.09,2.6,16.9,18.2,9.1,0.0,0.17,2.7,16.9,18.2,27.3,0.0,0.17,3.1,20.0,7.7,0.0,0.0,0.16,3.8,11.5,25.0,25.0,25.0,0.13,1.9,22.1,4.3,21.7,26.1,0.16,3.5,19.2,5.0,15.0,30.0,0.18,3.3,11.5,8.3,0.0,0.0,0.15,3.1,21.2,9.1,13.6,0.0,0.15,3.5,14.4,6.7,6.7,0.0,0.19,4.1,19.9,66.7,20.0,6.7,0.14,2.6,22.5,20.6,38.2,29.4,0.15,3.2,19.9,13.3,33.3,23.3,0.14,2.5,22.5,11.8,32.4,17.6,0.16,3.2,13.9,28.6,23.8,0.0,0.18,3.7,1.3,50.0,0.0,0.0,0.25,6.0,21.7,56.7,23.3,13.3,0.17,3.1,15.9,27.3,18.2,13.6,0.15,2.8,18.1,12.0,32.0,16.0,0.17,3.0,10.9,20.0,13.3,13.3,0.16,3.1,17.4,20.8,12.5,12.5,0.15,3.5,15.9,13.6,9.1,4.5,0.21,4.2
20260831,07,4,1800,5299,A2,香川,23.0,53.0,6.05,44.76,2.86,0.0,17,11.11,66,71.43,4793,A2,静岡,36.0,51.0,6.47,48.31,5.38,38.46,36,16.67,22,11.11,4818,B2,東京,35.0,57.0,2.53,12.5,5.45,27.27,67,55.56,20,40.0,5139,A1,愛知,26.0,51.0,6.69,53.85,5.68,38.71,48,36.36,58,42.86,4090,B2,埼玉,45.0,55.0,5.98,46.67,6.65,57.41,19,11.11,77,57.14,4727,B1,福岡,39.0,55.0,4.28,17.5,4.09,18.18,33,66.67,29,11.11,13.7,62.5,31.2,6.2,0.17,3.2,17.1,25.0,20.0,10.0,0.16,3.6,16.2,10.5,26.3,5.3,0.15,2.6,22.2,23.1,15.4,15.4,0.17,2.9,17.9,19.0,19.0,0.0,0.13,3.0,12.8,13.3,13.3,0.0,0.11,2.8,18.5,54.5,13.6,18.2,0.13,1.9,17.6,28.6,42.9,4.8,0.16,2.9,15.1,33.3,27.8,16.7,0.13,2.8,17.6,14.3,4.8,28.6,0.14,2.6,16.8,10.0,20.0,30.0,0.14,2.7,14.3,5.9,17.6,17.6,0.13,2.7,3.4,100.0,0.0,0.0,0.12,1.0,0.0,0.0,0.0,0.0,0.0,0.0,6.9,50.0,0.0,0.0,0.18,2.5,13.8,25.0,0.0,0.0,0.06,1.0,20.7,16.7,0.0,0.0,0.14,2.8,55.2,6.2,18.8,0.0,0.13,2.6,18.7,65.2,13.0,0.0,0.17,2.7,17.1,38.1,28.6,14.3,0.15,2.4,22.8,28.6,25.0,25.0,0.14,2.7,13.8,17.6,23.5,0.0,0.16,2.8,15.4,10.5,10.5,15.8,0.19,3.7,12.2,6.7,20.0,6.7,0.15,2.7,19.3,50.0,18.8,0.0,0.11,2.0,15.7,15.4,46.2,15.4,0.15,3.5,12.0,40.0,50.0,0.0,0.14,2.9,9.6,12.5,25.0,25.0,0.18,3.8,19.3,18.8,12.5,0.0,0.16,3.3,24.1,5.0,10.0,15.0,0.22,4.7,11.2,20.0,40.0,0.0,0.15,2.4,18.0,6.2,37.5,6.2,0.15,3.6,20.2,22.2,27.8,0.0,0.14,2.6,18.0,6.2,6.2,18.8,0.17,3.4,21.3,5.3,5.3,15.8,0.16,3.9,11.2,20.0,0.0,0.0,0.15,2.9
20260831,07,5,1800,3813,A1,愛知,50.0,54.0,6.66,48.25,6.11,41.18,73,0.0,61,14.29,4779,B1,東京,40.0,52.0,5.33,28.43,4.74,25.93,77,71.43,73,42.86,3297,B1,福岡,59.0,49.0,4.79,24.53,5.47,30.0,46,22.22,41,6.67,4834,A2,大阪,38.0,51.0,5.43,36.17,5.86,31.43,18,22.22,31,22.22,3827,B1,群馬,53.0,52.0,4.07,13.4,4.64,25.0,21,20.0,72,50.0,4503,A1,佐賀,38.0,52.0,8.08,63.16,7.57,57.14,53,30.0,17,22.22,22.6,61.3,12.9,16.1,0.12,2.8,16.8,21.7,39.1,8.7,0.15,4.0,19.7,25.9,22.2,25.9,0.18,3.7,11.7,6.2,31.2,25.0,0.18,4.1,17.5,8.3,16.7,41.7,0.16,3.4,11.7,6.2,6.2,0.0,0.21,5.2,16.0,53.3,33.3,0.0,0.16,2.5,17.0,25.0,31.2,0.0,0.18,3.6,16.0,20.0,26.7,0.0,0.18,3.6,19.1,5.6,16.7,33.3,0.19,3.6,19.1,11.1,16.7,0.0,0.16,2.9,12.8,16.7,0.0,0.0,0.21,4.2,15.0,25.0,16.7,16.7,0.2,3.7,30.0,8.3,12.5,25.0,0.22,4.7,25.0,20.0,15.0,0.0,0.21,3.8,23.8,5.3,0.0,0.0,0.22,5.0,5.0,25.0,50.0,0.0,0.17,4.0,1.2,0.0,0.0,0.0,0.32,6.0,19.4,65.4,15.4,7.7,0.13,2.9,14.2,15.8,15.8,26.3,0.15,3.2,17.2,8.7,17.4,26.1,0.14,3.1,19.4,23.1,19.2,19.2,0.15,2.8,14.9,5.0,10.0,40.0,0.16,2.9,14.9,5.0,20.0,0.0,0.16,3.7,16.0,20.0,20.0,20.0,0.17,3.3,16.0,33.3,13.3,0.0,0.2,4.0,17.0,6.2,50.0,0.0,0.16,2.7,19.1,5.6,0.0,0.0,0.16,3.3,18.1,5.9,5.9,17.6,0.19,3.7,13.8,0.0,0.0,0.0,0.16,4.4,21.4,85.2,11.1,0.0,0.1,2.0,15.1,10.5,21.1,15.8,0.11,2.1,12.7,25.0,37.5,6.2,0.1,2.1,19.0,12.5,37.5,12.5,0.12,2.0,18.3,17.4,34.8,21.7,0.12,2.3,13.5,11.8,5.9,0.0,0.12,3.2
20260831,07,6,1800,4928,A1,東京,31.0,52.0,6.6,49.17,7.17,50.0,49,54.55,21,33.33,3567,B1,山口,56.0,56.0,3.18,16.42,2.79,7.14,71,28.57,70,0.0,4788,A2,大阪,37.0,54.0,5.31,31.09,6.52,42.86,40,50.0,76,16.67,4812,A1,徳島,36.0,51.0,7.63,61.8,6.74,44.44,68,33.33,27,30.0,3714,B1,福岡,51.0,56.0,4.39,25.81,5.58,35.0,45,0.0,18,30.0,5455,B2,群馬,20.0,54.0,1.5,0.0,0.0,0.0,50,22.22,60,28.57,18.6,52.4,33.3,4.8,0.15,3.4,16.8,10.5,26.3,5.3,0.16,4.2,20.4,39.1,13.0,17.4,0.14,2.8,20.4,30.4,30.4,17.4,0.12,2.0,10.6,16.7,25.0,0.0,0.15,3.0,13.3,6.7,6.7,20.0,0.17,3.9,12.1,12.5,25.0,0.0,0.15,3.4,21.2,7.1,14.3,21.4,0.22,3.4,15.2,30.0,10.0,0.0,0.17,4.1,16.7,9.1,0.0,0.0,0.13,3.1,19.7,7.7,0.0,0.0,0.19,4.2,15.2,0.0,0.0,0.0,0.19,4.2,18.9,54.2,16.7,12.5,0.15,3.1,19.7,8.0,36.0,16.0,0.15,3.4,15.0,10.5,26.3,26.3,0.14,2.8,18.9,12.5,16.7,25.0,0.18,3.0,18.9,8.3,16.7,58.3,0.15,3.1,8.7,9.1,27.3,0.0,0.19,4.2,21.5,76.9,3.8,7.7,0.13,2.0,16.5,35.0,35.0,10.0,0.14,2.5,15.7,26.3,21.1,26.3,0.15,3.2,15.7,21.1,15.8,31.6,0.12,2.2,14.9,11.1,38.9,11.1,0.16,2.4,15.7,10.5,36.8,0.0,0.15,3.6,14.0,35.7,14.3,21.4,0.17,2.9,17.0,29.4,5.9,0.0,0.15,2.6,20.0,10.0,10.0,45.0,0.15,2.8,20.0,10.0,15.0,0.0,0.13,3.1,16.0,31.2,0.0,0.0,0.17,3.4,13.0,15.4,0.0,0.0,0.21,3.8,0.0,0.0,0.0,0.0,0.0,0.0,0.0,0.0,0.0,0.0,0.0,0.0,0.0,0.0,0.0,0.0,0.0,0.0,0.0,0.0,0.0,0.0,0.0,0.0,0.0,0.0,0.0,0.0,0.0,0.0,0.0,0.0,0.0,0.0,0.0,0.0
20260831,07,7,1800,3997,A1,大阪,47.0,53.0,6.04,38.35,7.71,60.71,34,28.57,63,16.67,3572,B1,兵庫,54.0,54.0,5.23,32.2,5.25,37.5,70,50.0,12,44.44,3713,A1,愛知,51.0,54.0,5.41,40.19,5.98,44.83,56,44.44,59,12.5,4761,A2,滋賀,36.0,53.0,5.82,36.15,6.2,40.0,76,50.0,32,11.11,4766,B1,群馬,35.0,55.0,4.27,19.77,4.47,26.32,51,11.11,30,22.22,5404,B1,山口,22.0,54.0,2.28,3.75,0.0,0.0,38,16.67,38,18.75,22.8,70.6,11.8,5.9,0.15,2.3,17.4,11.5,46.2,19.2,0.17,3.5,16.8,24.0,16.0,32.0,0.15,3.0,15.4,17.4,13.0,34.8,0.17,3.7,16.8,4.0,16.0,32.0,0.17,3.6,10.7,6.2,37.5,0.0,0.17,4.7,18.7,36.0,20.0,8.0,0.17,3.6,17.9,20.8,20.8,0.0,0.2,4.1,16.4,4.5,22.7,18.2,0.17,3.4,19.4,7.7,7.7,26.9,0.24,4.3,14.9,15.0,0.0,0.0,0.22,4.6,12.7,0.0,0.0,0.0,0.22,5.5,18.2,59.1,27.3,4.5,0.14,2.5,16.5,15.0,30.0,15.0,0.16,2.9,19.0,21.7,26.1,21.7,0.15,3.2,17.4,23.8,38.1,19.0,0.14,2.1,15.7,5.3,15.8,21.1,0.14,2.7,13.2,6.2,25.0,0.0,0.16,3.1,23.2,65.6,12.5,9.4,0.14,2.5,10.9,20.0,13.3,33.3,0.14,2.5,21.0,6.9,27.6,34.5,0.13,2.1,14.5,15.0,20.0,5.0,0.17,2.7,13.0,5.6,5.6,16.7,0.13,2.8,17.4,8.3,20.8,0.0,0.15,2.6,13.1,27.3,27.3,27.3,0.17,3.1,15.5,7.7,7.7,15.4,0.14,3.7,15.5,23.1,7.7,15.4,0.13,2.4,16.7,28.6,21.4,14.3,0.13,1.7,20.2,17.6,11.8,0.0,0.15,3.3,19.0,6.2,12.5,0.0,0.1,2.5,0.0,0.0,0.0,0.0,0.0,0.0,0.0,0.0,0.0,0.0,0.0,0.0,0.0,0.0,0.0,0.0,0.0,0.0,1.3,0.0,0.0,0.0,0.17,6.0,3.9,0.0,0.0,0.0,0.24,3.7,94.7,2.8,8.3,0.0,0.2,4.7
20260831,07,8,1800,3627,A2,福岡,57.0,53.0,4.68,30.43,4.96,28.0,74,14.29,69,50.0,5011,B1,長崎,29.0,53.0,4.03,20.2,3.08,8.33,47,72.73,24,40.0,3748,B1,埼玉,51.0,56.0,3.96,12.16,4.0,11.76,75,0.0,23,72.73,5339,B1,香川,26.0,50.0,4.9,31.25,0.0,0.0,72,0.0,16,22.22,4002,A1,兵庫,48.0,53.0,6.5,48.74,0.0,0.0,54,22.22,62,40.0,5042,A1,埼玉,27.0,53.0,6.55,51.06,7.23,46.67,35,28.57,71,42.86,17.1,52.6,31.6,5.3,0.14,2.8,19.8,4.5,13.6,36.4,0.2,3.8,20.7,8.7,30.4,13.0,0.19,3.7,26.1,17.2,17.2,6.9,0.18,3.1,12.6,7.1,7.1,0.0,0.18,3.4,3.6,50.0,0.0,0.0,0.23,4.8,12.6,27.3,27.3,18.2,0.14,2.6,18.4,12.5,12.5,0.0,0.14,3.6,18.4,25.0,18.8,0.0,0.15,3.2,19.5,5.9,11.8,0.0,0.14,2.6,14.9,7.7,0.0,0.0,0.16,2.9,16.1,7.1,7.1,0.0,0.18,3.7,11.5,25.0,25.0,25.0,0.13,1.9,22.1,4.3,21.7,26.1,0.16,3.5,19.2,5.0,15.0,30.0,0.18,3.3,11.5,8.3,0.0,0.0,0.15,3.1,21.2,9.1,13.6,0.0,0.15,3.5,14.4,6.7,6.7,0.0,0.19,4.1,13.8,8.3,25.0,0.0,0.22,5.0,17.2,13.3,26.7,20.0,0.21,4.0,12.6,27.3,9.1,54.5,0.18,3.1,14.9,23.1,15.4,23.1,0.15,2.1,25.3,9.1,27.3,13.6,0.17,3.1,16.1,7.1,7.1,14.3,0.2,4.6,20.6,68.2,9.1,9.1,0.14,2.8,15.9,11.8,29.4,29.4,0.14,3.4,21.5,26.1,21.7,8.7,0.12,2.9,18.7,35.0,10.0,15.0,0.13,3.1,15.9,5.9,11.8,11.8,0.15,2.7,7.5,12.5,37.5,0.0,0.14,3.4,20.6,76.2,19.0,0.0,0.12,2.6,17.6,5.6,38.9,16.7,0.1,2.5,13.7,28.6,28.6,0.0,0.11,2.1,18.6,15.8,5.3,47.4,0.11,2.7,16.7,17.6,11.8,11.8,0.09,2.9,12.7,15.4,0.0,0.0,0.2,4.6
20260831,07,9,1800,4090,B2,埼玉,45.0,55.0,5.98,46.67,6.65,57.41,19,11.11,77,57.14,4451,A2,福岡,38.0,53.0,6.28,47.06,5.63,41.67,39,28.57,15,11.11,5139,A1,愛知,26.0,51.0,6.69,53.85,5.68,38.71,48,36.36,58,42.86,3813,A1,愛知,50.0,54.0,6.66,48.25,6.11,41.18,73,0.0,61,14.29,4201,B1,埼玉,44.0,54.0,4.13,18.85,4.53,15.79,11,11.11,68,25.0,4216,B1,静岡,41.0,54.0,4.79,25.23,4.51,25.53,16,72.73,64,0.0,19.3,50.0,18.8,0.0,0.11,2.0,15.7,15.4,46.2,15.4,0.15,3.5,12.0,40.0,50.0,0.0,0.14,2.9,9.6,12.5,25.0,25.0,0.18,3.8,19.3,18.8,12.5,0.0,0.16,3.3,24.1,5.0,10.0,15.0,0.22,4.7,22.9,63.6,27.3,3.0,0.14,2.3,15.3,22.7,18.2,36.4,0.14,2.5,18.1,3.8,30.8,15.4,0.17,2.5,18.1,26.9,34.6,0.0,0.14,2.7,15.3,13.6,9.1,0.0,0.19,3.7,10.4,6.7,13.3,20.0,0.18,4.3,18.7,65.2,13.0,0.0,0.17,2.7,17.1,38.1,28.6,14.3,0.15,2.4,22.8,28.6,25.0,25.0,0.14,2.7,13.8,17.6,23.5,0.0,0.16,2.8,15.4,10.5,10.5,15.8,0.19,3.7,12.2,6.7,20.0,6.7,0.15,2.7,22.6,61.3,12.9,16.1,0.12,2.8,16.8,21.7,39.1,8.7,0.15,4.0,19.7,25.9,22.2,25.9,0.18,3.7,11.7,6.2,31.2,25.0,0.18,4.1,17.5,8.3,16.7,41.7,0.16,3.4,11.7,6.2,6.2,0.0,0.21,5.2,13.6,22.2,11.1,0.0,0.21,3.9,24.2,6.2,12.5,25.0,0.2,3.6,12.1,12.5,0.0,0.0,0.19,3.6,19.7,15.4,15.4,0.0,0.14,3.0,18.2,8.3,8.3,16.7,0.17,3.4,12.1,12.5,0.0,0.0,0.2,4.6,20.4,56.5,30.4,4.3,0.11,1.5,13.3,26.7,20.0,0.0,0.15,2.3,17.7,15.0,35.0,0.0,0.16,2.6,15.0,5.9,23.5,23.5,0.15,2.7,17.7,20.0,15.0,0.0,0.18,3.1,15.9,16.7,0.0,0.0,0.17,3.6
20260831,07,10,1800,4503,A1,佐賀,38.0,52.0,8.08,63.16,7.57,57.14,53,30.0,17,22.22,4218,A1,滋賀,45.0,52.0,6.36,49.12,6.69,51.92,41,0.0,19,0.0,4812,A1,徳島,36.0,51.0,7.63,61.8,6.74,44.44,68,33.33,27,30.0,4839,A2,徳島,36.0,53.0,6.15,45.65,3.71,28.57,22,11.11,14,40.0,4009,A2,山口,47.0,57.0,5.76,40.59,4.96,26.32,14,70.0,74,33.33,5299,A2,香川,23.0,53.0,6.05,44.76,2.86,0.0,17,11.11,66,71.43,21.4,85.2,11.1,0.0,0.1,2.0,15.1,10.5,21.1,15.8,0.11,2.1,12.7,25.0,37.5,6.2,0.1,2.1,19.0,12.5,37.5,12.5,0.12,2.0,18.3,17.4,34.8,21.7,0.12,2.3,13.5,11.8,5.9,0.0,0.12,3.2,19.9,66.7,20.0,6.7,0.14,2.6,22.5,20.6,38.2,29.4,0.15,3.2,19.9,13.3,33.3,23.3,0.14,2.5,22.5,11.8,32.4,17.6,0.16,3.2,13.9,28.6,23.8,0.0,0.18,3.7,1.3,50.0,0.0,0.0,0.25,6.0,21.5,76.9,3.8,7.7,0.13,2.0,16.5,35.0,35.0,10.0,0.14,2.5,15.7,26.3,21.1,26.3,0.15,3.2,15.7,21.1,15.8,31.6,0.12,2.2,14.9,11.1,38.9,11.1,0.16,2.4,15.7,10.5,36.8,0.0,0.15,3.6,20.0,50.0,15.0,0.0,0.13,2.7,19.0,26.3,26.3,21.1,0.13,2.4,15.0,13.3,33.3,13.3,0.16,3.0,15.0,6.7,26.7,26.7,0.15,2.6,18.0,11.1,27.8,0.0,0.19,3.7,13.0,7.7,30.8,0.0,0.14,3.7,21.2,66.7,4.8,19.0,0.12,1.6,17.2,5.9,17.6,23.5,0.12,1.9,16.2,12.5,12.5,31.2,0.12,2.3,21.2,14.3,9.5,33.3,0.13,2.7,12.1,8.3,8.3,16.7,0.13,2.1,12.1,16.7,0.0,0.0,0.14,3.5,13.7,62.5,31.2,6.2,0.17,3.2,17.1,25.0,20.0,10.0,0.16,3.6,16.2,10.5,26.3,5.3,0.15,2.6,22.2,23.1,15.4,15.4,0.17,2.9,17.9,19.0,19.0,0.0,0.13,3.0,12.8,13.3,13.3,0.0,0.11,2.8
20260831,07,11,1800,4514,A1,大阪,36.0,53.0,6.63,54.23,6.61,55.26,43,42.86,25,30.0,3997,A1,大阪,47.0,53.0,6.04,38.35,7.71,60.71,34,28.57,63,16.67,4834,A2,大阪,38.0,51.0,5.43,36.17,5.86,31.43,18,22.22,31,22.22,3268,B1,三重,61.0,53.0,4.59,27.83,4.65,24.64,52,50.0,67,14.29,4793,A2,静岡,36.0,51.0,6.47,48.31,5.38,38.46,36,16.67,22,11.11,4928,A1,東京,31.0,52.0,6.6,49.17,7.17,50.0,49,54.55,21,33.33,23.1,74.2,12.9,6.5,0.16,3.2,17.9,20.8,29.2,4.2,0.2,4.3,17.9,33.3,25.0,20.8,0.19,3.6,16.4,18.2,22.7,36.4,0.21,4.1,11.2,26.7,13.3,0.0,0.19,3.9,13.4,11.1,33.3,0.0,0.2,4.5,22.8,70.6,11.8,5.9,0.15,2.3,17.4,11.5,46.2,19.2,0.17,3.5,16.8,24.0,16.0,32.0,0.15,3.0,15.4,17.4,13.0,34.8,0.17,3.7,16.8,4.0,16.0,32.0,0.17,3.6,10.7,6.2,37.5,0.0,0.17,4.7,19.4,65.4,15.4,7.7,0.13,2.9,14.2,15.8,15.8,26.3,0.15,3.2,17.2,8.7,17.4,26.1,0.14,3.1,19.4,23.1,19.2,19.2,0.15,2.8,14.9,5.0,10.0,40.0,0.16,2.9,14.9,5.0,20.0,0.0,0.16,3.7,14.6,50.0,21.4,7.1,0.15,3.4,24.0,4.3,8.7,17.4,0.16,3.7,25.0,20.8,12.5,0.0,0.17,3.4,20.8,5.0,5.0,20.0,0.18,3.8,13.5,7.7,7.7,0.0,0.15,4.4,2.1,0.0,0.0,0.0,0.17,4.0,18.5,54.5,13.6,18.2,0.13,1.9,17.6,28.6,42.9,4.8,0.16,2.9,15.1,33.3,27.8,16.7,0.13,2.8,17.6,14.3,4.8,28.6,0.14,2.6,16.8,10.0,20.0,30.0,0.14,2.7,14.3,5.9,17.6,17.6,0.13,2.7,18.6,52.4,33.3,4.8,0.15,3.4,16.8,10.5,26.3,5.3,0.16,4.2,20.4,39.1,13.0,17.4,0.14,2.8,20.4,30.4,30.4,17.4,0.12,2.0,10.6,16.7,25.0,0.0,0.15,3.0,13.3,6.7,6.7,20.0,0.17,3.9
20260831,07,12,1800,4002,A1,兵庫,48.0,53.0,6.5,48.74,0.0,0.0,54,22.22,62,40.0,5009,A2,福岡,29.0,56.0,5.51,38.1,3.53,5.88,37,16.67,11,20.0,4779,B1,東京,40.0,52.0,5.33,28.43,4.74,25.93,77,71.43,73,42.86,4788,A2,大阪,37.0,54.0,5.31,31.09,6.52,42.86,40,50.0,76,16.67,3793,B1,埼玉,53.0,58.0,4.14,24.24,4.35,23.53,15,22.22,28,11.11,4761,A2,滋賀,36.0,53.0,5.82,36.15,6.2,40.0,76,50.0,32,11.11,20.6,68.2,9.1,9.1,0.14,2.8,15.9,11.8,29.4,29.4,0.14,3.4,21.5,26.1,21.7,8.7,0.12,2.9,18.7,35.0,10.0,15.0,0.13,3.1,15.9,5.9,11.8,11.8,0.15,2.7,7.5,12.5,37.5,0.0,0.14,3.4,17.5,61.9,23.8,4.8,0.16,2.6,15.8,26.3,15.8,21.1,0.14,3.1,22.5,11.1,33.3,18.5,0.18,3.2,11.7,14.3,7.1,42.9,0.15,4.1,17.5,23.8,4.8,0.0,0.14,3.7,15.0,5.6,5.6,0.0,0.19,4.2,16.0,53.3,33.3,0.0,0.16,2.5,17.0,25.0,31.2,0.0,0.18,3.6,16.0,20.0,26.7,0.0,0.18,3.6,19.1,5.6,16.7,33.3,0.19,3.6,19.1,11.1,16.7,0.0,0.16,2.9,12.8,16.7,0.0,0.0,0.21,4.2,18.9,54.2,16.7,12.5,0.15,3.1,19.7,8.0,36.0,16.0,0.15,3.4,15.0,10.5,26.3,26.3,0.14,2.8,18.9,12.5,16.7,25.0,0.18,3.0,18.9,8.3,16.7,58.3,0.15,3.1,8.7,9.1,27.3,0.0,0.19,4.2,15.4,30.0,20.0,40.0,0.15,2.9,20.0,23.1,15.4,23.1,0.17,3.0,10.8,28.6,14.3,0.0,0.09,2.6,16.9,18.2,9.1,0.0,0.17,2.7,16.9,18.2,27.3,0.0,0.17,3.1,20.0,7.7,0.0,0.0,0.16,3.8,23.2,65.6,12.5,9.4,0.14,2.5,10.9,20.0,13.3,33.3,0.14,2.5,21.0,6.9,27.6,34.5,0.13,2.1,14.5,15.0,20.0,5.0,0.17,2.7,13.0,5.6,5.6,16.7,0.13,2.8,17.4,8.3,20.8,0.0,0.15,2.6
20260831,06,1,1800,5248,B1,静岡,24.0,48.0,4.77,28.28,4.22,23.2,45,40.86,32,36.89,3801,B1,大阪,52.0,52.0,4.74,30.88,4.33,33.33,9,28.89,18,36.54,4464,A1,静岡,40.0,43.0,5.95,39.66,6.06,39.13,36,24.36,69,34.12,3778,B1,埼玉,50.0,46.0,2.68,8.33,1.87,0.0,44,38.0,25,37.68,4510,B2,福岡,37.0,47.0,2.86,15.79,0.0,0.0,34,34.38,72,34.91,4484,B1,東京,36.0,49.0,4.65,20.48,4.18,11.76,66,36.05,46,32.39,10.8,10.0,10.0,40.0,0.25,5.4,18.3,5.9,35.3,41.2,0.18,4.0,15.1,7.1,21.4,35.7,0.21,3.6,8.6,12.5,0.0,0.0,0.24,3.9,23.7,9.1,9.1,22.7,0.2,3.6,23.7,13.6,9.1,0.0,0.16,3.5,15.7,45.5,18.2,0.0,0.17,3.2,14.3,10.0,20.0,0.0,0.21,3.3,22.9,25.0,18.8,12.5,0.13,2.3,12.9,11.1,33.3,11.1,0.16,2.7,20.0,28.6,7.1,0.0,0.15,2.4,14.3,10.0,20.0,0.0,0.2,3.3,15.8,68.8,6.2,18.8,0.17,2.9,16.8,11.8,41.2,17.6,0.18,3.9,17.8,27.8,22.2,22.2,0.16,3.5,18.8,15.8,26.3,31.6,0.2,3.4,19.8,20.0,30.0,0.0,0.21,3.9,10.9,9.1,18.2,0.0,0.22,4.6,12.1,12.5,25.0,12.5,0.22,4.0,21.2,14.3,7.1,0.0,0.21,3.9,16.7,27.3,9.1,0.0,0.22,4.4,18.2,8.3,16.7,0.0,0.23,3.7,19.7,7.7,0.0,0.0,0.22,4.5,12.1,0.0,0.0,0.0,0.25,5.1,14.6,28.6,14.3,14.3,0.2,4.1,16.7,12.5,25.0,0.0,0.27,4.3,16.7,12.5,0.0,0.0,0.29,4.6,18.8,0.0,0.0,0.0,0.23,4.3,16.7,12.5,0.0,0.0,0.26,4.6,16.7,0.0,0.0,0.0,0.25,5.0,15.0,41.7,25.0,8.3,0.18,3.4,17.5,7.1,21.4,35.7,0.22,3.7,17.5,21.4,21.4,14.3,0.23,3.7,16.2,15.4,23.1,0.0,0.17,3.5,18.8,6.7,46.7,0.0,0.23,4.5,15.0,8.3,8.3,0.0,0.23,4.8
20260831,06,2,1800,4900,B1,埼玉,33.0,46.0,4.84,26.67,0.0,0.0,13,39.25,41,30.65,5340,B1,愛知,25.0,44.0,4.39,23.36,3.56,16.67,8,28.26,66,36.45,4011,A2,岡山,46.0,47.0,6.49,48.15,7.0,60.0,26,41.44,34,39.05,4419,A2,埼玉,39.0,47.0,5.57,37.0,3.87,23.08,38,37.74,12,38.97,5151,B1,大阪,31.0,47.0,4.32,21.11,4.27,9.09,16,34.38,53,34.58,3932,B1,静岡,50.0,51.0,5.17,39.77,4.05,25.0,5,44.55,19,33.5,19.1,68.2,4.5,13.6,0.18,3.0,18.3,9.5,19.0,14.3,0.18,3.8,17.4,50.0,20.0,0.0,0.19,3.1,13.0,20.0,6.7,0.0,0.18,4.5,14.8,5.9,23.5,0.0,0.17,4.4,17.4,10.0,20.0,0.0,0.23,4.3,0.0,0.0,0.0,0.0,0.0,0.0,3.1,33.3,33.3,33.3,0.1,1.3,25.5,4.0,16.0,16.0,0.17,3.2,18.4,5.6,11.1,22.2,0.16,3.2,19.4,5.3,36.8,0.0,0.19,3.6,33.7,6.1,9.1,0.0,0.15,2.8,16.3,73.3,6.7,0.0,0.17,3.1,17.4,25.0,31.2,12.5,0.17,3.9,17.4,25.0,18.8,6.2,0.17,2.8,15.2,21.4,14.3,14.3,0.17,2.3,15.2,35.7,0.0,0.0,0.12,3.0,18.5,5.9,5.9,17.6,0.18,3.8,15.1,46.2,23.1,7.7,0.19,4.3,15.1,7.7,46.2,7.7,0.13,2.7,22.1,5.3,26.3,21.1,0.14,2.6,18.6,25.0,31.2,37.5,0.16,2.4,18.6,12.5,25.0,0.0,0.15,3.0,10.5,11.1,0.0,0.0,0.17,3.4,9.8,40.0,40.0,20.0,0.17,4.1,19.6,10.0,20.0,10.0,0.19,3.6,23.5,8.3,37.5,0.0,0.23,4.0,17.6,5.6,11.1,0.0,0.26,5.4,16.7,11.8,0.0,0.0,0.28,5.1,12.7,7.7,7.7,0.0,0.24,5.0,12.6,58.3,16.7,0.0,0.16,2.3,20.0,26.3,21.1,5.3,0.15,2.6,22.1,4.8,23.8,19.0,0.17,3.2,15.8,13.3,20.0,13.3,0.16,3.6,13.7,15.4,7.7,0.0,0.18,3.6,15.8,6.7,6.7,0.0,0.2,3.8
20260831,06,3,1800,4246,B1,静岡,44.0,47.0,4.08,19.8,5.01,32.93,1,43.52,29,35.98,5146,A2,山口,23.0,50.0,5.24,33.68,4.73,36.36,57,27.71,73,31.13,5079,B1,静岡,28.0,45.0,5.16,30.0,4.36,22.39,2,47.37,15,35.68,3611,A2,徳島,54.0,48.0,6.05,40.87,6.1,44.9,55,48.94,62,36.87,5439,B2,愛知,20.0,49.0,1.53,1.33,0.0,0.0,22,46.94,21,42.06,4825,A1,東京,32.0,47.0,7.05,53.68,9.0,62.5,46,44.94,56,33.65,14.0,20.0,33.3,13.3,0.18,3.7,19.6,9.5,14.3,33.3,0.19,3.6,19.6,4.8,14.3,23.8,0.18,3.1,16.8,5.6,16.7,0.0,0.18,3.3,18.7,5.0,10.0,0.0,0.19,3.8,11.2,8.3,0.0,0.0,0.17,3.8,14.9,61.5,0.0,0.0,0.17,2.9,18.4,18.8,18.8,25.0,0.13,2.9,19.5,35.3,23.5,17.6,0.16,3.1,19.5,17.6,11.8,41.2,0.18,3.2,17.2,33.3,0.0,0.0,0.18,3.2,10.3,0.0,0.0,0.0,0.17,4.4,14.8,58.8,11.8,11.8,0.15,2.9,16.5,21.1,31.6,21.1,0.19,2.8,18.3,9.5,4.8,28.6,0.16,2.8,17.4,15.0,20.0,0.0,0.17,3.3,17.4,5.0,15.0,15.0,0.17,3.2,15.7,5.6,0.0,0.0,0.2,4.2,18.2,55.0,20.0,10.0,0.13,2.3,16.4,5.6,55.6,5.6,0.15,2.8,16.4,38.9,11.1,0.0,0.13,2.3,16.4,16.7,5.6,16.7,0.14,2.2,15.5,5.9,17.6,11.8,0.13,2.7,17.3,10.5,21.1,0.0,0.16,3.3,0.0,0.0,0.0,0.0,0.0,0.0,0.0,0.0,0.0,0.0,0.0,0.0,0.0,0.0,0.0,0.0,0.0,0.0,0.0,0.0,0.0,0.0,0.0,0.0,0.0,0.0,0.0,0.0,0.0,0.0,100.0,1.4,1.4,0.0,0.21,4.1,20.6,55.0,15.0,10.0,0.17,2.3,18.6,16.7,22.2,27.8,0.13,2.6,17.5,23.5,23.5,17.6,0.13,3.1,16.5,25.0,31.2,12.5,0.14,2.4,15.5,13.3,13.3,26.7,0.14,2.5,11.3,27.3,18.2,0.0,0.14,3.0
20260831,06,4,1800,4208,A1,静岡,43.0,46.0,7.31,60.43,7.36,59.55,61,40.57,22,34.8,4317,B1,静岡,42.0,47.0,4.34,24.75,4.42,22.11,14,33.33,48,36.23,4098,B1,岡山,44.0,48.0,4.23,17.02,3.56,11.11,11,43.62,57,34.95,4853,B1,岡山,31.0,45.0,4.61,21.51,3.84,15.79,52,39.8,60,32.55,3579,B1,埼玉,53.0,48.0,4.99,26.67,3.93,17.24,58,28.24,23,33.02,3580,B1,滋賀,53.0,49.0,4.36,19.19,4.45,25.0,3,41.86,17,36.23,23.6,65.5,17.2,10.3,0.16,2.9,17.1,19.0,28.6,14.3,0.15,3.3,13.0,12.5,12.5,25.0,0.16,2.9,17.9,27.3,9.1,22.7,0.13,2.6,17.1,19.0,4.8,52.4,0.16,3.0,11.4,14.3,14.3,14.3,0.17,3.7,14.6,53.8,30.8,0.0,0.17,2.2,16.9,13.3,40.0,6.7,0.19,3.3,18.0,12.5,18.8,18.8,0.18,2.9,18.0,12.5,6.2,0.0,0.18,3.7,21.3,5.3,5.3,0.0,0.18,3.7,11.2,0.0,0.0,0.0,0.22,3.7,17.7,50.0,7.1,7.1,0.18,2.9,16.5,7.7,23.1,0.0,0.19,3.8,20.3,6.2,31.2,12.5,0.17,4.1,16.5,15.4,0.0,0.0,0.19,4.0,21.5,5.9,23.5,0.0,0.22,4.4,7.6,16.7,0.0,0.0,0.21,5.5,13.3,30.0,10.0,20.0,0.13,3.2,16.0,8.3,25.0,0.0,0.21,3.8,20.0,20.0,26.7,13.3,0.2,4.4,13.3,10.0,20.0,0.0,0.23,4.3,18.7,7.1,14.3,0.0,0.26,5.5,18.7,0.0,0.0,0.0,0.25,4.8,12.3,30.0,40.0,20.0,0.17,2.9,16.0,7.7,23.1,0.0,0.2,3.9,21.0,5.9,11.8,17.6,0.2,4.8,16.0,38.5,15.4,0.0,0.19,3.2,21.0,5.9,5.9,17.6,0.19,3.5,13.6,9.1,0.0,0.0,0.21,4.5,14.4,14.3,42.9,0.0,0.21,3.6,18.6,16.7,33.3,0.0,0.2,3.7,17.5,23.5,23.5,0.0,0.17,4.1,21.6,4.8,14.3,0.0,0.19,3.5,16.5,6.2,12.5,0.0,0.23,4.2,11.3,18.2,0.0,0.0,0.19,3.7
20260831,06,5,1800,5052,B1,大阪,31.0,51.0,4.55,26.67,5.6,40.0,18,27.27,50,34.91,3618,A1,広島,52.0,44.0,6.35,48.89,7.19,43.75,63,44.09,64,30.73,4313,A2,香川,42.0,50.0,5.32,34.62,0.0,0.0,24,28.92,30,39.81,3518,B1,静岡,58.0,49.0,4.14,18.39,4.45,22.97,32,38.53,33,33.8,4433,A1,福岡,40.0,46.0,7.23,55.94,7.0,40.74,37,43.56,37,33.33,5389,B1,福岡,19.0,42.0,2.52,2.15,0.0,0.0,56,29.89,59,31.9,11.8,25.0,25.0,25.0,0.12,2.1,17.6,33.3,25.0,0.0,0.13,2.2,22.1,20.0,13.3,13.3,0.16,2.7,19.1,23.1,15.4,0.0,0.16,2.8,13.2,11.1,0.0,0.0,0.14,3.0,16.2,9.1,0.0,0.0,0.23,4.4,23.0,60.7,21.4,7.1,0.17,3.5,18.0,18.2,27.3,9.1,0.17,3.4,17.2,33.3,23.8,4.8,0.18,3.1,13.1,6.2,37.5,18.8,0.18,2.7,12.3,6.7,33.3,20.0,0.16,3.4,16.4,5.0,10.0,10.0,0.25,4.9,17.3,73.7,15.8,10.5,0.16,3.1,15.5,17.6,41.2,11.8,0.16,2.9,18.2,30.0,25.0,5.0,0.13,2.3,19.1,28.6,14.3,14.3,0.13,2.8,13.6,13.3,20.0,0.0,0.14,2.6,16.4,33.3,0.0,0.0,0.17,3.6,12.6,9.1,45.5,0.0,0.22,3.5,20.7,5.6,11.1,22.2,0.17,3.7,17.2,20.0,6.7,20.0,0.2,3.4,18.4,6.2,18.8,12.5,0.18,2.8,17.2,26.7,0.0,0.0,0.18,3.9,13.8,8.3,0.0,0.0,0.2,4.0,22.1,75.9,3.4,6.9,0.16,3.1,16.8,22.7,31.8,18.2,0.16,3.7,15.3,5.0,45.0,20.0,0.16,3.1,14.5,5.3,36.8,26.3,0.19,3.9,15.3,10.0,35.0,15.0,0.19,3.8,16.0,4.8,28.6,0.0,0.16,3.8,0.0,0.0,0.0,0.0,0.0,0.0,0.0,0.0,0.0,0.0,0.0,0.0,0.0,0.0,0.0,0.0,0.0,0.0,17.9,8.3,16.7,0.0,0.21,4.4,31.3,4.8,0.0,0.0,0.2,3.8,50.7,2.9,8.8,0.0,0.18,2.9
20260831,06,6,1800,3528,B1,愛知,55.0,48.0,4.13,14.94,3.89,0.0,48,43.81,61,38.14,3474,B1,静岡,56.0,45.0,4.65,27.43,4.96,29.23,6,33.68,24,37.21,4994,A2,佐賀,28.0,47.0,6.39,48.89,5.88,31.25,53,30.77,44,41.33,5436,B2,東京,21.0,47.0,1.43,0.0,0.0,0.0,51,29.9,67,39.23,5248,B1,静岡,24.0,48.0,4.77,28.28,4.22,23.2,45,40.86,32,36.89,5188,A2,兵庫,25.0,45.0,6.02,39.67,6.37,31.58,54,28.41,63,34.33,16.9,20.0,20.0,13.3,0.16,2.8,16.9,6.7,6.7,13.3,0.24,5.0,19.1,5.9,0.0,0.0,0.21,3.9,19.1,5.9,29.4,0.0,0.16,3.4,18.0,6.2,18.8,0.0,0.19,3.7,10.1,44.4,0.0,0.0,0.25,4.4,15.0,37.5,37.5,6.2,0.19,3.8,19.6,19.0,23.8,14.3,0.2,3.8,18.7,5.0,30.0,15.0,0.15,2.6,15.9,17.6,0.0,0.0,0.17,3.9,16.8,11.1,27.8,0.0,0.19,3.9,14.0,13.3,0.0,0.0,0.22,5.1,22.1,60.9,26.1,4.3,0.16,3.2,13.5,21.4,35.7,14.3,0.14,3.4,19.2,5.0,50.0,20.0,0.15,2.9,13.5,21.4,28.6,0.0,0.18,3.9,16.3,11.8,23.5,0.0,0.17,3.6,15.4,12.5,18.8,0.0,0.19,4.3,0.0,0.0,0.0,0.0,0.0,0.0,0.0,0.0,0.0,0.0,0.0,0.0,0.0,0.0,0.0,0.0,0.0,0.0,0.0,0.0,0.0,0.0,0.0,0.0,0.0,0.0,0.0,0.0,0.0,0.0,100.0,0.0,0.0,0.0,0.22,4.8,10.8,10.0,10.0,40.0,0.25,5.4,18.3,5.9,35.3,41.2,0.18,4.0,15.1,7.1,21.4,35.7,0.21,3.6,8.6,12.5,0.0,0.0,0.24,3.9,23.7,9.1,9.1,22.7,0.2,3.6,23.7,13.6,9.1,0.0,0.16,3.5,16.9,70.0,10.0,5.0,0.18,3.3,14.4,29.4,23.5,11.8,0.16,3.4,19.5,13.0,21.7,34.8,0.19,3.8,14.4,11.8,17.6,17.6,0.14,2.9,21.2,8.0,20.0,24.0,0.18,3.3,13.6,6.2,12.5,6.2,0.14,3.7
20260831,06,7,1800,3801,B1,大阪,52.0,52.0,4.74,30.88,4.33,33.33,9,28.89,18,36.54,4938,A1,佐賀,28.0,48.0,6.46,46.43,7.0,33.33,7,34.02,58,37.85,4117,A2,東京,45.0,45.0,6.38,48.72,6.92,43.59,49,29.41,65,33.02,4900,B1,埼玉,33.0,46.0,4.84,26.67,0.0,0.0,13,39.25,41,30.65,4225,A2,群馬,44.0,45.0,6.19,44.21,6.18,29.41,20,46.08,14,36.87,5439,B2,愛知,20.0,49.0,1.53,1.33,0.0,0.0,22,46.94,21,42.06,15.7,45.5,18.2,0.0,0.17,3.2,14.3,10.0,20.0,0.0,0.21,3.3,22.9,25.0,18.8,12.5,0.13,2.3,12.9,11.1,33.3,11.1,0.16,2.7,20.0,28.6,7.1,0.0,0.15,2.4,14.3,10.0,20.0,0.0,0.2,3.3,22.0,75.9,13.8,6.9,0.15,2.6,18.2,29.2,37.5,8.3,0.13,2.4,17.4,47.8,17.4,8.7,0.11,3.0,14.4,21.1,21.1,10.5,0.18,3.3,16.7,9.1,9.1,27.3,0.13,3.2,11.4,6.7,33.3,0.0,0.19,3.9,23.3,44.4,22.2,7.4,0.19,3.6,15.5,11.1,44.4,22.2,0.21,4.3,17.2,5.0,25.0,25.0,0.22,4.2,18.1,4.8,28.6,33.3,0.22,4.3,15.5,33.3,16.7,0.0,0.25,4.8,10.3,8.3,33.3,0.0,0.23,5.3,19.1,68.2,4.5,13.6,0.18,3.0,18.3,9.5,19.0,14.3,0.18,3.8,17.4,50.0,20.0,0.0,0.19,3.1,13.0,20.0,6.7,0.0,0.18,4.5,14.8,5.9,23.5,0.0,0.17,4.4,17.4,10.0,20.0,0.0,0.23,4.3,21.3,63.2,31.6,0.0,0.13,2.3,15.7,14.3,35.7,28.6,0.14,2.4,19.1,41.2,29.4,0.0,0.13,2.1,10.1,33.3,44.4,0.0,0.15,2.9,21.3,5.3,26.3,0.0,0.18,2.6,12.4,18.2,0.0,0.0,0.17,3.7,0.0,0.0,0.0,0.0,0.0,0.0,0.0,0.0,0.0,0.0,0.0,0.0,0.0,0.0,0.0,0.0,0.0,0.0,0.0,0.0,0.0,0.0,0.0,0.0,0.0,0.0,0.0,0.0,0.0,0.0,100.0,1.4,1.4,0.0,0.21,4.1
20260831,06,8,1800,3232,A2,香川,59.0,46.0,5.83,36.62,7.31,53.85,30,25.97,45,42.31,5151,B1,大阪,31.0,47.0,4.32,21.11,4.27,9.09,16,34.38,53,34.58,5324,B1,兵庫,23.0,48.0,2.69,2.99,1.94,0.0,62,46.67,68,36.59,4464,A1,静岡,40.0,43.0,5.95,39.66,6.06,39.13,36,24.36,69,34.12,5079,B1,静岡,28.0,45.0,5.16,30.0,4.36,22.39,2,47.37,15,35.68,3357,B1,岡山,57.0,48.0,4.03,15.79,2.89,0.0,41,30.67,51,31.25,22.2,66.7,16.7,11.1,0.14,2.7,14.8,25.0,25.0,25.0,0.16,2.9,14.8,16.7,25.0,8.3,0.15,2.2,16.0,23.1,7.7,30.8,0.16,2.8,17.3,14.3,21.4,0.0,0.17,3.3,14.8,8.3,33.3,0.0,0.19,4.2,9.8,40.0,40.0,20.0,0.17,4.1,19.6,10.0,20.0,10.0,0.19,3.6,23.5,8.3,37.5,0.0,0.23,4.0,17.6,5.6,11.1,0.0,0.26,5.4,16.7,11.8,0.0,0.0,0.28,5.1,12.7,7.7,7.7,0.0,0.24,5.0,11.9,25.0,0.0,0.0,0.19,3.5,17.9,8.3,0.0,0.0,0.19,4.3,10.4,0.0,0.0,0.0,0.23,4.0,16.4,9.1,0.0,0.0,0.22,3.9,20.9,0.0,0.0,0.0,0.19,4.5,22.4,0.0,0.0,0.0,0.23,4.4,15.8,68.8,6.2,18.8,0.17,2.9,16.8,11.8,41.2,17.6,0.18,3.9,17.8,27.8,22.2,22.2,0.16,3.5,18.8,15.8,26.3,31.6,0.2,3.4,19.8,20.0,30.0,0.0,0.21,3.9,10.9,9.1,18.2,0.0,0.22,4.6,14.8,58.8,11.8,11.8,0.15,2.9,16.5,21.1,31.6,21.1,0.19,2.8,18.3,9.5,4.8,28.6,0.16,2.8,17.4,15.0,20.0,0.0,0.17,3.3,17.4,5.0,15.0,15.0,0.17,3.2,15.7,5.6,0.0,0.0,0.2,4.2,15.5,31.2,31.2,12.5,0.21,3.7,18.4,21.1,31.6,0.0,0.19,3.7,15.5,6.2,31.2,0.0,0.18,3.8,19.4,25.0,0.0,0.0,0.17,3.7,18.4,5.3,5.3,0.0,0.21,4.2,12.6,0.0,0.0,0.0,0.21,5.4
20260831,06,9,1800,4313,A2,香川,42.0,50.0,5.32,34.62,0.0,0.0,24,28.92,30,39.81,4510,B2,福岡,37.0,47.0,2.86,15.79,0.0,0.0,34,34.38,72,34.91,4825,A1,東京,32.0,47.0,7.05,53.68,9.0,62.5,46,44.94,56,33.65,3932,B1,静岡,50.0,51.0,5.17,39.77,4.05,25.0,5,44.55,19,33.5,4936,A2,福岡,30.0,47.0,6.14,45.78,5.85,38.46,23,36.36,13,31.75,3302,B1,愛知,59.0,46.0,5.35,39.44,4.09,30.43,17,41.18,71,35.24,17.3,73.7,15.8,10.5,0.16,3.1,15.5,17.6,41.2,11.8,0.16,2.9,18.2,30.0,25.0,5.0,0.13,2.3,19.1,28.6,14.3,14.3,0.13,2.8,13.6,13.3,20.0,0.0,0.14,2.6,16.4,33.3,0.0,0.0,0.17,3.6,14.6,28.6,14.3,14.3,0.2,4.1,16.7,12.5,25.0,0.0,0.27,4.3,16.7,12.5,0.0,0.0,0.29,4.6,18.8,0.0,0.0,0.0,0.23,4.3,16.7,12.5,0.0,0.0,0.26,4.6,16.7,0.0,0.0,0.0,0.25,5.0,20.6,55.0,15.0,10.0,0.17,2.3,18.6,16.7,22.2,27.8,0.13,2.6,17.5,23.5,23.5,17.6,0.13,3.1,16.5,25.0,31.2,12.5,0.14,2.4,15.5,13.3,13.3,26.7,0.14,2.5,11.3,27.3,18.2,0.0,0.14,3.0,12.6,58.3,16.7,0.0,0.16,2.3,20.0,26.3,21.1,5.3,0.15,2.6,22.1,4.8,23.8,19.0,0.17,3.2,15.8,13.3,20.0,13.3,0.16,3.6,13.7,15.4,7.7,0.0,0.18,3.6,15.8,6.7,6.7,0.0,0.2,3.8,20.9,66.7,16.7,4.2,0.15,2.1,15.7,33.3,22.2,11.1,0.16,2.5,12.2,21.4,28.6,7.1,0.15,2.1,20.9,8.3,25.0,16.7,0.15,2.9,15.7,11.1,33.3,0.0,0.16,3.2,14.8,5.9,29.4,0.0,0.17,4.1,16.4,50.0,8.3,8.3,0.19,3.7,21.9,25.0,31.2,12.5,0.17,3.5,12.3,44.4,11.1,0.0,0.18,2.4,21.9,6.2,12.5,18.8,0.16,2.9,13.7,10.0,10.0,0.0,0.16,3.0,13.7,10.0,0.0,0.0,0.22,3.7
20260831,06,10,1800,4419,A2,埼玉,39.0,47.0,5.57,37.0,3.87,23.08,38,37.74,12,38.97,5346,B1,愛知,23.0,47.0,3.03,4.23,1.41,0.0,19,34.62,76,35.44,4208,A1,静岡,43.0,46.0,7.31,60.43,7.36,59.55,61,40.57,22,34.8,5389,B1,福岡,19.0,42.0,2.52,2.15,0.0,0.0,56,29.89,59,31.9,3778,B1,埼玉,50.0,46.0,2.68,8.33,1.87,0.0,44,38.0,25,37.68,3611,A2,徳島,54.0,48.0,6.05,40.87,6.1,44.9,55,48.94,62,36.87,15.1,46.2,23.1,7.7,0.19,4.3,15.1,7.7,46.2,7.7,0.13,2.7,22.1,5.3,26.3,21.1,0.14,2.6,18.6,25.0,31.2,37.5,0.16,2.4,18.6,12.5,25.0,0.0,0.15,3.0,10.5,11.1,0.0,0.0,0.17,3.4,0.0,0.0,0.0,0.0,0.0,0.0,0.0,0.0,0.0,0.0,0.0,0.0,2.5,100.0,0.0,0.0,0.18,5.0,29.6,4.2,20.8,0.0,0.2,4.3,34.6,3.6,10.7,0.0,0.23,3.9,33.3,3.7,0.0,0.0,0.22,4.2,23.6,65.5,17.2,10.3,0.16,2.9,17.1,19.0,28.6,14.3,0.15,3.3,13.0,12.5,12.5,25.0,0.16,2.9,17.9,27.3,9.1,22.7,0.13,2.6,17.1,19.0,4.8,52.4,0.16,3.0,11.4,14.3,14.3,14.3,0.17,3.7,0.0,0.0,0.0,0.0,0.0,0.0,0.0,0.0,0.0,0.0,0.0,0.0,0.0,0.0,0.0,0.0,0.0,0.0,17.9,8.3,16.7,0.0,0.21,4.4,31.3,4.8,0.0,0.0,0.2,3.8,50.7,2.9,8.8,0.0,0.18,2.9,12.1,12.5,25.0,12.5,0.22,4.0,21.2,14.3,7.1,0.0,0.21,3.9,16.7,27.3,9.1,0.0,0.22,4.4,18.2,8.3,16.7,0.0,0.23,3.7,19.7,7.7,0.0,0.0,0.22,4.5,12.1,0.0,0.0,0.0,0.25,5.1,18.2,55.0,20.0,10.0,0.13,2.3,16.4,5.6,55.6,5.6,0.15,2.8,16.4,38.9,11.1,0.0,0.13,2.3,16.4,16.7,5.6,16.7,0.14,2.2,15.5,5.9,17.6,11.8,0.13,2.7,17.3,10.5,21.1,0.0,0.16,3.3
20260831,06,11,1800,4433,A1,福岡,40.0,46.0,7.23,55.94,7.0,40.74,37,43.56,37,33.33,4994,A2,佐賀,28.0,47.0,6.39,48.89,5.88,31.25,53,30.77,44,41.33,4484,B1,東京,36.0,49.0,4.65,20.48,4.18,11.76,66,36.05,46,32.39,5146,A2,山口,23.0,50.0,5.24,33.68,4.73,36.36,57,27.71,73,31.13,4853,B1,岡山,31.0,45.0,4.61,21.51,3.84,15.79,52,39.8,60,32.55,4011,A2,岡山,46.0,47.0,6.49,48.15,7.0,60.0,26,41.44,34,39.05,22.1,75.9,3.4,6.9,0.16,3.1,16.8,22.7,31.8,18.2,0.16,3.7,15.3,5.0,45.0,20.0,0.16,3.1,14.5,5.3,36.8,26.3,0.19,3.9,15.3,10.0,35.0,15.0,0.19,3.8,16.0,4.8,28.6,0.0,0.16,3.8,22.1,60.9,26.1,4.3,0.16,3.2,13.5,21.4,35.7,14.3,0.14,3.4,19.2,5.0,50.0,20.0,0.15,2.9,13.5,21.4,28.6,0.0,0.18,3.9,16.3,11.8,23.5,0.0,0.17,3.6,15.4,12.5,18.8,0.0,0.19,4.3,15.0,41.7,25.0,8.3,0.18,3.4,17.5,7.1,21.4,35.7,0.22,3.7,17.5,21.4,21.4,14.3,0.23,3.7,16.2,15.4,23.1,0.0,0.17,3.5,18.8,6.7,46.7,0.0,0.23,4.5,15.0,8.3,8.3,0.0,0.23,4.8,14.9,61.5,0.0,0.0,0.17,2.9,18.4,18.8,18.8,25.0,0.13,2.9,19.5,35.3,23.5,17.6,0.16,3.1,19.5,17.6,11.8,41.2,0.18,3.2,17.2,33.3,0.0,0.0,0.18,3.2,10.3,0.0,0.0,0.0,0.17,4.4,13.3,30.0,10.0,20.0,0.13,3.2,16.0,8.3,25.0,0.0,0.21,3.8,20.0,20.0,26.7,13.3,0.2,4.4,13.3,10.0,20.0,0.0,0.23,4.3,18.7,7.1,14.3,0.0,0.26,5.5,18.7,0.0,0.0,0.0,0.25,4.8,16.3,73.3,6.7,0.0,0.17,3.1,17.4,25.0,31.2,12.5,0.17,3.9,17.4,25.0,18.8,6.2,0.17,2.8,15.2,21.4,14.3,14.3,0.17,2.3,15.2,35.7,0.0,0.0,0.12,3.0,18.5,5.9,5.9,17.6,0.18,3.8
20260831,06,12,1800,4190,B2,静岡,45.0,49.0,6.6,44.16,6.74,47.13,59,29.76,35,35.75,4225,A2,群馬,44.0,45.0,6.19,44.21,6.18,29.41,20,46.08,14,36.87,5188,A2,兵庫,25.0,45.0,6.02,39.67,6.37,31.58,54,28.41,63,34.33,3580,B1,滋賀,53.0,49.0,4.36,19.19,4.45,25.0,3,41.86,17,36.23,3618,A1,広島,52.0,44.0,6.35,48.89,7.19,43.75,63,44.09,64,30.73,5340,B1,愛知,25.0,44.0,4.39,23.36,3.56,16.67,8,28.26,66,36.45,40.0,100.0,0.0,0.0,0.15,2.5,20.0,100.0,0.0,0.0,0.16,4.0,0.0,0.0,0.0,0.0,0.0,0.0,10.0,100.0,0.0,0.0,0.22,4.0,20.0,50.0,0.0,0.0,0.17,2.0,10.0,0.0,0.0,0.0,0.16,5.0,21.3,63.2,31.6,0.0,0.13,2.3,15.7,14.3,35.7,28.6,0.14,2.4,19.1,41.2,29.4,0.0,0.13,2.1,10.1,33.3,44.4,0.0,0.15,2.9,21.3,5.3,26.3,0.0,0.18,2.6,12.4,18.2,0.0,0.0,0.17,3.7,16.9,70.0,10.0,5.0,0.18,3.3,14.4,29.4,23.5,11.8,0.16,3.4,19.5,13.0,21.7,34.8,0.19,3.8,14.4,11.8,17.6,17.6,0.14,2.9,21.2,8.0,20.0,24.0,0.18,3.3,13.6,6.2,12.5,6.2,0.14,3.7,14.4,14.3,42.9,0.0,0.21,3.6,18.6,16.7,33.3,0.0,0.2,3.7,17.5,23.5,23.5,0.0,0.17,4.1,21.6,4.8,14.3,0.0,0.19,3.5,16.5,6.2,12.5,0.0,0.23,4.2,11.3,18.2,0.0,0.0,0.19,3.7,23.0,60.7,21.4,7.1,0.17,3.5,18.0,18.2,27.3,9.1,0.17,3.4,17.2,33.3,23.8,4.8,0.18,3.1,13.1,6.2,37.5,18.8,0.18,2.7,12.3,6.7,33.3,20.0,0.16,3.4,16.4,5.0,10.0,10.0,0.25,4.9,0.0,0.0,0.0,0.0,0.0,0.0,3.1,33.3,33.3,33.3,0.1,1.3,25.5,4.0,16.0,16.0,0.17,3.2,18.4,5.6,11.1,22.2,0.16,3.2,19.4,5.3,36.8,0.0,0.19,3.6,33.7,6.1,9.1,0.0,0.15,2.8
20260831,05,1,1800,5301,B1,群馬,23.0,52.0,5.26,32.11,3.33,14.29,11,34.48,77,40.45,5166,A2,愛知,26.0,52.0,6.18,42.06,6.5,41.67,57,46.91,60,33.7,4876,B1,福井,32.0,54.0,4.82,28.95,5.04,30.77,55,43.14,75,36.26,3482,B1,群馬,55.0,61.0,4.99,30.23,6.0,47.06,74,32.99,81,30.23,3654,A2,福井,52.0,52.0,6.92,57.69,5.68,31.58,66,35.8,45,39.13,4631,B1,大阪,39.0,53.0,4.8,31.4,5.31,36.11,16,26.14,38,31.58,15.0,60.0,13.3,0.0,0.16,3.9,21.0,4.8,14.3,23.8,0.17,3.6,22.0,13.6,9.1,22.7,0.13,3.0,16.0,18.8,6.2,18.8,0.15,3.0,14.0,7.1,7.1,21.4,0.16,3.5,12.0,0.0,0.0,0.0,0.16,3.4,19.6,57.9,21.1,10.5,0.16,3.4,13.4,7.7,23.1,30.8,0.2,4.0,20.6,30.0,15.0,35.0,0.13,2.4,15.5,6.7,20.0,20.0,0.18,3.3,14.4,14.3,7.1,64.3,0.15,2.7,16.5,6.2,18.8,0.0,0.17,3.6,15.4,66.7,11.1,0.0,0.16,2.9,17.9,38.1,9.5,0.0,0.18,3.7,15.4,11.1,16.7,16.7,0.18,3.7,19.7,13.0,26.1,21.7,0.17,3.2,12.8,6.7,20.0,0.0,0.13,2.9,18.8,13.6,0.0,0.0,0.19,4.2,18.0,33.3,33.3,8.3,0.14,3.2,16.5,18.2,22.7,0.0,0.15,3.4,18.0,4.2,25.0,16.7,0.14,2.8,14.3,15.8,15.8,0.0,0.17,3.7,16.5,9.1,9.1,36.4,0.15,3.0,16.5,9.1,13.6,0.0,0.16,3.0,20.3,54.2,16.7,12.5,0.16,3.2,18.6,13.6,36.4,18.2,0.16,2.7,15.3,22.2,27.8,16.7,0.15,3.4,23.7,25.0,17.9,7.1,0.17,2.8,11.0,30.8,15.4,0.0,0.18,3.8,11.0,7.7,7.7,7.7,0.17,3.6,13.0,58.3,16.7,0.0,0.09,1.8,18.5,5.9,29.4,17.6,0.17,3.2,15.2,21.4,14.3,14.3,0.14,3.4,20.7,5.3,15.8,15.8,0.19,3.8,19.6,11.1,16.7,0.0,0.17,2.6,13.0,8.3,8.3,0.0,0.14,2.7
20260831,05,2,1800,3805,B1,東京,52.0,53.0,5.52,37.0,5.04,26.53,20,37.5,51,31.46,4832,A1,大阪,39.0,50.0,6.66,46.88,7.12,54.55,31,38.37,82,28.41,5038,A2,福井,28.0,51.0,6.49,51.09,4.64,24.0,36,37.08,69,44.32,4630,A2,愛知,39.0,53.0,5.6,34.57,5.19,33.33,44,30.38,25,35.0,4572,B1,大阪,38.0,56.0,5.58,36.59,5.88,37.5,39,35.8,57,28.99,3880,B1,埼玉,53.0,55.0,4.23,15.48,4.84,31.25,18,39.33,62,34.48,17.6,43.8,6.2,25.0,0.15,2.9,18.7,11.8,29.4,23.5,0.12,3.1,15.4,7.1,21.4,14.3,0.13,2.4,16.5,13.3,6.7,33.3,0.14,2.4,17.6,25.0,18.8,0.0,0.14,2.8,14.3,7.7,7.7,0.0,0.16,4.1,20.6,79.3,13.8,3.4,0.13,2.5,17.7,32.0,20.0,12.0,0.14,2.6,16.3,17.4,26.1,26.1,0.14,2.9,14.9,23.8,33.3,23.8,0.14,2.3,17.0,16.7,33.3,0.0,0.14,3.4,13.5,15.8,31.6,0.0,0.16,4.3,17.5,71.4,21.4,0.0,0.17,2.6,22.5,27.8,38.9,16.7,0.18,2.7,11.2,22.2,22.2,0.0,0.16,3.2,17.5,14.3,21.4,42.9,0.14,2.7,16.2,15.4,7.7,30.8,0.16,3.5,15.0,8.3,25.0,0.0,0.18,3.5,21.1,60.9,17.4,17.4,0.18,4.0,13.8,20.0,26.7,20.0,0.17,3.8,16.5,11.1,16.7,38.9,0.2,3.4,15.6,5.9,23.5,29.4,0.18,3.6,14.7,18.8,25.0,0.0,0.19,4.1,18.3,10.0,15.0,0.0,0.2,4.8,18.7,60.0,15.0,10.0,0.14,2.8,16.8,5.6,22.2,16.7,0.18,3.7,14.0,13.3,33.3,6.7,0.13,1.9,15.9,23.5,17.6,0.0,0.13,3.4,17.8,5.3,15.8,21.1,0.16,3.2,16.8,16.7,16.7,0.0,0.2,4.3,15.8,33.3,20.0,6.7,0.17,2.8,15.8,20.0,20.0,0.0,0.23,3.8,16.8,12.5,12.5,25.0,0.18,3.8,17.9,5.9,11.8,11.8,0.19,3.9,16.8,18.8,6.2,25.0,0.19,3.5,16.8,6.2,18.8,0.0,0.2,4.9
20260831,05,3,1800,3381,B1,埼玉,58.0,54.0,4.95,29.17,5.35,36.36,64,32.89,53,44.68,4702,A1,東京,39.0,52.0,6.03,46.81,6.61,57.89,19,34.62,72,38.89,4150,A2,静岡,44.0,58.0,5.82,41.38,6.48,50.0,63,36.46,55,33.68,5050,A2,滋賀,31.0,53.0,5.87,41.44,5.44,38.89,75,37.78,46,30.43,4973,B1,埼玉,34.0,52.0,5.1,31.52,5.14,25.0,43,30.23,24,28.89,4740,B1,静岡,34.0,54.0,4.51,21.57,5.17,30.43,65,36.59,27,36.46,14.9,46.7,26.7,13.3,0.15,2.7,17.8,5.6,22.2,11.1,0.15,2.9,17.8,11.1,11.1,11.1,0.17,3.4,22.8,13.0,30.4,13.0,0.15,2.8,17.8,5.6,16.7,11.1,0.14,2.6,8.9,22.2,11.1,0.0,0.15,3.4,20.3,79.2,12.5,0.0,0.13,2.8,19.5,21.7,30.4,4.3,0.15,2.9,13.6,37.5,6.2,18.8,0.16,3.8,13.6,18.8,31.2,18.8,0.14,3.2,16.1,26.3,10.5,15.8,0.15,2.3,16.9,25.0,15.0,0.0,0.13,3.3,16.9,60.0,20.0,5.0,0.16,3.0,17.8,19.0,28.6,19.0,0.15,2.7,19.5,21.7,21.7,17.4,0.13,3.3,14.4,35.3,17.6,23.5,0.13,2.7,16.9,5.0,10.0,20.0,0.15,3.3,14.4,17.6,0.0,0.0,0.16,3.1,16.3,60.0,13.3,13.3,0.18,3.9,17.4,25.0,18.8,12.5,0.17,3.1,16.3,20.0,20.0,26.7,0.17,2.8,16.3,20.0,26.7,26.7,0.18,4.3,19.6,16.7,16.7,5.6,0.15,3.0,14.1,7.7,30.8,0.0,0.18,4.0,19.0,54.2,8.3,16.7,0.15,2.6,17.5,9.1,13.6,13.6,0.16,3.2,14.3,11.1,27.8,11.1,0.15,2.3,18.3,13.0,17.4,0.0,0.16,2.6,15.1,31.6,26.3,0.0,0.18,3.1,15.9,20.0,0.0,0.0,0.2,4.0,12.9,36.4,18.2,9.1,0.15,3.5,17.6,33.3,40.0,0.0,0.14,2.7,17.6,6.7,33.3,13.3,0.15,3.1,18.8,6.2,18.8,12.5,0.18,3.7,18.8,6.2,12.5,12.5,0.22,4.1,14.1,16.7,0.0,0.0,0.18,4.7
20260831,05,4,1800,3497,B1,埼玉,58.0,51.0,4.14,26.44,4.36,27.27,14,44.83,68,28.75,3441,B1,群馬,57.0,55.0,4.61,22.94,5.64,36.36,61,38.04,61,39.78,4910,A1,愛知,30.0,51.0,6.96,56.14,6.75,50.0,60,26.25,47,39.08,4962,A2,三重,30.0,52.0,5.33,32.58,6.24,47.62,41,28.38,85,44.44,5089,A1,愛知,26.0,52.0,7.13,57.89,6.89,55.56,21,32.89,66,51.69,4639,B1,大阪,35.0,54.0,4.31,22.55,4.94,29.41,67,42.67,33,34.07,16.1,73.3,13.3,6.7,0.14,2.6,17.2,12.5,18.8,12.5,0.2,4.3,20.4,21.1,26.3,15.8,0.16,3.2,19.4,22.2,5.6,38.9,0.17,3.4,16.1,13.3,13.3,0.0,0.15,3.1,10.8,0.0,0.0,0.0,0.19,3.9,12.7,42.9,28.6,0.0,0.18,3.1,20.0,9.1,40.9,22.7,0.19,3.9,17.3,5.3,10.5,15.8,0.17,3.2,21.8,8.3,33.3,0.0,0.18,3.9,19.1,9.5,23.8,0.0,0.19,4.0,9.1,10.0,0.0,0.0,0.18,4.3,21.2,85.7,4.8,0.0,0.14,1.9,16.2,6.2,43.8,25.0,0.15,3.1,15.2,20.0,40.0,13.3,0.16,2.4,17.2,47.1,5.9,0.0,0.18,3.9,17.2,11.8,23.5,17.6,0.13,2.6,13.1,7.7,15.4,0.0,0.16,4.1,19.5,70.8,8.3,12.5,0.15,2.6,17.1,9.5,38.1,23.8,0.17,3.3,17.9,9.1,18.2,27.3,0.18,3.6,15.4,5.3,5.3,42.1,0.16,2.7,16.3,5.0,10.0,35.0,0.16,3.5,13.8,5.9,5.9,23.5,0.17,4.1,24.5,65.4,11.5,15.4,0.14,2.7,13.2,28.6,14.3,21.4,0.16,3.4,19.8,19.0,52.4,23.8,0.16,3.4,17.0,11.1,33.3,33.3,0.14,3.2,15.1,37.5,25.0,0.0,0.2,4.6,10.4,18.2,18.2,0.0,0.18,4.3,15.2,50.0,31.2,0.0,0.14,3.0,19.0,5.0,20.0,5.0,0.16,3.6,17.1,11.1,11.1,27.8,0.16,3.4,22.9,4.2,16.7,12.5,0.15,3.0,17.1,5.6,11.1,0.0,0.21,4.0,8.6,11.1,0.0,0.0,0.18,3.4
20260831,05,5,1800,4692,B1,福井,42.0,54.0,4.55,28.0,5.54,37.14,28,44.0,80,34.52,4649,B1,滋賀,42.0,52.0,5.65,40.77,5.95,42.11,17,37.63,76,40.7,4930,A2,福井,30.0,54.0,6.12,41.07,6.03,51.43,51,36.67,59,34.09,4808,A2,三重,37.0,50.0,6.29,44.95,6.89,55.56,37,41.38,32,34.78,5301,B1,群馬,23.0,52.0,5.26,32.11,3.33,14.29,11,34.48,77,40.45,4898,B1,埼玉,34.0,56.0,4.4,24.68,4.45,24.24,42,40.23,40,32.97,16.5,23.5,35.3,11.8,0.14,3.1,11.7,16.7,25.0,0.0,0.14,2.5,16.5,5.9,11.8,11.8,0.13,2.5,11.7,33.3,16.7,0.0,0.09,1.8,19.4,30.0,15.0,0.0,0.12,1.7,24.3,8.0,16.0,12.0,0.11,2.0,17.2,54.5,9.1,4.5,0.12,2.9,17.2,13.6,9.1,22.7,0.15,3.1,19.5,4.0,16.0,24.0,0.13,2.4,15.6,20.0,10.0,15.0,0.14,2.2,14.1,11.1,33.3,0.0,0.12,2.3,16.4,19.0,0.0,0.0,0.14,3.2,17.7,60.0,20.0,15.0,0.1,1.8,18.6,14.3,28.6,28.6,0.16,2.7,15.9,11.1,22.2,16.7,0.17,2.9,14.2,25.0,6.2,6.2,0.15,2.9,18.6,9.5,9.5,33.3,0.17,3.0,15.0,5.9,11.8,0.0,0.19,4.2,19.0,73.7,5.3,5.3,0.15,2.6,18.0,11.1,22.2,27.8,0.15,3.5,13.0,23.1,15.4,23.1,0.16,3.2,19.0,5.3,5.3,21.1,0.16,3.9,13.0,15.4,30.8,0.0,0.17,4.3,18.0,5.6,16.7,0.0,0.2,4.4,15.0,60.0,13.3,0.0,0.16,3.9,21.0,4.8,14.3,23.8,0.17,3.6,22.0,13.6,9.1,22.7,0.13,3.0,16.0,18.8,6.2,18.8,0.15,3.0,14.0,7.1,7.1,21.4,0.16,3.5,12.0,0.0,0.0,0.0,0.16,3.4,13.2,30.0,20.0,10.0,0.2,3.2,17.1,15.4,30.8,23.1,0.12,3.2,13.2,20.0,30.0,10.0,0.16,2.2,17.1,15.4,46.2,0.0,0.15,2.0,21.1,6.2,25.0,0.0,0.17,2.9,18.4,7.1,14.3,0.0,0.15,3.3
20260831,05,6,1800,5096,A2,東京,31.0,52.0,6.23,38.33,6.12,45.04,46,38.2,37,31.87,3880,B1,埼玉,53.0,55.0,4.23,15.48,4.84,31.25,18,39.33,62,34.48,5066,A1,埼玉,28.0,54.0,6.74,53.91,5.67,35.71,50,36.46,83,32.58,4594,B1,滋賀,44.0,52.0,6.12,45.95,6.0,43.48,68,27.85,48,28.77,4967,A1,大阪,28.0,51.0,6.54,45.04,5.35,38.71,26,29.87,50,38.64,5091,B1,福井,25.0,52.0,6.28,47.3,4.47,21.05,34,29.76,30,42.05,15.9,61.1,11.1,16.7,0.16,2.8,16.8,5.3,21.1,10.5,0.16,3.8,18.6,19.0,19.0,23.8,0.13,2.4,15.0,5.9,5.9,29.4,0.17,3.1,17.7,15.0,35.0,10.0,0.16,2.8,15.9,16.7,11.1,0.0,0.16,3.8,15.8,33.3,20.0,6.7,0.17,2.8,15.8,20.0,20.0,0.0,0.23,3.8,16.8,12.5,12.5,25.0,0.18,3.8,17.9,5.9,11.8,11.8,0.19,3.9,16.8,18.8,6.2,25.0,0.19,3.5,16.8,6.2,18.8,0.0,0.2,4.9,17.5,54.5,18.2,13.6,0.19,3.8,14.3,38.9,22.2,11.1,0.17,3.3,19.0,16.7,25.0,25.0,0.16,3.3,19.8,24.0,24.0,28.0,0.17,3.1,17.5,18.2,18.2,18.2,0.16,3.2,11.9,13.3,26.7,0.0,0.16,2.6,18.1,58.8,23.5,0.0,0.12,2.5,12.8,8.3,33.3,16.7,0.17,3.4,20.2,21.1,31.6,0.0,0.15,2.9,18.1,11.8,17.6,17.6,0.16,3.2,23.4,9.1,4.5,36.4,0.2,3.7,7.4,28.6,0.0,0.0,0.21,5.1,21.4,72.7,13.6,4.5,0.15,3.5,14.6,6.7,13.3,33.3,0.19,3.7,17.5,22.2,22.2,22.2,0.14,2.8,16.5,17.6,23.5,23.5,0.14,2.6,19.4,15.0,20.0,20.0,0.14,2.9,10.7,27.3,18.2,0.0,0.17,4.2,15.1,90.9,9.1,0.0,0.16,3.0,15.1,9.1,45.5,9.1,0.19,4.2,23.3,29.4,11.8,23.5,0.18,3.5,13.7,30.0,10.0,30.0,0.18,2.6,17.8,23.1,23.1,0.0,0.15,3.1,15.1,9.1,27.3,0.0,0.15,2.7
20260831,05,7,1800,4702,A1,東京,39.0,52.0,6.03,46.81,6.61,57.89,19,34.62,72,38.89,4631,B1,大阪,39.0,53.0,4.8,31.4,5.31,36.11,16,26.14,38,31.58,3912,B1,福井,52.0,51.0,5.92,44.17,5.0,36.84,32,52.63,31,30.68,3909,A1,静岡,53.0,56.0,6.87,53.97,6.7,45.0,49,39.8,49,30.95,5114,B1,福井,26.0,52.0,5.88,46.27,6.19,47.62,12,32.47,21,31.52,4532,A1,埼玉,37.0,50.0,6.83,52.63,6.33,48.15,27,39.13,26,44.94,20.3,79.2,12.5,0.0,0.13,2.8,19.5,21.7,30.4,4.3,0.15,2.9,13.6,37.5,6.2,18.8,0.16,3.8,13.6,18.8,31.2,18.8,0.14,3.2,16.1,26.3,10.5,15.8,0.15,2.3,16.9,25.0,15.0,0.0,0.13,3.3,13.0,58.3,16.7,0.0,0.09,1.8,18.5,5.9,29.4,17.6,0.17,3.2,15.2,21.4,14.3,14.3,0.14,3.4,20.7,5.3,15.8,15.8,0.19,3.8,19.6,11.1,16.7,0.0,0.17,2.6,13.0,8.3,8.3,0.0,0.14,2.7,18.4,81.0,9.5,0.0,0.16,2.4,14.9,17.6,29.4,11.8,0.14,2.7,14.9,17.6,5.9,23.5,0.16,2.5,20.2,17.4,8.7,17.4,0.13,2.9,16.7,5.3,5.3,15.8,0.15,2.6,14.9,5.9,0.0,0.0,0.16,3.6,22.8,79.3,10.3,3.4,0.09,1.9,16.5,19.0,47.6,19.0,0.13,2.4,20.5,15.4,19.2,15.4,0.13,2.3,18.9,4.2,33.3,16.7,0.13,2.4,17.3,27.3,9.1,18.2,0.11,2.0,3.9,20.0,0.0,0.0,0.14,3.6,21.8,62.1,17.2,3.4,0.15,2.4,18.8,12.0,36.0,16.0,0.15,2.4,18.8,12.0,16.0,24.0,0.17,3.0,12.8,23.5,11.8,0.0,0.15,3.1,11.3,6.7,6.7,13.3,0.18,3.5,16.5,4.5,18.2,0.0,0.19,4.4,25.0,70.3,18.9,0.0,0.12,2.1,22.3,27.3,45.5,12.1,0.14,2.6,16.2,12.5,41.7,16.7,0.12,2.2,15.5,17.4,21.7,21.7,0.12,2.7,12.2,16.7,16.7,33.3,0.13,3.3,8.8,7.7,15.4,15.4,0.17,3.7
20260831,05,8,1800,4150,A2,静岡,44.0,58.0,5.82,41.38,6.48,50.0,63,36.46,55,33.68,3556,A1,大阪,53.0,55.0,6.93,53.64,7.55,70.0,13,27.91,54,28.05,4962,A2,三重,30.0,52.0,5.33,32.58,6.24,47.62,41,28.38,85,44.44,5036,B1,大阪,28.0,53.0,5.33,32.79,4.41,23.53,54,45.65,29,42.86,3454,B1,岡山,55.0,56.0,5.35,37.36,0.0,0.0,71,38.3,56,38.89,3482,B1,群馬,55.0,61.0,4.99,30.23,6.0,47.06,74,32.99,81,30.23,16.9,60.0,20.0,5.0,0.16,3.0,17.8,19.0,28.6,19.0,0.15,2.7,19.5,21.7,21.7,17.4,0.13,3.3,14.4,35.3,17.6,23.5,0.13,2.7,16.9,5.0,10.0,20.0,0.15,3.3,14.4,17.6,0.0,0.0,0.16,3.1,24.8,64.3,17.9,17.9,0.14,2.8,12.4,7.1,50.0,21.4,0.13,3.1,16.8,31.6,31.6,10.5,0.13,2.5,14.2,12.5,18.8,25.0,0.15,3.4,16.8,10.5,15.8,26.3,0.15,2.6,15.0,11.8,11.8,0.0,0.13,3.4,19.5,70.8,8.3,12.5,0.15,2.6,17.1,9.5,38.1,23.8,0.17,3.3,17.9,9.1,18.2,27.3,0.18,3.6,15.4,5.3,5.3,42.1,0.16,2.7,16.3,5.0,10.0,35.0,0.16,3.5,13.8,5.9,5.9,23.5,0.17,4.1,12.6,46.7,13.3,0.0,0.18,3.8,16.8,5.0,40.0,5.0,0.18,3.6,21.8,15.4,23.1,3.8,0.19,3.3,17.6,19.0,9.5,9.5,0.13,2.7,17.6,33.3,14.3,0.0,0.18,4.0,13.4,18.8,6.2,18.8,0.2,4.2,20.9,26.3,31.6,31.6,0.21,3.3,16.5,6.7,26.7,13.3,0.15,3.8,14.3,23.1,23.1,30.8,0.15,3.2,13.2,8.3,16.7,25.0,0.14,2.3,15.4,14.3,14.3,21.4,0.15,2.6,19.8,11.1,0.0,0.0,0.19,4.1,18.0,33.3,33.3,8.3,0.14,3.2,16.5,18.2,22.7,0.0,0.15,3.4,18.0,4.2,25.0,16.7,0.14,2.8,14.3,15.8,15.8,0.0,0.17,3.7,16.5,9.1,9.1,36.4,0.15,3.0,16.5,9.1,13.6,0.0,0.16,3.0
20260831,05,9,1800,5089,A1,愛知,26.0,52.0,7.13,57.89,6.89,55.56,21,32.89,66,51.69,5280,A1,滋賀,23.0,52.0,6.98,53.49,4.78,27.78,45,35.56,52,39.33,4898,B1,埼玉,34.0,56.0,4.4,24.68,4.45,24.24,42,40.23,40,32.97,3654,A2,福井,52.0,52.0,6.92,57.69,5.68,31.58,66,35.8,45,39.13,4740,B1,静岡,34.0,54.0,4.51,21.57,5.17,30.43,65,36.59,27,36.46,4630,A2,愛知,39.0,53.0,5.6,34.57,5.19,33.33,44,30.38,25,35.0,24.5,65.4,11.5,15.4,0.14,2.7,13.2,28.6,14.3,21.4,0.16,3.4,19.8,19.0,52.4,23.8,0.16,3.4,17.0,11.1,33.3,33.3,0.14,3.2,15.1,37.5,25.0,0.0,0.2,4.6,10.4,18.2,18.2,0.0,0.18,4.3,19.8,83.3,12.5,4.2,0.14,2.8,20.7,24.0,32.0,24.0,0.15,2.6,12.4,26.7,20.0,20.0,0.15,2.1,14.0,5.9,35.3,29.4,0.17,3.2,19.8,20.8,29.2,33.3,0.17,3.3,13.2,6.2,37.5,0.0,0.22,4.7,13.2,30.0,20.0,10.0,0.2,3.2,17.1,15.4,30.8,23.1,0.12,3.2,13.2,20.0,30.0,10.0,0.16,2.2,17.1,15.4,46.2,0.0,0.15,2.0,21.1,6.2,25.0,0.0,0.17,2.9,18.4,7.1,14.3,0.0,0.15,3.3,20.3,54.2,16.7,12.5,0.16,3.2,18.6,13.6,36.4,18.2,0.16,2.7,15.3,22.2,27.8,16.7,0.15,3.4,23.7,25.0,17.9,7.1,0.17,2.8,11.0,30.8,15.4,0.0,0.18,3.8,11.0,7.7,7.7,7.7,0.17,3.6,12.9,36.4,18.2,9.1,0.15,3.5,17.6,33.3,40.0,0.0,0.14,2.7,17.6,6.7,33.3,13.3,0.15,3.1,18.8,6.2,18.8,12.5,0.18,3.7,18.8,6.2,12.5,12.5,0.22,4.1,14.1,16.7,0.0,0.0,0.18,4.7,21.1,60.9,17.4,17.4,0.18,4.0,13.8,20.0,26.7,20.0,0.17,3.8,16.5,11.1,16.7,38.9,0.2,3.4,15.6,5.9,23.5,29.4,0.18,3.6,14.7,18.8,25.0,0.0,0.19,4.1,18.3,10.0,15.0,0.0,0.2,4.8
20260831,05,10,1800,4832,A1,大阪,39.0,50.0,6.66,46.88,7.12,54.55,31,38.37,82,28.41,5050,A2,滋賀,31.0,53.0,5.87,41.44,5.44,38.89,75,37.78,46,30.43,3441,B1,群馬,57.0,55.0,4.61,22.94,5.64,36.36,61,38.04,61,39.78,4930,A2,福井,30.0,54.0,6.12,41.07,6.03,51.43,51,36.67,59,34.09,5096,A2,東京,31.0,52.0,6.23,38.33,6.12,45.04,46,38.2,37,31.87,4876,B1,福井,32.0,54.0,4.82,28.95,5.04,30.77,55,43.14,75,36.26,20.6,79.3,13.8,3.4,0.13,2.5,17.7,32.0,20.0,12.0,0.14,2.6,16.3,17.4,26.1,26.1,0.14,2.9,14.9,23.8,33.3,23.8,0.14,2.3,17.0,16.7,33.3,0.0,0.14,3.4,13.5,15.8,31.6,0.0,0.16,4.3,16.3,60.0,13.3,13.3,0.18,3.9,17.4,25.0,18.8,12.5,0.17,3.1,16.3,20.0,20.0,26.7,0.17,2.8,16.3,20.0,26.7,26.7,0.18,4.3,19.6,16.7,16.7,5.6,0.15,3.0,14.1,7.7,30.8,0.0,0.18,4.0,12.7,42.9,28.6,0.0,0.18,3.1,20.0,9.1,40.9,22.7,0.19,3.9,17.3,5.3,10.5,15.8,0.17,3.2,21.8,8.3,33.3,0.0,0.18,3.9,19.1,9.5,23.8,0.0,0.19,4.0,9.1,10.0,0.0,0.0,0.18,4.3,17.7,60.0,20.0,15.0,0.1,1.8,18.6,14.3,28.6,28.6,0.16,2.7,15.9,11.1,22.2,16.7,0.17,2.9,14.2,25.0,6.2,6.2,0.15,2.9,18.6,9.5,9.5,33.3,0.17,3.0,15.0,5.9,11.8,0.0,0.19,4.2,15.9,61.1,11.1,16.7,0.16,2.8,16.8,5.3,21.1,10.5,0.16,3.8,18.6,19.0,19.0,23.8,0.13,2.4,15.0,5.9,5.9,29.4,0.17,3.1,17.7,15.0,35.0,10.0,0.16,2.8,15.9,16.7,11.1,0.0,0.16,3.8,15.4,66.7,11.1,0.0,0.16,2.9,17.9,38.1,9.5,0.0,0.18,3.7,15.4,11.1,16.7,16.7,0.18,3.7,19.7,13.0,26.1,21.7,0.17,3.2,12.8,6.7,20.0,0.0,0.13,2.9,18.8,13.6,0.0,0.0,0.19,4.2
20260831,05,11,1800,3909,A1,静岡,53.0,56.0,6.87,53.97,6.7,45.0,49,39.8,49,30.95,5066,A1,埼玉,28.0,54.0,6.74,53.91,5.67,35.71,50,36.46,83,32.58,5166,A2,愛知,26.0,52.0,6.18,42.06,6.5,41.67,57,46.91,60,33.7,5038,A2,福井,28.0,51.0,6.49,51.09,4.64,24.0,36,37.08,69,44.32,4639,B1,大阪,35.0,54.0,4.31,22.55,4.94,29.41,67,42.67,33,34.07,4649,B1,滋賀,42.0,52.0,5.65,40.77,5.95,42.11,17,37.63,76,40.7,22.8,79.3,10.3,3.4,0.09,1.9,16.5,19.0,47.6,19.0,0.13,2.4,20.5,15.4,19.2,15.4,0.13,2.3,18.9,4.2,33.3,16.7,0.13,2.4,17.3,27.3,9.1,18.2,0.11,2.0,3.9,20.0,0.0,0.0,0.14,3.6,17.5,54.5,18.2,13.6,0.19,3.8,14.3,38.9,22.2,11.1,0.17,3.3,19.0,16.7,25.0,25.0,0.16,3.3,19.8,24.0,24.0,28.0,0.17,3.1,17.5,18.2,18.2,18.2,0.16,3.2,11.9,13.3,26.7,0.0,0.16,2.6,19.6,57.9,21.1,10.5,0.16,3.4,13.4,7.7,23.1,30.8,0.2,4.0,20.6,30.0,15.0,35.0,0.13,2.4,15.5,6.7,20.0,20.0,0.18,3.3,14.4,14.3,7.1,64.3,0.15,2.7,16.5,6.2,18.8,0.0,0.17,3.6,17.5,71.4,21.4,0.0,0.17,2.6,22.5,27.8,38.9,16.7,0.18,2.7,11.2,22.2,22.2,0.0,0.16,3.2,17.5,14.3,21.4,42.9,0.14,2.7,16.2,15.4,7.7,30.8,0.16,3.5,15.0,8.3,25.0,0.0,0.18,3.5,15.2,50.0,31.2,0.0,0.14,3.0,19.0,5.0,20.0,5.0,0.16,3.6,17.1,11.1,11.1,27.8,0.16,3.4,22.9,4.2,16.7,12.5,0.15,3.0,17.1,5.6,11.1,0.0,0.21,4.0,8.6,11.1,0.0,0.0,0.18,3.4,17.2,54.5,9.1,4.5,0.12,2.9,17.2,13.6,9.1,22.7,0.15,3.1,19.5,4.0,16.0,24.0,0.13,2.4,15.6,20.0,10.0,15.0,0.14,2.2,14.1,11.1,33.3,0.0,0.12,2.3,16.4,19.0,0.0,0.0,0.14,3.2
20260831,05,12,1800,3556,A1,大阪,53.0,55.0,6.93,53.64,7.55,70.0,13,27.91,54,28.05,4532,A1,埼玉,37.0,50.0,6.83,52.63,6.33,48.15,27,39.13,26,44.94,4808,A2,三重,37.0,50.0,6.29,44.95,6.89,55.56,37,41.38,32,34.78,4973,B1,埼玉,34.0,52.0,5.1,31.52,5.14,25.0,43,30.23,24,28.89,4594,B1,滋賀,44.0,52.0,6.12,45.95,6.0,43.48,68,27.85,48,28.77,4910,A1,愛知,30.0,51.0,6.96,56.14,6.75,50.0,60,26.25,47,39.08,24.8,64.3,17.9,17.9,0.14,2.8,12.4,7.1,50.0,21.4,0.13,3.1,16.8,31.6,31.6,10.5,0.13,2.5,14.2,12.5,18.8,25.0,0.15,3.4,16.8,10.5,15.8,26.3,0.15,2.6,15.0,11.8,11.8,0.0,0.13,3.4,25.0,70.3,18.9,0.0,0.12,2.1,22.3,27.3,45.5,12.1,0.14,2.6,16.2,12.5,41.7,16.7,0.12,2.2,15.5,17.4,21.7,21.7,0.12,2.7,12.2,16.7,16.7,33.3,0.13,3.3,8.8,7.7,15.4,15.4,0.17,3.7,19.0,73.7,5.3,5.3,0.15,2.6,18.0,11.1,22.2,27.8,0.15,3.5,13.0,23.1,15.4,23.1,0.16,3.2,19.0,5.3,5.3,21.1,0.16,3.9,13.0,15.4,30.8,0.0,0.17,4.3,18.0,5.6,16.7,0.0,0.2,4.4,19.0,54.2,8.3,16.7,0.15,2.6,17.5,9.1,13.6,13.6,0.16,3.2,14.3,11.1,27.8,11.1,0.15,2.3,18.3,13.0,17.4,0.0,0.16,2.6,15.1,31.6,26.3,0.0,0.18,3.1,15.9,20.0,0.0,0.0,0.2,4.0,18.1,58.8,23.5,0.0,0.12,2.5,12.8,8.3,33.3,16.7,0.17,3.4,20.2,21.1,31.6,0.0,0.15,2.9,18.1,11.8,17.6,17.6,0.16,3.2,23.4,9.1,4.5,36.4,0.2,3.7,7.4,28.6,0.0,0.0,0.21,5.1,21.2,85.7,4.8,0.0,0.14,1.9,16.2,6.2,43.8,25.0,0.15,3.1,15.2,20.0,40.0,13.3,0.16,2.4,17.2,47.1,5.9,0.0,0.18,3.9,17.2,11.8,23.5,17.6,0.13,2.6,13.1,7.7,15.4,0.0,0.16,4.1
20260831,04,1,1800,4944,B1,東京,35.0,54.0,3.93,16.85,4.35,20.73,72,23.26,71,42.31,4957,B1,福岡,31.0,56.0,5.49,36.19,5.67,36.36,26,32.0,62,31.15,4797,A1,三重,34.0,55.0,6.25,46.6,5.5,50.0,19,35.71,36,32.43,4339,B1,福井,42.0,53.0,3.9,13.54,4.32,21.05,67,19.57,37,25.49,3696,B1,埼玉,54.0,52.0,4.94,26.47,5.31,38.46,56,16.28,33,33.33,3797,B1,広島,53.0,61.0,3.81,15.25,5.03,24.24,24,39.02,63,39.22,9.1,37.5,0.0,0.0,0.19,3.5,19.3,11.8,11.8,5.9,0.18,3.3,19.3,11.8,11.8,23.5,0.15,2.5,20.5,5.6,5.6,11.1,0.21,3.6,12.5,18.2,18.2,0.0,0.15,3.1,19.3,5.9,17.6,11.8,0.17,3.2,12.0,66.7,25.0,0.0,0.16,2.7,19.0,10.5,26.3,31.6,0.17,3.6,17.0,11.8,23.5,17.6,0.18,3.0,19.0,10.5,10.5,36.8,0.16,3.2,20.0,10.0,30.0,0.0,0.17,3.4,13.0,7.7,7.7,0.0,0.19,4.4,15.1,85.7,7.1,7.1,0.14,2.9,16.1,26.7,40.0,13.3,0.09,1.3,18.3,35.3,17.6,17.6,0.13,2.6,15.1,28.6,28.6,21.4,0.1,2.1,15.1,42.9,35.7,0.0,0.15,2.6,20.4,15.8,21.1,0.0,0.14,3.1,15.5,26.7,26.7,0.0,0.16,2.5,18.6,5.6,22.2,5.6,0.21,4.3,16.5,6.2,25.0,0.0,0.19,3.6,14.4,7.1,50.0,0.0,0.18,3.7,21.6,4.8,14.3,0.0,0.19,3.5,13.4,7.7,7.7,0.0,0.21,4.4,13.7,30.8,30.8,15.4,0.17,3.6,18.9,11.1,22.2,22.2,0.18,4.4,15.8,13.3,13.3,13.3,0.18,3.5,16.8,12.5,31.2,0.0,0.16,4.1,20.0,10.5,10.5,21.1,0.16,4.1,14.7,7.1,0.0,0.0,0.2,4.4,14.4,13.3,33.3,0.0,0.19,3.1,18.3,15.8,5.3,0.0,0.2,4.9,17.3,5.6,16.7,16.7,0.2,3.9,20.2,28.6,0.0,0.0,0.2,4.9,17.3,16.7,0.0,0.0,0.24,4.9,12.5,23.1,0.0,0.0,0.19,3.5
20260831,04,2,1800,3306,B1,埼玉,58.0,53.0,4.15,20.95,3.22,11.11,48,28.0,50,22.64,5172,B1,徳島,25.0,52.0,5.11,34.78,5.09,36.36,33,34.69,61,27.08,4003,B1,福井,48.0,56.0,5.53,33.71,0.0,0.0,52,25.0,48,16.13,3957,B1,愛知,49.0,55.0,5.12,30.56,5.44,38.89,59,23.08,44,36.0,4430,A2,東京,40.0,57.0,5.76,35.94,5.96,41.43,12,62.32,43,32.08,4189,A1,福岡,45.0,55.0,5.76,33.86,5.91,36.36,69,27.91,41,37.78,16.5,20.0,20.0,20.0,0.14,3.0,18.7,5.9,23.5,0.0,0.16,3.8,16.5,13.3,6.7,20.0,0.18,3.4,19.8,11.1,11.1,27.8,0.14,2.4,16.5,6.7,13.3,0.0,0.17,3.1,12.1,18.2,0.0,0.0,0.16,3.2,16.3,57.1,7.1,7.1,0.22,4.2,17.4,6.7,26.7,13.3,0.18,4.4,14.0,16.7,16.7,0.0,0.21,4.4,17.4,20.0,13.3,0.0,0.19,4.1,17.4,6.7,6.7,26.7,0.17,4.5,17.4,13.3,13.3,0.0,0.18,4.1,16.0,46.7,13.3,13.3,0.16,3.0,14.9,14.3,35.7,14.3,0.2,4.4,19.1,11.1,38.9,5.6,0.17,3.1,16.0,53.3,13.3,0.0,0.2,4.2,16.0,6.7,33.3,0.0,0.19,3.9,18.1,17.6,17.6,0.0,0.17,3.4,16.4,50.0,11.1,22.2,0.2,3.4,16.4,11.1,33.3,16.7,0.2,3.8,17.3,21.1,15.8,21.1,0.19,3.6,16.4,5.6,11.1,11.1,0.17,3.6,21.8,4.2,8.3,29.2,0.19,3.7,11.8,15.4,30.8,0.0,0.21,5.2,19.7,44.4,22.2,18.5,0.16,2.6,18.2,20.0,32.0,16.0,0.16,3.2,15.3,33.3,14.3,19.0,0.15,2.8,17.5,8.3,20.8,20.8,0.18,3.4,16.1,22.7,13.6,0.0,0.19,3.3,13.1,16.7,22.2,0.0,0.19,4.1,22.5,73.5,2.9,11.8,0.16,2.9,21.9,12.1,21.2,30.3,0.15,3.8,18.5,35.7,21.4,21.4,0.17,2.9,17.9,29.6,22.2,14.8,0.16,3.1,11.9,16.7,5.6,22.2,0.16,3.1,7.3,27.3,0.0,0.0,0.2,4.3
20260831,04,3,1800,4747,B1,長崎,41.0,52.0,3.87,14.81,4.19,25.0,70,20.0,64,28.57,3589,B1,埼玉,52.0,57.0,4.31,26.92,5.42,36.36,47,28.0,65,28.89,4207,A1,静岡,43.0,54.0,5.99,49.5,6.45,47.73,10,38.89,54,35.19,3455,B1,愛知,55.0,52.0,4.67,27.64,5.72,44.0,68,40.0,66,18.75,3931,A2,三重,50.0,51.0,6.0,38.53,6.0,40.0,38,43.14,45,35.29,5153,B1,東京,30.0,48.0,3.61,13.86,3.2,9.84,35,22.22,60,44.0,12.1,36.4,9.1,0.0,0.16,4.2,17.6,12.5,18.8,6.2,0.16,3.5,18.7,29.4,11.8,0.0,0.18,4.1,14.3,7.7,7.7,15.4,0.14,3.0,17.6,6.2,6.2,0.0,0.16,3.2,19.8,0.0,0.0,0.0,0.21,4.2,15.4,50.0,7.1,28.6,0.18,3.6,19.8,11.1,11.1,16.7,0.18,3.3,16.5,33.3,20.0,0.0,0.13,2.1,14.3,7.7,15.4,0.0,0.1,2.2,19.8,5.6,5.6,16.7,0.18,3.1,14.3,7.7,0.0,0.0,0.17,3.0,18.9,60.0,15.0,5.0,0.14,2.4,15.1,18.8,43.8,12.5,0.13,2.2,17.9,36.8,31.6,10.5,0.14,2.4,15.1,25.0,12.5,37.5,0.13,1.9,16.0,17.6,5.9,11.8,0.11,2.2,17.0,11.1,11.1,11.1,0.11,2.2,17.3,57.9,15.8,5.3,0.17,2.8,14.5,18.8,18.8,6.2,0.16,2.6,20.9,8.7,30.4,17.4,0.16,3.2,15.5,23.5,11.8,0.0,0.17,3.2,14.5,43.8,0.0,0.0,0.15,3.1,17.3,10.5,10.5,0.0,0.23,4.9,18.4,43.8,25.0,6.2,0.14,2.5,13.8,25.0,33.3,16.7,0.16,2.3,17.2,13.3,26.7,26.7,0.15,2.9,17.2,6.7,26.7,13.3,0.15,2.9,12.6,9.1,36.4,0.0,0.15,2.6,20.7,5.6,11.1,27.8,0.16,3.3,13.5,15.4,7.7,7.7,0.17,2.6,20.8,5.0,20.0,20.0,0.19,3.6,17.7,11.8,17.6,11.8,0.17,2.6,14.6,42.9,0.0,0.0,0.15,2.6,18.8,5.6,11.1,0.0,0.17,2.9,14.6,21.4,7.1,0.0,0.12,1.8
20260831,04,4,1800,3175,B1,東京,62.0,48.0,4.54,21.74,5.45,37.93,50,56.6,57,55.1,4816,A2,広島,35.0,57.0,5.44,35.09,5.52,30.43,13,25.53,10,32.76,4593,A2,大阪,45.0,52.0,5.98,37.5,7.64,72.73,55,25.53,55,39.34,4474,B1,福岡,38.0,57.0,5.22,35.35,6.0,55.56,44,12.82,72,40.0,3333,A1,徳島,58.0,52.0,6.51,49.61,6.16,52.63,32,17.39,51,47.27,3615,B1,広島,53.0,50.0,4.54,29.0,3.83,16.67,64,34.04,58,21.28,12.1,9.1,36.4,18.2,0.18,3.5,20.9,10.5,21.1,42.1,0.17,3.3,17.6,6.2,18.8,18.8,0.16,3.2,17.6,6.2,18.8,25.0,0.15,2.3,18.7,5.9,23.5,0.0,0.16,3.0,13.2,8.3,8.3,0.0,0.21,3.7,17.3,58.8,17.6,11.8,0.13,2.7,14.3,14.3,42.9,14.3,0.12,2.4,20.4,5.0,25.0,25.0,0.14,3.2,17.3,17.6,17.6,11.8,0.16,3.1,16.3,6.2,12.5,12.5,0.18,3.5,14.3,14.3,28.6,0.0,0.21,3.9,18.5,52.0,16.0,16.0,0.16,3.1,17.0,21.7,30.4,26.1,0.15,3.4,15.6,14.3,14.3,33.3,0.18,3.9,16.3,9.1,18.2,18.2,0.17,3.7,21.5,13.8,44.8,0.0,0.17,3.6,11.1,13.3,26.7,0.0,0.18,4.1,16.7,52.9,17.6,11.8,0.16,2.9,18.6,26.3,21.1,0.0,0.19,4.5,16.7,17.6,29.4,11.8,0.16,2.9,18.6,10.5,21.1,26.3,0.18,3.9,20.6,14.3,33.3,0.0,0.21,3.8,8.8,11.1,0.0,0.0,0.24,5.1,23.1,70.0,16.7,0.0,0.12,2.1,13.1,17.6,23.5,17.6,0.15,3.6,14.6,15.8,42.1,15.8,0.16,2.6,20.0,11.5,19.2,15.4,0.16,3.2,18.5,8.3,12.5,29.2,0.17,3.1,10.8,14.3,28.6,0.0,0.16,3.1,18.1,35.3,47.1,11.8,0.14,2.3,12.8,8.3,33.3,16.7,0.18,4.1,17.0,6.2,25.0,18.8,0.18,3.2,17.0,18.8,6.2,6.2,0.16,3.4,19.1,11.1,11.1,0.0,0.16,3.5,16.0,0.0,0.0,0.0,0.17,4.3
20260831,04,5,1800,4835,B1,広島,38.0,52.0,5.01,27.59,0.0,0.0,25,42.31,34,27.5,4376,A2,静岡,42.0,53.0,5.78,42.65,6.0,50.0,65,36.54,49,19.23,5010,A2,三重,29.0,55.0,5.66,40.17,5.03,27.59,45,20.0,75,38.78,3965,A1,滋賀,47.0,54.0,5.86,41.98,6.51,45.95,53,22.86,56,21.05,4733,B1,徳島,37.0,49.0,5.46,40.0,4.41,29.41,41,42.86,69,39.53,4339,B1,福井,42.0,53.0,3.9,13.54,4.32,21.05,67,19.57,37,25.49,15.6,60.0,13.3,13.3,0.17,3.1,14.6,14.3,14.3,28.6,0.14,2.4,16.7,12.5,37.5,0.0,0.15,2.9,17.7,17.6,29.4,0.0,0.14,3.1,18.8,5.6,27.8,0.0,0.15,3.1,16.7,25.0,0.0,0.0,0.16,3.4,18.9,77.8,3.7,3.7,0.13,1.7,18.2,7.7,38.5,15.4,0.14,3.0,16.1,17.4,26.1,26.1,0.14,2.5,14.0,25.0,15.0,15.0,0.17,3.3,14.7,9.5,4.8,9.5,0.17,3.0,18.2,3.8,3.8,7.7,0.18,4.3,21.3,66.7,20.0,10.0,0.11,2.1,19.1,3.7,18.5,29.6,0.16,2.7,13.5,5.3,31.6,21.1,0.13,2.4,19.1,14.8,18.5,7.4,0.14,2.5,14.9,4.8,14.3,19.0,0.15,3.1,12.1,11.8,11.8,0.0,0.14,3.3,18.2,54.5,22.7,18.2,0.16,3.0,19.8,16.7,37.5,20.8,0.18,3.7,15.7,15.8,47.4,15.8,0.18,3.8,19.0,30.4,21.7,17.4,0.17,3.1,13.2,12.5,18.8,18.8,0.18,3.9,14.0,5.9,29.4,0.0,0.16,4.2,15.0,50.0,33.3,8.3,0.14,2.6,15.0,8.3,25.0,25.0,0.16,2.8,18.8,6.7,13.3,20.0,0.16,2.9,18.8,13.3,40.0,0.0,0.14,3.3,11.2,11.1,11.1,0.0,0.16,3.8,21.2,5.9,5.9,0.0,0.14,2.6,15.5,26.7,26.7,0.0,0.16,2.5,18.6,5.6,22.2,5.6,0.21,4.3,16.5,6.2,25.0,0.0,0.19,3.6,14.4,7.1,50.0,0.0,0.18,3.7,21.6,4.8,14.3,0.0,0.19,3.5,13.4,7.7,7.7,0.0,0.21,4.4
20260831,04,6,1800,5056,B2,徳島,30.0,46.0,4.94,33.33,6.8,50.0,17,30.19,70,48.0,4003,B1,福井,48.0,56.0,5.53,33.71,0.0,0.0,52,25.0,48,16.13,4899,B1,福岡,34.0,52.0,4.27,24.73,4.7,29.73,61,48.08,40,27.5,4797,A1,三重,34.0,55.0,6.25,46.6,5.5,50.0,19,35.71,36,32.43,5221,A1,大阪,25.0,54.0,6.85,50.83,7.42,64.52,71,24.49,53,46.94,4022,B1,福岡,46.0,57.0,4.86,28.28,5.18,35.0,39,14.63,46,27.27,0.0,0.0,0.0,0.0,0.0,0.0,0.0,0.0,0.0,0.0,0.0,0.0,0.0,0.0,0.0,0.0,0.0,0.0,0.0,0.0,0.0,0.0,0.0,0.0,0.0,0.0,0.0,0.0,0.0,0.0,0.0,0.0,0.0,0.0,0.0,0.0,16.0,46.7,13.3,13.3,0.16,3.0,14.9,14.3,35.7,14.3,0.2,4.4,19.1,11.1,38.9,5.6,0.17,3.1,16.0,53.3,13.3,0.0,0.2,4.2,16.0,6.7,33.3,0.0,0.19,3.9,18.1,17.6,17.6,0.0,0.17,3.4,13.3,50.0,16.7,8.3,0.13,2.8,18.9,23.5,17.6,11.8,0.19,3.1,18.9,5.9,11.8,17.6,0.14,2.8,17.8,12.5,18.8,0.0,0.18,3.1,18.9,17.6,11.8,0.0,0.15,3.1,12.2,9.1,27.3,0.0,0.15,3.3,15.1,85.7,7.1,7.1,0.14,2.9,16.1,26.7,40.0,13.3,0.09,1.3,18.3,35.3,17.6,17.6,0.13,2.6,15.1,28.6,28.6,21.4,0.1,2.1,15.1,42.9,35.7,0.0,0.15,2.6,20.4,15.8,21.1,0.0,0.14,3.1,21.9,67.6,8.8,5.9,0.14,2.2,14.2,18.2,36.4,18.2,0.15,3.5,16.1,20.0,28.0,20.0,0.15,3.1,16.8,19.2,11.5,23.1,0.14,2.5,16.1,12.0,36.0,20.0,0.16,3.4,14.8,4.3,4.3,17.4,0.16,4.0,13.7,40.0,0.0,0.0,0.17,3.8,16.4,8.3,25.0,0.0,0.15,3.0,17.8,7.7,30.8,7.7,0.19,2.9,23.3,5.9,11.8,11.8,0.14,2.8,17.8,7.7,23.1,0.0,0.15,3.2,11.0,12.5,0.0,0.0,0.18,4.5
20260831,04,7,1800,3957,B1,愛知,49.0,55.0,5.12,30.56,5.44,38.89,59,23.08,44,36.0,3837,A2,香川,51.0,52.0,6.5,46.85,0.0,0.0,63,25.49,32,34.62,4230,A2,埼玉,43.0,55.0,6.41,48.39,7.17,56.67,22,13.64,52,42.31,4944,B1,東京,35.0,54.0,3.93,16.85,4.35,20.73,72,23.26,71,42.31,4957,B1,福岡,31.0,56.0,5.49,36.19,5.67,36.36,26,32.0,62,31.15,3557,A1,大阪,53.0,55.0,6.62,50.65,0.0,0.0,54,21.43,39,31.91,16.4,50.0,11.1,22.2,0.2,3.4,16.4,11.1,33.3,16.7,0.2,3.8,17.3,21.1,15.8,21.1,0.19,3.6,16.4,5.6,11.1,11.1,0.17,3.6,21.8,4.2,8.3,29.2,0.19,3.7,11.8,15.4,30.8,0.0,0.21,5.2,19.5,73.9,17.4,0.0,0.15,3.1,14.4,11.8,29.4,35.3,0.17,2.9,17.8,19.0,28.6,28.6,0.14,3.0,16.9,10.0,25.0,15.0,0.18,3.5,15.3,16.7,11.1,22.2,0.18,4.1,16.1,15.8,10.5,0.0,0.2,4.1,18.8,66.7,13.3,6.7,0.16,3.1,12.5,30.0,40.0,10.0,0.17,4.2,18.8,46.7,20.0,20.0,0.11,1.5,17.5,21.4,28.6,21.4,0.17,2.8,18.8,33.3,13.3,0.0,0.16,3.0,13.8,9.1,9.1,9.1,0.19,4.3,9.1,37.5,0.0,0.0,0.19,3.5,19.3,11.8,11.8,5.9,0.18,3.3,19.3,11.8,11.8,23.5,0.15,2.5,20.5,5.6,5.6,11.1,0.21,3.6,12.5,18.2,18.2,0.0,0.15,3.1,19.3,5.9,17.6,11.8,0.17,3.2,12.0,66.7,25.0,0.0,0.16,2.7,19.0,10.5,26.3,31.6,0.17,3.6,17.0,11.8,23.5,17.6,0.18,3.0,19.0,10.5,10.5,36.8,0.16,3.2,20.0,10.0,30.0,0.0,0.17,3.4,13.0,7.7,7.7,0.0,0.19,4.4,22.6,61.1,27.8,2.8,0.16,3.1,15.1,12.5,37.5,16.7,0.13,3.3,14.5,21.7,13.0,39.1,0.12,2.5,15.1,8.3,25.0,29.2,0.15,3.1,16.4,19.2,23.1,15.4,0.18,3.1,16.4,3.8,11.5,11.5,0.15,3.6
20260831,04,8,1800,4593,A2,大阪,45.0,52.0,5.98,37.5,7.64,72.73,55,25.53,55,39.34,4909,B1,岡山,30.0,44.0,4.79,32.97,5.44,33.33,66,32.65,68,40.82,4474,B1,福岡,38.0,57.0,5.22,35.35,6.0,55.56,44,12.82,72,40.0,4207,A1,静岡,43.0,54.0,5.99,49.5,6.45,47.73,10,38.89,54,35.19,5172,B1,徳島,25.0,52.0,5.11,34.78,5.09,36.36,33,34.69,61,27.08,3589,B1,埼玉,52.0,57.0,4.31,26.92,5.42,36.36,47,28.0,65,28.89,18.5,52.0,16.0,16.0,0.16,3.1,17.0,21.7,30.4,26.1,0.15,3.4,15.6,14.3,14.3,33.3,0.18,3.9,16.3,9.1,18.2,18.2,0.17,3.7,21.5,13.8,44.8,0.0,0.17,3.6,11.1,13.3,26.7,0.0,0.18,4.1,15.5,56.2,18.8,12.5,0.15,2.1,23.3,12.5,20.8,16.7,0.18,3.7,14.6,20.0,6.7,13.3,0.12,2.6,14.6,6.7,13.3,6.7,0.21,3.8,17.5,5.6,11.1,16.7,0.13,2.4,14.6,6.7,13.3,0.0,0.17,3.3,16.7,52.9,17.6,11.8,0.16,2.9,18.6,26.3,21.1,0.0,0.19,4.5,16.7,17.6,29.4,11.8,0.16,2.9,18.6,10.5,21.1,26.3,0.18,3.9,20.6,14.3,33.3,0.0,0.21,3.8,8.8,11.1,0.0,0.0,0.24,5.1,18.9,60.0,15.0,5.0,0.14,2.4,15.1,18.8,43.8,12.5,0.13,2.2,17.9,36.8,31.6,10.5,0.14,2.4,15.1,25.0,12.5,37.5,0.13,1.9,16.0,17.6,5.9,11.8,0.11,2.2,17.0,11.1,11.1,11.1,0.11,2.2,16.3,57.1,7.1,7.1,0.22,4.2,17.4,6.7,26.7,13.3,0.18,4.4,14.0,16.7,16.7,0.0,0.21,4.4,17.4,20.0,13.3,0.0,0.19,4.1,17.4,6.7,6.7,26.7,0.17,4.5,17.4,13.3,13.3,0.0,0.18,4.1,15.4,50.0,7.1,28.6,0.18,3.6,19.8,11.1,11.1,16.7,0.18,3.3,16.5,33.3,20.0,0.0,0.13,2.1,14.3,7.7,15.4,0.0,0.1,2.2,19.8,5.6,5.6,16.7,0.18,3.1,14.3,7.7,0.0,0.0,0.17,3.0
20260831,04,9,1800,4189,A1,福岡,45.0,55.0,5.76,33.86,5.91,36.36,69,27.91,41,37.78,3696,B1,埼玉,54.0,52.0,4.94,26.47,5.31,38.46,56,16.28,33,33.33,5153,B1,東京,30.0,48.0,3.61,13.86,3.2,9.84,35,22.22,60,44.0,5010,A2,三重,29.0,55.0,5.66,40.17,5.03,27.59,45,20.0,75,38.78,4376,A2,静岡,42.0,53.0,5.78,42.65,6.0,50.0,65,36.54,49,19.23,3175,B1,東京,62.0,48.0,4.54,21.74,5.45,37.93,50,56.6,57,55.1,22.5,73.5,2.9,11.8,0.16,2.9,21.9,12.1,21.2,30.3,0.15,3.8,18.5,35.7,21.4,21.4,0.17,2.9,17.9,29.6,22.2,14.8,0.16,3.1,11.9,16.7,5.6,22.2,0.16,3.1,7.3,27.3,0.0,0.0,0.2,4.3,13.7,30.8,30.8,15.4,0.17,3.6,18.9,11.1,22.2,22.2,0.18,4.4,15.8,13.3,13.3,13.3,0.18,3.5,16.8,12.5,31.2,0.0,0.16,4.1,20.0,10.5,10.5,21.1,0.16,4.1,14.7,7.1,0.0,0.0,0.2,4.4,13.5,15.4,7.7,7.7,0.17,2.6,20.8,5.0,20.0,20.0,0.19,3.6,17.7,11.8,17.6,11.8,0.17,2.6,14.6,42.9,0.0,0.0,0.15,2.6,18.8,5.6,11.1,0.0,0.17,2.9,14.6,21.4,7.1,0.0,0.12,1.8,21.3,66.7,20.0,10.0,0.11,2.1,19.1,3.7,18.5,29.6,0.16,2.7,13.5,5.3,31.6,21.1,0.13,2.4,19.1,14.8,18.5,7.4,0.14,2.5,14.9,4.8,14.3,19.0,0.15,3.1,12.1,11.8,11.8,0.0,0.14,3.3,18.9,77.8,3.7,3.7,0.13,1.7,18.2,7.7,38.5,15.4,0.14,3.0,16.1,17.4,26.1,26.1,0.14,2.5,14.0,25.0,15.0,15.0,0.17,3.3,14.7,9.5,4.8,9.5,0.17,3.0,18.2,3.8,3.8,7.7,0.18,4.3,12.1,9.1,36.4,18.2,0.18,3.5,20.9,10.5,21.1,42.1,0.17,3.3,17.6,6.2,18.8,18.8,0.16,3.2,17.6,6.2,18.8,25.0,0.15,2.3,18.7,5.9,23.5,0.0,0.16,3.0,13.2,8.3,8.3,0.0,0.21,3.7
20260831,04,10,1800,4430,A2,東京,40.0,57.0,5.76,35.94,5.96,41.43,12,62.32,43,32.08,3333,A1,徳島,58.0,52.0,6.51,49.61,6.16,52.63,32,17.39,51,47.27,3965,A1,滋賀,47.0,54.0,5.86,41.98,6.51,45.95,53,22.86,56,21.05,4733,B1,徳島,37.0,49.0,5.46,40.0,4.41,29.41,41,42.86,69,39.53,4816,A2,広島,35.0,57.0,5.44,35.09,5.52,30.43,13,25.53,10,32.76,3306,B1,埼玉,58.0,53.0,4.15,20.95,3.22,11.11,48,28.0,50,22.64,19.7,44.4,22.2,18.5,0.16,2.6,18.2,20.0,32.0,16.0,0.16,3.2,15.3,33.3,14.3,19.0,0.15,2.8,17.5,8.3,20.8,20.8,0.18,3.4,16.1,22.7,13.6,0.0,0.19,3.3,13.1,16.7,22.2,0.0,0.19,4.1,23.1,70.0,16.7,0.0,0.12,2.1,13.1,17.6,23.5,17.6,0.15,3.6,14.6,15.8,42.1,15.8,0.16,2.6,20.0,11.5,19.2,15.4,0.16,3.2,18.5,8.3,12.5,29.2,0.17,3.1,10.8,14.3,28.6,0.0,0.16,3.1,18.2,54.5,22.7,18.2,0.16,3.0,19.8,16.7,37.5,20.8,0.18,3.7,15.7,15.8,47.4,15.8,0.18,3.8,19.0,30.4,21.7,17.4,0.17,3.1,13.2,12.5,18.8,18.8,0.18,3.9,14.0,5.9,29.4,0.0,0.16,4.2,15.0,50.0,33.3,8.3,0.14,2.6,15.0,8.3,25.0,25.0,0.16,2.8,18.8,6.7,13.3,20.0,0.16,2.9,18.8,13.3,40.0,0.0,0.14,3.3,11.2,11.1,11.1,0.0,0.16,3.8,21.2,5.9,5.9,0.0,0.14,2.6,17.3,58.8,17.6,11.8,0.13,2.7,14.3,14.3,42.9,14.3,0.12,2.4,20.4,5.0,25.0,25.0,0.14,3.2,17.3,17.6,17.6,11.8,0.16,3.1,16.3,6.2,12.5,12.5,0.18,3.5,14.3,14.3,28.6,0.0,0.21,3.9,16.5,20.0,20.0,20.0,0.14,3.0,18.7,5.9,23.5,0.0,0.16,3.8,16.5,13.3,6.7,20.0,0.18,3.4,19.8,11.1,11.1,27.8,0.14,2.4,16.5,6.7,13.3,0.0,0.17,3.1,12.1,18.2,0.0,0.0,0.16,3.2
20260831,04,11,1800,5221,A1,大阪,25.0,54.0,6.85,50.83,7.42,64.52,71,24.49,53,46.94,3931,A2,三重,50.0,51.0,6.0,38.53,6.0,40.0,38,43.14,45,35.29,3455,B1,愛知,55.0,52.0,4.67,27.64,5.72,44.0,68,40.0,66,18.75,4230,A2,埼玉,43.0,55.0,6.41,48.39,7.17,56.67,22,13.64,52,42.31,3837,A2,香川,51.0,52.0,6.5,46.85,0.0,0.0,63,25.49,32,34.62,4835,B1,広島,38.0,52.0,5.01,27.59,0.0,0.0,25,42.31,34,27.5,21.9,67.6,8.8,5.9,0.14,2.2,14.2,18.2,36.4,18.2,0.15,3.5,16.1,20.0,28.0,20.0,0.15,3.1,16.8,19.2,11.5,23.1,0.14,2.5,16.1,12.0,36.0,20.0,0.16,3.4,14.8,4.3,4.3,17.4,0.16,4.0,18.4,43.8,25.0,6.2,0.14,2.5,13.8,25.0,33.3,16.7,0.16,2.3,17.2,13.3,26.7,26.7,0.15,2.9,17.2,6.7,26.7,13.3,0.15,2.9,12.6,9.1,36.4,0.0,0.15,2.6,20.7,5.6,11.1,27.8,0.16,3.3,17.3,57.9,15.8,5.3,0.17,2.8,14.5,18.8,18.8,6.2,0.16,2.6,20.9,8.7,30.4,17.4,0.16,3.2,15.5,23.5,11.8,0.0,0.17,3.2,14.5,43.8,0.0,0.0,0.15,3.1,17.3,10.5,10.5,0.0,0.23,4.9,18.8,66.7,13.3,6.7,0.16,3.1,12.5,30.0,40.0,10.0,0.17,4.2,18.8,46.7,20.0,20.0,0.11,1.5,17.5,21.4,28.6,21.4,0.17,2.8,18.8,33.3,13.3,0.0,0.16,3.0,13.8,9.1,9.1,9.1,0.19,4.3,19.5,73.9,17.4,0.0,0.15,3.1,14.4,11.8,29.4,35.3,0.17,2.9,17.8,19.0,28.6,28.6,0.14,3.0,16.9,10.0,25.0,15.0,0.18,3.5,15.3,16.7,11.1,22.2,0.18,4.1,16.1,15.8,10.5,0.0,0.2,4.1,15.6,60.0,13.3,13.3,0.17,3.1,14.6,14.3,14.3,28.6,0.14,2.4,16.7,12.5,37.5,0.0,0.15,2.9,17.7,17.6,29.4,0.0,0.14,3.1,18.8,5.6,27.8,0.0,0.15,3.1,16.7,25.0,0.0,0.0,0.16,3.4
20260831,04,12,1800,4828,A1,滋賀,32.0,50.0,6.74,49.56,5.41,27.27,34,31.91,35,39.62,4482,A1,岡山,37.0,45.0,6.25,42.86,7.91,72.73,37,35.85,74,28.57,4688,A1,東京,33.0,53.0,6.93,56.15,6.62,45.0,16,40.74,67,33.33,4241,A2,長崎,41.0,52.0,5.75,35.59,4.29,42.86,57,18.42,47,34.15,4428,A2,埼玉,40.0,53.0,5.95,41.59,6.13,37.5,20,14.63,31,21.28,4437,A2,香川,40.0,56.0,6.11,46.34,0.0,0.0,49,25.58,59,22.92,23.5,50.0,20.8,12.5,0.14,2.1,13.7,14.3,50.0,0.0,0.17,3.4,16.7,23.5,11.8,41.2,0.12,2.0,15.7,18.8,25.0,12.5,0.15,3.0,14.7,13.3,13.3,20.0,0.16,3.5,15.7,12.5,37.5,0.0,0.18,4.4,22.4,71.4,14.3,3.6,0.13,2.1,16.8,19.0,28.6,28.6,0.18,3.6,15.2,10.5,10.5,15.8,0.16,4.1,17.6,22.7,18.2,27.3,0.17,3.6,18.4,13.0,17.4,13.0,0.17,3.0,9.6,16.7,8.3,33.3,0.22,4.9,21.9,69.6,17.4,4.3,0.13,2.1,18.1,21.1,31.6,15.8,0.16,3.1,12.4,30.8,23.1,0.0,0.12,2.8,15.2,18.8,6.2,43.8,0.11,1.9,17.1,11.1,16.7,5.6,0.12,2.7,15.2,6.2,6.2,18.8,0.13,3.1,16.3,50.0,27.3,13.6,0.14,2.7,16.3,4.5,40.9,13.6,0.17,3.5,20.7,10.7,39.3,25.0,0.16,2.8,15.6,4.8,14.3,28.6,0.17,4.0,17.8,8.3,12.5,29.2,0.17,3.8,13.3,11.1,33.3,0.0,0.24,4.5,18.8,90.9,4.5,4.5,0.12,2.1,16.2,10.5,31.6,21.1,0.14,3.0,17.1,5.0,35.0,15.0,0.15,2.4,14.5,11.8,23.5,5.9,0.16,3.6,17.1,25.0,25.0,0.0,0.16,2.9,16.2,21.1,15.8,0.0,0.14,3.1,21.0,61.5,19.2,3.8,0.14,2.3,16.9,4.8,52.4,4.8,0.17,3.6,16.9,9.5,38.1,14.3,0.15,3.5,13.7,23.5,23.5,17.6,0.17,3.1,16.1,30.0,25.0,0.0,0.17,4.2,15.3,26.3,0.0,0.0,0.17,3.7
