date,jcd,r,登番1,級別1,年齢1,体重1,勝率1,全国2率1,当地勝率1,当地2率1,モーター番号1,モーター2率1,ボート番号1,ボート2率1,登番2,級別2,年齢2,体重2,勝率2,全国2率2,当地勝率2,当地2率2,モーター番号2,モーター2率2,ボート番号2,ボート2率2,登番3,級別3,年齢3,体重3,勝率3,全国2率3,当地勝率3,当地2率3,モーター番号3,モーター2率3,ボート番号3,ボート2率3,登番4,級別4,年齢4,体重4,勝率4,全国2率4,当地勝率4,当地2率4,モーター番号4,モーター2率4,ボート番号4,ボート2率4,登番5,級別5,年齢5,体重5,勝率5,全国2率5,当地勝率5,当地2率5,モーター番号5,モーター2率5,ボート番号5,ボート2率5,登番6,級別6,年齢6,体重6,勝率6,全国2率6,当地勝率6,当地2率6,モーター番号6,モーター2率6,ボート番号6,ボート2率6,1号艇_1コース_進入率,1号艇_1コース_1着率,1号艇_1コース_2着率,1号艇_1コース_3着率,1号艇_1コース_平均ST,1号艇_1コース_ST順,1号艇_2コース_進入率,1号艇_2コース_1着率,1号艇_2コース_2着率,1号艇_2コース_3着率,1号艇_2コース_平均ST,1号艇_2コース_ST順,1号艇_3コース_進入率,1号艇_3コース_1着率,1号艇_3コース_2着率,1号艇_3コース_3着率,1号艇_3コース_平均ST,1号艇_3コース_ST順,1号艇_4コース_進入率,1号艇_4コース_1着率,1号艇_4コース_2着率,1号艇_4コース_3着率,1号艇_4コース_平均ST,1号艇_4コース_ST順,1号艇_5コース_進入率,1号艇_5コース_1着率,1号艇_5コース_2着率,1号艇_5コース_3着率,1号艇_5コース_平均ST,1号艇_5コース_ST順,1号艇_6コース_進入率,1号艇_6コース_1着率,1号艇_6コース_2着率,1号艇_6コース_3着率,1号艇_6コース_平均ST,1号艇_6コース_ST順,2号艇_1コース_進入率,2号艇_1コース_1着率,2号艇_1コース_2着率,2号艇_1コース_3着率,2号艇_1コース_平均ST,2号艇_1コース_ST順,2号艇_2コース_進入率,2号艇_2コース_1着率,2号艇_2コース_2着率,2号艇_2コース_3着率,2号艇_2コース_平均ST,2号艇_2コース_ST順,2号艇_3コース_進入率,2号艇_3コース_1着率,2号艇_3コース_2着率,2号艇_3コース_3着率,2号艇_3コース_平均ST,2号艇_3コース_ST順,2号艇_4コース_進入率,2号艇_4コース_1着率,2号艇_4コース_2着率,2号艇_4コース_3着率,2号艇_4コース_平均ST,2号艇_4コース_ST順,2号艇_5コース_進入率,2号艇_5コース_1着率,2号艇_5コース_2着率,2号艇_5コース_3着率,2号艇_5コース_平均ST,2号艇_5コース_ST順,2号艇_6コース_進入率,2号艇_6コース_1着率,2号艇_6コース_2着率,2号艇_6コース_3着率,2号艇_6コース_平均ST,2号艇_6コース_ST順,3号艇_1コース_進入率,3号艇_1コース_1着率,3号艇_1コース_2着率,3号艇_1コース_3着率,3号艇_1コース_平均ST,3号艇_1コース_ST順,3号艇_2コース_進入率,3号艇_2コース_1着率,3号艇_2コース_2着率,3号艇_2コース_3着率,3号艇_2コース_平均ST,3号艇_2コース_ST順,3号艇_3コース_進入率,3号艇_3コース_1着率,3号艇_3コース_2着率,3号艇_3コース_3着率,3号艇_3コース_平均ST,3号艇_3コース_ST順,3号艇_4コース_進入率,3号艇_4コース_1着率,3号艇_4コース_2着率,3号艇_4コース_3着率,3号艇_4コース_平均ST,3号艇_4コース_ST順,3号艇_5コース_進入率,3号艇_5コース_1着率,3号艇_5コース_2着率,3号艇_5コース_3着率,3号艇_5コース_平均ST,3号艇_5コース_ST順,3号艇_6コース_進入率,3号艇_6コース_1着率,3号艇_6コース_2着率,3号艇_6コース_3着率,3号艇_6コース_平均ST,3号艇_6コース_ST順,4号艇_1コース_進入率,4号艇_1コース_1着率,4号艇_1コース_2着率,4号艇_1コース_3着率,4号艇_1コース_平均ST,4号艇_1コース_ST順,4号艇_2コース_進入率,4号艇_2コース_1着率,4号艇_2コース_2着率,4号艇_2コース_3着率,4号艇_2コース_平均ST,4号艇_2コース_ST順,4号艇_3コース_進入率,4号艇_3コース_1着率,4号艇_3コース_2着率,4号艇_3コース_3着率,4号艇_3コース_平均ST,4号艇_3コース_ST順,4号艇_4コース_進入率,4号艇_4コース_1着率,4号艇_4コース_2着率,4号艇_4コース_3着率,4号艇_4コース_平均ST,4号艇_4コース_ST順,4号艇_5コース_進入率,4号艇_5コース_1着率,4号艇_5コース_2着率,4号艇_5コース_3着率,4号艇_5コース_平均ST,4号艇_5コース_ST順,4号艇_6コース_進入率,4号艇_6コース_1着率,4号艇_6コース_2着率,4号艇_6コース_3着率,4号艇_6コース_平均ST,4号艇_6コース_ST順,5号艇_1コース_進入率,5号艇_1コース_1着率,5号艇_1コース_2着率,5号艇_1コース_3着率,5号艇_1コース_平均ST,5号艇_1コース_ST順,5号艇_2コース_進入率,5号艇_2コース_1着率,5号艇_2コース_2着率,5号艇_2コース_3着率,5号艇_2コース_平均ST,5号艇_2コース_ST順,5号艇_3コース_進入率,5号艇_3コース_1着率,5号艇_3コース_2着率,5号艇_3コース_3着率,5号艇_3コース_平均ST,5号艇_3コース_ST順,5号艇_4コース_進入率,5号艇_4コース_1着率,5号艇_4コース_2着率,5号艇_4コース_3着率,5号艇_4コース_平均ST,5号艇_4コース_ST順,5号艇_5コース_進入率,5号艇_5コース_1着率,5号艇_5コース_2着率,5号艇_5コース_3着率,5号艇_5コース_平均ST,5号艇_5コース_ST順,5号艇_6コース_進入率,5号艇_6コース_1着率,5号艇_6コース_2着率,5号艇_6コース_3着率,5号艇_6コース_平均ST,5号艇_6コース_ST順,6号艇_1コース_進入率,6号艇_1コース_1着率,6号艇_1コース_2着率,6号艇_1コース_3着率,6号艇_1コース_平均ST,6号艇_1コース_ST順,6号艇_2コース_進入率,6号艇_2コース_1着率,6号艇_2コース_2着率,6号艇_2コース_3着率,6号艇_2コース_平均ST,6号艇_2コース_ST順,6号艇_3コース_進入率,6号艇_3コース_1着率,6号艇_3コース_2着率,6号艇_3コース_3着率,6号艇_3コース_平均ST,6号艇_3コース_ST順,6号艇_4コース_進入率,6号艇_4コース_1着率,6号艇_4コース_2着率,6号艇_4コース_3着率,6号艇_4コース_平均ST,6号艇_4コース_ST順,6号艇_5コース_進入率,6号艇_5コース_1着率,6号艇_5コース_2着率,6号艇_5コース_3着率,6号艇_5コース_平均ST,6号艇_5コース_ST順,6号艇_6コース_進入率,6号艇_6コース_1着率,6号艇_6コース_2着率,6号艇_6コース_3着率,6号艇_6コース_平均ST,6号艇_6コース_ST順
20260810,24,1,3527,B1,55.0,52.0,5.29,32.61,5.47,34.62,65,42.55,82,33.33,5048,B1,32.0,55.0,4.38,23.53,4.66,27.78,16,39.02,25,43.18,3284,B1,58.0,55.0,5.2,28.57,5.48,28.77,44,57.14,64,42.22,3964,B1,47.0,55.0,4.01,15.66,4.76,21.55,30,22.22,39,33.33,4248,B1,44.0,54.0,4.72,25.58,4.55,25.93,66,25.53,54,34.09,5384,B2,21.0,52.0,1.84,2.41,1.41,0.0,64,26.19,32,51.11,17.4,26.3,36.8,5.3,0.18,3.2,17.4,21.1,15.8,21.1,0.16,3.2,17.4,10.5,26.3,21.1,0.18,4.1,16.5,5.6,22.2,0.0,0.18,3.5,18.3,5.0,15.0,15.0,0.15,3.3,12.8,14.3,7.1,0.0,0.19,4.1,10.9,63.6,9.1,0.0,0.18,4.1,7.9,12.5,12.5,0.0,0.17,4.1,7.9,37.5,12.5,0.0,0.17,3.4,5.9,16.7,33.3,0.0,0.2,4.2,18.8,10.5,21.1,0.0,0.25,4.2,48.5,10.2,16.3,0.0,0.21,4.2,16.5,73.7,10.5,10.5,0.13,2.2,20.0,4.3,17.4,21.7,0.19,4.2,18.3,9.5,23.8,9.5,0.18,3.4,17.4,5.0,10.0,10.0,0.2,3.6,23.5,14.8,18.5,0.0,0.2,3.9,4.3,20.0,0.0,0.0,0.23,4.6,11.7,27.3,36.4,18.2,0.17,3.5,20.2,5.3,21.1,36.8,0.18,3.5,20.2,5.3,26.3,15.8,0.18,3.5,18.1,23.5,0.0,0.0,0.18,4.2,20.2,5.3,21.1,0.0,0.25,4.6,9.6,11.1,22.2,0.0,0.21,3.9,12.9,25.0,33.3,25.0,0.15,2.8,15.1,7.1,21.4,0.0,0.15,2.8,20.4,10.5,21.1,21.1,0.15,2.7,21.5,10.0,10.0,0.0,0.17,3.8,19.4,5.6,22.2,0.0,0.19,3.5,10.8,10.0,20.0,0.0,0.2,3.9,1.3,0.0,0.0,0.0,0.28,6.0,1.3,0.0,0.0,0.0,0.58,6.0,12.0,0.0,0.0,0.0,0.2,4.8,17.3,0.0,0.0,0.0,0.23,4.9,17.3,0.0,0.0,0.0,0.25,5.3,50.7,2.6,2.6,0.0,0.21,4.8
20260810,24,2,4092,B1,45.0,52.0,4.86,26.92,5.1,33.33,75,28.89,31,36.96,3843,B1,50.0,54.0,5.13,33.33,5.14,29.73,21,24.44,17,44.44,4164,B1,44.0,50.0,3.68,11.76,4.24,19.26,29,44.44,71,34.88,4969,B1,35.0,54.0,4.44,20.93,4.98,32.65,27,32.56,77,41.86,5395,B1,24.0,51.0,2.32,4.84,1.9,3.23,19,35.42,59,33.33,5457,B2,20.0,51.0,1.05,0.0,1.05,0.0,77,33.33,67,40.91,14.9,71.4,7.1,0.0,0.11,2.0,19.1,5.6,22.2,33.3,0.17,3.3,18.1,5.9,23.5,29.4,0.13,2.8,17.0,6.2,12.5,18.8,0.15,3.1,11.7,18.2,18.2,0.0,0.18,3.5,19.1,11.1,11.1,0.0,0.2,4.3,16.0,52.9,17.6,17.6,0.11,2.4,17.9,26.3,31.6,0.0,0.17,3.2,19.8,23.8,19.0,0.0,0.17,3.3,14.2,26.7,6.7,0.0,0.15,3.1,18.9,5.0,10.0,25.0,0.18,3.0,13.2,0.0,0.0,0.0,0.15,3.4,15.6,25.0,16.7,8.3,0.16,3.5,18.2,50.0,0.0,0.0,0.17,3.4,18.2,7.1,14.3,21.4,0.19,3.8,19.5,20.0,33.3,0.0,0.21,4.4,16.9,23.1,0.0,0.0,0.19,4.7,11.7,11.1,0.0,0.0,0.22,4.2,14.8,61.5,15.4,0.0,0.14,1.8,15.9,28.6,28.6,0.0,0.16,3.7,17.0,20.0,53.3,0.0,0.19,4.2,14.8,7.7,38.5,0.0,0.2,4.3,25.0,13.6,13.6,0.0,0.19,3.8,12.5,0.0,0.0,0.0,0.21,4.6,0.0,0.0,0.0,0.0,0.0,0.0,0.0,0.0,0.0,0.0,0.0,0.0,0.0,0.0,0.0,0.0,0.0,0.0,19.5,6.7,6.7,6.7,0.18,3.9,37.7,3.4,3.4,0.0,0.2,4.3,42.9,3.0,3.0,3.0,0.19,4.0,0.0,0.0,0.0,0.0,0.0,0.0,0.0,0.0,0.0,0.0,0.0,0.0,0.0,0.0,0.0,0.0,0.0,0.0,0.0,0.0,0.0,0.0,0.0,0.0,0.0,0.0,0.0,0.0,0.0,0.0,0.0,0.0,0.0,0.0,0.0,0.0
20260810,24,3,4588,A2,35.0,56.0,5.43,39.81,5.97,39.39,39,32.56,69,41.86,3892,B1,50.0,53.0,5.1,29.17,5.22,23.33,69,39.22,79,33.33,4241,A2,41.0,52.0,5.74,34.31,5.95,41.52,73,18.18,51,34.88,4004,B1,48.0,52.0,4.89,30.26,4.88,27.27,11,11.36,73,46.34,4949,A2,33.0,49.0,5.91,39.53,5.12,32.0,51,20.45,55,44.74,4213,B1,42.0,54.0,3.85,23.17,4.45,27.56,26,38.64,85,44.19,16.9,47.6,23.8,0.0,0.11,1.7,16.9,9.5,52.4,14.3,0.14,2.8,13.7,11.8,17.6,29.4,0.14,2.6,19.4,12.5,41.7,12.5,0.14,2.7,21.0,7.7,7.7,23.1,0.17,4.0,12.1,6.7,6.7,0.0,0.17,4.9,12.8,54.5,9.1,18.2,0.17,3.9,19.8,17.6,11.8,35.3,0.16,2.8,17.4,20.0,33.3,0.0,0.2,3.3,18.6,18.8,25.0,0.0,0.16,3.3,18.6,6.2,6.2,18.8,0.15,2.9,12.8,0.0,0.0,0.0,0.17,3.5,16.3,50.0,27.3,13.6,0.14,2.7,16.3,4.5,40.9,13.6,0.17,3.5,20.7,10.7,39.3,25.0,0.16,2.8,15.6,4.8,14.3,28.6,0.17,4.0,17.8,8.3,12.5,29.2,0.17,3.8,13.3,11.1,33.3,0.0,0.24,4.5,15.1,38.9,38.9,5.6,0.14,2.9,17.6,14.3,23.8,19.0,0.18,3.8,18.5,13.6,9.1,18.2,0.18,3.1,20.2,8.3,16.7,37.5,0.19,3.5,18.5,9.1,4.5,27.3,0.16,3.5,10.1,8.3,8.3,0.0,0.2,4.2,21.6,63.0,18.5,7.4,0.15,2.8,17.6,9.1,18.2,22.7,0.15,2.7,17.6,13.6,22.7,27.3,0.15,2.9,14.4,11.1,16.7,11.1,0.18,3.7,17.6,4.5,13.6,18.2,0.17,3.9,11.2,7.1,14.3,0.0,0.15,3.9,6.2,16.7,50.0,0.0,0.16,3.3,12.5,25.0,8.3,0.0,0.15,3.1,6.2,33.3,16.7,0.0,0.16,3.5,11.5,9.1,9.1,0.0,0.17,3.5,18.8,5.6,5.6,22.2,0.15,3.2,44.8,20.9,11.6,4.7,0.15,3.0
20260810,24,4,3349,A1,58.0,52.0,6.2,43.37,5.5,32.67,81,39.13,34,32.56,5011,B1,29.0,52.0,3.93,17.28,4.21,22.83,68,23.26,60,36.36,4948,B1,33.0,52.0,5.67,40.63,5.87,42.48,60,25.58,46,45.24,3224,B1,61.0,53.0,3.87,18.39,4.86,36.0,74,34.88,66,34.88,3574,A1,54.0,52.0,6.07,49.47,5.79,42.55,49,40.48,47,48.84,5086,B1,27.0,52.0,3.79,16.98,5.23,34.78,67,21.74,45,33.33,20.0,65.4,23.1,3.8,0.19,2.7,22.3,20.7,27.6,31.0,0.14,2.2,20.8,14.8,29.6,14.8,0.17,3.3,18.5,16.7,16.7,25.0,0.16,2.6,14.6,10.5,31.6,0.0,0.17,3.0,3.8,0.0,0.0,0.0,0.18,3.0,12.6,27.3,27.3,18.2,0.14,2.6,18.4,12.5,12.5,0.0,0.14,3.6,18.4,25.0,18.8,0.0,0.15,3.2,19.5,5.9,11.8,0.0,0.14,2.6,14.9,7.7,0.0,0.0,0.16,2.9,16.1,7.1,7.1,0.0,0.18,3.7,14.4,53.3,26.7,6.7,0.14,2.1,19.2,10.0,50.0,10.0,0.16,2.9,18.3,5.3,36.8,26.3,0.16,2.9,16.3,5.9,17.6,17.6,0.15,2.8,16.3,5.9,5.9,17.6,0.16,3.2,15.4,6.2,18.8,0.0,0.16,3.1,12.8,9.1,27.3,9.1,0.22,4.2,22.1,5.3,26.3,0.0,0.18,3.6,15.1,7.7,7.7,7.7,0.24,4.0,20.9,16.7,22.2,0.0,0.22,4.4,19.8,5.9,5.9,17.6,0.17,3.4,9.3,12.5,0.0,0.0,0.25,5.3,23.5,64.3,17.9,7.1,0.15,2.3,52.1,16.1,29.0,16.1,0.17,3.0,21.0,8.0,24.0,24.0,0.14,2.4,2.5,33.3,0.0,0.0,0.22,3.3,0.8,0.0,0.0,0.0,0.1,1.0,0.0,0.0,0.0,0.0,0.0,0.0,14.5,75.0,16.7,0.0,0.18,3.9,15.7,7.7,23.1,0.0,0.2,3.9,14.5,8.3,25.0,0.0,0.21,4.0,15.7,7.7,7.7,0.0,0.15,3.3,22.9,5.3,10.5,0.0,0.23,4.3,16.9,14.3,7.1,0.0,0.22,4.6
20260810,24,5,4259,A2,42.0,53.0,5.67,34.88,6.1,44.32,62,35.56,43,34.88,4624,A1,41.0,52.0,6.25,44.83,5.55,38.3,12,17.39,50,47.62,5055,A2,30.0,53.0,5.71,36.05,5.54,36.11,80,21.74,76,33.33,4695,A2,40.0,55.0,5.4,41.86,5.76,38.41,71,17.78,20,48.72,3964,B1,47.0,55.0,4.01,15.66,4.76,21.55,30,22.22,39,33.33,5443,B2,18.0,53.0,1.65,4.08,1.53,0.0,48,37.21,75,36.36,19.9,55.6,22.2,11.1,0.13,2.4,19.1,19.2,30.8,19.2,0.13,2.8,16.2,9.1,36.4,18.2,0.14,2.9,17.6,8.3,4.2,29.2,0.16,3.1,15.4,14.3,19.0,0.0,0.14,3.2,11.8,6.2,25.0,0.0,0.21,3.7,19.2,73.9,8.7,0.0,0.17,2.8,15.8,21.1,42.1,21.1,0.16,3.1,14.2,29.4,29.4,17.6,0.18,3.8,16.7,20.0,35.0,5.0,0.15,3.0,24.2,20.7,10.3,24.1,0.17,3.1,10.0,8.3,8.3,0.0,0.15,4.3,18.6,76.2,4.8,9.5,0.13,2.5,16.8,31.6,47.4,5.3,0.16,2.9,15.9,16.7,16.7,16.7,0.16,2.8,15.0,11.8,11.8,11.8,0.18,3.8,17.7,10.0,15.0,30.0,0.15,2.9,15.9,5.6,22.2,0.0,0.18,4.0,13.3,57.1,28.6,0.0,0.13,2.6,20.0,4.8,42.9,14.3,0.15,3.6,18.1,10.5,36.8,15.8,0.15,3.0,18.1,10.5,21.1,15.8,0.16,3.5,19.0,10.0,10.0,10.0,0.15,3.5,11.4,16.7,16.7,0.0,0.13,3.1,11.7,27.3,36.4,18.2,0.17,3.5,20.2,5.3,21.1,36.8,0.18,3.5,20.2,5.3,26.3,15.8,0.18,3.5,18.1,23.5,0.0,0.0,0.18,4.2,20.2,5.3,21.1,0.0,0.25,4.6,9.6,11.1,22.2,0.0,0.21,3.9,0.0,0.0,0.0,0.0,0.0,0.0,0.0,0.0,0.0,0.0,0.0,0.0,0.0,0.0,0.0,0.0,0.0,0.0,0.0,0.0,0.0,0.0,0.0,0.0,0.0,0.0,0.0,0.0,0.0,0.0,100.0,1.6,0.0,0.0,0.24,4.9
20260810,24,6,4287,A2,42.0,56.0,6.59,48.94,7.15,59.26,18,20.45,70,38.1,4969,B1,35.0,54.0,4.44,20.93,4.98,32.65,27,32.56,77,41.86,5384,B2,21.0,52.0,1.84,2.41,1.41,0.0,64,26.19,32,51.11,3473,A1,56.0,52.0,6.53,51.97,6.8,46.34,50,7.32,49,38.1,3527,B1,55.0,52.0,5.29,32.61,5.47,34.62,65,42.55,82,33.33,4966,B1,28.0,54.0,5.01,33.71,5.9,45.04,72,13.95,36,40.48,17.6,57.9,21.1,10.5,0.17,2.8,15.7,11.8,29.4,5.9,0.17,4.1,17.6,5.3,42.1,10.5,0.17,3.3,14.8,6.2,18.8,25.0,0.18,2.8,15.7,5.9,11.8,0.0,0.16,3.8,18.5,10.0,15.0,25.0,0.16,3.5,14.8,61.5,15.4,0.0,0.14,1.8,15.9,28.6,28.6,0.0,0.16,3.7,17.0,20.0,53.3,0.0,0.19,4.2,14.8,7.7,38.5,0.0,0.2,4.3,25.0,13.6,13.6,0.0,0.19,3.8,12.5,0.0,0.0,0.0,0.21,4.6,1.3,0.0,0.0,0.0,0.28,6.0,1.3,0.0,0.0,0.0,0.58,6.0,12.0,0.0,0.0,0.0,0.2,4.8,17.3,0.0,0.0,0.0,0.23,4.9,17.3,0.0,0.0,0.0,0.25,5.3,50.7,2.6,2.6,0.0,0.21,4.8,38.6,42.9,20.4,12.2,0.13,2.2,57.5,12.3,30.1,16.4,0.15,3.3,3.9,40.0,0.0,0.0,0.15,3.2,0.0,0.0,0.0,0.0,0.0,0.0,0.0,0.0,0.0,0.0,0.0,0.0,0.0,0.0,0.0,0.0,0.0,0.0,17.4,26.3,36.8,5.3,0.18,3.2,17.4,21.1,15.8,21.1,0.16,3.2,17.4,10.5,26.3,21.1,0.18,4.1,16.5,5.6,22.2,0.0,0.18,3.5,18.3,5.0,15.0,15.0,0.15,3.3,12.8,14.3,7.1,0.0,0.19,4.1,20.3,60.0,8.0,8.0,0.19,3.6,17.1,9.5,47.6,14.3,0.14,2.8,14.6,22.2,16.7,16.7,0.14,2.5,11.4,7.1,28.6,14.3,0.16,2.5,20.3,4.0,12.0,4.0,0.15,3.4,16.3,5.0,5.0,0.0,0.17,3.5
20260810,24,7,3576,A1,53.0,52.0,6.63,48.51,6.39,48.21,14,34.88,38,34.88,4553,A2,37.0,53.0,5.7,35.0,6.28,44.74,22,20.0,11,33.33,4004,B1,48.0,52.0,4.89,30.26,4.88,27.27,11,11.36,73,46.34,5048,B1,32.0,55.0,4.38,23.53,4.66,27.78,16,39.02,25,43.18,5457,B2,20.0,51.0,1.05,0.0,1.05,0.0,77,33.33,67,40.91,4705,B1,38.0,55.0,3.11,11.83,4.07,24.11,76,32.61,37,43.18,21.1,70.0,20.0,3.3,0.13,2.2,22.5,12.5,40.6,25.0,0.16,3.4,15.5,9.1,22.7,40.9,0.18,3.0,14.1,10.0,25.0,40.0,0.17,3.5,14.8,4.8,33.3,38.1,0.18,3.3,12.0,11.8,52.9,0.0,0.21,4.2,16.2,84.2,10.5,5.3,0.13,2.3,17.1,25.0,40.0,5.0,0.13,3.0,17.1,5.0,25.0,45.0,0.17,3.5,17.9,9.5,9.5,38.1,0.17,3.9,18.8,31.8,31.8,0.0,0.17,3.8,12.8,6.7,6.7,26.7,0.17,3.7,15.1,38.9,38.9,5.6,0.14,2.9,17.6,14.3,23.8,19.0,0.18,3.8,18.5,13.6,9.1,18.2,0.18,3.1,20.2,8.3,16.7,37.5,0.19,3.5,18.5,9.1,4.5,27.3,0.16,3.5,10.1,8.3,8.3,0.0,0.2,4.2,10.9,63.6,9.1,0.0,0.18,4.1,7.9,12.5,12.5,0.0,0.17,4.1,7.9,37.5,12.5,0.0,0.17,3.4,5.9,16.7,33.3,0.0,0.2,4.2,18.8,10.5,21.1,0.0,0.25,4.2,48.5,10.2,16.3,0.0,0.21,4.2,0.0,0.0,0.0,0.0,0.0,0.0,0.0,0.0,0.0,0.0,0.0,0.0,0.0,0.0,0.0,0.0,0.0,0.0,0.0,0.0,0.0,0.0,0.0,0.0,0.0,0.0,0.0,0.0,0.0,0.0,0.0,0.0,0.0,0.0,0.0,0.0,15.0,53.3,6.7,20.0,0.11,1.9,15.0,13.3,26.7,0.0,0.16,2.7,17.0,17.6,17.6,0.0,0.14,2.5,17.0,5.9,17.6,5.9,0.18,3.4,19.0,5.3,5.3,0.0,0.17,2.9,17.0,5.9,0.0,0.0,0.15,3.1
20260810,24,8,5395,B1,24.0,51.0,2.32,4.84,1.9,3.23,19,35.42,59,33.33,3574,A1,54.0,52.0,6.07,49.47,5.79,42.55,49,40.48,47,48.84,3843,B1,50.0,54.0,5.13,33.33,5.14,29.73,21,24.44,17,44.44,3892,B1,50.0,53.0,5.1,29.17,5.22,23.33,69,39.22,79,33.33,3224,B1,61.0,53.0,3.87,18.39,4.86,36.0,74,34.88,66,34.88,4588,A2,35.0,56.0,5.43,39.81,5.97,39.39,39,32.56,69,41.86,0.0,0.0,0.0,0.0,0.0,0.0,0.0,0.0,0.0,0.0,0.0,0.0,0.0,0.0,0.0,0.0,0.0,0.0,19.5,6.7,6.7,6.7,0.18,3.9,37.7,3.4,3.4,0.0,0.2,4.3,42.9,3.0,3.0,3.0,0.19,4.0,23.5,64.3,17.9,7.1,0.15,2.3,52.1,16.1,29.0,16.1,0.17,3.0,21.0,8.0,24.0,24.0,0.14,2.4,2.5,33.3,0.0,0.0,0.22,3.3,0.8,0.0,0.0,0.0,0.1,1.0,0.0,0.0,0.0,0.0,0.0,0.0,16.0,52.9,17.6,17.6,0.11,2.4,17.9,26.3,31.6,0.0,0.17,3.2,19.8,23.8,19.0,0.0,0.17,3.3,14.2,26.7,6.7,0.0,0.15,3.1,18.9,5.0,10.0,25.0,0.18,3.0,13.2,0.0,0.0,0.0,0.15,3.4,12.8,54.5,9.1,18.2,0.17,3.9,19.8,17.6,11.8,35.3,0.16,2.8,17.4,20.0,33.3,0.0,0.2,3.3,18.6,18.8,25.0,0.0,0.16,3.3,18.6,6.2,6.2,18.8,0.15,2.9,12.8,0.0,0.0,0.0,0.17,3.5,12.8,9.1,27.3,9.1,0.22,4.2,22.1,5.3,26.3,0.0,0.18,3.6,15.1,7.7,7.7,7.7,0.24,4.0,20.9,16.7,22.2,0.0,0.22,4.4,19.8,5.9,5.9,17.6,0.17,3.4,9.3,12.5,0.0,0.0,0.25,5.3,16.9,47.6,23.8,0.0,0.11,1.7,16.9,9.5,52.4,14.3,0.14,2.8,13.7,11.8,17.6,29.4,0.14,2.6,19.4,12.5,41.7,12.5,0.14,2.7,21.0,7.7,7.7,23.1,0.17,4.0,12.1,6.7,6.7,0.0,0.17,4.9
20260810,24,9,4695,A2,40.0,55.0,5.4,41.86,5.76,38.41,71,17.78,20,48.72,4948,B1,33.0,52.0,5.67,40.63,5.87,42.48,60,25.58,46,45.24,4248,B1,44.0,54.0,4.72,25.58,4.55,25.93,66,25.53,54,34.09,4241,A2,41.0,52.0,5.74,34.31,5.95,41.52,73,18.18,51,34.88,4164,B1,44.0,50.0,3.68,11.76,4.24,19.26,29,44.44,71,34.88,4498,B2,39.0,56.0,5.09,34.18,5.95,43.22,35,20.45,48,39.53,13.3,57.1,28.6,0.0,0.13,2.6,20.0,4.8,42.9,14.3,0.15,3.6,18.1,10.5,36.8,15.8,0.15,3.0,18.1,10.5,21.1,15.8,0.16,3.5,19.0,10.0,10.0,10.0,0.15,3.5,11.4,16.7,16.7,0.0,0.13,3.1,14.4,53.3,26.7,6.7,0.14,2.1,19.2,10.0,50.0,10.0,0.16,2.9,18.3,5.3,36.8,26.3,0.16,2.9,16.3,5.9,17.6,17.6,0.15,2.8,16.3,5.9,5.9,17.6,0.16,3.2,15.4,6.2,18.8,0.0,0.16,3.1,12.9,25.0,33.3,25.0,0.15,2.8,15.1,7.1,21.4,0.0,0.15,2.8,20.4,10.5,21.1,21.1,0.15,2.7,21.5,10.0,10.0,0.0,0.17,3.8,19.4,5.6,22.2,0.0,0.19,3.5,10.8,10.0,20.0,0.0,0.2,3.9,16.3,50.0,27.3,13.6,0.14,2.7,16.3,4.5,40.9,13.6,0.17,3.5,20.7,10.7,39.3,25.0,0.16,2.8,15.6,4.8,14.3,28.6,0.17,4.0,17.8,8.3,12.5,29.2,0.17,3.8,13.3,11.1,33.3,0.0,0.24,4.5,15.6,25.0,16.7,8.3,0.16,3.5,18.2,50.0,0.0,0.0,0.17,3.4,18.2,7.1,14.3,21.4,0.19,3.8,19.5,20.0,33.3,0.0,0.21,4.4,16.9,23.1,0.0,0.0,0.19,4.7,11.7,11.1,0.0,0.0,0.22,4.2,13.9,60.0,20.0,0.0,0.17,2.8,19.4,28.6,14.3,28.6,0.18,4.4,19.4,28.6,14.3,14.3,0.15,3.4,13.9,20.0,80.0,0.0,0.12,2.8,16.7,16.7,0.0,0.0,0.15,3.3,16.7,16.7,16.7,0.0,0.22,4.5
20260810,24,10,4949,A2,33.0,49.0,5.91,39.53,5.12,32.0,51,20.45,55,44.74,3284,B1,58.0,55.0,5.2,28.57,5.48,28.77,44,57.14,64,42.22,4624,A1,41.0,52.0,6.25,44.83,5.55,38.3,12,17.39,50,47.62,5055,A2,30.0,53.0,5.71,36.05,5.54,36.11,80,21.74,76,33.33,3349,A1,58.0,52.0,6.2,43.37,5.5,32.67,81,39.13,34,32.56,4287,A2,42.0,56.0,6.59,48.94,7.15,59.26,18,20.45,70,38.1,21.6,63.0,18.5,7.4,0.15,2.8,17.6,9.1,18.2,22.7,0.15,2.7,17.6,13.6,22.7,27.3,0.15,2.9,14.4,11.1,16.7,11.1,0.18,3.7,17.6,4.5,13.6,18.2,0.17,3.9,11.2,7.1,14.3,0.0,0.15,3.9,16.5,73.7,10.5,10.5,0.13,2.2,20.0,4.3,17.4,21.7,0.19,4.2,18.3,9.5,23.8,9.5,0.18,3.4,17.4,5.0,10.0,10.0,0.2,3.6,23.5,14.8,18.5,0.0,0.2,3.9,4.3,20.0,0.0,0.0,0.23,4.6,19.2,73.9,8.7,0.0,0.17,2.8,15.8,21.1,42.1,21.1,0.16,3.1,14.2,29.4,29.4,17.6,0.18,3.8,16.7,20.0,35.0,5.0,0.15,3.0,24.2,20.7,10.3,24.1,0.17,3.1,10.0,8.3,8.3,0.0,0.15,4.3,18.6,76.2,4.8,9.5,0.13,2.5,16.8,31.6,47.4,5.3,0.16,2.9,15.9,16.7,16.7,16.7,0.16,2.8,15.0,11.8,11.8,11.8,0.18,3.8,17.7,10.0,15.0,30.0,0.15,2.9,15.9,5.6,22.2,0.0,0.18,4.0,20.0,65.4,23.1,3.8,0.19,2.7,22.3,20.7,27.6,31.0,0.14,2.2,20.8,14.8,29.6,14.8,0.17,3.3,18.5,16.7,16.7,25.0,0.16,2.6,14.6,10.5,31.6,0.0,0.17,3.0,3.8,0.0,0.0,0.0,0.18,3.0,17.6,57.9,21.1,10.5,0.17,2.8,15.7,11.8,29.4,5.9,0.17,4.1,17.6,5.3,42.1,10.5,0.17,3.3,14.8,6.2,18.8,25.0,0.18,2.8,15.7,5.9,11.8,0.0,0.16,3.8,18.5,10.0,15.0,25.0,0.16,3.5
20260810,24,11,4553,A2,37.0,53.0,5.7,35.0,6.28,44.74,22,20.0,11,33.33,3473,A1,56.0,52.0,6.53,51.97,6.8,46.34,50,7.32,49,38.1,4092,B1,45.0,52.0,4.86,26.92,5.1,33.33,75,28.89,31,36.96,4259,A2,42.0,53.0,5.67,34.88,6.1,44.32,62,35.56,43,34.88,3576,A1,53.0,52.0,6.63,48.51,6.39,48.21,14,34.88,38,34.88,5011,B1,29.0,52.0,3.93,17.28,4.21,22.83,68,23.26,60,36.36,16.2,84.2,10.5,5.3,0.13,2.3,17.1,25.0,40.0,5.0,0.13,3.0,17.1,5.0,25.0,45.0,0.17,3.5,17.9,9.5,9.5,38.1,0.17,3.9,18.8,31.8,31.8,0.0,0.17,3.8,12.8,6.7,6.7,26.7,0.17,3.7,38.6,42.9,20.4,12.2,0.13,2.2,57.5,12.3,30.1,16.4,0.15,3.3,3.9,40.0,0.0,0.0,0.15,3.2,0.0,0.0,0.0,0.0,0.0,0.0,0.0,0.0,0.0,0.0,0.0,0.0,0.0,0.0,0.0,0.0,0.0,0.0,14.9,71.4,7.1,0.0,0.11,2.0,19.1,5.6,22.2,33.3,0.17,3.3,18.1,5.9,23.5,29.4,0.13,2.8,17.0,6.2,12.5,18.8,0.15,3.1,11.7,18.2,18.2,0.0,0.18,3.5,19.1,11.1,11.1,0.0,0.2,4.3,19.9,55.6,22.2,11.1,0.13,2.4,19.1,19.2,30.8,19.2,0.13,2.8,16.2,9.1,36.4,18.2,0.14,2.9,17.6,8.3,4.2,29.2,0.16,3.1,15.4,14.3,19.0,0.0,0.14,3.2,11.8,6.2,25.0,0.0,0.21,3.7,21.1,70.0,20.0,3.3,0.13,2.2,22.5,12.5,40.6,25.0,0.16,3.4,15.5,9.1,22.7,40.9,0.18,3.0,14.1,10.0,25.0,40.0,0.17,3.5,14.8,4.8,33.3,38.1,0.18,3.3,12.0,11.8,52.9,0.0,0.21,4.2,12.6,27.3,27.3,18.2,0.14,2.6,18.4,12.5,12.5,0.0,0.14,3.6,18.4,25.0,18.8,0.0,0.15,3.2,19.5,5.9,11.8,0.0,0.14,2.6,14.9,7.7,0.0,0.0,0.16,2.9,16.1,7.1,7.1,0.0,0.18,3.7
20260810,24,12,4096,A1,44.0,53.0,6.25,44.76,7.22,58.1,36,27.91,62,34.88,4497,A1,39.0,52.0,7.42,55.56,7.58,59.43,20,42.5,81,41.03,4352,A1,40.0,52.0,7.26,58.0,7.54,61.44,78,22.22,24,38.64,4715,A1,34.0,54.0,6.7,44.26,6.87,52.74,43,34.78,56,35.56,4171,A2,43.0,52.0,6.19,44.07,6.32,44.5,23,39.58,57,33.33,3777,A2,51.0,52.0,5.37,35.71,6.43,48.39,34,42.55,14,48.72,23.5,87.5,4.2,0.0,0.11,2.0,12.7,23.1,23.1,0.0,0.18,4.5,16.7,11.8,35.3,17.6,0.19,3.7,12.7,7.7,46.2,30.8,0.15,3.5,16.7,11.8,17.6,5.9,0.14,3.3,17.6,5.6,5.6,44.4,0.16,3.3,23.4,76.9,7.7,7.7,0.13,2.3,20.7,21.7,21.7,13.0,0.14,3.0,15.3,29.4,5.9,11.8,0.12,2.1,12.6,21.4,14.3,0.0,0.16,2.9,15.3,5.9,23.5,23.5,0.14,2.9,12.6,14.3,21.4,28.6,0.15,3.4,22.2,75.0,8.3,0.0,0.14,2.7,13.0,14.3,28.6,14.3,0.14,3.1,16.7,16.7,50.0,11.1,0.14,2.8,15.7,11.8,5.9,17.6,0.13,3.5,13.9,20.0,13.3,26.7,0.15,3.2,18.5,10.0,20.0,0.0,0.18,4.1,21.0,59.1,4.5,18.2,0.14,2.8,13.3,42.9,14.3,28.6,0.13,2.5,15.2,18.8,31.2,25.0,0.12,2.7,14.3,6.7,33.3,20.0,0.14,2.7,16.2,17.6,5.9,41.2,0.17,3.1,20.0,19.0,38.1,0.0,0.17,3.4,23.4,87.9,3.0,3.0,0.16,3.1,16.3,13.0,43.5,17.4,0.18,3.8,13.5,21.1,21.1,26.3,0.21,3.8,12.1,11.8,11.8,29.4,0.18,4.5,15.6,9.1,18.2,0.0,0.2,4.0,19.1,14.8,25.9,0.0,0.25,5.0,21.7,56.7,23.3,13.3,0.17,3.1,15.9,27.3,18.2,13.6,0.15,2.8,18.1,12.0,32.0,16.0,0.17,3.0,10.9,20.0,13.3,13.3,0.16,3.1,17.4,20.8,12.5,12.5,0.15,3.5,15.9,13.6,9.1,4.5,0.21,4.2
20260810,23,1,4515,A2,40.0,56.0,5.76,36.13,5.83,41.9,44,32.86,52,38.1,5312,B1,26.0,53.0,3.61,13.04,2.63,5.65,53,24.48,14,31.68,3809,B1,51.0,51.0,3.92,7.89,5.25,31.03,37,34.3,49,32.99,3722,B1,56.0,53.0,3.37,8.33,3.19,6.25,59,29.63,9,35.16,4652,B1,41.0,52.0,4.78,22.73,5.28,34.31,50,39.89,47,29.29,5124,B1,30.0,53.0,4.38,25.61,4.21,20.72,28,37.37,48,28.97,20.3,82.1,10.7,0.0,0.15,2.6,18.1,12.0,36.0,24.0,0.16,3.4,14.5,10.0,15.0,55.0,0.18,3.6,17.4,4.2,29.2,8.3,0.16,3.3,13.8,15.8,10.5,21.1,0.17,3.2,15.9,4.5,31.8,0.0,0.2,4.5,11.5,36.4,18.2,9.1,0.16,2.6,16.7,18.8,12.5,6.2,0.18,3.4,19.8,10.5,10.5,10.5,0.16,2.8,17.7,5.9,11.8,0.0,0.21,3.8,16.7,6.2,0.0,0.0,0.15,2.9,17.7,11.8,0.0,0.0,0.14,2.8,9.2,33.3,16.7,0.0,0.21,3.2,9.2,16.7,50.0,0.0,0.12,3.7,10.8,28.6,14.3,0.0,0.12,2.4,16.9,9.1,27.3,0.0,0.21,3.7,21.5,7.1,21.4,0.0,0.2,4.0,32.3,4.8,19.0,0.0,0.22,4.0,11.7,45.5,0.0,0.0,0.16,2.8,18.1,5.9,17.6,0.0,0.18,3.3,22.3,4.8,9.5,14.3,0.18,3.7,11.7,18.2,0.0,0.0,0.16,3.4,19.1,5.6,5.6,0.0,0.17,4.3,17.0,12.5,0.0,0.0,0.25,5.2,18.3,47.4,15.8,10.5,0.17,3.5,17.3,5.6,38.9,5.6,0.13,3.2,20.2,9.5,14.3,19.0,0.18,3.8,18.3,5.3,21.1,10.5,0.18,3.2,10.6,9.1,9.1,27.3,0.14,2.4,15.4,6.2,0.0,0.0,0.24,4.9,10.0,25.0,12.5,12.5,0.23,4.1,21.2,11.8,23.5,0.0,0.18,3.4,13.8,18.2,9.1,0.0,0.17,4.3,20.0,6.2,12.5,31.2,0.16,3.1,22.5,5.6,5.6,27.8,0.15,2.4,12.5,10.0,0.0,0.0,0.18,3.6
20260810,23,2,3508,A2,55.0,56.0,5.29,32.94,4.65,25.2,3,27.92,54,30.93,4445,A1,39.0,57.0,7.1,46.81,7.5,59.29,34,33.33,31,39.78,4552,B1,37.0,52.0,4.58,28.95,4.77,29.46,11,30.59,59,39.39,3617,B1,53.0,54.0,3.88,19.12,4.54,27.56,26,30.37,3,37.11,5214,B1,27.0,53.0,4.88,30.0,4.65,26.62,43,33.14,44,33.0,5462,B2,19.0,49.0,1.7,0.0,1.78,0.0,55,33.18,28,38.83,15.6,85.7,0.0,0.0,0.17,3.1,18.9,17.6,35.3,23.5,0.19,3.7,18.9,11.8,23.5,41.2,0.17,2.9,14.4,7.7,23.1,38.5,0.2,4.1,17.8,12.5,0.0,0.0,0.2,4.7,14.4,15.4,0.0,0.0,0.28,5.3,18.0,91.3,4.3,4.3,0.12,2.9,15.6,10.0,25.0,30.0,0.12,2.5,10.9,7.1,50.0,14.3,0.11,2.0,18.0,13.0,17.4,13.0,0.11,2.8,18.0,4.3,8.7,30.4,0.13,2.9,19.5,20.0,0.0,0.0,0.12,3.2,17.0,57.9,10.5,15.8,0.14,2.9,16.1,5.6,16.7,16.7,0.16,3.6,14.3,12.5,25.0,12.5,0.14,2.8,17.0,31.6,21.1,10.5,0.13,2.5,14.3,18.8,12.5,12.5,0.15,2.3,21.4,12.5,8.3,16.7,0.13,2.3,12.6,36.4,9.1,0.0,0.16,2.9,17.2,6.7,20.0,13.3,0.19,4.1,25.3,9.1,31.8,13.6,0.19,3.5,18.4,18.8,12.5,25.0,0.18,3.1,19.5,0.0,0.0,0.0,0.21,4.6,6.9,0.0,0.0,0.0,0.23,4.8,14.4,53.3,13.3,6.7,0.19,4.2,21.2,4.5,50.0,4.5,0.19,4.4,18.3,10.5,36.8,0.0,0.17,3.3,17.3,16.7,16.7,16.7,0.14,2.9,13.5,14.3,28.6,0.0,0.16,4.1,15.4,6.2,0.0,0.0,0.22,4.4,0.0,0.0,0.0,0.0,0.0,0.0,0.0,0.0,0.0,0.0,0.0,0.0,0.0,0.0,0.0,0.0,0.0,0.0,0.0,0.0,0.0,0.0,0.0,0.0,0.0,0.0,0.0,0.0,0.0,0.0,0.0,0.0,0.0,0.0,0.0,0.0
20260810,23,3,5142,A1,25.0,51.0,7.22,52.59,7.42,58.41,54,36.87,29,35.24,4499,B1,38.0,45.0,5.12,29.23,4.76,24.0,10,35.98,41,35.85,4531,A2,37.0,54.0,6.33,41.18,6.3,45.59,58,33.49,51,36.27,5268,B1,25.0,56.0,3.67,15.79,2.28,3.13,20,32.55,23,44.66,5307,B1,23.0,51.0,4.71,28.57,4.0,17.7,42,37.33,37,36.73,3825,B1,53.0,59.0,3.2,18.18,4.17,20.0,47,33.8,32,39.39,20.5,78.3,8.7,4.3,0.14,2.1,21.4,25.0,54.2,12.5,0.15,2.9,17.0,21.1,31.6,31.6,0.15,2.9,15.2,11.8,47.1,11.8,0.15,3.3,16.1,5.6,44.4,11.1,0.14,2.7,9.8,36.4,0.0,0.0,0.17,3.6,12.9,36.4,27.3,9.1,0.2,4.2,15.3,30.8,38.5,7.7,0.16,3.4,23.5,5.0,25.0,30.0,0.15,3.0,14.1,25.0,16.7,16.7,0.19,3.4,21.2,11.1,11.1,0.0,0.19,4.0,12.9,9.1,18.2,0.0,0.16,4.0,18.9,75.0,16.7,0.0,0.14,2.4,14.2,5.6,33.3,22.2,0.18,3.1,20.5,19.2,34.6,15.4,0.16,2.8,15.7,10.0,35.0,0.0,0.17,3.8,15.0,5.3,15.8,31.6,0.18,3.2,15.7,5.0,35.0,0.0,0.15,4.1,10.0,12.5,12.5,12.5,0.18,3.8,15.0,8.3,25.0,8.3,0.17,3.4,18.8,20.0,13.3,0.0,0.18,3.1,18.8,6.7,6.7,0.0,0.21,3.9,12.5,10.0,20.0,0.0,0.21,3.5,25.0,5.0,0.0,0.0,0.22,4.8,11.7,50.0,25.0,8.3,0.16,3.7,21.4,4.5,22.7,22.7,0.21,4.0,17.5,11.1,27.8,22.2,0.19,3.9,15.5,6.2,18.8,0.0,0.18,3.9,21.4,9.1,18.2,0.0,0.21,4.1,12.6,15.4,7.7,0.0,0.16,4.2,11.8,25.0,12.5,0.0,0.12,2.4,13.2,11.1,0.0,0.0,0.16,3.2,23.5,12.5,6.2,0.0,0.12,2.0,19.1,15.4,0.0,0.0,0.11,1.8,13.2,22.2,0.0,0.0,0.14,2.7,19.1,7.7,7.7,0.0,0.09,2.0
20260810,23,4,4252,B1,43.0,51.0,4.73,25.81,4.53,24.56,21,34.8,24,37.11,3623,A1,52.0,52.0,7.51,65.18,8.03,70.06,19,33.51,55,38.78,3998,B1,47.0,50.0,4.45,27.0,5.08,33.55,49,37.13,50,39.39,5270,B1,25.0,51.0,4.52,25.0,3.39,15.66,32,46.32,5,35.14,3211,B1,64.0,52.0,4.04,14.12,3.92,13.08,35,38.46,57,32.61,5428,B2,23.0,50.0,1.08,0.0,1.15,0.0,31,37.44,10,40.45,12.4,18.2,27.3,9.1,0.15,2.7,16.9,26.7,13.3,0.0,0.2,4.0,14.6,7.7,7.7,23.1,0.19,3.6,22.5,30.0,10.0,5.0,0.19,3.6,16.9,6.7,20.0,0.0,0.18,3.8,16.9,20.0,0.0,0.0,0.22,3.7,31.0,69.2,17.9,10.3,0.11,2.2,57.9,24.7,21.9,20.5,0.15,2.9,11.1,35.7,35.7,0.0,0.11,2.0,0.0,0.0,0.0,0.0,0.0,0.0,0.0,0.0,0.0,0.0,0.0,0.0,0.0,0.0,0.0,0.0,0.0,0.0,12.1,45.5,45.5,0.0,0.15,2.4,19.8,33.3,22.2,0.0,0.18,3.4,18.7,17.6,17.6,0.0,0.15,3.1,16.5,13.3,6.7,0.0,0.15,3.0,20.9,10.5,10.5,0.0,0.19,3.8,12.1,0.0,0.0,0.0,0.21,4.8,10.5,30.0,30.0,10.0,0.14,2.8,18.9,11.1,27.8,44.4,0.16,3.4,21.1,20.0,25.0,5.0,0.14,3.0,14.7,21.4,7.1,21.4,0.15,2.7,18.9,16.7,16.7,0.0,0.14,2.9,15.8,13.3,0.0,0.0,0.17,3.1,16.0,25.0,25.0,16.7,0.19,3.4,14.7,9.1,18.2,9.1,0.18,3.4,17.3,7.7,7.7,0.0,0.18,3.6,18.7,21.4,7.1,0.0,0.16,3.0,18.7,7.1,7.1,0.0,0.18,4.1,14.7,9.1,0.0,0.0,0.2,4.5,0.0,0.0,0.0,0.0,0.0,0.0,0.0,0.0,0.0,0.0,0.0,0.0,0.0,0.0,0.0,0.0,0.0,0.0,0.0,0.0,0.0,0.0,0.0,0.0,2.8,0.0,0.0,0.0,0.12,2.5,97.2,0.0,0.0,0.0,0.2,4.2
20260810,23,5,3784,B1,49.0,53.0,4.94,28.89,5.57,34.78,27,34.01,35,39.42,4879,B1,31.0,53.0,4.98,33.33,5.3,30.33,33,21.64,53,34.95,5263,B1,27.0,52.0,4.13,19.32,2.75,8.33,14,33.33,40,29.41,4294,A1,40.0,59.0,6.03,41.51,6.86,51.83,12,33.49,2,37.62,4320,A1,41.0,51.0,8.63,56.82,8.03,68.87,29,37.05,16,38.24,5451,B2,21.0,47.0,1.43,4.76,1.14,0.0,22,39.71,60,29.41,14.6,61.5,23.1,0.0,0.12,1.8,15.7,35.7,35.7,0.0,0.19,2.9,19.1,5.9,23.5,17.6,0.17,3.1,23.6,19.0,9.5,28.6,0.14,2.8,10.1,33.3,0.0,0.0,0.17,3.0,16.9,13.3,0.0,0.0,0.17,3.4,14.5,45.5,27.3,0.0,0.15,2.7,15.8,8.3,25.0,16.7,0.23,4.4,15.8,16.7,25.0,8.3,0.14,3.2,17.1,38.5,7.7,0.0,0.17,3.2,15.8,25.0,0.0,0.0,0.15,3.6,21.1,12.5,12.5,0.0,0.18,4.1,12.7,46.2,7.7,15.4,0.14,2.8,18.6,5.3,26.3,10.5,0.17,3.9,18.6,26.3,31.6,0.0,0.17,3.6,19.6,15.0,10.0,25.0,0.16,3.0,17.6,11.1,27.8,0.0,0.19,2.9,12.7,15.4,0.0,0.0,0.2,3.5,18.8,70.8,4.2,4.2,0.14,2.5,15.6,25.0,30.0,20.0,0.16,3.2,17.2,27.3,18.2,9.1,0.14,2.6,18.8,33.3,4.2,29.2,0.11,2.3,12.5,12.5,25.0,12.5,0.12,2.3,17.2,18.2,4.5,4.5,0.14,2.7,24.8,84.6,7.7,7.7,0.13,2.8,19.0,20.0,30.0,15.0,0.13,3.5,16.2,11.8,29.4,47.1,0.12,2.4,18.1,15.8,31.6,36.8,0.13,2.8,11.4,25.0,25.0,0.0,0.14,3.8,10.5,9.1,45.5,0.0,0.13,3.6,0.0,0.0,0.0,0.0,0.0,0.0,0.0,0.0,0.0,0.0,0.0,0.0,0.0,0.0,0.0,0.0,0.0,0.0,0.0,0.0,0.0,0.0,0.0,0.0,0.0,0.0,0.0,0.0,0.0,0.0,0.0,0.0,0.0,0.0,0.0,0.0
20260810,23,6,3566,B1,56.0,53.0,4.6,25.29,5.05,26.19,40,42.79,21,44.34,4072,A1,45.0,52.0,7.2,56.88,6.62,52.76,16,47.14,38,37.14,5312,B1,26.0,53.0,3.61,13.04,2.63,5.65,53,24.48,14,31.68,5026,A1,30.0,55.0,6.51,50.45,6.45,49.69,4,44.44,12,34.0,4552,B1,37.0,52.0,4.58,28.95,4.77,29.46,11,30.59,59,39.39,4718,A2,33.0,52.0,6.2,43.24,5.53,35.1,5,38.38,15,35.29,15.1,62.5,12.5,6.2,0.16,3.9,18.9,10.0,20.0,35.0,0.17,4.3,17.0,11.1,22.2,33.3,0.18,3.8,17.0,5.6,22.2,22.2,0.19,4.1,21.7,17.4,13.0,0.0,0.19,4.3,10.4,27.3,0.0,0.0,0.27,5.0,22.0,85.0,5.0,0.0,0.13,2.5,15.4,28.6,21.4,7.1,0.12,2.0,14.3,46.2,23.1,15.4,0.13,1.9,18.7,11.8,23.5,17.6,0.12,2.8,14.3,7.7,46.2,7.7,0.14,2.8,15.4,14.3,14.3,0.0,0.15,3.0,11.5,36.4,18.2,9.1,0.16,2.6,16.7,18.8,12.5,6.2,0.18,3.4,19.8,10.5,10.5,10.5,0.16,2.8,17.7,5.9,11.8,0.0,0.21,3.8,16.7,6.2,0.0,0.0,0.15,2.9,17.7,11.8,0.0,0.0,0.14,2.8,17.0,84.2,10.5,0.0,0.15,2.8,17.0,10.5,26.3,21.1,0.17,4.0,14.3,12.5,43.8,25.0,0.14,2.8,19.6,13.6,40.9,13.6,0.15,3.2,17.0,15.8,15.8,15.8,0.16,3.4,15.2,5.9,5.9,5.9,0.18,4.1,17.0,57.9,10.5,15.8,0.14,2.9,16.1,5.6,16.7,16.7,0.16,3.6,14.3,12.5,25.0,12.5,0.14,2.8,17.0,31.6,21.1,10.5,0.13,2.5,14.3,18.8,12.5,12.5,0.15,2.3,21.4,12.5,8.3,16.7,0.13,2.3,22.3,51.9,7.4,7.4,0.18,2.6,15.7,31.6,15.8,36.8,0.13,2.6,16.5,30.0,25.0,15.0,0.14,2.6,18.2,9.1,50.0,13.6,0.14,2.8,13.2,31.2,12.5,0.0,0.11,2.7,14.0,5.9,11.8,17.6,0.15,2.9
20260810,23,7,4006,B1,48.0,51.0,5.04,28.26,4.64,23.47,46,34.93,20,34.29,3974,B1,49.0,52.0,4.4,25.27,4.39,21.14,8,35.68,56,35.71,4500,A1,38.0,54.0,7.75,51.38,8.3,68.29,18,37.79,8,40.2,5412,B2,20.0,43.0,1.59,1.25,1.47,1.72,52,32.35,13,32.41,4661,A2,34.0,53.0,5.43,36.0,5.46,37.4,7,37.96,1,39.58,4499,B1,38.0,45.0,5.12,29.23,4.76,24.0,10,35.98,41,35.85,11.6,36.4,27.3,27.3,0.16,3.7,17.9,11.8,29.4,11.8,0.18,3.4,21.1,20.0,40.0,10.0,0.17,3.5,17.9,23.5,17.6,0.0,0.15,3.6,20.0,5.3,15.8,10.5,0.18,4.5,11.6,18.2,0.0,0.0,0.2,4.0,12.3,22.2,33.3,22.2,0.14,2.4,17.8,15.4,15.4,15.4,0.16,3.3,24.7,38.9,22.2,0.0,0.18,3.3,17.8,7.7,15.4,7.7,0.14,3.2,13.7,30.0,0.0,0.0,0.18,3.3,13.7,0.0,0.0,0.0,0.18,4.2,21.1,89.3,7.1,0.0,0.12,2.1,15.8,28.6,14.3,23.8,0.12,3.1,17.3,13.0,17.4,21.7,0.14,3.3,15.0,15.0,25.0,35.0,0.12,3.4,15.0,10.0,20.0,35.0,0.15,3.7,15.8,4.8,9.5,14.3,0.17,4.0,0.0,0.0,0.0,0.0,0.0,0.0,0.0,0.0,0.0,0.0,0.0,0.0,0.0,0.0,0.0,0.0,0.0,0.0,15.7,9.1,0.0,0.0,0.19,3.5,18.6,0.0,0.0,0.0,0.2,3.8,65.7,4.3,0.0,0.0,0.2,4.0,13.6,45.5,36.4,0.0,0.14,3.3,19.8,6.2,50.0,37.5,0.16,3.9,21.0,23.5,35.3,0.0,0.18,3.8,13.6,36.4,18.2,0.0,0.18,5.2,22.2,5.6,44.4,0.0,0.2,4.2,9.9,12.5,12.5,0.0,0.22,5.1,12.9,36.4,27.3,9.1,0.2,4.2,15.3,30.8,38.5,7.7,0.16,3.4,23.5,5.0,25.0,30.0,0.15,3.0,14.1,25.0,16.7,16.7,0.19,3.4,21.2,11.1,11.1,0.0,0.19,4.0,12.9,9.1,18.2,0.0,0.16,4.0
20260810,23,8,3617,B1,53.0,54.0,3.88,19.12,4.54,27.56,26,30.37,3,37.11,3825,B1,53.0,59.0,3.2,18.18,4.17,20.0,47,33.8,32,39.39,4720,B1,32.0,48.0,3.58,15.38,4.59,28.13,36,30.81,19,38.46,4503,A1,38.0,52.0,8.09,61.74,7.81,65.14,13,31.86,18,31.96,5428,B2,23.0,50.0,1.08,0.0,1.15,0.0,31,37.44,10,40.45,3809,B1,51.0,51.0,3.92,7.89,5.25,31.03,37,34.3,49,32.99,12.6,36.4,9.1,0.0,0.16,2.9,17.2,6.7,20.0,13.3,0.19,4.1,25.3,9.1,31.8,13.6,0.19,3.5,18.4,18.8,12.5,25.0,0.18,3.1,19.5,0.0,0.0,0.0,0.21,4.6,6.9,0.0,0.0,0.0,0.23,4.8,11.8,25.0,12.5,0.0,0.12,2.4,13.2,11.1,0.0,0.0,0.16,3.2,23.5,12.5,6.2,0.0,0.12,2.0,19.1,15.4,0.0,0.0,0.11,1.8,13.2,22.2,0.0,0.0,0.14,2.7,19.1,7.7,7.7,0.0,0.09,2.0,14.0,23.1,7.7,23.1,0.21,3.6,18.3,29.4,23.5,11.8,0.18,3.2,20.4,5.3,31.6,0.0,0.21,3.7,15.1,35.7,0.0,0.0,0.19,3.3,18.3,5.9,5.9,0.0,0.18,3.6,14.0,15.4,0.0,0.0,0.23,3.5,21.4,85.2,11.1,0.0,0.1,2.0,15.1,10.5,21.1,15.8,0.11,2.1,12.7,25.0,37.5,6.2,0.1,2.1,19.0,12.5,37.5,12.5,0.12,2.0,18.3,17.4,34.8,21.7,0.12,2.3,13.5,11.8,5.9,0.0,0.12,3.2,0.0,0.0,0.0,0.0,0.0,0.0,0.0,0.0,0.0,0.0,0.0,0.0,0.0,0.0,0.0,0.0,0.0,0.0,0.0,0.0,0.0,0.0,0.0,0.0,2.8,0.0,0.0,0.0,0.12,2.5,97.2,0.0,0.0,0.0,0.2,4.2,9.2,33.3,16.7,0.0,0.21,3.2,9.2,16.7,50.0,0.0,0.12,3.7,10.8,28.6,14.3,0.0,0.12,2.4,16.9,9.1,27.3,0.0,0.21,3.7,21.5,7.1,21.4,0.0,0.2,4.0,32.3,4.8,19.0,0.0,0.22,4.0
20260810,23,9,3211,B1,64.0,52.0,4.04,14.12,3.92,13.08,35,38.46,57,32.61,5121,A1,25.0,52.0,7.66,53.0,7.43,60.8,41,28.89,6,44.66,5142,A1,25.0,51.0,7.22,52.59,7.42,58.41,54,36.87,29,35.24,5263,B1,27.0,52.0,4.13,19.32,2.75,8.33,14,33.33,40,29.41,5462,B2,19.0,49.0,1.7,0.0,1.78,0.0,55,33.18,28,38.83,4143,B1,45.0,57.0,3.99,18.75,4.28,21.48,1,32.42,7,39.78,16.0,25.0,25.0,16.7,0.19,3.4,14.7,9.1,18.2,9.1,0.18,3.4,17.3,7.7,7.7,0.0,0.18,3.6,18.7,21.4,7.1,0.0,0.16,3.0,18.7,7.1,7.1,0.0,0.18,4.1,14.7,9.1,0.0,0.0,0.2,4.5,20.1,78.6,14.3,0.0,0.15,3.3,19.4,29.6,37.0,7.4,0.15,3.2,18.0,32.0,36.0,20.0,0.12,2.4,14.4,20.0,15.0,25.0,0.12,2.8,13.7,26.3,26.3,15.8,0.13,2.4,14.4,10.0,25.0,15.0,0.12,3.4,20.5,78.3,8.7,4.3,0.14,2.1,21.4,25.0,54.2,12.5,0.15,2.9,17.0,21.1,31.6,31.6,0.15,2.9,15.2,11.8,47.1,11.8,0.15,3.3,16.1,5.6,44.4,11.1,0.14,2.7,9.8,36.4,0.0,0.0,0.17,3.6,12.7,46.2,7.7,15.4,0.14,2.8,18.6,5.3,26.3,10.5,0.17,3.9,18.6,26.3,31.6,0.0,0.17,3.6,19.6,15.0,10.0,25.0,0.16,3.0,17.6,11.1,27.8,0.0,0.19,2.9,12.7,15.4,0.0,0.0,0.2,3.5,0.0,0.0,0.0,0.0,0.0,0.0,0.0,0.0,0.0,0.0,0.0,0.0,0.0,0.0,0.0,0.0,0.0,0.0,0.0,0.0,0.0,0.0,0.0,0.0,0.0,0.0,0.0,0.0,0.0,0.0,0.0,0.0,0.0,0.0,0.0,0.0,11.4,44.4,22.2,11.1,0.12,3.0,21.5,5.9,35.3,0.0,0.17,3.2,15.2,8.3,25.0,33.3,0.15,2.6,20.3,12.5,12.5,0.0,0.13,2.4,19.0,6.7,13.3,0.0,0.19,3.9,12.7,10.0,10.0,0.0,0.19,3.9
20260810,23,10,4294,A1,40.0,59.0,6.03,41.51,6.86,51.83,12,33.49,2,37.62,4100,B1,47.0,54.0,4.64,26.97,4.17,27.59,2,37.62,11,29.7,3508,A2,55.0,56.0,5.29,32.94,4.65,25.2,3,27.92,54,30.93,4734,A1,36.0,53.0,6.8,51.85,7.08,52.9,15,39.47,17,35.64,3998,B1,47.0,50.0,4.45,27.0,5.08,33.55,49,37.13,50,39.39,3722,B1,56.0,53.0,3.37,8.33,3.19,6.25,59,29.63,9,35.16,18.8,70.8,4.2,4.2,0.14,2.5,15.6,25.0,30.0,20.0,0.16,3.2,17.2,27.3,18.2,9.1,0.14,2.6,18.8,33.3,4.2,29.2,0.11,2.3,12.5,12.5,25.0,12.5,0.12,2.3,17.2,18.2,4.5,4.5,0.14,2.7,13.0,53.8,7.7,23.1,0.19,3.1,20.0,5.0,25.0,25.0,0.15,2.7,20.0,5.0,25.0,20.0,0.14,3.2,19.0,26.3,26.3,10.5,0.14,2.9,17.0,5.9,17.6,11.8,0.18,3.7,11.0,0.0,0.0,0.0,0.21,3.5,15.6,85.7,0.0,0.0,0.17,3.1,18.9,17.6,35.3,23.5,0.19,3.7,18.9,11.8,23.5,41.2,0.17,2.9,14.4,7.7,23.1,38.5,0.2,4.1,17.8,12.5,0.0,0.0,0.2,4.7,14.4,15.4,0.0,0.0,0.28,5.3,26.4,72.7,21.2,6.1,0.14,2.5,13.6,29.4,41.2,0.0,0.13,2.8,16.0,35.0,15.0,25.0,0.14,2.8,15.2,26.3,31.6,26.3,0.13,2.3,17.6,9.1,31.8,22.7,0.15,3.3,11.2,21.4,0.0,0.0,0.17,4.6,12.1,45.5,45.5,0.0,0.15,2.4,19.8,33.3,22.2,0.0,0.18,3.4,18.7,17.6,17.6,0.0,0.15,3.1,16.5,13.3,6.7,0.0,0.15,3.0,20.9,10.5,10.5,0.0,0.19,3.8,12.1,0.0,0.0,0.0,0.21,4.8,11.7,45.5,0.0,0.0,0.16,2.8,18.1,5.9,17.6,0.0,0.18,3.3,22.3,4.8,9.5,14.3,0.18,3.7,11.7,18.2,0.0,0.0,0.16,3.4,19.1,5.6,5.6,0.0,0.17,4.3,17.0,12.5,0.0,0.0,0.25,5.2
20260810,23,11,4531,A2,37.0,54.0,6.33,41.18,6.3,45.59,58,33.49,51,36.27,4252,B1,43.0,51.0,4.73,25.81,4.53,24.56,21,34.8,24,37.11,4320,A1,41.0,51.0,8.63,56.82,8.03,68.87,29,37.05,16,38.24,4445,A1,39.0,57.0,7.1,46.81,7.5,59.29,34,33.33,31,39.78,3566,B1,56.0,53.0,4.6,25.29,5.05,26.19,40,42.79,21,44.34,3752,B1,55.0,57.0,4.28,17.05,3.12,5.88,24,31.65,39,38.14,18.9,75.0,16.7,0.0,0.14,2.4,14.2,5.6,33.3,22.2,0.18,3.1,20.5,19.2,34.6,15.4,0.16,2.8,15.7,10.0,35.0,0.0,0.17,3.8,15.0,5.3,15.8,31.6,0.18,3.2,15.7,5.0,35.0,0.0,0.15,4.1,12.4,18.2,27.3,9.1,0.15,2.7,16.9,26.7,13.3,0.0,0.2,4.0,14.6,7.7,7.7,23.1,0.19,3.6,22.5,30.0,10.0,5.0,0.19,3.6,16.9,6.7,20.0,0.0,0.18,3.8,16.9,20.0,0.0,0.0,0.22,3.7,24.8,84.6,7.7,7.7,0.13,2.8,19.0,20.0,30.0,15.0,0.13,3.5,16.2,11.8,29.4,47.1,0.12,2.4,18.1,15.8,31.6,36.8,0.13,2.8,11.4,25.0,25.0,0.0,0.14,3.8,10.5,9.1,45.5,0.0,0.13,3.6,18.0,91.3,4.3,4.3,0.12,2.9,15.6,10.0,25.0,30.0,0.12,2.5,10.9,7.1,50.0,14.3,0.11,2.0,18.0,13.0,17.4,13.0,0.11,2.8,18.0,4.3,8.7,30.4,0.13,2.9,19.5,20.0,0.0,0.0,0.12,3.2,15.1,62.5,12.5,6.2,0.16,3.9,18.9,10.0,20.0,35.0,0.17,4.3,17.0,11.1,22.2,33.3,0.18,3.8,17.0,5.6,22.2,22.2,0.19,4.1,21.7,17.4,13.0,0.0,0.19,4.3,10.4,27.3,0.0,0.0,0.27,5.0,12.9,33.3,16.7,8.3,0.21,4.3,16.1,26.7,13.3,0.0,0.22,4.5,17.2,6.2,12.5,12.5,0.14,3.1,19.4,22.2,11.1,0.0,0.16,3.2,17.2,18.8,0.0,0.0,0.14,2.9,17.2,12.5,0.0,0.0,0.16,3.4
20260810,23,12,4503,A1,38.0,52.0,8.09,61.74,7.81,65.14,13,31.86,18,31.96,4515,A2,40.0,56.0,5.76,36.13,5.83,41.9,44,32.86,52,38.1,3623,A1,52.0,52.0,7.51,65.18,8.03,70.06,19,33.51,55,38.78,3784,B1,49.0,53.0,4.94,28.89,5.57,34.78,27,34.01,35,39.42,5026,A1,30.0,55.0,6.51,50.45,6.45,49.69,4,44.44,12,34.0,3974,B1,49.0,52.0,4.4,25.27,4.39,21.14,8,35.68,56,35.71,21.4,85.2,11.1,0.0,0.1,2.0,15.1,10.5,21.1,15.8,0.11,2.1,12.7,25.0,37.5,6.2,0.1,2.1,19.0,12.5,37.5,12.5,0.12,2.0,18.3,17.4,34.8,21.7,0.12,2.3,13.5,11.8,5.9,0.0,0.12,3.2,20.3,82.1,10.7,0.0,0.15,2.6,18.1,12.0,36.0,24.0,0.16,3.4,14.5,10.0,15.0,55.0,0.18,3.6,17.4,4.2,29.2,8.3,0.16,3.3,13.8,15.8,10.5,21.1,0.17,3.2,15.9,4.5,31.8,0.0,0.2,4.5,31.0,69.2,17.9,10.3,0.11,2.2,57.9,24.7,21.9,20.5,0.15,2.9,11.1,35.7,35.7,0.0,0.11,2.0,0.0,0.0,0.0,0.0,0.0,0.0,0.0,0.0,0.0,0.0,0.0,0.0,0.0,0.0,0.0,0.0,0.0,0.0,14.6,61.5,23.1,0.0,0.12,1.8,15.7,35.7,35.7,0.0,0.19,2.9,19.1,5.9,23.5,17.6,0.17,3.1,23.6,19.0,9.5,28.6,0.14,2.8,10.1,33.3,0.0,0.0,0.17,3.0,16.9,13.3,0.0,0.0,0.17,3.4,17.0,84.2,10.5,0.0,0.15,2.8,17.0,10.5,26.3,21.1,0.17,4.0,14.3,12.5,43.8,25.0,0.14,2.8,19.6,13.6,40.9,13.6,0.15,3.2,17.0,15.8,15.8,15.8,0.16,3.4,15.2,5.9,5.9,5.9,0.18,4.1,12.3,22.2,33.3,22.2,0.14,2.4,17.8,15.4,15.4,15.4,0.16,3.3,24.7,38.9,22.2,0.0,0.18,3.3,17.8,7.7,15.4,7.7,0.14,3.2,13.7,30.0,0.0,0.0,0.18,3.3,13.7,0.0,0.0,0.0,0.18,4.2
20260810,21,1,4394,A2,40.0,53.0,5.96,37.62,6.0,34.78,30,35.8,16,30.86,5053,B1,30.0,55.0,3.48,16.07,3.53,20.0,15,33.72,27,40.96,5105,B1,27.0,52.0,4.18,20.91,5.04,30.56,4,40.0,14,44.59,4447,B1,39.0,48.0,5.63,34.69,5.8,38.89,39,38.27,32,32.47,5012,B1,29.0,52.0,4.75,28.77,5.53,35.85,16,22.5,37,35.71,5203,B1,22.0,42.0,5.56,32.5,3.52,20.29,59,27.63,35,31.71,16.7,50.0,22.2,5.6,0.14,2.2,14.8,12.5,37.5,6.2,0.14,2.9,22.2,8.3,33.3,16.7,0.16,2.5,16.7,11.1,22.2,44.4,0.16,2.9,16.7,11.1,16.7,27.8,0.15,3.2,13.0,7.1,21.4,7.1,0.18,3.5,15.1,46.2,15.4,23.1,0.17,2.9,12.8,36.4,18.2,0.0,0.17,4.3,17.4,6.7,6.7,0.0,0.14,2.3,15.1,7.7,15.4,0.0,0.16,2.7,15.1,23.1,7.7,0.0,0.17,3.2,24.4,4.8,4.8,0.0,0.2,4.7,11.1,50.0,16.7,8.3,0.15,3.3,19.4,4.8,28.6,23.8,0.21,4.2,19.4,9.5,4.8,28.6,0.18,4.0,18.5,5.0,10.0,25.0,0.18,4.2,18.5,5.0,10.0,25.0,0.17,3.7,13.0,0.0,0.0,0.0,0.19,4.0,15.1,35.7,21.4,14.3,0.22,3.9,14.0,38.5,23.1,0.0,0.17,4.2,15.1,14.3,21.4,21.4,0.17,3.9,18.3,11.8,29.4,23.5,0.18,4.0,18.3,5.9,11.8,11.8,0.18,3.8,19.4,11.1,0.0,0.0,0.22,4.6,20.2,40.9,27.3,13.6,0.14,2.7,13.8,6.7,13.3,20.0,0.12,2.6,17.4,15.8,21.1,36.8,0.11,2.4,16.5,11.1,22.2,11.1,0.15,2.6,12.8,7.1,28.6,7.1,0.12,2.5,19.3,4.8,4.8,28.6,0.17,3.6,14.5,50.0,37.5,6.2,0.15,3.1,19.1,14.3,14.3,42.9,0.17,3.5,17.3,21.1,5.3,10.5,0.15,2.8,18.2,10.0,20.0,0.0,0.14,2.8,17.3,5.3,15.8,26.3,0.16,2.9,13.6,20.0,0.0,0.0,0.18,4.4
20260810,21,2,4773,A2,33.0,48.0,6.0,42.86,6.02,39.06,48,41.98,26,39.24,5093,B2,24.0,57.0,3.91,20.37,5.07,32.3,2,30.38,15,32.1,5219,B1,25.0,51.0,5.11,37.11,4.41,27.85,7,34.94,12,45.07,4831,A1,31.0,56.0,7.51,57.45,6.91,50.51,29,40.26,46,29.58,5338,B1,26.0,53.0,4.63,25.64,2.88,6.25,52,37.18,54,35.37,5392,B2,25.0,53.0,1.74,0.0,1.31,1.85,21,43.75,53,39.29,20.0,55.6,22.2,11.1,0.19,3.3,14.1,10.5,47.4,21.1,0.15,3.4,17.8,12.5,16.7,25.0,0.16,3.3,15.6,9.5,9.5,42.9,0.17,3.1,20.7,3.6,14.3,25.0,0.18,3.8,11.9,18.8,6.2,18.8,0.16,3.3,15.8,56.2,12.5,6.2,0.14,2.0,15.8,12.5,37.5,12.5,0.16,2.9,14.9,26.7,6.7,0.0,0.13,2.9,12.9,7.7,7.7,23.1,0.19,3.7,18.8,21.1,10.5,0.0,0.17,3.8,21.8,9.1,4.5,0.0,0.26,5.1,13.9,63.6,18.2,0.0,0.19,3.7,16.5,23.1,23.1,0.0,0.2,4.5,20.3,18.8,12.5,25.0,0.21,4.4,16.5,7.7,15.4,23.1,0.21,4.0,15.2,8.3,8.3,0.0,0.19,3.3,17.7,14.3,0.0,0.0,0.18,3.9,19.4,70.0,15.0,10.0,0.13,3.5,15.5,25.0,43.8,6.2,0.16,3.7,14.6,26.7,20.0,26.7,0.13,2.6,17.5,5.6,27.8,44.4,0.14,3.1,20.4,4.8,9.5,23.8,0.16,3.9,12.6,15.4,0.0,0.0,0.17,3.9,6.4,28.6,14.3,0.0,0.19,3.6,6.4,57.1,14.3,0.0,0.11,2.9,6.4,42.9,14.3,28.6,0.15,2.3,29.1,3.1,12.5,12.5,0.15,3.0,25.5,7.1,17.9,0.0,0.16,3.1,26.4,3.4,13.8,0.0,0.18,3.9,0.0,0.0,0.0,0.0,0.0,0.0,0.0,0.0,0.0,0.0,0.0,0.0,0.0,0.0,0.0,0.0,0.0,0.0,17.1,7.7,0.0,0.0,0.19,3.9,22.4,0.0,0.0,0.0,0.2,3.9,60.5,0.0,0.0,0.0,0.18,3.8
20260810,21,3,4463,A2,40.0,55.0,6.78,54.55,5.47,37.65,55,47.76,69,27.4,5286,B1,27.0,50.0,4.67,25.24,2.89,12.73,32,46.84,31,32.47,3876,A1,49.0,52.0,6.81,43.4,7.99,72.46,28,28.4,55,40.0,5276,B1,24.0,51.0,4.9,25.0,4.48,24.14,54,30.38,66,34.67,4193,A2,44.0,51.0,6.03,43.33,5.71,39.56,41,44.44,49,43.18,5370,B2,24.0,47.0,1.35,2.7,1.41,0.0,47,37.66,25,31.34,19.7,40.0,40.0,8.0,0.15,2.6,16.5,9.5,28.6,23.8,0.16,3.2,16.5,14.3,23.8,33.3,0.13,3.2,18.1,17.4,26.1,13.0,0.17,3.5,17.3,4.5,18.2,22.7,0.13,3.0,11.8,20.0,26.7,0.0,0.19,4.2,13.3,50.0,16.7,8.3,0.16,3.3,20.0,27.8,5.6,0.0,0.16,3.8,18.9,5.9,23.5,23.5,0.16,2.6,15.6,7.1,14.3,0.0,0.17,3.2,20.0,5.6,5.6,5.6,0.15,3.1,12.2,18.2,9.1,0.0,0.16,2.6,24.1,71.4,14.3,0.0,0.15,3.9,13.8,12.5,37.5,25.0,0.18,4.1,16.4,47.4,15.8,5.3,0.13,3.1,11.2,30.8,7.7,23.1,0.17,3.3,14.7,41.2,11.8,17.6,0.14,2.6,19.8,8.7,8.7,17.4,0.14,3.2,16.8,33.3,22.2,0.0,0.16,2.7,18.7,20.0,5.0,35.0,0.18,3.2,17.8,21.1,47.4,0.0,0.16,3.2,17.8,5.3,10.5,15.8,0.16,3.8,14.0,6.7,6.7,13.3,0.17,3.3,15.0,6.2,25.0,0.0,0.2,4.6,16.8,50.0,20.8,16.7,0.11,2.5,19.6,21.4,39.3,14.3,0.15,2.6,16.1,26.1,39.1,21.7,0.15,2.7,17.5,16.0,12.0,36.0,0.14,2.7,16.1,8.7,0.0,0.0,0.18,3.8,14.0,5.0,5.0,10.0,0.16,3.7,0.0,0.0,0.0,0.0,0.0,0.0,0.0,0.0,0.0,0.0,0.0,0.0,0.0,0.0,0.0,0.0,0.0,0.0,24.6,5.9,0.0,0.0,0.16,3.4,23.2,0.0,0.0,0.0,0.23,4.0,52.2,0.0,0.0,0.0,0.19,3.8
20260810,21,4,4288,A1,41.0,53.0,7.65,61.74,7.12,59.63,26,21.92,59,45.07,5212,A2,27.0,54.0,6.16,43.48,4.45,27.27,5,32.39,70,32.93,4363,A2,41.0,53.0,5.21,30.91,5.26,24.73,17,34.15,34,34.18,4736,A1,35.0,53.0,7.15,57.26,6.92,54.12,8,40.26,52,32.43,5277,B1,24.0,45.0,5.27,29.63,4.33,14.81,24,19.48,58,32.89,5210,A2,27.0,55.0,5.67,44.0,5.42,37.74,11,41.98,56,37.8,25.3,78.4,10.8,2.7,0.12,2.0,19.2,32.1,32.1,17.9,0.13,2.7,11.0,25.0,6.2,31.2,0.12,2.5,17.1,28.0,36.0,12.0,0.1,1.7,13.7,15.0,30.0,20.0,0.13,1.8,13.7,10.0,10.0,45.0,0.14,2.3,15.0,68.8,12.5,6.2,0.14,1.8,18.7,25.0,45.0,10.0,0.12,1.9,16.8,11.1,38.9,11.1,0.14,2.8,20.6,27.3,27.3,0.0,0.13,2.0,16.8,22.2,11.1,22.2,0.13,2.6,12.1,23.1,0.0,0.0,0.16,3.3,18.3,65.4,15.4,7.7,0.16,2.5,17.6,16.0,44.0,8.0,0.16,3.0,16.9,8.3,37.5,25.0,0.15,2.8,14.8,4.8,14.3,38.1,0.18,3.6,17.6,24.0,12.0,0.0,0.19,3.8,14.8,33.3,0.0,0.0,0.17,3.5,21.9,60.0,28.0,4.0,0.13,2.0,14.9,23.5,35.3,17.6,0.14,2.5,14.9,5.9,64.7,17.6,0.13,2.5,15.8,5.6,38.9,27.8,0.15,2.8,15.8,5.6,38.9,5.6,0.12,2.2,16.7,10.5,21.1,0.0,0.16,3.3,15.3,52.9,23.5,17.6,0.16,2.6,15.3,17.6,35.3,23.5,0.15,3.1,19.8,9.1,22.7,27.3,0.13,2.1,18.9,9.5,9.5,42.9,0.15,2.5,14.4,12.5,12.5,0.0,0.19,3.0,16.2,22.2,0.0,0.0,0.13,3.4,13.0,35.7,42.9,0.0,0.11,2.6,14.8,12.5,43.8,6.2,0.17,3.1,19.4,9.5,33.3,28.6,0.14,3.0,18.5,10.0,20.0,25.0,0.17,2.9,18.5,5.0,15.0,20.0,0.16,3.2,15.7,11.8,11.8,0.0,0.15,3.9
20260810,21,5,4544,A1,38.0,51.0,7.6,58.95,7.65,58.97,3,45.57,65,32.5,4764,B1,36.0,47.0,4.94,31.75,3.76,11.9,36,26.67,41,29.27,4640,A2,35.0,52.0,5.82,38.21,5.94,41.03,33,38.75,38,41.67,5308,B1,22.0,54.0,4.65,25.53,3.16,18.18,50,30.26,61,36.36,4477,A1,38.0,57.0,7.29,44.23,6.41,37.5,14,21.88,21,29.87,5382,B1,21.0,52.0,2.09,2.53,2.24,7.89,9,32.0,43,37.93,27.8,75.0,9.1,4.5,0.15,2.4,17.1,33.3,37.0,14.8,0.16,3.6,13.3,23.8,33.3,9.5,0.17,3.8,12.7,50.0,15.0,20.0,0.12,2.0,17.1,14.8,33.3,25.9,0.17,3.7,12.0,10.5,21.1,36.8,0.18,4.1,16.8,52.9,17.6,17.6,0.14,2.5,18.8,26.3,21.1,10.5,0.16,2.8,19.8,15.0,25.0,30.0,0.17,3.5,17.8,11.1,5.6,11.1,0.15,3.2,11.9,8.3,25.0,0.0,0.19,3.2,14.9,13.3,0.0,0.0,0.2,4.1,20.9,58.6,31.0,6.9,0.14,1.7,12.2,5.9,23.5,35.3,0.15,3.5,20.1,17.9,28.6,21.4,0.15,2.4,16.5,13.0,21.7,21.7,0.14,2.6,16.5,8.7,4.3,34.8,0.14,2.7,13.7,10.5,26.3,0.0,0.14,3.2,8.5,25.0,12.5,0.0,0.2,3.5,21.3,10.0,50.0,10.0,0.17,3.9,17.0,6.2,6.2,25.0,0.14,3.7,20.2,21.1,0.0,0.0,0.15,4.2,21.3,5.0,15.0,0.0,0.21,4.0,11.7,18.2,18.2,0.0,0.15,3.1,22.6,83.3,10.0,0.0,0.13,2.5,17.3,13.0,43.5,17.4,0.14,3.3,16.5,9.1,22.7,31.8,0.12,2.8,15.8,19.0,33.3,23.8,0.14,3.4,15.0,10.0,10.0,30.0,0.13,2.8,12.8,5.9,29.4,0.0,0.15,3.5,0.0,0.0,0.0,0.0,0.0,0.0,0.0,0.0,0.0,0.0,0.0,0.0,1.5,0.0,0.0,0.0,0.17,6.0,26.9,5.6,5.6,5.6,0.16,3.2,32.8,13.6,0.0,0.0,0.16,3.7,38.8,3.8,3.8,0.0,0.18,3.6
20260810,21,6,5012,B1,29.0,52.0,4.75,28.77,5.53,35.85,16,22.5,37,35.71,4885,A2,30.0,47.0,7.0,55.71,6.15,40.0,13,45.0,36,39.77,5330,A2,22.0,51.0,6.56,51.3,5.32,32.88,38,32.5,18,35.71,4773,A2,33.0,48.0,6.0,42.86,6.02,39.06,48,41.98,26,39.24,4506,A1,38.0,52.0,6.17,46.59,6.8,55.07,35,49.4,13,42.86,4551,A2,37.0,54.0,5.74,42.0,4.91,29.33,42,24.69,40,28.92,20.2,40.9,27.3,13.6,0.14,2.7,13.8,6.7,13.3,20.0,0.12,2.6,17.4,15.8,21.1,36.8,0.11,2.4,16.5,11.1,22.2,11.1,0.15,2.6,12.8,7.1,28.6,7.1,0.12,2.5,19.3,4.8,4.8,28.6,0.17,3.6,20.9,63.2,21.1,0.0,0.11,1.8,18.7,11.8,35.3,23.5,0.18,2.6,19.8,22.2,33.3,16.7,0.14,2.7,14.3,15.4,30.8,30.8,0.14,2.2,15.4,14.3,28.6,0.0,0.17,2.8,11.0,10.0,20.0,0.0,0.16,3.0,16.7,80.0,0.0,0.0,0.14,2.8,20.0,20.8,20.8,25.0,0.15,3.0,15.0,27.8,16.7,5.6,0.12,2.1,18.3,4.5,31.8,18.2,0.14,2.8,14.2,17.6,23.5,11.8,0.15,3.2,15.8,5.3,5.3,15.8,0.17,3.6,20.0,55.6,22.2,11.1,0.19,3.3,14.1,10.5,47.4,21.1,0.15,3.4,17.8,12.5,16.7,25.0,0.16,3.3,15.6,9.5,9.5,42.9,0.17,3.1,20.7,3.6,14.3,25.0,0.18,3.8,11.9,18.8,6.2,18.8,0.16,3.3,18.5,65.0,15.0,5.0,0.14,2.0,16.7,27.8,44.4,11.1,0.13,2.4,14.8,25.0,25.0,12.5,0.15,2.7,19.4,33.3,28.6,19.0,0.13,2.0,17.6,21.1,21.1,15.8,0.12,1.7,13.0,7.1,28.6,28.6,0.14,2.1,17.9,42.9,38.1,19.0,0.18,3.6,15.4,16.7,27.8,11.1,0.15,3.6,16.2,21.1,21.1,31.6,0.18,3.3,14.5,11.8,41.2,5.9,0.15,3.5,17.1,10.0,25.0,25.0,0.16,3.4,18.8,9.1,36.4,0.0,0.18,3.6
20260810,21,7,4232,B1,43.0,55.0,6.26,43.62,5.42,33.33,60,42.47,67,35.44,5328,B1,22.0,54.0,4.2,19.28,3.18,12.9,12,36.84,51,31.51,5338,B1,26.0,53.0,4.63,25.64,2.88,6.25,52,37.18,54,35.37,5144,B1,25.0,48.0,4.8,26.26,5.1,31.03,31,43.48,22,37.04,5053,B1,30.0,55.0,3.48,16.07,3.53,20.0,15,33.72,27,40.96,3352,B1,58.0,51.0,4.06,7.45,4.28,17.24,56,48.05,57,32.91,14.4,40.0,20.0,13.3,0.17,3.1,18.3,15.8,21.1,21.1,0.17,3.5,16.3,23.5,17.6,17.6,0.17,3.5,16.3,35.3,5.9,17.6,0.19,3.2,19.2,15.0,15.0,15.0,0.16,2.6,15.4,6.2,25.0,0.0,0.19,3.7,12.8,10.0,10.0,10.0,0.18,3.8,19.2,13.3,20.0,13.3,0.2,4.8,16.7,7.7,7.7,15.4,0.23,4.0,19.2,6.7,26.7,0.0,0.16,3.9,16.7,23.1,7.7,0.0,0.17,4.1,15.4,33.3,0.0,0.0,0.22,5.3,6.4,28.6,14.3,0.0,0.19,3.6,6.4,57.1,14.3,0.0,0.11,2.9,6.4,42.9,14.3,28.6,0.15,2.3,29.1,3.1,12.5,12.5,0.15,3.0,25.5,7.1,17.9,0.0,0.16,3.1,26.4,3.4,13.8,0.0,0.18,3.9,16.5,55.6,27.8,11.1,0.17,3.2,16.5,5.6,33.3,11.1,0.19,3.4,18.3,20.0,35.0,15.0,0.16,2.9,17.4,15.8,21.1,0.0,0.17,3.4,17.4,10.5,31.6,21.1,0.15,2.6,13.8,13.3,0.0,0.0,0.17,3.6,15.1,46.2,15.4,23.1,0.17,2.9,12.8,36.4,18.2,0.0,0.17,4.3,17.4,6.7,6.7,0.0,0.14,2.3,15.1,7.7,15.4,0.0,0.16,2.7,15.1,23.1,7.7,0.0,0.17,3.2,24.4,4.8,4.8,0.0,0.2,4.7,0.0,0.0,0.0,0.0,0.0,0.0,0.0,0.0,0.0,0.0,0.0,0.0,0.0,0.0,0.0,0.0,0.0,0.0,0.0,0.0,0.0,0.0,0.0,0.0,3.1,0.0,0.0,0.0,0.19,3.7,96.9,2.2,9.7,33.3,0.17,3.4
20260810,21,8,4447,B1,39.0,48.0,5.63,34.69,5.8,38.89,39,38.27,32,32.47,5029,A1,29.0,52.0,7.26,60.33,7.04,55.84,23,27.54,60,32.39,5210,A2,27.0,55.0,5.67,44.0,5.42,37.74,11,41.98,56,37.8,4463,A2,40.0,55.0,6.78,54.55,5.47,37.65,55,47.76,69,27.4,5219,B1,25.0,51.0,5.11,37.11,4.41,27.85,7,34.94,12,45.07,4936,A2,29.0,47.0,6.27,45.21,5.61,32.61,57,33.33,44,52.94,15.1,35.7,21.4,14.3,0.22,3.9,14.0,38.5,23.1,0.0,0.17,4.2,15.1,14.3,21.4,21.4,0.17,3.9,18.3,11.8,29.4,23.5,0.18,4.0,18.3,5.9,11.8,11.8,0.18,3.8,19.4,11.1,0.0,0.0,0.22,4.6,20.2,83.3,4.2,4.2,0.14,1.8,16.0,15.8,36.8,26.3,0.12,2.2,16.8,10.0,25.0,25.0,0.14,2.6,19.3,34.8,21.7,8.7,0.1,1.9,15.1,16.7,22.2,16.7,0.16,2.3,12.6,13.3,6.7,0.0,0.16,3.9,13.0,35.7,42.9,0.0,0.11,2.6,14.8,12.5,43.8,6.2,0.17,3.1,19.4,9.5,33.3,28.6,0.14,3.0,18.5,10.0,20.0,25.0,0.17,2.9,18.5,5.0,15.0,20.0,0.16,3.2,15.7,11.8,11.8,0.0,0.15,3.9,19.7,40.0,40.0,8.0,0.15,2.6,16.5,9.5,28.6,23.8,0.16,3.2,16.5,14.3,23.8,33.3,0.13,3.2,18.1,17.4,26.1,13.0,0.17,3.5,17.3,4.5,18.2,22.7,0.13,3.0,11.8,20.0,26.7,0.0,0.19,4.2,13.9,63.6,18.2,0.0,0.19,3.7,16.5,23.1,23.1,0.0,0.2,4.5,20.3,18.8,12.5,25.0,0.21,4.4,16.5,7.7,15.4,23.1,0.21,4.0,15.2,8.3,8.3,0.0,0.19,3.3,17.7,14.3,0.0,0.0,0.18,3.9,20.9,66.7,16.7,4.2,0.15,2.1,15.7,33.3,22.2,11.1,0.16,2.5,12.2,21.4,28.6,7.1,0.15,2.1,20.9,8.3,25.0,16.7,0.15,2.9,15.7,11.1,33.3,0.0,0.16,3.2,14.8,5.9,29.4,0.0,0.17,4.1
20260810,21,9,4189,A1,45.0,53.0,5.58,31.19,6.56,48.15,43,44.59,20,30.26,5203,B1,22.0,42.0,5.56,32.5,3.52,20.29,59,27.63,35,31.71,4513,A2,37.0,53.0,6.01,43.88,5.99,42.25,22,42.31,63,36.11,5093,B2,24.0,57.0,3.91,20.37,5.07,32.3,2,30.38,15,32.1,4102,A1,47.0,51.0,6.48,52.38,6.96,55.0,10,35.44,39,30.59,4640,A2,35.0,52.0,5.82,38.21,5.94,41.03,33,38.75,38,41.67,22.5,73.5,2.9,11.8,0.16,2.9,21.9,12.1,21.2,30.3,0.15,3.8,18.5,35.7,21.4,21.4,0.17,2.9,17.9,29.6,22.2,14.8,0.16,3.1,11.9,16.7,5.6,22.2,0.16,3.1,7.3,27.3,0.0,0.0,0.2,4.3,14.5,50.0,37.5,6.2,0.15,3.1,19.1,14.3,14.3,42.9,0.17,3.5,17.3,21.1,5.3,10.5,0.15,2.8,18.2,10.0,20.0,0.0,0.14,2.8,17.3,5.3,15.8,26.3,0.16,2.9,13.6,20.0,0.0,0.0,0.18,4.4,23.3,70.8,12.5,8.3,0.17,4.3,14.6,20.0,20.0,13.3,0.19,4.0,14.6,33.3,20.0,13.3,0.2,4.3,18.4,10.5,10.5,31.6,0.18,3.7,11.7,16.7,8.3,16.7,0.23,4.0,17.5,5.6,5.6,0.0,0.22,5.4,15.8,56.2,12.5,6.2,0.14,2.0,15.8,12.5,37.5,12.5,0.16,2.9,14.9,26.7,6.7,0.0,0.13,2.9,12.9,7.7,7.7,23.1,0.19,3.7,18.8,21.1,10.5,0.0,0.17,3.8,21.8,9.1,4.5,0.0,0.26,5.1,18.8,87.5,12.5,0.0,0.14,2.6,13.3,52.9,17.6,0.0,0.15,3.0,20.3,11.5,34.6,23.1,0.14,3.0,16.4,28.6,9.5,14.3,0.14,2.8,14.8,15.8,10.5,15.8,0.17,2.9,16.4,4.8,19.0,14.3,0.16,3.9,20.9,58.6,31.0,6.9,0.14,1.7,12.2,5.9,23.5,35.3,0.15,3.5,20.1,17.9,28.6,21.4,0.15,2.4,16.5,13.0,21.7,21.7,0.14,2.6,16.5,8.7,4.3,34.8,0.14,2.7,13.7,10.5,26.3,0.0,0.14,3.2
20260810,21,10,3514,A2,59.0,52.0,5.78,40.32,6.23,46.81,27,28.4,64,37.18,4551,A2,37.0,54.0,5.74,42.0,4.91,29.33,42,24.69,40,28.92,4477,A1,38.0,57.0,7.29,44.23,6.41,37.5,14,21.88,21,29.87,5105,B1,27.0,52.0,4.18,20.91,5.04,30.56,4,40.0,14,44.59,5212,A2,27.0,54.0,6.16,43.48,4.45,27.27,5,32.39,70,32.93,5286,B1,27.0,50.0,4.67,25.24,2.89,12.73,32,46.84,31,32.47,20.9,71.4,10.7,7.1,0.15,2.3,14.9,35.0,15.0,15.0,0.16,3.3,15.7,9.5,19.0,23.8,0.16,3.0,17.2,8.7,13.0,21.7,0.18,3.2,14.9,10.0,5.0,20.0,0.18,4.1,16.4,4.5,13.6,0.0,0.19,4.3,17.9,42.9,38.1,19.0,0.18,3.6,15.4,16.7,27.8,11.1,0.15,3.6,16.2,21.1,21.1,31.6,0.18,3.3,14.5,11.8,41.2,5.9,0.15,3.5,17.1,10.0,25.0,25.0,0.16,3.4,18.8,9.1,36.4,0.0,0.18,3.6,22.6,83.3,10.0,0.0,0.13,2.5,17.3,13.0,43.5,17.4,0.14,3.3,16.5,9.1,22.7,31.8,0.12,2.8,15.8,19.0,33.3,23.8,0.14,3.4,15.0,10.0,10.0,30.0,0.13,2.8,12.8,5.9,29.4,0.0,0.15,3.5,11.1,50.0,16.7,8.3,0.15,3.3,19.4,4.8,28.6,23.8,0.21,4.2,19.4,9.5,4.8,28.6,0.18,4.0,18.5,5.0,10.0,25.0,0.18,4.2,18.5,5.0,10.0,25.0,0.17,3.7,13.0,0.0,0.0,0.0,0.19,4.0,15.0,68.8,12.5,6.2,0.14,1.8,18.7,25.0,45.0,10.0,0.12,1.9,16.8,11.1,38.9,11.1,0.14,2.8,20.6,27.3,27.3,0.0,0.13,2.0,16.8,22.2,11.1,22.2,0.13,2.6,12.1,23.1,0.0,0.0,0.16,3.3,13.3,50.0,16.7,8.3,0.16,3.3,20.0,27.8,5.6,0.0,0.16,3.8,18.9,5.9,23.5,23.5,0.16,2.6,15.6,7.1,14.3,0.0,0.17,3.2,20.0,5.6,5.6,5.6,0.15,3.1,12.2,18.2,9.1,0.0,0.16,2.6
20260810,21,11,4506,A1,38.0,52.0,6.17,46.59,6.8,55.07,35,49.4,13,42.86,4193,A2,44.0,51.0,6.03,43.33,5.71,39.56,41,44.44,49,43.18,5073,A2,31.0,54.0,5.51,32.69,3.95,10.53,18,28.05,17,40.24,4232,B1,43.0,55.0,6.26,43.62,5.42,33.33,60,42.47,67,35.44,4394,A2,40.0,53.0,5.96,37.62,6.0,34.78,30,35.8,16,30.86,4736,A1,35.0,53.0,7.15,57.26,6.92,54.12,8,40.26,52,32.43,18.5,65.0,15.0,5.0,0.14,2.0,16.7,27.8,44.4,11.1,0.13,2.4,14.8,25.0,25.0,12.5,0.15,2.7,19.4,33.3,28.6,19.0,0.13,2.0,17.6,21.1,21.1,15.8,0.12,1.7,13.0,7.1,28.6,28.6,0.14,2.1,16.8,50.0,20.8,16.7,0.11,2.5,19.6,21.4,39.3,14.3,0.15,2.6,16.1,26.1,39.1,21.7,0.15,2.7,17.5,16.0,12.0,36.0,0.14,2.7,16.1,8.7,0.0,0.0,0.18,3.8,14.0,5.0,5.0,10.0,0.16,3.7,19.8,52.4,19.0,9.5,0.19,3.4,18.9,15.0,30.0,25.0,0.18,3.8,16.0,17.6,23.5,0.0,0.22,4.5,14.2,13.3,33.3,0.0,0.16,3.7,14.2,6.7,40.0,0.0,0.17,4.3,17.0,33.3,0.0,0.0,0.19,4.5,14.4,40.0,20.0,13.3,0.17,3.1,18.3,15.8,21.1,21.1,0.17,3.5,16.3,23.5,17.6,17.6,0.17,3.5,16.3,35.3,5.9,17.6,0.19,3.2,19.2,15.0,15.0,15.0,0.16,2.6,15.4,6.2,25.0,0.0,0.19,3.7,16.7,50.0,22.2,5.6,0.14,2.2,14.8,12.5,37.5,6.2,0.14,2.9,22.2,8.3,33.3,16.7,0.16,2.5,16.7,11.1,22.2,44.4,0.16,2.9,16.7,11.1,16.7,27.8,0.15,3.2,13.0,7.1,21.4,7.1,0.18,3.5,21.9,60.0,28.0,4.0,0.13,2.0,14.9,23.5,35.3,17.6,0.14,2.5,14.9,5.9,64.7,17.6,0.13,2.5,15.8,5.6,38.9,27.8,0.15,2.8,15.8,5.6,38.9,5.6,0.12,2.2,16.7,10.5,21.1,0.0,0.16,3.3
20260810,21,12,4831,A1,31.0,56.0,7.51,57.45,6.91,50.51,29,40.26,46,29.58,3876,A1,49.0,52.0,6.81,43.4,7.99,72.46,28,28.4,55,40.0,4288,A1,41.0,53.0,7.65,61.74,7.12,59.63,26,21.92,59,45.07,4544,A1,38.0,51.0,7.6,58.95,7.65,58.97,3,45.57,65,32.5,5029,A1,29.0,52.0,7.26,60.33,7.04,55.84,23,27.54,60,32.39,4885,A2,30.0,47.0,7.0,55.71,6.15,40.0,13,45.0,36,39.77,19.4,70.0,15.0,10.0,0.13,3.5,15.5,25.0,43.8,6.2,0.16,3.7,14.6,26.7,20.0,26.7,0.13,2.6,17.5,5.6,27.8,44.4,0.14,3.1,20.4,4.8,9.5,23.8,0.16,3.9,12.6,15.4,0.0,0.0,0.17,3.9,24.1,71.4,14.3,0.0,0.15,3.9,13.8,12.5,37.5,25.0,0.18,4.1,16.4,47.4,15.8,5.3,0.13,3.1,11.2,30.8,7.7,23.1,0.17,3.3,14.7,41.2,11.8,17.6,0.14,2.6,19.8,8.7,8.7,17.4,0.14,3.2,25.3,78.4,10.8,2.7,0.12,2.0,19.2,32.1,32.1,17.9,0.13,2.7,11.0,25.0,6.2,31.2,0.12,2.5,17.1,28.0,36.0,12.0,0.1,1.7,13.7,15.0,30.0,20.0,0.13,1.8,13.7,10.0,10.0,45.0,0.14,2.3,27.8,75.0,9.1,4.5,0.15,2.4,17.1,33.3,37.0,14.8,0.16,3.6,13.3,23.8,33.3,9.5,0.17,3.8,12.7,50.0,15.0,20.0,0.12,2.0,17.1,14.8,33.3,25.9,0.17,3.7,12.0,10.5,21.1,36.8,0.18,4.1,20.2,83.3,4.2,4.2,0.14,1.8,16.0,15.8,36.8,26.3,0.12,2.2,16.8,10.0,25.0,25.0,0.14,2.6,19.3,34.8,21.7,8.7,0.1,1.9,15.1,16.7,22.2,16.7,0.16,2.3,12.6,13.3,6.7,0.0,0.16,3.9,20.9,63.2,21.1,0.0,0.11,1.8,18.7,11.8,35.3,23.5,0.18,2.6,19.8,22.2,33.3,16.7,0.14,2.7,14.3,15.4,30.8,30.8,0.14,2.2,15.4,14.3,28.6,0.0,0.17,2.8,11.0,10.0,20.0,0.0,0.16,3.0
20260810,20,1,5258,B1,21.0,53.0,4.31,23.46,3.76,17.72,2,33.54,63,32.5,4892,B1,36.0,53.0,5.08,32.32,5.21,28.57,13,35.29,40,30.3,4487,B1,40.0,53.0,4.91,24.69,5.2,33.33,31,34.69,69,26.32,4694,B1,41.0,44.0,4.53,24.0,0.0,0.0,25,41.06,75,35.14,4402,A2,41.0,55.0,6.35,44.66,6.0,48.53,32,33.13,67,40.48,4638,B1,35.0,53.0,5.63,39.36,4.49,26.15,40,35.54,62,44.44,15.2,57.1,14.3,7.1,0.18,3.5,17.4,12.5,12.5,12.5,0.13,2.4,16.3,13.3,33.3,13.3,0.11,2.1,15.2,7.1,14.3,0.0,0.19,3.3,21.7,5.0,10.0,20.0,0.15,3.6,14.1,23.1,0.0,0.0,0.18,4.4,12.9,54.5,9.1,9.1,0.15,3.0,22.4,5.3,42.1,5.3,0.17,3.2,14.1,25.0,16.7,16.7,0.16,2.5,14.1,25.0,33.3,0.0,0.2,3.6,18.8,6.2,6.2,12.5,0.2,3.9,17.6,6.7,0.0,0.0,0.25,4.6,11.9,41.7,25.0,8.3,0.15,3.3,14.9,20.0,6.7,6.7,0.19,3.9,25.7,7.7,26.9,15.4,0.19,4.0,19.8,10.0,10.0,0.0,0.19,3.8,17.8,5.6,22.2,0.0,0.17,4.1,9.9,10.0,30.0,0.0,0.21,4.3,12.9,44.4,11.1,22.2,0.17,2.7,20.0,14.3,7.1,35.7,0.23,4.8,15.7,9.1,18.2,18.2,0.17,3.1,20.0,7.1,14.3,14.3,0.22,3.8,17.1,8.3,16.7,0.0,0.18,2.9,14.3,10.0,20.0,0.0,0.25,4.6,23.1,58.3,20.8,4.2,0.15,2.7,14.4,33.3,40.0,0.0,0.16,3.2,15.4,12.5,12.5,12.5,0.17,3.1,16.3,11.8,17.6,17.6,0.16,2.7,14.4,13.3,6.7,13.3,0.16,2.8,16.3,11.8,11.8,17.6,0.2,3.9,14.0,53.3,20.0,6.7,0.13,2.9,17.8,21.1,10.5,21.1,0.17,3.8,16.8,33.3,22.2,0.0,0.19,3.9,17.8,5.3,10.5,26.3,0.19,4.2,17.8,15.8,21.1,0.0,0.17,4.2,15.9,11.8,17.6,0.0,0.23,5.2
20260810,20,2,4204,B1,43.0,52.0,4.99,30.38,4.96,29.63,35,40.12,16,42.86,4607,A2,37.0,53.0,5.88,38.05,5.65,35.0,43,32.7,25,46.88,4256,A1,42.0,52.0,7.25,49.55,7.88,73.53,61,32.48,39,45.16,5389,B1,19.0,41.0,2.29,0.0,1.67,0.0,33,33.13,34,46.15,5446,B2,24.0,51.0,1.22,0.0,1.83,0.0,4,38.61,20,42.86,4521,B1,39.0,50.0,5.13,31.63,5.02,27.45,26,32.24,13,35.9,14.9,28.6,35.7,21.4,0.2,3.4,13.8,30.8,46.2,15.4,0.16,3.6,19.1,27.8,27.8,0.0,0.19,3.5,21.3,10.0,20.0,10.0,0.19,3.2,12.8,8.3,8.3,8.3,0.19,3.7,18.1,5.9,0.0,0.0,0.22,5.0,17.3,50.0,12.5,16.7,0.18,2.9,16.5,8.7,39.1,13.0,0.18,4.1,16.5,17.4,47.8,0.0,0.17,3.3,16.5,26.1,26.1,0.0,0.2,4.0,19.4,3.7,22.2,25.9,0.17,3.9,13.7,26.3,0.0,0.0,0.17,4.1,21.0,72.0,24.0,0.0,0.12,2.7,16.0,15.8,36.8,31.6,0.14,3.4,17.6,9.5,38.1,19.0,0.12,2.7,15.1,11.1,33.3,44.4,0.13,3.1,15.1,5.6,27.8,16.7,0.15,3.4,15.1,27.8,27.8,0.0,0.14,3.2,0.0,0.0,0.0,0.0,0.0,0.0,0.0,0.0,0.0,0.0,0.0,0.0,0.0,0.0,0.0,0.0,0.0,0.0,17.9,8.3,16.7,0.0,0.21,4.4,31.3,4.8,0.0,0.0,0.2,3.8,50.7,2.9,8.8,0.0,0.18,2.9,0.0,0.0,0.0,0.0,0.0,0.0,0.0,0.0,0.0,0.0,0.0,0.0,0.0,0.0,0.0,0.0,0.0,0.0,0.0,0.0,0.0,0.0,0.0,0.0,0.0,0.0,0.0,0.0,0.0,0.0,0.0,0.0,0.0,0.0,0.0,0.0,19.5,56.5,17.4,4.3,0.18,3.7,17.8,4.8,23.8,14.3,0.18,4.3,16.1,10.5,10.5,10.5,0.21,4.5,13.6,6.2,25.0,0.0,0.22,4.4,17.8,4.8,4.8,28.6,0.23,4.9,15.3,11.1,0.0,0.0,0.27,5.4
20260810,20,3,4942,B1,36.0,54.0,5.45,36.36,5.41,28.57,41,34.57,72,45.0,5177,B1,30.0,50.0,4.3,16.67,4.6,26.67,6,36.88,11,34.15,4861,A2,38.0,53.0,5.29,29.7,5.11,32.89,9,33.96,36,33.33,4545,A1,38.0,57.0,7.44,62.26,7.71,62.18,8,31.21,27,39.47,4874,B1,32.0,52.0,4.8,23.17,4.57,29.55,14,33.33,54,33.33,5351,B1,22.0,53.0,5.0,35.35,2.63,5.88,18,32.89,51,32.43,19.4,38.9,22.2,22.2,0.14,2.6,12.9,33.3,25.0,0.0,0.2,3.8,15.1,14.3,35.7,14.3,0.15,3.1,17.2,12.5,12.5,31.2,0.15,2.9,10.8,10.0,40.0,0.0,0.11,2.4,24.7,13.0,0.0,0.0,0.17,3.4,9.2,33.3,11.1,44.4,0.17,3.9,20.4,5.0,10.0,25.0,0.19,4.4,19.4,5.3,21.1,5.3,0.21,4.6,16.3,18.8,0.0,0.0,0.21,4.7,22.4,13.6,22.7,0.0,0.2,4.5,12.2,8.3,0.0,0.0,0.2,4.9,15.3,64.7,17.6,5.9,0.16,3.0,18.9,14.3,28.6,23.8,0.16,3.2,17.1,10.5,26.3,26.3,0.15,2.7,15.3,17.6,29.4,11.8,0.17,3.2,18.0,20.0,30.0,0.0,0.17,3.1,15.3,17.6,0.0,0.0,0.2,4.9,21.3,90.0,3.3,0.0,0.15,2.7,15.6,31.8,31.8,18.2,0.15,3.0,14.2,20.0,30.0,30.0,0.15,3.3,16.3,17.4,17.4,34.8,0.15,2.5,15.6,22.7,13.6,18.2,0.15,3.1,17.0,8.3,16.7,20.8,0.15,3.4,18.1,23.5,17.6,23.5,0.16,2.9,54.3,11.8,3.9,29.4,0.15,2.9,23.4,4.5,18.2,18.2,0.13,2.3,2.1,0.0,0.0,0.0,0.18,4.0,2.1,50.0,0.0,0.0,0.18,3.0,0.0,0.0,0.0,0.0,0.0,0.0,13.7,57.1,14.3,0.0,0.15,3.4,23.5,4.2,25.0,8.3,0.17,3.2,13.7,7.1,14.3,7.1,0.17,3.0,14.7,6.7,13.3,0.0,0.12,2.4,18.6,5.3,5.3,26.3,0.15,3.0,15.7,6.2,25.0,0.0,0.18,3.8
20260810,20,4,5303,A2,23.0,51.0,5.77,35.05,4.84,27.83,34,36.88,57,32.43,4413,A2,40.0,51.0,5.89,38.4,6.34,43.75,60,32.43,23,51.43,4364,A1,41.0,55.0,5.93,38.27,6.81,56.47,7,27.1,30,38.71,5198,B1,24.0,46.0,5.46,35.42,4.3,22.73,44,31.06,26,60.0,5223,B1,25.0,54.0,4.8,25.23,3.71,14.29,48,34.01,44,42.5,5464,B2,19.0,49.0,1.25,0.0,1.33,0.0,17,29.33,46,34.15,13.2,16.7,41.7,0.0,0.18,3.6,18.7,17.6,29.4,23.5,0.19,3.4,14.3,23.1,30.8,0.0,0.19,3.8,17.6,12.5,31.2,31.2,0.18,3.4,19.8,11.1,5.6,22.2,0.19,3.2,16.5,6.7,26.7,0.0,0.19,3.9,19.6,64.3,7.1,17.9,0.18,3.6,22.4,6.2,28.1,43.8,0.18,4.2,16.1,8.7,30.4,26.1,0.19,3.4,14.0,15.0,15.0,15.0,0.2,3.6,13.3,10.5,36.8,0.0,0.19,3.8,14.7,4.8,14.3,23.8,0.16,3.0,20.0,75.0,16.7,4.2,0.11,2.3,16.7,20.0,25.0,15.0,0.14,2.6,15.0,11.1,33.3,16.7,0.13,2.9,18.3,27.3,9.1,22.7,0.14,2.1,17.5,19.0,9.5,14.3,0.12,2.2,12.5,6.7,13.3,13.3,0.15,4.0,11.2,46.2,30.8,0.0,0.2,3.9,19.0,13.6,22.7,18.2,0.21,4.3,18.1,14.3,33.3,9.5,0.19,3.4,19.8,13.0,13.0,13.0,0.21,3.5,17.2,20.0,0.0,0.0,0.19,3.9,14.7,17.6,0.0,0.0,0.19,4.8,12.1,35.7,14.3,0.0,0.14,3.3,21.6,8.0,28.0,16.0,0.15,3.0,18.1,9.5,9.5,19.0,0.15,3.5,16.4,5.3,26.3,5.3,0.17,4.4,15.5,22.2,16.7,0.0,0.18,3.6,16.4,10.5,0.0,0.0,0.16,4.1,0.0,0.0,0.0,0.0,0.0,0.0,0.0,0.0,0.0,0.0,0.0,0.0,0.0,0.0,0.0,0.0,0.0,0.0,0.0,0.0,0.0,0.0,0.0,0.0,0.0,0.0,0.0,0.0,0.0,0.0,0.0,0.0,0.0,0.0,0.0,0.0
20260810,20,5,3783,A1,50.0,53.0,6.76,40.94,8.2,65.91,21,38.0,17,38.46,4403,A2,41.0,53.0,6.52,47.62,6.41,45.1,23,39.19,15,35.71,4638,B1,35.0,53.0,5.63,39.36,4.49,26.15,40,35.54,62,44.44,5028,A1,29.0,50.0,7.25,58.87,7.07,58.56,47,35.86,32,33.33,5413,B2,20.0,46.0,2.26,3.66,1.0,0.0,5,45.16,38,44.12,5398,B1,24.0,54.0,4.36,24.27,3.44,13.56,39,40.49,52,32.5,21.7,53.6,17.9,10.7,0.16,3.5,13.2,17.6,11.8,11.8,0.14,3.9,20.2,23.1,26.9,26.9,0.17,3.9,13.2,23.5,47.1,0.0,0.16,3.4,18.6,4.2,12.5,16.7,0.15,3.7,13.2,5.9,17.6,0.0,0.13,3.6,14.6,86.7,13.3,0.0,0.13,1.8,16.5,35.3,35.3,17.6,0.15,2.5,16.5,5.9,29.4,5.9,0.14,3.3,21.4,9.1,31.8,9.1,0.16,3.0,17.5,5.6,22.2,38.9,0.14,2.7,13.6,7.1,14.3,0.0,0.16,3.1,14.0,53.3,20.0,6.7,0.13,2.9,17.8,21.1,10.5,21.1,0.17,3.8,16.8,33.3,22.2,0.0,0.19,3.9,17.8,5.3,10.5,26.3,0.19,4.2,17.8,15.8,21.1,0.0,0.17,4.2,15.9,11.8,17.6,0.0,0.23,5.2,22.4,72.7,18.2,4.5,0.15,2.8,15.3,26.7,40.0,13.3,0.16,3.5,18.4,33.3,16.7,16.7,0.17,4.1,15.3,6.7,26.7,13.3,0.18,4.4,15.3,13.3,40.0,0.0,0.18,4.5,13.3,23.1,0.0,0.0,0.26,5.7,0.0,0.0,0.0,0.0,0.0,0.0,0.0,0.0,0.0,0.0,0.0,0.0,0.0,0.0,0.0,0.0,0.0,0.0,0.0,0.0,0.0,0.0,0.0,0.0,33.3,4.3,8.7,4.3,0.15,2.7,66.7,0.0,0.0,0.0,0.14,2.5,3.2,33.3,33.3,0.0,0.13,1.3,8.5,12.5,12.5,0.0,0.17,3.1,5.3,20.0,0.0,0.0,0.16,2.7,21.3,10.0,10.0,0.0,0.19,3.2,25.5,8.3,16.7,0.0,0.17,3.3,36.2,2.9,5.9,0.0,0.22,4.2
20260810,20,6,4148,A2,44.0,53.0,6.09,40.0,6.53,52.94,58,29.45,60,30.77,4155,A2,45.0,56.0,5.98,43.3,6.54,51.47,51,44.83,41,60.0,4204,B1,43.0,52.0,4.99,30.38,4.96,29.63,35,40.12,16,42.86,5258,B1,21.0,53.0,4.31,23.46,3.76,17.72,2,33.54,63,32.5,5158,A1,28.0,53.0,6.71,55.66,6.55,51.06,20,35.53,53,48.72,5426,B2,24.0,53.0,2.03,2.78,1.39,0.0,57,33.78,55,32.35,20.3,57.7,26.9,3.8,0.14,2.8,14.8,21.1,36.8,10.5,0.14,3.5,13.3,11.8,47.1,23.5,0.15,3.1,18.0,4.3,34.8,30.4,0.13,2.5,18.0,4.3,17.4,21.7,0.14,3.8,15.6,5.0,5.0,30.0,0.14,3.6,21.8,66.7,22.2,0.0,0.14,3.1,12.1,33.3,13.3,20.0,0.17,3.1,19.4,4.2,25.0,33.3,0.17,3.4,16.1,15.0,40.0,25.0,0.14,2.7,16.9,19.0,4.8,0.0,0.17,3.5,13.7,11.8,11.8,11.8,0.15,3.6,14.9,28.6,35.7,21.4,0.2,3.4,13.8,30.8,46.2,15.4,0.16,3.6,19.1,27.8,27.8,0.0,0.19,3.5,21.3,10.0,20.0,10.0,0.19,3.2,12.8,8.3,8.3,8.3,0.19,3.7,18.1,5.9,0.0,0.0,0.22,5.0,15.2,57.1,14.3,7.1,0.18,3.5,17.4,12.5,12.5,12.5,0.13,2.4,16.3,13.3,33.3,13.3,0.11,2.1,15.2,7.1,14.3,0.0,0.19,3.3,21.7,5.0,10.0,20.0,0.15,3.6,14.1,23.1,0.0,0.0,0.18,4.4,20.3,80.0,4.0,8.0,0.13,2.5,19.5,29.2,12.5,20.8,0.17,3.5,16.3,40.0,25.0,15.0,0.15,3.2,13.8,47.1,23.5,5.9,0.18,3.6,12.2,26.7,13.3,0.0,0.17,3.3,17.9,4.5,13.6,18.2,0.16,3.8,0.0,0.0,0.0,0.0,0.0,0.0,0.0,0.0,0.0,0.0,0.0,0.0,0.0,0.0,0.0,0.0,0.0,0.0,1.4,0.0,0.0,0.0,0.28,5.0,5.5,0.0,0.0,0.0,0.11,2.3,93.2,0.0,0.0,0.0,0.2,3.9
20260810,20,7,4256,A1,42.0,52.0,7.25,49.55,7.88,73.53,61,32.48,39,45.16,5200,B2,24.0,48.0,2.06,0.0,2.12,3.85,42,42.24,35,31.71,5104,A2,27.0,51.0,5.71,36.71,5.43,33.75,52,34.9,12,33.33,4679,A2,37.0,59.0,6.02,46.92,6.15,48.33,53,30.22,74,27.5,5351,B1,22.0,53.0,5.0,35.35,2.63,5.88,18,32.89,51,32.43,4753,B2,38.0,55.0,3.82,18.18,5.26,37.14,54,30.2,24,34.04,21.0,72.0,24.0,0.0,0.12,2.7,16.0,15.8,36.8,31.6,0.14,3.4,17.6,9.5,38.1,19.0,0.12,2.7,15.1,11.1,33.3,44.4,0.13,3.1,15.1,5.6,27.8,16.7,0.15,3.4,15.1,27.8,27.8,0.0,0.14,3.2,10.2,20.0,0.0,0.0,0.28,4.8,18.4,11.1,11.1,0.0,0.16,3.0,16.3,0.0,0.0,0.0,0.2,4.1,16.3,0.0,0.0,0.0,0.22,5.0,12.2,0.0,0.0,0.0,0.21,4.0,26.5,0.0,0.0,0.0,0.17,3.4,18.8,73.3,13.3,6.7,0.15,2.3,13.8,54.5,9.1,9.1,0.11,2.4,12.5,10.0,40.0,0.0,0.16,2.5,17.5,7.1,28.6,14.3,0.18,3.8,23.8,42.1,0.0,0.0,0.17,3.7,13.8,18.2,0.0,0.0,0.19,3.8,20.1,66.7,14.8,3.7,0.14,2.8,16.4,18.2,36.4,22.7,0.14,3.0,12.7,23.5,17.6,17.6,0.17,3.0,19.4,3.8,23.1,30.8,0.17,3.7,17.9,8.3,25.0,0.0,0.16,3.5,13.4,5.6,0.0,0.0,0.17,4.1,13.7,57.1,14.3,0.0,0.15,3.4,23.5,4.2,25.0,8.3,0.17,3.2,13.7,7.1,14.3,7.1,0.17,3.0,14.7,6.7,13.3,0.0,0.12,2.4,18.6,5.3,5.3,26.3,0.15,3.0,15.7,6.2,25.0,0.0,0.18,3.8,18.2,58.3,8.3,8.3,0.12,2.8,12.1,25.0,50.0,0.0,0.1,2.4,13.6,11.1,33.3,0.0,0.14,2.8,18.2,8.3,8.3,8.3,0.12,2.1,12.1,12.5,0.0,0.0,0.18,3.6,25.8,5.9,17.6,0.0,0.17,3.4
20260810,20,8,4958,A1,31.0,55.0,6.34,43.2,6.66,49.61,19,37.75,37,32.5,4932,A1,30.0,52.0,7.34,51.49,6.81,40.38,49,53.15,43,31.43,4402,A2,41.0,55.0,6.35,44.66,6.0,48.53,32,33.13,67,40.48,4729,B1,37.0,56.0,4.28,19.74,4.58,26.32,30,28.0,48,50.0,5102,B1,28.0,52.0,5.49,35.35,4.97,26.47,50,36.18,47,39.47,5446,B2,24.0,51.0,1.22,0.0,1.83,0.0,4,38.61,20,42.86,18.6,70.8,8.3,12.5,0.13,2.3,17.1,27.3,27.3,9.1,0.14,2.4,14.7,26.3,31.6,31.6,0.14,2.7,15.5,10.0,20.0,20.0,0.12,2.9,17.8,8.7,26.1,21.7,0.12,2.7,16.3,28.6,0.0,0.0,0.15,3.4,21.1,81.5,11.1,0.0,0.13,2.6,15.6,30.0,25.0,35.0,0.16,3.7,14.1,33.3,22.2,27.8,0.14,3.2,16.4,9.5,33.3,28.6,0.14,3.0,16.4,4.8,33.3,33.3,0.16,3.9,16.4,4.8,14.3,23.8,0.17,4.4,23.1,58.3,20.8,4.2,0.15,2.7,14.4,33.3,40.0,0.0,0.16,3.2,15.4,12.5,12.5,12.5,0.17,3.1,16.3,11.8,17.6,17.6,0.16,2.7,14.4,13.3,6.7,13.3,0.16,2.8,16.3,11.8,11.8,17.6,0.2,3.9,14.5,25.0,8.3,0.0,0.22,4.5,16.9,21.4,21.4,0.0,0.2,3.8,20.5,17.6,29.4,0.0,0.17,4.2,16.9,14.3,7.1,0.0,0.17,3.5,19.3,18.8,0.0,0.0,0.2,4.1,12.0,20.0,0.0,0.0,0.19,3.8,12.4,54.5,9.1,0.0,0.13,1.8,19.1,23.5,5.9,0.0,0.2,4.6,19.1,23.5,23.5,11.8,0.16,3.5,15.7,14.3,14.3,0.0,0.23,4.5,19.1,11.8,11.8,17.6,0.24,4.6,14.6,7.7,7.7,0.0,0.24,4.8,0.0,0.0,0.0,0.0,0.0,0.0,0.0,0.0,0.0,0.0,0.0,0.0,0.0,0.0,0.0,0.0,0.0,0.0,0.0,0.0,0.0,0.0,0.0,0.0,0.0,0.0,0.0,0.0,0.0,0.0,0.0,0.0,0.0,0.0,0.0,0.0
20260810,20,9,5028,A1,29.0,50.0,7.25,58.87,7.07,58.56,47,35.86,32,33.33,4521,B1,39.0,50.0,5.13,31.63,5.02,27.45,26,32.24,13,35.9,4942,B1,36.0,54.0,5.45,36.36,5.41,28.57,41,34.57,72,45.0,4848,A1,31.0,52.0,7.59,49.46,7.16,52.33,46,35.58,71,52.94,5303,A2,23.0,51.0,5.77,35.05,4.84,27.83,34,36.88,57,32.43,4697,B1,40.0,49.0,4.0,17.05,4.19,20.34,3,34.84,21,37.5,22.4,72.7,18.2,4.5,0.15,2.8,15.3,26.7,40.0,13.3,0.16,3.5,18.4,33.3,16.7,16.7,0.17,4.1,15.3,6.7,26.7,13.3,0.18,4.4,15.3,13.3,40.0,0.0,0.18,4.5,13.3,23.1,0.0,0.0,0.26,5.7,19.5,56.5,17.4,4.3,0.18,3.7,17.8,4.8,23.8,14.3,0.18,4.3,16.1,10.5,10.5,10.5,0.21,4.5,13.6,6.2,25.0,0.0,0.22,4.4,17.8,4.8,4.8,28.6,0.23,4.9,15.3,11.1,0.0,0.0,0.27,5.4,19.4,38.9,22.2,22.2,0.14,2.6,12.9,33.3,25.0,0.0,0.2,3.8,15.1,14.3,35.7,14.3,0.15,3.1,17.2,12.5,12.5,31.2,0.15,2.9,10.8,10.0,40.0,0.0,0.11,2.4,24.7,13.0,0.0,0.0,0.17,3.4,18.3,65.0,25.0,5.0,0.14,3.5,19.3,19.0,33.3,9.5,0.14,3.6,15.6,23.5,41.2,11.8,0.15,3.8,14.7,6.2,43.8,18.8,0.14,3.8,20.2,9.1,4.5,18.2,0.16,3.6,11.9,23.1,0.0,0.0,0.14,3.4,13.2,16.7,41.7,0.0,0.18,3.6,18.7,17.6,29.4,23.5,0.19,3.4,14.3,23.1,30.8,0.0,0.19,3.8,17.6,12.5,31.2,31.2,0.18,3.4,19.8,11.1,5.6,22.2,0.19,3.2,16.5,6.7,26.7,0.0,0.19,3.9,14.9,30.8,7.7,7.7,0.15,3.2,19.5,17.6,17.6,0.0,0.16,3.1,16.1,7.1,35.7,14.3,0.16,3.1,18.4,6.2,6.2,0.0,0.18,3.9,18.4,18.8,12.5,0.0,0.17,4.1,12.6,9.1,9.1,0.0,0.19,4.7
20260810,20,10,4364,A1,41.0,55.0,5.93,38.27,6.81,56.47,7,27.1,30,38.71,4487,B1,40.0,53.0,4.91,24.69,5.2,33.33,31,34.69,69,26.32,4403,A2,41.0,53.0,6.52,47.62,6.41,45.1,23,39.19,15,35.71,4607,A2,37.0,53.0,5.88,38.05,5.65,35.0,43,32.7,25,46.88,4148,A2,44.0,53.0,6.09,40.0,6.53,52.94,58,29.45,60,30.77,5177,B1,30.0,50.0,4.3,16.67,4.6,26.67,6,36.88,11,34.15,20.0,75.0,16.7,4.2,0.11,2.3,16.7,20.0,25.0,15.0,0.14,2.6,15.0,11.1,33.3,16.7,0.13,2.9,18.3,27.3,9.1,22.7,0.14,2.1,17.5,19.0,9.5,14.3,0.12,2.2,12.5,6.7,13.3,13.3,0.15,4.0,11.9,41.7,25.0,8.3,0.15,3.3,14.9,20.0,6.7,6.7,0.19,3.9,25.7,7.7,26.9,15.4,0.19,4.0,19.8,10.0,10.0,0.0,0.19,3.8,17.8,5.6,22.2,0.0,0.17,4.1,9.9,10.0,30.0,0.0,0.21,4.3,14.6,86.7,13.3,0.0,0.13,1.8,16.5,35.3,35.3,17.6,0.15,2.5,16.5,5.9,29.4,5.9,0.14,3.3,21.4,9.1,31.8,9.1,0.16,3.0,17.5,5.6,22.2,38.9,0.14,2.7,13.6,7.1,14.3,0.0,0.16,3.1,17.3,50.0,12.5,16.7,0.18,2.9,16.5,8.7,39.1,13.0,0.18,4.1,16.5,17.4,47.8,0.0,0.17,3.3,16.5,26.1,26.1,0.0,0.2,4.0,19.4,3.7,22.2,25.9,0.17,3.9,13.7,26.3,0.0,0.0,0.17,4.1,20.3,57.7,26.9,3.8,0.14,2.8,14.8,21.1,36.8,10.5,0.14,3.5,13.3,11.8,47.1,23.5,0.15,3.1,18.0,4.3,34.8,30.4,0.13,2.5,18.0,4.3,17.4,21.7,0.14,3.8,15.6,5.0,5.0,30.0,0.14,3.6,9.2,33.3,11.1,44.4,0.17,3.9,20.4,5.0,10.0,25.0,0.19,4.4,19.4,5.3,21.1,5.3,0.21,4.6,16.3,18.8,0.0,0.0,0.21,4.7,22.4,13.6,22.7,0.0,0.2,4.5,12.2,8.3,0.0,0.0,0.2,4.9
20260810,20,11,4155,A2,45.0,56.0,5.98,43.3,6.54,51.47,51,44.83,41,60.0,3783,A1,50.0,53.0,6.76,40.94,8.2,65.91,21,38.0,17,38.46,4413,A2,40.0,51.0,5.89,38.4,6.34,43.75,60,32.43,23,51.43,4892,B1,36.0,53.0,5.08,32.32,5.21,28.57,13,35.29,40,30.3,4861,A2,38.0,53.0,5.29,29.7,5.11,32.89,9,33.96,36,33.33,5104,A2,27.0,51.0,5.71,36.71,5.43,33.75,52,34.9,12,33.33,21.8,66.7,22.2,0.0,0.14,3.1,12.1,33.3,13.3,20.0,0.17,3.1,19.4,4.2,25.0,33.3,0.17,3.4,16.1,15.0,40.0,25.0,0.14,2.7,16.9,19.0,4.8,0.0,0.17,3.5,13.7,11.8,11.8,11.8,0.15,3.6,21.7,53.6,17.9,10.7,0.16,3.5,13.2,17.6,11.8,11.8,0.14,3.9,20.2,23.1,26.9,26.9,0.17,3.9,13.2,23.5,47.1,0.0,0.16,3.4,18.6,4.2,12.5,16.7,0.15,3.7,13.2,5.9,17.6,0.0,0.13,3.6,19.6,64.3,7.1,17.9,0.18,3.6,22.4,6.2,28.1,43.8,0.18,4.2,16.1,8.7,30.4,26.1,0.19,3.4,14.0,15.0,15.0,15.0,0.2,3.6,13.3,10.5,36.8,0.0,0.19,3.8,14.7,4.8,14.3,23.8,0.16,3.0,12.9,54.5,9.1,9.1,0.15,3.0,22.4,5.3,42.1,5.3,0.17,3.2,14.1,25.0,16.7,16.7,0.16,2.5,14.1,25.0,33.3,0.0,0.2,3.6,18.8,6.2,6.2,12.5,0.2,3.9,17.6,6.7,0.0,0.0,0.25,4.6,15.3,64.7,17.6,5.9,0.16,3.0,18.9,14.3,28.6,23.8,0.16,3.2,17.1,10.5,26.3,26.3,0.15,2.7,15.3,17.6,29.4,11.8,0.17,3.2,18.0,20.0,30.0,0.0,0.17,3.1,15.3,17.6,0.0,0.0,0.2,4.9,18.8,73.3,13.3,6.7,0.15,2.3,13.8,54.5,9.1,9.1,0.11,2.4,12.5,10.0,40.0,0.0,0.16,2.5,17.5,7.1,28.6,14.3,0.18,3.8,23.8,42.1,0.0,0.0,0.17,3.7,13.8,18.2,0.0,0.0,0.19,3.8
20260810,20,12,5198,B1,24.0,46.0,5.46,35.42,4.3,22.73,44,31.06,26,60.0,4874,B1,32.0,52.0,4.8,23.17,4.57,29.55,14,33.33,54,33.33,4694,B1,41.0,44.0,4.53,24.0,0.0,0.0,25,41.06,75,35.14,5200,B2,24.0,48.0,2.06,0.0,2.12,3.85,42,42.24,35,31.71,5389,B1,19.0,41.0,2.29,0.0,1.67,0.0,33,33.13,34,46.15,5413,B2,20.0,46.0,2.26,3.66,1.0,0.0,5,45.16,38,44.12,11.2,46.2,30.8,0.0,0.2,3.9,19.0,13.6,22.7,18.2,0.21,4.3,18.1,14.3,33.3,9.5,0.19,3.4,19.8,13.0,13.0,13.0,0.21,3.5,17.2,20.0,0.0,0.0,0.19,3.9,14.7,17.6,0.0,0.0,0.19,4.8,18.1,23.5,17.6,23.5,0.16,2.9,54.3,11.8,3.9,29.4,0.15,2.9,23.4,4.5,18.2,18.2,0.13,2.3,2.1,0.0,0.0,0.0,0.18,4.0,2.1,50.0,0.0,0.0,0.18,3.0,0.0,0.0,0.0,0.0,0.0,0.0,12.9,44.4,11.1,22.2,0.17,2.7,20.0,14.3,7.1,35.7,0.23,4.8,15.7,9.1,18.2,18.2,0.17,3.1,20.0,7.1,14.3,14.3,0.22,3.8,17.1,8.3,16.7,0.0,0.18,2.9,14.3,10.0,20.0,0.0,0.25,4.6,10.2,20.0,0.0,0.0,0.28,4.8,18.4,11.1,11.1,0.0,0.16,3.0,16.3,0.0,0.0,0.0,0.2,4.1,16.3,0.0,0.0,0.0,0.22,5.0,12.2,0.0,0.0,0.0,0.21,4.0,26.5,0.0,0.0,0.0,0.17,3.4,0.0,0.0,0.0,0.0,0.0,0.0,0.0,0.0,0.0,0.0,0.0,0.0,0.0,0.0,0.0,0.0,0.0,0.0,17.9,8.3,16.7,0.0,0.21,4.4,31.3,4.8,0.0,0.0,0.2,3.8,50.7,2.9,8.8,0.0,0.18,2.9,0.0,0.0,0.0,0.0,0.0,0.0,0.0,0.0,0.0,0.0,0.0,0.0,0.0,0.0,0.0,0.0,0.0,0.0,0.0,0.0,0.0,0.0,0.0,0.0,33.3,4.3,8.7,4.3,0.15,2.7,66.7,0.0,0.0,0.0,0.14,2.5
20260810,18,1,4974,A2,33.0,46.0,5.58,40.59,6.58,50.0,41,35.37,29,30.94,4117,A2,45.0,45.0,6.35,50.46,6.64,59.09,56,38.57,44,37.64,3611,A2,53.0,48.0,6.11,43.43,5.68,34.15,70,26.56,17,30.22,4478,A1,38.0,48.0,5.88,40.7,6.0,62.5,31,30.14,15,39.44,5189,A2,25.0,45.0,4.97,25.62,4.25,30.0,53,40.79,26,29.28,4313,A2,42.0,49.0,5.37,34.48,5.5,40.0,64,40.0,62,38.67,16.0,37.5,18.8,18.8,0.21,4.3,22.0,18.2,27.3,18.2,0.16,3.2,15.0,13.3,20.0,26.7,0.2,4.1,19.0,26.3,10.5,21.1,0.19,3.2,15.0,20.0,13.3,26.7,0.16,3.3,13.0,23.1,0.0,0.0,0.2,4.0,23.3,44.4,22.2,7.4,0.19,3.6,15.5,11.1,44.4,22.2,0.21,4.3,17.2,5.0,25.0,25.0,0.22,4.2,18.1,4.8,28.6,33.3,0.22,4.3,15.5,33.3,16.7,0.0,0.25,4.8,10.3,8.3,33.3,0.0,0.23,5.3,18.2,55.0,20.0,10.0,0.13,2.3,16.4,5.6,55.6,5.6,0.15,2.8,16.4,38.9,11.1,0.0,0.13,2.3,16.4,16.7,5.6,16.7,0.14,2.2,15.5,5.9,17.6,11.8,0.13,2.7,17.3,10.5,21.1,0.0,0.16,3.3,21.2,68.0,12.0,8.0,0.17,3.2,16.9,20.0,35.0,35.0,0.14,3.5,18.6,27.3,4.5,36.4,0.15,3.0,14.4,23.5,23.5,29.4,0.14,2.6,14.4,5.9,23.5,23.5,0.16,3.4,14.4,23.5,0.0,0.0,0.19,3.9,16.8,54.5,9.1,9.1,0.2,4.3,21.4,17.9,25.0,32.1,0.21,4.5,13.7,27.8,16.7,16.7,0.21,4.2,15.3,5.0,15.0,25.0,0.18,4.5,19.1,8.0,8.0,16.0,0.17,3.9,13.7,16.7,22.2,0.0,0.22,5.2,17.3,73.7,15.8,10.5,0.16,3.1,15.5,17.6,41.2,11.8,0.16,2.9,18.2,30.0,25.0,5.0,0.13,2.3,19.1,28.6,14.3,14.3,0.13,2.8,13.6,13.3,20.0,0.0,0.14,2.6,16.4,33.3,0.0,0.0,0.17,3.6
20260810,18,2,4893,B1,35.0,47.0,5.09,32.93,5.89,38.89,12,37.14,46,30.86,5155,A2,29.0,46.0,6.18,45.19,5.93,42.86,55,40.28,50,38.89,4225,A2,44.0,45.0,6.07,40.79,5.92,41.67,74,42.86,66,34.25,5188,A2,25.0,45.0,5.96,42.16,4.45,30.0,39,34.21,48,30.73,5088,A1,26.0,44.0,6.82,51.16,6.25,50.0,29,32.1,16,41.67,4994,A2,28.0,47.0,6.5,50.43,5.74,36.84,42,34.25,39,32.78,17.6,53.3,6.7,20.0,0.15,2.5,16.5,14.3,21.4,21.4,0.17,3.2,18.8,25.0,12.5,6.2,0.15,2.5,14.1,8.3,33.3,0.0,0.17,2.7,18.8,18.8,12.5,6.2,0.14,2.8,14.1,8.3,0.0,0.0,0.18,2.9,17.5,38.9,38.9,16.7,0.16,2.9,17.5,33.3,22.2,16.7,0.15,2.4,20.4,28.6,23.8,19.0,0.14,2.4,16.5,5.9,23.5,23.5,0.14,2.8,13.6,28.6,21.4,0.0,0.19,3.2,14.6,6.7,13.3,26.7,0.15,2.9,21.3,63.2,31.6,0.0,0.13,2.3,15.7,14.3,35.7,28.6,0.14,2.4,19.1,41.2,29.4,0.0,0.13,2.1,10.1,33.3,44.4,0.0,0.15,2.9,21.3,5.3,26.3,0.0,0.18,2.6,12.4,18.2,0.0,0.0,0.17,3.7,16.9,70.0,10.0,5.0,0.18,3.3,14.4,29.4,23.5,11.8,0.16,3.4,19.5,13.0,21.7,34.8,0.19,3.8,14.4,11.8,17.6,17.6,0.14,2.9,21.2,8.0,20.0,24.0,0.18,3.3,13.6,6.2,12.5,6.2,0.14,3.7,26.8,78.6,11.9,7.1,0.14,2.4,12.1,42.1,26.3,10.5,0.16,3.2,14.6,30.4,21.7,21.7,0.15,3.3,15.3,20.8,16.7,20.8,0.15,3.4,15.9,16.0,8.0,12.0,0.17,3.3,15.3,16.7,8.3,8.3,0.15,3.4,22.1,60.9,26.1,4.3,0.16,3.2,13.5,21.4,35.7,14.3,0.14,3.4,19.2,5.0,50.0,20.0,0.15,2.9,13.5,21.4,28.6,0.0,0.18,3.9,16.3,11.8,23.5,0.0,0.17,3.6,15.4,12.5,18.8,0.0,0.19,4.3
20260810,18,3,4243,B1,40.0,48.0,5.67,40.0,5.09,27.27,14,40.98,53,33.15,5281,A1,23.0,46.0,5.65,41.84,5.16,26.32,23,36.71,38,39.89,4373,A1,38.0,46.0,6.51,46.15,5.38,34.48,69,38.46,42,29.61,4536,A2,36.0,47.0,5.77,37.61,5.07,25.93,36,32.14,45,34.29,4963,A1,29.0,46.0,6.21,44.12,7.58,64.52,48,36.25,72,33.7,4347,A2,41.0,45.0,5.96,40.43,7.14,56.82,66,33.33,67,41.67,19.1,59.1,13.6,9.1,0.14,2.4,13.9,6.2,12.5,18.8,0.2,4.1,20.0,26.1,21.7,8.7,0.17,3.4,12.2,14.3,21.4,21.4,0.17,3.5,15.7,22.2,27.8,0.0,0.19,3.6,19.1,13.6,13.6,0.0,0.2,4.5,18.6,81.0,4.8,0.0,0.12,2.2,15.0,47.1,29.4,0.0,0.15,2.8,15.9,16.7,27.8,22.2,0.12,2.3,16.8,15.8,21.1,10.5,0.14,3.1,18.6,14.3,23.8,19.0,0.15,2.0,15.0,5.9,11.8,23.5,0.18,3.9,25.4,61.8,17.6,14.7,0.15,2.3,14.9,15.0,50.0,20.0,0.19,3.3,16.4,9.1,22.7,40.9,0.15,3.2,17.9,8.3,20.8,33.3,0.18,3.8,11.2,20.0,0.0,0.0,0.21,4.4,14.2,15.8,42.1,0.0,0.2,4.3,20.9,59.3,14.8,14.8,0.16,2.4,17.8,26.1,26.1,13.0,0.13,2.4,14.0,11.1,44.4,11.1,0.14,2.2,14.7,15.8,15.8,42.1,0.15,2.6,19.4,8.0,8.0,44.0,0.18,4.0,13.2,5.9,17.6,0.0,0.17,4.3,19.8,76.2,19.0,0.0,0.13,2.3,19.8,23.8,47.6,9.5,0.15,2.7,12.3,38.5,7.7,23.1,0.14,2.6,17.9,10.5,36.8,21.1,0.15,2.9,19.8,23.8,19.0,0.0,0.16,3.0,10.4,9.1,18.2,0.0,0.2,4.7,22.4,58.3,20.8,12.5,0.17,3.5,19.6,14.3,23.8,38.1,0.18,3.7,13.1,21.4,14.3,28.6,0.18,3.6,12.1,15.4,30.8,0.0,0.2,4.0,17.8,5.3,15.8,26.3,0.18,3.1,15.0,6.2,43.8,0.0,0.17,3.1
20260810,18,4,4224,B1,44.0,49.0,5.25,31.25,5.57,40.0,58,30.88,32,32.97,4845,A1,33.0,48.0,6.98,58.54,6.94,56.0,11,36.11,55,38.42,4530,A1,37.0,46.0,7.2,58.33,8.7,81.48,18,28.79,60,24.29,4823,A2,33.0,45.0,6.87,51.79,3.25,0.0,27,44.83,27,31.67,3435,A2,57.0,45.0,6.56,45.3,7.26,61.54,73,42.37,25,30.22,3232,A2,59.0,46.0,5.87,38.1,4.56,22.22,40,29.87,68,42.31,18.2,54.5,18.2,9.1,0.18,3.3,16.5,15.0,30.0,10.0,0.23,4.6,17.4,4.8,23.8,4.8,0.18,3.9,18.2,4.5,18.2,40.9,0.17,3.9,15.7,5.3,15.8,26.3,0.21,4.0,14.0,5.9,23.5,0.0,0.23,4.7,27.0,70.4,18.5,3.7,0.13,2.3,13.0,30.8,30.8,15.4,0.16,2.8,14.0,28.6,28.6,7.1,0.1,2.1,21.0,23.8,33.3,14.3,0.15,2.2,13.0,7.7,38.5,7.7,0.11,2.7,12.0,16.7,25.0,8.3,0.14,2.9,21.2,79.2,20.8,0.0,0.1,1.8,15.0,23.5,17.6,11.8,0.16,3.1,21.2,16.7,37.5,12.5,0.15,2.5,16.8,10.5,36.8,15.8,0.17,3.9,12.4,7.1,21.4,14.3,0.19,3.6,13.3,6.7,20.0,26.7,0.17,3.3,17.0,70.6,5.9,11.8,0.13,2.1,13.0,15.4,46.2,15.4,0.14,2.5,23.0,26.1,8.7,17.4,0.12,2.3,17.0,29.4,17.6,11.8,0.12,2.2,16.0,18.8,25.0,0.0,0.15,3.3,14.0,7.1,35.7,0.0,0.15,3.6,20.6,61.9,19.0,14.3,0.17,3.3,14.7,20.0,20.0,20.0,0.15,3.4,14.7,6.7,33.3,6.7,0.19,3.8,23.5,8.3,16.7,33.3,0.13,2.6,14.7,26.7,13.3,0.0,0.13,2.7,11.8,8.3,0.0,0.0,0.16,3.6,22.2,66.7,16.7,11.1,0.14,2.7,14.8,25.0,25.0,25.0,0.16,2.9,14.8,16.7,25.0,8.3,0.15,2.2,16.0,23.1,7.7,30.8,0.16,2.8,17.3,14.3,21.4,0.0,0.17,3.3,14.8,8.3,33.3,0.0,0.19,4.2
20260810,18,5,4546,B1,38.0,46.0,7.04,57.65,7.64,63.64,35,37.33,23,33.15,4819,A2,35.0,47.0,5.02,31.11,5.54,39.02,46,39.47,59,41.11,4974,A2,33.0,46.0,5.58,40.59,6.58,50.0,41,35.37,29,30.94,4590,A1,33.0,49.0,6.34,39.84,0.0,0.0,24,28.0,13,41.01,3900,A2,49.0,48.0,6.27,47.12,4.54,23.08,49,28.17,63,30.11,4804,A1,32.0,48.0,6.22,45.71,6.82,45.45,68,55.0,70,29.61,19.2,71.4,14.3,0.0,0.16,2.9,17.8,15.4,7.7,7.7,0.17,3.6,17.8,23.1,15.4,15.4,0.14,2.4,16.4,33.3,8.3,0.0,0.19,4.0,16.4,33.3,25.0,0.0,0.2,4.0,12.3,11.1,33.3,0.0,0.17,3.9,20.6,59.1,22.7,13.6,0.16,3.0,15.0,6.2,37.5,18.8,0.17,3.0,15.0,18.8,25.0,37.5,0.14,2.4,13.1,14.3,7.1,21.4,0.16,2.9,16.8,5.6,5.6,50.0,0.18,3.2,19.6,4.8,9.5,0.0,0.21,4.1,16.0,37.5,18.8,18.8,0.21,4.3,22.0,18.2,27.3,18.2,0.16,3.2,15.0,13.3,20.0,26.7,0.2,4.1,19.0,26.3,10.5,21.1,0.19,3.2,15.0,20.0,13.3,26.7,0.16,3.3,13.0,23.1,0.0,0.0,0.2,4.0,19.0,56.5,21.7,8.7,0.14,2.7,17.4,38.1,9.5,19.0,0.14,3.0,17.4,4.8,28.6,28.6,0.15,2.9,14.9,5.6,16.7,27.8,0.14,3.1,16.5,5.0,15.0,20.0,0.14,3.3,14.9,22.2,16.7,0.0,0.16,3.7,18.8,61.5,15.4,7.7,0.17,2.8,15.9,9.1,45.5,22.7,0.2,4.2,19.6,11.1,22.2,33.3,0.16,3.6,17.4,16.7,29.2,25.0,0.19,3.4,15.9,13.6,9.1,31.8,0.17,2.9,12.3,23.5,11.8,0.0,0.22,4.1,21.9,75.0,7.1,7.1,0.19,3.6,18.0,21.7,26.1,17.4,0.23,3.7,13.3,29.4,35.3,17.6,0.17,3.6,16.4,23.8,19.0,23.8,0.17,3.4,16.4,23.8,14.3,19.0,0.17,3.4,14.1,5.6,5.6,0.0,0.23,5.3
20260810,18,6,4123,A1,44.0,48.0,6.6,50.0,7.48,57.14,30,40.51,54,37.43,5188,A2,25.0,45.0,5.96,42.16,4.45,30.0,39,34.21,48,30.73,4313,A2,42.0,49.0,5.37,34.48,5.5,40.0,64,40.0,62,38.67,5189,A2,25.0,45.0,4.97,25.62,4.25,30.0,53,40.79,26,29.28,4190,B2,45.0,49.0,7.07,51.72,0.0,0.0,26,40.85,31,32.4,4938,A1,28.0,48.0,6.6,50.81,5.37,33.33,71,31.43,40,41.57,25.2,64.9,18.9,8.1,0.19,3.6,15.6,8.7,39.1,17.4,0.2,4.4,15.6,17.4,26.1,26.1,0.18,3.6,15.0,4.5,22.7,31.8,0.17,3.8,13.6,15.0,20.0,35.0,0.18,3.6,15.0,4.5,4.5,22.7,0.24,4.2,16.9,70.0,10.0,5.0,0.18,3.3,14.4,29.4,23.5,11.8,0.16,3.4,19.5,13.0,21.7,34.8,0.19,3.8,14.4,11.8,17.6,17.6,0.14,2.9,21.2,8.0,20.0,24.0,0.18,3.3,13.6,6.2,12.5,6.2,0.14,3.7,17.3,73.7,15.8,10.5,0.16,3.1,15.5,17.6,41.2,11.8,0.16,2.9,18.2,30.0,25.0,5.0,0.13,2.3,19.1,28.6,14.3,14.3,0.13,2.8,13.6,13.3,20.0,0.0,0.14,2.6,16.4,33.3,0.0,0.0,0.17,3.6,16.8,54.5,9.1,9.1,0.2,4.3,21.4,17.9,25.0,32.1,0.21,4.5,13.7,27.8,16.7,16.7,0.21,4.2,15.3,5.0,15.0,25.0,0.18,4.5,19.1,8.0,8.0,16.0,0.17,3.9,13.7,16.7,22.2,0.0,0.22,5.2,40.0,100.0,0.0,0.0,0.15,2.5,20.0,100.0,0.0,0.0,0.16,4.0,0.0,0.0,0.0,0.0,0.0,0.0,10.0,100.0,0.0,0.0,0.22,4.0,20.0,50.0,0.0,0.0,0.17,2.0,10.0,0.0,0.0,0.0,0.16,5.0,22.0,75.9,13.8,6.9,0.15,2.6,18.2,29.2,37.5,8.3,0.13,2.4,17.4,47.8,17.4,8.7,0.11,3.0,14.4,21.1,21.1,10.5,0.18,3.3,16.7,9.1,9.1,27.3,0.13,3.2,11.4,6.7,33.3,0.0,0.19,3.9
20260810,18,7,4208,A1,43.0,46.0,7.23,60.83,7.23,40.0,67,32.39,34,31.49,4536,A2,36.0,47.0,5.77,37.61,5.07,25.93,36,32.14,45,34.29,4893,B1,35.0,47.0,5.09,32.93,5.89,38.89,12,37.14,46,30.86,3611,A2,53.0,48.0,6.11,43.43,5.68,34.15,70,26.56,17,30.22,4478,A1,38.0,48.0,5.88,40.7,6.0,62.5,31,30.14,15,39.44,5155,A2,29.0,46.0,6.18,45.19,5.93,42.86,55,40.28,50,38.89,23.6,65.5,17.2,10.3,0.16,2.9,17.1,19.0,28.6,14.3,0.15,3.3,13.0,12.5,12.5,25.0,0.16,2.9,17.9,27.3,9.1,22.7,0.13,2.6,17.1,19.0,4.8,52.4,0.16,3.0,11.4,14.3,14.3,14.3,0.17,3.7,20.9,59.3,14.8,14.8,0.16,2.4,17.8,26.1,26.1,13.0,0.13,2.4,14.0,11.1,44.4,11.1,0.14,2.2,14.7,15.8,15.8,42.1,0.15,2.6,19.4,8.0,8.0,44.0,0.18,4.0,13.2,5.9,17.6,0.0,0.17,4.3,17.6,53.3,6.7,20.0,0.15,2.5,16.5,14.3,21.4,21.4,0.17,3.2,18.8,25.0,12.5,6.2,0.15,2.5,14.1,8.3,33.3,0.0,0.17,2.7,18.8,18.8,12.5,6.2,0.14,2.8,14.1,8.3,0.0,0.0,0.18,2.9,18.2,55.0,20.0,10.0,0.13,2.3,16.4,5.6,55.6,5.6,0.15,2.8,16.4,38.9,11.1,0.0,0.13,2.3,16.4,16.7,5.6,16.7,0.14,2.2,15.5,5.9,17.6,11.8,0.13,2.7,17.3,10.5,21.1,0.0,0.16,3.3,21.2,68.0,12.0,8.0,0.17,3.2,16.9,20.0,35.0,35.0,0.14,3.5,18.6,27.3,4.5,36.4,0.15,3.0,14.4,23.5,23.5,29.4,0.14,2.6,14.4,5.9,23.5,23.5,0.16,3.4,14.4,23.5,0.0,0.0,0.19,3.9,17.5,38.9,38.9,16.7,0.16,2.9,17.5,33.3,22.2,16.7,0.15,2.4,20.4,28.6,23.8,19.0,0.14,2.4,16.5,5.9,23.5,23.5,0.14,2.8,13.6,28.6,21.4,0.0,0.19,3.2,14.6,6.7,13.3,26.7,0.15,2.9
20260810,18,8,4825,A1,32.0,47.0,7.04,54.31,0.0,0.0,60,30.99,18,37.64,4994,A2,28.0,47.0,6.5,50.43,5.74,36.84,42,34.25,39,32.78,4224,B1,44.0,49.0,5.25,31.25,5.57,40.0,58,30.88,32,32.97,4347,A2,41.0,45.0,5.96,40.43,7.14,56.82,66,33.33,67,41.67,4117,A2,45.0,45.0,6.35,50.46,6.64,59.09,56,38.57,44,37.64,4845,A1,33.0,48.0,6.98,58.54,6.94,56.0,11,36.11,55,38.42,20.6,55.0,15.0,10.0,0.17,2.3,18.6,16.7,22.2,27.8,0.13,2.6,17.5,23.5,23.5,17.6,0.13,3.1,16.5,25.0,31.2,12.5,0.14,2.4,15.5,13.3,13.3,26.7,0.14,2.5,11.3,27.3,18.2,0.0,0.14,3.0,22.1,60.9,26.1,4.3,0.16,3.2,13.5,21.4,35.7,14.3,0.14,3.4,19.2,5.0,50.0,20.0,0.15,2.9,13.5,21.4,28.6,0.0,0.18,3.9,16.3,11.8,23.5,0.0,0.17,3.6,15.4,12.5,18.8,0.0,0.19,4.3,18.2,54.5,18.2,9.1,0.18,3.3,16.5,15.0,30.0,10.0,0.23,4.6,17.4,4.8,23.8,4.8,0.18,3.9,18.2,4.5,18.2,40.9,0.17,3.9,15.7,5.3,15.8,26.3,0.21,4.0,14.0,5.9,23.5,0.0,0.23,4.7,22.4,58.3,20.8,12.5,0.17,3.5,19.6,14.3,23.8,38.1,0.18,3.7,13.1,21.4,14.3,28.6,0.18,3.6,12.1,15.4,30.8,0.0,0.2,4.0,17.8,5.3,15.8,26.3,0.18,3.1,15.0,6.2,43.8,0.0,0.17,3.1,23.3,44.4,22.2,7.4,0.19,3.6,15.5,11.1,44.4,22.2,0.21,4.3,17.2,5.0,25.0,25.0,0.22,4.2,18.1,4.8,28.6,33.3,0.22,4.3,15.5,33.3,16.7,0.0,0.25,4.8,10.3,8.3,33.3,0.0,0.23,5.3,27.0,70.4,18.5,3.7,0.13,2.3,13.0,30.8,30.8,15.4,0.16,2.8,14.0,28.6,28.6,7.1,0.1,2.1,21.0,23.8,33.3,14.3,0.15,2.2,13.0,7.7,38.5,7.7,0.11,2.7,12.0,16.7,25.0,8.3,0.14,2.9
20260810,18,9,5281,A1,23.0,46.0,5.65,41.84,5.16,26.32,23,36.71,38,39.89,3232,A2,59.0,46.0,5.87,38.1,4.56,22.22,40,29.87,68,42.31,4243,B1,40.0,48.0,5.67,40.0,5.09,27.27,14,40.98,53,33.15,4819,A2,35.0,47.0,5.02,31.11,5.54,39.02,46,39.47,59,41.11,4530,A1,37.0,46.0,7.2,58.33,8.7,81.48,18,28.79,60,24.29,4225,A2,44.0,45.0,6.07,40.79,5.92,41.67,74,42.86,66,34.25,18.6,81.0,4.8,0.0,0.12,2.2,15.0,47.1,29.4,0.0,0.15,2.8,15.9,16.7,27.8,22.2,0.12,2.3,16.8,15.8,21.1,10.5,0.14,3.1,18.6,14.3,23.8,19.0,0.15,2.0,15.0,5.9,11.8,23.5,0.18,3.9,22.2,66.7,16.7,11.1,0.14,2.7,14.8,25.0,25.0,25.0,0.16,2.9,14.8,16.7,25.0,8.3,0.15,2.2,16.0,23.1,7.7,30.8,0.16,2.8,17.3,14.3,21.4,0.0,0.17,3.3,14.8,8.3,33.3,0.0,0.19,4.2,19.1,59.1,13.6,9.1,0.14,2.4,13.9,6.2,12.5,18.8,0.2,4.1,20.0,26.1,21.7,8.7,0.17,3.4,12.2,14.3,21.4,21.4,0.17,3.5,15.7,22.2,27.8,0.0,0.19,3.6,19.1,13.6,13.6,0.0,0.2,4.5,20.6,59.1,22.7,13.6,0.16,3.0,15.0,6.2,37.5,18.8,0.17,3.0,15.0,18.8,25.0,37.5,0.14,2.4,13.1,14.3,7.1,21.4,0.16,2.9,16.8,5.6,5.6,50.0,0.18,3.2,19.6,4.8,9.5,0.0,0.21,4.1,21.2,79.2,20.8,0.0,0.1,1.8,15.0,23.5,17.6,11.8,0.16,3.1,21.2,16.7,37.5,12.5,0.15,2.5,16.8,10.5,36.8,15.8,0.17,3.9,12.4,7.1,21.4,14.3,0.19,3.6,13.3,6.7,20.0,26.7,0.17,3.3,21.3,63.2,31.6,0.0,0.13,2.3,15.7,14.3,35.7,28.6,0.14,2.4,19.1,41.2,29.4,0.0,0.13,2.1,10.1,33.3,44.4,0.0,0.15,2.9,21.3,5.3,26.3,0.0,0.18,2.6,12.4,18.2,0.0,0.0,0.17,3.7
20260810,18,10,4387,A1,41.0,45.0,6.43,43.48,7.33,61.11,50,38.03,57,36.57,4011,A2,46.0,47.0,6.3,45.56,6.08,44.74,44,34.62,41,35.2,4642,A2,34.0,46.0,7.09,56.67,0.0,0.0,38,28.95,64,35.39,4964,A2,29.0,46.0,6.1,40.78,6.63,52.63,47,39.74,74,35.0,4289,A2,41.0,48.0,5.75,38.54,0.0,0.0,28,25.97,47,33.89,4456,A1,37.0,44.0,6.17,33.33,6.8,50.0,59,37.29,33,32.78,20.8,61.5,11.5,11.5,0.17,3.4,12.8,25.0,12.5,25.0,0.14,2.7,18.4,34.8,34.8,8.7,0.14,2.6,16.8,19.0,19.0,28.6,0.16,2.8,17.6,9.1,13.6,9.1,0.16,2.9,13.6,5.9,29.4,0.0,0.16,3.8,16.3,73.3,6.7,0.0,0.17,3.1,17.4,25.0,31.2,12.5,0.17,3.9,17.4,25.0,18.8,6.2,0.17,2.8,15.2,21.4,14.3,14.3,0.17,2.3,15.2,35.7,0.0,0.0,0.12,3.0,18.5,5.9,5.9,17.6,0.18,3.8,22.9,77.8,3.7,3.7,0.15,2.6,16.1,21.1,26.3,5.3,0.15,3.3,16.9,30.0,20.0,10.0,0.14,3.4,18.6,9.1,18.2,13.6,0.16,2.8,15.3,11.1,27.8,22.2,0.17,2.9,10.2,8.3,8.3,33.3,0.16,2.6,13.5,53.8,15.4,15.4,0.15,2.1,19.8,21.1,21.1,15.8,0.17,3.3,16.7,25.0,25.0,6.2,0.11,3.3,19.8,10.5,15.8,21.1,0.14,2.7,15.6,6.7,13.3,26.7,0.14,3.2,14.6,7.1,21.4,0.0,0.16,3.8,20.0,66.7,14.8,11.1,0.13,1.7,19.3,34.6,11.5,26.9,0.14,2.8,14.1,15.8,36.8,0.0,0.13,2.5,17.0,8.7,21.7,26.1,0.15,2.7,16.3,18.2,13.6,0.0,0.13,2.7,13.3,33.3,0.0,0.0,0.13,2.4,26.2,77.8,14.8,3.7,0.14,2.3,14.6,13.3,33.3,26.7,0.17,3.3,15.5,25.0,43.8,6.2,0.15,3.1,17.5,11.1,16.7,11.1,0.17,3.8,13.6,14.3,21.4,0.0,0.15,4.0,12.6,7.7,23.1,0.0,0.18,3.4
20260810,18,11,4775,A2,32.0,46.0,6.39,45.76,0.0,0.0,17,46.03,12,36.0,5193,A1,25.0,46.0,6.61,47.57,6.57,52.38,13,38.33,19,36.16,4961,A1,30.0,47.0,6.72,46.55,7.68,68.42,20,39.34,22,37.7,4556,A1,37.0,47.0,6.55,49.46,6.42,50.0,75,27.27,14,33.7,5205,A2,29.0,49.0,6.02,37.27,5.11,30.56,33,53.33,35,30.56,4611,A1,35.0,47.0,6.06,41.38,5.82,45.45,72,34.29,24,35.39,21.7,65.0,20.0,10.0,0.15,3.0,18.5,5.9,35.3,29.4,0.14,2.3,15.2,14.3,21.4,28.6,0.14,2.6,17.4,12.5,31.2,31.2,0.16,2.8,13.0,16.7,16.7,16.7,0.13,2.7,14.1,0.0,0.0,0.0,0.18,4.2,21.3,69.0,13.8,10.3,0.15,2.7,15.4,42.9,23.8,14.3,0.13,2.8,16.9,21.7,34.8,26.1,0.14,2.8,13.2,5.6,22.2,27.8,0.16,4.0,17.6,8.3,20.8,25.0,0.16,3.2,15.4,4.8,33.3,0.0,0.19,4.0,17.6,57.1,33.3,4.8,0.13,2.4,21.0,20.0,20.0,20.0,0.14,3.6,16.0,26.3,15.8,21.1,0.15,2.8,16.8,5.0,30.0,5.0,0.16,3.7,16.0,21.1,21.1,0.0,0.16,3.9,12.6,6.7,6.7,26.7,0.14,3.1,24.4,77.3,13.6,0.0,0.15,3.0,14.4,15.4,30.8,15.4,0.21,3.8,17.8,25.0,37.5,12.5,0.16,2.8,18.9,23.5,23.5,23.5,0.14,2.5,12.2,9.1,63.6,0.0,0.17,4.3,12.2,9.1,18.2,0.0,0.17,4.8,12.5,66.7,6.7,13.3,0.16,2.9,20.8,16.0,28.0,12.0,0.17,3.4,14.2,17.6,29.4,17.6,0.16,3.6,20.0,4.2,29.2,25.0,0.19,4.4,15.8,15.8,31.6,0.0,0.21,4.7,16.7,10.0,0.0,0.0,0.17,4.6,20.7,87.5,8.3,4.2,0.15,2.3,16.4,21.1,42.1,15.8,0.14,2.4,18.1,23.8,14.3,14.3,0.13,2.1,17.2,25.0,15.0,0.0,0.17,3.5,14.7,5.9,11.8,41.2,0.14,2.9,12.9,20.0,6.7,13.3,0.14,2.6
20260810,18,12,4433,A1,40.0,46.0,7.12,55.47,7.23,54.84,34,32.18,51,32.96,5045,A2,26.0,46.0,6.96,53.51,5.79,31.58,54,32.91,30,36.16,4482,A1,37.0,44.0,5.75,35.62,6.76,44.83,15,40.98,73,38.2,4050,A1,45.0,45.0,7.52,59.09,7.9,70.49,63,28.38,36,34.66,3618,A1,52.0,43.0,6.43,50.43,6.6,46.67,19,50.0,20,33.15,4502,A1,38.0,44.0,7.51,51.09,7.0,40.0,16,31.88,37,34.83,22.1,75.9,3.4,6.9,0.16,3.1,16.8,22.7,31.8,18.2,0.16,3.7,15.3,5.0,45.0,20.0,0.16,3.1,14.5,5.3,36.8,26.3,0.19,3.9,15.3,10.0,35.0,15.0,0.19,3.8,16.0,4.8,28.6,0.0,0.16,3.8,17.1,45.8,25.0,8.3,0.2,3.6,16.4,17.4,34.8,13.0,0.19,3.9,17.1,12.5,29.2,33.3,0.17,3.5,19.3,3.7,40.7,14.8,0.21,4.0,16.4,8.7,39.1,0.0,0.19,3.5,13.6,5.3,26.3,0.0,0.2,4.4,22.4,71.4,14.3,3.6,0.13,2.1,16.8,19.0,28.6,28.6,0.18,3.6,15.2,10.5,10.5,15.8,0.16,4.1,17.6,22.7,18.2,27.3,0.17,3.6,18.4,13.0,17.4,13.0,0.17,3.0,9.6,16.7,8.3,33.3,0.22,4.9,22.5,72.0,20.0,0.0,0.16,2.4,14.4,25.0,43.8,18.8,0.12,2.4,13.5,20.0,40.0,20.0,0.14,2.7,15.3,5.9,11.8,35.3,0.15,3.9,16.2,11.1,16.7,22.2,0.14,3.1,18.0,5.0,10.0,20.0,0.19,4.3,23.0,60.7,21.4,7.1,0.17,3.5,18.0,18.2,27.3,9.1,0.17,3.4,17.2,33.3,23.8,4.8,0.18,3.1,13.1,6.2,37.5,18.8,0.18,2.7,12.3,6.7,33.3,20.0,0.16,3.4,16.4,5.0,10.0,10.0,0.25,4.9,23.6,65.4,15.4,3.8,0.14,2.8,15.5,29.4,23.5,23.5,0.14,3.0,14.5,12.5,37.5,25.0,0.12,2.3,16.4,16.7,27.8,33.3,0.13,2.8,15.5,17.6,17.6,17.6,0.14,3.1,14.5,6.2,37.5,0.0,0.15,4.1
20260810,16,1,3982,B1,48.0,57.0,4.0,19.75,4.24,21.67,64,32.0,39,38.41,3357,B1,57.0,48.0,4.08,16.28,4.2,22.64,13,33.71,62,34.36,4562,B1,38.0,55.0,4.94,28.71,4.62,23.53,45,30.17,74,36.09,4558,B1,36.0,54.0,4.11,22.11,4.77,25.47,21,38.42,34,42.26,4782,B1,39.0,52.0,4.28,17.11,5.55,33.75,44,39.43,61,30.81,4683,B2,35.0,47.0,3.47,19.61,5.0,37.5,31,37.7,75,35.62,14.9,21.4,21.4,14.3,0.19,3.9,17.0,18.8,18.8,0.0,0.16,3.1,20.2,5.3,5.3,15.8,0.19,4.3,18.1,5.9,23.5,0.0,0.16,3.1,18.1,11.8,0.0,0.0,0.19,3.8,11.7,0.0,0.0,0.0,0.18,4.1,15.5,31.2,31.2,12.5,0.21,3.7,18.4,21.1,31.6,0.0,0.19,3.7,15.5,6.2,31.2,0.0,0.18,3.8,19.4,25.0,0.0,0.0,0.17,3.7,18.4,5.3,5.3,0.0,0.21,4.2,12.6,0.0,0.0,0.0,0.21,5.4,14.4,12.5,18.8,31.2,0.16,3.8,17.1,10.5,26.3,0.0,0.21,4.6,16.2,11.1,16.7,0.0,0.19,3.9,17.1,5.3,10.5,21.1,0.19,3.9,18.9,9.5,4.8,23.8,0.18,3.8,16.2,11.1,0.0,0.0,0.23,4.6,11.3,75.0,12.5,0.0,0.15,3.6,18.3,53.8,7.7,0.0,0.19,4.3,21.1,13.3,13.3,6.7,0.18,3.2,16.9,16.7,16.7,0.0,0.2,4.6,22.5,6.2,25.0,6.2,0.16,4.0,9.9,14.3,14.3,0.0,0.24,5.0,16.2,41.7,25.0,0.0,0.19,3.7,14.9,36.4,9.1,0.0,0.15,3.2,17.6,7.7,15.4,30.8,0.14,3.2,18.9,7.1,14.3,0.0,0.2,3.4,20.3,13.3,0.0,0.0,0.2,4.2,12.2,11.1,0.0,0.0,0.2,4.4,0.0,0.0,0.0,0.0,0.0,0.0,0.0,0.0,0.0,0.0,0.0,0.0,8.7,25.0,25.0,0.0,0.15,2.5,6.5,0.0,0.0,0.0,0.24,5.7,21.7,50.0,0.0,0.0,0.13,2.4,63.0,10.3,13.8,6.9,0.12,2.8
20260810,16,2,4909,B1,30.0,44.0,4.94,34.15,5.84,43.1,50,38.33,24,30.99,5181,B1,28.0,52.0,5.15,34.33,4.91,31.45,42,29.44,44,31.58,3746,A2,51.0,52.0,5.68,35.59,6.03,44.51,68,32.77,26,37.42,4173,B1,43.0,56.0,5.41,35.64,5.45,46.81,36,35.03,18,31.25,4410,B1,40.0,52.0,4.27,21.36,4.91,31.31,19,37.5,33,38.79,5109,B1,27.0,52.0,4.98,30.36,4.49,21.05,24,30.9,47,33.13,15.5,56.2,18.8,12.5,0.15,2.1,23.3,12.5,20.8,16.7,0.18,3.7,14.6,20.0,6.7,13.3,0.12,2.6,14.6,6.7,13.3,6.7,0.21,3.8,17.5,5.6,11.1,16.7,0.13,2.4,14.6,6.7,13.3,0.0,0.17,3.3,15.0,53.3,20.0,0.0,0.15,3.0,18.0,33.3,16.7,0.0,0.2,3.6,18.0,5.6,11.1,27.8,0.15,3.2,14.0,7.1,14.3,28.6,0.13,2.9,20.0,5.0,15.0,20.0,0.16,3.1,15.0,13.3,33.3,0.0,0.19,4.1,20.7,63.3,20.0,3.3,0.15,3.3,14.5,9.5,23.8,38.1,0.18,3.3,17.9,3.8,30.8,23.1,0.16,3.4,18.6,7.4,22.2,14.8,0.2,4.2,15.2,13.6,31.8,0.0,0.18,4.3,13.1,10.5,21.1,0.0,0.21,4.8,15.7,50.0,25.0,0.0,0.17,3.9,19.6,15.0,25.0,10.0,0.16,4.0,16.7,11.8,23.5,17.6,0.19,3.7,18.6,10.5,21.1,10.5,0.18,4.3,17.6,16.7,27.8,0.0,0.17,3.5,11.8,16.7,16.7,0.0,0.14,3.0,17.7,40.0,10.0,25.0,0.17,2.8,19.5,27.3,27.3,0.0,0.16,3.4,16.8,15.8,15.8,21.1,0.15,3.3,18.6,19.0,14.3,9.5,0.13,2.8,16.8,21.1,21.1,0.0,0.19,3.8,10.6,16.7,25.0,0.0,0.17,2.8,12.4,50.0,21.4,14.3,0.13,2.8,18.6,9.5,28.6,19.0,0.17,3.2,19.5,13.6,13.6,22.7,0.14,3.0,16.8,10.5,21.1,15.8,0.12,2.4,16.8,5.3,5.3,21.1,0.13,2.4,15.9,5.6,11.1,0.0,0.16,3.1
20260810,16,3,3411,B1,56.0,51.0,3.71,8.75,3.1,7.69,66,36.22,27,33.14,3787,B1,54.0,52.0,3.51,11.94,4.58,26.09,12,41.53,19,37.87,3935,B1,48.0,55.0,5.35,36.59,5.16,29.89,59,27.37,45,36.36,3717,A2,51.0,56.0,5.44,29.89,5.08,34.62,37,29.48,36,33.33,5165,B1,26.0,47.0,3.7,14.81,4.46,24.58,22,33.88,49,50.63,4277,B1,43.0,52.0,4.69,29.49,4.78,29.41,41,32.39,50,36.84,12.4,27.3,9.1,18.2,0.14,3.0,18.0,12.5,25.0,0.0,0.13,3.0,16.9,6.7,13.3,26.7,0.15,3.1,24.7,4.5,0.0,0.0,0.15,2.9,20.2,22.2,0.0,0.0,0.18,3.5,7.9,14.3,0.0,0.0,0.22,4.3,13.8,36.4,18.2,0.0,0.19,4.5,17.5,42.9,0.0,0.0,0.18,4.1,21.2,23.5,17.6,0.0,0.21,4.7,15.0,8.3,8.3,0.0,0.19,4.1,18.8,6.7,13.3,0.0,0.19,4.1,13.8,9.1,0.0,0.0,0.24,5.1,11.1,62.5,12.5,12.5,0.14,2.6,22.2,37.5,18.8,0.0,0.16,3.9,13.9,10.0,30.0,30.0,0.15,2.9,13.9,10.0,20.0,30.0,0.17,3.2,15.3,18.2,0.0,0.0,0.15,3.2,23.6,11.8,17.6,0.0,0.2,4.6,15.3,46.2,7.7,30.8,0.16,3.1,21.2,33.3,27.8,0.0,0.2,4.1,16.5,7.1,28.6,21.4,0.18,3.5,11.8,20.0,30.0,0.0,0.2,2.6,17.6,20.0,6.7,20.0,0.17,3.5,17.6,6.7,6.7,13.3,0.19,4.3,15.1,37.5,18.8,0.0,0.15,2.5,17.0,16.7,11.1,11.1,0.16,2.9,17.0,5.6,16.7,16.7,0.18,2.7,14.2,6.7,6.7,33.3,0.16,3.9,20.8,4.5,13.6,9.1,0.17,3.3,16.0,5.9,11.8,0.0,0.17,3.5,17.1,53.8,23.1,7.7,0.15,2.5,13.2,10.0,30.0,20.0,0.16,4.1,11.8,11.1,22.2,11.1,0.17,2.7,18.4,7.1,14.3,7.1,0.19,3.2,15.8,25.0,8.3,0.0,0.17,3.1,23.7,16.7,5.6,5.6,0.14,2.6
20260810,16,4,5317,B1,25.0,46.0,4.66,21.15,3.55,13.33,58,36.2,57,32.16,4580,B1,37.0,53.0,5.63,39.02,5.7,42.86,56,36.67,56,31.55,4635,A2,36.0,52.0,5.77,41.1,5.24,34.69,38,34.95,13,31.17,3933,B1,50.0,53.0,5.97,45.71,5.63,42.41,67,33.52,71,43.75,4370,A1,39.0,52.0,5.92,40.96,6.53,51.8,20,47.73,68,36.97,4323,B1,39.0,56.0,5.73,45.26,5.86,47.41,60,44.57,63,31.97,12.2,28.6,28.6,21.4,0.17,2.7,16.5,5.3,21.1,21.1,0.16,3.5,17.4,30.0,35.0,0.0,0.15,3.2,22.6,3.8,11.5,30.8,0.17,3.7,18.3,9.5,14.3,0.0,0.17,3.2,13.0,6.7,13.3,0.0,0.18,4.2,14.6,50.0,27.8,5.6,0.15,2.8,14.6,11.1,50.0,16.7,0.18,3.2,20.3,16.0,16.0,32.0,0.15,3.1,17.1,4.8,14.3,33.3,0.17,3.5,17.1,19.0,28.6,0.0,0.19,3.6,16.3,5.0,15.0,0.0,0.16,3.1,14.1,66.7,8.3,8.3,0.15,2.8,18.8,12.5,18.8,12.5,0.11,2.2,18.8,25.0,43.8,6.2,0.13,2.1,16.5,35.7,21.4,0.0,0.12,2.1,18.8,25.0,6.2,0.0,0.12,2.1,12.9,9.1,18.2,0.0,0.14,3.0,14.0,33.3,20.0,13.3,0.17,4.1,43.9,12.8,27.7,6.4,0.17,3.6,31.8,23.5,23.5,0.0,0.18,3.3,9.3,40.0,0.0,0.0,0.17,4.5,0.9,0.0,0.0,0.0,0.24,2.0,0.0,0.0,0.0,0.0,0.0,0.0,20.7,69.6,8.7,8.7,0.13,2.8,14.4,12.5,37.5,18.8,0.14,2.7,25.2,32.1,28.6,10.7,0.13,2.6,17.1,26.3,5.3,26.3,0.15,3.5,10.8,16.7,16.7,16.7,0.15,3.2,11.7,23.1,0.0,0.0,0.14,4.3,12.8,66.7,16.7,0.0,0.16,3.1,21.3,5.0,10.0,20.0,0.18,3.4,13.8,30.8,15.4,0.0,0.15,2.5,18.1,23.5,29.4,11.8,0.16,3.0,19.1,16.7,11.1,0.0,0.15,3.0,14.9,28.6,0.0,0.0,0.2,4.7
20260810,16,5,4584,A1,36.0,52.0,6.38,41.3,6.99,54.0,18,30.98,15,41.82,4782,B1,39.0,52.0,4.28,17.11,5.55,33.75,44,39.43,61,30.81,4202,B1,44.0,55.0,4.28,21.05,4.76,28.1,16,38.42,52,34.76,5374,B1,23.0,50.0,2.86,6.94,2.83,8.62,65,36.22,43,36.9,4533,B1,37.0,51.0,4.34,20.75,4.95,33.77,11,32.97,51,32.73,3874,A2,50.0,52.0,6.96,50.85,6.45,47.24,63,32.61,31,38.18,23.9,57.7,23.1,7.7,0.1,2.0,13.8,13.3,33.3,20.0,0.14,2.7,11.9,30.8,38.5,0.0,0.12,2.1,16.5,5.6,22.2,38.9,0.1,2.8,19.3,4.8,28.6,28.6,0.12,2.2,14.7,25.0,25.0,0.0,0.12,2.4,16.2,41.7,25.0,0.0,0.19,3.7,14.9,36.4,9.1,0.0,0.15,3.2,17.6,7.7,15.4,30.8,0.14,3.2,18.9,7.1,14.3,0.0,0.2,3.4,20.3,13.3,0.0,0.0,0.2,4.2,12.2,11.1,0.0,0.0,0.2,4.4,16.0,66.7,13.3,0.0,0.15,2.9,16.0,6.7,26.7,0.0,0.17,3.5,20.2,26.3,10.5,0.0,0.17,3.9,13.8,7.7,38.5,15.4,0.19,3.6,16.0,6.7,20.0,0.0,0.2,4.5,18.1,5.9,5.9,0.0,0.23,5.5,0.0,0.0,0.0,0.0,0.0,0.0,0.0,0.0,0.0,0.0,0.0,0.0,0.0,0.0,0.0,0.0,0.0,0.0,28.9,4.2,12.5,0.0,0.17,3.3,27.7,8.7,8.7,0.0,0.1,2.4,43.4,2.8,5.6,0.0,0.18,3.4,13.8,53.8,0.0,0.0,0.17,3.1,12.8,8.3,16.7,16.7,0.22,4.1,19.1,5.6,11.1,27.8,0.19,3.4,20.2,10.5,26.3,36.8,0.16,3.6,16.0,6.7,20.0,0.0,0.17,4.3,18.1,11.8,17.6,0.0,0.2,4.3,20.8,64.0,24.0,8.0,0.17,3.0,15.0,16.7,27.8,5.6,0.16,3.4,18.3,18.2,13.6,22.7,0.16,3.3,16.7,20.0,15.0,35.0,0.17,3.1,12.5,13.3,13.3,26.7,0.18,3.8,16.7,5.0,15.0,15.0,0.2,4.2
20260810,16,6,4713,A1,35.0,54.0,6.64,47.06,6.9,51.18,69,35.96,65,34.55,4762,A1,36.0,50.0,7.31,54.46,7.54,59.35,35,46.93,30,36.09,4097,B1,44.0,57.0,3.56,13.7,3.43,14.29,27,38.01,72,32.12,3949,B1,50.0,57.0,4.13,22.06,4.14,16.67,33,23.98,40,32.32,4054,B1,48.0,53.0,4.73,28.09,4.47,24.14,55,50.84,23,34.73,3822,A1,53.0,50.0,6.23,42.31,6.69,49.15,30,36.36,73,31.48,22.2,80.6,8.3,8.3,0.12,2.0,13.6,18.2,27.3,18.2,0.15,3.1,17.3,17.9,21.4,32.1,0.13,2.6,14.2,17.4,30.4,39.1,0.13,2.7,18.5,13.3,16.7,20.0,0.14,2.6,14.2,21.7,21.7,0.0,0.15,3.1,21.7,76.0,8.0,8.0,0.14,3.0,16.5,15.8,36.8,5.3,0.12,2.5,16.5,15.8,26.3,36.8,0.13,2.4,13.0,13.3,6.7,46.7,0.14,3.2,13.0,26.7,26.7,0.0,0.11,3.1,19.1,9.1,9.1,18.2,0.12,3.0,8.8,14.3,14.3,28.6,0.16,3.7,17.5,14.3,14.3,0.0,0.2,4.1,22.5,16.7,11.1,0.0,0.22,4.7,12.5,10.0,20.0,0.0,0.23,4.5,21.2,5.9,11.8,0.0,0.24,4.6,17.5,21.4,0.0,0.0,0.25,5.6,13.8,9.1,18.2,0.0,0.2,5.1,15.0,25.0,16.7,0.0,0.17,3.7,17.5,7.1,14.3,21.4,0.19,3.2,16.2,23.1,0.0,0.0,0.17,3.6,26.2,14.3,9.5,0.0,0.17,3.8,11.2,0.0,0.0,0.0,0.23,5.0,15.1,37.5,12.5,0.0,0.17,3.1,14.2,33.3,6.7,0.0,0.13,2.9,18.9,10.0,35.0,20.0,0.18,2.9,16.0,5.9,17.6,23.5,0.14,3.2,17.0,38.9,11.1,0.0,0.15,2.9,18.9,10.0,5.0,0.0,0.17,3.3,22.2,68.2,9.1,13.6,0.13,3.2,20.2,40.0,35.0,0.0,0.16,4.1,12.1,25.0,8.3,25.0,0.17,4.1,17.2,11.8,29.4,17.6,0.17,3.4,15.2,6.7,40.0,13.3,0.15,3.1,13.1,7.7,23.1,0.0,0.16,3.9
20260810,16,7,5181,B1,28.0,52.0,5.15,34.33,4.91,31.45,42,29.44,44,31.58,3411,B1,56.0,51.0,3.71,8.75,3.1,7.69,66,36.22,27,33.14,4853,B1,31.0,45.0,4.92,22.67,4.1,22.62,29,30.51,29,35.98,4441,A2,39.0,53.0,5.57,31.3,6.37,43.38,62,38.33,38,42.35,4537,A1,36.0,50.0,7.34,54.1,6.62,44.76,49,38.98,14,31.52,4558,B1,36.0,54.0,4.11,22.11,4.77,25.47,21,38.42,34,42.26,15.0,53.3,20.0,0.0,0.15,3.0,18.0,33.3,16.7,0.0,0.2,3.6,18.0,5.6,11.1,27.8,0.15,3.2,14.0,7.1,14.3,28.6,0.13,2.9,20.0,5.0,15.0,20.0,0.16,3.1,15.0,13.3,33.3,0.0,0.19,4.1,12.4,27.3,9.1,18.2,0.14,3.0,18.0,12.5,25.0,0.0,0.13,3.0,16.9,6.7,13.3,26.7,0.15,3.1,24.7,4.5,0.0,0.0,0.15,2.9,20.2,22.2,0.0,0.0,0.18,3.5,7.9,14.3,0.0,0.0,0.22,4.3,13.3,30.0,10.0,20.0,0.13,3.2,16.0,8.3,25.0,0.0,0.21,3.8,20.0,20.0,26.7,13.3,0.2,4.4,13.3,10.0,20.0,0.0,0.23,4.3,18.7,7.1,14.3,0.0,0.26,5.5,18.7,0.0,0.0,0.0,0.25,4.8,20.6,48.1,29.6,7.4,0.12,2.4,14.5,42.1,26.3,15.8,0.12,2.5,18.3,20.8,20.8,33.3,0.16,2.8,17.6,13.0,47.8,0.0,0.13,3.3,14.5,15.8,10.5,10.5,0.16,2.7,14.5,5.3,10.5,36.8,0.14,3.3,20.6,74.1,18.5,3.7,0.15,2.8,19.8,34.6,26.9,3.8,0.14,2.9,13.0,11.8,23.5,23.5,0.15,3.1,18.3,16.7,12.5,20.8,0.12,2.4,16.8,13.6,22.7,22.7,0.15,2.9,11.5,6.7,33.3,0.0,0.19,3.9,11.3,75.0,12.5,0.0,0.15,3.6,18.3,53.8,7.7,0.0,0.19,4.3,21.1,13.3,13.3,6.7,0.18,3.2,16.9,16.7,16.7,0.0,0.2,4.6,22.5,6.2,25.0,6.2,0.16,4.0,9.9,14.3,14.3,0.0,0.24,5.0
20260810,16,8,5165,B1,26.0,47.0,3.7,14.81,4.46,24.58,22,33.88,49,50.63,4410,B1,40.0,52.0,4.27,21.36,4.91,31.31,19,37.5,33,38.79,3158,A2,61.0,54.0,6.34,45.65,5.45,37.93,57,36.46,54,40.24,4580,B1,37.0,53.0,5.63,39.02,5.7,42.86,56,36.67,56,31.55,4418,A1,39.0,53.0,7.61,50.85,8.39,76.84,34,31.11,17,35.88,5447,B2,24.0,50.0,1.06,0.0,1.14,0.0,26,34.62,22,32.56,15.1,37.5,18.8,0.0,0.15,2.5,17.0,16.7,11.1,11.1,0.16,2.9,17.0,5.6,16.7,16.7,0.18,2.7,14.2,6.7,6.7,33.3,0.16,3.9,20.8,4.5,13.6,9.1,0.17,3.3,16.0,5.9,11.8,0.0,0.17,3.5,17.7,40.0,10.0,25.0,0.17,2.8,19.5,27.3,27.3,0.0,0.16,3.4,16.8,15.8,15.8,21.1,0.15,3.3,18.6,19.0,14.3,9.5,0.13,2.8,16.8,21.1,21.1,0.0,0.19,3.8,10.6,16.7,25.0,0.0,0.17,2.8,21.2,59.1,27.3,9.1,0.14,2.8,12.5,7.7,23.1,15.4,0.16,3.2,18.3,5.3,26.3,21.1,0.15,3.1,19.2,10.0,25.0,25.0,0.13,2.2,15.4,6.2,12.5,25.0,0.15,2.9,13.5,7.1,7.1,0.0,0.17,3.6,14.6,50.0,27.8,5.6,0.15,2.8,14.6,11.1,50.0,16.7,0.18,3.2,20.3,16.0,16.0,32.0,0.15,3.1,17.1,4.8,14.3,33.3,0.17,3.5,17.1,19.0,28.6,0.0,0.19,3.6,16.3,5.0,15.0,0.0,0.16,3.1,25.7,82.1,7.1,3.6,0.11,2.7,14.7,18.8,37.5,18.8,0.12,2.8,17.4,15.8,21.1,31.6,0.13,3.3,14.7,12.5,18.8,31.2,0.12,2.3,15.6,23.5,29.4,29.4,0.15,3.5,11.9,15.4,23.1,0.0,0.15,4.8,0.0,0.0,0.0,0.0,0.0,0.0,0.0,0.0,0.0,0.0,0.0,0.0,0.0,0.0,0.0,0.0,0.0,0.0,0.0,0.0,0.0,0.0,0.0,0.0,0.0,0.0,0.0,0.0,0.0,0.0,0.0,0.0,0.0,0.0,0.0,0.0
20260810,16,9,5111,A2,26.0,51.0,6.0,46.43,5.4,33.06,23,31.52,58,34.76,3935,B1,48.0,55.0,5.35,36.59,5.16,29.89,59,27.37,45,36.36,4683,B2,35.0,47.0,3.47,19.61,5.0,37.5,31,37.7,75,35.62,4214,B1,42.0,57.0,5.56,34.29,5.8,38.73,39,37.43,70,34.13,3933,B1,50.0,53.0,5.97,45.71,5.63,42.41,67,33.52,71,43.75,4166,A1,44.0,53.0,7.91,60.87,7.68,67.19,61,34.08,42,35.37,14.7,71.4,14.3,0.0,0.19,3.8,17.9,29.4,17.6,17.6,0.13,2.7,17.9,5.9,29.4,23.5,0.19,3.2,17.9,23.5,23.5,23.5,0.12,2.4,14.7,14.3,14.3,0.0,0.14,3.1,16.8,12.5,6.2,0.0,0.16,3.3,11.1,62.5,12.5,12.5,0.14,2.6,22.2,37.5,18.8,0.0,0.16,3.9,13.9,10.0,30.0,30.0,0.15,2.9,13.9,10.0,20.0,30.0,0.17,3.2,15.3,18.2,0.0,0.0,0.15,3.2,23.6,11.8,17.6,0.0,0.2,4.6,0.0,0.0,0.0,0.0,0.0,0.0,0.0,0.0,0.0,0.0,0.0,0.0,8.7,25.0,25.0,0.0,0.15,2.5,6.5,0.0,0.0,0.0,0.24,5.7,21.7,50.0,0.0,0.0,0.13,2.4,63.0,10.3,13.8,6.9,0.12,2.8,21.5,52.2,26.1,8.7,0.15,3.0,13.1,14.3,28.6,21.4,0.19,3.9,15.0,6.2,6.2,25.0,0.15,3.1,16.8,11.1,16.7,33.3,0.16,2.9,17.8,5.3,5.3,21.1,0.16,3.1,15.9,11.8,17.6,0.0,0.17,4.2,14.0,33.3,20.0,13.3,0.17,4.1,43.9,12.8,27.7,6.4,0.17,3.6,31.8,23.5,23.5,0.0,0.18,3.3,9.3,40.0,0.0,0.0,0.17,4.5,0.9,0.0,0.0,0.0,0.24,2.0,0.0,0.0,0.0,0.0,0.0,0.0,21.4,75.0,21.4,3.6,0.13,2.4,16.0,19.0,28.6,19.0,0.14,3.0,13.7,11.1,38.9,16.7,0.12,2.9,16.8,13.6,18.2,31.8,0.12,2.7,17.6,8.7,4.3,17.4,0.11,2.7,14.5,5.3,5.3,31.6,0.13,3.1
20260810,16,10,3746,A2,51.0,52.0,5.68,35.59,6.03,44.51,68,32.77,26,37.42,4202,B1,44.0,55.0,4.28,21.05,4.76,28.1,16,38.42,52,34.76,5058,A1,29.0,52.0,6.58,44.53,6.47,46.34,17,37.99,64,37.89,3822,A1,53.0,50.0,6.23,42.31,6.69,49.15,30,36.36,73,31.48,4323,B1,39.0,56.0,5.73,45.26,5.86,47.41,60,44.57,63,31.97,4089,A2,45.0,55.0,6.17,41.75,6.45,41.22,53,33.9,59,30.81,20.7,63.3,20.0,3.3,0.15,3.3,14.5,9.5,23.8,38.1,0.18,3.3,17.9,3.8,30.8,23.1,0.16,3.4,18.6,7.4,22.2,14.8,0.2,4.2,15.2,13.6,31.8,0.0,0.18,4.3,13.1,10.5,21.1,0.0,0.21,4.8,16.0,66.7,13.3,0.0,0.15,2.9,16.0,6.7,26.7,0.0,0.17,3.5,20.2,26.3,10.5,0.0,0.17,3.9,13.8,7.7,38.5,15.4,0.19,3.6,16.0,6.7,20.0,0.0,0.2,4.5,18.1,5.9,5.9,0.0,0.23,5.5,20.5,91.7,0.0,0.0,0.14,2.3,20.5,29.2,37.5,16.7,0.18,3.5,17.1,35.0,25.0,15.0,0.16,2.9,10.3,25.0,16.7,33.3,0.17,3.0,17.9,19.0,9.5,28.6,0.16,3.7,13.7,6.2,12.5,43.8,0.21,4.6,22.2,68.2,9.1,13.6,0.13,3.2,20.2,40.0,35.0,0.0,0.16,4.1,12.1,25.0,8.3,25.0,0.17,4.1,17.2,11.8,29.4,17.6,0.17,3.4,15.2,6.7,40.0,13.3,0.15,3.1,13.1,7.7,23.1,0.0,0.16,3.9,12.8,66.7,16.7,0.0,0.16,3.1,21.3,5.0,10.0,20.0,0.18,3.4,13.8,30.8,15.4,0.0,0.15,2.5,18.1,23.5,29.4,11.8,0.16,3.0,19.1,16.7,11.1,0.0,0.15,3.0,14.9,28.6,0.0,0.0,0.2,4.7,19.3,66.7,14.8,7.4,0.15,3.0,15.0,9.5,28.6,28.6,0.15,3.0,17.1,16.7,25.0,16.7,0.15,3.1,17.9,8.0,12.0,36.0,0.17,3.5,14.3,15.0,45.0,0.0,0.19,3.8,16.4,8.7,17.4,0.0,0.17,4.0
20260810,16,11,4370,A1,39.0,52.0,5.92,40.96,6.53,51.8,20,47.73,68,36.97,4441,A2,39.0,53.0,5.57,31.3,6.37,43.38,62,38.33,38,42.35,4584,A1,36.0,52.0,6.38,41.3,6.99,54.0,18,30.98,15,41.82,4762,A1,36.0,50.0,7.31,54.46,7.54,59.35,35,46.93,30,36.09,4277,B1,43.0,52.0,4.69,29.49,4.78,29.41,41,32.39,50,36.84,4173,B1,43.0,56.0,5.41,35.64,5.45,46.81,36,35.03,18,31.25,20.7,69.6,8.7,8.7,0.13,2.8,14.4,12.5,37.5,18.8,0.14,2.7,25.2,32.1,28.6,10.7,0.13,2.6,17.1,26.3,5.3,26.3,0.15,3.5,10.8,16.7,16.7,16.7,0.15,3.2,11.7,23.1,0.0,0.0,0.14,4.3,20.6,48.1,29.6,7.4,0.12,2.4,14.5,42.1,26.3,15.8,0.12,2.5,18.3,20.8,20.8,33.3,0.16,2.8,17.6,13.0,47.8,0.0,0.13,3.3,14.5,15.8,10.5,10.5,0.16,2.7,14.5,5.3,10.5,36.8,0.14,3.3,23.9,57.7,23.1,7.7,0.1,2.0,13.8,13.3,33.3,20.0,0.14,2.7,11.9,30.8,38.5,0.0,0.12,2.1,16.5,5.6,22.2,38.9,0.1,2.8,19.3,4.8,28.6,28.6,0.12,2.2,14.7,25.0,25.0,0.0,0.12,2.4,21.7,76.0,8.0,8.0,0.14,3.0,16.5,15.8,36.8,5.3,0.12,2.5,16.5,15.8,26.3,36.8,0.13,2.4,13.0,13.3,6.7,46.7,0.14,3.2,13.0,26.7,26.7,0.0,0.11,3.1,19.1,9.1,9.1,18.2,0.12,3.0,17.1,53.8,23.1,7.7,0.15,2.5,13.2,10.0,30.0,20.0,0.16,4.1,11.8,11.1,22.2,11.1,0.17,2.7,18.4,7.1,14.3,7.1,0.19,3.2,15.8,25.0,8.3,0.0,0.17,3.1,23.7,16.7,5.6,5.6,0.14,2.6,15.7,50.0,25.0,0.0,0.17,3.9,19.6,15.0,25.0,10.0,0.16,4.0,16.7,11.8,23.5,17.6,0.19,3.7,18.6,10.5,21.1,10.5,0.18,4.3,17.6,16.7,27.8,0.0,0.17,3.5,11.8,16.7,16.7,0.0,0.14,3.0
20260810,16,12,4537,A1,36.0,50.0,7.34,54.1,6.62,44.76,49,38.98,14,31.52,4635,A2,36.0,52.0,5.77,41.1,5.24,34.69,38,34.95,13,31.17,4418,A1,39.0,53.0,7.61,50.85,8.39,76.84,34,31.11,17,35.88,4713,A1,35.0,54.0,6.64,47.06,6.9,51.18,69,35.96,65,34.55,3874,A2,50.0,52.0,6.96,50.85,6.45,47.24,63,32.61,31,38.18,3717,A2,51.0,56.0,5.44,29.89,5.08,34.62,37,29.48,36,33.33,20.6,74.1,18.5,3.7,0.15,2.8,19.8,34.6,26.9,3.8,0.14,2.9,13.0,11.8,23.5,23.5,0.15,3.1,18.3,16.7,12.5,20.8,0.12,2.4,16.8,13.6,22.7,22.7,0.15,2.9,11.5,6.7,33.3,0.0,0.19,3.9,14.1,66.7,8.3,8.3,0.15,2.8,18.8,12.5,18.8,12.5,0.11,2.2,18.8,25.0,43.8,6.2,0.13,2.1,16.5,35.7,21.4,0.0,0.12,2.1,18.8,25.0,6.2,0.0,0.12,2.1,12.9,9.1,18.2,0.0,0.14,3.0,25.7,82.1,7.1,3.6,0.11,2.7,14.7,18.8,37.5,18.8,0.12,2.8,17.4,15.8,21.1,31.6,0.13,3.3,14.7,12.5,18.8,31.2,0.12,2.3,15.6,23.5,29.4,29.4,0.15,3.5,11.9,15.4,23.1,0.0,0.15,4.8,22.2,80.6,8.3,8.3,0.12,2.0,13.6,18.2,27.3,18.2,0.15,3.1,17.3,17.9,21.4,32.1,0.13,2.6,14.2,17.4,30.4,39.1,0.13,2.7,18.5,13.3,16.7,20.0,0.14,2.6,14.2,21.7,21.7,0.0,0.15,3.1,20.8,64.0,24.0,8.0,0.17,3.0,15.0,16.7,27.8,5.6,0.16,3.4,18.3,18.2,13.6,22.7,0.16,3.3,16.7,20.0,15.0,35.0,0.17,3.1,12.5,13.3,13.3,26.7,0.18,3.8,16.7,5.0,15.0,15.0,0.2,4.2,15.3,46.2,7.7,30.8,0.16,3.1,21.2,33.3,27.8,0.0,0.2,4.1,16.5,7.1,28.6,21.4,0.18,3.5,11.8,20.0,30.0,0.0,0.2,2.6,17.6,20.0,6.7,20.0,0.17,3.5,17.6,6.7,6.7,13.3,0.19,4.3
20260810,15,1,5261,B1,28.0,51.0,3.93,17.81,3.8,16.0,26,32.38,30,5.0,3401,B1,58.0,54.0,4.31,23.4,4.72,29.55,6,32.69,50,26.67,5170,B1,25.0,51.0,5.21,29.63,4.08,15.38,41,29.27,38,50.0,4765,B1,36.0,51.0,4.32,17.65,4.46,25.0,60,42.2,22,23.53,3773,B1,52.0,58.0,3.91,19.23,4.31,7.69,44,27.18,59,26.32,5353,B1,21.0,51.0,2.79,10.42,0.0,0.0,4,29.81,39,45.45,11.6,50.0,40.0,0.0,0.14,3.3,20.9,5.6,11.1,5.6,0.17,4.0,18.6,6.2,25.0,12.5,0.15,2.9,20.9,5.6,22.2,0.0,0.2,3.6,11.6,20.0,20.0,0.0,0.21,3.6,16.3,7.1,0.0,0.0,0.22,4.1,13.5,42.9,14.3,14.3,0.18,3.5,18.3,5.3,26.3,21.1,0.2,4.4,20.2,9.5,23.8,9.5,0.21,4.5,14.4,13.3,20.0,0.0,0.23,5.1,19.2,5.0,10.0,10.0,0.24,4.4,14.4,13.3,0.0,0.0,0.23,5.1,14.2,53.3,20.0,13.3,0.16,2.8,20.8,4.5,31.8,4.5,0.15,3.4,19.8,9.5,23.8,23.8,0.16,3.8,13.2,14.3,21.4,0.0,0.13,3.1,16.0,11.8,11.8,0.0,0.13,3.0,16.0,5.9,17.6,0.0,0.16,3.9,16.8,43.8,6.2,18.8,0.14,2.8,14.7,14.3,35.7,7.1,0.13,2.3,16.8,18.8,18.8,18.8,0.14,1.9,21.1,10.0,5.0,5.0,0.14,2.7,16.8,6.2,12.5,12.5,0.1,2.5,13.7,7.7,7.7,0.0,0.11,2.3,12.9,27.3,18.2,18.2,0.13,2.5,21.2,27.8,22.2,0.0,0.16,2.8,16.5,7.1,7.1,21.4,0.14,3.2,15.3,7.7,30.8,0.0,0.15,3.2,22.4,10.5,0.0,0.0,0.18,3.3,11.8,20.0,0.0,0.0,0.18,3.7,2.5,50.0,0.0,0.0,0.01,1.0,3.7,33.3,0.0,0.0,0.11,3.7,4.9,25.0,0.0,0.0,0.16,1.8,16.0,7.7,0.0,0.0,0.18,3.4,29.6,12.5,0.0,0.0,0.18,3.5,43.2,2.9,5.7,2.9,0.17,3.4
20260810,15,2,4270,B1,44.0,57.0,4.79,27.63,4.56,22.22,31,29.38,58,28.57,4730,B1,37.0,47.0,5.01,25.71,3.0,0.0,29,46.12,66,45.0,3703,A2,52.0,51.0,6.18,45.92,5.8,40.0,28,35.82,49,33.33,5403,B2,22.0,52.0,2.26,3.03,3.67,11.11,66,32.14,64,17.65,4043,A2,46.0,55.0,5.72,39.33,6.54,57.69,54,41.44,61,50.0,5310,B1,21.0,47.0,4.42,13.33,2.96,8.0,51,34.51,19,31.25,14.6,66.7,8.3,8.3,0.12,2.0,19.5,6.2,18.8,12.5,0.17,3.3,15.9,7.7,30.8,0.0,0.17,3.0,15.9,7.7,15.4,23.1,0.21,4.0,17.1,7.1,21.4,0.0,0.2,3.9,17.1,21.4,7.1,0.0,0.22,3.9,17.0,43.8,12.5,25.0,0.15,2.4,19.1,5.6,27.8,16.7,0.18,3.5,16.0,13.3,26.7,20.0,0.13,2.1,23.4,13.6,9.1,18.2,0.19,3.5,13.8,7.7,15.4,15.4,0.18,3.4,10.6,10.0,30.0,0.0,0.19,4.5,20.4,50.0,20.0,15.0,0.19,3.6,19.4,15.8,21.1,5.3,0.19,3.8,18.4,16.7,27.8,27.8,0.18,3.9,19.4,15.8,21.1,21.1,0.16,3.4,18.4,5.6,22.2,16.7,0.18,3.7,4.1,0.0,0.0,0.0,0.21,5.3,0.0,0.0,0.0,0.0,0.0,0.0,0.0,0.0,0.0,0.0,0.0,0.0,0.0,0.0,0.0,0.0,0.0,0.0,1.3,0.0,0.0,0.0,0.18,5.0,22.7,5.9,0.0,0.0,0.18,4.1,76.0,3.5,0.0,0.0,0.21,4.4,21.8,45.5,18.2,22.7,0.17,3.0,15.8,6.2,31.2,18.8,0.17,3.6,16.8,17.6,17.6,29.4,0.17,3.2,16.8,5.9,11.8,35.3,0.15,3.7,16.8,11.8,5.9,23.5,0.16,3.7,11.9,8.3,16.7,0.0,0.21,4.1,11.4,33.3,33.3,0.0,0.2,3.9,19.0,13.3,26.7,0.0,0.19,3.4,21.5,5.9,17.6,23.5,0.12,2.4,13.9,9.1,9.1,9.1,0.14,3.1,16.5,23.1,0.0,0.0,0.14,2.8,17.7,14.3,7.1,0.0,0.19,4.6
20260810,15,3,4878,B1,31.0,47.0,4.52,21.84,4.6,20.0,10,29.65,32,15.79,4260,B1,42.0,53.0,5.49,39.66,5.49,36.51,16,33.66,60,30.0,4298,A2,43.0,54.0,5.99,40.17,6.1,36.67,52,38.53,23,25.0,4886,A2,30.0,53.0,6.18,34.41,6.44,44.44,1,32.21,43,22.22,4020,B1,46.0,67.0,4.14,24.69,4.4,27.37,36,36.56,29,25.0,4174,A1,43.0,51.0,6.47,42.74,6.12,36.73,20,51.22,56,23.53,15.5,18.2,18.2,27.3,0.16,3.0,16.9,8.3,8.3,50.0,0.17,3.9,18.3,15.4,23.1,0.0,0.15,2.5,22.5,12.5,6.2,12.5,0.17,2.6,15.5,18.2,9.1,0.0,0.19,3.4,11.3,12.5,0.0,0.0,0.18,3.8,15.4,50.0,31.2,6.2,0.16,3.5,17.3,11.1,22.2,11.1,0.19,4.2,14.4,20.0,13.3,6.7,0.2,4.7,15.4,18.8,12.5,18.8,0.19,3.9,21.2,27.3,13.6,0.0,0.19,4.5,16.3,5.9,0.0,0.0,0.19,4.2,21.1,63.0,25.9,3.7,0.15,3.2,18.0,13.0,47.8,26.1,0.15,3.2,16.4,4.8,38.1,28.6,0.16,3.0,18.0,8.7,13.0,30.4,0.18,3.8,15.6,10.0,25.0,0.0,0.17,4.1,10.9,14.3,21.4,0.0,0.2,4.9,11.2,53.8,15.4,15.4,0.12,3.1,19.0,9.1,22.7,13.6,0.13,3.5,19.0,9.1,40.9,18.2,0.14,3.0,14.7,11.8,23.5,23.5,0.15,3.3,19.0,4.5,40.9,0.0,0.14,3.2,17.2,5.0,5.0,25.0,0.18,4.4,13.6,46.7,6.7,20.0,0.17,2.9,15.5,5.9,23.5,17.6,0.17,3.7,18.2,5.0,20.0,10.0,0.17,3.6,15.5,17.6,17.6,0.0,0.19,4.1,22.7,4.0,8.0,16.0,0.16,3.3,14.5,6.2,12.5,12.5,0.2,4.8,24.1,67.6,5.9,11.8,0.16,3.0,14.2,5.0,30.0,40.0,0.15,2.8,19.1,11.1,18.5,33.3,0.14,3.1,17.0,16.7,20.8,25.0,0.15,3.2,22.0,6.5,19.4,19.4,0.15,3.5,3.5,20.0,20.0,20.0,0.15,3.4
20260810,15,4,3362,B1,57.0,55.0,4.94,29.79,5.43,33.33,25,32.04,44,22.22,3968,A2,50.0,53.0,5.28,29.49,5.23,27.27,48,44.7,51,22.22,5078,B1,28.0,46.0,4.61,24.68,3.26,17.39,21,31.9,18,15.38,5387,B2,20.0,52.0,1.39,0.0,1.22,0.0,59,35.59,16,26.32,4331,A2,42.0,54.0,6.05,43.24,6.09,38.96,63,23.56,48,20.0,4237,A1,42.0,52.0,7.02,47.92,6.67,50.0,33,28.92,63,11.11,17.7,47.1,23.5,23.5,0.18,3.3,38.5,5.4,37.8,16.2,0.21,4.1,26.0,4.0,16.0,8.0,0.19,3.9,17.7,11.8,23.5,5.9,0.2,3.8,0.0,0.0,0.0,0.0,0.0,0.0,0.0,0.0,0.0,0.0,0.0,0.0,19.0,56.5,17.4,17.4,0.14,2.8,15.7,21.1,15.8,21.1,0.18,3.9,15.7,15.8,15.8,31.6,0.16,2.9,15.7,5.3,10.5,52.6,0.19,3.3,16.5,5.0,15.0,30.0,0.19,3.8,17.4,4.8,33.3,0.0,0.24,5.2,13.3,53.8,23.1,0.0,0.17,3.4,20.4,5.0,45.0,5.0,0.17,3.1,16.3,6.2,18.8,31.2,0.16,2.8,17.3,5.9,11.8,17.6,0.19,3.5,16.3,6.2,25.0,0.0,0.23,4.4,16.3,6.2,6.2,0.0,0.21,4.1,0.0,0.0,0.0,0.0,0.0,0.0,0.0,0.0,0.0,0.0,0.0,0.0,0.0,0.0,0.0,0.0,0.0,0.0,17.1,0.0,0.0,0.0,0.25,4.3,23.7,5.6,0.0,0.0,0.19,3.8,59.2,0.0,0.0,0.0,0.19,3.8,20.5,69.6,13.0,8.7,0.13,1.9,16.1,5.6,50.0,16.7,0.15,2.8,12.5,7.1,35.7,28.6,0.15,3.4,17.9,10.0,5.0,30.0,0.17,2.8,21.4,8.3,4.2,16.7,0.17,3.4,11.6,7.7,23.1,0.0,0.23,5.2,24.0,71.0,12.9,6.5,0.14,2.5,13.2,29.4,35.3,17.6,0.15,3.7,15.5,30.0,30.0,5.0,0.14,2.7,22.5,20.7,17.2,27.6,0.13,2.9,13.2,5.9,17.6,11.8,0.16,3.7,11.6,13.3,13.3,26.7,0.15,2.9
20260810,15,5,4319,A2,41.0,54.0,5.63,33.62,6.26,44.68,46,36.0,65,30.0,4327,B1,43.0,52.0,3.95,19.78,2.8,10.0,57,36.44,35,26.32,4180,A2,43.0,56.0,5.24,29.81,4.32,26.32,35,29.63,17,31.58,4315,B1,42.0,52.0,5.17,32.26,5.44,33.33,55,35.0,24,55.0,4714,B1,35.0,48.0,4.66,22.08,4.49,16.33,17,28.92,57,27.78,4908,A1,31.0,53.0,6.9,43.4,8.3,70.0,7,42.36,14,43.75,16.9,60.0,20.0,5.0,0.15,2.7,16.1,10.5,31.6,36.8,0.19,3.6,16.9,5.0,45.0,10.0,0.16,3.1,11.0,15.4,15.4,23.1,0.15,3.4,22.9,7.4,11.1,22.2,0.18,3.8,16.1,21.1,5.3,0.0,0.22,5.5,15.2,18.8,37.5,25.0,0.17,3.9,14.3,6.7,40.0,0.0,0.19,4.1,20.0,19.0,23.8,0.0,0.19,3.6,18.1,26.3,0.0,0.0,0.19,4.0,21.0,4.5,13.6,0.0,0.21,4.0,11.4,16.7,0.0,0.0,0.22,4.8,17.6,55.6,16.7,5.6,0.18,3.8,12.7,23.1,23.1,23.1,0.16,3.7,20.6,14.3,19.0,28.6,0.18,3.4,17.6,22.2,16.7,16.7,0.17,3.2,17.6,16.7,11.1,22.2,0.15,3.1,13.7,28.6,0.0,0.0,0.19,4.2,12.5,66.7,0.0,0.0,0.18,3.7,15.6,13.3,6.7,6.7,0.2,4.6,21.9,19.0,23.8,23.8,0.17,3.5,16.7,12.5,18.8,6.2,0.18,3.1,19.8,5.3,21.1,0.0,0.19,4.1,13.5,7.7,0.0,0.0,0.18,4.2,12.5,33.3,8.3,25.0,0.14,2.6,20.8,30.0,20.0,0.0,0.16,3.6,16.7,6.2,25.0,12.5,0.14,3.3,20.8,5.0,20.0,40.0,0.18,4.0,16.7,6.2,6.2,25.0,0.19,3.5,12.5,25.0,0.0,0.0,0.2,4.8,23.3,89.3,10.7,0.0,0.13,2.7,13.3,12.5,12.5,25.0,0.12,2.7,15.8,10.5,15.8,31.6,0.15,3.4,20.0,20.8,20.8,20.8,0.14,3.0,13.3,12.5,18.8,0.0,0.19,4.8,14.2,29.4,23.5,0.0,0.19,4.2
20260810,15,6,4757,A1,37.0,52.0,6.62,43.97,6.98,48.15,24,39.02,53,31.58,4041,B1,47.0,54.0,4.17,19.77,3.69,18.52,22,31.48,9,30.77,3872,A2,50.0,53.0,6.38,46.43,6.11,42.11,27,37.75,15,36.84,3327,A2,58.0,52.0,6.12,41.9,3.73,13.33,45,38.53,40,31.58,4479,B1,38.0,46.0,3.59,13.56,2.88,0.0,37,32.3,20,31.58,5453,B2,20.0,52.0,1.95,4.55,2.1,10.0,9,32.69,55,47.62,22.4,73.3,10.0,6.7,0.14,2.8,14.9,15.0,35.0,30.0,0.16,3.8,17.9,20.8,20.8,16.7,0.15,2.7,15.7,14.3,28.6,28.6,0.15,3.0,18.7,8.0,28.0,32.0,0.14,3.0,10.4,14.3,7.1,14.3,0.16,3.6,11.2,11.1,33.3,11.1,0.18,3.9,21.2,11.8,17.6,11.8,0.22,4.7,17.5,7.1,7.1,35.7,0.19,3.9,23.8,5.3,15.8,10.5,0.2,4.4,20.0,18.8,0.0,0.0,0.2,4.3,6.2,0.0,0.0,0.0,0.29,6.0,22.6,69.2,7.7,7.7,0.19,3.4,17.4,10.0,25.0,30.0,0.2,3.9,17.4,10.0,20.0,35.0,0.17,2.9,13.9,12.5,25.0,12.5,0.2,3.9,16.5,15.8,36.8,10.5,0.16,3.0,12.2,21.4,0.0,0.0,0.18,4.0,19.8,60.0,16.0,12.0,0.15,2.5,21.4,14.8,29.6,18.5,0.18,3.4,26.2,9.1,18.2,15.2,0.14,2.4,26.2,12.1,30.3,12.1,0.19,3.5,4.8,16.7,16.7,0.0,0.12,2.6,1.6,50.0,0.0,0.0,0.22,4.0,11.0,50.0,12.5,12.5,0.16,2.5,16.4,8.3,16.7,0.0,0.22,4.3,21.9,6.2,18.8,18.8,0.17,3.2,20.5,6.7,13.3,20.0,0.16,3.3,20.5,13.3,0.0,0.0,0.21,3.3,9.6,0.0,0.0,0.0,0.27,4.9,0.0,0.0,0.0,0.0,0.0,0.0,0.0,0.0,0.0,0.0,0.0,0.0,0.0,0.0,0.0,0.0,0.0,0.0,0.0,0.0,0.0,0.0,0.0,0.0,0.0,0.0,0.0,0.0,0.0,0.0,0.0,0.0,0.0,0.0,0.0,0.0
20260810,15,7,4703,A1,38.0,52.0,6.7,56.64,0.0,0.0,53,34.51,34,47.62,4603,B1,38.0,53.0,5.84,41.25,4.81,25.0,43,29.41,52,45.0,3885,A2,52.0,53.0,5.3,31.96,5.36,32.14,39,31.1,25,40.74,3852,B1,53.0,52.0,4.87,25.33,5.0,32.0,19,27.32,45,13.33,5403,B2,22.0,52.0,2.26,3.03,3.67,11.11,66,32.14,64,17.65,4776,A1,32.0,52.0,6.94,50.0,6.69,48.65,62,33.18,41,57.14,20.9,58.3,20.8,12.5,0.14,2.2,15.7,16.7,27.8,22.2,0.16,3.0,13.9,25.0,25.0,12.5,0.18,3.1,20.9,20.8,33.3,4.2,0.14,3.3,17.4,25.0,30.0,0.0,0.17,4.0,11.3,7.7,15.4,7.7,0.16,3.1,13.5,64.3,14.3,14.3,0.16,2.4,17.3,11.1,22.2,11.1,0.15,2.8,18.3,36.8,10.5,0.0,0.13,2.2,17.3,5.6,11.1,38.9,0.15,2.8,19.2,5.0,10.0,5.0,0.17,2.9,14.4,6.7,20.0,0.0,0.17,3.7,16.8,77.8,11.1,5.6,0.14,2.9,19.6,23.8,28.6,4.8,0.18,3.6,21.5,4.3,30.4,30.4,0.17,3.4,16.8,5.6,22.2,22.2,0.16,3.6,10.3,9.1,36.4,0.0,0.17,3.8,15.0,12.5,0.0,0.0,0.2,3.9,13.6,44.4,33.3,0.0,0.2,4.3,19.7,23.1,0.0,0.0,0.23,4.4,13.6,11.1,0.0,0.0,0.16,3.6,13.6,22.2,0.0,0.0,0.19,3.6,22.7,13.3,6.7,6.7,0.19,3.5,16.7,9.1,18.2,0.0,0.28,4.7,0.0,0.0,0.0,0.0,0.0,0.0,0.0,0.0,0.0,0.0,0.0,0.0,0.0,0.0,0.0,0.0,0.0,0.0,1.3,0.0,0.0,0.0,0.18,5.0,22.7,5.9,0.0,0.0,0.18,4.1,76.0,3.5,0.0,0.0,0.21,4.4,22.7,75.0,12.5,3.1,0.13,2.7,17.0,29.2,37.5,20.8,0.15,2.8,16.3,21.7,43.5,26.1,0.16,2.7,12.8,38.9,5.6,0.0,0.19,3.4,17.7,8.0,4.0,28.0,0.16,3.8,13.5,31.6,0.0,0.0,0.16,3.4
20260810,15,8,4331,A2,42.0,54.0,6.05,43.24,6.09,38.96,63,23.56,48,20.0,4272,B1,44.0,58.0,5.02,29.76,5.46,38.46,40,31.96,54,55.0,4015,A2,46.0,59.0,5.76,33.63,5.02,26.09,32,40.87,62,47.06,5261,B1,28.0,51.0,3.93,17.81,3.8,16.0,26,32.38,30,5.0,4174,A1,43.0,51.0,6.47,42.74,6.12,36.73,20,51.22,56,23.53,3703,A2,52.0,51.0,6.18,45.92,5.8,40.0,28,35.82,49,33.33,20.5,69.6,13.0,8.7,0.13,1.9,16.1,5.6,50.0,16.7,0.15,2.8,12.5,7.1,35.7,28.6,0.15,3.4,17.9,10.0,5.0,30.0,0.17,2.8,21.4,8.3,4.2,16.7,0.17,3.4,11.6,7.7,23.1,0.0,0.23,5.2,9.9,37.5,25.0,0.0,0.14,3.0,18.5,13.3,20.0,26.7,0.15,2.8,21.0,23.5,17.6,0.0,0.15,2.8,14.8,16.7,8.3,33.3,0.18,3.5,17.3,7.1,7.1,0.0,0.17,3.9,18.5,6.7,6.7,0.0,0.21,5.0,19.2,64.0,20.0,12.0,0.16,2.9,16.2,14.3,38.1,23.8,0.16,3.2,16.2,9.5,33.3,23.8,0.16,2.9,14.6,21.1,36.8,0.0,0.17,2.4,19.2,8.0,12.0,24.0,0.16,3.2,14.6,5.3,5.3,21.1,0.18,3.7,11.6,50.0,40.0,0.0,0.14,3.3,20.9,5.6,11.1,5.6,0.17,4.0,18.6,6.2,25.0,12.5,0.15,2.9,20.9,5.6,22.2,0.0,0.2,3.6,11.6,20.0,20.0,0.0,0.21,3.6,16.3,7.1,0.0,0.0,0.22,4.1,24.1,67.6,5.9,11.8,0.16,3.0,14.2,5.0,30.0,40.0,0.15,2.8,19.1,11.1,18.5,33.3,0.14,3.1,17.0,16.7,20.8,25.0,0.15,3.2,22.0,6.5,19.4,19.4,0.15,3.5,3.5,20.0,20.0,20.0,0.15,3.4,20.4,50.0,20.0,15.0,0.19,3.6,19.4,15.8,21.1,5.3,0.19,3.8,18.4,16.7,27.8,27.8,0.18,3.9,19.4,15.8,21.1,21.1,0.16,3.4,18.4,5.6,22.2,16.7,0.18,3.7,4.1,0.0,0.0,0.0,0.21,5.3
20260810,15,9,4908,A1,31.0,53.0,6.9,43.4,8.3,70.0,7,42.36,14,43.75,4043,A2,46.0,55.0,5.72,39.33,6.54,57.69,54,41.44,61,50.0,4765,B1,36.0,51.0,4.32,17.65,4.46,25.0,60,42.2,22,23.53,3401,B1,58.0,54.0,4.31,23.4,4.72,29.55,6,32.69,50,26.67,4260,B1,42.0,53.0,5.49,39.66,5.49,36.51,16,33.66,60,30.0,4319,A2,41.0,54.0,5.63,33.62,6.26,44.68,46,36.0,65,30.0,23.3,89.3,10.7,0.0,0.13,2.7,13.3,12.5,12.5,25.0,0.12,2.7,15.8,10.5,15.8,31.6,0.15,3.4,20.0,20.8,20.8,20.8,0.14,3.0,13.3,12.5,18.8,0.0,0.19,4.8,14.2,29.4,23.5,0.0,0.19,4.2,21.8,45.5,18.2,22.7,0.17,3.0,15.8,6.2,31.2,18.8,0.17,3.6,16.8,17.6,17.6,29.4,0.17,3.2,16.8,5.9,11.8,35.3,0.15,3.7,16.8,11.8,5.9,23.5,0.16,3.7,11.9,8.3,16.7,0.0,0.21,4.1,16.8,43.8,6.2,18.8,0.14,2.8,14.7,14.3,35.7,7.1,0.13,2.3,16.8,18.8,18.8,18.8,0.14,1.9,21.1,10.0,5.0,5.0,0.14,2.7,16.8,6.2,12.5,12.5,0.1,2.5,13.7,7.7,7.7,0.0,0.11,2.3,13.5,42.9,14.3,14.3,0.18,3.5,18.3,5.3,26.3,21.1,0.2,4.4,20.2,9.5,23.8,9.5,0.21,4.5,14.4,13.3,20.0,0.0,0.23,5.1,19.2,5.0,10.0,10.0,0.24,4.4,14.4,13.3,0.0,0.0,0.23,5.1,15.4,50.0,31.2,6.2,0.16,3.5,17.3,11.1,22.2,11.1,0.19,4.2,14.4,20.0,13.3,6.7,0.2,4.7,15.4,18.8,12.5,18.8,0.19,3.9,21.2,27.3,13.6,0.0,0.19,4.5,16.3,5.9,0.0,0.0,0.19,4.2,16.9,60.0,20.0,5.0,0.15,2.7,16.1,10.5,31.6,36.8,0.19,3.6,16.9,5.0,45.0,10.0,0.16,3.1,11.0,15.4,15.4,23.1,0.15,3.4,22.9,7.4,11.1,22.2,0.18,3.8,16.1,21.1,5.3,0.0,0.22,5.5
20260810,15,10,4237,A1,42.0,52.0,7.02,47.92,6.67,50.0,33,28.92,63,11.11,4757,A1,37.0,52.0,6.62,43.97,6.98,48.15,24,39.02,53,31.58,4886,A2,30.0,53.0,6.18,34.41,6.44,44.44,1,32.21,43,22.22,4180,A2,43.0,56.0,5.24,29.81,4.32,26.32,35,29.63,17,31.58,4730,B1,37.0,47.0,5.01,25.71,3.0,0.0,29,46.12,66,45.0,3362,B1,57.0,55.0,4.94,29.79,5.43,33.33,25,32.04,44,22.22,24.0,71.0,12.9,6.5,0.14,2.5,13.2,29.4,35.3,17.6,0.15,3.7,15.5,30.0,30.0,5.0,0.14,2.7,22.5,20.7,17.2,27.6,0.13,2.9,13.2,5.9,17.6,11.8,0.16,3.7,11.6,13.3,13.3,26.7,0.15,2.9,22.4,73.3,10.0,6.7,0.14,2.8,14.9,15.0,35.0,30.0,0.16,3.8,17.9,20.8,20.8,16.7,0.15,2.7,15.7,14.3,28.6,28.6,0.15,3.0,18.7,8.0,28.0,32.0,0.14,3.0,10.4,14.3,7.1,14.3,0.16,3.6,11.2,53.8,15.4,15.4,0.12,3.1,19.0,9.1,22.7,13.6,0.13,3.5,19.0,9.1,40.9,18.2,0.14,3.0,14.7,11.8,23.5,23.5,0.15,3.3,19.0,4.5,40.9,0.0,0.14,3.2,17.2,5.0,5.0,25.0,0.18,4.4,17.6,55.6,16.7,5.6,0.18,3.8,12.7,23.1,23.1,23.1,0.16,3.7,20.6,14.3,19.0,28.6,0.18,3.4,17.6,22.2,16.7,16.7,0.17,3.2,17.6,16.7,11.1,22.2,0.15,3.1,13.7,28.6,0.0,0.0,0.19,4.2,17.0,43.8,12.5,25.0,0.15,2.4,19.1,5.6,27.8,16.7,0.18,3.5,16.0,13.3,26.7,20.0,0.13,2.1,23.4,13.6,9.1,18.2,0.19,3.5,13.8,7.7,15.4,15.4,0.18,3.4,10.6,10.0,30.0,0.0,0.19,4.5,17.7,47.1,23.5,23.5,0.18,3.3,38.5,5.4,37.8,16.2,0.21,4.1,26.0,4.0,16.0,8.0,0.19,3.9,17.7,11.8,23.5,5.9,0.2,3.8,0.0,0.0,0.0,0.0,0.0,0.0,0.0,0.0,0.0,0.0,0.0,0.0
20260810,15,11,4776,A1,32.0,52.0,6.94,50.0,6.69,48.65,62,33.18,41,57.14,4703,A1,38.0,52.0,6.7,56.64,0.0,0.0,53,34.51,34,47.62,3327,A2,58.0,52.0,6.12,41.9,3.73,13.33,45,38.53,40,31.58,4298,A2,43.0,54.0,5.99,40.17,6.1,36.67,52,38.53,23,25.0,3968,A2,50.0,53.0,5.28,29.49,5.23,27.27,48,44.7,51,22.22,4270,B1,44.0,57.0,4.79,27.63,4.56,22.22,31,29.38,58,28.57,22.7,75.0,12.5,3.1,0.13,2.7,17.0,29.2,37.5,20.8,0.15,2.8,16.3,21.7,43.5,26.1,0.16,2.7,12.8,38.9,5.6,0.0,0.19,3.4,17.7,8.0,4.0,28.0,0.16,3.8,13.5,31.6,0.0,0.0,0.16,3.4,20.9,58.3,20.8,12.5,0.14,2.2,15.7,16.7,27.8,22.2,0.16,3.0,13.9,25.0,25.0,12.5,0.18,3.1,20.9,20.8,33.3,4.2,0.14,3.3,17.4,25.0,30.0,0.0,0.17,4.0,11.3,7.7,15.4,7.7,0.16,3.1,19.8,60.0,16.0,12.0,0.15,2.5,21.4,14.8,29.6,18.5,0.18,3.4,26.2,9.1,18.2,15.2,0.14,2.4,26.2,12.1,30.3,12.1,0.19,3.5,4.8,16.7,16.7,0.0,0.12,2.6,1.6,50.0,0.0,0.0,0.22,4.0,21.1,63.0,25.9,3.7,0.15,3.2,18.0,13.0,47.8,26.1,0.15,3.2,16.4,4.8,38.1,28.6,0.16,3.0,18.0,8.7,13.0,30.4,0.18,3.8,15.6,10.0,25.0,0.0,0.17,4.1,10.9,14.3,21.4,0.0,0.2,4.9,19.0,56.5,17.4,17.4,0.14,2.8,15.7,21.1,15.8,21.1,0.18,3.9,15.7,15.8,15.8,31.6,0.16,2.9,15.7,5.3,10.5,52.6,0.19,3.3,16.5,5.0,15.0,30.0,0.19,3.8,17.4,4.8,33.3,0.0,0.24,5.2,14.6,66.7,8.3,8.3,0.12,2.0,19.5,6.2,18.8,12.5,0.17,3.3,15.9,7.7,30.8,0.0,0.17,3.0,15.9,7.7,15.4,23.1,0.21,4.0,17.1,7.1,21.4,0.0,0.2,3.9,17.1,21.4,7.1,0.0,0.22,3.9
20260810,15,12,5310,B1,21.0,47.0,4.42,13.33,2.96,8.0,51,34.51,19,31.25,4479,B1,38.0,46.0,3.59,13.56,2.88,0.0,37,32.3,20,31.58,4714,B1,35.0,48.0,4.66,22.08,4.49,16.33,17,28.92,57,27.78,4878,B1,31.0,47.0,4.52,21.84,4.6,20.0,10,29.65,32,15.79,5387,B2,20.0,52.0,1.39,0.0,1.22,0.0,59,35.59,16,26.32,5078,B1,28.0,46.0,4.61,24.68,3.26,17.39,21,31.9,18,15.38,11.4,33.3,33.3,0.0,0.2,3.9,19.0,13.3,26.7,0.0,0.19,3.4,21.5,5.9,17.6,23.5,0.12,2.4,13.9,9.1,9.1,9.1,0.14,3.1,16.5,23.1,0.0,0.0,0.14,2.8,17.7,14.3,7.1,0.0,0.19,4.6,11.0,50.0,12.5,12.5,0.16,2.5,16.4,8.3,16.7,0.0,0.22,4.3,21.9,6.2,18.8,18.8,0.17,3.2,20.5,6.7,13.3,20.0,0.16,3.3,20.5,13.3,0.0,0.0,0.21,3.3,9.6,0.0,0.0,0.0,0.27,4.9,12.5,33.3,8.3,25.0,0.14,2.6,20.8,30.0,20.0,0.0,0.16,3.6,16.7,6.2,25.0,12.5,0.14,3.3,20.8,5.0,20.0,40.0,0.18,4.0,16.7,6.2,6.2,25.0,0.19,3.5,12.5,25.0,0.0,0.0,0.2,4.8,15.5,18.2,18.2,27.3,0.16,3.0,16.9,8.3,8.3,50.0,0.17,3.9,18.3,15.4,23.1,0.0,0.15,2.5,22.5,12.5,6.2,12.5,0.17,2.6,15.5,18.2,9.1,0.0,0.19,3.4,11.3,12.5,0.0,0.0,0.18,3.8,0.0,0.0,0.0,0.0,0.0,0.0,0.0,0.0,0.0,0.0,0.0,0.0,0.0,0.0,0.0,0.0,0.0,0.0,17.1,0.0,0.0,0.0,0.25,4.3,23.7,5.6,0.0,0.0,0.19,3.8,59.2,0.0,0.0,0.0,0.19,3.8,13.3,53.8,23.1,0.0,0.17,3.4,20.4,5.0,45.0,5.0,0.17,3.1,16.3,6.2,18.8,31.2,0.16,2.8,17.3,5.9,11.8,17.6,0.19,3.5,16.3,6.2,25.0,0.0,0.23,4.4,16.3,6.2,6.2,0.0,0.21,4.1
20260810,14,1,4732,A2,37.0,54.0,6.91,51.38,6.16,42.18,76,28.07,29,39.62,3616,B1,53.0,54.0,4.95,27.03,0.0,0.0,38,36.67,23,34.92,3950,B1,50.0,56.0,3.79,21.79,4.34,28.13,55,42.37,69,31.67,3305,B1,58.0,53.0,3.78,16.22,4.65,25.81,83,28.57,50,44.64,5343,B1,23.0,52.0,3.9,18.99,2.82,9.09,32,30.51,37,39.62,5388,B1,19.0,53.0,3.92,17.65,4.25,20.9,65,42.11,28,48.21,19.2,75.0,16.7,4.2,0.12,2.1,17.6,18.2,31.8,22.7,0.11,3.0,13.6,17.6,29.4,23.5,0.12,1.9,15.2,5.3,10.5,21.1,0.11,2.8,21.6,18.5,25.9,0.0,0.12,2.6,12.8,6.2,25.0,0.0,0.13,2.5,14.9,61.5,7.7,0.0,0.15,2.0,12.6,18.2,0.0,0.0,0.18,3.5,20.7,11.1,33.3,11.1,0.14,2.4,20.7,16.7,16.7,16.7,0.15,2.4,14.9,23.1,38.5,0.0,0.18,3.9,16.1,7.1,21.4,21.4,0.17,3.3,14.7,6.7,6.7,13.3,0.16,3.2,22.5,4.3,21.7,13.0,0.15,2.5,14.7,13.3,26.7,26.7,0.15,2.2,15.7,12.5,6.2,37.5,0.13,2.6,18.6,5.3,5.3,0.0,0.16,3.2,13.7,21.4,0.0,0.0,0.16,3.1,19.0,62.5,12.5,6.2,0.18,3.5,17.9,20.0,6.7,0.0,0.17,3.5,13.1,27.3,27.3,0.0,0.17,3.2,16.7,7.1,14.3,0.0,0.16,2.7,19.0,12.5,6.2,0.0,0.16,2.6,14.3,8.3,0.0,0.0,0.18,3.9,0.0,0.0,0.0,0.0,0.0,0.0,0.0,0.0,0.0,0.0,0.0,0.0,0.0,0.0,0.0,0.0,0.0,0.0,39.6,11.1,13.9,0.0,0.17,3.4,27.5,4.0,16.0,28.0,0.15,3.0,33.0,16.7,13.3,0.0,0.15,3.3,0.0,0.0,0.0,0.0,0.0,0.0,0.0,0.0,0.0,0.0,0.0,0.0,1.8,50.0,0.0,0.0,0.1,1.5,28.9,15.2,24.2,12.1,0.14,2.8,21.1,8.3,12.5,33.3,0.15,2.8,48.2,1.8,9.1,14.5,0.14,2.8
20260810,14,2,3584,B1,53.0,53.0,5.17,36.17,4.69,25.0,70,41.67,31,29.51,4343,B1,41.0,54.0,4.83,22.11,4.36,16.67,61,30.51,64,36.23,4596,A2,43.0,52.0,5.87,36.75,6.32,46.99,79,52.83,78,30.77,3458,B1,59.0,55.0,3.82,14.29,3.94,13.89,80,27.54,26,37.1,5423,B2,24.0,50.0,1.22,0.0,1.09,0.0,17,32.31,77,56.25,5016,A1,28.0,54.0,6.62,38.2,6.1,41.94,29,50.0,51,30.77,15.7,29.4,35.3,5.9,0.16,2.9,15.7,5.9,23.5,11.8,0.17,3.1,19.4,9.5,28.6,9.5,0.2,3.8,18.5,15.0,20.0,20.0,0.17,3.7,19.4,4.8,14.3,23.8,0.16,3.4,11.1,8.3,16.7,0.0,0.19,3.3,14.6,53.8,15.4,7.7,0.15,3.6,15.7,21.4,35.7,0.0,0.18,3.8,23.6,4.8,23.8,9.5,0.16,3.2,12.4,9.1,45.5,0.0,0.19,3.3,20.2,11.1,11.1,0.0,0.17,3.4,13.5,8.3,0.0,0.0,0.18,3.9,16.9,66.7,19.0,4.8,0.13,3.0,16.9,23.8,38.1,23.8,0.15,3.7,16.9,14.3,38.1,14.3,0.16,2.9,17.7,9.1,31.8,0.0,0.17,4.0,15.3,5.3,10.5,21.1,0.15,2.7,16.1,10.0,35.0,0.0,0.17,3.6,13.0,40.0,20.0,10.0,0.17,2.6,19.5,20.0,20.0,26.7,0.12,2.7,23.4,11.1,5.6,22.2,0.14,2.8,13.0,20.0,0.0,0.0,0.2,4.3,18.2,7.1,0.0,0.0,0.17,3.1,13.0,0.0,0.0,0.0,0.21,4.1,0.0,0.0,0.0,0.0,0.0,0.0,0.0,0.0,0.0,0.0,0.0,0.0,0.0,0.0,0.0,0.0,0.0,0.0,0.0,0.0,0.0,0.0,0.0,0.0,0.0,0.0,0.0,0.0,0.0,0.0,100.0,0.0,0.0,0.0,0.22,4.3,21.1,73.1,7.7,3.8,0.13,2.3,17.1,33.3,28.6,19.0,0.15,3.1,15.4,26.3,21.1,21.1,0.14,2.2,16.3,20.0,10.0,40.0,0.13,2.4,10.6,7.7,7.7,30.8,0.14,2.8,19.5,4.2,37.5,0.0,0.17,4.0
20260810,14,3,3853,A2,53.0,54.0,5.83,34.58,5.38,34.38,62,37.1,72,34.78,4865,B2,36.0,52.0,3.47,13.33,3.95,20.0,54,37.5,16,48.15,3477,B1,55.0,52.0,3.52,9.59,4.69,27.03,63,34.33,52,37.1,4839,A2,36.0,52.0,6.01,43.22,6.11,46.53,66,35.85,10,43.55,4374,B1,42.0,52.0,4.58,28.26,6.35,47.06,67,46.0,11,42.25,3282,B1,59.0,52.0,4.52,21.88,3.19,12.5,57,45.0,70,38.89,19.3,78.3,13.0,4.3,0.17,3.0,13.4,50.0,25.0,0.0,0.2,4.1,18.5,9.1,13.6,27.3,0.18,3.5,18.5,22.7,27.3,0.0,0.2,4.1,16.8,5.0,20.0,0.0,0.22,4.8,13.4,6.2,12.5,0.0,0.23,5.3,15.8,44.4,11.1,11.1,0.11,2.8,19.3,9.1,45.5,0.0,0.17,3.4,21.1,16.7,8.3,0.0,0.17,3.6,15.8,33.3,0.0,0.0,0.21,3.0,14.0,25.0,0.0,0.0,0.16,3.3,14.0,12.5,25.0,0.0,0.2,4.0,12.0,25.0,16.7,16.7,0.17,4.3,19.0,5.3,5.3,21.1,0.2,4.4,17.0,11.8,17.6,0.0,0.18,4.1,20.0,5.0,5.0,20.0,0.2,3.2,18.0,5.6,33.3,0.0,0.18,3.3,14.0,7.1,0.0,0.0,0.2,4.4,20.0,50.0,15.0,0.0,0.13,2.7,19.0,26.3,26.3,21.1,0.13,2.4,15.0,13.3,33.3,13.3,0.16,3.0,15.0,6.7,26.7,26.7,0.15,2.6,18.0,11.1,27.8,0.0,0.19,3.7,13.0,7.7,30.8,0.0,0.14,3.7,12.4,36.4,18.2,27.3,0.17,2.8,20.2,5.6,33.3,16.7,0.13,2.8,21.3,5.3,26.3,21.1,0.17,2.7,13.5,8.3,25.0,16.7,0.13,2.3,24.7,18.2,0.0,0.0,0.13,3.6,7.9,14.3,0.0,0.0,0.21,4.9,15.4,43.8,25.0,0.0,0.17,2.9,21.2,31.8,27.3,0.0,0.19,4.0,18.3,15.8,15.8,0.0,0.18,3.8,19.2,5.0,15.0,0.0,0.18,4.6,15.4,12.5,0.0,0.0,0.22,4.8,10.6,9.1,0.0,0.0,0.29,5.4
20260810,14,4,3757,A2,54.0,52.0,5.53,37.84,5.08,23.08,12,32.26,83,40.0,4564,B1,38.0,52.0,4.58,22.77,4.92,30.77,82,70.59,67,39.66,5249,B1,24.0,53.0,5.17,29.33,5.36,33.88,16,35.38,68,27.59,4000,A2,49.0,56.0,6.07,43.94,5.56,32.93,77,35.48,19,31.03,3523,B1,57.0,52.0,4.33,19.4,4.0,14.29,78,36.07,14,34.69,4167,B1,44.0,57.0,4.13,17.33,4.79,26.92,74,31.67,17,38.33,15.9,41.2,11.8,35.3,0.14,2.9,17.8,10.5,47.4,21.1,0.15,2.5,16.8,5.6,16.7,27.8,0.18,3.1,17.8,10.5,21.1,15.8,0.16,3.1,21.5,4.3,17.4,26.1,0.17,3.5,10.3,9.1,9.1,0.0,0.16,3.1,15.4,25.0,31.2,25.0,0.18,3.9,12.5,7.7,53.8,7.7,0.19,4.2,21.2,4.5,31.8,18.2,0.18,3.6,20.2,4.8,19.0,23.8,0.19,4.2,18.3,10.5,21.1,0.0,0.22,4.4,12.5,7.7,0.0,0.0,0.19,4.8,17.9,42.1,15.8,21.1,0.17,3.1,17.0,11.1,27.8,33.3,0.13,2.9,14.2,33.3,20.0,13.3,0.17,2.9,15.1,12.5,25.0,0.0,0.17,2.8,15.1,6.2,6.2,18.8,0.15,2.8,20.8,9.1,4.5,9.1,0.18,3.4,22.1,62.5,25.0,6.2,0.15,2.6,15.2,13.6,40.9,13.6,0.17,4.0,19.3,14.3,35.7,14.3,0.18,3.7,15.2,18.2,36.4,0.0,0.18,4.0,15.9,4.3,39.1,0.0,0.17,3.3,12.4,11.1,27.8,0.0,0.18,4.5,12.9,27.3,54.5,0.0,0.19,2.9,15.3,23.1,30.8,0.0,0.19,3.7,21.2,5.6,16.7,22.2,0.2,4.1,16.5,7.1,7.1,7.1,0.23,3.7,18.8,12.5,18.8,0.0,0.16,3.8,15.3,7.7,23.1,0.0,0.22,5.0,13.3,15.4,7.7,15.4,0.17,3.7,17.3,5.9,35.3,0.0,0.18,2.9,15.3,20.0,6.7,0.0,0.13,3.1,17.3,5.9,11.8,29.4,0.16,2.5,16.3,18.8,25.0,0.0,0.16,3.4,20.4,10.0,5.0,0.0,0.16,3.4
20260810,14,5,3572,B1,54.0,55.0,5.27,31.07,0.0,0.0,24,31.03,18,35.59,5343,B1,23.0,52.0,3.9,18.99,2.82,9.09,32,30.51,37,39.62,4704,A1,38.0,52.0,6.6,49.21,6.58,49.32,31,39.34,12,33.85,4708,B1,37.0,56.0,4.03,17.74,3.73,13.64,33,41.82,60,32.2,5154,B1,30.0,53.0,4.84,27.66,3.67,16.67,71,41.82,55,29.51,3361,B1,57.0,52.0,3.97,20.55,4.31,22.22,34,30.3,38,27.59,18.7,36.0,20.0,8.0,0.17,3.6,17.9,20.8,20.8,0.0,0.2,4.1,16.4,4.5,22.7,18.2,0.17,3.4,19.4,7.7,7.7,26.9,0.24,4.3,14.9,15.0,0.0,0.0,0.22,4.6,12.7,0.0,0.0,0.0,0.22,5.5,0.0,0.0,0.0,0.0,0.0,0.0,0.0,0.0,0.0,0.0,0.0,0.0,0.0,0.0,0.0,0.0,0.0,0.0,39.6,11.1,13.9,0.0,0.17,3.4,27.5,4.0,16.0,28.0,0.15,3.0,33.0,16.7,13.3,0.0,0.15,3.3,18.8,74.1,14.8,3.7,0.14,2.6,18.1,15.4,23.1,11.5,0.14,3.0,17.4,20.0,28.0,16.0,0.12,2.2,16.7,12.5,33.3,25.0,0.14,2.9,13.9,25.0,35.0,0.0,0.15,3.1,15.3,4.5,27.3,13.6,0.14,3.0,11.8,9.1,18.2,9.1,0.17,3.9,17.2,6.2,12.5,6.2,0.17,4.1,17.2,6.2,37.5,0.0,0.21,3.6,20.4,5.3,15.8,10.5,0.17,3.2,26.9,12.0,20.0,0.0,0.17,3.8,6.5,16.7,0.0,0.0,0.25,4.8,12.6,50.0,7.1,28.6,0.17,2.6,16.2,11.1,16.7,33.3,0.16,3.4,22.5,20.0,8.0,24.0,0.16,3.1,11.7,7.7,15.4,0.0,0.2,3.6,21.6,8.3,12.5,0.0,0.21,4.1,15.3,5.9,17.6,0.0,0.18,4.2,15.6,28.6,35.7,7.1,0.15,2.2,18.9,5.9,29.4,17.6,0.2,3.4,18.9,5.9,5.9,11.8,0.18,3.0,12.2,9.1,18.2,0.0,0.21,4.1,15.6,21.4,14.3,0.0,0.15,3.6,18.9,5.9,0.0,0.0,0.23,4.8
20260810,14,6,5199,B1,24.0,55.0,4.65,27.38,5.08,29.94,14,42.19,54,40.0,3305,B1,58.0,53.0,3.78,16.22,4.65,25.81,83,28.57,50,44.64,4039,B1,47.0,57.0,5.55,41.9,4.76,28.0,59,38.89,27,35.42,3616,B1,53.0,54.0,4.95,27.03,0.0,0.0,38,36.67,23,34.92,4367,B1,40.0,53.0,4.26,16.67,4.48,21.74,22,29.17,24,33.9,3841,A2,50.0,56.0,6.48,49.59,5.91,41.14,51,35.19,59,39.06,14.8,46.2,23.1,7.7,0.12,2.9,17.0,13.3,13.3,40.0,0.11,1.8,18.2,25.0,18.8,12.5,0.09,2.0,11.4,20.0,0.0,0.0,0.11,1.5,21.6,15.8,10.5,15.8,0.09,1.9,17.0,6.7,13.3,13.3,0.13,2.4,19.0,62.5,12.5,6.2,0.18,3.5,17.9,20.0,6.7,0.0,0.17,3.5,13.1,27.3,27.3,0.0,0.17,3.2,16.7,7.1,14.3,0.0,0.16,2.7,19.0,12.5,6.2,0.0,0.16,2.6,14.3,8.3,0.0,0.0,0.18,3.9,18.6,45.5,18.2,13.6,0.17,3.5,12.7,40.0,26.7,0.0,0.14,3.1,18.6,27.3,13.6,0.0,0.16,3.2,16.1,10.5,10.5,15.8,0.14,2.5,17.8,4.8,9.5,19.0,0.13,2.0,16.1,21.1,0.0,0.0,0.17,3.3,14.9,61.5,7.7,0.0,0.15,2.0,12.6,18.2,0.0,0.0,0.18,3.5,20.7,11.1,33.3,11.1,0.14,2.4,20.7,16.7,16.7,16.7,0.15,2.4,14.9,23.1,38.5,0.0,0.18,3.9,16.1,7.1,21.4,21.4,0.17,3.3,15.1,9.1,27.3,18.2,0.18,3.5,15.1,9.1,36.4,0.0,0.18,4.1,17.8,15.4,38.5,0.0,0.19,3.8,17.8,15.4,0.0,0.0,0.28,5.8,17.8,30.8,0.0,0.0,0.26,4.7,16.4,16.7,0.0,0.0,0.26,5.1,18.6,47.4,31.6,10.5,0.14,2.6,17.6,11.1,27.8,5.6,0.16,3.7,16.7,11.8,29.4,35.3,0.18,2.8,15.7,18.8,31.2,0.0,0.14,3.4,13.7,7.1,21.4,14.3,0.16,3.4,17.6,5.6,38.9,0.0,0.17,3.9
20260810,14,7,4247,B1,44.0,55.0,5.37,31.71,5.63,33.6,30,42.37,32,34.0,3743,A1,51.0,52.0,5.29,39.47,6.54,49.03,37,46.3,56,39.29,4343,B1,41.0,54.0,4.83,22.11,4.36,16.67,61,30.51,64,36.23,3584,B1,53.0,53.0,5.17,36.17,4.69,25.0,70,41.67,31,29.51,5388,B1,19.0,53.0,3.92,17.65,4.25,20.9,65,42.11,28,48.21,3477,B1,55.0,52.0,3.52,9.59,4.69,27.03,63,34.33,52,37.1,10.2,50.0,10.0,0.0,0.16,3.5,22.4,13.6,22.7,4.5,0.2,3.7,17.3,11.8,23.5,23.5,0.15,2.7,18.4,16.7,5.6,33.3,0.13,2.8,18.4,11.1,22.2,0.0,0.17,3.1,13.3,7.7,7.7,30.8,0.18,4.2,26.7,51.9,25.9,0.0,0.14,2.8,21.8,18.2,31.8,9.1,0.13,2.8,19.8,25.0,30.0,20.0,0.15,2.6,21.8,9.1,27.3,22.7,0.17,3.2,6.9,14.3,28.6,0.0,0.16,4.1,3.0,0.0,0.0,0.0,0.13,3.0,14.6,53.8,15.4,7.7,0.15,3.6,15.7,21.4,35.7,0.0,0.18,3.8,23.6,4.8,23.8,9.5,0.16,3.2,12.4,9.1,45.5,0.0,0.19,3.3,20.2,11.1,11.1,0.0,0.17,3.4,13.5,8.3,0.0,0.0,0.18,3.9,15.7,29.4,35.3,5.9,0.16,2.9,15.7,5.9,23.5,11.8,0.17,3.1,19.4,9.5,28.6,9.5,0.2,3.8,18.5,15.0,20.0,20.0,0.17,3.7,19.4,4.8,14.3,23.8,0.16,3.4,11.1,8.3,16.7,0.0,0.19,3.3,0.0,0.0,0.0,0.0,0.0,0.0,0.0,0.0,0.0,0.0,0.0,0.0,1.8,50.0,0.0,0.0,0.1,1.5,28.9,15.2,24.2,12.1,0.14,2.8,21.1,8.3,12.5,33.3,0.15,2.8,48.2,1.8,9.1,14.5,0.14,2.8,12.0,25.0,16.7,16.7,0.17,4.3,19.0,5.3,5.3,21.1,0.2,4.4,17.0,11.8,17.6,0.0,0.18,4.1,20.0,5.0,5.0,20.0,0.2,3.2,18.0,5.6,33.3,0.0,0.18,3.3,14.0,7.1,0.0,0.0,0.2,4.4
20260810,14,8,3282,B1,59.0,52.0,4.52,21.88,3.19,12.5,57,45.0,70,38.89,3458,B1,59.0,55.0,3.82,14.29,3.94,13.89,80,27.54,26,37.1,4672,B1,40.0,52.0,4.21,23.96,4.71,25.0,15,57.89,81,31.34,4383,A2,41.0,52.0,5.59,38.95,5.74,38.3,25,32.35,76,35.09,4636,B1,36.0,52.0,3.59,18.84,4.3,25.44,27,36.51,82,30.36,5423,B2,24.0,50.0,1.22,0.0,1.09,0.0,17,32.31,77,56.25,15.4,43.8,25.0,0.0,0.17,2.9,21.2,31.8,27.3,0.0,0.19,4.0,18.3,15.8,15.8,0.0,0.18,3.8,19.2,5.0,15.0,0.0,0.18,4.6,15.4,12.5,0.0,0.0,0.22,4.8,10.6,9.1,0.0,0.0,0.29,5.4,13.0,40.0,20.0,10.0,0.17,2.6,19.5,20.0,20.0,26.7,0.12,2.7,23.4,11.1,5.6,22.2,0.14,2.8,13.0,20.0,0.0,0.0,0.2,4.3,18.2,7.1,0.0,0.0,0.17,3.1,13.0,0.0,0.0,0.0,0.21,4.1,14.4,33.3,20.0,0.0,0.17,3.7,16.3,5.9,23.5,23.5,0.19,3.9,16.3,17.6,23.5,0.0,0.22,4.6,20.2,9.5,9.5,14.3,0.2,4.3,20.2,4.8,19.0,0.0,0.16,3.1,12.5,15.4,7.7,0.0,0.15,3.5,21.1,43.5,34.8,8.7,0.16,2.8,14.7,12.5,37.5,0.0,0.18,3.8,13.8,13.3,26.7,26.7,0.16,3.5,20.2,18.2,22.7,36.4,0.17,3.1,13.8,6.7,6.7,33.3,0.18,3.6,16.5,5.6,5.6,5.6,0.17,3.9,14.3,18.2,9.1,18.2,0.22,4.5,15.6,8.3,8.3,0.0,0.2,4.6,16.9,30.8,23.1,7.7,0.15,3.2,15.6,25.0,8.3,8.3,0.13,3.3,23.4,5.6,0.0,0.0,0.19,4.4,14.3,9.1,9.1,0.0,0.19,3.8,0.0,0.0,0.0,0.0,0.0,0.0,0.0,0.0,0.0,0.0,0.0,0.0,0.0,0.0,0.0,0.0,0.0,0.0,0.0,0.0,0.0,0.0,0.0,0.0,0.0,0.0,0.0,0.0,0.0,0.0,100.0,0.0,0.0,0.0,0.22,4.3
20260810,14,9,4167,B1,44.0,57.0,4.13,17.33,4.79,26.92,74,31.67,17,38.33,3523,B1,57.0,52.0,4.33,19.4,4.0,14.29,78,36.07,14,34.69,5154,B1,30.0,53.0,4.84,27.66,3.67,16.67,71,41.82,55,29.51,3304,A1,58.0,52.0,5.56,32.54,5.99,40.12,69,32.79,33,61.02,3950,B1,50.0,56.0,3.79,21.79,4.34,28.13,55,42.37,69,31.67,4374,B1,42.0,52.0,4.58,28.26,6.35,47.06,67,46.0,11,42.25,13.3,15.4,7.7,15.4,0.17,3.7,17.3,5.9,35.3,0.0,0.18,2.9,15.3,20.0,6.7,0.0,0.13,3.1,17.3,5.9,11.8,29.4,0.16,2.5,16.3,18.8,25.0,0.0,0.16,3.4,20.4,10.0,5.0,0.0,0.16,3.4,12.9,27.3,54.5,0.0,0.19,2.9,15.3,23.1,30.8,0.0,0.19,3.7,21.2,5.6,16.7,22.2,0.2,4.1,16.5,7.1,7.1,7.1,0.23,3.7,18.8,12.5,18.8,0.0,0.16,3.8,15.3,7.7,23.1,0.0,0.22,5.0,12.6,50.0,7.1,28.6,0.17,2.6,16.2,11.1,16.7,33.3,0.16,3.4,22.5,20.0,8.0,24.0,0.16,3.1,11.7,7.7,15.4,0.0,0.2,3.6,21.6,8.3,12.5,0.0,0.21,4.1,15.3,5.9,17.6,0.0,0.18,4.2,20.3,76.7,16.7,6.7,0.16,4.0,18.9,7.1,42.9,32.1,0.19,4.3,15.5,26.1,30.4,17.4,0.17,3.8,14.2,14.3,14.3,23.8,0.18,3.3,18.2,7.4,7.4,37.0,0.17,3.6,12.8,10.5,15.8,0.0,0.19,4.5,14.7,6.7,6.7,13.3,0.16,3.2,22.5,4.3,21.7,13.0,0.15,2.5,14.7,13.3,26.7,26.7,0.15,2.2,15.7,12.5,6.2,37.5,0.13,2.6,18.6,5.3,5.3,0.0,0.16,3.2,13.7,21.4,0.0,0.0,0.16,3.1,12.4,36.4,18.2,27.3,0.17,2.8,20.2,5.6,33.3,16.7,0.13,2.8,21.3,5.3,26.3,21.1,0.17,2.7,13.5,8.3,25.0,16.7,0.13,2.3,24.7,18.2,0.0,0.0,0.13,3.6,7.9,14.3,0.0,0.0,0.21,4.9
20260810,14,10,3841,A2,50.0,56.0,6.48,49.59,5.91,41.14,51,35.19,59,39.06,4000,A2,49.0,56.0,6.07,43.94,5.56,32.93,77,35.48,19,31.03,5016,A1,28.0,54.0,6.62,38.2,6.1,41.94,29,50.0,51,30.77,5199,B1,24.0,55.0,4.65,27.38,5.08,29.94,14,42.19,54,40.0,4704,A1,38.0,52.0,6.6,49.21,6.58,49.32,31,39.34,12,33.85,4564,B1,38.0,52.0,4.58,22.77,4.92,30.77,82,70.59,67,39.66,18.6,47.4,31.6,10.5,0.14,2.6,17.6,11.1,27.8,5.6,0.16,3.7,16.7,11.8,29.4,35.3,0.18,2.8,15.7,18.8,31.2,0.0,0.14,3.4,13.7,7.1,21.4,14.3,0.16,3.4,17.6,5.6,38.9,0.0,0.17,3.9,22.1,62.5,25.0,6.2,0.15,2.6,15.2,13.6,40.9,13.6,0.17,4.0,19.3,14.3,35.7,14.3,0.18,3.7,15.2,18.2,36.4,0.0,0.18,4.0,15.9,4.3,39.1,0.0,0.17,3.3,12.4,11.1,27.8,0.0,0.18,4.5,21.1,73.1,7.7,3.8,0.13,2.3,17.1,33.3,28.6,19.0,0.15,3.1,15.4,26.3,21.1,21.1,0.14,2.2,16.3,20.0,10.0,40.0,0.13,2.4,10.6,7.7,7.7,30.8,0.14,2.8,19.5,4.2,37.5,0.0,0.17,4.0,14.8,46.2,23.1,7.7,0.12,2.9,17.0,13.3,13.3,40.0,0.11,1.8,18.2,25.0,18.8,12.5,0.09,2.0,11.4,20.0,0.0,0.0,0.11,1.5,21.6,15.8,10.5,15.8,0.09,1.9,17.0,6.7,13.3,13.3,0.13,2.4,18.8,74.1,14.8,3.7,0.14,2.6,18.1,15.4,23.1,11.5,0.14,3.0,17.4,20.0,28.0,16.0,0.12,2.2,16.7,12.5,33.3,25.0,0.14,2.9,13.9,25.0,35.0,0.0,0.15,3.1,15.3,4.5,27.3,13.6,0.14,3.0,15.4,25.0,31.2,25.0,0.18,3.9,12.5,7.7,53.8,7.7,0.19,4.2,21.2,4.5,31.8,18.2,0.18,3.6,20.2,4.8,19.0,23.8,0.19,4.2,18.3,10.5,21.1,0.0,0.22,4.4,12.5,7.7,0.0,0.0,0.19,4.8
20260810,14,11,4839,A2,36.0,52.0,6.01,43.22,6.11,46.53,66,35.85,10,43.55,4732,A2,37.0,54.0,6.91,51.38,6.16,42.18,76,28.07,29,39.62,3361,B1,57.0,52.0,3.97,20.55,4.31,22.22,34,30.3,38,27.59,4596,A2,43.0,52.0,5.87,36.75,6.32,46.99,79,52.83,78,30.77,3743,A1,51.0,52.0,5.29,39.47,6.54,49.03,37,46.3,56,39.29,3757,A2,54.0,52.0,5.53,37.84,5.08,23.08,12,32.26,83,40.0,20.0,50.0,15.0,0.0,0.13,2.7,19.0,26.3,26.3,21.1,0.13,2.4,15.0,13.3,33.3,13.3,0.16,3.0,15.0,6.7,26.7,26.7,0.15,2.6,18.0,11.1,27.8,0.0,0.19,3.7,13.0,7.7,30.8,0.0,0.14,3.7,19.2,75.0,16.7,4.2,0.12,2.1,17.6,18.2,31.8,22.7,0.11,3.0,13.6,17.6,29.4,23.5,0.12,1.9,15.2,5.3,10.5,21.1,0.11,2.8,21.6,18.5,25.9,0.0,0.12,2.6,12.8,6.2,25.0,0.0,0.13,2.5,15.6,28.6,35.7,7.1,0.15,2.2,18.9,5.9,29.4,17.6,0.2,3.4,18.9,5.9,5.9,11.8,0.18,3.0,12.2,9.1,18.2,0.0,0.21,4.1,15.6,21.4,14.3,0.0,0.15,3.6,18.9,5.9,0.0,0.0,0.23,4.8,16.9,66.7,19.0,4.8,0.13,3.0,16.9,23.8,38.1,23.8,0.15,3.7,16.9,14.3,38.1,14.3,0.16,2.9,17.7,9.1,31.8,0.0,0.17,4.0,15.3,5.3,10.5,21.1,0.15,2.7,16.1,10.0,35.0,0.0,0.17,3.6,26.7,51.9,25.9,0.0,0.14,2.8,21.8,18.2,31.8,9.1,0.13,2.8,19.8,25.0,30.0,20.0,0.15,2.6,21.8,9.1,27.3,22.7,0.17,3.2,6.9,14.3,28.6,0.0,0.16,4.1,3.0,0.0,0.0,0.0,0.13,3.0,15.9,41.2,11.8,35.3,0.14,2.9,17.8,10.5,47.4,21.1,0.15,2.5,16.8,5.6,16.7,27.8,0.18,3.1,17.8,10.5,21.1,15.8,0.16,3.1,21.5,4.3,17.4,26.1,0.17,3.5,10.3,9.1,9.1,0.0,0.16,3.1
20260810,14,12,4571,A1,38.0,52.0,5.72,35.14,7.21,58.27,58,32.69,53,48.44,4063,A1,46.0,53.0,5.68,35.14,6.47,44.74,20,32.79,66,43.64,4812,A1,36.0,51.0,7.43,59.72,7.0,54.39,50,36.84,75,39.34,3333,A1,58.0,52.0,6.38,47.32,6.69,48.72,19,34.92,74,41.18,4028,A1,48.0,57.0,5.71,39.8,6.66,49.34,52,38.6,21,37.5,4055,A2,48.0,52.0,6.66,50.0,6.33,52.17,18,28.79,13,32.08,16.8,55.0,10.0,10.0,0.13,2.9,16.0,31.6,21.1,10.5,0.13,2.6,13.4,31.2,18.8,0.0,0.15,3.1,8.4,50.0,10.0,0.0,0.12,3.5,15.1,33.3,27.8,0.0,0.14,3.1,30.3,13.9,5.6,8.3,0.13,3.4,22.9,76.7,10.0,6.7,0.12,1.9,18.3,12.5,29.2,12.5,0.11,2.1,16.0,19.0,23.8,4.8,0.15,2.9,14.5,10.5,31.6,26.3,0.16,2.7,16.0,19.0,47.6,0.0,0.16,3.0,12.2,6.2,12.5,25.0,0.14,2.8,21.5,76.9,3.8,7.7,0.13,2.0,16.5,35.0,35.0,10.0,0.14,2.5,15.7,26.3,21.1,26.3,0.15,3.2,15.7,21.1,15.8,31.6,0.12,2.2,14.9,11.1,38.9,11.1,0.16,2.4,15.7,10.5,36.8,0.0,0.15,3.6,23.1,70.0,16.7,0.0,0.12,2.1,13.1,17.6,23.5,17.6,0.15,3.6,14.6,15.8,42.1,15.8,0.16,2.6,20.0,11.5,19.2,15.4,0.16,3.2,18.5,8.3,12.5,29.2,0.17,3.1,10.8,14.3,28.6,0.0,0.16,3.1,21.3,85.2,3.7,0.0,0.13,2.7,22.0,17.9,28.6,17.9,0.14,3.1,18.1,8.7,13.0,21.7,0.14,2.5,15.0,26.3,26.3,5.3,0.17,3.1,13.4,23.5,11.8,5.9,0.17,4.4,10.2,7.7,7.7,23.1,0.17,4.4,18.1,65.4,19.2,0.0,0.15,3.2,18.8,22.2,40.7,3.7,0.14,2.7,17.4,8.0,8.0,32.0,0.17,3.5,19.4,7.1,32.1,14.3,0.15,3.4,20.1,3.4,13.8,31.0,0.15,3.2,6.2,11.1,11.1,0.0,0.16,3.7
20260810,13,1,4965,B1,28.0,50.0,4.44,22.58,4.49,25.21,45,36.9,74,46.05,3828,B1,52.0,52.0,5.33,29.76,5.57,39.13,33,26.92,36,50.7,5273,B1,24.0,52.0,3.8,18.75,3.88,19.23,1,38.75,32,35.44,5470,B2,17.0,53.0,1.23,0.0,1.38,0.0,14,30.12,24,31.25,4633,A2,37.0,52.0,5.46,32.41,5.61,33.83,53,34.57,30,40.96,4105,B1,46.0,53.0,5.4,34.41,5.78,39.09,35,40.79,57,43.75,11.4,22.2,22.2,55.6,0.19,3.3,15.2,8.3,16.7,16.7,0.21,4.7,22.8,11.1,27.8,16.7,0.2,3.5,17.7,7.1,14.3,28.6,0.2,3.5,20.3,25.0,18.8,0.0,0.16,2.5,12.7,0.0,0.0,0.0,0.15,3.6,14.4,53.3,26.7,6.7,0.12,1.7,18.3,10.5,47.4,10.5,0.15,3.6,12.5,30.8,23.1,0.0,0.16,3.5,17.3,5.6,38.9,0.0,0.19,3.7,24.0,4.0,16.0,8.0,0.17,3.6,13.5,14.3,0.0,0.0,0.18,3.9,12.7,38.5,15.4,7.7,0.18,3.8,18.6,10.5,10.5,26.3,0.17,3.7,17.6,16.7,5.6,27.8,0.14,2.7,19.6,5.0,20.0,0.0,0.18,3.9,20.6,9.5,14.3,9.5,0.19,3.8,10.8,0.0,0.0,0.0,0.19,4.4,0.0,0.0,0.0,0.0,0.0,0.0,0.0,0.0,0.0,0.0,0.0,0.0,0.0,0.0,0.0,0.0,0.0,0.0,0.0,0.0,0.0,0.0,0.0,0.0,0.0,0.0,0.0,0.0,0.0,0.0,0.0,0.0,0.0,0.0,0.0,0.0,19.8,58.3,20.8,8.3,0.13,2.6,14.0,17.6,11.8,35.3,0.15,3.9,19.0,13.0,39.1,13.0,0.15,3.2,19.0,4.3,17.4,30.4,0.19,4.4,12.4,6.7,6.7,26.7,0.2,4.9,15.7,5.3,10.5,0.0,0.24,5.4,17.2,22.7,22.7,4.5,0.2,4.3,14.1,11.1,44.4,16.7,0.18,3.3,18.8,8.3,8.3,41.7,0.19,3.4,18.8,4.2,12.5,33.3,0.17,3.2,15.6,5.0,10.0,40.0,0.17,3.2,15.6,15.0,0.0,0.0,0.22,4.6
20260810,13,2,3577,B1,53.0,59.0,4.61,21.25,5.13,34.04,2,36.36,54,33.75,4472,A1,39.0,57.0,6.47,44.74,6.56,48.73,16,42.68,33,33.72,5333,B2,22.0,50.0,3.49,12.77,2.79,12.5,25,40.26,38,40.24,5421,B2,24.0,52.0,1.4,1.89,1.83,4.35,49,31.33,67,29.89,4925,A2,33.0,53.0,5.9,35.0,5.9,33.03,26,45.95,59,36.14,4375,A2,42.0,52.0,5.66,37.04,5.92,44.34,18,45.45,58,28.75,14.9,45.5,9.1,9.1,0.19,3.3,18.9,14.3,7.1,21.4,0.17,3.3,17.6,15.4,15.4,0.0,0.16,3.1,12.2,22.2,22.2,0.0,0.12,2.7,14.9,18.2,0.0,0.0,0.17,3.2,21.6,18.8,0.0,0.0,0.17,3.3,18.0,77.8,11.1,7.4,0.15,2.1,17.3,26.9,26.9,11.5,0.17,3.5,18.0,29.6,33.3,0.0,0.16,3.6,18.7,17.9,14.3,28.6,0.16,3.3,16.7,16.0,8.0,20.0,0.18,3.4,11.3,17.6,23.5,0.0,0.17,3.3,6.7,66.7,33.3,0.0,0.17,2.3,22.2,20.0,10.0,0.0,0.2,3.2,22.2,30.0,20.0,0.0,0.22,3.9,22.2,10.0,10.0,10.0,0.21,2.3,13.3,16.7,33.3,0.0,0.18,3.7,13.3,33.3,0.0,0.0,0.21,3.8,0.0,0.0,0.0,0.0,0.0,0.0,0.0,0.0,0.0,0.0,0.0,0.0,0.0,0.0,0.0,0.0,0.0,0.0,0.0,0.0,0.0,0.0,0.0,0.0,0.0,0.0,0.0,0.0,0.0,0.0,100.0,2.1,0.0,0.0,0.24,5.2,18.9,66.7,9.5,9.5,0.15,2.8,15.3,47.1,29.4,0.0,0.15,3.2,16.2,11.1,16.7,22.2,0.15,3.2,17.1,5.3,5.3,21.1,0.15,3.6,15.3,11.8,11.8,11.8,0.16,3.5,17.1,5.3,26.3,0.0,0.17,3.4,19.8,60.0,28.0,4.0,0.17,3.3,11.9,6.7,33.3,20.0,0.16,3.7,19.8,24.0,40.0,16.0,0.15,2.7,14.3,16.7,22.2,5.6,0.17,3.3,19.0,8.3,12.5,37.5,0.16,3.3,15.1,10.5,26.3,0.0,0.2,4.2
20260810,13,3,5386,B1,20.0,53.0,3.58,14.47,2.33,2.99,30,30.86,53,36.05,4735,B1,35.0,55.0,4.64,25.58,5.27,29.27,55,40.96,55,32.5,4381,A2,41.0,52.0,5.35,35.44,5.78,40.83,48,31.82,72,36.36,5456,B2,20.0,51.0,2.07,0.0,2.13,0.0,60,29.49,45,41.77,5324,B1,23.0,48.0,2.61,3.39,1.79,3.77,52,23.29,48,37.97,5126,A1,29.0,52.0,6.9,51.49,5.35,35.26,4,51.95,39,32.91,9.1,14.3,0.0,0.0,0.2,5.0,11.7,11.1,33.3,0.0,0.19,4.0,7.8,16.7,0.0,0.0,0.2,4.2,16.9,15.4,7.7,0.0,0.17,3.7,18.2,7.1,0.0,0.0,0.21,4.0,36.4,10.7,0.0,0.0,0.2,4.3,15.5,53.3,20.0,6.7,0.17,3.1,18.6,5.6,22.2,5.6,0.13,2.8,16.5,6.2,18.8,6.2,0.15,2.8,15.5,6.7,26.7,13.3,0.12,2.5,19.6,5.3,5.3,15.8,0.2,3.7,14.4,7.1,14.3,0.0,0.19,3.9,19.5,56.5,17.4,8.7,0.18,3.6,15.3,11.1,33.3,16.7,0.18,3.1,18.6,18.2,27.3,31.8,0.18,3.6,15.3,22.2,16.7,11.1,0.16,2.9,20.3,4.2,8.3,20.8,0.17,3.0,11.0,7.7,0.0,0.0,0.17,3.6,0.0,0.0,0.0,0.0,0.0,0.0,0.0,0.0,0.0,0.0,0.0,0.0,0.0,0.0,0.0,0.0,0.0,0.0,0.0,0.0,0.0,0.0,0.0,0.0,0.0,0.0,0.0,0.0,0.0,0.0,0.0,0.0,0.0,0.0,0.0,0.0,11.9,25.0,0.0,0.0,0.19,3.5,17.9,8.3,0.0,0.0,0.19,4.3,10.4,0.0,0.0,0.0,0.23,4.0,16.4,9.1,0.0,0.0,0.22,3.9,20.9,0.0,0.0,0.0,0.19,4.5,22.4,0.0,0.0,0.0,0.23,4.4,22.0,70.8,12.5,0.0,0.14,3.3,14.7,6.2,31.2,31.2,0.15,3.4,17.4,36.8,26.3,10.5,0.15,2.7,16.5,27.8,33.3,11.1,0.14,3.0,13.8,13.3,26.7,0.0,0.19,3.5,15.6,17.6,17.6,0.0,0.16,3.5
20260810,13,4,5247,B1,24.0,52.0,4.62,20.59,4.45,22.45,54,46.05,49,36.62,5161,A2,27.0,53.0,5.74,44.83,5.69,38.85,39,47.67,13,36.05,4654,A1,40.0,54.0,6.44,44.33,6.45,46.75,9,45.68,56,43.66,5297,B1,24.0,48.0,3.78,18.48,2.45,9.76,23,57.89,73,45.78,5440,B2,20.0,47.0,1.92,6.67,1.47,3.33,3,40.96,18,36.99,3854,A1,53.0,52.0,6.85,44.23,7.38,52.89,7,30.86,19,34.48,14.0,30.8,7.7,15.4,0.22,3.9,19.4,5.6,22.2,22.2,0.18,4.3,19.4,11.1,11.1,22.2,0.18,3.9,17.2,6.2,6.2,37.5,0.18,4.2,16.1,6.7,6.7,13.3,0.14,3.5,14.0,23.1,0.0,0.0,0.2,4.2,15.8,75.0,18.8,0.0,0.12,2.4,14.9,13.3,26.7,13.3,0.18,2.9,17.8,22.2,22.2,11.1,0.14,2.9,19.8,25.0,20.0,15.0,0.14,2.9,14.9,13.3,33.3,13.3,0.15,3.5,16.8,11.8,23.5,0.0,0.16,3.4,20.7,62.5,16.7,12.5,0.17,3.4,17.2,10.0,30.0,25.0,0.16,3.2,16.4,21.1,31.6,15.8,0.16,2.9,18.1,14.3,23.8,19.0,0.17,3.2,12.9,6.7,26.7,26.7,0.17,3.7,14.7,5.9,29.4,0.0,0.19,3.6,11.7,16.7,25.0,0.0,0.25,3.9,20.4,9.5,23.8,0.0,0.21,3.7,18.4,5.3,10.5,10.5,0.19,3.4,17.5,11.1,0.0,0.0,0.21,4.3,22.3,8.7,13.0,0.0,0.24,4.3,9.7,0.0,0.0,0.0,0.24,4.6,0.0,0.0,0.0,0.0,0.0,0.0,0.0,0.0,0.0,0.0,0.0,0.0,0.0,0.0,0.0,0.0,0.0,0.0,0.0,0.0,0.0,0.0,0.0,0.0,1.4,0.0,0.0,0.0,0.25,2.0,98.6,4.2,0.0,0.0,0.19,3.7,22.1,52.4,9.5,14.3,0.14,3.2,15.8,6.7,26.7,6.7,0.13,3.3,16.8,12.5,37.5,25.0,0.15,3.6,16.8,25.0,43.8,0.0,0.15,2.5,17.9,23.5,11.8,11.8,0.14,2.8,10.5,10.0,0.0,0.0,0.15,3.0
20260810,13,5,4790,A1,36.0,51.0,6.38,41.67,5.71,38.1,20,27.16,41,37.5,5060,A2,29.0,52.0,6.13,46.81,5.31,34.31,24,32.93,15,35.29,4002,A1,48.0,52.0,6.44,46.79,7.13,55.26,13,39.74,44,31.58,4902,B1,33.0,52.0,4.32,25.56,4.92,31.78,34,28.24,42,34.57,4512,A1,37.0,52.0,6.98,56.0,7.24,58.06,37,39.02,46,40.91,5396,B2,24.0,50.0,2.21,3.45,1.8,2.44,31,34.15,52,29.41,21.7,78.6,10.7,7.1,0.14,2.1,14.7,21.1,15.8,26.3,0.14,2.9,14.0,11.1,44.4,11.1,0.15,3.1,18.6,12.5,29.2,25.0,0.15,2.3,16.3,14.3,19.0,23.8,0.15,2.6,14.7,5.3,21.1,0.0,0.18,4.0,16.8,66.7,11.1,5.6,0.15,2.9,18.7,25.0,30.0,10.0,0.18,3.7,15.9,17.6,35.3,23.5,0.14,2.5,16.8,22.2,33.3,16.7,0.17,3.6,15.9,5.9,11.8,23.5,0.18,3.6,15.9,11.8,11.8,0.0,0.2,4.2,20.6,68.2,9.1,9.1,0.14,2.8,15.9,11.8,29.4,29.4,0.14,3.4,21.5,26.1,21.7,8.7,0.12,2.9,18.7,35.0,10.0,15.0,0.13,3.1,15.9,5.9,11.8,11.8,0.15,2.7,7.5,12.5,37.5,0.0,0.14,3.4,14.6,42.9,21.4,0.0,0.22,3.5,17.7,5.9,17.6,17.6,0.18,4.5,16.7,6.2,31.2,25.0,0.18,3.9,18.8,5.6,5.6,33.3,0.2,3.7,19.8,36.8,5.3,15.8,0.19,3.7,12.5,16.7,0.0,0.0,0.21,4.3,23.3,91.2,2.9,0.0,0.14,2.6,16.4,25.0,45.8,8.3,0.14,3.5,14.4,28.6,14.3,42.9,0.15,3.4,13.7,10.0,25.0,30.0,0.15,3.7,21.2,12.9,9.7,6.5,0.15,3.0,11.0,6.2,12.5,0.0,0.16,3.1,0.0,0.0,0.0,0.0,0.0,0.0,0.0,0.0,0.0,0.0,0.0,0.0,0.0,0.0,0.0,0.0,0.0,0.0,22.0,7.7,7.7,0.0,0.19,4.2,22.0,7.7,7.7,0.0,0.17,3.4,55.9,0.0,0.0,0.0,0.22,4.5
20260810,13,6,4543,A1,38.0,53.0,6.61,47.17,6.46,47.2,57,33.33,62,27.71,4648,B1,42.0,53.0,5.4,36.99,5.35,32.14,62,25.33,22,32.91,4365,A2,40.0,52.0,5.82,41.57,5.47,35.77,32,38.55,61,27.71,5179,B1,29.0,52.0,4.55,26.19,4.01,25.71,17,39.73,21,43.59,4857,A1,29.0,55.0,7.32,61.98,7.11,58.43,11,33.72,75,41.03,5470,B2,17.0,53.0,1.23,0.0,1.38,0.0,14,30.12,24,31.25,19.8,75.0,16.7,0.0,0.15,3.2,15.7,15.8,31.6,21.1,0.15,2.9,19.0,21.7,30.4,21.7,0.14,2.9,19.8,8.3,37.5,25.0,0.18,3.9,13.2,6.2,18.8,25.0,0.2,3.9,12.4,6.7,26.7,0.0,0.19,4.3,13.0,30.0,20.0,30.0,0.17,3.0,18.2,14.3,35.7,0.0,0.18,3.4,18.2,7.1,7.1,21.4,0.16,3.5,19.5,6.7,13.3,0.0,0.15,3.5,15.6,8.3,16.7,0.0,0.18,2.9,15.6,8.3,8.3,8.3,0.18,4.2,19.0,52.6,15.8,15.8,0.14,2.7,19.0,15.8,36.8,26.3,0.16,3.3,13.0,15.4,23.1,30.8,0.18,3.5,15.0,40.0,20.0,6.7,0.17,2.5,16.0,6.2,12.5,0.0,0.18,3.4,18.0,11.1,0.0,0.0,0.22,4.0,13.9,50.0,20.0,0.0,0.1,2.8,12.5,22.2,11.1,0.0,0.19,4.6,11.1,12.5,37.5,0.0,0.23,4.3,20.8,6.7,13.3,6.7,0.22,4.3,23.6,11.8,17.6,0.0,0.18,3.3,18.1,15.4,0.0,0.0,0.24,5.0,20.0,77.8,5.6,5.6,0.15,2.2,20.0,22.2,33.3,27.8,0.16,3.3,12.2,18.2,36.4,18.2,0.13,2.8,15.6,28.6,50.0,7.1,0.18,3.5,17.8,25.0,12.5,25.0,0.16,3.7,14.4,15.4,23.1,0.0,0.19,4.5,0.0,0.0,0.0,0.0,0.0,0.0,0.0,0.0,0.0,0.0,0.0,0.0,0.0,0.0,0.0,0.0,0.0,0.0,0.0,0.0,0.0,0.0,0.0,0.0,0.0,0.0,0.0,0.0,0.0,0.0,0.0,0.0,0.0,0.0,0.0,0.0
20260810,13,7,4278,A1,43.0,52.0,6.89,56.1,6.98,55.97,15,38.16,50,30.23,5333,B2,22.0,50.0,3.49,12.77,2.79,12.5,25,40.26,38,40.24,4877,A1,31.0,55.0,6.24,47.22,6.43,48.7,10,30.49,34,37.97,4295,A1,39.0,53.0,7.34,56.56,6.86,51.03,40,39.29,12,26.03,5456,B2,20.0,51.0,2.07,0.0,2.13,0.0,60,29.49,45,41.77,5003,B1,30.0,48.0,5.1,36.94,3.7,18.26,29,31.25,25,30.86,22.1,87.5,6.2,0.0,0.11,1.8,17.9,30.8,19.2,34.6,0.13,2.4,15.9,13.0,34.8,8.7,0.12,2.2,15.2,13.6,31.8,22.7,0.13,2.4,18.6,22.2,11.1,14.8,0.14,3.0,10.3,6.7,13.3,0.0,0.15,3.9,6.7,66.7,33.3,0.0,0.17,2.3,22.2,20.0,10.0,0.0,0.2,3.2,22.2,30.0,20.0,0.0,0.22,3.9,22.2,10.0,10.0,10.0,0.21,2.3,13.3,16.7,33.3,0.0,0.18,3.7,13.3,33.3,0.0,0.0,0.21,3.8,24.3,69.2,19.2,3.8,0.14,2.5,13.1,28.6,35.7,14.3,0.13,2.6,15.9,11.8,29.4,23.5,0.15,2.8,16.8,16.7,11.1,16.7,0.14,2.9,16.8,27.8,11.1,11.1,0.15,2.6,13.1,14.3,14.3,14.3,0.15,2.3,23.1,90.0,6.7,3.3,0.14,2.0,21.5,21.4,28.6,32.1,0.14,2.8,12.3,25.0,12.5,18.8,0.11,2.1,15.4,10.0,50.0,15.0,0.14,2.8,16.2,9.5,28.6,19.0,0.14,2.8,11.5,33.3,0.0,0.0,0.16,3.1,0.0,0.0,0.0,0.0,0.0,0.0,0.0,0.0,0.0,0.0,0.0,0.0,0.0,0.0,0.0,0.0,0.0,0.0,0.0,0.0,0.0,0.0,0.0,0.0,0.0,0.0,0.0,0.0,0.0,0.0,0.0,0.0,0.0,0.0,0.0,0.0,14.3,56.2,18.8,0.0,0.19,3.5,18.8,9.5,19.0,19.0,0.15,3.7,20.5,8.7,17.4,8.7,0.17,3.6,22.3,8.0,20.0,20.0,0.16,2.8,17.0,15.8,10.5,0.0,0.14,2.5,7.1,0.0,0.0,0.0,0.18,2.9
20260810,13,8,4633,A2,37.0,52.0,5.46,32.41,5.61,33.83,53,34.57,30,40.96,4375,A2,42.0,52.0,5.66,37.04,5.92,44.34,18,45.45,58,28.75,5297,B1,24.0,48.0,3.78,18.48,2.45,9.76,23,57.89,73,45.78,5324,B1,23.0,48.0,2.61,3.39,1.79,3.77,52,23.29,48,37.97,4982,B1,29.0,55.0,5.0,30.56,4.82,25.0,36,33.75,65,34.15,4290,A1,41.0,51.0,6.68,44.09,7.36,57.14,38,26.39,71,38.75,19.8,58.3,20.8,8.3,0.13,2.6,14.0,17.6,11.8,35.3,0.15,3.9,19.0,13.0,39.1,13.0,0.15,3.2,19.0,4.3,17.4,30.4,0.19,4.4,12.4,6.7,6.7,26.7,0.2,4.9,15.7,5.3,10.5,0.0,0.24,5.4,19.8,60.0,28.0,4.0,0.17,3.3,11.9,6.7,33.3,20.0,0.16,3.7,19.8,24.0,40.0,16.0,0.15,2.7,14.3,16.7,22.2,5.6,0.17,3.3,19.0,8.3,12.5,37.5,0.16,3.3,15.1,10.5,26.3,0.0,0.2,4.2,11.7,16.7,25.0,0.0,0.25,3.9,20.4,9.5,23.8,0.0,0.21,3.7,18.4,5.3,10.5,10.5,0.19,3.4,17.5,11.1,0.0,0.0,0.21,4.3,22.3,8.7,13.0,0.0,0.24,4.3,9.7,0.0,0.0,0.0,0.24,4.6,11.9,25.0,0.0,0.0,0.19,3.5,17.9,8.3,0.0,0.0,0.19,4.3,10.4,0.0,0.0,0.0,0.23,4.0,16.4,9.1,0.0,0.0,0.22,3.9,20.9,0.0,0.0,0.0,0.19,4.5,22.4,0.0,0.0,0.0,0.23,4.4,14.6,50.0,42.9,0.0,0.1,1.9,17.7,5.9,17.6,17.6,0.17,3.1,17.7,23.5,41.2,0.0,0.12,3.1,15.6,26.7,20.0,0.0,0.17,3.6,18.8,33.3,5.6,0.0,0.18,3.8,15.6,6.7,20.0,0.0,0.17,3.8,22.2,67.9,17.9,14.3,0.13,2.2,13.5,23.5,35.3,11.8,0.12,2.4,15.1,15.8,31.6,10.5,0.16,2.6,15.1,5.3,36.8,26.3,0.1,2.4,15.9,10.0,10.0,20.0,0.11,2.5,18.3,8.7,4.3,30.4,0.13,3.0
20260810,13,9,4025,A1,48.0,53.0,6.62,52.38,5.99,43.75,44,36.36,14,28.57,5386,B1,20.0,53.0,3.58,14.47,2.33,2.99,30,30.86,53,36.05,3854,A1,53.0,52.0,6.85,44.23,7.38,52.89,7,30.86,19,34.48,4133,A2,46.0,52.0,6.36,54.22,6.41,47.73,56,48.19,26,44.74,5273,B1,24.0,52.0,3.8,18.75,3.88,19.23,1,38.75,32,35.44,4040,A2,47.0,58.0,5.81,37.29,5.82,40.0,63,41.18,37,40.85,20.4,68.4,15.8,5.3,0.2,3.3,15.1,14.3,50.0,21.4,0.19,3.5,17.2,18.8,37.5,25.0,0.17,3.4,19.4,27.8,16.7,22.2,0.17,3.5,14.0,7.7,23.1,23.1,0.2,4.2,14.0,7.7,7.7,15.4,0.17,4.2,9.1,14.3,0.0,0.0,0.2,5.0,11.7,11.1,33.3,0.0,0.19,4.0,7.8,16.7,0.0,0.0,0.2,4.2,16.9,15.4,7.7,0.0,0.17,3.7,18.2,7.1,0.0,0.0,0.21,4.0,36.4,10.7,0.0,0.0,0.2,4.3,22.1,52.4,9.5,14.3,0.14,3.2,15.8,6.7,26.7,6.7,0.13,3.3,16.8,12.5,37.5,25.0,0.15,3.6,16.8,25.0,43.8,0.0,0.15,2.5,17.9,23.5,11.8,11.8,0.14,2.8,10.5,10.0,0.0,0.0,0.15,3.0,20.2,59.1,22.7,0.0,0.16,3.0,15.6,11.8,29.4,17.6,0.19,4.1,18.3,10.0,50.0,15.0,0.14,3.1,19.3,42.9,19.0,0.0,0.15,2.9,10.1,18.2,9.1,18.2,0.2,3.5,16.5,11.1,22.2,22.2,0.19,3.9,12.7,38.5,15.4,7.7,0.18,3.8,18.6,10.5,10.5,26.3,0.17,3.7,17.6,16.7,5.6,27.8,0.14,2.7,19.6,5.0,20.0,0.0,0.18,3.9,20.6,9.5,14.3,9.5,0.19,3.8,10.8,0.0,0.0,0.0,0.19,4.4,19.1,65.4,11.5,7.7,0.16,2.8,19.9,3.7,44.4,11.1,0.14,2.9,15.4,14.3,33.3,4.8,0.15,2.7,16.9,34.8,8.7,26.1,0.15,3.3,10.3,21.4,7.1,35.7,0.14,3.1,18.4,8.0,12.0,0.0,0.13,2.7
20260810,13,10,4512,A1,37.0,52.0,6.98,56.0,7.24,58.06,37,39.02,46,40.91,5329,B1,22.0,51.0,4.82,30.65,3.18,14.29,61,42.68,60,29.49,4472,A1,39.0,57.0,6.47,44.74,6.56,48.73,16,42.68,33,33.72,5247,B1,24.0,52.0,4.62,20.59,4.45,22.45,54,46.05,49,36.62,3612,A1,53.0,52.0,6.75,55.04,6.21,46.88,8,34.12,64,38.67,4365,A2,40.0,52.0,5.82,41.57,5.47,35.77,32,38.55,61,27.71,23.3,91.2,2.9,0.0,0.14,2.6,16.4,25.0,45.8,8.3,0.14,3.5,14.4,28.6,14.3,42.9,0.15,3.4,13.7,10.0,25.0,30.0,0.15,3.7,21.2,12.9,9.7,6.5,0.15,3.0,11.0,6.2,12.5,0.0,0.16,3.1,14.7,42.9,28.6,7.1,0.16,2.9,18.9,5.6,22.2,16.7,0.16,3.1,16.8,25.0,25.0,12.5,0.11,2.2,13.7,23.1,0.0,0.0,0.22,3.5,22.1,19.0,14.3,19.0,0.17,3.2,13.7,7.7,7.7,15.4,0.16,2.5,18.0,77.8,11.1,7.4,0.15,2.1,17.3,26.9,26.9,11.5,0.17,3.5,18.0,29.6,33.3,0.0,0.16,3.6,18.7,17.9,14.3,28.6,0.16,3.3,16.7,16.0,8.0,20.0,0.18,3.4,11.3,17.6,23.5,0.0,0.17,3.3,14.0,30.8,7.7,15.4,0.22,3.9,19.4,5.6,22.2,22.2,0.18,4.3,19.4,11.1,11.1,22.2,0.18,3.9,17.2,6.2,6.2,37.5,0.18,4.2,16.1,6.7,6.7,13.3,0.14,3.5,14.0,23.1,0.0,0.0,0.2,4.2,25.2,52.9,20.6,5.9,0.14,2.5,23.0,3.2,35.5,32.3,0.17,3.3,20.0,11.1,55.6,14.8,0.14,2.9,19.3,11.5,26.9,23.1,0.12,2.6,9.6,23.1,7.7,0.0,0.14,3.3,3.0,0.0,0.0,0.0,0.17,4.8,19.0,52.6,15.8,15.8,0.14,2.7,19.0,15.8,36.8,26.3,0.16,3.3,13.0,15.4,23.1,30.8,0.18,3.5,15.0,40.0,20.0,6.7,0.17,2.5,16.0,6.2,12.5,0.0,0.18,3.4,18.0,11.1,0.0,0.0,0.22,4.0
20260810,13,11,4446,A1,39.0,52.0,6.86,50.0,6.28,44.44,5,34.57,43,41.67,4381,A2,41.0,52.0,5.35,35.44,5.78,40.83,48,31.82,72,36.36,4790,A1,36.0,51.0,6.38,41.67,5.71,38.1,20,27.16,41,37.5,4725,B1,39.0,53.0,4.84,23.66,4.73,26.37,12,50.0,35,38.46,5179,B1,29.0,52.0,4.55,26.19,4.01,25.71,17,39.73,21,43.59,4654,A1,40.0,54.0,6.44,44.33,6.45,46.75,9,45.68,56,43.66,21.5,93.8,3.1,0.0,0.12,2.0,16.8,24.0,40.0,8.0,0.13,2.5,14.8,31.8,27.3,27.3,0.14,2.5,17.4,15.4,34.6,19.2,0.14,3.1,14.8,45.5,18.2,0.0,0.15,2.8,14.8,9.1,40.9,0.0,0.14,3.0,19.5,56.5,17.4,8.7,0.18,3.6,15.3,11.1,33.3,16.7,0.18,3.1,18.6,18.2,27.3,31.8,0.18,3.6,15.3,22.2,16.7,11.1,0.16,2.9,20.3,4.2,8.3,20.8,0.17,3.0,11.0,7.7,0.0,0.0,0.17,3.6,21.7,78.6,10.7,7.1,0.14,2.1,14.7,21.1,15.8,26.3,0.14,2.9,14.0,11.1,44.4,11.1,0.15,3.1,18.6,12.5,29.2,25.0,0.15,2.3,16.3,14.3,19.0,23.8,0.15,2.6,14.7,5.3,21.1,0.0,0.18,4.0,15.2,56.2,18.8,0.0,0.15,3.2,17.1,5.6,50.0,22.2,0.16,3.9,18.1,15.8,10.5,0.0,0.22,4.5,15.2,25.0,12.5,12.5,0.18,4.1,19.0,5.0,15.0,20.0,0.16,3.4,15.2,6.2,12.5,0.0,0.2,3.9,13.9,50.0,20.0,0.0,0.1,2.8,12.5,22.2,11.1,0.0,0.19,4.6,11.1,12.5,37.5,0.0,0.23,4.3,20.8,6.7,13.3,6.7,0.22,4.3,23.6,11.8,17.6,0.0,0.18,3.3,18.1,15.4,0.0,0.0,0.24,5.0,20.7,62.5,16.7,12.5,0.17,3.4,17.2,10.0,30.0,25.0,0.16,3.2,16.4,21.1,31.6,15.8,0.16,2.9,18.1,14.3,23.8,19.0,0.17,3.2,12.9,6.7,26.7,26.7,0.17,3.7,14.7,5.9,29.4,0.0,0.19,3.6
20260810,13,12,4857,A1,29.0,55.0,7.32,61.98,7.11,58.43,11,33.72,75,41.03,5126,A1,29.0,52.0,6.9,51.49,5.35,35.26,4,51.95,39,32.91,4925,A2,33.0,53.0,5.9,35.0,5.9,33.03,26,45.95,59,36.14,4877,A1,31.0,55.0,6.24,47.22,6.43,48.7,10,30.49,34,37.97,5060,A2,29.0,52.0,6.13,46.81,5.31,34.31,24,32.93,15,35.29,5161,A2,27.0,53.0,5.74,44.83,5.69,38.85,39,47.67,13,36.05,20.0,77.8,5.6,5.6,0.15,2.2,20.0,22.2,33.3,27.8,0.16,3.3,12.2,18.2,36.4,18.2,0.13,2.8,15.6,28.6,50.0,7.1,0.18,3.5,17.8,25.0,12.5,25.0,0.16,3.7,14.4,15.4,23.1,0.0,0.19,4.5,22.0,70.8,12.5,0.0,0.14,3.3,14.7,6.2,31.2,31.2,0.15,3.4,17.4,36.8,26.3,10.5,0.15,2.7,16.5,27.8,33.3,11.1,0.14,3.0,13.8,13.3,26.7,0.0,0.19,3.5,15.6,17.6,17.6,0.0,0.16,3.5,18.9,66.7,9.5,9.5,0.15,2.8,15.3,47.1,29.4,0.0,0.15,3.2,16.2,11.1,16.7,22.2,0.15,3.2,17.1,5.3,5.3,21.1,0.15,3.6,15.3,11.8,11.8,11.8,0.16,3.5,17.1,5.3,26.3,0.0,0.17,3.4,24.3,69.2,19.2,3.8,0.14,2.5,13.1,28.6,35.7,14.3,0.13,2.6,15.9,11.8,29.4,23.5,0.15,2.8,16.8,16.7,11.1,16.7,0.14,2.9,16.8,27.8,11.1,11.1,0.15,2.6,13.1,14.3,14.3,14.3,0.15,2.3,16.8,66.7,11.1,5.6,0.15,2.9,18.7,25.0,30.0,10.0,0.18,3.7,15.9,17.6,35.3,23.5,0.14,2.5,16.8,22.2,33.3,16.7,0.17,3.6,15.9,5.9,11.8,23.5,0.18,3.6,15.9,11.8,11.8,0.0,0.2,4.2,15.8,75.0,18.8,0.0,0.12,2.4,14.9,13.3,26.7,13.3,0.18,2.9,17.8,22.2,22.2,11.1,0.14,2.9,19.8,25.0,20.0,15.0,0.14,2.9,14.9,13.3,33.3,13.3,0.15,3.5,16.8,11.8,23.5,0.0,0.16,3.4
20260810,09,1,4794,A1,36.0,55.0,6.65,51.35,7.21,64.29,68,35.21,25,33.59,5033,B1,28.0,56.0,4.27,25.68,3.97,18.92,39,43.65,13,32.5,5209,B1,28.0,56.0,3.65,12.9,3.82,9.09,60,31.9,20,32.06,3814,B1,50.0,50.0,5.12,28.42,4.25,21.88,35,36.59,55,26.79,3568,B1,55.0,55.0,3.95,20.69,4.17,33.33,69,19.77,29,37.8,4429,B1,40.0,60.0,3.4,12.0,3.88,12.5,32,38.83,67,34.96,19.3,81.0,14.3,0.0,0.1,1.8,17.4,26.3,42.1,10.5,0.16,2.7,16.5,16.7,27.8,16.7,0.16,3.0,22.9,12.0,20.0,24.0,0.13,2.4,13.8,26.7,46.7,0.0,0.11,2.4,10.1,9.1,36.4,0.0,0.13,2.9,13.1,45.5,27.3,9.1,0.17,3.1,16.7,14.3,14.3,21.4,0.16,2.8,17.9,20.0,13.3,6.7,0.18,4.0,20.2,17.6,0.0,0.0,0.18,3.4,16.7,21.4,7.1,0.0,0.18,3.6,15.5,7.7,15.4,0.0,0.19,3.8,9.0,28.6,14.3,0.0,0.18,4.7,17.9,7.1,7.1,0.0,0.22,4.6,17.9,14.3,21.4,0.0,0.2,4.4,17.9,21.4,0.0,0.0,0.2,4.5,16.7,23.1,0.0,0.0,0.2,4.4,20.5,12.5,0.0,0.0,0.21,5.0,12.5,33.3,16.7,25.0,0.2,4.2,18.8,11.1,38.9,16.7,0.2,3.8,19.8,5.3,26.3,10.5,0.21,3.7,17.7,5.9,11.8,23.5,0.18,4.1,16.7,6.2,12.5,6.2,0.21,4.3,14.6,7.1,0.0,0.0,0.18,4.5,16.3,37.5,25.0,6.2,0.15,3.0,22.4,9.1,4.5,18.2,0.19,3.9,19.4,5.3,5.3,26.3,0.17,3.3,19.4,15.8,21.1,10.5,0.17,2.9,14.3,7.1,7.1,0.0,0.17,3.8,8.2,12.5,0.0,0.0,0.15,4.1,14.1,45.5,18.2,0.0,0.16,2.9,16.7,7.7,23.1,0.0,0.16,3.0,19.2,6.7,13.3,13.3,0.17,3.6,21.8,23.5,0.0,0.0,0.21,4.4,12.8,0.0,0.0,0.0,0.21,4.7,15.4,0.0,0.0,0.0,0.23,5.2
20260810,09,2,3516,B1,58.0,52.0,4.74,36.36,2.63,7.41,24,38.74,36,31.31,3620,B1,52.0,54.0,3.41,12.86,4.19,30.77,59,32.12,58,25.23,3635,B1,55.0,51.0,4.48,25.61,5.53,29.41,50,34.56,73,32.58,4803,B1,32.0,57.0,3.86,20.63,2.75,0.0,62,30.77,60,32.28,5430,B2,22.0,51.0,1.29,2.38,1.91,6.06,11,28.57,66,33.04,3948,B1,50.0,53.0,3.72,13.89,3.81,18.75,30,29.77,62,32.35,20.5,12.5,25.0,18.8,0.18,3.2,16.7,7.7,30.8,15.4,0.15,3.4,15.4,8.3,8.3,0.0,0.2,3.8,11.5,11.1,11.1,11.1,0.19,4.4,21.8,11.8,5.9,0.0,0.21,4.1,14.1,9.1,0.0,0.0,0.19,4.7,15.5,53.3,6.7,26.7,0.16,2.7,17.5,11.8,17.6,11.8,0.19,3.6,18.6,16.7,16.7,0.0,0.19,3.4,21.6,14.3,9.5,9.5,0.16,3.4,13.4,7.7,7.7,0.0,0.2,4.0,13.4,7.7,0.0,0.0,0.22,4.4,16.3,52.9,29.4,5.9,0.16,2.8,17.3,11.1,38.9,11.1,0.16,2.5,13.5,7.1,21.4,28.6,0.14,3.0,16.3,5.9,23.5,5.9,0.19,3.8,15.4,6.2,12.5,6.2,0.18,3.3,21.2,4.5,4.5,4.5,0.19,4.7,14.0,16.7,16.7,8.3,0.16,2.0,16.3,14.3,7.1,21.4,0.19,3.5,23.3,10.0,15.0,0.0,0.19,3.5,10.5,22.2,11.1,0.0,0.19,4.1,20.9,16.7,22.2,0.0,0.19,4.1,15.1,15.4,0.0,0.0,0.21,4.8,0.0,0.0,0.0,0.0,0.0,0.0,0.0,0.0,0.0,0.0,0.0,0.0,0.0,0.0,0.0,0.0,0.0,0.0,0.0,0.0,0.0,0.0,0.0,0.0,0.0,0.0,0.0,0.0,0.0,0.0,100.0,2.9,1.4,0.0,0.18,3.4,12.4,36.4,9.1,18.2,0.12,2.5,19.1,17.6,29.4,0.0,0.21,4.2,19.1,11.8,29.4,17.6,0.17,3.5,15.7,14.3,7.1,0.0,0.2,3.1,18.0,6.2,18.8,6.2,0.17,3.8,15.7,0.0,0.0,0.0,0.23,4.6
20260810,09,3,3692,B1,55.0,54.0,4.92,26.8,5.13,40.0,26,27.88,50,28.97,3505,A2,55.0,54.0,5.27,31.46,5.07,33.33,51,42.62,12,29.84,5101,B1,29.0,54.0,3.14,5.08,0.0,0.0,57,23.6,24,34.29,4693,B1,42.0,53.0,4.07,20.83,4.67,5.56,19,19.12,40,35.14,4656,A2,39.0,55.0,4.78,28.57,6.66,59.38,46,33.58,51,27.45,5259,B2,33.0,56.0,3.07,8.82,2.86,0.0,54,27.27,68,26.04,17.3,27.8,11.1,38.9,0.15,3.6,17.3,11.1,22.2,16.7,0.19,3.6,18.3,26.3,26.3,0.0,0.16,3.7,14.4,6.7,13.3,0.0,0.17,3.6,13.5,14.3,14.3,0.0,0.19,3.0,19.2,25.0,0.0,0.0,0.2,4.6,19.5,73.9,4.3,0.0,0.15,2.5,17.8,9.5,38.1,23.8,0.15,2.6,17.8,14.3,23.8,33.3,0.15,2.9,18.6,18.2,31.8,0.0,0.14,2.8,12.7,6.7,13.3,13.3,0.13,2.5,13.6,6.2,6.2,6.2,0.15,3.5,9.1,16.7,16.7,0.0,0.21,3.3,19.7,7.7,15.4,30.8,0.17,2.8,16.7,18.2,0.0,0.0,0.17,3.4,25.8,5.9,5.9,17.6,0.18,4.0,18.2,8.3,0.0,0.0,0.2,4.0,10.6,14.3,14.3,0.0,0.2,4.3,13.9,13.3,26.7,20.0,0.18,4.1,16.7,16.7,33.3,11.1,0.19,4.4,20.4,13.6,18.2,0.0,0.21,4.3,16.7,16.7,16.7,0.0,0.19,4.2,16.7,16.7,11.1,0.0,0.18,4.0,15.7,17.6,0.0,0.0,0.19,3.8,15.2,64.3,21.4,7.1,0.14,2.1,16.3,20.0,20.0,13.3,0.16,3.2,15.2,14.3,21.4,14.3,0.16,2.9,20.7,15.8,21.1,15.8,0.14,3.3,16.3,33.3,0.0,0.0,0.17,3.1,16.3,6.7,26.7,0.0,0.18,3.7,15.0,16.7,0.0,0.0,0.15,2.7,17.5,0.0,0.0,0.0,0.19,3.4,17.5,14.3,0.0,0.0,0.19,2.9,15.0,16.7,0.0,0.0,0.14,2.7,20.0,12.5,0.0,0.0,0.19,3.1,15.0,16.7,0.0,0.0,0.2,4.8
20260810,09,4,4649,B1,42.0,52.0,5.63,43.52,5.11,31.43,21,40.34,38,34.38,4643,A2,33.0,52.0,6.87,53.01,0.0,0.0,17,23.33,27,25.24,3747,A2,51.0,51.0,5.54,36.47,4.9,25.0,41,43.31,21,33.59,5183,B1,27.0,55.0,4.9,30.38,5.17,30.91,23,31.62,54,22.94,4163,A2,44.0,52.0,5.61,38.32,5.15,27.5,29,29.09,37,32.06,5424,B2,24.0,54.0,1.38,0.0,0.5,0.0,66,27.97,28,38.98,17.2,54.5,9.1,4.5,0.12,2.9,17.2,13.6,9.1,22.7,0.15,3.1,19.5,4.0,16.0,24.0,0.13,2.4,15.6,20.0,10.0,15.0,0.14,2.2,14.1,11.1,33.3,0.0,0.12,2.3,16.4,19.0,0.0,0.0,0.14,3.2,19.3,70.6,11.8,5.9,0.11,1.8,17.0,20.0,40.0,6.7,0.11,2.5,14.8,30.8,23.1,15.4,0.12,2.5,20.5,5.6,27.8,27.8,0.14,3.2,17.0,6.7,26.7,13.3,0.14,2.4,11.4,10.0,20.0,0.0,0.2,3.5,13.1,69.2,7.7,23.1,0.17,3.2,20.2,15.0,25.0,25.0,0.18,3.7,17.2,5.9,41.2,23.5,0.15,3.0,18.2,16.7,16.7,11.1,0.17,3.1,15.2,6.7,33.3,0.0,0.14,3.0,16.2,18.8,25.0,0.0,0.15,3.2,16.5,42.9,28.6,0.0,0.13,2.3,16.5,7.1,28.6,14.3,0.14,3.1,18.8,12.5,12.5,0.0,0.16,2.9,15.3,15.4,15.4,23.1,0.2,3.2,15.3,7.7,15.4,23.1,0.17,3.2,17.6,6.7,0.0,0.0,0.2,4.6,22.7,72.4,13.8,3.4,0.15,3.1,14.8,31.6,36.8,0.0,0.15,3.3,18.8,16.7,20.8,20.8,0.16,3.4,15.6,15.0,25.0,5.0,0.18,4.0,15.6,5.0,15.0,20.0,0.17,4.4,12.5,0.0,0.0,0.0,0.18,4.5,0.0,0.0,0.0,0.0,0.0,0.0,0.0,0.0,0.0,0.0,0.0,0.0,0.0,0.0,0.0,0.0,0.0,0.0,0.0,0.0,0.0,0.0,0.0,0.0,1.7,0.0,0.0,0.0,0.35,4.0,98.3,1.7,0.0,0.0,0.22,4.4
20260810,09,5,5136,A1,26.0,55.0,6.09,43.48,6.33,55.56,63,29.79,74,35.54,4623,B1,41.0,53.0,4.75,30.0,4.93,27.5,13,34.55,71,23.17,4258,B1,42.0,52.0,4.89,33.73,4.65,20.0,71,28.0,15,32.5,5209,B1,28.0,56.0,3.65,12.9,3.82,9.09,60,31.9,20,32.06,4220,B1,44.0,55.0,4.89,32.97,5.83,45.83,38,38.26,69,33.87,4952,B1,32.0,53.0,4.47,22.35,0.0,0.0,65,26.17,35,22.92,19.8,76.9,15.4,0.0,0.12,1.9,19.8,26.9,15.4,11.5,0.14,2.9,16.0,14.3,19.0,33.3,0.14,2.2,13.0,17.6,29.4,23.5,0.13,2.3,14.5,10.5,26.3,21.1,0.14,2.6,16.8,13.6,36.4,0.0,0.17,4.6,12.9,33.3,26.7,13.3,0.15,2.3,19.8,17.4,26.1,17.4,0.15,2.5,18.1,19.0,23.8,0.0,0.16,2.2,18.1,19.0,19.0,0.0,0.16,2.9,19.0,4.5,13.6,0.0,0.17,2.9,12.1,14.3,0.0,0.0,0.2,4.2,15.8,40.0,13.3,20.0,0.14,2.7,14.7,28.6,14.3,21.4,0.16,3.3,18.9,5.6,50.0,5.6,0.16,3.1,16.8,6.2,12.5,6.2,0.18,3.9,18.9,5.6,5.6,0.0,0.2,4.3,14.7,21.4,0.0,0.0,0.21,4.2,9.0,28.6,14.3,0.0,0.18,4.7,17.9,7.1,7.1,0.0,0.22,4.6,17.9,14.3,21.4,0.0,0.2,4.4,17.9,21.4,0.0,0.0,0.2,4.5,16.7,23.1,0.0,0.0,0.2,4.4,20.5,12.5,0.0,0.0,0.21,5.0,15.0,75.0,0.0,0.0,0.18,3.9,17.5,7.1,35.7,14.3,0.19,3.9,20.0,12.5,6.2,12.5,0.18,3.8,17.5,7.1,14.3,0.0,0.18,4.1,18.8,6.7,20.0,13.3,0.18,4.1,11.2,0.0,0.0,0.0,0.16,3.0,10.8,50.0,12.5,12.5,0.16,2.8,20.3,33.3,13.3,0.0,0.18,3.5,18.9,7.1,7.1,28.6,0.15,2.9,17.6,7.7,0.0,0.0,0.22,4.7,20.3,0.0,0.0,0.0,0.2,3.9,12.2,0.0,0.0,0.0,0.2,5.3
20260810,09,6,4505,A1,38.0,56.0,6.64,48.28,5.62,23.53,70,31.16,31,39.05,4864,B1,36.0,53.0,4.65,24.39,0.0,0.0,37,39.85,57,38.57,3543,B1,57.0,55.0,5.02,35.42,4.5,16.67,49,44.35,56,42.15,4466,A2,39.0,52.0,5.63,37.78,5.64,36.21,15,36.61,48,27.03,4401,A2,41.0,54.0,5.49,40.0,4.69,18.75,31,39.52,52,32.77,5430,B2,22.0,51.0,1.29,2.38,1.91,6.06,11,28.57,66,33.04,19.8,84.2,5.3,5.3,0.12,1.9,17.7,17.6,29.4,17.6,0.17,3.3,14.6,14.3,28.6,28.6,0.16,3.1,19.8,36.8,5.3,21.1,0.17,2.6,12.5,16.7,8.3,25.0,0.14,3.3,15.6,13.3,20.0,0.0,0.18,4.5,14.7,27.3,18.2,9.1,0.16,3.0,14.7,27.3,0.0,0.0,0.16,2.9,18.7,7.1,28.6,14.3,0.18,3.5,21.3,6.2,31.2,0.0,0.18,4.3,18.7,14.3,21.4,0.0,0.17,2.9,12.0,0.0,0.0,0.0,0.19,4.6,15.6,41.7,33.3,0.0,0.16,4.4,15.6,25.0,16.7,16.7,0.17,3.6,15.6,8.3,33.3,16.7,0.15,2.5,19.5,20.0,26.7,6.7,0.16,2.9,22.1,5.9,17.6,0.0,0.15,2.9,11.7,33.3,0.0,0.0,0.19,3.6,18.7,58.8,23.5,11.8,0.16,3.2,18.7,11.8,17.6,29.4,0.16,4.1,18.7,17.6,29.4,11.8,0.21,3.5,14.3,15.4,7.7,30.8,0.19,3.2,15.4,14.3,28.6,0.0,0.2,4.1,14.3,15.4,0.0,0.0,0.24,4.9,20.0,77.3,18.2,4.5,0.12,1.8,15.5,11.8,11.8,17.6,0.16,3.1,16.4,16.7,16.7,22.2,0.16,3.1,19.1,19.0,19.0,14.3,0.16,2.8,13.6,20.0,13.3,0.0,0.14,3.2,15.5,17.6,0.0,0.0,0.14,2.6,0.0,0.0,0.0,0.0,0.0,0.0,0.0,0.0,0.0,0.0,0.0,0.0,0.0,0.0,0.0,0.0,0.0,0.0,0.0,0.0,0.0,0.0,0.0,0.0,0.0,0.0,0.0,0.0,0.0,0.0,100.0,2.9,1.4,0.0,0.18,3.4
20260810,09,7,4656,A2,39.0,55.0,4.78,28.57,6.66,59.38,46,33.58,51,27.45,4339,B1,42.0,54.0,3.54,10.53,4.04,15.38,44,47.22,46,45.45,4693,B1,42.0,53.0,4.07,20.83,4.67,5.56,19,19.12,40,35.14,3620,B1,52.0,54.0,3.41,12.86,4.19,30.77,59,32.12,58,25.23,4429,B1,40.0,60.0,3.4,12.0,3.88,12.5,32,38.83,67,34.96,4797,A1,34.0,55.0,6.63,51.16,5.81,42.06,73,36.22,41,19.81,15.2,64.3,21.4,7.1,0.14,2.1,16.3,20.0,20.0,13.3,0.16,3.2,15.2,14.3,21.4,14.3,0.16,2.9,20.7,15.8,21.1,15.8,0.14,3.3,16.3,33.3,0.0,0.0,0.17,3.1,16.3,6.7,26.7,0.0,0.18,3.7,15.5,26.7,26.7,0.0,0.16,2.5,18.6,5.6,22.2,5.6,0.21,4.3,16.5,6.2,25.0,0.0,0.19,3.6,14.4,7.1,50.0,0.0,0.18,3.7,21.6,4.8,14.3,0.0,0.19,3.5,13.4,7.7,7.7,0.0,0.21,4.4,13.9,13.3,26.7,20.0,0.18,4.1,16.7,16.7,33.3,11.1,0.19,4.4,20.4,13.6,18.2,0.0,0.21,4.3,16.7,16.7,16.7,0.0,0.19,4.2,16.7,16.7,11.1,0.0,0.18,4.0,15.7,17.6,0.0,0.0,0.19,3.8,15.5,53.3,6.7,26.7,0.16,2.7,17.5,11.8,17.6,11.8,0.19,3.6,18.6,16.7,16.7,0.0,0.19,3.4,21.6,14.3,9.5,9.5,0.16,3.4,13.4,7.7,7.7,0.0,0.2,4.0,13.4,7.7,0.0,0.0,0.22,4.4,14.1,45.5,18.2,0.0,0.16,2.9,16.7,7.7,23.1,0.0,0.16,3.0,19.2,6.7,13.3,13.3,0.17,3.6,21.8,23.5,0.0,0.0,0.21,4.4,12.8,0.0,0.0,0.0,0.21,4.7,15.4,0.0,0.0,0.0,0.23,5.2,15.1,85.7,7.1,7.1,0.14,2.9,16.1,26.7,40.0,13.3,0.09,1.3,18.3,35.3,17.6,17.6,0.13,2.6,15.1,28.6,28.6,21.4,0.1,2.1,15.1,42.9,35.7,0.0,0.15,2.6,20.4,15.8,21.1,0.0,0.14,3.1
20260810,09,8,4146,A2,44.0,53.0,5.24,28.09,4.25,18.87,20,31.53,17,34.13,3814,B1,50.0,50.0,5.12,28.42,4.25,21.88,35,36.59,55,26.79,3568,B1,55.0,55.0,3.95,20.69,4.17,33.33,69,19.77,29,37.8,5424,B2,24.0,54.0,1.38,0.0,0.5,0.0,66,27.97,28,38.98,5101,B1,29.0,54.0,3.14,5.08,0.0,0.0,57,23.6,24,34.29,4398,A1,39.0,52.0,6.61,51.49,7.4,52.0,61,29.92,11,36.92,17.2,76.2,14.3,4.8,0.14,3.0,18.9,8.7,21.7,26.1,0.16,3.4,18.0,13.6,13.6,40.9,0.15,2.8,16.4,20.0,15.0,25.0,0.13,2.6,16.4,15.0,20.0,15.0,0.12,2.1,13.1,12.5,18.8,0.0,0.16,3.0,12.5,33.3,16.7,25.0,0.2,4.2,18.8,11.1,38.9,16.7,0.2,3.8,19.8,5.3,26.3,10.5,0.21,3.7,17.7,5.9,11.8,23.5,0.18,4.1,16.7,6.2,12.5,6.2,0.21,4.3,14.6,7.1,0.0,0.0,0.18,4.5,16.3,37.5,25.0,6.2,0.15,3.0,22.4,9.1,4.5,18.2,0.19,3.9,19.4,5.3,5.3,26.3,0.17,3.3,19.4,15.8,21.1,10.5,0.17,2.9,14.3,7.1,7.1,0.0,0.17,3.8,8.2,12.5,0.0,0.0,0.15,4.1,0.0,0.0,0.0,0.0,0.0,0.0,0.0,0.0,0.0,0.0,0.0,0.0,0.0,0.0,0.0,0.0,0.0,0.0,0.0,0.0,0.0,0.0,0.0,0.0,1.7,0.0,0.0,0.0,0.35,4.0,98.3,1.7,0.0,0.0,0.22,4.4,9.1,16.7,16.7,0.0,0.21,3.3,19.7,7.7,15.4,30.8,0.17,2.8,16.7,18.2,0.0,0.0,0.17,3.4,25.8,5.9,5.9,17.6,0.18,4.0,18.2,8.3,0.0,0.0,0.2,4.0,10.6,14.3,14.3,0.0,0.2,4.3,21.3,82.8,10.3,3.4,0.13,2.1,15.4,9.5,38.1,33.3,0.14,2.5,16.9,17.4,30.4,21.7,0.13,2.8,16.9,8.7,13.0,34.8,0.13,2.8,13.2,22.2,38.9,0.0,0.13,2.7,16.2,4.5,9.1,9.1,0.19,4.6
20260810,09,9,4163,A2,44.0,52.0,5.61,38.32,5.15,27.5,29,29.09,37,32.06,5183,B1,27.0,55.0,4.9,30.38,5.17,30.91,23,31.62,54,22.94,4803,B1,32.0,57.0,3.86,20.63,2.75,0.0,62,30.77,60,32.28,4220,B1,44.0,55.0,4.89,32.97,5.83,45.83,38,38.26,69,33.87,3505,A2,55.0,54.0,5.27,31.46,5.07,33.33,51,42.62,12,29.84,3635,B1,55.0,51.0,4.48,25.61,5.53,29.41,50,34.56,73,32.58,22.7,72.4,13.8,3.4,0.15,3.1,14.8,31.6,36.8,0.0,0.15,3.3,18.8,16.7,20.8,20.8,0.16,3.4,15.6,15.0,25.0,5.0,0.18,4.0,15.6,5.0,15.0,20.0,0.17,4.4,12.5,0.0,0.0,0.0,0.18,4.5,16.5,42.9,28.6,0.0,0.13,2.3,16.5,7.1,28.6,14.3,0.14,3.1,18.8,12.5,12.5,0.0,0.16,2.9,15.3,15.4,15.4,23.1,0.2,3.2,15.3,7.7,15.4,23.1,0.17,3.2,17.6,6.7,0.0,0.0,0.2,4.6,14.0,16.7,16.7,8.3,0.16,2.0,16.3,14.3,7.1,21.4,0.19,3.5,23.3,10.0,15.0,0.0,0.19,3.5,10.5,22.2,11.1,0.0,0.19,4.1,20.9,16.7,22.2,0.0,0.19,4.1,15.1,15.4,0.0,0.0,0.21,4.8,15.0,75.0,0.0,0.0,0.18,3.9,17.5,7.1,35.7,14.3,0.19,3.9,20.0,12.5,6.2,12.5,0.18,3.8,17.5,7.1,14.3,0.0,0.18,4.1,18.8,6.7,20.0,13.3,0.18,4.1,11.2,0.0,0.0,0.0,0.16,3.0,19.5,73.9,4.3,0.0,0.15,2.5,17.8,9.5,38.1,23.8,0.15,2.6,17.8,14.3,23.8,33.3,0.15,2.9,18.6,18.2,31.8,0.0,0.14,2.8,12.7,6.7,13.3,13.3,0.13,2.5,13.6,6.2,6.2,6.2,0.15,3.5,16.3,52.9,29.4,5.9,0.16,2.8,17.3,11.1,38.9,11.1,0.16,2.5,13.5,7.1,21.4,28.6,0.14,3.0,16.3,5.9,23.5,5.9,0.19,3.8,15.4,6.2,12.5,6.2,0.18,3.3,21.2,4.5,4.5,4.5,0.19,4.7
20260810,09,10,4401,A2,41.0,54.0,5.49,40.0,4.69,18.75,31,39.52,52,32.77,4794,A1,36.0,55.0,6.65,51.35,7.21,64.29,68,35.21,25,33.59,4643,A2,33.0,52.0,6.87,53.01,0.0,0.0,17,23.33,27,25.24,4649,B1,42.0,52.0,5.63,43.52,5.11,31.43,21,40.34,38,34.38,3692,B1,55.0,54.0,4.92,26.8,5.13,40.0,26,27.88,50,28.97,4623,B1,41.0,53.0,4.75,30.0,4.93,27.5,13,34.55,71,23.17,20.0,77.3,18.2,4.5,0.12,1.8,15.5,11.8,11.8,17.6,0.16,3.1,16.4,16.7,16.7,22.2,0.16,3.1,19.1,19.0,19.0,14.3,0.16,2.8,13.6,20.0,13.3,0.0,0.14,3.2,15.5,17.6,0.0,0.0,0.14,2.6,19.3,81.0,14.3,0.0,0.1,1.8,17.4,26.3,42.1,10.5,0.16,2.7,16.5,16.7,27.8,16.7,0.16,3.0,22.9,12.0,20.0,24.0,0.13,2.4,13.8,26.7,46.7,0.0,0.11,2.4,10.1,9.1,36.4,0.0,0.13,2.9,19.3,70.6,11.8,5.9,0.11,1.8,17.0,20.0,40.0,6.7,0.11,2.5,14.8,30.8,23.1,15.4,0.12,2.5,20.5,5.6,27.8,27.8,0.14,3.2,17.0,6.7,26.7,13.3,0.14,2.4,11.4,10.0,20.0,0.0,0.2,3.5,17.2,54.5,9.1,4.5,0.12,2.9,17.2,13.6,9.1,22.7,0.15,3.1,19.5,4.0,16.0,24.0,0.13,2.4,15.6,20.0,10.0,15.0,0.14,2.2,14.1,11.1,33.3,0.0,0.12,2.3,16.4,19.0,0.0,0.0,0.14,3.2,17.3,27.8,11.1,38.9,0.15,3.6,17.3,11.1,22.2,16.7,0.19,3.6,18.3,26.3,26.3,0.0,0.16,3.7,14.4,6.7,13.3,0.0,0.17,3.6,13.5,14.3,14.3,0.0,0.19,3.0,19.2,25.0,0.0,0.0,0.2,4.6,12.9,33.3,26.7,13.3,0.15,2.3,19.8,17.4,26.1,17.4,0.15,2.5,18.1,19.0,23.8,0.0,0.16,2.2,18.1,19.0,19.0,0.0,0.16,2.9,19.0,4.5,13.6,0.0,0.17,2.9,12.1,14.3,0.0,0.0,0.2,4.2
20260810,09,11,4466,A2,39.0,52.0,5.63,37.78,5.64,36.21,15,36.61,48,27.03,4505,A1,38.0,56.0,6.64,48.28,5.62,23.53,70,31.16,31,39.05,5136,A1,26.0,55.0,6.09,43.48,6.33,55.56,63,29.79,74,35.54,4258,B1,42.0,52.0,4.89,33.73,4.65,20.0,71,28.0,15,32.5,4339,B1,42.0,54.0,3.54,10.53,4.04,15.38,44,47.22,46,45.45,3747,A2,51.0,51.0,5.54,36.47,4.9,25.0,41,43.31,21,33.59,18.7,58.8,23.5,11.8,0.16,3.2,18.7,11.8,17.6,29.4,0.16,4.1,18.7,17.6,29.4,11.8,0.21,3.5,14.3,15.4,7.7,30.8,0.19,3.2,15.4,14.3,28.6,0.0,0.2,4.1,14.3,15.4,0.0,0.0,0.24,4.9,19.8,84.2,5.3,5.3,0.12,1.9,17.7,17.6,29.4,17.6,0.17,3.3,14.6,14.3,28.6,28.6,0.16,3.1,19.8,36.8,5.3,21.1,0.17,2.6,12.5,16.7,8.3,25.0,0.14,3.3,15.6,13.3,20.0,0.0,0.18,4.5,19.8,76.9,15.4,0.0,0.12,1.9,19.8,26.9,15.4,11.5,0.14,2.9,16.0,14.3,19.0,33.3,0.14,2.2,13.0,17.6,29.4,23.5,0.13,2.3,14.5,10.5,26.3,21.1,0.14,2.6,16.8,13.6,36.4,0.0,0.17,4.6,15.8,40.0,13.3,20.0,0.14,2.7,14.7,28.6,14.3,21.4,0.16,3.3,18.9,5.6,50.0,5.6,0.16,3.1,16.8,6.2,12.5,6.2,0.18,3.9,18.9,5.6,5.6,0.0,0.2,4.3,14.7,21.4,0.0,0.0,0.21,4.2,15.5,26.7,26.7,0.0,0.16,2.5,18.6,5.6,22.2,5.6,0.21,4.3,16.5,6.2,25.0,0.0,0.19,3.6,14.4,7.1,50.0,0.0,0.18,3.7,21.6,4.8,14.3,0.0,0.19,3.5,13.4,7.7,7.7,0.0,0.21,4.4,13.1,69.2,7.7,23.1,0.17,3.2,20.2,15.0,25.0,25.0,0.18,3.7,17.2,5.9,41.2,23.5,0.15,3.0,18.2,16.7,16.7,11.1,0.17,3.1,15.2,6.7,33.3,0.0,0.14,3.0,16.2,18.8,25.0,0.0,0.15,3.2
20260810,09,12,4391,A1,40.0,51.0,6.71,50.0,7.0,50.0,58,37.3,34,39.82,4953,A1,31.0,54.0,6.68,51.75,7.5,64.29,14,26.45,23,31.07,5257,A1,22.0,52.0,6.38,43.85,6.63,48.15,12,20.0,16,40.77,4926,A1,33.0,52.0,7.29,58.24,7.25,63.04,48,32.82,26,37.29,5038,A2,28.0,51.0,6.36,49.14,0.0,0.0,40,43.9,64,25.47,4099,A2,47.0,53.0,5.64,37.37,6.4,50.0,36,41.82,63,33.33,21.6,76.2,19.0,0.0,0.16,3.0,14.4,14.3,50.0,0.0,0.14,3.5,15.5,13.3,13.3,26.7,0.14,2.9,21.6,14.3,28.6,9.5,0.15,3.4,14.4,7.1,35.7,0.0,0.14,3.6,12.4,8.3,0.0,0.0,0.18,3.8,18.8,85.7,9.5,0.0,0.16,2.9,16.1,27.8,33.3,11.1,0.16,3.5,18.8,28.6,28.6,14.3,0.18,3.8,13.4,13.3,46.7,13.3,0.15,3.0,18.8,9.5,42.9,0.0,0.16,3.2,14.3,12.5,6.2,31.2,0.15,3.6,21.2,61.8,11.8,14.7,0.14,3.0,16.2,23.1,34.6,15.4,0.19,3.4,17.5,10.7,28.6,28.6,0.15,2.8,14.4,21.7,13.0,17.4,0.16,2.9,18.1,10.3,20.7,27.6,0.15,3.2,12.5,15.0,20.0,0.0,0.15,3.5,25.8,88.0,4.0,0.0,0.14,2.5,17.5,29.4,11.8,41.2,0.2,3.8,13.4,15.4,46.2,15.4,0.14,2.5,13.4,46.2,15.4,15.4,0.14,2.4,15.5,46.7,20.0,26.7,0.14,2.7,14.4,21.4,28.6,21.4,0.18,3.5,17.5,71.4,21.4,0.0,0.17,2.6,22.5,27.8,38.9,16.7,0.18,2.7,11.2,22.2,22.2,0.0,0.16,3.2,17.5,14.3,21.4,42.9,0.14,2.7,16.2,15.4,7.7,30.8,0.16,3.5,15.0,8.3,25.0,0.0,0.18,3.5,22.2,71.4,10.7,10.7,0.18,4.0,18.3,21.7,17.4,26.1,0.17,3.7,15.1,10.5,31.6,31.6,0.18,2.9,19.8,12.0,20.0,36.0,0.15,3.0,13.5,17.6,11.8,0.0,0.15,2.7,11.1,7.1,7.1,21.4,0.15,2.9
20260810,08,1,3999,A2,47.0,45.0,6.29,47.86,5.98,41.82,52,34.67,32,38.89,3528,B1,55.0,48.0,4.14,14.1,3.99,19.48,60,33.64,53,48.15,5347,B2,22.0,45.0,1.64,0.0,1.28,0.0,24,33.01,72,41.67,4901,B1,33.0,45.0,5.54,31.76,0.0,0.0,7,33.33,19,37.04,5472,B2,16.0,42.0,1.0,0.0,1.0,0.0,4,32.51,64,40.63,3302,B1,59.0,46.0,5.38,39.34,5.51,36.84,45,30.66,75,33.33,21.0,63.3,13.3,13.3,0.14,2.6,15.4,54.5,4.5,0.0,0.17,3.4,18.2,15.4,30.8,11.5,0.16,2.7,14.7,14.3,9.5,33.3,0.15,2.8,14.7,4.8,19.0,23.8,0.17,2.9,16.1,4.3,21.7,0.0,0.16,3.6,16.9,20.0,20.0,13.3,0.16,2.8,16.9,6.7,6.7,13.3,0.24,5.0,19.1,5.9,0.0,0.0,0.21,3.9,19.1,5.9,29.4,0.0,0.16,3.4,18.0,6.2,18.8,0.0,0.19,3.7,10.1,44.4,0.0,0.0,0.25,4.4,0.0,0.0,0.0,0.0,0.0,0.0,0.0,0.0,0.0,0.0,0.0,0.0,1.4,0.0,0.0,0.0,0.55,5.0,24.7,5.6,0.0,0.0,0.25,5.1,28.8,9.5,0.0,0.0,0.2,4.1,45.2,3.0,0.0,0.0,0.19,4.3,13.6,45.5,9.1,9.1,0.19,2.6,16.0,15.4,23.1,15.4,0.18,3.1,18.5,20.0,13.3,20.0,0.16,3.4,22.2,5.6,5.6,16.7,0.17,2.9,18.5,20.0,0.0,0.0,0.14,2.6,11.1,11.1,0.0,0.0,0.16,3.2,0.0,0.0,0.0,0.0,0.0,0.0,0.0,0.0,0.0,0.0,0.0,0.0,0.0,0.0,0.0,0.0,0.0,0.0,0.0,0.0,0.0,0.0,0.0,0.0,0.0,0.0,0.0,0.0,0.0,0.0,0.0,0.0,0.0,0.0,0.0,0.0,16.4,50.0,8.3,8.3,0.19,3.7,21.9,25.0,31.2,12.5,0.17,3.5,12.3,44.4,11.1,0.0,0.18,2.4,21.9,6.2,12.5,18.8,0.16,2.9,13.7,10.0,10.0,0.0,0.16,3.0,13.7,10.0,0.0,0.0,0.22,3.7
20260810,08,2,3831,B1,52.0,54.0,4.21,25.84,5.0,34.38,32,29.9,33,11.11,4435,A2,40.0,54.0,5.63,36.78,4.87,29.85,5,36.15,38,30.77,4527,B1,38.0,52.0,4.44,24.36,4.18,21.62,54,29.69,60,56.25,4850,A2,31.0,53.0,6.18,42.5,6.2,43.9,19,34.15,14,41.38,5082,B1,27.0,57.0,5.23,33.64,4.14,14.29,57,33.85,18,37.93,5410,B2,21.0,50.0,2.13,6.25,1.15,0.0,3,46.57,66,32.0,16.2,37.5,25.0,0.0,0.16,2.9,14.1,7.1,57.1,7.1,0.14,3.6,21.2,14.3,19.0,14.3,0.13,2.6,19.2,5.3,21.1,21.1,0.14,2.4,16.2,12.5,25.0,0.0,0.14,2.9,13.1,7.7,0.0,0.0,0.22,4.4,13.6,58.3,16.7,8.3,0.13,2.2,18.2,25.0,18.8,18.8,0.2,4.3,19.3,17.6,29.4,11.8,0.2,3.1,18.2,6.2,25.0,25.0,0.17,3.1,13.6,16.7,41.7,0.0,0.15,2.9,17.0,26.7,0.0,0.0,0.22,4.3,14.1,41.7,8.3,0.0,0.14,2.3,21.2,5.6,16.7,33.3,0.15,3.2,15.3,7.7,23.1,30.8,0.16,3.4,21.2,5.6,11.1,22.2,0.17,3.3,17.6,6.7,0.0,0.0,0.22,4.4,10.6,0.0,0.0,0.0,0.23,5.0,18.2,79.2,16.7,4.2,0.12,1.9,13.6,27.8,22.2,11.1,0.11,2.1,21.2,10.7,25.0,25.0,0.12,2.2,18.2,8.3,8.3,33.3,0.11,2.1,20.5,11.1,14.8,22.2,0.1,2.0,8.3,18.2,9.1,0.0,0.15,2.4,11.3,41.7,8.3,33.3,0.18,3.3,21.7,30.4,30.4,0.0,0.19,3.4,17.9,5.3,15.8,21.1,0.18,3.9,18.9,20.0,20.0,15.0,0.16,3.2,15.1,18.8,31.2,0.0,0.21,4.3,15.1,6.2,18.8,18.8,0.19,4.3,0.0,0.0,0.0,0.0,0.0,0.0,0.0,0.0,0.0,0.0,0.0,0.0,0.0,0.0,0.0,0.0,0.0,0.0,0.0,0.0,0.0,0.0,0.0,0.0,6.4,0.0,0.0,0.0,0.19,3.0,93.6,1.4,2.7,2.7,0.16,2.9
20260810,08,3,4837,B1,37.0,51.0,4.88,31.71,4.91,33.96,30,43.01,65,38.1,4604,A1,38.0,52.0,7.24,51.54,7.38,57.94,47,33.5,24,25.93,4293,B1,41.0,60.0,4.98,30.0,5.05,32.81,21,35.5,31,15.79,4665,B1,42.0,52.0,4.08,17.44,4.61,25.81,59,41.21,56,24.14,5074,B1,30.0,56.0,4.16,20.0,4.2,20.0,31,42.16,67,35.71,4142,A2,45.0,54.0,5.7,32.14,5.29,24.68,55,26.92,63,31.03,14.8,30.8,30.8,15.4,0.15,3.2,15.9,7.1,21.4,0.0,0.18,3.8,20.5,38.9,11.1,0.0,0.15,2.7,17.0,6.7,46.7,0.0,0.15,3.6,19.3,5.9,29.4,0.0,0.17,3.7,12.5,9.1,9.1,0.0,0.16,3.8,20.0,88.5,3.8,3.8,0.13,2.0,16.9,27.3,36.4,13.6,0.13,3.0,17.7,8.7,34.8,26.1,0.15,3.6,13.1,11.8,11.8,47.1,0.15,3.5,19.2,8.0,16.0,20.0,0.15,3.8,13.1,17.6,0.0,0.0,0.16,4.4,18.6,36.4,31.8,4.5,0.15,3.3,18.6,9.1,31.8,18.2,0.19,4.0,15.3,5.6,27.8,16.7,0.18,3.8,12.7,20.0,0.0,0.0,0.21,4.9,15.3,16.7,0.0,0.0,0.18,4.1,19.5,17.4,0.0,0.0,0.19,4.0,11.8,41.7,16.7,0.0,0.15,3.1,14.7,33.3,0.0,0.0,0.16,3.5,23.5,4.2,12.5,25.0,0.18,4.0,20.6,4.8,9.5,14.3,0.19,3.3,18.6,5.3,15.8,0.0,0.17,3.5,10.8,9.1,18.2,0.0,0.18,4.5,15.6,60.0,13.3,0.0,0.14,2.9,15.6,6.7,26.7,0.0,0.2,3.8,13.5,15.4,38.5,0.0,0.19,3.7,15.6,6.7,6.7,20.0,0.19,3.9,18.8,27.8,27.8,0.0,0.18,3.5,20.8,10.0,5.0,0.0,0.2,3.9,18.8,45.5,31.8,18.2,0.17,3.0,17.9,19.0,19.0,28.6,0.18,3.8,16.2,10.5,36.8,31.6,0.17,3.6,19.7,8.7,47.8,0.0,0.18,4.0,14.5,5.9,17.6,0.0,0.21,4.0,12.8,6.7,0.0,0.0,0.17,4.6
20260810,08,4,4118,A2,45.0,53.0,5.72,36.44,6.0,39.76,25,28.99,54,18.52,5232,B1,28.0,52.0,5.19,28.89,2.74,5.26,28,29.7,35,27.59,4678,B1,37.0,46.0,4.66,27.03,5.49,38.67,38,31.13,42,21.43,5405,B1,22.0,52.0,2.19,0.0,1.52,0.0,20,33.17,29,23.08,3554,A1,54.0,53.0,6.47,51.91,6.9,54.55,10,41.23,28,26.92,5318,B1,25.0,54.0,3.92,18.68,2.08,3.13,9,42.86,69,32.14,22.1,63.6,27.3,3.0,0.13,2.1,14.8,9.1,27.3,22.7,0.15,2.3,13.4,5.0,20.0,20.0,0.13,2.6,19.5,13.8,27.6,17.2,0.16,2.7,13.4,10.0,20.0,25.0,0.14,3.1,16.8,4.0,4.0,20.0,0.17,3.9,14.3,50.0,25.0,0.0,0.14,3.8,19.0,6.2,18.8,18.8,0.18,4.3,16.7,35.7,14.3,0.0,0.18,3.4,15.5,15.4,7.7,0.0,0.14,2.8,21.4,11.1,16.7,11.1,0.15,3.1,13.1,18.2,0.0,0.0,0.19,4.6,16.9,66.7,13.3,13.3,0.17,2.3,21.3,15.8,21.1,21.1,0.16,3.1,12.4,9.1,45.5,9.1,0.16,2.8,13.5,8.3,33.3,0.0,0.15,2.5,24.7,9.1,4.5,13.6,0.16,3.2,11.2,20.0,0.0,0.0,0.23,4.6,0.0,0.0,0.0,0.0,0.0,0.0,0.0,0.0,0.0,0.0,0.0,0.0,1.3,100.0,0.0,0.0,0.24,1.0,15.2,16.7,8.3,0.0,0.19,2.2,32.9,7.7,0.0,0.0,0.2,3.1,50.6,2.5,0.0,0.0,0.19,3.7,28.3,58.5,24.4,7.3,0.18,3.3,17.9,15.4,38.5,15.4,0.17,3.4,23.4,8.8,23.5,35.3,0.17,3.2,20.0,24.1,24.1,13.8,0.18,3.6,9.0,15.4,30.8,0.0,0.22,4.5,1.4,0.0,0.0,0.0,0.2,4.5,11.3,25.0,25.0,0.0,0.15,3.1,18.9,5.0,15.0,0.0,0.19,3.8,21.7,4.3,13.0,17.4,0.18,3.3,17.9,5.3,21.1,0.0,0.16,2.8,17.0,5.6,11.1,11.1,0.18,3.7,13.2,7.1,0.0,0.0,0.17,3.5
20260810,08,5,3690,B1,55.0,52.0,4.87,31.0,4.32,22.0,36,31.19,20,35.71,5002,A2,30.0,52.0,5.37,32.67,5.52,39.24,1,35.2,74,40.74,4016,B1,46.0,57.0,5.5,33.66,6.02,42.0,14,49.75,43,33.33,4979,B1,30.0,53.0,4.88,30.3,4.91,29.85,39,41.36,76,38.46,4074,A1,45.0,52.0,6.54,48.33,6.73,52.88,16,37.02,22,43.75,4526,A2,38.0,51.0,4.82,26.32,6.35,47.37,53,39.0,46,26.92,11.8,25.0,33.3,8.3,0.18,3.1,20.6,14.3,28.6,28.6,0.21,4.7,18.6,5.3,26.3,5.3,0.18,4.1,15.7,6.2,25.0,0.0,0.16,3.0,16.7,5.9,11.8,0.0,0.19,4.2,16.7,5.9,17.6,0.0,0.19,3.8,19.8,60.9,21.7,0.0,0.17,3.0,18.1,19.0,33.3,19.0,0.15,3.2,13.8,18.8,25.0,37.5,0.2,2.6,15.5,5.6,22.2,27.8,0.16,3.2,17.2,10.0,5.0,25.0,0.18,3.4,15.5,27.8,0.0,0.0,0.17,3.5,14.3,28.6,28.6,28.6,0.17,3.1,17.3,5.9,35.3,23.5,0.19,3.8,16.3,25.0,37.5,0.0,0.14,2.0,19.4,21.1,10.5,15.8,0.16,2.6,17.3,5.9,11.8,11.8,0.18,3.2,15.3,6.7,20.0,6.7,0.16,2.8,16.9,57.1,14.3,14.3,0.15,3.1,14.5,11.1,16.7,5.6,0.16,3.6,17.7,18.2,36.4,0.0,0.18,3.4,21.0,19.2,7.7,19.2,0.14,2.7,16.9,4.8,23.8,9.5,0.18,3.0,12.9,25.0,0.0,0.0,0.19,3.6,17.9,66.7,14.3,4.8,0.12,2.2,16.2,15.8,42.1,15.8,0.15,3.3,20.5,12.5,37.5,20.8,0.12,2.3,19.7,4.3,26.1,34.8,0.14,3.0,14.5,29.4,5.9,0.0,0.15,3.4,11.1,7.7,23.1,0.0,0.14,2.8,16.7,70.6,17.6,0.0,0.14,2.4,15.7,31.2,31.2,0.0,0.15,2.9,15.7,25.0,18.8,12.5,0.16,2.4,15.7,18.8,25.0,6.2,0.14,2.5,21.6,9.1,9.1,18.2,0.14,2.5,14.7,6.7,20.0,0.0,0.17,2.7
20260810,08,6,4409,A1,40.0,56.0,6.31,47.87,6.56,48.89,40,32.5,44,50.0,3929,B1,50.0,51.0,4.06,17.98,4.48,22.62,50,34.36,57,51.52,3687,B1,56.0,52.0,4.97,29.89,5.12,30.0,26,34.43,11,37.04,4910,A1,30.0,51.0,7.08,57.29,6.58,49.35,56,28.42,73,44.83,4785,B1,38.0,52.0,4.44,20.51,4.64,21.82,58,32.86,49,11.11,4276,A2,43.0,53.0,5.77,41.18,7.33,69.44,6,31.61,37,27.59,24.6,80.0,6.7,6.7,0.16,3.3,18.0,18.2,40.9,18.2,0.15,2.8,13.1,18.8,31.2,18.8,0.12,2.3,15.6,15.8,31.6,36.8,0.12,2.7,14.8,16.7,27.8,27.8,0.16,2.7,13.9,5.9,11.8,11.8,0.18,3.6,14.1,30.8,23.1,0.0,0.17,3.1,15.2,14.3,14.3,28.6,0.17,2.3,21.7,10.0,10.0,20.0,0.15,2.4,17.4,6.2,31.2,0.0,0.16,3.3,17.4,12.5,12.5,6.2,0.17,2.5,14.1,7.7,7.7,0.0,0.14,2.7,15.4,78.6,14.3,0.0,0.15,1.6,35.2,9.4,28.1,18.8,0.14,2.7,25.3,4.3,13.0,17.4,0.18,2.9,23.1,4.8,9.5,14.3,0.18,3.7,1.1,0.0,0.0,0.0,0.29,5.0,0.0,0.0,0.0,0.0,0.0,0.0,21.2,85.7,4.8,0.0,0.14,1.9,16.2,6.2,43.8,25.0,0.15,3.1,15.2,20.0,40.0,13.3,0.16,2.4,17.2,47.1,5.9,0.0,0.18,3.9,17.2,11.8,23.5,17.6,0.13,2.6,13.1,7.7,15.4,0.0,0.16,4.1,13.2,25.0,25.0,0.0,0.2,3.7,18.7,5.9,17.6,11.8,0.2,3.8,20.9,15.8,26.3,21.1,0.18,3.8,15.4,14.3,28.6,0.0,0.24,4.6,19.8,5.6,16.7,22.2,0.19,4.3,12.1,9.1,18.2,0.0,0.21,4.4,20.2,50.0,9.1,9.1,0.21,4.3,13.8,13.3,13.3,20.0,0.15,3.1,18.3,30.0,15.0,5.0,0.16,2.6,13.8,33.3,20.0,13.3,0.13,2.6,18.3,10.0,15.0,10.0,0.16,3.2,15.6,5.9,11.8,5.9,0.14,2.5
20260810,08,7,3315,B1,60.0,53.0,4.31,22.67,4.99,27.06,8,34.95,70,15.15,5125,A2,30.0,52.0,5.06,28.13,5.61,33.33,12,41.84,12,10.71,5074,B1,30.0,56.0,4.16,20.0,4.2,20.0,31,42.16,67,35.71,5410,B2,21.0,50.0,2.13,6.25,1.15,0.0,3,46.57,66,32.0,3941,A1,48.0,54.0,7.64,46.96,8.03,64.71,41,33.01,71,33.33,4752,B1,38.0,51.0,4.2,21.69,4.27,20.97,29,34.78,50,37.04,14.7,18.2,18.2,27.3,0.11,2.6,16.0,16.7,25.0,0.0,0.18,3.8,18.7,35.7,21.4,0.0,0.15,2.9,21.3,6.2,12.5,18.8,0.17,3.4,14.7,9.1,27.3,0.0,0.17,4.0,14.7,18.2,18.2,0.0,0.2,3.9,21.0,71.4,4.8,9.5,0.15,3.1,19.0,15.8,31.6,26.3,0.18,3.9,13.0,15.4,15.4,7.7,0.15,3.3,14.0,7.1,7.1,14.3,0.19,3.8,18.0,16.7,33.3,16.7,0.17,3.7,15.0,13.3,26.7,0.0,0.22,4.9,15.6,60.0,13.3,0.0,0.14,2.9,15.6,6.7,26.7,0.0,0.2,3.8,13.5,15.4,38.5,0.0,0.19,3.7,15.6,6.7,6.7,20.0,0.19,3.9,18.8,27.8,27.8,0.0,0.18,3.5,20.8,10.0,5.0,0.0,0.2,3.9,0.0,0.0,0.0,0.0,0.0,0.0,0.0,0.0,0.0,0.0,0.0,0.0,0.0,0.0,0.0,0.0,0.0,0.0,0.0,0.0,0.0,0.0,0.0,0.0,6.4,0.0,0.0,0.0,0.19,3.0,93.6,1.4,2.7,2.7,0.16,2.9,25.9,83.3,6.7,6.7,0.11,2.4,12.1,14.3,35.7,28.6,0.11,2.9,17.2,45.0,25.0,20.0,0.1,1.8,15.5,11.1,33.3,16.7,0.12,2.7,17.2,15.0,15.0,35.0,0.14,3.2,12.1,7.1,14.3,0.0,0.14,3.9,11.4,22.2,66.7,0.0,0.17,2.6,19.0,6.7,13.3,26.7,0.17,2.8,16.5,7.7,23.1,0.0,0.19,3.9,24.1,15.8,5.3,15.8,0.19,3.6,16.5,23.1,23.1,0.0,0.18,4.0,12.7,10.0,0.0,0.0,0.2,5.0
20260810,08,8,4527,B1,38.0,52.0,4.44,24.36,4.18,21.62,54,29.69,60,56.25,4630,A2,39.0,53.0,6.03,38.81,6.33,48.19,35,44.88,26,51.85,5252,A2,23.0,52.0,5.93,41.74,5.03,31.94,42,39.5,41,17.24,5232,B1,28.0,52.0,5.19,28.89,2.74,5.26,28,29.7,35,27.59,4084,A1,46.0,56.0,6.44,43.61,6.74,48.87,13,31.44,15,20.0,5472,B2,16.0,42.0,1.0,0.0,1.0,0.0,4,32.51,64,40.63,14.1,41.7,8.3,0.0,0.14,2.3,21.2,5.6,16.7,33.3,0.15,3.2,15.3,7.7,23.1,30.8,0.16,3.4,21.2,5.6,11.1,22.2,0.17,3.3,17.6,6.7,0.0,0.0,0.22,4.4,10.6,0.0,0.0,0.0,0.23,5.0,21.1,60.9,17.4,17.4,0.18,4.0,13.8,20.0,26.7,20.0,0.17,3.8,16.5,11.1,16.7,38.9,0.2,3.4,15.6,5.9,23.5,29.4,0.18,3.6,14.7,18.8,25.0,0.0,0.19,4.1,18.3,10.0,15.0,0.0,0.2,4.8,20.2,48.0,28.0,12.0,0.13,2.4,19.4,12.5,12.5,45.8,0.13,2.9,15.3,21.1,31.6,21.1,0.14,2.9,15.3,15.8,21.1,26.3,0.15,2.8,15.3,31.6,21.1,0.0,0.15,3.3,14.5,11.1,22.2,0.0,0.16,3.7,14.3,50.0,25.0,0.0,0.14,3.8,19.0,6.2,18.8,18.8,0.18,4.3,16.7,35.7,14.3,0.0,0.18,3.4,15.5,15.4,7.7,0.0,0.14,2.8,21.4,11.1,16.7,11.1,0.15,3.1,13.1,18.2,0.0,0.0,0.19,4.6,21.7,80.6,9.7,0.0,0.14,3.0,15.4,9.1,45.5,18.2,0.17,4.0,16.8,8.3,33.3,20.8,0.15,3.2,14.0,20.0,20.0,20.0,0.15,3.2,16.8,12.5,20.8,20.8,0.17,3.8,15.4,9.1,9.1,13.6,0.16,3.6,0.0,0.0,0.0,0.0,0.0,0.0,0.0,0.0,0.0,0.0,0.0,0.0,0.0,0.0,0.0,0.0,0.0,0.0,0.0,0.0,0.0,0.0,0.0,0.0,0.0,0.0,0.0,0.0,0.0,0.0,0.0,0.0,0.0,0.0,0.0,0.0
20260810,08,9,3542,B1,57.0,57.0,4.12,20.43,4.08,20.22,51,35.15,55,43.33,4901,B1,33.0,45.0,5.54,31.76,0.0,0.0,7,33.33,19,37.04,4142,A2,45.0,54.0,5.7,32.14,5.29,24.68,55,26.92,63,31.03,4570,A1,38.0,54.0,6.0,37.5,6.98,52.75,37,32.51,52,27.59,3831,B1,52.0,54.0,4.21,25.84,5.0,34.38,32,29.9,33,11.11,5002,A2,30.0,52.0,5.37,32.67,5.52,39.24,1,35.2,74,40.74,14.9,30.8,15.4,15.4,0.2,3.1,65.5,5.3,12.3,8.8,0.19,3.6,16.1,14.3,21.4,0.0,0.19,3.9,2.3,0.0,0.0,0.0,0.17,4.5,1.1,0.0,0.0,0.0,0.22,4.0,0.0,0.0,0.0,0.0,0.0,0.0,13.6,45.5,9.1,9.1,0.19,2.6,16.0,15.4,23.1,15.4,0.18,3.1,18.5,20.0,13.3,20.0,0.16,3.4,22.2,5.6,5.6,16.7,0.17,2.9,18.5,20.0,0.0,0.0,0.14,2.6,11.1,11.1,0.0,0.0,0.16,3.2,18.8,45.5,31.8,18.2,0.17,3.0,17.9,19.0,19.0,28.6,0.18,3.8,16.2,10.5,36.8,31.6,0.17,3.6,19.7,8.7,47.8,0.0,0.18,4.0,14.5,5.9,17.6,0.0,0.21,4.0,12.8,6.7,0.0,0.0,0.17,4.6,20.2,45.5,18.2,18.2,0.15,3.5,17.4,21.1,47.4,5.3,0.17,3.4,15.6,17.6,17.6,35.3,0.13,2.6,13.8,13.3,33.3,33.3,0.16,3.3,17.4,15.8,26.3,15.8,0.16,3.2,15.6,5.9,5.9,23.5,0.18,4.0,16.2,37.5,25.0,0.0,0.16,2.9,14.1,7.1,57.1,7.1,0.14,3.6,21.2,14.3,19.0,14.3,0.13,2.6,19.2,5.3,21.1,21.1,0.14,2.4,16.2,12.5,25.0,0.0,0.14,2.9,13.1,7.7,0.0,0.0,0.22,4.4,19.8,60.9,21.7,0.0,0.17,3.0,18.1,19.0,33.3,19.0,0.15,3.2,13.8,18.8,25.0,37.5,0.2,2.6,15.5,5.6,22.2,27.8,0.16,3.2,17.2,10.0,5.0,25.0,0.18,3.4,15.5,27.8,0.0,0.0,0.17,3.5
20260810,08,10,4850,A2,31.0,53.0,6.18,42.5,6.2,43.9,19,34.15,14,41.38,5318,B1,25.0,54.0,3.92,18.68,2.08,3.13,9,42.86,69,32.14,4276,A2,43.0,53.0,5.77,41.18,7.33,69.44,6,31.61,37,27.59,4837,B1,37.0,51.0,4.88,31.71,4.91,33.96,30,43.01,65,38.1,3999,A2,47.0,45.0,6.29,47.86,5.98,41.82,52,34.67,32,38.89,4016,B1,46.0,57.0,5.5,33.66,6.02,42.0,14,49.75,43,33.33,18.2,79.2,16.7,4.2,0.12,1.9,13.6,27.8,22.2,11.1,0.11,2.1,21.2,10.7,25.0,25.0,0.12,2.2,18.2,8.3,8.3,33.3,0.11,2.1,20.5,11.1,14.8,22.2,0.1,2.0,8.3,18.2,9.1,0.0,0.15,2.4,11.3,25.0,25.0,0.0,0.15,3.1,18.9,5.0,15.0,0.0,0.19,3.8,21.7,4.3,13.0,17.4,0.18,3.3,17.9,5.3,21.1,0.0,0.16,2.8,17.0,5.6,11.1,11.1,0.18,3.7,13.2,7.1,0.0,0.0,0.17,3.5,20.2,50.0,9.1,9.1,0.21,4.3,13.8,13.3,13.3,20.0,0.15,3.1,18.3,30.0,15.0,5.0,0.16,2.6,13.8,33.3,20.0,13.3,0.13,2.6,18.3,10.0,15.0,10.0,0.16,3.2,15.6,5.9,11.8,5.9,0.14,2.5,14.8,30.8,30.8,15.4,0.15,3.2,15.9,7.1,21.4,0.0,0.18,3.8,20.5,38.9,11.1,0.0,0.15,2.7,17.0,6.7,46.7,0.0,0.15,3.6,19.3,5.9,29.4,0.0,0.17,3.7,12.5,9.1,9.1,0.0,0.16,3.8,21.0,63.3,13.3,13.3,0.14,2.6,15.4,54.5,4.5,0.0,0.17,3.4,18.2,15.4,30.8,11.5,0.16,2.7,14.7,14.3,9.5,33.3,0.15,2.8,14.7,4.8,19.0,23.8,0.17,2.9,16.1,4.3,21.7,0.0,0.16,3.6,14.3,28.6,28.6,28.6,0.17,3.1,17.3,5.9,35.3,23.5,0.19,3.8,16.3,25.0,37.5,0.0,0.14,2.0,19.4,21.1,10.5,15.8,0.16,2.6,17.3,5.9,11.8,11.8,0.18,3.2,15.3,6.7,20.0,6.7,0.16,2.8
20260810,08,11,4910,A1,30.0,51.0,7.08,57.29,6.58,49.35,56,28.42,73,44.83,3302,B1,59.0,46.0,5.38,39.34,5.51,36.84,45,30.66,75,33.33,5082,B1,27.0,57.0,5.23,33.64,4.14,14.29,57,33.85,18,37.93,4526,A2,38.0,51.0,4.82,26.32,6.35,47.37,53,39.0,46,26.92,4118,A2,45.0,53.0,5.72,36.44,6.0,39.76,25,28.99,54,18.52,4665,B1,42.0,52.0,4.08,17.44,4.61,25.81,59,41.21,56,24.14,21.2,85.7,4.8,0.0,0.14,1.9,16.2,6.2,43.8,25.0,0.15,3.1,15.2,20.0,40.0,13.3,0.16,2.4,17.2,47.1,5.9,0.0,0.18,3.9,17.2,11.8,23.5,17.6,0.13,2.6,13.1,7.7,15.4,0.0,0.16,4.1,16.4,50.0,8.3,8.3,0.19,3.7,21.9,25.0,31.2,12.5,0.17,3.5,12.3,44.4,11.1,0.0,0.18,2.4,21.9,6.2,12.5,18.8,0.16,2.9,13.7,10.0,10.0,0.0,0.16,3.0,13.7,10.0,0.0,0.0,0.22,3.7,11.3,41.7,8.3,33.3,0.18,3.3,21.7,30.4,30.4,0.0,0.19,3.4,17.9,5.3,15.8,21.1,0.18,3.9,18.9,20.0,20.0,15.0,0.16,3.2,15.1,18.8,31.2,0.0,0.21,4.3,15.1,6.2,18.8,18.8,0.19,4.3,16.7,70.6,17.6,0.0,0.14,2.4,15.7,31.2,31.2,0.0,0.15,2.9,15.7,25.0,18.8,12.5,0.16,2.4,15.7,18.8,25.0,6.2,0.14,2.5,21.6,9.1,9.1,18.2,0.14,2.5,14.7,6.7,20.0,0.0,0.17,2.7,22.1,63.6,27.3,3.0,0.13,2.1,14.8,9.1,27.3,22.7,0.15,2.3,13.4,5.0,20.0,20.0,0.13,2.6,19.5,13.8,27.6,17.2,0.16,2.7,13.4,10.0,20.0,25.0,0.14,3.1,16.8,4.0,4.0,20.0,0.17,3.9,11.8,41.7,16.7,0.0,0.15,3.1,14.7,33.3,0.0,0.0,0.16,3.5,23.5,4.2,12.5,25.0,0.18,4.0,20.6,4.8,9.5,14.3,0.19,3.3,18.6,5.3,15.8,0.0,0.17,3.5,10.8,9.1,18.2,0.0,0.18,4.5
20260810,08,12,3941,A1,48.0,54.0,7.64,46.96,8.03,64.71,41,33.01,71,33.33,3554,A1,54.0,53.0,6.47,51.91,6.9,54.55,10,41.23,28,26.92,4084,A1,46.0,56.0,6.44,43.61,6.74,48.87,13,31.44,15,20.0,4074,A1,45.0,52.0,6.54,48.33,6.73,52.88,16,37.02,22,43.75,4409,A1,40.0,56.0,6.31,47.87,6.56,48.89,40,32.5,44,50.0,4604,A1,38.0,52.0,7.24,51.54,7.38,57.94,47,33.5,24,25.93,25.9,83.3,6.7,6.7,0.11,2.4,12.1,14.3,35.7,28.6,0.11,2.9,17.2,45.0,25.0,20.0,0.1,1.8,15.5,11.1,33.3,16.7,0.12,2.7,17.2,15.0,15.0,35.0,0.14,3.2,12.1,7.1,14.3,0.0,0.14,3.9,28.3,58.5,24.4,7.3,0.18,3.3,17.9,15.4,38.5,15.4,0.17,3.4,23.4,8.8,23.5,35.3,0.17,3.2,20.0,24.1,24.1,13.8,0.18,3.6,9.0,15.4,30.8,0.0,0.22,4.5,1.4,0.0,0.0,0.0,0.2,4.5,21.7,80.6,9.7,0.0,0.14,3.0,15.4,9.1,45.5,18.2,0.17,4.0,16.8,8.3,33.3,20.8,0.15,3.2,14.0,20.0,20.0,20.0,0.15,3.2,16.8,12.5,20.8,20.8,0.17,3.8,15.4,9.1,9.1,13.6,0.16,3.6,17.9,66.7,14.3,4.8,0.12,2.2,16.2,15.8,42.1,15.8,0.15,3.3,20.5,12.5,37.5,20.8,0.12,2.3,19.7,4.3,26.1,34.8,0.14,3.0,14.5,29.4,5.9,0.0,0.15,3.4,11.1,7.7,23.1,0.0,0.14,2.8,24.6,80.0,6.7,6.7,0.16,3.3,18.0,18.2,40.9,18.2,0.15,2.8,13.1,18.8,31.2,18.8,0.12,2.3,15.6,15.8,31.6,36.8,0.12,2.7,14.8,16.7,27.8,27.8,0.16,2.7,13.9,5.9,11.8,11.8,0.18,3.6,20.0,88.5,3.8,3.8,0.13,2.0,16.9,27.3,36.4,13.6,0.13,3.0,17.7,8.7,34.8,26.1,0.15,3.6,13.1,11.8,11.8,47.1,0.15,3.5,19.2,8.0,16.0,20.0,0.15,3.8,13.1,17.6,0.0,0.0,0.16,4.4
20260810,05,1,3391,B2,61.0,53.0,2.17,0.0,0.0,0.0,48,22.86,73,30.14,4012,A2,46.0,57.0,6.1,43.75,5.66,37.5,59,27.27,66,51.39,5322,B1,24.0,44.0,3.11,10.71,1.22,0.0,22,21.79,60,32.89,5157,B1,28.0,55.0,4.01,26.19,4.35,20.0,64,31.88,77,43.24,5266,B1,26.0,53.0,4.54,21.84,2.75,8.33,38,22.67,32,38.46,4569,B1,38.0,48.0,4.94,33.03,5.57,41.46,44,29.17,21,32.47,0.0,0.0,0.0,0.0,0.0,0.0,0.0,0.0,0.0,0.0,0.0,0.0,0.0,0.0,0.0,0.0,0.0,0.0,0.0,0.0,0.0,0.0,0.0,0.0,0.0,0.0,0.0,0.0,0.0,0.0,0.0,0.0,0.0,0.0,0.0,0.0,18.6,73.7,10.5,10.5,0.14,1.7,17.6,27.8,5.6,16.7,0.13,3.1,18.6,15.8,36.8,5.3,0.16,2.9,20.6,14.3,28.6,4.8,0.17,3.2,13.7,7.1,28.6,21.4,0.17,3.1,10.8,9.1,27.3,0.0,0.22,4.4,11.4,12.5,12.5,0.0,0.16,3.9,18.6,7.7,15.4,0.0,0.22,4.3,18.6,7.7,0.0,0.0,0.21,4.3,12.9,0.0,0.0,0.0,0.17,3.4,22.9,6.2,0.0,0.0,0.16,3.7,15.7,9.1,0.0,0.0,0.22,3.6,14.9,50.0,21.4,7.1,0.18,2.9,17.0,6.2,18.8,12.5,0.17,3.8,17.0,6.2,18.8,25.0,0.17,2.6,17.0,6.2,25.0,0.0,0.14,2.8,18.1,5.9,11.8,5.9,0.18,2.9,16.0,0.0,0.0,0.0,0.21,4.3,15.7,52.9,17.6,5.9,0.15,2.4,19.4,28.6,28.6,0.0,0.16,3.2,16.7,16.7,16.7,16.7,0.13,2.9,15.7,5.9,11.8,11.8,0.16,2.6,18.5,15.0,10.0,10.0,0.15,3.0,13.9,20.0,0.0,0.0,0.16,3.1,16.2,50.0,18.8,0.0,0.21,3.6,20.2,10.0,35.0,5.0,0.15,2.8,15.2,13.3,20.0,13.3,0.15,2.6,14.1,14.3,14.3,7.1,0.17,3.2,15.2,40.0,6.7,0.0,0.17,3.2,19.2,10.5,0.0,0.0,0.18,3.7
20260810,05,2,4904,B1,31.0,52.0,5.07,31.58,5.14,27.59,73,18.57,45,34.21,5017,A1,27.0,52.0,6.72,51.75,6.64,48.0,49,37.04,53,42.11,4677,A1,38.0,54.0,6.21,49.45,6.2,40.0,68,26.76,67,25.68,3867,B1,51.0,58.0,3.07,10.53,4.61,30.43,16,28.05,51,36.0,5361,B1,19.0,49.0,2.84,6.45,1.74,1.85,60,28.38,47,44.44,5331,B1,22.0,54.0,5.21,40.3,4.05,27.27,42,36.62,25,33.85,15.2,35.0,40.0,15.0,0.16,2.5,16.7,9.1,40.9,13.6,0.18,3.3,18.2,8.3,12.5,20.8,0.17,3.8,18.9,12.0,8.0,24.0,0.18,3.1,15.9,4.8,4.8,23.8,0.17,2.9,15.2,10.0,10.0,0.0,0.18,3.6,21.7,80.8,7.7,7.7,0.12,2.8,15.0,16.7,22.2,11.1,0.13,2.7,15.8,26.3,21.1,10.5,0.13,2.6,15.8,15.8,5.3,15.8,0.13,2.8,16.7,15.0,25.0,10.0,0.14,2.4,15.0,5.6,16.7,0.0,0.14,3.5,21.9,57.1,14.3,19.0,0.15,2.6,14.6,14.3,28.6,28.6,0.17,3.6,17.7,17.6,29.4,41.2,0.14,3.2,15.6,40.0,20.0,0.0,0.13,2.1,18.8,16.7,16.7,27.8,0.17,3.3,11.5,27.3,27.3,0.0,0.18,4.1,10.7,11.1,11.1,11.1,0.2,3.6,16.7,21.4,7.1,0.0,0.18,3.4,20.2,5.9,5.9,11.8,0.16,3.4,22.6,5.3,15.8,0.0,0.16,3.3,17.9,6.7,6.7,0.0,0.19,3.5,11.9,0.0,0.0,0.0,0.21,4.5,1.4,0.0,0.0,0.0,0.55,6.0,2.7,0.0,0.0,0.0,0.23,3.5,6.8,20.0,0.0,0.0,0.18,4.0,23.3,17.6,0.0,0.0,0.24,3.6,27.4,5.0,5.0,0.0,0.23,4.2,38.4,3.6,7.1,0.0,0.22,4.6,13.6,25.0,33.3,8.3,0.16,1.9,18.2,18.8,0.0,0.0,0.17,3.6,22.7,10.0,15.0,5.0,0.14,2.4,14.8,7.7,23.1,7.7,0.13,2.5,12.5,18.2,27.3,0.0,0.16,2.9,18.2,6.2,18.8,0.0,0.16,3.4
20260810,05,3,4169,B1,44.0,54.0,4.14,20.25,5.02,30.23,69,33.85,50,41.1,3591,B1,58.0,52.0,3.1,8.96,2.54,0.0,12,33.33,72,36.49,3557,A1,53.0,55.0,6.6,50.0,7.0,44.83,51,36.99,42,32.88,3550,B1,55.0,54.0,5.76,42.62,5.47,35.29,24,22.37,34,22.08,3769,A2,52.0,53.0,5.72,38.67,4.5,12.5,52,37.5,24,33.33,4129,B1,46.0,56.0,3.76,15.0,4.18,11.76,40,31.75,75,33.33,15.5,30.8,23.1,15.4,0.2,4.9,17.9,13.3,6.7,0.0,0.22,4.8,15.5,7.7,7.7,7.7,0.21,3.7,16.7,7.1,14.3,21.4,0.23,5.0,20.2,5.9,5.9,0.0,0.24,4.9,14.3,8.3,0.0,0.0,0.29,5.7,14.7,40.0,10.0,10.0,0.18,3.7,17.6,16.7,16.7,0.0,0.2,4.3,19.1,15.4,7.7,0.0,0.18,3.7,22.1,6.7,6.7,0.0,0.22,4.3,17.6,16.7,0.0,0.0,0.23,4.5,8.8,0.0,0.0,0.0,0.24,5.3,22.6,61.1,27.8,2.8,0.16,3.1,15.1,12.5,37.5,16.7,0.13,3.3,14.5,21.7,13.0,39.1,0.12,2.5,15.1,8.3,25.0,29.2,0.15,3.1,16.4,19.2,23.1,15.4,0.18,3.1,16.4,3.8,11.5,11.5,0.15,3.6,17.6,52.4,28.6,4.8,0.14,3.1,18.5,13.6,22.7,18.2,0.17,3.5,17.6,23.8,23.8,4.8,0.14,2.7,19.3,17.4,17.4,13.0,0.17,3.1,12.6,46.7,0.0,0.0,0.16,2.6,14.3,5.9,0.0,0.0,0.16,3.3,16.5,60.0,20.0,13.3,0.12,2.0,17.6,18.8,25.0,25.0,0.15,3.3,19.8,5.6,33.3,33.3,0.2,3.8,15.4,7.1,14.3,14.3,0.17,4.0,17.6,12.5,25.0,0.0,0.17,3.3,13.2,8.3,25.0,0.0,0.19,4.4,16.0,17.6,17.6,11.8,0.16,3.5,17.9,5.3,15.8,21.1,0.17,3.0,14.2,6.7,6.7,26.7,0.18,3.2,17.0,11.1,22.2,0.0,0.19,3.8,23.6,8.0,8.0,4.0,0.18,3.8,11.3,8.3,0.0,0.0,0.22,4.6
20260810,05,4,3896,B1,50.0,52.0,4.95,24.68,5.11,10.53,36,35.14,83,37.84,3484,A2,54.0,53.0,5.58,40.82,8.41,76.47,66,34.33,30,38.89,4357,A1,42.0,52.0,6.63,53.98,6.31,50.0,72,30.77,38,35.59,4161,B1,44.0,56.0,5.29,32.76,4.7,26.09,11,33.33,84,20.51,4414,B1,39.0,45.0,3.91,23.08,3.95,26.19,13,28.75,82,30.67,4750,B1,39.0,52.0,5.21,34.44,4.47,21.88,50,35.0,41,23.38,13.7,42.9,14.3,21.4,0.16,3.4,19.6,15.0,35.0,15.0,0.16,3.0,14.7,13.3,46.7,0.0,0.15,2.9,20.6,19.0,14.3,0.0,0.15,3.5,16.7,5.9,5.9,35.3,0.18,3.0,14.7,6.7,13.3,0.0,0.18,3.5,21.5,58.6,17.2,10.3,0.16,2.8,15.6,28.6,28.6,19.0,0.17,3.0,17.8,16.7,37.5,8.3,0.17,2.8,14.8,20.0,25.0,20.0,0.15,2.7,17.8,4.2,16.7,25.0,0.18,3.8,12.6,5.9,0.0,0.0,0.18,4.4,23.4,70.0,10.0,10.0,0.15,2.9,21.9,25.0,39.3,7.1,0.19,4.0,14.8,36.8,10.5,21.1,0.18,2.5,15.6,25.0,20.0,30.0,0.16,3.4,13.3,17.6,35.3,35.3,0.2,4.0,10.9,14.3,28.6,0.0,0.22,4.1,19.2,56.5,21.7,13.0,0.16,2.2,14.2,29.4,11.8,0.0,0.18,3.8,17.5,4.8,23.8,33.3,0.17,3.0,18.3,9.1,13.6,22.7,0.17,3.7,15.8,5.3,15.8,10.5,0.15,3.2,15.0,16.7,22.2,0.0,0.15,3.2,10.8,55.6,33.3,0.0,0.16,1.7,20.5,5.9,17.6,23.5,0.16,3.2,25.3,4.8,38.1,4.8,0.17,3.0,18.1,13.3,6.7,0.0,0.2,3.8,15.7,15.4,0.0,0.0,0.23,4.5,9.6,0.0,0.0,0.0,0.21,4.0,13.1,38.5,30.8,15.4,0.15,2.2,18.2,50.0,16.7,0.0,0.18,3.8,15.2,20.0,20.0,20.0,0.16,3.0,21.2,19.0,19.0,9.5,0.16,3.1,21.2,4.8,19.0,0.0,0.16,3.2,11.1,18.2,0.0,0.0,0.18,4.2
20260810,05,5,5314,B1,25.0,51.0,3.11,11.11,2.52,11.59,33,21.95,33,35.14,4856,A1,30.0,53.0,7.16,52.07,7.0,57.58,61,35.14,55,30.77,4261,A2,42.0,54.0,6.36,45.95,6.62,55.56,34,31.88,56,37.5,4943,B1,35.0,55.0,4.34,18.92,4.84,25.86,29,23.46,36,36.84,3838,B1,51.0,52.0,5.55,34.12,6.26,42.86,63,36.25,81,26.32,5157,B1,28.0,55.0,4.01,26.19,4.35,20.0,64,31.88,77,43.24,13.5,30.0,20.0,0.0,0.14,2.8,18.9,7.1,28.6,0.0,0.16,3.1,16.2,8.3,0.0,0.0,0.21,3.2,21.6,18.8,18.8,0.0,0.19,3.0,9.5,0.0,0.0,0.0,0.2,3.7,20.3,6.7,0.0,0.0,0.21,3.9,19.1,74.1,7.4,11.1,0.14,2.6,19.1,18.5,37.0,14.8,0.13,3.0,16.3,17.4,34.8,21.7,0.13,2.9,15.6,18.2,9.1,18.2,0.13,2.7,17.0,12.5,25.0,25.0,0.13,3.7,12.8,5.6,11.1,22.2,0.18,4.2,20.7,64.3,21.4,0.0,0.15,2.6,17.8,4.2,37.5,25.0,0.16,3.3,15.6,4.8,38.1,23.8,0.15,3.0,14.1,10.5,10.5,26.3,0.17,3.5,14.1,5.3,10.5,26.3,0.17,3.7,17.8,4.2,12.5,29.2,0.18,3.6,13.7,50.0,10.0,10.0,0.16,3.0,19.2,14.3,21.4,7.1,0.17,3.4,19.2,7.1,14.3,0.0,0.12,2.5,17.8,7.7,15.4,0.0,0.14,2.0,21.9,18.8,0.0,0.0,0.14,3.1,8.2,0.0,0.0,0.0,0.16,3.7,14.5,20.0,60.0,10.0,0.12,1.5,20.3,35.7,21.4,7.1,0.16,3.1,13.0,22.2,33.3,0.0,0.17,3.6,11.6,25.0,25.0,0.0,0.17,3.9,21.7,6.7,26.7,0.0,0.15,3.7,18.8,15.4,15.4,0.0,0.18,3.7,14.9,50.0,21.4,7.1,0.18,2.9,17.0,6.2,18.8,12.5,0.17,3.8,17.0,6.2,18.8,25.0,0.17,2.6,17.0,6.2,25.0,0.0,0.14,2.8,18.1,5.9,11.8,5.9,0.18,2.9,16.0,0.0,0.0,0.0,0.21,4.3
20260810,05,6,5266,B1,26.0,53.0,4.54,21.84,2.75,8.33,38,22.67,32,38.46,4700,A2,39.0,53.0,5.7,38.61,5.75,35.29,15,14.49,63,17.14,5361,B1,19.0,49.0,2.84,6.45,1.74,1.85,60,28.38,47,44.44,4024,A1,48.0,52.0,6.65,45.65,6.94,31.25,74,34.57,52,40.28,3681,B1,53.0,51.0,4.56,25.0,4.99,28.38,55,41.67,85,43.06,3981,B1,48.0,54.0,3.87,19.09,4.0,17.5,70,34.67,61,35.06,15.7,52.9,17.6,5.9,0.15,2.4,19.4,28.6,28.6,0.0,0.16,3.2,16.7,16.7,16.7,16.7,0.13,2.9,15.7,5.9,11.8,11.8,0.16,2.6,18.5,15.0,10.0,10.0,0.15,3.0,13.9,20.0,0.0,0.0,0.16,3.1,18.8,66.7,9.5,9.5,0.17,2.6,13.4,13.3,26.7,40.0,0.18,3.8,19.6,9.1,45.5,9.1,0.14,2.7,21.4,8.3,16.7,29.2,0.14,2.8,13.4,26.7,13.3,0.0,0.15,3.0,13.4,20.0,26.7,0.0,0.15,3.3,1.4,0.0,0.0,0.0,0.55,6.0,2.7,0.0,0.0,0.0,0.23,3.5,6.8,20.0,0.0,0.0,0.18,4.0,23.3,17.6,0.0,0.0,0.24,3.6,27.4,5.0,5.0,0.0,0.23,4.2,38.4,3.6,7.1,0.0,0.22,4.6,17.4,50.0,15.0,10.0,0.14,3.9,14.8,11.8,29.4,35.3,0.16,4.2,15.7,16.7,38.9,11.1,0.18,4.5,16.5,5.3,21.1,36.8,0.16,4.0,17.4,5.0,15.0,10.0,0.14,3.8,18.3,4.8,28.6,0.0,0.14,4.3,16.5,38.5,15.4,7.7,0.15,3.5,17.7,14.3,28.6,14.3,0.13,2.8,19.0,20.0,26.7,0.0,0.17,3.1,19.0,13.3,20.0,0.0,0.15,3.0,19.0,6.7,13.3,0.0,0.16,3.1,8.9,28.6,0.0,0.0,0.16,3.4,16.2,64.7,0.0,0.0,0.16,3.2,16.2,11.8,11.8,5.9,0.2,3.6,14.3,6.7,6.7,13.3,0.16,4.4,16.2,5.9,5.9,29.4,0.18,3.5,18.1,5.3,10.5,0.0,0.18,3.6,19.0,10.0,0.0,0.0,0.2,5.0
20260810,05,7,3905,A2,48.0,54.0,6.15,47.12,6.06,48.0,47,32.39,23,32.47,4262,A1,42.0,55.0,7.72,48.7,7.24,52.38,62,25.64,29,43.28,3391,B2,61.0,53.0,2.17,0.0,0.0,0.0,48,22.86,73,30.14,5017,A1,27.0,52.0,6.72,51.75,6.64,48.0,49,37.04,53,42.11,3550,B1,55.0,54.0,5.76,42.62,5.47,35.29,24,22.37,34,22.08,3583,B1,53.0,58.0,3.51,11.69,3.18,9.09,71,36.71,69,47.95,18.9,56.0,28.0,0.0,0.17,3.6,14.4,5.3,42.1,21.1,0.15,3.5,18.2,8.3,33.3,29.2,0.15,2.9,20.5,7.4,29.6,18.5,0.15,2.8,15.9,4.8,23.8,28.6,0.17,3.8,12.1,6.2,12.5,25.0,0.18,3.9,23.7,64.5,6.5,12.9,0.13,2.8,13.7,22.2,44.4,16.7,0.15,3.6,18.3,29.2,20.8,20.8,0.15,3.7,15.3,20.0,20.0,30.0,0.15,3.4,13.0,5.9,11.8,11.8,0.13,3.8,16.0,4.8,9.5,19.0,0.16,4.2,0.0,0.0,0.0,0.0,0.0,0.0,0.0,0.0,0.0,0.0,0.0,0.0,0.0,0.0,0.0,0.0,0.0,0.0,0.0,0.0,0.0,0.0,0.0,0.0,0.0,0.0,0.0,0.0,0.0,0.0,0.0,0.0,0.0,0.0,0.0,0.0,21.7,80.8,7.7,7.7,0.12,2.8,15.0,16.7,22.2,11.1,0.13,2.7,15.8,26.3,21.1,10.5,0.13,2.6,15.8,15.8,5.3,15.8,0.13,2.8,16.7,15.0,25.0,10.0,0.14,2.4,15.0,5.6,16.7,0.0,0.14,3.5,17.6,52.4,28.6,4.8,0.14,3.1,18.5,13.6,22.7,18.2,0.17,3.5,17.6,23.8,23.8,4.8,0.14,2.7,19.3,17.4,17.4,13.0,0.17,3.1,12.6,46.7,0.0,0.0,0.16,2.6,14.3,5.9,0.0,0.0,0.16,3.3,12.0,66.7,0.0,0.0,0.21,4.0,18.7,14.3,7.1,0.0,0.21,3.9,16.0,8.3,33.3,0.0,0.21,4.0,20.0,6.7,13.3,0.0,0.19,3.3,16.0,8.3,8.3,0.0,0.19,3.5,17.3,7.7,0.0,0.0,0.2,4.1
20260810,05,8,5075,A2,30.0,53.0,6.07,34.51,6.14,46.43,56,35.06,46,32.89,4677,A1,38.0,54.0,6.21,49.45,6.2,40.0,68,26.76,67,25.68,5315,B2,25.0,51.0,2.34,10.29,1.61,0.0,21,31.43,39,24.32,4129,B1,46.0,56.0,3.76,15.0,4.18,11.76,40,31.75,75,33.33,5322,B1,24.0,44.0,3.11,10.71,1.22,0.0,22,21.79,60,32.89,4414,B1,39.0,45.0,3.91,23.08,3.95,26.19,13,28.75,82,30.67,18.0,33.3,20.8,29.2,0.19,3.1,18.8,16.0,40.0,20.0,0.15,3.0,17.3,8.7,17.4,26.1,0.15,2.9,18.0,33.3,12.5,16.7,0.14,2.5,13.5,16.7,22.2,22.2,0.17,2.9,14.3,5.3,31.6,0.0,0.16,3.6,21.9,57.1,14.3,19.0,0.15,2.6,14.6,14.3,28.6,28.6,0.17,3.6,17.7,17.6,29.4,41.2,0.14,3.2,15.6,40.0,20.0,0.0,0.13,2.1,18.8,16.7,16.7,27.8,0.17,3.3,11.5,27.3,27.3,0.0,0.18,4.1,9.9,28.6,0.0,0.0,0.18,3.0,11.3,12.5,12.5,0.0,0.22,5.4,16.9,8.3,16.7,0.0,0.18,3.5,15.5,9.1,0.0,0.0,0.17,3.2,15.5,18.2,0.0,0.0,0.2,4.1,31.0,4.5,0.0,0.0,0.24,4.9,16.0,17.6,17.6,11.8,0.16,3.5,17.9,5.3,15.8,21.1,0.17,3.0,14.2,6.7,6.7,26.7,0.18,3.2,17.0,11.1,22.2,0.0,0.19,3.8,23.6,8.0,8.0,4.0,0.18,3.8,11.3,8.3,0.0,0.0,0.22,4.6,11.4,12.5,12.5,0.0,0.16,3.9,18.6,7.7,15.4,0.0,0.22,4.3,18.6,7.7,0.0,0.0,0.21,4.3,12.9,0.0,0.0,0.0,0.17,3.4,22.9,6.2,0.0,0.0,0.16,3.7,15.7,9.1,0.0,0.0,0.22,3.6,10.8,55.6,33.3,0.0,0.16,1.7,20.5,5.9,17.6,23.5,0.16,3.2,25.3,4.8,38.1,4.8,0.17,3.0,18.1,13.3,6.7,0.0,0.2,3.8,15.7,15.4,0.0,0.0,0.23,4.5,9.6,0.0,0.0,0.0,0.21,4.0
20260810,05,9,3800,A2,52.0,52.0,5.83,35.71,5.4,35.09,41,28.36,70,26.32,4569,B1,38.0,48.0,4.94,33.03,5.57,41.46,44,29.17,21,32.47,4579,A2,37.0,53.0,6.03,37.89,5.86,38.89,18,34.72,27,34.62,4449,B1,39.0,52.0,4.43,26.25,4.62,26.92,35,19.4,80,33.82,3896,B1,50.0,52.0,4.95,24.68,5.11,10.53,36,35.14,83,37.84,3591,B1,58.0,52.0,3.1,8.96,2.54,0.0,12,33.33,72,36.49,18.4,50.0,31.2,6.2,0.15,2.8,18.4,25.0,12.5,31.2,0.14,3.3,17.2,6.7,40.0,26.7,0.15,2.1,17.2,33.3,20.0,0.0,0.16,3.6,13.8,25.0,0.0,0.0,0.18,3.8,14.9,7.7,7.7,0.0,0.21,4.5,16.2,50.0,18.8,0.0,0.21,3.6,20.2,10.0,35.0,5.0,0.15,2.8,15.2,13.3,20.0,13.3,0.15,2.6,14.1,14.3,14.3,7.1,0.17,3.2,15.2,40.0,6.7,0.0,0.17,3.2,19.2,10.5,0.0,0.0,0.18,3.7,20.0,64.0,16.0,12.0,0.15,2.7,17.6,9.1,18.2,36.4,0.14,3.1,16.8,9.5,19.0,33.3,0.16,2.9,22.4,14.3,7.1,17.9,0.16,3.4,15.2,15.8,21.1,31.6,0.14,3.0,8.0,10.0,20.0,0.0,0.2,4.5,12.5,33.3,11.1,11.1,0.18,3.7,13.9,20.0,0.0,0.0,0.19,3.6,19.4,14.3,21.4,0.0,0.16,3.2,25.0,16.7,11.1,0.0,0.15,3.3,18.1,15.4,30.8,0.0,0.16,2.4,11.1,12.5,0.0,0.0,0.17,4.0,13.7,42.9,14.3,21.4,0.16,3.4,19.6,15.0,35.0,15.0,0.16,3.0,14.7,13.3,46.7,0.0,0.15,2.9,20.6,19.0,14.3,0.0,0.15,3.5,16.7,5.9,5.9,35.3,0.18,3.0,14.7,6.7,13.3,0.0,0.18,3.5,14.7,40.0,10.0,10.0,0.18,3.7,17.6,16.7,16.7,0.0,0.2,4.3,19.1,15.4,7.7,0.0,0.18,3.7,22.1,6.7,6.7,0.0,0.22,4.3,17.6,16.7,0.0,0.0,0.23,4.5,8.8,0.0,0.0,0.0,0.24,5.3
20260810,05,10,3769,A2,52.0,53.0,5.72,38.67,4.5,12.5,52,37.5,24,33.33,4024,A1,48.0,52.0,6.65,45.65,6.94,31.25,74,34.57,52,40.28,4943,B1,35.0,55.0,4.34,18.92,4.84,25.86,29,23.46,36,36.84,5204,B2,29.0,46.0,4.4,18.18,0.0,0.0,20,37.5,78,30.36,4161,B1,44.0,56.0,5.29,32.76,4.7,26.09,11,33.33,84,20.51,4012,A2,46.0,57.0,6.1,43.75,5.66,37.5,59,27.27,66,51.39,16.5,60.0,20.0,13.3,0.12,2.0,17.6,18.8,25.0,25.0,0.15,3.3,19.8,5.6,33.3,33.3,0.2,3.8,15.4,7.1,14.3,14.3,0.17,4.0,17.6,12.5,25.0,0.0,0.17,3.3,13.2,8.3,25.0,0.0,0.19,4.4,17.4,50.0,15.0,10.0,0.14,3.9,14.8,11.8,29.4,35.3,0.16,4.2,15.7,16.7,38.9,11.1,0.18,4.5,16.5,5.3,21.1,36.8,0.16,4.0,17.4,5.0,15.0,10.0,0.14,3.8,18.3,4.8,28.6,0.0,0.14,4.3,13.7,50.0,10.0,10.0,0.16,3.0,19.2,14.3,21.4,7.1,0.17,3.4,19.2,7.1,14.3,0.0,0.12,2.5,17.8,7.7,15.4,0.0,0.14,2.0,21.9,18.8,0.0,0.0,0.14,3.1,8.2,0.0,0.0,0.0,0.16,3.7,10.8,25.0,0.0,0.0,0.25,4.0,18.9,14.3,28.6,0.0,0.19,3.3,18.9,42.9,0.0,0.0,0.19,3.7,13.5,20.0,20.0,0.0,0.15,3.8,21.6,0.0,0.0,0.0,0.17,2.9,16.2,0.0,0.0,0.0,0.13,3.0,19.2,56.5,21.7,13.0,0.16,2.2,14.2,29.4,11.8,0.0,0.18,3.8,17.5,4.8,23.8,33.3,0.17,3.0,18.3,9.1,13.6,22.7,0.17,3.7,15.8,5.3,15.8,10.5,0.15,3.2,15.0,16.7,22.2,0.0,0.15,3.2,18.6,73.7,10.5,10.5,0.14,1.7,17.6,27.8,5.6,16.7,0.13,3.1,18.6,15.8,36.8,5.3,0.16,2.9,20.6,14.3,28.6,4.8,0.17,3.2,13.7,7.1,28.6,21.4,0.17,3.1,10.8,9.1,27.3,0.0,0.22,4.4
20260810,05,11,4856,A1,30.0,53.0,7.16,52.07,7.0,57.58,61,35.14,55,30.77,3251,A2,60.0,50.0,5.82,38.33,6.31,43.75,58,33.33,58,21.21,5293,B1,24.0,52.0,3.63,17.46,1.5,2.5,30,32.35,54,29.87,5331,B1,22.0,54.0,5.21,40.3,4.05,27.27,42,36.62,25,33.85,4357,A1,42.0,52.0,6.63,53.98,6.31,50.0,72,30.77,38,35.59,4700,A2,39.0,53.0,5.7,38.61,5.75,35.29,15,14.49,63,17.14,19.1,74.1,7.4,11.1,0.14,2.6,19.1,18.5,37.0,14.8,0.13,3.0,16.3,17.4,34.8,21.7,0.13,2.9,15.6,18.2,9.1,18.2,0.13,2.7,17.0,12.5,25.0,25.0,0.13,3.7,12.8,5.6,11.1,22.2,0.18,4.2,17.9,38.5,26.9,15.4,0.19,4.0,17.2,24.0,28.0,24.0,0.18,4.1,20.0,6.9,24.1,20.7,0.21,4.3,15.2,27.3,22.7,9.1,0.19,3.8,17.2,16.0,16.0,0.0,0.18,4.4,12.4,5.6,5.6,22.2,0.23,5.4,7.4,40.0,0.0,0.0,0.22,4.6,19.1,7.7,7.7,0.0,0.26,4.8,17.6,16.7,16.7,0.0,0.18,4.0,8.8,16.7,0.0,0.0,0.15,3.8,22.1,6.7,6.7,0.0,0.18,3.8,25.0,5.9,0.0,0.0,0.22,5.2,13.6,25.0,33.3,8.3,0.16,1.9,18.2,18.8,0.0,0.0,0.17,3.6,22.7,10.0,15.0,5.0,0.14,2.4,14.8,7.7,23.1,7.7,0.13,2.5,12.5,18.2,27.3,0.0,0.16,2.9,18.2,6.2,18.8,0.0,0.16,3.4,23.4,70.0,10.0,10.0,0.15,2.9,21.9,25.0,39.3,7.1,0.19,4.0,14.8,36.8,10.5,21.1,0.18,2.5,15.6,25.0,20.0,30.0,0.16,3.4,13.3,17.6,35.3,35.3,0.2,4.0,10.9,14.3,28.6,0.0,0.22,4.1,18.8,66.7,9.5,9.5,0.17,2.6,13.4,13.3,26.7,40.0,0.18,3.8,19.6,9.1,45.5,9.1,0.14,2.7,21.4,8.3,16.7,29.2,0.14,2.8,13.4,26.7,13.3,0.0,0.15,3.0,13.4,20.0,26.7,0.0,0.15,3.3
20260810,05,12,3557,A1,53.0,55.0,6.6,50.0,7.0,44.83,51,36.99,42,32.88,5315,B2,25.0,51.0,2.34,10.29,1.61,0.0,21,31.43,39,24.32,4262,A1,42.0,55.0,7.72,48.7,7.24,52.38,62,25.64,29,43.28,3981,B1,48.0,54.0,3.87,19.09,4.0,17.5,70,34.67,61,35.06,4261,A2,42.0,54.0,6.36,45.95,6.62,55.56,34,31.88,56,37.5,3484,A2,54.0,53.0,5.58,40.82,8.41,76.47,66,34.33,30,38.89,22.6,61.1,27.8,2.8,0.16,3.1,15.1,12.5,37.5,16.7,0.13,3.3,14.5,21.7,13.0,39.1,0.12,2.5,15.1,8.3,25.0,29.2,0.15,3.1,16.4,19.2,23.1,15.4,0.18,3.1,16.4,3.8,11.5,11.5,0.15,3.6,9.9,28.6,0.0,0.0,0.18,3.0,11.3,12.5,12.5,0.0,0.22,5.4,16.9,8.3,16.7,0.0,0.18,3.5,15.5,9.1,0.0,0.0,0.17,3.2,15.5,18.2,0.0,0.0,0.2,4.1,31.0,4.5,0.0,0.0,0.24,4.9,23.7,64.5,6.5,12.9,0.13,2.8,13.7,22.2,44.4,16.7,0.15,3.6,18.3,29.2,20.8,20.8,0.15,3.7,15.3,20.0,20.0,30.0,0.15,3.4,13.0,5.9,11.8,11.8,0.13,3.8,16.0,4.8,9.5,19.0,0.16,4.2,16.2,64.7,0.0,0.0,0.16,3.2,16.2,11.8,11.8,5.9,0.2,3.6,14.3,6.7,6.7,13.3,0.16,4.4,16.2,5.9,5.9,29.4,0.18,3.5,18.1,5.3,10.5,0.0,0.18,3.6,19.0,10.0,0.0,0.0,0.2,5.0,20.7,64.3,21.4,0.0,0.15,2.6,17.8,4.2,37.5,25.0,0.16,3.3,15.6,4.8,38.1,23.8,0.15,3.0,14.1,10.5,10.5,26.3,0.17,3.5,14.1,5.3,10.5,26.3,0.17,3.7,17.8,4.2,12.5,29.2,0.18,3.6,21.5,58.6,17.2,10.3,0.16,2.8,15.6,28.6,28.6,19.0,0.17,3.0,17.8,16.7,37.5,8.3,0.17,2.8,14.8,20.0,25.0,20.0,0.15,2.7,17.8,4.2,16.7,25.0,0.18,3.8,12.6,5.9,0.0,0.0,0.18,4.4
20260810,03,1,4976,B1,32.0,53.0,5.09,28.72,5.06,31.75,25,51.06,59,28.85,4615,B1,46.0,54.0,4.57,25.61,4.64,21.31,50,14.58,32,48.89,4945,B1,34.0,54.0,4.0,14.13,5.13,30.53,16,40.91,38,26.19,4440,B1,39.0,55.0,4.88,29.55,5.12,27.93,70,18.37,20,24.0,4815,B1,36.0,53.0,3.29,12.2,4.69,23.4,66,29.55,40,44.44,3602,B1,56.0,52.0,3.91,16.46,5.5,35.11,11,23.26,71,37.21,17.1,33.3,27.8,33.3,0.19,3.7,16.2,23.5,17.6,17.6,0.22,4.6,19.0,25.0,15.0,15.0,0.18,2.9,21.9,4.3,21.7,17.4,0.21,3.8,16.2,11.8,29.4,0.0,0.2,4.3,9.5,10.0,10.0,0.0,0.2,4.6,14.0,33.3,25.0,16.7,0.18,3.4,18.6,18.8,18.8,0.0,0.15,3.0,18.6,12.5,12.5,0.0,0.17,3.4,14.0,16.7,25.0,0.0,0.17,3.7,22.1,21.1,10.5,0.0,0.21,4.3,12.8,9.1,0.0,0.0,0.26,4.9,9.0,44.4,22.2,0.0,0.15,4.3,7.0,28.6,0.0,0.0,0.23,3.6,25.0,12.0,12.0,20.0,0.2,3.9,19.0,15.8,15.8,31.6,0.16,2.8,25.0,4.0,12.0,0.0,0.16,3.1,15.0,6.7,6.7,0.0,0.17,3.2,12.7,38.5,23.1,0.0,0.14,2.8,18.6,10.5,10.5,26.3,0.16,2.7,17.6,16.7,11.1,27.8,0.17,3.0,15.7,25.0,18.8,0.0,0.15,2.4,21.6,13.6,27.3,0.0,0.21,4.1,13.7,21.4,0.0,0.0,0.22,3.9,15.9,52.9,11.8,0.0,0.2,3.8,12.1,15.4,15.4,7.7,0.21,4.7,15.0,31.2,18.8,0.0,0.21,3.8,16.8,5.6,5.6,22.2,0.19,3.8,11.2,8.3,8.3,25.0,0.16,3.4,29.0,6.5,12.9,0.0,0.21,4.9,14.6,16.7,8.3,33.3,0.22,4.2,15.9,7.7,15.4,23.1,0.19,4.1,14.6,25.0,16.7,0.0,0.21,4.3,17.1,7.1,7.1,21.4,0.21,4.0,20.7,5.9,52.9,0.0,0.23,3.8,17.1,14.3,0.0,0.0,0.2,5.2
20260810,03,2,3911,B1,52.0,53.0,5.25,33.03,5.2,31.0,58,22.0,24,33.33,3202,B1,61.0,52.0,4.24,24.42,5.51,38.46,32,39.53,18,25.0,4366,A1,40.0,54.0,6.55,47.33,6.85,49.49,15,34.09,51,25.0,4086,A2,46.0,50.0,6.01,39.52,5.89,36.14,10,31.82,29,40.91,5007,B1,29.0,52.0,4.59,22.03,5.49,35.29,62,50.0,60,39.22,4954,B1,31.0,53.0,4.34,22.5,6.14,45.95,14,15.56,33,34.78,16.0,57.1,14.3,9.5,0.18,3.3,19.8,11.5,23.1,19.2,0.19,3.5,13.7,5.6,27.8,27.8,0.15,3.1,21.4,10.7,14.3,7.1,0.17,3.1,19.1,12.0,20.0,8.0,0.18,3.4,9.9,15.4,0.0,0.0,0.18,3.8,15.7,25.0,25.0,12.5,0.18,3.6,17.6,11.1,33.3,0.0,0.19,4.4,18.6,15.8,15.8,5.3,0.18,3.6,12.7,23.1,7.7,0.0,0.17,3.2,15.7,12.5,0.0,0.0,0.21,3.8,19.6,5.0,10.0,5.0,0.27,5.1,24.0,72.2,8.3,8.3,0.15,2.8,16.7,16.0,44.0,28.0,0.13,2.7,15.3,17.4,26.1,26.1,0.15,3.1,15.3,21.7,17.4,39.1,0.11,2.6,17.3,19.2,19.2,34.6,0.11,2.3,11.3,11.8,17.6,0.0,0.19,3.4,18.4,57.1,14.3,19.0,0.12,2.3,16.7,10.5,31.6,26.3,0.16,3.1,13.2,26.7,40.0,20.0,0.15,3.1,15.8,16.7,22.2,27.8,0.14,2.8,19.3,4.5,31.8,9.1,0.14,3.4,16.7,5.3,21.1,0.0,0.19,3.8,15.6,41.2,35.3,11.8,0.16,2.9,17.4,5.3,26.3,26.3,0.16,2.5,15.6,11.8,5.9,17.6,0.16,2.9,18.3,5.0,25.0,15.0,0.16,2.5,19.3,23.8,23.8,0.0,0.2,3.2,13.8,20.0,0.0,0.0,0.25,4.9,6.0,25.0,25.0,0.0,0.17,3.5,4.5,33.3,33.3,0.0,0.18,2.0,4.5,33.3,33.3,0.0,0.16,3.7,6.0,25.0,25.0,0.0,0.21,3.8,23.9,6.2,12.5,6.2,0.18,3.3,55.2,8.1,13.5,13.5,0.2,3.6
20260810,03,3,5070,B1,32.0,53.0,3.84,16.44,4.62,25.37,67,18.18,63,31.37,3716,A1,51.0,54.0,6.91,44.0,7.86,61.47,18,27.66,69,17.78,5023,A2,31.0,52.0,5.96,38.27,5.86,41.88,71,43.18,45,34.04,5433,B2,21.0,50.0,2.02,1.54,2.58,5.26,37,46.94,67,42.55,3105,B1,63.0,55.0,5.19,35.06,5.24,34.53,64,50.0,57,25.58,3517,B1,58.0,56.0,6.01,44.7,5.72,35.82,23,39.53,11,18.0,13.0,33.3,11.1,11.1,0.18,3.8,18.8,15.4,7.7,30.8,0.22,4.0,20.3,7.1,7.1,0.0,0.2,4.5,18.8,7.7,7.7,15.4,0.22,3.4,11.6,12.5,12.5,0.0,0.26,5.4,17.4,8.3,0.0,0.0,0.25,5.0,20.2,56.0,12.0,4.0,0.15,3.3,14.5,5.6,33.3,16.7,0.13,4.1,12.1,13.3,20.0,46.7,0.12,2.5,20.2,20.0,16.0,12.0,0.13,2.8,16.1,5.0,15.0,15.0,0.11,2.9,16.9,4.8,19.0,4.8,0.12,3.4,14.6,66.7,16.7,16.7,0.1,1.9,15.9,15.4,23.1,23.1,0.15,3.2,14.6,8.3,8.3,50.0,0.18,2.8,19.5,6.2,31.2,18.8,0.18,2.8,17.1,14.3,28.6,28.6,0.14,2.6,18.3,33.3,6.7,0.0,0.2,4.5,0.0,0.0,0.0,0.0,0.0,0.0,0.0,0.0,0.0,0.0,0.0,0.0,0.0,0.0,0.0,0.0,0.0,0.0,0.0,0.0,0.0,0.0,0.0,0.0,0.0,0.0,0.0,0.0,0.0,0.0,100.0,1.6,1.6,0.0,0.24,5.0,15.6,35.7,28.6,28.6,0.16,2.5,20.0,11.1,11.1,27.8,0.22,3.9,17.8,18.8,18.8,12.5,0.22,3.3,14.4,7.7,23.1,0.0,0.14,2.7,15.6,7.1,42.9,0.0,0.19,3.0,16.7,26.7,0.0,0.0,0.2,4.1,15.6,33.3,25.0,33.3,0.17,2.5,19.5,6.7,33.3,33.3,0.17,2.7,19.5,20.0,6.7,13.3,0.14,2.7,24.7,31.6,10.5,15.8,0.16,2.7,15.6,33.3,25.0,0.0,0.17,3.4,5.2,25.0,0.0,0.0,0.16,3.0
20260810,03,4,4077,A2,47.0,53.0,5.48,29.81,5.58,36.54,17,36.36,21,31.11,3277,B1,59.0,52.0,4.32,20.99,4.85,29.41,61,31.11,62,30.95,4379,A2,42.0,57.0,6.19,41.32,6.31,43.28,39,25.53,15,26.53,5411,B2,20.0,55.0,1.97,1.47,1.55,0.0,41,31.82,68,25.53,5279,B1,23.0,53.0,5.6,37.76,5.48,37.28,19,21.28,64,45.1,4345,A2,41.0,56.0,5.73,42.86,5.51,36.94,60,31.82,17,45.45,13.8,62.5,12.5,12.5,0.16,3.2,21.6,32.0,12.0,28.0,0.17,3.2,17.2,20.0,20.0,20.0,0.16,3.0,13.8,12.5,18.8,25.0,0.17,3.6,19.0,4.5,9.1,13.6,0.19,4.3,14.7,23.5,0.0,0.0,0.19,4.6,15.2,20.0,6.7,13.3,0.18,3.2,15.2,6.7,6.7,40.0,0.19,3.5,19.2,21.1,5.3,0.0,0.17,3.2,21.2,14.3,14.3,9.5,0.17,3.3,19.2,5.3,15.8,0.0,0.19,3.7,10.1,10.0,0.0,0.0,0.21,4.6,18.5,45.8,25.0,4.2,0.16,3.0,19.2,16.0,28.0,16.0,0.15,3.0,17.7,4.3,21.7,21.7,0.15,3.1,16.9,4.5,18.2,31.8,0.16,3.5,13.1,11.8,17.6,11.8,0.17,3.9,14.6,21.1,21.1,0.0,0.17,4.4,0.0,0.0,0.0,0.0,0.0,0.0,0.0,0.0,0.0,0.0,0.0,0.0,0.0,0.0,0.0,0.0,0.0,0.0,0.0,0.0,0.0,0.0,0.0,0.0,4.1,0.0,0.0,0.0,0.13,1.7,95.9,1.4,0.0,0.0,0.19,3.5,17.0,53.3,26.7,0.0,0.14,2.4,21.6,21.1,10.5,15.8,0.18,3.8,15.9,7.1,28.6,21.4,0.16,3.4,13.6,16.7,8.3,0.0,0.16,3.5,15.9,7.1,21.4,21.4,0.15,3.3,15.9,14.3,14.3,0.0,0.17,3.6,19.5,64.0,24.0,4.0,0.13,1.9,14.1,5.6,38.9,16.7,0.15,3.1,18.8,16.7,20.8,16.7,0.14,2.7,17.2,9.1,27.3,9.1,0.16,2.8,13.3,5.9,11.8,17.6,0.16,3.5,17.2,22.7,9.1,0.0,0.16,4.1
20260810,03,5,3340,B1,61.0,54.0,3.94,20.22,5.28,36.08,20,39.58,46,32.65,4430,A2,40.0,56.0,5.65,33.04,6.25,43.61,13,40.91,27,56.82,3888,A2,51.0,51.0,6.15,44.27,5.92,35.09,55,29.79,12,35.71,4598,B1,42.0,53.0,6.12,49.47,6.46,48.91,57,47.92,65,20.83,4245,B1,44.0,53.0,4.32,19.44,5.15,32.61,47,21.74,31,21.74,3313,B1,61.0,57.0,4.31,22.35,4.93,28.0,35,37.78,16,55.32,15.1,43.8,6.2,12.5,0.17,3.7,19.8,9.5,14.3,14.3,0.17,3.2,17.0,16.7,16.7,11.1,0.17,2.6,17.0,5.6,22.2,16.7,0.21,3.2,18.9,15.0,10.0,10.0,0.2,4.2,12.3,15.4,0.0,0.0,0.19,3.4,19.7,44.4,22.2,18.5,0.16,2.6,18.2,20.0,32.0,16.0,0.16,3.2,15.3,33.3,14.3,19.0,0.15,2.8,17.5,8.3,20.8,20.8,0.18,3.4,16.1,22.7,13.6,0.0,0.19,3.3,13.1,16.7,22.2,0.0,0.19,4.1,18.2,72.7,4.5,0.0,0.14,2.4,17.4,47.6,19.0,0.0,0.12,2.7,19.8,12.5,29.2,25.0,0.17,3.4,14.0,11.8,23.5,11.8,0.14,2.8,15.7,15.8,15.8,0.0,0.14,2.5,14.9,5.6,27.8,0.0,0.15,2.9,19.8,45.5,22.7,4.5,0.14,3.1,15.3,11.8,35.3,17.6,0.16,3.2,14.4,25.0,25.0,12.5,0.14,2.7,18.0,5.0,30.0,20.0,0.16,4.1,12.6,7.1,7.1,14.3,0.14,3.9,19.8,4.5,13.6,0.0,0.21,5.2,16.3,35.7,28.6,14.3,0.19,4.0,17.4,13.3,33.3,6.7,0.21,4.0,17.4,6.7,13.3,33.3,0.19,3.1,18.6,12.5,6.2,18.8,0.19,3.8,14.0,8.3,8.3,0.0,0.18,4.0,16.3,7.1,7.1,14.3,0.18,3.7,14.7,42.9,14.3,14.3,0.16,3.1,15.8,13.3,20.0,13.3,0.19,3.8,20.0,15.8,15.8,0.0,0.19,3.8,17.9,11.8,11.8,11.8,0.17,3.7,16.8,12.5,12.5,0.0,0.17,3.3,14.7,14.3,0.0,0.0,0.18,4.1
20260810,03,6,4723,B1,40.0,50.0,4.48,29.51,5.82,41.74,34,50.0,55,45.45,4610,A1,36.0,55.0,6.0,41.67,5.99,41.55,65,43.14,14,25.64,5371,B2,24.0,52.0,1.99,2.74,1.65,2.9,48,27.08,58,21.74,3911,B1,52.0,53.0,5.25,33.03,5.2,31.0,58,22.0,24,33.33,4266,A1,41.0,54.0,6.96,48.62,7.14,52.63,12,32.56,53,44.68,4945,B1,34.0,54.0,4.0,14.13,5.13,30.53,16,40.91,38,26.19,12.4,33.3,25.0,0.0,0.19,3.4,12.4,16.7,25.0,8.3,0.19,4.3,11.3,36.4,9.1,0.0,0.2,3.7,12.4,8.3,25.0,25.0,0.14,2.2,16.5,12.5,18.8,0.0,0.18,3.6,35.1,14.7,11.8,2.9,0.16,3.1,19.9,77.8,7.4,3.7,0.17,2.6,14.0,31.6,21.1,21.1,0.14,2.8,16.2,27.3,27.3,13.6,0.14,2.7,14.7,20.0,10.0,30.0,0.15,3.2,19.1,15.4,11.5,15.4,0.16,2.8,16.2,9.1,9.1,9.1,0.17,3.5,0.0,0.0,0.0,0.0,0.0,0.0,0.0,0.0,0.0,0.0,0.0,0.0,0.0,0.0,0.0,0.0,0.0,0.0,27.3,4.8,0.0,0.0,0.24,4.7,32.5,0.0,0.0,0.0,0.19,4.0,40.3,3.2,0.0,0.0,0.22,4.2,16.0,57.1,14.3,9.5,0.18,3.3,19.8,11.5,23.1,19.2,0.19,3.5,13.7,5.6,27.8,27.8,0.15,3.1,21.4,10.7,14.3,7.1,0.17,3.1,19.1,12.0,20.0,8.0,0.18,3.4,9.9,15.4,0.0,0.0,0.18,3.8,21.8,77.8,11.1,0.0,0.13,2.3,16.9,14.3,28.6,9.5,0.15,3.6,13.7,29.4,23.5,29.4,0.13,2.9,21.0,7.7,11.5,23.1,0.16,3.8,12.9,18.8,18.8,0.0,0.14,3.0,13.7,11.8,17.6,0.0,0.18,4.7,9.0,44.4,22.2,0.0,0.15,4.3,7.0,28.6,0.0,0.0,0.23,3.6,25.0,12.0,12.0,20.0,0.2,3.9,19.0,15.8,15.8,31.6,0.16,2.8,25.0,4.0,12.0,0.0,0.16,3.1,15.0,6.7,6.7,0.0,0.17,3.2
20260810,03,7,5007,B1,29.0,52.0,4.59,22.03,5.49,35.29,62,50.0,60,39.22,4095,A1,45.0,52.0,7.1,61.61,7.05,53.33,27,35.56,22,23.4,5070,B1,32.0,53.0,3.84,16.44,4.62,25.37,67,18.18,63,31.37,4465,B1,39.0,53.0,4.34,20.97,4.71,27.43,68,38.46,13,40.0,4440,B1,39.0,55.0,4.88,29.55,5.12,27.93,70,18.37,20,24.0,3940,A1,48.0,53.0,6.39,49.21,6.22,39.64,31,39.58,34,30.43,15.6,41.2,35.3,11.8,0.16,2.9,17.4,5.3,26.3,26.3,0.16,2.5,15.6,11.8,5.9,17.6,0.16,2.9,18.3,5.0,25.0,15.0,0.16,2.5,19.3,23.8,23.8,0.0,0.2,3.2,13.8,20.0,0.0,0.0,0.25,4.9,25.5,77.8,16.7,0.0,0.12,2.0,12.8,27.8,16.7,27.8,0.14,2.4,12.8,16.7,50.0,11.1,0.13,2.3,21.3,16.7,30.0,20.0,0.16,2.3,14.9,14.3,28.6,23.8,0.12,2.3,12.8,11.1,33.3,22.2,0.13,2.7,13.0,33.3,11.1,11.1,0.18,3.8,18.8,15.4,7.7,30.8,0.22,4.0,20.3,7.1,7.1,0.0,0.2,4.5,18.8,7.7,7.7,15.4,0.22,3.4,11.6,12.5,12.5,0.0,0.26,5.4,17.4,8.3,0.0,0.0,0.25,5.0,14.1,50.0,20.0,0.0,0.19,3.4,19.7,14.3,42.9,7.1,0.18,3.5,12.7,11.1,22.2,0.0,0.2,3.7,21.1,13.3,13.3,6.7,0.17,3.2,18.3,7.7,38.5,0.0,0.2,3.8,14.1,20.0,0.0,0.0,0.27,4.8,12.7,38.5,23.1,0.0,0.14,2.8,18.6,10.5,10.5,26.3,0.16,2.7,17.6,16.7,11.1,27.8,0.17,3.0,15.7,25.0,18.8,0.0,0.15,2.4,21.6,13.6,27.3,0.0,0.21,4.1,13.7,21.4,0.0,0.0,0.22,3.9,24.3,69.4,22.2,2.8,0.13,2.4,17.6,15.4,7.7,19.2,0.16,3.3,16.2,20.8,25.0,12.5,0.16,2.6,14.2,14.3,23.8,28.6,0.14,2.8,14.9,13.6,13.6,18.2,0.14,2.5,12.8,21.1,21.1,0.0,0.15,2.9
20260810,03,8,5095,A2,32.0,51.0,6.55,43.75,6.41,48.65,40,9.09,39,48.84,4815,B1,36.0,53.0,3.29,12.2,4.69,23.4,66,29.55,40,44.44,4145,B1,44.0,53.0,3.97,16.67,4.52,22.47,24,30.43,41,44.0,4075,A1,45.0,56.0,6.48,40.4,6.62,48.65,26,26.0,10,51.02,4954,B1,31.0,53.0,4.34,22.5,6.14,45.95,14,15.56,33,34.78,4748,A1,40.0,52.0,6.25,45.98,6.6,46.52,36,48.98,49,38.78,20.0,66.7,12.5,12.5,0.15,2.5,13.3,31.2,37.5,18.8,0.15,2.4,20.0,12.5,16.7,29.2,0.17,3.1,15.0,11.1,22.2,22.2,0.17,3.2,15.8,5.3,36.8,0.0,0.15,3.1,15.8,21.1,42.1,0.0,0.12,3.3,15.9,52.9,11.8,0.0,0.2,3.8,12.1,15.4,15.4,7.7,0.21,4.7,15.0,31.2,18.8,0.0,0.21,3.8,16.8,5.6,5.6,22.2,0.19,3.8,11.2,8.3,8.3,25.0,0.16,3.4,29.0,6.5,12.9,0.0,0.21,4.9,13.7,7.7,15.4,15.4,0.27,5.8,16.8,18.8,18.8,0.0,0.23,5.6,16.8,18.8,6.2,18.8,0.23,5.3,22.1,4.8,9.5,28.6,0.27,5.5,17.9,17.6,0.0,0.0,0.25,5.5,12.6,16.7,0.0,0.0,0.32,5.7,19.7,61.5,19.2,11.5,0.1,2.0,13.6,11.1,38.9,16.7,0.12,2.3,18.9,8.0,36.0,20.0,0.13,2.6,16.7,13.6,27.3,18.2,0.13,2.4,13.6,16.7,44.4,0.0,0.13,2.7,17.4,8.7,8.7,13.0,0.15,4.3,6.0,25.0,25.0,0.0,0.17,3.5,4.5,33.3,33.3,0.0,0.18,2.0,4.5,33.3,33.3,0.0,0.16,3.7,6.0,25.0,25.0,0.0,0.21,3.8,23.9,6.2,12.5,6.2,0.18,3.3,55.2,8.1,13.5,13.5,0.2,3.6,22.3,59.3,7.4,7.4,0.14,3.1,15.7,36.8,42.1,10.5,0.16,3.2,16.5,10.0,30.0,20.0,0.14,2.6,14.9,16.7,27.8,16.7,0.19,3.6,16.5,15.0,20.0,10.0,0.18,3.7,14.0,11.8,29.4,17.6,0.15,2.9
20260810,03,9,4430,A2,40.0,56.0,5.65,33.04,6.25,43.61,13,40.91,27,56.82,4366,A1,40.0,54.0,6.55,47.33,6.85,49.49,15,34.09,51,25.0,3569,B1,55.0,54.0,3.98,17.05,5.36,33.11,33,26.67,70,20.0,3602,B1,56.0,52.0,3.91,16.46,5.5,35.11,11,23.26,71,37.21,4769,A1,34.0,53.0,6.77,48.25,6.69,51.75,28,34.04,23,10.64,3277,B1,59.0,52.0,4.32,20.99,4.85,29.41,61,31.11,62,30.95,19.7,44.4,22.2,18.5,0.16,2.6,18.2,20.0,32.0,16.0,0.16,3.2,15.3,33.3,14.3,19.0,0.15,2.8,17.5,8.3,20.8,20.8,0.18,3.4,16.1,22.7,13.6,0.0,0.19,3.3,13.1,16.7,22.2,0.0,0.19,4.1,24.0,72.2,8.3,8.3,0.15,2.8,16.7,16.0,44.0,28.0,0.13,2.7,15.3,17.4,26.1,26.1,0.15,3.1,15.3,21.7,17.4,39.1,0.11,2.6,17.3,19.2,19.2,34.6,0.11,2.3,11.3,11.8,17.6,0.0,0.19,3.4,14.0,13.3,46.7,0.0,0.16,3.0,18.7,10.0,10.0,15.0,0.18,3.4,18.7,5.0,20.0,0.0,0.18,3.7,15.0,18.8,0.0,0.0,0.18,3.8,22.4,12.5,12.5,0.0,0.19,3.8,11.2,8.3,0.0,0.0,0.22,5.5,14.6,16.7,8.3,33.3,0.22,4.2,15.9,7.7,15.4,23.1,0.19,4.1,14.6,25.0,16.7,0.0,0.21,4.3,17.1,7.1,7.1,21.4,0.21,4.0,20.7,5.9,52.9,0.0,0.23,3.8,17.1,14.3,0.0,0.0,0.2,5.2,22.0,66.7,18.5,3.7,0.12,1.8,12.2,20.0,13.3,26.7,0.12,2.8,14.6,27.8,27.8,27.8,0.11,1.3,20.3,16.0,24.0,16.0,0.12,2.2,17.9,9.1,9.1,31.8,0.13,2.2,13.0,6.2,6.2,31.2,0.11,2.3,15.2,20.0,6.7,13.3,0.18,3.2,15.2,6.7,6.7,40.0,0.19,3.5,19.2,21.1,5.3,0.0,0.17,3.2,21.2,14.3,14.3,9.5,0.17,3.3,19.2,5.3,15.8,0.0,0.19,3.7,10.1,10.0,0.0,0.0,0.21,4.6
20260810,03,10,4610,A1,36.0,55.0,6.0,41.67,5.99,41.55,65,43.14,14,25.64,4086,A2,46.0,50.0,6.01,39.52,5.89,36.14,10,31.82,29,40.91,5279,B1,23.0,53.0,5.6,37.76,5.48,37.28,19,21.28,64,45.1,3303,B1,58.0,55.0,4.16,16.5,6.41,45.27,22,34.0,28,36.96,4598,B1,42.0,53.0,6.12,49.47,6.46,48.91,57,47.92,65,20.83,3716,A1,51.0,54.0,6.91,44.0,7.86,61.47,18,27.66,69,17.78,19.9,77.8,7.4,3.7,0.17,2.6,14.0,31.6,21.1,21.1,0.14,2.8,16.2,27.3,27.3,13.6,0.14,2.7,14.7,20.0,10.0,30.0,0.15,3.2,19.1,15.4,11.5,15.4,0.16,2.8,16.2,9.1,9.1,9.1,0.17,3.5,18.4,57.1,14.3,19.0,0.12,2.3,16.7,10.5,31.6,26.3,0.16,3.1,13.2,26.7,40.0,20.0,0.15,3.1,15.8,16.7,22.2,27.8,0.14,2.8,19.3,4.5,31.8,9.1,0.14,3.4,16.7,5.3,21.1,0.0,0.19,3.8,17.0,53.3,26.7,0.0,0.14,2.4,21.6,21.1,10.5,15.8,0.18,3.8,15.9,7.1,28.6,21.4,0.16,3.4,13.6,16.7,8.3,0.0,0.16,3.5,15.9,7.1,21.4,21.4,0.15,3.3,15.9,14.3,14.3,0.0,0.17,3.6,20.5,53.8,19.2,7.7,0.19,3.7,18.1,30.4,30.4,0.0,0.2,4.3,15.7,35.0,30.0,0.0,0.21,4.2,18.1,8.7,8.7,34.8,0.2,4.5,13.4,11.8,17.6,0.0,0.19,4.4,14.2,5.6,0.0,0.0,0.22,5.1,19.8,45.5,22.7,4.5,0.14,3.1,15.3,11.8,35.3,17.6,0.16,3.2,14.4,25.0,25.0,12.5,0.14,2.7,18.0,5.0,30.0,20.0,0.16,4.1,12.6,7.1,7.1,14.3,0.14,3.9,19.8,4.5,13.6,0.0,0.21,5.2,20.2,56.0,12.0,4.0,0.15,3.3,14.5,5.6,33.3,16.7,0.13,4.1,12.1,13.3,20.0,46.7,0.12,2.5,20.2,20.0,16.0,12.0,0.13,2.8,16.1,5.0,15.0,15.0,0.11,2.9,16.9,4.8,19.0,4.8,0.12,3.4
20260810,03,11,4847,A1,32.0,53.0,7.1,50.94,7.38,57.69,51,17.02,30,27.08,4438,B1,40.0,53.0,4.82,32.43,5.34,35.45,38,26.09,25,30.95,4345,A2,41.0,56.0,5.73,42.86,5.51,36.94,60,31.82,17,45.45,3340,B1,61.0,54.0,3.94,20.22,5.28,36.08,20,39.58,46,32.65,5023,A2,31.0,52.0,5.96,38.27,5.86,41.88,71,43.18,45,34.04,4608,A2,36.0,54.0,5.8,37.7,6.52,41.18,43,33.33,36,31.91,18.9,82.4,11.8,0.0,0.13,2.8,16.7,26.7,26.7,20.0,0.13,3.5,15.6,21.4,21.4,21.4,0.18,3.0,20.0,16.7,11.1,22.2,0.14,3.1,13.3,25.0,8.3,25.0,0.17,4.3,15.6,7.1,14.3,0.0,0.2,3.9,17.9,31.8,22.7,4.5,0.14,2.3,17.1,19.0,19.0,14.3,0.13,2.2,16.3,10.0,20.0,10.0,0.12,2.6,21.1,23.1,11.5,11.5,0.13,2.0,17.1,9.5,9.5,23.8,0.12,2.3,10.6,7.7,0.0,0.0,0.15,2.9,19.5,64.0,24.0,4.0,0.13,1.9,14.1,5.6,38.9,16.7,0.15,3.1,18.8,16.7,20.8,16.7,0.14,2.7,17.2,9.1,27.3,9.1,0.16,2.8,13.3,5.9,11.8,17.6,0.16,3.5,17.2,22.7,9.1,0.0,0.16,4.1,15.1,43.8,6.2,12.5,0.17,3.7,19.8,9.5,14.3,14.3,0.17,3.2,17.0,16.7,16.7,11.1,0.17,2.6,17.0,5.6,22.2,16.7,0.21,3.2,18.9,15.0,10.0,10.0,0.2,4.2,12.3,15.4,0.0,0.0,0.19,3.4,14.6,66.7,16.7,16.7,0.1,1.9,15.9,15.4,23.1,23.1,0.15,3.2,14.6,8.3,8.3,50.0,0.18,2.8,19.5,6.2,31.2,18.8,0.18,2.8,17.1,14.3,28.6,28.6,0.14,2.6,18.3,33.3,6.7,0.0,0.2,4.5,21.2,61.1,27.8,5.6,0.14,2.8,14.1,25.0,25.0,0.0,0.18,3.9,18.8,25.0,37.5,18.8,0.17,3.6,20.0,5.9,11.8,35.3,0.18,3.2,15.3,7.7,23.1,23.1,0.19,3.1,10.6,22.2,0.0,0.0,0.17,3.9
20260810,03,12,4266,A1,41.0,54.0,6.96,48.62,7.14,52.63,12,32.56,53,44.68,4077,A2,47.0,53.0,5.48,29.81,5.58,36.54,17,36.36,21,31.11,5096,A2,31.0,53.0,6.29,38.46,6.38,47.22,53,33.33,26,39.13,3105,B1,63.0,55.0,5.19,35.06,5.24,34.53,64,50.0,57,25.58,4465,B1,39.0,53.0,4.34,20.97,4.71,27.43,68,38.46,13,40.0,3888,A2,51.0,51.0,6.15,44.27,5.92,35.09,55,29.79,12,35.71,21.8,77.8,11.1,0.0,0.13,2.3,16.9,14.3,28.6,9.5,0.15,3.6,13.7,29.4,23.5,29.4,0.13,2.9,21.0,7.7,11.5,23.1,0.16,3.8,12.9,18.8,18.8,0.0,0.14,3.0,13.7,11.8,17.6,0.0,0.18,4.7,13.8,62.5,12.5,12.5,0.16,3.2,21.6,32.0,12.0,28.0,0.17,3.2,17.2,20.0,20.0,20.0,0.16,3.0,13.8,12.5,18.8,25.0,0.17,3.6,19.0,4.5,9.1,13.6,0.19,4.3,14.7,23.5,0.0,0.0,0.19,4.6,15.9,61.1,11.1,16.7,0.16,2.8,16.8,5.3,21.1,10.5,0.16,3.8,18.6,19.0,19.0,23.8,0.13,2.4,15.0,5.9,5.9,29.4,0.17,3.1,17.7,15.0,35.0,10.0,0.16,2.8,15.9,16.7,11.1,0.0,0.16,3.8,15.6,35.7,28.6,28.6,0.16,2.5,20.0,11.1,11.1,27.8,0.22,3.9,17.8,18.8,18.8,12.5,0.22,3.3,14.4,7.7,23.1,0.0,0.14,2.7,15.6,7.1,42.9,0.0,0.19,3.0,16.7,26.7,0.0,0.0,0.2,4.1,14.1,50.0,20.0,0.0,0.19,3.4,19.7,14.3,42.9,7.1,0.18,3.5,12.7,11.1,22.2,0.0,0.2,3.7,21.1,13.3,13.3,6.7,0.17,3.2,18.3,7.7,38.5,0.0,0.2,3.8,14.1,20.0,0.0,0.0,0.27,4.8,18.2,72.7,4.5,0.0,0.14,2.4,17.4,47.6,19.0,0.0,0.12,2.7,19.8,12.5,29.2,25.0,0.17,3.4,14.0,11.8,23.5,11.8,0.14,2.8,15.7,15.8,15.8,0.0,0.14,2.5,14.9,5.6,27.8,0.0,0.15,2.9
