date,jcd,r,距離,登番1,級別1,支部1,年齢1,体重1,勝率1,全国2率1,当地勝率1,当地2率1,モーター番号1,モーター2率1,ボート番号1,ボート2率1,登番2,級別2,支部2,年齢2,体重2,勝率2,全国2率2,当地勝率2,当地2率2,モーター番号2,モーター2率2,ボート番号2,ボート2率2,登番3,級別3,支部3,年齢3,体重3,勝率3,全国2率3,当地勝率3,当地2率3,モーター番号3,モーター2率3,ボート番号3,ボート2率3,登番4,級別4,支部4,年齢4,体重4,勝率4,全国2率4,当地勝率4,当地2率4,モーター番号4,モーター2率4,ボート番号4,ボート2率4,登番5,級別5,支部5,年齢5,体重5,勝率5,全国2率5,当地勝率5,当地2率5,モーター番号5,モーター2率5,ボート番号5,ボート2率5,登番6,級別6,支部6,年齢6,体重6,勝率6,全国2率6,当地勝率6,当地2率6,モーター番号6,モーター2率6,ボート番号6,ボート2率6,1号艇_1コース_進入率,1号艇_1コース_1着率,1号艇_1コース_2着率,1号艇_1コース_3着率,1号艇_1コース_平均ST,1号艇_1コース_ST順,1号艇_2コース_進入率,1号艇_2コース_1着率,1号艇_2コース_2着率,1号艇_2コース_3着率,1号艇_2コース_平均ST,1号艇_2コース_ST順,1号艇_3コース_進入率,1号艇_3コース_1着率,1号艇_3コース_2着率,1号艇_3コース_3着率,1号艇_3コース_平均ST,1号艇_3コース_ST順,1号艇_4コース_進入率,1号艇_4コース_1着率,1号艇_4コース_2着率,1号艇_4コース_3着率,1号艇_4コース_平均ST,1号艇_4コース_ST順,1号艇_5コース_進入率,1号艇_5コース_1着率,1号艇_5コース_2着率,1号艇_5コース_3着率,1号艇_5コース_平均ST,1号艇_5コース_ST順,1号艇_6コース_進入率,1号艇_6コース_1着率,1号艇_6コース_2着率,1号艇_6コース_3着率,1号艇_6コース_平均ST,1号艇_6コース_ST順,2号艇_1コース_進入率,2号艇_1コース_1着率,2号艇_1コース_2着率,2号艇_1コース_3着率,2号艇_1コース_平均ST,2号艇_1コース_ST順,2号艇_2コース_進入率,2号艇_2コース_1着率,2号艇_2コース_2着率,2号艇_2コース_3着率,2号艇_2コース_平均ST,2号艇_2コース_ST順,2号艇_3コース_進入率,2号艇_3コース_1着率,2号艇_3コース_2着率,2号艇_3コース_3着率,2号艇_3コース_平均ST,2号艇_3コース_ST順,2号艇_4コース_進入率,2号艇_4コース_1着率,2号艇_4コース_2着率,2号艇_4コース_3着率,2号艇_4コース_平均ST,2号艇_4コース_ST順,2号艇_5コース_進入率,2号艇_5コース_1着率,2号艇_5コース_2着率,2号艇_5コース_3着率,2号艇_5コース_平均ST,2号艇_5コース_ST順,2号艇_6コース_進入率,2号艇_6コース_1着率,2号艇_6コース_2着率,2号艇_6コース_3着率,2号艇_6コース_平均ST,2号艇_6コース_ST順,3号艇_1コース_進入率,3号艇_1コース_1着率,3号艇_1コース_2着率,3号艇_1コース_3着率,3号艇_1コース_平均ST,3号艇_1コース_ST順,3号艇_2コース_進入率,3号艇_2コース_1着率,3号艇_2コース_2着率,3号艇_2コース_3着率,3号艇_2コース_平均ST,3号艇_2コース_ST順,3号艇_3コース_進入率,3号艇_3コース_1着率,3号艇_3コース_2着率,3号艇_3コース_3着率,3号艇_3コース_平均ST,3号艇_3コース_ST順,3号艇_4コース_進入率,3号艇_4コース_1着率,3号艇_4コース_2着率,3号艇_4コース_3着率,3号艇_4コース_平均ST,3号艇_4コース_ST順,3号艇_5コース_進入率,3号艇_5コース_1着率,3号艇_5コース_2着率,3号艇_5コース_3着率,3号艇_5コース_平均ST,3号艇_5コース_ST順,3号艇_6コース_進入率,3号艇_6コース_1着率,3号艇_6コース_2着率,3号艇_6コース_3着率,3号艇_6コース_平均ST,3号艇_6コース_ST順,4号艇_1コース_進入率,4号艇_1コース_1着率,4号艇_1コース_2着率,4号艇_1コース_3着率,4号艇_1コース_平均ST,4号艇_1コース_ST順,4号艇_2コース_進入率,4号艇_2コース_1着率,4号艇_2コース_2着率,4号艇_2コース_3着率,4号艇_2コース_平均ST,4号艇_2コース_ST順,4号艇_3コース_進入率,4号艇_3コース_1着率,4号艇_3コース_2着率,4号艇_3コース_3着率,4号艇_3コース_平均ST,4号艇_3コース_ST順,4号艇_4コース_進入率,4号艇_4コース_1着率,4号艇_4コース_2着率,4号艇_4コース_3着率,4号艇_4コース_平均ST,4号艇_4コース_ST順,4号艇_5コース_進入率,4号艇_5コース_1着率,4号艇_5コース_2着率,4号艇_5コース_3着率,4号艇_5コース_平均ST,4号艇_5コース_ST順,4号艇_6コース_進入率,4号艇_6コース_1着率,4号艇_6コース_2着率,4号艇_6コース_3着率,4号艇_6コース_平均ST,4号艇_6コース_ST順,5号艇_1コース_進入率,5号艇_1コース_1着率,5号艇_1コース_2着率,5号艇_1コース_3着率,5号艇_1コース_平均ST,5号艇_1コース_ST順,5号艇_2コース_進入率,5号艇_2コース_1着率,5号艇_2コース_2着率,5号艇_2コース_3着率,5号艇_2コース_平均ST,5号艇_2コース_ST順,5号艇_3コース_進入率,5号艇_3コース_1着率,5号艇_3コース_2着率,5号艇_3コース_3着率,5号艇_3コース_平均ST,5号艇_3コース_ST順,5号艇_4コース_進入率,5号艇_4コース_1着率,5号艇_4コース_2着率,5号艇_4コース_3着率,5号艇_4コース_平均ST,5号艇_4コース_ST順,5号艇_5コース_進入率,5号艇_5コース_1着率,5号艇_5コース_2着率,5号艇_5コース_3着率,5号艇_5コース_平均ST,5号艇_5コース_ST順,5号艇_6コース_進入率,5号艇_6コース_1着率,5号艇_6コース_2着率,5号艇_6コース_3着率,5号艇_6コース_平均ST,5号艇_6コース_ST順,6号艇_1コース_進入率,6号艇_1コース_1着率,6号艇_1コース_2着率,6号艇_1コース_3着率,6号艇_1コース_平均ST,6号艇_1コース_ST順,6号艇_2コース_進入率,6号艇_2コース_1着率,6号艇_2コース_2着率,6号艇_2コース_3着率,6号艇_2コース_平均ST,6号艇_2コース_ST順,6号艇_3コース_進入率,6号艇_3コース_1着率,6号艇_3コース_2着率,6号艇_3コース_3着率,6号艇_3コース_平均ST,6号艇_3コース_ST順,6号艇_4コース_進入率,6号艇_4コース_1着率,6号艇_4コース_2着率,6号艇_4コース_3着率,6号艇_4コース_平均ST,6号艇_4コース_ST順,6号艇_5コース_進入率,6号艇_5コース_1着率,6号艇_5コース_2着率,6号艇_5コース_3着率,6号艇_5コース_平均ST,6号艇_5コース_ST順,6号艇_6コース_進入率,6号艇_6コース_1着率,6号艇_6コース_2着率,6号艇_6コース_3着率,6号艇_6コース_平均ST,6号艇_6コース_ST順
20260906,22,1,1800,4100,B1,福岡,47.0,54.0,4.71,28.26,5.7,38.64,25,38.17,42,29.13,3928,B1,福岡,50.0,60.0,3.89,13.25,3.8,17.33,74,44.19,28,34.34,4944,B1,東京,35.0,53.0,4.25,18.99,4.16,26.32,12,37.59,9,41.58,4377,A1,大阪,42.0,49.0,5.28,34.31,6.1,47.62,22,33.07,64,27.55,5289,A2,大阪,25.0,53.0,5.73,41.18,5.95,40.0,34,42.96,38,42.27,5371,B2,東京,24.0,54.0,1.97,1.67,0.0,0.0,30,42.17,47,26.26,13.0,53.8,7.7,23.1,0.19,3.1,20.0,5.0,25.0,25.0,0.15,2.7,20.0,5.0,25.0,20.0,0.14,3.2,19.0,26.3,26.3,10.5,0.14,2.9,17.0,5.9,17.6,11.8,0.18,3.7,11.0,0.0,0.0,0.0,0.21,3.5,11.9,53.8,15.4,7.7,0.14,2.6,19.3,9.5,19.0,0.0,0.2,4.1,20.2,9.1,9.1,18.2,0.16,3.1,20.2,9.1,4.5,0.0,0.18,4.7,14.7,6.2,18.8,0.0,0.17,3.8,13.8,6.7,0.0,0.0,0.22,4.8,9.1,37.5,0.0,0.0,0.19,3.5,19.3,11.8,11.8,5.9,0.18,3.3,19.3,11.8,11.8,23.5,0.15,2.5,20.5,5.6,5.6,11.1,0.21,3.6,12.5,18.2,18.2,0.0,0.15,3.1,19.3,5.9,17.6,11.8,0.17,3.2,21.2,68.0,12.0,0.0,0.14,2.0,15.3,11.1,55.6,16.7,0.13,2.8,14.4,11.8,47.1,11.8,0.13,2.8,15.3,27.8,27.8,16.7,0.17,2.8,15.3,22.2,33.3,0.0,0.17,3.2,18.6,4.5,13.6,36.4,0.16,3.6,14.4,53.8,23.1,15.4,0.14,3.3,17.8,12.5,56.2,0.0,0.17,3.5,16.7,6.7,20.0,40.0,0.18,3.2,18.9,17.6,5.9,41.2,0.14,2.8,17.8,6.2,12.5,31.2,0.14,2.9,14.4,23.1,7.7,0.0,0.18,3.3,0.0,0.0,0.0,0.0,0.0,0.0,0.0,0.0,0.0,0.0,0.0,0.0,0.0,0.0,0.0,0.0,0.0,0.0,27.3,4.8,0.0,0.0,0.24,4.7,32.5,0.0,0.0,0.0,0.19,4.0,40.3,3.2,0.0,0.0,0.22,4.2
20260906,22,2,1800,4904,B1,大阪,32.0,52.0,5.34,35.9,7.22,66.67,13,36.52,29,33.01,4815,B1,東京,36.0,53.0,3.49,12.82,4.47,28.95,19,33.01,15,40.45,4651,B1,大阪,41.0,52.0,3.28,7.35,4.13,12.5,63,28.21,30,43.4,4393,B1,福岡,40.0,59.0,4.16,19.18,4.37,18.42,48,21.9,2,23.53,3888,A2,東京,51.0,51.0,6.09,43.97,4.54,25.0,44,27.89,21,34.78,4077,A2,東京,47.0,52.0,5.32,30.93,5.08,27.5,26,31.0,53,28.28,15.2,35.0,40.0,15.0,0.16,2.5,16.7,9.1,40.9,13.6,0.18,3.3,18.2,8.3,12.5,20.8,0.17,3.8,18.9,12.0,8.0,24.0,0.18,3.1,15.9,4.8,4.8,23.8,0.17,2.9,15.2,10.0,10.0,0.0,0.18,3.6,15.9,52.9,11.8,0.0,0.2,3.8,12.1,15.4,15.4,7.7,0.21,4.7,15.0,31.2,18.8,0.0,0.21,3.8,16.8,5.6,5.6,22.2,0.19,3.8,11.2,8.3,8.3,25.0,0.16,3.4,29.0,6.5,12.9,0.0,0.21,4.9,11.2,30.0,10.0,10.0,0.18,3.9,20.2,11.1,11.1,16.7,0.16,3.2,14.6,7.7,15.4,7.7,0.17,3.4,19.1,5.9,17.6,0.0,0.18,3.7,20.2,11.1,5.6,5.6,0.22,4.1,14.6,7.7,15.4,0.0,0.17,3.4,11.6,27.3,27.3,18.2,0.13,2.3,21.1,5.0,20.0,30.0,0.18,4.0,17.9,5.9,29.4,11.8,0.16,3.4,15.8,6.7,20.0,0.0,0.2,5.0,14.7,7.1,7.1,0.0,0.2,4.5,18.9,5.6,0.0,0.0,0.27,5.7,18.2,72.7,4.5,0.0,0.14,2.4,17.4,47.6,19.0,0.0,0.12,2.7,19.8,12.5,29.2,25.0,0.17,3.4,14.0,11.8,23.5,11.8,0.14,2.8,15.7,15.8,15.8,0.0,0.14,2.5,14.9,5.6,27.8,0.0,0.15,2.9,13.8,62.5,12.5,12.5,0.16,3.2,21.6,32.0,12.0,28.0,0.17,3.2,17.2,20.0,20.0,20.0,0.16,3.0,13.8,12.5,18.8,25.0,0.17,3.6,19.0,4.5,9.1,13.6,0.19,4.3,14.7,23.5,0.0,0.0,0.19,4.6
20260906,22,3,1800,4958,A1,福岡,31.0,56.0,6.25,42.62,5.82,39.29,70,30.25,37,33.33,4905,B1,大阪,31.0,54.0,4.67,25.58,3.75,12.5,53,26.05,51,24.24,4148,A2,福岡,44.0,52.0,6.14,40.0,7.15,60.0,29,28.06,69,35.05,3467,B1,東京,57.0,52.0,4.45,22.37,4.25,14.29,49,38.6,71,25.0,4329,B1,福岡,43.0,52.0,4.57,24.05,5.1,31.03,72,36.59,46,26.88,5190,B1,東京,25.0,50.0,4.01,16.25,3.22,11.11,43,62.89,35,41.58,18.6,70.8,8.3,12.5,0.13,2.3,17.1,27.3,27.3,9.1,0.14,2.4,14.7,26.3,31.6,31.6,0.14,2.7,15.5,10.0,20.0,20.0,0.12,2.9,17.8,8.7,26.1,21.7,0.12,2.7,16.3,28.6,0.0,0.0,0.15,3.4,13.8,45.5,27.3,9.1,0.21,3.9,15.0,8.3,16.7,8.3,0.21,4.8,18.8,13.3,6.7,20.0,0.19,4.1,21.2,23.5,5.9,0.0,0.17,4.2,18.8,20.0,0.0,0.0,0.23,4.7,12.5,0.0,0.0,0.0,0.27,5.0,20.3,57.7,26.9,3.8,0.14,2.8,14.8,21.1,36.8,10.5,0.14,3.5,13.3,11.8,47.1,23.5,0.15,3.1,18.0,4.3,34.8,30.4,0.13,2.5,18.0,4.3,17.4,21.7,0.14,3.8,15.6,5.0,5.0,30.0,0.14,3.6,14.5,9.1,9.1,9.1,0.23,4.6,18.4,7.1,21.4,14.3,0.25,4.6,18.4,28.6,0.0,0.0,0.2,3.4,19.7,6.7,6.7,0.0,0.18,4.4,17.1,7.7,23.1,0.0,0.16,3.3,11.8,22.2,0.0,0.0,0.16,2.7,14.1,42.9,35.7,7.1,0.16,2.6,16.2,12.5,12.5,37.5,0.16,3.1,15.2,13.3,6.7,0.0,0.15,2.3,20.2,5.0,10.0,50.0,0.17,3.4,19.2,10.5,31.6,0.0,0.17,3.4,15.2,13.3,0.0,0.0,0.25,4.3,9.5,55.6,22.2,11.1,0.16,2.6,20.0,5.3,26.3,36.8,0.18,3.6,21.1,5.0,45.0,0.0,0.17,2.7,14.7,21.4,14.3,0.0,0.19,3.4,21.1,10.0,5.0,0.0,0.19,3.5,13.7,7.7,0.0,0.0,0.15,3.6
20260906,22,4,1800,4301,B1,福岡,43.0,53.0,4.38,21.54,4.33,20.0,18,33.0,52,30.0,5381,B1,大阪,21.0,48.0,4.11,17.11,0.0,0.0,56,41.0,4,32.32,4792,B1,東京,36.0,50.0,4.06,20.0,3.64,21.43,46,26.79,8,35.92,3966,A1,東京,47.0,53.0,6.32,43.24,7.45,64.29,61,37.31,39,35.92,5081,A2,福岡,27.0,52.0,5.35,37.84,6.03,43.84,32,24.81,57,36.46,5426,B2,福岡,24.0,53.0,2.31,3.28,2.67,0.0,28,35.71,3,23.53,12.7,40.0,50.0,0.0,0.18,4.1,20.3,6.2,25.0,0.0,0.19,4.1,21.5,17.6,29.4,0.0,0.2,3.9,22.8,11.1,11.1,11.1,0.19,4.1,16.5,15.4,7.7,7.7,0.21,3.8,6.3,0.0,0.0,0.0,0.26,4.2,1.3,100.0,0.0,0.0,0.07,1.0,1.3,100.0,0.0,0.0,0.12,2.0,0.0,0.0,0.0,0.0,0.0,0.0,26.3,5.0,10.0,5.0,0.16,2.6,32.9,8.0,12.0,0.0,0.18,3.8,38.2,10.3,0.0,0.0,0.19,3.8,16.1,40.0,33.3,0.0,0.13,2.7,17.2,6.2,18.8,18.8,0.14,3.1,17.2,37.5,12.5,18.8,0.11,2.1,17.2,18.8,12.5,18.8,0.15,3.0,14.0,30.8,0.0,0.0,0.15,2.9,18.3,11.8,0.0,0.0,0.21,4.2,23.0,64.5,12.9,12.9,0.16,4.1,17.0,17.4,30.4,21.7,0.17,3.3,17.0,13.0,21.7,13.0,0.17,3.3,14.1,21.1,10.5,36.8,0.16,3.2,14.1,10.5,15.8,31.6,0.19,4.0,14.8,5.0,5.0,30.0,0.2,3.9,19.9,66.7,14.8,3.7,0.18,3.5,19.1,19.2,38.5,11.5,0.16,3.8,14.0,15.8,31.6,26.3,0.17,3.0,19.1,19.2,19.2,23.1,0.16,3.4,13.2,11.1,44.4,0.0,0.18,3.6,14.7,15.0,20.0,0.0,0.16,3.6,0.0,0.0,0.0,0.0,0.0,0.0,0.0,0.0,0.0,0.0,0.0,0.0,0.0,0.0,0.0,0.0,0.0,0.0,1.4,0.0,0.0,0.0,0.28,5.0,5.5,0.0,0.0,0.0,0.11,2.3,93.2,0.0,0.0,0.0,0.2,3.9
20260906,22,5,1800,3703,A2,福岡,52.0,50.0,5.96,44.09,6.19,47.19,21,39.17,17,33.33,5007,B1,東京,29.0,53.0,4.68,21.05,4.0,21.05,65,41.51,31,21.05,5235,B2,大阪,27.0,55.0,3.9,12.07,0.0,0.0,16,51.33,13,22.83,4095,A1,東京,45.0,52.0,7.07,59.18,7.33,55.56,39,40.45,1,31.68,4379,A2,東京,42.0,57.0,6.06,36.45,6.57,52.38,67,37.37,11,31.43,3928,B1,福岡,50.0,60.0,3.89,13.25,3.8,17.33,74,44.19,28,34.34,20.4,50.0,20.0,15.0,0.19,3.6,19.4,15.8,21.1,5.3,0.19,3.8,18.4,16.7,27.8,27.8,0.18,3.9,19.4,15.8,21.1,21.1,0.16,3.4,18.4,5.6,22.2,16.7,0.18,3.7,4.1,0.0,0.0,0.0,0.21,5.3,15.6,41.2,35.3,11.8,0.16,2.9,17.4,5.3,26.3,26.3,0.16,2.5,15.6,11.8,5.9,17.6,0.16,2.9,18.3,5.0,25.0,15.0,0.16,2.5,19.3,23.8,23.8,0.0,0.2,3.2,13.8,20.0,0.0,0.0,0.25,4.9,9.3,20.0,20.0,0.0,0.14,2.0,24.1,7.7,7.7,0.0,0.2,4.2,16.7,22.2,22.2,0.0,0.15,2.6,20.4,9.1,0.0,0.0,0.13,3.4,13.0,0.0,0.0,0.0,0.16,2.9,16.7,0.0,0.0,0.0,0.2,4.4,25.5,77.8,16.7,0.0,0.12,2.0,12.8,27.8,16.7,27.8,0.14,2.4,12.8,16.7,50.0,11.1,0.13,2.3,21.3,16.7,30.0,20.0,0.16,2.3,14.9,14.3,28.6,23.8,0.12,2.3,12.8,11.1,33.3,22.2,0.13,2.7,18.5,45.8,25.0,4.2,0.16,3.0,19.2,16.0,28.0,16.0,0.15,3.0,17.7,4.3,21.7,21.7,0.15,3.1,16.9,4.5,18.2,31.8,0.16,3.5,13.1,11.8,17.6,11.8,0.17,3.9,14.6,21.1,21.1,0.0,0.17,4.4,11.9,53.8,15.4,7.7,0.14,2.6,19.3,9.5,19.0,0.0,0.2,4.1,20.2,9.1,9.1,18.2,0.16,3.1,20.2,9.1,4.5,0.0,0.18,4.7,14.7,6.2,18.8,0.0,0.17,3.8,13.8,6.7,0.0,0.0,0.22,4.8
20260906,22,6,1800,4759,A1,東京,36.0,52.0,6.98,48.36,6.83,43.33,58,33.33,5,49.5,5133,B1,東京,27.0,53.0,6.01,40.3,5.6,40.0,57,32.43,34,36.89,3948,B1,大阪,50.0,53.0,3.5,12.16,0.0,0.0,71,41.38,74,40.82,5371,B2,東京,24.0,54.0,1.97,1.67,0.0,0.0,30,42.17,47,26.26,4737,A1,福岡,35.0,55.0,6.77,54.64,6.53,54.72,31,31.75,55,26.8,3915,A2,大阪,52.0,53.0,6.23,44.12,5.95,37.84,36,35.2,27,38.0,18.2,61.1,11.1,16.7,0.16,2.9,15.2,20.0,33.3,13.3,0.17,3.7,20.2,15.0,50.0,20.0,0.16,3.3,16.2,6.2,37.5,25.0,0.17,3.7,13.1,23.1,38.5,0.0,0.15,3.5,17.2,23.5,0.0,0.0,0.17,4.2,17.6,43.8,25.0,12.5,0.19,4.4,16.5,6.7,26.7,0.0,0.23,5.1,17.6,25.0,25.0,25.0,0.23,4.3,16.5,13.3,20.0,0.0,0.24,4.6,15.4,14.3,7.1,35.7,0.2,4.4,16.5,6.7,26.7,0.0,0.22,5.3,12.4,36.4,9.1,18.2,0.12,2.5,19.1,17.6,29.4,0.0,0.21,4.2,19.1,11.8,29.4,17.6,0.17,3.5,15.7,14.3,7.1,0.0,0.2,3.1,18.0,6.2,18.8,6.2,0.17,3.8,15.7,0.0,0.0,0.0,0.23,4.6,0.0,0.0,0.0,0.0,0.0,0.0,0.0,0.0,0.0,0.0,0.0,0.0,0.0,0.0,0.0,0.0,0.0,0.0,27.3,4.8,0.0,0.0,0.24,4.7,32.5,0.0,0.0,0.0,0.19,4.0,40.3,3.2,0.0,0.0,0.22,4.2,25.2,78.1,18.8,0.0,0.18,3.7,20.5,50.0,23.1,19.2,0.17,3.7,12.6,37.5,25.0,18.8,0.16,2.8,15.7,30.0,25.0,25.0,0.14,2.6,12.6,18.8,18.8,18.8,0.13,2.2,13.4,5.9,29.4,29.4,0.16,2.7,18.8,66.7,9.5,14.3,0.2,3.7,17.9,10.0,40.0,15.0,0.19,3.4,15.2,5.9,11.8,47.1,0.19,3.9,17.0,10.5,26.3,31.6,0.19,3.8,17.9,15.0,10.0,10.0,0.19,4.2,13.4,6.7,0.0,0.0,0.2,4.4
20260906,22,7,1800,4535,A2,東京,36.0,54.0,7.11,55.06,6.78,51.85,51,26.83,61,37.86,4329,B1,福岡,43.0,52.0,4.57,24.05,5.1,31.03,72,36.59,46,26.88,3523,B1,福岡,57.0,52.0,4.42,20.9,6.0,55.56,35,26.61,6,26.04,5054,A1,大阪,30.0,53.0,6.57,58.46,6.5,50.0,52,40.0,19,28.3,3432,B1,大阪,58.0,54.0,3.86,15.38,5.38,38.46,33,41.32,36,35.29,4932,A1,福岡,30.0,52.0,7.51,52.38,7.26,59.46,59,39.34,68,39.39,25.9,71.4,9.5,14.3,0.16,3.3,9.9,12.5,25.0,37.5,0.16,3.1,18.5,13.3,33.3,13.3,0.16,3.1,16.0,7.7,23.1,30.8,0.14,3.3,12.3,10.0,20.0,20.0,0.17,3.1,17.3,7.1,21.4,0.0,0.15,3.1,14.1,42.9,35.7,7.1,0.16,2.6,16.2,12.5,12.5,37.5,0.16,3.1,15.2,13.3,6.7,0.0,0.15,2.3,20.2,5.0,10.0,50.0,0.17,3.4,19.2,10.5,31.6,0.0,0.17,3.4,15.2,13.3,0.0,0.0,0.25,4.3,12.9,27.3,54.5,0.0,0.19,2.9,15.3,23.1,30.8,0.0,0.19,3.7,21.2,5.6,16.7,22.2,0.2,4.1,16.5,7.1,7.1,7.1,0.23,3.7,18.8,12.5,18.8,0.0,0.16,3.8,15.3,7.7,23.1,0.0,0.22,5.0,15.2,73.3,6.7,13.3,0.12,2.3,13.1,7.7,53.8,23.1,0.13,2.8,20.2,15.0,20.0,45.0,0.12,2.6,25.3,8.0,20.0,20.0,0.15,2.8,16.2,56.2,12.5,0.0,0.17,2.9,10.1,30.0,0.0,0.0,0.12,2.5,12.9,36.4,9.1,27.3,0.15,1.6,18.8,18.8,31.2,6.2,0.14,3.3,17.6,20.0,13.3,0.0,0.16,3.2,22.4,5.3,26.3,0.0,0.19,4.1,16.5,14.3,14.3,0.0,0.21,3.4,11.8,10.0,20.0,0.0,0.26,4.7,21.1,81.5,11.1,0.0,0.13,2.6,15.6,30.0,25.0,35.0,0.16,3.7,14.1,33.3,22.2,27.8,0.14,3.2,16.4,9.5,33.3,28.6,0.14,3.0,16.4,4.8,33.3,33.3,0.16,3.9,16.4,4.8,14.3,23.8,0.17,4.4
20260906,22,8,1800,4155,A2,福岡,45.0,56.0,6.15,46.46,6.87,53.19,27,35.0,56,40.82,4792,B1,東京,36.0,50.0,4.06,20.0,3.64,21.43,46,26.79,8,35.92,4368,B1,福岡,40.0,54.0,4.38,24.59,4.59,17.95,20,36.28,14,32.99,3888,A2,東京,51.0,51.0,6.09,43.97,4.54,25.0,44,27.89,21,34.78,3107,B1,大阪,62.0,52.0,3.71,9.76,5.56,29.63,11,36.97,49,33.33,4632,B1,福岡,37.0,53.0,4.84,27.63,5.14,26.32,15,40.48,24,30.95,21.8,66.7,22.2,0.0,0.14,3.1,12.1,33.3,13.3,20.0,0.17,3.1,19.4,4.2,25.0,33.3,0.17,3.4,16.1,15.0,40.0,25.0,0.14,2.7,16.9,19.0,4.8,0.0,0.17,3.5,13.7,11.8,11.8,11.8,0.15,3.6,16.1,40.0,33.3,0.0,0.13,2.7,17.2,6.2,18.8,18.8,0.14,3.1,17.2,37.5,12.5,18.8,0.11,2.1,17.2,18.8,12.5,18.8,0.15,3.0,14.0,30.8,0.0,0.0,0.15,2.9,18.3,11.8,0.0,0.0,0.21,4.2,12.6,41.7,16.7,8.3,0.15,2.8,16.8,18.8,12.5,0.0,0.21,4.3,20.0,5.3,10.5,21.1,0.16,3.1,18.9,5.6,0.0,0.0,0.23,4.4,14.7,14.3,0.0,0.0,0.22,4.1,16.8,6.2,0.0,0.0,0.22,4.4,18.2,72.7,4.5,0.0,0.14,2.4,17.4,47.6,19.0,0.0,0.12,2.7,19.8,12.5,29.2,25.0,0.17,3.4,14.0,11.8,23.5,11.8,0.14,2.8,15.7,15.8,15.8,0.0,0.14,2.5,14.9,5.6,27.8,0.0,0.15,2.9,13.3,20.0,10.0,10.0,0.15,3.2,21.3,25.0,18.8,0.0,0.18,4.3,20.0,13.3,20.0,0.0,0.18,3.7,14.7,9.1,18.2,0.0,0.19,3.3,18.7,7.1,0.0,0.0,0.19,3.6,12.0,22.2,0.0,0.0,0.2,4.2,14.1,50.0,30.0,0.0,0.19,3.4,16.9,8.3,16.7,8.3,0.19,3.9,18.3,30.8,23.1,0.0,0.18,3.6,15.5,18.2,45.5,0.0,0.24,3.7,19.7,7.1,28.6,0.0,0.2,4.2,15.5,18.2,0.0,0.0,0.22,4.8
20260906,22,9,1800,5004,A2,大阪,30.0,52.0,5.74,37.84,4.66,26.32,62,45.54,58,16.35,4944,B1,東京,35.0,53.0,4.25,18.99,4.16,26.32,12,37.59,9,41.58,4393,B1,福岡,40.0,59.0,4.16,19.18,4.37,18.42,48,21.9,2,23.53,5081,A2,福岡,27.0,52.0,5.35,37.84,6.03,43.84,32,24.81,57,36.46,3467,B1,東京,57.0,52.0,4.45,22.37,4.25,14.29,49,38.6,71,25.0,4114,B1,東京,45.0,54.0,4.89,25.93,6.16,32.26,37,30.77,22,30.93,15.7,61.1,11.1,16.7,0.16,2.7,18.3,9.5,42.9,28.6,0.13,2.8,15.7,11.1,33.3,16.7,0.14,3.3,17.4,5.0,10.0,25.0,0.17,3.3,18.3,4.8,14.3,19.0,0.16,2.8,14.8,5.9,23.5,0.0,0.16,3.5,9.1,37.5,0.0,0.0,0.19,3.5,19.3,11.8,11.8,5.9,0.18,3.3,19.3,11.8,11.8,23.5,0.15,2.5,20.5,5.6,5.6,11.1,0.21,3.6,12.5,18.2,18.2,0.0,0.15,3.1,19.3,5.9,17.6,11.8,0.17,3.2,11.6,27.3,27.3,18.2,0.13,2.3,21.1,5.0,20.0,30.0,0.18,4.0,17.9,5.9,29.4,11.8,0.16,3.4,15.8,6.7,20.0,0.0,0.2,5.0,14.7,7.1,7.1,0.0,0.2,4.5,18.9,5.6,0.0,0.0,0.27,5.7,19.9,66.7,14.8,3.7,0.18,3.5,19.1,19.2,38.5,11.5,0.16,3.8,14.0,15.8,31.6,26.3,0.17,3.0,19.1,19.2,19.2,23.1,0.16,3.4,13.2,11.1,44.4,0.0,0.18,3.6,14.7,15.0,20.0,0.0,0.16,3.6,14.5,9.1,9.1,9.1,0.23,4.6,18.4,7.1,21.4,14.3,0.25,4.6,18.4,28.6,0.0,0.0,0.2,3.4,19.7,6.7,6.7,0.0,0.18,4.4,17.1,7.7,23.1,0.0,0.16,3.3,11.8,22.2,0.0,0.0,0.16,2.7,14.5,40.0,20.0,20.0,0.18,3.1,18.8,38.5,23.1,0.0,0.22,5.1,17.4,16.7,25.0,0.0,0.17,3.8,15.9,36.4,27.3,0.0,0.18,4.5,18.8,7.7,23.1,0.0,0.15,4.1,14.5,10.0,30.0,0.0,0.21,5.1
20260906,22,10,1800,4077,A2,東京,47.0,52.0,5.32,30.93,5.08,27.5,26,31.0,53,28.28,4100,B1,福岡,47.0,54.0,4.71,28.26,5.7,38.64,25,38.17,42,29.13,3966,A1,東京,47.0,53.0,6.32,43.24,7.45,64.29,61,37.31,39,35.92,4737,A1,福岡,35.0,55.0,6.77,54.64,6.53,54.72,31,31.75,55,26.8,4958,A1,福岡,31.0,56.0,6.25,42.62,5.82,39.29,70,30.25,37,33.33,3703,A2,福岡,52.0,50.0,5.96,44.09,6.19,47.19,21,39.17,17,33.33,13.8,62.5,12.5,12.5,0.16,3.2,21.6,32.0,12.0,28.0,0.17,3.2,17.2,20.0,20.0,20.0,0.16,3.0,13.8,12.5,18.8,25.0,0.17,3.6,19.0,4.5,9.1,13.6,0.19,4.3,14.7,23.5,0.0,0.0,0.19,4.6,13.0,53.8,7.7,23.1,0.19,3.1,20.0,5.0,25.0,25.0,0.15,2.7,20.0,5.0,25.0,20.0,0.14,3.2,19.0,26.3,26.3,10.5,0.14,2.9,17.0,5.9,17.6,11.8,0.18,3.7,11.0,0.0,0.0,0.0,0.21,3.5,23.0,64.5,12.9,12.9,0.16,4.1,17.0,17.4,30.4,21.7,0.17,3.3,17.0,13.0,21.7,13.0,0.17,3.3,14.1,21.1,10.5,36.8,0.16,3.2,14.1,10.5,15.8,31.6,0.19,4.0,14.8,5.0,5.0,30.0,0.2,3.9,25.2,78.1,18.8,0.0,0.18,3.7,20.5,50.0,23.1,19.2,0.17,3.7,12.6,37.5,25.0,18.8,0.16,2.8,15.7,30.0,25.0,25.0,0.14,2.6,12.6,18.8,18.8,18.8,0.13,2.2,13.4,5.9,29.4,29.4,0.16,2.7,18.6,70.8,8.3,12.5,0.13,2.3,17.1,27.3,27.3,9.1,0.14,2.4,14.7,26.3,31.6,31.6,0.14,2.7,15.5,10.0,20.0,20.0,0.12,2.9,17.8,8.7,26.1,21.7,0.12,2.7,16.3,28.6,0.0,0.0,0.15,3.4,20.4,50.0,20.0,15.0,0.19,3.6,19.4,15.8,21.1,5.3,0.19,3.8,18.4,16.7,27.8,27.8,0.18,3.9,19.4,15.8,21.1,21.1,0.16,3.4,18.4,5.6,22.2,16.7,0.18,3.7,4.1,0.0,0.0,0.0,0.21,5.3
20260906,22,11,1800,3915,A2,大阪,52.0,53.0,6.23,44.12,5.95,37.84,36,35.2,27,38.0,4095,A1,東京,45.0,52.0,7.07,59.18,7.33,55.56,39,40.45,1,31.68,4377,A1,大阪,42.0,49.0,5.28,34.31,6.1,47.62,22,33.07,64,27.55,4815,B1,東京,36.0,53.0,3.49,12.82,4.47,28.95,19,33.01,15,40.45,4535,A2,東京,36.0,54.0,7.11,55.06,6.78,51.85,51,26.83,61,37.86,4301,B1,福岡,43.0,53.0,4.38,21.54,4.33,20.0,18,33.0,52,30.0,18.8,66.7,9.5,14.3,0.2,3.7,17.9,10.0,40.0,15.0,0.19,3.4,15.2,5.9,11.8,47.1,0.19,3.9,17.0,10.5,26.3,31.6,0.19,3.8,17.9,15.0,10.0,10.0,0.19,4.2,13.4,6.7,0.0,0.0,0.2,4.4,25.5,77.8,16.7,0.0,0.12,2.0,12.8,27.8,16.7,27.8,0.14,2.4,12.8,16.7,50.0,11.1,0.13,2.3,21.3,16.7,30.0,20.0,0.16,2.3,14.9,14.3,28.6,23.8,0.12,2.3,12.8,11.1,33.3,22.2,0.13,2.7,21.2,68.0,12.0,0.0,0.14,2.0,15.3,11.1,55.6,16.7,0.13,2.8,14.4,11.8,47.1,11.8,0.13,2.8,15.3,27.8,27.8,16.7,0.17,2.8,15.3,22.2,33.3,0.0,0.17,3.2,18.6,4.5,13.6,36.4,0.16,3.6,15.9,52.9,11.8,0.0,0.2,3.8,12.1,15.4,15.4,7.7,0.21,4.7,15.0,31.2,18.8,0.0,0.21,3.8,16.8,5.6,5.6,22.2,0.19,3.8,11.2,8.3,8.3,25.0,0.16,3.4,29.0,6.5,12.9,0.0,0.21,4.9,25.9,71.4,9.5,14.3,0.16,3.3,9.9,12.5,25.0,37.5,0.16,3.1,18.5,13.3,33.3,13.3,0.16,3.1,16.0,7.7,23.1,30.8,0.14,3.3,12.3,10.0,20.0,20.0,0.17,3.1,17.3,7.1,21.4,0.0,0.15,3.1,12.7,40.0,50.0,0.0,0.18,4.1,20.3,6.2,25.0,0.0,0.19,4.1,21.5,17.6,29.4,0.0,0.2,3.9,22.8,11.1,11.1,11.1,0.19,4.1,16.5,15.4,7.7,7.7,0.21,3.8,6.3,0.0,0.0,0.0,0.26,4.2
20260906,22,12,1800,4932,A1,福岡,30.0,52.0,7.51,52.38,7.26,59.46,59,39.34,68,39.39,4904,B1,大阪,32.0,52.0,5.34,35.9,7.22,66.67,13,36.52,29,33.01,5289,A2,大阪,25.0,53.0,5.73,41.18,5.95,40.0,34,42.96,38,42.27,4148,A2,福岡,44.0,52.0,6.14,40.0,7.15,60.0,29,28.06,69,35.05,4155,A2,福岡,45.0,56.0,6.15,46.46,6.87,53.19,27,35.0,56,40.82,4759,A1,東京,36.0,52.0,6.98,48.36,6.83,43.33,58,33.33,5,49.5,21.1,81.5,11.1,0.0,0.13,2.6,15.6,30.0,25.0,35.0,0.16,3.7,14.1,33.3,22.2,27.8,0.14,3.2,16.4,9.5,33.3,28.6,0.14,3.0,16.4,4.8,33.3,33.3,0.16,3.9,16.4,4.8,14.3,23.8,0.17,4.4,15.2,35.0,40.0,15.0,0.16,2.5,16.7,9.1,40.9,13.6,0.18,3.3,18.2,8.3,12.5,20.8,0.17,3.8,18.9,12.0,8.0,24.0,0.18,3.1,15.9,4.8,4.8,23.8,0.17,2.9,15.2,10.0,10.0,0.0,0.18,3.6,14.4,53.8,23.1,15.4,0.14,3.3,17.8,12.5,56.2,0.0,0.17,3.5,16.7,6.7,20.0,40.0,0.18,3.2,18.9,17.6,5.9,41.2,0.14,2.8,17.8,6.2,12.5,31.2,0.14,2.9,14.4,23.1,7.7,0.0,0.18,3.3,20.3,57.7,26.9,3.8,0.14,2.8,14.8,21.1,36.8,10.5,0.14,3.5,13.3,11.8,47.1,23.5,0.15,3.1,18.0,4.3,34.8,30.4,0.13,2.5,18.0,4.3,17.4,21.7,0.14,3.8,15.6,5.0,5.0,30.0,0.14,3.6,21.8,66.7,22.2,0.0,0.14,3.1,12.1,33.3,13.3,20.0,0.17,3.1,19.4,4.2,25.0,33.3,0.17,3.4,16.1,15.0,40.0,25.0,0.14,2.7,16.9,19.0,4.8,0.0,0.17,3.5,13.7,11.8,11.8,11.8,0.15,3.6,18.2,61.1,11.1,16.7,0.16,2.9,15.2,20.0,33.3,13.3,0.17,3.7,20.2,15.0,50.0,20.0,0.16,3.3,16.2,6.2,37.5,25.0,0.17,3.7,13.1,23.1,38.5,0.0,0.15,3.5,17.2,23.5,0.0,0.0,0.17,4.2
20260906,17,1,1800,4182,B1,滋賀,42.0,55.0,4.7,28.57,4.41,20.41,15,34.91,14,27.89,3761,B1,滋賀,54.0,54.0,5.09,30.67,5.28,34.48,27,31.42,61,35.14,4097,B1,広島,44.0,58.0,3.49,13.89,3.89,14.55,24,37.73,32,34.87,5291,B1,香川,25.0,50.0,4.15,19.44,3.57,0.0,80,29.05,54,27.91,3933,B1,岡山,50.0,53.0,6.12,46.15,5.52,32.0,56,33.04,69,29.91,5374,B1,岡山,23.0,50.0,3.25,10.67,1.89,0.0,29,32.56,60,30.11,15.2,43.8,12.5,18.8,0.18,2.6,18.1,5.3,21.1,5.3,0.19,3.5,15.2,6.2,43.8,6.2,0.15,2.2,21.0,13.6,13.6,18.2,0.17,3.3,17.1,5.6,11.1,27.8,0.2,3.4,13.3,14.3,0.0,0.0,0.27,4.5,17.3,61.1,22.2,5.6,0.16,3.1,16.3,17.6,11.8,11.8,0.17,3.2,17.3,27.8,22.2,0.0,0.2,3.8,22.1,4.3,21.7,13.0,0.17,3.8,12.5,7.7,30.8,15.4,0.15,3.3,14.4,6.7,0.0,0.0,0.18,4.1,8.8,14.3,14.3,28.6,0.16,3.7,17.5,14.3,14.3,0.0,0.2,4.1,22.5,16.7,11.1,0.0,0.22,4.7,12.5,10.0,20.0,0.0,0.23,4.5,21.2,5.9,11.8,0.0,0.24,4.6,17.5,21.4,0.0,0.0,0.25,5.6,10.9,9.1,18.2,9.1,0.19,4.2,17.8,16.7,38.9,0.0,0.18,4.3,18.8,21.1,10.5,0.0,0.21,4.6,20.8,14.3,9.5,0.0,0.26,4.6,13.9,14.3,0.0,0.0,0.25,5.1,17.8,11.1,0.0,0.0,0.26,5.6,14.0,33.3,20.0,13.3,0.17,4.1,43.9,12.8,27.7,6.4,0.17,3.6,31.8,23.5,23.5,0.0,0.18,3.3,9.3,40.0,0.0,0.0,0.17,4.5,0.9,0.0,0.0,0.0,0.24,2.0,0.0,0.0,0.0,0.0,0.0,0.0,0.0,0.0,0.0,0.0,0.0,0.0,0.0,0.0,0.0,0.0,0.0,0.0,0.0,0.0,0.0,0.0,0.0,0.0,28.9,4.2,12.5,0.0,0.17,3.3,27.7,8.7,8.7,0.0,0.1,2.4,43.4,2.8,5.6,0.0,0.18,3.4
20260906,17,2,1800,5223,B1,福岡,25.0,55.0,5.05,29.25,5.3,30.0,62,29.49,18,35.27,4725,B1,兵庫,39.0,53.0,4.86,23.08,0.0,0.0,61,36.36,53,32.11,4564,B1,広島,38.0,53.0,4.63,21.21,5.53,36.8,36,33.61,39,33.33,4987,B1,群馬,29.0,48.0,3.62,16.67,3.78,22.22,51,40.34,27,36.59,5100,B1,群馬,29.0,56.0,4.43,24.68,5.57,28.57,65,41.74,63,36.12,3987,A1,静岡,48.0,53.0,5.88,40.7,5.17,37.14,55,35.29,56,33.89,12.1,35.7,14.3,0.0,0.14,3.3,21.6,8.0,28.0,16.0,0.15,3.0,18.1,9.5,9.5,19.0,0.15,3.5,16.4,5.3,26.3,5.3,0.17,4.4,15.5,22.2,16.7,0.0,0.18,3.6,16.4,10.5,0.0,0.0,0.16,4.1,15.2,56.2,18.8,0.0,0.15,3.2,17.1,5.6,50.0,22.2,0.16,3.9,18.1,15.8,10.5,0.0,0.22,4.5,15.2,25.0,12.5,12.5,0.18,4.1,19.0,5.0,15.0,20.0,0.16,3.4,15.2,6.2,12.5,0.0,0.2,3.9,15.4,25.0,31.2,25.0,0.18,3.9,12.5,7.7,53.8,7.7,0.19,4.2,21.2,4.5,31.8,18.2,0.18,3.6,20.2,4.8,19.0,23.8,0.19,4.2,18.3,10.5,21.1,0.0,0.22,4.4,12.5,7.7,0.0,0.0,0.19,4.8,13.5,66.7,8.3,16.7,0.15,2.8,13.5,25.0,0.0,0.0,0.16,4.2,22.5,5.0,10.0,0.0,0.17,3.2,19.1,17.6,23.5,0.0,0.2,3.2,14.6,7.7,7.7,0.0,0.18,3.2,16.9,6.7,0.0,0.0,0.2,4.1,17.1,33.3,16.7,16.7,0.15,2.6,12.9,22.2,0.0,0.0,0.17,3.6,21.4,20.0,13.3,26.7,0.17,3.0,8.6,16.7,16.7,0.0,0.18,3.3,17.1,33.3,0.0,0.0,0.16,3.2,22.9,6.2,6.2,0.0,0.21,4.0,14.9,72.2,16.7,5.6,0.19,3.1,14.0,5.9,64.7,5.9,0.18,3.5,19.8,12.5,20.8,29.2,0.18,3.5,19.0,8.7,30.4,30.4,0.13,2.9,18.2,31.8,9.1,22.7,0.16,2.3,14.0,5.9,17.6,0.0,0.15,3.0
20260906,17,3,1800,5155,A2,福岡,29.0,45.0,6.25,43.69,6.0,43.75,71,33.96,57,35.87,3950,B1,大阪,50.0,55.0,3.66,19.12,4.96,29.17,67,31.78,23,31.1,4457,B1,愛知,40.0,52.0,4.26,22.95,4.42,21.05,73,29.47,80,28.83,5131,B1,福岡,27.0,54.0,3.98,16.47,0.0,0.0,23,32.88,79,29.38,5032,A2,香川,28.0,52.0,4.96,31.13,3.61,11.11,70,32.38,66,34.96,3542,B1,愛知,57.0,57.0,4.1,20.88,4.16,24.32,39,33.04,55,28.14,17.5,38.9,38.9,16.7,0.16,2.9,17.5,33.3,22.2,16.7,0.15,2.4,20.4,28.6,23.8,19.0,0.14,2.4,16.5,5.9,23.5,23.5,0.14,2.8,13.6,28.6,21.4,0.0,0.19,3.2,14.6,6.7,13.3,26.7,0.15,2.9,14.7,6.7,6.7,13.3,0.16,3.2,22.5,4.3,21.7,13.0,0.15,2.5,14.7,13.3,26.7,26.7,0.15,2.2,15.7,12.5,6.2,37.5,0.13,2.6,18.6,5.3,5.3,0.0,0.16,3.2,13.7,21.4,0.0,0.0,0.16,3.1,14.0,33.3,16.7,8.3,0.17,2.9,16.3,7.1,21.4,28.6,0.17,3.2,18.6,25.0,37.5,0.0,0.15,2.9,20.9,5.6,5.6,22.2,0.15,2.9,16.3,7.1,14.3,21.4,0.16,3.8,14.0,16.7,8.3,0.0,0.17,3.3,9.7,11.1,22.2,0.0,0.21,4.2,17.2,12.5,18.8,12.5,0.19,4.3,21.5,15.0,20.0,0.0,0.18,4.0,18.3,5.9,11.8,17.6,0.17,3.5,26.9,4.0,8.0,0.0,0.16,3.7,6.5,16.7,0.0,0.0,0.16,2.5,16.4,47.4,26.3,15.8,0.16,3.0,17.2,10.0,15.0,45.0,0.15,2.9,17.2,20.0,10.0,15.0,0.14,2.5,19.8,8.7,17.4,17.4,0.18,3.9,14.7,11.8,17.6,23.5,0.16,2.8,14.7,11.8,35.3,0.0,0.19,3.6,14.9,30.8,15.4,15.4,0.2,3.1,65.5,5.3,12.3,8.8,0.19,3.6,16.1,14.3,21.4,0.0,0.19,3.9,2.3,0.0,0.0,0.0,0.17,4.5,1.1,0.0,0.0,0.0,0.22,4.0,0.0,0.0,0.0,0.0,0.0,0.0
20260906,17,4,1800,4264,A1,山口,41.0,54.0,6.04,42.86,6.33,42.19,33,33.05,78,38.29,3543,B1,香川,57.0,55.0,4.8,31.37,5.55,40.0,25,37.66,65,32.5,5322,B1,埼玉,24.0,44.0,3.34,13.04,0.0,0.0,20,29.17,76,35.29,5348,B1,広島,22.0,53.0,5.73,39.56,3.58,18.18,66,38.6,75,31.36,4894,B1,香川,35.0,51.0,4.4,19.32,4.17,19.05,59,30.09,17,41.23,5351,B1,福岡,22.0,54.0,5.23,37.0,3.18,5.88,18,34.39,22,33.74,23.4,73.5,8.8,8.8,0.15,2.6,17.2,8.0,44.0,24.0,0.15,3.0,15.9,21.7,34.8,4.3,0.16,3.3,19.3,17.9,21.4,21.4,0.15,3.3,14.5,14.3,19.0,42.9,0.17,3.0,9.7,14.3,35.7,14.3,0.19,4.3,15.6,41.7,33.3,0.0,0.16,4.4,15.6,25.0,16.7,16.7,0.17,3.6,15.6,8.3,33.3,16.7,0.15,2.5,19.5,20.0,26.7,6.7,0.16,2.9,22.1,5.9,17.6,0.0,0.15,2.9,11.7,33.3,0.0,0.0,0.19,3.6,11.4,12.5,12.5,0.0,0.16,3.9,18.6,7.7,15.4,0.0,0.22,4.3,18.6,7.7,0.0,0.0,0.21,4.3,12.9,0.0,0.0,0.0,0.17,3.4,22.9,6.2,0.0,0.0,0.16,3.7,15.7,9.1,0.0,0.0,0.22,3.6,2.9,0.0,0.0,0.0,0.18,3.0,1.4,0.0,0.0,0.0,0.27,6.0,1.4,0.0,0.0,0.0,0.23,3.0,24.3,17.6,17.6,17.6,0.14,2.7,25.7,5.6,16.7,27.8,0.16,3.1,44.3,12.9,3.2,0.0,0.17,3.0,15.6,52.9,17.6,5.9,0.16,3.4,14.7,6.2,25.0,37.5,0.22,4.0,18.3,20.0,40.0,0.0,0.2,4.5,20.2,13.6,18.2,22.7,0.17,3.7,16.5,38.9,0.0,0.0,0.18,4.2,14.7,25.0,0.0,0.0,0.21,4.8,13.7,57.1,14.3,0.0,0.15,3.4,23.5,4.2,25.0,8.3,0.17,3.2,13.7,7.1,14.3,7.1,0.17,3.0,14.7,6.7,13.3,0.0,0.12,2.4,18.6,5.3,5.3,26.3,0.15,3.0,15.7,6.2,25.0,0.0,0.18,3.8
20260906,17,5,1800,3562,A2,広島,57.0,53.0,6.35,47.9,6.37,45.59,17,39.06,35,37.02,5293,B1,静岡,24.0,52.0,3.73,17.91,0.0,0.0,32,41.78,37,39.0,5095,A2,東京,32.0,52.0,6.37,40.24,5.56,22.22,82,32.27,50,29.55,3933,B1,岡山,50.0,53.0,6.12,46.15,5.52,32.0,56,33.04,69,29.91,4447,B1,福岡,39.0,48.0,5.72,36.44,6.19,48.39,21,40.08,77,34.2,4809,A1,埼玉,37.0,53.0,5.56,29.41,0.0,0.0,30,41.28,51,36.55,21.1,53.8,15.4,7.7,0.19,3.6,15.4,5.3,31.6,21.1,0.17,3.9,14.6,33.3,38.9,11.1,0.16,3.1,15.4,10.5,31.6,15.8,0.15,3.0,18.7,8.7,17.4,21.7,0.17,3.6,14.6,11.1,16.7,0.0,0.21,4.4,7.4,40.0,0.0,0.0,0.22,4.6,19.1,7.7,7.7,0.0,0.26,4.8,17.6,16.7,16.7,0.0,0.18,4.0,8.8,16.7,0.0,0.0,0.15,3.8,22.1,6.7,6.7,0.0,0.18,3.8,25.0,5.9,0.0,0.0,0.22,5.2,20.0,66.7,12.5,12.5,0.15,2.5,13.3,31.2,37.5,18.8,0.15,2.4,20.0,12.5,16.7,29.2,0.17,3.1,15.0,11.1,22.2,22.2,0.17,3.2,15.8,5.3,36.8,0.0,0.15,3.1,15.8,21.1,42.1,0.0,0.12,3.3,14.0,33.3,20.0,13.3,0.17,4.1,43.9,12.8,27.7,6.4,0.17,3.6,31.8,23.5,23.5,0.0,0.18,3.3,9.3,40.0,0.0,0.0,0.17,4.5,0.9,0.0,0.0,0.0,0.24,2.0,0.0,0.0,0.0,0.0,0.0,0.0,15.1,35.7,21.4,14.3,0.22,3.9,14.0,38.5,23.1,0.0,0.17,4.2,15.1,14.3,21.4,21.4,0.17,3.9,18.3,11.8,29.4,23.5,0.18,4.0,18.3,5.9,11.8,11.8,0.18,3.8,19.4,11.1,0.0,0.0,0.22,4.6,20.7,68.4,15.8,0.0,0.14,2.3,12.0,36.4,36.4,0.0,0.17,3.4,16.3,13.3,33.3,20.0,0.18,3.9,16.3,6.7,26.7,13.3,0.16,3.0,18.5,17.6,17.6,11.8,0.15,2.2,16.3,6.7,33.3,0.0,0.17,4.5
20260906,17,6,1800,4803,B1,福岡,32.0,59.0,3.71,16.95,4.18,18.42,72,47.84,20,28.14,4233,A2,群馬,43.0,52.0,6.06,46.9,5.74,44.74,34,35.78,26,27.49,4725,B1,兵庫,39.0,53.0,4.86,23.08,0.0,0.0,61,36.36,53,32.11,5100,B1,群馬,29.0,56.0,4.43,24.68,5.57,28.57,65,41.74,63,36.12,5291,B1,香川,25.0,50.0,4.15,19.44,3.57,0.0,80,29.05,54,27.91,3327,A2,静岡,59.0,52.0,6.15,41.84,5.87,38.89,57,36.75,68,34.45,14.0,16.7,16.7,8.3,0.16,2.0,16.3,14.3,7.1,21.4,0.19,3.5,23.3,10.0,15.0,0.0,0.19,3.5,10.5,22.2,11.1,0.0,0.19,4.1,20.9,16.7,22.2,0.0,0.19,4.1,15.1,15.4,0.0,0.0,0.21,4.8,21.1,61.5,11.5,26.9,0.18,2.7,19.5,12.5,33.3,29.2,0.14,3.4,12.2,33.3,53.3,6.7,0.12,2.7,14.6,5.6,22.2,0.0,0.17,3.1,17.9,4.5,18.2,22.7,0.19,3.7,14.6,5.6,33.3,0.0,0.18,4.2,15.2,56.2,18.8,0.0,0.15,3.2,17.1,5.6,50.0,22.2,0.16,3.9,18.1,15.8,10.5,0.0,0.22,4.5,15.2,25.0,12.5,12.5,0.18,4.1,19.0,5.0,15.0,20.0,0.16,3.4,15.2,6.2,12.5,0.0,0.2,3.9,17.1,33.3,16.7,16.7,0.15,2.6,12.9,22.2,0.0,0.0,0.17,3.6,21.4,20.0,13.3,26.7,0.17,3.0,8.6,16.7,16.7,0.0,0.18,3.3,17.1,33.3,0.0,0.0,0.16,3.2,22.9,6.2,6.2,0.0,0.21,4.0,10.9,9.1,18.2,9.1,0.19,4.2,17.8,16.7,38.9,0.0,0.18,4.3,18.8,21.1,10.5,0.0,0.21,4.6,20.8,14.3,9.5,0.0,0.26,4.6,13.9,14.3,0.0,0.0,0.25,5.1,17.8,11.1,0.0,0.0,0.26,5.6,19.8,60.0,16.0,12.0,0.15,2.5,21.4,14.8,29.6,18.5,0.18,3.4,26.2,9.1,18.2,15.2,0.14,2.4,26.2,12.1,30.3,12.1,0.19,3.5,4.8,16.7,16.7,0.0,0.12,2.6,1.6,50.0,0.0,0.0,0.22,4.0
20260906,17,7,1800,4159,A2,埼玉,45.0,52.0,6.61,49.55,6.63,62.5,52,34.3,15,29.67,4987,B1,群馬,29.0,48.0,3.62,16.67,3.78,22.22,51,40.34,27,36.59,5032,A2,香川,28.0,52.0,4.96,31.13,3.61,11.11,70,32.38,66,34.96,3950,B1,大阪,50.0,55.0,3.66,19.12,4.96,29.17,67,31.78,23,31.1,3761,B1,滋賀,54.0,54.0,5.09,30.67,5.28,34.48,27,31.42,61,35.14,4010,B1,香川,47.0,58.0,4.67,20.83,4.13,25.0,81,29.76,33,27.7,22.1,63.3,23.3,3.3,0.13,2.4,19.1,11.5,34.6,30.8,0.18,3.6,14.7,10.0,30.0,15.0,0.16,3.5,11.0,20.0,33.3,0.0,0.18,3.3,19.9,3.7,11.1,29.6,0.16,3.2,13.2,11.1,5.6,0.0,0.19,4.1,13.5,66.7,8.3,16.7,0.15,2.8,13.5,25.0,0.0,0.0,0.16,4.2,22.5,5.0,10.0,0.0,0.17,3.2,19.1,17.6,23.5,0.0,0.2,3.2,14.6,7.7,7.7,0.0,0.18,3.2,16.9,6.7,0.0,0.0,0.2,4.1,16.4,47.4,26.3,15.8,0.16,3.0,17.2,10.0,15.0,45.0,0.15,2.9,17.2,20.0,10.0,15.0,0.14,2.5,19.8,8.7,17.4,17.4,0.18,3.9,14.7,11.8,17.6,23.5,0.16,2.8,14.7,11.8,35.3,0.0,0.19,3.6,14.7,6.7,6.7,13.3,0.16,3.2,22.5,4.3,21.7,13.0,0.15,2.5,14.7,13.3,26.7,26.7,0.15,2.2,15.7,12.5,6.2,37.5,0.13,2.6,18.6,5.3,5.3,0.0,0.16,3.2,13.7,21.4,0.0,0.0,0.16,3.1,17.3,61.1,22.2,5.6,0.16,3.1,16.3,17.6,11.8,11.8,0.17,3.2,17.3,27.8,22.2,0.0,0.2,3.8,22.1,4.3,21.7,13.0,0.17,3.8,12.5,7.7,30.8,15.4,0.15,3.3,14.4,6.7,0.0,0.0,0.18,4.1,11.8,54.5,9.1,9.1,0.16,2.6,16.1,13.3,13.3,0.0,0.16,3.3,22.6,9.5,19.0,0.0,0.16,3.5,19.4,11.1,27.8,0.0,0.15,3.8,21.5,5.0,10.0,0.0,0.18,3.4,8.6,12.5,0.0,0.0,0.23,5.5
20260906,17,8,1800,4199,A1,愛知,44.0,61.0,6.29,44.0,6.73,54.55,11,38.94,24,32.74,5131,B1,福岡,27.0,54.0,3.98,16.47,0.0,0.0,23,32.88,79,29.38,4894,B1,香川,35.0,51.0,4.4,19.32,4.17,19.05,59,30.09,17,41.23,5374,B1,岡山,23.0,50.0,3.25,10.67,1.89,0.0,29,32.56,60,30.11,4564,B1,広島,38.0,53.0,4.63,21.21,5.53,36.8,36,33.61,39,33.33,5322,B1,埼玉,24.0,44.0,3.34,13.04,0.0,0.0,20,29.17,76,35.29,22.6,75.7,10.8,5.4,0.13,2.0,25.0,24.4,31.7,24.4,0.16,2.8,27.4,6.7,26.7,20.0,0.16,2.7,23.8,10.3,15.4,25.6,0.15,2.7,1.2,0.0,0.0,0.0,0.3,3.5,0.0,0.0,0.0,0.0,0.0,0.0,9.7,11.1,22.2,0.0,0.21,4.2,17.2,12.5,18.8,12.5,0.19,4.3,21.5,15.0,20.0,0.0,0.18,4.0,18.3,5.9,11.8,17.6,0.17,3.5,26.9,4.0,8.0,0.0,0.16,3.7,6.5,16.7,0.0,0.0,0.16,2.5,15.6,52.9,17.6,5.9,0.16,3.4,14.7,6.2,25.0,37.5,0.22,4.0,18.3,20.0,40.0,0.0,0.2,4.5,20.2,13.6,18.2,22.7,0.17,3.7,16.5,38.9,0.0,0.0,0.18,4.2,14.7,25.0,0.0,0.0,0.21,4.8,0.0,0.0,0.0,0.0,0.0,0.0,0.0,0.0,0.0,0.0,0.0,0.0,0.0,0.0,0.0,0.0,0.0,0.0,28.9,4.2,12.5,0.0,0.17,3.3,27.7,8.7,8.7,0.0,0.1,2.4,43.4,2.8,5.6,0.0,0.18,3.4,15.4,25.0,31.2,25.0,0.18,3.9,12.5,7.7,53.8,7.7,0.19,4.2,21.2,4.5,31.8,18.2,0.18,3.6,20.2,4.8,19.0,23.8,0.19,4.2,18.3,10.5,21.1,0.0,0.22,4.4,12.5,7.7,0.0,0.0,0.19,4.8,11.4,12.5,12.5,0.0,0.16,3.9,18.6,7.7,15.4,0.0,0.22,4.3,18.6,7.7,0.0,0.0,0.21,4.3,12.9,0.0,0.0,0.0,0.17,3.4,22.9,6.2,0.0,0.0,0.16,3.7,15.7,9.1,0.0,0.0,0.22,3.6
20260906,17,9,1800,5351,B1,福岡,22.0,54.0,5.23,37.0,3.18,5.88,18,34.39,22,33.74,5095,A2,東京,32.0,52.0,6.37,40.24,5.56,22.22,82,32.27,50,29.55,4447,B1,福岡,39.0,48.0,5.72,36.44,6.19,48.39,21,40.08,77,34.2,3543,B1,香川,57.0,55.0,4.8,31.37,5.55,40.0,25,37.66,65,32.5,4457,B1,愛知,40.0,52.0,4.26,22.95,4.42,21.05,73,29.47,80,28.83,5223,B1,福岡,25.0,55.0,5.05,29.25,5.3,30.0,62,29.49,18,35.27,13.7,57.1,14.3,0.0,0.15,3.4,23.5,4.2,25.0,8.3,0.17,3.2,13.7,7.1,14.3,7.1,0.17,3.0,14.7,6.7,13.3,0.0,0.12,2.4,18.6,5.3,5.3,26.3,0.15,3.0,15.7,6.2,25.0,0.0,0.18,3.8,20.0,66.7,12.5,12.5,0.15,2.5,13.3,31.2,37.5,18.8,0.15,2.4,20.0,12.5,16.7,29.2,0.17,3.1,15.0,11.1,22.2,22.2,0.17,3.2,15.8,5.3,36.8,0.0,0.15,3.1,15.8,21.1,42.1,0.0,0.12,3.3,15.1,35.7,21.4,14.3,0.22,3.9,14.0,38.5,23.1,0.0,0.17,4.2,15.1,14.3,21.4,21.4,0.17,3.9,18.3,11.8,29.4,23.5,0.18,4.0,18.3,5.9,11.8,11.8,0.18,3.8,19.4,11.1,0.0,0.0,0.22,4.6,15.6,41.7,33.3,0.0,0.16,4.4,15.6,25.0,16.7,16.7,0.17,3.6,15.6,8.3,33.3,16.7,0.15,2.5,19.5,20.0,26.7,6.7,0.16,2.9,22.1,5.9,17.6,0.0,0.15,2.9,11.7,33.3,0.0,0.0,0.19,3.6,14.0,33.3,16.7,8.3,0.17,2.9,16.3,7.1,21.4,28.6,0.17,3.2,18.6,25.0,37.5,0.0,0.15,2.9,20.9,5.6,5.6,22.2,0.15,2.9,16.3,7.1,14.3,21.4,0.16,3.8,14.0,16.7,8.3,0.0,0.17,3.3,12.1,35.7,14.3,0.0,0.14,3.3,21.6,8.0,28.0,16.0,0.15,3.0,18.1,9.5,9.5,19.0,0.15,3.5,16.4,5.3,26.3,5.3,0.17,4.4,15.5,22.2,16.7,0.0,0.18,3.6,16.4,10.5,0.0,0.0,0.16,4.1
20260906,17,10,1800,3987,A1,静岡,48.0,53.0,5.88,40.7,5.17,37.14,55,35.29,56,33.89,4182,B1,滋賀,42.0,55.0,4.7,28.57,4.41,20.41,15,34.91,14,27.89,5348,B1,広島,22.0,53.0,5.73,39.56,3.58,18.18,66,38.6,75,31.36,4264,A1,山口,41.0,54.0,6.04,42.86,6.33,42.19,33,33.05,78,38.29,4233,A2,群馬,43.0,52.0,6.06,46.9,5.74,44.74,34,35.78,26,27.49,3562,A2,広島,57.0,53.0,6.35,47.9,6.37,45.59,17,39.06,35,37.02,14.9,72.2,16.7,5.6,0.19,3.1,14.0,5.9,64.7,5.9,0.18,3.5,19.8,12.5,20.8,29.2,0.18,3.5,19.0,8.7,30.4,30.4,0.13,2.9,18.2,31.8,9.1,22.7,0.16,2.3,14.0,5.9,17.6,0.0,0.15,3.0,15.2,43.8,12.5,18.8,0.18,2.6,18.1,5.3,21.1,5.3,0.19,3.5,15.2,6.2,43.8,6.2,0.15,2.2,21.0,13.6,13.6,18.2,0.17,3.3,17.1,5.6,11.1,27.8,0.2,3.4,13.3,14.3,0.0,0.0,0.27,4.5,2.9,0.0,0.0,0.0,0.18,3.0,1.4,0.0,0.0,0.0,0.27,6.0,1.4,0.0,0.0,0.0,0.23,3.0,24.3,17.6,17.6,17.6,0.14,2.7,25.7,5.6,16.7,27.8,0.16,3.1,44.3,12.9,3.2,0.0,0.17,3.0,23.4,73.5,8.8,8.8,0.15,2.6,17.2,8.0,44.0,24.0,0.15,3.0,15.9,21.7,34.8,4.3,0.16,3.3,19.3,17.9,21.4,21.4,0.15,3.3,14.5,14.3,19.0,42.9,0.17,3.0,9.7,14.3,35.7,14.3,0.19,4.3,21.1,61.5,11.5,26.9,0.18,2.7,19.5,12.5,33.3,29.2,0.14,3.4,12.2,33.3,53.3,6.7,0.12,2.7,14.6,5.6,22.2,0.0,0.17,3.1,17.9,4.5,18.2,22.7,0.19,3.7,14.6,5.6,33.3,0.0,0.18,4.2,21.1,53.8,15.4,7.7,0.19,3.6,15.4,5.3,31.6,21.1,0.17,3.9,14.6,33.3,38.9,11.1,0.16,3.1,15.4,10.5,31.6,15.8,0.15,3.0,18.7,8.7,17.4,21.7,0.17,3.6,14.6,11.1,16.7,0.0,0.21,4.4
20260906,17,11,1800,4809,A1,埼玉,37.0,53.0,5.56,29.41,0.0,0.0,30,41.28,51,36.55,4199,A1,愛知,44.0,61.0,6.29,44.0,6.73,54.55,11,38.94,24,32.74,4159,A2,埼玉,45.0,52.0,6.61,49.55,6.63,62.5,52,34.3,15,29.67,5293,B1,静岡,24.0,52.0,3.73,17.91,0.0,0.0,32,41.78,37,39.0,5155,A2,福岡,29.0,45.0,6.25,43.69,6.0,43.75,71,33.96,57,35.87,4803,B1,福岡,32.0,59.0,3.71,16.95,4.18,18.42,72,47.84,20,28.14,20.7,68.4,15.8,0.0,0.14,2.3,12.0,36.4,36.4,0.0,0.17,3.4,16.3,13.3,33.3,20.0,0.18,3.9,16.3,6.7,26.7,13.3,0.16,3.0,18.5,17.6,17.6,11.8,0.15,2.2,16.3,6.7,33.3,0.0,0.17,4.5,22.6,75.7,10.8,5.4,0.13,2.0,25.0,24.4,31.7,24.4,0.16,2.8,27.4,6.7,26.7,20.0,0.16,2.7,23.8,10.3,15.4,25.6,0.15,2.7,1.2,0.0,0.0,0.0,0.3,3.5,0.0,0.0,0.0,0.0,0.0,0.0,22.1,63.3,23.3,3.3,0.13,2.4,19.1,11.5,34.6,30.8,0.18,3.6,14.7,10.0,30.0,15.0,0.16,3.5,11.0,20.0,33.3,0.0,0.18,3.3,19.9,3.7,11.1,29.6,0.16,3.2,13.2,11.1,5.6,0.0,0.19,4.1,7.4,40.0,0.0,0.0,0.22,4.6,19.1,7.7,7.7,0.0,0.26,4.8,17.6,16.7,16.7,0.0,0.18,4.0,8.8,16.7,0.0,0.0,0.15,3.8,22.1,6.7,6.7,0.0,0.18,3.8,25.0,5.9,0.0,0.0,0.22,5.2,17.5,38.9,38.9,16.7,0.16,2.9,17.5,33.3,22.2,16.7,0.15,2.4,20.4,28.6,23.8,19.0,0.14,2.4,16.5,5.9,23.5,23.5,0.14,2.8,13.6,28.6,21.4,0.0,0.19,3.2,14.6,6.7,13.3,26.7,0.15,2.9,14.0,16.7,16.7,8.3,0.16,2.0,16.3,14.3,7.1,21.4,0.19,3.5,23.3,10.0,15.0,0.0,0.19,3.5,10.5,22.2,11.1,0.0,0.19,4.1,20.9,16.7,22.2,0.0,0.19,4.1,15.1,15.4,0.0,0.0,0.21,4.8
20260906,17,12,1800,5068,A1,愛知,26.0,51.0,7.83,67.05,6.24,23.53,60,36.36,19,38.42,3439,A1,大阪,57.0,51.0,5.75,41.18,6.46,51.43,79,35.91,30,28.33,4263,B1,山口,42.0,56.0,4.69,24.42,3.2,0.0,63,32.6,62,45.45,3961,A1,山口,47.0,55.0,6.69,49.12,6.21,41.03,19,33.49,72,38.57,4057,A2,兵庫,47.0,52.0,5.78,39.13,5.95,36.36,38,47.74,12,39.19,3800,A2,東京,52.0,53.0,5.58,32.53,6.5,40.0,54,34.89,25,34.92,22.1,73.9,13.0,8.7,0.15,3.0,14.4,20.0,33.3,0.0,0.13,2.6,16.3,23.5,29.4,11.8,0.12,2.2,15.4,31.2,12.5,18.8,0.16,3.4,17.3,11.1,22.2,11.1,0.14,3.3,14.4,6.7,26.7,0.0,0.14,4.2,21.3,65.2,26.1,4.3,0.15,3.1,17.6,21.1,15.8,15.8,0.16,3.2,14.8,6.2,25.0,43.8,0.16,2.5,13.9,33.3,33.3,13.3,0.18,3.1,17.6,21.1,10.5,21.1,0.14,2.7,14.8,6.2,25.0,0.0,0.19,4.8,15.9,64.3,21.4,0.0,0.13,2.2,18.2,12.5,37.5,6.2,0.19,3.3,14.8,15.4,23.1,38.5,0.14,3.2,14.8,7.7,15.4,0.0,0.22,4.1,20.5,11.1,5.6,0.0,0.19,4.4,15.9,0.0,0.0,0.0,0.2,4.8,21.5,80.0,10.0,5.0,0.17,2.7,17.2,25.0,25.0,12.5,0.15,3.9,14.0,15.4,7.7,38.5,0.18,4.4,11.8,45.5,27.3,0.0,0.16,3.5,17.2,25.0,31.2,0.0,0.17,3.4,18.3,5.9,11.8,41.2,0.17,3.8,17.6,61.5,34.6,3.8,0.14,2.8,17.6,11.5,46.2,15.4,0.15,3.2,18.2,7.4,33.3,22.2,0.16,3.5,18.9,14.3,28.6,14.3,0.16,3.1,13.5,10.0,10.0,15.0,0.15,3.5,14.2,9.5,14.3,0.0,0.16,4.0,18.4,50.0,31.2,6.2,0.15,2.8,18.4,25.0,12.5,31.2,0.14,3.3,17.2,6.7,40.0,26.7,0.15,2.1,17.2,33.3,20.0,0.0,0.16,3.6,13.8,25.0,0.0,0.0,0.18,3.8,14.9,7.7,7.7,0.0,0.21,4.5
20260906,14,1,1800,4611,A1,福井,36.0,47.0,6.09,40.35,5.84,40.0,71,36.62,32,33.78,3470,B1,徳島,56.0,47.0,5.19,26.03,4.89,28.41,83,23.08,26,30.77,4720,B1,長崎,32.0,48.0,3.38,13.64,0.0,0.0,59,40.0,24,30.67,4965,B1,兵庫,28.0,51.0,4.45,20.43,3.53,21.05,31,35.44,50,36.62,5390,B2,群馬,19.0,47.0,2.81,10.34,1.43,0.0,17,27.71,30,24.68,5180,B2,山口,28.0,47.0,4.73,26.79,0.0,0.0,84,21.43,22,25.97,20.7,87.5,8.3,4.2,0.15,2.3,16.4,21.1,42.1,15.8,0.14,2.4,18.1,23.8,14.3,14.3,0.13,2.1,17.2,25.0,15.0,0.0,0.17,3.5,14.7,5.9,11.8,41.2,0.14,2.9,12.9,20.0,6.7,13.3,0.14,2.6,13.5,30.8,15.4,15.4,0.19,4.1,20.8,10.0,35.0,25.0,0.14,3.3,19.8,15.8,15.8,15.8,0.15,3.1,17.7,17.6,5.9,23.5,0.17,2.8,13.5,15.4,15.4,0.0,0.2,3.2,14.6,7.1,28.6,0.0,0.17,3.4,14.0,23.1,7.7,23.1,0.21,3.6,18.3,29.4,23.5,11.8,0.18,3.2,20.4,5.3,31.6,0.0,0.21,3.7,15.1,35.7,0.0,0.0,0.19,3.3,18.3,5.9,5.9,0.0,0.18,3.6,14.0,15.4,0.0,0.0,0.23,3.5,11.4,22.2,22.2,55.6,0.19,3.3,15.2,8.3,16.7,16.7,0.21,4.7,22.8,11.1,27.8,16.7,0.2,3.5,17.7,7.1,14.3,28.6,0.2,3.5,20.3,25.0,18.8,0.0,0.16,2.5,12.7,0.0,0.0,0.0,0.15,3.6,0.0,0.0,0.0,0.0,0.0,0.0,0.0,0.0,0.0,0.0,0.0,0.0,0.0,0.0,0.0,0.0,0.0,0.0,11.0,0.0,0.0,0.0,0.18,4.0,26.0,5.3,0.0,0.0,0.16,3.9,63.0,2.2,2.2,0.0,0.17,3.7,11.1,50.0,0.0,0.0,0.2,5.0,19.4,14.3,0.0,0.0,0.2,4.1,13.9,0.0,0.0,0.0,0.23,4.2,22.2,12.5,25.0,0.0,0.19,3.6,22.2,12.5,0.0,0.0,0.22,3.3,11.1,25.0,0.0,0.0,0.26,4.8
20260906,14,2,1800,4878,B1,徳島,31.0,46.0,4.36,19.77,5.08,28.81,25,31.4,65,36.23,4784,B1,広島,38.0,53.0,3.25,10.0,4.28,27.78,51,36.11,17,38.96,4775,A2,静岡,32.0,47.0,6.22,43.75,5.2,20.0,53,31.34,80,17.19,5198,B1,福岡,24.0,47.0,5.54,38.0,4.06,20.37,29,46.07,73,19.72,4071,B1,兵庫,45.0,47.0,4.51,29.85,6.6,60.0,11,29.33,57,20.9,4738,A2,埼玉,35.0,46.0,5.93,39.68,7.33,44.44,75,23.61,14,38.36,15.5,18.2,18.2,27.3,0.16,3.0,16.9,8.3,8.3,50.0,0.17,3.9,18.3,15.4,23.1,0.0,0.15,2.5,22.5,12.5,6.2,12.5,0.17,2.6,15.5,18.2,9.1,0.0,0.19,3.4,11.3,12.5,0.0,0.0,0.18,3.8,14.9,40.0,30.0,10.0,0.15,2.4,16.4,9.1,18.2,0.0,0.21,4.2,14.9,10.0,10.0,20.0,0.23,3.9,17.9,16.7,8.3,0.0,0.22,4.2,14.9,10.0,10.0,0.0,0.19,3.7,20.9,14.3,7.1,0.0,0.23,4.3,21.7,65.0,20.0,10.0,0.15,3.0,18.5,5.9,35.3,29.4,0.14,2.3,15.2,14.3,21.4,28.6,0.14,2.6,17.4,12.5,31.2,31.2,0.16,2.8,13.0,16.7,16.7,16.7,0.13,2.7,14.1,0.0,0.0,0.0,0.18,4.2,11.2,46.2,30.8,0.0,0.2,3.9,19.0,13.6,22.7,18.2,0.21,4.3,18.1,14.3,33.3,9.5,0.19,3.4,19.8,13.0,13.0,13.0,0.21,3.5,17.2,20.0,0.0,0.0,0.19,3.9,14.7,17.6,0.0,0.0,0.19,4.8,14.5,30.0,40.0,0.0,0.15,2.6,21.7,13.3,33.3,0.0,0.18,4.3,10.1,14.3,42.9,0.0,0.19,4.0,21.7,13.3,20.0,0.0,0.17,3.1,20.3,7.1,0.0,0.0,0.16,3.0,11.6,12.5,37.5,0.0,0.19,2.8,21.8,67.7,12.9,9.7,0.13,2.3,14.1,40.0,15.0,25.0,0.18,3.1,16.2,17.4,30.4,21.7,0.14,2.8,14.8,4.8,9.5,23.8,0.16,2.6,19.0,11.1,14.8,0.0,0.17,3.4,14.1,5.0,10.0,0.0,0.17,3.6
20260906,14,3,1800,4885,A2,福岡,30.0,47.0,7.17,57.97,0.0,0.0,68,28.0,27,34.25,4372,A2,大阪,39.0,46.0,6.06,40.45,4.77,35.48,56,23.19,79,24.29,5056,B2,徳島,30.0,46.0,4.4,24.0,5.59,31.48,60,30.99,61,32.89,5342,B2,山口,24.0,47.0,2.64,9.84,1.18,0.0,79,48.57,77,44.44,4546,B1,埼玉,38.0,47.0,7.22,57.3,7.64,64.29,65,34.25,70,35.9,4689,B1,静岡,33.0,54.0,4.85,28.57,5.91,46.88,78,34.62,62,29.41,20.9,63.2,21.1,0.0,0.11,1.8,18.7,11.8,35.3,23.5,0.18,2.6,19.8,22.2,33.3,16.7,0.14,2.7,14.3,15.4,30.8,30.8,0.14,2.2,15.4,14.3,28.6,0.0,0.17,2.8,11.0,10.0,20.0,0.0,0.16,3.0,21.4,72.2,11.1,11.1,0.16,2.8,15.5,23.1,15.4,23.1,0.2,3.0,16.7,7.1,21.4,28.6,0.21,3.4,14.3,16.7,58.3,0.0,0.17,3.0,14.3,25.0,0.0,0.0,0.12,2.2,17.9,13.3,20.0,0.0,0.17,2.8,0.0,0.0,0.0,0.0,0.0,0.0,0.0,0.0,0.0,0.0,0.0,0.0,0.0,0.0,0.0,0.0,0.0,0.0,0.0,0.0,0.0,0.0,0.0,0.0,0.0,0.0,0.0,0.0,0.0,0.0,0.0,0.0,0.0,0.0,0.0,0.0,0.0,0.0,0.0,0.0,0.0,0.0,0.0,0.0,0.0,0.0,0.0,0.0,0.0,0.0,0.0,0.0,0.0,0.0,31.4,3.7,0.0,0.0,0.17,3.7,24.4,14.3,0.0,0.0,0.16,2.7,44.2,0.0,0.0,0.0,0.17,3.6,19.2,71.4,14.3,0.0,0.16,2.9,17.8,15.4,7.7,7.7,0.17,3.6,17.8,23.1,15.4,15.4,0.14,2.4,16.4,33.3,8.3,0.0,0.19,4.0,16.4,33.3,25.0,0.0,0.2,4.0,12.3,11.1,33.3,0.0,0.17,3.9,18.8,47.4,26.3,10.5,0.14,1.9,13.9,7.1,42.9,14.3,0.16,3.1,14.9,6.7,13.3,33.3,0.14,2.3,16.8,11.8,17.6,23.5,0.14,2.6,17.8,5.6,11.1,0.0,0.19,3.0,17.8,11.1,0.0,0.0,0.17,3.3
20260906,14,4,1800,4627,A2,東京,40.0,48.0,6.56,47.46,6.83,55.56,23,28.0,83,35.9,5334,B1,徳島,22.0,45.0,2.8,5.33,2.93,11.11,32,27.4,19,31.17,4974,A2,岡山,33.0,47.0,5.27,36.45,5.43,37.25,55,32.89,60,32.0,5108,B2,群馬,27.0,48.0,3.03,10.0,0.0,0.0,52,42.11,35,27.4,4843,B1,静岡,33.0,46.0,3.72,17.24,5.5,37.5,69,29.87,18,36.84,5193,A1,福岡,25.0,48.0,6.99,54.81,6.29,38.24,30,38.67,15,28.77,19.3,59.1,13.6,9.1,0.14,2.5,18.4,33.3,19.0,23.8,0.11,2.4,17.5,30.0,15.0,10.0,0.18,2.4,17.5,25.0,20.0,20.0,0.16,2.9,14.9,11.8,17.6,11.8,0.18,3.1,12.3,21.4,21.4,0.0,0.15,2.6,11.6,18.2,9.1,18.2,0.16,2.7,14.7,14.3,21.4,0.0,0.18,3.7,22.1,4.8,19.0,0.0,0.17,3.7,17.9,5.9,0.0,0.0,0.2,4.3,16.8,6.2,12.5,0.0,0.19,4.4,16.8,6.2,0.0,0.0,0.19,4.3,16.0,37.5,18.8,18.8,0.21,4.3,22.0,18.2,27.3,18.2,0.16,3.2,15.0,13.3,20.0,26.7,0.2,4.1,19.0,26.3,10.5,21.1,0.19,3.2,15.0,20.0,13.3,26.7,0.16,3.3,13.0,23.1,0.0,0.0,0.2,4.0,12.2,16.7,33.3,0.0,0.28,4.8,26.5,0.0,0.0,0.0,0.24,4.8,16.3,0.0,0.0,0.0,0.22,4.9,14.3,14.3,0.0,0.0,0.26,4.0,16.3,0.0,0.0,0.0,0.26,4.7,14.3,14.3,0.0,0.0,0.26,5.3,14.0,66.7,8.3,0.0,0.22,3.7,19.8,5.9,5.9,17.6,0.18,3.4,18.6,18.8,6.2,43.8,0.14,2.5,14.0,25.0,16.7,25.0,0.14,2.4,16.3,14.3,7.1,14.3,0.15,2.4,17.4,6.7,13.3,6.7,0.16,3.3,21.3,69.0,13.8,10.3,0.15,2.7,15.4,42.9,23.8,14.3,0.13,2.8,16.9,21.7,34.8,26.1,0.14,2.8,13.2,5.6,22.2,27.8,0.16,4.0,17.6,8.3,20.8,25.0,0.16,3.2,15.4,4.8,33.3,0.0,0.19,4.0
20260906,14,5,1800,4400,B1,福井,38.0,53.0,4.19,13.92,3.93,6.67,70,40.63,25,21.43,4450,A2,香川,39.0,47.0,6.63,47.37,5.94,42.86,38,33.77,39,28.21,5153,B1,東京,30.0,46.0,3.4,10.11,0.0,0.0,10,22.54,37,38.96,4845,A1,埼玉,33.0,47.0,6.04,44.05,7.78,61.11,36,23.08,33,53.33,5189,A2,岡山,25.0,45.0,5.09,28.32,3.29,0.0,74,27.63,71,22.54,5440,B2,兵庫,20.0,48.0,1.73,5.36,2.0,0.0,58,38.24,34,26.58,16.5,21.4,35.7,7.1,0.19,3.4,11.8,30.0,0.0,0.0,0.2,3.3,21.2,22.2,16.7,0.0,0.17,3.7,17.6,26.7,0.0,0.0,0.16,3.0,15.3,15.4,0.0,0.0,0.19,3.9,17.6,20.0,0.0,0.0,0.19,4.7,16.7,60.0,26.7,0.0,0.14,2.9,18.9,23.5,41.2,5.9,0.15,2.9,16.7,13.3,40.0,0.0,0.15,3.5,14.4,7.7,38.5,23.1,0.18,2.9,18.9,23.5,5.9,5.9,0.14,3.2,14.4,15.4,23.1,0.0,0.19,4.7,13.5,15.4,7.7,7.7,0.17,2.6,20.8,5.0,20.0,20.0,0.19,3.6,17.7,11.8,17.6,11.8,0.17,2.6,14.6,42.9,0.0,0.0,0.15,2.6,18.8,5.6,11.1,0.0,0.17,2.9,14.6,21.4,7.1,0.0,0.12,1.8,27.0,70.4,18.5,3.7,0.13,2.3,13.0,30.8,30.8,15.4,0.16,2.8,14.0,28.6,28.6,7.1,0.1,2.1,21.0,23.8,33.3,14.3,0.15,2.2,13.0,7.7,38.5,7.7,0.11,2.7,12.0,16.7,25.0,8.3,0.14,2.9,16.8,54.5,9.1,9.1,0.2,4.3,21.4,17.9,25.0,32.1,0.21,4.5,13.7,27.8,16.7,16.7,0.21,4.2,15.3,5.0,15.0,25.0,0.18,4.5,19.1,8.0,8.0,16.0,0.17,3.9,13.7,16.7,22.2,0.0,0.22,5.2,0.0,0.0,0.0,0.0,0.0,0.0,0.0,0.0,0.0,0.0,0.0,0.0,0.0,0.0,0.0,0.0,0.0,0.0,0.0,0.0,0.0,0.0,0.0,0.0,1.4,0.0,0.0,0.0,0.25,2.0,98.6,4.2,0.0,0.0,0.19,3.7
20260906,14,6,1800,4984,B1,静岡,29.0,51.0,4.8,28.92,6.0,33.33,33,40.28,68,28.17,4900,B1,埼玉,33.0,46.0,5.05,30.59,4.46,21.43,54,31.94,38,28.38,4680,A2,東京,36.0,46.0,5.46,31.0,5.32,28.57,26,29.33,36,22.08,5390,B2,群馬,19.0,47.0,2.81,10.34,1.43,0.0,17,27.71,30,24.68,4050,A1,岡山,45.0,45.0,7.75,61.32,7.61,61.11,73,18.31,63,28.77,4733,B1,徳島,37.0,47.0,5.42,37.1,5.09,30.67,21,24.29,76,33.78,15.8,41.7,16.7,8.3,0.19,3.5,11.8,55.6,11.1,0.0,0.22,3.9,15.8,8.3,8.3,25.0,0.22,4.5,14.5,9.1,9.1,18.2,0.21,4.5,11.8,44.4,0.0,0.0,0.24,3.9,30.3,8.7,13.0,21.7,0.2,4.3,19.1,68.2,4.5,13.6,0.18,3.0,18.3,9.5,19.0,14.3,0.18,3.8,17.4,50.0,20.0,0.0,0.19,3.1,13.0,20.0,6.7,0.0,0.18,4.5,14.8,5.9,23.5,0.0,0.17,4.4,17.4,10.0,20.0,0.0,0.23,4.3,17.6,31.2,37.5,12.5,0.2,4.1,16.5,20.0,13.3,33.3,0.22,4.4,19.8,5.6,27.8,16.7,0.2,3.6,18.7,47.1,17.6,0.0,0.23,4.6,18.7,5.9,11.8,23.5,0.21,4.6,8.8,37.5,0.0,0.0,0.25,5.4,0.0,0.0,0.0,0.0,0.0,0.0,0.0,0.0,0.0,0.0,0.0,0.0,0.0,0.0,0.0,0.0,0.0,0.0,11.0,0.0,0.0,0.0,0.18,4.0,26.0,5.3,0.0,0.0,0.16,3.9,63.0,2.2,2.2,0.0,0.17,3.7,22.5,72.0,20.0,0.0,0.16,2.4,14.4,25.0,43.8,18.8,0.12,2.4,13.5,20.0,40.0,20.0,0.14,2.7,15.3,5.9,11.8,35.3,0.15,3.9,16.2,11.1,16.7,22.2,0.14,3.1,18.0,5.0,10.0,20.0,0.19,4.3,15.0,50.0,33.3,8.3,0.14,2.6,15.0,8.3,25.0,25.0,0.16,2.8,18.8,6.7,13.3,20.0,0.16,2.9,18.8,13.3,40.0,0.0,0.14,3.3,11.2,11.1,11.1,0.0,0.16,3.8,21.2,5.9,5.9,0.0,0.14,2.6
20260906,14,7,1800,4714,B1,徳島,35.0,48.0,5.0,27.06,5.22,27.96,16,35.8,84,29.17,4642,A2,香川,34.0,48.0,7.17,56.2,6.24,42.11,35,29.41,66,43.66,4347,A2,福岡,41.0,45.0,6.06,41.57,6.55,54.55,76,29.73,67,34.67,5180,B2,山口,28.0,47.0,4.73,26.79,0.0,0.0,84,21.43,22,25.97,4784,B1,広島,38.0,53.0,3.25,10.0,4.28,27.78,51,36.11,17,38.96,4901,B1,愛知,33.0,45.0,5.73,36.36,0.0,0.0,28,25.0,74,39.19,12.5,33.3,8.3,25.0,0.14,2.6,20.8,30.0,20.0,0.0,0.16,3.6,16.7,6.2,25.0,12.5,0.14,3.3,20.8,5.0,20.0,40.0,0.18,4.0,16.7,6.2,6.2,25.0,0.19,3.5,12.5,25.0,0.0,0.0,0.2,4.8,22.9,77.8,3.7,3.7,0.15,2.6,16.1,21.1,26.3,5.3,0.15,3.3,16.9,30.0,20.0,10.0,0.14,3.4,18.6,9.1,18.2,13.6,0.16,2.8,15.3,11.1,27.8,22.2,0.17,2.9,10.2,8.3,8.3,33.3,0.16,2.6,22.4,58.3,20.8,12.5,0.17,3.5,19.6,14.3,23.8,38.1,0.18,3.7,13.1,21.4,14.3,28.6,0.18,3.6,12.1,15.4,30.8,0.0,0.2,4.0,17.8,5.3,15.8,26.3,0.18,3.1,15.0,6.2,43.8,0.0,0.17,3.1,11.1,50.0,0.0,0.0,0.2,5.0,19.4,14.3,0.0,0.0,0.2,4.1,13.9,0.0,0.0,0.0,0.23,4.2,22.2,12.5,25.0,0.0,0.19,3.6,22.2,12.5,0.0,0.0,0.22,3.3,11.1,25.0,0.0,0.0,0.26,4.8,14.9,40.0,30.0,10.0,0.15,2.4,16.4,9.1,18.2,0.0,0.21,4.2,14.9,10.0,10.0,20.0,0.23,3.9,17.9,16.7,8.3,0.0,0.22,4.2,14.9,10.0,10.0,0.0,0.19,3.7,20.9,14.3,7.1,0.0,0.23,4.3,13.6,45.5,9.1,9.1,0.19,2.6,16.0,15.4,23.1,15.4,0.18,3.1,18.5,20.0,13.3,20.0,0.16,3.4,22.2,5.6,5.6,16.7,0.17,2.9,18.5,20.0,0.0,0.0,0.14,2.6,11.1,11.1,0.0,0.0,0.16,3.2
20260906,14,8,1800,4965,B1,兵庫,28.0,51.0,4.45,20.43,3.53,21.05,31,35.44,50,36.62,5195,A2,長崎,24.0,47.0,5.21,33.72,4.76,23.53,12,35.9,13,35.06,4546,B1,埼玉,38.0,47.0,7.22,57.3,7.64,64.29,65,34.25,70,35.9,5380,B2,徳島,22.0,50.0,1.2,0.0,1.27,0.0,27,33.33,54,40.79,4678,B1,愛知,37.0,47.0,4.43,23.53,6.79,52.63,80,29.07,20,25.0,5198,B1,福岡,24.0,47.0,5.54,38.0,4.06,20.37,29,46.07,73,19.72,11.4,22.2,22.2,55.6,0.19,3.3,15.2,8.3,16.7,16.7,0.21,4.7,22.8,11.1,27.8,16.7,0.2,3.5,17.7,7.1,14.3,28.6,0.2,3.5,20.3,25.0,18.8,0.0,0.16,2.5,12.7,0.0,0.0,0.0,0.15,3.6,16.1,64.3,14.3,7.1,0.17,3.4,19.5,11.8,29.4,41.2,0.14,2.6,16.1,7.1,14.3,21.4,0.16,3.2,18.4,18.8,12.5,25.0,0.14,3.4,13.8,8.3,16.7,8.3,0.16,3.7,16.1,14.3,14.3,0.0,0.13,2.8,19.2,71.4,14.3,0.0,0.16,2.9,17.8,15.4,7.7,7.7,0.17,3.6,17.8,23.1,15.4,15.4,0.14,2.4,16.4,33.3,8.3,0.0,0.19,4.0,16.4,33.3,25.0,0.0,0.2,4.0,12.3,11.1,33.3,0.0,0.17,3.9,0.0,0.0,0.0,0.0,0.0,0.0,0.0,0.0,0.0,0.0,0.0,0.0,0.0,0.0,0.0,0.0,0.0,0.0,18.5,0.0,0.0,0.0,0.24,5.1,24.7,0.0,0.0,0.0,0.29,5.8,56.8,0.0,0.0,0.0,0.29,5.7,16.9,66.7,13.3,13.3,0.17,2.3,21.3,15.8,21.1,21.1,0.16,3.1,12.4,9.1,45.5,9.1,0.16,2.8,13.5,8.3,33.3,0.0,0.15,2.5,24.7,9.1,4.5,13.6,0.16,3.2,11.2,20.0,0.0,0.0,0.23,4.6,11.2,46.2,30.8,0.0,0.2,3.9,19.0,13.6,22.7,18.2,0.21,4.3,18.1,14.3,33.3,9.5,0.19,3.4,19.8,13.0,13.0,13.0,0.21,3.5,17.2,20.0,0.0,0.0,0.19,3.9,14.7,17.6,0.0,0.0,0.19,4.8
20260906,14,9,1800,4974,A2,岡山,33.0,47.0,5.27,36.45,5.43,37.25,55,32.89,60,32.0,4689,B1,静岡,33.0,54.0,4.85,28.57,5.91,46.88,78,34.62,62,29.41,5069,B1,群馬,25.0,43.0,5.01,28.26,5.09,27.91,61,30.26,58,25.0,4530,A1,福岡,37.0,46.0,7.23,59.22,6.13,40.0,39,13.16,56,41.1,4878,B1,徳島,31.0,46.0,4.36,19.77,5.08,28.81,25,31.4,65,36.23,4720,B1,長崎,32.0,48.0,3.38,13.64,0.0,0.0,59,40.0,24,30.67,16.0,37.5,18.8,18.8,0.21,4.3,22.0,18.2,27.3,18.2,0.16,3.2,15.0,13.3,20.0,26.7,0.2,4.1,19.0,26.3,10.5,21.1,0.19,3.2,15.0,20.0,13.3,26.7,0.16,3.3,13.0,23.1,0.0,0.0,0.2,4.0,18.8,47.4,26.3,10.5,0.14,1.9,13.9,7.1,42.9,14.3,0.16,3.1,14.9,6.7,13.3,33.3,0.14,2.3,16.8,11.8,17.6,23.5,0.14,2.6,17.8,5.6,11.1,0.0,0.19,3.0,17.8,11.1,0.0,0.0,0.17,3.3,14.1,40.0,30.0,10.0,0.17,3.1,18.3,7.7,30.8,7.7,0.13,2.5,22.5,12.5,12.5,25.0,0.17,2.4,12.7,11.1,0.0,0.0,0.2,3.6,19.7,7.1,42.9,0.0,0.19,3.0,12.7,0.0,0.0,0.0,0.19,4.0,21.2,79.2,20.8,0.0,0.1,1.8,15.0,23.5,17.6,11.8,0.16,3.1,21.2,16.7,37.5,12.5,0.15,2.5,16.8,10.5,36.8,15.8,0.17,3.9,12.4,7.1,21.4,14.3,0.19,3.6,13.3,6.7,20.0,26.7,0.17,3.3,15.5,18.2,18.2,27.3,0.16,3.0,16.9,8.3,8.3,50.0,0.17,3.9,18.3,15.4,23.1,0.0,0.15,2.5,22.5,12.5,6.2,12.5,0.17,2.6,15.5,18.2,9.1,0.0,0.19,3.4,11.3,12.5,0.0,0.0,0.18,3.8,14.0,23.1,7.7,23.1,0.21,3.6,18.3,29.4,23.5,11.8,0.18,3.2,20.4,5.3,31.6,0.0,0.21,3.7,15.1,35.7,0.0,0.0,0.19,3.3,18.3,5.9,5.9,0.0,0.18,3.6,14.0,15.4,0.0,0.0,0.23,3.5
20260906,14,10,1800,4071,B1,兵庫,45.0,47.0,4.51,29.85,6.6,60.0,11,29.33,57,20.9,5189,A2,岡山,25.0,45.0,5.09,28.32,3.29,0.0,74,27.63,71,22.54,4746,B1,埼玉,31.0,47.0,5.67,39.02,4.5,15.38,24,32.43,82,26.76,4611,A1,福井,36.0,47.0,6.09,40.35,5.84,40.0,71,36.62,32,33.78,5334,B1,徳島,22.0,45.0,2.8,5.33,2.93,11.11,32,27.4,19,31.17,5342,B2,山口,24.0,47.0,2.64,9.84,1.18,0.0,79,48.57,77,44.44,14.5,30.0,40.0,0.0,0.15,2.6,21.7,13.3,33.3,0.0,0.18,4.3,10.1,14.3,42.9,0.0,0.19,4.0,21.7,13.3,20.0,0.0,0.17,3.1,20.3,7.1,0.0,0.0,0.16,3.0,11.6,12.5,37.5,0.0,0.19,2.8,16.8,54.5,9.1,9.1,0.2,4.3,21.4,17.9,25.0,32.1,0.21,4.5,13.7,27.8,16.7,16.7,0.21,4.2,15.3,5.0,15.0,25.0,0.18,4.5,19.1,8.0,8.0,16.0,0.17,3.9,13.7,16.7,22.2,0.0,0.22,5.2,17.6,61.5,15.4,0.0,0.16,3.5,16.2,8.3,8.3,25.0,0.23,4.3,16.2,16.7,8.3,33.3,0.2,4.3,16.2,16.7,16.7,25.0,0.25,3.8,14.9,9.1,45.5,0.0,0.15,2.8,18.9,7.1,14.3,0.0,0.23,4.4,20.7,87.5,8.3,4.2,0.15,2.3,16.4,21.1,42.1,15.8,0.14,2.4,18.1,23.8,14.3,14.3,0.13,2.1,17.2,25.0,15.0,0.0,0.17,3.5,14.7,5.9,11.8,41.2,0.14,2.9,12.9,20.0,6.7,13.3,0.14,2.6,11.6,18.2,9.1,18.2,0.16,2.7,14.7,14.3,21.4,0.0,0.18,3.7,22.1,4.8,19.0,0.0,0.17,3.7,17.9,5.9,0.0,0.0,0.2,4.3,16.8,6.2,12.5,0.0,0.19,4.4,16.8,6.2,0.0,0.0,0.19,4.3,0.0,0.0,0.0,0.0,0.0,0.0,0.0,0.0,0.0,0.0,0.0,0.0,0.0,0.0,0.0,0.0,0.0,0.0,31.4,3.7,0.0,0.0,0.17,3.7,24.4,14.3,0.0,0.0,0.16,2.7,44.2,0.0,0.0,0.0,0.17,3.6
20260906,14,11,1800,4680,A2,東京,36.0,46.0,5.46,31.0,5.32,28.57,26,29.33,36,22.08,4843,B1,静岡,33.0,46.0,3.72,17.24,5.5,37.5,69,29.87,18,36.84,4738,A2,埼玉,35.0,46.0,5.93,39.68,7.33,44.44,75,23.61,14,38.36,4372,A2,大阪,39.0,46.0,6.06,40.45,4.77,35.48,56,23.19,79,24.29,4450,A2,香川,39.0,47.0,6.63,47.37,5.94,42.86,38,33.77,39,28.21,3470,B1,徳島,56.0,47.0,5.19,26.03,4.89,28.41,83,23.08,26,30.77,17.6,31.2,37.5,12.5,0.2,4.1,16.5,20.0,13.3,33.3,0.22,4.4,19.8,5.6,27.8,16.7,0.2,3.6,18.7,47.1,17.6,0.0,0.23,4.6,18.7,5.9,11.8,23.5,0.21,4.6,8.8,37.5,0.0,0.0,0.25,5.4,14.0,66.7,8.3,0.0,0.22,3.7,19.8,5.9,5.9,17.6,0.18,3.4,18.6,18.8,6.2,43.8,0.14,2.5,14.0,25.0,16.7,25.0,0.14,2.4,16.3,14.3,7.1,14.3,0.15,2.4,17.4,6.7,13.3,6.7,0.16,3.3,21.8,67.7,12.9,9.7,0.13,2.3,14.1,40.0,15.0,25.0,0.18,3.1,16.2,17.4,30.4,21.7,0.14,2.8,14.8,4.8,9.5,23.8,0.16,2.6,19.0,11.1,14.8,0.0,0.17,3.4,14.1,5.0,10.0,0.0,0.17,3.6,21.4,72.2,11.1,11.1,0.16,2.8,15.5,23.1,15.4,23.1,0.2,3.0,16.7,7.1,21.4,28.6,0.21,3.4,14.3,16.7,58.3,0.0,0.17,3.0,14.3,25.0,0.0,0.0,0.12,2.2,17.9,13.3,20.0,0.0,0.17,2.8,16.7,60.0,26.7,0.0,0.14,2.9,18.9,23.5,41.2,5.9,0.15,2.9,16.7,13.3,40.0,0.0,0.15,3.5,14.4,7.7,38.5,23.1,0.18,2.9,18.9,23.5,5.9,5.9,0.14,3.2,14.4,15.4,23.1,0.0,0.19,4.7,13.5,30.8,15.4,15.4,0.19,4.1,20.8,10.0,35.0,25.0,0.14,3.3,19.8,15.8,15.8,15.8,0.15,3.1,17.7,17.6,5.9,23.5,0.17,2.8,13.5,15.4,15.4,0.0,0.2,3.2,14.6,7.1,28.6,0.0,0.17,3.4
20260906,14,12,1800,4050,A1,岡山,45.0,45.0,7.75,61.32,7.61,61.11,73,18.31,63,28.77,5193,A1,福岡,25.0,48.0,6.99,54.81,6.29,38.24,30,38.67,15,28.77,4845,A1,埼玉,33.0,47.0,6.04,44.05,7.78,61.11,36,23.08,33,53.33,4885,A2,福岡,30.0,47.0,7.17,57.97,0.0,0.0,68,28.0,27,34.25,4642,A2,香川,34.0,48.0,7.17,56.2,6.24,42.11,35,29.41,66,43.66,4775,A2,静岡,32.0,47.0,6.22,43.75,5.2,20.0,53,31.34,80,17.19,22.5,72.0,20.0,0.0,0.16,2.4,14.4,25.0,43.8,18.8,0.12,2.4,13.5,20.0,40.0,20.0,0.14,2.7,15.3,5.9,11.8,35.3,0.15,3.9,16.2,11.1,16.7,22.2,0.14,3.1,18.0,5.0,10.0,20.0,0.19,4.3,21.3,69.0,13.8,10.3,0.15,2.7,15.4,42.9,23.8,14.3,0.13,2.8,16.9,21.7,34.8,26.1,0.14,2.8,13.2,5.6,22.2,27.8,0.16,4.0,17.6,8.3,20.8,25.0,0.16,3.2,15.4,4.8,33.3,0.0,0.19,4.0,27.0,70.4,18.5,3.7,0.13,2.3,13.0,30.8,30.8,15.4,0.16,2.8,14.0,28.6,28.6,7.1,0.1,2.1,21.0,23.8,33.3,14.3,0.15,2.2,13.0,7.7,38.5,7.7,0.11,2.7,12.0,16.7,25.0,8.3,0.14,2.9,20.9,63.2,21.1,0.0,0.11,1.8,18.7,11.8,35.3,23.5,0.18,2.6,19.8,22.2,33.3,16.7,0.14,2.7,14.3,15.4,30.8,30.8,0.14,2.2,15.4,14.3,28.6,0.0,0.17,2.8,11.0,10.0,20.0,0.0,0.16,3.0,22.9,77.8,3.7,3.7,0.15,2.6,16.1,21.1,26.3,5.3,0.15,3.3,16.9,30.0,20.0,10.0,0.14,3.4,18.6,9.1,18.2,13.6,0.16,2.8,15.3,11.1,27.8,22.2,0.17,2.9,10.2,8.3,8.3,33.3,0.16,2.6,21.7,65.0,20.0,10.0,0.15,3.0,18.5,5.9,35.3,29.4,0.14,2.3,15.2,14.3,21.4,28.6,0.14,2.6,17.4,12.5,31.2,31.2,0.16,2.8,13.0,16.7,16.7,16.7,0.13,2.7,14.1,0.0,0.0,0.0,0.18,4.2
20260906,12,1,1800,3458,B1,岡山,59.0,55.0,3.54,13.16,4.46,25.0,25,31.46,80,32.5,3910,B1,香川,52.0,51.0,4.16,18.99,3.46,10.26,68,28.4,54,28.21,5006,B1,群馬,29.0,55.0,2.61,7.23,2.97,9.38,67,30.43,62,29.73,5209,B1,福岡,28.0,55.0,3.72,13.85,1.29,0.0,57,43.96,37,32.93,5416,B1,三重,20.0,43.0,2.87,10.29,0.0,0.0,11,43.48,68,28.72,5471,B2,大阪,17.0,49.0,1.45,0.0,1.5,0.0,71,34.78,26,40.0,13.0,40.0,20.0,10.0,0.17,2.6,19.5,20.0,20.0,26.7,0.12,2.7,23.4,11.1,5.6,22.2,0.14,2.8,13.0,20.0,0.0,0.0,0.2,4.3,18.2,7.1,0.0,0.0,0.17,3.1,13.0,0.0,0.0,0.0,0.21,4.1,14.4,26.7,6.7,20.0,0.17,2.7,21.2,9.1,9.1,18.2,0.13,2.4,17.3,16.7,22.2,0.0,0.15,3.4,13.5,21.4,7.1,0.0,0.17,3.6,19.2,10.0,5.0,0.0,0.18,4.1,14.4,6.7,6.7,13.3,0.21,4.7,11.1,10.0,20.0,0.0,0.25,4.5,15.6,14.3,14.3,0.0,0.2,3.9,23.3,4.8,4.8,33.3,0.18,4.0,20.0,16.7,5.6,0.0,0.2,3.9,18.9,5.9,11.8,0.0,0.21,4.5,11.1,10.0,0.0,0.0,0.18,4.4,9.0,28.6,14.3,0.0,0.18,4.7,17.9,7.1,7.1,0.0,0.22,4.6,17.9,14.3,21.4,0.0,0.2,4.4,17.9,21.4,0.0,0.0,0.2,4.5,16.7,23.1,0.0,0.0,0.2,4.4,20.5,12.5,0.0,0.0,0.21,5.0,0.0,0.0,0.0,0.0,0.0,0.0,0.0,0.0,0.0,0.0,0.0,0.0,0.0,0.0,0.0,0.0,0.0,0.0,14.5,9.1,9.1,18.2,0.13,2.7,26.3,5.0,0.0,0.0,0.17,2.9,59.2,11.1,2.2,0.0,0.14,2.7,0.0,0.0,0.0,0.0,0.0,0.0,0.0,0.0,0.0,0.0,0.0,0.0,0.0,0.0,0.0,0.0,0.0,0.0,0.0,0.0,0.0,0.0,0.0,0.0,0.0,0.0,0.0,0.0,0.0,0.0,0.0,0.0,0.0,0.0,0.0,0.0
20260906,12,2,1800,4293,B1,愛知,41.0,60.0,4.78,26.0,7.9,70.0,55,41.11,75,34.15,4636,B1,徳島,36.0,52.0,3.65,17.39,2.86,21.43,52,32.97,20,34.52,4402,A2,福岡,41.0,55.0,6.25,46.46,4.97,33.33,37,30.11,86,29.33,4563,B1,岡山,38.0,53.0,3.95,22.22,3.78,5.56,19,36.84,78,29.07,5287,B1,埼玉,26.0,47.0,3.83,14.81,3.0,0.0,76,18.29,53,32.18,5360,B1,埼玉,19.0,46.0,3.52,18.0,1.64,0.0,12,27.06,60,32.58,18.6,36.4,31.8,4.5,0.15,3.3,18.6,9.1,31.8,18.2,0.19,4.0,15.3,5.6,27.8,16.7,0.18,3.8,12.7,20.0,0.0,0.0,0.21,4.9,15.3,16.7,0.0,0.0,0.18,4.1,19.5,17.4,0.0,0.0,0.19,4.0,14.3,18.2,9.1,18.2,0.22,4.5,15.6,8.3,8.3,0.0,0.2,4.6,16.9,30.8,23.1,7.7,0.15,3.2,15.6,25.0,8.3,8.3,0.13,3.3,23.4,5.6,0.0,0.0,0.19,4.4,14.3,9.1,9.1,0.0,0.19,3.8,23.1,58.3,20.8,4.2,0.15,2.7,14.4,33.3,40.0,0.0,0.16,3.2,15.4,12.5,12.5,12.5,0.17,3.1,16.3,11.8,17.6,17.6,0.16,2.7,14.4,13.3,6.7,13.3,0.16,2.8,16.3,11.8,11.8,17.6,0.2,3.9,12.2,81.8,0.0,0.0,0.11,1.5,16.7,6.7,26.7,0.0,0.16,2.8,22.2,20.0,15.0,5.0,0.15,2.5,20.0,5.6,5.6,11.1,0.18,3.3,14.4,7.7,15.4,0.0,0.17,3.5,14.4,0.0,0.0,0.0,0.21,4.8,12.1,9.1,27.3,9.1,0.19,3.6,16.5,20.0,6.7,0.0,0.12,2.0,16.5,6.7,20.0,0.0,0.15,2.5,20.9,10.5,10.5,5.3,0.18,3.5,18.7,5.9,17.6,0.0,0.14,2.6,15.4,7.1,0.0,0.0,0.17,3.4,7.8,42.9,14.3,0.0,0.1,2.1,14.4,15.4,0.0,0.0,0.2,3.2,17.8,25.0,31.2,0.0,0.2,3.1,16.7,6.7,13.3,0.0,0.17,3.1,14.4,7.7,0.0,0.0,0.19,3.8,28.9,7.7,0.0,0.0,0.15,3.2
20260906,12,3,1800,3904,B1,大阪,49.0,55.0,4.95,31.51,6.23,46.67,73,35.16,56,30.67,4931,A1,香川,30.0,53.0,6.78,52.59,6.14,42.86,78,12.66,52,28.05,4299,B1,長崎,43.0,54.0,4.38,18.75,4.36,13.64,85,34.48,35,29.21,4979,B1,愛知,30.0,52.0,4.91,28.72,5.52,38.1,21,19.54,27,24.71,3889,B1,群馬,51.0,56.0,3.54,18.31,3.24,17.65,61,33.33,13,38.55,5218,A1,香川,26.0,45.0,6.15,40.23,4.67,11.11,17,39.08,83,30.68,17.5,57.1,21.4,14.3,0.15,2.8,15.0,8.3,33.3,8.3,0.18,3.9,16.2,15.4,15.4,23.1,0.16,3.9,16.2,15.4,7.7,0.0,0.19,3.5,20.0,6.2,18.8,12.5,0.19,4.1,15.0,33.3,0.0,0.0,0.23,4.7,22.1,76.7,13.3,6.7,0.11,1.9,16.2,18.2,18.2,27.3,0.15,3.1,14.7,25.0,35.0,25.0,0.14,2.8,14.7,15.0,25.0,45.0,0.16,3.0,17.6,12.5,20.8,33.3,0.16,3.6,14.7,15.0,35.0,0.0,0.21,4.9,10.9,30.0,20.0,30.0,0.11,1.7,19.6,5.6,16.7,16.7,0.14,3.0,16.3,6.7,20.0,13.3,0.12,2.9,20.7,5.3,21.1,21.1,0.13,2.4,19.6,5.6,27.8,0.0,0.17,3.4,13.0,16.7,0.0,0.0,0.18,3.9,16.9,57.1,14.3,14.3,0.15,3.1,14.5,11.1,16.7,5.6,0.16,3.6,17.7,18.2,36.4,0.0,0.18,3.4,21.0,19.2,7.7,19.2,0.14,2.7,16.9,4.8,23.8,9.5,0.18,3.0,12.9,25.0,0.0,0.0,0.19,3.6,14.0,21.4,28.6,7.1,0.17,2.8,17.0,5.9,17.6,23.5,0.16,2.6,20.0,5.0,5.0,20.0,0.17,3.0,17.0,11.8,23.5,0.0,0.18,3.7,17.0,11.8,5.9,0.0,0.19,3.4,15.0,13.3,0.0,0.0,0.18,3.5,18.8,73.1,7.7,15.4,0.13,2.7,12.3,11.8,29.4,17.6,0.15,2.4,16.7,4.3,34.8,30.4,0.14,2.5,23.9,27.3,15.2,18.2,0.15,2.7,15.2,19.0,14.3,23.8,0.14,2.7,13.0,11.1,22.2,0.0,0.18,3.2
20260906,12,4,1800,4947,B1,福岡,34.0,48.0,4.67,19.3,4.33,13.33,62,27.78,84,22.08,4934,A2,大阪,30.0,56.0,5.3,30.86,5.51,37.68,74,33.7,66,29.87,4526,A2,愛知,38.0,51.0,4.88,26.79,5.72,44.44,65,21.35,64,29.67,4143,B1,佐賀,45.0,56.0,3.89,19.54,4.27,27.27,50,24.42,12,40.96,3484,A2,兵庫,54.0,53.0,5.83,44.57,5.24,36.59,38,50.0,19,18.82,3831,B1,愛知,52.0,54.0,4.34,25.56,3.92,23.08,34,31.91,77,32.94,13.0,46.7,6.7,13.3,0.2,3.3,19.1,9.1,27.3,18.2,0.19,4.5,19.1,22.7,9.1,0.0,0.15,2.5,17.4,5.0,25.0,0.0,0.17,3.5,15.7,16.7,22.2,0.0,0.18,3.3,15.7,16.7,0.0,0.0,0.17,3.7,19.1,45.5,31.8,4.5,0.16,2.5,13.9,18.8,18.8,31.2,0.17,3.5,17.4,15.0,25.0,25.0,0.16,3.4,14.8,11.8,29.4,17.6,0.19,2.9,13.9,31.2,25.0,0.0,0.18,3.1,20.9,4.2,8.3,8.3,0.18,4.3,16.7,70.6,17.6,0.0,0.14,2.4,15.7,31.2,31.2,0.0,0.15,2.9,15.7,25.0,18.8,12.5,0.16,2.4,15.7,18.8,25.0,6.2,0.14,2.5,21.6,9.1,9.1,18.2,0.14,2.5,14.7,6.7,20.0,0.0,0.17,2.7,11.4,44.4,22.2,11.1,0.12,3.0,21.5,5.9,35.3,0.0,0.17,3.2,15.2,8.3,25.0,33.3,0.15,2.6,20.3,12.5,12.5,0.0,0.13,2.4,19.0,6.7,13.3,0.0,0.19,3.9,12.7,10.0,10.0,0.0,0.19,3.9,21.5,58.6,17.2,10.3,0.16,2.8,15.6,28.6,28.6,19.0,0.17,3.0,17.8,16.7,37.5,8.3,0.17,2.8,14.8,20.0,25.0,20.0,0.15,2.7,17.8,4.2,16.7,25.0,0.18,3.8,12.6,5.9,0.0,0.0,0.18,4.4,16.2,37.5,25.0,0.0,0.16,2.9,14.1,7.1,57.1,7.1,0.14,3.6,21.2,14.3,19.0,14.3,0.13,2.6,19.2,5.3,21.1,21.1,0.14,2.4,16.2,12.5,25.0,0.0,0.14,2.9,13.1,7.7,0.0,0.0,0.22,4.4
20260906,12,5,1800,4700,A2,埼玉,39.0,54.0,5.96,39.22,0.0,0.0,23,30.11,32,36.36,3974,B1,佐賀,49.0,52.0,4.35,24.42,3.37,14.81,64,51.65,88,34.57,3642,B1,静岡,55.0,52.0,4.39,14.29,4.85,30.0,20,46.59,33,41.67,5147,B1,埼玉,32.0,50.0,4.31,20.51,4.43,42.86,66,37.23,61,30.0,5367,B2,徳島,24.0,50.0,1.85,5.77,1.59,0.0,26,29.55,70,22.62,4817,A1,山口,35.0,51.0,6.14,47.44,5.08,33.33,75,27.27,73,35.96,18.8,66.7,9.5,9.5,0.17,2.6,13.4,13.3,26.7,40.0,0.18,3.8,19.6,9.1,45.5,9.1,0.14,2.7,21.4,8.3,16.7,29.2,0.14,2.8,13.4,26.7,13.3,0.0,0.15,3.0,13.4,20.0,26.7,0.0,0.15,3.3,12.3,22.2,33.3,22.2,0.14,2.4,17.8,15.4,15.4,15.4,0.16,3.3,24.7,38.9,22.2,0.0,0.18,3.3,17.8,7.7,15.4,7.7,0.14,3.2,13.7,30.0,0.0,0.0,0.18,3.3,13.7,0.0,0.0,0.0,0.18,4.2,10.8,42.9,14.3,0.0,0.17,2.7,20.0,7.7,23.1,0.0,0.2,3.9,21.5,14.3,7.1,0.0,0.21,3.6,18.5,8.3,33.3,0.0,0.22,4.4,15.4,0.0,0.0,0.0,0.18,3.6,13.8,0.0,0.0,0.0,0.21,4.1,13.6,33.3,25.0,16.7,0.12,1.6,14.8,15.4,15.4,0.0,0.16,3.4,22.7,20.0,25.0,10.0,0.14,2.5,19.3,11.8,5.9,23.5,0.14,2.5,11.4,0.0,0.0,0.0,0.16,1.8,18.2,0.0,0.0,0.0,0.14,2.5,0.0,0.0,0.0,0.0,0.0,0.0,0.0,0.0,0.0,0.0,0.0,0.0,0.0,0.0,0.0,0.0,0.0,0.0,23.2,7.7,15.4,7.7,0.18,3.7,28.6,6.2,0.0,0.0,0.17,3.9,48.2,3.7,0.0,0.0,0.21,4.4,20.8,77.3,9.1,9.1,0.14,2.1,17.9,21.1,31.6,26.3,0.13,2.8,21.7,21.7,21.7,13.0,0.15,2.4,11.3,41.7,33.3,0.0,0.16,3.2,15.1,18.8,12.5,25.0,0.14,3.1,13.2,21.4,14.3,0.0,0.16,2.6
20260906,12,6,1800,4069,A2,岡山,46.0,53.0,5.68,37.37,6.8,60.0,22,38.04,22,42.86,5209,B1,福岡,28.0,55.0,3.72,13.85,1.29,0.0,57,43.96,37,32.93,5057,B1,大阪,30.0,46.0,5.82,44.94,5.47,35.53,83,24.1,18,26.39,3744,A1,静岡,51.0,53.0,6.16,44.63,6.49,48.57,56,32.22,34,28.77,5006,B1,群馬,29.0,55.0,2.61,7.23,2.97,9.38,67,30.43,62,29.73,3892,B1,佐賀,50.0,53.0,4.99,31.82,5.5,44.44,14,25.26,38,27.27,22.2,60.0,16.7,10.0,0.15,3.3,14.8,5.0,50.0,20.0,0.15,3.0,17.0,21.7,21.7,17.4,0.16,3.2,16.3,4.5,22.7,45.5,0.17,4.1,17.0,26.1,8.7,0.0,0.22,4.5,12.6,23.5,35.3,0.0,0.22,4.8,9.0,28.6,14.3,0.0,0.18,4.7,17.9,7.1,7.1,0.0,0.22,4.6,17.9,14.3,21.4,0.0,0.2,4.4,17.9,21.4,0.0,0.0,0.2,4.5,16.7,23.1,0.0,0.0,0.2,4.4,20.5,12.5,0.0,0.0,0.21,5.0,13.7,69.2,15.4,0.0,0.12,2.5,17.9,23.5,11.8,11.8,0.16,2.9,20.0,15.8,21.1,15.8,0.17,3.1,18.9,22.2,11.1,16.7,0.14,2.9,17.9,5.9,23.5,11.8,0.18,3.2,11.6,9.1,0.0,0.0,0.19,3.9,23.1,88.2,5.9,0.0,0.14,2.6,14.3,9.5,33.3,19.0,0.16,3.3,19.0,17.9,28.6,28.6,0.12,2.3,22.4,9.1,24.2,15.2,0.14,2.8,15.6,21.7,4.3,17.4,0.12,2.6,5.4,12.5,12.5,0.0,0.15,3.3,11.1,10.0,20.0,0.0,0.25,4.5,15.6,14.3,14.3,0.0,0.2,3.9,23.3,4.8,4.8,33.3,0.18,4.0,20.0,16.7,5.6,0.0,0.2,3.9,18.9,5.9,11.8,0.0,0.21,4.5,11.1,10.0,0.0,0.0,0.18,4.4,12.8,54.5,9.1,18.2,0.17,3.9,19.8,17.6,11.8,35.3,0.16,2.8,17.4,20.0,33.3,0.0,0.2,3.3,18.6,18.8,25.0,0.0,0.16,3.3,18.6,6.2,6.2,18.8,0.15,2.9,12.8,0.0,0.0,0.0,0.17,3.5
20260906,12,7,1800,4643,A2,香川,33.0,52.0,6.49,47.67,6.24,39.47,15,28.24,15,27.91,5287,B1,埼玉,26.0,47.0,3.83,14.81,3.0,0.0,76,18.29,53,32.18,3576,A1,福岡,53.0,51.0,6.38,45.74,6.5,50.0,63,23.46,81,38.96,4402,A2,福岡,41.0,55.0,6.25,46.46,4.97,33.33,37,30.11,86,29.33,3910,B1,香川,52.0,51.0,4.16,18.99,3.46,10.26,68,28.4,54,28.21,5416,B1,三重,20.0,43.0,2.87,10.29,0.0,0.0,11,43.48,68,28.72,19.3,70.6,11.8,5.9,0.11,1.8,17.0,20.0,40.0,6.7,0.11,2.5,14.8,30.8,23.1,15.4,0.12,2.5,20.5,5.6,27.8,27.8,0.14,3.2,17.0,6.7,26.7,13.3,0.14,2.4,11.4,10.0,20.0,0.0,0.2,3.5,12.1,9.1,27.3,9.1,0.19,3.6,16.5,20.0,6.7,0.0,0.12,2.0,16.5,6.7,20.0,0.0,0.15,2.5,20.9,10.5,10.5,5.3,0.18,3.5,18.7,5.9,17.6,0.0,0.14,2.6,15.4,7.1,0.0,0.0,0.17,3.4,21.1,70.0,20.0,3.3,0.13,2.2,22.5,12.5,40.6,25.0,0.16,3.4,15.5,9.1,22.7,40.9,0.18,3.0,14.1,10.0,25.0,40.0,0.17,3.5,14.8,4.8,33.3,38.1,0.18,3.3,12.0,11.8,52.9,0.0,0.21,4.2,23.1,58.3,20.8,4.2,0.15,2.7,14.4,33.3,40.0,0.0,0.16,3.2,15.4,12.5,12.5,12.5,0.17,3.1,16.3,11.8,17.6,17.6,0.16,2.7,14.4,13.3,6.7,13.3,0.16,2.8,16.3,11.8,11.8,17.6,0.2,3.9,14.4,26.7,6.7,20.0,0.17,2.7,21.2,9.1,9.1,18.2,0.13,2.4,17.3,16.7,22.2,0.0,0.15,3.4,13.5,21.4,7.1,0.0,0.17,3.6,19.2,10.0,5.0,0.0,0.18,4.1,14.4,6.7,6.7,13.3,0.21,4.7,0.0,0.0,0.0,0.0,0.0,0.0,0.0,0.0,0.0,0.0,0.0,0.0,0.0,0.0,0.0,0.0,0.0,0.0,14.5,9.1,9.1,18.2,0.13,2.7,26.3,5.0,0.0,0.0,0.17,2.9,59.2,11.1,2.2,0.0,0.14,2.7
20260906,12,8,1800,3831,B1,愛知,52.0,54.0,4.34,25.56,3.92,23.08,34,31.91,77,32.94,4299,B1,長崎,43.0,54.0,4.38,18.75,4.36,13.64,85,34.48,35,29.21,4563,B1,岡山,38.0,53.0,3.95,22.22,3.78,5.56,19,36.84,78,29.07,4526,A2,愛知,38.0,51.0,4.88,26.79,5.72,44.44,65,21.35,64,29.67,5471,B2,大阪,17.0,49.0,1.45,0.0,1.5,0.0,71,34.78,26,40.0,3458,B1,岡山,59.0,55.0,3.54,13.16,4.46,25.0,25,31.46,80,32.5,16.2,37.5,25.0,0.0,0.16,2.9,14.1,7.1,57.1,7.1,0.14,3.6,21.2,14.3,19.0,14.3,0.13,2.6,19.2,5.3,21.1,21.1,0.14,2.4,16.2,12.5,25.0,0.0,0.14,2.9,13.1,7.7,0.0,0.0,0.22,4.4,10.9,30.0,20.0,30.0,0.11,1.7,19.6,5.6,16.7,16.7,0.14,3.0,16.3,6.7,20.0,13.3,0.12,2.9,20.7,5.3,21.1,21.1,0.13,2.4,19.6,5.6,27.8,0.0,0.17,3.4,13.0,16.7,0.0,0.0,0.18,3.9,12.2,81.8,0.0,0.0,0.11,1.5,16.7,6.7,26.7,0.0,0.16,2.8,22.2,20.0,15.0,5.0,0.15,2.5,20.0,5.6,5.6,11.1,0.18,3.3,14.4,7.7,15.4,0.0,0.17,3.5,14.4,0.0,0.0,0.0,0.21,4.8,16.7,70.6,17.6,0.0,0.14,2.4,15.7,31.2,31.2,0.0,0.15,2.9,15.7,25.0,18.8,12.5,0.16,2.4,15.7,18.8,25.0,6.2,0.14,2.5,21.6,9.1,9.1,18.2,0.14,2.5,14.7,6.7,20.0,0.0,0.17,2.7,0.0,0.0,0.0,0.0,0.0,0.0,0.0,0.0,0.0,0.0,0.0,0.0,0.0,0.0,0.0,0.0,0.0,0.0,0.0,0.0,0.0,0.0,0.0,0.0,0.0,0.0,0.0,0.0,0.0,0.0,0.0,0.0,0.0,0.0,0.0,0.0,13.0,40.0,20.0,10.0,0.17,2.6,19.5,20.0,20.0,26.7,0.12,2.7,23.4,11.1,5.6,22.2,0.14,2.8,13.0,20.0,0.0,0.0,0.2,4.3,18.2,7.1,0.0,0.0,0.17,3.1,13.0,0.0,0.0,0.0,0.21,4.1
20260906,12,9,1800,3436,A2,岡山,57.0,50.0,5.79,39.44,5.11,33.33,70,40.66,25,27.27,3889,B1,群馬,51.0,56.0,3.54,18.31,3.24,17.65,61,33.33,13,38.55,5367,B2,徳島,24.0,50.0,1.85,5.77,1.59,0.0,26,29.55,70,22.62,5218,A1,香川,26.0,45.0,6.15,40.23,4.67,11.11,17,39.08,83,30.68,4636,B1,徳島,36.0,52.0,3.65,17.39,2.86,21.43,52,32.97,20,34.52,4293,B1,愛知,41.0,60.0,4.78,26.0,7.9,70.0,55,41.11,75,34.15,20.2,70.0,15.0,5.0,0.1,1.6,16.2,18.8,31.2,25.0,0.11,1.6,16.2,6.2,6.2,37.5,0.15,2.6,17.2,17.6,23.5,0.0,0.13,2.5,18.2,11.1,11.1,33.3,0.13,2.9,12.1,8.3,0.0,0.0,0.17,3.2,14.0,21.4,28.6,7.1,0.17,2.8,17.0,5.9,17.6,23.5,0.16,2.6,20.0,5.0,5.0,20.0,0.17,3.0,17.0,11.8,23.5,0.0,0.18,3.7,17.0,11.8,5.9,0.0,0.19,3.4,15.0,13.3,0.0,0.0,0.18,3.5,0.0,0.0,0.0,0.0,0.0,0.0,0.0,0.0,0.0,0.0,0.0,0.0,0.0,0.0,0.0,0.0,0.0,0.0,23.2,7.7,15.4,7.7,0.18,3.7,28.6,6.2,0.0,0.0,0.17,3.9,48.2,3.7,0.0,0.0,0.21,4.4,18.8,73.1,7.7,15.4,0.13,2.7,12.3,11.8,29.4,17.6,0.15,2.4,16.7,4.3,34.8,30.4,0.14,2.5,23.9,27.3,15.2,18.2,0.15,2.7,15.2,19.0,14.3,23.8,0.14,2.7,13.0,11.1,22.2,0.0,0.18,3.2,14.3,18.2,9.1,18.2,0.22,4.5,15.6,8.3,8.3,0.0,0.2,4.6,16.9,30.8,23.1,7.7,0.15,3.2,15.6,25.0,8.3,8.3,0.13,3.3,23.4,5.6,0.0,0.0,0.19,4.4,14.3,9.1,9.1,0.0,0.19,3.8,18.6,36.4,31.8,4.5,0.15,3.3,18.6,9.1,31.8,18.2,0.19,4.0,15.3,5.6,27.8,16.7,0.18,3.8,12.7,20.0,0.0,0.0,0.21,4.9,15.3,16.7,0.0,0.0,0.18,4.1,19.5,17.4,0.0,0.0,0.19,4.0
20260906,12,10,1800,4817,A1,山口,35.0,51.0,6.14,47.44,5.08,33.33,75,27.27,73,35.96,3484,A2,兵庫,54.0,53.0,5.83,44.57,5.24,36.59,38,50.0,19,18.82,4700,A2,埼玉,39.0,54.0,5.96,39.22,0.0,0.0,23,30.11,32,36.36,4931,A1,香川,30.0,53.0,6.78,52.59,6.14,42.86,78,12.66,52,28.05,3904,B1,大阪,49.0,55.0,4.95,31.51,6.23,46.67,73,35.16,56,30.67,5057,B1,大阪,30.0,46.0,5.82,44.94,5.47,35.53,83,24.1,18,26.39,20.8,77.3,9.1,9.1,0.14,2.1,17.9,21.1,31.6,26.3,0.13,2.8,21.7,21.7,21.7,13.0,0.15,2.4,11.3,41.7,33.3,0.0,0.16,3.2,15.1,18.8,12.5,25.0,0.14,3.1,13.2,21.4,14.3,0.0,0.16,2.6,21.5,58.6,17.2,10.3,0.16,2.8,15.6,28.6,28.6,19.0,0.17,3.0,17.8,16.7,37.5,8.3,0.17,2.8,14.8,20.0,25.0,20.0,0.15,2.7,17.8,4.2,16.7,25.0,0.18,3.8,12.6,5.9,0.0,0.0,0.18,4.4,18.8,66.7,9.5,9.5,0.17,2.6,13.4,13.3,26.7,40.0,0.18,3.8,19.6,9.1,45.5,9.1,0.14,2.7,21.4,8.3,16.7,29.2,0.14,2.8,13.4,26.7,13.3,0.0,0.15,3.0,13.4,20.0,26.7,0.0,0.15,3.3,22.1,76.7,13.3,6.7,0.11,1.9,16.2,18.2,18.2,27.3,0.15,3.1,14.7,25.0,35.0,25.0,0.14,2.8,14.7,15.0,25.0,45.0,0.16,3.0,17.6,12.5,20.8,33.3,0.16,3.6,14.7,15.0,35.0,0.0,0.21,4.9,17.5,57.1,21.4,14.3,0.15,2.8,15.0,8.3,33.3,8.3,0.18,3.9,16.2,15.4,15.4,23.1,0.16,3.9,16.2,15.4,7.7,0.0,0.19,3.5,20.0,6.2,18.8,12.5,0.19,4.1,15.0,33.3,0.0,0.0,0.23,4.7,13.7,69.2,15.4,0.0,0.12,2.5,17.9,23.5,11.8,11.8,0.16,2.9,20.0,15.8,21.1,15.8,0.17,3.1,18.9,22.2,11.1,16.7,0.14,2.9,17.9,5.9,23.5,11.8,0.18,3.2,11.6,9.1,0.0,0.0,0.19,3.9
20260906,12,11,1800,3744,A1,静岡,51.0,53.0,6.16,44.63,6.49,48.57,56,32.22,34,28.77,4643,A2,香川,33.0,52.0,6.49,47.67,6.24,39.47,15,28.24,15,27.91,4069,A2,岡山,46.0,53.0,5.68,37.37,6.8,60.0,22,38.04,22,42.86,4934,A2,大阪,30.0,56.0,5.3,30.86,5.51,37.68,74,33.7,66,29.87,3576,A1,福岡,53.0,51.0,6.38,45.74,6.5,50.0,63,23.46,81,38.96,4947,B1,福岡,34.0,48.0,4.67,19.3,4.33,13.33,62,27.78,84,22.08,23.1,88.2,5.9,0.0,0.14,2.6,14.3,9.5,33.3,19.0,0.16,3.3,19.0,17.9,28.6,28.6,0.12,2.3,22.4,9.1,24.2,15.2,0.14,2.8,15.6,21.7,4.3,17.4,0.12,2.6,5.4,12.5,12.5,0.0,0.15,3.3,19.3,70.6,11.8,5.9,0.11,1.8,17.0,20.0,40.0,6.7,0.11,2.5,14.8,30.8,23.1,15.4,0.12,2.5,20.5,5.6,27.8,27.8,0.14,3.2,17.0,6.7,26.7,13.3,0.14,2.4,11.4,10.0,20.0,0.0,0.2,3.5,22.2,60.0,16.7,10.0,0.15,3.3,14.8,5.0,50.0,20.0,0.15,3.0,17.0,21.7,21.7,17.4,0.16,3.2,16.3,4.5,22.7,45.5,0.17,4.1,17.0,26.1,8.7,0.0,0.22,4.5,12.6,23.5,35.3,0.0,0.22,4.8,19.1,45.5,31.8,4.5,0.16,2.5,13.9,18.8,18.8,31.2,0.17,3.5,17.4,15.0,25.0,25.0,0.16,3.4,14.8,11.8,29.4,17.6,0.19,2.9,13.9,31.2,25.0,0.0,0.18,3.1,20.9,4.2,8.3,8.3,0.18,4.3,21.1,70.0,20.0,3.3,0.13,2.2,22.5,12.5,40.6,25.0,0.16,3.4,15.5,9.1,22.7,40.9,0.18,3.0,14.1,10.0,25.0,40.0,0.17,3.5,14.8,4.8,33.3,38.1,0.18,3.3,12.0,11.8,52.9,0.0,0.21,4.2,13.0,46.7,6.7,13.3,0.2,3.3,19.1,9.1,27.3,18.2,0.19,4.5,19.1,22.7,9.1,0.0,0.15,2.5,17.4,5.0,25.0,0.0,0.17,3.5,15.7,16.7,22.2,0.0,0.18,3.3,15.7,16.7,0.0,0.0,0.17,3.7
20260906,12,12,1800,4736,A1,福岡,35.0,53.0,7.13,56.41,5.55,27.27,81,23.38,67,37.35,4475,A1,山口,38.0,54.0,5.45,30.25,4.63,25.0,54,35.79,23,28.57,4278,A1,兵庫,43.0,52.0,7.02,59.65,6.46,43.59,13,27.06,58,30.77,4466,A2,三重,40.0,51.0,5.67,39.0,5.72,31.25,36,12.64,24,41.18,4942,B1,福岡,36.0,54.0,5.76,39.05,4.56,18.75,29,42.39,17,46.25,3304,A1,徳島,58.0,52.0,5.52,32.46,5.72,37.93,53,32.18,90,28.26,21.9,60.0,28.0,4.0,0.13,2.0,14.9,23.5,35.3,17.6,0.14,2.5,14.9,5.9,64.7,17.6,0.13,2.5,15.8,5.6,38.9,27.8,0.15,2.8,15.8,5.6,38.9,5.6,0.12,2.2,16.7,10.5,21.1,0.0,0.16,3.3,21.3,74.1,14.8,7.4,0.15,2.3,16.5,33.3,38.1,0.0,0.17,3.4,18.9,20.8,33.3,16.7,0.14,2.1,17.3,18.2,18.2,36.4,0.15,2.7,12.6,18.8,37.5,0.0,0.16,3.5,13.4,11.8,23.5,0.0,0.19,4.1,22.1,87.5,6.2,0.0,0.11,1.8,17.9,30.8,19.2,34.6,0.13,2.4,15.9,13.0,34.8,8.7,0.12,2.2,15.2,13.6,31.8,22.7,0.13,2.4,18.6,22.2,11.1,14.8,0.14,3.0,10.3,6.7,13.3,0.0,0.15,3.9,18.7,58.8,23.5,11.8,0.16,3.2,18.7,11.8,17.6,29.4,0.16,4.1,18.7,17.6,29.4,11.8,0.21,3.5,14.3,15.4,7.7,30.8,0.19,3.2,15.4,14.3,28.6,0.0,0.2,4.1,14.3,15.4,0.0,0.0,0.24,4.9,19.4,38.9,22.2,22.2,0.14,2.6,12.9,33.3,25.0,0.0,0.2,3.8,15.1,14.3,35.7,14.3,0.15,3.1,17.2,12.5,12.5,31.2,0.15,2.9,10.8,10.0,40.0,0.0,0.11,2.4,24.7,13.0,0.0,0.0,0.17,3.4,20.3,76.7,16.7,6.7,0.16,4.0,18.9,7.1,42.9,32.1,0.19,4.3,15.5,26.1,30.4,17.4,0.17,3.8,14.2,14.3,14.3,23.8,0.18,3.3,18.2,7.4,7.4,37.0,0.17,3.6,12.8,10.5,15.8,0.0,0.19,4.5
20260906,11,1,1800,5199,B1,徳島,24.0,57.0,4.83,31.82,3.88,5.88,38,31.18,50,32.61,5154,B1,広島,30.0,53.0,4.49,24.74,4.25,12.5,57,46.46,72,34.44,5060,A2,兵庫,29.0,52.0,5.85,40.21,5.82,35.29,22,27.06,60,32.97,5275,A1,三重,24.0,53.0,6.6,51.52,4.27,20.45,19,37.36,57,29.21,5186,B1,東京,26.0,53.0,4.51,27.37,4.73,27.27,49,38.1,28,9.09,5460,B2,滋賀,20.0,54.0,1.56,0.0,1.29,0.0,65,31.25,44,38.38,14.8,46.2,23.1,7.7,0.12,2.9,17.0,13.3,13.3,40.0,0.11,1.8,18.2,25.0,18.8,12.5,0.09,2.0,11.4,20.0,0.0,0.0,0.11,1.5,21.6,15.8,10.5,15.8,0.09,1.9,17.0,6.7,13.3,13.3,0.13,2.4,12.6,50.0,7.1,28.6,0.17,2.6,16.2,11.1,16.7,33.3,0.16,3.4,22.5,20.0,8.0,24.0,0.16,3.1,11.7,7.7,15.4,0.0,0.2,3.6,21.6,8.3,12.5,0.0,0.21,4.1,15.3,5.9,17.6,0.0,0.18,4.2,16.8,66.7,11.1,5.6,0.15,2.9,18.7,25.0,30.0,10.0,0.18,3.7,15.9,17.6,35.3,23.5,0.14,2.5,16.8,22.2,33.3,16.7,0.17,3.6,15.9,5.9,11.8,23.5,0.18,3.6,15.9,11.8,11.8,0.0,0.2,4.2,20.0,61.5,15.4,11.5,0.15,2.6,20.8,44.4,25.9,11.1,0.14,2.7,13.1,23.5,23.5,17.6,0.12,2.1,19.2,24.0,24.0,24.0,0.12,2.1,15.4,20.0,20.0,20.0,0.12,2.3,11.5,6.7,20.0,0.0,0.12,2.3,13.8,33.3,11.1,0.0,0.22,4.1,16.9,45.5,9.1,0.0,0.19,3.8,23.1,6.7,13.3,6.7,0.18,3.9,13.8,11.1,0.0,0.0,0.18,3.7,13.8,11.1,0.0,0.0,0.17,3.4,18.5,8.3,0.0,0.0,0.21,5.3,0.0,0.0,0.0,0.0,0.0,0.0,0.0,0.0,0.0,0.0,0.0,0.0,0.0,0.0,0.0,0.0,0.0,0.0,0.0,0.0,0.0,0.0,0.0,0.0,0.0,0.0,0.0,0.0,0.0,0.0,0.0,0.0,0.0,0.0,0.0,0.0
20260906,11,2,1800,5290,B1,東京,25.0,53.0,3.04,9.26,1.17,0.0,13,44.79,52,45.92,5157,B1,滋賀,28.0,55.0,4.24,27.08,4.7,23.5,41,35.56,25,40.43,5134,A2,広島,27.0,53.0,5.61,39.36,3.33,0.0,33,41.3,54,36.54,5167,B1,埼玉,26.0,52.0,5.39,34.72,4.79,31.58,62,22.83,33,30.0,5221,A1,大阪,25.0,54.0,6.7,50.51,6.2,43.33,18,46.81,48,17.95,5247,B1,兵庫,24.0,52.0,4.42,17.48,2.56,5.56,35,25.26,13,24.18,13.5,26.7,6.7,20.0,0.15,2.5,15.3,11.8,5.9,5.9,0.15,3.6,20.7,21.7,13.0,0.0,0.18,3.1,20.7,8.7,21.7,0.0,0.17,3.5,16.2,16.7,0.0,0.0,0.17,3.7,13.5,6.7,6.7,0.0,0.18,4.2,14.9,50.0,21.4,7.1,0.18,2.9,17.0,6.2,18.8,12.5,0.17,3.8,17.0,6.2,18.8,25.0,0.17,2.6,17.0,6.2,25.0,0.0,0.14,2.8,18.1,5.9,11.8,5.9,0.18,2.9,16.0,0.0,0.0,0.0,0.21,4.3,20.0,77.3,13.6,0.0,0.14,2.4,17.3,21.1,26.3,15.8,0.14,2.8,15.5,11.8,17.6,35.3,0.16,3.4,18.2,5.0,25.0,15.0,0.15,3.1,12.7,21.4,7.1,7.1,0.15,3.2,16.4,11.1,22.2,0.0,0.17,4.1,15.1,28.6,42.9,7.1,0.15,3.3,20.4,21.1,26.3,10.5,0.18,3.9,16.1,6.7,26.7,33.3,0.17,3.2,19.4,11.1,16.7,11.1,0.14,3.0,14.0,7.7,7.7,15.4,0.15,3.1,15.1,7.1,21.4,0.0,0.15,4.1,21.9,67.6,8.8,5.9,0.14,2.2,14.2,18.2,36.4,18.2,0.15,3.5,16.1,20.0,28.0,20.0,0.15,3.1,16.8,19.2,11.5,23.1,0.14,2.5,16.1,12.0,36.0,20.0,0.16,3.4,14.8,4.3,4.3,17.4,0.16,4.0,14.0,30.8,7.7,15.4,0.22,3.9,19.4,5.6,22.2,22.2,0.18,4.3,19.4,11.1,11.1,22.2,0.18,3.9,17.2,6.2,6.2,37.5,0.18,4.2,16.1,6.7,6.7,13.3,0.14,3.5,14.0,23.1,0.0,0.0,0.2,4.2
20260906,11,3,1800,5271,B1,福岡,25.0,53.0,4.04,17.98,3.11,11.11,14,37.5,21,32.18,5376,B1,大阪,22.0,51.0,5.67,42.06,1.4,0.0,32,37.08,46,41.18,5280,A1,滋賀,23.0,51.0,6.93,52.07,5.74,35.52,11,45.45,19,26.88,5329,B1,兵庫,22.0,51.0,4.64,28.81,4.04,28.0,54,31.11,53,38.95,5226,B1,東京,24.0,53.0,5.8,36.67,6.43,50.0,72,45.45,66,30.85,5210,A2,福岡,27.0,55.0,5.69,40.21,3.67,5.56,20,34.07,11,41.41,10.6,22.2,11.1,0.0,0.22,4.0,20.0,23.5,17.6,0.0,0.18,3.5,15.3,7.7,7.7,38.5,0.15,2.8,14.1,8.3,8.3,8.3,0.19,3.7,18.8,6.2,12.5,0.0,0.21,4.3,21.2,5.6,11.1,0.0,0.22,4.1,10.2,55.6,33.3,0.0,0.16,3.3,21.6,10.5,36.8,5.3,0.15,3.2,17.0,13.3,26.7,20.0,0.16,3.6,18.2,6.2,12.5,43.8,0.2,4.0,14.8,23.1,23.1,0.0,0.19,3.7,18.2,6.2,12.5,0.0,0.15,3.0,19.8,83.3,12.5,4.2,0.14,2.8,20.7,24.0,32.0,24.0,0.15,2.6,12.4,26.7,20.0,20.0,0.15,2.1,14.0,5.9,35.3,29.4,0.17,3.2,19.8,20.8,29.2,33.3,0.17,3.3,13.2,6.2,37.5,0.0,0.22,4.7,14.7,42.9,28.6,7.1,0.16,2.9,18.9,5.6,22.2,16.7,0.16,3.1,16.8,25.0,25.0,12.5,0.11,2.2,13.7,23.1,0.0,0.0,0.22,3.5,22.1,19.0,14.3,19.0,0.17,3.2,13.7,7.7,7.7,15.4,0.16,2.5,24.3,88.2,5.9,0.0,0.15,3.2,18.6,23.1,30.8,23.1,0.16,3.1,14.3,50.0,30.0,0.0,0.14,2.4,8.6,33.3,16.7,0.0,0.14,2.8,18.6,7.7,7.7,23.1,0.16,3.8,15.7,18.2,18.2,0.0,0.2,4.6,13.0,35.7,42.9,0.0,0.11,2.6,14.8,12.5,43.8,6.2,0.17,3.1,19.4,9.5,33.3,28.6,0.14,3.0,18.5,10.0,20.0,25.0,0.17,2.9,18.5,5.0,15.0,20.0,0.16,3.2,15.7,11.8,11.8,0.0,0.15,3.9
20260906,11,4,1800,5179,B1,兵庫,29.0,52.0,4.81,31.91,4.43,25.0,30,28.41,47,40.63,5212,A2,福岡,27.0,55.0,6.29,45.71,3.17,8.33,21,39.13,30,23.26,5177,B1,福岡,30.0,51.0,4.49,20.72,2.87,8.7,58,27.27,67,22.62,5298,A1,香川,24.0,52.0,7.21,57.26,5.7,40.0,52,36.17,43,44.09,5388,B1,徳島,19.0,51.0,3.22,10.2,0.0,0.0,60,13.95,20,46.24,5222,A1,広島,25.0,52.0,6.17,46.36,4.2,10.0,37,33.71,31,39.36,13.9,50.0,20.0,0.0,0.1,2.8,12.5,22.2,11.1,0.0,0.19,4.6,11.1,12.5,37.5,0.0,0.23,4.3,20.8,6.7,13.3,6.7,0.22,4.3,23.6,11.8,17.6,0.0,0.18,3.3,18.1,15.4,0.0,0.0,0.24,5.0,15.0,68.8,12.5,6.2,0.14,1.8,18.7,25.0,45.0,10.0,0.12,1.9,16.8,11.1,38.9,11.1,0.14,2.8,20.6,27.3,27.3,0.0,0.13,2.0,16.8,22.2,11.1,22.2,0.13,2.6,12.1,23.1,0.0,0.0,0.16,3.3,9.2,33.3,11.1,44.4,0.17,3.9,20.4,5.0,10.0,25.0,0.19,4.4,19.4,5.3,21.1,5.3,0.21,4.6,16.3,18.8,0.0,0.0,0.21,4.7,22.4,13.6,22.7,0.0,0.2,4.5,12.2,8.3,0.0,0.0,0.2,4.9,18.6,79.2,8.3,0.0,0.18,4.0,14.0,16.7,38.9,11.1,0.15,2.9,17.1,13.6,22.7,36.4,0.13,2.7,19.4,24.0,32.0,28.0,0.15,3.0,14.0,16.7,16.7,44.4,0.2,3.6,17.1,4.5,18.2,31.8,0.14,3.8,0.0,0.0,0.0,0.0,0.0,0.0,0.0,0.0,0.0,0.0,0.0,0.0,1.8,50.0,0.0,0.0,0.1,1.5,28.9,15.2,24.2,12.1,0.14,2.8,21.1,8.3,12.5,33.3,0.15,2.8,48.2,1.8,9.1,14.5,0.14,2.8,19.7,73.9,8.7,4.3,0.14,3.3,19.7,17.4,39.1,21.7,0.19,3.9,18.8,18.2,27.3,22.7,0.16,2.8,17.1,25.0,20.0,25.0,0.17,3.4,13.7,12.5,12.5,12.5,0.17,3.6,11.1,7.7,23.1,0.0,0.23,5.0
20260906,11,5,1800,5238,A2,山口,26.0,55.0,5.98,46.99,5.38,37.93,53,27.47,69,39.6,5130,B1,三重,28.0,53.0,4.75,22.11,3.37,15.79,44,34.09,73,20.78,5255,A1,滋賀,22.0,53.0,6.56,47.0,6.39,44.78,15,25.56,59,32.63,5199,B1,徳島,24.0,57.0,4.83,31.82,3.88,5.88,38,31.18,50,32.61,5268,B1,福岡,25.0,57.0,3.87,16.67,4.67,16.67,46,33.72,32,31.11,5377,B1,群馬,22.0,50.0,4.97,29.49,0.0,0.0,36,29.47,17,42.53,18.7,45.0,25.0,20.0,0.15,3.4,17.8,15.8,26.3,10.5,0.16,3.7,15.9,29.4,23.5,11.8,0.16,2.7,15.0,6.2,18.8,25.0,0.14,2.9,15.9,23.5,23.5,11.8,0.14,2.8,16.8,5.6,5.6,5.6,0.13,3.6,13.6,28.6,7.1,21.4,0.17,2.9,17.5,33.3,22.2,0.0,0.18,3.7,21.4,18.2,13.6,0.0,0.17,3.4,15.5,6.2,31.2,0.0,0.2,3.9,15.5,6.2,37.5,0.0,0.19,4.1,16.5,17.6,0.0,0.0,0.17,3.7,18.3,71.4,9.5,9.5,0.17,3.2,14.8,41.2,29.4,5.9,0.22,3.5,14.8,29.4,23.5,17.6,0.17,3.3,18.3,14.3,19.0,28.6,0.18,3.3,20.0,8.7,34.8,30.4,0.17,3.7,13.9,18.8,12.5,0.0,0.19,4.0,14.8,46.2,23.1,7.7,0.12,2.9,17.0,13.3,13.3,40.0,0.11,1.8,18.2,25.0,18.8,12.5,0.09,2.0,11.4,20.0,0.0,0.0,0.11,1.5,21.6,15.8,10.5,15.8,0.09,1.9,17.0,6.7,13.3,13.3,0.13,2.4,10.0,12.5,12.5,12.5,0.18,3.8,15.0,8.3,25.0,8.3,0.17,3.4,18.8,20.0,13.3,0.0,0.18,3.1,18.8,6.7,6.7,0.0,0.21,3.9,12.5,10.0,20.0,0.0,0.21,3.5,25.0,5.0,0.0,0.0,0.22,4.8,0.0,0.0,0.0,0.0,0.0,0.0,0.0,0.0,0.0,0.0,0.0,0.0,0.0,0.0,0.0,0.0,0.0,0.0,35.8,10.3,17.2,13.8,0.17,3.5,34.6,7.1,21.4,0.0,0.17,3.7,29.6,4.2,8.3,12.5,0.19,3.8
20260906,11,6,1800,5216,A1,群馬,26.0,55.0,5.91,39.34,5.17,36.67,48,32.26,56,22.22,5276,B1,福岡,24.0,52.0,4.86,24.14,3.19,6.25,51,31.11,51,29.07,5246,A2,埼玉,24.0,52.0,5.07,34.67,3.17,16.67,73,29.11,38,47.06,5157,B1,滋賀,28.0,55.0,4.24,27.08,4.7,23.5,41,35.56,25,40.43,5152,B1,福岡,31.0,49.0,3.07,2.74,3.33,0.0,68,30.0,18,34.83,5010,A2,三重,29.0,55.0,5.75,39.81,5.59,38.46,29,43.48,49,42.39,21.8,59.3,22.2,11.1,0.15,2.5,17.7,27.3,18.2,27.3,0.19,3.8,17.7,31.8,22.7,13.6,0.16,3.0,15.3,5.3,10.5,42.1,0.16,2.9,15.3,10.5,36.8,15.8,0.17,3.1,12.1,6.7,26.7,0.0,0.19,4.1,16.8,33.3,22.2,0.0,0.16,2.7,18.7,20.0,5.0,35.0,0.18,3.2,17.8,21.1,47.4,0.0,0.16,3.2,17.8,5.3,10.5,15.8,0.16,3.8,14.0,6.7,6.7,13.3,0.17,3.3,15.0,6.2,25.0,0.0,0.2,4.6,14.5,47.1,5.9,17.6,0.2,3.5,18.8,18.2,27.3,13.6,0.18,3.5,18.8,13.6,27.3,22.7,0.16,3.3,11.1,7.7,23.1,15.4,0.16,3.3,16.2,10.5,26.3,10.5,0.17,3.3,20.5,4.2,20.8,25.0,0.18,3.4,14.9,50.0,21.4,7.1,0.18,2.9,17.0,6.2,18.8,12.5,0.17,3.8,17.0,6.2,18.8,25.0,0.17,2.6,17.0,6.2,25.0,0.0,0.14,2.8,18.1,5.9,11.8,5.9,0.18,2.9,16.0,0.0,0.0,0.0,0.21,4.3,13.1,9.1,54.5,9.1,0.22,4.3,20.2,11.8,29.4,17.6,0.23,4.8,20.2,17.6,23.5,0.0,0.18,4.1,20.2,5.9,0.0,0.0,0.26,5.4,15.5,7.7,0.0,0.0,0.24,4.9,10.7,0.0,0.0,0.0,0.3,6.0,21.3,66.7,20.0,10.0,0.11,2.1,19.1,3.7,18.5,29.6,0.16,2.7,13.5,5.3,31.6,21.1,0.13,2.4,19.1,14.8,18.5,7.4,0.14,2.5,14.9,4.8,14.3,19.0,0.15,3.1,12.1,11.8,11.8,0.0,0.14,3.3
20260906,11,7,1800,5354,B1,三重,21.0,51.0,4.29,23.08,2.52,11.11,24,22.58,61,37.5,5018,A1,福岡,27.0,55.0,6.87,51.56,6.3,40.0,66,23.4,62,33.7,5379,B1,滋賀,22.0,52.0,3.34,10.96,2.5,5.88,17,28.41,36,28.57,5060,A2,兵庫,29.0,52.0,5.85,40.21,5.82,35.29,22,27.06,60,32.97,5135,B1,東京,26.0,54.0,5.7,43.75,6.0,45.45,47,34.0,15,41.38,5273,B1,兵庫,25.0,52.0,3.8,20.22,2.98,9.52,63,31.52,16,23.08,0.0,0.0,0.0,0.0,0.0,0.0,0.0,0.0,0.0,0.0,0.0,0.0,0.0,0.0,0.0,0.0,0.0,0.0,28.8,4.3,8.7,4.3,0.21,4.1,28.8,8.7,13.0,0.0,0.19,3.5,42.5,2.9,5.9,8.8,0.18,3.5,23.2,88.9,8.3,2.8,0.13,2.3,15.5,16.7,25.0,25.0,0.14,3.0,17.4,22.2,18.5,29.6,0.16,2.5,15.5,4.2,4.2,41.7,0.14,3.7,16.1,4.0,24.0,12.0,0.14,2.9,12.3,5.3,26.3,0.0,0.16,3.8,8.5,16.7,0.0,0.0,0.18,3.3,15.5,9.1,0.0,0.0,0.24,4.1,14.1,10.0,0.0,0.0,0.22,3.9,12.7,11.1,33.3,0.0,0.21,4.4,18.3,0.0,0.0,0.0,0.19,3.9,31.0,13.6,0.0,0.0,0.17,3.4,16.8,66.7,11.1,5.6,0.15,2.9,18.7,25.0,30.0,10.0,0.18,3.7,15.9,17.6,35.3,23.5,0.14,2.5,16.8,22.2,33.3,16.7,0.17,3.6,15.9,5.9,11.8,23.5,0.18,3.6,15.9,11.8,11.8,0.0,0.2,4.2,16.5,50.0,14.3,7.1,0.11,2.1,14.1,16.7,25.0,16.7,0.14,1.9,14.1,16.7,8.3,8.3,0.2,3.2,11.8,10.0,20.0,30.0,0.13,2.1,15.3,7.7,15.4,0.0,0.2,3.9,28.2,8.3,0.0,0.0,0.27,5.4,12.7,38.5,15.4,7.7,0.18,3.8,18.6,10.5,10.5,26.3,0.17,3.7,17.6,16.7,5.6,27.8,0.14,2.7,19.6,5.0,20.0,0.0,0.18,3.9,20.6,9.5,14.3,9.5,0.19,3.8,10.8,0.0,0.0,0.0,0.19,4.4
20260906,11,8,1800,5303,A2,福岡,23.0,53.0,5.98,38.0,5.57,25.0,34,32.22,23,31.52,5329,B1,兵庫,22.0,51.0,4.64,28.81,4.04,28.0,54,31.11,53,38.95,5106,A2,山口,27.0,52.0,5.49,34.83,5.48,43.48,64,29.55,24,40.0,5179,B1,兵庫,29.0,52.0,4.81,31.91,4.43,25.0,30,28.41,47,40.63,5460,B2,滋賀,20.0,54.0,1.56,0.0,1.29,0.0,65,31.25,44,38.38,5234,A1,群馬,28.0,54.0,6.72,54.31,5.88,37.5,45,42.11,65,27.59,13.2,16.7,41.7,0.0,0.18,3.6,18.7,17.6,29.4,23.5,0.19,3.4,14.3,23.1,30.8,0.0,0.19,3.8,17.6,12.5,31.2,31.2,0.18,3.4,19.8,11.1,5.6,22.2,0.19,3.2,16.5,6.7,26.7,0.0,0.19,3.9,14.7,42.9,28.6,7.1,0.16,2.9,18.9,5.6,22.2,16.7,0.16,3.1,16.8,25.0,25.0,12.5,0.11,2.2,13.7,23.1,0.0,0.0,0.22,3.5,22.1,19.0,14.3,19.0,0.17,3.2,13.7,7.7,7.7,15.4,0.16,2.5,17.2,53.3,20.0,13.3,0.17,4.3,18.4,6.2,31.2,6.2,0.21,4.6,17.2,13.3,33.3,0.0,0.18,3.1,14.9,23.1,23.1,23.1,0.16,3.3,19.5,17.6,23.5,0.0,0.22,3.9,12.6,18.2,0.0,0.0,0.21,4.9,13.9,50.0,20.0,0.0,0.1,2.8,12.5,22.2,11.1,0.0,0.19,4.6,11.1,12.5,37.5,0.0,0.23,4.3,20.8,6.7,13.3,6.7,0.22,4.3,23.6,11.8,17.6,0.0,0.18,3.3,18.1,15.4,0.0,0.0,0.24,5.0,0.0,0.0,0.0,0.0,0.0,0.0,0.0,0.0,0.0,0.0,0.0,0.0,0.0,0.0,0.0,0.0,0.0,0.0,0.0,0.0,0.0,0.0,0.0,0.0,0.0,0.0,0.0,0.0,0.0,0.0,0.0,0.0,0.0,0.0,0.0,0.0,23.0,64.5,12.9,16.1,0.17,3.0,15.6,33.3,19.0,19.0,0.16,3.0,19.3,15.4,23.1,23.1,0.15,3.1,16.3,27.3,36.4,13.6,0.12,2.6,13.3,16.7,22.2,22.2,0.15,3.1,12.6,17.6,29.4,0.0,0.13,3.2
20260906,11,9,1800,5221,A1,大阪,25.0,54.0,6.7,50.51,6.2,43.33,18,46.81,48,17.95,5226,B1,東京,24.0,53.0,5.8,36.67,6.43,50.0,72,45.45,66,30.85,5368,B1,埼玉,24.0,52.0,6.65,50.65,1.75,0.0,26,37.74,40,25.58,5130,B1,三重,28.0,53.0,4.75,22.11,3.37,15.79,44,34.09,73,20.78,5388,B1,徳島,19.0,51.0,3.22,10.2,0.0,0.0,60,13.95,20,46.24,5136,A1,香川,26.0,55.0,6.13,47.58,6.5,46.0,61,40.66,64,29.07,21.9,67.6,8.8,5.9,0.14,2.2,14.2,18.2,36.4,18.2,0.15,3.5,16.1,20.0,28.0,20.0,0.15,3.1,16.8,19.2,11.5,23.1,0.14,2.5,16.1,12.0,36.0,20.0,0.16,3.4,14.8,4.3,4.3,17.4,0.16,4.0,24.3,88.2,5.9,0.0,0.15,3.2,18.6,23.1,30.8,23.1,0.16,3.1,14.3,50.0,30.0,0.0,0.14,2.4,8.6,33.3,16.7,0.0,0.14,2.8,18.6,7.7,7.7,23.1,0.16,3.8,15.7,18.2,18.2,0.0,0.2,4.6,8.8,57.1,14.3,0.0,0.15,2.9,8.8,14.3,28.6,28.6,0.17,4.3,6.2,40.0,0.0,0.0,0.15,3.8,25.0,25.0,20.0,25.0,0.15,2.8,25.0,5.0,15.0,15.0,0.17,3.3,26.2,4.8,9.5,14.3,0.19,3.9,13.6,28.6,7.1,21.4,0.17,2.9,17.5,33.3,22.2,0.0,0.18,3.7,21.4,18.2,13.6,0.0,0.17,3.4,15.5,6.2,31.2,0.0,0.2,3.9,15.5,6.2,37.5,0.0,0.19,4.1,16.5,17.6,0.0,0.0,0.17,3.7,0.0,0.0,0.0,0.0,0.0,0.0,0.0,0.0,0.0,0.0,0.0,0.0,1.8,50.0,0.0,0.0,0.1,1.5,28.9,15.2,24.2,12.1,0.14,2.8,21.1,8.3,12.5,33.3,0.15,2.8,48.2,1.8,9.1,14.5,0.14,2.8,19.8,76.9,15.4,0.0,0.12,1.9,19.8,26.9,15.4,11.5,0.14,2.9,16.0,14.3,19.0,33.3,0.14,2.2,13.0,17.6,29.4,23.5,0.13,2.3,14.5,10.5,26.3,21.1,0.14,2.6,16.8,13.6,36.4,0.0,0.17,4.6
20260906,11,10,1800,5298,A1,香川,24.0,52.0,7.21,57.26,5.7,40.0,52,36.17,43,44.09,5275,A1,三重,24.0,53.0,6.6,51.52,4.27,20.45,19,37.36,57,29.21,5343,B1,広島,23.0,52.0,4.13,19.78,2.2,8.0,27,27.63,26,34.38,5276,B1,福岡,24.0,52.0,4.86,24.14,3.19,6.25,51,31.11,51,29.07,5421,B2,兵庫,24.0,52.0,1.43,1.96,1.22,0.0,23,30.77,22,36.56,5134,A2,広島,27.0,53.0,5.61,39.36,3.33,0.0,33,41.3,54,36.54,18.6,79.2,8.3,0.0,0.18,4.0,14.0,16.7,38.9,11.1,0.15,2.9,17.1,13.6,22.7,36.4,0.13,2.7,19.4,24.0,32.0,28.0,0.15,3.0,14.0,16.7,16.7,44.4,0.2,3.6,17.1,4.5,18.2,31.8,0.14,3.8,20.0,61.5,15.4,11.5,0.15,2.6,20.8,44.4,25.9,11.1,0.14,2.7,13.1,23.5,23.5,17.6,0.12,2.1,19.2,24.0,24.0,24.0,0.12,2.1,15.4,20.0,20.0,20.0,0.12,2.3,11.5,6.7,20.0,0.0,0.12,2.3,0.0,0.0,0.0,0.0,0.0,0.0,0.0,0.0,0.0,0.0,0.0,0.0,0.0,0.0,0.0,0.0,0.0,0.0,39.6,11.1,13.9,0.0,0.17,3.4,27.5,4.0,16.0,28.0,0.15,3.0,33.0,16.7,13.3,0.0,0.15,3.3,16.8,33.3,22.2,0.0,0.16,2.7,18.7,20.0,5.0,35.0,0.18,3.2,17.8,21.1,47.4,0.0,0.16,3.2,17.8,5.3,10.5,15.8,0.16,3.8,14.0,6.7,6.7,13.3,0.17,3.3,15.0,6.2,25.0,0.0,0.2,4.6,0.0,0.0,0.0,0.0,0.0,0.0,0.0,0.0,0.0,0.0,0.0,0.0,0.0,0.0,0.0,0.0,0.0,0.0,0.0,0.0,0.0,0.0,0.0,0.0,0.0,0.0,0.0,0.0,0.0,0.0,100.0,2.1,0.0,0.0,0.24,5.2,20.0,77.3,13.6,0.0,0.14,2.4,17.3,21.1,26.3,15.8,0.14,2.8,15.5,11.8,17.6,35.3,0.16,3.4,18.2,5.0,25.0,15.0,0.15,3.1,12.7,21.4,7.1,7.1,0.15,3.2,16.4,11.1,22.2,0.0,0.17,4.1
20260906,11,11,1800,5280,A1,滋賀,23.0,51.0,6.93,52.07,5.74,35.52,11,45.45,19,26.88,5222,A1,広島,25.0,52.0,6.17,46.36,4.2,10.0,37,33.71,31,39.36,5290,B1,東京,25.0,53.0,3.04,9.26,1.17,0.0,13,44.79,52,45.92,5354,B1,三重,21.0,51.0,4.29,23.08,2.52,11.11,24,22.58,61,37.5,5154,B1,広島,30.0,53.0,4.49,24.74,4.25,12.5,57,46.46,72,34.44,5246,A2,埼玉,24.0,52.0,5.07,34.67,3.17,16.67,73,29.11,38,47.06,19.8,83.3,12.5,4.2,0.14,2.8,20.7,24.0,32.0,24.0,0.15,2.6,12.4,26.7,20.0,20.0,0.15,2.1,14.0,5.9,35.3,29.4,0.17,3.2,19.8,20.8,29.2,33.3,0.17,3.3,13.2,6.2,37.5,0.0,0.22,4.7,19.7,73.9,8.7,4.3,0.14,3.3,19.7,17.4,39.1,21.7,0.19,3.9,18.8,18.2,27.3,22.7,0.16,2.8,17.1,25.0,20.0,25.0,0.17,3.4,13.7,12.5,12.5,12.5,0.17,3.6,11.1,7.7,23.1,0.0,0.23,5.0,13.5,26.7,6.7,20.0,0.15,2.5,15.3,11.8,5.9,5.9,0.15,3.6,20.7,21.7,13.0,0.0,0.18,3.1,20.7,8.7,21.7,0.0,0.17,3.5,16.2,16.7,0.0,0.0,0.17,3.7,13.5,6.7,6.7,0.0,0.18,4.2,0.0,0.0,0.0,0.0,0.0,0.0,0.0,0.0,0.0,0.0,0.0,0.0,0.0,0.0,0.0,0.0,0.0,0.0,28.8,4.3,8.7,4.3,0.21,4.1,28.8,8.7,13.0,0.0,0.19,3.5,42.5,2.9,5.9,8.8,0.18,3.5,12.6,50.0,7.1,28.6,0.17,2.6,16.2,11.1,16.7,33.3,0.16,3.4,22.5,20.0,8.0,24.0,0.16,3.1,11.7,7.7,15.4,0.0,0.2,3.6,21.6,8.3,12.5,0.0,0.21,4.1,15.3,5.9,17.6,0.0,0.18,4.2,14.5,47.1,5.9,17.6,0.2,3.5,18.8,18.2,27.3,13.6,0.18,3.5,18.8,13.6,27.3,22.7,0.16,3.3,11.1,7.7,23.1,15.4,0.16,3.3,16.2,10.5,26.3,10.5,0.17,3.3,20.5,4.2,20.8,25.0,0.18,3.4
20260906,11,12,1800,5255,A1,滋賀,22.0,53.0,6.56,47.0,6.39,44.78,15,25.56,59,32.63,5135,B1,東京,26.0,54.0,5.7,43.75,6.0,45.45,47,34.0,15,41.38,5234,A1,群馬,28.0,54.0,6.72,54.31,5.88,37.5,45,42.11,65,27.59,5376,B1,大阪,22.0,51.0,5.67,42.06,1.4,0.0,32,37.08,46,41.18,5216,A1,群馬,26.0,55.0,5.91,39.34,5.17,36.67,48,32.26,56,22.22,5212,A2,福岡,27.0,55.0,6.29,45.71,3.17,8.33,21,39.13,30,23.26,18.3,71.4,9.5,9.5,0.17,3.2,14.8,41.2,29.4,5.9,0.22,3.5,14.8,29.4,23.5,17.6,0.17,3.3,18.3,14.3,19.0,28.6,0.18,3.3,20.0,8.7,34.8,30.4,0.17,3.7,13.9,18.8,12.5,0.0,0.19,4.0,16.5,50.0,14.3,7.1,0.11,2.1,14.1,16.7,25.0,16.7,0.14,1.9,14.1,16.7,8.3,8.3,0.2,3.2,11.8,10.0,20.0,30.0,0.13,2.1,15.3,7.7,15.4,0.0,0.2,3.9,28.2,8.3,0.0,0.0,0.27,5.4,23.0,64.5,12.9,16.1,0.17,3.0,15.6,33.3,19.0,19.0,0.16,3.0,19.3,15.4,23.1,23.1,0.15,3.1,16.3,27.3,36.4,13.6,0.12,2.6,13.3,16.7,22.2,22.2,0.15,3.1,12.6,17.6,29.4,0.0,0.13,3.2,10.2,55.6,33.3,0.0,0.16,3.3,21.6,10.5,36.8,5.3,0.15,3.2,17.0,13.3,26.7,20.0,0.16,3.6,18.2,6.2,12.5,43.8,0.2,4.0,14.8,23.1,23.1,0.0,0.19,3.7,18.2,6.2,12.5,0.0,0.15,3.0,21.8,59.3,22.2,11.1,0.15,2.5,17.7,27.3,18.2,27.3,0.19,3.8,17.7,31.8,22.7,13.6,0.16,3.0,15.3,5.3,10.5,42.1,0.16,2.9,15.3,10.5,36.8,15.8,0.17,3.1,12.1,6.7,26.7,0.0,0.19,4.1,15.0,68.8,12.5,6.2,0.14,1.8,18.7,25.0,45.0,10.0,0.12,1.9,16.8,11.1,38.9,11.1,0.14,2.8,20.6,27.3,27.3,0.0,0.13,2.0,16.8,22.2,11.1,22.2,0.13,2.6,12.1,23.1,0.0,0.0,0.16,3.3
20260906,10,1,1800,4061,A1,福井,47.0,55.0,7.55,56.31,7.54,58.52,28,27.87,60,30.25,4340,B2,三重,42.0,54.0,3.33,16.28,0.0,0.0,48,29.41,42,31.36,4270,B1,三重,44.0,54.0,4.95,31.58,3.5,9.09,23,43.33,17,25.42,4664,B1,福井,43.0,56.0,4.28,20.69,3.95,21.82,17,38.1,66,35.25,3776,B1,愛知,51.0,58.0,3.28,10.47,3.56,14.58,16,23.08,70,31.58,5470,B2,兵庫,17.0,53.0,1.26,0.0,0.0,0.0,50,32.31,68,28.33,19.6,75.0,15.6,0.0,0.13,2.7,16.6,11.1,40.7,25.9,0.13,3.0,15.3,32.0,20.0,12.0,0.15,2.8,16.6,3.7,25.9,44.4,0.13,3.1,17.2,7.1,21.4,32.1,0.14,2.4,14.7,12.5,12.5,12.5,0.13,3.5,0.0,0.0,0.0,0.0,0.0,0.0,0.0,0.0,0.0,0.0,0.0,0.0,0.0,0.0,0.0,0.0,0.0,0.0,0.0,0.0,0.0,0.0,0.0,0.0,0.0,0.0,0.0,0.0,0.0,0.0,0.0,0.0,0.0,0.0,0.0,0.0,14.6,66.7,8.3,8.3,0.12,2.0,19.5,6.2,18.8,12.5,0.17,3.3,15.9,7.7,30.8,0.0,0.17,3.0,15.9,7.7,15.4,23.1,0.21,4.0,17.1,7.1,21.4,0.0,0.2,3.9,17.1,21.4,7.1,0.0,0.22,3.9,11.3,37.5,12.5,25.0,0.17,3.8,22.5,6.2,18.8,6.2,0.2,4.0,15.5,18.2,18.2,9.1,0.18,3.2,22.5,6.2,12.5,18.8,0.2,3.5,15.5,9.1,0.0,0.0,0.24,4.7,12.7,11.1,0.0,0.0,0.16,2.9,12.3,10.0,10.0,0.0,0.21,4.5,18.5,6.7,26.7,6.7,0.19,4.0,16.0,7.7,15.4,7.7,0.2,4.1,19.8,0.0,0.0,0.0,0.18,4.1,16.0,7.7,0.0,0.0,0.19,3.9,17.3,0.0,0.0,0.0,0.23,5.1,0.0,0.0,0.0,0.0,0.0,0.0,0.0,0.0,0.0,0.0,0.0,0.0,0.0,0.0,0.0,0.0,0.0,0.0,0.0,0.0,0.0,0.0,0.0,0.0,0.0,0.0,0.0,0.0,0.0,0.0,0.0,0.0,0.0,0.0,0.0,0.0
20260906,10,2,1800,4718,A2,佐賀,33.0,52.0,6.08,40.32,5.64,45.45,47,18.69,46,38.05,4073,A1,静岡,45.0,52.0,6.59,53.85,6.83,55.56,67,22.86,67,33.02,3812,B1,東京,50.0,53.0,4.15,14.93,4.13,8.7,20,39.67,49,25.0,3730,B1,愛知,54.0,54.0,3.81,17.58,4.35,26.92,68,11.96,28,43.59,4879,B1,佐賀,31.0,54.0,5.19,29.63,3.77,15.38,58,33.85,26,38.33,3692,B1,福井,55.0,52.0,5.14,30.84,4.88,28.93,46,37.9,40,37.17,22.3,51.9,7.4,7.4,0.18,2.6,15.7,31.6,15.8,36.8,0.13,2.6,16.5,30.0,25.0,15.0,0.14,2.6,18.2,9.1,50.0,13.6,0.14,2.8,13.2,31.2,12.5,0.0,0.11,2.7,14.0,5.9,11.8,17.6,0.15,2.9,21.4,71.4,14.3,3.6,0.12,2.3,15.3,10.0,45.0,20.0,0.14,2.5,17.6,17.4,30.4,30.4,0.15,2.6,15.3,20.0,15.0,15.0,0.14,2.9,17.6,13.0,17.4,21.7,0.16,3.2,13.0,5.9,11.8,17.6,0.2,4.5,14.6,42.9,14.3,14.3,0.18,2.9,17.7,5.9,41.2,11.8,0.17,3.2,12.5,8.3,25.0,0.0,0.16,2.8,21.9,9.5,9.5,38.1,0.19,3.8,15.6,20.0,0.0,0.0,0.18,3.7,17.7,17.6,0.0,0.0,0.21,4.3,15.2,66.7,13.3,0.0,0.14,2.1,16.2,12.5,25.0,25.0,0.19,3.4,20.2,5.0,45.0,25.0,0.16,2.9,19.2,10.5,5.3,21.1,0.18,2.8,17.2,23.5,5.9,0.0,0.16,2.8,12.1,25.0,0.0,0.0,0.22,4.4,14.5,45.5,27.3,0.0,0.15,2.7,15.8,8.3,25.0,16.7,0.23,4.4,15.8,16.7,25.0,8.3,0.14,3.2,17.1,38.5,7.7,0.0,0.17,3.2,15.8,25.0,0.0,0.0,0.15,3.6,21.1,12.5,12.5,0.0,0.18,4.1,17.3,27.8,11.1,38.9,0.15,3.6,17.3,11.1,22.2,16.7,0.19,3.6,18.3,26.3,26.3,0.0,0.16,3.7,14.4,6.7,13.3,0.0,0.17,3.6,13.5,14.3,14.3,0.0,0.19,3.0,19.2,25.0,0.0,0.0,0.2,4.6
20260906,10,3,1800,3959,A1,静岡,48.0,52.0,7.18,48.48,7.25,58.33,24,35.25,24,38.33,5115,B1,滋賀,26.0,52.0,5.54,38.3,5.44,32.35,25,31.36,37,35.85,4633,A2,兵庫,37.0,53.0,5.46,31.78,5.56,33.33,19,34.19,57,31.25,5037,B1,香川,28.0,52.0,5.69,45.0,5.67,38.89,55,35.96,61,40.87,4552,B1,佐賀,37.0,51.0,4.16,25.37,4.63,25.0,22,23.76,59,28.0,3804,B1,福岡,52.0,52.0,4.96,31.19,3.11,10.71,26,18.63,35,31.45,22.4,58.3,33.3,4.2,0.11,2.7,15.0,18.8,37.5,18.8,0.13,4.1,14.0,26.7,40.0,13.3,0.12,2.5,17.8,21.1,15.8,26.3,0.14,2.7,17.8,10.5,21.1,21.1,0.14,3.8,13.1,7.1,14.3,0.0,0.17,4.1,15.1,63.6,18.2,0.0,0.14,2.8,17.8,7.7,23.1,38.5,0.15,3.5,15.1,18.2,36.4,27.3,0.13,2.5,15.1,18.2,9.1,0.0,0.17,3.1,15.1,18.2,0.0,0.0,0.17,3.2,21.9,18.8,0.0,0.0,0.19,3.9,19.8,58.3,20.8,8.3,0.13,2.6,14.0,17.6,11.8,35.3,0.15,3.9,19.0,13.0,39.1,13.0,0.15,3.2,19.0,4.3,17.4,30.4,0.19,4.4,12.4,6.7,6.7,26.7,0.2,4.9,15.7,5.3,10.5,0.0,0.24,5.4,12.0,36.4,18.2,9.1,0.18,3.3,16.3,26.7,26.7,20.0,0.16,3.4,18.5,17.6,35.3,17.6,0.18,3.5,16.3,20.0,20.0,33.3,0.15,3.0,16.3,20.0,20.0,0.0,0.23,4.5,20.7,5.3,10.5,10.5,0.18,4.1,17.0,57.9,10.5,15.8,0.14,2.9,16.1,5.6,16.7,16.7,0.16,3.6,14.3,12.5,25.0,12.5,0.14,2.8,17.0,31.6,21.1,10.5,0.13,2.5,14.3,18.8,12.5,12.5,0.15,2.3,21.4,12.5,8.3,16.7,0.13,2.3,12.3,35.7,28.6,7.1,0.16,3.4,20.2,8.7,30.4,17.4,0.17,3.4,16.7,10.5,36.8,26.3,0.15,3.1,19.3,18.2,18.2,0.0,0.15,2.7,19.3,4.5,22.7,0.0,0.17,3.4,12.3,14.3,14.3,0.0,0.2,4.8
20260906,10,4,1800,5023,A2,東京,31.0,52.0,5.74,36.67,5.7,50.0,39,31.78,39,28.0,4509,A2,愛知,37.0,55.0,6.27,41.77,6.2,40.0,56,25.0,65,29.57,4169,B1,東京,44.0,56.0,4.08,20.0,0.0,0.0,37,34.21,32,38.32,4394,A2,福岡,40.0,53.0,5.91,37.11,6.64,50.0,61,31.75,43,27.27,4346,B1,福岡,41.0,57.0,4.4,28.57,4.79,33.33,41,25.66,33,33.94,4731,B1,愛知,37.0,52.0,4.74,21.62,4.86,28.57,62,35.29,23,35.2,14.6,66.7,16.7,16.7,0.1,1.9,15.9,15.4,23.1,23.1,0.15,3.2,14.6,8.3,8.3,50.0,0.18,2.8,19.5,6.2,31.2,18.8,0.18,2.8,17.1,14.3,28.6,28.6,0.14,2.6,18.3,33.3,6.7,0.0,0.2,4.5,18.9,52.4,19.0,9.5,0.17,3.2,14.4,18.8,18.8,31.2,0.18,2.7,14.4,18.8,18.8,25.0,0.18,3.1,16.2,5.6,22.2,44.4,0.17,3.4,20.7,4.3,8.7,26.1,0.17,3.3,15.3,11.8,35.3,0.0,0.22,4.6,15.5,30.8,23.1,15.4,0.2,4.9,17.9,13.3,6.7,0.0,0.22,4.8,15.5,7.7,7.7,7.7,0.21,3.7,16.7,7.1,14.3,21.4,0.23,5.0,20.2,5.9,5.9,0.0,0.24,4.9,14.3,8.3,0.0,0.0,0.29,5.7,16.7,50.0,22.2,5.6,0.14,2.2,14.8,12.5,37.5,6.2,0.14,2.9,22.2,8.3,33.3,16.7,0.16,2.5,16.7,11.1,22.2,44.4,0.16,2.9,16.7,11.1,16.7,27.8,0.15,3.2,13.0,7.1,21.4,7.1,0.18,3.5,16.7,50.0,5.6,16.7,0.15,2.9,14.8,6.2,37.5,12.5,0.16,3.7,14.8,18.8,12.5,0.0,0.17,3.9,16.7,27.8,16.7,11.1,0.15,2.7,18.5,10.0,5.0,5.0,0.17,3.4,18.5,5.0,15.0,0.0,0.19,4.1,13.0,41.7,16.7,8.3,0.18,2.5,17.4,25.0,37.5,25.0,0.16,2.9,18.5,11.8,35.3,23.5,0.18,3.1,16.3,26.7,26.7,0.0,0.15,2.9,20.7,5.3,15.8,0.0,0.14,2.9,14.1,15.4,15.4,0.0,0.15,3.0
20260906,10,5,1800,4168,A1,大阪,44.0,54.0,6.82,51.4,7.14,85.71,43,40.0,20,29.75,4489,B1,大阪,39.0,56.0,4.97,28.85,4.43,23.81,44,38.02,19,40.52,4669,B1,福岡,41.0,54.0,4.17,14.77,5.35,34.62,66,30.25,52,34.65,4822,A2,佐賀,33.0,51.0,6.43,51.52,4.96,29.17,70,36.0,53,29.75,4709,A2,福岡,37.0,57.0,5.32,31.71,5.47,31.58,69,29.81,29,26.83,4511,B1,香川,37.0,59.0,4.74,23.75,5.88,12.5,14,35.14,56,31.15,23.6,70.0,13.3,6.7,0.14,2.7,16.5,19.0,28.6,14.3,0.15,3.2,19.7,32.0,28.0,8.0,0.14,2.9,16.5,9.5,9.5,4.8,0.12,3.0,13.4,11.8,11.8,23.5,0.15,3.2,10.2,46.2,0.0,0.0,0.18,3.9,17.6,63.2,5.3,5.3,0.13,2.4,13.9,26.7,20.0,20.0,0.14,3.1,17.6,5.3,31.6,10.5,0.13,1.8,16.7,5.6,22.2,22.2,0.16,2.6,20.4,4.5,9.1,31.8,0.15,3.9,13.9,6.7,13.3,0.0,0.22,4.6,13.3,45.5,45.5,9.1,0.14,2.8,19.3,6.2,25.0,31.2,0.14,2.9,21.7,11.1,22.2,33.3,0.14,3.2,18.1,6.7,13.3,20.0,0.2,3.9,18.1,6.7,26.7,0.0,0.19,3.9,9.6,12.5,0.0,0.0,0.18,4.1,17.9,68.2,18.2,0.0,0.13,2.4,14.6,22.2,16.7,27.8,0.16,3.4,17.1,14.3,42.9,23.8,0.15,2.8,19.5,4.2,20.8,25.0,0.18,4.0,10.6,7.7,15.4,15.4,0.19,4.4,20.3,4.0,28.0,0.0,0.21,5.0,18.1,42.9,23.8,14.3,0.14,2.5,14.7,17.6,41.2,5.9,0.15,3.1,16.4,5.3,26.3,10.5,0.14,3.1,16.4,21.1,52.6,0.0,0.17,3.2,18.1,14.3,28.6,9.5,0.15,3.6,16.4,31.6,0.0,0.0,0.15,3.7,15.6,33.3,26.7,26.7,0.14,2.4,15.6,6.7,33.3,0.0,0.22,3.9,14.6,14.3,28.6,0.0,0.17,2.7,18.8,11.1,22.2,22.2,0.19,3.1,17.7,41.2,0.0,0.0,0.17,3.6,17.7,11.8,17.6,0.0,0.18,4.6
20260906,10,6,1800,4128,B1,東京,46.0,55.0,5.08,30.16,4.83,27.59,30,46.34,44,40.38,5161,A2,兵庫,27.0,55.0,5.92,45.65,5.9,30.0,59,25.93,63,33.61,3730,B1,愛知,54.0,54.0,3.81,17.58,4.35,26.92,68,11.96,28,43.59,4575,A2,東京,37.0,51.0,5.86,41.05,7.0,64.0,38,26.13,55,31.25,3989,B1,佐賀,48.0,58.0,3.95,19.48,3.88,15.63,33,35.4,58,39.32,5470,B2,兵庫,17.0,53.0,1.26,0.0,0.0,0.0,50,32.31,68,28.33,14.3,50.0,7.1,7.1,0.14,2.2,20.4,10.0,15.0,25.0,0.15,2.7,17.3,5.9,29.4,5.9,0.14,3.1,9.2,11.1,11.1,11.1,0.16,3.2,22.4,22.7,9.1,22.7,0.14,2.8,16.3,6.2,18.8,0.0,0.12,2.3,15.8,75.0,18.8,0.0,0.12,2.4,14.9,13.3,26.7,13.3,0.18,2.9,17.8,22.2,22.2,11.1,0.14,2.9,19.8,25.0,20.0,15.0,0.14,2.9,14.9,13.3,33.3,13.3,0.15,3.5,16.8,11.8,23.5,0.0,0.16,3.4,15.2,66.7,13.3,0.0,0.14,2.1,16.2,12.5,25.0,25.0,0.19,3.4,20.2,5.0,45.0,25.0,0.16,2.9,19.2,10.5,5.3,21.1,0.18,2.8,17.2,23.5,5.9,0.0,0.16,2.8,12.1,25.0,0.0,0.0,0.22,4.4,20.2,73.7,10.5,10.5,0.15,2.4,16.0,13.3,26.7,20.0,0.17,3.5,12.8,33.3,0.0,0.0,0.14,2.3,17.0,6.2,25.0,25.0,0.15,2.4,20.2,10.5,10.5,31.6,0.16,3.4,13.8,7.7,23.1,30.8,0.17,4.5,14.1,38.5,23.1,7.7,0.19,3.6,18.5,5.9,5.9,11.8,0.19,4.4,14.1,15.4,7.7,0.0,0.2,4.8,22.8,4.8,4.8,23.8,0.19,4.7,12.0,9.1,9.1,0.0,0.21,4.6,18.5,5.9,0.0,0.0,0.26,5.4,0.0,0.0,0.0,0.0,0.0,0.0,0.0,0.0,0.0,0.0,0.0,0.0,0.0,0.0,0.0,0.0,0.0,0.0,0.0,0.0,0.0,0.0,0.0,0.0,0.0,0.0,0.0,0.0,0.0,0.0,0.0,0.0,0.0,0.0,0.0,0.0
20260906,10,7,1800,3776,B1,愛知,51.0,58.0,3.28,10.47,3.56,14.58,16,23.08,70,31.58,4552,B1,佐賀,37.0,51.0,4.16,25.37,4.63,25.0,22,23.76,59,28.0,4933,A2,静岡,30.0,54.0,6.38,41.18,5.3,30.0,29,26.36,31,38.46,4196,B1,佐賀,44.0,53.0,3.91,19.32,2.69,0.0,53,33.33,15,36.89,4215,A2,愛知,42.0,55.0,5.3,34.95,6.52,43.48,65,35.59,48,33.05,4580,B1,岡山,37.0,53.0,6.03,42.67,4.95,36.36,32,22.64,41,16.67,12.3,10.0,10.0,0.0,0.21,4.5,18.5,6.7,26.7,6.7,0.19,4.0,16.0,7.7,15.4,7.7,0.2,4.1,19.8,0.0,0.0,0.0,0.18,4.1,16.0,7.7,0.0,0.0,0.19,3.9,17.3,0.0,0.0,0.0,0.23,5.1,17.0,57.9,10.5,15.8,0.14,2.9,16.1,5.6,16.7,16.7,0.16,3.6,14.3,12.5,25.0,12.5,0.14,2.8,17.0,31.6,21.1,10.5,0.13,2.5,14.3,18.8,12.5,12.5,0.15,2.3,21.4,12.5,8.3,16.7,0.13,2.3,17.8,72.2,11.1,5.6,0.12,2.6,16.8,11.8,29.4,29.4,0.13,2.9,12.9,15.4,7.7,15.4,0.12,2.7,16.8,5.9,29.4,29.4,0.14,2.4,16.8,11.8,23.5,17.6,0.17,3.4,18.8,5.3,26.3,0.0,0.19,4.5,12.0,50.0,16.7,8.3,0.19,3.3,20.0,10.0,15.0,15.0,0.19,3.7,14.0,7.1,14.3,14.3,0.18,3.3,21.0,4.8,33.3,19.0,0.15,2.8,21.0,9.5,0.0,0.0,0.16,3.7,12.0,8.3,0.0,0.0,0.2,4.4,20.0,55.6,14.8,7.4,0.14,2.9,11.9,6.2,18.8,25.0,0.17,3.6,17.0,26.1,26.1,17.4,0.15,3.3,17.0,13.0,4.3,21.7,0.15,3.4,16.3,9.1,31.8,27.3,0.17,3.4,17.8,4.2,33.3,0.0,0.22,4.2,14.6,50.0,27.8,5.6,0.15,2.8,14.6,11.1,50.0,16.7,0.18,3.2,20.3,16.0,16.0,32.0,0.15,3.1,17.1,4.8,14.3,33.3,0.17,3.5,17.1,19.0,28.6,0.0,0.19,3.6,16.3,5.0,15.0,0.0,0.16,3.1
20260906,10,8,1800,5037,B1,香川,28.0,52.0,5.69,45.0,5.67,38.89,55,35.96,61,40.87,4252,B1,福岡,43.0,52.0,5.0,29.17,6.12,47.06,31,36.59,22,30.65,4509,A2,愛知,37.0,55.0,6.27,41.77,6.2,40.0,56,25.0,65,29.57,4166,A1,岡山,44.0,53.0,7.7,57.76,6.66,44.83,49,36.13,21,38.32,4270,B1,三重,44.0,54.0,4.95,31.58,3.5,9.09,23,43.33,17,25.42,3812,B1,東京,50.0,53.0,4.15,14.93,4.13,8.7,20,39.67,49,25.0,12.0,36.4,18.2,9.1,0.18,3.3,16.3,26.7,26.7,20.0,0.16,3.4,18.5,17.6,35.3,17.6,0.18,3.5,16.3,20.0,20.0,33.3,0.15,3.0,16.3,20.0,20.0,0.0,0.23,4.5,20.7,5.3,10.5,10.5,0.18,4.1,12.4,18.2,27.3,9.1,0.15,2.7,16.9,26.7,13.3,0.0,0.2,4.0,14.6,7.7,7.7,23.1,0.19,3.6,22.5,30.0,10.0,5.0,0.19,3.6,16.9,6.7,20.0,0.0,0.18,3.8,16.9,20.0,0.0,0.0,0.22,3.7,18.9,52.4,19.0,9.5,0.17,3.2,14.4,18.8,18.8,31.2,0.18,2.7,14.4,18.8,18.8,25.0,0.18,3.1,16.2,5.6,22.2,44.4,0.17,3.4,20.7,4.3,8.7,26.1,0.17,3.3,15.3,11.8,35.3,0.0,0.22,4.6,21.4,75.0,21.4,3.6,0.13,2.4,16.0,19.0,28.6,19.0,0.14,3.0,13.7,11.1,38.9,16.7,0.12,2.9,16.8,13.6,18.2,31.8,0.12,2.7,17.6,8.7,4.3,17.4,0.11,2.7,14.5,5.3,5.3,31.6,0.13,3.1,14.6,66.7,8.3,8.3,0.12,2.0,19.5,6.2,18.8,12.5,0.17,3.3,15.9,7.7,30.8,0.0,0.17,3.0,15.9,7.7,15.4,23.1,0.21,4.0,17.1,7.1,21.4,0.0,0.2,3.9,17.1,21.4,7.1,0.0,0.22,3.9,14.6,42.9,14.3,14.3,0.18,2.9,17.7,5.9,41.2,11.8,0.17,3.2,12.5,8.3,25.0,0.0,0.16,2.8,21.9,9.5,9.5,38.1,0.19,3.8,15.6,20.0,0.0,0.0,0.18,3.7,17.7,17.6,0.0,0.0,0.21,4.3
20260906,10,9,1800,4664,B1,福井,43.0,56.0,4.28,20.69,3.95,21.82,17,38.1,66,35.25,5023,A2,東京,31.0,52.0,5.74,36.67,5.7,50.0,39,31.78,39,28.0,5282,B1,福井,23.0,54.0,5.33,38.18,3.93,20.15,60,32.28,51,32.0,4718,A2,佐賀,33.0,52.0,6.08,40.32,5.64,45.45,47,18.69,46,38.05,4168,A1,大阪,44.0,54.0,6.82,51.4,7.14,85.71,43,40.0,20,29.75,5027,B1,山口,29.0,53.0,4.09,18.18,5.47,31.58,18,31.9,69,28.1,11.3,37.5,12.5,25.0,0.17,3.8,22.5,6.2,18.8,6.2,0.2,4.0,15.5,18.2,18.2,9.1,0.18,3.2,22.5,6.2,12.5,18.8,0.2,3.5,15.5,9.1,0.0,0.0,0.24,4.7,12.7,11.1,0.0,0.0,0.16,2.9,14.6,66.7,16.7,16.7,0.1,1.9,15.9,15.4,23.1,23.1,0.15,3.2,14.6,8.3,8.3,50.0,0.18,2.8,19.5,6.2,31.2,18.8,0.18,2.8,17.1,14.3,28.6,28.6,0.14,2.6,18.3,33.3,6.7,0.0,0.2,4.5,14.0,50.0,6.2,6.2,0.17,3.3,16.7,15.8,10.5,21.1,0.17,4.2,18.4,4.8,33.3,9.5,0.15,3.2,20.2,4.3,4.3,34.8,0.17,3.8,17.5,10.0,45.0,0.0,0.17,2.9,13.2,13.3,20.0,0.0,0.18,3.2,22.3,51.9,7.4,7.4,0.18,2.6,15.7,31.6,15.8,36.8,0.13,2.6,16.5,30.0,25.0,15.0,0.14,2.6,18.2,9.1,50.0,13.6,0.14,2.8,13.2,31.2,12.5,0.0,0.11,2.7,14.0,5.9,11.8,17.6,0.15,2.9,23.6,70.0,13.3,6.7,0.14,2.7,16.5,19.0,28.6,14.3,0.15,3.2,19.7,32.0,28.0,8.0,0.14,2.9,16.5,9.5,9.5,4.8,0.12,3.0,13.4,11.8,11.8,23.5,0.15,3.2,10.2,46.2,0.0,0.0,0.18,3.9,14.7,35.3,23.5,11.8,0.19,2.7,15.5,16.7,44.4,0.0,0.2,3.2,19.8,21.7,26.1,0.0,0.19,3.3,19.8,8.7,13.0,8.7,0.2,3.8,12.9,6.7,13.3,33.3,0.21,3.4,17.2,10.0,15.0,0.0,0.22,4.8
20260906,10,10,1800,4879,B1,佐賀,31.0,54.0,5.19,29.63,3.77,15.38,58,33.85,26,38.33,4822,A2,佐賀,33.0,51.0,6.43,51.52,4.96,29.17,70,36.0,53,29.75,3959,A1,静岡,48.0,52.0,7.18,48.48,7.25,58.33,24,35.25,24,38.33,4982,B1,兵庫,30.0,54.0,4.84,27.14,3.54,12.5,34,35.66,38,33.33,4340,B2,三重,42.0,54.0,3.33,16.28,0.0,0.0,48,29.41,42,31.36,5161,A2,兵庫,27.0,55.0,5.92,45.65,5.9,30.0,59,25.93,63,33.61,14.5,45.5,27.3,0.0,0.15,2.7,15.8,8.3,25.0,16.7,0.23,4.4,15.8,16.7,25.0,8.3,0.14,3.2,17.1,38.5,7.7,0.0,0.17,3.2,15.8,25.0,0.0,0.0,0.15,3.6,21.1,12.5,12.5,0.0,0.18,4.1,17.9,68.2,18.2,0.0,0.13,2.4,14.6,22.2,16.7,27.8,0.16,3.4,17.1,14.3,42.9,23.8,0.15,2.8,19.5,4.2,20.8,25.0,0.18,4.0,10.6,7.7,15.4,15.4,0.19,4.4,20.3,4.0,28.0,0.0,0.21,5.0,22.4,58.3,33.3,4.2,0.11,2.7,15.0,18.8,37.5,18.8,0.13,4.1,14.0,26.7,40.0,13.3,0.12,2.5,17.8,21.1,15.8,26.3,0.14,2.7,17.8,10.5,21.1,21.1,0.14,3.8,13.1,7.1,14.3,0.0,0.17,4.1,14.6,50.0,42.9,0.0,0.1,1.9,17.7,5.9,17.6,17.6,0.17,3.1,17.7,23.5,41.2,0.0,0.12,3.1,15.6,26.7,20.0,0.0,0.17,3.6,18.8,33.3,5.6,0.0,0.18,3.8,15.6,6.7,20.0,0.0,0.17,3.8,0.0,0.0,0.0,0.0,0.0,0.0,0.0,0.0,0.0,0.0,0.0,0.0,0.0,0.0,0.0,0.0,0.0,0.0,0.0,0.0,0.0,0.0,0.0,0.0,0.0,0.0,0.0,0.0,0.0,0.0,0.0,0.0,0.0,0.0,0.0,0.0,15.8,75.0,18.8,0.0,0.12,2.4,14.9,13.3,26.7,13.3,0.18,2.9,17.8,22.2,22.2,11.1,0.14,2.9,19.8,25.0,20.0,15.0,0.14,2.9,14.9,13.3,33.3,13.3,0.15,3.5,16.8,11.8,23.5,0.0,0.16,3.4
20260906,10,11,1800,4685,A1,徳島,35.0,52.0,7.2,51.76,7.66,60.0,11,23.23,36,30.89,3804,B1,福岡,52.0,52.0,4.96,31.19,3.11,10.71,26,18.63,35,31.45,4394,A2,福岡,40.0,53.0,5.91,37.11,6.64,50.0,61,31.75,43,27.27,3989,B1,佐賀,48.0,58.0,3.95,19.48,3.88,15.63,33,35.4,58,39.32,4061,A1,福井,47.0,55.0,7.55,56.31,7.54,58.52,28,27.87,60,30.25,4196,B1,佐賀,44.0,53.0,3.91,19.32,2.69,0.0,53,33.33,15,36.89,29.3,88.9,2.8,0.0,0.13,2.2,16.3,50.0,30.0,10.0,0.14,2.1,13.0,18.8,43.8,25.0,0.14,2.6,13.8,23.5,41.2,29.4,0.16,3.2,13.8,11.8,23.5,29.4,0.14,3.1,13.8,23.5,11.8,29.4,0.17,3.8,12.3,35.7,28.6,7.1,0.16,3.4,20.2,8.7,30.4,17.4,0.17,3.4,16.7,10.5,36.8,26.3,0.15,3.1,19.3,18.2,18.2,0.0,0.15,2.7,19.3,4.5,22.7,0.0,0.17,3.4,12.3,14.3,14.3,0.0,0.2,4.8,16.7,50.0,22.2,5.6,0.14,2.2,14.8,12.5,37.5,6.2,0.14,2.9,22.2,8.3,33.3,16.7,0.16,2.5,16.7,11.1,22.2,44.4,0.16,2.9,16.7,11.1,16.7,27.8,0.15,3.2,13.0,7.1,21.4,7.1,0.18,3.5,14.1,38.5,23.1,7.7,0.19,3.6,18.5,5.9,5.9,11.8,0.19,4.4,14.1,15.4,7.7,0.0,0.2,4.8,22.8,4.8,4.8,23.8,0.19,4.7,12.0,9.1,9.1,0.0,0.21,4.6,18.5,5.9,0.0,0.0,0.26,5.4,19.6,75.0,15.6,0.0,0.13,2.7,16.6,11.1,40.7,25.9,0.13,3.0,15.3,32.0,20.0,12.0,0.15,2.8,16.6,3.7,25.9,44.4,0.13,3.1,17.2,7.1,21.4,32.1,0.14,2.4,14.7,12.5,12.5,12.5,0.13,3.5,12.0,50.0,16.7,8.3,0.19,3.3,20.0,10.0,15.0,15.0,0.19,3.7,14.0,7.1,14.3,14.3,0.18,3.3,21.0,4.8,33.3,19.0,0.15,2.8,21.0,9.5,0.0,0.0,0.16,3.7,12.0,8.3,0.0,0.0,0.2,4.4
20260906,10,12,1800,4166,A1,岡山,44.0,53.0,7.7,57.76,6.66,44.83,49,36.13,21,38.32,4633,A2,兵庫,37.0,53.0,5.46,31.78,5.56,33.33,19,34.19,57,31.25,3692,B1,福井,55.0,52.0,5.14,30.84,4.88,28.93,46,37.9,40,37.17,4709,A2,福岡,37.0,57.0,5.32,31.71,5.47,31.58,69,29.81,29,26.83,4580,B1,岡山,37.0,53.0,6.03,42.67,4.95,36.36,32,22.64,41,16.67,4575,A2,東京,37.0,51.0,5.86,41.05,7.0,64.0,38,26.13,55,31.25,21.4,75.0,21.4,3.6,0.13,2.4,16.0,19.0,28.6,19.0,0.14,3.0,13.7,11.1,38.9,16.7,0.12,2.9,16.8,13.6,18.2,31.8,0.12,2.7,17.6,8.7,4.3,17.4,0.11,2.7,14.5,5.3,5.3,31.6,0.13,3.1,19.8,58.3,20.8,8.3,0.13,2.6,14.0,17.6,11.8,35.3,0.15,3.9,19.0,13.0,39.1,13.0,0.15,3.2,19.0,4.3,17.4,30.4,0.19,4.4,12.4,6.7,6.7,26.7,0.2,4.9,15.7,5.3,10.5,0.0,0.24,5.4,17.3,27.8,11.1,38.9,0.15,3.6,17.3,11.1,22.2,16.7,0.19,3.6,18.3,26.3,26.3,0.0,0.16,3.7,14.4,6.7,13.3,0.0,0.17,3.6,13.5,14.3,14.3,0.0,0.19,3.0,19.2,25.0,0.0,0.0,0.2,4.6,18.1,42.9,23.8,14.3,0.14,2.5,14.7,17.6,41.2,5.9,0.15,3.1,16.4,5.3,26.3,10.5,0.14,3.1,16.4,21.1,52.6,0.0,0.17,3.2,18.1,14.3,28.6,9.5,0.15,3.6,16.4,31.6,0.0,0.0,0.15,3.7,14.6,50.0,27.8,5.6,0.15,2.8,14.6,11.1,50.0,16.7,0.18,3.2,20.3,16.0,16.0,32.0,0.15,3.1,17.1,4.8,14.3,33.3,0.17,3.5,17.1,19.0,28.6,0.0,0.19,3.6,16.3,5.0,15.0,0.0,0.16,3.1,20.2,73.7,10.5,10.5,0.15,2.4,16.0,13.3,26.7,20.0,0.17,3.5,12.8,33.3,0.0,0.0,0.14,2.3,17.0,6.2,25.0,25.0,0.15,2.4,20.2,10.5,10.5,31.6,0.16,3.4,13.8,7.7,23.1,30.8,0.17,4.5
20260906,09,1,1800,4980,A1,山口,30.0,51.0,7.31,55.77,3.63,12.5,22,40.27,22,35.29,4796,A1,三重,35.0,52.0,6.02,45.37,6.8,54.14,70,33.54,75,50.0,4415,A1,福井,39.0,56.0,6.07,47.9,6.48,48.21,67,36.22,15,41.26,4205,A1,広島,44.0,54.0,7.83,52.33,6.56,44.44,55,29.5,38,32.48,4456,A1,大阪,37.0,45.0,6.3,36.84,7.0,60.0,71,30.72,19,31.78,5112,A1,埼玉,26.0,52.0,6.85,53.4,6.97,55.88,25,39.34,73,32.45,22.0,82.1,14.3,0.0,0.15,2.6,14.2,11.1,44.4,16.7,0.15,3.6,17.3,13.6,36.4,13.6,0.14,2.9,11.8,6.7,46.7,13.3,0.16,3.3,15.0,21.1,15.8,15.8,0.18,3.2,19.7,8.0,8.0,20.0,0.17,4.6,21.4,70.8,12.5,8.3,0.14,2.0,16.1,38.9,38.9,16.7,0.15,2.3,15.2,23.5,29.4,5.9,0.18,3.1,12.5,35.7,21.4,28.6,0.12,1.6,18.8,28.6,19.0,0.0,0.14,2.1,16.1,5.6,5.6,5.6,0.15,2.9,20.8,76.2,14.3,0.0,0.11,2.2,13.9,14.3,14.3,21.4,0.13,1.9,16.8,17.6,29.4,11.8,0.16,2.9,14.9,13.3,20.0,13.3,0.13,2.8,15.8,25.0,18.8,6.2,0.19,2.9,17.8,22.2,22.2,5.6,0.14,3.6,23.5,66.7,20.8,4.2,0.12,3.7,16.7,11.8,29.4,23.5,0.13,3.6,16.7,17.6,29.4,17.6,0.13,2.7,12.7,30.8,15.4,23.1,0.12,2.3,16.7,11.8,47.1,17.6,0.16,3.5,13.7,7.1,7.1,21.4,0.16,4.1,26.2,77.8,14.8,3.7,0.14,2.3,14.6,13.3,33.3,26.7,0.17,3.3,15.5,25.0,43.8,6.2,0.15,3.1,17.5,11.1,16.7,11.1,0.17,3.8,13.6,14.3,21.4,0.0,0.15,4.0,12.6,7.7,23.1,0.0,0.18,3.4,21.3,79.3,6.9,3.4,0.13,2.2,14.0,26.3,42.1,15.8,0.16,3.6,18.4,24.0,36.0,8.0,0.15,3.7,14.0,26.3,10.5,26.3,0.14,3.3,15.4,4.8,14.3,47.6,0.2,3.9,16.9,8.7,8.7,17.4,0.2,4.0
20260906,09,2,1800,4852,A1,香川,31.0,51.0,7.2,58.2,7.23,58.06,64,32.89,12,29.37,4528,A1,埼玉,38.0,52.0,6.73,46.84,6.62,46.15,56,37.98,70,32.1,4445,A1,佐賀,39.0,56.0,7.28,50.0,7.55,51.52,20,29.5,33,44.12,4397,A1,大阪,39.0,52.0,7.38,60.98,6.81,53.85,73,34.03,49,40.85,5256,A1,三重,22.0,51.0,6.18,46.94,6.35,45.75,15,38.35,62,31.54,4013,A1,福井,46.0,51.0,7.14,49.49,6.66,45.28,14,28.67,40,31.11,22.6,83.9,6.5,6.5,0.15,3.2,13.9,42.1,15.8,26.3,0.14,2.9,19.0,19.2,46.2,11.5,0.14,2.7,14.6,20.0,25.0,20.0,0.12,2.3,14.6,20.0,5.0,35.0,0.15,3.3,15.3,4.8,9.5,47.6,0.17,3.8,20.3,83.3,8.3,4.2,0.15,2.7,11.9,14.3,21.4,14.3,0.15,3.4,18.6,13.6,31.8,31.8,0.17,3.2,12.7,13.3,33.3,20.0,0.18,3.9,21.2,8.0,20.0,28.0,0.16,3.1,15.3,5.6,16.7,50.0,0.2,3.8,18.0,91.3,4.3,4.3,0.12,2.9,15.6,10.0,25.0,30.0,0.12,2.5,10.9,7.1,50.0,14.3,0.11,2.0,18.0,13.0,17.4,13.0,0.11,2.8,18.0,4.3,8.7,30.4,0.13,2.9,19.5,20.0,0.0,0.0,0.12,3.2,19.3,84.6,7.7,7.7,0.14,2.6,17.8,12.5,20.8,16.7,0.13,3.0,17.8,8.3,33.3,25.0,0.12,3.0,18.5,12.0,20.0,20.0,0.12,2.9,16.3,18.2,18.2,18.2,0.15,3.5,10.4,21.4,0.0,0.0,0.14,4.0,24.5,88.0,8.0,4.0,0.13,2.9,14.7,26.7,40.0,13.3,0.16,2.8,16.7,11.8,47.1,11.8,0.12,2.5,19.6,30.0,10.0,5.0,0.12,2.9,11.8,41.7,33.3,0.0,0.15,3.1,12.7,7.7,7.7,30.8,0.14,2.4,20.8,81.5,3.7,11.1,0.12,2.1,14.6,5.3,36.8,26.3,0.15,3.2,13.8,11.1,27.8,38.9,0.13,2.8,17.7,13.0,21.7,21.7,0.14,2.5,17.7,4.3,13.0,21.7,0.15,3.1,15.4,15.0,5.0,0.0,0.17,3.8
20260906,09,3,1800,4468,A1,東京,39.0,52.0,7.35,59.41,7.36,59.09,53,34.4,29,35.9,4760,A1,大阪,36.0,52.0,7.63,55.28,8.33,61.11,39,42.07,48,30.3,4857,A1,兵庫,29.0,56.0,7.18,58.93,8.3,80.0,16,39.86,67,34.21,4444,A1,埼玉,39.0,51.0,7.17,38.55,8.13,37.5,51,41.18,39,32.65,4502,A1,滋賀,38.0,45.0,7.34,50.89,7.07,41.38,44,45.67,23,37.59,4856,A1,三重,30.0,52.0,7.23,57.69,7.59,64.36,32,35.88,28,36.36,16.8,90.5,4.8,4.8,0.13,1.7,20.0,12.0,24.0,32.0,0.13,2.8,17.6,22.7,18.2,18.2,0.13,2.9,13.6,5.9,5.9,29.4,0.16,3.5,16.0,15.0,5.0,25.0,0.13,2.7,16.0,10.0,10.0,5.0,0.14,3.3,23.1,86.1,5.6,2.8,0.15,3.3,14.1,13.6,27.3,31.8,0.14,3.3,16.7,15.4,34.6,26.9,0.14,3.0,18.6,27.6,17.2,17.2,0.14,3.0,16.0,20.0,16.0,28.0,0.14,3.4,11.5,27.8,16.7,0.0,0.13,3.4,20.0,77.8,5.6,5.6,0.15,2.2,20.0,22.2,33.3,27.8,0.16,3.3,12.2,18.2,36.4,18.2,0.13,2.8,15.6,28.6,50.0,7.1,0.18,3.5,17.8,25.0,12.5,25.0,0.16,3.7,14.4,15.4,23.1,0.0,0.19,4.5,23.1,58.3,25.0,0.0,0.12,2.5,14.4,13.3,40.0,13.3,0.13,2.8,13.5,21.4,7.1,28.6,0.12,3.2,18.3,10.5,36.8,31.6,0.12,3.6,13.5,7.1,21.4,14.3,0.15,3.4,17.3,5.6,38.9,0.0,0.14,4.1,23.6,65.4,15.4,3.8,0.14,2.8,15.5,29.4,23.5,23.5,0.14,3.0,14.5,12.5,37.5,25.0,0.12,2.3,16.4,16.7,27.8,33.3,0.13,2.8,15.5,17.6,17.6,17.6,0.14,3.1,14.5,6.2,37.5,0.0,0.15,4.1,19.1,74.1,7.4,11.1,0.14,2.6,19.1,18.5,37.0,14.8,0.13,3.0,16.3,17.4,34.8,21.7,0.13,2.9,15.6,18.2,9.1,18.2,0.13,2.7,17.0,12.5,25.0,25.0,0.13,3.7,12.8,5.6,11.1,22.2,0.18,4.2
20260906,09,4,1800,4391,A1,福井,40.0,51.0,7.19,56.76,7.77,63.33,31,42.21,63,32.65,4256,A1,福岡,42.0,52.0,7.08,47.27,7.94,47.06,43,25.93,20,35.85,4772,A1,香川,33.0,55.0,6.8,53.33,7.43,60.0,13,36.96,21,31.61,4537,A1,岡山,36.0,49.0,7.26,52.0,7.26,52.63,59,29.88,46,43.05,4953,A1,埼玉,31.0,53.0,6.67,52.14,7.79,68.42,72,35.09,34,40.43,4024,A1,三重,49.0,52.0,6.89,47.0,7.73,65.0,68,38.01,60,31.29,21.6,76.2,19.0,0.0,0.16,3.0,14.4,14.3,50.0,0.0,0.14,3.5,15.5,13.3,13.3,26.7,0.14,2.9,21.6,14.3,28.6,9.5,0.15,3.4,14.4,7.1,35.7,0.0,0.14,3.6,12.4,8.3,0.0,0.0,0.18,3.8,21.0,72.0,24.0,0.0,0.12,2.7,16.0,15.8,36.8,31.6,0.14,3.4,17.6,9.5,38.1,19.0,0.12,2.7,15.1,11.1,33.3,44.4,0.13,3.1,15.1,5.6,27.8,16.7,0.15,3.4,15.1,27.8,27.8,0.0,0.14,3.2,19.4,79.2,8.3,8.3,0.11,2.0,14.5,11.1,50.0,11.1,0.11,2.8,20.2,20.0,28.0,12.0,0.11,2.0,15.3,15.8,26.3,21.1,0.08,1.7,16.9,4.8,19.0,28.6,0.11,2.3,13.7,11.8,11.8,0.0,0.14,3.4,20.6,74.1,18.5,3.7,0.15,2.8,19.8,34.6,26.9,3.8,0.14,2.9,13.0,11.8,23.5,23.5,0.15,3.1,18.3,16.7,12.5,20.8,0.12,2.4,16.8,13.6,22.7,22.7,0.15,2.9,11.5,6.7,33.3,0.0,0.19,3.9,18.8,85.7,9.5,0.0,0.16,2.9,16.1,27.8,33.3,11.1,0.16,3.5,18.8,28.6,28.6,14.3,0.18,3.8,13.4,13.3,46.7,13.3,0.15,3.0,18.8,9.5,42.9,0.0,0.16,3.2,14.3,12.5,6.2,31.2,0.15,3.6,17.4,50.0,15.0,10.0,0.14,3.9,14.8,11.8,29.4,35.3,0.16,4.2,15.7,16.7,38.9,11.1,0.18,4.5,16.5,5.3,21.1,36.8,0.16,4.0,17.4,5.0,15.0,10.0,0.14,3.8,18.3,4.8,28.6,0.0,0.14,4.3
20260906,09,5,1800,5015,A1,広島,28.0,53.0,6.91,54.92,7.0,53.85,41,42.18,32,43.86,4826,A1,大阪,32.0,52.0,7.02,54.81,7.84,67.74,47,30.0,11,35.85,4477,A1,福岡,38.0,57.0,7.22,42.86,6.13,33.33,54,27.2,37,31.08,3897,A1,山口,49.0,55.0,7.77,52.43,7.76,52.0,69,21.7,69,34.64,4804,A1,三重,32.0,46.0,6.04,40.0,6.34,45.05,50,34.62,56,38.51,4305,A1,群馬,42.0,54.0,6.81,53.19,7.97,63.79,24,38.46,72,30.43,21.5,87.0,8.7,0.0,0.13,1.8,15.9,35.3,11.8,17.6,0.15,2.9,17.8,5.3,52.6,31.6,0.14,2.4,17.8,10.5,42.1,10.5,0.13,3.5,13.1,21.4,7.1,0.0,0.13,2.7,14.0,13.3,33.3,0.0,0.18,4.5,23.4,73.5,5.9,5.9,0.12,2.2,16.6,16.7,25.0,33.3,0.13,3.1,16.6,20.8,25.0,20.8,0.14,3.0,11.7,29.4,29.4,0.0,0.12,2.3,19.3,25.0,17.9,28.6,0.14,3.2,12.4,22.2,22.2,0.0,0.14,3.3,22.6,83.3,10.0,0.0,0.13,2.5,17.3,13.0,43.5,17.4,0.14,3.3,16.5,9.1,22.7,31.8,0.12,2.8,15.8,19.0,33.3,23.8,0.14,3.4,15.0,10.0,10.0,30.0,0.13,2.8,12.8,5.9,29.4,0.0,0.15,3.5,20.0,70.8,12.5,8.3,0.13,2.8,17.5,14.3,52.4,28.6,0.16,3.8,20.8,20.0,28.0,20.0,0.13,3.2,19.2,13.0,21.7,17.4,0.14,2.6,12.5,20.0,26.7,0.0,0.11,3.2,10.0,8.3,41.7,0.0,0.1,3.0,21.9,75.0,7.1,7.1,0.19,3.6,18.0,21.7,26.1,17.4,0.23,3.7,13.3,29.4,35.3,17.6,0.17,3.6,16.4,23.8,19.0,23.8,0.17,3.4,16.4,23.8,14.3,19.0,0.17,3.4,14.1,5.6,5.6,0.0,0.23,5.3,24.8,73.3,16.7,3.3,0.16,2.6,15.7,26.3,31.6,21.1,0.13,2.5,13.2,37.5,18.8,12.5,0.15,2.9,15.7,21.1,15.8,31.6,0.17,2.8,14.9,22.2,33.3,16.7,0.13,3.2,15.7,15.8,21.1,31.6,0.14,2.8
20260906,09,6,1800,4713,A1,岡山,36.0,52.0,6.35,42.0,7.2,60.0,33,29.09,57,36.75,4344,A1,三重,41.0,53.0,7.63,55.45,7.88,65.44,21,38.26,74,38.82,4361,A1,山口,41.0,53.0,7.5,58.49,7.31,50.0,37,41.45,55,31.3,5112,A1,埼玉,26.0,52.0,6.85,53.4,6.97,55.88,25,39.34,73,32.45,4083,A1,東京,47.0,53.0,6.92,54.17,6.29,51.61,28,34.03,17,32.21,4586,A1,愛知,35.0,54.0,7.69,54.78,7.68,48.78,11,26.43,76,40.0,22.2,80.6,8.3,8.3,0.12,2.0,13.6,18.2,27.3,18.2,0.15,3.1,17.3,17.9,21.4,32.1,0.13,2.6,14.2,17.4,30.4,39.1,0.13,2.7,18.5,13.3,16.7,20.0,0.14,2.6,14.2,21.7,21.7,0.0,0.15,3.1,22.2,65.4,19.2,3.8,0.12,2.5,13.7,18.8,31.2,31.2,0.12,2.5,25.6,13.3,20.0,20.0,0.12,3.0,13.7,12.5,25.0,43.8,0.15,3.0,13.7,12.5,37.5,18.8,0.16,3.3,11.1,7.7,7.7,30.8,0.2,5.0,24.5,76.0,8.0,4.0,0.13,2.5,15.7,31.2,25.0,12.5,0.14,2.8,12.7,15.4,30.8,23.1,0.14,2.3,17.6,33.3,16.7,33.3,0.16,3.1,13.7,14.3,28.6,0.0,0.16,3.5,15.7,6.2,18.8,12.5,0.15,3.4,21.3,79.3,6.9,3.4,0.13,2.2,14.0,26.3,42.1,15.8,0.16,3.6,18.4,24.0,36.0,8.0,0.15,3.7,14.0,26.3,10.5,26.3,0.14,3.3,15.4,4.8,14.3,47.6,0.2,3.9,16.9,8.7,8.7,17.4,0.2,4.0,23.3,96.8,0.0,0.0,0.1,1.5,17.3,39.1,21.7,13.0,0.15,2.9,18.0,16.7,41.7,20.8,0.14,2.7,13.5,11.1,33.3,22.2,0.13,2.6,18.0,25.0,25.0,25.0,0.15,2.2,9.8,23.1,23.1,0.0,0.19,3.3,18.0,70.0,20.0,0.0,0.12,2.5,16.2,50.0,11.1,0.0,0.12,2.3,15.3,5.9,35.3,11.8,0.12,2.4,18.0,10.0,35.0,25.0,0.13,2.4,16.2,22.2,22.2,5.6,0.13,2.9,16.2,11.1,5.6,22.2,0.13,3.4
20260906,09,7,1800,5267,A1,大阪,26.0,52.0,6.76,53.68,6.17,41.38,23,29.63,13,32.43,5084,A1,佐賀,27.0,52.0,6.6,47.17,7.62,45.95,36,42.86,24,32.74,4980,A1,山口,30.0,51.0,7.31,55.77,3.63,12.5,22,40.27,22,35.29,5256,A1,三重,22.0,51.0,6.18,46.94,6.35,45.75,15,38.35,62,31.54,3960,A1,静岡,48.0,55.0,6.72,40.57,6.87,50.0,48,35.44,65,30.77,4472,A1,兵庫,39.0,57.0,6.61,45.45,5.44,33.33,60,26.76,16,43.33,19.9,72.4,3.4,6.9,0.16,3.0,16.4,29.2,20.8,16.7,0.15,3.8,15.1,31.8,22.7,22.7,0.15,2.8,17.1,20.0,32.0,24.0,0.14,2.6,14.4,28.6,4.8,23.8,0.13,2.5,17.1,4.0,12.0,16.0,0.16,3.4,20.5,80.8,7.7,3.8,0.12,3.1,17.3,22.7,27.3,22.7,0.14,3.2,16.5,9.5,33.3,28.6,0.12,2.7,15.7,15.0,20.0,30.0,0.11,2.7,15.0,10.5,5.3,15.8,0.14,2.8,15.0,15.8,21.1,0.0,0.16,4.4,22.0,82.1,14.3,0.0,0.15,2.6,14.2,11.1,44.4,16.7,0.15,3.6,17.3,13.6,36.4,13.6,0.14,2.9,11.8,6.7,46.7,13.3,0.16,3.3,15.0,21.1,15.8,15.8,0.18,3.2,19.7,8.0,8.0,20.0,0.17,4.6,24.5,88.0,8.0,4.0,0.13,2.9,14.7,26.7,40.0,13.3,0.16,2.8,16.7,11.8,47.1,11.8,0.12,2.5,19.6,30.0,10.0,5.0,0.12,2.9,11.8,41.7,33.3,0.0,0.15,3.1,12.7,7.7,7.7,30.8,0.14,2.4,22.2,71.4,10.7,7.1,0.11,1.8,15.9,15.0,25.0,15.0,0.12,2.5,15.1,21.1,10.5,15.8,0.11,2.1,19.0,8.3,33.3,4.2,0.1,2.0,16.7,14.3,14.3,33.3,0.11,2.7,11.1,7.1,0.0,0.0,0.14,3.4,18.0,77.8,11.1,7.4,0.15,2.1,17.3,26.9,26.9,11.5,0.17,3.5,18.0,29.6,33.3,0.0,0.16,3.6,18.7,17.9,14.3,28.6,0.16,3.3,16.7,16.0,8.0,20.0,0.18,3.4,11.3,17.6,23.5,0.0,0.17,3.3
20260906,09,8,1800,4537,A1,岡山,36.0,49.0,7.26,52.0,7.26,52.63,59,29.88,46,43.05,3941,A1,愛知,48.0,53.0,7.8,50.46,7.15,33.33,12,29.63,31,39.26,4856,A1,三重,30.0,52.0,7.23,57.69,7.59,64.36,32,35.88,28,36.36,4566,A1,福岡,38.0,54.0,6.84,45.88,8.1,63.41,49,39.01,44,32.19,4739,A1,香川,34.0,50.0,6.57,55.36,5.91,39.53,61,29.86,30,36.13,4445,A1,佐賀,39.0,56.0,7.28,50.0,7.55,51.52,20,29.5,33,44.12,20.6,74.1,18.5,3.7,0.15,2.8,19.8,34.6,26.9,3.8,0.14,2.9,13.0,11.8,23.5,23.5,0.15,3.1,18.3,16.7,12.5,20.8,0.12,2.4,16.8,13.6,22.7,22.7,0.15,2.9,11.5,6.7,33.3,0.0,0.19,3.9,25.9,83.3,6.7,6.7,0.11,2.4,12.1,14.3,35.7,28.6,0.11,2.9,17.2,45.0,25.0,20.0,0.1,1.8,15.5,11.1,33.3,16.7,0.12,2.7,17.2,15.0,15.0,35.0,0.14,3.2,12.1,7.1,14.3,0.0,0.14,3.9,19.1,74.1,7.4,11.1,0.14,2.6,19.1,18.5,37.0,14.8,0.13,3.0,16.3,17.4,34.8,21.7,0.13,2.9,15.6,18.2,9.1,18.2,0.13,2.7,17.0,12.5,25.0,25.0,0.13,3.7,12.8,5.6,11.1,22.2,0.18,4.2,18.3,72.7,4.5,4.5,0.15,2.9,12.5,20.0,20.0,13.3,0.12,2.7,19.2,13.0,17.4,30.4,0.16,3.1,16.7,5.0,25.0,20.0,0.13,2.7,19.2,8.7,8.7,26.1,0.12,3.1,14.2,5.9,17.6,0.0,0.14,3.6,19.2,69.6,21.7,4.3,0.13,2.9,20.0,16.7,37.5,8.3,0.15,3.4,16.7,10.0,35.0,20.0,0.14,3.2,20.0,4.2,41.7,16.7,0.14,3.4,13.3,12.5,12.5,6.2,0.16,2.9,10.8,7.7,15.4,38.5,0.17,4.2,18.0,91.3,4.3,4.3,0.12,2.9,15.6,10.0,25.0,30.0,0.12,2.5,10.9,7.1,50.0,14.3,0.11,2.0,18.0,13.0,17.4,13.0,0.11,2.8,18.0,4.3,8.7,30.4,0.13,2.9,19.5,20.0,0.0,0.0,0.12,3.2
20260906,09,9,1800,4337,A1,愛知,42.0,56.0,7.35,47.29,6.94,52.94,27,32.86,45,36.15,4857,A1,兵庫,29.0,56.0,7.18,58.93,8.3,80.0,16,39.86,67,34.21,4852,A1,香川,31.0,51.0,7.2,58.2,7.23,58.06,64,32.89,12,29.37,4024,A1,三重,49.0,52.0,6.89,47.0,7.73,65.0,68,38.01,60,31.29,4547,A1,埼玉,38.0,50.0,6.88,43.56,6.12,23.08,66,25.19,61,27.48,5017,A1,滋賀,27.0,53.0,6.83,52.85,6.58,50.0,38,38.89,26,37.93,23.3,67.9,21.4,0.0,0.13,2.9,14.2,11.8,29.4,29.4,0.15,3.8,18.3,9.1,22.7,31.8,0.15,3.1,10.8,23.1,23.1,30.8,0.13,2.8,24.2,17.2,31.0,20.7,0.12,2.7,9.2,9.1,18.2,9.1,0.15,3.7,20.0,77.8,5.6,5.6,0.15,2.2,20.0,22.2,33.3,27.8,0.16,3.3,12.2,18.2,36.4,18.2,0.13,2.8,15.6,28.6,50.0,7.1,0.18,3.5,17.8,25.0,12.5,25.0,0.16,3.7,14.4,15.4,23.1,0.0,0.19,4.5,22.6,83.9,6.5,6.5,0.15,3.2,13.9,42.1,15.8,26.3,0.14,2.9,19.0,19.2,46.2,11.5,0.14,2.7,14.6,20.0,25.0,20.0,0.12,2.3,14.6,20.0,5.0,35.0,0.15,3.3,15.3,4.8,9.5,47.6,0.17,3.8,17.4,50.0,15.0,10.0,0.14,3.9,14.8,11.8,29.4,35.3,0.16,4.2,15.7,16.7,38.9,11.1,0.18,4.5,16.5,5.3,21.1,36.8,0.16,4.0,17.4,5.0,15.0,10.0,0.14,3.8,18.3,4.8,28.6,0.0,0.14,4.3,21.6,40.0,32.0,16.0,0.15,3.3,13.8,12.5,31.2,18.8,0.16,3.6,13.8,18.8,18.8,18.8,0.14,2.8,16.4,5.3,31.6,21.1,0.14,3.1,20.7,8.3,20.8,20.8,0.18,3.5,13.8,6.2,31.2,0.0,0.19,4.2,21.7,80.8,7.7,7.7,0.12,2.8,15.0,16.7,22.2,11.1,0.13,2.7,15.8,26.3,21.1,10.5,0.13,2.6,15.8,15.8,5.3,15.8,0.13,2.8,16.7,15.0,25.0,10.0,0.14,2.4,15.0,5.6,16.7,0.0,0.14,3.5
20260906,09,10,1800,4502,A1,滋賀,38.0,45.0,7.34,50.89,7.07,41.38,44,45.67,23,37.59,5034,A1,静岡,28.0,55.0,6.44,48.82,6.18,42.22,40,46.67,59,31.4,4013,A1,福井,46.0,51.0,7.14,49.49,6.66,45.28,14,28.67,40,31.11,4953,A1,埼玉,31.0,53.0,6.67,52.14,7.79,68.42,72,35.09,34,40.43,4851,A1,群馬,31.0,51.0,7.54,47.12,7.06,33.33,35,34.87,64,31.54,4477,A1,福岡,38.0,57.0,7.22,42.86,6.13,33.33,54,27.2,37,31.08,23.6,65.4,15.4,3.8,0.14,2.8,15.5,29.4,23.5,23.5,0.14,3.0,14.5,12.5,37.5,25.0,0.12,2.3,16.4,16.7,27.8,33.3,0.13,2.8,15.5,17.6,17.6,17.6,0.14,3.1,14.5,6.2,37.5,0.0,0.15,4.1,22.4,75.8,15.2,3.0,0.1,2.0,15.6,13.0,30.4,8.7,0.12,2.8,21.1,41.9,25.8,0.0,0.13,2.5,20.4,20.0,10.0,26.7,0.12,2.1,9.5,7.1,28.6,7.1,0.15,3.3,10.9,31.2,0.0,0.0,0.17,3.5,20.8,81.5,3.7,11.1,0.12,2.1,14.6,5.3,36.8,26.3,0.15,3.2,13.8,11.1,27.8,38.9,0.13,2.8,17.7,13.0,21.7,21.7,0.14,2.5,17.7,4.3,13.0,21.7,0.15,3.1,15.4,15.0,5.0,0.0,0.17,3.8,18.8,85.7,9.5,0.0,0.16,2.9,16.1,27.8,33.3,11.1,0.16,3.5,18.8,28.6,28.6,14.3,0.18,3.8,13.4,13.3,46.7,13.3,0.15,3.0,18.8,9.5,42.9,0.0,0.16,3.2,14.3,12.5,6.2,31.2,0.15,3.6,19.6,71.4,14.3,9.5,0.13,2.9,16.8,22.2,27.8,16.7,0.15,3.7,18.7,30.0,35.0,5.0,0.14,3.5,14.0,6.7,53.3,6.7,0.12,2.6,12.1,23.1,7.7,38.5,0.1,2.5,18.7,5.0,25.0,0.0,0.13,3.1,22.6,83.3,10.0,0.0,0.13,2.5,17.3,13.0,43.5,17.4,0.14,3.3,16.5,9.1,22.7,31.8,0.12,2.8,15.8,19.0,33.3,23.8,0.14,3.4,15.0,10.0,10.0,30.0,0.13,2.8,12.8,5.9,29.4,0.0,0.15,3.5
20260906,09,11,1800,3897,A1,山口,49.0,55.0,7.77,52.43,7.76,52.0,69,21.7,69,34.64,4586,A1,愛知,35.0,54.0,7.69,54.78,7.68,48.78,11,26.43,76,40.0,4743,A1,滋賀,33.0,55.0,6.33,41.67,7.09,50.0,52,31.25,66,31.54,4256,A1,福岡,42.0,52.0,7.08,47.27,7.94,47.06,43,25.93,20,35.85,5084,A1,佐賀,27.0,52.0,6.6,47.17,7.62,45.95,36,42.86,24,32.74,4456,A1,大阪,37.0,45.0,6.3,36.84,7.0,60.0,71,30.72,19,31.78,20.0,70.8,12.5,8.3,0.13,2.8,17.5,14.3,52.4,28.6,0.16,3.8,20.8,20.0,28.0,20.0,0.13,3.2,19.2,13.0,21.7,17.4,0.14,2.6,12.5,20.0,26.7,0.0,0.11,3.2,10.0,8.3,41.7,0.0,0.1,3.0,18.0,70.0,20.0,0.0,0.12,2.5,16.2,50.0,11.1,0.0,0.12,2.3,15.3,5.9,35.3,11.8,0.12,2.4,18.0,10.0,35.0,25.0,0.13,2.4,16.2,22.2,22.2,5.6,0.13,2.9,16.2,11.1,5.6,22.2,0.13,3.4,19.7,64.5,25.8,6.5,0.13,2.2,19.1,23.3,23.3,30.0,0.15,2.8,13.4,14.3,28.6,19.0,0.14,3.1,17.2,7.4,29.6,22.2,0.15,3.3,16.6,3.8,11.5,34.6,0.12,2.3,14.0,18.2,40.9,0.0,0.18,4.0,21.0,72.0,24.0,0.0,0.12,2.7,16.0,15.8,36.8,31.6,0.14,3.4,17.6,9.5,38.1,19.0,0.12,2.7,15.1,11.1,33.3,44.4,0.13,3.1,15.1,5.6,27.8,16.7,0.15,3.4,15.1,27.8,27.8,0.0,0.14,3.2,20.5,80.8,7.7,3.8,0.12,3.1,17.3,22.7,27.3,22.7,0.14,3.2,16.5,9.5,33.3,28.6,0.12,2.7,15.7,15.0,20.0,30.0,0.11,2.7,15.0,10.5,5.3,15.8,0.14,2.8,15.0,15.8,21.1,0.0,0.16,4.4,26.2,77.8,14.8,3.7,0.14,2.3,14.6,13.3,33.3,26.7,0.17,3.3,15.5,25.0,43.8,6.2,0.15,3.1,17.5,11.1,16.7,11.1,0.17,3.8,13.6,14.3,21.4,0.0,0.15,4.0,12.6,7.7,23.1,0.0,0.18,3.4
20260906,09,12,1800,4444,A1,埼玉,39.0,51.0,7.17,38.55,8.13,37.5,51,41.18,39,32.65,3960,A1,静岡,48.0,55.0,6.72,40.57,6.87,50.0,48,35.44,65,30.77,4448,A1,滋賀,39.0,52.0,7.06,56.64,6.0,50.0,26,31.11,18,38.02,4512,A1,兵庫,37.0,52.0,6.83,57.46,6.59,40.74,30,31.45,25,36.65,4826,A1,大阪,32.0,52.0,7.02,54.81,7.84,67.74,47,30.0,11,35.85,4361,A1,山口,41.0,53.0,7.5,58.49,7.31,50.0,37,41.45,55,31.3,23.1,58.3,25.0,0.0,0.12,2.5,14.4,13.3,40.0,13.3,0.13,2.8,13.5,21.4,7.1,28.6,0.12,3.2,18.3,10.5,36.8,31.6,0.12,3.6,13.5,7.1,21.4,14.3,0.15,3.4,17.3,5.6,38.9,0.0,0.14,4.1,22.2,71.4,10.7,7.1,0.11,1.8,15.9,15.0,25.0,15.0,0.12,2.5,15.1,21.1,10.5,15.8,0.11,2.1,19.0,8.3,33.3,4.2,0.1,2.0,16.7,14.3,14.3,33.3,0.11,2.7,11.1,7.1,0.0,0.0,0.14,3.4,17.6,85.7,9.5,0.0,0.15,3.4,17.6,14.3,33.3,9.5,0.16,3.9,15.1,11.1,44.4,16.7,0.14,2.8,16.0,15.8,31.6,10.5,0.14,3.1,16.8,15.0,15.0,25.0,0.18,3.9,16.8,15.0,25.0,0.0,0.17,4.4,23.3,91.2,2.9,0.0,0.14,2.6,16.4,25.0,45.8,8.3,0.14,3.5,14.4,28.6,14.3,42.9,0.15,3.4,13.7,10.0,25.0,30.0,0.15,3.7,21.2,12.9,9.7,6.5,0.15,3.0,11.0,6.2,12.5,0.0,0.16,3.1,23.4,73.5,5.9,5.9,0.12,2.2,16.6,16.7,25.0,33.3,0.13,3.1,16.6,20.8,25.0,20.8,0.14,3.0,11.7,29.4,29.4,0.0,0.12,2.3,19.3,25.0,17.9,28.6,0.14,3.2,12.4,22.2,22.2,0.0,0.14,3.3,24.5,76.0,8.0,4.0,0.13,2.5,15.7,31.2,25.0,12.5,0.14,2.8,12.7,15.4,30.8,23.1,0.14,2.3,17.6,33.3,16.7,33.3,0.16,3.1,13.7,14.3,28.6,0.0,0.16,3.5,15.7,6.2,18.8,12.5,0.15,3.4
20260906,07,1,1800,3401,B1,香川,59.0,54.0,4.63,29.03,4.39,22.22,19,26.32,17,50.0,4365,A2,兵庫,40.0,52.0,5.94,41.49,4.5,27.27,56,42.11,36,13.33,4527,B1,愛知,38.0,51.0,4.53,26.51,3.49,14.63,62,47.06,18,26.32,3981,B1,静岡,48.0,54.0,4.13,20.56,4.03,15.0,17,35.0,56,27.27,3957,B1,愛知,49.0,55.0,4.84,26.73,5.05,23.81,51,11.11,39,33.33,4234,B1,福岡,42.0,58.0,4.62,27.54,4.83,22.22,63,17.65,51,38.46,13.5,42.9,14.3,14.3,0.18,3.5,18.3,5.3,26.3,21.1,0.2,4.4,20.2,9.5,23.8,9.5,0.21,4.5,14.4,13.3,20.0,0.0,0.23,5.1,19.2,5.0,10.0,10.0,0.24,4.4,14.4,13.3,0.0,0.0,0.23,5.1,19.0,52.6,15.8,15.8,0.14,2.7,19.0,15.8,36.8,26.3,0.16,3.3,13.0,15.4,23.1,30.8,0.18,3.5,15.0,40.0,20.0,6.7,0.17,2.5,16.0,6.2,12.5,0.0,0.18,3.4,18.0,11.1,0.0,0.0,0.22,4.0,14.1,41.7,8.3,0.0,0.14,2.3,21.2,5.6,16.7,33.3,0.15,3.2,15.3,7.7,23.1,30.8,0.16,3.4,21.2,5.6,11.1,22.2,0.17,3.3,17.6,6.7,0.0,0.0,0.22,4.4,10.6,0.0,0.0,0.0,0.23,5.0,16.2,64.7,0.0,0.0,0.16,3.2,16.2,11.8,11.8,5.9,0.2,3.6,14.3,6.7,6.7,13.3,0.16,4.4,16.2,5.9,5.9,29.4,0.18,3.5,18.1,5.3,10.5,0.0,0.18,3.6,19.0,10.0,0.0,0.0,0.2,5.0,16.4,50.0,11.1,22.2,0.2,3.4,16.4,11.1,33.3,16.7,0.2,3.8,17.3,21.1,15.8,21.1,0.19,3.6,16.4,5.6,11.1,11.1,0.17,3.6,21.8,4.2,8.3,29.2,0.19,3.7,11.8,15.4,30.8,0.0,0.21,5.2,11.9,58.3,25.0,0.0,0.12,2.6,17.8,5.6,38.9,22.2,0.16,2.8,18.8,10.5,21.1,21.1,0.14,2.5,18.8,5.3,21.1,36.8,0.16,3.6,18.8,5.3,21.1,0.0,0.19,4.2,13.9,0.0,0.0,0.0,0.28,5.4
20260906,07,2,1800,3546,B1,埼玉,57.0,52.0,4.61,22.22,4.77,28.21,27,14.29,16,33.33,3652,B1,群馬,53.0,56.0,3.61,13.33,2.67,0.0,49,59.09,34,41.18,3680,B1,長崎,53.0,55.0,4.24,21.7,0.0,0.0,13,0.0,29,11.11,3679,A2,埼玉,53.0,53.0,6.79,50.86,7.38,56.25,50,11.11,33,16.67,4872,B1,広島,33.0,53.0,4.46,25.93,3.69,11.54,53,52.38,48,41.18,5064,A1,山口,28.0,51.0,6.6,50.48,4.06,22.22,20,16.67,14,40.0,13.8,15.4,15.4,30.8,0.18,3.7,19.1,27.8,33.3,0.0,0.19,4.2,14.9,7.1,42.9,0.0,0.17,4.1,27.7,3.8,26.9,0.0,0.2,4.3,13.8,7.7,7.7,0.0,0.18,3.8,10.6,40.0,0.0,0.0,0.17,3.6,12.6,18.2,45.5,0.0,0.16,2.4,21.8,5.3,15.8,0.0,0.18,3.1,14.9,7.7,15.4,0.0,0.17,3.2,19.5,5.9,5.9,5.9,0.17,3.4,17.2,6.7,6.7,0.0,0.22,4.0,13.8,8.3,8.3,0.0,0.22,4.4,14.1,7.1,35.7,14.3,0.24,3.9,17.2,29.4,5.9,0.0,0.23,4.9,19.2,26.3,10.5,15.8,0.19,3.9,19.2,10.5,5.3,15.8,0.18,3.9,15.2,6.7,13.3,13.3,0.22,4.8,15.2,6.7,0.0,0.0,0.26,4.9,18.0,69.6,13.0,8.7,0.14,3.1,14.1,11.1,33.3,33.3,0.17,3.7,17.2,4.5,50.0,22.7,0.14,3.0,21.9,3.6,28.6,35.7,0.18,3.4,18.0,13.0,13.0,0.0,0.21,4.5,10.9,7.1,28.6,0.0,0.19,4.4,13.8,46.7,26.7,13.3,0.15,2.8,16.5,5.6,22.2,11.1,0.15,3.3,20.2,4.5,18.2,13.6,0.18,3.4,19.3,9.5,14.3,28.6,0.18,3.4,21.1,4.3,4.3,8.7,0.2,4.0,9.2,10.0,0.0,0.0,0.25,5.3,17.8,66.7,19.0,14.3,0.17,3.2,17.8,9.5,38.1,28.6,0.16,3.8,16.1,26.3,21.1,10.5,0.16,3.0,18.6,13.6,27.3,18.2,0.16,3.2,16.1,10.5,26.3,10.5,0.16,4.2,13.6,12.5,6.2,12.5,0.18,3.6
20260906,07,3,1800,4214,B1,岡山,42.0,56.0,5.25,29.67,6.18,39.29,52,40.91,23,50.0,4219,B1,広島,44.0,52.0,3.93,10.29,3.79,10.53,15,27.78,27,45.45,3876,A1,福岡,49.0,53.0,6.76,48.28,4.71,0.0,48,30.43,26,55.0,4197,B1,静岡,44.0,55.0,3.76,16.28,4.4,15.0,58,31.25,31,36.84,3872,A2,大阪,50.0,55.0,5.86,38.04,5.84,33.87,29,29.41,38,16.67,4151,B1,福岡,44.0,52.0,4.9,25.56,4.47,15.79,11,21.05,20,36.84,21.5,52.2,26.1,8.7,0.15,3.0,13.1,14.3,28.6,21.4,0.19,3.9,15.0,6.2,6.2,25.0,0.15,3.1,16.8,11.1,16.7,33.3,0.16,2.9,17.8,5.3,5.3,21.1,0.16,3.1,15.9,11.8,17.6,0.0,0.17,4.2,10.9,27.3,9.1,9.1,0.17,2.8,18.8,26.3,5.3,0.0,0.17,4.3,17.8,5.6,22.2,0.0,0.19,4.3,22.8,13.0,26.1,0.0,0.18,3.6,19.8,10.0,0.0,0.0,0.19,4.0,9.9,10.0,20.0,0.0,0.22,4.8,24.1,71.4,14.3,0.0,0.15,3.9,13.8,12.5,37.5,25.0,0.18,4.1,16.4,47.4,15.8,5.3,0.13,3.1,11.2,30.8,7.7,23.1,0.17,3.3,14.7,41.2,11.8,17.6,0.14,2.6,19.8,8.7,8.7,17.4,0.14,3.2,15.5,37.5,18.8,12.5,0.18,3.2,15.5,6.2,37.5,0.0,0.18,3.8,21.4,9.1,9.1,9.1,0.19,3.9,16.5,5.9,0.0,0.0,0.19,4.1,20.4,9.5,4.8,19.0,0.18,3.6,10.7,9.1,0.0,0.0,0.21,5.5,22.6,69.2,7.7,7.7,0.19,3.4,17.4,10.0,25.0,30.0,0.2,3.9,17.4,10.0,20.0,35.0,0.17,2.9,13.9,12.5,25.0,12.5,0.2,3.9,16.5,15.8,36.8,10.5,0.16,3.0,12.2,21.4,0.0,0.0,0.18,4.0,16.4,57.9,21.1,0.0,0.21,4.0,21.6,16.0,24.0,32.0,0.17,3.6,19.0,4.5,13.6,36.4,0.17,3.5,25.0,17.2,20.7,0.0,0.19,4.0,13.8,12.5,6.2,0.0,0.21,4.5,4.3,0.0,0.0,0.0,0.21,5.2
20260906,07,4,1800,4917,B1,兵庫,38.0,52.0,4.89,30.38,3.75,11.11,32,47.06,49,38.46,3282,B1,広島,59.0,52.0,4.63,22.92,3.94,22.22,30,56.25,52,14.29,3825,B1,福岡,53.0,59.0,3.36,17.14,5.13,33.33,14,60.0,11,26.32,4237,A1,山口,42.0,52.0,7.25,50.49,7.41,52.94,59,37.5,55,58.82,3875,B1,山口,49.0,51.0,4.72,28.26,5.06,33.33,65,23.53,43,18.75,4469,A2,福井,39.0,57.0,5.66,37.11,5.85,44.44,61,7.14,53,55.56,14.7,13.3,13.3,13.3,0.18,4.0,14.7,6.7,13.3,13.3,0.17,3.8,22.5,8.7,26.1,13.0,0.17,3.1,16.7,11.8,17.6,0.0,0.16,3.4,18.6,5.3,15.8,0.0,0.16,3.4,12.7,0.0,0.0,0.0,0.17,3.2,15.4,43.8,25.0,0.0,0.17,2.9,21.2,31.8,27.3,0.0,0.19,4.0,18.3,15.8,15.8,0.0,0.18,3.8,19.2,5.0,15.0,0.0,0.18,4.6,15.4,12.5,0.0,0.0,0.22,4.8,10.6,9.1,0.0,0.0,0.29,5.4,11.8,25.0,12.5,0.0,0.12,2.4,13.2,11.1,0.0,0.0,0.16,3.2,23.5,12.5,6.2,0.0,0.12,2.0,19.1,15.4,0.0,0.0,0.11,1.8,13.2,22.2,0.0,0.0,0.14,2.7,19.1,7.7,7.7,0.0,0.09,2.0,24.0,71.0,12.9,6.5,0.14,2.5,13.2,29.4,35.3,17.6,0.15,3.7,15.5,30.0,30.0,5.0,0.14,2.7,22.5,20.7,17.2,27.6,0.13,2.9,13.2,5.9,17.6,11.8,0.16,3.7,11.6,13.3,13.3,26.7,0.15,2.9,13.8,53.3,6.7,0.0,0.18,2.7,14.7,6.2,31.2,25.0,0.16,3.1,19.3,4.8,9.5,9.5,0.16,3.0,24.8,3.7,22.2,7.4,0.16,2.4,13.8,6.7,13.3,0.0,0.17,3.4,13.8,6.7,13.3,0.0,0.24,5.4,19.1,81.8,4.5,4.5,0.17,2.2,20.0,26.1,17.4,17.4,0.16,3.0,13.9,18.8,31.2,12.5,0.16,3.3,15.7,5.6,11.1,27.8,0.14,3.0,19.1,13.6,22.7,22.7,0.19,3.5,12.2,7.1,14.3,0.0,0.18,3.5
20260906,07,5,1800,4323,B1,岡山,39.0,56.0,6.07,51.09,4.2,25.0,64,41.18,41,5.0,5349,B2,静岡,22.0,52.0,1.31,0.0,1.25,0.0,16,50.0,46,6.25,4603,B1,長崎,38.0,53.0,6.1,46.15,4.65,29.41,21,15.79,22,25.0,4682,A1,広島,36.0,52.0,7.29,50.0,7.79,57.89,25,43.75,12,38.89,3401,B1,香川,59.0,54.0,4.63,29.03,4.39,22.22,19,26.32,17,50.0,4435,A2,愛知,40.0,55.0,5.42,35.56,5.2,31.11,26,12.5,77,47.06,12.8,66.7,16.7,0.0,0.16,3.1,21.3,5.0,10.0,20.0,0.18,3.4,13.8,30.8,15.4,0.0,0.15,2.5,18.1,23.5,29.4,11.8,0.16,3.0,19.1,16.7,11.1,0.0,0.15,3.0,14.9,28.6,0.0,0.0,0.2,4.7,0.0,0.0,0.0,0.0,0.0,0.0,0.0,0.0,0.0,0.0,0.0,0.0,0.0,0.0,0.0,0.0,0.0,0.0,29.2,0.0,0.0,0.0,0.21,4.4,30.6,4.5,4.5,0.0,0.17,3.5,40.3,0.0,0.0,0.0,0.2,4.0,13.5,64.3,14.3,14.3,0.16,2.4,17.3,11.1,22.2,11.1,0.15,2.8,18.3,36.8,10.5,0.0,0.13,2.2,17.3,5.6,11.1,38.9,0.15,2.8,19.2,5.0,10.0,5.0,0.17,2.9,14.4,6.7,20.0,0.0,0.17,3.7,18.0,77.3,4.5,4.5,0.12,2.4,16.4,30.0,35.0,5.0,0.14,3.5,17.2,9.5,19.0,33.3,0.14,3.0,18.9,8.7,30.4,17.4,0.15,3.1,19.7,12.5,12.5,20.8,0.16,3.2,9.8,8.3,16.7,16.7,0.15,4.8,13.5,42.9,14.3,14.3,0.18,3.5,18.3,5.3,26.3,21.1,0.2,4.4,20.2,9.5,23.8,9.5,0.21,4.5,14.4,13.3,20.0,0.0,0.23,5.1,19.2,5.0,10.0,10.0,0.24,4.4,14.4,13.3,0.0,0.0,0.23,5.1,13.6,58.3,16.7,8.3,0.13,2.2,18.2,25.0,18.8,18.8,0.2,4.3,19.3,17.6,29.4,11.8,0.2,3.1,18.2,6.2,25.0,25.0,0.17,3.1,13.6,16.7,41.7,0.0,0.15,2.9,17.0,26.7,0.0,0.0,0.22,4.3
20260906,07,6,1800,4041,B1,山口,47.0,54.0,3.94,17.65,4.0,0.0,18,36.84,21,50.0,4459,A2,香川,40.0,54.0,5.96,36.0,5.88,29.41,66,41.18,35,61.11,3660,B1,香川,57.0,60.0,3.65,12.79,3.89,11.11,23,35.29,32,21.05,5196,A1,愛知,24.0,54.0,5.51,33.77,5.81,29.63,54,22.22,24,22.22,4016,B1,愛知,46.0,55.0,5.46,30.93,4.6,30.0,24,26.67,37,64.71,4872,B1,広島,33.0,53.0,4.46,25.93,3.69,11.54,53,52.38,48,41.18,11.2,11.1,33.3,11.1,0.18,3.9,21.2,11.8,17.6,11.8,0.22,4.7,17.5,7.1,7.1,35.7,0.19,3.9,23.8,5.3,15.8,10.5,0.2,4.4,20.0,18.8,0.0,0.0,0.2,4.3,6.2,0.0,0.0,0.0,0.29,6.0,21.5,64.3,17.9,7.1,0.13,2.6,13.8,22.2,11.1,11.1,0.13,3.1,16.2,9.5,14.3,19.0,0.12,2.7,16.2,14.3,28.6,14.3,0.1,2.5,15.4,5.0,15.0,0.0,0.13,2.4,16.9,4.5,18.2,0.0,0.14,3.6,11.7,22.2,11.1,0.0,0.18,4.0,18.2,7.1,14.3,0.0,0.18,4.4,18.2,7.1,0.0,0.0,0.21,3.9,19.5,26.7,0.0,0.0,0.19,3.9,22.1,5.9,5.9,5.9,0.2,4.8,10.4,12.5,0.0,0.0,0.19,5.0,21.4,75.0,3.6,10.7,0.15,3.0,19.1,32.0,24.0,28.0,0.14,3.0,18.3,25.0,29.2,12.5,0.16,3.0,15.3,35.0,30.0,10.0,0.13,2.5,17.6,13.0,30.4,17.4,0.15,2.3,8.4,27.3,36.4,0.0,0.15,2.6,14.3,28.6,28.6,28.6,0.17,3.1,17.3,5.9,35.3,23.5,0.19,3.8,16.3,25.0,37.5,0.0,0.14,2.0,19.4,21.1,10.5,15.8,0.16,2.6,17.3,5.9,11.8,11.8,0.18,3.2,15.3,6.7,20.0,6.7,0.16,2.8,13.8,46.7,26.7,13.3,0.15,2.8,16.5,5.6,22.2,11.1,0.15,3.3,20.2,4.5,18.2,13.6,0.18,3.4,19.3,9.5,14.3,28.6,0.18,3.4,21.1,4.3,4.3,8.7,0.2,4.0,9.2,10.0,0.0,0.0,0.25,5.3
20260906,07,7,1800,4523,A2,長崎,38.0,52.0,5.64,35.87,5.35,30.43,28,31.25,40,58.82,4234,B1,福岡,42.0,58.0,4.62,27.54,4.83,22.22,63,17.65,51,38.46,4362,A1,群馬,41.0,53.0,6.89,44.95,5.47,17.65,12,15.79,25,52.38,4520,A2,福井,39.0,50.0,5.77,37.11,5.07,34.78,55,5.56,15,42.11,4214,B1,岡山,42.0,56.0,5.25,29.67,6.18,39.29,52,40.91,23,50.0,5366,B2,福井,25.0,54.0,1.46,2.9,1.27,0.0,77,43.75,54,50.0,20.2,50.0,22.7,22.7,0.15,3.1,15.6,11.8,35.3,23.5,0.15,3.0,14.7,50.0,31.2,0.0,0.14,2.8,17.4,5.3,26.3,21.1,0.14,3.1,17.4,15.8,31.6,0.0,0.15,2.7,14.7,6.2,18.8,0.0,0.15,3.9,11.9,58.3,25.0,0.0,0.12,2.6,17.8,5.6,38.9,22.2,0.16,2.8,18.8,10.5,21.1,21.1,0.14,2.5,18.8,5.3,21.1,36.8,0.16,3.6,18.8,5.3,21.1,0.0,0.19,4.2,13.9,0.0,0.0,0.0,0.28,5.4,25.0,56.5,17.4,13.0,0.15,3.2,16.3,26.7,33.3,13.3,0.14,3.5,15.2,7.1,21.4,35.7,0.16,2.8,18.5,11.8,29.4,41.2,0.15,3.4,14.1,7.7,23.1,15.4,0.16,4.0,10.9,10.0,40.0,0.0,0.18,4.8,12.5,50.0,14.3,28.6,0.11,2.5,18.8,9.5,33.3,19.0,0.13,2.4,20.5,34.8,30.4,13.0,0.14,3.0,17.0,31.6,21.1,21.1,0.14,2.5,16.1,16.7,5.6,16.7,0.12,2.3,15.2,5.9,11.8,11.8,0.12,2.2,21.5,52.2,26.1,8.7,0.15,3.0,13.1,14.3,28.6,21.4,0.19,3.9,15.0,6.2,6.2,25.0,0.15,3.1,16.8,11.1,16.7,33.3,0.16,2.9,17.8,5.3,5.3,21.1,0.16,3.1,15.9,11.8,17.6,0.0,0.17,4.2,0.0,0.0,0.0,0.0,0.0,0.0,0.0,0.0,0.0,0.0,0.0,0.0,1.6,0.0,0.0,0.0,0.09,3.0,17.7,0.0,0.0,0.0,0.18,3.6,12.9,0.0,0.0,0.0,0.2,3.9,67.7,0.0,0.0,0.0,0.19,3.9
20260906,07,8,1800,3661,A2,山口,57.0,59.0,4.38,23.4,5.11,33.33,46,11.76,45,35.29,4914,A1,愛知,29.0,50.0,7.35,52.04,7.53,59.77,31,88.89,13,11.11,3957,B1,愛知,49.0,55.0,4.84,26.73,5.05,23.81,51,11.11,39,33.33,4917,B1,兵庫,38.0,52.0,4.89,30.38,3.75,11.11,32,47.06,49,38.46,4319,A2,大阪,41.0,54.0,5.5,31.2,5.43,30.0,47,42.11,19,40.0,4693,B1,福岡,42.0,55.0,4.05,23.86,4.17,11.11,60,52.94,28,22.22,19.4,37.5,25.0,20.8,0.16,3.0,21.0,15.4,7.7,30.8,0.2,4.0,16.9,9.5,23.8,28.6,0.17,3.0,15.3,21.1,10.5,31.6,0.18,3.5,9.7,8.3,16.7,0.0,0.17,3.0,17.7,13.6,27.3,0.0,0.2,4.3,13.3,81.2,6.2,0.0,0.1,1.9,19.2,13.0,30.4,21.7,0.12,2.4,15.0,5.6,38.9,22.2,0.1,1.9,16.7,20.0,25.0,5.0,0.13,2.5,20.0,16.7,20.8,12.5,0.14,3.0,15.8,26.3,5.3,0.0,0.13,3.2,16.4,50.0,11.1,22.2,0.2,3.4,16.4,11.1,33.3,16.7,0.2,3.8,17.3,21.1,15.8,21.1,0.19,3.6,16.4,5.6,11.1,11.1,0.17,3.6,21.8,4.2,8.3,29.2,0.19,3.7,11.8,15.4,30.8,0.0,0.21,5.2,14.7,13.3,13.3,13.3,0.18,4.0,14.7,6.7,13.3,13.3,0.17,3.8,22.5,8.7,26.1,13.0,0.17,3.1,16.7,11.8,17.6,0.0,0.16,3.4,18.6,5.3,15.8,0.0,0.16,3.4,12.7,0.0,0.0,0.0,0.17,3.2,16.9,60.0,20.0,5.0,0.15,2.7,16.1,10.5,31.6,36.8,0.19,3.6,16.9,5.0,45.0,10.0,0.16,3.1,11.0,15.4,15.4,23.1,0.15,3.4,22.9,7.4,11.1,22.2,0.18,3.8,16.1,21.1,5.3,0.0,0.22,5.5,13.9,13.3,26.7,20.0,0.18,4.1,16.7,16.7,33.3,11.1,0.19,4.4,20.4,13.6,18.2,0.0,0.21,4.3,16.7,16.7,16.7,0.0,0.19,4.2,16.7,16.7,11.1,0.0,0.18,4.0,15.7,17.6,0.0,0.0,0.19,3.8
20260906,07,9,1800,4365,A2,兵庫,40.0,52.0,5.94,41.49,4.5,27.27,56,42.11,36,13.33,5064,A1,山口,28.0,51.0,6.6,50.48,4.06,22.22,20,16.67,14,40.0,3773,B1,長崎,52.0,58.0,3.85,18.29,4.15,23.08,57,18.75,47,6.67,3945,B1,愛知,50.0,51.0,4.48,22.39,3.72,23.08,22,26.32,50,58.82,4603,B1,長崎,38.0,53.0,6.1,46.15,4.65,29.41,21,15.79,22,25.0,3872,A2,大阪,50.0,55.0,5.86,38.04,5.84,33.87,29,29.41,38,16.67,19.0,52.6,15.8,15.8,0.14,2.7,19.0,15.8,36.8,26.3,0.16,3.3,13.0,15.4,23.1,30.8,0.18,3.5,15.0,40.0,20.0,6.7,0.17,2.5,16.0,6.2,12.5,0.0,0.18,3.4,18.0,11.1,0.0,0.0,0.22,4.0,17.8,66.7,19.0,14.3,0.17,3.2,17.8,9.5,38.1,28.6,0.16,3.8,16.1,26.3,21.1,10.5,0.16,3.0,18.6,13.6,27.3,18.2,0.16,3.2,16.1,10.5,26.3,10.5,0.16,4.2,13.6,12.5,6.2,12.5,0.18,3.6,12.9,27.3,18.2,18.2,0.13,2.5,21.2,27.8,22.2,0.0,0.16,2.8,16.5,7.1,7.1,21.4,0.14,3.2,15.3,7.7,30.8,0.0,0.15,3.2,22.4,10.5,0.0,0.0,0.18,3.3,11.8,20.0,0.0,0.0,0.18,3.7,12.5,18.2,36.4,0.0,0.23,5.0,17.0,6.7,13.3,6.7,0.21,3.7,19.3,11.8,5.9,29.4,0.18,3.5,18.2,31.2,18.8,0.0,0.22,3.8,20.5,5.6,5.6,0.0,0.2,3.7,12.5,9.1,9.1,0.0,0.21,3.8,13.5,64.3,14.3,14.3,0.16,2.4,17.3,11.1,22.2,11.1,0.15,2.8,18.3,36.8,10.5,0.0,0.13,2.2,17.3,5.6,11.1,38.9,0.15,2.8,19.2,5.0,10.0,5.0,0.17,2.9,14.4,6.7,20.0,0.0,0.17,3.7,22.6,69.2,7.7,7.7,0.19,3.4,17.4,10.0,25.0,30.0,0.2,3.9,17.4,10.0,20.0,35.0,0.17,2.9,13.9,12.5,25.0,12.5,0.2,3.9,16.5,15.8,36.8,10.5,0.16,3.0,12.2,21.4,0.0,0.0,0.18,4.0
20260906,07,10,1800,4682,A1,広島,36.0,52.0,7.29,50.0,7.79,57.89,25,43.75,12,38.89,3679,A2,埼玉,53.0,53.0,6.79,50.86,7.38,56.25,50,11.11,33,16.67,4016,B1,愛知,46.0,55.0,5.46,30.93,4.6,30.0,24,26.67,37,64.71,3282,B1,広島,59.0,52.0,4.63,22.92,3.94,22.22,30,56.25,52,14.29,3876,A1,福岡,49.0,53.0,6.76,48.28,4.71,0.0,48,30.43,26,55.0,3981,B1,静岡,48.0,54.0,4.13,20.56,4.03,15.0,17,35.0,56,27.27,18.0,77.3,4.5,4.5,0.12,2.4,16.4,30.0,35.0,5.0,0.14,3.5,17.2,9.5,19.0,33.3,0.14,3.0,18.9,8.7,30.4,17.4,0.15,3.1,19.7,12.5,12.5,20.8,0.16,3.2,9.8,8.3,16.7,16.7,0.15,4.8,18.0,69.6,13.0,8.7,0.14,3.1,14.1,11.1,33.3,33.3,0.17,3.7,17.2,4.5,50.0,22.7,0.14,3.0,21.9,3.6,28.6,35.7,0.18,3.4,18.0,13.0,13.0,0.0,0.21,4.5,10.9,7.1,28.6,0.0,0.19,4.4,14.3,28.6,28.6,28.6,0.17,3.1,17.3,5.9,35.3,23.5,0.19,3.8,16.3,25.0,37.5,0.0,0.14,2.0,19.4,21.1,10.5,15.8,0.16,2.6,17.3,5.9,11.8,11.8,0.18,3.2,15.3,6.7,20.0,6.7,0.16,2.8,15.4,43.8,25.0,0.0,0.17,2.9,21.2,31.8,27.3,0.0,0.19,4.0,18.3,15.8,15.8,0.0,0.18,3.8,19.2,5.0,15.0,0.0,0.18,4.6,15.4,12.5,0.0,0.0,0.22,4.8,10.6,9.1,0.0,0.0,0.29,5.4,24.1,71.4,14.3,0.0,0.15,3.9,13.8,12.5,37.5,25.0,0.18,4.1,16.4,47.4,15.8,5.3,0.13,3.1,11.2,30.8,7.7,23.1,0.17,3.3,14.7,41.2,11.8,17.6,0.14,2.6,19.8,8.7,8.7,17.4,0.14,3.2,16.2,64.7,0.0,0.0,0.16,3.2,16.2,11.8,11.8,5.9,0.2,3.6,14.3,6.7,6.7,13.3,0.16,4.4,16.2,5.9,5.9,29.4,0.18,3.5,18.1,5.3,10.5,0.0,0.18,3.6,19.0,10.0,0.0,0.0,0.2,5.0
20260906,07,11,1800,4362,A1,群馬,41.0,53.0,6.89,44.95,5.47,17.65,12,15.79,25,52.38,3546,B1,埼玉,57.0,52.0,4.61,22.22,4.77,28.21,27,14.29,16,33.33,4435,A2,愛知,40.0,55.0,5.42,35.56,5.2,31.11,26,12.5,77,47.06,4151,B1,福岡,44.0,52.0,4.9,25.56,4.47,15.79,11,21.05,20,36.84,4469,A2,福井,39.0,57.0,5.66,37.11,5.85,44.44,61,7.14,53,55.56,5196,A1,愛知,24.0,54.0,5.51,33.77,5.81,29.63,54,22.22,24,22.22,25.0,56.5,17.4,13.0,0.15,3.2,16.3,26.7,33.3,13.3,0.14,3.5,15.2,7.1,21.4,35.7,0.16,2.8,18.5,11.8,29.4,41.2,0.15,3.4,14.1,7.7,23.1,15.4,0.16,4.0,10.9,10.0,40.0,0.0,0.18,4.8,13.8,15.4,15.4,30.8,0.18,3.7,19.1,27.8,33.3,0.0,0.19,4.2,14.9,7.1,42.9,0.0,0.17,4.1,27.7,3.8,26.9,0.0,0.2,4.3,13.8,7.7,7.7,0.0,0.18,3.8,10.6,40.0,0.0,0.0,0.17,3.6,13.6,58.3,16.7,8.3,0.13,2.2,18.2,25.0,18.8,18.8,0.2,4.3,19.3,17.6,29.4,11.8,0.2,3.1,18.2,6.2,25.0,25.0,0.17,3.1,13.6,16.7,41.7,0.0,0.15,2.9,17.0,26.7,0.0,0.0,0.22,4.3,16.4,57.9,21.1,0.0,0.21,4.0,21.6,16.0,24.0,32.0,0.17,3.6,19.0,4.5,13.6,36.4,0.17,3.5,25.0,17.2,20.7,0.0,0.19,4.0,13.8,12.5,6.2,0.0,0.21,4.5,4.3,0.0,0.0,0.0,0.21,5.2,19.1,81.8,4.5,4.5,0.17,2.2,20.0,26.1,17.4,17.4,0.16,3.0,13.9,18.8,31.2,12.5,0.16,3.3,15.7,5.6,11.1,27.8,0.14,3.0,19.1,13.6,22.7,22.7,0.19,3.5,12.2,7.1,14.3,0.0,0.18,3.5,21.4,75.0,3.6,10.7,0.15,3.0,19.1,32.0,24.0,28.0,0.14,3.0,18.3,25.0,29.2,12.5,0.16,3.0,15.3,35.0,30.0,10.0,0.13,2.5,17.6,13.0,30.4,17.4,0.15,2.3,8.4,27.3,36.4,0.0,0.15,2.6
20260906,07,12,1800,4914,A1,愛知,29.0,50.0,7.35,52.04,7.53,59.77,31,88.89,13,11.11,4237,A1,山口,42.0,52.0,7.25,50.49,7.41,52.94,59,37.5,55,58.82,4323,B1,岡山,39.0,56.0,6.07,51.09,4.2,25.0,64,41.18,41,5.0,4523,A2,長崎,38.0,52.0,5.64,35.87,5.35,30.43,28,31.25,40,58.82,3680,B1,長崎,53.0,55.0,4.24,21.7,0.0,0.0,13,0.0,29,11.11,4459,A2,香川,40.0,54.0,5.96,36.0,5.88,29.41,66,41.18,35,61.11,13.3,81.2,6.2,0.0,0.1,1.9,19.2,13.0,30.4,21.7,0.12,2.4,15.0,5.6,38.9,22.2,0.1,1.9,16.7,20.0,25.0,5.0,0.13,2.5,20.0,16.7,20.8,12.5,0.14,3.0,15.8,26.3,5.3,0.0,0.13,3.2,24.0,71.0,12.9,6.5,0.14,2.5,13.2,29.4,35.3,17.6,0.15,3.7,15.5,30.0,30.0,5.0,0.14,2.7,22.5,20.7,17.2,27.6,0.13,2.9,13.2,5.9,17.6,11.8,0.16,3.7,11.6,13.3,13.3,26.7,0.15,2.9,12.8,66.7,16.7,0.0,0.16,3.1,21.3,5.0,10.0,20.0,0.18,3.4,13.8,30.8,15.4,0.0,0.15,2.5,18.1,23.5,29.4,11.8,0.16,3.0,19.1,16.7,11.1,0.0,0.15,3.0,14.9,28.6,0.0,0.0,0.2,4.7,20.2,50.0,22.7,22.7,0.15,3.1,15.6,11.8,35.3,23.5,0.15,3.0,14.7,50.0,31.2,0.0,0.14,2.8,17.4,5.3,26.3,21.1,0.14,3.1,17.4,15.8,31.6,0.0,0.15,2.7,14.7,6.2,18.8,0.0,0.15,3.9,14.1,7.1,35.7,14.3,0.24,3.9,17.2,29.4,5.9,0.0,0.23,4.9,19.2,26.3,10.5,15.8,0.19,3.9,19.2,10.5,5.3,15.8,0.18,3.9,15.2,6.7,13.3,13.3,0.22,4.8,15.2,6.7,0.0,0.0,0.26,4.9,21.5,64.3,17.9,7.1,0.13,2.6,13.8,22.2,11.1,11.1,0.13,3.1,16.2,9.5,14.3,19.0,0.12,2.7,16.2,14.3,28.6,14.3,0.1,2.5,15.4,5.0,15.0,0.0,0.13,2.4,16.9,4.5,18.2,0.0,0.14,3.6
20260906,04,1,1800,5320,B1,群馬,25.0,48.0,3.41,14.67,1.14,0.0,70,17.31,12,25.86,5277,B1,福岡,24.0,47.0,4.68,22.78,5.12,19.23,75,24.07,13,32.5,4186,B1,埼玉,45.0,56.0,3.74,18.39,3.15,12.12,47,25.86,35,45.16,5164,B2,福岡,26.0,48.0,2.6,0.0,2.13,0.0,52,28.57,58,18.87,4289,A2,大阪,41.0,49.0,5.8,38.27,4.58,25.0,59,21.28,19,26.92,5314,B1,東京,25.0,52.0,3.11,10.13,1.71,2.38,34,39.29,44,32.76,12.8,9.1,9.1,18.2,0.22,3.9,17.4,6.7,0.0,0.0,0.2,3.3,19.8,5.9,11.8,5.9,0.17,3.1,16.3,7.1,0.0,0.0,0.17,3.1,16.3,7.1,0.0,0.0,0.14,3.3,17.4,13.3,0.0,0.0,0.19,4.0,15.3,52.9,23.5,17.6,0.16,2.6,15.3,17.6,35.3,23.5,0.15,3.1,19.8,9.1,22.7,27.3,0.13,2.1,18.9,9.5,9.5,42.9,0.15,2.5,14.4,12.5,12.5,0.0,0.19,3.0,16.2,22.2,0.0,0.0,0.13,3.4,14.3,36.4,9.1,9.1,0.15,2.9,16.9,15.4,23.1,0.0,0.2,4.0,20.8,18.8,12.5,0.0,0.16,3.1,18.2,7.1,7.1,14.3,0.15,2.9,18.2,7.1,0.0,0.0,0.19,4.7,11.7,0.0,0.0,0.0,0.19,3.9,12.0,33.3,16.7,16.7,0.25,3.5,22.0,27.3,18.2,0.0,0.2,4.6,22.0,9.1,0.0,0.0,0.21,4.6,10.0,0.0,0.0,0.0,0.27,4.4,24.0,8.3,0.0,0.0,0.24,3.8,10.0,0.0,0.0,0.0,0.21,3.4,20.0,66.7,14.8,11.1,0.13,1.7,19.3,34.6,11.5,26.9,0.14,2.8,14.1,15.8,36.8,0.0,0.13,2.5,17.0,8.7,21.7,26.1,0.15,2.7,16.3,18.2,13.6,0.0,0.13,2.7,13.3,33.3,0.0,0.0,0.13,2.4,13.5,30.0,20.0,0.0,0.14,2.8,18.9,7.1,28.6,0.0,0.16,3.1,16.2,8.3,0.0,0.0,0.21,3.2,21.6,18.8,18.8,0.0,0.19,3.0,9.5,0.0,0.0,0.0,0.2,3.7,20.3,6.7,0.0,0.0,0.21,3.9
20260906,04,2,1800,4283,B1,東京,42.0,50.0,3.82,7.35,3.85,3.7,73,33.33,51,47.69,5201,B2,東京,23.0,52.0,5.35,31.33,5.57,37.04,33,36.84,53,47.46,4275,B1,広島,43.0,53.0,3.37,13.56,0.0,0.0,63,28.33,48,23.08,5370,B2,福岡,24.0,47.0,1.27,2.22,0.0,0.0,49,25.49,50,24.59,4525,B1,福岡,38.0,47.0,4.69,27.94,6.09,45.45,28,16.67,40,25.53,4927,A2,大阪,32.0,44.0,6.08,42.45,5.72,44.83,13,30.36,47,36.73,15.9,21.4,28.6,0.0,0.17,3.3,17.0,6.7,13.3,33.3,0.16,2.7,20.5,27.8,0.0,0.0,0.17,2.9,15.9,7.1,7.1,21.4,0.16,3.0,17.0,13.3,0.0,0.0,0.16,3.3,13.6,8.3,16.7,0.0,0.2,3.9,13.8,75.0,0.0,0.0,0.21,4.8,13.8,50.0,25.0,0.0,0.25,3.4,17.2,20.0,20.0,0.0,0.19,3.2,24.1,28.6,28.6,0.0,0.17,4.3,13.8,25.0,0.0,0.0,0.18,4.5,17.2,20.0,0.0,0.0,0.29,5.6,16.5,15.4,15.4,15.4,0.24,4.2,17.7,7.1,28.6,0.0,0.19,4.6,19.0,6.7,20.0,0.0,0.27,4.5,13.9,9.1,9.1,0.0,0.15,3.5,17.7,7.1,14.3,0.0,0.2,3.6,15.2,0.0,0.0,0.0,0.24,4.8,0.0,0.0,0.0,0.0,0.0,0.0,0.0,0.0,0.0,0.0,0.0,0.0,0.0,0.0,0.0,0.0,0.0,0.0,24.6,5.9,0.0,0.0,0.16,3.4,23.2,0.0,0.0,0.0,0.23,4.0,52.2,0.0,0.0,0.0,0.19,3.8,13.8,54.5,9.1,9.1,0.16,2.5,22.5,22.2,33.3,16.7,0.11,2.3,18.8,26.7,20.0,0.0,0.14,2.1,17.5,7.1,35.7,0.0,0.14,2.9,16.2,23.1,0.0,0.0,0.15,3.5,11.2,11.1,0.0,0.0,0.12,2.9,19.5,57.7,11.5,3.8,0.15,2.6,18.0,20.8,8.3,25.0,0.16,3.4,18.0,8.3,37.5,12.5,0.14,3.0,15.8,4.8,42.9,0.0,0.18,3.3,15.0,5.0,25.0,25.0,0.15,2.4,13.5,5.6,11.1,11.1,0.17,3.7
20260906,04,3,1800,4854,B2,東京,31.0,43.0,3.94,19.15,4.76,23.53,60,50.0,11,29.63,4065,B1,岡山,46.0,43.0,5.16,35.14,0.0,0.0,64,30.19,26,35.85,4536,A2,岡山,36.0,47.0,5.81,40.38,5.91,27.27,53,28.89,45,36.67,5264,B1,兵庫,26.0,44.0,5.13,31.46,6.0,42.86,72,23.53,28,29.82,4874,B1,福岡,32.0,52.0,4.99,27.16,5.8,60.0,55,23.64,15,19.61,5253,B2,東京,23.0,54.0,3.36,6.9,3.51,16.48,69,28.85,24,44.44,15.8,22.2,44.4,0.0,0.21,3.7,19.3,27.3,27.3,0.0,0.19,4.1,15.8,11.1,11.1,11.1,0.22,3.3,21.1,8.3,16.7,8.3,0.18,3.1,15.8,22.2,0.0,0.0,0.13,2.3,12.3,14.3,14.3,0.0,0.14,3.1,15.3,40.0,26.7,6.7,0.14,2.9,17.3,17.6,17.6,11.8,0.16,3.4,18.4,11.1,33.3,11.1,0.21,3.8,20.4,30.0,0.0,0.0,0.19,3.9,16.3,12.5,18.8,6.2,0.16,3.6,12.2,8.3,0.0,0.0,0.17,3.9,20.9,59.3,14.8,14.8,0.16,2.4,17.8,26.1,26.1,13.0,0.13,2.4,14.0,11.1,44.4,11.1,0.14,2.2,14.7,15.8,15.8,42.1,0.15,2.6,19.4,8.0,8.0,44.0,0.18,4.0,13.2,5.9,17.6,0.0,0.17,4.3,12.9,13.3,13.3,40.0,0.16,3.2,19.8,13.0,26.1,30.4,0.13,2.5,19.0,9.1,9.1,36.4,0.14,2.7,12.9,20.0,20.0,0.0,0.16,3.0,17.2,10.0,15.0,15.0,0.14,2.8,18.1,4.8,28.6,0.0,0.17,3.3,18.1,23.5,17.6,23.5,0.16,2.9,54.3,11.8,3.9,29.4,0.15,2.9,23.4,4.5,18.2,18.2,0.13,2.3,2.1,0.0,0.0,0.0,0.18,4.0,2.1,50.0,0.0,0.0,0.18,3.0,0.0,0.0,0.0,0.0,0.0,0.0,12.8,0.0,0.0,0.0,0.28,5.8,17.9,14.3,42.9,0.0,0.25,5.6,10.3,0.0,0.0,0.0,0.24,4.0,20.5,25.0,12.5,0.0,0.26,5.1,10.3,25.0,0.0,0.0,0.25,5.0,28.2,0.0,0.0,0.0,0.29,5.5
20260906,04,4,1800,4090,B2,埼玉,45.0,54.0,6.07,45.71,7.08,50.0,48,29.31,54,36.51,3551,B1,福岡,54.0,44.0,3.85,18.31,3.8,20.0,40,40.74,27,16.0,5310,B1,岡山,21.0,46.0,4.62,16.9,1.87,0.0,57,23.91,36,30.43,4690,B2,東京,32.0,48.0,5.18,31.11,5.79,37.1,37,37.1,33,32.2,4882,B2,広島,30.0,48.0,3.24,14.71,4.9,20.0,71,28.81,38,50.0,4478,A1,群馬,38.0,49.0,5.95,41.67,6.35,48.15,74,33.96,32,36.07,19.3,50.0,18.8,0.0,0.11,2.0,15.7,15.4,46.2,15.4,0.15,3.5,12.0,40.0,50.0,0.0,0.14,2.9,9.6,12.5,25.0,25.0,0.18,3.8,19.3,18.8,12.5,0.0,0.16,3.3,24.1,5.0,10.0,15.0,0.22,4.7,13.3,27.3,9.1,27.3,0.21,3.6,21.7,11.1,16.7,11.1,0.19,3.1,15.7,7.7,7.7,0.0,0.24,4.6,16.9,7.1,0.0,0.0,0.22,4.0,21.7,5.6,5.6,11.1,0.17,3.2,10.8,11.1,0.0,0.0,0.19,4.1,11.4,33.3,33.3,0.0,0.2,3.9,19.0,13.3,26.7,0.0,0.19,3.4,21.5,5.9,17.6,23.5,0.12,2.4,13.9,9.1,9.1,9.1,0.14,3.1,16.5,23.1,0.0,0.0,0.14,2.8,17.7,14.3,7.1,0.0,0.19,4.6,0.0,0.0,0.0,0.0,0.0,0.0,0.0,0.0,0.0,0.0,0.0,0.0,0.0,0.0,0.0,0.0,0.0,0.0,0.0,0.0,0.0,0.0,0.0,0.0,0.0,0.0,0.0,0.0,0.0,0.0,0.0,0.0,0.0,0.0,0.0,0.0,11.1,28.6,28.6,0.0,0.21,4.0,17.5,18.2,18.2,0.0,0.23,3.9,14.3,11.1,22.2,0.0,0.19,4.1,11.1,14.3,28.6,0.0,0.19,3.1,17.5,9.1,0.0,0.0,0.19,4.1,28.6,5.6,0.0,0.0,0.34,5.6,21.2,68.0,12.0,8.0,0.17,3.2,16.9,20.0,35.0,35.0,0.14,3.5,18.6,27.3,4.5,36.4,0.15,3.0,14.4,23.5,23.5,29.4,0.14,2.6,14.4,5.9,23.5,23.5,0.16,3.4,14.4,23.5,0.0,0.0,0.19,3.9
20260906,04,5,1800,4895,A2,東京,35.0,55.0,4.82,22.73,5.25,23.94,56,17.65,23,38.46,5165,B1,岡山,26.0,47.0,4.6,23.17,5.43,26.67,22,16.98,66,26.32,4998,B2,東京,33.0,49.0,4.71,31.75,4.59,22.73,15,30.61,17,38.0,4414,B1,東京,39.0,45.0,3.9,23.88,3.77,28.57,44,14.89,43,33.87,4387,A1,香川,41.0,45.0,6.73,48.67,6.47,50.0,21,42.59,30,33.96,5213,B1,群馬,27.0,46.0,5.26,36.19,6.2,40.0,54,20.41,57,52.63,13.8,54.5,27.3,0.0,0.14,2.9,17.5,21.4,21.4,14.3,0.17,3.1,21.2,17.6,11.8,29.4,0.15,2.9,16.2,15.4,15.4,15.4,0.13,3.1,18.8,6.7,13.3,26.7,0.15,2.4,12.5,40.0,0.0,0.0,0.16,2.3,15.1,37.5,18.8,0.0,0.15,2.5,17.0,16.7,11.1,11.1,0.16,2.9,17.0,5.6,16.7,16.7,0.18,2.7,14.2,6.7,6.7,33.3,0.16,3.9,20.8,4.5,13.6,9.1,0.17,3.3,16.0,5.9,11.8,0.0,0.17,3.5,9.4,66.7,33.3,0.0,0.08,3.0,15.6,20.0,40.0,0.0,0.19,2.4,15.6,20.0,0.0,0.0,0.12,2.6,25.0,12.5,0.0,0.0,0.13,2.3,21.9,14.3,14.3,0.0,0.13,3.0,12.5,0.0,0.0,0.0,0.18,2.8,10.8,55.6,33.3,0.0,0.16,1.7,20.5,5.9,17.6,23.5,0.16,3.2,25.3,4.8,38.1,4.8,0.17,3.0,18.1,13.3,6.7,0.0,0.2,3.8,15.7,15.4,0.0,0.0,0.23,4.5,9.6,0.0,0.0,0.0,0.21,4.0,20.8,61.5,11.5,11.5,0.17,3.4,12.8,25.0,12.5,25.0,0.14,2.7,18.4,34.8,34.8,8.7,0.14,2.6,16.8,19.0,19.0,28.6,0.16,2.8,17.6,9.1,13.6,9.1,0.16,2.9,13.6,5.9,29.4,0.0,0.16,3.8,16.7,61.1,22.2,11.1,0.16,3.0,14.8,18.8,37.5,12.5,0.17,4.4,19.4,14.3,19.0,14.3,0.18,4.0,15.7,11.8,5.9,23.5,0.2,4.4,14.8,6.2,12.5,0.0,0.22,4.6,18.5,15.0,0.0,0.0,0.24,5.0
20260906,04,6,1800,4844,B1,広島,33.0,51.0,3.91,17.39,4.5,25.0,43,42.59,37,23.73,4847,A1,東京,32.0,53.0,6.85,46.96,7.71,62.5,26,31.03,55,36.23,4289,A2,大阪,41.0,49.0,5.8,38.27,4.58,25.0,59,21.28,19,26.92,4941,B1,滋賀,37.0,44.0,4.61,27.78,4.4,13.33,31,31.25,34,29.17,4781,B2,東京,39.0,50.0,3.63,22.86,3.89,16.67,45,24.49,31,23.64,5454,B2,埼玉,20.0,48.0,1.57,1.96,0.0,0.0,65,32.79,18,35.56,14.9,40.0,30.0,10.0,0.18,3.4,21.6,6.9,34.5,17.2,0.15,3.3,17.9,4.2,29.2,20.8,0.15,2.7,17.2,8.7,13.0,4.3,0.16,3.5,19.4,3.8,19.2,0.0,0.21,4.1,9.0,0.0,0.0,0.0,0.25,4.9,18.9,82.4,11.8,0.0,0.13,2.8,16.7,26.7,26.7,20.0,0.13,3.5,15.6,21.4,21.4,21.4,0.18,3.0,20.0,16.7,11.1,22.2,0.14,3.1,13.3,25.0,8.3,25.0,0.17,4.3,15.6,7.1,14.3,0.0,0.2,3.9,20.0,66.7,14.8,11.1,0.13,1.7,19.3,34.6,11.5,26.9,0.14,2.8,14.1,15.8,36.8,0.0,0.13,2.5,17.0,8.7,21.7,26.1,0.15,2.7,16.3,18.2,13.6,0.0,0.13,2.7,13.3,33.3,0.0,0.0,0.13,2.4,13.8,33.3,26.7,13.3,0.23,4.7,18.3,15.0,20.0,20.0,0.19,3.9,18.3,15.0,5.0,45.0,0.2,4.0,18.3,15.0,10.0,15.0,0.23,4.4,15.6,5.9,11.8,0.0,0.21,5.2,15.6,5.9,29.4,0.0,0.17,4.2,15.4,50.0,0.0,0.0,0.09,3.0,7.7,100.0,0.0,0.0,0.14,2.0,30.8,25.0,25.0,0.0,0.23,3.3,15.4,0.0,0.0,0.0,0.17,3.0,23.1,33.3,0.0,0.0,0.19,3.7,7.7,0.0,0.0,0.0,0.19,3.0,0.0,0.0,0.0,0.0,0.0,0.0,0.0,0.0,0.0,0.0,0.0,0.0,0.0,0.0,0.0,0.0,0.0,0.0,0.0,0.0,0.0,0.0,0.0,0.0,0.0,0.0,0.0,0.0,0.0,0.0,0.0,0.0,0.0,0.0,0.0,0.0
20260906,04,7,1800,3993,B1,東京,47.0,45.0,5.49,34.52,5.27,33.33,20,18.37,49,18.03,4175,A2,埼玉,43.0,55.0,5.66,43.75,4.84,31.82,35,22.64,56,27.08,5003,B1,兵庫,30.0,47.0,4.87,34.04,4.28,24.0,32,23.21,16,34.09,3845,A2,兵庫,49.0,45.0,6.15,49.25,4.71,28.57,18,34.62,41,37.04,4275,B1,広島,43.0,53.0,3.37,13.56,0.0,0.0,63,28.33,48,23.08,4791,B1,東京,36.0,48.0,5.88,37.38,5.9,43.33,66,29.09,14,40.43,18.3,36.8,5.3,31.6,0.16,3.4,16.3,52.9,11.8,0.0,0.18,3.2,19.2,10.0,25.0,35.0,0.15,2.5,16.3,11.8,23.5,11.8,0.18,2.9,19.2,10.0,25.0,0.0,0.17,3.4,10.6,18.2,0.0,0.0,0.13,2.9,16.7,76.5,17.6,5.9,0.14,3.0,15.7,6.2,43.8,12.5,0.17,3.4,18.6,15.8,36.8,10.5,0.14,2.7,21.6,9.1,18.2,36.4,0.12,2.4,17.6,11.1,16.7,27.8,0.14,3.1,9.8,20.0,20.0,0.0,0.16,3.5,14.3,56.2,18.8,0.0,0.19,3.5,18.8,9.5,19.0,19.0,0.15,3.7,20.5,8.7,17.4,8.7,0.17,3.6,22.3,8.0,20.0,20.0,0.16,2.8,17.0,15.8,10.5,0.0,0.14,2.5,7.1,0.0,0.0,0.0,0.18,2.9,16.2,30.8,15.4,23.1,0.2,4.2,18.8,26.7,20.0,13.3,0.19,4.3,20.0,31.2,12.5,25.0,0.2,4.2,21.2,11.8,35.3,0.0,0.21,4.4,17.5,21.4,14.3,0.0,0.22,4.4,6.2,60.0,0.0,0.0,0.23,5.0,16.5,15.4,15.4,15.4,0.24,4.2,17.7,7.1,28.6,0.0,0.19,4.6,19.0,6.7,20.0,0.0,0.27,4.5,13.9,9.1,9.1,0.0,0.15,3.5,17.7,7.1,14.3,0.0,0.2,3.6,15.2,0.0,0.0,0.0,0.24,4.8,15.1,35.7,14.3,14.3,0.19,3.5,18.3,17.6,29.4,11.8,0.19,3.6,22.6,19.0,33.3,9.5,0.18,3.1,11.8,27.3,27.3,0.0,0.2,3.3,14.0,15.4,15.4,0.0,0.19,3.9,18.3,23.5,0.0,0.0,0.23,4.9
20260906,04,8,1800,5164,B2,福岡,26.0,48.0,2.6,0.0,2.13,0.0,52,28.57,58,18.87,4240,A2,群馬,42.0,44.0,5.5,33.98,6.17,45.71,39,12.5,25,53.85,4283,B1,東京,42.0,50.0,3.82,7.35,3.85,3.7,73,33.33,51,47.69,5357,B2,埼玉,21.0,55.0,1.57,0.0,1.38,0.0,67,18.52,29,32.56,4065,B1,岡山,46.0,43.0,5.16,35.14,0.0,0.0,64,30.19,26,35.85,4266,A1,東京,41.0,54.0,7.24,50.0,7.13,55.95,23,42.59,21,13.64,12.0,33.3,16.7,16.7,0.25,3.5,22.0,27.3,18.2,0.0,0.2,4.6,22.0,9.1,0.0,0.0,0.21,4.6,10.0,0.0,0.0,0.0,0.27,4.4,24.0,8.3,0.0,0.0,0.24,3.8,10.0,0.0,0.0,0.0,0.21,3.4,17.6,52.6,21.1,0.0,0.14,2.4,18.5,20.0,45.0,20.0,0.13,2.2,18.5,5.0,30.0,25.0,0.13,2.4,15.7,17.6,23.5,23.5,0.14,1.9,13.9,13.3,40.0,0.0,0.16,2.9,15.7,5.9,11.8,5.9,0.18,3.5,15.9,21.4,28.6,0.0,0.17,3.3,17.0,6.7,13.3,33.3,0.16,2.7,20.5,27.8,0.0,0.0,0.17,2.9,15.9,7.1,7.1,21.4,0.16,3.0,17.0,13.3,0.0,0.0,0.16,3.3,13.6,8.3,16.7,0.0,0.2,3.9,8.6,16.7,0.0,0.0,0.26,4.7,5.7,0.0,0.0,0.0,0.35,5.3,14.3,0.0,0.0,0.0,0.19,2.9,11.4,0.0,0.0,0.0,0.15,3.6,14.3,10.0,0.0,0.0,0.14,2.3,45.7,0.0,0.0,0.0,0.18,4.1,15.3,40.0,26.7,6.7,0.14,2.9,17.3,17.6,17.6,11.8,0.16,3.4,18.4,11.1,33.3,11.1,0.21,3.8,20.4,30.0,0.0,0.0,0.19,3.9,16.3,12.5,18.8,6.2,0.16,3.6,12.2,8.3,0.0,0.0,0.17,3.9,21.8,77.8,11.1,0.0,0.13,2.3,16.9,14.3,28.6,9.5,0.15,3.6,13.7,29.4,23.5,29.4,0.13,2.9,21.0,7.7,11.5,23.1,0.16,3.8,12.9,18.8,18.8,0.0,0.14,3.0,13.7,11.8,17.6,0.0,0.18,4.7
20260906,04,9,1800,5310,B1,岡山,21.0,46.0,4.62,16.9,1.87,0.0,57,23.91,36,30.43,5314,B1,東京,25.0,52.0,3.11,10.13,1.71,2.38,34,39.29,44,32.76,4927,A2,大阪,32.0,44.0,6.08,42.45,5.72,44.83,13,30.36,47,36.73,5165,B1,岡山,26.0,47.0,4.6,23.17,5.43,26.67,22,16.98,66,26.32,5253,B2,東京,23.0,54.0,3.36,6.9,3.51,16.48,69,28.85,24,44.44,4730,B1,静岡,37.0,47.0,5.38,32.1,3.89,33.33,16,46.03,52,40.98,11.4,33.3,33.3,0.0,0.2,3.9,19.0,13.3,26.7,0.0,0.19,3.4,21.5,5.9,17.6,23.5,0.12,2.4,13.9,9.1,9.1,9.1,0.14,3.1,16.5,23.1,0.0,0.0,0.14,2.8,17.7,14.3,7.1,0.0,0.19,4.6,13.5,30.0,20.0,0.0,0.14,2.8,18.9,7.1,28.6,0.0,0.16,3.1,16.2,8.3,0.0,0.0,0.21,3.2,21.6,18.8,18.8,0.0,0.19,3.0,9.5,0.0,0.0,0.0,0.2,3.7,20.3,6.7,0.0,0.0,0.21,3.9,19.5,57.7,11.5,3.8,0.15,2.6,18.0,20.8,8.3,25.0,0.16,3.4,18.0,8.3,37.5,12.5,0.14,3.0,15.8,4.8,42.9,0.0,0.18,3.3,15.0,5.0,25.0,25.0,0.15,2.4,13.5,5.6,11.1,11.1,0.17,3.7,15.1,37.5,18.8,0.0,0.15,2.5,17.0,16.7,11.1,11.1,0.16,2.9,17.0,5.6,16.7,16.7,0.18,2.7,14.2,6.7,6.7,33.3,0.16,3.9,20.8,4.5,13.6,9.1,0.17,3.3,16.0,5.9,11.8,0.0,0.17,3.5,12.8,0.0,0.0,0.0,0.28,5.8,17.9,14.3,42.9,0.0,0.25,5.6,10.3,0.0,0.0,0.0,0.24,4.0,20.5,25.0,12.5,0.0,0.26,5.1,10.3,25.0,0.0,0.0,0.25,5.0,28.2,0.0,0.0,0.0,0.29,5.5,17.0,43.8,12.5,25.0,0.15,2.4,19.1,5.6,27.8,16.7,0.18,3.5,16.0,13.3,26.7,20.0,0.13,2.1,23.4,13.6,9.1,18.2,0.19,3.5,13.8,7.7,15.4,15.4,0.18,3.4,10.6,10.0,30.0,0.0,0.19,4.5
20260906,04,10,1800,4501,B1,岡山,38.0,45.0,5.09,32.61,5.53,31.58,17,26.67,20,34.55,4478,A1,群馬,38.0,49.0,5.95,41.67,6.35,48.15,74,33.96,32,36.07,4893,B1,東京,35.0,47.0,5.16,34.09,4.98,32.08,29,44.44,39,29.63,5361,B1,東京,19.0,48.0,2.71,5.71,2.31,4.92,27,37.5,22,31.37,4998,B2,東京,33.0,49.0,4.71,31.75,4.59,22.73,15,30.61,17,38.0,4186,B1,埼玉,45.0,56.0,3.74,18.39,3.15,12.12,47,25.86,35,45.16,19.8,57.7,15.4,3.8,0.14,2.0,14.5,5.3,31.6,36.8,0.14,2.5,17.6,17.4,21.7,0.0,0.16,3.4,15.3,5.0,15.0,0.0,0.16,3.0,16.8,9.1,9.1,9.1,0.15,3.2,16.0,4.8,9.5,0.0,0.16,3.5,21.2,68.0,12.0,8.0,0.17,3.2,16.9,20.0,35.0,35.0,0.14,3.5,18.6,27.3,4.5,36.4,0.15,3.0,14.4,23.5,23.5,29.4,0.14,2.6,14.4,5.9,23.5,23.5,0.16,3.4,14.4,23.5,0.0,0.0,0.19,3.9,17.6,53.3,6.7,20.0,0.15,2.5,16.5,14.3,21.4,21.4,0.17,3.2,18.8,25.0,12.5,6.2,0.15,2.5,14.1,8.3,33.3,0.0,0.17,2.7,18.8,18.8,12.5,6.2,0.14,2.8,14.1,8.3,0.0,0.0,0.18,2.9,1.4,0.0,0.0,0.0,0.55,6.0,2.7,0.0,0.0,0.0,0.23,3.5,6.8,20.0,0.0,0.0,0.18,4.0,23.3,17.6,0.0,0.0,0.24,3.6,27.4,5.0,5.0,0.0,0.23,4.2,38.4,3.6,7.1,0.0,0.22,4.6,9.4,66.7,33.3,0.0,0.08,3.0,15.6,20.0,40.0,0.0,0.19,2.4,15.6,20.0,0.0,0.0,0.12,2.6,25.0,12.5,0.0,0.0,0.13,2.3,21.9,14.3,14.3,0.0,0.13,3.0,12.5,0.0,0.0,0.0,0.18,2.8,14.3,36.4,9.1,9.1,0.15,2.9,16.9,15.4,23.1,0.0,0.2,4.0,20.8,18.8,12.5,0.0,0.16,3.1,18.2,7.1,7.1,14.3,0.15,2.9,18.2,7.1,0.0,0.0,0.19,4.7,11.7,0.0,0.0,0.0,0.19,3.9
20260906,04,11,1800,4387,A1,香川,41.0,45.0,6.73,48.67,6.47,50.0,21,42.59,30,33.96,5320,B1,群馬,25.0,48.0,3.41,14.67,1.14,0.0,70,17.31,12,25.86,5201,B2,東京,23.0,52.0,5.35,31.33,5.57,37.04,33,36.84,53,47.46,4874,B1,福岡,32.0,52.0,4.99,27.16,5.8,60.0,55,23.64,15,19.61,4844,B1,広島,33.0,51.0,3.91,17.39,4.5,25.0,43,42.59,37,23.73,4690,B2,東京,32.0,48.0,5.18,31.11,5.79,37.1,37,37.1,33,32.2,20.8,61.5,11.5,11.5,0.17,3.4,12.8,25.0,12.5,25.0,0.14,2.7,18.4,34.8,34.8,8.7,0.14,2.6,16.8,19.0,19.0,28.6,0.16,2.8,17.6,9.1,13.6,9.1,0.16,2.9,13.6,5.9,29.4,0.0,0.16,3.8,12.8,9.1,9.1,18.2,0.22,3.9,17.4,6.7,0.0,0.0,0.2,3.3,19.8,5.9,11.8,5.9,0.17,3.1,16.3,7.1,0.0,0.0,0.17,3.1,16.3,7.1,0.0,0.0,0.14,3.3,17.4,13.3,0.0,0.0,0.19,4.0,13.8,75.0,0.0,0.0,0.21,4.8,13.8,50.0,25.0,0.0,0.25,3.4,17.2,20.0,20.0,0.0,0.19,3.2,24.1,28.6,28.6,0.0,0.17,4.3,13.8,25.0,0.0,0.0,0.18,4.5,17.2,20.0,0.0,0.0,0.29,5.6,18.1,23.5,17.6,23.5,0.16,2.9,54.3,11.8,3.9,29.4,0.15,2.9,23.4,4.5,18.2,18.2,0.13,2.3,2.1,0.0,0.0,0.0,0.18,4.0,2.1,50.0,0.0,0.0,0.18,3.0,0.0,0.0,0.0,0.0,0.0,0.0,14.9,40.0,30.0,10.0,0.18,3.4,21.6,6.9,34.5,17.2,0.15,3.3,17.9,4.2,29.2,20.8,0.15,2.7,17.2,8.7,13.0,4.3,0.16,3.5,19.4,3.8,19.2,0.0,0.21,4.1,9.0,0.0,0.0,0.0,0.25,4.9,0.0,0.0,0.0,0.0,0.0,0.0,0.0,0.0,0.0,0.0,0.0,0.0,0.0,0.0,0.0,0.0,0.0,0.0,0.0,0.0,0.0,0.0,0.0,0.0,0.0,0.0,0.0,0.0,0.0,0.0,0.0,0.0,0.0,0.0,0.0,0.0
20260906,04,12,1800,4847,A1,東京,32.0,53.0,6.85,46.96,7.71,62.5,26,31.03,55,36.23,4525,B1,福岡,38.0,47.0,4.69,27.94,6.09,45.45,28,16.67,40,25.53,4414,B1,東京,39.0,45.0,3.9,23.88,3.77,28.57,44,14.89,43,33.87,4536,A2,岡山,36.0,47.0,5.81,40.38,5.91,27.27,53,28.89,45,36.67,5003,B1,兵庫,30.0,47.0,4.87,34.04,4.28,24.0,32,23.21,16,34.09,3551,B1,福岡,54.0,44.0,3.85,18.31,3.8,20.0,40,40.74,27,16.0,18.9,82.4,11.8,0.0,0.13,2.8,16.7,26.7,26.7,20.0,0.13,3.5,15.6,21.4,21.4,21.4,0.18,3.0,20.0,16.7,11.1,22.2,0.14,3.1,13.3,25.0,8.3,25.0,0.17,4.3,15.6,7.1,14.3,0.0,0.2,3.9,13.8,54.5,9.1,9.1,0.16,2.5,22.5,22.2,33.3,16.7,0.11,2.3,18.8,26.7,20.0,0.0,0.14,2.1,17.5,7.1,35.7,0.0,0.14,2.9,16.2,23.1,0.0,0.0,0.15,3.5,11.2,11.1,0.0,0.0,0.12,2.9,10.8,55.6,33.3,0.0,0.16,1.7,20.5,5.9,17.6,23.5,0.16,3.2,25.3,4.8,38.1,4.8,0.17,3.0,18.1,13.3,6.7,0.0,0.2,3.8,15.7,15.4,0.0,0.0,0.23,4.5,9.6,0.0,0.0,0.0,0.21,4.0,20.9,59.3,14.8,14.8,0.16,2.4,17.8,26.1,26.1,13.0,0.13,2.4,14.0,11.1,44.4,11.1,0.14,2.2,14.7,15.8,15.8,42.1,0.15,2.6,19.4,8.0,8.0,44.0,0.18,4.0,13.2,5.9,17.6,0.0,0.17,4.3,14.3,56.2,18.8,0.0,0.19,3.5,18.8,9.5,19.0,19.0,0.15,3.7,20.5,8.7,17.4,8.7,0.17,3.6,22.3,8.0,20.0,20.0,0.16,2.8,17.0,15.8,10.5,0.0,0.14,2.5,7.1,0.0,0.0,0.0,0.18,2.9,13.3,27.3,9.1,27.3,0.21,3.6,21.7,11.1,16.7,11.1,0.19,3.1,15.7,7.7,7.7,0.0,0.24,4.6,16.9,7.1,0.0,0.0,0.22,4.0,21.7,5.6,5.6,11.1,0.17,3.2,10.8,11.1,0.0,0.0,0.19,4.1
20260906,03,1,1800,5279,B1,東京,23.0,54.0,5.89,40.0,5.54,38.43,18,30.16,52,32.76,5053,B1,福岡,30.0,55.0,3.8,19.7,5.03,33.33,10,38.71,26,38.33,4407,B1,群馬,40.0,59.0,4.66,24.51,5.35,33.33,45,30.65,29,44.07,5378,B2,静岡,22.0,51.0,1.67,0.0,1.43,0.0,68,37.7,33,28.57,5071,B1,福岡,32.0,53.0,4.33,20.29,5.25,30.56,32,39.34,10,44.26,5427,B1,東京,24.0,53.0,3.05,6.02,3.06,5.56,16,37.1,47,36.92,17.0,53.3,26.7,0.0,0.14,2.4,21.6,21.1,10.5,15.8,0.18,3.8,15.9,7.1,28.6,21.4,0.16,3.4,13.6,16.7,8.3,0.0,0.16,3.5,15.9,7.1,21.4,21.4,0.15,3.3,15.9,14.3,14.3,0.0,0.17,3.6,15.1,46.2,15.4,23.1,0.17,2.9,12.8,36.4,18.2,0.0,0.17,4.3,17.4,6.7,6.7,0.0,0.14,2.3,15.1,7.7,15.4,0.0,0.16,2.7,15.1,23.1,7.7,0.0,0.17,3.2,24.4,4.8,4.8,0.0,0.2,4.7,16.5,41.2,29.4,5.9,0.14,2.2,17.5,16.7,22.2,22.2,0.16,3.1,17.5,5.6,44.4,0.0,0.18,3.1,14.6,26.7,26.7,0.0,0.18,3.6,15.5,12.5,31.2,0.0,0.2,3.8,18.4,5.3,15.8,0.0,0.21,4.5,0.0,0.0,0.0,0.0,0.0,0.0,0.0,0.0,0.0,0.0,0.0,0.0,0.0,0.0,0.0,0.0,0.0,0.0,17.4,12.5,0.0,0.0,0.21,4.3,32.6,3.3,3.3,0.0,0.21,3.8,50.0,2.2,2.2,0.0,0.21,3.9,14.8,30.8,7.7,30.8,0.11,1.5,18.2,18.8,18.8,12.5,0.13,2.8,18.2,12.5,18.8,37.5,0.11,1.9,17.0,6.7,6.7,26.7,0.17,2.8,18.2,6.2,12.5,0.0,0.14,2.4,13.6,8.3,8.3,0.0,0.13,2.8,0.0,0.0,0.0,0.0,0.0,0.0,0.0,0.0,0.0,0.0,0.0,0.0,0.0,0.0,0.0,0.0,0.0,0.0,0.0,0.0,0.0,0.0,0.0,0.0,0.0,0.0,0.0,0.0,0.0,0.0,100.0,1.1,1.1,8.6,0.22,4.5
20260906,03,2,1800,4896,B1,山口,34.0,58.0,4.15,23.53,3.69,9.38,12,38.71,50,26.23,4598,B1,東京,42.0,53.0,6.09,47.66,6.45,48.92,71,43.55,39,45.9,3664,B1,埼玉,56.0,56.0,4.5,29.41,0.0,0.0,65,43.33,12,31.67,4981,B1,佐賀,30.0,52.0,5.22,26.67,5.39,31.71,14,15.87,13,42.19,4640,A2,福岡,35.0,54.0,5.84,37.19,7.0,50.0,22,32.2,35,26.98,3685,A2,岡山,52.0,59.0,6.28,47.44,5.65,41.27,66,25.81,69,21.88,14.0,35.7,14.3,21.4,0.19,3.2,16.0,6.2,6.2,12.5,0.18,3.5,18.0,11.1,11.1,27.8,0.17,3.2,17.0,5.9,29.4,17.6,0.16,2.6,19.0,26.3,0.0,0.0,0.17,3.5,16.0,18.8,0.0,0.0,0.22,4.4,19.8,45.5,22.7,4.5,0.14,3.1,15.3,11.8,35.3,17.6,0.16,3.2,14.4,25.0,25.0,12.5,0.14,2.7,18.0,5.0,30.0,20.0,0.16,4.1,12.6,7.1,7.1,14.3,0.14,3.9,19.8,4.5,13.6,0.0,0.21,5.2,15.5,33.3,26.7,33.3,0.13,2.9,18.6,22.2,27.8,0.0,0.14,3.8,16.5,12.5,37.5,0.0,0.13,2.7,15.5,13.3,6.7,20.0,0.19,4.1,18.6,5.6,33.3,0.0,0.22,4.3,15.5,6.7,13.3,6.7,0.23,4.7,12.6,45.5,9.1,0.0,0.2,4.2,13.8,25.0,41.7,0.0,0.16,3.5,18.4,6.2,25.0,43.8,0.16,3.5,19.5,5.9,5.9,35.3,0.17,4.1,18.4,6.2,37.5,12.5,0.18,4.1,17.2,13.3,0.0,0.0,0.2,4.9,20.9,58.6,31.0,6.9,0.14,1.7,12.2,5.9,23.5,35.3,0.15,3.5,20.1,17.9,28.6,21.4,0.15,2.4,16.5,13.0,21.7,21.7,0.14,2.6,16.5,8.7,4.3,34.8,0.14,2.7,13.7,10.5,26.3,0.0,0.14,3.2,15.1,50.0,7.1,7.1,0.15,2.9,17.2,12.5,37.5,18.8,0.13,2.8,19.4,5.6,33.3,5.6,0.15,2.8,16.1,13.3,33.3,13.3,0.15,2.7,17.2,6.2,25.0,25.0,0.17,3.1,15.1,7.1,14.3,0.0,0.17,3.1
20260906,03,3,1800,3857,B1,東京,53.0,56.0,4.8,27.38,4.43,28.57,30,52.46,61,43.1,4004,B1,長崎,48.0,52.0,4.89,28.0,6.29,57.14,35,31.75,17,37.1,4189,A1,福岡,45.0,55.0,5.63,32.43,5.88,37.5,28,38.6,11,17.24,4142,A2,愛知,45.0,55.0,5.63,34.65,5.86,38.64,64,45.16,27,59.68,3839,B1,静岡,51.0,65.0,2.98,9.64,4.84,27.5,27,36.84,46,35.71,4888,B1,群馬,38.0,52.0,6.01,44.87,5.31,31.25,17,31.75,71,35.94,8.9,30.0,10.0,10.0,0.2,3.8,15.2,29.4,23.5,0.0,0.19,3.9,10.7,16.7,16.7,0.0,0.21,4.3,14.3,18.8,12.5,0.0,0.24,4.8,15.2,11.8,5.9,11.8,0.21,4.0,35.7,12.5,12.5,10.0,0.2,4.1,15.1,38.9,38.9,5.6,0.14,2.9,17.6,14.3,23.8,19.0,0.18,3.8,18.5,13.6,9.1,18.2,0.18,3.1,20.2,8.3,16.7,37.5,0.19,3.5,18.5,9.1,4.5,27.3,0.16,3.5,10.1,8.3,8.3,0.0,0.2,4.2,22.5,73.5,2.9,11.8,0.16,2.9,21.9,12.1,21.2,30.3,0.15,3.8,18.5,35.7,21.4,21.4,0.17,2.9,17.9,29.6,22.2,14.8,0.16,3.1,11.9,16.7,5.6,22.2,0.16,3.1,7.3,27.3,0.0,0.0,0.2,4.3,18.8,45.5,31.8,18.2,0.17,3.0,17.9,19.0,19.0,28.6,0.18,3.8,16.2,10.5,36.8,31.6,0.17,3.6,19.7,8.7,47.8,0.0,0.18,4.0,14.5,5.9,17.6,0.0,0.21,4.0,12.8,6.7,0.0,0.0,0.17,4.6,13.6,7.1,28.6,14.3,0.14,2.6,16.5,5.9,5.9,0.0,0.17,3.4,19.4,10.0,20.0,0.0,0.19,3.1,17.5,16.7,5.6,0.0,0.19,3.2,17.5,22.2,0.0,0.0,0.21,3.9,15.5,6.2,18.8,0.0,0.23,4.9,15.8,37.5,12.5,12.5,0.22,3.9,15.8,6.2,37.5,18.8,0.18,4.3,18.8,10.5,15.8,21.1,0.22,3.9,21.8,9.1,9.1,18.2,0.18,3.9,14.9,26.7,0.0,0.0,0.16,3.7,12.9,15.4,23.1,0.0,0.18,4.2
20260906,03,4,1800,4257,B1,広島,42.0,52.0,5.22,34.62,5.0,34.04,34,50.0,65,24.56,3956,A2,静岡,49.0,57.0,5.88,38.83,6.67,38.89,63,30.16,53,49.21,3303,B1,東京,58.0,55.0,4.35,18.69,6.28,43.95,11,19.67,37,29.82,4452,A2,香川,38.0,53.0,5.17,33.94,6.43,46.94,69,40.68,62,30.0,4258,B1,埼玉,42.0,52.0,4.85,32.94,5.6,38.75,29,19.67,38,26.32,3655,B1,群馬,52.0,55.0,4.78,22.73,6.38,45.28,23,37.7,64,46.55,12.9,33.3,16.7,0.0,0.18,2.8,16.1,26.7,20.0,0.0,0.15,3.1,20.4,10.5,15.8,0.0,0.17,2.9,18.3,23.5,11.8,17.6,0.14,2.8,16.1,6.7,13.3,6.7,0.17,3.3,16.1,6.7,6.7,6.7,0.18,3.8,20.9,66.7,8.3,12.5,0.19,3.8,15.7,22.2,27.8,11.1,0.16,3.2,17.4,20.0,40.0,15.0,0.16,3.2,14.8,5.9,17.6,29.4,0.18,2.7,20.9,8.3,16.7,20.8,0.17,3.4,10.4,8.3,8.3,8.3,0.15,3.5,20.5,53.8,19.2,7.7,0.19,3.7,18.1,30.4,30.4,0.0,0.2,4.3,15.7,35.0,30.0,0.0,0.21,4.2,18.1,8.7,8.7,34.8,0.2,4.5,13.4,11.8,17.6,0.0,0.19,4.4,14.2,5.6,0.0,0.0,0.22,5.1,21.3,48.1,29.6,7.4,0.16,3.2,16.5,14.3,19.0,9.5,0.15,3.4,15.7,25.0,15.0,25.0,0.15,2.8,13.4,29.4,17.6,0.0,0.2,4.4,18.1,21.7,8.7,0.0,0.2,4.3,15.0,5.3,10.5,10.5,0.19,4.7,15.8,40.0,13.3,20.0,0.14,2.7,14.7,28.6,14.3,21.4,0.16,3.3,18.9,5.6,50.0,5.6,0.16,3.1,16.8,6.2,12.5,6.2,0.18,3.9,18.9,5.6,5.6,0.0,0.2,4.3,14.7,21.4,0.0,0.0,0.21,4.2,18.8,48.0,28.0,20.0,0.16,3.2,21.8,34.5,31.0,0.0,0.19,3.8,15.0,25.0,30.0,0.0,0.16,3.3,17.3,13.0,30.4,0.0,0.18,3.4,18.0,4.2,20.8,8.3,0.16,3.2,9.0,16.7,0.0,0.0,0.16,3.3
20260906,03,5,1800,4661,A2,佐賀,34.0,52.0,5.54,36.07,6.8,40.0,50,15.52,22,26.15,4604,A1,愛知,38.0,53.0,7.37,53.33,7.35,42.5,13,40.98,60,35.94,3850,B1,群馬,54.0,53.0,4.3,22.92,4.7,24.69,62,47.46,16,46.03,3859,B1,東京,53.0,52.0,3.99,20.73,0.0,0.0,61,29.69,43,36.84,4438,B1,東京,40.0,53.0,5.26,38.74,5.28,35.05,67,22.95,57,25.42,5315,B2,埼玉,25.0,51.0,2.65,13.04,2.62,11.11,60,27.59,23,19.3,13.6,45.5,36.4,0.0,0.14,3.3,19.8,6.2,50.0,37.5,0.16,3.9,21.0,23.5,35.3,0.0,0.18,3.8,13.6,36.4,18.2,0.0,0.18,5.2,22.2,5.6,44.4,0.0,0.2,4.2,9.9,12.5,12.5,0.0,0.22,5.1,20.0,88.5,3.8,3.8,0.13,2.0,16.9,27.3,36.4,13.6,0.13,3.0,17.7,8.7,34.8,26.1,0.15,3.6,13.1,11.8,11.8,47.1,0.15,3.5,19.2,8.0,16.0,20.0,0.15,3.8,13.1,17.6,0.0,0.0,0.16,4.4,13.4,75.0,12.5,0.0,0.14,1.8,18.5,13.6,18.2,13.6,0.15,2.7,18.5,9.1,9.1,31.8,0.13,3.2,16.8,15.0,20.0,10.0,0.15,2.8,19.3,8.7,17.4,13.0,0.12,2.1,13.4,6.2,25.0,0.0,0.17,3.3,16.9,30.8,30.8,7.7,0.15,2.8,19.5,13.3,33.3,20.0,0.15,3.3,16.9,7.7,15.4,23.1,0.14,2.8,18.2,7.1,14.3,0.0,0.18,2.9,13.0,10.0,10.0,0.0,0.14,2.9,15.6,8.3,8.3,0.0,0.14,2.8,17.9,31.8,22.7,4.5,0.14,2.3,17.1,19.0,19.0,14.3,0.13,2.2,16.3,10.0,20.0,10.0,0.12,2.6,21.1,23.1,11.5,11.5,0.13,2.0,17.1,9.5,9.5,23.8,0.12,2.3,10.6,7.7,0.0,0.0,0.15,2.9,9.9,28.6,0.0,0.0,0.18,3.0,11.3,12.5,12.5,0.0,0.22,5.4,16.9,8.3,16.7,0.0,0.18,3.5,15.5,9.1,0.0,0.0,0.17,3.2,15.5,18.2,0.0,0.0,0.2,4.1,31.0,4.5,0.0,0.0,0.24,4.9
20260906,03,6,1800,4623,B1,三重,41.0,53.0,5.01,34.65,4.24,19.51,52,40.32,48,27.87,5098,B1,愛知,30.0,52.0,5.09,33.7,3.5,12.5,24,31.75,14,27.59,4000,A2,広島,49.0,56.0,5.99,40.77,5.38,33.33,38,28.57,49,40.35,3557,A1,大阪,53.0,54.0,6.23,45.39,6.71,52.38,54,27.42,20,23.73,5087,A1,埼玉,26.0,53.0,6.34,51.38,5.82,35.29,15,27.87,59,26.56,4583,B1,香川,37.0,52.0,5.56,36.46,6.04,40.26,43,36.21,56,40.32,12.9,33.3,26.7,13.3,0.15,2.3,19.8,17.4,26.1,17.4,0.15,2.5,18.1,19.0,23.8,0.0,0.16,2.2,18.1,19.0,19.0,0.0,0.16,2.9,19.0,4.5,13.6,0.0,0.17,2.9,12.1,14.3,0.0,0.0,0.2,4.2,13.0,30.8,7.7,38.5,0.13,2.5,18.0,11.1,16.7,33.3,0.17,2.9,16.0,18.8,18.8,31.2,0.14,2.6,21.0,33.3,14.3,14.3,0.13,2.5,18.0,22.2,0.0,0.0,0.17,3.7,14.0,14.3,7.1,0.0,0.15,3.1,22.1,62.5,25.0,6.2,0.15,2.6,15.2,13.6,40.9,13.6,0.17,4.0,19.3,14.3,35.7,14.3,0.18,3.7,15.2,18.2,36.4,0.0,0.18,4.0,15.9,4.3,39.1,0.0,0.17,3.3,12.4,11.1,27.8,0.0,0.18,4.5,22.6,61.1,27.8,2.8,0.16,3.1,15.1,12.5,37.5,16.7,0.13,3.3,14.5,21.7,13.0,39.1,0.12,2.5,15.1,8.3,25.0,29.2,0.15,3.1,16.4,19.2,23.1,15.4,0.18,3.1,16.4,3.8,11.5,11.5,0.15,3.6,20.9,66.7,20.8,8.3,0.16,3.4,14.8,41.2,29.4,17.6,0.12,2.5,15.7,27.8,22.2,16.7,0.16,3.3,20.0,26.1,17.4,26.1,0.16,3.1,16.5,31.6,10.5,21.1,0.11,2.7,12.2,7.1,21.4,28.6,0.17,3.9,17.6,45.5,22.7,4.5,0.16,2.5,16.0,5.0,20.0,35.0,0.14,2.9,18.4,8.7,30.4,21.7,0.13,2.8,17.6,13.6,9.1,22.7,0.16,3.0,12.0,6.7,26.7,0.0,0.15,3.2,18.4,21.7,0.0,0.0,0.18,4.2
20260906,03,7,1800,5120,B1,愛知,25.0,56.0,4.63,26.67,5.0,47.06,33,31.75,25,30.36,4981,B1,佐賀,30.0,52.0,5.22,26.67,5.39,31.71,14,15.87,13,42.19,3931,A2,三重,50.0,51.0,6.27,42.0,5.07,33.33,20,40.35,66,29.31,5427,B1,東京,24.0,53.0,3.05,6.02,3.06,5.56,16,37.1,47,36.92,5002,A2,愛知,30.0,52.0,5.58,34.41,6.2,51.43,21,28.33,34,30.16,3839,B1,静岡,51.0,65.0,2.98,9.64,4.84,27.5,27,36.84,46,35.71,20.7,50.0,27.8,5.6,0.13,2.2,21.8,5.3,26.3,31.6,0.15,3.2,14.9,30.8,38.5,0.0,0.19,3.4,16.1,35.7,7.1,0.0,0.17,3.9,13.8,16.7,8.3,0.0,0.18,3.4,12.6,9.1,9.1,0.0,0.16,3.8,12.6,45.5,9.1,0.0,0.2,4.2,13.8,25.0,41.7,0.0,0.16,3.5,18.4,6.2,25.0,43.8,0.16,3.5,19.5,5.9,5.9,35.3,0.17,4.1,18.4,6.2,37.5,12.5,0.18,4.1,17.2,13.3,0.0,0.0,0.2,4.9,18.4,43.8,25.0,6.2,0.14,2.5,13.8,25.0,33.3,16.7,0.16,2.3,17.2,13.3,26.7,26.7,0.15,2.9,17.2,6.7,26.7,13.3,0.15,2.9,12.6,9.1,36.4,0.0,0.15,2.6,20.7,5.6,11.1,27.8,0.16,3.3,0.0,0.0,0.0,0.0,0.0,0.0,0.0,0.0,0.0,0.0,0.0,0.0,0.0,0.0,0.0,0.0,0.0,0.0,0.0,0.0,0.0,0.0,0.0,0.0,0.0,0.0,0.0,0.0,0.0,0.0,100.0,1.1,1.1,8.6,0.22,4.5,19.8,60.9,21.7,0.0,0.17,3.0,18.1,19.0,33.3,19.0,0.15,3.2,13.8,18.8,25.0,37.5,0.2,2.6,15.5,5.6,22.2,27.8,0.16,3.2,17.2,10.0,5.0,25.0,0.18,3.4,15.5,27.8,0.0,0.0,0.17,3.5,13.6,7.1,28.6,14.3,0.14,2.6,16.5,5.9,5.9,0.0,0.17,3.4,19.4,10.0,20.0,0.0,0.19,3.1,17.5,16.7,5.6,0.0,0.19,3.2,17.5,22.2,0.0,0.0,0.21,3.9,15.5,6.2,18.8,0.0,0.23,4.9
20260906,03,8,1800,5378,B2,静岡,22.0,51.0,1.67,0.0,1.43,0.0,68,37.7,33,28.57,4179,A2,山口,43.0,52.0,5.23,27.78,5.48,43.48,47,23.21,24,32.81,4173,B1,広島,43.0,57.0,5.39,33.67,0.0,0.0,51,27.69,70,25.4,4880,B1,東京,31.0,52.0,5.39,34.09,5.6,35.29,59,35.94,40,38.1,3685,A2,岡山,52.0,59.0,6.28,47.44,5.65,41.27,66,25.81,69,21.88,4471,A1,広島,39.0,53.0,6.36,47.24,6.82,51.52,49,36.07,67,33.33,0.0,0.0,0.0,0.0,0.0,0.0,0.0,0.0,0.0,0.0,0.0,0.0,0.0,0.0,0.0,0.0,0.0,0.0,17.4,12.5,0.0,0.0,0.21,4.3,32.6,3.3,3.3,0.0,0.21,3.8,50.0,2.2,2.2,0.0,0.21,3.9,19.5,59.1,13.6,18.2,0.14,2.6,15.0,17.6,23.5,23.5,0.16,3.7,17.7,15.0,25.0,15.0,0.14,2.4,15.9,16.7,27.8,0.0,0.15,2.7,17.7,5.0,25.0,40.0,0.17,2.7,14.2,6.2,25.0,0.0,0.18,4.5,15.7,50.0,25.0,0.0,0.17,3.9,19.6,15.0,25.0,10.0,0.16,4.0,16.7,11.8,23.5,17.6,0.19,3.7,18.6,10.5,21.1,10.5,0.18,4.3,17.6,16.7,27.8,0.0,0.17,3.5,11.8,16.7,16.7,0.0,0.14,3.0,13.2,30.0,30.0,20.0,0.17,2.7,18.4,14.3,28.6,7.1,0.18,4.1,21.1,12.5,31.2,25.0,0.14,2.9,19.7,26.7,6.7,33.3,0.17,2.9,14.5,18.2,9.1,0.0,0.19,3.9,13.2,20.0,30.0,0.0,0.19,4.0,15.1,50.0,7.1,7.1,0.15,2.9,17.2,12.5,37.5,18.8,0.13,2.8,19.4,5.6,33.3,5.6,0.15,2.8,16.1,13.3,33.3,13.3,0.15,2.7,17.2,6.2,25.0,25.0,0.17,3.1,15.1,7.1,14.3,0.0,0.17,3.1,23.9,90.9,6.1,3.0,0.14,2.7,15.9,31.8,22.7,18.2,0.14,3.4,13.8,31.6,36.8,5.3,0.14,2.5,19.6,14.8,22.2,25.9,0.16,3.5,14.5,5.0,5.0,35.0,0.15,3.3,12.3,17.6,29.4,0.0,0.2,3.5
20260906,03,9,1800,4452,A2,香川,38.0,53.0,5.17,33.94,6.43,46.94,69,40.68,62,30.0,5138,B1,福岡,26.0,53.0,3.73,12.7,4.0,7.69,37,41.38,63,37.5,4142,A2,愛知,45.0,55.0,5.63,34.65,5.86,38.64,64,45.16,27,59.68,4896,B1,山口,34.0,58.0,4.15,23.53,3.69,9.38,12,38.71,50,26.23,5053,B1,福岡,30.0,55.0,3.8,19.7,5.03,33.33,10,38.71,26,38.33,3256,A1,東京,59.0,52.0,6.56,50.91,6.6,50.88,56,45.16,68,23.33,21.3,48.1,29.6,7.4,0.16,3.2,16.5,14.3,19.0,9.5,0.15,3.4,15.7,25.0,15.0,25.0,0.15,2.8,13.4,29.4,17.6,0.0,0.2,4.4,18.1,21.7,8.7,0.0,0.2,4.3,15.0,5.3,10.5,10.5,0.19,4.7,12.3,33.3,11.1,22.2,0.16,3.4,16.4,8.3,16.7,0.0,0.27,4.6,23.3,11.8,23.5,0.0,0.16,2.6,21.9,6.2,37.5,0.0,0.18,3.6,12.3,11.1,11.1,0.0,0.17,3.6,13.7,0.0,0.0,0.0,0.2,4.5,18.8,45.5,31.8,18.2,0.17,3.0,17.9,19.0,19.0,28.6,0.18,3.8,16.2,10.5,36.8,31.6,0.17,3.6,19.7,8.7,47.8,0.0,0.18,4.0,14.5,5.9,17.6,0.0,0.21,4.0,12.8,6.7,0.0,0.0,0.17,4.6,14.0,35.7,14.3,21.4,0.19,3.2,16.0,6.2,6.2,12.5,0.18,3.5,18.0,11.1,11.1,27.8,0.17,3.2,17.0,5.9,29.4,17.6,0.16,2.6,19.0,26.3,0.0,0.0,0.17,3.5,16.0,18.8,0.0,0.0,0.22,4.4,15.1,46.2,15.4,23.1,0.17,2.9,12.8,36.4,18.2,0.0,0.17,4.3,17.4,6.7,6.7,0.0,0.14,2.3,15.1,7.7,15.4,0.0,0.16,2.7,15.1,23.1,7.7,0.0,0.17,3.2,24.4,4.8,4.8,0.0,0.2,4.7,19.1,52.4,28.6,9.5,0.15,2.6,18.2,20.0,35.0,10.0,0.13,2.6,19.1,9.5,38.1,28.6,0.14,2.5,14.5,31.2,25.0,12.5,0.14,2.8,17.3,5.3,21.1,31.6,0.16,2.7,11.8,38.5,0.0,0.0,0.19,4.2
20260906,03,10,1800,4604,A1,愛知,38.0,53.0,7.37,53.33,7.35,42.5,13,40.98,60,35.94,4640,A2,福岡,35.0,54.0,5.84,37.19,7.0,50.0,22,32.2,35,26.98,5098,B1,愛知,30.0,52.0,5.09,33.7,3.5,12.5,24,31.75,14,27.59,5279,B1,東京,23.0,54.0,5.89,40.0,5.54,38.43,18,30.16,52,32.76,3655,B1,群馬,52.0,55.0,4.78,22.73,6.38,45.28,23,37.7,64,46.55,4189,A1,福岡,45.0,55.0,5.63,32.43,5.88,37.5,28,38.6,11,17.24,20.0,88.5,3.8,3.8,0.13,2.0,16.9,27.3,36.4,13.6,0.13,3.0,17.7,8.7,34.8,26.1,0.15,3.6,13.1,11.8,11.8,47.1,0.15,3.5,19.2,8.0,16.0,20.0,0.15,3.8,13.1,17.6,0.0,0.0,0.16,4.4,20.9,58.6,31.0,6.9,0.14,1.7,12.2,5.9,23.5,35.3,0.15,3.5,20.1,17.9,28.6,21.4,0.15,2.4,16.5,13.0,21.7,21.7,0.14,2.6,16.5,8.7,4.3,34.8,0.14,2.7,13.7,10.5,26.3,0.0,0.14,3.2,13.0,30.8,7.7,38.5,0.13,2.5,18.0,11.1,16.7,33.3,0.17,2.9,16.0,18.8,18.8,31.2,0.14,2.6,21.0,33.3,14.3,14.3,0.13,2.5,18.0,22.2,0.0,0.0,0.17,3.7,14.0,14.3,7.1,0.0,0.15,3.1,17.0,53.3,26.7,0.0,0.14,2.4,21.6,21.1,10.5,15.8,0.18,3.8,15.9,7.1,28.6,21.4,0.16,3.4,13.6,16.7,8.3,0.0,0.16,3.5,15.9,7.1,21.4,21.4,0.15,3.3,15.9,14.3,14.3,0.0,0.17,3.6,18.8,48.0,28.0,20.0,0.16,3.2,21.8,34.5,31.0,0.0,0.19,3.8,15.0,25.0,30.0,0.0,0.16,3.3,17.3,13.0,30.4,0.0,0.18,3.4,18.0,4.2,20.8,8.3,0.16,3.2,9.0,16.7,0.0,0.0,0.16,3.3,22.5,73.5,2.9,11.8,0.16,2.9,21.9,12.1,21.2,30.3,0.15,3.8,18.5,35.7,21.4,21.4,0.17,2.9,17.9,29.6,22.2,14.8,0.16,3.1,11.9,16.7,5.6,22.2,0.16,3.1,7.3,27.3,0.0,0.0,0.2,4.3
20260906,03,11,1800,4427,A1,大阪,40.0,53.0,7.27,59.29,7.33,60.0,40,16.13,21,30.16,3931,A2,三重,50.0,51.0,6.27,42.0,5.07,33.33,20,40.35,66,29.31,4598,B1,東京,42.0,53.0,6.09,47.66,6.45,48.92,71,43.55,39,45.9,4888,B1,群馬,38.0,52.0,6.01,44.87,5.31,31.25,17,31.75,71,35.94,3303,B1,東京,58.0,55.0,4.35,18.69,6.28,43.95,11,19.67,37,29.82,3944,A1,長崎,47.0,54.0,6.03,40.0,5.89,44.44,58,22.03,19,36.07,19.0,77.3,13.6,0.0,0.14,2.2,14.7,5.9,23.5,23.5,0.15,3.3,19.8,26.1,13.0,26.1,0.12,3.1,13.8,12.5,25.0,12.5,0.16,3.2,16.4,15.8,5.3,31.6,0.11,2.6,16.4,5.3,15.8,0.0,0.14,3.7,18.4,43.8,25.0,6.2,0.14,2.5,13.8,25.0,33.3,16.7,0.16,2.3,17.2,13.3,26.7,26.7,0.15,2.9,17.2,6.7,26.7,13.3,0.15,2.9,12.6,9.1,36.4,0.0,0.15,2.6,20.7,5.6,11.1,27.8,0.16,3.3,19.8,45.5,22.7,4.5,0.14,3.1,15.3,11.8,35.3,17.6,0.16,3.2,14.4,25.0,25.0,12.5,0.14,2.7,18.0,5.0,30.0,20.0,0.16,4.1,12.6,7.1,7.1,14.3,0.14,3.9,19.8,4.5,13.6,0.0,0.21,5.2,15.8,37.5,12.5,12.5,0.22,3.9,15.8,6.2,37.5,18.8,0.18,4.3,18.8,10.5,15.8,21.1,0.22,3.9,21.8,9.1,9.1,18.2,0.18,3.9,14.9,26.7,0.0,0.0,0.16,3.7,12.9,15.4,23.1,0.0,0.18,4.2,20.5,53.8,19.2,7.7,0.19,3.7,18.1,30.4,30.4,0.0,0.2,4.3,15.7,35.0,30.0,0.0,0.21,4.2,18.1,8.7,8.7,34.8,0.2,4.5,13.4,11.8,17.6,0.0,0.19,4.4,14.2,5.6,0.0,0.0,0.22,5.1,16.8,71.4,23.8,4.8,0.16,2.8,18.4,8.7,43.5,17.4,0.15,3.0,18.4,8.7,47.8,8.7,0.15,3.3,20.0,20.0,16.0,28.0,0.18,3.3,16.8,4.8,14.3,23.8,0.19,3.9,9.6,16.7,16.7,0.0,0.19,4.1
20260906,03,12,1800,4418,A1,岡山,39.0,54.0,7.49,50.91,7.63,56.25,48,22.41,15,24.14,5087,A1,埼玉,26.0,53.0,6.34,51.38,5.82,35.29,15,27.87,59,26.56,4438,B1,東京,40.0,53.0,5.26,38.74,5.28,35.05,67,22.95,57,25.42,3956,A2,静岡,49.0,57.0,5.88,38.83,6.67,38.89,63,30.16,53,49.21,3664,B1,埼玉,56.0,56.0,4.5,29.41,0.0,0.0,65,43.33,12,31.67,5002,A2,愛知,30.0,52.0,5.58,34.41,6.2,51.43,21,28.33,34,30.16,25.7,82.1,7.1,3.6,0.11,2.7,14.7,18.8,37.5,18.8,0.12,2.8,17.4,15.8,21.1,31.6,0.13,3.3,14.7,12.5,18.8,31.2,0.12,2.3,15.6,23.5,29.4,29.4,0.15,3.5,11.9,15.4,23.1,0.0,0.15,4.8,20.9,66.7,20.8,8.3,0.16,3.4,14.8,41.2,29.4,17.6,0.12,2.5,15.7,27.8,22.2,16.7,0.16,3.3,20.0,26.1,17.4,26.1,0.16,3.1,16.5,31.6,10.5,21.1,0.11,2.7,12.2,7.1,21.4,28.6,0.17,3.9,17.9,31.8,22.7,4.5,0.14,2.3,17.1,19.0,19.0,14.3,0.13,2.2,16.3,10.0,20.0,10.0,0.12,2.6,21.1,23.1,11.5,11.5,0.13,2.0,17.1,9.5,9.5,23.8,0.12,2.3,10.6,7.7,0.0,0.0,0.15,2.9,20.9,66.7,8.3,12.5,0.19,3.8,15.7,22.2,27.8,11.1,0.16,3.2,17.4,20.0,40.0,15.0,0.16,3.2,14.8,5.9,17.6,29.4,0.18,2.7,20.9,8.3,16.7,20.8,0.17,3.4,10.4,8.3,8.3,8.3,0.15,3.5,15.5,33.3,26.7,33.3,0.13,2.9,18.6,22.2,27.8,0.0,0.14,3.8,16.5,12.5,37.5,0.0,0.13,2.7,15.5,13.3,6.7,20.0,0.19,4.1,18.6,5.6,33.3,0.0,0.22,4.3,15.5,6.7,13.3,6.7,0.23,4.7,19.8,60.9,21.7,0.0,0.17,3.0,18.1,19.0,33.3,19.0,0.15,3.2,13.8,18.8,25.0,37.5,0.2,2.6,15.5,5.6,22.2,27.8,0.16,3.2,17.2,10.0,5.0,25.0,0.18,3.4,15.5,27.8,0.0,0.0,0.17,3.5
20260906,02,1,1800,4129,B1,愛知,46.0,57.0,3.5,15.0,4.07,21.43,46,0.0,40,38.1,4145,B1,東京,44.0,53.0,4.02,14.77,4.29,10.53,35,30.77,58,33.33,3992,B1,埼玉,47.0,55.0,4.89,29.69,5.29,34.69,13,29.41,22,39.13,3566,B1,福岡,56.0,53.0,4.34,21.35,5.75,30.0,6,47.06,53,53.85,5364,B1,群馬,26.0,52.0,2.15,3.41,1.11,0.0,27,64.29,12,28.57,5288,B1,埼玉,26.0,53.0,4.15,16.05,3.67,19.05,40,26.67,35,25.0,16.0,17.6,17.6,11.8,0.16,3.5,17.9,5.3,15.8,21.1,0.17,3.0,14.2,6.7,6.7,26.7,0.18,3.2,17.0,11.1,22.2,0.0,0.19,3.8,23.6,8.0,8.0,4.0,0.18,3.8,11.3,8.3,0.0,0.0,0.22,4.6,13.7,7.7,15.4,15.4,0.27,5.8,16.8,18.8,18.8,0.0,0.23,5.6,16.8,18.8,6.2,18.8,0.23,5.3,22.1,4.8,9.5,28.6,0.27,5.5,17.9,17.6,0.0,0.0,0.25,5.5,12.6,16.7,0.0,0.0,0.32,5.7,16.3,56.2,0.0,0.0,0.16,3.3,17.3,11.8,35.3,23.5,0.16,2.9,16.3,18.8,6.2,12.5,0.14,3.1,20.4,15.0,20.0,20.0,0.13,2.9,15.3,6.7,6.7,20.0,0.12,3.1,14.3,7.1,21.4,14.3,0.12,2.2,15.1,62.5,12.5,6.2,0.16,3.9,18.9,10.0,20.0,35.0,0.17,4.3,17.0,11.1,22.2,33.3,0.18,3.8,17.0,5.6,22.2,22.2,0.19,4.1,21.7,17.4,13.0,0.0,0.19,4.3,10.4,27.3,0.0,0.0,0.27,5.0,0.0,0.0,0.0,0.0,0.0,0.0,0.0,0.0,0.0,0.0,0.0,0.0,0.0,0.0,0.0,0.0,0.0,0.0,23.5,10.0,0.0,0.0,0.18,3.1,29.4,8.0,12.0,0.0,0.15,2.6,47.1,2.5,0.0,0.0,0.18,3.7,12.5,40.0,0.0,0.0,0.18,3.1,12.5,10.0,20.0,0.0,0.16,3.3,22.5,5.6,11.1,5.6,0.16,2.7,16.2,23.1,23.1,0.0,0.17,2.6,20.0,12.5,18.8,0.0,0.15,2.8,16.2,0.0,0.0,0.0,0.21,4.0
20260906,02,2,1800,3935,B1,岡山,49.0,54.0,5.57,39.77,6.0,50.0,41,16.67,33,0.0,4486,A2,群馬,40.0,52.0,5.97,42.99,5.8,31.48,7,31.25,39,40.0,5102,B1,福岡,28.0,52.0,5.57,35.48,4.03,17.24,8,70.59,24,37.5,5419,B1,埼玉,20.0,52.0,2.15,0.0,1.9,0.0,24,35.71,41,42.86,3893,B1,愛知,50.0,54.0,5.6,37.65,5.34,27.59,19,18.75,46,21.43,4138,B1,大阪,45.0,53.0,4.54,27.17,4.71,28.57,22,18.75,20,40.0,11.1,62.5,12.5,12.5,0.14,2.6,22.2,37.5,18.8,0.0,0.16,3.9,13.9,10.0,30.0,30.0,0.15,2.9,13.9,10.0,20.0,30.0,0.17,3.2,15.3,18.2,0.0,0.0,0.15,3.2,23.6,11.8,17.6,0.0,0.2,4.6,15.0,50.0,16.7,8.3,0.17,3.3,23.8,5.3,47.4,10.5,0.17,3.3,13.8,18.2,18.2,9.1,0.18,3.0,17.5,7.1,21.4,0.0,0.17,4.0,21.2,5.9,41.2,11.8,0.19,3.8,8.8,14.3,28.6,0.0,0.17,3.1,12.4,54.5,9.1,0.0,0.13,1.8,19.1,23.5,5.9,0.0,0.2,4.6,19.1,23.5,23.5,11.8,0.16,3.5,15.7,14.3,14.3,0.0,0.23,4.5,19.1,11.8,11.8,17.6,0.24,4.6,14.6,7.7,7.7,0.0,0.24,4.8,0.0,0.0,0.0,0.0,0.0,0.0,0.0,0.0,0.0,0.0,0.0,0.0,0.0,0.0,0.0,0.0,0.0,0.0,0.0,0.0,0.0,0.0,0.0,0.0,0.0,0.0,0.0,0.0,0.0,0.0,100.0,1.4,5.8,0.0,0.24,5.0,11.5,45.5,36.4,0.0,0.15,2.6,18.8,11.1,16.7,22.2,0.18,4.1,19.8,5.3,21.1,26.3,0.15,3.2,15.6,6.7,13.3,0.0,0.17,2.9,19.8,5.3,21.1,0.0,0.19,3.7,14.6,7.1,7.1,0.0,0.18,3.5,14.7,35.7,14.3,21.4,0.17,3.4,17.9,5.9,5.9,29.4,0.19,3.4,18.9,11.1,22.2,0.0,0.16,3.4,15.8,13.3,13.3,0.0,0.14,2.5,20.0,5.3,15.8,10.5,0.15,2.7,12.6,16.7,0.0,0.0,0.16,3.8
20260906,02,3,1800,4306,B1,愛知,42.0,50.0,4.58,21.57,3.17,0.0,15,56.25,45,40.0,4177,B1,群馬,43.0,58.0,4.42,27.03,4.3,18.52,33,33.33,44,84.62,4315,B1,長崎,42.0,53.0,5.28,32.98,0.0,0.0,58,56.25,52,35.71,3746,A2,岡山,51.0,52.0,5.74,35.45,6.3,41.86,30,46.15,14,64.71,4945,B1,東京,34.0,55.0,4.2,17.11,6.09,45.45,29,47.06,50,0.0,5398,B1,福岡,24.0,54.0,4.61,26.09,0.0,0.0,17,31.25,43,46.67,18.1,20.0,20.0,26.7,0.26,4.6,14.5,16.7,16.7,16.7,0.18,3.4,16.9,14.3,35.7,0.0,0.21,4.1,18.1,20.0,26.7,0.0,0.2,4.0,16.9,7.1,7.1,35.7,0.21,4.4,15.7,0.0,0.0,0.0,0.2,4.7,18.4,71.4,7.1,7.1,0.16,2.8,17.1,7.7,38.5,0.0,0.16,2.7,14.5,27.3,9.1,0.0,0.19,3.7,11.8,11.1,11.1,0.0,0.16,2.8,17.1,7.7,23.1,0.0,0.15,3.1,21.1,6.2,18.8,0.0,0.2,4.1,12.5,66.7,0.0,0.0,0.18,3.7,15.6,13.3,6.7,6.7,0.2,4.6,21.9,19.0,23.8,23.8,0.17,3.5,16.7,12.5,18.8,6.2,0.18,3.1,19.8,5.3,21.1,0.0,0.19,4.1,13.5,7.7,0.0,0.0,0.18,4.2,20.7,63.3,20.0,3.3,0.15,3.3,14.5,9.5,23.8,38.1,0.18,3.3,17.9,3.8,30.8,23.1,0.16,3.4,18.6,7.4,22.2,14.8,0.2,4.2,15.2,13.6,31.8,0.0,0.18,4.3,13.1,10.5,21.1,0.0,0.21,4.8,9.0,44.4,22.2,0.0,0.15,4.3,7.0,28.6,0.0,0.0,0.23,3.6,25.0,12.0,12.0,20.0,0.2,3.9,19.0,15.8,15.8,31.6,0.16,2.8,25.0,4.0,12.0,0.0,0.16,3.1,15.0,6.7,6.7,0.0,0.17,3.2,3.2,33.3,33.3,0.0,0.13,1.3,8.5,12.5,12.5,0.0,0.17,3.1,5.3,20.0,0.0,0.0,0.16,2.7,21.3,10.0,10.0,0.0,0.19,3.2,25.5,8.3,16.7,0.0,0.17,3.3,36.2,2.9,5.9,0.0,0.22,4.2
20260906,02,4,1800,4995,B1,東京,35.0,56.0,3.77,15.71,3.43,7.14,18,41.18,63,50.0,3978,A2,東京,49.0,52.0,6.12,30.93,6.0,22.22,42,30.77,21,38.89,4213,B1,長崎,42.0,55.0,3.8,20.73,3.89,22.22,16,18.75,15,42.86,4495,B2,福岡,39.0,54.0,5.86,41.89,5.0,50.0,12,18.75,26,46.67,3929,B1,愛知,50.0,51.0,4.25,17.89,5.75,35.42,10,25.0,48,21.43,4650,B2,愛知,42.0,52.0,3.16,10.53,6.64,48.0,37,0.0,47,53.33,12.0,50.0,8.3,8.3,0.19,2.3,20.0,20.0,20.0,30.0,0.18,3.5,17.0,17.6,5.9,0.0,0.18,3.1,17.0,23.5,17.6,0.0,0.19,3.2,18.0,16.7,22.2,0.0,0.2,3.8,16.0,6.2,12.5,0.0,0.23,4.6,20.2,63.6,9.1,9.1,0.14,2.3,13.8,20.0,46.7,6.7,0.14,3.5,17.4,21.1,21.1,0.0,0.14,3.2,16.5,22.2,22.2,5.6,0.17,3.3,14.7,6.2,25.0,12.5,0.17,3.8,17.4,5.3,10.5,0.0,0.2,4.6,6.2,16.7,50.0,0.0,0.16,3.3,12.5,25.0,8.3,0.0,0.15,3.1,6.2,33.3,16.7,0.0,0.16,3.5,11.5,9.1,9.1,0.0,0.17,3.5,18.8,5.6,5.6,22.2,0.15,3.2,44.8,20.9,11.6,4.7,0.15,3.0,14.3,57.1,28.6,0.0,0.12,1.5,10.2,20.0,20.0,20.0,0.17,4.0,22.4,18.2,18.2,9.1,0.11,2.1,20.4,10.0,10.0,10.0,0.11,1.7,16.3,12.5,0.0,0.0,0.16,2.5,16.3,12.5,0.0,0.0,0.17,3.0,14.1,30.8,23.1,0.0,0.17,3.1,15.2,14.3,14.3,28.6,0.17,2.3,21.7,10.0,10.0,20.0,0.15,2.4,17.4,6.2,31.2,0.0,0.16,3.3,17.4,12.5,12.5,6.2,0.17,2.5,14.1,7.7,7.7,0.0,0.14,2.7,17.1,71.4,14.3,0.0,0.13,2.1,14.6,33.3,33.3,16.7,0.14,1.8,17.1,57.1,0.0,0.0,0.15,3.0,24.4,20.0,30.0,20.0,0.12,2.5,9.8,50.0,0.0,0.0,0.13,3.0,17.1,14.3,14.3,0.0,0.14,3.6
20260906,02,5,1800,4403,A2,福岡,41.0,54.0,6.62,49.55,6.62,57.14,31,28.57,34,50.0,5309,B1,長崎,22.0,53.0,3.07,11.76,0.0,0.0,47,35.29,27,9.09,4145,B1,東京,44.0,53.0,4.02,14.77,4.29,10.53,35,30.77,58,33.33,4193,A2,福岡,45.0,50.0,6.06,43.33,6.57,46.43,32,21.43,42,12.5,5288,B1,埼玉,26.0,53.0,4.15,16.05,3.67,19.05,40,26.67,35,25.0,4665,B1,愛知,42.0,52.0,4.22,19.32,3.86,10.81,39,0.0,66,14.29,14.6,86.7,13.3,0.0,0.13,1.8,16.5,35.3,35.3,17.6,0.15,2.5,16.5,5.9,29.4,5.9,0.14,3.3,21.4,9.1,31.8,9.1,0.16,3.0,17.5,5.6,22.2,38.9,0.14,2.7,13.6,7.1,14.3,0.0,0.16,3.1,10.3,37.5,25.0,0.0,0.13,2.8,19.2,6.7,6.7,0.0,0.16,3.6,15.4,8.3,16.7,0.0,0.15,2.5,17.9,0.0,0.0,0.0,0.17,2.8,23.1,11.1,22.2,0.0,0.12,2.3,14.1,0.0,0.0,0.0,0.14,3.5,13.7,7.7,15.4,15.4,0.27,5.8,16.8,18.8,18.8,0.0,0.23,5.6,16.8,18.8,6.2,18.8,0.23,5.3,22.1,4.8,9.5,28.6,0.27,5.5,17.9,17.6,0.0,0.0,0.25,5.5,12.6,16.7,0.0,0.0,0.32,5.7,16.8,50.0,20.8,16.7,0.11,2.5,19.6,21.4,39.3,14.3,0.15,2.6,16.1,26.1,39.1,21.7,0.15,2.7,17.5,16.0,12.0,36.0,0.14,2.7,16.1,8.7,0.0,0.0,0.18,3.8,14.0,5.0,5.0,10.0,0.16,3.7,12.5,40.0,0.0,0.0,0.18,3.1,12.5,10.0,20.0,0.0,0.16,3.3,22.5,5.6,11.1,5.6,0.16,2.7,16.2,23.1,23.1,0.0,0.17,2.6,20.0,12.5,18.8,0.0,0.15,2.8,16.2,0.0,0.0,0.0,0.21,4.0,11.8,41.7,16.7,0.0,0.15,3.1,14.7,33.3,0.0,0.0,0.16,3.5,23.5,4.2,12.5,25.0,0.18,4.0,20.6,4.8,9.5,14.3,0.19,3.3,18.6,5.3,15.8,0.0,0.17,3.5,10.8,9.1,18.2,0.0,0.18,4.5
20260906,02,6,1800,3911,B1,東京,52.0,54.0,4.81,27.45,4.85,30.0,26,29.41,11,50.0,5145,A2,山口,23.0,55.0,6.2,49.22,5.33,40.74,45,64.71,77,50.0,3352,B1,福岡,58.0,51.0,4.22,12.63,4.29,23.81,48,50.0,29,23.53,4505,A1,埼玉,38.0,56.0,6.6,47.62,7.27,59.17,14,43.75,54,0.0,5419,B1,埼玉,20.0,52.0,2.15,0.0,1.9,0.0,24,35.71,41,42.86,5364,B1,群馬,26.0,52.0,2.15,3.41,1.11,0.0,27,64.29,12,28.57,16.0,57.1,14.3,9.5,0.18,3.3,19.8,11.5,23.1,19.2,0.19,3.5,13.7,5.6,27.8,27.8,0.15,3.1,21.4,10.7,14.3,7.1,0.17,3.1,19.1,12.0,20.0,8.0,0.18,3.4,9.9,15.4,0.0,0.0,0.18,3.8,18.9,79.2,4.2,8.3,0.15,2.5,19.7,16.0,28.0,8.0,0.16,2.8,18.9,16.7,29.2,12.5,0.16,3.5,15.0,15.8,26.3,15.8,0.16,2.8,12.6,12.5,12.5,0.0,0.16,3.4,15.0,5.3,15.8,0.0,0.18,4.1,0.0,0.0,0.0,0.0,0.0,0.0,0.0,0.0,0.0,0.0,0.0,0.0,0.0,0.0,0.0,0.0,0.0,0.0,0.0,0.0,0.0,0.0,0.0,0.0,3.1,0.0,0.0,0.0,0.19,3.7,96.9,2.2,9.7,33.3,0.17,3.4,19.8,84.2,5.3,5.3,0.12,1.9,17.7,17.6,29.4,17.6,0.17,3.3,14.6,14.3,28.6,28.6,0.16,3.1,19.8,36.8,5.3,21.1,0.17,2.6,12.5,16.7,8.3,25.0,0.14,3.3,15.6,13.3,20.0,0.0,0.18,4.5,0.0,0.0,0.0,0.0,0.0,0.0,0.0,0.0,0.0,0.0,0.0,0.0,0.0,0.0,0.0,0.0,0.0,0.0,0.0,0.0,0.0,0.0,0.0,0.0,0.0,0.0,0.0,0.0,0.0,0.0,100.0,1.4,5.8,0.0,0.24,5.0,0.0,0.0,0.0,0.0,0.0,0.0,0.0,0.0,0.0,0.0,0.0,0.0,0.0,0.0,0.0,0.0,0.0,0.0,23.5,10.0,0.0,0.0,0.18,3.1,29.4,8.0,12.0,0.0,0.15,2.6,47.1,2.5,0.0,0.0,0.18,3.7
20260906,02,7,1800,5217,A1,岡山,26.0,53.0,5.59,31.03,0.0,0.0,34,33.33,36,40.0,3893,B1,愛知,50.0,54.0,5.6,37.65,5.34,27.59,19,18.75,46,21.43,4945,B1,東京,34.0,55.0,4.2,17.11,6.09,45.45,29,47.06,50,0.0,5102,B1,福岡,28.0,52.0,5.57,35.48,4.03,17.24,8,70.59,24,37.5,5398,B1,福岡,24.0,54.0,4.61,26.09,0.0,0.0,17,31.25,43,46.67,4785,B1,愛知,38.0,52.0,4.18,19.48,4.0,16.67,28,7.14,16,35.71,17.2,76.5,5.9,11.8,0.14,3.3,19.2,21.1,21.1,47.4,0.13,3.0,17.2,5.9,41.2,0.0,0.13,2.6,13.1,30.8,23.1,15.4,0.16,2.8,18.2,11.1,16.7,38.9,0.13,2.4,15.2,13.3,33.3,0.0,0.17,3.8,11.5,45.5,36.4,0.0,0.15,2.6,18.8,11.1,16.7,22.2,0.18,4.1,19.8,5.3,21.1,26.3,0.15,3.2,15.6,6.7,13.3,0.0,0.17,2.9,19.8,5.3,21.1,0.0,0.19,3.7,14.6,7.1,7.1,0.0,0.18,3.5,9.0,44.4,22.2,0.0,0.15,4.3,7.0,28.6,0.0,0.0,0.23,3.6,25.0,12.0,12.0,20.0,0.2,3.9,19.0,15.8,15.8,31.6,0.16,2.8,25.0,4.0,12.0,0.0,0.16,3.1,15.0,6.7,6.7,0.0,0.17,3.2,12.4,54.5,9.1,0.0,0.13,1.8,19.1,23.5,5.9,0.0,0.2,4.6,19.1,23.5,23.5,11.8,0.16,3.5,15.7,14.3,14.3,0.0,0.23,4.5,19.1,11.8,11.8,17.6,0.24,4.6,14.6,7.7,7.7,0.0,0.24,4.8,3.2,33.3,33.3,0.0,0.13,1.3,8.5,12.5,12.5,0.0,0.17,3.1,5.3,20.0,0.0,0.0,0.16,2.7,21.3,10.0,10.0,0.0,0.19,3.2,25.5,8.3,16.7,0.0,0.17,3.3,36.2,2.9,5.9,0.0,0.22,4.2,13.2,25.0,25.0,0.0,0.2,3.7,18.7,5.9,17.6,11.8,0.2,3.8,20.9,15.8,26.3,21.1,0.18,3.8,15.4,14.3,28.6,0.0,0.24,4.6,19.8,5.6,16.7,22.2,0.19,4.3,12.1,9.1,18.2,0.0,0.21,4.4
20260906,02,8,1800,3566,B1,福岡,56.0,53.0,4.34,21.35,5.75,30.0,6,47.06,53,53.85,4138,B1,大阪,45.0,53.0,4.54,27.17,4.71,28.57,22,18.75,20,40.0,4486,A2,群馬,40.0,52.0,5.97,42.99,5.8,31.48,7,31.25,39,40.0,4315,B1,長崎,42.0,53.0,5.28,32.98,0.0,0.0,58,56.25,52,35.71,3992,B1,埼玉,47.0,55.0,4.89,29.69,5.29,34.69,13,29.41,22,39.13,4103,B1,埼玉,47.0,54.0,3.74,6.94,4.24,16.67,38,16.67,60,37.5,15.1,62.5,12.5,6.2,0.16,3.9,18.9,10.0,20.0,35.0,0.17,4.3,17.0,11.1,22.2,33.3,0.18,3.8,17.0,5.6,22.2,22.2,0.19,4.1,21.7,17.4,13.0,0.0,0.19,4.3,10.4,27.3,0.0,0.0,0.27,5.0,14.7,35.7,14.3,21.4,0.17,3.4,17.9,5.9,5.9,29.4,0.19,3.4,18.9,11.1,22.2,0.0,0.16,3.4,15.8,13.3,13.3,0.0,0.14,2.5,20.0,5.3,15.8,10.5,0.15,2.7,12.6,16.7,0.0,0.0,0.16,3.8,15.0,50.0,16.7,8.3,0.17,3.3,23.8,5.3,47.4,10.5,0.17,3.3,13.8,18.2,18.2,9.1,0.18,3.0,17.5,7.1,21.4,0.0,0.17,4.0,21.2,5.9,41.2,11.8,0.19,3.8,8.8,14.3,28.6,0.0,0.17,3.1,12.5,66.7,0.0,0.0,0.18,3.7,15.6,13.3,6.7,6.7,0.2,4.6,21.9,19.0,23.8,23.8,0.17,3.5,16.7,12.5,18.8,6.2,0.18,3.1,19.8,5.3,21.1,0.0,0.19,4.1,13.5,7.7,0.0,0.0,0.18,4.2,16.3,56.2,0.0,0.0,0.16,3.3,17.3,11.8,35.3,23.5,0.16,2.9,16.3,18.8,6.2,12.5,0.14,3.1,20.4,15.0,20.0,20.0,0.13,2.9,15.3,6.7,6.7,20.0,0.12,3.1,14.3,7.1,21.4,14.3,0.12,2.2,15.6,33.3,25.0,0.0,0.25,5.3,16.9,30.8,0.0,0.0,0.18,4.5,19.5,6.7,20.0,0.0,0.21,3.9,20.8,18.8,6.2,0.0,0.22,4.9,14.3,9.1,0.0,0.0,0.23,4.8,13.0,10.0,0.0,0.0,0.31,5.8
20260906,02,9,1800,4213,B1,長崎,42.0,55.0,3.8,20.73,3.89,22.22,16,18.75,15,42.86,3746,A2,岡山,51.0,52.0,5.74,35.45,6.3,41.86,30,46.15,14,64.71,4403,A2,福岡,41.0,54.0,6.62,49.55,6.62,57.14,31,28.57,34,50.0,4177,B1,群馬,43.0,58.0,4.42,27.03,4.3,18.52,33,33.33,44,84.62,5309,B1,長崎,22.0,53.0,3.07,11.76,0.0,0.0,47,35.29,27,9.09,4495,B2,福岡,39.0,54.0,5.86,41.89,5.0,50.0,12,18.75,26,46.67,6.2,16.7,50.0,0.0,0.16,3.3,12.5,25.0,8.3,0.0,0.15,3.1,6.2,33.3,16.7,0.0,0.16,3.5,11.5,9.1,9.1,0.0,0.17,3.5,18.8,5.6,5.6,22.2,0.15,3.2,44.8,20.9,11.6,4.7,0.15,3.0,20.7,63.3,20.0,3.3,0.15,3.3,14.5,9.5,23.8,38.1,0.18,3.3,17.9,3.8,30.8,23.1,0.16,3.4,18.6,7.4,22.2,14.8,0.2,4.2,15.2,13.6,31.8,0.0,0.18,4.3,13.1,10.5,21.1,0.0,0.21,4.8,14.6,86.7,13.3,0.0,0.13,1.8,16.5,35.3,35.3,17.6,0.15,2.5,16.5,5.9,29.4,5.9,0.14,3.3,21.4,9.1,31.8,9.1,0.16,3.0,17.5,5.6,22.2,38.9,0.14,2.7,13.6,7.1,14.3,0.0,0.16,3.1,18.4,71.4,7.1,7.1,0.16,2.8,17.1,7.7,38.5,0.0,0.16,2.7,14.5,27.3,9.1,0.0,0.19,3.7,11.8,11.1,11.1,0.0,0.16,2.8,17.1,7.7,23.1,0.0,0.15,3.1,21.1,6.2,18.8,0.0,0.2,4.1,10.3,37.5,25.0,0.0,0.13,2.8,19.2,6.7,6.7,0.0,0.16,3.6,15.4,8.3,16.7,0.0,0.15,2.5,17.9,0.0,0.0,0.0,0.17,2.8,23.1,11.1,22.2,0.0,0.12,2.3,14.1,0.0,0.0,0.0,0.14,3.5,14.3,57.1,28.6,0.0,0.12,1.5,10.2,20.0,20.0,20.0,0.17,4.0,22.4,18.2,18.2,9.1,0.11,2.1,20.4,10.0,10.0,10.0,0.11,1.7,16.3,12.5,0.0,0.0,0.16,2.5,16.3,12.5,0.0,0.0,0.17,3.0
20260906,02,10,1800,4505,A1,埼玉,38.0,56.0,6.6,47.62,7.27,59.17,14,43.75,54,0.0,3352,B1,福岡,58.0,51.0,4.22,12.63,4.29,23.81,48,50.0,29,23.53,3978,A2,東京,49.0,52.0,6.12,30.93,6.0,22.22,42,30.77,21,38.89,4995,B1,東京,35.0,56.0,3.77,15.71,3.43,7.14,18,41.18,63,50.0,4306,B1,愛知,42.0,50.0,4.58,21.57,3.17,0.0,15,56.25,45,40.0,4129,B1,愛知,46.0,57.0,3.5,15.0,4.07,21.43,46,0.0,40,38.1,19.8,84.2,5.3,5.3,0.12,1.9,17.7,17.6,29.4,17.6,0.17,3.3,14.6,14.3,28.6,28.6,0.16,3.1,19.8,36.8,5.3,21.1,0.17,2.6,12.5,16.7,8.3,25.0,0.14,3.3,15.6,13.3,20.0,0.0,0.18,4.5,0.0,0.0,0.0,0.0,0.0,0.0,0.0,0.0,0.0,0.0,0.0,0.0,0.0,0.0,0.0,0.0,0.0,0.0,0.0,0.0,0.0,0.0,0.0,0.0,3.1,0.0,0.0,0.0,0.19,3.7,96.9,2.2,9.7,33.3,0.17,3.4,20.2,63.6,9.1,9.1,0.14,2.3,13.8,20.0,46.7,6.7,0.14,3.5,17.4,21.1,21.1,0.0,0.14,3.2,16.5,22.2,22.2,5.6,0.17,3.3,14.7,6.2,25.0,12.5,0.17,3.8,17.4,5.3,10.5,0.0,0.2,4.6,12.0,50.0,8.3,8.3,0.19,2.3,20.0,20.0,20.0,30.0,0.18,3.5,17.0,17.6,5.9,0.0,0.18,3.1,17.0,23.5,17.6,0.0,0.19,3.2,18.0,16.7,22.2,0.0,0.2,3.8,16.0,6.2,12.5,0.0,0.23,4.6,18.1,20.0,20.0,26.7,0.26,4.6,14.5,16.7,16.7,16.7,0.18,3.4,16.9,14.3,35.7,0.0,0.21,4.1,18.1,20.0,26.7,0.0,0.2,4.0,16.9,7.1,7.1,35.7,0.21,4.4,15.7,0.0,0.0,0.0,0.2,4.7,16.0,17.6,17.6,11.8,0.16,3.5,17.9,5.3,15.8,21.1,0.17,3.0,14.2,6.7,6.7,26.7,0.18,3.2,17.0,11.1,22.2,0.0,0.19,3.8,23.6,8.0,8.0,4.0,0.18,3.8,11.3,8.3,0.0,0.0,0.22,4.6
20260906,02,11,1800,4193,A2,福岡,45.0,50.0,6.06,43.33,6.57,46.43,32,21.43,42,12.5,3929,B1,愛知,50.0,51.0,4.25,17.89,5.75,35.42,10,25.0,48,21.43,5145,A2,山口,23.0,55.0,6.2,49.22,5.33,40.74,45,64.71,77,50.0,5217,A1,岡山,26.0,53.0,5.59,31.03,0.0,0.0,34,33.33,36,40.0,3935,B1,岡山,49.0,54.0,5.57,39.77,6.0,50.0,41,16.67,33,0.0,3911,B1,東京,52.0,54.0,4.81,27.45,4.85,30.0,26,29.41,11,50.0,16.8,50.0,20.8,16.7,0.11,2.5,19.6,21.4,39.3,14.3,0.15,2.6,16.1,26.1,39.1,21.7,0.15,2.7,17.5,16.0,12.0,36.0,0.14,2.7,16.1,8.7,0.0,0.0,0.18,3.8,14.0,5.0,5.0,10.0,0.16,3.7,14.1,30.8,23.1,0.0,0.17,3.1,15.2,14.3,14.3,28.6,0.17,2.3,21.7,10.0,10.0,20.0,0.15,2.4,17.4,6.2,31.2,0.0,0.16,3.3,17.4,12.5,12.5,6.2,0.17,2.5,14.1,7.7,7.7,0.0,0.14,2.7,18.9,79.2,4.2,8.3,0.15,2.5,19.7,16.0,28.0,8.0,0.16,2.8,18.9,16.7,29.2,12.5,0.16,3.5,15.0,15.8,26.3,15.8,0.16,2.8,12.6,12.5,12.5,0.0,0.16,3.4,15.0,5.3,15.8,0.0,0.18,4.1,17.2,76.5,5.9,11.8,0.14,3.3,19.2,21.1,21.1,47.4,0.13,3.0,17.2,5.9,41.2,0.0,0.13,2.6,13.1,30.8,23.1,15.4,0.16,2.8,18.2,11.1,16.7,38.9,0.13,2.4,15.2,13.3,33.3,0.0,0.17,3.8,11.1,62.5,12.5,12.5,0.14,2.6,22.2,37.5,18.8,0.0,0.16,3.9,13.9,10.0,30.0,30.0,0.15,2.9,13.9,10.0,20.0,30.0,0.17,3.2,15.3,18.2,0.0,0.0,0.15,3.2,23.6,11.8,17.6,0.0,0.2,4.6,16.0,57.1,14.3,9.5,0.18,3.3,19.8,11.5,23.1,19.2,0.19,3.5,13.7,5.6,27.8,27.8,0.15,3.1,21.4,10.7,14.3,7.1,0.17,3.1,19.1,12.0,20.0,8.0,0.18,3.4,9.9,15.4,0.0,0.0,0.18,3.8
20260906,02,12,1800,5330,A2,福岡,22.0,52.0,6.79,54.87,6.4,45.0,20,17.65,28,50.0,4959,A1,大阪,30.0,53.0,7.46,54.46,7.39,38.89,21,52.94,51,15.38,4787,A1,群馬,37.0,53.0,7.75,66.1,7.29,50.0,25,0.0,25,16.67,5111,A2,岡山,26.0,52.0,5.89,45.78,6.44,55.56,36,50.0,37,83.33,4324,A1,山口,38.0,60.0,7.17,55.64,6.67,55.56,44,28.57,32,50.0,4573,A1,埼玉,37.0,53.0,6.82,42.68,7.53,51.81,11,43.75,23,25.0,16.7,80.0,0.0,0.0,0.14,2.8,20.0,20.8,20.8,25.0,0.15,3.0,15.0,27.8,16.7,5.6,0.12,2.1,18.3,4.5,31.8,18.2,0.14,2.8,14.2,17.6,23.5,11.8,0.15,3.2,15.8,5.3,5.3,15.8,0.17,3.6,19.6,77.8,11.1,0.0,0.14,3.4,20.3,21.4,28.6,14.3,0.17,4.2,14.5,25.0,30.0,25.0,0.15,3.4,16.7,8.7,30.4,21.7,0.13,3.0,15.2,19.0,19.0,4.8,0.15,4.3,13.8,21.1,21.1,0.0,0.15,4.4,21.9,76.0,12.0,0.0,0.15,3.0,16.7,42.1,26.3,21.1,0.12,2.4,16.7,26.3,26.3,21.1,0.13,2.9,14.0,12.5,31.2,12.5,0.16,3.4,16.7,15.8,15.8,26.3,0.13,2.2,14.0,6.2,12.5,12.5,0.16,3.6,14.7,71.4,14.3,0.0,0.19,3.8,17.9,29.4,17.6,17.6,0.13,2.7,17.9,5.9,29.4,23.5,0.19,3.2,17.9,23.5,23.5,23.5,0.12,2.4,14.7,14.3,14.3,0.0,0.14,3.1,16.8,12.5,6.2,0.0,0.16,3.3,30.1,84.1,6.8,2.3,0.12,2.0,24.0,28.6,25.7,11.4,0.14,3.2,18.5,14.8,29.6,22.2,0.14,2.9,10.3,13.3,20.0,0.0,0.14,3.1,11.0,18.8,18.8,12.5,0.14,3.1,6.2,22.2,22.2,11.1,0.14,2.9,18.4,73.9,13.0,13.0,0.13,2.8,16.0,25.0,35.0,10.0,0.12,3.1,16.0,20.0,15.0,20.0,0.15,3.5,17.6,13.6,27.3,13.6,0.11,2.8,12.8,18.8,50.0,0.0,0.14,3.5,19.2,12.5,25.0,0.0,0.15,4.1
20260906,01,1,1800,3867,B1,愛知,51.0,58.0,2.85,8.0,2.3,10.0,40,32.83,41,35.43,5228,A2,東京,23.0,53.0,5.72,35.56,5.67,33.33,65,37.43,70,30.43,4557,B1,岡山,36.0,55.0,3.83,16.28,4.31,26.92,64,33.33,52,41.81,4531,A2,佐賀,37.0,55.0,6.31,42.98,0.0,0.0,22,25.2,37,33.33,3202,B1,東京,61.0,53.0,4.76,30.95,2.96,8.0,48,33.16,18,30.0,5430,B2,三重,22.0,51.0,1.39,0.0,1.33,0.0,44,27.65,66,34.46,10.7,11.1,11.1,11.1,0.2,3.6,16.7,21.4,7.1,0.0,0.18,3.4,20.2,5.9,5.9,11.8,0.16,3.4,22.6,5.3,15.8,0.0,0.16,3.3,17.9,6.7,6.7,0.0,0.19,3.5,11.9,0.0,0.0,0.0,0.21,4.5,17.6,78.9,5.3,5.3,0.18,3.2,15.7,29.4,23.5,5.9,0.18,3.8,18.5,15.0,25.0,20.0,0.17,3.7,16.7,11.1,11.1,27.8,0.16,3.2,14.8,12.5,18.8,37.5,0.15,3.1,16.7,5.6,27.8,0.0,0.2,4.0,17.0,35.3,17.6,11.8,0.16,3.5,14.0,7.1,14.3,21.4,0.18,4.1,15.0,6.7,33.3,0.0,0.19,4.2,14.0,14.3,14.3,28.6,0.24,4.8,18.0,22.2,0.0,0.0,0.18,4.8,22.0,4.5,9.1,0.0,0.27,5.5,18.9,75.0,16.7,0.0,0.14,2.4,14.2,5.6,33.3,22.2,0.18,3.1,20.5,19.2,34.6,15.4,0.16,2.8,15.7,10.0,35.0,0.0,0.17,3.8,15.0,5.3,15.8,31.6,0.18,3.2,15.7,5.0,35.0,0.0,0.15,4.1,15.7,25.0,25.0,12.5,0.18,3.6,17.6,11.1,33.3,0.0,0.19,4.4,18.6,15.8,15.8,5.3,0.18,3.6,12.7,23.1,7.7,0.0,0.17,3.2,15.7,12.5,0.0,0.0,0.21,3.8,19.6,5.0,10.0,5.0,0.27,5.1,0.0,0.0,0.0,0.0,0.0,0.0,0.0,0.0,0.0,0.0,0.0,0.0,0.0,0.0,0.0,0.0,0.0,0.0,0.0,0.0,0.0,0.0,0.0,0.0,0.0,0.0,0.0,0.0,0.0,0.0,100.0,2.9,1.4,0.0,0.18,3.4
20260906,01,2,1800,3305,B1,岡山,58.0,53.0,3.57,15.19,3.94,25.0,11,33.33,71,41.36,3475,B1,群馬,56.0,54.0,5.22,35.44,5.91,41.53,31,35.59,34,34.43,4232,B1,福岡,43.0,56.0,5.91,39.13,3.38,17.65,42,25.3,68,32.61,4380,B1,静岡,42.0,53.0,5.0,30.93,3.72,27.78,68,21.55,51,35.39,4342,A2,静岡,41.0,54.0,6.39,37.5,7.0,57.89,67,36.09,29,32.42,4877,A1,兵庫,31.0,56.0,6.2,44.25,6.47,41.18,20,39.72,54,36.36,19.0,62.5,12.5,6.2,0.18,3.5,17.9,20.0,6.7,0.0,0.17,3.5,13.1,27.3,27.3,0.0,0.17,3.2,16.7,7.1,14.3,0.0,0.16,2.7,19.0,12.5,6.2,0.0,0.16,2.6,14.3,8.3,0.0,0.0,0.18,3.9,23.7,54.5,18.2,0.0,0.17,3.1,17.2,6.2,18.8,12.5,0.19,4.7,17.2,25.0,6.2,18.8,0.19,3.6,12.9,25.0,8.3,16.7,0.16,3.0,17.2,12.5,25.0,0.0,0.22,3.3,11.8,9.1,27.3,0.0,0.25,5.3,14.4,40.0,20.0,13.3,0.17,3.1,18.3,15.8,21.1,21.1,0.17,3.5,16.3,23.5,17.6,17.6,0.17,3.5,16.3,35.3,5.9,17.6,0.19,3.2,19.2,15.0,15.0,15.0,0.16,2.6,15.4,6.2,25.0,0.0,0.19,3.7,13.8,53.8,15.4,7.7,0.14,2.2,20.2,5.3,21.1,15.8,0.14,3.8,20.2,5.3,15.8,15.8,0.19,3.4,17.0,12.5,12.5,12.5,0.17,3.8,12.8,8.3,0.0,0.0,0.17,3.5,16.0,6.7,6.7,6.7,0.19,4.2,18.5,70.8,4.2,12.5,0.13,2.8,16.9,22.7,31.8,4.5,0.17,3.1,15.4,30.0,20.0,10.0,0.15,2.8,23.1,33.3,20.0,13.3,0.15,2.8,14.6,10.5,31.6,0.0,0.15,3.6,11.5,13.3,0.0,0.0,0.17,3.5,24.3,69.2,19.2,3.8,0.14,2.5,13.1,28.6,35.7,14.3,0.13,2.6,15.9,11.8,29.4,23.5,0.15,2.8,16.8,16.7,11.1,16.7,0.14,2.9,16.8,27.8,11.1,11.1,0.15,2.6,13.1,14.3,14.3,14.3,0.15,2.3
20260906,01,3,1800,3681,B1,東京,53.0,52.0,4.82,28.79,4.68,15.79,37,32.28,69,34.66,4181,B1,三重,43.0,54.0,3.44,6.82,4.38,14.71,50,34.72,61,39.08,4033,A2,静岡,47.0,54.0,5.82,42.57,6.41,54.9,38,37.42,30,33.16,4538,A1,大阪,36.0,55.0,5.23,39.58,5.97,51.43,26,31.52,23,41.86,5070,B1,東京,32.0,54.0,4.21,20.83,4.32,22.73,73,50.0,28,30.39,4161,B1,愛知,44.0,56.0,5.4,35.34,6.19,40.43,46,36.9,56,38.71,16.5,38.5,15.4,7.7,0.15,3.5,17.7,14.3,28.6,14.3,0.13,2.8,19.0,20.0,26.7,0.0,0.17,3.1,19.0,13.3,20.0,0.0,0.15,3.0,19.0,6.7,13.3,0.0,0.16,3.1,8.9,28.6,0.0,0.0,0.16,3.4,12.2,30.0,30.0,20.0,0.18,3.6,23.2,10.5,21.1,21.1,0.18,4.3,17.1,7.1,7.1,28.6,0.18,3.9,17.1,7.1,14.3,0.0,0.23,5.2,23.2,5.3,0.0,0.0,0.26,5.6,7.3,16.7,33.3,0.0,0.27,5.3,19.0,77.3,18.2,0.0,0.13,2.1,21.6,12.0,32.0,24.0,0.15,3.3,13.8,6.2,43.8,12.5,0.17,3.0,14.7,23.5,11.8,23.5,0.15,3.4,15.5,5.6,27.8,11.1,0.16,3.8,15.5,22.2,16.7,0.0,0.16,3.1,19.2,43.5,13.0,8.7,0.16,3.1,7.5,33.3,22.2,0.0,0.18,4.1,8.3,50.0,40.0,10.0,0.12,2.4,20.0,54.2,8.3,25.0,0.15,3.0,22.5,40.7,7.4,7.4,0.14,2.6,22.5,25.9,7.4,7.4,0.15,3.0,13.0,33.3,11.1,11.1,0.18,3.8,18.8,15.4,7.7,30.8,0.22,4.0,20.3,7.1,7.1,0.0,0.2,4.5,18.8,7.7,7.7,15.4,0.22,3.4,11.6,12.5,12.5,0.0,0.26,5.4,17.4,8.3,0.0,0.0,0.25,5.0,19.2,56.5,21.7,13.0,0.16,2.2,14.2,29.4,11.8,0.0,0.18,3.8,17.5,4.8,23.8,33.3,0.17,3.0,18.3,9.1,13.6,22.7,0.17,3.7,15.8,5.3,15.8,10.5,0.15,3.2,15.0,16.7,22.2,0.0,0.15,3.2
20260906,01,4,1800,3277,B1,東京,60.0,52.0,4.56,22.22,4.32,12.0,52,26.32,31,38.07,4040,A2,兵庫,47.0,58.0,5.83,39.45,5.57,40.82,21,32.43,19,34.97,5344,B1,滋賀,23.0,53.0,5.46,32.93,0.0,0.0,32,43.48,21,31.89,4028,A1,徳島,48.0,59.0,5.54,34.74,0.0,0.0,13,29.07,17,36.42,4195,B1,福岡,44.0,59.0,5.19,32.88,5.33,33.33,43,26.17,45,44.38,4919,B1,長崎,35.0,53.0,3.94,16.33,0.0,0.0,72,30.86,50,33.33,15.2,20.0,6.7,13.3,0.18,3.2,15.2,6.7,6.7,40.0,0.19,3.5,19.2,21.1,5.3,0.0,0.17,3.2,21.2,14.3,14.3,9.5,0.17,3.3,19.2,5.3,15.8,0.0,0.19,3.7,10.1,10.0,0.0,0.0,0.21,4.6,19.1,65.4,11.5,7.7,0.16,2.8,19.9,3.7,44.4,11.1,0.14,2.9,15.4,14.3,33.3,4.8,0.15,2.7,16.9,34.8,8.7,26.1,0.15,3.3,10.3,21.4,7.1,35.7,0.14,3.1,18.4,8.0,12.0,0.0,0.13,2.7,6.0,33.3,16.7,0.0,0.18,3.7,8.0,37.5,0.0,0.0,0.14,2.8,26.0,7.7,7.7,7.7,0.17,3.5,18.0,16.7,11.1,22.2,0.14,2.8,23.0,4.3,21.7,0.0,0.14,2.9,19.0,5.3,10.5,15.8,0.15,2.9,21.3,85.2,3.7,0.0,0.13,2.7,22.0,17.9,28.6,17.9,0.14,3.1,18.1,8.7,13.0,21.7,0.14,2.5,15.0,26.3,26.3,5.3,0.17,3.1,13.4,23.5,11.8,5.9,0.17,4.4,10.2,7.7,7.7,23.1,0.17,4.4,15.8,37.5,25.0,0.0,0.16,3.4,17.8,11.1,38.9,11.1,0.13,2.8,16.8,17.6,17.6,23.5,0.16,2.9,12.9,15.4,23.1,0.0,0.19,3.6,20.8,9.5,19.0,9.5,0.14,3.2,15.8,6.2,6.2,6.2,0.18,2.9,9.1,16.7,16.7,0.0,0.19,3.8,16.7,9.1,9.1,27.3,0.18,3.4,15.2,10.0,20.0,10.0,0.13,3.1,18.2,8.3,50.0,0.0,0.19,3.8,16.7,9.1,36.4,0.0,0.2,3.9,24.2,6.2,12.5,0.0,0.2,4.9
20260906,01,5,1800,5048,B1,長崎,32.0,55.0,4.54,28.57,2.27,0.0,74,38.54,55,30.64,5012,B1,福岡,29.0,53.0,4.52,23.29,4.48,24.24,60,44.05,15,41.04,4027,A2,佐賀,48.0,55.0,5.4,33.82,5.85,45.0,75,27.91,48,39.34,4019,A1,静岡,46.0,53.0,6.98,54.29,7.95,67.5,12,38.13,33,34.25,3867,B1,愛知,51.0,58.0,2.85,8.0,2.3,10.0,40,32.83,41,35.43,5181,B1,岡山,28.0,53.0,4.78,30.43,4.8,10.0,63,23.66,24,34.12,10.9,63.6,9.1,0.0,0.18,4.1,7.9,12.5,12.5,0.0,0.17,4.1,7.9,37.5,12.5,0.0,0.17,3.4,5.9,16.7,33.3,0.0,0.2,4.2,18.8,10.5,21.1,0.0,0.25,4.2,48.5,10.2,16.3,0.0,0.21,4.2,20.2,40.9,27.3,13.6,0.14,2.7,13.8,6.7,13.3,20.0,0.12,2.6,17.4,15.8,21.1,36.8,0.11,2.4,16.5,11.1,22.2,11.1,0.15,2.6,12.8,7.1,28.6,7.1,0.12,2.5,19.3,4.8,4.8,28.6,0.17,3.6,16.7,66.7,6.7,6.7,0.16,2.8,18.9,5.9,23.5,23.5,0.18,4.4,15.6,7.1,21.4,42.9,0.16,3.0,22.2,25.0,10.0,10.0,0.15,2.6,18.9,11.8,5.9,17.6,0.15,2.7,7.8,14.3,0.0,0.0,0.17,2.9,21.1,76.9,7.7,7.7,0.14,2.7,15.4,57.9,15.8,0.0,0.16,3.0,14.6,16.7,27.8,16.7,0.16,3.7,13.0,18.8,18.8,37.5,0.17,3.7,18.7,13.0,13.0,8.7,0.18,3.6,17.1,4.8,9.5,9.5,0.2,5.0,10.7,11.1,11.1,11.1,0.2,3.6,16.7,21.4,7.1,0.0,0.18,3.4,20.2,5.9,5.9,11.8,0.16,3.4,22.6,5.3,15.8,0.0,0.16,3.3,17.9,6.7,6.7,0.0,0.19,3.5,11.9,0.0,0.0,0.0,0.21,4.5,15.0,53.3,20.0,0.0,0.15,3.0,18.0,33.3,16.7,0.0,0.2,3.6,18.0,5.6,11.1,27.8,0.15,3.2,14.0,7.1,14.3,28.6,0.13,2.9,20.0,5.0,15.0,20.0,0.16,3.1,15.0,13.3,33.3,0.0,0.19,4.1
20260906,01,6,1800,4025,A1,兵庫,48.0,52.0,6.44,46.34,6.92,53.06,41,32.22,27,43.1,3202,B1,東京,61.0,53.0,4.76,30.95,2.96,8.0,48,33.16,18,30.0,4440,B1,東京,40.0,54.0,4.6,28.57,4.3,18.87,49,34.36,36,33.69,3653,B2,群馬,52.0,57.0,4.2,13.85,4.38,18.18,71,32.73,38,36.0,3305,B1,岡山,58.0,53.0,3.57,15.19,3.94,25.0,11,33.33,71,41.36,5122,B1,埼玉,25.0,56.0,3.68,15.79,5.04,25.93,57,29.05,42,34.76,20.4,68.4,15.8,5.3,0.2,3.3,15.1,14.3,50.0,21.4,0.19,3.5,17.2,18.8,37.5,25.0,0.17,3.4,19.4,27.8,16.7,22.2,0.17,3.5,14.0,7.7,23.1,23.1,0.2,4.2,14.0,7.7,7.7,15.4,0.17,4.2,15.7,25.0,25.0,12.5,0.18,3.6,17.6,11.1,33.3,0.0,0.19,4.4,18.6,15.8,15.8,5.3,0.18,3.6,12.7,23.1,7.7,0.0,0.17,3.2,15.7,12.5,0.0,0.0,0.21,3.8,19.6,5.0,10.0,5.0,0.27,5.1,12.7,38.5,23.1,0.0,0.14,2.8,18.6,10.5,10.5,26.3,0.16,2.7,17.6,16.7,11.1,27.8,0.17,3.0,15.7,25.0,18.8,0.0,0.15,2.4,21.6,13.6,27.3,0.0,0.21,4.1,13.7,21.4,0.0,0.0,0.22,3.9,17.0,22.2,22.2,22.2,0.23,3.9,15.1,25.0,12.5,0.0,0.17,4.0,17.0,22.2,22.2,0.0,0.2,3.9,20.8,9.1,9.1,36.4,0.17,4.1,11.3,33.3,0.0,0.0,0.27,4.2,18.9,10.0,20.0,0.0,0.19,3.5,19.0,62.5,12.5,6.2,0.18,3.5,17.9,20.0,6.7,0.0,0.17,3.5,13.1,27.3,27.3,0.0,0.17,3.2,16.7,7.1,14.3,0.0,0.16,2.7,19.0,12.5,6.2,0.0,0.16,2.6,14.3,8.3,0.0,0.0,0.18,3.9,14.3,54.5,27.3,18.2,0.14,2.3,15.6,16.7,33.3,16.7,0.16,3.3,15.6,41.7,8.3,0.0,0.14,2.5,22.1,17.6,11.8,0.0,0.19,3.6,18.2,28.6,0.0,0.0,0.2,3.5,14.3,9.1,18.2,0.0,0.21,4.8
20260906,01,7,1800,3686,A2,群馬,51.0,51.0,6.21,37.8,6.34,39.6,47,29.63,59,37.63,5107,B1,福岡,27.0,50.0,3.93,8.47,4.0,5.56,25,27.54,44,40.91,4044,A1,大阪,46.0,53.0,6.17,32.93,6.77,45.71,29,27.4,60,38.1,4181,B1,三重,43.0,54.0,3.44,6.82,4.38,14.71,50,34.72,61,39.08,4557,B1,岡山,36.0,55.0,3.83,16.28,4.31,26.92,64,33.33,52,41.81,4380,B1,静岡,42.0,53.0,5.0,30.93,3.72,27.78,68,21.55,51,35.39,19.7,66.7,14.8,0.0,0.13,1.7,14.6,10.0,20.0,30.0,0.14,2.3,19.0,15.4,11.5,38.5,0.15,2.8,14.6,15.0,20.0,20.0,0.13,2.5,17.5,16.7,16.7,16.7,0.15,3.0,14.6,10.0,35.0,0.0,0.19,4.2,10.4,50.0,20.0,0.0,0.16,3.6,13.5,7.7,23.1,7.7,0.18,3.7,24.0,8.7,26.1,17.4,0.16,2.7,18.8,11.1,16.7,11.1,0.18,3.3,16.7,12.5,18.8,18.8,0.17,3.4,16.7,6.2,6.2,18.8,0.13,2.8,21.4,70.0,16.7,0.0,0.14,3.5,17.9,16.0,36.0,20.0,0.13,3.2,16.4,21.7,8.7,34.8,0.16,4.0,17.1,16.7,20.8,20.8,0.13,2.9,15.0,19.0,9.5,19.0,0.13,3.0,12.1,11.8,23.5,0.0,0.14,3.4,12.2,30.0,30.0,20.0,0.18,3.6,23.2,10.5,21.1,21.1,0.18,4.3,17.1,7.1,7.1,28.6,0.18,3.9,17.1,7.1,14.3,0.0,0.23,5.2,23.2,5.3,0.0,0.0,0.26,5.6,7.3,16.7,33.3,0.0,0.27,5.3,17.0,35.3,17.6,11.8,0.16,3.5,14.0,7.1,14.3,21.4,0.18,4.1,15.0,6.7,33.3,0.0,0.19,4.2,14.0,14.3,14.3,28.6,0.24,4.8,18.0,22.2,0.0,0.0,0.18,4.8,22.0,4.5,9.1,0.0,0.27,5.5,13.8,53.8,15.4,7.7,0.14,2.2,20.2,5.3,21.1,15.8,0.14,3.8,20.2,5.3,15.8,15.8,0.19,3.4,17.0,12.5,12.5,12.5,0.17,3.8,12.8,8.3,0.0,0.0,0.17,3.5,16.0,6.7,6.7,6.7,0.19,4.2
20260906,01,8,1800,4118,A2,愛知,45.0,53.0,5.87,39.29,6.38,51.72,27,50.31,47,31.18,5070,B1,東京,32.0,54.0,4.21,20.83,4.32,22.73,73,50.0,28,30.39,4919,B1,長崎,35.0,53.0,3.94,16.33,0.0,0.0,72,30.86,50,33.33,5430,B2,三重,22.0,51.0,1.39,0.0,1.33,0.0,44,27.65,66,34.46,3743,A1,徳島,51.0,52.0,5.41,40.0,7.05,42.11,70,33.16,40,30.68,3475,B1,群馬,56.0,54.0,5.22,35.44,5.91,41.53,31,35.59,34,34.43,22.1,63.6,27.3,3.0,0.13,2.1,14.8,9.1,27.3,22.7,0.15,2.3,13.4,5.0,20.0,20.0,0.13,2.6,19.5,13.8,27.6,17.2,0.16,2.7,13.4,10.0,20.0,25.0,0.14,3.1,16.8,4.0,4.0,20.0,0.17,3.9,13.0,33.3,11.1,11.1,0.18,3.8,18.8,15.4,7.7,30.8,0.22,4.0,20.3,7.1,7.1,0.0,0.2,4.5,18.8,7.7,7.7,15.4,0.22,3.4,11.6,12.5,12.5,0.0,0.26,5.4,17.4,8.3,0.0,0.0,0.25,5.0,9.1,16.7,16.7,0.0,0.19,3.8,16.7,9.1,9.1,27.3,0.18,3.4,15.2,10.0,20.0,10.0,0.13,3.1,18.2,8.3,50.0,0.0,0.19,3.8,16.7,9.1,36.4,0.0,0.2,3.9,24.2,6.2,12.5,0.0,0.2,4.9,0.0,0.0,0.0,0.0,0.0,0.0,0.0,0.0,0.0,0.0,0.0,0.0,0.0,0.0,0.0,0.0,0.0,0.0,0.0,0.0,0.0,0.0,0.0,0.0,0.0,0.0,0.0,0.0,0.0,0.0,100.0,2.9,1.4,0.0,0.18,3.4,26.7,51.9,25.9,0.0,0.14,2.8,21.8,18.2,31.8,9.1,0.13,2.8,19.8,25.0,30.0,20.0,0.15,2.6,21.8,9.1,27.3,22.7,0.17,3.2,6.9,14.3,28.6,0.0,0.16,4.1,3.0,0.0,0.0,0.0,0.13,3.0,23.7,54.5,18.2,0.0,0.17,3.1,17.2,6.2,18.8,12.5,0.19,4.7,17.2,25.0,6.2,18.8,0.19,3.6,12.9,25.0,8.3,16.7,0.16,3.0,17.2,12.5,25.0,0.0,0.22,3.3,11.8,9.1,27.3,0.0,0.25,5.3
20260906,01,9,1800,4562,B1,岡山,38.0,56.0,4.77,27.93,3.82,10.71,34,37.13,12,30.34,4513,A2,福岡,37.0,54.0,6.0,42.99,5.96,46.15,36,27.11,20,30.72,3874,A2,岡山,50.0,52.0,7.11,50.96,6.3,40.0,62,41.58,35,36.41,4033,A2,静岡,47.0,54.0,5.82,42.57,6.41,54.9,38,37.42,30,33.16,5344,B1,滋賀,23.0,53.0,5.46,32.93,0.0,0.0,32,43.48,21,31.89,3946,A1,愛知,50.0,56.0,7.19,54.47,6.97,62.07,51,32.52,74,34.86,14.4,12.5,18.8,31.2,0.16,3.8,17.1,10.5,26.3,0.0,0.21,4.6,16.2,11.1,16.7,0.0,0.19,3.9,17.1,5.3,10.5,21.1,0.19,3.9,18.9,9.5,4.8,23.8,0.18,3.8,16.2,11.1,0.0,0.0,0.23,4.6,23.3,70.8,12.5,8.3,0.17,4.3,14.6,20.0,20.0,13.3,0.19,4.0,14.6,33.3,20.0,13.3,0.2,4.3,18.4,10.5,10.5,31.6,0.18,3.7,11.7,16.7,8.3,16.7,0.23,4.0,17.5,5.6,5.6,0.0,0.22,5.4,20.8,64.0,24.0,8.0,0.17,3.0,15.0,16.7,27.8,5.6,0.16,3.4,18.3,18.2,13.6,22.7,0.16,3.3,16.7,20.0,15.0,35.0,0.17,3.1,12.5,13.3,13.3,26.7,0.18,3.8,16.7,5.0,15.0,15.0,0.2,4.2,19.0,77.3,18.2,0.0,0.13,2.1,21.6,12.0,32.0,24.0,0.15,3.3,13.8,6.2,43.8,12.5,0.17,3.0,14.7,23.5,11.8,23.5,0.15,3.4,15.5,5.6,27.8,11.1,0.16,3.8,15.5,22.2,16.7,0.0,0.16,3.1,6.0,33.3,16.7,0.0,0.18,3.7,8.0,37.5,0.0,0.0,0.14,2.8,26.0,7.7,7.7,7.7,0.17,3.5,18.0,16.7,11.1,22.2,0.14,2.8,23.0,4.3,21.7,0.0,0.14,2.9,19.0,5.3,10.5,15.8,0.15,2.9,25.6,64.5,19.4,9.7,0.12,2.4,40.5,12.2,34.7,26.5,0.16,3.4,14.9,11.1,33.3,33.3,0.17,3.2,13.2,18.8,6.2,25.0,0.16,3.7,5.8,14.3,14.3,0.0,0.16,3.4,0.0,0.0,0.0,0.0,0.0,0.0
20260906,01,10,1800,4992,B1,滋賀,28.0,59.0,4.8,31.58,2.56,0.0,53,35.91,73,38.07,3319,A2,埼玉,59.0,53.0,5.73,38.6,5.21,35.9,24,36.68,57,41.04,4028,A1,徳島,48.0,59.0,5.54,34.74,0.0,0.0,13,29.07,17,36.42,4027,A2,佐賀,48.0,55.0,5.4,33.82,5.85,45.0,75,27.91,48,39.34,5228,A2,東京,23.0,53.0,5.72,35.56,5.67,33.33,65,37.43,70,30.43,4943,B1,愛知,35.0,55.0,4.48,23.29,5.31,24.14,17,33.98,39,32.8,12.3,69.2,15.4,0.0,0.17,3.3,18.9,15.0,25.0,15.0,0.15,2.8,17.9,10.5,15.8,21.1,0.16,3.5,17.9,31.6,10.5,10.5,0.13,2.6,17.9,5.3,10.5,0.0,0.16,3.4,15.1,12.5,0.0,0.0,0.19,4.1,18.7,40.0,20.0,20.0,0.14,3.3,15.0,12.5,25.0,31.2,0.17,3.1,17.8,36.8,15.8,0.0,0.18,3.5,18.7,15.0,30.0,20.0,0.14,2.7,14.0,20.0,33.3,0.0,0.16,3.4,15.9,5.9,5.9,17.6,0.2,4.8,21.3,85.2,3.7,0.0,0.13,2.7,22.0,17.9,28.6,17.9,0.14,3.1,18.1,8.7,13.0,21.7,0.14,2.5,15.0,26.3,26.3,5.3,0.17,3.1,13.4,23.5,11.8,5.9,0.17,4.4,10.2,7.7,7.7,23.1,0.17,4.4,16.7,66.7,6.7,6.7,0.16,2.8,18.9,5.9,23.5,23.5,0.18,4.4,15.6,7.1,21.4,42.9,0.16,3.0,22.2,25.0,10.0,10.0,0.15,2.6,18.9,11.8,5.9,17.6,0.15,2.7,7.8,14.3,0.0,0.0,0.17,2.9,17.6,78.9,5.3,5.3,0.18,3.2,15.7,29.4,23.5,5.9,0.18,3.8,18.5,15.0,25.0,20.0,0.17,3.7,16.7,11.1,11.1,27.8,0.16,3.2,14.8,12.5,18.8,37.5,0.15,3.1,16.7,5.6,27.8,0.0,0.2,4.0,13.7,50.0,10.0,10.0,0.16,3.0,19.2,14.3,21.4,7.1,0.17,3.4,19.2,7.1,14.3,0.0,0.12,2.5,17.8,7.7,15.4,0.0,0.14,2.0,21.9,18.8,0.0,0.0,0.14,3.1,8.2,0.0,0.0,0.0,0.16,3.7
20260906,01,11,1800,4531,A2,佐賀,37.0,55.0,6.31,42.98,0.0,0.0,22,25.2,37,33.33,4025,A1,兵庫,48.0,52.0,6.44,46.34,6.92,53.06,41,32.22,27,43.1,5012,B1,福岡,29.0,53.0,4.52,23.29,4.48,24.24,60,44.05,15,41.04,4342,A2,静岡,41.0,54.0,6.39,37.5,7.0,57.89,67,36.09,29,32.42,4538,A1,大阪,36.0,55.0,5.23,39.58,5.97,51.43,26,31.52,23,41.86,3852,B1,三重,54.0,51.0,4.79,25.0,4.65,30.0,69,34.52,62,32.58,18.9,75.0,16.7,0.0,0.14,2.4,14.2,5.6,33.3,22.2,0.18,3.1,20.5,19.2,34.6,15.4,0.16,2.8,15.7,10.0,35.0,0.0,0.17,3.8,15.0,5.3,15.8,31.6,0.18,3.2,15.7,5.0,35.0,0.0,0.15,4.1,20.4,68.4,15.8,5.3,0.2,3.3,15.1,14.3,50.0,21.4,0.19,3.5,17.2,18.8,37.5,25.0,0.17,3.4,19.4,27.8,16.7,22.2,0.17,3.5,14.0,7.7,23.1,23.1,0.2,4.2,14.0,7.7,7.7,15.4,0.17,4.2,20.2,40.9,27.3,13.6,0.14,2.7,13.8,6.7,13.3,20.0,0.12,2.6,17.4,15.8,21.1,36.8,0.11,2.4,16.5,11.1,22.2,11.1,0.15,2.6,12.8,7.1,28.6,7.1,0.12,2.5,19.3,4.8,4.8,28.6,0.17,3.6,18.5,70.8,4.2,12.5,0.13,2.8,16.9,22.7,31.8,4.5,0.17,3.1,15.4,30.0,20.0,10.0,0.15,2.8,23.1,33.3,20.0,13.3,0.15,2.8,14.6,10.5,31.6,0.0,0.15,3.6,11.5,13.3,0.0,0.0,0.17,3.5,19.2,43.5,13.0,8.7,0.16,3.1,7.5,33.3,22.2,0.0,0.18,4.1,8.3,50.0,40.0,10.0,0.12,2.4,20.0,54.2,8.3,25.0,0.15,3.0,22.5,40.7,7.4,7.4,0.14,2.6,22.5,25.9,7.4,7.4,0.15,3.0,13.6,44.4,33.3,0.0,0.2,4.3,19.7,23.1,0.0,0.0,0.23,4.4,13.6,11.1,0.0,0.0,0.16,3.6,13.6,22.2,0.0,0.0,0.19,3.6,22.7,13.3,6.7,6.7,0.19,3.5,16.7,9.1,18.2,0.0,0.28,4.7
20260906,01,12,1800,4019,A1,静岡,46.0,53.0,6.98,54.29,7.95,67.5,12,38.13,33,34.25,4877,A1,兵庫,31.0,56.0,6.2,44.25,6.47,41.18,20,39.72,54,36.36,4118,A2,愛知,45.0,53.0,5.87,39.29,6.38,51.72,27,50.31,47,31.18,5107,B1,福岡,27.0,50.0,3.93,8.47,4.0,5.56,25,27.54,44,40.91,3681,B1,東京,53.0,52.0,4.82,28.79,4.68,15.79,37,32.28,69,34.66,4040,A2,兵庫,47.0,58.0,5.83,39.45,5.57,40.82,21,32.43,19,34.97,21.1,76.9,7.7,7.7,0.14,2.7,15.4,57.9,15.8,0.0,0.16,3.0,14.6,16.7,27.8,16.7,0.16,3.7,13.0,18.8,18.8,37.5,0.17,3.7,18.7,13.0,13.0,8.7,0.18,3.6,17.1,4.8,9.5,9.5,0.2,5.0,24.3,69.2,19.2,3.8,0.14,2.5,13.1,28.6,35.7,14.3,0.13,2.6,15.9,11.8,29.4,23.5,0.15,2.8,16.8,16.7,11.1,16.7,0.14,2.9,16.8,27.8,11.1,11.1,0.15,2.6,13.1,14.3,14.3,14.3,0.15,2.3,22.1,63.6,27.3,3.0,0.13,2.1,14.8,9.1,27.3,22.7,0.15,2.3,13.4,5.0,20.0,20.0,0.13,2.6,19.5,13.8,27.6,17.2,0.16,2.7,13.4,10.0,20.0,25.0,0.14,3.1,16.8,4.0,4.0,20.0,0.17,3.9,10.4,50.0,20.0,0.0,0.16,3.6,13.5,7.7,23.1,7.7,0.18,3.7,24.0,8.7,26.1,17.4,0.16,2.7,18.8,11.1,16.7,11.1,0.18,3.3,16.7,12.5,18.8,18.8,0.17,3.4,16.7,6.2,6.2,18.8,0.13,2.8,16.5,38.5,15.4,7.7,0.15,3.5,17.7,14.3,28.6,14.3,0.13,2.8,19.0,20.0,26.7,0.0,0.17,3.1,19.0,13.3,20.0,0.0,0.15,3.0,19.0,6.7,13.3,0.0,0.16,3.1,8.9,28.6,0.0,0.0,0.16,3.4,19.1,65.4,11.5,7.7,0.16,2.8,19.9,3.7,44.4,11.1,0.14,2.9,15.4,14.3,33.3,4.8,0.15,2.7,16.9,34.8,8.7,26.1,0.15,3.3,10.3,21.4,7.1,35.7,0.14,3.1,18.4,8.0,12.0,0.0,0.13,2.7
