date,jcd,r,距離,登番1,級別1,支部1,年齢1,体重1,勝率1,全国2率1,当地勝率1,当地2率1,モーター番号1,モーター2率1,ボート番号1,ボート2率1,登番2,級別2,支部2,年齢2,体重2,勝率2,全国2率2,当地勝率2,当地2率2,モーター番号2,モーター2率2,ボート番号2,ボート2率2,登番3,級別3,支部3,年齢3,体重3,勝率3,全国2率3,当地勝率3,当地2率3,モーター番号3,モーター2率3,ボート番号3,ボート2率3,登番4,級別4,支部4,年齢4,体重4,勝率4,全国2率4,当地勝率4,当地2率4,モーター番号4,モーター2率4,ボート番号4,ボート2率4,登番5,級別5,支部5,年齢5,体重5,勝率5,全国2率5,当地勝率5,当地2率5,モーター番号5,モーター2率5,ボート番号5,ボート2率5,登番6,級別6,支部6,年齢6,体重6,勝率6,全国2率6,当地勝率6,当地2率6,モーター番号6,モーター2率6,ボート番号6,ボート2率6,1号艇_1コース_進入率,1号艇_1コース_1着率,1号艇_1コース_2着率,1号艇_1コース_3着率,1号艇_1コース_平均ST,1号艇_1コース_ST順,1号艇_2コース_進入率,1号艇_2コース_1着率,1号艇_2コース_2着率,1号艇_2コース_3着率,1号艇_2コース_平均ST,1号艇_2コース_ST順,1号艇_3コース_進入率,1号艇_3コース_1着率,1号艇_3コース_2着率,1号艇_3コース_3着率,1号艇_3コース_平均ST,1号艇_3コース_ST順,1号艇_4コース_進入率,1号艇_4コース_1着率,1号艇_4コース_2着率,1号艇_4コース_3着率,1号艇_4コース_平均ST,1号艇_4コース_ST順,1号艇_5コース_進入率,1号艇_5コース_1着率,1号艇_5コース_2着率,1号艇_5コース_3着率,1号艇_5コース_平均ST,1号艇_5コース_ST順,1号艇_6コース_進入率,1号艇_6コース_1着率,1号艇_6コース_2着率,1号艇_6コース_3着率,1号艇_6コース_平均ST,1号艇_6コース_ST順,2号艇_1コース_進入率,2号艇_1コース_1着率,2号艇_1コース_2着率,2号艇_1コース_3着率,2号艇_1コース_平均ST,2号艇_1コース_ST順,2号艇_2コース_進入率,2号艇_2コース_1着率,2号艇_2コース_2着率,2号艇_2コース_3着率,2号艇_2コース_平均ST,2号艇_2コース_ST順,2号艇_3コース_進入率,2号艇_3コース_1着率,2号艇_3コース_2着率,2号艇_3コース_3着率,2号艇_3コース_平均ST,2号艇_3コース_ST順,2号艇_4コース_進入率,2号艇_4コース_1着率,2号艇_4コース_2着率,2号艇_4コース_3着率,2号艇_4コース_平均ST,2号艇_4コース_ST順,2号艇_5コース_進入率,2号艇_5コース_1着率,2号艇_5コース_2着率,2号艇_5コース_3着率,2号艇_5コース_平均ST,2号艇_5コース_ST順,2号艇_6コース_進入率,2号艇_6コース_1着率,2号艇_6コース_2着率,2号艇_6コース_3着率,2号艇_6コース_平均ST,2号艇_6コース_ST順,3号艇_1コース_進入率,3号艇_1コース_1着率,3号艇_1コース_2着率,3号艇_1コース_3着率,3号艇_1コース_平均ST,3号艇_1コース_ST順,3号艇_2コース_進入率,3号艇_2コース_1着率,3号艇_2コース_2着率,3号艇_2コース_3着率,3号艇_2コース_平均ST,3号艇_2コース_ST順,3号艇_3コース_進入率,3号艇_3コース_1着率,3号艇_3コース_2着率,3号艇_3コース_3着率,3号艇_3コース_平均ST,3号艇_3コース_ST順,3号艇_4コース_進入率,3号艇_4コース_1着率,3号艇_4コース_2着率,3号艇_4コース_3着率,3号艇_4コース_平均ST,3号艇_4コース_ST順,3号艇_5コース_進入率,3号艇_5コース_1着率,3号艇_5コース_2着率,3号艇_5コース_3着率,3号艇_5コース_平均ST,3号艇_5コース_ST順,3号艇_6コース_進入率,3号艇_6コース_1着率,3号艇_6コース_2着率,3号艇_6コース_3着率,3号艇_6コース_平均ST,3号艇_6コース_ST順,4号艇_1コース_進入率,4号艇_1コース_1着率,4号艇_1コース_2着率,4号艇_1コース_3着率,4号艇_1コース_平均ST,4号艇_1コース_ST順,4号艇_2コース_進入率,4号艇_2コース_1着率,4号艇_2コース_2着率,4号艇_2コース_3着率,4号艇_2コース_平均ST,4号艇_2コース_ST順,4号艇_3コース_進入率,4号艇_3コース_1着率,4号艇_3コース_2着率,4号艇_3コース_3着率,4号艇_3コース_平均ST,4号艇_3コース_ST順,4号艇_4コース_進入率,4号艇_4コース_1着率,4号艇_4コース_2着率,4号艇_4コース_3着率,4号艇_4コース_平均ST,4号艇_4コース_ST順,4号艇_5コース_進入率,4号艇_5コース_1着率,4号艇_5コース_2着率,4号艇_5コース_3着率,4号艇_5コース_平均ST,4号艇_5コース_ST順,4号艇_6コース_進入率,4号艇_6コース_1着率,4号艇_6コース_2着率,4号艇_6コース_3着率,4号艇_6コース_平均ST,4号艇_6コース_ST順,5号艇_1コース_進入率,5号艇_1コース_1着率,5号艇_1コース_2着率,5号艇_1コース_3着率,5号艇_1コース_平均ST,5号艇_1コース_ST順,5号艇_2コース_進入率,5号艇_2コース_1着率,5号艇_2コース_2着率,5号艇_2コース_3着率,5号艇_2コース_平均ST,5号艇_2コース_ST順,5号艇_3コース_進入率,5号艇_3コース_1着率,5号艇_3コース_2着率,5号艇_3コース_3着率,5号艇_3コース_平均ST,5号艇_3コース_ST順,5号艇_4コース_進入率,5号艇_4コース_1着率,5号艇_4コース_2着率,5号艇_4コース_3着率,5号艇_4コース_平均ST,5号艇_4コース_ST順,5号艇_5コース_進入率,5号艇_5コース_1着率,5号艇_5コース_2着率,5号艇_5コース_3着率,5号艇_5コース_平均ST,5号艇_5コース_ST順,5号艇_6コース_進入率,5号艇_6コース_1着率,5号艇_6コース_2着率,5号艇_6コース_3着率,5号艇_6コース_平均ST,5号艇_6コース_ST順,6号艇_1コース_進入率,6号艇_1コース_1着率,6号艇_1コース_2着率,6号艇_1コース_3着率,6号艇_1コース_平均ST,6号艇_1コース_ST順,6号艇_2コース_進入率,6号艇_2コース_1着率,6号艇_2コース_2着率,6号艇_2コース_3着率,6号艇_2コース_平均ST,6号艇_2コース_ST順,6号艇_3コース_進入率,6号艇_3コース_1着率,6号艇_3コース_2着率,6号艇_3コース_3着率,6号艇_3コース_平均ST,6号艇_3コース_ST順,6号艇_4コース_進入率,6号艇_4コース_1着率,6号艇_4コース_2着率,6号艇_4コース_3着率,6号艇_4コース_平均ST,6号艇_4コース_ST順,6号艇_5コース_進入率,6号艇_5コース_1着率,6号艇_5コース_2着率,6号艇_5コース_3着率,6号艇_5コース_平均ST,6号艇_5コース_ST順,6号艇_6コース_進入率,6号艇_6コース_1着率,6号艇_6コース_2着率,6号艇_6コース_3着率,6号艇_6コース_平均ST,6号艇_6コース_ST順
20260912,24,1,1800,4494,A1,静岡,39.0,52.0,6.89,47.13,6.75,25.0,27,29.69,77,33.82,4543,A1,兵庫,38.0,53.0,6.64,48.11,5.23,30.77,22,30.3,66,39.34,4075,A1,東京,45.0,55.0,6.48,40.78,6.43,41.38,36,36.51,36,32.86,4715,A1,長崎,34.0,52.0,6.67,46.97,6.9,53.55,57,43.55,37,38.24,5016,A1,兵庫,28.0,53.0,6.92,45.26,7.23,57.69,12,28.57,24,37.7,4571,A1,徳島,38.0,53.0,6.33,43.42,6.46,54.17,44,52.94,35,31.75,23.2,78.3,4.3,4.3,0.14,2.5,12.1,33.3,25.0,16.7,0.16,3.7,20.2,20.0,35.0,10.0,0.13,3.4,17.2,5.9,17.6,29.4,0.17,3.9,17.2,17.6,17.6,23.5,0.15,3.2,10.1,10.0,10.0,0.0,0.19,4.3,19.8,75.0,16.7,0.0,0.15,3.2,15.7,15.8,31.6,21.1,0.15,2.9,19.0,21.7,30.4,21.7,0.14,2.9,19.8,8.3,37.5,25.0,0.18,3.9,13.2,6.2,18.8,25.0,0.2,3.9,12.4,6.7,26.7,0.0,0.19,4.3,19.7,61.5,19.2,11.5,0.1,2.0,13.6,11.1,38.9,16.7,0.12,2.3,18.9,8.0,36.0,20.0,0.13,2.6,16.7,13.6,27.3,18.2,0.13,2.4,13.6,16.7,44.4,0.0,0.13,2.7,17.4,8.7,8.7,13.0,0.15,4.3,21.0,59.1,4.5,18.2,0.14,2.8,13.3,42.9,14.3,28.6,0.13,2.5,15.2,18.8,31.2,25.0,0.12,2.7,14.3,6.7,33.3,20.0,0.14,2.7,16.2,17.6,5.9,41.2,0.17,3.1,20.0,19.0,38.1,0.0,0.17,3.4,21.1,73.1,7.7,3.8,0.13,2.3,17.1,33.3,28.6,19.0,0.15,3.1,15.4,26.3,21.1,21.1,0.14,2.2,16.3,20.0,10.0,40.0,0.13,2.4,10.6,7.7,7.7,30.8,0.14,2.8,19.5,4.2,37.5,0.0,0.17,4.0,16.8,55.0,10.0,10.0,0.13,2.9,16.0,31.6,21.1,10.5,0.13,2.6,13.4,31.2,18.8,0.0,0.15,3.1,8.4,50.0,10.0,0.0,0.12,3.5,15.1,33.3,27.8,0.0,0.14,3.1,30.3,13.9,5.6,8.3,0.13,3.4
20260912,24,2,1800,4084,A1,愛知,46.0,54.0,6.46,43.55,7.2,57.14,41,54.55,75,31.43,5028,A1,福岡,29.0,51.0,7.15,57.35,7.34,55.26,60,28.79,29,37.5,3779,A1,長崎,50.0,52.0,6.66,40.21,7.35,52.48,77,28.79,49,41.94,5051,A1,埼玉,31.0,56.0,6.45,45.28,6.25,50.0,23,37.14,81,40.32,4961,A1,福井,30.0,47.0,6.78,48.11,5.27,30.0,38,41.27,48,40.0,3719,A1,広島,51.0,53.0,6.7,44.76,7.31,37.5,20,49.23,64,39.68,21.7,80.6,9.7,0.0,0.14,3.0,15.4,9.1,45.5,18.2,0.17,4.0,16.8,8.3,33.3,20.8,0.15,3.2,14.0,20.0,20.0,20.0,0.15,3.2,16.8,12.5,20.8,20.8,0.17,3.8,15.4,9.1,9.1,13.6,0.16,3.6,22.4,72.7,18.2,4.5,0.15,2.8,15.3,26.7,40.0,13.3,0.16,3.5,18.4,33.3,16.7,16.7,0.17,4.1,15.3,6.7,26.7,13.3,0.18,4.4,15.3,13.3,40.0,0.0,0.18,4.5,13.3,23.1,0.0,0.0,0.26,5.7,20.4,69.6,0.0,0.0,0.13,3.0,13.3,6.7,20.0,26.7,0.12,2.6,22.1,28.0,16.0,8.0,0.11,2.0,18.6,9.5,19.0,23.8,0.12,2.5,13.3,13.3,6.7,6.7,0.12,2.7,12.4,7.1,14.3,0.0,0.13,3.4,16.8,76.2,4.8,14.3,0.15,2.8,20.0,12.0,32.0,24.0,0.15,3.7,16.0,20.0,20.0,25.0,0.17,3.2,16.0,15.0,20.0,20.0,0.15,3.5,15.2,15.8,31.6,21.1,0.16,3.1,16.0,5.0,5.0,35.0,0.16,3.5,17.6,57.1,33.3,4.8,0.13,2.4,21.0,20.0,20.0,20.0,0.14,3.6,16.0,26.3,15.8,21.1,0.15,2.8,16.8,5.0,30.0,5.0,0.16,3.7,16.0,21.1,21.1,0.0,0.16,3.9,12.6,6.7,6.7,26.7,0.14,3.1,20.0,63.6,9.1,22.7,0.16,3.2,16.4,11.1,44.4,16.7,0.13,3.4,15.5,5.9,41.2,29.4,0.16,3.2,13.6,13.3,20.0,13.3,0.16,3.2,20.9,17.4,17.4,30.4,0.14,2.9,13.6,6.7,20.0,26.7,0.16,3.9
20260912,24,3,1800,4096,A1,長崎,44.0,52.0,6.56,50.98,7.31,59.78,19,34.72,55,44.44,4398,A1,広島,39.0,51.0,6.68,50.0,7.44,50.0,68,31.67,32,42.86,5191,A1,埼玉,25.0,53.0,7.23,56.06,7.43,56.76,59,44.83,19,32.2,3783,A1,福岡,50.0,53.0,6.84,39.52,6.55,34.09,26,35.59,58,31.48,4483,A1,愛知,37.0,53.0,6.83,53.78,0.0,0.0,70,41.94,57,38.1,5058,A1,岡山,29.0,52.0,6.58,48.8,7.31,46.15,76,31.67,44,29.82,23.5,87.5,4.2,0.0,0.11,2.0,12.7,23.1,23.1,0.0,0.18,4.5,16.7,11.8,35.3,17.6,0.19,3.7,12.7,7.7,46.2,30.8,0.15,3.5,16.7,11.8,17.6,5.9,0.14,3.3,17.6,5.6,5.6,44.4,0.16,3.3,21.3,82.8,10.3,3.4,0.13,2.1,15.4,9.5,38.1,33.3,0.14,2.5,16.9,17.4,30.4,21.7,0.13,2.8,16.9,8.7,13.0,34.8,0.13,2.8,13.2,22.2,38.9,0.0,0.13,2.7,16.2,4.5,9.1,9.1,0.19,4.6,18.4,92.0,4.0,0.0,0.12,1.9,19.1,11.5,30.8,23.1,0.14,2.9,15.4,28.6,23.8,28.6,0.12,2.2,18.4,16.0,12.0,24.0,0.14,2.9,16.2,22.7,9.1,18.2,0.13,2.8,12.5,5.9,11.8,23.5,0.11,2.5,21.7,53.6,17.9,10.7,0.16,3.5,13.2,17.6,11.8,11.8,0.14,3.9,20.2,23.1,26.9,26.9,0.17,3.9,13.2,23.5,47.1,0.0,0.16,3.4,18.6,4.2,12.5,16.7,0.15,3.7,13.2,5.9,17.6,0.0,0.13,3.6,18.9,75.0,15.0,0.0,0.15,3.2,16.0,17.6,17.6,29.4,0.16,2.7,17.0,22.2,50.0,0.0,0.13,2.7,18.9,35.0,10.0,25.0,0.15,3.1,17.9,15.8,15.8,26.3,0.15,2.8,11.3,8.3,8.3,0.0,0.14,3.5,20.5,91.7,0.0,0.0,0.14,2.3,20.5,29.2,37.5,16.7,0.18,3.5,17.1,35.0,25.0,15.0,0.16,2.9,10.3,25.0,16.7,33.3,0.17,3.0,17.9,19.0,9.5,28.6,0.16,3.7,13.7,6.2,12.5,43.8,0.21,4.6
20260912,24,4,1800,3716,A1,東京,51.0,54.0,6.99,45.0,6.58,45.83,45,46.27,12,38.03,4907,A1,大阪,31.0,52.0,7.35,58.72,6.45,37.93,13,34.92,70,35.59,4352,A1,長崎,40.0,52.0,7.45,53.85,7.57,62.11,25,31.75,20,45.16,3415,A1,大阪,56.0,52.0,7.09,46.02,7.48,42.86,52,38.46,25,43.55,4910,A1,愛知,30.0,51.0,7.13,59.05,4.13,12.5,48,37.5,54,34.38,4497,A1,長崎,39.0,53.0,7.66,60.87,7.61,60.11,63,50.0,85,37.29,20.2,56.0,12.0,4.0,0.15,3.3,14.5,5.6,33.3,16.7,0.13,4.1,12.1,13.3,20.0,46.7,0.12,2.5,20.2,20.0,16.0,12.0,0.13,2.8,16.1,5.0,15.0,15.0,0.11,2.9,16.9,4.8,19.0,4.8,0.12,3.4,21.8,66.7,16.7,8.3,0.15,2.8,16.4,16.7,38.9,5.6,0.14,3.7,13.6,26.7,33.3,26.7,0.15,2.6,17.3,15.8,31.6,15.8,0.13,3.2,15.5,17.6,5.9,17.6,0.14,3.8,15.5,5.9,11.8,11.8,0.16,3.9,22.2,75.0,8.3,0.0,0.14,2.7,13.0,14.3,28.6,14.3,0.14,3.1,16.7,16.7,50.0,11.1,0.14,2.8,15.7,11.8,5.9,17.6,0.13,3.5,13.9,20.0,13.3,26.7,0.15,3.2,18.5,10.0,20.0,0.0,0.18,4.1,21.1,70.4,18.5,3.7,0.14,3.7,23.4,23.3,23.3,23.3,0.15,4.0,16.4,19.0,47.6,0.0,0.15,3.6,18.0,13.0,4.3,30.4,0.13,3.2,14.1,16.7,0.0,0.0,0.14,4.0,7.0,33.3,0.0,0.0,0.17,4.7,21.2,85.7,4.8,0.0,0.14,1.9,16.2,6.2,43.8,25.0,0.15,3.1,15.2,20.0,40.0,13.3,0.16,2.4,17.2,47.1,5.9,0.0,0.18,3.9,17.2,11.8,23.5,17.6,0.13,2.6,13.1,7.7,15.4,0.0,0.16,4.1,23.4,76.9,7.7,7.7,0.13,2.3,20.7,21.7,21.7,13.0,0.14,3.0,15.3,29.4,5.9,11.8,0.12,2.1,12.6,21.4,14.3,0.0,0.16,2.9,15.3,5.9,23.5,23.5,0.14,2.9,12.6,14.3,21.4,28.6,0.15,3.4
20260912,24,5,1800,4335,A1,東京,42.0,53.0,6.83,51.46,7.32,57.89,47,38.98,34,34.78,3952,A1,埼玉,50.0,52.0,6.67,48.33,6.54,41.03,43,34.29,43,39.34,4688,A1,東京,33.0,52.0,6.99,56.41,5.48,37.04,54,41.27,62,42.65,4174,A1,長崎,43.0,51.0,6.38,44.44,6.41,43.72,17,39.34,51,35.82,4571,A1,徳島,38.0,53.0,6.33,43.42,6.46,54.17,44,52.94,35,31.75,4908,A1,大阪,31.0,52.0,6.8,44.92,8.54,75.0,33,32.2,65,28.85,25.8,75.8,12.1,6.1,0.11,2.1,12.5,25.0,25.0,37.5,0.12,2.1,16.4,23.8,42.9,19.0,0.13,2.2,16.4,14.3,28.6,23.8,0.11,2.0,15.6,15.0,10.0,45.0,0.13,2.6,13.3,23.5,35.3,0.0,0.13,2.2,21.9,52.0,20.0,12.0,0.14,3.2,16.7,26.3,26.3,0.0,0.14,2.9,17.5,45.0,15.0,20.0,0.17,3.4,16.7,21.1,21.1,31.6,0.14,2.6,16.7,15.8,5.3,36.8,0.13,2.7,10.5,25.0,0.0,0.0,0.13,3.4,21.9,69.6,17.4,4.3,0.13,2.1,18.1,21.1,31.6,15.8,0.16,3.1,12.4,30.8,23.1,0.0,0.12,2.8,15.2,18.8,6.2,43.8,0.11,1.9,17.1,11.1,16.7,5.6,0.12,2.7,15.2,6.2,6.2,18.8,0.13,3.1,24.1,67.6,5.9,11.8,0.16,3.0,14.2,5.0,30.0,40.0,0.15,2.8,19.1,11.1,18.5,33.3,0.14,3.1,17.0,16.7,20.8,25.0,0.15,3.2,22.0,6.5,19.4,19.4,0.15,3.5,3.5,20.0,20.0,20.0,0.15,3.4,16.8,55.0,10.0,10.0,0.13,2.9,16.0,31.6,21.1,10.5,0.13,2.6,13.4,31.2,18.8,0.0,0.15,3.1,8.4,50.0,10.0,0.0,0.12,3.5,15.1,33.3,27.8,0.0,0.14,3.1,30.3,13.9,5.6,8.3,0.13,3.4,23.3,89.3,10.7,0.0,0.13,2.7,13.3,12.5,12.5,25.0,0.12,2.7,15.8,10.5,15.8,31.6,0.15,3.4,20.0,20.8,20.8,20.8,0.14,3.0,13.3,12.5,18.8,0.0,0.19,4.8,14.2,29.4,23.5,0.0,0.19,4.2
20260912,24,6,1800,4503,A1,佐賀,38.0,52.0,8.15,64.46,8.27,69.23,16,47.06,33,30.36,3983,A1,埼玉,48.0,52.0,6.78,49.14,7.11,57.89,75,29.51,15,32.31,4524,A1,静岡,38.0,53.0,6.69,36.62,6.52,34.78,55,40.0,17,32.35,4543,A1,兵庫,38.0,53.0,6.64,48.11,5.23,30.77,22,30.3,66,39.34,5051,A1,埼玉,31.0,56.0,6.45,45.28,6.25,50.0,23,37.14,81,40.32,4188,A1,群馬,45.0,52.0,7.88,65.18,6.45,36.36,81,38.03,31,36.62,21.4,85.2,11.1,0.0,0.1,2.0,15.1,10.5,21.1,15.8,0.11,2.1,12.7,25.0,37.5,6.2,0.1,2.1,19.0,12.5,37.5,12.5,0.12,2.0,18.3,17.4,34.8,21.7,0.12,2.3,13.5,11.8,5.9,0.0,0.12,3.2,16.8,60.0,25.0,15.0,0.15,2.7,16.0,21.1,21.1,42.1,0.15,3.3,17.6,23.8,19.0,19.0,0.15,2.6,21.0,12.0,24.0,24.0,0.14,2.9,14.3,23.5,17.6,17.6,0.14,3.2,14.3,5.9,17.6,0.0,0.15,3.4,20.0,88.5,3.8,3.8,0.09,2.1,17.7,8.7,39.1,13.0,0.14,3.4,11.5,20.0,6.7,33.3,0.12,2.5,16.9,4.5,22.7,18.2,0.1,1.9,20.8,7.4,14.8,22.2,0.12,2.9,13.1,5.9,17.6,0.0,0.12,2.9,19.8,75.0,16.7,0.0,0.15,3.2,15.7,15.8,31.6,21.1,0.15,2.9,19.0,21.7,30.4,21.7,0.14,2.9,19.8,8.3,37.5,25.0,0.18,3.9,13.2,6.2,18.8,25.0,0.2,3.9,12.4,6.7,26.7,0.0,0.19,4.3,16.8,76.2,4.8,14.3,0.15,2.8,20.0,12.0,32.0,24.0,0.15,3.7,16.0,20.0,20.0,25.0,0.17,3.2,16.0,15.0,20.0,20.0,0.15,3.5,15.2,15.8,31.6,21.1,0.16,3.1,16.0,5.0,5.0,35.0,0.16,3.5,22.6,75.0,8.3,4.2,0.12,1.8,12.3,30.8,38.5,15.4,0.13,2.9,17.0,16.7,38.9,33.3,0.13,2.3,21.7,34.8,21.7,26.1,0.14,2.1,16.0,29.4,47.1,5.9,0.12,2.4,10.4,18.2,9.1,27.3,0.11,2.3
20260912,24,7,1800,4686,A1,滋賀,35.0,53.0,7.94,55.1,6.19,26.92,31,35.71,69,37.7,4704,A1,徳島,38.0,52.0,6.42,46.92,6.08,35.0,65,44.44,72,33.93,5016,A1,兵庫,28.0,53.0,6.92,45.26,7.23,57.69,12,28.57,24,37.7,3779,A1,長崎,50.0,52.0,6.66,40.21,7.35,52.48,77,28.79,49,41.94,5026,A1,佐賀,31.0,54.0,6.73,54.95,6.91,53.7,69,31.08,60,35.29,5224,A1,香川,25.0,52.0,7.38,51.38,7.04,60.0,14,33.33,82,31.88,19.0,75.0,8.3,4.2,0.13,2.7,17.5,9.1,27.3,13.6,0.16,3.9,19.0,12.5,20.8,33.3,0.12,2.9,13.5,11.8,41.2,11.8,0.12,2.2,18.3,13.0,13.0,17.4,0.17,3.3,12.7,6.2,6.2,12.5,0.11,3.4,18.8,74.1,14.8,3.7,0.14,2.6,18.1,15.4,23.1,11.5,0.14,3.0,17.4,20.0,28.0,16.0,0.12,2.2,16.7,12.5,33.3,25.0,0.14,2.9,13.9,25.0,35.0,0.0,0.15,3.1,15.3,4.5,27.3,13.6,0.14,3.0,21.1,73.1,7.7,3.8,0.13,2.3,17.1,33.3,28.6,19.0,0.15,3.1,15.4,26.3,21.1,21.1,0.14,2.2,16.3,20.0,10.0,40.0,0.13,2.4,10.6,7.7,7.7,30.8,0.14,2.8,19.5,4.2,37.5,0.0,0.17,4.0,20.4,69.6,0.0,0.0,0.13,3.0,13.3,6.7,20.0,26.7,0.12,2.6,22.1,28.0,16.0,8.0,0.11,2.0,18.6,9.5,19.0,23.8,0.12,2.5,13.3,13.3,6.7,6.7,0.12,2.7,12.4,7.1,14.3,0.0,0.13,3.4,17.0,84.2,10.5,0.0,0.15,2.8,17.0,10.5,26.3,21.1,0.17,4.0,14.3,12.5,43.8,25.0,0.14,2.8,19.6,13.6,40.9,13.6,0.15,3.2,17.0,15.8,15.8,15.8,0.16,3.4,15.2,5.9,5.9,5.9,0.18,4.1,21.9,86.7,10.0,0.0,0.15,2.7,16.1,22.7,36.4,4.5,0.13,2.7,16.1,13.6,27.3,45.5,0.14,3.2,13.9,10.5,31.6,26.3,0.14,3.1,15.3,4.8,19.0,28.6,0.15,3.7,16.8,13.0,39.1,0.0,0.17,4.2
20260912,24,8,1800,4719,A1,大阪,32.0,51.0,7.55,48.65,7.36,42.42,40,30.16,84,35.19,3783,A1,福岡,50.0,53.0,6.84,39.52,6.55,34.09,26,35.59,58,31.48,4482,A1,岡山,37.0,45.0,6.24,41.03,6.28,35.9,46,32.79,47,39.34,4961,A1,福井,30.0,47.0,6.78,48.11,5.27,30.0,38,41.27,48,40.0,5088,A1,大阪,26.0,44.0,6.59,44.19,6.55,40.91,62,34.29,56,38.1,4352,A1,長崎,40.0,52.0,7.45,53.85,7.57,62.11,25,31.75,20,45.16,25.4,82.9,11.4,2.9,0.12,3.0,13.8,26.3,26.3,31.6,0.14,3.3,13.8,15.8,5.3,31.6,0.16,3.4,17.4,12.5,25.0,33.3,0.14,2.7,15.9,13.6,18.2,4.5,0.13,3.0,13.8,26.3,0.0,0.0,0.15,4.5,21.7,53.6,17.9,10.7,0.16,3.5,13.2,17.6,11.8,11.8,0.14,3.9,20.2,23.1,26.9,26.9,0.17,3.9,13.2,23.5,47.1,0.0,0.16,3.4,18.6,4.2,12.5,16.7,0.15,3.7,13.2,5.9,17.6,0.0,0.13,3.6,22.4,71.4,14.3,3.6,0.13,2.1,16.8,19.0,28.6,28.6,0.18,3.6,15.2,10.5,10.5,15.8,0.16,4.1,17.6,22.7,18.2,27.3,0.17,3.6,18.4,13.0,17.4,13.0,0.17,3.0,9.6,16.7,8.3,33.3,0.22,4.9,17.6,57.1,33.3,4.8,0.13,2.4,21.0,20.0,20.0,20.0,0.14,3.6,16.0,26.3,15.8,21.1,0.15,2.8,16.8,5.0,30.0,5.0,0.16,3.7,16.0,21.1,21.1,0.0,0.16,3.9,12.6,6.7,6.7,26.7,0.14,3.1,26.8,78.6,11.9,7.1,0.14,2.4,12.1,42.1,26.3,10.5,0.16,3.2,14.6,30.4,21.7,21.7,0.15,3.3,15.3,20.8,16.7,20.8,0.15,3.4,15.9,16.0,8.0,12.0,0.17,3.3,15.3,16.7,8.3,8.3,0.15,3.4,22.2,75.0,8.3,0.0,0.14,2.7,13.0,14.3,28.6,14.3,0.14,3.1,16.7,16.7,50.0,11.1,0.14,2.8,15.7,11.8,5.9,17.6,0.13,3.5,13.9,20.0,13.3,26.7,0.15,3.2,18.5,10.0,20.0,0.0,0.18,4.1
20260912,24,9,1800,3415,A1,大阪,56.0,52.0,7.09,46.02,7.48,42.86,52,38.46,25,43.55,4483,A1,愛知,37.0,53.0,6.83,53.78,0.0,0.0,70,41.94,57,38.1,4715,A1,長崎,34.0,52.0,6.67,46.97,6.9,53.55,57,43.55,37,38.24,4075,A1,東京,45.0,55.0,6.48,40.78,6.43,41.38,36,36.51,36,32.86,5191,A1,埼玉,25.0,53.0,7.23,56.06,7.43,56.76,59,44.83,19,32.2,4688,A1,東京,33.0,52.0,6.99,56.41,5.48,37.04,54,41.27,62,42.65,21.1,70.4,18.5,3.7,0.14,3.7,23.4,23.3,23.3,23.3,0.15,4.0,16.4,19.0,47.6,0.0,0.15,3.6,18.0,13.0,4.3,30.4,0.13,3.2,14.1,16.7,0.0,0.0,0.14,4.0,7.0,33.3,0.0,0.0,0.17,4.7,18.9,75.0,15.0,0.0,0.15,3.2,16.0,17.6,17.6,29.4,0.16,2.7,17.0,22.2,50.0,0.0,0.13,2.7,18.9,35.0,10.0,25.0,0.15,3.1,17.9,15.8,15.8,26.3,0.15,2.8,11.3,8.3,8.3,0.0,0.14,3.5,21.0,59.1,4.5,18.2,0.14,2.8,13.3,42.9,14.3,28.6,0.13,2.5,15.2,18.8,31.2,25.0,0.12,2.7,14.3,6.7,33.3,20.0,0.14,2.7,16.2,17.6,5.9,41.2,0.17,3.1,20.0,19.0,38.1,0.0,0.17,3.4,19.7,61.5,19.2,11.5,0.1,2.0,13.6,11.1,38.9,16.7,0.12,2.3,18.9,8.0,36.0,20.0,0.13,2.6,16.7,13.6,27.3,18.2,0.13,2.4,13.6,16.7,44.4,0.0,0.13,2.7,17.4,8.7,8.7,13.0,0.15,4.3,18.4,92.0,4.0,0.0,0.12,1.9,19.1,11.5,30.8,23.1,0.14,2.9,15.4,28.6,23.8,28.6,0.12,2.2,18.4,16.0,12.0,24.0,0.14,2.9,16.2,22.7,9.1,18.2,0.13,2.8,12.5,5.9,11.8,23.5,0.11,2.5,21.9,69.6,17.4,4.3,0.13,2.1,18.1,21.1,31.6,15.8,0.16,3.1,12.4,30.8,23.1,0.0,0.12,2.8,15.2,18.8,6.2,43.8,0.11,1.9,17.1,11.1,16.7,5.6,0.12,2.7,15.2,6.2,6.2,18.8,0.13,3.1
20260912,24,10,1800,4174,A1,長崎,43.0,51.0,6.38,44.44,6.41,43.72,17,39.34,51,35.82,4084,A1,愛知,46.0,54.0,6.46,43.55,7.2,57.14,41,54.55,75,31.43,4096,A1,長崎,44.0,52.0,6.56,50.98,7.31,59.78,19,34.72,55,44.44,3716,A1,東京,51.0,54.0,6.99,45.0,6.58,45.83,45,46.27,12,38.03,4503,A1,佐賀,38.0,52.0,8.15,64.46,8.27,69.23,16,47.06,33,30.36,4494,A1,静岡,39.0,52.0,6.89,47.13,6.75,25.0,27,29.69,77,33.82,24.1,67.6,5.9,11.8,0.16,3.0,14.2,5.0,30.0,40.0,0.15,2.8,19.1,11.1,18.5,33.3,0.14,3.1,17.0,16.7,20.8,25.0,0.15,3.2,22.0,6.5,19.4,19.4,0.15,3.5,3.5,20.0,20.0,20.0,0.15,3.4,21.7,80.6,9.7,0.0,0.14,3.0,15.4,9.1,45.5,18.2,0.17,4.0,16.8,8.3,33.3,20.8,0.15,3.2,14.0,20.0,20.0,20.0,0.15,3.2,16.8,12.5,20.8,20.8,0.17,3.8,15.4,9.1,9.1,13.6,0.16,3.6,23.5,87.5,4.2,0.0,0.11,2.0,12.7,23.1,23.1,0.0,0.18,4.5,16.7,11.8,35.3,17.6,0.19,3.7,12.7,7.7,46.2,30.8,0.15,3.5,16.7,11.8,17.6,5.9,0.14,3.3,17.6,5.6,5.6,44.4,0.16,3.3,20.2,56.0,12.0,4.0,0.15,3.3,14.5,5.6,33.3,16.7,0.13,4.1,12.1,13.3,20.0,46.7,0.12,2.5,20.2,20.0,16.0,12.0,0.13,2.8,16.1,5.0,15.0,15.0,0.11,2.9,16.9,4.8,19.0,4.8,0.12,3.4,21.4,85.2,11.1,0.0,0.1,2.0,15.1,10.5,21.1,15.8,0.11,2.1,12.7,25.0,37.5,6.2,0.1,2.1,19.0,12.5,37.5,12.5,0.12,2.0,18.3,17.4,34.8,21.7,0.12,2.3,13.5,11.8,5.9,0.0,0.12,3.2,23.2,78.3,4.3,4.3,0.14,2.5,12.1,33.3,25.0,16.7,0.16,3.7,20.2,20.0,35.0,10.0,0.13,3.4,17.2,5.9,17.6,29.4,0.17,3.9,17.2,17.6,17.6,23.5,0.15,3.2,10.1,10.0,10.0,0.0,0.19,4.3
20260912,24,11,1800,4188,A1,群馬,45.0,52.0,7.88,65.18,6.45,36.36,81,38.03,31,36.62,4719,A1,大阪,32.0,51.0,7.55,48.65,7.36,42.42,40,30.16,84,35.19,4907,A1,大阪,31.0,52.0,7.35,58.72,6.45,37.93,13,34.92,70,35.59,4686,A1,滋賀,35.0,53.0,7.94,55.1,6.19,26.92,31,35.71,69,37.7,5028,A1,福岡,29.0,51.0,7.15,57.35,7.34,55.26,60,28.79,29,37.5,4335,A1,東京,42.0,53.0,6.83,51.46,7.32,57.89,47,38.98,34,34.78,22.6,75.0,8.3,4.2,0.12,1.8,12.3,30.8,38.5,15.4,0.13,2.9,17.0,16.7,38.9,33.3,0.13,2.3,21.7,34.8,21.7,26.1,0.14,2.1,16.0,29.4,47.1,5.9,0.12,2.4,10.4,18.2,9.1,27.3,0.11,2.3,25.4,82.9,11.4,2.9,0.12,3.0,13.8,26.3,26.3,31.6,0.14,3.3,13.8,15.8,5.3,31.6,0.16,3.4,17.4,12.5,25.0,33.3,0.14,2.7,15.9,13.6,18.2,4.5,0.13,3.0,13.8,26.3,0.0,0.0,0.15,4.5,21.8,66.7,16.7,8.3,0.15,2.8,16.4,16.7,38.9,5.6,0.14,3.7,13.6,26.7,33.3,26.7,0.15,2.6,17.3,15.8,31.6,15.8,0.13,3.2,15.5,17.6,5.9,17.6,0.14,3.8,15.5,5.9,11.8,11.8,0.16,3.9,19.0,75.0,8.3,4.2,0.13,2.7,17.5,9.1,27.3,13.6,0.16,3.9,19.0,12.5,20.8,33.3,0.12,2.9,13.5,11.8,41.2,11.8,0.12,2.2,18.3,13.0,13.0,17.4,0.17,3.3,12.7,6.2,6.2,12.5,0.11,3.4,22.4,72.7,18.2,4.5,0.15,2.8,15.3,26.7,40.0,13.3,0.16,3.5,18.4,33.3,16.7,16.7,0.17,4.1,15.3,6.7,26.7,13.3,0.18,4.4,15.3,13.3,40.0,0.0,0.18,4.5,13.3,23.1,0.0,0.0,0.26,5.7,25.8,75.8,12.1,6.1,0.11,2.1,12.5,25.0,25.0,37.5,0.12,2.1,16.4,23.8,42.9,19.0,0.13,2.2,16.4,14.3,28.6,23.8,0.11,2.0,15.6,15.0,10.0,45.0,0.13,2.6,13.3,23.5,35.3,0.0,0.13,2.2
20260912,24,12,1800,4262,A1,滋賀,42.0,54.0,7.81,52.0,7.1,41.94,37,41.27,38,32.35,4371,A1,福岡,39.0,53.0,7.08,45.92,7.31,46.88,29,40.0,76,39.06,4238,A1,群馬,42.0,53.0,7.85,64.37,7.03,41.94,61,35.38,74,31.11,4544,A1,福岡,38.0,52.0,7.61,60.19,7.96,59.26,74,34.33,68,31.58,4960,A1,愛知,30.0,53.0,7.18,55.37,8.21,71.43,56,31.25,11,40.32,4500,A1,佐賀,38.0,55.0,7.96,57.61,6.95,50.0,34,38.57,67,37.7,23.7,64.5,6.5,12.9,0.13,2.8,13.7,22.2,44.4,16.7,0.15,3.6,18.3,29.2,20.8,20.8,0.15,3.7,15.3,20.0,20.0,30.0,0.15,3.4,13.0,5.9,11.8,11.8,0.13,3.8,16.0,4.8,9.5,19.0,0.16,4.2,18.6,76.2,14.3,4.8,0.12,2.6,21.2,16.7,33.3,16.7,0.13,3.6,15.0,11.8,29.4,23.5,0.14,3.6,19.5,9.1,18.2,13.6,0.13,2.6,13.3,6.7,26.7,20.0,0.13,3.5,12.4,14.3,14.3,0.0,0.17,4.7,31.9,86.5,5.4,2.7,0.11,2.2,14.7,41.2,23.5,5.9,0.19,3.2,18.1,52.4,23.8,9.5,0.17,2.5,18.1,14.3,23.8,28.6,0.15,3.5,11.2,23.1,15.4,46.2,0.16,2.6,6.0,42.9,0.0,0.0,0.15,3.9,27.8,75.0,9.1,4.5,0.15,2.4,17.1,33.3,37.0,14.8,0.16,3.6,13.3,23.8,33.3,9.5,0.17,3.8,12.7,50.0,15.0,20.0,0.12,2.0,17.1,14.8,33.3,25.9,0.17,3.7,12.0,10.5,21.1,36.8,0.18,4.1,22.5,92.6,7.4,0.0,0.14,1.8,13.3,18.8,68.8,0.0,0.17,3.4,17.5,19.0,14.3,28.6,0.13,2.7,16.7,35.0,50.0,0.0,0.14,2.4,17.5,23.8,23.8,4.8,0.12,2.6,12.5,13.3,33.3,26.7,0.15,2.9,21.1,89.3,7.1,0.0,0.12,2.1,15.8,28.6,14.3,23.8,0.12,3.1,17.3,13.0,17.4,21.7,0.14,3.3,15.0,15.0,25.0,35.0,0.12,3.4,15.0,10.0,20.0,35.0,0.15,3.7,15.8,4.8,9.5,14.3,0.17,4.0
20260912,21,1,1800,5160,A2,福岡,27.0,54.0,5.84,42.24,5.09,29.79,6,25.51,56,37.5,5208,B1,長崎,28.0,51.0,4.13,22.08,3.51,13.51,43,40.2,32,34.69,4652,B1,佐賀,41.0,52.0,4.82,23.17,6.95,50.0,45,29.36,53,32.67,5317,B1,岡山,25.0,45.0,4.63,23.71,3.35,5.88,2,26.6,47,23.08,3998,B1,佐賀,47.0,51.0,4.34,26.26,4.24,22.22,27,30.39,17,34.26,5469,B2,佐賀,17.0,55.0,1.59,0.0,0.0,0.0,39,39.8,40,27.27,15.7,59.1,22.7,4.5,0.16,2.2,20.0,14.3,17.9,14.3,0.15,3.4,17.1,20.8,20.8,33.3,0.15,3.5,15.0,14.3,28.6,19.0,0.12,2.8,15.7,4.5,22.7,31.8,0.14,3.2,16.4,4.3,4.3,0.0,0.17,4.0,15.3,46.7,20.0,6.7,0.13,2.5,17.3,5.9,11.8,35.3,0.14,3.1,16.3,12.5,18.8,0.0,0.18,3.3,19.4,15.8,31.6,0.0,0.14,2.8,17.3,5.9,11.8,0.0,0.17,3.1,14.3,7.1,7.1,7.1,0.16,3.7,18.3,47.4,15.8,10.5,0.17,3.5,17.3,5.6,38.9,5.6,0.13,3.2,20.2,9.5,14.3,19.0,0.18,3.8,18.3,5.3,21.1,10.5,0.18,3.2,10.6,9.1,9.1,27.3,0.14,2.4,15.4,6.2,0.0,0.0,0.24,4.9,12.2,28.6,28.6,21.4,0.17,2.7,16.5,5.3,21.1,21.1,0.16,3.5,17.4,30.0,35.0,0.0,0.15,3.2,22.6,3.8,11.5,30.8,0.17,3.7,18.3,9.5,14.3,0.0,0.17,3.2,13.0,6.7,13.3,0.0,0.18,4.2,12.1,45.5,45.5,0.0,0.15,2.4,19.8,33.3,22.2,0.0,0.18,3.4,18.7,17.6,17.6,0.0,0.15,3.1,16.5,13.3,6.7,0.0,0.15,3.0,20.9,10.5,10.5,0.0,0.19,3.8,12.1,0.0,0.0,0.0,0.21,4.8,0.0,0.0,0.0,0.0,0.0,0.0,0.0,0.0,0.0,0.0,0.0,0.0,0.0,0.0,0.0,0.0,0.0,0.0,0.0,0.0,0.0,0.0,0.0,0.0,0.0,0.0,0.0,0.0,0.0,0.0,0.0,0.0,0.0,0.0,0.0,0.0
20260912,21,2,1800,4675,A2,大阪,38.0,51.0,5.75,37.5,4.38,12.5,47,33.33,61,34.31,5143,B1,徳島,25.0,54.0,3.8,16.16,4.32,17.65,58,23.91,63,35.42,4092,B1,佐賀,45.0,53.0,4.81,27.5,5.18,38.46,33,41.0,44,54.9,4137,A1,滋賀,46.0,53.0,6.61,48.03,6.97,60.53,15,28.85,19,26.44,5447,B2,岡山,24.0,50.0,1.07,0.0,0.0,0.0,24,16.67,23,31.46,4966,B1,長崎,28.0,55.0,5.13,33.71,4.89,29.63,1,23.26,33,32.32,17.3,28.6,14.3,14.3,0.17,4.1,17.3,57.1,7.1,0.0,0.15,2.4,14.8,16.7,8.3,50.0,0.15,3.2,16.0,23.1,7.7,30.8,0.15,2.0,19.8,12.5,12.5,31.2,0.1,1.8,14.8,16.7,25.0,8.3,0.13,2.8,10.6,8.3,33.3,8.3,0.22,4.5,17.7,5.0,30.0,0.0,0.18,4.3,19.5,9.1,18.2,22.7,0.18,4.0,15.0,11.8,5.9,41.2,0.17,4.0,21.2,25.0,16.7,0.0,0.19,4.3,15.9,5.6,11.1,0.0,0.24,5.0,14.9,71.4,7.1,0.0,0.11,2.0,19.1,5.6,22.2,33.3,0.17,3.3,18.1,5.9,23.5,29.4,0.13,2.8,17.0,6.2,12.5,18.8,0.15,3.1,11.7,18.2,18.2,0.0,0.18,3.5,19.1,11.1,11.1,0.0,0.2,4.3,18.6,70.8,16.7,4.2,0.13,1.9,17.1,13.6,45.5,18.2,0.14,2.8,19.4,28.0,16.0,12.0,0.13,2.1,17.8,13.0,39.1,34.8,0.14,2.6,14.0,27.8,11.1,0.0,0.16,3.1,13.2,5.9,23.5,5.9,0.12,2.4,0.0,0.0,0.0,0.0,0.0,0.0,0.0,0.0,0.0,0.0,0.0,0.0,0.0,0.0,0.0,0.0,0.0,0.0,0.0,0.0,0.0,0.0,0.0,0.0,0.0,0.0,0.0,0.0,0.0,0.0,0.0,0.0,0.0,0.0,0.0,0.0,20.3,60.0,8.0,8.0,0.19,3.6,17.1,9.5,47.6,14.3,0.14,2.8,14.6,22.2,16.7,16.7,0.14,2.5,11.4,7.1,28.6,14.3,0.16,2.5,20.3,4.0,12.0,4.0,0.15,3.4,16.3,5.0,5.0,0.0,0.17,3.5
20260912,21,3,1800,4861,A2,福岡,38.0,53.0,5.15,29.29,5.16,32.35,50,30.43,64,32.99,4521,B1,福岡,39.0,51.0,5.33,29.9,4.78,27.12,52,32.97,50,26.44,4812,A1,徳島,36.0,52.0,7.69,63.51,7.63,65.71,5,32.95,29,27.85,4744,B1,福岡,33.0,46.0,4.55,24.0,2.95,0.0,7,34.65,11,18.75,4437,A2,香川,40.0,55.0,5.92,43.22,6.81,52.38,16,22.94,15,28.13,3357,B1,岡山,57.0,49.0,3.87,12.94,3.41,12.2,59,26.09,52,34.0,15.3,64.7,17.6,5.9,0.16,3.0,18.9,14.3,28.6,23.8,0.16,3.2,17.1,10.5,26.3,26.3,0.15,2.7,15.3,17.6,29.4,11.8,0.17,3.2,18.0,20.0,30.0,0.0,0.17,3.1,15.3,17.6,0.0,0.0,0.2,4.9,19.5,56.5,17.4,4.3,0.18,3.7,17.8,4.8,23.8,14.3,0.18,4.3,16.1,10.5,10.5,10.5,0.21,4.5,13.6,6.2,25.0,0.0,0.22,4.4,17.8,4.8,4.8,28.6,0.23,4.9,15.3,11.1,0.0,0.0,0.27,5.4,21.5,76.9,3.8,7.7,0.13,2.0,16.5,35.0,35.0,10.0,0.14,2.5,15.7,26.3,21.1,26.3,0.15,3.2,15.7,21.1,15.8,31.6,0.12,2.2,14.9,11.1,38.9,11.1,0.16,2.4,15.7,10.5,36.8,0.0,0.15,3.6,12.2,22.2,22.2,22.2,0.22,4.9,17.6,15.4,15.4,0.0,0.2,4.7,23.0,11.8,5.9,29.4,0.23,4.2,16.2,8.3,33.3,0.0,0.22,4.8,16.2,8.3,16.7,0.0,0.25,4.6,14.9,9.1,18.2,0.0,0.24,5.2,21.0,61.5,19.2,3.8,0.14,2.3,16.9,4.8,52.4,4.8,0.17,3.6,16.9,9.5,38.1,14.3,0.15,3.5,13.7,23.5,23.5,17.6,0.17,3.1,16.1,30.0,25.0,0.0,0.17,4.2,15.3,26.3,0.0,0.0,0.17,3.7,15.5,31.2,31.2,12.5,0.21,3.7,18.4,21.1,31.6,0.0,0.19,3.7,15.5,6.2,31.2,0.0,0.18,3.8,19.4,25.0,0.0,0.0,0.17,3.7,18.4,5.3,5.3,0.0,0.21,4.2,12.6,0.0,0.0,0.0,0.21,5.4
20260912,21,4,1800,4848,A1,福岡,32.0,53.0,7.59,52.21,7.08,53.33,49,24.47,62,32.99,4408,B1,長崎,40.0,48.0,3.5,19.77,0.0,0.0,22,43.62,22,35.29,3837,A2,香川,51.0,52.0,6.38,44.64,7.25,57.14,10,40.0,41,27.0,4443,B1,山口,40.0,51.0,5.52,39.05,5.32,36.17,41,40.59,18,40.0,4991,A1,広島,29.0,52.0,6.49,43.01,5.19,23.26,35,48.0,25,31.71,4834,A2,大阪,38.0,51.0,5.65,38.46,4.64,24.0,48,41.84,31,32.29,18.3,65.0,25.0,5.0,0.14,3.5,19.3,19.0,33.3,9.5,0.14,3.6,15.6,23.5,41.2,11.8,0.15,3.8,14.7,6.2,43.8,18.8,0.14,3.8,20.2,9.1,4.5,18.2,0.16,3.6,11.9,23.1,0.0,0.0,0.14,3.4,10.3,71.4,14.3,0.0,0.18,2.4,19.1,7.7,15.4,0.0,0.15,3.5,13.2,11.1,22.2,0.0,0.15,3.8,26.5,5.6,0.0,0.0,0.22,4.4,20.6,7.1,21.4,0.0,0.21,4.1,10.3,0.0,0.0,0.0,0.21,5.1,19.5,73.9,17.4,0.0,0.15,3.1,14.4,11.8,29.4,35.3,0.17,2.9,17.8,19.0,28.6,28.6,0.14,3.0,16.9,10.0,25.0,15.0,0.18,3.5,15.3,16.7,11.1,22.2,0.18,4.1,16.1,15.8,10.5,0.0,0.2,4.1,18.3,47.8,17.4,26.1,0.17,3.6,18.3,8.7,21.7,13.0,0.16,3.4,15.9,25.0,25.0,0.0,0.18,4.0,17.5,9.1,31.8,22.7,0.18,3.7,17.5,9.1,9.1,9.1,0.23,4.9,12.7,12.5,25.0,0.0,0.21,4.4,18.8,63.2,31.6,0.0,0.14,2.5,20.8,14.3,28.6,33.3,0.18,4.0,12.9,23.1,23.1,30.8,0.17,3.6,18.8,5.3,31.6,15.8,0.18,3.8,15.8,12.5,18.8,25.0,0.17,4.3,12.9,7.7,30.8,0.0,0.23,5.8,19.4,65.4,15.4,7.7,0.13,2.9,14.2,15.8,15.8,26.3,0.15,3.2,17.2,8.7,17.4,26.1,0.14,3.1,19.4,23.1,19.2,19.2,0.15,2.8,14.9,5.0,10.0,40.0,0.16,2.9,14.9,5.0,20.0,0.0,0.16,3.7
20260912,21,5,1800,4384,A1,大阪,41.0,54.0,5.63,36.73,7.39,55.56,25,12.82,34,37.14,4652,B1,佐賀,41.0,52.0,4.82,23.17,6.95,50.0,45,29.36,53,32.67,5383,B1,三重,21.0,53.0,2.42,1.35,0.0,0.0,32,42.27,27,37.37,4594,B1,滋賀,44.0,53.0,6.27,48.67,6.89,55.56,13,40.4,38,40.38,3541,A2,香川,58.0,52.0,6.27,43.69,7.82,68.18,42,25.0,39,29.41,4389,A2,大阪,40.0,52.0,5.46,29.35,4.63,25.58,38,37.62,28,17.65,26.2,64.7,20.6,8.8,0.14,2.5,13.8,44.4,22.2,0.0,0.16,3.6,16.9,22.7,9.1,40.9,0.17,3.5,16.2,14.3,9.5,47.6,0.18,3.9,13.8,5.6,33.3,38.9,0.15,2.9,13.1,11.8,17.6,0.0,0.2,4.8,18.3,47.4,15.8,10.5,0.17,3.5,17.3,5.6,38.9,5.6,0.13,3.2,20.2,9.5,14.3,19.0,0.18,3.8,18.3,5.3,21.1,10.5,0.18,3.2,10.6,9.1,9.1,27.3,0.14,2.4,15.4,6.2,0.0,0.0,0.24,4.9,0.0,0.0,0.0,0.0,0.0,0.0,0.0,0.0,0.0,0.0,0.0,0.0,0.0,0.0,0.0,0.0,0.0,0.0,18.8,6.2,0.0,0.0,0.2,3.3,32.9,3.6,7.1,0.0,0.17,3.0,48.2,2.4,0.0,0.0,0.17,3.2,18.1,58.8,23.5,0.0,0.12,2.5,12.8,8.3,33.3,16.7,0.17,3.4,20.2,21.1,31.6,0.0,0.15,2.9,18.1,11.8,17.6,17.6,0.16,3.2,23.4,9.1,4.5,36.4,0.2,3.7,7.4,28.6,0.0,0.0,0.21,5.1,18.9,52.0,12.0,16.0,0.17,3.5,17.4,4.3,26.1,21.7,0.17,3.4,18.2,12.5,20.8,33.3,0.17,3.2,12.9,5.9,17.6,23.5,0.14,2.6,15.9,9.5,19.0,19.0,0.16,3.4,16.7,4.5,22.7,0.0,0.18,4.4,15.5,50.0,25.0,18.8,0.16,4.2,22.3,8.7,26.1,39.1,0.19,3.6,15.5,31.2,18.8,18.8,0.18,3.2,19.4,5.0,5.0,40.0,0.16,3.6,11.7,8.3,16.7,16.7,0.16,3.8,15.5,6.2,0.0,0.0,0.21,4.3
20260912,21,6,1800,3843,B1,長崎,50.0,54.0,4.84,29.9,4.56,20.59,40,28.16,24,32.22,4330,A2,福岡,43.0,53.0,5.98,41.23,6.36,48.28,23,28.87,16,32.0,5317,B1,岡山,25.0,45.0,4.63,23.71,3.35,5.88,2,26.6,47,23.08,4638,B1,福岡,35.0,53.0,5.38,36.56,4.55,27.27,55,37.78,70,35.92,5457,B2,長崎,20.0,51.0,1.15,0.0,0.0,0.0,54,27.37,20,31.25,3473,A1,福岡,56.0,53.0,6.76,55.91,6.01,43.21,4,40.63,55,40.19,16.0,52.9,17.6,17.6,0.11,2.4,17.9,26.3,31.6,0.0,0.17,3.2,19.8,23.8,19.0,0.0,0.17,3.3,14.2,26.7,6.7,0.0,0.15,3.1,18.9,5.0,10.0,25.0,0.18,3.0,13.2,0.0,0.0,0.0,0.15,3.4,20.3,68.0,20.0,8.0,0.14,2.2,14.6,22.2,33.3,0.0,0.12,2.0,21.1,23.1,19.2,15.4,0.13,2.1,14.6,33.3,5.6,16.7,0.12,2.3,15.4,5.3,21.1,26.3,0.11,2.2,13.8,5.9,23.5,0.0,0.11,2.1,12.2,28.6,28.6,21.4,0.17,2.7,16.5,5.3,21.1,21.1,0.16,3.5,17.4,30.0,35.0,0.0,0.15,3.2,22.6,3.8,11.5,30.8,0.17,3.7,18.3,9.5,14.3,0.0,0.17,3.2,13.0,6.7,13.3,0.0,0.18,4.2,14.0,53.3,20.0,6.7,0.13,2.9,17.8,21.1,10.5,21.1,0.17,3.8,16.8,33.3,22.2,0.0,0.19,3.9,17.8,5.3,10.5,26.3,0.19,4.2,17.8,15.8,21.1,0.0,0.17,4.2,15.9,11.8,17.6,0.0,0.23,5.2,0.0,0.0,0.0,0.0,0.0,0.0,0.0,0.0,0.0,0.0,0.0,0.0,0.0,0.0,0.0,0.0,0.0,0.0,0.0,0.0,0.0,0.0,0.0,0.0,0.0,0.0,0.0,0.0,0.0,0.0,0.0,0.0,0.0,0.0,0.0,0.0,38.6,42.9,20.4,12.2,0.13,2.2,57.5,12.3,30.1,16.4,0.15,3.3,3.9,40.0,0.0,0.0,0.15,3.2,0.0,0.0,0.0,0.0,0.0,0.0,0.0,0.0,0.0,0.0,0.0,0.0,0.0,0.0,0.0,0.0,0.0,0.0
20260912,21,7,1800,3998,B1,佐賀,47.0,51.0,4.34,26.26,4.24,22.22,27,30.39,17,34.26,4853,B1,岡山,31.0,45.0,4.41,18.48,3.39,5.56,51,30.93,30,23.08,4020,B1,香川,46.0,66.0,3.93,23.46,3.4,10.0,53,34.02,48,24.76,5143,B1,徳島,25.0,54.0,3.8,16.16,4.32,17.65,58,23.91,63,35.42,4744,B1,福岡,33.0,46.0,4.55,24.0,2.95,0.0,7,34.65,11,18.75,3873,B1,広島,50.0,54.0,4.96,27.27,5.57,34.09,12,36.84,65,33.64,12.1,45.5,45.5,0.0,0.15,2.4,19.8,33.3,22.2,0.0,0.18,3.4,18.7,17.6,17.6,0.0,0.15,3.1,16.5,13.3,6.7,0.0,0.15,3.0,20.9,10.5,10.5,0.0,0.19,3.8,12.1,0.0,0.0,0.0,0.21,4.8,13.3,30.0,10.0,20.0,0.13,3.2,16.0,8.3,25.0,0.0,0.21,3.8,20.0,20.0,26.7,13.3,0.2,4.4,13.3,10.0,20.0,0.0,0.23,4.3,18.7,7.1,14.3,0.0,0.26,5.5,18.7,0.0,0.0,0.0,0.25,4.8,13.6,46.7,6.7,20.0,0.17,2.9,15.5,5.9,23.5,17.6,0.17,3.7,18.2,5.0,20.0,10.0,0.17,3.6,15.5,17.6,17.6,0.0,0.19,4.1,22.7,4.0,8.0,16.0,0.16,3.3,14.5,6.2,12.5,12.5,0.2,4.8,10.6,8.3,33.3,8.3,0.22,4.5,17.7,5.0,30.0,0.0,0.18,4.3,19.5,9.1,18.2,22.7,0.18,4.0,15.0,11.8,5.9,41.2,0.17,4.0,21.2,25.0,16.7,0.0,0.19,4.3,15.9,5.6,11.1,0.0,0.24,5.0,12.2,22.2,22.2,22.2,0.22,4.9,17.6,15.4,15.4,0.0,0.2,4.7,23.0,11.8,5.9,29.4,0.23,4.2,16.2,8.3,33.3,0.0,0.22,4.8,16.2,8.3,16.7,0.0,0.25,4.6,14.9,9.1,18.2,0.0,0.24,5.2,8.5,83.3,0.0,0.0,0.14,2.3,5.6,50.0,0.0,0.0,0.15,4.3,9.9,14.3,28.6,0.0,0.18,3.5,7.0,20.0,0.0,0.0,0.13,2.6,16.9,8.3,25.0,16.7,0.18,3.0,52.1,5.4,8.1,0.0,0.26,4.9
20260912,21,8,1800,4092,B1,佐賀,45.0,53.0,4.81,27.5,5.18,38.46,33,41.0,44,54.9,3509,B1,香川,54.0,50.0,3.3,7.14,2.86,13.64,18,25.93,43,37.25,4771,A1,広島,33.0,56.0,7.19,54.63,5.75,40.63,29,38.14,68,35.56,4521,B1,福岡,39.0,51.0,5.33,29.9,4.78,27.12,52,32.97,50,26.44,5469,B2,佐賀,17.0,55.0,1.59,0.0,0.0,0.0,39,39.8,40,27.27,4261,A2,三重,42.0,54.0,6.0,42.48,5.95,52.63,3,45.45,54,34.69,14.9,71.4,7.1,0.0,0.11,2.0,19.1,5.6,22.2,33.3,0.17,3.3,18.1,5.9,23.5,29.4,0.13,2.8,17.0,6.2,12.5,18.8,0.15,3.1,11.7,18.2,18.2,0.0,0.18,3.5,19.1,11.1,11.1,0.0,0.2,4.3,14.7,36.4,27.3,9.1,0.15,2.5,18.7,7.1,21.4,0.0,0.14,2.9,20.0,6.7,6.7,0.0,0.14,2.5,16.0,8.3,8.3,0.0,0.15,2.6,17.3,7.7,15.4,0.0,0.13,3.3,13.3,10.0,20.0,0.0,0.17,3.3,25.0,75.0,9.4,12.5,0.16,3.1,13.3,35.3,47.1,0.0,0.15,1.8,14.8,26.3,36.8,26.3,0.13,2.1,15.6,30.0,35.0,10.0,0.19,3.2,19.5,12.0,24.0,20.0,0.16,3.4,11.7,20.0,6.7,0.0,0.16,3.5,19.5,56.5,17.4,4.3,0.18,3.7,17.8,4.8,23.8,14.3,0.18,4.3,16.1,10.5,10.5,10.5,0.21,4.5,13.6,6.2,25.0,0.0,0.22,4.4,17.8,4.8,4.8,28.6,0.23,4.9,15.3,11.1,0.0,0.0,0.27,5.4,0.0,0.0,0.0,0.0,0.0,0.0,0.0,0.0,0.0,0.0,0.0,0.0,0.0,0.0,0.0,0.0,0.0,0.0,0.0,0.0,0.0,0.0,0.0,0.0,0.0,0.0,0.0,0.0,0.0,0.0,0.0,0.0,0.0,0.0,0.0,0.0,20.7,64.3,21.4,0.0,0.15,2.6,17.8,4.2,37.5,25.0,0.16,3.3,15.6,4.8,38.1,23.8,0.15,3.0,14.1,10.5,10.5,26.3,0.17,3.5,14.1,5.3,10.5,26.3,0.17,3.7,17.8,4.2,12.5,29.2,0.18,3.6
20260912,21,9,1800,4991,A1,広島,29.0,52.0,6.49,43.01,5.19,23.26,35,48.0,25,31.71,4834,A2,大阪,38.0,51.0,5.65,38.46,4.64,24.0,48,41.84,31,32.29,5082,B1,愛知,27.0,58.0,5.51,35.71,4.0,13.33,11,38.54,26,38.78,5447,B2,岡山,24.0,50.0,1.07,0.0,0.0,0.0,24,16.67,23,31.46,5160,A2,福岡,27.0,54.0,5.84,42.24,5.09,29.79,6,25.51,56,37.5,3541,A2,香川,58.0,52.0,6.27,43.69,7.82,68.18,42,25.0,39,29.41,18.8,63.2,31.6,0.0,0.14,2.5,20.8,14.3,28.6,33.3,0.18,4.0,12.9,23.1,23.1,30.8,0.17,3.6,18.8,5.3,31.6,15.8,0.18,3.8,15.8,12.5,18.8,25.0,0.17,4.3,12.9,7.7,30.8,0.0,0.23,5.8,19.4,65.4,15.4,7.7,0.13,2.9,14.2,15.8,15.8,26.3,0.15,3.2,17.2,8.7,17.4,26.1,0.14,3.1,19.4,23.1,19.2,19.2,0.15,2.8,14.9,5.0,10.0,40.0,0.16,2.9,14.9,5.0,20.0,0.0,0.16,3.7,11.3,41.7,8.3,33.3,0.18,3.3,21.7,30.4,30.4,0.0,0.19,3.4,17.9,5.3,15.8,21.1,0.18,3.9,18.9,20.0,20.0,15.0,0.16,3.2,15.1,18.8,31.2,0.0,0.21,4.3,15.1,6.2,18.8,18.8,0.19,4.3,0.0,0.0,0.0,0.0,0.0,0.0,0.0,0.0,0.0,0.0,0.0,0.0,0.0,0.0,0.0,0.0,0.0,0.0,0.0,0.0,0.0,0.0,0.0,0.0,0.0,0.0,0.0,0.0,0.0,0.0,0.0,0.0,0.0,0.0,0.0,0.0,15.7,59.1,22.7,4.5,0.16,2.2,20.0,14.3,17.9,14.3,0.15,3.4,17.1,20.8,20.8,33.3,0.15,3.5,15.0,14.3,28.6,19.0,0.12,2.8,15.7,4.5,22.7,31.8,0.14,3.2,16.4,4.3,4.3,0.0,0.17,4.0,18.9,52.0,12.0,16.0,0.17,3.5,17.4,4.3,26.1,21.7,0.17,3.4,18.2,12.5,20.8,33.3,0.17,3.2,12.9,5.9,17.6,23.5,0.14,2.6,15.9,9.5,19.0,19.0,0.16,3.4,16.7,4.5,22.7,0.0,0.18,4.4
20260912,21,10,1800,4793,A2,静岡,36.0,51.0,6.41,48.57,5.68,42.11,20,22.77,13,44.23,4812,A1,徳島,36.0,52.0,7.69,63.51,7.63,65.71,5,32.95,29,27.85,4408,B1,長崎,40.0,48.0,3.5,19.77,0.0,0.0,22,43.62,22,35.29,4840,B1,静岡,35.0,52.0,4.82,28.16,3.61,16.67,57,38.95,67,31.96,4389,A2,大阪,40.0,52.0,5.46,29.35,4.63,25.58,38,37.62,28,17.65,4638,B1,福岡,35.0,53.0,5.38,36.56,4.55,27.27,55,37.78,70,35.92,18.5,54.5,13.6,18.2,0.13,1.9,17.6,28.6,42.9,4.8,0.16,2.9,15.1,33.3,27.8,16.7,0.13,2.8,17.6,14.3,4.8,28.6,0.14,2.6,16.8,10.0,20.0,30.0,0.14,2.7,14.3,5.9,17.6,17.6,0.13,2.7,21.5,76.9,3.8,7.7,0.13,2.0,16.5,35.0,35.0,10.0,0.14,2.5,15.7,26.3,21.1,26.3,0.15,3.2,15.7,21.1,15.8,31.6,0.12,2.2,14.9,11.1,38.9,11.1,0.16,2.4,15.7,10.5,36.8,0.0,0.15,3.6,10.3,71.4,14.3,0.0,0.18,2.4,19.1,7.7,15.4,0.0,0.15,3.5,13.2,11.1,22.2,0.0,0.15,3.8,26.5,5.6,0.0,0.0,0.22,4.4,20.6,7.1,21.4,0.0,0.21,4.1,10.3,0.0,0.0,0.0,0.21,5.1,14.7,26.7,33.3,26.7,0.17,2.7,17.6,16.7,27.8,11.1,0.12,3.2,17.6,11.1,27.8,16.7,0.14,2.7,19.6,15.0,10.0,0.0,0.19,3.0,17.6,5.6,11.1,0.0,0.15,3.7,12.7,23.1,7.7,0.0,0.18,4.7,15.5,50.0,25.0,18.8,0.16,4.2,22.3,8.7,26.1,39.1,0.19,3.6,15.5,31.2,18.8,18.8,0.18,3.2,19.4,5.0,5.0,40.0,0.16,3.6,11.7,8.3,16.7,16.7,0.16,3.8,15.5,6.2,0.0,0.0,0.21,4.3,14.0,53.3,20.0,6.7,0.13,2.9,17.8,21.1,10.5,21.1,0.17,3.8,16.8,33.3,22.2,0.0,0.19,3.9,17.8,5.3,10.5,26.3,0.19,4.2,17.8,15.8,21.1,0.0,0.17,4.2,15.9,11.8,17.6,0.0,0.23,5.2
20260912,21,11,1800,4437,A2,香川,40.0,55.0,5.92,43.22,6.81,52.38,16,22.94,15,28.13,4384,A1,大阪,41.0,54.0,5.63,36.73,7.39,55.56,25,12.82,34,37.14,4675,A2,大阪,38.0,51.0,5.75,37.5,4.38,12.5,47,33.33,61,34.31,5261,B1,長崎,28.0,52.0,4.36,21.43,2.69,7.69,60,41.11,57,36.84,4853,B1,岡山,31.0,45.0,4.41,18.48,3.39,5.56,51,30.93,30,23.08,4850,A2,愛知,31.0,54.0,6.38,47.54,6.14,42.86,14,28.57,66,36.27,21.0,61.5,19.2,3.8,0.14,2.3,16.9,4.8,52.4,4.8,0.17,3.6,16.9,9.5,38.1,14.3,0.15,3.5,13.7,23.5,23.5,17.6,0.17,3.1,16.1,30.0,25.0,0.0,0.17,4.2,15.3,26.3,0.0,0.0,0.17,3.7,26.2,64.7,20.6,8.8,0.14,2.5,13.8,44.4,22.2,0.0,0.16,3.6,16.9,22.7,9.1,40.9,0.17,3.5,16.2,14.3,9.5,47.6,0.18,3.9,13.8,5.6,33.3,38.9,0.15,2.9,13.1,11.8,17.6,0.0,0.2,4.8,17.3,28.6,14.3,14.3,0.17,4.1,17.3,57.1,7.1,0.0,0.15,2.4,14.8,16.7,8.3,50.0,0.15,3.2,16.0,23.1,7.7,30.8,0.15,2.0,19.8,12.5,12.5,31.2,0.1,1.8,14.8,16.7,25.0,8.3,0.13,2.8,11.6,50.0,40.0,0.0,0.14,3.3,20.9,5.6,11.1,5.6,0.17,4.0,18.6,6.2,25.0,12.5,0.15,2.9,20.9,5.6,22.2,0.0,0.2,3.6,11.6,20.0,20.0,0.0,0.21,3.6,16.3,7.1,0.0,0.0,0.22,4.1,13.3,30.0,10.0,20.0,0.13,3.2,16.0,8.3,25.0,0.0,0.21,3.8,20.0,20.0,26.7,13.3,0.2,4.4,13.3,10.0,20.0,0.0,0.23,4.3,18.7,7.1,14.3,0.0,0.26,5.5,18.7,0.0,0.0,0.0,0.25,4.8,18.2,79.2,16.7,4.2,0.12,1.9,13.6,27.8,22.2,11.1,0.11,2.1,21.2,10.7,25.0,25.0,0.12,2.2,18.2,8.3,8.3,33.3,0.11,2.1,20.5,11.1,14.8,22.2,0.1,2.0,8.3,18.2,9.1,0.0,0.15,2.4
20260912,21,12,1800,4137,A1,滋賀,46.0,53.0,6.61,48.03,6.97,60.53,15,28.85,19,26.44,4261,A2,三重,42.0,54.0,6.0,42.48,5.95,52.63,3,45.45,54,34.69,3873,B1,広島,50.0,54.0,4.96,27.27,5.57,34.09,12,36.84,65,33.64,3837,A2,香川,51.0,52.0,6.38,44.64,7.25,57.14,10,40.0,41,27.0,4861,A2,福岡,38.0,53.0,5.15,29.29,5.16,32.35,50,30.43,64,32.99,4330,A2,福岡,43.0,53.0,5.98,41.23,6.36,48.28,23,28.87,16,32.0,18.6,70.8,16.7,4.2,0.13,1.9,17.1,13.6,45.5,18.2,0.14,2.8,19.4,28.0,16.0,12.0,0.13,2.1,17.8,13.0,39.1,34.8,0.14,2.6,14.0,27.8,11.1,0.0,0.16,3.1,13.2,5.9,23.5,5.9,0.12,2.4,20.7,64.3,21.4,0.0,0.15,2.6,17.8,4.2,37.5,25.0,0.16,3.3,15.6,4.8,38.1,23.8,0.15,3.0,14.1,10.5,10.5,26.3,0.17,3.5,14.1,5.3,10.5,26.3,0.17,3.7,17.8,4.2,12.5,29.2,0.18,3.6,8.5,83.3,0.0,0.0,0.14,2.3,5.6,50.0,0.0,0.0,0.15,4.3,9.9,14.3,28.6,0.0,0.18,3.5,7.0,20.0,0.0,0.0,0.13,2.6,16.9,8.3,25.0,16.7,0.18,3.0,52.1,5.4,8.1,0.0,0.26,4.9,19.5,73.9,17.4,0.0,0.15,3.1,14.4,11.8,29.4,35.3,0.17,2.9,17.8,19.0,28.6,28.6,0.14,3.0,16.9,10.0,25.0,15.0,0.18,3.5,15.3,16.7,11.1,22.2,0.18,4.1,16.1,15.8,10.5,0.0,0.2,4.1,15.3,64.7,17.6,5.9,0.16,3.0,18.9,14.3,28.6,23.8,0.16,3.2,17.1,10.5,26.3,26.3,0.15,2.7,15.3,17.6,29.4,11.8,0.17,3.2,18.0,20.0,30.0,0.0,0.17,3.1,15.3,17.6,0.0,0.0,0.2,4.9,20.3,68.0,20.0,8.0,0.14,2.2,14.6,22.2,33.3,0.0,0.12,2.0,21.1,23.1,19.2,15.4,0.13,2.1,14.6,33.3,5.6,16.7,0.12,2.3,15.4,5.3,21.1,26.3,0.11,2.2,13.8,5.9,23.5,0.0,0.11,2.1
20260912,20,1,1800,3539,B1,山口,58.0,52.0,4.53,22.68,4.94,38.89,10,24.16,14,20.37,3362,B1,三重,57.0,53.0,5.1,33.67,6.27,42.31,53,31.61,69,26.15,4094,B1,福岡,45.0,53.0,4.73,27.71,4.76,24.49,56,20.89,35,27.12,5248,B1,静岡,24.0,47.0,5.42,37.36,3.94,22.58,36,31.11,49,24.0,5468,B2,福岡,19.0,53.0,1.32,0.0,0.0,0.0,43,34.59,40,20.34,3175,B1,東京,62.0,49.0,4.51,23.46,0.0,0.0,55,20.65,56,23.44,14.5,25.0,18.8,18.8,0.16,2.9,18.2,5.0,20.0,15.0,0.18,3.7,22.7,20.0,8.0,0.0,0.18,4.2,22.7,8.0,4.0,20.0,0.2,4.0,14.5,12.5,0.0,0.0,0.18,4.5,7.3,0.0,0.0,0.0,0.24,5.3,17.7,47.1,23.5,23.5,0.18,3.3,38.5,5.4,37.8,16.2,0.21,4.1,26.0,4.0,16.0,8.0,0.19,3.9,17.7,11.8,23.5,5.9,0.2,3.8,0.0,0.0,0.0,0.0,0.0,0.0,0.0,0.0,0.0,0.0,0.0,0.0,15.0,41.7,33.3,0.0,0.16,2.7,20.0,31.2,25.0,0.0,0.19,3.9,12.5,20.0,10.0,0.0,0.19,3.8,20.0,6.2,25.0,0.0,0.18,3.1,20.0,18.8,0.0,0.0,0.18,3.7,12.5,10.0,0.0,0.0,0.23,4.9,10.8,10.0,10.0,40.0,0.25,5.4,18.3,5.9,35.3,41.2,0.18,4.0,15.1,7.1,21.4,35.7,0.21,3.6,8.6,12.5,0.0,0.0,0.24,3.9,23.7,9.1,9.1,22.7,0.2,3.6,23.7,13.6,9.1,0.0,0.16,3.5,0.0,0.0,0.0,0.0,0.0,0.0,0.0,0.0,0.0,0.0,0.0,0.0,0.0,0.0,0.0,0.0,0.0,0.0,0.0,0.0,0.0,0.0,0.0,0.0,0.0,0.0,0.0,0.0,0.0,0.0,0.0,0.0,0.0,0.0,0.0,0.0,12.1,9.1,36.4,18.2,0.18,3.5,20.9,10.5,21.1,42.1,0.17,3.3,17.6,6.2,18.8,18.8,0.16,3.2,17.6,6.2,18.8,25.0,0.15,2.3,18.7,5.9,23.5,0.0,0.16,3.0,13.2,8.3,8.3,0.0,0.21,3.7
20260912,20,2,1800,4085,B1,東京,46.0,53.0,5.33,37.5,3.92,15.38,27,26.16,73,28.57,4484,B1,東京,36.0,49.0,4.72,21.05,6.2,40.0,58,34.48,45,34.62,3880,B1,埼玉,53.0,55.0,4.15,16.67,4.22,22.22,29,26.67,60,37.93,5316,B1,静岡,25.0,52.0,5.2,32.89,0.0,0.0,18,32.16,68,35.48,4600,A1,広島,41.0,52.0,6.31,47.44,6.17,38.89,25,38.46,58,21.88,5429,B2,佐賀,23.0,55.0,1.12,0.0,0.0,0.0,8,29.73,50,26.32,13.7,30.0,40.0,10.0,0.18,2.8,16.4,16.7,25.0,16.7,0.23,4.8,12.3,11.1,22.2,22.2,0.16,3.0,16.4,16.7,16.7,0.0,0.21,4.2,16.4,8.3,50.0,0.0,0.21,4.2,24.7,5.6,11.1,22.2,0.22,4.8,15.0,41.7,25.0,8.3,0.18,3.4,17.5,7.1,21.4,35.7,0.22,3.7,17.5,21.4,21.4,14.3,0.23,3.7,16.2,15.4,23.1,0.0,0.17,3.5,18.8,6.7,46.7,0.0,0.23,4.5,15.0,8.3,8.3,0.0,0.23,4.8,15.8,33.3,20.0,6.7,0.17,2.8,15.8,20.0,20.0,0.0,0.23,3.8,16.8,12.5,12.5,25.0,0.18,3.8,17.9,5.9,11.8,11.8,0.19,3.9,16.8,18.8,6.2,25.0,0.19,3.5,16.8,6.2,18.8,0.0,0.2,4.9,15.3,53.3,6.7,6.7,0.17,2.7,17.3,35.3,23.5,0.0,0.16,3.1,21.4,9.5,23.8,28.6,0.14,2.5,17.3,5.9,29.4,23.5,0.13,2.4,13.3,7.7,23.1,23.1,0.16,2.6,15.3,6.7,26.7,0.0,0.16,3.7,22.8,73.1,11.5,3.8,0.11,1.6,19.3,18.2,50.0,18.2,0.13,3.0,11.4,30.8,23.1,30.8,0.11,2.2,16.7,10.5,31.6,47.4,0.11,1.9,17.5,30.0,20.0,0.0,0.14,3.1,12.3,14.3,35.7,0.0,0.14,2.8,0.0,0.0,0.0,0.0,0.0,0.0,0.0,0.0,0.0,0.0,0.0,0.0,0.0,0.0,0.0,0.0,0.0,0.0,0.0,0.0,0.0,0.0,0.0,0.0,3.1,0.0,0.0,0.0,0.22,3.5,96.9,0.0,0.0,0.0,0.22,4.8
20260912,20,3,1800,4396,B1,山口,40.0,53.0,4.79,25.51,5.02,25.86,38,33.52,44,37.93,4273,B1,静岡,44.0,53.0,4.96,28.42,5.98,40.0,44,33.86,28,18.75,4014,A2,山口,46.0,48.0,5.6,38.3,5.1,25.0,11,25.99,24,31.25,5263,B1,福岡,27.0,51.0,3.87,13.95,3.18,4.55,9,31.91,22,23.33,4357,A1,大阪,42.0,53.0,6.53,50.43,7.35,61.54,61,34.41,65,20.69,4076,B1,静岡,48.0,52.0,4.78,25.0,4.65,23.53,62,24.68,32,32.35,18.6,38.1,28.6,19.0,0.2,4.1,15.9,33.3,27.8,0.0,0.19,3.9,17.7,10.0,20.0,5.0,0.17,3.0,17.7,20.0,25.0,0.0,0.2,4.3,13.3,6.7,6.7,0.0,0.18,4.1,16.8,5.3,5.3,26.3,0.24,4.9,16.2,64.7,11.8,11.8,0.18,3.6,18.1,15.8,21.1,21.1,0.18,3.6,16.2,11.8,17.6,29.4,0.2,3.8,15.2,31.2,0.0,0.0,0.2,4.6,18.1,15.8,21.1,0.0,0.2,3.8,16.2,11.8,0.0,0.0,0.19,4.6,18.6,68.4,15.8,5.3,0.14,2.7,15.7,12.5,25.0,18.8,0.16,3.3,22.5,8.7,39.1,17.4,0.18,3.4,17.6,11.1,5.6,11.1,0.17,4.1,13.7,7.1,21.4,21.4,0.16,3.5,11.8,8.3,0.0,0.0,0.2,4.4,12.7,46.2,7.7,15.4,0.14,2.8,18.6,5.3,26.3,10.5,0.17,3.9,18.6,26.3,31.6,0.0,0.17,3.6,19.6,15.0,10.0,25.0,0.16,3.0,17.6,11.1,27.8,0.0,0.19,2.9,12.7,15.4,0.0,0.0,0.2,3.5,23.4,70.0,10.0,10.0,0.15,2.9,21.9,25.0,39.3,7.1,0.19,4.0,14.8,36.8,10.5,21.1,0.18,2.5,15.6,25.0,20.0,30.0,0.16,3.4,13.3,17.6,35.3,35.3,0.2,4.0,10.9,14.3,28.6,0.0,0.22,4.1,17.5,62.5,25.0,0.0,0.18,3.6,14.6,10.0,25.0,25.0,0.17,4.2,19.0,7.7,26.9,26.9,0.19,3.8,16.1,4.5,18.2,31.8,0.22,4.5,19.0,15.4,23.1,0.0,0.23,4.8,13.9,5.3,15.8,0.0,0.27,5.4
20260912,20,4,1800,5219,B1,福岡,25.0,52.0,5.27,37.63,5.47,35.29,60,32.2,36,38.46,5085,A2,福井,27.0,53.0,5.17,33.33,5.75,25.0,31,33.33,20,29.51,4873,B1,佐賀,32.0,53.0,4.86,29.75,5.25,30.56,26,30.41,63,27.69,5382,B1,福岡,21.0,51.0,1.9,1.15,2.07,3.45,23,40.11,61,32.35,4816,A2,広島,35.0,55.0,5.64,38.46,6.23,45.45,7,28.81,33,26.42,4296,A2,福岡,39.0,51.0,6.37,44.07,6.76,53.75,45,35.29,15,40.98,13.9,63.6,18.2,0.0,0.19,3.7,16.5,23.1,23.1,0.0,0.2,4.5,20.3,18.8,12.5,25.0,0.21,4.4,16.5,7.7,15.4,23.1,0.21,4.0,15.2,8.3,8.3,0.0,0.19,3.3,17.7,14.3,0.0,0.0,0.18,3.9,14.3,41.7,33.3,0.0,0.17,3.4,15.5,7.7,23.1,38.5,0.24,4.6,22.6,21.1,31.6,31.6,0.21,3.3,15.5,7.7,38.5,0.0,0.22,4.4,19.0,31.2,12.5,0.0,0.2,4.6,13.1,36.4,0.0,0.0,0.28,5.3,19.5,40.0,16.0,8.0,0.19,3.8,16.4,19.0,9.5,14.3,0.17,3.7,19.5,12.0,16.0,28.0,0.21,3.7,17.2,4.5,22.7,22.7,0.21,3.9,15.6,10.0,10.0,0.0,0.19,4.2,11.7,13.3,13.3,0.0,0.22,5.1,0.0,0.0,0.0,0.0,0.0,0.0,0.0,0.0,0.0,0.0,0.0,0.0,1.5,0.0,0.0,0.0,0.17,6.0,26.9,5.6,5.6,5.6,0.16,3.2,32.8,13.6,0.0,0.0,0.16,3.7,38.8,3.8,3.8,0.0,0.18,3.6,17.3,58.8,17.6,11.8,0.13,2.7,14.3,14.3,42.9,14.3,0.12,2.4,20.4,5.0,25.0,25.0,0.14,3.2,17.3,17.6,17.6,11.8,0.16,3.1,16.3,6.2,12.5,12.5,0.18,3.5,14.3,14.3,28.6,0.0,0.21,3.9,23.8,60.0,25.0,5.0,0.13,2.0,13.1,18.2,45.5,9.1,0.14,3.2,14.3,16.7,33.3,33.3,0.15,2.8,16.7,7.1,35.7,35.7,0.13,2.6,19.0,6.2,6.2,25.0,0.16,3.2,13.1,27.3,18.2,0.0,0.13,3.5
20260912,20,5,1800,3388,A1,福井,56.0,53.0,6.51,45.68,5.19,23.81,1,26.74,31,36.36,4230,A2,埼玉,43.0,55.0,6.2,47.37,5.68,45.45,32,35.98,74,29.41,4204,B1,福岡,44.0,53.0,5.06,29.49,5.19,31.48,12,33.51,18,15.79,3999,A2,愛知,47.0,45.0,6.33,49.12,5.52,44.44,33,29.84,59,22.64,5373,B2,岡山,23.0,45.0,3.09,5.8,0.0,0.0,37,28.81,25,39.71,5468,B2,福岡,19.0,53.0,1.32,0.0,0.0,0.0,43,34.59,40,20.34,22.4,77.3,13.6,9.1,0.13,2.5,15.3,26.7,33.3,13.3,0.18,3.2,18.4,5.6,11.1,5.6,0.16,3.9,15.3,40.0,20.0,13.3,0.19,3.3,17.3,35.3,11.8,17.6,0.15,3.0,11.2,18.2,27.3,0.0,0.17,4.4,18.8,66.7,13.3,6.7,0.16,3.1,12.5,30.0,40.0,10.0,0.17,4.2,18.8,46.7,20.0,20.0,0.11,1.5,17.5,21.4,28.6,21.4,0.17,2.8,18.8,33.3,13.3,0.0,0.16,3.0,13.8,9.1,9.1,9.1,0.19,4.3,14.9,28.6,35.7,21.4,0.2,3.4,13.8,30.8,46.2,15.4,0.16,3.6,19.1,27.8,27.8,0.0,0.19,3.5,21.3,10.0,20.0,10.0,0.19,3.2,12.8,8.3,8.3,8.3,0.19,3.7,18.1,5.9,0.0,0.0,0.22,5.0,21.0,63.3,13.3,13.3,0.14,2.6,15.4,54.5,4.5,0.0,0.17,3.4,18.2,15.4,30.8,11.5,0.16,2.7,14.7,14.3,9.5,33.3,0.15,2.8,14.7,4.8,19.0,23.8,0.17,2.9,16.1,4.3,21.7,0.0,0.16,3.6,0.0,0.0,0.0,0.0,0.0,0.0,0.0,0.0,0.0,0.0,0.0,0.0,0.0,0.0,0.0,0.0,0.0,0.0,37.5,5.6,0.0,0.0,0.22,4.7,29.2,28.6,0.0,0.0,0.23,4.6,33.3,6.2,0.0,0.0,0.16,3.4,0.0,0.0,0.0,0.0,0.0,0.0,0.0,0.0,0.0,0.0,0.0,0.0,0.0,0.0,0.0,0.0,0.0,0.0,0.0,0.0,0.0,0.0,0.0,0.0,0.0,0.0,0.0,0.0,0.0,0.0,0.0,0.0,0.0,0.0,0.0,0.0
20260912,20,6,1800,4551,A2,福岡,37.0,54.0,5.63,38.6,4.97,23.33,3,32.22,42,33.33,4462,B1,大阪,40.0,59.0,4.66,28.36,5.82,41.18,4,35.39,52,22.73,3833,A2,福井,52.0,55.0,6.4,50.47,5.94,40.0,34,38.14,51,35.94,4891,B1,東京,36.0,46.0,5.11,30.56,6.5,50.0,59,30.36,16,35.48,5429,B2,佐賀,23.0,55.0,1.12,0.0,0.0,0.0,8,29.73,50,26.32,4518,A1,愛知,39.0,52.0,6.4,48.61,5.5,33.33,16,29.48,46,29.51,17.9,42.9,38.1,19.0,0.18,3.6,15.4,16.7,27.8,11.1,0.15,3.6,16.2,21.1,21.1,31.6,0.18,3.3,14.5,11.8,41.2,5.9,0.15,3.5,17.1,10.0,25.0,25.0,0.16,3.4,18.8,9.1,36.4,0.0,0.18,3.6,16.7,64.3,7.1,14.3,0.14,1.9,19.0,18.8,37.5,12.5,0.16,3.0,13.1,9.1,36.4,9.1,0.15,2.5,21.4,5.6,16.7,22.2,0.16,2.7,16.7,7.1,14.3,0.0,0.13,3.2,13.1,9.1,18.2,0.0,0.2,4.5,21.9,63.6,18.2,6.1,0.11,1.8,17.2,26.9,34.6,15.4,0.13,2.2,17.9,11.1,25.9,29.6,0.15,2.6,18.5,17.9,32.1,0.0,0.13,2.7,15.2,4.3,21.7,17.4,0.13,2.6,9.3,14.3,7.1,0.0,0.13,2.7,15.0,46.7,6.7,6.7,0.16,2.1,17.0,17.6,11.8,23.5,0.16,2.4,18.0,11.1,16.7,22.2,0.12,2.3,13.0,7.7,15.4,0.0,0.15,2.4,23.0,8.7,21.7,0.0,0.16,3.3,14.0,7.1,14.3,0.0,0.21,4.7,0.0,0.0,0.0,0.0,0.0,0.0,0.0,0.0,0.0,0.0,0.0,0.0,0.0,0.0,0.0,0.0,0.0,0.0,0.0,0.0,0.0,0.0,0.0,0.0,3.1,0.0,0.0,0.0,0.22,3.5,96.9,0.0,0.0,0.0,0.22,4.8,21.7,67.9,17.9,0.0,0.13,2.3,14.7,26.3,31.6,10.5,0.2,3.6,24.0,29.0,29.0,25.8,0.17,3.1,14.0,11.1,38.9,27.8,0.16,3.2,14.7,26.3,21.1,21.1,0.16,2.8,10.9,14.3,21.4,0.0,0.2,4.4
20260912,20,7,1800,4373,A1,岡山,38.0,46.0,6.25,41.18,6.21,42.11,50,33.15,27,35.82,5263,B1,福岡,27.0,51.0,3.87,13.95,3.18,4.55,9,31.91,22,23.33,3737,A1,広島,52.0,52.0,6.97,49.44,7.0,42.86,54,29.94,64,33.96,4085,B1,東京,46.0,53.0,5.33,37.5,3.92,15.38,27,26.16,73,28.57,4043,A2,三重,47.0,55.0,5.89,40.35,7.11,50.0,22,36.31,29,24.59,4034,B1,香川,47.0,55.0,4.04,22.22,5.11,36.11,13,31.46,55,33.87,25.4,61.8,17.6,14.7,0.15,2.3,14.9,15.0,50.0,20.0,0.19,3.3,16.4,9.1,22.7,40.9,0.15,3.2,17.9,8.3,20.8,33.3,0.18,3.8,11.2,20.0,0.0,0.0,0.21,4.4,14.2,15.8,42.1,0.0,0.2,4.3,12.7,46.2,7.7,15.4,0.14,2.8,18.6,5.3,26.3,10.5,0.17,3.9,18.6,26.3,31.6,0.0,0.17,3.6,19.6,15.0,10.0,25.0,0.16,3.0,17.6,11.1,27.8,0.0,0.19,2.9,12.7,15.4,0.0,0.0,0.2,3.5,20.7,72.0,12.0,12.0,0.14,3.2,19.0,26.1,39.1,17.4,0.16,3.4,17.4,38.1,23.8,4.8,0.16,2.7,13.2,6.2,50.0,0.0,0.18,3.7,15.7,10.5,15.8,42.1,0.18,4.4,14.0,5.9,17.6,0.0,0.2,4.6,13.7,30.0,40.0,10.0,0.18,2.8,16.4,16.7,25.0,16.7,0.23,4.8,12.3,11.1,22.2,22.2,0.16,3.0,16.4,16.7,16.7,0.0,0.21,4.2,16.4,8.3,50.0,0.0,0.21,4.2,24.7,5.6,11.1,22.2,0.22,4.8,21.8,45.5,18.2,22.7,0.17,3.0,15.8,6.2,31.2,18.8,0.17,3.6,16.8,17.6,17.6,29.4,0.17,3.2,16.8,5.9,11.8,35.3,0.15,3.7,16.8,11.8,5.9,23.5,0.16,3.7,11.9,8.3,16.7,0.0,0.21,4.1,12.2,36.4,27.3,9.1,0.16,3.9,18.9,5.9,23.5,0.0,0.22,5.1,17.8,6.2,0.0,0.0,0.22,4.3,16.7,6.7,13.3,0.0,0.23,5.0,22.2,10.0,5.0,0.0,0.22,4.6,12.2,0.0,0.0,0.0,0.24,5.3
20260912,20,8,1800,4424,A2,福岡,41.0,50.0,5.44,34.21,6.09,41.46,15,33.71,11,29.41,4529,A1,香川,37.0,55.0,5.51,36.05,5.47,32.35,30,30.11,38,31.34,4816,A2,広島,35.0,55.0,5.64,38.46,6.23,45.45,7,28.81,33,26.42,4396,B1,山口,40.0,53.0,4.79,25.51,5.02,25.86,38,33.52,44,37.93,5033,B1,愛知,28.0,57.0,4.4,26.39,4.0,0.0,28,31.95,21,36.84,4094,B1,福岡,45.0,53.0,4.73,27.71,4.76,24.49,56,20.89,35,27.12,19.9,88.9,3.7,0.0,0.15,3.1,19.1,26.9,26.9,15.4,0.17,3.1,16.9,13.0,26.1,26.1,0.15,3.0,19.1,7.7,7.7,30.8,0.17,3.5,11.8,6.2,18.8,25.0,0.15,2.6,13.2,11.1,33.3,0.0,0.17,2.7,18.6,68.4,15.8,10.5,0.12,1.7,15.7,6.2,43.8,25.0,0.12,2.4,14.7,26.7,26.7,20.0,0.12,2.2,15.7,18.8,12.5,43.8,0.15,3.1,20.6,4.8,28.6,14.3,0.15,3.1,14.7,13.3,26.7,0.0,0.17,3.3,17.3,58.8,17.6,11.8,0.13,2.7,14.3,14.3,42.9,14.3,0.12,2.4,20.4,5.0,25.0,25.0,0.14,3.2,17.3,17.6,17.6,11.8,0.16,3.1,16.3,6.2,12.5,12.5,0.18,3.5,14.3,14.3,28.6,0.0,0.21,3.9,18.6,38.1,28.6,19.0,0.2,4.1,15.9,33.3,27.8,0.0,0.19,3.9,17.7,10.0,20.0,5.0,0.17,3.0,17.7,20.0,25.0,0.0,0.2,4.3,13.3,6.7,6.7,0.0,0.18,4.1,16.8,5.3,5.3,26.3,0.24,4.9,13.1,45.5,27.3,9.1,0.17,3.1,16.7,14.3,14.3,21.4,0.16,2.8,17.9,20.0,13.3,6.7,0.18,4.0,20.2,17.6,0.0,0.0,0.18,3.4,16.7,21.4,7.1,0.0,0.18,3.6,15.5,7.7,15.4,0.0,0.19,3.8,15.0,41.7,33.3,0.0,0.16,2.7,20.0,31.2,25.0,0.0,0.19,3.9,12.5,20.0,10.0,0.0,0.19,3.8,20.0,6.2,25.0,0.0,0.18,3.1,20.0,18.8,0.0,0.0,0.18,3.7,12.5,10.0,0.0,0.0,0.23,4.9
20260912,20,9,1800,4600,A1,広島,41.0,52.0,6.31,47.44,6.17,38.89,25,38.46,58,21.88,4209,A2,静岡,43.0,56.0,6.16,39.18,5.22,31.11,41,34.04,12,32.76,5382,B1,福岡,21.0,51.0,1.9,1.15,2.07,3.45,23,40.11,61,32.35,5014,B1,佐賀,28.0,54.0,4.34,27.12,4.92,26.32,57,30.06,57,36.51,4009,A2,山口,47.0,58.0,5.61,41.11,5.82,42.42,39,37.23,47,35.19,4273,B1,静岡,44.0,53.0,4.96,28.42,5.98,40.0,44,33.86,28,18.75,22.8,73.1,11.5,3.8,0.11,1.6,19.3,18.2,50.0,18.2,0.13,3.0,11.4,30.8,23.1,30.8,0.11,2.2,16.7,10.5,31.6,47.4,0.11,1.9,17.5,30.0,20.0,0.0,0.14,3.1,12.3,14.3,35.7,0.0,0.14,2.8,19.3,42.9,19.0,14.3,0.18,3.4,17.4,36.8,10.5,0.0,0.16,3.8,15.6,17.6,29.4,23.5,0.19,3.3,15.6,5.9,29.4,29.4,0.18,2.6,20.2,4.5,9.1,27.3,0.18,3.6,11.9,38.5,0.0,0.0,0.18,3.8,0.0,0.0,0.0,0.0,0.0,0.0,0.0,0.0,0.0,0.0,0.0,0.0,1.5,0.0,0.0,0.0,0.17,6.0,26.9,5.6,5.6,5.6,0.16,3.2,32.8,13.6,0.0,0.0,0.16,3.7,38.8,3.8,3.8,0.0,0.18,3.6,14.4,42.9,28.6,14.3,0.13,1.5,15.5,6.7,46.7,33.3,0.13,2.9,17.5,11.8,17.6,0.0,0.14,2.8,19.6,5.3,21.1,31.6,0.12,2.7,17.5,17.6,5.9,5.9,0.12,2.6,15.5,6.7,6.7,0.0,0.19,4.1,21.2,66.7,4.8,19.0,0.12,1.6,17.2,5.9,17.6,23.5,0.12,1.9,16.2,12.5,12.5,31.2,0.12,2.3,21.2,14.3,9.5,33.3,0.13,2.7,12.1,8.3,8.3,16.7,0.13,2.1,12.1,16.7,0.0,0.0,0.14,3.5,16.2,64.7,11.8,11.8,0.18,3.6,18.1,15.8,21.1,21.1,0.18,3.6,16.2,11.8,17.6,29.4,0.2,3.8,15.2,31.2,0.0,0.0,0.2,4.6,18.1,15.8,21.1,0.0,0.2,3.8,16.2,11.8,0.0,0.0,0.19,4.6
20260912,20,10,1800,4357,A1,大阪,42.0,53.0,6.53,50.43,7.35,61.54,61,34.41,65,20.69,3880,B1,埼玉,53.0,55.0,4.15,16.67,4.22,22.22,29,26.67,60,37.93,5219,B1,福岡,25.0,52.0,5.27,37.63,5.47,35.29,60,32.2,36,38.46,4551,A2,福岡,37.0,54.0,5.63,38.6,4.97,23.33,3,32.22,42,33.33,3362,B1,三重,57.0,53.0,5.1,33.67,6.27,42.31,53,31.61,69,26.15,4230,A2,埼玉,43.0,55.0,6.2,47.37,5.68,45.45,32,35.98,74,29.41,23.4,70.0,10.0,10.0,0.15,2.9,21.9,25.0,39.3,7.1,0.19,4.0,14.8,36.8,10.5,21.1,0.18,2.5,15.6,25.0,20.0,30.0,0.16,3.4,13.3,17.6,35.3,35.3,0.2,4.0,10.9,14.3,28.6,0.0,0.22,4.1,15.8,33.3,20.0,6.7,0.17,2.8,15.8,20.0,20.0,0.0,0.23,3.8,16.8,12.5,12.5,25.0,0.18,3.8,17.9,5.9,11.8,11.8,0.19,3.9,16.8,18.8,6.2,25.0,0.19,3.5,16.8,6.2,18.8,0.0,0.2,4.9,13.9,63.6,18.2,0.0,0.19,3.7,16.5,23.1,23.1,0.0,0.2,4.5,20.3,18.8,12.5,25.0,0.21,4.4,16.5,7.7,15.4,23.1,0.21,4.0,15.2,8.3,8.3,0.0,0.19,3.3,17.7,14.3,0.0,0.0,0.18,3.9,17.9,42.9,38.1,19.0,0.18,3.6,15.4,16.7,27.8,11.1,0.15,3.6,16.2,21.1,21.1,31.6,0.18,3.3,14.5,11.8,41.2,5.9,0.15,3.5,17.1,10.0,25.0,25.0,0.16,3.4,18.8,9.1,36.4,0.0,0.18,3.6,17.7,47.1,23.5,23.5,0.18,3.3,38.5,5.4,37.8,16.2,0.21,4.1,26.0,4.0,16.0,8.0,0.19,3.9,17.7,11.8,23.5,5.9,0.2,3.8,0.0,0.0,0.0,0.0,0.0,0.0,0.0,0.0,0.0,0.0,0.0,0.0,18.8,66.7,13.3,6.7,0.16,3.1,12.5,30.0,40.0,10.0,0.17,4.2,18.8,46.7,20.0,20.0,0.11,1.5,17.5,21.4,28.6,21.4,0.17,2.8,18.8,33.3,13.3,0.0,0.16,3.0,13.8,9.1,9.1,9.1,0.19,4.3
20260912,20,11,1800,3999,A2,愛知,47.0,45.0,6.33,49.12,5.52,44.44,33,29.84,59,22.64,4373,A1,岡山,38.0,46.0,6.25,41.18,6.21,42.11,50,33.15,27,35.82,4891,B1,東京,36.0,46.0,5.11,30.56,6.5,50.0,59,30.36,16,35.48,4014,A2,山口,46.0,48.0,5.6,38.3,5.1,25.0,11,25.99,24,31.25,4484,B1,東京,36.0,49.0,4.72,21.05,6.2,40.0,58,34.48,45,34.62,5248,B1,静岡,24.0,47.0,5.42,37.36,3.94,22.58,36,31.11,49,24.0,21.0,63.3,13.3,13.3,0.14,2.6,15.4,54.5,4.5,0.0,0.17,3.4,18.2,15.4,30.8,11.5,0.16,2.7,14.7,14.3,9.5,33.3,0.15,2.8,14.7,4.8,19.0,23.8,0.17,2.9,16.1,4.3,21.7,0.0,0.16,3.6,25.4,61.8,17.6,14.7,0.15,2.3,14.9,15.0,50.0,20.0,0.19,3.3,16.4,9.1,22.7,40.9,0.15,3.2,17.9,8.3,20.8,33.3,0.18,3.8,11.2,20.0,0.0,0.0,0.21,4.4,14.2,15.8,42.1,0.0,0.2,4.3,15.0,46.7,6.7,6.7,0.16,2.1,17.0,17.6,11.8,23.5,0.16,2.4,18.0,11.1,16.7,22.2,0.12,2.3,13.0,7.7,15.4,0.0,0.15,2.4,23.0,8.7,21.7,0.0,0.16,3.3,14.0,7.1,14.3,0.0,0.21,4.7,18.6,68.4,15.8,5.3,0.14,2.7,15.7,12.5,25.0,18.8,0.16,3.3,22.5,8.7,39.1,17.4,0.18,3.4,17.6,11.1,5.6,11.1,0.17,4.1,13.7,7.1,21.4,21.4,0.16,3.5,11.8,8.3,0.0,0.0,0.2,4.4,15.0,41.7,25.0,8.3,0.18,3.4,17.5,7.1,21.4,35.7,0.22,3.7,17.5,21.4,21.4,14.3,0.23,3.7,16.2,15.4,23.1,0.0,0.17,3.5,18.8,6.7,46.7,0.0,0.23,4.5,15.0,8.3,8.3,0.0,0.23,4.8,10.8,10.0,10.0,40.0,0.25,5.4,18.3,5.9,35.3,41.2,0.18,4.0,15.1,7.1,21.4,35.7,0.21,3.6,8.6,12.5,0.0,0.0,0.24,3.9,23.7,9.1,9.1,22.7,0.2,3.6,23.7,13.6,9.1,0.0,0.16,3.5
20260912,20,12,1800,3833,A2,福井,52.0,55.0,6.4,50.47,5.94,40.0,34,38.14,51,35.94,4424,A2,福岡,41.0,50.0,5.44,34.21,6.09,41.46,15,33.71,11,29.41,3388,A1,福井,56.0,53.0,6.51,45.68,5.19,23.81,1,26.74,31,36.36,4296,A2,福岡,39.0,51.0,6.37,44.07,6.76,53.75,45,35.29,15,40.98,3737,A1,広島,52.0,52.0,6.97,49.44,7.0,42.86,54,29.94,64,33.96,5316,B1,静岡,25.0,52.0,5.2,32.89,0.0,0.0,18,32.16,68,35.48,21.9,63.6,18.2,6.1,0.11,1.8,17.2,26.9,34.6,15.4,0.13,2.2,17.9,11.1,25.9,29.6,0.15,2.6,18.5,17.9,32.1,0.0,0.13,2.7,15.2,4.3,21.7,17.4,0.13,2.6,9.3,14.3,7.1,0.0,0.13,2.7,19.9,88.9,3.7,0.0,0.15,3.1,19.1,26.9,26.9,15.4,0.17,3.1,16.9,13.0,26.1,26.1,0.15,3.0,19.1,7.7,7.7,30.8,0.17,3.5,11.8,6.2,18.8,25.0,0.15,2.6,13.2,11.1,33.3,0.0,0.17,2.7,22.4,77.3,13.6,9.1,0.13,2.5,15.3,26.7,33.3,13.3,0.18,3.2,18.4,5.6,11.1,5.6,0.16,3.9,15.3,40.0,20.0,13.3,0.19,3.3,17.3,35.3,11.8,17.6,0.15,3.0,11.2,18.2,27.3,0.0,0.17,4.4,23.8,60.0,25.0,5.0,0.13,2.0,13.1,18.2,45.5,9.1,0.14,3.2,14.3,16.7,33.3,33.3,0.15,2.8,16.7,7.1,35.7,35.7,0.13,2.6,19.0,6.2,6.2,25.0,0.16,3.2,13.1,27.3,18.2,0.0,0.13,3.5,20.7,72.0,12.0,12.0,0.14,3.2,19.0,26.1,39.1,17.4,0.16,3.4,17.4,38.1,23.8,4.8,0.16,2.7,13.2,6.2,50.0,0.0,0.18,3.7,15.7,10.5,15.8,42.1,0.18,4.4,14.0,5.9,17.6,0.0,0.2,4.6,15.3,53.3,6.7,6.7,0.17,2.7,17.3,35.3,23.5,0.0,0.16,3.1,21.4,9.5,23.8,28.6,0.14,2.5,17.3,5.9,29.4,23.5,0.13,2.4,13.3,7.7,23.1,23.1,0.16,2.6,15.3,6.7,26.7,0.0,0.16,3.7
20260912,18,1,1800,4980,A1,山口,30.0,50.0,7.1,52.21,6.8,50.0,19,48.35,27,31.98,4682,A1,広島,36.0,53.0,7.29,50.89,6.46,26.92,55,37.0,57,36.82,4772,A1,香川,33.0,55.0,6.71,50.88,6.63,62.5,21,29.11,45,32.67,4013,A1,福井,46.0,51.0,6.99,46.3,6.82,38.24,54,37.5,70,29.13,5084,A1,佐賀,27.0,52.0,6.67,45.9,7.27,46.15,72,36.36,31,31.86,5112,A1,埼玉,26.0,52.0,6.72,52.25,6.68,47.5,61,30.0,22,38.5,22.0,82.1,14.3,0.0,0.15,2.6,14.2,11.1,44.4,16.7,0.15,3.6,17.3,13.6,36.4,13.6,0.14,2.9,11.8,6.7,46.7,13.3,0.16,3.3,15.0,21.1,15.8,15.8,0.18,3.2,19.7,8.0,8.0,20.0,0.17,4.6,18.0,77.3,4.5,4.5,0.12,2.4,16.4,30.0,35.0,5.0,0.14,3.5,17.2,9.5,19.0,33.3,0.14,3.0,18.9,8.7,30.4,17.4,0.15,3.1,19.7,12.5,12.5,20.8,0.16,3.2,9.8,8.3,16.7,16.7,0.15,4.8,19.4,79.2,8.3,8.3,0.11,2.0,14.5,11.1,50.0,11.1,0.11,2.8,20.2,20.0,28.0,12.0,0.11,2.0,15.3,15.8,26.3,21.1,0.08,1.7,16.9,4.8,19.0,28.6,0.11,2.3,13.7,11.8,11.8,0.0,0.14,3.4,20.8,81.5,3.7,11.1,0.12,2.1,14.6,5.3,36.8,26.3,0.15,3.2,13.8,11.1,27.8,38.9,0.13,2.8,17.7,13.0,21.7,21.7,0.14,2.5,17.7,4.3,13.0,21.7,0.15,3.1,15.4,15.0,5.0,0.0,0.17,3.8,20.5,80.8,7.7,3.8,0.12,3.1,17.3,22.7,27.3,22.7,0.14,3.2,16.5,9.5,33.3,28.6,0.12,2.7,15.7,15.0,20.0,30.0,0.11,2.7,15.0,10.5,5.3,15.8,0.14,2.8,15.0,15.8,21.1,0.0,0.16,4.4,21.3,79.3,6.9,3.4,0.13,2.2,14.0,26.3,42.1,15.8,0.16,3.6,18.4,24.0,36.0,8.0,0.15,3.7,14.0,26.3,10.5,26.3,0.14,3.3,15.4,4.8,14.3,47.6,0.2,3.9,16.9,8.7,8.7,17.4,0.2,4.0
20260912,18,2,1800,5142,A1,佐賀,25.0,51.0,7.31,56.2,8.56,66.67,75,36.89,26,30.62,3959,A1,静岡,48.0,52.0,7.14,49.54,7.07,55.17,42,36.63,36,34.65,4305,A1,群馬,42.0,53.0,6.88,53.4,6.96,54.17,38,33.65,56,31.25,4239,A1,山口,42.0,53.0,6.47,51.82,6.18,40.83,30,38.46,41,37.56,4256,A1,福岡,42.0,53.0,7.09,46.22,6.79,35.29,68,53.41,59,41.23,4168,A1,大阪,44.0,53.0,6.97,52.99,3.78,22.22,14,41.57,13,39.61,20.5,78.3,8.7,4.3,0.14,2.1,21.4,25.0,54.2,12.5,0.15,2.9,17.0,21.1,31.6,31.6,0.15,2.9,15.2,11.8,47.1,11.8,0.15,3.3,16.1,5.6,44.4,11.1,0.14,2.7,9.8,36.4,0.0,0.0,0.17,3.6,22.4,58.3,33.3,4.2,0.11,2.7,15.0,18.8,37.5,18.8,0.13,4.1,14.0,26.7,40.0,13.3,0.12,2.5,17.8,21.1,15.8,26.3,0.14,2.7,17.8,10.5,21.1,21.1,0.14,3.8,13.1,7.1,14.3,0.0,0.17,4.1,24.8,73.3,16.7,3.3,0.16,2.6,15.7,26.3,31.6,21.1,0.13,2.5,13.2,37.5,18.8,12.5,0.15,2.9,15.7,21.1,15.8,31.6,0.17,2.8,14.9,22.2,33.3,16.7,0.13,3.2,15.7,15.8,21.1,31.6,0.14,2.8,25.6,64.5,25.8,0.0,0.13,2.7,15.7,15.8,36.8,21.1,0.13,2.3,14.9,33.3,38.9,16.7,0.15,2.8,13.2,12.5,25.0,25.0,0.17,3.1,16.5,5.0,35.0,0.0,0.16,3.5,14.0,5.9,5.9,17.6,0.18,3.9,21.0,72.0,24.0,0.0,0.12,2.7,16.0,15.8,36.8,31.6,0.14,3.4,17.6,9.5,38.1,19.0,0.12,2.7,15.1,11.1,33.3,44.4,0.13,3.1,15.1,5.6,27.8,16.7,0.15,3.4,15.1,27.8,27.8,0.0,0.14,3.2,23.6,70.0,13.3,6.7,0.14,2.7,16.5,19.0,28.6,14.3,0.15,3.2,19.7,32.0,28.0,8.0,0.14,2.9,16.5,9.5,9.5,4.8,0.12,3.0,13.4,11.8,11.8,23.5,0.15,3.2,10.2,46.2,0.0,0.0,0.18,3.9
20260912,18,3,1800,4361,A1,山口,41.0,52.0,7.39,56.14,6.69,46.08,58,29.17,51,34.3,4205,A1,広島,44.0,53.0,7.54,48.94,7.8,56.0,46,33.01,12,39.3,4826,A1,大阪,32.0,52.0,7.02,53.98,6.3,37.04,64,38.46,35,29.61,4928,A1,東京,31.0,52.0,6.63,50.93,6.0,38.89,17,40.23,62,38.35,4528,A1,埼玉,38.0,52.0,6.56,43.18,6.94,37.5,71,29.59,43,29.44,4852,A1,香川,31.0,52.0,7.05,55.38,6.54,44.44,53,38.24,29,30.24,24.5,76.0,8.0,4.0,0.13,2.5,15.7,31.2,25.0,12.5,0.14,2.8,12.7,15.4,30.8,23.1,0.14,2.3,17.6,33.3,16.7,33.3,0.16,3.1,13.7,14.3,28.6,0.0,0.16,3.5,15.7,6.2,18.8,12.5,0.15,3.4,23.5,66.7,20.8,4.2,0.12,3.7,16.7,11.8,29.4,23.5,0.13,3.6,16.7,17.6,29.4,17.6,0.13,2.7,12.7,30.8,15.4,23.1,0.12,2.3,16.7,11.8,47.1,17.6,0.16,3.5,13.7,7.1,7.1,21.4,0.16,4.1,23.4,73.5,5.9,5.9,0.12,2.2,16.6,16.7,25.0,33.3,0.13,3.1,16.6,20.8,25.0,20.8,0.14,3.0,11.7,29.4,29.4,0.0,0.12,2.3,19.3,25.0,17.9,28.6,0.14,3.2,12.4,22.2,22.2,0.0,0.14,3.3,18.6,52.4,33.3,4.8,0.15,3.4,16.8,10.5,26.3,5.3,0.16,4.2,20.4,39.1,13.0,17.4,0.14,2.8,20.4,30.4,30.4,17.4,0.12,2.0,10.6,16.7,25.0,0.0,0.15,3.0,13.3,6.7,6.7,20.0,0.17,3.9,20.3,83.3,8.3,4.2,0.15,2.7,11.9,14.3,21.4,14.3,0.15,3.4,18.6,13.6,31.8,31.8,0.17,3.2,12.7,13.3,33.3,20.0,0.18,3.9,21.2,8.0,20.0,28.0,0.16,3.1,15.3,5.6,16.7,50.0,0.2,3.8,22.6,83.9,6.5,6.5,0.15,3.2,13.9,42.1,15.8,26.3,0.14,2.9,19.0,19.2,46.2,11.5,0.14,2.7,14.6,20.0,25.0,20.0,0.12,2.3,14.6,20.0,5.0,35.0,0.15,3.3,15.3,4.8,9.5,47.6,0.17,3.8
20260912,18,4,1800,4547,A1,埼玉,38.0,50.0,6.82,43.64,8.0,57.14,23,35.51,33,33.82,4415,A1,福井,39.0,56.0,6.08,46.88,5.65,35.29,22,30.34,40,38.05,4237,A1,山口,42.0,52.0,7.39,53.57,7.57,61.03,26,38.46,72,34.13,4831,A1,福岡,31.0,55.0,7.36,57.14,7.14,47.22,31,31.31,37,34.47,4760,A1,大阪,36.0,52.0,7.49,53.79,7.61,51.61,59,38.1,54,36.92,4713,A1,岡山,36.0,52.0,6.26,40.37,7.17,52.78,15,41.86,32,29.47,21.6,40.0,32.0,16.0,0.15,3.3,13.8,12.5,31.2,18.8,0.16,3.6,13.8,18.8,18.8,18.8,0.14,2.8,16.4,5.3,31.6,21.1,0.14,3.1,20.7,8.3,20.8,20.8,0.18,3.5,13.8,6.2,31.2,0.0,0.19,4.2,20.8,76.2,14.3,0.0,0.11,2.2,13.9,14.3,14.3,21.4,0.13,1.9,16.8,17.6,29.4,11.8,0.16,2.9,14.9,13.3,20.0,13.3,0.13,2.8,15.8,25.0,18.8,6.2,0.19,2.9,17.8,22.2,22.2,5.6,0.14,3.6,24.0,71.0,12.9,6.5,0.14,2.5,13.2,29.4,35.3,17.6,0.15,3.7,15.5,30.0,30.0,5.0,0.14,2.7,22.5,20.7,17.2,27.6,0.13,2.9,13.2,5.9,17.6,11.8,0.16,3.7,11.6,13.3,13.3,26.7,0.15,2.9,19.4,70.0,15.0,10.0,0.13,3.5,15.5,25.0,43.8,6.2,0.16,3.7,14.6,26.7,20.0,26.7,0.13,2.6,17.5,5.6,27.8,44.4,0.14,3.1,20.4,4.8,9.5,23.8,0.16,3.9,12.6,15.4,0.0,0.0,0.17,3.9,23.1,86.1,5.6,2.8,0.15,3.3,14.1,13.6,27.3,31.8,0.14,3.3,16.7,15.4,34.6,26.9,0.14,3.0,18.6,27.6,17.2,17.2,0.14,3.0,16.0,20.0,16.0,28.0,0.14,3.4,11.5,27.8,16.7,0.0,0.13,3.4,22.2,80.6,8.3,8.3,0.12,2.0,13.6,18.2,27.3,18.2,0.15,3.1,17.3,17.9,21.4,32.1,0.13,2.6,14.2,17.4,30.4,39.1,0.13,2.7,18.5,13.3,16.7,20.0,0.14,2.6,14.2,21.7,21.7,0.0,0.15,3.1
20260912,18,5,1800,4739,A1,香川,34.0,51.0,6.44,52.94,5.96,26.09,70,24.44,38,41.63,4324,A1,山口,38.0,61.0,7.19,56.43,7.04,58.33,40,27.66,74,35.78,3941,A1,愛知,48.0,53.0,7.69,48.31,7.82,52.94,66,31.76,14,35.58,4759,A1,東京,36.0,51.0,6.97,48.12,6.72,55.56,69,41.49,16,38.35,4024,A1,三重,49.0,53.0,6.92,45.87,6.67,16.67,48,38.53,42,30.24,5267,A1,大阪,26.0,51.0,6.88,54.9,7.7,70.0,35,36.89,20,33.84,19.2,69.6,21.7,4.3,0.13,2.9,20.0,16.7,37.5,8.3,0.15,3.4,16.7,10.0,35.0,20.0,0.14,3.2,20.0,4.2,41.7,16.7,0.14,3.4,13.3,12.5,12.5,6.2,0.16,2.9,10.8,7.7,15.4,38.5,0.17,4.2,30.1,84.1,6.8,2.3,0.12,2.0,24.0,28.6,25.7,11.4,0.14,3.2,18.5,14.8,29.6,22.2,0.14,2.9,10.3,13.3,20.0,0.0,0.14,3.1,11.0,18.8,18.8,12.5,0.14,3.1,6.2,22.2,22.2,11.1,0.14,2.9,25.9,83.3,6.7,6.7,0.11,2.4,12.1,14.3,35.7,28.6,0.11,2.9,17.2,45.0,25.0,20.0,0.1,1.8,15.5,11.1,33.3,16.7,0.12,2.7,17.2,15.0,15.0,35.0,0.14,3.2,12.1,7.1,14.3,0.0,0.14,3.9,18.2,61.1,11.1,16.7,0.16,2.9,15.2,20.0,33.3,13.3,0.17,3.7,20.2,15.0,50.0,20.0,0.16,3.3,16.2,6.2,37.5,25.0,0.17,3.7,13.1,23.1,38.5,0.0,0.15,3.5,17.2,23.5,0.0,0.0,0.17,4.2,17.4,50.0,15.0,10.0,0.14,3.9,14.8,11.8,29.4,35.3,0.16,4.2,15.7,16.7,38.9,11.1,0.18,4.5,16.5,5.3,21.1,36.8,0.16,4.0,17.4,5.0,15.0,10.0,0.14,3.8,18.3,4.8,28.6,0.0,0.14,4.3,19.9,72.4,3.4,6.9,0.16,3.0,16.4,29.2,20.8,16.7,0.15,3.8,15.1,31.8,22.7,22.7,0.15,2.8,17.1,20.0,32.0,24.0,0.14,2.6,14.4,28.6,4.8,23.8,0.13,2.5,17.1,4.0,12.0,16.0,0.16,3.4
20260912,18,6,1800,4537,A1,岡山,36.0,51.0,7.11,50.0,7.16,52.94,74,42.68,39,32.04,4985,A1,山口,29.0,52.0,6.64,52.42,6.5,52.29,73,42.55,44,36.41,4445,A1,佐賀,39.0,55.0,7.26,48.45,7.11,33.33,50,37.5,66,32.18,4391,A1,福井,40.0,51.0,7.03,53.78,6.45,40.91,62,25.88,34,31.88,4566,A1,福岡,38.0,54.0,6.76,44.09,6.36,39.29,36,28.57,23,30.73,4682,A1,広島,36.0,53.0,7.29,50.89,6.46,26.92,55,37.0,57,36.82,20.6,74.1,18.5,3.7,0.15,2.8,19.8,34.6,26.9,3.8,0.14,2.9,13.0,11.8,23.5,23.5,0.15,3.1,18.3,16.7,12.5,20.8,0.12,2.4,16.8,13.6,22.7,22.7,0.15,2.9,11.5,6.7,33.3,0.0,0.19,3.9,24.3,69.7,12.1,12.1,0.13,3.0,14.0,26.3,26.3,21.1,0.16,2.8,18.4,20.0,32.0,20.0,0.13,2.6,17.6,8.3,20.8,16.7,0.15,3.0,13.2,5.6,16.7,27.8,0.15,3.3,12.5,5.9,0.0,0.0,0.16,4.1,18.0,91.3,4.3,4.3,0.12,2.9,15.6,10.0,25.0,30.0,0.12,2.5,10.9,7.1,50.0,14.3,0.11,2.0,18.0,13.0,17.4,13.0,0.11,2.8,18.0,4.3,8.7,30.4,0.13,2.9,19.5,20.0,0.0,0.0,0.12,3.2,21.6,76.2,19.0,0.0,0.16,3.0,14.4,14.3,50.0,0.0,0.14,3.5,15.5,13.3,13.3,26.7,0.14,2.9,21.6,14.3,28.6,9.5,0.15,3.4,14.4,7.1,35.7,0.0,0.14,3.6,12.4,8.3,0.0,0.0,0.18,3.8,18.3,72.7,4.5,4.5,0.15,2.9,12.5,20.0,20.0,13.3,0.12,2.7,19.2,13.0,17.4,30.4,0.16,3.1,16.7,5.0,25.0,20.0,0.13,2.7,19.2,8.7,8.7,26.1,0.12,3.1,14.2,5.9,17.6,0.0,0.14,3.6,18.0,77.3,4.5,4.5,0.12,2.4,16.4,30.0,35.0,5.0,0.14,3.5,17.2,9.5,19.0,33.3,0.14,3.0,18.9,8.7,30.4,17.4,0.15,3.1,19.7,12.5,12.5,20.8,0.16,3.2,9.8,8.3,16.7,16.7,0.15,4.8
20260912,18,7,1800,4074,A1,愛知,45.0,50.0,6.63,48.39,6.38,37.5,24,26.09,73,39.32,4168,A1,大阪,44.0,53.0,6.97,52.99,3.78,22.22,14,41.57,13,39.61,4736,A1,福岡,35.0,53.0,7.25,58.27,6.79,50.0,47,41.51,50,39.71,3942,A1,山口,47.0,55.0,6.44,44.68,6.8,44.57,56,39.18,30,36.36,4939,A1,東京,28.0,52.0,7.7,64.71,7.2,65.0,41,31.48,15,36.95,4796,A1,三重,35.0,52.0,6.02,45.3,6.08,45.0,27,44.3,18,39.71,17.9,66.7,14.3,4.8,0.12,2.2,16.2,15.8,42.1,15.8,0.15,3.3,20.5,12.5,37.5,20.8,0.12,2.3,19.7,4.3,26.1,34.8,0.14,3.0,14.5,29.4,5.9,0.0,0.15,3.4,11.1,7.7,23.1,0.0,0.14,2.8,23.6,70.0,13.3,6.7,0.14,2.7,16.5,19.0,28.6,14.3,0.15,3.2,19.7,32.0,28.0,8.0,0.14,2.9,16.5,9.5,9.5,4.8,0.12,3.0,13.4,11.8,11.8,23.5,0.15,3.2,10.2,46.2,0.0,0.0,0.18,3.9,21.9,60.0,28.0,4.0,0.13,2.0,14.9,23.5,35.3,17.6,0.14,2.5,14.9,5.9,64.7,17.6,0.13,2.5,15.8,5.6,38.9,27.8,0.15,2.8,15.8,5.6,38.9,5.6,0.12,2.2,16.7,10.5,21.1,0.0,0.16,3.3,25.7,55.2,13.8,10.3,0.13,3.4,18.6,9.5,23.8,28.6,0.16,2.9,16.8,15.8,47.4,5.3,0.14,3.4,13.3,20.0,26.7,20.0,0.13,2.5,17.7,20.0,20.0,10.0,0.14,2.9,8.0,33.3,0.0,0.0,0.14,3.6,22.4,87.5,0.0,0.0,0.13,2.2,15.9,11.8,35.3,11.8,0.16,4.3,16.8,22.2,33.3,16.7,0.14,3.1,13.1,21.4,21.4,14.3,0.14,2.3,13.1,14.3,21.4,7.1,0.13,2.4,18.7,20.0,20.0,0.0,0.14,3.3,21.4,70.8,12.5,8.3,0.14,2.0,16.1,38.9,38.9,16.7,0.15,2.3,15.2,23.5,29.4,5.9,0.18,3.1,12.5,35.7,21.4,28.6,0.12,1.6,18.8,28.6,19.0,0.0,0.14,2.1,16.1,5.6,5.6,5.6,0.15,2.9
20260912,18,8,1800,3744,A1,静岡,51.0,54.0,6.2,45.45,6.55,46.94,11,31.68,68,41.9,4397,A1,大阪,39.0,53.0,7.43,61.07,7.03,42.86,44,34.95,24,33.82,4362,A1,群馬,41.0,53.0,6.86,44.92,6.96,52.17,63,28.0,25,29.9,4980,A1,山口,30.0,50.0,7.1,52.21,6.8,50.0,19,48.35,27,31.98,5142,A1,佐賀,25.0,51.0,7.31,56.2,8.56,66.67,75,36.89,26,30.62,4205,A1,広島,44.0,53.0,7.54,48.94,7.8,56.0,46,33.01,12,39.3,23.1,88.2,5.9,0.0,0.14,2.6,14.3,9.5,33.3,19.0,0.16,3.3,19.0,17.9,28.6,28.6,0.12,2.3,22.4,9.1,24.2,15.2,0.14,2.8,15.6,21.7,4.3,17.4,0.12,2.6,5.4,12.5,12.5,0.0,0.15,3.3,19.3,84.6,7.7,7.7,0.14,2.6,17.8,12.5,20.8,16.7,0.13,3.0,17.8,8.3,33.3,25.0,0.12,3.0,18.5,12.0,20.0,20.0,0.12,2.9,16.3,18.2,18.2,18.2,0.15,3.5,10.4,21.4,0.0,0.0,0.14,4.0,25.0,56.5,17.4,13.0,0.15,3.2,16.3,26.7,33.3,13.3,0.14,3.5,15.2,7.1,21.4,35.7,0.16,2.8,18.5,11.8,29.4,41.2,0.15,3.4,14.1,7.7,23.1,15.4,0.16,4.0,10.9,10.0,40.0,0.0,0.18,4.8,22.0,82.1,14.3,0.0,0.15,2.6,14.2,11.1,44.4,16.7,0.15,3.6,17.3,13.6,36.4,13.6,0.14,2.9,11.8,6.7,46.7,13.3,0.16,3.3,15.0,21.1,15.8,15.8,0.18,3.2,19.7,8.0,8.0,20.0,0.17,4.6,20.5,78.3,8.7,4.3,0.14,2.1,21.4,25.0,54.2,12.5,0.15,2.9,17.0,21.1,31.6,31.6,0.15,2.9,15.2,11.8,47.1,11.8,0.15,3.3,16.1,5.6,44.4,11.1,0.14,2.7,9.8,36.4,0.0,0.0,0.17,3.6,23.5,66.7,20.8,4.2,0.12,3.7,16.7,11.8,29.4,23.5,0.13,3.6,16.7,17.6,29.4,17.6,0.13,2.7,12.7,30.8,15.4,23.1,0.12,2.3,16.7,11.8,47.1,17.6,0.16,3.5,13.7,7.1,7.1,21.4,0.16,4.1
20260912,18,9,1800,4013,A1,福井,46.0,51.0,6.99,46.3,6.82,38.24,54,37.5,70,29.13,4448,A1,滋賀,39.0,52.0,7.07,54.55,7.52,66.67,43,18.95,17,29.19,4256,A1,福岡,42.0,53.0,7.09,46.22,6.79,35.29,68,53.41,59,41.23,5015,A1,広島,28.0,52.0,6.89,54.62,6.86,41.38,60,32.65,55,35.47,4237,A1,山口,42.0,52.0,7.39,53.57,7.57,61.03,26,38.46,72,34.13,4826,A1,大阪,32.0,52.0,7.02,53.98,6.3,37.04,64,38.46,35,29.61,20.8,81.5,3.7,11.1,0.12,2.1,14.6,5.3,36.8,26.3,0.15,3.2,13.8,11.1,27.8,38.9,0.13,2.8,17.7,13.0,21.7,21.7,0.14,2.5,17.7,4.3,13.0,21.7,0.15,3.1,15.4,15.0,5.0,0.0,0.17,3.8,17.6,85.7,9.5,0.0,0.15,3.4,17.6,14.3,33.3,9.5,0.16,3.9,15.1,11.1,44.4,16.7,0.14,2.8,16.0,15.8,31.6,10.5,0.14,3.1,16.8,15.0,15.0,25.0,0.18,3.9,16.8,15.0,25.0,0.0,0.17,4.4,21.0,72.0,24.0,0.0,0.12,2.7,16.0,15.8,36.8,31.6,0.14,3.4,17.6,9.5,38.1,19.0,0.12,2.7,15.1,11.1,33.3,44.4,0.13,3.1,15.1,5.6,27.8,16.7,0.15,3.4,15.1,27.8,27.8,0.0,0.14,3.2,21.5,87.0,8.7,0.0,0.13,1.8,15.9,35.3,11.8,17.6,0.15,2.9,17.8,5.3,52.6,31.6,0.14,2.4,17.8,10.5,42.1,10.5,0.13,3.5,13.1,21.4,7.1,0.0,0.13,2.7,14.0,13.3,33.3,0.0,0.18,4.5,24.0,71.0,12.9,6.5,0.14,2.5,13.2,29.4,35.3,17.6,0.15,3.7,15.5,30.0,30.0,5.0,0.14,2.7,22.5,20.7,17.2,27.6,0.13,2.9,13.2,5.9,17.6,11.8,0.16,3.7,11.6,13.3,13.3,26.7,0.15,2.9,23.4,73.5,5.9,5.9,0.12,2.2,16.6,16.7,25.0,33.3,0.13,3.1,16.6,20.8,25.0,20.8,0.14,3.0,11.7,29.4,29.4,0.0,0.12,2.3,19.3,25.0,17.9,28.6,0.14,3.2,12.4,22.2,22.2,0.0,0.14,3.3
20260912,18,10,1800,4760,A1,大阪,36.0,52.0,7.49,53.79,7.61,51.61,59,38.1,54,36.92,5017,A1,滋賀,27.0,53.0,6.84,53.03,6.88,37.5,34,38.79,47,33.17,5084,A1,佐賀,27.0,52.0,6.67,45.9,7.27,46.15,72,36.36,31,31.86,3941,A1,愛知,48.0,53.0,7.69,48.31,7.82,52.94,66,31.76,14,35.58,4361,A1,山口,41.0,52.0,7.39,56.14,6.69,46.08,58,29.17,51,34.3,4305,A1,群馬,42.0,53.0,6.88,53.4,6.96,54.17,38,33.65,56,31.25,23.1,86.1,5.6,2.8,0.15,3.3,14.1,13.6,27.3,31.8,0.14,3.3,16.7,15.4,34.6,26.9,0.14,3.0,18.6,27.6,17.2,17.2,0.14,3.0,16.0,20.0,16.0,28.0,0.14,3.4,11.5,27.8,16.7,0.0,0.13,3.4,21.7,80.8,7.7,7.7,0.12,2.8,15.0,16.7,22.2,11.1,0.13,2.7,15.8,26.3,21.1,10.5,0.13,2.6,15.8,15.8,5.3,15.8,0.13,2.8,16.7,15.0,25.0,10.0,0.14,2.4,15.0,5.6,16.7,0.0,0.14,3.5,20.5,80.8,7.7,3.8,0.12,3.1,17.3,22.7,27.3,22.7,0.14,3.2,16.5,9.5,33.3,28.6,0.12,2.7,15.7,15.0,20.0,30.0,0.11,2.7,15.0,10.5,5.3,15.8,0.14,2.8,15.0,15.8,21.1,0.0,0.16,4.4,25.9,83.3,6.7,6.7,0.11,2.4,12.1,14.3,35.7,28.6,0.11,2.9,17.2,45.0,25.0,20.0,0.1,1.8,15.5,11.1,33.3,16.7,0.12,2.7,17.2,15.0,15.0,35.0,0.14,3.2,12.1,7.1,14.3,0.0,0.14,3.9,24.5,76.0,8.0,4.0,0.13,2.5,15.7,31.2,25.0,12.5,0.14,2.8,12.7,15.4,30.8,23.1,0.14,2.3,17.6,33.3,16.7,33.3,0.16,3.1,13.7,14.3,28.6,0.0,0.16,3.5,15.7,6.2,18.8,12.5,0.15,3.4,24.8,73.3,16.7,3.3,0.16,2.6,15.7,26.3,31.6,21.1,0.13,2.5,13.2,37.5,18.8,12.5,0.15,2.9,15.7,21.1,15.8,31.6,0.17,2.8,14.9,22.2,33.3,16.7,0.13,3.2,15.7,15.8,21.1,31.6,0.14,2.8
20260912,18,11,1800,4831,A1,福岡,31.0,55.0,7.36,57.14,7.14,47.22,31,31.31,37,34.47,4852,A1,香川,31.0,52.0,7.05,55.38,6.54,44.44,53,38.24,29,30.24,5112,A1,埼玉,26.0,52.0,6.72,52.25,6.68,47.5,61,30.0,22,38.5,4445,A1,佐賀,39.0,55.0,7.26,48.45,7.11,33.33,50,37.5,66,32.18,4324,A1,山口,38.0,61.0,7.19,56.43,7.04,58.33,40,27.66,74,35.78,3959,A1,静岡,48.0,52.0,7.14,49.54,7.07,55.17,42,36.63,36,34.65,19.4,70.0,15.0,10.0,0.13,3.5,15.5,25.0,43.8,6.2,0.16,3.7,14.6,26.7,20.0,26.7,0.13,2.6,17.5,5.6,27.8,44.4,0.14,3.1,20.4,4.8,9.5,23.8,0.16,3.9,12.6,15.4,0.0,0.0,0.17,3.9,22.6,83.9,6.5,6.5,0.15,3.2,13.9,42.1,15.8,26.3,0.14,2.9,19.0,19.2,46.2,11.5,0.14,2.7,14.6,20.0,25.0,20.0,0.12,2.3,14.6,20.0,5.0,35.0,0.15,3.3,15.3,4.8,9.5,47.6,0.17,3.8,21.3,79.3,6.9,3.4,0.13,2.2,14.0,26.3,42.1,15.8,0.16,3.6,18.4,24.0,36.0,8.0,0.15,3.7,14.0,26.3,10.5,26.3,0.14,3.3,15.4,4.8,14.3,47.6,0.2,3.9,16.9,8.7,8.7,17.4,0.2,4.0,18.0,91.3,4.3,4.3,0.12,2.9,15.6,10.0,25.0,30.0,0.12,2.5,10.9,7.1,50.0,14.3,0.11,2.0,18.0,13.0,17.4,13.0,0.11,2.8,18.0,4.3,8.7,30.4,0.13,2.9,19.5,20.0,0.0,0.0,0.12,3.2,30.1,84.1,6.8,2.3,0.12,2.0,24.0,28.6,25.7,11.4,0.14,3.2,18.5,14.8,29.6,22.2,0.14,2.9,10.3,13.3,20.0,0.0,0.14,3.1,11.0,18.8,18.8,12.5,0.14,3.1,6.2,22.2,22.2,11.1,0.14,2.9,22.4,58.3,33.3,4.2,0.11,2.7,15.0,18.8,37.5,18.8,0.13,4.1,14.0,26.7,40.0,13.3,0.12,2.5,17.8,21.1,15.8,26.3,0.14,2.7,17.8,10.5,21.1,21.1,0.14,3.8,13.1,7.1,14.3,0.0,0.17,4.1
20260912,18,12,1800,3897,A1,山口,49.0,54.0,7.72,51.79,8.12,62.2,29,26.85,48,31.58,3960,A1,静岡,48.0,54.0,6.94,42.98,7.61,57.14,12,41.67,19,38.35,4586,A1,愛知,36.0,54.0,7.7,54.47,6.16,32.43,13,40.23,64,34.98,4444,A1,埼玉,39.0,51.0,7.29,40.66,5.67,11.11,33,51.0,67,40.7,4851,A1,群馬,31.0,51.0,7.63,49.11,8.44,66.67,39,30.53,58,35.12,4344,A1,三重,41.0,53.0,7.58,56.03,7.35,41.18,67,29.63,53,33.33,20.0,70.8,12.5,8.3,0.13,2.8,17.5,14.3,52.4,28.6,0.16,3.8,20.8,20.0,28.0,20.0,0.13,3.2,19.2,13.0,21.7,17.4,0.14,2.6,12.5,20.0,26.7,0.0,0.11,3.2,10.0,8.3,41.7,0.0,0.1,3.0,22.2,71.4,10.7,7.1,0.11,1.8,15.9,15.0,25.0,15.0,0.12,2.5,15.1,21.1,10.5,15.8,0.11,2.1,19.0,8.3,33.3,4.2,0.1,2.0,16.7,14.3,14.3,33.3,0.11,2.7,11.1,7.1,0.0,0.0,0.14,3.4,18.0,70.0,20.0,0.0,0.12,2.5,16.2,50.0,11.1,0.0,0.12,2.3,15.3,5.9,35.3,11.8,0.12,2.4,18.0,10.0,35.0,25.0,0.13,2.4,16.2,22.2,22.2,5.6,0.13,2.9,16.2,11.1,5.6,22.2,0.13,3.4,23.1,58.3,25.0,0.0,0.12,2.5,14.4,13.3,40.0,13.3,0.13,2.8,13.5,21.4,7.1,28.6,0.12,3.2,18.3,10.5,36.8,31.6,0.12,3.6,13.5,7.1,21.4,14.3,0.15,3.4,17.3,5.6,38.9,0.0,0.14,4.1,19.6,71.4,14.3,9.5,0.13,2.9,16.8,22.2,27.8,16.7,0.15,3.7,18.7,30.0,35.0,5.0,0.14,3.5,14.0,6.7,53.3,6.7,0.12,2.6,12.1,23.1,7.7,38.5,0.1,2.5,18.7,5.0,25.0,0.0,0.13,3.1,22.2,65.4,19.2,3.8,0.12,2.5,13.7,18.8,31.2,31.2,0.12,2.5,25.6,13.3,20.0,20.0,0.12,3.0,13.7,12.5,25.0,43.8,0.15,3.0,13.7,12.5,37.5,18.8,0.16,3.3,11.1,7.7,7.7,30.8,0.2,5.0
20260912,17,1,1800,5311,B1,山口,28.0,52.0,5.34,34.88,2.83,8.33,61,35.98,70,30.19,4332,B1,福岡,42.0,58.0,4.26,18.06,4.45,13.64,11,39.41,54,28.25,4650,B2,愛知,42.0,53.0,2.92,8.33,6.27,54.55,30,41.8,78,38.36,4969,B1,長崎,35.0,54.0,4.6,22.99,5.63,36.84,36,33.6,79,29.22,5452,B2,広島,20.0,53.0,1.16,0.0,1.18,0.0,19,34.82,27,35.21,5236,B1,広島,27.0,53.0,4.55,25.0,3.8,20.0,80,29.41,36,33.06,15.8,43.8,25.0,12.5,0.17,4.1,16.8,11.8,5.9,23.5,0.17,3.0,19.8,15.0,20.0,20.0,0.17,3.8,13.9,14.3,21.4,28.6,0.18,2.9,19.8,10.0,10.0,30.0,0.17,3.4,13.9,14.3,7.1,0.0,0.21,3.1,11.1,60.0,20.0,0.0,0.16,4.2,15.6,21.4,35.7,0.0,0.18,3.7,22.2,10.0,10.0,20.0,0.18,3.3,18.9,11.8,17.6,0.0,0.23,4.8,17.8,6.2,18.8,0.0,0.22,4.8,14.4,7.7,15.4,0.0,0.18,3.5,17.1,71.4,14.3,0.0,0.13,2.1,14.6,33.3,33.3,16.7,0.14,1.8,17.1,57.1,0.0,0.0,0.15,3.0,24.4,20.0,30.0,20.0,0.12,2.5,9.8,50.0,0.0,0.0,0.13,3.0,17.1,14.3,14.3,0.0,0.14,3.6,14.8,61.5,15.4,0.0,0.14,1.8,15.9,28.6,28.6,0.0,0.16,3.7,17.0,20.0,53.3,0.0,0.19,4.2,14.8,7.7,38.5,0.0,0.2,4.3,25.0,13.6,13.6,0.0,0.19,3.8,12.5,0.0,0.0,0.0,0.21,4.6,0.0,0.0,0.0,0.0,0.0,0.0,0.0,0.0,0.0,0.0,0.0,0.0,0.0,0.0,0.0,0.0,0.0,0.0,0.0,0.0,0.0,0.0,0.0,0.0,0.0,0.0,0.0,0.0,0.0,0.0,0.0,0.0,0.0,0.0,0.0,0.0,11.3,15.4,38.5,15.4,0.14,2.5,21.7,20.0,16.0,0.0,0.17,3.4,17.4,10.0,20.0,25.0,0.14,2.6,20.0,13.0,4.3,17.4,0.18,3.7,13.0,13.3,0.0,0.0,0.17,3.5,16.5,10.5,0.0,0.0,0.19,4.5
20260912,17,2,1800,4574,A2,広島,37.0,52.0,5.1,34.29,5.59,39.56,52,35.06,26,27.78,4023,B1,福岡,49.0,52.0,3.79,18.52,5.25,25.0,59,29.91,22,33.07,4201,B1,埼玉,44.0,54.0,4.33,22.02,4.74,30.43,58,39.48,15,30.89,4952,B1,福岡,32.0,53.0,4.21,20.0,4.75,25.0,73,29.8,21,33.89,4732,A2,徳島,37.0,54.0,7.06,56.67,6.07,40.0,51,39.0,18,33.95,5384,B2,長崎,21.0,52.0,1.68,1.18,1.0,0.0,24,36.4,35,36.89,17.0,56.2,6.2,6.2,0.17,3.5,14.9,14.3,21.4,21.4,0.18,3.9,20.2,21.1,21.1,31.6,0.16,3.4,17.0,6.2,18.8,25.0,0.15,3.5,16.0,20.0,26.7,0.0,0.2,4.4,14.9,14.3,21.4,0.0,0.18,4.2,12.0,45.5,18.2,18.2,0.19,3.5,21.7,20.0,15.0,0.0,0.18,3.6,15.2,7.1,14.3,28.6,0.16,3.2,16.3,13.3,0.0,0.0,0.15,3.9,20.7,5.3,15.8,10.5,0.19,3.3,14.1,0.0,0.0,0.0,0.17,4.5,13.6,22.2,11.1,0.0,0.21,3.9,24.2,6.2,12.5,25.0,0.2,3.6,12.1,12.5,0.0,0.0,0.19,3.6,19.7,15.4,15.4,0.0,0.14,3.0,18.2,8.3,8.3,16.7,0.17,3.4,12.1,12.5,0.0,0.0,0.2,4.6,10.8,50.0,12.5,12.5,0.16,2.8,20.3,33.3,13.3,0.0,0.18,3.5,18.9,7.1,7.1,28.6,0.15,2.9,17.6,7.7,0.0,0.0,0.22,4.7,20.3,0.0,0.0,0.0,0.2,3.9,12.2,0.0,0.0,0.0,0.2,5.3,19.2,75.0,16.7,4.2,0.12,2.1,17.6,18.2,31.8,22.7,0.11,3.0,13.6,17.6,29.4,23.5,0.12,1.9,15.2,5.3,10.5,21.1,0.11,2.8,21.6,18.5,25.9,0.0,0.12,2.6,12.8,6.2,25.0,0.0,0.13,2.5,1.3,0.0,0.0,0.0,0.28,6.0,1.3,0.0,0.0,0.0,0.58,6.0,12.0,0.0,0.0,0.0,0.2,4.8,17.3,0.0,0.0,0.0,0.23,4.9,17.3,0.0,0.0,0.0,0.25,5.3,50.7,2.6,2.6,0.0,0.21,4.8
20260912,17,3,1800,3920,B1,広島,51.0,53.0,4.47,29.41,5.78,40.38,66,38.39,69,29.73,5036,B1,大阪,28.0,52.0,5.64,37.72,5.22,34.38,57,36.51,60,28.8,4428,A2,埼玉,40.0,53.0,6.04,39.25,7.16,56.25,34,35.68,73,34.17,3637,B1,愛知,55.0,55.0,3.62,15.49,2.53,5.88,18,33.62,75,31.43,4241,A2,長崎,41.0,53.0,5.8,35.64,5.85,35.0,65,40.8,50,29.35,5249,B1,徳島,24.0,52.0,4.91,27.03,3.32,9.09,62,28.51,68,34.29,20.2,40.0,35.0,10.0,0.18,3.8,32.3,6.2,15.6,12.5,0.18,3.5,26.3,7.7,19.2,26.9,0.18,3.2,20.2,5.0,10.0,30.0,0.15,2.7,1.0,0.0,0.0,0.0,0.14,3.0,0.0,0.0,0.0,0.0,0.0,0.0,12.6,46.7,13.3,0.0,0.18,3.8,16.8,5.0,40.0,5.0,0.18,3.6,21.8,15.4,23.1,3.8,0.19,3.3,17.6,19.0,9.5,9.5,0.13,2.7,17.6,33.3,14.3,0.0,0.18,4.0,13.4,18.8,6.2,18.8,0.2,4.2,18.8,90.9,4.5,4.5,0.12,2.1,16.2,10.5,31.6,21.1,0.14,3.0,17.1,5.0,35.0,15.0,0.15,2.4,14.5,11.8,23.5,5.9,0.16,3.6,17.1,25.0,25.0,0.0,0.16,2.9,16.2,21.1,15.8,0.0,0.14,3.1,15.4,28.6,21.4,21.4,0.15,3.0,18.7,5.9,17.6,17.6,0.21,4.5,19.8,5.6,33.3,11.1,0.18,4.0,17.6,6.2,25.0,12.5,0.19,3.5,15.4,7.1,0.0,0.0,0.19,3.6,13.2,16.7,0.0,0.0,0.18,4.3,16.3,50.0,27.3,13.6,0.14,2.7,16.3,4.5,40.9,13.6,0.17,3.5,20.7,10.7,39.3,25.0,0.16,2.8,15.6,4.8,14.3,28.6,0.17,4.0,17.8,8.3,12.5,29.2,0.17,3.8,13.3,11.1,33.3,0.0,0.24,4.5,17.9,42.1,15.8,21.1,0.17,3.1,17.0,11.1,27.8,33.3,0.13,2.9,14.2,33.3,20.0,13.3,0.17,2.9,15.1,12.5,25.0,0.0,0.17,2.8,15.1,6.2,6.2,18.8,0.15,2.8,20.8,9.1,4.5,9.1,0.18,3.4
20260912,17,4,1800,5041,B1,福岡,27.0,51.0,4.88,29.17,5.92,37.5,21,40.82,77,35.15,3868,B1,東京,51.0,56.0,4.55,22.62,0.0,0.0,29,31.39,25,36.04,4406,B1,福岡,41.0,53.0,4.21,18.63,4.78,27.59,23,32.61,29,43.37,4593,A2,大阪,45.0,52.0,5.97,36.45,5.92,38.98,54,35.8,14,28.64,3503,B1,埼玉,56.0,51.0,3.55,16.3,4.47,21.05,20,29.46,65,32.26,4601,A1,山口,41.0,56.0,7.05,58.18,6.61,41.07,25,37.25,53,31.89,13.5,30.0,30.0,0.0,0.17,3.8,14.9,9.1,9.1,9.1,0.2,3.3,16.2,25.0,25.0,33.3,0.19,4.8,16.2,25.0,16.7,0.0,0.18,3.3,17.6,7.7,23.1,0.0,0.19,3.9,21.6,6.2,12.5,0.0,0.22,4.8,14.0,53.3,20.0,6.7,0.18,2.9,19.6,9.5,14.3,28.6,0.2,3.9,15.9,23.5,11.8,0.0,0.18,3.1,17.8,5.3,15.8,26.3,0.24,4.5,17.8,15.8,5.3,0.0,0.21,4.5,15.0,6.2,18.8,0.0,0.22,4.3,13.9,46.7,20.0,6.7,0.16,3.9,12.0,30.8,7.7,15.4,0.16,2.8,16.7,16.7,11.1,11.1,0.15,3.2,16.7,16.7,16.7,0.0,0.14,3.3,15.7,11.8,29.4,0.0,0.18,3.7,25.0,3.7,11.1,0.0,0.16,3.1,18.5,52.0,16.0,16.0,0.16,3.1,17.0,21.7,30.4,26.1,0.15,3.4,15.6,14.3,14.3,33.3,0.18,3.9,16.3,9.1,18.2,18.2,0.17,3.7,21.5,13.8,44.8,0.0,0.17,3.6,11.1,13.3,26.7,0.0,0.18,4.1,14.4,23.1,30.8,7.7,0.14,2.6,20.0,16.7,22.2,0.0,0.17,3.2,15.6,7.1,7.1,21.4,0.18,3.4,21.1,5.3,10.5,15.8,0.14,2.8,15.6,14.3,0.0,0.0,0.18,3.3,13.3,0.0,0.0,0.0,0.17,3.7,21.5,79.3,17.2,0.0,0.14,2.1,17.8,16.7,50.0,12.5,0.11,2.4,15.6,19.0,28.6,19.0,0.12,2.4,17.0,8.7,34.8,21.7,0.13,2.3,14.1,5.3,5.3,26.3,0.13,2.6,14.1,10.5,10.5,10.5,0.15,3.4
20260912,17,5,1800,4514,A1,大阪,36.0,53.0,6.59,54.69,6.46,48.72,17,38.84,57,35.78,3662,B1,福岡,56.0,57.0,4.96,33.33,6.7,60.0,79,36.68,56,34.94,4461,B1,三重,40.0,58.0,4.51,22.58,4.0,8.33,78,29.58,24,33.48,3684,A2,山口,52.0,52.0,5.56,34.62,6.38,50.0,38,47.41,71,32.79,5450,B2,大阪,23.0,52.0,2.06,2.08,0.0,0.0,37,43.04,58,36.36,4302,A1,広島,43.0,52.0,6.6,53.27,6.45,45.2,67,31.97,34,29.78,23.1,74.2,12.9,6.5,0.16,3.2,17.9,20.8,29.2,4.2,0.2,4.3,17.9,33.3,25.0,20.8,0.19,3.6,16.4,18.2,22.7,36.4,0.21,4.1,11.2,26.7,13.3,0.0,0.19,3.9,13.4,11.1,33.3,0.0,0.2,4.5,17.2,52.4,28.6,4.8,0.17,3.3,18.0,9.1,22.7,13.6,0.16,3.5,13.9,29.4,23.5,23.5,0.14,3.0,13.9,5.9,11.8,5.9,0.17,3.5,13.9,17.6,17.6,17.6,0.16,2.9,23.0,3.6,10.7,21.4,0.17,3.7,14.6,14.3,14.3,14.3,0.18,3.6,16.7,25.0,37.5,0.0,0.18,3.6,19.8,15.8,5.3,36.8,0.15,3.1,16.7,12.5,6.2,31.2,0.17,3.3,16.7,6.2,25.0,0.0,0.18,3.4,15.6,13.3,0.0,0.0,0.17,4.1,18.4,42.1,36.8,15.8,0.14,2.2,16.5,23.5,17.6,29.4,0.16,3.5,17.5,5.6,33.3,22.2,0.16,3.4,18.4,10.5,47.4,10.5,0.17,3.8,14.6,6.7,20.0,13.3,0.21,4.4,14.6,6.7,0.0,0.0,0.25,5.8,0.0,0.0,0.0,0.0,0.0,0.0,0.0,0.0,0.0,0.0,0.0,0.0,0.0,0.0,0.0,0.0,0.0,0.0,0.0,0.0,0.0,0.0,0.0,0.0,0.0,0.0,0.0,0.0,0.0,0.0,0.0,0.0,0.0,0.0,0.0,0.0,24.0,77.4,6.5,6.5,0.16,2.6,27.9,25.0,33.3,11.1,0.14,2.6,22.5,10.3,41.4,17.2,0.15,2.7,11.6,13.3,26.7,20.0,0.15,2.5,13.2,17.6,17.6,11.8,0.15,2.2,0.8,0.0,0.0,0.0,0.11,5.0
20260912,17,6,1800,4832,A1,大阪,39.0,51.0,6.72,48.36,7.6,60.0,33,33.33,37,38.96,4158,B1,山口,45.0,58.0,4.39,21.05,4.31,22.39,63,33.19,55,27.59,3748,B1,埼玉,51.0,58.0,3.97,13.24,5.78,33.33,72,47.72,63,35.32,4808,A2,三重,38.0,50.0,6.4,46.85,5.17,30.56,53,32.61,80,29.13,4332,B1,福岡,42.0,58.0,4.26,18.06,4.45,13.64,11,39.41,54,28.25,3556,A1,大阪,53.0,55.0,6.76,52.29,7.5,64.71,60,37.85,39,33.33,20.6,79.3,13.8,3.4,0.13,2.5,17.7,32.0,20.0,12.0,0.14,2.6,16.3,17.4,26.1,26.1,0.14,2.9,14.9,23.8,33.3,23.8,0.14,2.3,17.0,16.7,33.3,0.0,0.14,3.4,13.5,15.8,31.6,0.0,0.16,4.3,14.6,69.2,7.7,7.7,0.14,2.0,18.0,37.5,25.0,0.0,0.19,3.8,18.0,25.0,25.0,0.0,0.18,3.9,14.6,7.7,7.7,30.8,0.18,3.7,18.0,12.5,6.2,6.2,0.15,3.1,16.9,6.7,6.7,20.0,0.16,3.3,11.5,25.0,25.0,25.0,0.13,1.9,22.1,4.3,21.7,26.1,0.16,3.5,19.2,5.0,15.0,30.0,0.18,3.3,11.5,8.3,0.0,0.0,0.15,3.1,21.2,9.1,13.6,0.0,0.15,3.5,14.4,6.7,6.7,0.0,0.19,4.1,19.0,73.7,5.3,5.3,0.15,2.6,18.0,11.1,22.2,27.8,0.15,3.5,13.0,23.1,15.4,23.1,0.16,3.2,19.0,5.3,5.3,21.1,0.16,3.9,13.0,15.4,30.8,0.0,0.17,4.3,18.0,5.6,16.7,0.0,0.2,4.4,11.1,60.0,20.0,0.0,0.16,4.2,15.6,21.4,35.7,0.0,0.18,3.7,22.2,10.0,10.0,20.0,0.18,3.3,18.9,11.8,17.6,0.0,0.23,4.8,17.8,6.2,18.8,0.0,0.22,4.8,14.4,7.7,15.4,0.0,0.18,3.5,24.8,64.3,17.9,17.9,0.14,2.8,12.4,7.1,50.0,21.4,0.13,3.1,16.8,31.6,31.6,10.5,0.13,2.5,14.2,12.5,18.8,25.0,0.15,3.4,16.8,10.5,15.8,26.3,0.15,2.6,15.0,11.8,11.8,0.0,0.13,3.4
20260912,17,7,1800,4969,B1,長崎,35.0,54.0,4.6,22.99,5.63,36.84,36,33.6,79,29.22,3265,A2,福岡,61.0,52.0,5.98,44.05,6.8,53.52,39,32.49,76,35.37,4231,B1,愛知,43.0,56.0,5.4,33.91,5.34,34.21,82,32.02,61,34.35,5384,B2,長崎,21.0,52.0,1.68,1.18,1.0,0.0,24,36.4,35,36.89,4134,A2,東京,46.0,54.0,5.69,40.18,5.65,32.5,16,34.09,32,33.74,5036,B1,大阪,28.0,52.0,5.64,37.72,5.22,34.38,57,36.51,60,28.8,14.8,61.5,15.4,0.0,0.14,1.8,15.9,28.6,28.6,0.0,0.16,3.7,17.0,20.0,53.3,0.0,0.19,4.2,14.8,7.7,38.5,0.0,0.2,4.3,25.0,13.6,13.6,0.0,0.19,3.8,12.5,0.0,0.0,0.0,0.21,4.6,32.6,46.4,14.3,17.9,0.16,2.9,67.4,12.1,24.1,15.5,0.14,3.3,0.0,0.0,0.0,0.0,0.0,0.0,0.0,0.0,0.0,0.0,0.0,0.0,0.0,0.0,0.0,0.0,0.0,0.0,0.0,0.0,0.0,0.0,0.0,0.0,19.5,34.6,23.1,19.2,0.17,3.3,17.3,26.1,21.7,21.7,0.18,3.6,16.5,13.6,9.1,31.8,0.16,3.4,17.3,17.4,4.3,13.0,0.16,3.6,17.3,8.7,30.4,0.0,0.18,3.7,12.0,6.2,25.0,0.0,0.2,3.4,1.3,0.0,0.0,0.0,0.28,6.0,1.3,0.0,0.0,0.0,0.58,6.0,12.0,0.0,0.0,0.0,0.2,4.8,17.3,0.0,0.0,0.0,0.23,4.9,17.3,0.0,0.0,0.0,0.25,5.3,50.7,2.6,2.6,0.0,0.21,4.8,19.3,54.5,18.2,4.5,0.13,2.5,14.9,5.9,23.5,35.3,0.16,3.6,17.5,30.0,30.0,10.0,0.16,2.9,19.3,9.1,27.3,22.7,0.15,3.5,15.8,5.6,27.8,11.1,0.15,3.4,13.2,20.0,26.7,0.0,0.2,4.7,12.6,46.7,13.3,0.0,0.18,3.8,16.8,5.0,40.0,5.0,0.18,3.6,21.8,15.4,23.1,3.8,0.19,3.3,17.6,19.0,9.5,9.5,0.13,2.7,17.6,33.3,14.3,0.0,0.18,4.0,13.4,18.8,6.2,18.8,0.2,4.2
20260912,17,8,1800,3333,A1,徳島,58.0,53.0,6.5,48.21,7.0,54.55,27,30.77,81,31.18,4201,B1,埼玉,44.0,54.0,4.33,22.02,4.74,30.43,58,39.48,15,30.89,4839,A2,徳島,36.0,53.0,6.21,46.28,6.16,48.39,15,35.27,17,40.64,4637,A2,埼玉,36.0,57.0,5.77,40.63,5.8,45.0,70,32.11,66,34.62,4406,B1,福岡,41.0,53.0,4.21,18.63,4.78,27.59,23,32.61,29,43.37,5452,B2,広島,20.0,53.0,1.16,0.0,1.18,0.0,19,34.82,27,35.21,23.1,70.0,16.7,0.0,0.12,2.1,13.1,17.6,23.5,17.6,0.15,3.6,14.6,15.8,42.1,15.8,0.16,2.6,20.0,11.5,19.2,15.4,0.16,3.2,18.5,8.3,12.5,29.2,0.17,3.1,10.8,14.3,28.6,0.0,0.16,3.1,13.6,22.2,11.1,0.0,0.21,3.9,24.2,6.2,12.5,25.0,0.2,3.6,12.1,12.5,0.0,0.0,0.19,3.6,19.7,15.4,15.4,0.0,0.14,3.0,18.2,8.3,8.3,16.7,0.17,3.4,12.1,12.5,0.0,0.0,0.2,4.6,20.0,50.0,15.0,0.0,0.13,2.7,19.0,26.3,26.3,21.1,0.13,2.4,15.0,13.3,33.3,13.3,0.16,3.0,15.0,6.7,26.7,26.7,0.15,2.6,18.0,11.1,27.8,0.0,0.19,3.7,13.0,7.7,30.8,0.0,0.14,3.7,17.8,66.7,16.7,5.6,0.16,3.2,16.8,5.9,29.4,11.8,0.2,4.6,11.9,50.0,8.3,0.0,0.2,4.1,19.8,25.0,15.0,20.0,0.16,3.3,19.8,5.0,5.0,25.0,0.18,3.9,13.9,14.3,14.3,0.0,0.18,4.4,13.9,46.7,20.0,6.7,0.16,3.9,12.0,30.8,7.7,15.4,0.16,2.8,16.7,16.7,11.1,11.1,0.15,3.2,16.7,16.7,16.7,0.0,0.14,3.3,15.7,11.8,29.4,0.0,0.18,3.7,25.0,3.7,11.1,0.0,0.16,3.1,0.0,0.0,0.0,0.0,0.0,0.0,0.0,0.0,0.0,0.0,0.0,0.0,0.0,0.0,0.0,0.0,0.0,0.0,0.0,0.0,0.0,0.0,0.0,0.0,0.0,0.0,0.0,0.0,0.0,0.0,0.0,0.0,0.0,0.0,0.0,0.0
20260912,17,9,1800,4952,B1,福岡,32.0,53.0,4.21,20.0,4.75,25.0,73,29.8,21,33.89,5249,B1,徳島,24.0,52.0,4.91,27.03,3.32,9.09,62,28.51,68,34.29,5035,A2,埼玉,28.0,53.0,5.45,36.79,0.0,0.0,13,27.5,51,37.21,4570,A1,愛知,38.0,57.0,6.07,37.78,6.17,35.42,55,36.29,33,26.45,4461,B1,三重,40.0,58.0,4.51,22.58,4.0,8.33,78,29.58,24,33.48,5450,B2,大阪,23.0,52.0,2.06,2.08,0.0,0.0,37,43.04,58,36.36,10.8,50.0,12.5,12.5,0.16,2.8,20.3,33.3,13.3,0.0,0.18,3.5,18.9,7.1,7.1,28.6,0.15,2.9,17.6,7.7,0.0,0.0,0.22,4.7,20.3,0.0,0.0,0.0,0.2,3.9,12.2,0.0,0.0,0.0,0.2,5.3,17.9,42.1,15.8,21.1,0.17,3.1,17.0,11.1,27.8,33.3,0.13,2.9,14.2,33.3,20.0,13.3,0.17,2.9,15.1,12.5,25.0,0.0,0.17,2.8,15.1,6.2,6.2,18.8,0.15,2.8,20.8,9.1,4.5,9.1,0.18,3.4,13.0,46.2,15.4,23.1,0.17,3.7,18.0,16.7,33.3,16.7,0.18,4.1,18.0,22.2,11.1,22.2,0.17,2.8,19.0,5.3,26.3,15.8,0.15,2.8,18.0,11.1,22.2,22.2,0.17,3.0,14.0,7.1,14.3,0.0,0.17,4.2,20.2,45.5,18.2,18.2,0.15,3.5,17.4,21.1,47.4,5.3,0.17,3.4,15.6,17.6,17.6,35.3,0.13,2.6,13.8,13.3,33.3,33.3,0.16,3.3,17.4,15.8,26.3,15.8,0.16,3.2,15.6,5.9,5.9,23.5,0.18,4.0,14.6,14.3,14.3,14.3,0.18,3.6,16.7,25.0,37.5,0.0,0.18,3.6,19.8,15.8,5.3,36.8,0.15,3.1,16.7,12.5,6.2,31.2,0.17,3.3,16.7,6.2,25.0,0.0,0.18,3.4,15.6,13.3,0.0,0.0,0.17,4.1,0.0,0.0,0.0,0.0,0.0,0.0,0.0,0.0,0.0,0.0,0.0,0.0,0.0,0.0,0.0,0.0,0.0,0.0,0.0,0.0,0.0,0.0,0.0,0.0,0.0,0.0,0.0,0.0,0.0,0.0,0.0,0.0,0.0,0.0,0.0,0.0
20260912,17,10,1800,4601,A1,山口,41.0,56.0,7.05,58.18,6.61,41.07,25,37.25,53,31.89,4574,A2,広島,37.0,52.0,5.1,34.29,5.59,39.56,52,35.06,26,27.78,5311,B1,山口,28.0,52.0,5.34,34.88,2.83,8.33,61,35.98,70,30.19,4650,B2,愛知,42.0,53.0,2.92,8.33,6.27,54.55,30,41.8,78,38.36,3662,B1,福岡,56.0,57.0,4.96,33.33,6.7,60.0,79,36.68,56,34.94,4514,A1,大阪,36.0,53.0,6.59,54.69,6.46,48.72,17,38.84,57,35.78,21.5,79.3,17.2,0.0,0.14,2.1,17.8,16.7,50.0,12.5,0.11,2.4,15.6,19.0,28.6,19.0,0.12,2.4,17.0,8.7,34.8,21.7,0.13,2.3,14.1,5.3,5.3,26.3,0.13,2.6,14.1,10.5,10.5,10.5,0.15,3.4,17.0,56.2,6.2,6.2,0.17,3.5,14.9,14.3,21.4,21.4,0.18,3.9,20.2,21.1,21.1,31.6,0.16,3.4,17.0,6.2,18.8,25.0,0.15,3.5,16.0,20.0,26.7,0.0,0.2,4.4,14.9,14.3,21.4,0.0,0.18,4.2,15.8,43.8,25.0,12.5,0.17,4.1,16.8,11.8,5.9,23.5,0.17,3.0,19.8,15.0,20.0,20.0,0.17,3.8,13.9,14.3,21.4,28.6,0.18,2.9,19.8,10.0,10.0,30.0,0.17,3.4,13.9,14.3,7.1,0.0,0.21,3.1,17.1,71.4,14.3,0.0,0.13,2.1,14.6,33.3,33.3,16.7,0.14,1.8,17.1,57.1,0.0,0.0,0.15,3.0,24.4,20.0,30.0,20.0,0.12,2.5,9.8,50.0,0.0,0.0,0.13,3.0,17.1,14.3,14.3,0.0,0.14,3.6,17.2,52.4,28.6,4.8,0.17,3.3,18.0,9.1,22.7,13.6,0.16,3.5,13.9,29.4,23.5,23.5,0.14,3.0,13.9,5.9,11.8,5.9,0.17,3.5,13.9,17.6,17.6,17.6,0.16,2.9,23.0,3.6,10.7,21.4,0.17,3.7,23.1,74.2,12.9,6.5,0.16,3.2,17.9,20.8,29.2,4.2,0.2,4.3,17.9,33.3,25.0,20.8,0.19,3.6,16.4,18.2,22.7,36.4,0.21,4.1,11.2,26.7,13.3,0.0,0.19,3.9,13.4,11.1,33.3,0.0,0.2,4.5
20260912,17,11,1800,4302,A1,広島,43.0,52.0,6.6,53.27,6.45,45.2,67,31.97,34,29.78,4832,A1,大阪,39.0,51.0,6.72,48.36,7.6,60.0,33,33.33,37,38.96,4808,A2,三重,38.0,50.0,6.4,46.85,5.17,30.56,53,32.61,80,29.13,4428,A2,埼玉,40.0,53.0,6.04,39.25,7.16,56.25,34,35.68,73,34.17,5041,B1,福岡,27.0,51.0,4.88,29.17,5.92,37.5,21,40.82,77,35.15,3265,A2,福岡,61.0,52.0,5.98,44.05,6.8,53.52,39,32.49,76,35.37,24.0,77.4,6.5,6.5,0.16,2.6,27.9,25.0,33.3,11.1,0.14,2.6,22.5,10.3,41.4,17.2,0.15,2.7,11.6,13.3,26.7,20.0,0.15,2.5,13.2,17.6,17.6,11.8,0.15,2.2,0.8,0.0,0.0,0.0,0.11,5.0,20.6,79.3,13.8,3.4,0.13,2.5,17.7,32.0,20.0,12.0,0.14,2.6,16.3,17.4,26.1,26.1,0.14,2.9,14.9,23.8,33.3,23.8,0.14,2.3,17.0,16.7,33.3,0.0,0.14,3.4,13.5,15.8,31.6,0.0,0.16,4.3,19.0,73.7,5.3,5.3,0.15,2.6,18.0,11.1,22.2,27.8,0.15,3.5,13.0,23.1,15.4,23.1,0.16,3.2,19.0,5.3,5.3,21.1,0.16,3.9,13.0,15.4,30.8,0.0,0.17,4.3,18.0,5.6,16.7,0.0,0.2,4.4,18.8,90.9,4.5,4.5,0.12,2.1,16.2,10.5,31.6,21.1,0.14,3.0,17.1,5.0,35.0,15.0,0.15,2.4,14.5,11.8,23.5,5.9,0.16,3.6,17.1,25.0,25.0,0.0,0.16,2.9,16.2,21.1,15.8,0.0,0.14,3.1,13.5,30.0,30.0,0.0,0.17,3.8,14.9,9.1,9.1,9.1,0.2,3.3,16.2,25.0,25.0,33.3,0.19,4.8,16.2,25.0,16.7,0.0,0.18,3.3,17.6,7.7,23.1,0.0,0.19,3.9,21.6,6.2,12.5,0.0,0.22,4.8,32.6,46.4,14.3,17.9,0.16,2.9,67.4,12.1,24.1,15.5,0.14,3.3,0.0,0.0,0.0,0.0,0.0,0.0,0.0,0.0,0.0,0.0,0.0,0.0,0.0,0.0,0.0,0.0,0.0,0.0,0.0,0.0,0.0,0.0,0.0,0.0
20260912,17,12,1800,3556,A1,大阪,53.0,55.0,6.76,52.29,7.5,64.71,60,37.85,39,33.33,4732,A2,徳島,37.0,54.0,7.06,56.67,6.07,40.0,51,39.0,18,33.95,4593,A2,大阪,45.0,52.0,5.97,36.45,5.92,38.98,54,35.8,14,28.64,4231,B1,愛知,43.0,56.0,5.4,33.91,5.34,34.21,82,32.02,61,34.35,3920,B1,広島,51.0,53.0,4.47,29.41,5.78,40.38,66,38.39,69,29.73,3333,A1,徳島,58.0,53.0,6.5,48.21,7.0,54.55,27,30.77,81,31.18,24.8,64.3,17.9,17.9,0.14,2.8,12.4,7.1,50.0,21.4,0.13,3.1,16.8,31.6,31.6,10.5,0.13,2.5,14.2,12.5,18.8,25.0,0.15,3.4,16.8,10.5,15.8,26.3,0.15,2.6,15.0,11.8,11.8,0.0,0.13,3.4,19.2,75.0,16.7,4.2,0.12,2.1,17.6,18.2,31.8,22.7,0.11,3.0,13.6,17.6,29.4,23.5,0.12,1.9,15.2,5.3,10.5,21.1,0.11,2.8,21.6,18.5,25.9,0.0,0.12,2.6,12.8,6.2,25.0,0.0,0.13,2.5,18.5,52.0,16.0,16.0,0.16,3.1,17.0,21.7,30.4,26.1,0.15,3.4,15.6,14.3,14.3,33.3,0.18,3.9,16.3,9.1,18.2,18.2,0.17,3.7,21.5,13.8,44.8,0.0,0.17,3.6,11.1,13.3,26.7,0.0,0.18,4.1,19.5,34.6,23.1,19.2,0.17,3.3,17.3,26.1,21.7,21.7,0.18,3.6,16.5,13.6,9.1,31.8,0.16,3.4,17.3,17.4,4.3,13.0,0.16,3.6,17.3,8.7,30.4,0.0,0.18,3.7,12.0,6.2,25.0,0.0,0.2,3.4,20.2,40.0,35.0,10.0,0.18,3.8,32.3,6.2,15.6,12.5,0.18,3.5,26.3,7.7,19.2,26.9,0.18,3.2,20.2,5.0,10.0,30.0,0.15,2.7,1.0,0.0,0.0,0.0,0.14,3.0,0.0,0.0,0.0,0.0,0.0,0.0,23.1,70.0,16.7,0.0,0.12,2.1,13.1,17.6,23.5,17.6,0.15,3.6,14.6,15.8,42.1,15.8,0.16,2.6,20.0,11.5,19.2,15.4,0.16,3.2,18.5,8.3,12.5,29.2,0.17,3.1,10.8,14.3,28.6,0.0,0.16,3.1
20260912,16,1,1800,3988,A2,愛知,48.0,56.0,6.2,38.52,5.73,45.45,61,35.18,52,32.42,5292,B1,東京,24.0,56.0,4.46,26.09,3.38,19.23,25,25.76,55,27.84,5265,B1,香川,26.0,46.0,3.77,16.3,3.65,17.39,27,35.45,21,27.84,5074,B1,愛知,30.0,56.0,4.23,22.54,4.86,21.43,38,35.12,38,42.78,5464,B2,福岡,19.0,50.0,1.24,0.0,0.0,0.0,65,36.1,16,23.46,3866,B1,岡山,51.0,54.0,4.44,27.85,3.14,16.0,40,25.0,42,35.48,21.5,73.1,15.4,3.8,0.14,2.3,12.4,13.3,20.0,20.0,0.15,3.5,19.8,20.8,20.8,16.7,0.16,2.5,14.0,5.9,29.4,5.9,0.14,3.0,18.2,9.1,13.6,22.7,0.15,3.3,14.0,23.5,0.0,0.0,0.16,3.2,12.1,36.4,9.1,18.2,0.13,3.1,19.8,5.6,11.1,0.0,0.29,4.4,22.0,5.0,20.0,30.0,0.21,3.9,16.5,13.3,0.0,0.0,0.24,4.8,16.5,6.7,6.7,0.0,0.23,4.6,13.2,8.3,0.0,0.0,0.24,4.7,10.4,36.4,18.2,0.0,0.15,2.8,20.8,4.5,27.3,0.0,0.15,3.4,17.0,5.6,5.6,16.7,0.14,3.2,18.9,15.0,10.0,15.0,0.13,3.0,17.0,5.6,11.1,0.0,0.18,3.8,16.0,0.0,0.0,0.0,0.17,3.4,15.6,60.0,13.3,0.0,0.14,2.9,15.6,6.7,26.7,0.0,0.2,3.8,13.5,15.4,38.5,0.0,0.19,3.7,15.6,6.7,6.7,20.0,0.19,3.9,18.8,27.8,27.8,0.0,0.18,3.5,20.8,10.0,5.0,0.0,0.2,3.9,0.0,0.0,0.0,0.0,0.0,0.0,0.0,0.0,0.0,0.0,0.0,0.0,0.0,0.0,0.0,0.0,0.0,0.0,0.0,0.0,0.0,0.0,0.0,0.0,0.0,0.0,0.0,0.0,0.0,0.0,0.0,0.0,0.0,0.0,0.0,0.0,15.4,43.8,25.0,6.2,0.13,1.9,14.4,20.0,26.7,20.0,0.11,2.3,22.1,4.3,26.1,30.4,0.12,2.1,17.3,5.6,16.7,16.7,0.11,2.0,20.2,14.3,19.0,0.0,0.16,2.6,10.6,9.1,9.1,0.0,0.17,3.7
20260912,16,2,1800,5109,B1,岡山,27.0,51.0,4.65,28.0,4.45,22.73,68,32.67,61,31.32,4449,B1,兵庫,39.0,51.0,3.95,21.84,4.38,25.0,63,32.2,69,31.91,5358,B2,福岡,21.0,49.0,2.83,7.58,0.0,0.0,41,35.12,47,31.35,5335,B1,長崎,21.0,46.0,3.1,13.24,1.53,5.88,20,49.5,45,37.5,5286,B1,福岡,27.0,50.0,4.67,25.25,4.68,21.05,52,28.43,39,38.46,5423,B2,徳島,24.0,50.0,1.22,0.0,1.22,0.0,33,25.87,29,32.97,12.4,50.0,21.4,14.3,0.13,2.8,18.6,9.5,28.6,19.0,0.17,3.2,19.5,13.6,13.6,22.7,0.14,3.0,16.8,10.5,21.1,15.8,0.12,2.4,16.8,5.3,5.3,21.1,0.13,2.4,15.9,5.6,11.1,0.0,0.16,3.1,12.5,33.3,11.1,11.1,0.18,3.7,13.9,20.0,0.0,0.0,0.19,3.6,19.4,14.3,21.4,0.0,0.16,3.2,25.0,16.7,11.1,0.0,0.15,3.3,18.1,15.4,30.8,0.0,0.16,2.4,11.1,12.5,0.0,0.0,0.17,4.0,6.8,33.3,33.3,0.0,0.23,3.7,11.4,20.0,0.0,0.0,0.19,3.8,18.2,12.5,12.5,0.0,0.18,3.7,15.9,28.6,0.0,0.0,0.19,3.6,15.9,42.9,0.0,0.0,0.2,3.8,31.8,0.0,0.0,0.0,0.24,4.6,7.2,40.0,20.0,0.0,0.09,2.4,14.5,10.0,0.0,0.0,0.19,4.2,15.9,9.1,9.1,0.0,0.19,4.4,14.5,0.0,0.0,0.0,0.13,2.9,11.6,12.5,0.0,0.0,0.18,2.9,36.2,4.0,0.0,0.0,0.2,3.9,13.3,50.0,16.7,8.3,0.16,3.3,20.0,27.8,5.6,0.0,0.16,3.8,18.9,5.9,23.5,23.5,0.16,2.6,15.6,7.1,14.3,0.0,0.17,3.2,20.0,5.6,5.6,5.6,0.15,3.1,12.2,18.2,9.1,0.0,0.16,2.6,0.0,0.0,0.0,0.0,0.0,0.0,0.0,0.0,0.0,0.0,0.0,0.0,0.0,0.0,0.0,0.0,0.0,0.0,0.0,0.0,0.0,0.0,0.0,0.0,0.0,0.0,0.0,0.0,0.0,0.0,100.0,0.0,0.0,0.0,0.22,4.3
20260912,16,3,1800,4382,B1,滋賀,41.0,55.0,4.64,21.36,3.67,5.56,31,34.33,68,40.54,4067,A2,愛知,46.0,52.0,6.5,49.61,0.0,0.0,14,27.04,14,34.59,4499,B1,長崎,38.0,45.0,5.0,25.81,2.67,0.0,26,31.5,46,31.87,4410,B1,岡山,40.0,52.0,4.29,24.47,5.01,33.03,24,30.5,20,30.17,4754,A2,三重,38.0,51.0,6.44,44.0,0.0,0.0,32,25.52,25,29.44,4286,A2,東京,42.0,47.0,6.06,43.75,0.0,0.0,17,38.5,11,27.33,9.4,37.5,25.0,0.0,0.12,2.9,18.8,12.5,37.5,25.0,0.18,2.9,17.6,6.7,6.7,26.7,0.17,3.5,24.7,4.8,52.4,0.0,0.22,3.9,15.3,15.4,15.4,0.0,0.19,3.8,14.1,8.3,25.0,0.0,0.23,5.3,19.4,58.3,16.7,12.5,0.19,4.0,12.9,12.5,50.0,12.5,0.15,3.4,20.2,12.0,20.0,40.0,0.15,2.8,19.4,8.3,20.8,20.8,0.15,3.0,17.7,13.6,4.5,18.2,0.16,3.1,10.5,7.7,15.4,15.4,0.19,3.7,12.9,36.4,27.3,9.1,0.2,4.2,15.3,30.8,38.5,7.7,0.16,3.4,23.5,5.0,25.0,30.0,0.15,3.0,14.1,25.0,16.7,16.7,0.19,3.4,21.2,11.1,11.1,0.0,0.19,4.0,12.9,9.1,18.2,0.0,0.16,4.0,17.7,40.0,10.0,25.0,0.17,2.8,19.5,27.3,27.3,0.0,0.16,3.4,16.8,15.8,15.8,21.1,0.15,3.3,18.6,19.0,14.3,9.5,0.13,2.8,16.8,21.1,21.1,0.0,0.19,3.8,10.6,16.7,25.0,0.0,0.17,2.8,17.9,66.7,6.7,6.7,0.17,2.9,15.5,23.1,46.2,7.7,0.16,4.1,19.0,18.8,18.8,6.2,0.12,3.0,16.7,7.1,21.4,14.3,0.15,3.5,20.2,23.5,11.8,0.0,0.14,3.1,10.7,11.1,0.0,0.0,0.18,4.0,19.0,46.4,35.7,7.1,0.14,2.8,15.6,13.0,30.4,26.1,0.16,2.9,19.7,6.9,17.2,24.1,0.13,2.5,15.6,8.7,17.4,21.7,0.15,2.4,19.0,3.6,14.3,21.4,0.17,3.0,10.9,12.5,0.0,0.0,0.17,3.5
20260912,16,4,1800,4728,B1,東京,38.0,55.0,4.53,24.66,4.22,21.74,60,43.56,33,38.04,5338,B1,福岡,26.0,52.0,4.5,20.0,3.56,5.56,16,35.92,70,31.35,4072,A1,佐賀,45.0,53.0,7.34,58.82,7.6,70.0,21,37.86,58,38.59,4797,A1,三重,34.0,56.0,6.04,44.44,6.38,47.62,57,35.0,60,29.88,4924,B1,長崎,33.0,48.0,4.61,22.0,4.56,27.78,67,33.17,75,32.16,5047,B1,東京,32.0,53.0,6.11,39.8,5.48,34.78,15,26.84,59,32.09,15.4,50.0,14.3,0.0,0.16,2.5,15.4,14.3,35.7,0.0,0.18,3.6,19.8,5.6,27.8,5.6,0.16,3.1,17.6,25.0,18.8,0.0,0.19,4.1,17.6,18.8,18.8,0.0,0.17,3.3,14.3,0.0,0.0,0.0,0.22,4.6,6.4,28.6,14.3,0.0,0.19,3.6,6.4,57.1,14.3,0.0,0.11,2.9,6.4,42.9,14.3,28.6,0.15,2.3,29.1,3.1,12.5,12.5,0.15,3.0,25.5,7.1,17.9,0.0,0.16,3.1,26.4,3.4,13.8,0.0,0.18,3.9,22.0,85.0,5.0,0.0,0.13,2.5,15.4,28.6,21.4,7.1,0.12,2.0,14.3,46.2,23.1,15.4,0.13,1.9,18.7,11.8,23.5,17.6,0.12,2.8,14.3,7.7,46.2,7.7,0.14,2.8,15.4,14.3,14.3,0.0,0.15,3.0,15.1,85.7,7.1,7.1,0.14,2.9,16.1,26.7,40.0,13.3,0.09,1.3,18.3,35.3,17.6,17.6,0.13,2.6,15.1,28.6,28.6,21.4,0.1,2.1,15.1,42.9,35.7,0.0,0.15,2.6,20.4,15.8,21.1,0.0,0.14,3.1,12.9,23.1,7.7,7.7,0.18,3.5,17.8,5.6,27.8,11.1,0.15,2.7,18.8,5.3,10.5,36.8,0.15,2.8,19.8,10.0,20.0,0.0,0.17,2.9,17.8,16.7,0.0,0.0,0.19,3.6,12.9,7.7,0.0,0.0,0.18,4.2,16.5,38.5,15.4,7.7,0.17,2.9,16.5,7.7,15.4,23.1,0.13,2.2,17.7,14.3,21.4,28.6,0.17,2.9,15.2,25.0,0.0,0.0,0.2,4.0,17.7,7.1,7.1,28.6,0.18,3.5,16.5,15.4,0.0,0.0,0.18,3.9
20260912,16,5,1800,3284,B1,佐賀,58.0,54.0,5.71,36.71,4.0,10.53,64,33.17,15,40.0,5265,B1,香川,26.0,46.0,3.77,16.3,3.65,17.39,27,35.45,21,27.84,4446,A1,兵庫,39.0,53.0,6.79,47.78,6.75,35.0,18,30.39,62,33.51,5076,B1,静岡,30.0,55.0,4.95,32.69,3.41,13.64,22,35.96,56,32.62,5326,B1,香川,22.0,47.0,5.02,31.15,4.04,16.0,53,34.67,53,26.01,4789,A2,福岡,37.0,53.0,5.63,39.13,5.31,31.25,37,34.8,24,29.26,16.5,73.7,10.5,10.5,0.13,2.2,20.0,4.3,17.4,21.7,0.19,4.2,18.3,9.5,23.8,9.5,0.18,3.4,17.4,5.0,10.0,10.0,0.2,3.6,23.5,14.8,18.5,0.0,0.2,3.9,4.3,20.0,0.0,0.0,0.23,4.6,10.4,36.4,18.2,0.0,0.15,2.8,20.8,4.5,27.3,0.0,0.15,3.4,17.0,5.6,5.6,16.7,0.14,3.2,18.9,15.0,10.0,15.0,0.13,3.0,17.0,5.6,11.1,0.0,0.18,3.8,16.0,0.0,0.0,0.0,0.17,3.4,21.5,93.8,3.1,0.0,0.12,2.0,16.8,24.0,40.0,8.0,0.13,2.5,14.8,31.8,27.3,27.3,0.14,2.5,17.4,15.4,34.6,19.2,0.14,3.1,14.8,45.5,18.2,0.0,0.15,2.8,14.8,9.1,40.9,0.0,0.14,3.0,11.8,54.5,18.2,9.1,0.18,3.3,24.7,13.0,30.4,13.0,0.18,3.4,16.1,26.7,13.3,33.3,0.14,2.4,15.1,14.3,21.4,21.4,0.16,3.2,16.1,6.7,20.0,6.7,0.16,3.5,16.1,6.7,33.3,0.0,0.19,4.4,12.6,40.0,6.7,0.0,0.22,4.1,18.5,9.1,31.8,4.5,0.17,3.4,17.6,4.8,28.6,4.8,0.18,2.8,17.6,9.5,4.8,23.8,0.2,3.7,16.0,5.3,5.3,5.3,0.18,4.0,17.6,9.5,4.8,9.5,0.19,4.0,16.0,63.2,10.5,15.8,0.15,2.5,16.0,26.3,21.1,26.3,0.14,2.6,19.3,4.3,21.7,26.1,0.16,3.3,16.8,15.0,25.0,15.0,0.13,2.6,14.3,11.8,23.5,5.9,0.18,3.1,17.6,14.3,9.5,0.0,0.21,4.0
20260912,16,6,1800,4314,A2,福岡,42.0,51.0,5.88,39.76,4.35,11.76,58,33.33,40,31.52,4788,A2,大阪,37.0,55.0,5.4,31.19,6.02,41.94,56,36.36,49,47.25,4374,B1,広島,42.0,52.0,4.33,25.0,4.28,20.0,46,24.86,54,38.59,5292,B1,東京,24.0,56.0,4.46,26.09,3.38,19.23,25,25.76,55,27.84,5335,B1,長崎,21.0,46.0,3.1,13.24,1.53,5.88,20,49.5,45,37.5,4364,A1,福岡,41.0,55.0,6.15,43.48,7.61,62.75,50,39.5,66,32.95,19.4,60.0,25.0,10.0,0.17,2.4,17.5,11.1,33.3,22.2,0.17,3.1,17.5,16.7,5.6,27.8,0.18,3.4,15.5,6.2,12.5,31.2,0.14,2.3,16.5,11.8,17.6,0.0,0.13,2.6,13.6,14.3,14.3,0.0,0.18,4.1,18.9,54.2,16.7,12.5,0.15,3.1,19.7,8.0,36.0,16.0,0.15,3.4,15.0,10.5,26.3,26.3,0.14,2.8,18.9,12.5,16.7,25.0,0.18,3.0,18.9,8.3,16.7,58.3,0.15,3.1,8.7,9.1,27.3,0.0,0.19,4.2,12.4,36.4,18.2,27.3,0.17,2.8,20.2,5.6,33.3,16.7,0.13,2.8,21.3,5.3,26.3,21.1,0.17,2.7,13.5,8.3,25.0,16.7,0.13,2.3,24.7,18.2,0.0,0.0,0.13,3.6,7.9,14.3,0.0,0.0,0.21,4.9,12.1,36.4,9.1,18.2,0.13,3.1,19.8,5.6,11.1,0.0,0.29,4.4,22.0,5.0,20.0,30.0,0.21,3.9,16.5,13.3,0.0,0.0,0.24,4.8,16.5,6.7,6.7,0.0,0.23,4.6,13.2,8.3,0.0,0.0,0.24,4.7,7.2,40.0,20.0,0.0,0.09,2.4,14.5,10.0,0.0,0.0,0.19,4.2,15.9,9.1,9.1,0.0,0.19,4.4,14.5,0.0,0.0,0.0,0.13,2.9,11.6,12.5,0.0,0.0,0.18,2.9,36.2,4.0,0.0,0.0,0.2,3.9,20.0,75.0,16.7,4.2,0.11,2.3,16.7,20.0,25.0,15.0,0.14,2.6,15.0,11.1,33.3,16.7,0.13,2.9,18.3,27.3,9.1,22.7,0.14,2.1,17.5,19.0,9.5,14.3,0.12,2.2,12.5,6.7,13.3,13.3,0.15,4.0
20260912,16,7,1800,5299,A2,香川,24.0,53.0,6.07,44.55,5.24,36.73,62,38.86,37,22.02,4286,A2,東京,42.0,47.0,6.06,43.75,0.0,0.0,17,38.5,11,27.33,4343,B1,広島,41.0,54.0,4.19,15.79,5.03,36.36,54,31.77,13,29.67,5109,B1,岡山,27.0,51.0,4.65,28.0,4.45,22.73,68,32.67,61,31.32,5124,B1,佐賀,30.0,54.0,4.35,25.93,3.2,10.0,11,31.0,51,30.6,5464,B2,福岡,19.0,50.0,1.24,0.0,0.0,0.0,65,36.1,16,23.46,13.7,62.5,31.2,6.2,0.17,3.2,17.1,25.0,20.0,10.0,0.16,3.6,16.2,10.5,26.3,5.3,0.15,2.6,22.2,23.1,15.4,15.4,0.17,2.9,17.9,19.0,19.0,0.0,0.13,3.0,12.8,13.3,13.3,0.0,0.11,2.8,19.0,46.4,35.7,7.1,0.14,2.8,15.6,13.0,30.4,26.1,0.16,2.9,19.7,6.9,17.2,24.1,0.13,2.5,15.6,8.7,17.4,21.7,0.15,2.4,19.0,3.6,14.3,21.4,0.17,3.0,10.9,12.5,0.0,0.0,0.17,3.5,14.6,53.8,15.4,7.7,0.15,3.6,15.7,21.4,35.7,0.0,0.18,3.8,23.6,4.8,23.8,9.5,0.16,3.2,12.4,9.1,45.5,0.0,0.19,3.3,20.2,11.1,11.1,0.0,0.17,3.4,13.5,8.3,0.0,0.0,0.18,3.9,12.4,50.0,21.4,14.3,0.13,2.8,18.6,9.5,28.6,19.0,0.17,3.2,19.5,13.6,13.6,22.7,0.14,3.0,16.8,10.5,21.1,15.8,0.12,2.4,16.8,5.3,5.3,21.1,0.13,2.4,15.9,5.6,11.1,0.0,0.16,3.1,10.0,25.0,12.5,12.5,0.23,4.1,21.2,11.8,23.5,0.0,0.18,3.4,13.8,18.2,9.1,0.0,0.17,4.3,20.0,6.2,12.5,31.2,0.16,3.1,22.5,5.6,5.6,27.8,0.15,2.4,12.5,10.0,0.0,0.0,0.18,3.6,0.0,0.0,0.0,0.0,0.0,0.0,0.0,0.0,0.0,0.0,0.0,0.0,0.0,0.0,0.0,0.0,0.0,0.0,0.0,0.0,0.0,0.0,0.0,0.0,0.0,0.0,0.0,0.0,0.0,0.0,0.0,0.0,0.0,0.0,0.0,0.0
20260912,16,8,1800,4410,B1,岡山,40.0,52.0,4.29,24.47,5.01,33.03,24,30.5,20,30.17,5074,B1,愛知,30.0,56.0,4.23,22.54,4.86,21.43,38,35.12,38,42.78,4449,B1,兵庫,39.0,51.0,3.95,21.84,4.38,25.0,63,32.2,69,31.91,5358,B2,福岡,21.0,49.0,2.83,7.58,0.0,0.0,41,35.12,47,31.35,5338,B1,福岡,26.0,52.0,4.5,20.0,3.56,5.56,16,35.92,70,31.35,4499,B1,長崎,38.0,45.0,5.0,25.81,2.67,0.0,26,31.5,46,31.87,17.7,40.0,10.0,25.0,0.17,2.8,19.5,27.3,27.3,0.0,0.16,3.4,16.8,15.8,15.8,21.1,0.15,3.3,18.6,19.0,14.3,9.5,0.13,2.8,16.8,21.1,21.1,0.0,0.19,3.8,10.6,16.7,25.0,0.0,0.17,2.8,15.6,60.0,13.3,0.0,0.14,2.9,15.6,6.7,26.7,0.0,0.2,3.8,13.5,15.4,38.5,0.0,0.19,3.7,15.6,6.7,6.7,20.0,0.19,3.9,18.8,27.8,27.8,0.0,0.18,3.5,20.8,10.0,5.0,0.0,0.2,3.9,12.5,33.3,11.1,11.1,0.18,3.7,13.9,20.0,0.0,0.0,0.19,3.6,19.4,14.3,21.4,0.0,0.16,3.2,25.0,16.7,11.1,0.0,0.15,3.3,18.1,15.4,30.8,0.0,0.16,2.4,11.1,12.5,0.0,0.0,0.17,4.0,6.8,33.3,33.3,0.0,0.23,3.7,11.4,20.0,0.0,0.0,0.19,3.8,18.2,12.5,12.5,0.0,0.18,3.7,15.9,28.6,0.0,0.0,0.19,3.6,15.9,42.9,0.0,0.0,0.2,3.8,31.8,0.0,0.0,0.0,0.24,4.6,6.4,28.6,14.3,0.0,0.19,3.6,6.4,57.1,14.3,0.0,0.11,2.9,6.4,42.9,14.3,28.6,0.15,2.3,29.1,3.1,12.5,12.5,0.15,3.0,25.5,7.1,17.9,0.0,0.16,3.1,26.4,3.4,13.8,0.0,0.18,3.9,12.9,36.4,27.3,9.1,0.2,4.2,15.3,30.8,38.5,7.7,0.16,3.4,23.5,5.0,25.0,30.0,0.15,3.0,14.1,25.0,16.7,16.7,0.19,3.4,21.2,11.1,11.1,0.0,0.19,4.0,12.9,9.1,18.2,0.0,0.16,4.0
20260912,16,9,1800,4789,A2,福岡,37.0,53.0,5.63,39.13,5.31,31.25,37,34.8,24,29.26,5286,B1,福岡,27.0,50.0,4.67,25.25,4.68,21.05,52,28.43,39,38.46,3866,B1,岡山,51.0,54.0,4.44,27.85,3.14,16.0,40,25.0,42,35.48,4728,B1,東京,38.0,55.0,4.53,24.66,4.22,21.74,60,43.56,33,38.04,4797,A1,三重,34.0,56.0,6.04,44.44,6.38,47.62,57,35.0,60,29.88,4382,B1,滋賀,41.0,55.0,4.64,21.36,3.67,5.56,31,34.33,68,40.54,16.0,63.2,10.5,15.8,0.15,2.5,16.0,26.3,21.1,26.3,0.14,2.6,19.3,4.3,21.7,26.1,0.16,3.3,16.8,15.0,25.0,15.0,0.13,2.6,14.3,11.8,23.5,5.9,0.18,3.1,17.6,14.3,9.5,0.0,0.21,4.0,13.3,50.0,16.7,8.3,0.16,3.3,20.0,27.8,5.6,0.0,0.16,3.8,18.9,5.9,23.5,23.5,0.16,2.6,15.6,7.1,14.3,0.0,0.17,3.2,20.0,5.6,5.6,5.6,0.15,3.1,12.2,18.2,9.1,0.0,0.16,2.6,15.4,43.8,25.0,6.2,0.13,1.9,14.4,20.0,26.7,20.0,0.11,2.3,22.1,4.3,26.1,30.4,0.12,2.1,17.3,5.6,16.7,16.7,0.11,2.0,20.2,14.3,19.0,0.0,0.16,2.6,10.6,9.1,9.1,0.0,0.17,3.7,15.4,50.0,14.3,0.0,0.16,2.5,15.4,14.3,35.7,0.0,0.18,3.6,19.8,5.6,27.8,5.6,0.16,3.1,17.6,25.0,18.8,0.0,0.19,4.1,17.6,18.8,18.8,0.0,0.17,3.3,14.3,0.0,0.0,0.0,0.22,4.6,15.1,85.7,7.1,7.1,0.14,2.9,16.1,26.7,40.0,13.3,0.09,1.3,18.3,35.3,17.6,17.6,0.13,2.6,15.1,28.6,28.6,21.4,0.1,2.1,15.1,42.9,35.7,0.0,0.15,2.6,20.4,15.8,21.1,0.0,0.14,3.1,9.4,37.5,25.0,0.0,0.12,2.9,18.8,12.5,37.5,25.0,0.18,2.9,17.6,6.7,6.7,26.7,0.17,3.5,24.7,4.8,52.4,0.0,0.22,3.9,15.3,15.4,15.4,0.0,0.19,3.8,14.1,8.3,25.0,0.0,0.23,5.3
20260912,16,10,1800,4364,A1,福岡,41.0,55.0,6.15,43.48,7.61,62.75,50,39.5,66,32.95,3988,A2,愛知,48.0,56.0,6.2,38.52,5.73,45.45,61,35.18,52,32.42,4754,A2,三重,38.0,51.0,6.44,44.0,0.0,0.0,32,25.52,25,29.44,4072,A1,佐賀,45.0,53.0,7.34,58.82,7.6,70.0,21,37.86,58,38.59,4067,A2,愛知,46.0,52.0,6.5,49.61,0.0,0.0,14,27.04,14,34.59,3284,B1,佐賀,58.0,54.0,5.71,36.71,4.0,10.53,64,33.17,15,40.0,20.0,75.0,16.7,4.2,0.11,2.3,16.7,20.0,25.0,15.0,0.14,2.6,15.0,11.1,33.3,16.7,0.13,2.9,18.3,27.3,9.1,22.7,0.14,2.1,17.5,19.0,9.5,14.3,0.12,2.2,12.5,6.7,13.3,13.3,0.15,4.0,21.5,73.1,15.4,3.8,0.14,2.3,12.4,13.3,20.0,20.0,0.15,3.5,19.8,20.8,20.8,16.7,0.16,2.5,14.0,5.9,29.4,5.9,0.14,3.0,18.2,9.1,13.6,22.7,0.15,3.3,14.0,23.5,0.0,0.0,0.16,3.2,17.9,66.7,6.7,6.7,0.17,2.9,15.5,23.1,46.2,7.7,0.16,4.1,19.0,18.8,18.8,6.2,0.12,3.0,16.7,7.1,21.4,14.3,0.15,3.5,20.2,23.5,11.8,0.0,0.14,3.1,10.7,11.1,0.0,0.0,0.18,4.0,22.0,85.0,5.0,0.0,0.13,2.5,15.4,28.6,21.4,7.1,0.12,2.0,14.3,46.2,23.1,15.4,0.13,1.9,18.7,11.8,23.5,17.6,0.12,2.8,14.3,7.7,46.2,7.7,0.14,2.8,15.4,14.3,14.3,0.0,0.15,3.0,19.4,58.3,16.7,12.5,0.19,4.0,12.9,12.5,50.0,12.5,0.15,3.4,20.2,12.0,20.0,40.0,0.15,2.8,19.4,8.3,20.8,20.8,0.15,3.0,17.7,13.6,4.5,18.2,0.16,3.1,10.5,7.7,15.4,15.4,0.19,3.7,16.5,73.7,10.5,10.5,0.13,2.2,20.0,4.3,17.4,21.7,0.19,4.2,18.3,9.5,23.8,9.5,0.18,3.4,17.4,5.0,10.0,10.0,0.2,3.6,23.5,14.8,18.5,0.0,0.2,3.9,4.3,20.0,0.0,0.0,0.23,4.6
20260912,16,11,1800,5047,B1,東京,32.0,53.0,6.11,39.8,5.48,34.78,15,26.84,59,32.09,5299,A2,香川,24.0,53.0,6.07,44.55,5.24,36.73,62,38.86,37,22.02,5076,B1,静岡,30.0,55.0,4.95,32.69,3.41,13.64,22,35.96,56,32.62,4446,A1,兵庫,39.0,53.0,6.79,47.78,6.75,35.0,18,30.39,62,33.51,4788,A2,大阪,37.0,55.0,5.4,31.19,6.02,41.94,56,36.36,49,47.25,4314,A2,福岡,42.0,51.0,5.88,39.76,4.35,11.76,58,33.33,40,31.52,16.5,38.5,15.4,7.7,0.17,2.9,16.5,7.7,15.4,23.1,0.13,2.2,17.7,14.3,21.4,28.6,0.17,2.9,15.2,25.0,0.0,0.0,0.2,4.0,17.7,7.1,7.1,28.6,0.18,3.5,16.5,15.4,0.0,0.0,0.18,3.9,13.7,62.5,31.2,6.2,0.17,3.2,17.1,25.0,20.0,10.0,0.16,3.6,16.2,10.5,26.3,5.3,0.15,2.6,22.2,23.1,15.4,15.4,0.17,2.9,17.9,19.0,19.0,0.0,0.13,3.0,12.8,13.3,13.3,0.0,0.11,2.8,11.8,54.5,18.2,9.1,0.18,3.3,24.7,13.0,30.4,13.0,0.18,3.4,16.1,26.7,13.3,33.3,0.14,2.4,15.1,14.3,21.4,21.4,0.16,3.2,16.1,6.7,20.0,6.7,0.16,3.5,16.1,6.7,33.3,0.0,0.19,4.4,21.5,93.8,3.1,0.0,0.12,2.0,16.8,24.0,40.0,8.0,0.13,2.5,14.8,31.8,27.3,27.3,0.14,2.5,17.4,15.4,34.6,19.2,0.14,3.1,14.8,45.5,18.2,0.0,0.15,2.8,14.8,9.1,40.9,0.0,0.14,3.0,18.9,54.2,16.7,12.5,0.15,3.1,19.7,8.0,36.0,16.0,0.15,3.4,15.0,10.5,26.3,26.3,0.14,2.8,18.9,12.5,16.7,25.0,0.18,3.0,18.9,8.3,16.7,58.3,0.15,3.1,8.7,9.1,27.3,0.0,0.19,4.2,19.4,60.0,25.0,10.0,0.17,2.4,17.5,11.1,33.3,22.2,0.17,3.1,17.5,16.7,5.6,27.8,0.18,3.4,15.5,6.2,12.5,31.2,0.14,2.3,16.5,11.8,17.6,0.0,0.13,2.6,13.6,14.3,14.3,0.0,0.18,4.1
20260912,16,12,1800,4441,A2,岡山,40.0,54.0,5.63,33.33,6.34,43.84,66,33.83,36,34.59,4350,A1,福岡,40.0,54.0,8.09,66.67,8.75,85.0,28,32.45,28,24.71,4828,A1,滋賀,32.0,50.0,6.56,48.04,5.4,36.67,42,30.1,67,27.01,4030,A1,香川,48.0,50.0,6.76,37.84,6.59,34.48,48,21.93,22,30.94,4460,A2,東京,40.0,56.0,6.07,43.27,6.26,48.72,23,32.51,41,29.59,4436,A1,大阪,40.0,52.0,6.34,48.28,5.38,38.1,12,39.6,35,27.66,20.6,48.1,29.6,7.4,0.12,2.4,14.5,42.1,26.3,15.8,0.12,2.5,18.3,20.8,20.8,33.3,0.16,2.8,17.6,13.0,47.8,0.0,0.13,3.3,14.5,15.8,10.5,10.5,0.16,2.7,14.5,5.3,10.5,36.8,0.14,3.3,25.0,89.3,7.1,0.0,0.12,2.3,18.8,19.0,38.1,9.5,0.12,2.8,9.8,36.4,36.4,0.0,0.11,2.4,15.2,17.6,17.6,29.4,0.14,3.3,19.6,4.5,31.8,13.6,0.14,3.2,11.6,7.7,30.8,0.0,0.12,3.4,23.5,50.0,20.8,12.5,0.14,2.1,13.7,14.3,50.0,0.0,0.17,3.4,16.7,23.5,11.8,41.2,0.12,2.0,15.7,18.8,25.0,12.5,0.15,3.0,14.7,13.3,13.3,20.0,0.16,3.5,15.7,12.5,37.5,0.0,0.18,4.4,19.6,59.3,18.5,0.0,0.14,3.9,16.7,39.1,21.7,0.0,0.15,3.6,17.4,16.7,20.8,33.3,0.15,3.4,15.9,9.1,27.3,22.7,0.11,2.6,15.9,4.5,4.5,40.9,0.13,2.8,14.5,5.0,5.0,0.0,0.16,4.4,19.0,54.2,16.7,12.5,0.13,2.3,16.7,14.3,38.1,14.3,0.15,3.5,17.5,13.6,22.7,27.3,0.13,2.6,15.9,10.0,20.0,25.0,0.14,2.9,18.3,4.3,26.1,26.1,0.16,3.8,12.7,6.2,37.5,0.0,0.16,3.8,18.6,69.2,11.5,3.8,0.14,2.4,17.1,25.0,29.2,8.3,0.16,2.9,17.9,24.0,28.0,24.0,0.16,2.8,14.3,15.0,30.0,35.0,0.18,3.4,18.6,7.7,34.6,34.6,0.14,3.3,13.6,10.5,26.3,0.0,0.15,3.1
20260912,12,1,1800,3718,B1,静岡,51.0,56.0,4.44,23.6,0.0,0.0,79,39.18,57,32.97,3955,B2,徳島,49.0,51.0,4.75,29.33,5.54,26.92,75,31.82,59,48.78,4416,B1,広島,39.0,53.0,5.42,37.36,0.0,0.0,11,40.59,36,36.36,4401,A2,東京,41.0,53.0,5.85,40.66,7.08,58.33,15,29.17,19,22.92,5093,B2,福岡,24.0,56.0,3.16,11.11,5.28,36.0,31,21.84,85,32.22,5187,B2,福井,26.0,58.0,3.06,4.76,5.33,16.67,57,41.0,88,35.56,14.3,66.7,6.7,6.7,0.14,2.5,19.0,15.0,25.0,10.0,0.18,3.5,14.3,6.7,13.3,33.3,0.17,2.8,18.1,5.3,15.8,15.8,0.17,3.6,21.0,4.5,13.6,0.0,0.19,3.8,13.3,14.3,0.0,0.0,0.19,4.6,14.0,50.0,25.0,25.0,0.2,3.6,17.5,10.0,40.0,10.0,0.18,3.5,15.8,33.3,0.0,0.0,0.15,3.3,17.5,60.0,0.0,0.0,0.21,4.2,17.5,30.0,0.0,0.0,0.18,4.3,17.5,10.0,0.0,0.0,0.24,4.6,14.9,17.6,29.4,11.8,0.17,3.1,14.9,23.5,35.3,17.6,0.14,3.5,20.2,17.4,17.4,17.4,0.17,3.2,18.4,9.5,14.3,28.6,0.17,3.4,17.5,10.0,5.0,30.0,0.15,3.6,14.0,6.2,0.0,0.0,0.2,4.2,20.0,77.3,18.2,4.5,0.12,1.8,15.5,11.8,11.8,17.6,0.16,3.1,16.4,16.7,16.7,22.2,0.16,3.1,19.1,19.0,19.0,14.3,0.16,2.8,13.6,20.0,13.3,0.0,0.14,3.2,15.5,17.6,0.0,0.0,0.14,2.6,15.8,56.2,12.5,6.2,0.14,2.0,15.8,12.5,37.5,12.5,0.16,2.9,14.9,26.7,6.7,0.0,0.13,2.9,12.9,7.7,7.7,23.1,0.19,3.7,18.8,21.1,10.5,0.0,0.17,3.8,21.8,9.1,4.5,0.0,0.26,5.1,14.3,33.3,0.0,0.0,0.25,4.3,19.0,25.0,0.0,0.0,0.17,4.5,19.0,25.0,0.0,0.0,0.21,3.0,19.0,25.0,25.0,0.0,0.2,4.8,14.3,0.0,0.0,0.0,0.2,3.7,14.3,33.3,0.0,0.0,0.27,6.0
20260912,12,2,1800,4404,B1,兵庫,41.0,54.0,3.62,13.11,4.56,32.0,27,41.05,16,29.9,4047,B1,大阪,46.0,53.0,3.32,16.67,4.63,32.14,76,17.58,63,27.87,5110,B1,静岡,27.0,52.0,4.79,29.17,4.57,28.57,68,25.56,33,39.78,4875,B1,東京,32.0,50.0,5.47,36.46,5.91,45.45,20,44.33,87,33.72,4679,A2,福岡,37.0,59.0,6.2,47.46,6.7,51.85,81,29.89,84,24.14,3477,B1,徳島,56.0,53.0,3.86,13.92,3.44,22.22,53,35.05,52,30.11,11.2,36.4,9.1,9.1,0.21,4.6,18.4,11.1,16.7,27.8,0.18,3.9,20.4,10.0,10.0,25.0,0.21,4.3,15.3,6.7,33.3,0.0,0.2,4.1,17.3,11.8,5.9,0.0,0.19,3.7,17.3,0.0,0.0,0.0,0.19,4.1,14.3,53.8,30.8,15.4,0.13,2.8,18.7,5.9,35.3,0.0,0.16,3.1,19.8,5.6,11.1,22.2,0.18,3.3,15.4,7.1,14.3,7.1,0.2,4.1,13.2,8.3,8.3,0.0,0.19,3.4,18.7,5.9,0.0,0.0,0.21,4.7,15.5,37.5,25.0,6.2,0.14,2.7,14.6,13.3,13.3,20.0,0.18,3.4,22.3,30.4,8.7,17.4,0.16,3.3,18.4,10.5,31.6,0.0,0.14,3.2,13.6,7.1,7.1,28.6,0.14,2.5,15.5,6.2,6.2,31.2,0.16,3.2,16.3,33.3,20.0,20.0,0.18,2.6,14.1,23.1,23.1,15.4,0.16,3.8,19.6,11.1,16.7,16.7,0.19,3.0,23.9,13.6,4.5,13.6,0.19,4.0,14.1,7.7,15.4,46.2,0.16,3.2,12.0,0.0,0.0,0.0,0.21,4.4,20.1,66.7,14.8,3.7,0.14,2.8,16.4,18.2,36.4,22.7,0.14,3.0,12.7,23.5,17.6,17.6,0.17,3.0,19.4,3.8,23.1,30.8,0.17,3.7,17.9,8.3,25.0,0.0,0.16,3.5,13.4,5.6,0.0,0.0,0.17,4.1,12.0,25.0,16.7,16.7,0.17,4.3,19.0,5.3,5.3,21.1,0.2,4.4,17.0,11.8,17.6,0.0,0.18,4.1,20.0,5.0,5.0,20.0,0.2,3.2,18.0,5.6,33.3,0.0,0.18,3.3,14.0,7.1,0.0,0.0,0.2,4.4
20260912,12,3,1800,5285,B1,東京,27.0,51.0,3.39,10.81,2.81,7.41,52,31.0,27,26.6,3558,B1,岡山,53.0,54.0,4.91,25.81,4.09,15.63,30,26.8,20,32.26,4724,B1,佐賀,40.0,55.0,3.56,9.09,2.78,11.11,55,40.4,69,42.17,4898,B1,埼玉,34.0,55.0,4.47,22.67,0.0,0.0,26,26.8,11,34.04,5139,A1,愛知,26.0,51.0,6.73,52.81,6.04,46.81,70,39.0,81,38.64,4626,B1,愛知,40.0,51.0,4.03,23.08,5.33,33.33,63,25.0,76,33.33,14.0,35.7,35.7,7.1,0.2,2.6,17.0,23.5,11.8,0.0,0.15,2.9,17.0,5.9,17.6,0.0,0.2,3.6,16.0,6.2,12.5,12.5,0.2,3.2,16.0,6.2,6.2,0.0,0.17,3.6,20.0,5.0,20.0,0.0,0.2,4.2,17.0,37.5,18.8,12.5,0.18,2.9,19.1,11.1,22.2,27.8,0.18,3.1,17.0,6.2,18.8,25.0,0.16,3.0,21.3,5.0,10.0,0.0,0.16,2.6,14.9,7.1,28.6,0.0,0.21,3.8,10.6,20.0,0.0,0.0,0.15,2.5,9.3,28.6,14.3,0.0,0.17,3.7,17.3,7.7,15.4,0.0,0.22,4.4,18.7,28.6,0.0,0.0,0.16,3.9,20.0,0.0,0.0,0.0,0.19,4.1,20.0,6.7,6.7,20.0,0.17,3.7,14.7,9.1,0.0,0.0,0.19,3.2,13.2,30.0,20.0,10.0,0.2,3.2,17.1,15.4,30.8,23.1,0.12,3.2,13.2,20.0,30.0,10.0,0.16,2.2,17.1,15.4,46.2,0.0,0.15,2.0,21.1,6.2,25.0,0.0,0.17,2.9,18.4,7.1,14.3,0.0,0.15,3.3,18.7,65.2,13.0,0.0,0.17,2.7,17.1,38.1,28.6,14.3,0.15,2.4,22.8,28.6,25.0,25.0,0.14,2.7,13.8,17.6,23.5,0.0,0.16,2.8,15.4,10.5,10.5,15.8,0.19,3.7,12.2,6.7,20.0,6.7,0.15,2.7,12.7,30.0,20.0,0.0,0.21,3.2,20.3,18.8,18.8,0.0,0.22,4.8,15.2,25.0,16.7,25.0,0.2,3.9,16.5,15.4,23.1,0.0,0.23,4.9,19.0,6.7,20.0,33.3,0.23,4.4,16.5,7.7,15.4,0.0,0.24,5.2
20260912,12,4,1800,3471,B1,佐賀,56.0,54.0,4.01,17.28,4.52,19.05,12,25.0,79,39.74,4579,A2,三重,37.0,53.0,6.21,40.38,6.68,48.0,50,24.21,50,36.08,4060,B1,福岡,47.0,58.0,4.68,29.67,4.89,30.43,51,45.65,66,32.95,3293,B1,東京,61.0,52.0,3.4,10.71,2.95,9.09,84,33.0,35,30.61,3654,A2,福井,52.0,52.0,6.9,57.01,7.16,56.25,36,15.63,30,41.67,4260,B1,香川,42.0,55.0,5.86,45.76,4.95,38.1,80,50.0,21,34.44,15.9,23.1,30.8,15.4,0.12,2.8,17.1,7.1,21.4,7.1,0.19,3.4,17.1,14.3,0.0,0.0,0.17,2.6,18.3,6.7,0.0,0.0,0.19,3.3,18.3,13.3,13.3,0.0,0.15,3.0,13.4,18.2,0.0,0.0,0.19,5.1,20.0,64.0,16.0,12.0,0.15,2.7,17.6,9.1,18.2,36.4,0.14,3.1,16.8,9.5,19.0,33.3,0.16,2.9,22.4,14.3,7.1,17.9,0.16,3.4,15.2,15.8,21.1,31.6,0.14,3.0,8.0,10.0,20.0,0.0,0.2,4.5,12.1,54.5,27.3,9.1,0.17,2.9,15.4,7.1,50.0,14.3,0.16,3.1,22.0,25.0,5.0,20.0,0.15,3.6,17.6,6.2,31.2,31.2,0.18,3.6,17.6,6.2,12.5,0.0,0.15,3.0,15.4,0.0,0.0,0.0,0.18,4.1,14.1,8.3,33.3,8.3,0.16,3.8,17.6,20.0,20.0,0.0,0.19,4.1,16.5,7.1,14.3,0.0,0.22,4.3,18.8,12.5,25.0,0.0,0.18,3.8,17.6,20.0,0.0,0.0,0.23,4.1,15.3,7.7,15.4,0.0,0.22,3.9,20.3,54.2,16.7,12.5,0.16,3.2,18.6,13.6,36.4,18.2,0.16,2.7,15.3,22.2,27.8,16.7,0.15,3.4,23.7,25.0,17.9,7.1,0.17,2.8,11.0,30.8,15.4,0.0,0.18,3.8,11.0,7.7,7.7,7.7,0.17,3.6,15.4,50.0,31.2,6.2,0.16,3.5,17.3,11.1,22.2,11.1,0.19,4.2,14.4,20.0,13.3,6.7,0.2,4.7,15.4,18.8,12.5,18.8,0.19,3.9,21.2,27.3,13.6,0.0,0.19,4.5,16.3,5.9,0.0,0.0,0.19,4.2
20260912,12,5,1800,4710,A2,大阪,36.0,52.0,5.64,35.48,5.84,48.65,61,32.32,51,39.8,3775,B1,岡山,52.0,59.0,3.82,19.59,4.43,28.57,24,45.74,82,48.1,5093,B2,福岡,24.0,56.0,3.16,11.11,5.28,36.0,31,21.84,85,32.22,4229,B1,静岡,43.0,54.0,4.27,19.23,4.23,15.38,13,28.42,75,34.07,4253,B1,滋賀,43.0,56.0,4.35,18.87,4.17,30.43,39,40.21,13,36.96,4624,A1,佐賀,41.0,50.0,6.42,48.42,6.38,46.15,69,35.87,78,27.37,19.1,60.0,24.0,8.0,0.16,3.2,18.3,16.7,41.7,12.5,0.15,2.8,16.8,9.1,9.1,31.8,0.14,3.3,13.7,11.1,22.2,27.8,0.13,3.0,17.6,4.3,17.4,21.7,0.14,3.2,14.5,10.5,21.1,0.0,0.15,3.3,12.4,36.4,36.4,9.1,0.16,3.3,18.0,12.5,12.5,0.0,0.18,3.7,14.6,23.1,15.4,0.0,0.15,3.7,16.9,26.7,0.0,0.0,0.18,3.5,18.0,25.0,0.0,0.0,0.2,4.2,20.2,5.6,16.7,0.0,0.2,4.1,15.8,56.2,12.5,6.2,0.14,2.0,15.8,12.5,37.5,12.5,0.16,2.9,14.9,26.7,6.7,0.0,0.13,2.9,12.9,7.7,7.7,23.1,0.19,3.7,18.8,21.1,10.5,0.0,0.17,3.8,21.8,9.1,4.5,0.0,0.26,5.1,15.1,15.4,7.7,15.4,0.2,3.2,17.4,13.3,6.7,20.0,0.18,4.3,22.1,15.8,36.8,0.0,0.17,3.4,11.6,20.0,0.0,0.0,0.21,3.7,20.9,5.6,11.1,0.0,0.2,4.5,12.8,18.2,0.0,0.0,0.22,5.4,12.5,42.9,14.3,28.6,0.14,2.6,19.6,4.5,13.6,22.7,0.19,3.9,22.3,4.0,24.0,0.0,0.2,3.6,18.8,4.8,9.5,23.8,0.17,3.8,15.2,5.9,11.8,0.0,0.18,3.9,11.6,7.7,0.0,0.0,0.21,4.7,19.2,73.9,8.7,0.0,0.17,2.8,15.8,21.1,42.1,21.1,0.16,3.1,14.2,29.4,29.4,17.6,0.18,3.8,16.7,20.0,35.0,5.0,0.15,3.0,24.2,20.7,10.3,24.1,0.17,3.1,10.0,8.3,8.3,0.0,0.15,4.3
20260912,12,6,1800,4836,B1,埼玉,37.0,52.0,4.91,27.66,4.22,25.0,25,30.61,34,32.14,5321,B1,愛知,24.0,55.0,4.86,31.51,4.11,33.33,73,35.64,56,31.76,5009,A2,福岡,29.0,55.0,5.36,36.0,5.0,37.5,28,30.69,61,29.21,3477,B1,徳島,56.0,53.0,3.86,13.92,3.44,22.22,53,35.05,52,30.11,4794,A1,兵庫,36.0,55.0,6.91,56.79,6.43,39.22,18,26.8,72,35.79,4401,A2,東京,41.0,53.0,5.85,40.66,7.08,58.33,15,29.17,19,22.92,14.1,75.0,8.3,0.0,0.21,3.9,20.0,17.6,29.4,0.0,0.19,3.2,18.8,12.5,6.2,18.8,0.19,3.7,14.1,8.3,8.3,25.0,0.16,3.1,15.3,7.7,15.4,0.0,0.15,3.3,17.6,6.7,6.7,26.7,0.13,2.4,15.0,50.0,8.3,0.0,0.18,4.3,16.2,7.7,7.7,7.7,0.25,4.3,21.2,41.2,11.8,0.0,0.16,3.5,15.0,16.7,33.3,8.3,0.2,3.5,20.0,12.5,25.0,12.5,0.19,3.4,12.5,20.0,30.0,0.0,0.23,4.5,17.5,61.9,23.8,4.8,0.16,2.6,15.8,26.3,15.8,21.1,0.14,3.1,22.5,11.1,33.3,18.5,0.18,3.2,11.7,14.3,7.1,42.9,0.15,4.1,17.5,23.8,4.8,0.0,0.14,3.7,15.0,5.6,5.6,0.0,0.19,4.2,12.0,25.0,16.7,16.7,0.17,4.3,19.0,5.3,5.3,21.1,0.2,4.4,17.0,11.8,17.6,0.0,0.18,4.1,20.0,5.0,5.0,20.0,0.2,3.2,18.0,5.6,33.3,0.0,0.18,3.3,14.0,7.1,0.0,0.0,0.2,4.4,19.3,81.0,14.3,0.0,0.1,1.8,17.4,26.3,42.1,10.5,0.16,2.7,16.5,16.7,27.8,16.7,0.16,3.0,22.9,12.0,20.0,24.0,0.13,2.4,13.8,26.7,46.7,0.0,0.11,2.4,10.1,9.1,36.4,0.0,0.13,2.9,20.0,77.3,18.2,4.5,0.12,1.8,15.5,11.8,11.8,17.6,0.16,3.1,16.4,16.7,16.7,22.2,0.16,3.1,19.1,19.0,19.0,14.3,0.16,2.8,13.6,20.0,13.3,0.0,0.14,3.2,15.5,17.6,0.0,0.0,0.14,2.6
20260912,12,7,1800,3957,B1,愛知,49.0,55.0,4.82,25.69,3.29,14.29,60,39.18,70,20.43,3300,A2,岡山,59.0,53.0,5.88,41.51,6.0,42.11,72,31.63,74,25.0,3718,B1,静岡,51.0,56.0,4.44,23.6,0.0,0.0,79,39.18,57,32.97,4311,A1,大阪,42.0,56.0,6.39,50.54,6.58,49.31,77,34.74,28,37.5,4727,B1,福岡,39.0,55.0,4.14,15.71,3.83,16.67,32,33.33,25,26.74,3630,B1,静岡,56.0,55.0,3.74,16.67,4.08,15.38,59,25.0,18,28.05,16.4,50.0,11.1,22.2,0.2,3.4,16.4,11.1,33.3,16.7,0.2,3.8,17.3,21.1,15.8,21.1,0.19,3.6,16.4,5.6,11.1,11.1,0.17,3.6,21.8,4.2,8.3,29.2,0.19,3.7,11.8,15.4,30.8,0.0,0.21,5.2,21.0,60.0,8.0,4.0,0.17,3.4,18.5,9.1,27.3,27.3,0.15,3.3,15.1,16.7,27.8,5.6,0.14,2.4,13.4,6.2,25.0,25.0,0.15,3.5,15.1,5.6,22.2,5.6,0.16,3.4,16.8,10.0,35.0,0.0,0.18,3.9,14.3,66.7,6.7,6.7,0.14,2.5,19.0,15.0,25.0,10.0,0.18,3.5,14.3,6.7,13.3,33.3,0.17,2.8,18.1,5.3,15.8,15.8,0.17,3.6,21.0,4.5,13.6,0.0,0.19,3.8,13.3,14.3,0.0,0.0,0.19,4.6,24.7,78.9,2.6,7.9,0.13,2.3,13.6,33.3,28.6,9.5,0.12,2.5,16.9,15.4,23.1,23.1,0.16,2.9,16.2,12.0,24.0,24.0,0.12,2.0,13.6,4.8,28.6,14.3,0.15,3.0,14.9,8.7,13.0,30.4,0.19,4.3,11.2,20.0,40.0,0.0,0.15,2.4,18.0,6.2,37.5,6.2,0.15,3.6,20.2,22.2,27.8,0.0,0.14,2.6,18.0,6.2,6.2,18.8,0.17,3.4,21.3,5.3,5.3,15.8,0.16,3.9,11.2,20.0,0.0,0.0,0.15,2.9,16.2,18.2,18.2,27.3,0.15,3.1,14.7,10.0,10.0,0.0,0.24,4.5,19.1,7.7,7.7,0.0,0.15,3.3,20.6,14.3,14.3,0.0,0.16,3.1,10.3,0.0,0.0,0.0,0.18,3.4,19.1,7.7,0.0,0.0,0.16,2.8
20260912,12,8,1800,4416,B1,広島,39.0,53.0,5.42,37.36,0.0,0.0,11,40.59,36,36.36,4375,A2,兵庫,42.0,51.0,5.85,38.74,6.07,43.33,82,37.76,80,31.46,5285,B1,東京,27.0,51.0,3.39,10.81,2.81,7.41,52,31.0,27,26.6,4063,A1,徳島,47.0,53.0,6.13,40.0,5.84,45.95,33,31.25,29,34.07,4047,B1,大阪,46.0,53.0,3.32,16.67,4.63,32.14,76,17.58,63,27.87,4579,A2,三重,37.0,53.0,6.21,40.38,6.68,48.0,50,24.21,50,36.08,14.9,17.6,29.4,11.8,0.17,3.1,14.9,23.5,35.3,17.6,0.14,3.5,20.2,17.4,17.4,17.4,0.17,3.2,18.4,9.5,14.3,28.6,0.17,3.4,17.5,10.0,5.0,30.0,0.15,3.6,14.0,6.2,0.0,0.0,0.2,4.2,19.8,60.0,28.0,4.0,0.17,3.3,11.9,6.7,33.3,20.0,0.16,3.7,19.8,24.0,40.0,16.0,0.15,2.7,14.3,16.7,22.2,5.6,0.17,3.3,19.0,8.3,12.5,37.5,0.16,3.3,15.1,10.5,26.3,0.0,0.2,4.2,14.0,35.7,35.7,7.1,0.2,2.6,17.0,23.5,11.8,0.0,0.15,2.9,17.0,5.9,17.6,0.0,0.2,3.6,16.0,6.2,12.5,12.5,0.2,3.2,16.0,6.2,6.2,0.0,0.17,3.6,20.0,5.0,20.0,0.0,0.2,4.2,22.9,76.7,10.0,6.7,0.12,1.9,18.3,12.5,29.2,12.5,0.11,2.1,16.0,19.0,23.8,4.8,0.15,2.9,14.5,10.5,31.6,26.3,0.16,2.7,16.0,19.0,47.6,0.0,0.16,3.0,12.2,6.2,12.5,25.0,0.14,2.8,14.3,53.8,30.8,15.4,0.13,2.8,18.7,5.9,35.3,0.0,0.16,3.1,19.8,5.6,11.1,22.2,0.18,3.3,15.4,7.1,14.3,7.1,0.2,4.1,13.2,8.3,8.3,0.0,0.19,3.4,18.7,5.9,0.0,0.0,0.21,4.7,20.0,64.0,16.0,12.0,0.15,2.7,17.6,9.1,18.2,36.4,0.14,3.1,16.8,9.5,19.0,33.3,0.16,2.9,22.4,14.3,7.1,17.9,0.16,3.4,15.2,15.8,21.1,31.6,0.14,3.0,8.0,10.0,20.0,0.0,0.2,4.5
20260912,12,9,1800,4962,A2,三重,30.0,52.0,5.5,37.72,5.55,34.69,21,21.88,39,28.05,4959,A1,大阪,30.0,52.0,7.51,56.3,6.82,50.84,71,31.68,14,29.47,4253,B1,滋賀,43.0,56.0,4.35,18.87,4.17,30.43,39,40.21,13,36.96,4287,A2,福岡,42.0,57.0,6.46,47.66,7.59,72.41,78,16.67,55,37.63,4060,B1,福岡,47.0,58.0,4.68,29.67,4.89,30.43,51,45.65,66,32.95,5110,B1,静岡,27.0,52.0,4.79,29.17,4.57,28.57,68,25.56,33,39.78,19.5,70.8,8.3,12.5,0.15,2.6,17.1,9.5,38.1,23.8,0.17,3.3,17.9,9.1,18.2,27.3,0.18,3.6,15.4,5.3,5.3,42.1,0.16,2.7,16.3,5.0,10.0,35.0,0.16,3.5,13.8,5.9,5.9,23.5,0.17,4.1,19.6,77.8,11.1,0.0,0.14,3.4,20.3,21.4,28.6,14.3,0.17,4.2,14.5,25.0,30.0,25.0,0.15,3.4,16.7,8.7,30.4,21.7,0.13,3.0,15.2,19.0,19.0,4.8,0.15,4.3,13.8,21.1,21.1,0.0,0.15,4.4,12.5,42.9,14.3,28.6,0.14,2.6,19.6,4.5,13.6,22.7,0.19,3.9,22.3,4.0,24.0,0.0,0.2,3.6,18.8,4.8,9.5,23.8,0.17,3.8,15.2,5.9,11.8,0.0,0.18,3.9,11.6,7.7,0.0,0.0,0.21,4.7,17.6,57.9,21.1,10.5,0.17,2.8,15.7,11.8,29.4,5.9,0.17,4.1,17.6,5.3,42.1,10.5,0.17,3.3,14.8,6.2,18.8,25.0,0.18,2.8,15.7,5.9,11.8,0.0,0.16,3.8,18.5,10.0,15.0,25.0,0.16,3.5,12.1,54.5,27.3,9.1,0.17,2.9,15.4,7.1,50.0,14.3,0.16,3.1,22.0,25.0,5.0,20.0,0.15,3.6,17.6,6.2,31.2,31.2,0.18,3.6,17.6,6.2,12.5,0.0,0.15,3.0,15.4,0.0,0.0,0.0,0.18,4.1,15.5,37.5,25.0,6.2,0.14,2.7,14.6,13.3,13.3,20.0,0.18,3.4,22.3,30.4,8.7,17.4,0.16,3.3,18.4,10.5,31.6,0.0,0.14,3.2,13.6,7.1,7.1,28.6,0.14,2.5,15.5,6.2,6.2,31.2,0.16,3.2
20260912,12,10,1800,3654,A2,福井,52.0,52.0,6.9,57.01,7.16,56.25,36,15.63,30,41.67,5158,A1,福岡,28.0,54.0,6.31,52.21,7.19,62.5,85,35.42,31,37.36,4710,A2,大阪,36.0,52.0,5.64,35.48,5.84,48.65,61,32.32,51,39.8,4836,B1,埼玉,37.0,52.0,4.91,27.66,4.22,25.0,25,30.61,34,32.14,4724,B1,佐賀,40.0,55.0,3.56,9.09,2.78,11.11,55,40.4,69,42.17,3757,A2,広島,54.0,53.0,5.43,39.76,0.0,0.0,38,50.52,86,29.41,20.3,54.2,16.7,12.5,0.16,3.2,18.6,13.6,36.4,18.2,0.16,2.7,15.3,22.2,27.8,16.7,0.15,3.4,23.7,25.0,17.9,7.1,0.17,2.8,11.0,30.8,15.4,0.0,0.18,3.8,11.0,7.7,7.7,7.7,0.17,3.6,20.3,80.0,4.0,8.0,0.13,2.5,19.5,29.2,12.5,20.8,0.17,3.5,16.3,40.0,25.0,15.0,0.15,3.2,13.8,47.1,23.5,5.9,0.18,3.6,12.2,26.7,13.3,0.0,0.17,3.3,17.9,4.5,13.6,18.2,0.16,3.8,19.1,60.0,24.0,8.0,0.16,3.2,18.3,16.7,41.7,12.5,0.15,2.8,16.8,9.1,9.1,31.8,0.14,3.3,13.7,11.1,22.2,27.8,0.13,3.0,17.6,4.3,17.4,21.7,0.14,3.2,14.5,10.5,21.1,0.0,0.15,3.3,14.1,75.0,8.3,0.0,0.21,3.9,20.0,17.6,29.4,0.0,0.19,3.2,18.8,12.5,6.2,18.8,0.19,3.7,14.1,8.3,8.3,25.0,0.16,3.1,15.3,7.7,15.4,0.0,0.15,3.3,17.6,6.7,6.7,26.7,0.13,2.4,9.3,28.6,14.3,0.0,0.17,3.7,17.3,7.7,15.4,0.0,0.22,4.4,18.7,28.6,0.0,0.0,0.16,3.9,20.0,0.0,0.0,0.0,0.19,4.1,20.0,6.7,6.7,20.0,0.17,3.7,14.7,9.1,0.0,0.0,0.19,3.2,15.9,41.2,11.8,35.3,0.14,2.9,17.8,10.5,47.4,21.1,0.15,2.5,16.8,5.6,16.7,27.8,0.18,3.1,17.8,10.5,21.1,15.8,0.16,3.1,21.5,4.3,17.4,26.1,0.17,3.5,10.3,9.1,9.1,0.0,0.16,3.1
20260912,12,11,1800,4218,A1,滋賀,45.0,52.0,6.48,50.96,7.29,57.35,17,36.08,37,30.77,4727,B1,福岡,39.0,55.0,4.14,15.71,3.83,16.67,32,33.33,25,26.74,4624,A1,佐賀,41.0,50.0,6.42,48.42,6.38,46.15,69,35.87,78,27.37,5009,A2,福岡,29.0,55.0,5.36,36.0,5.0,37.5,28,30.69,61,29.21,3502,A2,静岡,57.0,53.0,5.73,37.17,5.84,40.35,58,39.18,22,44.83,5043,A1,香川,27.0,53.0,7.24,61.16,5.0,14.29,83,25.81,89,32.93,19.9,66.7,20.0,6.7,0.14,2.6,22.5,20.6,38.2,29.4,0.15,3.2,19.9,13.3,33.3,23.3,0.14,2.5,22.5,11.8,32.4,17.6,0.16,3.2,13.9,28.6,23.8,0.0,0.18,3.7,1.3,50.0,0.0,0.0,0.25,6.0,11.2,20.0,40.0,0.0,0.15,2.4,18.0,6.2,37.5,6.2,0.15,3.6,20.2,22.2,27.8,0.0,0.14,2.6,18.0,6.2,6.2,18.8,0.17,3.4,21.3,5.3,5.3,15.8,0.16,3.9,11.2,20.0,0.0,0.0,0.15,2.9,19.2,73.9,8.7,0.0,0.17,2.8,15.8,21.1,42.1,21.1,0.16,3.1,14.2,29.4,29.4,17.6,0.18,3.8,16.7,20.0,35.0,5.0,0.15,3.0,24.2,20.7,10.3,24.1,0.17,3.1,10.0,8.3,8.3,0.0,0.15,4.3,17.5,61.9,23.8,4.8,0.16,2.6,15.8,26.3,15.8,21.1,0.14,3.1,22.5,11.1,33.3,18.5,0.18,3.2,11.7,14.3,7.1,42.9,0.15,4.1,17.5,23.8,4.8,0.0,0.14,3.7,15.0,5.6,5.6,0.0,0.19,4.2,17.9,41.2,47.1,0.0,0.17,3.1,15.8,13.3,20.0,26.7,0.14,3.1,21.1,15.0,15.0,15.0,0.14,2.8,18.9,27.8,38.9,0.0,0.16,3.0,20.0,31.6,15.8,0.0,0.17,3.2,6.3,33.3,0.0,0.0,0.19,4.2,17.6,65.2,21.7,0.0,0.13,2.6,16.8,9.1,27.3,9.1,0.14,3.2,15.3,25.0,20.0,25.0,0.13,2.9,14.5,15.8,31.6,21.1,0.13,2.4,19.8,15.4,15.4,11.5,0.14,2.9,16.0,14.3,23.8,0.0,0.12,3.2
20260912,12,12,1800,4063,A1,徳島,47.0,53.0,6.13,40.0,5.84,45.95,33,31.25,29,34.07,5139,A1,愛知,26.0,51.0,6.73,52.81,6.04,46.81,70,39.0,81,38.64,4679,A2,福岡,37.0,59.0,6.2,47.46,6.7,51.85,81,29.89,84,24.14,4260,B1,香川,42.0,55.0,5.86,45.76,4.95,38.1,80,50.0,21,34.44,3300,A2,岡山,59.0,53.0,5.88,41.51,6.0,42.11,72,31.63,74,25.0,4794,A1,兵庫,36.0,55.0,6.91,56.79,6.43,39.22,18,26.8,72,35.79,22.9,76.7,10.0,6.7,0.12,1.9,18.3,12.5,29.2,12.5,0.11,2.1,16.0,19.0,23.8,4.8,0.15,2.9,14.5,10.5,31.6,26.3,0.16,2.7,16.0,19.0,47.6,0.0,0.16,3.0,12.2,6.2,12.5,25.0,0.14,2.8,18.7,65.2,13.0,0.0,0.17,2.7,17.1,38.1,28.6,14.3,0.15,2.4,22.8,28.6,25.0,25.0,0.14,2.7,13.8,17.6,23.5,0.0,0.16,2.8,15.4,10.5,10.5,15.8,0.19,3.7,12.2,6.7,20.0,6.7,0.15,2.7,20.1,66.7,14.8,3.7,0.14,2.8,16.4,18.2,36.4,22.7,0.14,3.0,12.7,23.5,17.6,17.6,0.17,3.0,19.4,3.8,23.1,30.8,0.17,3.7,17.9,8.3,25.0,0.0,0.16,3.5,13.4,5.6,0.0,0.0,0.17,4.1,15.4,50.0,31.2,6.2,0.16,3.5,17.3,11.1,22.2,11.1,0.19,4.2,14.4,20.0,13.3,6.7,0.2,4.7,15.4,18.8,12.5,18.8,0.19,3.9,21.2,27.3,13.6,0.0,0.19,4.5,16.3,5.9,0.0,0.0,0.19,4.2,21.0,60.0,8.0,4.0,0.17,3.4,18.5,9.1,27.3,27.3,0.15,3.3,15.1,16.7,27.8,5.6,0.14,2.4,13.4,6.2,25.0,25.0,0.15,3.5,15.1,5.6,22.2,5.6,0.16,3.4,16.8,10.0,35.0,0.0,0.18,3.9,19.3,81.0,14.3,0.0,0.1,1.8,17.4,26.3,42.1,10.5,0.16,2.7,16.5,16.7,27.8,16.7,0.16,3.0,22.9,12.0,20.0,24.0,0.13,2.4,13.8,26.7,46.7,0.0,0.11,2.4,10.1,9.1,36.4,0.0,0.13,2.9
20260912,10,1,1800,5029,A1,福岡,29.0,54.0,7.01,56.49,6.1,30.0,20,36.92,14,36.89,4317,B1,静岡,42.0,48.0,4.42,24.73,5.07,40.74,60,31.62,11,29.57,4432,B1,埼玉,40.0,56.0,5.23,28.72,5.17,31.91,36,31.78,55,32.52,4203,B1,群馬,44.0,52.0,4.56,29.76,4.22,22.22,29,30.0,23,33.58,4081,B1,愛知,47.0,55.0,5.52,34.21,4.21,19.15,39,32.2,69,29.23,4429,B1,広島,40.0,60.0,3.22,11.96,3.93,7.14,15,30.0,53,31.82,20.2,83.3,4.2,4.2,0.14,1.8,16.0,15.8,36.8,26.3,0.12,2.2,16.8,10.0,25.0,25.0,0.14,2.6,19.3,34.8,21.7,8.7,0.1,1.9,15.1,16.7,22.2,16.7,0.16,2.3,12.6,13.3,6.7,0.0,0.16,3.9,14.6,53.8,30.8,0.0,0.17,2.2,16.9,13.3,40.0,6.7,0.19,3.3,18.0,12.5,18.8,18.8,0.18,2.9,18.0,12.5,6.2,0.0,0.18,3.7,21.3,5.3,5.3,0.0,0.18,3.7,11.2,0.0,0.0,0.0,0.22,3.7,17.6,33.3,38.1,4.8,0.14,2.5,15.1,22.2,38.9,0.0,0.16,2.6,16.0,10.5,26.3,36.8,0.17,2.7,16.0,10.5,21.1,21.1,0.16,2.9,23.5,3.6,10.7,25.0,0.15,3.0,11.8,7.1,0.0,0.0,0.18,4.4,15.2,26.7,20.0,13.3,0.13,1.9,17.2,5.9,11.8,23.5,0.17,3.4,15.2,20.0,26.7,0.0,0.14,2.3,16.2,12.5,25.0,0.0,0.11,2.6,20.2,15.0,5.0,5.0,0.15,3.0,16.2,12.5,18.8,0.0,0.16,3.9,13.3,26.7,20.0,20.0,0.17,3.9,16.8,5.3,26.3,36.8,0.18,3.4,19.5,4.5,13.6,18.2,0.18,4.0,18.6,4.8,19.0,0.0,0.18,4.3,15.9,5.6,0.0,0.0,0.21,4.7,15.9,5.6,5.6,0.0,0.2,4.6,14.1,45.5,18.2,0.0,0.16,2.9,16.7,7.7,23.1,0.0,0.16,3.0,19.2,6.7,13.3,13.3,0.17,3.6,21.8,23.5,0.0,0.0,0.21,4.4,12.8,0.0,0.0,0.0,0.21,4.7,15.4,0.0,0.0,0.0,0.23,5.2
20260912,10,2,1800,3251,A2,埼玉,60.0,50.0,5.89,37.4,5.78,42.11,41,26.23,50,33.33,5141,A1,群馬,25.0,51.0,6.53,56.25,7.5,66.67,35,47.01,30,33.61,3620,B1,福井,52.0,54.0,3.21,6.67,4.15,19.66,37,32.52,34,38.14,4139,B1,愛知,45.0,55.0,4.55,27.27,5.08,32.69,68,11.88,32,36.21,3563,B1,静岡,56.0,53.0,5.94,41.74,4.6,24.0,53,33.33,13,29.84,3587,B1,徳島,53.0,60.0,3.76,15.79,4.27,26.67,52,38.33,47,35.29,17.9,38.5,26.9,15.4,0.19,4.0,17.2,24.0,28.0,24.0,0.18,4.1,20.0,6.9,24.1,20.7,0.21,4.3,15.2,27.3,22.7,9.1,0.19,3.8,17.2,16.0,16.0,0.0,0.18,4.4,12.4,5.6,5.6,22.2,0.23,5.4,25.0,50.0,19.2,7.7,0.15,2.7,14.4,13.3,40.0,20.0,0.16,2.9,21.2,22.7,45.5,13.6,0.14,2.4,14.4,33.3,26.7,6.7,0.12,1.9,14.4,20.0,26.7,20.0,0.14,2.7,10.6,9.1,45.5,0.0,0.17,3.5,15.5,53.3,6.7,26.7,0.16,2.7,17.5,11.8,17.6,11.8,0.19,3.6,18.6,16.7,16.7,0.0,0.19,3.4,21.6,14.3,9.5,9.5,0.16,3.4,13.4,7.7,7.7,0.0,0.2,4.0,13.4,7.7,0.0,0.0,0.22,4.4,14.6,38.5,23.1,0.0,0.15,2.8,15.7,21.4,28.6,0.0,0.18,3.4,19.1,11.8,23.5,23.5,0.19,3.6,20.2,16.7,5.6,11.1,0.2,3.8,18.0,6.2,25.0,0.0,0.2,3.8,12.4,9.1,0.0,0.0,0.2,4.1,16.4,38.9,27.8,11.1,0.15,3.0,19.1,4.8,23.8,23.8,0.14,3.2,20.0,27.3,22.7,0.0,0.14,2.6,23.6,19.2,23.1,0.0,0.17,3.8,15.5,11.8,17.6,5.9,0.18,3.2,5.5,0.0,0.0,0.0,0.14,3.5,14.0,33.3,20.0,13.3,0.14,2.5,19.6,23.8,9.5,0.0,0.17,3.4,17.8,10.5,15.8,0.0,0.16,3.1,17.8,10.5,21.1,0.0,0.14,3.2,14.0,6.7,26.7,0.0,0.17,3.3,16.8,0.0,0.0,0.0,0.21,4.4
20260912,10,3,1800,4950,A1,山口,33.0,53.0,6.17,46.61,5.35,41.18,17,37.04,25,35.71,3699,B1,埼玉,53.0,53.0,4.39,24.32,4.81,30.56,48,28.13,16,37.29,3659,A2,群馬,51.0,54.0,5.53,32.1,5.75,41.67,58,33.09,46,37.4,3442,B1,香川,57.0,55.0,4.26,21.28,5.8,30.0,69,28.95,63,32.56,4694,B1,福岡,41.0,44.0,4.47,20.65,0.0,0.0,14,34.17,68,26.36,3805,B1,東京,52.0,53.0,5.46,34.86,5.28,44.44,28,30.08,44,39.82,19.7,83.3,8.3,8.3,0.15,3.0,14.8,16.7,50.0,11.1,0.17,3.6,18.0,31.8,22.7,9.1,0.16,3.0,15.6,21.1,15.8,31.6,0.15,3.1,17.2,9.5,14.3,23.8,0.19,3.1,14.8,5.6,16.7,0.0,0.16,3.7,12.0,11.1,33.3,0.0,0.15,3.9,21.3,12.5,6.2,18.8,0.18,3.7,16.0,16.7,25.0,0.0,0.19,3.9,20.0,20.0,13.3,6.7,0.17,3.2,9.3,14.3,0.0,0.0,0.17,4.4,21.3,31.2,0.0,0.0,0.23,4.4,18.0,55.6,22.2,16.7,0.14,2.4,16.0,37.5,18.8,0.0,0.16,3.6,16.0,6.2,43.8,31.2,0.17,3.4,21.0,9.5,14.3,28.6,0.18,3.1,15.0,6.7,6.7,26.7,0.2,3.9,14.0,7.1,28.6,0.0,0.17,3.5,12.2,44.4,22.2,22.2,0.18,4.1,16.2,25.0,25.0,0.0,0.17,2.8,18.9,7.1,14.3,50.0,0.18,2.7,18.9,7.1,21.4,28.6,0.15,3.1,18.9,7.1,28.6,0.0,0.14,3.6,14.9,27.3,0.0,0.0,0.17,3.5,12.9,44.4,11.1,22.2,0.17,2.7,20.0,14.3,7.1,35.7,0.23,4.8,15.7,9.1,18.2,18.2,0.17,3.1,20.0,7.1,14.3,14.3,0.22,3.8,17.1,8.3,16.7,0.0,0.18,2.9,14.3,10.0,20.0,0.0,0.25,4.6,17.6,43.8,6.2,25.0,0.15,2.9,18.7,11.8,29.4,23.5,0.12,3.1,15.4,7.1,21.4,14.3,0.13,2.4,16.5,13.3,6.7,33.3,0.14,2.4,17.6,25.0,18.8,0.0,0.14,2.8,14.3,7.7,7.7,0.0,0.16,4.1
20260912,10,4,1800,5034,A1,静岡,28.0,56.0,6.42,47.06,7.07,48.15,54,41.03,71,39.47,4564,B1,広島,38.0,53.0,4.68,22.22,4.57,26.67,11,26.36,72,33.33,4003,B1,福井,48.0,55.0,5.68,35.63,5.44,29.87,38,27.87,67,35.04,4155,A2,福岡,45.0,57.0,6.16,47.22,4.0,30.0,12,37.4,48,34.11,3645,B2,徳島,53.0,46.0,4.55,33.33,0.0,0.0,57,42.74,28,41.27,4233,A2,群馬,43.0,52.0,6.05,45.9,5.88,62.5,42,42.28,49,23.31,22.4,75.8,15.2,3.0,0.1,2.0,15.6,13.0,30.4,8.7,0.12,2.8,21.1,41.9,25.8,0.0,0.13,2.5,20.4,20.0,10.0,26.7,0.12,2.1,9.5,7.1,28.6,7.1,0.15,3.3,10.9,31.2,0.0,0.0,0.17,3.5,15.4,25.0,31.2,25.0,0.18,3.9,12.5,7.7,53.8,7.7,0.19,4.2,21.2,4.5,31.8,18.2,0.18,3.6,20.2,4.8,19.0,23.8,0.19,4.2,18.3,10.5,21.1,0.0,0.22,4.4,12.5,7.7,0.0,0.0,0.19,4.8,16.0,46.7,13.3,13.3,0.16,3.0,14.9,14.3,35.7,14.3,0.2,4.4,19.1,11.1,38.9,5.6,0.17,3.1,16.0,53.3,13.3,0.0,0.2,4.2,16.0,6.7,33.3,0.0,0.19,3.9,18.1,17.6,17.6,0.0,0.17,3.4,21.8,66.7,22.2,0.0,0.14,3.1,12.1,33.3,13.3,20.0,0.17,3.1,19.4,4.2,25.0,33.3,0.17,3.4,16.1,15.0,40.0,25.0,0.14,2.7,16.9,19.0,4.8,0.0,0.17,3.5,13.7,11.8,11.8,11.8,0.15,3.6,12.8,50.0,16.7,0.0,0.21,4.8,23.4,54.5,9.1,0.0,0.11,2.2,19.1,22.2,33.3,0.0,0.15,2.8,12.8,16.7,33.3,0.0,0.18,2.8,12.8,33.3,0.0,0.0,0.17,3.0,19.1,11.1,11.1,0.0,0.14,3.1,21.1,61.5,11.5,26.9,0.18,2.7,19.5,12.5,33.3,29.2,0.14,3.4,12.2,33.3,53.3,6.7,0.12,2.7,14.6,5.6,22.2,0.0,0.17,3.1,17.9,4.5,18.2,22.7,0.19,3.7,14.6,5.6,33.3,0.0,0.18,4.2
20260912,10,5,1800,4930,A2,福井,30.0,54.0,6.22,41.75,5.85,37.65,27,38.1,60,32.31,3482,B1,群馬,55.0,58.0,4.71,27.43,5.02,31.48,13,38.28,57,31.71,4890,A2,山口,37.0,52.0,5.93,39.36,4.0,25.0,45,38.1,62,33.61,4317,B1,静岡,42.0,48.0,4.42,24.73,5.07,40.74,60,31.62,11,29.57,3967,B1,愛知,47.0,57.0,4.31,25.93,4.35,20.0,67,25.86,37,36.21,4953,A1,埼玉,31.0,54.0,6.46,48.8,7.08,50.0,64,32.5,66,34.35,17.7,60.0,20.0,15.0,0.1,1.8,18.6,14.3,28.6,28.6,0.16,2.7,15.9,11.1,22.2,16.7,0.17,2.9,14.2,25.0,6.2,6.2,0.15,2.9,18.6,9.5,9.5,33.3,0.17,3.0,15.0,5.9,11.8,0.0,0.19,4.2,18.0,33.3,33.3,8.3,0.14,3.2,16.5,18.2,22.7,0.0,0.15,3.4,18.0,4.2,25.0,16.7,0.14,2.8,14.3,15.8,15.8,0.0,0.17,3.7,16.5,9.1,9.1,36.4,0.15,3.0,16.5,9.1,13.6,0.0,0.16,3.0,16.3,62.5,18.8,0.0,0.14,2.2,21.4,14.3,33.3,23.8,0.15,3.0,15.3,13.3,20.0,33.3,0.13,1.8,15.3,13.3,20.0,40.0,0.14,2.5,17.3,11.8,17.6,11.8,0.14,2.2,14.3,7.1,7.1,35.7,0.12,1.9,14.6,53.8,30.8,0.0,0.17,2.2,16.9,13.3,40.0,6.7,0.19,3.3,18.0,12.5,18.8,18.8,0.18,2.9,18.0,12.5,6.2,0.0,0.18,3.7,21.3,5.3,5.3,0.0,0.18,3.7,11.2,0.0,0.0,0.0,0.22,3.7,14.6,46.2,23.1,0.0,0.16,2.5,14.6,38.5,7.7,0.0,0.21,3.7,18.0,6.2,25.0,6.2,0.15,2.9,19.1,11.8,5.9,0.0,0.2,4.1,18.0,6.2,18.8,6.2,0.2,3.7,15.7,14.3,0.0,0.0,0.23,5.3,18.8,85.7,9.5,0.0,0.16,2.9,16.1,27.8,33.3,11.1,0.16,3.5,18.8,28.6,28.6,14.3,0.18,3.8,13.4,13.3,46.7,13.3,0.15,3.0,18.8,9.5,42.9,0.0,0.16,3.2,14.3,12.5,6.2,31.2,0.15,3.6
20260912,10,6,1800,3620,B1,福井,52.0,54.0,3.21,6.67,4.15,19.66,37,32.52,34,38.14,5045,A2,埼玉,26.0,46.0,7.05,52.43,4.1,15.0,40,39.2,19,39.2,4429,B1,広島,40.0,60.0,3.22,11.96,3.93,7.14,15,30.0,53,31.82,3940,A1,東京,48.0,53.0,6.3,47.46,7.13,60.71,50,30.22,38,33.61,3968,A2,滋賀,50.0,52.0,5.04,28.92,6.09,34.48,16,21.43,58,39.84,3788,B2,徳島,54.0,53.0,5.52,39.13,4.2,26.67,22,22.73,12,44.04,15.5,53.3,6.7,26.7,0.16,2.7,17.5,11.8,17.6,11.8,0.19,3.6,18.6,16.7,16.7,0.0,0.19,3.4,21.6,14.3,9.5,9.5,0.16,3.4,13.4,7.7,7.7,0.0,0.2,4.0,13.4,7.7,0.0,0.0,0.22,4.4,17.1,45.8,25.0,8.3,0.2,3.6,16.4,17.4,34.8,13.0,0.19,3.9,17.1,12.5,29.2,33.3,0.17,3.5,19.3,3.7,40.7,14.8,0.21,4.0,16.4,8.7,39.1,0.0,0.19,3.5,13.6,5.3,26.3,0.0,0.2,4.4,14.1,45.5,18.2,0.0,0.16,2.9,16.7,7.7,23.1,0.0,0.16,3.0,19.2,6.7,13.3,13.3,0.17,3.6,21.8,23.5,0.0,0.0,0.21,4.4,12.8,0.0,0.0,0.0,0.21,4.7,15.4,0.0,0.0,0.0,0.23,5.2,24.3,69.4,22.2,2.8,0.13,2.4,17.6,15.4,7.7,19.2,0.16,3.3,16.2,20.8,25.0,12.5,0.16,2.6,14.2,14.3,23.8,28.6,0.14,2.8,14.9,13.6,13.6,18.2,0.14,2.5,12.8,21.1,21.1,0.0,0.15,2.9,19.0,56.5,17.4,17.4,0.14,2.8,15.7,21.1,15.8,21.1,0.18,3.9,15.7,15.8,15.8,31.6,0.16,2.9,15.7,5.3,10.5,52.6,0.19,3.3,16.5,5.0,15.0,30.0,0.19,3.8,17.4,4.8,33.3,0.0,0.24,5.2,18.8,46.7,20.0,13.3,0.13,2.1,18.8,13.3,40.0,33.3,0.13,2.3,10.0,37.5,25.0,0.0,0.18,2.9,17.5,7.1,35.7,14.3,0.12,2.1,20.0,25.0,12.5,6.2,0.12,2.2,15.0,8.3,0.0,0.0,0.15,2.7
20260912,10,7,1800,4432,B1,埼玉,40.0,56.0,5.23,28.72,5.17,31.91,36,31.78,55,32.52,3746,A2,岡山,51.0,53.0,5.74,35.04,7.45,63.64,21,32.31,52,34.55,3474,B1,静岡,56.0,46.0,4.73,26.92,5.53,32.65,26,20.54,65,31.75,3587,B1,徳島,53.0,60.0,3.76,15.79,4.27,26.67,52,38.33,47,35.29,3613,A2,東京,53.0,52.0,5.88,42.61,0.0,0.0,63,38.52,33,33.9,4931,A1,香川,30.0,53.0,6.76,51.97,5.78,33.33,32,23.93,39,28.57,17.6,33.3,38.1,4.8,0.14,2.5,15.1,22.2,38.9,0.0,0.16,2.6,16.0,10.5,26.3,36.8,0.17,2.7,16.0,10.5,21.1,21.1,0.16,2.9,23.5,3.6,10.7,25.0,0.15,3.0,11.8,7.1,0.0,0.0,0.18,4.4,20.7,63.3,20.0,3.3,0.15,3.3,14.5,9.5,23.8,38.1,0.18,3.3,17.9,3.8,30.8,23.1,0.16,3.4,18.6,7.4,22.2,14.8,0.2,4.2,15.2,13.6,31.8,0.0,0.18,4.3,13.1,10.5,21.1,0.0,0.21,4.8,15.0,37.5,37.5,6.2,0.19,3.8,19.6,19.0,23.8,14.3,0.2,3.8,18.7,5.0,30.0,15.0,0.15,2.6,15.9,17.6,0.0,0.0,0.17,3.9,16.8,11.1,27.8,0.0,0.19,3.9,14.0,13.3,0.0,0.0,0.22,5.1,14.0,33.3,20.0,13.3,0.14,2.5,19.6,23.8,9.5,0.0,0.17,3.4,17.8,10.5,15.8,0.0,0.16,3.1,17.8,10.5,21.1,0.0,0.14,3.2,14.0,6.7,26.7,0.0,0.17,3.3,16.8,0.0,0.0,0.0,0.21,4.4,21.6,60.0,26.7,6.7,0.14,2.5,15.1,14.3,52.4,9.5,0.15,2.9,15.1,14.3,38.1,9.5,0.13,2.4,16.5,17.4,34.8,21.7,0.14,3.0,15.1,19.0,23.8,0.0,0.19,4.0,16.5,8.7,13.0,0.0,0.2,3.8,22.1,76.7,13.3,6.7,0.11,1.9,16.2,18.2,18.2,27.3,0.15,3.1,14.7,25.0,35.0,25.0,0.14,2.8,14.7,15.0,25.0,45.0,0.16,3.0,17.6,12.5,20.8,33.3,0.16,3.6,14.7,15.0,35.0,0.0,0.21,4.9
20260912,10,8,1800,3442,B1,香川,57.0,55.0,4.26,21.28,5.8,30.0,69,28.95,63,32.56,4842,A2,岡山,34.0,55.0,5.8,36.26,6.72,55.17,55,35.25,29,26.32,3251,A2,埼玉,60.0,50.0,5.89,37.4,5.78,42.11,41,26.23,50,33.33,4199,A1,愛知,44.0,59.0,6.29,44.44,6.47,58.82,33,36.29,15,36.64,4564,B1,広島,38.0,53.0,4.68,22.22,4.57,26.67,11,26.36,72,33.33,5294,B1,静岡,24.0,50.0,3.61,17.33,3.43,13.04,47,19.66,41,19.1,12.2,44.4,22.2,22.2,0.18,4.1,16.2,25.0,25.0,0.0,0.17,2.8,18.9,7.1,14.3,50.0,0.18,2.7,18.9,7.1,21.4,28.6,0.15,3.1,18.9,7.1,28.6,0.0,0.14,3.6,14.9,27.3,0.0,0.0,0.17,3.5,17.8,65.2,21.7,8.7,0.15,2.2,17.1,22.7,22.7,13.6,0.16,3.2,15.5,15.0,40.0,20.0,0.18,2.5,20.2,7.7,19.2,19.2,0.17,3.0,14.7,10.5,15.8,36.8,0.13,2.7,14.7,5.3,10.5,15.8,0.18,4.1,17.9,38.5,26.9,15.4,0.19,4.0,17.2,24.0,28.0,24.0,0.18,4.1,20.0,6.9,24.1,20.7,0.21,4.3,15.2,27.3,22.7,9.1,0.19,3.8,17.2,16.0,16.0,0.0,0.18,4.4,12.4,5.6,5.6,22.2,0.23,5.4,22.6,75.7,10.8,5.4,0.13,2.0,25.0,24.4,31.7,24.4,0.16,2.8,27.4,6.7,26.7,20.0,0.16,2.7,23.8,10.3,15.4,25.6,0.15,2.7,1.2,0.0,0.0,0.0,0.3,3.5,0.0,0.0,0.0,0.0,0.0,0.0,15.4,25.0,31.2,25.0,0.18,3.9,12.5,7.7,53.8,7.7,0.19,4.2,21.2,4.5,31.8,18.2,0.18,3.6,20.2,4.8,19.0,23.8,0.19,4.2,18.3,10.5,21.1,0.0,0.22,4.4,12.5,7.7,0.0,0.0,0.19,4.8,13.7,35.7,14.3,7.1,0.16,3.1,17.6,5.6,22.2,5.6,0.18,3.8,17.6,5.6,11.1,33.3,0.13,2.5,17.6,5.6,5.6,0.0,0.16,3.5,18.6,5.3,10.5,0.0,0.18,3.2,14.7,0.0,0.0,0.0,0.22,4.5
20260912,10,9,1800,4589,B1,三重,34.0,50.0,5.69,33.33,6.74,56.52,59,25.42,54,35.83,3563,B1,静岡,56.0,53.0,5.94,41.74,4.6,24.0,53,33.33,13,29.84,4930,A2,福井,30.0,54.0,6.22,41.75,5.85,37.65,27,38.1,60,32.31,4233,A2,群馬,43.0,52.0,6.05,45.9,5.88,62.5,42,42.28,49,23.31,4950,A1,山口,33.0,53.0,6.17,46.61,5.35,41.18,17,37.04,25,35.71,5323,B2,滋賀,23.0,56.0,4.64,25.53,2.86,3.45,56,27.64,70,29.51,13.8,66.7,33.3,0.0,0.12,2.2,20.0,7.7,15.4,23.1,0.19,2.8,16.9,27.3,9.1,27.3,0.16,2.9,18.5,16.7,8.3,0.0,0.14,2.1,18.5,16.7,0.0,0.0,0.18,4.0,12.3,0.0,0.0,0.0,0.23,4.3,16.4,38.9,27.8,11.1,0.15,3.0,19.1,4.8,23.8,23.8,0.14,3.2,20.0,27.3,22.7,0.0,0.14,2.6,23.6,19.2,23.1,0.0,0.17,3.8,15.5,11.8,17.6,5.9,0.18,3.2,5.5,0.0,0.0,0.0,0.14,3.5,17.7,60.0,20.0,15.0,0.1,1.8,18.6,14.3,28.6,28.6,0.16,2.7,15.9,11.1,22.2,16.7,0.17,2.9,14.2,25.0,6.2,6.2,0.15,2.9,18.6,9.5,9.5,33.3,0.17,3.0,15.0,5.9,11.8,0.0,0.19,4.2,21.1,61.5,11.5,26.9,0.18,2.7,19.5,12.5,33.3,29.2,0.14,3.4,12.2,33.3,53.3,6.7,0.12,2.7,14.6,5.6,22.2,0.0,0.17,3.1,17.9,4.5,18.2,22.7,0.19,3.7,14.6,5.6,33.3,0.0,0.18,4.2,19.7,83.3,8.3,8.3,0.15,3.0,14.8,16.7,50.0,11.1,0.17,3.6,18.0,31.8,22.7,9.1,0.16,3.0,15.6,21.1,15.8,31.6,0.15,3.1,17.2,9.5,14.3,23.8,0.19,3.1,14.8,5.6,16.7,0.0,0.16,3.7,10.5,33.3,50.0,0.0,0.17,3.0,17.5,10.0,10.0,10.0,0.2,4.6,19.3,27.3,18.2,0.0,0.17,3.3,12.3,14.3,28.6,28.6,0.17,3.1,17.5,20.0,10.0,0.0,0.2,4.4,22.8,15.4,0.0,0.0,0.16,4.5
20260912,10,10,1800,3156,B1,静岡,61.0,54.0,4.05,21.84,5.17,26.83,51,38.52,27,32.2,4890,A2,山口,37.0,52.0,5.93,39.36,4.0,25.0,45,38.1,62,33.61,3805,B1,東京,52.0,53.0,5.46,34.86,5.28,44.44,28,30.08,44,39.82,4081,B1,愛知,47.0,55.0,5.52,34.21,4.21,19.15,39,32.2,69,29.23,4155,A2,福岡,45.0,57.0,6.16,47.22,4.0,30.0,12,37.4,48,34.11,5045,A2,埼玉,26.0,46.0,7.05,52.43,4.1,15.0,40,39.2,19,39.2,15.2,8.3,41.7,16.7,0.18,3.0,25.3,20.0,15.0,0.0,0.18,4.1,35.4,7.1,28.6,7.1,0.17,3.4,16.5,7.7,23.1,0.0,0.15,3.8,6.3,0.0,0.0,0.0,0.2,3.6,1.3,0.0,0.0,0.0,0.13,1.0,16.3,62.5,18.8,0.0,0.14,2.2,21.4,14.3,33.3,23.8,0.15,3.0,15.3,13.3,20.0,33.3,0.13,1.8,15.3,13.3,20.0,40.0,0.14,2.5,17.3,11.8,17.6,11.8,0.14,2.2,14.3,7.1,7.1,35.7,0.12,1.9,17.6,43.8,6.2,25.0,0.15,2.9,18.7,11.8,29.4,23.5,0.12,3.1,15.4,7.1,21.4,14.3,0.13,2.4,16.5,13.3,6.7,33.3,0.14,2.4,17.6,25.0,18.8,0.0,0.14,2.8,14.3,7.7,7.7,0.0,0.16,4.1,13.3,26.7,20.0,20.0,0.17,3.9,16.8,5.3,26.3,36.8,0.18,3.4,19.5,4.5,13.6,18.2,0.18,4.0,18.6,4.8,19.0,0.0,0.18,4.3,15.9,5.6,0.0,0.0,0.21,4.7,15.9,5.6,5.6,0.0,0.2,4.6,21.8,66.7,22.2,0.0,0.14,3.1,12.1,33.3,13.3,20.0,0.17,3.1,19.4,4.2,25.0,33.3,0.17,3.4,16.1,15.0,40.0,25.0,0.14,2.7,16.9,19.0,4.8,0.0,0.17,3.5,13.7,11.8,11.8,11.8,0.15,3.6,17.1,45.8,25.0,8.3,0.2,3.6,16.4,17.4,34.8,13.0,0.19,3.9,17.1,12.5,29.2,33.3,0.17,3.5,19.3,3.7,40.7,14.8,0.21,4.0,16.4,8.7,39.1,0.0,0.19,3.5,13.6,5.3,26.3,0.0,0.2,4.4
20260912,10,11,1800,4003,B1,福井,48.0,55.0,5.68,35.63,5.44,29.87,38,27.87,67,35.04,3968,A2,滋賀,50.0,52.0,5.04,28.92,6.09,34.48,16,21.43,58,39.84,4953,A1,埼玉,31.0,54.0,6.46,48.8,7.08,50.0,64,32.5,66,34.35,3746,A2,岡山,51.0,53.0,5.74,35.04,7.45,63.64,21,32.31,52,34.55,3659,A2,群馬,51.0,54.0,5.53,32.1,5.75,41.67,58,33.09,46,37.4,4139,B1,愛知,45.0,55.0,4.55,27.27,5.08,32.69,68,11.88,32,36.21,16.0,46.7,13.3,13.3,0.16,3.0,14.9,14.3,35.7,14.3,0.2,4.4,19.1,11.1,38.9,5.6,0.17,3.1,16.0,53.3,13.3,0.0,0.2,4.2,16.0,6.7,33.3,0.0,0.19,3.9,18.1,17.6,17.6,0.0,0.17,3.4,19.0,56.5,17.4,17.4,0.14,2.8,15.7,21.1,15.8,21.1,0.18,3.9,15.7,15.8,15.8,31.6,0.16,2.9,15.7,5.3,10.5,52.6,0.19,3.3,16.5,5.0,15.0,30.0,0.19,3.8,17.4,4.8,33.3,0.0,0.24,5.2,18.8,85.7,9.5,0.0,0.16,2.9,16.1,27.8,33.3,11.1,0.16,3.5,18.8,28.6,28.6,14.3,0.18,3.8,13.4,13.3,46.7,13.3,0.15,3.0,18.8,9.5,42.9,0.0,0.16,3.2,14.3,12.5,6.2,31.2,0.15,3.6,20.7,63.3,20.0,3.3,0.15,3.3,14.5,9.5,23.8,38.1,0.18,3.3,17.9,3.8,30.8,23.1,0.16,3.4,18.6,7.4,22.2,14.8,0.2,4.2,15.2,13.6,31.8,0.0,0.18,4.3,13.1,10.5,21.1,0.0,0.21,4.8,18.0,55.6,22.2,16.7,0.14,2.4,16.0,37.5,18.8,0.0,0.16,3.6,16.0,6.2,43.8,31.2,0.17,3.4,21.0,9.5,14.3,28.6,0.18,3.1,15.0,6.7,6.7,26.7,0.2,3.9,14.0,7.1,28.6,0.0,0.17,3.5,14.6,38.5,23.1,0.0,0.15,2.8,15.7,21.4,28.6,0.0,0.18,3.4,19.1,11.8,23.5,23.5,0.19,3.6,20.2,16.7,5.6,11.1,0.2,3.8,18.0,6.2,25.0,0.0,0.2,3.8,12.4,9.1,0.0,0.0,0.2,4.1
20260912,10,12,1800,3940,A1,東京,48.0,53.0,6.3,47.46,7.13,60.71,50,30.22,38,33.61,4931,A1,香川,30.0,53.0,6.76,51.97,5.78,33.33,32,23.93,39,28.57,4199,A1,愛知,44.0,59.0,6.29,44.44,6.47,58.82,33,36.29,15,36.64,5029,A1,福岡,29.0,54.0,7.01,56.49,6.1,30.0,20,36.92,14,36.89,5034,A1,静岡,28.0,56.0,6.42,47.06,7.07,48.15,54,41.03,71,39.47,5141,A1,群馬,25.0,51.0,6.53,56.25,7.5,66.67,35,47.01,30,33.61,24.3,69.4,22.2,2.8,0.13,2.4,17.6,15.4,7.7,19.2,0.16,3.3,16.2,20.8,25.0,12.5,0.16,2.6,14.2,14.3,23.8,28.6,0.14,2.8,14.9,13.6,13.6,18.2,0.14,2.5,12.8,21.1,21.1,0.0,0.15,2.9,22.1,76.7,13.3,6.7,0.11,1.9,16.2,18.2,18.2,27.3,0.15,3.1,14.7,25.0,35.0,25.0,0.14,2.8,14.7,15.0,25.0,45.0,0.16,3.0,17.6,12.5,20.8,33.3,0.16,3.6,14.7,15.0,35.0,0.0,0.21,4.9,22.6,75.7,10.8,5.4,0.13,2.0,25.0,24.4,31.7,24.4,0.16,2.8,27.4,6.7,26.7,20.0,0.16,2.7,23.8,10.3,15.4,25.6,0.15,2.7,1.2,0.0,0.0,0.0,0.3,3.5,0.0,0.0,0.0,0.0,0.0,0.0,20.2,83.3,4.2,4.2,0.14,1.8,16.0,15.8,36.8,26.3,0.12,2.2,16.8,10.0,25.0,25.0,0.14,2.6,19.3,34.8,21.7,8.7,0.1,1.9,15.1,16.7,22.2,16.7,0.16,2.3,12.6,13.3,6.7,0.0,0.16,3.9,22.4,75.8,15.2,3.0,0.1,2.0,15.6,13.0,30.4,8.7,0.12,2.8,21.1,41.9,25.8,0.0,0.13,2.5,20.4,20.0,10.0,26.7,0.12,2.1,9.5,7.1,28.6,7.1,0.15,3.3,10.9,31.2,0.0,0.0,0.17,3.5,25.0,50.0,19.2,7.7,0.15,2.7,14.4,13.3,40.0,20.0,0.16,2.9,21.2,22.7,45.5,13.6,0.14,2.4,14.4,33.3,26.7,6.7,0.12,1.9,14.4,20.0,26.7,20.0,0.14,2.7,10.6,9.1,45.5,0.0,0.17,3.5
20260912,09,1,1800,4136,A1,福岡,46.0,55.0,6.33,42.11,5.97,41.38,47,30.82,52,35.17,4458,B1,広島,40.0,54.0,5.49,29.73,4.27,11.54,58,40.27,25,37.28,5354,B1,三重,21.0,51.0,4.44,24.72,2.92,12.09,33,28.74,36,29.06,5172,B1,徳島,25.0,52.0,5.09,36.26,5.3,30.0,21,39.35,56,36.94,4106,B1,佐賀,46.0,52.0,4.22,23.38,4.11,22.22,36,42.57,65,34.34,4423,B1,岡山,37.0,56.0,5.78,39.6,5.44,25.0,72,33.52,53,24.3,21.8,75.0,8.3,12.5,0.13,2.6,16.4,11.1,38.9,33.3,0.17,3.4,14.5,25.0,31.2,12.5,0.15,2.4,14.5,6.2,37.5,31.2,0.17,4.5,15.5,5.9,17.6,29.4,0.19,4.1,17.3,15.8,26.3,0.0,0.2,4.3,13.1,45.5,27.3,0.0,0.14,1.8,22.6,15.8,31.6,10.5,0.14,2.9,14.3,16.7,25.0,33.3,0.15,3.1,17.9,6.7,26.7,0.0,0.15,3.2,21.4,22.2,22.2,0.0,0.17,3.1,10.7,11.1,0.0,0.0,0.16,3.1,0.0,0.0,0.0,0.0,0.0,0.0,0.0,0.0,0.0,0.0,0.0,0.0,0.0,0.0,0.0,0.0,0.0,0.0,28.8,4.3,8.7,4.3,0.21,4.1,28.8,8.7,13.0,0.0,0.19,3.5,42.5,2.9,5.9,8.8,0.18,3.5,16.3,57.1,7.1,7.1,0.22,4.2,17.4,6.7,26.7,13.3,0.18,4.4,14.0,16.7,16.7,0.0,0.21,4.4,17.4,20.0,13.3,0.0,0.19,4.1,17.4,6.7,6.7,26.7,0.17,4.5,17.4,13.3,13.3,0.0,0.18,4.1,11.4,55.6,0.0,0.0,0.2,4.3,17.7,7.1,7.1,28.6,0.21,3.9,21.5,29.4,0.0,0.0,0.16,3.6,16.5,15.4,7.7,0.0,0.18,3.8,24.1,5.3,5.3,15.8,0.19,3.8,8.9,0.0,0.0,0.0,0.16,3.0,15.2,40.0,20.0,6.7,0.15,3.3,16.2,12.5,31.2,18.8,0.18,3.8,14.1,7.1,14.3,14.3,0.17,3.9,21.2,14.3,23.8,23.8,0.16,3.0,16.2,6.2,12.5,0.0,0.16,3.3,17.2,5.9,23.5,0.0,0.19,4.1
20260912,09,2,1800,3268,B1,三重,61.0,53.0,4.8,29.81,4.8,33.9,16,38.78,28,37.5,3430,B1,広島,58.0,56.0,4.37,24.74,4.72,33.33,48,37.35,64,34.06,3619,B1,群馬,52.0,51.0,5.14,30.0,5.95,36.84,19,17.53,61,27.94,3211,B1,佐賀,64.0,53.0,4.19,19.0,6.1,50.0,62,29.56,38,31.52,3448,B1,群馬,56.0,55.0,4.35,21.62,4.59,20.59,29,31.25,47,28.23,3567,B1,山口,56.0,55.0,3.1,17.46,2.71,14.29,28,34.64,73,32.7,14.6,50.0,21.4,7.1,0.15,3.4,24.0,4.3,8.7,17.4,0.16,3.7,25.0,20.8,12.5,0.0,0.17,3.4,20.8,5.0,5.0,20.0,0.18,3.8,13.5,7.7,7.7,0.0,0.15,4.4,2.1,0.0,0.0,0.0,0.17,4.0,13.7,53.8,7.7,0.0,0.16,2.8,17.9,5.9,23.5,11.8,0.17,3.6,16.8,6.2,12.5,0.0,0.17,3.6,21.1,5.0,15.0,5.0,0.2,3.8,18.9,5.6,5.6,5.6,0.16,3.8,11.6,9.1,9.1,0.0,0.16,3.6,16.2,29.4,29.4,11.8,0.18,3.2,14.3,13.3,40.0,6.7,0.18,3.7,18.1,15.8,15.8,26.3,0.17,3.8,19.0,20.0,20.0,0.0,0.19,4.0,17.1,11.1,0.0,0.0,0.22,4.4,15.2,12.5,0.0,0.0,0.21,5.1,16.0,25.0,25.0,16.7,0.19,3.4,14.7,9.1,18.2,9.1,0.18,3.4,17.3,7.7,7.7,0.0,0.18,3.6,18.7,21.4,7.1,0.0,0.16,3.0,18.7,7.1,7.1,0.0,0.18,4.1,14.7,9.1,0.0,0.0,0.2,4.5,16.7,46.7,20.0,26.7,0.17,3.4,16.7,13.3,13.3,20.0,0.18,4.7,17.8,18.8,31.2,0.0,0.2,3.9,17.8,12.5,6.2,0.0,0.19,3.6,17.8,6.2,6.2,6.2,0.21,4.1,13.3,8.3,25.0,0.0,0.19,3.8,12.1,12.5,25.0,0.0,0.15,3.4,21.2,7.1,14.3,21.4,0.22,3.4,15.2,30.0,10.0,0.0,0.17,4.1,16.7,9.1,0.0,0.0,0.13,3.1,19.7,7.7,0.0,0.0,0.19,4.2,15.2,0.0,0.0,0.0,0.19,4.2
20260912,09,3,1800,4390,B1,徳島,40.0,52.0,3.9,17.0,6.33,44.44,24,39.57,26,38.96,4824,A2,三重,33.0,52.0,5.97,45.22,6.17,46.15,25,39.23,63,31.61,4977,A2,大阪,32.0,54.0,6.16,41.13,5.33,27.78,51,42.24,45,36.69,3827,B1,群馬,53.0,52.0,4.04,14.43,5.75,37.5,49,38.26,41,19.51,5356,B1,岡山,21.0,50.0,4.82,27.87,0.0,0.0,63,29.59,20,35.71,4703,A1,山口,38.0,52.0,6.68,56.67,5.85,30.0,68,37.78,39,34.91,12.8,28.6,7.1,14.3,0.2,3.9,17.4,5.3,10.5,21.1,0.25,4.5,20.2,18.2,13.6,9.1,0.2,3.9,16.5,5.6,16.7,0.0,0.2,3.6,22.9,16.0,8.0,20.0,0.16,3.1,10.1,9.1,0.0,0.0,0.2,4.8,20.6,70.4,14.8,0.0,0.13,2.7,15.3,25.0,15.0,10.0,0.13,2.6,17.6,8.7,47.8,13.0,0.12,1.9,17.6,13.0,17.4,17.4,0.12,2.3,16.0,14.3,9.5,23.8,0.11,2.9,13.0,11.8,11.8,0.0,0.15,3.5,19.3,75.0,12.5,0.0,0.15,2.9,19.3,18.8,18.8,37.5,0.15,3.6,15.7,46.2,23.1,0.0,0.2,3.7,18.1,6.7,20.0,13.3,0.14,2.4,15.7,7.7,23.1,23.1,0.17,3.4,12.0,10.0,30.0,0.0,0.14,4.0,16.0,20.0,20.0,20.0,0.17,3.3,16.0,33.3,13.3,0.0,0.2,4.0,17.0,6.2,50.0,0.0,0.16,2.7,19.1,5.6,0.0,0.0,0.16,3.3,18.1,5.9,5.9,17.6,0.19,3.7,13.8,0.0,0.0,0.0,0.16,4.4,12.5,27.3,27.3,18.2,0.12,2.6,17.0,26.7,20.0,0.0,0.1,2.7,23.9,14.3,14.3,14.3,0.16,2.9,11.4,20.0,20.0,0.0,0.12,3.0,15.9,21.4,35.7,0.0,0.16,3.4,19.3,5.9,5.9,11.8,0.19,4.4,20.9,58.3,20.8,12.5,0.14,2.2,15.7,16.7,27.8,22.2,0.16,3.0,13.9,25.0,25.0,12.5,0.18,3.1,20.9,20.8,33.3,4.2,0.14,3.3,17.4,25.0,30.0,0.0,0.17,4.0,11.3,7.7,15.4,7.7,0.16,3.1
20260912,09,4,1800,5359,B1,東京,20.0,56.0,4.3,26.87,2.2,5.0,35,36.88,71,24.75,4581,A1,静岡,37.0,52.0,6.59,49.09,5.92,30.56,60,26.0,30,35.19,3973,B1,群馬,50.0,55.0,4.57,25.49,3.4,12.5,55,28.57,12,28.48,4949,A2,佐賀,33.0,49.0,5.95,38.82,0.0,0.0,70,34.13,27,27.27,4318,A2,東京,42.0,52.0,5.31,26.25,5.41,40.74,15,36.17,57,36.0,3901,B2,山口,49.0,53.0,4.7,30.19,4.25,25.0,18,34.62,67,33.54,12.8,36.4,27.3,0.0,0.19,3.9,20.9,22.2,16.7,27.8,0.16,3.5,15.1,38.5,23.1,0.0,0.15,2.6,17.4,6.7,6.7,6.7,0.18,3.5,19.8,11.8,11.8,17.6,0.17,3.6,14.0,8.3,33.3,0.0,0.21,4.3,20.1,64.3,14.3,10.7,0.13,2.4,16.5,17.4,56.5,4.3,0.15,2.8,15.8,22.7,27.3,9.1,0.15,3.4,20.9,13.8,6.9,31.0,0.16,3.5,10.8,13.3,33.3,6.7,0.13,2.8,15.8,4.5,9.1,18.2,0.12,2.5,15.0,20.0,20.0,6.7,0.21,3.9,19.0,5.3,15.8,15.8,0.2,3.9,17.0,5.9,29.4,11.8,0.19,3.8,18.0,5.6,5.6,11.1,0.22,3.9,17.0,11.8,0.0,0.0,0.24,4.1,14.0,7.1,7.1,0.0,0.19,4.4,21.6,63.0,18.5,7.4,0.15,2.8,17.6,9.1,18.2,22.7,0.15,2.7,17.6,13.6,22.7,27.3,0.15,2.9,14.4,11.1,16.7,11.1,0.18,3.7,17.6,4.5,13.6,18.2,0.17,3.9,11.2,7.1,14.3,0.0,0.15,3.9,17.7,60.0,15.0,5.0,0.17,2.8,19.5,13.6,22.7,27.3,0.16,3.5,16.8,10.5,36.8,5.3,0.15,3.0,17.7,25.0,45.0,0.0,0.15,3.0,15.9,22.2,38.9,0.0,0.14,3.1,12.4,7.1,21.4,0.0,0.17,4.1,8.7,75.0,0.0,0.0,0.25,5.0,23.9,9.1,18.2,18.2,0.22,4.6,17.4,25.0,25.0,0.0,0.21,4.3,19.6,11.1,22.2,0.0,0.2,3.9,23.9,9.1,9.1,0.0,0.2,4.5,6.5,0.0,0.0,0.0,0.28,5.7
20260912,09,5,1800,3900,A2,滋賀,49.0,48.0,6.19,44.94,6.33,45.45,57,22.12,68,24.56,4349,B1,福岡,40.0,51.0,4.39,25.68,5.36,39.29,59,29.48,11,36.31,5204,B2,三重,29.0,45.0,4.65,21.98,4.78,25.4,71,30.25,69,35.19,4017,B1,山口,46.0,45.0,5.61,36.78,5.91,36.36,41,42.58,35,21.05,3580,B1,滋賀,53.0,49.0,4.47,17.78,4.68,21.43,69,23.48,54,22.83,5277,B1,福岡,24.0,46.0,4.73,23.81,4.39,22.22,32,37.14,31,38.19,18.8,61.5,15.4,7.7,0.17,2.8,15.9,9.1,45.5,22.7,0.2,4.2,19.6,11.1,22.2,33.3,0.16,3.6,17.4,16.7,29.2,25.0,0.19,3.4,15.9,13.6,9.1,31.8,0.17,2.9,12.3,23.5,11.8,0.0,0.22,4.1,11.2,22.2,22.2,33.3,0.2,3.4,21.2,5.9,17.6,23.5,0.18,3.7,17.5,7.1,21.4,7.1,0.13,2.6,16.2,7.7,15.4,7.7,0.15,2.8,23.8,10.5,0.0,0.0,0.15,3.4,10.0,12.5,12.5,25.0,0.1,2.0,10.8,25.0,0.0,0.0,0.25,4.0,18.9,14.3,28.6,0.0,0.19,3.3,18.9,42.9,0.0,0.0,0.19,3.7,13.5,20.0,20.0,0.0,0.15,3.8,21.6,0.0,0.0,0.0,0.17,2.9,16.2,0.0,0.0,0.0,0.13,3.0,18.6,63.6,18.2,13.6,0.16,3.2,16.1,21.1,26.3,10.5,0.2,3.4,17.8,23.8,19.0,0.0,0.19,3.8,16.9,5.0,20.0,15.0,0.21,3.5,15.3,16.7,38.9,0.0,0.2,4.7,15.3,11.1,0.0,0.0,0.23,4.9,14.4,14.3,42.9,0.0,0.21,3.6,18.6,16.7,33.3,0.0,0.2,3.7,17.5,23.5,23.5,0.0,0.17,4.1,21.6,4.8,14.3,0.0,0.19,3.5,16.5,6.2,12.5,0.0,0.23,4.2,11.3,18.2,0.0,0.0,0.19,3.7,15.3,52.9,23.5,17.6,0.16,2.6,15.3,17.6,35.3,23.5,0.15,3.1,19.8,9.1,22.7,27.3,0.13,2.1,18.9,9.5,9.5,42.9,0.15,2.5,14.4,12.5,12.5,0.0,0.19,3.0,16.2,22.2,0.0,0.0,0.13,3.4
20260912,09,6,1800,4119,B1,大阪,45.0,53.0,6.02,38.68,6.11,44.44,53,32.33,50,32.62,4423,B1,岡山,37.0,56.0,5.78,39.6,5.44,25.0,72,33.52,53,24.3,4702,A1,東京,39.0,52.0,5.82,41.46,6.44,55.56,23,31.69,58,23.08,4259,A2,長崎,42.0,53.0,5.66,34.92,3.6,20.0,22,38.61,74,39.87,5327,B2,埼玉,22.0,49.0,1.91,1.89,1.5,0.0,34,26.47,24,32.95,4757,A1,徳島,37.0,53.0,6.61,45.79,6.17,39.13,27,33.56,18,37.21,17.5,44.4,27.8,11.1,0.19,3.3,17.5,22.2,50.0,0.0,0.2,4.2,16.5,11.8,29.4,35.3,0.17,3.6,21.4,4.5,13.6,22.7,0.18,4.1,14.6,6.7,0.0,0.0,0.18,4.3,12.6,7.7,38.5,0.0,0.21,4.5,15.2,40.0,20.0,6.7,0.15,3.3,16.2,12.5,31.2,18.8,0.18,3.8,14.1,7.1,14.3,14.3,0.17,3.9,21.2,14.3,23.8,23.8,0.16,3.0,16.2,6.2,12.5,0.0,0.16,3.3,17.2,5.9,23.5,0.0,0.19,4.1,20.3,79.2,12.5,0.0,0.13,2.8,19.5,21.7,30.4,4.3,0.15,2.9,13.6,37.5,6.2,18.8,0.16,3.8,13.6,18.8,31.2,18.8,0.14,3.2,16.1,26.3,10.5,15.8,0.15,2.3,16.9,25.0,15.0,0.0,0.13,3.3,19.9,55.6,22.2,11.1,0.13,2.4,19.1,19.2,30.8,19.2,0.13,2.8,16.2,9.1,36.4,18.2,0.14,2.9,17.6,8.3,4.2,29.2,0.16,3.1,15.4,14.3,19.0,0.0,0.14,3.2,11.8,6.2,25.0,0.0,0.21,3.7,10.8,0.0,0.0,0.0,0.17,4.3,21.7,5.6,0.0,0.0,0.21,4.2,18.1,6.7,0.0,0.0,0.17,3.7,15.7,7.7,0.0,0.0,0.23,4.5,16.9,0.0,0.0,0.0,0.17,3.5,16.9,0.0,0.0,0.0,0.17,3.4,22.4,73.3,10.0,6.7,0.14,2.8,14.9,15.0,35.0,30.0,0.16,3.8,17.9,20.8,20.8,16.7,0.15,2.7,15.7,14.3,28.6,28.6,0.15,3.0,18.7,8.0,28.0,32.0,0.14,3.0,10.4,14.3,7.1,14.3,0.16,3.6
20260912,09,7,1800,5356,B1,岡山,21.0,50.0,4.82,27.87,0.0,0.0,63,29.59,20,35.71,3629,A2,埼玉,56.0,52.0,5.07,27.12,5.93,37.04,50,33.33,21,31.1,4644,A1,東京,47.0,52.0,6.62,47.58,5.0,37.5,44,45.59,14,25.49,3567,B1,山口,56.0,55.0,3.1,17.46,2.71,14.29,28,34.64,73,32.7,5049,A2,大阪,31.0,55.0,6.45,48.28,5.07,26.67,39,41.56,23,38.03,4933,A2,静岡,30.0,53.0,6.54,44.21,8.13,75.0,64,31.88,76,40.56,12.5,27.3,27.3,18.2,0.12,2.6,17.0,26.7,20.0,0.0,0.1,2.7,23.9,14.3,14.3,14.3,0.16,2.9,11.4,20.0,20.0,0.0,0.12,3.0,15.9,21.4,35.7,0.0,0.16,3.4,19.3,5.9,5.9,11.8,0.19,4.4,18.5,83.3,8.3,4.2,0.13,2.5,17.7,30.4,26.1,17.4,0.14,2.4,16.9,9.1,4.5,36.4,0.14,2.3,19.2,16.0,16.0,24.0,0.14,2.8,17.7,8.7,21.7,13.0,0.13,2.5,10.0,30.8,0.0,0.0,0.18,3.8,18.2,68.2,22.7,4.5,0.14,2.2,14.9,11.1,55.6,5.6,0.15,3.7,18.2,18.2,31.8,18.2,0.17,2.8,20.7,20.0,20.0,8.0,0.14,2.0,17.4,14.3,9.5,42.9,0.15,2.5,10.7,7.7,15.4,0.0,0.11,2.3,12.1,12.5,25.0,0.0,0.15,3.4,21.2,7.1,14.3,21.4,0.22,3.4,15.2,30.0,10.0,0.0,0.17,4.1,16.7,9.1,0.0,0.0,0.13,3.1,19.7,7.7,0.0,0.0,0.19,4.2,15.2,0.0,0.0,0.0,0.19,4.2,14.4,61.5,23.1,15.4,0.18,2.9,13.3,33.3,16.7,16.7,0.18,3.5,14.4,23.1,23.1,15.4,0.18,3.7,16.7,6.7,6.7,40.0,0.18,3.6,18.9,11.8,23.5,29.4,0.19,4.0,22.2,5.0,0.0,0.0,0.22,4.5,17.8,72.2,11.1,5.6,0.12,2.6,16.8,11.8,29.4,29.4,0.13,2.9,12.9,15.4,7.7,15.4,0.12,2.7,16.8,5.9,29.4,29.4,0.14,2.4,16.8,11.8,23.5,17.6,0.17,3.4,18.8,5.3,26.3,0.0,0.19,4.5
20260912,09,8,1800,3827,B1,群馬,53.0,52.0,4.04,14.43,5.75,37.5,49,38.26,41,19.51,4058,A1,静岡,47.0,52.0,6.08,43.09,5.2,32.81,52,30.66,44,31.82,5172,B1,徳島,25.0,52.0,5.09,36.26,5.3,30.0,21,39.35,56,36.94,4532,A1,埼玉,37.0,51.0,6.98,56.32,6.51,32.56,66,26.39,34,38.26,3268,B1,三重,61.0,53.0,4.8,29.81,4.8,33.9,16,38.78,28,37.5,4695,A2,長崎,40.0,54.0,5.26,36.84,2.67,0.0,17,25.5,29,34.15,16.0,20.0,20.0,20.0,0.17,3.3,16.0,33.3,13.3,0.0,0.2,4.0,17.0,6.2,50.0,0.0,0.16,2.7,19.1,5.6,0.0,0.0,0.16,3.3,18.1,5.9,5.9,17.6,0.19,3.7,13.8,0.0,0.0,0.0,0.16,4.4,19.5,72.0,8.0,16.0,0.17,3.6,17.2,9.1,50.0,13.6,0.17,3.7,21.9,14.3,35.7,14.3,0.19,4.1,20.3,34.6,30.8,0.0,0.19,4.2,12.5,18.8,37.5,0.0,0.2,4.2,8.6,9.1,18.2,0.0,0.2,5.1,16.3,57.1,7.1,7.1,0.22,4.2,17.4,6.7,26.7,13.3,0.18,4.4,14.0,16.7,16.7,0.0,0.21,4.4,17.4,20.0,13.3,0.0,0.19,4.1,17.4,6.7,6.7,26.7,0.17,4.5,17.4,13.3,13.3,0.0,0.18,4.1,25.0,70.3,18.9,0.0,0.12,2.1,22.3,27.3,45.5,12.1,0.14,2.6,16.2,12.5,41.7,16.7,0.12,2.2,15.5,17.4,21.7,21.7,0.12,2.7,12.2,16.7,16.7,33.3,0.13,3.3,8.8,7.7,15.4,15.4,0.17,3.7,14.6,50.0,21.4,7.1,0.15,3.4,24.0,4.3,8.7,17.4,0.16,3.7,25.0,20.8,12.5,0.0,0.17,3.4,20.8,5.0,5.0,20.0,0.18,3.8,13.5,7.7,7.7,0.0,0.15,4.4,2.1,0.0,0.0,0.0,0.17,4.0,13.3,57.1,28.6,0.0,0.13,2.6,20.0,4.8,42.9,14.3,0.15,3.6,18.1,10.5,36.8,15.8,0.15,3.0,18.1,10.5,21.1,15.8,0.16,3.5,19.0,10.0,10.0,10.0,0.15,3.5,11.4,16.7,16.7,0.0,0.13,3.1
20260912,09,9,1800,5073,A2,福岡,31.0,54.0,5.28,31.3,4.13,13.33,11,27.7,22,33.95,5005,A1,埼玉,30.0,52.0,6.31,43.88,5.0,20.59,54,26.87,13,34.19,4017,B1,山口,46.0,45.0,5.61,36.78,5.91,36.36,41,42.58,35,21.05,3430,B1,広島,58.0,56.0,4.37,24.74,4.72,33.33,48,37.35,64,34.06,4156,A2,三重,45.0,57.0,5.37,30.97,5.82,39.6,43,26.39,15,40.79,4949,A2,佐賀,33.0,49.0,5.95,38.82,0.0,0.0,70,34.13,27,27.27,19.8,52.4,19.0,9.5,0.19,3.4,18.9,15.0,30.0,25.0,0.18,3.8,16.0,17.6,23.5,0.0,0.22,4.5,14.2,13.3,33.3,0.0,0.16,3.7,14.2,6.7,40.0,0.0,0.17,4.3,17.0,33.3,0.0,0.0,0.19,4.5,20.0,61.1,22.2,5.6,0.19,3.8,12.2,18.2,36.4,18.2,0.11,2.6,20.0,16.7,33.3,11.1,0.14,2.7,18.9,29.4,5.9,11.8,0.15,3.2,16.7,26.7,13.3,33.3,0.14,2.6,12.2,9.1,9.1,9.1,0.15,3.4,18.6,63.6,18.2,13.6,0.16,3.2,16.1,21.1,26.3,10.5,0.2,3.4,17.8,23.8,19.0,0.0,0.19,3.8,16.9,5.0,20.0,15.0,0.21,3.5,15.3,16.7,38.9,0.0,0.2,4.7,15.3,11.1,0.0,0.0,0.23,4.9,13.7,53.8,7.7,0.0,0.16,2.8,17.9,5.9,23.5,11.8,0.17,3.6,16.8,6.2,12.5,0.0,0.17,3.6,21.1,5.0,15.0,5.0,0.2,3.8,18.9,5.6,5.6,5.6,0.16,3.8,11.6,9.1,9.1,0.0,0.16,3.6,18.0,45.0,30.0,20.0,0.15,3.4,14.4,6.2,43.8,25.0,0.18,3.8,22.5,12.0,20.0,28.0,0.17,3.3,13.5,26.7,20.0,0.0,0.17,3.2,16.2,22.2,22.2,0.0,0.18,3.3,15.3,23.5,0.0,0.0,0.21,4.3,21.6,63.0,18.5,7.4,0.15,2.8,17.6,9.1,18.2,22.7,0.15,2.7,17.6,13.6,22.7,27.3,0.15,2.9,14.4,11.1,16.7,11.1,0.18,3.7,17.6,4.5,13.6,18.2,0.17,3.9,11.2,7.1,14.3,0.0,0.15,3.9
20260912,09,10,1800,4318,A2,東京,42.0,52.0,5.31,26.25,5.41,40.74,15,36.17,57,36.0,3448,B1,群馬,56.0,55.0,4.35,21.62,4.59,20.59,29,31.25,47,28.23,3349,A1,長崎,58.0,51.0,6.03,40.0,6.0,57.14,45,25.0,49,42.0,5354,B1,三重,21.0,51.0,4.44,24.72,2.92,12.09,33,28.74,36,29.06,3900,A2,滋賀,49.0,48.0,6.19,44.94,6.33,45.45,57,22.12,68,24.56,4977,A2,大阪,32.0,54.0,6.16,41.13,5.33,27.78,51,42.24,45,36.69,17.7,60.0,15.0,5.0,0.17,2.8,19.5,13.6,22.7,27.3,0.16,3.5,16.8,10.5,36.8,5.3,0.15,3.0,17.7,25.0,45.0,0.0,0.15,3.0,15.9,22.2,38.9,0.0,0.14,3.1,12.4,7.1,21.4,0.0,0.17,4.1,16.7,46.7,20.0,26.7,0.17,3.4,16.7,13.3,13.3,20.0,0.18,4.7,17.8,18.8,31.2,0.0,0.2,3.9,17.8,12.5,6.2,0.0,0.19,3.6,17.8,6.2,6.2,6.2,0.21,4.1,13.3,8.3,25.0,0.0,0.19,3.8,20.0,65.4,23.1,3.8,0.19,2.7,22.3,20.7,27.6,31.0,0.14,2.2,20.8,14.8,29.6,14.8,0.17,3.3,18.5,16.7,16.7,25.0,0.16,2.6,14.6,10.5,31.6,0.0,0.17,3.0,3.8,0.0,0.0,0.0,0.18,3.0,0.0,0.0,0.0,0.0,0.0,0.0,0.0,0.0,0.0,0.0,0.0,0.0,0.0,0.0,0.0,0.0,0.0,0.0,28.8,4.3,8.7,4.3,0.21,4.1,28.8,8.7,13.0,0.0,0.19,3.5,42.5,2.9,5.9,8.8,0.18,3.5,18.8,61.5,15.4,7.7,0.17,2.8,15.9,9.1,45.5,22.7,0.2,4.2,19.6,11.1,22.2,33.3,0.16,3.6,17.4,16.7,29.2,25.0,0.19,3.4,15.9,13.6,9.1,31.8,0.17,2.9,12.3,23.5,11.8,0.0,0.22,4.1,19.3,75.0,12.5,0.0,0.15,2.9,19.3,18.8,18.8,37.5,0.15,3.6,15.7,46.2,23.1,0.0,0.2,3.7,18.1,6.7,20.0,13.3,0.14,2.4,15.7,7.7,23.1,23.1,0.17,3.4,12.0,10.0,30.0,0.0,0.14,4.0
20260912,09,11,1800,4191,A1,埼玉,45.0,54.0,6.59,50.0,6.67,50.0,12,29.17,51,28.1,4933,A2,静岡,30.0,53.0,6.54,44.21,8.13,75.0,64,31.88,76,40.56,5277,B1,福岡,24.0,46.0,4.73,23.81,4.39,22.22,32,37.14,31,38.19,4702,A1,東京,39.0,52.0,5.82,41.46,6.44,55.56,23,31.69,58,23.08,4458,B1,広島,40.0,54.0,5.49,29.73,4.27,11.54,58,40.27,25,37.28,4824,A2,三重,33.0,52.0,5.97,45.22,6.17,46.15,25,39.23,63,31.61,17.5,58.8,23.5,5.9,0.17,3.2,23.7,39.1,13.0,17.4,0.16,3.3,16.5,37.5,18.8,12.5,0.16,2.9,16.5,6.2,43.8,18.8,0.17,3.6,17.5,5.9,23.5,23.5,0.14,3.0,8.2,25.0,0.0,0.0,0.16,4.0,17.8,72.2,11.1,5.6,0.12,2.6,16.8,11.8,29.4,29.4,0.13,2.9,12.9,15.4,7.7,15.4,0.12,2.7,16.8,5.9,29.4,29.4,0.14,2.4,16.8,11.8,23.5,17.6,0.17,3.4,18.8,5.3,26.3,0.0,0.19,4.5,15.3,52.9,23.5,17.6,0.16,2.6,15.3,17.6,35.3,23.5,0.15,3.1,19.8,9.1,22.7,27.3,0.13,2.1,18.9,9.5,9.5,42.9,0.15,2.5,14.4,12.5,12.5,0.0,0.19,3.0,16.2,22.2,0.0,0.0,0.13,3.4,20.3,79.2,12.5,0.0,0.13,2.8,19.5,21.7,30.4,4.3,0.15,2.9,13.6,37.5,6.2,18.8,0.16,3.8,13.6,18.8,31.2,18.8,0.14,3.2,16.1,26.3,10.5,15.8,0.15,2.3,16.9,25.0,15.0,0.0,0.13,3.3,13.1,45.5,27.3,0.0,0.14,1.8,22.6,15.8,31.6,10.5,0.14,2.9,14.3,16.7,25.0,33.3,0.15,3.1,17.9,6.7,26.7,0.0,0.15,3.2,21.4,22.2,22.2,0.0,0.17,3.1,10.7,11.1,0.0,0.0,0.16,3.1,20.6,70.4,14.8,0.0,0.13,2.7,15.3,25.0,15.0,10.0,0.13,2.6,17.6,8.7,47.8,13.0,0.12,1.9,17.6,13.0,17.4,17.4,0.12,2.3,16.0,14.3,9.5,23.8,0.11,2.9,13.0,11.8,11.8,0.0,0.15,3.5
20260912,09,12,1800,4532,A1,埼玉,37.0,51.0,6.98,56.32,6.51,32.56,66,26.39,34,38.26,4757,A1,徳島,37.0,53.0,6.61,45.79,6.17,39.13,27,33.56,18,37.21,4703,A1,山口,38.0,52.0,6.68,56.67,5.85,30.0,68,37.78,39,34.91,4644,A1,東京,47.0,52.0,6.62,47.58,5.0,37.5,44,45.59,14,25.49,4136,A1,福岡,46.0,55.0,6.33,42.11,5.97,41.38,47,30.82,52,35.17,4581,A1,静岡,37.0,52.0,6.59,49.09,5.92,30.56,60,26.0,30,35.19,25.0,70.3,18.9,0.0,0.12,2.1,22.3,27.3,45.5,12.1,0.14,2.6,16.2,12.5,41.7,16.7,0.12,2.2,15.5,17.4,21.7,21.7,0.12,2.7,12.2,16.7,16.7,33.3,0.13,3.3,8.8,7.7,15.4,15.4,0.17,3.7,22.4,73.3,10.0,6.7,0.14,2.8,14.9,15.0,35.0,30.0,0.16,3.8,17.9,20.8,20.8,16.7,0.15,2.7,15.7,14.3,28.6,28.6,0.15,3.0,18.7,8.0,28.0,32.0,0.14,3.0,10.4,14.3,7.1,14.3,0.16,3.6,20.9,58.3,20.8,12.5,0.14,2.2,15.7,16.7,27.8,22.2,0.16,3.0,13.9,25.0,25.0,12.5,0.18,3.1,20.9,20.8,33.3,4.2,0.14,3.3,17.4,25.0,30.0,0.0,0.17,4.0,11.3,7.7,15.4,7.7,0.16,3.1,18.2,68.2,22.7,4.5,0.14,2.2,14.9,11.1,55.6,5.6,0.15,3.7,18.2,18.2,31.8,18.2,0.17,2.8,20.7,20.0,20.0,8.0,0.14,2.0,17.4,14.3,9.5,42.9,0.15,2.5,10.7,7.7,15.4,0.0,0.11,2.3,21.8,75.0,8.3,12.5,0.13,2.6,16.4,11.1,38.9,33.3,0.17,3.4,14.5,25.0,31.2,12.5,0.15,2.4,14.5,6.2,37.5,31.2,0.17,4.5,15.5,5.9,17.6,29.4,0.19,4.1,17.3,15.8,26.3,0.0,0.2,4.3,20.1,64.3,14.3,10.7,0.13,2.4,16.5,17.4,56.5,4.3,0.15,2.8,15.8,22.7,27.3,9.1,0.15,3.4,20.9,13.8,6.9,31.0,0.16,3.5,10.8,13.3,33.3,6.7,0.13,2.8,15.8,4.5,9.1,18.2,0.12,2.5
20260912,08,1,1800,5188,A2,兵庫,25.0,45.0,5.97,39.05,6.47,46.67,58,31.22,66,21.43,4534,B1,大阪,36.0,45.0,3.93,17.24,3.65,23.53,24,32.3,32,48.65,5365,B1,東京,25.0,46.0,3.0,13.51,0.0,0.0,54,30.05,39,47.83,5251,B2,福井,24.0,50.0,2.53,2.78,1.94,0.0,14,46.88,61,15.22,5296,B1,愛知,24.0,46.0,4.06,22.39,2.51,9.68,20,31.51,26,41.3,4479,B1,山口,38.0,47.0,3.72,14.71,0.0,0.0,9,40.43,55,38.78,16.9,70.0,10.0,5.0,0.18,3.3,14.4,29.4,23.5,11.8,0.16,3.4,19.5,13.0,21.7,34.8,0.19,3.8,14.4,11.8,17.6,17.6,0.14,2.9,21.2,8.0,20.0,24.0,0.18,3.3,13.6,6.2,12.5,6.2,0.14,3.7,13.4,11.1,33.3,11.1,0.24,4.8,17.9,8.3,25.0,8.3,0.21,4.8,20.9,7.1,14.3,7.1,0.21,4.1,19.4,7.7,23.1,0.0,0.2,4.8,19.4,23.1,0.0,0.0,0.21,3.8,9.0,0.0,0.0,0.0,0.2,3.5,0.0,0.0,0.0,0.0,0.0,0.0,0.0,0.0,0.0,0.0,0.0,0.0,0.0,0.0,0.0,0.0,0.0,0.0,22.7,5.9,0.0,0.0,0.18,4.1,33.3,4.0,8.0,0.0,0.18,3.2,44.0,3.0,6.1,0.0,0.21,4.1,14.3,14.3,0.0,0.0,0.13,2.1,22.4,9.1,18.2,0.0,0.14,3.1,12.2,16.7,0.0,0.0,0.18,4.3,12.2,0.0,0.0,0.0,0.15,3.5,18.4,0.0,0.0,0.0,0.2,4.0,20.4,0.0,0.0,0.0,0.19,3.5,9.0,25.0,0.0,0.0,0.28,5.4,18.0,18.8,6.2,6.2,0.21,3.6,15.7,7.1,14.3,7.1,0.21,3.9,14.6,15.4,0.0,0.0,0.19,3.8,19.1,5.9,5.9,23.5,0.21,3.7,23.6,0.0,0.0,0.0,0.22,4.0,11.0,50.0,12.5,12.5,0.16,2.5,16.4,8.3,16.7,0.0,0.22,4.3,21.9,6.2,18.8,18.8,0.17,3.2,20.5,6.7,13.3,20.0,0.16,3.3,20.5,13.3,0.0,0.0,0.21,3.3,9.6,0.0,0.0,0.0,0.27,4.9
20260912,08,2,1800,5230,B1,愛知,23.0,46.0,4.77,31.53,3.73,23.08,47,34.93,50,34.78,4909,B1,岡山,30.0,44.0,4.72,32.05,5.46,28.57,41,35.02,53,36.96,5146,A2,山口,23.0,50.0,5.11,32.53,4.92,16.67,17,30.39,73,46.94,5357,B2,埼玉,21.0,54.0,1.63,0.0,1.37,0.0,10,43.98,24,36.96,5194,B1,埼玉,25.0,42.0,4.54,27.63,3.25,7.14,1,36.16,44,53.06,5052,B1,大阪,31.0,50.0,4.34,24.0,0.0,0.0,3,45.06,33,22.86,14.3,50.0,16.7,8.3,0.19,4.2,16.7,7.1,21.4,7.1,0.21,4.0,14.3,16.7,41.7,0.0,0.21,4.0,19.0,18.8,6.2,0.0,0.18,3.9,20.2,23.5,11.8,0.0,0.17,3.9,15.5,7.7,0.0,0.0,0.22,4.2,15.5,56.2,18.8,12.5,0.15,2.1,23.3,12.5,20.8,16.7,0.18,3.7,14.6,20.0,6.7,13.3,0.12,2.6,14.6,6.7,13.3,6.7,0.21,3.8,17.5,5.6,11.1,16.7,0.13,2.4,14.6,6.7,13.3,0.0,0.17,3.3,14.9,61.5,0.0,0.0,0.17,2.9,18.4,18.8,18.8,25.0,0.13,2.9,19.5,35.3,23.5,17.6,0.16,3.1,19.5,17.6,11.8,41.2,0.18,3.2,17.2,33.3,0.0,0.0,0.18,3.2,10.3,0.0,0.0,0.0,0.17,4.4,8.6,16.7,0.0,0.0,0.26,4.7,5.7,0.0,0.0,0.0,0.35,5.3,14.3,0.0,0.0,0.0,0.19,2.9,11.4,0.0,0.0,0.0,0.15,3.6,14.3,10.0,0.0,0.0,0.14,2.3,45.7,0.0,0.0,0.0,0.18,4.1,14.5,37.5,12.5,18.8,0.17,3.9,17.3,15.8,21.1,15.8,0.19,2.9,18.2,30.0,25.0,0.0,0.17,3.5,16.4,11.1,11.1,11.1,0.17,2.6,17.3,15.8,10.5,0.0,0.17,3.6,16.4,0.0,0.0,0.0,0.19,3.8,11.8,25.0,25.0,25.0,0.12,2.1,17.6,33.3,25.0,0.0,0.13,2.2,22.1,20.0,13.3,13.3,0.16,2.7,19.1,23.1,15.4,0.0,0.16,2.8,13.2,11.1,0.0,0.0,0.14,3.0,16.2,9.1,0.0,0.0,0.23,4.4
20260912,08,3,1800,5078,B1,三重,28.0,46.0,4.48,23.46,5.13,37.5,30,44.14,67,40.43,5324,B1,兵庫,23.0,49.0,3.09,4.41,1.12,0.0,52,34.4,35,37.5,4897,B1,愛知,34.0,44.0,3.71,15.38,4.18,18.18,36,30.91,29,18.6,5438,B2,福岡,21.0,50.0,1.56,0.0,0.0,0.0,5,35.56,45,24.44,4208,A1,静岡,43.0,46.0,7.27,60.16,7.17,53.49,38,32.08,52,31.82,4764,B1,福岡,36.0,48.0,4.88,30.0,5.78,27.78,39,37.79,38,29.79,13.3,53.8,23.1,0.0,0.17,3.4,20.4,5.0,45.0,5.0,0.17,3.1,16.3,6.2,18.8,31.2,0.16,2.8,17.3,5.9,11.8,17.6,0.19,3.5,16.3,6.2,25.0,0.0,0.23,4.4,16.3,6.2,6.2,0.0,0.21,4.1,11.9,25.0,0.0,0.0,0.19,3.5,17.9,8.3,0.0,0.0,0.19,4.3,10.4,0.0,0.0,0.0,0.23,4.0,16.4,9.1,0.0,0.0,0.22,3.9,20.9,0.0,0.0,0.0,0.19,4.5,22.4,0.0,0.0,0.0,0.23,4.4,13.1,21.4,7.1,14.3,0.19,3.6,15.9,5.9,23.5,17.6,0.21,4.0,18.7,5.0,15.0,15.0,0.21,3.5,17.8,5.3,0.0,0.0,0.21,4.5,15.9,5.9,17.6,0.0,0.2,3.3,18.7,0.0,0.0,0.0,0.22,4.9,0.0,0.0,0.0,0.0,0.0,0.0,0.0,0.0,0.0,0.0,0.0,0.0,0.0,0.0,0.0,0.0,0.0,0.0,0.0,0.0,0.0,0.0,0.0,0.0,2.9,0.0,0.0,0.0,0.09,3.5,97.1,1.5,0.0,0.0,0.23,4.6,23.6,65.5,17.2,10.3,0.16,2.9,17.1,19.0,28.6,14.3,0.15,3.3,13.0,12.5,12.5,25.0,0.16,2.9,17.9,27.3,9.1,22.7,0.13,2.6,17.1,19.0,4.8,52.4,0.16,3.0,11.4,14.3,14.3,14.3,0.17,3.7,16.8,52.9,17.6,17.6,0.14,2.5,18.8,26.3,21.1,10.5,0.16,2.8,19.8,15.0,25.0,30.0,0.17,3.5,17.8,11.1,5.6,11.1,0.15,3.2,11.9,8.3,25.0,0.0,0.19,3.2,14.9,13.3,0.0,0.0,0.2,4.1
20260912,08,4,1800,5272,B1,愛知,25.0,47.0,4.98,30.0,2.71,11.29,51,35.93,23,48.78,4045,B1,山口,46.0,48.0,4.8,32.56,5.31,25.0,50,33.48,41,22.22,5297,B1,兵庫,24.0,48.0,3.89,18.68,1.43,0.0,37,32.88,17,25.64,4941,B1,滋賀,37.0,45.0,4.57,27.16,4.71,29.41,12,41.33,51,22.22,4433,A1,福岡,40.0,47.0,7.21,55.97,5.75,25.0,19,34.93,58,34.0,5436,B2,東京,21.0,46.0,1.49,0.0,1.12,0.0,59,40.79,62,23.91,11.5,50.0,10.0,0.0,0.21,3.5,24.1,9.5,33.3,14.3,0.17,3.2,16.1,7.1,14.3,7.1,0.22,3.8,17.2,6.7,20.0,6.7,0.19,3.5,18.4,6.2,12.5,0.0,0.19,3.6,12.6,9.1,0.0,0.0,0.17,3.2,15.1,23.1,46.2,0.0,0.19,3.8,20.9,11.1,16.7,22.2,0.15,2.9,19.8,5.9,17.6,11.8,0.16,2.5,12.8,18.2,9.1,0.0,0.18,2.8,19.8,17.6,0.0,0.0,0.16,2.8,11.6,10.0,10.0,0.0,0.18,3.0,11.7,16.7,25.0,0.0,0.25,3.9,20.4,9.5,23.8,0.0,0.21,3.7,18.4,5.3,10.5,10.5,0.19,3.4,17.5,11.1,0.0,0.0,0.21,4.3,22.3,8.7,13.0,0.0,0.24,4.3,9.7,0.0,0.0,0.0,0.24,4.6,13.8,33.3,26.7,13.3,0.23,4.7,18.3,15.0,20.0,20.0,0.19,3.9,18.3,15.0,5.0,45.0,0.2,4.0,18.3,15.0,10.0,15.0,0.23,4.4,15.6,5.9,11.8,0.0,0.21,5.2,15.6,5.9,29.4,0.0,0.17,4.2,22.1,75.9,3.4,6.9,0.16,3.1,16.8,22.7,31.8,18.2,0.16,3.7,15.3,5.0,45.0,20.0,0.16,3.1,14.5,5.3,36.8,26.3,0.19,3.9,15.3,10.0,35.0,15.0,0.19,3.8,16.0,4.8,28.6,0.0,0.16,3.8,0.0,0.0,0.0,0.0,0.0,0.0,0.0,0.0,0.0,0.0,0.0,0.0,0.0,0.0,0.0,0.0,0.0,0.0,0.0,0.0,0.0,0.0,0.0,0.0,0.0,0.0,0.0,0.0,0.0,0.0,100.0,0.0,0.0,0.0,0.22,4.8
20260912,08,5,1800,5251,B2,福井,24.0,50.0,2.53,2.78,1.94,0.0,14,46.88,61,15.22,4765,B1,福岡,36.0,52.0,3.87,15.49,3.75,12.5,42,38.6,16,29.79,3232,A2,香川,59.0,47.0,5.56,33.33,4.75,0.0,53,36.84,65,42.86,4964,A2,岡山,29.0,47.0,6.28,42.86,6.74,52.63,21,34.21,19,36.96,5182,B1,埼玉,28.0,47.0,4.07,21.74,4.22,16.67,56,29.86,77,31.48,5129,A2,長崎,29.0,48.0,5.95,41.23,6.48,52.0,13,34.1,40,36.17,14.3,14.3,0.0,0.0,0.13,2.1,22.4,9.1,18.2,0.0,0.14,3.1,12.2,16.7,0.0,0.0,0.18,4.3,12.2,0.0,0.0,0.0,0.15,3.5,18.4,0.0,0.0,0.0,0.2,4.0,20.4,0.0,0.0,0.0,0.19,3.5,16.8,43.8,6.2,18.8,0.14,2.8,14.7,14.3,35.7,7.1,0.13,2.3,16.8,18.8,18.8,18.8,0.14,1.9,21.1,10.0,5.0,5.0,0.14,2.7,16.8,6.2,12.5,12.5,0.1,2.5,13.7,7.7,7.7,0.0,0.11,2.3,22.2,66.7,16.7,11.1,0.14,2.7,14.8,25.0,25.0,25.0,0.16,2.9,14.8,16.7,25.0,8.3,0.15,2.2,16.0,23.1,7.7,30.8,0.16,2.8,17.3,14.3,21.4,0.0,0.17,3.3,14.8,8.3,33.3,0.0,0.19,4.2,13.5,53.8,15.4,15.4,0.15,2.1,19.8,21.1,21.1,15.8,0.17,3.3,16.7,25.0,25.0,6.2,0.11,3.3,19.8,10.5,15.8,21.1,0.14,2.7,15.6,6.7,13.3,26.7,0.14,3.2,14.6,7.1,21.4,0.0,0.16,3.8,20.7,36.8,26.3,0.0,0.13,1.9,19.6,5.6,38.9,11.1,0.15,3.1,15.2,14.3,14.3,14.3,0.16,2.9,10.9,10.0,20.0,0.0,0.15,2.4,18.5,23.5,23.5,23.5,0.1,2.2,15.2,21.4,0.0,0.0,0.15,3.0,17.7,52.9,17.6,5.9,0.17,4.2,14.6,21.4,35.7,14.3,0.17,3.4,16.7,18.8,18.8,25.0,0.17,3.4,16.7,18.8,25.0,31.2,0.19,3.3,15.6,6.7,6.7,6.7,0.17,3.1,18.8,5.6,22.2,0.0,0.16,4.8
20260912,08,6,1800,5155,A2,福岡,29.0,46.0,6.16,42.86,3.33,0.0,60,33.19,12,12.77,5254,B1,愛知,23.0,47.0,3.33,7.27,3.22,16.95,35,41.99,31,13.79,5052,B1,大阪,31.0,50.0,4.34,24.0,0.0,0.0,3,45.06,33,22.86,5079,B1,静岡,28.0,45.0,5.07,29.27,4.03,25.81,16,38.91,20,30.61,4556,A1,福岡,37.0,47.0,6.67,52.17,6.83,61.11,4,30.0,57,40.0,5439,B2,愛知,20.0,49.0,1.45,0.0,1.45,0.0,31,39.82,71,38.78,17.5,38.9,38.9,16.7,0.16,2.9,17.5,33.3,22.2,16.7,0.15,2.4,20.4,28.6,23.8,19.0,0.14,2.4,16.5,5.9,23.5,23.5,0.14,2.8,13.6,28.6,21.4,0.0,0.19,3.2,14.6,6.7,13.3,26.7,0.15,2.9,10.1,37.5,12.5,12.5,0.25,4.9,16.5,7.7,30.8,0.0,0.24,4.8,17.7,28.6,7.1,0.0,0.23,4.7,13.9,9.1,9.1,9.1,0.22,3.8,24.1,10.5,15.8,0.0,0.19,4.1,17.7,7.1,0.0,0.0,0.24,5.1,11.8,25.0,25.0,25.0,0.12,2.1,17.6,33.3,25.0,0.0,0.13,2.2,22.1,20.0,13.3,13.3,0.16,2.7,19.1,23.1,15.4,0.0,0.16,2.8,13.2,11.1,0.0,0.0,0.14,3.0,16.2,9.1,0.0,0.0,0.23,4.4,14.8,58.8,11.8,11.8,0.15,2.9,16.5,21.1,31.6,21.1,0.19,2.8,18.3,9.5,4.8,28.6,0.16,2.8,17.4,15.0,20.0,0.0,0.17,3.3,17.4,5.0,15.0,15.0,0.17,3.2,15.7,5.6,0.0,0.0,0.2,4.2,24.4,77.3,13.6,0.0,0.15,3.0,14.4,15.4,30.8,15.4,0.21,3.8,17.8,25.0,37.5,12.5,0.16,2.8,18.9,23.5,23.5,23.5,0.14,2.5,12.2,9.1,63.6,0.0,0.17,4.3,12.2,9.1,18.2,0.0,0.17,4.8,0.0,0.0,0.0,0.0,0.0,0.0,0.0,0.0,0.0,0.0,0.0,0.0,0.0,0.0,0.0,0.0,0.0,0.0,0.0,0.0,0.0,0.0,0.0,0.0,0.0,0.0,0.0,0.0,0.0,0.0,100.0,1.4,1.4,0.0,0.21,4.1
20260912,08,7,1800,5203,B1,福岡,22.0,44.0,5.2,27.85,5.0,23.08,40,33.33,11,34.78,4726,B2,埼玉,39.0,44.0,3.6,10.0,0.0,0.0,57,33.78,68,32.0,5078,B1,三重,28.0,46.0,4.48,23.46,5.13,37.5,30,44.14,67,40.43,5296,B1,愛知,24.0,46.0,4.06,22.39,2.51,9.68,20,31.51,26,41.3,5346,B1,愛知,23.0,46.0,3.13,6.94,1.44,0.0,7,36.96,28,31.11,5146,A2,山口,23.0,50.0,5.11,32.53,4.92,16.67,17,30.39,73,46.94,14.5,50.0,37.5,6.2,0.15,3.1,19.1,14.3,14.3,42.9,0.17,3.5,17.3,21.1,5.3,10.5,0.15,2.8,18.2,10.0,20.0,0.0,0.14,2.8,17.3,5.3,15.8,26.3,0.16,2.9,13.6,20.0,0.0,0.0,0.18,4.4,17.1,16.7,33.3,0.0,0.19,3.5,20.0,28.6,14.3,0.0,0.12,2.7,17.1,16.7,16.7,0.0,0.13,2.7,17.1,16.7,16.7,0.0,0.15,2.3,11.4,0.0,0.0,0.0,0.14,2.3,17.1,16.7,0.0,0.0,0.14,2.8,13.3,53.8,23.1,0.0,0.17,3.4,20.4,5.0,45.0,5.0,0.17,3.1,16.3,6.2,18.8,31.2,0.16,2.8,17.3,5.9,11.8,17.6,0.19,3.5,16.3,6.2,25.0,0.0,0.23,4.4,16.3,6.2,6.2,0.0,0.21,4.1,9.0,25.0,0.0,0.0,0.28,5.4,18.0,18.8,6.2,6.2,0.21,3.6,15.7,7.1,14.3,7.1,0.21,3.9,14.6,15.4,0.0,0.0,0.19,3.8,19.1,5.9,5.9,23.5,0.21,3.7,23.6,0.0,0.0,0.0,0.22,4.0,0.0,0.0,0.0,0.0,0.0,0.0,0.0,0.0,0.0,0.0,0.0,0.0,2.5,100.0,0.0,0.0,0.18,5.0,29.6,4.2,20.8,0.0,0.2,4.3,34.6,3.6,10.7,0.0,0.23,3.9,33.3,3.7,0.0,0.0,0.22,4.2,14.9,61.5,0.0,0.0,0.17,2.9,18.4,18.8,18.8,25.0,0.13,2.9,19.5,35.3,23.5,17.6,0.16,3.1,19.5,17.6,11.8,41.2,0.18,3.2,17.2,33.3,0.0,0.0,0.18,3.2,10.3,0.0,0.0,0.0,0.17,4.4
20260912,08,8,1800,5347,B2,愛知,22.0,45.0,1.5,0.0,1.42,0.0,25,30.25,49,18.52,4764,B1,福岡,36.0,48.0,4.88,30.0,5.78,27.78,39,37.79,38,29.79,5230,B1,愛知,23.0,46.0,4.77,31.53,3.73,23.08,47,34.93,50,34.78,4534,B1,大阪,36.0,45.0,3.93,17.24,3.65,23.53,24,32.3,32,48.65,4938,A1,佐賀,29.0,48.0,6.55,47.62,5.5,25.0,8,33.62,14,42.86,4045,B1,山口,46.0,48.0,4.8,32.56,5.31,25.0,50,33.48,41,22.22,0.0,0.0,0.0,0.0,0.0,0.0,0.0,0.0,0.0,0.0,0.0,0.0,1.4,0.0,0.0,0.0,0.55,5.0,24.7,5.6,0.0,0.0,0.25,5.1,28.8,9.5,0.0,0.0,0.2,4.1,45.2,3.0,0.0,0.0,0.19,4.3,16.8,52.9,17.6,17.6,0.14,2.5,18.8,26.3,21.1,10.5,0.16,2.8,19.8,15.0,25.0,30.0,0.17,3.5,17.8,11.1,5.6,11.1,0.15,3.2,11.9,8.3,25.0,0.0,0.19,3.2,14.9,13.3,0.0,0.0,0.2,4.1,14.3,50.0,16.7,8.3,0.19,4.2,16.7,7.1,21.4,7.1,0.21,4.0,14.3,16.7,41.7,0.0,0.21,4.0,19.0,18.8,6.2,0.0,0.18,3.9,20.2,23.5,11.8,0.0,0.17,3.9,15.5,7.7,0.0,0.0,0.22,4.2,13.4,11.1,33.3,11.1,0.24,4.8,17.9,8.3,25.0,8.3,0.21,4.8,20.9,7.1,14.3,7.1,0.21,4.1,19.4,7.7,23.1,0.0,0.2,4.8,19.4,23.1,0.0,0.0,0.21,3.8,9.0,0.0,0.0,0.0,0.2,3.5,22.0,75.9,13.8,6.9,0.15,2.6,18.2,29.2,37.5,8.3,0.13,2.4,17.4,47.8,17.4,8.7,0.11,3.0,14.4,21.1,21.1,10.5,0.18,3.3,16.7,9.1,9.1,27.3,0.13,3.2,11.4,6.7,33.3,0.0,0.19,3.9,15.1,23.1,46.2,0.0,0.19,3.8,20.9,11.1,16.7,22.2,0.15,2.9,19.8,5.9,17.6,11.8,0.16,2.5,12.8,18.2,9.1,0.0,0.18,2.8,19.8,17.6,0.0,0.0,0.16,2.8,11.6,10.0,10.0,0.0,0.18,3.0
20260912,08,9,1800,5340,B1,愛知,25.0,45.0,4.14,20.75,2.38,6.38,26,33.61,46,22.22,5182,B1,埼玉,28.0,47.0,4.07,21.74,4.22,16.67,56,29.86,77,31.48,4433,A1,福岡,40.0,47.0,7.21,55.97,5.75,25.0,19,34.93,58,34.0,5194,B1,埼玉,25.0,42.0,4.54,27.63,3.25,7.14,1,36.16,44,53.06,5365,B1,東京,25.0,46.0,3.0,13.51,0.0,0.0,54,30.05,39,47.83,5438,B2,福岡,21.0,50.0,1.56,0.0,0.0,0.0,5,35.56,45,24.44,0.0,0.0,0.0,0.0,0.0,0.0,3.1,33.3,33.3,33.3,0.1,1.3,25.5,4.0,16.0,16.0,0.17,3.2,18.4,5.6,11.1,22.2,0.16,3.2,19.4,5.3,36.8,0.0,0.19,3.6,33.7,6.1,9.1,0.0,0.15,2.8,20.7,36.8,26.3,0.0,0.13,1.9,19.6,5.6,38.9,11.1,0.15,3.1,15.2,14.3,14.3,14.3,0.16,2.9,10.9,10.0,20.0,0.0,0.15,2.4,18.5,23.5,23.5,23.5,0.1,2.2,15.2,21.4,0.0,0.0,0.15,3.0,22.1,75.9,3.4,6.9,0.16,3.1,16.8,22.7,31.8,18.2,0.16,3.7,15.3,5.0,45.0,20.0,0.16,3.1,14.5,5.3,36.8,26.3,0.19,3.9,15.3,10.0,35.0,15.0,0.19,3.8,16.0,4.8,28.6,0.0,0.16,3.8,14.5,37.5,12.5,18.8,0.17,3.9,17.3,15.8,21.1,15.8,0.19,2.9,18.2,30.0,25.0,0.0,0.17,3.5,16.4,11.1,11.1,11.1,0.17,2.6,17.3,15.8,10.5,0.0,0.17,3.6,16.4,0.0,0.0,0.0,0.19,3.8,0.0,0.0,0.0,0.0,0.0,0.0,0.0,0.0,0.0,0.0,0.0,0.0,0.0,0.0,0.0,0.0,0.0,0.0,22.7,5.9,0.0,0.0,0.18,4.1,33.3,4.0,8.0,0.0,0.18,3.2,44.0,3.0,6.1,0.0,0.21,4.1,0.0,0.0,0.0,0.0,0.0,0.0,0.0,0.0,0.0,0.0,0.0,0.0,0.0,0.0,0.0,0.0,0.0,0.0,0.0,0.0,0.0,0.0,0.0,0.0,2.9,0.0,0.0,0.0,0.09,3.5,97.1,1.5,0.0,0.0,0.23,4.6
20260912,08,10,1800,4208,A1,静岡,43.0,46.0,7.27,60.16,7.17,53.49,38,32.08,52,31.82,4941,B1,滋賀,37.0,45.0,4.57,27.16,4.71,29.41,12,41.33,51,22.22,4479,B1,山口,38.0,47.0,3.72,14.71,0.0,0.0,9,40.43,55,38.78,5254,B1,愛知,23.0,47.0,3.33,7.27,3.22,16.95,35,41.99,31,13.79,3232,A2,香川,59.0,47.0,5.56,33.33,4.75,0.0,53,36.84,65,42.86,5357,B2,埼玉,21.0,54.0,1.63,0.0,1.37,0.0,10,43.98,24,36.96,23.6,65.5,17.2,10.3,0.16,2.9,17.1,19.0,28.6,14.3,0.15,3.3,13.0,12.5,12.5,25.0,0.16,2.9,17.9,27.3,9.1,22.7,0.13,2.6,17.1,19.0,4.8,52.4,0.16,3.0,11.4,14.3,14.3,14.3,0.17,3.7,13.8,33.3,26.7,13.3,0.23,4.7,18.3,15.0,20.0,20.0,0.19,3.9,18.3,15.0,5.0,45.0,0.2,4.0,18.3,15.0,10.0,15.0,0.23,4.4,15.6,5.9,11.8,0.0,0.21,5.2,15.6,5.9,29.4,0.0,0.17,4.2,11.0,50.0,12.5,12.5,0.16,2.5,16.4,8.3,16.7,0.0,0.22,4.3,21.9,6.2,18.8,18.8,0.17,3.2,20.5,6.7,13.3,20.0,0.16,3.3,20.5,13.3,0.0,0.0,0.21,3.3,9.6,0.0,0.0,0.0,0.27,4.9,10.1,37.5,12.5,12.5,0.25,4.9,16.5,7.7,30.8,0.0,0.24,4.8,17.7,28.6,7.1,0.0,0.23,4.7,13.9,9.1,9.1,9.1,0.22,3.8,24.1,10.5,15.8,0.0,0.19,4.1,17.7,7.1,0.0,0.0,0.24,5.1,22.2,66.7,16.7,11.1,0.14,2.7,14.8,25.0,25.0,25.0,0.16,2.9,14.8,16.7,25.0,8.3,0.15,2.2,16.0,23.1,7.7,30.8,0.16,2.8,17.3,14.3,21.4,0.0,0.17,3.3,14.8,8.3,33.3,0.0,0.19,4.2,8.6,16.7,0.0,0.0,0.26,4.7,5.7,0.0,0.0,0.0,0.35,5.3,14.3,0.0,0.0,0.0,0.19,2.9,11.4,0.0,0.0,0.0,0.15,3.6,14.3,10.0,0.0,0.0,0.14,2.3,45.7,0.0,0.0,0.0,0.18,4.1
20260912,08,11,1800,4556,A1,福岡,37.0,47.0,6.67,52.17,6.83,61.11,4,30.0,57,40.0,4897,B1,愛知,34.0,44.0,3.71,15.38,4.18,18.18,36,30.91,29,18.6,5272,B1,愛知,25.0,47.0,4.98,30.0,2.71,11.29,51,35.93,23,48.78,5188,A2,兵庫,25.0,45.0,5.97,39.05,6.47,46.67,58,31.22,66,21.43,4765,B1,福岡,36.0,52.0,3.87,15.49,3.75,12.5,42,38.6,16,29.79,4909,B1,岡山,30.0,44.0,4.72,32.05,5.46,28.57,41,35.02,53,36.96,24.4,77.3,13.6,0.0,0.15,3.0,14.4,15.4,30.8,15.4,0.21,3.8,17.8,25.0,37.5,12.5,0.16,2.8,18.9,23.5,23.5,23.5,0.14,2.5,12.2,9.1,63.6,0.0,0.17,4.3,12.2,9.1,18.2,0.0,0.17,4.8,13.1,21.4,7.1,14.3,0.19,3.6,15.9,5.9,23.5,17.6,0.21,4.0,18.7,5.0,15.0,15.0,0.21,3.5,17.8,5.3,0.0,0.0,0.21,4.5,15.9,5.9,17.6,0.0,0.2,3.3,18.7,0.0,0.0,0.0,0.22,4.9,11.5,50.0,10.0,0.0,0.21,3.5,24.1,9.5,33.3,14.3,0.17,3.2,16.1,7.1,14.3,7.1,0.22,3.8,17.2,6.7,20.0,6.7,0.19,3.5,18.4,6.2,12.5,0.0,0.19,3.6,12.6,9.1,0.0,0.0,0.17,3.2,16.9,70.0,10.0,5.0,0.18,3.3,14.4,29.4,23.5,11.8,0.16,3.4,19.5,13.0,21.7,34.8,0.19,3.8,14.4,11.8,17.6,17.6,0.14,2.9,21.2,8.0,20.0,24.0,0.18,3.3,13.6,6.2,12.5,6.2,0.14,3.7,16.8,43.8,6.2,18.8,0.14,2.8,14.7,14.3,35.7,7.1,0.13,2.3,16.8,18.8,18.8,18.8,0.14,1.9,21.1,10.0,5.0,5.0,0.14,2.7,16.8,6.2,12.5,12.5,0.1,2.5,13.7,7.7,7.7,0.0,0.11,2.3,15.5,56.2,18.8,12.5,0.15,2.1,23.3,12.5,20.8,16.7,0.18,3.7,14.6,20.0,6.7,13.3,0.12,2.6,14.6,6.7,13.3,6.7,0.21,3.8,17.5,5.6,11.1,16.7,0.13,2.4,14.6,6.7,13.3,0.0,0.17,3.3
20260912,08,12,1800,4502,A1,滋賀,38.0,45.0,7.28,50.41,7.18,54.0,28,32.03,70,17.78,4190,B2,静岡,45.0,49.0,6.66,45.45,6.07,34.48,29,34.45,63,35.29,4938,A1,佐賀,29.0,48.0,6.55,47.62,5.5,25.0,8,33.62,14,42.86,4825,A1,東京,32.0,47.0,7.16,56.1,0.0,0.0,55,28.44,54,17.39,5155,A2,福岡,29.0,46.0,6.16,42.86,3.33,0.0,60,33.19,12,12.77,4964,A2,岡山,29.0,47.0,6.28,42.86,6.74,52.63,21,34.21,19,36.96,23.6,65.4,15.4,3.8,0.14,2.8,15.5,29.4,23.5,23.5,0.14,3.0,14.5,12.5,37.5,25.0,0.12,2.3,16.4,16.7,27.8,33.3,0.13,2.8,15.5,17.6,17.6,17.6,0.14,3.1,14.5,6.2,37.5,0.0,0.15,4.1,40.0,100.0,0.0,0.0,0.15,2.5,20.0,100.0,0.0,0.0,0.16,4.0,0.0,0.0,0.0,0.0,0.0,0.0,10.0,100.0,0.0,0.0,0.22,4.0,20.0,50.0,0.0,0.0,0.17,2.0,10.0,0.0,0.0,0.0,0.16,5.0,22.0,75.9,13.8,6.9,0.15,2.6,18.2,29.2,37.5,8.3,0.13,2.4,17.4,47.8,17.4,8.7,0.11,3.0,14.4,21.1,21.1,10.5,0.18,3.3,16.7,9.1,9.1,27.3,0.13,3.2,11.4,6.7,33.3,0.0,0.19,3.9,20.6,55.0,15.0,10.0,0.17,2.3,18.6,16.7,22.2,27.8,0.13,2.6,17.5,23.5,23.5,17.6,0.13,3.1,16.5,25.0,31.2,12.5,0.14,2.4,15.5,13.3,13.3,26.7,0.14,2.5,11.3,27.3,18.2,0.0,0.14,3.0,17.5,38.9,38.9,16.7,0.16,2.9,17.5,33.3,22.2,16.7,0.15,2.4,20.4,28.6,23.8,19.0,0.14,2.4,16.5,5.9,23.5,23.5,0.14,2.8,13.6,28.6,21.4,0.0,0.19,3.2,14.6,6.7,13.3,26.7,0.15,2.9,13.5,53.8,15.4,15.4,0.15,2.1,19.8,21.1,21.1,15.8,0.17,3.3,16.7,25.0,25.0,6.2,0.11,3.3,19.8,10.5,15.8,21.1,0.14,2.7,15.6,6.7,13.3,26.7,0.14,3.2,14.6,7.1,21.4,0.0,0.16,3.8
20260912,06,1,1800,3796,B1,静岡,53.0,55.0,4.15,23.96,5.15,34.55,51,27.36,62,38.16,4684,B1,福岡,35.0,56.0,5.42,33.64,3.61,16.67,22,42.99,25,36.92,5353,B1,滋賀,22.0,51.0,3.31,13.46,0.0,0.0,26,41.32,18,35.02,3306,B1,埼玉,58.0,55.0,4.03,20.21,4.33,11.11,31,30.49,35,36.7,4876,B1,福井,32.0,54.0,4.96,30.19,2.9,10.0,41,28.57,21,40.36,5463,B2,大阪,19.0,54.0,1.2,0.0,0.0,0.0,63,44.66,41,31.9,14.3,50.0,50.0,0.0,0.16,2.5,20.2,11.8,23.5,17.6,0.18,3.7,14.3,8.3,25.0,33.3,0.21,3.8,15.5,15.4,23.1,30.8,0.16,2.9,14.3,8.3,16.7,0.0,0.17,3.5,21.4,11.1,11.1,0.0,0.18,4.1,16.7,62.5,25.0,0.0,0.14,2.6,13.5,7.7,38.5,0.0,0.2,4.6,18.8,22.2,16.7,22.2,0.18,3.7,14.6,21.4,28.6,0.0,0.17,3.4,19.8,5.3,5.3,31.6,0.16,3.7,16.7,25.0,0.0,0.0,0.16,4.1,2.5,50.0,0.0,0.0,0.01,1.0,3.7,33.3,0.0,0.0,0.11,3.7,4.9,25.0,0.0,0.0,0.16,1.8,16.0,7.7,0.0,0.0,0.18,3.4,29.6,12.5,0.0,0.0,0.18,3.5,43.2,2.9,5.7,2.9,0.17,3.4,16.5,20.0,20.0,20.0,0.14,3.0,18.7,5.9,23.5,0.0,0.16,3.8,16.5,13.3,6.7,20.0,0.18,3.4,19.8,11.1,11.1,27.8,0.14,2.4,16.5,6.7,13.3,0.0,0.17,3.1,12.1,18.2,0.0,0.0,0.16,3.2,15.4,66.7,11.1,0.0,0.16,2.9,17.9,38.1,9.5,0.0,0.18,3.7,15.4,11.1,16.7,16.7,0.18,3.7,19.7,13.0,26.1,21.7,0.17,3.2,12.8,6.7,20.0,0.0,0.13,2.9,18.8,13.6,0.0,0.0,0.19,4.2,0.0,0.0,0.0,0.0,0.0,0.0,0.0,0.0,0.0,0.0,0.0,0.0,0.0,0.0,0.0,0.0,0.0,0.0,0.0,0.0,0.0,0.0,0.0,0.0,0.0,0.0,0.0,0.0,0.0,0.0,0.0,0.0,0.0,0.0,0.0,0.0
20260912,06,2,1800,4639,B1,大阪,35.0,53.0,4.14,22.58,4.0,23.53,49,31.86,46,32.29,4666,B1,大阪,42.0,52.0,4.02,19.75,4.77,30.77,14,32.99,33,32.88,4369,A2,愛知,40.0,58.0,5.64,38.46,5.9,44.83,16,32.38,17,35.48,4811,B1,広島,37.0,49.0,5.02,28.16,4.73,20.45,45,43.14,71,34.7,4431,B1,三重,40.0,52.0,4.68,29.87,5.97,41.38,15,27.5,50,33.94,4654,A1,兵庫,40.0,55.0,6.49,45.16,7.18,60.71,19,33.63,58,38.67,15.2,50.0,31.2,0.0,0.14,3.0,19.0,5.0,20.0,5.0,0.16,3.6,17.1,11.1,11.1,27.8,0.16,3.4,22.9,4.2,16.7,12.5,0.15,3.0,17.1,5.6,11.1,0.0,0.21,4.0,8.6,11.1,0.0,0.0,0.18,3.4,8.2,66.7,16.7,0.0,0.18,2.8,21.9,6.2,31.2,31.2,0.15,3.1,19.2,7.1,0.0,0.0,0.16,3.8,12.3,11.1,33.3,0.0,0.19,3.7,21.9,6.2,6.2,18.8,0.16,3.6,16.4,8.3,0.0,0.0,0.16,4.3,19.6,48.1,22.2,22.2,0.15,3.4,15.9,9.1,22.7,22.7,0.18,3.5,18.1,20.0,24.0,20.0,0.16,2.9,14.5,10.0,35.0,20.0,0.15,2.1,17.4,25.0,8.3,16.7,0.14,2.8,14.5,5.0,15.0,0.0,0.17,3.4,12.5,50.0,14.3,7.1,0.14,2.6,18.8,9.5,28.6,14.3,0.16,3.2,22.3,12.0,8.0,0.0,0.16,3.4,22.3,4.0,16.0,16.0,0.17,3.6,14.3,12.5,25.0,0.0,0.15,3.4,9.8,18.2,0.0,0.0,0.18,3.8,15.2,50.0,8.3,8.3,0.19,2.6,16.5,15.4,23.1,23.1,0.13,2.6,19.0,13.3,40.0,20.0,0.14,2.3,17.7,14.3,7.1,21.4,0.18,3.8,11.4,22.2,0.0,0.0,0.18,4.0,20.3,0.0,0.0,0.0,0.22,4.9,20.7,62.5,16.7,12.5,0.17,3.4,17.2,10.0,30.0,25.0,0.16,3.2,16.4,21.1,31.6,15.8,0.16,2.9,18.1,14.3,23.8,19.0,0.17,3.2,12.9,6.7,26.7,26.7,0.17,3.7,14.7,5.9,29.4,0.0,0.19,3.6
20260912,06,3,1800,3714,B1,福岡,51.0,55.0,4.28,26.83,4.3,20.0,6,34.29,30,39.07,3392,B1,三重,61.0,52.0,4.39,18.75,4.94,31.43,7,36.11,63,36.02,4150,A2,静岡,44.0,57.0,5.95,42.2,6.14,43.55,34,32.69,44,40.98,4336,B1,福岡,42.0,56.0,5.08,31.46,5.09,30.3,13,40.68,76,34.88,3939,B2,愛知,48.0,52.0,5.07,31.94,6.03,40.63,54,32.65,57,33.49,4798,A1,広島,33.0,52.0,6.64,46.28,6.24,47.62,5,45.05,60,31.22,14.0,35.7,14.3,21.4,0.17,2.9,17.0,29.4,5.9,0.0,0.15,2.6,20.0,10.0,10.0,45.0,0.15,2.8,20.0,10.0,15.0,0.0,0.13,3.1,16.0,31.2,0.0,0.0,0.17,3.4,13.0,15.4,0.0,0.0,0.21,3.8,19.1,27.8,16.7,33.3,0.17,3.9,14.9,7.1,21.4,14.3,0.23,5.0,20.2,5.3,26.3,21.1,0.18,4.0,10.6,10.0,0.0,0.0,0.21,3.6,18.1,5.9,5.9,0.0,0.22,4.8,17.0,12.5,0.0,0.0,0.24,4.7,16.9,60.0,20.0,5.0,0.16,3.0,17.8,19.0,28.6,19.0,0.15,2.7,19.5,21.7,21.7,17.4,0.13,3.3,14.4,35.3,17.6,23.5,0.13,2.7,16.9,5.0,10.0,20.0,0.15,3.3,14.4,17.6,0.0,0.0,0.16,3.1,16.8,64.7,17.6,5.9,0.15,2.3,13.9,7.1,28.6,21.4,0.14,2.2,20.8,28.6,19.0,0.0,0.14,2.5,14.9,6.7,26.7,13.3,0.18,3.3,15.8,6.2,0.0,0.0,0.16,3.4,17.8,11.1,0.0,0.0,0.17,3.6,12.5,100.0,0.0,0.0,0.13,4.0,12.5,100.0,0.0,0.0,0.17,2.0,25.0,50.0,0.0,0.0,0.12,2.5,25.0,50.0,0.0,0.0,0.24,4.0,0.0,0.0,0.0,0.0,0.0,0.0,25.0,0.0,0.0,0.0,0.1,3.0,20.6,77.8,18.5,0.0,0.12,2.3,14.5,26.3,26.3,26.3,0.13,2.6,18.3,12.5,12.5,29.2,0.14,2.8,16.8,4.5,22.7,27.3,0.13,2.3,16.8,13.6,13.6,22.7,0.13,2.6,13.0,5.9,17.6,0.0,0.16,3.8
20260912,06,4,1800,4677,A1,滋賀,38.0,54.0,6.14,46.67,7.06,52.78,3,39.58,65,34.08,4068,B1,静岡,46.0,55.0,4.74,22.12,4.97,28.83,48,42.98,66,35.38,4022,B1,福岡,46.0,58.0,4.7,25.27,5.0,32.35,59,32.63,32,38.14,3286,B2,静岡,58.0,53.0,3.44,19.3,5.58,34.52,52,36.45,22,36.45,3842,B1,三重,50.0,54.0,5.13,33.77,5.98,34.09,61,43.1,29,35.27,4899,B1,福岡,34.0,52.0,4.29,26.83,5.0,37.5,65,21.62,72,34.09,21.9,57.1,14.3,19.0,0.15,2.6,14.6,14.3,28.6,28.6,0.17,3.6,17.7,17.6,29.4,41.2,0.14,3.2,15.6,40.0,20.0,0.0,0.13,2.1,18.8,16.7,16.7,27.8,0.17,3.3,11.5,27.3,27.3,0.0,0.18,4.1,17.0,27.8,27.8,16.7,0.14,3.4,14.2,6.7,26.7,20.0,0.14,2.4,17.9,15.8,47.4,0.0,0.16,2.8,16.0,5.9,5.9,41.2,0.22,3.9,20.8,27.3,0.0,0.0,0.17,3.6,14.2,6.7,26.7,0.0,0.17,3.8,13.7,40.0,0.0,0.0,0.17,3.8,16.4,8.3,25.0,0.0,0.15,3.0,17.8,7.7,30.8,7.7,0.19,2.9,23.3,5.9,11.8,11.8,0.14,2.8,17.8,7.7,23.1,0.0,0.15,3.2,11.0,12.5,0.0,0.0,0.18,4.5,18.3,46.2,23.1,15.4,0.15,2.5,15.5,9.1,9.1,9.1,0.16,3.2,18.3,7.7,23.1,15.4,0.14,2.6,14.1,10.0,30.0,0.0,0.19,4.0,11.3,12.5,0.0,0.0,0.15,3.1,22.5,6.2,0.0,0.0,0.2,4.3,15.2,41.7,16.7,0.0,0.18,3.8,17.7,14.3,14.3,21.4,0.19,4.3,13.9,27.3,18.2,0.0,0.18,3.7,12.7,10.0,10.0,20.0,0.18,3.2,22.8,11.1,16.7,0.0,0.16,3.3,17.7,7.1,14.3,0.0,0.24,4.4,13.3,50.0,16.7,8.3,0.13,2.8,18.9,23.5,17.6,11.8,0.19,3.1,18.9,5.9,11.8,17.6,0.14,2.8,17.8,12.5,18.8,0.0,0.18,3.1,18.9,17.6,11.8,0.0,0.15,3.1,12.2,9.1,27.3,0.0,0.15,3.3
20260912,06,5,1800,5091,B1,福井,25.0,52.0,6.05,45.45,6.13,43.75,11,39.81,70,31.16,5369,B1,長崎,24.0,53.0,3.24,14.46,0.0,0.0,62,43.43,19,34.27,4345,A2,東京,41.0,54.0,5.11,35.71,4.85,30.77,10,34.04,64,31.63,4588,A2,福岡,35.0,57.0,5.48,39.17,5.78,43.75,29,28.87,48,35.94,4967,A1,大阪,28.0,51.0,6.35,42.73,6.72,46.88,44,36.45,43,30.15,3516,B1,広島,58.0,51.0,4.74,33.33,4.44,22.22,1,41.53,15,35.14,15.1,90.9,9.1,0.0,0.16,3.0,15.1,9.1,45.5,9.1,0.19,4.2,23.3,29.4,11.8,23.5,0.18,3.5,13.7,30.0,10.0,30.0,0.18,2.6,17.8,23.1,23.1,0.0,0.15,3.1,15.1,9.1,27.3,0.0,0.15,2.7,12.2,18.2,27.3,18.2,0.13,3.1,18.9,11.8,29.4,11.8,0.18,3.9,18.9,11.8,17.6,5.9,0.17,3.8,10.0,11.1,11.1,0.0,0.16,3.2,13.3,8.3,0.0,0.0,0.16,3.1,26.7,8.3,0.0,0.0,0.17,3.2,19.5,64.0,24.0,4.0,0.13,1.9,14.1,5.6,38.9,16.7,0.15,3.1,18.8,16.7,20.8,16.7,0.14,2.7,17.2,9.1,27.3,9.1,0.16,2.8,13.3,5.9,11.8,17.6,0.16,3.5,17.2,22.7,9.1,0.0,0.16,4.1,16.9,47.6,23.8,0.0,0.11,1.7,16.9,9.5,52.4,14.3,0.14,2.8,13.7,11.8,17.6,29.4,0.14,2.6,19.4,12.5,41.7,12.5,0.14,2.7,21.0,7.7,7.7,23.1,0.17,4.0,12.1,6.7,6.7,0.0,0.17,4.9,21.4,72.7,13.6,4.5,0.15,3.5,14.6,6.7,13.3,33.3,0.19,3.7,17.5,22.2,22.2,22.2,0.14,2.8,16.5,17.6,23.5,23.5,0.14,2.6,19.4,15.0,20.0,20.0,0.14,2.9,10.7,27.3,18.2,0.0,0.17,4.2,20.5,12.5,25.0,18.8,0.18,3.2,16.7,7.7,30.8,15.4,0.15,3.4,15.4,8.3,8.3,0.0,0.2,3.8,11.5,11.1,11.1,11.1,0.19,4.4,21.8,11.8,5.9,0.0,0.21,4.1,14.1,9.1,0.0,0.0,0.19,4.7
20260912,06,6,1800,4358,B1,三重,42.0,50.0,4.26,25.84,3.97,16.67,53,31.0,56,36.24,3906,B1,長崎,48.0,63.0,3.64,20.0,3.52,21.74,23,36.36,13,31.98,4269,A2,愛知,40.0,54.0,7.25,60.71,0.0,0.0,37,44.64,45,42.47,4381,A2,兵庫,41.0,52.0,5.69,41.11,6.73,50.0,17,39.64,53,33.63,5463,B2,大阪,19.0,54.0,1.2,0.0,0.0,0.0,63,44.66,41,31.9,3721,A1,滋賀,51.0,53.0,6.84,50.39,6.79,42.86,38,40.52,51,30.41,14.9,27.3,36.4,0.0,0.17,4.1,18.9,7.1,28.6,21.4,0.2,4.6,13.5,10.0,40.0,0.0,0.2,3.8,20.3,13.3,13.3,0.0,0.25,5.5,18.9,7.1,7.1,0.0,0.24,4.9,13.5,0.0,0.0,0.0,0.27,5.4,10.7,41.7,33.3,16.7,0.17,3.3,18.8,9.5,9.5,14.3,0.21,3.8,21.4,4.2,12.5,25.0,0.19,3.9,16.1,5.6,16.7,11.1,0.23,4.8,22.3,24.0,16.0,0.0,0.22,5.1,10.7,16.7,0.0,0.0,0.26,5.6,21.0,61.5,19.2,3.8,0.15,3.3,16.1,20.0,35.0,25.0,0.16,3.4,16.1,10.0,15.0,35.0,0.15,2.7,13.7,5.9,41.2,23.5,0.12,2.2,20.2,12.0,8.0,24.0,0.15,2.7,12.9,6.2,25.0,0.0,0.15,3.3,19.5,56.5,17.4,8.7,0.18,3.6,15.3,11.1,33.3,16.7,0.18,3.1,18.6,18.2,27.3,31.8,0.18,3.6,15.3,22.2,16.7,11.1,0.16,2.9,20.3,4.2,8.3,20.8,0.17,3.0,11.0,7.7,0.0,0.0,0.17,3.6,0.0,0.0,0.0,0.0,0.0,0.0,0.0,0.0,0.0,0.0,0.0,0.0,0.0,0.0,0.0,0.0,0.0,0.0,0.0,0.0,0.0,0.0,0.0,0.0,0.0,0.0,0.0,0.0,0.0,0.0,0.0,0.0,0.0,0.0,0.0,0.0,23.3,70.8,12.5,12.5,0.12,2.3,13.6,14.3,35.7,7.1,0.14,2.9,15.5,12.5,31.2,31.2,0.13,3.2,19.4,15.0,10.0,15.0,0.11,2.1,19.4,5.0,20.0,15.0,0.14,2.4,8.7,0.0,0.0,0.0,0.13,3.7
20260912,06,7,1800,5353,B1,滋賀,22.0,51.0,3.31,13.46,0.0,0.0,26,41.32,18,35.02,4434,A2,広島,40.0,55.0,6.1,45.19,5.67,44.44,66,35.42,24,37.33,3939,B2,愛知,48.0,52.0,5.07,31.94,6.03,40.63,54,32.65,57,33.49,4066,A2,三重,46.0,53.0,6.15,41.9,6.06,41.67,40,31.78,68,35.51,4639,B1,大阪,35.0,53.0,4.14,22.58,4.0,23.53,49,31.86,46,32.29,3811,A1,静岡,50.0,55.0,6.15,47.62,6.01,42.86,20,43.24,14,35.75,2.5,50.0,0.0,0.0,0.01,1.0,3.7,33.3,0.0,0.0,0.11,3.7,4.9,25.0,0.0,0.0,0.16,1.8,16.0,7.7,0.0,0.0,0.18,3.4,29.6,12.5,0.0,0.0,0.18,3.5,43.2,2.9,5.7,2.9,0.17,3.4,21.1,78.3,17.4,4.3,0.14,2.3,16.5,22.2,11.1,5.6,0.15,3.2,19.3,23.8,23.8,9.5,0.17,3.3,16.5,11.1,11.1,22.2,0.17,3.5,15.6,5.9,29.4,23.5,0.15,2.9,11.0,16.7,25.0,0.0,0.21,4.0,12.5,100.0,0.0,0.0,0.13,4.0,12.5,100.0,0.0,0.0,0.17,2.0,25.0,50.0,0.0,0.0,0.12,2.5,25.0,50.0,0.0,0.0,0.24,4.0,0.0,0.0,0.0,0.0,0.0,0.0,25.0,0.0,0.0,0.0,0.1,3.0,19.3,66.7,14.3,9.5,0.17,3.0,15.6,11.8,29.4,29.4,0.17,4.2,17.4,5.3,31.6,15.8,0.19,3.5,15.6,11.8,41.2,0.0,0.19,4.1,19.3,9.5,9.5,28.6,0.17,3.7,12.8,7.1,7.1,42.9,0.17,4.3,15.2,50.0,31.2,0.0,0.14,3.0,19.0,5.0,20.0,5.0,0.16,3.6,17.1,11.1,11.1,27.8,0.16,3.4,22.9,4.2,16.7,12.5,0.15,3.0,17.1,5.6,11.1,0.0,0.21,4.0,8.6,11.1,0.0,0.0,0.18,3.4,21.0,56.0,28.0,4.0,0.17,3.0,13.4,25.0,37.5,0.0,0.16,3.4,20.2,25.0,20.8,25.0,0.16,3.1,13.4,18.8,31.2,6.2,0.14,2.8,11.8,7.1,35.7,21.4,0.14,3.3,20.2,4.2,16.7,12.5,0.16,4.0
20260912,06,8,1800,4360,A2,静岡,41.0,53.0,5.62,33.96,5.62,33.33,46,49.49,34,39.09,3306,B1,埼玉,58.0,55.0,4.03,20.21,4.33,11.11,31,30.49,35,36.7,3714,B1,福岡,51.0,55.0,4.28,26.83,4.3,20.0,6,34.29,30,39.07,5066,A1,埼玉,28.0,54.0,6.8,54.7,4.75,25.0,55,50.48,59,31.05,4022,B1,福岡,46.0,58.0,4.7,25.27,5.0,32.35,59,32.63,32,38.14,4666,B1,大阪,42.0,52.0,4.02,19.75,4.77,30.77,14,32.99,33,32.88,14.2,40.0,13.3,33.3,0.17,3.3,16.0,11.8,47.1,11.8,0.21,3.9,18.9,25.0,40.0,0.0,0.18,3.9,18.9,20.0,20.0,15.0,0.17,2.9,16.0,11.8,23.5,11.8,0.16,4.1,16.0,5.9,11.8,35.3,0.19,4.1,16.5,20.0,20.0,20.0,0.14,3.0,18.7,5.9,23.5,0.0,0.16,3.8,16.5,13.3,6.7,20.0,0.18,3.4,19.8,11.1,11.1,27.8,0.14,2.4,16.5,6.7,13.3,0.0,0.17,3.1,12.1,18.2,0.0,0.0,0.16,3.2,14.0,35.7,14.3,21.4,0.17,2.9,17.0,29.4,5.9,0.0,0.15,2.6,20.0,10.0,10.0,45.0,0.15,2.8,20.0,10.0,15.0,0.0,0.13,3.1,16.0,31.2,0.0,0.0,0.17,3.4,13.0,15.4,0.0,0.0,0.21,3.8,17.5,54.5,18.2,13.6,0.19,3.8,14.3,38.9,22.2,11.1,0.17,3.3,19.0,16.7,25.0,25.0,0.16,3.3,19.8,24.0,24.0,28.0,0.17,3.1,17.5,18.2,18.2,18.2,0.16,3.2,11.9,13.3,26.7,0.0,0.16,2.6,13.7,40.0,0.0,0.0,0.17,3.8,16.4,8.3,25.0,0.0,0.15,3.0,17.8,7.7,30.8,7.7,0.19,2.9,23.3,5.9,11.8,11.8,0.14,2.8,17.8,7.7,23.1,0.0,0.15,3.2,11.0,12.5,0.0,0.0,0.18,4.5,8.2,66.7,16.7,0.0,0.18,2.8,21.9,6.2,31.2,31.2,0.15,3.1,19.2,7.1,0.0,0.0,0.16,3.8,12.3,11.1,33.3,0.0,0.19,3.7,21.9,6.2,6.2,18.8,0.16,3.6,16.4,8.3,0.0,0.0,0.16,4.3
20260912,06,9,1800,3627,A2,福岡,57.0,54.0,4.54,30.59,5.74,40.0,4,30.85,69,34.39,3286,B2,静岡,58.0,53.0,3.44,19.3,5.58,34.52,52,36.45,22,36.45,4967,A1,大阪,28.0,51.0,6.35,42.73,6.72,46.88,44,36.45,43,30.15,4876,B1,福井,32.0,54.0,4.96,30.19,2.9,10.0,41,28.57,21,40.36,4336,B1,福岡,42.0,56.0,5.08,31.46,5.09,30.3,13,40.68,76,34.88,3777,A2,長崎,51.0,52.0,5.1,31.0,6.58,50.0,32,36.44,23,33.63,17.1,52.6,31.6,5.3,0.14,2.8,19.8,4.5,13.6,36.4,0.2,3.8,20.7,8.7,30.4,13.0,0.19,3.7,26.1,17.2,17.2,6.9,0.18,3.1,12.6,7.1,7.1,0.0,0.18,3.4,3.6,50.0,0.0,0.0,0.23,4.8,18.3,46.2,23.1,15.4,0.15,2.5,15.5,9.1,9.1,9.1,0.16,3.2,18.3,7.7,23.1,15.4,0.14,2.6,14.1,10.0,30.0,0.0,0.19,4.0,11.3,12.5,0.0,0.0,0.15,3.1,22.5,6.2,0.0,0.0,0.2,4.3,21.4,72.7,13.6,4.5,0.15,3.5,14.6,6.7,13.3,33.3,0.19,3.7,17.5,22.2,22.2,22.2,0.14,2.8,16.5,17.6,23.5,23.5,0.14,2.6,19.4,15.0,20.0,20.0,0.14,2.9,10.7,27.3,18.2,0.0,0.17,4.2,15.4,66.7,11.1,0.0,0.16,2.9,17.9,38.1,9.5,0.0,0.18,3.7,15.4,11.1,16.7,16.7,0.18,3.7,19.7,13.0,26.1,21.7,0.17,3.2,12.8,6.7,20.0,0.0,0.13,2.9,18.8,13.6,0.0,0.0,0.19,4.2,16.8,64.7,17.6,5.9,0.15,2.3,13.9,7.1,28.6,21.4,0.14,2.2,20.8,28.6,19.0,0.0,0.14,2.5,14.9,6.7,26.7,13.3,0.18,3.3,15.8,6.2,0.0,0.0,0.16,3.4,17.8,11.1,0.0,0.0,0.17,3.6,21.7,56.7,23.3,13.3,0.17,3.1,15.9,27.3,18.2,13.6,0.15,2.8,18.1,12.0,32.0,16.0,0.17,3.0,10.9,20.0,13.3,13.3,0.16,3.1,17.4,20.8,12.5,12.5,0.15,3.5,15.9,13.6,9.1,4.5,0.21,4.2
20260912,06,10,1800,4369,A2,愛知,40.0,58.0,5.64,38.46,5.9,44.83,16,32.38,17,35.48,4798,A1,広島,33.0,52.0,6.64,46.28,6.24,47.62,5,45.05,60,31.22,3842,B1,三重,50.0,54.0,5.13,33.77,5.98,34.09,61,43.1,29,35.27,4345,A2,東京,41.0,54.0,5.11,35.71,4.85,30.77,10,34.04,64,31.63,4684,B1,福岡,35.0,56.0,5.42,33.64,3.61,16.67,22,42.99,25,36.92,4381,A2,兵庫,41.0,52.0,5.69,41.11,6.73,50.0,17,39.64,53,33.63,19.6,48.1,22.2,22.2,0.15,3.4,15.9,9.1,22.7,22.7,0.18,3.5,18.1,20.0,24.0,20.0,0.16,2.9,14.5,10.0,35.0,20.0,0.15,2.1,17.4,25.0,8.3,16.7,0.14,2.8,14.5,5.0,15.0,0.0,0.17,3.4,20.6,77.8,18.5,0.0,0.12,2.3,14.5,26.3,26.3,26.3,0.13,2.6,18.3,12.5,12.5,29.2,0.14,2.8,16.8,4.5,22.7,27.3,0.13,2.3,16.8,13.6,13.6,22.7,0.13,2.6,13.0,5.9,17.6,0.0,0.16,3.8,15.2,41.7,16.7,0.0,0.18,3.8,17.7,14.3,14.3,21.4,0.19,4.3,13.9,27.3,18.2,0.0,0.18,3.7,12.7,10.0,10.0,20.0,0.18,3.2,22.8,11.1,16.7,0.0,0.16,3.3,17.7,7.1,14.3,0.0,0.24,4.4,19.5,64.0,24.0,4.0,0.13,1.9,14.1,5.6,38.9,16.7,0.15,3.1,18.8,16.7,20.8,16.7,0.14,2.7,17.2,9.1,27.3,9.1,0.16,2.8,13.3,5.9,11.8,17.6,0.16,3.5,17.2,22.7,9.1,0.0,0.16,4.1,16.7,62.5,25.0,0.0,0.14,2.6,13.5,7.7,38.5,0.0,0.2,4.6,18.8,22.2,16.7,22.2,0.18,3.7,14.6,21.4,28.6,0.0,0.17,3.4,19.8,5.3,5.3,31.6,0.16,3.7,16.7,25.0,0.0,0.0,0.16,4.1,19.5,56.5,17.4,8.7,0.18,3.6,15.3,11.1,33.3,16.7,0.18,3.1,18.6,18.2,27.3,31.8,0.18,3.6,15.3,22.2,16.7,11.1,0.16,2.9,20.3,4.2,8.3,20.8,0.17,3.0,11.0,7.7,0.0,0.0,0.17,3.6
20260912,06,11,1800,4434,A2,広島,40.0,55.0,6.1,45.19,5.67,44.44,66,35.42,24,37.33,4431,B1,三重,40.0,52.0,4.68,29.87,5.97,41.38,15,27.5,50,33.94,3721,A1,滋賀,51.0,53.0,6.84,50.39,6.79,42.86,38,40.52,51,30.41,4150,A2,静岡,44.0,57.0,5.95,42.2,6.14,43.55,34,32.69,44,40.98,3796,B1,静岡,53.0,55.0,4.15,23.96,5.15,34.55,51,27.36,62,38.16,4588,A2,福岡,35.0,57.0,5.48,39.17,5.78,43.75,29,28.87,48,35.94,21.1,78.3,17.4,4.3,0.14,2.3,16.5,22.2,11.1,5.6,0.15,3.2,19.3,23.8,23.8,9.5,0.17,3.3,16.5,11.1,11.1,22.2,0.17,3.5,15.6,5.9,29.4,23.5,0.15,2.9,11.0,16.7,25.0,0.0,0.21,4.0,15.2,50.0,8.3,8.3,0.19,2.6,16.5,15.4,23.1,23.1,0.13,2.6,19.0,13.3,40.0,20.0,0.14,2.3,17.7,14.3,7.1,21.4,0.18,3.8,11.4,22.2,0.0,0.0,0.18,4.0,20.3,0.0,0.0,0.0,0.22,4.9,23.3,70.8,12.5,12.5,0.12,2.3,13.6,14.3,35.7,7.1,0.14,2.9,15.5,12.5,31.2,31.2,0.13,3.2,19.4,15.0,10.0,15.0,0.11,2.1,19.4,5.0,20.0,15.0,0.14,2.4,8.7,0.0,0.0,0.0,0.13,3.7,16.9,60.0,20.0,5.0,0.16,3.0,17.8,19.0,28.6,19.0,0.15,2.7,19.5,21.7,21.7,17.4,0.13,3.3,14.4,35.3,17.6,23.5,0.13,2.7,16.9,5.0,10.0,20.0,0.15,3.3,14.4,17.6,0.0,0.0,0.16,3.1,14.3,50.0,50.0,0.0,0.16,2.5,20.2,11.8,23.5,17.6,0.18,3.7,14.3,8.3,25.0,33.3,0.21,3.8,15.5,15.4,23.1,30.8,0.16,2.9,14.3,8.3,16.7,0.0,0.17,3.5,21.4,11.1,11.1,0.0,0.18,4.1,16.9,47.6,23.8,0.0,0.11,1.7,16.9,9.5,52.4,14.3,0.14,2.8,13.7,11.8,17.6,29.4,0.14,2.6,19.4,12.5,41.7,12.5,0.14,2.7,21.0,7.7,7.7,23.1,0.17,4.0,12.1,6.7,6.7,0.0,0.17,4.9
20260912,06,12,1800,5066,A1,埼玉,28.0,54.0,6.8,54.7,4.75,25.0,55,50.48,59,31.05,4066,A2,三重,46.0,53.0,6.15,41.9,6.06,41.67,40,31.78,68,35.51,4068,B1,静岡,46.0,55.0,4.74,22.12,4.97,28.83,48,42.98,66,35.38,4654,A1,兵庫,40.0,55.0,6.49,45.16,7.18,60.71,19,33.63,58,38.67,5091,B1,福井,25.0,52.0,6.05,45.45,6.13,43.75,11,39.81,70,31.16,4269,A2,愛知,40.0,54.0,7.25,60.71,0.0,0.0,37,44.64,45,42.47,17.5,54.5,18.2,13.6,0.19,3.8,14.3,38.9,22.2,11.1,0.17,3.3,19.0,16.7,25.0,25.0,0.16,3.3,19.8,24.0,24.0,28.0,0.17,3.1,17.5,18.2,18.2,18.2,0.16,3.2,11.9,13.3,26.7,0.0,0.16,2.6,19.3,66.7,14.3,9.5,0.17,3.0,15.6,11.8,29.4,29.4,0.17,4.2,17.4,5.3,31.6,15.8,0.19,3.5,15.6,11.8,41.2,0.0,0.19,4.1,19.3,9.5,9.5,28.6,0.17,3.7,12.8,7.1,7.1,42.9,0.17,4.3,17.0,27.8,27.8,16.7,0.14,3.4,14.2,6.7,26.7,20.0,0.14,2.4,17.9,15.8,47.4,0.0,0.16,2.8,16.0,5.9,5.9,41.2,0.22,3.9,20.8,27.3,0.0,0.0,0.17,3.6,14.2,6.7,26.7,0.0,0.17,3.8,20.7,62.5,16.7,12.5,0.17,3.4,17.2,10.0,30.0,25.0,0.16,3.2,16.4,21.1,31.6,15.8,0.16,2.9,18.1,14.3,23.8,19.0,0.17,3.2,12.9,6.7,26.7,26.7,0.17,3.7,14.7,5.9,29.4,0.0,0.19,3.6,15.1,90.9,9.1,0.0,0.16,3.0,15.1,9.1,45.5,9.1,0.19,4.2,23.3,29.4,11.8,23.5,0.18,3.5,13.7,30.0,10.0,30.0,0.18,2.6,17.8,23.1,23.1,0.0,0.15,3.1,15.1,9.1,27.3,0.0,0.15,2.7,21.0,61.5,19.2,3.8,0.15,3.3,16.1,20.0,35.0,25.0,0.16,3.4,16.1,10.0,15.0,35.0,0.15,2.7,13.7,5.9,41.2,23.5,0.12,2.2,20.2,12.0,8.0,24.0,0.15,2.7,12.9,6.2,25.0,0.0,0.15,3.3
20260912,05,1,1800,4565,B1,愛知,38.0,54.0,4.04,14.58,6.17,38.89,73,23.26,72,37.89,4376,A2,静岡,42.0,53.0,5.66,41.18,6.3,43.48,29,22.73,26,48.0,3463,B1,東京,59.0,52.0,4.54,24.44,4.79,23.08,39,32.97,57,26.58,3647,B1,埼玉,53.0,50.0,3.33,10.53,3.81,16.13,47,29.07,49,35.11,3990,B1,静岡,47.0,52.0,5.07,28.28,3.38,12.5,58,34.57,73,26.51,4035,B1,愛知,47.0,51.0,3.59,21.0,3.29,19.35,38,22.22,44,25.93,15.5,26.7,6.7,20.0,0.17,3.3,16.5,6.2,6.2,18.8,0.18,4.3,12.4,16.7,8.3,0.0,0.15,3.8,20.6,5.0,20.0,0.0,0.2,3.4,16.5,6.2,25.0,0.0,0.19,3.7,18.6,5.6,5.6,0.0,0.2,4.1,18.9,77.8,3.7,3.7,0.13,1.7,18.2,7.7,38.5,15.4,0.14,3.0,16.1,17.4,26.1,26.1,0.14,2.5,14.0,25.0,15.0,15.0,0.17,3.3,14.7,9.5,4.8,9.5,0.17,3.0,18.2,3.8,3.8,7.7,0.18,4.3,15.8,26.3,15.8,21.1,0.18,4.6,17.5,4.8,14.3,47.6,0.19,4.4,19.2,13.0,21.7,26.1,0.15,3.1,19.2,13.0,8.7,26.1,0.2,4.6,19.2,4.3,8.7,21.7,0.2,4.3,9.2,27.3,0.0,0.0,0.2,5.5,13.6,21.4,35.7,14.3,0.16,3.2,17.5,16.7,38.9,0.0,0.19,2.9,16.5,5.9,17.6,0.0,0.16,2.8,19.4,5.0,25.0,0.0,0.17,2.9,16.5,5.9,0.0,0.0,0.17,3.1,16.5,11.8,0.0,0.0,0.23,4.2,13.7,50.0,7.1,7.1,0.14,2.8,19.6,15.0,15.0,25.0,0.13,3.1,15.7,12.5,31.2,0.0,0.14,2.6,16.7,5.9,17.6,0.0,0.13,3.1,22.5,8.7,13.0,0.0,0.14,3.3,11.8,8.3,8.3,0.0,0.16,3.5,12.8,28.6,7.1,14.3,0.21,4.2,17.4,5.3,10.5,5.3,0.23,4.3,20.2,9.1,31.8,9.1,0.21,4.2,12.8,14.3,21.4,0.0,0.23,4.4,23.9,3.8,7.7,7.7,0.21,4.5,12.8,21.4,0.0,0.0,0.17,3.9
20260912,05,2,1800,4491,B1,群馬,39.0,51.0,4.32,24.47,5.21,30.23,15,18.42,41,22.89,5103,B2,埼玉,28.0,53.0,4.04,26.0,2.65,5.0,34,30.85,28,26.51,5262,B1,愛知,28.0,54.0,4.03,17.46,3.76,11.76,49,42.59,80,34.83,4587,A1,福井,35.0,54.0,5.77,43.68,5.44,29.63,33,21.59,67,28.57,3848,B1,愛知,49.0,56.0,4.46,25.61,4.91,40.0,25,28.41,42,35.63,3582,A2,滋賀,53.0,54.0,6.25,47.57,6.67,58.97,50,37.38,52,40.4,13.3,46.2,7.7,0.0,0.18,4.3,20.4,25.0,10.0,0.0,0.19,3.7,16.3,18.8,31.2,0.0,0.2,3.6,21.4,23.8,19.0,0.0,0.18,3.9,14.3,7.1,28.6,0.0,0.21,3.6,14.3,0.0,0.0,0.0,0.24,4.7,13.2,30.0,10.0,0.0,0.17,3.6,13.2,30.0,10.0,0.0,0.17,3.3,14.5,9.1,27.3,0.0,0.2,4.4,14.5,9.1,18.2,0.0,0.21,4.3,11.8,11.1,33.3,0.0,0.19,3.8,32.9,4.0,4.0,4.0,0.21,4.3,15.9,7.1,35.7,14.3,0.2,4.1,18.2,12.5,12.5,37.5,0.18,3.7,19.3,29.4,47.1,0.0,0.14,2.6,13.6,16.7,8.3,0.0,0.2,3.9,20.5,27.8,11.1,0.0,0.2,4.3,12.5,18.2,0.0,0.0,0.24,4.9,22.0,65.4,23.1,3.8,0.15,2.8,16.1,21.1,47.4,10.5,0.17,3.6,17.8,33.3,14.3,9.5,0.14,3.0,13.6,18.8,18.8,6.2,0.15,3.2,14.4,17.6,23.5,5.9,0.18,3.0,16.1,5.3,10.5,15.8,0.22,4.5,16.0,35.0,35.0,5.0,0.15,2.5,16.0,25.0,20.0,0.0,0.18,3.8,16.8,28.6,19.0,0.0,0.14,2.4,16.0,5.0,25.0,10.0,0.14,2.7,19.2,4.2,8.3,16.7,0.13,2.9,16.0,10.0,15.0,0.0,0.15,3.5,19.2,62.5,4.2,0.0,0.14,2.8,30.4,23.7,21.1,23.7,0.17,3.6,38.4,14.6,25.0,10.4,0.17,3.5,11.2,14.3,21.4,0.0,0.2,4.0,0.8,0.0,0.0,0.0,0.33,3.0,0.0,0.0,0.0,0.0,0.0,0.0
20260912,05,3,1800,4619,B1,東京,43.0,52.0,5.64,41.9,4.92,36.11,63,38.68,58,21.92,3977,B1,大阪,49.0,53.0,4.3,15.63,4.75,25.0,24,21.69,39,25.97,3772,B1,埼玉,52.0,53.0,4.86,22.78,5.17,30.43,66,35.56,65,19.4,3740,A1,群馬,52.0,53.0,6.08,40.48,5.04,21.74,43,31.91,83,34.0,4656,A2,兵庫,39.0,57.0,4.84,31.18,5.34,34.29,22,21.43,22,30.88,4227,A2,三重,43.0,52.0,5.82,32.29,5.53,30.19,52,32.93,47,38.14,12.6,46.7,26.7,0.0,0.18,3.5,10.9,23.1,7.7,0.0,0.18,2.7,10.9,7.7,23.1,0.0,0.21,3.5,13.4,31.2,18.8,12.5,0.14,2.4,19.3,4.3,21.7,21.7,0.2,3.4,32.8,7.7,7.7,15.4,0.16,3.7,13.1,28.6,7.1,42.9,0.17,3.4,16.8,11.1,16.7,11.1,0.19,4.0,18.7,5.0,10.0,30.0,0.17,3.0,20.6,9.1,4.5,18.2,0.17,3.5,14.0,13.3,13.3,0.0,0.21,4.5,16.8,5.6,16.7,0.0,0.19,4.0,15.2,40.0,33.3,20.0,0.18,2.2,14.1,7.1,21.4,14.3,0.16,3.4,21.2,4.8,23.8,42.9,0.15,2.6,20.2,5.0,15.0,20.0,0.11,2.7,15.2,6.7,40.0,0.0,0.16,3.3,14.1,14.3,0.0,0.0,0.2,4.5,22.1,59.4,31.2,6.2,0.15,3.0,15.9,13.0,26.1,17.4,0.19,3.4,16.6,25.0,25.0,16.7,0.19,3.5,13.1,21.1,21.1,15.8,0.16,3.3,17.9,23.1,15.4,19.2,0.19,3.2,14.5,4.8,14.3,14.3,0.18,3.7,15.2,64.3,21.4,7.1,0.14,2.1,16.3,20.0,20.0,13.3,0.16,3.2,15.2,14.3,21.4,14.3,0.16,2.9,20.7,15.8,21.1,15.8,0.14,3.3,16.3,33.3,0.0,0.0,0.17,3.1,16.3,6.7,26.7,0.0,0.18,3.7,22.6,70.0,10.0,6.7,0.16,2.3,18.8,8.0,32.0,16.0,0.16,2.7,15.0,20.0,15.0,25.0,0.12,2.6,16.5,13.6,27.3,22.7,0.19,3.3,13.5,5.6,16.7,22.2,0.14,2.7,13.5,5.6,22.2,0.0,0.17,3.4
20260912,05,4,1800,3507,B1,大阪,55.0,51.0,4.3,24.66,4.1,20.0,13,28.87,33,33.0,4210,A2,福井,43.0,54.0,5.3,27.52,5.11,26.32,57,48.35,77,39.39,4031,B1,埼玉,48.0,53.0,4.85,28.09,3.76,14.29,31,38.54,56,37.37,4645,A1,群馬,46.0,54.0,6.56,45.13,7.03,50.0,26,28.24,81,27.08,3519,B1,愛知,58.0,53.0,3.91,16.22,3.98,20.0,60,26.67,50,36.46,3792,A1,東京,53.0,55.0,6.07,41.98,6.17,43.9,70,32.56,82,29.9,18.1,26.7,26.7,6.7,0.2,3.3,16.9,7.1,28.6,21.4,0.18,4.2,19.3,50.0,12.5,0.0,0.17,3.8,16.9,0.0,0.0,0.0,0.23,5.2,24.1,5.0,10.0,0.0,0.21,4.2,4.8,0.0,0.0,0.0,0.26,5.8,22.3,48.0,28.0,8.0,0.15,3.1,18.8,23.8,33.3,0.0,0.18,4.1,11.6,7.7,15.4,15.4,0.2,4.4,17.9,15.0,10.0,50.0,0.17,3.5,18.8,9.5,4.8,38.1,0.18,4.0,10.7,8.3,25.0,0.0,0.17,3.8,13.8,30.8,38.5,23.1,0.15,2.8,19.1,11.1,27.8,11.1,0.17,3.8,21.3,5.0,15.0,20.0,0.16,3.3,12.8,16.7,25.0,8.3,0.16,3.0,20.2,5.3,10.5,10.5,0.2,3.6,12.8,8.3,8.3,0.0,0.19,3.8,21.3,69.6,13.0,4.3,0.15,2.9,16.7,16.7,44.4,22.2,0.14,2.3,16.7,16.7,27.8,16.7,0.13,2.4,15.7,29.4,5.9,0.0,0.14,2.3,9.3,10.0,0.0,0.0,0.11,2.6,20.4,9.1,13.6,18.2,0.16,3.2,14.0,20.0,26.7,26.7,0.15,3.3,13.1,7.1,28.6,21.4,0.18,3.3,22.4,4.2,8.3,16.7,0.17,3.5,19.6,9.5,4.8,23.8,0.16,3.6,16.8,5.6,5.6,5.6,0.14,3.3,14.0,26.7,0.0,0.0,0.18,4.2,17.2,52.9,35.3,5.9,0.15,3.2,21.2,19.0,23.8,19.0,0.17,3.0,16.2,31.2,31.2,25.0,0.15,2.1,17.2,17.6,41.2,29.4,0.14,2.5,15.2,6.7,20.0,26.7,0.15,3.1,13.1,7.7,7.7,30.8,0.18,4.2
20260912,05,5,1800,3489,A2,静岡,59.0,53.0,6.02,45.04,5.55,28.57,65,35.16,84,24.71,3934,B1,愛知,49.0,54.0,5.03,23.77,3.94,17.65,64,32.56,68,28.09,5042,A1,埼玉,27.0,53.0,6.61,53.19,5.07,22.22,11,34.02,31,30.61,3713,A1,愛知,51.0,54.0,5.02,35.11,5.74,37.14,59,25.93,59,33.33,4465,B1,東京,40.0,52.0,4.71,21.54,3.78,12.2,51,35.64,71,25.0,5433,B2,東京,21.0,52.0,2.16,2.99,1.17,0.0,21,37.21,25,34.44,17.5,62.5,16.7,8.3,0.14,2.6,19.0,7.7,46.2,23.1,0.17,3.4,13.9,5.3,26.3,42.1,0.13,2.1,21.2,6.9,20.7,20.7,0.16,3.8,11.7,12.5,18.8,0.0,0.18,3.4,16.8,17.4,0.0,0.0,0.2,4.9,15.0,37.5,12.5,25.0,0.18,3.4,16.8,11.1,22.2,22.2,0.17,3.2,20.6,4.5,13.6,22.7,0.15,2.8,18.7,20.0,15.0,0.0,0.15,3.3,18.7,10.0,5.0,20.0,0.17,3.2,10.3,18.2,0.0,0.0,0.21,4.5,20.6,76.2,19.0,0.0,0.12,2.6,17.6,5.6,38.9,16.7,0.1,2.5,13.7,28.6,28.6,0.0,0.11,2.1,18.6,15.8,5.3,47.4,0.11,2.7,16.7,17.6,11.8,11.8,0.09,2.9,12.7,15.4,0.0,0.0,0.2,4.6,18.2,59.1,27.3,4.5,0.14,2.5,16.5,15.0,30.0,15.0,0.16,2.9,19.0,21.7,26.1,21.7,0.15,3.2,17.4,23.8,38.1,19.0,0.14,2.1,15.7,5.3,15.8,21.1,0.14,2.7,13.2,6.2,25.0,0.0,0.16,3.1,14.1,50.0,20.0,0.0,0.19,3.4,19.7,14.3,42.9,7.1,0.18,3.5,12.7,11.1,22.2,0.0,0.2,3.7,21.1,13.3,13.3,6.7,0.17,3.2,18.3,7.7,38.5,0.0,0.2,3.8,14.1,20.0,0.0,0.0,0.27,4.8,0.0,0.0,0.0,0.0,0.0,0.0,0.0,0.0,0.0,0.0,0.0,0.0,0.0,0.0,0.0,0.0,0.0,0.0,0.0,0.0,0.0,0.0,0.0,0.0,0.0,0.0,0.0,0.0,0.0,0.0,100.0,1.6,1.6,0.0,0.24,5.0
20260912,05,6,1800,4430,A2,東京,40.0,56.0,5.85,37.5,5.73,39.29,23,32.47,35,30.34,3990,B1,静岡,47.0,52.0,5.07,28.28,3.38,12.5,58,34.57,73,26.51,3641,A1,東京,55.0,52.0,6.03,41.88,6.28,40.79,20,35.05,43,25.61,4565,B1,愛知,38.0,54.0,4.04,14.58,6.17,38.89,73,23.26,72,37.89,3997,A1,大阪,47.0,54.0,6.02,38.21,6.1,28.57,62,29.47,24,30.61,3947,B1,群馬,50.0,48.0,4.34,20.0,4.4,14.29,35,17.81,69,44.9,19.7,44.4,22.2,18.5,0.16,2.6,18.2,20.0,32.0,16.0,0.16,3.2,15.3,33.3,14.3,19.0,0.15,2.8,17.5,8.3,20.8,20.8,0.18,3.4,16.1,22.7,13.6,0.0,0.19,3.3,13.1,16.7,22.2,0.0,0.19,4.1,13.7,50.0,7.1,7.1,0.14,2.8,19.6,15.0,15.0,25.0,0.13,3.1,15.7,12.5,31.2,0.0,0.14,2.6,16.7,5.9,17.6,0.0,0.13,3.1,22.5,8.7,13.0,0.0,0.14,3.3,11.8,8.3,8.3,0.0,0.16,3.5,17.6,69.6,17.4,8.7,0.18,2.7,18.3,12.5,37.5,12.5,0.17,4.1,17.6,13.0,13.0,30.4,0.18,3.2,18.3,20.8,16.7,16.7,0.2,4.0,19.1,24.0,12.0,20.0,0.16,3.2,9.2,8.3,25.0,0.0,0.15,3.8,15.5,26.7,6.7,20.0,0.17,3.3,16.5,6.2,6.2,18.8,0.18,4.3,12.4,16.7,8.3,0.0,0.15,3.8,20.6,5.0,20.0,0.0,0.2,3.4,16.5,6.2,25.0,0.0,0.19,3.7,18.6,5.6,5.6,0.0,0.2,4.1,22.8,70.6,11.8,5.9,0.15,2.3,17.4,11.5,46.2,19.2,0.17,3.5,16.8,24.0,16.0,32.0,0.15,3.0,15.4,17.4,13.0,34.8,0.17,3.7,16.8,4.0,16.0,32.0,0.17,3.6,10.7,6.2,37.5,0.0,0.17,4.7,14.6,26.7,6.7,20.0,0.15,3.1,18.4,5.3,42.1,0.0,0.21,3.7,17.5,5.6,11.1,11.1,0.18,3.8,20.4,14.3,28.6,0.0,0.22,4.2,17.5,5.6,5.6,22.2,0.19,3.4,11.7,16.7,16.7,0.0,0.18,3.7
20260912,05,7,1800,3813,A1,愛知,50.0,54.0,6.55,44.9,6.53,52.94,40,31.71,70,25.88,3848,B1,愛知,49.0,56.0,4.46,25.61,4.91,40.0,25,28.41,42,35.63,4281,B1,埼玉,42.0,53.0,5.27,30.21,4.89,25.4,48,21.05,66,53.54,4491,B1,群馬,39.0,51.0,4.32,24.47,5.21,30.23,15,18.42,41,22.89,3977,B1,大阪,49.0,53.0,4.3,15.63,4.75,25.0,24,21.69,39,25.97,4140,A2,東京,45.0,54.0,6.08,46.77,5.79,43.9,68,30.0,48,30.95,22.6,61.3,12.9,16.1,0.12,2.8,16.8,21.7,39.1,8.7,0.15,4.0,19.7,25.9,22.2,25.9,0.18,3.7,11.7,6.2,31.2,25.0,0.18,4.1,17.5,8.3,16.7,41.7,0.16,3.4,11.7,6.2,6.2,0.0,0.21,5.2,16.0,35.0,35.0,5.0,0.15,2.5,16.0,25.0,20.0,0.0,0.18,3.8,16.8,28.6,19.0,0.0,0.14,2.4,16.0,5.0,25.0,10.0,0.14,2.7,19.2,4.2,8.3,16.7,0.13,2.9,16.0,10.0,15.0,0.0,0.15,3.5,16.5,60.0,20.0,13.3,0.15,2.3,17.6,6.2,25.0,31.2,0.17,3.1,17.6,6.2,18.8,18.8,0.17,3.3,15.4,7.1,7.1,21.4,0.17,3.2,18.7,11.8,17.6,0.0,0.19,3.9,14.3,15.4,0.0,0.0,0.17,4.2,13.3,46.2,7.7,0.0,0.18,4.3,20.4,25.0,10.0,0.0,0.19,3.7,16.3,18.8,31.2,0.0,0.2,3.6,21.4,23.8,19.0,0.0,0.18,3.9,14.3,7.1,28.6,0.0,0.21,3.6,14.3,0.0,0.0,0.0,0.24,4.7,13.1,28.6,7.1,42.9,0.17,3.4,16.8,11.1,16.7,11.1,0.19,4.0,18.7,5.0,10.0,30.0,0.17,3.0,20.6,9.1,4.5,18.2,0.17,3.5,14.0,13.3,13.3,0.0,0.21,4.5,16.8,5.6,16.7,0.0,0.19,4.0,20.8,81.8,9.1,0.0,0.12,1.7,16.0,5.9,29.4,29.4,0.18,3.4,17.9,10.5,52.6,5.3,0.14,3.0,14.2,6.7,26.7,33.3,0.19,3.9,20.8,22.7,9.1,0.0,0.16,3.7,10.4,9.1,9.1,0.0,0.14,3.2
20260912,05,8,1800,4470,A2,三重,39.0,53.0,6.46,50.0,6.69,50.0,53,32.58,79,39.36,3519,B1,愛知,58.0,53.0,3.91,16.22,3.98,20.0,60,26.67,50,36.46,4420,A2,群馬,38.0,55.0,5.77,39.5,5.09,28.57,30,30.26,54,28.89,5103,B2,埼玉,28.0,53.0,4.04,26.0,2.65,5.0,34,30.85,28,26.51,2538,B1,東京,77.0,52.0,3.27,5.56,3.76,12.86,16,23.71,23,30.21,5449,B2,東京,23.0,50.0,1.45,5.26,1.0,0.0,45,37.0,63,23.81,21.2,63.6,13.6,9.1,0.14,2.9,15.4,37.5,37.5,12.5,0.14,1.9,19.2,5.0,15.0,35.0,0.13,2.3,13.5,14.3,42.9,7.1,0.14,2.6,11.5,25.0,33.3,0.0,0.17,3.3,19.2,5.0,35.0,0.0,0.2,4.7,14.0,20.0,26.7,26.7,0.15,3.3,13.1,7.1,28.6,21.4,0.18,3.3,22.4,4.2,8.3,16.7,0.17,3.5,19.6,9.5,4.8,23.8,0.16,3.6,16.8,5.6,5.6,5.6,0.14,3.3,14.0,26.7,0.0,0.0,0.18,4.2,17.2,48.0,20.0,12.0,0.15,3.1,17.9,7.7,38.5,26.9,0.16,3.1,17.2,12.0,24.0,24.0,0.15,2.7,18.6,18.5,18.5,22.2,0.15,2.7,17.9,3.8,15.4,34.6,0.16,3.5,11.0,6.2,12.5,0.0,0.2,3.9,13.2,30.0,10.0,0.0,0.17,3.6,13.2,30.0,10.0,0.0,0.17,3.3,14.5,9.1,27.3,0.0,0.2,4.4,14.5,9.1,18.2,0.0,0.21,4.3,11.8,11.1,33.3,0.0,0.19,3.8,32.9,4.0,4.0,4.0,0.21,4.3,12.0,9.1,18.2,0.0,0.18,3.8,18.5,5.9,5.9,11.8,0.22,4.2,18.5,17.6,29.4,0.0,0.22,3.9,25.0,4.3,8.7,0.0,0.21,4.3,15.2,21.4,0.0,0.0,0.19,4.3,10.9,10.0,0.0,0.0,0.24,4.7,0.0,0.0,0.0,0.0,0.0,0.0,0.0,0.0,0.0,0.0,0.0,0.0,0.0,0.0,0.0,0.0,0.0,0.0,0.0,0.0,0.0,0.0,0.0,0.0,0.0,0.0,0.0,0.0,0.0,0.0,0.0,0.0,0.0,0.0,0.0,0.0
20260912,05,9,1800,3647,B1,埼玉,53.0,50.0,3.33,10.53,3.81,16.13,47,29.07,49,35.11,4465,B1,東京,40.0,52.0,4.71,21.54,3.78,12.2,51,35.64,71,25.0,4146,A2,滋賀,44.0,53.0,4.94,27.96,4.5,12.5,56,34.38,34,21.43,5433,B2,東京,21.0,52.0,2.16,2.99,1.17,0.0,21,37.21,25,34.44,5262,B1,愛知,28.0,54.0,4.03,17.46,3.76,11.76,49,42.59,80,34.83,3965,A1,滋賀,47.0,55.0,5.82,40.35,6.23,50.0,19,33.73,29,43.62,13.6,21.4,35.7,14.3,0.16,3.2,17.5,16.7,38.9,0.0,0.19,2.9,16.5,5.9,17.6,0.0,0.16,2.8,19.4,5.0,25.0,0.0,0.17,2.9,16.5,5.9,0.0,0.0,0.17,3.1,16.5,11.8,0.0,0.0,0.23,4.2,14.1,50.0,20.0,0.0,0.19,3.4,19.7,14.3,42.9,7.1,0.18,3.5,12.7,11.1,22.2,0.0,0.2,3.7,21.1,13.3,13.3,6.7,0.17,3.2,18.3,7.7,38.5,0.0,0.2,3.8,14.1,20.0,0.0,0.0,0.27,4.8,17.2,76.2,14.3,4.8,0.14,3.0,18.9,8.7,21.7,26.1,0.16,3.4,18.0,13.6,13.6,40.9,0.15,2.8,16.4,20.0,15.0,25.0,0.13,2.6,16.4,15.0,20.0,15.0,0.12,2.1,13.1,12.5,18.8,0.0,0.16,3.0,0.0,0.0,0.0,0.0,0.0,0.0,0.0,0.0,0.0,0.0,0.0,0.0,0.0,0.0,0.0,0.0,0.0,0.0,0.0,0.0,0.0,0.0,0.0,0.0,0.0,0.0,0.0,0.0,0.0,0.0,100.0,1.6,1.6,0.0,0.24,5.0,15.9,7.1,35.7,14.3,0.2,4.1,18.2,12.5,12.5,37.5,0.18,3.7,19.3,29.4,47.1,0.0,0.14,2.6,13.6,16.7,8.3,0.0,0.2,3.9,20.5,27.8,11.1,0.0,0.2,4.3,12.5,18.2,0.0,0.0,0.24,4.9,18.2,54.5,22.7,18.2,0.16,3.0,19.8,16.7,37.5,20.8,0.18,3.7,15.7,15.8,47.4,15.8,0.18,3.8,19.0,30.4,21.7,17.4,0.17,3.1,13.2,12.5,18.8,18.8,0.18,3.9,14.0,5.9,29.4,0.0,0.16,4.2
20260912,05,10,1800,3582,A2,滋賀,53.0,54.0,6.25,47.57,6.67,58.97,50,37.38,52,40.4,3997,A1,大阪,47.0,54.0,6.02,38.21,6.1,28.57,62,29.47,24,30.61,4645,A1,群馬,46.0,54.0,6.56,45.13,7.03,50.0,26,28.24,81,27.08,5042,A1,埼玉,27.0,53.0,6.61,53.19,5.07,22.22,11,34.02,31,30.61,4210,A2,福井,43.0,54.0,5.3,27.52,5.11,26.32,57,48.35,77,39.39,4619,B1,東京,43.0,52.0,5.64,41.9,4.92,36.11,63,38.68,58,21.92,19.2,62.5,4.2,0.0,0.14,2.8,30.4,23.7,21.1,23.7,0.17,3.6,38.4,14.6,25.0,10.4,0.17,3.5,11.2,14.3,21.4,0.0,0.2,4.0,0.8,0.0,0.0,0.0,0.33,3.0,0.0,0.0,0.0,0.0,0.0,0.0,22.8,70.6,11.8,5.9,0.15,2.3,17.4,11.5,46.2,19.2,0.17,3.5,16.8,24.0,16.0,32.0,0.15,3.0,15.4,17.4,13.0,34.8,0.17,3.7,16.8,4.0,16.0,32.0,0.17,3.6,10.7,6.2,37.5,0.0,0.17,4.7,21.3,69.6,13.0,4.3,0.15,2.9,16.7,16.7,44.4,22.2,0.14,2.3,16.7,16.7,27.8,16.7,0.13,2.4,15.7,29.4,5.9,0.0,0.14,2.3,9.3,10.0,0.0,0.0,0.11,2.6,20.4,9.1,13.6,18.2,0.16,3.2,20.6,76.2,19.0,0.0,0.12,2.6,17.6,5.6,38.9,16.7,0.1,2.5,13.7,28.6,28.6,0.0,0.11,2.1,18.6,15.8,5.3,47.4,0.11,2.7,16.7,17.6,11.8,11.8,0.09,2.9,12.7,15.4,0.0,0.0,0.2,4.6,22.3,48.0,28.0,8.0,0.15,3.1,18.8,23.8,33.3,0.0,0.18,4.1,11.6,7.7,15.4,15.4,0.2,4.4,17.9,15.0,10.0,50.0,0.17,3.5,18.8,9.5,4.8,38.1,0.18,4.0,10.7,8.3,25.0,0.0,0.17,3.8,12.6,46.7,26.7,0.0,0.18,3.5,10.9,23.1,7.7,0.0,0.18,2.7,10.9,7.7,23.1,0.0,0.21,3.5,13.4,31.2,18.8,12.5,0.14,2.4,19.3,4.3,21.7,21.7,0.2,3.4,32.8,7.7,7.7,15.4,0.16,3.7
20260912,05,11,1800,4227,A2,三重,43.0,52.0,5.82,32.29,5.53,30.19,52,32.93,47,38.14,3792,A1,東京,53.0,55.0,6.07,41.98,6.17,43.9,70,32.56,82,29.9,4587,A1,福井,35.0,54.0,5.77,43.68,5.44,29.63,33,21.59,67,28.57,3641,A1,東京,55.0,52.0,6.03,41.88,6.28,40.79,20,35.05,43,25.61,4376,A2,静岡,42.0,53.0,5.66,41.18,6.3,43.48,29,22.73,26,48.0,3813,A1,愛知,50.0,54.0,6.55,44.9,6.53,52.94,40,31.71,70,25.88,22.6,70.0,10.0,6.7,0.16,2.3,18.8,8.0,32.0,16.0,0.16,2.7,15.0,20.0,15.0,25.0,0.12,2.6,16.5,13.6,27.3,22.7,0.19,3.3,13.5,5.6,16.7,22.2,0.14,2.7,13.5,5.6,22.2,0.0,0.17,3.4,17.2,52.9,35.3,5.9,0.15,3.2,21.2,19.0,23.8,19.0,0.17,3.0,16.2,31.2,31.2,25.0,0.15,2.1,17.2,17.6,41.2,29.4,0.14,2.5,15.2,6.7,20.0,26.7,0.15,3.1,13.1,7.7,7.7,30.8,0.18,4.2,22.0,65.4,23.1,3.8,0.15,2.8,16.1,21.1,47.4,10.5,0.17,3.6,17.8,33.3,14.3,9.5,0.14,3.0,13.6,18.8,18.8,6.2,0.15,3.2,14.4,17.6,23.5,5.9,0.18,3.0,16.1,5.3,10.5,15.8,0.22,4.5,17.6,69.6,17.4,8.7,0.18,2.7,18.3,12.5,37.5,12.5,0.17,4.1,17.6,13.0,13.0,30.4,0.18,3.2,18.3,20.8,16.7,16.7,0.2,4.0,19.1,24.0,12.0,20.0,0.16,3.2,9.2,8.3,25.0,0.0,0.15,3.8,18.9,77.8,3.7,3.7,0.13,1.7,18.2,7.7,38.5,15.4,0.14,3.0,16.1,17.4,26.1,26.1,0.14,2.5,14.0,25.0,15.0,15.0,0.17,3.3,14.7,9.5,4.8,9.5,0.17,3.0,18.2,3.8,3.8,7.7,0.18,4.3,22.6,61.3,12.9,16.1,0.12,2.8,16.8,21.7,39.1,8.7,0.15,4.0,19.7,25.9,22.2,25.9,0.18,3.7,11.7,6.2,31.2,25.0,0.18,4.1,17.5,8.3,16.7,41.7,0.16,3.4,11.7,6.2,6.2,0.0,0.21,5.2
20260912,05,12,1800,4140,A2,東京,45.0,54.0,6.08,46.77,5.79,43.9,68,30.0,48,30.95,4656,A2,兵庫,39.0,57.0,4.84,31.18,5.34,34.29,22,21.43,22,30.88,3740,A1,群馬,52.0,53.0,6.08,40.48,5.04,21.74,43,31.91,83,34.0,3947,B1,群馬,50.0,48.0,4.34,20.0,4.4,14.29,35,17.81,69,44.9,3934,B1,愛知,49.0,54.0,5.03,23.77,3.94,17.65,64,32.56,68,28.09,3489,A2,静岡,59.0,53.0,6.02,45.04,5.55,28.57,65,35.16,84,24.71,20.8,81.8,9.1,0.0,0.12,1.7,16.0,5.9,29.4,29.4,0.18,3.4,17.9,10.5,52.6,5.3,0.14,3.0,14.2,6.7,26.7,33.3,0.19,3.9,20.8,22.7,9.1,0.0,0.16,3.7,10.4,9.1,9.1,0.0,0.14,3.2,15.2,64.3,21.4,7.1,0.14,2.1,16.3,20.0,20.0,13.3,0.16,3.2,15.2,14.3,21.4,14.3,0.16,2.9,20.7,15.8,21.1,15.8,0.14,3.3,16.3,33.3,0.0,0.0,0.17,3.1,16.3,6.7,26.7,0.0,0.18,3.7,22.1,59.4,31.2,6.2,0.15,3.0,15.9,13.0,26.1,17.4,0.19,3.4,16.6,25.0,25.0,16.7,0.19,3.5,13.1,21.1,21.1,15.8,0.16,3.3,17.9,23.1,15.4,19.2,0.19,3.2,14.5,4.8,14.3,14.3,0.18,3.7,14.6,26.7,6.7,20.0,0.15,3.1,18.4,5.3,42.1,0.0,0.21,3.7,17.5,5.6,11.1,11.1,0.18,3.8,20.4,14.3,28.6,0.0,0.22,4.2,17.5,5.6,5.6,22.2,0.19,3.4,11.7,16.7,16.7,0.0,0.18,3.7,15.0,37.5,12.5,25.0,0.18,3.4,16.8,11.1,22.2,22.2,0.17,3.2,20.6,4.5,13.6,22.7,0.15,2.8,18.7,20.0,15.0,0.0,0.15,3.3,18.7,10.0,5.0,20.0,0.17,3.2,10.3,18.2,0.0,0.0,0.21,4.5,17.5,62.5,16.7,8.3,0.14,2.6,19.0,7.7,46.2,23.1,0.17,3.4,13.9,5.3,26.3,42.1,0.13,2.1,21.2,6.9,20.7,20.7,0.16,3.8,11.7,12.5,18.8,0.0,0.18,3.4,16.8,17.4,0.0,0.0,0.2,4.9
20260912,02,1,1800,4973,B1,埼玉,34.0,52.0,5.18,32.47,5.0,30.86,52,53.33,37,72.22,4846,B1,山口,32.0,51.0,4.31,24.72,4.32,31.58,58,39.13,17,11.11,5313,B1,群馬,26.0,52.0,4.33,15.79,3.3,8.0,11,47.83,18,36.84,4865,B2,大阪,36.0,53.0,3.63,16.67,4.21,21.43,6,37.5,60,35.29,5008,B1,福岡,29.0,53.0,4.88,23.81,4.49,22.86,10,30.43,41,33.33,5455,B2,群馬,20.0,55.0,1.49,0.0,1.29,0.0,17,31.82,69,53.33,19.0,54.2,8.3,16.7,0.15,2.6,17.5,9.1,13.6,13.6,0.16,3.2,14.3,11.1,27.8,11.1,0.15,2.3,18.3,13.0,17.4,0.0,0.16,2.6,15.1,31.6,26.3,0.0,0.18,3.1,15.9,20.0,0.0,0.0,0.2,4.0,12.1,33.3,8.3,33.3,0.15,2.9,18.2,33.3,11.1,0.0,0.14,2.9,20.2,15.0,25.0,0.0,0.16,3.4,20.2,10.0,5.0,10.0,0.14,3.0,16.2,18.8,12.5,0.0,0.21,3.9,13.1,7.7,0.0,0.0,0.21,4.6,13.0,26.7,20.0,13.3,0.11,2.1,21.7,20.0,16.0,24.0,0.15,3.4,17.4,5.0,10.0,20.0,0.15,2.9,13.0,6.7,20.0,0.0,0.17,3.3,21.7,4.0,12.0,8.0,0.17,3.1,13.0,13.3,26.7,0.0,0.17,4.1,15.8,44.4,11.1,11.1,0.11,2.8,19.3,9.1,45.5,0.0,0.17,3.4,21.1,16.7,8.3,0.0,0.17,3.6,15.8,33.3,0.0,0.0,0.21,3.0,14.0,25.0,0.0,0.0,0.16,3.3,14.0,12.5,25.0,0.0,0.2,4.0,13.9,36.4,27.3,9.1,0.15,1.8,15.2,8.3,33.3,8.3,0.16,3.4,20.3,37.5,6.2,0.0,0.15,2.9,15.2,8.3,25.0,0.0,0.14,2.3,19.0,13.3,26.7,0.0,0.15,2.2,16.5,0.0,0.0,0.0,0.15,2.9,0.0,0.0,0.0,0.0,0.0,0.0,0.0,0.0,0.0,0.0,0.0,0.0,0.0,0.0,0.0,0.0,0.0,0.0,0.0,0.0,0.0,0.0,0.0,0.0,0.0,0.0,0.0,0.0,0.0,0.0,0.0,0.0,0.0,0.0,0.0,0.0
20260912,02,2,1800,3161,B1,大阪,66.0,54.0,4.97,28.77,5.82,43.59,61,23.08,62,25.0,4762,A1,岡山,36.0,51.0,7.36,55.65,7.21,35.29,14,54.17,71,29.41,4451,A2,福岡,38.0,53.0,6.36,48.08,7.55,55.0,63,44.44,63,50.0,3072,B1,東京,64.0,53.0,3.99,21.51,5.24,39.47,2,20.0,70,0.0,3834,B1,岡山,51.0,57.0,4.18,26.44,4.67,33.33,24,28.57,57,12.5,3692,B1,福井,55.0,51.0,5.19,32.76,5.13,29.17,21,62.5,67,25.0,16.8,31.2,37.5,6.2,0.17,2.9,17.9,5.9,41.2,23.5,0.21,3.7,25.3,25.0,20.8,0.0,0.22,4.1,22.1,4.8,33.3,14.3,0.17,3.4,17.9,17.6,17.6,0.0,0.18,4.2,0.0,0.0,0.0,0.0,0.0,0.0,21.7,76.0,8.0,8.0,0.14,3.0,16.5,15.8,36.8,5.3,0.12,2.5,16.5,15.8,26.3,36.8,0.13,2.4,13.0,13.3,6.7,46.7,0.14,3.2,13.0,26.7,26.7,0.0,0.11,3.1,19.1,9.1,9.1,18.2,0.12,3.0,22.9,63.6,27.3,3.0,0.14,2.3,15.3,22.7,18.2,36.4,0.14,2.5,18.1,3.8,30.8,15.4,0.17,2.5,18.1,26.9,34.6,0.0,0.14,2.7,15.3,13.6,9.1,0.0,0.19,3.7,10.4,6.7,13.3,20.0,0.18,4.3,20.5,33.3,16.7,11.1,0.16,2.9,75.0,6.1,7.6,16.7,0.17,3.4,4.5,25.0,0.0,0.0,0.23,4.3,0.0,0.0,0.0,0.0,0.0,0.0,0.0,0.0,0.0,0.0,0.0,0.0,0.0,0.0,0.0,0.0,0.0,0.0,14.1,46.2,23.1,0.0,0.16,3.0,18.5,5.9,5.9,17.6,0.19,3.5,16.3,6.7,0.0,0.0,0.2,4.1,17.4,6.2,6.2,0.0,0.19,4.0,19.6,11.1,11.1,0.0,0.2,3.9,14.1,7.7,0.0,0.0,0.21,5.0,17.3,27.8,11.1,38.9,0.15,3.6,17.3,11.1,22.2,16.7,0.19,3.6,18.3,26.3,26.3,0.0,0.16,3.7,14.4,6.7,13.3,0.0,0.17,3.6,13.5,14.3,14.3,0.0,0.19,3.0,19.2,25.0,0.0,0.0,0.2,4.6
20260912,02,3,1800,4572,B1,大阪,38.0,56.0,5.58,36.67,4.84,36.0,25,26.32,45,40.91,4649,B1,滋賀,42.0,52.0,5.71,41.32,0.0,0.0,23,23.81,26,36.36,5259,B2,埼玉,33.0,56.0,3.39,8.96,3.06,8.99,1,17.39,73,33.33,5126,A1,兵庫,30.0,51.0,6.94,54.55,6.71,57.14,36,50.0,47,40.0,4866,B1,福岡,36.0,57.0,4.32,20.99,4.91,27.27,19,21.74,15,42.86,4363,A2,福岡,41.0,52.0,5.42,35.45,5.12,32.56,22,21.74,23,34.78,18.7,60.0,15.0,10.0,0.14,2.8,16.8,5.6,22.2,16.7,0.18,3.7,14.0,13.3,33.3,6.7,0.13,1.9,15.9,23.5,17.6,0.0,0.13,3.4,17.8,5.3,15.8,21.1,0.16,3.2,16.8,16.7,16.7,0.0,0.2,4.3,17.2,54.5,9.1,4.5,0.12,2.9,17.2,13.6,9.1,22.7,0.15,3.1,19.5,4.0,16.0,24.0,0.13,2.4,15.6,20.0,10.0,15.0,0.14,2.2,14.1,11.1,33.3,0.0,0.12,2.3,16.4,19.0,0.0,0.0,0.14,3.2,15.0,16.7,0.0,0.0,0.15,2.7,17.5,0.0,0.0,0.0,0.19,3.4,17.5,14.3,0.0,0.0,0.19,2.9,15.0,16.7,0.0,0.0,0.14,2.7,20.0,12.5,0.0,0.0,0.19,3.1,15.0,16.7,0.0,0.0,0.2,4.8,22.0,70.8,12.5,0.0,0.14,3.3,14.7,6.2,31.2,31.2,0.15,3.4,17.4,36.8,26.3,10.5,0.15,2.7,16.5,27.8,33.3,11.1,0.14,3.0,13.8,13.3,26.7,0.0,0.19,3.5,15.6,17.6,17.6,0.0,0.16,3.5,8.5,28.6,42.9,0.0,0.16,2.6,15.9,7.7,15.4,0.0,0.16,3.2,20.7,5.9,17.6,29.4,0.15,2.5,19.5,25.0,25.0,0.0,0.2,3.6,18.3,6.7,20.0,0.0,0.15,3.9,17.1,7.1,0.0,0.0,0.2,3.9,18.3,65.4,15.4,7.7,0.16,2.5,17.6,16.0,44.0,8.0,0.16,3.0,16.9,8.3,37.5,25.0,0.15,2.8,14.8,4.8,14.3,38.1,0.18,3.6,17.6,24.0,12.0,0.0,0.19,3.8,14.8,33.3,0.0,0.0,0.17,3.5
20260912,02,4,1800,4692,B1,福井,42.0,53.0,4.3,25.0,4.11,22.22,62,25.0,55,0.0,4370,A1,岡山,39.0,53.0,6.6,53.66,7.69,56.25,15,52.17,65,35.29,3075,B1,埼玉,64.0,55.0,5.07,34.94,5.22,32.99,60,25.0,28,54.55,4886,A2,岡山,30.0,55.0,6.44,40.43,0.0,0.0,5,29.41,50,0.0,4163,A2,広島,44.0,51.0,5.55,36.97,4.13,31.25,8,54.17,35,18.18,4887,B1,群馬,39.0,55.0,5.09,32.89,5.49,41.03,51,25.0,44,70.0,16.5,23.5,35.3,11.8,0.14,3.1,11.7,16.7,25.0,0.0,0.14,2.5,16.5,5.9,11.8,11.8,0.13,2.5,11.7,33.3,16.7,0.0,0.09,1.8,19.4,30.0,15.0,0.0,0.12,1.7,24.3,8.0,16.0,12.0,0.11,2.0,20.7,69.6,8.7,8.7,0.13,2.8,14.4,12.5,37.5,18.8,0.14,2.7,25.2,32.1,28.6,10.7,0.13,2.6,17.1,26.3,5.3,26.3,0.15,3.5,10.8,16.7,16.7,16.7,0.15,3.2,11.7,23.1,0.0,0.0,0.14,4.3,15.3,26.7,6.7,20.0,0.12,2.7,16.3,12.5,6.2,0.0,0.16,3.1,21.4,9.5,19.0,4.8,0.1,2.2,18.4,11.1,27.8,16.7,0.15,2.4,16.3,12.5,12.5,12.5,0.11,2.4,12.2,8.3,8.3,0.0,0.14,2.8,11.2,53.8,15.4,15.4,0.12,3.1,19.0,9.1,22.7,13.6,0.13,3.5,19.0,9.1,40.9,18.2,0.14,3.0,14.7,11.8,23.5,23.5,0.15,3.3,19.0,4.5,40.9,0.0,0.14,3.2,17.2,5.0,5.0,25.0,0.18,4.4,22.7,72.4,13.8,3.4,0.15,3.1,14.8,31.6,36.8,0.0,0.15,3.3,18.8,16.7,20.8,20.8,0.16,3.4,15.6,15.0,25.0,5.0,0.18,4.0,15.6,5.0,15.0,20.0,0.17,4.4,12.5,0.0,0.0,0.0,0.18,4.5,16.3,60.0,26.7,0.0,0.12,2.1,14.1,7.7,30.8,7.7,0.15,3.3,20.7,10.5,31.6,15.8,0.13,2.2,18.5,23.5,5.9,5.9,0.11,2.2,13.0,16.7,0.0,0.0,0.14,3.5,17.4,12.5,12.5,0.0,0.15,3.9
20260912,02,5,1800,3711,A2,山口,52.0,53.0,5.91,39.47,0.0,0.0,59,36.36,59,33.33,4865,B2,大阪,36.0,53.0,3.63,16.67,4.21,21.43,6,37.5,60,35.29,3589,B1,埼玉,53.0,56.0,4.38,27.03,4.38,25.64,18,47.83,33,23.08,4351,A1,福岡,40.0,54.0,6.89,52.14,6.4,37.21,57,45.45,58,42.86,4708,B1,広島,37.0,57.0,4.42,21.74,4.46,15.38,55,0.0,76,33.33,4615,B1,東京,46.0,53.0,4.73,26.58,5.27,33.33,54,41.18,61,0.0,21.6,51.5,21.2,18.2,0.15,2.9,13.7,4.8,28.6,23.8,0.16,3.0,19.6,20.0,23.3,36.7,0.15,3.2,12.4,5.3,31.6,36.8,0.13,2.6,17.0,7.7,30.8,19.2,0.15,3.4,15.7,4.2,8.3,8.3,0.17,4.0,15.8,44.4,11.1,11.1,0.11,2.8,19.3,9.1,45.5,0.0,0.17,3.4,21.1,16.7,8.3,0.0,0.17,3.6,15.8,33.3,0.0,0.0,0.21,3.0,14.0,25.0,0.0,0.0,0.16,3.3,14.0,12.5,25.0,0.0,0.2,4.0,15.4,50.0,7.1,28.6,0.18,3.6,19.8,11.1,11.1,16.7,0.18,3.3,16.5,33.3,20.0,0.0,0.13,2.1,14.3,7.7,15.4,0.0,0.1,2.2,19.8,5.6,5.6,16.7,0.18,3.1,14.3,7.7,0.0,0.0,0.17,3.0,27.5,63.6,13.6,6.8,0.14,2.3,11.9,15.8,21.1,31.6,0.15,2.8,18.8,46.7,26.7,13.3,0.12,2.0,13.8,22.7,13.6,22.7,0.14,2.5,12.5,20.0,20.0,30.0,0.11,2.2,15.6,12.0,12.0,24.0,0.11,2.4,11.8,9.1,18.2,9.1,0.17,3.9,17.2,6.2,12.5,6.2,0.17,4.1,17.2,6.2,37.5,0.0,0.21,3.6,20.4,5.3,15.8,10.5,0.17,3.2,26.9,12.0,20.0,0.0,0.17,3.8,6.5,16.7,0.0,0.0,0.25,4.8,14.0,33.3,25.0,16.7,0.18,3.4,18.6,18.8,18.8,0.0,0.15,3.0,18.6,12.5,12.5,0.0,0.17,3.4,14.0,16.7,25.0,0.0,0.17,3.7,22.1,21.1,10.5,0.0,0.21,4.3,12.8,9.1,0.0,0.0,0.26,4.9
20260912,02,6,1800,4325,B1,大阪,43.0,53.0,4.46,17.28,4.26,15.79,65,23.08,68,35.29,4539,A1,群馬,35.0,54.0,6.32,42.61,3.43,14.29,20,30.43,51,40.0,4388,A2,滋賀,41.0,51.0,6.21,46.55,7.0,65.22,13,37.5,77,45.45,3692,B1,福井,55.0,51.0,5.19,32.76,5.13,29.17,21,62.5,67,25.0,5455,B2,群馬,20.0,55.0,1.49,0.0,1.29,0.0,17,31.82,69,53.33,4295,A1,兵庫,39.0,54.0,7.56,61.9,7.17,61.7,12,17.39,42,40.0,16.4,25.0,16.7,25.0,0.19,3.2,17.8,15.4,7.7,30.8,0.17,2.7,13.7,20.0,10.0,0.0,0.18,3.3,17.8,30.8,0.0,0.0,0.2,3.3,19.2,14.3,28.6,0.0,0.21,3.3,15.1,18.2,0.0,0.0,0.17,3.6,18.1,84.0,12.0,4.0,0.12,1.9,15.9,22.7,27.3,0.0,0.13,2.6,18.8,11.5,34.6,19.2,0.13,2.2,14.5,20.0,20.0,5.0,0.11,2.2,15.9,4.5,22.7,18.2,0.14,2.6,16.7,4.3,4.3,21.7,0.14,3.0,18.6,66.7,14.8,7.4,0.16,2.9,17.9,11.5,34.6,19.2,0.17,4.1,14.5,23.8,14.3,14.3,0.15,2.7,15.2,9.1,18.2,40.9,0.17,3.6,18.6,3.7,18.5,33.3,0.19,3.8,15.2,9.1,18.2,0.0,0.18,4.4,17.3,27.8,11.1,38.9,0.15,3.6,17.3,11.1,22.2,16.7,0.19,3.6,18.3,26.3,26.3,0.0,0.16,3.7,14.4,6.7,13.3,0.0,0.17,3.6,13.5,14.3,14.3,0.0,0.19,3.0,19.2,25.0,0.0,0.0,0.2,4.6,0.0,0.0,0.0,0.0,0.0,0.0,0.0,0.0,0.0,0.0,0.0,0.0,0.0,0.0,0.0,0.0,0.0,0.0,0.0,0.0,0.0,0.0,0.0,0.0,0.0,0.0,0.0,0.0,0.0,0.0,0.0,0.0,0.0,0.0,0.0,0.0,23.1,90.0,6.7,3.3,0.14,2.0,21.5,21.4,28.6,32.1,0.14,2.8,12.3,25.0,12.5,18.8,0.11,2.1,15.4,10.0,50.0,15.0,0.14,2.8,16.2,9.5,28.6,19.0,0.14,2.8,11.5,33.3,0.0,0.0,0.16,3.1
20260912,02,7,1800,4467,A1,愛知,40.0,51.0,6.32,41.67,5.63,37.5,3,37.5,66,7.69,5259,B2,埼玉,33.0,56.0,3.39,8.96,3.06,8.99,1,17.39,73,33.33,3814,B1,福井,50.0,50.0,5.01,27.36,4.24,16.0,50,25.0,53,40.0,4631,B1,大阪,39.0,53.0,4.68,28.21,5.15,50.0,49,25.0,46,23.81,4846,B1,山口,32.0,51.0,4.31,24.72,4.32,31.58,58,39.13,17,11.11,4555,B1,福岡,37.0,54.0,5.23,30.91,4.83,27.59,44,42.86,27,16.67,20.5,63.0,22.2,11.1,0.14,2.7,13.6,22.2,44.4,33.3,0.13,2.5,18.2,12.5,20.8,25.0,0.12,2.3,20.5,18.5,14.8,40.7,0.13,2.2,14.4,10.5,26.3,0.0,0.13,2.9,12.9,29.4,17.6,0.0,0.17,3.7,15.0,16.7,0.0,0.0,0.15,2.7,17.5,0.0,0.0,0.0,0.19,3.4,17.5,14.3,0.0,0.0,0.19,2.9,15.0,16.7,0.0,0.0,0.14,2.7,20.0,12.5,0.0,0.0,0.19,3.1,15.0,16.7,0.0,0.0,0.2,4.8,12.5,33.3,16.7,25.0,0.2,4.2,18.8,11.1,38.9,16.7,0.2,3.8,19.8,5.3,26.3,10.5,0.21,3.7,17.7,5.9,11.8,23.5,0.18,4.1,16.7,6.2,12.5,6.2,0.21,4.3,14.6,7.1,0.0,0.0,0.18,4.5,13.0,58.3,16.7,0.0,0.09,1.8,18.5,5.9,29.4,17.6,0.17,3.2,15.2,21.4,14.3,14.3,0.14,3.4,20.7,5.3,15.8,15.8,0.19,3.8,19.6,11.1,16.7,0.0,0.17,2.6,13.0,8.3,8.3,0.0,0.14,2.7,12.1,33.3,8.3,33.3,0.15,2.9,18.2,33.3,11.1,0.0,0.14,2.9,20.2,15.0,25.0,0.0,0.16,3.4,20.2,10.0,5.0,10.0,0.14,3.0,16.2,18.8,12.5,0.0,0.21,3.9,13.1,7.7,0.0,0.0,0.21,4.6,21.1,56.5,21.7,13.0,0.15,2.7,14.7,6.2,18.8,18.8,0.18,3.9,17.4,21.1,31.6,0.0,0.18,3.1,13.8,6.7,6.7,26.7,0.17,3.4,11.9,23.1,46.2,0.0,0.22,4.9,21.1,17.4,13.0,0.0,0.19,3.9
20260912,02,8,1800,4674,B1,福岡,39.0,52.0,5.41,31.07,5.53,30.56,16,26.09,72,26.67,4883,A2,東京,30.0,52.0,6.41,50.46,5.54,32.14,7,21.74,38,31.25,3072,B1,東京,64.0,53.0,3.99,21.51,5.24,39.47,2,20.0,70,0.0,4866,B1,福岡,36.0,57.0,4.32,20.99,4.91,27.27,19,21.74,15,42.86,4370,A1,岡山,39.0,53.0,6.6,53.66,7.69,56.25,15,52.17,65,35.29,4706,A2,愛知,37.0,48.0,5.67,45.36,5.54,36.59,53,66.67,43,42.86,19.1,61.5,26.9,3.8,0.15,2.4,16.2,18.2,13.6,18.2,0.16,3.2,16.9,4.3,17.4,30.4,0.14,2.7,13.2,11.1,16.7,22.2,0.17,3.3,17.6,4.2,20.8,0.0,0.14,2.4,16.9,13.0,21.7,0.0,0.14,3.3,14.1,69.2,15.4,7.7,0.15,2.8,19.6,22.2,27.8,11.1,0.18,4.0,20.7,10.5,36.8,10.5,0.16,3.0,15.2,28.6,21.4,7.1,0.17,3.6,17.4,12.5,25.0,25.0,0.15,2.7,13.0,16.7,8.3,0.0,0.14,3.3,20.5,33.3,16.7,11.1,0.16,2.9,75.0,6.1,7.6,16.7,0.17,3.4,4.5,25.0,0.0,0.0,0.23,4.3,0.0,0.0,0.0,0.0,0.0,0.0,0.0,0.0,0.0,0.0,0.0,0.0,0.0,0.0,0.0,0.0,0.0,0.0,8.5,28.6,42.9,0.0,0.16,2.6,15.9,7.7,15.4,0.0,0.16,3.2,20.7,5.9,17.6,29.4,0.15,2.5,19.5,25.0,25.0,0.0,0.2,3.6,18.3,6.7,20.0,0.0,0.15,3.9,17.1,7.1,0.0,0.0,0.2,3.9,20.7,69.6,8.7,8.7,0.13,2.8,14.4,12.5,37.5,18.8,0.14,2.7,25.2,32.1,28.6,10.7,0.13,2.6,17.1,26.3,5.3,26.3,0.15,3.5,10.8,16.7,16.7,16.7,0.15,3.2,11.7,23.1,0.0,0.0,0.14,4.3,17.6,47.8,17.4,17.4,0.16,2.9,17.6,26.1,34.8,13.0,0.18,3.4,18.3,37.5,12.5,4.2,0.15,2.4,15.3,15.0,20.0,20.0,0.18,3.0,18.3,4.2,8.3,20.8,0.17,3.4,13.0,17.6,0.0,0.0,0.16,3.8
20260912,02,9,1800,4163,A2,広島,44.0,51.0,5.55,36.97,4.13,31.25,8,54.17,35,18.18,3834,B1,岡山,51.0,57.0,4.18,26.44,4.67,33.33,24,28.57,57,12.5,3711,A2,山口,52.0,53.0,5.91,39.47,0.0,0.0,59,36.36,59,33.33,5220,A2,埼玉,25.0,51.0,6.55,49.52,6.49,47.33,56,52.94,20,36.36,5126,A1,兵庫,30.0,51.0,6.94,54.55,6.71,57.14,36,50.0,47,40.0,5313,B1,群馬,26.0,52.0,4.33,15.79,3.3,8.0,11,47.83,18,36.84,22.7,72.4,13.8,3.4,0.15,3.1,14.8,31.6,36.8,0.0,0.15,3.3,18.8,16.7,20.8,20.8,0.16,3.4,15.6,15.0,25.0,5.0,0.18,4.0,15.6,5.0,15.0,20.0,0.17,4.4,12.5,0.0,0.0,0.0,0.18,4.5,14.1,46.2,23.1,0.0,0.16,3.0,18.5,5.9,5.9,17.6,0.19,3.5,16.3,6.7,0.0,0.0,0.2,4.1,17.4,6.2,6.2,0.0,0.19,4.0,19.6,11.1,11.1,0.0,0.2,3.9,14.1,7.7,0.0,0.0,0.21,5.0,21.6,51.5,21.2,18.2,0.15,2.9,13.7,4.8,28.6,23.8,0.16,3.0,19.6,20.0,23.3,36.7,0.15,3.2,12.4,5.3,31.6,36.8,0.13,2.6,17.0,7.7,30.8,19.2,0.15,3.4,15.7,4.2,8.3,8.3,0.17,4.0,22.7,64.7,8.8,8.8,0.13,2.2,14.0,9.5,19.0,19.0,0.11,2.3,18.7,14.3,32.1,7.1,0.13,3.1,16.0,20.8,29.2,29.2,0.13,2.5,14.0,23.8,9.5,14.3,0.1,2.4,14.7,9.1,4.5,31.8,0.11,2.5,22.0,70.8,12.5,0.0,0.14,3.3,14.7,6.2,31.2,31.2,0.15,3.4,17.4,36.8,26.3,10.5,0.15,2.7,16.5,27.8,33.3,11.1,0.14,3.0,13.8,13.3,26.7,0.0,0.19,3.5,15.6,17.6,17.6,0.0,0.16,3.5,13.0,26.7,20.0,13.3,0.11,2.1,21.7,20.0,16.0,24.0,0.15,3.4,17.4,5.0,10.0,20.0,0.15,2.9,13.0,6.7,20.0,0.0,0.17,3.3,21.7,4.0,12.0,8.0,0.17,3.1,13.0,13.3,26.7,0.0,0.17,4.1
20260912,02,10,1800,4886,A2,岡山,30.0,55.0,6.44,40.43,0.0,0.0,5,29.41,50,0.0,4295,A1,兵庫,39.0,54.0,7.56,61.9,7.17,61.7,12,17.39,42,40.0,4973,B1,埼玉,34.0,52.0,5.18,32.47,5.0,30.86,52,53.33,37,72.22,4708,B1,広島,37.0,57.0,4.42,21.74,4.46,15.38,55,0.0,76,33.33,4363,A2,福岡,41.0,52.0,5.42,35.45,5.12,32.56,22,21.74,23,34.78,4578,A2,大阪,37.0,54.0,5.85,42.5,5.16,35.48,9,22.73,74,33.33,11.2,53.8,15.4,15.4,0.12,3.1,19.0,9.1,22.7,13.6,0.13,3.5,19.0,9.1,40.9,18.2,0.14,3.0,14.7,11.8,23.5,23.5,0.15,3.3,19.0,4.5,40.9,0.0,0.14,3.2,17.2,5.0,5.0,25.0,0.18,4.4,23.1,90.0,6.7,3.3,0.14,2.0,21.5,21.4,28.6,32.1,0.14,2.8,12.3,25.0,12.5,18.8,0.11,2.1,15.4,10.0,50.0,15.0,0.14,2.8,16.2,9.5,28.6,19.0,0.14,2.8,11.5,33.3,0.0,0.0,0.16,3.1,19.0,54.2,8.3,16.7,0.15,2.6,17.5,9.1,13.6,13.6,0.16,3.2,14.3,11.1,27.8,11.1,0.15,2.3,18.3,13.0,17.4,0.0,0.16,2.6,15.1,31.6,26.3,0.0,0.18,3.1,15.9,20.0,0.0,0.0,0.2,4.0,11.8,9.1,18.2,9.1,0.17,3.9,17.2,6.2,12.5,6.2,0.17,4.1,17.2,6.2,37.5,0.0,0.21,3.6,20.4,5.3,15.8,10.5,0.17,3.2,26.9,12.0,20.0,0.0,0.17,3.8,6.5,16.7,0.0,0.0,0.25,4.8,18.3,65.4,15.4,7.7,0.16,2.5,17.6,16.0,44.0,8.0,0.16,3.0,16.9,8.3,37.5,25.0,0.15,2.8,14.8,4.8,14.3,38.1,0.18,3.6,17.6,24.0,12.0,0.0,0.19,3.8,14.8,33.3,0.0,0.0,0.17,3.5,21.0,63.6,18.2,4.5,0.14,2.2,14.3,20.0,33.3,6.7,0.18,3.1,17.1,16.7,44.4,5.6,0.16,3.2,17.1,33.3,33.3,0.0,0.19,4.0,15.2,6.2,18.8,0.0,0.22,3.6,15.2,12.5,18.8,0.0,0.23,4.7
20260912,02,11,1800,5038,A2,福井,28.0,52.0,6.57,52.46,6.25,37.5,4,47.83,12,21.05,3075,B1,埼玉,64.0,55.0,5.07,34.94,5.22,32.99,60,25.0,28,54.55,4467,A1,愛知,40.0,51.0,6.32,41.67,5.63,37.5,3,37.5,66,7.69,3589,B1,埼玉,53.0,56.0,4.38,27.03,4.38,25.64,18,47.83,33,23.08,4539,A1,群馬,35.0,54.0,6.32,42.61,3.43,14.29,20,30.43,51,40.0,4451,A2,福岡,38.0,53.0,6.36,48.08,7.55,55.0,63,44.44,63,50.0,17.5,71.4,21.4,0.0,0.17,2.6,22.5,27.8,38.9,16.7,0.18,2.7,11.2,22.2,22.2,0.0,0.16,3.2,17.5,14.3,21.4,42.9,0.14,2.7,16.2,15.4,7.7,30.8,0.16,3.5,15.0,8.3,25.0,0.0,0.18,3.5,15.3,26.7,6.7,20.0,0.12,2.7,16.3,12.5,6.2,0.0,0.16,3.1,21.4,9.5,19.0,4.8,0.1,2.2,18.4,11.1,27.8,16.7,0.15,2.4,16.3,12.5,12.5,12.5,0.11,2.4,12.2,8.3,8.3,0.0,0.14,2.8,20.5,63.0,22.2,11.1,0.14,2.7,13.6,22.2,44.4,33.3,0.13,2.5,18.2,12.5,20.8,25.0,0.12,2.3,20.5,18.5,14.8,40.7,0.13,2.2,14.4,10.5,26.3,0.0,0.13,2.9,12.9,29.4,17.6,0.0,0.17,3.7,15.4,50.0,7.1,28.6,0.18,3.6,19.8,11.1,11.1,16.7,0.18,3.3,16.5,33.3,20.0,0.0,0.13,2.1,14.3,7.7,15.4,0.0,0.1,2.2,19.8,5.6,5.6,16.7,0.18,3.1,14.3,7.7,0.0,0.0,0.17,3.0,18.1,84.0,12.0,4.0,0.12,1.9,15.9,22.7,27.3,0.0,0.13,2.6,18.8,11.5,34.6,19.2,0.13,2.2,14.5,20.0,20.0,5.0,0.11,2.2,15.9,4.5,22.7,18.2,0.14,2.6,16.7,4.3,4.3,21.7,0.14,3.0,22.9,63.6,27.3,3.0,0.14,2.3,15.3,22.7,18.2,36.4,0.14,2.5,18.1,3.8,30.8,15.4,0.17,2.5,18.1,26.9,34.6,0.0,0.14,2.7,15.3,13.6,9.1,0.0,0.19,3.7,10.4,6.7,13.3,20.0,0.18,4.3
20260912,02,12,1800,4351,A1,福岡,40.0,54.0,6.89,52.14,6.4,37.21,57,45.45,58,42.86,4388,A2,滋賀,41.0,51.0,6.21,46.55,7.0,65.22,13,37.5,77,45.45,4555,B1,福岡,37.0,54.0,5.23,30.91,4.83,27.59,44,42.86,27,16.67,4649,B1,滋賀,42.0,52.0,5.71,41.32,0.0,0.0,23,23.81,26,36.36,4762,A1,岡山,36.0,51.0,7.36,55.65,7.21,35.29,14,54.17,71,29.41,4883,A2,東京,30.0,52.0,6.41,50.46,5.54,32.14,7,21.74,38,31.25,27.5,63.6,13.6,6.8,0.14,2.3,11.9,15.8,21.1,31.6,0.15,2.8,18.8,46.7,26.7,13.3,0.12,2.0,13.8,22.7,13.6,22.7,0.14,2.5,12.5,20.0,20.0,30.0,0.11,2.2,15.6,12.0,12.0,24.0,0.11,2.4,18.6,66.7,14.8,7.4,0.16,2.9,17.9,11.5,34.6,19.2,0.17,4.1,14.5,23.8,14.3,14.3,0.15,2.7,15.2,9.1,18.2,40.9,0.17,3.6,18.6,3.7,18.5,33.3,0.19,3.8,15.2,9.1,18.2,0.0,0.18,4.4,21.1,56.5,21.7,13.0,0.15,2.7,14.7,6.2,18.8,18.8,0.18,3.9,17.4,21.1,31.6,0.0,0.18,3.1,13.8,6.7,6.7,26.7,0.17,3.4,11.9,23.1,46.2,0.0,0.22,4.9,21.1,17.4,13.0,0.0,0.19,3.9,17.2,54.5,9.1,4.5,0.12,2.9,17.2,13.6,9.1,22.7,0.15,3.1,19.5,4.0,16.0,24.0,0.13,2.4,15.6,20.0,10.0,15.0,0.14,2.2,14.1,11.1,33.3,0.0,0.12,2.3,16.4,19.0,0.0,0.0,0.14,3.2,21.7,76.0,8.0,8.0,0.14,3.0,16.5,15.8,36.8,5.3,0.12,2.5,16.5,15.8,26.3,36.8,0.13,2.4,13.0,13.3,6.7,46.7,0.14,3.2,13.0,26.7,26.7,0.0,0.11,3.1,19.1,9.1,9.1,18.2,0.12,3.0,14.1,69.2,15.4,7.7,0.15,2.8,19.6,22.2,27.8,11.1,0.18,4.0,20.7,10.5,36.8,10.5,0.16,3.0,15.2,28.6,21.4,7.1,0.17,3.6,17.4,12.5,25.0,25.0,0.15,2.7,13.0,16.7,8.3,0.0,0.14,3.3
