date,jcd,r,距離,登番1,級別1,支部1,年齢1,体重1,勝率1,全国2率1,当地勝率1,当地2率1,モーター番号1,モーター2率1,ボート番号1,ボート2率1,登番2,級別2,支部2,年齢2,体重2,勝率2,全国2率2,当地勝率2,当地2率2,モーター番号2,モーター2率2,ボート番号2,ボート2率2,登番3,級別3,支部3,年齢3,体重3,勝率3,全国2率3,当地勝率3,当地2率3,モーター番号3,モーター2率3,ボート番号3,ボート2率3,登番4,級別4,支部4,年齢4,体重4,勝率4,全国2率4,当地勝率4,当地2率4,モーター番号4,モーター2率4,ボート番号4,ボート2率4,登番5,級別5,支部5,年齢5,体重5,勝率5,全国2率5,当地勝率5,当地2率5,モーター番号5,モーター2率5,ボート番号5,ボート2率5,登番6,級別6,支部6,年齢6,体重6,勝率6,全国2率6,当地勝率6,当地2率6,モーター番号6,モーター2率6,ボート番号6,ボート2率6,1号艇_1コース_進入率,1号艇_1コース_1着率,1号艇_1コース_2着率,1号艇_1コース_3着率,1号艇_1コース_平均ST,1号艇_1コース_ST順,1号艇_2コース_進入率,1号艇_2コース_1着率,1号艇_2コース_2着率,1号艇_2コース_3着率,1号艇_2コース_平均ST,1号艇_2コース_ST順,1号艇_3コース_進入率,1号艇_3コース_1着率,1号艇_3コース_2着率,1号艇_3コース_3着率,1号艇_3コース_平均ST,1号艇_3コース_ST順,1号艇_4コース_進入率,1号艇_4コース_1着率,1号艇_4コース_2着率,1号艇_4コース_3着率,1号艇_4コース_平均ST,1号艇_4コース_ST順,1号艇_5コース_進入率,1号艇_5コース_1着率,1号艇_5コース_2着率,1号艇_5コース_3着率,1号艇_5コース_平均ST,1号艇_5コース_ST順,1号艇_6コース_進入率,1号艇_6コース_1着率,1号艇_6コース_2着率,1号艇_6コース_3着率,1号艇_6コース_平均ST,1号艇_6コース_ST順,2号艇_1コース_進入率,2号艇_1コース_1着率,2号艇_1コース_2着率,2号艇_1コース_3着率,2号艇_1コース_平均ST,2号艇_1コース_ST順,2号艇_2コース_進入率,2号艇_2コース_1着率,2号艇_2コース_2着率,2号艇_2コース_3着率,2号艇_2コース_平均ST,2号艇_2コース_ST順,2号艇_3コース_進入率,2号艇_3コース_1着率,2号艇_3コース_2着率,2号艇_3コース_3着率,2号艇_3コース_平均ST,2号艇_3コース_ST順,2号艇_4コース_進入率,2号艇_4コース_1着率,2号艇_4コース_2着率,2号艇_4コース_3着率,2号艇_4コース_平均ST,2号艇_4コース_ST順,2号艇_5コース_進入率,2号艇_5コース_1着率,2号艇_5コース_2着率,2号艇_5コース_3着率,2号艇_5コース_平均ST,2号艇_5コース_ST順,2号艇_6コース_進入率,2号艇_6コース_1着率,2号艇_6コース_2着率,2号艇_6コース_3着率,2号艇_6コース_平均ST,2号艇_6コース_ST順,3号艇_1コース_進入率,3号艇_1コース_1着率,3号艇_1コース_2着率,3号艇_1コース_3着率,3号艇_1コース_平均ST,3号艇_1コース_ST順,3号艇_2コース_進入率,3号艇_2コース_1着率,3号艇_2コース_2着率,3号艇_2コース_3着率,3号艇_2コース_平均ST,3号艇_2コース_ST順,3号艇_3コース_進入率,3号艇_3コース_1着率,3号艇_3コース_2着率,3号艇_3コース_3着率,3号艇_3コース_平均ST,3号艇_3コース_ST順,3号艇_4コース_進入率,3号艇_4コース_1着率,3号艇_4コース_2着率,3号艇_4コース_3着率,3号艇_4コース_平均ST,3号艇_4コース_ST順,3号艇_5コース_進入率,3号艇_5コース_1着率,3号艇_5コース_2着率,3号艇_5コース_3着率,3号艇_5コース_平均ST,3号艇_5コース_ST順,3号艇_6コース_進入率,3号艇_6コース_1着率,3号艇_6コース_2着率,3号艇_6コース_3着率,3号艇_6コース_平均ST,3号艇_6コース_ST順,4号艇_1コース_進入率,4号艇_1コース_1着率,4号艇_1コース_2着率,4号艇_1コース_3着率,4号艇_1コース_平均ST,4号艇_1コース_ST順,4号艇_2コース_進入率,4号艇_2コース_1着率,4号艇_2コース_2着率,4号艇_2コース_3着率,4号艇_2コース_平均ST,4号艇_2コース_ST順,4号艇_3コース_進入率,4号艇_3コース_1着率,4号艇_3コース_2着率,4号艇_3コース_3着率,4号艇_3コース_平均ST,4号艇_3コース_ST順,4号艇_4コース_進入率,4号艇_4コース_1着率,4号艇_4コース_2着率,4号艇_4コース_3着率,4号艇_4コース_平均ST,4号艇_4コース_ST順,4号艇_5コース_進入率,4号艇_5コース_1着率,4号艇_5コース_2着率,4号艇_5コース_3着率,4号艇_5コース_平均ST,4号艇_5コース_ST順,4号艇_6コース_進入率,4号艇_6コース_1着率,4号艇_6コース_2着率,4号艇_6コース_3着率,4号艇_6コース_平均ST,4号艇_6コース_ST順,5号艇_1コース_進入率,5号艇_1コース_1着率,5号艇_1コース_2着率,5号艇_1コース_3着率,5号艇_1コース_平均ST,5号艇_1コース_ST順,5号艇_2コース_進入率,5号艇_2コース_1着率,5号艇_2コース_2着率,5号艇_2コース_3着率,5号艇_2コース_平均ST,5号艇_2コース_ST順,5号艇_3コース_進入率,5号艇_3コース_1着率,5号艇_3コース_2着率,5号艇_3コース_3着率,5号艇_3コース_平均ST,5号艇_3コース_ST順,5号艇_4コース_進入率,5号艇_4コース_1着率,5号艇_4コース_2着率,5号艇_4コース_3着率,5号艇_4コース_平均ST,5号艇_4コース_ST順,5号艇_5コース_進入率,5号艇_5コース_1着率,5号艇_5コース_2着率,5号艇_5コース_3着率,5号艇_5コース_平均ST,5号艇_5コース_ST順,5号艇_6コース_進入率,5号艇_6コース_1着率,5号艇_6コース_2着率,5号艇_6コース_3着率,5号艇_6コース_平均ST,5号艇_6コース_ST順,6号艇_1コース_進入率,6号艇_1コース_1着率,6号艇_1コース_2着率,6号艇_1コース_3着率,6号艇_1コース_平均ST,6号艇_1コース_ST順,6号艇_2コース_進入率,6号艇_2コース_1着率,6号艇_2コース_2着率,6号艇_2コース_3着率,6号艇_2コース_平均ST,6号艇_2コース_ST順,6号艇_3コース_進入率,6号艇_3コース_1着率,6号艇_3コース_2着率,6号艇_3コース_3着率,6号艇_3コース_平均ST,6号艇_3コース_ST順,6号艇_4コース_進入率,6号艇_4コース_1着率,6号艇_4コース_2着率,6号艇_4コース_3着率,6号艇_4コース_平均ST,6号艇_4コース_ST順,6号艇_5コース_進入率,6号艇_5コース_1着率,6号艇_5コース_2着率,6号艇_5コース_3着率,6号艇_5コース_平均ST,6号艇_5コース_ST順,6号艇_6コース_進入率,6号艇_6コース_1着率,6号艇_6コース_2着率,6号艇_6コース_3着率,6号艇_6コース_平均ST,6号艇_6コース_ST順
20261005,23,1,1800,4359,A2,徳島,42.0,59.0,5.29,35.24,6.37,42.11,2,0.0,33,20.51,3212,B1,広島,64.0,58.0,4.56,21.88,5.38,38.1,47,25.0,54,30.65,5407,B1,香川,21.0,53.0,2.55,8.99,2.0,0.0,4,33.33,50,34.96,5014,B1,佐賀,28.0,56.0,4.24,24.29,5.07,28.09,24,55.56,21,41.22,4253,B1,滋賀,43.0,57.0,4.34,19.13,3.79,20.83,7,0.0,47,29.27,5423,B2,徳島,24.0,51.0,1.25,0.0,1.33,0.0,3,44.44,45,30.4,19.2,52.6,21.1,5.3,0.16,2.5,16.2,6.2,25.0,12.5,0.11,2.4,19.2,10.5,26.3,5.3,0.13,2.7,18.2,5.6,33.3,16.7,0.12,2.1,14.1,14.3,14.3,28.6,0.12,2.6,13.1,23.1,0.0,0.0,0.15,3.0,15.9,50.0,21.4,14.3,0.18,2.4,22.7,5.0,15.0,25.0,0.19,4.0,25.0,4.5,9.1,9.1,0.17,3.6,21.6,15.8,26.3,0.0,0.18,3.4,6.8,0.0,0.0,0.0,0.21,4.2,8.0,14.3,14.3,0.0,0.16,4.4,0.0,0.0,0.0,0.0,0.0,0.0,0.0,0.0,0.0,0.0,0.0,0.0,0.0,0.0,0.0,0.0,0.0,0.0,16.9,33.3,0.0,0.0,0.22,4.1,21.1,6.7,0.0,0.0,0.17,3.6,62.0,2.3,4.5,0.0,0.19,3.9,14.4,42.9,28.6,14.3,0.13,1.5,15.5,6.7,46.7,33.3,0.13,2.9,17.5,11.8,17.6,0.0,0.14,2.8,19.6,5.3,21.1,31.6,0.12,2.7,17.5,17.6,5.9,5.9,0.12,2.6,15.5,6.7,6.7,0.0,0.19,4.1,12.5,42.9,14.3,28.6,0.14,2.6,19.6,4.5,13.6,22.7,0.19,3.9,22.3,4.0,24.0,0.0,0.2,3.6,18.8,4.8,9.5,23.8,0.17,3.8,15.2,5.9,11.8,0.0,0.18,3.9,11.6,7.7,0.0,0.0,0.21,4.7,0.0,0.0,0.0,0.0,0.0,0.0,0.0,0.0,0.0,0.0,0.0,0.0,0.0,0.0,0.0,0.0,0.0,0.0,0.0,0.0,0.0,0.0,0.0,0.0,0.0,0.0,0.0,0.0,0.0,0.0,100.0,0.0,0.0,0.0,0.22,4.3
20261005,23,2,1800,4472,A1,兵庫,39.0,57.0,6.57,46.15,5.82,27.27,61,0.0,58,24.14,4000,A2,広島,49.0,57.0,6.02,42.28,5.94,43.75,48,50.0,13,31.45,5204,B2,三重,29.0,46.0,4.75,24.0,2.25,0.0,8,0.0,41,33.87,4948,B1,長崎,33.0,51.0,5.63,39.22,4.96,29.63,51,0.0,28,34.65,4154,B1,香川,46.0,52.0,5.24,36.94,5.05,40.0,23,22.22,55,38.4,3175,B1,東京,62.0,48.0,4.66,25.0,0.0,0.0,58,0.0,23,43.75,18.0,77.8,11.1,7.4,0.15,2.1,17.3,26.9,26.9,11.5,0.17,3.5,18.0,29.6,33.3,0.0,0.16,3.6,18.7,17.9,14.3,28.6,0.16,3.3,16.7,16.0,8.0,20.0,0.18,3.4,11.3,17.6,23.5,0.0,0.17,3.3,22.1,62.5,25.0,6.2,0.15,2.6,15.2,13.6,40.9,13.6,0.17,4.0,19.3,14.3,35.7,14.3,0.18,3.7,15.2,18.2,36.4,0.0,0.18,4.0,15.9,4.3,39.1,0.0,0.17,3.3,12.4,11.1,27.8,0.0,0.18,4.5,10.8,25.0,0.0,0.0,0.25,4.0,18.9,14.3,28.6,0.0,0.19,3.3,18.9,42.9,0.0,0.0,0.19,3.7,13.5,20.0,20.0,0.0,0.15,3.8,21.6,0.0,0.0,0.0,0.17,2.9,16.2,0.0,0.0,0.0,0.13,3.0,14.4,53.3,26.7,6.7,0.14,2.1,19.2,10.0,50.0,10.0,0.16,2.9,18.3,5.3,36.8,26.3,0.16,2.9,16.3,5.9,17.6,17.6,0.15,2.8,16.3,5.9,5.9,17.6,0.16,3.2,15.4,6.2,18.8,0.0,0.16,3.1,17.3,35.3,11.8,17.6,0.21,4.6,16.3,6.2,37.5,18.8,0.18,3.6,15.3,26.7,13.3,0.0,0.2,3.9,22.4,4.5,18.2,31.8,0.18,4.0,13.3,7.7,15.4,0.0,0.22,4.6,15.3,6.7,6.7,0.0,0.25,5.5,12.1,9.1,36.4,18.2,0.18,3.5,20.9,10.5,21.1,42.1,0.17,3.3,17.6,6.2,18.8,18.8,0.16,3.2,17.6,6.2,18.8,25.0,0.15,2.3,18.7,5.9,23.5,0.0,0.16,3.0,13.2,8.3,8.3,0.0,0.21,3.7
20261005,23,3,1800,4174,A1,長崎,43.0,51.0,6.44,44.36,6.95,48.39,50,0.0,7,36.0,3771,B1,東京,52.0,50.0,5.26,27.93,4.86,21.43,64,0.0,8,40.94,4866,B1,福岡,36.0,55.0,4.39,20.45,4.78,27.78,16,12.5,38,40.98,5297,B1,兵庫,24.0,46.0,3.74,17.82,2.15,5.0,54,0.0,22,23.48,3319,A2,埼玉,59.0,52.0,5.74,38.06,5.82,47.06,59,0.0,9,31.9,4733,B1,徳島,37.0,48.0,5.51,38.36,5.89,42.22,1,22.22,29,36.29,24.1,67.6,5.9,11.8,0.16,3.0,14.2,5.0,30.0,40.0,0.15,2.8,19.1,11.1,18.5,33.3,0.14,3.1,17.0,16.7,20.8,25.0,0.15,3.2,22.0,6.5,19.4,19.4,0.15,3.5,3.5,20.0,20.0,20.0,0.15,3.4,17.3,44.4,27.8,16.7,0.14,1.5,19.2,20.0,30.0,20.0,0.16,2.7,14.4,6.7,6.7,40.0,0.12,1.8,19.2,10.0,15.0,30.0,0.15,2.5,18.3,10.5,5.3,10.5,0.14,2.6,11.5,16.7,0.0,0.0,0.18,3.8,8.5,28.6,42.9,0.0,0.16,2.6,15.9,7.7,15.4,0.0,0.16,3.2,20.7,5.9,17.6,29.4,0.15,2.5,19.5,25.0,25.0,0.0,0.2,3.6,18.3,6.7,20.0,0.0,0.15,3.9,17.1,7.1,0.0,0.0,0.2,3.9,11.7,16.7,25.0,0.0,0.25,3.9,20.4,9.5,23.8,0.0,0.21,3.7,18.4,5.3,10.5,10.5,0.19,3.4,17.5,11.1,0.0,0.0,0.21,4.3,22.3,8.7,13.0,0.0,0.24,4.3,9.7,0.0,0.0,0.0,0.24,4.6,18.7,40.0,20.0,20.0,0.14,3.3,15.0,12.5,25.0,31.2,0.17,3.1,17.8,36.8,15.8,0.0,0.18,3.5,18.7,15.0,30.0,20.0,0.14,2.7,14.0,20.0,33.3,0.0,0.16,3.4,15.9,5.9,5.9,17.6,0.2,4.8,15.0,50.0,33.3,8.3,0.14,2.6,15.0,8.3,25.0,25.0,0.16,2.8,18.8,6.7,13.3,20.0,0.16,2.9,18.8,13.3,40.0,0.0,0.14,3.3,11.2,11.1,11.1,0.0,0.16,3.8,21.2,5.9,5.9,0.0,0.14,2.6
20261005,23,4,1800,4638,B1,福岡,35.0,53.0,5.39,36.89,4.71,28.57,19,20.0,52,36.07,4172,A2,岡山,43.0,52.0,5.94,39.84,6.14,51.35,22,44.44,25,26.36,4417,B1,静岡,39.0,53.0,5.21,33.33,5.21,33.33,25,22.22,56,34.45,4011,A2,岡山,47.0,46.0,6.48,48.84,5.56,33.33,11,11.11,59,38.21,3918,A1,滋賀,52.0,51.0,6.75,44.35,6.21,46.43,52,0.0,14,31.75,5429,B2,佐賀,23.0,56.0,1.2,0.0,1.07,0.0,6,22.22,10,37.17,14.0,53.3,20.0,6.7,0.13,2.9,17.8,21.1,10.5,21.1,0.17,3.8,16.8,33.3,22.2,0.0,0.19,3.9,17.8,5.3,10.5,26.3,0.19,4.2,17.8,15.8,21.1,0.0,0.17,4.2,15.9,11.8,17.6,0.0,0.23,5.2,20.9,59.3,25.9,7.4,0.14,2.1,16.3,9.5,23.8,23.8,0.17,3.3,17.1,9.1,36.4,18.2,0.16,3.0,17.8,8.7,26.1,26.1,0.16,3.5,14.0,5.6,38.9,27.8,0.17,2.9,14.0,11.1,22.2,0.0,0.21,5.1,17.2,43.8,12.5,25.0,0.2,3.9,17.2,12.5,31.2,12.5,0.21,4.6,17.2,12.5,12.5,25.0,0.19,4.1,15.1,7.1,14.3,0.0,0.22,4.6,18.3,5.9,23.5,17.6,0.2,4.5,15.1,7.1,21.4,0.0,0.22,4.6,16.3,73.3,6.7,0.0,0.17,3.1,17.4,25.0,31.2,12.5,0.17,3.9,17.4,25.0,18.8,6.2,0.17,2.8,15.2,21.4,14.3,14.3,0.17,2.3,15.2,35.7,0.0,0.0,0.12,3.0,18.5,5.9,5.9,17.6,0.18,3.8,20.7,65.5,17.2,6.9,0.19,3.1,19.3,11.1,37.0,18.5,0.17,3.4,15.7,31.8,27.3,18.2,0.15,2.7,18.6,19.2,23.1,30.8,0.16,3.0,12.1,5.9,29.4,23.5,0.21,3.5,13.6,10.5,42.1,0.0,0.2,4.6,0.0,0.0,0.0,0.0,0.0,0.0,0.0,0.0,0.0,0.0,0.0,0.0,0.0,0.0,0.0,0.0,0.0,0.0,0.0,0.0,0.0,0.0,0.0,0.0,3.1,0.0,0.0,0.0,0.22,3.5,96.9,0.0,0.0,0.0,0.22,4.8
20261005,23,5,1800,4121,A2,福岡,44.0,53.0,5.96,44.44,6.13,46.15,57,0.0,44,36.51,4989,A2,静岡,29.0,51.0,5.8,38.46,6.15,40.74,17,50.0,12,37.9,4764,B1,福岡,36.0,47.0,5.18,36.25,5.63,42.86,63,0.0,48,27.5,5110,B1,静岡,27.0,52.0,4.88,29.63,2.17,0.0,14,25.0,18,34.45,5324,B1,兵庫,23.0,48.0,3.1,5.13,1.0,0.0,62,0.0,40,29.37,4119,B1,大阪,45.0,54.0,6.0,39.66,6.31,51.28,15,25.0,20,33.06,22.0,59.3,22.2,3.7,0.13,2.0,16.3,15.0,35.0,15.0,0.15,2.9,13.0,31.2,6.2,31.2,0.17,2.6,14.6,5.6,27.8,22.2,0.12,2.4,15.4,10.5,10.5,21.1,0.13,3.2,18.7,17.4,0.0,0.0,0.16,3.9,19.2,73.9,4.3,0.0,0.16,2.6,17.5,19.0,42.9,9.5,0.14,2.8,15.0,27.8,22.2,27.8,0.14,2.5,19.2,8.7,17.4,30.4,0.14,3.0,11.7,7.1,21.4,35.7,0.14,2.0,17.5,9.5,19.0,0.0,0.18,4.0,16.8,52.9,17.6,17.6,0.14,2.5,18.8,26.3,21.1,10.5,0.16,2.8,19.8,15.0,25.0,30.0,0.17,3.5,17.8,11.1,5.6,11.1,0.15,3.2,11.9,8.3,25.0,0.0,0.19,3.2,14.9,13.3,0.0,0.0,0.2,4.1,15.5,37.5,25.0,6.2,0.14,2.7,14.6,13.3,13.3,20.0,0.18,3.4,22.3,30.4,8.7,17.4,0.16,3.3,18.4,10.5,31.6,0.0,0.14,3.2,13.6,7.1,7.1,28.6,0.14,2.5,15.5,6.2,6.2,31.2,0.16,3.2,11.9,25.0,0.0,0.0,0.19,3.5,17.9,8.3,0.0,0.0,0.19,4.3,10.4,0.0,0.0,0.0,0.23,4.0,16.4,9.1,0.0,0.0,0.22,3.9,20.9,0.0,0.0,0.0,0.19,4.5,22.4,0.0,0.0,0.0,0.23,4.4,17.5,44.4,27.8,11.1,0.19,3.3,17.5,22.2,50.0,0.0,0.2,4.2,16.5,11.8,29.4,35.3,0.17,3.6,21.4,4.5,13.6,22.7,0.18,4.1,14.6,6.7,0.0,0.0,0.18,4.3,12.6,7.7,38.5,0.0,0.21,4.5
20261005,23,6,1800,4389,A2,大阪,41.0,52.0,5.44,30.7,6.0,38.46,46,0.0,34,33.33,4112,A2,佐賀,46.0,55.0,5.65,40.78,5.79,42.0,18,88.89,11,32.28,5039,B1,愛知,28.0,57.0,4.09,19.79,0.0,0.0,55,0.0,32,34.71,4782,B1,岡山,39.0,53.0,4.67,22.73,4.44,24.0,60,0.0,5,37.01,5407,B1,香川,21.0,53.0,2.55,8.99,2.0,0.0,4,33.33,50,34.96,4108,A1,山口,46.0,51.0,5.94,43.14,7.15,56.52,53,0.0,42,26.27,15.5,50.0,25.0,18.8,0.16,4.2,22.3,8.7,26.1,39.1,0.19,3.6,15.5,31.2,18.8,18.8,0.18,3.2,19.4,5.0,5.0,40.0,0.16,3.6,11.7,8.3,16.7,16.7,0.16,3.8,15.5,6.2,0.0,0.0,0.21,4.3,14.2,80.0,0.0,0.0,0.13,2.1,15.1,12.5,43.8,25.0,0.16,3.0,17.0,16.7,33.3,27.8,0.15,3.3,22.6,16.7,25.0,29.2,0.18,3.5,18.9,5.0,10.0,25.0,0.18,3.7,12.3,30.8,0.0,0.0,0.18,4.1,15.1,46.2,23.1,0.0,0.16,3.7,16.3,14.3,21.4,0.0,0.15,3.5,20.9,5.6,27.8,22.2,0.18,3.5,18.6,6.2,12.5,12.5,0.16,3.4,14.0,33.3,25.0,0.0,0.12,2.2,15.1,7.7,0.0,0.0,0.17,3.4,16.2,41.7,25.0,0.0,0.19,3.7,14.9,36.4,9.1,0.0,0.15,3.2,17.6,7.7,15.4,30.8,0.14,3.2,18.9,7.1,14.3,0.0,0.2,3.4,20.3,13.3,0.0,0.0,0.2,4.2,12.2,11.1,0.0,0.0,0.2,4.4,0.0,0.0,0.0,0.0,0.0,0.0,0.0,0.0,0.0,0.0,0.0,0.0,0.0,0.0,0.0,0.0,0.0,0.0,16.9,33.3,0.0,0.0,0.22,4.1,21.1,6.7,0.0,0.0,0.17,3.6,62.0,2.3,4.5,0.0,0.19,3.9,16.4,88.9,5.6,5.6,0.14,2.2,16.4,22.2,27.8,16.7,0.15,2.8,16.4,22.2,22.2,27.8,0.16,2.4,18.2,20.0,40.0,0.0,0.11,2.6,20.0,9.1,18.2,22.7,0.14,2.9,12.7,7.1,28.6,0.0,0.16,2.6
20261005,23,7,1800,4575,A2,東京,38.0,51.0,5.99,42.98,6.57,42.86,10,55.56,2,42.97,4948,B1,長崎,33.0,51.0,5.63,39.22,4.96,29.63,51,0.0,28,34.65,4747,B1,長崎,41.0,52.0,3.45,13.64,3.67,13.33,13,44.44,49,35.54,4253,B1,滋賀,43.0,57.0,4.34,19.13,3.79,20.83,7,0.0,47,29.27,5248,B1,静岡,24.0,47.0,5.26,34.65,3.67,0.0,5,20.0,3,35.34,5014,B1,佐賀,28.0,56.0,4.24,24.29,5.07,28.09,24,55.56,21,41.22,20.2,73.7,10.5,10.5,0.15,2.4,16.0,13.3,26.7,20.0,0.17,3.5,12.8,33.3,0.0,0.0,0.14,2.3,17.0,6.2,25.0,25.0,0.15,2.4,20.2,10.5,10.5,31.6,0.16,3.4,13.8,7.7,23.1,30.8,0.17,4.5,14.4,53.3,26.7,6.7,0.14,2.1,19.2,10.0,50.0,10.0,0.16,2.9,18.3,5.3,36.8,26.3,0.16,2.9,16.3,5.9,17.6,17.6,0.15,2.8,16.3,5.9,5.9,17.6,0.16,3.2,15.4,6.2,18.8,0.0,0.16,3.1,12.1,36.4,9.1,0.0,0.16,4.2,17.6,12.5,18.8,6.2,0.16,3.5,18.7,29.4,11.8,0.0,0.18,4.1,14.3,7.7,7.7,15.4,0.14,3.0,17.6,6.2,6.2,0.0,0.16,3.2,19.8,0.0,0.0,0.0,0.21,4.2,12.5,42.9,14.3,28.6,0.14,2.6,19.6,4.5,13.6,22.7,0.19,3.9,22.3,4.0,24.0,0.0,0.2,3.6,18.8,4.8,9.5,23.8,0.17,3.8,15.2,5.9,11.8,0.0,0.18,3.9,11.6,7.7,0.0,0.0,0.21,4.7,10.8,10.0,10.0,40.0,0.25,5.4,18.3,5.9,35.3,41.2,0.18,4.0,15.1,7.1,21.4,35.7,0.21,3.6,8.6,12.5,0.0,0.0,0.24,3.9,23.7,9.1,9.1,22.7,0.2,3.6,23.7,13.6,9.1,0.0,0.16,3.5,14.4,42.9,28.6,14.3,0.13,1.5,15.5,6.7,46.7,33.3,0.13,2.9,17.5,11.8,17.6,0.0,0.14,2.8,19.6,5.3,21.1,31.6,0.12,2.7,17.5,17.6,5.9,5.9,0.12,2.6,15.5,6.7,6.7,0.0,0.19,4.1
20261005,23,8,1800,4866,B1,福岡,36.0,55.0,4.39,20.45,4.78,27.78,16,12.5,38,40.98,4154,B1,香川,46.0,52.0,5.24,36.94,5.05,40.0,23,22.22,55,38.4,3853,A2,福岡,54.0,55.0,5.93,38.21,5.21,35.29,9,0.0,57,36.59,5204,B2,三重,29.0,46.0,4.75,24.0,2.25,0.0,8,0.0,41,33.87,4229,B1,静岡,43.0,54.0,4.39,19.32,2.67,0.0,56,0.0,46,21.6,4417,B1,静岡,39.0,53.0,5.21,33.33,5.21,33.33,25,22.22,56,34.45,8.5,28.6,42.9,0.0,0.16,2.6,15.9,7.7,15.4,0.0,0.16,3.2,20.7,5.9,17.6,29.4,0.15,2.5,19.5,25.0,25.0,0.0,0.2,3.6,18.3,6.7,20.0,0.0,0.15,3.9,17.1,7.1,0.0,0.0,0.2,3.9,17.3,35.3,11.8,17.6,0.21,4.6,16.3,6.2,37.5,18.8,0.18,3.6,15.3,26.7,13.3,0.0,0.2,3.9,22.4,4.5,18.2,31.8,0.18,4.0,13.3,7.7,15.4,0.0,0.22,4.6,15.3,6.7,6.7,0.0,0.25,5.5,19.3,78.3,13.0,4.3,0.17,3.0,13.4,50.0,25.0,0.0,0.2,4.1,18.5,9.1,13.6,27.3,0.18,3.5,18.5,22.7,27.3,0.0,0.2,4.1,16.8,5.0,20.0,0.0,0.22,4.8,13.4,6.2,12.5,0.0,0.23,5.3,10.8,25.0,0.0,0.0,0.25,4.0,18.9,14.3,28.6,0.0,0.19,3.3,18.9,42.9,0.0,0.0,0.19,3.7,13.5,20.0,20.0,0.0,0.15,3.8,21.6,0.0,0.0,0.0,0.17,2.9,16.2,0.0,0.0,0.0,0.13,3.0,15.1,15.4,7.7,15.4,0.2,3.2,17.4,13.3,6.7,20.0,0.18,4.3,22.1,15.8,36.8,0.0,0.17,3.4,11.6,20.0,0.0,0.0,0.21,3.7,20.9,5.6,11.1,0.0,0.2,4.5,12.8,18.2,0.0,0.0,0.22,5.4,17.2,43.8,12.5,25.0,0.2,3.9,17.2,12.5,31.2,12.5,0.21,4.6,17.2,12.5,12.5,25.0,0.19,4.1,15.1,7.1,14.3,0.0,0.22,4.6,18.3,5.9,23.5,17.6,0.2,4.5,15.1,7.1,21.4,0.0,0.22,4.6
20261005,23,9,1800,5110,B1,静岡,27.0,52.0,4.88,29.63,2.17,0.0,14,25.0,18,34.45,4119,B1,大阪,45.0,54.0,6.0,39.66,6.31,51.28,15,25.0,20,33.06,3319,A2,埼玉,59.0,52.0,5.74,38.06,5.82,47.06,59,0.0,9,31.9,4000,A2,広島,49.0,57.0,6.02,42.28,5.94,43.75,48,50.0,13,31.45,4638,B1,福岡,35.0,53.0,5.39,36.89,4.71,28.57,19,20.0,52,36.07,4359,A2,徳島,42.0,59.0,5.29,35.24,6.37,42.11,2,0.0,33,20.51,15.5,37.5,25.0,6.2,0.14,2.7,14.6,13.3,13.3,20.0,0.18,3.4,22.3,30.4,8.7,17.4,0.16,3.3,18.4,10.5,31.6,0.0,0.14,3.2,13.6,7.1,7.1,28.6,0.14,2.5,15.5,6.2,6.2,31.2,0.16,3.2,17.5,44.4,27.8,11.1,0.19,3.3,17.5,22.2,50.0,0.0,0.2,4.2,16.5,11.8,29.4,35.3,0.17,3.6,21.4,4.5,13.6,22.7,0.18,4.1,14.6,6.7,0.0,0.0,0.18,4.3,12.6,7.7,38.5,0.0,0.21,4.5,18.7,40.0,20.0,20.0,0.14,3.3,15.0,12.5,25.0,31.2,0.17,3.1,17.8,36.8,15.8,0.0,0.18,3.5,18.7,15.0,30.0,20.0,0.14,2.7,14.0,20.0,33.3,0.0,0.16,3.4,15.9,5.9,5.9,17.6,0.2,4.8,22.1,62.5,25.0,6.2,0.15,2.6,15.2,13.6,40.9,13.6,0.17,4.0,19.3,14.3,35.7,14.3,0.18,3.7,15.2,18.2,36.4,0.0,0.18,4.0,15.9,4.3,39.1,0.0,0.17,3.3,12.4,11.1,27.8,0.0,0.18,4.5,14.0,53.3,20.0,6.7,0.13,2.9,17.8,21.1,10.5,21.1,0.17,3.8,16.8,33.3,22.2,0.0,0.19,3.9,17.8,5.3,10.5,26.3,0.19,4.2,17.8,15.8,21.1,0.0,0.17,4.2,15.9,11.8,17.6,0.0,0.23,5.2,19.2,52.6,21.1,5.3,0.16,2.5,16.2,6.2,25.0,12.5,0.11,2.4,19.2,10.5,26.3,5.3,0.13,2.7,18.2,5.6,33.3,16.7,0.12,2.1,14.1,14.3,14.3,28.6,0.12,2.6,13.1,23.1,0.0,0.0,0.15,3.0
20261005,23,10,1800,4108,A1,山口,46.0,51.0,5.94,43.14,7.15,56.52,53,0.0,42,26.27,4121,A2,福岡,44.0,53.0,5.96,44.44,6.13,46.15,57,0.0,44,36.51,4389,A2,大阪,41.0,52.0,5.44,30.7,6.0,38.46,46,0.0,34,33.33,4764,B1,福岡,36.0,47.0,5.18,36.25,5.63,42.86,63,0.0,48,27.5,4472,A1,兵庫,39.0,57.0,6.57,46.15,5.82,27.27,61,0.0,58,24.14,4172,A2,岡山,43.0,52.0,5.94,39.84,6.14,51.35,22,44.44,25,26.36,16.4,88.9,5.6,5.6,0.14,2.2,16.4,22.2,27.8,16.7,0.15,2.8,16.4,22.2,22.2,27.8,0.16,2.4,18.2,20.0,40.0,0.0,0.11,2.6,20.0,9.1,18.2,22.7,0.14,2.9,12.7,7.1,28.6,0.0,0.16,2.6,22.0,59.3,22.2,3.7,0.13,2.0,16.3,15.0,35.0,15.0,0.15,2.9,13.0,31.2,6.2,31.2,0.17,2.6,14.6,5.6,27.8,22.2,0.12,2.4,15.4,10.5,10.5,21.1,0.13,3.2,18.7,17.4,0.0,0.0,0.16,3.9,15.5,50.0,25.0,18.8,0.16,4.2,22.3,8.7,26.1,39.1,0.19,3.6,15.5,31.2,18.8,18.8,0.18,3.2,19.4,5.0,5.0,40.0,0.16,3.6,11.7,8.3,16.7,16.7,0.16,3.8,15.5,6.2,0.0,0.0,0.21,4.3,16.8,52.9,17.6,17.6,0.14,2.5,18.8,26.3,21.1,10.5,0.16,2.8,19.8,15.0,25.0,30.0,0.17,3.5,17.8,11.1,5.6,11.1,0.15,3.2,11.9,8.3,25.0,0.0,0.19,3.2,14.9,13.3,0.0,0.0,0.2,4.1,18.0,77.8,11.1,7.4,0.15,2.1,17.3,26.9,26.9,11.5,0.17,3.5,18.0,29.6,33.3,0.0,0.16,3.6,18.7,17.9,14.3,28.6,0.16,3.3,16.7,16.0,8.0,20.0,0.18,3.4,11.3,17.6,23.5,0.0,0.17,3.3,20.9,59.3,25.9,7.4,0.14,2.1,16.3,9.5,23.8,23.8,0.17,3.3,17.1,9.1,36.4,18.2,0.16,3.0,17.8,8.7,26.1,26.1,0.16,3.5,14.0,5.6,38.9,27.8,0.17,2.9,14.0,11.1,22.2,0.0,0.21,5.1
20261005,23,11,1800,3918,A1,滋賀,52.0,51.0,6.75,44.35,6.21,46.43,52,0.0,14,31.75,4174,A1,長崎,43.0,51.0,6.44,44.36,6.95,48.39,50,0.0,7,36.0,4575,A2,東京,38.0,51.0,5.99,42.98,6.57,42.86,10,55.56,2,42.97,4112,A2,佐賀,46.0,55.0,5.65,40.78,5.79,42.0,18,88.89,11,32.28,4011,A2,岡山,47.0,46.0,6.48,48.84,5.56,33.33,11,11.11,59,38.21,4989,A2,静岡,29.0,51.0,5.8,38.46,6.15,40.74,17,50.0,12,37.9,20.7,65.5,17.2,6.9,0.19,3.1,19.3,11.1,37.0,18.5,0.17,3.4,15.7,31.8,27.3,18.2,0.15,2.7,18.6,19.2,23.1,30.8,0.16,3.0,12.1,5.9,29.4,23.5,0.21,3.5,13.6,10.5,42.1,0.0,0.2,4.6,24.1,67.6,5.9,11.8,0.16,3.0,14.2,5.0,30.0,40.0,0.15,2.8,19.1,11.1,18.5,33.3,0.14,3.1,17.0,16.7,20.8,25.0,0.15,3.2,22.0,6.5,19.4,19.4,0.15,3.5,3.5,20.0,20.0,20.0,0.15,3.4,20.2,73.7,10.5,10.5,0.15,2.4,16.0,13.3,26.7,20.0,0.17,3.5,12.8,33.3,0.0,0.0,0.14,2.3,17.0,6.2,25.0,25.0,0.15,2.4,20.2,10.5,10.5,31.6,0.16,3.4,13.8,7.7,23.1,30.8,0.17,4.5,14.2,80.0,0.0,0.0,0.13,2.1,15.1,12.5,43.8,25.0,0.16,3.0,17.0,16.7,33.3,27.8,0.15,3.3,22.6,16.7,25.0,29.2,0.18,3.5,18.9,5.0,10.0,25.0,0.18,3.7,12.3,30.8,0.0,0.0,0.18,4.1,16.3,73.3,6.7,0.0,0.17,3.1,17.4,25.0,31.2,12.5,0.17,3.9,17.4,25.0,18.8,6.2,0.17,2.8,15.2,21.4,14.3,14.3,0.17,2.3,15.2,35.7,0.0,0.0,0.12,3.0,18.5,5.9,5.9,17.6,0.18,3.8,19.2,73.9,4.3,0.0,0.16,2.6,17.5,19.0,42.9,9.5,0.14,2.8,15.0,27.8,22.2,27.8,0.14,2.5,19.2,8.7,17.4,30.4,0.14,3.0,11.7,7.1,21.4,35.7,0.14,2.0,17.5,9.5,19.0,0.0,0.18,4.0
20261005,23,12,1800,4543,A1,兵庫,38.0,52.0,6.52,45.76,6.5,50.0,20,0.0,16,41.41,3983,A1,埼玉,48.0,52.0,6.53,44.78,5.5,37.5,21,44.44,31,40.87,4483,A1,愛知,37.0,54.0,6.83,52.94,6.5,50.0,12,22.22,43,26.85,4072,A1,佐賀,45.0,52.0,7.16,56.52,6.82,56.49,65,0.0,30,21.43,3541,A2,香川,58.0,53.0,6.36,45.83,6.14,42.86,45,0.0,26,28.57,5106,A2,山口,27.0,51.0,5.53,35.45,3.87,26.67,49,0.0,4,22.76,19.8,75.0,16.7,0.0,0.15,3.2,15.7,15.8,31.6,21.1,0.15,2.9,19.0,21.7,30.4,21.7,0.14,2.9,19.8,8.3,37.5,25.0,0.18,3.9,13.2,6.2,18.8,25.0,0.2,3.9,12.4,6.7,26.7,0.0,0.19,4.3,16.8,60.0,25.0,15.0,0.15,2.7,16.0,21.1,21.1,42.1,0.15,3.3,17.6,23.8,19.0,19.0,0.15,2.6,21.0,12.0,24.0,24.0,0.14,2.9,14.3,23.5,17.6,17.6,0.14,3.2,14.3,5.9,17.6,0.0,0.15,3.4,18.9,75.0,15.0,0.0,0.15,3.2,16.0,17.6,17.6,29.4,0.16,2.7,17.0,22.2,50.0,0.0,0.13,2.7,18.9,35.0,10.0,25.0,0.15,3.1,17.9,15.8,15.8,26.3,0.15,2.8,11.3,8.3,8.3,0.0,0.14,3.5,22.0,85.0,5.0,0.0,0.13,2.5,15.4,28.6,21.4,7.1,0.12,2.0,14.3,46.2,23.1,15.4,0.13,1.9,18.7,11.8,23.5,17.6,0.12,2.8,14.3,7.7,46.2,7.7,0.14,2.8,15.4,14.3,14.3,0.0,0.15,3.0,18.9,52.0,12.0,16.0,0.17,3.5,17.4,4.3,26.1,21.7,0.17,3.4,18.2,12.5,20.8,33.3,0.17,3.2,12.9,5.9,17.6,23.5,0.14,2.6,15.9,9.5,19.0,19.0,0.16,3.4,16.7,4.5,22.7,0.0,0.18,4.4,17.2,53.3,20.0,13.3,0.17,4.3,18.4,6.2,31.2,6.2,0.21,4.6,17.2,13.3,33.3,0.0,0.18,3.1,14.9,23.1,23.1,23.1,0.16,3.3,19.5,17.6,23.5,0.0,0.22,3.9,12.6,18.2,0.0,0.0,0.21,4.9
20261005,22,1,1800,5009,A2,福岡,29.0,56.0,4.78,28.77,5.01,36.76,67,36.11,56,41.38,4396,B1,山口,40.0,54.0,4.52,22.22,5.05,31.58,63,31.72,3,24.79,4902,B1,兵庫,33.0,51.0,4.38,30.61,4.64,32.14,51,28.79,13,21.01,3797,B1,広島,53.0,61.0,3.55,14.74,2.29,5.88,36,38.36,50,34.78,4164,B1,長崎,44.0,53.0,4.12,16.87,3.5,0.0,16,45.07,51,22.41,5457,B2,長崎,20.0,51.0,1.16,0.0,0.0,0.0,21,40.27,52,32.23,17.5,61.9,23.8,4.8,0.16,2.6,15.8,26.3,15.8,21.1,0.14,3.1,22.5,11.1,33.3,18.5,0.18,3.2,11.7,14.3,7.1,42.9,0.15,4.1,17.5,23.8,4.8,0.0,0.14,3.7,15.0,5.6,5.6,0.0,0.19,4.2,18.6,38.1,28.6,19.0,0.2,4.1,15.9,33.3,27.8,0.0,0.19,3.9,17.7,10.0,20.0,5.0,0.17,3.0,17.7,20.0,25.0,0.0,0.2,4.3,13.3,6.7,6.7,0.0,0.18,4.1,16.8,5.3,5.3,26.3,0.24,4.9,14.6,42.9,21.4,0.0,0.22,3.5,17.7,5.9,17.6,17.6,0.18,4.5,16.7,6.2,31.2,25.0,0.18,3.9,18.8,5.6,5.6,33.3,0.2,3.7,19.8,36.8,5.3,15.8,0.19,3.7,12.5,16.7,0.0,0.0,0.21,4.3,14.4,13.3,33.3,0.0,0.19,3.1,18.3,15.8,5.3,0.0,0.2,4.9,17.3,5.6,16.7,16.7,0.2,3.9,20.2,28.6,0.0,0.0,0.2,4.9,17.3,16.7,0.0,0.0,0.24,4.9,12.5,23.1,0.0,0.0,0.19,3.5,15.6,25.0,16.7,8.3,0.16,3.5,18.2,50.0,0.0,0.0,0.17,3.4,18.2,7.1,14.3,21.4,0.19,3.8,19.5,20.0,33.3,0.0,0.21,4.4,16.9,23.1,0.0,0.0,0.19,4.7,11.7,11.1,0.0,0.0,0.22,4.2,0.0,0.0,0.0,0.0,0.0,0.0,0.0,0.0,0.0,0.0,0.0,0.0,0.0,0.0,0.0,0.0,0.0,0.0,0.0,0.0,0.0,0.0,0.0,0.0,0.0,0.0,0.0,0.0,0.0,0.0,0.0,0.0,0.0,0.0,0.0,0.0
20261005,22,2,1800,4579,A2,三重,37.0,55.0,6.12,40.78,6.35,29.41,47,19.83,59,35.9,3745,B1,兵庫,51.0,52.0,5.29,27.08,6.23,43.33,52,40.0,9,39.5,4459,A2,香川,40.0,53.0,6.41,45.33,5.0,18.75,30,33.94,19,31.93,4441,A2,岡山,40.0,54.0,5.96,38.79,7.19,61.9,64,26.13,30,41.53,3711,A2,山口,52.0,53.0,5.8,35.92,6.27,36.36,13,36.51,71,27.83,3459,B1,佐賀,59.0,54.0,3.2,10.11,4.53,24.49,24,27.83,57,36.52,20.0,64.0,16.0,12.0,0.15,2.7,17.6,9.1,18.2,36.4,0.14,3.1,16.8,9.5,19.0,33.3,0.16,2.9,22.4,14.3,7.1,17.9,0.16,3.4,15.2,15.8,21.1,31.6,0.14,3.0,8.0,10.0,20.0,0.0,0.2,4.5,16.2,66.7,8.3,16.7,0.18,3.3,21.6,6.2,43.8,18.8,0.17,3.2,16.2,8.3,41.7,0.0,0.18,4.1,13.5,30.0,20.0,0.0,0.16,4.4,18.9,7.1,21.4,0.0,0.21,4.7,13.5,20.0,30.0,0.0,0.25,5.1,21.5,64.3,17.9,7.1,0.13,2.6,13.8,22.2,11.1,11.1,0.13,3.1,16.2,9.5,14.3,19.0,0.12,2.7,16.2,14.3,28.6,14.3,0.1,2.5,15.4,5.0,15.0,0.0,0.13,2.4,16.9,4.5,18.2,0.0,0.14,3.6,20.6,48.1,29.6,7.4,0.12,2.4,14.5,42.1,26.3,15.8,0.12,2.5,18.3,20.8,20.8,33.3,0.16,2.8,17.6,13.0,47.8,0.0,0.13,3.3,14.5,15.8,10.5,10.5,0.16,2.7,14.5,5.3,10.5,36.8,0.14,3.3,21.6,51.5,21.2,18.2,0.15,2.9,13.7,4.8,28.6,23.8,0.16,3.0,19.6,20.0,23.3,36.7,0.15,3.2,12.4,5.3,31.6,36.8,0.13,2.6,17.0,7.7,30.8,19.2,0.15,3.4,15.7,4.2,8.3,8.3,0.17,4.0,10.0,25.0,12.5,0.0,0.18,3.0,17.5,14.3,7.1,28.6,0.12,1.9,25.0,10.0,10.0,15.0,0.17,2.9,17.5,7.1,21.4,0.0,0.19,3.8,21.2,5.9,0.0,0.0,0.18,2.9,8.8,0.0,0.0,0.0,0.19,4.3
20261005,22,3,1800,5067,B1,山口,27.0,57.0,4.84,30.23,3.83,17.14,32,28.86,26,37.19,3699,B1,埼玉,53.0,53.0,4.59,26.25,5.22,27.78,25,40.37,35,38.98,5068,A1,愛知,26.0,51.0,7.97,67.59,7.2,50.0,46,26.57,2,23.21,4220,B1,香川,44.0,55.0,5.58,38.89,4.81,25.93,18,34.55,1,31.15,5469,B2,佐賀,18.0,55.0,1.6,0.0,1.44,0.0,57,31.88,31,19.47,3268,B1,三重,61.0,53.0,4.87,31.37,0.0,0.0,43,60.58,70,33.88,10.6,50.0,20.0,10.0,0.14,3.1,13.8,15.4,30.8,15.4,0.16,2.6,23.4,18.2,13.6,18.2,0.16,2.7,17.0,25.0,6.2,0.0,0.15,2.9,24.5,13.0,30.4,0.0,0.16,3.3,10.6,30.0,0.0,0.0,0.2,3.6,12.0,11.1,33.3,0.0,0.15,3.9,21.3,12.5,6.2,18.8,0.18,3.7,16.0,16.7,25.0,0.0,0.19,3.9,20.0,20.0,13.3,6.7,0.17,3.2,9.3,14.3,0.0,0.0,0.17,4.4,21.3,31.2,0.0,0.0,0.23,4.4,22.1,73.9,13.0,8.7,0.15,3.0,14.4,20.0,33.3,0.0,0.13,2.6,16.3,23.5,29.4,11.8,0.12,2.2,15.4,31.2,12.5,18.8,0.16,3.4,17.3,11.1,22.2,11.1,0.14,3.3,14.4,6.7,26.7,0.0,0.14,4.2,15.0,75.0,0.0,0.0,0.18,3.9,17.5,7.1,35.7,14.3,0.19,3.9,20.0,12.5,6.2,12.5,0.18,3.8,17.5,7.1,14.3,0.0,0.18,4.1,18.8,6.7,20.0,13.3,0.18,4.1,11.2,0.0,0.0,0.0,0.16,3.0,0.0,0.0,0.0,0.0,0.0,0.0,0.0,0.0,0.0,0.0,0.0,0.0,0.0,0.0,0.0,0.0,0.0,0.0,0.0,0.0,0.0,0.0,0.0,0.0,0.0,0.0,0.0,0.0,0.0,0.0,0.0,0.0,0.0,0.0,0.0,0.0,14.6,50.0,21.4,7.1,0.15,3.4,24.0,4.3,8.7,17.4,0.16,3.7,25.0,20.8,12.5,0.0,0.17,3.4,20.8,5.0,5.0,20.0,0.18,3.8,13.5,7.7,7.7,0.0,0.15,4.4,2.1,0.0,0.0,0.0,0.17,4.0
20261005,22,4,1800,3957,B1,愛知,49.0,54.0,4.75,28.71,5.35,30.0,33,39.23,18,31.62,5092,A2,福岡,25.0,52.0,5.65,39.71,6.16,47.48,28,33.07,63,30.7,3964,B1,長崎,47.0,54.0,3.66,10.64,4.89,0.0,14,40.0,17,33.61,4184,A1,大阪,40.0,52.0,7.17,55.43,6.93,58.62,39,40.0,54,16.83,4428,A2,埼玉,41.0,54.0,6.35,44.04,5.65,23.08,48,22.39,14,32.76,5020,B1,三重,34.0,55.0,5.07,29.89,4.16,15.79,73,32.5,27,36.97,16.4,50.0,11.1,22.2,0.2,3.4,16.4,11.1,33.3,16.7,0.2,3.8,17.3,21.1,15.8,21.1,0.19,3.6,16.4,5.6,11.1,11.1,0.17,3.6,21.8,4.2,8.3,29.2,0.19,3.7,11.8,15.4,30.8,0.0,0.21,5.2,20.6,77.8,3.7,0.0,0.1,2.1,14.5,26.3,5.3,31.6,0.14,3.4,14.5,36.8,21.1,5.3,0.16,3.1,20.6,18.5,18.5,18.5,0.14,3.2,15.3,5.0,35.0,15.0,0.13,2.9,14.5,10.5,26.3,0.0,0.13,2.6,11.7,27.3,36.4,18.2,0.17,3.5,20.2,5.3,21.1,36.8,0.18,3.5,20.2,5.3,26.3,15.8,0.18,3.5,18.1,23.5,0.0,0.0,0.18,4.2,20.2,5.3,21.1,0.0,0.25,4.6,9.6,11.1,22.2,0.0,0.21,3.9,25.0,64.3,17.9,7.1,0.16,3.1,12.5,21.4,50.0,7.1,0.17,3.8,15.2,23.5,29.4,23.5,0.2,3.6,18.8,33.3,14.3,28.6,0.17,3.7,17.0,26.3,21.1,42.1,0.16,3.1,11.6,15.4,15.4,30.8,0.17,3.8,18.8,90.9,4.5,4.5,0.12,2.1,16.2,10.5,31.6,21.1,0.14,3.0,17.1,5.0,35.0,15.0,0.15,2.4,14.5,11.8,23.5,5.9,0.16,3.6,17.1,25.0,25.0,0.0,0.16,2.9,16.2,21.1,15.8,0.0,0.14,3.1,11.0,50.0,12.5,0.0,0.17,3.5,17.8,7.7,15.4,15.4,0.19,3.8,19.2,7.1,14.3,28.6,0.14,2.5,17.8,23.1,15.4,7.7,0.21,3.2,16.4,8.3,8.3,0.0,0.18,3.6,17.8,7.7,0.0,0.0,0.17,3.5
20261005,22,5,1800,4299,B1,長崎,43.0,56.0,4.56,26.98,4.41,18.18,66,28.69,34,39.5,4899,B1,福岡,34.0,52.0,3.87,23.19,4.6,25.45,61,37.42,41,36.13,3473,A1,福岡,56.0,52.0,6.97,56.2,6.81,49.46,34,42.47,74,40.17,5121,A1,佐賀,25.0,53.0,7.32,46.67,7.38,75.0,19,34.35,38,44.07,5457,B2,長崎,20.0,51.0,1.16,0.0,0.0,0.0,21,40.27,52,32.23,3224,B1,佐賀,61.0,52.0,4.04,22.35,3.39,22.22,56,34.92,24,33.33,10.9,30.0,20.0,30.0,0.11,1.7,19.6,5.6,16.7,16.7,0.14,3.0,16.3,6.7,20.0,13.3,0.12,2.9,20.7,5.3,21.1,21.1,0.13,2.4,19.6,5.6,27.8,0.0,0.17,3.4,13.0,16.7,0.0,0.0,0.18,3.9,13.3,50.0,16.7,8.3,0.13,2.8,18.9,23.5,17.6,11.8,0.19,3.1,18.9,5.9,11.8,17.6,0.14,2.8,17.8,12.5,18.8,0.0,0.18,3.1,18.9,17.6,11.8,0.0,0.15,3.1,12.2,9.1,27.3,0.0,0.15,3.3,38.6,42.9,20.4,12.2,0.13,2.2,57.5,12.3,30.1,16.4,0.15,3.3,3.9,40.0,0.0,0.0,0.15,3.2,0.0,0.0,0.0,0.0,0.0,0.0,0.0,0.0,0.0,0.0,0.0,0.0,0.0,0.0,0.0,0.0,0.0,0.0,20.1,78.6,14.3,0.0,0.15,3.3,19.4,29.6,37.0,7.4,0.15,3.2,18.0,32.0,36.0,20.0,0.12,2.4,14.4,20.0,15.0,25.0,0.12,2.8,13.7,26.3,26.3,15.8,0.13,2.4,14.4,10.0,25.0,15.0,0.12,3.4,0.0,0.0,0.0,0.0,0.0,0.0,0.0,0.0,0.0,0.0,0.0,0.0,0.0,0.0,0.0,0.0,0.0,0.0,0.0,0.0,0.0,0.0,0.0,0.0,0.0,0.0,0.0,0.0,0.0,0.0,0.0,0.0,0.0,0.0,0.0,0.0,12.8,9.1,27.3,9.1,0.22,4.2,22.1,5.3,26.3,0.0,0.18,3.6,15.1,7.7,7.7,7.7,0.24,4.0,20.9,16.7,22.2,0.0,0.22,4.4,19.8,5.9,5.9,17.6,0.17,3.4,9.3,12.5,0.0,0.0,0.25,5.3
20261005,22,6,1800,5038,A2,福井,28.0,52.0,6.53,50.85,6.09,45.45,74,41.35,36,33.06,5369,B1,長崎,24.0,52.0,3.16,13.51,1.65,0.0,50,28.77,46,31.09,5006,B1,群馬,30.0,56.0,2.7,7.5,0.0,0.0,65,40.0,43,28.44,3265,A2,福岡,61.0,53.0,5.68,39.24,0.0,0.0,44,28.85,33,39.47,4798,A1,広島,33.0,52.0,6.94,50.0,6.07,44.44,70,34.23,16,33.33,3784,B1,佐賀,50.0,54.0,4.96,30.77,4.59,27.59,26,34.86,65,31.45,17.5,71.4,21.4,0.0,0.17,2.6,22.5,27.8,38.9,16.7,0.18,2.7,11.2,22.2,22.2,0.0,0.16,3.2,17.5,14.3,21.4,42.9,0.14,2.7,16.2,15.4,7.7,30.8,0.16,3.5,15.0,8.3,25.0,0.0,0.18,3.5,12.2,18.2,27.3,18.2,0.13,3.1,18.9,11.8,29.4,11.8,0.18,3.9,18.9,11.8,17.6,5.9,0.17,3.8,10.0,11.1,11.1,0.0,0.16,3.2,13.3,8.3,0.0,0.0,0.16,3.1,26.7,8.3,0.0,0.0,0.17,3.2,11.1,10.0,20.0,0.0,0.25,4.5,15.6,14.3,14.3,0.0,0.2,3.9,23.3,4.8,4.8,33.3,0.18,4.0,20.0,16.7,5.6,0.0,0.2,3.9,18.9,5.9,11.8,0.0,0.21,4.5,11.1,10.0,0.0,0.0,0.18,4.4,32.6,46.4,14.3,17.9,0.16,2.9,67.4,12.1,24.1,15.5,0.14,3.3,0.0,0.0,0.0,0.0,0.0,0.0,0.0,0.0,0.0,0.0,0.0,0.0,0.0,0.0,0.0,0.0,0.0,0.0,0.0,0.0,0.0,0.0,0.0,0.0,20.6,77.8,18.5,0.0,0.12,2.3,14.5,26.3,26.3,26.3,0.13,2.6,18.3,12.5,12.5,29.2,0.14,2.8,16.8,4.5,22.7,27.3,0.13,2.3,16.8,13.6,13.6,22.7,0.13,2.6,13.0,5.9,17.6,0.0,0.16,3.8,14.6,61.5,23.1,0.0,0.12,1.8,15.7,35.7,35.7,0.0,0.19,2.9,19.1,5.9,23.5,17.6,0.17,3.1,23.6,19.0,9.5,28.6,0.14,2.8,10.1,33.3,0.0,0.0,0.17,3.0,16.9,13.3,0.0,0.0,0.17,3.4
20261005,22,7,1800,4645,A1,群馬,46.0,53.0,6.68,47.83,6.05,50.0,11,37.16,4,31.36,4406,B1,福岡,41.0,52.0,4.05,16.48,4.42,19.35,20,34.04,64,30.0,4396,B1,山口,40.0,54.0,4.52,22.22,5.05,31.58,63,31.72,3,24.79,4788,A2,大阪,37.0,55.0,5.51,33.33,5.42,32.26,12,36.62,66,27.83,3745,B1,兵庫,51.0,52.0,5.29,27.08,6.23,43.33,52,40.0,9,39.5,4210,A2,福井,43.0,53.0,5.52,29.09,6.89,44.44,62,45.05,22,31.62,21.3,69.6,13.0,4.3,0.15,2.9,16.7,16.7,44.4,22.2,0.14,2.3,16.7,16.7,27.8,16.7,0.13,2.4,15.7,29.4,5.9,0.0,0.14,2.3,9.3,10.0,0.0,0.0,0.11,2.6,20.4,9.1,13.6,18.2,0.16,3.2,13.9,46.7,20.0,6.7,0.16,3.9,12.0,30.8,7.7,15.4,0.16,2.8,16.7,16.7,11.1,11.1,0.15,3.2,16.7,16.7,16.7,0.0,0.14,3.3,15.7,11.8,29.4,0.0,0.18,3.7,25.0,3.7,11.1,0.0,0.16,3.1,18.6,38.1,28.6,19.0,0.2,4.1,15.9,33.3,27.8,0.0,0.19,3.9,17.7,10.0,20.0,5.0,0.17,3.0,17.7,20.0,25.0,0.0,0.2,4.3,13.3,6.7,6.7,0.0,0.18,4.1,16.8,5.3,5.3,26.3,0.24,4.9,18.9,54.2,16.7,12.5,0.15,3.1,19.7,8.0,36.0,16.0,0.15,3.4,15.0,10.5,26.3,26.3,0.14,2.8,18.9,12.5,16.7,25.0,0.18,3.0,18.9,8.3,16.7,58.3,0.15,3.1,8.7,9.1,27.3,0.0,0.19,4.2,16.2,66.7,8.3,16.7,0.18,3.3,21.6,6.2,43.8,18.8,0.17,3.2,16.2,8.3,41.7,0.0,0.18,4.1,13.5,30.0,20.0,0.0,0.16,4.4,18.9,7.1,21.4,0.0,0.21,4.7,13.5,20.0,30.0,0.0,0.25,5.1,22.3,48.0,28.0,8.0,0.15,3.1,18.8,23.8,33.3,0.0,0.18,4.1,11.6,7.7,15.4,15.4,0.2,4.4,17.9,15.0,10.0,50.0,0.17,3.5,18.8,9.5,4.8,38.1,0.18,4.0,10.7,8.3,25.0,0.0,0.17,3.8
20261005,22,8,1800,4227,A2,三重,43.0,53.0,5.77,30.77,6.93,53.57,15,42.07,23,46.61,4164,B1,長崎,44.0,53.0,4.12,16.87,3.5,0.0,16,45.07,51,22.41,5092,A2,福岡,25.0,52.0,5.65,39.71,6.16,47.48,28,33.07,63,30.7,3711,A2,山口,52.0,53.0,5.8,35.92,6.27,36.36,13,36.51,71,27.83,3699,B1,埼玉,53.0,53.0,4.59,26.25,5.22,27.78,25,40.37,35,38.98,3361,B1,徳島,57.0,52.0,4.26,21.62,4.67,22.22,59,41.67,37,33.04,22.6,70.0,10.0,6.7,0.16,2.3,18.8,8.0,32.0,16.0,0.16,2.7,15.0,20.0,15.0,25.0,0.12,2.6,16.5,13.6,27.3,22.7,0.19,3.3,13.5,5.6,16.7,22.2,0.14,2.7,13.5,5.6,22.2,0.0,0.17,3.4,15.6,25.0,16.7,8.3,0.16,3.5,18.2,50.0,0.0,0.0,0.17,3.4,18.2,7.1,14.3,21.4,0.19,3.8,19.5,20.0,33.3,0.0,0.21,4.4,16.9,23.1,0.0,0.0,0.19,4.7,11.7,11.1,0.0,0.0,0.22,4.2,20.6,77.8,3.7,0.0,0.1,2.1,14.5,26.3,5.3,31.6,0.14,3.4,14.5,36.8,21.1,5.3,0.16,3.1,20.6,18.5,18.5,18.5,0.14,3.2,15.3,5.0,35.0,15.0,0.13,2.9,14.5,10.5,26.3,0.0,0.13,2.6,21.6,51.5,21.2,18.2,0.15,2.9,13.7,4.8,28.6,23.8,0.16,3.0,19.6,20.0,23.3,36.7,0.15,3.2,12.4,5.3,31.6,36.8,0.13,2.6,17.0,7.7,30.8,19.2,0.15,3.4,15.7,4.2,8.3,8.3,0.17,4.0,12.0,11.1,33.3,0.0,0.15,3.9,21.3,12.5,6.2,18.8,0.18,3.7,16.0,16.7,25.0,0.0,0.19,3.9,20.0,20.0,13.3,6.7,0.17,3.2,9.3,14.3,0.0,0.0,0.17,4.4,21.3,31.2,0.0,0.0,0.23,4.4,15.6,28.6,35.7,7.1,0.15,2.2,18.9,5.9,29.4,17.6,0.2,3.4,18.9,5.9,5.9,11.8,0.18,3.0,12.2,9.1,18.2,0.0,0.21,4.1,15.6,21.4,14.3,0.0,0.15,3.6,18.9,5.9,0.0,0.0,0.23,4.8
20261005,22,9,1800,4459,A2,香川,40.0,53.0,6.41,45.33,5.0,18.75,30,33.94,19,31.93,3955,B2,徳島,49.0,51.0,4.53,25.71,5.2,34.29,22,33.33,53,32.48,5337,B1,福岡,20.0,54.0,4.11,20.65,3.16,13.33,71,37.5,28,33.33,4428,A2,埼玉,41.0,54.0,6.35,44.04,5.65,23.08,48,22.39,14,32.76,5016,A1,兵庫,28.0,53.0,7.06,45.83,5.73,37.5,49,37.59,10,38.94,5469,B2,佐賀,18.0,55.0,1.6,0.0,1.44,0.0,57,31.88,31,19.47,21.5,64.3,17.9,7.1,0.13,2.6,13.8,22.2,11.1,11.1,0.13,3.1,16.2,9.5,14.3,19.0,0.12,2.7,16.2,14.3,28.6,14.3,0.1,2.5,15.4,5.0,15.0,0.0,0.13,2.4,16.9,4.5,18.2,0.0,0.14,3.6,14.0,50.0,25.0,25.0,0.2,3.6,17.5,10.0,40.0,10.0,0.18,3.5,15.8,33.3,0.0,0.0,0.15,3.3,17.5,60.0,0.0,0.0,0.21,4.2,17.5,30.0,0.0,0.0,0.18,4.3,17.5,10.0,0.0,0.0,0.24,4.6,0.0,0.0,0.0,0.0,0.0,0.0,0.0,0.0,0.0,0.0,0.0,0.0,1.1,0.0,0.0,0.0,0.31,6.0,31.6,6.7,16.7,30.0,0.18,3.7,31.6,10.0,20.0,20.0,0.19,3.6,35.8,5.9,17.6,11.8,0.22,5.0,18.8,90.9,4.5,4.5,0.12,2.1,16.2,10.5,31.6,21.1,0.14,3.0,17.1,5.0,35.0,15.0,0.15,2.4,14.5,11.8,23.5,5.9,0.16,3.6,17.1,25.0,25.0,0.0,0.16,2.9,16.2,21.1,15.8,0.0,0.14,3.1,21.1,73.1,7.7,3.8,0.13,2.3,17.1,33.3,28.6,19.0,0.15,3.1,15.4,26.3,21.1,21.1,0.14,2.2,16.3,20.0,10.0,40.0,0.13,2.4,10.6,7.7,7.7,30.8,0.14,2.8,19.5,4.2,37.5,0.0,0.17,4.0,0.0,0.0,0.0,0.0,0.0,0.0,0.0,0.0,0.0,0.0,0.0,0.0,0.0,0.0,0.0,0.0,0.0,0.0,0.0,0.0,0.0,0.0,0.0,0.0,0.0,0.0,0.0,0.0,0.0,0.0,0.0,0.0,0.0,0.0,0.0,0.0
20261005,22,10,1800,3265,A2,福岡,61.0,53.0,5.68,39.24,0.0,0.0,44,28.85,33,39.47,5068,A1,愛知,26.0,51.0,7.97,67.59,7.2,50.0,46,26.57,2,23.21,4441,A2,岡山,40.0,54.0,5.96,38.79,7.19,61.9,64,26.13,30,41.53,5009,A2,福岡,29.0,56.0,4.78,28.77,5.01,36.76,67,36.11,56,41.38,3957,B1,愛知,49.0,54.0,4.75,28.71,5.35,30.0,33,39.23,18,31.62,4299,B1,長崎,43.0,56.0,4.56,26.98,4.41,18.18,66,28.69,34,39.5,32.6,46.4,14.3,17.9,0.16,2.9,67.4,12.1,24.1,15.5,0.14,3.3,0.0,0.0,0.0,0.0,0.0,0.0,0.0,0.0,0.0,0.0,0.0,0.0,0.0,0.0,0.0,0.0,0.0,0.0,0.0,0.0,0.0,0.0,0.0,0.0,22.1,73.9,13.0,8.7,0.15,3.0,14.4,20.0,33.3,0.0,0.13,2.6,16.3,23.5,29.4,11.8,0.12,2.2,15.4,31.2,12.5,18.8,0.16,3.4,17.3,11.1,22.2,11.1,0.14,3.3,14.4,6.7,26.7,0.0,0.14,4.2,20.6,48.1,29.6,7.4,0.12,2.4,14.5,42.1,26.3,15.8,0.12,2.5,18.3,20.8,20.8,33.3,0.16,2.8,17.6,13.0,47.8,0.0,0.13,3.3,14.5,15.8,10.5,10.5,0.16,2.7,14.5,5.3,10.5,36.8,0.14,3.3,17.5,61.9,23.8,4.8,0.16,2.6,15.8,26.3,15.8,21.1,0.14,3.1,22.5,11.1,33.3,18.5,0.18,3.2,11.7,14.3,7.1,42.9,0.15,4.1,17.5,23.8,4.8,0.0,0.14,3.7,15.0,5.6,5.6,0.0,0.19,4.2,16.4,50.0,11.1,22.2,0.2,3.4,16.4,11.1,33.3,16.7,0.2,3.8,17.3,21.1,15.8,21.1,0.19,3.6,16.4,5.6,11.1,11.1,0.17,3.6,21.8,4.2,8.3,29.2,0.19,3.7,11.8,15.4,30.8,0.0,0.21,5.2,10.9,30.0,20.0,30.0,0.11,1.7,19.6,5.6,16.7,16.7,0.14,3.0,16.3,6.7,20.0,13.3,0.12,2.9,20.7,5.3,21.1,21.1,0.13,2.4,19.6,5.6,27.8,0.0,0.17,3.4,13.0,16.7,0.0,0.0,0.18,3.9
20261005,22,11,1800,5121,A1,佐賀,25.0,53.0,7.32,46.67,7.38,75.0,19,34.35,38,44.07,4798,A1,広島,33.0,52.0,6.94,50.0,6.07,44.44,70,34.23,16,33.33,4788,A2,大阪,37.0,55.0,5.51,33.33,5.42,32.26,12,36.62,66,27.83,4902,B1,兵庫,33.0,51.0,4.38,30.61,4.64,32.14,51,28.79,13,21.01,5067,B1,山口,27.0,57.0,4.84,30.23,3.83,17.14,32,28.86,26,37.19,4579,A2,三重,37.0,55.0,6.12,40.78,6.35,29.41,47,19.83,59,35.9,20.1,78.6,14.3,0.0,0.15,3.3,19.4,29.6,37.0,7.4,0.15,3.2,18.0,32.0,36.0,20.0,0.12,2.4,14.4,20.0,15.0,25.0,0.12,2.8,13.7,26.3,26.3,15.8,0.13,2.4,14.4,10.0,25.0,15.0,0.12,3.4,20.6,77.8,18.5,0.0,0.12,2.3,14.5,26.3,26.3,26.3,0.13,2.6,18.3,12.5,12.5,29.2,0.14,2.8,16.8,4.5,22.7,27.3,0.13,2.3,16.8,13.6,13.6,22.7,0.13,2.6,13.0,5.9,17.6,0.0,0.16,3.8,18.9,54.2,16.7,12.5,0.15,3.1,19.7,8.0,36.0,16.0,0.15,3.4,15.0,10.5,26.3,26.3,0.14,2.8,18.9,12.5,16.7,25.0,0.18,3.0,18.9,8.3,16.7,58.3,0.15,3.1,8.7,9.1,27.3,0.0,0.19,4.2,14.6,42.9,21.4,0.0,0.22,3.5,17.7,5.9,17.6,17.6,0.18,4.5,16.7,6.2,31.2,25.0,0.18,3.9,18.8,5.6,5.6,33.3,0.2,3.7,19.8,36.8,5.3,15.8,0.19,3.7,12.5,16.7,0.0,0.0,0.21,4.3,10.6,50.0,20.0,10.0,0.14,3.1,13.8,15.4,30.8,15.4,0.16,2.6,23.4,18.2,13.6,18.2,0.16,2.7,17.0,25.0,6.2,0.0,0.15,2.9,24.5,13.0,30.4,0.0,0.16,3.3,10.6,30.0,0.0,0.0,0.2,3.6,20.0,64.0,16.0,12.0,0.15,2.7,17.6,9.1,18.2,36.4,0.14,3.1,16.8,9.5,19.0,33.3,0.16,2.9,22.4,14.3,7.1,17.9,0.16,3.4,15.2,15.8,21.1,31.6,0.14,3.0,8.0,10.0,20.0,0.0,0.2,4.5
20261005,22,12,1800,4184,A1,大阪,40.0,52.0,7.17,55.43,6.93,58.62,39,40.0,54,16.83,3473,A1,福岡,56.0,52.0,6.97,56.2,6.81,49.46,34,42.47,74,40.17,4220,B1,香川,44.0,55.0,5.58,38.89,4.81,25.93,18,34.55,1,31.15,4227,A2,三重,43.0,53.0,5.77,30.77,6.93,53.57,15,42.07,23,46.61,4645,A1,群馬,46.0,53.0,6.68,47.83,6.05,50.0,11,37.16,4,31.36,5038,A2,福井,28.0,52.0,6.53,50.85,6.09,45.45,74,41.35,36,33.06,25.0,64.3,17.9,7.1,0.16,3.1,12.5,21.4,50.0,7.1,0.17,3.8,15.2,23.5,29.4,23.5,0.2,3.6,18.8,33.3,14.3,28.6,0.17,3.7,17.0,26.3,21.1,42.1,0.16,3.1,11.6,15.4,15.4,30.8,0.17,3.8,38.6,42.9,20.4,12.2,0.13,2.2,57.5,12.3,30.1,16.4,0.15,3.3,3.9,40.0,0.0,0.0,0.15,3.2,0.0,0.0,0.0,0.0,0.0,0.0,0.0,0.0,0.0,0.0,0.0,0.0,0.0,0.0,0.0,0.0,0.0,0.0,15.0,75.0,0.0,0.0,0.18,3.9,17.5,7.1,35.7,14.3,0.19,3.9,20.0,12.5,6.2,12.5,0.18,3.8,17.5,7.1,14.3,0.0,0.18,4.1,18.8,6.7,20.0,13.3,0.18,4.1,11.2,0.0,0.0,0.0,0.16,3.0,22.6,70.0,10.0,6.7,0.16,2.3,18.8,8.0,32.0,16.0,0.16,2.7,15.0,20.0,15.0,25.0,0.12,2.6,16.5,13.6,27.3,22.7,0.19,3.3,13.5,5.6,16.7,22.2,0.14,2.7,13.5,5.6,22.2,0.0,0.17,3.4,21.3,69.6,13.0,4.3,0.15,2.9,16.7,16.7,44.4,22.2,0.14,2.3,16.7,16.7,27.8,16.7,0.13,2.4,15.7,29.4,5.9,0.0,0.14,2.3,9.3,10.0,0.0,0.0,0.11,2.6,20.4,9.1,13.6,18.2,0.16,3.2,17.5,71.4,21.4,0.0,0.17,2.6,22.5,27.8,38.9,16.7,0.18,2.7,11.2,22.2,22.2,0.0,0.16,3.2,17.5,14.3,21.4,42.9,0.14,2.7,16.2,15.4,7.7,30.8,0.16,3.5,15.0,8.3,25.0,0.0,0.18,3.5
20261005,20,1,1800,3566,B1,福岡,56.0,52.0,4.24,19.32,4.89,30.19,53,32.29,69,30.95,5276,B1,福岡,24.0,52.0,4.96,26.6,3.9,25.0,51,43.02,67,43.84,3949,B1,岡山,50.0,57.0,3.65,13.51,4.57,26.09,4,35.53,50,22.39,5037,B1,香川,28.0,51.0,6.0,44.94,5.72,27.59,42,43.07,42,37.5,3340,B1,東京,61.0,56.0,3.82,17.78,5.56,33.33,16,31.38,52,23.38,4648,B1,兵庫,42.0,53.0,5.52,35.21,4.54,34.62,13,30.46,44,32.88,15.1,62.5,12.5,6.2,0.16,3.9,18.9,10.0,20.0,35.0,0.17,4.3,17.0,11.1,22.2,33.3,0.18,3.8,17.0,5.6,22.2,22.2,0.19,4.1,21.7,17.4,13.0,0.0,0.19,4.3,10.4,27.3,0.0,0.0,0.27,5.0,16.8,33.3,22.2,0.0,0.16,2.7,18.7,20.0,5.0,35.0,0.18,3.2,17.8,21.1,47.4,0.0,0.16,3.2,17.8,5.3,10.5,15.8,0.16,3.8,14.0,6.7,6.7,13.3,0.17,3.3,15.0,6.2,25.0,0.0,0.2,4.6,13.8,9.1,18.2,0.0,0.2,5.1,15.0,25.0,16.7,0.0,0.17,3.7,17.5,7.1,14.3,21.4,0.19,3.2,16.2,23.1,0.0,0.0,0.17,3.6,26.2,14.3,9.5,0.0,0.17,3.8,11.2,0.0,0.0,0.0,0.23,5.0,12.0,36.4,18.2,9.1,0.18,3.3,16.3,26.7,26.7,20.0,0.16,3.4,18.5,17.6,35.3,17.6,0.18,3.5,16.3,20.0,20.0,33.3,0.15,3.0,16.3,20.0,20.0,0.0,0.23,4.5,20.7,5.3,10.5,10.5,0.18,4.1,15.1,43.8,6.2,12.5,0.17,3.7,19.8,9.5,14.3,14.3,0.17,3.2,17.0,16.7,16.7,11.1,0.17,2.6,17.0,5.6,22.2,16.7,0.21,3.2,18.9,15.0,10.0,10.0,0.2,4.2,12.3,15.4,0.0,0.0,0.19,3.4,13.0,30.0,20.0,30.0,0.17,3.0,18.2,14.3,35.7,0.0,0.18,3.4,18.2,7.1,7.1,21.4,0.16,3.5,19.5,6.7,13.3,0.0,0.15,3.5,15.6,8.3,16.7,0.0,0.18,2.9,15.6,8.3,8.3,8.3,0.18,4.2
20261005,20,2,1800,5027,B1,山口,30.0,55.0,5.02,31.91,5.55,48.28,54,30.85,28,22.67,5131,B1,福岡,27.0,53.0,3.77,14.86,3.81,11.63,6,36.65,30,42.19,4496,A1,東京,39.0,54.0,6.53,49.51,5.64,45.45,62,26.06,37,36.92,3582,A2,滋賀,53.0,54.0,6.58,53.47,5.36,42.86,59,29.63,72,38.24,3910,B1,香川,52.0,52.0,4.14,17.95,3.97,25.0,14,35.53,22,20.0,4261,A2,三重,42.0,56.0,6.28,46.02,7.75,60.0,49,52.22,19,24.19,14.7,35.3,23.5,11.8,0.19,2.7,15.5,16.7,44.4,0.0,0.2,3.2,19.8,21.7,26.1,0.0,0.19,3.3,19.8,8.7,13.0,8.7,0.2,3.8,12.9,6.7,13.3,33.3,0.21,3.4,17.2,10.0,15.0,0.0,0.22,4.8,9.7,11.1,22.2,0.0,0.21,4.2,17.2,12.5,18.8,12.5,0.19,4.3,21.5,15.0,20.0,0.0,0.18,4.0,18.3,5.9,11.8,17.6,0.17,3.5,26.9,4.0,8.0,0.0,0.16,3.7,6.5,16.7,0.0,0.0,0.16,2.5,31.9,61.4,13.6,9.1,0.16,3.4,17.4,20.8,25.0,12.5,0.16,3.4,15.2,33.3,33.3,19.0,0.16,2.9,14.5,35.0,25.0,5.0,0.14,2.6,13.0,27.8,27.8,5.6,0.14,2.8,8.0,27.3,27.3,0.0,0.15,2.8,19.2,62.5,4.2,0.0,0.14,2.8,30.4,23.7,21.1,23.7,0.17,3.6,38.4,14.6,25.0,10.4,0.17,3.5,11.2,14.3,21.4,0.0,0.2,4.0,0.8,0.0,0.0,0.0,0.33,3.0,0.0,0.0,0.0,0.0,0.0,0.0,14.4,26.7,6.7,20.0,0.17,2.7,21.2,9.1,9.1,18.2,0.13,2.4,17.3,16.7,22.2,0.0,0.15,3.4,13.5,21.4,7.1,0.0,0.17,3.6,19.2,10.0,5.0,0.0,0.18,4.1,14.4,6.7,6.7,13.3,0.21,4.7,20.7,64.3,21.4,0.0,0.15,2.6,17.8,4.2,37.5,25.0,0.16,3.3,15.6,4.8,38.1,23.8,0.15,3.0,14.1,10.5,10.5,26.3,0.17,3.5,14.1,5.3,10.5,26.3,0.17,3.7,17.8,4.2,12.5,29.2,0.18,3.6
20261005,20,3,1800,3892,B1,佐賀,50.0,54.0,5.05,32.65,4.5,31.25,24,32.6,23,40.85,4287,A2,福岡,42.0,56.0,6.34,45.38,6.63,49.52,35,38.42,29,25.0,4778,B1,佐賀,40.0,51.0,5.35,35.29,5.67,45.83,2,30.1,33,28.38,3905,A2,愛知,49.0,53.0,6.07,37.17,5.22,25.93,12,36.45,65,30.38,4025,A1,兵庫,49.0,53.0,6.7,54.79,6.27,43.33,47,34.64,59,31.08,5367,B2,徳島,24.0,52.0,1.55,0.0,1.67,0.0,3,33.33,75,31.88,12.8,54.5,9.1,18.2,0.17,3.9,19.8,17.6,11.8,35.3,0.16,2.8,17.4,20.0,33.3,0.0,0.2,3.3,18.6,18.8,25.0,0.0,0.16,3.3,18.6,6.2,6.2,18.8,0.15,2.9,12.8,0.0,0.0,0.0,0.17,3.5,17.6,57.9,21.1,10.5,0.17,2.8,15.7,11.8,29.4,5.9,0.17,4.1,17.6,5.3,42.1,10.5,0.17,3.3,14.8,6.2,18.8,25.0,0.18,2.8,15.7,5.9,11.8,0.0,0.16,3.8,18.5,10.0,15.0,25.0,0.16,3.5,23.5,47.4,15.8,10.5,0.15,2.8,21.0,17.6,23.5,11.8,0.19,4.1,16.0,30.8,23.1,15.4,0.13,2.5,14.8,16.7,8.3,33.3,0.15,3.2,11.1,11.1,22.2,0.0,0.14,2.9,13.6,9.1,0.0,0.0,0.21,4.5,18.9,56.0,28.0,0.0,0.17,3.6,14.4,5.3,42.1,21.1,0.15,3.5,18.2,8.3,33.3,29.2,0.15,2.9,20.5,7.4,29.6,18.5,0.15,2.8,15.9,4.8,23.8,28.6,0.17,3.8,12.1,6.2,12.5,25.0,0.18,3.9,20.4,68.4,15.8,5.3,0.2,3.3,15.1,14.3,50.0,21.4,0.19,3.5,17.2,18.8,37.5,25.0,0.17,3.4,19.4,27.8,16.7,22.2,0.17,3.5,14.0,7.7,23.1,23.1,0.2,4.2,14.0,7.7,7.7,15.4,0.17,4.2,0.0,0.0,0.0,0.0,0.0,0.0,0.0,0.0,0.0,0.0,0.0,0.0,0.0,0.0,0.0,0.0,0.0,0.0,23.2,7.7,15.4,7.7,0.18,3.7,28.6,6.2,0.0,0.0,0.17,3.9,48.2,3.7,0.0,0.0,0.21,4.4
20261005,20,4,1800,4158,B1,山口,45.0,58.0,4.82,26.47,3.51,17.07,41,35.58,36,38.82,4123,A1,愛知,44.0,47.0,6.56,47.66,7.48,52.17,57,29.02,18,20.59,4197,B1,静岡,44.0,55.0,3.67,13.79,3.7,18.52,36,30.65,21,32.0,5209,B1,福岡,28.0,56.0,3.88,14.93,2.79,0.0,48,35.91,60,35.06,4695,A2,長崎,41.0,54.0,4.99,30.3,4.63,22.86,43,32.84,54,35.71,4376,A2,静岡,42.0,52.0,5.95,45.05,5.67,33.33,29,26.14,62,38.67,14.6,69.2,7.7,7.7,0.14,2.0,18.0,37.5,25.0,0.0,0.19,3.8,18.0,25.0,25.0,0.0,0.18,3.9,14.6,7.7,7.7,30.8,0.18,3.7,18.0,12.5,6.2,6.2,0.15,3.1,16.9,6.7,6.7,20.0,0.16,3.3,25.2,64.9,18.9,8.1,0.19,3.6,15.6,8.7,39.1,17.4,0.2,4.4,15.6,17.4,26.1,26.1,0.18,3.6,15.0,4.5,22.7,31.8,0.17,3.8,13.6,15.0,20.0,35.0,0.18,3.6,15.0,4.5,4.5,22.7,0.24,4.2,15.5,37.5,18.8,12.5,0.18,3.2,15.5,6.2,37.5,0.0,0.18,3.8,21.4,9.1,9.1,9.1,0.19,3.9,16.5,5.9,0.0,0.0,0.19,4.1,20.4,9.5,4.8,19.0,0.18,3.6,10.7,9.1,0.0,0.0,0.21,5.5,9.0,28.6,14.3,0.0,0.18,4.7,17.9,7.1,7.1,0.0,0.22,4.6,17.9,14.3,21.4,0.0,0.2,4.4,17.9,21.4,0.0,0.0,0.2,4.5,16.7,23.1,0.0,0.0,0.2,4.4,20.5,12.5,0.0,0.0,0.21,5.0,13.3,57.1,28.6,0.0,0.13,2.6,20.0,4.8,42.9,14.3,0.15,3.6,18.1,10.5,36.8,15.8,0.15,3.0,18.1,10.5,21.1,15.8,0.16,3.5,19.0,10.0,10.0,10.0,0.15,3.5,11.4,16.7,16.7,0.0,0.13,3.1,18.9,77.8,3.7,3.7,0.13,1.7,18.2,7.7,38.5,15.4,0.14,3.0,16.1,17.4,26.1,26.1,0.14,2.5,14.0,25.0,15.0,15.0,0.17,3.3,14.7,9.5,4.8,9.5,0.17,3.0,18.2,3.8,3.8,7.7,0.18,4.3
20261005,20,5,1800,4677,A1,滋賀,38.0,53.0,5.85,41.18,6.57,48.57,11,25.79,68,35.8,4842,A2,岡山,34.0,55.0,5.44,34.12,5.36,35.71,8,28.21,53,39.74,4181,B1,三重,43.0,54.0,3.54,10.42,4.97,29.03,46,37.5,73,32.47,4451,A2,福岡,38.0,51.0,6.34,47.25,6.07,44.57,52,36.9,58,24.36,4919,B1,長崎,35.0,53.0,4.4,24.0,5.92,44.0,17,32.61,31,33.77,4992,B1,滋賀,29.0,57.0,4.68,31.17,4.57,35.71,25,38.1,39,39.06,21.9,57.1,14.3,19.0,0.15,2.6,14.6,14.3,28.6,28.6,0.17,3.6,17.7,17.6,29.4,41.2,0.14,3.2,15.6,40.0,20.0,0.0,0.13,2.1,18.8,16.7,16.7,27.8,0.17,3.3,11.5,27.3,27.3,0.0,0.18,4.1,17.8,65.2,21.7,8.7,0.15,2.2,17.1,22.7,22.7,13.6,0.16,3.2,15.5,15.0,40.0,20.0,0.18,2.5,20.2,7.7,19.2,19.2,0.17,3.0,14.7,10.5,15.8,36.8,0.13,2.7,14.7,5.3,10.5,15.8,0.18,4.1,12.2,30.0,30.0,20.0,0.18,3.6,23.2,10.5,21.1,21.1,0.18,4.3,17.1,7.1,7.1,28.6,0.18,3.9,17.1,7.1,14.3,0.0,0.23,5.2,23.2,5.3,0.0,0.0,0.26,5.6,7.3,16.7,33.3,0.0,0.27,5.3,22.9,63.6,27.3,3.0,0.14,2.3,15.3,22.7,18.2,36.4,0.14,2.5,18.1,3.8,30.8,15.4,0.17,2.5,18.1,26.9,34.6,0.0,0.14,2.7,15.3,13.6,9.1,0.0,0.19,3.7,10.4,6.7,13.3,20.0,0.18,4.3,9.1,16.7,16.7,0.0,0.19,3.8,16.7,9.1,9.1,27.3,0.18,3.4,15.2,10.0,20.0,10.0,0.13,3.1,18.2,8.3,50.0,0.0,0.19,3.8,16.7,9.1,36.4,0.0,0.2,3.9,24.2,6.2,12.5,0.0,0.2,4.9,12.3,69.2,15.4,0.0,0.17,3.3,18.9,15.0,25.0,15.0,0.15,2.8,17.9,10.5,15.8,21.1,0.16,3.5,17.9,31.6,10.5,10.5,0.13,2.6,17.9,5.3,10.5,0.0,0.16,3.4,15.1,12.5,0.0,0.0,0.19,4.1
20261005,20,6,1800,3579,B1,埼玉,53.0,50.0,4.94,29.85,4.42,25.0,58,34.69,34,46.67,5301,B1,群馬,23.0,52.0,5.37,36.26,3.8,20.0,37,27.27,71,42.86,4388,A2,滋賀,41.0,52.0,6.31,46.02,6.5,50.0,26,30.37,13,39.39,3949,B1,岡山,50.0,57.0,3.65,13.51,4.57,26.09,4,35.53,50,22.39,4736,A1,福岡,35.0,54.0,7.14,57.52,7.13,53.97,38,31.98,25,33.72,5395,B1,佐賀,25.0,52.0,3.66,17.86,0.8,0.0,28,30.48,64,39.73,12.3,30.0,40.0,20.0,0.17,2.9,16.0,7.7,23.1,0.0,0.2,3.9,21.0,5.9,11.8,17.6,0.2,4.8,16.0,38.5,15.4,0.0,0.19,3.2,21.0,5.9,5.9,17.6,0.19,3.5,13.6,9.1,0.0,0.0,0.21,4.5,15.0,60.0,13.3,0.0,0.16,3.9,21.0,4.8,14.3,23.8,0.17,3.6,22.0,13.6,9.1,22.7,0.13,3.0,16.0,18.8,6.2,18.8,0.15,3.0,14.0,7.1,7.1,21.4,0.16,3.5,12.0,0.0,0.0,0.0,0.16,3.4,18.6,66.7,14.8,7.4,0.16,2.9,17.9,11.5,34.6,19.2,0.17,4.1,14.5,23.8,14.3,14.3,0.15,2.7,15.2,9.1,18.2,40.9,0.17,3.6,18.6,3.7,18.5,33.3,0.19,3.8,15.2,9.1,18.2,0.0,0.18,4.4,13.8,9.1,18.2,0.0,0.2,5.1,15.0,25.0,16.7,0.0,0.17,3.7,17.5,7.1,14.3,21.4,0.19,3.2,16.2,23.1,0.0,0.0,0.17,3.6,26.2,14.3,9.5,0.0,0.17,3.8,11.2,0.0,0.0,0.0,0.23,5.0,21.9,60.0,28.0,4.0,0.13,2.0,14.9,23.5,35.3,17.6,0.14,2.5,14.9,5.9,64.7,17.6,0.13,2.5,15.8,5.6,38.9,27.8,0.15,2.8,15.8,5.6,38.9,5.6,0.12,2.2,16.7,10.5,21.1,0.0,0.16,3.3,0.0,0.0,0.0,0.0,0.0,0.0,0.0,0.0,0.0,0.0,0.0,0.0,0.0,0.0,0.0,0.0,0.0,0.0,19.5,6.7,6.7,6.7,0.18,3.9,37.7,3.4,3.4,0.0,0.2,4.3,42.9,3.0,3.0,3.0,0.19,4.0
20261005,20,7,1800,3721,A1,滋賀,51.0,54.0,6.9,51.69,6.07,37.04,45,37.98,43,39.68,3340,B1,東京,61.0,56.0,3.82,17.78,5.56,33.33,16,31.38,52,23.38,5148,B1,福岡,32.0,46.0,4.77,24.56,3.84,24.19,27,27.17,15,45.12,3776,B1,愛知,51.0,58.0,3.13,8.89,1.71,0.0,55,21.69,56,23.29,3578,B1,香川,53.0,52.0,3.77,13.33,4.56,27.78,15,33.5,20,28.05,4748,A1,東京,40.0,53.0,6.19,43.18,6.89,55.56,20,39.47,49,21.67,23.3,70.8,12.5,12.5,0.12,2.3,13.6,14.3,35.7,7.1,0.14,2.9,15.5,12.5,31.2,31.2,0.13,3.2,19.4,15.0,10.0,15.0,0.11,2.1,19.4,5.0,20.0,15.0,0.14,2.4,8.7,0.0,0.0,0.0,0.13,3.7,15.1,43.8,6.2,12.5,0.17,3.7,19.8,9.5,14.3,14.3,0.17,3.2,17.0,16.7,16.7,11.1,0.17,2.6,17.0,5.6,22.2,16.7,0.21,3.2,18.9,15.0,10.0,10.0,0.2,4.2,12.3,15.4,0.0,0.0,0.19,3.4,11.8,62.5,12.5,12.5,0.16,3.6,19.1,15.4,23.1,30.8,0.17,3.6,17.6,16.7,8.3,41.7,0.17,3.1,20.6,7.1,28.6,28.6,0.21,4.1,14.7,20.0,0.0,0.0,0.16,2.9,16.2,9.1,9.1,0.0,0.19,4.1,12.3,10.0,10.0,0.0,0.21,4.5,18.5,6.7,26.7,6.7,0.19,4.0,16.0,7.7,15.4,7.7,0.2,4.1,19.8,0.0,0.0,0.0,0.18,4.1,16.0,7.7,0.0,0.0,0.19,3.9,17.3,0.0,0.0,0.0,0.23,5.1,13.1,18.2,27.3,36.4,0.16,4.3,19.0,18.8,6.2,0.0,0.2,4.3,13.1,18.2,18.2,9.1,0.17,2.8,20.2,5.9,5.9,0.0,0.21,3.8,22.6,15.8,15.8,0.0,0.15,3.4,11.9,20.0,0.0,0.0,0.19,4.8,22.3,59.3,7.4,7.4,0.14,3.1,15.7,36.8,42.1,10.5,0.16,3.2,16.5,10.0,30.0,20.0,0.14,2.6,14.9,16.7,27.8,16.7,0.19,3.6,16.5,15.0,20.0,10.0,0.18,3.7,14.0,11.8,29.4,17.6,0.15,2.9
20261005,20,8,1800,3905,A2,愛知,49.0,53.0,6.07,37.17,5.22,25.93,12,36.45,65,30.38,3574,A1,福岡,54.0,54.0,6.06,43.69,6.56,54.17,18,33.16,14,18.75,4261,A2,三重,42.0,56.0,6.28,46.02,7.75,60.0,49,52.22,19,24.19,4900,B1,埼玉,34.0,46.0,5.11,33.33,5.44,44.0,40,35.5,40,17.39,5240,B1,福岡,26.0,54.0,3.78,19.23,3.0,0.0,19,40.32,45,30.14,5380,B2,徳島,22.0,52.0,1.24,0.0,1.33,0.0,9,29.27,24,27.91,18.9,56.0,28.0,0.0,0.17,3.6,14.4,5.3,42.1,21.1,0.15,3.5,18.2,8.3,33.3,29.2,0.15,2.9,20.5,7.4,29.6,18.5,0.15,2.8,15.9,4.8,23.8,28.6,0.17,3.8,12.1,6.2,12.5,25.0,0.18,3.9,23.5,64.3,17.9,7.1,0.15,2.3,52.1,16.1,29.0,16.1,0.17,3.0,21.0,8.0,24.0,24.0,0.14,2.4,2.5,33.3,0.0,0.0,0.22,3.3,0.8,0.0,0.0,0.0,0.1,1.0,0.0,0.0,0.0,0.0,0.0,0.0,20.7,64.3,21.4,0.0,0.15,2.6,17.8,4.2,37.5,25.0,0.16,3.3,15.6,4.8,38.1,23.8,0.15,3.0,14.1,10.5,10.5,26.3,0.17,3.5,14.1,5.3,10.5,26.3,0.17,3.7,17.8,4.2,12.5,29.2,0.18,3.6,19.1,68.2,4.5,13.6,0.18,3.0,18.3,9.5,19.0,14.3,0.18,3.8,17.4,50.0,20.0,0.0,0.19,3.1,13.0,20.0,6.7,0.0,0.18,4.5,14.8,5.9,23.5,0.0,0.17,4.4,17.4,10.0,20.0,0.0,0.23,4.3,14.9,46.7,26.7,0.0,0.17,2.5,18.8,5.3,36.8,26.3,0.16,3.1,17.8,11.1,38.9,11.1,0.15,2.5,15.8,12.5,12.5,0.0,0.15,3.1,12.9,7.7,30.8,15.4,0.19,2.9,19.8,10.0,20.0,0.0,0.17,4.3,0.0,0.0,0.0,0.0,0.0,0.0,0.0,0.0,0.0,0.0,0.0,0.0,0.0,0.0,0.0,0.0,0.0,0.0,18.5,0.0,0.0,0.0,0.24,5.1,24.7,0.0,0.0,0.0,0.29,5.8,56.8,0.0,0.0,0.0,0.29,5.7
20261005,20,9,1800,3582,A2,滋賀,53.0,54.0,6.58,53.47,5.36,42.86,59,29.63,72,38.24,5209,B1,福岡,28.0,56.0,3.88,14.93,2.79,0.0,48,35.91,60,35.06,5037,B1,香川,28.0,51.0,6.0,44.94,5.72,27.59,42,43.07,42,37.5,3419,B2,群馬,56.0,56.0,1.92,0.0,4.12,23.53,5,39.27,26,48.65,3892,B1,佐賀,50.0,54.0,5.05,32.65,4.5,31.25,24,32.6,23,40.85,4964,A2,岡山,29.0,46.0,6.57,45.87,0.0,0.0,39,36.76,66,22.81,19.2,62.5,4.2,0.0,0.14,2.8,30.4,23.7,21.1,23.7,0.17,3.6,38.4,14.6,25.0,10.4,0.17,3.5,11.2,14.3,21.4,0.0,0.2,4.0,0.8,0.0,0.0,0.0,0.33,3.0,0.0,0.0,0.0,0.0,0.0,0.0,9.0,28.6,14.3,0.0,0.18,4.7,17.9,7.1,7.1,0.0,0.22,4.6,17.9,14.3,21.4,0.0,0.2,4.4,17.9,21.4,0.0,0.0,0.2,4.5,16.7,23.1,0.0,0.0,0.2,4.4,20.5,12.5,0.0,0.0,0.21,5.0,12.0,36.4,18.2,9.1,0.18,3.3,16.3,26.7,26.7,20.0,0.16,3.4,18.5,17.6,35.3,17.6,0.18,3.5,16.3,20.0,20.0,33.3,0.15,3.0,16.3,20.0,20.0,0.0,0.23,4.5,20.7,5.3,10.5,10.5,0.18,4.1,15.9,14.3,28.6,0.0,0.15,2.7,20.5,11.1,22.2,0.0,0.21,4.2,13.6,0.0,0.0,0.0,0.23,4.2,6.8,0.0,0.0,0.0,0.19,4.3,18.2,0.0,0.0,0.0,0.22,5.4,25.0,0.0,0.0,0.0,0.27,5.5,12.8,54.5,9.1,18.2,0.17,3.9,19.8,17.6,11.8,35.3,0.16,2.8,17.4,20.0,33.3,0.0,0.2,3.3,18.6,18.8,25.0,0.0,0.16,3.3,18.6,6.2,6.2,18.8,0.15,2.9,12.8,0.0,0.0,0.0,0.17,3.5,13.5,53.8,15.4,15.4,0.15,2.1,19.8,21.1,21.1,15.8,0.17,3.3,16.7,25.0,25.0,6.2,0.11,3.3,19.8,10.5,15.8,21.1,0.14,2.7,15.6,6.7,13.3,26.7,0.14,3.2,14.6,7.1,21.4,0.0,0.16,3.8
20261005,20,10,1800,4451,A2,福岡,38.0,51.0,6.34,47.25,6.07,44.57,52,36.9,58,24.36,4648,B1,兵庫,42.0,53.0,5.52,35.21,4.54,34.62,13,30.46,44,32.88,4376,A2,静岡,42.0,52.0,5.95,45.05,5.67,33.33,29,26.14,62,38.67,4714,B1,徳島,36.0,48.0,4.74,27.27,0.0,0.0,21,38.17,47,34.29,5131,B1,福岡,27.0,53.0,3.77,14.86,3.81,11.63,6,36.65,30,42.19,4778,B1,佐賀,40.0,51.0,5.35,35.29,5.67,45.83,2,30.1,33,28.38,22.9,63.6,27.3,3.0,0.14,2.3,15.3,22.7,18.2,36.4,0.14,2.5,18.1,3.8,30.8,15.4,0.17,2.5,18.1,26.9,34.6,0.0,0.14,2.7,15.3,13.6,9.1,0.0,0.19,3.7,10.4,6.7,13.3,20.0,0.18,4.3,13.0,30.0,20.0,30.0,0.17,3.0,18.2,14.3,35.7,0.0,0.18,3.4,18.2,7.1,7.1,21.4,0.16,3.5,19.5,6.7,13.3,0.0,0.15,3.5,15.6,8.3,16.7,0.0,0.18,2.9,15.6,8.3,8.3,8.3,0.18,4.2,18.9,77.8,3.7,3.7,0.13,1.7,18.2,7.7,38.5,15.4,0.14,3.0,16.1,17.4,26.1,26.1,0.14,2.5,14.0,25.0,15.0,15.0,0.17,3.3,14.7,9.5,4.8,9.5,0.17,3.0,18.2,3.8,3.8,7.7,0.18,4.3,12.5,33.3,8.3,25.0,0.14,2.6,20.8,30.0,20.0,0.0,0.16,3.6,16.7,6.2,25.0,12.5,0.14,3.3,20.8,5.0,20.0,40.0,0.18,4.0,16.7,6.2,6.2,25.0,0.19,3.5,12.5,25.0,0.0,0.0,0.2,4.8,9.7,11.1,22.2,0.0,0.21,4.2,17.2,12.5,18.8,12.5,0.19,4.3,21.5,15.0,20.0,0.0,0.18,4.0,18.3,5.9,11.8,17.6,0.17,3.5,26.9,4.0,8.0,0.0,0.16,3.7,6.5,16.7,0.0,0.0,0.16,2.5,23.5,47.4,15.8,10.5,0.15,2.8,21.0,17.6,23.5,11.8,0.19,4.1,16.0,30.8,23.1,15.4,0.13,2.5,14.8,16.7,8.3,33.3,0.15,3.2,11.1,11.1,22.2,0.0,0.14,2.9,13.6,9.1,0.0,0.0,0.21,4.5
20261005,20,11,1800,4287,A2,福岡,42.0,56.0,6.34,45.38,6.63,49.52,35,38.42,29,25.0,4695,A2,長崎,41.0,54.0,4.99,30.3,4.63,22.86,43,32.84,54,35.71,5276,B1,福岡,24.0,52.0,4.96,26.6,3.9,25.0,51,43.02,67,43.84,4388,A2,滋賀,41.0,52.0,6.31,46.02,6.5,50.0,26,30.37,13,39.39,5027,B1,山口,30.0,55.0,5.02,31.91,5.55,48.28,54,30.85,28,22.67,4842,A2,岡山,34.0,55.0,5.44,34.12,5.36,35.71,8,28.21,53,39.74,17.6,57.9,21.1,10.5,0.17,2.8,15.7,11.8,29.4,5.9,0.17,4.1,17.6,5.3,42.1,10.5,0.17,3.3,14.8,6.2,18.8,25.0,0.18,2.8,15.7,5.9,11.8,0.0,0.16,3.8,18.5,10.0,15.0,25.0,0.16,3.5,13.3,57.1,28.6,0.0,0.13,2.6,20.0,4.8,42.9,14.3,0.15,3.6,18.1,10.5,36.8,15.8,0.15,3.0,18.1,10.5,21.1,15.8,0.16,3.5,19.0,10.0,10.0,10.0,0.15,3.5,11.4,16.7,16.7,0.0,0.13,3.1,16.8,33.3,22.2,0.0,0.16,2.7,18.7,20.0,5.0,35.0,0.18,3.2,17.8,21.1,47.4,0.0,0.16,3.2,17.8,5.3,10.5,15.8,0.16,3.8,14.0,6.7,6.7,13.3,0.17,3.3,15.0,6.2,25.0,0.0,0.2,4.6,18.6,66.7,14.8,7.4,0.16,2.9,17.9,11.5,34.6,19.2,0.17,4.1,14.5,23.8,14.3,14.3,0.15,2.7,15.2,9.1,18.2,40.9,0.17,3.6,18.6,3.7,18.5,33.3,0.19,3.8,15.2,9.1,18.2,0.0,0.18,4.4,14.7,35.3,23.5,11.8,0.19,2.7,15.5,16.7,44.4,0.0,0.2,3.2,19.8,21.7,26.1,0.0,0.19,3.3,19.8,8.7,13.0,8.7,0.2,3.8,12.9,6.7,13.3,33.3,0.21,3.4,17.2,10.0,15.0,0.0,0.22,4.8,17.8,65.2,21.7,8.7,0.15,2.2,17.1,22.7,22.7,13.6,0.16,3.2,15.5,15.0,40.0,20.0,0.18,2.5,20.2,7.7,19.2,19.2,0.17,3.0,14.7,10.5,15.8,36.8,0.13,2.7,14.7,5.3,10.5,15.8,0.18,4.1
20261005,20,12,1800,4736,A1,福岡,35.0,54.0,7.14,57.52,7.13,53.97,38,31.98,25,33.72,3721,A1,滋賀,51.0,54.0,6.9,51.69,6.07,37.04,45,37.98,43,39.68,4025,A1,兵庫,49.0,53.0,6.7,54.79,6.27,43.33,47,34.64,59,31.08,4496,A1,東京,39.0,54.0,6.53,49.51,5.64,45.45,62,26.06,37,36.92,4677,A1,滋賀,38.0,53.0,5.85,41.18,6.57,48.57,11,25.79,68,35.8,4123,A1,愛知,44.0,47.0,6.56,47.66,7.48,52.17,57,29.02,18,20.59,21.9,60.0,28.0,4.0,0.13,2.0,14.9,23.5,35.3,17.6,0.14,2.5,14.9,5.9,64.7,17.6,0.13,2.5,15.8,5.6,38.9,27.8,0.15,2.8,15.8,5.6,38.9,5.6,0.12,2.2,16.7,10.5,21.1,0.0,0.16,3.3,23.3,70.8,12.5,12.5,0.12,2.3,13.6,14.3,35.7,7.1,0.14,2.9,15.5,12.5,31.2,31.2,0.13,3.2,19.4,15.0,10.0,15.0,0.11,2.1,19.4,5.0,20.0,15.0,0.14,2.4,8.7,0.0,0.0,0.0,0.13,3.7,20.4,68.4,15.8,5.3,0.2,3.3,15.1,14.3,50.0,21.4,0.19,3.5,17.2,18.8,37.5,25.0,0.17,3.4,19.4,27.8,16.7,22.2,0.17,3.5,14.0,7.7,23.1,23.1,0.2,4.2,14.0,7.7,7.7,15.4,0.17,4.2,31.9,61.4,13.6,9.1,0.16,3.4,17.4,20.8,25.0,12.5,0.16,3.4,15.2,33.3,33.3,19.0,0.16,2.9,14.5,35.0,25.0,5.0,0.14,2.6,13.0,27.8,27.8,5.6,0.14,2.8,8.0,27.3,27.3,0.0,0.15,2.8,21.9,57.1,14.3,19.0,0.15,2.6,14.6,14.3,28.6,28.6,0.17,3.6,17.7,17.6,29.4,41.2,0.14,3.2,15.6,40.0,20.0,0.0,0.13,2.1,18.8,16.7,16.7,27.8,0.17,3.3,11.5,27.3,27.3,0.0,0.18,4.1,25.2,64.9,18.9,8.1,0.19,3.6,15.6,8.7,39.1,17.4,0.2,4.4,15.6,17.4,26.1,26.1,0.18,3.6,15.0,4.5,22.7,31.8,0.17,3.8,13.6,15.0,20.0,35.0,0.18,3.6,15.0,4.5,4.5,22.7,0.24,4.2
20261005,19,1,1800,5265,B1,香川,26.0,46.0,3.88,18.28,2.82,0.0,60,22.58,48,24.0,4045,B1,山口,46.0,48.0,4.78,31.76,5.15,38.78,71,41.49,32,25.81,4844,B1,広島,33.0,51.0,4.13,20.24,4.52,24.14,18,52.04,31,36.17,5416,B1,三重,20.0,44.0,3.32,14.49,3.56,11.11,30,41.24,44,28.57,5165,B1,岡山,26.0,47.0,5.01,28.4,3.13,0.0,69,42.11,45,42.42,5437,B2,香川,21.0,51.0,1.54,1.92,0.0,0.0,48,37.25,39,26.8,10.4,36.4,18.2,0.0,0.15,2.8,20.8,4.5,27.3,0.0,0.15,3.4,17.0,5.6,5.6,16.7,0.14,3.2,18.9,15.0,10.0,15.0,0.13,3.0,17.0,5.6,11.1,0.0,0.18,3.8,16.0,0.0,0.0,0.0,0.17,3.4,15.1,23.1,46.2,0.0,0.19,3.8,20.9,11.1,16.7,22.2,0.15,2.9,19.8,5.9,17.6,11.8,0.16,2.5,12.8,18.2,9.1,0.0,0.18,2.8,19.8,17.6,0.0,0.0,0.16,2.8,11.6,10.0,10.0,0.0,0.18,3.0,14.9,40.0,30.0,10.0,0.18,3.4,21.6,6.9,34.5,17.2,0.15,3.3,17.9,4.2,29.2,20.8,0.15,2.7,17.2,8.7,13.0,4.3,0.16,3.5,19.4,3.8,19.2,0.0,0.21,4.1,9.0,0.0,0.0,0.0,0.25,4.9,0.0,0.0,0.0,0.0,0.0,0.0,0.0,0.0,0.0,0.0,0.0,0.0,0.0,0.0,0.0,0.0,0.0,0.0,14.5,9.1,9.1,18.2,0.13,2.7,26.3,5.0,0.0,0.0,0.17,2.9,59.2,11.1,2.2,0.0,0.14,2.7,15.1,37.5,18.8,0.0,0.15,2.5,17.0,16.7,11.1,11.1,0.16,2.9,17.0,5.6,16.7,16.7,0.18,2.7,14.2,6.7,6.7,33.3,0.16,3.9,20.8,4.5,13.6,9.1,0.17,3.3,16.0,5.9,11.8,0.0,0.17,3.5,0.0,0.0,0.0,0.0,0.0,0.0,0.0,0.0,0.0,0.0,0.0,0.0,0.0,0.0,0.0,0.0,0.0,0.0,0.0,0.0,0.0,0.0,0.0,0.0,0.0,0.0,0.0,0.0,0.0,0.0,100.0,2.2,2.2,0.0,0.23,4.3
20261005,19,2,1800,5287,B1,埼玉,27.0,47.0,3.65,11.11,3.22,11.11,73,25.0,22,31.18,4678,B1,愛知,37.0,47.0,4.23,20.0,5.15,36.96,15,34.41,40,37.76,5322,B1,埼玉,24.0,44.0,3.85,17.71,2.24,4.76,47,34.34,42,34.74,3943,B2,岡山,47.0,69.0,2.1,2.5,3.43,14.29,43,40.0,50,30.3,3845,A2,兵庫,50.0,44.0,5.91,47.06,7.27,54.55,28,31.52,49,39.39,5052,B1,大阪,31.0,50.0,4.0,22.0,0.0,0.0,38,39.58,47,27.27,12.1,9.1,27.3,9.1,0.19,3.6,16.5,20.0,6.7,0.0,0.12,2.0,16.5,6.7,20.0,0.0,0.15,2.5,20.9,10.5,10.5,5.3,0.18,3.5,18.7,5.9,17.6,0.0,0.14,2.6,15.4,7.1,0.0,0.0,0.17,3.4,16.9,66.7,13.3,13.3,0.17,2.3,21.3,15.8,21.1,21.1,0.16,3.1,12.4,9.1,45.5,9.1,0.16,2.8,13.5,8.3,33.3,0.0,0.15,2.5,24.7,9.1,4.5,13.6,0.16,3.2,11.2,20.0,0.0,0.0,0.23,4.6,11.4,12.5,12.5,0.0,0.16,3.9,18.6,7.7,15.4,0.0,0.22,4.3,18.6,7.7,0.0,0.0,0.21,4.3,12.9,0.0,0.0,0.0,0.17,3.4,22.9,6.2,0.0,0.0,0.16,3.7,15.7,9.1,0.0,0.0,0.22,3.6,14.3,50.0,0.0,0.0,0.15,3.5,7.1,0.0,0.0,0.0,0.19,5.0,21.4,0.0,0.0,0.0,0.21,4.3,7.1,0.0,0.0,0.0,0.17,3.0,21.4,0.0,0.0,0.0,0.14,3.3,28.6,0.0,0.0,0.0,0.24,4.0,16.2,30.8,15.4,23.1,0.2,4.2,18.8,26.7,20.0,13.3,0.19,4.3,20.0,31.2,12.5,25.0,0.2,4.2,21.2,11.8,35.3,0.0,0.21,4.4,17.5,21.4,14.3,0.0,0.22,4.4,6.2,60.0,0.0,0.0,0.23,5.0,11.8,25.0,25.0,25.0,0.12,2.1,17.6,33.3,25.0,0.0,0.13,2.2,22.1,20.0,13.3,13.3,0.16,2.7,19.1,23.1,15.4,0.0,0.16,2.8,13.2,11.1,0.0,0.0,0.14,3.0,16.2,9.1,0.0,0.0,0.23,4.4
20261005,19,3,1800,4947,B1,福岡,34.0,48.0,5.02,26.79,4.51,16.28,64,20.43,20,21.88,4784,B1,広島,38.0,51.0,3.96,16.33,4.7,24.24,19,27.52,56,44.0,4372,A2,大阪,39.0,47.0,6.28,46.39,5.95,40.91,27,38.0,55,37.89,4720,B1,長崎,32.0,48.0,3.38,11.59,4.96,29.17,53,25.51,21,38.3,4938,A1,佐賀,29.0,47.0,6.33,40.65,5.41,29.73,51,28.13,17,35.11,4387,A1,香川,41.0,46.0,6.9,51.72,6.33,45.45,55,33.68,14,31.63,13.0,46.7,6.7,13.3,0.2,3.3,19.1,9.1,27.3,18.2,0.19,4.5,19.1,22.7,9.1,0.0,0.15,2.5,17.4,5.0,25.0,0.0,0.17,3.5,15.7,16.7,22.2,0.0,0.18,3.3,15.7,16.7,0.0,0.0,0.17,3.7,14.9,40.0,30.0,10.0,0.15,2.4,16.4,9.1,18.2,0.0,0.21,4.2,14.9,10.0,10.0,20.0,0.23,3.9,17.9,16.7,8.3,0.0,0.22,4.2,14.9,10.0,10.0,0.0,0.19,3.7,20.9,14.3,7.1,0.0,0.23,4.3,21.4,72.2,11.1,11.1,0.16,2.8,15.5,23.1,15.4,23.1,0.2,3.0,16.7,7.1,21.4,28.6,0.21,3.4,14.3,16.7,58.3,0.0,0.17,3.0,14.3,25.0,0.0,0.0,0.12,2.2,17.9,13.3,20.0,0.0,0.17,2.8,14.0,23.1,7.7,23.1,0.21,3.6,18.3,29.4,23.5,11.8,0.18,3.2,20.4,5.3,31.6,0.0,0.21,3.7,15.1,35.7,0.0,0.0,0.19,3.3,18.3,5.9,5.9,0.0,0.18,3.6,14.0,15.4,0.0,0.0,0.23,3.5,22.0,75.9,13.8,6.9,0.15,2.6,18.2,29.2,37.5,8.3,0.13,2.4,17.4,47.8,17.4,8.7,0.11,3.0,14.4,21.1,21.1,10.5,0.18,3.3,16.7,9.1,9.1,27.3,0.13,3.2,11.4,6.7,33.3,0.0,0.19,3.9,20.8,61.5,11.5,11.5,0.17,3.4,12.8,25.0,12.5,25.0,0.14,2.7,18.4,34.8,34.8,8.7,0.14,2.6,16.8,19.0,19.0,28.6,0.16,2.8,17.6,9.1,13.6,9.1,0.16,2.9,13.6,5.9,29.4,0.0,0.16,3.8
20261005,19,4,1800,3334,A2,広島,58.0,45.0,5.45,34.26,6.65,58.7,70,28.13,62,26.53,5326,B1,香川,22.0,47.0,5.0,30.43,1.5,0.0,13,32.14,36,33.33,4893,B1,東京,36.0,47.0,5.34,35.0,0.0,0.0,57,41.05,70,32.32,4642,A2,香川,34.0,48.0,6.97,51.82,7.08,52.0,31,38.68,46,25.53,4556,A1,福岡,37.0,47.0,6.55,50.54,6.27,43.24,12,51.52,41,44.44,5317,B1,岡山,25.0,44.0,4.65,21.21,3.96,13.33,24,36.73,29,24.0,23.0,51.6,16.1,6.5,0.2,4.2,17.0,4.3,39.1,21.7,0.22,4.1,16.3,9.1,45.5,18.2,0.19,4.1,16.3,27.3,31.8,0.0,0.21,4.5,16.3,18.2,18.2,0.0,0.19,4.5,11.1,6.7,20.0,0.0,0.21,4.5,12.6,40.0,6.7,0.0,0.22,4.1,18.5,9.1,31.8,4.5,0.17,3.4,17.6,4.8,28.6,4.8,0.18,2.8,17.6,9.5,4.8,23.8,0.2,3.7,16.0,5.3,5.3,5.3,0.18,4.0,17.6,9.5,4.8,9.5,0.19,4.0,17.6,53.3,6.7,20.0,0.15,2.5,16.5,14.3,21.4,21.4,0.17,3.2,18.8,25.0,12.5,6.2,0.15,2.5,14.1,8.3,33.3,0.0,0.17,2.7,18.8,18.8,12.5,6.2,0.14,2.8,14.1,8.3,0.0,0.0,0.18,2.9,22.9,77.8,3.7,3.7,0.15,2.6,16.1,21.1,26.3,5.3,0.15,3.3,16.9,30.0,20.0,10.0,0.14,3.4,18.6,9.1,18.2,13.6,0.16,2.8,15.3,11.1,27.8,22.2,0.17,2.9,10.2,8.3,8.3,33.3,0.16,2.6,24.4,77.3,13.6,0.0,0.15,3.0,14.4,15.4,30.8,15.4,0.21,3.8,17.8,25.0,37.5,12.5,0.16,2.8,18.9,23.5,23.5,23.5,0.14,2.5,12.2,9.1,63.6,0.0,0.17,4.3,12.2,9.1,18.2,0.0,0.17,4.8,12.2,28.6,28.6,21.4,0.17,2.7,16.5,5.3,21.1,21.1,0.16,3.5,17.4,30.0,35.0,0.0,0.15,3.2,22.6,3.8,11.5,30.8,0.17,3.7,18.3,9.5,14.3,0.0,0.17,3.2,13.0,6.7,13.3,0.0,0.18,4.2
20261005,19,5,1800,4927,A2,大阪,32.0,45.0,6.04,42.0,6.44,46.88,62,42.86,27,30.93,4997,B2,埼玉,33.0,49.0,3.41,16.22,0.0,0.0,14,38.38,64,36.17,4730,B1,静岡,37.0,47.0,5.19,32.94,5.24,33.33,42,32.32,15,30.85,5045,A2,埼玉,26.0,46.0,7.0,50.0,6.05,41.03,21,38.14,38,32.26,5440,B2,兵庫,21.0,48.0,1.51,1.75,1.5,0.0,52,38.3,66,31.58,5391,B2,山口,18.0,52.0,1.7,4.23,1.7,2.41,59,41.24,16,27.27,19.5,57.7,11.5,3.8,0.15,2.6,18.0,20.8,8.3,25.0,0.16,3.4,18.0,8.3,37.5,12.5,0.14,3.0,15.8,4.8,42.9,0.0,0.18,3.3,15.0,5.0,25.0,25.0,0.15,2.4,13.5,5.6,11.1,11.1,0.17,3.7,13.0,28.6,42.9,28.6,0.2,2.9,14.8,12.5,25.0,0.0,0.15,4.4,18.5,0.0,0.0,0.0,0.19,3.7,20.4,18.2,9.1,0.0,0.14,2.5,20.4,18.2,0.0,0.0,0.19,3.1,13.0,0.0,0.0,0.0,0.26,4.6,17.0,43.8,12.5,25.0,0.15,2.4,19.1,5.6,27.8,16.7,0.18,3.5,16.0,13.3,26.7,20.0,0.13,2.1,23.4,13.6,9.1,18.2,0.19,3.5,13.8,7.7,15.4,15.4,0.18,3.4,10.6,10.0,30.0,0.0,0.19,4.5,17.1,45.8,25.0,8.3,0.2,3.6,16.4,17.4,34.8,13.0,0.19,3.9,17.1,12.5,29.2,33.3,0.17,3.5,19.3,3.7,40.7,14.8,0.21,4.0,16.4,8.7,39.1,0.0,0.19,3.5,13.6,5.3,26.3,0.0,0.2,4.4,0.0,0.0,0.0,0.0,0.0,0.0,0.0,0.0,0.0,0.0,0.0,0.0,0.0,0.0,0.0,0.0,0.0,0.0,0.0,0.0,0.0,0.0,0.0,0.0,1.4,0.0,0.0,0.0,0.25,2.0,98.6,4.2,0.0,0.0,0.19,3.7,0.0,0.0,0.0,0.0,0.0,0.0,0.0,0.0,0.0,0.0,0.0,0.0,0.0,0.0,0.0,0.0,0.0,0.0,20.7,8.3,0.0,0.0,0.24,4.3,22.4,0.0,0.0,0.0,0.21,4.4,56.9,0.0,0.0,0.0,0.23,4.3
20261005,19,6,1800,5189,A2,岡山,25.0,46.0,5.24,28.95,5.8,37.14,46,43.27,43,38.78,4014,A2,山口,46.0,47.0,5.48,34.44,5.46,35.92,40,41.05,34,35.0,4791,B1,東京,36.0,48.0,6.15,39.81,5.75,50.0,23,22.47,26,31.25,4045,B1,山口,46.0,48.0,4.78,31.76,5.15,38.78,71,41.49,32,25.81,5322,B1,埼玉,24.0,44.0,3.85,17.71,2.24,4.76,47,34.34,42,34.74,4373,A1,岡山,38.0,46.0,6.01,37.0,5.86,41.38,17,48.45,73,33.33,16.8,54.5,9.1,9.1,0.2,4.3,21.4,17.9,25.0,32.1,0.21,4.5,13.7,27.8,16.7,16.7,0.21,4.2,15.3,5.0,15.0,25.0,0.18,4.5,19.1,8.0,8.0,16.0,0.17,3.9,13.7,16.7,22.2,0.0,0.22,5.2,18.6,68.4,15.8,5.3,0.14,2.7,15.7,12.5,25.0,18.8,0.16,3.3,22.5,8.7,39.1,17.4,0.18,3.4,17.6,11.1,5.6,11.1,0.17,4.1,13.7,7.1,21.4,21.4,0.16,3.5,11.8,8.3,0.0,0.0,0.2,4.4,15.1,35.7,14.3,14.3,0.19,3.5,18.3,17.6,29.4,11.8,0.19,3.6,22.6,19.0,33.3,9.5,0.18,3.1,11.8,27.3,27.3,0.0,0.2,3.3,14.0,15.4,15.4,0.0,0.19,3.9,18.3,23.5,0.0,0.0,0.23,4.9,15.1,23.1,46.2,0.0,0.19,3.8,20.9,11.1,16.7,22.2,0.15,2.9,19.8,5.9,17.6,11.8,0.16,2.5,12.8,18.2,9.1,0.0,0.18,2.8,19.8,17.6,0.0,0.0,0.16,2.8,11.6,10.0,10.0,0.0,0.18,3.0,11.4,12.5,12.5,0.0,0.16,3.9,18.6,7.7,15.4,0.0,0.22,4.3,18.6,7.7,0.0,0.0,0.21,4.3,12.9,0.0,0.0,0.0,0.17,3.4,22.9,6.2,0.0,0.0,0.16,3.7,15.7,9.1,0.0,0.0,0.22,3.6,25.4,61.8,17.6,14.7,0.15,2.3,14.9,15.0,50.0,20.0,0.19,3.3,16.4,9.1,22.7,40.9,0.15,3.2,17.9,8.3,20.8,33.3,0.18,3.8,11.2,20.0,0.0,0.0,0.21,4.4,14.2,15.8,42.1,0.0,0.2,4.3
20261005,19,7,1800,5146,A2,山口,23.0,50.0,5.15,31.87,5.26,29.25,65,31.25,23,45.05,5342,B2,山口,24.0,47.0,2.86,11.59,2.03,5.19,39,41.58,19,33.0,5195,A2,長崎,25.0,48.0,5.52,37.5,4.36,14.29,54,26.04,12,21.88,5250,B1,長崎,24.0,46.0,5.03,25.56,2.56,12.0,44,30.19,63,32.99,4536,A2,岡山,36.0,47.0,6.07,42.99,5.72,37.93,16,32.26,51,42.86,5360,B1,埼玉,20.0,46.0,3.17,15.25,2.29,14.29,72,27.84,68,42.55,14.9,61.5,0.0,0.0,0.17,2.9,18.4,18.8,18.8,25.0,0.13,2.9,19.5,35.3,23.5,17.6,0.16,3.1,19.5,17.6,11.8,41.2,0.18,3.2,17.2,33.3,0.0,0.0,0.18,3.2,10.3,0.0,0.0,0.0,0.17,4.4,0.0,0.0,0.0,0.0,0.0,0.0,0.0,0.0,0.0,0.0,0.0,0.0,0.0,0.0,0.0,0.0,0.0,0.0,31.4,3.7,0.0,0.0,0.17,3.7,24.4,14.3,0.0,0.0,0.16,2.7,44.2,0.0,0.0,0.0,0.17,3.6,16.1,64.3,14.3,7.1,0.17,3.4,19.5,11.8,29.4,41.2,0.14,2.6,16.1,7.1,14.3,21.4,0.16,3.2,18.4,18.8,12.5,25.0,0.14,3.4,13.8,8.3,16.7,8.3,0.16,3.7,16.1,14.3,14.3,0.0,0.13,2.8,11.6,40.0,10.0,20.0,0.13,2.0,22.1,5.3,26.3,15.8,0.2,4.0,17.4,6.7,26.7,0.0,0.19,4.3,17.4,6.7,6.7,0.0,0.18,4.5,16.3,14.3,7.1,0.0,0.17,3.9,15.1,0.0,0.0,0.0,0.23,4.8,20.9,59.3,14.8,14.8,0.16,2.4,17.8,26.1,26.1,13.0,0.13,2.4,14.0,11.1,44.4,11.1,0.14,2.2,14.7,15.8,15.8,42.1,0.15,2.6,19.4,8.0,8.0,44.0,0.18,4.0,13.2,5.9,17.6,0.0,0.17,4.3,7.8,42.9,14.3,0.0,0.1,2.1,14.4,15.4,0.0,0.0,0.2,3.2,17.8,25.0,31.2,0.0,0.2,3.1,16.7,6.7,13.3,0.0,0.17,3.1,14.4,7.7,0.0,0.0,0.19,3.8,28.9,7.7,0.0,0.0,0.15,3.2
20261005,19,8,1800,5317,B1,岡山,25.0,44.0,4.65,21.21,3.96,13.33,24,36.73,29,24.0,3845,A2,兵庫,50.0,44.0,5.91,47.06,7.27,54.55,28,31.52,49,39.39,4804,A1,三重,32.0,49.0,6.23,42.24,6.88,58.82,49,36.73,72,25.51,4400,B1,福井,38.0,52.0,4.11,13.75,2.78,11.11,45,26.0,65,41.41,4853,B1,岡山,31.0,45.0,4.38,18.27,5.09,26.09,36,29.67,58,43.43,5416,B1,三重,20.0,44.0,3.32,14.49,3.56,11.11,30,41.24,44,28.57,12.2,28.6,28.6,21.4,0.17,2.7,16.5,5.3,21.1,21.1,0.16,3.5,17.4,30.0,35.0,0.0,0.15,3.2,22.6,3.8,11.5,30.8,0.17,3.7,18.3,9.5,14.3,0.0,0.17,3.2,13.0,6.7,13.3,0.0,0.18,4.2,16.2,30.8,15.4,23.1,0.2,4.2,18.8,26.7,20.0,13.3,0.19,4.3,20.0,31.2,12.5,25.0,0.2,4.2,21.2,11.8,35.3,0.0,0.21,4.4,17.5,21.4,14.3,0.0,0.22,4.4,6.2,60.0,0.0,0.0,0.23,5.0,21.9,75.0,7.1,7.1,0.19,3.6,18.0,21.7,26.1,17.4,0.23,3.7,13.3,29.4,35.3,17.6,0.17,3.6,16.4,23.8,19.0,23.8,0.17,3.4,16.4,23.8,14.3,19.0,0.17,3.4,14.1,5.6,5.6,0.0,0.23,5.3,16.5,21.4,35.7,7.1,0.19,3.4,11.8,30.0,0.0,0.0,0.2,3.3,21.2,22.2,16.7,0.0,0.17,3.7,17.6,26.7,0.0,0.0,0.16,3.0,15.3,15.4,0.0,0.0,0.19,3.9,17.6,20.0,0.0,0.0,0.19,4.7,13.3,30.0,10.0,20.0,0.13,3.2,16.0,8.3,25.0,0.0,0.21,3.8,20.0,20.0,26.7,13.3,0.2,4.4,13.3,10.0,20.0,0.0,0.23,4.3,18.7,7.1,14.3,0.0,0.26,5.5,18.7,0.0,0.0,0.0,0.25,4.8,0.0,0.0,0.0,0.0,0.0,0.0,0.0,0.0,0.0,0.0,0.0,0.0,0.0,0.0,0.0,0.0,0.0,0.0,14.5,9.1,9.1,18.2,0.13,2.7,26.3,5.0,0.0,0.0,0.17,2.9,59.2,11.1,2.2,0.0,0.14,2.7
20261005,19,9,1800,5165,B1,岡山,26.0,47.0,5.01,28.4,3.13,0.0,69,42.11,45,42.42,4556,A1,福岡,37.0,47.0,6.55,50.54,6.27,43.24,12,51.52,41,44.44,4387,A1,香川,41.0,46.0,6.9,51.72,6.33,45.45,55,33.68,14,31.63,4893,B1,東京,36.0,47.0,5.34,35.0,0.0,0.0,57,41.05,70,32.32,5287,B1,埼玉,27.0,47.0,3.65,11.11,3.22,11.11,73,25.0,22,31.18,4947,B1,福岡,34.0,48.0,5.02,26.79,4.51,16.28,64,20.43,20,21.88,15.1,37.5,18.8,0.0,0.15,2.5,17.0,16.7,11.1,11.1,0.16,2.9,17.0,5.6,16.7,16.7,0.18,2.7,14.2,6.7,6.7,33.3,0.16,3.9,20.8,4.5,13.6,9.1,0.17,3.3,16.0,5.9,11.8,0.0,0.17,3.5,24.4,77.3,13.6,0.0,0.15,3.0,14.4,15.4,30.8,15.4,0.21,3.8,17.8,25.0,37.5,12.5,0.16,2.8,18.9,23.5,23.5,23.5,0.14,2.5,12.2,9.1,63.6,0.0,0.17,4.3,12.2,9.1,18.2,0.0,0.17,4.8,20.8,61.5,11.5,11.5,0.17,3.4,12.8,25.0,12.5,25.0,0.14,2.7,18.4,34.8,34.8,8.7,0.14,2.6,16.8,19.0,19.0,28.6,0.16,2.8,17.6,9.1,13.6,9.1,0.16,2.9,13.6,5.9,29.4,0.0,0.16,3.8,17.6,53.3,6.7,20.0,0.15,2.5,16.5,14.3,21.4,21.4,0.17,3.2,18.8,25.0,12.5,6.2,0.15,2.5,14.1,8.3,33.3,0.0,0.17,2.7,18.8,18.8,12.5,6.2,0.14,2.8,14.1,8.3,0.0,0.0,0.18,2.9,12.1,9.1,27.3,9.1,0.19,3.6,16.5,20.0,6.7,0.0,0.12,2.0,16.5,6.7,20.0,0.0,0.15,2.5,20.9,10.5,10.5,5.3,0.18,3.5,18.7,5.9,17.6,0.0,0.14,2.6,15.4,7.1,0.0,0.0,0.17,3.4,13.0,46.7,6.7,13.3,0.2,3.3,19.1,9.1,27.3,18.2,0.19,4.5,19.1,22.7,9.1,0.0,0.15,2.5,17.4,5.0,25.0,0.0,0.17,3.5,15.7,16.7,22.2,0.0,0.18,3.3,15.7,16.7,0.0,0.0,0.17,3.7
20261005,19,10,1800,4373,A1,岡山,38.0,46.0,6.01,37.0,5.86,41.38,17,48.45,73,33.33,4938,A1,佐賀,29.0,47.0,6.33,40.65,5.41,29.73,51,28.13,17,35.11,5189,A2,岡山,25.0,46.0,5.24,28.95,5.8,37.14,46,43.27,43,38.78,3334,A2,広島,58.0,45.0,5.45,34.26,6.65,58.7,70,28.13,62,26.53,4927,A2,大阪,32.0,45.0,6.04,42.0,6.44,46.88,62,42.86,27,30.93,5265,B1,香川,26.0,46.0,3.88,18.28,2.82,0.0,60,22.58,48,24.0,25.4,61.8,17.6,14.7,0.15,2.3,14.9,15.0,50.0,20.0,0.19,3.3,16.4,9.1,22.7,40.9,0.15,3.2,17.9,8.3,20.8,33.3,0.18,3.8,11.2,20.0,0.0,0.0,0.21,4.4,14.2,15.8,42.1,0.0,0.2,4.3,22.0,75.9,13.8,6.9,0.15,2.6,18.2,29.2,37.5,8.3,0.13,2.4,17.4,47.8,17.4,8.7,0.11,3.0,14.4,21.1,21.1,10.5,0.18,3.3,16.7,9.1,9.1,27.3,0.13,3.2,11.4,6.7,33.3,0.0,0.19,3.9,16.8,54.5,9.1,9.1,0.2,4.3,21.4,17.9,25.0,32.1,0.21,4.5,13.7,27.8,16.7,16.7,0.21,4.2,15.3,5.0,15.0,25.0,0.18,4.5,19.1,8.0,8.0,16.0,0.17,3.9,13.7,16.7,22.2,0.0,0.22,5.2,23.0,51.6,16.1,6.5,0.2,4.2,17.0,4.3,39.1,21.7,0.22,4.1,16.3,9.1,45.5,18.2,0.19,4.1,16.3,27.3,31.8,0.0,0.21,4.5,16.3,18.2,18.2,0.0,0.19,4.5,11.1,6.7,20.0,0.0,0.21,4.5,19.5,57.7,11.5,3.8,0.15,2.6,18.0,20.8,8.3,25.0,0.16,3.4,18.0,8.3,37.5,12.5,0.14,3.0,15.8,4.8,42.9,0.0,0.18,3.3,15.0,5.0,25.0,25.0,0.15,2.4,13.5,5.6,11.1,11.1,0.17,3.7,10.4,36.4,18.2,0.0,0.15,2.8,20.8,4.5,27.3,0.0,0.15,3.4,17.0,5.6,5.6,16.7,0.14,3.2,18.9,15.0,10.0,15.0,0.13,3.0,17.0,5.6,11.1,0.0,0.18,3.8,16.0,0.0,0.0,0.0,0.17,3.4
20261005,19,11,1800,5045,A2,埼玉,26.0,46.0,7.0,50.0,6.05,41.03,21,38.14,38,32.26,4536,A2,岡山,36.0,47.0,6.07,42.99,5.72,37.93,16,32.26,51,42.86,4642,A2,香川,34.0,48.0,6.97,51.82,7.08,52.0,31,38.68,46,25.53,4372,A2,大阪,39.0,47.0,6.28,46.39,5.95,40.91,27,38.0,55,37.89,4791,B1,東京,36.0,48.0,6.15,39.81,5.75,50.0,23,22.47,26,31.25,4014,A2,山口,46.0,47.0,5.48,34.44,5.46,35.92,40,41.05,34,35.0,17.1,45.8,25.0,8.3,0.2,3.6,16.4,17.4,34.8,13.0,0.19,3.9,17.1,12.5,29.2,33.3,0.17,3.5,19.3,3.7,40.7,14.8,0.21,4.0,16.4,8.7,39.1,0.0,0.19,3.5,13.6,5.3,26.3,0.0,0.2,4.4,20.9,59.3,14.8,14.8,0.16,2.4,17.8,26.1,26.1,13.0,0.13,2.4,14.0,11.1,44.4,11.1,0.14,2.2,14.7,15.8,15.8,42.1,0.15,2.6,19.4,8.0,8.0,44.0,0.18,4.0,13.2,5.9,17.6,0.0,0.17,4.3,22.9,77.8,3.7,3.7,0.15,2.6,16.1,21.1,26.3,5.3,0.15,3.3,16.9,30.0,20.0,10.0,0.14,3.4,18.6,9.1,18.2,13.6,0.16,2.8,15.3,11.1,27.8,22.2,0.17,2.9,10.2,8.3,8.3,33.3,0.16,2.6,21.4,72.2,11.1,11.1,0.16,2.8,15.5,23.1,15.4,23.1,0.2,3.0,16.7,7.1,21.4,28.6,0.21,3.4,14.3,16.7,58.3,0.0,0.17,3.0,14.3,25.0,0.0,0.0,0.12,2.2,17.9,13.3,20.0,0.0,0.17,2.8,15.1,35.7,14.3,14.3,0.19,3.5,18.3,17.6,29.4,11.8,0.19,3.6,22.6,19.0,33.3,9.5,0.18,3.1,11.8,27.3,27.3,0.0,0.2,3.3,14.0,15.4,15.4,0.0,0.19,3.9,18.3,23.5,0.0,0.0,0.23,4.9,18.6,68.4,15.8,5.3,0.14,2.7,15.7,12.5,25.0,18.8,0.16,3.3,22.5,8.7,39.1,17.4,0.18,3.4,17.6,11.1,5.6,11.1,0.17,4.1,13.7,7.1,21.4,21.4,0.16,3.5,11.8,8.3,0.0,0.0,0.2,4.4
20261005,19,12,1800,5195,A2,長崎,25.0,48.0,5.52,37.5,4.36,14.29,54,26.04,12,21.88,4853,B1,岡山,31.0,45.0,4.38,18.27,5.09,26.09,36,29.67,58,43.43,4784,B1,広島,38.0,51.0,3.96,16.33,4.7,24.24,19,27.52,56,44.0,4997,B2,埼玉,33.0,49.0,3.41,16.22,0.0,0.0,14,38.38,64,36.17,5326,B1,香川,22.0,47.0,5.0,30.43,1.5,0.0,13,32.14,36,33.33,5440,B2,兵庫,21.0,48.0,1.51,1.75,1.5,0.0,52,38.3,66,31.58,16.1,64.3,14.3,7.1,0.17,3.4,19.5,11.8,29.4,41.2,0.14,2.6,16.1,7.1,14.3,21.4,0.16,3.2,18.4,18.8,12.5,25.0,0.14,3.4,13.8,8.3,16.7,8.3,0.16,3.7,16.1,14.3,14.3,0.0,0.13,2.8,13.3,30.0,10.0,20.0,0.13,3.2,16.0,8.3,25.0,0.0,0.21,3.8,20.0,20.0,26.7,13.3,0.2,4.4,13.3,10.0,20.0,0.0,0.23,4.3,18.7,7.1,14.3,0.0,0.26,5.5,18.7,0.0,0.0,0.0,0.25,4.8,14.9,40.0,30.0,10.0,0.15,2.4,16.4,9.1,18.2,0.0,0.21,4.2,14.9,10.0,10.0,20.0,0.23,3.9,17.9,16.7,8.3,0.0,0.22,4.2,14.9,10.0,10.0,0.0,0.19,3.7,20.9,14.3,7.1,0.0,0.23,4.3,13.0,28.6,42.9,28.6,0.2,2.9,14.8,12.5,25.0,0.0,0.15,4.4,18.5,0.0,0.0,0.0,0.19,3.7,20.4,18.2,9.1,0.0,0.14,2.5,20.4,18.2,0.0,0.0,0.19,3.1,13.0,0.0,0.0,0.0,0.26,4.6,12.6,40.0,6.7,0.0,0.22,4.1,18.5,9.1,31.8,4.5,0.17,3.4,17.6,4.8,28.6,4.8,0.18,2.8,17.6,9.5,4.8,23.8,0.2,3.7,16.0,5.3,5.3,5.3,0.18,4.0,17.6,9.5,4.8,9.5,0.19,4.0,0.0,0.0,0.0,0.0,0.0,0.0,0.0,0.0,0.0,0.0,0.0,0.0,0.0,0.0,0.0,0.0,0.0,0.0,0.0,0.0,0.0,0.0,0.0,0.0,1.4,0.0,0.0,0.0,0.25,2.0,98.6,4.2,0.0,0.0,0.19,3.7
20261005,18,1,1800,5136,A1,香川,26.0,55.0,6.16,47.9,5.93,41.38,60,32.71,11,28.77,5336,B1,山口,20.0,55.0,3.41,15.94,1.88,6.98,67,29.91,59,40.0,5178,B1,愛知,30.0,54.0,4.39,21.05,2.38,0.0,31,30.77,61,26.44,5183,B1,三重,27.0,55.0,5.11,29.89,5.83,38.89,65,26.04,46,29.41,5288,B1,埼玉,26.0,52.0,3.96,15.19,3.82,5.88,42,38.6,72,34.1,5417,B1,佐賀,20.0,52.0,4.44,20.0,2.44,0.0,32,23.58,55,34.84,19.8,76.9,15.4,0.0,0.12,1.9,19.8,26.9,15.4,11.5,0.14,2.9,16.0,14.3,19.0,33.3,0.14,2.2,13.0,17.6,29.4,23.5,0.13,2.3,14.5,10.5,26.3,21.1,0.14,2.6,16.8,13.6,36.4,0.0,0.17,4.6,6.4,16.7,33.3,16.7,0.16,2.8,20.2,5.3,15.8,0.0,0.17,3.6,23.4,4.5,4.5,13.6,0.1,3.0,13.8,7.7,0.0,0.0,0.18,3.4,18.1,11.8,5.9,0.0,0.14,3.6,18.1,5.9,0.0,0.0,0.19,3.5,14.5,31.2,12.5,18.8,0.16,3.1,20.0,4.5,13.6,31.8,0.17,3.4,17.3,5.3,31.6,21.1,0.21,4.3,14.5,6.2,18.8,12.5,0.18,3.9,18.2,5.0,5.0,15.0,0.19,4.4,15.5,5.9,0.0,0.0,0.24,5.2,16.5,42.9,28.6,0.0,0.13,2.3,16.5,7.1,28.6,14.3,0.14,3.1,18.8,12.5,12.5,0.0,0.16,2.9,15.3,15.4,15.4,23.1,0.2,3.2,15.3,7.7,15.4,23.1,0.17,3.2,17.6,6.7,0.0,0.0,0.2,4.6,12.5,40.0,0.0,0.0,0.18,3.1,12.5,10.0,20.0,0.0,0.16,3.3,22.5,5.6,11.1,5.6,0.16,2.7,16.2,23.1,23.1,0.0,0.17,2.6,20.0,12.5,18.8,0.0,0.15,2.8,16.2,0.0,0.0,0.0,0.21,4.0,0.0,0.0,0.0,0.0,0.0,0.0,0.0,0.0,0.0,0.0,0.0,0.0,1.3,0.0,0.0,0.0,0.11,3.0,16.7,15.4,30.8,0.0,0.19,3.8,24.4,5.3,0.0,0.0,0.18,3.4,57.7,4.4,11.1,0.0,0.21,4.0
20261005,18,2,1800,5224,A1,香川,25.0,52.0,7.29,48.98,7.57,56.67,57,25.84,75,27.4,5243,B1,広島,26.0,54.0,6.03,46.43,2.28,5.56,37,19.19,22,38.31,5330,A2,福岡,22.0,51.0,6.73,50.83,4.23,25.81,58,30.48,25,28.9,5375,B1,山口,22.0,54.0,2.85,2.27,1.97,0.0,54,36.36,19,37.17,5042,A1,埼玉,27.0,53.0,6.5,49.04,0.0,0.0,46,33.61,45,33.02,5197,B2,愛知,24.0,54.0,5.85,38.46,5.55,27.27,62,27.96,54,38.79,21.9,86.7,10.0,0.0,0.15,2.7,16.1,22.7,36.4,4.5,0.13,2.7,16.1,13.6,27.3,45.5,0.14,3.2,13.9,10.5,31.6,26.3,0.14,3.1,15.3,4.8,19.0,28.6,0.15,3.7,16.8,13.0,39.1,0.0,0.17,4.2,18.9,38.9,16.7,0.0,0.14,2.6,14.7,14.3,7.1,28.6,0.17,3.5,14.7,14.3,28.6,28.6,0.16,2.9,15.8,20.0,6.7,20.0,0.18,3.0,21.1,10.0,20.0,0.0,0.16,3.5,14.7,7.1,7.1,0.0,0.2,4.6,16.7,80.0,0.0,0.0,0.14,2.8,20.0,20.8,20.8,25.0,0.15,3.0,15.0,27.8,16.7,5.6,0.12,2.1,18.3,4.5,31.8,18.2,0.14,2.8,14.2,17.6,23.5,11.8,0.15,3.2,15.8,5.3,5.3,15.8,0.17,3.6,0.0,0.0,0.0,0.0,0.0,0.0,0.0,0.0,0.0,0.0,0.0,0.0,0.0,0.0,0.0,0.0,0.0,0.0,17.9,20.0,0.0,0.0,0.17,3.3,35.7,3.3,10.0,0.0,0.19,3.6,46.4,7.7,5.1,0.0,0.19,4.2,20.6,76.2,19.0,0.0,0.12,2.6,17.6,5.6,38.9,16.7,0.1,2.5,13.7,28.6,28.6,0.0,0.11,2.1,18.6,15.8,5.3,47.4,0.11,2.7,16.7,17.6,11.8,11.8,0.09,2.9,12.7,15.4,0.0,0.0,0.2,4.6,16.7,66.7,33.3,0.0,0.13,1.7,11.1,50.0,0.0,0.0,0.13,3.5,22.2,50.0,25.0,0.0,0.15,2.8,11.1,50.0,0.0,0.0,0.1,2.0,22.2,25.0,25.0,0.0,0.19,3.0,16.7,33.3,0.0,0.0,0.11,3.3
20261005,18,3,1800,5280,A1,滋賀,23.0,51.0,6.81,50.0,5.29,23.53,44,35.71,47,33.02,5282,B1,福井,23.0,54.0,5.14,38.74,3.83,16.67,50,36.28,71,26.64,5298,A1,香川,24.0,52.0,7.12,58.72,2.0,0.0,40,26.8,31,33.33,5214,B1,佐賀,27.0,54.0,4.46,26.44,6.11,44.44,38,30.33,48,33.18,5299,A2,香川,24.0,53.0,6.05,43.14,4.17,16.67,55,37.61,37,33.95,5154,B1,広島,30.0,54.0,4.77,30.21,5.18,32.14,51,22.52,68,40.64,19.8,83.3,12.5,4.2,0.14,2.8,20.7,24.0,32.0,24.0,0.15,2.6,12.4,26.7,20.0,20.0,0.15,2.1,14.0,5.9,35.3,29.4,0.17,3.2,19.8,20.8,29.2,33.3,0.17,3.3,13.2,6.2,37.5,0.0,0.22,4.7,14.0,50.0,6.2,6.2,0.17,3.3,16.7,15.8,10.5,21.1,0.17,4.2,18.4,4.8,33.3,9.5,0.15,3.2,20.2,4.3,4.3,34.8,0.17,3.8,17.5,10.0,45.0,0.0,0.17,2.9,13.2,13.3,20.0,0.0,0.18,3.2,18.6,79.2,8.3,0.0,0.18,4.0,14.0,16.7,38.9,11.1,0.15,2.9,17.1,13.6,22.7,36.4,0.13,2.7,19.4,24.0,32.0,28.0,0.15,3.0,14.0,16.7,16.7,44.4,0.2,3.6,17.1,4.5,18.2,31.8,0.14,3.8,14.4,53.3,13.3,6.7,0.19,4.2,21.2,4.5,50.0,4.5,0.19,4.4,18.3,10.5,36.8,0.0,0.17,3.3,17.3,16.7,16.7,16.7,0.14,2.9,13.5,14.3,28.6,0.0,0.16,4.1,15.4,6.2,0.0,0.0,0.22,4.4,13.7,62.5,31.2,6.2,0.17,3.2,17.1,25.0,20.0,10.0,0.16,3.6,16.2,10.5,26.3,5.3,0.15,2.6,22.2,23.1,15.4,15.4,0.17,2.9,17.9,19.0,19.0,0.0,0.13,3.0,12.8,13.3,13.3,0.0,0.11,2.8,12.6,50.0,7.1,28.6,0.17,2.6,16.2,11.1,16.7,33.3,0.16,3.4,22.5,20.0,8.0,24.0,0.16,3.1,11.7,7.7,15.4,0.0,0.2,3.6,21.6,8.3,12.5,0.0,0.21,4.1,15.3,5.9,17.6,0.0,0.18,4.2
20261005,18,4,1800,5066,A1,埼玉,28.0,54.0,6.52,49.57,6.59,44.83,28,23.89,58,33.78,5137,A2,愛知,26.0,54.0,5.23,37.74,7.93,66.67,69,44.66,36,35.91,5293,B1,静岡,24.0,52.0,4.39,20.9,2.89,0.0,49,24.55,40,36.04,5432,B1,静岡,21.0,52.0,2.85,5.13,0.0,0.0,27,39.8,16,40.0,5318,B1,愛知,25.0,55.0,3.97,22.22,0.0,0.0,45,22.83,26,30.73,5368,B1,埼玉,24.0,54.0,6.32,46.59,0.0,0.0,71,29.91,32,28.7,17.5,54.5,18.2,13.6,0.19,3.8,14.3,38.9,22.2,11.1,0.17,3.3,19.0,16.7,25.0,25.0,0.16,3.3,19.8,24.0,24.0,28.0,0.17,3.1,17.5,18.2,18.2,18.2,0.16,3.2,11.9,13.3,26.7,0.0,0.16,2.6,13.8,61.5,23.1,0.0,0.18,2.6,14.9,7.1,28.6,0.0,0.19,3.9,20.2,15.8,42.1,15.8,0.16,3.2,17.0,18.8,18.8,31.2,0.17,2.9,19.1,11.1,16.7,33.3,0.16,2.5,14.9,14.3,14.3,0.0,0.14,3.9,7.4,40.0,0.0,0.0,0.22,4.6,19.1,7.7,7.7,0.0,0.26,4.8,17.6,16.7,16.7,0.0,0.18,4.0,8.8,16.7,0.0,0.0,0.15,3.8,22.1,6.7,6.7,0.0,0.18,3.8,25.0,5.9,0.0,0.0,0.22,5.2,0.0,0.0,0.0,0.0,0.0,0.0,0.0,0.0,0.0,0.0,0.0,0.0,0.0,0.0,0.0,0.0,0.0,0.0,0.0,0.0,0.0,0.0,0.0,0.0,2.7,0.0,0.0,0.0,0.19,3.5,97.3,2.8,2.8,5.6,0.17,3.7,11.3,25.0,25.0,0.0,0.15,3.1,18.9,5.0,15.0,0.0,0.19,3.8,21.7,4.3,13.0,17.4,0.18,3.3,17.9,5.3,21.1,0.0,0.16,2.8,17.0,5.6,11.1,11.1,0.18,3.7,13.2,7.1,0.0,0.0,0.17,3.5,8.8,57.1,14.3,0.0,0.15,2.9,8.8,14.3,28.6,28.6,0.17,4.3,6.2,40.0,0.0,0.0,0.15,3.8,25.0,25.0,20.0,25.0,0.15,2.8,25.0,5.0,15.0,15.0,0.17,3.3,26.2,4.8,9.5,14.3,0.19,3.9
20261005,18,5,1800,5160,A2,福岡,27.0,53.0,5.72,39.83,5.32,34.21,56,39.05,51,34.72,5332,B1,静岡,22.0,53.0,3.58,14.08,1.71,0.0,43,22.61,74,35.41,5157,B1,滋賀,28.0,54.0,4.8,31.25,0.0,0.0,59,39.78,67,41.47,5394,B1,埼玉,25.0,51.0,3.32,10.68,0.0,0.0,68,49.48,60,25.12,4985,A1,山口,29.0,52.0,6.64,51.75,6.55,50.47,34,39.1,21,25.35,5448,B2,山口,24.0,50.0,1.14,0.0,0.0,0.0,66,31.91,43,29.95,15.7,59.1,22.7,4.5,0.16,2.2,20.0,14.3,17.9,14.3,0.15,3.4,17.1,20.8,20.8,33.3,0.15,3.5,15.0,14.3,28.6,19.0,0.12,2.8,15.7,4.5,22.7,31.8,0.14,3.2,16.4,4.3,4.3,0.0,0.17,4.0,16.1,42.1,21.1,10.5,0.17,2.9,14.4,29.4,23.5,0.0,0.18,3.8,18.6,4.5,9.1,31.8,0.16,3.1,19.5,8.7,17.4,0.0,0.16,2.9,16.1,5.3,5.3,10.5,0.14,2.6,15.3,11.1,0.0,0.0,0.15,2.8,14.9,50.0,21.4,7.1,0.18,2.9,17.0,6.2,18.8,12.5,0.17,3.8,17.0,6.2,18.8,25.0,0.17,2.6,17.0,6.2,25.0,0.0,0.14,2.8,18.1,5.9,11.8,5.9,0.18,2.9,16.0,0.0,0.0,0.0,0.21,4.3,0.0,0.0,0.0,0.0,0.0,0.0,0.0,0.0,0.0,0.0,0.0,0.0,0.0,0.0,0.0,0.0,0.0,0.0,14.1,0.0,0.0,0.0,0.19,3.8,26.9,4.8,19.0,19.0,0.17,3.2,59.0,2.2,15.2,0.0,0.19,4.0,24.3,69.7,12.1,12.1,0.13,3.0,14.0,26.3,26.3,21.1,0.16,2.8,18.4,20.0,32.0,20.0,0.13,2.6,17.6,8.3,20.8,16.7,0.15,3.0,13.2,5.6,16.7,27.8,0.15,3.3,12.5,5.9,0.0,0.0,0.16,4.1,0.0,0.0,0.0,0.0,0.0,0.0,0.0,0.0,0.0,0.0,0.0,0.0,0.0,0.0,0.0,0.0,0.0,0.0,0.0,0.0,0.0,0.0,0.0,0.0,0.0,0.0,0.0,0.0,0.0,0.0,0.0,0.0,0.0,0.0,0.0,0.0
20261005,18,6,1800,5375,B1,山口,22.0,54.0,2.85,2.27,1.97,0.0,54,36.36,19,37.17,5255,A1,滋賀,22.0,54.0,6.3,42.34,6.18,54.55,29,33.07,66,32.43,5166,A2,愛知,26.0,52.0,5.99,40.57,6.93,50.0,64,38.0,38,41.28,5374,B1,岡山,23.0,50.0,3.64,12.16,1.7,0.0,47,40.17,29,31.53,5336,B1,山口,20.0,55.0,3.41,15.94,1.88,6.98,67,29.91,59,40.0,5245,B1,愛知,25.0,52.0,5.33,37.23,0.0,0.0,41,30.4,20,33.49,0.0,0.0,0.0,0.0,0.0,0.0,0.0,0.0,0.0,0.0,0.0,0.0,0.0,0.0,0.0,0.0,0.0,0.0,17.9,20.0,0.0,0.0,0.17,3.3,35.7,3.3,10.0,0.0,0.19,3.6,46.4,7.7,5.1,0.0,0.19,4.2,18.3,71.4,9.5,9.5,0.17,3.2,14.8,41.2,29.4,5.9,0.22,3.5,14.8,29.4,23.5,17.6,0.17,3.3,18.3,14.3,19.0,28.6,0.18,3.3,20.0,8.7,34.8,30.4,0.17,3.7,13.9,18.8,12.5,0.0,0.19,4.0,19.6,57.9,21.1,10.5,0.16,3.4,13.4,7.7,23.1,30.8,0.2,4.0,20.6,30.0,15.0,35.0,0.13,2.4,15.5,6.7,20.0,20.0,0.18,3.3,14.4,14.3,7.1,64.3,0.15,2.7,16.5,6.2,18.8,0.0,0.17,3.6,0.0,0.0,0.0,0.0,0.0,0.0,0.0,0.0,0.0,0.0,0.0,0.0,0.0,0.0,0.0,0.0,0.0,0.0,28.9,4.2,12.5,0.0,0.17,3.3,27.7,8.7,8.7,0.0,0.1,2.4,43.4,2.8,5.6,0.0,0.18,3.4,6.4,16.7,33.3,16.7,0.16,2.8,20.2,5.3,15.8,0.0,0.17,3.6,23.4,4.5,4.5,13.6,0.1,3.0,13.8,7.7,0.0,0.0,0.18,3.4,18.1,11.8,5.9,0.0,0.14,3.6,18.1,5.9,0.0,0.0,0.19,3.5,12.0,30.0,20.0,20.0,0.23,5.1,16.9,28.6,14.3,14.3,0.21,4.7,18.1,6.7,13.3,20.0,0.14,3.0,19.3,18.8,6.2,6.2,0.15,3.2,14.5,25.0,0.0,0.0,0.16,2.9,19.3,25.0,0.0,0.0,0.2,4.4
20261005,18,7,1800,5185,B1,福井,26.0,53.0,5.26,32.86,5.33,33.33,33,52.54,28,28.29,5288,B1,埼玉,26.0,52.0,3.96,15.19,3.82,5.88,42,38.6,72,34.1,5042,A1,埼玉,27.0,53.0,6.5,49.04,0.0,0.0,46,33.61,45,33.02,5299,A2,香川,24.0,53.0,6.05,43.14,4.17,16.67,55,37.61,37,33.95,5130,B1,三重,28.0,54.0,4.71,22.45,3.69,18.75,48,35.66,12,38.81,5396,B2,兵庫,24.0,49.0,2.4,2.5,1.52,0.0,35,37.7,53,33.94,15.5,41.2,11.8,17.6,0.09,1.6,18.2,20.0,20.0,10.0,0.12,2.5,17.3,31.6,10.5,10.5,0.12,2.4,15.5,5.9,17.6,17.6,0.12,2.6,15.5,17.6,11.8,17.6,0.16,2.8,18.2,5.0,25.0,0.0,0.14,2.9,12.5,40.0,0.0,0.0,0.18,3.1,12.5,10.0,20.0,0.0,0.16,3.3,22.5,5.6,11.1,5.6,0.16,2.7,16.2,23.1,23.1,0.0,0.17,2.6,20.0,12.5,18.8,0.0,0.15,2.8,16.2,0.0,0.0,0.0,0.21,4.0,20.6,76.2,19.0,0.0,0.12,2.6,17.6,5.6,38.9,16.7,0.1,2.5,13.7,28.6,28.6,0.0,0.11,2.1,18.6,15.8,5.3,47.4,0.11,2.7,16.7,17.6,11.8,11.8,0.09,2.9,12.7,15.4,0.0,0.0,0.2,4.6,13.7,62.5,31.2,6.2,0.17,3.2,17.1,25.0,20.0,10.0,0.16,3.6,16.2,10.5,26.3,5.3,0.15,2.6,22.2,23.1,15.4,15.4,0.17,2.9,17.9,19.0,19.0,0.0,0.13,3.0,12.8,13.3,13.3,0.0,0.11,2.8,13.6,28.6,7.1,21.4,0.17,2.9,17.5,33.3,22.2,0.0,0.18,3.7,21.4,18.2,13.6,0.0,0.17,3.4,15.5,6.2,31.2,0.0,0.2,3.9,15.5,6.2,37.5,0.0,0.19,4.1,16.5,17.6,0.0,0.0,0.17,3.7,0.0,0.0,0.0,0.0,0.0,0.0,0.0,0.0,0.0,0.0,0.0,0.0,0.0,0.0,0.0,0.0,0.0,0.0,22.0,7.7,7.7,0.0,0.19,4.2,22.0,7.7,7.7,0.0,0.17,3.4,55.9,0.0,0.0,0.0,0.22,4.5
20261005,18,8,1800,5178,B1,愛知,30.0,54.0,4.39,21.05,2.38,0.0,31,30.77,61,26.44,5085,A2,福井,27.0,53.0,5.01,30.17,4.41,21.95,30,38.52,63,29.72,5197,B2,愛知,24.0,54.0,5.85,38.46,5.55,27.27,62,27.96,54,38.79,5372,B2,広島,24.0,52.0,2.07,3.64,1.0,0.0,53,40.0,30,36.41,5066,A1,埼玉,28.0,54.0,6.52,49.57,6.59,44.83,28,23.89,58,33.78,5282,B1,福井,23.0,54.0,5.14,38.74,3.83,16.67,50,36.28,71,26.64,14.5,31.2,12.5,18.8,0.16,3.1,20.0,4.5,13.6,31.8,0.17,3.4,17.3,5.3,31.6,21.1,0.21,4.3,14.5,6.2,18.8,12.5,0.18,3.9,18.2,5.0,5.0,15.0,0.19,4.4,15.5,5.9,0.0,0.0,0.24,5.2,14.3,41.7,33.3,0.0,0.17,3.4,15.5,7.7,23.1,38.5,0.24,4.6,22.6,21.1,31.6,31.6,0.21,3.3,15.5,7.7,38.5,0.0,0.22,4.4,19.0,31.2,12.5,0.0,0.2,4.6,13.1,36.4,0.0,0.0,0.28,5.3,16.7,66.7,33.3,0.0,0.13,1.7,11.1,50.0,0.0,0.0,0.13,3.5,22.2,50.0,25.0,0.0,0.15,2.8,11.1,50.0,0.0,0.0,0.1,2.0,22.2,25.0,25.0,0.0,0.19,3.0,16.7,33.3,0.0,0.0,0.11,3.3,0.0,0.0,0.0,0.0,0.0,0.0,0.0,0.0,0.0,0.0,0.0,0.0,0.0,0.0,0.0,0.0,0.0,0.0,1.5,0.0,0.0,0.0,0.22,5.0,9.1,16.7,0.0,0.0,0.14,3.0,89.4,1.7,0.0,0.0,0.15,3.4,17.5,54.5,18.2,13.6,0.19,3.8,14.3,38.9,22.2,11.1,0.17,3.3,19.0,16.7,25.0,25.0,0.16,3.3,19.8,24.0,24.0,28.0,0.17,3.1,17.5,18.2,18.2,18.2,0.16,3.2,11.9,13.3,26.7,0.0,0.16,2.6,14.0,50.0,6.2,6.2,0.17,3.3,16.7,15.8,10.5,21.1,0.17,4.2,18.4,4.8,33.3,9.5,0.15,3.2,20.2,4.3,4.3,34.8,0.17,3.8,17.5,10.0,45.0,0.0,0.17,2.9,13.2,13.3,20.0,0.0,0.18,3.2
20261005,18,9,1800,5145,A2,山口,23.0,56.0,6.31,48.82,6.13,42.14,39,29.73,65,26.54,5154,B1,広島,30.0,54.0,4.77,30.21,5.18,32.14,51,22.52,68,40.64,5137,A2,愛知,26.0,54.0,5.23,37.74,7.93,66.67,69,44.66,36,35.91,5158,A1,福岡,28.0,54.0,6.36,52.99,5.61,36.84,61,31.46,56,29.95,5448,B2,山口,24.0,50.0,1.14,0.0,0.0,0.0,66,31.91,43,29.95,5183,B1,三重,27.0,55.0,5.11,29.89,5.83,38.89,65,26.04,46,29.41,18.9,79.2,4.2,8.3,0.15,2.5,19.7,16.0,28.0,8.0,0.16,2.8,18.9,16.7,29.2,12.5,0.16,3.5,15.0,15.8,26.3,15.8,0.16,2.8,12.6,12.5,12.5,0.0,0.16,3.4,15.0,5.3,15.8,0.0,0.18,4.1,12.6,50.0,7.1,28.6,0.17,2.6,16.2,11.1,16.7,33.3,0.16,3.4,22.5,20.0,8.0,24.0,0.16,3.1,11.7,7.7,15.4,0.0,0.2,3.6,21.6,8.3,12.5,0.0,0.21,4.1,15.3,5.9,17.6,0.0,0.18,4.2,13.8,61.5,23.1,0.0,0.18,2.6,14.9,7.1,28.6,0.0,0.19,3.9,20.2,15.8,42.1,15.8,0.16,3.2,17.0,18.8,18.8,31.2,0.17,2.9,19.1,11.1,16.7,33.3,0.16,2.5,14.9,14.3,14.3,0.0,0.14,3.9,20.3,80.0,4.0,8.0,0.13,2.5,19.5,29.2,12.5,20.8,0.17,3.5,16.3,40.0,25.0,15.0,0.15,3.2,13.8,47.1,23.5,5.9,0.18,3.6,12.2,26.7,13.3,0.0,0.17,3.3,17.9,4.5,13.6,18.2,0.16,3.8,0.0,0.0,0.0,0.0,0.0,0.0,0.0,0.0,0.0,0.0,0.0,0.0,0.0,0.0,0.0,0.0,0.0,0.0,0.0,0.0,0.0,0.0,0.0,0.0,0.0,0.0,0.0,0.0,0.0,0.0,0.0,0.0,0.0,0.0,0.0,0.0,16.5,42.9,28.6,0.0,0.13,2.3,16.5,7.1,28.6,14.3,0.14,3.1,18.8,12.5,12.5,0.0,0.16,2.9,15.3,15.4,15.4,23.1,0.2,3.2,15.3,7.7,15.4,23.1,0.17,3.2,17.6,6.7,0.0,0.0,0.2,4.6
20261005,18,10,1800,5214,B1,佐賀,27.0,54.0,4.46,26.44,6.11,44.44,38,30.33,48,33.18,5136,A1,香川,26.0,55.0,6.16,47.9,5.93,41.38,60,32.71,11,28.77,5243,B1,広島,26.0,54.0,6.03,46.43,2.28,5.56,37,19.19,22,38.31,5368,B1,埼玉,24.0,54.0,6.32,46.59,0.0,0.0,71,29.91,32,28.7,5255,A1,滋賀,22.0,54.0,6.3,42.34,6.18,54.55,29,33.07,66,32.43,5405,B1,愛知,22.0,52.0,2.54,7.04,0.0,0.0,70,25.25,18,39.63,14.4,53.3,13.3,6.7,0.19,4.2,21.2,4.5,50.0,4.5,0.19,4.4,18.3,10.5,36.8,0.0,0.17,3.3,17.3,16.7,16.7,16.7,0.14,2.9,13.5,14.3,28.6,0.0,0.16,4.1,15.4,6.2,0.0,0.0,0.22,4.4,19.8,76.9,15.4,0.0,0.12,1.9,19.8,26.9,15.4,11.5,0.14,2.9,16.0,14.3,19.0,33.3,0.14,2.2,13.0,17.6,29.4,23.5,0.13,2.3,14.5,10.5,26.3,21.1,0.14,2.6,16.8,13.6,36.4,0.0,0.17,4.6,18.9,38.9,16.7,0.0,0.14,2.6,14.7,14.3,7.1,28.6,0.17,3.5,14.7,14.3,28.6,28.6,0.16,2.9,15.8,20.0,6.7,20.0,0.18,3.0,21.1,10.0,20.0,0.0,0.16,3.5,14.7,7.1,7.1,0.0,0.2,4.6,8.8,57.1,14.3,0.0,0.15,2.9,8.8,14.3,28.6,28.6,0.17,4.3,6.2,40.0,0.0,0.0,0.15,3.8,25.0,25.0,20.0,25.0,0.15,2.8,25.0,5.0,15.0,15.0,0.17,3.3,26.2,4.8,9.5,14.3,0.19,3.9,18.3,71.4,9.5,9.5,0.17,3.2,14.8,41.2,29.4,5.9,0.22,3.5,14.8,29.4,23.5,17.6,0.17,3.3,18.3,14.3,19.0,28.6,0.18,3.3,20.0,8.7,34.8,30.4,0.17,3.7,13.9,18.8,12.5,0.0,0.19,4.0,0.0,0.0,0.0,0.0,0.0,0.0,0.0,0.0,0.0,0.0,0.0,0.0,1.3,100.0,0.0,0.0,0.24,1.0,15.2,16.7,8.3,0.0,0.19,2.2,32.9,7.7,0.0,0.0,0.2,3.1,50.6,2.5,0.0,0.0,0.19,3.7
20261005,18,11,1800,5318,B1,愛知,25.0,55.0,3.97,22.22,0.0,0.0,45,22.83,26,30.73,5298,A1,香川,24.0,52.0,7.12,58.72,2.0,0.0,40,26.8,31,33.33,5332,B1,静岡,22.0,53.0,3.58,14.08,1.71,0.0,43,22.61,74,35.41,5330,A2,福岡,22.0,51.0,6.73,50.83,4.23,25.81,58,30.48,25,28.9,5245,B1,愛知,25.0,52.0,5.33,37.23,0.0,0.0,41,30.4,20,33.49,5417,B1,佐賀,20.0,52.0,4.44,20.0,2.44,0.0,32,23.58,55,34.84,11.3,25.0,25.0,0.0,0.15,3.1,18.9,5.0,15.0,0.0,0.19,3.8,21.7,4.3,13.0,17.4,0.18,3.3,17.9,5.3,21.1,0.0,0.16,2.8,17.0,5.6,11.1,11.1,0.18,3.7,13.2,7.1,0.0,0.0,0.17,3.5,18.6,79.2,8.3,0.0,0.18,4.0,14.0,16.7,38.9,11.1,0.15,2.9,17.1,13.6,22.7,36.4,0.13,2.7,19.4,24.0,32.0,28.0,0.15,3.0,14.0,16.7,16.7,44.4,0.2,3.6,17.1,4.5,18.2,31.8,0.14,3.8,16.1,42.1,21.1,10.5,0.17,2.9,14.4,29.4,23.5,0.0,0.18,3.8,18.6,4.5,9.1,31.8,0.16,3.1,19.5,8.7,17.4,0.0,0.16,2.9,16.1,5.3,5.3,10.5,0.14,2.6,15.3,11.1,0.0,0.0,0.15,2.8,16.7,80.0,0.0,0.0,0.14,2.8,20.0,20.8,20.8,25.0,0.15,3.0,15.0,27.8,16.7,5.6,0.12,2.1,18.3,4.5,31.8,18.2,0.14,2.8,14.2,17.6,23.5,11.8,0.15,3.2,15.8,5.3,5.3,15.8,0.17,3.6,12.0,30.0,20.0,20.0,0.23,5.1,16.9,28.6,14.3,14.3,0.21,4.7,18.1,6.7,13.3,20.0,0.14,3.0,19.3,18.8,6.2,6.2,0.15,3.2,14.5,25.0,0.0,0.0,0.16,2.9,19.3,25.0,0.0,0.0,0.2,4.4,0.0,0.0,0.0,0.0,0.0,0.0,0.0,0.0,0.0,0.0,0.0,0.0,1.3,0.0,0.0,0.0,0.11,3.0,16.7,15.4,30.8,0.0,0.19,3.8,24.4,5.3,0.0,0.0,0.18,3.4,57.7,4.4,11.1,0.0,0.21,4.0
20261005,18,12,1800,4985,A1,山口,29.0,52.0,6.64,51.75,6.55,50.47,34,39.1,21,25.35,5185,B1,福井,26.0,53.0,5.26,32.86,5.33,33.33,33,52.54,28,28.29,5280,A1,滋賀,23.0,51.0,6.81,50.0,5.29,23.53,44,35.71,47,33.02,5085,A2,福井,27.0,53.0,5.01,30.17,4.41,21.95,30,38.52,63,29.72,5166,A2,愛知,26.0,52.0,5.99,40.57,6.93,50.0,64,38.0,38,41.28,5293,B1,静岡,24.0,52.0,4.39,20.9,2.89,0.0,49,24.55,40,36.04,24.3,69.7,12.1,12.1,0.13,3.0,14.0,26.3,26.3,21.1,0.16,2.8,18.4,20.0,32.0,20.0,0.13,2.6,17.6,8.3,20.8,16.7,0.15,3.0,13.2,5.6,16.7,27.8,0.15,3.3,12.5,5.9,0.0,0.0,0.16,4.1,15.5,41.2,11.8,17.6,0.09,1.6,18.2,20.0,20.0,10.0,0.12,2.5,17.3,31.6,10.5,10.5,0.12,2.4,15.5,5.9,17.6,17.6,0.12,2.6,15.5,17.6,11.8,17.6,0.16,2.8,18.2,5.0,25.0,0.0,0.14,2.9,19.8,83.3,12.5,4.2,0.14,2.8,20.7,24.0,32.0,24.0,0.15,2.6,12.4,26.7,20.0,20.0,0.15,2.1,14.0,5.9,35.3,29.4,0.17,3.2,19.8,20.8,29.2,33.3,0.17,3.3,13.2,6.2,37.5,0.0,0.22,4.7,14.3,41.7,33.3,0.0,0.17,3.4,15.5,7.7,23.1,38.5,0.24,4.6,22.6,21.1,31.6,31.6,0.21,3.3,15.5,7.7,38.5,0.0,0.22,4.4,19.0,31.2,12.5,0.0,0.2,4.6,13.1,36.4,0.0,0.0,0.28,5.3,19.6,57.9,21.1,10.5,0.16,3.4,13.4,7.7,23.1,30.8,0.2,4.0,20.6,30.0,15.0,35.0,0.13,2.4,15.5,6.7,20.0,20.0,0.18,3.3,14.4,14.3,7.1,64.3,0.15,2.7,16.5,6.2,18.8,0.0,0.17,3.6,7.4,40.0,0.0,0.0,0.22,4.6,19.1,7.7,7.7,0.0,0.26,4.8,17.6,16.7,16.7,0.0,0.18,4.0,8.8,16.7,0.0,0.0,0.15,3.8,22.1,6.7,6.7,0.0,0.18,3.8,25.0,5.9,0.0,0.0,0.22,5.2
20261005,13,1,1800,5031,B1,福岡,29.0,54.0,4.93,32.53,4.29,14.29,2,36.29,60,34.17,4987,B1,群馬,29.0,48.0,3.85,18.82,3.18,7.14,16,46.34,23,34.13,4675,A2,大阪,38.0,50.0,5.59,34.21,4.79,42.86,38,22.41,33,31.4,4106,B1,佐賀,46.0,53.0,4.04,22.86,3.21,14.29,36,40.0,27,20.17,4443,B1,山口,40.0,51.0,5.59,40.78,5.91,31.82,43,15.09,53,33.06,5128,B1,三重,29.0,55.0,3.79,14.75,2.92,8.33,47,28.79,43,40.0,10.1,60.0,10.0,30.0,0.15,3.2,20.2,10.0,25.0,25.0,0.15,3.0,20.2,5.0,20.0,25.0,0.15,2.4,16.2,37.5,0.0,0.0,0.22,3.6,19.2,10.5,15.8,0.0,0.2,4.1,14.1,14.3,0.0,0.0,0.22,5.5,13.5,66.7,8.3,16.7,0.15,2.8,13.5,25.0,0.0,0.0,0.16,4.2,22.5,5.0,10.0,0.0,0.17,3.2,19.1,17.6,23.5,0.0,0.2,3.2,14.6,7.7,7.7,0.0,0.18,3.2,16.9,6.7,0.0,0.0,0.2,4.1,17.3,28.6,14.3,14.3,0.17,4.1,17.3,57.1,7.1,0.0,0.15,2.4,14.8,16.7,8.3,50.0,0.15,3.2,16.0,23.1,7.7,30.8,0.15,2.0,19.8,12.5,12.5,31.2,0.1,1.8,14.8,16.7,25.0,8.3,0.13,2.8,11.4,55.6,0.0,0.0,0.2,4.3,17.7,7.1,7.1,28.6,0.21,3.9,21.5,29.4,0.0,0.0,0.16,3.6,16.5,15.4,7.7,0.0,0.18,3.8,24.1,5.3,5.3,15.8,0.19,3.8,8.9,0.0,0.0,0.0,0.16,3.0,18.3,47.8,17.4,26.1,0.17,3.6,18.3,8.7,21.7,13.0,0.16,3.4,15.9,25.0,25.0,0.0,0.18,4.0,17.5,9.1,31.8,22.7,0.18,3.7,17.5,9.1,9.1,9.1,0.23,4.9,12.7,12.5,25.0,0.0,0.21,4.4,10.7,12.5,25.0,12.5,0.21,4.0,17.3,15.4,15.4,15.4,0.19,3.4,18.7,14.3,14.3,28.6,0.16,3.1,21.3,6.2,25.0,18.8,0.18,3.8,18.7,14.3,42.9,0.0,0.18,4.1,13.3,10.0,0.0,0.0,0.22,4.0
20261005,13,2,1800,3901,B2,山口,49.0,51.0,4.77,33.68,3.5,20.0,6,22.41,11,29.75,4700,A2,埼玉,39.0,53.0,6.34,45.28,6.74,52.63,49,29.77,72,38.52,4639,B1,大阪,35.0,53.0,4.01,22.62,4.26,23.26,9,38.17,61,31.97,3974,B1,佐賀,49.0,52.0,4.49,23.08,3.88,28.0,24,30.16,55,39.52,5340,B1,愛知,25.0,45.0,4.21,23.33,3.53,17.65,59,25.6,49,36.8,4219,B1,広島,44.0,53.0,3.91,10.0,4.53,26.67,40,40.15,25,31.45,8.7,75.0,0.0,0.0,0.25,5.0,23.9,9.1,18.2,18.2,0.22,4.6,17.4,25.0,25.0,0.0,0.21,4.3,19.6,11.1,22.2,0.0,0.2,3.9,23.9,9.1,9.1,0.0,0.2,4.5,6.5,0.0,0.0,0.0,0.28,5.7,18.8,66.7,9.5,9.5,0.17,2.6,13.4,13.3,26.7,40.0,0.18,3.8,19.6,9.1,45.5,9.1,0.14,2.7,21.4,8.3,16.7,29.2,0.14,2.8,13.4,26.7,13.3,0.0,0.15,3.0,13.4,20.0,26.7,0.0,0.15,3.3,15.2,50.0,31.2,0.0,0.14,3.0,19.0,5.0,20.0,5.0,0.16,3.6,17.1,11.1,11.1,27.8,0.16,3.4,22.9,4.2,16.7,12.5,0.15,3.0,17.1,5.6,11.1,0.0,0.21,4.0,8.6,11.1,0.0,0.0,0.18,3.4,12.3,22.2,33.3,22.2,0.14,2.4,17.8,15.4,15.4,15.4,0.16,3.3,24.7,38.9,22.2,0.0,0.18,3.3,17.8,7.7,15.4,7.7,0.14,3.2,13.7,30.0,0.0,0.0,0.18,3.3,13.7,0.0,0.0,0.0,0.18,4.2,0.0,0.0,0.0,0.0,0.0,0.0,3.1,33.3,33.3,33.3,0.1,1.3,25.5,4.0,16.0,16.0,0.17,3.2,18.4,5.6,11.1,22.2,0.16,3.2,19.4,5.3,36.8,0.0,0.19,3.6,33.7,6.1,9.1,0.0,0.15,2.8,10.9,27.3,9.1,9.1,0.17,2.8,18.8,26.3,5.3,0.0,0.17,4.3,17.8,5.6,22.2,0.0,0.19,4.3,22.8,13.0,26.1,0.0,0.18,3.6,19.8,10.0,0.0,0.0,0.19,4.0,9.9,10.0,20.0,0.0,0.22,4.8
20261005,13,3,1800,3606,B1,滋賀,54.0,52.0,5.59,36.26,5.45,35.0,20,25.81,50,30.83,4531,A2,佐賀,37.0,54.0,6.31,48.28,5.3,30.0,39,44.72,36,48.78,3434,B1,福岡,57.0,57.0,4.6,27.78,3.92,25.0,7,36.92,45,36.52,3854,A1,兵庫,54.0,52.0,7.06,49.5,7.43,53.85,42,17.89,46,31.45,3790,B1,群馬,54.0,54.0,4.55,23.6,4.0,25.0,33,27.91,12,30.47,5264,B1,兵庫,26.0,44.0,4.91,30.34,4.27,21.2,51,29.85,48,30.58,20.3,29.2,33.3,16.7,0.14,2.3,13.6,18.8,50.0,18.8,0.14,2.8,17.8,14.3,28.6,23.8,0.15,2.8,15.3,11.1,22.2,0.0,0.16,3.6,18.6,4.5,9.1,31.8,0.18,3.0,14.4,17.6,0.0,0.0,0.21,5.1,18.9,75.0,16.7,0.0,0.14,2.4,14.2,5.6,33.3,22.2,0.18,3.1,20.5,19.2,34.6,15.4,0.16,2.8,15.7,10.0,35.0,0.0,0.17,3.8,15.0,5.3,15.8,31.6,0.18,3.2,15.7,5.0,35.0,0.0,0.15,4.1,16.5,66.7,5.6,0.0,0.17,3.2,16.5,27.8,27.8,0.0,0.18,3.4,15.6,17.6,29.4,5.9,0.18,3.5,17.4,10.5,31.6,0.0,0.17,3.5,19.3,19.0,14.3,0.0,0.19,3.8,14.7,6.2,6.2,0.0,0.19,4.7,22.1,52.4,9.5,14.3,0.14,3.2,15.8,6.7,26.7,6.7,0.13,3.3,16.8,12.5,37.5,25.0,0.15,3.6,16.8,25.0,43.8,0.0,0.15,2.5,17.9,23.5,11.8,11.8,0.14,2.8,10.5,10.0,0.0,0.0,0.15,3.0,16.1,28.6,14.3,14.3,0.17,3.1,18.4,6.2,31.2,25.0,0.19,3.6,14.9,23.1,7.7,0.0,0.18,3.8,21.8,15.8,42.1,0.0,0.19,4.2,16.1,7.1,35.7,0.0,0.21,4.3,12.6,0.0,0.0,0.0,0.24,4.7,12.9,13.3,13.3,40.0,0.16,3.2,19.8,13.0,26.1,30.4,0.13,2.5,19.0,9.1,9.1,36.4,0.14,2.7,12.9,20.0,20.0,0.0,0.16,3.0,17.2,10.0,15.0,15.0,0.14,2.8,18.1,4.8,28.6,0.0,0.17,3.3
20261005,13,4,1800,4539,A1,群馬,35.0,53.0,6.11,41.23,5.61,34.21,50,25.6,21,44.26,3514,A2,福岡,59.0,52.0,5.46,36.0,5.62,42.31,5,36.51,74,43.09,3286,B2,静岡,58.0,54.0,3.46,22.0,4.38,12.5,4,48.78,15,32.79,3654,A2,福井,53.0,53.0,6.66,53.27,6.55,46.94,45,33.85,69,30.83,4664,B1,福井,43.0,55.0,3.98,18.6,2.89,11.11,10,29.03,37,38.79,5218,A1,香川,26.0,46.0,5.35,32.14,4.47,29.41,48,31.5,63,28.0,18.1,84.0,12.0,4.0,0.12,1.9,15.9,22.7,27.3,0.0,0.13,2.6,18.8,11.5,34.6,19.2,0.13,2.2,14.5,20.0,20.0,5.0,0.11,2.2,15.9,4.5,22.7,18.2,0.14,2.6,16.7,4.3,4.3,21.7,0.14,3.0,20.9,71.4,10.7,7.1,0.15,2.3,14.9,35.0,15.0,15.0,0.16,3.3,15.7,9.5,19.0,23.8,0.16,3.0,17.2,8.7,13.0,21.7,0.18,3.2,14.9,10.0,5.0,20.0,0.18,4.1,16.4,4.5,13.6,0.0,0.19,4.3,18.3,46.2,23.1,15.4,0.15,2.5,15.5,9.1,9.1,9.1,0.16,3.2,18.3,7.7,23.1,15.4,0.14,2.6,14.1,10.0,30.0,0.0,0.19,4.0,11.3,12.5,0.0,0.0,0.15,3.1,22.5,6.2,0.0,0.0,0.2,4.3,20.3,54.2,16.7,12.5,0.16,3.2,18.6,13.6,36.4,18.2,0.16,2.7,15.3,22.2,27.8,16.7,0.15,3.4,23.7,25.0,17.9,7.1,0.17,2.8,11.0,30.8,15.4,0.0,0.18,3.8,11.0,7.7,7.7,7.7,0.17,3.6,11.3,37.5,12.5,25.0,0.17,3.8,22.5,6.2,18.8,6.2,0.2,4.0,15.5,18.2,18.2,9.1,0.18,3.2,22.5,6.2,12.5,18.8,0.2,3.5,15.5,9.1,0.0,0.0,0.24,4.7,12.7,11.1,0.0,0.0,0.16,2.9,18.8,73.1,7.7,15.4,0.13,2.7,12.3,11.8,29.4,17.6,0.15,2.4,16.7,4.3,34.8,30.4,0.14,2.5,23.9,27.3,15.2,18.2,0.15,2.7,15.2,19.0,14.3,23.8,0.14,2.7,13.0,11.1,22.2,0.0,0.18,3.2
20261005,13,5,1800,5161,A2,兵庫,27.0,55.0,5.59,37.78,5.63,37.65,62,34.19,58,31.2,3614,B1,広島,53.0,54.0,4.26,21.15,2.29,0.0,63,40.31,18,32.52,4443,B1,山口,40.0,51.0,5.59,40.78,5.91,31.82,43,15.09,53,33.06,3556,A1,大阪,53.0,54.0,7.1,57.66,6.65,48.98,61,41.27,35,38.71,4226,B1,山口,44.0,52.0,4.06,16.87,0.0,0.0,29,25.0,24,28.81,4298,A2,愛知,43.0,55.0,5.73,36.89,7.27,63.64,1,34.68,64,36.36,15.8,75.0,18.8,0.0,0.12,2.4,14.9,13.3,26.7,13.3,0.18,2.9,17.8,22.2,22.2,11.1,0.14,2.9,19.8,25.0,20.0,15.0,0.14,2.9,14.9,13.3,33.3,13.3,0.15,3.5,16.8,11.8,23.5,0.0,0.16,3.4,11.4,16.7,8.3,16.7,0.16,3.5,19.0,5.0,20.0,25.0,0.17,3.2,20.0,9.5,19.0,19.0,0.17,3.4,21.0,4.5,31.8,9.1,0.15,2.5,19.0,5.0,5.0,5.0,0.16,3.4,9.5,0.0,0.0,0.0,0.21,4.5,18.3,47.8,17.4,26.1,0.17,3.6,18.3,8.7,21.7,13.0,0.16,3.4,15.9,25.0,25.0,0.0,0.18,4.0,17.5,9.1,31.8,22.7,0.18,3.7,17.5,9.1,9.1,9.1,0.23,4.9,12.7,12.5,25.0,0.0,0.21,4.4,24.8,64.3,17.9,17.9,0.14,2.8,12.4,7.1,50.0,21.4,0.13,3.1,16.8,31.6,31.6,10.5,0.13,2.5,14.2,12.5,18.8,25.0,0.15,3.4,16.8,10.5,15.8,26.3,0.15,2.6,15.0,11.8,11.8,0.0,0.13,3.4,15.7,52.9,11.8,11.8,0.16,3.0,17.6,5.3,31.6,10.5,0.17,3.7,20.4,4.5,22.7,18.2,0.15,2.9,14.8,12.5,6.2,18.8,0.14,2.7,18.5,5.0,10.0,10.0,0.16,3.0,13.0,7.1,0.0,0.0,0.13,2.5,21.1,63.0,25.9,3.7,0.15,3.2,18.0,13.0,47.8,26.1,0.15,3.2,16.4,4.8,38.1,28.6,0.16,3.0,18.0,8.7,13.0,30.4,0.18,3.8,15.6,10.0,25.0,0.0,0.17,4.1,10.9,14.3,21.4,0.0,0.2,4.9
20261005,13,6,1800,4962,A2,三重,30.0,52.0,5.36,36.52,6.8,50.0,21,24.19,13,32.52,3478,B1,香川,55.0,52.0,5.19,33.0,4.65,20.59,18,41.98,44,39.67,3974,B1,佐賀,49.0,52.0,4.49,23.08,3.88,28.0,24,30.16,55,39.52,5281,A1,徳島,23.0,45.0,5.82,39.56,6.03,37.93,25,39.39,26,45.08,4548,B1,三重,38.0,50.0,2.87,10.53,1.0,0.0,3,32.77,32,27.27,5259,B2,埼玉,33.0,57.0,3.4,7.69,3.67,22.22,26,37.01,67,29.84,19.5,70.8,8.3,12.5,0.15,2.6,17.1,9.5,38.1,23.8,0.17,3.3,17.9,9.1,18.2,27.3,0.18,3.6,15.4,5.3,5.3,42.1,0.16,2.7,16.3,5.0,10.0,35.0,0.16,3.5,13.8,5.9,5.9,23.5,0.17,4.1,13.8,69.2,15.4,7.7,0.14,2.8,17.0,12.5,12.5,18.8,0.16,3.3,20.2,10.5,5.3,26.3,0.16,3.4,12.8,8.3,25.0,25.0,0.18,3.3,21.3,5.0,15.0,20.0,0.15,3.2,14.9,7.1,21.4,0.0,0.22,5.0,12.3,22.2,33.3,22.2,0.14,2.4,17.8,15.4,15.4,15.4,0.16,3.3,24.7,38.9,22.2,0.0,0.18,3.3,17.8,7.7,15.4,7.7,0.14,3.2,13.7,30.0,0.0,0.0,0.18,3.3,13.7,0.0,0.0,0.0,0.18,4.2,18.6,81.0,4.8,0.0,0.12,2.2,15.0,47.1,29.4,0.0,0.15,2.8,15.9,16.7,27.8,22.2,0.12,2.3,16.8,15.8,21.1,10.5,0.14,3.1,18.6,14.3,23.8,19.0,0.15,2.0,15.0,5.9,11.8,23.5,0.18,3.9,13.6,22.2,11.1,11.1,0.24,4.4,21.2,7.1,14.3,0.0,0.25,4.4,18.2,16.7,8.3,0.0,0.24,4.8,15.2,10.0,20.0,0.0,0.22,4.0,13.6,0.0,0.0,0.0,0.26,5.1,18.2,0.0,0.0,0.0,0.25,5.2,15.0,16.7,0.0,0.0,0.15,2.7,17.5,0.0,0.0,0.0,0.19,3.4,17.5,14.3,0.0,0.0,0.19,2.9,15.0,16.7,0.0,0.0,0.14,2.7,20.0,12.5,0.0,0.0,0.19,3.1,15.0,16.7,0.0,0.0,0.2,4.8
20261005,13,7,1800,3995,A2,静岡,47.0,55.0,6.28,47.54,7.65,60.0,41,18.45,54,31.45,4429,B1,広島,41.0,59.0,3.19,11.36,2.83,8.33,15,39.53,17,25.41,4150,A2,静岡,44.0,56.0,6.03,42.42,6.78,55.56,31,34.65,57,33.61,4639,B1,大阪,35.0,53.0,4.01,22.62,4.26,23.26,9,38.17,61,31.97,4987,B1,群馬,29.0,48.0,3.85,18.82,3.18,7.14,16,46.34,23,34.13,4531,A2,佐賀,37.0,54.0,6.31,48.28,5.3,30.0,39,44.72,36,48.78,20.8,90.9,4.5,0.0,0.12,1.8,17.0,5.6,22.2,33.3,0.12,2.4,15.1,12.5,37.5,12.5,0.11,1.8,16.0,17.6,17.6,29.4,0.09,1.5,16.0,5.9,23.5,29.4,0.1,1.9,15.1,6.2,12.5,18.8,0.13,3.2,14.1,45.5,18.2,0.0,0.16,2.9,16.7,7.7,23.1,0.0,0.16,3.0,19.2,6.7,13.3,13.3,0.17,3.6,21.8,23.5,0.0,0.0,0.21,4.4,12.8,0.0,0.0,0.0,0.21,4.7,15.4,0.0,0.0,0.0,0.23,5.2,16.9,60.0,20.0,5.0,0.16,3.0,17.8,19.0,28.6,19.0,0.15,2.7,19.5,21.7,21.7,17.4,0.13,3.3,14.4,35.3,17.6,23.5,0.13,2.7,16.9,5.0,10.0,20.0,0.15,3.3,14.4,17.6,0.0,0.0,0.16,3.1,15.2,50.0,31.2,0.0,0.14,3.0,19.0,5.0,20.0,5.0,0.16,3.6,17.1,11.1,11.1,27.8,0.16,3.4,22.9,4.2,16.7,12.5,0.15,3.0,17.1,5.6,11.1,0.0,0.21,4.0,8.6,11.1,0.0,0.0,0.18,3.4,13.5,66.7,8.3,16.7,0.15,2.8,13.5,25.0,0.0,0.0,0.16,4.2,22.5,5.0,10.0,0.0,0.17,3.2,19.1,17.6,23.5,0.0,0.2,3.2,14.6,7.7,7.7,0.0,0.18,3.2,16.9,6.7,0.0,0.0,0.2,4.1,18.9,75.0,16.7,0.0,0.14,2.4,14.2,5.6,33.3,22.2,0.18,3.1,20.5,19.2,34.6,15.4,0.16,2.8,15.7,10.0,35.0,0.0,0.17,3.8,15.0,5.3,15.8,31.6,0.18,3.2,15.7,5.0,35.0,0.0,0.15,4.1
20261005,13,8,1800,4518,A1,愛知,39.0,52.0,6.45,51.35,7.11,61.11,56,49.58,70,28.57,5218,A1,香川,26.0,46.0,5.35,32.14,4.47,29.41,48,31.5,63,28.0,4819,A2,群馬,35.0,47.0,5.02,29.23,7.1,55.0,46,29.75,59,36.67,5308,B1,福岡,22.0,53.0,4.34,23.96,5.32,36.84,17,38.89,14,32.03,3434,B1,福岡,57.0,57.0,4.6,27.78,3.92,25.0,7,36.92,45,36.52,5257,A1,香川,22.0,52.0,6.54,47.58,6.36,46.43,37,38.28,42,35.0,21.7,67.9,17.9,0.0,0.13,2.3,14.7,26.3,31.6,10.5,0.2,3.6,24.0,29.0,29.0,25.8,0.17,3.1,14.0,11.1,38.9,27.8,0.16,3.2,14.7,26.3,21.1,21.1,0.16,2.8,10.9,14.3,21.4,0.0,0.2,4.4,18.8,73.1,7.7,15.4,0.13,2.7,12.3,11.8,29.4,17.6,0.15,2.4,16.7,4.3,34.8,30.4,0.14,2.5,23.9,27.3,15.2,18.2,0.15,2.7,15.2,19.0,14.3,23.8,0.14,2.7,13.0,11.1,22.2,0.0,0.18,3.2,20.6,59.1,22.7,13.6,0.16,3.0,15.0,6.2,37.5,18.8,0.17,3.0,15.0,18.8,25.0,37.5,0.14,2.4,13.1,14.3,7.1,21.4,0.16,2.9,16.8,5.6,5.6,50.0,0.18,3.2,19.6,4.8,9.5,0.0,0.21,4.1,8.5,25.0,12.5,0.0,0.2,3.5,21.3,10.0,50.0,10.0,0.17,3.9,17.0,6.2,6.2,25.0,0.14,3.7,20.2,21.1,0.0,0.0,0.15,4.2,21.3,5.0,15.0,0.0,0.21,4.0,11.7,18.2,18.2,0.0,0.15,3.1,16.5,66.7,5.6,0.0,0.17,3.2,16.5,27.8,27.8,0.0,0.18,3.4,15.6,17.6,29.4,5.9,0.18,3.5,17.4,10.5,31.6,0.0,0.17,3.5,19.3,19.0,14.3,0.0,0.19,3.8,14.7,6.2,6.2,0.0,0.19,4.7,21.2,61.8,11.8,14.7,0.14,3.0,16.2,23.1,34.6,15.4,0.19,3.4,17.5,10.7,28.6,28.6,0.15,2.8,14.4,21.7,13.0,17.4,0.16,2.9,18.1,10.3,20.7,27.6,0.15,3.2,12.5,15.0,20.0,0.0,0.15,3.5
20261005,13,9,1800,4365,A2,兵庫,41.0,51.0,5.92,39.62,5.27,32.77,57,31.3,47,23.81,4298,A2,愛知,43.0,55.0,5.73,36.89,7.27,63.64,1,34.68,64,36.36,4219,B1,広島,44.0,53.0,3.91,10.0,4.53,26.67,40,40.15,25,31.45,4254,A2,滋賀,43.0,52.0,5.81,40.68,5.47,26.32,44,33.59,41,36.89,3286,B2,静岡,58.0,54.0,3.46,22.0,4.38,12.5,4,48.78,15,32.79,4546,B1,埼玉,38.0,47.0,7.12,55.56,6.84,53.33,58,22.41,30,39.68,19.0,52.6,15.8,15.8,0.14,2.7,19.0,15.8,36.8,26.3,0.16,3.3,13.0,15.4,23.1,30.8,0.18,3.5,15.0,40.0,20.0,6.7,0.17,2.5,16.0,6.2,12.5,0.0,0.18,3.4,18.0,11.1,0.0,0.0,0.22,4.0,21.1,63.0,25.9,3.7,0.15,3.2,18.0,13.0,47.8,26.1,0.15,3.2,16.4,4.8,38.1,28.6,0.16,3.0,18.0,8.7,13.0,30.4,0.18,3.8,15.6,10.0,25.0,0.0,0.17,4.1,10.9,14.3,21.4,0.0,0.2,4.9,10.9,27.3,9.1,9.1,0.17,2.8,18.8,26.3,5.3,0.0,0.17,4.3,17.8,5.6,22.2,0.0,0.19,4.3,22.8,13.0,26.1,0.0,0.18,3.6,19.8,10.0,0.0,0.0,0.19,4.0,9.9,10.0,20.0,0.0,0.22,4.8,19.4,60.0,20.0,0.0,0.11,1.9,12.6,7.7,15.4,38.5,0.12,2.5,17.5,22.2,16.7,22.2,0.15,1.8,16.5,23.5,23.5,0.0,0.13,2.4,16.5,11.8,11.8,11.8,0.17,2.9,17.5,33.3,0.0,0.0,0.19,4.3,18.3,46.2,23.1,15.4,0.15,2.5,15.5,9.1,9.1,9.1,0.16,3.2,18.3,7.7,23.1,15.4,0.14,2.6,14.1,10.0,30.0,0.0,0.19,4.0,11.3,12.5,0.0,0.0,0.15,3.1,22.5,6.2,0.0,0.0,0.2,4.3,19.2,71.4,14.3,0.0,0.16,2.9,17.8,15.4,7.7,7.7,0.17,3.6,17.8,23.1,15.4,15.4,0.14,2.4,16.4,33.3,8.3,0.0,0.19,4.0,16.4,33.3,25.0,0.0,0.2,4.0,12.3,11.1,33.3,0.0,0.17,3.9
20261005,13,10,1800,3654,A2,福井,53.0,53.0,6.66,53.27,6.55,46.94,45,33.85,69,30.83,4539,A1,群馬,35.0,53.0,6.11,41.23,5.61,34.21,50,25.6,21,44.26,3614,B1,広島,53.0,54.0,4.26,21.15,2.29,0.0,63,40.31,18,32.52,4675,A2,大阪,38.0,50.0,5.59,34.21,4.79,42.86,38,22.41,33,31.4,4962,A2,三重,30.0,52.0,5.36,36.52,6.8,50.0,21,24.19,13,32.52,3606,B1,滋賀,54.0,52.0,5.59,36.26,5.45,35.0,20,25.81,50,30.83,20.3,54.2,16.7,12.5,0.16,3.2,18.6,13.6,36.4,18.2,0.16,2.7,15.3,22.2,27.8,16.7,0.15,3.4,23.7,25.0,17.9,7.1,0.17,2.8,11.0,30.8,15.4,0.0,0.18,3.8,11.0,7.7,7.7,7.7,0.17,3.6,18.1,84.0,12.0,4.0,0.12,1.9,15.9,22.7,27.3,0.0,0.13,2.6,18.8,11.5,34.6,19.2,0.13,2.2,14.5,20.0,20.0,5.0,0.11,2.2,15.9,4.5,22.7,18.2,0.14,2.6,16.7,4.3,4.3,21.7,0.14,3.0,11.4,16.7,8.3,16.7,0.16,3.5,19.0,5.0,20.0,25.0,0.17,3.2,20.0,9.5,19.0,19.0,0.17,3.4,21.0,4.5,31.8,9.1,0.15,2.5,19.0,5.0,5.0,5.0,0.16,3.4,9.5,0.0,0.0,0.0,0.21,4.5,17.3,28.6,14.3,14.3,0.17,4.1,17.3,57.1,7.1,0.0,0.15,2.4,14.8,16.7,8.3,50.0,0.15,3.2,16.0,23.1,7.7,30.8,0.15,2.0,19.8,12.5,12.5,31.2,0.1,1.8,14.8,16.7,25.0,8.3,0.13,2.8,19.5,70.8,8.3,12.5,0.15,2.6,17.1,9.5,38.1,23.8,0.17,3.3,17.9,9.1,18.2,27.3,0.18,3.6,15.4,5.3,5.3,42.1,0.16,2.7,16.3,5.0,10.0,35.0,0.16,3.5,13.8,5.9,5.9,23.5,0.17,4.1,20.3,29.2,33.3,16.7,0.14,2.3,13.6,18.8,50.0,18.8,0.14,2.8,17.8,14.3,28.6,23.8,0.15,2.8,15.3,11.1,22.2,0.0,0.16,3.6,18.6,4.5,9.1,31.8,0.18,3.0,14.4,17.6,0.0,0.0,0.21,5.1
20261005,13,11,1800,3556,A1,大阪,53.0,54.0,7.1,57.66,6.65,48.98,61,41.27,35,38.71,3854,A1,兵庫,54.0,52.0,7.06,49.5,7.43,53.85,42,17.89,46,31.45,4700,A2,埼玉,39.0,53.0,6.34,45.28,6.74,52.63,49,29.77,72,38.52,3478,B1,香川,55.0,52.0,5.19,33.0,4.65,20.59,18,41.98,44,39.67,5031,B1,福岡,29.0,54.0,4.93,32.53,4.29,14.29,2,36.29,60,34.17,3995,A2,静岡,47.0,55.0,6.28,47.54,7.65,60.0,41,18.45,54,31.45,24.8,64.3,17.9,17.9,0.14,2.8,12.4,7.1,50.0,21.4,0.13,3.1,16.8,31.6,31.6,10.5,0.13,2.5,14.2,12.5,18.8,25.0,0.15,3.4,16.8,10.5,15.8,26.3,0.15,2.6,15.0,11.8,11.8,0.0,0.13,3.4,22.1,52.4,9.5,14.3,0.14,3.2,15.8,6.7,26.7,6.7,0.13,3.3,16.8,12.5,37.5,25.0,0.15,3.6,16.8,25.0,43.8,0.0,0.15,2.5,17.9,23.5,11.8,11.8,0.14,2.8,10.5,10.0,0.0,0.0,0.15,3.0,18.8,66.7,9.5,9.5,0.17,2.6,13.4,13.3,26.7,40.0,0.18,3.8,19.6,9.1,45.5,9.1,0.14,2.7,21.4,8.3,16.7,29.2,0.14,2.8,13.4,26.7,13.3,0.0,0.15,3.0,13.4,20.0,26.7,0.0,0.15,3.3,13.8,69.2,15.4,7.7,0.14,2.8,17.0,12.5,12.5,18.8,0.16,3.3,20.2,10.5,5.3,26.3,0.16,3.4,12.8,8.3,25.0,25.0,0.18,3.3,21.3,5.0,15.0,20.0,0.15,3.2,14.9,7.1,21.4,0.0,0.22,5.0,10.1,60.0,10.0,30.0,0.15,3.2,20.2,10.0,25.0,25.0,0.15,3.0,20.2,5.0,20.0,25.0,0.15,2.4,16.2,37.5,0.0,0.0,0.22,3.6,19.2,10.5,15.8,0.0,0.2,4.1,14.1,14.3,0.0,0.0,0.22,5.5,20.8,90.9,4.5,0.0,0.12,1.8,17.0,5.6,22.2,33.3,0.12,2.4,15.1,12.5,37.5,12.5,0.11,1.8,16.0,17.6,17.6,29.4,0.09,1.5,16.0,5.9,23.5,29.4,0.1,1.9,15.1,6.2,12.5,18.8,0.13,3.2
20261005,13,12,1800,5281,A1,徳島,23.0,45.0,5.82,39.56,6.03,37.93,25,39.39,26,45.08,4150,A2,静岡,44.0,56.0,6.03,42.42,6.78,55.56,31,34.65,57,33.61,4518,A1,愛知,39.0,52.0,6.45,51.35,7.11,61.11,56,49.58,70,28.57,3514,A2,福岡,59.0,52.0,5.46,36.0,5.62,42.31,5,36.51,74,43.09,5161,A2,兵庫,27.0,55.0,5.59,37.78,5.63,37.65,62,34.19,58,31.2,3901,B2,山口,49.0,51.0,4.77,33.68,3.5,20.0,6,22.41,11,29.75,18.6,81.0,4.8,0.0,0.12,2.2,15.0,47.1,29.4,0.0,0.15,2.8,15.9,16.7,27.8,22.2,0.12,2.3,16.8,15.8,21.1,10.5,0.14,3.1,18.6,14.3,23.8,19.0,0.15,2.0,15.0,5.9,11.8,23.5,0.18,3.9,16.9,60.0,20.0,5.0,0.16,3.0,17.8,19.0,28.6,19.0,0.15,2.7,19.5,21.7,21.7,17.4,0.13,3.3,14.4,35.3,17.6,23.5,0.13,2.7,16.9,5.0,10.0,20.0,0.15,3.3,14.4,17.6,0.0,0.0,0.16,3.1,21.7,67.9,17.9,0.0,0.13,2.3,14.7,26.3,31.6,10.5,0.2,3.6,24.0,29.0,29.0,25.8,0.17,3.1,14.0,11.1,38.9,27.8,0.16,3.2,14.7,26.3,21.1,21.1,0.16,2.8,10.9,14.3,21.4,0.0,0.2,4.4,20.9,71.4,10.7,7.1,0.15,2.3,14.9,35.0,15.0,15.0,0.16,3.3,15.7,9.5,19.0,23.8,0.16,3.0,17.2,8.7,13.0,21.7,0.18,3.2,14.9,10.0,5.0,20.0,0.18,4.1,16.4,4.5,13.6,0.0,0.19,4.3,15.8,75.0,18.8,0.0,0.12,2.4,14.9,13.3,26.7,13.3,0.18,2.9,17.8,22.2,22.2,11.1,0.14,2.9,19.8,25.0,20.0,15.0,0.14,2.9,14.9,13.3,33.3,13.3,0.15,3.5,16.8,11.8,23.5,0.0,0.16,3.4,8.7,75.0,0.0,0.0,0.25,5.0,23.9,9.1,18.2,18.2,0.22,4.6,17.4,25.0,25.0,0.0,0.21,4.3,19.6,11.1,22.2,0.0,0.2,3.9,23.9,9.1,9.1,0.0,0.2,4.5,6.5,0.0,0.0,0.0,0.28,5.7
20261005,12,1,1800,4651,B1,大阪,41.0,52.0,3.68,12.31,3.24,9.8,24,42.99,54,24.21,4395,B1,福岡,40.0,55.0,4.73,25.58,0.0,0.0,15,27.83,83,26.17,4815,B1,東京,36.0,53.0,4.51,25.64,5.43,34.78,57,38.89,55,37.86,4138,B1,大阪,45.0,52.0,4.51,30.23,5.22,32.2,26,27.1,12,38.61,3602,B1,東京,56.0,52.0,4.37,22.62,5.06,27.78,38,50.0,56,27.45,3432,B1,大阪,58.0,53.0,3.96,18.06,4.86,25.0,35,36.45,50,36.36,11.2,30.0,10.0,10.0,0.18,3.9,20.2,11.1,11.1,16.7,0.16,3.2,14.6,7.7,15.4,7.7,0.17,3.4,19.1,5.9,17.6,0.0,0.18,3.7,20.2,11.1,5.6,5.6,0.22,4.1,14.6,7.7,15.4,0.0,0.17,3.4,17.6,57.1,28.6,9.5,0.17,3.4,15.1,11.1,33.3,22.2,0.16,3.2,16.0,10.5,31.6,21.1,0.17,3.7,21.0,12.0,8.0,24.0,0.2,3.8,14.3,5.9,17.6,0.0,0.15,2.9,16.0,5.3,5.3,0.0,0.19,4.3,15.9,52.9,11.8,0.0,0.2,3.8,12.1,15.4,15.4,7.7,0.21,4.7,15.0,31.2,18.8,0.0,0.21,3.8,16.8,5.6,5.6,22.2,0.19,3.8,11.2,8.3,8.3,25.0,0.16,3.4,29.0,6.5,12.9,0.0,0.21,4.9,14.7,35.7,14.3,21.4,0.17,3.4,17.9,5.9,5.9,29.4,0.19,3.4,18.9,11.1,22.2,0.0,0.16,3.4,15.8,13.3,13.3,0.0,0.14,2.5,20.0,5.3,15.8,10.5,0.15,2.7,12.6,16.7,0.0,0.0,0.16,3.8,14.6,16.7,8.3,33.3,0.22,4.2,15.9,7.7,15.4,23.1,0.19,4.1,14.6,25.0,16.7,0.0,0.21,4.3,17.1,7.1,7.1,21.4,0.21,4.0,20.7,5.9,52.9,0.0,0.23,3.8,17.1,14.3,0.0,0.0,0.2,5.2,12.9,36.4,9.1,27.3,0.15,1.6,18.8,18.8,31.2,6.2,0.14,3.3,17.6,20.0,13.3,0.0,0.16,3.2,22.4,5.3,26.3,0.0,0.19,4.1,16.5,14.3,14.3,0.0,0.21,3.4,11.8,10.0,20.0,0.0,0.26,4.7
20261005,12,2,1800,3904,B1,大阪,49.0,56.0,4.88,33.33,6.1,45.71,83,29.2,18,27.72,4122,A2,福岡,44.0,56.0,5.58,37.17,5.65,41.18,64,49.54,33,39.22,3107,B1,大阪,62.0,53.0,3.87,17.02,5.2,31.71,30,24.56,51,41.67,4272,B1,福岡,44.0,59.0,5.04,32.11,0.0,0.0,11,40.91,82,44.33,4697,B1,福岡,40.0,50.0,4.47,22.68,3.64,28.57,18,31.78,20,29.7,5409,B2,福岡,21.0,57.0,2.89,12.96,0.0,0.0,78,17.92,77,34.62,17.5,57.1,21.4,14.3,0.15,2.8,15.0,8.3,33.3,8.3,0.18,3.9,16.2,15.4,15.4,23.1,0.16,3.9,16.2,15.4,7.7,0.0,0.19,3.5,20.0,6.2,18.8,12.5,0.19,4.1,15.0,33.3,0.0,0.0,0.23,4.7,20.1,57.1,7.1,14.3,0.16,3.3,17.3,8.3,33.3,12.5,0.17,3.5,18.0,16.0,20.0,12.0,0.17,2.8,16.5,8.7,8.7,39.1,0.17,3.3,15.1,4.8,23.8,23.8,0.19,4.2,12.9,33.3,0.0,0.0,0.17,4.4,13.3,20.0,10.0,10.0,0.15,3.2,21.3,25.0,18.8,0.0,0.18,4.3,20.0,13.3,20.0,0.0,0.18,3.7,14.7,9.1,18.2,0.0,0.19,3.3,18.7,7.1,0.0,0.0,0.19,3.6,12.0,22.2,0.0,0.0,0.2,4.2,9.9,37.5,25.0,0.0,0.14,3.0,18.5,13.3,20.0,26.7,0.15,2.8,21.0,23.5,17.6,0.0,0.15,2.8,14.8,16.7,8.3,33.3,0.18,3.5,17.3,7.1,7.1,0.0,0.17,3.9,18.5,6.7,6.7,0.0,0.21,5.0,14.9,30.8,7.7,7.7,0.15,3.2,19.5,17.6,17.6,0.0,0.16,3.1,16.1,7.1,35.7,14.3,0.16,3.1,18.4,6.2,6.2,0.0,0.18,3.9,18.4,18.8,12.5,0.0,0.17,4.1,12.6,9.1,9.1,0.0,0.19,4.7,0.0,0.0,0.0,0.0,0.0,0.0,0.0,0.0,0.0,0.0,0.0,0.0,0.0,0.0,0.0,0.0,0.0,0.0,2.7,0.0,0.0,0.0,0.18,3.5,16.2,8.3,0.0,0.0,0.14,2.1,81.1,5.0,0.0,0.0,0.16,2.8
20261005,12,3,1800,5289,A2,大阪,25.0,52.0,5.61,38.94,4.43,20.87,14,26.55,30,41.98,4351,A1,福岡,40.0,54.0,7.07,54.64,0.0,0.0,70,40.37,19,23.58,4995,B1,東京,35.0,56.0,4.21,22.54,3.72,17.24,68,28.7,23,35.05,4086,A2,東京,46.0,50.0,6.13,42.0,5.55,31.82,73,33.64,17,50.51,4944,B1,東京,35.0,54.0,4.2,17.05,5.13,37.5,63,24.77,76,29.91,5450,B2,大阪,23.0,52.0,2.05,1.82,1.58,0.0,25,28.3,52,29.41,14.4,53.8,23.1,15.4,0.14,3.3,17.8,12.5,56.2,0.0,0.17,3.5,16.7,6.7,20.0,40.0,0.18,3.2,18.9,17.6,5.9,41.2,0.14,2.8,17.8,6.2,12.5,31.2,0.14,2.9,14.4,23.1,7.7,0.0,0.18,3.3,27.5,63.6,13.6,6.8,0.14,2.3,11.9,15.8,21.1,31.6,0.15,2.8,18.8,46.7,26.7,13.3,0.12,2.0,13.8,22.7,13.6,22.7,0.14,2.5,12.5,20.0,20.0,30.0,0.11,2.2,15.6,12.0,12.0,24.0,0.11,2.4,12.0,50.0,8.3,8.3,0.19,2.3,20.0,20.0,20.0,30.0,0.18,3.5,17.0,17.6,5.9,0.0,0.18,3.1,17.0,23.5,17.6,0.0,0.19,3.2,18.0,16.7,22.2,0.0,0.2,3.8,16.0,6.2,12.5,0.0,0.23,4.6,18.4,57.1,14.3,19.0,0.12,2.3,16.7,10.5,31.6,26.3,0.16,3.1,13.2,26.7,40.0,20.0,0.15,3.1,15.8,16.7,22.2,27.8,0.14,2.8,19.3,4.5,31.8,9.1,0.14,3.4,16.7,5.3,21.1,0.0,0.19,3.8,9.1,37.5,0.0,0.0,0.19,3.5,19.3,11.8,11.8,5.9,0.18,3.3,19.3,11.8,11.8,23.5,0.15,2.5,20.5,5.6,5.6,11.1,0.21,3.6,12.5,18.2,18.2,0.0,0.15,3.1,19.3,5.9,17.6,11.8,0.17,3.2,0.0,0.0,0.0,0.0,0.0,0.0,0.0,0.0,0.0,0.0,0.0,0.0,0.0,0.0,0.0,0.0,0.0,0.0,0.0,0.0,0.0,0.0,0.0,0.0,0.0,0.0,0.0,0.0,0.0,0.0,0.0,0.0,0.0,0.0,0.0,0.0
20261005,12,4,1800,5221,A1,大阪,25.0,54.0,6.74,52.48,5.84,39.31,52,29.36,28,38.78,4136,A1,福岡,46.0,54.0,6.3,41.27,6.22,51.85,80,46.36,38,28.04,3951,B1,大阪,50.0,55.0,4.77,25.3,5.4,35.0,28,29.36,69,36.63,4976,B1,東京,32.0,52.0,4.82,25.81,5.0,33.33,27,37.5,15,27.45,4367,B1,福岡,40.0,53.0,4.51,18.6,5.54,31.43,59,22.73,78,28.57,4330,A2,福岡,43.0,53.0,6.17,46.79,6.54,48.57,20,44.34,14,32.69,21.9,67.6,8.8,5.9,0.14,2.2,14.2,18.2,36.4,18.2,0.15,3.5,16.1,20.0,28.0,20.0,0.15,3.1,16.8,19.2,11.5,23.1,0.14,2.5,16.1,12.0,36.0,20.0,0.16,3.4,14.8,4.3,4.3,17.4,0.16,4.0,21.8,75.0,8.3,12.5,0.13,2.6,16.4,11.1,38.9,33.3,0.17,3.4,14.5,25.0,31.2,12.5,0.15,2.4,14.5,6.2,37.5,31.2,0.17,4.5,15.5,5.9,17.6,29.4,0.19,4.1,17.3,15.8,26.3,0.0,0.2,4.3,15.3,29.4,23.5,5.9,0.19,3.6,21.6,16.7,20.8,20.8,0.19,4.5,18.0,10.0,20.0,25.0,0.21,3.9,15.3,5.9,11.8,41.2,0.18,3.9,18.9,9.5,14.3,19.0,0.2,4.1,10.8,8.3,0.0,0.0,0.23,4.5,17.1,33.3,27.8,33.3,0.19,3.7,16.2,23.5,17.6,17.6,0.22,4.6,19.0,25.0,15.0,15.0,0.18,2.9,21.9,4.3,21.7,17.4,0.21,3.8,16.2,11.8,29.4,0.0,0.2,4.3,9.5,10.0,10.0,0.0,0.2,4.6,15.1,9.1,27.3,18.2,0.18,3.5,15.1,9.1,36.4,0.0,0.18,4.1,17.8,15.4,38.5,0.0,0.19,3.8,17.8,15.4,0.0,0.0,0.28,5.8,17.8,30.8,0.0,0.0,0.26,4.7,16.4,16.7,0.0,0.0,0.26,5.1,20.3,68.0,20.0,8.0,0.14,2.2,14.6,22.2,33.3,0.0,0.12,2.0,21.1,23.1,19.2,15.4,0.13,2.1,14.6,33.3,5.6,16.7,0.12,2.3,15.4,5.3,21.1,26.3,0.11,2.2,13.8,5.9,23.5,0.0,0.11,2.1
20261005,12,5,1800,4411,A2,大阪,40.0,54.0,5.46,33.04,5.05,30.11,51,40.91,35,30.84,4366,A1,東京,40.0,56.0,6.09,37.08,6.62,44.83,12,27.68,81,40.21,4211,B1,東京,43.0,59.0,4.73,30.61,4.96,27.66,50,28.95,25,29.52,4759,A1,東京,36.0,52.0,7.29,53.97,6.95,46.15,37,27.68,63,28.21,3564,B1,福岡,56.0,53.0,4.4,28.0,4.28,22.22,72,30.84,22,46.88,5028,A1,福岡,29.0,51.0,7.08,55.91,6.04,39.13,71,34.55,27,25.24,18.4,69.6,17.4,0.0,0.19,3.7,16.0,15.0,20.0,35.0,0.17,4.0,16.0,15.0,25.0,15.0,0.19,4.1,20.8,30.8,26.9,0.0,0.2,3.9,12.8,6.2,25.0,12.5,0.19,3.4,16.0,10.0,5.0,0.0,0.18,4.0,24.0,72.2,8.3,8.3,0.15,2.8,16.7,16.0,44.0,28.0,0.13,2.7,15.3,17.4,26.1,26.1,0.15,3.1,15.3,21.7,17.4,39.1,0.11,2.6,17.3,19.2,19.2,34.6,0.11,2.3,11.3,11.8,17.6,0.0,0.19,3.4,12.9,8.3,25.0,25.0,0.16,2.9,16.1,13.3,26.7,0.0,0.16,3.7,21.5,10.0,20.0,0.0,0.16,2.3,10.8,30.0,0.0,0.0,0.16,3.3,21.5,5.0,10.0,0.0,0.14,2.7,17.2,12.5,0.0,0.0,0.16,4.5,18.2,61.1,11.1,16.7,0.16,2.9,15.2,20.0,33.3,13.3,0.17,3.7,20.2,15.0,50.0,20.0,0.16,3.3,16.2,6.2,37.5,25.0,0.17,3.7,13.1,23.1,38.5,0.0,0.15,3.5,17.2,23.5,0.0,0.0,0.17,4.2,11.2,23.1,38.5,7.7,0.16,3.8,18.1,19.0,9.5,28.6,0.17,3.5,18.1,14.3,14.3,4.8,0.17,3.6,22.4,11.5,23.1,15.4,0.16,3.2,19.8,4.3,4.3,13.0,0.18,3.5,10.3,0.0,0.0,0.0,0.13,3.8,22.4,72.7,18.2,4.5,0.15,2.8,15.3,26.7,40.0,13.3,0.16,3.5,18.4,33.3,16.7,16.7,0.17,4.1,15.3,6.7,26.7,13.3,0.18,4.4,15.3,13.3,40.0,0.0,0.18,4.5,13.3,23.1,0.0,0.0,0.26,5.7
20261005,12,6,1800,4042,A2,大阪,47.0,53.0,6.98,48.28,6.22,40.68,58,40.91,67,40.2,4082,B1,大阪,47.0,51.0,6.01,43.48,5.22,35.14,56,33.03,72,40.0,4272,B1,福岡,44.0,59.0,5.04,32.11,0.0,0.0,11,40.91,82,44.33,4560,A2,東京,35.0,55.0,5.53,28.79,5.77,38.46,84,32.73,65,36.19,5022,B1,福岡,31.0,49.0,4.18,27.38,4.07,25.93,65,23.15,31,42.0,4357,A1,大阪,42.0,52.0,6.74,54.7,6.42,55.0,19,32.74,86,30.61,21.8,61.3,19.4,3.2,0.17,3.5,14.1,20.0,40.0,15.0,0.16,3.6,16.2,4.3,30.4,39.1,0.15,3.3,16.2,17.4,13.0,21.7,0.16,3.4,13.4,5.3,26.3,21.1,0.19,3.7,18.3,3.8,15.4,19.2,0.2,4.6,12.1,66.7,16.7,16.7,0.11,1.8,17.2,11.8,29.4,5.9,0.17,3.4,17.2,17.6,23.5,23.5,0.17,3.1,17.2,11.8,11.8,23.5,0.18,3.2,23.2,8.7,8.7,17.4,0.2,3.8,13.1,15.4,0.0,0.0,0.21,4.7,9.9,37.5,25.0,0.0,0.14,3.0,18.5,13.3,20.0,26.7,0.15,2.8,21.0,23.5,17.6,0.0,0.15,2.8,14.8,16.7,8.3,33.3,0.18,3.5,17.3,7.1,7.1,0.0,0.17,3.9,18.5,6.7,6.7,0.0,0.21,5.0,18.3,50.0,22.7,9.1,0.14,2.3,19.2,21.7,21.7,26.1,0.14,2.6,15.8,10.5,21.1,36.8,0.15,2.7,15.0,11.1,22.2,22.2,0.12,2.1,15.8,10.5,31.6,15.8,0.14,2.5,15.8,5.3,5.3,21.1,0.2,4.1,10.1,14.3,14.3,0.0,0.18,2.9,20.3,14.3,21.4,7.1,0.18,4.1,15.9,9.1,27.3,0.0,0.18,3.5,17.4,16.7,16.7,0.0,0.18,3.4,20.3,14.3,0.0,0.0,0.18,3.5,15.9,0.0,0.0,0.0,0.19,3.9,23.4,70.0,10.0,10.0,0.15,2.9,21.9,25.0,39.3,7.1,0.19,4.0,14.8,36.8,10.5,21.1,0.18,2.5,15.6,25.0,20.0,30.0,0.16,3.4,13.3,17.6,35.3,35.3,0.2,4.0,10.9,14.3,28.6,0.0,0.22,4.1
20261005,12,7,1800,4702,A1,東京,39.0,52.0,5.92,42.35,6.18,50.0,81,31.13,39,26.26,5105,B1,福岡,27.0,52.0,4.15,22.68,4.75,30.0,61,34.86,16,29.25,4608,A2,東京,37.0,55.0,6.06,43.75,6.5,55.0,67,28.18,79,37.11,4427,A1,大阪,41.0,52.0,7.11,57.01,6.33,43.09,62,29.09,34,30.39,3107,B1,大阪,62.0,53.0,3.87,17.02,5.2,31.71,30,24.56,51,41.67,4059,B1,東京,47.0,57.0,3.84,13.95,5.78,38.89,31,19.23,70,22.33,20.3,79.2,12.5,0.0,0.13,2.8,19.5,21.7,30.4,4.3,0.15,2.9,13.6,37.5,6.2,18.8,0.16,3.8,13.6,18.8,31.2,18.8,0.14,3.2,16.1,26.3,10.5,15.8,0.15,2.3,16.9,25.0,15.0,0.0,0.13,3.3,11.1,50.0,16.7,8.3,0.15,3.3,19.4,4.8,28.6,23.8,0.21,4.2,19.4,9.5,4.8,28.6,0.18,4.0,18.5,5.0,10.0,25.0,0.18,4.2,18.5,5.0,10.0,25.0,0.17,3.7,13.0,0.0,0.0,0.0,0.19,4.0,21.2,61.1,27.8,5.6,0.14,2.8,14.1,25.0,25.0,0.0,0.18,3.9,18.8,25.0,37.5,18.8,0.17,3.6,20.0,5.9,11.8,35.3,0.18,3.2,15.3,7.7,23.1,23.1,0.19,3.1,10.6,22.2,0.0,0.0,0.17,3.9,19.0,77.3,13.6,0.0,0.14,2.2,14.7,5.9,23.5,23.5,0.15,3.3,19.8,26.1,13.0,26.1,0.12,3.1,13.8,12.5,25.0,12.5,0.16,3.2,16.4,15.8,5.3,31.6,0.11,2.6,16.4,5.3,15.8,0.0,0.14,3.7,13.3,20.0,10.0,10.0,0.15,3.2,21.3,25.0,18.8,0.0,0.18,4.3,20.0,13.3,20.0,0.0,0.18,3.7,14.7,9.1,18.2,0.0,0.19,3.3,18.7,7.1,0.0,0.0,0.19,3.6,12.0,22.2,0.0,0.0,0.2,4.2,19.0,34.8,26.1,4.3,0.19,3.7,15.7,15.8,21.1,21.1,0.16,2.8,16.5,10.0,15.0,30.0,0.16,3.2,16.5,15.0,20.0,5.0,0.12,2.6,18.2,13.6,9.1,13.6,0.15,3.0,14.0,5.9,17.6,5.9,0.17,3.4
20261005,12,8,1800,4424,A2,福岡,41.0,50.0,5.4,33.04,4.89,22.22,76,19.27,11,33.65,4104,B1,東京,47.0,56.0,4.81,31.43,3.75,12.5,13,26.32,87,31.25,4422,B1,大阪,38.0,51.0,4.46,22.22,5.05,27.27,36,16.81,84,24.53,4598,B1,東京,42.0,52.0,5.86,42.31,4.4,30.0,23,32.74,89,36.46,4815,B1,東京,36.0,53.0,4.51,25.64,5.43,34.78,57,38.89,55,37.86,3613,A2,東京,53.0,52.0,5.96,42.34,5.32,36.36,16,36.04,74,24.75,19.9,88.9,3.7,0.0,0.15,3.1,19.1,26.9,26.9,15.4,0.17,3.1,16.9,13.0,26.1,26.1,0.15,3.0,19.1,7.7,7.7,30.8,0.17,3.5,11.8,6.2,18.8,25.0,0.15,2.6,13.2,11.1,33.3,0.0,0.17,2.7,16.7,46.7,26.7,0.0,0.16,2.8,15.6,7.1,7.1,42.9,0.15,2.6,15.6,14.3,35.7,7.1,0.17,2.5,21.1,5.3,10.5,21.1,0.15,2.6,15.6,7.1,21.4,0.0,0.13,2.5,15.6,7.1,7.1,7.1,0.14,2.6,12.6,61.5,23.1,7.7,0.16,2.8,17.5,11.1,22.2,33.3,0.15,2.9,20.4,4.8,23.8,9.5,0.18,3.6,17.5,33.3,0.0,0.0,0.18,4.2,20.4,4.8,9.5,9.5,0.18,4.0,11.7,8.3,16.7,0.0,0.2,4.2,19.8,45.5,22.7,4.5,0.14,3.1,15.3,11.8,35.3,17.6,0.16,3.2,14.4,25.0,25.0,12.5,0.14,2.7,18.0,5.0,30.0,20.0,0.16,4.1,12.6,7.1,7.1,14.3,0.14,3.9,19.8,4.5,13.6,0.0,0.21,5.2,15.9,52.9,11.8,0.0,0.2,3.8,12.1,15.4,15.4,7.7,0.21,4.7,15.0,31.2,18.8,0.0,0.21,3.8,16.8,5.6,5.6,22.2,0.19,3.8,11.2,8.3,8.3,25.0,0.16,3.4,29.0,6.5,12.9,0.0,0.21,4.9,21.6,60.0,26.7,6.7,0.14,2.5,15.1,14.3,52.4,9.5,0.15,2.9,15.1,14.3,38.1,9.5,0.13,2.4,16.5,17.4,34.8,21.7,0.14,3.0,15.1,19.0,23.8,0.0,0.19,4.0,16.5,8.7,13.0,0.0,0.2,3.8
20261005,12,9,1800,5028,A1,福岡,29.0,51.0,7.08,55.91,6.04,39.13,71,34.55,27,25.24,5221,A1,大阪,25.0,54.0,6.74,52.48,5.84,39.31,52,29.36,28,38.78,4759,A1,東京,36.0,52.0,7.29,53.97,6.95,46.15,37,27.68,63,28.21,5289,A2,大阪,25.0,52.0,5.61,38.94,4.43,20.87,14,26.55,30,41.98,4651,B1,大阪,41.0,52.0,3.68,12.31,3.24,9.8,24,42.99,54,24.21,4122,A2,福岡,44.0,56.0,5.58,37.17,5.65,41.18,64,49.54,33,39.22,22.4,72.7,18.2,4.5,0.15,2.8,15.3,26.7,40.0,13.3,0.16,3.5,18.4,33.3,16.7,16.7,0.17,4.1,15.3,6.7,26.7,13.3,0.18,4.4,15.3,13.3,40.0,0.0,0.18,4.5,13.3,23.1,0.0,0.0,0.26,5.7,21.9,67.6,8.8,5.9,0.14,2.2,14.2,18.2,36.4,18.2,0.15,3.5,16.1,20.0,28.0,20.0,0.15,3.1,16.8,19.2,11.5,23.1,0.14,2.5,16.1,12.0,36.0,20.0,0.16,3.4,14.8,4.3,4.3,17.4,0.16,4.0,18.2,61.1,11.1,16.7,0.16,2.9,15.2,20.0,33.3,13.3,0.17,3.7,20.2,15.0,50.0,20.0,0.16,3.3,16.2,6.2,37.5,25.0,0.17,3.7,13.1,23.1,38.5,0.0,0.15,3.5,17.2,23.5,0.0,0.0,0.17,4.2,14.4,53.8,23.1,15.4,0.14,3.3,17.8,12.5,56.2,0.0,0.17,3.5,16.7,6.7,20.0,40.0,0.18,3.2,18.9,17.6,5.9,41.2,0.14,2.8,17.8,6.2,12.5,31.2,0.14,2.9,14.4,23.1,7.7,0.0,0.18,3.3,11.2,30.0,10.0,10.0,0.18,3.9,20.2,11.1,11.1,16.7,0.16,3.2,14.6,7.7,15.4,7.7,0.17,3.4,19.1,5.9,17.6,0.0,0.18,3.7,20.2,11.1,5.6,5.6,0.22,4.1,14.6,7.7,15.4,0.0,0.17,3.4,20.1,57.1,7.1,14.3,0.16,3.3,17.3,8.3,33.3,12.5,0.17,3.5,18.0,16.0,20.0,12.0,0.17,2.8,16.5,8.7,8.7,39.1,0.17,3.3,15.1,4.8,23.8,23.8,0.19,4.2,12.9,33.3,0.0,0.0,0.17,4.4
20261005,12,10,1800,4330,A2,福岡,43.0,53.0,6.17,46.79,6.54,48.57,20,44.34,14,32.69,4086,A2,東京,46.0,50.0,6.13,42.0,5.55,31.82,73,33.64,17,50.51,4366,A1,東京,40.0,56.0,6.09,37.08,6.62,44.83,12,27.68,81,40.21,4351,A1,福岡,40.0,54.0,7.07,54.64,0.0,0.0,70,40.37,19,23.58,4136,A1,福岡,46.0,54.0,6.3,41.27,6.22,51.85,80,46.36,38,28.04,3904,B1,大阪,49.0,56.0,4.88,33.33,6.1,45.71,83,29.2,18,27.72,20.3,68.0,20.0,8.0,0.14,2.2,14.6,22.2,33.3,0.0,0.12,2.0,21.1,23.1,19.2,15.4,0.13,2.1,14.6,33.3,5.6,16.7,0.12,2.3,15.4,5.3,21.1,26.3,0.11,2.2,13.8,5.9,23.5,0.0,0.11,2.1,18.4,57.1,14.3,19.0,0.12,2.3,16.7,10.5,31.6,26.3,0.16,3.1,13.2,26.7,40.0,20.0,0.15,3.1,15.8,16.7,22.2,27.8,0.14,2.8,19.3,4.5,31.8,9.1,0.14,3.4,16.7,5.3,21.1,0.0,0.19,3.8,24.0,72.2,8.3,8.3,0.15,2.8,16.7,16.0,44.0,28.0,0.13,2.7,15.3,17.4,26.1,26.1,0.15,3.1,15.3,21.7,17.4,39.1,0.11,2.6,17.3,19.2,19.2,34.6,0.11,2.3,11.3,11.8,17.6,0.0,0.19,3.4,27.5,63.6,13.6,6.8,0.14,2.3,11.9,15.8,21.1,31.6,0.15,2.8,18.8,46.7,26.7,13.3,0.12,2.0,13.8,22.7,13.6,22.7,0.14,2.5,12.5,20.0,20.0,30.0,0.11,2.2,15.6,12.0,12.0,24.0,0.11,2.4,21.8,75.0,8.3,12.5,0.13,2.6,16.4,11.1,38.9,33.3,0.17,3.4,14.5,25.0,31.2,12.5,0.15,2.4,14.5,6.2,37.5,31.2,0.17,4.5,15.5,5.9,17.6,29.4,0.19,4.1,17.3,15.8,26.3,0.0,0.2,4.3,17.5,57.1,21.4,14.3,0.15,2.8,15.0,8.3,33.3,8.3,0.18,3.9,16.2,15.4,15.4,23.1,0.16,3.9,16.2,15.4,7.7,0.0,0.19,3.5,20.0,6.2,18.8,12.5,0.19,4.1,15.0,33.3,0.0,0.0,0.23,4.7
20261005,12,11,1800,4427,A1,大阪,41.0,52.0,7.11,57.01,6.33,43.09,62,29.09,34,30.39,4042,A2,大阪,47.0,53.0,6.98,48.28,6.22,40.68,58,40.91,67,40.2,4357,A1,大阪,42.0,52.0,6.74,54.7,6.42,55.0,19,32.74,86,30.61,4395,B1,福岡,40.0,55.0,4.73,25.58,0.0,0.0,15,27.83,83,26.17,4702,A1,東京,39.0,52.0,5.92,42.35,6.18,50.0,81,31.13,39,26.26,4411,A2,大阪,40.0,54.0,5.46,33.04,5.05,30.11,51,40.91,35,30.84,19.0,77.3,13.6,0.0,0.14,2.2,14.7,5.9,23.5,23.5,0.15,3.3,19.8,26.1,13.0,26.1,0.12,3.1,13.8,12.5,25.0,12.5,0.16,3.2,16.4,15.8,5.3,31.6,0.11,2.6,16.4,5.3,15.8,0.0,0.14,3.7,21.8,61.3,19.4,3.2,0.17,3.5,14.1,20.0,40.0,15.0,0.16,3.6,16.2,4.3,30.4,39.1,0.15,3.3,16.2,17.4,13.0,21.7,0.16,3.4,13.4,5.3,26.3,21.1,0.19,3.7,18.3,3.8,15.4,19.2,0.2,4.6,23.4,70.0,10.0,10.0,0.15,2.9,21.9,25.0,39.3,7.1,0.19,4.0,14.8,36.8,10.5,21.1,0.18,2.5,15.6,25.0,20.0,30.0,0.16,3.4,13.3,17.6,35.3,35.3,0.2,4.0,10.9,14.3,28.6,0.0,0.22,4.1,17.6,57.1,28.6,9.5,0.17,3.4,15.1,11.1,33.3,22.2,0.16,3.2,16.0,10.5,31.6,21.1,0.17,3.7,21.0,12.0,8.0,24.0,0.2,3.8,14.3,5.9,17.6,0.0,0.15,2.9,16.0,5.3,5.3,0.0,0.19,4.3,20.3,79.2,12.5,0.0,0.13,2.8,19.5,21.7,30.4,4.3,0.15,2.9,13.6,37.5,6.2,18.8,0.16,3.8,13.6,18.8,31.2,18.8,0.14,3.2,16.1,26.3,10.5,15.8,0.15,2.3,16.9,25.0,15.0,0.0,0.13,3.3,18.4,69.6,17.4,0.0,0.19,3.7,16.0,15.0,20.0,35.0,0.17,4.0,16.0,15.0,25.0,15.0,0.19,4.1,20.8,30.8,26.9,0.0,0.2,3.9,12.8,6.2,25.0,12.5,0.19,3.4,16.0,10.0,5.0,0.0,0.18,4.0
20261005,12,12,1800,3613,A2,東京,53.0,52.0,5.96,42.34,5.32,36.36,16,36.04,74,24.75,3951,B1,大阪,50.0,55.0,4.77,25.3,5.4,35.0,28,29.36,69,36.63,4560,A2,東京,35.0,55.0,5.53,28.79,5.77,38.46,84,32.73,65,36.19,4608,A2,東京,37.0,55.0,6.06,43.75,6.5,55.0,67,28.18,79,37.11,4211,B1,東京,43.0,59.0,4.73,30.61,4.96,27.66,50,28.95,25,29.52,4424,A2,福岡,41.0,50.0,5.4,33.04,4.89,22.22,76,19.27,11,33.65,21.6,60.0,26.7,6.7,0.14,2.5,15.1,14.3,52.4,9.5,0.15,2.9,15.1,14.3,38.1,9.5,0.13,2.4,16.5,17.4,34.8,21.7,0.14,3.0,15.1,19.0,23.8,0.0,0.19,4.0,16.5,8.7,13.0,0.0,0.2,3.8,15.3,29.4,23.5,5.9,0.19,3.6,21.6,16.7,20.8,20.8,0.19,4.5,18.0,10.0,20.0,25.0,0.21,3.9,15.3,5.9,11.8,41.2,0.18,3.9,18.9,9.5,14.3,19.0,0.2,4.1,10.8,8.3,0.0,0.0,0.23,4.5,18.3,50.0,22.7,9.1,0.14,2.3,19.2,21.7,21.7,26.1,0.14,2.6,15.8,10.5,21.1,36.8,0.15,2.7,15.0,11.1,22.2,22.2,0.12,2.1,15.8,10.5,31.6,15.8,0.14,2.5,15.8,5.3,5.3,21.1,0.2,4.1,21.2,61.1,27.8,5.6,0.14,2.8,14.1,25.0,25.0,0.0,0.18,3.9,18.8,25.0,37.5,18.8,0.17,3.6,20.0,5.9,11.8,35.3,0.18,3.2,15.3,7.7,23.1,23.1,0.19,3.1,10.6,22.2,0.0,0.0,0.17,3.9,12.9,8.3,25.0,25.0,0.16,2.9,16.1,13.3,26.7,0.0,0.16,3.7,21.5,10.0,20.0,0.0,0.16,2.3,10.8,30.0,0.0,0.0,0.16,3.3,21.5,5.0,10.0,0.0,0.14,2.7,17.2,12.5,0.0,0.0,0.16,4.5,19.9,88.9,3.7,0.0,0.15,3.1,19.1,26.9,26.9,15.4,0.17,3.1,16.9,13.0,26.1,26.1,0.15,3.0,19.1,7.7,7.7,30.8,0.17,3.5,11.8,6.2,18.8,25.0,0.15,2.6,13.2,11.1,33.3,0.0,0.17,2.7
20261005,11,1,1800,4649,B1,滋賀,42.0,52.0,5.85,40.35,5.57,36.08,20,36.75,40,28.3,4740,B1,静岡,34.0,53.0,4.34,22.35,3.2,15.0,30,27.0,64,29.91,5242,B1,埼玉,26.0,52.0,3.27,12.5,4.3,20.0,53,29.09,52,46.61,3805,B1,東京,52.0,54.0,5.33,31.52,5.07,29.63,14,36.52,13,22.68,3339,B1,兵庫,61.0,55.0,4.58,30.3,4.74,33.33,21,41.28,53,36.07,5463,B2,大阪,19.0,54.0,1.28,0.0,0.0,0.0,16,28.7,61,37.29,17.2,54.5,9.1,4.5,0.12,2.9,17.2,13.6,9.1,22.7,0.15,3.1,19.5,4.0,16.0,24.0,0.13,2.4,15.6,20.0,10.0,15.0,0.14,2.2,14.1,11.1,33.3,0.0,0.12,2.3,16.4,19.0,0.0,0.0,0.14,3.2,12.9,36.4,18.2,9.1,0.15,3.5,17.6,33.3,40.0,0.0,0.14,2.7,17.6,6.7,33.3,13.3,0.15,3.1,18.8,6.2,18.8,12.5,0.18,3.7,18.8,6.2,12.5,12.5,0.22,4.1,14.1,16.7,0.0,0.0,0.18,4.7,11.2,20.0,20.0,10.0,0.21,3.6,20.2,5.6,11.1,22.2,0.15,3.2,19.1,11.8,5.9,0.0,0.18,3.4,13.5,8.3,16.7,0.0,0.14,2.8,18.0,12.5,25.0,0.0,0.19,3.4,18.0,18.8,0.0,0.0,0.18,3.4,17.6,43.8,6.2,25.0,0.15,2.9,18.7,11.8,29.4,23.5,0.12,3.1,15.4,7.1,21.4,14.3,0.13,2.4,16.5,13.3,6.7,33.3,0.14,2.4,17.6,25.0,18.8,0.0,0.14,2.8,14.3,7.7,7.7,0.0,0.16,4.1,14.6,20.0,40.0,0.0,0.19,3.9,18.4,5.3,21.1,21.1,0.15,3.1,19.4,10.0,20.0,10.0,0.17,3.3,12.6,38.5,7.7,0.0,0.17,3.3,21.4,4.5,4.5,0.0,0.16,3.3,13.6,7.1,14.3,14.3,0.17,3.4,0.0,0.0,0.0,0.0,0.0,0.0,0.0,0.0,0.0,0.0,0.0,0.0,0.0,0.0,0.0,0.0,0.0,0.0,0.0,0.0,0.0,0.0,0.0,0.0,0.0,0.0,0.0,0.0,0.0,0.0,0.0,0.0,0.0,0.0,0.0,0.0
20261005,11,2,1800,4603,B1,長崎,38.0,53.0,6.2,47.73,3.87,13.33,60,13.46,28,11.46,5127,B1,愛知,29.0,50.0,4.35,16.84,4.67,30.0,33,40.18,62,38.02,3629,A2,埼玉,56.0,51.0,5.5,33.33,6.1,42.86,71,31.9,14,9.9,5403,B2,徳島,22.0,52.0,3.08,9.62,1.29,0.0,52,38.6,65,29.09,3922,B1,愛知,51.0,50.0,3.77,16.67,3.33,9.52,43,28.04,29,35.65,4189,A1,福岡,45.0,56.0,5.5,31.73,6.03,48.39,44,29.06,11,37.07,13.5,64.3,14.3,14.3,0.16,2.4,17.3,11.1,22.2,11.1,0.15,2.8,18.3,36.8,10.5,0.0,0.13,2.2,17.3,5.6,11.1,38.9,0.15,2.8,19.2,5.0,10.0,5.0,0.17,2.9,14.4,6.7,20.0,0.0,0.17,3.7,11.0,37.5,12.5,0.0,0.21,3.8,21.9,12.5,18.8,18.8,0.2,4.0,16.4,16.7,33.3,16.7,0.19,4.2,12.3,22.2,22.2,0.0,0.26,4.7,19.2,14.3,28.6,0.0,0.22,4.4,19.2,14.3,0.0,0.0,0.28,5.1,18.5,83.3,8.3,4.2,0.13,2.5,17.7,30.4,26.1,17.4,0.14,2.4,16.9,9.1,4.5,36.4,0.14,2.3,19.2,16.0,16.0,24.0,0.14,2.8,17.7,8.7,21.7,13.0,0.13,2.5,10.0,30.8,0.0,0.0,0.18,3.8,0.0,0.0,0.0,0.0,0.0,0.0,0.0,0.0,0.0,0.0,0.0,0.0,0.0,0.0,0.0,0.0,0.0,0.0,1.3,0.0,0.0,0.0,0.18,5.0,22.7,5.9,0.0,0.0,0.18,4.1,76.0,3.5,0.0,0.0,0.21,4.4,13.1,14.3,28.6,14.3,0.19,3.7,22.4,4.2,12.5,20.8,0.19,4.0,16.8,5.6,16.7,16.7,0.16,3.3,18.7,10.0,20.0,15.0,0.17,3.5,20.6,9.1,0.0,0.0,0.2,3.1,8.4,11.1,0.0,0.0,0.26,4.2,22.5,73.5,2.9,11.8,0.16,2.9,21.9,12.1,21.2,30.3,0.15,3.8,18.5,35.7,21.4,21.4,0.17,2.9,17.9,29.6,22.2,14.8,0.16,3.1,11.9,16.7,5.6,22.2,0.16,3.1,7.3,27.3,0.0,0.0,0.2,4.3
20261005,11,3,1800,3315,B1,愛知,61.0,52.0,4.12,17.95,6.9,50.0,64,29.91,68,45.16,4146,A2,滋賀,44.0,53.0,4.7,24.73,5.28,33.33,37,39.45,51,28.28,4055,A2,兵庫,48.0,52.0,6.77,55.56,5.45,36.36,28,22.55,59,33.91,4905,B1,大阪,31.0,54.0,4.73,26.53,5.21,36.36,40,44.17,22,31.53,3233,B1,岡山,59.0,54.0,4.52,24.0,5.44,25.0,67,36.84,15,41.38,4489,B1,大阪,40.0,55.0,4.9,25.74,4.65,18.92,50,34.55,23,29.09,14.7,18.2,18.2,27.3,0.11,2.6,16.0,16.7,25.0,0.0,0.18,3.8,18.7,35.7,21.4,0.0,0.15,2.9,21.3,6.2,12.5,18.8,0.17,3.4,14.7,9.1,27.3,0.0,0.17,4.0,14.7,18.2,18.2,0.0,0.2,3.9,17.2,76.2,14.3,4.8,0.14,3.0,18.9,8.7,21.7,26.1,0.16,3.4,18.0,13.6,13.6,40.9,0.15,2.8,16.4,20.0,15.0,25.0,0.13,2.6,16.4,15.0,20.0,15.0,0.12,2.1,13.1,12.5,18.8,0.0,0.16,3.0,18.1,65.4,19.2,0.0,0.15,3.2,18.8,22.2,40.7,3.7,0.14,2.7,17.4,8.0,8.0,32.0,0.17,3.5,19.4,7.1,32.1,14.3,0.15,3.4,20.1,3.4,13.8,31.0,0.15,3.2,6.2,11.1,11.1,0.0,0.16,3.7,13.8,45.5,27.3,9.1,0.21,3.9,15.0,8.3,16.7,8.3,0.21,4.8,18.8,13.3,6.7,20.0,0.19,4.1,21.2,23.5,5.9,0.0,0.17,4.2,18.8,20.0,0.0,0.0,0.23,4.7,12.5,0.0,0.0,0.0,0.27,5.0,15.7,43.8,12.5,18.8,0.18,3.2,15.7,6.2,25.0,31.2,0.15,2.4,16.7,17.6,23.5,11.8,0.13,2.9,20.6,9.5,28.6,0.0,0.18,3.5,15.7,6.2,12.5,0.0,0.16,3.3,15.7,18.8,0.0,0.0,0.17,3.8,17.6,63.2,5.3,5.3,0.13,2.4,13.9,26.7,20.0,20.0,0.14,3.1,17.6,5.3,31.6,10.5,0.13,1.8,16.7,5.6,22.2,22.2,0.16,2.6,20.4,4.5,9.1,31.8,0.15,3.9,13.9,6.7,13.3,0.0,0.22,4.6
20261005,11,4,1800,4340,B2,三重,42.0,55.0,3.6,16.67,3.81,18.75,38,28.57,41,43.33,4033,A2,静岡,48.0,53.0,6.17,45.63,5.63,42.5,41,38.39,36,26.0,4382,B1,滋賀,41.0,54.0,4.5,19.61,4.17,15.24,27,29.81,69,45.45,3300,A2,岡山,59.0,53.0,5.89,43.43,6.56,22.22,17,25.23,30,31.03,4079,A2,福岡,47.0,52.0,5.97,42.42,5.84,45.16,24,26.19,12,39.17,4090,B2,埼玉,46.0,55.0,5.99,44.94,5.54,41.46,73,26.53,57,28.57,0.0,0.0,0.0,0.0,0.0,0.0,0.0,0.0,0.0,0.0,0.0,0.0,0.0,0.0,0.0,0.0,0.0,0.0,0.0,0.0,0.0,0.0,0.0,0.0,0.0,0.0,0.0,0.0,0.0,0.0,0.0,0.0,0.0,0.0,0.0,0.0,19.0,77.3,18.2,0.0,0.13,2.1,21.6,12.0,32.0,24.0,0.15,3.3,13.8,6.2,43.8,12.5,0.17,3.0,14.7,23.5,11.8,23.5,0.15,3.4,15.5,5.6,27.8,11.1,0.16,3.8,15.5,22.2,16.7,0.0,0.16,3.1,9.4,37.5,25.0,0.0,0.12,2.9,18.8,12.5,37.5,25.0,0.18,2.9,17.6,6.7,6.7,26.7,0.17,3.5,24.7,4.8,52.4,0.0,0.22,3.9,15.3,15.4,15.4,0.0,0.19,3.8,14.1,8.3,25.0,0.0,0.23,5.3,21.0,60.0,8.0,4.0,0.17,3.4,18.5,9.1,27.3,27.3,0.15,3.3,15.1,16.7,27.8,5.6,0.14,2.4,13.4,6.2,25.0,25.0,0.15,3.5,15.1,5.6,22.2,5.6,0.16,3.4,16.8,10.0,35.0,0.0,0.18,3.9,20.2,50.0,22.7,9.1,0.19,3.8,15.6,17.6,17.6,29.4,0.19,4.0,17.4,26.3,21.1,26.3,0.21,3.6,17.4,21.1,31.6,0.0,0.19,4.4,13.8,6.7,20.0,0.0,0.15,3.9,15.6,17.6,17.6,0.0,0.17,4.2,19.3,50.0,18.8,0.0,0.11,2.0,15.7,15.4,46.2,15.4,0.15,3.5,12.0,40.0,50.0,0.0,0.14,2.9,9.6,12.5,25.0,25.0,0.18,3.8,19.3,18.8,12.5,0.0,0.16,3.3,24.1,5.0,10.0,15.0,0.22,4.7
20261005,11,5,1800,4926,A1,三重,33.0,52.0,7.11,60.53,7.44,62.79,66,33.06,50,29.09,3850,B1,群馬,54.0,53.0,4.46,23.16,5.1,30.0,48,31.3,71,31.86,4066,A2,三重,46.0,53.0,6.25,45.71,7.4,70.0,63,27.52,67,22.22,5382,B1,福岡,21.0,50.0,2.02,1.14,0.0,0.0,65,31.9,70,36.28,4588,A2,福岡,35.0,57.0,5.45,38.14,5.86,42.86,12,45.9,48,28.28,5463,B2,大阪,19.0,54.0,1.28,0.0,0.0,0.0,16,28.7,61,37.29,25.8,88.0,4.0,0.0,0.14,2.5,17.5,29.4,11.8,41.2,0.2,3.8,13.4,15.4,46.2,15.4,0.14,2.5,13.4,46.2,15.4,15.4,0.14,2.4,15.5,46.7,20.0,26.7,0.14,2.7,14.4,21.4,28.6,21.4,0.18,3.5,13.4,75.0,12.5,0.0,0.14,1.8,18.5,13.6,18.2,13.6,0.15,2.7,18.5,9.1,9.1,31.8,0.13,3.2,16.8,15.0,20.0,10.0,0.15,2.8,19.3,8.7,17.4,13.0,0.12,2.1,13.4,6.2,25.0,0.0,0.17,3.3,19.3,66.7,14.3,9.5,0.17,3.0,15.6,11.8,29.4,29.4,0.17,4.2,17.4,5.3,31.6,15.8,0.19,3.5,15.6,11.8,41.2,0.0,0.19,4.1,19.3,9.5,9.5,28.6,0.17,3.7,12.8,7.1,7.1,42.9,0.17,4.3,0.0,0.0,0.0,0.0,0.0,0.0,0.0,0.0,0.0,0.0,0.0,0.0,1.5,0.0,0.0,0.0,0.17,6.0,26.9,5.6,5.6,5.6,0.16,3.2,32.8,13.6,0.0,0.0,0.16,3.7,38.8,3.8,3.8,0.0,0.18,3.6,16.9,47.6,23.8,0.0,0.11,1.7,16.9,9.5,52.4,14.3,0.14,2.8,13.7,11.8,17.6,29.4,0.14,2.6,19.4,12.5,41.7,12.5,0.14,2.7,21.0,7.7,7.7,23.1,0.17,4.0,12.1,6.7,6.7,0.0,0.17,4.9,0.0,0.0,0.0,0.0,0.0,0.0,0.0,0.0,0.0,0.0,0.0,0.0,0.0,0.0,0.0,0.0,0.0,0.0,0.0,0.0,0.0,0.0,0.0,0.0,0.0,0.0,0.0,0.0,0.0,0.0,0.0,0.0,0.0,0.0,0.0,0.0
20261005,11,6,1800,3370,B1,大阪,59.0,53.0,3.89,21.54,3.4,11.63,11,45.76,73,21.88,3339,B1,兵庫,61.0,55.0,4.58,30.3,4.74,33.33,21,41.28,53,36.07,4437,A2,香川,40.0,55.0,6.16,44.83,7.33,61.9,35,25.89,58,36.0,3719,A1,広島,51.0,52.0,6.61,43.43,5.31,12.5,22,28.3,39,37.07,4241,A2,長崎,41.0,53.0,5.64,38.14,6.44,55.56,46,30.7,66,28.95,5430,B2,三重,22.0,51.0,1.39,0.0,0.71,0.0,57,46.67,24,39.17,13.5,33.3,8.3,25.0,0.17,3.3,23.6,4.8,9.5,4.8,0.21,4.4,14.6,15.4,30.8,0.0,0.16,2.7,16.9,20.0,6.7,0.0,0.16,3.6,22.5,5.0,10.0,0.0,0.16,3.4,9.0,12.5,12.5,0.0,0.26,5.1,14.6,20.0,40.0,0.0,0.19,3.9,18.4,5.3,21.1,21.1,0.15,3.1,19.4,10.0,20.0,10.0,0.17,3.3,12.6,38.5,7.7,0.0,0.17,3.3,21.4,4.5,4.5,0.0,0.16,3.3,13.6,7.1,14.3,14.3,0.17,3.4,21.0,61.5,19.2,3.8,0.14,2.3,16.9,4.8,52.4,4.8,0.17,3.6,16.9,9.5,38.1,14.3,0.15,3.5,13.7,23.5,23.5,17.6,0.17,3.1,16.1,30.0,25.0,0.0,0.17,4.2,15.3,26.3,0.0,0.0,0.17,3.7,20.0,63.6,9.1,22.7,0.16,3.2,16.4,11.1,44.4,16.7,0.13,3.4,15.5,5.9,41.2,29.4,0.16,3.2,13.6,13.3,20.0,13.3,0.16,3.2,20.9,17.4,17.4,30.4,0.14,2.9,13.6,6.7,20.0,26.7,0.16,3.9,16.3,50.0,27.3,13.6,0.14,2.7,16.3,4.5,40.9,13.6,0.17,3.5,20.7,10.7,39.3,25.0,0.16,2.8,15.6,4.8,14.3,28.6,0.17,4.0,17.8,8.3,12.5,29.2,0.17,3.8,13.3,11.1,33.3,0.0,0.24,4.5,0.0,0.0,0.0,0.0,0.0,0.0,0.0,0.0,0.0,0.0,0.0,0.0,0.0,0.0,0.0,0.0,0.0,0.0,0.0,0.0,0.0,0.0,0.0,0.0,0.0,0.0,0.0,0.0,0.0,0.0,100.0,2.9,1.4,0.0,0.18,3.4
20261005,11,7,1800,3889,B1,群馬,51.0,56.0,3.63,17.14,3.28,16.67,31,36.36,49,40.17,3805,B1,東京,52.0,54.0,5.33,31.52,5.07,29.63,14,36.52,13,22.68,3627,A2,福岡,57.0,54.0,4.13,25.3,5.71,44.74,49,36.84,16,21.43,4603,B1,長崎,38.0,53.0,6.2,47.73,3.87,13.33,60,13.46,28,11.46,4743,A1,滋賀,34.0,55.0,6.39,41.8,6.55,46.74,61,43.36,60,34.43,5147,B1,埼玉,32.0,51.0,4.23,18.75,0.0,0.0,19,38.18,38,42.98,14.0,21.4,28.6,7.1,0.17,2.8,17.0,5.9,17.6,23.5,0.16,2.6,20.0,5.0,5.0,20.0,0.17,3.0,17.0,11.8,23.5,0.0,0.18,3.7,17.0,11.8,5.9,0.0,0.19,3.4,15.0,13.3,0.0,0.0,0.18,3.5,17.6,43.8,6.2,25.0,0.15,2.9,18.7,11.8,29.4,23.5,0.12,3.1,15.4,7.1,21.4,14.3,0.13,2.4,16.5,13.3,6.7,33.3,0.14,2.4,17.6,25.0,18.8,0.0,0.14,2.8,14.3,7.7,7.7,0.0,0.16,4.1,17.1,52.6,31.6,5.3,0.14,2.8,19.8,4.5,13.6,36.4,0.2,3.8,20.7,8.7,30.4,13.0,0.19,3.7,26.1,17.2,17.2,6.9,0.18,3.1,12.6,7.1,7.1,0.0,0.18,3.4,3.6,50.0,0.0,0.0,0.23,4.8,13.5,64.3,14.3,14.3,0.16,2.4,17.3,11.1,22.2,11.1,0.15,2.8,18.3,36.8,10.5,0.0,0.13,2.2,17.3,5.6,11.1,38.9,0.15,2.8,19.2,5.0,10.0,5.0,0.17,2.9,14.4,6.7,20.0,0.0,0.17,3.7,19.7,64.5,25.8,6.5,0.13,2.2,19.1,23.3,23.3,30.0,0.15,2.8,13.4,14.3,28.6,19.0,0.14,3.1,17.2,7.4,29.6,22.2,0.15,3.3,16.6,3.8,11.5,34.6,0.12,2.3,14.0,18.2,40.9,0.0,0.18,4.0,13.6,33.3,25.0,16.7,0.12,1.6,14.8,15.4,15.4,0.0,0.16,3.4,22.7,20.0,25.0,10.0,0.14,2.5,19.3,11.8,5.9,23.5,0.14,2.5,11.4,0.0,0.0,0.0,0.16,1.8,18.2,0.0,0.0,0.0,0.14,2.5
20261005,11,8,1800,4055,A2,兵庫,48.0,52.0,6.77,55.56,5.45,36.36,28,22.55,59,33.91,4564,B1,広島,38.0,53.0,4.28,18.81,0.0,0.0,23,27.45,63,20.2,4189,A1,福岡,45.0,56.0,5.5,31.73,6.03,48.39,44,29.06,11,37.07,4740,B1,静岡,34.0,53.0,4.34,22.35,3.2,15.0,30,27.0,64,29.91,4375,A2,兵庫,42.0,53.0,5.62,35.71,6.16,46.51,13,43.86,17,38.6,5400,B2,滋賀,24.0,52.0,2.72,5.88,1.63,1.33,45,42.24,55,28.57,18.1,65.4,19.2,0.0,0.15,3.2,18.8,22.2,40.7,3.7,0.14,2.7,17.4,8.0,8.0,32.0,0.17,3.5,19.4,7.1,32.1,14.3,0.15,3.4,20.1,3.4,13.8,31.0,0.15,3.2,6.2,11.1,11.1,0.0,0.16,3.7,15.4,25.0,31.2,25.0,0.18,3.9,12.5,7.7,53.8,7.7,0.19,4.2,21.2,4.5,31.8,18.2,0.18,3.6,20.2,4.8,19.0,23.8,0.19,4.2,18.3,10.5,21.1,0.0,0.22,4.4,12.5,7.7,0.0,0.0,0.19,4.8,22.5,73.5,2.9,11.8,0.16,2.9,21.9,12.1,21.2,30.3,0.15,3.8,18.5,35.7,21.4,21.4,0.17,2.9,17.9,29.6,22.2,14.8,0.16,3.1,11.9,16.7,5.6,22.2,0.16,3.1,7.3,27.3,0.0,0.0,0.2,4.3,12.9,36.4,18.2,9.1,0.15,3.5,17.6,33.3,40.0,0.0,0.14,2.7,17.6,6.7,33.3,13.3,0.15,3.1,18.8,6.2,18.8,12.5,0.18,3.7,18.8,6.2,12.5,12.5,0.22,4.1,14.1,16.7,0.0,0.0,0.18,4.7,19.8,60.0,28.0,4.0,0.17,3.3,11.9,6.7,33.3,20.0,0.16,3.7,19.8,24.0,40.0,16.0,0.15,2.7,14.3,16.7,22.2,5.6,0.17,3.3,19.0,8.3,12.5,37.5,0.16,3.3,15.1,10.5,26.3,0.0,0.2,4.2,0.0,0.0,0.0,0.0,0.0,0.0,0.0,0.0,0.0,0.0,0.0,0.0,0.0,0.0,0.0,0.0,0.0,0.0,18.1,0.0,0.0,0.0,0.22,4.5,22.2,0.0,0.0,0.0,0.17,3.4,59.7,2.3,4.7,0.0,0.18,3.7
20261005,11,9,1800,4066,A2,三重,46.0,53.0,6.25,45.71,7.4,70.0,63,27.52,67,22.22,4489,B1,大阪,40.0,55.0,4.9,25.74,4.65,18.92,50,34.55,23,29.09,4649,B1,滋賀,42.0,52.0,5.85,40.35,5.57,36.08,20,36.75,40,28.3,5126,A1,兵庫,30.0,52.0,6.83,54.17,6.26,50.0,39,37.29,26,31.3,5403,B2,徳島,22.0,52.0,3.08,9.62,1.29,0.0,52,38.6,65,29.09,4305,A1,群馬,43.0,54.0,7.01,54.44,7.31,55.56,70,31.9,21,30.36,19.3,66.7,14.3,9.5,0.17,3.0,15.6,11.8,29.4,29.4,0.17,4.2,17.4,5.3,31.6,15.8,0.19,3.5,15.6,11.8,41.2,0.0,0.19,4.1,19.3,9.5,9.5,28.6,0.17,3.7,12.8,7.1,7.1,42.9,0.17,4.3,17.6,63.2,5.3,5.3,0.13,2.4,13.9,26.7,20.0,20.0,0.14,3.1,17.6,5.3,31.6,10.5,0.13,1.8,16.7,5.6,22.2,22.2,0.16,2.6,20.4,4.5,9.1,31.8,0.15,3.9,13.9,6.7,13.3,0.0,0.22,4.6,17.2,54.5,9.1,4.5,0.12,2.9,17.2,13.6,9.1,22.7,0.15,3.1,19.5,4.0,16.0,24.0,0.13,2.4,15.6,20.0,10.0,15.0,0.14,2.2,14.1,11.1,33.3,0.0,0.12,2.3,16.4,19.0,0.0,0.0,0.14,3.2,22.0,70.8,12.5,0.0,0.14,3.3,14.7,6.2,31.2,31.2,0.15,3.4,17.4,36.8,26.3,10.5,0.15,2.7,16.5,27.8,33.3,11.1,0.14,3.0,13.8,13.3,26.7,0.0,0.19,3.5,15.6,17.6,17.6,0.0,0.16,3.5,0.0,0.0,0.0,0.0,0.0,0.0,0.0,0.0,0.0,0.0,0.0,0.0,0.0,0.0,0.0,0.0,0.0,0.0,1.3,0.0,0.0,0.0,0.18,5.0,22.7,5.9,0.0,0.0,0.18,4.1,76.0,3.5,0.0,0.0,0.21,4.4,24.8,73.3,16.7,3.3,0.16,2.6,15.7,26.3,31.6,21.1,0.13,2.5,13.2,37.5,18.8,12.5,0.15,2.9,15.7,21.1,15.8,31.6,0.17,2.8,14.9,22.2,33.3,16.7,0.13,3.2,15.7,15.8,21.1,31.6,0.14,2.8
20261005,11,10,1800,4437,A2,香川,40.0,55.0,6.16,44.83,7.33,61.9,35,25.89,58,36.0,3966,A1,東京,47.0,54.0,6.42,46.61,5.73,32.43,15,27.1,34,41.03,3315,B1,愛知,61.0,52.0,4.12,17.95,6.9,50.0,64,29.91,68,45.16,4926,A1,三重,33.0,52.0,7.11,60.53,7.44,62.79,66,33.06,50,29.09,4382,B1,滋賀,41.0,54.0,4.5,19.61,4.17,15.24,27,29.81,69,45.45,4641,B1,東京,35.0,50.0,3.45,12.9,5.9,38.71,59,30.48,45,30.09,21.0,61.5,19.2,3.8,0.14,2.3,16.9,4.8,52.4,4.8,0.17,3.6,16.9,9.5,38.1,14.3,0.15,3.5,13.7,23.5,23.5,17.6,0.17,3.1,16.1,30.0,25.0,0.0,0.17,4.2,15.3,26.3,0.0,0.0,0.17,3.7,23.0,64.5,12.9,12.9,0.16,4.1,17.0,17.4,30.4,21.7,0.17,3.3,17.0,13.0,21.7,13.0,0.17,3.3,14.1,21.1,10.5,36.8,0.16,3.2,14.1,10.5,15.8,31.6,0.19,4.0,14.8,5.0,5.0,30.0,0.2,3.9,14.7,18.2,18.2,27.3,0.11,2.6,16.0,16.7,25.0,0.0,0.18,3.8,18.7,35.7,21.4,0.0,0.15,2.9,21.3,6.2,12.5,18.8,0.17,3.4,14.7,9.1,27.3,0.0,0.17,4.0,14.7,18.2,18.2,0.0,0.2,3.9,25.8,88.0,4.0,0.0,0.14,2.5,17.5,29.4,11.8,41.2,0.2,3.8,13.4,15.4,46.2,15.4,0.14,2.5,13.4,46.2,15.4,15.4,0.14,2.4,15.5,46.7,20.0,26.7,0.14,2.7,14.4,21.4,28.6,21.4,0.18,3.5,9.4,37.5,25.0,0.0,0.12,2.9,18.8,12.5,37.5,25.0,0.18,2.9,17.6,6.7,6.7,26.7,0.17,3.5,24.7,4.8,52.4,0.0,0.22,3.9,15.3,15.4,15.4,0.0,0.19,3.8,14.1,8.3,25.0,0.0,0.23,5.3,13.3,69.2,15.4,0.0,0.15,2.5,16.3,12.5,18.8,0.0,0.17,3.4,22.4,9.1,18.2,18.2,0.2,3.3,21.4,4.8,9.5,42.9,0.2,3.4,15.3,20.0,13.3,0.0,0.17,3.9,11.2,36.4,0.0,0.0,0.25,4.7
20261005,11,11,1800,3719,A1,広島,51.0,52.0,6.61,43.43,5.31,12.5,22,28.3,39,37.07,4905,B1,大阪,31.0,54.0,4.73,26.53,5.21,36.36,40,44.17,22,31.53,4588,A2,福岡,35.0,57.0,5.45,38.14,5.86,42.86,12,45.9,48,28.28,4033,A2,静岡,48.0,53.0,6.17,45.63,5.63,42.5,41,38.39,36,26.0,5242,B1,埼玉,26.0,52.0,3.27,12.5,4.3,20.0,53,29.09,52,46.61,3627,A2,福岡,57.0,54.0,4.13,25.3,5.71,44.74,49,36.84,16,21.43,20.0,63.6,9.1,22.7,0.16,3.2,16.4,11.1,44.4,16.7,0.13,3.4,15.5,5.9,41.2,29.4,0.16,3.2,13.6,13.3,20.0,13.3,0.16,3.2,20.9,17.4,17.4,30.4,0.14,2.9,13.6,6.7,20.0,26.7,0.16,3.9,13.8,45.5,27.3,9.1,0.21,3.9,15.0,8.3,16.7,8.3,0.21,4.8,18.8,13.3,6.7,20.0,0.19,4.1,21.2,23.5,5.9,0.0,0.17,4.2,18.8,20.0,0.0,0.0,0.23,4.7,12.5,0.0,0.0,0.0,0.27,5.0,16.9,47.6,23.8,0.0,0.11,1.7,16.9,9.5,52.4,14.3,0.14,2.8,13.7,11.8,17.6,29.4,0.14,2.6,19.4,12.5,41.7,12.5,0.14,2.7,21.0,7.7,7.7,23.1,0.17,4.0,12.1,6.7,6.7,0.0,0.17,4.9,19.0,77.3,18.2,0.0,0.13,2.1,21.6,12.0,32.0,24.0,0.15,3.3,13.8,6.2,43.8,12.5,0.17,3.0,14.7,23.5,11.8,23.5,0.15,3.4,15.5,5.6,27.8,11.1,0.16,3.8,15.5,22.2,16.7,0.0,0.16,3.1,11.2,20.0,20.0,10.0,0.21,3.6,20.2,5.6,11.1,22.2,0.15,3.2,19.1,11.8,5.9,0.0,0.18,3.4,13.5,8.3,16.7,0.0,0.14,2.8,18.0,12.5,25.0,0.0,0.19,3.4,18.0,18.8,0.0,0.0,0.18,3.4,17.1,52.6,31.6,5.3,0.14,2.8,19.8,4.5,13.6,36.4,0.2,3.8,20.7,8.7,30.4,13.0,0.19,3.7,26.1,17.2,17.2,6.9,0.18,3.1,12.6,7.1,7.1,0.0,0.18,3.4,3.6,50.0,0.0,0.0,0.23,4.8
20261005,11,12,1800,4743,A1,滋賀,34.0,55.0,6.39,41.8,6.55,46.74,61,43.36,60,34.43,3300,A2,岡山,59.0,53.0,5.89,43.43,6.56,22.22,17,25.23,30,31.03,4241,A2,長崎,41.0,53.0,5.64,38.14,6.44,55.56,46,30.7,66,28.95,3850,B1,群馬,54.0,53.0,4.46,23.16,5.1,30.0,48,31.3,71,31.86,4146,A2,滋賀,44.0,53.0,4.7,24.73,5.28,33.33,37,39.45,51,28.28,5127,B1,愛知,29.0,50.0,4.35,16.84,4.67,30.0,33,40.18,62,38.02,19.7,64.5,25.8,6.5,0.13,2.2,19.1,23.3,23.3,30.0,0.15,2.8,13.4,14.3,28.6,19.0,0.14,3.1,17.2,7.4,29.6,22.2,0.15,3.3,16.6,3.8,11.5,34.6,0.12,2.3,14.0,18.2,40.9,0.0,0.18,4.0,21.0,60.0,8.0,4.0,0.17,3.4,18.5,9.1,27.3,27.3,0.15,3.3,15.1,16.7,27.8,5.6,0.14,2.4,13.4,6.2,25.0,25.0,0.15,3.5,15.1,5.6,22.2,5.6,0.16,3.4,16.8,10.0,35.0,0.0,0.18,3.9,16.3,50.0,27.3,13.6,0.14,2.7,16.3,4.5,40.9,13.6,0.17,3.5,20.7,10.7,39.3,25.0,0.16,2.8,15.6,4.8,14.3,28.6,0.17,4.0,17.8,8.3,12.5,29.2,0.17,3.8,13.3,11.1,33.3,0.0,0.24,4.5,13.4,75.0,12.5,0.0,0.14,1.8,18.5,13.6,18.2,13.6,0.15,2.7,18.5,9.1,9.1,31.8,0.13,3.2,16.8,15.0,20.0,10.0,0.15,2.8,19.3,8.7,17.4,13.0,0.12,2.1,13.4,6.2,25.0,0.0,0.17,3.3,17.2,76.2,14.3,4.8,0.14,3.0,18.9,8.7,21.7,26.1,0.16,3.4,18.0,13.6,13.6,40.9,0.15,2.8,16.4,20.0,15.0,25.0,0.13,2.6,16.4,15.0,20.0,15.0,0.12,2.1,13.1,12.5,18.8,0.0,0.16,3.0,11.0,37.5,12.5,0.0,0.21,3.8,21.9,12.5,18.8,18.8,0.2,4.0,16.4,16.7,33.3,16.7,0.19,4.2,12.3,22.2,22.2,0.0,0.26,4.7,19.2,14.3,28.6,0.0,0.22,4.4,19.2,14.3,0.0,0.0,0.28,5.1
20261005,10,1,1800,5084,A1,佐賀,27.0,52.0,7.0,53.57,7.36,54.55,14,34.31,57,30.94,4391,A1,福井,40.0,51.0,7.05,54.62,7.07,54.32,30,43.97,69,28.77,4504,A1,福岡,38.0,55.0,6.98,52.68,7.24,47.06,34,37.58,47,32.09,4604,A1,愛知,38.0,53.0,7.43,54.62,7.8,60.0,58,32.21,56,32.86,4524,A1,静岡,38.0,52.0,6.63,38.55,6.44,37.5,64,34.65,50,34.06,4856,A1,三重,30.0,53.0,7.49,62.88,7.31,56.25,29,29.85,46,35.97,20.5,80.8,7.7,3.8,0.12,3.1,17.3,22.7,27.3,22.7,0.14,3.2,16.5,9.5,33.3,28.6,0.12,2.7,15.7,15.0,20.0,30.0,0.11,2.7,15.0,10.5,5.3,15.8,0.14,2.8,15.0,15.8,21.1,0.0,0.16,4.4,21.6,76.2,19.0,0.0,0.16,3.0,14.4,14.3,50.0,0.0,0.14,3.5,15.5,13.3,13.3,26.7,0.14,2.9,21.6,14.3,28.6,9.5,0.15,3.4,14.4,7.1,35.7,0.0,0.14,3.6,12.4,8.3,0.0,0.0,0.18,3.8,22.6,66.7,8.3,8.3,0.15,2.9,16.0,5.9,29.4,17.6,0.19,4.1,16.0,23.5,29.4,11.8,0.17,4.1,11.3,8.3,16.7,16.7,0.14,2.9,18.9,5.0,15.0,25.0,0.13,3.9,15.1,6.2,12.5,6.2,0.15,3.8,20.0,88.5,3.8,3.8,0.13,2.0,16.9,27.3,36.4,13.6,0.13,3.0,17.7,8.7,34.8,26.1,0.15,3.6,13.1,11.8,11.8,47.1,0.15,3.5,19.2,8.0,16.0,20.0,0.15,3.8,13.1,17.6,0.0,0.0,0.16,4.4,20.0,88.5,3.8,3.8,0.09,2.1,17.7,8.7,39.1,13.0,0.14,3.4,11.5,20.0,6.7,33.3,0.12,2.5,16.9,4.5,22.7,18.2,0.1,1.9,20.8,7.4,14.8,22.2,0.12,2.9,13.1,5.9,17.6,0.0,0.12,2.9,19.1,74.1,7.4,11.1,0.14,2.6,19.1,18.5,37.0,14.8,0.13,3.0,16.3,17.4,34.8,21.7,0.13,2.9,15.6,18.2,9.1,18.2,0.13,2.7,17.0,12.5,25.0,25.0,0.13,3.7,12.8,5.6,11.1,22.2,0.18,4.2
20261005,10,2,1800,4566,A1,福岡,38.0,54.0,6.75,45.98,7.15,55.0,45,37.12,38,33.07,4337,A1,愛知,42.0,56.0,7.14,43.64,7.67,61.11,17,35.1,51,32.87,3737,A1,広島,52.0,52.0,6.85,50.56,6.77,48.72,39,34.07,55,32.56,4857,A1,兵庫,29.0,57.0,7.13,53.91,7.9,60.0,13,39.26,16,37.9,4019,A1,静岡,46.0,52.0,7.31,59.81,6.5,56.25,46,36.62,53,31.76,3942,A1,山口,48.0,55.0,6.56,45.54,7.4,60.0,63,35.77,34,36.84,18.3,72.7,4.5,4.5,0.15,2.9,12.5,20.0,20.0,13.3,0.12,2.7,19.2,13.0,17.4,30.4,0.16,3.1,16.7,5.0,25.0,20.0,0.13,2.7,19.2,8.7,8.7,26.1,0.12,3.1,14.2,5.9,17.6,0.0,0.14,3.6,23.3,67.9,21.4,0.0,0.13,2.9,14.2,11.8,29.4,29.4,0.15,3.8,18.3,9.1,22.7,31.8,0.15,3.1,10.8,23.1,23.1,30.8,0.13,2.8,24.2,17.2,31.0,20.7,0.12,2.7,9.2,9.1,18.2,9.1,0.15,3.7,20.7,72.0,12.0,12.0,0.14,3.2,19.0,26.1,39.1,17.4,0.16,3.4,17.4,38.1,23.8,4.8,0.16,2.7,13.2,6.2,50.0,0.0,0.18,3.7,15.7,10.5,15.8,42.1,0.18,4.4,14.0,5.9,17.6,0.0,0.2,4.6,20.0,77.8,5.6,5.6,0.15,2.2,20.0,22.2,33.3,27.8,0.16,3.3,12.2,18.2,36.4,18.2,0.13,2.8,15.6,28.6,50.0,7.1,0.18,3.5,17.8,25.0,12.5,25.0,0.16,3.7,14.4,15.4,23.1,0.0,0.19,4.5,21.1,76.9,7.7,7.7,0.14,2.7,15.4,57.9,15.8,0.0,0.16,3.0,14.6,16.7,27.8,16.7,0.16,3.7,13.0,18.8,18.8,37.5,0.17,3.7,18.7,13.0,13.0,8.7,0.18,3.6,17.1,4.8,9.5,9.5,0.2,5.0,25.7,55.2,13.8,10.3,0.13,3.4,18.6,9.5,23.8,28.6,0.16,2.9,16.8,15.8,47.4,5.3,0.14,3.4,13.3,20.0,26.7,20.0,0.13,2.5,17.7,20.0,20.0,10.0,0.14,2.9,8.0,33.3,0.0,0.0,0.14,3.6
20261005,10,3,1800,4547,A1,埼玉,38.0,51.0,7.05,49.5,7.29,50.0,55,34.07,20,31.62,4757,A1,徳島,37.0,53.0,6.67,48.67,4.6,20.0,69,31.78,42,31.62,4030,A1,香川,48.0,49.0,6.56,34.91,4.63,12.5,36,33.79,72,32.59,3590,A1,東京,52.0,56.0,7.18,50.89,5.43,28.57,44,36.43,30,36.43,4290,A1,兵庫,41.0,52.0,6.94,49.09,7.04,52.83,43,42.22,19,36.88,5267,A1,大阪,26.0,51.0,6.43,49.47,6.32,49.06,21,33.33,44,39.5,21.6,40.0,32.0,16.0,0.15,3.3,13.8,12.5,31.2,18.8,0.16,3.6,13.8,18.8,18.8,18.8,0.14,2.8,16.4,5.3,31.6,21.1,0.14,3.1,20.7,8.3,20.8,20.8,0.18,3.5,13.8,6.2,31.2,0.0,0.19,4.2,22.4,73.3,10.0,6.7,0.14,2.8,14.9,15.0,35.0,30.0,0.16,3.8,17.9,20.8,20.8,16.7,0.15,2.7,15.7,14.3,28.6,28.6,0.15,3.0,18.7,8.0,28.0,32.0,0.14,3.0,10.4,14.3,7.1,14.3,0.16,3.6,19.6,59.3,18.5,0.0,0.14,3.9,16.7,39.1,21.7,0.0,0.15,3.6,17.4,16.7,20.8,33.3,0.15,3.4,15.9,9.1,27.3,22.7,0.11,2.6,15.9,4.5,4.5,40.9,0.13,2.8,14.5,5.0,5.0,0.0,0.16,4.4,21.1,61.5,3.8,7.7,0.13,2.4,15.4,26.3,36.8,21.1,0.14,2.8,16.3,10.0,30.0,20.0,0.16,2.8,18.7,13.0,26.1,21.7,0.13,3.3,13.8,5.9,29.4,17.6,0.15,3.2,14.6,5.6,11.1,22.2,0.17,4.1,22.2,67.9,17.9,14.3,0.13,2.2,13.5,23.5,35.3,11.8,0.12,2.4,15.1,15.8,31.6,10.5,0.16,2.6,15.1,5.3,36.8,26.3,0.1,2.4,15.9,10.0,10.0,20.0,0.11,2.5,18.3,8.7,4.3,30.4,0.13,3.0,19.9,72.4,3.4,6.9,0.16,3.0,16.4,29.2,20.8,16.7,0.15,3.8,15.1,31.8,22.7,22.7,0.15,2.8,17.1,20.0,32.0,24.0,0.14,2.6,14.4,28.6,4.8,23.8,0.13,2.5,17.1,4.0,12.0,16.0,0.16,3.4
20261005,10,4,1800,4044,A1,大阪,47.0,53.0,6.42,38.46,7.04,43.48,33,36.76,31,41.94,4237,A1,山口,42.0,52.0,7.57,55.75,6.88,52.0,70,37.5,58,41.38,4682,A1,広島,36.0,53.0,7.17,49.11,7.54,53.85,28,31.33,61,38.93,4532,A1,埼玉,37.0,50.0,6.89,58.02,7.45,61.9,31,35.66,15,38.41,4262,A1,滋賀,42.0,55.0,7.81,56.45,7.14,51.35,18,32.09,28,41.35,4688,A1,東京,33.0,52.0,6.92,51.67,6.79,48.84,19,33.81,33,34.81,21.4,70.0,16.7,0.0,0.14,3.5,17.9,16.0,36.0,20.0,0.13,3.2,16.4,21.7,8.7,34.8,0.16,4.0,17.1,16.7,20.8,20.8,0.13,2.9,15.0,19.0,9.5,19.0,0.13,3.0,12.1,11.8,23.5,0.0,0.14,3.4,24.0,71.0,12.9,6.5,0.14,2.5,13.2,29.4,35.3,17.6,0.15,3.7,15.5,30.0,30.0,5.0,0.14,2.7,22.5,20.7,17.2,27.6,0.13,2.9,13.2,5.9,17.6,11.8,0.16,3.7,11.6,13.3,13.3,26.7,0.15,2.9,18.0,77.3,4.5,4.5,0.12,2.4,16.4,30.0,35.0,5.0,0.14,3.5,17.2,9.5,19.0,33.3,0.14,3.0,18.9,8.7,30.4,17.4,0.15,3.1,19.7,12.5,12.5,20.8,0.16,3.2,9.8,8.3,16.7,16.7,0.15,4.8,25.0,70.3,18.9,0.0,0.12,2.1,22.3,27.3,45.5,12.1,0.14,2.6,16.2,12.5,41.7,16.7,0.12,2.2,15.5,17.4,21.7,21.7,0.12,2.7,12.2,16.7,16.7,33.3,0.13,3.3,8.8,7.7,15.4,15.4,0.17,3.7,23.7,64.5,6.5,12.9,0.13,2.8,13.7,22.2,44.4,16.7,0.15,3.6,18.3,29.2,20.8,20.8,0.15,3.7,15.3,20.0,20.0,30.0,0.15,3.4,13.0,5.9,11.8,11.8,0.13,3.8,16.0,4.8,9.5,19.0,0.16,4.2,21.9,69.6,17.4,4.3,0.13,2.1,18.1,21.1,31.6,15.8,0.16,3.1,12.4,30.8,23.1,0.0,0.12,2.8,15.2,18.8,6.2,43.8,0.11,1.9,17.1,11.1,16.7,5.6,0.12,2.7,15.2,6.2,6.2,18.8,0.13,3.1
20261005,10,5,1800,5142,A1,佐賀,25.0,51.0,7.15,51.75,6.3,44.44,20,36.73,48,37.16,3897,A1,山口,49.0,54.0,7.67,48.42,7.13,41.67,16,25.78,40,36.64,4448,A1,滋賀,39.0,52.0,6.82,50.43,7.55,61.29,37,33.09,71,40.32,4061,A1,福井,47.0,55.0,7.64,62.62,7.46,57.39,24,37.12,14,35.25,5043,A1,香川,27.0,53.0,7.24,61.61,6.65,58.82,27,38.64,23,32.86,4028,A1,徳島,48.0,58.0,5.44,34.04,0.0,0.0,15,30.14,62,33.33,20.5,78.3,8.7,4.3,0.14,2.1,21.4,25.0,54.2,12.5,0.15,2.9,17.0,21.1,31.6,31.6,0.15,2.9,15.2,11.8,47.1,11.8,0.15,3.3,16.1,5.6,44.4,11.1,0.14,2.7,9.8,36.4,0.0,0.0,0.17,3.6,20.0,70.8,12.5,8.3,0.13,2.8,17.5,14.3,52.4,28.6,0.16,3.8,20.8,20.0,28.0,20.0,0.13,3.2,19.2,13.0,21.7,17.4,0.14,2.6,12.5,20.0,26.7,0.0,0.11,3.2,10.0,8.3,41.7,0.0,0.1,3.0,17.6,85.7,9.5,0.0,0.15,3.4,17.6,14.3,33.3,9.5,0.16,3.9,15.1,11.1,44.4,16.7,0.14,2.8,16.0,15.8,31.6,10.5,0.14,3.1,16.8,15.0,15.0,25.0,0.18,3.9,16.8,15.0,25.0,0.0,0.17,4.4,19.6,75.0,15.6,0.0,0.13,2.7,16.6,11.1,40.7,25.9,0.13,3.0,15.3,32.0,20.0,12.0,0.15,2.8,16.6,3.7,25.9,44.4,0.13,3.1,17.2,7.1,21.4,32.1,0.14,2.4,14.7,12.5,12.5,12.5,0.13,3.5,17.6,65.2,21.7,0.0,0.13,2.6,16.8,9.1,27.3,9.1,0.14,3.2,15.3,25.0,20.0,25.0,0.13,2.9,14.5,15.8,31.6,21.1,0.13,2.4,19.8,15.4,15.4,11.5,0.14,2.9,16.0,14.3,23.8,0.0,0.12,3.2,21.3,85.2,3.7,0.0,0.13,2.7,22.0,17.9,28.6,17.9,0.14,3.1,18.1,8.7,13.0,21.7,0.14,2.5,15.0,26.3,26.3,5.3,0.17,3.1,13.4,23.5,11.8,5.9,0.17,4.4,10.2,7.7,7.7,23.1,0.17,4.4
20261005,10,6,1800,4847,A1,東京,32.0,53.0,7.03,48.11,7.93,66.67,60,31.13,12,41.8,4446,A1,兵庫,39.0,52.0,6.69,45.92,6.71,42.86,23,41.01,11,33.59,4019,A1,静岡,46.0,52.0,7.31,59.81,6.5,56.25,46,36.62,53,31.76,4856,A1,三重,30.0,53.0,7.49,62.88,7.31,56.25,29,29.85,46,35.97,4734,A1,佐賀,36.0,51.0,6.89,50.0,6.0,41.67,65,34.78,67,32.84,4013,A1,福井,46.0,51.0,7.32,50.98,7.52,60.98,38,28.78,60,33.33,18.9,82.4,11.8,0.0,0.13,2.8,16.7,26.7,26.7,20.0,0.13,3.5,15.6,21.4,21.4,21.4,0.18,3.0,20.0,16.7,11.1,22.2,0.14,3.1,13.3,25.0,8.3,25.0,0.17,4.3,15.6,7.1,14.3,0.0,0.2,3.9,21.5,93.8,3.1,0.0,0.12,2.0,16.8,24.0,40.0,8.0,0.13,2.5,14.8,31.8,27.3,27.3,0.14,2.5,17.4,15.4,34.6,19.2,0.14,3.1,14.8,45.5,18.2,0.0,0.15,2.8,14.8,9.1,40.9,0.0,0.14,3.0,21.1,76.9,7.7,7.7,0.14,2.7,15.4,57.9,15.8,0.0,0.16,3.0,14.6,16.7,27.8,16.7,0.16,3.7,13.0,18.8,18.8,37.5,0.17,3.7,18.7,13.0,13.0,8.7,0.18,3.6,17.1,4.8,9.5,9.5,0.2,5.0,19.1,74.1,7.4,11.1,0.14,2.6,19.1,18.5,37.0,14.8,0.13,3.0,16.3,17.4,34.8,21.7,0.13,2.9,15.6,18.2,9.1,18.2,0.13,2.7,17.0,12.5,25.0,25.0,0.13,3.7,12.8,5.6,11.1,22.2,0.18,4.2,26.4,72.7,21.2,6.1,0.14,2.5,13.6,29.4,41.2,0.0,0.13,2.8,16.0,35.0,15.0,25.0,0.14,2.8,15.2,26.3,31.6,26.3,0.13,2.3,17.6,9.1,31.8,22.7,0.15,3.3,11.2,21.4,0.0,0.0,0.17,4.6,20.8,81.5,3.7,11.1,0.12,2.1,14.6,5.3,36.8,26.3,0.15,3.2,13.8,11.1,27.8,38.9,0.13,2.8,17.7,13.0,21.7,21.7,0.14,2.5,17.7,4.3,13.0,21.7,0.15,3.1,15.4,15.0,5.0,0.0,0.17,3.8
20261005,10,7,1800,3737,A1,広島,52.0,52.0,6.85,50.56,6.77,48.72,39,34.07,55,32.56,4826,A1,大阪,32.0,52.0,6.77,50.0,7.05,54.05,61,33.56,65,28.37,3716,A1,東京,51.0,54.0,6.74,41.49,6.89,55.56,53,32.43,21,40.16,4547,A1,埼玉,38.0,51.0,7.05,49.5,7.29,50.0,55,34.07,20,31.62,5084,A1,佐賀,27.0,52.0,7.0,53.57,7.36,54.55,14,34.31,57,30.94,4910,A1,愛知,30.0,51.0,6.92,55.56,7.17,54.29,41,26.62,37,35.38,20.7,72.0,12.0,12.0,0.14,3.2,19.0,26.1,39.1,17.4,0.16,3.4,17.4,38.1,23.8,4.8,0.16,2.7,13.2,6.2,50.0,0.0,0.18,3.7,15.7,10.5,15.8,42.1,0.18,4.4,14.0,5.9,17.6,0.0,0.2,4.6,23.4,73.5,5.9,5.9,0.12,2.2,16.6,16.7,25.0,33.3,0.13,3.1,16.6,20.8,25.0,20.8,0.14,3.0,11.7,29.4,29.4,0.0,0.12,2.3,19.3,25.0,17.9,28.6,0.14,3.2,12.4,22.2,22.2,0.0,0.14,3.3,20.2,56.0,12.0,4.0,0.15,3.3,14.5,5.6,33.3,16.7,0.13,4.1,12.1,13.3,20.0,46.7,0.12,2.5,20.2,20.0,16.0,12.0,0.13,2.8,16.1,5.0,15.0,15.0,0.11,2.9,16.9,4.8,19.0,4.8,0.12,3.4,21.6,40.0,32.0,16.0,0.15,3.3,13.8,12.5,31.2,18.8,0.16,3.6,13.8,18.8,18.8,18.8,0.14,2.8,16.4,5.3,31.6,21.1,0.14,3.1,20.7,8.3,20.8,20.8,0.18,3.5,13.8,6.2,31.2,0.0,0.19,4.2,20.5,80.8,7.7,3.8,0.12,3.1,17.3,22.7,27.3,22.7,0.14,3.2,16.5,9.5,33.3,28.6,0.12,2.7,15.7,15.0,20.0,30.0,0.11,2.7,15.0,10.5,5.3,15.8,0.14,2.8,15.0,15.8,21.1,0.0,0.16,4.4,21.2,85.7,4.8,0.0,0.14,1.9,16.2,6.2,43.8,25.0,0.15,3.1,15.2,20.0,40.0,13.3,0.16,2.4,17.2,47.1,5.9,0.0,0.18,3.9,17.2,11.8,23.5,17.6,0.13,2.6,13.1,7.7,15.4,0.0,0.16,4.1
20261005,10,8,1800,4290,A1,兵庫,41.0,52.0,6.94,49.09,7.04,52.83,43,42.22,19,36.88,4832,A1,大阪,39.0,51.0,6.81,50.0,8.03,62.5,42,40.77,66,36.23,4075,A1,東京,45.0,55.0,6.35,37.37,7.12,56.0,40,39.39,39,28.87,4337,A1,愛知,42.0,56.0,7.14,43.64,7.67,61.11,17,35.1,51,32.87,4587,A1,福井,35.0,53.0,5.82,44.44,6.0,45.45,52,38.41,17,24.22,4544,A1,福岡,38.0,52.0,7.42,58.7,8.04,71.43,51,37.5,26,34.81,22.2,67.9,17.9,14.3,0.13,2.2,13.5,23.5,35.3,11.8,0.12,2.4,15.1,15.8,31.6,10.5,0.16,2.6,15.1,5.3,36.8,26.3,0.1,2.4,15.9,10.0,10.0,20.0,0.11,2.5,18.3,8.7,4.3,30.4,0.13,3.0,20.6,79.3,13.8,3.4,0.13,2.5,17.7,32.0,20.0,12.0,0.14,2.6,16.3,17.4,26.1,26.1,0.14,2.9,14.9,23.8,33.3,23.8,0.14,2.3,17.0,16.7,33.3,0.0,0.14,3.4,13.5,15.8,31.6,0.0,0.16,4.3,19.7,61.5,19.2,11.5,0.1,2.0,13.6,11.1,38.9,16.7,0.12,2.3,18.9,8.0,36.0,20.0,0.13,2.6,16.7,13.6,27.3,18.2,0.13,2.4,13.6,16.7,44.4,0.0,0.13,2.7,17.4,8.7,8.7,13.0,0.15,4.3,23.3,67.9,21.4,0.0,0.13,2.9,14.2,11.8,29.4,29.4,0.15,3.8,18.3,9.1,22.7,31.8,0.15,3.1,10.8,23.1,23.1,30.8,0.13,2.8,24.2,17.2,31.0,20.7,0.12,2.7,9.2,9.1,18.2,9.1,0.15,3.7,22.0,65.4,23.1,3.8,0.15,2.8,16.1,21.1,47.4,10.5,0.17,3.6,17.8,33.3,14.3,9.5,0.14,3.0,13.6,18.8,18.8,6.2,0.15,3.2,14.4,17.6,23.5,5.9,0.18,3.0,16.1,5.3,10.5,15.8,0.22,4.5,27.8,75.0,9.1,4.5,0.15,2.4,17.1,33.3,37.0,14.8,0.16,3.6,13.3,23.8,33.3,9.5,0.17,3.8,12.7,50.0,15.0,20.0,0.12,2.0,17.1,14.8,33.3,25.9,0.17,3.7,12.0,10.5,21.1,36.8,0.18,4.1
20261005,10,9,1800,4030,A1,香川,48.0,49.0,6.56,34.91,4.63,12.5,36,33.79,72,32.59,4932,A1,福岡,30.0,52.0,7.68,56.6,7.73,81.82,50,31.21,24,38.57,4857,A1,兵庫,29.0,57.0,7.13,53.91,7.9,60.0,13,39.26,16,37.9,4044,A1,大阪,47.0,53.0,6.42,38.46,7.04,43.48,33,36.76,31,41.94,4415,A1,福井,39.0,55.0,5.61,38.71,6.6,52.07,49,37.68,25,36.36,3897,A1,山口,49.0,54.0,7.67,48.42,7.13,41.67,16,25.78,40,36.64,19.6,59.3,18.5,0.0,0.14,3.9,16.7,39.1,21.7,0.0,0.15,3.6,17.4,16.7,20.8,33.3,0.15,3.4,15.9,9.1,27.3,22.7,0.11,2.6,15.9,4.5,4.5,40.9,0.13,2.8,14.5,5.0,5.0,0.0,0.16,4.4,21.1,81.5,11.1,0.0,0.13,2.6,15.6,30.0,25.0,35.0,0.16,3.7,14.1,33.3,22.2,27.8,0.14,3.2,16.4,9.5,33.3,28.6,0.14,3.0,16.4,4.8,33.3,33.3,0.16,3.9,16.4,4.8,14.3,23.8,0.17,4.4,20.0,77.8,5.6,5.6,0.15,2.2,20.0,22.2,33.3,27.8,0.16,3.3,12.2,18.2,36.4,18.2,0.13,2.8,15.6,28.6,50.0,7.1,0.18,3.5,17.8,25.0,12.5,25.0,0.16,3.7,14.4,15.4,23.1,0.0,0.19,4.5,21.4,70.0,16.7,0.0,0.14,3.5,17.9,16.0,36.0,20.0,0.13,3.2,16.4,21.7,8.7,34.8,0.16,4.0,17.1,16.7,20.8,20.8,0.13,2.9,15.0,19.0,9.5,19.0,0.13,3.0,12.1,11.8,23.5,0.0,0.14,3.4,20.8,76.2,14.3,0.0,0.11,2.2,13.9,14.3,14.3,21.4,0.13,1.9,16.8,17.6,29.4,11.8,0.16,2.9,14.9,13.3,20.0,13.3,0.13,2.8,15.8,25.0,18.8,6.2,0.19,2.9,17.8,22.2,22.2,5.6,0.14,3.6,20.0,70.8,12.5,8.3,0.13,2.8,17.5,14.3,52.4,28.6,0.16,3.8,20.8,20.0,28.0,20.0,0.13,3.2,19.2,13.0,21.7,17.4,0.14,2.6,12.5,20.0,26.7,0.0,0.11,3.2,10.0,8.3,41.7,0.0,0.1,3.0
20261005,10,10,1800,4604,A1,愛知,38.0,53.0,7.43,54.62,7.8,60.0,58,32.21,56,32.86,4188,A1,群馬,45.0,52.0,7.96,63.39,7.88,68.42,35,47.2,52,34.65,4262,A1,滋賀,42.0,55.0,7.81,56.45,7.14,51.35,18,32.09,28,41.35,5267,A1,大阪,26.0,51.0,6.43,49.47,6.32,49.06,21,33.33,44,39.5,4500,A1,佐賀,38.0,54.0,8.02,61.0,7.44,22.22,48,31.47,27,30.08,4061,A1,福井,47.0,55.0,7.64,62.62,7.46,57.39,24,37.12,14,35.25,20.0,88.5,3.8,3.8,0.13,2.0,16.9,27.3,36.4,13.6,0.13,3.0,17.7,8.7,34.8,26.1,0.15,3.6,13.1,11.8,11.8,47.1,0.15,3.5,19.2,8.0,16.0,20.0,0.15,3.8,13.1,17.6,0.0,0.0,0.16,4.4,22.6,75.0,8.3,4.2,0.12,1.8,12.3,30.8,38.5,15.4,0.13,2.9,17.0,16.7,38.9,33.3,0.13,2.3,21.7,34.8,21.7,26.1,0.14,2.1,16.0,29.4,47.1,5.9,0.12,2.4,10.4,18.2,9.1,27.3,0.11,2.3,23.7,64.5,6.5,12.9,0.13,2.8,13.7,22.2,44.4,16.7,0.15,3.6,18.3,29.2,20.8,20.8,0.15,3.7,15.3,20.0,20.0,30.0,0.15,3.4,13.0,5.9,11.8,11.8,0.13,3.8,16.0,4.8,9.5,19.0,0.16,4.2,19.9,72.4,3.4,6.9,0.16,3.0,16.4,29.2,20.8,16.7,0.15,3.8,15.1,31.8,22.7,22.7,0.15,2.8,17.1,20.0,32.0,24.0,0.14,2.6,14.4,28.6,4.8,23.8,0.13,2.5,17.1,4.0,12.0,16.0,0.16,3.4,21.1,89.3,7.1,0.0,0.12,2.1,15.8,28.6,14.3,23.8,0.12,3.1,17.3,13.0,17.4,21.7,0.14,3.3,15.0,15.0,25.0,35.0,0.12,3.4,15.0,10.0,20.0,35.0,0.15,3.7,15.8,4.8,9.5,14.3,0.17,4.0,19.6,75.0,15.6,0.0,0.13,2.7,16.6,11.1,40.7,25.9,0.13,3.0,15.3,32.0,20.0,12.0,0.15,2.8,16.6,3.7,25.9,44.4,0.13,3.1,17.2,7.1,21.4,32.1,0.14,2.4,14.7,12.5,12.5,12.5,0.13,3.5
20261005,10,11,1800,3590,A1,東京,52.0,56.0,7.18,50.89,5.43,28.57,44,36.43,30,36.43,4524,A1,静岡,38.0,52.0,6.63,38.55,6.44,37.5,64,34.65,50,34.06,3942,A1,山口,48.0,55.0,6.56,45.54,7.4,60.0,63,35.77,34,36.84,4013,A1,福井,46.0,51.0,7.32,50.98,7.52,60.98,38,28.78,60,33.33,4848,A1,福岡,32.0,53.0,7.71,56.25,6.56,44.12,57,42.75,45,26.96,4448,A1,滋賀,39.0,52.0,6.82,50.43,7.55,61.29,37,33.09,71,40.32,21.1,61.5,3.8,7.7,0.13,2.4,15.4,26.3,36.8,21.1,0.14,2.8,16.3,10.0,30.0,20.0,0.16,2.8,18.7,13.0,26.1,21.7,0.13,3.3,13.8,5.9,29.4,17.6,0.15,3.2,14.6,5.6,11.1,22.2,0.17,4.1,20.0,88.5,3.8,3.8,0.09,2.1,17.7,8.7,39.1,13.0,0.14,3.4,11.5,20.0,6.7,33.3,0.12,2.5,16.9,4.5,22.7,18.2,0.1,1.9,20.8,7.4,14.8,22.2,0.12,2.9,13.1,5.9,17.6,0.0,0.12,2.9,25.7,55.2,13.8,10.3,0.13,3.4,18.6,9.5,23.8,28.6,0.16,2.9,16.8,15.8,47.4,5.3,0.14,3.4,13.3,20.0,26.7,20.0,0.13,2.5,17.7,20.0,20.0,10.0,0.14,2.9,8.0,33.3,0.0,0.0,0.14,3.6,20.8,81.5,3.7,11.1,0.12,2.1,14.6,5.3,36.8,26.3,0.15,3.2,13.8,11.1,27.8,38.9,0.13,2.8,17.7,13.0,21.7,21.7,0.14,2.5,17.7,4.3,13.0,21.7,0.15,3.1,15.4,15.0,5.0,0.0,0.17,3.8,18.3,65.0,25.0,5.0,0.14,3.5,19.3,19.0,33.3,9.5,0.14,3.6,15.6,23.5,41.2,11.8,0.15,3.8,14.7,6.2,43.8,18.8,0.14,3.8,20.2,9.1,4.5,18.2,0.16,3.6,11.9,23.1,0.0,0.0,0.14,3.4,17.6,85.7,9.5,0.0,0.15,3.4,17.6,14.3,33.3,9.5,0.16,3.9,15.1,11.1,44.4,16.7,0.14,2.8,16.0,15.8,31.6,10.5,0.14,3.1,16.8,15.0,15.0,25.0,0.18,3.9,16.8,15.0,25.0,0.0,0.17,4.4
20261005,10,12,1800,4238,A1,群馬,42.0,53.0,7.84,60.23,7.5,53.85,32,26.87,36,34.03,3388,A1,福井,57.0,52.0,6.39,41.33,7.5,61.11,12,38.17,22,32.17,4024,A1,三重,49.0,52.0,7.01,45.79,6.87,54.35,66,32.61,35,31.72,4477,A1,福岡,38.0,56.0,7.03,41.49,5.19,37.5,62,32.12,13,32.62,4719,A1,大阪,32.0,51.0,7.38,45.0,7.74,60.0,25,33.33,32,32.58,4573,A1,埼玉,38.0,54.0,6.83,43.21,6.35,29.41,54,42.74,63,33.33,31.9,86.5,5.4,2.7,0.11,2.2,14.7,41.2,23.5,5.9,0.19,3.2,18.1,52.4,23.8,9.5,0.17,2.5,18.1,14.3,23.8,28.6,0.15,3.5,11.2,23.1,15.4,46.2,0.16,2.6,6.0,42.9,0.0,0.0,0.15,3.9,22.4,77.3,13.6,9.1,0.13,2.5,15.3,26.7,33.3,13.3,0.18,3.2,18.4,5.6,11.1,5.6,0.16,3.9,15.3,40.0,20.0,13.3,0.19,3.3,17.3,35.3,11.8,17.6,0.15,3.0,11.2,18.2,27.3,0.0,0.17,4.4,17.4,50.0,15.0,10.0,0.14,3.9,14.8,11.8,29.4,35.3,0.16,4.2,15.7,16.7,38.9,11.1,0.18,4.5,16.5,5.3,21.1,36.8,0.16,4.0,17.4,5.0,15.0,10.0,0.14,3.8,18.3,4.8,28.6,0.0,0.14,4.3,22.6,83.3,10.0,0.0,0.13,2.5,17.3,13.0,43.5,17.4,0.14,3.3,16.5,9.1,22.7,31.8,0.12,2.8,15.8,19.0,33.3,23.8,0.14,3.4,15.0,10.0,10.0,30.0,0.13,2.8,12.8,5.9,29.4,0.0,0.15,3.5,25.4,82.9,11.4,2.9,0.12,3.0,13.8,26.3,26.3,31.6,0.14,3.3,13.8,15.8,5.3,31.6,0.16,3.4,17.4,12.5,25.0,33.3,0.14,2.7,15.9,13.6,18.2,4.5,0.13,3.0,13.8,26.3,0.0,0.0,0.15,4.5,18.4,73.9,13.0,13.0,0.13,2.8,16.0,25.0,35.0,10.0,0.12,3.1,16.0,20.0,15.0,20.0,0.15,3.5,17.6,13.6,27.3,13.6,0.11,2.8,12.8,18.8,50.0,0.0,0.14,3.5,19.2,12.5,25.0,0.0,0.15,4.1
20261005,09,1,1800,4903,A1,愛知,33.0,51.0,6.35,46.96,6.37,48.15,17,24.68,49,40.24,3712,B1,三重,52.0,56.0,4.76,33.68,5.13,34.07,14,28.14,24,32.31,5315,B2,埼玉,26.0,51.0,2.73,11.39,1.14,0.0,21,37.8,33,45.9,5266,B1,愛知,26.0,53.0,4.31,21.98,3.35,18.6,18,35.25,65,32.2,4336,B1,福岡,42.0,56.0,5.16,31.63,5.71,38.1,69,22.56,68,24.81,4022,B1,福岡,46.0,58.0,4.8,27.0,3.71,0.0,61,31.06,21,31.15,21.4,80.0,4.0,4.0,0.13,1.6,15.4,44.4,27.8,16.7,0.18,3.1,17.9,23.8,28.6,19.0,0.15,2.8,17.1,30.0,15.0,25.0,0.12,2.6,15.4,27.8,27.8,16.7,0.14,2.3,12.8,6.7,6.7,26.7,0.18,3.5,13.6,33.3,33.3,8.3,0.16,3.1,19.3,5.9,11.8,23.5,0.16,2.9,18.2,6.2,12.5,31.2,0.16,2.6,17.0,13.3,20.0,6.7,0.17,3.1,18.2,18.8,6.2,0.0,0.17,3.2,13.6,8.3,8.3,0.0,0.19,3.6,9.9,28.6,0.0,0.0,0.18,3.0,11.3,12.5,12.5,0.0,0.22,5.4,16.9,8.3,16.7,0.0,0.18,3.5,15.5,9.1,0.0,0.0,0.17,3.2,15.5,18.2,0.0,0.0,0.2,4.1,31.0,4.5,0.0,0.0,0.24,4.9,15.7,52.9,17.6,5.9,0.15,2.4,19.4,28.6,28.6,0.0,0.16,3.2,16.7,16.7,16.7,16.7,0.13,2.9,15.7,5.9,11.8,11.8,0.16,2.6,18.5,15.0,10.0,10.0,0.15,3.0,13.9,20.0,0.0,0.0,0.16,3.1,16.8,64.7,17.6,5.9,0.15,2.3,13.9,7.1,28.6,21.4,0.14,2.2,20.8,28.6,19.0,0.0,0.14,2.5,14.9,6.7,26.7,13.3,0.18,3.3,15.8,6.2,0.0,0.0,0.16,3.4,17.8,11.1,0.0,0.0,0.17,3.6,13.7,40.0,0.0,0.0,0.17,3.8,16.4,8.3,25.0,0.0,0.15,3.0,17.8,7.7,30.8,7.7,0.19,2.9,23.3,5.9,11.8,11.8,0.14,2.8,17.8,7.7,23.1,0.0,0.15,3.2,11.0,12.5,0.0,0.0,0.18,4.5
20261005,09,2,1800,3605,B1,三重,54.0,53.0,4.02,12.9,4.81,28.81,25,40.94,54,21.48,5208,B1,長崎,29.0,52.0,4.0,20.69,0.0,0.0,29,30.34,76,40.49,4457,B1,愛知,40.0,53.0,4.44,25.33,3.22,11.11,41,42.29,60,31.41,3647,B1,埼玉,53.0,50.0,3.64,14.16,4.08,20.83,12,29.33,57,35.9,4380,B1,静岡,42.0,53.0,4.88,29.31,3.93,21.43,39,40.46,11,33.33,4054,B1,岡山,48.0,53.0,4.63,25.77,3.92,23.08,31,42.77,41,18.94,17.0,50.0,12.5,6.2,0.2,3.8,17.0,37.5,6.2,0.0,0.18,4.1,18.1,11.8,5.9,29.4,0.17,3.8,13.8,7.7,7.7,0.0,0.2,4.3,19.1,5.6,0.0,0.0,0.18,3.5,14.9,0.0,0.0,0.0,0.2,4.6,15.3,46.7,20.0,6.7,0.13,2.5,17.3,5.9,11.8,35.3,0.14,3.1,16.3,12.5,18.8,0.0,0.18,3.3,19.4,15.8,31.6,0.0,0.14,2.8,17.3,5.9,11.8,0.0,0.17,3.1,14.3,7.1,7.1,7.1,0.16,3.7,14.0,33.3,16.7,8.3,0.17,2.9,16.3,7.1,21.4,28.6,0.17,3.2,18.6,25.0,37.5,0.0,0.15,2.9,20.9,5.6,5.6,22.2,0.15,2.9,16.3,7.1,14.3,21.4,0.16,3.8,14.0,16.7,8.3,0.0,0.17,3.3,13.6,21.4,35.7,14.3,0.16,3.2,17.5,16.7,38.9,0.0,0.19,2.9,16.5,5.9,17.6,0.0,0.16,2.8,19.4,5.0,25.0,0.0,0.17,2.9,16.5,5.9,0.0,0.0,0.17,3.1,16.5,11.8,0.0,0.0,0.23,4.2,13.8,53.8,15.4,7.7,0.14,2.2,20.2,5.3,21.1,15.8,0.14,3.8,20.2,5.3,15.8,15.8,0.19,3.4,17.0,12.5,12.5,12.5,0.17,3.8,12.8,8.3,0.0,0.0,0.17,3.5,16.0,6.7,6.7,6.7,0.19,4.2,15.1,37.5,12.5,0.0,0.17,3.1,14.2,33.3,6.7,0.0,0.13,2.9,18.9,10.0,35.0,20.0,0.18,2.9,16.0,5.9,17.6,23.5,0.14,3.2,17.0,38.9,11.1,0.0,0.15,2.9,18.9,10.0,5.0,0.0,0.17,3.3
20261005,09,3,1800,4094,B1,福岡,45.0,53.0,4.59,26.88,5.74,36.84,52,30.77,52,33.13,3891,B1,福井,50.0,54.0,3.42,14.53,4.11,22.22,57,22.81,27,28.57,3811,A1,静岡,50.0,54.0,6.06,45.99,5.7,39.39,35,38.24,40,29.87,4176,B2,兵庫,43.0,54.0,3.29,13.85,2.75,12.5,27,34.32,74,38.37,4360,A2,静岡,41.0,53.0,5.45,32.2,5.33,29.63,13,37.11,66,30.94,4808,A2,三重,38.0,50.0,6.34,46.15,6.63,48.26,67,39.46,14,32.79,15.0,41.7,33.3,0.0,0.16,2.7,20.0,31.2,25.0,0.0,0.19,3.9,12.5,20.0,10.0,0.0,0.19,3.8,20.0,6.2,25.0,0.0,0.18,3.1,20.0,18.8,0.0,0.0,0.18,3.7,12.5,10.0,0.0,0.0,0.23,4.9,12.7,15.4,7.7,0.0,0.18,3.2,18.6,10.5,10.5,21.1,0.16,3.9,20.6,14.3,14.3,0.0,0.17,3.7,16.7,11.8,0.0,0.0,0.19,3.7,20.6,4.8,4.8,0.0,0.2,3.5,10.8,18.2,0.0,0.0,0.18,3.8,21.0,56.0,28.0,4.0,0.17,3.0,13.4,25.0,37.5,0.0,0.16,3.4,20.2,25.0,20.8,25.0,0.16,3.1,13.4,18.8,31.2,6.2,0.14,2.8,11.8,7.1,35.7,21.4,0.14,3.3,20.2,4.2,16.7,12.5,0.16,4.0,8.3,25.0,0.0,0.0,0.19,3.5,22.9,9.1,18.2,0.0,0.19,3.5,10.4,20.0,0.0,0.0,0.14,3.2,22.9,9.1,18.2,0.0,0.21,4.1,25.0,8.3,25.0,0.0,0.19,3.8,10.4,0.0,0.0,0.0,0.11,2.8,14.2,40.0,13.3,33.3,0.17,3.3,16.0,11.8,47.1,11.8,0.21,3.9,18.9,25.0,40.0,0.0,0.18,3.9,18.9,20.0,20.0,15.0,0.17,2.9,16.0,11.8,23.5,11.8,0.16,4.1,16.0,5.9,11.8,35.3,0.19,4.1,19.0,73.7,5.3,5.3,0.15,2.6,18.0,11.1,22.2,27.8,0.15,3.5,13.0,23.1,15.4,23.1,0.16,3.2,19.0,5.3,5.3,21.1,0.16,3.9,13.0,15.4,30.8,0.0,0.17,4.3,18.0,5.6,16.7,0.0,0.2,4.4
20261005,09,4,1800,5011,B1,長崎,29.0,53.0,3.85,18.81,2.67,11.11,32,36.91,53,23.62,5103,B2,埼玉,28.0,54.0,3.96,24.56,3.33,0.0,44,45.22,26,37.2,4509,A2,愛知,37.0,54.0,6.24,44.44,5.78,38.89,51,46.15,45,37.11,4040,A2,兵庫,47.0,58.0,5.93,39.53,6.0,47.06,49,36.71,61,26.45,4861,A2,福岡,38.0,52.0,5.17,29.46,3.6,16.0,50,33.15,56,36.16,5456,B2,兵庫,20.0,52.0,2.07,2.99,0.0,0.0,62,29.61,51,26.67,12.6,27.3,27.3,18.2,0.14,2.6,18.4,12.5,12.5,0.0,0.14,3.6,18.4,25.0,18.8,0.0,0.15,3.2,19.5,5.9,11.8,0.0,0.14,2.6,14.9,7.7,0.0,0.0,0.16,2.9,16.1,7.1,7.1,0.0,0.18,3.7,13.2,30.0,10.0,0.0,0.17,3.6,13.2,30.0,10.0,0.0,0.17,3.3,14.5,9.1,27.3,0.0,0.2,4.4,14.5,9.1,18.2,0.0,0.21,4.3,11.8,11.1,33.3,0.0,0.19,3.8,32.9,4.0,4.0,4.0,0.21,4.3,18.9,52.4,19.0,9.5,0.17,3.2,14.4,18.8,18.8,31.2,0.18,2.7,14.4,18.8,18.8,25.0,0.18,3.1,16.2,5.6,22.2,44.4,0.17,3.4,20.7,4.3,8.7,26.1,0.17,3.3,15.3,11.8,35.3,0.0,0.22,4.6,19.1,65.4,11.5,7.7,0.16,2.8,19.9,3.7,44.4,11.1,0.14,2.9,15.4,14.3,33.3,4.8,0.15,2.7,16.9,34.8,8.7,26.1,0.15,3.3,10.3,21.4,7.1,35.7,0.14,3.1,18.4,8.0,12.0,0.0,0.13,2.7,15.3,64.7,17.6,5.9,0.16,3.0,18.9,14.3,28.6,23.8,0.16,3.2,17.1,10.5,26.3,26.3,0.15,2.7,15.3,17.6,29.4,11.8,0.17,3.2,18.0,20.0,30.0,0.0,0.17,3.1,15.3,17.6,0.0,0.0,0.2,4.9,0.0,0.0,0.0,0.0,0.0,0.0,0.0,0.0,0.0,0.0,0.0,0.0,0.0,0.0,0.0,0.0,0.0,0.0,0.0,0.0,0.0,0.0,0.0,0.0,0.0,0.0,0.0,0.0,0.0,0.0,0.0,0.0,0.0,0.0,0.0,0.0
20261005,09,5,1800,4049,A2,三重,46.0,56.0,5.95,38.28,6.58,48.55,36,38.55,31,39.02,3454,B1,岡山,55.0,57.0,5.28,35.42,4.41,14.81,72,32.16,38,29.12,4022,B1,福岡,46.0,58.0,4.8,27.0,3.71,0.0,61,31.06,21,31.15,4625,B1,静岡,40.0,52.0,5.16,30.77,4.52,30.77,43,27.61,69,35.36,5441,B1,愛知,20.0,49.0,3.3,9.09,3.57,14.29,63,30.16,48,30.07,4358,B1,三重,42.0,51.0,4.43,27.36,4.65,30.23,55,27.1,63,32.74,20.7,78.6,10.7,7.1,0.13,2.6,19.3,11.5,26.9,23.1,0.17,3.0,18.5,20.0,24.0,12.0,0.19,3.6,21.5,6.9,6.9,41.4,0.18,3.5,13.3,11.1,5.6,22.2,0.2,4.1,6.7,11.1,0.0,0.0,0.18,3.4,20.9,26.3,31.6,31.6,0.21,3.3,16.5,6.7,26.7,13.3,0.15,3.8,14.3,23.1,23.1,30.8,0.15,3.2,13.2,8.3,16.7,25.0,0.14,2.3,15.4,14.3,14.3,21.4,0.15,2.6,19.8,11.1,0.0,0.0,0.19,4.1,13.7,40.0,0.0,0.0,0.17,3.8,16.4,8.3,25.0,0.0,0.15,3.0,17.8,7.7,30.8,7.7,0.19,2.9,23.3,5.9,11.8,11.8,0.14,2.8,17.8,7.7,23.1,0.0,0.15,3.2,11.0,12.5,0.0,0.0,0.18,4.5,13.3,53.8,15.4,0.0,0.18,2.6,18.4,22.2,5.6,22.2,0.2,4.3,20.4,10.0,25.0,15.0,0.16,3.5,15.3,20.0,20.0,6.7,0.17,2.7,17.3,11.8,11.8,0.0,0.16,3.4,15.3,13.3,13.3,0.0,0.19,3.9,0.0,0.0,0.0,0.0,0.0,0.0,0.0,0.0,0.0,0.0,0.0,0.0,0.0,0.0,0.0,0.0,0.0,0.0,0.0,0.0,0.0,0.0,0.0,0.0,1.0,100.0,0.0,0.0,0.17,5.0,99.0,5.2,10.4,11.5,0.17,3.4,14.9,27.3,36.4,0.0,0.17,4.1,18.9,7.1,28.6,21.4,0.2,4.6,13.5,10.0,40.0,0.0,0.2,3.8,20.3,13.3,13.3,0.0,0.25,5.5,18.9,7.1,7.1,0.0,0.24,4.9,13.5,0.0,0.0,0.0,0.27,5.4
20261005,09,6,1800,4394,A2,福岡,40.0,53.0,6.03,38.46,6.0,42.86,34,24.03,39,33.6,5266,B1,愛知,26.0,53.0,4.31,21.98,3.35,18.6,18,35.25,65,32.2,3445,B1,埼玉,56.0,53.0,5.04,31.52,5.94,39.39,30,31.07,17,31.33,4073,A1,静岡,45.0,52.0,6.65,54.03,6.21,42.42,20,29.11,67,35.0,5208,B1,長崎,29.0,52.0,4.0,20.69,0.0,0.0,29,30.34,76,40.49,4319,A2,大阪,41.0,54.0,5.41,30.77,4.97,36.11,70,36.02,12,28.24,16.7,50.0,22.2,5.6,0.14,2.2,14.8,12.5,37.5,6.2,0.14,2.9,22.2,8.3,33.3,16.7,0.16,2.5,16.7,11.1,22.2,44.4,0.16,2.9,16.7,11.1,16.7,27.8,0.15,3.2,13.0,7.1,21.4,7.1,0.18,3.5,15.7,52.9,17.6,5.9,0.15,2.4,19.4,28.6,28.6,0.0,0.16,3.2,16.7,16.7,16.7,16.7,0.13,2.9,15.7,5.9,11.8,11.8,0.16,2.6,18.5,15.0,10.0,10.0,0.15,3.0,13.9,20.0,0.0,0.0,0.16,3.1,15.7,44.4,16.7,11.1,0.17,3.7,17.4,5.0,20.0,30.0,0.23,4.3,17.4,30.0,25.0,0.0,0.18,4.0,17.4,5.0,25.0,0.0,0.19,4.1,19.1,9.1,36.4,0.0,0.17,3.1,13.0,13.3,0.0,0.0,0.19,4.4,21.4,71.4,14.3,3.6,0.12,2.3,15.3,10.0,45.0,20.0,0.14,2.5,17.6,17.4,30.4,30.4,0.15,2.6,15.3,20.0,15.0,15.0,0.14,2.9,17.6,13.0,17.4,21.7,0.16,3.2,13.0,5.9,11.8,17.6,0.2,4.5,15.3,46.7,20.0,6.7,0.13,2.5,17.3,5.9,11.8,35.3,0.14,3.1,16.3,12.5,18.8,0.0,0.18,3.3,19.4,15.8,31.6,0.0,0.14,2.8,17.3,5.9,11.8,0.0,0.17,3.1,14.3,7.1,7.1,7.1,0.16,3.7,16.9,60.0,20.0,5.0,0.15,2.7,16.1,10.5,31.6,36.8,0.19,3.6,16.9,5.0,45.0,10.0,0.16,3.1,11.0,15.4,15.4,23.1,0.15,3.4,22.9,7.4,11.1,22.2,0.18,3.8,16.1,21.1,5.3,0.0,0.22,5.5
20261005,09,7,1800,3550,B1,愛知,55.0,54.0,5.3,37.1,5.77,40.91,68,37.57,50,34.78,4402,A2,福岡,41.0,55.0,6.0,43.97,4.83,25.0,26,31.82,18,39.6,4054,B1,岡山,48.0,53.0,4.63,25.77,3.92,23.08,31,42.77,41,18.94,3605,B1,三重,54.0,53.0,4.02,12.9,4.81,28.81,25,40.94,54,21.48,4176,B2,兵庫,43.0,54.0,3.29,13.85,2.75,12.5,27,34.32,74,38.37,4215,A2,愛知,42.0,56.0,5.51,37.1,5.04,34.69,22,40.45,73,32.96,17.6,52.4,28.6,4.8,0.14,3.1,18.5,13.6,22.7,18.2,0.17,3.5,17.6,23.8,23.8,4.8,0.14,2.7,19.3,17.4,17.4,13.0,0.17,3.1,12.6,46.7,0.0,0.0,0.16,2.6,14.3,5.9,0.0,0.0,0.16,3.3,23.1,58.3,20.8,4.2,0.15,2.7,14.4,33.3,40.0,0.0,0.16,3.2,15.4,12.5,12.5,12.5,0.17,3.1,16.3,11.8,17.6,17.6,0.16,2.7,14.4,13.3,6.7,13.3,0.16,2.8,16.3,11.8,11.8,17.6,0.2,3.9,15.1,37.5,12.5,0.0,0.17,3.1,14.2,33.3,6.7,0.0,0.13,2.9,18.9,10.0,35.0,20.0,0.18,2.9,16.0,5.9,17.6,23.5,0.14,3.2,17.0,38.9,11.1,0.0,0.15,2.9,18.9,10.0,5.0,0.0,0.17,3.3,17.0,50.0,12.5,6.2,0.2,3.8,17.0,37.5,6.2,0.0,0.18,4.1,18.1,11.8,5.9,29.4,0.17,3.8,13.8,7.7,7.7,0.0,0.2,4.3,19.1,5.6,0.0,0.0,0.18,3.5,14.9,0.0,0.0,0.0,0.2,4.6,8.3,25.0,0.0,0.0,0.19,3.5,22.9,9.1,18.2,0.0,0.19,3.5,10.4,20.0,0.0,0.0,0.14,3.2,22.9,9.1,18.2,0.0,0.21,4.1,25.0,8.3,25.0,0.0,0.19,3.8,10.4,0.0,0.0,0.0,0.11,2.8,20.0,55.6,14.8,7.4,0.14,2.9,11.9,6.2,18.8,25.0,0.17,3.6,17.0,26.1,26.1,17.4,0.15,3.3,17.0,13.0,4.3,21.7,0.15,3.4,16.3,9.1,31.8,27.3,0.17,3.4,17.8,4.2,33.3,0.0,0.22,4.2
20261005,09,8,1800,4711,A2,福井,36.0,53.0,6.05,43.75,4.56,22.22,71,30.39,30,35.91,3811,A1,静岡,50.0,54.0,6.06,45.99,5.7,39.39,35,38.24,40,29.87,5103,B2,埼玉,28.0,54.0,3.96,24.56,3.33,0.0,44,45.22,26,37.2,4457,B1,愛知,40.0,53.0,4.44,25.33,3.22,11.11,41,42.29,60,31.41,5456,B2,兵庫,20.0,52.0,2.07,2.99,0.0,0.0,62,29.61,51,26.67,3743,A1,徳島,51.0,53.0,5.65,42.55,6.0,42.11,33,27.6,20,36.67,15.4,44.4,22.2,16.7,0.16,2.5,17.1,15.0,35.0,10.0,0.17,3.4,17.1,30.0,10.0,35.0,0.15,2.2,15.4,16.7,44.4,22.2,0.14,2.4,22.2,7.7,15.4,19.2,0.17,3.4,12.8,13.3,26.7,0.0,0.18,3.7,21.0,56.0,28.0,4.0,0.17,3.0,13.4,25.0,37.5,0.0,0.16,3.4,20.2,25.0,20.8,25.0,0.16,3.1,13.4,18.8,31.2,6.2,0.14,2.8,11.8,7.1,35.7,21.4,0.14,3.3,20.2,4.2,16.7,12.5,0.16,4.0,13.2,30.0,10.0,0.0,0.17,3.6,13.2,30.0,10.0,0.0,0.17,3.3,14.5,9.1,27.3,0.0,0.2,4.4,14.5,9.1,18.2,0.0,0.21,4.3,11.8,11.1,33.3,0.0,0.19,3.8,32.9,4.0,4.0,4.0,0.21,4.3,14.0,33.3,16.7,8.3,0.17,2.9,16.3,7.1,21.4,28.6,0.17,3.2,18.6,25.0,37.5,0.0,0.15,2.9,20.9,5.6,5.6,22.2,0.15,2.9,16.3,7.1,14.3,21.4,0.16,3.8,14.0,16.7,8.3,0.0,0.17,3.3,0.0,0.0,0.0,0.0,0.0,0.0,0.0,0.0,0.0,0.0,0.0,0.0,0.0,0.0,0.0,0.0,0.0,0.0,0.0,0.0,0.0,0.0,0.0,0.0,0.0,0.0,0.0,0.0,0.0,0.0,0.0,0.0,0.0,0.0,0.0,0.0,26.7,51.9,25.9,0.0,0.14,2.8,21.8,18.2,31.8,9.1,0.13,2.8,19.8,25.0,30.0,20.0,0.15,2.6,21.8,9.1,27.3,22.7,0.17,3.2,6.9,14.3,28.6,0.0,0.16,4.1,3.0,0.0,0.0,0.0,0.13,3.0
20261005,09,9,1800,4360,A2,静岡,41.0,53.0,5.45,32.2,5.33,29.63,13,37.11,66,30.94,4509,A2,愛知,37.0,54.0,6.24,44.44,5.78,38.89,51,46.15,45,37.11,4336,B1,福岡,42.0,56.0,5.16,31.63,5.71,38.1,69,22.56,68,24.81,3304,A1,徳島,58.0,52.0,5.72,35.56,5.95,42.86,60,26.67,71,28.33,3647,B1,埼玉,53.0,50.0,3.64,14.16,4.08,20.83,12,29.33,57,35.9,5441,B1,愛知,20.0,49.0,3.3,9.09,3.57,14.29,63,30.16,48,30.07,14.2,40.0,13.3,33.3,0.17,3.3,16.0,11.8,47.1,11.8,0.21,3.9,18.9,25.0,40.0,0.0,0.18,3.9,18.9,20.0,20.0,15.0,0.17,2.9,16.0,11.8,23.5,11.8,0.16,4.1,16.0,5.9,11.8,35.3,0.19,4.1,18.9,52.4,19.0,9.5,0.17,3.2,14.4,18.8,18.8,31.2,0.18,2.7,14.4,18.8,18.8,25.0,0.18,3.1,16.2,5.6,22.2,44.4,0.17,3.4,20.7,4.3,8.7,26.1,0.17,3.3,15.3,11.8,35.3,0.0,0.22,4.6,16.8,64.7,17.6,5.9,0.15,2.3,13.9,7.1,28.6,21.4,0.14,2.2,20.8,28.6,19.0,0.0,0.14,2.5,14.9,6.7,26.7,13.3,0.18,3.3,15.8,6.2,0.0,0.0,0.16,3.4,17.8,11.1,0.0,0.0,0.17,3.6,20.3,76.7,16.7,6.7,0.16,4.0,18.9,7.1,42.9,32.1,0.19,4.3,15.5,26.1,30.4,17.4,0.17,3.8,14.2,14.3,14.3,23.8,0.18,3.3,18.2,7.4,7.4,37.0,0.17,3.6,12.8,10.5,15.8,0.0,0.19,4.5,13.6,21.4,35.7,14.3,0.16,3.2,17.5,16.7,38.9,0.0,0.19,2.9,16.5,5.9,17.6,0.0,0.16,2.8,19.4,5.0,25.0,0.0,0.17,2.9,16.5,5.9,0.0,0.0,0.17,3.1,16.5,11.8,0.0,0.0,0.23,4.2,0.0,0.0,0.0,0.0,0.0,0.0,0.0,0.0,0.0,0.0,0.0,0.0,0.0,0.0,0.0,0.0,0.0,0.0,0.0,0.0,0.0,0.0,0.0,0.0,1.0,100.0,0.0,0.0,0.17,5.0,99.0,5.2,10.4,11.5,0.17,3.4
20261005,09,10,1800,4625,B1,静岡,40.0,52.0,5.16,30.77,4.52,30.77,43,27.61,69,35.36,3445,B1,埼玉,56.0,53.0,5.04,31.52,5.94,39.39,30,31.07,17,31.33,3712,B1,三重,52.0,56.0,4.76,33.68,5.13,34.07,14,28.14,24,32.31,4049,A2,三重,46.0,56.0,5.95,38.28,6.58,48.55,36,38.55,31,39.02,5011,B1,長崎,29.0,53.0,3.85,18.81,2.67,11.11,32,36.91,53,23.62,4903,A1,愛知,33.0,51.0,6.35,46.96,6.37,48.15,17,24.68,49,40.24,13.3,53.8,15.4,0.0,0.18,2.6,18.4,22.2,5.6,22.2,0.2,4.3,20.4,10.0,25.0,15.0,0.16,3.5,15.3,20.0,20.0,6.7,0.17,2.7,17.3,11.8,11.8,0.0,0.16,3.4,15.3,13.3,13.3,0.0,0.19,3.9,15.7,44.4,16.7,11.1,0.17,3.7,17.4,5.0,20.0,30.0,0.23,4.3,17.4,30.0,25.0,0.0,0.18,4.0,17.4,5.0,25.0,0.0,0.19,4.1,19.1,9.1,36.4,0.0,0.17,3.1,13.0,13.3,0.0,0.0,0.19,4.4,13.6,33.3,33.3,8.3,0.16,3.1,19.3,5.9,11.8,23.5,0.16,2.9,18.2,6.2,12.5,31.2,0.16,2.6,17.0,13.3,20.0,6.7,0.17,3.1,18.2,18.8,6.2,0.0,0.17,3.2,13.6,8.3,8.3,0.0,0.19,3.6,20.7,78.6,10.7,7.1,0.13,2.6,19.3,11.5,26.9,23.1,0.17,3.0,18.5,20.0,24.0,12.0,0.19,3.6,21.5,6.9,6.9,41.4,0.18,3.5,13.3,11.1,5.6,22.2,0.2,4.1,6.7,11.1,0.0,0.0,0.18,3.4,12.6,27.3,27.3,18.2,0.14,2.6,18.4,12.5,12.5,0.0,0.14,3.6,18.4,25.0,18.8,0.0,0.15,3.2,19.5,5.9,11.8,0.0,0.14,2.6,14.9,7.7,0.0,0.0,0.16,2.9,16.1,7.1,7.1,0.0,0.18,3.7,21.4,80.0,4.0,4.0,0.13,1.6,15.4,44.4,27.8,16.7,0.18,3.1,17.9,23.8,28.6,19.0,0.15,2.8,17.1,30.0,15.0,25.0,0.12,2.6,15.4,27.8,27.8,16.7,0.14,2.3,12.8,6.7,6.7,26.7,0.18,3.5
20261005,09,11,1800,4040,A2,兵庫,47.0,58.0,5.93,39.53,6.0,47.06,49,36.71,61,26.45,4073,A1,静岡,45.0,52.0,6.65,54.03,6.21,42.42,20,29.11,67,35.0,3550,B1,愛知,55.0,54.0,5.3,37.1,5.77,40.91,68,37.57,50,34.78,3454,B1,岡山,55.0,57.0,5.28,35.42,4.41,14.81,72,32.16,38,29.12,4402,A2,福岡,41.0,55.0,6.0,43.97,4.83,25.0,26,31.82,18,39.6,4094,B1,福岡,45.0,53.0,4.59,26.88,5.74,36.84,52,30.77,52,33.13,19.1,65.4,11.5,7.7,0.16,2.8,19.9,3.7,44.4,11.1,0.14,2.9,15.4,14.3,33.3,4.8,0.15,2.7,16.9,34.8,8.7,26.1,0.15,3.3,10.3,21.4,7.1,35.7,0.14,3.1,18.4,8.0,12.0,0.0,0.13,2.7,21.4,71.4,14.3,3.6,0.12,2.3,15.3,10.0,45.0,20.0,0.14,2.5,17.6,17.4,30.4,30.4,0.15,2.6,15.3,20.0,15.0,15.0,0.14,2.9,17.6,13.0,17.4,21.7,0.16,3.2,13.0,5.9,11.8,17.6,0.2,4.5,17.6,52.4,28.6,4.8,0.14,3.1,18.5,13.6,22.7,18.2,0.17,3.5,17.6,23.8,23.8,4.8,0.14,2.7,19.3,17.4,17.4,13.0,0.17,3.1,12.6,46.7,0.0,0.0,0.16,2.6,14.3,5.9,0.0,0.0,0.16,3.3,20.9,26.3,31.6,31.6,0.21,3.3,16.5,6.7,26.7,13.3,0.15,3.8,14.3,23.1,23.1,30.8,0.15,3.2,13.2,8.3,16.7,25.0,0.14,2.3,15.4,14.3,14.3,21.4,0.15,2.6,19.8,11.1,0.0,0.0,0.19,4.1,23.1,58.3,20.8,4.2,0.15,2.7,14.4,33.3,40.0,0.0,0.16,3.2,15.4,12.5,12.5,12.5,0.17,3.1,16.3,11.8,17.6,17.6,0.16,2.7,14.4,13.3,6.7,13.3,0.16,2.8,16.3,11.8,11.8,17.6,0.2,3.9,15.0,41.7,33.3,0.0,0.16,2.7,20.0,31.2,25.0,0.0,0.19,3.9,12.5,20.0,10.0,0.0,0.19,3.8,20.0,6.2,25.0,0.0,0.18,3.1,20.0,18.8,0.0,0.0,0.18,3.7,12.5,10.0,0.0,0.0,0.23,4.9
20261005,09,12,1800,4350,A1,福岡,40.0,54.0,8.09,65.65,6.56,33.33,47,32.04,36,27.94,4096,A1,長崎,44.0,54.0,6.66,50.42,6.63,48.15,53,31.58,23,36.02,3931,A2,三重,50.0,50.0,6.26,42.37,5.69,35.63,28,33.54,13,35.09,4002,A1,兵庫,48.0,53.0,6.7,52.31,6.31,50.0,59,28.57,25,35.45,4200,B1,大阪,44.0,55.0,4.43,17.53,4.21,21.05,38,37.65,44,30.23,4578,A2,大阪,37.0,53.0,5.85,41.61,5.96,47.37,66,26.99,29,34.24,25.0,89.3,7.1,0.0,0.12,2.3,18.8,19.0,38.1,9.5,0.12,2.8,9.8,36.4,36.4,0.0,0.11,2.4,15.2,17.6,17.6,29.4,0.14,3.3,19.6,4.5,31.8,13.6,0.14,3.2,11.6,7.7,30.8,0.0,0.12,3.4,23.5,87.5,4.2,0.0,0.11,2.0,12.7,23.1,23.1,0.0,0.18,4.5,16.7,11.8,35.3,17.6,0.19,3.7,12.7,7.7,46.2,30.8,0.15,3.5,16.7,11.8,17.6,5.9,0.14,3.3,17.6,5.6,5.6,44.4,0.16,3.3,18.4,43.8,25.0,6.2,0.14,2.5,13.8,25.0,33.3,16.7,0.16,2.3,17.2,13.3,26.7,26.7,0.15,2.9,17.2,6.7,26.7,13.3,0.15,2.9,12.6,9.1,36.4,0.0,0.15,2.6,20.7,5.6,11.1,27.8,0.16,3.3,20.6,68.2,9.1,9.1,0.14,2.8,15.9,11.8,29.4,29.4,0.14,3.4,21.5,26.1,21.7,8.7,0.12,2.9,18.7,35.0,10.0,15.0,0.13,3.1,15.9,5.9,11.8,11.8,0.15,2.7,7.5,12.5,37.5,0.0,0.14,3.4,15.5,41.2,23.5,17.6,0.18,2.9,13.6,13.3,6.7,13.3,0.21,3.9,19.1,4.8,19.0,14.3,0.19,3.3,20.9,4.3,8.7,13.0,0.17,3.1,15.5,17.6,5.9,0.0,0.17,3.6,15.5,5.9,17.6,0.0,0.2,3.9,21.0,63.6,18.2,4.5,0.14,2.2,14.3,20.0,33.3,6.7,0.18,3.1,17.1,16.7,44.4,5.6,0.16,3.2,17.1,33.3,33.3,0.0,0.19,4.0,15.2,6.2,18.8,0.0,0.22,3.6,15.2,12.5,18.8,0.0,0.23,4.7
20261005,05,1,1800,4889,B1,東京,37.0,52.0,3.94,22.22,5.55,35.0,64,36.28,82,31.03,4636,B1,徳島,36.0,53.0,3.89,19.74,0.0,0.0,50,38.71,25,37.93,3777,A2,長崎,51.0,52.0,5.01,29.67,0.0,0.0,17,39.64,28,28.16,5461,B2,三重,19.0,50.0,1.13,0.0,0.0,0.0,32,51.61,84,23.36,5439,B2,愛知,21.0,49.0,1.47,0.0,2.14,0.0,12,30.53,83,33.91,3870,B1,福井,50.0,52.0,4.0,17.89,3.33,11.11,52,34.26,52,42.74,18.1,57.9,15.8,5.3,0.13,2.3,17.1,5.6,44.4,16.7,0.13,2.1,18.1,31.6,26.3,21.1,0.14,2.9,13.3,14.3,7.1,14.3,0.11,1.6,17.1,11.1,5.6,11.1,0.12,2.0,16.2,17.6,5.9,0.0,0.16,2.9,14.3,18.2,9.1,18.2,0.22,4.5,15.6,8.3,8.3,0.0,0.2,4.6,16.9,30.8,23.1,7.7,0.15,3.2,15.6,25.0,8.3,8.3,0.13,3.3,23.4,5.6,0.0,0.0,0.19,4.4,14.3,9.1,9.1,0.0,0.19,3.8,21.7,56.7,23.3,13.3,0.17,3.1,15.9,27.3,18.2,13.6,0.15,2.8,18.1,12.0,32.0,16.0,0.17,3.0,10.9,20.0,13.3,13.3,0.16,3.1,17.4,20.8,12.5,12.5,0.15,3.5,15.9,13.6,9.1,4.5,0.21,4.2,0.0,0.0,0.0,0.0,0.0,0.0,0.0,0.0,0.0,0.0,0.0,0.0,0.0,0.0,0.0,0.0,0.0,0.0,0.0,0.0,0.0,0.0,0.0,0.0,0.0,0.0,0.0,0.0,0.0,0.0,0.0,0.0,0.0,0.0,0.0,0.0,0.0,0.0,0.0,0.0,0.0,0.0,0.0,0.0,0.0,0.0,0.0,0.0,0.0,0.0,0.0,0.0,0.0,0.0,0.0,0.0,0.0,0.0,0.0,0.0,0.0,0.0,0.0,0.0,0.0,0.0,100.0,1.4,1.4,0.0,0.21,4.1,13.0,23.1,30.8,7.7,0.2,4.0,20.0,5.0,15.0,10.0,0.21,4.1,20.0,10.0,20.0,15.0,0.19,3.5,17.0,29.4,5.9,5.9,0.17,3.4,14.0,28.6,7.1,0.0,0.16,2.9,16.0,6.2,6.2,0.0,0.16,3.4
20261005,05,2,1800,5385,B1,静岡,21.0,56.0,2.57,4.41,1.24,0.0,46,36.7,59,31.03,3680,B1,長崎,53.0,55.0,4.61,25.71,0.0,0.0,29,25.93,72,36.61,4618,B1,三重,43.0,56.0,5.34,38.36,4.15,17.65,75,37.27,70,26.17,4233,A2,群馬,43.0,52.0,5.97,44.34,6.12,43.48,14,40.59,39,27.37,5410,B2,愛知,21.0,48.0,1.61,0.0,1.43,0.0,63,37.9,29,46.09,4732,A2,徳島,37.0,55.0,7.19,59.13,5.55,36.36,41,36.27,27,34.78,0.0,0.0,0.0,0.0,0.0,0.0,0.0,0.0,0.0,0.0,0.0,0.0,0.0,0.0,0.0,0.0,0.0,0.0,20.3,13.3,20.0,0.0,0.15,2.3,29.7,4.5,4.5,9.1,0.13,2.3,50.0,5.4,2.7,0.0,0.15,3.2,14.1,7.1,35.7,14.3,0.24,3.9,17.2,29.4,5.9,0.0,0.23,4.9,19.2,26.3,10.5,15.8,0.19,3.9,19.2,10.5,5.3,15.8,0.18,3.9,15.2,6.7,13.3,13.3,0.22,4.8,15.2,6.7,0.0,0.0,0.26,4.9,12.5,45.5,9.1,18.2,0.17,3.5,18.2,6.2,43.8,6.2,0.19,3.4,19.3,11.8,17.6,23.5,0.17,3.6,17.0,13.3,33.3,0.0,0.19,3.2,22.7,10.0,35.0,0.0,0.15,3.1,10.2,33.3,0.0,0.0,0.18,4.7,21.1,61.5,11.5,26.9,0.18,2.7,19.5,12.5,33.3,29.2,0.14,3.4,12.2,33.3,53.3,6.7,0.12,2.7,14.6,5.6,22.2,0.0,0.17,3.1,17.9,4.5,18.2,22.7,0.19,3.7,14.6,5.6,33.3,0.0,0.18,4.2,0.0,0.0,0.0,0.0,0.0,0.0,0.0,0.0,0.0,0.0,0.0,0.0,0.0,0.0,0.0,0.0,0.0,0.0,0.0,0.0,0.0,0.0,0.0,0.0,6.4,0.0,0.0,0.0,0.19,3.0,93.6,1.4,2.7,2.7,0.16,2.9,19.2,75.0,16.7,4.2,0.12,2.1,17.6,18.2,31.8,22.7,0.11,3.0,13.6,17.6,29.4,23.5,0.12,1.9,15.2,5.3,10.5,21.1,0.11,2.8,21.6,18.5,25.9,0.0,0.12,2.6,12.8,6.2,25.0,0.0,0.13,2.5
20261005,05,3,1800,3660,B1,香川,57.0,60.0,3.74,11.9,0.0,0.0,20,37.07,71,22.22,4988,B1,静岡,29.0,57.0,4.2,27.27,4.31,29.31,39,31.78,51,33.62,3857,B1,東京,53.0,56.0,4.94,28.89,4.18,17.07,65,33.05,74,31.25,3757,A2,広島,54.0,53.0,5.56,39.51,6.5,50.0,62,34.15,77,37.17,4990,B2,福岡,29.0,47.0,3.67,15.69,0.0,0.0,13,29.82,38,30.21,5034,A1,静岡,28.0,57.0,6.29,47.06,6.45,54.69,70,31.37,31,32.48,11.7,22.2,11.1,0.0,0.18,4.0,18.2,7.1,14.3,0.0,0.18,4.4,18.2,7.1,0.0,0.0,0.21,3.9,19.5,26.7,0.0,0.0,0.19,3.9,22.1,5.9,5.9,5.9,0.2,4.8,10.4,12.5,0.0,0.0,0.19,5.0,13.0,78.6,14.3,0.0,0.14,2.3,14.8,62.5,12.5,0.0,0.14,2.9,20.4,9.1,18.2,13.6,0.13,2.7,17.6,10.5,5.3,15.8,0.14,2.8,15.7,5.9,17.6,0.0,0.14,2.5,18.5,5.0,0.0,0.0,0.18,3.6,8.9,30.0,10.0,10.0,0.2,3.8,15.2,29.4,23.5,0.0,0.19,3.9,10.7,16.7,16.7,0.0,0.21,4.3,14.3,18.8,12.5,0.0,0.24,4.8,15.2,11.8,5.9,11.8,0.21,4.0,35.7,12.5,12.5,10.0,0.2,4.1,15.9,41.2,11.8,35.3,0.14,2.9,17.8,10.5,47.4,21.1,0.15,2.5,16.8,5.6,16.7,27.8,0.18,3.1,17.8,10.5,21.1,15.8,0.16,3.1,21.5,4.3,17.4,26.1,0.17,3.5,10.3,9.1,9.1,0.0,0.16,3.1,12.5,16.7,16.7,0.0,0.18,3.5,18.8,11.1,0.0,0.0,0.26,4.9,16.7,12.5,12.5,0.0,0.19,3.9,16.7,12.5,0.0,0.0,0.25,4.8,12.5,0.0,0.0,0.0,0.18,3.5,22.9,0.0,0.0,0.0,0.19,3.5,22.4,75.8,15.2,3.0,0.1,2.0,15.6,13.0,30.4,8.7,0.12,2.8,21.1,41.9,25.8,0.0,0.13,2.5,20.4,20.0,10.0,26.7,0.12,2.1,9.5,7.1,28.6,7.1,0.15,3.3,10.9,31.2,0.0,0.0,0.17,3.5
20261005,05,4,1800,5334,B1,徳島,22.0,45.0,3.04,5.41,2.25,0.0,36,38.89,24,33.62,5029,A1,福岡,29.0,53.0,6.93,53.85,0.0,0.0,42,38.1,37,31.09,5125,A2,愛知,30.0,52.0,4.93,25.51,4.66,25.71,22,25.0,65,20.0,5272,B1,愛知,25.0,47.0,5.04,31.63,2.0,4.17,49,39.2,54,33.9,4725,B1,兵庫,40.0,53.0,4.87,22.11,6.3,45.0,55,40.5,45,35.59,4529,A1,香川,38.0,55.0,5.88,41.75,0.0,0.0,61,40.83,42,33.33,11.6,18.2,9.1,18.2,0.16,2.7,14.7,14.3,21.4,0.0,0.18,3.7,22.1,4.8,19.0,0.0,0.17,3.7,17.9,5.9,0.0,0.0,0.2,4.3,16.8,6.2,12.5,0.0,0.19,4.4,16.8,6.2,0.0,0.0,0.19,4.3,20.2,83.3,4.2,4.2,0.14,1.8,16.0,15.8,36.8,26.3,0.12,2.2,16.8,10.0,25.0,25.0,0.14,2.6,19.3,34.8,21.7,8.7,0.1,1.9,15.1,16.7,22.2,16.7,0.16,2.3,12.6,13.3,6.7,0.0,0.16,3.9,21.0,71.4,4.8,9.5,0.15,3.1,19.0,15.8,31.6,26.3,0.18,3.9,13.0,15.4,15.4,7.7,0.15,3.3,14.0,7.1,7.1,14.3,0.19,3.8,18.0,16.7,33.3,16.7,0.17,3.7,15.0,13.3,26.7,0.0,0.22,4.9,11.5,50.0,10.0,0.0,0.21,3.5,24.1,9.5,33.3,14.3,0.17,3.2,16.1,7.1,14.3,7.1,0.22,3.8,17.2,6.7,20.0,6.7,0.19,3.5,18.4,6.2,12.5,0.0,0.19,3.6,12.6,9.1,0.0,0.0,0.17,3.2,15.2,56.2,18.8,0.0,0.15,3.2,17.1,5.6,50.0,22.2,0.16,3.9,18.1,15.8,10.5,0.0,0.22,4.5,15.2,25.0,12.5,12.5,0.18,4.1,19.0,5.0,15.0,20.0,0.16,3.4,15.2,6.2,12.5,0.0,0.2,3.9,18.6,68.4,15.8,10.5,0.12,1.7,15.7,6.2,43.8,25.0,0.12,2.4,14.7,26.7,26.7,20.0,0.12,2.2,15.7,18.8,12.5,43.8,0.15,3.1,20.6,4.8,28.6,14.3,0.15,3.1,14.7,13.3,26.7,0.0,0.17,3.3
20261005,05,5,1800,4876,B1,福井,32.0,54.0,4.89,30.39,5.25,33.33,58,36.45,41,23.76,4274,B1,東京,44.0,51.0,4.67,28.24,4.75,29.51,72,27.88,64,38.24,4914,A1,愛知,29.0,51.0,7.49,55.0,7.53,64.71,66,35.29,33,31.3,4911,A2,東京,30.0,53.0,4.46,26.76,4.26,22.86,28,42.7,68,31.3,5406,B2,山口,22.0,52.0,1.54,1.64,0.0,0.0,54,45.38,36,38.94,4703,A1,山口,38.0,52.0,6.64,55.83,0.0,0.0,26,29.36,80,29.73,15.4,66.7,11.1,0.0,0.16,2.9,17.9,38.1,9.5,0.0,0.18,3.7,15.4,11.1,16.7,16.7,0.18,3.7,19.7,13.0,26.1,21.7,0.17,3.2,12.8,6.7,20.0,0.0,0.13,2.9,18.8,13.6,0.0,0.0,0.19,4.2,13.8,30.8,23.1,7.7,0.14,3.1,13.8,15.4,15.4,30.8,0.2,3.6,21.3,5.0,20.0,20.0,0.15,2.4,17.0,12.5,25.0,0.0,0.15,3.1,17.0,6.2,6.2,37.5,0.15,3.4,17.0,6.2,6.2,0.0,0.18,3.6,13.3,81.2,6.2,0.0,0.1,1.9,19.2,13.0,30.4,21.7,0.12,2.4,15.0,5.6,38.9,22.2,0.1,1.9,16.7,20.0,25.0,5.0,0.13,2.5,20.0,16.7,20.8,12.5,0.14,3.0,15.8,26.3,5.3,0.0,0.13,3.2,17.0,52.9,29.4,11.8,0.15,2.4,19.0,5.3,26.3,31.6,0.13,2.8,14.0,35.7,35.7,0.0,0.16,3.1,21.0,4.8,33.3,0.0,0.14,2.7,17.0,5.9,5.9,17.6,0.15,3.2,12.0,16.7,66.7,0.0,0.14,2.3,0.0,0.0,0.0,0.0,0.0,0.0,0.0,0.0,0.0,0.0,0.0,0.0,0.0,0.0,0.0,0.0,0.0,0.0,1.1,0.0,0.0,0.0,0.08,1.0,11.2,0.0,0.0,0.0,0.12,2.4,87.6,2.6,0.0,0.0,0.18,3.6,20.9,58.3,20.8,12.5,0.14,2.2,15.7,16.7,27.8,22.2,0.16,3.0,13.9,25.0,25.0,12.5,0.18,3.1,20.9,20.8,33.3,4.2,0.14,3.3,17.4,25.0,30.0,0.0,0.17,4.0,11.3,7.7,15.4,7.7,0.16,3.1
20261005,05,6,1800,3976,B1,山口,49.0,52.0,3.74,21.95,4.12,23.53,67,38.61,58,21.11,3655,B1,群馬,52.0,54.0,4.67,22.09,5.88,38.1,73,27.43,63,18.97,3876,A1,福岡,49.0,53.0,7.16,59.68,0.0,0.0,19,36.36,56,35.9,4293,B1,愛知,41.0,59.0,5.05,27.66,5.89,39.29,18,36.45,44,27.55,5387,B2,山口,20.0,52.0,1.65,0.0,0.0,0.0,37,40.19,57,28.13,5461,B2,三重,19.0,50.0,1.13,0.0,0.0,0.0,32,51.61,84,23.36,12.2,50.0,8.3,8.3,0.19,3.9,17.3,5.9,17.6,5.9,0.15,3.1,21.4,4.8,19.0,14.3,0.17,2.7,20.4,10.0,20.0,0.0,0.17,3.4,15.3,13.3,6.7,0.0,0.18,3.5,13.3,0.0,0.0,0.0,0.19,4.4,18.8,48.0,28.0,20.0,0.16,3.2,21.8,34.5,31.0,0.0,0.19,3.8,15.0,25.0,30.0,0.0,0.16,3.3,17.3,13.0,30.4,0.0,0.18,3.4,18.0,4.2,20.8,8.3,0.16,3.2,9.0,16.7,0.0,0.0,0.16,3.3,24.1,71.4,14.3,0.0,0.15,3.9,13.8,12.5,37.5,25.0,0.18,4.1,16.4,47.4,15.8,5.3,0.13,3.1,11.2,30.8,7.7,23.1,0.17,3.3,14.7,41.2,11.8,17.6,0.14,2.6,19.8,8.7,8.7,17.4,0.14,3.2,18.6,36.4,31.8,4.5,0.15,3.3,18.6,9.1,31.8,18.2,0.19,4.0,15.3,5.6,27.8,16.7,0.18,3.8,12.7,20.0,0.0,0.0,0.21,4.9,15.3,16.7,0.0,0.0,0.18,4.1,19.5,17.4,0.0,0.0,0.19,4.0,0.0,0.0,0.0,0.0,0.0,0.0,0.0,0.0,0.0,0.0,0.0,0.0,0.0,0.0,0.0,0.0,0.0,0.0,17.1,0.0,0.0,0.0,0.25,4.3,23.7,5.6,0.0,0.0,0.19,3.8,59.2,0.0,0.0,0.0,0.19,3.8,0.0,0.0,0.0,0.0,0.0,0.0,0.0,0.0,0.0,0.0,0.0,0.0,0.0,0.0,0.0,0.0,0.0,0.0,0.0,0.0,0.0,0.0,0.0,0.0,0.0,0.0,0.0,0.0,0.0,0.0,0.0,0.0,0.0,0.0,0.0,0.0
20261005,05,7,1800,4239,A1,山口,42.0,53.0,6.35,46.96,7.33,66.67,60,25.93,69,42.61,4824,A2,三重,33.0,51.0,6.36,53.64,5.12,35.29,68,33.91,76,40.91,4469,A2,福井,39.0,57.0,5.35,32.29,4.91,31.82,47,29.63,35,33.04,4650,B2,愛知,42.0,52.0,3.8,21.95,6.53,47.37,35,24.18,67,30.0,3567,B1,山口,56.0,56.0,3.11,19.3,3.38,12.5,57,47.9,34,20.79,3857,B1,東京,53.0,56.0,4.94,28.89,4.18,17.07,65,33.05,74,31.25,25.6,64.5,25.8,0.0,0.13,2.7,15.7,15.8,36.8,21.1,0.13,2.3,14.9,33.3,38.9,16.7,0.15,2.8,13.2,12.5,25.0,25.0,0.17,3.1,16.5,5.0,35.0,0.0,0.16,3.5,14.0,5.9,5.9,17.6,0.18,3.9,20.6,70.4,14.8,0.0,0.13,2.7,15.3,25.0,15.0,10.0,0.13,2.6,17.6,8.7,47.8,13.0,0.12,1.9,17.6,13.0,17.4,17.4,0.12,2.3,16.0,14.3,9.5,23.8,0.11,2.9,13.0,11.8,11.8,0.0,0.15,3.5,19.1,81.8,4.5,4.5,0.17,2.2,20.0,26.1,17.4,17.4,0.16,3.0,13.9,18.8,31.2,12.5,0.16,3.3,15.7,5.6,11.1,27.8,0.14,3.0,19.1,13.6,22.7,22.7,0.19,3.5,12.2,7.1,14.3,0.0,0.18,3.5,17.1,71.4,14.3,0.0,0.13,2.1,14.6,33.3,33.3,16.7,0.14,1.8,17.1,57.1,0.0,0.0,0.15,3.0,24.4,20.0,30.0,20.0,0.12,2.5,9.8,50.0,0.0,0.0,0.13,3.0,17.1,14.3,14.3,0.0,0.14,3.6,12.1,12.5,25.0,0.0,0.15,3.4,21.2,7.1,14.3,21.4,0.22,3.4,15.2,30.0,10.0,0.0,0.17,4.1,16.7,9.1,0.0,0.0,0.13,3.1,19.7,7.7,0.0,0.0,0.19,4.2,15.2,0.0,0.0,0.0,0.19,4.2,8.9,30.0,10.0,10.0,0.2,3.8,15.2,29.4,23.5,0.0,0.19,3.9,10.7,16.7,16.7,0.0,0.21,4.3,14.3,18.8,12.5,0.0,0.24,4.8,15.2,11.8,5.9,11.8,0.21,4.0,35.7,12.5,12.5,10.0,0.2,4.1
20261005,05,8,1800,3684,A2,山口,52.0,53.0,5.36,31.03,6.86,42.86,31,38.84,22,29.79,4889,B1,東京,37.0,52.0,3.94,22.22,5.55,35.0,64,36.28,82,31.03,3105,B1,東京,63.0,54.0,5.08,32.05,4.91,34.29,27,42.48,48,34.55,5034,A1,静岡,28.0,57.0,6.29,47.06,6.45,54.69,70,31.37,31,32.48,5385,B1,静岡,21.0,56.0,2.57,4.41,1.24,0.0,46,36.7,59,31.03,4163,A2,広島,44.0,52.0,5.76,36.75,5.86,42.86,53,31.3,43,32.74,18.4,42.1,36.8,15.8,0.14,2.2,16.5,23.5,17.6,29.4,0.16,3.5,17.5,5.6,33.3,22.2,0.16,3.4,18.4,10.5,47.4,10.5,0.17,3.8,14.6,6.7,20.0,13.3,0.21,4.4,14.6,6.7,0.0,0.0,0.25,5.8,18.1,57.9,15.8,5.3,0.13,2.3,17.1,5.6,44.4,16.7,0.13,2.1,18.1,31.6,26.3,21.1,0.14,2.9,13.3,14.3,7.1,14.3,0.11,1.6,17.1,11.1,5.6,11.1,0.12,2.0,16.2,17.6,5.9,0.0,0.16,2.9,15.6,35.7,28.6,28.6,0.16,2.5,20.0,11.1,11.1,27.8,0.22,3.9,17.8,18.8,18.8,12.5,0.22,3.3,14.4,7.7,23.1,0.0,0.14,2.7,15.6,7.1,42.9,0.0,0.19,3.0,16.7,26.7,0.0,0.0,0.2,4.1,22.4,75.8,15.2,3.0,0.1,2.0,15.6,13.0,30.4,8.7,0.12,2.8,21.1,41.9,25.8,0.0,0.13,2.5,20.4,20.0,10.0,26.7,0.12,2.1,9.5,7.1,28.6,7.1,0.15,3.3,10.9,31.2,0.0,0.0,0.17,3.5,0.0,0.0,0.0,0.0,0.0,0.0,0.0,0.0,0.0,0.0,0.0,0.0,0.0,0.0,0.0,0.0,0.0,0.0,20.3,13.3,20.0,0.0,0.15,2.3,29.7,4.5,4.5,9.1,0.13,2.3,50.0,5.4,2.7,0.0,0.15,3.2,22.7,72.4,13.8,3.4,0.15,3.1,14.8,31.6,36.8,0.0,0.15,3.3,18.8,16.7,20.8,20.8,0.16,3.4,15.6,15.0,25.0,5.0,0.18,4.0,15.6,5.0,15.0,20.0,0.17,4.4,12.5,0.0,0.0,0.0,0.18,4.5
20261005,05,9,1800,4883,A2,東京,30.0,52.0,6.35,50.93,5.81,43.24,43,31.86,21,30.77,4529,A1,香川,38.0,55.0,5.88,41.75,0.0,0.0,61,40.83,42,33.33,3680,B1,長崎,53.0,55.0,4.61,25.71,0.0,0.0,29,25.93,72,36.61,4990,B2,福岡,29.0,47.0,3.67,15.69,0.0,0.0,13,29.82,38,30.21,3870,B1,福井,50.0,52.0,4.0,17.89,3.33,11.11,52,34.26,52,42.74,4914,A1,愛知,29.0,51.0,7.49,55.0,7.53,64.71,66,35.29,33,31.3,14.1,69.2,15.4,7.7,0.15,2.8,19.6,22.2,27.8,11.1,0.18,4.0,20.7,10.5,36.8,10.5,0.16,3.0,15.2,28.6,21.4,7.1,0.17,3.6,17.4,12.5,25.0,25.0,0.15,2.7,13.0,16.7,8.3,0.0,0.14,3.3,18.6,68.4,15.8,10.5,0.12,1.7,15.7,6.2,43.8,25.0,0.12,2.4,14.7,26.7,26.7,20.0,0.12,2.2,15.7,18.8,12.5,43.8,0.15,3.1,20.6,4.8,28.6,14.3,0.15,3.1,14.7,13.3,26.7,0.0,0.17,3.3,14.1,7.1,35.7,14.3,0.24,3.9,17.2,29.4,5.9,0.0,0.23,4.9,19.2,26.3,10.5,15.8,0.19,3.9,19.2,10.5,5.3,15.8,0.18,3.9,15.2,6.7,13.3,13.3,0.22,4.8,15.2,6.7,0.0,0.0,0.26,4.9,12.5,16.7,16.7,0.0,0.18,3.5,18.8,11.1,0.0,0.0,0.26,4.9,16.7,12.5,12.5,0.0,0.19,3.9,16.7,12.5,0.0,0.0,0.25,4.8,12.5,0.0,0.0,0.0,0.18,3.5,22.9,0.0,0.0,0.0,0.19,3.5,13.0,23.1,30.8,7.7,0.2,4.0,20.0,5.0,15.0,10.0,0.21,4.1,20.0,10.0,20.0,15.0,0.19,3.5,17.0,29.4,5.9,5.9,0.17,3.4,14.0,28.6,7.1,0.0,0.16,2.9,16.0,6.2,6.2,0.0,0.16,3.4,13.3,81.2,6.2,0.0,0.1,1.9,19.2,13.0,30.4,21.7,0.12,2.4,15.0,5.6,38.9,22.2,0.1,1.9,16.7,20.0,25.0,5.0,0.13,2.5,20.0,16.7,20.8,12.5,0.14,3.0,15.8,26.3,5.3,0.0,0.13,3.2
20261005,05,10,1800,4794,A1,兵庫,36.0,54.0,6.92,55.41,7.3,54.05,34,28.44,47,41.59,3777,A2,長崎,51.0,52.0,5.01,29.67,0.0,0.0,17,39.64,28,28.16,3976,B1,山口,49.0,52.0,3.74,21.95,4.12,23.53,67,38.61,58,21.11,5406,B2,山口,22.0,52.0,1.54,1.64,0.0,0.0,54,45.38,36,38.94,3757,A2,広島,54.0,53.0,5.56,39.51,6.5,50.0,62,34.15,77,37.17,5410,B2,愛知,21.0,48.0,1.61,0.0,1.43,0.0,63,37.9,29,46.09,19.3,81.0,14.3,0.0,0.1,1.8,17.4,26.3,42.1,10.5,0.16,2.7,16.5,16.7,27.8,16.7,0.16,3.0,22.9,12.0,20.0,24.0,0.13,2.4,13.8,26.7,46.7,0.0,0.11,2.4,10.1,9.1,36.4,0.0,0.13,2.9,21.7,56.7,23.3,13.3,0.17,3.1,15.9,27.3,18.2,13.6,0.15,2.8,18.1,12.0,32.0,16.0,0.17,3.0,10.9,20.0,13.3,13.3,0.16,3.1,17.4,20.8,12.5,12.5,0.15,3.5,15.9,13.6,9.1,4.5,0.21,4.2,12.2,50.0,8.3,8.3,0.19,3.9,17.3,5.9,17.6,5.9,0.15,3.1,21.4,4.8,19.0,14.3,0.17,2.7,20.4,10.0,20.0,0.0,0.17,3.4,15.3,13.3,6.7,0.0,0.18,3.5,13.3,0.0,0.0,0.0,0.19,4.4,0.0,0.0,0.0,0.0,0.0,0.0,0.0,0.0,0.0,0.0,0.0,0.0,0.0,0.0,0.0,0.0,0.0,0.0,1.1,0.0,0.0,0.0,0.08,1.0,11.2,0.0,0.0,0.0,0.12,2.4,87.6,2.6,0.0,0.0,0.18,3.6,15.9,41.2,11.8,35.3,0.14,2.9,17.8,10.5,47.4,21.1,0.15,2.5,16.8,5.6,16.7,27.8,0.18,3.1,17.8,10.5,21.1,15.8,0.16,3.1,21.5,4.3,17.4,26.1,0.17,3.5,10.3,9.1,9.1,0.0,0.16,3.1,0.0,0.0,0.0,0.0,0.0,0.0,0.0,0.0,0.0,0.0,0.0,0.0,0.0,0.0,0.0,0.0,0.0,0.0,0.0,0.0,0.0,0.0,0.0,0.0,6.4,0.0,0.0,0.0,0.19,3.0,93.6,1.4,2.7,2.7,0.16,2.9
20261005,05,11,1800,5029,A1,福岡,29.0,53.0,6.93,53.85,0.0,0.0,42,38.1,37,31.09,4703,A1,山口,38.0,52.0,6.64,55.83,0.0,0.0,26,29.36,80,29.73,3660,B1,香川,57.0,60.0,3.74,11.9,0.0,0.0,20,37.07,71,22.22,4318,A2,東京,42.0,52.0,5.24,23.53,5.33,28.33,69,28.89,55,35.09,4618,B1,三重,43.0,56.0,5.34,38.36,4.15,17.65,75,37.27,70,26.17,4293,B1,愛知,41.0,59.0,5.05,27.66,5.89,39.29,18,36.45,44,27.55,20.2,83.3,4.2,4.2,0.14,1.8,16.0,15.8,36.8,26.3,0.12,2.2,16.8,10.0,25.0,25.0,0.14,2.6,19.3,34.8,21.7,8.7,0.1,1.9,15.1,16.7,22.2,16.7,0.16,2.3,12.6,13.3,6.7,0.0,0.16,3.9,20.9,58.3,20.8,12.5,0.14,2.2,15.7,16.7,27.8,22.2,0.16,3.0,13.9,25.0,25.0,12.5,0.18,3.1,20.9,20.8,33.3,4.2,0.14,3.3,17.4,25.0,30.0,0.0,0.17,4.0,11.3,7.7,15.4,7.7,0.16,3.1,11.7,22.2,11.1,0.0,0.18,4.0,18.2,7.1,14.3,0.0,0.18,4.4,18.2,7.1,0.0,0.0,0.21,3.9,19.5,26.7,0.0,0.0,0.19,3.9,22.1,5.9,5.9,5.9,0.2,4.8,10.4,12.5,0.0,0.0,0.19,5.0,17.7,60.0,15.0,5.0,0.17,2.8,19.5,13.6,22.7,27.3,0.16,3.5,16.8,10.5,36.8,5.3,0.15,3.0,17.7,25.0,45.0,0.0,0.15,3.0,15.9,22.2,38.9,0.0,0.14,3.1,12.4,7.1,21.4,0.0,0.17,4.1,12.5,45.5,9.1,18.2,0.17,3.5,18.2,6.2,43.8,6.2,0.19,3.4,19.3,11.8,17.6,23.5,0.17,3.6,17.0,13.3,33.3,0.0,0.19,3.2,22.7,10.0,35.0,0.0,0.15,3.1,10.2,33.3,0.0,0.0,0.18,4.7,18.6,36.4,31.8,4.5,0.15,3.3,18.6,9.1,31.8,18.2,0.19,4.0,15.3,5.6,27.8,16.7,0.18,3.8,12.7,20.0,0.0,0.0,0.21,4.9,15.3,16.7,0.0,0.0,0.18,4.1,19.5,17.4,0.0,0.0,0.19,4.0
20261005,05,12,1800,3876,A1,福岡,49.0,53.0,7.16,59.68,0.0,0.0,19,36.36,56,35.9,4732,A2,徳島,37.0,55.0,7.19,59.13,5.55,36.36,41,36.27,27,34.78,4824,A2,三重,33.0,51.0,6.36,53.64,5.12,35.29,68,33.91,76,40.91,4725,B1,兵庫,40.0,53.0,4.87,22.11,6.3,45.0,55,40.5,45,35.59,4911,A2,東京,30.0,53.0,4.46,26.76,4.26,22.86,28,42.7,68,31.3,4988,B1,静岡,29.0,57.0,4.2,27.27,4.31,29.31,39,31.78,51,33.62,24.1,71.4,14.3,0.0,0.15,3.9,13.8,12.5,37.5,25.0,0.18,4.1,16.4,47.4,15.8,5.3,0.13,3.1,11.2,30.8,7.7,23.1,0.17,3.3,14.7,41.2,11.8,17.6,0.14,2.6,19.8,8.7,8.7,17.4,0.14,3.2,19.2,75.0,16.7,4.2,0.12,2.1,17.6,18.2,31.8,22.7,0.11,3.0,13.6,17.6,29.4,23.5,0.12,1.9,15.2,5.3,10.5,21.1,0.11,2.8,21.6,18.5,25.9,0.0,0.12,2.6,12.8,6.2,25.0,0.0,0.13,2.5,20.6,70.4,14.8,0.0,0.13,2.7,15.3,25.0,15.0,10.0,0.13,2.6,17.6,8.7,47.8,13.0,0.12,1.9,17.6,13.0,17.4,17.4,0.12,2.3,16.0,14.3,9.5,23.8,0.11,2.9,13.0,11.8,11.8,0.0,0.15,3.5,15.2,56.2,18.8,0.0,0.15,3.2,17.1,5.6,50.0,22.2,0.16,3.9,18.1,15.8,10.5,0.0,0.22,4.5,15.2,25.0,12.5,12.5,0.18,4.1,19.0,5.0,15.0,20.0,0.16,3.4,15.2,6.2,12.5,0.0,0.2,3.9,17.0,52.9,29.4,11.8,0.15,2.4,19.0,5.3,26.3,31.6,0.13,2.8,14.0,35.7,35.7,0.0,0.16,3.1,21.0,4.8,33.3,0.0,0.14,2.7,17.0,5.9,5.9,17.6,0.15,3.2,12.0,16.7,66.7,0.0,0.14,2.3,13.0,78.6,14.3,0.0,0.14,2.3,14.8,62.5,12.5,0.0,0.14,2.9,20.4,9.1,18.2,13.6,0.13,2.7,17.6,10.5,5.3,15.8,0.14,2.8,15.7,5.9,17.6,0.0,0.14,2.5,18.5,5.0,0.0,0.0,0.18,3.6
20261005,02,1,1800,5182,B1,埼玉,28.0,46.0,3.97,18.67,4.56,22.08,46,11.54,61,34.48,3226,B1,東京,61.0,51.0,4.76,24.42,5.14,14.29,8,37.5,40,36.11,5370,B2,福岡,24.0,47.0,1.44,1.75,1.0,0.0,30,34.21,75,7.14,3392,B1,三重,61.0,54.0,4.38,18.18,4.68,24.39,5,29.03,35,23.33,5399,B2,三重,24.0,43.0,1.21,0.0,1.09,0.0,64,29.17,12,26.47,5101,B1,福岡,29.0,54.0,2.98,3.33,4.53,33.33,12,36.0,60,33.33,20.7,36.8,26.3,0.0,0.13,1.9,19.6,5.6,38.9,11.1,0.15,3.1,15.2,14.3,14.3,14.3,0.16,2.9,10.9,10.0,20.0,0.0,0.15,2.4,18.5,23.5,23.5,23.5,0.1,2.2,15.2,21.4,0.0,0.0,0.15,3.0,17.0,46.7,13.3,6.7,0.2,4.5,17.0,40.0,20.0,0.0,0.16,4.0,14.8,23.1,15.4,0.0,0.19,3.7,17.0,13.3,13.3,20.0,0.22,4.5,18.2,18.8,25.0,0.0,0.17,3.6,15.9,7.1,0.0,0.0,0.19,4.1,0.0,0.0,0.0,0.0,0.0,0.0,0.0,0.0,0.0,0.0,0.0,0.0,0.0,0.0,0.0,0.0,0.0,0.0,24.6,5.9,0.0,0.0,0.16,3.4,23.2,0.0,0.0,0.0,0.23,4.0,52.2,0.0,0.0,0.0,0.19,3.8,19.1,27.8,16.7,33.3,0.17,3.9,14.9,7.1,21.4,14.3,0.23,5.0,20.2,5.3,26.3,21.1,0.18,4.0,10.6,10.0,0.0,0.0,0.21,3.6,18.1,5.9,5.9,0.0,0.22,4.8,17.0,12.5,0.0,0.0,0.24,4.7,0.0,0.0,0.0,0.0,0.0,0.0,0.0,0.0,0.0,0.0,0.0,0.0,0.0,0.0,0.0,0.0,0.0,0.0,2.6,50.0,0.0,0.0,0.3,4.7,5.3,0.0,0.0,0.0,0.26,5.3,92.1,7.1,0.0,0.0,0.24,4.5,9.1,16.7,16.7,0.0,0.21,3.3,19.7,7.7,15.4,30.8,0.17,2.8,16.7,18.2,0.0,0.0,0.17,3.4,25.8,5.9,5.9,17.6,0.18,4.0,18.2,8.3,0.0,0.0,0.2,4.0,10.6,14.3,14.3,0.0,0.2,4.3
20261005,02,2,1800,3993,B1,東京,47.0,46.0,5.63,35.8,4.78,33.33,18,46.15,48,34.48,4991,A1,広島,29.0,52.0,6.49,42.0,6.73,45.45,1,15.38,17,14.71,4182,B1,滋賀,43.0,56.0,4.77,30.63,4.55,39.39,16,30.77,20,42.42,3406,B1,群馬,58.0,52.0,5.6,35.85,5.3,25.0,62,31.71,45,31.43,4839,A2,徳島,36.0,52.0,5.91,42.2,4.59,35.29,58,30.77,51,42.11,5472,B2,愛知,17.0,43.0,1.02,0.0,0.0,0.0,61,14.29,70,30.3,18.3,36.8,5.3,31.6,0.16,3.4,16.3,52.9,11.8,0.0,0.18,3.2,19.2,10.0,25.0,35.0,0.15,2.5,16.3,11.8,23.5,11.8,0.18,2.9,19.2,10.0,25.0,0.0,0.17,3.4,10.6,18.2,0.0,0.0,0.13,2.9,18.8,63.2,31.6,0.0,0.14,2.5,20.8,14.3,28.6,33.3,0.18,4.0,12.9,23.1,23.1,30.8,0.17,3.6,18.8,5.3,31.6,15.8,0.18,3.8,15.8,12.5,18.8,25.0,0.17,4.3,12.9,7.7,30.8,0.0,0.23,5.8,15.2,43.8,12.5,18.8,0.18,2.6,18.1,5.3,21.1,5.3,0.19,3.5,15.2,6.2,43.8,6.2,0.15,2.2,21.0,13.6,13.6,18.2,0.17,3.3,17.1,5.6,11.1,27.8,0.2,3.4,13.3,14.3,0.0,0.0,0.27,4.5,18.8,54.5,31.8,9.1,0.17,3.0,15.4,16.7,33.3,11.1,0.15,3.7,15.4,11.1,5.6,38.9,0.18,3.7,20.5,4.2,4.2,25.0,0.2,4.3,16.2,5.3,15.8,21.1,0.21,3.7,13.7,6.2,25.0,0.0,0.22,4.4,20.0,50.0,15.0,0.0,0.13,2.7,19.0,26.3,26.3,21.1,0.13,2.4,15.0,13.3,33.3,13.3,0.16,3.0,15.0,6.7,26.7,26.7,0.15,2.6,18.0,11.1,27.8,0.0,0.19,3.7,13.0,7.7,30.8,0.0,0.14,3.7,0.0,0.0,0.0,0.0,0.0,0.0,0.0,0.0,0.0,0.0,0.0,0.0,0.0,0.0,0.0,0.0,0.0,0.0,0.0,0.0,0.0,0.0,0.0,0.0,0.0,0.0,0.0,0.0,0.0,0.0,0.0,0.0,0.0,0.0,0.0,0.0
20261005,02,3,1800,4216,B1,静岡,41.0,55.0,4.62,23.4,4.88,18.75,57,50.0,25,34.21,4729,B1,福岡,37.0,56.0,4.42,25.0,3.82,11.76,56,42.42,24,31.43,4679,A2,福岡,37.0,60.0,6.35,49.14,4.95,28.57,20,33.33,68,26.47,3696,B1,埼玉,54.0,53.0,5.16,28.24,5.35,33.33,2,16.13,32,43.9,4097,B1,広島,44.0,53.0,3.66,15.58,4.0,22.22,47,32.0,38,37.84,4796,A1,三重,35.0,53.0,6.05,44.17,5.86,46.51,9,24.32,43,42.11,20.4,56.5,30.4,4.3,0.11,1.5,13.3,26.7,20.0,0.0,0.15,2.3,17.7,15.0,35.0,0.0,0.16,2.6,15.0,5.9,23.5,23.5,0.15,2.7,17.7,20.0,15.0,0.0,0.18,3.1,15.9,16.7,0.0,0.0,0.17,3.6,14.5,25.0,8.3,0.0,0.22,4.5,16.9,21.4,21.4,0.0,0.2,3.8,20.5,17.6,29.4,0.0,0.17,4.2,16.9,14.3,7.1,0.0,0.17,3.5,19.3,18.8,0.0,0.0,0.2,4.1,12.0,20.0,0.0,0.0,0.19,3.8,20.1,66.7,14.8,3.7,0.14,2.8,16.4,18.2,36.4,22.7,0.14,3.0,12.7,23.5,17.6,17.6,0.17,3.0,19.4,3.8,23.1,30.8,0.17,3.7,17.9,8.3,25.0,0.0,0.16,3.5,13.4,5.6,0.0,0.0,0.17,4.1,13.7,30.8,30.8,15.4,0.17,3.6,18.9,11.1,22.2,22.2,0.18,4.4,15.8,13.3,13.3,13.3,0.18,3.5,16.8,12.5,31.2,0.0,0.16,4.1,20.0,10.5,10.5,21.1,0.16,4.1,14.7,7.1,0.0,0.0,0.2,4.4,8.8,14.3,14.3,28.6,0.16,3.7,17.5,14.3,14.3,0.0,0.2,4.1,22.5,16.7,11.1,0.0,0.22,4.7,12.5,10.0,20.0,0.0,0.23,4.5,21.2,5.9,11.8,0.0,0.24,4.6,17.5,21.4,0.0,0.0,0.25,5.6,21.4,70.8,12.5,8.3,0.14,2.0,16.1,38.9,38.9,16.7,0.15,2.3,15.2,23.5,29.4,5.9,0.18,3.1,12.5,35.7,21.4,28.6,0.12,1.6,18.8,28.6,19.0,0.0,0.14,2.1,16.1,5.6,5.6,5.6,0.15,2.9
20261005,02,4,1800,3752,B1,福岡,55.0,59.0,4.05,15.12,3.79,21.43,4,43.24,29,35.29,5075,A2,滋賀,30.0,53.0,5.99,34.38,4.57,28.57,60,39.02,23,38.46,4474,B1,福岡,39.0,57.0,5.22,35.44,5.0,33.33,11,32.43,58,47.37,3251,A2,埼玉,60.0,50.0,5.97,38.66,5.91,34.75,6,30.3,65,48.57,5088,A1,大阪,26.0,44.0,6.05,35.65,6.49,48.72,54,31.43,57,16.67,4209,A2,静岡,43.0,57.0,6.17,38.83,5.04,31.48,51,28.57,77,38.89,12.9,33.3,16.7,8.3,0.21,4.3,16.1,26.7,13.3,0.0,0.22,4.5,17.2,6.2,12.5,12.5,0.14,3.1,19.4,22.2,11.1,0.0,0.16,3.2,17.2,18.8,0.0,0.0,0.14,2.9,17.2,12.5,0.0,0.0,0.16,3.4,18.0,33.3,20.8,29.2,0.19,3.1,18.8,16.0,40.0,20.0,0.15,3.0,17.3,8.7,17.4,26.1,0.15,2.9,18.0,33.3,12.5,16.7,0.14,2.5,13.5,16.7,22.2,22.2,0.17,2.9,14.3,5.3,31.6,0.0,0.16,3.6,16.7,52.9,17.6,11.8,0.16,2.9,18.6,26.3,21.1,0.0,0.19,4.5,16.7,17.6,29.4,11.8,0.16,2.9,18.6,10.5,21.1,26.3,0.18,3.9,20.6,14.3,33.3,0.0,0.21,3.8,8.8,11.1,0.0,0.0,0.24,5.1,17.9,38.5,26.9,15.4,0.19,4.0,17.2,24.0,28.0,24.0,0.18,4.1,20.0,6.9,24.1,20.7,0.21,4.3,15.2,27.3,22.7,9.1,0.19,3.8,17.2,16.0,16.0,0.0,0.18,4.4,12.4,5.6,5.6,22.2,0.23,5.4,26.8,78.6,11.9,7.1,0.14,2.4,12.1,42.1,26.3,10.5,0.16,3.2,14.6,30.4,21.7,21.7,0.15,3.3,15.3,20.8,16.7,20.8,0.15,3.4,15.9,16.0,8.0,12.0,0.17,3.3,15.3,16.7,8.3,8.3,0.15,3.4,19.3,42.9,19.0,14.3,0.18,3.4,17.4,36.8,10.5,0.0,0.16,3.8,15.6,17.6,29.4,23.5,0.19,3.3,15.6,5.9,29.4,29.4,0.18,2.6,20.2,4.5,9.1,27.3,0.18,3.6,11.9,38.5,0.0,0.0,0.18,3.8
20261005,02,5,1800,4067,A2,愛知,46.0,53.0,6.47,51.69,6.29,44.12,63,32.0,52,35.29,3293,B1,東京,61.0,53.0,3.63,12.5,4.7,27.66,44,36.84,55,23.53,3615,B1,広島,53.0,51.0,4.12,23.26,5.76,48.0,59,34.48,71,37.14,5139,A1,愛知,26.0,51.0,6.66,51.61,6.12,35.29,17,20.0,47,38.71,5370,B2,福岡,24.0,47.0,1.44,1.75,1.0,0.0,30,34.21,75,7.14,4904,B1,大阪,32.0,51.0,5.6,38.79,5.9,45.0,10,34.21,62,21.88,19.4,58.3,16.7,12.5,0.19,4.0,12.9,12.5,50.0,12.5,0.15,3.4,20.2,12.0,20.0,40.0,0.15,2.8,19.4,8.3,20.8,20.8,0.15,3.0,17.7,13.6,4.5,18.2,0.16,3.1,10.5,7.7,15.4,15.4,0.19,3.7,14.1,8.3,33.3,8.3,0.16,3.8,17.6,20.0,20.0,0.0,0.19,4.1,16.5,7.1,14.3,0.0,0.22,4.3,18.8,12.5,25.0,0.0,0.18,3.8,17.6,20.0,0.0,0.0,0.23,4.1,15.3,7.7,15.4,0.0,0.22,3.9,18.1,35.3,47.1,11.8,0.14,2.3,12.8,8.3,33.3,16.7,0.18,4.1,17.0,6.2,25.0,18.8,0.18,3.2,17.0,18.8,6.2,6.2,0.16,3.4,19.1,11.1,11.1,0.0,0.16,3.5,16.0,0.0,0.0,0.0,0.17,4.3,18.7,65.2,13.0,0.0,0.17,2.7,17.1,38.1,28.6,14.3,0.15,2.4,22.8,28.6,25.0,25.0,0.14,2.7,13.8,17.6,23.5,0.0,0.16,2.8,15.4,10.5,10.5,15.8,0.19,3.7,12.2,6.7,20.0,6.7,0.15,2.7,0.0,0.0,0.0,0.0,0.0,0.0,0.0,0.0,0.0,0.0,0.0,0.0,0.0,0.0,0.0,0.0,0.0,0.0,24.6,5.9,0.0,0.0,0.16,3.4,23.2,0.0,0.0,0.0,0.23,4.0,52.2,0.0,0.0,0.0,0.19,3.8,15.2,35.0,40.0,15.0,0.16,2.5,16.7,9.1,40.9,13.6,0.18,3.3,18.2,8.3,12.5,20.8,0.17,3.8,18.9,12.0,8.0,24.0,0.18,3.1,15.9,4.8,4.8,23.8,0.17,2.9,15.2,10.0,10.0,0.0,0.18,3.6
20261005,02,6,1800,3406,B1,群馬,58.0,52.0,5.6,35.85,5.3,25.0,62,31.71,45,31.43,4523,A2,長崎,38.0,53.0,5.89,35.96,6.46,38.46,14,57.5,50,16.0,4570,A1,愛知,38.0,57.0,5.96,37.62,6.81,58.33,15,55.1,39,33.33,5399,B2,三重,24.0,43.0,1.21,0.0,1.09,0.0,64,29.17,12,26.47,4977,A2,大阪,32.0,55.0,6.33,45.54,5.94,41.18,45,65.71,59,46.88,3740,A1,群馬,52.0,55.0,6.02,39.5,5.89,37.84,19,30.77,27,26.47,18.8,54.5,31.8,9.1,0.17,3.0,15.4,16.7,33.3,11.1,0.15,3.7,15.4,11.1,5.6,38.9,0.18,3.7,20.5,4.2,4.2,25.0,0.2,4.3,16.2,5.3,15.8,21.1,0.21,3.7,13.7,6.2,25.0,0.0,0.22,4.4,20.2,50.0,22.7,22.7,0.15,3.1,15.6,11.8,35.3,23.5,0.15,3.0,14.7,50.0,31.2,0.0,0.14,2.8,17.4,5.3,26.3,21.1,0.14,3.1,17.4,15.8,31.6,0.0,0.15,2.7,14.7,6.2,18.8,0.0,0.15,3.9,20.2,45.5,18.2,18.2,0.15,3.5,17.4,21.1,47.4,5.3,0.17,3.4,15.6,17.6,17.6,35.3,0.13,2.6,13.8,13.3,33.3,33.3,0.16,3.3,17.4,15.8,26.3,15.8,0.16,3.2,15.6,5.9,5.9,23.5,0.18,4.0,0.0,0.0,0.0,0.0,0.0,0.0,0.0,0.0,0.0,0.0,0.0,0.0,0.0,0.0,0.0,0.0,0.0,0.0,2.6,50.0,0.0,0.0,0.3,4.7,5.3,0.0,0.0,0.0,0.26,5.3,92.1,7.1,0.0,0.0,0.24,4.5,19.3,75.0,12.5,0.0,0.15,2.9,19.3,18.8,18.8,37.5,0.15,3.6,15.7,46.2,23.1,0.0,0.2,3.7,18.1,6.7,20.0,13.3,0.14,2.4,15.7,7.7,23.1,23.1,0.17,3.4,12.0,10.0,30.0,0.0,0.14,4.0,22.1,59.4,31.2,6.2,0.15,3.0,15.9,13.0,26.1,17.4,0.19,3.4,16.6,25.0,25.0,16.7,0.19,3.5,13.1,21.1,21.1,15.8,0.16,3.3,17.9,23.1,15.4,19.2,0.19,3.2,14.5,4.8,14.3,14.3,0.18,3.7
20261005,02,7,1800,3333,A1,徳島,58.0,53.0,6.57,47.79,6.7,60.0,13,33.33,22,34.21,4752,B1,愛知,38.0,53.0,3.88,15.56,3.17,16.67,53,51.43,15,35.14,3583,B1,埼玉,53.0,57.0,3.58,14.47,4.08,20.34,7,23.68,44,45.95,4729,B1,福岡,37.0,56.0,4.42,25.0,3.82,11.76,56,42.42,24,31.43,5472,B2,愛知,17.0,43.0,1.02,0.0,0.0,0.0,61,14.29,70,30.3,3226,B1,東京,61.0,51.0,4.76,24.42,5.14,14.29,8,37.5,40,36.11,23.1,70.0,16.7,0.0,0.12,2.1,13.1,17.6,23.5,17.6,0.15,3.6,14.6,15.8,42.1,15.8,0.16,2.6,20.0,11.5,19.2,15.4,0.16,3.2,18.5,8.3,12.5,29.2,0.17,3.1,10.8,14.3,28.6,0.0,0.16,3.1,11.4,22.2,66.7,0.0,0.17,2.6,19.0,6.7,13.3,26.7,0.17,2.8,16.5,7.7,23.1,0.0,0.19,3.9,24.1,15.8,5.3,15.8,0.19,3.6,16.5,23.1,23.1,0.0,0.18,4.0,12.7,10.0,0.0,0.0,0.2,5.0,12.0,66.7,0.0,0.0,0.21,4.0,18.7,14.3,7.1,0.0,0.21,3.9,16.0,8.3,33.3,0.0,0.21,4.0,20.0,6.7,13.3,0.0,0.19,3.3,16.0,8.3,8.3,0.0,0.19,3.5,17.3,7.7,0.0,0.0,0.2,4.1,14.5,25.0,8.3,0.0,0.22,4.5,16.9,21.4,21.4,0.0,0.2,3.8,20.5,17.6,29.4,0.0,0.17,4.2,16.9,14.3,7.1,0.0,0.17,3.5,19.3,18.8,0.0,0.0,0.2,4.1,12.0,20.0,0.0,0.0,0.19,3.8,0.0,0.0,0.0,0.0,0.0,0.0,0.0,0.0,0.0,0.0,0.0,0.0,0.0,0.0,0.0,0.0,0.0,0.0,0.0,0.0,0.0,0.0,0.0,0.0,0.0,0.0,0.0,0.0,0.0,0.0,0.0,0.0,0.0,0.0,0.0,0.0,17.0,46.7,13.3,6.7,0.2,4.5,17.0,40.0,20.0,0.0,0.16,4.0,14.8,23.1,15.4,0.0,0.19,3.7,17.0,13.3,13.3,20.0,0.22,4.5,18.2,18.8,25.0,0.0,0.17,3.6,15.9,7.1,0.0,0.0,0.19,4.1
20261005,02,8,1800,4097,B1,広島,44.0,53.0,3.66,15.58,4.0,22.22,47,32.0,38,37.84,5088,A1,大阪,26.0,44.0,6.05,35.65,6.49,48.72,54,31.43,57,16.67,4203,B1,群馬,44.0,53.0,4.31,26.39,4.69,26.67,48,56.25,73,37.84,4368,B1,福岡,40.0,55.0,4.41,24.24,3.0,16.67,55,15.63,67,31.25,3993,B1,東京,47.0,46.0,5.63,35.8,4.78,33.33,18,46.15,48,34.48,4228,A2,愛知,43.0,58.0,6.18,45.98,5.37,36.67,21,50.0,36,30.56,8.8,14.3,14.3,28.6,0.16,3.7,17.5,14.3,14.3,0.0,0.2,4.1,22.5,16.7,11.1,0.0,0.22,4.7,12.5,10.0,20.0,0.0,0.23,4.5,21.2,5.9,11.8,0.0,0.24,4.6,17.5,21.4,0.0,0.0,0.25,5.6,26.8,78.6,11.9,7.1,0.14,2.4,12.1,42.1,26.3,10.5,0.16,3.2,14.6,30.4,21.7,21.7,0.15,3.3,15.3,20.8,16.7,20.8,0.15,3.4,15.9,16.0,8.0,12.0,0.17,3.3,15.3,16.7,8.3,8.3,0.15,3.4,15.2,26.7,20.0,13.3,0.13,1.9,17.2,5.9,11.8,23.5,0.17,3.4,15.2,20.0,26.7,0.0,0.14,2.3,16.2,12.5,25.0,0.0,0.11,2.6,20.2,15.0,5.0,5.0,0.15,3.0,16.2,12.5,18.8,0.0,0.16,3.9,12.6,41.7,16.7,8.3,0.15,2.8,16.8,18.8,12.5,0.0,0.21,4.3,20.0,5.3,10.5,21.1,0.16,3.1,18.9,5.6,0.0,0.0,0.23,4.4,14.7,14.3,0.0,0.0,0.22,4.1,16.8,6.2,0.0,0.0,0.22,4.4,18.3,36.8,5.3,31.6,0.16,3.4,16.3,52.9,11.8,0.0,0.18,3.2,19.2,10.0,25.0,35.0,0.15,2.5,16.3,11.8,23.5,11.8,0.18,2.9,19.2,10.0,25.0,0.0,0.17,3.4,10.6,18.2,0.0,0.0,0.13,2.9,19.7,46.4,21.4,14.3,0.2,3.7,12.7,5.6,38.9,22.2,0.17,3.3,20.4,24.1,27.6,13.8,0.19,3.0,15.5,9.1,31.8,31.8,0.14,2.4,15.5,9.1,4.5,13.6,0.16,2.9,16.2,4.3,8.7,26.1,0.16,3.5
20261005,02,9,1800,5075,A2,滋賀,30.0,53.0,5.99,34.38,4.57,28.57,60,39.02,23,38.46,4175,A2,埼玉,43.0,55.0,5.77,44.57,5.67,35.8,65,26.67,33,33.33,4216,B1,静岡,41.0,55.0,4.62,23.4,4.88,18.75,57,50.0,25,34.21,5294,B1,静岡,24.0,50.0,3.71,17.33,3.0,14.29,42,36.11,26,31.43,4991,A1,広島,29.0,52.0,6.49,42.0,6.73,45.45,1,15.38,17,14.71,3999,A2,愛知,47.0,46.0,6.13,47.62,6.52,44.0,50,44.12,19,20.0,18.0,33.3,20.8,29.2,0.19,3.1,18.8,16.0,40.0,20.0,0.15,3.0,17.3,8.7,17.4,26.1,0.15,2.9,18.0,33.3,12.5,16.7,0.14,2.5,13.5,16.7,22.2,22.2,0.17,2.9,14.3,5.3,31.6,0.0,0.16,3.6,16.7,76.5,17.6,5.9,0.14,3.0,15.7,6.2,43.8,12.5,0.17,3.4,18.6,15.8,36.8,10.5,0.14,2.7,21.6,9.1,18.2,36.4,0.12,2.4,17.6,11.1,16.7,27.8,0.14,3.1,9.8,20.0,20.0,0.0,0.16,3.5,20.4,56.5,30.4,4.3,0.11,1.5,13.3,26.7,20.0,0.0,0.15,2.3,17.7,15.0,35.0,0.0,0.16,2.6,15.0,5.9,23.5,23.5,0.15,2.7,17.7,20.0,15.0,0.0,0.18,3.1,15.9,16.7,0.0,0.0,0.17,3.6,13.7,35.7,14.3,7.1,0.16,3.1,17.6,5.6,22.2,5.6,0.18,3.8,17.6,5.6,11.1,33.3,0.13,2.5,17.6,5.6,5.6,0.0,0.16,3.5,18.6,5.3,10.5,0.0,0.18,3.2,14.7,0.0,0.0,0.0,0.22,4.5,18.8,63.2,31.6,0.0,0.14,2.5,20.8,14.3,28.6,33.3,0.18,4.0,12.9,23.1,23.1,30.8,0.17,3.6,18.8,5.3,31.6,15.8,0.18,3.8,15.8,12.5,18.8,25.0,0.17,4.3,12.9,7.7,30.8,0.0,0.23,5.8,21.0,63.3,13.3,13.3,0.14,2.6,15.4,54.5,4.5,0.0,0.17,3.4,18.2,15.4,30.8,11.5,0.16,2.7,14.7,14.3,9.5,33.3,0.15,2.8,14.7,4.8,19.0,23.8,0.17,2.9,16.1,4.3,21.7,0.0,0.16,3.6
20261005,02,10,1800,4523,A2,長崎,38.0,53.0,5.89,35.96,6.46,38.46,14,57.5,50,16.0,4140,A2,東京,45.0,54.0,6.12,46.38,6.94,55.88,52,48.48,21,36.11,4796,A1,三重,35.0,53.0,6.05,44.17,5.86,46.51,9,24.32,43,42.11,4904,B1,大阪,32.0,51.0,5.6,38.79,5.9,45.0,10,34.21,62,21.88,3251,A2,埼玉,60.0,50.0,5.97,38.66,5.91,34.75,6,30.3,65,48.57,3895,B2,愛知,50.0,46.0,3.24,13.51,6.0,37.5,3,42.0,54,25.0,20.2,50.0,22.7,22.7,0.15,3.1,15.6,11.8,35.3,23.5,0.15,3.0,14.7,50.0,31.2,0.0,0.14,2.8,17.4,5.3,26.3,21.1,0.14,3.1,17.4,15.8,31.6,0.0,0.15,2.7,14.7,6.2,18.8,0.0,0.15,3.9,20.8,81.8,9.1,0.0,0.12,1.7,16.0,5.9,29.4,29.4,0.18,3.4,17.9,10.5,52.6,5.3,0.14,3.0,14.2,6.7,26.7,33.3,0.19,3.9,20.8,22.7,9.1,0.0,0.16,3.7,10.4,9.1,9.1,0.0,0.14,3.2,21.4,70.8,12.5,8.3,0.14,2.0,16.1,38.9,38.9,16.7,0.15,2.3,15.2,23.5,29.4,5.9,0.18,3.1,12.5,35.7,21.4,28.6,0.12,1.6,18.8,28.6,19.0,0.0,0.14,2.1,16.1,5.6,5.6,5.6,0.15,2.9,15.2,35.0,40.0,15.0,0.16,2.5,16.7,9.1,40.9,13.6,0.18,3.3,18.2,8.3,12.5,20.8,0.17,3.8,18.9,12.0,8.0,24.0,0.18,3.1,15.9,4.8,4.8,23.8,0.17,2.9,15.2,10.0,10.0,0.0,0.18,3.6,17.9,38.5,26.9,15.4,0.19,4.0,17.2,24.0,28.0,24.0,0.18,4.1,20.0,6.9,24.1,20.7,0.21,4.3,15.2,27.3,22.7,9.1,0.19,3.8,17.2,16.0,16.0,0.0,0.18,4.4,12.4,5.6,5.6,22.2,0.23,5.4,14.0,14.3,42.9,14.3,0.21,4.0,18.0,11.1,11.1,22.2,0.2,3.4,20.0,10.0,30.0,0.0,0.18,3.4,16.0,12.5,0.0,0.0,0.14,3.3,20.0,20.0,10.0,0.0,0.14,2.1,12.0,0.0,0.0,0.0,0.18,3.7
20261005,02,11,1800,4570,A1,愛知,38.0,57.0,5.96,37.62,6.81,58.33,15,55.1,39,33.33,3773,B1,長崎,52.0,57.0,3.7,19.1,0.0,0.0,37,15.15,13,24.24,3696,B1,埼玉,54.0,53.0,5.16,28.24,5.35,33.33,2,16.13,32,43.9,3333,A1,徳島,58.0,53.0,6.57,47.79,6.7,60.0,13,33.33,22,34.21,4209,A2,静岡,43.0,57.0,6.17,38.83,5.04,31.48,51,28.57,77,38.89,4839,A2,徳島,36.0,52.0,5.91,42.2,4.59,35.29,58,30.77,51,42.11,20.2,45.5,18.2,18.2,0.15,3.5,17.4,21.1,47.4,5.3,0.17,3.4,15.6,17.6,17.6,35.3,0.13,2.6,13.8,13.3,33.3,33.3,0.16,3.3,17.4,15.8,26.3,15.8,0.16,3.2,15.6,5.9,5.9,23.5,0.18,4.0,12.9,27.3,18.2,18.2,0.13,2.5,21.2,27.8,22.2,0.0,0.16,2.8,16.5,7.1,7.1,21.4,0.14,3.2,15.3,7.7,30.8,0.0,0.15,3.2,22.4,10.5,0.0,0.0,0.18,3.3,11.8,20.0,0.0,0.0,0.18,3.7,13.7,30.8,30.8,15.4,0.17,3.6,18.9,11.1,22.2,22.2,0.18,4.4,15.8,13.3,13.3,13.3,0.18,3.5,16.8,12.5,31.2,0.0,0.16,4.1,20.0,10.5,10.5,21.1,0.16,4.1,14.7,7.1,0.0,0.0,0.2,4.4,23.1,70.0,16.7,0.0,0.12,2.1,13.1,17.6,23.5,17.6,0.15,3.6,14.6,15.8,42.1,15.8,0.16,2.6,20.0,11.5,19.2,15.4,0.16,3.2,18.5,8.3,12.5,29.2,0.17,3.1,10.8,14.3,28.6,0.0,0.16,3.1,19.3,42.9,19.0,14.3,0.18,3.4,17.4,36.8,10.5,0.0,0.16,3.8,15.6,17.6,29.4,23.5,0.19,3.3,15.6,5.9,29.4,29.4,0.18,2.6,20.2,4.5,9.1,27.3,0.18,3.6,11.9,38.5,0.0,0.0,0.18,3.8,20.0,50.0,15.0,0.0,0.13,2.7,19.0,26.3,26.3,21.1,0.13,2.4,15.0,13.3,33.3,13.3,0.16,3.0,15.0,6.7,26.7,26.7,0.15,2.6,18.0,11.1,27.8,0.0,0.19,3.7,13.0,7.7,30.8,0.0,0.14,3.7
20261005,02,12,1800,5139,A1,愛知,26.0,51.0,6.66,51.61,6.12,35.29,17,20.0,47,38.71,3583,B1,埼玉,53.0,57.0,3.58,14.47,4.08,20.34,7,23.68,44,45.95,3740,A1,群馬,52.0,55.0,6.02,39.5,5.89,37.84,19,30.77,27,26.47,4474,B1,福岡,39.0,57.0,5.22,35.44,5.0,33.33,11,32.43,58,47.37,4228,A2,愛知,43.0,58.0,6.18,45.98,5.37,36.67,21,50.0,36,30.56,4679,A2,福岡,37.0,60.0,6.35,49.14,4.95,28.57,20,33.33,68,26.47,18.7,65.2,13.0,0.0,0.17,2.7,17.1,38.1,28.6,14.3,0.15,2.4,22.8,28.6,25.0,25.0,0.14,2.7,13.8,17.6,23.5,0.0,0.16,2.8,15.4,10.5,10.5,15.8,0.19,3.7,12.2,6.7,20.0,6.7,0.15,2.7,12.0,66.7,0.0,0.0,0.21,4.0,18.7,14.3,7.1,0.0,0.21,3.9,16.0,8.3,33.3,0.0,0.21,4.0,20.0,6.7,13.3,0.0,0.19,3.3,16.0,8.3,8.3,0.0,0.19,3.5,17.3,7.7,0.0,0.0,0.2,4.1,22.1,59.4,31.2,6.2,0.15,3.0,15.9,13.0,26.1,17.4,0.19,3.4,16.6,25.0,25.0,16.7,0.19,3.5,13.1,21.1,21.1,15.8,0.16,3.3,17.9,23.1,15.4,19.2,0.19,3.2,14.5,4.8,14.3,14.3,0.18,3.7,16.7,52.9,17.6,11.8,0.16,2.9,18.6,26.3,21.1,0.0,0.19,4.5,16.7,17.6,29.4,11.8,0.16,2.9,18.6,10.5,21.1,26.3,0.18,3.9,20.6,14.3,33.3,0.0,0.21,3.8,8.8,11.1,0.0,0.0,0.24,5.1,19.7,46.4,21.4,14.3,0.2,3.7,12.7,5.6,38.9,22.2,0.17,3.3,20.4,24.1,27.6,13.8,0.19,3.0,15.5,9.1,31.8,31.8,0.14,2.4,15.5,9.1,4.5,13.6,0.16,2.9,16.2,4.3,8.7,26.1,0.16,3.5,20.1,66.7,14.8,3.7,0.14,2.8,16.4,18.2,36.4,22.7,0.14,3.0,12.7,23.5,17.6,17.6,0.17,3.0,19.4,3.8,23.1,30.8,0.17,3.7,17.9,8.3,25.0,0.0,0.16,3.5,13.4,5.6,0.0,0.0,0.17,4.1
