date,jcd,r,距離,登番1,級別1,支部1,年齢1,体重1,勝率1,全国2率1,当地勝率1,当地2率1,モーター番号1,モーター2率1,ボート番号1,ボート2率1,登番2,級別2,支部2,年齢2,体重2,勝率2,全国2率2,当地勝率2,当地2率2,モーター番号2,モーター2率2,ボート番号2,ボート2率2,登番3,級別3,支部3,年齢3,体重3,勝率3,全国2率3,当地勝率3,当地2率3,モーター番号3,モーター2率3,ボート番号3,ボート2率3,登番4,級別4,支部4,年齢4,体重4,勝率4,全国2率4,当地勝率4,当地2率4,モーター番号4,モーター2率4,ボート番号4,ボート2率4,登番5,級別5,支部5,年齢5,体重5,勝率5,全国2率5,当地勝率5,当地2率5,モーター番号5,モーター2率5,ボート番号5,ボート2率5,登番6,級別6,支部6,年齢6,体重6,勝率6,全国2率6,当地勝率6,当地2率6,モーター番号6,モーター2率6,ボート番号6,ボート2率6,1号艇_1コース_進入率,1号艇_1コース_1着率,1号艇_1コース_2着率,1号艇_1コース_3着率,1号艇_1コース_平均ST,1号艇_1コース_ST順,1号艇_2コース_進入率,1号艇_2コース_1着率,1号艇_2コース_2着率,1号艇_2コース_3着率,1号艇_2コース_平均ST,1号艇_2コース_ST順,1号艇_3コース_進入率,1号艇_3コース_1着率,1号艇_3コース_2着率,1号艇_3コース_3着率,1号艇_3コース_平均ST,1号艇_3コース_ST順,1号艇_4コース_進入率,1号艇_4コース_1着率,1号艇_4コース_2着率,1号艇_4コース_3着率,1号艇_4コース_平均ST,1号艇_4コース_ST順,1号艇_5コース_進入率,1号艇_5コース_1着率,1号艇_5コース_2着率,1号艇_5コース_3着率,1号艇_5コース_平均ST,1号艇_5コース_ST順,1号艇_6コース_進入率,1号艇_6コース_1着率,1号艇_6コース_2着率,1号艇_6コース_3着率,1号艇_6コース_平均ST,1号艇_6コース_ST順,2号艇_1コース_進入率,2号艇_1コース_1着率,2号艇_1コース_2着率,2号艇_1コース_3着率,2号艇_1コース_平均ST,2号艇_1コース_ST順,2号艇_2コース_進入率,2号艇_2コース_1着率,2号艇_2コース_2着率,2号艇_2コース_3着率,2号艇_2コース_平均ST,2号艇_2コース_ST順,2号艇_3コース_進入率,2号艇_3コース_1着率,2号艇_3コース_2着率,2号艇_3コース_3着率,2号艇_3コース_平均ST,2号艇_3コース_ST順,2号艇_4コース_進入率,2号艇_4コース_1着率,2号艇_4コース_2着率,2号艇_4コース_3着率,2号艇_4コース_平均ST,2号艇_4コース_ST順,2号艇_5コース_進入率,2号艇_5コース_1着率,2号艇_5コース_2着率,2号艇_5コース_3着率,2号艇_5コース_平均ST,2号艇_5コース_ST順,2号艇_6コース_進入率,2号艇_6コース_1着率,2号艇_6コース_2着率,2号艇_6コース_3着率,2号艇_6コース_平均ST,2号艇_6コース_ST順,3号艇_1コース_進入率,3号艇_1コース_1着率,3号艇_1コース_2着率,3号艇_1コース_3着率,3号艇_1コース_平均ST,3号艇_1コース_ST順,3号艇_2コース_進入率,3号艇_2コース_1着率,3号艇_2コース_2着率,3号艇_2コース_3着率,3号艇_2コース_平均ST,3号艇_2コース_ST順,3号艇_3コース_進入率,3号艇_3コース_1着率,3号艇_3コース_2着率,3号艇_3コース_3着率,3号艇_3コース_平均ST,3号艇_3コース_ST順,3号艇_4コース_進入率,3号艇_4コース_1着率,3号艇_4コース_2着率,3号艇_4コース_3着率,3号艇_4コース_平均ST,3号艇_4コース_ST順,3号艇_5コース_進入率,3号艇_5コース_1着率,3号艇_5コース_2着率,3号艇_5コース_3着率,3号艇_5コース_平均ST,3号艇_5コース_ST順,3号艇_6コース_進入率,3号艇_6コース_1着率,3号艇_6コース_2着率,3号艇_6コース_3着率,3号艇_6コース_平均ST,3号艇_6コース_ST順,4号艇_1コース_進入率,4号艇_1コース_1着率,4号艇_1コース_2着率,4号艇_1コース_3着率,4号艇_1コース_平均ST,4号艇_1コース_ST順,4号艇_2コース_進入率,4号艇_2コース_1着率,4号艇_2コース_2着率,4号艇_2コース_3着率,4号艇_2コース_平均ST,4号艇_2コース_ST順,4号艇_3コース_進入率,4号艇_3コース_1着率,4号艇_3コース_2着率,4号艇_3コース_3着率,4号艇_3コース_平均ST,4号艇_3コース_ST順,4号艇_4コース_進入率,4号艇_4コース_1着率,4号艇_4コース_2着率,4号艇_4コース_3着率,4号艇_4コース_平均ST,4号艇_4コース_ST順,4号艇_5コース_進入率,4号艇_5コース_1着率,4号艇_5コース_2着率,4号艇_5コース_3着率,4号艇_5コース_平均ST,4号艇_5コース_ST順,4号艇_6コース_進入率,4号艇_6コース_1着率,4号艇_6コース_2着率,4号艇_6コース_3着率,4号艇_6コース_平均ST,4号艇_6コース_ST順,5号艇_1コース_進入率,5号艇_1コース_1着率,5号艇_1コース_2着率,5号艇_1コース_3着率,5号艇_1コース_平均ST,5号艇_1コース_ST順,5号艇_2コース_進入率,5号艇_2コース_1着率,5号艇_2コース_2着率,5号艇_2コース_3着率,5号艇_2コース_平均ST,5号艇_2コース_ST順,5号艇_3コース_進入率,5号艇_3コース_1着率,5号艇_3コース_2着率,5号艇_3コース_3着率,5号艇_3コース_平均ST,5号艇_3コース_ST順,5号艇_4コース_進入率,5号艇_4コース_1着率,5号艇_4コース_2着率,5号艇_4コース_3着率,5号艇_4コース_平均ST,5号艇_4コース_ST順,5号艇_5コース_進入率,5号艇_5コース_1着率,5号艇_5コース_2着率,5号艇_5コース_3着率,5号艇_5コース_平均ST,5号艇_5コース_ST順,5号艇_6コース_進入率,5号艇_6コース_1着率,5号艇_6コース_2着率,5号艇_6コース_3着率,5号艇_6コース_平均ST,5号艇_6コース_ST順,6号艇_1コース_進入率,6号艇_1コース_1着率,6号艇_1コース_2着率,6号艇_1コース_3着率,6号艇_1コース_平均ST,6号艇_1コース_ST順,6号艇_2コース_進入率,6号艇_2コース_1着率,6号艇_2コース_2着率,6号艇_2コース_3着率,6号艇_2コース_平均ST,6号艇_2コース_ST順,6号艇_3コース_進入率,6号艇_3コース_1着率,6号艇_3コース_2着率,6号艇_3コース_3着率,6号艇_3コース_平均ST,6号艇_3コース_ST順,6号艇_4コース_進入率,6号艇_4コース_1着率,6号艇_4コース_2着率,6号艇_4コース_3着率,6号艇_4コース_平均ST,6号艇_4コース_ST順,6号艇_5コース_進入率,6号艇_5コース_1着率,6号艇_5コース_2着率,6号艇_5コース_3着率,6号艇_5コース_平均ST,6号艇_5コース_ST順,6号艇_6コース_進入率,6号艇_6コース_1着率,6号艇_6コース_2着率,6号艇_6コース_3着率,6号艇_6コース_平均ST,6号艇_6コース_ST順
20261001,24,1,1800,4918,B1,静岡,37.0,53.0,4.26,23.86,5.33,33.33,54,36.99,18,22.41,4004,B1,長崎,48.0,52.0,4.88,27.66,4.91,26.15,61,37.84,83,22.64,3842,B1,三重,50.0,54.0,5.12,33.72,4.95,42.86,58,35.82,73,42.65,4666,B1,大阪,42.0,51.0,4.21,22.47,4.47,21.88,80,28.57,35,31.51,5192,B1,福岡,25.0,47.0,4.42,25.0,4.76,32.35,67,15.94,26,25.0,3509,B1,香川,54.0,50.0,3.32,6.82,4.0,28.57,36,32.88,53,25.0,14.2,66.7,6.7,6.7,0.15,2.7,16.0,17.6,5.9,47.1,0.12,2.6,17.9,10.5,36.8,21.1,0.16,3.2,23.6,4.0,20.0,28.0,0.15,3.2,14.2,6.7,6.7,20.0,0.16,3.3,14.2,20.0,0.0,0.0,0.19,3.9,15.1,38.9,38.9,5.6,0.14,2.9,17.6,14.3,23.8,19.0,0.18,3.8,18.5,13.6,9.1,18.2,0.18,3.1,20.2,8.3,16.7,37.5,0.19,3.5,18.5,9.1,4.5,27.3,0.16,3.5,10.1,8.3,8.3,0.0,0.2,4.2,15.2,41.7,16.7,0.0,0.18,3.8,17.7,14.3,14.3,21.4,0.19,4.3,13.9,27.3,18.2,0.0,0.18,3.7,12.7,10.0,10.0,20.0,0.18,3.2,22.8,11.1,16.7,0.0,0.16,3.3,17.7,7.1,14.3,0.0,0.24,4.4,8.2,66.7,16.7,0.0,0.18,2.8,21.9,6.2,31.2,31.2,0.15,3.1,19.2,7.1,0.0,0.0,0.16,3.8,12.3,11.1,33.3,0.0,0.19,3.7,21.9,6.2,6.2,18.8,0.16,3.6,16.4,8.3,0.0,0.0,0.16,4.3,16.1,66.7,6.7,0.0,0.18,4.1,16.1,26.7,20.0,20.0,0.16,3.9,18.3,5.9,23.5,23.5,0.23,3.6,18.3,17.6,17.6,0.0,0.16,3.4,11.8,9.1,18.2,0.0,0.16,3.0,19.4,5.6,5.6,0.0,0.18,3.9,14.7,36.4,27.3,9.1,0.15,2.5,18.7,7.1,21.4,0.0,0.14,2.9,20.0,6.7,6.7,0.0,0.14,2.5,16.0,8.3,8.3,0.0,0.15,2.6,17.3,7.7,15.4,0.0,0.13,3.3,13.3,10.0,20.0,0.0,0.17,3.3
20261001,24,2,1800,5037,B1,香川,28.0,51.0,5.8,44.79,5.41,31.82,27,31.51,29,37.5,4068,B1,静岡,46.0,54.0,4.81,22.12,4.67,11.11,70,41.67,85,36.49,4555,B1,福岡,37.0,54.0,5.27,31.62,5.69,28.21,57,45.83,30,14.55,3930,A2,岡山,50.0,56.0,5.28,28.44,4.33,26.67,34,39.74,33,33.87,5446,B2,福岡,24.0,50.0,1.23,0.0,0.0,0.0,21,18.84,49,37.5,4171,A2,長崎,44.0,52.0,6.33,48.06,6.32,44.7,81,40.0,56,34.72,12.0,36.4,18.2,9.1,0.18,3.3,16.3,26.7,26.7,20.0,0.16,3.4,18.5,17.6,35.3,17.6,0.18,3.5,16.3,20.0,20.0,33.3,0.15,3.0,16.3,20.0,20.0,0.0,0.23,4.5,20.7,5.3,10.5,10.5,0.18,4.1,17.0,27.8,27.8,16.7,0.14,3.4,14.2,6.7,26.7,20.0,0.14,2.4,17.9,15.8,47.4,0.0,0.16,2.8,16.0,5.9,5.9,41.2,0.22,3.9,20.8,27.3,0.0,0.0,0.17,3.6,14.2,6.7,26.7,0.0,0.17,3.8,21.1,56.5,21.7,13.0,0.15,2.7,14.7,6.2,18.8,18.8,0.18,3.9,17.4,21.1,31.6,0.0,0.18,3.1,13.8,6.7,6.7,26.7,0.17,3.4,11.9,23.1,46.2,0.0,0.22,4.9,21.1,17.4,13.0,0.0,0.19,3.9,16.7,64.7,23.5,5.9,0.14,2.5,15.7,6.2,37.5,18.8,0.16,2.8,17.6,5.6,22.2,33.3,0.15,2.7,18.6,15.8,10.5,36.8,0.16,2.8,17.6,16.7,5.6,0.0,0.18,3.3,13.7,7.1,14.3,0.0,0.2,4.1,0.0,0.0,0.0,0.0,0.0,0.0,0.0,0.0,0.0,0.0,0.0,0.0,0.0,0.0,0.0,0.0,0.0,0.0,0.0,0.0,0.0,0.0,0.0,0.0,0.0,0.0,0.0,0.0,0.0,0.0,0.0,0.0,0.0,0.0,0.0,0.0,23.4,87.9,3.0,3.0,0.16,3.1,16.3,13.0,43.5,17.4,0.18,3.8,13.5,21.1,21.1,26.3,0.21,3.8,12.1,11.8,11.8,29.4,0.18,4.5,15.6,9.1,18.2,0.0,0.2,4.0,19.1,14.8,25.9,0.0,0.25,5.0
20261001,24,3,1800,5236,B1,広島,27.0,53.0,4.5,24.07,2.79,12.12,29,39.74,15,29.73,4442,B1,愛知,40.0,53.0,6.47,51.09,4.74,29.03,62,31.65,54,34.25,4817,A1,山口,35.0,51.0,6.24,49.44,5.31,33.9,13,41.03,23,22.41,4408,B1,長崎,40.0,48.0,3.66,20.83,4.49,30.14,71,25.0,86,28.33,3528,B1,愛知,55.0,49.0,4.36,20.0,4.7,22.22,63,44.29,65,30.65,5054,A1,大阪,30.0,53.0,6.71,58.54,6.67,44.44,59,42.65,59,33.33,11.3,15.4,38.5,15.4,0.14,2.5,21.7,20.0,16.0,0.0,0.17,3.4,17.4,10.0,20.0,25.0,0.14,2.6,20.0,13.0,4.3,17.4,0.18,3.7,13.0,13.3,0.0,0.0,0.17,3.5,16.5,10.5,0.0,0.0,0.19,4.5,14.9,70.6,11.8,0.0,0.15,2.3,18.4,28.6,28.6,14.3,0.17,3.4,15.8,11.1,16.7,16.7,0.16,3.2,19.3,13.6,9.1,27.3,0.14,3.0,20.2,17.4,8.7,8.7,0.16,3.6,11.4,7.7,7.7,0.0,0.16,3.3,20.8,77.3,9.1,9.1,0.14,2.1,17.9,21.1,31.6,26.3,0.13,2.8,21.7,21.7,21.7,13.0,0.15,2.4,11.3,41.7,33.3,0.0,0.16,3.2,15.1,18.8,12.5,25.0,0.14,3.1,13.2,21.4,14.3,0.0,0.16,2.6,10.3,71.4,14.3,0.0,0.18,2.4,19.1,7.7,15.4,0.0,0.15,3.5,13.2,11.1,22.2,0.0,0.15,3.8,26.5,5.6,0.0,0.0,0.22,4.4,20.6,7.1,21.4,0.0,0.21,4.1,10.3,0.0,0.0,0.0,0.21,5.1,16.9,20.0,20.0,13.3,0.16,2.8,16.9,6.7,6.7,13.3,0.24,5.0,19.1,5.9,0.0,0.0,0.21,3.9,19.1,5.9,29.4,0.0,0.16,3.4,18.0,6.2,18.8,0.0,0.19,3.7,10.1,44.4,0.0,0.0,0.25,4.4,15.2,73.3,6.7,13.3,0.12,2.3,13.1,7.7,53.8,23.1,0.13,2.8,20.2,15.0,20.0,45.0,0.12,2.6,25.3,8.0,20.0,20.0,0.15,2.8,16.2,56.2,12.5,0.0,0.17,2.9,10.1,30.0,0.0,0.0,0.12,2.5
20261001,24,4,1800,5273,B1,兵庫,25.0,52.0,3.61,18.75,3.63,15.79,65,41.98,74,40.0,4302,A1,広島,43.0,52.0,6.62,51.56,6.95,61.02,50,22.86,61,18.18,4470,A2,三重,39.0,53.0,6.49,50.52,6.05,31.58,48,36.99,57,38.36,3701,B1,香川,53.0,57.0,4.12,15.84,2.79,14.29,49,33.78,84,34.29,4680,A2,東京,36.0,46.0,5.69,36.36,6.4,50.0,12,29.11,32,43.06,5420,B2,長崎,20.0,52.0,2.06,1.2,1.8,0.0,23,35.44,55,45.07,12.7,38.5,15.4,7.7,0.18,3.8,18.6,10.5,10.5,26.3,0.17,3.7,17.6,16.7,5.6,27.8,0.14,2.7,19.6,5.0,20.0,0.0,0.18,3.9,20.6,9.5,14.3,9.5,0.19,3.8,10.8,0.0,0.0,0.0,0.19,4.4,24.0,77.4,6.5,6.5,0.16,2.6,27.9,25.0,33.3,11.1,0.14,2.6,22.5,10.3,41.4,17.2,0.15,2.7,11.6,13.3,26.7,20.0,0.15,2.5,13.2,17.6,17.6,11.8,0.15,2.2,0.8,0.0,0.0,0.0,0.11,5.0,21.2,63.6,13.6,9.1,0.14,2.9,15.4,37.5,37.5,12.5,0.14,1.9,19.2,5.0,15.0,35.0,0.13,2.3,13.5,14.3,42.9,7.1,0.14,2.6,11.5,25.0,33.3,0.0,0.17,3.3,19.2,5.0,35.0,0.0,0.2,4.7,9.3,14.3,42.9,0.0,0.15,3.9,18.7,7.1,21.4,14.3,0.18,4.3,20.0,13.3,0.0,0.0,0.2,4.1,17.3,7.7,7.7,0.0,0.17,3.3,21.3,6.2,6.2,12.5,0.14,2.9,13.3,10.0,10.0,0.0,0.14,4.0,17.6,31.2,37.5,12.5,0.2,4.1,16.5,20.0,13.3,33.3,0.22,4.4,19.8,5.6,27.8,16.7,0.2,3.6,18.7,47.1,17.6,0.0,0.23,4.6,18.7,5.9,11.8,23.5,0.21,4.6,8.8,37.5,0.0,0.0,0.25,5.4,0.0,0.0,0.0,0.0,0.0,0.0,0.0,0.0,0.0,0.0,0.0,0.0,0.0,0.0,0.0,0.0,0.0,0.0,4.8,0.0,0.0,0.0,0.11,1.7,4.8,0.0,0.0,0.0,0.11,3.3,90.5,1.8,0.0,0.0,0.18,3.9
20261001,24,5,1800,4384,A1,大阪,41.0,53.0,5.6,36.75,6.58,41.67,20,47.22,20,42.25,4452,A2,香川,38.0,51.0,5.15,33.07,4.86,33.33,17,43.42,16,25.81,4204,B1,福岡,44.0,52.0,5.17,31.18,4.67,16.67,64,22.86,13,20.0,5384,B2,長崎,21.0,53.0,1.73,1.09,1.5,0.0,11,15.28,72,33.33,4431,B1,三重,40.0,54.0,4.88,33.72,4.84,36.0,28,32.35,80,30.51,4793,A2,静岡,36.0,52.0,6.43,48.8,6.59,58.82,72,26.76,25,40.28,26.2,64.7,20.6,8.8,0.14,2.5,13.8,44.4,22.2,0.0,0.16,3.6,16.9,22.7,9.1,40.9,0.17,3.5,16.2,14.3,9.5,47.6,0.18,3.9,13.8,5.6,33.3,38.9,0.15,2.9,13.1,11.8,17.6,0.0,0.2,4.8,21.3,48.1,29.6,7.4,0.16,3.2,16.5,14.3,19.0,9.5,0.15,3.4,15.7,25.0,15.0,25.0,0.15,2.8,13.4,29.4,17.6,0.0,0.2,4.4,18.1,21.7,8.7,0.0,0.2,4.3,15.0,5.3,10.5,10.5,0.19,4.7,14.9,28.6,35.7,21.4,0.2,3.4,13.8,30.8,46.2,15.4,0.16,3.6,19.1,27.8,27.8,0.0,0.19,3.5,21.3,10.0,20.0,10.0,0.19,3.2,12.8,8.3,8.3,8.3,0.19,3.7,18.1,5.9,0.0,0.0,0.22,5.0,1.3,0.0,0.0,0.0,0.28,6.0,1.3,0.0,0.0,0.0,0.58,6.0,12.0,0.0,0.0,0.0,0.2,4.8,17.3,0.0,0.0,0.0,0.23,4.9,17.3,0.0,0.0,0.0,0.25,5.3,50.7,2.6,2.6,0.0,0.21,4.8,15.2,50.0,8.3,8.3,0.19,2.6,16.5,15.4,23.1,23.1,0.13,2.6,19.0,13.3,40.0,20.0,0.14,2.3,17.7,14.3,7.1,21.4,0.18,3.8,11.4,22.2,0.0,0.0,0.18,4.0,20.3,0.0,0.0,0.0,0.22,4.9,18.5,54.5,13.6,18.2,0.13,1.9,17.6,28.6,42.9,4.8,0.16,2.9,15.1,33.3,27.8,16.7,0.13,2.8,17.6,14.3,4.8,28.6,0.14,2.6,16.8,10.0,20.0,30.0,0.14,2.7,14.3,5.9,17.6,17.6,0.13,2.7
20261001,24,6,1800,4708,B1,広島,37.0,55.0,4.43,21.33,4.44,22.22,16,43.9,63,26.98,4057,A2,兵庫,47.0,53.0,5.71,38.35,5.38,28.89,44,49.41,76,38.89,4264,A1,山口,41.0,54.0,6.02,42.74,6.11,50.0,69,27.71,21,25.0,3827,B1,群馬,53.0,52.0,4.02,14.15,0.0,0.0,19,36.25,58,28.57,4421,B1,東京,38.0,56.0,3.43,11.43,3.9,14.29,41,52.0,40,33.33,3685,A2,岡山,52.0,56.0,5.73,39.8,6.63,50.0,60,30.67,68,36.11,11.8,9.1,18.2,9.1,0.17,3.9,17.2,6.2,12.5,6.2,0.17,4.1,17.2,6.2,37.5,0.0,0.21,3.6,20.4,5.3,15.8,10.5,0.17,3.2,26.9,12.0,20.0,0.0,0.17,3.8,6.5,16.7,0.0,0.0,0.25,4.8,17.6,61.5,34.6,3.8,0.14,2.8,17.6,11.5,46.2,15.4,0.15,3.2,18.2,7.4,33.3,22.2,0.16,3.5,18.9,14.3,28.6,14.3,0.16,3.1,13.5,10.0,10.0,15.0,0.15,3.5,14.2,9.5,14.3,0.0,0.16,4.0,23.4,73.5,8.8,8.8,0.15,2.6,17.2,8.0,44.0,24.0,0.15,3.0,15.9,21.7,34.8,4.3,0.16,3.3,19.3,17.9,21.4,21.4,0.15,3.3,14.5,14.3,19.0,42.9,0.17,3.0,9.7,14.3,35.7,14.3,0.19,4.3,16.0,20.0,20.0,20.0,0.17,3.3,16.0,33.3,13.3,0.0,0.2,4.0,17.0,6.2,50.0,0.0,0.16,2.7,19.1,5.6,0.0,0.0,0.16,3.3,18.1,5.9,5.9,17.6,0.19,3.7,13.8,0.0,0.0,0.0,0.16,4.4,14.0,16.7,8.3,25.0,0.16,2.9,16.3,7.1,21.4,0.0,0.16,4.1,18.6,6.2,12.5,25.0,0.18,3.1,9.3,12.5,37.5,0.0,0.17,3.5,19.8,5.9,0.0,0.0,0.2,4.9,22.1,10.5,0.0,0.0,0.24,5.1,15.1,50.0,7.1,7.1,0.15,2.9,17.2,12.5,37.5,18.8,0.13,2.8,19.4,5.6,33.3,5.6,0.15,2.8,16.1,13.3,33.3,13.3,0.15,2.7,17.2,6.2,25.0,25.0,0.17,3.1,15.1,7.1,14.3,0.0,0.17,3.1
20261001,24,7,1800,4601,A1,山口,41.0,56.0,7.11,59.38,6.71,44.23,32,26.09,52,27.87,5065,A2,群馬,28.0,54.0,5.37,36.59,6.45,54.55,79,30.88,41,16.36,4520,A2,福井,39.0,49.0,5.71,35.09,4.3,30.0,30,19.18,28,32.79,3509,B1,香川,54.0,50.0,3.32,6.82,4.0,28.57,36,32.88,53,25.0,4408,B1,長崎,40.0,48.0,3.66,20.83,4.49,30.14,71,25.0,86,28.33,5446,B2,福岡,24.0,50.0,1.23,0.0,0.0,0.0,21,18.84,49,37.5,21.5,79.3,17.2,0.0,0.14,2.1,17.8,16.7,50.0,12.5,0.11,2.4,15.6,19.0,28.6,19.0,0.12,2.4,17.0,8.7,34.8,21.7,0.13,2.3,14.1,5.3,5.3,26.3,0.13,2.6,14.1,10.5,10.5,10.5,0.15,3.4,12.8,71.4,14.3,14.3,0.1,1.6,19.3,9.5,42.9,19.0,0.14,3.3,13.8,13.3,33.3,6.7,0.12,2.3,20.2,18.2,18.2,18.2,0.14,2.8,14.7,31.2,18.8,0.0,0.11,2.2,19.3,9.5,14.3,0.0,0.12,2.5,12.5,50.0,14.3,28.6,0.11,2.5,18.8,9.5,33.3,19.0,0.13,2.4,20.5,34.8,30.4,13.0,0.14,3.0,17.0,31.6,21.1,21.1,0.14,2.5,16.1,16.7,5.6,16.7,0.12,2.3,15.2,5.9,11.8,11.8,0.12,2.2,14.7,36.4,27.3,9.1,0.15,2.5,18.7,7.1,21.4,0.0,0.14,2.9,20.0,6.7,6.7,0.0,0.14,2.5,16.0,8.3,8.3,0.0,0.15,2.6,17.3,7.7,15.4,0.0,0.13,3.3,13.3,10.0,20.0,0.0,0.17,3.3,10.3,71.4,14.3,0.0,0.18,2.4,19.1,7.7,15.4,0.0,0.15,3.5,13.2,11.1,22.2,0.0,0.15,3.8,26.5,5.6,0.0,0.0,0.22,4.4,20.6,7.1,21.4,0.0,0.21,4.1,10.3,0.0,0.0,0.0,0.21,5.1,0.0,0.0,0.0,0.0,0.0,0.0,0.0,0.0,0.0,0.0,0.0,0.0,0.0,0.0,0.0,0.0,0.0,0.0,0.0,0.0,0.0,0.0,0.0,0.0,0.0,0.0,0.0,0.0,0.0,0.0,0.0,0.0,0.0,0.0,0.0,0.0
20261001,24,8,1800,3930,A2,岡山,50.0,56.0,5.28,28.44,4.33,26.67,34,39.74,33,33.87,3528,B1,愛知,55.0,49.0,4.36,20.0,4.7,22.22,63,44.29,65,30.65,4339,B1,福井,42.0,53.0,4.0,16.3,4.32,17.65,73,31.08,50,42.86,4680,A2,東京,36.0,46.0,5.69,36.36,6.4,50.0,12,29.11,32,43.06,4248,B1,長崎,44.0,54.0,4.55,25.0,4.43,25.0,22,28.0,78,30.0,5192,B1,福岡,25.0,47.0,4.42,25.0,4.76,32.35,67,15.94,26,25.0,16.7,64.7,23.5,5.9,0.14,2.5,15.7,6.2,37.5,18.8,0.16,2.8,17.6,5.6,22.2,33.3,0.15,2.7,18.6,15.8,10.5,36.8,0.16,2.8,17.6,16.7,5.6,0.0,0.18,3.3,13.7,7.1,14.3,0.0,0.2,4.1,16.9,20.0,20.0,13.3,0.16,2.8,16.9,6.7,6.7,13.3,0.24,5.0,19.1,5.9,0.0,0.0,0.21,3.9,19.1,5.9,29.4,0.0,0.16,3.4,18.0,6.2,18.8,0.0,0.19,3.7,10.1,44.4,0.0,0.0,0.25,4.4,15.5,26.7,26.7,0.0,0.16,2.5,18.6,5.6,22.2,5.6,0.21,4.3,16.5,6.2,25.0,0.0,0.19,3.6,14.4,7.1,50.0,0.0,0.18,3.7,21.6,4.8,14.3,0.0,0.19,3.5,13.4,7.7,7.7,0.0,0.21,4.4,17.6,31.2,37.5,12.5,0.2,4.1,16.5,20.0,13.3,33.3,0.22,4.4,19.8,5.6,27.8,16.7,0.2,3.6,18.7,47.1,17.6,0.0,0.23,4.6,18.7,5.9,11.8,23.5,0.21,4.6,8.8,37.5,0.0,0.0,0.25,5.4,12.9,25.0,33.3,25.0,0.15,2.8,15.1,7.1,21.4,0.0,0.15,2.8,20.4,10.5,21.1,21.1,0.15,2.7,21.5,10.0,10.0,0.0,0.17,3.8,19.4,5.6,22.2,0.0,0.19,3.5,10.8,10.0,20.0,0.0,0.2,3.9,16.1,66.7,6.7,0.0,0.18,4.1,16.1,26.7,20.0,20.0,0.16,3.9,18.3,5.9,23.5,23.5,0.23,3.6,18.3,17.6,17.6,0.0,0.16,3.4,11.8,9.1,18.2,0.0,0.16,3.0,19.4,5.6,5.6,0.0,0.18,3.9
20261001,24,9,1800,4793,A2,静岡,36.0,52.0,6.43,48.8,6.59,58.82,72,26.76,25,40.28,4470,A2,三重,39.0,53.0,6.49,50.52,6.05,31.58,48,36.99,57,38.36,4442,B1,愛知,40.0,53.0,6.47,51.09,4.74,29.03,62,31.65,54,34.25,4555,B1,福岡,37.0,54.0,5.27,31.62,5.69,28.21,57,45.83,30,14.55,4918,B1,静岡,37.0,53.0,4.26,23.86,5.33,33.33,54,36.99,18,22.41,4452,A2,香川,38.0,51.0,5.15,33.07,4.86,33.33,17,43.42,16,25.81,18.5,54.5,13.6,18.2,0.13,1.9,17.6,28.6,42.9,4.8,0.16,2.9,15.1,33.3,27.8,16.7,0.13,2.8,17.6,14.3,4.8,28.6,0.14,2.6,16.8,10.0,20.0,30.0,0.14,2.7,14.3,5.9,17.6,17.6,0.13,2.7,21.2,63.6,13.6,9.1,0.14,2.9,15.4,37.5,37.5,12.5,0.14,1.9,19.2,5.0,15.0,35.0,0.13,2.3,13.5,14.3,42.9,7.1,0.14,2.6,11.5,25.0,33.3,0.0,0.17,3.3,19.2,5.0,35.0,0.0,0.2,4.7,14.9,70.6,11.8,0.0,0.15,2.3,18.4,28.6,28.6,14.3,0.17,3.4,15.8,11.1,16.7,16.7,0.16,3.2,19.3,13.6,9.1,27.3,0.14,3.0,20.2,17.4,8.7,8.7,0.16,3.6,11.4,7.7,7.7,0.0,0.16,3.3,21.1,56.5,21.7,13.0,0.15,2.7,14.7,6.2,18.8,18.8,0.18,3.9,17.4,21.1,31.6,0.0,0.18,3.1,13.8,6.7,6.7,26.7,0.17,3.4,11.9,23.1,46.2,0.0,0.22,4.9,21.1,17.4,13.0,0.0,0.19,3.9,14.2,66.7,6.7,6.7,0.15,2.7,16.0,17.6,5.9,47.1,0.12,2.6,17.9,10.5,36.8,21.1,0.16,3.2,23.6,4.0,20.0,28.0,0.15,3.2,14.2,6.7,6.7,20.0,0.16,3.3,14.2,20.0,0.0,0.0,0.19,3.9,21.3,48.1,29.6,7.4,0.16,3.2,16.5,14.3,19.0,9.5,0.15,3.4,15.7,25.0,15.0,25.0,0.15,2.8,13.4,29.4,17.6,0.0,0.2,4.4,18.1,21.7,8.7,0.0,0.2,4.3,15.0,5.3,10.5,10.5,0.19,4.7
20261001,24,10,1800,4171,A2,長崎,44.0,52.0,6.33,48.06,6.32,44.7,81,40.0,56,34.72,4384,A1,大阪,41.0,53.0,5.6,36.75,6.58,41.67,20,47.22,20,42.25,4666,B1,大阪,42.0,51.0,4.21,22.47,4.47,21.88,80,28.57,35,31.51,4817,A1,山口,35.0,51.0,6.24,49.44,5.31,33.9,13,41.03,23,22.41,4264,A1,山口,41.0,54.0,6.02,42.74,6.11,50.0,69,27.71,21,25.0,4302,A1,広島,43.0,52.0,6.62,51.56,6.95,61.02,50,22.86,61,18.18,23.4,87.9,3.0,3.0,0.16,3.1,16.3,13.0,43.5,17.4,0.18,3.8,13.5,21.1,21.1,26.3,0.21,3.8,12.1,11.8,11.8,29.4,0.18,4.5,15.6,9.1,18.2,0.0,0.2,4.0,19.1,14.8,25.9,0.0,0.25,5.0,26.2,64.7,20.6,8.8,0.14,2.5,13.8,44.4,22.2,0.0,0.16,3.6,16.9,22.7,9.1,40.9,0.17,3.5,16.2,14.3,9.5,47.6,0.18,3.9,13.8,5.6,33.3,38.9,0.15,2.9,13.1,11.8,17.6,0.0,0.2,4.8,8.2,66.7,16.7,0.0,0.18,2.8,21.9,6.2,31.2,31.2,0.15,3.1,19.2,7.1,0.0,0.0,0.16,3.8,12.3,11.1,33.3,0.0,0.19,3.7,21.9,6.2,6.2,18.8,0.16,3.6,16.4,8.3,0.0,0.0,0.16,4.3,20.8,77.3,9.1,9.1,0.14,2.1,17.9,21.1,31.6,26.3,0.13,2.8,21.7,21.7,21.7,13.0,0.15,2.4,11.3,41.7,33.3,0.0,0.16,3.2,15.1,18.8,12.5,25.0,0.14,3.1,13.2,21.4,14.3,0.0,0.16,2.6,23.4,73.5,8.8,8.8,0.15,2.6,17.2,8.0,44.0,24.0,0.15,3.0,15.9,21.7,34.8,4.3,0.16,3.3,19.3,17.9,21.4,21.4,0.15,3.3,14.5,14.3,19.0,42.9,0.17,3.0,9.7,14.3,35.7,14.3,0.19,4.3,24.0,77.4,6.5,6.5,0.16,2.6,27.9,25.0,33.3,11.1,0.14,2.6,22.5,10.3,41.4,17.2,0.15,2.7,11.6,13.3,26.7,20.0,0.15,2.5,13.2,17.6,17.6,11.8,0.15,2.2,0.8,0.0,0.0,0.0,0.11,5.0
20261001,24,11,1800,5054,A1,大阪,30.0,53.0,6.71,58.54,6.67,44.44,59,42.65,59,33.33,4601,A1,山口,41.0,56.0,7.11,59.38,6.71,44.23,32,26.09,52,27.87,4068,B1,静岡,46.0,54.0,4.81,22.12,4.67,11.11,70,41.67,85,36.49,4057,A2,兵庫,47.0,53.0,5.71,38.35,5.38,28.89,44,49.41,76,38.89,5273,B1,兵庫,25.0,52.0,3.61,18.75,3.63,15.79,65,41.98,74,40.0,4004,B1,長崎,48.0,52.0,4.88,27.66,4.91,26.15,61,37.84,83,22.64,15.2,73.3,6.7,13.3,0.12,2.3,13.1,7.7,53.8,23.1,0.13,2.8,20.2,15.0,20.0,45.0,0.12,2.6,25.3,8.0,20.0,20.0,0.15,2.8,16.2,56.2,12.5,0.0,0.17,2.9,10.1,30.0,0.0,0.0,0.12,2.5,21.5,79.3,17.2,0.0,0.14,2.1,17.8,16.7,50.0,12.5,0.11,2.4,15.6,19.0,28.6,19.0,0.12,2.4,17.0,8.7,34.8,21.7,0.13,2.3,14.1,5.3,5.3,26.3,0.13,2.6,14.1,10.5,10.5,10.5,0.15,3.4,17.0,27.8,27.8,16.7,0.14,3.4,14.2,6.7,26.7,20.0,0.14,2.4,17.9,15.8,47.4,0.0,0.16,2.8,16.0,5.9,5.9,41.2,0.22,3.9,20.8,27.3,0.0,0.0,0.17,3.6,14.2,6.7,26.7,0.0,0.17,3.8,17.6,61.5,34.6,3.8,0.14,2.8,17.6,11.5,46.2,15.4,0.15,3.2,18.2,7.4,33.3,22.2,0.16,3.5,18.9,14.3,28.6,14.3,0.16,3.1,13.5,10.0,10.0,15.0,0.15,3.5,14.2,9.5,14.3,0.0,0.16,4.0,12.7,38.5,15.4,7.7,0.18,3.8,18.6,10.5,10.5,26.3,0.17,3.7,17.6,16.7,5.6,27.8,0.14,2.7,19.6,5.0,20.0,0.0,0.18,3.9,20.6,9.5,14.3,9.5,0.19,3.8,10.8,0.0,0.0,0.0,0.19,4.4,15.1,38.9,38.9,5.6,0.14,2.9,17.6,14.3,23.8,19.0,0.18,3.8,18.5,13.6,9.1,18.2,0.18,3.1,20.2,8.3,16.7,37.5,0.19,3.5,18.5,9.1,4.5,27.3,0.16,3.5,10.1,8.3,8.3,0.0,0.2,4.2
20261001,24,12,1800,4520,A2,福井,39.0,49.0,5.71,35.09,4.3,30.0,30,19.18,28,32.79,4421,B1,東京,38.0,56.0,3.43,11.43,3.9,14.29,41,52.0,40,33.33,5037,B1,香川,28.0,51.0,5.8,44.79,5.41,31.82,27,31.51,29,37.5,5420,B2,長崎,20.0,52.0,2.06,1.2,1.8,0.0,23,35.44,55,45.07,4339,B1,福井,42.0,53.0,4.0,16.3,4.32,17.65,73,31.08,50,42.86,5384,B2,長崎,21.0,53.0,1.73,1.09,1.5,0.0,11,15.28,72,33.33,12.5,50.0,14.3,28.6,0.11,2.5,18.8,9.5,33.3,19.0,0.13,2.4,20.5,34.8,30.4,13.0,0.14,3.0,17.0,31.6,21.1,21.1,0.14,2.5,16.1,16.7,5.6,16.7,0.12,2.3,15.2,5.9,11.8,11.8,0.12,2.2,14.0,16.7,8.3,25.0,0.16,2.9,16.3,7.1,21.4,0.0,0.16,4.1,18.6,6.2,12.5,25.0,0.18,3.1,9.3,12.5,37.5,0.0,0.17,3.5,19.8,5.9,0.0,0.0,0.2,4.9,22.1,10.5,0.0,0.0,0.24,5.1,12.0,36.4,18.2,9.1,0.18,3.3,16.3,26.7,26.7,20.0,0.16,3.4,18.5,17.6,35.3,17.6,0.18,3.5,16.3,20.0,20.0,33.3,0.15,3.0,16.3,20.0,20.0,0.0,0.23,4.5,20.7,5.3,10.5,10.5,0.18,4.1,0.0,0.0,0.0,0.0,0.0,0.0,0.0,0.0,0.0,0.0,0.0,0.0,0.0,0.0,0.0,0.0,0.0,0.0,4.8,0.0,0.0,0.0,0.11,1.7,4.8,0.0,0.0,0.0,0.11,3.3,90.5,1.8,0.0,0.0,0.18,3.9,15.5,26.7,26.7,0.0,0.16,2.5,18.6,5.6,22.2,5.6,0.21,4.3,16.5,6.2,25.0,0.0,0.19,3.6,14.4,7.1,50.0,0.0,0.18,3.7,21.6,4.8,14.3,0.0,0.19,3.5,13.4,7.7,7.7,0.0,0.21,4.4,1.3,0.0,0.0,0.0,0.28,6.0,1.3,0.0,0.0,0.0,0.58,6.0,12.0,0.0,0.0,0.0,0.2,4.8,17.3,0.0,0.0,0.0,0.23,4.9,17.3,0.0,0.0,0.0,0.25,5.3,50.7,2.6,2.6,0.0,0.21,4.8
20261001,23,1,1800,4108,A1,山口,46.0,51.0,5.94,43.14,7.15,56.52,53,0.0,42,26.27,5204,B2,三重,29.0,46.0,4.75,24.0,2.25,0.0,8,0.0,41,33.87,5248,B1,静岡,24.0,47.0,5.26,34.65,3.67,0.0,5,20.0,3,35.34,4119,B1,大阪,45.0,54.0,6.0,39.66,6.31,51.28,15,25.0,20,33.06,4638,B1,福岡,35.0,53.0,5.39,36.89,4.71,28.57,19,20.0,52,36.07,5429,B2,佐賀,23.0,56.0,1.2,0.0,1.07,0.0,6,22.22,10,37.17,16.4,88.9,5.6,5.6,0.14,2.2,16.4,22.2,27.8,16.7,0.15,2.8,16.4,22.2,22.2,27.8,0.16,2.4,18.2,20.0,40.0,0.0,0.11,2.6,20.0,9.1,18.2,22.7,0.14,2.9,12.7,7.1,28.6,0.0,0.16,2.6,10.8,25.0,0.0,0.0,0.25,4.0,18.9,14.3,28.6,0.0,0.19,3.3,18.9,42.9,0.0,0.0,0.19,3.7,13.5,20.0,20.0,0.0,0.15,3.8,21.6,0.0,0.0,0.0,0.17,2.9,16.2,0.0,0.0,0.0,0.13,3.0,10.8,10.0,10.0,40.0,0.25,5.4,18.3,5.9,35.3,41.2,0.18,4.0,15.1,7.1,21.4,35.7,0.21,3.6,8.6,12.5,0.0,0.0,0.24,3.9,23.7,9.1,9.1,22.7,0.2,3.6,23.7,13.6,9.1,0.0,0.16,3.5,17.5,44.4,27.8,11.1,0.19,3.3,17.5,22.2,50.0,0.0,0.2,4.2,16.5,11.8,29.4,35.3,0.17,3.6,21.4,4.5,13.6,22.7,0.18,4.1,14.6,6.7,0.0,0.0,0.18,4.3,12.6,7.7,38.5,0.0,0.21,4.5,14.0,53.3,20.0,6.7,0.13,2.9,17.8,21.1,10.5,21.1,0.17,3.8,16.8,33.3,22.2,0.0,0.19,3.9,17.8,5.3,10.5,26.3,0.19,4.2,17.8,15.8,21.1,0.0,0.17,4.2,15.9,11.8,17.6,0.0,0.23,5.2,0.0,0.0,0.0,0.0,0.0,0.0,0.0,0.0,0.0,0.0,0.0,0.0,0.0,0.0,0.0,0.0,0.0,0.0,0.0,0.0,0.0,0.0,0.0,0.0,3.1,0.0,0.0,0.0,0.22,3.5,96.9,0.0,0.0,0.0,0.22,4.8
20261001,23,2,1800,3918,A1,滋賀,52.0,51.0,6.75,44.35,6.21,46.43,52,0.0,14,31.75,5324,B1,兵庫,23.0,48.0,3.1,5.13,1.0,0.0,62,0.0,40,29.37,4112,A2,佐賀,46.0,55.0,5.65,40.78,5.79,42.0,18,88.89,11,32.28,4154,B1,香川,46.0,52.0,5.24,36.94,5.05,40.0,23,22.22,55,38.4,4733,B1,徳島,37.0,48.0,5.51,38.36,5.89,42.22,1,22.22,29,36.29,5423,B2,徳島,24.0,51.0,1.25,0.0,1.33,0.0,3,44.44,45,30.4,20.7,65.5,17.2,6.9,0.19,3.1,19.3,11.1,37.0,18.5,0.17,3.4,15.7,31.8,27.3,18.2,0.15,2.7,18.6,19.2,23.1,30.8,0.16,3.0,12.1,5.9,29.4,23.5,0.21,3.5,13.6,10.5,42.1,0.0,0.2,4.6,11.9,25.0,0.0,0.0,0.19,3.5,17.9,8.3,0.0,0.0,0.19,4.3,10.4,0.0,0.0,0.0,0.23,4.0,16.4,9.1,0.0,0.0,0.22,3.9,20.9,0.0,0.0,0.0,0.19,4.5,22.4,0.0,0.0,0.0,0.23,4.4,14.2,80.0,0.0,0.0,0.13,2.1,15.1,12.5,43.8,25.0,0.16,3.0,17.0,16.7,33.3,27.8,0.15,3.3,22.6,16.7,25.0,29.2,0.18,3.5,18.9,5.0,10.0,25.0,0.18,3.7,12.3,30.8,0.0,0.0,0.18,4.1,17.3,35.3,11.8,17.6,0.21,4.6,16.3,6.2,37.5,18.8,0.18,3.6,15.3,26.7,13.3,0.0,0.2,3.9,22.4,4.5,18.2,31.8,0.18,4.0,13.3,7.7,15.4,0.0,0.22,4.6,15.3,6.7,6.7,0.0,0.25,5.5,15.0,50.0,33.3,8.3,0.14,2.6,15.0,8.3,25.0,25.0,0.16,2.8,18.8,6.7,13.3,20.0,0.16,2.9,18.8,13.3,40.0,0.0,0.14,3.3,11.2,11.1,11.1,0.0,0.16,3.8,21.2,5.9,5.9,0.0,0.14,2.6,0.0,0.0,0.0,0.0,0.0,0.0,0.0,0.0,0.0,0.0,0.0,0.0,0.0,0.0,0.0,0.0,0.0,0.0,0.0,0.0,0.0,0.0,0.0,0.0,0.0,0.0,0.0,0.0,0.0,0.0,100.0,0.0,0.0,0.0,0.22,4.3
20261001,23,3,1800,4121,A2,福岡,44.0,53.0,5.96,44.44,6.13,46.15,57,0.0,44,36.51,5110,B1,静岡,27.0,52.0,4.88,29.63,2.17,0.0,14,25.0,18,34.45,5297,B1,兵庫,24.0,46.0,3.74,17.82,2.15,5.0,54,0.0,22,23.48,4866,B1,福岡,36.0,55.0,4.39,20.45,4.78,27.78,16,12.5,38,40.98,3541,A2,香川,58.0,53.0,6.36,45.83,6.14,42.86,45,0.0,26,28.57,4747,B1,長崎,41.0,52.0,3.45,13.64,3.67,13.33,13,44.44,49,35.54,22.0,59.3,22.2,3.7,0.13,2.0,16.3,15.0,35.0,15.0,0.15,2.9,13.0,31.2,6.2,31.2,0.17,2.6,14.6,5.6,27.8,22.2,0.12,2.4,15.4,10.5,10.5,21.1,0.13,3.2,18.7,17.4,0.0,0.0,0.16,3.9,15.5,37.5,25.0,6.2,0.14,2.7,14.6,13.3,13.3,20.0,0.18,3.4,22.3,30.4,8.7,17.4,0.16,3.3,18.4,10.5,31.6,0.0,0.14,3.2,13.6,7.1,7.1,28.6,0.14,2.5,15.5,6.2,6.2,31.2,0.16,3.2,11.7,16.7,25.0,0.0,0.25,3.9,20.4,9.5,23.8,0.0,0.21,3.7,18.4,5.3,10.5,10.5,0.19,3.4,17.5,11.1,0.0,0.0,0.21,4.3,22.3,8.7,13.0,0.0,0.24,4.3,9.7,0.0,0.0,0.0,0.24,4.6,8.5,28.6,42.9,0.0,0.16,2.6,15.9,7.7,15.4,0.0,0.16,3.2,20.7,5.9,17.6,29.4,0.15,2.5,19.5,25.0,25.0,0.0,0.2,3.6,18.3,6.7,20.0,0.0,0.15,3.9,17.1,7.1,0.0,0.0,0.2,3.9,18.9,52.0,12.0,16.0,0.17,3.5,17.4,4.3,26.1,21.7,0.17,3.4,18.2,12.5,20.8,33.3,0.17,3.2,12.9,5.9,17.6,23.5,0.14,2.6,15.9,9.5,19.0,19.0,0.16,3.4,16.7,4.5,22.7,0.0,0.18,4.4,12.1,36.4,9.1,0.0,0.16,4.2,17.6,12.5,18.8,6.2,0.16,3.5,18.7,29.4,11.8,0.0,0.18,4.1,14.3,7.7,7.7,15.4,0.14,3.0,17.6,6.2,6.2,0.0,0.16,3.2,19.8,0.0,0.0,0.0,0.21,4.2
20261001,23,4,1800,4782,B1,岡山,39.0,53.0,4.67,22.73,4.44,24.0,60,0.0,5,37.01,3853,A2,福岡,54.0,55.0,5.93,38.21,5.21,35.29,9,0.0,57,36.59,4472,A1,兵庫,39.0,57.0,6.57,46.15,5.82,27.27,61,0.0,58,24.14,3212,B1,広島,64.0,58.0,4.56,21.88,5.38,38.1,47,25.0,54,30.65,5039,B1,愛知,28.0,57.0,4.09,19.79,0.0,0.0,55,0.0,32,34.71,4575,A2,東京,38.0,51.0,5.99,42.98,6.57,42.86,10,55.56,2,42.97,16.2,41.7,25.0,0.0,0.19,3.7,14.9,36.4,9.1,0.0,0.15,3.2,17.6,7.7,15.4,30.8,0.14,3.2,18.9,7.1,14.3,0.0,0.2,3.4,20.3,13.3,0.0,0.0,0.2,4.2,12.2,11.1,0.0,0.0,0.2,4.4,19.3,78.3,13.0,4.3,0.17,3.0,13.4,50.0,25.0,0.0,0.2,4.1,18.5,9.1,13.6,27.3,0.18,3.5,18.5,22.7,27.3,0.0,0.2,4.1,16.8,5.0,20.0,0.0,0.22,4.8,13.4,6.2,12.5,0.0,0.23,5.3,18.0,77.8,11.1,7.4,0.15,2.1,17.3,26.9,26.9,11.5,0.17,3.5,18.0,29.6,33.3,0.0,0.16,3.6,18.7,17.9,14.3,28.6,0.16,3.3,16.7,16.0,8.0,20.0,0.18,3.4,11.3,17.6,23.5,0.0,0.17,3.3,15.9,50.0,21.4,14.3,0.18,2.4,22.7,5.0,15.0,25.0,0.19,4.0,25.0,4.5,9.1,9.1,0.17,3.6,21.6,15.8,26.3,0.0,0.18,3.4,6.8,0.0,0.0,0.0,0.21,4.2,8.0,14.3,14.3,0.0,0.16,4.4,15.1,46.2,23.1,0.0,0.16,3.7,16.3,14.3,21.4,0.0,0.15,3.5,20.9,5.6,27.8,22.2,0.18,3.5,18.6,6.2,12.5,12.5,0.16,3.4,14.0,33.3,25.0,0.0,0.12,2.2,15.1,7.7,0.0,0.0,0.17,3.4,20.2,73.7,10.5,10.5,0.15,2.4,16.0,13.3,26.7,20.0,0.17,3.5,12.8,33.3,0.0,0.0,0.14,2.3,17.0,6.2,25.0,25.0,0.15,2.4,20.2,10.5,10.5,31.6,0.16,3.4,13.8,7.7,23.1,30.8,0.17,4.5
20261001,23,5,1800,4989,A2,静岡,29.0,51.0,5.8,38.46,6.15,40.74,17,50.0,12,37.9,5014,B1,佐賀,28.0,56.0,4.24,24.29,5.07,28.09,24,55.56,21,41.22,4359,A2,徳島,42.0,59.0,5.29,35.24,6.37,42.11,2,0.0,33,20.51,4229,B1,静岡,43.0,54.0,4.39,19.32,2.67,0.0,56,0.0,46,21.6,5429,B2,佐賀,23.0,56.0,1.2,0.0,1.07,0.0,6,22.22,10,37.17,4174,A1,長崎,43.0,51.0,6.44,44.36,6.95,48.39,50,0.0,7,36.0,19.2,73.9,4.3,0.0,0.16,2.6,17.5,19.0,42.9,9.5,0.14,2.8,15.0,27.8,22.2,27.8,0.14,2.5,19.2,8.7,17.4,30.4,0.14,3.0,11.7,7.1,21.4,35.7,0.14,2.0,17.5,9.5,19.0,0.0,0.18,4.0,14.4,42.9,28.6,14.3,0.13,1.5,15.5,6.7,46.7,33.3,0.13,2.9,17.5,11.8,17.6,0.0,0.14,2.8,19.6,5.3,21.1,31.6,0.12,2.7,17.5,17.6,5.9,5.9,0.12,2.6,15.5,6.7,6.7,0.0,0.19,4.1,19.2,52.6,21.1,5.3,0.16,2.5,16.2,6.2,25.0,12.5,0.11,2.4,19.2,10.5,26.3,5.3,0.13,2.7,18.2,5.6,33.3,16.7,0.12,2.1,14.1,14.3,14.3,28.6,0.12,2.6,13.1,23.1,0.0,0.0,0.15,3.0,15.1,15.4,7.7,15.4,0.2,3.2,17.4,13.3,6.7,20.0,0.18,4.3,22.1,15.8,36.8,0.0,0.17,3.4,11.6,20.0,0.0,0.0,0.21,3.7,20.9,5.6,11.1,0.0,0.2,4.5,12.8,18.2,0.0,0.0,0.22,5.4,0.0,0.0,0.0,0.0,0.0,0.0,0.0,0.0,0.0,0.0,0.0,0.0,0.0,0.0,0.0,0.0,0.0,0.0,0.0,0.0,0.0,0.0,0.0,0.0,3.1,0.0,0.0,0.0,0.22,3.5,96.9,0.0,0.0,0.0,0.22,4.8,24.1,67.6,5.9,11.8,0.16,3.0,14.2,5.0,30.0,40.0,0.15,2.8,19.1,11.1,18.5,33.3,0.14,3.1,17.0,16.7,20.8,25.0,0.15,3.2,22.0,6.5,19.4,19.4,0.15,3.5,3.5,20.0,20.0,20.0,0.15,3.4
20261001,23,6,1800,5248,B1,静岡,24.0,47.0,5.26,34.65,3.67,0.0,5,20.0,3,35.34,4172,A2,岡山,43.0,52.0,5.94,39.84,6.14,51.35,22,44.44,25,26.36,4000,A2,広島,49.0,57.0,6.02,42.28,5.94,43.75,48,50.0,13,31.45,4417,B1,静岡,39.0,53.0,5.21,33.33,5.21,33.33,25,22.22,56,34.45,3983,A1,埼玉,48.0,52.0,6.53,44.78,5.5,37.5,21,44.44,31,40.87,5324,B1,兵庫,23.0,48.0,3.1,5.13,1.0,0.0,62,0.0,40,29.37,10.8,10.0,10.0,40.0,0.25,5.4,18.3,5.9,35.3,41.2,0.18,4.0,15.1,7.1,21.4,35.7,0.21,3.6,8.6,12.5,0.0,0.0,0.24,3.9,23.7,9.1,9.1,22.7,0.2,3.6,23.7,13.6,9.1,0.0,0.16,3.5,20.9,59.3,25.9,7.4,0.14,2.1,16.3,9.5,23.8,23.8,0.17,3.3,17.1,9.1,36.4,18.2,0.16,3.0,17.8,8.7,26.1,26.1,0.16,3.5,14.0,5.6,38.9,27.8,0.17,2.9,14.0,11.1,22.2,0.0,0.21,5.1,22.1,62.5,25.0,6.2,0.15,2.6,15.2,13.6,40.9,13.6,0.17,4.0,19.3,14.3,35.7,14.3,0.18,3.7,15.2,18.2,36.4,0.0,0.18,4.0,15.9,4.3,39.1,0.0,0.17,3.3,12.4,11.1,27.8,0.0,0.18,4.5,17.2,43.8,12.5,25.0,0.2,3.9,17.2,12.5,31.2,12.5,0.21,4.6,17.2,12.5,12.5,25.0,0.19,4.1,15.1,7.1,14.3,0.0,0.22,4.6,18.3,5.9,23.5,17.6,0.2,4.5,15.1,7.1,21.4,0.0,0.22,4.6,16.8,60.0,25.0,15.0,0.15,2.7,16.0,21.1,21.1,42.1,0.15,3.3,17.6,23.8,19.0,19.0,0.15,2.6,21.0,12.0,24.0,24.0,0.14,2.9,14.3,23.5,17.6,17.6,0.14,3.2,14.3,5.9,17.6,0.0,0.15,3.4,11.9,25.0,0.0,0.0,0.19,3.5,17.9,8.3,0.0,0.0,0.19,4.3,10.4,0.0,0.0,0.0,0.23,4.0,16.4,9.1,0.0,0.0,0.22,3.9,20.9,0.0,0.0,0.0,0.19,4.5,22.4,0.0,0.0,0.0,0.23,4.4
20261001,23,7,1800,3175,B1,東京,62.0,48.0,4.66,25.0,0.0,0.0,58,0.0,23,43.75,4543,A1,兵庫,38.0,52.0,6.52,45.76,6.5,50.0,20,0.0,16,41.41,4764,B1,福岡,36.0,47.0,5.18,36.25,5.63,42.86,63,0.0,48,27.5,4948,B1,長崎,33.0,51.0,5.63,39.22,4.96,29.63,51,0.0,28,34.65,5423,B2,徳島,24.0,51.0,1.25,0.0,1.33,0.0,3,44.44,45,30.4,3319,A2,埼玉,59.0,52.0,5.74,38.06,5.82,47.06,59,0.0,9,31.9,12.1,9.1,36.4,18.2,0.18,3.5,20.9,10.5,21.1,42.1,0.17,3.3,17.6,6.2,18.8,18.8,0.16,3.2,17.6,6.2,18.8,25.0,0.15,2.3,18.7,5.9,23.5,0.0,0.16,3.0,13.2,8.3,8.3,0.0,0.21,3.7,19.8,75.0,16.7,0.0,0.15,3.2,15.7,15.8,31.6,21.1,0.15,2.9,19.0,21.7,30.4,21.7,0.14,2.9,19.8,8.3,37.5,25.0,0.18,3.9,13.2,6.2,18.8,25.0,0.2,3.9,12.4,6.7,26.7,0.0,0.19,4.3,16.8,52.9,17.6,17.6,0.14,2.5,18.8,26.3,21.1,10.5,0.16,2.8,19.8,15.0,25.0,30.0,0.17,3.5,17.8,11.1,5.6,11.1,0.15,3.2,11.9,8.3,25.0,0.0,0.19,3.2,14.9,13.3,0.0,0.0,0.2,4.1,14.4,53.3,26.7,6.7,0.14,2.1,19.2,10.0,50.0,10.0,0.16,2.9,18.3,5.3,36.8,26.3,0.16,2.9,16.3,5.9,17.6,17.6,0.15,2.8,16.3,5.9,5.9,17.6,0.16,3.2,15.4,6.2,18.8,0.0,0.16,3.1,0.0,0.0,0.0,0.0,0.0,0.0,0.0,0.0,0.0,0.0,0.0,0.0,0.0,0.0,0.0,0.0,0.0,0.0,0.0,0.0,0.0,0.0,0.0,0.0,0.0,0.0,0.0,0.0,0.0,0.0,100.0,0.0,0.0,0.0,0.22,4.3,18.7,40.0,20.0,20.0,0.14,3.3,15.0,12.5,25.0,31.2,0.17,3.1,17.8,36.8,15.8,0.0,0.18,3.5,18.7,15.0,30.0,20.0,0.14,2.7,14.0,20.0,33.3,0.0,0.16,3.4,15.9,5.9,5.9,17.6,0.2,4.8
20261001,23,8,1800,4154,B1,香川,46.0,52.0,5.24,36.94,5.05,40.0,23,22.22,55,38.4,4747,B1,長崎,41.0,52.0,3.45,13.64,3.67,13.33,13,44.44,49,35.54,5204,B2,三重,29.0,46.0,4.75,24.0,2.25,0.0,8,0.0,41,33.87,4483,A1,愛知,37.0,54.0,6.83,52.94,6.5,50.0,12,22.22,43,26.85,4253,B1,滋賀,43.0,57.0,4.34,19.13,3.79,20.83,7,0.0,47,29.27,3212,B1,広島,64.0,58.0,4.56,21.88,5.38,38.1,47,25.0,54,30.65,17.3,35.3,11.8,17.6,0.21,4.6,16.3,6.2,37.5,18.8,0.18,3.6,15.3,26.7,13.3,0.0,0.2,3.9,22.4,4.5,18.2,31.8,0.18,4.0,13.3,7.7,15.4,0.0,0.22,4.6,15.3,6.7,6.7,0.0,0.25,5.5,12.1,36.4,9.1,0.0,0.16,4.2,17.6,12.5,18.8,6.2,0.16,3.5,18.7,29.4,11.8,0.0,0.18,4.1,14.3,7.7,7.7,15.4,0.14,3.0,17.6,6.2,6.2,0.0,0.16,3.2,19.8,0.0,0.0,0.0,0.21,4.2,10.8,25.0,0.0,0.0,0.25,4.0,18.9,14.3,28.6,0.0,0.19,3.3,18.9,42.9,0.0,0.0,0.19,3.7,13.5,20.0,20.0,0.0,0.15,3.8,21.6,0.0,0.0,0.0,0.17,2.9,16.2,0.0,0.0,0.0,0.13,3.0,18.9,75.0,15.0,0.0,0.15,3.2,16.0,17.6,17.6,29.4,0.16,2.7,17.0,22.2,50.0,0.0,0.13,2.7,18.9,35.0,10.0,25.0,0.15,3.1,17.9,15.8,15.8,26.3,0.15,2.8,11.3,8.3,8.3,0.0,0.14,3.5,12.5,42.9,14.3,28.6,0.14,2.6,19.6,4.5,13.6,22.7,0.19,3.9,22.3,4.0,24.0,0.0,0.2,3.6,18.8,4.8,9.5,23.8,0.17,3.8,15.2,5.9,11.8,0.0,0.18,3.9,11.6,7.7,0.0,0.0,0.21,4.7,15.9,50.0,21.4,14.3,0.18,2.4,22.7,5.0,15.0,25.0,0.19,4.0,25.0,4.5,9.1,9.1,0.17,3.6,21.6,15.8,26.3,0.0,0.18,3.4,6.8,0.0,0.0,0.0,0.21,4.2,8.0,14.3,14.3,0.0,0.16,4.4
20261001,23,9,1800,5039,B1,愛知,28.0,57.0,4.09,19.79,0.0,0.0,55,0.0,32,34.71,4389,A2,大阪,41.0,52.0,5.44,30.7,6.0,38.46,46,0.0,34,33.33,4072,A1,佐賀,45.0,52.0,7.16,56.52,6.82,56.49,65,0.0,36,24.0,5297,B1,兵庫,24.0,46.0,3.74,17.82,2.15,5.0,54,0.0,22,23.48,5106,A2,山口,27.0,51.0,5.53,35.45,3.87,26.67,49,0.0,4,22.76,5407,B1,香川,21.0,53.0,2.55,8.99,2.0,0.0,4,33.33,50,34.96,15.1,46.2,23.1,0.0,0.16,3.7,16.3,14.3,21.4,0.0,0.15,3.5,20.9,5.6,27.8,22.2,0.18,3.5,18.6,6.2,12.5,12.5,0.16,3.4,14.0,33.3,25.0,0.0,0.12,2.2,15.1,7.7,0.0,0.0,0.17,3.4,15.5,50.0,25.0,18.8,0.16,4.2,22.3,8.7,26.1,39.1,0.19,3.6,15.5,31.2,18.8,18.8,0.18,3.2,19.4,5.0,5.0,40.0,0.16,3.6,11.7,8.3,16.7,16.7,0.16,3.8,15.5,6.2,0.0,0.0,0.21,4.3,22.0,85.0,5.0,0.0,0.13,2.5,15.4,28.6,21.4,7.1,0.12,2.0,14.3,46.2,23.1,15.4,0.13,1.9,18.7,11.8,23.5,17.6,0.12,2.8,14.3,7.7,46.2,7.7,0.14,2.8,15.4,14.3,14.3,0.0,0.15,3.0,11.7,16.7,25.0,0.0,0.25,3.9,20.4,9.5,23.8,0.0,0.21,3.7,18.4,5.3,10.5,10.5,0.19,3.4,17.5,11.1,0.0,0.0,0.21,4.3,22.3,8.7,13.0,0.0,0.24,4.3,9.7,0.0,0.0,0.0,0.24,4.6,17.2,53.3,20.0,13.3,0.17,4.3,18.4,6.2,31.2,6.2,0.21,4.6,17.2,13.3,33.3,0.0,0.18,3.1,14.9,23.1,23.1,23.1,0.16,3.3,19.5,17.6,23.5,0.0,0.22,3.9,12.6,18.2,0.0,0.0,0.21,4.9,0.0,0.0,0.0,0.0,0.0,0.0,0.0,0.0,0.0,0.0,0.0,0.0,0.0,0.0,0.0,0.0,0.0,0.0,16.9,33.3,0.0,0.0,0.22,4.1,21.1,6.7,0.0,0.0,0.17,3.6,62.0,2.3,4.5,0.0,0.19,3.9
20261001,23,10,1800,4638,B1,福岡,35.0,53.0,5.39,36.89,4.71,28.57,19,20.0,52,36.07,3918,A1,滋賀,52.0,51.0,6.75,44.35,6.21,46.43,52,0.0,14,31.75,4989,A2,静岡,29.0,51.0,5.8,38.46,6.15,40.74,17,50.0,12,37.9,3771,B1,東京,52.0,50.0,5.26,27.93,4.86,21.43,64,0.0,8,40.94,4121,A2,福岡,44.0,53.0,5.96,44.44,6.13,46.15,57,0.0,44,36.51,4011,A2,岡山,47.0,46.0,6.48,48.84,5.56,33.33,11,11.11,59,38.21,14.0,53.3,20.0,6.7,0.13,2.9,17.8,21.1,10.5,21.1,0.17,3.8,16.8,33.3,22.2,0.0,0.19,3.9,17.8,5.3,10.5,26.3,0.19,4.2,17.8,15.8,21.1,0.0,0.17,4.2,15.9,11.8,17.6,0.0,0.23,5.2,20.7,65.5,17.2,6.9,0.19,3.1,19.3,11.1,37.0,18.5,0.17,3.4,15.7,31.8,27.3,18.2,0.15,2.7,18.6,19.2,23.1,30.8,0.16,3.0,12.1,5.9,29.4,23.5,0.21,3.5,13.6,10.5,42.1,0.0,0.2,4.6,19.2,73.9,4.3,0.0,0.16,2.6,17.5,19.0,42.9,9.5,0.14,2.8,15.0,27.8,22.2,27.8,0.14,2.5,19.2,8.7,17.4,30.4,0.14,3.0,11.7,7.1,21.4,35.7,0.14,2.0,17.5,9.5,19.0,0.0,0.18,4.0,17.3,44.4,27.8,16.7,0.14,1.5,19.2,20.0,30.0,20.0,0.16,2.7,14.4,6.7,6.7,40.0,0.12,1.8,19.2,10.0,15.0,30.0,0.15,2.5,18.3,10.5,5.3,10.5,0.14,2.6,11.5,16.7,0.0,0.0,0.18,3.8,22.0,59.3,22.2,3.7,0.13,2.0,16.3,15.0,35.0,15.0,0.15,2.9,13.0,31.2,6.2,31.2,0.17,2.6,14.6,5.6,27.8,22.2,0.12,2.4,15.4,10.5,10.5,21.1,0.13,3.2,18.7,17.4,0.0,0.0,0.16,3.9,16.3,73.3,6.7,0.0,0.17,3.1,17.4,25.0,31.2,12.5,0.17,3.9,17.4,25.0,18.8,6.2,0.17,2.8,15.2,21.4,14.3,14.3,0.17,2.3,15.2,35.7,0.0,0.0,0.12,3.0,18.5,5.9,5.9,17.6,0.18,3.8
20261001,23,11,1800,4112,A2,佐賀,46.0,55.0,5.65,40.78,5.79,42.0,18,88.89,11,32.28,4764,B1,福岡,36.0,47.0,5.18,36.25,5.63,42.86,63,0.0,48,27.5,4172,A2,岡山,43.0,52.0,5.94,39.84,6.14,51.35,22,44.44,25,26.36,4174,A1,長崎,43.0,51.0,6.44,44.36,6.95,48.39,50,0.0,7,36.0,3853,A2,福岡,54.0,55.0,5.93,38.21,5.21,35.29,9,0.0,57,36.59,4119,B1,大阪,45.0,54.0,6.0,39.66,6.31,51.28,15,25.0,20,33.06,14.2,80.0,0.0,0.0,0.13,2.1,15.1,12.5,43.8,25.0,0.16,3.0,17.0,16.7,33.3,27.8,0.15,3.3,22.6,16.7,25.0,29.2,0.18,3.5,18.9,5.0,10.0,25.0,0.18,3.7,12.3,30.8,0.0,0.0,0.18,4.1,16.8,52.9,17.6,17.6,0.14,2.5,18.8,26.3,21.1,10.5,0.16,2.8,19.8,15.0,25.0,30.0,0.17,3.5,17.8,11.1,5.6,11.1,0.15,3.2,11.9,8.3,25.0,0.0,0.19,3.2,14.9,13.3,0.0,0.0,0.2,4.1,20.9,59.3,25.9,7.4,0.14,2.1,16.3,9.5,23.8,23.8,0.17,3.3,17.1,9.1,36.4,18.2,0.16,3.0,17.8,8.7,26.1,26.1,0.16,3.5,14.0,5.6,38.9,27.8,0.17,2.9,14.0,11.1,22.2,0.0,0.21,5.1,24.1,67.6,5.9,11.8,0.16,3.0,14.2,5.0,30.0,40.0,0.15,2.8,19.1,11.1,18.5,33.3,0.14,3.1,17.0,16.7,20.8,25.0,0.15,3.2,22.0,6.5,19.4,19.4,0.15,3.5,3.5,20.0,20.0,20.0,0.15,3.4,19.3,78.3,13.0,4.3,0.17,3.0,13.4,50.0,25.0,0.0,0.2,4.1,18.5,9.1,13.6,27.3,0.18,3.5,18.5,22.7,27.3,0.0,0.2,4.1,16.8,5.0,20.0,0.0,0.22,4.8,13.4,6.2,12.5,0.0,0.23,5.3,17.5,44.4,27.8,11.1,0.19,3.3,17.5,22.2,50.0,0.0,0.2,4.2,16.5,11.8,29.4,35.3,0.17,3.6,21.4,4.5,13.6,22.7,0.18,4.1,14.6,6.7,0.0,0.0,0.18,4.3,12.6,7.7,38.5,0.0,0.21,4.5
20261001,23,12,1800,4483,A1,愛知,37.0,54.0,6.83,52.94,6.5,50.0,12,22.22,43,26.85,3319,A2,埼玉,59.0,52.0,5.74,38.06,5.82,47.06,59,0.0,9,31.9,4108,A1,山口,46.0,51.0,5.94,43.14,7.15,56.52,53,0.0,42,26.27,4359,A2,徳島,42.0,59.0,5.29,35.24,6.37,42.11,2,0.0,33,20.51,4472,A1,兵庫,39.0,57.0,6.57,46.15,5.82,27.27,61,0.0,58,24.14,4000,A2,広島,49.0,57.0,6.02,42.28,5.94,43.75,48,50.0,13,31.45,18.9,75.0,15.0,0.0,0.15,3.2,16.0,17.6,17.6,29.4,0.16,2.7,17.0,22.2,50.0,0.0,0.13,2.7,18.9,35.0,10.0,25.0,0.15,3.1,17.9,15.8,15.8,26.3,0.15,2.8,11.3,8.3,8.3,0.0,0.14,3.5,18.7,40.0,20.0,20.0,0.14,3.3,15.0,12.5,25.0,31.2,0.17,3.1,17.8,36.8,15.8,0.0,0.18,3.5,18.7,15.0,30.0,20.0,0.14,2.7,14.0,20.0,33.3,0.0,0.16,3.4,15.9,5.9,5.9,17.6,0.2,4.8,16.4,88.9,5.6,5.6,0.14,2.2,16.4,22.2,27.8,16.7,0.15,2.8,16.4,22.2,22.2,27.8,0.16,2.4,18.2,20.0,40.0,0.0,0.11,2.6,20.0,9.1,18.2,22.7,0.14,2.9,12.7,7.1,28.6,0.0,0.16,2.6,19.2,52.6,21.1,5.3,0.16,2.5,16.2,6.2,25.0,12.5,0.11,2.4,19.2,10.5,26.3,5.3,0.13,2.7,18.2,5.6,33.3,16.7,0.12,2.1,14.1,14.3,14.3,28.6,0.12,2.6,13.1,23.1,0.0,0.0,0.15,3.0,18.0,77.8,11.1,7.4,0.15,2.1,17.3,26.9,26.9,11.5,0.17,3.5,18.0,29.6,33.3,0.0,0.16,3.6,18.7,17.9,14.3,28.6,0.16,3.3,16.7,16.0,8.0,20.0,0.18,3.4,11.3,17.6,23.5,0.0,0.17,3.3,22.1,62.5,25.0,6.2,0.15,2.6,15.2,13.6,40.9,13.6,0.17,4.0,19.3,14.3,35.7,14.3,0.18,3.7,15.2,18.2,36.4,0.0,0.18,4.0,15.9,4.3,39.1,0.0,0.17,3.3,12.4,11.1,27.8,0.0,0.18,4.5
20261001,22,1,1800,4184,A1,大阪,40.0,52.0,7.17,55.43,6.93,58.62,39,40.0,54,16.83,5337,B1,福岡,20.0,54.0,4.11,20.65,3.16,13.33,71,37.5,28,33.33,3784,B1,佐賀,50.0,54.0,4.96,30.77,4.59,27.59,26,34.86,15,39.83,3268,B1,三重,61.0,53.0,4.87,31.37,0.0,0.0,43,60.58,70,33.88,4299,B1,長崎,43.0,56.0,4.56,26.98,4.41,18.18,66,28.69,34,39.5,5067,B1,山口,27.0,57.0,4.84,30.23,3.83,17.14,32,28.86,26,37.19,25.0,64.3,17.9,7.1,0.16,3.1,12.5,21.4,50.0,7.1,0.17,3.8,15.2,23.5,29.4,23.5,0.2,3.6,18.8,33.3,14.3,28.6,0.17,3.7,17.0,26.3,21.1,42.1,0.16,3.1,11.6,15.4,15.4,30.8,0.17,3.8,0.0,0.0,0.0,0.0,0.0,0.0,0.0,0.0,0.0,0.0,0.0,0.0,1.1,0.0,0.0,0.0,0.31,6.0,31.6,6.7,16.7,30.0,0.18,3.7,31.6,10.0,20.0,20.0,0.19,3.6,35.8,5.9,17.6,11.8,0.22,5.0,14.6,61.5,23.1,0.0,0.12,1.8,15.7,35.7,35.7,0.0,0.19,2.9,19.1,5.9,23.5,17.6,0.17,3.1,23.6,19.0,9.5,28.6,0.14,2.8,10.1,33.3,0.0,0.0,0.17,3.0,16.9,13.3,0.0,0.0,0.17,3.4,14.6,50.0,21.4,7.1,0.15,3.4,24.0,4.3,8.7,17.4,0.16,3.7,25.0,20.8,12.5,0.0,0.17,3.4,20.8,5.0,5.0,20.0,0.18,3.8,13.5,7.7,7.7,0.0,0.15,4.4,2.1,0.0,0.0,0.0,0.17,4.0,10.9,30.0,20.0,30.0,0.11,1.7,19.6,5.6,16.7,16.7,0.14,3.0,16.3,6.7,20.0,13.3,0.12,2.9,20.7,5.3,21.1,21.1,0.13,2.4,19.6,5.6,27.8,0.0,0.17,3.4,13.0,16.7,0.0,0.0,0.18,3.9,10.6,50.0,20.0,10.0,0.14,3.1,13.8,15.4,30.8,15.4,0.16,2.6,23.4,18.2,13.6,18.2,0.16,2.7,17.0,25.0,6.2,0.0,0.15,2.9,24.5,13.0,30.4,0.0,0.16,3.3,10.6,30.0,0.0,0.0,0.2,3.6
20261001,22,2,1800,3459,B1,佐賀,59.0,54.0,3.2,10.11,4.53,24.49,24,27.83,57,36.52,4899,B1,福岡,34.0,52.0,3.87,23.19,4.6,25.45,61,37.42,41,36.13,5006,B1,群馬,30.0,56.0,2.7,7.5,0.0,0.0,65,40.0,43,28.44,3957,B1,愛知,49.0,54.0,4.75,28.71,5.35,30.0,33,39.23,18,31.62,3797,B1,広島,53.0,61.0,3.55,14.74,2.29,5.88,36,38.36,50,34.78,4164,B1,長崎,44.0,53.0,4.12,16.87,3.5,0.0,16,45.07,51,22.41,10.0,25.0,12.5,0.0,0.18,3.0,17.5,14.3,7.1,28.6,0.12,1.9,25.0,10.0,10.0,15.0,0.17,2.9,17.5,7.1,21.4,0.0,0.19,3.8,21.2,5.9,0.0,0.0,0.18,2.9,8.8,0.0,0.0,0.0,0.19,4.3,13.3,50.0,16.7,8.3,0.13,2.8,18.9,23.5,17.6,11.8,0.19,3.1,18.9,5.9,11.8,17.6,0.14,2.8,17.8,12.5,18.8,0.0,0.18,3.1,18.9,17.6,11.8,0.0,0.15,3.1,12.2,9.1,27.3,0.0,0.15,3.3,11.1,10.0,20.0,0.0,0.25,4.5,15.6,14.3,14.3,0.0,0.2,3.9,23.3,4.8,4.8,33.3,0.18,4.0,20.0,16.7,5.6,0.0,0.2,3.9,18.9,5.9,11.8,0.0,0.21,4.5,11.1,10.0,0.0,0.0,0.18,4.4,16.4,50.0,11.1,22.2,0.2,3.4,16.4,11.1,33.3,16.7,0.2,3.8,17.3,21.1,15.8,21.1,0.19,3.6,16.4,5.6,11.1,11.1,0.17,3.6,21.8,4.2,8.3,29.2,0.19,3.7,11.8,15.4,30.8,0.0,0.21,5.2,14.4,13.3,33.3,0.0,0.19,3.1,18.3,15.8,5.3,0.0,0.2,4.9,17.3,5.6,16.7,16.7,0.2,3.9,20.2,28.6,0.0,0.0,0.2,4.9,17.3,16.7,0.0,0.0,0.24,4.9,12.5,23.1,0.0,0.0,0.19,3.5,15.6,25.0,16.7,8.3,0.16,3.5,18.2,50.0,0.0,0.0,0.17,3.4,18.2,7.1,14.3,21.4,0.19,3.8,19.5,20.0,33.3,0.0,0.21,4.4,16.9,23.1,0.0,0.0,0.19,4.7,11.7,11.1,0.0,0.0,0.22,4.2
20261001,22,3,1800,4406,B1,福岡,41.0,52.0,4.05,16.48,4.42,19.35,20,34.04,64,30.0,5020,B1,三重,34.0,55.0,5.07,29.89,4.16,15.79,73,32.5,27,36.97,5121,A1,佐賀,25.0,53.0,7.32,46.67,7.38,75.0,19,34.35,38,44.07,3699,B1,埼玉,53.0,53.0,4.59,26.25,5.22,27.78,25,40.37,35,38.98,4220,B1,香川,44.0,55.0,5.58,38.89,4.81,25.93,18,34.55,1,31.15,5457,B2,長崎,20.0,51.0,1.16,0.0,0.0,0.0,21,40.27,52,32.23,13.9,46.7,20.0,6.7,0.16,3.9,12.0,30.8,7.7,15.4,0.16,2.8,16.7,16.7,11.1,11.1,0.15,3.2,16.7,16.7,16.7,0.0,0.14,3.3,15.7,11.8,29.4,0.0,0.18,3.7,25.0,3.7,11.1,0.0,0.16,3.1,11.0,50.0,12.5,0.0,0.17,3.5,17.8,7.7,15.4,15.4,0.19,3.8,19.2,7.1,14.3,28.6,0.14,2.5,17.8,23.1,15.4,7.7,0.21,3.2,16.4,8.3,8.3,0.0,0.18,3.6,17.8,7.7,0.0,0.0,0.17,3.5,20.1,78.6,14.3,0.0,0.15,3.3,19.4,29.6,37.0,7.4,0.15,3.2,18.0,32.0,36.0,20.0,0.12,2.4,14.4,20.0,15.0,25.0,0.12,2.8,13.7,26.3,26.3,15.8,0.13,2.4,14.4,10.0,25.0,15.0,0.12,3.4,12.0,11.1,33.3,0.0,0.15,3.9,21.3,12.5,6.2,18.8,0.18,3.7,16.0,16.7,25.0,0.0,0.19,3.9,20.0,20.0,13.3,6.7,0.17,3.2,9.3,14.3,0.0,0.0,0.17,4.4,21.3,31.2,0.0,0.0,0.23,4.4,15.0,75.0,0.0,0.0,0.18,3.9,17.5,7.1,35.7,14.3,0.19,3.9,20.0,12.5,6.2,12.5,0.18,3.8,17.5,7.1,14.3,0.0,0.18,4.1,18.8,6.7,20.0,13.3,0.18,4.1,11.2,0.0,0.0,0.0,0.16,3.0,0.0,0.0,0.0,0.0,0.0,0.0,0.0,0.0,0.0,0.0,0.0,0.0,0.0,0.0,0.0,0.0,0.0,0.0,0.0,0.0,0.0,0.0,0.0,0.0,0.0,0.0,0.0,0.0,0.0,0.0,0.0,0.0,0.0,0.0,0.0,0.0
20261001,22,4,1800,4396,B1,山口,40.0,54.0,4.52,22.22,5.05,31.58,63,31.72,3,24.79,3745,B1,兵庫,51.0,52.0,5.29,27.08,6.23,43.33,52,40.0,9,39.5,5038,A2,福井,28.0,52.0,6.53,50.85,6.09,45.45,74,41.35,36,33.06,4816,A2,広島,35.0,55.0,5.64,40.0,6.64,36.36,72,38.82,69,34.48,3224,B1,佐賀,61.0,52.0,4.04,22.35,3.39,22.22,56,34.92,24,33.33,3955,B2,徳島,49.0,51.0,4.53,25.71,5.2,34.29,22,33.33,53,32.48,18.6,38.1,28.6,19.0,0.2,4.1,15.9,33.3,27.8,0.0,0.19,3.9,17.7,10.0,20.0,5.0,0.17,3.0,17.7,20.0,25.0,0.0,0.2,4.3,13.3,6.7,6.7,0.0,0.18,4.1,16.8,5.3,5.3,26.3,0.24,4.9,16.2,66.7,8.3,16.7,0.18,3.3,21.6,6.2,43.8,18.8,0.17,3.2,16.2,8.3,41.7,0.0,0.18,4.1,13.5,30.0,20.0,0.0,0.16,4.4,18.9,7.1,21.4,0.0,0.21,4.7,13.5,20.0,30.0,0.0,0.25,5.1,17.5,71.4,21.4,0.0,0.17,2.6,22.5,27.8,38.9,16.7,0.18,2.7,11.2,22.2,22.2,0.0,0.16,3.2,17.5,14.3,21.4,42.9,0.14,2.7,16.2,15.4,7.7,30.8,0.16,3.5,15.0,8.3,25.0,0.0,0.18,3.5,17.3,58.8,17.6,11.8,0.13,2.7,14.3,14.3,42.9,14.3,0.12,2.4,20.4,5.0,25.0,25.0,0.14,3.2,17.3,17.6,17.6,11.8,0.16,3.1,16.3,6.2,12.5,12.5,0.18,3.5,14.3,14.3,28.6,0.0,0.21,3.9,12.8,9.1,27.3,9.1,0.22,4.2,22.1,5.3,26.3,0.0,0.18,3.6,15.1,7.7,7.7,7.7,0.24,4.0,20.9,16.7,22.2,0.0,0.22,4.4,19.8,5.9,5.9,17.6,0.17,3.4,9.3,12.5,0.0,0.0,0.25,5.3,14.0,50.0,25.0,25.0,0.2,3.6,17.5,10.0,40.0,10.0,0.18,3.5,15.8,33.3,0.0,0.0,0.15,3.3,17.5,60.0,0.0,0.0,0.21,4.2,17.5,30.0,0.0,0.0,0.18,4.3,17.5,10.0,0.0,0.0,0.24,4.6
20261001,22,5,1800,3784,B1,佐賀,50.0,54.0,4.96,30.77,4.59,27.59,26,34.86,15,39.83,5092,A2,福岡,25.0,52.0,5.65,39.71,6.16,47.48,28,33.07,63,30.7,5369,B1,長崎,24.0,52.0,3.16,13.51,1.65,0.0,50,28.77,46,31.09,3372,B2,広島,59.0,51.0,3.27,12.12,4.38,20.0,75,29.17,32,38.02,4210,A2,福井,43.0,53.0,5.52,29.09,6.89,44.44,62,45.05,22,31.62,5068,A1,愛知,26.0,51.0,7.97,67.59,7.2,50.0,46,26.57,2,23.21,14.6,61.5,23.1,0.0,0.12,1.8,15.7,35.7,35.7,0.0,0.19,2.9,19.1,5.9,23.5,17.6,0.17,3.1,23.6,19.0,9.5,28.6,0.14,2.8,10.1,33.3,0.0,0.0,0.17,3.0,16.9,13.3,0.0,0.0,0.17,3.4,20.6,77.8,3.7,0.0,0.1,2.1,14.5,26.3,5.3,31.6,0.14,3.4,14.5,36.8,21.1,5.3,0.16,3.1,20.6,18.5,18.5,18.5,0.14,3.2,15.3,5.0,35.0,15.0,0.13,2.9,14.5,10.5,26.3,0.0,0.13,2.6,12.2,18.2,27.3,18.2,0.13,3.1,18.9,11.8,29.4,11.8,0.18,3.9,18.9,11.8,17.6,5.9,0.17,3.8,10.0,11.1,11.1,0.0,0.16,3.2,13.3,8.3,0.0,0.0,0.16,3.1,26.7,8.3,0.0,0.0,0.17,3.2,12.7,14.3,28.6,0.0,0.19,3.4,18.2,30.0,0.0,0.0,0.2,5.1,20.0,9.1,18.2,0.0,0.25,4.2,16.4,22.2,0.0,0.0,0.2,4.1,14.5,0.0,0.0,0.0,0.21,4.5,18.2,10.0,0.0,0.0,0.23,4.9,22.3,48.0,28.0,8.0,0.15,3.1,18.8,23.8,33.3,0.0,0.18,4.1,11.6,7.7,15.4,15.4,0.2,4.4,17.9,15.0,10.0,50.0,0.17,3.5,18.8,9.5,4.8,38.1,0.18,4.0,10.7,8.3,25.0,0.0,0.17,3.8,22.1,73.9,13.0,8.7,0.15,3.0,14.4,20.0,33.3,0.0,0.13,2.6,16.3,23.5,29.4,11.8,0.12,2.2,15.4,31.2,12.5,18.8,0.16,3.4,17.3,11.1,22.2,11.1,0.14,3.3,14.4,6.7,26.7,0.0,0.14,4.2
20261001,22,6,1800,3957,B1,愛知,49.0,54.0,4.75,28.71,5.35,30.0,33,39.23,18,31.62,4299,B1,長崎,43.0,56.0,4.56,26.98,4.41,18.18,66,28.69,34,39.5,5016,A1,兵庫,28.0,53.0,7.06,45.83,5.73,37.5,49,37.59,10,38.94,4428,A2,埼玉,41.0,54.0,6.35,44.04,5.65,23.08,48,22.39,14,32.76,4459,A2,香川,40.0,53.0,6.41,45.33,5.0,18.75,30,33.94,19,31.93,5469,B2,佐賀,18.0,55.0,1.6,0.0,1.44,0.0,57,31.88,31,19.47,16.4,50.0,11.1,22.2,0.2,3.4,16.4,11.1,33.3,16.7,0.2,3.8,17.3,21.1,15.8,21.1,0.19,3.6,16.4,5.6,11.1,11.1,0.17,3.6,21.8,4.2,8.3,29.2,0.19,3.7,11.8,15.4,30.8,0.0,0.21,5.2,10.9,30.0,20.0,30.0,0.11,1.7,19.6,5.6,16.7,16.7,0.14,3.0,16.3,6.7,20.0,13.3,0.12,2.9,20.7,5.3,21.1,21.1,0.13,2.4,19.6,5.6,27.8,0.0,0.17,3.4,13.0,16.7,0.0,0.0,0.18,3.9,21.1,73.1,7.7,3.8,0.13,2.3,17.1,33.3,28.6,19.0,0.15,3.1,15.4,26.3,21.1,21.1,0.14,2.2,16.3,20.0,10.0,40.0,0.13,2.4,10.6,7.7,7.7,30.8,0.14,2.8,19.5,4.2,37.5,0.0,0.17,4.0,18.8,90.9,4.5,4.5,0.12,2.1,16.2,10.5,31.6,21.1,0.14,3.0,17.1,5.0,35.0,15.0,0.15,2.4,14.5,11.8,23.5,5.9,0.16,3.6,17.1,25.0,25.0,0.0,0.16,2.9,16.2,21.1,15.8,0.0,0.14,3.1,21.5,64.3,17.9,7.1,0.13,2.6,13.8,22.2,11.1,11.1,0.13,3.1,16.2,9.5,14.3,19.0,0.12,2.7,16.2,14.3,28.6,14.3,0.1,2.5,15.4,5.0,15.0,0.0,0.13,2.4,16.9,4.5,18.2,0.0,0.14,3.6,0.0,0.0,0.0,0.0,0.0,0.0,0.0,0.0,0.0,0.0,0.0,0.0,0.0,0.0,0.0,0.0,0.0,0.0,0.0,0.0,0.0,0.0,0.0,0.0,0.0,0.0,0.0,0.0,0.0,0.0,0.0,0.0,0.0,0.0,0.0,0.0
20261001,22,7,1800,4579,A2,三重,37.0,55.0,6.12,40.78,6.35,29.41,47,19.83,59,35.9,3361,B1,徳島,57.0,52.0,4.26,21.62,4.67,22.22,59,41.67,37,33.04,4798,A1,広島,33.0,52.0,6.94,50.0,6.07,44.44,70,34.23,16,33.33,3459,B1,佐賀,59.0,54.0,3.2,10.11,4.53,24.49,24,27.83,57,36.52,4902,B1,兵庫,33.0,51.0,4.38,30.61,4.64,32.14,51,28.79,13,21.01,3964,B1,長崎,47.0,54.0,3.66,10.64,4.89,0.0,14,40.0,17,33.61,20.0,64.0,16.0,12.0,0.15,2.7,17.6,9.1,18.2,36.4,0.14,3.1,16.8,9.5,19.0,33.3,0.16,2.9,22.4,14.3,7.1,17.9,0.16,3.4,15.2,15.8,21.1,31.6,0.14,3.0,8.0,10.0,20.0,0.0,0.2,4.5,15.6,28.6,35.7,7.1,0.15,2.2,18.9,5.9,29.4,17.6,0.2,3.4,18.9,5.9,5.9,11.8,0.18,3.0,12.2,9.1,18.2,0.0,0.21,4.1,15.6,21.4,14.3,0.0,0.15,3.6,18.9,5.9,0.0,0.0,0.23,4.8,20.6,77.8,18.5,0.0,0.12,2.3,14.5,26.3,26.3,26.3,0.13,2.6,18.3,12.5,12.5,29.2,0.14,2.8,16.8,4.5,22.7,27.3,0.13,2.3,16.8,13.6,13.6,22.7,0.13,2.6,13.0,5.9,17.6,0.0,0.16,3.8,10.0,25.0,12.5,0.0,0.18,3.0,17.5,14.3,7.1,28.6,0.12,1.9,25.0,10.0,10.0,15.0,0.17,2.9,17.5,7.1,21.4,0.0,0.19,3.8,21.2,5.9,0.0,0.0,0.18,2.9,8.8,0.0,0.0,0.0,0.19,4.3,14.6,42.9,21.4,0.0,0.22,3.5,17.7,5.9,17.6,17.6,0.18,4.5,16.7,6.2,31.2,25.0,0.18,3.9,18.8,5.6,5.6,33.3,0.2,3.7,19.8,36.8,5.3,15.8,0.19,3.7,12.5,16.7,0.0,0.0,0.21,4.3,11.7,27.3,36.4,18.2,0.17,3.5,20.2,5.3,21.1,36.8,0.18,3.5,20.2,5.3,26.3,15.8,0.18,3.5,18.1,23.5,0.0,0.0,0.18,4.2,20.2,5.3,21.1,0.0,0.25,4.6,9.6,11.1,22.2,0.0,0.21,3.9
20261001,22,8,1800,3473,A1,福岡,56.0,52.0,6.97,56.2,6.81,49.46,34,42.47,74,40.17,4164,B1,長崎,44.0,53.0,4.12,16.87,3.5,0.0,16,45.07,51,22.41,5067,B1,山口,27.0,57.0,4.84,30.23,3.83,17.14,32,28.86,26,37.19,5009,A2,福岡,29.0,56.0,4.78,28.77,5.01,36.76,67,36.11,56,41.38,3699,B1,埼玉,53.0,53.0,4.59,26.25,5.22,27.78,25,40.37,35,38.98,5038,A2,福井,28.0,52.0,6.53,50.85,6.09,45.45,74,41.35,36,33.06,38.6,42.9,20.4,12.2,0.13,2.2,57.5,12.3,30.1,16.4,0.15,3.3,3.9,40.0,0.0,0.0,0.15,3.2,0.0,0.0,0.0,0.0,0.0,0.0,0.0,0.0,0.0,0.0,0.0,0.0,0.0,0.0,0.0,0.0,0.0,0.0,15.6,25.0,16.7,8.3,0.16,3.5,18.2,50.0,0.0,0.0,0.17,3.4,18.2,7.1,14.3,21.4,0.19,3.8,19.5,20.0,33.3,0.0,0.21,4.4,16.9,23.1,0.0,0.0,0.19,4.7,11.7,11.1,0.0,0.0,0.22,4.2,10.6,50.0,20.0,10.0,0.14,3.1,13.8,15.4,30.8,15.4,0.16,2.6,23.4,18.2,13.6,18.2,0.16,2.7,17.0,25.0,6.2,0.0,0.15,2.9,24.5,13.0,30.4,0.0,0.16,3.3,10.6,30.0,0.0,0.0,0.2,3.6,17.5,61.9,23.8,4.8,0.16,2.6,15.8,26.3,15.8,21.1,0.14,3.1,22.5,11.1,33.3,18.5,0.18,3.2,11.7,14.3,7.1,42.9,0.15,4.1,17.5,23.8,4.8,0.0,0.14,3.7,15.0,5.6,5.6,0.0,0.19,4.2,12.0,11.1,33.3,0.0,0.15,3.9,21.3,12.5,6.2,18.8,0.18,3.7,16.0,16.7,25.0,0.0,0.19,3.9,20.0,20.0,13.3,6.7,0.17,3.2,9.3,14.3,0.0,0.0,0.17,4.4,21.3,31.2,0.0,0.0,0.23,4.4,17.5,71.4,21.4,0.0,0.17,2.6,22.5,27.8,38.9,16.7,0.18,2.7,11.2,22.2,22.2,0.0,0.16,3.2,17.5,14.3,21.4,42.9,0.14,2.7,16.2,15.4,7.7,30.8,0.16,3.5,15.0,8.3,25.0,0.0,0.18,3.5
20261001,22,9,1800,4227,A2,三重,43.0,53.0,5.77,30.77,6.93,53.57,15,42.07,23,46.61,4816,A2,広島,35.0,55.0,5.64,40.0,6.64,36.36,72,38.82,69,34.48,4210,A2,福井,43.0,53.0,5.52,29.09,6.89,44.44,62,45.05,22,31.62,5006,B1,群馬,30.0,56.0,2.7,7.5,0.0,0.0,65,40.0,43,28.44,5337,B1,福岡,20.0,54.0,4.11,20.65,3.16,13.33,71,37.5,28,33.33,4441,A2,岡山,40.0,54.0,5.96,38.79,7.19,61.9,64,26.13,30,41.53,22.6,70.0,10.0,6.7,0.16,2.3,18.8,8.0,32.0,16.0,0.16,2.7,15.0,20.0,15.0,25.0,0.12,2.6,16.5,13.6,27.3,22.7,0.19,3.3,13.5,5.6,16.7,22.2,0.14,2.7,13.5,5.6,22.2,0.0,0.17,3.4,17.3,58.8,17.6,11.8,0.13,2.7,14.3,14.3,42.9,14.3,0.12,2.4,20.4,5.0,25.0,25.0,0.14,3.2,17.3,17.6,17.6,11.8,0.16,3.1,16.3,6.2,12.5,12.5,0.18,3.5,14.3,14.3,28.6,0.0,0.21,3.9,22.3,48.0,28.0,8.0,0.15,3.1,18.8,23.8,33.3,0.0,0.18,4.1,11.6,7.7,15.4,15.4,0.2,4.4,17.9,15.0,10.0,50.0,0.17,3.5,18.8,9.5,4.8,38.1,0.18,4.0,10.7,8.3,25.0,0.0,0.17,3.8,11.1,10.0,20.0,0.0,0.25,4.5,15.6,14.3,14.3,0.0,0.2,3.9,23.3,4.8,4.8,33.3,0.18,4.0,20.0,16.7,5.6,0.0,0.2,3.9,18.9,5.9,11.8,0.0,0.21,4.5,11.1,10.0,0.0,0.0,0.18,4.4,0.0,0.0,0.0,0.0,0.0,0.0,0.0,0.0,0.0,0.0,0.0,0.0,1.1,0.0,0.0,0.0,0.31,6.0,31.6,6.7,16.7,30.0,0.18,3.7,31.6,10.0,20.0,20.0,0.19,3.6,35.8,5.9,17.6,11.8,0.22,5.0,20.6,48.1,29.6,7.4,0.12,2.4,14.5,42.1,26.3,15.8,0.12,2.5,18.3,20.8,20.8,33.3,0.16,2.8,17.6,13.0,47.8,0.0,0.13,3.3,14.5,15.8,10.5,10.5,0.16,2.7,14.5,5.3,10.5,36.8,0.14,3.3
20261001,22,10,1800,3265,A2,福岡,61.0,53.0,5.68,39.24,0.0,0.0,44,28.85,33,39.47,3711,A2,山口,52.0,53.0,5.8,35.92,6.27,36.36,13,36.51,71,27.83,3224,B1,佐賀,61.0,52.0,4.04,22.35,3.39,22.22,56,34.92,24,33.33,4220,B1,香川,44.0,55.0,5.58,38.89,4.81,25.93,18,34.55,1,31.15,4311,A1,大阪,42.0,57.0,6.11,46.24,6.06,45.45,58,35.97,47,23.93,4428,A2,埼玉,41.0,54.0,6.35,44.04,5.65,23.08,48,22.39,14,32.76,32.6,46.4,14.3,17.9,0.16,2.9,67.4,12.1,24.1,15.5,0.14,3.3,0.0,0.0,0.0,0.0,0.0,0.0,0.0,0.0,0.0,0.0,0.0,0.0,0.0,0.0,0.0,0.0,0.0,0.0,0.0,0.0,0.0,0.0,0.0,0.0,21.6,51.5,21.2,18.2,0.15,2.9,13.7,4.8,28.6,23.8,0.16,3.0,19.6,20.0,23.3,36.7,0.15,3.2,12.4,5.3,31.6,36.8,0.13,2.6,17.0,7.7,30.8,19.2,0.15,3.4,15.7,4.2,8.3,8.3,0.17,4.0,12.8,9.1,27.3,9.1,0.22,4.2,22.1,5.3,26.3,0.0,0.18,3.6,15.1,7.7,7.7,7.7,0.24,4.0,20.9,16.7,22.2,0.0,0.22,4.4,19.8,5.9,5.9,17.6,0.17,3.4,9.3,12.5,0.0,0.0,0.25,5.3,15.0,75.0,0.0,0.0,0.18,3.9,17.5,7.1,35.7,14.3,0.19,3.9,20.0,12.5,6.2,12.5,0.18,3.8,17.5,7.1,14.3,0.0,0.18,4.1,18.8,6.7,20.0,13.3,0.18,4.1,11.2,0.0,0.0,0.0,0.16,3.0,24.7,78.9,2.6,7.9,0.13,2.3,13.6,33.3,28.6,9.5,0.12,2.5,16.9,15.4,23.1,23.1,0.16,2.9,16.2,12.0,24.0,24.0,0.12,2.0,13.6,4.8,28.6,14.3,0.15,3.0,14.9,8.7,13.0,30.4,0.19,4.3,18.8,90.9,4.5,4.5,0.12,2.1,16.2,10.5,31.6,21.1,0.14,3.0,17.1,5.0,35.0,15.0,0.15,2.4,14.5,11.8,23.5,5.9,0.16,3.6,17.1,25.0,25.0,0.0,0.16,2.9,16.2,21.1,15.8,0.0,0.14,3.1
20261001,22,11,1800,4459,A2,香川,40.0,53.0,6.41,45.33,5.0,18.75,30,33.94,19,31.93,4788,A2,大阪,37.0,55.0,5.51,33.33,5.42,32.26,12,36.62,66,27.83,4579,A2,三重,37.0,55.0,6.12,40.78,6.35,29.41,47,19.83,59,35.9,4645,A1,群馬,46.0,53.0,6.68,47.83,6.05,50.0,11,37.16,4,31.36,3745,B1,兵庫,51.0,52.0,5.29,27.08,6.23,43.33,52,40.0,9,39.5,5092,A2,福岡,25.0,52.0,5.65,39.71,6.16,47.48,28,33.07,63,30.7,21.5,64.3,17.9,7.1,0.13,2.6,13.8,22.2,11.1,11.1,0.13,3.1,16.2,9.5,14.3,19.0,0.12,2.7,16.2,14.3,28.6,14.3,0.1,2.5,15.4,5.0,15.0,0.0,0.13,2.4,16.9,4.5,18.2,0.0,0.14,3.6,18.9,54.2,16.7,12.5,0.15,3.1,19.7,8.0,36.0,16.0,0.15,3.4,15.0,10.5,26.3,26.3,0.14,2.8,18.9,12.5,16.7,25.0,0.18,3.0,18.9,8.3,16.7,58.3,0.15,3.1,8.7,9.1,27.3,0.0,0.19,4.2,20.0,64.0,16.0,12.0,0.15,2.7,17.6,9.1,18.2,36.4,0.14,3.1,16.8,9.5,19.0,33.3,0.16,2.9,22.4,14.3,7.1,17.9,0.16,3.4,15.2,15.8,21.1,31.6,0.14,3.0,8.0,10.0,20.0,0.0,0.2,4.5,21.3,69.6,13.0,4.3,0.15,2.9,16.7,16.7,44.4,22.2,0.14,2.3,16.7,16.7,27.8,16.7,0.13,2.4,15.7,29.4,5.9,0.0,0.14,2.3,9.3,10.0,0.0,0.0,0.11,2.6,20.4,9.1,13.6,18.2,0.16,3.2,16.2,66.7,8.3,16.7,0.18,3.3,21.6,6.2,43.8,18.8,0.17,3.2,16.2,8.3,41.7,0.0,0.18,4.1,13.5,30.0,20.0,0.0,0.16,4.4,18.9,7.1,21.4,0.0,0.21,4.7,13.5,20.0,30.0,0.0,0.25,5.1,20.6,77.8,3.7,0.0,0.1,2.1,14.5,26.3,5.3,31.6,0.14,3.4,14.5,36.8,21.1,5.3,0.16,3.1,20.6,18.5,18.5,18.5,0.14,3.2,15.3,5.0,35.0,15.0,0.13,2.9,14.5,10.5,26.3,0.0,0.13,2.6
20261001,22,12,1800,5121,A1,佐賀,25.0,53.0,7.32,46.67,7.38,75.0,19,34.35,38,44.07,3473,A1,福岡,56.0,52.0,6.97,56.2,6.81,49.46,34,42.47,74,40.17,5068,A1,愛知,26.0,51.0,7.97,67.59,7.2,50.0,46,26.57,2,23.21,4184,A1,大阪,40.0,52.0,7.17,55.43,6.93,58.62,39,40.0,54,16.83,5016,A1,兵庫,28.0,53.0,7.06,45.83,5.73,37.5,49,37.59,10,38.94,4798,A1,広島,33.0,52.0,6.94,50.0,6.07,44.44,70,34.23,16,33.33,20.1,78.6,14.3,0.0,0.15,3.3,19.4,29.6,37.0,7.4,0.15,3.2,18.0,32.0,36.0,20.0,0.12,2.4,14.4,20.0,15.0,25.0,0.12,2.8,13.7,26.3,26.3,15.8,0.13,2.4,14.4,10.0,25.0,15.0,0.12,3.4,38.6,42.9,20.4,12.2,0.13,2.2,57.5,12.3,30.1,16.4,0.15,3.3,3.9,40.0,0.0,0.0,0.15,3.2,0.0,0.0,0.0,0.0,0.0,0.0,0.0,0.0,0.0,0.0,0.0,0.0,0.0,0.0,0.0,0.0,0.0,0.0,22.1,73.9,13.0,8.7,0.15,3.0,14.4,20.0,33.3,0.0,0.13,2.6,16.3,23.5,29.4,11.8,0.12,2.2,15.4,31.2,12.5,18.8,0.16,3.4,17.3,11.1,22.2,11.1,0.14,3.3,14.4,6.7,26.7,0.0,0.14,4.2,25.0,64.3,17.9,7.1,0.16,3.1,12.5,21.4,50.0,7.1,0.17,3.8,15.2,23.5,29.4,23.5,0.2,3.6,18.8,33.3,14.3,28.6,0.17,3.7,17.0,26.3,21.1,42.1,0.16,3.1,11.6,15.4,15.4,30.8,0.17,3.8,21.1,73.1,7.7,3.8,0.13,2.3,17.1,33.3,28.6,19.0,0.15,3.1,15.4,26.3,21.1,21.1,0.14,2.2,16.3,20.0,10.0,40.0,0.13,2.4,10.6,7.7,7.7,30.8,0.14,2.8,19.5,4.2,37.5,0.0,0.17,4.0,20.6,77.8,18.5,0.0,0.12,2.3,14.5,26.3,26.3,26.3,0.13,2.6,18.3,12.5,12.5,29.2,0.14,2.8,16.8,4.5,22.7,27.3,0.13,2.3,16.8,13.6,13.6,22.7,0.13,2.6,13.0,5.9,17.6,0.0,0.16,3.8
20261001,19,1,1800,4844,B1,広島,33.0,51.0,4.13,20.24,4.52,24.14,18,52.04,31,36.17,5335,B1,長崎,21.0,46.0,3.34,17.65,3.96,20.83,50,35.56,59,34.41,5342,B2,山口,24.0,47.0,2.86,11.59,2.03,5.19,39,41.58,19,33.0,5416,B1,三重,20.0,44.0,3.32,14.49,3.56,11.11,30,41.24,44,28.57,5165,B1,岡山,26.0,47.0,5.01,28.4,3.13,0.0,69,42.11,45,42.42,4791,B1,東京,36.0,48.0,6.15,39.81,5.75,50.0,23,22.47,26,31.25,14.9,40.0,30.0,10.0,0.18,3.4,21.6,6.9,34.5,17.2,0.15,3.3,17.9,4.2,29.2,20.8,0.15,2.7,17.2,8.7,13.0,4.3,0.16,3.5,19.4,3.8,19.2,0.0,0.21,4.1,9.0,0.0,0.0,0.0,0.25,4.9,7.2,40.0,20.0,0.0,0.09,2.4,14.5,10.0,0.0,0.0,0.19,4.2,15.9,9.1,9.1,0.0,0.19,4.4,14.5,0.0,0.0,0.0,0.13,2.9,11.6,12.5,0.0,0.0,0.18,2.9,36.2,4.0,0.0,0.0,0.2,3.9,0.0,0.0,0.0,0.0,0.0,0.0,0.0,0.0,0.0,0.0,0.0,0.0,0.0,0.0,0.0,0.0,0.0,0.0,31.4,3.7,0.0,0.0,0.17,3.7,24.4,14.3,0.0,0.0,0.16,2.7,44.2,0.0,0.0,0.0,0.17,3.6,0.0,0.0,0.0,0.0,0.0,0.0,0.0,0.0,0.0,0.0,0.0,0.0,0.0,0.0,0.0,0.0,0.0,0.0,14.5,9.1,9.1,18.2,0.13,2.7,26.3,5.0,0.0,0.0,0.17,2.9,59.2,11.1,2.2,0.0,0.14,2.7,15.1,37.5,18.8,0.0,0.15,2.5,17.0,16.7,11.1,11.1,0.16,2.9,17.0,5.6,16.7,16.7,0.18,2.7,14.2,6.7,6.7,33.3,0.16,3.9,20.8,4.5,13.6,9.1,0.17,3.3,16.0,5.9,11.8,0.0,0.17,3.5,15.1,35.7,14.3,14.3,0.19,3.5,18.3,17.6,29.4,11.8,0.19,3.6,22.6,19.0,33.3,9.5,0.18,3.1,11.8,27.3,27.3,0.0,0.2,3.3,14.0,15.4,15.4,0.0,0.19,3.9,18.3,23.5,0.0,0.0,0.23,4.9
20261001,19,2,1800,4720,B1,長崎,32.0,48.0,3.38,11.59,4.96,29.17,53,25.51,21,38.3,4678,B1,愛知,37.0,47.0,4.23,20.0,5.15,36.96,15,34.41,40,37.76,4014,A2,山口,46.0,47.0,5.48,34.44,5.46,35.92,40,41.05,34,35.0,5287,B1,埼玉,27.0,47.0,3.65,11.11,3.22,11.11,73,25.0,22,31.18,5317,B1,岡山,25.0,44.0,4.65,21.21,3.96,13.33,24,36.73,29,24.0,5265,B1,香川,26.0,46.0,3.88,18.28,2.82,0.0,60,22.58,48,24.0,14.0,23.1,7.7,23.1,0.21,3.6,18.3,29.4,23.5,11.8,0.18,3.2,20.4,5.3,31.6,0.0,0.21,3.7,15.1,35.7,0.0,0.0,0.19,3.3,18.3,5.9,5.9,0.0,0.18,3.6,14.0,15.4,0.0,0.0,0.23,3.5,16.9,66.7,13.3,13.3,0.17,2.3,21.3,15.8,21.1,21.1,0.16,3.1,12.4,9.1,45.5,9.1,0.16,2.8,13.5,8.3,33.3,0.0,0.15,2.5,24.7,9.1,4.5,13.6,0.16,3.2,11.2,20.0,0.0,0.0,0.23,4.6,18.6,68.4,15.8,5.3,0.14,2.7,15.7,12.5,25.0,18.8,0.16,3.3,22.5,8.7,39.1,17.4,0.18,3.4,17.6,11.1,5.6,11.1,0.17,4.1,13.7,7.1,21.4,21.4,0.16,3.5,11.8,8.3,0.0,0.0,0.2,4.4,12.1,9.1,27.3,9.1,0.19,3.6,16.5,20.0,6.7,0.0,0.12,2.0,16.5,6.7,20.0,0.0,0.15,2.5,20.9,10.5,10.5,5.3,0.18,3.5,18.7,5.9,17.6,0.0,0.14,2.6,15.4,7.1,0.0,0.0,0.17,3.4,12.2,28.6,28.6,21.4,0.17,2.7,16.5,5.3,21.1,21.1,0.16,3.5,17.4,30.0,35.0,0.0,0.15,3.2,22.6,3.8,11.5,30.8,0.17,3.7,18.3,9.5,14.3,0.0,0.17,3.2,13.0,6.7,13.3,0.0,0.18,4.2,10.4,36.4,18.2,0.0,0.15,2.8,20.8,4.5,27.3,0.0,0.15,3.4,17.0,5.6,5.6,16.7,0.14,3.2,18.9,15.0,10.0,15.0,0.13,3.0,17.0,5.6,11.1,0.0,0.18,3.8,16.0,0.0,0.0,0.0,0.17,3.4
20261001,19,3,1800,5052,B1,大阪,31.0,50.0,4.0,22.0,0.0,0.0,38,39.58,47,27.27,5189,A2,岡山,25.0,46.0,5.24,28.95,5.8,37.14,46,43.27,43,38.78,4775,A2,静岡,32.0,46.0,5.84,37.68,5.82,32.14,58,31.82,33,30.85,4045,B1,山口,46.0,48.0,4.78,31.76,5.15,38.78,71,41.49,32,25.81,4400,B1,福井,38.0,52.0,4.11,13.75,2.78,11.11,45,26.0,65,41.41,5360,B1,埼玉,20.0,46.0,3.17,15.25,2.29,14.29,72,27.84,68,42.55,11.8,25.0,25.0,25.0,0.12,2.1,17.6,33.3,25.0,0.0,0.13,2.2,22.1,20.0,13.3,13.3,0.16,2.7,19.1,23.1,15.4,0.0,0.16,2.8,13.2,11.1,0.0,0.0,0.14,3.0,16.2,9.1,0.0,0.0,0.23,4.4,16.8,54.5,9.1,9.1,0.2,4.3,21.4,17.9,25.0,32.1,0.21,4.5,13.7,27.8,16.7,16.7,0.21,4.2,15.3,5.0,15.0,25.0,0.18,4.5,19.1,8.0,8.0,16.0,0.17,3.9,13.7,16.7,22.2,0.0,0.22,5.2,21.7,65.0,20.0,10.0,0.15,3.0,18.5,5.9,35.3,29.4,0.14,2.3,15.2,14.3,21.4,28.6,0.14,2.6,17.4,12.5,31.2,31.2,0.16,2.8,13.0,16.7,16.7,16.7,0.13,2.7,14.1,0.0,0.0,0.0,0.18,4.2,15.1,23.1,46.2,0.0,0.19,3.8,20.9,11.1,16.7,22.2,0.15,2.9,19.8,5.9,17.6,11.8,0.16,2.5,12.8,18.2,9.1,0.0,0.18,2.8,19.8,17.6,0.0,0.0,0.16,2.8,11.6,10.0,10.0,0.0,0.18,3.0,16.5,21.4,35.7,7.1,0.19,3.4,11.8,30.0,0.0,0.0,0.2,3.3,21.2,22.2,16.7,0.0,0.17,3.7,17.6,26.7,0.0,0.0,0.16,3.0,15.3,15.4,0.0,0.0,0.19,3.9,17.6,20.0,0.0,0.0,0.19,4.7,7.8,42.9,14.3,0.0,0.1,2.1,14.4,15.4,0.0,0.0,0.2,3.2,17.8,25.0,31.2,0.0,0.2,3.1,16.7,6.7,13.3,0.0,0.17,3.1,14.4,7.7,0.0,0.0,0.19,3.8,28.9,7.7,0.0,0.0,0.15,3.2
20261001,19,4,1800,5322,B1,埼玉,24.0,44.0,3.85,17.71,2.24,4.76,47,34.34,42,34.74,4373,A1,岡山,38.0,46.0,6.01,37.0,5.86,41.38,17,48.45,73,33.33,4893,B1,東京,36.0,47.0,5.34,35.0,0.0,0.0,57,41.05,70,32.32,5391,B2,山口,18.0,52.0,1.7,4.23,1.7,2.41,59,41.24,16,27.27,4372,A2,大阪,39.0,47.0,6.28,46.39,5.95,40.91,27,38.0,55,37.89,5440,B2,兵庫,21.0,48.0,1.51,1.75,1.5,0.0,52,38.3,66,31.58,11.4,12.5,12.5,0.0,0.16,3.9,18.6,7.7,15.4,0.0,0.22,4.3,18.6,7.7,0.0,0.0,0.21,4.3,12.9,0.0,0.0,0.0,0.17,3.4,22.9,6.2,0.0,0.0,0.16,3.7,15.7,9.1,0.0,0.0,0.22,3.6,25.4,61.8,17.6,14.7,0.15,2.3,14.9,15.0,50.0,20.0,0.19,3.3,16.4,9.1,22.7,40.9,0.15,3.2,17.9,8.3,20.8,33.3,0.18,3.8,11.2,20.0,0.0,0.0,0.21,4.4,14.2,15.8,42.1,0.0,0.2,4.3,17.6,53.3,6.7,20.0,0.15,2.5,16.5,14.3,21.4,21.4,0.17,3.2,18.8,25.0,12.5,6.2,0.15,2.5,14.1,8.3,33.3,0.0,0.17,2.7,18.8,18.8,12.5,6.2,0.14,2.8,14.1,8.3,0.0,0.0,0.18,2.9,0.0,0.0,0.0,0.0,0.0,0.0,0.0,0.0,0.0,0.0,0.0,0.0,0.0,0.0,0.0,0.0,0.0,0.0,20.7,8.3,0.0,0.0,0.24,4.3,22.4,0.0,0.0,0.0,0.21,4.4,56.9,0.0,0.0,0.0,0.23,4.3,21.4,72.2,11.1,11.1,0.16,2.8,15.5,23.1,15.4,23.1,0.2,3.0,16.7,7.1,21.4,28.6,0.21,3.4,14.3,16.7,58.3,0.0,0.17,3.0,14.3,25.0,0.0,0.0,0.12,2.2,17.9,13.3,20.0,0.0,0.17,2.8,0.0,0.0,0.0,0.0,0.0,0.0,0.0,0.0,0.0,0.0,0.0,0.0,0.0,0.0,0.0,0.0,0.0,0.0,0.0,0.0,0.0,0.0,0.0,0.0,1.4,0.0,0.0,0.0,0.25,2.0,98.6,4.2,0.0,0.0,0.19,3.7
20261001,19,5,1800,4556,A1,福岡,37.0,47.0,6.55,50.54,6.27,43.24,12,51.52,41,44.44,4997,B2,埼玉,33.0,49.0,3.41,16.22,0.0,0.0,14,38.38,64,36.17,3943,B2,岡山,47.0,69.0,2.1,2.5,3.43,14.29,43,40.0,50,30.3,5195,A2,長崎,25.0,48.0,5.52,37.5,4.36,14.29,54,26.04,12,21.88,4730,B1,静岡,37.0,47.0,5.19,32.94,5.24,33.33,42,32.32,15,30.85,5437,B2,香川,21.0,51.0,1.54,1.92,0.0,0.0,48,37.25,39,26.8,24.4,77.3,13.6,0.0,0.15,3.0,14.4,15.4,30.8,15.4,0.21,3.8,17.8,25.0,37.5,12.5,0.16,2.8,18.9,23.5,23.5,23.5,0.14,2.5,12.2,9.1,63.6,0.0,0.17,4.3,12.2,9.1,18.2,0.0,0.17,4.8,13.0,28.6,42.9,28.6,0.2,2.9,14.8,12.5,25.0,0.0,0.15,4.4,18.5,0.0,0.0,0.0,0.19,3.7,20.4,18.2,9.1,0.0,0.14,2.5,20.4,18.2,0.0,0.0,0.19,3.1,13.0,0.0,0.0,0.0,0.26,4.6,14.3,50.0,0.0,0.0,0.15,3.5,7.1,0.0,0.0,0.0,0.19,5.0,21.4,0.0,0.0,0.0,0.21,4.3,7.1,0.0,0.0,0.0,0.17,3.0,21.4,0.0,0.0,0.0,0.14,3.3,28.6,0.0,0.0,0.0,0.24,4.0,16.1,64.3,14.3,7.1,0.17,3.4,19.5,11.8,29.4,41.2,0.14,2.6,16.1,7.1,14.3,21.4,0.16,3.2,18.4,18.8,12.5,25.0,0.14,3.4,13.8,8.3,16.7,8.3,0.16,3.7,16.1,14.3,14.3,0.0,0.13,2.8,17.0,43.8,12.5,25.0,0.15,2.4,19.1,5.6,27.8,16.7,0.18,3.5,16.0,13.3,26.7,20.0,0.13,2.1,23.4,13.6,9.1,18.2,0.19,3.5,13.8,7.7,15.4,15.4,0.18,3.4,10.6,10.0,30.0,0.0,0.19,4.5,0.0,0.0,0.0,0.0,0.0,0.0,0.0,0.0,0.0,0.0,0.0,0.0,0.0,0.0,0.0,0.0,0.0,0.0,0.0,0.0,0.0,0.0,0.0,0.0,0.0,0.0,0.0,0.0,0.0,0.0,100.0,2.2,2.2,0.0,0.23,4.3
20261001,19,6,1800,4804,A1,三重,32.0,49.0,6.23,42.24,6.88,58.82,49,36.73,72,25.51,4791,B1,東京,36.0,48.0,6.15,39.81,5.75,50.0,23,22.47,26,31.25,5146,A2,山口,23.0,50.0,5.15,31.87,5.26,29.25,65,31.25,23,45.05,5317,B1,岡山,25.0,44.0,4.65,21.21,3.96,13.33,24,36.73,29,24.0,5250,B1,長崎,24.0,46.0,5.03,25.56,2.56,12.0,44,30.19,63,32.99,4947,B1,福岡,34.0,48.0,5.02,26.79,4.51,16.28,64,20.43,20,21.88,21.9,75.0,7.1,7.1,0.19,3.6,18.0,21.7,26.1,17.4,0.23,3.7,13.3,29.4,35.3,17.6,0.17,3.6,16.4,23.8,19.0,23.8,0.17,3.4,16.4,23.8,14.3,19.0,0.17,3.4,14.1,5.6,5.6,0.0,0.23,5.3,15.1,35.7,14.3,14.3,0.19,3.5,18.3,17.6,29.4,11.8,0.19,3.6,22.6,19.0,33.3,9.5,0.18,3.1,11.8,27.3,27.3,0.0,0.2,3.3,14.0,15.4,15.4,0.0,0.19,3.9,18.3,23.5,0.0,0.0,0.23,4.9,14.9,61.5,0.0,0.0,0.17,2.9,18.4,18.8,18.8,25.0,0.13,2.9,19.5,35.3,23.5,17.6,0.16,3.1,19.5,17.6,11.8,41.2,0.18,3.2,17.2,33.3,0.0,0.0,0.18,3.2,10.3,0.0,0.0,0.0,0.17,4.4,12.2,28.6,28.6,21.4,0.17,2.7,16.5,5.3,21.1,21.1,0.16,3.5,17.4,30.0,35.0,0.0,0.15,3.2,22.6,3.8,11.5,30.8,0.17,3.7,18.3,9.5,14.3,0.0,0.17,3.2,13.0,6.7,13.3,0.0,0.18,4.2,11.6,40.0,10.0,20.0,0.13,2.0,22.1,5.3,26.3,15.8,0.2,4.0,17.4,6.7,26.7,0.0,0.19,4.3,17.4,6.7,6.7,0.0,0.18,4.5,16.3,14.3,7.1,0.0,0.17,3.9,15.1,0.0,0.0,0.0,0.23,4.8,13.0,46.7,6.7,13.3,0.2,3.3,19.1,9.1,27.3,18.2,0.19,4.5,19.1,22.7,9.1,0.0,0.15,2.5,17.4,5.0,25.0,0.0,0.17,3.5,15.7,16.7,22.2,0.0,0.18,3.3,15.7,16.7,0.0,0.0,0.17,3.7
20261001,19,7,1800,4784,B1,広島,38.0,51.0,3.96,16.33,4.7,24.24,19,27.52,56,44.0,5052,B1,大阪,31.0,50.0,4.0,22.0,0.0,0.0,38,39.58,47,27.27,4536,A2,岡山,36.0,47.0,6.07,42.99,5.72,37.93,16,32.26,51,42.86,4720,B1,長崎,32.0,48.0,3.38,11.59,4.96,29.17,53,25.51,21,38.3,4387,A1,香川,41.0,46.0,6.9,51.72,6.33,45.45,55,33.68,14,31.63,5416,B1,三重,20.0,44.0,3.32,14.49,3.56,11.11,30,41.24,44,28.57,14.9,40.0,30.0,10.0,0.15,2.4,16.4,9.1,18.2,0.0,0.21,4.2,14.9,10.0,10.0,20.0,0.23,3.9,17.9,16.7,8.3,0.0,0.22,4.2,14.9,10.0,10.0,0.0,0.19,3.7,20.9,14.3,7.1,0.0,0.23,4.3,11.8,25.0,25.0,25.0,0.12,2.1,17.6,33.3,25.0,0.0,0.13,2.2,22.1,20.0,13.3,13.3,0.16,2.7,19.1,23.1,15.4,0.0,0.16,2.8,13.2,11.1,0.0,0.0,0.14,3.0,16.2,9.1,0.0,0.0,0.23,4.4,20.9,59.3,14.8,14.8,0.16,2.4,17.8,26.1,26.1,13.0,0.13,2.4,14.0,11.1,44.4,11.1,0.14,2.2,14.7,15.8,15.8,42.1,0.15,2.6,19.4,8.0,8.0,44.0,0.18,4.0,13.2,5.9,17.6,0.0,0.17,4.3,14.0,23.1,7.7,23.1,0.21,3.6,18.3,29.4,23.5,11.8,0.18,3.2,20.4,5.3,31.6,0.0,0.21,3.7,15.1,35.7,0.0,0.0,0.19,3.3,18.3,5.9,5.9,0.0,0.18,3.6,14.0,15.4,0.0,0.0,0.23,3.5,20.8,61.5,11.5,11.5,0.17,3.4,12.8,25.0,12.5,25.0,0.14,2.7,18.4,34.8,34.8,8.7,0.14,2.6,16.8,19.0,19.0,28.6,0.16,2.8,17.6,9.1,13.6,9.1,0.16,2.9,13.6,5.9,29.4,0.0,0.16,3.8,0.0,0.0,0.0,0.0,0.0,0.0,0.0,0.0,0.0,0.0,0.0,0.0,0.0,0.0,0.0,0.0,0.0,0.0,14.5,9.1,9.1,18.2,0.13,2.7,26.3,5.0,0.0,0.0,0.17,2.9,59.2,11.1,2.2,0.0,0.14,2.7
20261001,19,8,1800,4938,A1,佐賀,29.0,47.0,6.33,40.65,5.41,29.73,51,28.13,17,35.11,4045,B1,山口,46.0,48.0,4.78,31.76,5.15,38.78,71,41.49,32,25.81,5326,B1,香川,22.0,47.0,5.0,30.43,1.5,0.0,13,32.14,36,33.33,3845,A2,兵庫,50.0,44.0,5.91,47.06,7.27,54.55,28,31.52,49,39.39,5335,B1,長崎,21.0,46.0,3.34,17.65,3.96,20.83,50,35.56,59,34.41,4893,B1,東京,36.0,47.0,5.34,35.0,0.0,0.0,57,41.05,70,32.32,22.0,75.9,13.8,6.9,0.15,2.6,18.2,29.2,37.5,8.3,0.13,2.4,17.4,47.8,17.4,8.7,0.11,3.0,14.4,21.1,21.1,10.5,0.18,3.3,16.7,9.1,9.1,27.3,0.13,3.2,11.4,6.7,33.3,0.0,0.19,3.9,15.1,23.1,46.2,0.0,0.19,3.8,20.9,11.1,16.7,22.2,0.15,2.9,19.8,5.9,17.6,11.8,0.16,2.5,12.8,18.2,9.1,0.0,0.18,2.8,19.8,17.6,0.0,0.0,0.16,2.8,11.6,10.0,10.0,0.0,0.18,3.0,12.6,40.0,6.7,0.0,0.22,4.1,18.5,9.1,31.8,4.5,0.17,3.4,17.6,4.8,28.6,4.8,0.18,2.8,17.6,9.5,4.8,23.8,0.2,3.7,16.0,5.3,5.3,5.3,0.18,4.0,17.6,9.5,4.8,9.5,0.19,4.0,16.2,30.8,15.4,23.1,0.2,4.2,18.8,26.7,20.0,13.3,0.19,4.3,20.0,31.2,12.5,25.0,0.2,4.2,21.2,11.8,35.3,0.0,0.21,4.4,17.5,21.4,14.3,0.0,0.22,4.4,6.2,60.0,0.0,0.0,0.23,5.0,7.2,40.0,20.0,0.0,0.09,2.4,14.5,10.0,0.0,0.0,0.19,4.2,15.9,9.1,9.1,0.0,0.19,4.4,14.5,0.0,0.0,0.0,0.13,2.9,11.6,12.5,0.0,0.0,0.18,2.9,36.2,4.0,0.0,0.0,0.2,3.9,17.6,53.3,6.7,20.0,0.15,2.5,16.5,14.3,21.4,21.4,0.17,3.2,18.8,25.0,12.5,6.2,0.15,2.5,14.1,8.3,33.3,0.0,0.17,2.7,18.8,18.8,12.5,6.2,0.14,2.8,14.1,8.3,0.0,0.0,0.18,2.9
20261001,19,9,1800,4730,B1,静岡,37.0,47.0,5.19,32.94,5.24,33.33,42,32.32,15,30.85,3334,A2,広島,58.0,45.0,5.45,34.26,6.65,58.7,70,28.13,62,26.53,4642,A2,香川,34.0,48.0,6.97,51.82,7.08,52.0,31,38.68,46,25.53,4927,A2,大阪,32.0,45.0,6.04,42.0,6.44,46.88,62,42.86,27,30.93,5391,B2,山口,18.0,52.0,1.7,4.23,1.7,2.41,59,41.24,16,27.27,4853,B1,岡山,31.0,45.0,4.38,18.27,5.09,26.09,36,29.67,58,43.43,17.0,43.8,12.5,25.0,0.15,2.4,19.1,5.6,27.8,16.7,0.18,3.5,16.0,13.3,26.7,20.0,0.13,2.1,23.4,13.6,9.1,18.2,0.19,3.5,13.8,7.7,15.4,15.4,0.18,3.4,10.6,10.0,30.0,0.0,0.19,4.5,23.0,51.6,16.1,6.5,0.2,4.2,17.0,4.3,39.1,21.7,0.22,4.1,16.3,9.1,45.5,18.2,0.19,4.1,16.3,27.3,31.8,0.0,0.21,4.5,16.3,18.2,18.2,0.0,0.19,4.5,11.1,6.7,20.0,0.0,0.21,4.5,22.9,77.8,3.7,3.7,0.15,2.6,16.1,21.1,26.3,5.3,0.15,3.3,16.9,30.0,20.0,10.0,0.14,3.4,18.6,9.1,18.2,13.6,0.16,2.8,15.3,11.1,27.8,22.2,0.17,2.9,10.2,8.3,8.3,33.3,0.16,2.6,19.5,57.7,11.5,3.8,0.15,2.6,18.0,20.8,8.3,25.0,0.16,3.4,18.0,8.3,37.5,12.5,0.14,3.0,15.8,4.8,42.9,0.0,0.18,3.3,15.0,5.0,25.0,25.0,0.15,2.4,13.5,5.6,11.1,11.1,0.17,3.7,0.0,0.0,0.0,0.0,0.0,0.0,0.0,0.0,0.0,0.0,0.0,0.0,0.0,0.0,0.0,0.0,0.0,0.0,20.7,8.3,0.0,0.0,0.24,4.3,22.4,0.0,0.0,0.0,0.21,4.4,56.9,0.0,0.0,0.0,0.23,4.3,13.3,30.0,10.0,20.0,0.13,3.2,16.0,8.3,25.0,0.0,0.21,3.8,20.0,20.0,26.7,13.3,0.2,4.4,13.3,10.0,20.0,0.0,0.23,4.3,18.7,7.1,14.3,0.0,0.26,5.5,18.7,0.0,0.0,0.0,0.25,4.8
20261001,19,10,1800,5045,A2,埼玉,26.0,46.0,7.0,50.0,6.05,41.03,21,38.14,38,32.26,5195,A2,長崎,25.0,48.0,5.52,37.5,4.36,14.29,54,26.04,12,21.88,5265,B1,香川,26.0,46.0,3.88,18.28,2.82,0.0,60,22.58,48,24.0,5250,B1,長崎,24.0,46.0,5.03,25.56,2.56,12.0,44,30.19,63,32.99,5189,A2,岡山,25.0,46.0,5.24,28.95,5.8,37.14,46,43.27,43,38.78,5342,B2,山口,24.0,47.0,2.86,11.59,2.03,5.19,39,41.58,19,33.0,17.1,45.8,25.0,8.3,0.2,3.6,16.4,17.4,34.8,13.0,0.19,3.9,17.1,12.5,29.2,33.3,0.17,3.5,19.3,3.7,40.7,14.8,0.21,4.0,16.4,8.7,39.1,0.0,0.19,3.5,13.6,5.3,26.3,0.0,0.2,4.4,16.1,64.3,14.3,7.1,0.17,3.4,19.5,11.8,29.4,41.2,0.14,2.6,16.1,7.1,14.3,21.4,0.16,3.2,18.4,18.8,12.5,25.0,0.14,3.4,13.8,8.3,16.7,8.3,0.16,3.7,16.1,14.3,14.3,0.0,0.13,2.8,10.4,36.4,18.2,0.0,0.15,2.8,20.8,4.5,27.3,0.0,0.15,3.4,17.0,5.6,5.6,16.7,0.14,3.2,18.9,15.0,10.0,15.0,0.13,3.0,17.0,5.6,11.1,0.0,0.18,3.8,16.0,0.0,0.0,0.0,0.17,3.4,11.6,40.0,10.0,20.0,0.13,2.0,22.1,5.3,26.3,15.8,0.2,4.0,17.4,6.7,26.7,0.0,0.19,4.3,17.4,6.7,6.7,0.0,0.18,4.5,16.3,14.3,7.1,0.0,0.17,3.9,15.1,0.0,0.0,0.0,0.23,4.8,16.8,54.5,9.1,9.1,0.2,4.3,21.4,17.9,25.0,32.1,0.21,4.5,13.7,27.8,16.7,16.7,0.21,4.2,15.3,5.0,15.0,25.0,0.18,4.5,19.1,8.0,8.0,16.0,0.17,3.9,13.7,16.7,22.2,0.0,0.22,5.2,0.0,0.0,0.0,0.0,0.0,0.0,0.0,0.0,0.0,0.0,0.0,0.0,0.0,0.0,0.0,0.0,0.0,0.0,31.4,3.7,0.0,0.0,0.17,3.7,24.4,14.3,0.0,0.0,0.16,2.7,44.2,0.0,0.0,0.0,0.17,3.6
20261001,19,11,1800,4775,A2,静岡,32.0,46.0,5.84,37.68,5.82,32.14,58,31.82,33,30.85,5146,A2,山口,23.0,50.0,5.15,31.87,5.26,29.25,65,31.25,23,45.05,4372,A2,大阪,39.0,47.0,6.28,46.39,5.95,40.91,27,38.0,55,37.89,4844,B1,広島,33.0,51.0,4.13,20.24,4.52,24.14,18,52.04,31,36.17,4536,A2,岡山,36.0,47.0,6.07,42.99,5.72,37.93,16,32.26,51,42.86,5287,B1,埼玉,27.0,47.0,3.65,11.11,3.22,11.11,73,25.0,22,31.18,21.7,65.0,20.0,10.0,0.15,3.0,18.5,5.9,35.3,29.4,0.14,2.3,15.2,14.3,21.4,28.6,0.14,2.6,17.4,12.5,31.2,31.2,0.16,2.8,13.0,16.7,16.7,16.7,0.13,2.7,14.1,0.0,0.0,0.0,0.18,4.2,14.9,61.5,0.0,0.0,0.17,2.9,18.4,18.8,18.8,25.0,0.13,2.9,19.5,35.3,23.5,17.6,0.16,3.1,19.5,17.6,11.8,41.2,0.18,3.2,17.2,33.3,0.0,0.0,0.18,3.2,10.3,0.0,0.0,0.0,0.17,4.4,21.4,72.2,11.1,11.1,0.16,2.8,15.5,23.1,15.4,23.1,0.2,3.0,16.7,7.1,21.4,28.6,0.21,3.4,14.3,16.7,58.3,0.0,0.17,3.0,14.3,25.0,0.0,0.0,0.12,2.2,17.9,13.3,20.0,0.0,0.17,2.8,14.9,40.0,30.0,10.0,0.18,3.4,21.6,6.9,34.5,17.2,0.15,3.3,17.9,4.2,29.2,20.8,0.15,2.7,17.2,8.7,13.0,4.3,0.16,3.5,19.4,3.8,19.2,0.0,0.21,4.1,9.0,0.0,0.0,0.0,0.25,4.9,20.9,59.3,14.8,14.8,0.16,2.4,17.8,26.1,26.1,13.0,0.13,2.4,14.0,11.1,44.4,11.1,0.14,2.2,14.7,15.8,15.8,42.1,0.15,2.6,19.4,8.0,8.0,44.0,0.18,4.0,13.2,5.9,17.6,0.0,0.17,4.3,12.1,9.1,27.3,9.1,0.19,3.6,16.5,20.0,6.7,0.0,0.12,2.0,16.5,6.7,20.0,0.0,0.15,2.5,20.9,10.5,10.5,5.3,0.18,3.5,18.7,5.9,17.6,0.0,0.14,2.6,15.4,7.1,0.0,0.0,0.17,3.4
20261001,19,12,1800,4387,A1,香川,41.0,46.0,6.9,51.72,6.33,45.45,55,33.68,14,31.63,4556,A1,福岡,37.0,47.0,6.55,50.54,6.27,43.24,12,51.52,41,44.44,4804,A1,三重,32.0,49.0,6.23,42.24,6.88,58.82,49,36.73,72,25.51,4373,A1,岡山,38.0,46.0,6.01,37.0,5.86,41.38,17,48.45,73,33.33,4938,A1,佐賀,29.0,47.0,6.33,40.65,5.41,29.73,51,28.13,17,35.11,4014,A2,山口,46.0,47.0,5.48,34.44,5.46,35.92,40,41.05,34,35.0,20.8,61.5,11.5,11.5,0.17,3.4,12.8,25.0,12.5,25.0,0.14,2.7,18.4,34.8,34.8,8.7,0.14,2.6,16.8,19.0,19.0,28.6,0.16,2.8,17.6,9.1,13.6,9.1,0.16,2.9,13.6,5.9,29.4,0.0,0.16,3.8,24.4,77.3,13.6,0.0,0.15,3.0,14.4,15.4,30.8,15.4,0.21,3.8,17.8,25.0,37.5,12.5,0.16,2.8,18.9,23.5,23.5,23.5,0.14,2.5,12.2,9.1,63.6,0.0,0.17,4.3,12.2,9.1,18.2,0.0,0.17,4.8,21.9,75.0,7.1,7.1,0.19,3.6,18.0,21.7,26.1,17.4,0.23,3.7,13.3,29.4,35.3,17.6,0.17,3.6,16.4,23.8,19.0,23.8,0.17,3.4,16.4,23.8,14.3,19.0,0.17,3.4,14.1,5.6,5.6,0.0,0.23,5.3,25.4,61.8,17.6,14.7,0.15,2.3,14.9,15.0,50.0,20.0,0.19,3.3,16.4,9.1,22.7,40.9,0.15,3.2,17.9,8.3,20.8,33.3,0.18,3.8,11.2,20.0,0.0,0.0,0.21,4.4,14.2,15.8,42.1,0.0,0.2,4.3,22.0,75.9,13.8,6.9,0.15,2.6,18.2,29.2,37.5,8.3,0.13,2.4,17.4,47.8,17.4,8.7,0.11,3.0,14.4,21.1,21.1,10.5,0.18,3.3,16.7,9.1,9.1,27.3,0.13,3.2,11.4,6.7,33.3,0.0,0.19,3.9,18.6,68.4,15.8,5.3,0.14,2.7,15.7,12.5,25.0,18.8,0.16,3.3,22.5,8.7,39.1,17.4,0.18,3.4,17.6,11.1,5.6,11.1,0.17,4.1,13.7,7.1,21.4,21.4,0.16,3.5,11.8,8.3,0.0,0.0,0.2,4.4
20261001,16,1,1800,3908,A1,香川,48.0,57.0,5.96,40.0,7.1,58.33,15,28.57,54,36.79,4502,A1,滋賀,38.0,46.0,7.4,53.44,8.1,65.0,67,30.91,39,37.81,4959,A1,大阪,30.0,53.0,7.52,57.03,7.73,66.67,57,32.73,18,34.83,4686,A1,滋賀,35.0,54.0,7.91,53.91,7.09,45.45,63,31.7,61,31.68,4370,A1,岡山,39.0,52.0,6.81,56.25,6.62,53.02,30,37.67,47,30.41,4907,A1,大阪,31.0,53.0,7.24,57.14,8.6,85.0,68,34.23,32,30.96,24.1,64.3,10.7,3.6,0.14,2.9,15.5,27.8,22.2,16.7,0.18,3.7,16.4,21.1,26.3,10.5,0.13,2.5,12.9,33.3,20.0,20.0,0.15,2.8,19.8,34.8,21.7,4.3,0.15,2.7,11.2,7.7,30.8,0.0,0.15,3.8,23.6,65.4,15.4,3.8,0.14,2.8,15.5,29.4,23.5,23.5,0.14,3.0,14.5,12.5,37.5,25.0,0.12,2.3,16.4,16.7,27.8,33.3,0.13,2.8,15.5,17.6,17.6,17.6,0.14,3.1,14.5,6.2,37.5,0.0,0.15,4.1,19.6,77.8,11.1,0.0,0.14,3.4,20.3,21.4,28.6,14.3,0.17,4.2,14.5,25.0,30.0,25.0,0.15,3.4,16.7,8.7,30.4,21.7,0.13,3.0,15.2,19.0,19.0,4.8,0.15,4.3,13.8,21.1,21.1,0.0,0.15,4.4,19.0,75.0,8.3,4.2,0.13,2.7,17.5,9.1,27.3,13.6,0.16,3.9,19.0,12.5,20.8,33.3,0.12,2.9,13.5,11.8,41.2,11.8,0.12,2.2,18.3,13.0,13.0,17.4,0.17,3.3,12.7,6.2,6.2,12.5,0.11,3.4,20.7,69.6,8.7,8.7,0.13,2.8,14.4,12.5,37.5,18.8,0.14,2.7,25.2,32.1,28.6,10.7,0.13,2.6,17.1,26.3,5.3,26.3,0.15,3.5,10.8,16.7,16.7,16.7,0.15,3.2,11.7,23.1,0.0,0.0,0.14,4.3,21.8,66.7,16.7,8.3,0.15,2.8,16.4,16.7,38.9,5.6,0.14,3.7,13.6,26.7,33.3,26.7,0.15,2.6,17.3,15.8,31.6,15.8,0.13,3.2,15.5,17.6,5.9,17.6,0.14,3.8,15.5,5.9,11.8,11.8,0.16,3.9
20261001,16,2,1800,4704,A1,徳島,38.0,52.0,6.33,44.59,6.03,43.55,60,43.87,48,33.66,4503,A1,佐賀,38.0,52.0,7.98,63.31,7.89,66.67,64,33.95,57,34.0,3960,A1,静岡,48.0,55.0,6.7,39.84,6.79,47.37,54,30.29,38,42.93,5051,A1,埼玉,31.0,56.0,6.42,43.2,6.7,50.0,61,35.62,19,37.88,4659,A1,大阪,35.0,55.0,7.61,57.34,7.21,55.17,29,29.9,51,30.2,4831,A1,福岡,31.0,57.0,7.17,54.21,7.13,37.5,38,35.71,34,39.18,18.8,74.1,14.8,3.7,0.14,2.6,18.1,15.4,23.1,11.5,0.14,3.0,17.4,20.0,28.0,16.0,0.12,2.2,16.7,12.5,33.3,25.0,0.14,2.9,13.9,25.0,35.0,0.0,0.15,3.1,15.3,4.5,27.3,13.6,0.14,3.0,21.4,85.2,11.1,0.0,0.1,2.0,15.1,10.5,21.1,15.8,0.11,2.1,12.7,25.0,37.5,6.2,0.1,2.1,19.0,12.5,37.5,12.5,0.12,2.0,18.3,17.4,34.8,21.7,0.12,2.3,13.5,11.8,5.9,0.0,0.12,3.2,22.2,71.4,10.7,7.1,0.11,1.8,15.9,15.0,25.0,15.0,0.12,2.5,15.1,21.1,10.5,15.8,0.11,2.1,19.0,8.3,33.3,4.2,0.1,2.0,16.7,14.3,14.3,33.3,0.11,2.7,11.1,7.1,0.0,0.0,0.14,3.4,16.8,76.2,4.8,14.3,0.15,2.8,20.0,12.0,32.0,24.0,0.15,3.7,16.0,20.0,20.0,25.0,0.17,3.2,16.0,15.0,20.0,20.0,0.15,3.5,15.2,15.8,31.6,21.1,0.16,3.1,16.0,5.0,5.0,35.0,0.16,3.5,21.6,80.0,3.3,10.0,0.14,3.4,14.4,20.0,20.0,45.0,0.15,3.5,17.3,16.7,33.3,16.7,0.14,3.3,16.5,17.4,26.1,26.1,0.16,3.0,17.3,8.3,12.5,16.7,0.14,3.0,12.9,11.1,22.2,0.0,0.18,4.0,19.4,70.0,15.0,10.0,0.13,3.5,15.5,25.0,43.8,6.2,0.16,3.7,14.6,26.7,20.0,26.7,0.13,2.6,17.5,5.6,27.8,44.4,0.14,3.1,20.4,4.8,9.5,23.8,0.16,3.9,12.6,15.4,0.0,0.0,0.17,3.9
20261001,16,3,1800,4812,A1,徳島,36.0,50.0,7.79,67.37,0.0,0.0,35,43.72,59,32.83,4713,A1,岡山,36.0,53.0,6.14,38.14,6.87,50.56,33,24.88,74,34.85,4352,A1,長崎,40.0,52.0,7.6,55.29,6.72,48.28,22,36.15,58,38.46,4205,A1,広島,44.0,53.0,7.52,49.51,7.89,77.78,32,27.83,46,30.35,4586,A1,愛知,36.0,55.0,7.67,53.79,0.0,0.0,55,47.93,17,37.69,4266,A1,東京,41.0,54.0,7.47,54.17,4.88,25.0,24,33.03,63,34.59,21.5,76.9,3.8,7.7,0.13,2.0,16.5,35.0,35.0,10.0,0.14,2.5,15.7,26.3,21.1,26.3,0.15,3.2,15.7,21.1,15.8,31.6,0.12,2.2,14.9,11.1,38.9,11.1,0.16,2.4,15.7,10.5,36.8,0.0,0.15,3.6,22.2,80.6,8.3,8.3,0.12,2.0,13.6,18.2,27.3,18.2,0.15,3.1,17.3,17.9,21.4,32.1,0.13,2.6,14.2,17.4,30.4,39.1,0.13,2.7,18.5,13.3,16.7,20.0,0.14,2.6,14.2,21.7,21.7,0.0,0.15,3.1,22.2,75.0,8.3,0.0,0.14,2.7,13.0,14.3,28.6,14.3,0.14,3.1,16.7,16.7,50.0,11.1,0.14,2.8,15.7,11.8,5.9,17.6,0.13,3.5,13.9,20.0,13.3,26.7,0.15,3.2,18.5,10.0,20.0,0.0,0.18,4.1,23.5,66.7,20.8,4.2,0.12,3.7,16.7,11.8,29.4,23.5,0.13,3.6,16.7,17.6,29.4,17.6,0.13,2.7,12.7,30.8,15.4,23.1,0.12,2.3,16.7,11.8,47.1,17.6,0.16,3.5,13.7,7.1,7.1,21.4,0.16,4.1,18.0,70.0,20.0,0.0,0.12,2.5,16.2,50.0,11.1,0.0,0.12,2.3,15.3,5.9,35.3,11.8,0.12,2.4,18.0,10.0,35.0,25.0,0.13,2.4,16.2,22.2,22.2,5.6,0.13,2.9,16.2,11.1,5.6,22.2,0.13,3.4,21.8,77.8,11.1,0.0,0.13,2.3,16.9,14.3,28.6,9.5,0.15,3.6,13.7,29.4,23.5,29.4,0.13,2.9,21.0,7.7,11.5,23.1,0.16,3.8,12.9,18.8,18.8,0.0,0.14,3.0,13.7,11.8,17.6,0.0,0.18,4.7
20261001,16,4,1800,3984,A1,三重,48.0,54.0,6.03,36.99,0.0,0.0,37,34.11,23,33.33,4445,A1,佐賀,39.0,55.0,7.11,46.23,6.56,40.74,18,31.16,43,38.19,4851,A1,群馬,31.0,50.0,7.58,48.33,6.78,55.56,23,34.27,14,35.2,4590,A1,福岡,34.0,49.0,6.51,42.28,7.4,60.0,16,36.12,70,31.28,4361,A1,山口,41.0,52.0,7.27,55.28,6.63,42.11,59,27.98,15,40.51,3744,A1,静岡,51.0,54.0,6.03,43.26,6.69,48.28,49,37.21,30,34.18,23.9,78.8,12.1,6.1,0.15,2.4,16.7,8.7,39.1,21.7,0.18,3.3,15.9,22.7,27.3,31.8,0.17,3.1,16.7,17.4,17.4,21.7,0.16,3.5,15.9,18.2,9.1,40.9,0.19,3.7,10.9,33.3,0.0,0.0,0.2,4.4,18.0,91.3,4.3,4.3,0.12,2.9,15.6,10.0,25.0,30.0,0.12,2.5,10.9,7.1,50.0,14.3,0.11,2.0,18.0,13.0,17.4,13.0,0.11,2.8,18.0,4.3,8.7,30.4,0.13,2.9,19.5,20.0,0.0,0.0,0.12,3.2,19.6,71.4,14.3,9.5,0.13,2.9,16.8,22.2,27.8,16.7,0.15,3.7,18.7,30.0,35.0,5.0,0.14,3.5,14.0,6.7,53.3,6.7,0.12,2.6,12.1,23.1,7.7,38.5,0.1,2.5,18.7,5.0,25.0,0.0,0.13,3.1,19.0,56.5,21.7,8.7,0.14,2.7,17.4,38.1,9.5,19.0,0.14,3.0,17.4,4.8,28.6,28.6,0.15,2.9,14.9,5.6,16.7,27.8,0.14,3.1,16.5,5.0,15.0,20.0,0.14,3.3,14.9,22.2,16.7,0.0,0.16,3.7,24.5,76.0,8.0,4.0,0.13,2.5,15.7,31.2,25.0,12.5,0.14,2.8,12.7,15.4,30.8,23.1,0.14,2.3,17.6,33.3,16.7,33.3,0.16,3.1,13.7,14.3,28.6,0.0,0.16,3.5,15.7,6.2,18.8,12.5,0.15,3.4,23.1,88.2,5.9,0.0,0.14,2.6,14.3,9.5,33.3,19.0,0.16,3.3,19.0,17.9,28.6,28.6,0.12,2.3,22.4,9.1,24.2,15.2,0.14,2.8,15.6,21.7,4.3,17.4,0.12,2.6,5.4,12.5,12.5,0.0,0.15,3.3
20261001,16,5,1800,4928,A1,東京,31.0,52.0,6.65,49.57,6.73,53.66,41,34.11,26,35.18,4482,A1,岡山,37.0,46.0,6.09,39.18,7.17,58.33,53,33.49,60,30.43,4444,A1,埼玉,39.0,51.0,7.39,41.41,7.35,62.16,20,47.27,56,32.99,4980,A1,山口,30.0,50.0,6.97,50.82,6.8,46.43,11,29.82,69,30.96,3415,A1,大阪,56.0,52.0,6.93,43.9,7.64,50.0,27,35.27,62,34.17,4537,A1,岡山,36.0,50.0,6.94,47.55,6.66,43.93,62,39.25,20,30.3,18.6,52.4,33.3,4.8,0.15,3.4,16.8,10.5,26.3,5.3,0.16,4.2,20.4,39.1,13.0,17.4,0.14,2.8,20.4,30.4,30.4,17.4,0.12,2.0,10.6,16.7,25.0,0.0,0.15,3.0,13.3,6.7,6.7,20.0,0.17,3.9,22.4,71.4,14.3,3.6,0.13,2.1,16.8,19.0,28.6,28.6,0.18,3.6,15.2,10.5,10.5,15.8,0.16,4.1,17.6,22.7,18.2,27.3,0.17,3.6,18.4,13.0,17.4,13.0,0.17,3.0,9.6,16.7,8.3,33.3,0.22,4.9,23.1,58.3,25.0,0.0,0.12,2.5,14.4,13.3,40.0,13.3,0.13,2.8,13.5,21.4,7.1,28.6,0.12,3.2,18.3,10.5,36.8,31.6,0.12,3.6,13.5,7.1,21.4,14.3,0.15,3.4,17.3,5.6,38.9,0.0,0.14,4.1,22.0,82.1,14.3,0.0,0.15,2.6,14.2,11.1,44.4,16.7,0.15,3.6,17.3,13.6,36.4,13.6,0.14,2.9,11.8,6.7,46.7,13.3,0.16,3.3,15.0,21.1,15.8,15.8,0.18,3.2,19.7,8.0,8.0,20.0,0.17,4.6,21.1,70.4,18.5,3.7,0.14,3.7,23.4,23.3,23.3,23.3,0.15,4.0,16.4,19.0,47.6,0.0,0.15,3.6,18.0,13.0,4.3,30.4,0.13,3.2,14.1,16.7,0.0,0.0,0.14,4.0,7.0,33.3,0.0,0.0,0.17,4.7,20.6,74.1,18.5,3.7,0.15,2.8,19.8,34.6,26.9,3.8,0.14,2.9,13.0,11.8,23.5,23.5,0.15,3.1,18.3,16.7,12.5,20.8,0.12,2.4,16.8,13.6,22.7,22.7,0.15,2.9,11.5,6.7,33.3,0.0,0.19,3.9
20261001,16,6,1800,4528,A1,埼玉,38.0,53.0,6.52,42.27,6.0,33.33,52,27.93,42,34.01,4398,A1,広島,39.0,53.0,6.44,47.76,5.87,46.15,14,28.11,45,36.63,4468,A1,東京,39.0,51.0,6.94,53.39,7.39,61.11,13,36.57,68,39.49,4762,A1,岡山,36.0,50.0,7.36,56.06,7.52,58.18,58,33.82,49,46.63,4371,A1,福岡,39.0,53.0,7.16,44.35,6.44,33.33,45,27.78,29,30.85,3822,A1,岡山,53.0,50.0,6.45,48.67,6.76,51.18,65,34.58,31,35.03,20.3,83.3,8.3,4.2,0.15,2.7,11.9,14.3,21.4,14.3,0.15,3.4,18.6,13.6,31.8,31.8,0.17,3.2,12.7,13.3,33.3,20.0,0.18,3.9,21.2,8.0,20.0,28.0,0.16,3.1,15.3,5.6,16.7,50.0,0.2,3.8,21.3,82.8,10.3,3.4,0.13,2.1,15.4,9.5,38.1,33.3,0.14,2.5,16.9,17.4,30.4,21.7,0.13,2.8,16.9,8.7,13.0,34.8,0.13,2.8,13.2,22.2,38.9,0.0,0.13,2.7,16.2,4.5,9.1,9.1,0.19,4.6,16.8,90.5,4.8,4.8,0.13,1.7,20.0,12.0,24.0,32.0,0.13,2.8,17.6,22.7,18.2,18.2,0.13,2.9,13.6,5.9,5.9,29.4,0.16,3.5,16.0,15.0,5.0,25.0,0.13,2.7,16.0,10.0,10.0,5.0,0.14,3.3,21.7,76.0,8.0,8.0,0.14,3.0,16.5,15.8,36.8,5.3,0.12,2.5,16.5,15.8,26.3,36.8,0.13,2.4,13.0,13.3,6.7,46.7,0.14,3.2,13.0,26.7,26.7,0.0,0.11,3.1,19.1,9.1,9.1,18.2,0.12,3.0,18.6,76.2,14.3,4.8,0.12,2.6,21.2,16.7,33.3,16.7,0.13,3.6,15.0,11.8,29.4,23.5,0.14,3.6,19.5,9.1,18.2,13.6,0.13,2.6,13.3,6.7,26.7,20.0,0.13,3.5,12.4,14.3,14.3,0.0,0.17,4.7,22.2,68.2,9.1,13.6,0.13,3.2,20.2,40.0,35.0,0.0,0.16,4.1,12.1,25.0,8.3,25.0,0.17,4.1,17.2,11.8,29.4,17.6,0.17,3.4,15.2,6.7,40.0,13.3,0.15,3.1,13.1,7.7,23.1,0.0,0.16,3.9
20261001,16,7,1800,4959,A1,大阪,30.0,53.0,7.52,57.03,7.73,66.67,57,32.73,18,34.83,4787,A1,群馬,38.0,53.0,7.65,65.67,6.56,44.44,50,39.82,50,36.98,4772,A1,香川,33.0,55.0,6.71,50.88,6.29,50.0,34,31.63,36,36.41,4831,A1,福岡,31.0,57.0,7.17,54.21,7.13,37.5,38,35.71,34,39.18,4166,A1,岡山,44.0,54.0,7.55,56.3,7.58,65.47,21,37.79,22,32.0,4677,A1,滋賀,38.0,53.0,5.99,43.55,5.92,44.74,36,35.29,27,32.14,19.6,77.8,11.1,0.0,0.14,3.4,20.3,21.4,28.6,14.3,0.17,4.2,14.5,25.0,30.0,25.0,0.15,3.4,16.7,8.7,30.4,21.7,0.13,3.0,15.2,19.0,19.0,4.8,0.15,4.3,13.8,21.1,21.1,0.0,0.15,4.4,21.9,76.0,12.0,0.0,0.15,3.0,16.7,42.1,26.3,21.1,0.12,2.4,16.7,26.3,26.3,21.1,0.13,2.9,14.0,12.5,31.2,12.5,0.16,3.4,16.7,15.8,15.8,26.3,0.13,2.2,14.0,6.2,12.5,12.5,0.16,3.6,19.4,79.2,8.3,8.3,0.11,2.0,14.5,11.1,50.0,11.1,0.11,2.8,20.2,20.0,28.0,12.0,0.11,2.0,15.3,15.8,26.3,21.1,0.08,1.7,16.9,4.8,19.0,28.6,0.11,2.3,13.7,11.8,11.8,0.0,0.14,3.4,19.4,70.0,15.0,10.0,0.13,3.5,15.5,25.0,43.8,6.2,0.16,3.7,14.6,26.7,20.0,26.7,0.13,2.6,17.5,5.6,27.8,44.4,0.14,3.1,20.4,4.8,9.5,23.8,0.16,3.9,12.6,15.4,0.0,0.0,0.17,3.9,21.4,75.0,21.4,3.6,0.13,2.4,16.0,19.0,28.6,19.0,0.14,3.0,13.7,11.1,38.9,16.7,0.12,2.9,16.8,13.6,18.2,31.8,0.12,2.7,17.6,8.7,4.3,17.4,0.11,2.7,14.5,5.3,5.3,31.6,0.13,3.1,21.9,57.1,14.3,19.0,0.15,2.6,14.6,14.3,28.6,28.6,0.17,3.6,17.7,17.6,29.4,41.2,0.14,3.2,15.6,40.0,20.0,0.0,0.13,2.1,18.8,16.7,16.7,27.8,0.17,3.3,11.5,27.3,27.3,0.0,0.18,4.1
20261001,16,8,1800,4659,A1,大阪,35.0,55.0,7.61,57.34,7.21,55.17,29,29.9,51,30.2,3908,A1,香川,48.0,57.0,5.96,40.0,7.1,58.33,15,28.57,54,36.79,4581,A1,静岡,37.0,52.0,6.52,48.76,6.44,51.22,26,29.68,71,42.79,3941,A1,愛知,48.0,53.0,7.68,47.24,8.61,78.57,25,27.65,65,35.23,4812,A1,徳島,36.0,50.0,7.79,67.37,0.0,0.0,35,43.72,59,32.83,4324,A1,山口,38.0,60.0,7.1,55.24,7.67,66.67,12,40.57,40,32.31,21.6,80.0,3.3,10.0,0.14,3.4,14.4,20.0,20.0,45.0,0.15,3.5,17.3,16.7,33.3,16.7,0.14,3.3,16.5,17.4,26.1,26.1,0.16,3.0,17.3,8.3,12.5,16.7,0.14,3.0,12.9,11.1,22.2,0.0,0.18,4.0,24.1,64.3,10.7,3.6,0.14,2.9,15.5,27.8,22.2,16.7,0.18,3.7,16.4,21.1,26.3,10.5,0.13,2.5,12.9,33.3,20.0,20.0,0.15,2.8,19.8,34.8,21.7,4.3,0.15,2.7,11.2,7.7,30.8,0.0,0.15,3.8,20.1,64.3,14.3,10.7,0.13,2.4,16.5,17.4,56.5,4.3,0.15,2.8,15.8,22.7,27.3,9.1,0.15,3.4,20.9,13.8,6.9,31.0,0.16,3.5,10.8,13.3,33.3,6.7,0.13,2.8,15.8,4.5,9.1,18.2,0.12,2.5,25.9,83.3,6.7,6.7,0.11,2.4,12.1,14.3,35.7,28.6,0.11,2.9,17.2,45.0,25.0,20.0,0.1,1.8,15.5,11.1,33.3,16.7,0.12,2.7,17.2,15.0,15.0,35.0,0.14,3.2,12.1,7.1,14.3,0.0,0.14,3.9,21.5,76.9,3.8,7.7,0.13,2.0,16.5,35.0,35.0,10.0,0.14,2.5,15.7,26.3,21.1,26.3,0.15,3.2,15.7,21.1,15.8,31.6,0.12,2.2,14.9,11.1,38.9,11.1,0.16,2.4,15.7,10.5,36.8,0.0,0.15,3.6,30.1,84.1,6.8,2.3,0.12,2.0,24.0,28.6,25.7,11.4,0.14,3.2,18.5,14.8,29.6,22.2,0.14,2.9,10.3,13.3,20.0,0.0,0.14,3.1,11.0,18.8,18.8,12.5,0.14,3.1,6.2,22.2,22.2,11.1,0.14,2.9
20261001,16,9,1800,4205,A1,広島,44.0,53.0,7.52,49.51,7.89,77.78,32,27.83,46,30.35,4397,A1,大阪,39.0,52.0,7.39,60.0,7.42,64.52,69,35.65,75,32.63,4686,A1,滋賀,35.0,54.0,7.91,53.91,7.09,45.45,63,31.7,61,31.68,4074,A1,愛知,45.0,51.0,6.5,45.86,6.7,41.67,17,38.64,44,32.66,4776,A1,香川,32.0,53.0,7.28,53.24,7.29,57.14,56,36.36,52,31.68,4503,A1,佐賀,38.0,52.0,7.98,63.31,7.89,66.67,64,33.95,57,34.0,23.5,66.7,20.8,4.2,0.12,3.7,16.7,11.8,29.4,23.5,0.13,3.6,16.7,17.6,29.4,17.6,0.13,2.7,12.7,30.8,15.4,23.1,0.12,2.3,16.7,11.8,47.1,17.6,0.16,3.5,13.7,7.1,7.1,21.4,0.16,4.1,19.3,84.6,7.7,7.7,0.14,2.6,17.8,12.5,20.8,16.7,0.13,3.0,17.8,8.3,33.3,25.0,0.12,3.0,18.5,12.0,20.0,20.0,0.12,2.9,16.3,18.2,18.2,18.2,0.15,3.5,10.4,21.4,0.0,0.0,0.14,4.0,19.0,75.0,8.3,4.2,0.13,2.7,17.5,9.1,27.3,13.6,0.16,3.9,19.0,12.5,20.8,33.3,0.12,2.9,13.5,11.8,41.2,11.8,0.12,2.2,18.3,13.0,13.0,17.4,0.17,3.3,12.7,6.2,6.2,12.5,0.11,3.4,17.9,66.7,14.3,4.8,0.12,2.2,16.2,15.8,42.1,15.8,0.15,3.3,20.5,12.5,37.5,20.8,0.12,2.3,19.7,4.3,26.1,34.8,0.14,3.0,14.5,29.4,5.9,0.0,0.15,3.4,11.1,7.7,23.1,0.0,0.14,2.8,22.7,75.0,12.5,3.1,0.13,2.7,17.0,29.2,37.5,20.8,0.15,2.8,16.3,21.7,43.5,26.1,0.16,2.7,12.8,38.9,5.6,0.0,0.19,3.4,17.7,8.0,4.0,28.0,0.16,3.8,13.5,31.6,0.0,0.0,0.16,3.4,21.4,85.2,11.1,0.0,0.1,2.0,15.1,10.5,21.1,15.8,0.11,2.1,12.7,25.0,37.5,6.2,0.1,2.1,19.0,12.5,37.5,12.5,0.12,2.0,18.3,17.4,34.8,21.7,0.12,2.3,13.5,11.8,5.9,0.0,0.12,3.2
20261001,16,10,1800,4586,A1,愛知,36.0,55.0,7.67,53.79,0.0,0.0,55,47.93,17,37.69,3783,A1,福岡,50.0,54.0,6.77,39.01,0.0,0.0,42,31.48,64,38.74,3984,A1,三重,48.0,54.0,6.03,36.99,0.0,0.0,37,34.11,23,33.33,3779,A1,長崎,50.0,52.0,6.5,37.61,6.8,60.0,66,34.55,66,33.67,3960,A1,静岡,48.0,55.0,6.7,39.84,6.79,47.37,54,30.29,38,42.93,4370,A1,岡山,39.0,52.0,6.81,56.25,6.62,53.02,30,37.67,47,30.41,18.0,70.0,20.0,0.0,0.12,2.5,16.2,50.0,11.1,0.0,0.12,2.3,15.3,5.9,35.3,11.8,0.12,2.4,18.0,10.0,35.0,25.0,0.13,2.4,16.2,22.2,22.2,5.6,0.13,2.9,16.2,11.1,5.6,22.2,0.13,3.4,21.7,53.6,17.9,10.7,0.16,3.5,13.2,17.6,11.8,11.8,0.14,3.9,20.2,23.1,26.9,26.9,0.17,3.9,13.2,23.5,47.1,0.0,0.16,3.4,18.6,4.2,12.5,16.7,0.15,3.7,13.2,5.9,17.6,0.0,0.13,3.6,23.9,78.8,12.1,6.1,0.15,2.4,16.7,8.7,39.1,21.7,0.18,3.3,15.9,22.7,27.3,31.8,0.17,3.1,16.7,17.4,17.4,21.7,0.16,3.5,15.9,18.2,9.1,40.9,0.19,3.7,10.9,33.3,0.0,0.0,0.2,4.4,20.4,69.6,0.0,0.0,0.13,3.0,13.3,6.7,20.0,26.7,0.12,2.6,22.1,28.0,16.0,8.0,0.11,2.0,18.6,9.5,19.0,23.8,0.12,2.5,13.3,13.3,6.7,6.7,0.12,2.7,12.4,7.1,14.3,0.0,0.13,3.4,22.2,71.4,10.7,7.1,0.11,1.8,15.9,15.0,25.0,15.0,0.12,2.5,15.1,21.1,10.5,15.8,0.11,2.1,19.0,8.3,33.3,4.2,0.1,2.0,16.7,14.3,14.3,33.3,0.11,2.7,11.1,7.1,0.0,0.0,0.14,3.4,20.7,69.6,8.7,8.7,0.13,2.8,14.4,12.5,37.5,18.8,0.14,2.7,25.2,32.1,28.6,10.7,0.13,2.6,17.1,26.3,5.3,26.3,0.15,3.5,10.8,16.7,16.7,16.7,0.15,3.2,11.7,23.1,0.0,0.0,0.14,4.3
20261001,16,11,1800,4371,A1,福岡,39.0,53.0,7.16,44.35,6.44,33.33,45,27.78,29,30.85,4584,A1,岡山,36.0,53.0,6.73,47.0,6.95,53.42,19,41.67,41,30.85,4980,A1,山口,30.0,50.0,6.97,50.82,6.8,46.43,11,29.82,69,30.96,4497,A1,長崎,39.0,54.0,7.47,57.14,8.0,80.0,31,32.73,33,38.66,4445,A1,佐賀,39.0,55.0,7.11,46.23,6.56,40.74,18,31.16,43,38.19,4502,A1,滋賀,38.0,46.0,7.4,53.44,8.1,65.0,67,30.91,39,37.81,18.6,76.2,14.3,4.8,0.12,2.6,21.2,16.7,33.3,16.7,0.13,3.6,15.0,11.8,29.4,23.5,0.14,3.6,19.5,9.1,18.2,13.6,0.13,2.6,13.3,6.7,26.7,20.0,0.13,3.5,12.4,14.3,14.3,0.0,0.17,4.7,23.9,57.7,23.1,7.7,0.1,2.0,13.8,13.3,33.3,20.0,0.14,2.7,11.9,30.8,38.5,0.0,0.12,2.1,16.5,5.6,22.2,38.9,0.1,2.8,19.3,4.8,28.6,28.6,0.12,2.2,14.7,25.0,25.0,0.0,0.12,2.4,22.0,82.1,14.3,0.0,0.15,2.6,14.2,11.1,44.4,16.7,0.15,3.6,17.3,13.6,36.4,13.6,0.14,2.9,11.8,6.7,46.7,13.3,0.16,3.3,15.0,21.1,15.8,15.8,0.18,3.2,19.7,8.0,8.0,20.0,0.17,4.6,23.4,76.9,7.7,7.7,0.13,2.3,20.7,21.7,21.7,13.0,0.14,3.0,15.3,29.4,5.9,11.8,0.12,2.1,12.6,21.4,14.3,0.0,0.16,2.9,15.3,5.9,23.5,23.5,0.14,2.9,12.6,14.3,21.4,28.6,0.15,3.4,18.0,91.3,4.3,4.3,0.12,2.9,15.6,10.0,25.0,30.0,0.12,2.5,10.9,7.1,50.0,14.3,0.11,2.0,18.0,13.0,17.4,13.0,0.11,2.8,18.0,4.3,8.7,30.4,0.13,2.9,19.5,20.0,0.0,0.0,0.12,3.2,23.6,65.4,15.4,3.8,0.14,2.8,15.5,29.4,23.5,23.5,0.14,3.0,14.5,12.5,37.5,25.0,0.12,2.3,16.4,16.7,27.8,33.3,0.13,2.8,15.5,17.6,17.6,17.6,0.14,3.1,14.5,6.2,37.5,0.0,0.15,4.1
20261001,16,12,1800,4444,A1,埼玉,39.0,51.0,7.39,41.41,7.35,62.16,20,47.27,56,32.99,4361,A1,山口,41.0,52.0,7.27,55.28,6.63,42.11,59,27.98,15,40.51,4762,A1,岡山,36.0,50.0,7.36,56.06,7.52,58.18,58,33.82,49,46.63,4320,A1,佐賀,41.0,51.0,8.71,62.11,8.11,55.56,44,40.0,25,32.84,4787,A1,群馬,38.0,53.0,7.65,65.67,6.56,44.44,50,39.82,50,36.98,4960,A1,愛知,30.0,52.0,7.19,55.07,6.41,44.12,39,38.07,73,34.34,23.1,58.3,25.0,0.0,0.12,2.5,14.4,13.3,40.0,13.3,0.13,2.8,13.5,21.4,7.1,28.6,0.12,3.2,18.3,10.5,36.8,31.6,0.12,3.6,13.5,7.1,21.4,14.3,0.15,3.4,17.3,5.6,38.9,0.0,0.14,4.1,24.5,76.0,8.0,4.0,0.13,2.5,15.7,31.2,25.0,12.5,0.14,2.8,12.7,15.4,30.8,23.1,0.14,2.3,17.6,33.3,16.7,33.3,0.16,3.1,13.7,14.3,28.6,0.0,0.16,3.5,15.7,6.2,18.8,12.5,0.15,3.4,21.7,76.0,8.0,8.0,0.14,3.0,16.5,15.8,36.8,5.3,0.12,2.5,16.5,15.8,26.3,36.8,0.13,2.4,13.0,13.3,6.7,46.7,0.14,3.2,13.0,26.7,26.7,0.0,0.11,3.1,19.1,9.1,9.1,18.2,0.12,3.0,24.8,84.6,7.7,7.7,0.13,2.8,19.0,20.0,30.0,15.0,0.13,3.5,16.2,11.8,29.4,47.1,0.12,2.4,18.1,15.8,31.6,36.8,0.13,2.8,11.4,25.0,25.0,0.0,0.14,3.8,10.5,9.1,45.5,0.0,0.13,3.6,21.9,76.0,12.0,0.0,0.15,3.0,16.7,42.1,26.3,21.1,0.12,2.4,16.7,26.3,26.3,21.1,0.13,2.9,14.0,12.5,31.2,12.5,0.16,3.4,16.7,15.8,15.8,26.3,0.13,2.2,14.0,6.2,12.5,12.5,0.16,3.6,22.5,92.6,7.4,0.0,0.14,1.8,13.3,18.8,68.8,0.0,0.17,3.4,17.5,19.0,14.3,28.6,0.13,2.7,16.7,35.0,50.0,0.0,0.14,2.4,17.5,23.8,23.8,4.8,0.12,2.6,12.5,13.3,33.3,26.7,0.15,2.9
20261001,15,1,1800,5354,B1,三重,21.0,52.0,4.49,24.49,0.0,0.0,58,0.0,51,32.56,5206,B1,岡山,29.0,53.0,4.49,18.48,5.46,33.33,49,33.33,19,39.13,5333,B2,兵庫,22.0,50.0,3.68,16.44,1.6,0.0,45,37.5,31,52.5,4511,B1,香川,37.0,57.0,4.65,23.66,4.72,23.33,50,87.5,34,41.3,5346,B1,愛知,23.0,47.0,3.27,7.32,2.0,0.0,33,0.0,66,45.0,5418,B2,大阪,20.0,58.0,1.05,0.0,1.0,0.0,10,16.67,23,28.57,0.0,0.0,0.0,0.0,0.0,0.0,0.0,0.0,0.0,0.0,0.0,0.0,0.0,0.0,0.0,0.0,0.0,0.0,28.8,4.3,8.7,4.3,0.21,4.1,28.8,8.7,13.0,0.0,0.19,3.5,42.5,2.9,5.9,8.8,0.18,3.5,13.3,20.0,30.0,10.0,0.16,2.5,21.3,6.2,25.0,6.2,0.15,3.3,17.3,30.8,15.4,0.0,0.15,3.2,18.7,21.4,14.3,0.0,0.16,3.4,16.0,8.3,16.7,0.0,0.17,3.3,13.3,10.0,0.0,0.0,0.12,2.6,6.7,66.7,33.3,0.0,0.17,2.3,22.2,20.0,10.0,0.0,0.2,3.2,22.2,30.0,20.0,0.0,0.22,3.9,22.2,10.0,10.0,10.0,0.21,2.3,13.3,16.7,33.3,0.0,0.18,3.7,13.3,33.3,0.0,0.0,0.21,3.8,15.6,33.3,26.7,26.7,0.14,2.4,15.6,6.7,33.3,0.0,0.22,3.9,14.6,14.3,28.6,0.0,0.17,2.7,18.8,11.1,22.2,22.2,0.19,3.1,17.7,41.2,0.0,0.0,0.17,3.6,17.7,11.8,17.6,0.0,0.18,4.6,0.0,0.0,0.0,0.0,0.0,0.0,0.0,0.0,0.0,0.0,0.0,0.0,2.5,100.0,0.0,0.0,0.18,5.0,29.6,4.2,20.8,0.0,0.2,4.3,34.6,3.6,10.7,0.0,0.23,3.9,33.3,3.7,0.0,0.0,0.22,4.2,0.0,0.0,0.0,0.0,0.0,0.0,0.0,0.0,0.0,0.0,0.0,0.0,0.0,0.0,0.0,0.0,0.0,0.0,4.2,0.0,0.0,0.0,0.18,5.3,19.7,0.0,0.0,0.0,0.23,4.7,76.1,0.0,0.0,0.0,0.19,3.8
20261001,15,2,1800,3305,B1,岡山,58.0,54.0,3.5,13.64,4.06,22.58,31,0.0,55,30.77,4821,B1,香川,34.0,55.0,5.03,29.59,5.07,31.25,25,0.0,21,27.91,5027,B1,山口,29.0,53.0,4.49,26.53,4.35,15.0,12,37.5,65,32.65,5026,A1,佐賀,31.0,56.0,6.42,48.84,6.7,45.0,11,44.44,24,52.27,4281,B1,埼玉,42.0,53.0,5.14,28.85,6.0,41.67,34,25.0,38,34.15,5464,B2,福岡,19.0,49.0,1.25,0.0,0.0,0.0,36,22.22,28,25.0,19.0,62.5,12.5,6.2,0.18,3.5,17.9,20.0,6.7,0.0,0.17,3.5,13.1,27.3,27.3,0.0,0.17,3.2,16.7,7.1,14.3,0.0,0.16,2.7,19.0,12.5,6.2,0.0,0.16,2.6,14.3,8.3,0.0,0.0,0.18,3.9,12.0,36.4,27.3,9.1,0.18,4.2,18.5,23.5,17.6,0.0,0.2,4.6,16.3,20.0,26.7,26.7,0.2,4.5,17.4,12.5,25.0,18.8,0.18,4.6,21.7,15.0,10.0,25.0,0.19,4.4,14.1,7.7,15.4,0.0,0.21,4.0,14.7,35.3,23.5,11.8,0.19,2.7,15.5,16.7,44.4,0.0,0.2,3.2,19.8,21.7,26.1,0.0,0.19,3.3,19.8,8.7,13.0,8.7,0.2,3.8,12.9,6.7,13.3,33.3,0.21,3.4,17.2,10.0,15.0,0.0,0.22,4.8,17.0,84.2,10.5,0.0,0.15,2.8,17.0,10.5,26.3,21.1,0.17,4.0,14.3,12.5,43.8,25.0,0.14,2.8,19.6,13.6,40.9,13.6,0.15,3.2,17.0,15.8,15.8,15.8,0.16,3.4,15.2,5.9,5.9,5.9,0.18,4.1,16.5,60.0,20.0,13.3,0.15,2.3,17.6,6.2,25.0,31.2,0.17,3.1,17.6,6.2,18.8,18.8,0.17,3.3,15.4,7.1,7.1,21.4,0.17,3.2,18.7,11.8,17.6,0.0,0.19,3.9,14.3,15.4,0.0,0.0,0.17,4.2,0.0,0.0,0.0,0.0,0.0,0.0,0.0,0.0,0.0,0.0,0.0,0.0,0.0,0.0,0.0,0.0,0.0,0.0,0.0,0.0,0.0,0.0,0.0,0.0,0.0,0.0,0.0,0.0,0.0,0.0,0.0,0.0,0.0,0.0,0.0,0.0
20261001,15,3,1800,3161,B1,大阪,66.0,53.0,4.91,26.25,4.75,21.43,32,0.0,41,43.18,4580,B1,岡山,37.0,53.0,5.82,38.95,6.25,50.0,13,30.0,61,36.96,5348,B1,広島,22.0,54.0,5.79,40.0,3.44,22.22,48,55.56,53,36.96,5207,B1,福岡,29.0,53.0,5.19,35.23,4.78,38.89,39,40.0,60,24.14,4064,A1,山口,46.0,52.0,6.45,47.71,6.77,40.0,60,0.0,25,38.1,5471,B2,大阪,17.0,48.0,1.54,0.0,0.0,0.0,9,0.0,3,39.02,16.8,31.2,37.5,6.2,0.17,2.9,17.9,5.9,41.2,23.5,0.21,3.7,25.3,25.0,20.8,0.0,0.22,4.1,22.1,4.8,33.3,14.3,0.17,3.4,17.9,17.6,17.6,0.0,0.18,4.2,0.0,0.0,0.0,0.0,0.0,0.0,14.6,50.0,27.8,5.6,0.15,2.8,14.6,11.1,50.0,16.7,0.18,3.2,20.3,16.0,16.0,32.0,0.15,3.1,17.1,4.8,14.3,33.3,0.17,3.5,17.1,19.0,28.6,0.0,0.19,3.6,16.3,5.0,15.0,0.0,0.16,3.1,2.9,0.0,0.0,0.0,0.18,3.0,1.4,0.0,0.0,0.0,0.27,6.0,1.4,0.0,0.0,0.0,0.23,3.0,24.3,17.6,17.6,17.6,0.14,2.7,25.7,5.6,16.7,27.8,0.16,3.1,44.3,12.9,3.2,0.0,0.17,3.0,11.3,75.0,12.5,12.5,0.18,3.1,18.3,30.8,15.4,0.0,0.18,3.9,21.1,6.7,6.7,26.7,0.16,3.6,14.1,30.0,10.0,0.0,0.16,3.0,21.1,6.7,13.3,13.3,0.15,2.9,14.1,10.0,0.0,0.0,0.14,3.0,23.0,82.1,7.1,3.6,0.14,2.6,13.1,12.5,31.2,25.0,0.14,3.1,20.5,40.0,28.0,0.0,0.18,3.4,15.6,15.8,15.8,36.8,0.16,3.4,13.1,6.2,43.8,0.0,0.19,3.6,14.8,16.7,27.8,0.0,0.22,4.7,0.0,0.0,0.0,0.0,0.0,0.0,0.0,0.0,0.0,0.0,0.0,0.0,0.0,0.0,0.0,0.0,0.0,0.0,0.0,0.0,0.0,0.0,0.0,0.0,0.0,0.0,0.0,0.0,0.0,0.0,0.0,0.0,0.0,0.0,0.0,0.0
20261001,15,4,1800,4630,A2,愛知,39.0,53.0,5.29,33.73,6.0,34.69,27,0.0,12,21.21,3869,B1,福岡,51.0,53.0,4.3,23.38,4.57,14.29,40,22.22,52,45.45,5359,B1,東京,20.0,55.0,4.6,31.17,4.9,35.0,6,25.0,54,45.45,3977,B1,大阪,49.0,53.0,4.4,16.81,5.2,30.0,30,0.0,49,33.33,4300,B1,三重,43.0,51.0,5.27,37.27,4.6,26.67,37,25.0,27,50.0,3898,A1,福岡,49.0,54.0,7.72,65.94,7.48,58.7,5,33.33,8,30.23,21.1,60.9,17.4,17.4,0.18,4.0,13.8,20.0,26.7,20.0,0.17,3.8,16.5,11.1,16.7,38.9,0.2,3.4,15.6,5.9,23.5,29.4,0.18,3.6,14.7,18.8,25.0,0.0,0.19,4.1,18.3,10.0,15.0,0.0,0.2,4.8,11.5,44.4,22.2,0.0,0.15,3.2,19.2,13.3,20.0,0.0,0.2,4.8,17.9,7.1,35.7,0.0,0.2,3.7,17.9,14.3,21.4,0.0,0.2,4.6,19.2,6.7,13.3,0.0,0.14,3.6,14.1,0.0,0.0,0.0,0.21,4.6,12.8,36.4,27.3,0.0,0.19,3.9,20.9,22.2,16.7,27.8,0.16,3.5,15.1,38.5,23.1,0.0,0.15,2.6,17.4,6.7,6.7,6.7,0.18,3.5,19.8,11.8,11.8,17.6,0.17,3.6,14.0,8.3,33.3,0.0,0.21,4.3,13.1,28.6,7.1,42.9,0.17,3.4,16.8,11.1,16.7,11.1,0.19,4.0,18.7,5.0,10.0,30.0,0.17,3.0,20.6,9.1,4.5,18.2,0.17,3.5,14.0,13.3,13.3,0.0,0.21,4.5,16.8,5.6,16.7,0.0,0.19,4.0,17.3,47.4,21.1,5.3,0.17,2.5,19.1,14.3,28.6,14.3,0.17,3.2,15.5,5.9,11.8,41.2,0.16,3.5,18.2,15.0,25.0,0.0,0.18,3.1,17.3,5.3,5.3,21.1,0.19,3.9,12.7,28.6,0.0,0.0,0.21,3.9,22.4,77.3,9.1,4.5,0.13,2.6,17.3,17.6,41.2,17.6,0.17,3.4,15.3,13.3,33.3,20.0,0.16,2.9,16.3,25.0,18.8,25.0,0.17,4.3,19.4,5.3,21.1,36.8,0.21,4.2,9.2,22.2,11.1,22.2,0.17,2.9
20261001,15,5,1800,4754,A2,三重,38.0,52.0,6.43,44.37,5.33,25.93,63,0.0,11,27.78,5231,B1,山口,22.0,46.0,6.31,44.71,4.33,33.33,29,0.0,44,33.33,3775,B1,岡山,52.0,59.0,3.85,20.75,5.19,38.46,24,0.0,33,26.67,5418,B2,大阪,20.0,58.0,1.05,0.0,1.0,0.0,10,16.67,23,28.57,4823,A2,香川,33.0,44.0,6.76,52.34,6.51,51.02,3,0.0,63,27.03,4514,A1,大阪,36.0,53.0,6.41,53.15,6.98,57.5,65,0.0,14,42.86,17.9,66.7,6.7,6.7,0.17,2.9,15.5,23.1,46.2,7.7,0.16,4.1,19.0,18.8,18.8,6.2,0.12,3.0,16.7,7.1,21.4,14.3,0.15,3.5,20.2,23.5,11.8,0.0,0.14,3.1,10.7,11.1,0.0,0.0,0.18,4.0,16.2,50.0,25.0,0.0,0.15,3.3,16.2,33.3,25.0,0.0,0.18,3.2,21.6,18.8,25.0,6.2,0.15,3.0,9.5,28.6,0.0,0.0,0.22,3.7,16.2,8.3,8.3,0.0,0.17,3.8,20.3,6.7,0.0,0.0,0.18,4.5,12.4,36.4,36.4,9.1,0.16,3.3,18.0,12.5,12.5,0.0,0.18,3.7,14.6,23.1,15.4,0.0,0.15,3.7,16.9,26.7,0.0,0.0,0.18,3.5,18.0,25.0,0.0,0.0,0.2,4.2,20.2,5.6,16.7,0.0,0.2,4.1,0.0,0.0,0.0,0.0,0.0,0.0,0.0,0.0,0.0,0.0,0.0,0.0,0.0,0.0,0.0,0.0,0.0,0.0,4.2,0.0,0.0,0.0,0.18,5.3,19.7,0.0,0.0,0.0,0.23,4.7,76.1,0.0,0.0,0.0,0.19,3.8,17.0,70.6,5.9,11.8,0.13,2.1,13.0,15.4,46.2,15.4,0.14,2.5,23.0,26.1,8.7,17.4,0.12,2.3,17.0,29.4,17.6,11.8,0.12,2.2,16.0,18.8,25.0,0.0,0.15,3.3,14.0,7.1,35.7,0.0,0.15,3.6,23.1,74.2,12.9,6.5,0.16,3.2,17.9,20.8,29.2,4.2,0.2,4.3,17.9,33.3,25.0,20.8,0.19,3.6,16.4,18.2,22.7,36.4,0.21,4.1,11.2,26.7,13.3,0.0,0.19,3.9,13.4,11.1,33.3,0.0,0.2,4.5
20261001,15,6,1800,4191,A1,埼玉,45.0,54.0,6.59,50.0,5.41,37.5,61,0.0,58,35.29,4511,B1,香川,37.0,57.0,4.65,23.66,4.72,23.33,50,87.5,34,41.3,4672,B1,岡山,40.0,52.0,4.41,27.62,4.37,21.05,38,66.67,62,37.21,5177,B1,福岡,30.0,50.0,4.49,20.83,3.22,0.0,35,25.0,48,44.44,3484,A2,兵庫,54.0,53.0,5.99,46.02,6.17,47.83,1,44.44,39,28.26,4095,A1,東京,45.0,51.0,6.98,55.93,7.3,50.0,7,11.11,22,25.0,17.5,58.8,23.5,5.9,0.17,3.2,23.7,39.1,13.0,17.4,0.16,3.3,16.5,37.5,18.8,12.5,0.16,2.9,16.5,6.2,43.8,18.8,0.17,3.6,17.5,5.9,23.5,23.5,0.14,3.0,8.2,25.0,0.0,0.0,0.16,4.0,15.6,33.3,26.7,26.7,0.14,2.4,15.6,6.7,33.3,0.0,0.22,3.9,14.6,14.3,28.6,0.0,0.17,2.7,18.8,11.1,22.2,22.2,0.19,3.1,17.7,41.2,0.0,0.0,0.17,3.6,17.7,11.8,17.6,0.0,0.18,4.6,14.4,33.3,20.0,0.0,0.17,3.7,16.3,5.9,23.5,23.5,0.19,3.9,16.3,17.6,23.5,0.0,0.22,4.6,20.2,9.5,9.5,14.3,0.2,4.3,20.2,4.8,19.0,0.0,0.16,3.1,12.5,15.4,7.7,0.0,0.15,3.5,9.2,33.3,11.1,44.4,0.17,3.9,20.4,5.0,10.0,25.0,0.19,4.4,19.4,5.3,21.1,5.3,0.21,4.6,16.3,18.8,0.0,0.0,0.21,4.7,22.4,13.6,22.7,0.0,0.2,4.5,12.2,8.3,0.0,0.0,0.2,4.9,21.5,58.6,17.2,10.3,0.16,2.8,15.6,28.6,28.6,19.0,0.17,3.0,17.8,16.7,37.5,8.3,0.17,2.8,14.8,20.0,25.0,20.0,0.15,2.7,17.8,4.2,16.7,25.0,0.18,3.8,12.6,5.9,0.0,0.0,0.18,4.4,25.5,77.8,16.7,0.0,0.12,2.0,12.8,27.8,16.7,27.8,0.14,2.4,12.8,16.7,50.0,11.1,0.13,2.3,21.3,16.7,30.0,20.0,0.16,2.3,14.9,14.3,28.6,23.8,0.12,2.3,12.8,11.1,33.3,22.2,0.13,2.7
20261001,15,7,1800,4053,A2,東京,48.0,57.0,5.36,33.7,6.77,56.67,28,0.0,57,25.0,5262,B1,愛知,28.0,53.0,4.07,18.31,3.14,7.14,57,0.0,17,31.11,5346,B1,愛知,23.0,47.0,3.27,7.32,2.0,0.0,33,0.0,66,45.0,5206,B1,岡山,29.0,53.0,4.49,18.48,5.46,33.33,49,33.33,19,39.13,5010,A2,三重,29.0,55.0,5.68,39.32,6.0,0.0,26,0.0,56,37.21,4545,A1,福岡,38.0,58.0,7.07,58.2,7.33,71.43,47,25.0,16,23.81,17.7,63.6,13.6,9.1,0.17,2.7,14.5,27.8,44.4,11.1,0.15,2.6,21.0,19.2,15.4,34.6,0.15,2.4,21.8,11.1,18.5,18.5,0.18,3.3,11.3,7.1,35.7,28.6,0.14,2.7,13.7,5.9,11.8,0.0,0.17,2.9,15.9,7.1,35.7,14.3,0.2,4.1,18.2,12.5,12.5,37.5,0.18,3.7,19.3,29.4,47.1,0.0,0.14,2.6,13.6,16.7,8.3,0.0,0.2,3.9,20.5,27.8,11.1,0.0,0.2,4.3,12.5,18.2,0.0,0.0,0.24,4.9,0.0,0.0,0.0,0.0,0.0,0.0,0.0,0.0,0.0,0.0,0.0,0.0,2.5,100.0,0.0,0.0,0.18,5.0,29.6,4.2,20.8,0.0,0.2,4.3,34.6,3.6,10.7,0.0,0.23,3.9,33.3,3.7,0.0,0.0,0.22,4.2,13.3,20.0,30.0,10.0,0.16,2.5,21.3,6.2,25.0,6.2,0.15,3.3,17.3,30.8,15.4,0.0,0.15,3.2,18.7,21.4,14.3,0.0,0.16,3.4,16.0,8.3,16.7,0.0,0.17,3.3,13.3,10.0,0.0,0.0,0.12,2.6,21.3,66.7,20.0,10.0,0.11,2.1,19.1,3.7,18.5,29.6,0.16,2.7,13.5,5.3,31.6,21.1,0.13,2.4,19.1,14.8,18.5,7.4,0.14,2.5,14.9,4.8,14.3,19.0,0.15,3.1,12.1,11.8,11.8,0.0,0.14,3.3,21.3,90.0,3.3,0.0,0.15,2.7,15.6,31.8,31.8,18.2,0.15,3.0,14.2,20.0,30.0,30.0,0.15,3.3,16.3,17.4,17.4,34.8,0.15,2.5,15.6,22.7,13.6,18.2,0.15,3.1,17.0,8.3,16.7,20.8,0.15,3.4
20261001,15,8,1800,4260,B1,香川,42.0,54.0,5.78,44.88,5.5,36.3,8,50.0,30,21.05,5333,B2,兵庫,22.0,50.0,3.68,16.44,1.6,0.0,45,37.5,31,52.5,5098,B1,愛知,30.0,53.0,5.08,33.33,4.88,34.62,64,0.0,2,60.98,4925,A2,兵庫,33.0,53.0,6.05,40.18,5.54,36.96,44,12.5,43,34.09,4580,B1,岡山,37.0,53.0,5.82,38.95,6.25,50.0,13,30.0,61,36.96,4193,A2,福岡,45.0,52.0,6.15,44.85,4.82,27.27,4,44.44,37,38.1,15.4,50.0,31.2,6.2,0.16,3.5,17.3,11.1,22.2,11.1,0.19,4.2,14.4,20.0,13.3,6.7,0.2,4.7,15.4,18.8,12.5,18.8,0.19,3.9,21.2,27.3,13.6,0.0,0.19,4.5,16.3,5.9,0.0,0.0,0.19,4.2,6.7,66.7,33.3,0.0,0.17,2.3,22.2,20.0,10.0,0.0,0.2,3.2,22.2,30.0,20.0,0.0,0.22,3.9,22.2,10.0,10.0,10.0,0.21,2.3,13.3,16.7,33.3,0.0,0.18,3.7,13.3,33.3,0.0,0.0,0.21,3.8,13.0,30.8,7.7,38.5,0.13,2.5,18.0,11.1,16.7,33.3,0.17,2.9,16.0,18.8,18.8,31.2,0.14,2.6,21.0,33.3,14.3,14.3,0.13,2.5,18.0,22.2,0.0,0.0,0.17,3.7,14.0,14.3,7.1,0.0,0.15,3.1,18.9,66.7,9.5,9.5,0.15,2.8,15.3,47.1,29.4,0.0,0.15,3.2,16.2,11.1,16.7,22.2,0.15,3.2,17.1,5.3,5.3,21.1,0.15,3.6,15.3,11.8,11.8,11.8,0.16,3.5,17.1,5.3,26.3,0.0,0.17,3.4,14.6,50.0,27.8,5.6,0.15,2.8,14.6,11.1,50.0,16.7,0.18,3.2,20.3,16.0,16.0,32.0,0.15,3.1,17.1,4.8,14.3,33.3,0.17,3.5,17.1,19.0,28.6,0.0,0.19,3.6,16.3,5.0,15.0,0.0,0.16,3.1,16.8,50.0,20.8,16.7,0.11,2.5,19.6,21.4,39.3,14.3,0.15,2.6,16.1,26.1,39.1,21.7,0.15,2.7,17.5,16.0,12.0,36.0,0.14,2.7,16.1,8.7,0.0,0.0,0.18,3.8,14.0,5.0,5.0,10.0,0.16,3.7
20261001,15,9,1800,4514,A1,大阪,36.0,53.0,6.41,53.15,6.98,57.5,65,0.0,14,42.86,4064,A1,山口,46.0,52.0,6.45,47.71,6.77,40.0,60,0.0,25,38.1,5026,A1,佐賀,31.0,56.0,6.42,48.84,6.7,45.0,11,44.44,24,52.27,5359,B1,東京,20.0,55.0,4.6,31.17,4.9,35.0,6,25.0,54,45.45,4754,A2,三重,38.0,52.0,6.43,44.37,5.33,25.93,63,0.0,11,27.78,5354,B1,三重,21.0,52.0,4.49,24.49,0.0,0.0,58,0.0,51,32.56,23.1,74.2,12.9,6.5,0.16,3.2,17.9,20.8,29.2,4.2,0.2,4.3,17.9,33.3,25.0,20.8,0.19,3.6,16.4,18.2,22.7,36.4,0.21,4.1,11.2,26.7,13.3,0.0,0.19,3.9,13.4,11.1,33.3,0.0,0.2,4.5,23.0,82.1,7.1,3.6,0.14,2.6,13.1,12.5,31.2,25.0,0.14,3.1,20.5,40.0,28.0,0.0,0.18,3.4,15.6,15.8,15.8,36.8,0.16,3.4,13.1,6.2,43.8,0.0,0.19,3.6,14.8,16.7,27.8,0.0,0.22,4.7,17.0,84.2,10.5,0.0,0.15,2.8,17.0,10.5,26.3,21.1,0.17,4.0,14.3,12.5,43.8,25.0,0.14,2.8,19.6,13.6,40.9,13.6,0.15,3.2,17.0,15.8,15.8,15.8,0.16,3.4,15.2,5.9,5.9,5.9,0.18,4.1,12.8,36.4,27.3,0.0,0.19,3.9,20.9,22.2,16.7,27.8,0.16,3.5,15.1,38.5,23.1,0.0,0.15,2.6,17.4,6.7,6.7,6.7,0.18,3.5,19.8,11.8,11.8,17.6,0.17,3.6,14.0,8.3,33.3,0.0,0.21,4.3,17.9,66.7,6.7,6.7,0.17,2.9,15.5,23.1,46.2,7.7,0.16,4.1,19.0,18.8,18.8,6.2,0.12,3.0,16.7,7.1,21.4,14.3,0.15,3.5,20.2,23.5,11.8,0.0,0.14,3.1,10.7,11.1,0.0,0.0,0.18,4.0,0.0,0.0,0.0,0.0,0.0,0.0,0.0,0.0,0.0,0.0,0.0,0.0,0.0,0.0,0.0,0.0,0.0,0.0,28.8,4.3,8.7,4.3,0.21,4.1,28.8,8.7,13.0,0.0,0.19,3.5,42.5,2.9,5.9,8.8,0.18,3.5
20261001,15,10,1800,4095,A1,東京,45.0,51.0,6.98,55.93,7.3,50.0,7,11.11,22,25.0,3898,A1,福岡,49.0,54.0,7.72,65.94,7.48,58.7,5,33.33,8,30.23,4630,A2,愛知,39.0,53.0,5.29,33.73,6.0,34.69,27,0.0,12,21.21,3775,B1,岡山,52.0,59.0,3.85,20.75,5.19,38.46,24,0.0,33,26.67,4821,B1,香川,34.0,55.0,5.03,29.59,5.07,31.25,25,0.0,21,27.91,4191,A1,埼玉,45.0,54.0,6.59,50.0,5.41,37.5,61,0.0,58,35.29,25.5,77.8,16.7,0.0,0.12,2.0,12.8,27.8,16.7,27.8,0.14,2.4,12.8,16.7,50.0,11.1,0.13,2.3,21.3,16.7,30.0,20.0,0.16,2.3,14.9,14.3,28.6,23.8,0.12,2.3,12.8,11.1,33.3,22.2,0.13,2.7,22.4,77.3,9.1,4.5,0.13,2.6,17.3,17.6,41.2,17.6,0.17,3.4,15.3,13.3,33.3,20.0,0.16,2.9,16.3,25.0,18.8,25.0,0.17,4.3,19.4,5.3,21.1,36.8,0.21,4.2,9.2,22.2,11.1,22.2,0.17,2.9,21.1,60.9,17.4,17.4,0.18,4.0,13.8,20.0,26.7,20.0,0.17,3.8,16.5,11.1,16.7,38.9,0.2,3.4,15.6,5.9,23.5,29.4,0.18,3.6,14.7,18.8,25.0,0.0,0.19,4.1,18.3,10.0,15.0,0.0,0.2,4.8,12.4,36.4,36.4,9.1,0.16,3.3,18.0,12.5,12.5,0.0,0.18,3.7,14.6,23.1,15.4,0.0,0.15,3.7,16.9,26.7,0.0,0.0,0.18,3.5,18.0,25.0,0.0,0.0,0.2,4.2,20.2,5.6,16.7,0.0,0.2,4.1,12.0,36.4,27.3,9.1,0.18,4.2,18.5,23.5,17.6,0.0,0.2,4.6,16.3,20.0,26.7,26.7,0.2,4.5,17.4,12.5,25.0,18.8,0.18,4.6,21.7,15.0,10.0,25.0,0.19,4.4,14.1,7.7,15.4,0.0,0.21,4.0,17.5,58.8,23.5,5.9,0.17,3.2,23.7,39.1,13.0,17.4,0.16,3.3,16.5,37.5,18.8,12.5,0.16,2.9,16.5,6.2,43.8,18.8,0.17,3.6,17.5,5.9,23.5,23.5,0.14,3.0,8.2,25.0,0.0,0.0,0.16,4.0
20261001,15,11,1800,4545,A1,福岡,38.0,58.0,7.07,58.2,7.33,71.43,47,25.0,16,23.81,4281,B1,埼玉,42.0,53.0,5.14,28.85,6.0,41.67,34,25.0,38,34.15,4823,A2,香川,33.0,44.0,6.76,52.34,6.51,51.02,3,0.0,63,27.03,4672,B1,岡山,40.0,52.0,4.41,27.62,4.37,21.05,38,66.67,62,37.21,4053,A2,東京,48.0,57.0,5.36,33.7,6.77,56.67,28,0.0,57,25.0,3161,B1,大阪,66.0,53.0,4.91,26.25,4.75,21.43,32,0.0,41,43.18,21.3,90.0,3.3,0.0,0.15,2.7,15.6,31.8,31.8,18.2,0.15,3.0,14.2,20.0,30.0,30.0,0.15,3.3,16.3,17.4,17.4,34.8,0.15,2.5,15.6,22.7,13.6,18.2,0.15,3.1,17.0,8.3,16.7,20.8,0.15,3.4,16.5,60.0,20.0,13.3,0.15,2.3,17.6,6.2,25.0,31.2,0.17,3.1,17.6,6.2,18.8,18.8,0.17,3.3,15.4,7.1,7.1,21.4,0.17,3.2,18.7,11.8,17.6,0.0,0.19,3.9,14.3,15.4,0.0,0.0,0.17,4.2,17.0,70.6,5.9,11.8,0.13,2.1,13.0,15.4,46.2,15.4,0.14,2.5,23.0,26.1,8.7,17.4,0.12,2.3,17.0,29.4,17.6,11.8,0.12,2.2,16.0,18.8,25.0,0.0,0.15,3.3,14.0,7.1,35.7,0.0,0.15,3.6,14.4,33.3,20.0,0.0,0.17,3.7,16.3,5.9,23.5,23.5,0.19,3.9,16.3,17.6,23.5,0.0,0.22,4.6,20.2,9.5,9.5,14.3,0.2,4.3,20.2,4.8,19.0,0.0,0.16,3.1,12.5,15.4,7.7,0.0,0.15,3.5,17.7,63.6,13.6,9.1,0.17,2.7,14.5,27.8,44.4,11.1,0.15,2.6,21.0,19.2,15.4,34.6,0.15,2.4,21.8,11.1,18.5,18.5,0.18,3.3,11.3,7.1,35.7,28.6,0.14,2.7,13.7,5.9,11.8,0.0,0.17,2.9,16.8,31.2,37.5,6.2,0.17,2.9,17.9,5.9,41.2,23.5,0.21,3.7,25.3,25.0,20.8,0.0,0.22,4.1,22.1,4.8,33.3,14.3,0.17,3.4,17.9,17.6,17.6,0.0,0.18,4.2,0.0,0.0,0.0,0.0,0.0,0.0
20261001,15,12,1800,4925,A2,兵庫,33.0,53.0,6.05,40.18,5.54,36.96,44,12.5,43,34.09,5010,A2,三重,29.0,55.0,5.68,39.32,6.0,0.0,26,0.0,56,37.21,3484,A2,兵庫,54.0,53.0,5.99,46.02,6.17,47.83,1,44.44,39,28.26,5027,B1,山口,29.0,53.0,4.49,26.53,4.35,15.0,12,37.5,65,32.65,5348,B1,広島,22.0,54.0,5.79,40.0,3.44,22.22,48,55.56,53,36.96,4715,A1,長崎,34.0,52.0,6.72,45.88,5.28,32.0,23,0.0,9,31.71,18.9,66.7,9.5,9.5,0.15,2.8,15.3,47.1,29.4,0.0,0.15,3.2,16.2,11.1,16.7,22.2,0.15,3.2,17.1,5.3,5.3,21.1,0.15,3.6,15.3,11.8,11.8,11.8,0.16,3.5,17.1,5.3,26.3,0.0,0.17,3.4,21.3,66.7,20.0,10.0,0.11,2.1,19.1,3.7,18.5,29.6,0.16,2.7,13.5,5.3,31.6,21.1,0.13,2.4,19.1,14.8,18.5,7.4,0.14,2.5,14.9,4.8,14.3,19.0,0.15,3.1,12.1,11.8,11.8,0.0,0.14,3.3,21.5,58.6,17.2,10.3,0.16,2.8,15.6,28.6,28.6,19.0,0.17,3.0,17.8,16.7,37.5,8.3,0.17,2.8,14.8,20.0,25.0,20.0,0.15,2.7,17.8,4.2,16.7,25.0,0.18,3.8,12.6,5.9,0.0,0.0,0.18,4.4,14.7,35.3,23.5,11.8,0.19,2.7,15.5,16.7,44.4,0.0,0.2,3.2,19.8,21.7,26.1,0.0,0.19,3.3,19.8,8.7,13.0,8.7,0.2,3.8,12.9,6.7,13.3,33.3,0.21,3.4,17.2,10.0,15.0,0.0,0.22,4.8,2.9,0.0,0.0,0.0,0.18,3.0,1.4,0.0,0.0,0.0,0.27,6.0,1.4,0.0,0.0,0.0,0.23,3.0,24.3,17.6,17.6,17.6,0.14,2.7,25.7,5.6,16.7,27.8,0.16,3.1,44.3,12.9,3.2,0.0,0.17,3.0,21.0,59.1,4.5,18.2,0.14,2.8,13.3,42.9,14.3,28.6,0.13,2.5,15.2,18.8,31.2,25.0,0.12,2.7,14.3,6.7,33.3,20.0,0.14,2.7,16.2,17.6,5.9,41.2,0.17,3.1,20.0,19.0,38.1,0.0,0.17,3.4
20261001,14,1,1800,4596,A2,徳島,43.0,52.0,6.07,39.34,6.31,46.89,53,32.05,70,36.36,3477,B1,徳島,56.0,53.0,3.88,14.77,4.74,27.7,37,50.56,62,31.76,5356,B1,岡山,21.0,51.0,4.83,27.14,2.36,0.0,39,20.93,57,24.39,3967,B1,愛知,47.0,58.0,4.22,25.29,0.0,0.0,66,43.96,71,26.09,5271,B1,福岡,25.0,53.0,4.07,18.27,3.21,8.33,38,37.93,25,19.54,5451,B2,佐賀,21.0,47.0,1.29,2.63,0.0,0.0,60,30.0,31,33.71,16.9,66.7,19.0,4.8,0.13,3.0,16.9,23.8,38.1,23.8,0.15,3.7,16.9,14.3,38.1,14.3,0.16,2.9,17.7,9.1,31.8,0.0,0.17,4.0,15.3,5.3,10.5,21.1,0.15,2.7,16.1,10.0,35.0,0.0,0.17,3.6,12.0,25.0,16.7,16.7,0.17,4.3,19.0,5.3,5.3,21.1,0.2,4.4,17.0,11.8,17.6,0.0,0.18,4.1,20.0,5.0,5.0,20.0,0.2,3.2,18.0,5.6,33.3,0.0,0.18,3.3,14.0,7.1,0.0,0.0,0.2,4.4,12.5,27.3,27.3,18.2,0.12,2.6,17.0,26.7,20.0,0.0,0.1,2.7,23.9,14.3,14.3,14.3,0.16,2.9,11.4,20.0,20.0,0.0,0.12,3.0,15.9,21.4,35.7,0.0,0.16,3.4,19.3,5.9,5.9,11.8,0.19,4.4,14.6,46.2,23.1,0.0,0.16,2.5,14.6,38.5,7.7,0.0,0.21,3.7,18.0,6.2,25.0,6.2,0.15,2.9,19.1,11.8,5.9,0.0,0.2,4.1,18.0,6.2,18.8,6.2,0.2,3.7,15.7,14.3,0.0,0.0,0.23,5.3,10.6,22.2,11.1,0.0,0.22,4.0,20.0,23.5,17.6,0.0,0.18,3.5,15.3,7.7,7.7,38.5,0.15,2.8,14.1,8.3,8.3,8.3,0.19,3.7,18.8,6.2,12.5,0.0,0.21,4.3,21.2,5.6,11.1,0.0,0.22,4.1,0.0,0.0,0.0,0.0,0.0,0.0,0.0,0.0,0.0,0.0,0.0,0.0,0.0,0.0,0.0,0.0,0.0,0.0,0.0,0.0,0.0,0.0,0.0,0.0,0.0,0.0,0.0,0.0,0.0,0.0,0.0,0.0,0.0,0.0,0.0,0.0
20261001,14,2,1800,3900,A2,滋賀,49.0,47.0,6.1,43.43,6.36,44.83,35,28.41,79,34.44,4887,B1,群馬,39.0,55.0,4.98,31.71,5.92,40.0,62,34.09,13,35.23,3933,B1,岡山,50.0,53.0,6.13,46.28,5.05,32.43,22,33.0,14,40.96,4693,B1,福岡,42.0,54.0,4.24,26.42,5.29,42.86,81,25.93,80,20.24,5428,B2,佐賀,24.0,50.0,1.06,0.0,1.0,0.0,15,51.61,52,34.44,4506,A1,福岡,38.0,52.0,6.28,47.41,6.83,53.33,25,32.29,27,37.35,18.8,61.5,15.4,7.7,0.17,2.8,15.9,9.1,45.5,22.7,0.2,4.2,19.6,11.1,22.2,33.3,0.16,3.6,17.4,16.7,29.2,25.0,0.19,3.4,15.9,13.6,9.1,31.8,0.17,2.9,12.3,23.5,11.8,0.0,0.22,4.1,16.3,60.0,26.7,0.0,0.12,2.1,14.1,7.7,30.8,7.7,0.15,3.3,20.7,10.5,31.6,15.8,0.13,2.2,18.5,23.5,5.9,5.9,0.11,2.2,13.0,16.7,0.0,0.0,0.14,3.5,17.4,12.5,12.5,0.0,0.15,3.9,14.0,33.3,20.0,13.3,0.17,4.1,43.9,12.8,27.7,6.4,0.17,3.6,31.8,23.5,23.5,0.0,0.18,3.3,9.3,40.0,0.0,0.0,0.17,4.5,0.9,0.0,0.0,0.0,0.24,2.0,0.0,0.0,0.0,0.0,0.0,0.0,13.9,13.3,26.7,20.0,0.18,4.1,16.7,16.7,33.3,11.1,0.19,4.4,20.4,13.6,18.2,0.0,0.21,4.3,16.7,16.7,16.7,0.0,0.19,4.2,16.7,16.7,11.1,0.0,0.18,4.0,15.7,17.6,0.0,0.0,0.19,3.8,0.0,0.0,0.0,0.0,0.0,0.0,0.0,0.0,0.0,0.0,0.0,0.0,0.0,0.0,0.0,0.0,0.0,0.0,0.0,0.0,0.0,0.0,0.0,0.0,2.8,0.0,0.0,0.0,0.12,2.5,97.2,0.0,0.0,0.0,0.2,4.2,18.5,65.0,15.0,5.0,0.14,2.0,16.7,27.8,44.4,11.1,0.13,2.4,14.8,25.0,25.0,12.5,0.15,2.7,19.4,33.3,28.6,19.0,0.13,2.0,17.6,21.1,21.1,15.8,0.12,1.7,13.0,7.1,28.6,28.6,0.14,2.1
20261001,14,3,1800,3915,A2,大阪,52.0,52.0,6.31,45.9,5.61,34.78,70,37.35,33,47.67,5355,B1,福井,21.0,57.0,2.57,9.33,2.25,8.33,64,38.37,20,27.59,4116,B1,徳島,45.0,52.0,4.47,14.77,5.07,32.17,29,48.0,34,23.86,4694,B1,福岡,41.0,45.0,4.45,20.2,5.06,25.0,77,32.22,29,37.5,5462,B2,佐賀,19.0,48.0,1.63,0.0,2.5,0.0,30,40.0,82,25.84,4538,A1,大阪,36.0,54.0,5.25,39.13,6.91,60.87,28,27.85,50,34.09,18.8,66.7,9.5,14.3,0.2,3.7,17.9,10.0,40.0,15.0,0.19,3.4,15.2,5.9,11.8,47.1,0.19,3.9,17.0,10.5,26.3,31.6,0.19,3.8,17.9,15.0,10.0,10.0,0.19,4.2,13.4,6.7,0.0,0.0,0.2,4.4,5.5,25.0,0.0,0.0,0.14,2.0,15.1,9.1,9.1,0.0,0.17,2.9,17.8,0.0,0.0,0.0,0.19,3.1,12.3,11.1,0.0,0.0,0.14,2.1,15.1,9.1,0.0,0.0,0.15,3.4,34.2,8.0,0.0,0.0,0.18,3.5,18.8,44.4,16.7,16.7,0.18,2.9,13.5,7.7,30.8,30.8,0.19,3.4,15.6,13.3,33.3,0.0,0.17,4.0,16.7,6.2,12.5,18.8,0.17,3.5,17.7,11.8,17.6,17.6,0.15,3.4,17.7,5.9,0.0,0.0,0.22,5.0,12.9,44.4,11.1,22.2,0.17,2.7,20.0,14.3,7.1,35.7,0.23,4.8,15.7,9.1,18.2,18.2,0.17,3.1,20.0,7.1,14.3,14.3,0.22,3.8,17.1,8.3,16.7,0.0,0.18,2.9,14.3,10.0,20.0,0.0,0.25,4.6,0.0,0.0,0.0,0.0,0.0,0.0,0.0,0.0,0.0,0.0,0.0,0.0,0.0,0.0,0.0,0.0,0.0,0.0,0.0,0.0,0.0,0.0,0.0,0.0,0.0,0.0,0.0,0.0,0.0,0.0,0.0,0.0,0.0,0.0,0.0,0.0,19.2,43.5,13.0,8.7,0.16,3.1,7.5,33.3,22.2,0.0,0.18,4.1,8.3,50.0,40.0,10.0,0.12,2.4,20.0,54.2,8.3,25.0,0.15,3.0,22.5,40.7,7.4,7.4,0.14,2.6,22.5,25.9,7.4,7.4,0.15,3.0
20261001,14,4,1800,4286,A2,東京,42.0,47.0,5.99,41.61,5.13,30.43,68,31.76,32,36.47,5307,B1,佐賀,23.0,50.0,4.54,27.45,3.19,18.75,80,26.32,55,32.18,5312,B1,佐賀,26.0,54.0,3.38,7.61,3.25,8.33,31,32.56,77,40.74,3024,B2,広島,64.0,53.0,6.67,61.11,7.32,63.41,72,35.23,54,36.47,5117,B1,福岡,26.0,46.0,5.26,34.62,5.38,46.15,67,39.02,37,34.88,3499,A1,広島,57.0,53.0,5.49,34.38,5.94,37.5,83,25.0,22,24.42,19.0,46.4,35.7,7.1,0.14,2.8,15.6,13.0,30.4,26.1,0.16,2.9,19.7,6.9,17.2,24.1,0.13,2.5,15.6,8.7,17.4,21.7,0.15,2.4,19.0,3.6,14.3,21.4,0.17,3.0,10.9,12.5,0.0,0.0,0.17,3.5,11.7,50.0,25.0,8.3,0.16,3.7,21.4,4.5,22.7,22.7,0.21,4.0,17.5,11.1,27.8,22.2,0.19,3.9,15.5,6.2,18.8,0.0,0.18,3.9,21.4,9.1,18.2,0.0,0.21,4.1,12.6,15.4,7.7,0.0,0.16,4.2,11.5,36.4,18.2,9.1,0.16,2.6,16.7,18.8,12.5,6.2,0.18,3.4,19.8,10.5,10.5,10.5,0.16,2.8,17.7,5.9,11.8,0.0,0.21,3.8,16.7,6.2,0.0,0.0,0.15,2.9,17.7,11.8,0.0,0.0,0.14,2.8,48.3,41.4,19.0,10.3,0.18,3.3,49.2,22.0,33.9,11.9,0.17,3.5,2.5,33.3,0.0,0.0,0.17,2.7,0.0,0.0,0.0,0.0,0.0,0.0,0.0,0.0,0.0,0.0,0.0,0.0,0.0,0.0,0.0,0.0,0.0,0.0,10.3,14.3,28.6,28.6,0.16,2.1,16.2,9.1,27.3,0.0,0.18,2.9,20.6,14.3,42.9,0.0,0.16,2.9,20.6,14.3,21.4,0.0,0.2,3.6,14.7,10.0,30.0,0.0,0.22,3.0,17.6,8.3,0.0,0.0,0.2,5.0,23.4,88.5,3.8,0.0,0.15,2.6,15.3,23.5,41.2,17.6,0.17,3.0,21.6,29.2,20.8,12.5,0.13,3.0,19.8,22.7,27.3,0.0,0.14,2.7,11.7,7.7,23.1,30.8,0.15,2.8,8.1,22.2,0.0,0.0,0.15,3.4
20261001,14,5,1800,4247,B1,徳島,44.0,56.0,5.37,33.68,5.57,32.84,84,18.18,15,30.43,4092,B1,佐賀,45.0,53.0,4.88,27.78,5.63,37.5,18,34.74,78,33.68,3548,A2,福井,56.0,54.0,5.09,31.78,7.43,57.14,14,39.56,36,26.44,3618,A1,広島,52.0,44.0,6.42,48.87,5.75,25.0,58,35.23,24,28.57,4325,B1,大阪,43.0,52.0,4.43,17.24,4.63,25.71,20,33.71,66,38.46,3874,A2,岡山,50.0,52.0,7.03,50.43,6.03,41.38,13,30.49,23,30.68,10.2,50.0,10.0,0.0,0.16,3.5,22.4,13.6,22.7,4.5,0.2,3.7,17.3,11.8,23.5,23.5,0.15,2.7,18.4,16.7,5.6,33.3,0.13,2.8,18.4,11.1,22.2,0.0,0.17,3.1,13.3,7.7,7.7,30.8,0.18,4.2,14.9,71.4,7.1,0.0,0.11,2.0,19.1,5.6,22.2,33.3,0.17,3.3,18.1,5.9,23.5,29.4,0.13,2.8,17.0,6.2,12.5,18.8,0.15,3.1,11.7,18.2,18.2,0.0,0.18,3.5,19.1,11.1,11.1,0.0,0.2,4.3,21.5,64.5,16.1,3.2,0.1,1.8,13.9,25.0,25.0,15.0,0.11,1.9,17.4,12.0,32.0,20.0,0.13,1.9,16.0,4.3,13.0,39.1,0.11,2.1,18.8,7.4,25.9,3.7,0.14,3.0,12.5,22.2,0.0,0.0,0.15,2.7,23.0,60.7,21.4,7.1,0.17,3.5,18.0,18.2,27.3,9.1,0.17,3.4,17.2,33.3,23.8,4.8,0.18,3.1,13.1,6.2,37.5,18.8,0.18,2.7,12.3,6.7,33.3,20.0,0.16,3.4,16.4,5.0,10.0,10.0,0.25,4.9,16.4,25.0,16.7,25.0,0.19,3.2,17.8,15.4,7.7,30.8,0.17,2.7,13.7,20.0,10.0,0.0,0.18,3.3,17.8,30.8,0.0,0.0,0.2,3.3,19.2,14.3,28.6,0.0,0.21,3.3,15.1,18.2,0.0,0.0,0.17,3.6,20.8,64.0,24.0,8.0,0.17,3.0,15.0,16.7,27.8,5.6,0.16,3.4,18.3,18.2,13.6,22.7,0.16,3.3,16.7,20.0,15.0,35.0,0.17,3.1,12.5,13.3,13.3,26.7,0.18,3.8,16.7,5.0,15.0,15.0,0.2,4.2
20261001,14,6,1800,5041,B1,福岡,28.0,52.0,4.83,30.0,4.53,23.53,82,56.98,76,34.04,3809,B1,佐賀,51.0,51.0,4.31,12.77,4.36,20.0,59,37.08,65,35.23,4148,A2,福岡,44.0,53.0,6.25,43.44,7.18,54.55,17,25.56,74,40.0,4676,A2,東京,38.0,58.0,4.98,23.23,5.0,21.21,57,41.38,35,25.0,5036,B1,大阪,28.0,53.0,5.58,36.89,4.92,33.33,50,38.04,12,33.33,5428,B2,佐賀,24.0,50.0,1.06,0.0,1.0,0.0,15,51.61,52,34.44,13.5,30.0,30.0,0.0,0.17,3.8,14.9,9.1,9.1,9.1,0.2,3.3,16.2,25.0,25.0,33.3,0.19,4.8,16.2,25.0,16.7,0.0,0.18,3.3,17.6,7.7,23.1,0.0,0.19,3.9,21.6,6.2,12.5,0.0,0.22,4.8,9.2,33.3,16.7,0.0,0.21,3.2,9.2,16.7,50.0,0.0,0.12,3.7,10.8,28.6,14.3,0.0,0.12,2.4,16.9,9.1,27.3,0.0,0.21,3.7,21.5,7.1,21.4,0.0,0.2,4.0,32.3,4.8,19.0,0.0,0.22,4.0,20.3,57.7,26.9,3.8,0.14,2.8,14.8,21.1,36.8,10.5,0.14,3.5,13.3,11.8,47.1,23.5,0.15,3.1,18.0,4.3,34.8,30.4,0.13,2.5,18.0,4.3,17.4,21.7,0.14,3.8,15.6,5.0,5.0,30.0,0.14,3.6,21.7,65.2,4.3,8.7,0.13,2.7,10.4,9.1,18.2,27.3,0.18,3.4,20.8,18.2,27.3,18.2,0.14,2.9,17.0,11.1,38.9,0.0,0.18,4.2,17.0,5.6,16.7,22.2,0.2,4.2,13.2,7.1,21.4,0.0,0.21,4.4,12.6,46.7,13.3,0.0,0.18,3.8,16.8,5.0,40.0,5.0,0.18,3.6,21.8,15.4,23.1,3.8,0.19,3.3,17.6,19.0,9.5,9.5,0.13,2.7,17.6,33.3,14.3,0.0,0.18,4.0,13.4,18.8,6.2,18.8,0.2,4.2,0.0,0.0,0.0,0.0,0.0,0.0,0.0,0.0,0.0,0.0,0.0,0.0,0.0,0.0,0.0,0.0,0.0,0.0,0.0,0.0,0.0,0.0,0.0,0.0,2.8,0.0,0.0,0.0,0.12,2.5,97.2,0.0,0.0,0.0,0.2,4.2
20261001,14,7,1800,3580,B1,滋賀,53.0,49.0,4.26,16.33,5.57,35.71,74,26.74,39,34.78,4694,B1,福岡,41.0,45.0,4.45,20.2,5.06,25.0,77,32.22,29,37.5,3872,A2,大阪,50.0,54.0,5.6,33.94,5.68,42.5,21,27.16,69,27.27,4887,B1,群馬,39.0,55.0,4.98,31.71,5.92,40.0,62,34.09,13,35.23,3439,A1,大阪,57.0,51.0,5.72,40.83,4.4,20.0,55,35.63,26,31.82,4409,A1,愛知,40.0,55.0,6.44,47.83,5.11,11.11,75,28.05,61,31.76,14.4,14.3,42.9,0.0,0.21,3.6,18.6,16.7,33.3,0.0,0.2,3.7,17.5,23.5,23.5,0.0,0.17,4.1,21.6,4.8,14.3,0.0,0.19,3.5,16.5,6.2,12.5,0.0,0.23,4.2,11.3,18.2,0.0,0.0,0.19,3.7,12.9,44.4,11.1,22.2,0.17,2.7,20.0,14.3,7.1,35.7,0.23,4.8,15.7,9.1,18.2,18.2,0.17,3.1,20.0,7.1,14.3,14.3,0.22,3.8,17.1,8.3,16.7,0.0,0.18,2.9,14.3,10.0,20.0,0.0,0.25,4.6,22.6,69.2,7.7,7.7,0.19,3.4,17.4,10.0,25.0,30.0,0.2,3.9,17.4,10.0,20.0,35.0,0.17,2.9,13.9,12.5,25.0,12.5,0.2,3.9,16.5,15.8,36.8,10.5,0.16,3.0,12.2,21.4,0.0,0.0,0.18,4.0,16.3,60.0,26.7,0.0,0.12,2.1,14.1,7.7,30.8,7.7,0.15,3.3,20.7,10.5,31.6,15.8,0.13,2.2,18.5,23.5,5.9,5.9,0.11,2.2,13.0,16.7,0.0,0.0,0.14,3.5,17.4,12.5,12.5,0.0,0.15,3.9,21.3,65.2,26.1,4.3,0.15,3.1,17.6,21.1,15.8,15.8,0.16,3.2,14.8,6.2,25.0,43.8,0.16,2.5,13.9,33.3,33.3,13.3,0.18,3.1,17.6,21.1,10.5,21.1,0.14,2.7,14.8,6.2,25.0,0.0,0.19,4.8,24.6,80.0,6.7,6.7,0.16,3.3,18.0,18.2,40.9,18.2,0.15,2.8,13.1,18.8,31.2,18.8,0.12,2.3,15.6,15.8,31.6,36.8,0.12,2.7,14.8,16.7,27.8,27.8,0.16,2.7,13.9,5.9,11.8,11.8,0.18,3.6
20261001,14,8,1800,4116,B1,徳島,45.0,52.0,4.47,14.77,5.07,32.17,29,48.0,34,23.86,4693,B1,福岡,42.0,54.0,4.24,26.42,5.29,42.86,81,25.93,80,20.24,4895,A2,東京,35.0,55.0,4.94,24.04,5.4,20.0,34,30.11,60,34.88,3412,A1,埼玉,57.0,53.0,6.32,47.73,6.92,60.0,19,34.83,68,24.72,5307,B1,佐賀,23.0,50.0,4.54,27.45,3.19,18.75,80,26.32,55,32.18,5462,B2,佐賀,19.0,48.0,1.63,0.0,2.5,0.0,30,40.0,82,25.84,18.8,44.4,16.7,16.7,0.18,2.9,13.5,7.7,30.8,30.8,0.19,3.4,15.6,13.3,33.3,0.0,0.17,4.0,16.7,6.2,12.5,18.8,0.17,3.5,17.7,11.8,17.6,17.6,0.15,3.4,17.7,5.9,0.0,0.0,0.22,5.0,13.9,13.3,26.7,20.0,0.18,4.1,16.7,16.7,33.3,11.1,0.19,4.4,20.4,13.6,18.2,0.0,0.21,4.3,16.7,16.7,16.7,0.0,0.19,4.2,16.7,16.7,11.1,0.0,0.18,4.0,15.7,17.6,0.0,0.0,0.19,3.8,13.8,54.5,27.3,0.0,0.14,2.9,17.5,21.4,21.4,14.3,0.17,3.1,21.2,17.6,11.8,29.4,0.15,2.9,16.2,15.4,15.4,15.4,0.13,3.1,18.8,6.7,13.3,26.7,0.15,2.4,12.5,40.0,0.0,0.0,0.16,2.3,22.1,76.7,20.0,0.0,0.14,2.8,13.2,50.0,16.7,0.0,0.21,3.8,14.7,35.0,20.0,30.0,0.16,3.7,16.9,13.0,26.1,13.0,0.18,3.7,18.4,8.0,12.0,40.0,0.16,3.6,14.7,5.0,30.0,35.0,0.14,3.2,11.7,50.0,25.0,8.3,0.16,3.7,21.4,4.5,22.7,22.7,0.21,4.0,17.5,11.1,27.8,22.2,0.19,3.9,15.5,6.2,18.8,0.0,0.18,3.9,21.4,9.1,18.2,0.0,0.21,4.1,12.6,15.4,7.7,0.0,0.16,4.2,0.0,0.0,0.0,0.0,0.0,0.0,0.0,0.0,0.0,0.0,0.0,0.0,0.0,0.0,0.0,0.0,0.0,0.0,0.0,0.0,0.0,0.0,0.0,0.0,0.0,0.0,0.0,0.0,0.0,0.0,0.0,0.0,0.0,0.0,0.0,0.0
20261001,14,9,1800,3587,B1,徳島,53.0,60.0,3.86,15.66,4.21,17.24,36,21.35,28,40.0,4031,B1,埼玉,48.0,52.0,4.71,26.8,3.83,17.24,78,35.23,83,33.33,5117,B1,福岡,26.0,46.0,5.26,34.62,5.38,46.15,67,39.02,37,34.88,5355,B1,福井,21.0,57.0,2.57,9.33,2.25,8.33,64,38.37,20,27.59,4420,A2,群馬,38.0,54.0,5.66,38.24,5.81,39.53,69,26.74,16,37.93,4133,A2,兵庫,46.0,52.0,6.39,53.04,6.26,42.11,63,34.74,19,29.07,14.0,33.3,20.0,13.3,0.14,2.5,19.6,23.8,9.5,0.0,0.17,3.4,17.8,10.5,15.8,0.0,0.16,3.1,17.8,10.5,21.1,0.0,0.14,3.2,14.0,6.7,26.7,0.0,0.17,3.3,16.8,0.0,0.0,0.0,0.21,4.4,13.8,30.8,38.5,23.1,0.15,2.8,19.1,11.1,27.8,11.1,0.17,3.8,21.3,5.0,15.0,20.0,0.16,3.3,12.8,16.7,25.0,8.3,0.16,3.0,20.2,5.3,10.5,10.5,0.2,3.6,12.8,8.3,8.3,0.0,0.19,3.8,10.3,14.3,28.6,28.6,0.16,2.1,16.2,9.1,27.3,0.0,0.18,2.9,20.6,14.3,42.9,0.0,0.16,2.9,20.6,14.3,21.4,0.0,0.2,3.6,14.7,10.0,30.0,0.0,0.22,3.0,17.6,8.3,0.0,0.0,0.2,5.0,5.5,25.0,0.0,0.0,0.14,2.0,15.1,9.1,9.1,0.0,0.17,2.9,17.8,0.0,0.0,0.0,0.19,3.1,12.3,11.1,0.0,0.0,0.14,2.1,15.1,9.1,0.0,0.0,0.15,3.4,34.2,8.0,0.0,0.0,0.18,3.5,17.2,48.0,20.0,12.0,0.15,3.1,17.9,7.7,38.5,26.9,0.16,3.1,17.2,12.0,24.0,24.0,0.15,2.7,18.6,18.5,18.5,22.2,0.15,2.7,17.9,3.8,15.4,34.6,0.16,3.5,11.0,6.2,12.5,0.0,0.2,3.9,20.2,59.1,22.7,0.0,0.16,3.0,15.6,11.8,29.4,17.6,0.19,4.1,18.3,10.0,50.0,15.0,0.14,3.1,19.3,42.9,19.0,0.0,0.15,2.9,10.1,18.2,9.1,18.2,0.2,3.5,16.5,11.1,22.2,22.2,0.19,3.9
20261001,14,10,1800,4506,A1,福岡,38.0,52.0,6.28,47.41,6.83,53.33,25,32.29,27,37.35,3024,B2,広島,64.0,53.0,6.67,61.11,7.32,63.41,72,35.23,54,36.47,4676,A2,東京,38.0,58.0,4.98,23.23,5.0,21.21,57,41.38,35,25.0,3548,A2,福井,56.0,54.0,5.09,31.78,7.43,57.14,14,39.56,36,26.44,4247,B1,徳島,44.0,56.0,5.37,33.68,5.57,32.84,84,18.18,15,30.43,4596,A2,徳島,43.0,52.0,6.07,39.34,6.31,46.89,53,32.05,70,36.36,18.5,65.0,15.0,5.0,0.14,2.0,16.7,27.8,44.4,11.1,0.13,2.4,14.8,25.0,25.0,12.5,0.15,2.7,19.4,33.3,28.6,19.0,0.13,2.0,17.6,21.1,21.1,15.8,0.12,1.7,13.0,7.1,28.6,28.6,0.14,2.1,48.3,41.4,19.0,10.3,0.18,3.3,49.2,22.0,33.9,11.9,0.17,3.5,2.5,33.3,0.0,0.0,0.17,2.7,0.0,0.0,0.0,0.0,0.0,0.0,0.0,0.0,0.0,0.0,0.0,0.0,0.0,0.0,0.0,0.0,0.0,0.0,21.7,65.2,4.3,8.7,0.13,2.7,10.4,9.1,18.2,27.3,0.18,3.4,20.8,18.2,27.3,18.2,0.14,2.9,17.0,11.1,38.9,0.0,0.18,4.2,17.0,5.6,16.7,22.2,0.2,4.2,13.2,7.1,21.4,0.0,0.21,4.4,21.5,64.5,16.1,3.2,0.1,1.8,13.9,25.0,25.0,15.0,0.11,1.9,17.4,12.0,32.0,20.0,0.13,1.9,16.0,4.3,13.0,39.1,0.11,2.1,18.8,7.4,25.9,3.7,0.14,3.0,12.5,22.2,0.0,0.0,0.15,2.7,10.2,50.0,10.0,0.0,0.16,3.5,22.4,13.6,22.7,4.5,0.2,3.7,17.3,11.8,23.5,23.5,0.15,2.7,18.4,16.7,5.6,33.3,0.13,2.8,18.4,11.1,22.2,0.0,0.17,3.1,13.3,7.7,7.7,30.8,0.18,4.2,16.9,66.7,19.0,4.8,0.13,3.0,16.9,23.8,38.1,23.8,0.15,3.7,16.9,14.3,38.1,14.3,0.16,2.9,17.7,9.1,31.8,0.0,0.17,4.0,15.3,5.3,10.5,21.1,0.15,2.7,16.1,10.0,35.0,0.0,0.17,3.6
20261001,14,11,1800,3499,A1,広島,57.0,53.0,5.49,34.38,5.94,37.5,83,25.0,22,24.42,3933,B1,岡山,50.0,53.0,6.13,46.28,5.05,32.43,22,33.0,14,40.96,3618,A1,広島,52.0,44.0,6.42,48.87,5.75,25.0,58,35.23,24,28.57,3872,A2,大阪,50.0,54.0,5.6,33.94,5.68,42.5,21,27.16,69,27.27,5041,B1,福岡,28.0,52.0,4.83,30.0,4.53,23.53,82,56.98,76,34.04,3915,A2,大阪,52.0,52.0,6.31,45.9,5.61,34.78,70,37.35,33,47.67,23.4,88.5,3.8,0.0,0.15,2.6,15.3,23.5,41.2,17.6,0.17,3.0,21.6,29.2,20.8,12.5,0.13,3.0,19.8,22.7,27.3,0.0,0.14,2.7,11.7,7.7,23.1,30.8,0.15,2.8,8.1,22.2,0.0,0.0,0.15,3.4,14.0,33.3,20.0,13.3,0.17,4.1,43.9,12.8,27.7,6.4,0.17,3.6,31.8,23.5,23.5,0.0,0.18,3.3,9.3,40.0,0.0,0.0,0.17,4.5,0.9,0.0,0.0,0.0,0.24,2.0,0.0,0.0,0.0,0.0,0.0,0.0,23.0,60.7,21.4,7.1,0.17,3.5,18.0,18.2,27.3,9.1,0.17,3.4,17.2,33.3,23.8,4.8,0.18,3.1,13.1,6.2,37.5,18.8,0.18,2.7,12.3,6.7,33.3,20.0,0.16,3.4,16.4,5.0,10.0,10.0,0.25,4.9,22.6,69.2,7.7,7.7,0.19,3.4,17.4,10.0,25.0,30.0,0.2,3.9,17.4,10.0,20.0,35.0,0.17,2.9,13.9,12.5,25.0,12.5,0.2,3.9,16.5,15.8,36.8,10.5,0.16,3.0,12.2,21.4,0.0,0.0,0.18,4.0,13.5,30.0,30.0,0.0,0.17,3.8,14.9,9.1,9.1,9.1,0.2,3.3,16.2,25.0,25.0,33.3,0.19,4.8,16.2,25.0,16.7,0.0,0.18,3.3,17.6,7.7,23.1,0.0,0.19,3.9,21.6,6.2,12.5,0.0,0.22,4.8,18.8,66.7,9.5,14.3,0.2,3.7,17.9,10.0,40.0,15.0,0.19,3.4,15.2,5.9,11.8,47.1,0.19,3.9,17.0,10.5,26.3,31.6,0.19,3.8,17.9,15.0,10.0,10.0,0.19,4.2,13.4,6.7,0.0,0.0,0.2,4.4
20261001,14,12,1800,4538,A1,大阪,36.0,54.0,5.25,39.13,6.91,60.87,28,27.85,50,34.09,5036,B1,大阪,28.0,53.0,5.58,36.89,4.92,33.33,50,38.04,12,33.33,3439,A1,大阪,57.0,51.0,5.72,40.83,4.4,20.0,55,35.63,26,31.82,4148,A2,福岡,44.0,53.0,6.25,43.44,7.18,54.55,17,25.56,74,40.0,4286,A2,東京,42.0,47.0,5.99,41.61,5.13,30.43,68,31.76,32,36.47,3900,A2,滋賀,49.0,47.0,6.1,43.43,6.36,44.83,35,28.41,79,34.44,19.2,43.5,13.0,8.7,0.16,3.1,7.5,33.3,22.2,0.0,0.18,4.1,8.3,50.0,40.0,10.0,0.12,2.4,20.0,54.2,8.3,25.0,0.15,3.0,22.5,40.7,7.4,7.4,0.14,2.6,22.5,25.9,7.4,7.4,0.15,3.0,12.6,46.7,13.3,0.0,0.18,3.8,16.8,5.0,40.0,5.0,0.18,3.6,21.8,15.4,23.1,3.8,0.19,3.3,17.6,19.0,9.5,9.5,0.13,2.7,17.6,33.3,14.3,0.0,0.18,4.0,13.4,18.8,6.2,18.8,0.2,4.2,21.3,65.2,26.1,4.3,0.15,3.1,17.6,21.1,15.8,15.8,0.16,3.2,14.8,6.2,25.0,43.8,0.16,2.5,13.9,33.3,33.3,13.3,0.18,3.1,17.6,21.1,10.5,21.1,0.14,2.7,14.8,6.2,25.0,0.0,0.19,4.8,20.3,57.7,26.9,3.8,0.14,2.8,14.8,21.1,36.8,10.5,0.14,3.5,13.3,11.8,47.1,23.5,0.15,3.1,18.0,4.3,34.8,30.4,0.13,2.5,18.0,4.3,17.4,21.7,0.14,3.8,15.6,5.0,5.0,30.0,0.14,3.6,19.0,46.4,35.7,7.1,0.14,2.8,15.6,13.0,30.4,26.1,0.16,2.9,19.7,6.9,17.2,24.1,0.13,2.5,15.6,8.7,17.4,21.7,0.15,2.4,19.0,3.6,14.3,21.4,0.17,3.0,10.9,12.5,0.0,0.0,0.17,3.5,18.8,61.5,15.4,7.7,0.17,2.8,15.9,9.1,45.5,22.7,0.2,4.2,19.6,11.1,22.2,33.3,0.16,3.6,17.4,16.7,29.2,25.0,0.19,3.4,15.9,13.6,9.1,31.8,0.17,2.9,12.3,23.5,11.8,0.0,0.22,4.1
20261001,13,1,1800,5259,B2,埼玉,33.0,57.0,3.4,7.69,3.67,22.22,26,37.01,67,29.84,4639,B1,大阪,35.0,53.0,4.01,22.62,4.26,23.26,9,38.17,61,31.97,5161,A2,兵庫,27.0,55.0,5.59,37.78,5.63,37.65,62,34.19,58,31.2,4219,B1,広島,44.0,53.0,3.91,10.0,4.53,26.67,40,40.15,25,31.45,3606,B1,滋賀,54.0,52.0,5.59,36.26,5.45,35.0,20,25.81,50,30.83,4548,B1,三重,38.0,50.0,2.87,10.53,1.0,0.0,3,32.77,32,27.27,15.0,16.7,0.0,0.0,0.15,2.7,17.5,0.0,0.0,0.0,0.19,3.4,17.5,14.3,0.0,0.0,0.19,2.9,15.0,16.7,0.0,0.0,0.14,2.7,20.0,12.5,0.0,0.0,0.19,3.1,15.0,16.7,0.0,0.0,0.2,4.8,15.2,50.0,31.2,0.0,0.14,3.0,19.0,5.0,20.0,5.0,0.16,3.6,17.1,11.1,11.1,27.8,0.16,3.4,22.9,4.2,16.7,12.5,0.15,3.0,17.1,5.6,11.1,0.0,0.21,4.0,8.6,11.1,0.0,0.0,0.18,3.4,15.8,75.0,18.8,0.0,0.12,2.4,14.9,13.3,26.7,13.3,0.18,2.9,17.8,22.2,22.2,11.1,0.14,2.9,19.8,25.0,20.0,15.0,0.14,2.9,14.9,13.3,33.3,13.3,0.15,3.5,16.8,11.8,23.5,0.0,0.16,3.4,10.9,27.3,9.1,9.1,0.17,2.8,18.8,26.3,5.3,0.0,0.17,4.3,17.8,5.6,22.2,0.0,0.19,4.3,22.8,13.0,26.1,0.0,0.18,3.6,19.8,10.0,0.0,0.0,0.19,4.0,9.9,10.0,20.0,0.0,0.22,4.8,20.3,29.2,33.3,16.7,0.14,2.3,13.6,18.8,50.0,18.8,0.14,2.8,17.8,14.3,28.6,23.8,0.15,2.8,15.3,11.1,22.2,0.0,0.16,3.6,18.6,4.5,9.1,31.8,0.18,3.0,14.4,17.6,0.0,0.0,0.21,5.1,13.6,22.2,11.1,11.1,0.24,4.4,21.2,7.1,14.3,0.0,0.25,4.4,18.2,16.7,8.3,0.0,0.24,4.8,15.2,10.0,20.0,0.0,0.22,4.0,13.6,0.0,0.0,0.0,0.26,5.1,18.2,0.0,0.0,0.0,0.25,5.2
20261001,13,2,1800,3434,B1,福岡,57.0,57.0,4.6,27.78,3.92,25.0,7,36.92,45,36.52,5218,A1,香川,26.0,46.0,5.35,32.14,4.47,29.41,48,31.5,63,28.0,3901,B2,山口,49.0,51.0,4.77,33.68,3.5,20.0,6,22.41,11,29.75,4654,A1,兵庫,40.0,54.0,6.3,42.22,6.4,47.06,34,31.15,39,30.23,4664,B1,福井,43.0,55.0,3.98,18.6,2.89,11.11,10,29.03,37,38.79,3974,B1,佐賀,49.0,52.0,4.49,23.08,3.88,28.0,24,30.16,55,39.52,16.5,66.7,5.6,0.0,0.17,3.2,16.5,27.8,27.8,0.0,0.18,3.4,15.6,17.6,29.4,5.9,0.18,3.5,17.4,10.5,31.6,0.0,0.17,3.5,19.3,19.0,14.3,0.0,0.19,3.8,14.7,6.2,6.2,0.0,0.19,4.7,18.8,73.1,7.7,15.4,0.13,2.7,12.3,11.8,29.4,17.6,0.15,2.4,16.7,4.3,34.8,30.4,0.14,2.5,23.9,27.3,15.2,18.2,0.15,2.7,15.2,19.0,14.3,23.8,0.14,2.7,13.0,11.1,22.2,0.0,0.18,3.2,8.7,75.0,0.0,0.0,0.25,5.0,23.9,9.1,18.2,18.2,0.22,4.6,17.4,25.0,25.0,0.0,0.21,4.3,19.6,11.1,22.2,0.0,0.2,3.9,23.9,9.1,9.1,0.0,0.2,4.5,6.5,0.0,0.0,0.0,0.28,5.7,20.7,62.5,16.7,12.5,0.17,3.4,17.2,10.0,30.0,25.0,0.16,3.2,16.4,21.1,31.6,15.8,0.16,2.9,18.1,14.3,23.8,19.0,0.17,3.2,12.9,6.7,26.7,26.7,0.17,3.7,14.7,5.9,29.4,0.0,0.19,3.6,11.3,37.5,12.5,25.0,0.17,3.8,22.5,6.2,18.8,6.2,0.2,4.0,15.5,18.2,18.2,9.1,0.18,3.2,22.5,6.2,12.5,18.8,0.2,3.5,15.5,9.1,0.0,0.0,0.24,4.7,12.7,11.1,0.0,0.0,0.16,2.9,12.3,22.2,33.3,22.2,0.14,2.4,17.8,15.4,15.4,15.4,0.16,3.3,24.7,38.9,22.2,0.0,0.18,3.3,17.8,7.7,15.4,7.7,0.14,3.2,13.7,30.0,0.0,0.0,0.18,3.3,13.7,0.0,0.0,0.0,0.18,4.2
20261001,13,3,1800,5031,B1,福岡,29.0,54.0,4.93,32.53,4.29,14.29,2,36.29,60,34.17,4531,A2,佐賀,37.0,54.0,6.31,48.28,5.3,30.0,39,44.72,36,48.78,5264,B1,兵庫,26.0,44.0,4.91,30.34,4.27,21.2,51,29.85,48,30.58,4683,B2,広島,36.0,46.0,3.54,14.81,5.29,28.57,19,29.84,68,26.67,3556,A1,大阪,53.0,54.0,7.1,57.66,6.65,48.98,61,41.27,35,38.71,3790,B1,群馬,54.0,54.0,4.55,23.6,4.0,25.0,33,27.91,22,26.83,10.1,60.0,10.0,30.0,0.15,3.2,20.2,10.0,25.0,25.0,0.15,3.0,20.2,5.0,20.0,25.0,0.15,2.4,16.2,37.5,0.0,0.0,0.22,3.6,19.2,10.5,15.8,0.0,0.2,4.1,14.1,14.3,0.0,0.0,0.22,5.5,18.9,75.0,16.7,0.0,0.14,2.4,14.2,5.6,33.3,22.2,0.18,3.1,20.5,19.2,34.6,15.4,0.16,2.8,15.7,10.0,35.0,0.0,0.17,3.8,15.0,5.3,15.8,31.6,0.18,3.2,15.7,5.0,35.0,0.0,0.15,4.1,12.9,13.3,13.3,40.0,0.16,3.2,19.8,13.0,26.1,30.4,0.13,2.5,19.0,9.1,9.1,36.4,0.14,2.7,12.9,20.0,20.0,0.0,0.16,3.0,17.2,10.0,15.0,15.0,0.14,2.8,18.1,4.8,28.6,0.0,0.17,3.3,0.0,0.0,0.0,0.0,0.0,0.0,0.0,0.0,0.0,0.0,0.0,0.0,8.7,25.0,25.0,0.0,0.15,2.5,6.5,0.0,0.0,0.0,0.24,5.7,21.7,50.0,0.0,0.0,0.13,2.4,63.0,10.3,13.8,6.9,0.12,2.8,24.8,64.3,17.9,17.9,0.14,2.8,12.4,7.1,50.0,21.4,0.13,3.1,16.8,31.6,31.6,10.5,0.13,2.5,14.2,12.5,18.8,25.0,0.15,3.4,16.8,10.5,15.8,26.3,0.15,2.6,15.0,11.8,11.8,0.0,0.13,3.4,16.1,28.6,14.3,14.3,0.17,3.1,18.4,6.2,31.2,25.0,0.19,3.6,14.9,23.1,7.7,0.0,0.18,3.8,21.8,15.8,42.1,0.0,0.19,4.2,16.1,7.1,35.7,0.0,0.21,4.3,12.6,0.0,0.0,0.0,0.24,4.7
20261001,13,4,1800,4987,B1,群馬,29.0,48.0,3.85,18.82,3.18,7.14,16,46.34,23,34.13,4518,A1,愛知,39.0,52.0,6.45,51.35,7.11,61.11,56,49.58,70,28.57,3614,B1,広島,53.0,54.0,4.26,21.15,2.29,0.0,63,40.31,18,32.52,3654,A2,福井,53.0,53.0,6.66,53.27,6.55,46.94,45,33.85,69,30.83,4106,B1,佐賀,46.0,53.0,4.04,22.86,3.21,14.29,36,40.0,27,20.17,3286,B2,静岡,58.0,54.0,3.46,22.0,4.38,12.5,4,48.78,15,32.79,13.5,66.7,8.3,16.7,0.15,2.8,13.5,25.0,0.0,0.0,0.16,4.2,22.5,5.0,10.0,0.0,0.17,3.2,19.1,17.6,23.5,0.0,0.2,3.2,14.6,7.7,7.7,0.0,0.18,3.2,16.9,6.7,0.0,0.0,0.2,4.1,21.7,67.9,17.9,0.0,0.13,2.3,14.7,26.3,31.6,10.5,0.2,3.6,24.0,29.0,29.0,25.8,0.17,3.1,14.0,11.1,38.9,27.8,0.16,3.2,14.7,26.3,21.1,21.1,0.16,2.8,10.9,14.3,21.4,0.0,0.2,4.4,11.4,16.7,8.3,16.7,0.16,3.5,19.0,5.0,20.0,25.0,0.17,3.2,20.0,9.5,19.0,19.0,0.17,3.4,21.0,4.5,31.8,9.1,0.15,2.5,19.0,5.0,5.0,5.0,0.16,3.4,9.5,0.0,0.0,0.0,0.21,4.5,20.3,54.2,16.7,12.5,0.16,3.2,18.6,13.6,36.4,18.2,0.16,2.7,15.3,22.2,27.8,16.7,0.15,3.4,23.7,25.0,17.9,7.1,0.17,2.8,11.0,30.8,15.4,0.0,0.18,3.8,11.0,7.7,7.7,7.7,0.17,3.6,11.4,55.6,0.0,0.0,0.2,4.3,17.7,7.1,7.1,28.6,0.21,3.9,21.5,29.4,0.0,0.0,0.16,3.6,16.5,15.4,7.7,0.0,0.18,3.8,24.1,5.3,5.3,15.8,0.19,3.8,8.9,0.0,0.0,0.0,0.16,3.0,18.3,46.2,23.1,15.4,0.15,2.5,15.5,9.1,9.1,9.1,0.16,3.2,18.3,7.7,23.1,15.4,0.14,2.6,14.1,10.0,30.0,0.0,0.19,4.0,11.3,12.5,0.0,0.0,0.15,3.1,22.5,6.2,0.0,0.0,0.2,4.3
20261001,13,5,1800,4700,A2,埼玉,39.0,53.0,6.34,45.28,6.74,52.63,49,29.77,72,38.52,5257,A1,香川,22.0,52.0,6.54,47.58,6.36,46.43,37,38.28,42,35.0,4429,B1,広島,41.0,59.0,3.19,11.36,2.83,8.33,15,39.53,17,25.41,5128,B1,三重,29.0,55.0,3.79,14.75,2.92,8.33,47,28.79,43,40.0,3995,A2,静岡,47.0,55.0,6.28,47.54,7.65,60.0,41,18.45,54,31.45,5340,B1,愛知,25.0,45.0,4.21,23.33,3.53,17.65,59,25.6,49,36.8,18.8,66.7,9.5,9.5,0.17,2.6,13.4,13.3,26.7,40.0,0.18,3.8,19.6,9.1,45.5,9.1,0.14,2.7,21.4,8.3,16.7,29.2,0.14,2.8,13.4,26.7,13.3,0.0,0.15,3.0,13.4,20.0,26.7,0.0,0.15,3.3,21.2,61.8,11.8,14.7,0.14,3.0,16.2,23.1,34.6,15.4,0.19,3.4,17.5,10.7,28.6,28.6,0.15,2.8,14.4,21.7,13.0,17.4,0.16,2.9,18.1,10.3,20.7,27.6,0.15,3.2,12.5,15.0,20.0,0.0,0.15,3.5,14.1,45.5,18.2,0.0,0.16,2.9,16.7,7.7,23.1,0.0,0.16,3.0,19.2,6.7,13.3,13.3,0.17,3.6,21.8,23.5,0.0,0.0,0.21,4.4,12.8,0.0,0.0,0.0,0.21,4.7,15.4,0.0,0.0,0.0,0.23,5.2,10.7,12.5,25.0,12.5,0.21,4.0,17.3,15.4,15.4,15.4,0.19,3.4,18.7,14.3,14.3,28.6,0.16,3.1,21.3,6.2,25.0,18.8,0.18,3.8,18.7,14.3,42.9,0.0,0.18,4.1,13.3,10.0,0.0,0.0,0.22,4.0,20.8,90.9,4.5,0.0,0.12,1.8,17.0,5.6,22.2,33.3,0.12,2.4,15.1,12.5,37.5,12.5,0.11,1.8,16.0,17.6,17.6,29.4,0.09,1.5,16.0,5.9,23.5,29.4,0.1,1.9,15.1,6.2,12.5,18.8,0.13,3.2,0.0,0.0,0.0,0.0,0.0,0.0,3.1,33.3,33.3,33.3,0.1,1.3,25.5,4.0,16.0,16.0,0.17,3.2,18.4,5.6,11.1,22.2,0.16,3.2,19.4,5.3,36.8,0.0,0.19,3.6,33.7,6.1,9.1,0.0,0.15,2.8
20261001,13,6,1800,4539,A1,群馬,35.0,53.0,6.11,41.23,5.61,34.21,50,25.6,21,44.26,3478,B1,香川,55.0,52.0,5.19,33.0,4.65,20.59,18,41.98,44,39.67,4226,B1,山口,44.0,52.0,4.06,16.87,0.0,0.0,29,25.0,24,28.81,4298,A2,愛知,43.0,55.0,5.73,36.89,7.27,63.64,1,34.68,64,36.36,4546,B1,埼玉,38.0,47.0,7.12,55.56,6.84,53.33,58,22.41,30,39.68,5308,B1,福岡,22.0,53.0,4.34,23.96,5.32,36.84,17,38.89,19,37.9,18.1,84.0,12.0,4.0,0.12,1.9,15.9,22.7,27.3,0.0,0.13,2.6,18.8,11.5,34.6,19.2,0.13,2.2,14.5,20.0,20.0,5.0,0.11,2.2,15.9,4.5,22.7,18.2,0.14,2.6,16.7,4.3,4.3,21.7,0.14,3.0,13.8,69.2,15.4,7.7,0.14,2.8,17.0,12.5,12.5,18.8,0.16,3.3,20.2,10.5,5.3,26.3,0.16,3.4,12.8,8.3,25.0,25.0,0.18,3.3,21.3,5.0,15.0,20.0,0.15,3.2,14.9,7.1,21.4,0.0,0.22,5.0,15.7,52.9,11.8,11.8,0.16,3.0,17.6,5.3,31.6,10.5,0.17,3.7,20.4,4.5,22.7,18.2,0.15,2.9,14.8,12.5,6.2,18.8,0.14,2.7,18.5,5.0,10.0,10.0,0.16,3.0,13.0,7.1,0.0,0.0,0.13,2.5,21.1,63.0,25.9,3.7,0.15,3.2,18.0,13.0,47.8,26.1,0.15,3.2,16.4,4.8,38.1,28.6,0.16,3.0,18.0,8.7,13.0,30.4,0.18,3.8,15.6,10.0,25.0,0.0,0.17,4.1,10.9,14.3,21.4,0.0,0.2,4.9,19.2,71.4,14.3,0.0,0.16,2.9,17.8,15.4,7.7,7.7,0.17,3.6,17.8,23.1,15.4,15.4,0.14,2.4,16.4,33.3,8.3,0.0,0.19,4.0,16.4,33.3,25.0,0.0,0.2,4.0,12.3,11.1,33.3,0.0,0.17,3.9,8.5,25.0,12.5,0.0,0.2,3.5,21.3,10.0,50.0,10.0,0.17,3.9,17.0,6.2,6.2,25.0,0.14,3.7,20.2,21.1,0.0,0.0,0.15,4.2,21.3,5.0,15.0,0.0,0.21,4.0,11.7,18.2,18.2,0.0,0.15,3.1
20261001,13,7,1800,4219,B1,広島,44.0,53.0,3.91,10.0,4.53,26.67,40,40.15,25,31.45,5281,A1,徳島,23.0,45.0,5.82,39.56,6.03,37.93,25,39.39,26,45.08,5031,B1,福岡,29.0,54.0,4.93,32.53,4.29,14.29,2,36.29,60,34.17,4365,A2,兵庫,41.0,51.0,5.92,39.62,5.27,32.77,57,31.3,47,23.81,3901,B2,山口,49.0,51.0,4.77,33.68,3.5,20.0,6,22.41,11,29.75,4675,A2,大阪,38.0,50.0,5.59,34.21,4.79,42.86,38,22.41,33,31.4,10.9,27.3,9.1,9.1,0.17,2.8,18.8,26.3,5.3,0.0,0.17,4.3,17.8,5.6,22.2,0.0,0.19,4.3,22.8,13.0,26.1,0.0,0.18,3.6,19.8,10.0,0.0,0.0,0.19,4.0,9.9,10.0,20.0,0.0,0.22,4.8,18.6,81.0,4.8,0.0,0.12,2.2,15.0,47.1,29.4,0.0,0.15,2.8,15.9,16.7,27.8,22.2,0.12,2.3,16.8,15.8,21.1,10.5,0.14,3.1,18.6,14.3,23.8,19.0,0.15,2.0,15.0,5.9,11.8,23.5,0.18,3.9,10.1,60.0,10.0,30.0,0.15,3.2,20.2,10.0,25.0,25.0,0.15,3.0,20.2,5.0,20.0,25.0,0.15,2.4,16.2,37.5,0.0,0.0,0.22,3.6,19.2,10.5,15.8,0.0,0.2,4.1,14.1,14.3,0.0,0.0,0.22,5.5,19.0,52.6,15.8,15.8,0.14,2.7,19.0,15.8,36.8,26.3,0.16,3.3,13.0,15.4,23.1,30.8,0.18,3.5,15.0,40.0,20.0,6.7,0.17,2.5,16.0,6.2,12.5,0.0,0.18,3.4,18.0,11.1,0.0,0.0,0.22,4.0,8.7,75.0,0.0,0.0,0.25,5.0,23.9,9.1,18.2,18.2,0.22,4.6,17.4,25.0,25.0,0.0,0.21,4.3,19.6,11.1,22.2,0.0,0.2,3.9,23.9,9.1,9.1,0.0,0.2,4.5,6.5,0.0,0.0,0.0,0.28,5.7,17.3,28.6,14.3,14.3,0.17,4.1,17.3,57.1,7.1,0.0,0.15,2.4,14.8,16.7,8.3,50.0,0.15,3.2,16.0,23.1,7.7,30.8,0.15,2.0,19.8,12.5,12.5,31.2,0.1,1.8,14.8,16.7,25.0,8.3,0.13,2.8
20261001,13,8,1800,4443,B1,山口,40.0,51.0,5.59,40.78,5.91,31.82,43,15.09,53,33.06,4150,A2,静岡,44.0,56.0,6.03,42.42,6.78,55.56,31,34.65,57,33.61,4683,B2,広島,36.0,46.0,3.54,14.81,5.29,28.57,19,29.84,68,26.67,3854,A1,兵庫,54.0,52.0,7.06,49.5,7.43,53.85,42,17.89,46,31.45,3434,B1,福岡,57.0,57.0,4.6,27.78,3.92,25.0,7,36.92,45,36.52,4962,A2,三重,30.0,52.0,5.36,36.52,6.8,50.0,21,24.19,13,32.52,18.3,47.8,17.4,26.1,0.17,3.6,18.3,8.7,21.7,13.0,0.16,3.4,15.9,25.0,25.0,0.0,0.18,4.0,17.5,9.1,31.8,22.7,0.18,3.7,17.5,9.1,9.1,9.1,0.23,4.9,12.7,12.5,25.0,0.0,0.21,4.4,16.9,60.0,20.0,5.0,0.16,3.0,17.8,19.0,28.6,19.0,0.15,2.7,19.5,21.7,21.7,17.4,0.13,3.3,14.4,35.3,17.6,23.5,0.13,2.7,16.9,5.0,10.0,20.0,0.15,3.3,14.4,17.6,0.0,0.0,0.16,3.1,0.0,0.0,0.0,0.0,0.0,0.0,0.0,0.0,0.0,0.0,0.0,0.0,8.7,25.0,25.0,0.0,0.15,2.5,6.5,0.0,0.0,0.0,0.24,5.7,21.7,50.0,0.0,0.0,0.13,2.4,63.0,10.3,13.8,6.9,0.12,2.8,22.1,52.4,9.5,14.3,0.14,3.2,15.8,6.7,26.7,6.7,0.13,3.3,16.8,12.5,37.5,25.0,0.15,3.6,16.8,25.0,43.8,0.0,0.15,2.5,17.9,23.5,11.8,11.8,0.14,2.8,10.5,10.0,0.0,0.0,0.15,3.0,16.5,66.7,5.6,0.0,0.17,3.2,16.5,27.8,27.8,0.0,0.18,3.4,15.6,17.6,29.4,5.9,0.18,3.5,17.4,10.5,31.6,0.0,0.17,3.5,19.3,19.0,14.3,0.0,0.19,3.8,14.7,6.2,6.2,0.0,0.19,4.7,19.5,70.8,8.3,12.5,0.15,2.6,17.1,9.5,38.1,23.8,0.17,3.3,17.9,9.1,18.2,27.3,0.18,3.6,15.4,5.3,5.3,42.1,0.16,2.7,16.3,5.0,10.0,35.0,0.16,3.5,13.8,5.9,5.9,23.5,0.17,4.1
20261001,13,9,1800,5161,A2,兵庫,27.0,55.0,5.59,37.78,5.63,37.65,62,34.19,58,31.2,4819,A2,群馬,35.0,47.0,5.02,29.23,7.1,55.0,46,29.75,59,36.67,3974,B1,佐賀,49.0,52.0,4.49,23.08,3.88,28.0,24,30.16,55,39.52,3514,A2,福岡,59.0,52.0,5.46,36.0,5.62,42.31,5,36.51,74,43.09,3614,B1,広島,53.0,54.0,4.26,21.15,2.29,0.0,63,40.31,18,32.52,4254,A2,滋賀,43.0,52.0,5.81,40.68,5.47,26.32,44,33.59,41,36.89,15.8,75.0,18.8,0.0,0.12,2.4,14.9,13.3,26.7,13.3,0.18,2.9,17.8,22.2,22.2,11.1,0.14,2.9,19.8,25.0,20.0,15.0,0.14,2.9,14.9,13.3,33.3,13.3,0.15,3.5,16.8,11.8,23.5,0.0,0.16,3.4,20.6,59.1,22.7,13.6,0.16,3.0,15.0,6.2,37.5,18.8,0.17,3.0,15.0,18.8,25.0,37.5,0.14,2.4,13.1,14.3,7.1,21.4,0.16,2.9,16.8,5.6,5.6,50.0,0.18,3.2,19.6,4.8,9.5,0.0,0.21,4.1,12.3,22.2,33.3,22.2,0.14,2.4,17.8,15.4,15.4,15.4,0.16,3.3,24.7,38.9,22.2,0.0,0.18,3.3,17.8,7.7,15.4,7.7,0.14,3.2,13.7,30.0,0.0,0.0,0.18,3.3,13.7,0.0,0.0,0.0,0.18,4.2,20.9,71.4,10.7,7.1,0.15,2.3,14.9,35.0,15.0,15.0,0.16,3.3,15.7,9.5,19.0,23.8,0.16,3.0,17.2,8.7,13.0,21.7,0.18,3.2,14.9,10.0,5.0,20.0,0.18,4.1,16.4,4.5,13.6,0.0,0.19,4.3,11.4,16.7,8.3,16.7,0.16,3.5,19.0,5.0,20.0,25.0,0.17,3.2,20.0,9.5,19.0,19.0,0.17,3.4,21.0,4.5,31.8,9.1,0.15,2.5,19.0,5.0,5.0,5.0,0.16,3.4,9.5,0.0,0.0,0.0,0.21,4.5,19.4,60.0,20.0,0.0,0.11,1.9,12.6,7.7,15.4,38.5,0.12,2.5,17.5,22.2,16.7,22.2,0.15,1.8,16.5,23.5,23.5,0.0,0.13,2.4,16.5,11.8,11.8,11.8,0.17,2.9,17.5,33.3,0.0,0.0,0.19,4.3
20261001,13,10,1800,3995,A2,静岡,47.0,55.0,6.28,47.54,7.65,60.0,41,18.45,54,31.45,3654,A2,福井,53.0,53.0,6.66,53.27,6.55,46.94,45,33.85,69,30.83,3790,B1,群馬,54.0,54.0,4.55,23.6,4.0,25.0,33,27.91,22,26.83,4226,B1,山口,44.0,52.0,4.06,16.87,0.0,0.0,29,25.0,24,28.81,5218,A1,香川,26.0,46.0,5.35,32.14,4.47,29.41,48,31.5,63,28.0,4639,B1,大阪,35.0,53.0,4.01,22.62,4.26,23.26,9,38.17,61,31.97,20.8,90.9,4.5,0.0,0.12,1.8,17.0,5.6,22.2,33.3,0.12,2.4,15.1,12.5,37.5,12.5,0.11,1.8,16.0,17.6,17.6,29.4,0.09,1.5,16.0,5.9,23.5,29.4,0.1,1.9,15.1,6.2,12.5,18.8,0.13,3.2,20.3,54.2,16.7,12.5,0.16,3.2,18.6,13.6,36.4,18.2,0.16,2.7,15.3,22.2,27.8,16.7,0.15,3.4,23.7,25.0,17.9,7.1,0.17,2.8,11.0,30.8,15.4,0.0,0.18,3.8,11.0,7.7,7.7,7.7,0.17,3.6,16.1,28.6,14.3,14.3,0.17,3.1,18.4,6.2,31.2,25.0,0.19,3.6,14.9,23.1,7.7,0.0,0.18,3.8,21.8,15.8,42.1,0.0,0.19,4.2,16.1,7.1,35.7,0.0,0.21,4.3,12.6,0.0,0.0,0.0,0.24,4.7,15.7,52.9,11.8,11.8,0.16,3.0,17.6,5.3,31.6,10.5,0.17,3.7,20.4,4.5,22.7,18.2,0.15,2.9,14.8,12.5,6.2,18.8,0.14,2.7,18.5,5.0,10.0,10.0,0.16,3.0,13.0,7.1,0.0,0.0,0.13,2.5,18.8,73.1,7.7,15.4,0.13,2.7,12.3,11.8,29.4,17.6,0.15,2.4,16.7,4.3,34.8,30.4,0.14,2.5,23.9,27.3,15.2,18.2,0.15,2.7,15.2,19.0,14.3,23.8,0.14,2.7,13.0,11.1,22.2,0.0,0.18,3.2,15.2,50.0,31.2,0.0,0.14,3.0,19.0,5.0,20.0,5.0,0.16,3.6,17.1,11.1,11.1,27.8,0.16,3.4,22.9,4.2,16.7,12.5,0.15,3.0,17.1,5.6,11.1,0.0,0.21,4.0,8.6,11.1,0.0,0.0,0.18,3.4
20261001,13,11,1800,4654,A1,兵庫,40.0,54.0,6.3,42.22,6.4,47.06,34,31.15,39,30.23,3606,B1,滋賀,54.0,52.0,5.59,36.26,5.45,35.0,20,25.81,50,30.83,4298,A2,愛知,43.0,55.0,5.73,36.89,7.27,63.64,1,34.68,64,36.36,4700,A2,埼玉,39.0,53.0,6.34,45.28,6.74,52.63,49,29.77,72,38.52,4987,B1,群馬,29.0,48.0,3.85,18.82,3.18,7.14,16,46.34,23,34.13,4531,A2,佐賀,37.0,54.0,6.31,48.28,5.3,30.0,39,44.72,36,48.78,20.7,62.5,16.7,12.5,0.17,3.4,17.2,10.0,30.0,25.0,0.16,3.2,16.4,21.1,31.6,15.8,0.16,2.9,18.1,14.3,23.8,19.0,0.17,3.2,12.9,6.7,26.7,26.7,0.17,3.7,14.7,5.9,29.4,0.0,0.19,3.6,20.3,29.2,33.3,16.7,0.14,2.3,13.6,18.8,50.0,18.8,0.14,2.8,17.8,14.3,28.6,23.8,0.15,2.8,15.3,11.1,22.2,0.0,0.16,3.6,18.6,4.5,9.1,31.8,0.18,3.0,14.4,17.6,0.0,0.0,0.21,5.1,21.1,63.0,25.9,3.7,0.15,3.2,18.0,13.0,47.8,26.1,0.15,3.2,16.4,4.8,38.1,28.6,0.16,3.0,18.0,8.7,13.0,30.4,0.18,3.8,15.6,10.0,25.0,0.0,0.17,4.1,10.9,14.3,21.4,0.0,0.2,4.9,18.8,66.7,9.5,9.5,0.17,2.6,13.4,13.3,26.7,40.0,0.18,3.8,19.6,9.1,45.5,9.1,0.14,2.7,21.4,8.3,16.7,29.2,0.14,2.8,13.4,26.7,13.3,0.0,0.15,3.0,13.4,20.0,26.7,0.0,0.15,3.3,13.5,66.7,8.3,16.7,0.15,2.8,13.5,25.0,0.0,0.0,0.16,4.2,22.5,5.0,10.0,0.0,0.17,3.2,19.1,17.6,23.5,0.0,0.2,3.2,14.6,7.7,7.7,0.0,0.18,3.2,16.9,6.7,0.0,0.0,0.2,4.1,18.9,75.0,16.7,0.0,0.14,2.4,14.2,5.6,33.3,22.2,0.18,3.1,20.5,19.2,34.6,15.4,0.16,2.8,15.7,10.0,35.0,0.0,0.17,3.8,15.0,5.3,15.8,31.6,0.18,3.2,15.7,5.0,35.0,0.0,0.15,4.1
20261001,13,12,1800,3854,A1,兵庫,54.0,52.0,7.06,49.5,7.43,53.85,42,17.89,46,31.45,4539,A1,群馬,35.0,53.0,6.11,41.23,5.61,34.21,50,25.6,21,44.26,3556,A1,大阪,53.0,54.0,7.1,57.66,6.65,48.98,61,41.27,35,38.71,5257,A1,香川,22.0,52.0,6.54,47.58,6.36,46.43,37,38.28,42,35.0,5281,A1,徳島,23.0,45.0,5.82,39.56,6.03,37.93,25,39.39,26,45.08,4518,A1,愛知,39.0,52.0,6.45,51.35,7.11,61.11,56,49.58,70,28.57,22.1,52.4,9.5,14.3,0.14,3.2,15.8,6.7,26.7,6.7,0.13,3.3,16.8,12.5,37.5,25.0,0.15,3.6,16.8,25.0,43.8,0.0,0.15,2.5,17.9,23.5,11.8,11.8,0.14,2.8,10.5,10.0,0.0,0.0,0.15,3.0,18.1,84.0,12.0,4.0,0.12,1.9,15.9,22.7,27.3,0.0,0.13,2.6,18.8,11.5,34.6,19.2,0.13,2.2,14.5,20.0,20.0,5.0,0.11,2.2,15.9,4.5,22.7,18.2,0.14,2.6,16.7,4.3,4.3,21.7,0.14,3.0,24.8,64.3,17.9,17.9,0.14,2.8,12.4,7.1,50.0,21.4,0.13,3.1,16.8,31.6,31.6,10.5,0.13,2.5,14.2,12.5,18.8,25.0,0.15,3.4,16.8,10.5,15.8,26.3,0.15,2.6,15.0,11.8,11.8,0.0,0.13,3.4,21.2,61.8,11.8,14.7,0.14,3.0,16.2,23.1,34.6,15.4,0.19,3.4,17.5,10.7,28.6,28.6,0.15,2.8,14.4,21.7,13.0,17.4,0.16,2.9,18.1,10.3,20.7,27.6,0.15,3.2,12.5,15.0,20.0,0.0,0.15,3.5,18.6,81.0,4.8,0.0,0.12,2.2,15.0,47.1,29.4,0.0,0.15,2.8,15.9,16.7,27.8,22.2,0.12,2.3,16.8,15.8,21.1,10.5,0.14,3.1,18.6,14.3,23.8,19.0,0.15,2.0,15.0,5.9,11.8,23.5,0.18,3.9,21.7,67.9,17.9,0.0,0.13,2.3,14.7,26.3,31.6,10.5,0.2,3.6,24.0,29.0,29.0,25.8,0.17,3.1,14.0,11.1,38.9,27.8,0.16,3.2,14.7,26.3,21.1,21.1,0.16,2.8,10.9,14.3,21.4,0.0,0.2,4.4
20261001,12,1,1800,4272,B1,福岡,44.0,59.0,5.04,32.11,0.0,0.0,11,40.91,82,44.33,4211,B1,東京,43.0,59.0,4.73,30.61,4.96,27.66,50,28.95,25,29.52,4411,A2,大阪,40.0,54.0,5.46,33.04,5.05,30.11,51,40.91,35,30.84,4395,B1,福岡,40.0,55.0,4.73,25.58,0.0,0.0,15,27.83,83,26.17,4059,B1,東京,47.0,57.0,3.84,13.95,5.78,38.89,31,19.23,70,22.33,4651,B1,大阪,41.0,52.0,3.68,12.31,3.24,9.8,24,42.99,54,24.21,9.9,37.5,25.0,0.0,0.14,3.0,18.5,13.3,20.0,26.7,0.15,2.8,21.0,23.5,17.6,0.0,0.15,2.8,14.8,16.7,8.3,33.3,0.18,3.5,17.3,7.1,7.1,0.0,0.17,3.9,18.5,6.7,6.7,0.0,0.21,5.0,12.9,8.3,25.0,25.0,0.16,2.9,16.1,13.3,26.7,0.0,0.16,3.7,21.5,10.0,20.0,0.0,0.16,2.3,10.8,30.0,0.0,0.0,0.16,3.3,21.5,5.0,10.0,0.0,0.14,2.7,17.2,12.5,0.0,0.0,0.16,4.5,18.4,69.6,17.4,0.0,0.19,3.7,16.0,15.0,20.0,35.0,0.17,4.0,16.0,15.0,25.0,15.0,0.19,4.1,20.8,30.8,26.9,0.0,0.2,3.9,12.8,6.2,25.0,12.5,0.19,3.4,16.0,10.0,5.0,0.0,0.18,4.0,17.6,57.1,28.6,9.5,0.17,3.4,15.1,11.1,33.3,22.2,0.16,3.2,16.0,10.5,31.6,21.1,0.17,3.7,21.0,12.0,8.0,24.0,0.2,3.8,14.3,5.9,17.6,0.0,0.15,2.9,16.0,5.3,5.3,0.0,0.19,4.3,19.0,34.8,26.1,4.3,0.19,3.7,15.7,15.8,21.1,21.1,0.16,2.8,16.5,10.0,15.0,30.0,0.16,3.2,16.5,15.0,20.0,5.0,0.12,2.6,18.2,13.6,9.1,13.6,0.15,3.0,14.0,5.9,17.6,5.9,0.17,3.4,11.2,30.0,10.0,10.0,0.18,3.9,20.2,11.1,11.1,16.7,0.16,3.2,14.6,7.7,15.4,7.7,0.17,3.4,19.1,5.9,17.6,0.0,0.18,3.7,20.2,11.1,5.6,5.6,0.22,4.1,14.6,7.7,15.4,0.0,0.17,3.4
20261001,12,2,1800,4995,B1,東京,35.0,56.0,4.21,22.54,3.72,17.24,68,28.7,23,35.05,4104,B1,東京,47.0,56.0,4.81,31.43,3.75,12.5,13,26.32,87,31.25,5221,A1,大阪,25.0,54.0,6.74,52.48,5.84,39.31,52,29.36,28,38.78,3564,B1,福岡,56.0,53.0,4.4,28.0,4.28,22.22,72,30.84,22,46.88,4422,B1,大阪,38.0,51.0,4.46,22.22,5.05,27.27,36,16.81,84,24.53,5409,B2,福岡,21.0,57.0,2.89,12.96,0.0,0.0,78,17.92,77,34.62,12.0,50.0,8.3,8.3,0.19,2.3,20.0,20.0,20.0,30.0,0.18,3.5,17.0,17.6,5.9,0.0,0.18,3.1,17.0,23.5,17.6,0.0,0.19,3.2,18.0,16.7,22.2,0.0,0.2,3.8,16.0,6.2,12.5,0.0,0.23,4.6,16.7,46.7,26.7,0.0,0.16,2.8,15.6,7.1,7.1,42.9,0.15,2.6,15.6,14.3,35.7,7.1,0.17,2.5,21.1,5.3,10.5,21.1,0.15,2.6,15.6,7.1,21.4,0.0,0.13,2.5,15.6,7.1,7.1,7.1,0.14,2.6,21.9,67.6,8.8,5.9,0.14,2.2,14.2,18.2,36.4,18.2,0.15,3.5,16.1,20.0,28.0,20.0,0.15,3.1,16.8,19.2,11.5,23.1,0.14,2.5,16.1,12.0,36.0,20.0,0.16,3.4,14.8,4.3,4.3,17.4,0.16,4.0,11.2,23.1,38.5,7.7,0.16,3.8,18.1,19.0,9.5,28.6,0.17,3.5,18.1,14.3,14.3,4.8,0.17,3.6,22.4,11.5,23.1,15.4,0.16,3.2,19.8,4.3,4.3,13.0,0.18,3.5,10.3,0.0,0.0,0.0,0.13,3.8,12.6,61.5,23.1,7.7,0.16,2.8,17.5,11.1,22.2,33.3,0.15,2.9,20.4,4.8,23.8,9.5,0.18,3.6,17.5,33.3,0.0,0.0,0.18,4.2,20.4,4.8,9.5,9.5,0.18,4.0,11.7,8.3,16.7,0.0,0.2,4.2,0.0,0.0,0.0,0.0,0.0,0.0,0.0,0.0,0.0,0.0,0.0,0.0,0.0,0.0,0.0,0.0,0.0,0.0,2.7,0.0,0.0,0.0,0.18,3.5,16.2,8.3,0.0,0.0,0.14,2.1,81.1,5.0,0.0,0.0,0.16,2.8
20261001,12,3,1800,3602,B1,東京,56.0,52.0,4.37,22.62,5.06,27.78,38,50.0,56,27.45,4702,A1,東京,39.0,52.0,5.92,42.35,6.18,50.0,81,31.13,39,26.26,4697,B1,福岡,40.0,50.0,4.47,22.68,3.64,28.57,18,31.78,20,29.7,3432,B1,大阪,58.0,53.0,3.96,18.06,4.86,25.0,35,36.45,50,36.36,4122,A2,福岡,44.0,56.0,5.58,37.17,5.65,41.18,64,49.54,33,39.22,5450,B2,大阪,23.0,52.0,2.05,1.82,1.58,0.0,25,28.3,52,29.41,14.6,16.7,8.3,33.3,0.22,4.2,15.9,7.7,15.4,23.1,0.19,4.1,14.6,25.0,16.7,0.0,0.21,4.3,17.1,7.1,7.1,21.4,0.21,4.0,20.7,5.9,52.9,0.0,0.23,3.8,17.1,14.3,0.0,0.0,0.2,5.2,20.3,79.2,12.5,0.0,0.13,2.8,19.5,21.7,30.4,4.3,0.15,2.9,13.6,37.5,6.2,18.8,0.16,3.8,13.6,18.8,31.2,18.8,0.14,3.2,16.1,26.3,10.5,15.8,0.15,2.3,16.9,25.0,15.0,0.0,0.13,3.3,14.9,30.8,7.7,7.7,0.15,3.2,19.5,17.6,17.6,0.0,0.16,3.1,16.1,7.1,35.7,14.3,0.16,3.1,18.4,6.2,6.2,0.0,0.18,3.9,18.4,18.8,12.5,0.0,0.17,4.1,12.6,9.1,9.1,0.0,0.19,4.7,12.9,36.4,9.1,27.3,0.15,1.6,18.8,18.8,31.2,6.2,0.14,3.3,17.6,20.0,13.3,0.0,0.16,3.2,22.4,5.3,26.3,0.0,0.19,4.1,16.5,14.3,14.3,0.0,0.21,3.4,11.8,10.0,20.0,0.0,0.26,4.7,20.1,57.1,7.1,14.3,0.16,3.3,17.3,8.3,33.3,12.5,0.17,3.5,18.0,16.0,20.0,12.0,0.17,2.8,16.5,8.7,8.7,39.1,0.17,3.3,15.1,4.8,23.8,23.8,0.19,4.2,12.9,33.3,0.0,0.0,0.17,4.4,0.0,0.0,0.0,0.0,0.0,0.0,0.0,0.0,0.0,0.0,0.0,0.0,0.0,0.0,0.0,0.0,0.0,0.0,0.0,0.0,0.0,0.0,0.0,0.0,0.0,0.0,0.0,0.0,0.0,0.0,0.0,0.0,0.0,0.0,0.0,0.0
20261001,12,4,1800,3904,B1,大阪,49.0,56.0,4.88,33.33,6.1,45.71,83,29.2,18,27.72,3951,B1,大阪,50.0,55.0,4.77,25.3,5.4,35.0,28,29.36,69,36.63,4086,A2,東京,46.0,50.0,6.13,42.0,5.55,31.82,73,33.64,17,50.51,5022,B1,福岡,31.0,49.0,4.18,27.38,4.07,25.93,65,23.15,31,42.0,4815,B1,東京,36.0,53.0,4.51,25.64,5.43,34.78,57,38.89,55,37.86,4136,A1,福岡,46.0,54.0,6.3,41.27,6.22,51.85,80,46.36,38,28.04,17.5,57.1,21.4,14.3,0.15,2.8,15.0,8.3,33.3,8.3,0.18,3.9,16.2,15.4,15.4,23.1,0.16,3.9,16.2,15.4,7.7,0.0,0.19,3.5,20.0,6.2,18.8,12.5,0.19,4.1,15.0,33.3,0.0,0.0,0.23,4.7,15.3,29.4,23.5,5.9,0.19,3.6,21.6,16.7,20.8,20.8,0.19,4.5,18.0,10.0,20.0,25.0,0.21,3.9,15.3,5.9,11.8,41.2,0.18,3.9,18.9,9.5,14.3,19.0,0.2,4.1,10.8,8.3,0.0,0.0,0.23,4.5,18.4,57.1,14.3,19.0,0.12,2.3,16.7,10.5,31.6,26.3,0.16,3.1,13.2,26.7,40.0,20.0,0.15,3.1,15.8,16.7,22.2,27.8,0.14,2.8,19.3,4.5,31.8,9.1,0.14,3.4,16.7,5.3,21.1,0.0,0.19,3.8,10.1,14.3,14.3,0.0,0.18,2.9,20.3,14.3,21.4,7.1,0.18,4.1,15.9,9.1,27.3,0.0,0.18,3.5,17.4,16.7,16.7,0.0,0.18,3.4,20.3,14.3,0.0,0.0,0.18,3.5,15.9,0.0,0.0,0.0,0.19,3.9,15.9,52.9,11.8,0.0,0.2,3.8,12.1,15.4,15.4,7.7,0.21,4.7,15.0,31.2,18.8,0.0,0.21,3.8,16.8,5.6,5.6,22.2,0.19,3.8,11.2,8.3,8.3,25.0,0.16,3.4,29.0,6.5,12.9,0.0,0.21,4.9,21.8,75.0,8.3,12.5,0.13,2.6,16.4,11.1,38.9,33.3,0.17,3.4,14.5,25.0,31.2,12.5,0.15,2.4,14.5,6.2,37.5,31.2,0.17,4.5,15.5,5.9,17.6,29.4,0.19,4.1,17.3,15.8,26.3,0.0,0.2,4.3
20261001,12,5,1800,4424,A2,福岡,41.0,50.0,5.4,33.04,4.89,22.22,76,19.27,11,33.65,4357,A1,大阪,42.0,52.0,6.74,54.7,6.42,55.0,19,32.74,86,30.61,4314,A2,福岡,42.0,51.0,5.95,40.38,6.11,31.58,55,37.96,36,36.84,4598,B1,東京,42.0,52.0,5.86,42.31,4.4,30.0,23,32.74,89,36.46,4082,B1,大阪,47.0,51.0,6.01,43.48,5.22,35.14,56,33.03,72,40.0,4059,B1,東京,47.0,57.0,3.84,13.95,5.78,38.89,31,19.23,70,22.33,19.9,88.9,3.7,0.0,0.15,3.1,19.1,26.9,26.9,15.4,0.17,3.1,16.9,13.0,26.1,26.1,0.15,3.0,19.1,7.7,7.7,30.8,0.17,3.5,11.8,6.2,18.8,25.0,0.15,2.6,13.2,11.1,33.3,0.0,0.17,2.7,23.4,70.0,10.0,10.0,0.15,2.9,21.9,25.0,39.3,7.1,0.19,4.0,14.8,36.8,10.5,21.1,0.18,2.5,15.6,25.0,20.0,30.0,0.16,3.4,13.3,17.6,35.3,35.3,0.2,4.0,10.9,14.3,28.6,0.0,0.22,4.1,19.4,60.0,25.0,10.0,0.17,2.4,17.5,11.1,33.3,22.2,0.17,3.1,17.5,16.7,5.6,27.8,0.18,3.4,15.5,6.2,12.5,31.2,0.14,2.3,16.5,11.8,17.6,0.0,0.13,2.6,13.6,14.3,14.3,0.0,0.18,4.1,19.8,45.5,22.7,4.5,0.14,3.1,15.3,11.8,35.3,17.6,0.16,3.2,14.4,25.0,25.0,12.5,0.14,2.7,18.0,5.0,30.0,20.0,0.16,4.1,12.6,7.1,7.1,14.3,0.14,3.9,19.8,4.5,13.6,0.0,0.21,5.2,12.1,66.7,16.7,16.7,0.11,1.8,17.2,11.8,29.4,5.9,0.17,3.4,17.2,17.6,23.5,23.5,0.17,3.1,17.2,11.8,11.8,23.5,0.18,3.2,23.2,8.7,8.7,17.4,0.2,3.8,13.1,15.4,0.0,0.0,0.21,4.7,19.0,34.8,26.1,4.3,0.19,3.7,15.7,15.8,21.1,21.1,0.16,2.8,16.5,10.0,15.0,30.0,0.16,3.2,16.5,15.0,20.0,5.0,0.12,2.6,18.2,13.6,9.1,13.6,0.15,3.0,14.0,5.9,17.6,5.9,0.17,3.4
20261001,12,6,1800,4976,B1,東京,32.0,52.0,4.82,25.81,5.0,33.33,27,37.5,15,27.45,4560,A2,東京,35.0,55.0,5.53,28.79,5.77,38.46,84,32.73,65,36.19,4395,B1,福岡,40.0,55.0,4.73,25.58,0.0,0.0,15,27.83,83,26.17,4427,A1,大阪,41.0,52.0,7.11,57.01,6.33,43.09,62,29.09,34,30.39,3722,B1,福岡,56.0,53.0,3.94,12.5,3.25,0.0,21,23.89,59,43.75,3107,B1,大阪,62.0,53.0,3.87,17.02,5.2,31.71,30,24.56,51,41.67,17.1,33.3,27.8,33.3,0.19,3.7,16.2,23.5,17.6,17.6,0.22,4.6,19.0,25.0,15.0,15.0,0.18,2.9,21.9,4.3,21.7,17.4,0.21,3.8,16.2,11.8,29.4,0.0,0.2,4.3,9.5,10.0,10.0,0.0,0.2,4.6,18.3,50.0,22.7,9.1,0.14,2.3,19.2,21.7,21.7,26.1,0.14,2.6,15.8,10.5,21.1,36.8,0.15,2.7,15.0,11.1,22.2,22.2,0.12,2.1,15.8,10.5,31.6,15.8,0.14,2.5,15.8,5.3,5.3,21.1,0.2,4.1,17.6,57.1,28.6,9.5,0.17,3.4,15.1,11.1,33.3,22.2,0.16,3.2,16.0,10.5,31.6,21.1,0.17,3.7,21.0,12.0,8.0,24.0,0.2,3.8,14.3,5.9,17.6,0.0,0.15,2.9,16.0,5.3,5.3,0.0,0.19,4.3,19.0,77.3,13.6,0.0,0.14,2.2,14.7,5.9,23.5,23.5,0.15,3.3,19.8,26.1,13.0,26.1,0.12,3.1,13.8,12.5,25.0,12.5,0.16,3.2,16.4,15.8,5.3,31.6,0.11,2.6,16.4,5.3,15.8,0.0,0.14,3.7,11.7,45.5,0.0,0.0,0.16,2.8,18.1,5.9,17.6,0.0,0.18,3.3,22.3,4.8,9.5,14.3,0.18,3.7,11.7,18.2,0.0,0.0,0.16,3.4,19.1,5.6,5.6,0.0,0.17,4.3,17.0,12.5,0.0,0.0,0.25,5.2,13.3,20.0,10.0,10.0,0.15,3.2,21.3,25.0,18.8,0.0,0.18,4.3,20.0,13.3,20.0,0.0,0.18,3.7,14.7,9.1,18.2,0.0,0.19,3.3,18.7,7.1,0.0,0.0,0.19,3.6,12.0,22.2,0.0,0.0,0.2,4.2
20261001,12,7,1800,4697,B1,福岡,40.0,50.0,4.47,22.68,3.64,28.57,18,31.78,20,29.7,4099,A2,大阪,47.0,53.0,5.54,38.95,7.17,58.33,82,36.79,58,33.67,4651,B1,大阪,41.0,52.0,3.68,12.31,3.24,9.8,24,42.99,54,24.21,4944,B1,東京,35.0,54.0,4.2,17.05,5.13,37.5,63,24.77,60,27.88,5105,B1,福岡,27.0,52.0,4.15,22.68,4.75,30.0,61,34.86,16,29.25,4759,A1,東京,36.0,52.0,7.29,53.97,6.95,46.15,37,27.68,63,28.21,14.9,30.8,7.7,7.7,0.15,3.2,19.5,17.6,17.6,0.0,0.16,3.1,16.1,7.1,35.7,14.3,0.16,3.1,18.4,6.2,6.2,0.0,0.18,3.9,18.4,18.8,12.5,0.0,0.17,4.1,12.6,9.1,9.1,0.0,0.19,4.7,22.2,71.4,10.7,10.7,0.18,4.0,18.3,21.7,17.4,26.1,0.17,3.7,15.1,10.5,31.6,31.6,0.18,2.9,19.8,12.0,20.0,36.0,0.15,3.0,13.5,17.6,11.8,0.0,0.15,2.7,11.1,7.1,7.1,21.4,0.15,2.9,11.2,30.0,10.0,10.0,0.18,3.9,20.2,11.1,11.1,16.7,0.16,3.2,14.6,7.7,15.4,7.7,0.17,3.4,19.1,5.9,17.6,0.0,0.18,3.7,20.2,11.1,5.6,5.6,0.22,4.1,14.6,7.7,15.4,0.0,0.17,3.4,9.1,37.5,0.0,0.0,0.19,3.5,19.3,11.8,11.8,5.9,0.18,3.3,19.3,11.8,11.8,23.5,0.15,2.5,20.5,5.6,5.6,11.1,0.21,3.6,12.5,18.2,18.2,0.0,0.15,3.1,19.3,5.9,17.6,11.8,0.17,3.2,11.1,50.0,16.7,8.3,0.15,3.3,19.4,4.8,28.6,23.8,0.21,4.2,19.4,9.5,4.8,28.6,0.18,4.0,18.5,5.0,10.0,25.0,0.18,4.2,18.5,5.0,10.0,25.0,0.17,3.7,13.0,0.0,0.0,0.0,0.19,4.0,18.2,61.1,11.1,16.7,0.16,2.9,15.2,20.0,33.3,13.3,0.17,3.7,20.2,15.0,50.0,20.0,0.16,3.3,16.2,6.2,37.5,25.0,0.17,3.7,13.1,23.1,38.5,0.0,0.15,3.5,17.2,23.5,0.0,0.0,0.17,4.2
20261001,12,8,1800,4411,A2,大阪,40.0,54.0,5.46,33.04,5.05,30.11,51,40.91,35,30.84,4367,B1,福岡,40.0,53.0,4.51,18.6,5.54,31.43,59,22.73,78,28.57,5028,A1,福岡,29.0,51.0,7.08,55.91,6.04,39.13,71,34.55,27,25.24,3904,B1,大阪,49.0,56.0,4.88,33.33,6.1,45.71,83,29.2,18,27.72,3613,A2,東京,53.0,52.0,5.96,42.34,5.32,36.36,16,36.04,74,24.75,4104,B1,東京,47.0,56.0,4.81,31.43,3.75,12.5,13,26.32,87,31.25,18.4,69.6,17.4,0.0,0.19,3.7,16.0,15.0,20.0,35.0,0.17,4.0,16.0,15.0,25.0,15.0,0.19,4.1,20.8,30.8,26.9,0.0,0.2,3.9,12.8,6.2,25.0,12.5,0.19,3.4,16.0,10.0,5.0,0.0,0.18,4.0,15.1,9.1,27.3,18.2,0.18,3.5,15.1,9.1,36.4,0.0,0.18,4.1,17.8,15.4,38.5,0.0,0.19,3.8,17.8,15.4,0.0,0.0,0.28,5.8,17.8,30.8,0.0,0.0,0.26,4.7,16.4,16.7,0.0,0.0,0.26,5.1,22.4,72.7,18.2,4.5,0.15,2.8,15.3,26.7,40.0,13.3,0.16,3.5,18.4,33.3,16.7,16.7,0.17,4.1,15.3,6.7,26.7,13.3,0.18,4.4,15.3,13.3,40.0,0.0,0.18,4.5,13.3,23.1,0.0,0.0,0.26,5.7,17.5,57.1,21.4,14.3,0.15,2.8,15.0,8.3,33.3,8.3,0.18,3.9,16.2,15.4,15.4,23.1,0.16,3.9,16.2,15.4,7.7,0.0,0.19,3.5,20.0,6.2,18.8,12.5,0.19,4.1,15.0,33.3,0.0,0.0,0.23,4.7,21.6,60.0,26.7,6.7,0.14,2.5,15.1,14.3,52.4,9.5,0.15,2.9,15.1,14.3,38.1,9.5,0.13,2.4,16.5,17.4,34.8,21.7,0.14,3.0,15.1,19.0,23.8,0.0,0.19,4.0,16.5,8.7,13.0,0.0,0.2,3.8,16.7,46.7,26.7,0.0,0.16,2.8,15.6,7.1,7.1,42.9,0.15,2.6,15.6,14.3,35.7,7.1,0.17,2.5,21.1,5.3,10.5,21.1,0.15,2.6,15.6,7.1,21.4,0.0,0.13,2.5,15.6,7.1,7.1,7.1,0.14,2.6
20261001,12,9,1800,4042,A2,大阪,47.0,53.0,6.98,48.28,6.22,40.68,58,40.91,67,40.2,4138,B1,大阪,45.0,52.0,4.51,30.23,5.22,32.2,26,27.1,12,38.61,4815,B1,東京,36.0,53.0,4.51,25.64,5.43,34.78,57,38.89,55,37.86,4330,A2,福岡,43.0,53.0,6.17,46.79,6.54,48.57,20,44.34,14,32.69,4608,A2,東京,37.0,55.0,6.06,43.75,6.5,55.0,67,28.18,79,37.11,4314,A2,福岡,42.0,51.0,5.95,40.38,6.11,31.58,55,37.96,36,36.84,21.8,61.3,19.4,3.2,0.17,3.5,14.1,20.0,40.0,15.0,0.16,3.6,16.2,4.3,30.4,39.1,0.15,3.3,16.2,17.4,13.0,21.7,0.16,3.4,13.4,5.3,26.3,21.1,0.19,3.7,18.3,3.8,15.4,19.2,0.2,4.6,14.7,35.7,14.3,21.4,0.17,3.4,17.9,5.9,5.9,29.4,0.19,3.4,18.9,11.1,22.2,0.0,0.16,3.4,15.8,13.3,13.3,0.0,0.14,2.5,20.0,5.3,15.8,10.5,0.15,2.7,12.6,16.7,0.0,0.0,0.16,3.8,15.9,52.9,11.8,0.0,0.2,3.8,12.1,15.4,15.4,7.7,0.21,4.7,15.0,31.2,18.8,0.0,0.21,3.8,16.8,5.6,5.6,22.2,0.19,3.8,11.2,8.3,8.3,25.0,0.16,3.4,29.0,6.5,12.9,0.0,0.21,4.9,20.3,68.0,20.0,8.0,0.14,2.2,14.6,22.2,33.3,0.0,0.12,2.0,21.1,23.1,19.2,15.4,0.13,2.1,14.6,33.3,5.6,16.7,0.12,2.3,15.4,5.3,21.1,26.3,0.11,2.2,13.8,5.9,23.5,0.0,0.11,2.1,21.2,61.1,27.8,5.6,0.14,2.8,14.1,25.0,25.0,0.0,0.18,3.9,18.8,25.0,37.5,18.8,0.17,3.6,20.0,5.9,11.8,35.3,0.18,3.2,15.3,7.7,23.1,23.1,0.19,3.1,10.6,22.2,0.0,0.0,0.17,3.9,19.4,60.0,25.0,10.0,0.17,2.4,17.5,11.1,33.3,22.2,0.17,3.1,17.5,16.7,5.6,27.8,0.18,3.4,15.5,6.2,12.5,31.2,0.14,2.3,16.5,11.8,17.6,0.0,0.13,2.6,13.6,14.3,14.3,0.0,0.18,4.1
20261001,12,10,1800,4351,A1,福岡,40.0,54.0,7.07,54.64,0.0,0.0,70,40.37,19,23.58,4122,A2,福岡,44.0,56.0,5.58,37.17,5.65,41.18,64,49.54,33,39.22,4976,B1,東京,32.0,52.0,4.82,25.81,5.0,33.33,27,37.5,15,27.45,4995,B1,東京,35.0,56.0,4.21,22.54,3.72,17.24,68,28.7,23,35.05,5289,A2,大阪,25.0,52.0,5.61,38.94,4.43,20.87,14,26.55,30,41.98,3951,B1,大阪,50.0,55.0,4.77,25.3,5.4,35.0,28,29.36,69,36.63,27.5,63.6,13.6,6.8,0.14,2.3,11.9,15.8,21.1,31.6,0.15,2.8,18.8,46.7,26.7,13.3,0.12,2.0,13.8,22.7,13.6,22.7,0.14,2.5,12.5,20.0,20.0,30.0,0.11,2.2,15.6,12.0,12.0,24.0,0.11,2.4,20.1,57.1,7.1,14.3,0.16,3.3,17.3,8.3,33.3,12.5,0.17,3.5,18.0,16.0,20.0,12.0,0.17,2.8,16.5,8.7,8.7,39.1,0.17,3.3,15.1,4.8,23.8,23.8,0.19,4.2,12.9,33.3,0.0,0.0,0.17,4.4,17.1,33.3,27.8,33.3,0.19,3.7,16.2,23.5,17.6,17.6,0.22,4.6,19.0,25.0,15.0,15.0,0.18,2.9,21.9,4.3,21.7,17.4,0.21,3.8,16.2,11.8,29.4,0.0,0.2,4.3,9.5,10.0,10.0,0.0,0.2,4.6,12.0,50.0,8.3,8.3,0.19,2.3,20.0,20.0,20.0,30.0,0.18,3.5,17.0,17.6,5.9,0.0,0.18,3.1,17.0,23.5,17.6,0.0,0.19,3.2,18.0,16.7,22.2,0.0,0.2,3.8,16.0,6.2,12.5,0.0,0.23,4.6,14.4,53.8,23.1,15.4,0.14,3.3,17.8,12.5,56.2,0.0,0.17,3.5,16.7,6.7,20.0,40.0,0.18,3.2,18.9,17.6,5.9,41.2,0.14,2.8,17.8,6.2,12.5,31.2,0.14,2.9,14.4,23.1,7.7,0.0,0.18,3.3,15.3,29.4,23.5,5.9,0.19,3.6,21.6,16.7,20.8,20.8,0.19,4.5,18.0,10.0,20.0,25.0,0.21,3.9,15.3,5.9,11.8,41.2,0.18,3.9,18.9,9.5,14.3,19.0,0.2,4.1,10.8,8.3,0.0,0.0,0.23,4.5
20261001,12,11,1800,4366,A1,東京,40.0,56.0,6.09,37.08,6.62,44.83,12,27.68,81,40.21,5105,B1,福岡,27.0,52.0,4.15,22.68,4.75,30.0,61,34.86,16,29.25,4082,B1,大阪,47.0,51.0,6.01,43.48,5.22,35.14,56,33.03,72,40.0,5221,A1,大阪,25.0,54.0,6.74,52.48,5.84,39.31,52,29.36,28,38.78,4272,B1,福岡,44.0,59.0,5.04,32.11,0.0,0.0,11,40.91,82,44.33,4560,A2,東京,35.0,55.0,5.53,28.79,5.77,38.46,84,32.73,65,36.19,24.0,72.2,8.3,8.3,0.15,2.8,16.7,16.0,44.0,28.0,0.13,2.7,15.3,17.4,26.1,26.1,0.15,3.1,15.3,21.7,17.4,39.1,0.11,2.6,17.3,19.2,19.2,34.6,0.11,2.3,11.3,11.8,17.6,0.0,0.19,3.4,11.1,50.0,16.7,8.3,0.15,3.3,19.4,4.8,28.6,23.8,0.21,4.2,19.4,9.5,4.8,28.6,0.18,4.0,18.5,5.0,10.0,25.0,0.18,4.2,18.5,5.0,10.0,25.0,0.17,3.7,13.0,0.0,0.0,0.0,0.19,4.0,12.1,66.7,16.7,16.7,0.11,1.8,17.2,11.8,29.4,5.9,0.17,3.4,17.2,17.6,23.5,23.5,0.17,3.1,17.2,11.8,11.8,23.5,0.18,3.2,23.2,8.7,8.7,17.4,0.2,3.8,13.1,15.4,0.0,0.0,0.21,4.7,21.9,67.6,8.8,5.9,0.14,2.2,14.2,18.2,36.4,18.2,0.15,3.5,16.1,20.0,28.0,20.0,0.15,3.1,16.8,19.2,11.5,23.1,0.14,2.5,16.1,12.0,36.0,20.0,0.16,3.4,14.8,4.3,4.3,17.4,0.16,4.0,9.9,37.5,25.0,0.0,0.14,3.0,18.5,13.3,20.0,26.7,0.15,2.8,21.0,23.5,17.6,0.0,0.15,2.8,14.8,16.7,8.3,33.3,0.18,3.5,17.3,7.1,7.1,0.0,0.17,3.9,18.5,6.7,6.7,0.0,0.21,5.0,18.3,50.0,22.7,9.1,0.14,2.3,19.2,21.7,21.7,26.1,0.14,2.6,15.8,10.5,21.1,36.8,0.15,2.7,15.0,11.1,22.2,22.2,0.12,2.1,15.8,10.5,31.6,15.8,0.14,2.5,15.8,5.3,5.3,21.1,0.2,4.1
20261001,12,12,1800,4427,A1,大阪,41.0,52.0,7.11,57.01,6.33,43.09,62,29.09,34,30.39,4136,A1,福岡,46.0,54.0,6.3,41.27,6.22,51.85,80,46.36,38,28.04,4759,A1,東京,36.0,52.0,7.29,53.97,6.95,46.15,37,27.68,63,28.21,4702,A1,東京,39.0,52.0,5.92,42.35,6.18,50.0,81,31.13,39,26.26,4357,A1,大阪,42.0,52.0,6.74,54.7,6.42,55.0,19,32.74,86,30.61,5028,A1,福岡,29.0,51.0,7.08,55.91,6.04,39.13,71,34.55,27,25.24,19.0,77.3,13.6,0.0,0.14,2.2,14.7,5.9,23.5,23.5,0.15,3.3,19.8,26.1,13.0,26.1,0.12,3.1,13.8,12.5,25.0,12.5,0.16,3.2,16.4,15.8,5.3,31.6,0.11,2.6,16.4,5.3,15.8,0.0,0.14,3.7,21.8,75.0,8.3,12.5,0.13,2.6,16.4,11.1,38.9,33.3,0.17,3.4,14.5,25.0,31.2,12.5,0.15,2.4,14.5,6.2,37.5,31.2,0.17,4.5,15.5,5.9,17.6,29.4,0.19,4.1,17.3,15.8,26.3,0.0,0.2,4.3,18.2,61.1,11.1,16.7,0.16,2.9,15.2,20.0,33.3,13.3,0.17,3.7,20.2,15.0,50.0,20.0,0.16,3.3,16.2,6.2,37.5,25.0,0.17,3.7,13.1,23.1,38.5,0.0,0.15,3.5,17.2,23.5,0.0,0.0,0.17,4.2,20.3,79.2,12.5,0.0,0.13,2.8,19.5,21.7,30.4,4.3,0.15,2.9,13.6,37.5,6.2,18.8,0.16,3.8,13.6,18.8,31.2,18.8,0.14,3.2,16.1,26.3,10.5,15.8,0.15,2.3,16.9,25.0,15.0,0.0,0.13,3.3,23.4,70.0,10.0,10.0,0.15,2.9,21.9,25.0,39.3,7.1,0.19,4.0,14.8,36.8,10.5,21.1,0.18,2.5,15.6,25.0,20.0,30.0,0.16,3.4,13.3,17.6,35.3,35.3,0.2,4.0,10.9,14.3,28.6,0.0,0.22,4.1,22.4,72.7,18.2,4.5,0.15,2.8,15.3,26.7,40.0,13.3,0.16,3.5,18.4,33.3,16.7,16.7,0.17,4.1,15.3,6.7,26.7,13.3,0.18,4.4,15.3,13.3,40.0,0.0,0.18,4.5,13.3,23.1,0.0,0.0,0.26,5.7
20261001,09,1,1800,3931,A2,三重,50.0,50.0,6.26,42.37,5.69,35.63,28,33.54,13,35.09,4625,B1,静岡,40.0,52.0,5.16,30.77,4.52,30.77,43,27.61,69,35.36,4200,B1,大阪,44.0,55.0,4.43,17.53,4.21,21.05,38,37.65,44,30.23,5315,B2,埼玉,26.0,51.0,2.73,11.39,1.14,0.0,21,37.8,33,45.9,3445,B1,埼玉,56.0,53.0,5.04,31.52,5.94,39.39,30,31.07,17,31.33,4457,B1,愛知,40.0,53.0,4.44,25.33,3.22,11.11,41,42.29,34,39.64,18.4,43.8,25.0,6.2,0.14,2.5,13.8,25.0,33.3,16.7,0.16,2.3,17.2,13.3,26.7,26.7,0.15,2.9,17.2,6.7,26.7,13.3,0.15,2.9,12.6,9.1,36.4,0.0,0.15,2.6,20.7,5.6,11.1,27.8,0.16,3.3,13.3,53.8,15.4,0.0,0.18,2.6,18.4,22.2,5.6,22.2,0.2,4.3,20.4,10.0,25.0,15.0,0.16,3.5,15.3,20.0,20.0,6.7,0.17,2.7,17.3,11.8,11.8,0.0,0.16,3.4,15.3,13.3,13.3,0.0,0.19,3.9,15.5,41.2,23.5,17.6,0.18,2.9,13.6,13.3,6.7,13.3,0.21,3.9,19.1,4.8,19.0,14.3,0.19,3.3,20.9,4.3,8.7,13.0,0.17,3.1,15.5,17.6,5.9,0.0,0.17,3.6,15.5,5.9,17.6,0.0,0.2,3.9,9.9,28.6,0.0,0.0,0.18,3.0,11.3,12.5,12.5,0.0,0.22,5.4,16.9,8.3,16.7,0.0,0.18,3.5,15.5,9.1,0.0,0.0,0.17,3.2,15.5,18.2,0.0,0.0,0.2,4.1,31.0,4.5,0.0,0.0,0.24,4.9,15.7,44.4,16.7,11.1,0.17,3.7,17.4,5.0,20.0,30.0,0.23,4.3,17.4,30.0,25.0,0.0,0.18,4.0,17.4,5.0,25.0,0.0,0.19,4.1,19.1,9.1,36.4,0.0,0.17,3.1,13.0,13.3,0.0,0.0,0.19,4.4,14.0,33.3,16.7,8.3,0.17,2.9,16.3,7.1,21.4,28.6,0.17,3.2,18.6,25.0,37.5,0.0,0.15,2.9,20.9,5.6,5.6,22.2,0.15,2.9,16.3,7.1,14.3,21.4,0.16,3.8,14.0,16.7,8.3,0.0,0.17,3.3
20261001,09,2,1800,3605,B1,三重,54.0,53.0,4.02,12.9,4.81,28.81,25,40.94,54,21.48,3891,B1,福井,50.0,54.0,3.42,14.53,4.11,22.22,57,22.81,27,28.57,4176,B2,兵庫,43.0,54.0,3.29,13.85,2.75,12.5,27,34.32,74,38.37,3306,B1,埼玉,58.0,55.0,3.91,18.63,5.53,23.53,11,27.85,22,37.16,3454,B1,岡山,55.0,57.0,5.28,35.42,4.41,14.81,72,32.16,38,29.12,5266,B1,愛知,26.0,53.0,4.31,21.98,3.35,18.6,18,35.25,65,32.2,17.0,50.0,12.5,6.2,0.2,3.8,17.0,37.5,6.2,0.0,0.18,4.1,18.1,11.8,5.9,29.4,0.17,3.8,13.8,7.7,7.7,0.0,0.2,4.3,19.1,5.6,0.0,0.0,0.18,3.5,14.9,0.0,0.0,0.0,0.2,4.6,12.7,15.4,7.7,0.0,0.18,3.2,18.6,10.5,10.5,21.1,0.16,3.9,20.6,14.3,14.3,0.0,0.17,3.7,16.7,11.8,0.0,0.0,0.19,3.7,20.6,4.8,4.8,0.0,0.2,3.5,10.8,18.2,0.0,0.0,0.18,3.8,8.3,25.0,0.0,0.0,0.19,3.5,22.9,9.1,18.2,0.0,0.19,3.5,10.4,20.0,0.0,0.0,0.14,3.2,22.9,9.1,18.2,0.0,0.21,4.1,25.0,8.3,25.0,0.0,0.19,3.8,10.4,0.0,0.0,0.0,0.11,2.8,16.5,20.0,20.0,20.0,0.14,3.0,18.7,5.9,23.5,0.0,0.16,3.8,16.5,13.3,6.7,20.0,0.18,3.4,19.8,11.1,11.1,27.8,0.14,2.4,16.5,6.7,13.3,0.0,0.17,3.1,12.1,18.2,0.0,0.0,0.16,3.2,20.9,26.3,31.6,31.6,0.21,3.3,16.5,6.7,26.7,13.3,0.15,3.8,14.3,23.1,23.1,30.8,0.15,3.2,13.2,8.3,16.7,25.0,0.14,2.3,15.4,14.3,14.3,21.4,0.15,2.6,19.8,11.1,0.0,0.0,0.19,4.1,15.7,52.9,17.6,5.9,0.15,2.4,19.4,28.6,28.6,0.0,0.16,3.2,16.7,16.7,16.7,16.7,0.13,2.9,15.7,5.9,11.8,11.8,0.16,2.6,18.5,15.0,10.0,10.0,0.15,3.0,13.9,20.0,0.0,0.0,0.16,3.1
20261001,09,3,1800,5103,B2,埼玉,28.0,54.0,3.96,24.56,3.33,0.0,44,45.22,26,37.2,5011,B1,長崎,29.0,53.0,3.85,18.81,2.67,11.11,32,36.91,53,23.62,4360,A2,静岡,41.0,53.0,5.45,32.2,5.33,29.63,13,37.11,64,31.41,4394,A2,福岡,40.0,53.0,6.03,38.46,6.0,42.86,34,24.03,39,33.6,5441,B1,愛知,20.0,49.0,3.3,9.09,3.57,14.29,63,30.16,48,30.07,4096,A1,長崎,44.0,54.0,6.66,50.42,6.63,48.15,53,31.58,23,36.02,13.2,30.0,10.0,0.0,0.17,3.6,13.2,30.0,10.0,0.0,0.17,3.3,14.5,9.1,27.3,0.0,0.2,4.4,14.5,9.1,18.2,0.0,0.21,4.3,11.8,11.1,33.3,0.0,0.19,3.8,32.9,4.0,4.0,4.0,0.21,4.3,12.6,27.3,27.3,18.2,0.14,2.6,18.4,12.5,12.5,0.0,0.14,3.6,18.4,25.0,18.8,0.0,0.15,3.2,19.5,5.9,11.8,0.0,0.14,2.6,14.9,7.7,0.0,0.0,0.16,2.9,16.1,7.1,7.1,0.0,0.18,3.7,14.2,40.0,13.3,33.3,0.17,3.3,16.0,11.8,47.1,11.8,0.21,3.9,18.9,25.0,40.0,0.0,0.18,3.9,18.9,20.0,20.0,15.0,0.17,2.9,16.0,11.8,23.5,11.8,0.16,4.1,16.0,5.9,11.8,35.3,0.19,4.1,16.7,50.0,22.2,5.6,0.14,2.2,14.8,12.5,37.5,6.2,0.14,2.9,22.2,8.3,33.3,16.7,0.16,2.5,16.7,11.1,22.2,44.4,0.16,2.9,16.7,11.1,16.7,27.8,0.15,3.2,13.0,7.1,21.4,7.1,0.18,3.5,0.0,0.0,0.0,0.0,0.0,0.0,0.0,0.0,0.0,0.0,0.0,0.0,0.0,0.0,0.0,0.0,0.0,0.0,0.0,0.0,0.0,0.0,0.0,0.0,1.0,100.0,0.0,0.0,0.17,5.0,99.0,5.2,10.4,11.5,0.17,3.4,23.5,87.5,4.2,0.0,0.11,2.0,12.7,23.1,23.1,0.0,0.18,4.5,16.7,11.8,35.3,17.6,0.19,3.7,12.7,7.7,46.2,30.8,0.15,3.5,16.7,11.8,17.6,5.9,0.14,3.3,17.6,5.6,5.6,44.4,0.16,3.3
20261001,09,4,1800,3647,B1,埼玉,53.0,50.0,3.64,14.16,4.08,20.83,12,29.33,57,35.9,3743,A1,徳島,51.0,53.0,5.65,42.55,6.0,42.11,33,27.6,20,36.67,4402,A2,福岡,41.0,55.0,6.0,43.97,4.83,25.0,26,31.82,18,39.6,4022,B1,福岡,46.0,58.0,4.8,27.0,3.71,0.0,61,31.06,21,31.15,3811,A1,静岡,50.0,54.0,6.06,45.99,5.7,39.39,35,38.24,40,29.87,3550,B1,愛知,55.0,54.0,5.3,37.1,5.77,40.91,68,37.57,50,34.78,13.6,21.4,35.7,14.3,0.16,3.2,17.5,16.7,38.9,0.0,0.19,2.9,16.5,5.9,17.6,0.0,0.16,2.8,19.4,5.0,25.0,0.0,0.17,2.9,16.5,5.9,0.0,0.0,0.17,3.1,16.5,11.8,0.0,0.0,0.23,4.2,26.7,51.9,25.9,0.0,0.14,2.8,21.8,18.2,31.8,9.1,0.13,2.8,19.8,25.0,30.0,20.0,0.15,2.6,21.8,9.1,27.3,22.7,0.17,3.2,6.9,14.3,28.6,0.0,0.16,4.1,3.0,0.0,0.0,0.0,0.13,3.0,23.1,58.3,20.8,4.2,0.15,2.7,14.4,33.3,40.0,0.0,0.16,3.2,15.4,12.5,12.5,12.5,0.17,3.1,16.3,11.8,17.6,17.6,0.16,2.7,14.4,13.3,6.7,13.3,0.16,2.8,16.3,11.8,11.8,17.6,0.2,3.9,13.7,40.0,0.0,0.0,0.17,3.8,16.4,8.3,25.0,0.0,0.15,3.0,17.8,7.7,30.8,7.7,0.19,2.9,23.3,5.9,11.8,11.8,0.14,2.8,17.8,7.7,23.1,0.0,0.15,3.2,11.0,12.5,0.0,0.0,0.18,4.5,21.0,56.0,28.0,4.0,0.17,3.0,13.4,25.0,37.5,0.0,0.16,3.4,20.2,25.0,20.8,25.0,0.16,3.1,13.4,18.8,31.2,6.2,0.14,2.8,11.8,7.1,35.7,21.4,0.14,3.3,20.2,4.2,16.7,12.5,0.16,4.0,17.6,52.4,28.6,4.8,0.14,3.1,18.5,13.6,22.7,18.2,0.17,3.5,17.6,23.8,23.8,4.8,0.14,2.7,19.3,17.4,17.4,13.0,0.17,3.1,12.6,46.7,0.0,0.0,0.16,2.6,14.3,5.9,0.0,0.0,0.16,3.3
20261001,09,5,1800,4073,A1,静岡,45.0,52.0,6.65,54.03,6.21,42.42,20,29.11,67,35.0,4094,B1,福岡,45.0,53.0,4.59,26.88,5.74,36.84,52,30.77,52,33.13,4054,B1,岡山,48.0,53.0,4.63,25.77,3.92,23.08,31,42.77,41,18.94,4358,B1,三重,42.0,51.0,4.43,27.36,4.65,30.23,55,27.1,63,32.74,5208,B1,長崎,29.0,52.0,4.0,20.69,0.0,0.0,29,30.34,76,40.49,5456,B2,兵庫,20.0,52.0,2.07,2.99,0.0,0.0,62,29.61,51,26.67,21.4,71.4,14.3,3.6,0.12,2.3,15.3,10.0,45.0,20.0,0.14,2.5,17.6,17.4,30.4,30.4,0.15,2.6,15.3,20.0,15.0,15.0,0.14,2.9,17.6,13.0,17.4,21.7,0.16,3.2,13.0,5.9,11.8,17.6,0.2,4.5,15.0,41.7,33.3,0.0,0.16,2.7,20.0,31.2,25.0,0.0,0.19,3.9,12.5,20.0,10.0,0.0,0.19,3.8,20.0,6.2,25.0,0.0,0.18,3.1,20.0,18.8,0.0,0.0,0.18,3.7,12.5,10.0,0.0,0.0,0.23,4.9,15.1,37.5,12.5,0.0,0.17,3.1,14.2,33.3,6.7,0.0,0.13,2.9,18.9,10.0,35.0,20.0,0.18,2.9,16.0,5.9,17.6,23.5,0.14,3.2,17.0,38.9,11.1,0.0,0.15,2.9,18.9,10.0,5.0,0.0,0.17,3.3,14.9,27.3,36.4,0.0,0.17,4.1,18.9,7.1,28.6,21.4,0.2,4.6,13.5,10.0,40.0,0.0,0.2,3.8,20.3,13.3,13.3,0.0,0.25,5.5,18.9,7.1,7.1,0.0,0.24,4.9,13.5,0.0,0.0,0.0,0.27,5.4,15.3,46.7,20.0,6.7,0.13,2.5,17.3,5.9,11.8,35.3,0.14,3.1,16.3,12.5,18.8,0.0,0.18,3.3,19.4,15.8,31.6,0.0,0.14,2.8,17.3,5.9,11.8,0.0,0.17,3.1,14.3,7.1,7.1,7.1,0.16,3.7,0.0,0.0,0.0,0.0,0.0,0.0,0.0,0.0,0.0,0.0,0.0,0.0,0.0,0.0,0.0,0.0,0.0,0.0,0.0,0.0,0.0,0.0,0.0,0.0,0.0,0.0,0.0,0.0,0.0,0.0,0.0,0.0,0.0,0.0,0.0,0.0
20261001,09,6,1800,4380,B1,静岡,42.0,53.0,4.88,29.31,3.93,21.43,39,40.46,11,33.33,4509,A2,愛知,37.0,54.0,6.24,44.44,5.78,38.89,51,46.15,45,37.11,5266,B1,愛知,26.0,53.0,4.31,21.98,3.35,18.6,18,35.25,65,32.2,4578,A2,大阪,37.0,53.0,5.85,41.61,5.96,47.37,66,26.99,29,34.24,5315,B2,埼玉,26.0,51.0,2.73,11.39,1.14,0.0,21,37.8,33,45.9,4350,A1,福岡,40.0,54.0,8.09,65.65,6.56,33.33,47,32.04,36,27.94,13.8,53.8,15.4,7.7,0.14,2.2,20.2,5.3,21.1,15.8,0.14,3.8,20.2,5.3,15.8,15.8,0.19,3.4,17.0,12.5,12.5,12.5,0.17,3.8,12.8,8.3,0.0,0.0,0.17,3.5,16.0,6.7,6.7,6.7,0.19,4.2,18.9,52.4,19.0,9.5,0.17,3.2,14.4,18.8,18.8,31.2,0.18,2.7,14.4,18.8,18.8,25.0,0.18,3.1,16.2,5.6,22.2,44.4,0.17,3.4,20.7,4.3,8.7,26.1,0.17,3.3,15.3,11.8,35.3,0.0,0.22,4.6,15.7,52.9,17.6,5.9,0.15,2.4,19.4,28.6,28.6,0.0,0.16,3.2,16.7,16.7,16.7,16.7,0.13,2.9,15.7,5.9,11.8,11.8,0.16,2.6,18.5,15.0,10.0,10.0,0.15,3.0,13.9,20.0,0.0,0.0,0.16,3.1,21.0,63.6,18.2,4.5,0.14,2.2,14.3,20.0,33.3,6.7,0.18,3.1,17.1,16.7,44.4,5.6,0.16,3.2,17.1,33.3,33.3,0.0,0.19,4.0,15.2,6.2,18.8,0.0,0.22,3.6,15.2,12.5,18.8,0.0,0.23,4.7,9.9,28.6,0.0,0.0,0.18,3.0,11.3,12.5,12.5,0.0,0.22,5.4,16.9,8.3,16.7,0.0,0.18,3.5,15.5,9.1,0.0,0.0,0.17,3.2,15.5,18.2,0.0,0.0,0.2,4.1,31.0,4.5,0.0,0.0,0.24,4.9,25.0,89.3,7.1,0.0,0.12,2.3,18.8,19.0,38.1,9.5,0.12,2.8,9.8,36.4,36.4,0.0,0.11,2.4,15.2,17.6,17.6,29.4,0.14,3.3,19.6,4.5,31.8,13.6,0.14,3.2,11.6,7.7,30.8,0.0,0.12,3.4
20261001,09,7,1800,4336,B1,福岡,42.0,56.0,5.16,31.63,5.71,38.1,69,22.56,68,24.81,4319,A2,大阪,41.0,54.0,5.41,30.77,4.97,36.11,70,36.02,12,28.24,3605,B1,三重,54.0,53.0,4.02,12.9,4.81,28.81,25,40.94,54,21.48,4861,A2,福岡,38.0,52.0,5.17,29.46,3.6,16.0,50,33.15,56,36.16,4002,A1,兵庫,48.0,53.0,6.7,52.31,6.31,50.0,59,28.57,25,35.45,4200,B1,大阪,44.0,55.0,4.43,17.53,4.21,21.05,38,37.65,44,30.23,16.8,64.7,17.6,5.9,0.15,2.3,13.9,7.1,28.6,21.4,0.14,2.2,20.8,28.6,19.0,0.0,0.14,2.5,14.9,6.7,26.7,13.3,0.18,3.3,15.8,6.2,0.0,0.0,0.16,3.4,17.8,11.1,0.0,0.0,0.17,3.6,16.9,60.0,20.0,5.0,0.15,2.7,16.1,10.5,31.6,36.8,0.19,3.6,16.9,5.0,45.0,10.0,0.16,3.1,11.0,15.4,15.4,23.1,0.15,3.4,22.9,7.4,11.1,22.2,0.18,3.8,16.1,21.1,5.3,0.0,0.22,5.5,17.0,50.0,12.5,6.2,0.2,3.8,17.0,37.5,6.2,0.0,0.18,4.1,18.1,11.8,5.9,29.4,0.17,3.8,13.8,7.7,7.7,0.0,0.2,4.3,19.1,5.6,0.0,0.0,0.18,3.5,14.9,0.0,0.0,0.0,0.2,4.6,15.3,64.7,17.6,5.9,0.16,3.0,18.9,14.3,28.6,23.8,0.16,3.2,17.1,10.5,26.3,26.3,0.15,2.7,15.3,17.6,29.4,11.8,0.17,3.2,18.0,20.0,30.0,0.0,0.17,3.1,15.3,17.6,0.0,0.0,0.2,4.9,20.6,68.2,9.1,9.1,0.14,2.8,15.9,11.8,29.4,29.4,0.14,3.4,21.5,26.1,21.7,8.7,0.12,2.9,18.7,35.0,10.0,15.0,0.13,3.1,15.9,5.9,11.8,11.8,0.15,2.7,7.5,12.5,37.5,0.0,0.14,3.4,15.5,41.2,23.5,17.6,0.18,2.9,13.6,13.3,6.7,13.3,0.21,3.9,19.1,4.8,19.0,14.3,0.19,3.3,20.9,4.3,8.7,13.0,0.17,3.1,15.5,17.6,5.9,0.0,0.17,3.6,15.5,5.9,17.6,0.0,0.2,3.9
20261001,09,8,1800,5011,B1,長崎,29.0,53.0,3.85,18.81,2.67,11.11,32,36.91,53,23.62,4215,A2,愛知,42.0,56.0,5.51,37.1,5.04,34.69,22,40.45,73,32.96,4727,B1,福岡,39.0,56.0,4.33,18.75,4.75,25.0,64,31.67,47,27.46,3931,A2,三重,50.0,50.0,6.26,42.37,5.69,35.63,28,33.54,13,35.09,4176,B2,兵庫,43.0,54.0,3.29,13.85,2.75,12.5,27,34.32,74,38.37,3304,A1,徳島,58.0,52.0,5.72,35.56,5.95,42.86,60,26.67,71,28.33,12.6,27.3,27.3,18.2,0.14,2.6,18.4,12.5,12.5,0.0,0.14,3.6,18.4,25.0,18.8,0.0,0.15,3.2,19.5,5.9,11.8,0.0,0.14,2.6,14.9,7.7,0.0,0.0,0.16,2.9,16.1,7.1,7.1,0.0,0.18,3.7,20.0,55.6,14.8,7.4,0.14,2.9,11.9,6.2,18.8,25.0,0.17,3.6,17.0,26.1,26.1,17.4,0.15,3.3,17.0,13.0,4.3,21.7,0.15,3.4,16.3,9.1,31.8,27.3,0.17,3.4,17.8,4.2,33.3,0.0,0.22,4.2,11.2,20.0,40.0,0.0,0.15,2.4,18.0,6.2,37.5,6.2,0.15,3.6,20.2,22.2,27.8,0.0,0.14,2.6,18.0,6.2,6.2,18.8,0.17,3.4,21.3,5.3,5.3,15.8,0.16,3.9,11.2,20.0,0.0,0.0,0.15,2.9,18.4,43.8,25.0,6.2,0.14,2.5,13.8,25.0,33.3,16.7,0.16,2.3,17.2,13.3,26.7,26.7,0.15,2.9,17.2,6.7,26.7,13.3,0.15,2.9,12.6,9.1,36.4,0.0,0.15,2.6,20.7,5.6,11.1,27.8,0.16,3.3,8.3,25.0,0.0,0.0,0.19,3.5,22.9,9.1,18.2,0.0,0.19,3.5,10.4,20.0,0.0,0.0,0.14,3.2,22.9,9.1,18.2,0.0,0.21,4.1,25.0,8.3,25.0,0.0,0.19,3.8,10.4,0.0,0.0,0.0,0.11,2.8,20.3,76.7,16.7,6.7,0.16,4.0,18.9,7.1,42.9,32.1,0.19,4.3,15.5,26.1,30.4,17.4,0.17,3.8,14.2,14.3,14.3,23.8,0.18,3.3,18.2,7.4,7.4,37.0,0.17,3.6,12.8,10.5,15.8,0.0,0.19,4.5
20261001,09,9,1800,4040,A2,兵庫,47.0,58.0,5.93,39.53,6.0,47.06,49,36.71,61,26.45,4096,A1,長崎,44.0,54.0,6.66,50.42,6.63,48.15,53,31.58,23,36.02,4094,B1,福岡,45.0,53.0,4.59,26.88,5.74,36.84,52,30.77,52,33.13,3891,B1,福井,50.0,54.0,3.42,14.53,4.11,22.22,57,22.81,27,28.57,3743,A1,徳島,51.0,53.0,5.65,42.55,6.0,42.11,33,27.6,20,36.67,3712,B1,三重,52.0,56.0,4.76,33.68,5.13,34.07,14,28.14,24,32.31,19.1,65.4,11.5,7.7,0.16,2.8,19.9,3.7,44.4,11.1,0.14,2.9,15.4,14.3,33.3,4.8,0.15,2.7,16.9,34.8,8.7,26.1,0.15,3.3,10.3,21.4,7.1,35.7,0.14,3.1,18.4,8.0,12.0,0.0,0.13,2.7,23.5,87.5,4.2,0.0,0.11,2.0,12.7,23.1,23.1,0.0,0.18,4.5,16.7,11.8,35.3,17.6,0.19,3.7,12.7,7.7,46.2,30.8,0.15,3.5,16.7,11.8,17.6,5.9,0.14,3.3,17.6,5.6,5.6,44.4,0.16,3.3,15.0,41.7,33.3,0.0,0.16,2.7,20.0,31.2,25.0,0.0,0.19,3.9,12.5,20.0,10.0,0.0,0.19,3.8,20.0,6.2,25.0,0.0,0.18,3.1,20.0,18.8,0.0,0.0,0.18,3.7,12.5,10.0,0.0,0.0,0.23,4.9,12.7,15.4,7.7,0.0,0.18,3.2,18.6,10.5,10.5,21.1,0.16,3.9,20.6,14.3,14.3,0.0,0.17,3.7,16.7,11.8,0.0,0.0,0.19,3.7,20.6,4.8,4.8,0.0,0.2,3.5,10.8,18.2,0.0,0.0,0.18,3.8,26.7,51.9,25.9,0.0,0.14,2.8,21.8,18.2,31.8,9.1,0.13,2.8,19.8,25.0,30.0,20.0,0.15,2.6,21.8,9.1,27.3,22.7,0.17,3.2,6.9,14.3,28.6,0.0,0.16,4.1,3.0,0.0,0.0,0.0,0.13,3.0,13.6,33.3,33.3,8.3,0.16,3.1,19.3,5.9,11.8,23.5,0.16,2.9,18.2,6.2,12.5,31.2,0.16,2.6,17.0,13.3,20.0,6.7,0.17,3.1,18.2,18.8,6.2,0.0,0.17,3.2,13.6,8.3,8.3,0.0,0.19,3.6
20261001,09,10,1800,4402,A2,福岡,41.0,55.0,6.0,43.97,4.83,25.0,26,31.82,18,39.6,4903,A1,愛知,33.0,51.0,6.35,46.96,6.37,48.15,17,24.68,49,40.24,4380,B1,静岡,42.0,53.0,4.88,29.31,3.93,21.43,39,40.46,11,33.33,4049,A2,三重,46.0,56.0,5.95,38.28,6.58,48.55,36,38.55,31,39.02,4711,A2,福井,36.0,53.0,6.05,43.75,4.56,22.22,71,30.39,30,35.91,5441,B1,愛知,20.0,49.0,3.3,9.09,3.57,14.29,63,30.16,48,30.07,23.1,58.3,20.8,4.2,0.15,2.7,14.4,33.3,40.0,0.0,0.16,3.2,15.4,12.5,12.5,12.5,0.17,3.1,16.3,11.8,17.6,17.6,0.16,2.7,14.4,13.3,6.7,13.3,0.16,2.8,16.3,11.8,11.8,17.6,0.2,3.9,21.4,80.0,4.0,4.0,0.13,1.6,15.4,44.4,27.8,16.7,0.18,3.1,17.9,23.8,28.6,19.0,0.15,2.8,17.1,30.0,15.0,25.0,0.12,2.6,15.4,27.8,27.8,16.7,0.14,2.3,12.8,6.7,6.7,26.7,0.18,3.5,13.8,53.8,15.4,7.7,0.14,2.2,20.2,5.3,21.1,15.8,0.14,3.8,20.2,5.3,15.8,15.8,0.19,3.4,17.0,12.5,12.5,12.5,0.17,3.8,12.8,8.3,0.0,0.0,0.17,3.5,16.0,6.7,6.7,6.7,0.19,4.2,20.7,78.6,10.7,7.1,0.13,2.6,19.3,11.5,26.9,23.1,0.17,3.0,18.5,20.0,24.0,12.0,0.19,3.6,21.5,6.9,6.9,41.4,0.18,3.5,13.3,11.1,5.6,22.2,0.2,4.1,6.7,11.1,0.0,0.0,0.18,3.4,15.4,44.4,22.2,16.7,0.16,2.5,17.1,15.0,35.0,10.0,0.17,3.4,17.1,30.0,10.0,35.0,0.15,2.2,15.4,16.7,44.4,22.2,0.14,2.4,22.2,7.7,15.4,19.2,0.17,3.4,12.8,13.3,26.7,0.0,0.18,3.7,0.0,0.0,0.0,0.0,0.0,0.0,0.0,0.0,0.0,0.0,0.0,0.0,0.0,0.0,0.0,0.0,0.0,0.0,0.0,0.0,0.0,0.0,0.0,0.0,1.0,100.0,0.0,0.0,0.17,5.0,99.0,5.2,10.4,11.5,0.17,3.4
20261001,09,11,1800,3811,A1,静岡,50.0,54.0,6.06,45.99,5.7,39.39,35,38.24,40,29.87,5208,B1,長崎,29.0,52.0,4.0,20.69,0.0,0.0,29,30.34,76,40.49,4350,A1,福岡,40.0,54.0,8.09,65.65,6.56,33.33,47,32.04,36,27.94,4457,B1,愛知,40.0,53.0,4.44,25.33,3.22,11.11,41,42.29,34,39.64,4394,A2,福岡,40.0,53.0,6.03,38.46,6.0,42.86,34,24.03,39,33.6,4319,A2,大阪,41.0,54.0,5.41,30.77,4.97,36.11,70,36.02,12,28.24,21.0,56.0,28.0,4.0,0.17,3.0,13.4,25.0,37.5,0.0,0.16,3.4,20.2,25.0,20.8,25.0,0.16,3.1,13.4,18.8,31.2,6.2,0.14,2.8,11.8,7.1,35.7,21.4,0.14,3.3,20.2,4.2,16.7,12.5,0.16,4.0,15.3,46.7,20.0,6.7,0.13,2.5,17.3,5.9,11.8,35.3,0.14,3.1,16.3,12.5,18.8,0.0,0.18,3.3,19.4,15.8,31.6,0.0,0.14,2.8,17.3,5.9,11.8,0.0,0.17,3.1,14.3,7.1,7.1,7.1,0.16,3.7,25.0,89.3,7.1,0.0,0.12,2.3,18.8,19.0,38.1,9.5,0.12,2.8,9.8,36.4,36.4,0.0,0.11,2.4,15.2,17.6,17.6,29.4,0.14,3.3,19.6,4.5,31.8,13.6,0.14,3.2,11.6,7.7,30.8,0.0,0.12,3.4,14.0,33.3,16.7,8.3,0.17,2.9,16.3,7.1,21.4,28.6,0.17,3.2,18.6,25.0,37.5,0.0,0.15,2.9,20.9,5.6,5.6,22.2,0.15,2.9,16.3,7.1,14.3,21.4,0.16,3.8,14.0,16.7,8.3,0.0,0.17,3.3,16.7,50.0,22.2,5.6,0.14,2.2,14.8,12.5,37.5,6.2,0.14,2.9,22.2,8.3,33.3,16.7,0.16,2.5,16.7,11.1,22.2,44.4,0.16,2.9,16.7,11.1,16.7,27.8,0.15,3.2,13.0,7.1,21.4,7.1,0.18,3.5,16.9,60.0,20.0,5.0,0.15,2.7,16.1,10.5,31.6,36.8,0.19,3.6,16.9,5.0,45.0,10.0,0.16,3.1,11.0,15.4,15.4,23.1,0.15,3.4,22.9,7.4,11.1,22.2,0.18,3.8,16.1,21.1,5.3,0.0,0.22,5.5
20261001,09,12,1800,4002,A1,兵庫,48.0,53.0,6.7,52.31,6.31,50.0,59,28.57,25,35.45,4808,A2,三重,38.0,50.0,6.34,46.15,6.63,48.26,67,39.46,14,32.79,3445,B1,埼玉,56.0,53.0,5.04,31.52,5.94,39.39,30,31.07,17,31.33,4073,A1,静岡,45.0,52.0,6.65,54.03,6.21,42.42,20,29.11,67,35.0,4727,B1,福岡,39.0,56.0,4.33,18.75,4.75,25.0,64,31.67,47,27.46,4360,A2,静岡,41.0,53.0,5.45,32.2,5.33,29.63,13,37.11,64,31.41,20.6,68.2,9.1,9.1,0.14,2.8,15.9,11.8,29.4,29.4,0.14,3.4,21.5,26.1,21.7,8.7,0.12,2.9,18.7,35.0,10.0,15.0,0.13,3.1,15.9,5.9,11.8,11.8,0.15,2.7,7.5,12.5,37.5,0.0,0.14,3.4,19.0,73.7,5.3,5.3,0.15,2.6,18.0,11.1,22.2,27.8,0.15,3.5,13.0,23.1,15.4,23.1,0.16,3.2,19.0,5.3,5.3,21.1,0.16,3.9,13.0,15.4,30.8,0.0,0.17,4.3,18.0,5.6,16.7,0.0,0.2,4.4,15.7,44.4,16.7,11.1,0.17,3.7,17.4,5.0,20.0,30.0,0.23,4.3,17.4,30.0,25.0,0.0,0.18,4.0,17.4,5.0,25.0,0.0,0.19,4.1,19.1,9.1,36.4,0.0,0.17,3.1,13.0,13.3,0.0,0.0,0.19,4.4,21.4,71.4,14.3,3.6,0.12,2.3,15.3,10.0,45.0,20.0,0.14,2.5,17.6,17.4,30.4,30.4,0.15,2.6,15.3,20.0,15.0,15.0,0.14,2.9,17.6,13.0,17.4,21.7,0.16,3.2,13.0,5.9,11.8,17.6,0.2,4.5,11.2,20.0,40.0,0.0,0.15,2.4,18.0,6.2,37.5,6.2,0.15,3.6,20.2,22.2,27.8,0.0,0.14,2.6,18.0,6.2,6.2,18.8,0.17,3.4,21.3,5.3,5.3,15.8,0.16,3.9,11.2,20.0,0.0,0.0,0.15,2.9,14.2,40.0,13.3,33.3,0.17,3.3,16.0,11.8,47.1,11.8,0.21,3.9,18.9,25.0,40.0,0.0,0.18,3.9,18.9,20.0,20.0,15.0,0.17,2.9,16.0,11.8,23.5,11.8,0.16,4.1,16.0,5.9,11.8,35.3,0.19,4.1
20261001,07,1,1800,4863,B1,東京,37.0,55.0,3.99,15.85,5.53,41.18,48,36.36,74,42.31,4593,A2,大阪,45.0,52.0,5.95,37.9,5.42,29.17,35,44.44,72,32.14,4626,B1,愛知,40.0,51.0,3.93,20.93,5.12,37.25,34,41.38,26,53.33,3708,B1,岡山,52.0,56.0,5.3,33.0,4.8,30.0,73,30.77,59,44.83,4973,B1,埼玉,34.0,52.0,5.14,33.33,4.86,32.14,49,48.28,55,61.11,3327,A2,静岡,59.0,51.0,6.01,40.0,6.09,38.3,25,51.52,63,44.0,17.3,53.8,7.7,15.4,0.17,3.4,16.0,8.3,8.3,41.7,0.15,3.3,20.0,6.7,26.7,26.7,0.17,3.5,10.7,12.5,12.5,25.0,0.16,3.1,18.7,14.3,21.4,0.0,0.15,2.6,17.3,30.8,0.0,0.0,0.17,4.6,18.5,52.0,16.0,16.0,0.16,3.1,17.0,21.7,30.4,26.1,0.15,3.4,15.6,14.3,14.3,33.3,0.18,3.9,16.3,9.1,18.2,18.2,0.17,3.7,21.5,13.8,44.8,0.0,0.17,3.6,11.1,13.3,26.7,0.0,0.18,4.1,12.7,30.0,20.0,0.0,0.21,3.2,20.3,18.8,18.8,0.0,0.22,4.8,15.2,25.0,16.7,25.0,0.2,3.9,16.5,15.4,23.1,0.0,0.23,4.9,19.0,6.7,20.0,33.3,0.23,4.4,16.5,7.7,15.4,0.0,0.24,5.2,16.1,40.0,33.3,6.7,0.15,3.1,18.3,17.6,35.3,0.0,0.17,2.5,15.1,28.6,14.3,0.0,0.13,2.6,21.5,5.0,10.0,25.0,0.19,3.8,17.2,6.2,12.5,18.8,0.16,3.3,11.8,0.0,0.0,0.0,0.15,3.1,19.0,54.2,8.3,16.7,0.15,2.6,17.5,9.1,13.6,13.6,0.16,3.2,14.3,11.1,27.8,11.1,0.15,2.3,18.3,13.0,17.4,0.0,0.16,2.6,15.1,31.6,26.3,0.0,0.18,3.1,15.9,20.0,0.0,0.0,0.2,4.0,19.8,60.0,16.0,12.0,0.15,2.5,21.4,14.8,29.6,18.5,0.18,3.4,26.2,9.1,18.2,15.2,0.14,2.4,26.2,12.1,30.3,12.1,0.19,3.5,4.8,16.7,16.7,0.0,0.12,2.6,1.6,50.0,0.0,0.0,0.22,4.0
20261001,07,2,1800,3796,B1,静岡,53.0,54.0,4.23,23.81,5.23,30.77,31,67.57,62,27.59,4413,A2,福岡,40.0,51.0,5.98,36.84,6.57,38.1,53,44.83,61,30.43,4434,A2,広島,40.0,53.0,6.12,45.9,7.65,70.0,67,51.28,69,37.04,5033,B1,愛知,28.0,56.0,4.27,24.39,3.93,13.33,60,52.78,60,29.63,3912,B1,福井,52.0,51.0,5.99,43.75,5.95,45.45,66,62.16,51,33.33,4416,B1,広島,39.0,55.0,5.42,38.0,6.78,55.56,43,53.57,76,37.04,14.3,50.0,50.0,0.0,0.16,2.5,20.2,11.8,23.5,17.6,0.18,3.7,14.3,8.3,25.0,33.3,0.21,3.8,15.5,15.4,23.1,30.8,0.16,2.9,14.3,8.3,16.7,0.0,0.17,3.5,21.4,11.1,11.1,0.0,0.18,4.1,19.6,64.3,7.1,17.9,0.18,3.6,22.4,6.2,28.1,43.8,0.18,4.2,16.1,8.7,30.4,26.1,0.19,3.4,14.0,15.0,15.0,15.0,0.2,3.6,13.3,10.5,36.8,0.0,0.19,3.8,14.7,4.8,14.3,23.8,0.16,3.0,21.1,78.3,17.4,4.3,0.14,2.3,16.5,22.2,11.1,5.6,0.15,3.2,19.3,23.8,23.8,9.5,0.17,3.3,16.5,11.1,11.1,22.2,0.17,3.5,15.6,5.9,29.4,23.5,0.15,2.9,11.0,16.7,25.0,0.0,0.21,4.0,13.1,45.5,27.3,9.1,0.17,3.1,16.7,14.3,14.3,21.4,0.16,2.8,17.9,20.0,13.3,6.7,0.18,4.0,20.2,17.6,0.0,0.0,0.18,3.4,16.7,21.4,7.1,0.0,0.18,3.6,15.5,7.7,15.4,0.0,0.19,3.8,18.4,81.0,9.5,0.0,0.16,2.4,14.9,17.6,29.4,11.8,0.14,2.7,14.9,17.6,5.9,23.5,0.16,2.5,20.2,17.4,8.7,17.4,0.13,2.9,16.7,5.3,5.3,15.8,0.15,2.6,14.9,5.9,0.0,0.0,0.16,3.6,14.9,17.6,29.4,11.8,0.17,3.1,14.9,23.5,35.3,17.6,0.14,3.5,20.2,17.4,17.4,17.4,0.17,3.2,18.4,9.5,14.3,28.6,0.17,3.4,17.5,10.0,5.0,30.0,0.15,3.6,14.0,6.2,0.0,0.0,0.2,4.2
20261001,07,3,1800,4674,B1,福岡,39.0,52.0,5.37,30.0,5.38,38.1,19,25.0,45,33.33,4475,A1,山口,39.0,53.0,5.51,32.14,5.47,30.56,39,50.0,50,55.56,4521,B1,福岡,39.0,51.0,5.28,28.7,4.61,22.22,12,25.0,52,32.35,4979,B1,愛知,30.0,53.0,5.04,31.53,4.16,26.32,59,51.85,12,46.15,3563,B1,静岡,56.0,53.0,5.99,42.62,6.05,43.24,37,24.0,24,29.63,4643,A2,香川,33.0,53.0,6.57,48.15,5.31,25.0,52,35.48,15,37.04,19.1,61.5,26.9,3.8,0.15,2.4,16.2,18.2,13.6,18.2,0.16,3.2,16.9,4.3,17.4,30.4,0.14,2.7,13.2,11.1,16.7,22.2,0.17,3.3,17.6,4.2,20.8,0.0,0.14,2.4,16.9,13.0,21.7,0.0,0.14,3.3,21.3,74.1,14.8,7.4,0.15,2.3,16.5,33.3,38.1,0.0,0.17,3.4,18.9,20.8,33.3,16.7,0.14,2.1,17.3,18.2,18.2,36.4,0.15,2.7,12.6,18.8,37.5,0.0,0.16,3.5,13.4,11.8,23.5,0.0,0.19,4.1,19.5,56.5,17.4,4.3,0.18,3.7,17.8,4.8,23.8,14.3,0.18,4.3,16.1,10.5,10.5,10.5,0.21,4.5,13.6,6.2,25.0,0.0,0.22,4.4,17.8,4.8,4.8,28.6,0.23,4.9,15.3,11.1,0.0,0.0,0.27,5.4,16.9,57.1,14.3,14.3,0.15,3.1,14.5,11.1,16.7,5.6,0.16,3.6,17.7,18.2,36.4,0.0,0.18,3.4,21.0,19.2,7.7,19.2,0.14,2.7,16.9,4.8,23.8,9.5,0.18,3.0,12.9,25.0,0.0,0.0,0.19,3.6,16.4,38.9,27.8,11.1,0.15,3.0,19.1,4.8,23.8,23.8,0.14,3.2,20.0,27.3,22.7,0.0,0.14,2.6,23.6,19.2,23.1,0.0,0.17,3.8,15.5,11.8,17.6,5.9,0.18,3.2,5.5,0.0,0.0,0.0,0.14,3.5,19.3,70.6,11.8,5.9,0.11,1.8,17.0,20.0,40.0,6.7,0.11,2.5,14.8,30.8,23.1,15.4,0.12,2.5,20.5,5.6,27.8,27.8,0.14,3.2,17.0,6.7,26.7,13.3,0.14,2.4,11.4,10.0,20.0,0.0,0.2,3.5
20261001,07,4,1800,3442,B1,香川,57.0,55.0,4.27,22.0,3.0,0.0,57,26.47,18,29.63,4423,B1,岡山,37.0,55.0,5.68,38.74,3.8,15.0,36,29.63,13,35.29,4822,A2,佐賀,33.0,51.0,6.37,51.69,0.0,0.0,20,30.77,14,46.43,4811,B1,広島,37.0,50.0,4.92,28.33,4.33,22.22,70,26.92,31,32.43,4036,A1,埼玉,47.0,52.0,6.28,43.09,6.04,42.86,45,33.33,49,35.71,3441,B1,群馬,57.0,53.0,4.83,25.69,4.29,17.65,72,29.63,11,37.04,12.2,44.4,22.2,22.2,0.18,4.1,16.2,25.0,25.0,0.0,0.17,2.8,18.9,7.1,14.3,50.0,0.18,2.7,18.9,7.1,21.4,28.6,0.15,3.1,18.9,7.1,28.6,0.0,0.14,3.6,14.9,27.3,0.0,0.0,0.17,3.5,15.2,40.0,20.0,6.7,0.15,3.3,16.2,12.5,31.2,18.8,0.18,3.8,14.1,7.1,14.3,14.3,0.17,3.9,21.2,14.3,23.8,23.8,0.16,3.0,16.2,6.2,12.5,0.0,0.16,3.3,17.2,5.9,23.5,0.0,0.19,4.1,17.9,68.2,18.2,0.0,0.13,2.4,14.6,22.2,16.7,27.8,0.16,3.4,17.1,14.3,42.9,23.8,0.15,2.8,19.5,4.2,20.8,25.0,0.18,4.0,10.6,7.7,15.4,15.4,0.19,4.4,20.3,4.0,28.0,0.0,0.21,5.0,12.5,50.0,14.3,7.1,0.14,2.6,18.8,9.5,28.6,14.3,0.16,3.2,22.3,12.0,8.0,0.0,0.16,3.4,22.3,4.0,16.0,16.0,0.17,3.6,14.3,12.5,25.0,0.0,0.15,3.4,9.8,18.2,0.0,0.0,0.18,3.8,19.8,72.7,13.6,9.1,0.14,2.5,16.2,16.7,22.2,11.1,0.16,3.3,18.0,20.0,25.0,20.0,0.19,3.4,17.1,21.1,21.1,21.1,0.19,3.4,14.4,31.2,25.0,0.0,0.16,3.1,14.4,6.2,6.2,56.2,0.15,3.4,12.7,42.9,28.6,0.0,0.18,3.1,20.0,9.1,40.9,22.7,0.19,3.9,17.3,5.3,10.5,15.8,0.17,3.2,21.8,8.3,33.3,0.0,0.18,3.9,19.1,9.5,23.8,0.0,0.19,4.0,9.1,10.0,0.0,0.0,0.18,4.3
20261001,07,5,1800,5000,B1,山口,32.0,53.0,5.15,35.23,4.12,5.88,76,35.71,17,41.38,4245,B1,東京,44.0,53.0,4.68,26.04,4.26,17.65,33,53.85,53,45.71,4535,A2,東京,36.0,53.0,7.03,53.4,0.0,0.0,28,24.24,25,50.0,5008,B1,福岡,29.0,54.0,4.85,25.26,4.75,20.0,68,33.33,39,27.78,4060,B1,福岡,47.0,56.0,4.62,29.0,4.62,34.62,47,33.33,34,34.29,4308,A1,愛知,42.0,52.0,6.7,46.32,6.82,50.94,22,29.63,22,28.57,13.3,41.7,33.3,16.7,0.13,2.4,16.7,20.0,20.0,0.0,0.11,2.0,20.0,5.6,11.1,16.7,0.1,2.2,18.9,5.9,5.9,5.9,0.12,2.0,16.7,13.3,13.3,20.0,0.14,2.1,14.4,7.7,15.4,15.4,0.12,2.4,16.3,35.7,28.6,14.3,0.19,4.0,17.4,13.3,33.3,6.7,0.21,4.0,17.4,6.7,13.3,33.3,0.19,3.1,18.6,12.5,6.2,18.8,0.19,3.8,14.0,8.3,8.3,0.0,0.18,4.0,16.3,7.1,7.1,14.3,0.18,3.7,25.9,71.4,9.5,14.3,0.16,3.3,9.9,12.5,25.0,37.5,0.16,3.1,18.5,13.3,33.3,13.3,0.16,3.1,16.0,7.7,23.1,30.8,0.14,3.3,12.3,10.0,20.0,20.0,0.17,3.1,17.3,7.1,21.4,0.0,0.15,3.1,13.9,36.4,27.3,9.1,0.15,1.8,15.2,8.3,33.3,8.3,0.16,3.4,20.3,37.5,6.2,0.0,0.15,2.9,15.2,8.3,25.0,0.0,0.14,2.3,19.0,13.3,26.7,0.0,0.15,2.2,16.5,0.0,0.0,0.0,0.15,2.9,12.1,54.5,27.3,9.1,0.17,2.9,15.4,7.1,50.0,14.3,0.16,3.1,22.0,25.0,5.0,20.0,0.15,3.6,17.6,6.2,31.2,31.2,0.18,3.6,17.6,6.2,12.5,0.0,0.15,3.0,15.4,0.0,0.0,0.0,0.18,4.1,24.6,74.2,9.7,9.7,0.16,3.3,17.5,13.6,31.8,18.2,0.17,4.1,14.3,5.6,22.2,33.3,0.15,3.1,16.7,14.3,23.8,42.9,0.17,3.1,13.5,11.8,23.5,29.4,0.18,3.9,13.5,5.9,11.8,41.2,0.17,3.2
20261001,07,6,1800,4692,B1,福井,42.0,54.0,4.2,23.4,4.54,17.86,62,34.29,16,29.63,5033,B1,愛知,28.0,56.0,4.27,24.39,3.93,13.33,60,52.78,60,29.63,4486,A2,群馬,40.0,52.0,5.86,41.6,5.95,52.63,77,30.43,35,50.0,4863,B1,東京,37.0,55.0,3.99,15.85,5.53,41.18,48,36.36,74,42.31,4273,B1,静岡,44.0,54.0,4.96,30.19,4.89,26.32,30,54.29,23,41.38,4418,A1,岡山,39.0,53.0,7.39,53.08,8.53,47.06,65,26.47,40,44.12,16.5,23.5,35.3,11.8,0.14,3.1,11.7,16.7,25.0,0.0,0.14,2.5,16.5,5.9,11.8,11.8,0.13,2.5,11.7,33.3,16.7,0.0,0.09,1.8,19.4,30.0,15.0,0.0,0.12,1.7,24.3,8.0,16.0,12.0,0.11,2.0,13.1,45.5,27.3,9.1,0.17,3.1,16.7,14.3,14.3,21.4,0.16,2.8,17.9,20.0,13.3,6.7,0.18,4.0,20.2,17.6,0.0,0.0,0.18,3.4,16.7,21.4,7.1,0.0,0.18,3.6,15.5,7.7,15.4,0.0,0.19,3.8,15.0,50.0,16.7,8.3,0.17,3.3,23.8,5.3,47.4,10.5,0.17,3.3,13.8,18.2,18.2,9.1,0.18,3.0,17.5,7.1,21.4,0.0,0.17,4.0,21.2,5.9,41.2,11.8,0.19,3.8,8.8,14.3,28.6,0.0,0.17,3.1,17.3,53.8,7.7,15.4,0.17,3.4,16.0,8.3,8.3,41.7,0.15,3.3,20.0,6.7,26.7,26.7,0.17,3.5,10.7,12.5,12.5,25.0,0.16,3.1,18.7,14.3,21.4,0.0,0.15,2.6,17.3,30.8,0.0,0.0,0.17,4.6,16.2,64.7,11.8,11.8,0.18,3.6,18.1,15.8,21.1,21.1,0.18,3.6,16.2,11.8,17.6,29.4,0.2,3.8,15.2,31.2,0.0,0.0,0.2,4.6,18.1,15.8,21.1,0.0,0.2,3.8,16.2,11.8,0.0,0.0,0.19,4.6,25.7,82.1,7.1,3.6,0.11,2.7,14.7,18.8,37.5,18.8,0.12,2.8,17.4,15.8,21.1,31.6,0.13,3.3,14.7,12.5,18.8,31.2,0.12,2.3,15.6,23.5,29.4,29.4,0.15,3.5,11.9,15.4,23.1,0.0,0.15,4.8
20261001,07,7,1800,4434,A2,広島,40.0,53.0,6.12,45.9,7.65,70.0,67,51.28,69,37.04,4626,B1,愛知,40.0,51.0,3.93,20.93,5.12,37.25,34,41.38,26,53.33,4771,A1,広島,33.0,55.0,7.09,54.62,6.64,57.14,40,35.71,75,37.04,4933,A2,静岡,30.0,53.0,6.54,43.27,7.89,65.79,16,37.93,21,39.29,4652,B1,佐賀,41.0,53.0,4.87,24.18,5.56,38.89,23,26.47,71,48.0,5321,B1,愛知,24.0,54.0,4.71,29.27,4.19,24.66,41,44.44,27,34.48,21.1,78.3,17.4,4.3,0.14,2.3,16.5,22.2,11.1,5.6,0.15,3.2,19.3,23.8,23.8,9.5,0.17,3.3,16.5,11.1,11.1,22.2,0.17,3.5,15.6,5.9,29.4,23.5,0.15,2.9,11.0,16.7,25.0,0.0,0.21,4.0,12.7,30.0,20.0,0.0,0.21,3.2,20.3,18.8,18.8,0.0,0.22,4.8,15.2,25.0,16.7,25.0,0.2,3.9,16.5,15.4,23.1,0.0,0.23,4.9,19.0,6.7,20.0,33.3,0.23,4.4,16.5,7.7,15.4,0.0,0.24,5.2,25.0,75.0,9.4,12.5,0.16,3.1,13.3,35.3,47.1,0.0,0.15,1.8,14.8,26.3,36.8,26.3,0.13,2.1,15.6,30.0,35.0,10.0,0.19,3.2,19.5,12.0,24.0,20.0,0.16,3.4,11.7,20.0,6.7,0.0,0.16,3.5,17.8,72.2,11.1,5.6,0.12,2.6,16.8,11.8,29.4,29.4,0.13,2.9,12.9,15.4,7.7,15.4,0.12,2.7,16.8,5.9,29.4,29.4,0.14,2.4,16.8,11.8,23.5,17.6,0.17,3.4,18.8,5.3,26.3,0.0,0.19,4.5,18.3,47.4,15.8,10.5,0.17,3.5,17.3,5.6,38.9,5.6,0.13,3.2,20.2,9.5,14.3,19.0,0.18,3.8,18.3,5.3,21.1,10.5,0.18,3.2,10.6,9.1,9.1,27.3,0.14,2.4,15.4,6.2,0.0,0.0,0.24,4.9,15.0,50.0,8.3,0.0,0.18,4.3,16.2,7.7,7.7,7.7,0.25,4.3,21.2,41.2,11.8,0.0,0.16,3.5,15.0,16.7,33.3,8.3,0.2,3.5,20.0,12.5,25.0,12.5,0.19,3.4,12.5,20.0,30.0,0.0,0.23,4.5
20261001,07,8,1800,4850,A2,愛知,31.0,55.0,6.44,48.57,7.21,59.77,32,48.48,37,58.33,4811,B1,広島,37.0,50.0,4.92,28.33,4.33,22.22,70,26.92,31,32.43,4835,B1,広島,38.0,54.0,4.9,25.42,4.18,11.76,14,60.71,77,42.31,4877,A1,兵庫,32.0,56.0,6.19,43.2,7.14,61.9,18,29.63,28,29.63,4593,A2,大阪,45.0,52.0,5.95,37.9,5.42,29.17,35,44.44,72,32.14,4521,B1,福岡,39.0,51.0,5.28,28.7,4.61,22.22,12,25.0,52,32.35,18.2,79.2,16.7,4.2,0.12,1.9,13.6,27.8,22.2,11.1,0.11,2.1,21.2,10.7,25.0,25.0,0.12,2.2,18.2,8.3,8.3,33.3,0.11,2.1,20.5,11.1,14.8,22.2,0.1,2.0,8.3,18.2,9.1,0.0,0.15,2.4,12.5,50.0,14.3,7.1,0.14,2.6,18.8,9.5,28.6,14.3,0.16,3.2,22.3,12.0,8.0,0.0,0.16,3.4,22.3,4.0,16.0,16.0,0.17,3.6,14.3,12.5,25.0,0.0,0.15,3.4,9.8,18.2,0.0,0.0,0.18,3.8,15.6,60.0,13.3,13.3,0.17,3.1,14.6,14.3,14.3,28.6,0.14,2.4,16.7,12.5,37.5,0.0,0.15,2.9,17.7,17.6,29.4,0.0,0.14,3.1,18.8,5.6,27.8,0.0,0.15,3.1,16.7,25.0,0.0,0.0,0.16,3.4,24.3,69.2,19.2,3.8,0.14,2.5,13.1,28.6,35.7,14.3,0.13,2.6,15.9,11.8,29.4,23.5,0.15,2.8,16.8,16.7,11.1,16.7,0.14,2.9,16.8,27.8,11.1,11.1,0.15,2.6,13.1,14.3,14.3,14.3,0.15,2.3,18.5,52.0,16.0,16.0,0.16,3.1,17.0,21.7,30.4,26.1,0.15,3.4,15.6,14.3,14.3,33.3,0.18,3.9,16.3,9.1,18.2,18.2,0.17,3.7,21.5,13.8,44.8,0.0,0.17,3.6,11.1,13.3,26.7,0.0,0.18,4.1,19.5,56.5,17.4,4.3,0.18,3.7,17.8,4.8,23.8,14.3,0.18,4.3,16.1,10.5,10.5,10.5,0.21,4.5,13.6,6.2,25.0,0.0,0.22,4.4,17.8,4.8,4.8,28.6,0.23,4.9,15.3,11.1,0.0,0.0,0.27,5.4
20261001,07,9,1800,4535,A2,東京,36.0,53.0,7.03,53.4,0.0,0.0,28,24.24,25,50.0,4471,A1,広島,39.0,52.0,6.41,47.92,7.5,59.38,64,34.29,67,30.77,3796,B1,静岡,53.0,54.0,4.23,23.81,5.23,30.77,31,67.57,62,27.59,4674,B1,福岡,39.0,52.0,5.37,30.0,5.38,38.1,19,25.0,45,33.33,3442,B1,香川,57.0,55.0,4.27,22.0,3.0,0.0,57,26.47,18,29.63,3557,A1,大阪,53.0,54.0,6.22,44.74,7.56,56.41,11,32.14,48,31.43,25.9,71.4,9.5,14.3,0.16,3.3,9.9,12.5,25.0,37.5,0.16,3.1,18.5,13.3,33.3,13.3,0.16,3.1,16.0,7.7,23.1,30.8,0.14,3.3,12.3,10.0,20.0,20.0,0.17,3.1,17.3,7.1,21.4,0.0,0.15,3.1,23.9,90.9,6.1,3.0,0.14,2.7,15.9,31.8,22.7,18.2,0.14,3.4,13.8,31.6,36.8,5.3,0.14,2.5,19.6,14.8,22.2,25.9,0.16,3.5,14.5,5.0,5.0,35.0,0.15,3.3,12.3,17.6,29.4,0.0,0.2,3.5,14.3,50.0,50.0,0.0,0.16,2.5,20.2,11.8,23.5,17.6,0.18,3.7,14.3,8.3,25.0,33.3,0.21,3.8,15.5,15.4,23.1,30.8,0.16,2.9,14.3,8.3,16.7,0.0,0.17,3.5,21.4,11.1,11.1,0.0,0.18,4.1,19.1,61.5,26.9,3.8,0.15,2.4,16.2,18.2,13.6,18.2,0.16,3.2,16.9,4.3,17.4,30.4,0.14,2.7,13.2,11.1,16.7,22.2,0.17,3.3,17.6,4.2,20.8,0.0,0.14,2.4,16.9,13.0,21.7,0.0,0.14,3.3,12.2,44.4,22.2,22.2,0.18,4.1,16.2,25.0,25.0,0.0,0.17,2.8,18.9,7.1,14.3,50.0,0.18,2.7,18.9,7.1,21.4,28.6,0.15,3.1,18.9,7.1,28.6,0.0,0.14,3.6,14.9,27.3,0.0,0.0,0.17,3.5,22.6,61.1,27.8,2.8,0.16,3.1,15.1,12.5,37.5,16.7,0.13,3.3,14.5,21.7,13.0,39.1,0.12,2.5,15.1,8.3,25.0,29.2,0.15,3.1,16.4,19.2,23.1,15.4,0.18,3.1,16.4,3.8,11.5,11.5,0.15,3.6
20261001,07,10,1800,4512,A1,兵庫,37.0,52.0,6.87,57.72,7.08,60.66,27,24.24,54,45.95,4463,A2,福岡,40.0,57.0,6.22,42.72,5.5,31.82,24,39.39,66,68.97,3327,A2,静岡,59.0,51.0,6.01,40.0,6.09,38.3,25,51.52,63,44.0,4423,B1,岡山,37.0,55.0,5.68,38.74,3.8,15.0,36,29.63,13,35.29,4245,B1,東京,44.0,53.0,4.68,26.04,4.26,17.65,33,53.85,53,45.71,4102,A1,福岡,47.0,52.0,6.59,52.38,6.65,52.17,17,32.14,20,42.86,23.3,91.2,2.9,0.0,0.14,2.6,16.4,25.0,45.8,8.3,0.14,3.5,14.4,28.6,14.3,42.9,0.15,3.4,13.7,10.0,25.0,30.0,0.15,3.7,21.2,12.9,9.7,6.5,0.15,3.0,11.0,6.2,12.5,0.0,0.16,3.1,19.7,40.0,40.0,8.0,0.15,2.6,16.5,9.5,28.6,23.8,0.16,3.2,16.5,14.3,23.8,33.3,0.13,3.2,18.1,17.4,26.1,13.0,0.17,3.5,17.3,4.5,18.2,22.7,0.13,3.0,11.8,20.0,26.7,0.0,0.19,4.2,19.8,60.0,16.0,12.0,0.15,2.5,21.4,14.8,29.6,18.5,0.18,3.4,26.2,9.1,18.2,15.2,0.14,2.4,26.2,12.1,30.3,12.1,0.19,3.5,4.8,16.7,16.7,0.0,0.12,2.6,1.6,50.0,0.0,0.0,0.22,4.0,15.2,40.0,20.0,6.7,0.15,3.3,16.2,12.5,31.2,18.8,0.18,3.8,14.1,7.1,14.3,14.3,0.17,3.9,21.2,14.3,23.8,23.8,0.16,3.0,16.2,6.2,12.5,0.0,0.16,3.3,17.2,5.9,23.5,0.0,0.19,4.1,16.3,35.7,28.6,14.3,0.19,4.0,17.4,13.3,33.3,6.7,0.21,4.0,17.4,6.7,13.3,33.3,0.19,3.1,18.6,12.5,6.2,18.8,0.19,3.8,14.0,8.3,8.3,0.0,0.18,4.0,16.3,7.1,7.1,14.3,0.18,3.7,18.8,87.5,12.5,0.0,0.14,2.6,13.3,52.9,17.6,0.0,0.15,3.0,20.3,11.5,34.6,23.1,0.14,3.0,16.4,28.6,9.5,14.3,0.14,2.8,14.8,15.8,10.5,15.8,0.17,2.9,16.4,4.8,19.0,14.3,0.16,3.9
20261001,07,11,1800,4475,A1,山口,39.0,53.0,5.51,32.14,5.47,30.56,39,50.0,50,55.56,4036,A1,埼玉,47.0,52.0,6.28,43.09,6.04,42.86,45,33.33,49,35.71,4933,A2,静岡,30.0,53.0,6.54,43.27,7.89,65.79,16,37.93,21,39.29,4416,B1,広島,39.0,55.0,5.42,38.0,6.78,55.56,43,53.57,76,37.04,3708,B1,岡山,52.0,56.0,5.3,33.0,4.8,30.0,73,30.77,59,44.83,4486,A2,群馬,40.0,52.0,5.86,41.6,5.95,52.63,77,30.43,35,50.0,21.3,74.1,14.8,7.4,0.15,2.3,16.5,33.3,38.1,0.0,0.17,3.4,18.9,20.8,33.3,16.7,0.14,2.1,17.3,18.2,18.2,36.4,0.15,2.7,12.6,18.8,37.5,0.0,0.16,3.5,13.4,11.8,23.5,0.0,0.19,4.1,19.8,72.7,13.6,9.1,0.14,2.5,16.2,16.7,22.2,11.1,0.16,3.3,18.0,20.0,25.0,20.0,0.19,3.4,17.1,21.1,21.1,21.1,0.19,3.4,14.4,31.2,25.0,0.0,0.16,3.1,14.4,6.2,6.2,56.2,0.15,3.4,17.8,72.2,11.1,5.6,0.12,2.6,16.8,11.8,29.4,29.4,0.13,2.9,12.9,15.4,7.7,15.4,0.12,2.7,16.8,5.9,29.4,29.4,0.14,2.4,16.8,11.8,23.5,17.6,0.17,3.4,18.8,5.3,26.3,0.0,0.19,4.5,14.9,17.6,29.4,11.8,0.17,3.1,14.9,23.5,35.3,17.6,0.14,3.5,20.2,17.4,17.4,17.4,0.17,3.2,18.4,9.5,14.3,28.6,0.17,3.4,17.5,10.0,5.0,30.0,0.15,3.6,14.0,6.2,0.0,0.0,0.2,4.2,16.1,40.0,33.3,6.7,0.15,3.1,18.3,17.6,35.3,0.0,0.17,2.5,15.1,28.6,14.3,0.0,0.13,2.6,21.5,5.0,10.0,25.0,0.19,3.8,17.2,6.2,12.5,18.8,0.16,3.3,11.8,0.0,0.0,0.0,0.15,3.1,15.0,50.0,16.7,8.3,0.17,3.3,23.8,5.3,47.4,10.5,0.17,3.3,13.8,18.2,18.2,9.1,0.18,3.0,17.5,7.1,21.4,0.0,0.17,4.0,21.2,5.9,41.2,11.8,0.19,3.8,8.8,14.3,28.6,0.0,0.17,3.1
20261001,07,12,1800,4771,A1,広島,33.0,55.0,7.09,54.62,6.64,57.14,40,35.71,75,37.04,4060,B1,福岡,47.0,56.0,4.62,29.0,4.62,34.62,47,33.33,34,34.29,4418,A1,岡山,39.0,53.0,7.39,53.08,8.53,47.06,65,26.47,40,44.12,4643,A2,香川,33.0,53.0,6.57,48.15,5.31,25.0,52,35.48,15,37.04,4413,A2,福岡,40.0,51.0,5.98,36.84,6.57,38.1,53,44.83,61,30.43,4877,A1,兵庫,32.0,56.0,6.19,43.2,7.14,61.9,18,29.63,28,29.63,25.0,75.0,9.4,12.5,0.16,3.1,13.3,35.3,47.1,0.0,0.15,1.8,14.8,26.3,36.8,26.3,0.13,2.1,15.6,30.0,35.0,10.0,0.19,3.2,19.5,12.0,24.0,20.0,0.16,3.4,11.7,20.0,6.7,0.0,0.16,3.5,12.1,54.5,27.3,9.1,0.17,2.9,15.4,7.1,50.0,14.3,0.16,3.1,22.0,25.0,5.0,20.0,0.15,3.6,17.6,6.2,31.2,31.2,0.18,3.6,17.6,6.2,12.5,0.0,0.15,3.0,15.4,0.0,0.0,0.0,0.18,4.1,25.7,82.1,7.1,3.6,0.11,2.7,14.7,18.8,37.5,18.8,0.12,2.8,17.4,15.8,21.1,31.6,0.13,3.3,14.7,12.5,18.8,31.2,0.12,2.3,15.6,23.5,29.4,29.4,0.15,3.5,11.9,15.4,23.1,0.0,0.15,4.8,19.3,70.6,11.8,5.9,0.11,1.8,17.0,20.0,40.0,6.7,0.11,2.5,14.8,30.8,23.1,15.4,0.12,2.5,20.5,5.6,27.8,27.8,0.14,3.2,17.0,6.7,26.7,13.3,0.14,2.4,11.4,10.0,20.0,0.0,0.2,3.5,19.6,64.3,7.1,17.9,0.18,3.6,22.4,6.2,28.1,43.8,0.18,4.2,16.1,8.7,30.4,26.1,0.19,3.4,14.0,15.0,15.0,15.0,0.2,3.6,13.3,10.5,36.8,0.0,0.19,3.8,14.7,4.8,14.3,23.8,0.16,3.0,24.3,69.2,19.2,3.8,0.14,2.5,13.1,28.6,35.7,14.3,0.13,2.6,15.9,11.8,29.4,23.5,0.15,2.8,16.8,16.7,11.1,16.7,0.14,2.9,16.8,27.8,11.1,11.1,0.15,2.6,13.1,14.3,14.3,14.3,0.15,2.3
20261001,06,1,1800,5316,B1,静岡,25.0,52.0,5.26,33.33,3.51,11.3,39,20.69,62,38.06,4940,B2,東京,28.0,53.0,4.43,21.54,0.0,0.0,31,26.26,22,37.18,4179,A2,山口,43.0,52.0,5.24,27.91,5.5,38.89,59,34.21,68,35.68,5205,A2,静岡,29.0,50.0,6.07,38.1,5.75,39.55,36,29.59,13,31.74,4491,B1,群馬,39.0,53.0,4.36,24.55,4.74,15.79,23,35.59,37,34.33,4081,B1,愛知,47.0,55.0,5.54,34.71,4.32,28.57,38,45.59,76,37.45,15.3,53.3,6.7,6.7,0.17,2.7,17.3,35.3,23.5,0.0,0.16,3.1,21.4,9.5,23.8,28.6,0.14,2.5,17.3,5.9,29.4,23.5,0.13,2.4,13.3,7.7,23.1,23.1,0.16,2.6,15.3,6.7,26.7,0.0,0.16,3.7,11.1,0.0,0.0,0.0,0.13,4.0,11.1,0.0,0.0,0.0,0.33,6.0,22.2,0.0,0.0,0.0,0.1,4.5,11.1,0.0,0.0,0.0,0.23,6.0,22.2,0.0,0.0,0.0,0.24,6.0,22.2,0.0,0.0,0.0,0.12,4.0,19.5,59.1,13.6,18.2,0.14,2.6,15.0,17.6,23.5,23.5,0.16,3.7,17.7,15.0,25.0,15.0,0.14,2.4,15.9,16.7,27.8,0.0,0.15,2.7,17.7,5.0,25.0,40.0,0.17,2.7,14.2,6.2,25.0,0.0,0.18,4.5,12.5,66.7,6.7,13.3,0.16,2.9,20.8,16.0,28.0,12.0,0.17,3.4,14.2,17.6,29.4,17.6,0.16,3.6,20.0,4.2,29.2,25.0,0.19,4.4,15.8,15.8,31.6,0.0,0.21,4.7,16.7,10.0,0.0,0.0,0.17,4.6,13.3,46.2,7.7,0.0,0.18,4.3,20.4,25.0,10.0,0.0,0.19,3.7,16.3,18.8,31.2,0.0,0.2,3.6,21.4,23.8,19.0,0.0,0.18,3.9,14.3,7.1,28.6,0.0,0.21,3.6,14.3,0.0,0.0,0.0,0.24,4.7,13.3,26.7,20.0,20.0,0.17,3.9,16.8,5.3,26.3,36.8,0.18,3.4,19.5,4.5,13.6,18.2,0.18,4.0,18.6,4.8,19.0,0.0,0.18,4.3,15.9,5.6,0.0,0.0,0.21,4.7,15.9,5.6,5.6,0.0,0.2,4.6
20261001,06,2,1800,4660,B1,東京,35.0,54.0,4.15,22.39,4.28,16.67,63,41.44,61,36.92,5347,B2,愛知,23.0,46.0,1.76,1.32,1.37,0.0,27,16.44,58,38.68,4058,A1,静岡,47.0,52.0,5.97,40.97,6.0,40.35,65,25.56,45,43.22,4458,B1,広島,40.0,54.0,5.55,30.58,4.28,21.88,43,16.67,57,33.48,4118,A2,愛知,45.0,54.0,6.0,40.91,4.86,25.0,58,32.08,24,36.36,4120,A2,滋賀,45.0,53.0,6.06,43.66,5.55,42.86,12,20.48,64,31.17,12.9,8.3,50.0,0.0,0.18,3.3,15.1,14.3,14.3,0.0,0.22,4.3,20.4,10.5,21.1,10.5,0.19,3.9,18.3,5.9,5.9,11.8,0.2,4.8,16.1,6.7,33.3,0.0,0.18,3.9,17.2,6.2,12.5,0.0,0.2,4.6,0.0,0.0,0.0,0.0,0.0,0.0,0.0,0.0,0.0,0.0,0.0,0.0,1.4,0.0,0.0,0.0,0.55,5.0,24.7,5.6,0.0,0.0,0.25,5.1,28.8,9.5,0.0,0.0,0.2,4.1,45.2,3.0,0.0,0.0,0.19,4.3,19.5,72.0,8.0,16.0,0.17,3.6,17.2,9.1,50.0,13.6,0.17,3.7,21.9,14.3,35.7,14.3,0.19,4.1,20.3,34.6,30.8,0.0,0.19,4.2,12.5,18.8,37.5,0.0,0.2,4.2,8.6,9.1,18.2,0.0,0.2,5.1,13.1,45.5,27.3,0.0,0.14,1.8,22.6,15.8,31.6,10.5,0.14,2.9,14.3,16.7,25.0,33.3,0.15,3.1,17.9,6.7,26.7,0.0,0.15,3.2,21.4,22.2,22.2,0.0,0.17,3.1,10.7,11.1,0.0,0.0,0.16,3.1,22.1,63.6,27.3,3.0,0.13,2.1,14.8,9.1,27.3,22.7,0.15,2.3,13.4,5.0,20.0,20.0,0.13,2.6,19.5,13.8,27.6,17.2,0.16,2.7,13.4,10.0,20.0,25.0,0.14,3.1,16.8,4.0,4.0,20.0,0.17,3.9,18.4,76.0,12.0,8.0,0.17,2.9,13.2,22.2,50.0,11.1,0.15,2.7,17.6,12.5,25.0,16.7,0.15,3.8,19.1,7.7,26.9,23.1,0.16,3.7,17.6,4.2,20.8,12.5,0.16,3.1,14.0,5.3,0.0,0.0,0.17,4.2
20261001,06,3,1800,3471,B1,佐賀,56.0,54.0,4.12,17.78,0.0,0.0,20,42.37,65,33.61,3156,B1,静岡,61.0,54.0,4.0,21.51,4.95,33.33,48,41.46,63,35.53,4289,A2,大阪,41.0,50.0,5.75,38.24,7.03,53.85,55,50.43,60,33.05,4627,A2,東京,40.0,47.0,6.38,46.15,5.56,22.22,46,44.55,34,37.5,5179,B1,兵庫,29.0,54.0,4.29,26.15,3.08,5.26,29,31.3,73,30.73,4494,A1,静岡,39.0,53.0,6.79,45.92,7.5,61.26,32,34.92,21,39.42,15.9,23.1,30.8,15.4,0.12,2.8,17.1,7.1,21.4,7.1,0.19,3.4,17.1,14.3,0.0,0.0,0.17,2.6,18.3,6.7,0.0,0.0,0.19,3.3,18.3,13.3,13.3,0.0,0.15,3.0,13.4,18.2,0.0,0.0,0.19,5.1,15.2,8.3,41.7,16.7,0.18,3.0,25.3,20.0,15.0,0.0,0.18,4.1,35.4,7.1,28.6,7.1,0.17,3.4,16.5,7.7,23.1,0.0,0.15,3.8,6.3,0.0,0.0,0.0,0.2,3.6,1.3,0.0,0.0,0.0,0.13,1.0,20.0,66.7,14.8,11.1,0.13,1.7,19.3,34.6,11.5,26.9,0.14,2.8,14.1,15.8,36.8,0.0,0.13,2.5,17.0,8.7,21.7,26.1,0.15,2.7,16.3,18.2,13.6,0.0,0.13,2.7,13.3,33.3,0.0,0.0,0.13,2.4,19.3,59.1,13.6,9.1,0.14,2.5,18.4,33.3,19.0,23.8,0.11,2.4,17.5,30.0,15.0,10.0,0.18,2.4,17.5,25.0,20.0,20.0,0.16,2.9,14.9,11.8,17.6,11.8,0.18,3.1,12.3,21.4,21.4,0.0,0.15,2.6,13.9,50.0,20.0,0.0,0.1,2.8,12.5,22.2,11.1,0.0,0.19,4.6,11.1,12.5,37.5,0.0,0.23,4.3,20.8,6.7,13.3,6.7,0.22,4.3,23.6,11.8,17.6,0.0,0.18,3.3,18.1,15.4,0.0,0.0,0.24,5.0,23.2,78.3,4.3,4.3,0.14,2.5,12.1,33.3,25.0,16.7,0.16,3.7,20.2,20.0,35.0,10.0,0.13,3.4,17.2,5.9,17.6,29.4,0.17,3.9,17.2,17.6,17.6,23.5,0.15,3.2,10.1,10.0,10.0,0.0,0.19,4.3
20261001,06,4,1800,4790,A1,兵庫,37.0,51.0,6.23,40.87,6.97,50.0,53,32.11,29,34.44,4951,B1,広島,33.0,54.0,4.92,25.51,6.0,44.44,25,22.35,53,34.16,5383,B1,三重,21.0,53.0,2.56,3.3,1.38,0.0,30,27.84,46,32.64,5323,B2,滋賀,23.0,58.0,4.54,24.0,4.5,27.78,44,37.93,59,31.09,5140,B1,静岡,26.0,47.0,4.84,28.07,4.33,21.88,7,33.86,33,33.47,3448,B1,群馬,56.0,55.0,4.22,20.0,6.36,54.55,26,39.23,69,34.03,21.7,78.6,10.7,7.1,0.14,2.1,14.7,21.1,15.8,26.3,0.14,2.9,14.0,11.1,44.4,11.1,0.15,3.1,18.6,12.5,29.2,25.0,0.15,2.3,16.3,14.3,19.0,23.8,0.15,2.6,14.7,5.3,21.1,0.0,0.18,4.0,18.7,47.1,11.8,17.6,0.14,3.1,19.8,5.6,33.3,16.7,0.15,3.1,18.7,5.9,23.5,41.2,0.16,2.8,16.5,26.7,33.3,0.0,0.13,2.6,11.0,10.0,30.0,0.0,0.13,2.5,15.4,14.3,21.4,0.0,0.14,3.0,0.0,0.0,0.0,0.0,0.0,0.0,0.0,0.0,0.0,0.0,0.0,0.0,0.0,0.0,0.0,0.0,0.0,0.0,18.8,6.2,0.0,0.0,0.2,3.3,32.9,3.6,7.1,0.0,0.17,3.0,48.2,2.4,0.0,0.0,0.17,3.2,10.5,33.3,50.0,0.0,0.17,3.0,17.5,10.0,10.0,10.0,0.2,4.6,19.3,27.3,18.2,0.0,0.17,3.3,12.3,14.3,28.6,28.6,0.17,3.1,17.5,20.0,10.0,0.0,0.2,4.4,22.8,15.4,0.0,0.0,0.16,4.5,16.5,25.0,25.0,18.8,0.16,2.5,16.5,12.5,25.0,31.2,0.19,3.9,17.5,5.9,35.3,23.5,0.17,3.1,16.5,6.2,18.8,0.0,0.2,3.8,14.4,7.1,14.3,7.1,0.19,3.1,18.6,11.1,0.0,0.0,0.2,4.4,16.7,46.7,20.0,26.7,0.17,3.4,16.7,13.3,13.3,20.0,0.18,4.7,17.8,18.8,31.2,0.0,0.2,3.9,17.8,12.5,6.2,0.0,0.19,3.6,17.8,6.2,6.2,6.2,0.21,4.1,13.3,8.3,25.0,0.0,0.19,3.8
20261001,06,5,1800,3411,B1,広島,57.0,51.0,3.58,7.79,4.09,17.39,13,40.16,17,35.44,3828,B1,兵庫,53.0,52.0,5.01,24.71,4.45,20.41,41,29.03,70,31.7,4403,A2,福岡,41.0,53.0,6.36,46.51,5.38,25.0,57,27.72,30,38.89,4491,B1,群馬,39.0,53.0,4.36,24.55,4.74,15.79,23,35.59,37,34.33,3623,A1,佐賀,52.0,51.0,7.28,61.68,7.35,62.75,15,32.0,48,37.45,4635,A2,岡山,36.0,52.0,5.4,36.05,4.4,24.0,64,21.25,67,37.44,12.4,27.3,9.1,18.2,0.14,3.0,18.0,12.5,25.0,0.0,0.13,3.0,16.9,6.7,13.3,26.7,0.15,3.1,24.7,4.5,0.0,0.0,0.15,2.9,20.2,22.2,0.0,0.0,0.18,3.5,7.9,14.3,0.0,0.0,0.22,4.3,14.4,53.3,26.7,6.7,0.12,1.7,18.3,10.5,47.4,10.5,0.15,3.6,12.5,30.8,23.1,0.0,0.16,3.5,17.3,5.6,38.9,0.0,0.19,3.7,24.0,4.0,16.0,8.0,0.17,3.6,13.5,14.3,0.0,0.0,0.18,3.9,14.6,86.7,13.3,0.0,0.13,1.8,16.5,35.3,35.3,17.6,0.15,2.5,16.5,5.9,29.4,5.9,0.14,3.3,21.4,9.1,31.8,9.1,0.16,3.0,17.5,5.6,22.2,38.9,0.14,2.7,13.6,7.1,14.3,0.0,0.16,3.1,13.3,46.2,7.7,0.0,0.18,4.3,20.4,25.0,10.0,0.0,0.19,3.7,16.3,18.8,31.2,0.0,0.2,3.6,21.4,23.8,19.0,0.0,0.18,3.9,14.3,7.1,28.6,0.0,0.21,3.6,14.3,0.0,0.0,0.0,0.24,4.7,31.0,69.2,17.9,10.3,0.11,2.2,57.9,24.7,21.9,20.5,0.15,2.9,11.1,35.7,35.7,0.0,0.11,2.0,0.0,0.0,0.0,0.0,0.0,0.0,0.0,0.0,0.0,0.0,0.0,0.0,0.0,0.0,0.0,0.0,0.0,0.0,14.1,66.7,8.3,8.3,0.15,2.8,18.8,12.5,18.8,12.5,0.11,2.2,18.8,25.0,43.8,6.2,0.13,2.1,16.5,35.7,21.4,0.0,0.12,2.1,18.8,25.0,6.2,0.0,0.12,2.1,12.9,9.1,18.2,0.0,0.14,3.0
20261001,06,6,1800,4473,B1,福井,39.0,46.0,5.58,36.36,5.89,42.11,35,25.64,14,34.53,5205,A2,静岡,29.0,50.0,6.07,38.1,5.75,39.55,36,29.59,13,31.74,5270,B1,佐賀,25.0,55.0,4.24,20.69,0.0,0.0,47,21.59,32,39.32,4660,B1,東京,35.0,54.0,4.15,22.39,4.28,16.67,63,41.44,61,36.92,3562,A2,広島,57.0,53.0,6.31,46.76,6.56,53.13,61,42.4,56,35.17,3641,A1,東京,55.0,52.0,6.05,42.75,5.76,44.74,62,41.9,72,33.05,15.9,54.5,18.2,18.2,0.2,3.4,18.8,15.4,15.4,0.0,0.19,3.5,13.0,33.3,22.2,0.0,0.18,3.6,21.7,26.7,20.0,0.0,0.17,3.3,14.5,10.0,10.0,0.0,0.19,3.3,15.9,18.2,9.1,0.0,0.17,3.6,12.5,66.7,6.7,13.3,0.16,2.9,20.8,16.0,28.0,12.0,0.17,3.4,14.2,17.6,29.4,17.6,0.16,3.6,20.0,4.2,29.2,25.0,0.19,4.4,15.8,15.8,31.6,0.0,0.21,4.7,16.7,10.0,0.0,0.0,0.17,4.6,10.5,30.0,30.0,10.0,0.14,2.8,18.9,11.1,27.8,44.4,0.16,3.4,21.1,20.0,25.0,5.0,0.14,3.0,14.7,21.4,7.1,21.4,0.15,2.7,18.9,16.7,16.7,0.0,0.14,2.9,15.8,13.3,0.0,0.0,0.17,3.1,12.9,8.3,50.0,0.0,0.18,3.3,15.1,14.3,14.3,0.0,0.22,4.3,20.4,10.5,21.1,10.5,0.19,3.9,18.3,5.9,5.9,11.8,0.2,4.8,16.1,6.7,33.3,0.0,0.18,3.9,17.2,6.2,12.5,0.0,0.2,4.6,21.1,53.8,15.4,7.7,0.19,3.6,15.4,5.3,31.6,21.1,0.17,3.9,14.6,33.3,38.9,11.1,0.16,3.1,15.4,10.5,31.6,15.8,0.15,3.0,18.7,8.7,17.4,21.7,0.17,3.6,14.6,11.1,16.7,0.0,0.21,4.4,17.6,69.6,17.4,8.7,0.18,2.7,18.3,12.5,37.5,12.5,0.17,4.1,17.6,13.0,13.0,30.4,0.18,3.2,18.3,20.8,16.7,16.7,0.2,4.0,19.1,24.0,12.0,20.0,0.16,3.2,9.2,8.3,25.0,0.0,0.15,3.8
20261001,06,7,1800,3975,A2,香川,49.0,52.0,5.36,33.6,5.48,36.36,17,40.83,12,39.66,4120,A2,滋賀,45.0,53.0,6.06,43.66,5.55,42.86,12,20.48,64,31.17,4081,B1,愛知,47.0,55.0,5.54,34.71,4.32,28.57,38,45.59,76,37.45,3156,B1,静岡,61.0,54.0,4.0,21.51,4.95,33.33,48,41.46,63,35.53,3813,A1,愛知,50.0,54.0,6.51,44.92,6.35,35.0,33,22.83,15,33.89,5173,B1,香川,24.0,48.0,5.07,34.34,6.89,55.56,22,41.38,44,40.54,14.3,61.5,23.1,7.7,0.14,2.2,19.8,16.7,22.2,22.2,0.15,3.3,17.6,12.5,50.0,25.0,0.13,2.8,15.4,42.9,7.1,35.7,0.12,1.7,18.7,11.8,0.0,0.0,0.13,2.6,14.3,7.7,46.2,0.0,0.14,2.8,18.4,76.0,12.0,8.0,0.17,2.9,13.2,22.2,50.0,11.1,0.15,2.7,17.6,12.5,25.0,16.7,0.15,3.8,19.1,7.7,26.9,23.1,0.16,3.7,17.6,4.2,20.8,12.5,0.16,3.1,14.0,5.3,0.0,0.0,0.17,4.2,13.3,26.7,20.0,20.0,0.17,3.9,16.8,5.3,26.3,36.8,0.18,3.4,19.5,4.5,13.6,18.2,0.18,4.0,18.6,4.8,19.0,0.0,0.18,4.3,15.9,5.6,0.0,0.0,0.21,4.7,15.9,5.6,5.6,0.0,0.2,4.6,15.2,8.3,41.7,16.7,0.18,3.0,25.3,20.0,15.0,0.0,0.18,4.1,35.4,7.1,28.6,7.1,0.17,3.4,16.5,7.7,23.1,0.0,0.15,3.8,6.3,0.0,0.0,0.0,0.2,3.6,1.3,0.0,0.0,0.0,0.13,1.0,22.6,61.3,12.9,16.1,0.12,2.8,16.8,21.7,39.1,8.7,0.15,4.0,19.7,25.9,22.2,25.9,0.18,3.7,11.7,6.2,31.2,25.0,0.18,4.1,17.5,8.3,16.7,41.7,0.16,3.4,11.7,6.2,6.2,0.0,0.21,5.2,15.7,64.7,17.6,0.0,0.13,2.6,16.7,22.2,11.1,27.8,0.15,3.3,16.7,11.1,22.2,22.2,0.13,2.1,15.7,5.9,23.5,11.8,0.16,2.6,17.6,10.5,21.1,0.0,0.14,2.8,17.6,10.5,0.0,0.0,0.18,3.6
20261001,06,8,1800,5269,A2,静岡,25.0,52.0,6.45,51.24,5.19,34.83,21,26.32,35,35.32,4892,B1,福岡,36.0,53.0,5.19,33.33,4.94,32.26,19,34.43,43,31.65,5179,B1,兵庫,29.0,54.0,4.29,26.15,3.08,5.26,29,31.3,73,30.73,4084,A1,愛知,47.0,56.0,6.44,41.55,7.45,70.97,1,40.48,18,33.19,5316,B1,静岡,25.0,52.0,5.26,33.33,3.51,11.3,39,20.69,62,38.06,5383,B1,三重,21.0,53.0,2.56,3.3,1.38,0.0,30,27.84,46,32.64,18.4,72.2,11.1,11.1,0.14,2.6,13.3,30.8,23.1,15.4,0.17,3.0,16.3,25.0,25.0,6.2,0.16,3.4,18.4,5.6,11.1,16.7,0.17,3.4,20.4,5.0,10.0,5.0,0.15,3.4,13.3,7.7,30.8,0.0,0.15,2.9,12.9,54.5,9.1,9.1,0.15,3.0,22.4,5.3,42.1,5.3,0.17,3.2,14.1,25.0,16.7,16.7,0.16,2.5,14.1,25.0,33.3,0.0,0.2,3.6,18.8,6.2,6.2,12.5,0.2,3.9,17.6,6.7,0.0,0.0,0.25,4.6,13.9,50.0,20.0,0.0,0.1,2.8,12.5,22.2,11.1,0.0,0.19,4.6,11.1,12.5,37.5,0.0,0.23,4.3,20.8,6.7,13.3,6.7,0.22,4.3,23.6,11.8,17.6,0.0,0.18,3.3,18.1,15.4,0.0,0.0,0.24,5.0,21.7,80.6,9.7,0.0,0.14,3.0,15.4,9.1,45.5,18.2,0.17,4.0,16.8,8.3,33.3,20.8,0.15,3.2,14.0,20.0,20.0,20.0,0.15,3.2,16.8,12.5,20.8,20.8,0.17,3.8,15.4,9.1,9.1,13.6,0.16,3.6,15.3,53.3,6.7,6.7,0.17,2.7,17.3,35.3,23.5,0.0,0.16,3.1,21.4,9.5,23.8,28.6,0.14,2.5,17.3,5.9,29.4,23.5,0.13,2.4,13.3,7.7,23.1,23.1,0.16,2.6,15.3,6.7,26.7,0.0,0.16,3.7,0.0,0.0,0.0,0.0,0.0,0.0,0.0,0.0,0.0,0.0,0.0,0.0,0.0,0.0,0.0,0.0,0.0,0.0,18.8,6.2,0.0,0.0,0.2,3.3,32.9,3.6,7.1,0.0,0.17,3.0,48.2,2.4,0.0,0.0,0.17,3.2
20261001,06,9,1800,4069,A2,岡山,46.0,54.0,5.77,39.17,6.64,50.0,28,27.08,66,34.35,4494,A1,静岡,39.0,53.0,6.79,45.92,7.5,61.26,32,34.92,21,39.42,5323,B2,滋賀,23.0,58.0,4.54,24.0,4.5,27.78,44,37.93,59,31.09,5347,B2,愛知,23.0,46.0,1.76,1.32,1.37,0.0,27,16.44,58,38.68,3965,A1,滋賀,47.0,55.0,5.92,42.42,5.68,40.0,16,31.58,25,35.06,4179,A2,山口,43.0,52.0,5.24,27.91,5.5,38.89,59,34.21,68,35.68,22.2,60.0,16.7,10.0,0.15,3.3,14.8,5.0,50.0,20.0,0.15,3.0,17.0,21.7,21.7,17.4,0.16,3.2,16.3,4.5,22.7,45.5,0.17,4.1,17.0,26.1,8.7,0.0,0.22,4.5,12.6,23.5,35.3,0.0,0.22,4.8,23.2,78.3,4.3,4.3,0.14,2.5,12.1,33.3,25.0,16.7,0.16,3.7,20.2,20.0,35.0,10.0,0.13,3.4,17.2,5.9,17.6,29.4,0.17,3.9,17.2,17.6,17.6,23.5,0.15,3.2,10.1,10.0,10.0,0.0,0.19,4.3,10.5,33.3,50.0,0.0,0.17,3.0,17.5,10.0,10.0,10.0,0.2,4.6,19.3,27.3,18.2,0.0,0.17,3.3,12.3,14.3,28.6,28.6,0.17,3.1,17.5,20.0,10.0,0.0,0.2,4.4,22.8,15.4,0.0,0.0,0.16,4.5,0.0,0.0,0.0,0.0,0.0,0.0,0.0,0.0,0.0,0.0,0.0,0.0,1.4,0.0,0.0,0.0,0.55,5.0,24.7,5.6,0.0,0.0,0.25,5.1,28.8,9.5,0.0,0.0,0.2,4.1,45.2,3.0,0.0,0.0,0.19,4.3,18.2,54.5,22.7,18.2,0.16,3.0,19.8,16.7,37.5,20.8,0.18,3.7,15.7,15.8,47.4,15.8,0.18,3.8,19.0,30.4,21.7,17.4,0.17,3.1,13.2,12.5,18.8,18.8,0.18,3.9,14.0,5.9,29.4,0.0,0.16,4.2,19.5,59.1,13.6,18.2,0.14,2.6,15.0,17.6,23.5,23.5,0.16,3.7,17.7,15.0,25.0,15.0,0.14,2.4,15.9,16.7,27.8,0.0,0.15,2.7,17.7,5.0,25.0,40.0,0.17,2.7,14.2,6.2,25.0,0.0,0.18,4.5
20261001,06,10,1800,3837,A2,香川,51.0,52.0,6.32,45.11,5.76,44.83,60,16.18,51,30.64,3448,B1,群馬,56.0,55.0,4.22,20.0,6.36,54.55,26,39.23,69,34.03,3623,A1,佐賀,52.0,51.0,7.28,61.68,7.35,62.75,15,32.0,48,37.45,5169,B2,愛知,25.0,51.0,3.77,12.12,3.56,12.5,6,32.46,71,35.86,4289,A2,大阪,41.0,50.0,5.75,38.24,7.03,53.85,55,50.43,60,33.05,4058,A1,静岡,47.0,52.0,5.97,40.97,6.0,40.35,65,25.56,45,43.22,19.5,73.9,17.4,0.0,0.15,3.1,14.4,11.8,29.4,35.3,0.17,2.9,17.8,19.0,28.6,28.6,0.14,3.0,16.9,10.0,25.0,15.0,0.18,3.5,15.3,16.7,11.1,22.2,0.18,4.1,16.1,15.8,10.5,0.0,0.2,4.1,16.7,46.7,20.0,26.7,0.17,3.4,16.7,13.3,13.3,20.0,0.18,4.7,17.8,18.8,31.2,0.0,0.2,3.9,17.8,12.5,6.2,0.0,0.19,3.6,17.8,6.2,6.2,6.2,0.21,4.1,13.3,8.3,25.0,0.0,0.19,3.8,31.0,69.2,17.9,10.3,0.11,2.2,57.9,24.7,21.9,20.5,0.15,2.9,11.1,35.7,35.7,0.0,0.11,2.0,0.0,0.0,0.0,0.0,0.0,0.0,0.0,0.0,0.0,0.0,0.0,0.0,0.0,0.0,0.0,0.0,0.0,0.0,10.3,50.0,0.0,0.0,0.21,5.0,15.4,16.7,0.0,0.0,0.17,4.5,15.4,16.7,0.0,0.0,0.21,4.5,15.4,33.3,0.0,0.0,0.21,4.8,20.5,25.0,0.0,0.0,0.19,3.7,23.1,11.1,0.0,0.0,0.18,3.1,20.0,66.7,14.8,11.1,0.13,1.7,19.3,34.6,11.5,26.9,0.14,2.8,14.1,15.8,36.8,0.0,0.13,2.5,17.0,8.7,21.7,26.1,0.15,2.7,16.3,18.2,13.6,0.0,0.13,2.7,13.3,33.3,0.0,0.0,0.13,2.4,19.5,72.0,8.0,16.0,0.17,3.6,17.2,9.1,50.0,13.6,0.17,3.7,21.9,14.3,35.7,14.3,0.19,4.1,20.3,34.6,30.8,0.0,0.19,4.2,12.5,18.8,37.5,0.0,0.2,4.2,8.6,9.1,18.2,0.0,0.2,5.1
20261001,06,11,1800,3562,A2,広島,57.0,53.0,6.31,46.76,6.56,53.13,61,42.4,56,35.17,3471,B1,佐賀,56.0,54.0,4.12,17.78,0.0,0.0,20,42.37,65,33.61,3813,A1,愛知,50.0,54.0,6.51,44.92,6.35,35.0,33,22.83,15,33.89,4790,A1,兵庫,37.0,51.0,6.23,40.87,6.97,50.0,53,32.11,29,34.44,3411,B1,広島,57.0,51.0,3.58,7.79,4.09,17.39,13,40.16,17,35.44,4118,A2,愛知,45.0,54.0,6.0,40.91,4.86,25.0,58,32.08,24,36.36,21.1,53.8,15.4,7.7,0.19,3.6,15.4,5.3,31.6,21.1,0.17,3.9,14.6,33.3,38.9,11.1,0.16,3.1,15.4,10.5,31.6,15.8,0.15,3.0,18.7,8.7,17.4,21.7,0.17,3.6,14.6,11.1,16.7,0.0,0.21,4.4,15.9,23.1,30.8,15.4,0.12,2.8,17.1,7.1,21.4,7.1,0.19,3.4,17.1,14.3,0.0,0.0,0.17,2.6,18.3,6.7,0.0,0.0,0.19,3.3,18.3,13.3,13.3,0.0,0.15,3.0,13.4,18.2,0.0,0.0,0.19,5.1,22.6,61.3,12.9,16.1,0.12,2.8,16.8,21.7,39.1,8.7,0.15,4.0,19.7,25.9,22.2,25.9,0.18,3.7,11.7,6.2,31.2,25.0,0.18,4.1,17.5,8.3,16.7,41.7,0.16,3.4,11.7,6.2,6.2,0.0,0.21,5.2,21.7,78.6,10.7,7.1,0.14,2.1,14.7,21.1,15.8,26.3,0.14,2.9,14.0,11.1,44.4,11.1,0.15,3.1,18.6,12.5,29.2,25.0,0.15,2.3,16.3,14.3,19.0,23.8,0.15,2.6,14.7,5.3,21.1,0.0,0.18,4.0,12.4,27.3,9.1,18.2,0.14,3.0,18.0,12.5,25.0,0.0,0.13,3.0,16.9,6.7,13.3,26.7,0.15,3.1,24.7,4.5,0.0,0.0,0.15,2.9,20.2,22.2,0.0,0.0,0.18,3.5,7.9,14.3,0.0,0.0,0.22,4.3,22.1,63.6,27.3,3.0,0.13,2.1,14.8,9.1,27.3,22.7,0.15,2.3,13.4,5.0,20.0,20.0,0.13,2.6,19.5,13.8,27.6,17.2,0.16,2.7,13.4,10.0,20.0,25.0,0.14,3.1,16.8,4.0,4.0,20.0,0.17,3.9
20261001,06,12,1800,4084,A1,愛知,47.0,56.0,6.44,41.55,7.45,70.97,1,40.48,18,33.19,3975,A2,香川,49.0,52.0,5.36,33.6,5.48,36.36,17,40.83,12,39.66,3641,A1,東京,55.0,52.0,6.05,42.75,5.76,44.74,62,41.9,72,33.05,4403,A2,福岡,41.0,53.0,6.36,46.51,5.38,25.0,57,27.72,30,38.89,4458,B1,広島,40.0,54.0,5.55,30.58,4.28,21.88,43,16.67,57,33.48,4627,A2,東京,40.0,47.0,6.38,46.15,5.56,22.22,46,44.55,34,37.5,21.7,80.6,9.7,0.0,0.14,3.0,15.4,9.1,45.5,18.2,0.17,4.0,16.8,8.3,33.3,20.8,0.15,3.2,14.0,20.0,20.0,20.0,0.15,3.2,16.8,12.5,20.8,20.8,0.17,3.8,15.4,9.1,9.1,13.6,0.16,3.6,14.3,61.5,23.1,7.7,0.14,2.2,19.8,16.7,22.2,22.2,0.15,3.3,17.6,12.5,50.0,25.0,0.13,2.8,15.4,42.9,7.1,35.7,0.12,1.7,18.7,11.8,0.0,0.0,0.13,2.6,14.3,7.7,46.2,0.0,0.14,2.8,17.6,69.6,17.4,8.7,0.18,2.7,18.3,12.5,37.5,12.5,0.17,4.1,17.6,13.0,13.0,30.4,0.18,3.2,18.3,20.8,16.7,16.7,0.2,4.0,19.1,24.0,12.0,20.0,0.16,3.2,9.2,8.3,25.0,0.0,0.15,3.8,14.6,86.7,13.3,0.0,0.13,1.8,16.5,35.3,35.3,17.6,0.15,2.5,16.5,5.9,29.4,5.9,0.14,3.3,21.4,9.1,31.8,9.1,0.16,3.0,17.5,5.6,22.2,38.9,0.14,2.7,13.6,7.1,14.3,0.0,0.16,3.1,13.1,45.5,27.3,0.0,0.14,1.8,22.6,15.8,31.6,10.5,0.14,2.9,14.3,16.7,25.0,33.3,0.15,3.1,17.9,6.7,26.7,0.0,0.15,3.2,21.4,22.2,22.2,0.0,0.17,3.1,10.7,11.1,0.0,0.0,0.16,3.1,19.3,59.1,13.6,9.1,0.14,2.5,18.4,33.3,19.0,23.8,0.11,2.4,17.5,30.0,15.0,10.0,0.18,2.4,17.5,25.0,20.0,20.0,0.16,2.9,14.9,11.8,17.6,11.8,0.18,3.1,12.3,21.4,21.4,0.0,0.15,2.6
20261001,04,1,1800,3793,B1,埼玉,53.0,58.0,4.31,27.55,3.52,7.41,24,33.33,47,34.85,4047,B1,大阪,46.0,54.0,3.43,16.25,3.57,19.05,17,25.64,23,32.39,3686,A2,群馬,51.0,50.0,6.07,36.73,6.48,52.17,18,34.92,52,42.25,3256,A1,東京,59.0,52.0,6.81,54.26,6.81,48.08,38,43.33,48,27.08,3391,B2,東京,61.0,52.0,2.22,3.7,0.0,0.0,20,33.82,67,40.3,3532,B2,群馬,54.0,54.0,5.84,37.5,7.62,65.38,12,60.26,58,22.73,15.4,30.0,20.0,40.0,0.15,2.9,20.0,23.1,15.4,23.1,0.17,3.0,10.8,28.6,14.3,0.0,0.09,2.6,16.9,18.2,9.1,0.0,0.17,2.7,16.9,18.2,27.3,0.0,0.17,3.1,20.0,7.7,0.0,0.0,0.16,3.8,14.3,53.8,30.8,15.4,0.13,2.8,18.7,5.9,35.3,0.0,0.16,3.1,19.8,5.6,11.1,22.2,0.18,3.3,15.4,7.1,14.3,7.1,0.2,4.1,13.2,8.3,8.3,0.0,0.19,3.4,18.7,5.9,0.0,0.0,0.21,4.7,19.7,66.7,14.8,0.0,0.13,1.7,14.6,10.0,20.0,30.0,0.14,2.3,19.0,15.4,11.5,38.5,0.15,2.8,14.6,15.0,20.0,20.0,0.13,2.5,17.5,16.7,16.7,16.7,0.15,3.0,14.6,10.0,35.0,0.0,0.19,4.2,19.1,52.4,28.6,9.5,0.15,2.6,18.2,20.0,35.0,10.0,0.13,2.6,19.1,9.5,38.1,28.6,0.14,2.5,14.5,31.2,25.0,12.5,0.14,2.8,17.3,5.3,21.1,31.6,0.16,2.7,11.8,38.5,0.0,0.0,0.19,4.2,0.0,0.0,0.0,0.0,0.0,0.0,0.0,0.0,0.0,0.0,0.0,0.0,0.0,0.0,0.0,0.0,0.0,0.0,0.0,0.0,0.0,0.0,0.0,0.0,0.0,0.0,0.0,0.0,0.0,0.0,0.0,0.0,0.0,0.0,0.0,0.0,24.6,60.0,6.7,13.3,0.15,2.9,31.1,15.8,42.1,5.3,0.16,3.3,29.5,5.6,5.6,27.8,0.14,3.3,3.3,50.0,50.0,0.0,0.16,3.7,8.2,20.0,40.0,0.0,0.18,3.0,3.3,0.0,0.0,0.0,0.17,2.5
20261001,04,2,1800,3741,B1,福岡,52.0,57.0,3.46,16.67,2.83,8.33,40,36.51,64,18.6,3505,A2,東京,55.0,54.0,5.2,35.51,5.36,28.69,27,35.38,17,40.58,3929,B1,愛知,50.0,51.0,4.36,20.72,4.94,33.33,13,31.34,14,36.36,3516,B1,広島,58.0,52.0,4.69,32.63,5.35,34.62,55,23.61,75,36.76,4077,A2,東京,47.0,53.0,5.37,33.91,4.92,28.57,25,41.67,12,25.97,3616,B1,福岡,53.0,55.0,4.77,25.68,5.2,20.0,33,40.54,21,26.32,13.1,46.2,7.7,15.4,0.13,2.5,18.2,11.1,5.6,0.0,0.18,3.9,16.2,18.8,18.8,0.0,0.17,3.3,21.2,14.3,4.8,0.0,0.16,3.5,20.2,5.0,10.0,0.0,0.18,4.2,11.1,0.0,0.0,0.0,0.22,4.7,19.5,73.9,4.3,0.0,0.15,2.5,17.8,9.5,38.1,23.8,0.15,2.6,17.8,14.3,23.8,33.3,0.15,2.9,18.6,18.2,31.8,0.0,0.14,2.8,12.7,6.7,13.3,13.3,0.13,2.5,13.6,6.2,6.2,6.2,0.15,3.5,14.1,30.8,23.1,0.0,0.17,3.1,15.2,14.3,14.3,28.6,0.17,2.3,21.7,10.0,10.0,20.0,0.15,2.4,17.4,6.2,31.2,0.0,0.16,3.3,17.4,12.5,12.5,6.2,0.17,2.5,14.1,7.7,7.7,0.0,0.14,2.7,20.5,12.5,25.0,18.8,0.18,3.2,16.7,7.7,30.8,15.4,0.15,3.4,15.4,8.3,8.3,0.0,0.2,3.8,11.5,11.1,11.1,11.1,0.19,4.4,21.8,11.8,5.9,0.0,0.21,4.1,14.1,9.1,0.0,0.0,0.19,4.7,13.8,62.5,12.5,12.5,0.16,3.2,21.6,32.0,12.0,28.0,0.17,3.2,17.2,20.0,20.0,20.0,0.16,3.0,13.8,12.5,18.8,25.0,0.17,3.6,19.0,4.5,9.1,13.6,0.19,4.3,14.7,23.5,0.0,0.0,0.19,4.6,14.9,61.5,7.7,0.0,0.15,2.0,12.6,18.2,0.0,0.0,0.18,3.5,20.7,11.1,33.3,11.1,0.14,2.4,20.7,16.7,16.7,16.7,0.15,2.4,14.9,23.1,38.5,0.0,0.18,3.9,16.1,7.1,21.4,21.4,0.17,3.3
20261001,04,3,1800,3807,B1,埼玉,51.0,51.0,4.91,26.23,4.5,10.0,69,38.03,73,32.14,3527,B1,長崎,55.0,51.0,5.08,29.73,0.0,0.0,74,41.67,69,38.33,3690,B1,愛知,55.0,53.0,4.81,30.36,4.23,23.08,65,30.0,66,20.55,3297,B1,福岡,59.0,49.0,4.74,26.42,3.83,12.5,71,30.77,22,34.29,3997,A1,大阪,47.0,54.0,6.12,40.56,7.55,55.26,66,33.33,63,36.76,3988,A2,愛知,48.0,57.0,6.13,38.46,4.86,28.57,67,15.71,65,27.42,14.7,31.2,43.8,12.5,0.16,3.3,19.3,9.5,14.3,23.8,0.15,2.8,17.4,15.8,42.1,0.0,0.16,2.7,18.3,10.0,5.0,0.0,0.18,3.7,15.6,5.9,11.8,0.0,0.16,3.3,14.7,6.2,6.2,6.2,0.2,4.5,17.4,26.3,36.8,5.3,0.18,3.2,17.4,21.1,15.8,21.1,0.16,3.2,17.4,10.5,26.3,21.1,0.18,4.1,16.5,5.6,22.2,0.0,0.18,3.5,18.3,5.0,15.0,15.0,0.15,3.3,12.8,14.3,7.1,0.0,0.19,4.1,11.8,25.0,33.3,8.3,0.18,3.1,20.6,14.3,28.6,28.6,0.21,4.7,18.6,5.3,26.3,5.3,0.18,4.1,15.7,6.2,25.0,0.0,0.16,3.0,16.7,5.9,11.8,0.0,0.19,4.2,16.7,5.9,17.6,0.0,0.19,3.8,15.0,25.0,16.7,16.7,0.2,3.7,30.0,8.3,12.5,25.0,0.22,4.7,25.0,20.0,15.0,0.0,0.21,3.8,23.8,5.3,0.0,0.0,0.22,5.0,5.0,25.0,50.0,0.0,0.17,4.0,1.2,0.0,0.0,0.0,0.32,6.0,22.8,70.6,11.8,5.9,0.15,2.3,17.4,11.5,46.2,19.2,0.17,3.5,16.8,24.0,16.0,32.0,0.15,3.0,15.4,17.4,13.0,34.8,0.17,3.7,16.8,4.0,16.0,32.0,0.17,3.6,10.7,6.2,37.5,0.0,0.17,4.7,21.5,73.1,15.4,3.8,0.14,2.3,12.4,13.3,20.0,20.0,0.15,3.5,19.8,20.8,20.8,16.7,0.16,2.5,14.0,5.9,29.4,5.9,0.14,3.0,18.2,9.1,13.6,22.7,0.15,3.3,14.0,23.5,0.0,0.0,0.16,3.2
20261001,04,4,1800,3211,B1,佐賀,64.0,52.0,4.09,18.52,0.0,0.0,43,35.29,50,21.74,4076,B1,静岡,48.0,52.0,4.85,26.72,5.42,29.17,59,25.0,49,24.29,3998,B1,佐賀,47.0,52.0,4.35,25.93,4.86,32.14,39,19.4,74,29.85,4139,B1,愛知,45.0,55.0,4.4,26.19,4.35,32.35,56,20.0,53,42.25,3554,A1,愛知,54.0,52.0,6.48,51.77,6.03,33.33,49,21.74,15,20.59,3978,A2,東京,49.0,52.0,6.09,30.97,7.07,50.83,11,35.0,62,34.18,16.0,25.0,25.0,16.7,0.19,3.4,14.7,9.1,18.2,9.1,0.18,3.4,17.3,7.7,7.7,0.0,0.18,3.6,18.7,21.4,7.1,0.0,0.16,3.0,18.7,7.1,7.1,0.0,0.18,4.1,14.7,9.1,0.0,0.0,0.2,4.5,17.5,62.5,25.0,0.0,0.18,3.6,14.6,10.0,25.0,25.0,0.17,4.2,19.0,7.7,26.9,26.9,0.19,3.8,16.1,4.5,18.2,31.8,0.22,4.5,19.0,15.4,23.1,0.0,0.23,4.8,13.9,5.3,15.8,0.0,0.27,5.4,12.1,45.5,45.5,0.0,0.15,2.4,19.8,33.3,22.2,0.0,0.18,3.4,18.7,17.6,17.6,0.0,0.15,3.1,16.5,13.3,6.7,0.0,0.15,3.0,20.9,10.5,10.5,0.0,0.19,3.8,12.1,0.0,0.0,0.0,0.21,4.8,14.6,38.5,23.1,0.0,0.15,2.8,15.7,21.4,28.6,0.0,0.18,3.4,19.1,11.8,23.5,23.5,0.19,3.6,20.2,16.7,5.6,11.1,0.2,3.8,18.0,6.2,25.0,0.0,0.2,3.8,12.4,9.1,0.0,0.0,0.2,4.1,28.3,58.5,24.4,7.3,0.18,3.3,17.9,15.4,38.5,15.4,0.17,3.4,23.4,8.8,23.5,35.3,0.17,3.2,20.0,24.1,24.1,13.8,0.18,3.6,9.0,15.4,30.8,0.0,0.22,4.5,1.4,0.0,0.0,0.0,0.2,4.5,20.2,63.6,9.1,9.1,0.14,2.3,13.8,20.0,46.7,6.7,0.14,3.5,17.4,21.1,21.1,0.0,0.14,3.2,16.5,22.2,22.2,5.6,0.17,3.3,14.7,6.2,25.0,12.5,0.17,3.8,17.4,5.3,10.5,0.0,0.2,4.6
20261001,04,5,1800,3713,A1,愛知,52.0,55.0,4.93,33.33,6.24,36.0,57,22.73,72,33.87,4131,B1,静岡,46.0,55.0,5.62,37.61,5.11,35.71,53,31.82,54,36.99,3973,B1,群馬,50.0,53.0,4.43,23.64,3.93,20.0,50,54.1,19,35.21,3391,B2,東京,61.0,52.0,2.22,3.7,0.0,0.0,20,33.82,67,40.3,3863,B1,東京,52.0,58.0,4.44,21.62,4.27,27.14,44,16.92,44,28.99,3619,B1,群馬,52.0,51.0,5.11,29.29,4.81,25.0,47,23.68,18,28.13,18.2,59.1,27.3,4.5,0.14,2.5,16.5,15.0,30.0,15.0,0.16,2.9,19.0,21.7,26.1,21.7,0.15,3.2,17.4,23.8,38.1,19.0,0.14,2.1,15.7,5.3,15.8,21.1,0.14,2.7,13.2,6.2,25.0,0.0,0.16,3.1,18.8,66.7,16.7,0.0,0.2,2.8,15.6,20.0,50.0,20.0,0.13,2.3,14.1,11.1,33.3,11.1,0.14,2.3,17.2,27.3,36.4,18.2,0.16,2.5,20.3,15.4,30.8,23.1,0.17,3.0,14.1,11.1,0.0,0.0,0.21,4.9,15.0,20.0,20.0,6.7,0.21,3.9,19.0,5.3,15.8,15.8,0.2,3.9,17.0,5.9,29.4,11.8,0.19,3.8,18.0,5.6,5.6,11.1,0.22,3.9,17.0,11.8,0.0,0.0,0.24,4.1,14.0,7.1,7.1,0.0,0.19,4.4,0.0,0.0,0.0,0.0,0.0,0.0,0.0,0.0,0.0,0.0,0.0,0.0,0.0,0.0,0.0,0.0,0.0,0.0,0.0,0.0,0.0,0.0,0.0,0.0,0.0,0.0,0.0,0.0,0.0,0.0,0.0,0.0,0.0,0.0,0.0,0.0,16.9,26.7,40.0,13.3,0.15,2.6,16.9,53.3,0.0,0.0,0.17,3.1,22.5,10.0,15.0,20.0,0.16,3.4,13.5,8.3,58.3,0.0,0.2,3.8,15.7,7.1,7.1,14.3,0.18,3.6,14.6,7.7,0.0,0.0,0.18,3.6,16.2,29.4,29.4,11.8,0.18,3.2,14.3,13.3,40.0,6.7,0.18,3.7,18.1,15.8,15.8,26.3,0.17,3.8,19.0,20.0,20.0,0.0,0.19,4.0,17.1,11.1,0.0,0.0,0.22,4.4,15.2,12.5,0.0,0.0,0.21,5.1
20261001,04,6,1800,4047,B1,大阪,46.0,54.0,3.43,16.25,3.57,19.05,17,25.64,23,32.39,3516,B1,広島,58.0,52.0,4.69,32.63,5.35,34.62,55,23.61,75,36.76,3961,A1,山口,47.0,58.0,6.69,50.0,6.47,33.33,10,40.0,41,36.92,3882,B1,大阪,53.0,56.0,4.34,18.95,4.79,26.47,15,35.82,61,33.33,4027,A2,佐賀,48.0,57.0,5.34,32.56,5.76,36.0,28,14.81,51,43.24,3880,B1,埼玉,53.0,54.0,4.25,16.85,4.61,14.63,35,31.43,56,32.76,14.3,53.8,30.8,15.4,0.13,2.8,18.7,5.9,35.3,0.0,0.16,3.1,19.8,5.6,11.1,22.2,0.18,3.3,15.4,7.1,14.3,7.1,0.2,4.1,13.2,8.3,8.3,0.0,0.19,3.4,18.7,5.9,0.0,0.0,0.21,4.7,20.5,12.5,25.0,18.8,0.18,3.2,16.7,7.7,30.8,15.4,0.15,3.4,15.4,8.3,8.3,0.0,0.2,3.8,11.5,11.1,11.1,11.1,0.19,4.4,21.8,11.8,5.9,0.0,0.21,4.1,14.1,9.1,0.0,0.0,0.19,4.7,21.5,80.0,10.0,5.0,0.17,2.7,17.2,25.0,25.0,12.5,0.15,3.9,14.0,15.4,7.7,38.5,0.18,4.4,11.8,45.5,27.3,0.0,0.16,3.5,17.2,25.0,31.2,0.0,0.17,3.4,18.3,5.9,11.8,41.2,0.17,3.8,13.5,53.3,6.7,20.0,0.16,2.9,20.7,8.7,13.0,43.5,0.2,3.9,16.2,5.6,11.1,27.8,0.18,3.7,16.2,22.2,11.1,22.2,0.14,2.7,23.4,3.8,7.7,30.8,0.17,4.0,9.9,9.1,0.0,0.0,0.19,4.0,16.7,66.7,6.7,6.7,0.16,2.8,18.9,5.9,23.5,23.5,0.18,4.4,15.6,7.1,21.4,42.9,0.16,3.0,22.2,25.0,10.0,10.0,0.15,2.6,18.9,11.8,5.9,17.6,0.15,2.7,7.8,14.3,0.0,0.0,0.17,2.9,15.8,33.3,20.0,6.7,0.17,2.8,15.8,20.0,20.0,0.0,0.23,3.8,16.8,12.5,12.5,25.0,0.18,3.8,17.9,5.9,11.8,11.8,0.19,3.9,16.8,18.8,6.2,25.0,0.19,3.5,16.8,6.2,18.8,0.0,0.2,4.9
20261001,04,7,1800,3430,B1,広島,58.0,56.0,4.33,23.58,4.78,33.33,75,25.0,59,23.08,3256,A1,東京,59.0,52.0,6.81,54.26,6.81,48.08,38,43.33,48,27.08,3489,A2,静岡,59.0,53.0,5.93,43.24,6.08,34.62,45,21.21,68,43.08,3929,B1,愛知,50.0,51.0,4.36,20.72,4.94,33.33,13,31.34,14,36.36,3527,B1,長崎,55.0,51.0,5.08,29.73,0.0,0.0,74,41.67,69,38.33,3718,B1,静岡,51.0,57.0,4.46,23.47,4.18,27.27,64,30.16,43,33.8,13.7,53.8,7.7,0.0,0.16,2.8,17.9,5.9,23.5,11.8,0.17,3.6,16.8,6.2,12.5,0.0,0.17,3.6,21.1,5.0,15.0,5.0,0.2,3.8,18.9,5.6,5.6,5.6,0.16,3.8,11.6,9.1,9.1,0.0,0.16,3.6,19.1,52.4,28.6,9.5,0.15,2.6,18.2,20.0,35.0,10.0,0.13,2.6,19.1,9.5,38.1,28.6,0.14,2.5,14.5,31.2,25.0,12.5,0.14,2.8,17.3,5.3,21.1,31.6,0.16,2.7,11.8,38.5,0.0,0.0,0.19,4.2,17.5,62.5,16.7,8.3,0.14,2.6,19.0,7.7,46.2,23.1,0.17,3.4,13.9,5.3,26.3,42.1,0.13,2.1,21.2,6.9,20.7,20.7,0.16,3.8,11.7,12.5,18.8,0.0,0.18,3.4,16.8,17.4,0.0,0.0,0.2,4.9,14.1,30.8,23.1,0.0,0.17,3.1,15.2,14.3,14.3,28.6,0.17,2.3,21.7,10.0,10.0,20.0,0.15,2.4,17.4,6.2,31.2,0.0,0.16,3.3,17.4,12.5,12.5,6.2,0.17,2.5,14.1,7.7,7.7,0.0,0.14,2.7,17.4,26.3,36.8,5.3,0.18,3.2,17.4,21.1,15.8,21.1,0.16,3.2,17.4,10.5,26.3,21.1,0.18,4.1,16.5,5.6,22.2,0.0,0.18,3.5,18.3,5.0,15.0,15.0,0.15,3.3,12.8,14.3,7.1,0.0,0.19,4.1,14.3,66.7,6.7,6.7,0.14,2.5,19.0,15.0,25.0,10.0,0.18,3.5,14.3,6.7,13.3,33.3,0.17,2.8,18.1,5.3,15.8,15.8,0.17,3.6,21.0,4.5,13.6,0.0,0.19,3.8,13.3,14.3,0.0,0.0,0.19,4.6
20261001,04,8,1800,3826,A2,東京,53.0,53.0,6.3,47.2,6.12,40.79,34,35.38,13,41.82,3532,B2,群馬,54.0,54.0,5.84,37.5,7.62,65.38,12,60.26,58,22.73,3741,B1,福岡,52.0,57.0,3.46,16.67,2.83,8.33,40,36.51,64,18.6,3909,A1,静岡,53.0,57.0,6.78,53.45,5.57,36.67,19,31.08,71,37.68,3690,B1,愛知,55.0,53.0,4.81,30.36,4.23,23.08,65,30.0,66,20.55,3377,B1,東京,59.0,53.0,4.41,20.0,4.25,20.59,61,44.07,46,23.53,19.2,60.0,25.0,15.0,0.15,2.2,16.3,35.3,35.3,0.0,0.13,2.9,17.3,22.2,22.2,33.3,0.16,3.0,11.5,16.7,25.0,0.0,0.16,3.9,21.2,9.1,31.8,18.2,0.15,3.3,14.4,6.7,26.7,0.0,0.18,4.1,24.6,60.0,6.7,13.3,0.15,2.9,31.1,15.8,42.1,5.3,0.16,3.3,29.5,5.6,5.6,27.8,0.14,3.3,3.3,50.0,50.0,0.0,0.16,3.7,8.2,20.0,40.0,0.0,0.18,3.0,3.3,0.0,0.0,0.0,0.17,2.5,13.1,46.2,7.7,15.4,0.13,2.5,18.2,11.1,5.6,0.0,0.18,3.9,16.2,18.8,18.8,0.0,0.17,3.3,21.2,14.3,4.8,0.0,0.16,3.5,20.2,5.0,10.0,0.0,0.18,4.2,11.1,0.0,0.0,0.0,0.22,4.7,22.8,79.3,10.3,3.4,0.09,1.9,16.5,19.0,47.6,19.0,0.13,2.4,20.5,15.4,19.2,15.4,0.13,2.3,18.9,4.2,33.3,16.7,0.13,2.4,17.3,27.3,9.1,18.2,0.11,2.0,3.9,20.0,0.0,0.0,0.14,3.6,11.8,25.0,33.3,8.3,0.18,3.1,20.6,14.3,28.6,28.6,0.21,4.7,18.6,5.3,26.3,5.3,0.18,4.1,15.7,6.2,25.0,0.0,0.16,3.0,16.7,5.9,11.8,0.0,0.19,4.2,16.7,5.9,17.6,0.0,0.19,3.8,17.7,14.3,21.4,0.0,0.26,4.9,15.2,16.7,16.7,16.7,0.23,4.8,17.7,21.4,7.1,0.0,0.2,3.9,19.0,13.3,0.0,0.0,0.21,4.2,13.9,9.1,18.2,9.1,0.17,3.3,16.5,7.7,7.7,15.4,0.19,3.5
20261001,04,9,1800,4077,A2,東京,47.0,53.0,5.37,33.91,4.92,28.57,25,41.67,12,25.97,4139,B1,愛知,45.0,55.0,4.4,26.19,4.35,32.35,56,20.0,53,42.25,3952,A1,埼玉,50.0,53.0,6.57,45.65,6.68,48.94,22,14.49,45,36.62,3793,B1,埼玉,53.0,58.0,4.31,27.55,3.52,7.41,24,33.33,47,34.85,3973,B1,群馬,50.0,53.0,4.43,23.64,3.93,20.0,50,54.1,19,35.21,3158,A2,広島,61.0,55.0,6.4,46.09,6.4,55.0,63,30.77,11,26.76,13.8,62.5,12.5,12.5,0.16,3.2,21.6,32.0,12.0,28.0,0.17,3.2,17.2,20.0,20.0,20.0,0.16,3.0,13.8,12.5,18.8,25.0,0.17,3.6,19.0,4.5,9.1,13.6,0.19,4.3,14.7,23.5,0.0,0.0,0.19,4.6,14.6,38.5,23.1,0.0,0.15,2.8,15.7,21.4,28.6,0.0,0.18,3.4,19.1,11.8,23.5,23.5,0.19,3.6,20.2,16.7,5.6,11.1,0.2,3.8,18.0,6.2,25.0,0.0,0.2,3.8,12.4,9.1,0.0,0.0,0.2,4.1,21.9,52.0,20.0,12.0,0.14,3.2,16.7,26.3,26.3,0.0,0.14,2.9,17.5,45.0,15.0,20.0,0.17,3.4,16.7,21.1,21.1,31.6,0.14,2.6,16.7,15.8,5.3,36.8,0.13,2.7,10.5,25.0,0.0,0.0,0.13,3.4,15.4,30.0,20.0,40.0,0.15,2.9,20.0,23.1,15.4,23.1,0.17,3.0,10.8,28.6,14.3,0.0,0.09,2.6,16.9,18.2,9.1,0.0,0.17,2.7,16.9,18.2,27.3,0.0,0.17,3.1,20.0,7.7,0.0,0.0,0.16,3.8,15.0,20.0,20.0,6.7,0.21,3.9,19.0,5.3,15.8,15.8,0.2,3.9,17.0,5.9,29.4,11.8,0.19,3.8,18.0,5.6,5.6,11.1,0.22,3.9,17.0,11.8,0.0,0.0,0.24,4.1,14.0,7.1,7.1,0.0,0.19,4.4,21.2,59.1,27.3,9.1,0.14,2.8,12.5,7.7,23.1,15.4,0.16,3.2,18.3,5.3,26.3,21.1,0.15,3.1,19.2,10.0,25.0,25.0,0.13,2.2,15.4,6.2,12.5,25.0,0.15,2.9,13.5,7.1,7.1,0.0,0.17,3.6
20261001,04,10,1800,4027,A2,佐賀,48.0,57.0,5.34,32.56,5.76,36.0,28,14.81,51,43.24,3944,A1,長崎,47.0,54.0,5.84,39.77,5.96,46.15,68,44.07,70,39.39,3554,A1,愛知,54.0,52.0,6.48,51.77,6.03,33.33,49,21.74,15,20.59,3807,B1,埼玉,51.0,51.0,4.91,26.23,4.5,10.0,69,38.03,73,32.14,3878,B1,山口,49.0,51.0,4.25,17.58,4.71,14.29,51,35.19,57,50.0,3868,B1,東京,51.0,55.0,4.57,23.91,5.91,45.45,54,22.39,60,47.06,16.7,66.7,6.7,6.7,0.16,2.8,18.9,5.9,23.5,23.5,0.18,4.4,15.6,7.1,21.4,42.9,0.16,3.0,22.2,25.0,10.0,10.0,0.15,2.6,18.9,11.8,5.9,17.6,0.15,2.7,7.8,14.3,0.0,0.0,0.17,2.9,16.8,71.4,23.8,4.8,0.16,2.8,18.4,8.7,43.5,17.4,0.15,3.0,18.4,8.7,47.8,8.7,0.15,3.3,20.0,20.0,16.0,28.0,0.18,3.3,16.8,4.8,14.3,23.8,0.19,3.9,9.6,16.7,16.7,0.0,0.19,4.1,28.3,58.5,24.4,7.3,0.18,3.3,17.9,15.4,38.5,15.4,0.17,3.4,23.4,8.8,23.5,35.3,0.17,3.2,20.0,24.1,24.1,13.8,0.18,3.6,9.0,15.4,30.8,0.0,0.22,4.5,1.4,0.0,0.0,0.0,0.2,4.5,14.7,31.2,43.8,12.5,0.16,3.3,19.3,9.5,14.3,23.8,0.15,2.8,17.4,15.8,42.1,0.0,0.16,2.7,18.3,10.0,5.0,0.0,0.18,3.7,15.6,5.9,11.8,0.0,0.16,3.3,14.7,6.2,6.2,6.2,0.2,4.5,12.8,27.3,18.2,18.2,0.17,3.3,18.6,6.2,25.0,18.8,0.16,2.6,18.6,6.2,25.0,0.0,0.18,3.1,17.4,13.3,13.3,0.0,0.17,3.5,17.4,6.7,13.3,6.7,0.19,3.1,15.1,7.7,15.4,0.0,0.17,3.2,14.0,53.3,20.0,6.7,0.18,2.9,19.6,9.5,14.3,28.6,0.2,3.9,15.9,23.5,11.8,0.0,0.18,3.1,17.8,5.3,15.8,26.3,0.24,4.5,17.8,15.8,5.3,0.0,0.21,4.5,15.0,6.2,18.8,0.0,0.22,4.3
20261001,04,11,1800,3686,A2,群馬,51.0,50.0,6.07,36.73,6.48,52.17,18,34.92,52,42.25,3718,B1,静岡,51.0,57.0,4.46,23.47,4.18,27.27,64,30.16,43,33.8,3713,A1,愛知,52.0,55.0,4.93,33.33,6.24,36.0,57,22.73,72,33.87,3997,A1,大阪,47.0,54.0,6.12,40.56,7.55,55.26,66,33.33,63,36.76,3505,A2,東京,55.0,54.0,5.2,35.51,5.36,28.69,27,35.38,17,40.58,3714,B1,福岡,51.0,55.0,4.25,25.27,4.94,25.81,14,38.71,55,41.77,19.7,66.7,14.8,0.0,0.13,1.7,14.6,10.0,20.0,30.0,0.14,2.3,19.0,15.4,11.5,38.5,0.15,2.8,14.6,15.0,20.0,20.0,0.13,2.5,17.5,16.7,16.7,16.7,0.15,3.0,14.6,10.0,35.0,0.0,0.19,4.2,14.3,66.7,6.7,6.7,0.14,2.5,19.0,15.0,25.0,10.0,0.18,3.5,14.3,6.7,13.3,33.3,0.17,2.8,18.1,5.3,15.8,15.8,0.17,3.6,21.0,4.5,13.6,0.0,0.19,3.8,13.3,14.3,0.0,0.0,0.19,4.6,18.2,59.1,27.3,4.5,0.14,2.5,16.5,15.0,30.0,15.0,0.16,2.9,19.0,21.7,26.1,21.7,0.15,3.2,17.4,23.8,38.1,19.0,0.14,2.1,15.7,5.3,15.8,21.1,0.14,2.7,13.2,6.2,25.0,0.0,0.16,3.1,22.8,70.6,11.8,5.9,0.15,2.3,17.4,11.5,46.2,19.2,0.17,3.5,16.8,24.0,16.0,32.0,0.15,3.0,15.4,17.4,13.0,34.8,0.17,3.7,16.8,4.0,16.0,32.0,0.17,3.6,10.7,6.2,37.5,0.0,0.17,4.7,19.5,73.9,4.3,0.0,0.15,2.5,17.8,9.5,38.1,23.8,0.15,2.6,17.8,14.3,23.8,33.3,0.15,2.9,18.6,18.2,31.8,0.0,0.14,2.8,12.7,6.7,13.3,13.3,0.13,2.5,13.6,6.2,6.2,6.2,0.15,3.5,14.0,35.7,14.3,21.4,0.17,2.9,17.0,29.4,5.9,0.0,0.15,2.6,20.0,10.0,10.0,45.0,0.15,2.8,20.0,10.0,15.0,0.0,0.13,3.1,16.0,31.2,0.0,0.0,0.17,3.4,13.0,15.4,0.0,0.0,0.21,3.8
20261001,04,12,1800,3961,A1,山口,47.0,58.0,6.69,50.0,6.47,33.33,10,40.0,41,36.92,3422,A2,静岡,55.0,56.0,5.8,39.06,6.1,42.86,70,14.49,10,38.16,3211,B1,佐賀,64.0,52.0,4.09,18.52,0.0,0.0,43,35.29,50,21.74,3377,B1,東京,59.0,53.0,4.41,20.0,4.25,20.59,61,44.07,46,23.53,3489,A2,静岡,59.0,53.0,5.93,43.24,6.08,34.62,45,21.21,68,43.08,3679,A2,埼玉,53.0,53.0,6.67,48.87,6.5,43.42,32,32.0,16,33.33,21.5,80.0,10.0,5.0,0.17,2.7,17.2,25.0,25.0,12.5,0.15,3.9,14.0,15.4,7.7,38.5,0.18,4.4,11.8,45.5,27.3,0.0,0.16,3.5,17.2,25.0,31.2,0.0,0.17,3.4,18.3,5.9,11.8,41.2,0.17,3.8,23.0,72.4,13.8,0.0,0.15,2.8,12.7,6.2,31.2,6.2,0.13,2.9,19.8,12.0,12.0,24.0,0.15,3.3,19.8,8.0,32.0,12.0,0.14,3.0,15.9,25.0,25.0,15.0,0.14,2.5,8.7,9.1,9.1,9.1,0.16,3.7,16.0,25.0,25.0,16.7,0.19,3.4,14.7,9.1,18.2,9.1,0.18,3.4,17.3,7.7,7.7,0.0,0.18,3.6,18.7,21.4,7.1,0.0,0.16,3.0,18.7,7.1,7.1,0.0,0.18,4.1,14.7,9.1,0.0,0.0,0.2,4.5,17.7,14.3,21.4,0.0,0.26,4.9,15.2,16.7,16.7,16.7,0.23,4.8,17.7,21.4,7.1,0.0,0.2,3.9,19.0,13.3,0.0,0.0,0.21,4.2,13.9,9.1,18.2,9.1,0.17,3.3,16.5,7.7,7.7,15.4,0.19,3.5,17.5,62.5,16.7,8.3,0.14,2.6,19.0,7.7,46.2,23.1,0.17,3.4,13.9,5.3,26.3,42.1,0.13,2.1,21.2,6.9,20.7,20.7,0.16,3.8,11.7,12.5,18.8,0.0,0.18,3.4,16.8,17.4,0.0,0.0,0.2,4.9,18.0,69.6,13.0,8.7,0.14,3.1,14.1,11.1,33.3,33.3,0.17,3.7,17.2,4.5,50.0,22.7,0.14,3.0,21.9,3.6,28.6,35.7,0.18,3.4,18.0,13.0,13.0,0.0,0.21,4.5,10.9,7.1,28.6,0.0,0.19,4.4
20261001,03,1,1800,4540,A2,東京,39.0,53.0,5.14,28.97,6.0,30.0,37,39.47,57,28.57,3508,A2,佐賀,55.0,54.0,5.0,28.85,4.45,27.27,16,33.8,29,39.47,4615,B1,東京,46.0,52.0,4.66,25.58,4.69,21.13,39,22.39,13,41.33,4231,B1,愛知,43.0,55.0,5.39,34.43,6.07,44.83,47,18.92,40,40.0,3503,B1,埼玉,56.0,51.0,3.7,17.0,4.8,24.62,57,45.21,60,37.04,3906,B1,長崎,48.0,64.0,3.66,20.43,3.08,19.23,60,25.0,20,19.72,20.4,47.6,23.8,14.3,0.1,2.3,14.6,13.3,46.7,20.0,0.13,2.3,16.5,5.9,23.5,29.4,0.11,2.1,16.5,17.6,11.8,23.5,0.13,2.6,12.6,15.4,23.1,0.0,0.15,2.5,19.4,40.0,0.0,0.0,0.11,1.7,15.6,85.7,0.0,0.0,0.17,3.1,18.9,17.6,35.3,23.5,0.19,3.7,18.9,11.8,23.5,41.2,0.17,2.9,14.4,7.7,23.1,38.5,0.2,4.1,17.8,12.5,0.0,0.0,0.2,4.7,14.4,15.4,0.0,0.0,0.28,5.3,14.0,33.3,25.0,16.7,0.18,3.4,18.6,18.8,18.8,0.0,0.15,3.0,18.6,12.5,12.5,0.0,0.17,3.4,14.0,16.7,25.0,0.0,0.17,3.7,22.1,21.1,10.5,0.0,0.21,4.3,12.8,9.1,0.0,0.0,0.26,4.9,19.5,34.6,23.1,19.2,0.17,3.3,17.3,26.1,21.7,21.7,0.18,3.6,16.5,13.6,9.1,31.8,0.16,3.4,17.3,17.4,4.3,13.0,0.16,3.6,17.3,8.7,30.4,0.0,0.18,3.7,12.0,6.2,25.0,0.0,0.2,3.4,14.4,23.1,30.8,7.7,0.14,2.6,20.0,16.7,22.2,0.0,0.17,3.2,15.6,7.1,7.1,21.4,0.18,3.4,21.1,5.3,10.5,15.8,0.14,2.8,15.6,14.3,0.0,0.0,0.18,3.3,13.3,0.0,0.0,0.0,0.17,3.7,10.7,41.7,33.3,16.7,0.17,3.3,18.8,9.5,9.5,14.3,0.21,3.8,21.4,4.2,12.5,25.0,0.19,3.9,16.1,5.6,16.7,11.1,0.23,4.8,22.3,24.0,16.0,0.0,0.22,5.1,10.7,16.7,0.0,0.0,0.26,5.6
20261001,03,2,1800,5172,B1,徳島,25.0,53.0,4.99,34.0,5.7,40.0,25,42.47,58,18.06,5073,A2,福岡,31.0,54.0,5.32,31.2,5.03,28.21,56,49.37,43,35.82,4259,A2,長崎,42.0,53.0,5.63,34.81,7.3,60.0,61,29.73,48,29.49,4728,B1,東京,38.0,54.0,4.66,27.71,4.94,30.49,41,29.58,39,47.95,4035,B1,愛知,47.0,52.0,3.54,20.56,3.3,10.0,49,38.46,41,40.0,4685,A1,徳島,35.0,52.0,7.24,53.77,7.38,62.5,48,33.78,17,35.21,16.3,57.1,7.1,7.1,0.22,4.2,17.4,6.7,26.7,13.3,0.18,4.4,14.0,16.7,16.7,0.0,0.21,4.4,17.4,20.0,13.3,0.0,0.19,4.1,17.4,6.7,6.7,26.7,0.17,4.5,17.4,13.3,13.3,0.0,0.18,4.1,19.8,52.4,19.0,9.5,0.19,3.4,18.9,15.0,30.0,25.0,0.18,3.8,16.0,17.6,23.5,0.0,0.22,4.5,14.2,13.3,33.3,0.0,0.16,3.7,14.2,6.7,40.0,0.0,0.17,4.3,17.0,33.3,0.0,0.0,0.19,4.5,19.9,55.6,22.2,11.1,0.13,2.4,19.1,19.2,30.8,19.2,0.13,2.8,16.2,9.1,36.4,18.2,0.14,2.9,17.6,8.3,4.2,29.2,0.16,3.1,15.4,14.3,19.0,0.0,0.14,3.2,11.8,6.2,25.0,0.0,0.21,3.7,15.4,50.0,14.3,0.0,0.16,2.5,15.4,14.3,35.7,0.0,0.18,3.6,19.8,5.6,27.8,5.6,0.16,3.1,17.6,25.0,18.8,0.0,0.19,4.1,17.6,18.8,18.8,0.0,0.17,3.3,14.3,0.0,0.0,0.0,0.22,4.6,12.8,28.6,7.1,14.3,0.21,4.2,17.4,5.3,10.5,5.3,0.23,4.3,20.2,9.1,31.8,9.1,0.21,4.2,12.8,14.3,21.4,0.0,0.23,4.4,23.9,3.8,7.7,7.7,0.21,4.5,12.8,21.4,0.0,0.0,0.17,3.9,29.3,88.9,2.8,0.0,0.13,2.2,16.3,50.0,30.0,10.0,0.14,2.1,13.0,18.8,43.8,25.0,0.14,2.6,13.8,23.5,41.2,29.4,0.16,3.2,13.8,11.8,23.5,29.4,0.14,3.1,13.8,23.5,11.8,29.4,0.17,3.8
20261001,03,3,1800,4610,A1,東京,36.0,54.0,6.12,45.69,6.01,41.72,65,41.33,15,32.43,4023,B1,福岡,49.0,53.0,3.67,16.85,4.67,20.63,54,23.29,52,30.67,4440,B1,東京,40.0,55.0,4.6,29.03,5.1,27.59,35,30.56,32,43.06,5212,A2,福岡,27.0,56.0,6.21,45.97,5.46,32.69,43,33.33,23,18.84,4201,B1,埼玉,44.0,53.0,4.33,21.37,4.07,19.3,33,31.94,28,41.1,3907,B1,香川,48.0,55.0,5.16,33.33,5.43,33.33,50,23.68,68,30.77,19.9,77.8,7.4,3.7,0.17,2.6,14.0,31.6,21.1,21.1,0.14,2.8,16.2,27.3,27.3,13.6,0.14,2.7,14.7,20.0,10.0,30.0,0.15,3.2,19.1,15.4,11.5,15.4,0.16,2.8,16.2,9.1,9.1,9.1,0.17,3.5,12.0,45.5,18.2,18.2,0.19,3.5,21.7,20.0,15.0,0.0,0.18,3.6,15.2,7.1,14.3,28.6,0.16,3.2,16.3,13.3,0.0,0.0,0.15,3.9,20.7,5.3,15.8,10.5,0.19,3.3,14.1,0.0,0.0,0.0,0.17,4.5,12.7,38.5,23.1,0.0,0.14,2.8,18.6,10.5,10.5,26.3,0.16,2.7,17.6,16.7,11.1,27.8,0.17,3.0,15.7,25.0,18.8,0.0,0.15,2.4,21.6,13.6,27.3,0.0,0.21,4.1,13.7,21.4,0.0,0.0,0.22,3.9,15.0,68.8,12.5,6.2,0.14,1.8,18.7,25.0,45.0,10.0,0.12,1.9,16.8,11.1,38.9,11.1,0.14,2.8,20.6,27.3,27.3,0.0,0.13,2.0,16.8,22.2,11.1,22.2,0.13,2.6,12.1,23.1,0.0,0.0,0.16,3.3,13.6,22.2,11.1,0.0,0.21,3.9,24.2,6.2,12.5,25.0,0.2,3.6,12.1,12.5,0.0,0.0,0.19,3.6,19.7,15.4,15.4,0.0,0.14,3.0,18.2,8.3,8.3,16.7,0.17,3.4,12.1,12.5,0.0,0.0,0.2,4.6,17.6,63.6,18.2,0.0,0.17,3.5,14.4,11.1,16.7,27.8,0.16,3.6,18.4,4.3,34.8,26.1,0.16,3.0,16.8,4.8,28.6,28.6,0.15,3.8,16.0,20.0,20.0,0.0,0.16,3.2,16.8,9.5,0.0,0.0,0.16,4.2
20261001,03,4,1800,3934,B1,愛知,49.0,52.0,5.15,26.72,5.64,39.39,64,45.57,37,27.03,5244,B1,福岡,26.0,52.0,4.03,20.0,4.05,16.67,22,31.58,34,28.38,4637,A2,埼玉,36.0,58.0,5.64,38.57,5.0,22.22,10,35.21,49,45.95,4875,B1,東京,32.0,51.0,5.48,37.14,5.21,34.82,12,38.16,27,51.9,4644,A1,東京,47.0,52.0,6.64,48.89,5.99,38.61,53,33.78,61,44.0,4550,A2,群馬,37.0,58.0,4.87,23.58,5.48,44.78,51,28.0,25,30.77,15.0,37.5,12.5,25.0,0.18,3.4,16.8,11.1,22.2,22.2,0.17,3.2,20.6,4.5,13.6,22.7,0.15,2.8,18.7,20.0,15.0,0.0,0.15,3.3,18.7,10.0,5.0,20.0,0.17,3.2,10.3,18.2,0.0,0.0,0.21,4.5,12.9,45.5,9.1,18.2,0.14,3.0,21.2,5.6,27.8,0.0,0.14,2.6,20.0,5.9,17.6,11.8,0.15,2.4,17.6,6.7,13.3,20.0,0.18,2.8,14.1,16.7,0.0,0.0,0.17,3.3,14.1,8.3,0.0,0.0,0.18,4.3,17.8,66.7,16.7,5.6,0.16,3.2,16.8,5.9,29.4,11.8,0.2,4.6,11.9,50.0,8.3,0.0,0.2,4.1,19.8,25.0,15.0,20.0,0.16,3.3,19.8,5.0,5.0,25.0,0.18,3.9,13.9,14.3,14.3,0.0,0.18,4.4,16.3,33.3,20.0,20.0,0.18,2.6,14.1,23.1,23.1,15.4,0.16,3.8,19.6,11.1,16.7,16.7,0.19,3.0,23.9,13.6,4.5,13.6,0.19,4.0,14.1,7.7,15.4,46.2,0.16,3.2,12.0,0.0,0.0,0.0,0.21,4.4,18.2,68.2,22.7,4.5,0.14,2.2,14.9,11.1,55.6,5.6,0.15,3.7,18.2,18.2,31.8,18.2,0.17,2.8,20.7,20.0,20.0,8.0,0.14,2.0,17.4,14.3,9.5,42.9,0.15,2.5,10.7,7.7,15.4,0.0,0.11,2.3,14.3,43.8,37.5,6.2,0.16,2.6,18.8,19.0,28.6,9.5,0.16,2.8,19.6,9.1,22.7,9.1,0.17,3.8,17.9,10.0,25.0,25.0,0.16,3.6,19.6,4.5,36.4,0.0,0.15,3.1,9.8,27.3,0.0,0.0,0.15,3.4
20261001,03,5,1800,5004,A2,大阪,30.0,52.0,5.82,38.17,5.03,35.29,62,41.56,31,30.56,5328,B1,福岡,22.0,53.0,4.35,21.28,3.83,16.67,24,30.77,11,17.81,5032,A2,香川,28.0,54.0,5.0,31.45,6.75,50.0,36,46.67,26,34.67,4615,B1,東京,46.0,52.0,4.66,25.58,4.69,21.13,39,22.39,13,41.33,4934,A2,大阪,30.0,55.0,5.4,34.65,6.24,35.29,31,39.13,66,30.67,5093,B2,福岡,24.0,56.0,3.17,9.86,5.2,40.0,30,51.43,51,28.77,15.7,61.1,11.1,16.7,0.16,2.7,18.3,9.5,42.9,28.6,0.13,2.8,15.7,11.1,33.3,16.7,0.14,3.3,17.4,5.0,10.0,25.0,0.17,3.3,18.3,4.8,14.3,19.0,0.16,2.8,14.8,5.9,23.5,0.0,0.16,3.5,12.8,10.0,10.0,10.0,0.18,3.8,19.2,13.3,20.0,13.3,0.2,4.8,16.7,7.7,7.7,15.4,0.23,4.0,19.2,6.7,26.7,0.0,0.16,3.9,16.7,23.1,7.7,0.0,0.17,4.1,15.4,33.3,0.0,0.0,0.22,5.3,16.4,47.4,26.3,15.8,0.16,3.0,17.2,10.0,15.0,45.0,0.15,2.9,17.2,20.0,10.0,15.0,0.14,2.5,19.8,8.7,17.4,17.4,0.18,3.9,14.7,11.8,17.6,23.5,0.16,2.8,14.7,11.8,35.3,0.0,0.19,3.6,14.0,33.3,25.0,16.7,0.18,3.4,18.6,18.8,18.8,0.0,0.15,3.0,18.6,12.5,12.5,0.0,0.17,3.4,14.0,16.7,25.0,0.0,0.17,3.7,22.1,21.1,10.5,0.0,0.21,4.3,12.8,9.1,0.0,0.0,0.26,4.9,19.1,45.5,31.8,4.5,0.16,2.5,13.9,18.8,18.8,31.2,0.17,3.5,17.4,15.0,25.0,25.0,0.16,3.4,14.8,11.8,29.4,17.6,0.19,2.9,13.9,31.2,25.0,0.0,0.18,3.1,20.9,4.2,8.3,8.3,0.18,4.3,15.8,56.2,12.5,6.2,0.14,2.0,15.8,12.5,37.5,12.5,0.16,2.9,14.9,26.7,6.7,0.0,0.13,2.9,12.9,7.7,7.7,23.1,0.19,3.7,18.8,21.1,10.5,0.0,0.17,3.8,21.8,9.1,4.5,0.0,0.26,5.1
20261001,03,6,1800,4873,B1,佐賀,32.0,53.0,4.93,30.83,2.83,16.67,20,33.78,16,40.74,4231,B1,愛知,43.0,55.0,5.39,34.43,6.07,44.83,47,18.92,40,40.0,5303,A2,福岡,23.0,52.0,5.98,37.5,4.79,24.24,40,20.83,18,29.73,4957,B1,福岡,31.0,58.0,5.41,34.26,6.3,54.35,19,25.0,14,24.66,4377,A1,大阪,42.0,50.0,5.43,35.77,6.61,50.0,27,35.14,56,38.03,5424,B2,東京,24.0,54.0,1.5,1.72,1.5,0.0,28,39.73,10,41.43,19.5,40.0,16.0,8.0,0.19,3.8,16.4,19.0,9.5,14.3,0.17,3.7,19.5,12.0,16.0,28.0,0.21,3.7,17.2,4.5,22.7,22.7,0.21,3.9,15.6,10.0,10.0,0.0,0.19,4.2,11.7,13.3,13.3,0.0,0.22,5.1,19.5,34.6,23.1,19.2,0.17,3.3,17.3,26.1,21.7,21.7,0.18,3.6,16.5,13.6,9.1,31.8,0.16,3.4,17.3,17.4,4.3,13.0,0.16,3.6,17.3,8.7,30.4,0.0,0.18,3.7,12.0,6.2,25.0,0.0,0.2,3.4,13.2,16.7,41.7,0.0,0.18,3.6,18.7,17.6,29.4,23.5,0.19,3.4,14.3,23.1,30.8,0.0,0.19,3.8,17.6,12.5,31.2,31.2,0.18,3.4,19.8,11.1,5.6,22.2,0.19,3.2,16.5,6.7,26.7,0.0,0.19,3.9,12.0,66.7,25.0,0.0,0.16,2.7,19.0,10.5,26.3,31.6,0.17,3.6,17.0,11.8,23.5,17.6,0.18,3.0,19.0,10.5,10.5,36.8,0.16,3.2,20.0,10.0,30.0,0.0,0.17,3.4,13.0,7.7,7.7,0.0,0.19,4.4,21.2,68.0,12.0,0.0,0.14,2.0,15.3,11.1,55.6,16.7,0.13,2.8,14.4,11.8,47.1,11.8,0.13,2.8,15.3,27.8,27.8,16.7,0.17,2.8,15.3,22.2,33.3,0.0,0.17,3.2,18.6,4.5,13.6,36.4,0.16,3.6,0.0,0.0,0.0,0.0,0.0,0.0,0.0,0.0,0.0,0.0,0.0,0.0,0.0,0.0,0.0,0.0,0.0,0.0,0.0,0.0,0.0,0.0,0.0,0.0,1.7,0.0,0.0,0.0,0.35,4.0,98.3,1.7,0.0,0.0,0.22,4.4
20261001,03,7,1800,3906,B1,長崎,48.0,64.0,3.66,20.43,3.08,19.23,60,25.0,20,19.72,3482,B1,群馬,55.0,61.0,4.81,29.17,5.62,35.63,59,33.78,12,35.06,4568,B1,東京,38.0,51.0,5.41,33.64,5.88,43.33,34,47.44,22,28.0,4724,B1,佐賀,40.0,55.0,3.6,9.33,3.77,13.64,26,31.58,54,27.03,5073,A2,福岡,31.0,54.0,5.32,31.2,5.03,28.21,56,49.37,43,35.82,4610,A1,東京,36.0,54.0,6.12,45.69,6.01,41.72,65,41.33,15,32.43,10.7,41.7,33.3,16.7,0.17,3.3,18.8,9.5,9.5,14.3,0.21,3.8,21.4,4.2,12.5,25.0,0.19,3.9,16.1,5.6,16.7,11.1,0.23,4.8,22.3,24.0,16.0,0.0,0.22,5.1,10.7,16.7,0.0,0.0,0.26,5.6,18.0,33.3,33.3,8.3,0.14,3.2,16.5,18.2,22.7,0.0,0.15,3.4,18.0,4.2,25.0,16.7,0.14,2.8,14.3,15.8,15.8,0.0,0.17,3.7,16.5,9.1,9.1,36.4,0.15,3.0,16.5,9.1,13.6,0.0,0.16,3.0,16.7,72.2,11.1,0.0,0.13,1.7,16.7,11.1,27.8,16.7,0.16,3.2,17.6,15.8,21.1,26.3,0.13,2.5,15.7,23.5,5.9,23.5,0.15,3.1,11.1,25.0,25.0,0.0,0.15,3.3,22.2,4.2,4.2,16.7,0.15,3.1,9.3,28.6,14.3,0.0,0.17,3.7,17.3,7.7,15.4,0.0,0.22,4.4,18.7,28.6,0.0,0.0,0.16,3.9,20.0,0.0,0.0,0.0,0.19,4.1,20.0,6.7,6.7,20.0,0.17,3.7,14.7,9.1,0.0,0.0,0.19,3.2,19.8,52.4,19.0,9.5,0.19,3.4,18.9,15.0,30.0,25.0,0.18,3.8,16.0,17.6,23.5,0.0,0.22,4.5,14.2,13.3,33.3,0.0,0.16,3.7,14.2,6.7,40.0,0.0,0.17,4.3,17.0,33.3,0.0,0.0,0.19,4.5,19.9,77.8,7.4,3.7,0.17,2.6,14.0,31.6,21.1,21.1,0.14,2.8,16.2,27.3,27.3,13.6,0.14,2.7,14.7,20.0,10.0,30.0,0.15,3.2,19.1,15.4,11.5,15.4,0.16,2.8,16.2,9.1,9.1,9.1,0.17,3.5
20261001,03,8,1800,4952,B1,福岡,32.0,54.0,4.17,20.69,4.26,22.22,21,25.76,38,24.64,4565,B1,愛知,38.0,55.0,4.16,16.35,2.67,0.0,29,21.79,45,28.77,4035,B1,愛知,47.0,52.0,3.54,20.56,3.3,10.0,49,38.46,41,40.0,4540,A2,東京,39.0,53.0,5.14,28.97,6.0,30.0,37,39.47,57,28.57,4440,B1,東京,40.0,55.0,4.6,29.03,5.1,27.59,35,30.56,32,43.06,4637,A2,埼玉,36.0,58.0,5.64,38.57,5.0,22.22,10,35.21,49,45.95,10.8,50.0,12.5,12.5,0.16,2.8,20.3,33.3,13.3,0.0,0.18,3.5,18.9,7.1,7.1,28.6,0.15,2.9,17.6,7.7,0.0,0.0,0.22,4.7,20.3,0.0,0.0,0.0,0.2,3.9,12.2,0.0,0.0,0.0,0.2,5.3,15.5,26.7,6.7,20.0,0.17,3.3,16.5,6.2,6.2,18.8,0.18,4.3,12.4,16.7,8.3,0.0,0.15,3.8,20.6,5.0,20.0,0.0,0.2,3.4,16.5,6.2,25.0,0.0,0.19,3.7,18.6,5.6,5.6,0.0,0.2,4.1,12.8,28.6,7.1,14.3,0.21,4.2,17.4,5.3,10.5,5.3,0.23,4.3,20.2,9.1,31.8,9.1,0.21,4.2,12.8,14.3,21.4,0.0,0.23,4.4,23.9,3.8,7.7,7.7,0.21,4.5,12.8,21.4,0.0,0.0,0.17,3.9,20.4,47.6,23.8,14.3,0.1,2.3,14.6,13.3,46.7,20.0,0.13,2.3,16.5,5.9,23.5,29.4,0.11,2.1,16.5,17.6,11.8,23.5,0.13,2.6,12.6,15.4,23.1,0.0,0.15,2.5,19.4,40.0,0.0,0.0,0.11,1.7,12.7,38.5,23.1,0.0,0.14,2.8,18.6,10.5,10.5,26.3,0.16,2.7,17.6,16.7,11.1,27.8,0.17,3.0,15.7,25.0,18.8,0.0,0.15,2.4,21.6,13.6,27.3,0.0,0.21,4.1,13.7,21.4,0.0,0.0,0.22,3.9,17.8,66.7,16.7,5.6,0.16,3.2,16.8,5.9,29.4,11.8,0.2,4.6,11.9,50.0,8.3,0.0,0.2,4.1,19.8,25.0,15.0,20.0,0.16,3.3,19.8,5.0,5.0,25.0,0.18,3.9,13.9,14.3,14.3,0.0,0.18,4.4
20261001,03,9,1800,4550,A2,群馬,37.0,58.0,4.87,23.58,5.48,44.78,51,28.0,25,30.77,4728,B1,東京,38.0,54.0,4.66,27.71,4.94,30.49,41,29.58,39,47.95,3503,B1,埼玉,56.0,51.0,3.7,17.0,4.8,24.62,57,45.21,60,37.04,4023,B1,福岡,49.0,53.0,3.67,16.85,4.67,20.63,54,23.29,52,30.67,5032,A2,香川,28.0,54.0,5.0,31.45,6.75,50.0,36,46.67,26,34.67,5404,B1,山口,22.0,55.0,2.25,3.61,0.0,0.0,18,31.94,64,45.95,14.3,43.8,37.5,6.2,0.16,2.6,18.8,19.0,28.6,9.5,0.16,2.8,19.6,9.1,22.7,9.1,0.17,3.8,17.9,10.0,25.0,25.0,0.16,3.6,19.6,4.5,36.4,0.0,0.15,3.1,9.8,27.3,0.0,0.0,0.15,3.4,15.4,50.0,14.3,0.0,0.16,2.5,15.4,14.3,35.7,0.0,0.18,3.6,19.8,5.6,27.8,5.6,0.16,3.1,17.6,25.0,18.8,0.0,0.19,4.1,17.6,18.8,18.8,0.0,0.17,3.3,14.3,0.0,0.0,0.0,0.22,4.6,14.4,23.1,30.8,7.7,0.14,2.6,20.0,16.7,22.2,0.0,0.17,3.2,15.6,7.1,7.1,21.4,0.18,3.4,21.1,5.3,10.5,15.8,0.14,2.8,15.6,14.3,0.0,0.0,0.18,3.3,13.3,0.0,0.0,0.0,0.17,3.7,12.0,45.5,18.2,18.2,0.19,3.5,21.7,20.0,15.0,0.0,0.18,3.6,15.2,7.1,14.3,28.6,0.16,3.2,16.3,13.3,0.0,0.0,0.15,3.9,20.7,5.3,15.8,10.5,0.19,3.3,14.1,0.0,0.0,0.0,0.17,4.5,16.4,47.4,26.3,15.8,0.16,3.0,17.2,10.0,15.0,45.0,0.15,2.9,17.2,20.0,10.0,15.0,0.14,2.5,19.8,8.7,17.4,17.4,0.18,3.9,14.7,11.8,17.6,23.5,0.16,2.8,14.7,11.8,35.3,0.0,0.19,3.6,0.0,0.0,0.0,0.0,0.0,0.0,0.0,0.0,0.0,0.0,0.0,0.0,0.0,0.0,0.0,0.0,0.0,0.0,1.3,0.0,0.0,0.0,0.17,6.0,3.9,0.0,0.0,0.0,0.24,3.7,94.7,2.8,8.3,0.0,0.2,4.7
20261001,03,10,1800,3907,B1,香川,48.0,55.0,5.16,33.33,5.43,33.33,50,23.68,68,30.77,4644,A1,東京,47.0,52.0,6.64,48.89,5.99,38.61,53,33.78,61,44.0,4957,B1,福岡,31.0,58.0,5.41,34.26,6.3,54.35,19,25.0,14,24.66,4259,A2,長崎,42.0,53.0,5.63,34.81,7.3,60.0,61,29.73,48,29.49,3508,A2,佐賀,55.0,54.0,5.0,28.85,4.45,27.27,16,33.8,29,39.47,5004,A2,大阪,30.0,52.0,5.82,38.17,5.03,35.29,62,41.56,31,30.56,17.6,63.6,18.2,0.0,0.17,3.5,14.4,11.1,16.7,27.8,0.16,3.6,18.4,4.3,34.8,26.1,0.16,3.0,16.8,4.8,28.6,28.6,0.15,3.8,16.0,20.0,20.0,0.0,0.16,3.2,16.8,9.5,0.0,0.0,0.16,4.2,18.2,68.2,22.7,4.5,0.14,2.2,14.9,11.1,55.6,5.6,0.15,3.7,18.2,18.2,31.8,18.2,0.17,2.8,20.7,20.0,20.0,8.0,0.14,2.0,17.4,14.3,9.5,42.9,0.15,2.5,10.7,7.7,15.4,0.0,0.11,2.3,12.0,66.7,25.0,0.0,0.16,2.7,19.0,10.5,26.3,31.6,0.17,3.6,17.0,11.8,23.5,17.6,0.18,3.0,19.0,10.5,10.5,36.8,0.16,3.2,20.0,10.0,30.0,0.0,0.17,3.4,13.0,7.7,7.7,0.0,0.19,4.4,19.9,55.6,22.2,11.1,0.13,2.4,19.1,19.2,30.8,19.2,0.13,2.8,16.2,9.1,36.4,18.2,0.14,2.9,17.6,8.3,4.2,29.2,0.16,3.1,15.4,14.3,19.0,0.0,0.14,3.2,11.8,6.2,25.0,0.0,0.21,3.7,15.6,85.7,0.0,0.0,0.17,3.1,18.9,17.6,35.3,23.5,0.19,3.7,18.9,11.8,23.5,41.2,0.17,2.9,14.4,7.7,23.1,38.5,0.2,4.1,17.8,12.5,0.0,0.0,0.2,4.7,14.4,15.4,0.0,0.0,0.28,5.3,15.7,61.1,11.1,16.7,0.16,2.7,18.3,9.5,42.9,28.6,0.13,2.8,15.7,11.1,33.3,16.7,0.14,3.3,17.4,5.0,10.0,25.0,0.17,3.3,18.3,4.8,14.3,19.0,0.16,2.8,14.8,5.9,23.5,0.0,0.16,3.5
20261001,03,11,1800,4685,A1,徳島,35.0,52.0,7.24,53.77,7.38,62.5,48,33.78,17,35.21,4934,A2,大阪,30.0,55.0,5.4,34.65,6.24,35.29,31,39.13,66,30.67,5212,A2,福岡,27.0,56.0,6.21,45.97,5.46,32.69,43,33.33,23,18.84,5303,A2,福岡,23.0,52.0,5.98,37.5,4.79,24.24,40,20.83,18,29.73,3482,B1,群馬,55.0,61.0,4.81,29.17,5.62,35.63,59,33.78,12,35.06,3934,B1,愛知,49.0,52.0,5.15,26.72,5.64,39.39,64,45.57,37,27.03,29.3,88.9,2.8,0.0,0.13,2.2,16.3,50.0,30.0,10.0,0.14,2.1,13.0,18.8,43.8,25.0,0.14,2.6,13.8,23.5,41.2,29.4,0.16,3.2,13.8,11.8,23.5,29.4,0.14,3.1,13.8,23.5,11.8,29.4,0.17,3.8,19.1,45.5,31.8,4.5,0.16,2.5,13.9,18.8,18.8,31.2,0.17,3.5,17.4,15.0,25.0,25.0,0.16,3.4,14.8,11.8,29.4,17.6,0.19,2.9,13.9,31.2,25.0,0.0,0.18,3.1,20.9,4.2,8.3,8.3,0.18,4.3,15.0,68.8,12.5,6.2,0.14,1.8,18.7,25.0,45.0,10.0,0.12,1.9,16.8,11.1,38.9,11.1,0.14,2.8,20.6,27.3,27.3,0.0,0.13,2.0,16.8,22.2,11.1,22.2,0.13,2.6,12.1,23.1,0.0,0.0,0.16,3.3,13.2,16.7,41.7,0.0,0.18,3.6,18.7,17.6,29.4,23.5,0.19,3.4,14.3,23.1,30.8,0.0,0.19,3.8,17.6,12.5,31.2,31.2,0.18,3.4,19.8,11.1,5.6,22.2,0.19,3.2,16.5,6.7,26.7,0.0,0.19,3.9,18.0,33.3,33.3,8.3,0.14,3.2,16.5,18.2,22.7,0.0,0.15,3.4,18.0,4.2,25.0,16.7,0.14,2.8,14.3,15.8,15.8,0.0,0.17,3.7,16.5,9.1,9.1,36.4,0.15,3.0,16.5,9.1,13.6,0.0,0.16,3.0,15.0,37.5,12.5,25.0,0.18,3.4,16.8,11.1,22.2,22.2,0.17,3.2,20.6,4.5,13.6,22.7,0.15,2.8,18.7,20.0,15.0,0.0,0.15,3.3,18.7,10.0,5.0,20.0,0.17,3.2,10.3,18.2,0.0,0.0,0.21,4.5
20261001,03,12,1800,4748,A1,東京,40.0,53.0,6.21,46.15,6.62,46.67,52,40.85,46,30.77,4364,A1,福岡,41.0,54.0,6.03,41.96,6.58,45.0,17,35.62,62,32.47,4508,A2,大阪,38.0,53.0,4.92,27.78,5.1,40.0,32,38.46,65,24.24,5035,A2,埼玉,28.0,53.0,5.4,37.19,5.56,22.22,70,20.0,53,47.89,3911,B1,東京,52.0,54.0,4.72,25.64,5.13,30.28,38,36.99,24,31.25,5219,B1,福岡,25.0,52.0,5.42,39.42,4.13,18.75,15,30.77,30,32.0,22.3,59.3,7.4,7.4,0.14,3.1,15.7,36.8,42.1,10.5,0.16,3.2,16.5,10.0,30.0,20.0,0.14,2.6,14.9,16.7,27.8,16.7,0.19,3.6,16.5,15.0,20.0,10.0,0.18,3.7,14.0,11.8,29.4,17.6,0.15,2.9,20.0,75.0,16.7,4.2,0.11,2.3,16.7,20.0,25.0,15.0,0.14,2.6,15.0,11.1,33.3,16.7,0.13,2.9,18.3,27.3,9.1,22.7,0.14,2.1,17.5,19.0,9.5,14.3,0.12,2.2,12.5,6.7,13.3,13.3,0.15,4.0,17.0,43.8,31.2,12.5,0.16,3.0,18.1,5.9,35.3,29.4,0.15,2.9,12.8,8.3,50.0,25.0,0.17,3.2,20.2,15.8,21.1,15.8,0.17,3.5,16.0,13.3,13.3,20.0,0.17,3.8,16.0,6.7,20.0,20.0,0.23,4.3,13.0,46.2,15.4,23.1,0.17,3.7,18.0,16.7,33.3,16.7,0.18,4.1,18.0,22.2,11.1,22.2,0.17,2.8,19.0,5.3,26.3,15.8,0.15,2.8,18.0,11.1,22.2,22.2,0.17,3.0,14.0,7.1,14.3,0.0,0.17,4.2,16.0,57.1,14.3,9.5,0.18,3.3,19.8,11.5,23.1,19.2,0.19,3.5,13.7,5.6,27.8,27.8,0.15,3.1,21.4,10.7,14.3,7.1,0.17,3.1,19.1,12.0,20.0,8.0,0.18,3.4,9.9,15.4,0.0,0.0,0.18,3.8,13.9,63.6,18.2,0.0,0.19,3.7,16.5,23.1,23.1,0.0,0.2,4.5,20.3,18.8,12.5,25.0,0.21,4.4,16.5,7.7,15.4,23.1,0.21,4.0,15.2,8.3,8.3,0.0,0.19,3.3,17.7,14.3,0.0,0.0,0.18,3.9
