date,jcd,r,登番1,級別1,年齢1,体重1,勝率1,全国2率1,当地勝率1,当地2率1,モーター番号1,モーター2率1,ボート番号1,ボート2率1,登番2,級別2,年齢2,体重2,勝率2,全国2率2,当地勝率2,当地2率2,モーター番号2,モーター2率2,ボート番号2,ボート2率2,登番3,級別3,年齢3,体重3,勝率3,全国2率3,当地勝率3,当地2率3,モーター番号3,モーター2率3,ボート番号3,ボート2率3,登番4,級別4,年齢4,体重4,勝率4,全国2率4,当地勝率4,当地2率4,モーター番号4,モーター2率4,ボート番号4,ボート2率4,登番5,級別5,年齢5,体重5,勝率5,全国2率5,当地勝率5,当地2率5,モーター番号5,モーター2率5,ボート番号5,ボート2率5,登番6,級別6,年齢6,体重6,勝率6,全国2率6,当地勝率6,当地2率6,モーター番号6,モーター2率6,ボート番号6,ボート2率6,1号艇_1コース_進入率,1号艇_1コース_1着率,1号艇_1コース_2着率,1号艇_1コース_3着率,1号艇_1コース_平均ST,1号艇_1コース_ST順,1号艇_2コース_進入率,1号艇_2コース_1着率,1号艇_2コース_2着率,1号艇_2コース_3着率,1号艇_2コース_平均ST,1号艇_2コース_ST順,1号艇_3コース_進入率,1号艇_3コース_1着率,1号艇_3コース_2着率,1号艇_3コース_3着率,1号艇_3コース_平均ST,1号艇_3コース_ST順,1号艇_4コース_進入率,1号艇_4コース_1着率,1号艇_4コース_2着率,1号艇_4コース_3着率,1号艇_4コース_平均ST,1号艇_4コース_ST順,1号艇_5コース_進入率,1号艇_5コース_1着率,1号艇_5コース_2着率,1号艇_5コース_3着率,1号艇_5コース_平均ST,1号艇_5コース_ST順,1号艇_6コース_進入率,1号艇_6コース_1着率,1号艇_6コース_2着率,1号艇_6コース_3着率,1号艇_6コース_平均ST,1号艇_6コース_ST順,2号艇_1コース_進入率,2号艇_1コース_1着率,2号艇_1コース_2着率,2号艇_1コース_3着率,2号艇_1コース_平均ST,2号艇_1コース_ST順,2号艇_2コース_進入率,2号艇_2コース_1着率,2号艇_2コース_2着率,2号艇_2コース_3着率,2号艇_2コース_平均ST,2号艇_2コース_ST順,2号艇_3コース_進入率,2号艇_3コース_1着率,2号艇_3コース_2着率,2号艇_3コース_3着率,2号艇_3コース_平均ST,2号艇_3コース_ST順,2号艇_4コース_進入率,2号艇_4コース_1着率,2号艇_4コース_2着率,2号艇_4コース_3着率,2号艇_4コース_平均ST,2号艇_4コース_ST順,2号艇_5コース_進入率,2号艇_5コース_1着率,2号艇_5コース_2着率,2号艇_5コース_3着率,2号艇_5コース_平均ST,2号艇_5コース_ST順,2号艇_6コース_進入率,2号艇_6コース_1着率,2号艇_6コース_2着率,2号艇_6コース_3着率,2号艇_6コース_平均ST,2号艇_6コース_ST順,3号艇_1コース_進入率,3号艇_1コース_1着率,3号艇_1コース_2着率,3号艇_1コース_3着率,3号艇_1コース_平均ST,3号艇_1コース_ST順,3号艇_2コース_進入率,3号艇_2コース_1着率,3号艇_2コース_2着率,3号艇_2コース_3着率,3号艇_2コース_平均ST,3号艇_2コース_ST順,3号艇_3コース_進入率,3号艇_3コース_1着率,3号艇_3コース_2着率,3号艇_3コース_3着率,3号艇_3コース_平均ST,3号艇_3コース_ST順,3号艇_4コース_進入率,3号艇_4コース_1着率,3号艇_4コース_2着率,3号艇_4コース_3着率,3号艇_4コース_平均ST,3号艇_4コース_ST順,3号艇_5コース_進入率,3号艇_5コース_1着率,3号艇_5コース_2着率,3号艇_5コース_3着率,3号艇_5コース_平均ST,3号艇_5コース_ST順,3号艇_6コース_進入率,3号艇_6コース_1着率,3号艇_6コース_2着率,3号艇_6コース_3着率,3号艇_6コース_平均ST,3号艇_6コース_ST順,4号艇_1コース_進入率,4号艇_1コース_1着率,4号艇_1コース_2着率,4号艇_1コース_3着率,4号艇_1コース_平均ST,4号艇_1コース_ST順,4号艇_2コース_進入率,4号艇_2コース_1着率,4号艇_2コース_2着率,4号艇_2コース_3着率,4号艇_2コース_平均ST,4号艇_2コース_ST順,4号艇_3コース_進入率,4号艇_3コース_1着率,4号艇_3コース_2着率,4号艇_3コース_3着率,4号艇_3コース_平均ST,4号艇_3コース_ST順,4号艇_4コース_進入率,4号艇_4コース_1着率,4号艇_4コース_2着率,4号艇_4コース_3着率,4号艇_4コース_平均ST,4号艇_4コース_ST順,4号艇_5コース_進入率,4号艇_5コース_1着率,4号艇_5コース_2着率,4号艇_5コース_3着率,4号艇_5コース_平均ST,4号艇_5コース_ST順,4号艇_6コース_進入率,4号艇_6コース_1着率,4号艇_6コース_2着率,4号艇_6コース_3着率,4号艇_6コース_平均ST,4号艇_6コース_ST順,5号艇_1コース_進入率,5号艇_1コース_1着率,5号艇_1コース_2着率,5号艇_1コース_3着率,5号艇_1コース_平均ST,5号艇_1コース_ST順,5号艇_2コース_進入率,5号艇_2コース_1着率,5号艇_2コース_2着率,5号艇_2コース_3着率,5号艇_2コース_平均ST,5号艇_2コース_ST順,5号艇_3コース_進入率,5号艇_3コース_1着率,5号艇_3コース_2着率,5号艇_3コース_3着率,5号艇_3コース_平均ST,5号艇_3コース_ST順,5号艇_4コース_進入率,5号艇_4コース_1着率,5号艇_4コース_2着率,5号艇_4コース_3着率,5号艇_4コース_平均ST,5号艇_4コース_ST順,5号艇_5コース_進入率,5号艇_5コース_1着率,5号艇_5コース_2着率,5号艇_5コース_3着率,5号艇_5コース_平均ST,5号艇_5コース_ST順,5号艇_6コース_進入率,5号艇_6コース_1着率,5号艇_6コース_2着率,5号艇_6コース_3着率,5号艇_6コース_平均ST,5号艇_6コース_ST順,6号艇_1コース_進入率,6号艇_1コース_1着率,6号艇_1コース_2着率,6号艇_1コース_3着率,6号艇_1コース_平均ST,6号艇_1コース_ST順,6号艇_2コース_進入率,6号艇_2コース_1着率,6号艇_2コース_2着率,6号艇_2コース_3着率,6号艇_2コース_平均ST,6号艇_2コース_ST順,6号艇_3コース_進入率,6号艇_3コース_1着率,6号艇_3コース_2着率,6号艇_3コース_3着率,6号艇_3コース_平均ST,6号艇_3コース_ST順,6号艇_4コース_進入率,6号艇_4コース_1着率,6号艇_4コース_2着率,6号艇_4コース_3着率,6号艇_4コース_平均ST,6号艇_4コース_ST順,6号艇_5コース_進入率,6号艇_5コース_1着率,6号艇_5コース_2着率,6号艇_5コース_3着率,6号艇_5コース_平均ST,6号艇_5コース_ST順,6号艇_6コース_進入率,6号艇_6コース_1着率,6号艇_6コース_2着率,6号艇_6コース_3着率,6号艇_6コース_平均ST,6号艇_6コース_ST順
20260813,24,1,4891,B1,36.0,47.0,4.73,25.71,3.33,11.11,74,33.33,62,45.1,4372,A2,39.0,47.0,5.78,38.2,6.09,37.5,19,35.71,34,32.69,4947,B1,34.0,47.0,4.29,19.12,4.22,17.39,65,46.43,35,31.71,5346,B1,23.0,46.0,2.81,1.61,2.71,14.29,61,38.78,46,39.22,5442,B2,19.0,46.0,1.66,1.69,0.0,0.0,39,34.62,60,38.89,5397,B2,24.0,47.0,1.55,0.0,0.0,0.0,32,27.66,45,29.17,15.0,46.7,6.7,6.7,0.16,2.1,17.0,17.6,11.8,23.5,0.16,2.4,18.0,11.1,16.7,22.2,0.12,2.3,13.0,7.7,15.4,0.0,0.15,2.4,23.0,8.7,21.7,0.0,0.16,3.3,14.0,7.1,14.3,0.0,0.21,4.7,21.4,72.2,11.1,11.1,0.16,2.8,15.5,23.1,15.4,23.1,0.2,3.0,16.7,7.1,21.4,28.6,0.21,3.4,14.3,16.7,58.3,0.0,0.17,3.0,14.3,25.0,0.0,0.0,0.12,2.2,17.9,13.3,20.0,0.0,0.17,2.8,13.0,46.7,6.7,13.3,0.2,3.3,19.1,9.1,27.3,18.2,0.19,4.5,19.1,22.7,9.1,0.0,0.15,2.5,17.4,5.0,25.0,0.0,0.17,3.5,15.7,16.7,22.2,0.0,0.18,3.3,15.7,16.7,0.0,0.0,0.17,3.7,0.0,0.0,0.0,0.0,0.0,0.0,0.0,0.0,0.0,0.0,0.0,0.0,2.5,100.0,0.0,0.0,0.18,5.0,29.6,4.2,20.8,0.0,0.2,4.3,34.6,3.6,10.7,0.0,0.23,3.9,33.3,3.7,0.0,0.0,0.22,4.2,0.0,0.0,0.0,0.0,0.0,0.0,0.0,0.0,0.0,0.0,0.0,0.0,0.0,0.0,0.0,0.0,0.0,0.0,0.0,0.0,0.0,0.0,0.0,0.0,0.0,0.0,0.0,0.0,0.0,0.0,100.0,0.0,0.0,0.0,0.2,4.5,0.0,0.0,0.0,0.0,0.0,0.0,0.0,0.0,0.0,0.0,0.0,0.0,0.0,0.0,0.0,0.0,0.0,0.0,0.0,0.0,0.0,0.0,0.0,0.0,25.7,0.0,0.0,0.0,0.21,4.2,74.3,3.6,0.0,0.0,0.17,3.1
20260813,24,2,5272,B1,24.0,46.0,4.72,26.76,2.1,10.0,58,32.61,48,34.69,4501,B1,38.0,45.0,5.12,32.35,5.47,38.6,40,22.92,25,43.4,4246,B1,44.0,47.0,4.13,20.65,0.0,0.0,17,45.65,69,42.31,5380,B2,22.0,51.0,1.22,0.0,1.0,0.0,23,41.07,77,38.46,4738,A2,35.0,46.0,5.82,39.53,5.73,40.0,31,32.5,54,30.77,5250,B1,24.0,45.0,4.74,22.45,3.79,19.66,34,41.82,85,38.0,11.5,50.0,10.0,0.0,0.21,3.5,24.1,9.5,33.3,14.3,0.17,3.2,16.1,7.1,14.3,7.1,0.22,3.8,17.2,6.7,20.0,6.7,0.19,3.5,18.4,6.2,12.5,0.0,0.19,3.6,12.6,9.1,0.0,0.0,0.17,3.2,19.8,57.7,15.4,3.8,0.14,2.0,14.5,5.3,31.6,36.8,0.14,2.5,17.6,17.4,21.7,0.0,0.16,3.4,15.3,5.0,15.0,0.0,0.16,3.0,16.8,9.1,9.1,9.1,0.15,3.2,16.0,4.8,9.5,0.0,0.16,3.5,14.0,20.0,33.3,13.3,0.18,3.7,19.6,9.5,14.3,33.3,0.19,3.6,19.6,4.8,14.3,23.8,0.18,3.1,16.8,5.6,16.7,0.0,0.18,3.3,18.7,5.0,10.0,0.0,0.19,3.8,11.2,8.3,0.0,0.0,0.17,3.8,0.0,0.0,0.0,0.0,0.0,0.0,0.0,0.0,0.0,0.0,0.0,0.0,0.0,0.0,0.0,0.0,0.0,0.0,18.5,0.0,0.0,0.0,0.24,5.1,24.7,0.0,0.0,0.0,0.29,5.8,56.8,0.0,0.0,0.0,0.29,5.7,21.8,67.7,12.9,9.7,0.13,2.3,14.1,40.0,15.0,25.0,0.18,3.1,16.2,17.4,30.4,21.7,0.14,2.8,14.8,4.8,9.5,23.8,0.16,2.6,19.0,11.1,14.8,0.0,0.17,3.4,14.1,5.0,10.0,0.0,0.17,3.6,11.6,40.0,10.0,20.0,0.13,2.0,22.1,5.3,26.3,15.8,0.2,4.0,17.4,6.7,26.7,0.0,0.19,4.3,17.4,6.7,6.7,0.0,0.18,4.5,16.3,14.3,7.1,0.0,0.17,3.9,15.1,0.0,0.0,0.0,0.23,4.8
20260813,24,3,4744,B1,33.0,46.0,4.62,23.94,4.1,16.95,49,37.25,47,44.23,5327,B2,22.0,48.0,1.84,1.61,0.0,0.0,46,38.3,82,38.89,3474,B1,56.0,47.0,4.6,27.88,5.21,21.05,14,32.69,56,40.74,4627,A2,40.0,48.0,6.54,47.37,4.6,33.33,70,36.96,66,33.33,3943,B2,47.0,68.0,2.09,2.22,0.0,0.0,28,40.82,24,44.23,4924,B1,33.0,48.0,4.51,20.41,4.11,16.31,37,41.67,75,32.65,12.2,22.2,22.2,22.2,0.22,4.9,17.6,15.4,15.4,0.0,0.2,4.7,23.0,11.8,5.9,29.4,0.23,4.2,16.2,8.3,33.3,0.0,0.22,4.8,16.2,8.3,16.7,0.0,0.25,4.6,14.9,9.1,18.2,0.0,0.24,5.2,10.8,0.0,0.0,0.0,0.17,4.3,21.7,5.6,0.0,0.0,0.21,4.2,18.1,6.7,0.0,0.0,0.17,3.7,15.7,7.7,0.0,0.0,0.23,4.5,16.9,0.0,0.0,0.0,0.17,3.5,16.9,0.0,0.0,0.0,0.17,3.4,15.0,37.5,37.5,6.2,0.19,3.8,19.6,19.0,23.8,14.3,0.2,3.8,18.7,5.0,30.0,15.0,0.15,2.6,15.9,17.6,0.0,0.0,0.17,3.9,16.8,11.1,27.8,0.0,0.19,3.9,14.0,13.3,0.0,0.0,0.22,5.1,19.3,59.1,13.6,9.1,0.14,2.5,18.4,33.3,19.0,23.8,0.11,2.4,17.5,30.0,15.0,10.0,0.18,2.4,17.5,25.0,20.0,20.0,0.16,2.9,14.9,11.8,17.6,11.8,0.18,3.1,12.3,21.4,21.4,0.0,0.15,2.6,14.3,50.0,0.0,0.0,0.15,3.5,7.1,0.0,0.0,0.0,0.19,5.0,21.4,0.0,0.0,0.0,0.21,4.3,7.1,0.0,0.0,0.0,0.17,3.0,21.4,0.0,0.0,0.0,0.14,3.3,28.6,0.0,0.0,0.0,0.24,4.0,12.9,23.1,7.7,7.7,0.18,3.5,17.8,5.6,27.8,11.1,0.15,2.7,18.8,5.3,10.5,36.8,0.15,2.8,19.8,10.0,20.0,0.0,0.17,2.9,17.8,16.7,0.0,0.0,0.19,3.6,12.9,7.7,0.0,0.0,0.18,4.2
20260813,24,4,4534,B1,36.0,45.0,3.78,13.79,4.44,11.11,20,47.92,57,35.85,4408,B1,40.0,48.0,3.45,18.18,4.56,31.25,59,55.81,12,38.78,5342,B2,24.0,46.0,2.52,9.23,1.46,0.0,69,37.29,79,32.0,4464,A1,40.0,43.0,5.9,40.0,4.38,25.0,41,54.17,51,36.54,3993,B1,47.0,46.0,5.29,30.53,0.0,0.0,33,29.79,43,36.54,3932,B1,50.0,53.0,5.03,37.97,0.0,0.0,29,40.74,76,36.36,13.4,11.1,33.3,11.1,0.24,4.8,17.9,8.3,25.0,8.3,0.21,4.8,20.9,7.1,14.3,7.1,0.21,4.1,19.4,7.7,23.1,0.0,0.2,4.8,19.4,23.1,0.0,0.0,0.21,3.8,9.0,0.0,0.0,0.0,0.2,3.5,10.3,71.4,14.3,0.0,0.18,2.4,19.1,7.7,15.4,0.0,0.15,3.5,13.2,11.1,22.2,0.0,0.15,3.8,26.5,5.6,0.0,0.0,0.22,4.4,20.6,7.1,21.4,0.0,0.21,4.1,10.3,0.0,0.0,0.0,0.21,5.1,0.0,0.0,0.0,0.0,0.0,0.0,0.0,0.0,0.0,0.0,0.0,0.0,0.0,0.0,0.0,0.0,0.0,0.0,31.4,3.7,0.0,0.0,0.17,3.7,24.4,14.3,0.0,0.0,0.16,2.7,44.2,0.0,0.0,0.0,0.17,3.6,15.8,68.8,6.2,18.8,0.17,2.9,16.8,11.8,41.2,17.6,0.18,3.9,17.8,27.8,22.2,22.2,0.16,3.5,18.8,15.8,26.3,31.6,0.2,3.4,19.8,20.0,30.0,0.0,0.21,3.9,10.9,9.1,18.2,0.0,0.22,4.6,18.3,36.8,5.3,31.6,0.16,3.4,16.3,52.9,11.8,0.0,0.18,3.2,19.2,10.0,25.0,35.0,0.15,2.5,16.3,11.8,23.5,11.8,0.18,2.9,19.2,10.0,25.0,0.0,0.17,3.4,10.6,18.2,0.0,0.0,0.13,2.9,12.6,58.3,16.7,0.0,0.16,2.3,20.0,26.3,21.1,5.3,0.15,2.6,22.1,4.8,23.8,19.0,0.17,3.2,15.8,13.3,20.0,13.3,0.16,3.6,13.7,15.4,7.7,0.0,0.18,3.6,15.8,6.7,6.7,0.0,0.2,3.8
20260813,24,5,5069,B1,25.0,44.0,4.88,28.26,4.39,38.89,48,33.33,20,43.75,5129,A2,29.0,46.0,6.09,42.73,5.82,39.62,55,34.04,39,27.66,3175,B1,62.0,48.0,4.43,21.69,4.5,22.22,24,50.0,37,37.25,3579,B1,53.0,48.0,4.95,25.76,4.76,28.0,13,37.5,64,40.74,5335,B1,21.0,46.0,2.57,8.96,2.7,11.11,43,40.0,15,32.56,5117,B1,26.0,44.0,5.0,28.79,3.55,18.18,47,38.64,67,34.62,14.1,40.0,30.0,10.0,0.17,3.1,18.3,7.7,30.8,7.7,0.13,2.5,22.5,12.5,12.5,25.0,0.17,2.4,12.7,11.1,0.0,0.0,0.2,3.6,19.7,7.1,42.9,0.0,0.19,3.0,12.7,0.0,0.0,0.0,0.19,4.0,17.7,52.9,17.6,5.9,0.17,4.2,14.6,21.4,35.7,14.3,0.17,3.4,16.7,18.8,18.8,25.0,0.17,3.4,16.7,18.8,25.0,31.2,0.19,3.3,15.6,6.7,6.7,6.7,0.17,3.1,18.8,5.6,22.2,0.0,0.16,4.8,12.1,9.1,36.4,18.2,0.18,3.5,20.9,10.5,21.1,42.1,0.17,3.3,17.6,6.2,18.8,18.8,0.16,3.2,17.6,6.2,18.8,25.0,0.15,2.3,18.7,5.9,23.5,0.0,0.16,3.0,13.2,8.3,8.3,0.0,0.21,3.7,12.3,30.0,40.0,20.0,0.17,2.9,16.0,7.7,23.1,0.0,0.2,3.9,21.0,5.9,11.8,17.6,0.2,4.8,16.0,38.5,15.4,0.0,0.19,3.2,21.0,5.9,5.9,17.6,0.19,3.5,13.6,9.1,0.0,0.0,0.21,4.5,7.2,40.0,20.0,0.0,0.09,2.4,14.5,10.0,0.0,0.0,0.19,4.2,15.9,9.1,9.1,0.0,0.19,4.4,14.5,0.0,0.0,0.0,0.13,2.9,11.6,12.5,0.0,0.0,0.18,2.9,36.2,4.0,0.0,0.0,0.2,3.9,10.3,14.3,28.6,28.6,0.16,2.1,16.2,9.1,27.3,0.0,0.18,2.9,20.6,14.3,42.9,0.0,0.16,2.9,20.6,14.3,21.4,0.0,0.2,3.6,14.7,10.0,30.0,0.0,0.22,3.0,17.6,8.3,0.0,0.0,0.2,5.0
20260813,24,6,5360,B1,19.0,47.0,3.3,15.79,0.0,0.0,54,47.92,49,47.06,4098,B1,44.0,49.0,4.24,16.47,0.0,0.0,36,39.22,81,46.81,3334,A2,57.0,45.0,5.35,35.61,5.0,33.33,78,30.19,31,36.36,4891,B1,36.0,47.0,4.73,25.71,3.33,11.11,74,33.33,62,45.1,5358,B2,20.0,48.0,2.39,4.08,2.75,7.5,38,48.94,14,46.81,5254,B1,23.0,46.0,3.52,10.14,3.29,11.76,79,29.79,36,36.73,7.8,42.9,14.3,0.0,0.1,2.1,14.4,15.4,0.0,0.0,0.2,3.2,17.8,25.0,31.2,0.0,0.2,3.1,16.7,6.7,13.3,0.0,0.17,3.1,14.4,7.7,0.0,0.0,0.19,3.8,28.9,7.7,0.0,0.0,0.15,3.2,17.7,50.0,7.1,7.1,0.18,2.9,16.5,7.7,23.1,0.0,0.19,3.8,20.3,6.2,31.2,12.5,0.17,4.1,16.5,15.4,0.0,0.0,0.19,4.0,21.5,5.9,23.5,0.0,0.22,4.4,7.6,16.7,0.0,0.0,0.21,5.5,23.0,51.6,16.1,6.5,0.2,4.2,17.0,4.3,39.1,21.7,0.22,4.1,16.3,9.1,45.5,18.2,0.19,4.1,16.3,27.3,31.8,0.0,0.21,4.5,16.3,18.2,18.2,0.0,0.19,4.5,11.1,6.7,20.0,0.0,0.21,4.5,15.0,46.7,6.7,6.7,0.16,2.1,17.0,17.6,11.8,23.5,0.16,2.4,18.0,11.1,16.7,22.2,0.12,2.3,13.0,7.7,15.4,0.0,0.15,2.4,23.0,8.7,21.7,0.0,0.16,3.3,14.0,7.1,14.3,0.0,0.21,4.7,6.8,33.3,33.3,0.0,0.23,3.7,11.4,20.0,0.0,0.0,0.19,3.8,18.2,12.5,12.5,0.0,0.18,3.7,15.9,28.6,0.0,0.0,0.19,3.6,15.9,42.9,0.0,0.0,0.2,3.8,31.8,0.0,0.0,0.0,0.24,4.6,10.1,37.5,12.5,12.5,0.25,4.9,16.5,7.7,30.8,0.0,0.24,4.8,17.7,28.6,7.1,0.0,0.23,4.7,13.9,9.1,9.1,9.1,0.22,3.8,24.1,10.5,15.8,0.0,0.19,4.1,17.7,7.1,0.0,0.0,0.24,5.1
20260813,24,7,4927,A2,32.0,44.0,6.1,43.24,5.39,36.84,52,38.3,50,48.08,4286,A2,42.0,48.0,6.1,43.41,5.52,30.0,62,37.04,38,32.69,3604,B1,55.0,49.0,4.4,17.65,4.18,25.0,53,41.3,17,37.74,4065,B1,46.0,43.0,5.09,39.19,6.25,45.83,25,31.91,59,34.0,5380,B2,22.0,51.0,1.22,0.0,1.0,0.0,23,41.07,77,38.46,5442,B2,19.0,46.0,1.66,1.69,0.0,0.0,39,34.62,60,38.89,19.5,57.7,11.5,3.8,0.15,2.6,18.0,20.8,8.3,25.0,0.16,3.4,18.0,8.3,37.5,12.5,0.14,3.0,15.8,4.8,42.9,0.0,0.18,3.3,15.0,5.0,25.0,25.0,0.15,2.4,13.5,5.6,11.1,11.1,0.17,3.7,19.0,46.4,35.7,7.1,0.14,2.8,15.6,13.0,30.4,26.1,0.16,2.9,19.7,6.9,17.2,24.1,0.13,2.5,15.6,8.7,17.4,21.7,0.15,2.4,19.0,3.6,14.3,21.4,0.17,3.0,10.9,12.5,0.0,0.0,0.17,3.5,15.2,53.3,26.7,0.0,0.18,3.5,19.2,5.3,36.8,21.1,0.18,3.5,18.2,16.7,0.0,0.0,0.2,3.5,15.2,6.7,26.7,0.0,0.17,3.3,16.2,6.2,12.5,0.0,0.18,3.7,16.2,6.2,0.0,0.0,0.22,4.6,15.3,40.0,26.7,6.7,0.14,2.9,17.3,17.6,17.6,11.8,0.16,3.4,18.4,11.1,33.3,11.1,0.21,3.8,20.4,30.0,0.0,0.0,0.19,3.9,16.3,12.5,18.8,6.2,0.16,3.6,12.2,8.3,0.0,0.0,0.17,3.9,0.0,0.0,0.0,0.0,0.0,0.0,0.0,0.0,0.0,0.0,0.0,0.0,0.0,0.0,0.0,0.0,0.0,0.0,18.5,0.0,0.0,0.0,0.24,5.1,24.7,0.0,0.0,0.0,0.29,5.8,56.8,0.0,0.0,0.0,0.29,5.7,0.0,0.0,0.0,0.0,0.0,0.0,0.0,0.0,0.0,0.0,0.0,0.0,0.0,0.0,0.0,0.0,0.0,0.0,0.0,0.0,0.0,0.0,0.0,0.0,0.0,0.0,0.0,0.0,0.0,0.0,100.0,0.0,0.0,0.0,0.2,4.5
20260813,24,8,5056,B2,30.0,45.0,4.25,12.5,0.0,0.0,81,38.18,73,40.0,5213,B1,27.0,46.0,5.16,33.33,4.07,22.22,57,37.78,27,31.11,4738,A2,35.0,46.0,5.82,39.53,5.73,40.0,31,32.5,54,30.77,5362,B2,19.0,50.0,2.57,6.1,3.41,11.76,56,37.5,71,32.69,5397,B2,24.0,47.0,1.55,0.0,0.0,0.0,32,27.66,45,29.17,5327,B2,22.0,48.0,1.84,1.61,0.0,0.0,46,38.3,82,38.89,0.0,0.0,0.0,0.0,0.0,0.0,0.0,0.0,0.0,0.0,0.0,0.0,0.0,0.0,0.0,0.0,0.0,0.0,0.0,0.0,0.0,0.0,0.0,0.0,0.0,0.0,0.0,0.0,0.0,0.0,0.0,0.0,0.0,0.0,0.0,0.0,16.7,61.1,22.2,11.1,0.16,3.0,14.8,18.8,37.5,12.5,0.17,4.4,19.4,14.3,19.0,14.3,0.18,4.0,15.7,11.8,5.9,23.5,0.2,4.4,14.8,6.2,12.5,0.0,0.22,4.6,18.5,15.0,0.0,0.0,0.24,5.0,21.8,67.7,12.9,9.7,0.13,2.3,14.1,40.0,15.0,25.0,0.18,3.1,16.2,17.4,30.4,21.7,0.14,2.8,14.8,4.8,9.5,23.8,0.16,2.6,19.0,11.1,14.8,0.0,0.17,3.4,14.1,5.0,10.0,0.0,0.17,3.6,3.9,0.0,0.0,0.0,0.25,4.3,5.2,0.0,0.0,0.0,0.16,4.0,7.8,16.7,0.0,0.0,0.34,5.0,14.3,9.1,0.0,0.0,0.21,4.2,32.5,0.0,0.0,0.0,0.2,4.0,36.4,0.0,0.0,0.0,0.24,4.9,0.0,0.0,0.0,0.0,0.0,0.0,0.0,0.0,0.0,0.0,0.0,0.0,0.0,0.0,0.0,0.0,0.0,0.0,0.0,0.0,0.0,0.0,0.0,0.0,25.7,0.0,0.0,0.0,0.21,4.2,74.3,3.6,0.0,0.0,0.17,3.1,10.8,0.0,0.0,0.0,0.17,4.3,21.7,5.6,0.0,0.0,0.21,4.2,18.1,6.7,0.0,0.0,0.17,3.7,15.7,7.7,0.0,0.0,0.23,4.5,16.9,0.0,0.0,0.0,0.17,3.5,16.9,0.0,0.0,0.0,0.17,3.4
20260813,24,9,4589,B1,34.0,51.0,5.52,29.9,6.89,66.67,63,52.17,32,43.4,5346,B1,23.0,46.0,2.81,1.61,2.71,14.29,61,38.78,46,39.22,3943,B2,47.0,68.0,2.09,2.22,0.0,0.0,28,40.82,24,44.23,4534,B1,36.0,45.0,3.78,13.79,4.44,11.11,20,47.92,57,35.85,4246,B1,44.0,47.0,4.13,20.65,0.0,0.0,17,45.65,69,42.31,4450,A2,39.0,46.0,6.55,47.92,6.33,33.33,16,40.0,55,38.3,13.8,66.7,33.3,0.0,0.12,2.2,20.0,7.7,15.4,23.1,0.19,2.8,16.9,27.3,9.1,27.3,0.16,2.9,18.5,16.7,8.3,0.0,0.14,2.1,18.5,16.7,0.0,0.0,0.18,4.0,12.3,0.0,0.0,0.0,0.23,4.3,0.0,0.0,0.0,0.0,0.0,0.0,0.0,0.0,0.0,0.0,0.0,0.0,2.5,100.0,0.0,0.0,0.18,5.0,29.6,4.2,20.8,0.0,0.2,4.3,34.6,3.6,10.7,0.0,0.23,3.9,33.3,3.7,0.0,0.0,0.22,4.2,14.3,50.0,0.0,0.0,0.15,3.5,7.1,0.0,0.0,0.0,0.19,5.0,21.4,0.0,0.0,0.0,0.21,4.3,7.1,0.0,0.0,0.0,0.17,3.0,21.4,0.0,0.0,0.0,0.14,3.3,28.6,0.0,0.0,0.0,0.24,4.0,13.4,11.1,33.3,11.1,0.24,4.8,17.9,8.3,25.0,8.3,0.21,4.8,20.9,7.1,14.3,7.1,0.21,4.1,19.4,7.7,23.1,0.0,0.2,4.8,19.4,23.1,0.0,0.0,0.21,3.8,9.0,0.0,0.0,0.0,0.2,3.5,14.0,20.0,33.3,13.3,0.18,3.7,19.6,9.5,14.3,33.3,0.19,3.6,19.6,4.8,14.3,23.8,0.18,3.1,16.8,5.6,16.7,0.0,0.18,3.3,18.7,5.0,10.0,0.0,0.19,3.8,11.2,8.3,0.0,0.0,0.17,3.8,16.7,60.0,26.7,0.0,0.14,2.9,18.9,23.5,41.2,5.9,0.15,2.9,16.7,13.3,40.0,0.0,0.15,3.5,14.4,7.7,38.5,23.1,0.18,2.9,18.9,23.5,5.9,5.9,0.14,3.2,14.4,15.4,23.1,0.0,0.19,4.7
20260813,24,10,3579,B1,53.0,48.0,4.95,25.76,4.76,28.0,13,37.5,64,40.74,4791,B1,36.0,48.0,5.58,33.03,5.77,35.42,45,42.86,11,37.25,5129,A2,29.0,46.0,6.09,42.73,5.82,39.62,55,34.04,39,27.66,4300,B1,43.0,51.0,5.01,31.96,5.25,40.0,44,52.94,29,30.77,3932,B1,50.0,53.0,5.03,37.97,0.0,0.0,29,40.74,76,36.36,4947,B1,34.0,47.0,4.29,19.12,4.22,17.39,65,46.43,35,31.71,12.3,30.0,40.0,20.0,0.17,2.9,16.0,7.7,23.1,0.0,0.2,3.9,21.0,5.9,11.8,17.6,0.2,4.8,16.0,38.5,15.4,0.0,0.19,3.2,21.0,5.9,5.9,17.6,0.19,3.5,13.6,9.1,0.0,0.0,0.21,4.5,15.1,35.7,14.3,14.3,0.19,3.5,18.3,17.6,29.4,11.8,0.19,3.6,22.6,19.0,33.3,9.5,0.18,3.1,11.8,27.3,27.3,0.0,0.2,3.3,14.0,15.4,15.4,0.0,0.19,3.9,18.3,23.5,0.0,0.0,0.23,4.9,17.7,52.9,17.6,5.9,0.17,4.2,14.6,21.4,35.7,14.3,0.17,3.4,16.7,18.8,18.8,25.0,0.17,3.4,16.7,18.8,25.0,31.2,0.19,3.3,15.6,6.7,6.7,6.7,0.17,3.1,18.8,5.6,22.2,0.0,0.16,4.8,17.3,47.4,21.1,5.3,0.17,2.5,19.1,14.3,28.6,14.3,0.17,3.2,15.5,5.9,11.8,41.2,0.16,3.5,18.2,15.0,25.0,0.0,0.18,3.1,17.3,5.3,5.3,21.1,0.19,3.9,12.7,28.6,0.0,0.0,0.21,3.9,12.6,58.3,16.7,0.0,0.16,2.3,20.0,26.3,21.1,5.3,0.15,2.6,22.1,4.8,23.8,19.0,0.17,3.2,15.8,13.3,20.0,13.3,0.16,3.6,13.7,15.4,7.7,0.0,0.18,3.6,15.8,6.7,6.7,0.0,0.2,3.8,13.0,46.7,6.7,13.3,0.2,3.3,19.1,9.1,27.3,18.2,0.19,4.5,19.1,22.7,9.1,0.0,0.15,2.5,17.4,5.0,25.0,0.0,0.17,3.5,15.7,16.7,22.2,0.0,0.18,3.3,15.7,16.7,0.0,0.0,0.17,3.7
20260813,24,11,4627,A2,40.0,48.0,6.54,47.37,4.6,33.33,70,36.96,66,33.33,5117,B1,26.0,44.0,5.0,28.79,3.55,18.18,47,38.64,67,34.62,4408,B1,40.0,48.0,3.45,18.18,4.56,31.25,59,55.81,12,38.78,5272,B1,24.0,46.0,4.72,26.76,2.1,10.0,58,32.61,48,34.69,4372,A2,39.0,47.0,5.78,38.2,6.09,37.5,19,35.71,34,32.69,5358,B2,20.0,48.0,2.39,4.08,2.75,7.5,38,48.94,14,46.81,19.3,59.1,13.6,9.1,0.14,2.5,18.4,33.3,19.0,23.8,0.11,2.4,17.5,30.0,15.0,10.0,0.18,2.4,17.5,25.0,20.0,20.0,0.16,2.9,14.9,11.8,17.6,11.8,0.18,3.1,12.3,21.4,21.4,0.0,0.15,2.6,10.3,14.3,28.6,28.6,0.16,2.1,16.2,9.1,27.3,0.0,0.18,2.9,20.6,14.3,42.9,0.0,0.16,2.9,20.6,14.3,21.4,0.0,0.2,3.6,14.7,10.0,30.0,0.0,0.22,3.0,17.6,8.3,0.0,0.0,0.2,5.0,10.3,71.4,14.3,0.0,0.18,2.4,19.1,7.7,15.4,0.0,0.15,3.5,13.2,11.1,22.2,0.0,0.15,3.8,26.5,5.6,0.0,0.0,0.22,4.4,20.6,7.1,21.4,0.0,0.21,4.1,10.3,0.0,0.0,0.0,0.21,5.1,11.5,50.0,10.0,0.0,0.21,3.5,24.1,9.5,33.3,14.3,0.17,3.2,16.1,7.1,14.3,7.1,0.22,3.8,17.2,6.7,20.0,6.7,0.19,3.5,18.4,6.2,12.5,0.0,0.19,3.6,12.6,9.1,0.0,0.0,0.17,3.2,21.4,72.2,11.1,11.1,0.16,2.8,15.5,23.1,15.4,23.1,0.2,3.0,16.7,7.1,21.4,28.6,0.21,3.4,14.3,16.7,58.3,0.0,0.17,3.0,14.3,25.0,0.0,0.0,0.12,2.2,17.9,13.3,20.0,0.0,0.17,2.8,6.8,33.3,33.3,0.0,0.23,3.7,11.4,20.0,0.0,0.0,0.19,3.8,18.2,12.5,12.5,0.0,0.18,3.7,15.9,28.6,0.0,0.0,0.19,3.6,15.9,42.9,0.0,0.0,0.2,3.8,31.8,0.0,0.0,0.0,0.24,4.6
20260813,24,12,4464,A1,40.0,43.0,5.9,40.0,4.38,25.0,41,54.17,51,36.54,3334,A2,57.0,45.0,5.35,35.61,5.0,33.33,78,30.19,31,36.36,4744,B1,33.0,46.0,4.62,23.94,4.1,16.95,49,37.25,47,44.23,5250,B1,24.0,45.0,4.74,22.45,3.79,19.66,34,41.82,85,38.0,3175,B1,62.0,48.0,4.43,21.69,4.5,22.22,24,50.0,37,37.25,4065,B1,46.0,43.0,5.09,39.19,6.25,45.83,25,31.91,59,34.0,15.8,68.8,6.2,18.8,0.17,2.9,16.8,11.8,41.2,17.6,0.18,3.9,17.8,27.8,22.2,22.2,0.16,3.5,18.8,15.8,26.3,31.6,0.2,3.4,19.8,20.0,30.0,0.0,0.21,3.9,10.9,9.1,18.2,0.0,0.22,4.6,23.0,51.6,16.1,6.5,0.2,4.2,17.0,4.3,39.1,21.7,0.22,4.1,16.3,9.1,45.5,18.2,0.19,4.1,16.3,27.3,31.8,0.0,0.21,4.5,16.3,18.2,18.2,0.0,0.19,4.5,11.1,6.7,20.0,0.0,0.21,4.5,12.2,22.2,22.2,22.2,0.22,4.9,17.6,15.4,15.4,0.0,0.2,4.7,23.0,11.8,5.9,29.4,0.23,4.2,16.2,8.3,33.3,0.0,0.22,4.8,16.2,8.3,16.7,0.0,0.25,4.6,14.9,9.1,18.2,0.0,0.24,5.2,11.6,40.0,10.0,20.0,0.13,2.0,22.1,5.3,26.3,15.8,0.2,4.0,17.4,6.7,26.7,0.0,0.19,4.3,17.4,6.7,6.7,0.0,0.18,4.5,16.3,14.3,7.1,0.0,0.17,3.9,15.1,0.0,0.0,0.0,0.23,4.8,12.1,9.1,36.4,18.2,0.18,3.5,20.9,10.5,21.1,42.1,0.17,3.3,17.6,6.2,18.8,18.8,0.16,3.2,17.6,6.2,18.8,25.0,0.15,2.3,18.7,5.9,23.5,0.0,0.16,3.0,13.2,8.3,8.3,0.0,0.21,3.7,15.3,40.0,26.7,6.7,0.14,2.9,17.3,17.6,17.6,11.8,0.16,3.4,18.4,11.1,33.3,11.1,0.21,3.8,20.4,30.0,0.0,0.0,0.19,3.9,16.3,12.5,18.8,6.2,0.16,3.6,12.2,8.3,0.0,0.0,0.17,3.9
20260813,23,1,4294,A1,40.0,59.0,6.03,41.51,6.86,51.83,12,33.49,2,37.62,3722,B1,56.0,53.0,3.37,8.33,3.19,6.25,59,29.63,9,35.16,5263,B1,27.0,52.0,4.13,19.32,2.75,8.33,14,33.33,40,29.41,3752,B1,55.0,57.0,4.28,17.05,3.12,5.88,24,31.65,39,38.14,3617,B1,53.0,54.0,3.88,19.12,4.54,27.56,26,30.37,3,37.11,4552,B1,37.0,52.0,4.58,28.95,4.77,29.46,11,30.59,59,39.39,18.8,70.8,4.2,4.2,0.14,2.5,15.6,25.0,30.0,20.0,0.16,3.2,17.2,27.3,18.2,9.1,0.14,2.6,18.8,33.3,4.2,29.2,0.11,2.3,12.5,12.5,25.0,12.5,0.12,2.3,17.2,18.2,4.5,4.5,0.14,2.7,11.7,45.5,0.0,0.0,0.16,2.8,18.1,5.9,17.6,0.0,0.18,3.3,22.3,4.8,9.5,14.3,0.18,3.7,11.7,18.2,0.0,0.0,0.16,3.4,19.1,5.6,5.6,0.0,0.17,4.3,17.0,12.5,0.0,0.0,0.25,5.2,12.7,46.2,7.7,15.4,0.14,2.8,18.6,5.3,26.3,10.5,0.17,3.9,18.6,26.3,31.6,0.0,0.17,3.6,19.6,15.0,10.0,25.0,0.16,3.0,17.6,11.1,27.8,0.0,0.19,2.9,12.7,15.4,0.0,0.0,0.2,3.5,12.9,33.3,16.7,8.3,0.21,4.3,16.1,26.7,13.3,0.0,0.22,4.5,17.2,6.2,12.5,12.5,0.14,3.1,19.4,22.2,11.1,0.0,0.16,3.2,17.2,18.8,0.0,0.0,0.14,2.9,17.2,12.5,0.0,0.0,0.16,3.4,12.6,36.4,9.1,0.0,0.16,2.9,17.2,6.7,20.0,13.3,0.19,4.1,25.3,9.1,31.8,13.6,0.19,3.5,18.4,18.8,12.5,25.0,0.18,3.1,19.5,0.0,0.0,0.0,0.21,4.6,6.9,0.0,0.0,0.0,0.23,4.8,17.0,57.9,10.5,15.8,0.14,2.9,16.1,5.6,16.7,16.7,0.16,3.6,14.3,12.5,25.0,12.5,0.14,2.8,17.0,31.6,21.1,10.5,0.13,2.5,14.3,18.8,12.5,12.5,0.15,2.3,21.4,12.5,8.3,16.7,0.13,2.3
20260813,23,2,3508,A2,55.0,56.0,5.29,32.94,4.65,25.2,3,27.92,42,27.84,5121,A1,25.0,52.0,7.66,53.0,7.43,60.8,41,28.89,6,44.66,4652,B1,41.0,52.0,4.78,22.73,5.28,34.31,50,39.89,47,29.29,3784,B1,49.0,53.0,4.94,28.89,5.57,34.78,27,34.01,35,39.42,4252,B1,43.0,51.0,4.73,25.81,4.53,24.56,21,34.8,24,37.11,5412,B2,20.0,43.0,1.59,1.25,1.47,1.72,52,32.35,13,32.41,15.6,85.7,0.0,0.0,0.17,3.1,18.9,17.6,35.3,23.5,0.19,3.7,18.9,11.8,23.5,41.2,0.17,2.9,14.4,7.7,23.1,38.5,0.2,4.1,17.8,12.5,0.0,0.0,0.2,4.7,14.4,15.4,0.0,0.0,0.28,5.3,20.1,78.6,14.3,0.0,0.15,3.3,19.4,29.6,37.0,7.4,0.15,3.2,18.0,32.0,36.0,20.0,0.12,2.4,14.4,20.0,15.0,25.0,0.12,2.8,13.7,26.3,26.3,15.8,0.13,2.4,14.4,10.0,25.0,15.0,0.12,3.4,18.3,47.4,15.8,10.5,0.17,3.5,17.3,5.6,38.9,5.6,0.13,3.2,20.2,9.5,14.3,19.0,0.18,3.8,18.3,5.3,21.1,10.5,0.18,3.2,10.6,9.1,9.1,27.3,0.14,2.4,15.4,6.2,0.0,0.0,0.24,4.9,14.6,61.5,23.1,0.0,0.12,1.8,15.7,35.7,35.7,0.0,0.19,2.9,19.1,5.9,23.5,17.6,0.17,3.1,23.6,19.0,9.5,28.6,0.14,2.8,10.1,33.3,0.0,0.0,0.17,3.0,16.9,13.3,0.0,0.0,0.17,3.4,12.4,18.2,27.3,9.1,0.15,2.7,16.9,26.7,13.3,0.0,0.2,4.0,14.6,7.7,7.7,23.1,0.19,3.6,22.5,30.0,10.0,5.0,0.19,3.6,16.9,6.7,20.0,0.0,0.18,3.8,16.9,20.0,0.0,0.0,0.22,3.7,0.0,0.0,0.0,0.0,0.0,0.0,0.0,0.0,0.0,0.0,0.0,0.0,0.0,0.0,0.0,0.0,0.0,0.0,15.7,9.1,0.0,0.0,0.19,3.5,18.6,0.0,0.0,0.0,0.2,3.8,65.7,4.3,0.0,0.0,0.2,4.0
20260813,23,3,4072,A1,45.0,52.0,7.2,56.88,6.62,52.76,16,47.14,38,37.14,4499,B1,38.0,45.0,5.12,29.23,4.76,24.0,10,35.98,41,35.85,4503,A1,38.0,52.0,8.09,61.74,7.81,65.14,13,31.86,18,31.96,3974,B1,49.0,52.0,4.4,25.27,4.39,21.14,8,35.68,56,35.71,5268,B1,25.0,56.0,3.67,15.79,2.28,3.13,20,32.55,23,44.66,5451,B2,21.0,47.0,1.43,4.76,1.14,0.0,22,39.71,60,29.41,22.0,85.0,5.0,0.0,0.13,2.5,15.4,28.6,21.4,7.1,0.12,2.0,14.3,46.2,23.1,15.4,0.13,1.9,18.7,11.8,23.5,17.6,0.12,2.8,14.3,7.7,46.2,7.7,0.14,2.8,15.4,14.3,14.3,0.0,0.15,3.0,12.9,36.4,27.3,9.1,0.2,4.2,15.3,30.8,38.5,7.7,0.16,3.4,23.5,5.0,25.0,30.0,0.15,3.0,14.1,25.0,16.7,16.7,0.19,3.4,21.2,11.1,11.1,0.0,0.19,4.0,12.9,9.1,18.2,0.0,0.16,4.0,21.4,85.2,11.1,0.0,0.1,2.0,15.1,10.5,21.1,15.8,0.11,2.1,12.7,25.0,37.5,6.2,0.1,2.1,19.0,12.5,37.5,12.5,0.12,2.0,18.3,17.4,34.8,21.7,0.12,2.3,13.5,11.8,5.9,0.0,0.12,3.2,12.3,22.2,33.3,22.2,0.14,2.4,17.8,15.4,15.4,15.4,0.16,3.3,24.7,38.9,22.2,0.0,0.18,3.3,17.8,7.7,15.4,7.7,0.14,3.2,13.7,30.0,0.0,0.0,0.18,3.3,13.7,0.0,0.0,0.0,0.18,4.2,10.0,12.5,12.5,12.5,0.18,3.8,15.0,8.3,25.0,8.3,0.17,3.4,18.8,20.0,13.3,0.0,0.18,3.1,18.8,6.7,6.7,0.0,0.21,3.9,12.5,10.0,20.0,0.0,0.21,3.5,25.0,5.0,0.0,0.0,0.22,4.8,0.0,0.0,0.0,0.0,0.0,0.0,0.0,0.0,0.0,0.0,0.0,0.0,0.0,0.0,0.0,0.0,0.0,0.0,0.0,0.0,0.0,0.0,0.0,0.0,0.0,0.0,0.0,0.0,0.0,0.0,0.0,0.0,0.0,0.0,0.0,0.0
20260813,23,4,5214,B1,27.0,53.0,4.88,30.0,4.65,26.62,43,33.14,44,33.0,5312,B1,26.0,53.0,3.61,13.04,2.63,5.65,53,24.48,14,31.68,4143,B1,45.0,57.0,3.99,18.75,4.28,21.48,1,32.42,7,39.78,4515,A2,40.0,56.0,5.76,36.13,5.83,41.9,44,32.86,52,38.1,5428,B2,23.0,50.0,1.08,0.0,1.15,0.0,31,37.44,10,40.45,5026,A1,30.0,55.0,6.51,50.45,6.45,49.69,4,44.44,12,34.0,14.4,53.3,13.3,6.7,0.19,4.2,21.2,4.5,50.0,4.5,0.19,4.4,18.3,10.5,36.8,0.0,0.17,3.3,17.3,16.7,16.7,16.7,0.14,2.9,13.5,14.3,28.6,0.0,0.16,4.1,15.4,6.2,0.0,0.0,0.22,4.4,11.5,36.4,18.2,9.1,0.16,2.6,16.7,18.8,12.5,6.2,0.18,3.4,19.8,10.5,10.5,10.5,0.16,2.8,17.7,5.9,11.8,0.0,0.21,3.8,16.7,6.2,0.0,0.0,0.15,2.9,17.7,11.8,0.0,0.0,0.14,2.8,11.4,44.4,22.2,11.1,0.12,3.0,21.5,5.9,35.3,0.0,0.17,3.2,15.2,8.3,25.0,33.3,0.15,2.6,20.3,12.5,12.5,0.0,0.13,2.4,19.0,6.7,13.3,0.0,0.19,3.9,12.7,10.0,10.0,0.0,0.19,3.9,20.3,82.1,10.7,0.0,0.15,2.6,18.1,12.0,36.0,24.0,0.16,3.4,14.5,10.0,15.0,55.0,0.18,3.6,17.4,4.2,29.2,8.3,0.16,3.3,13.8,15.8,10.5,21.1,0.17,3.2,15.9,4.5,31.8,0.0,0.2,4.5,0.0,0.0,0.0,0.0,0.0,0.0,0.0,0.0,0.0,0.0,0.0,0.0,0.0,0.0,0.0,0.0,0.0,0.0,0.0,0.0,0.0,0.0,0.0,0.0,2.8,0.0,0.0,0.0,0.12,2.5,97.2,0.0,0.0,0.0,0.2,4.2,17.0,84.2,10.5,0.0,0.15,2.8,17.0,10.5,26.3,21.1,0.17,4.0,14.3,12.5,43.8,25.0,0.14,2.8,19.6,13.6,40.9,13.6,0.15,3.2,17.0,15.8,15.8,15.8,0.16,3.4,15.2,5.9,5.9,5.9,0.18,4.1
20260813,23,5,4006,B1,48.0,51.0,5.04,28.26,4.64,23.47,46,34.93,20,34.29,3623,A1,52.0,52.0,7.51,65.18,8.03,70.06,19,33.51,55,38.78,3752,B1,55.0,57.0,4.28,17.05,3.12,5.88,24,31.65,39,38.14,4879,B1,31.0,53.0,4.98,33.33,5.3,30.33,33,21.64,53,34.95,5124,B1,30.0,53.0,4.38,25.61,4.21,20.72,28,37.37,48,28.97,4718,A2,33.0,52.0,6.2,43.24,5.53,35.1,5,38.38,15,35.29,11.6,36.4,27.3,27.3,0.16,3.7,17.9,11.8,29.4,11.8,0.18,3.4,21.1,20.0,40.0,10.0,0.17,3.5,17.9,23.5,17.6,0.0,0.15,3.6,20.0,5.3,15.8,10.5,0.18,4.5,11.6,18.2,0.0,0.0,0.2,4.0,31.0,69.2,17.9,10.3,0.11,2.2,57.9,24.7,21.9,20.5,0.15,2.9,11.1,35.7,35.7,0.0,0.11,2.0,0.0,0.0,0.0,0.0,0.0,0.0,0.0,0.0,0.0,0.0,0.0,0.0,0.0,0.0,0.0,0.0,0.0,0.0,12.9,33.3,16.7,8.3,0.21,4.3,16.1,26.7,13.3,0.0,0.22,4.5,17.2,6.2,12.5,12.5,0.14,3.1,19.4,22.2,11.1,0.0,0.16,3.2,17.2,18.8,0.0,0.0,0.14,2.9,17.2,12.5,0.0,0.0,0.16,3.4,14.5,45.5,27.3,0.0,0.15,2.7,15.8,8.3,25.0,16.7,0.23,4.4,15.8,16.7,25.0,8.3,0.14,3.2,17.1,38.5,7.7,0.0,0.17,3.2,15.8,25.0,0.0,0.0,0.15,3.6,21.1,12.5,12.5,0.0,0.18,4.1,10.0,25.0,12.5,12.5,0.23,4.1,21.2,11.8,23.5,0.0,0.18,3.4,13.8,18.2,9.1,0.0,0.17,4.3,20.0,6.2,12.5,31.2,0.16,3.1,22.5,5.6,5.6,27.8,0.15,2.4,12.5,10.0,0.0,0.0,0.18,3.6,22.3,51.9,7.4,7.4,0.18,2.6,15.7,31.6,15.8,36.8,0.13,2.6,16.5,30.0,25.0,15.0,0.14,2.6,18.2,9.1,50.0,13.6,0.14,2.8,13.2,31.2,12.5,0.0,0.11,2.7,14.0,5.9,11.8,17.6,0.15,2.9
20260813,23,6,3566,B1,56.0,53.0,4.6,25.29,5.05,26.19,40,42.79,21,44.34,4720,B1,32.0,48.0,3.58,15.38,4.59,28.13,36,30.81,19,38.46,3211,B1,64.0,52.0,4.04,14.12,3.92,13.08,35,38.46,57,32.61,3617,B1,53.0,54.0,3.88,19.12,4.54,27.56,26,30.37,3,37.11,4531,A2,37.0,54.0,6.33,41.18,6.3,45.59,58,33.49,51,36.27,4500,A1,38.0,54.0,7.75,51.38,8.3,68.29,18,37.79,8,40.2,15.1,62.5,12.5,6.2,0.16,3.9,18.9,10.0,20.0,35.0,0.17,4.3,17.0,11.1,22.2,33.3,0.18,3.8,17.0,5.6,22.2,22.2,0.19,4.1,21.7,17.4,13.0,0.0,0.19,4.3,10.4,27.3,0.0,0.0,0.27,5.0,14.0,23.1,7.7,23.1,0.21,3.6,18.3,29.4,23.5,11.8,0.18,3.2,20.4,5.3,31.6,0.0,0.21,3.7,15.1,35.7,0.0,0.0,0.19,3.3,18.3,5.9,5.9,0.0,0.18,3.6,14.0,15.4,0.0,0.0,0.23,3.5,16.0,25.0,25.0,16.7,0.19,3.4,14.7,9.1,18.2,9.1,0.18,3.4,17.3,7.7,7.7,0.0,0.18,3.6,18.7,21.4,7.1,0.0,0.16,3.0,18.7,7.1,7.1,0.0,0.18,4.1,14.7,9.1,0.0,0.0,0.2,4.5,12.6,36.4,9.1,0.0,0.16,2.9,17.2,6.7,20.0,13.3,0.19,4.1,25.3,9.1,31.8,13.6,0.19,3.5,18.4,18.8,12.5,25.0,0.18,3.1,19.5,0.0,0.0,0.0,0.21,4.6,6.9,0.0,0.0,0.0,0.23,4.8,18.9,75.0,16.7,0.0,0.14,2.4,14.2,5.6,33.3,22.2,0.18,3.1,20.5,19.2,34.6,15.4,0.16,2.8,15.7,10.0,35.0,0.0,0.17,3.8,15.0,5.3,15.8,31.6,0.18,3.2,15.7,5.0,35.0,0.0,0.15,4.1,21.1,89.3,7.1,0.0,0.12,2.1,15.8,28.6,14.3,23.8,0.12,3.1,17.3,13.0,17.4,21.7,0.14,3.3,15.0,15.0,25.0,35.0,0.12,3.4,15.0,10.0,20.0,35.0,0.15,3.7,15.8,4.8,9.5,14.3,0.17,4.0
20260813,23,7,4100,B1,47.0,54.0,4.64,26.97,4.17,27.59,2,37.62,11,29.7,4445,A1,39.0,57.0,7.1,46.81,7.5,59.29,34,33.33,26,27.78,4734,A1,36.0,53.0,6.8,51.85,7.08,52.9,15,39.47,17,35.64,3809,B1,51.0,51.0,3.92,7.89,5.25,31.03,37,34.3,49,32.99,5451,B2,21.0,47.0,1.43,4.76,1.14,0.0,22,39.71,60,29.41,5263,B1,27.0,52.0,4.13,19.32,2.75,8.33,14,33.33,40,29.41,13.0,53.8,7.7,23.1,0.19,3.1,20.0,5.0,25.0,25.0,0.15,2.7,20.0,5.0,25.0,20.0,0.14,3.2,19.0,26.3,26.3,10.5,0.14,2.9,17.0,5.9,17.6,11.8,0.18,3.7,11.0,0.0,0.0,0.0,0.21,3.5,18.0,91.3,4.3,4.3,0.12,2.9,15.6,10.0,25.0,30.0,0.12,2.5,10.9,7.1,50.0,14.3,0.11,2.0,18.0,13.0,17.4,13.0,0.11,2.8,18.0,4.3,8.7,30.4,0.13,2.9,19.5,20.0,0.0,0.0,0.12,3.2,26.4,72.7,21.2,6.1,0.14,2.5,13.6,29.4,41.2,0.0,0.13,2.8,16.0,35.0,15.0,25.0,0.14,2.8,15.2,26.3,31.6,26.3,0.13,2.3,17.6,9.1,31.8,22.7,0.15,3.3,11.2,21.4,0.0,0.0,0.17,4.6,9.2,33.3,16.7,0.0,0.21,3.2,9.2,16.7,50.0,0.0,0.12,3.7,10.8,28.6,14.3,0.0,0.12,2.4,16.9,9.1,27.3,0.0,0.21,3.7,21.5,7.1,21.4,0.0,0.2,4.0,32.3,4.8,19.0,0.0,0.22,4.0,0.0,0.0,0.0,0.0,0.0,0.0,0.0,0.0,0.0,0.0,0.0,0.0,0.0,0.0,0.0,0.0,0.0,0.0,0.0,0.0,0.0,0.0,0.0,0.0,0.0,0.0,0.0,0.0,0.0,0.0,0.0,0.0,0.0,0.0,0.0,0.0,12.7,46.2,7.7,15.4,0.14,2.8,18.6,5.3,26.3,10.5,0.17,3.9,18.6,26.3,31.6,0.0,0.17,3.6,19.6,15.0,10.0,25.0,0.16,3.0,17.6,11.1,27.8,0.0,0.19,2.9,12.7,15.4,0.0,0.0,0.2,3.5
20260813,23,8,4252,B1,43.0,51.0,4.73,25.81,4.53,24.56,21,34.8,24,37.11,5307,B1,23.0,51.0,4.71,28.57,4.0,17.7,42,37.33,37,36.73,4661,A2,34.0,53.0,5.43,36.0,5.46,37.4,7,37.96,1,39.58,3722,B1,56.0,53.0,3.37,8.33,3.19,6.25,59,29.63,9,35.16,5462,B2,19.0,49.0,1.7,0.0,1.78,0.0,55,33.18,28,38.83,4320,A1,41.0,51.0,8.63,56.82,8.03,68.87,29,37.05,16,38.24,12.4,18.2,27.3,9.1,0.15,2.7,16.9,26.7,13.3,0.0,0.2,4.0,14.6,7.7,7.7,23.1,0.19,3.6,22.5,30.0,10.0,5.0,0.19,3.6,16.9,6.7,20.0,0.0,0.18,3.8,16.9,20.0,0.0,0.0,0.22,3.7,11.7,50.0,25.0,8.3,0.16,3.7,21.4,4.5,22.7,22.7,0.21,4.0,17.5,11.1,27.8,22.2,0.19,3.9,15.5,6.2,18.8,0.0,0.18,3.9,21.4,9.1,18.2,0.0,0.21,4.1,12.6,15.4,7.7,0.0,0.16,4.2,13.6,45.5,36.4,0.0,0.14,3.3,19.8,6.2,50.0,37.5,0.16,3.9,21.0,23.5,35.3,0.0,0.18,3.8,13.6,36.4,18.2,0.0,0.18,5.2,22.2,5.6,44.4,0.0,0.2,4.2,9.9,12.5,12.5,0.0,0.22,5.1,11.7,45.5,0.0,0.0,0.16,2.8,18.1,5.9,17.6,0.0,0.18,3.3,22.3,4.8,9.5,14.3,0.18,3.7,11.7,18.2,0.0,0.0,0.16,3.4,19.1,5.6,5.6,0.0,0.17,4.3,17.0,12.5,0.0,0.0,0.25,5.2,0.0,0.0,0.0,0.0,0.0,0.0,0.0,0.0,0.0,0.0,0.0,0.0,0.0,0.0,0.0,0.0,0.0,0.0,0.0,0.0,0.0,0.0,0.0,0.0,0.0,0.0,0.0,0.0,0.0,0.0,0.0,0.0,0.0,0.0,0.0,0.0,24.8,84.6,7.7,7.7,0.13,2.8,19.0,20.0,30.0,15.0,0.13,3.5,16.2,11.8,29.4,47.1,0.12,2.4,18.1,15.8,31.6,36.8,0.13,2.8,11.4,25.0,25.0,0.0,0.14,3.8,10.5,9.1,45.5,0.0,0.13,3.6
20260813,23,9,3998,B1,47.0,50.0,4.45,27.0,5.08,33.55,49,37.13,50,39.39,5270,B1,25.0,51.0,4.52,25.0,3.39,15.66,32,46.32,5,35.14,5412,B2,20.0,43.0,1.59,1.25,1.47,1.72,52,32.35,13,32.41,3825,B1,53.0,59.0,3.2,18.18,4.17,20.0,47,33.8,32,39.39,4652,B1,41.0,52.0,4.78,22.73,5.28,34.31,50,39.89,47,29.29,5142,A1,25.0,51.0,7.22,52.59,7.42,58.41,54,36.87,29,35.24,12.1,45.5,45.5,0.0,0.15,2.4,19.8,33.3,22.2,0.0,0.18,3.4,18.7,17.6,17.6,0.0,0.15,3.1,16.5,13.3,6.7,0.0,0.15,3.0,20.9,10.5,10.5,0.0,0.19,3.8,12.1,0.0,0.0,0.0,0.21,4.8,10.5,30.0,30.0,10.0,0.14,2.8,18.9,11.1,27.8,44.4,0.16,3.4,21.1,20.0,25.0,5.0,0.14,3.0,14.7,21.4,7.1,21.4,0.15,2.7,18.9,16.7,16.7,0.0,0.14,2.9,15.8,13.3,0.0,0.0,0.17,3.1,0.0,0.0,0.0,0.0,0.0,0.0,0.0,0.0,0.0,0.0,0.0,0.0,0.0,0.0,0.0,0.0,0.0,0.0,15.7,9.1,0.0,0.0,0.19,3.5,18.6,0.0,0.0,0.0,0.2,3.8,65.7,4.3,0.0,0.0,0.2,4.0,11.8,25.0,12.5,0.0,0.12,2.4,13.2,11.1,0.0,0.0,0.16,3.2,23.5,12.5,6.2,0.0,0.12,2.0,19.1,15.4,0.0,0.0,0.11,1.8,13.2,22.2,0.0,0.0,0.14,2.7,19.1,7.7,7.7,0.0,0.09,2.0,18.3,47.4,15.8,10.5,0.17,3.5,17.3,5.6,38.9,5.6,0.13,3.2,20.2,9.5,14.3,19.0,0.18,3.8,18.3,5.3,21.1,10.5,0.18,3.2,10.6,9.1,9.1,27.3,0.14,2.4,15.4,6.2,0.0,0.0,0.24,4.9,20.5,78.3,8.7,4.3,0.14,2.1,21.4,25.0,54.2,12.5,0.15,2.9,17.0,21.1,31.6,31.6,0.15,2.9,15.2,11.8,47.1,11.8,0.15,3.3,16.1,5.6,44.4,11.1,0.14,2.7,9.8,36.4,0.0,0.0,0.17,3.6
20260813,23,10,5026,A1,30.0,55.0,6.51,50.45,6.45,49.69,4,44.44,12,34.0,4072,A1,45.0,52.0,7.2,56.88,6.62,52.76,16,47.14,38,37.14,5121,A1,25.0,52.0,7.66,53.0,7.43,60.8,41,28.89,6,44.66,4531,A2,37.0,54.0,6.33,41.18,6.3,45.59,58,33.49,51,36.27,4515,A2,40.0,56.0,5.76,36.13,5.83,41.9,44,32.86,52,38.1,4006,B1,48.0,51.0,5.04,28.26,4.64,23.47,46,34.93,20,34.29,17.0,84.2,10.5,0.0,0.15,2.8,17.0,10.5,26.3,21.1,0.17,4.0,14.3,12.5,43.8,25.0,0.14,2.8,19.6,13.6,40.9,13.6,0.15,3.2,17.0,15.8,15.8,15.8,0.16,3.4,15.2,5.9,5.9,5.9,0.18,4.1,22.0,85.0,5.0,0.0,0.13,2.5,15.4,28.6,21.4,7.1,0.12,2.0,14.3,46.2,23.1,15.4,0.13,1.9,18.7,11.8,23.5,17.6,0.12,2.8,14.3,7.7,46.2,7.7,0.14,2.8,15.4,14.3,14.3,0.0,0.15,3.0,20.1,78.6,14.3,0.0,0.15,3.3,19.4,29.6,37.0,7.4,0.15,3.2,18.0,32.0,36.0,20.0,0.12,2.4,14.4,20.0,15.0,25.0,0.12,2.8,13.7,26.3,26.3,15.8,0.13,2.4,14.4,10.0,25.0,15.0,0.12,3.4,18.9,75.0,16.7,0.0,0.14,2.4,14.2,5.6,33.3,22.2,0.18,3.1,20.5,19.2,34.6,15.4,0.16,2.8,15.7,10.0,35.0,0.0,0.17,3.8,15.0,5.3,15.8,31.6,0.18,3.2,15.7,5.0,35.0,0.0,0.15,4.1,20.3,82.1,10.7,0.0,0.15,2.6,18.1,12.0,36.0,24.0,0.16,3.4,14.5,10.0,15.0,55.0,0.18,3.6,17.4,4.2,29.2,8.3,0.16,3.3,13.8,15.8,10.5,21.1,0.17,3.2,15.9,4.5,31.8,0.0,0.2,4.5,11.6,36.4,27.3,27.3,0.16,3.7,17.9,11.8,29.4,11.8,0.18,3.4,21.1,20.0,40.0,10.0,0.17,3.5,17.9,23.5,17.6,0.0,0.15,3.6,20.0,5.3,15.8,10.5,0.18,4.5,11.6,18.2,0.0,0.0,0.2,4.0
20260813,23,11,4500,A1,38.0,54.0,7.75,51.38,8.3,68.29,18,37.79,8,40.2,4503,A1,38.0,52.0,8.09,61.74,7.81,65.14,13,31.86,18,31.96,3623,A1,52.0,52.0,7.51,65.18,8.03,70.06,19,33.51,55,38.78,4445,A1,39.0,57.0,7.1,46.81,7.5,59.29,34,33.33,26,27.78,3508,A2,55.0,56.0,5.29,32.94,4.65,25.2,3,27.92,42,27.84,5214,B1,27.0,53.0,4.88,30.0,4.65,26.62,43,33.14,44,33.0,21.1,89.3,7.1,0.0,0.12,2.1,15.8,28.6,14.3,23.8,0.12,3.1,17.3,13.0,17.4,21.7,0.14,3.3,15.0,15.0,25.0,35.0,0.12,3.4,15.0,10.0,20.0,35.0,0.15,3.7,15.8,4.8,9.5,14.3,0.17,4.0,21.4,85.2,11.1,0.0,0.1,2.0,15.1,10.5,21.1,15.8,0.11,2.1,12.7,25.0,37.5,6.2,0.1,2.1,19.0,12.5,37.5,12.5,0.12,2.0,18.3,17.4,34.8,21.7,0.12,2.3,13.5,11.8,5.9,0.0,0.12,3.2,31.0,69.2,17.9,10.3,0.11,2.2,57.9,24.7,21.9,20.5,0.15,2.9,11.1,35.7,35.7,0.0,0.11,2.0,0.0,0.0,0.0,0.0,0.0,0.0,0.0,0.0,0.0,0.0,0.0,0.0,0.0,0.0,0.0,0.0,0.0,0.0,18.0,91.3,4.3,4.3,0.12,2.9,15.6,10.0,25.0,30.0,0.12,2.5,10.9,7.1,50.0,14.3,0.11,2.0,18.0,13.0,17.4,13.0,0.11,2.8,18.0,4.3,8.7,30.4,0.13,2.9,19.5,20.0,0.0,0.0,0.12,3.2,15.6,85.7,0.0,0.0,0.17,3.1,18.9,17.6,35.3,23.5,0.19,3.7,18.9,11.8,23.5,41.2,0.17,2.9,14.4,7.7,23.1,38.5,0.2,4.1,17.8,12.5,0.0,0.0,0.2,4.7,14.4,15.4,0.0,0.0,0.28,5.3,14.4,53.3,13.3,6.7,0.19,4.2,21.2,4.5,50.0,4.5,0.19,4.4,18.3,10.5,36.8,0.0,0.17,3.3,17.3,16.7,16.7,16.7,0.14,2.9,13.5,14.3,28.6,0.0,0.16,4.1,15.4,6.2,0.0,0.0,0.22,4.4
20260813,23,12,4320,A1,41.0,51.0,8.63,56.82,8.03,68.87,29,37.05,16,38.24,4734,A1,36.0,53.0,6.8,51.85,7.08,52.9,15,39.47,17,35.64,4294,A1,40.0,59.0,6.03,41.51,6.86,51.83,12,33.49,2,37.62,4661,A2,34.0,53.0,5.43,36.0,5.46,37.4,7,37.96,1,39.58,4499,B1,38.0,45.0,5.12,29.23,4.76,24.0,10,35.98,41,35.85,4100,B1,47.0,54.0,4.64,26.97,4.17,27.59,2,37.62,11,29.7,24.8,84.6,7.7,7.7,0.13,2.8,19.0,20.0,30.0,15.0,0.13,3.5,16.2,11.8,29.4,47.1,0.12,2.4,18.1,15.8,31.6,36.8,0.13,2.8,11.4,25.0,25.0,0.0,0.14,3.8,10.5,9.1,45.5,0.0,0.13,3.6,26.4,72.7,21.2,6.1,0.14,2.5,13.6,29.4,41.2,0.0,0.13,2.8,16.0,35.0,15.0,25.0,0.14,2.8,15.2,26.3,31.6,26.3,0.13,2.3,17.6,9.1,31.8,22.7,0.15,3.3,11.2,21.4,0.0,0.0,0.17,4.6,18.8,70.8,4.2,4.2,0.14,2.5,15.6,25.0,30.0,20.0,0.16,3.2,17.2,27.3,18.2,9.1,0.14,2.6,18.8,33.3,4.2,29.2,0.11,2.3,12.5,12.5,25.0,12.5,0.12,2.3,17.2,18.2,4.5,4.5,0.14,2.7,13.6,45.5,36.4,0.0,0.14,3.3,19.8,6.2,50.0,37.5,0.16,3.9,21.0,23.5,35.3,0.0,0.18,3.8,13.6,36.4,18.2,0.0,0.18,5.2,22.2,5.6,44.4,0.0,0.2,4.2,9.9,12.5,12.5,0.0,0.22,5.1,12.9,36.4,27.3,9.1,0.2,4.2,15.3,30.8,38.5,7.7,0.16,3.4,23.5,5.0,25.0,30.0,0.15,3.0,14.1,25.0,16.7,16.7,0.19,3.4,21.2,11.1,11.1,0.0,0.19,4.0,12.9,9.1,18.2,0.0,0.16,4.0,13.0,53.8,7.7,23.1,0.19,3.1,20.0,5.0,25.0,25.0,0.15,2.7,20.0,5.0,25.0,20.0,0.14,3.2,19.0,26.3,26.3,10.5,0.14,2.9,17.0,5.9,17.6,11.8,0.18,3.7,11.0,0.0,0.0,0.0,0.21,3.5
20260813,22,1,5018,A1,27.0,54.0,6.83,50.76,6.47,46.28,46,22.77,42,25.0,3662,B1,56.0,56.0,4.74,32.18,5.22,34.38,49,37.63,47,25.84,4094,B1,45.0,53.0,4.84,29.89,5.0,29.41,19,32.14,55,28.41,5271,B1,25.0,52.0,4.07,17.98,3.02,16.28,62,48.35,72,35.71,3869,B1,50.0,53.0,4.03,20.27,5.17,26.67,26,27.85,41,31.65,5468,B2,19.0,53.0,1.38,0.0,1.33,0.0,30,46.67,54,17.39,23.2,88.9,8.3,2.8,0.13,2.3,15.5,16.7,25.0,25.0,0.14,3.0,17.4,22.2,18.5,29.6,0.16,2.5,15.5,4.2,4.2,41.7,0.14,3.7,16.1,4.0,24.0,12.0,0.14,2.9,12.3,5.3,26.3,0.0,0.16,3.8,17.2,52.4,28.6,4.8,0.17,3.3,18.0,9.1,22.7,13.6,0.16,3.5,13.9,29.4,23.5,23.5,0.14,3.0,13.9,5.9,11.8,5.9,0.17,3.5,13.9,17.6,17.6,17.6,0.16,2.9,23.0,3.6,10.7,21.4,0.17,3.7,15.0,41.7,33.3,0.0,0.16,2.7,20.0,31.2,25.0,0.0,0.19,3.9,12.5,20.0,10.0,0.0,0.19,3.8,20.0,6.2,25.0,0.0,0.18,3.1,20.0,18.8,0.0,0.0,0.18,3.7,12.5,10.0,0.0,0.0,0.23,4.9,10.6,22.2,11.1,0.0,0.22,4.0,20.0,23.5,17.6,0.0,0.18,3.5,15.3,7.7,7.7,38.5,0.15,2.8,14.1,8.3,8.3,8.3,0.19,3.7,18.8,6.2,12.5,0.0,0.21,4.3,21.2,5.6,11.1,0.0,0.22,4.1,11.5,44.4,22.2,0.0,0.15,3.2,19.2,13.3,20.0,0.0,0.2,4.8,17.9,7.1,35.7,0.0,0.2,3.7,17.9,14.3,21.4,0.0,0.2,4.6,19.2,6.7,13.3,0.0,0.14,3.6,14.1,0.0,0.0,0.0,0.21,4.6,0.0,0.0,0.0,0.0,0.0,0.0,0.0,0.0,0.0,0.0,0.0,0.0,0.0,0.0,0.0,0.0,0.0,0.0,0.0,0.0,0.0,0.0,0.0,0.0,0.0,0.0,0.0,0.0,0.0,0.0,0.0,0.0,0.0,0.0,0.0,0.0
20260813,22,2,5008,B1,29.0,54.0,4.68,22.06,5.23,31.91,66,27.78,1,34.15,5160,A2,27.0,54.0,6.02,42.62,4.71,30.43,55,37.76,19,32.95,3627,A2,56.0,54.0,4.84,32.93,5.01,31.18,27,38.61,8,39.33,4684,B1,35.0,54.0,5.16,29.66,5.57,35.87,11,38.38,67,42.68,3898,A1,49.0,52.0,7.3,58.2,6.59,52.63,16,49.51,23,47.37,5458,B2,20.0,53.0,1.27,0.0,1.33,0.0,25,42.48,26,44.05,13.9,36.4,27.3,9.1,0.15,1.8,15.2,8.3,33.3,8.3,0.16,3.4,20.3,37.5,6.2,0.0,0.15,2.9,15.2,8.3,25.0,0.0,0.14,2.3,19.0,13.3,26.7,0.0,0.15,2.2,16.5,0.0,0.0,0.0,0.15,2.9,15.7,59.1,22.7,4.5,0.16,2.2,20.0,14.3,17.9,14.3,0.15,3.4,17.1,20.8,20.8,33.3,0.15,3.5,15.0,14.3,28.6,19.0,0.12,2.8,15.7,4.5,22.7,31.8,0.14,3.2,16.4,4.3,4.3,0.0,0.17,4.0,17.1,52.6,31.6,5.3,0.14,2.8,19.8,4.5,13.6,36.4,0.2,3.8,20.7,8.7,30.4,13.0,0.19,3.7,26.1,17.2,17.2,6.9,0.18,3.1,12.6,7.1,7.1,0.0,0.18,3.4,3.6,50.0,0.0,0.0,0.23,4.8,16.7,62.5,25.0,0.0,0.14,2.6,13.5,7.7,38.5,0.0,0.2,4.6,18.8,22.2,16.7,22.2,0.18,3.7,14.6,21.4,28.6,0.0,0.17,3.4,19.8,5.3,5.3,31.6,0.16,3.7,16.7,25.0,0.0,0.0,0.16,4.1,22.4,77.3,9.1,4.5,0.13,2.6,17.3,17.6,41.2,17.6,0.17,3.4,15.3,13.3,33.3,20.0,0.16,2.9,16.3,25.0,18.8,25.0,0.17,4.3,19.4,5.3,21.1,36.8,0.21,4.2,9.2,22.2,11.1,22.2,0.17,2.9,0.0,0.0,0.0,0.0,0.0,0.0,0.0,0.0,0.0,0.0,0.0,0.0,0.0,0.0,0.0,0.0,0.0,0.0,0.0,0.0,0.0,0.0,0.0,0.0,0.0,0.0,0.0,0.0,0.0,0.0,0.0,0.0,0.0,0.0,0.0,0.0
20260813,22,3,5240,B1,26.0,54.0,4.46,28.57,3.86,20.55,68,41.96,31,20.69,3804,B1,52.0,54.0,5.01,30.17,3.33,22.22,15,40.57,25,30.95,4350,A1,40.0,54.0,7.92,65.09,8.13,66.41,57,26.73,32,32.18,4866,B1,36.0,55.0,4.16,19.12,4.45,23.08,72,40.38,29,35.11,4555,B1,37.0,54.0,5.33,33.04,4.93,28.13,71,45.45,70,33.33,5337,B1,20.0,53.0,4.35,21.51,3.06,12.7,59,39.62,58,14.12,14.9,46.7,26.7,0.0,0.17,2.5,18.8,5.3,36.8,26.3,0.16,3.1,17.8,11.1,38.9,11.1,0.15,2.5,15.8,12.5,12.5,0.0,0.15,3.1,12.9,7.7,30.8,15.4,0.19,2.9,19.8,10.0,20.0,0.0,0.17,4.3,12.3,35.7,28.6,7.1,0.16,3.4,20.2,8.7,30.4,17.4,0.17,3.4,16.7,10.5,36.8,26.3,0.15,3.1,19.3,18.2,18.2,0.0,0.15,2.7,19.3,4.5,22.7,0.0,0.17,3.4,12.3,14.3,14.3,0.0,0.2,4.8,25.0,89.3,7.1,0.0,0.12,2.3,18.8,19.0,38.1,9.5,0.12,2.8,9.8,36.4,36.4,0.0,0.11,2.4,15.2,17.6,17.6,29.4,0.14,3.3,19.6,4.5,31.8,13.6,0.14,3.2,11.6,7.7,30.8,0.0,0.12,3.4,8.5,28.6,42.9,0.0,0.16,2.6,15.9,7.7,15.4,0.0,0.16,3.2,20.7,5.9,17.6,29.4,0.15,2.5,19.5,25.0,25.0,0.0,0.2,3.6,18.3,6.7,20.0,0.0,0.15,3.9,17.1,7.1,0.0,0.0,0.2,3.9,21.1,56.5,21.7,13.0,0.15,2.7,14.7,6.2,18.8,18.8,0.18,3.9,17.4,21.1,31.6,0.0,0.18,3.1,13.8,6.7,6.7,26.7,0.17,3.4,11.9,23.1,46.2,0.0,0.22,4.9,21.1,17.4,13.0,0.0,0.19,3.9,0.0,0.0,0.0,0.0,0.0,0.0,0.0,0.0,0.0,0.0,0.0,0.0,1.1,0.0,0.0,0.0,0.31,6.0,31.6,6.7,16.7,30.0,0.18,3.7,31.6,10.0,20.0,20.0,0.19,3.6,35.8,5.9,17.6,11.8,0.22,5.0
20260813,22,4,4151,B1,44.0,55.0,4.67,22.73,6.27,40.0,17,29.25,53,28.41,5237,B2,26.0,54.0,4.92,30.0,4.43,26.51,52,41.67,3,23.81,4079,A2,47.0,53.0,5.96,38.35,6.51,46.27,33,41.82,36,34.57,5239,B1,26.0,51.0,5.48,32.0,3.9,18.1,51,22.33,10,38.96,5284,B2,27.0,54.0,3.83,15.0,2.67,9.35,67,38.89,12,26.83,4424,A2,41.0,50.0,5.71,38.05,6.45,49.56,32,24.3,52,28.05,16.4,57.9,21.1,0.0,0.21,4.0,21.6,16.0,24.0,32.0,0.17,3.6,19.0,4.5,13.6,36.4,0.17,3.5,25.0,17.2,20.7,0.0,0.19,4.0,13.8,12.5,6.2,0.0,0.21,4.5,4.3,0.0,0.0,0.0,0.21,5.2,8.2,50.0,50.0,0.0,0.09,2.0,6.1,33.3,33.3,0.0,0.05,1.7,16.3,25.0,12.5,0.0,0.1,1.7,18.4,22.2,11.1,0.0,0.19,3.3,16.3,25.0,0.0,0.0,0.18,3.5,34.7,17.6,0.0,0.0,0.2,4.5,20.2,50.0,22.7,9.1,0.19,3.8,15.6,17.6,17.6,29.4,0.19,4.0,17.4,26.3,21.1,26.3,0.21,3.6,17.4,21.1,31.6,0.0,0.19,4.4,13.8,6.7,20.0,0.0,0.15,3.9,15.6,17.6,17.6,0.0,0.17,4.2,15.5,23.5,23.5,11.8,0.17,3.0,18.2,25.0,10.0,20.0,0.19,4.1,18.2,15.0,15.0,30.0,0.16,3.0,11.8,7.7,7.7,15.4,0.14,2.8,18.2,5.0,10.0,15.0,0.17,3.5,18.2,5.0,25.0,0.0,0.18,3.9,7.3,50.0,0.0,0.0,0.1,2.8,21.8,8.3,0.0,0.0,0.15,3.1,18.2,10.0,0.0,0.0,0.17,4.1,21.8,25.0,0.0,0.0,0.2,4.4,21.8,8.3,33.3,0.0,0.2,3.9,9.1,0.0,0.0,0.0,0.24,4.4,19.9,88.9,3.7,0.0,0.15,3.1,19.1,26.9,26.9,15.4,0.17,3.1,16.9,13.0,26.1,26.1,0.15,3.0,19.1,7.7,7.7,30.8,0.17,3.5,11.8,6.2,18.8,25.0,0.15,2.6,13.2,11.1,33.3,0.0,0.17,2.7
20260813,22,5,5271,B1,25.0,52.0,4.07,17.98,3.02,16.28,62,48.35,72,35.71,4566,A1,38.0,54.0,6.8,41.46,6.63,47.14,61,38.02,34,37.63,4451,A2,38.0,53.0,6.38,48.28,5.74,36.96,38,24.27,2,24.1,4122,A2,44.0,56.0,5.56,35.9,5.41,38.03,18,33.71,20,22.09,4336,B1,42.0,54.0,4.92,29.41,5.24,32.0,34,37.39,68,37.5,5409,B2,21.0,56.0,2.66,8.2,1.41,0.0,58,37.78,63,36.05,10.6,22.2,11.1,0.0,0.22,4.0,20.0,23.5,17.6,0.0,0.18,3.5,15.3,7.7,7.7,38.5,0.15,2.8,14.1,8.3,8.3,8.3,0.19,3.7,18.8,6.2,12.5,0.0,0.21,4.3,21.2,5.6,11.1,0.0,0.22,4.1,18.3,72.7,4.5,4.5,0.15,2.9,12.5,20.0,20.0,13.3,0.12,2.7,19.2,13.0,17.4,30.4,0.16,3.1,16.7,5.0,25.0,20.0,0.13,2.7,19.2,8.7,8.7,26.1,0.12,3.1,14.2,5.9,17.6,0.0,0.14,3.6,22.9,63.6,27.3,3.0,0.14,2.3,15.3,22.7,18.2,36.4,0.14,2.5,18.1,3.8,30.8,15.4,0.17,2.5,18.1,26.9,34.6,0.0,0.14,2.7,15.3,13.6,9.1,0.0,0.19,3.7,10.4,6.7,13.3,20.0,0.18,4.3,20.1,57.1,7.1,14.3,0.16,3.3,17.3,8.3,33.3,12.5,0.17,3.5,18.0,16.0,20.0,12.0,0.17,2.8,16.5,8.7,8.7,39.1,0.17,3.3,15.1,4.8,23.8,23.8,0.19,4.2,12.9,33.3,0.0,0.0,0.17,4.4,16.8,64.7,17.6,5.9,0.15,2.3,13.9,7.1,28.6,21.4,0.14,2.2,20.8,28.6,19.0,0.0,0.14,2.5,14.9,6.7,26.7,13.3,0.18,3.3,15.8,6.2,0.0,0.0,0.16,3.4,17.8,11.1,0.0,0.0,0.17,3.6,0.0,0.0,0.0,0.0,0.0,0.0,0.0,0.0,0.0,0.0,0.0,0.0,0.0,0.0,0.0,0.0,0.0,0.0,2.7,0.0,0.0,0.0,0.18,3.5,16.2,8.3,0.0,0.0,0.14,2.1,81.1,5.0,0.0,0.0,0.16,2.8
20260813,22,6,4094,B1,45.0,53.0,4.84,29.89,5.0,29.41,19,32.14,55,28.41,4330,A2,42.0,53.0,6.01,41.38,6.3,48.05,73,30.51,37,34.57,4727,B1,38.0,55.0,4.13,15.49,5.13,35.29,53,25.0,46,26.19,4709,A2,37.0,56.0,5.65,36.26,5.65,40.82,20,35.92,16,33.33,5458,B2,20.0,53.0,1.27,0.0,1.33,0.0,25,42.48,26,44.05,4504,A1,38.0,56.0,6.69,47.01,7.11,54.17,65,37.5,5,46.15,15.0,41.7,33.3,0.0,0.16,2.7,20.0,31.2,25.0,0.0,0.19,3.9,12.5,20.0,10.0,0.0,0.19,3.8,20.0,6.2,25.0,0.0,0.18,3.1,20.0,18.8,0.0,0.0,0.18,3.7,12.5,10.0,0.0,0.0,0.23,4.9,20.3,68.0,20.0,8.0,0.14,2.2,14.6,22.2,33.3,0.0,0.12,2.0,21.1,23.1,19.2,15.4,0.13,2.1,14.6,33.3,5.6,16.7,0.12,2.3,15.4,5.3,21.1,26.3,0.11,2.2,13.8,5.9,23.5,0.0,0.11,2.1,11.2,20.0,40.0,0.0,0.15,2.4,18.0,6.2,37.5,6.2,0.15,3.6,20.2,22.2,27.8,0.0,0.14,2.6,18.0,6.2,6.2,18.8,0.17,3.4,21.3,5.3,5.3,15.8,0.16,3.9,11.2,20.0,0.0,0.0,0.15,2.9,18.1,42.9,23.8,14.3,0.14,2.5,14.7,17.6,41.2,5.9,0.15,3.1,16.4,5.3,26.3,10.5,0.14,3.1,16.4,21.1,52.6,0.0,0.17,3.2,18.1,14.3,28.6,9.5,0.15,3.6,16.4,31.6,0.0,0.0,0.15,3.7,0.0,0.0,0.0,0.0,0.0,0.0,0.0,0.0,0.0,0.0,0.0,0.0,0.0,0.0,0.0,0.0,0.0,0.0,0.0,0.0,0.0,0.0,0.0,0.0,0.0,0.0,0.0,0.0,0.0,0.0,0.0,0.0,0.0,0.0,0.0,0.0,22.6,66.7,8.3,8.3,0.15,2.9,16.0,5.9,29.4,17.6,0.19,4.1,16.0,23.5,29.4,11.8,0.17,4.1,11.3,8.3,16.7,16.7,0.14,2.9,18.9,5.0,15.0,25.0,0.13,3.9,15.1,6.2,12.5,6.2,0.15,3.8
20260813,22,7,4121,A2,44.0,52.0,5.99,45.24,5.54,32.69,13,36.54,60,39.02,4495,B2,39.0,53.0,5.89,43.75,4.91,31.34,39,41.77,9,42.86,5240,B1,26.0,54.0,4.46,28.57,3.86,20.55,68,41.96,31,20.69,4737,A1,35.0,55.0,7.21,60.61,6.86,58.14,31,32.08,74,40.91,3662,B1,56.0,56.0,4.74,32.18,5.22,34.38,49,37.63,47,25.84,3898,A1,49.0,52.0,7.3,58.2,6.59,52.63,16,49.51,23,47.37,22.0,59.3,22.2,3.7,0.13,2.0,16.3,15.0,35.0,15.0,0.15,2.9,13.0,31.2,6.2,31.2,0.17,2.6,14.6,5.6,27.8,22.2,0.12,2.4,15.4,10.5,10.5,21.1,0.13,3.2,18.7,17.4,0.0,0.0,0.16,3.9,14.3,57.1,28.6,0.0,0.12,1.5,10.2,20.0,20.0,20.0,0.17,4.0,22.4,18.2,18.2,9.1,0.11,2.1,20.4,10.0,10.0,10.0,0.11,1.7,16.3,12.5,0.0,0.0,0.16,2.5,16.3,12.5,0.0,0.0,0.17,3.0,14.9,46.7,26.7,0.0,0.17,2.5,18.8,5.3,36.8,26.3,0.16,3.1,17.8,11.1,38.9,11.1,0.15,2.5,15.8,12.5,12.5,0.0,0.15,3.1,12.9,7.7,30.8,15.4,0.19,2.9,19.8,10.0,20.0,0.0,0.17,4.3,25.2,78.1,18.8,0.0,0.18,3.7,20.5,50.0,23.1,19.2,0.17,3.7,12.6,37.5,25.0,18.8,0.16,2.8,15.7,30.0,25.0,25.0,0.14,2.6,12.6,18.8,18.8,18.8,0.13,2.2,13.4,5.9,29.4,29.4,0.16,2.7,17.2,52.4,28.6,4.8,0.17,3.3,18.0,9.1,22.7,13.6,0.16,3.5,13.9,29.4,23.5,23.5,0.14,3.0,13.9,5.9,11.8,5.9,0.17,3.5,13.9,17.6,17.6,17.6,0.16,2.9,23.0,3.6,10.7,21.4,0.17,3.7,22.4,77.3,9.1,4.5,0.13,2.6,17.3,17.6,41.2,17.6,0.17,3.4,15.3,13.3,33.3,20.0,0.16,2.9,16.3,25.0,18.8,25.0,0.17,4.3,19.4,5.3,21.1,36.8,0.21,4.2,9.2,22.2,11.1,22.2,0.17,2.9
20260813,22,8,4236,A1,42.0,54.0,7.38,62.5,7.35,60.42,43,60.92,62,38.1,3869,B1,50.0,53.0,4.03,20.27,5.17,26.67,26,27.85,41,31.65,5284,B2,27.0,54.0,3.83,15.0,2.67,9.35,67,38.89,12,26.83,4474,B1,38.0,56.0,5.23,35.23,5.38,37.93,28,35.63,35,42.22,5337,B1,20.0,53.0,4.35,21.51,3.06,12.7,59,39.62,58,14.12,4371,A1,39.0,51.0,7.28,47.62,6.66,40.98,74,43.37,17,32.89,28.1,75.6,12.2,9.8,0.12,2.1,15.1,27.3,31.8,4.5,0.12,2.4,13.0,21.1,36.8,26.3,0.1,1.7,19.2,17.9,28.6,35.7,0.11,1.9,14.4,14.3,61.9,0.0,0.11,2.1,10.3,6.7,6.7,33.3,0.08,1.7,11.5,44.4,22.2,0.0,0.15,3.2,19.2,13.3,20.0,0.0,0.2,4.8,17.9,7.1,35.7,0.0,0.2,3.7,17.9,14.3,21.4,0.0,0.2,4.6,19.2,6.7,13.3,0.0,0.14,3.6,14.1,0.0,0.0,0.0,0.21,4.6,7.3,50.0,0.0,0.0,0.1,2.8,21.8,8.3,0.0,0.0,0.15,3.1,18.2,10.0,0.0,0.0,0.17,4.1,21.8,25.0,0.0,0.0,0.2,4.4,21.8,8.3,33.3,0.0,0.2,3.9,9.1,0.0,0.0,0.0,0.24,4.4,16.7,52.9,17.6,11.8,0.16,2.9,18.6,26.3,21.1,0.0,0.19,4.5,16.7,17.6,29.4,11.8,0.16,2.9,18.6,10.5,21.1,26.3,0.18,3.9,20.6,14.3,33.3,0.0,0.21,3.8,8.8,11.1,0.0,0.0,0.24,5.1,0.0,0.0,0.0,0.0,0.0,0.0,0.0,0.0,0.0,0.0,0.0,0.0,1.1,0.0,0.0,0.0,0.31,6.0,31.6,6.7,16.7,30.0,0.18,3.7,31.6,10.0,20.0,20.0,0.19,3.6,35.8,5.9,17.6,11.8,0.22,5.0,18.6,76.2,14.3,4.8,0.12,2.6,21.2,16.7,33.3,16.7,0.13,3.6,15.0,11.8,29.4,23.5,0.14,3.6,19.5,9.1,18.2,13.6,0.13,2.6,13.3,6.7,26.7,20.0,0.13,3.5,12.4,14.3,14.3,0.0,0.17,4.7
20260813,22,9,5092,A2,25.0,51.0,6.06,44.44,6.22,47.45,29,27.87,51,22.47,4485,B1,40.0,57.0,4.91,26.21,5.83,40.74,12,36.89,48,38.55,4866,B1,36.0,55.0,4.16,19.12,4.45,23.08,72,40.38,29,35.11,5409,B2,21.0,56.0,2.66,8.2,1.41,0.0,58,37.78,63,36.05,3627,A2,56.0,54.0,4.84,32.93,5.01,31.18,27,38.61,8,39.33,5237,B2,26.0,54.0,4.92,30.0,4.43,26.51,52,41.67,3,23.81,20.6,77.8,3.7,0.0,0.1,2.1,14.5,26.3,5.3,31.6,0.14,3.4,14.5,36.8,21.1,5.3,0.16,3.1,20.6,18.5,18.5,18.5,0.14,3.2,15.3,5.0,35.0,15.0,0.13,2.9,14.5,10.5,26.3,0.0,0.13,2.6,16.8,35.0,30.0,20.0,0.17,2.9,17.6,19.0,28.6,19.0,0.17,3.8,16.0,5.3,26.3,26.3,0.15,2.5,17.6,9.5,14.3,28.6,0.15,3.0,17.6,4.8,9.5,19.0,0.17,3.6,14.3,5.9,5.9,5.9,0.16,3.7,8.5,28.6,42.9,0.0,0.16,2.6,15.9,7.7,15.4,0.0,0.16,3.2,20.7,5.9,17.6,29.4,0.15,2.5,19.5,25.0,25.0,0.0,0.2,3.6,18.3,6.7,20.0,0.0,0.15,3.9,17.1,7.1,0.0,0.0,0.2,3.9,0.0,0.0,0.0,0.0,0.0,0.0,0.0,0.0,0.0,0.0,0.0,0.0,0.0,0.0,0.0,0.0,0.0,0.0,2.7,0.0,0.0,0.0,0.18,3.5,16.2,8.3,0.0,0.0,0.14,2.1,81.1,5.0,0.0,0.0,0.16,2.8,17.1,52.6,31.6,5.3,0.14,2.8,19.8,4.5,13.6,36.4,0.2,3.8,20.7,8.7,30.4,13.0,0.19,3.7,26.1,17.2,17.2,6.9,0.18,3.1,12.6,7.1,7.1,0.0,0.18,3.4,3.6,50.0,0.0,0.0,0.23,4.8,8.2,50.0,50.0,0.0,0.09,2.0,6.1,33.3,33.3,0.0,0.05,1.7,16.3,25.0,12.5,0.0,0.1,1.7,18.4,22.2,11.1,0.0,0.19,3.3,16.3,25.0,0.0,0.0,0.18,3.5,34.7,17.6,0.0,0.0,0.2,4.5
20260813,22,10,4296,A2,39.0,52.0,6.24,42.11,7.0,55.56,36,31.73,64,25.29,4424,A2,41.0,50.0,5.71,38.05,6.45,49.56,32,24.3,52,28.05,4674,B1,39.0,51.0,5.23,31.13,5.18,28.28,48,17.86,13,20.99,4395,B1,40.0,55.0,5.4,34.65,5.41,32.97,44,28.91,66,23.81,5160,A2,27.0,54.0,6.02,42.62,4.71,30.43,55,37.76,19,32.95,4122,A2,44.0,56.0,5.56,35.9,5.41,38.03,18,33.71,20,22.09,23.8,60.0,25.0,5.0,0.13,2.0,13.1,18.2,45.5,9.1,0.14,3.2,14.3,16.7,33.3,33.3,0.15,2.8,16.7,7.1,35.7,35.7,0.13,2.6,19.0,6.2,6.2,25.0,0.16,3.2,13.1,27.3,18.2,0.0,0.13,3.5,19.9,88.9,3.7,0.0,0.15,3.1,19.1,26.9,26.9,15.4,0.17,3.1,16.9,13.0,26.1,26.1,0.15,3.0,19.1,7.7,7.7,30.8,0.17,3.5,11.8,6.2,18.8,25.0,0.15,2.6,13.2,11.1,33.3,0.0,0.17,2.7,19.1,61.5,26.9,3.8,0.15,2.4,16.2,18.2,13.6,18.2,0.16,3.2,16.9,4.3,17.4,30.4,0.14,2.7,13.2,11.1,16.7,22.2,0.17,3.3,17.6,4.2,20.8,0.0,0.14,2.4,16.9,13.0,21.7,0.0,0.14,3.3,17.6,57.1,28.6,9.5,0.17,3.4,15.1,11.1,33.3,22.2,0.16,3.2,16.0,10.5,31.6,21.1,0.17,3.7,21.0,12.0,8.0,24.0,0.2,3.8,14.3,5.9,17.6,0.0,0.15,2.9,16.0,5.3,5.3,0.0,0.19,4.3,15.7,59.1,22.7,4.5,0.16,2.2,20.0,14.3,17.9,14.3,0.15,3.4,17.1,20.8,20.8,33.3,0.15,3.5,15.0,14.3,28.6,19.0,0.12,2.8,15.7,4.5,22.7,31.8,0.14,3.2,16.4,4.3,4.3,0.0,0.17,4.0,20.1,57.1,7.1,14.3,0.16,3.3,17.3,8.3,33.3,12.5,0.17,3.5,18.0,16.0,20.0,12.0,0.17,2.8,16.5,8.7,8.7,39.1,0.17,3.3,15.1,4.8,23.8,23.8,0.19,4.2,12.9,33.3,0.0,0.0,0.17,4.4
20260813,22,11,4566,A1,38.0,54.0,6.8,41.46,6.63,47.14,61,38.02,34,37.63,4709,A2,37.0,56.0,5.65,36.26,5.65,40.82,20,35.92,16,33.33,4957,B1,31.0,56.0,5.63,38.37,5.22,28.87,56,42.22,7,27.54,4121,A2,44.0,52.0,5.99,45.24,5.54,32.69,13,36.54,60,39.02,5008,B1,29.0,54.0,4.68,22.06,5.23,31.91,66,27.78,1,34.15,4079,A2,47.0,53.0,5.96,38.35,6.51,46.27,33,41.82,36,34.57,18.3,72.7,4.5,4.5,0.15,2.9,12.5,20.0,20.0,13.3,0.12,2.7,19.2,13.0,17.4,30.4,0.16,3.1,16.7,5.0,25.0,20.0,0.13,2.7,19.2,8.7,8.7,26.1,0.12,3.1,14.2,5.9,17.6,0.0,0.14,3.6,18.1,42.9,23.8,14.3,0.14,2.5,14.7,17.6,41.2,5.9,0.15,3.1,16.4,5.3,26.3,10.5,0.14,3.1,16.4,21.1,52.6,0.0,0.17,3.2,18.1,14.3,28.6,9.5,0.15,3.6,16.4,31.6,0.0,0.0,0.15,3.7,12.0,66.7,25.0,0.0,0.16,2.7,19.0,10.5,26.3,31.6,0.17,3.6,17.0,11.8,23.5,17.6,0.18,3.0,19.0,10.5,10.5,36.8,0.16,3.2,20.0,10.0,30.0,0.0,0.17,3.4,13.0,7.7,7.7,0.0,0.19,4.4,22.0,59.3,22.2,3.7,0.13,2.0,16.3,15.0,35.0,15.0,0.15,2.9,13.0,31.2,6.2,31.2,0.17,2.6,14.6,5.6,27.8,22.2,0.12,2.4,15.4,10.5,10.5,21.1,0.13,3.2,18.7,17.4,0.0,0.0,0.16,3.9,13.9,36.4,27.3,9.1,0.15,1.8,15.2,8.3,33.3,8.3,0.16,3.4,20.3,37.5,6.2,0.0,0.15,2.9,15.2,8.3,25.0,0.0,0.14,2.3,19.0,13.3,26.7,0.0,0.15,2.2,16.5,0.0,0.0,0.0,0.15,2.9,20.2,50.0,22.7,9.1,0.19,3.8,15.6,17.6,17.6,29.4,0.19,4.0,17.4,26.3,21.1,26.3,0.21,3.6,17.4,21.1,31.6,0.0,0.19,4.4,13.8,6.7,20.0,0.0,0.15,3.9,15.6,17.6,17.6,0.0,0.17,4.2
20260813,22,12,4350,A1,40.0,54.0,7.92,65.09,8.13,66.41,57,26.73,32,32.18,4236,A1,42.0,54.0,7.38,62.5,7.35,60.42,43,60.92,62,38.1,5018,A1,27.0,54.0,6.83,50.76,6.47,46.28,46,22.77,42,25.0,4330,A2,42.0,53.0,6.01,41.38,6.3,48.05,73,30.51,37,34.57,4737,A1,35.0,55.0,7.21,60.61,6.86,58.14,31,32.08,74,40.91,4451,A2,38.0,53.0,6.38,48.28,5.74,36.96,38,24.27,2,24.1,25.0,89.3,7.1,0.0,0.12,2.3,18.8,19.0,38.1,9.5,0.12,2.8,9.8,36.4,36.4,0.0,0.11,2.4,15.2,17.6,17.6,29.4,0.14,3.3,19.6,4.5,31.8,13.6,0.14,3.2,11.6,7.7,30.8,0.0,0.12,3.4,28.1,75.6,12.2,9.8,0.12,2.1,15.1,27.3,31.8,4.5,0.12,2.4,13.0,21.1,36.8,26.3,0.1,1.7,19.2,17.9,28.6,35.7,0.11,1.9,14.4,14.3,61.9,0.0,0.11,2.1,10.3,6.7,6.7,33.3,0.08,1.7,23.2,88.9,8.3,2.8,0.13,2.3,15.5,16.7,25.0,25.0,0.14,3.0,17.4,22.2,18.5,29.6,0.16,2.5,15.5,4.2,4.2,41.7,0.14,3.7,16.1,4.0,24.0,12.0,0.14,2.9,12.3,5.3,26.3,0.0,0.16,3.8,20.3,68.0,20.0,8.0,0.14,2.2,14.6,22.2,33.3,0.0,0.12,2.0,21.1,23.1,19.2,15.4,0.13,2.1,14.6,33.3,5.6,16.7,0.12,2.3,15.4,5.3,21.1,26.3,0.11,2.2,13.8,5.9,23.5,0.0,0.11,2.1,25.2,78.1,18.8,0.0,0.18,3.7,20.5,50.0,23.1,19.2,0.17,3.7,12.6,37.5,25.0,18.8,0.16,2.8,15.7,30.0,25.0,25.0,0.14,2.6,12.6,18.8,18.8,18.8,0.13,2.2,13.4,5.9,29.4,29.4,0.16,2.7,22.9,63.6,27.3,3.0,0.14,2.3,15.3,22.7,18.2,36.4,0.14,2.5,18.1,3.8,30.8,15.4,0.17,2.5,18.1,26.9,34.6,0.0,0.14,2.7,15.3,13.6,9.1,0.0,0.19,3.7,10.4,6.7,13.3,20.0,0.18,4.3
20260813,21,1,4189,A1,45.0,53.0,5.58,31.19,6.56,48.15,43,44.59,20,30.26,5277,B1,24.0,45.0,5.27,29.63,4.33,14.81,24,19.48,58,32.89,4232,B1,43.0,55.0,6.26,43.62,5.42,33.33,60,42.47,67,35.44,5219,B1,25.0,51.0,5.11,37.11,4.41,27.85,7,34.94,12,45.07,5203,B1,22.0,42.0,5.56,32.5,3.52,20.29,59,27.63,35,31.71,5382,B1,21.0,52.0,2.09,2.53,2.24,7.89,9,32.0,43,37.93,22.5,73.5,2.9,11.8,0.16,2.9,21.9,12.1,21.2,30.3,0.15,3.8,18.5,35.7,21.4,21.4,0.17,2.9,17.9,29.6,22.2,14.8,0.16,3.1,11.9,16.7,5.6,22.2,0.16,3.1,7.3,27.3,0.0,0.0,0.2,4.3,15.3,52.9,23.5,17.6,0.16,2.6,15.3,17.6,35.3,23.5,0.15,3.1,19.8,9.1,22.7,27.3,0.13,2.1,18.9,9.5,9.5,42.9,0.15,2.5,14.4,12.5,12.5,0.0,0.19,3.0,16.2,22.2,0.0,0.0,0.13,3.4,14.4,40.0,20.0,13.3,0.17,3.1,18.3,15.8,21.1,21.1,0.17,3.5,16.3,23.5,17.6,17.6,0.17,3.5,16.3,35.3,5.9,17.6,0.19,3.2,19.2,15.0,15.0,15.0,0.16,2.6,15.4,6.2,25.0,0.0,0.19,3.7,13.9,63.6,18.2,0.0,0.19,3.7,16.5,23.1,23.1,0.0,0.2,4.5,20.3,18.8,12.5,25.0,0.21,4.4,16.5,7.7,15.4,23.1,0.21,4.0,15.2,8.3,8.3,0.0,0.19,3.3,17.7,14.3,0.0,0.0,0.18,3.9,14.5,50.0,37.5,6.2,0.15,3.1,19.1,14.3,14.3,42.9,0.17,3.5,17.3,21.1,5.3,10.5,0.15,2.8,18.2,10.0,20.0,0.0,0.14,2.8,17.3,5.3,15.8,26.3,0.16,2.9,13.6,20.0,0.0,0.0,0.18,4.4,0.0,0.0,0.0,0.0,0.0,0.0,0.0,0.0,0.0,0.0,0.0,0.0,1.5,0.0,0.0,0.0,0.17,6.0,26.9,5.6,5.6,5.6,0.16,3.2,32.8,13.6,0.0,0.0,0.16,3.7,38.8,3.8,3.8,0.0,0.18,3.6
20260813,21,2,5073,A2,31.0,54.0,5.51,32.69,3.95,10.53,18,28.05,17,40.24,5328,B1,22.0,54.0,4.2,19.28,3.18,12.9,12,36.84,51,31.51,5276,B1,24.0,51.0,4.9,25.0,4.48,24.14,54,30.38,66,34.67,4288,A1,41.0,53.0,7.65,61.74,7.12,59.63,26,21.92,59,45.07,5370,B2,24.0,47.0,1.35,2.7,1.41,0.0,47,37.66,25,31.34,3352,B1,58.0,51.0,4.06,7.45,4.28,17.24,56,48.05,57,32.91,19.8,52.4,19.0,9.5,0.19,3.4,18.9,15.0,30.0,25.0,0.18,3.8,16.0,17.6,23.5,0.0,0.22,4.5,14.2,13.3,33.3,0.0,0.16,3.7,14.2,6.7,40.0,0.0,0.17,4.3,17.0,33.3,0.0,0.0,0.19,4.5,12.8,10.0,10.0,10.0,0.18,3.8,19.2,13.3,20.0,13.3,0.2,4.8,16.7,7.7,7.7,15.4,0.23,4.0,19.2,6.7,26.7,0.0,0.16,3.9,16.7,23.1,7.7,0.0,0.17,4.1,15.4,33.3,0.0,0.0,0.22,5.3,16.8,33.3,22.2,0.0,0.16,2.7,18.7,20.0,5.0,35.0,0.18,3.2,17.8,21.1,47.4,0.0,0.16,3.2,17.8,5.3,10.5,15.8,0.16,3.8,14.0,6.7,6.7,13.3,0.17,3.3,15.0,6.2,25.0,0.0,0.2,4.6,25.3,78.4,10.8,2.7,0.12,2.0,19.2,32.1,32.1,17.9,0.13,2.7,11.0,25.0,6.2,31.2,0.12,2.5,17.1,28.0,36.0,12.0,0.1,1.7,13.7,15.0,30.0,20.0,0.13,1.8,13.7,10.0,10.0,45.0,0.14,2.3,0.0,0.0,0.0,0.0,0.0,0.0,0.0,0.0,0.0,0.0,0.0,0.0,0.0,0.0,0.0,0.0,0.0,0.0,24.6,5.9,0.0,0.0,0.16,3.4,23.2,0.0,0.0,0.0,0.23,4.0,52.2,0.0,0.0,0.0,0.19,3.8,0.0,0.0,0.0,0.0,0.0,0.0,0.0,0.0,0.0,0.0,0.0,0.0,0.0,0.0,0.0,0.0,0.0,0.0,0.0,0.0,0.0,0.0,0.0,0.0,3.1,0.0,0.0,0.0,0.19,3.7,96.9,2.2,9.7,33.3,0.17,3.4
20260813,21,3,4513,A2,37.0,53.0,6.01,43.88,5.99,42.25,22,42.31,63,36.11,5012,B1,29.0,52.0,4.75,28.77,5.53,35.85,16,22.5,37,35.71,5029,A1,29.0,52.0,7.26,60.33,7.04,55.84,23,27.54,60,32.39,5392,B2,25.0,53.0,1.74,0.0,1.31,1.85,21,43.75,53,39.29,3514,A2,59.0,52.0,5.78,40.32,6.23,46.81,27,28.4,64,37.18,4764,B1,36.0,47.0,4.94,31.75,3.76,11.9,36,26.67,41,29.27,23.3,70.8,12.5,8.3,0.17,4.3,14.6,20.0,20.0,13.3,0.19,4.0,14.6,33.3,20.0,13.3,0.2,4.3,18.4,10.5,10.5,31.6,0.18,3.7,11.7,16.7,8.3,16.7,0.23,4.0,17.5,5.6,5.6,0.0,0.22,5.4,20.2,40.9,27.3,13.6,0.14,2.7,13.8,6.7,13.3,20.0,0.12,2.6,17.4,15.8,21.1,36.8,0.11,2.4,16.5,11.1,22.2,11.1,0.15,2.6,12.8,7.1,28.6,7.1,0.12,2.5,19.3,4.8,4.8,28.6,0.17,3.6,20.2,83.3,4.2,4.2,0.14,1.8,16.0,15.8,36.8,26.3,0.12,2.2,16.8,10.0,25.0,25.0,0.14,2.6,19.3,34.8,21.7,8.7,0.1,1.9,15.1,16.7,22.2,16.7,0.16,2.3,12.6,13.3,6.7,0.0,0.16,3.9,0.0,0.0,0.0,0.0,0.0,0.0,0.0,0.0,0.0,0.0,0.0,0.0,0.0,0.0,0.0,0.0,0.0,0.0,17.1,7.7,0.0,0.0,0.19,3.9,22.4,0.0,0.0,0.0,0.2,3.9,60.5,0.0,0.0,0.0,0.18,3.8,20.9,71.4,10.7,7.1,0.15,2.3,14.9,35.0,15.0,15.0,0.16,3.3,15.7,9.5,19.0,23.8,0.16,3.0,17.2,8.7,13.0,21.7,0.18,3.2,14.9,10.0,5.0,20.0,0.18,4.1,16.4,4.5,13.6,0.0,0.19,4.3,16.8,52.9,17.6,17.6,0.14,2.5,18.8,26.3,21.1,10.5,0.16,2.8,19.8,15.0,25.0,30.0,0.17,3.5,17.8,11.1,5.6,11.1,0.15,3.2,11.9,8.3,25.0,0.0,0.19,3.2,14.9,13.3,0.0,0.0,0.2,4.1
20260813,21,4,4477,A1,38.0,57.0,7.29,44.23,6.41,37.5,14,21.88,21,29.87,4551,A2,37.0,54.0,5.74,42.0,4.91,29.33,42,24.69,40,28.92,4640,A2,35.0,52.0,5.82,38.21,5.94,41.03,33,38.75,38,41.67,5093,B2,24.0,57.0,3.91,20.37,5.07,32.3,2,30.38,15,32.1,5330,A2,22.0,51.0,6.56,51.3,5.32,32.88,38,32.5,18,35.71,4544,A1,38.0,51.0,7.6,58.95,7.65,58.97,3,45.57,65,32.5,22.6,83.3,10.0,0.0,0.13,2.5,17.3,13.0,43.5,17.4,0.14,3.3,16.5,9.1,22.7,31.8,0.12,2.8,15.8,19.0,33.3,23.8,0.14,3.4,15.0,10.0,10.0,30.0,0.13,2.8,12.8,5.9,29.4,0.0,0.15,3.5,17.9,42.9,38.1,19.0,0.18,3.6,15.4,16.7,27.8,11.1,0.15,3.6,16.2,21.1,21.1,31.6,0.18,3.3,14.5,11.8,41.2,5.9,0.15,3.5,17.1,10.0,25.0,25.0,0.16,3.4,18.8,9.1,36.4,0.0,0.18,3.6,20.9,58.6,31.0,6.9,0.14,1.7,12.2,5.9,23.5,35.3,0.15,3.5,20.1,17.9,28.6,21.4,0.15,2.4,16.5,13.0,21.7,21.7,0.14,2.6,16.5,8.7,4.3,34.8,0.14,2.7,13.7,10.5,26.3,0.0,0.14,3.2,15.8,56.2,12.5,6.2,0.14,2.0,15.8,12.5,37.5,12.5,0.16,2.9,14.9,26.7,6.7,0.0,0.13,2.9,12.9,7.7,7.7,23.1,0.19,3.7,18.8,21.1,10.5,0.0,0.17,3.8,21.8,9.1,4.5,0.0,0.26,5.1,16.7,80.0,0.0,0.0,0.14,2.8,20.0,20.8,20.8,25.0,0.15,3.0,15.0,27.8,16.7,5.6,0.12,2.1,18.3,4.5,31.8,18.2,0.14,2.8,14.2,17.6,23.5,11.8,0.15,3.2,15.8,5.3,5.3,15.8,0.17,3.6,27.8,75.0,9.1,4.5,0.15,2.4,17.1,33.3,37.0,14.8,0.16,3.6,13.3,23.8,33.3,9.5,0.17,3.8,12.7,50.0,15.0,20.0,0.12,2.0,17.1,14.8,33.3,25.9,0.17,3.7,12.0,10.5,21.1,36.8,0.18,4.1
20260813,21,5,4885,A2,30.0,47.0,7.0,55.71,6.15,40.0,13,45.0,36,39.77,4193,A2,44.0,51.0,6.03,43.33,5.71,39.56,41,44.44,49,43.18,4102,A1,47.0,51.0,6.48,52.38,6.96,55.0,10,35.44,39,30.59,5053,B1,30.0,55.0,3.48,16.07,3.53,20.0,15,33.72,27,40.96,5210,A2,27.0,55.0,5.67,44.0,5.42,37.74,11,41.98,56,37.8,4394,A2,40.0,53.0,5.96,37.62,6.0,34.78,30,35.8,16,30.86,20.9,63.2,21.1,0.0,0.11,1.8,18.7,11.8,35.3,23.5,0.18,2.6,19.8,22.2,33.3,16.7,0.14,2.7,14.3,15.4,30.8,30.8,0.14,2.2,15.4,14.3,28.6,0.0,0.17,2.8,11.0,10.0,20.0,0.0,0.16,3.0,16.8,50.0,20.8,16.7,0.11,2.5,19.6,21.4,39.3,14.3,0.15,2.6,16.1,26.1,39.1,21.7,0.15,2.7,17.5,16.0,12.0,36.0,0.14,2.7,16.1,8.7,0.0,0.0,0.18,3.8,14.0,5.0,5.0,10.0,0.16,3.7,18.8,87.5,12.5,0.0,0.14,2.6,13.3,52.9,17.6,0.0,0.15,3.0,20.3,11.5,34.6,23.1,0.14,3.0,16.4,28.6,9.5,14.3,0.14,2.8,14.8,15.8,10.5,15.8,0.17,2.9,16.4,4.8,19.0,14.3,0.16,3.9,15.1,46.2,15.4,23.1,0.17,2.9,12.8,36.4,18.2,0.0,0.17,4.3,17.4,6.7,6.7,0.0,0.14,2.3,15.1,7.7,15.4,0.0,0.16,2.7,15.1,23.1,7.7,0.0,0.17,3.2,24.4,4.8,4.8,0.0,0.2,4.7,13.0,35.7,42.9,0.0,0.11,2.6,14.8,12.5,43.8,6.2,0.17,3.1,19.4,9.5,33.3,28.6,0.14,3.0,18.5,10.0,20.0,25.0,0.17,2.9,18.5,5.0,15.0,20.0,0.16,3.2,15.7,11.8,11.8,0.0,0.15,3.9,16.7,50.0,22.2,5.6,0.14,2.2,14.8,12.5,37.5,6.2,0.14,2.9,22.2,8.3,33.3,16.7,0.16,2.5,16.7,11.1,22.2,44.4,0.16,2.9,16.7,11.1,16.7,27.8,0.15,3.2,13.0,7.1,21.4,7.1,0.18,3.5
20260813,21,6,5308,B1,22.0,54.0,4.65,25.53,3.16,18.18,50,30.26,61,36.36,4463,A2,40.0,55.0,6.78,54.55,5.47,37.65,55,47.76,69,27.4,4736,A1,35.0,53.0,7.15,57.26,6.92,54.12,8,40.26,52,32.43,4936,A2,29.0,47.0,6.27,45.21,5.61,32.61,57,33.33,44,52.94,4189,A1,45.0,53.0,5.58,31.19,6.56,48.15,43,44.59,20,30.26,4363,A2,41.0,53.0,5.21,30.91,5.26,24.73,17,34.15,34,34.18,8.5,25.0,12.5,0.0,0.2,3.5,21.3,10.0,50.0,10.0,0.17,3.9,17.0,6.2,6.2,25.0,0.14,3.7,20.2,21.1,0.0,0.0,0.15,4.2,21.3,5.0,15.0,0.0,0.21,4.0,11.7,18.2,18.2,0.0,0.15,3.1,19.7,40.0,40.0,8.0,0.15,2.6,16.5,9.5,28.6,23.8,0.16,3.2,16.5,14.3,23.8,33.3,0.13,3.2,18.1,17.4,26.1,13.0,0.17,3.5,17.3,4.5,18.2,22.7,0.13,3.0,11.8,20.0,26.7,0.0,0.19,4.2,21.9,60.0,28.0,4.0,0.13,2.0,14.9,23.5,35.3,17.6,0.14,2.5,14.9,5.9,64.7,17.6,0.13,2.5,15.8,5.6,38.9,27.8,0.15,2.8,15.8,5.6,38.9,5.6,0.12,2.2,16.7,10.5,21.1,0.0,0.16,3.3,20.9,66.7,16.7,4.2,0.15,2.1,15.7,33.3,22.2,11.1,0.16,2.5,12.2,21.4,28.6,7.1,0.15,2.1,20.9,8.3,25.0,16.7,0.15,2.9,15.7,11.1,33.3,0.0,0.16,3.2,14.8,5.9,29.4,0.0,0.17,4.1,22.5,73.5,2.9,11.8,0.16,2.9,21.9,12.1,21.2,30.3,0.15,3.8,18.5,35.7,21.4,21.4,0.17,2.9,17.9,29.6,22.2,14.8,0.16,3.1,11.9,16.7,5.6,22.2,0.16,3.1,7.3,27.3,0.0,0.0,0.2,4.3,18.3,65.4,15.4,7.7,0.16,2.5,17.6,16.0,44.0,8.0,0.16,3.0,16.9,8.3,37.5,25.0,0.15,2.8,14.8,4.8,14.3,38.1,0.18,3.6,17.6,24.0,12.0,0.0,0.19,3.8,14.8,33.3,0.0,0.0,0.17,3.5
20260813,21,7,5286,B1,27.0,50.0,4.67,25.24,2.89,12.73,32,46.84,31,32.47,5219,B1,25.0,51.0,5.11,37.11,4.41,27.85,7,34.94,12,45.07,5370,B2,24.0,47.0,1.35,2.7,1.41,0.0,47,37.66,25,31.34,5328,B1,22.0,54.0,4.2,19.28,3.18,12.9,12,36.84,51,31.51,5144,B1,25.0,48.0,4.8,26.26,5.1,31.03,31,43.48,22,37.04,5392,B2,25.0,53.0,1.74,0.0,1.31,1.85,21,43.75,53,39.29,13.3,50.0,16.7,8.3,0.16,3.3,20.0,27.8,5.6,0.0,0.16,3.8,18.9,5.9,23.5,23.5,0.16,2.6,15.6,7.1,14.3,0.0,0.17,3.2,20.0,5.6,5.6,5.6,0.15,3.1,12.2,18.2,9.1,0.0,0.16,2.6,13.9,63.6,18.2,0.0,0.19,3.7,16.5,23.1,23.1,0.0,0.2,4.5,20.3,18.8,12.5,25.0,0.21,4.4,16.5,7.7,15.4,23.1,0.21,4.0,15.2,8.3,8.3,0.0,0.19,3.3,17.7,14.3,0.0,0.0,0.18,3.9,0.0,0.0,0.0,0.0,0.0,0.0,0.0,0.0,0.0,0.0,0.0,0.0,0.0,0.0,0.0,0.0,0.0,0.0,24.6,5.9,0.0,0.0,0.16,3.4,23.2,0.0,0.0,0.0,0.23,4.0,52.2,0.0,0.0,0.0,0.19,3.8,12.8,10.0,10.0,10.0,0.18,3.8,19.2,13.3,20.0,13.3,0.2,4.8,16.7,7.7,7.7,15.4,0.23,4.0,19.2,6.7,26.7,0.0,0.16,3.9,16.7,23.1,7.7,0.0,0.17,4.1,15.4,33.3,0.0,0.0,0.22,5.3,16.5,55.6,27.8,11.1,0.17,3.2,16.5,5.6,33.3,11.1,0.19,3.4,18.3,20.0,35.0,15.0,0.16,2.9,17.4,15.8,21.1,0.0,0.17,3.4,17.4,10.5,31.6,21.1,0.15,2.6,13.8,13.3,0.0,0.0,0.17,3.6,0.0,0.0,0.0,0.0,0.0,0.0,0.0,0.0,0.0,0.0,0.0,0.0,0.0,0.0,0.0,0.0,0.0,0.0,17.1,7.7,0.0,0.0,0.19,3.9,22.4,0.0,0.0,0.0,0.2,3.9,60.5,0.0,0.0,0.0,0.18,3.8
20260813,21,8,5276,B1,24.0,51.0,4.9,25.0,4.48,24.14,54,30.38,66,34.67,4477,A1,38.0,57.0,7.29,44.23,6.41,37.5,14,21.88,21,29.87,5382,B1,21.0,52.0,2.09,2.53,2.24,7.89,9,32.0,43,37.93,3876,A1,49.0,52.0,6.81,43.4,7.99,72.46,28,28.4,55,40.0,4764,B1,36.0,47.0,4.94,31.75,3.76,11.9,36,26.67,41,29.27,4447,B1,39.0,48.0,5.63,34.69,5.8,38.89,39,38.27,32,32.47,16.8,33.3,22.2,0.0,0.16,2.7,18.7,20.0,5.0,35.0,0.18,3.2,17.8,21.1,47.4,0.0,0.16,3.2,17.8,5.3,10.5,15.8,0.16,3.8,14.0,6.7,6.7,13.3,0.17,3.3,15.0,6.2,25.0,0.0,0.2,4.6,22.6,83.3,10.0,0.0,0.13,2.5,17.3,13.0,43.5,17.4,0.14,3.3,16.5,9.1,22.7,31.8,0.12,2.8,15.8,19.0,33.3,23.8,0.14,3.4,15.0,10.0,10.0,30.0,0.13,2.8,12.8,5.9,29.4,0.0,0.15,3.5,0.0,0.0,0.0,0.0,0.0,0.0,0.0,0.0,0.0,0.0,0.0,0.0,1.5,0.0,0.0,0.0,0.17,6.0,26.9,5.6,5.6,5.6,0.16,3.2,32.8,13.6,0.0,0.0,0.16,3.7,38.8,3.8,3.8,0.0,0.18,3.6,24.1,71.4,14.3,0.0,0.15,3.9,13.8,12.5,37.5,25.0,0.18,4.1,16.4,47.4,15.8,5.3,0.13,3.1,11.2,30.8,7.7,23.1,0.17,3.3,14.7,41.2,11.8,17.6,0.14,2.6,19.8,8.7,8.7,17.4,0.14,3.2,16.8,52.9,17.6,17.6,0.14,2.5,18.8,26.3,21.1,10.5,0.16,2.8,19.8,15.0,25.0,30.0,0.17,3.5,17.8,11.1,5.6,11.1,0.15,3.2,11.9,8.3,25.0,0.0,0.19,3.2,14.9,13.3,0.0,0.0,0.2,4.1,15.1,35.7,21.4,14.3,0.22,3.9,14.0,38.5,23.1,0.0,0.17,4.2,15.1,14.3,21.4,21.4,0.17,3.9,18.3,11.8,29.4,23.5,0.18,4.0,18.3,5.9,11.8,11.8,0.18,3.8,19.4,11.1,0.0,0.0,0.22,4.6
20260813,21,9,5210,A2,27.0,55.0,5.67,44.0,5.42,37.74,11,41.98,56,37.8,4831,A1,31.0,56.0,7.51,57.45,6.91,50.51,29,40.26,46,29.58,5277,B1,24.0,45.0,5.27,29.63,4.33,14.81,24,19.48,58,32.89,5073,A2,31.0,54.0,5.51,32.69,3.95,10.53,18,28.05,17,40.24,5338,B1,26.0,53.0,4.63,25.64,2.88,6.25,52,37.18,54,35.37,3514,A2,59.0,52.0,5.78,40.32,6.23,46.81,27,28.4,64,37.18,13.0,35.7,42.9,0.0,0.11,2.6,14.8,12.5,43.8,6.2,0.17,3.1,19.4,9.5,33.3,28.6,0.14,3.0,18.5,10.0,20.0,25.0,0.17,2.9,18.5,5.0,15.0,20.0,0.16,3.2,15.7,11.8,11.8,0.0,0.15,3.9,19.4,70.0,15.0,10.0,0.13,3.5,15.5,25.0,43.8,6.2,0.16,3.7,14.6,26.7,20.0,26.7,0.13,2.6,17.5,5.6,27.8,44.4,0.14,3.1,20.4,4.8,9.5,23.8,0.16,3.9,12.6,15.4,0.0,0.0,0.17,3.9,15.3,52.9,23.5,17.6,0.16,2.6,15.3,17.6,35.3,23.5,0.15,3.1,19.8,9.1,22.7,27.3,0.13,2.1,18.9,9.5,9.5,42.9,0.15,2.5,14.4,12.5,12.5,0.0,0.19,3.0,16.2,22.2,0.0,0.0,0.13,3.4,19.8,52.4,19.0,9.5,0.19,3.4,18.9,15.0,30.0,25.0,0.18,3.8,16.0,17.6,23.5,0.0,0.22,4.5,14.2,13.3,33.3,0.0,0.16,3.7,14.2,6.7,40.0,0.0,0.17,4.3,17.0,33.3,0.0,0.0,0.19,4.5,6.4,28.6,14.3,0.0,0.19,3.6,6.4,57.1,14.3,0.0,0.11,2.9,6.4,42.9,14.3,28.6,0.15,2.3,29.1,3.1,12.5,12.5,0.15,3.0,25.5,7.1,17.9,0.0,0.16,3.1,26.4,3.4,13.8,0.0,0.18,3.9,20.9,71.4,10.7,7.1,0.15,2.3,14.9,35.0,15.0,15.0,0.16,3.3,15.7,9.5,19.0,23.8,0.16,3.0,17.2,8.7,13.0,21.7,0.18,3.2,14.9,10.0,5.0,20.0,0.18,4.1,16.4,4.5,13.6,0.0,0.19,4.3
20260813,21,10,5029,A1,29.0,52.0,7.26,60.33,7.04,55.84,23,27.54,60,32.39,4506,A1,38.0,52.0,6.17,46.59,6.8,55.07,35,49.4,13,42.86,4936,A2,29.0,47.0,6.27,45.21,5.61,32.61,57,33.33,44,52.94,5330,A2,22.0,51.0,6.56,51.3,5.32,32.88,38,32.5,18,35.71,4232,B1,43.0,55.0,6.26,43.62,5.42,33.33,60,42.47,67,35.44,4193,A2,44.0,51.0,6.03,43.33,5.71,39.56,41,44.44,49,43.18,20.2,83.3,4.2,4.2,0.14,1.8,16.0,15.8,36.8,26.3,0.12,2.2,16.8,10.0,25.0,25.0,0.14,2.6,19.3,34.8,21.7,8.7,0.1,1.9,15.1,16.7,22.2,16.7,0.16,2.3,12.6,13.3,6.7,0.0,0.16,3.9,18.5,65.0,15.0,5.0,0.14,2.0,16.7,27.8,44.4,11.1,0.13,2.4,14.8,25.0,25.0,12.5,0.15,2.7,19.4,33.3,28.6,19.0,0.13,2.0,17.6,21.1,21.1,15.8,0.12,1.7,13.0,7.1,28.6,28.6,0.14,2.1,20.9,66.7,16.7,4.2,0.15,2.1,15.7,33.3,22.2,11.1,0.16,2.5,12.2,21.4,28.6,7.1,0.15,2.1,20.9,8.3,25.0,16.7,0.15,2.9,15.7,11.1,33.3,0.0,0.16,3.2,14.8,5.9,29.4,0.0,0.17,4.1,16.7,80.0,0.0,0.0,0.14,2.8,20.0,20.8,20.8,25.0,0.15,3.0,15.0,27.8,16.7,5.6,0.12,2.1,18.3,4.5,31.8,18.2,0.14,2.8,14.2,17.6,23.5,11.8,0.15,3.2,15.8,5.3,5.3,15.8,0.17,3.6,14.4,40.0,20.0,13.3,0.17,3.1,18.3,15.8,21.1,21.1,0.17,3.5,16.3,23.5,17.6,17.6,0.17,3.5,16.3,35.3,5.9,17.6,0.19,3.2,19.2,15.0,15.0,15.0,0.16,2.6,15.4,6.2,25.0,0.0,0.19,3.7,16.8,50.0,20.8,16.7,0.11,2.5,19.6,21.4,39.3,14.3,0.15,2.6,16.1,26.1,39.1,21.7,0.15,2.7,17.5,16.0,12.0,36.0,0.14,2.7,16.1,8.7,0.0,0.0,0.18,3.8,14.0,5.0,5.0,10.0,0.16,3.7
20260813,21,11,4102,A1,47.0,51.0,6.48,52.38,6.96,55.0,10,35.44,39,30.59,4288,A1,41.0,53.0,7.65,61.74,7.12,59.63,26,21.92,59,45.07,5212,A2,27.0,54.0,6.16,43.48,4.45,27.27,5,32.39,70,32.93,4551,A2,37.0,54.0,5.74,42.0,4.91,29.33,42,24.69,40,28.92,5308,B1,22.0,54.0,4.65,25.53,3.16,18.18,50,30.26,61,36.36,4773,A2,33.0,48.0,6.0,42.86,6.02,39.06,48,41.98,26,39.24,18.8,87.5,12.5,0.0,0.14,2.6,13.3,52.9,17.6,0.0,0.15,3.0,20.3,11.5,34.6,23.1,0.14,3.0,16.4,28.6,9.5,14.3,0.14,2.8,14.8,15.8,10.5,15.8,0.17,2.9,16.4,4.8,19.0,14.3,0.16,3.9,25.3,78.4,10.8,2.7,0.12,2.0,19.2,32.1,32.1,17.9,0.13,2.7,11.0,25.0,6.2,31.2,0.12,2.5,17.1,28.0,36.0,12.0,0.1,1.7,13.7,15.0,30.0,20.0,0.13,1.8,13.7,10.0,10.0,45.0,0.14,2.3,15.0,68.8,12.5,6.2,0.14,1.8,18.7,25.0,45.0,10.0,0.12,1.9,16.8,11.1,38.9,11.1,0.14,2.8,20.6,27.3,27.3,0.0,0.13,2.0,16.8,22.2,11.1,22.2,0.13,2.6,12.1,23.1,0.0,0.0,0.16,3.3,17.9,42.9,38.1,19.0,0.18,3.6,15.4,16.7,27.8,11.1,0.15,3.6,16.2,21.1,21.1,31.6,0.18,3.3,14.5,11.8,41.2,5.9,0.15,3.5,17.1,10.0,25.0,25.0,0.16,3.4,18.8,9.1,36.4,0.0,0.18,3.6,8.5,25.0,12.5,0.0,0.2,3.5,21.3,10.0,50.0,10.0,0.17,3.9,17.0,6.2,6.2,25.0,0.14,3.7,20.2,21.1,0.0,0.0,0.15,4.2,21.3,5.0,15.0,0.0,0.21,4.0,11.7,18.2,18.2,0.0,0.15,3.1,20.0,55.6,22.2,11.1,0.19,3.3,14.1,10.5,47.4,21.1,0.15,3.4,17.8,12.5,16.7,25.0,0.16,3.3,15.6,9.5,9.5,42.9,0.17,3.1,20.7,3.6,14.3,25.0,0.18,3.8,11.9,18.8,6.2,18.8,0.16,3.3
20260813,21,12,3876,A1,49.0,52.0,6.81,43.4,7.99,72.46,28,28.4,55,40.0,4736,A1,35.0,53.0,7.15,57.26,6.92,54.12,8,40.26,52,32.43,4463,A2,40.0,55.0,6.78,54.55,5.47,37.65,55,47.76,69,27.4,4885,A2,30.0,47.0,7.0,55.71,6.15,40.0,13,45.0,36,39.77,4640,A2,35.0,52.0,5.82,38.21,5.94,41.03,33,38.75,38,41.67,5105,B1,27.0,52.0,4.18,20.91,5.04,30.56,4,40.0,14,44.59,24.1,71.4,14.3,0.0,0.15,3.9,13.8,12.5,37.5,25.0,0.18,4.1,16.4,47.4,15.8,5.3,0.13,3.1,11.2,30.8,7.7,23.1,0.17,3.3,14.7,41.2,11.8,17.6,0.14,2.6,19.8,8.7,8.7,17.4,0.14,3.2,21.9,60.0,28.0,4.0,0.13,2.0,14.9,23.5,35.3,17.6,0.14,2.5,14.9,5.9,64.7,17.6,0.13,2.5,15.8,5.6,38.9,27.8,0.15,2.8,15.8,5.6,38.9,5.6,0.12,2.2,16.7,10.5,21.1,0.0,0.16,3.3,19.7,40.0,40.0,8.0,0.15,2.6,16.5,9.5,28.6,23.8,0.16,3.2,16.5,14.3,23.8,33.3,0.13,3.2,18.1,17.4,26.1,13.0,0.17,3.5,17.3,4.5,18.2,22.7,0.13,3.0,11.8,20.0,26.7,0.0,0.19,4.2,20.9,63.2,21.1,0.0,0.11,1.8,18.7,11.8,35.3,23.5,0.18,2.6,19.8,22.2,33.3,16.7,0.14,2.7,14.3,15.4,30.8,30.8,0.14,2.2,15.4,14.3,28.6,0.0,0.17,2.8,11.0,10.0,20.0,0.0,0.16,3.0,20.9,58.6,31.0,6.9,0.14,1.7,12.2,5.9,23.5,35.3,0.15,3.5,20.1,17.9,28.6,21.4,0.15,2.4,16.5,13.0,21.7,21.7,0.14,2.6,16.5,8.7,4.3,34.8,0.14,2.7,13.7,10.5,26.3,0.0,0.14,3.2,11.1,50.0,16.7,8.3,0.15,3.3,19.4,4.8,28.6,23.8,0.21,4.2,19.4,9.5,4.8,28.6,0.18,4.0,18.5,5.0,10.0,25.0,0.18,4.2,18.5,5.0,10.0,25.0,0.17,3.7,13.0,0.0,0.0,0.0,0.19,4.0
20260813,19,1,3539,B1,58.0,52.0,4.59,26.21,3.91,24.29,29,31.88,30,22.58,3680,B1,53.0,54.0,4.36,21.5,4.82,28.95,73,28.36,67,43.94,4747,B1,41.0,52.0,4.09,17.78,3.36,13.89,22,30.16,50,42.62,4034,B1,47.0,55.0,3.78,17.98,3.54,10.71,30,40.35,68,36.92,5336,B1,20.0,55.0,3.59,14.13,2.22,6.9,37,33.33,46,31.34,3581,B1,53.0,53.0,5.42,31.86,5.15,29.51,40,40.35,11,33.33,14.5,25.0,18.8,18.8,0.16,2.9,18.2,5.0,20.0,15.0,0.18,3.7,22.7,20.0,8.0,0.0,0.18,4.2,22.7,8.0,4.0,20.0,0.2,4.0,14.5,12.5,0.0,0.0,0.18,4.5,7.3,0.0,0.0,0.0,0.24,5.3,14.1,7.1,35.7,14.3,0.24,3.9,17.2,29.4,5.9,0.0,0.23,4.9,19.2,26.3,10.5,15.8,0.19,3.9,19.2,10.5,5.3,15.8,0.18,3.9,15.2,6.7,13.3,13.3,0.22,4.8,15.2,6.7,0.0,0.0,0.26,4.9,12.1,36.4,9.1,0.0,0.16,4.2,17.6,12.5,18.8,6.2,0.16,3.5,18.7,29.4,11.8,0.0,0.18,4.1,14.3,7.7,7.7,15.4,0.14,3.0,17.6,6.2,6.2,0.0,0.16,3.2,19.8,0.0,0.0,0.0,0.21,4.2,12.2,36.4,27.3,9.1,0.16,3.9,18.9,5.9,23.5,0.0,0.22,5.1,17.8,6.2,0.0,0.0,0.22,4.3,16.7,6.7,13.3,0.0,0.23,5.0,22.2,10.0,5.0,0.0,0.22,4.6,12.2,0.0,0.0,0.0,0.24,5.3,6.4,16.7,33.3,16.7,0.16,2.8,20.2,5.3,15.8,0.0,0.17,3.6,23.4,4.5,4.5,13.6,0.1,3.0,13.8,7.7,0.0,0.0,0.18,3.4,18.1,11.8,5.9,0.0,0.14,3.6,18.1,5.9,0.0,0.0,0.19,3.5,15.7,29.4,17.6,23.5,0.17,3.9,16.7,5.6,11.1,27.8,0.19,4.3,18.5,10.0,15.0,0.0,0.22,3.8,18.5,10.0,10.0,15.0,0.18,4.0,19.4,9.5,19.0,0.0,0.19,4.0,11.1,0.0,0.0,0.0,0.2,4.2
20260813,19,2,4567,B1,38.0,50.0,4.51,18.18,4.26,18.82,53,30.43,57,41.27,3442,B1,56.0,54.0,3.99,15.71,5.77,35.48,67,44.26,35,25.0,3731,B1,53.0,53.0,4.65,22.5,5.63,41.05,71,41.51,70,28.13,3661,A2,56.0,58.0,4.58,23.66,5.76,36.51,33,34.29,37,26.98,4023,B1,48.0,53.0,3.95,19.05,4.65,23.08,57,46.27,22,34.92,5448,B2,23.0,50.0,1.13,0.0,1.5,0.0,28,32.31,33,36.36,17.1,21.4,28.6,14.3,0.2,3.6,15.9,7.7,15.4,7.7,0.25,5.0,18.3,6.7,26.7,0.0,0.21,5.1,22.0,11.1,22.2,0.0,0.25,5.2,13.4,18.2,0.0,0.0,0.24,5.5,13.4,9.1,27.3,0.0,0.26,5.5,12.2,44.4,22.2,22.2,0.18,4.1,16.2,25.0,25.0,0.0,0.17,2.8,18.9,7.1,14.3,50.0,0.18,2.7,18.9,7.1,21.4,28.6,0.15,3.1,18.9,7.1,28.6,0.0,0.14,3.6,14.9,27.3,0.0,0.0,0.17,3.5,17.0,41.2,29.4,17.6,0.17,3.6,24.0,4.2,12.5,37.5,0.22,4.3,20.0,20.0,20.0,0.0,0.18,4.0,17.0,17.6,5.9,23.5,0.19,4.1,13.0,15.4,15.4,0.0,0.17,3.8,9.0,33.3,11.1,0.0,0.16,2.8,19.4,37.5,25.0,20.8,0.16,3.0,21.0,15.4,7.7,30.8,0.2,4.0,16.9,9.5,23.8,28.6,0.17,3.0,15.3,21.1,10.5,31.6,0.18,3.5,9.7,8.3,16.7,0.0,0.17,3.0,17.7,13.6,27.3,0.0,0.2,4.3,12.0,45.5,18.2,18.2,0.19,3.5,21.7,20.0,15.0,0.0,0.18,3.6,15.2,7.1,14.3,28.6,0.16,3.2,16.3,13.3,0.0,0.0,0.15,3.9,20.7,5.3,15.8,10.5,0.19,3.3,14.1,0.0,0.0,0.0,0.17,4.5,0.0,0.0,0.0,0.0,0.0,0.0,0.0,0.0,0.0,0.0,0.0,0.0,0.0,0.0,0.0,0.0,0.0,0.0,0.0,0.0,0.0,0.0,0.0,0.0,0.0,0.0,0.0,0.0,0.0,0.0,0.0,0.0,0.0,0.0,0.0,0.0
20260813,19,3,4981,B1,30.0,52.0,5.1,22.5,4.18,22.73,62,46.67,26,17.24,4009,A2,47.0,58.0,5.82,40.86,6.02,40.24,56,32.81,66,24.62,4251,B1,43.0,52.0,4.73,24.75,4.79,25.45,16,30.3,36,32.79,4179,A2,43.0,52.0,5.48,32.08,5.26,31.88,32,25.0,55,41.54,4980,A1,30.0,50.0,7.05,50.91,7.13,54.95,31,42.03,71,21.67,4871,B1,34.0,53.0,4.49,25.81,4.61,20.18,24,41.43,38,34.33,12.6,45.5,9.1,0.0,0.2,4.2,13.8,25.0,41.7,0.0,0.16,3.5,18.4,6.2,25.0,43.8,0.16,3.5,19.5,5.9,5.9,35.3,0.17,4.1,18.4,6.2,37.5,12.5,0.18,4.1,17.2,13.3,0.0,0.0,0.2,4.9,21.2,66.7,4.8,19.0,0.12,1.6,17.2,5.9,17.6,23.5,0.12,1.9,16.2,12.5,12.5,31.2,0.12,2.3,21.2,14.3,9.5,33.3,0.13,2.7,12.1,8.3,8.3,16.7,0.13,2.1,12.1,16.7,0.0,0.0,0.14,3.5,11.3,42.9,28.6,7.1,0.19,3.3,21.0,15.4,11.5,26.9,0.22,5.0,17.7,4.5,18.2,27.3,0.2,4.2,16.9,19.0,4.8,0.0,0.21,4.9,16.1,5.0,15.0,20.0,0.21,4.6,16.9,19.0,0.0,0.0,0.24,5.4,19.5,59.1,13.6,18.2,0.14,2.6,15.0,17.6,23.5,23.5,0.16,3.7,17.7,15.0,25.0,15.0,0.14,2.4,15.9,16.7,27.8,0.0,0.15,2.7,17.7,5.0,25.0,40.0,0.17,2.7,14.2,6.2,25.0,0.0,0.18,4.5,22.0,82.1,14.3,0.0,0.15,2.6,14.2,11.1,44.4,16.7,0.15,3.6,17.3,13.6,36.4,13.6,0.14,2.9,11.8,6.7,46.7,13.3,0.16,3.3,15.0,21.1,15.8,15.8,0.18,3.2,19.7,8.0,8.0,20.0,0.17,4.6,15.6,57.1,21.4,7.1,0.14,2.4,17.8,12.5,25.0,12.5,0.17,3.1,16.7,6.7,13.3,13.3,0.18,3.1,14.4,23.1,7.7,0.0,0.19,3.1,15.6,7.1,35.7,0.0,0.17,2.9,20.0,5.6,16.7,0.0,0.16,3.3
20260813,19,4,3989,B1,48.0,57.0,3.92,20.48,3.88,19.18,13,29.09,31,39.29,5208,B1,28.0,52.0,4.25,23.38,3.38,6.67,21,43.86,65,42.62,4852,A1,31.0,51.0,7.31,58.27,5.68,32.43,47,33.82,32,26.15,3961,A1,47.0,54.0,6.55,46.77,7.05,57.02,12,37.93,42,29.85,4475,A1,38.0,54.0,5.67,33.33,6.25,42.59,46,46.77,27,28.79,5404,B1,22.0,54.0,2.11,3.23,1.56,0.0,19,32.26,52,20.63,14.1,38.5,23.1,7.7,0.19,3.6,18.5,5.9,5.9,11.8,0.19,4.4,14.1,15.4,7.7,0.0,0.2,4.8,22.8,4.8,4.8,23.8,0.19,4.7,12.0,9.1,9.1,0.0,0.21,4.6,18.5,5.9,0.0,0.0,0.26,5.4,15.3,46.7,20.0,6.7,0.13,2.5,17.3,5.9,11.8,35.3,0.14,3.1,16.3,12.5,18.8,0.0,0.18,3.3,19.4,15.8,31.6,0.0,0.14,2.8,17.3,5.9,11.8,0.0,0.17,3.1,14.3,7.1,7.1,7.1,0.16,3.7,22.6,83.9,6.5,6.5,0.15,3.2,13.9,42.1,15.8,26.3,0.14,2.9,19.0,19.2,46.2,11.5,0.14,2.7,14.6,20.0,25.0,20.0,0.12,2.3,14.6,20.0,5.0,35.0,0.15,3.3,15.3,4.8,9.5,47.6,0.17,3.8,21.5,80.0,10.0,5.0,0.17,2.7,17.2,25.0,25.0,12.5,0.15,3.9,14.0,15.4,7.7,38.5,0.18,4.4,11.8,45.5,27.3,0.0,0.16,3.5,17.2,25.0,31.2,0.0,0.17,3.4,18.3,5.9,11.8,41.2,0.17,3.8,21.3,74.1,14.8,7.4,0.15,2.3,16.5,33.3,38.1,0.0,0.17,3.4,18.9,20.8,33.3,16.7,0.14,2.1,17.3,18.2,18.2,36.4,0.15,2.7,12.6,18.8,37.5,0.0,0.16,3.5,13.4,11.8,23.5,0.0,0.19,4.1,0.0,0.0,0.0,0.0,0.0,0.0,0.0,0.0,0.0,0.0,0.0,0.0,0.0,0.0,0.0,0.0,0.0,0.0,1.3,0.0,0.0,0.0,0.17,6.0,3.9,0.0,0.0,0.0,0.24,3.7,94.7,2.8,8.3,0.0,0.2,4.7
20260813,19,5,4356,A2,42.0,52.0,5.68,40.74,6.2,48.15,63,39.71,64,37.88,4724,B1,40.0,54.0,3.49,9.52,3.7,16.67,65,36.76,18,22.73,5176,B2,33.0,52.0,2.26,5.88,2.38,10.81,52,42.11,13,26.56,5067,B1,27.0,57.0,5.29,32.5,4.53,26.61,14,36.23,72,27.42,4264,A1,41.0,53.0,6.7,52.78,6.92,51.26,55,36.36,17,33.87,4057,A2,47.0,52.0,5.93,41.32,5.39,32.14,69,38.81,53,32.81,23.5,69.6,21.7,0.0,0.16,3.0,14.3,14.3,35.7,21.4,0.14,2.9,12.2,16.7,16.7,25.0,0.17,3.3,20.4,15.0,15.0,15.0,0.18,3.3,17.3,11.8,23.5,11.8,0.19,3.3,12.2,0.0,0.0,0.0,0.21,4.7,9.3,28.6,14.3,0.0,0.17,3.7,17.3,7.7,15.4,0.0,0.22,4.4,18.7,28.6,0.0,0.0,0.16,3.9,20.0,0.0,0.0,0.0,0.19,4.1,20.0,6.7,6.7,20.0,0.17,3.7,14.7,9.1,0.0,0.0,0.19,3.2,6.5,0.0,0.0,0.0,0.19,4.7,21.7,10.0,30.0,0.0,0.2,4.6,21.7,10.0,0.0,0.0,0.17,3.3,13.0,0.0,0.0,0.0,0.15,3.0,21.7,10.0,0.0,0.0,0.14,2.5,15.2,0.0,0.0,0.0,0.17,3.9,10.6,50.0,20.0,10.0,0.14,3.1,13.8,15.4,30.8,15.4,0.16,2.6,23.4,18.2,13.6,18.2,0.16,2.7,17.0,25.0,6.2,0.0,0.15,2.9,24.5,13.0,30.4,0.0,0.16,3.3,10.6,30.0,0.0,0.0,0.2,3.6,23.4,73.5,8.8,8.8,0.15,2.6,17.2,8.0,44.0,24.0,0.15,3.0,15.9,21.7,34.8,4.3,0.16,3.3,19.3,17.9,21.4,21.4,0.15,3.3,14.5,14.3,19.0,42.9,0.17,3.0,9.7,14.3,35.7,14.3,0.19,4.3,17.6,61.5,34.6,3.8,0.14,2.8,17.6,11.5,46.2,15.4,0.15,3.2,18.2,7.4,33.3,22.2,0.16,3.5,18.9,14.3,28.6,14.3,0.16,3.1,13.5,10.0,10.0,15.0,0.15,3.5,14.2,9.5,14.3,0.0,0.16,4.0
20260813,19,6,4034,B1,47.0,55.0,3.78,17.98,3.54,10.71,30,40.35,68,36.92,4931,A1,30.0,54.0,6.73,49.57,5.84,36.0,34,24.29,16,16.95,3562,A2,57.0,52.0,6.15,45.3,5.74,42.11,48,33.85,48,11.29,4406,B1,41.0,52.0,4.15,20.0,4.0,11.11,59,35.0,29,25.4,5041,B1,27.0,51.0,4.78,24.64,4.33,33.33,49,30.88,23,39.06,4361,A1,41.0,53.0,7.37,57.14,8.17,68.59,39,35.21,45,31.34,12.2,36.4,27.3,9.1,0.16,3.9,18.9,5.9,23.5,0.0,0.22,5.1,17.8,6.2,0.0,0.0,0.22,4.3,16.7,6.7,13.3,0.0,0.23,5.0,22.2,10.0,5.0,0.0,0.22,4.6,12.2,0.0,0.0,0.0,0.24,5.3,22.1,76.7,13.3,6.7,0.11,1.9,16.2,18.2,18.2,27.3,0.15,3.1,14.7,25.0,35.0,25.0,0.14,2.8,14.7,15.0,25.0,45.0,0.16,3.0,17.6,12.5,20.8,33.3,0.16,3.6,14.7,15.0,35.0,0.0,0.21,4.9,21.1,53.8,15.4,7.7,0.19,3.6,15.4,5.3,31.6,21.1,0.17,3.9,14.6,33.3,38.9,11.1,0.16,3.1,15.4,10.5,31.6,15.8,0.15,3.0,18.7,8.7,17.4,21.7,0.17,3.6,14.6,11.1,16.7,0.0,0.21,4.4,13.9,46.7,20.0,6.7,0.16,3.9,12.0,30.8,7.7,15.4,0.16,2.8,16.7,16.7,11.1,11.1,0.15,3.2,16.7,16.7,16.7,0.0,0.14,3.3,15.7,11.8,29.4,0.0,0.18,3.7,25.0,3.7,11.1,0.0,0.16,3.1,13.5,30.0,30.0,0.0,0.17,3.8,14.9,9.1,9.1,9.1,0.2,3.3,16.2,25.0,25.0,33.3,0.19,4.8,16.2,25.0,16.7,0.0,0.18,3.3,17.6,7.7,23.1,0.0,0.19,3.9,21.6,6.2,12.5,0.0,0.22,4.8,24.5,76.0,8.0,4.0,0.13,2.5,15.7,31.2,25.0,12.5,0.14,2.8,12.7,15.4,30.8,23.1,0.14,2.3,17.6,33.3,16.7,33.3,0.16,3.1,13.7,14.3,28.6,0.0,0.16,3.5,15.7,6.2,18.8,12.5,0.15,3.4
20260813,19,7,4172,A2,43.0,52.0,6.13,42.15,4.83,16.67,36,35.19,62,27.12,3942,A1,47.0,55.0,7.11,58.33,7.76,64.75,35,31.25,28,49.18,3901,B2,49.0,52.0,4.58,30.43,4.8,29.84,27,43.28,56,53.97,4747,B1,41.0,52.0,4.09,17.78,3.36,13.89,22,30.16,50,42.62,4251,B1,43.0,52.0,4.73,24.75,4.79,25.45,16,30.3,36,32.79,5145,A2,23.0,54.0,6.14,48.12,5.9,44.51,60,25.42,60,41.27,20.9,59.3,25.9,7.4,0.14,2.1,16.3,9.5,23.8,23.8,0.17,3.3,17.1,9.1,36.4,18.2,0.16,3.0,17.8,8.7,26.1,26.1,0.16,3.5,14.0,5.6,38.9,27.8,0.17,2.9,14.0,11.1,22.2,0.0,0.21,5.1,25.7,55.2,13.8,10.3,0.13,3.4,18.6,9.5,23.8,28.6,0.16,2.9,16.8,15.8,47.4,5.3,0.14,3.4,13.3,20.0,26.7,20.0,0.13,2.5,17.7,20.0,20.0,10.0,0.14,2.9,8.0,33.3,0.0,0.0,0.14,3.6,8.7,75.0,0.0,0.0,0.25,5.0,23.9,9.1,18.2,18.2,0.22,4.6,17.4,25.0,25.0,0.0,0.21,4.3,19.6,11.1,22.2,0.0,0.2,3.9,23.9,9.1,9.1,0.0,0.2,4.5,6.5,0.0,0.0,0.0,0.28,5.7,12.1,36.4,9.1,0.0,0.16,4.2,17.6,12.5,18.8,6.2,0.16,3.5,18.7,29.4,11.8,0.0,0.18,4.1,14.3,7.7,7.7,15.4,0.14,3.0,17.6,6.2,6.2,0.0,0.16,3.2,19.8,0.0,0.0,0.0,0.21,4.2,11.3,42.9,28.6,7.1,0.19,3.3,21.0,15.4,11.5,26.9,0.22,5.0,17.7,4.5,18.2,27.3,0.2,4.2,16.9,19.0,4.8,0.0,0.21,4.9,16.1,5.0,15.0,20.0,0.21,4.6,16.9,19.0,0.0,0.0,0.24,5.4,18.9,79.2,4.2,8.3,0.15,2.5,19.7,16.0,28.0,8.0,0.16,2.8,18.9,16.7,29.2,12.5,0.16,3.5,15.0,15.8,26.3,15.8,0.16,2.8,12.6,12.5,12.5,0.0,0.16,3.4,15.0,5.3,15.8,0.0,0.18,4.1
20260813,19,8,4842,A2,34.0,55.0,5.8,36.78,6.25,50.0,68,26.09,51,52.46,5336,B1,20.0,55.0,3.59,14.13,2.22,6.9,37,33.33,46,31.34,4980,A1,30.0,50.0,7.05,50.91,7.13,54.95,31,42.03,71,21.67,3731,B1,53.0,53.0,4.65,22.5,5.63,41.05,71,41.51,70,28.13,3989,B1,48.0,57.0,3.92,20.48,3.88,19.18,13,29.09,31,39.29,4846,B1,32.0,52.0,4.57,27.91,4.38,28.3,17,54.24,54,31.25,17.8,65.2,21.7,8.7,0.15,2.2,17.1,22.7,22.7,13.6,0.16,3.2,15.5,15.0,40.0,20.0,0.18,2.5,20.2,7.7,19.2,19.2,0.17,3.0,14.7,10.5,15.8,36.8,0.13,2.7,14.7,5.3,10.5,15.8,0.18,4.1,6.4,16.7,33.3,16.7,0.16,2.8,20.2,5.3,15.8,0.0,0.17,3.6,23.4,4.5,4.5,13.6,0.1,3.0,13.8,7.7,0.0,0.0,0.18,3.4,18.1,11.8,5.9,0.0,0.14,3.6,18.1,5.9,0.0,0.0,0.19,3.5,22.0,82.1,14.3,0.0,0.15,2.6,14.2,11.1,44.4,16.7,0.15,3.6,17.3,13.6,36.4,13.6,0.14,2.9,11.8,6.7,46.7,13.3,0.16,3.3,15.0,21.1,15.8,15.8,0.18,3.2,19.7,8.0,8.0,20.0,0.17,4.6,17.0,41.2,29.4,17.6,0.17,3.6,24.0,4.2,12.5,37.5,0.22,4.3,20.0,20.0,20.0,0.0,0.18,4.0,17.0,17.6,5.9,23.5,0.19,4.1,13.0,15.4,15.4,0.0,0.17,3.8,9.0,33.3,11.1,0.0,0.16,2.8,14.1,38.5,23.1,7.7,0.19,3.6,18.5,5.9,5.9,11.8,0.19,4.4,14.1,15.4,7.7,0.0,0.2,4.8,22.8,4.8,4.8,23.8,0.19,4.7,12.0,9.1,9.1,0.0,0.21,4.6,18.5,5.9,0.0,0.0,0.26,5.4,12.1,33.3,8.3,33.3,0.15,2.9,18.2,33.3,11.1,0.0,0.14,2.9,20.2,15.0,25.0,0.0,0.16,3.4,20.2,10.0,5.0,10.0,0.14,3.0,16.2,18.8,12.5,0.0,0.21,3.9,13.1,7.7,0.0,0.0,0.21,4.6
20260813,19,9,5106,A2,27.0,52.0,5.54,33.33,5.3,33.66,38,42.03,15,28.36,4567,B1,38.0,50.0,4.51,18.18,4.26,18.82,53,30.43,57,41.27,3539,B1,58.0,52.0,4.59,26.21,3.91,24.29,29,31.88,30,22.58,4981,B1,30.0,52.0,5.1,22.5,4.18,22.73,62,46.67,26,17.24,3930,A2,50.0,56.0,5.02,24.73,5.77,42.86,42,34.29,47,29.03,4064,A1,46.0,51.0,6.32,44.62,6.59,48.08,18,56.9,41,39.68,17.2,53.3,20.0,13.3,0.17,4.3,18.4,6.2,31.2,6.2,0.21,4.6,17.2,13.3,33.3,0.0,0.18,3.1,14.9,23.1,23.1,23.1,0.16,3.3,19.5,17.6,23.5,0.0,0.22,3.9,12.6,18.2,0.0,0.0,0.21,4.9,17.1,21.4,28.6,14.3,0.2,3.6,15.9,7.7,15.4,7.7,0.25,5.0,18.3,6.7,26.7,0.0,0.21,5.1,22.0,11.1,22.2,0.0,0.25,5.2,13.4,18.2,0.0,0.0,0.24,5.5,13.4,9.1,27.3,0.0,0.26,5.5,14.5,25.0,18.8,18.8,0.16,2.9,18.2,5.0,20.0,15.0,0.18,3.7,22.7,20.0,8.0,0.0,0.18,4.2,22.7,8.0,4.0,20.0,0.2,4.0,14.5,12.5,0.0,0.0,0.18,4.5,7.3,0.0,0.0,0.0,0.24,5.3,12.6,45.5,9.1,0.0,0.2,4.2,13.8,25.0,41.7,0.0,0.16,3.5,18.4,6.2,25.0,43.8,0.16,3.5,19.5,5.9,5.9,35.3,0.17,4.1,18.4,6.2,37.5,12.5,0.18,4.1,17.2,13.3,0.0,0.0,0.2,4.9,16.7,64.7,23.5,5.9,0.14,2.5,15.7,6.2,37.5,18.8,0.16,2.8,17.6,5.6,22.2,33.3,0.15,2.7,18.6,15.8,10.5,36.8,0.16,2.8,17.6,16.7,5.6,0.0,0.18,3.3,13.7,7.1,14.3,0.0,0.2,4.1,23.0,82.1,7.1,3.6,0.14,2.6,13.1,12.5,31.2,25.0,0.14,3.1,20.5,40.0,28.0,0.0,0.18,3.4,15.6,15.8,15.8,36.8,0.16,3.4,13.1,6.2,43.8,0.0,0.19,3.6,14.8,16.7,27.8,0.0,0.22,4.7
20260813,19,10,4475,A1,38.0,54.0,5.67,33.33,6.25,42.59,46,46.77,27,28.79,3581,B1,53.0,53.0,5.42,31.86,5.15,29.51,40,40.35,11,33.33,4264,A1,41.0,53.0,6.7,52.78,6.92,51.26,55,36.36,17,33.87,4023,B1,48.0,53.0,3.95,19.05,4.65,23.08,57,46.27,22,34.92,5064,A1,28.0,52.0,6.67,52.94,5.65,38.26,11,45.16,24,31.15,4931,A1,30.0,54.0,6.73,49.57,5.84,36.0,34,24.29,16,16.95,21.3,74.1,14.8,7.4,0.15,2.3,16.5,33.3,38.1,0.0,0.17,3.4,18.9,20.8,33.3,16.7,0.14,2.1,17.3,18.2,18.2,36.4,0.15,2.7,12.6,18.8,37.5,0.0,0.16,3.5,13.4,11.8,23.5,0.0,0.19,4.1,15.7,29.4,17.6,23.5,0.17,3.9,16.7,5.6,11.1,27.8,0.19,4.3,18.5,10.0,15.0,0.0,0.22,3.8,18.5,10.0,10.0,15.0,0.18,4.0,19.4,9.5,19.0,0.0,0.19,4.0,11.1,0.0,0.0,0.0,0.2,4.2,23.4,73.5,8.8,8.8,0.15,2.6,17.2,8.0,44.0,24.0,0.15,3.0,15.9,21.7,34.8,4.3,0.16,3.3,19.3,17.9,21.4,21.4,0.15,3.3,14.5,14.3,19.0,42.9,0.17,3.0,9.7,14.3,35.7,14.3,0.19,4.3,12.0,45.5,18.2,18.2,0.19,3.5,21.7,20.0,15.0,0.0,0.18,3.6,15.2,7.1,14.3,28.6,0.16,3.2,16.3,13.3,0.0,0.0,0.15,3.9,20.7,5.3,15.8,10.5,0.19,3.3,14.1,0.0,0.0,0.0,0.17,4.5,17.8,66.7,19.0,14.3,0.17,3.2,17.8,9.5,38.1,28.6,0.16,3.8,16.1,26.3,21.1,10.5,0.16,3.0,18.6,13.6,27.3,18.2,0.16,3.2,16.1,10.5,26.3,10.5,0.16,4.2,13.6,12.5,6.2,12.5,0.18,3.6,22.1,76.7,13.3,6.7,0.11,1.9,16.2,18.2,18.2,27.3,0.15,3.1,14.7,25.0,35.0,25.0,0.14,2.8,14.7,15.0,25.0,45.0,0.16,3.0,17.6,12.5,20.8,33.3,0.16,3.6,14.7,15.0,35.0,0.0,0.21,4.9
20260813,19,11,3961,A1,47.0,54.0,6.55,46.77,7.05,57.02,12,37.93,42,29.85,5145,A2,23.0,54.0,6.14,48.12,5.9,44.51,60,25.42,60,41.27,3680,B1,53.0,54.0,4.36,21.5,4.82,28.95,73,28.36,67,43.94,4057,A2,47.0,52.0,5.93,41.32,5.39,32.14,69,38.81,53,32.81,3442,B1,56.0,54.0,3.99,15.71,5.77,35.48,67,44.26,35,25.0,4179,A2,43.0,52.0,5.48,32.08,5.26,31.88,32,25.0,55,41.54,21.5,80.0,10.0,5.0,0.17,2.7,17.2,25.0,25.0,12.5,0.15,3.9,14.0,15.4,7.7,38.5,0.18,4.4,11.8,45.5,27.3,0.0,0.16,3.5,17.2,25.0,31.2,0.0,0.17,3.4,18.3,5.9,11.8,41.2,0.17,3.8,18.9,79.2,4.2,8.3,0.15,2.5,19.7,16.0,28.0,8.0,0.16,2.8,18.9,16.7,29.2,12.5,0.16,3.5,15.0,15.8,26.3,15.8,0.16,2.8,12.6,12.5,12.5,0.0,0.16,3.4,15.0,5.3,15.8,0.0,0.18,4.1,14.1,7.1,35.7,14.3,0.24,3.9,17.2,29.4,5.9,0.0,0.23,4.9,19.2,26.3,10.5,15.8,0.19,3.9,19.2,10.5,5.3,15.8,0.18,3.9,15.2,6.7,13.3,13.3,0.22,4.8,15.2,6.7,0.0,0.0,0.26,4.9,17.6,61.5,34.6,3.8,0.14,2.8,17.6,11.5,46.2,15.4,0.15,3.2,18.2,7.4,33.3,22.2,0.16,3.5,18.9,14.3,28.6,14.3,0.16,3.1,13.5,10.0,10.0,15.0,0.15,3.5,14.2,9.5,14.3,0.0,0.16,4.0,12.2,44.4,22.2,22.2,0.18,4.1,16.2,25.0,25.0,0.0,0.17,2.8,18.9,7.1,14.3,50.0,0.18,2.7,18.9,7.1,21.4,28.6,0.15,3.1,18.9,7.1,28.6,0.0,0.14,3.6,14.9,27.3,0.0,0.0,0.17,3.5,19.5,59.1,13.6,18.2,0.14,2.6,15.0,17.6,23.5,23.5,0.16,3.7,17.7,15.0,25.0,15.0,0.14,2.4,15.9,16.7,27.8,0.0,0.15,2.7,17.7,5.0,25.0,40.0,0.17,2.7,14.2,6.2,25.0,0.0,0.18,4.5
20260813,19,12,3942,A1,47.0,55.0,7.11,58.33,7.76,64.75,35,31.25,28,49.18,3562,A2,57.0,52.0,6.15,45.3,5.74,42.11,48,33.85,48,11.29,3661,A2,56.0,58.0,4.58,23.66,5.76,36.51,33,34.29,37,26.98,4356,A2,42.0,52.0,5.68,40.74,6.2,48.15,63,39.71,64,37.88,4842,A2,34.0,55.0,5.8,36.78,6.25,50.0,68,26.09,51,52.46,4852,A1,31.0,51.0,7.31,58.27,5.68,32.43,47,33.82,32,26.15,25.7,55.2,13.8,10.3,0.13,3.4,18.6,9.5,23.8,28.6,0.16,2.9,16.8,15.8,47.4,5.3,0.14,3.4,13.3,20.0,26.7,20.0,0.13,2.5,17.7,20.0,20.0,10.0,0.14,2.9,8.0,33.3,0.0,0.0,0.14,3.6,21.1,53.8,15.4,7.7,0.19,3.6,15.4,5.3,31.6,21.1,0.17,3.9,14.6,33.3,38.9,11.1,0.16,3.1,15.4,10.5,31.6,15.8,0.15,3.0,18.7,8.7,17.4,21.7,0.17,3.6,14.6,11.1,16.7,0.0,0.21,4.4,19.4,37.5,25.0,20.8,0.16,3.0,21.0,15.4,7.7,30.8,0.2,4.0,16.9,9.5,23.8,28.6,0.17,3.0,15.3,21.1,10.5,31.6,0.18,3.5,9.7,8.3,16.7,0.0,0.17,3.0,17.7,13.6,27.3,0.0,0.2,4.3,23.5,69.6,21.7,0.0,0.16,3.0,14.3,14.3,35.7,21.4,0.14,2.9,12.2,16.7,16.7,25.0,0.17,3.3,20.4,15.0,15.0,15.0,0.18,3.3,17.3,11.8,23.5,11.8,0.19,3.3,12.2,0.0,0.0,0.0,0.21,4.7,17.8,65.2,21.7,8.7,0.15,2.2,17.1,22.7,22.7,13.6,0.16,3.2,15.5,15.0,40.0,20.0,0.18,2.5,20.2,7.7,19.2,19.2,0.17,3.0,14.7,10.5,15.8,36.8,0.13,2.7,14.7,5.3,10.5,15.8,0.18,4.1,22.6,83.9,6.5,6.5,0.15,3.2,13.9,42.1,15.8,26.3,0.14,2.9,19.0,19.2,46.2,11.5,0.14,2.7,14.6,20.0,25.0,20.0,0.12,2.3,14.6,20.0,5.0,35.0,0.15,3.3,15.3,4.8,9.5,47.6,0.17,3.8
20260813,16,1,4562,B1,38.0,55.0,4.94,28.71,4.62,23.53,45,30.17,74,36.09,3357,B1,57.0,48.0,4.08,16.28,4.2,22.64,13,33.71,62,34.36,4277,B1,43.0,52.0,4.69,29.49,4.78,29.41,41,32.39,50,36.84,4683,B2,35.0,47.0,3.47,19.61,5.0,37.5,31,37.7,75,35.62,4533,B1,37.0,51.0,4.34,20.75,4.95,33.77,11,32.97,51,32.73,5447,B2,24.0,50.0,1.06,0.0,1.14,0.0,26,34.62,22,32.56,14.4,12.5,18.8,31.2,0.16,3.8,17.1,10.5,26.3,0.0,0.21,4.6,16.2,11.1,16.7,0.0,0.19,3.9,17.1,5.3,10.5,21.1,0.19,3.9,18.9,9.5,4.8,23.8,0.18,3.8,16.2,11.1,0.0,0.0,0.23,4.6,15.5,31.2,31.2,12.5,0.21,3.7,18.4,21.1,31.6,0.0,0.19,3.7,15.5,6.2,31.2,0.0,0.18,3.8,19.4,25.0,0.0,0.0,0.17,3.7,18.4,5.3,5.3,0.0,0.21,4.2,12.6,0.0,0.0,0.0,0.21,5.4,17.1,53.8,23.1,7.7,0.15,2.5,13.2,10.0,30.0,20.0,0.16,4.1,11.8,11.1,22.2,11.1,0.17,2.7,18.4,7.1,14.3,7.1,0.19,3.2,15.8,25.0,8.3,0.0,0.17,3.1,23.7,16.7,5.6,5.6,0.14,2.6,0.0,0.0,0.0,0.0,0.0,0.0,0.0,0.0,0.0,0.0,0.0,0.0,8.7,25.0,25.0,0.0,0.15,2.5,6.5,0.0,0.0,0.0,0.24,5.7,21.7,50.0,0.0,0.0,0.13,2.4,63.0,10.3,13.8,6.9,0.12,2.8,13.8,53.8,0.0,0.0,0.17,3.1,12.8,8.3,16.7,16.7,0.22,4.1,19.1,5.6,11.1,27.8,0.19,3.4,20.2,10.5,26.3,36.8,0.16,3.6,16.0,6.7,20.0,0.0,0.17,4.3,18.1,11.8,17.6,0.0,0.2,4.3,0.0,0.0,0.0,0.0,0.0,0.0,0.0,0.0,0.0,0.0,0.0,0.0,0.0,0.0,0.0,0.0,0.0,0.0,0.0,0.0,0.0,0.0,0.0,0.0,0.0,0.0,0.0,0.0,0.0,0.0,0.0,0.0,0.0,0.0,0.0,0.0
20260813,16,2,4853,B1,31.0,45.0,4.92,22.67,4.1,22.62,29,30.51,29,35.98,3949,B1,50.0,57.0,4.13,22.06,4.14,16.67,33,23.98,40,32.32,4202,B1,44.0,55.0,4.28,21.05,4.76,28.1,16,38.42,52,34.76,5317,B1,25.0,46.0,4.66,21.15,3.55,13.33,58,36.2,57,32.16,4097,B1,44.0,57.0,3.56,13.7,3.43,14.29,27,38.01,72,32.12,4089,A2,45.0,55.0,6.17,41.75,6.45,41.22,53,33.9,59,30.81,13.3,30.0,10.0,20.0,0.13,3.2,16.0,8.3,25.0,0.0,0.21,3.8,20.0,20.0,26.7,13.3,0.2,4.4,13.3,10.0,20.0,0.0,0.23,4.3,18.7,7.1,14.3,0.0,0.26,5.5,18.7,0.0,0.0,0.0,0.25,4.8,13.8,9.1,18.2,0.0,0.2,5.1,15.0,25.0,16.7,0.0,0.17,3.7,17.5,7.1,14.3,21.4,0.19,3.2,16.2,23.1,0.0,0.0,0.17,3.6,26.2,14.3,9.5,0.0,0.17,3.8,11.2,0.0,0.0,0.0,0.23,5.0,16.0,66.7,13.3,0.0,0.15,2.9,16.0,6.7,26.7,0.0,0.17,3.5,20.2,26.3,10.5,0.0,0.17,3.9,13.8,7.7,38.5,15.4,0.19,3.6,16.0,6.7,20.0,0.0,0.2,4.5,18.1,5.9,5.9,0.0,0.23,5.5,12.2,28.6,28.6,21.4,0.17,2.7,16.5,5.3,21.1,21.1,0.16,3.5,17.4,30.0,35.0,0.0,0.15,3.2,22.6,3.8,11.5,30.8,0.17,3.7,18.3,9.5,14.3,0.0,0.17,3.2,13.0,6.7,13.3,0.0,0.18,4.2,8.8,14.3,14.3,28.6,0.16,3.7,17.5,14.3,14.3,0.0,0.2,4.1,22.5,16.7,11.1,0.0,0.22,4.7,12.5,10.0,20.0,0.0,0.23,4.5,21.2,5.9,11.8,0.0,0.24,4.6,17.5,21.4,0.0,0.0,0.25,5.6,19.3,66.7,14.8,7.4,0.15,3.0,15.0,9.5,28.6,28.6,0.15,3.0,17.1,16.7,25.0,16.7,0.15,3.1,17.9,8.0,12.0,36.0,0.17,3.5,14.3,15.0,45.0,0.0,0.19,3.8,16.4,8.7,17.4,0.0,0.17,4.0
20260813,16,3,3787,B1,54.0,52.0,3.51,11.94,4.58,26.09,12,41.53,19,37.87,5111,A2,26.0,51.0,6.0,46.43,5.4,33.06,23,31.52,58,34.76,4214,B1,42.0,57.0,5.56,34.29,5.8,38.73,39,37.43,70,34.13,5109,B1,27.0,52.0,4.98,30.36,4.49,21.05,24,30.9,47,33.13,4173,B1,43.0,56.0,5.41,35.64,5.45,46.81,36,35.03,18,31.25,5374,B1,23.0,50.0,2.86,6.94,2.83,8.62,65,36.22,43,36.9,13.8,36.4,18.2,0.0,0.19,4.5,17.5,42.9,0.0,0.0,0.18,4.1,21.2,23.5,17.6,0.0,0.21,4.7,15.0,8.3,8.3,0.0,0.19,4.1,18.8,6.7,13.3,0.0,0.19,4.1,13.8,9.1,0.0,0.0,0.24,5.1,14.7,71.4,14.3,0.0,0.19,3.8,17.9,29.4,17.6,17.6,0.13,2.7,17.9,5.9,29.4,23.5,0.19,3.2,17.9,23.5,23.5,23.5,0.12,2.4,14.7,14.3,14.3,0.0,0.14,3.1,16.8,12.5,6.2,0.0,0.16,3.3,21.5,52.2,26.1,8.7,0.15,3.0,13.1,14.3,28.6,21.4,0.19,3.9,15.0,6.2,6.2,25.0,0.15,3.1,16.8,11.1,16.7,33.3,0.16,2.9,17.8,5.3,5.3,21.1,0.16,3.1,15.9,11.8,17.6,0.0,0.17,4.2,12.4,50.0,21.4,14.3,0.13,2.8,18.6,9.5,28.6,19.0,0.17,3.2,19.5,13.6,13.6,22.7,0.14,3.0,16.8,10.5,21.1,15.8,0.12,2.4,16.8,5.3,5.3,21.1,0.13,2.4,15.9,5.6,11.1,0.0,0.16,3.1,15.7,50.0,25.0,0.0,0.17,3.9,19.6,15.0,25.0,10.0,0.16,4.0,16.7,11.8,23.5,17.6,0.19,3.7,18.6,10.5,21.1,10.5,0.18,4.3,17.6,16.7,27.8,0.0,0.17,3.5,11.8,16.7,16.7,0.0,0.14,3.0,0.0,0.0,0.0,0.0,0.0,0.0,0.0,0.0,0.0,0.0,0.0,0.0,0.0,0.0,0.0,0.0,0.0,0.0,28.9,4.2,12.5,0.0,0.17,3.3,27.7,8.7,8.7,0.0,0.1,2.4,43.4,2.8,5.6,0.0,0.18,3.4
20260813,16,4,3935,B1,48.0,55.0,5.35,36.59,5.16,29.89,59,27.37,45,36.36,4054,B1,48.0,53.0,4.73,28.09,4.47,24.14,55,50.84,23,34.73,5181,B1,28.0,52.0,5.15,34.33,4.91,31.45,42,29.44,44,31.58,4909,B1,30.0,44.0,4.94,34.15,5.84,43.1,50,38.33,24,30.99,4584,A1,36.0,52.0,6.38,41.3,6.99,54.0,18,30.98,15,41.82,4537,A1,36.0,50.0,7.34,54.1,6.62,44.76,49,38.98,14,31.52,11.1,62.5,12.5,12.5,0.14,2.6,22.2,37.5,18.8,0.0,0.16,3.9,13.9,10.0,30.0,30.0,0.15,2.9,13.9,10.0,20.0,30.0,0.17,3.2,15.3,18.2,0.0,0.0,0.15,3.2,23.6,11.8,17.6,0.0,0.2,4.6,15.1,37.5,12.5,0.0,0.17,3.1,14.2,33.3,6.7,0.0,0.13,2.9,18.9,10.0,35.0,20.0,0.18,2.9,16.0,5.9,17.6,23.5,0.14,3.2,17.0,38.9,11.1,0.0,0.15,2.9,18.9,10.0,5.0,0.0,0.17,3.3,15.0,53.3,20.0,0.0,0.15,3.0,18.0,33.3,16.7,0.0,0.2,3.6,18.0,5.6,11.1,27.8,0.15,3.2,14.0,7.1,14.3,28.6,0.13,2.9,20.0,5.0,15.0,20.0,0.16,3.1,15.0,13.3,33.3,0.0,0.19,4.1,15.5,56.2,18.8,12.5,0.15,2.1,23.3,12.5,20.8,16.7,0.18,3.7,14.6,20.0,6.7,13.3,0.12,2.6,14.6,6.7,13.3,6.7,0.21,3.8,17.5,5.6,11.1,16.7,0.13,2.4,14.6,6.7,13.3,0.0,0.17,3.3,23.9,57.7,23.1,7.7,0.1,2.0,13.8,13.3,33.3,20.0,0.14,2.7,11.9,30.8,38.5,0.0,0.12,2.1,16.5,5.6,22.2,38.9,0.1,2.8,19.3,4.8,28.6,28.6,0.12,2.2,14.7,25.0,25.0,0.0,0.12,2.4,20.6,74.1,18.5,3.7,0.15,2.8,19.8,34.6,26.9,3.8,0.14,2.9,13.0,11.8,23.5,23.5,0.15,3.1,18.3,16.7,12.5,20.8,0.12,2.4,16.8,13.6,22.7,22.7,0.15,2.9,11.5,6.7,33.3,0.0,0.19,3.9
20260813,16,5,3982,B1,48.0,57.0,4.0,19.75,4.24,21.67,64,32.0,48,31.14,5165,B1,26.0,47.0,3.7,14.81,4.46,24.58,22,33.88,49,50.63,4410,B1,40.0,52.0,4.27,21.36,4.91,31.31,19,37.5,33,38.79,4713,A1,35.0,54.0,6.64,47.06,6.9,51.18,69,35.96,65,34.55,3357,B1,57.0,48.0,4.08,16.28,4.2,22.64,13,33.71,62,34.36,3933,B1,50.0,53.0,5.97,45.71,5.63,42.41,67,33.52,71,43.75,14.9,21.4,21.4,14.3,0.19,3.9,17.0,18.8,18.8,0.0,0.16,3.1,20.2,5.3,5.3,15.8,0.19,4.3,18.1,5.9,23.5,0.0,0.16,3.1,18.1,11.8,0.0,0.0,0.19,3.8,11.7,0.0,0.0,0.0,0.18,4.1,15.1,37.5,18.8,0.0,0.15,2.5,17.0,16.7,11.1,11.1,0.16,2.9,17.0,5.6,16.7,16.7,0.18,2.7,14.2,6.7,6.7,33.3,0.16,3.9,20.8,4.5,13.6,9.1,0.17,3.3,16.0,5.9,11.8,0.0,0.17,3.5,17.7,40.0,10.0,25.0,0.17,2.8,19.5,27.3,27.3,0.0,0.16,3.4,16.8,15.8,15.8,21.1,0.15,3.3,18.6,19.0,14.3,9.5,0.13,2.8,16.8,21.1,21.1,0.0,0.19,3.8,10.6,16.7,25.0,0.0,0.17,2.8,22.2,80.6,8.3,8.3,0.12,2.0,13.6,18.2,27.3,18.2,0.15,3.1,17.3,17.9,21.4,32.1,0.13,2.6,14.2,17.4,30.4,39.1,0.13,2.7,18.5,13.3,16.7,20.0,0.14,2.6,14.2,21.7,21.7,0.0,0.15,3.1,15.5,31.2,31.2,12.5,0.21,3.7,18.4,21.1,31.6,0.0,0.19,3.7,15.5,6.2,31.2,0.0,0.18,3.8,19.4,25.0,0.0,0.0,0.17,3.7,18.4,5.3,5.3,0.0,0.21,4.2,12.6,0.0,0.0,0.0,0.21,5.4,14.0,33.3,20.0,13.3,0.17,4.1,43.9,12.8,27.7,6.4,0.17,3.6,31.8,23.5,23.5,0.0,0.18,3.3,9.3,40.0,0.0,0.0,0.17,4.5,0.9,0.0,0.0,0.0,0.24,2.0,0.0,0.0,0.0,0.0,0.0,0.0
20260813,16,6,3158,A2,61.0,54.0,6.34,45.65,5.45,37.93,57,36.46,54,40.24,4782,B1,39.0,52.0,4.28,17.11,5.55,33.75,44,39.43,61,30.81,4441,A2,39.0,53.0,5.57,31.3,6.37,43.38,62,38.33,38,42.35,4277,B1,43.0,52.0,4.69,29.49,4.78,29.41,41,32.39,50,36.84,5447,B2,24.0,50.0,1.06,0.0,1.14,0.0,26,34.62,22,32.56,4853,B1,31.0,45.0,4.92,22.67,4.1,22.62,29,30.51,29,35.98,21.2,59.1,27.3,9.1,0.14,2.8,12.5,7.7,23.1,15.4,0.16,3.2,18.3,5.3,26.3,21.1,0.15,3.1,19.2,10.0,25.0,25.0,0.13,2.2,15.4,6.2,12.5,25.0,0.15,2.9,13.5,7.1,7.1,0.0,0.17,3.6,16.2,41.7,25.0,0.0,0.19,3.7,14.9,36.4,9.1,0.0,0.15,3.2,17.6,7.7,15.4,30.8,0.14,3.2,18.9,7.1,14.3,0.0,0.2,3.4,20.3,13.3,0.0,0.0,0.2,4.2,12.2,11.1,0.0,0.0,0.2,4.4,20.6,48.1,29.6,7.4,0.12,2.4,14.5,42.1,26.3,15.8,0.12,2.5,18.3,20.8,20.8,33.3,0.16,2.8,17.6,13.0,47.8,0.0,0.13,3.3,14.5,15.8,10.5,10.5,0.16,2.7,14.5,5.3,10.5,36.8,0.14,3.3,17.1,53.8,23.1,7.7,0.15,2.5,13.2,10.0,30.0,20.0,0.16,4.1,11.8,11.1,22.2,11.1,0.17,2.7,18.4,7.1,14.3,7.1,0.19,3.2,15.8,25.0,8.3,0.0,0.17,3.1,23.7,16.7,5.6,5.6,0.14,2.6,0.0,0.0,0.0,0.0,0.0,0.0,0.0,0.0,0.0,0.0,0.0,0.0,0.0,0.0,0.0,0.0,0.0,0.0,0.0,0.0,0.0,0.0,0.0,0.0,0.0,0.0,0.0,0.0,0.0,0.0,0.0,0.0,0.0,0.0,0.0,0.0,13.3,30.0,10.0,20.0,0.13,3.2,16.0,8.3,25.0,0.0,0.21,3.8,20.0,20.0,26.7,13.3,0.2,4.4,13.3,10.0,20.0,0.0,0.23,4.3,18.7,7.1,14.3,0.0,0.26,5.5,18.7,0.0,0.0,0.0,0.25,4.8
20260813,16,7,4166,A1,44.0,53.0,7.91,60.87,7.68,67.19,61,34.08,42,35.37,5317,B1,25.0,46.0,4.66,21.15,3.55,13.33,58,36.2,57,32.16,4683,B2,35.0,47.0,3.47,19.61,5.0,37.5,31,37.7,75,35.62,3787,B1,54.0,52.0,3.51,11.94,4.58,26.09,12,41.53,19,37.87,5374,B1,23.0,50.0,2.86,6.94,2.83,8.62,65,36.22,43,36.9,4635,A2,36.0,52.0,5.77,41.1,5.24,34.69,38,34.95,13,31.17,21.4,75.0,21.4,3.6,0.13,2.4,16.0,19.0,28.6,19.0,0.14,3.0,13.7,11.1,38.9,16.7,0.12,2.9,16.8,13.6,18.2,31.8,0.12,2.7,17.6,8.7,4.3,17.4,0.11,2.7,14.5,5.3,5.3,31.6,0.13,3.1,12.2,28.6,28.6,21.4,0.17,2.7,16.5,5.3,21.1,21.1,0.16,3.5,17.4,30.0,35.0,0.0,0.15,3.2,22.6,3.8,11.5,30.8,0.17,3.7,18.3,9.5,14.3,0.0,0.17,3.2,13.0,6.7,13.3,0.0,0.18,4.2,0.0,0.0,0.0,0.0,0.0,0.0,0.0,0.0,0.0,0.0,0.0,0.0,8.7,25.0,25.0,0.0,0.15,2.5,6.5,0.0,0.0,0.0,0.24,5.7,21.7,50.0,0.0,0.0,0.13,2.4,63.0,10.3,13.8,6.9,0.12,2.8,13.8,36.4,18.2,0.0,0.19,4.5,17.5,42.9,0.0,0.0,0.18,4.1,21.2,23.5,17.6,0.0,0.21,4.7,15.0,8.3,8.3,0.0,0.19,4.1,18.8,6.7,13.3,0.0,0.19,4.1,13.8,9.1,0.0,0.0,0.24,5.1,0.0,0.0,0.0,0.0,0.0,0.0,0.0,0.0,0.0,0.0,0.0,0.0,0.0,0.0,0.0,0.0,0.0,0.0,28.9,4.2,12.5,0.0,0.17,3.3,27.7,8.7,8.7,0.0,0.1,2.4,43.4,2.8,5.6,0.0,0.18,3.4,14.1,66.7,8.3,8.3,0.15,2.8,18.8,12.5,18.8,12.5,0.11,2.2,18.8,25.0,43.8,6.2,0.13,2.1,16.5,35.7,21.4,0.0,0.12,2.1,18.8,25.0,6.2,0.0,0.12,2.1,12.9,9.1,18.2,0.0,0.14,3.0
20260813,16,8,3746,A2,51.0,52.0,5.68,35.59,6.03,44.51,68,32.77,26,37.42,4214,B1,42.0,57.0,5.56,34.29,5.8,38.73,39,37.43,70,34.13,4909,B1,30.0,44.0,4.94,34.15,5.84,43.1,50,38.33,24,30.99,4562,B1,38.0,55.0,4.94,28.71,4.62,23.53,45,30.17,74,36.09,3949,B1,50.0,57.0,4.13,22.06,4.14,16.67,33,23.98,40,32.32,5058,A1,29.0,52.0,6.58,44.53,6.47,46.34,17,37.99,64,37.89,20.7,63.3,20.0,3.3,0.15,3.3,14.5,9.5,23.8,38.1,0.18,3.3,17.9,3.8,30.8,23.1,0.16,3.4,18.6,7.4,22.2,14.8,0.2,4.2,15.2,13.6,31.8,0.0,0.18,4.3,13.1,10.5,21.1,0.0,0.21,4.8,21.5,52.2,26.1,8.7,0.15,3.0,13.1,14.3,28.6,21.4,0.19,3.9,15.0,6.2,6.2,25.0,0.15,3.1,16.8,11.1,16.7,33.3,0.16,2.9,17.8,5.3,5.3,21.1,0.16,3.1,15.9,11.8,17.6,0.0,0.17,4.2,15.5,56.2,18.8,12.5,0.15,2.1,23.3,12.5,20.8,16.7,0.18,3.7,14.6,20.0,6.7,13.3,0.12,2.6,14.6,6.7,13.3,6.7,0.21,3.8,17.5,5.6,11.1,16.7,0.13,2.4,14.6,6.7,13.3,0.0,0.17,3.3,14.4,12.5,18.8,31.2,0.16,3.8,17.1,10.5,26.3,0.0,0.21,4.6,16.2,11.1,16.7,0.0,0.19,3.9,17.1,5.3,10.5,21.1,0.19,3.9,18.9,9.5,4.8,23.8,0.18,3.8,16.2,11.1,0.0,0.0,0.23,4.6,13.8,9.1,18.2,0.0,0.2,5.1,15.0,25.0,16.7,0.0,0.17,3.7,17.5,7.1,14.3,21.4,0.19,3.2,16.2,23.1,0.0,0.0,0.17,3.6,26.2,14.3,9.5,0.0,0.17,3.8,11.2,0.0,0.0,0.0,0.23,5.0,20.5,91.7,0.0,0.0,0.14,2.3,20.5,29.2,37.5,16.7,0.18,3.5,17.1,35.0,25.0,15.0,0.16,2.9,10.3,25.0,16.7,33.3,0.17,3.0,17.9,19.0,9.5,28.6,0.16,3.7,13.7,6.2,12.5,43.8,0.21,4.6
20260813,16,9,3874,A2,50.0,52.0,6.96,50.85,6.45,47.24,63,32.61,31,38.18,4097,B1,44.0,57.0,3.56,13.7,3.43,14.29,27,38.01,72,32.12,5109,B1,27.0,52.0,4.98,30.36,4.49,21.05,24,30.9,47,33.13,4533,B1,37.0,51.0,4.34,20.75,4.95,33.77,11,32.97,51,32.73,4054,B1,48.0,53.0,4.73,28.09,4.47,24.14,55,50.84,23,34.73,4713,A1,35.0,54.0,6.64,47.06,6.9,51.18,69,35.96,65,34.55,20.8,64.0,24.0,8.0,0.17,3.0,15.0,16.7,27.8,5.6,0.16,3.4,18.3,18.2,13.6,22.7,0.16,3.3,16.7,20.0,15.0,35.0,0.17,3.1,12.5,13.3,13.3,26.7,0.18,3.8,16.7,5.0,15.0,15.0,0.2,4.2,8.8,14.3,14.3,28.6,0.16,3.7,17.5,14.3,14.3,0.0,0.2,4.1,22.5,16.7,11.1,0.0,0.22,4.7,12.5,10.0,20.0,0.0,0.23,4.5,21.2,5.9,11.8,0.0,0.24,4.6,17.5,21.4,0.0,0.0,0.25,5.6,12.4,50.0,21.4,14.3,0.13,2.8,18.6,9.5,28.6,19.0,0.17,3.2,19.5,13.6,13.6,22.7,0.14,3.0,16.8,10.5,21.1,15.8,0.12,2.4,16.8,5.3,5.3,21.1,0.13,2.4,15.9,5.6,11.1,0.0,0.16,3.1,13.8,53.8,0.0,0.0,0.17,3.1,12.8,8.3,16.7,16.7,0.22,4.1,19.1,5.6,11.1,27.8,0.19,3.4,20.2,10.5,26.3,36.8,0.16,3.6,16.0,6.7,20.0,0.0,0.17,4.3,18.1,11.8,17.6,0.0,0.2,4.3,15.1,37.5,12.5,0.0,0.17,3.1,14.2,33.3,6.7,0.0,0.13,2.9,18.9,10.0,35.0,20.0,0.18,2.9,16.0,5.9,17.6,23.5,0.14,3.2,17.0,38.9,11.1,0.0,0.15,2.9,18.9,10.0,5.0,0.0,0.17,3.3,22.2,80.6,8.3,8.3,0.12,2.0,13.6,18.2,27.3,18.2,0.15,3.1,17.3,17.9,21.4,32.1,0.13,2.6,14.2,17.4,30.4,39.1,0.13,2.7,18.5,13.3,16.7,20.0,0.14,2.6,14.2,21.7,21.7,0.0,0.15,3.1
20260813,16,10,4089,A2,45.0,55.0,6.17,41.75,6.45,41.22,53,33.9,59,30.81,4173,B1,43.0,56.0,5.41,35.64,5.45,46.81,36,35.03,18,31.25,4782,B1,39.0,52.0,4.28,17.11,5.55,33.75,44,39.43,61,30.81,5165,B1,26.0,47.0,3.7,14.81,4.46,24.58,22,33.88,49,50.63,3935,B1,48.0,55.0,5.35,36.59,5.16,29.89,59,27.37,45,36.36,4410,B1,40.0,52.0,4.27,21.36,4.91,31.31,19,37.5,33,38.79,19.3,66.7,14.8,7.4,0.15,3.0,15.0,9.5,28.6,28.6,0.15,3.0,17.1,16.7,25.0,16.7,0.15,3.1,17.9,8.0,12.0,36.0,0.17,3.5,14.3,15.0,45.0,0.0,0.19,3.8,16.4,8.7,17.4,0.0,0.17,4.0,15.7,50.0,25.0,0.0,0.17,3.9,19.6,15.0,25.0,10.0,0.16,4.0,16.7,11.8,23.5,17.6,0.19,3.7,18.6,10.5,21.1,10.5,0.18,4.3,17.6,16.7,27.8,0.0,0.17,3.5,11.8,16.7,16.7,0.0,0.14,3.0,16.2,41.7,25.0,0.0,0.19,3.7,14.9,36.4,9.1,0.0,0.15,3.2,17.6,7.7,15.4,30.8,0.14,3.2,18.9,7.1,14.3,0.0,0.2,3.4,20.3,13.3,0.0,0.0,0.2,4.2,12.2,11.1,0.0,0.0,0.2,4.4,15.1,37.5,18.8,0.0,0.15,2.5,17.0,16.7,11.1,11.1,0.16,2.9,17.0,5.6,16.7,16.7,0.18,2.7,14.2,6.7,6.7,33.3,0.16,3.9,20.8,4.5,13.6,9.1,0.17,3.3,16.0,5.9,11.8,0.0,0.17,3.5,11.1,62.5,12.5,12.5,0.14,2.6,22.2,37.5,18.8,0.0,0.16,3.9,13.9,10.0,30.0,30.0,0.15,2.9,13.9,10.0,20.0,30.0,0.17,3.2,15.3,18.2,0.0,0.0,0.15,3.2,23.6,11.8,17.6,0.0,0.2,4.6,17.7,40.0,10.0,25.0,0.17,2.8,19.5,27.3,27.3,0.0,0.16,3.4,16.8,15.8,15.8,21.1,0.15,3.3,18.6,19.0,14.3,9.5,0.13,2.8,16.8,21.1,21.1,0.0,0.19,3.8,10.6,16.7,25.0,0.0,0.17,2.8
20260813,16,11,3933,B1,50.0,53.0,5.97,45.71,5.63,42.41,67,33.52,71,43.75,4584,A1,36.0,52.0,6.38,41.3,6.99,54.0,18,30.98,15,41.82,5111,A2,26.0,51.0,6.0,46.43,5.4,33.06,23,31.52,58,34.76,4166,A1,44.0,53.0,7.91,60.87,7.68,67.19,61,34.08,42,35.37,3158,A2,61.0,54.0,6.34,45.65,5.45,37.93,57,36.46,54,40.24,4441,A2,39.0,53.0,5.57,31.3,6.37,43.38,62,38.33,38,42.35,14.0,33.3,20.0,13.3,0.17,4.1,43.9,12.8,27.7,6.4,0.17,3.6,31.8,23.5,23.5,0.0,0.18,3.3,9.3,40.0,0.0,0.0,0.17,4.5,0.9,0.0,0.0,0.0,0.24,2.0,0.0,0.0,0.0,0.0,0.0,0.0,23.9,57.7,23.1,7.7,0.1,2.0,13.8,13.3,33.3,20.0,0.14,2.7,11.9,30.8,38.5,0.0,0.12,2.1,16.5,5.6,22.2,38.9,0.1,2.8,19.3,4.8,28.6,28.6,0.12,2.2,14.7,25.0,25.0,0.0,0.12,2.4,14.7,71.4,14.3,0.0,0.19,3.8,17.9,29.4,17.6,17.6,0.13,2.7,17.9,5.9,29.4,23.5,0.19,3.2,17.9,23.5,23.5,23.5,0.12,2.4,14.7,14.3,14.3,0.0,0.14,3.1,16.8,12.5,6.2,0.0,0.16,3.3,21.4,75.0,21.4,3.6,0.13,2.4,16.0,19.0,28.6,19.0,0.14,3.0,13.7,11.1,38.9,16.7,0.12,2.9,16.8,13.6,18.2,31.8,0.12,2.7,17.6,8.7,4.3,17.4,0.11,2.7,14.5,5.3,5.3,31.6,0.13,3.1,21.2,59.1,27.3,9.1,0.14,2.8,12.5,7.7,23.1,15.4,0.16,3.2,18.3,5.3,26.3,21.1,0.15,3.1,19.2,10.0,25.0,25.0,0.13,2.2,15.4,6.2,12.5,25.0,0.15,2.9,13.5,7.1,7.1,0.0,0.17,3.6,20.6,48.1,29.6,7.4,0.12,2.4,14.5,42.1,26.3,15.8,0.12,2.5,18.3,20.8,20.8,33.3,0.16,2.8,17.6,13.0,47.8,0.0,0.13,3.3,14.5,15.8,10.5,10.5,0.16,2.7,14.5,5.3,10.5,36.8,0.14,3.3
20260813,16,12,4418,A1,39.0,53.0,7.61,50.85,8.39,76.84,34,31.11,17,35.88,4370,A1,39.0,52.0,5.92,40.96,6.53,51.8,20,47.73,68,36.97,3822,A1,53.0,50.0,6.23,42.31,6.69,49.15,30,36.36,73,31.48,3717,A2,51.0,56.0,5.44,29.89,5.08,34.62,37,29.48,36,33.33,4762,A1,36.0,50.0,7.31,54.46,7.54,59.35,35,46.93,30,36.09,4580,B1,37.0,53.0,5.63,39.02,5.7,42.86,56,36.67,56,31.55,25.7,82.1,7.1,3.6,0.11,2.7,14.7,18.8,37.5,18.8,0.12,2.8,17.4,15.8,21.1,31.6,0.13,3.3,14.7,12.5,18.8,31.2,0.12,2.3,15.6,23.5,29.4,29.4,0.15,3.5,11.9,15.4,23.1,0.0,0.15,4.8,20.7,69.6,8.7,8.7,0.13,2.8,14.4,12.5,37.5,18.8,0.14,2.7,25.2,32.1,28.6,10.7,0.13,2.6,17.1,26.3,5.3,26.3,0.15,3.5,10.8,16.7,16.7,16.7,0.15,3.2,11.7,23.1,0.0,0.0,0.14,4.3,22.2,68.2,9.1,13.6,0.13,3.2,20.2,40.0,35.0,0.0,0.16,4.1,12.1,25.0,8.3,25.0,0.17,4.1,17.2,11.8,29.4,17.6,0.17,3.4,15.2,6.7,40.0,13.3,0.15,3.1,13.1,7.7,23.1,0.0,0.16,3.9,15.3,46.2,7.7,30.8,0.16,3.1,21.2,33.3,27.8,0.0,0.2,4.1,16.5,7.1,28.6,21.4,0.18,3.5,11.8,20.0,30.0,0.0,0.2,2.6,17.6,20.0,6.7,20.0,0.17,3.5,17.6,6.7,6.7,13.3,0.19,4.3,21.7,76.0,8.0,8.0,0.14,3.0,16.5,15.8,36.8,5.3,0.12,2.5,16.5,15.8,26.3,36.8,0.13,2.4,13.0,13.3,6.7,46.7,0.14,3.2,13.0,26.7,26.7,0.0,0.11,3.1,19.1,9.1,9.1,18.2,0.12,3.0,14.6,50.0,27.8,5.6,0.15,2.8,14.6,11.1,50.0,16.7,0.18,3.2,20.3,16.0,16.0,32.0,0.15,3.1,17.1,4.8,14.3,33.3,0.17,3.5,17.1,19.0,28.6,0.0,0.19,3.6,16.3,5.0,15.0,0.0,0.16,3.1
20260813,13,1,5333,B2,22.0,50.0,3.49,12.77,2.79,12.5,25,40.26,38,40.24,3828,B1,52.0,52.0,5.33,29.76,5.57,39.13,33,26.92,36,50.7,4381,A2,41.0,52.0,5.35,35.44,5.78,40.83,48,31.82,72,36.36,4790,A1,36.0,51.0,6.38,41.67,5.71,38.1,20,27.16,41,37.5,3577,B1,53.0,59.0,4.61,21.25,5.13,34.04,2,36.36,54,33.75,5421,B2,24.0,52.0,1.4,1.89,1.83,4.35,49,31.33,67,29.89,6.7,66.7,33.3,0.0,0.17,2.3,22.2,20.0,10.0,0.0,0.2,3.2,22.2,30.0,20.0,0.0,0.22,3.9,22.2,10.0,10.0,10.0,0.21,2.3,13.3,16.7,33.3,0.0,0.18,3.7,13.3,33.3,0.0,0.0,0.21,3.8,14.4,53.3,26.7,6.7,0.12,1.7,18.3,10.5,47.4,10.5,0.15,3.6,12.5,30.8,23.1,0.0,0.16,3.5,17.3,5.6,38.9,0.0,0.19,3.7,24.0,4.0,16.0,8.0,0.17,3.6,13.5,14.3,0.0,0.0,0.18,3.9,19.5,56.5,17.4,8.7,0.18,3.6,15.3,11.1,33.3,16.7,0.18,3.1,18.6,18.2,27.3,31.8,0.18,3.6,15.3,22.2,16.7,11.1,0.16,2.9,20.3,4.2,8.3,20.8,0.17,3.0,11.0,7.7,0.0,0.0,0.17,3.6,21.7,78.6,10.7,7.1,0.14,2.1,14.7,21.1,15.8,26.3,0.14,2.9,14.0,11.1,44.4,11.1,0.15,3.1,18.6,12.5,29.2,25.0,0.15,2.3,16.3,14.3,19.0,23.8,0.15,2.6,14.7,5.3,21.1,0.0,0.18,4.0,14.9,45.5,9.1,9.1,0.19,3.3,18.9,14.3,7.1,21.4,0.17,3.3,17.6,15.4,15.4,0.0,0.16,3.1,12.2,22.2,22.2,0.0,0.12,2.7,14.9,18.2,0.0,0.0,0.17,3.2,21.6,18.8,0.0,0.0,0.17,3.3,0.0,0.0,0.0,0.0,0.0,0.0,0.0,0.0,0.0,0.0,0.0,0.0,0.0,0.0,0.0,0.0,0.0,0.0,0.0,0.0,0.0,0.0,0.0,0.0,0.0,0.0,0.0,0.0,0.0,0.0,100.0,2.1,0.0,0.0,0.24,5.2
20260813,13,2,4365,A2,40.0,52.0,5.82,41.57,5.47,35.77,32,38.55,61,27.71,4633,A2,37.0,52.0,5.46,32.41,5.61,33.83,53,34.57,30,40.96,4902,B1,33.0,52.0,4.32,25.56,4.92,31.78,34,28.24,42,34.57,4982,B1,29.0,55.0,5.0,30.56,4.82,25.0,36,33.75,65,34.15,4543,A1,38.0,53.0,6.61,47.17,6.46,47.2,57,33.33,62,27.71,5440,B2,20.0,47.0,1.92,6.67,1.47,3.33,3,40.96,18,36.99,19.0,52.6,15.8,15.8,0.14,2.7,19.0,15.8,36.8,26.3,0.16,3.3,13.0,15.4,23.1,30.8,0.18,3.5,15.0,40.0,20.0,6.7,0.17,2.5,16.0,6.2,12.5,0.0,0.18,3.4,18.0,11.1,0.0,0.0,0.22,4.0,19.8,58.3,20.8,8.3,0.13,2.6,14.0,17.6,11.8,35.3,0.15,3.9,19.0,13.0,39.1,13.0,0.15,3.2,19.0,4.3,17.4,30.4,0.19,4.4,12.4,6.7,6.7,26.7,0.2,4.9,15.7,5.3,10.5,0.0,0.24,5.4,14.6,42.9,21.4,0.0,0.22,3.5,17.7,5.9,17.6,17.6,0.18,4.5,16.7,6.2,31.2,25.0,0.18,3.9,18.8,5.6,5.6,33.3,0.2,3.7,19.8,36.8,5.3,15.8,0.19,3.7,12.5,16.7,0.0,0.0,0.21,4.3,14.6,50.0,42.9,0.0,0.1,1.9,17.7,5.9,17.6,17.6,0.17,3.1,17.7,23.5,41.2,0.0,0.12,3.1,15.6,26.7,20.0,0.0,0.17,3.6,18.8,33.3,5.6,0.0,0.18,3.8,15.6,6.7,20.0,0.0,0.17,3.8,19.8,75.0,16.7,0.0,0.15,3.2,15.7,15.8,31.6,21.1,0.15,2.9,19.0,21.7,30.4,21.7,0.14,2.9,19.8,8.3,37.5,25.0,0.18,3.9,13.2,6.2,18.8,25.0,0.2,3.9,12.4,6.7,26.7,0.0,0.19,4.3,0.0,0.0,0.0,0.0,0.0,0.0,0.0,0.0,0.0,0.0,0.0,0.0,0.0,0.0,0.0,0.0,0.0,0.0,0.0,0.0,0.0,0.0,0.0,0.0,1.4,0.0,0.0,0.0,0.25,2.0,98.6,4.2,0.0,0.0,0.19,3.7
20260813,13,3,4040,A2,47.0,58.0,5.81,37.29,5.82,40.0,63,41.18,37,40.85,4725,B1,39.0,53.0,4.84,23.66,4.73,26.37,12,50.0,35,38.46,4965,B1,28.0,50.0,4.44,22.58,4.49,25.21,45,36.9,74,46.05,4877,A1,31.0,55.0,6.24,47.22,6.43,48.7,10,30.49,34,37.97,5396,B2,24.0,50.0,2.21,3.45,1.8,2.44,31,34.15,52,29.41,5456,B2,20.0,51.0,2.07,0.0,2.13,0.0,60,29.49,45,41.77,19.1,65.4,11.5,7.7,0.16,2.8,19.9,3.7,44.4,11.1,0.14,2.9,15.4,14.3,33.3,4.8,0.15,2.7,16.9,34.8,8.7,26.1,0.15,3.3,10.3,21.4,7.1,35.7,0.14,3.1,18.4,8.0,12.0,0.0,0.13,2.7,15.2,56.2,18.8,0.0,0.15,3.2,17.1,5.6,50.0,22.2,0.16,3.9,18.1,15.8,10.5,0.0,0.22,4.5,15.2,25.0,12.5,12.5,0.18,4.1,19.0,5.0,15.0,20.0,0.16,3.4,15.2,6.2,12.5,0.0,0.2,3.9,11.4,22.2,22.2,55.6,0.19,3.3,15.2,8.3,16.7,16.7,0.21,4.7,22.8,11.1,27.8,16.7,0.2,3.5,17.7,7.1,14.3,28.6,0.2,3.5,20.3,25.0,18.8,0.0,0.16,2.5,12.7,0.0,0.0,0.0,0.15,3.6,24.3,69.2,19.2,3.8,0.14,2.5,13.1,28.6,35.7,14.3,0.13,2.6,15.9,11.8,29.4,23.5,0.15,2.8,16.8,16.7,11.1,16.7,0.14,2.9,16.8,27.8,11.1,11.1,0.15,2.6,13.1,14.3,14.3,14.3,0.15,2.3,0.0,0.0,0.0,0.0,0.0,0.0,0.0,0.0,0.0,0.0,0.0,0.0,0.0,0.0,0.0,0.0,0.0,0.0,22.0,7.7,7.7,0.0,0.19,4.2,22.0,7.7,7.7,0.0,0.17,3.4,55.9,0.0,0.0,0.0,0.22,4.5,0.0,0.0,0.0,0.0,0.0,0.0,0.0,0.0,0.0,0.0,0.0,0.0,0.0,0.0,0.0,0.0,0.0,0.0,0.0,0.0,0.0,0.0,0.0,0.0,0.0,0.0,0.0,0.0,0.0,0.0,0.0,0.0,0.0,0.0,0.0,0.0
20260813,13,4,4375,A2,42.0,52.0,5.66,37.04,5.92,44.34,18,45.45,58,28.75,4105,B1,46.0,53.0,5.4,34.41,5.78,39.09,35,40.79,57,43.75,5060,A2,29.0,52.0,6.13,46.81,5.31,34.31,24,32.93,15,35.29,5470,B2,17.0,53.0,1.23,0.0,1.38,0.0,14,30.12,24,31.25,5386,B1,20.0,53.0,3.58,14.47,2.33,2.99,30,30.86,53,36.05,5324,B1,23.0,48.0,2.61,3.39,1.79,3.77,52,23.29,48,37.97,19.8,60.0,28.0,4.0,0.17,3.3,11.9,6.7,33.3,20.0,0.16,3.7,19.8,24.0,40.0,16.0,0.15,2.7,14.3,16.7,22.2,5.6,0.17,3.3,19.0,8.3,12.5,37.5,0.16,3.3,15.1,10.5,26.3,0.0,0.2,4.2,17.2,22.7,22.7,4.5,0.2,4.3,14.1,11.1,44.4,16.7,0.18,3.3,18.8,8.3,8.3,41.7,0.19,3.4,18.8,4.2,12.5,33.3,0.17,3.2,15.6,5.0,10.0,40.0,0.17,3.2,15.6,15.0,0.0,0.0,0.22,4.6,16.8,66.7,11.1,5.6,0.15,2.9,18.7,25.0,30.0,10.0,0.18,3.7,15.9,17.6,35.3,23.5,0.14,2.5,16.8,22.2,33.3,16.7,0.17,3.6,15.9,5.9,11.8,23.5,0.18,3.6,15.9,11.8,11.8,0.0,0.2,4.2,0.0,0.0,0.0,0.0,0.0,0.0,0.0,0.0,0.0,0.0,0.0,0.0,0.0,0.0,0.0,0.0,0.0,0.0,0.0,0.0,0.0,0.0,0.0,0.0,0.0,0.0,0.0,0.0,0.0,0.0,0.0,0.0,0.0,0.0,0.0,0.0,9.1,14.3,0.0,0.0,0.2,5.0,11.7,11.1,33.3,0.0,0.19,4.0,7.8,16.7,0.0,0.0,0.2,4.2,16.9,15.4,7.7,0.0,0.17,3.7,18.2,7.1,0.0,0.0,0.21,4.0,36.4,10.7,0.0,0.0,0.2,4.3,11.9,25.0,0.0,0.0,0.19,3.5,17.9,8.3,0.0,0.0,0.19,4.3,10.4,0.0,0.0,0.0,0.23,4.0,16.4,9.1,0.0,0.0,0.22,3.9,20.9,0.0,0.0,0.0,0.19,4.5,22.4,0.0,0.0,0.0,0.23,4.4
20260813,13,5,5161,A2,27.0,53.0,5.74,44.83,5.69,38.85,39,47.67,13,36.05,4002,A1,48.0,52.0,6.44,46.79,7.13,55.26,13,39.74,44,31.58,3577,B1,53.0,59.0,4.61,21.25,5.13,34.04,2,36.36,54,33.75,5421,B2,24.0,52.0,1.4,1.89,1.83,4.35,49,31.33,67,29.89,5297,B1,24.0,48.0,3.78,18.48,2.45,9.76,23,57.89,73,45.78,5273,B1,24.0,52.0,3.8,18.75,3.88,19.23,1,38.75,32,35.44,15.8,75.0,18.8,0.0,0.12,2.4,14.9,13.3,26.7,13.3,0.18,2.9,17.8,22.2,22.2,11.1,0.14,2.9,19.8,25.0,20.0,15.0,0.14,2.9,14.9,13.3,33.3,13.3,0.15,3.5,16.8,11.8,23.5,0.0,0.16,3.4,20.6,68.2,9.1,9.1,0.14,2.8,15.9,11.8,29.4,29.4,0.14,3.4,21.5,26.1,21.7,8.7,0.12,2.9,18.7,35.0,10.0,15.0,0.13,3.1,15.9,5.9,11.8,11.8,0.15,2.7,7.5,12.5,37.5,0.0,0.14,3.4,14.9,45.5,9.1,9.1,0.19,3.3,18.9,14.3,7.1,21.4,0.17,3.3,17.6,15.4,15.4,0.0,0.16,3.1,12.2,22.2,22.2,0.0,0.12,2.7,14.9,18.2,0.0,0.0,0.17,3.2,21.6,18.8,0.0,0.0,0.17,3.3,0.0,0.0,0.0,0.0,0.0,0.0,0.0,0.0,0.0,0.0,0.0,0.0,0.0,0.0,0.0,0.0,0.0,0.0,0.0,0.0,0.0,0.0,0.0,0.0,0.0,0.0,0.0,0.0,0.0,0.0,100.0,2.1,0.0,0.0,0.24,5.2,11.7,16.7,25.0,0.0,0.25,3.9,20.4,9.5,23.8,0.0,0.21,3.7,18.4,5.3,10.5,10.5,0.19,3.4,17.5,11.1,0.0,0.0,0.21,4.3,22.3,8.7,13.0,0.0,0.24,4.3,9.7,0.0,0.0,0.0,0.24,4.6,12.7,38.5,15.4,7.7,0.18,3.8,18.6,10.5,10.5,26.3,0.17,3.7,17.6,16.7,5.6,27.8,0.14,2.7,19.6,5.0,20.0,0.0,0.18,3.9,20.6,9.5,14.3,9.5,0.19,3.8,10.8,0.0,0.0,0.0,0.19,4.4
20260813,13,6,4790,A1,36.0,51.0,6.38,41.67,5.71,38.1,20,27.16,41,37.5,5247,B1,24.0,52.0,4.62,20.59,4.45,22.45,54,46.05,49,36.62,4365,A2,40.0,52.0,5.82,41.57,5.47,35.77,32,38.55,61,27.71,5440,B2,20.0,47.0,1.92,6.67,1.47,3.33,3,40.96,18,36.99,5003,B1,30.0,48.0,5.1,36.94,3.7,18.26,29,31.25,25,30.86,5333,B2,22.0,50.0,3.49,12.77,2.79,12.5,25,40.26,38,40.24,21.7,78.6,10.7,7.1,0.14,2.1,14.7,21.1,15.8,26.3,0.14,2.9,14.0,11.1,44.4,11.1,0.15,3.1,18.6,12.5,29.2,25.0,0.15,2.3,16.3,14.3,19.0,23.8,0.15,2.6,14.7,5.3,21.1,0.0,0.18,4.0,14.0,30.8,7.7,15.4,0.22,3.9,19.4,5.6,22.2,22.2,0.18,4.3,19.4,11.1,11.1,22.2,0.18,3.9,17.2,6.2,6.2,37.5,0.18,4.2,16.1,6.7,6.7,13.3,0.14,3.5,14.0,23.1,0.0,0.0,0.2,4.2,19.0,52.6,15.8,15.8,0.14,2.7,19.0,15.8,36.8,26.3,0.16,3.3,13.0,15.4,23.1,30.8,0.18,3.5,15.0,40.0,20.0,6.7,0.17,2.5,16.0,6.2,12.5,0.0,0.18,3.4,18.0,11.1,0.0,0.0,0.22,4.0,0.0,0.0,0.0,0.0,0.0,0.0,0.0,0.0,0.0,0.0,0.0,0.0,0.0,0.0,0.0,0.0,0.0,0.0,0.0,0.0,0.0,0.0,0.0,0.0,1.4,0.0,0.0,0.0,0.25,2.0,98.6,4.2,0.0,0.0,0.19,3.7,14.3,56.2,18.8,0.0,0.19,3.5,18.8,9.5,19.0,19.0,0.15,3.7,20.5,8.7,17.4,8.7,0.17,3.6,22.3,8.0,20.0,20.0,0.16,2.8,17.0,15.8,10.5,0.0,0.14,2.5,7.1,0.0,0.0,0.0,0.18,2.9,6.7,66.7,33.3,0.0,0.17,2.3,22.2,20.0,10.0,0.0,0.2,3.2,22.2,30.0,20.0,0.0,0.22,3.9,22.2,10.0,10.0,10.0,0.21,2.3,13.3,16.7,33.3,0.0,0.18,3.7,13.3,33.3,0.0,0.0,0.21,3.8
20260813,13,7,4381,A2,41.0,52.0,5.35,35.44,5.78,40.83,48,31.82,72,36.36,4902,B1,33.0,52.0,4.32,25.56,4.92,31.78,34,28.24,42,34.57,4877,A1,31.0,55.0,6.24,47.22,6.43,48.7,10,30.49,34,37.97,4633,A2,37.0,52.0,5.46,32.41,5.61,33.83,53,34.57,30,40.96,5456,B2,20.0,51.0,2.07,0.0,2.13,0.0,60,29.49,45,41.77,3828,B1,52.0,52.0,5.33,29.76,5.57,39.13,33,26.92,36,50.7,19.5,56.5,17.4,8.7,0.18,3.6,15.3,11.1,33.3,16.7,0.18,3.1,18.6,18.2,27.3,31.8,0.18,3.6,15.3,22.2,16.7,11.1,0.16,2.9,20.3,4.2,8.3,20.8,0.17,3.0,11.0,7.7,0.0,0.0,0.17,3.6,14.6,42.9,21.4,0.0,0.22,3.5,17.7,5.9,17.6,17.6,0.18,4.5,16.7,6.2,31.2,25.0,0.18,3.9,18.8,5.6,5.6,33.3,0.2,3.7,19.8,36.8,5.3,15.8,0.19,3.7,12.5,16.7,0.0,0.0,0.21,4.3,24.3,69.2,19.2,3.8,0.14,2.5,13.1,28.6,35.7,14.3,0.13,2.6,15.9,11.8,29.4,23.5,0.15,2.8,16.8,16.7,11.1,16.7,0.14,2.9,16.8,27.8,11.1,11.1,0.15,2.6,13.1,14.3,14.3,14.3,0.15,2.3,19.8,58.3,20.8,8.3,0.13,2.6,14.0,17.6,11.8,35.3,0.15,3.9,19.0,13.0,39.1,13.0,0.15,3.2,19.0,4.3,17.4,30.4,0.19,4.4,12.4,6.7,6.7,26.7,0.2,4.9,15.7,5.3,10.5,0.0,0.24,5.4,0.0,0.0,0.0,0.0,0.0,0.0,0.0,0.0,0.0,0.0,0.0,0.0,0.0,0.0,0.0,0.0,0.0,0.0,0.0,0.0,0.0,0.0,0.0,0.0,0.0,0.0,0.0,0.0,0.0,0.0,0.0,0.0,0.0,0.0,0.0,0.0,14.4,53.3,26.7,6.7,0.12,1.7,18.3,10.5,47.4,10.5,0.15,3.6,12.5,30.8,23.1,0.0,0.16,3.5,17.3,5.6,38.9,0.0,0.19,3.7,24.0,4.0,16.0,8.0,0.17,3.6,13.5,14.3,0.0,0.0,0.18,3.9
20260813,13,8,4543,A1,38.0,53.0,6.61,47.17,6.46,47.2,57,33.33,62,27.71,4982,B1,29.0,55.0,5.0,30.56,4.82,25.0,36,33.75,65,34.15,4725,B1,39.0,53.0,4.84,23.66,4.73,26.37,12,50.0,35,38.46,4040,A2,47.0,58.0,5.81,37.29,5.82,40.0,63,41.18,37,40.85,4375,A2,42.0,52.0,5.66,37.04,5.92,44.34,18,45.45,58,28.75,5470,B2,17.0,53.0,1.23,0.0,1.38,0.0,14,30.12,24,31.25,19.8,75.0,16.7,0.0,0.15,3.2,15.7,15.8,31.6,21.1,0.15,2.9,19.0,21.7,30.4,21.7,0.14,2.9,19.8,8.3,37.5,25.0,0.18,3.9,13.2,6.2,18.8,25.0,0.2,3.9,12.4,6.7,26.7,0.0,0.19,4.3,14.6,50.0,42.9,0.0,0.1,1.9,17.7,5.9,17.6,17.6,0.17,3.1,17.7,23.5,41.2,0.0,0.12,3.1,15.6,26.7,20.0,0.0,0.17,3.6,18.8,33.3,5.6,0.0,0.18,3.8,15.6,6.7,20.0,0.0,0.17,3.8,15.2,56.2,18.8,0.0,0.15,3.2,17.1,5.6,50.0,22.2,0.16,3.9,18.1,15.8,10.5,0.0,0.22,4.5,15.2,25.0,12.5,12.5,0.18,4.1,19.0,5.0,15.0,20.0,0.16,3.4,15.2,6.2,12.5,0.0,0.2,3.9,19.1,65.4,11.5,7.7,0.16,2.8,19.9,3.7,44.4,11.1,0.14,2.9,15.4,14.3,33.3,4.8,0.15,2.7,16.9,34.8,8.7,26.1,0.15,3.3,10.3,21.4,7.1,35.7,0.14,3.1,18.4,8.0,12.0,0.0,0.13,2.7,19.8,60.0,28.0,4.0,0.17,3.3,11.9,6.7,33.3,20.0,0.16,3.7,19.8,24.0,40.0,16.0,0.15,2.7,14.3,16.7,22.2,5.6,0.17,3.3,19.0,8.3,12.5,37.5,0.16,3.3,15.1,10.5,26.3,0.0,0.2,4.2,0.0,0.0,0.0,0.0,0.0,0.0,0.0,0.0,0.0,0.0,0.0,0.0,0.0,0.0,0.0,0.0,0.0,0.0,0.0,0.0,0.0,0.0,0.0,0.0,0.0,0.0,0.0,0.0,0.0,0.0,0.0,0.0,0.0,0.0,0.0,0.0
20260813,13,9,5060,A2,29.0,52.0,6.13,46.81,5.31,34.31,24,32.93,15,35.29,4965,B1,28.0,50.0,4.44,22.58,4.49,25.21,45,36.9,74,46.05,4002,A1,48.0,52.0,6.44,46.79,7.13,55.26,13,39.74,44,31.58,5161,A2,27.0,53.0,5.74,44.83,5.69,38.85,39,47.67,13,36.05,4105,B1,46.0,53.0,5.4,34.41,5.78,39.09,35,40.79,57,43.75,5396,B2,24.0,50.0,2.21,3.45,1.8,2.44,31,34.15,52,29.41,16.8,66.7,11.1,5.6,0.15,2.9,18.7,25.0,30.0,10.0,0.18,3.7,15.9,17.6,35.3,23.5,0.14,2.5,16.8,22.2,33.3,16.7,0.17,3.6,15.9,5.9,11.8,23.5,0.18,3.6,15.9,11.8,11.8,0.0,0.2,4.2,11.4,22.2,22.2,55.6,0.19,3.3,15.2,8.3,16.7,16.7,0.21,4.7,22.8,11.1,27.8,16.7,0.2,3.5,17.7,7.1,14.3,28.6,0.2,3.5,20.3,25.0,18.8,0.0,0.16,2.5,12.7,0.0,0.0,0.0,0.15,3.6,20.6,68.2,9.1,9.1,0.14,2.8,15.9,11.8,29.4,29.4,0.14,3.4,21.5,26.1,21.7,8.7,0.12,2.9,18.7,35.0,10.0,15.0,0.13,3.1,15.9,5.9,11.8,11.8,0.15,2.7,7.5,12.5,37.5,0.0,0.14,3.4,15.8,75.0,18.8,0.0,0.12,2.4,14.9,13.3,26.7,13.3,0.18,2.9,17.8,22.2,22.2,11.1,0.14,2.9,19.8,25.0,20.0,15.0,0.14,2.9,14.9,13.3,33.3,13.3,0.15,3.5,16.8,11.8,23.5,0.0,0.16,3.4,17.2,22.7,22.7,4.5,0.2,4.3,14.1,11.1,44.4,16.7,0.18,3.3,18.8,8.3,8.3,41.7,0.19,3.4,18.8,4.2,12.5,33.3,0.17,3.2,15.6,5.0,10.0,40.0,0.17,3.2,15.6,15.0,0.0,0.0,0.22,4.6,0.0,0.0,0.0,0.0,0.0,0.0,0.0,0.0,0.0,0.0,0.0,0.0,0.0,0.0,0.0,0.0,0.0,0.0,22.0,7.7,7.7,0.0,0.19,4.2,22.0,7.7,7.7,0.0,0.17,3.4,55.9,0.0,0.0,0.0,0.22,4.5
20260813,13,10,4133,A2,46.0,52.0,6.36,54.22,6.41,47.73,56,48.19,26,44.74,4025,A1,48.0,53.0,6.62,52.38,5.99,43.75,44,36.36,14,28.57,4512,A1,37.0,52.0,6.98,56.0,7.24,58.06,37,39.02,46,40.91,3612,A1,53.0,52.0,6.75,55.04,6.21,46.88,8,34.12,64,38.67,4290,A1,41.0,51.0,6.68,44.09,7.36,57.14,38,26.39,71,38.75,5126,A1,29.0,52.0,6.9,51.49,5.35,35.26,4,51.95,39,32.91,20.2,59.1,22.7,0.0,0.16,3.0,15.6,11.8,29.4,17.6,0.19,4.1,18.3,10.0,50.0,15.0,0.14,3.1,19.3,42.9,19.0,0.0,0.15,2.9,10.1,18.2,9.1,18.2,0.2,3.5,16.5,11.1,22.2,22.2,0.19,3.9,20.4,68.4,15.8,5.3,0.2,3.3,15.1,14.3,50.0,21.4,0.19,3.5,17.2,18.8,37.5,25.0,0.17,3.4,19.4,27.8,16.7,22.2,0.17,3.5,14.0,7.7,23.1,23.1,0.2,4.2,14.0,7.7,7.7,15.4,0.17,4.2,23.3,91.2,2.9,0.0,0.14,2.6,16.4,25.0,45.8,8.3,0.14,3.5,14.4,28.6,14.3,42.9,0.15,3.4,13.7,10.0,25.0,30.0,0.15,3.7,21.2,12.9,9.7,6.5,0.15,3.0,11.0,6.2,12.5,0.0,0.16,3.1,25.2,52.9,20.6,5.9,0.14,2.5,23.0,3.2,35.5,32.3,0.17,3.3,20.0,11.1,55.6,14.8,0.14,2.9,19.3,11.5,26.9,23.1,0.12,2.6,9.6,23.1,7.7,0.0,0.14,3.3,3.0,0.0,0.0,0.0,0.17,4.8,22.2,67.9,17.9,14.3,0.13,2.2,13.5,23.5,35.3,11.8,0.12,2.4,15.1,15.8,31.6,10.5,0.16,2.6,15.1,5.3,36.8,26.3,0.1,2.4,15.9,10.0,10.0,20.0,0.11,2.5,18.3,8.7,4.3,30.4,0.13,3.0,22.0,70.8,12.5,0.0,0.14,3.3,14.7,6.2,31.2,31.2,0.15,3.4,17.4,36.8,26.3,10.5,0.15,2.7,16.5,27.8,33.3,11.1,0.14,3.0,13.8,13.3,26.7,0.0,0.19,3.5,15.6,17.6,17.6,0.0,0.16,3.5
20260813,13,11,3854,A1,53.0,52.0,6.85,44.23,7.38,52.89,7,30.86,19,34.48,4654,A1,40.0,54.0,6.44,44.33,6.45,46.75,9,45.68,56,43.66,5179,B1,29.0,52.0,4.55,26.19,4.01,25.71,17,39.73,21,43.59,4278,A1,43.0,52.0,6.89,56.1,6.98,55.97,15,38.16,50,30.23,5329,B1,22.0,51.0,4.82,30.65,3.18,14.29,61,42.68,60,29.49,4925,A2,33.0,53.0,5.9,35.0,5.9,33.03,26,45.95,59,36.14,22.1,52.4,9.5,14.3,0.14,3.2,15.8,6.7,26.7,6.7,0.13,3.3,16.8,12.5,37.5,25.0,0.15,3.6,16.8,25.0,43.8,0.0,0.15,2.5,17.9,23.5,11.8,11.8,0.14,2.8,10.5,10.0,0.0,0.0,0.15,3.0,20.7,62.5,16.7,12.5,0.17,3.4,17.2,10.0,30.0,25.0,0.16,3.2,16.4,21.1,31.6,15.8,0.16,2.9,18.1,14.3,23.8,19.0,0.17,3.2,12.9,6.7,26.7,26.7,0.17,3.7,14.7,5.9,29.4,0.0,0.19,3.6,13.9,50.0,20.0,0.0,0.1,2.8,12.5,22.2,11.1,0.0,0.19,4.6,11.1,12.5,37.5,0.0,0.23,4.3,20.8,6.7,13.3,6.7,0.22,4.3,23.6,11.8,17.6,0.0,0.18,3.3,18.1,15.4,0.0,0.0,0.24,5.0,22.1,87.5,6.2,0.0,0.11,1.8,17.9,30.8,19.2,34.6,0.13,2.4,15.9,13.0,34.8,8.7,0.12,2.2,15.2,13.6,31.8,22.7,0.13,2.4,18.6,22.2,11.1,14.8,0.14,3.0,10.3,6.7,13.3,0.0,0.15,3.9,14.7,42.9,28.6,7.1,0.16,2.9,18.9,5.6,22.2,16.7,0.16,3.1,16.8,25.0,25.0,12.5,0.11,2.2,13.7,23.1,0.0,0.0,0.22,3.5,22.1,19.0,14.3,19.0,0.17,3.2,13.7,7.7,7.7,15.4,0.16,2.5,18.9,66.7,9.5,9.5,0.15,2.8,15.3,47.1,29.4,0.0,0.15,3.2,16.2,11.1,16.7,22.2,0.15,3.2,17.1,5.3,5.3,21.1,0.15,3.6,15.3,11.8,11.8,11.8,0.16,3.5,17.1,5.3,26.3,0.0,0.17,3.4
20260813,13,12,4295,A1,39.0,53.0,7.34,56.56,6.86,51.03,40,39.29,12,26.03,4472,A1,39.0,57.0,6.47,44.74,6.56,48.73,16,42.68,33,33.72,4735,B1,35.0,55.0,4.64,25.58,5.27,29.27,55,40.96,55,32.5,4446,A1,39.0,52.0,6.86,50.0,6.28,44.44,5,34.57,43,41.67,4857,A1,29.0,55.0,7.32,61.98,7.11,58.43,11,33.72,75,41.03,4648,B1,42.0,53.0,5.4,36.99,5.35,32.14,62,25.33,22,32.91,23.1,90.0,6.7,3.3,0.14,2.0,21.5,21.4,28.6,32.1,0.14,2.8,12.3,25.0,12.5,18.8,0.11,2.1,15.4,10.0,50.0,15.0,0.14,2.8,16.2,9.5,28.6,19.0,0.14,2.8,11.5,33.3,0.0,0.0,0.16,3.1,18.0,77.8,11.1,7.4,0.15,2.1,17.3,26.9,26.9,11.5,0.17,3.5,18.0,29.6,33.3,0.0,0.16,3.6,18.7,17.9,14.3,28.6,0.16,3.3,16.7,16.0,8.0,20.0,0.18,3.4,11.3,17.6,23.5,0.0,0.17,3.3,15.5,53.3,20.0,6.7,0.17,3.1,18.6,5.6,22.2,5.6,0.13,2.8,16.5,6.2,18.8,6.2,0.15,2.8,15.5,6.7,26.7,13.3,0.12,2.5,19.6,5.3,5.3,15.8,0.2,3.7,14.4,7.1,14.3,0.0,0.19,3.9,21.5,93.8,3.1,0.0,0.12,2.0,16.8,24.0,40.0,8.0,0.13,2.5,14.8,31.8,27.3,27.3,0.14,2.5,17.4,15.4,34.6,19.2,0.14,3.1,14.8,45.5,18.2,0.0,0.15,2.8,14.8,9.1,40.9,0.0,0.14,3.0,20.0,77.8,5.6,5.6,0.15,2.2,20.0,22.2,33.3,27.8,0.16,3.3,12.2,18.2,36.4,18.2,0.13,2.8,15.6,28.6,50.0,7.1,0.18,3.5,17.8,25.0,12.5,25.0,0.16,3.7,14.4,15.4,23.1,0.0,0.19,4.5,13.0,30.0,20.0,30.0,0.17,3.0,18.2,14.3,35.7,0.0,0.18,3.4,18.2,7.1,7.1,21.4,0.16,3.5,19.5,6.7,13.3,0.0,0.15,3.5,15.6,8.3,16.7,0.0,0.18,2.9,15.6,8.3,8.3,8.3,0.18,4.2
20260813,12,1,4138,B1,45.0,54.0,5.08,33.33,5.47,33.96,14,25.84,82,50.68,4397,A1,39.0,53.0,7.4,60.0,6.99,47.16,80,48.19,69,39.19,3977,B1,49.0,53.0,4.21,15.79,5.02,26.67,71,38.55,90,31.33,4934,A2,30.0,56.0,5.16,29.55,5.48,38.33,82,38.2,17,47.89,5046,B1,32.0,55.0,3.85,16.0,4.41,22.0,33,35.37,75,38.36,5463,B2,19.0,54.0,1.07,0.0,1.14,0.0,17,43.04,80,36.11,14.7,35.7,14.3,21.4,0.17,3.4,17.9,5.9,5.9,29.4,0.19,3.4,18.9,11.1,22.2,0.0,0.16,3.4,15.8,13.3,13.3,0.0,0.14,2.5,20.0,5.3,15.8,10.5,0.15,2.7,12.6,16.7,0.0,0.0,0.16,3.8,19.3,84.6,7.7,7.7,0.14,2.6,17.8,12.5,20.8,16.7,0.13,3.0,17.8,8.3,33.3,25.0,0.12,3.0,18.5,12.0,20.0,20.0,0.12,2.9,16.3,18.2,18.2,18.2,0.15,3.5,10.4,21.4,0.0,0.0,0.14,4.0,13.1,28.6,7.1,42.9,0.17,3.4,16.8,11.1,16.7,11.1,0.19,4.0,18.7,5.0,10.0,30.0,0.17,3.0,20.6,9.1,4.5,18.2,0.17,3.5,14.0,13.3,13.3,0.0,0.21,4.5,16.8,5.6,16.7,0.0,0.19,4.0,19.1,45.5,31.8,4.5,0.16,2.5,13.9,18.8,18.8,31.2,0.17,3.5,17.4,15.0,25.0,25.0,0.16,3.4,14.8,11.8,29.4,17.6,0.19,2.9,13.9,31.2,25.0,0.0,0.18,3.1,20.9,4.2,8.3,8.3,0.18,4.3,14.6,42.9,7.1,14.3,0.14,2.7,17.7,5.9,17.6,11.8,0.16,3.6,13.5,23.1,30.8,0.0,0.17,3.9,18.8,11.1,11.1,0.0,0.18,3.1,19.8,5.3,15.8,5.3,0.16,3.1,15.6,6.7,20.0,0.0,0.17,3.7,0.0,0.0,0.0,0.0,0.0,0.0,0.0,0.0,0.0,0.0,0.0,0.0,0.0,0.0,0.0,0.0,0.0,0.0,0.0,0.0,0.0,0.0,0.0,0.0,0.0,0.0,0.0,0.0,0.0,0.0,0.0,0.0,0.0,0.0,0.0,0.0
20260813,12,2,4639,B1,35.0,54.0,4.29,22.58,4.62,28.57,18,27.27,37,34.25,3963,A2,47.0,52.0,5.81,36.61,6.17,46.67,24,46.43,77,32.0,4826,A1,32.0,52.0,6.98,52.68,6.68,44.03,69,36.14,76,33.33,5325,B1,23.0,51.0,6.01,42.7,3.54,12.6,34,29.41,51,38.2,3882,B1,53.0,55.0,4.27,17.05,4.64,29.55,60,42.7,67,41.33,5467,B2,19.0,49.0,2.47,0.0,1.38,0.0,53,35.44,63,32.08,15.2,50.0,31.2,0.0,0.14,3.0,19.0,5.0,20.0,5.0,0.16,3.6,17.1,11.1,11.1,27.8,0.16,3.4,22.9,4.2,16.7,12.5,0.15,3.0,17.1,5.6,11.1,0.0,0.21,4.0,8.6,11.1,0.0,0.0,0.18,3.4,18.5,60.9,17.4,17.4,0.16,3.2,15.3,36.8,26.3,0.0,0.16,3.4,19.4,8.3,25.0,29.2,0.17,3.4,15.3,5.3,21.1,26.3,0.17,3.0,17.7,22.7,18.2,9.1,0.19,4.0,13.7,5.9,17.6,0.0,0.17,4.8,23.4,73.5,5.9,5.9,0.12,2.2,16.6,16.7,25.0,33.3,0.13,3.1,16.6,20.8,25.0,20.8,0.14,3.0,11.7,29.4,29.4,0.0,0.12,2.3,19.3,25.0,17.9,28.6,0.14,3.2,12.4,22.2,22.2,0.0,0.14,3.3,14.7,33.3,20.0,13.3,0.2,3.3,18.6,10.5,36.8,21.1,0.17,3.1,14.7,6.7,6.7,40.0,0.13,2.7,14.7,6.7,13.3,33.3,0.16,3.3,16.7,29.4,11.8,0.0,0.14,3.2,20.6,23.8,0.0,0.0,0.2,4.5,13.5,53.3,6.7,20.0,0.16,2.9,20.7,8.7,13.0,43.5,0.2,3.9,16.2,5.6,11.1,27.8,0.18,3.7,16.2,22.2,11.1,22.2,0.14,2.7,23.4,3.8,7.7,30.8,0.17,4.0,9.9,9.1,0.0,0.0,0.19,4.0,0.0,0.0,0.0,0.0,0.0,0.0,0.0,0.0,0.0,0.0,0.0,0.0,0.0,0.0,0.0,0.0,0.0,0.0,0.0,0.0,0.0,0.0,0.0,0.0,0.0,0.0,0.0,0.0,0.0,0.0,0.0,0.0,0.0,0.0,0.0,0.0
20260813,12,3,3507,B1,55.0,51.0,4.19,24.66,4.71,23.81,67,31.76,21,36.25,4436,A1,40.0,52.0,6.32,47.78,6.23,44.63,70,39.51,71,33.78,4905,B1,31.0,54.0,4.63,23.08,4.1,20.0,11,43.37,85,32.47,4044,A1,46.0,53.0,6.77,42.86,6.43,43.38,77,37.08,88,37.33,4389,A2,40.0,52.0,5.55,31.87,5.27,33.33,85,37.18,81,42.65,4489,B1,39.0,54.0,5.15,33.33,4.38,21.79,19,39.53,35,31.25,18.1,26.7,26.7,6.7,0.2,3.3,16.9,7.1,28.6,21.4,0.18,4.2,19.3,50.0,12.5,0.0,0.17,3.8,16.9,0.0,0.0,0.0,0.23,5.2,24.1,5.0,10.0,0.0,0.21,4.2,4.8,0.0,0.0,0.0,0.26,5.8,18.6,69.2,11.5,3.8,0.14,2.4,17.1,25.0,29.2,8.3,0.16,2.9,17.9,24.0,28.0,24.0,0.16,2.8,14.3,15.0,30.0,35.0,0.18,3.4,18.6,7.7,34.6,34.6,0.14,3.3,13.6,10.5,26.3,0.0,0.15,3.1,13.8,45.5,27.3,9.1,0.21,3.9,15.0,8.3,16.7,8.3,0.21,4.8,18.8,13.3,6.7,20.0,0.19,4.1,21.2,23.5,5.9,0.0,0.17,4.2,18.8,20.0,0.0,0.0,0.23,4.7,12.5,0.0,0.0,0.0,0.27,5.0,21.4,70.0,16.7,0.0,0.14,3.5,17.9,16.0,36.0,20.0,0.13,3.2,16.4,21.7,8.7,34.8,0.16,4.0,17.1,16.7,20.8,20.8,0.13,2.9,15.0,19.0,9.5,19.0,0.13,3.0,12.1,11.8,23.5,0.0,0.14,3.4,15.5,50.0,25.0,18.8,0.16,4.2,22.3,8.7,26.1,39.1,0.19,3.6,15.5,31.2,18.8,18.8,0.18,3.2,19.4,5.0,5.0,40.0,0.16,3.6,11.7,8.3,16.7,16.7,0.16,3.8,15.5,6.2,0.0,0.0,0.21,4.3,17.6,63.2,5.3,5.3,0.13,2.4,13.9,26.7,20.0,20.0,0.14,3.1,17.6,5.3,31.6,10.5,0.13,1.8,16.7,5.6,22.2,22.2,0.16,2.6,20.4,4.5,9.1,31.8,0.15,3.9,13.9,6.7,13.3,0.0,0.22,4.6
20260813,12,4,4422,B1,37.0,52.0,4.54,25.64,4.97,26.92,84,33.33,53,32.47,4834,A2,38.0,51.0,5.45,36.36,5.17,32.14,74,33.73,33,42.67,4311,A1,42.0,58.0,6.62,50.98,6.71,48.95,23,28.57,20,33.33,5267,A1,26.0,51.0,6.53,50.0,6.42,47.06,58,36.05,72,32.14,4572,B1,38.0,55.0,5.59,36.28,4.77,28.21,32,32.56,50,35.63,5450,B2,23.0,52.0,2.18,2.5,1.63,0.0,26,32.5,14,32.18,12.6,61.5,23.1,7.7,0.16,2.8,17.5,11.1,22.2,33.3,0.15,2.9,20.4,4.8,23.8,9.5,0.18,3.6,17.5,33.3,0.0,0.0,0.18,4.2,20.4,4.8,9.5,9.5,0.18,4.0,11.7,8.3,16.7,0.0,0.2,4.2,19.4,65.4,15.4,7.7,0.13,2.9,14.2,15.8,15.8,26.3,0.15,3.2,17.2,8.7,17.4,26.1,0.14,3.1,19.4,23.1,19.2,19.2,0.15,2.8,14.9,5.0,10.0,40.0,0.16,2.9,14.9,5.0,20.0,0.0,0.16,3.7,24.7,78.9,2.6,7.9,0.13,2.3,13.6,33.3,28.6,9.5,0.12,2.5,16.9,15.4,23.1,23.1,0.16,2.9,16.2,12.0,24.0,24.0,0.12,2.0,13.6,4.8,28.6,14.3,0.15,3.0,14.9,8.7,13.0,30.4,0.19,4.3,19.9,72.4,3.4,6.9,0.16,3.0,16.4,29.2,20.8,16.7,0.15,3.8,15.1,31.8,22.7,22.7,0.15,2.8,17.1,20.0,32.0,24.0,0.14,2.6,14.4,28.6,4.8,23.8,0.13,2.5,17.1,4.0,12.0,16.0,0.16,3.4,18.7,60.0,15.0,10.0,0.14,2.8,16.8,5.6,22.2,16.7,0.18,3.7,14.0,13.3,33.3,6.7,0.13,1.9,15.9,23.5,17.6,0.0,0.13,3.4,17.8,5.3,15.8,21.1,0.16,3.2,16.8,16.7,16.7,0.0,0.2,4.3,0.0,0.0,0.0,0.0,0.0,0.0,0.0,0.0,0.0,0.0,0.0,0.0,0.0,0.0,0.0,0.0,0.0,0.0,0.0,0.0,0.0,0.0,0.0,0.0,0.0,0.0,0.0,0.0,0.0,0.0,0.0,0.0,0.0,0.0,0.0,0.0
20260813,12,5,4788,A2,37.0,54.0,5.32,31.82,7.05,56.76,27,43.02,65,36.14,4631,B1,39.0,53.0,4.96,33.33,4.88,26.74,64,55.42,32,38.75,5376,B1,22.0,51.0,5.35,37.23,4.5,25.71,38,48.05,30,40.58,5046,B1,32.0,55.0,3.85,16.0,4.41,22.0,33,35.37,75,38.36,5393,B2,25.0,56.0,1.43,0.0,1.48,0.0,61,36.59,83,33.75,3415,A1,56.0,52.0,7.17,44.63,7.38,52.87,51,43.37,36,32.35,18.9,54.2,16.7,12.5,0.15,3.1,19.7,8.0,36.0,16.0,0.15,3.4,15.0,10.5,26.3,26.3,0.14,2.8,18.9,12.5,16.7,25.0,0.18,3.0,18.9,8.3,16.7,58.3,0.15,3.1,8.7,9.1,27.3,0.0,0.19,4.2,13.0,58.3,16.7,0.0,0.09,1.8,18.5,5.9,29.4,17.6,0.17,3.2,15.2,21.4,14.3,14.3,0.14,3.4,20.7,5.3,15.8,15.8,0.19,3.8,19.6,11.1,16.7,0.0,0.17,2.6,13.0,8.3,8.3,0.0,0.14,2.7,10.2,55.6,33.3,0.0,0.16,3.3,21.6,10.5,36.8,5.3,0.15,3.2,17.0,13.3,26.7,20.0,0.16,3.6,18.2,6.2,12.5,43.8,0.2,4.0,14.8,23.1,23.1,0.0,0.19,3.7,18.2,6.2,12.5,0.0,0.15,3.0,14.6,42.9,7.1,14.3,0.14,2.7,17.7,5.9,17.6,11.8,0.16,3.6,13.5,23.1,30.8,0.0,0.17,3.9,18.8,11.1,11.1,0.0,0.18,3.1,19.8,5.3,15.8,5.3,0.16,3.1,15.6,6.7,20.0,0.0,0.17,3.7,0.0,0.0,0.0,0.0,0.0,0.0,0.0,0.0,0.0,0.0,0.0,0.0,0.0,0.0,0.0,0.0,0.0,0.0,1.4,0.0,0.0,0.0,0.13,5.0,5.8,0.0,0.0,0.0,0.22,4.3,92.8,1.6,0.0,0.0,0.23,4.7,21.1,70.4,18.5,3.7,0.14,3.7,23.4,23.3,23.3,23.3,0.15,4.0,16.4,19.0,47.6,0.0,0.15,3.6,18.0,13.0,4.3,30.4,0.13,3.2,14.1,16.7,0.0,0.0,0.14,4.0,7.0,33.3,0.0,0.0,0.17,4.7
20260813,12,6,4977,A2,32.0,55.0,6.25,43.56,5.88,40.22,55,41.98,31,37.8,4319,A2,41.0,53.0,5.52,33.33,5.64,36.99,29,44.58,55,39.29,4561,A2,35.0,53.0,5.71,41.12,5.96,45.88,20,50.62,29,36.9,4138,B1,45.0,54.0,5.08,33.33,5.47,33.96,14,25.84,82,50.68,4760,A1,36.0,52.0,7.44,50.77,7.01,47.56,16,33.71,59,43.84,3882,B1,53.0,55.0,4.27,17.05,4.64,29.55,60,42.7,67,41.33,19.3,75.0,12.5,0.0,0.15,2.9,19.3,18.8,18.8,37.5,0.15,3.6,15.7,46.2,23.1,0.0,0.2,3.7,18.1,6.7,20.0,13.3,0.14,2.4,15.7,7.7,23.1,23.1,0.17,3.4,12.0,10.0,30.0,0.0,0.14,4.0,16.9,60.0,20.0,5.0,0.15,2.7,16.1,10.5,31.6,36.8,0.19,3.6,16.9,5.0,45.0,10.0,0.16,3.1,11.0,15.4,15.4,23.1,0.15,3.4,22.9,7.4,11.1,22.2,0.18,3.8,16.1,21.1,5.3,0.0,0.22,5.5,19.0,65.2,17.4,4.3,0.15,3.0,28.9,20.0,17.1,17.1,0.19,3.9,19.8,29.2,16.7,8.3,0.17,2.9,19.8,41.7,12.5,29.2,0.17,3.4,8.3,20.0,10.0,0.0,0.21,4.8,4.1,0.0,0.0,0.0,0.3,5.0,14.7,35.7,14.3,21.4,0.17,3.4,17.9,5.9,5.9,29.4,0.19,3.4,18.9,11.1,22.2,0.0,0.16,3.4,15.8,13.3,13.3,0.0,0.14,2.5,20.0,5.3,15.8,10.5,0.15,2.7,12.6,16.7,0.0,0.0,0.16,3.8,23.1,86.1,5.6,2.8,0.15,3.3,14.1,13.6,27.3,31.8,0.14,3.3,16.7,15.4,34.6,26.9,0.14,3.0,18.6,27.6,17.2,17.2,0.14,3.0,16.0,20.0,16.0,28.0,0.14,3.4,11.5,27.8,16.7,0.0,0.13,3.4,13.5,53.3,6.7,20.0,0.16,2.9,20.7,8.7,13.0,43.5,0.2,3.9,16.2,5.6,11.1,27.8,0.18,3.7,16.2,22.2,11.1,22.2,0.14,2.7,23.4,3.8,7.7,30.8,0.17,4.0,9.9,9.1,0.0,0.0,0.19,4.0
20260813,12,7,3997,A1,47.0,52.0,6.15,40.32,5.93,40.5,25,33.75,78,31.17,4489,B1,39.0,54.0,5.15,33.33,4.38,21.79,19,39.53,35,31.25,4377,A1,42.0,49.0,5.41,38.24,5.38,34.91,56,33.75,58,32.35,4639,B1,35.0,54.0,4.29,22.58,4.62,28.57,18,27.27,37,34.25,4397,A1,39.0,53.0,7.4,60.0,6.99,47.16,80,48.19,69,39.19,5302,B1,23.0,52.0,3.96,22.54,2.48,9.57,73,39.02,87,35.37,22.8,70.6,11.8,5.9,0.15,2.3,17.4,11.5,46.2,19.2,0.17,3.5,16.8,24.0,16.0,32.0,0.15,3.0,15.4,17.4,13.0,34.8,0.17,3.7,16.8,4.0,16.0,32.0,0.17,3.6,10.7,6.2,37.5,0.0,0.17,4.7,17.6,63.2,5.3,5.3,0.13,2.4,13.9,26.7,20.0,20.0,0.14,3.1,17.6,5.3,31.6,10.5,0.13,1.8,16.7,5.6,22.2,22.2,0.16,2.6,20.4,4.5,9.1,31.8,0.15,3.9,13.9,6.7,13.3,0.0,0.22,4.6,21.2,68.0,12.0,0.0,0.14,2.0,15.3,11.1,55.6,16.7,0.13,2.8,14.4,11.8,47.1,11.8,0.13,2.8,15.3,27.8,27.8,16.7,0.17,2.8,15.3,22.2,33.3,0.0,0.17,3.2,18.6,4.5,13.6,36.4,0.16,3.6,15.2,50.0,31.2,0.0,0.14,3.0,19.0,5.0,20.0,5.0,0.16,3.6,17.1,11.1,11.1,27.8,0.16,3.4,22.9,4.2,16.7,12.5,0.15,3.0,17.1,5.6,11.1,0.0,0.21,4.0,8.6,11.1,0.0,0.0,0.18,3.4,19.3,84.6,7.7,7.7,0.14,2.6,17.8,12.5,20.8,16.7,0.13,3.0,17.8,8.3,33.3,25.0,0.12,3.0,18.5,12.0,20.0,20.0,0.12,2.9,16.3,18.2,18.2,18.2,0.15,3.5,10.4,21.4,0.0,0.0,0.14,4.0,13.8,53.8,15.4,0.0,0.16,3.3,16.0,6.7,26.7,0.0,0.17,3.6,24.5,34.8,8.7,0.0,0.15,3.0,16.0,13.3,0.0,0.0,0.21,3.9,17.0,12.5,0.0,0.0,0.19,3.5,12.8,8.3,0.0,0.0,0.18,4.3
20260813,12,8,5267,A1,26.0,51.0,6.53,50.0,6.42,47.06,58,36.05,72,32.14,3977,B1,49.0,53.0,4.21,15.79,5.02,26.67,71,38.55,90,31.33,5004,A2,30.0,52.0,5.9,39.5,5.22,32.38,37,30.95,57,34.15,4436,A1,40.0,52.0,6.32,47.78,6.23,44.63,70,39.51,71,33.78,5325,B1,23.0,51.0,6.01,42.7,3.54,12.6,34,29.41,51,38.2,5036,B1,28.0,53.0,5.13,31.43,5.05,35.11,79,36.78,13,35.62,19.9,72.4,3.4,6.9,0.16,3.0,16.4,29.2,20.8,16.7,0.15,3.8,15.1,31.8,22.7,22.7,0.15,2.8,17.1,20.0,32.0,24.0,0.14,2.6,14.4,28.6,4.8,23.8,0.13,2.5,17.1,4.0,12.0,16.0,0.16,3.4,13.1,28.6,7.1,42.9,0.17,3.4,16.8,11.1,16.7,11.1,0.19,4.0,18.7,5.0,10.0,30.0,0.17,3.0,20.6,9.1,4.5,18.2,0.17,3.5,14.0,13.3,13.3,0.0,0.21,4.5,16.8,5.6,16.7,0.0,0.19,4.0,15.7,61.1,11.1,16.7,0.16,2.7,18.3,9.5,42.9,28.6,0.13,2.8,15.7,11.1,33.3,16.7,0.14,3.3,17.4,5.0,10.0,25.0,0.17,3.3,18.3,4.8,14.3,19.0,0.16,2.8,14.8,5.9,23.5,0.0,0.16,3.5,18.6,69.2,11.5,3.8,0.14,2.4,17.1,25.0,29.2,8.3,0.16,2.9,17.9,24.0,28.0,24.0,0.16,2.8,14.3,15.0,30.0,35.0,0.18,3.4,18.6,7.7,34.6,34.6,0.14,3.3,13.6,10.5,26.3,0.0,0.15,3.1,14.7,33.3,20.0,13.3,0.2,3.3,18.6,10.5,36.8,21.1,0.17,3.1,14.7,6.7,6.7,40.0,0.13,2.7,14.7,6.7,13.3,33.3,0.16,3.3,16.7,29.4,11.8,0.0,0.14,3.2,20.6,23.8,0.0,0.0,0.2,4.5,12.6,46.7,13.3,0.0,0.18,3.8,16.8,5.0,40.0,5.0,0.18,3.6,21.8,15.4,23.1,3.8,0.19,3.3,17.6,19.0,9.5,9.5,0.13,2.7,17.6,33.3,14.3,0.0,0.18,4.0,13.4,18.8,6.2,18.8,0.2,4.2
20260813,12,9,4826,A1,32.0,52.0,6.98,52.68,6.68,44.03,69,36.14,76,33.33,4389,A2,40.0,52.0,5.55,31.87,5.27,33.33,85,37.18,81,42.65,4967,A1,28.0,51.0,6.64,46.72,6.19,42.86,57,46.34,73,37.5,4631,B1,39.0,53.0,4.96,33.33,4.88,26.74,64,55.42,32,38.75,4422,B1,37.0,52.0,4.54,25.64,4.97,26.92,84,33.33,53,32.47,5289,A2,25.0,52.0,5.89,41.12,4.17,18.02,35,35.0,89,31.94,23.4,73.5,5.9,5.9,0.12,2.2,16.6,16.7,25.0,33.3,0.13,3.1,16.6,20.8,25.0,20.8,0.14,3.0,11.7,29.4,29.4,0.0,0.12,2.3,19.3,25.0,17.9,28.6,0.14,3.2,12.4,22.2,22.2,0.0,0.14,3.3,15.5,50.0,25.0,18.8,0.16,4.2,22.3,8.7,26.1,39.1,0.19,3.6,15.5,31.2,18.8,18.8,0.18,3.2,19.4,5.0,5.0,40.0,0.16,3.6,11.7,8.3,16.7,16.7,0.16,3.8,15.5,6.2,0.0,0.0,0.21,4.3,21.4,72.7,13.6,4.5,0.15,3.5,14.6,6.7,13.3,33.3,0.19,3.7,17.5,22.2,22.2,22.2,0.14,2.8,16.5,17.6,23.5,23.5,0.14,2.6,19.4,15.0,20.0,20.0,0.14,2.9,10.7,27.3,18.2,0.0,0.17,4.2,13.0,58.3,16.7,0.0,0.09,1.8,18.5,5.9,29.4,17.6,0.17,3.2,15.2,21.4,14.3,14.3,0.14,3.4,20.7,5.3,15.8,15.8,0.19,3.8,19.6,11.1,16.7,0.0,0.17,2.6,13.0,8.3,8.3,0.0,0.14,2.7,12.6,61.5,23.1,7.7,0.16,2.8,17.5,11.1,22.2,33.3,0.15,2.9,20.4,4.8,23.8,9.5,0.18,3.6,17.5,33.3,0.0,0.0,0.18,4.2,20.4,4.8,9.5,9.5,0.18,4.0,11.7,8.3,16.7,0.0,0.2,4.2,14.4,53.8,23.1,15.4,0.14,3.3,17.8,12.5,56.2,0.0,0.17,3.5,16.7,6.7,20.0,40.0,0.18,3.2,18.9,17.6,5.9,41.2,0.14,2.8,17.8,6.2,12.5,31.2,0.14,2.9,14.4,23.1,7.7,0.0,0.18,3.3
20260813,12,10,4427,A1,40.0,52.0,7.11,54.62,6.15,39.34,66,32.14,26,35.0,3415,A1,56.0,52.0,7.17,44.63,7.38,52.87,51,43.37,36,32.35,4514,A1,36.0,53.0,6.66,54.89,6.97,54.55,72,30.34,12,40.54,4834,A2,38.0,51.0,5.45,36.36,5.17,32.14,74,33.73,33,42.67,4905,B1,31.0,54.0,4.63,23.08,4.1,20.0,11,43.37,85,32.47,4319,A2,41.0,53.0,5.52,33.33,5.64,36.99,29,44.58,55,39.29,19.0,77.3,13.6,0.0,0.14,2.2,14.7,5.9,23.5,23.5,0.15,3.3,19.8,26.1,13.0,26.1,0.12,3.1,13.8,12.5,25.0,12.5,0.16,3.2,16.4,15.8,5.3,31.6,0.11,2.6,16.4,5.3,15.8,0.0,0.14,3.7,21.1,70.4,18.5,3.7,0.14,3.7,23.4,23.3,23.3,23.3,0.15,4.0,16.4,19.0,47.6,0.0,0.15,3.6,18.0,13.0,4.3,30.4,0.13,3.2,14.1,16.7,0.0,0.0,0.14,4.0,7.0,33.3,0.0,0.0,0.17,4.7,23.1,74.2,12.9,6.5,0.16,3.2,17.9,20.8,29.2,4.2,0.2,4.3,17.9,33.3,25.0,20.8,0.19,3.6,16.4,18.2,22.7,36.4,0.21,4.1,11.2,26.7,13.3,0.0,0.19,3.9,13.4,11.1,33.3,0.0,0.2,4.5,19.4,65.4,15.4,7.7,0.13,2.9,14.2,15.8,15.8,26.3,0.15,3.2,17.2,8.7,17.4,26.1,0.14,3.1,19.4,23.1,19.2,19.2,0.15,2.8,14.9,5.0,10.0,40.0,0.16,2.9,14.9,5.0,20.0,0.0,0.16,3.7,13.8,45.5,27.3,9.1,0.21,3.9,15.0,8.3,16.7,8.3,0.21,4.8,18.8,13.3,6.7,20.0,0.19,4.1,21.2,23.5,5.9,0.0,0.17,4.2,18.8,20.0,0.0,0.0,0.23,4.7,12.5,0.0,0.0,0.0,0.27,5.0,16.9,60.0,20.0,5.0,0.15,2.7,16.1,10.5,31.6,36.8,0.19,3.6,16.9,5.0,45.0,10.0,0.16,3.1,11.0,15.4,15.4,23.1,0.15,3.4,22.9,7.4,11.1,22.2,0.18,3.8,16.1,21.1,5.3,0.0,0.22,5.5
20260813,12,11,4044,A1,46.0,53.0,6.77,42.86,6.43,43.38,77,37.08,88,37.33,4934,A2,30.0,56.0,5.16,29.55,5.48,38.33,82,38.2,17,47.89,4760,A1,36.0,52.0,7.44,50.77,7.01,47.56,16,33.71,59,43.84,4311,A1,42.0,58.0,6.62,50.98,6.71,48.95,23,28.57,20,33.33,3997,A1,47.0,52.0,6.15,40.32,5.93,40.5,25,33.75,78,31.17,3963,A2,47.0,52.0,5.81,36.61,6.17,46.67,24,46.43,77,32.0,21.4,70.0,16.7,0.0,0.14,3.5,17.9,16.0,36.0,20.0,0.13,3.2,16.4,21.7,8.7,34.8,0.16,4.0,17.1,16.7,20.8,20.8,0.13,2.9,15.0,19.0,9.5,19.0,0.13,3.0,12.1,11.8,23.5,0.0,0.14,3.4,19.1,45.5,31.8,4.5,0.16,2.5,13.9,18.8,18.8,31.2,0.17,3.5,17.4,15.0,25.0,25.0,0.16,3.4,14.8,11.8,29.4,17.6,0.19,2.9,13.9,31.2,25.0,0.0,0.18,3.1,20.9,4.2,8.3,8.3,0.18,4.3,23.1,86.1,5.6,2.8,0.15,3.3,14.1,13.6,27.3,31.8,0.14,3.3,16.7,15.4,34.6,26.9,0.14,3.0,18.6,27.6,17.2,17.2,0.14,3.0,16.0,20.0,16.0,28.0,0.14,3.4,11.5,27.8,16.7,0.0,0.13,3.4,24.7,78.9,2.6,7.9,0.13,2.3,13.6,33.3,28.6,9.5,0.12,2.5,16.9,15.4,23.1,23.1,0.16,2.9,16.2,12.0,24.0,24.0,0.12,2.0,13.6,4.8,28.6,14.3,0.15,3.0,14.9,8.7,13.0,30.4,0.19,4.3,22.8,70.6,11.8,5.9,0.15,2.3,17.4,11.5,46.2,19.2,0.17,3.5,16.8,24.0,16.0,32.0,0.15,3.0,15.4,17.4,13.0,34.8,0.17,3.7,16.8,4.0,16.0,32.0,0.17,3.6,10.7,6.2,37.5,0.0,0.17,4.7,18.5,60.9,17.4,17.4,0.16,3.2,15.3,36.8,26.3,0.0,0.16,3.4,19.4,8.3,25.0,29.2,0.17,3.4,15.3,5.3,21.1,26.3,0.17,3.0,17.7,22.7,18.2,9.1,0.19,4.0,13.7,5.9,17.6,0.0,0.17,4.8
20260813,12,12,4719,A1,32.0,50.0,7.41,44.95,7.58,56.99,30,20.69,79,33.82,4168,A1,44.0,53.0,6.8,46.94,6.7,47.47,39,37.93,24,38.67,4659,A1,35.0,53.0,7.62,54.55,6.74,47.22,52,33.75,16,30.23,4907,A1,31.0,53.0,7.39,57.02,6.67,50.38,54,37.65,68,29.76,4959,A1,30.0,53.0,7.43,54.87,6.77,50.57,28,28.26,11,31.76,4832,A1,39.0,51.0,6.61,45.38,6.91,54.62,22,34.94,28,34.18,25.4,82.9,11.4,2.9,0.12,3.0,13.8,26.3,26.3,31.6,0.14,3.3,13.8,15.8,5.3,31.6,0.16,3.4,17.4,12.5,25.0,33.3,0.14,2.7,15.9,13.6,18.2,4.5,0.13,3.0,13.8,26.3,0.0,0.0,0.15,4.5,23.6,70.0,13.3,6.7,0.14,2.7,16.5,19.0,28.6,14.3,0.15,3.2,19.7,32.0,28.0,8.0,0.14,2.9,16.5,9.5,9.5,4.8,0.12,3.0,13.4,11.8,11.8,23.5,0.15,3.2,10.2,46.2,0.0,0.0,0.18,3.9,21.6,80.0,3.3,10.0,0.14,3.4,14.4,20.0,20.0,45.0,0.15,3.5,17.3,16.7,33.3,16.7,0.14,3.3,16.5,17.4,26.1,26.1,0.16,3.0,17.3,8.3,12.5,16.7,0.14,3.0,12.9,11.1,22.2,0.0,0.18,4.0,21.8,66.7,16.7,8.3,0.15,2.8,16.4,16.7,38.9,5.6,0.14,3.7,13.6,26.7,33.3,26.7,0.15,2.6,17.3,15.8,31.6,15.8,0.13,3.2,15.5,17.6,5.9,17.6,0.14,3.8,15.5,5.9,11.8,11.8,0.16,3.9,19.6,77.8,11.1,0.0,0.14,3.4,20.3,21.4,28.6,14.3,0.17,4.2,14.5,25.0,30.0,25.0,0.15,3.4,16.7,8.7,30.4,21.7,0.13,3.0,15.2,19.0,19.0,4.8,0.15,4.3,13.8,21.1,21.1,0.0,0.15,4.4,20.6,79.3,13.8,3.4,0.13,2.5,17.7,32.0,20.0,12.0,0.14,2.6,16.3,17.4,26.1,26.1,0.14,2.9,14.9,23.8,33.3,23.8,0.14,2.3,17.0,16.7,33.3,0.0,0.14,3.4,13.5,15.8,31.6,0.0,0.16,4.3
20260813,08,1,4118,A2,45.0,53.0,5.72,36.44,6.0,39.76,25,28.99,54,18.52,3690,B1,55.0,52.0,4.87,31.0,4.32,22.0,36,31.19,20,35.71,4752,B1,38.0,51.0,4.2,21.69,4.27,20.97,29,34.78,50,37.04,4293,B1,41.0,60.0,4.98,30.0,5.05,32.81,21,35.5,36,41.67,5232,B1,28.0,52.0,5.19,28.89,2.74,5.26,28,29.7,35,27.59,5347,B2,22.0,45.0,1.64,0.0,1.28,0.0,24,33.01,72,41.67,22.1,63.6,27.3,3.0,0.13,2.1,14.8,9.1,27.3,22.7,0.15,2.3,13.4,5.0,20.0,20.0,0.13,2.6,19.5,13.8,27.6,17.2,0.16,2.7,13.4,10.0,20.0,25.0,0.14,3.1,16.8,4.0,4.0,20.0,0.17,3.9,11.8,25.0,33.3,8.3,0.18,3.1,20.6,14.3,28.6,28.6,0.21,4.7,18.6,5.3,26.3,5.3,0.18,4.1,15.7,6.2,25.0,0.0,0.16,3.0,16.7,5.9,11.8,0.0,0.19,4.2,16.7,5.9,17.6,0.0,0.19,3.8,11.4,22.2,66.7,0.0,0.17,2.6,19.0,6.7,13.3,26.7,0.17,2.8,16.5,7.7,23.1,0.0,0.19,3.9,24.1,15.8,5.3,15.8,0.19,3.6,16.5,23.1,23.1,0.0,0.18,4.0,12.7,10.0,0.0,0.0,0.2,5.0,18.6,36.4,31.8,4.5,0.15,3.3,18.6,9.1,31.8,18.2,0.19,4.0,15.3,5.6,27.8,16.7,0.18,3.8,12.7,20.0,0.0,0.0,0.21,4.9,15.3,16.7,0.0,0.0,0.18,4.1,19.5,17.4,0.0,0.0,0.19,4.0,14.3,50.0,25.0,0.0,0.14,3.8,19.0,6.2,18.8,18.8,0.18,4.3,16.7,35.7,14.3,0.0,0.18,3.4,15.5,15.4,7.7,0.0,0.14,2.8,21.4,11.1,16.7,11.1,0.15,3.1,13.1,18.2,0.0,0.0,0.19,4.6,0.0,0.0,0.0,0.0,0.0,0.0,0.0,0.0,0.0,0.0,0.0,0.0,1.4,0.0,0.0,0.0,0.55,5.0,24.7,5.6,0.0,0.0,0.25,5.1,28.8,9.5,0.0,0.0,0.2,4.1,45.2,3.0,0.0,0.0,0.19,4.3
20260813,08,2,3528,B1,55.0,48.0,4.14,14.1,3.99,19.48,60,33.64,53,48.15,4142,A2,45.0,54.0,5.7,32.14,5.29,24.68,55,26.92,63,31.03,3687,B1,56.0,52.0,4.97,29.89,5.12,30.0,26,34.43,11,37.04,4527,B1,38.0,52.0,4.44,24.36,4.18,21.62,54,29.69,60,56.25,3941,A1,48.0,54.0,7.64,46.96,8.03,64.71,41,33.01,71,33.33,5405,B1,22.0,52.0,2.19,0.0,1.52,0.0,20,33.17,29,23.08,16.9,20.0,20.0,13.3,0.16,2.8,16.9,6.7,6.7,13.3,0.24,5.0,19.1,5.9,0.0,0.0,0.21,3.9,19.1,5.9,29.4,0.0,0.16,3.4,18.0,6.2,18.8,0.0,0.19,3.7,10.1,44.4,0.0,0.0,0.25,4.4,18.8,45.5,31.8,18.2,0.17,3.0,17.9,19.0,19.0,28.6,0.18,3.8,16.2,10.5,36.8,31.6,0.17,3.6,19.7,8.7,47.8,0.0,0.18,4.0,14.5,5.9,17.6,0.0,0.21,4.0,12.8,6.7,0.0,0.0,0.17,4.6,15.4,78.6,14.3,0.0,0.15,1.6,35.2,9.4,28.1,18.8,0.14,2.7,25.3,4.3,13.0,17.4,0.18,2.9,23.1,4.8,9.5,14.3,0.18,3.7,1.1,0.0,0.0,0.0,0.29,5.0,0.0,0.0,0.0,0.0,0.0,0.0,14.1,41.7,8.3,0.0,0.14,2.3,21.2,5.6,16.7,33.3,0.15,3.2,15.3,7.7,23.1,30.8,0.16,3.4,21.2,5.6,11.1,22.2,0.17,3.3,17.6,6.7,0.0,0.0,0.22,4.4,10.6,0.0,0.0,0.0,0.23,5.0,25.9,83.3,6.7,6.7,0.11,2.4,12.1,14.3,35.7,28.6,0.11,2.9,17.2,45.0,25.0,20.0,0.1,1.8,15.5,11.1,33.3,16.7,0.12,2.7,17.2,15.0,15.0,35.0,0.14,3.2,12.1,7.1,14.3,0.0,0.14,3.9,0.0,0.0,0.0,0.0,0.0,0.0,0.0,0.0,0.0,0.0,0.0,0.0,1.3,100.0,0.0,0.0,0.24,1.0,15.2,16.7,8.3,0.0,0.19,2.2,32.9,7.7,0.0,0.0,0.2,3.1,50.6,2.5,0.0,0.0,0.19,3.7
20260813,08,3,4016,B1,46.0,57.0,5.5,33.66,6.02,42.0,14,49.75,43,33.33,5125,A2,30.0,52.0,5.06,28.13,5.61,33.33,12,41.84,12,10.71,4910,A1,30.0,51.0,7.08,57.29,6.58,49.35,56,28.42,73,44.83,3315,B1,60.0,53.0,4.31,22.67,4.99,27.06,8,34.95,34,43.75,4604,A1,38.0,52.0,7.24,51.54,7.38,57.94,47,33.5,24,25.93,5410,B2,21.0,50.0,2.13,6.25,1.15,0.0,3,46.57,66,32.0,14.3,28.6,28.6,28.6,0.17,3.1,17.3,5.9,35.3,23.5,0.19,3.8,16.3,25.0,37.5,0.0,0.14,2.0,19.4,21.1,10.5,15.8,0.16,2.6,17.3,5.9,11.8,11.8,0.18,3.2,15.3,6.7,20.0,6.7,0.16,2.8,21.0,71.4,4.8,9.5,0.15,3.1,19.0,15.8,31.6,26.3,0.18,3.9,13.0,15.4,15.4,7.7,0.15,3.3,14.0,7.1,7.1,14.3,0.19,3.8,18.0,16.7,33.3,16.7,0.17,3.7,15.0,13.3,26.7,0.0,0.22,4.9,21.2,85.7,4.8,0.0,0.14,1.9,16.2,6.2,43.8,25.0,0.15,3.1,15.2,20.0,40.0,13.3,0.16,2.4,17.2,47.1,5.9,0.0,0.18,3.9,17.2,11.8,23.5,17.6,0.13,2.6,13.1,7.7,15.4,0.0,0.16,4.1,14.7,18.2,18.2,27.3,0.11,2.6,16.0,16.7,25.0,0.0,0.18,3.8,18.7,35.7,21.4,0.0,0.15,2.9,21.3,6.2,12.5,18.8,0.17,3.4,14.7,9.1,27.3,0.0,0.17,4.0,14.7,18.2,18.2,0.0,0.2,3.9,20.0,88.5,3.8,3.8,0.13,2.0,16.9,27.3,36.4,13.6,0.13,3.0,17.7,8.7,34.8,26.1,0.15,3.6,13.1,11.8,11.8,47.1,0.15,3.5,19.2,8.0,16.0,20.0,0.15,3.8,13.1,17.6,0.0,0.0,0.16,4.4,0.0,0.0,0.0,0.0,0.0,0.0,0.0,0.0,0.0,0.0,0.0,0.0,0.0,0.0,0.0,0.0,0.0,0.0,0.0,0.0,0.0,0.0,0.0,0.0,6.4,0.0,0.0,0.0,0.19,3.0,93.6,1.4,2.7,2.7,0.16,2.9
20260813,08,4,4630,A2,39.0,53.0,6.03,38.81,6.33,48.19,35,44.88,26,51.85,5082,B1,27.0,57.0,5.23,33.64,4.14,14.29,57,33.85,18,37.93,5002,A2,30.0,52.0,5.37,32.67,5.52,39.24,1,35.2,74,40.74,3302,B1,59.0,46.0,5.38,39.34,5.51,36.84,45,30.66,75,33.33,3542,B1,57.0,57.0,4.12,20.43,4.08,20.22,51,35.15,55,43.33,4850,A2,31.0,53.0,6.18,42.5,6.2,43.9,19,34.15,14,41.38,21.1,60.9,17.4,17.4,0.18,4.0,13.8,20.0,26.7,20.0,0.17,3.8,16.5,11.1,16.7,38.9,0.2,3.4,15.6,5.9,23.5,29.4,0.18,3.6,14.7,18.8,25.0,0.0,0.19,4.1,18.3,10.0,15.0,0.0,0.2,4.8,11.3,41.7,8.3,33.3,0.18,3.3,21.7,30.4,30.4,0.0,0.19,3.4,17.9,5.3,15.8,21.1,0.18,3.9,18.9,20.0,20.0,15.0,0.16,3.2,15.1,18.8,31.2,0.0,0.21,4.3,15.1,6.2,18.8,18.8,0.19,4.3,19.8,60.9,21.7,0.0,0.17,3.0,18.1,19.0,33.3,19.0,0.15,3.2,13.8,18.8,25.0,37.5,0.2,2.6,15.5,5.6,22.2,27.8,0.16,3.2,17.2,10.0,5.0,25.0,0.18,3.4,15.5,27.8,0.0,0.0,0.17,3.5,16.4,50.0,8.3,8.3,0.19,3.7,21.9,25.0,31.2,12.5,0.17,3.5,12.3,44.4,11.1,0.0,0.18,2.4,21.9,6.2,12.5,18.8,0.16,2.9,13.7,10.0,10.0,0.0,0.16,3.0,13.7,10.0,0.0,0.0,0.22,3.7,14.9,30.8,15.4,15.4,0.2,3.1,65.5,5.3,12.3,8.8,0.19,3.6,16.1,14.3,21.4,0.0,0.19,3.9,2.3,0.0,0.0,0.0,0.17,4.5,1.1,0.0,0.0,0.0,0.22,4.0,0.0,0.0,0.0,0.0,0.0,0.0,18.2,79.2,16.7,4.2,0.12,1.9,13.6,27.8,22.2,11.1,0.11,2.1,21.2,10.7,25.0,25.0,0.12,2.2,18.2,8.3,8.3,33.3,0.11,2.1,20.5,11.1,14.8,22.2,0.1,2.0,8.3,18.2,9.1,0.0,0.15,2.4
20260813,08,5,4901,B1,33.0,45.0,5.54,31.76,0.0,0.0,7,33.33,19,37.04,5252,A2,23.0,52.0,5.93,41.74,5.03,31.94,42,39.5,41,17.24,5347,B2,22.0,45.0,1.64,0.0,1.28,0.0,24,33.01,72,41.67,4435,A2,40.0,54.0,5.63,36.78,4.87,29.85,5,36.15,59,26.32,4678,B1,37.0,46.0,4.66,27.03,5.49,38.67,38,31.13,42,21.43,4084,A1,46.0,56.0,6.44,43.61,6.74,48.87,13,31.44,15,20.0,13.6,45.5,9.1,9.1,0.19,2.6,16.0,15.4,23.1,15.4,0.18,3.1,18.5,20.0,13.3,20.0,0.16,3.4,22.2,5.6,5.6,16.7,0.17,2.9,18.5,20.0,0.0,0.0,0.14,2.6,11.1,11.1,0.0,0.0,0.16,3.2,20.2,48.0,28.0,12.0,0.13,2.4,19.4,12.5,12.5,45.8,0.13,2.9,15.3,21.1,31.6,21.1,0.14,2.9,15.3,15.8,21.1,26.3,0.15,2.8,15.3,31.6,21.1,0.0,0.15,3.3,14.5,11.1,22.2,0.0,0.16,3.7,0.0,0.0,0.0,0.0,0.0,0.0,0.0,0.0,0.0,0.0,0.0,0.0,1.4,0.0,0.0,0.0,0.55,5.0,24.7,5.6,0.0,0.0,0.25,5.1,28.8,9.5,0.0,0.0,0.2,4.1,45.2,3.0,0.0,0.0,0.19,4.3,13.6,58.3,16.7,8.3,0.13,2.2,18.2,25.0,18.8,18.8,0.2,4.3,19.3,17.6,29.4,11.8,0.2,3.1,18.2,6.2,25.0,25.0,0.17,3.1,13.6,16.7,41.7,0.0,0.15,2.9,17.0,26.7,0.0,0.0,0.22,4.3,16.9,66.7,13.3,13.3,0.17,2.3,21.3,15.8,21.1,21.1,0.16,3.1,12.4,9.1,45.5,9.1,0.16,2.8,13.5,8.3,33.3,0.0,0.15,2.5,24.7,9.1,4.5,13.6,0.16,3.2,11.2,20.0,0.0,0.0,0.23,4.6,21.7,80.6,9.7,0.0,0.14,3.0,15.4,9.1,45.5,18.2,0.17,4.0,16.8,8.3,33.3,20.8,0.15,3.2,14.0,20.0,20.0,20.0,0.15,3.2,16.8,12.5,20.8,20.8,0.17,3.8,15.4,9.1,9.1,13.6,0.16,3.6
20260813,08,6,3554,A1,54.0,53.0,6.47,51.91,6.9,54.55,10,41.23,28,26.92,4837,B1,37.0,51.0,4.88,31.71,4.91,33.96,30,43.01,65,38.1,4570,A1,38.0,54.0,6.0,37.5,6.98,52.75,37,32.51,52,27.59,3528,B1,55.0,48.0,4.14,14.1,3.99,19.48,60,33.64,53,48.15,4526,A2,38.0,51.0,4.82,26.32,6.35,47.37,53,39.0,46,26.92,5472,B2,16.0,42.0,1.0,0.0,1.0,0.0,4,32.51,64,40.63,28.3,58.5,24.4,7.3,0.18,3.3,17.9,15.4,38.5,15.4,0.17,3.4,23.4,8.8,23.5,35.3,0.17,3.2,20.0,24.1,24.1,13.8,0.18,3.6,9.0,15.4,30.8,0.0,0.22,4.5,1.4,0.0,0.0,0.0,0.2,4.5,14.8,30.8,30.8,15.4,0.15,3.2,15.9,7.1,21.4,0.0,0.18,3.8,20.5,38.9,11.1,0.0,0.15,2.7,17.0,6.7,46.7,0.0,0.15,3.6,19.3,5.9,29.4,0.0,0.17,3.7,12.5,9.1,9.1,0.0,0.16,3.8,20.2,45.5,18.2,18.2,0.15,3.5,17.4,21.1,47.4,5.3,0.17,3.4,15.6,17.6,17.6,35.3,0.13,2.6,13.8,13.3,33.3,33.3,0.16,3.3,17.4,15.8,26.3,15.8,0.16,3.2,15.6,5.9,5.9,23.5,0.18,4.0,16.9,20.0,20.0,13.3,0.16,2.8,16.9,6.7,6.7,13.3,0.24,5.0,19.1,5.9,0.0,0.0,0.21,3.9,19.1,5.9,29.4,0.0,0.16,3.4,18.0,6.2,18.8,0.0,0.19,3.7,10.1,44.4,0.0,0.0,0.25,4.4,16.7,70.6,17.6,0.0,0.14,2.4,15.7,31.2,31.2,0.0,0.15,2.9,15.7,25.0,18.8,12.5,0.16,2.4,15.7,18.8,25.0,6.2,0.14,2.5,21.6,9.1,9.1,18.2,0.14,2.5,14.7,6.7,20.0,0.0,0.17,2.7,0.0,0.0,0.0,0.0,0.0,0.0,0.0,0.0,0.0,0.0,0.0,0.0,0.0,0.0,0.0,0.0,0.0,0.0,0.0,0.0,0.0,0.0,0.0,0.0,0.0,0.0,0.0,0.0,0.0,0.0,0.0,0.0,0.0,0.0,0.0,0.0
20260813,08,7,5318,B1,25.0,54.0,3.92,18.68,2.08,3.13,9,42.86,69,32.14,4409,A1,40.0,56.0,6.31,47.87,6.56,48.89,40,32.5,44,50.0,4293,B1,41.0,60.0,4.98,30.0,5.05,32.81,21,35.5,36,41.67,4142,A2,45.0,54.0,5.7,32.14,5.29,24.68,55,26.92,63,31.03,3315,B1,60.0,53.0,4.31,22.67,4.99,27.06,8,34.95,34,43.75,3929,B1,50.0,51.0,4.06,17.98,4.48,22.62,50,34.36,57,51.52,11.3,25.0,25.0,0.0,0.15,3.1,18.9,5.0,15.0,0.0,0.19,3.8,21.7,4.3,13.0,17.4,0.18,3.3,17.9,5.3,21.1,0.0,0.16,2.8,17.0,5.6,11.1,11.1,0.18,3.7,13.2,7.1,0.0,0.0,0.17,3.5,24.6,80.0,6.7,6.7,0.16,3.3,18.0,18.2,40.9,18.2,0.15,2.8,13.1,18.8,31.2,18.8,0.12,2.3,15.6,15.8,31.6,36.8,0.12,2.7,14.8,16.7,27.8,27.8,0.16,2.7,13.9,5.9,11.8,11.8,0.18,3.6,18.6,36.4,31.8,4.5,0.15,3.3,18.6,9.1,31.8,18.2,0.19,4.0,15.3,5.6,27.8,16.7,0.18,3.8,12.7,20.0,0.0,0.0,0.21,4.9,15.3,16.7,0.0,0.0,0.18,4.1,19.5,17.4,0.0,0.0,0.19,4.0,18.8,45.5,31.8,18.2,0.17,3.0,17.9,19.0,19.0,28.6,0.18,3.8,16.2,10.5,36.8,31.6,0.17,3.6,19.7,8.7,47.8,0.0,0.18,4.0,14.5,5.9,17.6,0.0,0.21,4.0,12.8,6.7,0.0,0.0,0.17,4.6,14.7,18.2,18.2,27.3,0.11,2.6,16.0,16.7,25.0,0.0,0.18,3.8,18.7,35.7,21.4,0.0,0.15,2.9,21.3,6.2,12.5,18.8,0.17,3.4,14.7,9.1,27.3,0.0,0.17,4.0,14.7,18.2,18.2,0.0,0.2,3.9,14.1,30.8,23.1,0.0,0.17,3.1,15.2,14.3,14.3,28.6,0.17,2.3,21.7,10.0,10.0,20.0,0.15,2.4,17.4,6.2,31.2,0.0,0.16,3.3,17.4,12.5,12.5,6.2,0.17,2.5,14.1,7.7,7.7,0.0,0.14,2.7
20260813,08,8,4910,A1,30.0,51.0,7.08,57.29,6.58,49.35,56,28.42,73,44.83,4850,A2,31.0,53.0,6.18,42.5,6.2,43.9,19,34.15,14,41.38,3831,B1,52.0,54.0,4.21,25.84,5.0,34.38,32,29.9,33,11.11,4752,B1,38.0,51.0,4.2,21.69,4.27,20.97,29,34.78,50,37.04,4074,A1,45.0,52.0,6.54,48.33,6.73,52.88,16,37.02,22,43.75,3687,B1,56.0,52.0,4.97,29.89,5.12,30.0,26,34.43,11,37.04,21.2,85.7,4.8,0.0,0.14,1.9,16.2,6.2,43.8,25.0,0.15,3.1,15.2,20.0,40.0,13.3,0.16,2.4,17.2,47.1,5.9,0.0,0.18,3.9,17.2,11.8,23.5,17.6,0.13,2.6,13.1,7.7,15.4,0.0,0.16,4.1,18.2,79.2,16.7,4.2,0.12,1.9,13.6,27.8,22.2,11.1,0.11,2.1,21.2,10.7,25.0,25.0,0.12,2.2,18.2,8.3,8.3,33.3,0.11,2.1,20.5,11.1,14.8,22.2,0.1,2.0,8.3,18.2,9.1,0.0,0.15,2.4,16.2,37.5,25.0,0.0,0.16,2.9,14.1,7.1,57.1,7.1,0.14,3.6,21.2,14.3,19.0,14.3,0.13,2.6,19.2,5.3,21.1,21.1,0.14,2.4,16.2,12.5,25.0,0.0,0.14,2.9,13.1,7.7,0.0,0.0,0.22,4.4,11.4,22.2,66.7,0.0,0.17,2.6,19.0,6.7,13.3,26.7,0.17,2.8,16.5,7.7,23.1,0.0,0.19,3.9,24.1,15.8,5.3,15.8,0.19,3.6,16.5,23.1,23.1,0.0,0.18,4.0,12.7,10.0,0.0,0.0,0.2,5.0,17.9,66.7,14.3,4.8,0.12,2.2,16.2,15.8,42.1,15.8,0.15,3.3,20.5,12.5,37.5,20.8,0.12,2.3,19.7,4.3,26.1,34.8,0.14,3.0,14.5,29.4,5.9,0.0,0.15,3.4,11.1,7.7,23.1,0.0,0.14,2.8,15.4,78.6,14.3,0.0,0.15,1.6,35.2,9.4,28.1,18.8,0.14,2.7,25.3,4.3,13.0,17.4,0.18,2.9,23.1,4.8,9.5,14.3,0.18,3.7,1.1,0.0,0.0,0.0,0.29,5.0,0.0,0.0,0.0,0.0,0.0,0.0
20260813,08,9,5002,A2,30.0,52.0,5.37,32.67,5.52,39.24,1,35.2,74,40.74,4084,A1,46.0,56.0,6.44,43.61,6.74,48.87,13,31.44,15,20.0,4665,B1,42.0,52.0,4.08,17.44,4.61,25.81,59,41.21,56,24.14,5405,B1,22.0,52.0,2.19,0.0,1.52,0.0,20,33.17,29,23.08,4118,A2,45.0,53.0,5.72,36.44,6.0,39.76,25,28.99,54,18.52,4979,B1,30.0,53.0,4.88,30.3,4.91,29.85,39,41.36,76,38.46,19.8,60.9,21.7,0.0,0.17,3.0,18.1,19.0,33.3,19.0,0.15,3.2,13.8,18.8,25.0,37.5,0.2,2.6,15.5,5.6,22.2,27.8,0.16,3.2,17.2,10.0,5.0,25.0,0.18,3.4,15.5,27.8,0.0,0.0,0.17,3.5,21.7,80.6,9.7,0.0,0.14,3.0,15.4,9.1,45.5,18.2,0.17,4.0,16.8,8.3,33.3,20.8,0.15,3.2,14.0,20.0,20.0,20.0,0.15,3.2,16.8,12.5,20.8,20.8,0.17,3.8,15.4,9.1,9.1,13.6,0.16,3.6,11.8,41.7,16.7,0.0,0.15,3.1,14.7,33.3,0.0,0.0,0.16,3.5,23.5,4.2,12.5,25.0,0.18,4.0,20.6,4.8,9.5,14.3,0.19,3.3,18.6,5.3,15.8,0.0,0.17,3.5,10.8,9.1,18.2,0.0,0.18,4.5,0.0,0.0,0.0,0.0,0.0,0.0,0.0,0.0,0.0,0.0,0.0,0.0,1.3,100.0,0.0,0.0,0.24,1.0,15.2,16.7,8.3,0.0,0.19,2.2,32.9,7.7,0.0,0.0,0.2,3.1,50.6,2.5,0.0,0.0,0.19,3.7,22.1,63.6,27.3,3.0,0.13,2.1,14.8,9.1,27.3,22.7,0.15,2.3,13.4,5.0,20.0,20.0,0.13,2.6,19.5,13.8,27.6,17.2,0.16,2.7,13.4,10.0,20.0,25.0,0.14,3.1,16.8,4.0,4.0,20.0,0.17,3.9,16.9,57.1,14.3,14.3,0.15,3.1,14.5,11.1,16.7,5.6,0.16,3.6,17.7,18.2,36.4,0.0,0.18,3.4,21.0,19.2,7.7,19.2,0.14,2.7,16.9,4.8,23.8,9.5,0.18,3.0,12.9,25.0,0.0,0.0,0.19,3.6
20260813,08,10,4570,A1,38.0,54.0,6.0,37.5,6.98,52.75,37,32.51,52,27.59,5232,B1,28.0,52.0,5.19,28.89,2.74,5.26,28,29.7,35,27.59,4604,A1,38.0,52.0,7.24,51.54,7.38,57.94,47,33.5,24,25.93,5082,B1,27.0,57.0,5.23,33.64,4.14,14.29,57,33.85,18,37.93,5252,A2,23.0,52.0,5.93,41.74,5.03,31.94,42,39.5,41,17.24,5074,B1,30.0,56.0,4.16,20.0,4.2,20.0,31,42.16,67,35.71,20.2,45.5,18.2,18.2,0.15,3.5,17.4,21.1,47.4,5.3,0.17,3.4,15.6,17.6,17.6,35.3,0.13,2.6,13.8,13.3,33.3,33.3,0.16,3.3,17.4,15.8,26.3,15.8,0.16,3.2,15.6,5.9,5.9,23.5,0.18,4.0,14.3,50.0,25.0,0.0,0.14,3.8,19.0,6.2,18.8,18.8,0.18,4.3,16.7,35.7,14.3,0.0,0.18,3.4,15.5,15.4,7.7,0.0,0.14,2.8,21.4,11.1,16.7,11.1,0.15,3.1,13.1,18.2,0.0,0.0,0.19,4.6,20.0,88.5,3.8,3.8,0.13,2.0,16.9,27.3,36.4,13.6,0.13,3.0,17.7,8.7,34.8,26.1,0.15,3.6,13.1,11.8,11.8,47.1,0.15,3.5,19.2,8.0,16.0,20.0,0.15,3.8,13.1,17.6,0.0,0.0,0.16,4.4,11.3,41.7,8.3,33.3,0.18,3.3,21.7,30.4,30.4,0.0,0.19,3.4,17.9,5.3,15.8,21.1,0.18,3.9,18.9,20.0,20.0,15.0,0.16,3.2,15.1,18.8,31.2,0.0,0.21,4.3,15.1,6.2,18.8,18.8,0.19,4.3,20.2,48.0,28.0,12.0,0.13,2.4,19.4,12.5,12.5,45.8,0.13,2.9,15.3,21.1,31.6,21.1,0.14,2.9,15.3,15.8,21.1,26.3,0.15,2.8,15.3,31.6,21.1,0.0,0.15,3.3,14.5,11.1,22.2,0.0,0.16,3.7,15.6,60.0,13.3,0.0,0.14,2.9,15.6,6.7,26.7,0.0,0.2,3.8,13.5,15.4,38.5,0.0,0.19,3.7,15.6,6.7,6.7,20.0,0.19,3.9,18.8,27.8,27.8,0.0,0.18,3.5,20.8,10.0,5.0,0.0,0.2,3.9
20260813,08,11,3941,A1,48.0,54.0,7.64,46.96,8.03,64.71,41,33.01,71,33.33,3999,A2,47.0,45.0,6.29,47.86,5.98,41.82,52,34.67,32,38.89,3929,B1,50.0,51.0,4.06,17.98,4.48,22.62,50,34.36,57,51.52,3690,B1,55.0,52.0,4.87,31.0,4.32,22.0,36,31.19,20,35.71,3554,A1,54.0,53.0,6.47,51.91,6.9,54.55,10,41.23,28,26.92,4678,B1,37.0,46.0,4.66,27.03,5.49,38.67,38,31.13,42,21.43,25.9,83.3,6.7,6.7,0.11,2.4,12.1,14.3,35.7,28.6,0.11,2.9,17.2,45.0,25.0,20.0,0.1,1.8,15.5,11.1,33.3,16.7,0.12,2.7,17.2,15.0,15.0,35.0,0.14,3.2,12.1,7.1,14.3,0.0,0.14,3.9,21.0,63.3,13.3,13.3,0.14,2.6,15.4,54.5,4.5,0.0,0.17,3.4,18.2,15.4,30.8,11.5,0.16,2.7,14.7,14.3,9.5,33.3,0.15,2.8,14.7,4.8,19.0,23.8,0.17,2.9,16.1,4.3,21.7,0.0,0.16,3.6,14.1,30.8,23.1,0.0,0.17,3.1,15.2,14.3,14.3,28.6,0.17,2.3,21.7,10.0,10.0,20.0,0.15,2.4,17.4,6.2,31.2,0.0,0.16,3.3,17.4,12.5,12.5,6.2,0.17,2.5,14.1,7.7,7.7,0.0,0.14,2.7,11.8,25.0,33.3,8.3,0.18,3.1,20.6,14.3,28.6,28.6,0.21,4.7,18.6,5.3,26.3,5.3,0.18,4.1,15.7,6.2,25.0,0.0,0.16,3.0,16.7,5.9,11.8,0.0,0.19,4.2,16.7,5.9,17.6,0.0,0.19,3.8,28.3,58.5,24.4,7.3,0.18,3.3,17.9,15.4,38.5,15.4,0.17,3.4,23.4,8.8,23.5,35.3,0.17,3.2,20.0,24.1,24.1,13.8,0.18,3.6,9.0,15.4,30.8,0.0,0.22,4.5,1.4,0.0,0.0,0.0,0.2,4.5,16.9,66.7,13.3,13.3,0.17,2.3,21.3,15.8,21.1,21.1,0.16,3.1,12.4,9.1,45.5,9.1,0.16,2.8,13.5,8.3,33.3,0.0,0.15,2.5,24.7,9.1,4.5,13.6,0.16,3.2,11.2,20.0,0.0,0.0,0.23,4.6
20260813,08,12,4074,A1,45.0,52.0,6.54,48.33,6.73,52.88,16,37.02,22,43.75,4526,A2,38.0,51.0,4.82,26.32,6.35,47.37,53,39.0,46,26.92,4409,A1,40.0,56.0,6.31,47.87,6.56,48.89,40,32.5,44,50.0,5125,A2,30.0,52.0,5.06,28.13,5.61,33.33,12,41.84,12,10.71,4630,A2,39.0,53.0,6.03,38.81,6.33,48.19,35,44.88,26,51.85,4435,A2,40.0,54.0,5.63,36.78,4.87,29.85,5,36.15,59,26.32,17.9,66.7,14.3,4.8,0.12,2.2,16.2,15.8,42.1,15.8,0.15,3.3,20.5,12.5,37.5,20.8,0.12,2.3,19.7,4.3,26.1,34.8,0.14,3.0,14.5,29.4,5.9,0.0,0.15,3.4,11.1,7.7,23.1,0.0,0.14,2.8,16.7,70.6,17.6,0.0,0.14,2.4,15.7,31.2,31.2,0.0,0.15,2.9,15.7,25.0,18.8,12.5,0.16,2.4,15.7,18.8,25.0,6.2,0.14,2.5,21.6,9.1,9.1,18.2,0.14,2.5,14.7,6.7,20.0,0.0,0.17,2.7,24.6,80.0,6.7,6.7,0.16,3.3,18.0,18.2,40.9,18.2,0.15,2.8,13.1,18.8,31.2,18.8,0.12,2.3,15.6,15.8,31.6,36.8,0.12,2.7,14.8,16.7,27.8,27.8,0.16,2.7,13.9,5.9,11.8,11.8,0.18,3.6,21.0,71.4,4.8,9.5,0.15,3.1,19.0,15.8,31.6,26.3,0.18,3.9,13.0,15.4,15.4,7.7,0.15,3.3,14.0,7.1,7.1,14.3,0.19,3.8,18.0,16.7,33.3,16.7,0.17,3.7,15.0,13.3,26.7,0.0,0.22,4.9,21.1,60.9,17.4,17.4,0.18,4.0,13.8,20.0,26.7,20.0,0.17,3.8,16.5,11.1,16.7,38.9,0.2,3.4,15.6,5.9,23.5,29.4,0.18,3.6,14.7,18.8,25.0,0.0,0.19,4.1,18.3,10.0,15.0,0.0,0.2,4.8,13.6,58.3,16.7,8.3,0.13,2.2,18.2,25.0,18.8,18.8,0.2,4.3,19.3,17.6,29.4,11.8,0.2,3.1,18.2,6.2,25.0,25.0,0.17,3.1,13.6,16.7,41.7,0.0,0.15,2.9,17.0,26.7,0.0,0.0,0.22,4.3
20260813,07,1,5340,B1,25.0,45.0,4.49,25.51,3.28,16.67,13,0.0,19,0.0,3893,B1,50.0,54.0,5.53,34.94,4.97,34.21,57,0.0,21,0.0,4509,A2,37.0,54.0,5.82,34.15,5.73,36.73,30,0.0,55,0.0,3730,B1,54.0,53.0,4.04,20.24,4.8,36.36,61,0.0,15,0.0,4066,A2,46.0,53.0,6.11,40.38,5.97,32.26,20,0.0,46,0.0,4897,B1,34.0,44.0,3.43,13.25,4.85,23.53,15,0.0,31,0.0,0.0,0.0,0.0,0.0,0.0,0.0,3.1,33.3,33.3,33.3,0.1,1.3,25.5,4.0,16.0,16.0,0.17,3.2,18.4,5.6,11.1,22.2,0.16,3.2,19.4,5.3,36.8,0.0,0.19,3.6,33.7,6.1,9.1,0.0,0.15,2.8,11.5,45.5,36.4,0.0,0.15,2.6,18.8,11.1,16.7,22.2,0.18,4.1,19.8,5.3,21.1,26.3,0.15,3.2,15.6,6.7,13.3,0.0,0.17,2.9,19.8,5.3,21.1,0.0,0.19,3.7,14.6,7.1,7.1,0.0,0.18,3.5,18.9,52.4,19.0,9.5,0.17,3.2,14.4,18.8,18.8,31.2,0.18,2.7,14.4,18.8,18.8,25.0,0.18,3.1,16.2,5.6,22.2,44.4,0.17,3.4,20.7,4.3,8.7,26.1,0.17,3.3,15.3,11.8,35.3,0.0,0.22,4.6,15.2,66.7,13.3,0.0,0.14,2.1,16.2,12.5,25.0,25.0,0.19,3.4,20.2,5.0,45.0,25.0,0.16,2.9,19.2,10.5,5.3,21.1,0.18,2.8,17.2,23.5,5.9,0.0,0.16,2.8,12.1,25.0,0.0,0.0,0.22,4.4,19.3,66.7,14.3,9.5,0.17,3.0,15.6,11.8,29.4,29.4,0.17,4.2,17.4,5.3,31.6,15.8,0.19,3.5,15.6,11.8,41.2,0.0,0.19,4.1,19.3,9.5,9.5,28.6,0.17,3.7,12.8,7.1,7.1,42.9,0.17,4.3,13.1,21.4,7.1,14.3,0.19,3.6,15.9,5.9,23.5,17.6,0.21,4.0,18.7,5.0,15.0,15.0,0.21,3.5,17.8,5.3,0.0,0.0,0.21,4.5,15.9,5.9,17.6,0.0,0.2,3.3,18.7,0.0,0.0,0.0,0.22,4.9
20260813,07,2,4035,B1,47.0,52.0,3.91,23.01,4.29,20.83,17,0.0,32,0.0,5137,A2,26.0,53.0,5.3,38.24,4.18,16.44,24,0.0,48,0.0,3519,B1,58.0,52.0,4.07,18.31,3.73,18.18,28,0.0,22,0.0,5439,B2,20.0,49.0,1.58,1.52,1.18,0.0,26,0.0,47,0.0,4308,A1,42.0,51.0,6.64,46.15,6.93,53.33,52,0.0,57,0.0,4380,B1,41.0,53.0,5.12,31.58,3.5,13.46,51,0.0,28,0.0,12.8,28.6,7.1,14.3,0.21,4.2,17.4,5.3,10.5,5.3,0.23,4.3,20.2,9.1,31.8,9.1,0.21,4.2,12.8,14.3,21.4,0.0,0.23,4.4,23.9,3.8,7.7,7.7,0.21,4.5,12.8,21.4,0.0,0.0,0.17,3.9,13.8,61.5,23.1,0.0,0.18,2.6,14.9,7.1,28.6,0.0,0.19,3.9,20.2,15.8,42.1,15.8,0.16,3.2,17.0,18.8,18.8,31.2,0.17,2.9,19.1,11.1,16.7,33.3,0.16,2.5,14.9,14.3,14.3,0.0,0.14,3.9,14.0,20.0,26.7,26.7,0.15,3.3,13.1,7.1,28.6,21.4,0.18,3.3,22.4,4.2,8.3,16.7,0.17,3.5,19.6,9.5,4.8,23.8,0.16,3.6,16.8,5.6,5.6,5.6,0.14,3.3,14.0,26.7,0.0,0.0,0.18,4.2,0.0,0.0,0.0,0.0,0.0,0.0,0.0,0.0,0.0,0.0,0.0,0.0,0.0,0.0,0.0,0.0,0.0,0.0,0.0,0.0,0.0,0.0,0.0,0.0,0.0,0.0,0.0,0.0,0.0,0.0,100.0,1.4,1.4,0.0,0.21,4.1,24.6,74.2,9.7,9.7,0.16,3.3,17.5,13.6,31.8,18.2,0.17,4.1,14.3,5.6,22.2,33.3,0.15,3.1,16.7,14.3,23.8,42.9,0.17,3.1,13.5,11.8,23.5,29.4,0.18,3.9,13.5,5.9,11.8,41.2,0.17,3.2,13.8,53.8,15.4,7.7,0.14,2.2,20.2,5.3,21.1,15.8,0.14,3.8,20.2,5.3,15.8,15.8,0.19,3.4,17.0,12.5,12.5,12.5,0.17,3.8,12.8,8.3,0.0,0.0,0.17,3.5,16.0,6.7,6.7,6.7,0.19,4.2
20260813,07,3,5128,B1,29.0,54.0,4.29,18.84,2.75,12.5,18,0.0,16,0.0,4960,A1,30.0,53.0,7.44,60.68,7.25,61.4,16,0.0,35,0.0,4442,B1,39.0,53.0,6.3,50.0,5.76,41.03,14,0.0,34,0.0,3848,B1,49.0,55.0,4.78,32.22,5.26,37.93,46,0.0,33,0.0,3934,B1,49.0,53.0,4.98,24.41,5.32,30.51,21,0.0,45,0.0,4786,A1,38.0,55.0,6.65,53.97,6.25,48.15,49,0.0,54,0.0,10.7,12.5,25.0,12.5,0.21,4.0,17.3,15.4,15.4,15.4,0.19,3.4,18.7,14.3,14.3,28.6,0.16,3.1,21.3,6.2,25.0,18.8,0.18,3.8,18.7,14.3,42.9,0.0,0.18,4.1,13.3,10.0,0.0,0.0,0.22,4.0,22.5,92.6,7.4,0.0,0.14,1.8,13.3,18.8,68.8,0.0,0.17,3.4,17.5,19.0,14.3,28.6,0.13,2.7,16.7,35.0,50.0,0.0,0.14,2.4,17.5,23.8,23.8,4.8,0.12,2.6,12.5,13.3,33.3,26.7,0.15,2.9,14.9,70.6,11.8,0.0,0.15,2.3,18.4,28.6,28.6,14.3,0.17,3.4,15.8,11.1,16.7,16.7,0.16,3.2,19.3,13.6,9.1,27.3,0.14,3.0,20.2,17.4,8.7,8.7,0.16,3.6,11.4,7.7,7.7,0.0,0.16,3.3,16.0,35.0,35.0,5.0,0.15,2.5,16.0,25.0,20.0,0.0,0.18,3.8,16.8,28.6,19.0,0.0,0.14,2.4,16.0,5.0,25.0,10.0,0.14,2.7,19.2,4.2,8.3,16.7,0.13,2.9,16.0,10.0,15.0,0.0,0.15,3.5,15.0,37.5,12.5,25.0,0.18,3.4,16.8,11.1,22.2,22.2,0.17,3.2,20.6,4.5,13.6,22.7,0.15,2.8,18.7,20.0,15.0,0.0,0.15,3.3,18.7,10.0,5.0,20.0,0.17,3.2,10.3,18.2,0.0,0.0,0.21,4.5,21.7,71.0,16.1,6.5,0.13,2.1,14.0,45.0,20.0,15.0,0.14,2.6,18.9,18.5,18.5,14.8,0.15,3.1,15.4,18.2,40.9,13.6,0.15,3.0,14.7,14.3,38.1,14.3,0.14,2.4,15.4,9.1,18.2,18.2,0.13,2.6
20260813,07,4,4731,B1,37.0,52.0,5.15,27.27,5.11,24.32,19,0.0,38,0.0,4989,A2,29.0,52.0,6.0,40.17,5.65,30.0,56,0.0,12,0.0,5197,B2,24.0,54.0,5.82,40.54,7.06,60.0,29,0.0,11,0.0,4461,B1,40.0,58.0,4.61,21.51,4.33,19.44,66,0.0,53,0.0,3946,A1,50.0,56.0,7.14,53.57,7.43,58.52,60,0.0,50,0.0,4565,B1,38.0,55.0,3.97,14.14,4.89,28.57,54,0.0,17,0.0,13.0,41.7,16.7,8.3,0.18,2.5,17.4,25.0,37.5,25.0,0.16,2.9,18.5,11.8,35.3,23.5,0.18,3.1,16.3,26.7,26.7,0.0,0.15,2.9,20.7,5.3,15.8,0.0,0.14,2.9,14.1,15.4,15.4,0.0,0.15,3.0,19.2,73.9,4.3,0.0,0.16,2.6,17.5,19.0,42.9,9.5,0.14,2.8,15.0,27.8,22.2,27.8,0.14,2.5,19.2,8.7,17.4,30.4,0.14,3.0,11.7,7.1,21.4,35.7,0.14,2.0,17.5,9.5,19.0,0.0,0.18,4.0,16.7,66.7,33.3,0.0,0.13,1.7,11.1,50.0,0.0,0.0,0.13,3.5,22.2,50.0,25.0,0.0,0.15,2.8,11.1,50.0,0.0,0.0,0.1,2.0,22.2,25.0,25.0,0.0,0.19,3.0,16.7,33.3,0.0,0.0,0.11,3.3,14.6,14.3,14.3,14.3,0.18,3.6,16.7,25.0,37.5,0.0,0.18,3.6,19.8,15.8,5.3,36.8,0.15,3.1,16.7,12.5,6.2,31.2,0.17,3.3,16.7,6.2,25.0,0.0,0.18,3.4,15.6,13.3,0.0,0.0,0.17,4.1,25.6,64.5,19.4,9.7,0.12,2.4,40.5,12.2,34.7,26.5,0.16,3.4,14.9,11.1,33.3,33.3,0.17,3.2,13.2,18.8,6.2,25.0,0.16,3.7,5.8,14.3,14.3,0.0,0.16,3.4,0.0,0.0,0.0,0.0,0.0,0.0,15.5,26.7,6.7,20.0,0.17,3.3,16.5,6.2,6.2,18.8,0.18,4.3,12.4,16.7,8.3,0.0,0.15,3.8,20.6,5.0,20.0,0.0,0.2,3.4,16.5,6.2,25.0,0.0,0.19,3.7,18.6,5.6,5.6,0.0,0.2,4.1
20260813,07,5,5098,B1,30.0,53.0,5.19,33.68,5.11,28.95,62,0.0,20,0.0,4209,A2,43.0,56.0,5.84,36.17,5.61,34.43,12,0.0,25,0.0,4139,B1,45.0,54.0,4.29,25.88,5.55,38.67,50,0.0,52,0.0,5230,B1,22.0,45.0,4.76,32.5,4.11,25.93,59,0.0,30,0.0,4337,A1,42.0,57.0,7.47,51.11,7.43,52.43,48,0.0,39,0.0,4199,A1,44.0,59.0,6.29,45.86,6.03,41.54,65,0.0,27,0.0,13.0,30.8,7.7,38.5,0.13,2.5,18.0,11.1,16.7,33.3,0.17,2.9,16.0,18.8,18.8,31.2,0.14,2.6,21.0,33.3,14.3,14.3,0.13,2.5,18.0,22.2,0.0,0.0,0.17,3.7,14.0,14.3,7.1,0.0,0.15,3.1,19.3,42.9,19.0,14.3,0.18,3.4,17.4,36.8,10.5,0.0,0.16,3.8,15.6,17.6,29.4,23.5,0.19,3.3,15.6,5.9,29.4,29.4,0.18,2.6,20.2,4.5,9.1,27.3,0.18,3.6,11.9,38.5,0.0,0.0,0.18,3.8,14.6,38.5,23.1,0.0,0.15,2.8,15.7,21.4,28.6,0.0,0.18,3.4,19.1,11.8,23.5,23.5,0.19,3.6,20.2,16.7,5.6,11.1,0.2,3.8,18.0,6.2,25.0,0.0,0.2,3.8,12.4,9.1,0.0,0.0,0.2,4.1,14.3,50.0,16.7,8.3,0.19,4.2,16.7,7.1,21.4,7.1,0.21,4.0,14.3,16.7,41.7,0.0,0.21,4.0,19.0,18.8,6.2,0.0,0.18,3.9,20.2,23.5,11.8,0.0,0.17,3.9,15.5,7.7,0.0,0.0,0.22,4.2,23.3,67.9,21.4,0.0,0.13,2.9,14.2,11.8,29.4,29.4,0.15,3.8,18.3,9.1,22.7,31.8,0.15,3.1,10.8,23.1,23.1,30.8,0.13,2.8,24.2,17.2,31.0,20.7,0.12,2.7,9.2,9.1,18.2,9.1,0.15,3.7,22.6,75.7,10.8,5.4,0.13,2.0,25.0,24.4,31.7,24.4,0.16,2.8,27.4,6.7,26.7,20.0,0.16,2.7,23.8,10.3,15.4,25.6,0.15,2.7,1.2,0.0,0.0,0.0,0.3,3.5,0.0,0.0,0.0,0.0,0.0,0.0
20260813,07,6,3730,B1,54.0,53.0,4.04,20.24,4.8,36.36,61,0.0,15,0.0,5068,A1,26.0,51.0,7.84,64.84,7.29,61.29,47,0.0,37,0.0,4035,B1,47.0,52.0,3.91,23.01,4.29,20.83,17,0.0,32,0.0,4903,A1,32.0,51.0,6.39,47.79,7.21,59.02,23,0.0,56,0.0,5444,B2,18.0,58.0,1.33,1.37,1.3,0.0,55,0.0,13,0.0,3988,A2,48.0,55.0,6.23,40.54,6.15,43.08,32,0.0,40,0.0,15.2,66.7,13.3,0.0,0.14,2.1,16.2,12.5,25.0,25.0,0.19,3.4,20.2,5.0,45.0,25.0,0.16,2.9,19.2,10.5,5.3,21.1,0.18,2.8,17.2,23.5,5.9,0.0,0.16,2.8,12.1,25.0,0.0,0.0,0.22,4.4,22.1,73.9,13.0,8.7,0.15,3.0,14.4,20.0,33.3,0.0,0.13,2.6,16.3,23.5,29.4,11.8,0.12,2.2,15.4,31.2,12.5,18.8,0.16,3.4,17.3,11.1,22.2,11.1,0.14,3.3,14.4,6.7,26.7,0.0,0.14,4.2,12.8,28.6,7.1,14.3,0.21,4.2,17.4,5.3,10.5,5.3,0.23,4.3,20.2,9.1,31.8,9.1,0.21,4.2,12.8,14.3,21.4,0.0,0.23,4.4,23.9,3.8,7.7,7.7,0.21,4.5,12.8,21.4,0.0,0.0,0.17,3.9,21.4,80.0,4.0,4.0,0.13,1.6,15.4,44.4,27.8,16.7,0.18,3.1,17.9,23.8,28.6,19.0,0.15,2.8,17.1,30.0,15.0,25.0,0.12,2.6,15.4,27.8,27.8,16.7,0.14,2.3,12.8,6.7,6.7,26.7,0.18,3.5,0.0,0.0,0.0,0.0,0.0,0.0,0.0,0.0,0.0,0.0,0.0,0.0,0.0,0.0,0.0,0.0,0.0,0.0,0.0,0.0,0.0,0.0,0.0,0.0,0.0,0.0,0.0,0.0,0.0,0.0,100.0,1.4,1.4,0.0,0.19,4.0,21.5,73.1,15.4,3.8,0.14,2.3,12.4,13.3,20.0,20.0,0.15,3.5,19.8,20.8,20.8,16.7,0.16,2.5,14.0,5.9,29.4,5.9,0.14,3.0,18.2,9.1,13.6,22.7,0.15,3.3,14.0,23.5,0.0,0.0,0.16,3.2
20260813,07,7,4215,A2,41.0,56.0,5.31,33.33,5.89,43.16,64,0.0,24,0.0,4306,B1,42.0,50.0,4.68,25.26,4.32,17.86,11,0.0,29,0.0,4467,A1,39.0,51.0,6.5,43.59,6.13,51.92,53,0.0,18,0.0,4786,A1,38.0,55.0,6.65,53.97,6.25,48.15,49,0.0,54,0.0,5316,B1,25.0,51.0,5.6,38.46,2.85,5.77,25,0.0,36,0.0,5439,B2,20.0,49.0,1.58,1.52,1.18,0.0,26,0.0,47,0.0,20.0,55.6,14.8,7.4,0.14,2.9,11.9,6.2,18.8,25.0,0.17,3.6,17.0,26.1,26.1,17.4,0.15,3.3,17.0,13.0,4.3,21.7,0.15,3.4,16.3,9.1,31.8,27.3,0.17,3.4,17.8,4.2,33.3,0.0,0.22,4.2,18.1,20.0,20.0,26.7,0.26,4.6,14.5,16.7,16.7,16.7,0.18,3.4,16.9,14.3,35.7,0.0,0.21,4.1,18.1,20.0,26.7,0.0,0.2,4.0,16.9,7.1,7.1,35.7,0.21,4.4,15.7,0.0,0.0,0.0,0.2,4.7,20.5,63.0,22.2,11.1,0.14,2.7,13.6,22.2,44.4,33.3,0.13,2.5,18.2,12.5,20.8,25.0,0.12,2.3,20.5,18.5,14.8,40.7,0.13,2.2,14.4,10.5,26.3,0.0,0.13,2.9,12.9,29.4,17.6,0.0,0.17,3.7,21.7,71.0,16.1,6.5,0.13,2.1,14.0,45.0,20.0,15.0,0.14,2.6,18.9,18.5,18.5,14.8,0.15,3.1,15.4,18.2,40.9,13.6,0.15,3.0,14.7,14.3,38.1,14.3,0.14,2.4,15.4,9.1,18.2,18.2,0.13,2.6,15.3,53.3,6.7,6.7,0.17,2.7,17.3,35.3,23.5,0.0,0.16,3.1,21.4,9.5,23.8,28.6,0.14,2.5,17.3,5.9,29.4,23.5,0.13,2.4,13.3,7.7,23.1,23.1,0.16,2.6,15.3,6.7,26.7,0.0,0.16,3.7,0.0,0.0,0.0,0.0,0.0,0.0,0.0,0.0,0.0,0.0,0.0,0.0,0.0,0.0,0.0,0.0,0.0,0.0,0.0,0.0,0.0,0.0,0.0,0.0,0.0,0.0,0.0,0.0,0.0,0.0,100.0,1.4,1.4,0.0,0.21,4.1
20260813,07,8,4470,A2,39.0,52.0,6.6,50.56,6.36,50.0,67,0.0,14,0.0,4380,B1,41.0,53.0,5.12,31.58,3.5,13.46,51,0.0,28,0.0,5321,B1,24.0,54.0,5.02,32.31,4.36,25.0,58,0.0,51,0.0,4586,A1,35.0,56.0,7.54,49.52,7.74,55.56,31,0.0,26,0.0,4983,A1,29.0,51.0,6.79,54.7,6.59,48.78,27,0.0,49,0.0,4066,A2,46.0,53.0,6.11,40.38,5.97,32.26,20,0.0,46,0.0,21.2,63.6,13.6,9.1,0.14,2.9,15.4,37.5,37.5,12.5,0.14,1.9,19.2,5.0,15.0,35.0,0.13,2.3,13.5,14.3,42.9,7.1,0.14,2.6,11.5,25.0,33.3,0.0,0.17,3.3,19.2,5.0,35.0,0.0,0.2,4.7,13.8,53.8,15.4,7.7,0.14,2.2,20.2,5.3,21.1,15.8,0.14,3.8,20.2,5.3,15.8,15.8,0.19,3.4,17.0,12.5,12.5,12.5,0.17,3.8,12.8,8.3,0.0,0.0,0.17,3.5,16.0,6.7,6.7,6.7,0.19,4.2,15.0,50.0,8.3,0.0,0.18,4.3,16.2,7.7,7.7,7.7,0.25,4.3,21.2,41.2,11.8,0.0,0.16,3.5,15.0,16.7,33.3,8.3,0.2,3.5,20.0,12.5,25.0,12.5,0.19,3.4,12.5,20.0,30.0,0.0,0.23,4.5,18.0,70.0,20.0,0.0,0.12,2.5,16.2,50.0,11.1,0.0,0.12,2.3,15.3,5.9,35.3,11.8,0.12,2.4,18.0,10.0,35.0,25.0,0.13,2.4,16.2,22.2,22.2,5.6,0.13,2.9,16.2,11.1,5.6,22.2,0.13,3.4,26.1,70.3,13.5,5.4,0.14,2.9,17.6,24.0,28.0,12.0,0.14,2.8,12.7,33.3,27.8,33.3,0.17,3.1,13.4,31.6,21.1,15.8,0.13,2.5,16.2,13.0,17.4,17.4,0.15,3.4,14.1,15.0,35.0,0.0,0.16,3.8,19.3,66.7,14.3,9.5,0.17,3.0,15.6,11.8,29.4,29.4,0.17,4.2,17.4,5.3,31.6,15.8,0.19,3.5,15.6,11.8,41.2,0.0,0.19,4.1,19.3,9.5,9.5,28.6,0.17,3.7,12.8,7.1,7.1,42.9,0.17,4.3
20260813,07,9,4960,A1,30.0,53.0,7.44,60.68,7.25,61.4,16,0.0,35,0.0,4897,B1,34.0,44.0,3.43,13.25,4.85,23.53,15,0.0,31,0.0,3637,B1,55.0,54.0,3.64,15.79,5.0,26.32,63,0.0,43,0.0,4308,A1,42.0,51.0,6.64,46.15,6.93,53.33,52,0.0,57,0.0,4989,A2,29.0,52.0,6.0,40.17,5.65,30.0,56,0.0,12,0.0,4269,A2,40.0,51.0,6.85,53.27,6.84,50.85,33,0.0,23,0.0,22.5,92.6,7.4,0.0,0.14,1.8,13.3,18.8,68.8,0.0,0.17,3.4,17.5,19.0,14.3,28.6,0.13,2.7,16.7,35.0,50.0,0.0,0.14,2.4,17.5,23.8,23.8,4.8,0.12,2.6,12.5,13.3,33.3,26.7,0.15,2.9,13.1,21.4,7.1,14.3,0.19,3.6,15.9,5.9,23.5,17.6,0.21,4.0,18.7,5.0,15.0,15.0,0.21,3.5,17.8,5.3,0.0,0.0,0.21,4.5,15.9,5.9,17.6,0.0,0.2,3.3,18.7,0.0,0.0,0.0,0.22,4.9,15.4,28.6,21.4,21.4,0.15,3.0,18.7,5.9,17.6,17.6,0.21,4.5,19.8,5.6,33.3,11.1,0.18,4.0,17.6,6.2,25.0,12.5,0.19,3.5,15.4,7.1,0.0,0.0,0.19,3.6,13.2,16.7,0.0,0.0,0.18,4.3,24.6,74.2,9.7,9.7,0.16,3.3,17.5,13.6,31.8,18.2,0.17,4.1,14.3,5.6,22.2,33.3,0.15,3.1,16.7,14.3,23.8,42.9,0.17,3.1,13.5,11.8,23.5,29.4,0.18,3.9,13.5,5.9,11.8,41.2,0.17,3.2,19.2,73.9,4.3,0.0,0.16,2.6,17.5,19.0,42.9,9.5,0.14,2.8,15.0,27.8,22.2,27.8,0.14,2.5,19.2,8.7,17.4,30.4,0.14,3.0,11.7,7.1,21.4,35.7,0.14,2.0,17.5,9.5,19.0,0.0,0.18,4.0,21.0,61.5,19.2,3.8,0.15,3.3,16.1,20.0,35.0,25.0,0.16,3.4,16.1,10.0,15.0,35.0,0.15,2.7,13.7,5.9,41.2,23.5,0.12,2.2,20.2,12.0,8.0,24.0,0.15,2.7,12.9,6.2,25.0,0.0,0.15,3.3
20260813,07,10,4337,A1,42.0,57.0,7.47,51.11,7.43,52.43,48,0.0,39,0.0,4067,A2,46.0,53.0,6.38,48.12,6.37,49.59,22,0.0,41,0.0,4903,A1,32.0,51.0,6.39,47.79,7.21,59.02,23,0.0,56,0.0,4442,B1,39.0,53.0,6.3,50.0,5.76,41.03,14,0.0,34,0.0,4509,A2,37.0,54.0,5.82,34.15,5.73,36.73,30,0.0,55,0.0,3519,B1,58.0,52.0,4.07,18.31,3.73,18.18,28,0.0,22,0.0,23.3,67.9,21.4,0.0,0.13,2.9,14.2,11.8,29.4,29.4,0.15,3.8,18.3,9.1,22.7,31.8,0.15,3.1,10.8,23.1,23.1,30.8,0.13,2.8,24.2,17.2,31.0,20.7,0.12,2.7,9.2,9.1,18.2,9.1,0.15,3.7,19.4,58.3,16.7,12.5,0.19,4.0,12.9,12.5,50.0,12.5,0.15,3.4,20.2,12.0,20.0,40.0,0.15,2.8,19.4,8.3,20.8,20.8,0.15,3.0,17.7,13.6,4.5,18.2,0.16,3.1,10.5,7.7,15.4,15.4,0.19,3.7,21.4,80.0,4.0,4.0,0.13,1.6,15.4,44.4,27.8,16.7,0.18,3.1,17.9,23.8,28.6,19.0,0.15,2.8,17.1,30.0,15.0,25.0,0.12,2.6,15.4,27.8,27.8,16.7,0.14,2.3,12.8,6.7,6.7,26.7,0.18,3.5,14.9,70.6,11.8,0.0,0.15,2.3,18.4,28.6,28.6,14.3,0.17,3.4,15.8,11.1,16.7,16.7,0.16,3.2,19.3,13.6,9.1,27.3,0.14,3.0,20.2,17.4,8.7,8.7,0.16,3.6,11.4,7.7,7.7,0.0,0.16,3.3,18.9,52.4,19.0,9.5,0.17,3.2,14.4,18.8,18.8,31.2,0.18,2.7,14.4,18.8,18.8,25.0,0.18,3.1,16.2,5.6,22.2,44.4,0.17,3.4,20.7,4.3,8.7,26.1,0.17,3.3,15.3,11.8,35.3,0.0,0.22,4.6,14.0,20.0,26.7,26.7,0.15,3.3,13.1,7.1,28.6,21.4,0.18,3.3,22.4,4.2,8.3,16.7,0.17,3.5,19.6,9.5,4.8,23.8,0.16,3.6,16.8,5.6,5.6,5.6,0.14,3.3,14.0,26.7,0.0,0.0,0.18,4.2
20260813,07,11,5068,A1,26.0,51.0,7.84,64.84,7.29,61.29,47,0.0,37,0.0,3934,B1,49.0,53.0,4.98,24.41,5.32,30.51,21,0.0,45,0.0,3946,A1,50.0,56.0,7.14,53.57,7.43,58.52,60,0.0,50,0.0,5340,B1,25.0,45.0,4.49,25.51,3.28,16.67,13,0.0,19,0.0,4215,A2,41.0,56.0,5.31,33.33,5.89,43.16,64,0.0,24,0.0,4209,A2,43.0,56.0,5.84,36.17,5.61,34.43,12,0.0,25,0.0,22.1,73.9,13.0,8.7,0.15,3.0,14.4,20.0,33.3,0.0,0.13,2.6,16.3,23.5,29.4,11.8,0.12,2.2,15.4,31.2,12.5,18.8,0.16,3.4,17.3,11.1,22.2,11.1,0.14,3.3,14.4,6.7,26.7,0.0,0.14,4.2,15.0,37.5,12.5,25.0,0.18,3.4,16.8,11.1,22.2,22.2,0.17,3.2,20.6,4.5,13.6,22.7,0.15,2.8,18.7,20.0,15.0,0.0,0.15,3.3,18.7,10.0,5.0,20.0,0.17,3.2,10.3,18.2,0.0,0.0,0.21,4.5,25.6,64.5,19.4,9.7,0.12,2.4,40.5,12.2,34.7,26.5,0.16,3.4,14.9,11.1,33.3,33.3,0.17,3.2,13.2,18.8,6.2,25.0,0.16,3.7,5.8,14.3,14.3,0.0,0.16,3.4,0.0,0.0,0.0,0.0,0.0,0.0,0.0,0.0,0.0,0.0,0.0,0.0,3.1,33.3,33.3,33.3,0.1,1.3,25.5,4.0,16.0,16.0,0.17,3.2,18.4,5.6,11.1,22.2,0.16,3.2,19.4,5.3,36.8,0.0,0.19,3.6,33.7,6.1,9.1,0.0,0.15,2.8,20.0,55.6,14.8,7.4,0.14,2.9,11.9,6.2,18.8,25.0,0.17,3.6,17.0,26.1,26.1,17.4,0.15,3.3,17.0,13.0,4.3,21.7,0.15,3.4,16.3,9.1,31.8,27.3,0.17,3.4,17.8,4.2,33.3,0.0,0.22,4.2,19.3,42.9,19.0,14.3,0.18,3.4,17.4,36.8,10.5,0.0,0.16,3.8,15.6,17.6,29.4,23.5,0.19,3.3,15.6,5.9,29.4,29.4,0.18,2.6,20.2,4.5,9.1,27.3,0.18,3.6,11.9,38.5,0.0,0.0,0.18,3.8
20260813,07,12,4586,A1,35.0,56.0,7.54,49.52,7.74,55.56,31,0.0,26,0.0,4199,A1,44.0,59.0,6.29,45.86,6.03,41.54,65,0.0,27,0.0,5137,A2,26.0,53.0,5.3,38.24,4.18,16.44,24,0.0,48,0.0,3988,A2,48.0,55.0,6.23,40.54,6.15,43.08,32,0.0,40,0.0,5197,B2,24.0,54.0,5.82,40.54,7.06,60.0,29,0.0,11,0.0,4467,A1,39.0,51.0,6.5,43.59,6.13,51.92,53,0.0,18,0.0,18.0,70.0,20.0,0.0,0.12,2.5,16.2,50.0,11.1,0.0,0.12,2.3,15.3,5.9,35.3,11.8,0.12,2.4,18.0,10.0,35.0,25.0,0.13,2.4,16.2,22.2,22.2,5.6,0.13,2.9,16.2,11.1,5.6,22.2,0.13,3.4,22.6,75.7,10.8,5.4,0.13,2.0,25.0,24.4,31.7,24.4,0.16,2.8,27.4,6.7,26.7,20.0,0.16,2.7,23.8,10.3,15.4,25.6,0.15,2.7,1.2,0.0,0.0,0.0,0.3,3.5,0.0,0.0,0.0,0.0,0.0,0.0,13.8,61.5,23.1,0.0,0.18,2.6,14.9,7.1,28.6,0.0,0.19,3.9,20.2,15.8,42.1,15.8,0.16,3.2,17.0,18.8,18.8,31.2,0.17,2.9,19.1,11.1,16.7,33.3,0.16,2.5,14.9,14.3,14.3,0.0,0.14,3.9,21.5,73.1,15.4,3.8,0.14,2.3,12.4,13.3,20.0,20.0,0.15,3.5,19.8,20.8,20.8,16.7,0.16,2.5,14.0,5.9,29.4,5.9,0.14,3.0,18.2,9.1,13.6,22.7,0.15,3.3,14.0,23.5,0.0,0.0,0.16,3.2,16.7,66.7,33.3,0.0,0.13,1.7,11.1,50.0,0.0,0.0,0.13,3.5,22.2,50.0,25.0,0.0,0.15,2.8,11.1,50.0,0.0,0.0,0.1,2.0,22.2,25.0,25.0,0.0,0.19,3.0,16.7,33.3,0.0,0.0,0.11,3.3,20.5,63.0,22.2,11.1,0.14,2.7,13.6,22.2,44.4,33.3,0.13,2.5,18.2,12.5,20.8,25.0,0.12,2.3,20.5,18.5,14.8,40.7,0.13,2.2,14.4,10.5,26.3,0.0,0.13,2.9,12.9,29.4,17.6,0.0,0.17,3.7
20260813,06,1,5378,B2,22.0,50.0,1.8,1.54,1.51,0.0,40,35.96,29,37.11,4984,B1,29.0,50.0,4.51,26.25,5.4,30.0,26,43.48,59,32.84,4360,A2,41.0,53.0,5.65,33.64,5.6,34.62,5,43.21,64,31.02,4740,B1,34.0,53.0,4.63,22.58,4.96,31.76,32,40.45,12,38.97,5432,B1,21.0,52.0,3.08,9.46,2.11,5.71,18,30.38,48,37.88,4124,A2,44.0,52.0,6.12,43.3,6.48,47.75,24,31.58,21,44.16,0.0,0.0,0.0,0.0,0.0,0.0,0.0,0.0,0.0,0.0,0.0,0.0,0.0,0.0,0.0,0.0,0.0,0.0,17.4,12.5,0.0,0.0,0.21,4.3,32.6,3.3,3.3,0.0,0.21,3.8,50.0,2.2,2.2,0.0,0.21,3.9,15.8,41.7,16.7,8.3,0.19,3.5,11.8,55.6,11.1,0.0,0.22,3.9,15.8,8.3,8.3,25.0,0.22,4.5,14.5,9.1,9.1,18.2,0.21,4.5,11.8,44.4,0.0,0.0,0.24,3.9,30.3,8.7,13.0,21.7,0.2,4.3,14.2,40.0,13.3,33.3,0.17,3.3,16.0,11.8,47.1,11.8,0.21,3.9,18.9,25.0,40.0,0.0,0.18,3.9,18.9,20.0,20.0,15.0,0.17,2.9,16.0,11.8,23.5,11.8,0.16,4.1,16.0,5.9,11.8,35.3,0.19,4.1,12.9,36.4,18.2,9.1,0.15,3.5,17.6,33.3,40.0,0.0,0.14,2.7,17.6,6.7,33.3,13.3,0.15,3.1,18.8,6.2,18.8,12.5,0.18,3.7,18.8,6.2,12.5,12.5,0.22,4.1,14.1,16.7,0.0,0.0,0.18,4.7,0.0,0.0,0.0,0.0,0.0,0.0,0.0,0.0,0.0,0.0,0.0,0.0,0.0,0.0,0.0,0.0,0.0,0.0,0.0,0.0,0.0,0.0,0.0,0.0,2.7,0.0,0.0,0.0,0.19,3.5,97.3,2.8,2.8,5.6,0.17,3.7,20.7,56.0,16.0,12.0,0.18,3.0,17.4,23.8,33.3,4.8,0.15,3.1,19.0,21.7,30.4,8.7,0.16,3.4,12.4,13.3,20.0,33.3,0.19,3.3,17.4,4.8,9.5,38.1,0.15,4.0,13.2,37.5,0.0,0.0,0.16,3.7
20260813,06,2,5294,B1,24.0,50.0,3.51,18.84,2.78,11.01,49,32.93,17,37.88,5332,B1,22.0,51.0,3.91,19.12,3.91,21.15,34,38.16,15,38.46,3995,A2,47.0,54.0,6.33,48.72,6.88,52.89,52,38.64,22,34.38,5076,B1,30.0,54.0,4.94,33.33,4.93,31.52,6,31.08,13,29.84,3909,A1,52.0,56.0,6.69,51.72,7.07,57.24,20,44.58,51,28.79,3990,B1,47.0,52.0,4.99,25.0,5.18,26.73,62,48.78,57,35.75,13.7,35.7,14.3,7.1,0.16,3.1,17.6,5.6,22.2,5.6,0.18,3.8,17.6,5.6,11.1,33.3,0.13,2.5,17.6,5.6,5.6,0.0,0.16,3.5,18.6,5.3,10.5,0.0,0.18,3.2,14.7,0.0,0.0,0.0,0.22,4.5,16.1,42.1,21.1,10.5,0.17,2.9,14.4,29.4,23.5,0.0,0.18,3.8,18.6,4.5,9.1,31.8,0.16,3.1,19.5,8.7,17.4,0.0,0.16,2.9,16.1,5.3,5.3,10.5,0.14,2.6,15.3,11.1,0.0,0.0,0.15,2.8,20.8,90.9,4.5,0.0,0.12,1.8,17.0,5.6,22.2,33.3,0.12,2.4,15.1,12.5,37.5,12.5,0.11,1.8,16.0,17.6,17.6,29.4,0.09,1.5,16.0,5.9,23.5,29.4,0.1,1.9,15.1,6.2,12.5,18.8,0.13,3.2,11.8,54.5,18.2,9.1,0.18,3.3,24.7,13.0,30.4,13.0,0.18,3.4,16.1,26.7,13.3,33.3,0.14,2.4,15.1,14.3,21.4,21.4,0.16,3.2,16.1,6.7,20.0,6.7,0.16,3.5,16.1,6.7,33.3,0.0,0.19,4.4,22.8,79.3,10.3,3.4,0.09,1.9,16.5,19.0,47.6,19.0,0.13,2.4,20.5,15.4,19.2,15.4,0.13,2.3,18.9,4.2,33.3,16.7,0.13,2.4,17.3,27.3,9.1,18.2,0.11,2.0,3.9,20.0,0.0,0.0,0.14,3.6,13.7,50.0,7.1,7.1,0.14,2.8,19.6,15.0,15.0,25.0,0.13,3.1,15.7,12.5,31.2,0.0,0.14,2.6,16.7,5.9,17.6,0.0,0.13,3.1,22.5,8.7,13.0,0.0,0.14,3.3,11.8,8.3,8.3,0.0,0.16,3.5
20260813,06,3,5248,B1,24.0,47.0,4.69,25.56,4.11,20.69,16,31.58,69,33.33,4840,B1,34.0,52.0,4.83,30.1,5.28,33.7,63,44.58,25,37.56,3489,A2,59.0,55.0,5.94,41.6,6.0,39.62,66,33.33,70,30.26,4793,A2,36.0,52.0,6.48,49.07,5.9,41.12,61,43.18,76,35.38,4033,A2,47.0,53.0,6.06,48.15,6.5,49.61,36,25.0,35,36.22,3563,B1,56.0,52.0,5.63,36.28,5.51,38.53,4,30.67,46,33.5,10.8,10.0,10.0,40.0,0.25,5.4,18.3,5.9,35.3,41.2,0.18,4.0,15.1,7.1,21.4,35.7,0.21,3.6,8.6,12.5,0.0,0.0,0.24,3.9,23.7,9.1,9.1,22.7,0.2,3.6,23.7,13.6,9.1,0.0,0.16,3.5,14.7,26.7,33.3,26.7,0.17,2.7,17.6,16.7,27.8,11.1,0.12,3.2,17.6,11.1,27.8,16.7,0.14,2.7,19.6,15.0,10.0,0.0,0.19,3.0,17.6,5.6,11.1,0.0,0.15,3.7,12.7,23.1,7.7,0.0,0.18,4.7,17.5,62.5,16.7,8.3,0.14,2.6,19.0,7.7,46.2,23.1,0.17,3.4,13.9,5.3,26.3,42.1,0.13,2.1,21.2,6.9,20.7,20.7,0.16,3.8,11.7,12.5,18.8,0.0,0.18,3.4,16.8,17.4,0.0,0.0,0.2,4.9,18.5,54.5,13.6,18.2,0.13,1.9,17.6,28.6,42.9,4.8,0.16,2.9,15.1,33.3,27.8,16.7,0.13,2.8,17.6,14.3,4.8,28.6,0.14,2.6,16.8,10.0,20.0,30.0,0.14,2.7,14.3,5.9,17.6,17.6,0.13,2.7,19.0,77.3,18.2,0.0,0.13,2.1,21.6,12.0,32.0,24.0,0.15,3.3,13.8,6.2,43.8,12.5,0.17,3.0,14.7,23.5,11.8,23.5,0.15,3.4,15.5,5.6,27.8,11.1,0.16,3.8,15.5,22.2,16.7,0.0,0.16,3.1,16.4,38.9,27.8,11.1,0.15,3.0,19.1,4.8,23.8,23.8,0.14,3.2,20.0,27.3,22.7,0.0,0.14,2.6,23.6,19.2,23.1,0.0,0.17,3.8,15.5,11.8,17.6,5.9,0.18,3.2,5.5,0.0,0.0,0.0,0.14,3.5
20260813,06,4,4073,A1,45.0,52.0,6.5,52.14,6.14,40.94,46,43.59,32,35.9,4131,B1,46.0,54.0,5.85,39.13,6.28,47.0,22,39.24,24,36.41,4068,B1,46.0,53.0,4.95,23.71,5.03,29.41,51,30.68,33,32.83,4076,B1,48.0,51.0,4.84,26.15,5.19,34.34,59,29.73,14,36.22,4317,B1,42.0,48.0,4.3,25.0,4.4,22.09,17,45.78,73,31.63,5385,B1,21.0,55.0,2.39,2.99,2.1,3.45,19,37.21,41,31.05,21.4,71.4,14.3,3.6,0.12,2.3,15.3,10.0,45.0,20.0,0.14,2.5,17.6,17.4,30.4,30.4,0.15,2.6,15.3,20.0,15.0,15.0,0.14,2.9,17.6,13.0,17.4,21.7,0.16,3.2,13.0,5.9,11.8,17.6,0.2,4.5,18.8,66.7,16.7,0.0,0.2,2.8,15.6,20.0,50.0,20.0,0.13,2.3,14.1,11.1,33.3,11.1,0.14,2.3,17.2,27.3,36.4,18.2,0.16,2.5,20.3,15.4,30.8,23.1,0.17,3.0,14.1,11.1,0.0,0.0,0.21,4.9,17.0,27.8,27.8,16.7,0.14,3.4,14.2,6.7,26.7,20.0,0.14,2.4,17.9,15.8,47.4,0.0,0.16,2.8,16.0,5.9,5.9,41.2,0.22,3.9,20.8,27.3,0.0,0.0,0.17,3.6,14.2,6.7,26.7,0.0,0.17,3.8,17.5,62.5,25.0,0.0,0.18,3.6,14.6,10.0,25.0,25.0,0.17,4.2,19.0,7.7,26.9,26.9,0.19,3.8,16.1,4.5,18.2,31.8,0.22,4.5,19.0,15.4,23.1,0.0,0.23,4.8,13.9,5.3,15.8,0.0,0.27,5.4,14.6,53.8,30.8,0.0,0.17,2.2,16.9,13.3,40.0,6.7,0.19,3.3,18.0,12.5,18.8,18.8,0.18,2.9,18.0,12.5,6.2,0.0,0.18,3.7,21.3,5.3,5.3,0.0,0.18,3.7,11.2,0.0,0.0,0.0,0.22,3.7,0.0,0.0,0.0,0.0,0.0,0.0,0.0,0.0,0.0,0.0,0.0,0.0,0.0,0.0,0.0,0.0,0.0,0.0,20.3,13.3,20.0,0.0,0.15,2.3,29.7,4.5,4.5,9.1,0.13,2.3,50.0,5.4,2.7,0.0,0.15,3.2
20260813,06,5,3156,B1,61.0,53.0,4.28,24.14,5.08,35.0,29,32.91,72,33.51,5269,A2,25.0,51.0,5.8,41.25,4.91,30.38,2,41.33,53,33.33,3959,A1,48.0,54.0,7.08,47.27,6.82,50.36,48,38.82,45,41.41,4918,B1,37.0,53.0,4.73,28.26,4.15,22.06,56,32.05,23,34.18,5434,B1,21.0,51.0,3.33,11.9,2.68,2.94,7,37.97,66,37.63,4058,A1,47.0,51.0,6.02,43.09,6.01,39.42,38,36.05,68,35.68,15.2,8.3,41.7,16.7,0.18,3.0,25.3,20.0,15.0,0.0,0.18,4.1,35.4,7.1,28.6,7.1,0.17,3.4,16.5,7.7,23.1,0.0,0.15,3.8,6.3,0.0,0.0,0.0,0.2,3.6,1.3,0.0,0.0,0.0,0.13,1.0,18.4,72.2,11.1,11.1,0.14,2.6,13.3,30.8,23.1,15.4,0.17,3.0,16.3,25.0,25.0,6.2,0.16,3.4,18.4,5.6,11.1,16.7,0.17,3.4,20.4,5.0,10.0,5.0,0.15,3.4,13.3,7.7,30.8,0.0,0.15,2.9,22.4,58.3,33.3,4.2,0.11,2.7,15.0,18.8,37.5,18.8,0.13,4.1,14.0,26.7,40.0,13.3,0.12,2.5,17.8,21.1,15.8,26.3,0.14,2.7,17.8,10.5,21.1,21.1,0.14,3.8,13.1,7.1,14.3,0.0,0.17,4.1,14.2,66.7,6.7,6.7,0.15,2.7,16.0,17.6,5.9,47.1,0.12,2.6,17.9,10.5,36.8,21.1,0.16,3.2,23.6,4.0,20.0,28.0,0.15,3.2,14.2,6.7,6.7,20.0,0.16,3.3,14.2,20.0,0.0,0.0,0.19,3.9,0.0,0.0,0.0,0.0,0.0,0.0,0.0,0.0,0.0,0.0,0.0,0.0,0.0,0.0,0.0,0.0,0.0,0.0,0.0,0.0,0.0,0.0,0.0,0.0,0.0,0.0,0.0,0.0,0.0,0.0,100.0,1.4,4.2,7.0,0.16,3.3,19.5,72.0,8.0,16.0,0.17,3.6,17.2,9.1,50.0,13.6,0.17,3.7,21.9,14.3,35.7,14.3,0.19,4.1,20.3,34.6,30.8,0.0,0.19,4.2,12.5,18.8,37.5,0.0,0.2,4.2,8.6,9.1,18.2,0.0,0.2,5.1
20260813,06,6,4843,B1,33.0,47.0,4.27,21.57,4.88,26.79,1,42.22,71,36.98,4581,A1,37.0,52.0,6.29,46.85,5.77,39.84,55,46.99,34,37.69,5174,B2,24.0,46.0,5.36,28.21,6.07,42.86,54,29.11,18,38.74,4216,B1,41.0,54.0,4.79,25.51,5.7,39.64,8,28.92,58,36.92,4360,A2,41.0,53.0,5.65,33.64,5.6,34.62,5,43.21,64,31.02,3960,A1,47.0,54.0,6.41,33.64,7.43,59.26,13,39.08,61,36.96,14.0,66.7,8.3,0.0,0.22,3.7,19.8,5.9,5.9,17.6,0.18,3.4,18.6,18.8,6.2,43.8,0.14,2.5,14.0,25.0,16.7,25.0,0.14,2.4,16.3,14.3,7.1,14.3,0.15,2.4,17.4,6.7,13.3,6.7,0.16,3.3,20.1,64.3,14.3,10.7,0.13,2.4,16.5,17.4,56.5,4.3,0.15,2.8,15.8,22.7,27.3,9.1,0.15,3.4,20.9,13.8,6.9,31.0,0.16,3.5,10.8,13.3,33.3,6.7,0.13,2.8,15.8,4.5,9.1,18.2,0.12,2.5,18.4,42.9,14.3,14.3,0.14,3.1,13.2,20.0,20.0,20.0,0.23,3.6,18.4,14.3,14.3,28.6,0.2,4.0,18.4,28.6,0.0,0.0,0.2,4.7,15.8,16.7,16.7,0.0,0.2,4.0,15.8,16.7,0.0,0.0,0.16,3.8,20.4,56.5,30.4,4.3,0.11,1.5,13.3,26.7,20.0,0.0,0.15,2.3,17.7,15.0,35.0,0.0,0.16,2.6,15.0,5.9,23.5,23.5,0.15,2.7,17.7,20.0,15.0,0.0,0.18,3.1,15.9,16.7,0.0,0.0,0.17,3.6,14.2,40.0,13.3,33.3,0.17,3.3,16.0,11.8,47.1,11.8,0.21,3.9,18.9,25.0,40.0,0.0,0.18,3.9,18.9,20.0,20.0,15.0,0.17,2.9,16.0,11.8,23.5,11.8,0.16,4.1,16.0,5.9,11.8,35.3,0.19,4.1,22.2,71.4,10.7,7.1,0.11,1.8,15.9,15.0,25.0,15.0,0.12,2.5,15.1,21.1,10.5,15.8,0.11,2.1,19.0,8.3,33.3,4.2,0.1,2.0,16.7,14.3,14.3,33.3,0.11,2.7,11.1,7.1,0.0,0.0,0.14,3.4
20260813,06,7,4342,A2,41.0,54.0,5.95,33.72,6.96,52.98,44,36.71,31,29.32,3744,A1,51.0,54.0,6.41,46.62,6.53,52.7,53,30.67,37,33.51,3502,A2,57.0,54.0,5.9,39.39,5.93,42.31,37,43.21,62,36.41,5432,B1,21.0,52.0,3.08,9.46,2.11,5.71,18,30.38,48,37.88,5294,B1,24.0,50.0,3.51,18.84,2.78,11.01,49,32.93,17,37.88,3987,A1,48.0,53.0,5.96,42.0,5.97,38.62,57,28.57,27,29.95,18.5,70.8,4.2,12.5,0.13,2.8,16.9,22.7,31.8,4.5,0.17,3.1,15.4,30.0,20.0,10.0,0.15,2.8,23.1,33.3,20.0,13.3,0.15,2.8,14.6,10.5,31.6,0.0,0.15,3.6,11.5,13.3,0.0,0.0,0.17,3.5,23.1,88.2,5.9,0.0,0.14,2.6,14.3,9.5,33.3,19.0,0.16,3.3,19.0,17.9,28.6,28.6,0.12,2.3,22.4,9.1,24.2,15.2,0.14,2.8,15.6,21.7,4.3,17.4,0.12,2.6,5.4,12.5,12.5,0.0,0.15,3.3,17.9,41.2,47.1,0.0,0.17,3.1,15.8,13.3,20.0,26.7,0.14,3.1,21.1,15.0,15.0,15.0,0.14,2.8,18.9,27.8,38.9,0.0,0.16,3.0,20.0,31.6,15.8,0.0,0.17,3.2,6.3,33.3,0.0,0.0,0.19,4.2,0.0,0.0,0.0,0.0,0.0,0.0,0.0,0.0,0.0,0.0,0.0,0.0,0.0,0.0,0.0,0.0,0.0,0.0,0.0,0.0,0.0,0.0,0.0,0.0,2.7,0.0,0.0,0.0,0.19,3.5,97.3,2.8,2.8,5.6,0.17,3.7,13.7,35.7,14.3,7.1,0.16,3.1,17.6,5.6,22.2,5.6,0.18,3.8,17.6,5.6,11.1,33.3,0.13,2.5,17.6,5.6,5.6,0.0,0.16,3.5,18.6,5.3,10.5,0.0,0.18,3.2,14.7,0.0,0.0,0.0,0.22,4.5,14.9,72.2,16.7,5.6,0.19,3.1,14.0,5.9,64.7,5.9,0.18,3.5,19.8,12.5,20.8,29.2,0.18,3.5,19.0,8.7,30.4,30.4,0.13,2.9,18.2,31.8,9.1,22.7,0.16,2.3,14.0,5.9,17.6,0.0,0.15,3.0
20260813,06,8,4933,A2,30.0,56.0,6.11,33.73,5.89,42.71,45,40.96,50,35.18,4740,B1,34.0,53.0,4.63,22.58,4.96,31.76,32,40.45,12,38.97,5332,B1,22.0,51.0,3.91,19.12,3.91,21.15,34,38.16,15,38.46,5034,A1,28.0,55.0,6.42,50.0,5.99,42.15,23,35.44,11,28.4,4840,B1,34.0,52.0,4.83,30.1,5.28,33.7,63,44.58,25,37.56,4625,B1,40.0,52.0,5.28,32.1,5.04,32.58,14,33.33,56,34.39,17.8,72.2,11.1,5.6,0.12,2.6,16.8,11.8,29.4,29.4,0.13,2.9,12.9,15.4,7.7,15.4,0.12,2.7,16.8,5.9,29.4,29.4,0.14,2.4,16.8,11.8,23.5,17.6,0.17,3.4,18.8,5.3,26.3,0.0,0.19,4.5,12.9,36.4,18.2,9.1,0.15,3.5,17.6,33.3,40.0,0.0,0.14,2.7,17.6,6.7,33.3,13.3,0.15,3.1,18.8,6.2,18.8,12.5,0.18,3.7,18.8,6.2,12.5,12.5,0.22,4.1,14.1,16.7,0.0,0.0,0.18,4.7,16.1,42.1,21.1,10.5,0.17,2.9,14.4,29.4,23.5,0.0,0.18,3.8,18.6,4.5,9.1,31.8,0.16,3.1,19.5,8.7,17.4,0.0,0.16,2.9,16.1,5.3,5.3,10.5,0.14,2.6,15.3,11.1,0.0,0.0,0.15,2.8,22.4,75.8,15.2,3.0,0.1,2.0,15.6,13.0,30.4,8.7,0.12,2.8,21.1,41.9,25.8,0.0,0.13,2.5,20.4,20.0,10.0,26.7,0.12,2.1,9.5,7.1,28.6,7.1,0.15,3.3,10.9,31.2,0.0,0.0,0.17,3.5,14.7,26.7,33.3,26.7,0.17,2.7,17.6,16.7,27.8,11.1,0.12,3.2,17.6,11.1,27.8,16.7,0.14,2.7,19.6,15.0,10.0,0.0,0.19,3.0,17.6,5.6,11.1,0.0,0.15,3.7,12.7,23.1,7.7,0.0,0.18,4.7,13.3,53.8,15.4,0.0,0.18,2.6,18.4,22.2,5.6,22.2,0.2,4.3,20.4,10.0,25.0,15.0,0.16,3.5,15.3,20.0,20.0,6.7,0.17,2.7,17.3,11.8,11.8,0.0,0.16,3.4,15.3,13.3,13.3,0.0,0.19,3.9
20260813,06,9,3796,B1,53.0,55.0,4.34,26.6,5.3,36.63,9,30.86,47,35.23,4073,A1,45.0,52.0,6.5,52.14,6.14,40.94,46,43.59,32,35.9,3956,A2,49.0,56.0,6.24,42.72,6.71,49.0,10,38.55,65,34.36,3563,B1,56.0,52.0,5.63,36.28,5.51,38.53,4,30.67,46,33.5,3995,A2,47.0,54.0,6.33,48.72,6.88,52.89,52,38.64,22,34.38,3422,A2,55.0,55.0,6.23,44.55,7.09,54.65,58,28.38,43,31.11,14.3,50.0,50.0,0.0,0.16,2.5,20.2,11.8,23.5,17.6,0.18,3.7,14.3,8.3,25.0,33.3,0.21,3.8,15.5,15.4,23.1,30.8,0.16,2.9,14.3,8.3,16.7,0.0,0.17,3.5,21.4,11.1,11.1,0.0,0.18,4.1,21.4,71.4,14.3,3.6,0.12,2.3,15.3,10.0,45.0,20.0,0.14,2.5,17.6,17.4,30.4,30.4,0.15,2.6,15.3,20.0,15.0,15.0,0.14,2.9,17.6,13.0,17.4,21.7,0.16,3.2,13.0,5.9,11.8,17.6,0.2,4.5,20.9,66.7,8.3,12.5,0.19,3.8,15.7,22.2,27.8,11.1,0.16,3.2,17.4,20.0,40.0,15.0,0.16,3.2,14.8,5.9,17.6,29.4,0.18,2.7,20.9,8.3,16.7,20.8,0.17,3.4,10.4,8.3,8.3,8.3,0.15,3.5,16.4,38.9,27.8,11.1,0.15,3.0,19.1,4.8,23.8,23.8,0.14,3.2,20.0,27.3,22.7,0.0,0.14,2.6,23.6,19.2,23.1,0.0,0.17,3.8,15.5,11.8,17.6,5.9,0.18,3.2,5.5,0.0,0.0,0.0,0.14,3.5,20.8,90.9,4.5,0.0,0.12,1.8,17.0,5.6,22.2,33.3,0.12,2.4,15.1,12.5,37.5,12.5,0.11,1.8,16.0,17.6,17.6,29.4,0.09,1.5,16.0,5.9,23.5,29.4,0.1,1.9,15.1,6.2,12.5,18.8,0.13,3.2,23.0,72.4,13.8,0.0,0.15,2.8,12.7,6.2,31.2,6.2,0.13,2.9,19.8,12.0,12.0,24.0,0.15,3.3,19.8,8.0,32.0,12.0,0.14,3.0,15.9,25.0,25.0,15.0,0.14,2.5,8.7,9.1,9.1,9.1,0.16,3.7
20260813,06,10,3909,A1,52.0,56.0,6.69,51.72,7.07,57.24,20,44.58,51,28.79,4033,A2,47.0,53.0,6.06,48.15,6.5,49.61,36,25.0,35,36.22,4317,B1,42.0,48.0,4.3,25.0,4.4,22.09,17,45.78,73,31.63,4984,B1,29.0,50.0,4.51,26.25,5.4,30.0,26,43.48,59,32.84,4581,A1,37.0,52.0,6.29,46.85,5.77,39.84,55,46.99,34,37.69,4150,A2,44.0,57.0,5.73,41.12,6.08,43.48,11,43.53,60,31.44,22.8,79.3,10.3,3.4,0.09,1.9,16.5,19.0,47.6,19.0,0.13,2.4,20.5,15.4,19.2,15.4,0.13,2.3,18.9,4.2,33.3,16.7,0.13,2.4,17.3,27.3,9.1,18.2,0.11,2.0,3.9,20.0,0.0,0.0,0.14,3.6,19.0,77.3,18.2,0.0,0.13,2.1,21.6,12.0,32.0,24.0,0.15,3.3,13.8,6.2,43.8,12.5,0.17,3.0,14.7,23.5,11.8,23.5,0.15,3.4,15.5,5.6,27.8,11.1,0.16,3.8,15.5,22.2,16.7,0.0,0.16,3.1,14.6,53.8,30.8,0.0,0.17,2.2,16.9,13.3,40.0,6.7,0.19,3.3,18.0,12.5,18.8,18.8,0.18,2.9,18.0,12.5,6.2,0.0,0.18,3.7,21.3,5.3,5.3,0.0,0.18,3.7,11.2,0.0,0.0,0.0,0.22,3.7,15.8,41.7,16.7,8.3,0.19,3.5,11.8,55.6,11.1,0.0,0.22,3.9,15.8,8.3,8.3,25.0,0.22,4.5,14.5,9.1,9.1,18.2,0.21,4.5,11.8,44.4,0.0,0.0,0.24,3.9,30.3,8.7,13.0,21.7,0.2,4.3,20.1,64.3,14.3,10.7,0.13,2.4,16.5,17.4,56.5,4.3,0.15,2.8,15.8,22.7,27.3,9.1,0.15,3.4,20.9,13.8,6.9,31.0,0.16,3.5,10.8,13.3,33.3,6.7,0.13,2.8,15.8,4.5,9.1,18.2,0.12,2.5,16.9,60.0,20.0,5.0,0.16,3.0,17.8,19.0,28.6,19.0,0.15,2.7,19.5,21.7,21.7,17.4,0.13,3.3,14.4,35.3,17.6,23.5,0.13,2.7,16.9,5.0,10.0,20.0,0.15,3.3,14.4,17.6,0.0,0.0,0.16,3.1
20260813,06,11,4793,A2,36.0,52.0,6.48,49.07,5.9,41.12,61,43.18,76,35.38,3990,B1,47.0,52.0,4.99,25.0,5.18,26.73,62,48.78,57,35.75,3960,A1,47.0,54.0,6.41,33.64,7.43,59.26,13,39.08,61,36.96,3502,A2,57.0,54.0,5.9,39.39,5.93,42.31,37,43.21,62,36.41,4076,B1,48.0,51.0,4.84,26.15,5.19,34.34,59,29.73,14,36.22,5269,A2,25.0,51.0,5.8,41.25,4.91,30.38,2,41.33,53,33.33,18.5,54.5,13.6,18.2,0.13,1.9,17.6,28.6,42.9,4.8,0.16,2.9,15.1,33.3,27.8,16.7,0.13,2.8,17.6,14.3,4.8,28.6,0.14,2.6,16.8,10.0,20.0,30.0,0.14,2.7,14.3,5.9,17.6,17.6,0.13,2.7,13.7,50.0,7.1,7.1,0.14,2.8,19.6,15.0,15.0,25.0,0.13,3.1,15.7,12.5,31.2,0.0,0.14,2.6,16.7,5.9,17.6,0.0,0.13,3.1,22.5,8.7,13.0,0.0,0.14,3.3,11.8,8.3,8.3,0.0,0.16,3.5,22.2,71.4,10.7,7.1,0.11,1.8,15.9,15.0,25.0,15.0,0.12,2.5,15.1,21.1,10.5,15.8,0.11,2.1,19.0,8.3,33.3,4.2,0.1,2.0,16.7,14.3,14.3,33.3,0.11,2.7,11.1,7.1,0.0,0.0,0.14,3.4,17.9,41.2,47.1,0.0,0.17,3.1,15.8,13.3,20.0,26.7,0.14,3.1,21.1,15.0,15.0,15.0,0.14,2.8,18.9,27.8,38.9,0.0,0.16,3.0,20.0,31.6,15.8,0.0,0.17,3.2,6.3,33.3,0.0,0.0,0.19,4.2,17.5,62.5,25.0,0.0,0.18,3.6,14.6,10.0,25.0,25.0,0.17,4.2,19.0,7.7,26.9,26.9,0.19,3.8,16.1,4.5,18.2,31.8,0.22,4.5,19.0,15.4,23.1,0.0,0.23,4.8,13.9,5.3,15.8,0.0,0.27,5.4,18.4,72.2,11.1,11.1,0.14,2.6,13.3,30.8,23.1,15.4,0.17,3.0,16.3,25.0,25.0,6.2,0.16,3.4,18.4,5.6,11.1,16.7,0.17,3.4,20.4,5.0,10.0,5.0,0.15,3.4,13.3,7.7,30.8,0.0,0.15,2.9
20260813,06,12,3959,A1,48.0,54.0,7.08,47.27,6.82,50.36,48,38.82,45,41.41,4342,A2,41.0,54.0,5.95,33.72,6.96,52.98,44,36.71,31,29.32,4843,B1,33.0,47.0,4.27,21.57,4.88,26.79,1,42.22,71,36.98,4933,A2,30.0,56.0,6.11,33.73,5.89,42.71,45,40.96,50,35.18,5076,B1,30.0,54.0,4.94,33.33,4.93,31.52,6,31.08,13,29.84,3489,A2,59.0,55.0,5.94,41.6,6.0,39.62,66,33.33,70,30.26,22.4,58.3,33.3,4.2,0.11,2.7,15.0,18.8,37.5,18.8,0.13,4.1,14.0,26.7,40.0,13.3,0.12,2.5,17.8,21.1,15.8,26.3,0.14,2.7,17.8,10.5,21.1,21.1,0.14,3.8,13.1,7.1,14.3,0.0,0.17,4.1,18.5,70.8,4.2,12.5,0.13,2.8,16.9,22.7,31.8,4.5,0.17,3.1,15.4,30.0,20.0,10.0,0.15,2.8,23.1,33.3,20.0,13.3,0.15,2.8,14.6,10.5,31.6,0.0,0.15,3.6,11.5,13.3,0.0,0.0,0.17,3.5,14.0,66.7,8.3,0.0,0.22,3.7,19.8,5.9,5.9,17.6,0.18,3.4,18.6,18.8,6.2,43.8,0.14,2.5,14.0,25.0,16.7,25.0,0.14,2.4,16.3,14.3,7.1,14.3,0.15,2.4,17.4,6.7,13.3,6.7,0.16,3.3,17.8,72.2,11.1,5.6,0.12,2.6,16.8,11.8,29.4,29.4,0.13,2.9,12.9,15.4,7.7,15.4,0.12,2.7,16.8,5.9,29.4,29.4,0.14,2.4,16.8,11.8,23.5,17.6,0.17,3.4,18.8,5.3,26.3,0.0,0.19,4.5,11.8,54.5,18.2,9.1,0.18,3.3,24.7,13.0,30.4,13.0,0.18,3.4,16.1,26.7,13.3,33.3,0.14,2.4,15.1,14.3,21.4,21.4,0.16,3.2,16.1,6.7,20.0,6.7,0.16,3.5,16.1,6.7,33.3,0.0,0.19,4.4,17.5,62.5,16.7,8.3,0.14,2.6,19.0,7.7,46.2,23.1,0.17,3.4,13.9,5.3,26.3,42.1,0.13,2.1,21.2,6.9,20.7,20.7,0.16,3.8,11.7,12.5,18.8,0.0,0.18,3.4,16.8,17.4,0.0,0.0,0.2,4.9
20260813,04,1,5135,B1,26.0,54.0,5.42,40.91,5.52,38.25,25,40.91,22,29.73,4779,B1,40.0,51.0,5.44,30.23,4.56,21.59,29,47.73,74,33.33,4895,A2,35.0,55.0,5.13,25.0,5.36,24.59,17,32.56,49,19.05,4813,B1,36.0,53.0,3.96,14.71,3.82,18.37,43,46.67,29,41.38,5415,B2,20.0,50.0,1.04,0.0,1.0,0.0,47,34.15,19,33.33,4460,A2,40.0,56.0,5.81,37.5,5.89,41.77,24,20.83,47,16.13,16.5,50.0,14.3,7.1,0.11,2.1,14.1,16.7,25.0,16.7,0.14,1.9,14.1,16.7,8.3,8.3,0.2,3.2,11.8,10.0,20.0,30.0,0.13,2.1,15.3,7.7,15.4,0.0,0.2,3.9,28.2,8.3,0.0,0.0,0.27,5.4,16.0,53.3,33.3,0.0,0.16,2.5,17.0,25.0,31.2,0.0,0.18,3.6,16.0,20.0,26.7,0.0,0.18,3.6,19.1,5.6,16.7,33.3,0.19,3.6,19.1,11.1,16.7,0.0,0.16,2.9,12.8,16.7,0.0,0.0,0.21,4.2,13.8,54.5,27.3,0.0,0.14,2.9,17.5,21.4,21.4,14.3,0.17,3.1,21.2,17.6,11.8,29.4,0.15,2.9,16.2,15.4,15.4,15.4,0.13,3.1,18.8,6.7,13.3,26.7,0.15,2.4,12.5,40.0,0.0,0.0,0.16,2.3,14.7,14.3,14.3,0.0,0.19,4.0,18.9,11.1,5.6,5.6,0.17,3.8,15.8,6.7,13.3,6.7,0.18,3.5,18.9,16.7,16.7,0.0,0.16,2.7,17.9,11.8,0.0,0.0,0.21,4.8,13.7,23.1,0.0,0.0,0.2,3.3,0.0,0.0,0.0,0.0,0.0,0.0,0.0,0.0,0.0,0.0,0.0,0.0,0.0,0.0,0.0,0.0,0.0,0.0,0.0,0.0,0.0,0.0,0.0,0.0,17.1,0.0,0.0,0.0,0.25,4.3,82.9,1.6,0.0,0.0,0.24,4.6,19.0,54.2,16.7,12.5,0.13,2.3,16.7,14.3,38.1,14.3,0.15,3.5,17.5,13.6,22.7,27.3,0.13,2.6,15.9,10.0,20.0,25.0,0.14,2.9,18.3,4.3,26.1,26.1,0.16,3.8,12.7,6.2,37.5,0.0,0.16,3.8
20260813,04,2,4488,A1,40.0,53.0,6.82,55.56,5.32,44.0,70,14.29,35,42.86,4728,B1,38.0,54.0,4.0,19.48,5.54,42.0,35,16.67,17,29.41,5226,B1,24.0,52.0,5.24,28.57,5.45,41.94,58,44.44,71,38.89,5047,B1,32.0,54.0,5.69,34.04,4.83,29.17,63,21.21,25,51.43,5292,B1,24.0,56.0,4.31,22.22,2.24,7.89,14,40.48,39,34.88,5422,B2,24.0,52.0,1.3,2.13,1.28,0.0,40,48.89,15,27.78,23.1,67.9,17.9,10.7,0.16,2.9,15.7,21.1,36.8,31.6,0.17,3.4,14.0,23.5,23.5,35.3,0.18,3.1,14.9,11.1,27.8,22.2,0.16,3.7,19.0,8.7,21.7,30.4,0.18,3.7,13.2,18.8,6.2,0.0,0.2,5.1,15.4,50.0,14.3,0.0,0.16,2.5,15.4,14.3,35.7,0.0,0.18,3.6,19.8,5.6,27.8,5.6,0.16,3.1,17.6,25.0,18.8,0.0,0.19,4.1,17.6,18.8,18.8,0.0,0.17,3.3,14.3,0.0,0.0,0.0,0.22,4.6,24.3,88.2,5.9,0.0,0.15,3.2,18.6,23.1,30.8,23.1,0.16,3.1,14.3,50.0,30.0,0.0,0.14,2.4,8.6,33.3,16.7,0.0,0.14,2.8,18.6,7.7,7.7,23.1,0.16,3.8,15.7,18.2,18.2,0.0,0.2,4.6,16.5,38.5,15.4,7.7,0.17,2.9,16.5,7.7,15.4,23.1,0.13,2.2,17.7,14.3,21.4,28.6,0.17,2.9,15.2,25.0,0.0,0.0,0.2,4.0,17.7,7.1,7.1,28.6,0.18,3.5,16.5,15.4,0.0,0.0,0.18,3.9,12.1,36.4,9.1,18.2,0.13,3.1,19.8,5.6,11.1,0.0,0.29,4.4,22.0,5.0,20.0,30.0,0.21,3.9,16.5,13.3,0.0,0.0,0.24,4.8,16.5,6.7,6.7,0.0,0.23,4.6,13.2,8.3,0.0,0.0,0.24,4.7,0.0,0.0,0.0,0.0,0.0,0.0,0.0,0.0,0.0,0.0,0.0,0.0,0.0,0.0,0.0,0.0,0.0,0.0,0.0,0.0,0.0,0.0,0.0,0.0,3.2,0.0,0.0,0.0,0.17,4.0,96.8,0.0,0.0,0.0,0.14,3.1
20260813,04,3,5253,B2,23.0,54.0,3.16,7.89,3.56,18.52,18,42.86,33,38.46,4759,A1,36.0,51.0,7.05,49.11,7.11,55.36,34,13.79,30,33.33,4104,B1,46.0,55.0,4.04,22.62,4.71,30.91,30,45.1,14,34.38,4560,A2,35.0,55.0,5.6,30.11,5.71,37.18,57,9.09,75,31.25,5427,B1,24.0,52.0,2.91,2.56,3.24,5.88,75,21.21,23,44.44,3385,A2,57.0,52.0,5.52,40.37,6.03,46.88,21,40.91,10,29.27,12.8,0.0,0.0,0.0,0.28,5.8,17.9,14.3,42.9,0.0,0.25,5.6,10.3,0.0,0.0,0.0,0.24,4.0,20.5,25.0,12.5,0.0,0.26,5.1,10.3,25.0,0.0,0.0,0.25,5.0,28.2,0.0,0.0,0.0,0.29,5.5,18.2,61.1,11.1,16.7,0.16,2.9,15.2,20.0,33.3,13.3,0.17,3.7,20.2,15.0,50.0,20.0,0.16,3.3,16.2,6.2,37.5,25.0,0.17,3.7,13.1,23.1,38.5,0.0,0.15,3.5,17.2,23.5,0.0,0.0,0.17,4.2,16.7,46.7,26.7,0.0,0.16,2.8,15.6,7.1,7.1,42.9,0.15,2.6,15.6,14.3,35.7,7.1,0.17,2.5,21.1,5.3,10.5,21.1,0.15,2.6,15.6,7.1,21.4,0.0,0.13,2.5,15.6,7.1,7.1,7.1,0.14,2.6,18.3,50.0,22.7,9.1,0.14,2.3,19.2,21.7,21.7,26.1,0.14,2.6,15.8,10.5,21.1,36.8,0.15,2.7,15.0,11.1,22.2,22.2,0.12,2.1,15.8,10.5,31.6,15.8,0.14,2.5,15.8,5.3,5.3,21.1,0.2,4.1,0.0,0.0,0.0,0.0,0.0,0.0,0.0,0.0,0.0,0.0,0.0,0.0,0.0,0.0,0.0,0.0,0.0,0.0,0.0,0.0,0.0,0.0,0.0,0.0,0.0,0.0,0.0,0.0,0.0,0.0,100.0,1.1,1.1,8.6,0.22,4.5,18.9,50.0,10.0,5.0,0.18,2.5,15.1,18.8,25.0,18.8,0.18,2.9,17.9,10.5,26.3,21.1,0.14,2.7,17.0,11.1,16.7,11.1,0.14,2.3,16.0,11.8,17.6,35.3,0.16,2.9,15.1,12.5,25.0,0.0,0.17,3.4
20260813,04,4,3857,B1,53.0,56.0,4.68,29.63,4.84,28.32,45,20.0,62,28.26,4680,A2,36.0,45.0,5.35,32.38,5.62,38.46,66,21.21,70,51.52,5175,B1,22.0,54.0,5.16,26.03,4.87,26.98,52,30.77,52,51.16,4421,B1,38.0,57.0,3.05,3.33,4.14,18.0,73,35.71,20,38.46,4036,A1,47.0,52.0,6.56,45.16,6.74,57.45,16,32.43,72,31.03,4191,A1,45.0,55.0,6.5,51.11,5.69,34.29,23,43.18,13,33.33,8.9,30.0,10.0,10.0,0.2,3.8,15.2,29.4,23.5,0.0,0.19,3.9,10.7,16.7,16.7,0.0,0.21,4.3,14.3,18.8,12.5,0.0,0.24,4.8,15.2,11.8,5.9,11.8,0.21,4.0,35.7,12.5,12.5,10.0,0.2,4.1,17.6,31.2,37.5,12.5,0.2,4.1,16.5,20.0,13.3,33.3,0.22,4.4,19.8,5.6,27.8,16.7,0.2,3.6,18.7,47.1,17.6,0.0,0.23,4.6,18.7,5.9,11.8,23.5,0.21,4.6,8.8,37.5,0.0,0.0,0.25,5.4,14.1,60.0,10.0,0.0,0.19,4.1,15.5,9.1,9.1,0.0,0.16,3.0,16.9,8.3,33.3,33.3,0.17,3.0,23.9,5.9,5.9,17.6,0.19,3.5,16.9,8.3,8.3,0.0,0.21,4.5,12.7,11.1,11.1,0.0,0.19,3.9,14.0,16.7,8.3,25.0,0.16,2.9,16.3,7.1,21.4,0.0,0.16,4.1,18.6,6.2,12.5,25.0,0.18,3.1,9.3,12.5,37.5,0.0,0.17,3.5,19.8,5.9,0.0,0.0,0.2,4.9,22.1,10.5,0.0,0.0,0.24,5.1,19.8,72.7,13.6,9.1,0.14,2.5,16.2,16.7,22.2,11.1,0.16,3.3,18.0,20.0,25.0,20.0,0.19,3.4,17.1,21.1,21.1,21.1,0.19,3.4,14.4,31.2,25.0,0.0,0.16,3.1,14.4,6.2,6.2,56.2,0.15,3.4,17.5,58.8,23.5,5.9,0.17,3.2,23.7,39.1,13.0,17.4,0.16,3.3,16.5,37.5,18.8,12.5,0.16,2.9,16.5,6.2,43.8,18.8,0.17,3.6,17.5,5.9,23.5,23.5,0.14,3.0,8.2,25.0,0.0,0.0,0.16,4.0
20260813,04,5,4211,B1,43.0,58.0,4.6,28.26,3.95,18.6,56,17.86,27,20.0,4496,A1,39.0,55.0,6.63,52.17,6.94,57.97,27,35.56,36,32.26,3319,A2,59.0,53.0,5.7,40.35,5.75,40.98,69,16.0,12,25.58,5436,B2,21.0,47.0,1.39,0.0,1.45,0.0,22,20.69,43,38.64,3826,A2,53.0,53.0,6.3,45.53,5.92,36.92,61,43.9,24,41.67,4813,B1,36.0,53.0,3.96,14.71,3.82,18.37,43,46.67,29,41.38,12.9,8.3,25.0,25.0,0.16,2.9,16.1,13.3,26.7,0.0,0.16,3.7,21.5,10.0,20.0,0.0,0.16,2.3,10.8,30.0,0.0,0.0,0.16,3.3,21.5,5.0,10.0,0.0,0.14,2.7,17.2,12.5,0.0,0.0,0.16,4.5,31.9,61.4,13.6,9.1,0.16,3.4,17.4,20.8,25.0,12.5,0.16,3.4,15.2,33.3,33.3,19.0,0.16,2.9,14.5,35.0,25.0,5.0,0.14,2.6,13.0,27.8,27.8,5.6,0.14,2.8,8.0,27.3,27.3,0.0,0.15,2.8,18.7,40.0,20.0,20.0,0.14,3.3,15.0,12.5,25.0,31.2,0.17,3.1,17.8,36.8,15.8,0.0,0.18,3.5,18.7,15.0,30.0,20.0,0.14,2.7,14.0,20.0,33.3,0.0,0.16,3.4,15.9,5.9,5.9,17.6,0.2,4.8,0.0,0.0,0.0,0.0,0.0,0.0,0.0,0.0,0.0,0.0,0.0,0.0,0.0,0.0,0.0,0.0,0.0,0.0,0.0,0.0,0.0,0.0,0.0,0.0,0.0,0.0,0.0,0.0,0.0,0.0,100.0,0.0,0.0,0.0,0.22,4.8,19.2,60.0,25.0,15.0,0.15,2.2,16.3,35.3,35.3,0.0,0.13,2.9,17.3,22.2,22.2,33.3,0.16,3.0,11.5,16.7,25.0,0.0,0.16,3.9,21.2,9.1,31.8,18.2,0.15,3.3,14.4,6.7,26.7,0.0,0.18,4.1,14.7,14.3,14.3,0.0,0.19,4.0,18.9,11.1,5.6,5.6,0.17,3.8,15.8,6.7,13.3,6.7,0.18,3.5,18.9,16.7,16.7,0.0,0.16,2.7,17.9,11.8,0.0,0.0,0.21,4.8,13.7,23.1,0.0,0.0,0.2,3.3
20260813,04,6,3992,B1,47.0,55.0,5.46,35.82,5.73,40.0,32,22.58,46,30.77,3966,A1,47.0,54.0,6.53,44.83,7.42,60.0,37,32.56,31,13.51,3463,B1,59.0,52.0,4.56,20.88,5.11,27.66,50,58.14,34,20.0,4676,A2,38.0,56.0,5.09,25.25,5.12,29.27,39,15.38,28,35.9,5228,A2,23.0,51.0,5.55,33.33,6.13,43.59,19,35.56,18,33.33,5449,B2,23.0,49.0,1.58,6.45,0.0,0.0,44,16.0,21,19.35,16.3,56.2,0.0,0.0,0.16,3.3,17.3,11.8,35.3,23.5,0.16,2.9,16.3,18.8,6.2,12.5,0.14,3.1,20.4,15.0,20.0,20.0,0.13,2.9,15.3,6.7,6.7,20.0,0.12,3.1,14.3,7.1,21.4,14.3,0.12,2.2,23.0,64.5,12.9,12.9,0.16,4.1,17.0,17.4,30.4,21.7,0.17,3.3,17.0,13.0,21.7,13.0,0.17,3.3,14.1,21.1,10.5,36.8,0.16,3.2,14.1,10.5,15.8,31.6,0.19,4.0,14.8,5.0,5.0,30.0,0.2,3.9,15.8,26.3,15.8,21.1,0.18,4.6,17.5,4.8,14.3,47.6,0.19,4.4,19.2,13.0,21.7,26.1,0.15,3.1,19.2,13.0,8.7,26.1,0.2,4.6,19.2,4.3,8.7,21.7,0.2,4.3,9.2,27.3,0.0,0.0,0.2,5.5,21.7,65.2,4.3,8.7,0.13,2.7,10.4,9.1,18.2,27.3,0.18,3.4,20.8,18.2,27.3,18.2,0.14,2.9,17.0,11.1,38.9,0.0,0.18,4.2,17.0,5.6,16.7,22.2,0.2,4.2,13.2,7.1,21.4,0.0,0.21,4.4,17.6,78.9,5.3,5.3,0.18,3.2,15.7,29.4,23.5,5.9,0.18,3.8,18.5,15.0,25.0,20.0,0.17,3.7,16.7,11.1,11.1,27.8,0.16,3.2,14.8,12.5,18.8,37.5,0.15,3.1,16.7,5.6,27.8,0.0,0.2,4.0,0.0,0.0,0.0,0.0,0.0,0.0,0.0,0.0,0.0,0.0,0.0,0.0,0.0,0.0,0.0,0.0,0.0,0.0,0.0,0.0,0.0,0.0,0.0,0.0,0.0,0.0,0.0,0.0,0.0,0.0,0.0,0.0,0.0,0.0,0.0,0.0
20260813,04,7,5365,B1,25.0,46.0,2.32,6.76,2.09,0.0,38,42.86,44,34.15,4152,A2,46.0,52.0,5.32,39.77,5.43,35.53,62,41.94,32,31.71,5005,A1,30.0,52.0,6.25,41.98,5.0,20.0,60,52.38,55,36.36,4488,A1,40.0,53.0,6.82,55.56,5.32,44.0,70,14.29,35,42.86,4619,B1,43.0,53.0,5.59,41.12,5.71,38.24,64,29.03,41,38.89,5415,B2,20.0,50.0,1.04,0.0,1.0,0.0,47,34.15,19,33.33,0.0,0.0,0.0,0.0,0.0,0.0,0.0,0.0,0.0,0.0,0.0,0.0,0.0,0.0,0.0,0.0,0.0,0.0,22.7,5.9,0.0,0.0,0.18,4.1,33.3,4.0,8.0,0.0,0.18,3.2,44.0,3.0,6.1,0.0,0.21,4.1,15.9,38.5,30.8,7.7,0.17,3.5,19.5,12.5,18.8,31.2,0.18,3.3,17.1,21.4,28.6,7.1,0.18,3.3,17.1,28.6,21.4,21.4,0.17,3.0,17.1,7.1,28.6,14.3,0.18,3.6,13.4,9.1,0.0,0.0,0.21,4.8,20.0,61.1,22.2,5.6,0.19,3.8,12.2,18.2,36.4,18.2,0.11,2.6,20.0,16.7,33.3,11.1,0.14,2.7,18.9,29.4,5.9,11.8,0.15,3.2,16.7,26.7,13.3,33.3,0.14,2.6,12.2,9.1,9.1,9.1,0.15,3.4,23.1,67.9,17.9,10.7,0.16,2.9,15.7,21.1,36.8,31.6,0.17,3.4,14.0,23.5,23.5,35.3,0.18,3.1,14.9,11.1,27.8,22.2,0.16,3.7,19.0,8.7,21.7,30.4,0.18,3.7,13.2,18.8,6.2,0.0,0.2,5.1,12.6,46.7,26.7,0.0,0.18,3.5,10.9,23.1,7.7,0.0,0.18,2.7,10.9,7.7,23.1,0.0,0.21,3.5,13.4,31.2,18.8,12.5,0.14,2.4,19.3,4.3,21.7,21.7,0.2,3.4,32.8,7.7,7.7,15.4,0.16,3.7,0.0,0.0,0.0,0.0,0.0,0.0,0.0,0.0,0.0,0.0,0.0,0.0,0.0,0.0,0.0,0.0,0.0,0.0,0.0,0.0,0.0,0.0,0.0,0.0,17.1,0.0,0.0,0.0,0.25,4.3,82.9,1.6,0.0,0.0,0.24,4.6
20260813,04,8,4053,A2,48.0,57.0,5.3,34.88,5.57,43.24,26,35.0,50,23.26,4484,B1,36.0,49.0,4.76,21.62,3.87,10.87,59,21.74,73,35.71,3353,B1,58.0,52.0,2.93,8.57,4.83,50.0,36,46.15,37,30.23,4759,A1,36.0,51.0,7.05,49.11,7.11,55.36,34,13.79,30,33.33,5422,B2,24.0,52.0,1.3,2.13,1.28,0.0,40,48.89,15,27.78,4779,B1,40.0,51.0,5.44,30.23,4.56,21.59,29,47.73,74,33.33,17.7,63.6,13.6,9.1,0.17,2.7,14.5,27.8,44.4,11.1,0.15,2.6,21.0,19.2,15.4,34.6,0.15,2.4,21.8,11.1,18.5,18.5,0.18,3.3,11.3,7.1,35.7,28.6,0.14,2.7,13.7,5.9,11.8,0.0,0.17,2.9,15.0,41.7,25.0,8.3,0.18,3.4,17.5,7.1,21.4,35.7,0.22,3.7,17.5,21.4,21.4,14.3,0.23,3.7,16.2,15.4,23.1,0.0,0.17,3.5,18.8,6.7,46.7,0.0,0.23,4.5,15.0,8.3,8.3,0.0,0.23,4.8,10.6,28.6,14.3,14.3,0.2,4.0,21.2,7.1,21.4,0.0,0.21,3.7,13.6,11.1,22.2,0.0,0.18,3.3,25.8,11.8,23.5,0.0,0.13,2.7,13.6,11.1,0.0,0.0,0.19,3.0,15.2,0.0,0.0,0.0,0.16,4.1,18.2,61.1,11.1,16.7,0.16,2.9,15.2,20.0,33.3,13.3,0.17,3.7,20.2,15.0,50.0,20.0,0.16,3.3,16.2,6.2,37.5,25.0,0.17,3.7,13.1,23.1,38.5,0.0,0.15,3.5,17.2,23.5,0.0,0.0,0.17,4.2,0.0,0.0,0.0,0.0,0.0,0.0,0.0,0.0,0.0,0.0,0.0,0.0,0.0,0.0,0.0,0.0,0.0,0.0,0.0,0.0,0.0,0.0,0.0,0.0,3.2,0.0,0.0,0.0,0.17,4.0,96.8,0.0,0.0,0.0,0.14,3.1,16.0,53.3,33.3,0.0,0.16,2.5,17.0,25.0,31.2,0.0,0.18,3.6,16.0,20.0,26.7,0.0,0.18,3.6,19.1,5.6,16.7,33.3,0.19,3.6,19.1,11.1,16.7,0.0,0.16,2.9,12.8,16.7,0.0,0.0,0.21,4.2
20260813,04,9,4895,A2,35.0,55.0,5.13,25.0,5.36,24.59,17,32.56,49,19.05,4104,B1,46.0,55.0,4.04,22.62,4.71,30.91,30,45.1,14,34.38,3256,A1,59.0,52.0,6.22,47.83,6.71,47.31,46,43.33,26,25.71,4680,A2,36.0,45.0,5.35,32.38,5.62,38.46,66,21.21,70,51.52,4283,B1,42.0,52.0,3.89,9.86,4.11,5.56,33,42.5,45,42.86,4728,B1,38.0,54.0,4.0,19.48,5.54,42.0,35,16.67,17,29.41,13.8,54.5,27.3,0.0,0.14,2.9,17.5,21.4,21.4,14.3,0.17,3.1,21.2,17.6,11.8,29.4,0.15,2.9,16.2,15.4,15.4,15.4,0.13,3.1,18.8,6.7,13.3,26.7,0.15,2.4,12.5,40.0,0.0,0.0,0.16,2.3,16.7,46.7,26.7,0.0,0.16,2.8,15.6,7.1,7.1,42.9,0.15,2.6,15.6,14.3,35.7,7.1,0.17,2.5,21.1,5.3,10.5,21.1,0.15,2.6,15.6,7.1,21.4,0.0,0.13,2.5,15.6,7.1,7.1,7.1,0.14,2.6,19.1,52.4,28.6,9.5,0.15,2.6,18.2,20.0,35.0,10.0,0.13,2.6,19.1,9.5,38.1,28.6,0.14,2.5,14.5,31.2,25.0,12.5,0.14,2.8,17.3,5.3,21.1,31.6,0.16,2.7,11.8,38.5,0.0,0.0,0.19,4.2,17.6,31.2,37.5,12.5,0.2,4.1,16.5,20.0,13.3,33.3,0.22,4.4,19.8,5.6,27.8,16.7,0.2,3.6,18.7,47.1,17.6,0.0,0.23,4.6,18.7,5.9,11.8,23.5,0.21,4.6,8.8,37.5,0.0,0.0,0.25,5.4,15.9,21.4,28.6,0.0,0.17,3.3,17.0,6.7,13.3,33.3,0.16,2.7,20.5,27.8,0.0,0.0,0.17,2.9,15.9,7.1,7.1,21.4,0.16,3.0,17.0,13.3,0.0,0.0,0.16,3.3,13.6,8.3,16.7,0.0,0.2,3.9,15.4,50.0,14.3,0.0,0.16,2.5,15.4,14.3,35.7,0.0,0.18,3.6,19.8,5.6,27.8,5.6,0.16,3.1,17.6,25.0,18.8,0.0,0.19,4.1,17.6,18.8,18.8,0.0,0.17,3.3,14.3,0.0,0.0,0.0,0.22,4.6
20260813,04,10,3826,A2,53.0,53.0,6.3,45.53,5.92,36.92,61,43.9,24,41.67,5228,A2,23.0,51.0,5.55,33.33,6.13,43.59,19,35.56,18,33.33,5135,B1,26.0,54.0,5.42,40.91,5.52,38.25,25,40.91,22,29.73,5427,B1,24.0,52.0,2.91,2.56,3.24,5.88,75,21.21,23,44.44,4191,A1,45.0,55.0,6.5,51.11,5.69,34.29,23,43.18,13,33.33,4297,A1,43.0,52.0,6.36,47.32,6.05,42.11,12,61.54,51,42.22,19.2,60.0,25.0,15.0,0.15,2.2,16.3,35.3,35.3,0.0,0.13,2.9,17.3,22.2,22.2,33.3,0.16,3.0,11.5,16.7,25.0,0.0,0.16,3.9,21.2,9.1,31.8,18.2,0.15,3.3,14.4,6.7,26.7,0.0,0.18,4.1,17.6,78.9,5.3,5.3,0.18,3.2,15.7,29.4,23.5,5.9,0.18,3.8,18.5,15.0,25.0,20.0,0.17,3.7,16.7,11.1,11.1,27.8,0.16,3.2,14.8,12.5,18.8,37.5,0.15,3.1,16.7,5.6,27.8,0.0,0.2,4.0,16.5,50.0,14.3,7.1,0.11,2.1,14.1,16.7,25.0,16.7,0.14,1.9,14.1,16.7,8.3,8.3,0.2,3.2,11.8,10.0,20.0,30.0,0.13,2.1,15.3,7.7,15.4,0.0,0.2,3.9,28.2,8.3,0.0,0.0,0.27,5.4,0.0,0.0,0.0,0.0,0.0,0.0,0.0,0.0,0.0,0.0,0.0,0.0,0.0,0.0,0.0,0.0,0.0,0.0,0.0,0.0,0.0,0.0,0.0,0.0,0.0,0.0,0.0,0.0,0.0,0.0,100.0,1.1,1.1,8.6,0.22,4.5,17.5,58.8,23.5,5.9,0.17,3.2,23.7,39.1,13.0,17.4,0.16,3.3,16.5,37.5,18.8,12.5,0.16,2.9,16.5,6.2,43.8,18.8,0.17,3.6,17.5,5.9,23.5,23.5,0.14,3.0,8.2,25.0,0.0,0.0,0.16,4.0,19.1,68.0,24.0,0.0,0.11,2.2,18.3,8.3,33.3,25.0,0.13,2.3,14.5,10.5,15.8,31.6,0.13,2.2,16.0,14.3,23.8,14.3,0.08,1.6,19.1,8.0,36.0,8.0,0.1,2.0,13.0,17.6,5.9,29.4,0.12,2.1
20260813,04,11,4036,A1,47.0,52.0,6.56,45.16,6.74,57.45,16,32.43,72,31.03,4460,A2,40.0,56.0,5.81,37.5,5.89,41.77,24,20.83,47,16.13,4496,A1,39.0,55.0,6.63,52.17,6.94,57.97,27,35.56,36,32.26,4152,A2,46.0,52.0,5.32,39.77,5.43,35.53,62,41.94,32,31.71,5047,B1,32.0,54.0,5.69,34.04,4.83,29.17,63,21.21,25,51.43,3463,B1,59.0,52.0,4.56,20.88,5.11,27.66,50,58.14,34,20.0,19.8,72.7,13.6,9.1,0.14,2.5,16.2,16.7,22.2,11.1,0.16,3.3,18.0,20.0,25.0,20.0,0.19,3.4,17.1,21.1,21.1,21.1,0.19,3.4,14.4,31.2,25.0,0.0,0.16,3.1,14.4,6.2,6.2,56.2,0.15,3.4,19.0,54.2,16.7,12.5,0.13,2.3,16.7,14.3,38.1,14.3,0.15,3.5,17.5,13.6,22.7,27.3,0.13,2.6,15.9,10.0,20.0,25.0,0.14,2.9,18.3,4.3,26.1,26.1,0.16,3.8,12.7,6.2,37.5,0.0,0.16,3.8,31.9,61.4,13.6,9.1,0.16,3.4,17.4,20.8,25.0,12.5,0.16,3.4,15.2,33.3,33.3,19.0,0.16,2.9,14.5,35.0,25.0,5.0,0.14,2.6,13.0,27.8,27.8,5.6,0.14,2.8,8.0,27.3,27.3,0.0,0.15,2.8,15.9,38.5,30.8,7.7,0.17,3.5,19.5,12.5,18.8,31.2,0.18,3.3,17.1,21.4,28.6,7.1,0.18,3.3,17.1,28.6,21.4,21.4,0.17,3.0,17.1,7.1,28.6,14.3,0.18,3.6,13.4,9.1,0.0,0.0,0.21,4.8,16.5,38.5,15.4,7.7,0.17,2.9,16.5,7.7,15.4,23.1,0.13,2.2,17.7,14.3,21.4,28.6,0.17,2.9,15.2,25.0,0.0,0.0,0.2,4.0,17.7,7.1,7.1,28.6,0.18,3.5,16.5,15.4,0.0,0.0,0.18,3.9,15.8,26.3,15.8,21.1,0.18,4.6,17.5,4.8,14.3,47.6,0.19,4.4,19.2,13.0,21.7,26.1,0.15,3.1,19.2,13.0,8.7,26.1,0.2,4.6,19.2,4.3,8.7,21.7,0.2,4.3,9.2,27.3,0.0,0.0,0.2,5.5
20260813,04,12,3966,A1,47.0,54.0,6.53,44.83,7.42,60.0,37,32.56,31,13.51,5175,B1,22.0,54.0,5.16,26.03,4.87,26.98,52,30.77,52,51.16,3385,A2,57.0,52.0,5.52,40.37,6.03,46.88,21,40.91,10,29.27,5005,A1,30.0,52.0,6.25,41.98,5.0,20.0,60,52.38,55,36.36,3319,A2,59.0,53.0,5.7,40.35,5.75,40.98,69,16.0,12,25.58,5226,B1,24.0,52.0,5.24,28.57,5.45,41.94,58,44.44,71,38.89,23.0,64.5,12.9,12.9,0.16,4.1,17.0,17.4,30.4,21.7,0.17,3.3,17.0,13.0,21.7,13.0,0.17,3.3,14.1,21.1,10.5,36.8,0.16,3.2,14.1,10.5,15.8,31.6,0.19,4.0,14.8,5.0,5.0,30.0,0.2,3.9,14.1,60.0,10.0,0.0,0.19,4.1,15.5,9.1,9.1,0.0,0.16,3.0,16.9,8.3,33.3,33.3,0.17,3.0,23.9,5.9,5.9,17.6,0.19,3.5,16.9,8.3,8.3,0.0,0.21,4.5,12.7,11.1,11.1,0.0,0.19,3.9,18.9,50.0,10.0,5.0,0.18,2.5,15.1,18.8,25.0,18.8,0.18,2.9,17.9,10.5,26.3,21.1,0.14,2.7,17.0,11.1,16.7,11.1,0.14,2.3,16.0,11.8,17.6,35.3,0.16,2.9,15.1,12.5,25.0,0.0,0.17,3.4,20.0,61.1,22.2,5.6,0.19,3.8,12.2,18.2,36.4,18.2,0.11,2.6,20.0,16.7,33.3,11.1,0.14,2.7,18.9,29.4,5.9,11.8,0.15,3.2,16.7,26.7,13.3,33.3,0.14,2.6,12.2,9.1,9.1,9.1,0.15,3.4,18.7,40.0,20.0,20.0,0.14,3.3,15.0,12.5,25.0,31.2,0.17,3.1,17.8,36.8,15.8,0.0,0.18,3.5,18.7,15.0,30.0,20.0,0.14,2.7,14.0,20.0,33.3,0.0,0.16,3.4,15.9,5.9,5.9,17.6,0.2,4.8,24.3,88.2,5.9,0.0,0.15,3.2,18.6,23.1,30.8,23.1,0.16,3.1,14.3,50.0,30.0,0.0,0.14,2.4,8.6,33.3,16.7,0.0,0.14,2.8,18.6,7.7,7.7,23.1,0.16,3.8,15.7,18.2,18.2,0.0,0.2,4.6
20260813,03,1,4815,B1,36.0,53.0,3.29,12.2,4.69,23.4,66,29.55,40,44.44,5007,B1,29.0,52.0,4.59,22.03,5.49,35.29,62,50.0,60,39.22,3105,B1,63.0,55.0,5.19,35.06,5.24,34.53,64,50.0,57,25.58,3202,B1,61.0,52.0,4.24,24.42,5.51,38.46,32,39.53,18,25.0,4615,B1,46.0,54.0,4.57,25.61,4.64,21.31,50,14.58,32,48.89,4465,B1,39.0,53.0,4.34,20.97,4.71,27.43,68,38.46,13,40.0,15.9,52.9,11.8,0.0,0.2,3.8,12.1,15.4,15.4,7.7,0.21,4.7,15.0,31.2,18.8,0.0,0.21,3.8,16.8,5.6,5.6,22.2,0.19,3.8,11.2,8.3,8.3,25.0,0.16,3.4,29.0,6.5,12.9,0.0,0.21,4.9,15.6,41.2,35.3,11.8,0.16,2.9,17.4,5.3,26.3,26.3,0.16,2.5,15.6,11.8,5.9,17.6,0.16,2.9,18.3,5.0,25.0,15.0,0.16,2.5,19.3,23.8,23.8,0.0,0.2,3.2,13.8,20.0,0.0,0.0,0.25,4.9,15.6,35.7,28.6,28.6,0.16,2.5,20.0,11.1,11.1,27.8,0.22,3.9,17.8,18.8,18.8,12.5,0.22,3.3,14.4,7.7,23.1,0.0,0.14,2.7,15.6,7.1,42.9,0.0,0.19,3.0,16.7,26.7,0.0,0.0,0.2,4.1,15.7,25.0,25.0,12.5,0.18,3.6,17.6,11.1,33.3,0.0,0.19,4.4,18.6,15.8,15.8,5.3,0.18,3.6,12.7,23.1,7.7,0.0,0.17,3.2,15.7,12.5,0.0,0.0,0.21,3.8,19.6,5.0,10.0,5.0,0.27,5.1,14.0,33.3,25.0,16.7,0.18,3.4,18.6,18.8,18.8,0.0,0.15,3.0,18.6,12.5,12.5,0.0,0.17,3.4,14.0,16.7,25.0,0.0,0.17,3.7,22.1,21.1,10.5,0.0,0.21,4.3,12.8,9.1,0.0,0.0,0.26,4.9,14.1,50.0,20.0,0.0,0.19,3.4,19.7,14.3,42.9,7.1,0.18,3.5,12.7,11.1,22.2,0.0,0.2,3.7,21.1,13.3,13.3,6.7,0.17,3.2,18.3,7.7,38.5,0.0,0.2,3.8,14.1,20.0,0.0,0.0,0.27,4.8
20260813,03,2,4945,B1,34.0,54.0,4.0,14.13,5.13,30.53,16,40.91,38,26.19,4440,B1,39.0,55.0,4.88,29.55,5.12,27.93,70,18.37,20,24.0,4430,A2,40.0,56.0,5.65,33.04,6.25,43.61,13,40.91,27,56.82,4723,B1,40.0,50.0,4.48,29.51,5.82,41.74,34,50.0,55,45.45,5070,B1,32.0,53.0,3.84,16.44,4.62,25.37,67,18.18,63,31.37,4095,A1,45.0,52.0,7.1,61.61,7.05,53.33,27,35.56,22,23.4,9.0,44.4,22.2,0.0,0.15,4.3,7.0,28.6,0.0,0.0,0.23,3.6,25.0,12.0,12.0,20.0,0.2,3.9,19.0,15.8,15.8,31.6,0.16,2.8,25.0,4.0,12.0,0.0,0.16,3.1,15.0,6.7,6.7,0.0,0.17,3.2,12.7,38.5,23.1,0.0,0.14,2.8,18.6,10.5,10.5,26.3,0.16,2.7,17.6,16.7,11.1,27.8,0.17,3.0,15.7,25.0,18.8,0.0,0.15,2.4,21.6,13.6,27.3,0.0,0.21,4.1,13.7,21.4,0.0,0.0,0.22,3.9,19.7,44.4,22.2,18.5,0.16,2.6,18.2,20.0,32.0,16.0,0.16,3.2,15.3,33.3,14.3,19.0,0.15,2.8,17.5,8.3,20.8,20.8,0.18,3.4,16.1,22.7,13.6,0.0,0.19,3.3,13.1,16.7,22.2,0.0,0.19,4.1,12.4,33.3,25.0,0.0,0.19,3.4,12.4,16.7,25.0,8.3,0.19,4.3,11.3,36.4,9.1,0.0,0.2,3.7,12.4,8.3,25.0,25.0,0.14,2.2,16.5,12.5,18.8,0.0,0.18,3.6,35.1,14.7,11.8,2.9,0.16,3.1,13.0,33.3,11.1,11.1,0.18,3.8,18.8,15.4,7.7,30.8,0.22,4.0,20.3,7.1,7.1,0.0,0.2,4.5,18.8,7.7,7.7,15.4,0.22,3.4,11.6,12.5,12.5,0.0,0.26,5.4,17.4,8.3,0.0,0.0,0.25,5.0,25.5,77.8,16.7,0.0,0.12,2.0,12.8,27.8,16.7,27.8,0.14,2.4,12.8,16.7,50.0,11.1,0.13,2.3,21.3,16.7,30.0,20.0,0.16,2.3,14.9,14.3,28.6,23.8,0.12,2.3,12.8,11.1,33.3,22.2,0.13,2.7
20260813,03,3,4266,A1,41.0,54.0,6.96,48.62,7.14,52.63,12,32.56,53,44.68,5279,B1,23.0,53.0,5.6,37.76,5.48,37.28,19,21.28,64,45.1,4077,A2,47.0,53.0,5.48,29.81,5.58,36.54,17,36.36,21,31.11,3313,B1,61.0,57.0,4.31,22.35,4.93,28.0,35,37.78,16,55.32,3277,B1,59.0,52.0,4.32,20.99,4.85,29.41,61,31.11,62,30.95,5023,A2,31.0,52.0,5.96,38.27,5.86,41.88,71,43.18,45,34.04,21.8,77.8,11.1,0.0,0.13,2.3,16.9,14.3,28.6,9.5,0.15,3.6,13.7,29.4,23.5,29.4,0.13,2.9,21.0,7.7,11.5,23.1,0.16,3.8,12.9,18.8,18.8,0.0,0.14,3.0,13.7,11.8,17.6,0.0,0.18,4.7,17.0,53.3,26.7,0.0,0.14,2.4,21.6,21.1,10.5,15.8,0.18,3.8,15.9,7.1,28.6,21.4,0.16,3.4,13.6,16.7,8.3,0.0,0.16,3.5,15.9,7.1,21.4,21.4,0.15,3.3,15.9,14.3,14.3,0.0,0.17,3.6,13.8,62.5,12.5,12.5,0.16,3.2,21.6,32.0,12.0,28.0,0.17,3.2,17.2,20.0,20.0,20.0,0.16,3.0,13.8,12.5,18.8,25.0,0.17,3.6,19.0,4.5,9.1,13.6,0.19,4.3,14.7,23.5,0.0,0.0,0.19,4.6,14.7,42.9,14.3,14.3,0.16,3.1,15.8,13.3,20.0,13.3,0.19,3.8,20.0,15.8,15.8,0.0,0.19,3.8,17.9,11.8,11.8,11.8,0.17,3.7,16.8,12.5,12.5,0.0,0.17,3.3,14.7,14.3,0.0,0.0,0.18,4.1,15.2,20.0,6.7,13.3,0.18,3.2,15.2,6.7,6.7,40.0,0.19,3.5,19.2,21.1,5.3,0.0,0.17,3.2,21.2,14.3,14.3,9.5,0.17,3.3,19.2,5.3,15.8,0.0,0.19,3.7,10.1,10.0,0.0,0.0,0.21,4.6,14.6,66.7,16.7,16.7,0.1,1.9,15.9,15.4,23.1,23.1,0.15,3.2,14.6,8.3,8.3,50.0,0.18,2.8,19.5,6.2,31.2,18.8,0.18,2.8,17.1,14.3,28.6,28.6,0.14,2.6,18.3,33.3,6.7,0.0,0.2,4.5
20260813,03,4,3303,B1,58.0,55.0,4.16,16.5,6.41,45.27,22,34.0,28,36.96,4598,B1,42.0,53.0,6.12,49.47,6.46,48.91,57,47.92,65,20.83,4366,A1,40.0,54.0,6.55,47.33,6.85,49.49,15,34.09,51,25.0,3517,B1,58.0,56.0,6.01,44.7,5.72,35.82,23,39.53,11,18.0,4345,A2,41.0,56.0,5.73,42.86,5.51,36.94,60,31.82,17,45.45,4976,B1,32.0,53.0,5.09,28.72,5.06,31.75,25,51.06,59,28.85,20.5,53.8,19.2,7.7,0.19,3.7,18.1,30.4,30.4,0.0,0.2,4.3,15.7,35.0,30.0,0.0,0.21,4.2,18.1,8.7,8.7,34.8,0.2,4.5,13.4,11.8,17.6,0.0,0.19,4.4,14.2,5.6,0.0,0.0,0.22,5.1,19.8,45.5,22.7,4.5,0.14,3.1,15.3,11.8,35.3,17.6,0.16,3.2,14.4,25.0,25.0,12.5,0.14,2.7,18.0,5.0,30.0,20.0,0.16,4.1,12.6,7.1,7.1,14.3,0.14,3.9,19.8,4.5,13.6,0.0,0.21,5.2,24.0,72.2,8.3,8.3,0.15,2.8,16.7,16.0,44.0,28.0,0.13,2.7,15.3,17.4,26.1,26.1,0.15,3.1,15.3,21.7,17.4,39.1,0.11,2.6,17.3,19.2,19.2,34.6,0.11,2.3,11.3,11.8,17.6,0.0,0.19,3.4,15.6,33.3,25.0,33.3,0.17,2.5,19.5,6.7,33.3,33.3,0.17,2.7,19.5,20.0,6.7,13.3,0.14,2.7,24.7,31.6,10.5,15.8,0.16,2.7,15.6,33.3,25.0,0.0,0.17,3.4,5.2,25.0,0.0,0.0,0.16,3.0,19.5,64.0,24.0,4.0,0.13,1.9,14.1,5.6,38.9,16.7,0.15,3.1,18.8,16.7,20.8,16.7,0.14,2.7,17.2,9.1,27.3,9.1,0.16,2.8,13.3,5.9,11.8,17.6,0.16,3.5,17.2,22.7,9.1,0.0,0.16,4.1,17.1,33.3,27.8,33.3,0.19,3.7,16.2,23.5,17.6,17.6,0.22,4.6,19.0,25.0,15.0,15.0,0.18,2.9,21.9,4.3,21.7,17.4,0.21,3.8,16.2,11.8,29.4,0.0,0.2,4.3,9.5,10.0,10.0,0.0,0.2,4.6
20260813,03,5,4245,B1,44.0,53.0,4.32,19.44,5.15,32.61,47,21.74,31,21.74,3105,B1,63.0,55.0,5.19,35.06,5.24,34.53,64,50.0,57,25.58,3602,B1,56.0,52.0,3.91,16.46,5.5,35.11,11,23.26,71,37.21,4954,B1,31.0,53.0,4.34,22.5,6.14,45.95,14,15.56,33,34.78,3716,A1,51.0,54.0,6.91,44.0,7.86,61.47,18,27.66,69,17.78,3888,A2,51.0,51.0,6.15,44.27,5.92,35.09,55,29.79,12,35.71,16.3,35.7,28.6,14.3,0.19,4.0,17.4,13.3,33.3,6.7,0.21,4.0,17.4,6.7,13.3,33.3,0.19,3.1,18.6,12.5,6.2,18.8,0.19,3.8,14.0,8.3,8.3,0.0,0.18,4.0,16.3,7.1,7.1,14.3,0.18,3.7,15.6,35.7,28.6,28.6,0.16,2.5,20.0,11.1,11.1,27.8,0.22,3.9,17.8,18.8,18.8,12.5,0.22,3.3,14.4,7.7,23.1,0.0,0.14,2.7,15.6,7.1,42.9,0.0,0.19,3.0,16.7,26.7,0.0,0.0,0.2,4.1,14.6,16.7,8.3,33.3,0.22,4.2,15.9,7.7,15.4,23.1,0.19,4.1,14.6,25.0,16.7,0.0,0.21,4.3,17.1,7.1,7.1,21.4,0.21,4.0,20.7,5.9,52.9,0.0,0.23,3.8,17.1,14.3,0.0,0.0,0.2,5.2,6.0,25.0,25.0,0.0,0.17,3.5,4.5,33.3,33.3,0.0,0.18,2.0,4.5,33.3,33.3,0.0,0.16,3.7,6.0,25.0,25.0,0.0,0.21,3.8,23.9,6.2,12.5,6.2,0.18,3.3,55.2,8.1,13.5,13.5,0.2,3.6,20.2,56.0,12.0,4.0,0.15,3.3,14.5,5.6,33.3,16.7,0.13,4.1,12.1,13.3,20.0,46.7,0.12,2.5,20.2,20.0,16.0,12.0,0.13,2.8,16.1,5.0,15.0,15.0,0.11,2.9,16.9,4.8,19.0,4.8,0.12,3.4,18.2,72.7,4.5,0.0,0.14,2.4,17.4,47.6,19.0,0.0,0.12,2.7,19.8,12.5,29.2,25.0,0.17,3.4,14.0,11.8,23.5,11.8,0.14,2.8,15.7,15.8,15.8,0.0,0.14,2.5,14.9,5.6,27.8,0.0,0.15,2.9
20260813,03,6,4086,A2,46.0,50.0,6.01,39.52,5.89,36.14,10,31.82,29,40.91,3940,A1,48.0,53.0,6.39,49.21,6.22,39.64,31,39.58,34,30.43,3911,B1,52.0,53.0,5.25,33.03,5.2,31.0,58,22.0,24,33.33,3569,B1,55.0,54.0,3.98,17.05,5.36,33.11,33,26.67,70,20.0,5433,B2,21.0,50.0,2.02,1.54,2.58,5.26,37,46.94,67,42.55,3340,B1,61.0,54.0,3.94,20.22,5.28,36.08,20,39.58,46,32.65,18.4,57.1,14.3,19.0,0.12,2.3,16.7,10.5,31.6,26.3,0.16,3.1,13.2,26.7,40.0,20.0,0.15,3.1,15.8,16.7,22.2,27.8,0.14,2.8,19.3,4.5,31.8,9.1,0.14,3.4,16.7,5.3,21.1,0.0,0.19,3.8,24.3,69.4,22.2,2.8,0.13,2.4,17.6,15.4,7.7,19.2,0.16,3.3,16.2,20.8,25.0,12.5,0.16,2.6,14.2,14.3,23.8,28.6,0.14,2.8,14.9,13.6,13.6,18.2,0.14,2.5,12.8,21.1,21.1,0.0,0.15,2.9,16.0,57.1,14.3,9.5,0.18,3.3,19.8,11.5,23.1,19.2,0.19,3.5,13.7,5.6,27.8,27.8,0.15,3.1,21.4,10.7,14.3,7.1,0.17,3.1,19.1,12.0,20.0,8.0,0.18,3.4,9.9,15.4,0.0,0.0,0.18,3.8,14.0,13.3,46.7,0.0,0.16,3.0,18.7,10.0,10.0,15.0,0.18,3.4,18.7,5.0,20.0,0.0,0.18,3.7,15.0,18.8,0.0,0.0,0.18,3.8,22.4,12.5,12.5,0.0,0.19,3.8,11.2,8.3,0.0,0.0,0.22,5.5,0.0,0.0,0.0,0.0,0.0,0.0,0.0,0.0,0.0,0.0,0.0,0.0,0.0,0.0,0.0,0.0,0.0,0.0,0.0,0.0,0.0,0.0,0.0,0.0,0.0,0.0,0.0,0.0,0.0,0.0,100.0,1.6,1.6,0.0,0.24,5.0,15.1,43.8,6.2,12.5,0.17,3.7,19.8,9.5,14.3,14.3,0.17,3.2,17.0,16.7,16.7,11.1,0.17,2.6,17.0,5.6,22.2,16.7,0.21,3.2,18.9,15.0,10.0,10.0,0.2,4.2,12.3,15.4,0.0,0.0,0.19,3.4
20260813,03,7,4145,B1,44.0,53.0,3.97,16.67,4.52,22.47,24,30.43,41,44.0,4945,B1,34.0,54.0,4.0,14.13,5.13,30.53,16,40.91,38,26.19,4075,A1,45.0,56.0,6.48,40.4,6.62,48.65,26,26.0,61,40.74,4815,B1,36.0,53.0,3.29,12.2,4.69,23.4,66,29.55,40,44.44,4610,A1,36.0,55.0,6.0,41.67,5.99,41.55,65,43.14,14,25.64,5371,B2,24.0,52.0,1.99,2.74,1.65,2.9,48,27.08,58,21.74,13.7,7.7,15.4,15.4,0.27,5.8,16.8,18.8,18.8,0.0,0.23,5.6,16.8,18.8,6.2,18.8,0.23,5.3,22.1,4.8,9.5,28.6,0.27,5.5,17.9,17.6,0.0,0.0,0.25,5.5,12.6,16.7,0.0,0.0,0.32,5.7,9.0,44.4,22.2,0.0,0.15,4.3,7.0,28.6,0.0,0.0,0.23,3.6,25.0,12.0,12.0,20.0,0.2,3.9,19.0,15.8,15.8,31.6,0.16,2.8,25.0,4.0,12.0,0.0,0.16,3.1,15.0,6.7,6.7,0.0,0.17,3.2,19.7,61.5,19.2,11.5,0.1,2.0,13.6,11.1,38.9,16.7,0.12,2.3,18.9,8.0,36.0,20.0,0.13,2.6,16.7,13.6,27.3,18.2,0.13,2.4,13.6,16.7,44.4,0.0,0.13,2.7,17.4,8.7,8.7,13.0,0.15,4.3,15.9,52.9,11.8,0.0,0.2,3.8,12.1,15.4,15.4,7.7,0.21,4.7,15.0,31.2,18.8,0.0,0.21,3.8,16.8,5.6,5.6,22.2,0.19,3.8,11.2,8.3,8.3,25.0,0.16,3.4,29.0,6.5,12.9,0.0,0.21,4.9,19.9,77.8,7.4,3.7,0.17,2.6,14.0,31.6,21.1,21.1,0.14,2.8,16.2,27.3,27.3,13.6,0.14,2.7,14.7,20.0,10.0,30.0,0.15,3.2,19.1,15.4,11.5,15.4,0.16,2.8,16.2,9.1,9.1,9.1,0.17,3.5,0.0,0.0,0.0,0.0,0.0,0.0,0.0,0.0,0.0,0.0,0.0,0.0,0.0,0.0,0.0,0.0,0.0,0.0,27.3,4.8,0.0,0.0,0.24,4.7,32.5,0.0,0.0,0.0,0.19,4.0,40.3,3.2,0.0,0.0,0.22,4.2
20260813,03,8,4608,A2,36.0,54.0,5.8,37.7,6.52,41.18,43,33.33,36,31.91,4769,A1,34.0,53.0,6.77,48.25,6.69,51.75,28,34.04,23,10.64,4465,B1,39.0,53.0,4.34,20.97,4.71,27.43,68,38.46,13,40.0,3277,B1,59.0,52.0,4.32,20.99,4.85,29.41,61,31.11,62,30.95,5411,B2,20.0,55.0,1.97,1.47,1.55,0.0,41,31.82,54,26.0,4345,A2,41.0,56.0,5.73,42.86,5.51,36.94,60,31.82,17,45.45,21.2,61.1,27.8,5.6,0.14,2.8,14.1,25.0,25.0,0.0,0.18,3.9,18.8,25.0,37.5,18.8,0.17,3.6,20.0,5.9,11.8,35.3,0.18,3.2,15.3,7.7,23.1,23.1,0.19,3.1,10.6,22.2,0.0,0.0,0.17,3.9,22.0,66.7,18.5,3.7,0.12,1.8,12.2,20.0,13.3,26.7,0.12,2.8,14.6,27.8,27.8,27.8,0.11,1.3,20.3,16.0,24.0,16.0,0.12,2.2,17.9,9.1,9.1,31.8,0.13,2.2,13.0,6.2,6.2,31.2,0.11,2.3,14.1,50.0,20.0,0.0,0.19,3.4,19.7,14.3,42.9,7.1,0.18,3.5,12.7,11.1,22.2,0.0,0.2,3.7,21.1,13.3,13.3,6.7,0.17,3.2,18.3,7.7,38.5,0.0,0.2,3.8,14.1,20.0,0.0,0.0,0.27,4.8,15.2,20.0,6.7,13.3,0.18,3.2,15.2,6.7,6.7,40.0,0.19,3.5,19.2,21.1,5.3,0.0,0.17,3.2,21.2,14.3,14.3,9.5,0.17,3.3,19.2,5.3,15.8,0.0,0.19,3.7,10.1,10.0,0.0,0.0,0.21,4.6,0.0,0.0,0.0,0.0,0.0,0.0,0.0,0.0,0.0,0.0,0.0,0.0,0.0,0.0,0.0,0.0,0.0,0.0,0.0,0.0,0.0,0.0,0.0,0.0,4.1,0.0,0.0,0.0,0.13,1.7,95.9,1.4,0.0,0.0,0.19,3.5,19.5,64.0,24.0,4.0,0.13,1.9,14.1,5.6,38.9,16.7,0.15,3.1,18.8,16.7,20.8,16.7,0.14,2.7,17.2,9.1,27.3,9.1,0.16,2.8,13.3,5.9,11.8,17.6,0.16,3.5,17.2,22.7,9.1,0.0,0.16,4.1
20260813,03,9,5096,A2,31.0,53.0,6.29,38.46,6.38,47.22,53,33.33,26,39.13,4266,A1,41.0,54.0,6.96,48.62,7.14,52.63,12,32.56,53,44.68,4440,B1,39.0,55.0,4.88,29.55,5.12,27.93,70,18.37,20,24.0,5007,B1,29.0,52.0,4.59,22.03,5.49,35.29,62,50.0,60,39.22,3888,A2,51.0,51.0,6.15,44.27,5.92,35.09,55,29.79,12,35.71,4438,B1,40.0,53.0,4.82,32.43,5.34,35.45,38,26.09,25,30.95,15.9,61.1,11.1,16.7,0.16,2.8,16.8,5.3,21.1,10.5,0.16,3.8,18.6,19.0,19.0,23.8,0.13,2.4,15.0,5.9,5.9,29.4,0.17,3.1,17.7,15.0,35.0,10.0,0.16,2.8,15.9,16.7,11.1,0.0,0.16,3.8,21.8,77.8,11.1,0.0,0.13,2.3,16.9,14.3,28.6,9.5,0.15,3.6,13.7,29.4,23.5,29.4,0.13,2.9,21.0,7.7,11.5,23.1,0.16,3.8,12.9,18.8,18.8,0.0,0.14,3.0,13.7,11.8,17.6,0.0,0.18,4.7,12.7,38.5,23.1,0.0,0.14,2.8,18.6,10.5,10.5,26.3,0.16,2.7,17.6,16.7,11.1,27.8,0.17,3.0,15.7,25.0,18.8,0.0,0.15,2.4,21.6,13.6,27.3,0.0,0.21,4.1,13.7,21.4,0.0,0.0,0.22,3.9,15.6,41.2,35.3,11.8,0.16,2.9,17.4,5.3,26.3,26.3,0.16,2.5,15.6,11.8,5.9,17.6,0.16,2.9,18.3,5.0,25.0,15.0,0.16,2.5,19.3,23.8,23.8,0.0,0.2,3.2,13.8,20.0,0.0,0.0,0.25,4.9,18.2,72.7,4.5,0.0,0.14,2.4,17.4,47.6,19.0,0.0,0.12,2.7,19.8,12.5,29.2,25.0,0.17,3.4,14.0,11.8,23.5,11.8,0.14,2.8,15.7,15.8,15.8,0.0,0.14,2.5,14.9,5.6,27.8,0.0,0.15,2.9,17.9,31.8,22.7,4.5,0.14,2.3,17.1,19.0,19.0,14.3,0.13,2.2,16.3,10.0,20.0,10.0,0.12,2.6,21.1,23.1,11.5,11.5,0.13,2.0,17.1,9.5,9.5,23.8,0.12,2.3,10.6,7.7,0.0,0.0,0.15,2.9
20260813,03,10,4847,A1,32.0,53.0,7.1,50.94,7.38,57.69,51,17.02,30,27.08,4954,B1,31.0,53.0,4.34,22.5,6.14,45.95,14,15.56,33,34.78,4086,A2,46.0,50.0,6.01,39.52,5.89,36.14,10,31.82,29,40.91,5279,B1,23.0,53.0,5.6,37.76,5.48,37.28,19,21.28,64,45.1,5095,A2,32.0,51.0,6.55,43.75,6.41,48.65,40,9.09,39,48.84,5070,B1,32.0,53.0,3.84,16.44,4.62,25.37,67,18.18,63,31.37,18.9,82.4,11.8,0.0,0.13,2.8,16.7,26.7,26.7,20.0,0.13,3.5,15.6,21.4,21.4,21.4,0.18,3.0,20.0,16.7,11.1,22.2,0.14,3.1,13.3,25.0,8.3,25.0,0.17,4.3,15.6,7.1,14.3,0.0,0.2,3.9,6.0,25.0,25.0,0.0,0.17,3.5,4.5,33.3,33.3,0.0,0.18,2.0,4.5,33.3,33.3,0.0,0.16,3.7,6.0,25.0,25.0,0.0,0.21,3.8,23.9,6.2,12.5,6.2,0.18,3.3,55.2,8.1,13.5,13.5,0.2,3.6,18.4,57.1,14.3,19.0,0.12,2.3,16.7,10.5,31.6,26.3,0.16,3.1,13.2,26.7,40.0,20.0,0.15,3.1,15.8,16.7,22.2,27.8,0.14,2.8,19.3,4.5,31.8,9.1,0.14,3.4,16.7,5.3,21.1,0.0,0.19,3.8,17.0,53.3,26.7,0.0,0.14,2.4,21.6,21.1,10.5,15.8,0.18,3.8,15.9,7.1,28.6,21.4,0.16,3.4,13.6,16.7,8.3,0.0,0.16,3.5,15.9,7.1,21.4,21.4,0.15,3.3,15.9,14.3,14.3,0.0,0.17,3.6,20.0,66.7,12.5,12.5,0.15,2.5,13.3,31.2,37.5,18.8,0.15,2.4,20.0,12.5,16.7,29.2,0.17,3.1,15.0,11.1,22.2,22.2,0.17,3.2,15.8,5.3,36.8,0.0,0.15,3.1,15.8,21.1,42.1,0.0,0.12,3.3,13.0,33.3,11.1,11.1,0.18,3.8,18.8,15.4,7.7,30.8,0.22,4.0,20.3,7.1,7.1,0.0,0.2,4.5,18.8,7.7,7.7,15.4,0.22,3.4,11.6,12.5,12.5,0.0,0.26,5.4,17.4,8.3,0.0,0.0,0.25,5.0
20260813,03,11,4366,A1,40.0,54.0,6.55,47.33,6.85,49.49,15,34.09,51,25.0,4748,A1,40.0,52.0,6.25,45.98,6.6,46.52,36,48.98,49,38.78,4379,A2,42.0,57.0,6.19,41.32,6.31,43.28,39,25.53,15,26.53,5023,A2,31.0,52.0,5.96,38.27,5.86,41.88,71,43.18,45,34.04,3602,B1,56.0,52.0,3.91,16.46,5.5,35.11,11,23.26,71,37.21,3911,B1,52.0,53.0,5.25,33.03,5.2,31.0,58,22.0,24,33.33,24.0,72.2,8.3,8.3,0.15,2.8,16.7,16.0,44.0,28.0,0.13,2.7,15.3,17.4,26.1,26.1,0.15,3.1,15.3,21.7,17.4,39.1,0.11,2.6,17.3,19.2,19.2,34.6,0.11,2.3,11.3,11.8,17.6,0.0,0.19,3.4,22.3,59.3,7.4,7.4,0.14,3.1,15.7,36.8,42.1,10.5,0.16,3.2,16.5,10.0,30.0,20.0,0.14,2.6,14.9,16.7,27.8,16.7,0.19,3.6,16.5,15.0,20.0,10.0,0.18,3.7,14.0,11.8,29.4,17.6,0.15,2.9,18.5,45.8,25.0,4.2,0.16,3.0,19.2,16.0,28.0,16.0,0.15,3.0,17.7,4.3,21.7,21.7,0.15,3.1,16.9,4.5,18.2,31.8,0.16,3.5,13.1,11.8,17.6,11.8,0.17,3.9,14.6,21.1,21.1,0.0,0.17,4.4,14.6,66.7,16.7,16.7,0.1,1.9,15.9,15.4,23.1,23.1,0.15,3.2,14.6,8.3,8.3,50.0,0.18,2.8,19.5,6.2,31.2,18.8,0.18,2.8,17.1,14.3,28.6,28.6,0.14,2.6,18.3,33.3,6.7,0.0,0.2,4.5,14.6,16.7,8.3,33.3,0.22,4.2,15.9,7.7,15.4,23.1,0.19,4.1,14.6,25.0,16.7,0.0,0.21,4.3,17.1,7.1,7.1,21.4,0.21,4.0,20.7,5.9,52.9,0.0,0.23,3.8,17.1,14.3,0.0,0.0,0.2,5.2,16.0,57.1,14.3,9.5,0.18,3.3,19.8,11.5,23.1,19.2,0.19,3.5,13.7,5.6,27.8,27.8,0.15,3.1,21.4,10.7,14.3,7.1,0.17,3.1,19.1,12.0,20.0,8.0,0.18,3.4,9.9,15.4,0.0,0.0,0.18,3.8
20260813,03,12,3716,A1,51.0,54.0,6.91,44.0,7.86,61.47,18,27.66,69,17.78,4430,A2,40.0,56.0,5.65,33.04,6.25,43.61,13,40.91,27,56.82,3340,B1,61.0,54.0,3.94,20.22,5.28,36.08,20,39.58,46,32.65,4610,A1,36.0,55.0,6.0,41.67,5.99,41.55,65,43.14,14,25.64,4077,A2,47.0,53.0,5.48,29.81,5.58,36.54,17,36.36,21,31.11,4598,B1,42.0,53.0,6.12,49.47,6.46,48.91,57,47.92,65,20.83,20.2,56.0,12.0,4.0,0.15,3.3,14.5,5.6,33.3,16.7,0.13,4.1,12.1,13.3,20.0,46.7,0.12,2.5,20.2,20.0,16.0,12.0,0.13,2.8,16.1,5.0,15.0,15.0,0.11,2.9,16.9,4.8,19.0,4.8,0.12,3.4,19.7,44.4,22.2,18.5,0.16,2.6,18.2,20.0,32.0,16.0,0.16,3.2,15.3,33.3,14.3,19.0,0.15,2.8,17.5,8.3,20.8,20.8,0.18,3.4,16.1,22.7,13.6,0.0,0.19,3.3,13.1,16.7,22.2,0.0,0.19,4.1,15.1,43.8,6.2,12.5,0.17,3.7,19.8,9.5,14.3,14.3,0.17,3.2,17.0,16.7,16.7,11.1,0.17,2.6,17.0,5.6,22.2,16.7,0.21,3.2,18.9,15.0,10.0,10.0,0.2,4.2,12.3,15.4,0.0,0.0,0.19,3.4,19.9,77.8,7.4,3.7,0.17,2.6,14.0,31.6,21.1,21.1,0.14,2.8,16.2,27.3,27.3,13.6,0.14,2.7,14.7,20.0,10.0,30.0,0.15,3.2,19.1,15.4,11.5,15.4,0.16,2.8,16.2,9.1,9.1,9.1,0.17,3.5,13.8,62.5,12.5,12.5,0.16,3.2,21.6,32.0,12.0,28.0,0.17,3.2,17.2,20.0,20.0,20.0,0.16,3.0,13.8,12.5,18.8,25.0,0.17,3.6,19.0,4.5,9.1,13.6,0.19,4.3,14.7,23.5,0.0,0.0,0.19,4.6,19.8,45.5,22.7,4.5,0.14,3.1,15.3,11.8,35.3,17.6,0.16,3.2,14.4,25.0,25.0,12.5,0.14,2.7,18.0,5.0,30.0,20.0,0.16,4.1,12.6,7.1,7.1,14.3,0.14,3.9,19.8,4.5,13.6,0.0,0.21,5.2
20260813,02,1,3497,B1,58.0,52.0,4.33,28.4,5.6,38.46,65,0.0,73,0.0,4110,B1,46.0,57.0,3.74,17.11,5.34,35.59,49,0.0,35,50.0,4186,B1,45.0,56.0,3.59,15.85,4.77,28.85,13,42.86,64,0.0,5087,A1,26.0,54.0,6.37,51.72,6.09,44.74,27,50.0,14,57.14,5454,B2,20.0,48.0,1.55,2.38,1.25,0.0,16,42.86,54,0.0,4159,A2,45.0,52.0,6.31,47.11,6.01,48.2,23,0.0,30,28.57,16.1,73.3,13.3,6.7,0.14,2.6,17.2,12.5,18.8,12.5,0.2,4.3,20.4,21.1,26.3,15.8,0.16,3.2,19.4,22.2,5.6,38.9,0.17,3.4,16.1,13.3,13.3,0.0,0.15,3.1,10.8,0.0,0.0,0.0,0.19,3.9,15.0,40.0,26.7,6.7,0.17,2.9,16.0,12.5,25.0,0.0,0.17,3.7,19.0,15.8,15.8,15.8,0.17,2.8,19.0,15.8,5.3,15.8,0.17,3.4,20.0,5.0,5.0,15.0,0.18,3.2,11.0,9.1,18.2,0.0,0.21,3.8,14.3,36.4,9.1,9.1,0.15,2.9,16.9,15.4,23.1,0.0,0.2,4.0,20.8,18.8,12.5,0.0,0.16,3.1,18.2,7.1,7.1,14.3,0.15,2.9,18.2,7.1,0.0,0.0,0.19,4.7,11.7,0.0,0.0,0.0,0.19,3.9,20.9,66.7,20.8,8.3,0.16,3.4,14.8,41.2,29.4,17.6,0.12,2.5,15.7,27.8,22.2,16.7,0.16,3.3,20.0,26.1,17.4,26.1,0.16,3.1,16.5,31.6,10.5,21.1,0.11,2.7,12.2,7.1,21.4,28.6,0.17,3.9,0.0,0.0,0.0,0.0,0.0,0.0,0.0,0.0,0.0,0.0,0.0,0.0,0.0,0.0,0.0,0.0,0.0,0.0,0.0,0.0,0.0,0.0,0.0,0.0,0.0,0.0,0.0,0.0,0.0,0.0,0.0,0.0,0.0,0.0,0.0,0.0,22.1,63.3,23.3,3.3,0.13,2.4,19.1,11.5,34.6,30.8,0.18,3.6,14.7,10.0,30.0,15.0,0.16,3.5,11.0,20.0,33.3,0.0,0.18,3.3,19.9,3.7,11.1,29.6,0.16,3.2,13.2,11.1,5.6,0.0,0.19,4.1
20260813,02,2,4836,B1,37.0,52.0,5.1,29.55,4.66,25.81,6,50.0,62,0.0,5357,B2,21.0,54.0,1.49,0.0,1.58,0.0,55,0.0,70,0.0,5112,A1,26.0,53.0,6.95,52.73,7.02,57.04,7,0.0,60,0.0,3696,B1,54.0,54.0,4.96,26.09,5.44,33.87,10,16.67,29,14.29,4637,A2,36.0,57.0,5.4,36.76,5.86,37.29,8,0.0,15,28.57,5394,B1,24.0,53.0,2.98,5.43,2.62,2.7,61,0.0,16,16.67,14.1,75.0,8.3,0.0,0.21,3.9,20.0,17.6,29.4,0.0,0.19,3.2,18.8,12.5,6.2,18.8,0.19,3.7,14.1,8.3,8.3,25.0,0.16,3.1,15.3,7.7,15.4,0.0,0.15,3.3,17.6,6.7,6.7,26.7,0.13,2.4,8.6,16.7,0.0,0.0,0.26,4.7,5.7,0.0,0.0,0.0,0.35,5.3,14.3,0.0,0.0,0.0,0.19,2.9,11.4,0.0,0.0,0.0,0.15,3.6,14.3,10.0,0.0,0.0,0.14,2.3,45.7,0.0,0.0,0.0,0.18,4.1,21.3,79.3,6.9,3.4,0.13,2.2,14.0,26.3,42.1,15.8,0.16,3.6,18.4,24.0,36.0,8.0,0.15,3.7,14.0,26.3,10.5,26.3,0.14,3.3,15.4,4.8,14.3,47.6,0.2,3.9,16.9,8.7,8.7,17.4,0.2,4.0,13.7,30.8,30.8,15.4,0.17,3.6,18.9,11.1,22.2,22.2,0.18,4.4,15.8,13.3,13.3,13.3,0.18,3.5,16.8,12.5,31.2,0.0,0.16,4.1,20.0,10.5,10.5,21.1,0.16,4.1,14.7,7.1,0.0,0.0,0.2,4.4,17.8,66.7,16.7,5.6,0.16,3.2,16.8,5.9,29.4,11.8,0.2,4.6,11.9,50.0,8.3,0.0,0.2,4.1,19.8,25.0,15.0,20.0,0.16,3.3,19.8,5.0,5.0,25.0,0.18,3.9,13.9,14.3,14.3,0.0,0.18,4.4,0.0,0.0,0.0,0.0,0.0,0.0,0.0,0.0,0.0,0.0,0.0,0.0,0.0,0.0,0.0,0.0,0.0,0.0,14.1,0.0,0.0,0.0,0.19,3.8,26.9,4.8,19.0,19.0,0.17,3.2,59.0,2.2,15.2,0.0,0.19,4.0
20260813,02,3,4900,B1,33.0,47.0,5.06,27.69,5.25,34.4,9,28.57,57,0.0,4953,A1,31.0,53.0,6.84,54.03,6.74,52.94,52,0.0,69,0.0,3075,B1,63.0,55.0,4.76,29.67,5.16,31.82,59,0.0,22,42.86,5288,B1,26.0,53.0,4.04,16.42,3.59,18.75,20,14.29,27,0.0,3503,B1,56.0,51.0,3.62,15.29,3.78,17.39,5,25.0,76,0.0,3983,A1,48.0,52.0,6.87,50.86,6.76,52.56,47,0.0,13,0.0,19.1,68.2,4.5,13.6,0.18,3.0,18.3,9.5,19.0,14.3,0.18,3.8,17.4,50.0,20.0,0.0,0.19,3.1,13.0,20.0,6.7,0.0,0.18,4.5,14.8,5.9,23.5,0.0,0.17,4.4,17.4,10.0,20.0,0.0,0.23,4.3,18.8,85.7,9.5,0.0,0.16,2.9,16.1,27.8,33.3,11.1,0.16,3.5,18.8,28.6,28.6,14.3,0.18,3.8,13.4,13.3,46.7,13.3,0.15,3.0,18.8,9.5,42.9,0.0,0.16,3.2,14.3,12.5,6.2,31.2,0.15,3.6,15.3,26.7,6.7,20.0,0.12,2.7,16.3,12.5,6.2,0.0,0.16,3.1,21.4,9.5,19.0,4.8,0.1,2.2,18.4,11.1,27.8,16.7,0.15,2.4,16.3,12.5,12.5,12.5,0.11,2.4,12.2,8.3,8.3,0.0,0.14,2.8,12.5,40.0,0.0,0.0,0.18,3.1,12.5,10.0,20.0,0.0,0.16,3.3,22.5,5.6,11.1,5.6,0.16,2.7,16.2,23.1,23.1,0.0,0.17,2.6,20.0,12.5,18.8,0.0,0.15,2.8,16.2,0.0,0.0,0.0,0.21,4.0,14.4,23.1,30.8,7.7,0.14,2.6,20.0,16.7,22.2,0.0,0.17,3.2,15.6,7.1,7.1,21.4,0.18,3.4,21.1,5.3,10.5,15.8,0.14,2.8,15.6,14.3,0.0,0.0,0.18,3.3,13.3,0.0,0.0,0.0,0.17,3.7,16.8,60.0,25.0,15.0,0.15,2.7,16.0,21.1,21.1,42.1,0.15,3.3,17.6,23.8,19.0,19.0,0.15,2.6,21.0,12.0,24.0,24.0,0.14,2.9,14.3,23.5,17.6,17.6,0.14,3.2,14.3,5.9,17.6,0.0,0.15,3.4
20260813,02,4,4201,B1,44.0,53.0,4.1,19.05,5.47,36.27,22,50.0,25,0.0,4809,A1,37.0,52.0,5.74,33.71,5.4,35.58,24,16.67,26,42.86,3647,B1,53.0,49.0,3.2,10.2,4.29,16.67,12,42.86,75,0.0,5051,A1,31.0,56.0,6.61,47.17,6.74,50.0,21,42.86,32,42.86,4898,B1,34.0,56.0,4.57,27.94,4.71,16.13,1,14.29,19,42.86,5035,A2,28.0,54.0,5.36,33.33,5.51,38.46,58,0.0,72,0.0,13.6,22.2,11.1,0.0,0.21,3.9,24.2,6.2,12.5,25.0,0.2,3.6,12.1,12.5,0.0,0.0,0.19,3.6,19.7,15.4,15.4,0.0,0.14,3.0,18.2,8.3,8.3,16.7,0.17,3.4,12.1,12.5,0.0,0.0,0.2,4.6,20.7,68.4,15.8,0.0,0.14,2.3,12.0,36.4,36.4,0.0,0.17,3.4,16.3,13.3,33.3,20.0,0.18,3.9,16.3,6.7,26.7,13.3,0.16,3.0,18.5,17.6,17.6,11.8,0.15,2.2,16.3,6.7,33.3,0.0,0.17,4.5,13.6,21.4,35.7,14.3,0.16,3.2,17.5,16.7,38.9,0.0,0.19,2.9,16.5,5.9,17.6,0.0,0.16,2.8,19.4,5.0,25.0,0.0,0.17,2.9,16.5,5.9,0.0,0.0,0.17,3.1,16.5,11.8,0.0,0.0,0.23,4.2,16.8,76.2,4.8,14.3,0.15,2.8,20.0,12.0,32.0,24.0,0.15,3.7,16.0,20.0,20.0,25.0,0.17,3.2,16.0,15.0,20.0,20.0,0.15,3.5,15.2,15.8,31.6,21.1,0.16,3.1,16.0,5.0,5.0,35.0,0.16,3.5,13.2,30.0,20.0,10.0,0.2,3.2,17.1,15.4,30.8,23.1,0.12,3.2,13.2,20.0,30.0,10.0,0.16,2.2,17.1,15.4,46.2,0.0,0.15,2.0,21.1,6.2,25.0,0.0,0.17,2.9,18.4,7.1,14.3,0.0,0.15,3.3,13.0,46.2,15.4,23.1,0.17,3.7,18.0,16.7,33.3,16.7,0.18,4.1,18.0,22.2,11.1,22.2,0.17,2.8,19.0,5.3,26.3,15.8,0.15,2.8,18.0,11.1,22.2,22.2,0.17,3.0,14.0,7.1,14.3,0.0,0.17,4.2
20260813,02,5,4230,A2,43.0,54.0,6.44,47.62,6.1,45.68,48,0.0,28,42.86,3880,B1,53.0,57.0,4.27,17.33,3.91,20.0,51,0.0,17,16.67,3793,B1,53.0,57.0,3.9,20.22,3.73,15.0,53,0.0,68,0.0,5191,A1,25.0,52.0,7.07,54.48,6.52,50.25,45,0.0,40,42.86,5368,B1,24.0,52.0,6.64,50.0,3.92,28.57,3,42.86,12,25.0,5454,B2,20.0,48.0,1.55,2.38,1.25,0.0,16,42.86,54,0.0,18.8,66.7,13.3,6.7,0.16,3.1,12.5,30.0,40.0,10.0,0.17,4.2,18.8,46.7,20.0,20.0,0.11,1.5,17.5,21.4,28.6,21.4,0.17,2.8,18.8,33.3,13.3,0.0,0.16,3.0,13.8,9.1,9.1,9.1,0.19,4.3,15.8,33.3,20.0,6.7,0.17,2.8,15.8,20.0,20.0,0.0,0.23,3.8,16.8,12.5,12.5,25.0,0.18,3.8,17.9,5.9,11.8,11.8,0.19,3.9,16.8,18.8,6.2,25.0,0.19,3.5,16.8,6.2,18.8,0.0,0.2,4.9,15.4,30.0,20.0,40.0,0.15,2.9,20.0,23.1,15.4,23.1,0.17,3.0,10.8,28.6,14.3,0.0,0.09,2.6,16.9,18.2,9.1,0.0,0.17,2.7,16.9,18.2,27.3,0.0,0.17,3.1,20.0,7.7,0.0,0.0,0.16,3.8,18.4,92.0,4.0,0.0,0.12,1.9,19.1,11.5,30.8,23.1,0.14,2.9,15.4,28.6,23.8,28.6,0.12,2.2,18.4,16.0,12.0,24.0,0.14,2.9,16.2,22.7,9.1,18.2,0.13,2.8,12.5,5.9,11.8,23.5,0.11,2.5,8.8,57.1,14.3,0.0,0.15,2.9,8.8,14.3,28.6,28.6,0.17,4.3,6.2,40.0,0.0,0.0,0.15,3.8,25.0,25.0,20.0,25.0,0.15,2.8,25.0,5.0,15.0,15.0,0.17,3.3,26.2,4.8,9.5,14.3,0.19,3.9,0.0,0.0,0.0,0.0,0.0,0.0,0.0,0.0,0.0,0.0,0.0,0.0,0.0,0.0,0.0,0.0,0.0,0.0,0.0,0.0,0.0,0.0,0.0,0.0,0.0,0.0,0.0,0.0,0.0,0.0,0.0,0.0,0.0,0.0,0.0,0.0
20260813,02,6,4186,B1,45.0,56.0,3.59,15.85,4.77,28.85,13,42.86,64,0.0,4419,A2,39.0,46.0,5.66,37.78,5.65,34.55,19,0.0,31,0.0,4532,A1,37.0,51.0,6.81,51.76,6.97,53.96,54,0.0,77,0.0,5246,A2,24.0,52.0,5.35,39.53,5.13,36.97,17,28.57,20,50.0,3306,B1,58.0,55.0,4.14,21.05,4.81,22.68,29,85.71,56,0.0,3381,B1,57.0,54.0,4.79,27.91,5.9,41.13,56,0.0,58,0.0,14.3,36.4,9.1,9.1,0.15,2.9,16.9,15.4,23.1,0.0,0.2,4.0,20.8,18.8,12.5,0.0,0.16,3.1,18.2,7.1,7.1,14.3,0.15,2.9,18.2,7.1,0.0,0.0,0.19,4.7,11.7,0.0,0.0,0.0,0.19,3.9,15.1,46.2,23.1,7.7,0.19,4.3,15.1,7.7,46.2,7.7,0.13,2.7,22.1,5.3,26.3,21.1,0.14,2.6,18.6,25.0,31.2,37.5,0.16,2.4,18.6,12.5,25.0,0.0,0.15,3.0,10.5,11.1,0.0,0.0,0.17,3.4,25.0,70.3,18.9,0.0,0.12,2.1,22.3,27.3,45.5,12.1,0.14,2.6,16.2,12.5,41.7,16.7,0.12,2.2,15.5,17.4,21.7,21.7,0.12,2.7,12.2,16.7,16.7,33.3,0.13,3.3,8.8,7.7,15.4,15.4,0.17,3.7,14.5,47.1,5.9,17.6,0.2,3.5,18.8,18.2,27.3,13.6,0.18,3.5,18.8,13.6,27.3,22.7,0.16,3.3,11.1,7.7,23.1,15.4,0.16,3.3,16.2,10.5,26.3,10.5,0.17,3.3,20.5,4.2,20.8,25.0,0.18,3.4,16.5,20.0,20.0,20.0,0.14,3.0,18.7,5.9,23.5,0.0,0.16,3.8,16.5,13.3,6.7,20.0,0.18,3.4,19.8,11.1,11.1,27.8,0.14,2.4,16.5,6.7,13.3,0.0,0.17,3.1,12.1,18.2,0.0,0.0,0.16,3.2,14.9,46.7,26.7,13.3,0.15,2.7,17.8,5.6,22.2,11.1,0.15,2.9,17.8,11.1,11.1,11.1,0.17,3.4,22.8,13.0,30.4,13.0,0.15,2.8,17.8,5.6,16.7,11.1,0.14,2.6,8.9,22.2,11.1,0.0,0.15,3.4
20260813,02,7,5066,A1,27.0,54.0,6.81,55.46,5.88,42.5,50,0.0,18,57.14,5194,B1,24.0,42.0,4.39,27.78,4.52,27.17,62,0.0,67,0.0,3807,B1,51.0,51.0,4.95,27.1,4.76,22.97,18,57.14,21,50.0,4031,B1,47.0,53.0,5.08,33.7,4.96,30.67,2,0.0,71,0.0,5288,B1,26.0,53.0,4.04,16.42,3.59,18.75,20,14.29,27,0.0,4110,B1,46.0,57.0,3.74,17.11,5.34,35.59,49,0.0,35,50.0,17.5,54.5,18.2,13.6,0.19,3.8,14.3,38.9,22.2,11.1,0.17,3.3,19.0,16.7,25.0,25.0,0.16,3.3,19.8,24.0,24.0,28.0,0.17,3.1,17.5,18.2,18.2,18.2,0.16,3.2,11.9,13.3,26.7,0.0,0.16,2.6,14.5,37.5,12.5,18.8,0.17,3.9,17.3,15.8,21.1,15.8,0.19,2.9,18.2,30.0,25.0,0.0,0.17,3.5,16.4,11.1,11.1,11.1,0.17,2.6,17.3,15.8,10.5,0.0,0.17,3.6,16.4,0.0,0.0,0.0,0.19,3.8,14.7,31.2,43.8,12.5,0.16,3.3,19.3,9.5,14.3,23.8,0.15,2.8,17.4,15.8,42.1,0.0,0.16,2.7,18.3,10.0,5.0,0.0,0.18,3.7,15.6,5.9,11.8,0.0,0.16,3.3,14.7,6.2,6.2,6.2,0.2,4.5,13.8,30.8,38.5,23.1,0.15,2.8,19.1,11.1,27.8,11.1,0.17,3.8,21.3,5.0,15.0,20.0,0.16,3.3,12.8,16.7,25.0,8.3,0.16,3.0,20.2,5.3,10.5,10.5,0.2,3.6,12.8,8.3,8.3,0.0,0.19,3.8,12.5,40.0,0.0,0.0,0.18,3.1,12.5,10.0,20.0,0.0,0.16,3.3,22.5,5.6,11.1,5.6,0.16,2.7,16.2,23.1,23.1,0.0,0.17,2.6,20.0,12.5,18.8,0.0,0.15,2.8,16.2,0.0,0.0,0.0,0.21,4.0,15.0,40.0,26.7,6.7,0.17,2.9,16.0,12.5,25.0,0.0,0.17,3.7,19.0,15.8,15.8,15.8,0.17,2.8,19.0,15.8,5.3,15.8,0.17,3.4,20.0,5.0,5.0,15.0,0.18,3.2,11.0,9.1,18.2,0.0,0.21,3.8
20260813,02,8,4898,B1,34.0,56.0,4.57,27.94,4.71,16.13,1,14.29,19,42.86,5132,A1,27.0,52.0,7.0,58.65,6.84,54.81,64,0.0,65,0.0,3983,A1,48.0,52.0,6.87,50.86,6.76,52.56,47,0.0,13,0.0,3679,A2,53.0,53.0,6.84,51.52,6.66,48.35,14,28.57,11,42.86,5357,B2,21.0,54.0,1.49,0.0,1.58,0.0,55,0.0,70,0.0,4432,B1,40.0,54.0,5.13,27.59,5.0,19.67,26,28.57,24,14.29,13.2,30.0,20.0,10.0,0.2,3.2,17.1,15.4,30.8,23.1,0.12,3.2,13.2,20.0,30.0,10.0,0.16,2.2,17.1,15.4,46.2,0.0,0.15,2.0,21.1,6.2,25.0,0.0,0.17,2.9,18.4,7.1,14.3,0.0,0.15,3.3,24.0,64.5,9.7,16.1,0.14,2.7,17.8,17.4,39.1,8.7,0.12,2.7,17.1,27.3,27.3,22.7,0.12,2.5,17.1,31.8,59.1,0.0,0.12,2.1,14.0,11.1,27.8,33.3,0.17,3.2,10.1,30.8,23.1,0.0,0.14,3.8,16.8,60.0,25.0,15.0,0.15,2.7,16.0,21.1,21.1,42.1,0.15,3.3,17.6,23.8,19.0,19.0,0.15,2.6,21.0,12.0,24.0,24.0,0.14,2.9,14.3,23.5,17.6,17.6,0.14,3.2,14.3,5.9,17.6,0.0,0.15,3.4,18.0,69.6,13.0,8.7,0.14,3.1,14.1,11.1,33.3,33.3,0.17,3.7,17.2,4.5,50.0,22.7,0.14,3.0,21.9,3.6,28.6,35.7,0.18,3.4,18.0,13.0,13.0,0.0,0.21,4.5,10.9,7.1,28.6,0.0,0.19,4.4,8.6,16.7,0.0,0.0,0.26,4.7,5.7,0.0,0.0,0.0,0.35,5.3,14.3,0.0,0.0,0.0,0.19,2.9,11.4,0.0,0.0,0.0,0.15,3.6,14.3,10.0,0.0,0.0,0.14,2.3,45.7,0.0,0.0,0.0,0.18,4.1,17.6,33.3,38.1,4.8,0.14,2.5,15.1,22.2,38.9,0.0,0.16,2.6,16.0,10.5,26.3,36.8,0.17,2.7,16.0,10.5,21.1,21.1,0.16,2.9,23.5,3.6,10.7,25.0,0.15,3.0,11.8,7.1,0.0,0.0,0.18,4.4
20260813,02,9,5182,B1,28.0,46.0,4.58,26.92,4.68,22.06,60,0.0,74,0.0,3503,B1,56.0,51.0,3.62,15.29,3.78,17.39,5,25.0,76,0.0,3952,A1,50.0,53.0,6.67,50.0,7.34,54.36,11,37.5,59,0.0,4428,A2,40.0,53.0,5.94,40.95,5.95,41.48,4,42.86,38,0.0,3647,B1,53.0,49.0,3.2,10.2,4.29,16.67,12,42.86,75,0.0,4547,A1,38.0,52.0,6.82,40.78,6.96,50.0,57,0.0,63,0.0,20.7,36.8,26.3,0.0,0.13,1.9,19.6,5.6,38.9,11.1,0.15,3.1,15.2,14.3,14.3,14.3,0.16,2.9,10.9,10.0,20.0,0.0,0.15,2.4,18.5,23.5,23.5,23.5,0.1,2.2,15.2,21.4,0.0,0.0,0.15,3.0,14.4,23.1,30.8,7.7,0.14,2.6,20.0,16.7,22.2,0.0,0.17,3.2,15.6,7.1,7.1,21.4,0.18,3.4,21.1,5.3,10.5,15.8,0.14,2.8,15.6,14.3,0.0,0.0,0.18,3.3,13.3,0.0,0.0,0.0,0.17,3.7,21.9,52.0,20.0,12.0,0.14,3.2,16.7,26.3,26.3,0.0,0.14,2.9,17.5,45.0,15.0,20.0,0.17,3.4,16.7,21.1,21.1,31.6,0.14,2.6,16.7,15.8,5.3,36.8,0.13,2.7,10.5,25.0,0.0,0.0,0.13,3.4,18.8,90.9,4.5,4.5,0.12,2.1,16.2,10.5,31.6,21.1,0.14,3.0,17.1,5.0,35.0,15.0,0.15,2.4,14.5,11.8,23.5,5.9,0.16,3.6,17.1,25.0,25.0,0.0,0.16,2.9,16.2,21.1,15.8,0.0,0.14,3.1,13.6,21.4,35.7,14.3,0.16,3.2,17.5,16.7,38.9,0.0,0.19,2.9,16.5,5.9,17.6,0.0,0.16,2.8,19.4,5.0,25.0,0.0,0.17,2.9,16.5,5.9,0.0,0.0,0.17,3.1,16.5,11.8,0.0,0.0,0.23,4.2,21.6,40.0,32.0,16.0,0.15,3.3,13.8,12.5,31.2,18.8,0.16,3.6,13.8,18.8,18.8,18.8,0.14,2.8,16.4,5.3,31.6,21.1,0.14,3.1,20.7,8.3,20.8,20.8,0.18,3.5,13.8,6.2,31.2,0.0,0.19,4.2
20260813,02,10,5087,A1,26.0,54.0,6.37,51.72,6.09,44.74,27,50.0,14,57.14,3306,B1,58.0,55.0,4.14,21.05,4.81,22.68,29,85.71,56,0.0,5394,B1,24.0,53.0,2.98,5.43,2.62,2.7,61,0.0,16,16.67,5220,A2,25.0,51.0,6.91,55.56,6.43,47.52,15,71.43,34,57.14,4230,A2,43.0,54.0,6.44,47.62,6.1,45.68,48,0.0,28,42.86,5051,A1,31.0,56.0,6.61,47.17,6.74,50.0,21,42.86,32,42.86,20.9,66.7,20.8,8.3,0.16,3.4,14.8,41.2,29.4,17.6,0.12,2.5,15.7,27.8,22.2,16.7,0.16,3.3,20.0,26.1,17.4,26.1,0.16,3.1,16.5,31.6,10.5,21.1,0.11,2.7,12.2,7.1,21.4,28.6,0.17,3.9,16.5,20.0,20.0,20.0,0.14,3.0,18.7,5.9,23.5,0.0,0.16,3.8,16.5,13.3,6.7,20.0,0.18,3.4,19.8,11.1,11.1,27.8,0.14,2.4,16.5,6.7,13.3,0.0,0.17,3.1,12.1,18.2,0.0,0.0,0.16,3.2,0.0,0.0,0.0,0.0,0.0,0.0,0.0,0.0,0.0,0.0,0.0,0.0,0.0,0.0,0.0,0.0,0.0,0.0,14.1,0.0,0.0,0.0,0.19,3.8,26.9,4.8,19.0,19.0,0.17,3.2,59.0,2.2,15.2,0.0,0.19,4.0,22.7,64.7,8.8,8.8,0.13,2.2,14.0,9.5,19.0,19.0,0.11,2.3,18.7,14.3,32.1,7.1,0.13,3.1,16.0,20.8,29.2,29.2,0.13,2.5,14.0,23.8,9.5,14.3,0.1,2.4,14.7,9.1,4.5,31.8,0.11,2.5,18.8,66.7,13.3,6.7,0.16,3.1,12.5,30.0,40.0,10.0,0.17,4.2,18.8,46.7,20.0,20.0,0.11,1.5,17.5,21.4,28.6,21.4,0.17,2.8,18.8,33.3,13.3,0.0,0.16,3.0,13.8,9.1,9.1,9.1,0.19,4.3,16.8,76.2,4.8,14.3,0.15,2.8,20.0,12.0,32.0,24.0,0.15,3.7,16.0,20.0,20.0,25.0,0.17,3.2,16.0,15.0,20.0,20.0,0.15,3.5,15.2,15.8,31.6,21.1,0.16,3.1,16.0,5.0,5.0,35.0,0.16,3.5
20260813,02,11,5112,A1,26.0,53.0,6.95,52.73,7.02,57.04,7,0.0,60,0.0,3807,B1,51.0,51.0,4.95,27.1,4.76,22.97,18,57.14,21,50.0,4144,A2,44.0,53.0,6.45,47.12,6.83,52.78,46,0.0,61,0.0,4419,A2,39.0,46.0,5.66,37.78,5.65,34.55,19,0.0,31,0.0,4809,A1,37.0,52.0,5.74,33.71,5.4,35.58,24,16.67,26,42.86,3793,B1,53.0,57.0,3.9,20.22,3.73,15.0,53,0.0,68,0.0,21.3,79.3,6.9,3.4,0.13,2.2,14.0,26.3,42.1,15.8,0.16,3.6,18.4,24.0,36.0,8.0,0.15,3.7,14.0,26.3,10.5,26.3,0.14,3.3,15.4,4.8,14.3,47.6,0.2,3.9,16.9,8.7,8.7,17.4,0.2,4.0,14.7,31.2,43.8,12.5,0.16,3.3,19.3,9.5,14.3,23.8,0.15,2.8,17.4,15.8,42.1,0.0,0.16,2.7,18.3,10.0,5.0,0.0,0.18,3.7,15.6,5.9,11.8,0.0,0.16,3.3,14.7,6.2,6.2,6.2,0.2,4.5,16.7,65.0,20.0,5.0,0.18,3.7,21.7,15.4,42.3,23.1,0.2,4.3,14.2,17.6,29.4,17.6,0.17,3.6,16.7,10.0,25.0,30.0,0.18,3.2,17.5,9.5,28.6,9.5,0.17,3.2,13.3,25.0,0.0,0.0,0.19,4.3,15.1,46.2,23.1,7.7,0.19,4.3,15.1,7.7,46.2,7.7,0.13,2.7,22.1,5.3,26.3,21.1,0.14,2.6,18.6,25.0,31.2,37.5,0.16,2.4,18.6,12.5,25.0,0.0,0.15,3.0,10.5,11.1,0.0,0.0,0.17,3.4,20.7,68.4,15.8,0.0,0.14,2.3,12.0,36.4,36.4,0.0,0.17,3.4,16.3,13.3,33.3,20.0,0.18,3.9,16.3,6.7,26.7,13.3,0.16,3.0,18.5,17.6,17.6,11.8,0.15,2.2,16.3,6.7,33.3,0.0,0.17,4.5,15.4,30.0,20.0,40.0,0.15,2.9,20.0,23.1,15.4,23.1,0.17,3.0,10.8,28.6,14.3,0.0,0.09,2.6,16.9,18.2,9.1,0.0,0.17,2.7,16.9,18.2,27.3,0.0,0.17,3.1,20.0,7.7,0.0,0.0,0.16,3.8
20260813,02,12,5191,A1,25.0,52.0,7.07,54.48,6.52,50.25,45,0.0,40,42.86,4159,A2,45.0,52.0,6.31,47.11,6.01,48.2,23,0.0,30,28.57,4201,B1,44.0,53.0,4.1,19.05,5.47,36.27,22,50.0,25,0.0,5132,A1,27.0,52.0,7.0,58.65,6.84,54.81,64,0.0,65,0.0,3075,B1,63.0,55.0,4.76,29.67,5.16,31.82,59,0.0,22,42.86,5246,A2,24.0,52.0,5.35,39.53,5.13,36.97,17,28.57,20,50.0,18.4,92.0,4.0,0.0,0.12,1.9,19.1,11.5,30.8,23.1,0.14,2.9,15.4,28.6,23.8,28.6,0.12,2.2,18.4,16.0,12.0,24.0,0.14,2.9,16.2,22.7,9.1,18.2,0.13,2.8,12.5,5.9,11.8,23.5,0.11,2.5,22.1,63.3,23.3,3.3,0.13,2.4,19.1,11.5,34.6,30.8,0.18,3.6,14.7,10.0,30.0,15.0,0.16,3.5,11.0,20.0,33.3,0.0,0.18,3.3,19.9,3.7,11.1,29.6,0.16,3.2,13.2,11.1,5.6,0.0,0.19,4.1,13.6,22.2,11.1,0.0,0.21,3.9,24.2,6.2,12.5,25.0,0.2,3.6,12.1,12.5,0.0,0.0,0.19,3.6,19.7,15.4,15.4,0.0,0.14,3.0,18.2,8.3,8.3,16.7,0.17,3.4,12.1,12.5,0.0,0.0,0.2,4.6,24.0,64.5,9.7,16.1,0.14,2.7,17.8,17.4,39.1,8.7,0.12,2.7,17.1,27.3,27.3,22.7,0.12,2.5,17.1,31.8,59.1,0.0,0.12,2.1,14.0,11.1,27.8,33.3,0.17,3.2,10.1,30.8,23.1,0.0,0.14,3.8,15.3,26.7,6.7,20.0,0.12,2.7,16.3,12.5,6.2,0.0,0.16,3.1,21.4,9.5,19.0,4.8,0.1,2.2,18.4,11.1,27.8,16.7,0.15,2.4,16.3,12.5,12.5,12.5,0.11,2.4,12.2,8.3,8.3,0.0,0.14,2.8,14.5,47.1,5.9,17.6,0.2,3.5,18.8,18.2,27.3,13.6,0.18,3.5,18.8,13.6,27.3,22.7,0.16,3.3,11.1,7.7,23.1,15.4,0.16,3.3,16.2,10.5,26.3,10.5,0.17,3.3,20.5,4.2,20.8,25.0,0.18,3.4
20260813,01,1,3827,B1,53.0,51.0,4.06,13.64,4.53,19.29,64,32.75,46,29.63,5090,B1,25.0,54.0,5.31,32.84,4.96,31.14,15,41.07,21,31.55,5065,A2,28.0,53.0,5.36,39.74,4.49,26.23,34,38.38,54,37.65,3475,B1,56.0,53.0,5.22,33.77,6.06,43.12,41,31.29,56,40.48,5141,A1,25.0,51.0,6.31,51.25,6.38,51.9,53,34.36,35,36.14,5455,B2,20.0,52.0,1.38,0.0,1.25,0.0,75,29.68,72,32.45,16.0,20.0,20.0,20.0,0.17,3.3,16.0,33.3,13.3,0.0,0.2,4.0,17.0,6.2,50.0,0.0,0.16,2.7,19.1,5.6,0.0,0.0,0.16,3.3,18.1,5.9,5.9,17.6,0.19,3.7,13.8,0.0,0.0,0.0,0.16,4.4,14.3,57.1,28.6,14.3,0.12,2.3,15.3,26.7,13.3,20.0,0.11,2.1,15.3,26.7,13.3,20.0,0.13,2.1,16.3,6.2,6.2,25.0,0.17,3.3,19.4,15.8,21.1,21.1,0.16,3.1,19.4,5.3,10.5,0.0,0.18,4.6,12.8,71.4,14.3,14.3,0.1,1.6,19.3,9.5,42.9,19.0,0.14,3.3,13.8,13.3,33.3,6.7,0.12,2.3,20.2,18.2,18.2,18.2,0.14,2.8,14.7,31.2,18.8,0.0,0.11,2.2,19.3,9.5,14.3,0.0,0.12,2.5,23.7,54.5,18.2,0.0,0.17,3.1,17.2,6.2,18.8,12.5,0.19,4.7,17.2,25.0,6.2,18.8,0.19,3.6,12.9,25.0,8.3,16.7,0.16,3.0,17.2,12.5,25.0,0.0,0.22,3.3,11.8,9.1,27.3,0.0,0.25,5.3,25.0,50.0,19.2,7.7,0.15,2.7,14.4,13.3,40.0,20.0,0.16,2.9,21.2,22.7,45.5,13.6,0.14,2.4,14.4,33.3,26.7,6.7,0.12,1.9,14.4,20.0,26.7,20.0,0.14,2.7,10.6,9.1,45.5,0.0,0.17,3.5,0.0,0.0,0.0,0.0,0.0,0.0,0.0,0.0,0.0,0.0,0.0,0.0,0.0,0.0,0.0,0.0,0.0,0.0,0.0,0.0,0.0,0.0,0.0,0.0,0.0,0.0,0.0,0.0,0.0,0.0,0.0,0.0,0.0,0.0,0.0,0.0
20260813,01,2,5320,B1,25.0,48.0,3.57,15.79,2.43,6.67,57,31.29,19,36.53,4550,A2,37.0,57.0,5.37,30.77,5.02,32.69,70,33.14,33,31.71,4540,A2,38.0,52.0,5.44,33.33,4.88,33.33,36,28.86,38,37.97,5390,B2,18.0,46.0,2.43,7.14,1.83,1.43,52,26.72,51,35.63,5103,B2,28.0,55.0,3.18,13.16,4.65,26.92,11,32.54,75,30.18,4362,A1,41.0,52.0,6.91,48.36,7.55,58.77,21,31.55,57,39.74,12.8,9.1,9.1,18.2,0.22,3.9,17.4,6.7,0.0,0.0,0.2,3.3,19.8,5.9,11.8,5.9,0.17,3.1,16.3,7.1,0.0,0.0,0.17,3.1,16.3,7.1,0.0,0.0,0.14,3.3,17.4,13.3,0.0,0.0,0.19,4.0,14.3,43.8,37.5,6.2,0.16,2.6,18.8,19.0,28.6,9.5,0.16,2.8,19.6,9.1,22.7,9.1,0.17,3.8,17.9,10.0,25.0,25.0,0.16,3.6,19.6,4.5,36.4,0.0,0.15,3.1,9.8,27.3,0.0,0.0,0.15,3.4,20.4,47.6,23.8,14.3,0.1,2.3,14.6,13.3,46.7,20.0,0.13,2.3,16.5,5.9,23.5,29.4,0.11,2.1,16.5,17.6,11.8,23.5,0.13,2.6,12.6,15.4,23.1,0.0,0.15,2.5,19.4,40.0,0.0,0.0,0.11,1.7,0.0,0.0,0.0,0.0,0.0,0.0,0.0,0.0,0.0,0.0,0.0,0.0,0.0,0.0,0.0,0.0,0.0,0.0,11.0,0.0,0.0,0.0,0.18,4.0,26.0,5.3,0.0,0.0,0.16,3.9,63.0,2.2,2.2,0.0,0.17,3.7,13.2,30.0,10.0,0.0,0.17,3.6,13.2,30.0,10.0,0.0,0.17,3.3,14.5,9.1,27.3,0.0,0.2,4.4,14.5,9.1,18.2,0.0,0.21,4.3,11.8,11.1,33.3,0.0,0.19,3.8,32.9,4.0,4.0,4.0,0.21,4.3,25.0,56.5,17.4,13.0,0.15,3.2,16.3,26.7,33.3,13.3,0.14,3.5,15.2,7.1,21.4,35.7,0.16,2.8,18.5,11.8,29.4,41.2,0.15,3.4,14.1,7.7,23.1,15.4,0.16,4.0,10.9,10.0,40.0,0.0,0.18,4.8
20260813,01,3,3655,B1,52.0,56.0,5.05,26.88,5.84,37.23,13,29.68,50,34.55,5216,A1,26.0,54.0,5.99,38.69,6.24,44.86,51,31.51,60,37.21,5364,B1,26.0,52.0,2.37,4.26,2.55,4.55,38,41.73,40,32.5,5234,A1,28.0,53.0,6.69,53.97,6.67,51.68,40,32.96,47,32.74,4940,B2,28.0,52.0,4.05,18.92,0.0,0.0,37,33.72,24,35.26,5153,B1,30.0,47.0,3.72,15.05,2.73,7.32,31,37.27,28,32.12,18.8,48.0,28.0,20.0,0.16,3.2,21.8,34.5,31.0,0.0,0.19,3.8,15.0,25.0,30.0,0.0,0.16,3.3,17.3,13.0,30.4,0.0,0.18,3.4,18.0,4.2,20.8,8.3,0.16,3.2,9.0,16.7,0.0,0.0,0.16,3.3,21.8,59.3,22.2,11.1,0.15,2.5,17.7,27.3,18.2,27.3,0.19,3.8,17.7,31.8,22.7,13.6,0.16,3.0,15.3,5.3,10.5,42.1,0.16,2.9,15.3,10.5,36.8,15.8,0.17,3.1,12.1,6.7,26.7,0.0,0.19,4.1,0.0,0.0,0.0,0.0,0.0,0.0,0.0,0.0,0.0,0.0,0.0,0.0,0.0,0.0,0.0,0.0,0.0,0.0,23.5,10.0,0.0,0.0,0.18,3.1,29.4,8.0,12.0,0.0,0.15,2.6,47.1,2.5,0.0,0.0,0.18,3.7,23.0,64.5,12.9,16.1,0.17,3.0,15.6,33.3,19.0,19.0,0.16,3.0,19.3,15.4,23.1,23.1,0.15,3.1,16.3,27.3,36.4,13.6,0.12,2.6,13.3,16.7,22.2,22.2,0.15,3.1,12.6,17.6,29.4,0.0,0.13,3.2,11.1,0.0,0.0,0.0,0.13,4.0,11.1,0.0,0.0,0.0,0.33,6.0,22.2,0.0,0.0,0.0,0.1,4.5,11.1,0.0,0.0,0.0,0.23,6.0,22.2,0.0,0.0,0.0,0.24,6.0,22.2,0.0,0.0,0.0,0.12,4.0,13.5,15.4,7.7,7.7,0.17,2.6,20.8,5.0,20.0,20.0,0.19,3.6,17.7,11.8,17.6,11.8,0.17,2.6,14.6,42.9,0.0,0.0,0.15,2.6,18.8,5.6,11.1,0.0,0.17,2.9,14.6,21.4,7.1,0.0,0.12,1.8
20260813,01,4,4407,B1,40.0,57.0,5.06,29.17,5.0,29.69,74,37.93,30,32.75,4240,A2,42.0,45.0,5.18,31.33,6.1,44.78,62,41.86,48,38.41,4787,A1,37.0,53.0,7.77,70.69,7.3,59.4,73,46.92,14,37.95,3805,B1,52.0,53.0,5.47,37.36,5.68,39.29,47,29.07,68,30.95,3441,B1,57.0,54.0,4.6,22.0,5.27,31.03,17,34.39,29,31.71,4491,B1,39.0,52.0,4.21,22.47,4.98,31.2,24,36.61,73,37.5,16.5,41.2,29.4,5.9,0.14,2.2,17.5,16.7,22.2,22.2,0.16,3.1,17.5,5.6,44.4,0.0,0.18,3.1,14.6,26.7,26.7,0.0,0.18,3.6,15.5,12.5,31.2,0.0,0.2,3.8,18.4,5.3,15.8,0.0,0.21,4.5,17.6,52.6,21.1,0.0,0.14,2.4,18.5,20.0,45.0,20.0,0.13,2.2,18.5,5.0,30.0,25.0,0.13,2.4,15.7,17.6,23.5,23.5,0.14,1.9,13.9,13.3,40.0,0.0,0.16,2.9,15.7,5.9,11.8,5.9,0.18,3.5,21.9,76.0,12.0,0.0,0.15,3.0,16.7,42.1,26.3,21.1,0.12,2.4,16.7,26.3,26.3,21.1,0.13,2.9,14.0,12.5,31.2,12.5,0.16,3.4,16.7,15.8,15.8,26.3,0.13,2.2,14.0,6.2,12.5,12.5,0.16,3.6,17.6,43.8,6.2,25.0,0.15,2.9,18.7,11.8,29.4,23.5,0.12,3.1,15.4,7.1,21.4,14.3,0.13,2.4,16.5,13.3,6.7,33.3,0.14,2.4,17.6,25.0,18.8,0.0,0.14,2.8,14.3,7.7,7.7,0.0,0.16,4.1,12.7,42.9,28.6,0.0,0.18,3.1,20.0,9.1,40.9,22.7,0.19,3.9,17.3,5.3,10.5,15.8,0.17,3.2,21.8,8.3,33.3,0.0,0.18,3.9,19.1,9.5,23.8,0.0,0.19,4.0,9.1,10.0,0.0,0.0,0.18,4.3,13.3,46.2,7.7,0.0,0.18,4.3,20.4,25.0,10.0,0.0,0.19,3.7,16.3,18.8,31.2,0.0,0.2,3.6,21.4,23.8,19.0,0.0,0.18,3.9,14.3,7.1,28.6,0.0,0.21,3.6,14.3,0.0,0.0,0.0,0.24,4.7
20260813,01,5,5090,B1,25.0,54.0,5.31,32.84,4.96,31.14,15,41.07,21,31.55,3850,B1,54.0,54.0,4.29,25.25,4.58,27.54,45,39.42,11,29.76,4888,B1,38.0,52.0,5.39,36.84,5.44,33.11,56,42.03,31,37.34,4238,A1,42.0,54.0,7.62,59.55,9.01,82.42,67,32.45,27,41.67,4420,A2,38.0,53.0,5.74,37.19,6.01,46.48,50,33.33,69,33.54,5150,A1,31.0,52.0,6.27,46.23,6.15,49.3,35,44.59,34,35.93,14.3,57.1,28.6,14.3,0.12,2.3,15.3,26.7,13.3,20.0,0.11,2.1,15.3,26.7,13.3,20.0,0.13,2.1,16.3,6.2,6.2,25.0,0.17,3.3,19.4,15.8,21.1,21.1,0.16,3.1,19.4,5.3,10.5,0.0,0.18,4.6,13.4,75.0,12.5,0.0,0.14,1.8,18.5,13.6,18.2,13.6,0.15,2.7,18.5,9.1,9.1,31.8,0.13,3.2,16.8,15.0,20.0,10.0,0.15,2.8,19.3,8.7,17.4,13.0,0.12,2.1,13.4,6.2,25.0,0.0,0.17,3.3,15.8,37.5,12.5,12.5,0.22,3.9,15.8,6.2,37.5,18.8,0.18,4.3,18.8,10.5,15.8,21.1,0.22,3.9,21.8,9.1,9.1,18.2,0.18,3.9,14.9,26.7,0.0,0.0,0.16,3.7,12.9,15.4,23.1,0.0,0.18,4.2,31.9,86.5,5.4,2.7,0.11,2.2,14.7,41.2,23.5,5.9,0.19,3.2,18.1,52.4,23.8,9.5,0.17,2.5,18.1,14.3,23.8,28.6,0.15,3.5,11.2,23.1,15.4,46.2,0.16,2.6,6.0,42.9,0.0,0.0,0.15,3.9,17.2,48.0,20.0,12.0,0.15,3.1,17.9,7.7,38.5,26.9,0.16,3.1,17.2,12.0,24.0,24.0,0.15,2.7,18.6,18.5,18.5,22.2,0.15,2.7,17.9,3.8,15.4,34.6,0.16,3.5,11.0,6.2,12.5,0.0,0.2,3.9,22.5,63.0,18.5,7.4,0.14,2.4,16.7,35.0,25.0,20.0,0.17,3.1,14.2,17.6,17.6,17.6,0.14,2.2,20.0,29.2,25.0,12.5,0.14,2.3,15.0,11.1,22.2,27.8,0.13,2.0,11.7,7.1,14.3,35.7,0.13,2.7
20260813,01,6,4645,A1,46.0,53.0,6.52,45.9,6.11,40.34,25,27.27,74,34.81,3947,B1,50.0,48.0,4.33,15.91,5.17,29.35,71,32.43,59,38.1,4113,B1,46.0,56.0,4.69,26.37,5.12,26.32,69,37.75,37,35.54,5301,B1,23.0,52.0,5.31,32.98,3.52,11.88,48,33.14,36,35.29,3860,B1,53.0,52.0,3.81,18.75,4.76,32.35,59,42.07,67,27.98,5390,B2,18.0,46.0,2.43,7.14,1.83,1.43,52,26.72,51,35.63,21.3,69.6,13.0,4.3,0.15,2.9,16.7,16.7,44.4,22.2,0.14,2.3,16.7,16.7,27.8,16.7,0.13,2.4,15.7,29.4,5.9,0.0,0.14,2.3,9.3,10.0,0.0,0.0,0.11,2.6,20.4,9.1,13.6,18.2,0.16,3.2,14.6,26.7,6.7,20.0,0.15,3.1,18.4,5.3,42.1,0.0,0.21,3.7,17.5,5.6,11.1,11.1,0.18,3.8,20.4,14.3,28.6,0.0,0.22,4.2,17.5,5.6,5.6,22.2,0.19,3.4,11.7,16.7,16.7,0.0,0.18,3.7,18.0,44.4,16.7,22.2,0.19,3.5,21.0,28.6,19.0,9.5,0.19,3.5,14.0,7.1,14.3,21.4,0.17,4.0,15.0,6.7,26.7,20.0,0.17,3.8,17.0,5.9,23.5,0.0,0.19,4.2,15.0,6.7,13.3,0.0,0.16,3.3,15.0,60.0,13.3,0.0,0.16,3.9,21.0,4.8,14.3,23.8,0.17,3.6,22.0,13.6,9.1,22.7,0.13,3.0,16.0,18.8,6.2,18.8,0.15,3.0,14.0,7.1,7.1,21.4,0.16,3.5,12.0,0.0,0.0,0.0,0.16,3.4,14.8,7.7,23.1,0.0,0.23,4.6,20.5,22.2,5.6,0.0,0.18,4.3,19.3,17.6,17.6,0.0,0.22,4.2,14.8,7.7,23.1,7.7,0.21,4.2,17.0,13.3,0.0,0.0,0.19,3.8,13.6,8.3,0.0,0.0,0.19,4.2,0.0,0.0,0.0,0.0,0.0,0.0,0.0,0.0,0.0,0.0,0.0,0.0,0.0,0.0,0.0,0.0,0.0,0.0,11.0,0.0,0.0,0.0,0.18,4.0,26.0,5.3,0.0,0.0,0.16,3.9,63.0,2.2,2.2,0.0,0.17,3.7
20260813,01,7,3659,A2,51.0,55.0,5.59,32.53,5.94,42.26,65,36.84,44,40.88,3406,B1,58.0,52.0,5.45,34.69,5.42,40.0,60,45.33,61,40.38,3740,A1,52.0,53.0,6.11,42.14,6.48,47.97,27,48.95,39,31.18,5103,B2,28.0,55.0,3.18,13.16,4.65,26.92,11,32.54,75,30.18,5455,B2,20.0,52.0,1.38,0.0,1.25,0.0,75,29.68,72,32.45,4281,B1,42.0,52.0,5.12,29.35,4.77,15.38,44,27.63,52,41.88,18.0,55.6,22.2,16.7,0.14,2.4,16.0,37.5,18.8,0.0,0.16,3.6,16.0,6.2,43.8,31.2,0.17,3.4,21.0,9.5,14.3,28.6,0.18,3.1,15.0,6.7,6.7,26.7,0.2,3.9,14.0,7.1,28.6,0.0,0.17,3.5,18.8,54.5,31.8,9.1,0.17,3.0,15.4,16.7,33.3,11.1,0.15,3.7,15.4,11.1,5.6,38.9,0.18,3.7,20.5,4.2,4.2,25.0,0.2,4.3,16.2,5.3,15.8,21.1,0.21,3.7,13.7,6.2,25.0,0.0,0.22,4.4,22.1,59.4,31.2,6.2,0.15,3.0,15.9,13.0,26.1,17.4,0.19,3.4,16.6,25.0,25.0,16.7,0.19,3.5,13.1,21.1,21.1,15.8,0.16,3.3,17.9,23.1,15.4,19.2,0.19,3.2,14.5,4.8,14.3,14.3,0.18,3.7,13.2,30.0,10.0,0.0,0.17,3.6,13.2,30.0,10.0,0.0,0.17,3.3,14.5,9.1,27.3,0.0,0.2,4.4,14.5,9.1,18.2,0.0,0.21,4.3,11.8,11.1,33.3,0.0,0.19,3.8,32.9,4.0,4.0,4.0,0.21,4.3,0.0,0.0,0.0,0.0,0.0,0.0,0.0,0.0,0.0,0.0,0.0,0.0,0.0,0.0,0.0,0.0,0.0,0.0,0.0,0.0,0.0,0.0,0.0,0.0,0.0,0.0,0.0,0.0,0.0,0.0,0.0,0.0,0.0,0.0,0.0,0.0,16.5,60.0,20.0,13.3,0.15,2.3,17.6,6.2,25.0,31.2,0.17,3.1,17.6,6.2,18.8,18.8,0.17,3.3,15.4,7.1,7.1,21.4,0.17,3.2,18.7,11.8,17.6,0.0,0.19,3.9,14.3,15.4,0.0,0.0,0.17,4.2
20260813,01,8,4486,A2,40.0,54.0,6.06,43.27,5.65,40.32,33,40.83,66,35.15,4880,B1,31.0,52.0,5.43,33.72,3.35,12.9,42,26.49,23,42.21,5320,B1,25.0,48.0,3.57,15.79,2.43,6.67,57,31.29,19,36.53,4766,B1,35.0,53.0,4.3,19.48,4.88,32.93,28,39.87,15,42.31,4188,A1,45.0,52.0,7.89,64.41,7.41,58.78,14,45.59,71,38.15,5364,B1,26.0,52.0,2.37,4.26,2.55,4.55,38,41.73,40,32.5,15.0,50.0,16.7,8.3,0.17,3.3,23.8,5.3,47.4,10.5,0.17,3.3,13.8,18.2,18.2,9.1,0.18,3.0,17.5,7.1,21.4,0.0,0.17,4.0,21.2,5.9,41.2,11.8,0.19,3.8,8.8,14.3,28.6,0.0,0.17,3.1,13.2,30.0,30.0,20.0,0.17,2.7,18.4,14.3,28.6,7.1,0.18,4.1,21.1,12.5,31.2,25.0,0.14,2.9,19.7,26.7,6.7,33.3,0.17,2.9,14.5,18.2,9.1,0.0,0.19,3.9,13.2,20.0,30.0,0.0,0.19,4.0,12.8,9.1,9.1,18.2,0.22,3.9,17.4,6.7,0.0,0.0,0.2,3.3,19.8,5.9,11.8,5.9,0.17,3.1,16.3,7.1,0.0,0.0,0.17,3.1,16.3,7.1,0.0,0.0,0.14,3.3,17.4,13.3,0.0,0.0,0.19,4.0,13.1,27.3,27.3,27.3,0.17,3.1,15.5,7.7,7.7,15.4,0.14,3.7,15.5,23.1,7.7,15.4,0.13,2.4,16.7,28.6,21.4,14.3,0.13,1.7,20.2,17.6,11.8,0.0,0.15,3.3,19.0,6.2,12.5,0.0,0.1,2.5,22.6,75.0,8.3,4.2,0.12,1.8,12.3,30.8,38.5,15.4,0.13,2.9,17.0,16.7,38.9,33.3,0.13,2.3,21.7,34.8,21.7,26.1,0.14,2.1,16.0,29.4,47.1,5.9,0.12,2.4,10.4,18.2,9.1,27.3,0.11,2.3,0.0,0.0,0.0,0.0,0.0,0.0,0.0,0.0,0.0,0.0,0.0,0.0,0.0,0.0,0.0,0.0,0.0,0.0,23.5,10.0,0.0,0.0,0.18,3.1,29.4,8.0,12.0,0.0,0.15,2.6,47.1,2.5,0.0,0.0,0.18,3.7
20260813,01,9,4940,B2,28.0,52.0,4.05,18.92,0.0,0.0,37,33.72,24,35.26,4539,A1,35.0,53.0,6.52,44.07,6.55,52.98,20,40.8,42,32.75,4362,A1,41.0,52.0,6.91,48.36,7.55,58.77,21,31.55,57,39.74,5065,A2,28.0,53.0,5.36,39.74,4.49,26.23,34,38.38,54,37.65,4987,B1,29.0,48.0,3.73,16.85,4.46,30.38,49,35.96,22,31.93,3973,B1,49.0,55.0,4.44,25.74,4.92,28.93,30,46.72,17,35.48,11.1,0.0,0.0,0.0,0.13,4.0,11.1,0.0,0.0,0.0,0.33,6.0,22.2,0.0,0.0,0.0,0.1,4.5,11.1,0.0,0.0,0.0,0.23,6.0,22.2,0.0,0.0,0.0,0.24,6.0,22.2,0.0,0.0,0.0,0.12,4.0,18.1,84.0,12.0,4.0,0.12,1.9,15.9,22.7,27.3,0.0,0.13,2.6,18.8,11.5,34.6,19.2,0.13,2.2,14.5,20.0,20.0,5.0,0.11,2.2,15.9,4.5,22.7,18.2,0.14,2.6,16.7,4.3,4.3,21.7,0.14,3.0,25.0,56.5,17.4,13.0,0.15,3.2,16.3,26.7,33.3,13.3,0.14,3.5,15.2,7.1,21.4,35.7,0.16,2.8,18.5,11.8,29.4,41.2,0.15,3.4,14.1,7.7,23.1,15.4,0.16,4.0,10.9,10.0,40.0,0.0,0.18,4.8,12.8,71.4,14.3,14.3,0.1,1.6,19.3,9.5,42.9,19.0,0.14,3.3,13.8,13.3,33.3,6.7,0.12,2.3,20.2,18.2,18.2,18.2,0.14,2.8,14.7,31.2,18.8,0.0,0.11,2.2,19.3,9.5,14.3,0.0,0.12,2.5,13.5,66.7,8.3,16.7,0.15,2.8,13.5,25.0,0.0,0.0,0.16,4.2,22.5,5.0,10.0,0.0,0.17,3.2,19.1,17.6,23.5,0.0,0.2,3.2,14.6,7.7,7.7,0.0,0.18,3.2,16.9,6.7,0.0,0.0,0.2,4.1,15.0,20.0,20.0,6.7,0.21,3.9,19.0,5.3,15.8,15.8,0.2,3.9,17.0,5.9,29.4,11.8,0.19,3.8,18.0,5.6,5.6,11.1,0.22,3.9,17.0,11.8,0.0,0.0,0.24,4.1,14.0,7.1,7.1,0.0,0.19,4.4
20260813,01,10,3482,B1,55.0,61.0,4.93,29.17,5.55,34.33,46,37.28,45,44.1,4420,A2,38.0,53.0,5.74,37.19,6.01,46.48,50,33.33,69,33.54,4645,A1,46.0,53.0,6.52,45.9,6.11,40.34,25,27.27,74,34.81,4568,B1,38.0,51.0,5.32,32.08,5.23,32.81,12,40.56,26,29.76,4407,B1,40.0,57.0,5.06,29.17,5.0,29.69,74,37.93,30,32.75,4851,A1,31.0,50.0,7.41,43.16,7.81,62.5,32,42.98,70,28.74,18.0,33.3,33.3,8.3,0.14,3.2,16.5,18.2,22.7,0.0,0.15,3.4,18.0,4.2,25.0,16.7,0.14,2.8,14.3,15.8,15.8,0.0,0.17,3.7,16.5,9.1,9.1,36.4,0.15,3.0,16.5,9.1,13.6,0.0,0.16,3.0,17.2,48.0,20.0,12.0,0.15,3.1,17.9,7.7,38.5,26.9,0.16,3.1,17.2,12.0,24.0,24.0,0.15,2.7,18.6,18.5,18.5,22.2,0.15,2.7,17.9,3.8,15.4,34.6,0.16,3.5,11.0,6.2,12.5,0.0,0.2,3.9,21.3,69.6,13.0,4.3,0.15,2.9,16.7,16.7,44.4,22.2,0.14,2.3,16.7,16.7,27.8,16.7,0.13,2.4,15.7,29.4,5.9,0.0,0.14,2.3,9.3,10.0,0.0,0.0,0.11,2.6,20.4,9.1,13.6,18.2,0.16,3.2,16.7,72.2,11.1,0.0,0.13,1.7,16.7,11.1,27.8,16.7,0.16,3.2,17.6,15.8,21.1,26.3,0.13,2.5,15.7,23.5,5.9,23.5,0.15,3.1,11.1,25.0,25.0,0.0,0.15,3.3,22.2,4.2,4.2,16.7,0.15,3.1,16.5,41.2,29.4,5.9,0.14,2.2,17.5,16.7,22.2,22.2,0.16,3.1,17.5,5.6,44.4,0.0,0.18,3.1,14.6,26.7,26.7,0.0,0.18,3.6,15.5,12.5,31.2,0.0,0.2,3.8,18.4,5.3,15.8,0.0,0.21,4.5,19.6,71.4,14.3,9.5,0.13,2.9,16.8,22.2,27.8,16.7,0.15,3.7,18.7,30.0,35.0,5.0,0.14,3.5,14.0,6.7,53.3,6.7,0.12,2.6,12.1,23.1,7.7,38.5,0.1,2.5,18.7,5.0,25.0,0.0,0.13,3.1
20260813,01,11,3532,B2,54.0,56.0,5.98,40.63,6.53,48.57,26,31.98,62,33.13,5141,A1,25.0,51.0,6.31,51.25,6.38,51.9,53,34.36,35,36.14,5234,A1,28.0,53.0,6.69,53.97,6.67,51.68,40,32.96,47,32.74,4888,B1,38.0,52.0,5.39,36.84,5.44,33.11,56,42.03,31,37.34,4240,A2,42.0,45.0,5.18,31.33,6.1,44.78,62,41.86,48,38.41,4550,A2,37.0,57.0,5.37,30.77,5.02,32.69,70,33.14,33,31.71,24.6,60.0,6.7,13.3,0.15,2.9,31.1,15.8,42.1,5.3,0.16,3.3,29.5,5.6,5.6,27.8,0.14,3.3,3.3,50.0,50.0,0.0,0.16,3.7,8.2,20.0,40.0,0.0,0.18,3.0,3.3,0.0,0.0,0.0,0.17,2.5,25.0,50.0,19.2,7.7,0.15,2.7,14.4,13.3,40.0,20.0,0.16,2.9,21.2,22.7,45.5,13.6,0.14,2.4,14.4,33.3,26.7,6.7,0.12,1.9,14.4,20.0,26.7,20.0,0.14,2.7,10.6,9.1,45.5,0.0,0.17,3.5,23.0,64.5,12.9,16.1,0.17,3.0,15.6,33.3,19.0,19.0,0.16,3.0,19.3,15.4,23.1,23.1,0.15,3.1,16.3,27.3,36.4,13.6,0.12,2.6,13.3,16.7,22.2,22.2,0.15,3.1,12.6,17.6,29.4,0.0,0.13,3.2,15.8,37.5,12.5,12.5,0.22,3.9,15.8,6.2,37.5,18.8,0.18,4.3,18.8,10.5,15.8,21.1,0.22,3.9,21.8,9.1,9.1,18.2,0.18,3.9,14.9,26.7,0.0,0.0,0.16,3.7,12.9,15.4,23.1,0.0,0.18,4.2,17.6,52.6,21.1,0.0,0.14,2.4,18.5,20.0,45.0,20.0,0.13,2.2,18.5,5.0,30.0,25.0,0.13,2.4,15.7,17.6,23.5,23.5,0.14,1.9,13.9,13.3,40.0,0.0,0.16,2.9,15.7,5.9,11.8,5.9,0.18,3.5,14.3,43.8,37.5,6.2,0.16,2.6,18.8,19.0,28.6,9.5,0.16,2.8,19.6,9.1,22.7,9.1,0.17,3.8,17.9,10.0,25.0,25.0,0.16,3.6,19.6,4.5,36.4,0.0,0.15,3.1,9.8,27.3,0.0,0.0,0.15,3.4
20260813,01,12,4787,A1,37.0,53.0,7.77,70.69,7.3,59.4,73,46.92,14,37.95,4238,A1,42.0,54.0,7.62,59.55,9.01,82.42,67,32.45,27,41.67,3406,B1,58.0,52.0,5.45,34.69,5.42,40.0,60,45.33,61,40.38,5216,A1,26.0,54.0,5.99,38.69,6.24,44.86,51,31.51,60,37.21,4880,B1,31.0,52.0,5.43,33.72,3.35,12.9,42,26.49,23,42.21,4540,A2,38.0,52.0,5.44,33.33,4.88,33.33,36,28.86,38,37.97,21.9,76.0,12.0,0.0,0.15,3.0,16.7,42.1,26.3,21.1,0.12,2.4,16.7,26.3,26.3,21.1,0.13,2.9,14.0,12.5,31.2,12.5,0.16,3.4,16.7,15.8,15.8,26.3,0.13,2.2,14.0,6.2,12.5,12.5,0.16,3.6,31.9,86.5,5.4,2.7,0.11,2.2,14.7,41.2,23.5,5.9,0.19,3.2,18.1,52.4,23.8,9.5,0.17,2.5,18.1,14.3,23.8,28.6,0.15,3.5,11.2,23.1,15.4,46.2,0.16,2.6,6.0,42.9,0.0,0.0,0.15,3.9,18.8,54.5,31.8,9.1,0.17,3.0,15.4,16.7,33.3,11.1,0.15,3.7,15.4,11.1,5.6,38.9,0.18,3.7,20.5,4.2,4.2,25.0,0.2,4.3,16.2,5.3,15.8,21.1,0.21,3.7,13.7,6.2,25.0,0.0,0.22,4.4,21.8,59.3,22.2,11.1,0.15,2.5,17.7,27.3,18.2,27.3,0.19,3.8,17.7,31.8,22.7,13.6,0.16,3.0,15.3,5.3,10.5,42.1,0.16,2.9,15.3,10.5,36.8,15.8,0.17,3.1,12.1,6.7,26.7,0.0,0.19,4.1,13.2,30.0,30.0,20.0,0.17,2.7,18.4,14.3,28.6,7.1,0.18,4.1,21.1,12.5,31.2,25.0,0.14,2.9,19.7,26.7,6.7,33.3,0.17,2.9,14.5,18.2,9.1,0.0,0.19,3.9,13.2,20.0,30.0,0.0,0.19,4.0,20.4,47.6,23.8,14.3,0.1,2.3,14.6,13.3,46.7,20.0,0.13,2.3,16.5,5.9,23.5,29.4,0.11,2.1,16.5,17.6,11.8,23.5,0.13,2.6,12.6,15.4,23.1,0.0,0.15,2.5,19.4,40.0,0.0,0.0,0.11,1.7
