date,jcd,r,距離,登番1,級別1,支部1,年齢1,体重1,勝率1,全国2率1,当地勝率1,当地2率1,モーター番号1,モーター2率1,ボート番号1,ボート2率1,登番2,級別2,支部2,年齢2,体重2,勝率2,全国2率2,当地勝率2,当地2率2,モーター番号2,モーター2率2,ボート番号2,ボート2率2,登番3,級別3,支部3,年齢3,体重3,勝率3,全国2率3,当地勝率3,当地2率3,モーター番号3,モーター2率3,ボート番号3,ボート2率3,登番4,級別4,支部4,年齢4,体重4,勝率4,全国2率4,当地勝率4,当地2率4,モーター番号4,モーター2率4,ボート番号4,ボート2率4,登番5,級別5,支部5,年齢5,体重5,勝率5,全国2率5,当地勝率5,当地2率5,モーター番号5,モーター2率5,ボート番号5,ボート2率5,登番6,級別6,支部6,年齢6,体重6,勝率6,全国2率6,当地勝率6,当地2率6,モーター番号6,モーター2率6,ボート番号6,ボート2率6,1号艇_1コース_進入率,1号艇_1コース_1着率,1号艇_1コース_2着率,1号艇_1コース_3着率,1号艇_1コース_平均ST,1号艇_1コース_ST順,1号艇_2コース_進入率,1号艇_2コース_1着率,1号艇_2コース_2着率,1号艇_2コース_3着率,1号艇_2コース_平均ST,1号艇_2コース_ST順,1号艇_3コース_進入率,1号艇_3コース_1着率,1号艇_3コース_2着率,1号艇_3コース_3着率,1号艇_3コース_平均ST,1号艇_3コース_ST順,1号艇_4コース_進入率,1号艇_4コース_1着率,1号艇_4コース_2着率,1号艇_4コース_3着率,1号艇_4コース_平均ST,1号艇_4コース_ST順,1号艇_5コース_進入率,1号艇_5コース_1着率,1号艇_5コース_2着率,1号艇_5コース_3着率,1号艇_5コース_平均ST,1号艇_5コース_ST順,1号艇_6コース_進入率,1号艇_6コース_1着率,1号艇_6コース_2着率,1号艇_6コース_3着率,1号艇_6コース_平均ST,1号艇_6コース_ST順,2号艇_1コース_進入率,2号艇_1コース_1着率,2号艇_1コース_2着率,2号艇_1コース_3着率,2号艇_1コース_平均ST,2号艇_1コース_ST順,2号艇_2コース_進入率,2号艇_2コース_1着率,2号艇_2コース_2着率,2号艇_2コース_3着率,2号艇_2コース_平均ST,2号艇_2コース_ST順,2号艇_3コース_進入率,2号艇_3コース_1着率,2号艇_3コース_2着率,2号艇_3コース_3着率,2号艇_3コース_平均ST,2号艇_3コース_ST順,2号艇_4コース_進入率,2号艇_4コース_1着率,2号艇_4コース_2着率,2号艇_4コース_3着率,2号艇_4コース_平均ST,2号艇_4コース_ST順,2号艇_5コース_進入率,2号艇_5コース_1着率,2号艇_5コース_2着率,2号艇_5コース_3着率,2号艇_5コース_平均ST,2号艇_5コース_ST順,2号艇_6コース_進入率,2号艇_6コース_1着率,2号艇_6コース_2着率,2号艇_6コース_3着率,2号艇_6コース_平均ST,2号艇_6コース_ST順,3号艇_1コース_進入率,3号艇_1コース_1着率,3号艇_1コース_2着率,3号艇_1コース_3着率,3号艇_1コース_平均ST,3号艇_1コース_ST順,3号艇_2コース_進入率,3号艇_2コース_1着率,3号艇_2コース_2着率,3号艇_2コース_3着率,3号艇_2コース_平均ST,3号艇_2コース_ST順,3号艇_3コース_進入率,3号艇_3コース_1着率,3号艇_3コース_2着率,3号艇_3コース_3着率,3号艇_3コース_平均ST,3号艇_3コース_ST順,3号艇_4コース_進入率,3号艇_4コース_1着率,3号艇_4コース_2着率,3号艇_4コース_3着率,3号艇_4コース_平均ST,3号艇_4コース_ST順,3号艇_5コース_進入率,3号艇_5コース_1着率,3号艇_5コース_2着率,3号艇_5コース_3着率,3号艇_5コース_平均ST,3号艇_5コース_ST順,3号艇_6コース_進入率,3号艇_6コース_1着率,3号艇_6コース_2着率,3号艇_6コース_3着率,3号艇_6コース_平均ST,3号艇_6コース_ST順,4号艇_1コース_進入率,4号艇_1コース_1着率,4号艇_1コース_2着率,4号艇_1コース_3着率,4号艇_1コース_平均ST,4号艇_1コース_ST順,4号艇_2コース_進入率,4号艇_2コース_1着率,4号艇_2コース_2着率,4号艇_2コース_3着率,4号艇_2コース_平均ST,4号艇_2コース_ST順,4号艇_3コース_進入率,4号艇_3コース_1着率,4号艇_3コース_2着率,4号艇_3コース_3着率,4号艇_3コース_平均ST,4号艇_3コース_ST順,4号艇_4コース_進入率,4号艇_4コース_1着率,4号艇_4コース_2着率,4号艇_4コース_3着率,4号艇_4コース_平均ST,4号艇_4コース_ST順,4号艇_5コース_進入率,4号艇_5コース_1着率,4号艇_5コース_2着率,4号艇_5コース_3着率,4号艇_5コース_平均ST,4号艇_5コース_ST順,4号艇_6コース_進入率,4号艇_6コース_1着率,4号艇_6コース_2着率,4号艇_6コース_3着率,4号艇_6コース_平均ST,4号艇_6コース_ST順,5号艇_1コース_進入率,5号艇_1コース_1着率,5号艇_1コース_2着率,5号艇_1コース_3着率,5号艇_1コース_平均ST,5号艇_1コース_ST順,5号艇_2コース_進入率,5号艇_2コース_1着率,5号艇_2コース_2着率,5号艇_2コース_3着率,5号艇_2コース_平均ST,5号艇_2コース_ST順,5号艇_3コース_進入率,5号艇_3コース_1着率,5号艇_3コース_2着率,5号艇_3コース_3着率,5号艇_3コース_平均ST,5号艇_3コース_ST順,5号艇_4コース_進入率,5号艇_4コース_1着率,5号艇_4コース_2着率,5号艇_4コース_3着率,5号艇_4コース_平均ST,5号艇_4コース_ST順,5号艇_5コース_進入率,5号艇_5コース_1着率,5号艇_5コース_2着率,5号艇_5コース_3着率,5号艇_5コース_平均ST,5号艇_5コース_ST順,5号艇_6コース_進入率,5号艇_6コース_1着率,5号艇_6コース_2着率,5号艇_6コース_3着率,5号艇_6コース_平均ST,5号艇_6コース_ST順,6号艇_1コース_進入率,6号艇_1コース_1着率,6号艇_1コース_2着率,6号艇_1コース_3着率,6号艇_1コース_平均ST,6号艇_1コース_ST順,6号艇_2コース_進入率,6号艇_2コース_1着率,6号艇_2コース_2着率,6号艇_2コース_3着率,6号艇_2コース_平均ST,6号艇_2コース_ST順,6号艇_3コース_進入率,6号艇_3コース_1着率,6号艇_3コース_2着率,6号艇_3コース_3着率,6号艇_3コース_平均ST,6号艇_3コース_ST順,6号艇_4コース_進入率,6号艇_4コース_1着率,6号艇_4コース_2着率,6号艇_4コース_3着率,6号艇_4コース_平均ST,6号艇_4コース_ST順,6号艇_5コース_進入率,6号艇_5コース_1着率,6号艇_5コース_2着率,6号艇_5コース_3着率,6号艇_5コース_平均ST,6号艇_5コース_ST順,6号艇_6コース_進入率,6号艇_6コース_1着率,6号艇_6コース_2着率,6号艇_6コース_3着率,6号艇_6コース_平均ST,6号艇_6コース_ST順
20260821,24,1,1800,4515,A2,佐賀,40.0,55.0,5.78,36.15,6.64,48.94,17,40.0,40,30.23,4527,B1,愛知,38.0,52.0,4.4,24.14,4.5,23.08,31,36.0,55,45.61,4315,B1,長崎,42.0,54.0,5.19,32.67,5.89,42.62,38,42.86,80,23.81,3542,B1,愛知,57.0,56.0,4.13,20.59,0.0,0.0,13,36.84,75,34.48,4892,B1,福岡,36.0,53.0,4.88,29.36,5.21,32.14,76,28.3,48,37.93,4506,A1,福岡,38.0,53.0,6.09,45.92,7.33,66.67,26,33.33,44,23.81,20.3,82.1,10.7,0.0,0.15,2.6,18.1,12.0,36.0,24.0,0.16,3.4,14.5,10.0,15.0,55.0,0.18,3.6,17.4,4.2,29.2,8.3,0.16,3.3,13.8,15.8,10.5,21.1,0.17,3.2,15.9,4.5,31.8,0.0,0.2,4.5,14.1,41.7,8.3,0.0,0.14,2.3,21.2,5.6,16.7,33.3,0.15,3.2,15.3,7.7,23.1,30.8,0.16,3.4,21.2,5.6,11.1,22.2,0.17,3.3,17.6,6.7,0.0,0.0,0.22,4.4,10.6,0.0,0.0,0.0,0.23,5.0,12.5,66.7,0.0,0.0,0.18,3.7,15.6,13.3,6.7,6.7,0.2,4.6,21.9,19.0,23.8,23.8,0.17,3.5,16.7,12.5,18.8,6.2,0.18,3.1,19.8,5.3,21.1,0.0,0.19,4.1,13.5,7.7,0.0,0.0,0.18,4.2,14.9,30.8,15.4,15.4,0.2,3.1,65.5,5.3,12.3,8.8,0.19,3.6,16.1,14.3,21.4,0.0,0.19,3.9,2.3,0.0,0.0,0.0,0.17,4.5,1.1,0.0,0.0,0.0,0.22,4.0,0.0,0.0,0.0,0.0,0.0,0.0,12.9,54.5,9.1,9.1,0.15,3.0,22.4,5.3,42.1,5.3,0.17,3.2,14.1,25.0,16.7,16.7,0.16,2.5,14.1,25.0,33.3,0.0,0.2,3.6,18.8,6.2,6.2,12.5,0.2,3.9,17.6,6.7,0.0,0.0,0.25,4.6,18.5,65.0,15.0,5.0,0.14,2.0,16.7,27.8,44.4,11.1,0.13,2.4,14.8,25.0,25.0,12.5,0.15,2.7,19.4,33.3,28.6,19.0,0.13,2.0,17.6,21.1,21.1,15.8,0.12,1.7,13.0,7.1,28.6,28.6,0.14,2.1
20260821,24,2,1800,3340,B1,東京,61.0,55.0,4.13,22.45,2.83,0.0,49,33.33,63,29.55,5190,B1,東京,25.0,51.0,3.89,14.94,4.44,22.22,37,42.11,22,9.3,4735,B1,兵庫,35.0,56.0,4.82,27.66,3.23,12.9,27,30.77,86,25.0,3747,A2,福岡,51.0,53.0,5.49,34.74,6.71,42.86,41,50.85,19,22.22,4932,A1,福岡,30.0,52.0,7.46,54.05,7.14,50.0,45,45.0,35,32.0,4487,B1,福岡,40.0,52.0,4.76,23.33,5.33,37.5,35,18.0,53,24.39,15.1,43.8,6.2,12.5,0.17,3.7,19.8,9.5,14.3,14.3,0.17,3.2,17.0,16.7,16.7,11.1,0.17,2.6,17.0,5.6,22.2,16.7,0.21,3.2,18.9,15.0,10.0,10.0,0.2,4.2,12.3,15.4,0.0,0.0,0.19,3.4,9.5,55.6,22.2,11.1,0.16,2.6,20.0,5.3,26.3,36.8,0.18,3.6,21.1,5.0,45.0,0.0,0.17,2.7,14.7,21.4,14.3,0.0,0.19,3.4,21.1,10.0,5.0,0.0,0.19,3.5,13.7,7.7,0.0,0.0,0.15,3.6,15.5,53.3,20.0,6.7,0.17,3.1,18.6,5.6,22.2,5.6,0.13,2.8,16.5,6.2,18.8,6.2,0.15,2.8,15.5,6.7,26.7,13.3,0.12,2.5,19.6,5.3,5.3,15.8,0.2,3.7,14.4,7.1,14.3,0.0,0.19,3.9,13.1,69.2,7.7,23.1,0.17,3.2,20.2,15.0,25.0,25.0,0.18,3.7,17.2,5.9,41.2,23.5,0.15,3.0,18.2,16.7,16.7,11.1,0.17,3.1,15.2,6.7,33.3,0.0,0.14,3.0,16.2,18.8,25.0,0.0,0.15,3.2,21.1,81.5,11.1,0.0,0.13,2.6,15.6,30.0,25.0,35.0,0.16,3.7,14.1,33.3,22.2,27.8,0.14,3.2,16.4,9.5,33.3,28.6,0.14,3.0,16.4,4.8,33.3,33.3,0.16,3.9,16.4,4.8,14.3,23.8,0.17,4.4,11.9,41.7,25.0,8.3,0.15,3.3,14.9,20.0,6.7,6.7,0.19,3.9,25.7,7.7,26.9,15.4,0.19,4.0,19.8,10.0,10.0,0.0,0.19,3.8,17.8,5.6,22.2,0.0,0.17,4.1,9.9,10.0,30.0,0.0,0.21,4.3
20260821,24,3,1800,4100,B1,福岡,47.0,53.0,4.71,28.28,5.43,35.71,30,18.87,81,42.86,5126,A1,兵庫,29.0,51.0,6.94,51.82,7.78,77.78,68,28.3,28,30.0,5160,A2,福岡,27.0,54.0,5.85,39.69,5.06,34.38,77,28.3,79,27.12,4176,B2,兵庫,43.0,55.0,3.41,17.65,4.67,22.22,50,22.0,41,21.62,4615,B1,東京,46.0,54.0,4.62,25.0,4.21,10.71,47,41.51,14,41.07,4143,B1,佐賀,45.0,55.0,3.97,19.1,3.24,12.0,71,18.52,23,25.53,13.0,53.8,7.7,23.1,0.19,3.1,20.0,5.0,25.0,25.0,0.15,2.7,20.0,5.0,25.0,20.0,0.14,3.2,19.0,26.3,26.3,10.5,0.14,2.9,17.0,5.9,17.6,11.8,0.18,3.7,11.0,0.0,0.0,0.0,0.21,3.5,22.0,70.8,12.5,0.0,0.14,3.3,14.7,6.2,31.2,31.2,0.15,3.4,17.4,36.8,26.3,10.5,0.15,2.7,16.5,27.8,33.3,11.1,0.14,3.0,13.8,13.3,26.7,0.0,0.19,3.5,15.6,17.6,17.6,0.0,0.16,3.5,15.7,59.1,22.7,4.5,0.16,2.2,20.0,14.3,17.9,14.3,0.15,3.4,17.1,20.8,20.8,33.3,0.15,3.5,15.0,14.3,28.6,19.0,0.12,2.8,15.7,4.5,22.7,31.8,0.14,3.2,16.4,4.3,4.3,0.0,0.17,4.0,8.3,25.0,0.0,0.0,0.19,3.5,22.9,9.1,18.2,0.0,0.19,3.5,10.4,20.0,0.0,0.0,0.14,3.2,22.9,9.1,18.2,0.0,0.21,4.1,25.0,8.3,25.0,0.0,0.19,3.8,10.4,0.0,0.0,0.0,0.11,2.8,14.0,33.3,25.0,16.7,0.18,3.4,18.6,18.8,18.8,0.0,0.15,3.0,18.6,12.5,12.5,0.0,0.17,3.4,14.0,16.7,25.0,0.0,0.17,3.7,22.1,21.1,10.5,0.0,0.21,4.3,12.8,9.1,0.0,0.0,0.26,4.9,11.4,44.4,22.2,11.1,0.12,3.0,21.5,5.9,35.3,0.0,0.17,3.2,15.2,8.3,25.0,33.3,0.15,2.6,20.3,12.5,12.5,0.0,0.13,2.4,19.0,6.7,13.3,0.0,0.19,3.9,12.7,10.0,10.0,0.0,0.19,3.9
20260821,24,4,1800,4040,A2,兵庫,47.0,57.0,5.78,37.5,5.63,35.59,52,39.66,12,36.21,5351,B1,福岡,22.0,52.0,5.06,35.51,3.78,21.88,12,23.21,16,23.26,4584,A1,岡山,36.0,52.0,6.38,41.75,7.53,66.67,20,48.28,72,28.57,4381,A2,兵庫,41.0,52.0,5.38,37.08,5.5,28.57,25,33.33,30,13.51,4879,B1,佐賀,31.0,53.0,4.99,31.11,4.86,40.48,64,22.0,70,39.22,4665,B1,愛知,42.0,52.0,4.23,18.75,4.05,15.0,67,19.23,13,21.43,19.1,65.4,11.5,7.7,0.16,2.8,19.9,3.7,44.4,11.1,0.14,2.9,15.4,14.3,33.3,4.8,0.15,2.7,16.9,34.8,8.7,26.1,0.15,3.3,10.3,21.4,7.1,35.7,0.14,3.1,18.4,8.0,12.0,0.0,0.13,2.7,13.7,57.1,14.3,0.0,0.15,3.4,23.5,4.2,25.0,8.3,0.17,3.2,13.7,7.1,14.3,7.1,0.17,3.0,14.7,6.7,13.3,0.0,0.12,2.4,18.6,5.3,5.3,26.3,0.15,3.0,15.7,6.2,25.0,0.0,0.18,3.8,23.9,57.7,23.1,7.7,0.1,2.0,13.8,13.3,33.3,20.0,0.14,2.7,11.9,30.8,38.5,0.0,0.12,2.1,16.5,5.6,22.2,38.9,0.1,2.8,19.3,4.8,28.6,28.6,0.12,2.2,14.7,25.0,25.0,0.0,0.12,2.4,19.5,56.5,17.4,8.7,0.18,3.6,15.3,11.1,33.3,16.7,0.18,3.1,18.6,18.2,27.3,31.8,0.18,3.6,15.3,22.2,16.7,11.1,0.16,2.9,20.3,4.2,8.3,20.8,0.17,3.0,11.0,7.7,0.0,0.0,0.17,3.6,14.5,45.5,27.3,0.0,0.15,2.7,15.8,8.3,25.0,16.7,0.23,4.4,15.8,16.7,25.0,8.3,0.14,3.2,17.1,38.5,7.7,0.0,0.17,3.2,15.8,25.0,0.0,0.0,0.15,3.6,21.1,12.5,12.5,0.0,0.18,4.1,11.8,41.7,16.7,0.0,0.15,3.1,14.7,33.3,0.0,0.0,0.16,3.5,23.5,4.2,12.5,25.0,0.18,4.0,20.6,4.8,9.5,14.3,0.19,3.3,18.6,5.3,15.8,0.0,0.17,3.5,10.8,9.1,18.2,0.0,0.18,4.5
20260821,24,5,1800,4603,B1,長崎,38.0,54.0,5.93,44.32,5.63,37.71,55,37.93,33,27.91,5102,B1,福岡,28.0,51.0,5.33,32.71,6.57,52.38,60,23.08,52,12.5,5007,B1,東京,29.0,52.0,4.69,23.53,4.48,24.0,21,20.75,68,29.55,4736,A1,福岡,35.0,53.0,7.22,58.21,5.94,41.18,75,29.63,62,44.26,5096,A2,東京,31.0,53.0,6.24,38.6,5.71,28.57,70,42.86,15,28.85,3315,B1,愛知,60.0,53.0,4.4,23.53,5.42,34.62,46,32.14,74,30.0,13.5,64.3,14.3,14.3,0.16,2.4,17.3,11.1,22.2,11.1,0.15,2.8,18.3,36.8,10.5,0.0,0.13,2.2,17.3,5.6,11.1,38.9,0.15,2.8,19.2,5.0,10.0,5.0,0.17,2.9,14.4,6.7,20.0,0.0,0.17,3.7,12.4,54.5,9.1,0.0,0.13,1.8,19.1,23.5,5.9,0.0,0.2,4.6,19.1,23.5,23.5,11.8,0.16,3.5,15.7,14.3,14.3,0.0,0.23,4.5,19.1,11.8,11.8,17.6,0.24,4.6,14.6,7.7,7.7,0.0,0.24,4.8,15.6,41.2,35.3,11.8,0.16,2.9,17.4,5.3,26.3,26.3,0.16,2.5,15.6,11.8,5.9,17.6,0.16,2.9,18.3,5.0,25.0,15.0,0.16,2.5,19.3,23.8,23.8,0.0,0.2,3.2,13.8,20.0,0.0,0.0,0.25,4.9,21.9,60.0,28.0,4.0,0.13,2.0,14.9,23.5,35.3,17.6,0.14,2.5,14.9,5.9,64.7,17.6,0.13,2.5,15.8,5.6,38.9,27.8,0.15,2.8,15.8,5.6,38.9,5.6,0.12,2.2,16.7,10.5,21.1,0.0,0.16,3.3,15.9,61.1,11.1,16.7,0.16,2.8,16.8,5.3,21.1,10.5,0.16,3.8,18.6,19.0,19.0,23.8,0.13,2.4,15.0,5.9,5.9,29.4,0.17,3.1,17.7,15.0,35.0,10.0,0.16,2.8,15.9,16.7,11.1,0.0,0.16,3.8,14.7,18.2,18.2,27.3,0.11,2.6,16.0,16.7,25.0,0.0,0.18,3.8,18.7,35.7,21.4,0.0,0.15,2.9,21.3,6.2,12.5,18.8,0.17,3.4,14.7,9.1,27.3,0.0,0.17,4.0,14.7,18.2,18.2,0.0,0.2,3.9
20260821,24,6,1800,3458,B1,岡山,59.0,54.0,3.77,13.95,3.03,2.7,15,15.38,18,27.27,4697,B1,福岡,40.0,50.0,4.09,18.37,3.25,12.5,80,26.79,84,27.5,4630,A2,愛知,39.0,53.0,5.77,36.0,4.94,32.65,53,38.18,83,24.32,3612,A1,兵庫,53.0,54.0,6.75,54.35,5.25,33.33,73,22.64,65,28.21,5398,B1,福岡,24.0,53.0,4.24,22.52,6.0,55.56,18,24.53,26,29.27,3542,B1,愛知,57.0,56.0,4.13,20.59,0.0,0.0,13,36.84,75,34.48,13.0,40.0,20.0,10.0,0.17,2.6,19.5,20.0,20.0,26.7,0.12,2.7,23.4,11.1,5.6,22.2,0.14,2.8,13.0,20.0,0.0,0.0,0.2,4.3,18.2,7.1,0.0,0.0,0.17,3.1,13.0,0.0,0.0,0.0,0.21,4.1,14.9,30.8,7.7,7.7,0.15,3.2,19.5,17.6,17.6,0.0,0.16,3.1,16.1,7.1,35.7,14.3,0.16,3.1,18.4,6.2,6.2,0.0,0.18,3.9,18.4,18.8,12.5,0.0,0.17,4.1,12.6,9.1,9.1,0.0,0.19,4.7,21.1,60.9,17.4,17.4,0.18,4.0,13.8,20.0,26.7,20.0,0.17,3.8,16.5,11.1,16.7,38.9,0.2,3.4,15.6,5.9,23.5,29.4,0.18,3.6,14.7,18.8,25.0,0.0,0.19,4.1,18.3,10.0,15.0,0.0,0.2,4.8,25.2,52.9,20.6,5.9,0.14,2.5,23.0,3.2,35.5,32.3,0.17,3.3,20.0,11.1,55.6,14.8,0.14,2.9,19.3,11.5,26.9,23.1,0.12,2.6,9.6,23.1,7.7,0.0,0.14,3.3,3.0,0.0,0.0,0.0,0.17,4.8,3.2,33.3,33.3,0.0,0.13,1.3,8.5,12.5,12.5,0.0,0.17,3.1,5.3,20.0,0.0,0.0,0.16,2.7,21.3,10.0,10.0,0.0,0.19,3.2,25.5,8.3,16.7,0.0,0.17,3.3,36.2,2.9,5.9,0.0,0.22,4.2,14.9,30.8,15.4,15.4,0.2,3.1,65.5,5.3,12.3,8.8,0.19,3.6,16.1,14.3,21.4,0.0,0.19,3.9,2.3,0.0,0.0,0.0,0.17,4.5,1.1,0.0,0.0,0.0,0.22,4.0,0.0,0.0,0.0,0.0,0.0,0.0
20260821,24,7,1800,4174,A1,長崎,43.0,51.0,6.41,42.86,6.39,43.39,16,46.67,21,29.55,4735,B1,兵庫,35.0,56.0,4.82,27.66,3.23,12.9,27,30.77,86,25.0,4527,B1,愛知,38.0,52.0,4.4,24.14,4.5,23.08,31,36.0,55,45.61,5232,B1,愛知,29.0,52.0,5.28,31.0,4.06,16.67,51,18.87,61,14.63,5124,B1,佐賀,30.0,53.0,4.3,23.08,4.15,19.23,54,42.11,58,26.83,3569,B1,東京,55.0,55.0,3.96,17.53,4.0,11.54,11,11.32,36,33.33,24.1,67.6,5.9,11.8,0.16,3.0,14.2,5.0,30.0,40.0,0.15,2.8,19.1,11.1,18.5,33.3,0.14,3.1,17.0,16.7,20.8,25.0,0.15,3.2,22.0,6.5,19.4,19.4,0.15,3.5,3.5,20.0,20.0,20.0,0.15,3.4,15.5,53.3,20.0,6.7,0.17,3.1,18.6,5.6,22.2,5.6,0.13,2.8,16.5,6.2,18.8,6.2,0.15,2.8,15.5,6.7,26.7,13.3,0.12,2.5,19.6,5.3,5.3,15.8,0.2,3.7,14.4,7.1,14.3,0.0,0.19,3.9,14.1,41.7,8.3,0.0,0.14,2.3,21.2,5.6,16.7,33.3,0.15,3.2,15.3,7.7,23.1,30.8,0.16,3.4,21.2,5.6,11.1,22.2,0.17,3.3,17.6,6.7,0.0,0.0,0.22,4.4,10.6,0.0,0.0,0.0,0.23,5.0,14.3,50.0,25.0,0.0,0.14,3.8,19.0,6.2,18.8,18.8,0.18,4.3,16.7,35.7,14.3,0.0,0.18,3.4,15.5,15.4,7.7,0.0,0.14,2.8,21.4,11.1,16.7,11.1,0.15,3.1,13.1,18.2,0.0,0.0,0.19,4.6,10.0,25.0,12.5,12.5,0.23,4.1,21.2,11.8,23.5,0.0,0.18,3.4,13.8,18.2,9.1,0.0,0.17,4.3,20.0,6.2,12.5,31.2,0.16,3.1,22.5,5.6,5.6,27.8,0.15,2.4,12.5,10.0,0.0,0.0,0.18,3.6,14.0,13.3,46.7,0.0,0.16,3.0,18.7,10.0,10.0,15.0,0.18,3.4,18.7,5.0,20.0,0.0,0.18,3.7,15.0,18.8,0.0,0.0,0.18,3.8,22.4,12.5,12.5,0.0,0.19,3.8,11.2,8.3,0.0,0.0,0.22,5.5
20260821,24,8,1800,4077,A2,東京,47.0,53.0,5.37,30.09,4.11,20.0,44,52.46,29,34.69,4725,B1,兵庫,39.0,53.0,4.89,23.3,5.39,32.26,66,23.64,45,25.0,4615,B1,東京,46.0,54.0,4.62,25.0,4.21,10.71,47,41.51,14,41.07,3340,B1,東京,61.0,55.0,4.13,22.45,2.83,0.0,49,33.33,63,29.55,4315,B1,長崎,42.0,54.0,5.19,32.67,5.89,42.62,38,42.86,80,23.81,5126,A1,兵庫,29.0,51.0,6.94,51.82,7.78,77.78,68,28.3,28,30.0,13.8,62.5,12.5,12.5,0.16,3.2,21.6,32.0,12.0,28.0,0.17,3.2,17.2,20.0,20.0,20.0,0.16,3.0,13.8,12.5,18.8,25.0,0.17,3.6,19.0,4.5,9.1,13.6,0.19,4.3,14.7,23.5,0.0,0.0,0.19,4.6,15.2,56.2,18.8,0.0,0.15,3.2,17.1,5.6,50.0,22.2,0.16,3.9,18.1,15.8,10.5,0.0,0.22,4.5,15.2,25.0,12.5,12.5,0.18,4.1,19.0,5.0,15.0,20.0,0.16,3.4,15.2,6.2,12.5,0.0,0.2,3.9,14.0,33.3,25.0,16.7,0.18,3.4,18.6,18.8,18.8,0.0,0.15,3.0,18.6,12.5,12.5,0.0,0.17,3.4,14.0,16.7,25.0,0.0,0.17,3.7,22.1,21.1,10.5,0.0,0.21,4.3,12.8,9.1,0.0,0.0,0.26,4.9,15.1,43.8,6.2,12.5,0.17,3.7,19.8,9.5,14.3,14.3,0.17,3.2,17.0,16.7,16.7,11.1,0.17,2.6,17.0,5.6,22.2,16.7,0.21,3.2,18.9,15.0,10.0,10.0,0.2,4.2,12.3,15.4,0.0,0.0,0.19,3.4,12.5,66.7,0.0,0.0,0.18,3.7,15.6,13.3,6.7,6.7,0.2,4.6,21.9,19.0,23.8,23.8,0.17,3.5,16.7,12.5,18.8,6.2,0.18,3.1,19.8,5.3,21.1,0.0,0.19,4.1,13.5,7.7,0.0,0.0,0.18,4.2,22.0,70.8,12.5,0.0,0.14,3.3,14.7,6.2,31.2,31.2,0.15,3.4,17.4,36.8,26.3,10.5,0.15,2.7,16.5,27.8,33.3,11.1,0.14,3.0,13.8,13.3,26.7,0.0,0.19,3.5,15.6,17.6,17.6,0.0,0.16,3.5
20260821,24,9,1800,4176,B2,兵庫,43.0,55.0,3.41,17.65,4.67,22.22,50,22.0,41,21.62,4892,B1,福岡,36.0,53.0,4.88,29.36,5.21,32.14,76,28.3,48,37.93,4932,A1,福岡,30.0,52.0,7.46,54.05,7.14,50.0,45,45.0,35,32.0,5351,B1,福岡,22.0,52.0,5.06,35.51,3.78,21.88,12,23.21,16,23.26,5169,B2,愛知,25.0,51.0,3.46,10.0,0.0,0.0,59,50.0,27,34.55,4526,A2,愛知,38.0,51.0,4.96,26.47,6.05,47.37,72,14.0,20,43.86,8.3,25.0,0.0,0.0,0.19,3.5,22.9,9.1,18.2,0.0,0.19,3.5,10.4,20.0,0.0,0.0,0.14,3.2,22.9,9.1,18.2,0.0,0.21,4.1,25.0,8.3,25.0,0.0,0.19,3.8,10.4,0.0,0.0,0.0,0.11,2.8,12.9,54.5,9.1,9.1,0.15,3.0,22.4,5.3,42.1,5.3,0.17,3.2,14.1,25.0,16.7,16.7,0.16,2.5,14.1,25.0,33.3,0.0,0.2,3.6,18.8,6.2,6.2,12.5,0.2,3.9,17.6,6.7,0.0,0.0,0.25,4.6,21.1,81.5,11.1,0.0,0.13,2.6,15.6,30.0,25.0,35.0,0.16,3.7,14.1,33.3,22.2,27.8,0.14,3.2,16.4,9.5,33.3,28.6,0.14,3.0,16.4,4.8,33.3,33.3,0.16,3.9,16.4,4.8,14.3,23.8,0.17,4.4,13.7,57.1,14.3,0.0,0.15,3.4,23.5,4.2,25.0,8.3,0.17,3.2,13.7,7.1,14.3,7.1,0.17,3.0,14.7,6.7,13.3,0.0,0.12,2.4,18.6,5.3,5.3,26.3,0.15,3.0,15.7,6.2,25.0,0.0,0.18,3.8,10.3,50.0,0.0,0.0,0.21,5.0,15.4,16.7,0.0,0.0,0.17,4.5,15.4,16.7,0.0,0.0,0.21,4.5,15.4,33.3,0.0,0.0,0.21,4.8,20.5,25.0,0.0,0.0,0.19,3.7,23.1,11.1,0.0,0.0,0.18,3.1,16.7,70.6,17.6,0.0,0.14,2.4,15.7,31.2,31.2,0.0,0.15,2.9,15.7,25.0,18.8,12.5,0.16,2.4,15.7,18.8,25.0,6.2,0.14,2.5,21.6,9.1,9.1,18.2,0.14,2.5,14.7,6.7,20.0,0.0,0.17,2.7
20260821,24,10,1800,4584,A1,岡山,36.0,52.0,6.38,41.75,7.53,66.67,20,48.28,72,28.57,4633,A2,兵庫,37.0,52.0,5.39,31.62,5.71,33.33,22,25.93,78,21.43,5102,B1,福岡,28.0,51.0,5.33,32.71,6.57,52.38,60,23.08,52,12.5,4100,B1,福岡,47.0,53.0,4.71,28.28,5.43,35.71,30,18.87,81,42.86,5190,B1,東京,25.0,51.0,3.89,14.94,4.44,22.22,37,42.11,22,9.3,4363,A2,福岡,41.0,53.0,5.23,31.67,5.54,32.43,24,45.45,39,32.76,23.9,57.7,23.1,7.7,0.1,2.0,13.8,13.3,33.3,20.0,0.14,2.7,11.9,30.8,38.5,0.0,0.12,2.1,16.5,5.6,22.2,38.9,0.1,2.8,19.3,4.8,28.6,28.6,0.12,2.2,14.7,25.0,25.0,0.0,0.12,2.4,19.8,58.3,20.8,8.3,0.13,2.6,14.0,17.6,11.8,35.3,0.15,3.9,19.0,13.0,39.1,13.0,0.15,3.2,19.0,4.3,17.4,30.4,0.19,4.4,12.4,6.7,6.7,26.7,0.2,4.9,15.7,5.3,10.5,0.0,0.24,5.4,12.4,54.5,9.1,0.0,0.13,1.8,19.1,23.5,5.9,0.0,0.2,4.6,19.1,23.5,23.5,11.8,0.16,3.5,15.7,14.3,14.3,0.0,0.23,4.5,19.1,11.8,11.8,17.6,0.24,4.6,14.6,7.7,7.7,0.0,0.24,4.8,13.0,53.8,7.7,23.1,0.19,3.1,20.0,5.0,25.0,25.0,0.15,2.7,20.0,5.0,25.0,20.0,0.14,3.2,19.0,26.3,26.3,10.5,0.14,2.9,17.0,5.9,17.6,11.8,0.18,3.7,11.0,0.0,0.0,0.0,0.21,3.5,9.5,55.6,22.2,11.1,0.16,2.6,20.0,5.3,26.3,36.8,0.18,3.6,21.1,5.0,45.0,0.0,0.17,2.7,14.7,21.4,14.3,0.0,0.19,3.4,21.1,10.0,5.0,0.0,0.19,3.5,13.7,7.7,0.0,0.0,0.15,3.6,18.3,65.4,15.4,7.7,0.16,2.5,17.6,16.0,44.0,8.0,0.16,3.0,16.9,8.3,37.5,25.0,0.15,2.8,14.8,4.8,14.3,38.1,0.18,3.6,17.6,24.0,12.0,0.0,0.19,3.8,14.8,33.3,0.0,0.0,0.17,3.5
20260821,24,11,1800,3612,A1,兵庫,53.0,54.0,6.75,54.35,5.25,33.33,73,22.64,65,28.21,4506,A1,福岡,38.0,53.0,6.09,45.92,7.33,66.67,26,33.33,44,23.81,5096,A2,東京,31.0,53.0,6.24,38.6,5.71,28.57,70,42.86,15,28.85,4515,A2,佐賀,40.0,55.0,5.78,36.15,6.64,48.94,17,40.0,40,30.23,4697,B1,福岡,40.0,50.0,4.09,18.37,3.25,12.5,80,26.79,84,27.5,4381,A2,兵庫,41.0,52.0,5.38,37.08,5.5,28.57,25,33.33,30,13.51,25.2,52.9,20.6,5.9,0.14,2.5,23.0,3.2,35.5,32.3,0.17,3.3,20.0,11.1,55.6,14.8,0.14,2.9,19.3,11.5,26.9,23.1,0.12,2.6,9.6,23.1,7.7,0.0,0.14,3.3,3.0,0.0,0.0,0.0,0.17,4.8,18.5,65.0,15.0,5.0,0.14,2.0,16.7,27.8,44.4,11.1,0.13,2.4,14.8,25.0,25.0,12.5,0.15,2.7,19.4,33.3,28.6,19.0,0.13,2.0,17.6,21.1,21.1,15.8,0.12,1.7,13.0,7.1,28.6,28.6,0.14,2.1,15.9,61.1,11.1,16.7,0.16,2.8,16.8,5.3,21.1,10.5,0.16,3.8,18.6,19.0,19.0,23.8,0.13,2.4,15.0,5.9,5.9,29.4,0.17,3.1,17.7,15.0,35.0,10.0,0.16,2.8,15.9,16.7,11.1,0.0,0.16,3.8,20.3,82.1,10.7,0.0,0.15,2.6,18.1,12.0,36.0,24.0,0.16,3.4,14.5,10.0,15.0,55.0,0.18,3.6,17.4,4.2,29.2,8.3,0.16,3.3,13.8,15.8,10.5,21.1,0.17,3.2,15.9,4.5,31.8,0.0,0.2,4.5,14.9,30.8,7.7,7.7,0.15,3.2,19.5,17.6,17.6,0.0,0.16,3.1,16.1,7.1,35.7,14.3,0.16,3.1,18.4,6.2,6.2,0.0,0.18,3.9,18.4,18.8,12.5,0.0,0.17,4.1,12.6,9.1,9.1,0.0,0.19,4.7,19.5,56.5,17.4,8.7,0.18,3.6,15.3,11.1,33.3,16.7,0.18,3.1,18.6,18.2,27.3,31.8,0.18,3.6,15.3,22.2,16.7,11.1,0.16,2.9,20.3,4.2,8.3,20.8,0.17,3.0,11.0,7.7,0.0,0.0,0.17,3.6
20260821,24,12,1800,4736,A1,福岡,35.0,53.0,7.22,58.21,5.94,41.18,75,29.63,62,44.26,5160,A2,福岡,27.0,54.0,5.85,39.69,5.06,34.38,77,28.3,79,27.12,4174,A1,長崎,43.0,51.0,6.41,42.86,6.39,43.39,16,46.67,21,29.55,4040,A2,兵庫,47.0,57.0,5.78,37.5,5.63,35.59,52,39.66,12,36.21,4630,A2,愛知,39.0,53.0,5.77,36.0,4.94,32.65,53,38.18,83,24.32,3747,A2,福岡,51.0,53.0,5.49,34.74,6.71,42.86,41,50.85,19,22.22,21.9,60.0,28.0,4.0,0.13,2.0,14.9,23.5,35.3,17.6,0.14,2.5,14.9,5.9,64.7,17.6,0.13,2.5,15.8,5.6,38.9,27.8,0.15,2.8,15.8,5.6,38.9,5.6,0.12,2.2,16.7,10.5,21.1,0.0,0.16,3.3,15.7,59.1,22.7,4.5,0.16,2.2,20.0,14.3,17.9,14.3,0.15,3.4,17.1,20.8,20.8,33.3,0.15,3.5,15.0,14.3,28.6,19.0,0.12,2.8,15.7,4.5,22.7,31.8,0.14,3.2,16.4,4.3,4.3,0.0,0.17,4.0,24.1,67.6,5.9,11.8,0.16,3.0,14.2,5.0,30.0,40.0,0.15,2.8,19.1,11.1,18.5,33.3,0.14,3.1,17.0,16.7,20.8,25.0,0.15,3.2,22.0,6.5,19.4,19.4,0.15,3.5,3.5,20.0,20.0,20.0,0.15,3.4,19.1,65.4,11.5,7.7,0.16,2.8,19.9,3.7,44.4,11.1,0.14,2.9,15.4,14.3,33.3,4.8,0.15,2.7,16.9,34.8,8.7,26.1,0.15,3.3,10.3,21.4,7.1,35.7,0.14,3.1,18.4,8.0,12.0,0.0,0.13,2.7,21.1,60.9,17.4,17.4,0.18,4.0,13.8,20.0,26.7,20.0,0.17,3.8,16.5,11.1,16.7,38.9,0.2,3.4,15.6,5.9,23.5,29.4,0.18,3.6,14.7,18.8,25.0,0.0,0.19,4.1,18.3,10.0,15.0,0.0,0.2,4.8,13.1,69.2,7.7,23.1,0.17,3.2,20.2,15.0,25.0,25.0,0.18,3.7,17.2,5.9,41.2,23.5,0.15,3.0,18.2,16.7,16.7,11.1,0.17,3.1,15.2,6.7,33.3,0.0,0.14,3.0,16.2,18.8,25.0,0.0,0.15,3.2
20260821,23,1,1800,4704,A1,徳島,38.0,51.0,6.5,48.18,6.22,42.22,13,34.18,46,20.72,3282,B1,広島,59.0,52.0,4.52,21.9,3.82,10.71,2,37.73,1,39.62,4564,B1,広島,38.0,52.0,4.68,23.21,5.34,28.57,40,40.95,37,35.85,3948,B1,大阪,50.0,53.0,3.68,13.75,4.15,26.47,48,30.37,16,43.75,4952,B1,福岡,32.0,54.0,4.26,20.43,4.0,20.0,8,35.59,58,26.21,4723,B1,東京,40.0,50.0,4.58,30.99,5.46,34.62,32,45.42,26,28.57,18.8,74.1,14.8,3.7,0.14,2.6,18.1,15.4,23.1,11.5,0.14,3.0,17.4,20.0,28.0,16.0,0.12,2.2,16.7,12.5,33.3,25.0,0.14,2.9,13.9,25.0,35.0,0.0,0.15,3.1,15.3,4.5,27.3,13.6,0.14,3.0,15.4,43.8,25.0,0.0,0.17,2.9,21.2,31.8,27.3,0.0,0.19,4.0,18.3,15.8,15.8,0.0,0.18,3.8,19.2,5.0,15.0,0.0,0.18,4.6,15.4,12.5,0.0,0.0,0.22,4.8,10.6,9.1,0.0,0.0,0.29,5.4,15.4,25.0,31.2,25.0,0.18,3.9,12.5,7.7,53.8,7.7,0.19,4.2,21.2,4.5,31.8,18.2,0.18,3.6,20.2,4.8,19.0,23.8,0.19,4.2,18.3,10.5,21.1,0.0,0.22,4.4,12.5,7.7,0.0,0.0,0.19,4.8,12.4,36.4,9.1,18.2,0.12,2.5,19.1,17.6,29.4,0.0,0.21,4.2,19.1,11.8,29.4,17.6,0.17,3.5,15.7,14.3,7.1,0.0,0.2,3.1,18.0,6.2,18.8,6.2,0.17,3.8,15.7,0.0,0.0,0.0,0.23,4.6,10.8,50.0,12.5,12.5,0.16,2.8,20.3,33.3,13.3,0.0,0.18,3.5,18.9,7.1,7.1,28.6,0.15,2.9,17.6,7.7,0.0,0.0,0.22,4.7,20.3,0.0,0.0,0.0,0.2,3.9,12.2,0.0,0.0,0.0,0.2,5.3,12.4,33.3,25.0,0.0,0.19,3.4,12.4,16.7,25.0,8.3,0.19,4.3,11.3,36.4,9.1,0.0,0.2,3.7,12.4,8.3,25.0,25.0,0.14,2.2,16.5,12.5,18.8,0.0,0.18,3.6,35.1,14.7,11.8,2.9,0.16,3.1
20260821,23,2,1800,4148,A2,福岡,44.0,52.0,6.23,40.83,5.52,36.0,29,39.74,45,24.76,3822,A1,岡山,53.0,49.0,6.35,45.13,7.67,61.9,51,21.47,49,30.48,4232,B1,福岡,43.0,57.0,6.08,41.75,4.59,26.47,58,33.63,23,41.96,4803,B1,福岡,32.0,58.0,3.88,19.44,3.11,11.11,16,48.64,50,36.11,3929,B1,愛知,50.0,52.0,4.13,18.18,0.0,0.0,12,35.45,12,38.18,3831,B1,愛知,52.0,54.0,4.24,25.51,5.5,30.0,6,28.41,57,34.65,20.3,57.7,26.9,3.8,0.14,2.8,14.8,21.1,36.8,10.5,0.14,3.5,13.3,11.8,47.1,23.5,0.15,3.1,18.0,4.3,34.8,30.4,0.13,2.5,18.0,4.3,17.4,21.7,0.14,3.8,15.6,5.0,5.0,30.0,0.14,3.6,22.2,68.2,9.1,13.6,0.13,3.2,20.2,40.0,35.0,0.0,0.16,4.1,12.1,25.0,8.3,25.0,0.17,4.1,17.2,11.8,29.4,17.6,0.17,3.4,15.2,6.7,40.0,13.3,0.15,3.1,13.1,7.7,23.1,0.0,0.16,3.9,14.4,40.0,20.0,13.3,0.17,3.1,18.3,15.8,21.1,21.1,0.17,3.5,16.3,23.5,17.6,17.6,0.17,3.5,16.3,35.3,5.9,17.6,0.19,3.2,19.2,15.0,15.0,15.0,0.16,2.6,15.4,6.2,25.0,0.0,0.19,3.7,14.0,16.7,16.7,8.3,0.16,2.0,16.3,14.3,7.1,21.4,0.19,3.5,23.3,10.0,15.0,0.0,0.19,3.5,10.5,22.2,11.1,0.0,0.19,4.1,20.9,16.7,22.2,0.0,0.19,4.1,15.1,15.4,0.0,0.0,0.21,4.8,14.1,30.8,23.1,0.0,0.17,3.1,15.2,14.3,14.3,28.6,0.17,2.3,21.7,10.0,10.0,20.0,0.15,2.4,17.4,6.2,31.2,0.0,0.16,3.3,17.4,12.5,12.5,6.2,0.17,2.5,14.1,7.7,7.7,0.0,0.14,2.7,16.2,37.5,25.0,0.0,0.16,2.9,14.1,7.1,57.1,7.1,0.14,3.6,21.2,14.3,19.0,14.3,0.13,2.6,19.2,5.3,21.1,21.1,0.14,2.4,16.2,12.5,25.0,0.0,0.14,2.9,13.1,7.7,0.0,0.0,0.22,4.4
20260821,23,3,1800,4842,A2,岡山,34.0,55.0,5.89,38.54,6.24,47.06,5,37.56,59,38.32,5105,B1,福岡,27.0,53.0,4.28,22.5,4.5,25.0,55,32.03,25,25.47,4762,A1,岡山,36.0,50.0,7.31,53.28,7.57,57.14,14,32.39,34,23.6,5135,B1,東京,26.0,53.0,5.54,41.89,4.44,11.11,43,33.51,40,27.93,3577,B1,兵庫,53.0,59.0,4.61,21.35,5.24,35.14,24,32.3,54,32.04,5469,B2,佐賀,17.0,55.0,1.6,0.0,1.53,0.0,38,29.85,39,39.05,17.8,65.2,21.7,8.7,0.15,2.2,17.1,22.7,22.7,13.6,0.16,3.2,15.5,15.0,40.0,20.0,0.18,2.5,20.2,7.7,19.2,19.2,0.17,3.0,14.7,10.5,15.8,36.8,0.13,2.7,14.7,5.3,10.5,15.8,0.18,4.1,11.1,50.0,16.7,8.3,0.15,3.3,19.4,4.8,28.6,23.8,0.21,4.2,19.4,9.5,4.8,28.6,0.18,4.0,18.5,5.0,10.0,25.0,0.18,4.2,18.5,5.0,10.0,25.0,0.17,3.7,13.0,0.0,0.0,0.0,0.19,4.0,21.7,76.0,8.0,8.0,0.14,3.0,16.5,15.8,36.8,5.3,0.12,2.5,16.5,15.8,26.3,36.8,0.13,2.4,13.0,13.3,6.7,46.7,0.14,3.2,13.0,26.7,26.7,0.0,0.11,3.1,19.1,9.1,9.1,18.2,0.12,3.0,16.5,50.0,14.3,7.1,0.11,2.1,14.1,16.7,25.0,16.7,0.14,1.9,14.1,16.7,8.3,8.3,0.2,3.2,11.8,10.0,20.0,30.0,0.13,2.1,15.3,7.7,15.4,0.0,0.2,3.9,28.2,8.3,0.0,0.0,0.27,5.4,14.9,45.5,9.1,9.1,0.19,3.3,18.9,14.3,7.1,21.4,0.17,3.3,17.6,15.4,15.4,0.0,0.16,3.1,12.2,22.2,22.2,0.0,0.12,2.7,14.9,18.2,0.0,0.0,0.17,3.2,21.6,18.8,0.0,0.0,0.17,3.3,0.0,0.0,0.0,0.0,0.0,0.0,0.0,0.0,0.0,0.0,0.0,0.0,0.0,0.0,0.0,0.0,0.0,0.0,0.0,0.0,0.0,0.0,0.0,0.0,0.0,0.0,0.0,0.0,0.0,0.0,0.0,0.0,0.0,0.0,0.0,0.0
20260821,23,4,1800,4409,A1,愛知,40.0,56.0,6.4,50.0,5.93,42.86,47,32.88,17,37.84,4293,B1,愛知,41.0,59.0,4.91,27.73,6.14,57.14,25,31.88,43,26.74,4812,A1,徳島,36.0,51.0,7.49,59.76,6.67,51.52,4,46.02,2,41.07,4367,B1,福岡,40.0,53.0,4.4,18.52,5.17,33.33,46,34.7,51,36.28,4905,B1,大阪,31.0,55.0,4.68,25.0,4.31,31.25,28,35.75,10,37.11,4441,A2,岡山,39.0,54.0,5.6,32.8,6.18,41.18,52,31.46,55,39.81,24.6,80.0,6.7,6.7,0.16,3.3,18.0,18.2,40.9,18.2,0.15,2.8,13.1,18.8,31.2,18.8,0.12,2.3,15.6,15.8,31.6,36.8,0.12,2.7,14.8,16.7,27.8,27.8,0.16,2.7,13.9,5.9,11.8,11.8,0.18,3.6,18.6,36.4,31.8,4.5,0.15,3.3,18.6,9.1,31.8,18.2,0.19,4.0,15.3,5.6,27.8,16.7,0.18,3.8,12.7,20.0,0.0,0.0,0.21,4.9,15.3,16.7,0.0,0.0,0.18,4.1,19.5,17.4,0.0,0.0,0.19,4.0,21.5,76.9,3.8,7.7,0.13,2.0,16.5,35.0,35.0,10.0,0.14,2.5,15.7,26.3,21.1,26.3,0.15,3.2,15.7,21.1,15.8,31.6,0.12,2.2,14.9,11.1,38.9,11.1,0.16,2.4,15.7,10.5,36.8,0.0,0.15,3.6,15.1,9.1,27.3,18.2,0.18,3.5,15.1,9.1,36.4,0.0,0.18,4.1,17.8,15.4,38.5,0.0,0.19,3.8,17.8,15.4,0.0,0.0,0.28,5.8,17.8,30.8,0.0,0.0,0.26,4.7,16.4,16.7,0.0,0.0,0.26,5.1,13.8,45.5,27.3,9.1,0.21,3.9,15.0,8.3,16.7,8.3,0.21,4.8,18.8,13.3,6.7,20.0,0.19,4.1,21.2,23.5,5.9,0.0,0.17,4.2,18.8,20.0,0.0,0.0,0.23,4.7,12.5,0.0,0.0,0.0,0.27,5.0,20.6,48.1,29.6,7.4,0.12,2.4,14.5,42.1,26.3,15.8,0.12,2.5,18.3,20.8,20.8,33.3,0.16,2.8,17.6,13.0,47.8,0.0,0.13,3.3,14.5,15.8,10.5,10.5,0.16,2.7,14.5,5.3,10.5,36.8,0.14,3.3
20260821,23,5,1800,5104,A2,福岡,27.0,51.0,5.77,36.67,4.92,23.08,31,36.02,11,30.63,4910,A1,愛知,30.0,52.0,6.97,56.07,7.86,75.0,36,30.43,60,27.03,3948,B1,大阪,50.0,53.0,3.68,13.75,4.15,26.47,48,30.37,16,43.75,5002,A2,愛知,30.0,53.0,5.56,34.82,5.38,37.5,19,34.31,22,26.6,3690,B1,愛知,55.0,52.0,4.77,29.36,5.65,38.46,54,38.35,9,33.0,4375,A2,兵庫,42.0,51.0,5.69,37.29,5.63,42.11,15,40.34,36,25.49,18.8,73.3,13.3,6.7,0.15,2.3,13.8,54.5,9.1,9.1,0.11,2.4,12.5,10.0,40.0,0.0,0.16,2.5,17.5,7.1,28.6,14.3,0.18,3.8,23.8,42.1,0.0,0.0,0.17,3.7,13.8,18.2,0.0,0.0,0.19,3.8,21.2,85.7,4.8,0.0,0.14,1.9,16.2,6.2,43.8,25.0,0.15,3.1,15.2,20.0,40.0,13.3,0.16,2.4,17.2,47.1,5.9,0.0,0.18,3.9,17.2,11.8,23.5,17.6,0.13,2.6,13.1,7.7,15.4,0.0,0.16,4.1,12.4,36.4,9.1,18.2,0.12,2.5,19.1,17.6,29.4,0.0,0.21,4.2,19.1,11.8,29.4,17.6,0.17,3.5,15.7,14.3,7.1,0.0,0.2,3.1,18.0,6.2,18.8,6.2,0.17,3.8,15.7,0.0,0.0,0.0,0.23,4.6,19.8,60.9,21.7,0.0,0.17,3.0,18.1,19.0,33.3,19.0,0.15,3.2,13.8,18.8,25.0,37.5,0.2,2.6,15.5,5.6,22.2,27.8,0.16,3.2,17.2,10.0,5.0,25.0,0.18,3.4,15.5,27.8,0.0,0.0,0.17,3.5,11.8,25.0,33.3,8.3,0.18,3.1,20.6,14.3,28.6,28.6,0.21,4.7,18.6,5.3,26.3,5.3,0.18,4.1,15.7,6.2,25.0,0.0,0.16,3.0,16.7,5.9,11.8,0.0,0.19,4.2,16.7,5.9,17.6,0.0,0.19,3.8,19.8,60.0,28.0,4.0,0.17,3.3,11.9,6.7,33.3,20.0,0.16,3.7,19.8,24.0,40.0,16.0,0.15,2.7,14.3,16.7,22.2,5.6,0.17,3.3,19.0,8.3,12.5,37.5,0.16,3.3,15.1,10.5,26.3,0.0,0.2,4.2
20260821,23,6,1800,3226,B1,東京,61.0,51.0,4.29,18.07,4.92,20.0,9,31.44,7,38.24,4949,A2,佐賀,33.0,49.0,5.85,36.84,5.68,31.79,42,36.89,56,35.51,5273,B1,兵庫,24.0,53.0,3.73,18.27,0.0,0.0,60,33.19,27,26.13,4430,A2,東京,40.0,56.0,5.79,35.0,5.25,37.5,35,39.17,3,33.96,4723,B1,東京,40.0,50.0,4.58,30.99,5.46,34.62,32,45.42,26,28.57,5036,B1,大阪,28.0,52.0,5.3,33.91,5.26,37.04,21,34.74,30,21.3,17.0,46.7,13.3,6.7,0.2,4.5,17.0,40.0,20.0,0.0,0.16,4.0,14.8,23.1,15.4,0.0,0.19,3.7,17.0,13.3,13.3,20.0,0.22,4.5,18.2,18.8,25.0,0.0,0.17,3.6,15.9,7.1,0.0,0.0,0.19,4.1,21.6,63.0,18.5,7.4,0.15,2.8,17.6,9.1,18.2,22.7,0.15,2.7,17.6,13.6,22.7,27.3,0.15,2.9,14.4,11.1,16.7,11.1,0.18,3.7,17.6,4.5,13.6,18.2,0.17,3.9,11.2,7.1,14.3,0.0,0.15,3.9,12.7,38.5,15.4,7.7,0.18,3.8,18.6,10.5,10.5,26.3,0.17,3.7,17.6,16.7,5.6,27.8,0.14,2.7,19.6,5.0,20.0,0.0,0.18,3.9,20.6,9.5,14.3,9.5,0.19,3.8,10.8,0.0,0.0,0.0,0.19,4.4,19.7,44.4,22.2,18.5,0.16,2.6,18.2,20.0,32.0,16.0,0.16,3.2,15.3,33.3,14.3,19.0,0.15,2.8,17.5,8.3,20.8,20.8,0.18,3.4,16.1,22.7,13.6,0.0,0.19,3.3,13.1,16.7,22.2,0.0,0.19,4.1,12.4,33.3,25.0,0.0,0.19,3.4,12.4,16.7,25.0,8.3,0.19,4.3,11.3,36.4,9.1,0.0,0.2,3.7,12.4,8.3,25.0,25.0,0.14,2.2,16.5,12.5,18.8,0.0,0.18,3.6,35.1,14.7,11.8,2.9,0.16,3.1,12.6,46.7,13.3,0.0,0.18,3.8,16.8,5.0,40.0,5.0,0.18,3.6,21.8,15.4,23.1,3.8,0.19,3.3,17.6,19.0,9.5,9.5,0.13,2.7,17.6,33.3,14.3,0.0,0.18,4.0,13.4,18.8,6.2,18.8,0.2,4.2
20260821,23,7,1800,3687,B1,愛知,56.0,53.0,5.07,30.93,5.71,35.71,44,33.04,18,37.04,4610,A1,東京,36.0,54.0,6.03,41.9,7.89,88.89,27,33.98,15,33.94,3929,B1,愛知,50.0,52.0,4.13,18.18,0.0,0.0,12,35.45,12,38.18,3523,B1,福岡,57.0,53.0,4.41,21.05,5.15,30.0,7,38.05,33,21.15,5469,B2,佐賀,17.0,55.0,1.6,0.0,1.53,0.0,38,29.85,39,39.05,4925,A2,兵庫,33.0,53.0,5.93,35.78,6.52,51.85,45,19.68,32,37.04,15.4,78.6,14.3,0.0,0.15,1.6,35.2,9.4,28.1,18.8,0.14,2.7,25.3,4.3,13.0,17.4,0.18,2.9,23.1,4.8,9.5,14.3,0.18,3.7,1.1,0.0,0.0,0.0,0.29,5.0,0.0,0.0,0.0,0.0,0.0,0.0,19.9,77.8,7.4,3.7,0.17,2.6,14.0,31.6,21.1,21.1,0.14,2.8,16.2,27.3,27.3,13.6,0.14,2.7,14.7,20.0,10.0,30.0,0.15,3.2,19.1,15.4,11.5,15.4,0.16,2.8,16.2,9.1,9.1,9.1,0.17,3.5,14.1,30.8,23.1,0.0,0.17,3.1,15.2,14.3,14.3,28.6,0.17,2.3,21.7,10.0,10.0,20.0,0.15,2.4,17.4,6.2,31.2,0.0,0.16,3.3,17.4,12.5,12.5,6.2,0.17,2.5,14.1,7.7,7.7,0.0,0.14,2.7,12.9,27.3,54.5,0.0,0.19,2.9,15.3,23.1,30.8,0.0,0.19,3.7,21.2,5.6,16.7,22.2,0.2,4.1,16.5,7.1,7.1,7.1,0.23,3.7,18.8,12.5,18.8,0.0,0.16,3.8,15.3,7.7,23.1,0.0,0.22,5.0,0.0,0.0,0.0,0.0,0.0,0.0,0.0,0.0,0.0,0.0,0.0,0.0,0.0,0.0,0.0,0.0,0.0,0.0,0.0,0.0,0.0,0.0,0.0,0.0,0.0,0.0,0.0,0.0,0.0,0.0,0.0,0.0,0.0,0.0,0.0,0.0,18.9,66.7,9.5,9.5,0.15,2.8,15.3,47.1,29.4,0.0,0.15,3.2,16.2,11.1,16.7,22.2,0.15,3.2,17.1,5.3,5.3,21.1,0.15,3.6,15.3,11.8,11.8,11.8,0.16,3.5,17.1,5.3,26.3,0.0,0.17,3.4
20260821,23,8,1800,4232,B1,福岡,43.0,57.0,6.08,41.75,4.59,26.47,58,33.63,23,41.96,4952,B1,福岡,32.0,54.0,4.26,20.43,4.0,20.0,8,35.59,58,26.21,4367,B1,福岡,40.0,53.0,4.4,18.52,5.17,33.33,46,34.7,51,36.28,3577,B1,兵庫,53.0,59.0,4.61,21.35,5.24,35.14,24,32.3,54,32.04,4624,A1,佐賀,41.0,51.0,6.23,45.36,6.56,50.0,18,40.09,47,27.78,5429,B2,佐賀,23.0,55.0,1.14,0.0,1.09,0.0,10,35.27,42,27.45,14.4,40.0,20.0,13.3,0.17,3.1,18.3,15.8,21.1,21.1,0.17,3.5,16.3,23.5,17.6,17.6,0.17,3.5,16.3,35.3,5.9,17.6,0.19,3.2,19.2,15.0,15.0,15.0,0.16,2.6,15.4,6.2,25.0,0.0,0.19,3.7,10.8,50.0,12.5,12.5,0.16,2.8,20.3,33.3,13.3,0.0,0.18,3.5,18.9,7.1,7.1,28.6,0.15,2.9,17.6,7.7,0.0,0.0,0.22,4.7,20.3,0.0,0.0,0.0,0.2,3.9,12.2,0.0,0.0,0.0,0.2,5.3,15.1,9.1,27.3,18.2,0.18,3.5,15.1,9.1,36.4,0.0,0.18,4.1,17.8,15.4,38.5,0.0,0.19,3.8,17.8,15.4,0.0,0.0,0.28,5.8,17.8,30.8,0.0,0.0,0.26,4.7,16.4,16.7,0.0,0.0,0.26,5.1,14.9,45.5,9.1,9.1,0.19,3.3,18.9,14.3,7.1,21.4,0.17,3.3,17.6,15.4,15.4,0.0,0.16,3.1,12.2,22.2,22.2,0.0,0.12,2.7,14.9,18.2,0.0,0.0,0.17,3.2,21.6,18.8,0.0,0.0,0.17,3.3,19.2,73.9,8.7,0.0,0.17,2.8,15.8,21.1,42.1,21.1,0.16,3.1,14.2,29.4,29.4,17.6,0.18,3.8,16.7,20.0,35.0,5.0,0.15,3.0,24.2,20.7,10.3,24.1,0.17,3.1,10.0,8.3,8.3,0.0,0.15,4.3,0.0,0.0,0.0,0.0,0.0,0.0,0.0,0.0,0.0,0.0,0.0,0.0,0.0,0.0,0.0,0.0,0.0,0.0,0.0,0.0,0.0,0.0,0.0,0.0,3.1,0.0,0.0,0.0,0.22,3.5,96.9,0.0,0.0,0.0,0.22,4.8
20260821,23,9,1800,5002,A2,愛知,30.0,53.0,5.56,34.82,5.38,37.5,19,34.31,22,26.6,4148,A2,福岡,44.0,52.0,6.23,40.83,5.52,36.0,29,39.74,45,24.76,4905,B1,大阪,31.0,55.0,4.68,25.0,4.31,31.25,28,35.75,10,37.11,4864,B1,福岡,36.0,53.0,4.49,23.08,4.0,20.51,22,38.07,24,36.79,4762,A1,岡山,36.0,50.0,7.31,53.28,7.57,57.14,14,32.39,34,23.6,3459,B1,佐賀,59.0,55.0,3.31,12.79,4.03,22.12,20,31.67,4,24.51,19.8,60.9,21.7,0.0,0.17,3.0,18.1,19.0,33.3,19.0,0.15,3.2,13.8,18.8,25.0,37.5,0.2,2.6,15.5,5.6,22.2,27.8,0.16,3.2,17.2,10.0,5.0,25.0,0.18,3.4,15.5,27.8,0.0,0.0,0.17,3.5,20.3,57.7,26.9,3.8,0.14,2.8,14.8,21.1,36.8,10.5,0.14,3.5,13.3,11.8,47.1,23.5,0.15,3.1,18.0,4.3,34.8,30.4,0.13,2.5,18.0,4.3,17.4,21.7,0.14,3.8,15.6,5.0,5.0,30.0,0.14,3.6,13.8,45.5,27.3,9.1,0.21,3.9,15.0,8.3,16.7,8.3,0.21,4.8,18.8,13.3,6.7,20.0,0.19,4.1,21.2,23.5,5.9,0.0,0.17,4.2,18.8,20.0,0.0,0.0,0.23,4.7,12.5,0.0,0.0,0.0,0.27,5.0,14.7,27.3,18.2,9.1,0.16,3.0,14.7,27.3,0.0,0.0,0.16,2.9,18.7,7.1,28.6,14.3,0.18,3.5,21.3,6.2,31.2,0.0,0.18,4.3,18.7,14.3,21.4,0.0,0.17,2.9,12.0,0.0,0.0,0.0,0.19,4.6,21.7,76.0,8.0,8.0,0.14,3.0,16.5,15.8,36.8,5.3,0.12,2.5,16.5,15.8,26.3,36.8,0.13,2.4,13.0,13.3,6.7,46.7,0.14,3.2,13.0,26.7,26.7,0.0,0.11,3.1,19.1,9.1,9.1,18.2,0.12,3.0,10.0,25.0,12.5,0.0,0.18,3.0,17.5,14.3,7.1,28.6,0.12,1.9,25.0,10.0,10.0,15.0,0.17,2.9,17.5,7.1,21.4,0.0,0.19,3.8,21.2,5.9,0.0,0.0,0.18,2.9,8.8,0.0,0.0,0.0,0.19,4.3
20260821,23,10,1800,4949,A2,佐賀,33.0,49.0,5.85,36.84,5.68,31.79,42,36.89,56,35.51,3690,B1,愛知,55.0,52.0,4.77,29.36,5.65,38.46,54,38.35,9,33.0,3822,A1,岡山,53.0,49.0,6.35,45.13,7.67,61.9,51,21.47,49,30.48,4842,A2,岡山,34.0,55.0,5.89,38.54,6.24,47.06,5,37.56,59,38.32,4409,A1,愛知,40.0,56.0,6.4,50.0,5.93,42.86,47,32.88,17,37.84,4564,B1,広島,38.0,52.0,4.68,23.21,5.34,28.57,40,40.95,37,35.85,21.6,63.0,18.5,7.4,0.15,2.8,17.6,9.1,18.2,22.7,0.15,2.7,17.6,13.6,22.7,27.3,0.15,2.9,14.4,11.1,16.7,11.1,0.18,3.7,17.6,4.5,13.6,18.2,0.17,3.9,11.2,7.1,14.3,0.0,0.15,3.9,11.8,25.0,33.3,8.3,0.18,3.1,20.6,14.3,28.6,28.6,0.21,4.7,18.6,5.3,26.3,5.3,0.18,4.1,15.7,6.2,25.0,0.0,0.16,3.0,16.7,5.9,11.8,0.0,0.19,4.2,16.7,5.9,17.6,0.0,0.19,3.8,22.2,68.2,9.1,13.6,0.13,3.2,20.2,40.0,35.0,0.0,0.16,4.1,12.1,25.0,8.3,25.0,0.17,4.1,17.2,11.8,29.4,17.6,0.17,3.4,15.2,6.7,40.0,13.3,0.15,3.1,13.1,7.7,23.1,0.0,0.16,3.9,17.8,65.2,21.7,8.7,0.15,2.2,17.1,22.7,22.7,13.6,0.16,3.2,15.5,15.0,40.0,20.0,0.18,2.5,20.2,7.7,19.2,19.2,0.17,3.0,14.7,10.5,15.8,36.8,0.13,2.7,14.7,5.3,10.5,15.8,0.18,4.1,24.6,80.0,6.7,6.7,0.16,3.3,18.0,18.2,40.9,18.2,0.15,2.8,13.1,18.8,31.2,18.8,0.12,2.3,15.6,15.8,31.6,36.8,0.12,2.7,14.8,16.7,27.8,27.8,0.16,2.7,13.9,5.9,11.8,11.8,0.18,3.6,15.4,25.0,31.2,25.0,0.18,3.9,12.5,7.7,53.8,7.7,0.19,4.2,21.2,4.5,31.8,18.2,0.18,3.6,20.2,4.8,19.0,23.8,0.19,4.2,18.3,10.5,21.1,0.0,0.22,4.4,12.5,7.7,0.0,0.0,0.19,4.8
20260821,23,11,1800,4910,A1,愛知,30.0,52.0,6.97,56.07,7.86,75.0,36,30.43,60,27.03,5135,B1,東京,26.0,53.0,5.54,41.89,4.44,11.11,43,33.51,40,27.93,4925,A2,兵庫,33.0,53.0,5.93,35.78,6.52,51.85,45,19.68,32,37.04,4812,A1,徳島,36.0,51.0,7.49,59.76,6.67,51.52,4,46.02,2,41.07,5273,B1,兵庫,24.0,53.0,3.73,18.27,0.0,0.0,60,33.19,27,26.13,4402,A2,福岡,41.0,55.0,6.29,44.74,5.36,35.71,23,24.43,14,30.0,21.2,85.7,4.8,0.0,0.14,1.9,16.2,6.2,43.8,25.0,0.15,3.1,15.2,20.0,40.0,13.3,0.16,2.4,17.2,47.1,5.9,0.0,0.18,3.9,17.2,11.8,23.5,17.6,0.13,2.6,13.1,7.7,15.4,0.0,0.16,4.1,16.5,50.0,14.3,7.1,0.11,2.1,14.1,16.7,25.0,16.7,0.14,1.9,14.1,16.7,8.3,8.3,0.2,3.2,11.8,10.0,20.0,30.0,0.13,2.1,15.3,7.7,15.4,0.0,0.2,3.9,28.2,8.3,0.0,0.0,0.27,5.4,18.9,66.7,9.5,9.5,0.15,2.8,15.3,47.1,29.4,0.0,0.15,3.2,16.2,11.1,16.7,22.2,0.15,3.2,17.1,5.3,5.3,21.1,0.15,3.6,15.3,11.8,11.8,11.8,0.16,3.5,17.1,5.3,26.3,0.0,0.17,3.4,21.5,76.9,3.8,7.7,0.13,2.0,16.5,35.0,35.0,10.0,0.14,2.5,15.7,26.3,21.1,26.3,0.15,3.2,15.7,21.1,15.8,31.6,0.12,2.2,14.9,11.1,38.9,11.1,0.16,2.4,15.7,10.5,36.8,0.0,0.15,3.6,12.7,38.5,15.4,7.7,0.18,3.8,18.6,10.5,10.5,26.3,0.17,3.7,17.6,16.7,5.6,27.8,0.14,2.7,19.6,5.0,20.0,0.0,0.18,3.9,20.6,9.5,14.3,9.5,0.19,3.8,10.8,0.0,0.0,0.0,0.19,4.4,23.1,58.3,20.8,4.2,0.15,2.7,14.4,33.3,40.0,0.0,0.16,3.2,15.4,12.5,12.5,12.5,0.17,3.1,16.3,11.8,17.6,17.6,0.16,2.7,14.4,13.3,6.7,13.3,0.16,2.8,16.3,11.8,11.8,17.6,0.2,3.9
20260821,23,12,1800,4624,A1,佐賀,41.0,51.0,6.23,45.36,6.56,50.0,18,40.09,47,27.78,4375,A2,兵庫,42.0,51.0,5.69,37.29,5.63,42.11,15,40.34,36,25.49,4704,A1,徳島,38.0,51.0,6.5,48.18,6.22,42.22,13,34.18,46,20.72,4441,A2,岡山,39.0,54.0,5.6,32.8,6.18,41.18,52,31.46,55,39.81,4610,A1,東京,36.0,54.0,6.03,41.9,7.89,88.89,27,33.98,15,33.94,4430,A2,東京,40.0,56.0,5.79,35.0,5.25,37.5,35,39.17,3,33.96,19.2,73.9,8.7,0.0,0.17,2.8,15.8,21.1,42.1,21.1,0.16,3.1,14.2,29.4,29.4,17.6,0.18,3.8,16.7,20.0,35.0,5.0,0.15,3.0,24.2,20.7,10.3,24.1,0.17,3.1,10.0,8.3,8.3,0.0,0.15,4.3,19.8,60.0,28.0,4.0,0.17,3.3,11.9,6.7,33.3,20.0,0.16,3.7,19.8,24.0,40.0,16.0,0.15,2.7,14.3,16.7,22.2,5.6,0.17,3.3,19.0,8.3,12.5,37.5,0.16,3.3,15.1,10.5,26.3,0.0,0.2,4.2,18.8,74.1,14.8,3.7,0.14,2.6,18.1,15.4,23.1,11.5,0.14,3.0,17.4,20.0,28.0,16.0,0.12,2.2,16.7,12.5,33.3,25.0,0.14,2.9,13.9,25.0,35.0,0.0,0.15,3.1,15.3,4.5,27.3,13.6,0.14,3.0,20.6,48.1,29.6,7.4,0.12,2.4,14.5,42.1,26.3,15.8,0.12,2.5,18.3,20.8,20.8,33.3,0.16,2.8,17.6,13.0,47.8,0.0,0.13,3.3,14.5,15.8,10.5,10.5,0.16,2.7,14.5,5.3,10.5,36.8,0.14,3.3,19.9,77.8,7.4,3.7,0.17,2.6,14.0,31.6,21.1,21.1,0.14,2.8,16.2,27.3,27.3,13.6,0.14,2.7,14.7,20.0,10.0,30.0,0.15,3.2,19.1,15.4,11.5,15.4,0.16,2.8,16.2,9.1,9.1,9.1,0.17,3.5,19.7,44.4,22.2,18.5,0.16,2.6,18.2,20.0,32.0,16.0,0.16,3.2,15.3,33.3,14.3,19.0,0.15,2.8,17.5,8.3,20.8,20.8,0.18,3.4,16.1,22.7,13.6,0.0,0.19,3.3,13.1,16.7,22.2,0.0,0.19,4.1
20260821,21,1,1800,3853,A2,福岡,53.0,55.0,5.78,35.34,6.36,45.45,53,31.65,66,33.33,3752,B1,福岡,55.0,58.0,4.36,19.79,3.53,8.33,13,44.44,53,35.87,4346,B1,福岡,41.0,57.0,4.26,26.85,4.76,31.94,18,27.17,65,35.56,5244,B1,福岡,25.0,52.0,4.11,19.28,2.09,0.0,32,44.32,20,32.18,5209,B1,福岡,28.0,56.0,3.61,12.68,2.73,4.08,41,42.39,16,32.97,5271,B1,福岡,25.0,53.0,3.99,18.18,2.31,3.85,6,27.71,12,44.44,19.3,78.3,13.0,4.3,0.17,3.0,13.4,50.0,25.0,0.0,0.2,4.1,18.5,9.1,13.6,27.3,0.18,3.5,18.5,22.7,27.3,0.0,0.2,4.1,16.8,5.0,20.0,0.0,0.22,4.8,13.4,6.2,12.5,0.0,0.23,5.3,12.9,33.3,16.7,8.3,0.21,4.3,16.1,26.7,13.3,0.0,0.22,4.5,17.2,6.2,12.5,12.5,0.14,3.1,19.4,22.2,11.1,0.0,0.16,3.2,17.2,18.8,0.0,0.0,0.14,2.9,17.2,12.5,0.0,0.0,0.16,3.4,16.7,50.0,5.6,16.7,0.15,2.9,14.8,6.2,37.5,12.5,0.16,3.7,14.8,18.8,12.5,0.0,0.17,3.9,16.7,27.8,16.7,11.1,0.15,2.7,18.5,10.0,5.0,5.0,0.17,3.4,18.5,5.0,15.0,0.0,0.19,4.1,12.9,45.5,9.1,18.2,0.14,3.0,21.2,5.6,27.8,0.0,0.14,2.6,20.0,5.9,17.6,11.8,0.15,2.4,17.6,6.7,13.3,20.0,0.18,2.8,14.1,16.7,0.0,0.0,0.17,3.3,14.1,8.3,0.0,0.0,0.18,4.3,9.0,28.6,14.3,0.0,0.18,4.7,17.9,7.1,7.1,0.0,0.22,4.6,17.9,14.3,21.4,0.0,0.2,4.4,17.9,21.4,0.0,0.0,0.2,4.5,16.7,23.1,0.0,0.0,0.2,4.4,20.5,12.5,0.0,0.0,0.21,5.0,10.6,22.2,11.1,0.0,0.22,4.0,20.0,23.5,17.6,0.0,0.18,3.5,15.3,7.7,7.7,38.5,0.15,2.8,14.1,8.3,8.3,8.3,0.19,3.7,18.8,6.2,12.5,0.0,0.21,4.3,21.2,5.6,11.1,0.0,0.22,4.1
20260821,21,2,1800,3158,A2,広島,61.0,53.0,6.17,44.12,6.38,47.96,33,37.78,23,26.58,4145,B1,東京,44.0,53.0,4.05,17.35,4.13,15.63,55,44.59,45,35.0,3804,B1,福岡,52.0,54.0,4.94,30.16,4.77,32.0,14,27.03,29,26.09,3743,A1,徳島,51.0,52.0,5.34,40.0,7.38,54.17,4,40.0,63,35.8,5443,B2,長崎,18.0,54.0,1.57,3.7,0.88,0.0,43,44.71,21,33.33,3745,B1,兵庫,51.0,54.0,5.28,29.79,5.5,31.25,30,37.36,70,35.87,21.2,59.1,27.3,9.1,0.14,2.8,12.5,7.7,23.1,15.4,0.16,3.2,18.3,5.3,26.3,21.1,0.15,3.1,19.2,10.0,25.0,25.0,0.13,2.2,15.4,6.2,12.5,25.0,0.15,2.9,13.5,7.1,7.1,0.0,0.17,3.6,13.7,7.7,15.4,15.4,0.27,5.8,16.8,18.8,18.8,0.0,0.23,5.6,16.8,18.8,6.2,18.8,0.23,5.3,22.1,4.8,9.5,28.6,0.27,5.5,17.9,17.6,0.0,0.0,0.25,5.5,12.6,16.7,0.0,0.0,0.32,5.7,12.3,35.7,28.6,7.1,0.16,3.4,20.2,8.7,30.4,17.4,0.17,3.4,16.7,10.5,36.8,26.3,0.15,3.1,19.3,18.2,18.2,0.0,0.15,2.7,19.3,4.5,22.7,0.0,0.17,3.4,12.3,14.3,14.3,0.0,0.2,4.8,26.7,51.9,25.9,0.0,0.14,2.8,21.8,18.2,31.8,9.1,0.13,2.8,19.8,25.0,30.0,20.0,0.15,2.6,21.8,9.1,27.3,22.7,0.17,3.2,6.9,14.3,28.6,0.0,0.16,4.1,3.0,0.0,0.0,0.0,0.13,3.0,0.0,0.0,0.0,0.0,0.0,0.0,0.0,0.0,0.0,0.0,0.0,0.0,0.0,0.0,0.0,0.0,0.0,0.0,0.0,0.0,0.0,0.0,0.0,0.0,0.0,0.0,0.0,0.0,0.0,0.0,100.0,1.6,0.0,0.0,0.24,4.9,16.2,66.7,8.3,16.7,0.18,3.3,21.6,6.2,43.8,18.8,0.17,3.2,16.2,8.3,41.7,0.0,0.18,4.1,13.5,30.0,20.0,0.0,0.16,4.4,18.9,7.1,21.4,0.0,0.21,4.7,13.5,20.0,30.0,0.0,0.25,5.1
20260821,21,3,1800,4578,A2,大阪,37.0,53.0,5.95,44.55,8.0,72.22,9,28.57,42,26.87,3224,B1,佐賀,61.0,53.0,3.87,18.95,4.17,18.52,25,14.49,67,34.09,4364,A1,福岡,41.0,56.0,6.09,42.39,7.2,56.25,27,27.47,33,31.71,3566,B1,福岡,56.0,52.0,4.6,22.92,5.56,42.0,46,26.25,34,34.83,5055,A2,長崎,30.0,53.0,5.79,37.5,5.58,38.46,36,27.27,31,31.4,3892,B1,佐賀,50.0,54.0,5.02,28.85,5.61,32.14,26,27.38,46,31.71,21.0,63.6,18.2,4.5,0.14,2.2,14.3,20.0,33.3,6.7,0.18,3.1,17.1,16.7,44.4,5.6,0.16,3.2,17.1,33.3,33.3,0.0,0.19,4.0,15.2,6.2,18.8,0.0,0.22,3.6,15.2,12.5,18.8,0.0,0.23,4.7,12.8,9.1,27.3,9.1,0.22,4.2,22.1,5.3,26.3,0.0,0.18,3.6,15.1,7.7,7.7,7.7,0.24,4.0,20.9,16.7,22.2,0.0,0.22,4.4,19.8,5.9,5.9,17.6,0.17,3.4,9.3,12.5,0.0,0.0,0.25,5.3,20.0,75.0,16.7,4.2,0.11,2.3,16.7,20.0,25.0,15.0,0.14,2.6,15.0,11.1,33.3,16.7,0.13,2.9,18.3,27.3,9.1,22.7,0.14,2.1,17.5,19.0,9.5,14.3,0.12,2.2,12.5,6.7,13.3,13.3,0.15,4.0,15.1,62.5,12.5,6.2,0.16,3.9,18.9,10.0,20.0,35.0,0.17,4.3,17.0,11.1,22.2,33.3,0.18,3.8,17.0,5.6,22.2,22.2,0.19,4.1,21.7,17.4,13.0,0.0,0.19,4.3,10.4,27.3,0.0,0.0,0.27,5.0,18.6,76.2,4.8,9.5,0.13,2.5,16.8,31.6,47.4,5.3,0.16,2.9,15.9,16.7,16.7,16.7,0.16,2.8,15.0,11.8,11.8,11.8,0.18,3.8,17.7,10.0,15.0,30.0,0.15,2.9,15.9,5.6,22.2,0.0,0.18,4.0,12.8,54.5,9.1,18.2,0.17,3.9,19.8,17.6,11.8,35.3,0.16,2.8,17.4,20.0,33.3,0.0,0.2,3.3,18.6,18.8,25.0,0.0,0.16,3.3,18.6,6.2,6.2,18.8,0.15,2.9,12.8,0.0,0.0,0.0,0.17,3.5
20260821,21,4,1800,4958,A1,福岡,31.0,56.0,6.37,44.85,6.33,41.3,17,34.78,59,47.56,4180,A2,福岡,43.0,54.0,5.28,30.7,4.54,19.23,23,28.75,32,34.48,3602,B1,東京,56.0,53.0,4.02,16.85,4.0,19.23,21,39.77,11,21.25,3773,B1,長崎,52.0,58.0,3.74,17.86,5.0,31.25,37,35.16,50,25.35,3809,B1,佐賀,51.0,52.0,3.89,7.14,5.84,38.6,28,31.87,24,27.4,3872,A2,大阪,50.0,54.0,6.16,43.48,6.31,50.0,44,32.95,51,31.71,18.6,70.8,8.3,12.5,0.13,2.3,17.1,27.3,27.3,9.1,0.14,2.4,14.7,26.3,31.6,31.6,0.14,2.7,15.5,10.0,20.0,20.0,0.12,2.9,17.8,8.7,26.1,21.7,0.12,2.7,16.3,28.6,0.0,0.0,0.15,3.4,17.6,55.6,16.7,5.6,0.18,3.8,12.7,23.1,23.1,23.1,0.16,3.7,20.6,14.3,19.0,28.6,0.18,3.4,17.6,22.2,16.7,16.7,0.17,3.2,17.6,16.7,11.1,22.2,0.15,3.1,13.7,28.6,0.0,0.0,0.19,4.2,14.6,16.7,8.3,33.3,0.22,4.2,15.9,7.7,15.4,23.1,0.19,4.1,14.6,25.0,16.7,0.0,0.21,4.3,17.1,7.1,7.1,21.4,0.21,4.0,20.7,5.9,52.9,0.0,0.23,3.8,17.1,14.3,0.0,0.0,0.2,5.2,12.9,27.3,18.2,18.2,0.13,2.5,21.2,27.8,22.2,0.0,0.16,2.8,16.5,7.1,7.1,21.4,0.14,3.2,15.3,7.7,30.8,0.0,0.15,3.2,22.4,10.5,0.0,0.0,0.18,3.3,11.8,20.0,0.0,0.0,0.18,3.7,9.2,33.3,16.7,0.0,0.21,3.2,9.2,16.7,50.0,0.0,0.12,3.7,10.8,28.6,14.3,0.0,0.12,2.4,16.9,9.1,27.3,0.0,0.21,3.7,21.5,7.1,21.4,0.0,0.2,4.0,32.3,4.8,19.0,0.0,0.22,4.0,22.6,69.2,7.7,7.7,0.19,3.4,17.4,10.0,25.0,30.0,0.2,3.9,17.4,10.0,20.0,35.0,0.17,2.9,13.9,12.5,25.0,12.5,0.2,3.9,16.5,15.8,36.8,10.5,0.16,3.0,12.2,21.4,0.0,0.0,0.18,4.0
20260821,21,5,1800,5158,A1,福岡,28.0,54.0,6.61,54.7,6.14,38.0,38,34.44,18,37.23,3681,B1,東京,53.0,51.0,4.7,25.35,5.59,36.96,45,29.03,56,38.64,5343,B1,広島,23.0,52.0,4.0,19.54,1.0,0.0,29,40.91,64,35.23,4440,B1,東京,39.0,54.0,4.86,28.87,4.05,12.5,47,34.12,60,32.93,3439,A1,大阪,57.0,51.0,5.97,44.17,5.0,29.55,1,24.66,62,34.18,4523,A2,長崎,38.0,53.0,5.62,35.45,5.17,29.69,40,24.42,13,42.55,20.3,80.0,4.0,8.0,0.13,2.5,19.5,29.2,12.5,20.8,0.17,3.5,16.3,40.0,25.0,15.0,0.15,3.2,13.8,47.1,23.5,5.9,0.18,3.6,12.2,26.7,13.3,0.0,0.17,3.3,17.9,4.5,13.6,18.2,0.16,3.8,16.5,38.5,15.4,7.7,0.15,3.5,17.7,14.3,28.6,14.3,0.13,2.8,19.0,20.0,26.7,0.0,0.17,3.1,19.0,13.3,20.0,0.0,0.15,3.0,19.0,6.7,13.3,0.0,0.16,3.1,8.9,28.6,0.0,0.0,0.16,3.4,0.0,0.0,0.0,0.0,0.0,0.0,0.0,0.0,0.0,0.0,0.0,0.0,0.0,0.0,0.0,0.0,0.0,0.0,39.6,11.1,13.9,0.0,0.17,3.4,27.5,4.0,16.0,28.0,0.15,3.0,33.0,16.7,13.3,0.0,0.15,3.3,12.7,38.5,23.1,0.0,0.14,2.8,18.6,10.5,10.5,26.3,0.16,2.7,17.6,16.7,11.1,27.8,0.17,3.0,15.7,25.0,18.8,0.0,0.15,2.4,21.6,13.6,27.3,0.0,0.21,4.1,13.7,21.4,0.0,0.0,0.22,3.9,21.3,65.2,26.1,4.3,0.15,3.1,17.6,21.1,15.8,15.8,0.16,3.2,14.8,6.2,25.0,43.8,0.16,2.5,13.9,33.3,33.3,13.3,0.18,3.1,17.6,21.1,10.5,21.1,0.14,2.7,14.8,6.2,25.0,0.0,0.19,4.8,20.2,50.0,22.7,22.7,0.15,3.1,15.6,11.8,35.3,23.5,0.15,3.0,14.7,50.0,31.2,0.0,0.14,2.8,17.4,5.3,26.3,21.1,0.14,3.1,17.4,15.8,31.6,0.0,0.15,2.7,14.7,6.2,18.8,0.0,0.15,3.9
20260821,21,6,1800,3752,B1,福岡,55.0,58.0,4.36,19.79,3.53,8.33,13,44.44,53,35.87,3841,A2,徳島,50.0,56.0,6.52,49.24,6.75,37.5,58,20.0,48,23.16,3617,B1,佐賀,53.0,53.0,3.71,16.88,2.25,8.33,34,25.64,61,34.88,4598,B1,東京,42.0,51.0,6.1,49.04,5.4,30.0,12,36.47,38,40.43,3629,A2,埼玉,56.0,52.0,5.84,35.29,6.46,45.83,49,23.38,14,44.05,4294,A1,佐賀,40.0,57.0,6.21,44.44,5.79,35.71,10,35.56,68,30.77,12.9,33.3,16.7,8.3,0.21,4.3,16.1,26.7,13.3,0.0,0.22,4.5,17.2,6.2,12.5,12.5,0.14,3.1,19.4,22.2,11.1,0.0,0.16,3.2,17.2,18.8,0.0,0.0,0.14,2.9,17.2,12.5,0.0,0.0,0.16,3.4,18.6,47.4,31.6,10.5,0.14,2.6,17.6,11.1,27.8,5.6,0.16,3.7,16.7,11.8,29.4,35.3,0.18,2.8,15.7,18.8,31.2,0.0,0.14,3.4,13.7,7.1,21.4,14.3,0.16,3.4,17.6,5.6,38.9,0.0,0.17,3.9,12.6,36.4,9.1,0.0,0.16,2.9,17.2,6.7,20.0,13.3,0.19,4.1,25.3,9.1,31.8,13.6,0.19,3.5,18.4,18.8,12.5,25.0,0.18,3.1,19.5,0.0,0.0,0.0,0.21,4.6,6.9,0.0,0.0,0.0,0.23,4.8,19.8,45.5,22.7,4.5,0.14,3.1,15.3,11.8,35.3,17.6,0.16,3.2,14.4,25.0,25.0,12.5,0.14,2.7,18.0,5.0,30.0,20.0,0.16,4.1,12.6,7.1,7.1,14.3,0.14,3.9,19.8,4.5,13.6,0.0,0.21,5.2,18.5,83.3,8.3,4.2,0.13,2.5,17.7,30.4,26.1,17.4,0.14,2.4,16.9,9.1,4.5,36.4,0.14,2.3,19.2,16.0,16.0,24.0,0.14,2.8,17.7,8.7,21.7,13.0,0.13,2.5,10.0,30.8,0.0,0.0,0.18,3.8,18.8,70.8,4.2,4.2,0.14,2.5,15.6,25.0,30.0,20.0,0.16,3.2,17.2,27.3,18.2,9.1,0.14,2.6,18.8,33.3,4.2,29.2,0.11,2.3,12.5,12.5,25.0,12.5,0.12,2.3,17.2,18.2,4.5,4.5,0.14,2.7
20260821,21,7,1800,3224,B1,佐賀,61.0,53.0,3.87,18.95,4.17,18.52,25,14.49,67,34.09,4219,B1,広島,44.0,52.0,4.01,12.64,3.41,11.11,15,31.58,30,24.0,5394,B1,埼玉,24.0,52.0,3.08,7.14,2.5,0.0,7,35.48,28,14.94,4257,B1,広島,42.0,52.0,4.85,30.68,4.35,20.59,3,47.19,47,20.55,5244,B1,福岡,25.0,52.0,4.11,19.28,2.09,0.0,32,44.32,20,32.18,5443,B2,長崎,18.0,54.0,1.57,3.7,0.88,0.0,43,44.71,21,33.33,12.8,9.1,27.3,9.1,0.22,4.2,22.1,5.3,26.3,0.0,0.18,3.6,15.1,7.7,7.7,7.7,0.24,4.0,20.9,16.7,22.2,0.0,0.22,4.4,19.8,5.9,5.9,17.6,0.17,3.4,9.3,12.5,0.0,0.0,0.25,5.3,10.9,27.3,9.1,9.1,0.17,2.8,18.8,26.3,5.3,0.0,0.17,4.3,17.8,5.6,22.2,0.0,0.19,4.3,22.8,13.0,26.1,0.0,0.18,3.6,19.8,10.0,0.0,0.0,0.19,4.0,9.9,10.0,20.0,0.0,0.22,4.8,0.0,0.0,0.0,0.0,0.0,0.0,0.0,0.0,0.0,0.0,0.0,0.0,0.0,0.0,0.0,0.0,0.0,0.0,14.1,0.0,0.0,0.0,0.19,3.8,26.9,4.8,19.0,19.0,0.17,3.2,59.0,2.2,15.2,0.0,0.19,4.0,12.9,33.3,16.7,0.0,0.18,2.8,16.1,26.7,20.0,0.0,0.15,3.1,20.4,10.5,15.8,0.0,0.17,2.9,18.3,23.5,11.8,17.6,0.14,2.8,16.1,6.7,13.3,6.7,0.17,3.3,16.1,6.7,6.7,6.7,0.18,3.8,12.9,45.5,9.1,18.2,0.14,3.0,21.2,5.6,27.8,0.0,0.14,2.6,20.0,5.9,17.6,11.8,0.15,2.4,17.6,6.7,13.3,20.0,0.18,2.8,14.1,16.7,0.0,0.0,0.17,3.3,14.1,8.3,0.0,0.0,0.18,4.3,0.0,0.0,0.0,0.0,0.0,0.0,0.0,0.0,0.0,0.0,0.0,0.0,0.0,0.0,0.0,0.0,0.0,0.0,0.0,0.0,0.0,0.0,0.0,0.0,0.0,0.0,0.0,0.0,0.0,0.0,100.0,1.6,0.0,0.0,0.24,4.9
20260821,21,8,1800,3784,B1,佐賀,49.0,53.0,4.97,29.29,4.95,25.76,51,35.8,17,38.04,3158,A2,広島,61.0,53.0,6.17,44.12,6.38,47.96,33,37.78,23,26.58,3892,B1,佐賀,50.0,54.0,5.02,28.85,5.61,32.14,26,27.38,46,31.71,4346,B1,福岡,41.0,57.0,4.26,26.85,4.76,31.94,18,27.17,65,35.56,3303,B1,東京,58.0,56.0,4.16,16.96,4.89,29.79,24,17.44,52,36.9,4025,A1,兵庫,48.0,52.0,6.79,51.72,6.39,34.78,16,21.11,22,35.56,14.6,61.5,23.1,0.0,0.12,1.8,15.7,35.7,35.7,0.0,0.19,2.9,19.1,5.9,23.5,17.6,0.17,3.1,23.6,19.0,9.5,28.6,0.14,2.8,10.1,33.3,0.0,0.0,0.17,3.0,16.9,13.3,0.0,0.0,0.17,3.4,21.2,59.1,27.3,9.1,0.14,2.8,12.5,7.7,23.1,15.4,0.16,3.2,18.3,5.3,26.3,21.1,0.15,3.1,19.2,10.0,25.0,25.0,0.13,2.2,15.4,6.2,12.5,25.0,0.15,2.9,13.5,7.1,7.1,0.0,0.17,3.6,12.8,54.5,9.1,18.2,0.17,3.9,19.8,17.6,11.8,35.3,0.16,2.8,17.4,20.0,33.3,0.0,0.2,3.3,18.6,18.8,25.0,0.0,0.16,3.3,18.6,6.2,6.2,18.8,0.15,2.9,12.8,0.0,0.0,0.0,0.17,3.5,16.7,50.0,5.6,16.7,0.15,2.9,14.8,6.2,37.5,12.5,0.16,3.7,14.8,18.8,12.5,0.0,0.17,3.9,16.7,27.8,16.7,11.1,0.15,2.7,18.5,10.0,5.0,5.0,0.17,3.4,18.5,5.0,15.0,0.0,0.19,4.1,20.5,53.8,19.2,7.7,0.19,3.7,18.1,30.4,30.4,0.0,0.2,4.3,15.7,35.0,30.0,0.0,0.21,4.2,18.1,8.7,8.7,34.8,0.2,4.5,13.4,11.8,17.6,0.0,0.19,4.4,14.2,5.6,0.0,0.0,0.22,5.1,20.4,68.4,15.8,5.3,0.2,3.3,15.1,14.3,50.0,21.4,0.19,3.5,17.2,18.8,37.5,25.0,0.17,3.4,19.4,27.8,16.7,22.2,0.17,3.5,14.0,7.7,23.1,23.1,0.2,4.2,14.0,7.7,7.7,15.4,0.17,4.2
20260821,21,9,1800,5055,A2,長崎,30.0,53.0,5.79,37.5,5.58,38.46,36,27.27,31,31.4,3808,B1,埼玉,51.0,59.0,4.34,24.1,3.86,15.91,42,25.27,26,40.45,4543,A1,兵庫,38.0,53.0,6.58,46.55,6.46,41.03,19,24.29,19,20.78,4145,B1,東京,44.0,53.0,4.05,17.35,4.13,15.63,55,44.59,45,35.0,5384,B2,長崎,21.0,52.0,1.87,2.2,1.33,0.0,11,42.53,41,29.67,4180,A2,福岡,43.0,54.0,5.28,30.7,4.54,19.23,23,28.75,32,34.48,18.6,76.2,4.8,9.5,0.13,2.5,16.8,31.6,47.4,5.3,0.16,2.9,15.9,16.7,16.7,16.7,0.16,2.8,15.0,11.8,11.8,11.8,0.18,3.8,17.7,10.0,15.0,30.0,0.15,2.9,15.9,5.6,22.2,0.0,0.18,4.0,14.4,23.1,30.8,0.0,0.15,3.6,16.7,6.7,13.3,26.7,0.16,2.9,20.0,11.1,5.6,0.0,0.18,3.4,14.4,7.7,23.1,0.0,0.16,3.0,18.9,5.9,5.9,0.0,0.16,3.1,15.6,7.1,0.0,0.0,0.19,4.9,19.8,75.0,16.7,0.0,0.15,3.2,15.7,15.8,31.6,21.1,0.15,2.9,19.0,21.7,30.4,21.7,0.14,2.9,19.8,8.3,37.5,25.0,0.18,3.9,13.2,6.2,18.8,25.0,0.2,3.9,12.4,6.7,26.7,0.0,0.19,4.3,13.7,7.7,15.4,15.4,0.27,5.8,16.8,18.8,18.8,0.0,0.23,5.6,16.8,18.8,6.2,18.8,0.23,5.3,22.1,4.8,9.5,28.6,0.27,5.5,17.9,17.6,0.0,0.0,0.25,5.5,12.6,16.7,0.0,0.0,0.32,5.7,1.3,0.0,0.0,0.0,0.28,6.0,1.3,0.0,0.0,0.0,0.58,6.0,12.0,0.0,0.0,0.0,0.2,4.8,17.3,0.0,0.0,0.0,0.23,4.9,17.3,0.0,0.0,0.0,0.25,5.3,50.7,2.6,2.6,0.0,0.21,4.8,17.6,55.6,16.7,5.6,0.18,3.8,12.7,23.1,23.1,23.1,0.16,3.7,20.6,14.3,19.0,28.6,0.18,3.4,17.6,22.2,16.7,16.7,0.17,3.2,17.6,16.7,11.1,22.2,0.15,3.1,13.7,28.6,0.0,0.0,0.19,4.2
20260821,21,10,1800,3251,A2,埼玉,60.0,50.0,5.82,37.8,6.0,37.04,20,18.07,58,29.41,3566,B1,福岡,56.0,52.0,4.6,22.92,5.56,42.0,46,26.25,34,34.83,3872,A2,大阪,50.0,54.0,6.16,43.48,6.31,50.0,44,32.95,51,31.71,5209,B1,福岡,28.0,56.0,3.61,12.68,2.73,4.08,41,42.39,16,32.97,4294,A1,佐賀,40.0,57.0,6.21,44.44,5.79,35.71,10,35.56,68,30.77,3681,B1,東京,53.0,51.0,4.7,25.35,5.59,36.96,45,29.03,56,38.64,17.9,38.5,26.9,15.4,0.19,4.0,17.2,24.0,28.0,24.0,0.18,4.1,20.0,6.9,24.1,20.7,0.21,4.3,15.2,27.3,22.7,9.1,0.19,3.8,17.2,16.0,16.0,0.0,0.18,4.4,12.4,5.6,5.6,22.2,0.23,5.4,15.1,62.5,12.5,6.2,0.16,3.9,18.9,10.0,20.0,35.0,0.17,4.3,17.0,11.1,22.2,33.3,0.18,3.8,17.0,5.6,22.2,22.2,0.19,4.1,21.7,17.4,13.0,0.0,0.19,4.3,10.4,27.3,0.0,0.0,0.27,5.0,22.6,69.2,7.7,7.7,0.19,3.4,17.4,10.0,25.0,30.0,0.2,3.9,17.4,10.0,20.0,35.0,0.17,2.9,13.9,12.5,25.0,12.5,0.2,3.9,16.5,15.8,36.8,10.5,0.16,3.0,12.2,21.4,0.0,0.0,0.18,4.0,9.0,28.6,14.3,0.0,0.18,4.7,17.9,7.1,7.1,0.0,0.22,4.6,17.9,14.3,21.4,0.0,0.2,4.4,17.9,21.4,0.0,0.0,0.2,4.5,16.7,23.1,0.0,0.0,0.2,4.4,20.5,12.5,0.0,0.0,0.21,5.0,18.8,70.8,4.2,4.2,0.14,2.5,15.6,25.0,30.0,20.0,0.16,3.2,17.2,27.3,18.2,9.1,0.14,2.6,18.8,33.3,4.2,29.2,0.11,2.3,12.5,12.5,25.0,12.5,0.12,2.3,17.2,18.2,4.5,4.5,0.14,2.7,16.5,38.5,15.4,7.7,0.15,3.5,17.7,14.3,28.6,14.3,0.13,2.8,19.0,20.0,26.7,0.0,0.17,3.1,19.0,13.3,20.0,0.0,0.15,3.0,19.0,6.7,13.3,0.0,0.16,3.1,8.9,28.6,0.0,0.0,0.16,3.4
20260821,21,11,1800,3439,A1,大阪,57.0,51.0,5.97,44.17,5.0,29.55,1,24.66,62,34.18,3773,B1,長崎,52.0,58.0,3.74,17.86,5.0,31.25,37,35.16,50,25.35,3853,A2,福岡,53.0,55.0,5.78,35.34,6.36,45.45,53,31.65,66,33.33,3804,B1,福岡,52.0,54.0,4.94,30.16,4.77,32.0,14,27.03,29,26.09,4364,A1,福岡,41.0,56.0,6.09,42.39,7.2,56.25,27,27.47,33,31.71,3841,A2,徳島,50.0,56.0,6.52,49.24,6.75,37.5,58,20.0,48,23.16,21.3,65.2,26.1,4.3,0.15,3.1,17.6,21.1,15.8,15.8,0.16,3.2,14.8,6.2,25.0,43.8,0.16,2.5,13.9,33.3,33.3,13.3,0.18,3.1,17.6,21.1,10.5,21.1,0.14,2.7,14.8,6.2,25.0,0.0,0.19,4.8,12.9,27.3,18.2,18.2,0.13,2.5,21.2,27.8,22.2,0.0,0.16,2.8,16.5,7.1,7.1,21.4,0.14,3.2,15.3,7.7,30.8,0.0,0.15,3.2,22.4,10.5,0.0,0.0,0.18,3.3,11.8,20.0,0.0,0.0,0.18,3.7,19.3,78.3,13.0,4.3,0.17,3.0,13.4,50.0,25.0,0.0,0.2,4.1,18.5,9.1,13.6,27.3,0.18,3.5,18.5,22.7,27.3,0.0,0.2,4.1,16.8,5.0,20.0,0.0,0.22,4.8,13.4,6.2,12.5,0.0,0.23,5.3,12.3,35.7,28.6,7.1,0.16,3.4,20.2,8.7,30.4,17.4,0.17,3.4,16.7,10.5,36.8,26.3,0.15,3.1,19.3,18.2,18.2,0.0,0.15,2.7,19.3,4.5,22.7,0.0,0.17,3.4,12.3,14.3,14.3,0.0,0.2,4.8,20.0,75.0,16.7,4.2,0.11,2.3,16.7,20.0,25.0,15.0,0.14,2.6,15.0,11.1,33.3,16.7,0.13,2.9,18.3,27.3,9.1,22.7,0.14,2.1,17.5,19.0,9.5,14.3,0.12,2.2,12.5,6.7,13.3,13.3,0.15,4.0,18.6,47.4,31.6,10.5,0.14,2.6,17.6,11.1,27.8,5.6,0.16,3.7,16.7,11.8,29.4,35.3,0.18,2.8,15.7,18.8,31.2,0.0,0.14,3.4,13.7,7.1,21.4,14.3,0.16,3.4,17.6,5.6,38.9,0.0,0.17,3.9
20260821,21,12,1800,3743,A1,徳島,51.0,52.0,5.34,40.0,7.38,54.17,4,40.0,63,35.8,4257,B1,広島,42.0,52.0,4.85,30.68,4.35,20.59,3,47.19,47,20.55,4578,A2,大阪,37.0,53.0,5.95,44.55,8.0,72.22,9,28.57,42,26.87,4025,A1,兵庫,48.0,52.0,6.79,51.72,6.39,34.78,16,21.11,22,35.56,4523,A2,長崎,38.0,53.0,5.62,35.45,5.17,29.69,40,24.42,13,42.55,3629,A2,埼玉,56.0,52.0,5.84,35.29,6.46,45.83,49,23.38,14,44.05,26.7,51.9,25.9,0.0,0.14,2.8,21.8,18.2,31.8,9.1,0.13,2.8,19.8,25.0,30.0,20.0,0.15,2.6,21.8,9.1,27.3,22.7,0.17,3.2,6.9,14.3,28.6,0.0,0.16,4.1,3.0,0.0,0.0,0.0,0.13,3.0,12.9,33.3,16.7,0.0,0.18,2.8,16.1,26.7,20.0,0.0,0.15,3.1,20.4,10.5,15.8,0.0,0.17,2.9,18.3,23.5,11.8,17.6,0.14,2.8,16.1,6.7,13.3,6.7,0.17,3.3,16.1,6.7,6.7,6.7,0.18,3.8,21.0,63.6,18.2,4.5,0.14,2.2,14.3,20.0,33.3,6.7,0.18,3.1,17.1,16.7,44.4,5.6,0.16,3.2,17.1,33.3,33.3,0.0,0.19,4.0,15.2,6.2,18.8,0.0,0.22,3.6,15.2,12.5,18.8,0.0,0.23,4.7,20.4,68.4,15.8,5.3,0.2,3.3,15.1,14.3,50.0,21.4,0.19,3.5,17.2,18.8,37.5,25.0,0.17,3.4,19.4,27.8,16.7,22.2,0.17,3.5,14.0,7.7,23.1,23.1,0.2,4.2,14.0,7.7,7.7,15.4,0.17,4.2,20.2,50.0,22.7,22.7,0.15,3.1,15.6,11.8,35.3,23.5,0.15,3.0,14.7,50.0,31.2,0.0,0.14,2.8,17.4,5.3,26.3,21.1,0.14,3.1,17.4,15.8,31.6,0.0,0.15,2.7,14.7,6.2,18.8,0.0,0.15,3.9,18.5,83.3,8.3,4.2,0.13,2.5,17.7,30.4,26.1,17.4,0.14,2.4,16.9,9.1,4.5,36.4,0.14,2.3,19.2,16.0,16.0,24.0,0.14,2.8,17.7,8.7,21.7,13.0,0.13,2.5,10.0,30.8,0.0,0.0,0.18,3.8
20260821,19,1,1800,4272,B1,福岡,44.0,57.0,5.01,29.35,5.69,31.25,51,27.14,61,28.57,3896,B1,滋賀,50.0,51.0,4.92,24.1,5.3,30.0,55,36.84,25,47.14,4992,B1,滋賀,28.0,58.0,5.05,31.03,6.0,25.0,38,39.74,21,41.79,4896,B1,山口,34.0,58.0,3.78,18.07,4.15,19.23,15,28.36,14,30.0,3945,B1,愛知,50.0,51.0,4.45,20.55,3.8,10.0,46,46.58,57,37.5,5404,B1,山口,22.0,54.0,2.32,4.23,2.0,2.22,22,26.39,59,39.71,9.9,37.5,25.0,0.0,0.14,3.0,18.5,13.3,20.0,26.7,0.15,2.8,21.0,23.5,17.6,0.0,0.15,2.8,14.8,16.7,8.3,33.3,0.18,3.5,17.3,7.1,7.1,0.0,0.17,3.9,18.5,6.7,6.7,0.0,0.21,5.0,13.7,42.9,14.3,21.4,0.16,3.4,19.6,15.0,35.0,15.0,0.16,3.0,14.7,13.3,46.7,0.0,0.15,2.9,20.6,19.0,14.3,0.0,0.15,3.5,16.7,5.9,5.9,35.3,0.18,3.0,14.7,6.7,13.3,0.0,0.18,3.5,12.3,69.2,15.4,0.0,0.17,3.3,18.9,15.0,25.0,15.0,0.15,2.8,17.9,10.5,15.8,21.1,0.16,3.5,17.9,31.6,10.5,10.5,0.13,2.6,17.9,5.3,10.5,0.0,0.16,3.4,15.1,12.5,0.0,0.0,0.19,4.1,14.0,35.7,14.3,21.4,0.19,3.2,16.0,6.2,6.2,12.5,0.18,3.5,18.0,11.1,11.1,27.8,0.17,3.2,17.0,5.9,29.4,17.6,0.16,2.6,19.0,26.3,0.0,0.0,0.17,3.5,16.0,18.8,0.0,0.0,0.22,4.4,12.5,18.2,36.4,0.0,0.23,5.0,17.0,6.7,13.3,6.7,0.21,3.7,19.3,11.8,5.9,29.4,0.18,3.5,18.2,31.2,18.8,0.0,0.22,3.8,20.5,5.6,5.6,0.0,0.2,3.7,12.5,9.1,9.1,0.0,0.21,3.8,0.0,0.0,0.0,0.0,0.0,0.0,0.0,0.0,0.0,0.0,0.0,0.0,0.0,0.0,0.0,0.0,0.0,0.0,1.3,0.0,0.0,0.0,0.17,6.0,3.9,0.0,0.0,0.0,0.24,3.7,94.7,2.8,8.3,0.0,0.2,4.7
20260821,19,2,1800,3949,B1,岡山,50.0,57.0,4.09,20.78,3.41,0.0,62,47.14,34,37.14,4007,B1,山口,47.0,50.0,4.51,25.24,5.2,31.43,71,40.32,65,41.43,5031,B1,福岡,28.0,54.0,4.99,28.72,4.52,21.74,61,28.79,36,31.43,3401,B1,香川,58.0,54.0,4.41,25.24,0.0,0.0,40,41.79,49,38.57,4331,A2,香川,42.0,54.0,6.03,42.5,6.08,36.84,64,22.06,72,26.76,4957,B1,福岡,31.0,56.0,5.56,37.5,4.86,28.57,44,22.06,58,51.43,13.8,9.1,18.2,0.0,0.2,5.1,15.0,25.0,16.7,0.0,0.17,3.7,17.5,7.1,14.3,21.4,0.19,3.2,16.2,23.1,0.0,0.0,0.17,3.6,26.2,14.3,9.5,0.0,0.17,3.8,11.2,0.0,0.0,0.0,0.23,5.0,13.8,22.2,22.2,44.4,0.16,3.4,21.5,7.1,21.4,21.4,0.15,2.6,16.9,9.1,36.4,9.1,0.12,2.3,15.4,10.0,10.0,0.0,0.15,2.7,15.4,10.0,30.0,0.0,0.12,2.4,16.9,18.2,0.0,0.0,0.16,2.8,10.1,60.0,10.0,30.0,0.15,3.2,20.2,10.0,25.0,25.0,0.15,3.0,20.2,5.0,20.0,25.0,0.15,2.4,16.2,37.5,0.0,0.0,0.22,3.6,19.2,10.5,15.8,0.0,0.2,4.1,14.1,14.3,0.0,0.0,0.22,5.5,13.5,42.9,14.3,14.3,0.18,3.5,18.3,5.3,26.3,21.1,0.2,4.4,20.2,9.5,23.8,9.5,0.21,4.5,14.4,13.3,20.0,0.0,0.23,5.1,19.2,5.0,10.0,10.0,0.24,4.4,14.4,13.3,0.0,0.0,0.23,5.1,20.5,69.6,13.0,8.7,0.13,1.9,16.1,5.6,50.0,16.7,0.15,2.8,12.5,7.1,35.7,28.6,0.15,3.4,17.9,10.0,5.0,30.0,0.17,2.8,21.4,8.3,4.2,16.7,0.17,3.4,11.6,7.7,23.1,0.0,0.23,5.2,12.0,66.7,25.0,0.0,0.16,2.7,19.0,10.5,26.3,31.6,0.17,3.6,17.0,11.8,23.5,17.6,0.18,3.0,19.0,10.5,10.5,36.8,0.16,3.2,20.0,10.0,30.0,0.0,0.17,3.4,13.0,7.7,7.7,0.0,0.19,4.4
20260821,19,3,1800,5044,B1,東京,27.0,58.0,3.73,16.44,3.5,16.67,70,33.82,29,25.0,3711,A2,山口,52.0,53.0,6.04,41.88,6.71,50.0,25,25.71,62,25.0,5127,B1,愛知,29.0,50.0,4.49,20.0,4.56,30.77,20,29.58,26,22.06,4607,A2,福岡,37.0,53.0,5.8,37.4,5.84,40.91,43,36.36,66,26.03,4164,B1,長崎,44.0,51.0,3.81,12.77,2.77,9.09,58,25.0,24,30.56,4557,B1,岡山,36.0,54.0,4.1,17.2,4.69,28.57,29,28.21,51,52.86,13.6,58.3,0.0,0.0,0.13,2.9,15.9,7.1,28.6,7.1,0.15,2.8,17.0,6.7,20.0,40.0,0.13,2.6,18.2,18.8,6.2,0.0,0.1,2.4,18.2,6.2,18.8,0.0,0.15,2.8,17.0,13.3,6.7,0.0,0.21,3.6,21.6,51.5,21.2,18.2,0.15,2.9,13.7,4.8,28.6,23.8,0.16,3.0,19.6,20.0,23.3,36.7,0.15,3.2,12.4,5.3,31.6,36.8,0.13,2.6,17.0,7.7,30.8,19.2,0.15,3.4,15.7,4.2,8.3,8.3,0.17,4.0,11.0,37.5,12.5,0.0,0.21,3.8,21.9,12.5,18.8,18.8,0.2,4.0,16.4,16.7,33.3,16.7,0.19,4.2,12.3,22.2,22.2,0.0,0.26,4.7,19.2,14.3,28.6,0.0,0.22,4.4,19.2,14.3,0.0,0.0,0.28,5.1,17.3,50.0,12.5,16.7,0.18,2.9,16.5,8.7,39.1,13.0,0.18,4.1,16.5,17.4,47.8,0.0,0.17,3.3,16.5,26.1,26.1,0.0,0.2,4.0,19.4,3.7,22.2,25.9,0.17,3.9,13.7,26.3,0.0,0.0,0.17,4.1,15.6,25.0,16.7,8.3,0.16,3.5,18.2,50.0,0.0,0.0,0.17,3.4,18.2,7.1,14.3,21.4,0.19,3.8,19.5,20.0,33.3,0.0,0.21,4.4,16.9,23.1,0.0,0.0,0.19,4.7,11.7,11.1,0.0,0.0,0.22,4.2,17.0,35.3,17.6,11.8,0.16,3.5,14.0,7.1,14.3,21.4,0.18,4.1,15.0,6.7,33.3,0.0,0.19,4.2,14.0,14.3,14.3,28.6,0.24,4.8,18.0,22.2,0.0,0.0,0.18,4.8,22.0,4.5,9.1,0.0,0.27,5.5
20260821,19,4,1800,3477,B1,徳島,55.0,53.0,3.6,10.98,3.46,15.38,52,40.91,37,27.4,5086,B1,長崎,27.0,51.0,3.59,15.25,3.96,20.0,21,42.42,43,41.18,3305,B1,岡山,58.0,53.0,3.57,14.46,4.37,21.15,30,39.39,16,21.43,4063,A1,徳島,46.0,54.0,5.83,37.19,4.7,20.0,48,37.33,54,31.51,4096,A1,長崎,44.0,52.0,6.5,48.67,6.0,30.0,72,22.86,48,18.06,4973,B1,埼玉,34.0,51.0,5.12,31.71,5.67,33.33,36,31.75,22,34.72,12.0,25.0,16.7,16.7,0.17,4.3,19.0,5.3,5.3,21.1,0.2,4.4,17.0,11.8,17.6,0.0,0.18,4.1,20.0,5.0,5.0,20.0,0.2,3.2,18.0,5.6,33.3,0.0,0.18,3.3,14.0,7.1,0.0,0.0,0.2,4.4,14.5,75.0,16.7,0.0,0.18,3.9,15.7,7.7,23.1,0.0,0.2,3.9,14.5,8.3,25.0,0.0,0.21,4.0,15.7,7.7,7.7,0.0,0.15,3.3,22.9,5.3,10.5,0.0,0.23,4.3,16.9,14.3,7.1,0.0,0.22,4.6,19.0,62.5,12.5,6.2,0.18,3.5,17.9,20.0,6.7,0.0,0.17,3.5,13.1,27.3,27.3,0.0,0.17,3.2,16.7,7.1,14.3,0.0,0.16,2.7,19.0,12.5,6.2,0.0,0.16,2.6,14.3,8.3,0.0,0.0,0.18,3.9,22.9,76.7,10.0,6.7,0.12,1.9,18.3,12.5,29.2,12.5,0.11,2.1,16.0,19.0,23.8,4.8,0.15,2.9,14.5,10.5,31.6,26.3,0.16,2.7,16.0,19.0,47.6,0.0,0.16,3.0,12.2,6.2,12.5,25.0,0.14,2.8,23.5,87.5,4.2,0.0,0.11,2.0,12.7,23.1,23.1,0.0,0.18,4.5,16.7,11.8,35.3,17.6,0.19,3.7,12.7,7.7,46.2,30.8,0.15,3.5,16.7,11.8,17.6,5.9,0.14,3.3,17.6,5.6,5.6,44.4,0.16,3.3,19.0,54.2,8.3,16.7,0.15,2.6,17.5,9.1,13.6,13.6,0.16,3.2,14.3,11.1,27.8,11.1,0.15,2.3,18.3,13.0,17.4,0.0,0.16,2.6,15.1,31.6,26.3,0.0,0.18,3.1,15.9,20.0,0.0,0.0,0.2,4.0
20260821,19,5,1800,4822,A2,佐賀,33.0,51.0,6.21,46.55,5.83,42.55,45,20.63,69,43.28,3905,A2,愛知,48.0,53.0,6.09,45.05,6.67,52.78,32,25.64,70,28.77,5077,B1,埼玉,29.0,51.0,3.61,13.43,4.78,22.22,34,27.16,73,34.78,4128,B1,東京,46.0,55.0,5.26,32.47,6.0,0.0,41,25.81,13,27.4,3107,B1,大阪,62.0,51.0,3.6,11.63,2.86,0.0,54,24.68,40,35.71,3304,A1,徳島,58.0,52.0,5.56,32.59,5.6,40.0,17,51.47,30,19.72,17.9,68.2,18.2,0.0,0.13,2.4,14.6,22.2,16.7,27.8,0.16,3.4,17.1,14.3,42.9,23.8,0.15,2.8,19.5,4.2,20.8,25.0,0.18,4.0,10.6,7.7,15.4,15.4,0.19,4.4,20.3,4.0,28.0,0.0,0.21,5.0,18.9,56.0,28.0,0.0,0.17,3.6,14.4,5.3,42.1,21.1,0.15,3.5,18.2,8.3,33.3,29.2,0.15,2.9,20.5,7.4,29.6,18.5,0.15,2.8,15.9,4.8,23.8,28.6,0.17,3.8,12.1,6.2,12.5,25.0,0.18,3.9,11.8,44.4,11.1,0.0,0.23,4.6,21.1,6.2,12.5,18.8,0.16,3.8,13.2,10.0,20.0,0.0,0.18,4.0,17.1,23.1,15.4,0.0,0.18,3.5,26.3,10.0,5.0,20.0,0.17,2.8,10.5,12.5,0.0,0.0,0.21,4.0,14.3,50.0,7.1,7.1,0.14,2.2,20.4,10.0,15.0,25.0,0.15,2.7,17.3,5.9,29.4,5.9,0.14,3.1,9.2,11.1,11.1,11.1,0.16,3.2,22.4,22.7,9.1,22.7,0.14,2.8,16.3,6.2,18.8,0.0,0.12,2.3,13.3,20.0,10.0,10.0,0.15,3.2,21.3,25.0,18.8,0.0,0.18,4.3,20.0,13.3,20.0,0.0,0.18,3.7,14.7,9.1,18.2,0.0,0.19,3.3,18.7,7.1,0.0,0.0,0.19,3.6,12.0,22.2,0.0,0.0,0.2,4.2,20.3,76.7,16.7,6.7,0.16,4.0,18.9,7.1,42.9,32.1,0.19,4.3,15.5,26.1,30.4,17.4,0.17,3.8,14.2,14.3,14.3,23.8,0.18,3.3,18.2,7.4,7.4,37.0,0.17,3.6,12.8,10.5,15.8,0.0,0.19,4.5
20260821,19,6,1800,4992,B1,滋賀,28.0,58.0,5.05,31.03,6.0,25.0,38,39.74,21,41.79,4596,A2,徳島,43.0,52.0,5.89,37.5,6.16,41.94,18,57.97,47,30.56,4370,A1,岡山,39.0,52.0,6.13,44.09,7.78,55.56,50,25.81,35,24.66,4016,B1,愛知,46.0,56.0,5.5,33.33,5.0,12.5,19,29.58,63,38.24,3968,A2,滋賀,50.0,53.0,5.34,31.03,6.39,44.44,73,28.95,20,27.94,3771,B1,東京,52.0,51.0,5.49,32.69,5.28,38.89,60,26.09,28,45.83,12.3,69.2,15.4,0.0,0.17,3.3,18.9,15.0,25.0,15.0,0.15,2.8,17.9,10.5,15.8,21.1,0.16,3.5,17.9,31.6,10.5,10.5,0.13,2.6,17.9,5.3,10.5,0.0,0.16,3.4,15.1,12.5,0.0,0.0,0.19,4.1,16.9,66.7,19.0,4.8,0.13,3.0,16.9,23.8,38.1,23.8,0.15,3.7,16.9,14.3,38.1,14.3,0.16,2.9,17.7,9.1,31.8,0.0,0.17,4.0,15.3,5.3,10.5,21.1,0.15,2.7,16.1,10.0,35.0,0.0,0.17,3.6,20.7,69.6,8.7,8.7,0.13,2.8,14.4,12.5,37.5,18.8,0.14,2.7,25.2,32.1,28.6,10.7,0.13,2.6,17.1,26.3,5.3,26.3,0.15,3.5,10.8,16.7,16.7,16.7,0.15,3.2,11.7,23.1,0.0,0.0,0.14,4.3,14.3,28.6,28.6,28.6,0.17,3.1,17.3,5.9,35.3,23.5,0.19,3.8,16.3,25.0,37.5,0.0,0.14,2.0,19.4,21.1,10.5,15.8,0.16,2.6,17.3,5.9,11.8,11.8,0.18,3.2,15.3,6.7,20.0,6.7,0.16,2.8,19.0,56.5,17.4,17.4,0.14,2.8,15.7,21.1,15.8,21.1,0.18,3.9,15.7,15.8,15.8,31.6,0.16,2.9,15.7,5.3,10.5,52.6,0.19,3.3,16.5,5.0,15.0,30.0,0.19,3.8,17.4,4.8,33.3,0.0,0.24,5.2,17.3,44.4,27.8,16.7,0.14,1.5,19.2,20.0,30.0,20.0,0.16,2.7,14.4,6.7,6.7,40.0,0.12,1.8,19.2,10.0,15.0,30.0,0.15,2.5,18.3,10.5,5.3,10.5,0.14,2.6,11.5,16.7,0.0,0.0,0.18,3.8
20260821,19,7,1800,4164,B1,長崎,44.0,51.0,3.81,12.77,2.77,9.09,58,25.0,24,30.56,4794,A1,兵庫,36.0,55.0,6.74,54.12,6.95,42.11,67,41.43,39,22.06,3945,B1,愛知,50.0,51.0,4.45,20.55,3.8,10.0,46,46.58,57,37.5,3257,A1,福岡,59.0,51.0,6.75,57.84,7.33,66.67,59,33.33,52,19.44,3949,B1,岡山,50.0,57.0,4.09,20.78,3.41,0.0,62,47.14,34,37.14,5457,B2,長崎,20.0,51.0,1.16,0.0,0.0,0.0,26,20.0,19,32.39,15.6,25.0,16.7,8.3,0.16,3.5,18.2,50.0,0.0,0.0,0.17,3.4,18.2,7.1,14.3,21.4,0.19,3.8,19.5,20.0,33.3,0.0,0.21,4.4,16.9,23.1,0.0,0.0,0.19,4.7,11.7,11.1,0.0,0.0,0.22,4.2,19.3,81.0,14.3,0.0,0.1,1.8,17.4,26.3,42.1,10.5,0.16,2.7,16.5,16.7,27.8,16.7,0.16,3.0,22.9,12.0,20.0,24.0,0.13,2.4,13.8,26.7,46.7,0.0,0.11,2.4,10.1,9.1,36.4,0.0,0.13,2.9,12.5,18.2,36.4,0.0,0.23,5.0,17.0,6.7,13.3,6.7,0.21,3.7,19.3,11.8,5.9,29.4,0.18,3.5,18.2,31.2,18.8,0.0,0.22,3.8,20.5,5.6,5.6,0.0,0.2,3.7,12.5,9.1,9.1,0.0,0.21,3.8,22.2,80.0,20.0,0.0,0.13,2.1,67.8,21.3,23.0,9.8,0.13,2.4,4.4,25.0,50.0,0.0,0.13,1.8,5.6,40.0,20.0,0.0,0.17,1.8,0.0,0.0,0.0,0.0,0.0,0.0,0.0,0.0,0.0,0.0,0.0,0.0,13.8,9.1,18.2,0.0,0.2,5.1,15.0,25.0,16.7,0.0,0.17,3.7,17.5,7.1,14.3,21.4,0.19,3.2,16.2,23.1,0.0,0.0,0.17,3.6,26.2,14.3,9.5,0.0,0.17,3.8,11.2,0.0,0.0,0.0,0.23,5.0,0.0,0.0,0.0,0.0,0.0,0.0,0.0,0.0,0.0,0.0,0.0,0.0,0.0,0.0,0.0,0.0,0.0,0.0,0.0,0.0,0.0,0.0,0.0,0.0,0.0,0.0,0.0,0.0,0.0,0.0,0.0,0.0,0.0,0.0,0.0,0.0
20260821,19,8,1800,3484,A2,兵庫,54.0,53.0,5.77,43.27,5.97,44.74,56,33.33,71,30.0,4272,B1,福岡,44.0,57.0,5.01,29.35,5.69,31.25,51,27.14,61,28.57,5086,B1,長崎,27.0,51.0,3.59,15.25,3.96,20.0,21,42.42,43,41.18,5054,A1,大阪,30.0,53.0,6.56,48.61,6.41,45.45,12,39.71,31,36.92,5044,B1,東京,27.0,58.0,3.73,16.44,3.5,16.67,70,33.82,29,25.0,5031,B1,福岡,28.0,54.0,4.99,28.72,4.52,21.74,61,28.79,36,31.43,21.5,58.6,17.2,10.3,0.16,2.8,15.6,28.6,28.6,19.0,0.17,3.0,17.8,16.7,37.5,8.3,0.17,2.8,14.8,20.0,25.0,20.0,0.15,2.7,17.8,4.2,16.7,25.0,0.18,3.8,12.6,5.9,0.0,0.0,0.18,4.4,9.9,37.5,25.0,0.0,0.14,3.0,18.5,13.3,20.0,26.7,0.15,2.8,21.0,23.5,17.6,0.0,0.15,2.8,14.8,16.7,8.3,33.3,0.18,3.5,17.3,7.1,7.1,0.0,0.17,3.9,18.5,6.7,6.7,0.0,0.21,5.0,14.5,75.0,16.7,0.0,0.18,3.9,15.7,7.7,23.1,0.0,0.2,3.9,14.5,8.3,25.0,0.0,0.21,4.0,15.7,7.7,7.7,0.0,0.15,3.3,22.9,5.3,10.5,0.0,0.23,4.3,16.9,14.3,7.1,0.0,0.22,4.6,15.2,73.3,6.7,13.3,0.12,2.3,13.1,7.7,53.8,23.1,0.13,2.8,20.2,15.0,20.0,45.0,0.12,2.6,25.3,8.0,20.0,20.0,0.15,2.8,16.2,56.2,12.5,0.0,0.17,2.9,10.1,30.0,0.0,0.0,0.12,2.5,13.6,58.3,0.0,0.0,0.13,2.9,15.9,7.1,28.6,7.1,0.15,2.8,17.0,6.7,20.0,40.0,0.13,2.6,18.2,18.8,6.2,0.0,0.1,2.4,18.2,6.2,18.8,0.0,0.15,2.8,17.0,13.3,6.7,0.0,0.21,3.6,10.1,60.0,10.0,30.0,0.15,3.2,20.2,10.0,25.0,25.0,0.15,3.0,20.2,5.0,20.0,25.0,0.15,2.4,16.2,37.5,0.0,0.0,0.22,3.6,19.2,10.5,15.8,0.0,0.2,4.1,14.1,14.3,0.0,0.0,0.22,5.5
20260821,19,9,1800,4171,A2,長崎,43.0,53.0,6.21,44.44,6.27,41.82,49,33.33,17,34.72,3305,B1,岡山,58.0,53.0,3.57,14.46,4.37,21.15,30,39.39,16,21.43,3576,A1,福岡,53.0,52.0,6.53,46.36,5.75,37.5,24,39.24,53,34.25,4196,B1,佐賀,44.0,53.0,3.84,20.0,3.62,19.05,23,21.31,44,30.88,5404,B1,山口,22.0,54.0,2.32,4.23,2.0,2.22,22,26.39,59,39.71,3527,B1,長崎,55.0,52.0,5.48,35.64,5.21,32.35,31,46.84,12,29.58,23.4,87.9,3.0,3.0,0.16,3.1,16.3,13.0,43.5,17.4,0.18,3.8,13.5,21.1,21.1,26.3,0.21,3.8,12.1,11.8,11.8,29.4,0.18,4.5,15.6,9.1,18.2,0.0,0.2,4.0,19.1,14.8,25.9,0.0,0.25,5.0,19.0,62.5,12.5,6.2,0.18,3.5,17.9,20.0,6.7,0.0,0.17,3.5,13.1,27.3,27.3,0.0,0.17,3.2,16.7,7.1,14.3,0.0,0.16,2.7,19.0,12.5,6.2,0.0,0.16,2.6,14.3,8.3,0.0,0.0,0.18,3.9,21.1,70.0,20.0,3.3,0.13,2.2,22.5,12.5,40.6,25.0,0.16,3.4,15.5,9.1,22.7,40.9,0.18,3.0,14.1,10.0,25.0,40.0,0.17,3.5,14.8,4.8,33.3,38.1,0.18,3.3,12.0,11.8,52.9,0.0,0.21,4.2,12.0,50.0,16.7,8.3,0.19,3.3,20.0,10.0,15.0,15.0,0.19,3.7,14.0,7.1,14.3,14.3,0.18,3.3,21.0,4.8,33.3,19.0,0.15,2.8,21.0,9.5,0.0,0.0,0.16,3.7,12.0,8.3,0.0,0.0,0.2,4.4,0.0,0.0,0.0,0.0,0.0,0.0,0.0,0.0,0.0,0.0,0.0,0.0,0.0,0.0,0.0,0.0,0.0,0.0,1.3,0.0,0.0,0.0,0.17,6.0,3.9,0.0,0.0,0.0,0.24,3.7,94.7,2.8,8.3,0.0,0.2,4.7,17.4,26.3,36.8,5.3,0.18,3.2,17.4,21.1,15.8,21.1,0.16,3.2,17.4,10.5,26.3,21.1,0.18,4.1,16.5,5.6,22.2,0.0,0.18,3.5,18.3,5.0,15.0,15.0,0.15,3.3,12.8,14.3,7.1,0.0,0.19,4.1
20260821,19,10,1800,4096,A1,長崎,44.0,52.0,6.5,48.67,6.0,30.0,72,22.86,48,18.06,4128,B1,東京,46.0,55.0,5.26,32.47,6.0,0.0,41,25.81,13,27.4,4957,B1,福岡,31.0,56.0,5.56,37.5,4.86,28.57,44,22.06,58,51.43,3711,A2,山口,52.0,53.0,6.04,41.88,6.71,50.0,25,25.71,62,25.0,4016,B1,愛知,46.0,56.0,5.5,33.33,5.0,12.5,19,29.58,63,38.24,3896,B1,滋賀,50.0,51.0,4.92,24.1,5.3,30.0,55,36.84,25,47.14,23.5,87.5,4.2,0.0,0.11,2.0,12.7,23.1,23.1,0.0,0.18,4.5,16.7,11.8,35.3,17.6,0.19,3.7,12.7,7.7,46.2,30.8,0.15,3.5,16.7,11.8,17.6,5.9,0.14,3.3,17.6,5.6,5.6,44.4,0.16,3.3,14.3,50.0,7.1,7.1,0.14,2.2,20.4,10.0,15.0,25.0,0.15,2.7,17.3,5.9,29.4,5.9,0.14,3.1,9.2,11.1,11.1,11.1,0.16,3.2,22.4,22.7,9.1,22.7,0.14,2.8,16.3,6.2,18.8,0.0,0.12,2.3,12.0,66.7,25.0,0.0,0.16,2.7,19.0,10.5,26.3,31.6,0.17,3.6,17.0,11.8,23.5,17.6,0.18,3.0,19.0,10.5,10.5,36.8,0.16,3.2,20.0,10.0,30.0,0.0,0.17,3.4,13.0,7.7,7.7,0.0,0.19,4.4,21.6,51.5,21.2,18.2,0.15,2.9,13.7,4.8,28.6,23.8,0.16,3.0,19.6,20.0,23.3,36.7,0.15,3.2,12.4,5.3,31.6,36.8,0.13,2.6,17.0,7.7,30.8,19.2,0.15,3.4,15.7,4.2,8.3,8.3,0.17,4.0,14.3,28.6,28.6,28.6,0.17,3.1,17.3,5.9,35.3,23.5,0.19,3.8,16.3,25.0,37.5,0.0,0.14,2.0,19.4,21.1,10.5,15.8,0.16,2.6,17.3,5.9,11.8,11.8,0.18,3.2,15.3,6.7,20.0,6.7,0.16,2.8,13.7,42.9,14.3,21.4,0.16,3.4,19.6,15.0,35.0,15.0,0.16,3.0,14.7,13.3,46.7,0.0,0.15,2.9,20.6,19.0,14.3,0.0,0.15,3.5,16.7,5.9,5.9,35.3,0.18,3.0,14.7,6.7,13.3,0.0,0.18,3.5
20260821,19,11,1800,4794,A1,兵庫,36.0,55.0,6.74,54.12,6.95,42.11,67,41.43,39,22.06,3477,B1,徳島,55.0,53.0,3.6,10.98,3.46,15.38,52,40.91,37,27.4,3968,A2,滋賀,50.0,53.0,5.34,31.03,6.39,44.44,73,28.95,20,27.94,4557,B1,岡山,36.0,54.0,4.1,17.2,4.69,28.57,29,28.21,51,52.86,4822,A2,佐賀,33.0,51.0,6.21,46.55,5.83,42.55,45,20.63,69,43.28,3401,B1,香川,58.0,54.0,4.41,25.24,0.0,0.0,40,41.79,49,38.57,19.3,81.0,14.3,0.0,0.1,1.8,17.4,26.3,42.1,10.5,0.16,2.7,16.5,16.7,27.8,16.7,0.16,3.0,22.9,12.0,20.0,24.0,0.13,2.4,13.8,26.7,46.7,0.0,0.11,2.4,10.1,9.1,36.4,0.0,0.13,2.9,12.0,25.0,16.7,16.7,0.17,4.3,19.0,5.3,5.3,21.1,0.2,4.4,17.0,11.8,17.6,0.0,0.18,4.1,20.0,5.0,5.0,20.0,0.2,3.2,18.0,5.6,33.3,0.0,0.18,3.3,14.0,7.1,0.0,0.0,0.2,4.4,19.0,56.5,17.4,17.4,0.14,2.8,15.7,21.1,15.8,21.1,0.18,3.9,15.7,15.8,15.8,31.6,0.16,2.9,15.7,5.3,10.5,52.6,0.19,3.3,16.5,5.0,15.0,30.0,0.19,3.8,17.4,4.8,33.3,0.0,0.24,5.2,17.0,35.3,17.6,11.8,0.16,3.5,14.0,7.1,14.3,21.4,0.18,4.1,15.0,6.7,33.3,0.0,0.19,4.2,14.0,14.3,14.3,28.6,0.24,4.8,18.0,22.2,0.0,0.0,0.18,4.8,22.0,4.5,9.1,0.0,0.27,5.5,17.9,68.2,18.2,0.0,0.13,2.4,14.6,22.2,16.7,27.8,0.16,3.4,17.1,14.3,42.9,23.8,0.15,2.8,19.5,4.2,20.8,25.0,0.18,4.0,10.6,7.7,15.4,15.4,0.19,4.4,20.3,4.0,28.0,0.0,0.21,5.0,13.5,42.9,14.3,14.3,0.18,3.5,18.3,5.3,26.3,21.1,0.2,4.4,20.2,9.5,23.8,9.5,0.21,4.5,14.4,13.3,20.0,0.0,0.23,5.1,19.2,5.0,10.0,10.0,0.24,4.4,14.4,13.3,0.0,0.0,0.23,5.1
20260821,19,12,1800,3257,A1,福岡,59.0,51.0,6.75,57.84,7.33,66.67,59,33.33,52,19.44,4370,A1,岡山,39.0,52.0,6.13,44.09,7.78,55.56,50,25.81,35,24.66,4331,A2,香川,42.0,54.0,6.03,42.5,6.08,36.84,64,22.06,72,26.76,3905,A2,愛知,48.0,53.0,6.09,45.05,6.67,52.78,32,25.64,70,28.77,4063,A1,徳島,46.0,54.0,5.83,37.19,4.7,20.0,48,37.33,54,31.51,4607,A2,福岡,37.0,53.0,5.8,37.4,5.84,40.91,43,36.36,66,26.03,22.2,80.0,20.0,0.0,0.13,2.1,67.8,21.3,23.0,9.8,0.13,2.4,4.4,25.0,50.0,0.0,0.13,1.8,5.6,40.0,20.0,0.0,0.17,1.8,0.0,0.0,0.0,0.0,0.0,0.0,0.0,0.0,0.0,0.0,0.0,0.0,20.7,69.6,8.7,8.7,0.13,2.8,14.4,12.5,37.5,18.8,0.14,2.7,25.2,32.1,28.6,10.7,0.13,2.6,17.1,26.3,5.3,26.3,0.15,3.5,10.8,16.7,16.7,16.7,0.15,3.2,11.7,23.1,0.0,0.0,0.14,4.3,20.5,69.6,13.0,8.7,0.13,1.9,16.1,5.6,50.0,16.7,0.15,2.8,12.5,7.1,35.7,28.6,0.15,3.4,17.9,10.0,5.0,30.0,0.17,2.8,21.4,8.3,4.2,16.7,0.17,3.4,11.6,7.7,23.1,0.0,0.23,5.2,18.9,56.0,28.0,0.0,0.17,3.6,14.4,5.3,42.1,21.1,0.15,3.5,18.2,8.3,33.3,29.2,0.15,2.9,20.5,7.4,29.6,18.5,0.15,2.8,15.9,4.8,23.8,28.6,0.17,3.8,12.1,6.2,12.5,25.0,0.18,3.9,22.9,76.7,10.0,6.7,0.12,1.9,18.3,12.5,29.2,12.5,0.11,2.1,16.0,19.0,23.8,4.8,0.15,2.9,14.5,10.5,31.6,26.3,0.16,2.7,16.0,19.0,47.6,0.0,0.16,3.0,12.2,6.2,12.5,25.0,0.14,2.8,17.3,50.0,12.5,16.7,0.18,2.9,16.5,8.7,39.1,13.0,0.18,4.1,16.5,17.4,47.8,0.0,0.17,3.3,16.5,26.1,26.1,0.0,0.2,4.0,19.4,3.7,22.2,25.9,0.17,3.9,13.7,26.3,0.0,0.0,0.17,4.1
20260821,16,1,1800,4882,B2,広島,30.0,48.0,2.44,4.88,0.0,0.0,44,39.46,25,29.81,3551,B1,福岡,54.0,44.0,3.61,16.0,4.79,35.71,58,34.3,53,25.97,5189,A2,岡山,25.0,46.0,4.98,25.58,5.11,30.97,30,38.38,37,22.97,3435,A2,岡山,57.0,45.0,6.49,44.0,6.58,53.23,42,29.63,71,42.94,5389,B1,福岡,19.0,41.0,2.32,1.19,1.11,0.0,59,27.51,33,39.43,4853,B1,岡山,31.0,45.0,4.7,21.43,3.98,21.51,67,33.33,12,28.83,11.1,28.6,28.6,0.0,0.21,4.0,17.5,18.2,18.2,0.0,0.23,3.9,14.3,11.1,22.2,0.0,0.19,4.1,11.1,14.3,28.6,0.0,0.19,3.1,17.5,9.1,0.0,0.0,0.19,4.1,28.6,5.6,0.0,0.0,0.34,5.6,13.3,27.3,9.1,27.3,0.21,3.6,21.7,11.1,16.7,11.1,0.19,3.1,15.7,7.7,7.7,0.0,0.24,4.6,16.9,7.1,0.0,0.0,0.22,4.0,21.7,5.6,5.6,11.1,0.17,3.2,10.8,11.1,0.0,0.0,0.19,4.1,16.8,54.5,9.1,9.1,0.2,4.3,21.4,17.9,25.0,32.1,0.21,4.5,13.7,27.8,16.7,16.7,0.21,4.2,15.3,5.0,15.0,25.0,0.18,4.5,19.1,8.0,8.0,16.0,0.17,3.9,13.7,16.7,22.2,0.0,0.22,5.2,20.6,61.9,19.0,14.3,0.17,3.3,14.7,20.0,20.0,20.0,0.15,3.4,14.7,6.7,33.3,6.7,0.19,3.8,23.5,8.3,16.7,33.3,0.13,2.6,14.7,26.7,13.3,0.0,0.13,2.7,11.8,8.3,0.0,0.0,0.16,3.6,0.0,0.0,0.0,0.0,0.0,0.0,0.0,0.0,0.0,0.0,0.0,0.0,0.0,0.0,0.0,0.0,0.0,0.0,17.9,8.3,16.7,0.0,0.21,4.4,31.3,4.8,0.0,0.0,0.2,3.8,50.7,2.9,8.8,0.0,0.18,2.9,13.3,30.0,10.0,20.0,0.13,3.2,16.0,8.3,25.0,0.0,0.21,3.8,20.0,20.0,26.7,13.3,0.2,4.4,13.3,10.0,20.0,0.0,0.23,4.3,18.7,7.1,14.3,0.0,0.26,5.5,18.7,0.0,0.0,0.0,0.25,4.8
20260821,16,2,1800,5361,B1,東京,19.0,48.0,2.69,5.88,0.0,0.0,48,23.84,55,29.94,4011,A2,岡山,46.0,46.0,6.45,47.42,5.1,34.43,43,27.16,69,30.72,4878,B1,徳島,31.0,47.0,4.41,21.05,6.7,60.0,49,39.57,32,31.95,4373,A1,岡山,38.0,46.0,6.41,44.64,5.03,24.32,24,31.02,42,36.0,4714,B1,徳島,35.0,48.0,4.68,22.35,5.44,22.22,35,46.56,73,33.92,4997,B2,埼玉,33.0,49.0,3.07,11.9,2.0,0.0,69,36.17,23,34.09,1.4,0.0,0.0,0.0,0.55,6.0,2.7,0.0,0.0,0.0,0.23,3.5,6.8,20.0,0.0,0.0,0.18,4.0,23.3,17.6,0.0,0.0,0.24,3.6,27.4,5.0,5.0,0.0,0.23,4.2,38.4,3.6,7.1,0.0,0.22,4.6,16.3,73.3,6.7,0.0,0.17,3.1,17.4,25.0,31.2,12.5,0.17,3.9,17.4,25.0,18.8,6.2,0.17,2.8,15.2,21.4,14.3,14.3,0.17,2.3,15.2,35.7,0.0,0.0,0.12,3.0,18.5,5.9,5.9,17.6,0.18,3.8,15.5,18.2,18.2,27.3,0.16,3.0,16.9,8.3,8.3,50.0,0.17,3.9,18.3,15.4,23.1,0.0,0.15,2.5,22.5,12.5,6.2,12.5,0.17,2.6,15.5,18.2,9.1,0.0,0.19,3.4,11.3,12.5,0.0,0.0,0.18,3.8,25.4,61.8,17.6,14.7,0.15,2.3,14.9,15.0,50.0,20.0,0.19,3.3,16.4,9.1,22.7,40.9,0.15,3.2,17.9,8.3,20.8,33.3,0.18,3.8,11.2,20.0,0.0,0.0,0.21,4.4,14.2,15.8,42.1,0.0,0.2,4.3,12.5,33.3,8.3,25.0,0.14,2.6,20.8,30.0,20.0,0.0,0.16,3.6,16.7,6.2,25.0,12.5,0.14,3.3,20.8,5.0,20.0,40.0,0.18,4.0,16.7,6.2,6.2,25.0,0.19,3.5,12.5,25.0,0.0,0.0,0.2,4.8,13.0,28.6,42.9,28.6,0.2,2.9,14.8,12.5,25.0,0.0,0.15,4.4,18.5,0.0,0.0,0.0,0.19,3.7,20.4,18.2,9.1,0.0,0.14,2.5,20.4,18.2,0.0,0.0,0.19,3.1,13.0,0.0,0.0,0.0,0.26,4.6
20260821,16,3,1800,4965,B1,兵庫,28.0,50.0,4.54,23.3,4.22,22.22,70,19.64,70,32.95,4536,A2,岡山,36.0,47.0,5.66,36.0,5.82,40.66,54,30.06,45,36.0,5314,B1,東京,25.0,52.0,3.19,11.54,0.0,0.0,46,23.46,51,32.18,4964,A2,岡山,29.0,47.0,6.19,41.44,5.88,36.21,60,44.2,16,22.98,5438,B2,福岡,21.0,51.0,1.61,0.0,1.44,0.0,15,28.65,35,30.59,4998,B2,東京,32.0,47.0,4.49,28.17,4.67,27.78,56,36.51,27,32.02,11.4,22.2,22.2,55.6,0.19,3.3,15.2,8.3,16.7,16.7,0.21,4.7,22.8,11.1,27.8,16.7,0.2,3.5,17.7,7.1,14.3,28.6,0.2,3.5,20.3,25.0,18.8,0.0,0.16,2.5,12.7,0.0,0.0,0.0,0.15,3.6,20.9,59.3,14.8,14.8,0.16,2.4,17.8,26.1,26.1,13.0,0.13,2.4,14.0,11.1,44.4,11.1,0.14,2.2,14.7,15.8,15.8,42.1,0.15,2.6,19.4,8.0,8.0,44.0,0.18,4.0,13.2,5.9,17.6,0.0,0.17,4.3,13.5,30.0,20.0,0.0,0.14,2.8,18.9,7.1,28.6,0.0,0.16,3.1,16.2,8.3,0.0,0.0,0.21,3.2,21.6,18.8,18.8,0.0,0.19,3.0,9.5,0.0,0.0,0.0,0.2,3.7,20.3,6.7,0.0,0.0,0.21,3.9,13.5,53.8,15.4,15.4,0.15,2.1,19.8,21.1,21.1,15.8,0.17,3.3,16.7,25.0,25.0,6.2,0.11,3.3,19.8,10.5,15.8,21.1,0.14,2.7,15.6,6.7,13.3,26.7,0.14,3.2,14.6,7.1,21.4,0.0,0.16,3.8,0.0,0.0,0.0,0.0,0.0,0.0,0.0,0.0,0.0,0.0,0.0,0.0,0.0,0.0,0.0,0.0,0.0,0.0,0.0,0.0,0.0,0.0,0.0,0.0,2.9,0.0,0.0,0.0,0.09,3.5,97.1,1.5,0.0,0.0,0.23,4.6,9.4,66.7,33.3,0.0,0.08,3.0,15.6,20.0,40.0,0.0,0.19,2.4,15.6,20.0,0.0,0.0,0.12,2.6,25.0,12.5,0.0,0.0,0.13,2.3,21.9,14.3,14.3,0.0,0.13,3.0,12.5,0.0,0.0,0.0,0.18,2.8
20260821,16,4,1800,4694,B1,福岡,41.0,45.0,4.53,22.35,3.11,22.22,45,29.26,29,34.68,4050,A1,岡山,45.0,45.0,7.46,57.98,6.57,46.84,36,35.29,63,32.03,4844,B1,広島,33.0,50.0,4.29,22.77,5.12,30.77,14,26.7,52,33.53,4974,A2,岡山,33.0,47.0,5.61,40.37,5.09,30.68,17,38.62,46,30.86,3994,B1,滋賀,47.0,46.0,4.87,26.37,5.5,40.0,21,37.84,64,38.6,5322,B1,埼玉,24.0,44.0,3.2,11.11,1.36,0.0,34,33.16,36,34.86,12.9,44.4,11.1,22.2,0.17,2.7,20.0,14.3,7.1,35.7,0.23,4.8,15.7,9.1,18.2,18.2,0.17,3.1,20.0,7.1,14.3,14.3,0.22,3.8,17.1,8.3,16.7,0.0,0.18,2.9,14.3,10.0,20.0,0.0,0.25,4.6,22.5,72.0,20.0,0.0,0.16,2.4,14.4,25.0,43.8,18.8,0.12,2.4,13.5,20.0,40.0,20.0,0.14,2.7,15.3,5.9,11.8,35.3,0.15,3.9,16.2,11.1,16.7,22.2,0.14,3.1,18.0,5.0,10.0,20.0,0.19,4.3,14.9,40.0,30.0,10.0,0.18,3.4,21.6,6.9,34.5,17.2,0.15,3.3,17.9,4.2,29.2,20.8,0.15,2.7,17.2,8.7,13.0,4.3,0.16,3.5,19.4,3.8,19.2,0.0,0.21,4.1,9.0,0.0,0.0,0.0,0.25,4.9,16.0,37.5,18.8,18.8,0.21,4.3,22.0,18.2,27.3,18.2,0.16,3.2,15.0,13.3,20.0,26.7,0.2,4.1,19.0,26.3,10.5,21.1,0.19,3.2,15.0,20.0,13.3,26.7,0.16,3.3,13.0,23.1,0.0,0.0,0.2,4.0,17.3,52.6,21.1,0.0,0.18,3.1,17.3,36.8,21.1,0.0,0.2,4.1,20.0,9.1,18.2,27.3,0.15,3.5,17.3,10.5,26.3,36.8,0.21,3.7,17.3,10.5,15.8,0.0,0.18,3.4,10.9,16.7,0.0,0.0,0.19,4.4,11.4,12.5,12.5,0.0,0.16,3.9,18.6,7.7,15.4,0.0,0.22,4.3,18.6,7.7,0.0,0.0,0.21,4.3,12.9,0.0,0.0,0.0,0.17,3.4,22.9,6.2,0.0,0.0,0.16,3.7,15.7,9.1,0.0,0.0,0.22,3.6
20260821,16,5,1800,4938,A1,佐賀,28.0,48.0,6.53,47.37,7.44,61.11,28,32.6,75,33.55,4765,B1,福岡,36.0,51.0,4.46,21.05,5.5,40.0,68,32.8,72,31.61,4225,A2,群馬,44.0,46.0,6.06,40.48,7.09,46.88,50,37.57,18,31.76,4720,B1,長崎,32.0,48.0,3.65,16.22,3.74,15.22,57,36.13,26,37.21,4853,B1,岡山,31.0,45.0,4.7,21.43,3.98,21.51,67,33.33,12,28.83,5387,B2,山口,20.0,52.0,1.37,0.0,1.33,0.0,26,32.98,49,50.0,22.0,75.9,13.8,6.9,0.15,2.6,18.2,29.2,37.5,8.3,0.13,2.4,17.4,47.8,17.4,8.7,0.11,3.0,14.4,21.1,21.1,10.5,0.18,3.3,16.7,9.1,9.1,27.3,0.13,3.2,11.4,6.7,33.3,0.0,0.19,3.9,16.8,43.8,6.2,18.8,0.14,2.8,14.7,14.3,35.7,7.1,0.13,2.3,16.8,18.8,18.8,18.8,0.14,1.9,21.1,10.0,5.0,5.0,0.14,2.7,16.8,6.2,12.5,12.5,0.1,2.5,13.7,7.7,7.7,0.0,0.11,2.3,21.3,63.2,31.6,0.0,0.13,2.3,15.7,14.3,35.7,28.6,0.14,2.4,19.1,41.2,29.4,0.0,0.13,2.1,10.1,33.3,44.4,0.0,0.15,2.9,21.3,5.3,26.3,0.0,0.18,2.6,12.4,18.2,0.0,0.0,0.17,3.7,14.0,23.1,7.7,23.1,0.21,3.6,18.3,29.4,23.5,11.8,0.18,3.2,20.4,5.3,31.6,0.0,0.21,3.7,15.1,35.7,0.0,0.0,0.19,3.3,18.3,5.9,5.9,0.0,0.18,3.6,14.0,15.4,0.0,0.0,0.23,3.5,13.3,30.0,10.0,20.0,0.13,3.2,16.0,8.3,25.0,0.0,0.21,3.8,20.0,20.0,26.7,13.3,0.2,4.4,13.3,10.0,20.0,0.0,0.23,4.3,18.7,7.1,14.3,0.0,0.26,5.5,18.7,0.0,0.0,0.0,0.25,4.8,0.0,0.0,0.0,0.0,0.0,0.0,0.0,0.0,0.0,0.0,0.0,0.0,0.0,0.0,0.0,0.0,0.0,0.0,17.1,0.0,0.0,0.0,0.25,4.3,23.7,5.6,0.0,0.0,0.19,3.8,59.2,0.0,0.0,0.0,0.19,3.8
20260821,16,6,1800,3618,A1,広島,52.0,44.0,6.43,50.0,6.81,47.62,53,34.57,48,31.36,5193,A1,福岡,25.0,47.0,6.71,49.11,5.97,48.28,13,32.62,66,29.03,5317,B1,岡山,25.0,45.0,4.59,19.47,3.56,12.5,38,34.36,21,26.92,5297,B1,兵庫,24.0,49.0,3.69,17.0,1.78,3.7,32,25.15,67,27.27,4882,B2,広島,30.0,48.0,2.44,4.88,0.0,0.0,44,39.46,25,29.81,4994,A2,佐賀,28.0,47.0,6.41,48.8,5.84,31.58,55,49.47,60,28.95,23.0,60.7,21.4,7.1,0.17,3.5,18.0,18.2,27.3,9.1,0.17,3.4,17.2,33.3,23.8,4.8,0.18,3.1,13.1,6.2,37.5,18.8,0.18,2.7,12.3,6.7,33.3,20.0,0.16,3.4,16.4,5.0,10.0,10.0,0.25,4.9,21.3,69.0,13.8,10.3,0.15,2.7,15.4,42.9,23.8,14.3,0.13,2.8,16.9,21.7,34.8,26.1,0.14,2.8,13.2,5.6,22.2,27.8,0.16,4.0,17.6,8.3,20.8,25.0,0.16,3.2,15.4,4.8,33.3,0.0,0.19,4.0,12.2,28.6,28.6,21.4,0.17,2.7,16.5,5.3,21.1,21.1,0.16,3.5,17.4,30.0,35.0,0.0,0.15,3.2,22.6,3.8,11.5,30.8,0.17,3.7,18.3,9.5,14.3,0.0,0.17,3.2,13.0,6.7,13.3,0.0,0.18,4.2,11.7,16.7,25.0,0.0,0.25,3.9,20.4,9.5,23.8,0.0,0.21,3.7,18.4,5.3,10.5,10.5,0.19,3.4,17.5,11.1,0.0,0.0,0.21,4.3,22.3,8.7,13.0,0.0,0.24,4.3,9.7,0.0,0.0,0.0,0.24,4.6,11.1,28.6,28.6,0.0,0.21,4.0,17.5,18.2,18.2,0.0,0.23,3.9,14.3,11.1,22.2,0.0,0.19,4.1,11.1,14.3,28.6,0.0,0.19,3.1,17.5,9.1,0.0,0.0,0.19,4.1,28.6,5.6,0.0,0.0,0.34,5.6,22.1,60.9,26.1,4.3,0.16,3.2,13.5,21.4,35.7,14.3,0.14,3.4,19.2,5.0,50.0,20.0,0.15,2.9,13.5,21.4,28.6,0.0,0.18,3.9,16.3,11.8,23.5,0.0,0.17,3.6,15.4,12.5,18.8,0.0,0.19,4.3
20260821,16,7,1800,4373,A1,岡山,38.0,46.0,6.41,44.64,5.03,24.32,24,31.02,42,36.0,4893,B1,東京,35.0,47.0,5.14,33.33,5.47,31.58,33,23.33,28,23.33,5188,A2,兵庫,25.0,45.0,5.98,40.0,5.68,35.48,25,25.84,40,31.21,3551,B1,福岡,54.0,44.0,3.61,16.0,4.79,35.71,58,34.3,53,25.97,4208,A1,静岡,43.0,46.0,7.22,59.69,6.1,40.0,19,38.17,58,36.78,5438,B2,福岡,21.0,51.0,1.61,0.0,1.44,0.0,15,28.65,35,30.59,25.4,61.8,17.6,14.7,0.15,2.3,14.9,15.0,50.0,20.0,0.19,3.3,16.4,9.1,22.7,40.9,0.15,3.2,17.9,8.3,20.8,33.3,0.18,3.8,11.2,20.0,0.0,0.0,0.21,4.4,14.2,15.8,42.1,0.0,0.2,4.3,17.6,53.3,6.7,20.0,0.15,2.5,16.5,14.3,21.4,21.4,0.17,3.2,18.8,25.0,12.5,6.2,0.15,2.5,14.1,8.3,33.3,0.0,0.17,2.7,18.8,18.8,12.5,6.2,0.14,2.8,14.1,8.3,0.0,0.0,0.18,2.9,16.9,70.0,10.0,5.0,0.18,3.3,14.4,29.4,23.5,11.8,0.16,3.4,19.5,13.0,21.7,34.8,0.19,3.8,14.4,11.8,17.6,17.6,0.14,2.9,21.2,8.0,20.0,24.0,0.18,3.3,13.6,6.2,12.5,6.2,0.14,3.7,13.3,27.3,9.1,27.3,0.21,3.6,21.7,11.1,16.7,11.1,0.19,3.1,15.7,7.7,7.7,0.0,0.24,4.6,16.9,7.1,0.0,0.0,0.22,4.0,21.7,5.6,5.6,11.1,0.17,3.2,10.8,11.1,0.0,0.0,0.19,4.1,23.6,65.5,17.2,10.3,0.16,2.9,17.1,19.0,28.6,14.3,0.15,3.3,13.0,12.5,12.5,25.0,0.16,2.9,17.9,27.3,9.1,22.7,0.13,2.6,17.1,19.0,4.8,52.4,0.16,3.0,11.4,14.3,14.3,14.3,0.17,3.7,0.0,0.0,0.0,0.0,0.0,0.0,0.0,0.0,0.0,0.0,0.0,0.0,0.0,0.0,0.0,0.0,0.0,0.0,0.0,0.0,0.0,0.0,0.0,0.0,2.9,0.0,0.0,0.0,0.09,3.5,97.1,1.5,0.0,0.0,0.23,4.6
20260821,16,8,1800,4525,B1,福岡,38.0,46.0,4.53,25.0,3.25,12.5,41,32.97,20,29.34,5003,B1,兵庫,30.0,47.0,4.95,35.29,4.17,27.78,20,48.92,62,33.14,4482,A1,岡山,37.0,46.0,5.95,38.27,7.21,59.4,37,31.15,11,25.49,5189,A2,岡山,25.0,46.0,4.98,25.58,5.11,30.97,30,38.38,37,22.97,4190,B2,静岡,45.0,50.0,6.87,47.76,6.22,22.22,52,27.72,54,39.66,4878,B1,徳島,31.0,47.0,4.41,21.05,6.7,60.0,49,39.57,32,31.95,13.8,54.5,9.1,9.1,0.16,2.5,22.5,22.2,33.3,16.7,0.11,2.3,18.8,26.7,20.0,0.0,0.14,2.1,17.5,7.1,35.7,0.0,0.14,2.9,16.2,23.1,0.0,0.0,0.15,3.5,11.2,11.1,0.0,0.0,0.12,2.9,14.3,56.2,18.8,0.0,0.19,3.5,18.8,9.5,19.0,19.0,0.15,3.7,20.5,8.7,17.4,8.7,0.17,3.6,22.3,8.0,20.0,20.0,0.16,2.8,17.0,15.8,10.5,0.0,0.14,2.5,7.1,0.0,0.0,0.0,0.18,2.9,22.4,71.4,14.3,3.6,0.13,2.1,16.8,19.0,28.6,28.6,0.18,3.6,15.2,10.5,10.5,15.8,0.16,4.1,17.6,22.7,18.2,27.3,0.17,3.6,18.4,13.0,17.4,13.0,0.17,3.0,9.6,16.7,8.3,33.3,0.22,4.9,16.8,54.5,9.1,9.1,0.2,4.3,21.4,17.9,25.0,32.1,0.21,4.5,13.7,27.8,16.7,16.7,0.21,4.2,15.3,5.0,15.0,25.0,0.18,4.5,19.1,8.0,8.0,16.0,0.17,3.9,13.7,16.7,22.2,0.0,0.22,5.2,40.0,100.0,0.0,0.0,0.15,2.5,20.0,100.0,0.0,0.0,0.16,4.0,0.0,0.0,0.0,0.0,0.0,0.0,10.0,100.0,0.0,0.0,0.22,4.0,20.0,50.0,0.0,0.0,0.17,2.0,10.0,0.0,0.0,0.0,0.16,5.0,15.5,18.2,18.2,27.3,0.16,3.0,16.9,8.3,8.3,50.0,0.17,3.9,18.3,15.4,23.1,0.0,0.15,2.5,22.5,12.5,6.2,12.5,0.17,2.6,15.5,18.2,9.1,0.0,0.19,3.4,11.3,12.5,0.0,0.0,0.18,3.8
20260821,16,9,1800,4825,A1,東京,32.0,48.0,7.0,53.6,0.0,0.0,64,32.07,65,34.86,5314,B1,東京,25.0,52.0,3.19,11.54,0.0,0.0,46,23.46,51,32.18,4974,A2,岡山,33.0,47.0,5.61,40.37,5.09,30.68,17,38.62,46,30.86,5389,B1,福岡,19.0,41.0,2.32,1.19,1.11,0.0,59,27.51,33,39.43,4011,A2,岡山,46.0,46.0,6.45,47.42,5.1,34.43,43,27.16,69,30.72,5435,B2,広島,21.0,50.0,1.33,0.0,1.38,0.0,11,32.46,31,37.36,20.6,55.0,15.0,10.0,0.17,2.3,18.6,16.7,22.2,27.8,0.13,2.6,17.5,23.5,23.5,17.6,0.13,3.1,16.5,25.0,31.2,12.5,0.14,2.4,15.5,13.3,13.3,26.7,0.14,2.5,11.3,27.3,18.2,0.0,0.14,3.0,13.5,30.0,20.0,0.0,0.14,2.8,18.9,7.1,28.6,0.0,0.16,3.1,16.2,8.3,0.0,0.0,0.21,3.2,21.6,18.8,18.8,0.0,0.19,3.0,9.5,0.0,0.0,0.0,0.2,3.7,20.3,6.7,0.0,0.0,0.21,3.9,16.0,37.5,18.8,18.8,0.21,4.3,22.0,18.2,27.3,18.2,0.16,3.2,15.0,13.3,20.0,26.7,0.2,4.1,19.0,26.3,10.5,21.1,0.19,3.2,15.0,20.0,13.3,26.7,0.16,3.3,13.0,23.1,0.0,0.0,0.2,4.0,0.0,0.0,0.0,0.0,0.0,0.0,0.0,0.0,0.0,0.0,0.0,0.0,0.0,0.0,0.0,0.0,0.0,0.0,17.9,8.3,16.7,0.0,0.21,4.4,31.3,4.8,0.0,0.0,0.2,3.8,50.7,2.9,8.8,0.0,0.18,2.9,16.3,73.3,6.7,0.0,0.17,3.1,17.4,25.0,31.2,12.5,0.17,3.9,17.4,25.0,18.8,6.2,0.17,2.8,15.2,21.4,14.3,14.3,0.17,2.3,15.2,35.7,0.0,0.0,0.12,3.0,18.5,5.9,5.9,17.6,0.18,3.8,0.0,0.0,0.0,0.0,0.0,0.0,0.0,0.0,0.0,0.0,0.0,0.0,0.0,0.0,0.0,0.0,0.0,0.0,0.0,0.0,0.0,0.0,0.0,0.0,1.6,0.0,0.0,0.0,0.26,4.0,98.4,0.0,0.0,0.0,0.22,4.7
20260821,16,10,1800,4765,B1,福岡,36.0,51.0,4.46,21.05,5.5,40.0,68,32.8,72,31.61,3435,A2,岡山,57.0,45.0,6.49,44.0,6.58,53.23,42,29.63,71,42.94,5193,A1,福岡,25.0,47.0,6.71,49.11,5.97,48.28,13,32.62,66,29.03,5361,B1,東京,19.0,48.0,2.69,5.88,0.0,0.0,48,23.84,55,29.94,4536,A2,岡山,36.0,47.0,5.66,36.0,5.82,40.66,54,30.06,45,36.0,5180,B2,山口,28.0,47.0,4.45,25.53,3.22,11.11,16,37.1,13,30.67,16.8,43.8,6.2,18.8,0.14,2.8,14.7,14.3,35.7,7.1,0.13,2.3,16.8,18.8,18.8,18.8,0.14,1.9,21.1,10.0,5.0,5.0,0.14,2.7,16.8,6.2,12.5,12.5,0.1,2.5,13.7,7.7,7.7,0.0,0.11,2.3,20.6,61.9,19.0,14.3,0.17,3.3,14.7,20.0,20.0,20.0,0.15,3.4,14.7,6.7,33.3,6.7,0.19,3.8,23.5,8.3,16.7,33.3,0.13,2.6,14.7,26.7,13.3,0.0,0.13,2.7,11.8,8.3,0.0,0.0,0.16,3.6,21.3,69.0,13.8,10.3,0.15,2.7,15.4,42.9,23.8,14.3,0.13,2.8,16.9,21.7,34.8,26.1,0.14,2.8,13.2,5.6,22.2,27.8,0.16,4.0,17.6,8.3,20.8,25.0,0.16,3.2,15.4,4.8,33.3,0.0,0.19,4.0,1.4,0.0,0.0,0.0,0.55,6.0,2.7,0.0,0.0,0.0,0.23,3.5,6.8,20.0,0.0,0.0,0.18,4.0,23.3,17.6,0.0,0.0,0.24,3.6,27.4,5.0,5.0,0.0,0.23,4.2,38.4,3.6,7.1,0.0,0.22,4.6,20.9,59.3,14.8,14.8,0.16,2.4,17.8,26.1,26.1,13.0,0.13,2.4,14.0,11.1,44.4,11.1,0.14,2.2,14.7,15.8,15.8,42.1,0.15,2.6,19.4,8.0,8.0,44.0,0.18,4.0,13.2,5.9,17.6,0.0,0.17,4.3,11.1,50.0,0.0,0.0,0.2,5.0,19.4,14.3,0.0,0.0,0.2,4.1,13.9,0.0,0.0,0.0,0.23,4.2,22.2,12.5,25.0,0.0,0.19,3.6,22.2,12.5,0.0,0.0,0.22,3.3,11.1,25.0,0.0,0.0,0.26,4.8
20260821,16,11,1800,4050,A1,岡山,45.0,45.0,7.46,57.98,6.57,46.84,36,35.29,63,32.03,4964,A2,岡山,29.0,47.0,6.19,41.44,5.88,36.21,60,44.2,16,22.98,4208,A1,静岡,43.0,46.0,7.22,59.69,6.1,40.0,19,38.17,58,36.78,4997,B2,埼玉,33.0,49.0,3.07,11.9,2.0,0.0,69,36.17,23,34.09,4994,A2,佐賀,28.0,47.0,6.41,48.8,5.84,31.58,55,49.47,60,28.95,4720,B1,長崎,32.0,48.0,3.65,16.22,3.74,15.22,57,36.13,26,37.21,22.5,72.0,20.0,0.0,0.16,2.4,14.4,25.0,43.8,18.8,0.12,2.4,13.5,20.0,40.0,20.0,0.14,2.7,15.3,5.9,11.8,35.3,0.15,3.9,16.2,11.1,16.7,22.2,0.14,3.1,18.0,5.0,10.0,20.0,0.19,4.3,13.5,53.8,15.4,15.4,0.15,2.1,19.8,21.1,21.1,15.8,0.17,3.3,16.7,25.0,25.0,6.2,0.11,3.3,19.8,10.5,15.8,21.1,0.14,2.7,15.6,6.7,13.3,26.7,0.14,3.2,14.6,7.1,21.4,0.0,0.16,3.8,23.6,65.5,17.2,10.3,0.16,2.9,17.1,19.0,28.6,14.3,0.15,3.3,13.0,12.5,12.5,25.0,0.16,2.9,17.9,27.3,9.1,22.7,0.13,2.6,17.1,19.0,4.8,52.4,0.16,3.0,11.4,14.3,14.3,14.3,0.17,3.7,13.0,28.6,42.9,28.6,0.2,2.9,14.8,12.5,25.0,0.0,0.15,4.4,18.5,0.0,0.0,0.0,0.19,3.7,20.4,18.2,9.1,0.0,0.14,2.5,20.4,18.2,0.0,0.0,0.19,3.1,13.0,0.0,0.0,0.0,0.26,4.6,22.1,60.9,26.1,4.3,0.16,3.2,13.5,21.4,35.7,14.3,0.14,3.4,19.2,5.0,50.0,20.0,0.15,2.9,13.5,21.4,28.6,0.0,0.18,3.9,16.3,11.8,23.5,0.0,0.17,3.6,15.4,12.5,18.8,0.0,0.19,4.3,14.0,23.1,7.7,23.1,0.21,3.6,18.3,29.4,23.5,11.8,0.18,3.2,20.4,5.3,31.6,0.0,0.21,3.7,15.1,35.7,0.0,0.0,0.19,3.3,18.3,5.9,5.9,0.0,0.18,3.6,14.0,15.4,0.0,0.0,0.23,3.5
20260821,16,12,1800,4482,A1,岡山,37.0,46.0,5.95,38.27,7.21,59.4,37,31.15,11,25.49,4225,A2,群馬,44.0,46.0,6.06,40.48,7.09,46.88,50,37.57,18,31.76,3994,B1,滋賀,47.0,46.0,4.87,26.37,5.5,40.0,21,37.84,64,38.6,3618,A1,広島,52.0,44.0,6.43,50.0,6.81,47.62,53,34.57,48,31.36,4965,B1,兵庫,28.0,50.0,4.54,23.3,4.22,22.22,70,19.64,70,32.95,5188,A2,兵庫,25.0,45.0,5.98,40.0,5.68,35.48,25,25.84,40,31.21,22.4,71.4,14.3,3.6,0.13,2.1,16.8,19.0,28.6,28.6,0.18,3.6,15.2,10.5,10.5,15.8,0.16,4.1,17.6,22.7,18.2,27.3,0.17,3.6,18.4,13.0,17.4,13.0,0.17,3.0,9.6,16.7,8.3,33.3,0.22,4.9,21.3,63.2,31.6,0.0,0.13,2.3,15.7,14.3,35.7,28.6,0.14,2.4,19.1,41.2,29.4,0.0,0.13,2.1,10.1,33.3,44.4,0.0,0.15,2.9,21.3,5.3,26.3,0.0,0.18,2.6,12.4,18.2,0.0,0.0,0.17,3.7,17.3,52.6,21.1,0.0,0.18,3.1,17.3,36.8,21.1,0.0,0.2,4.1,20.0,9.1,18.2,27.3,0.15,3.5,17.3,10.5,26.3,36.8,0.21,3.7,17.3,10.5,15.8,0.0,0.18,3.4,10.9,16.7,0.0,0.0,0.19,4.4,23.0,60.7,21.4,7.1,0.17,3.5,18.0,18.2,27.3,9.1,0.17,3.4,17.2,33.3,23.8,4.8,0.18,3.1,13.1,6.2,37.5,18.8,0.18,2.7,12.3,6.7,33.3,20.0,0.16,3.4,16.4,5.0,10.0,10.0,0.25,4.9,11.4,22.2,22.2,55.6,0.19,3.3,15.2,8.3,16.7,16.7,0.21,4.7,22.8,11.1,27.8,16.7,0.2,3.5,17.7,7.1,14.3,28.6,0.2,3.5,20.3,25.0,18.8,0.0,0.16,2.5,12.7,0.0,0.0,0.0,0.15,3.6,16.9,70.0,10.0,5.0,0.18,3.3,14.4,29.4,23.5,11.8,0.16,3.4,19.5,13.0,21.7,34.8,0.19,3.8,14.4,11.8,17.6,17.6,0.14,2.9,21.2,8.0,20.0,24.0,0.18,3.3,13.6,6.2,12.5,6.2,0.14,3.7
20260821,15,1,1800,5326,B1,香川,22.0,47.0,5.17,32.54,3.09,12.95,46,35.74,52,53.57,4154,B1,香川,46.0,53.0,5.19,36.27,5.08,31.76,31,29.68,36,36.36,3701,B1,香川,53.0,57.0,4.21,15.79,4.08,22.61,53,35.32,8,26.32,4010,B1,香川,46.0,58.0,4.45,17.86,3.76,12.62,35,30.09,21,28.57,3543,B1,香川,57.0,55.0,4.93,29.82,5.98,39.17,25,32.56,19,29.17,3832,B2,香川,51.0,55.0,3.08,3.92,4.57,23.6,64,31.98,18,14.29,12.6,40.0,6.7,0.0,0.22,4.1,18.5,9.1,31.8,4.5,0.17,3.4,17.6,4.8,28.6,4.8,0.18,2.8,17.6,9.5,4.8,23.8,0.2,3.7,16.0,5.3,5.3,5.3,0.18,4.0,17.6,9.5,4.8,9.5,0.19,4.0,17.3,35.3,11.8,17.6,0.21,4.6,16.3,6.2,37.5,18.8,0.18,3.6,15.3,26.7,13.3,0.0,0.2,3.9,22.4,4.5,18.2,31.8,0.18,4.0,13.3,7.7,15.4,0.0,0.22,4.6,15.3,6.7,6.7,0.0,0.25,5.5,9.3,14.3,42.9,0.0,0.15,3.9,18.7,7.1,21.4,14.3,0.18,4.3,20.0,13.3,0.0,0.0,0.2,4.1,17.3,7.7,7.7,0.0,0.17,3.3,21.3,6.2,6.2,12.5,0.14,2.9,13.3,10.0,10.0,0.0,0.14,4.0,11.8,54.5,9.1,9.1,0.16,2.6,16.1,13.3,13.3,0.0,0.16,3.3,22.6,9.5,19.0,0.0,0.16,3.5,19.4,11.1,27.8,0.0,0.15,3.8,21.5,5.0,10.0,0.0,0.18,3.4,8.6,12.5,0.0,0.0,0.23,5.5,15.6,41.7,33.3,0.0,0.16,4.4,15.6,25.0,16.7,16.7,0.17,3.6,15.6,8.3,33.3,16.7,0.15,2.5,19.5,20.0,26.7,6.7,0.16,2.9,22.1,5.9,17.6,0.0,0.15,2.9,11.7,33.3,0.0,0.0,0.19,3.6,12.5,25.0,0.0,0.0,0.11,2.0,12.5,0.0,0.0,0.0,0.19,3.5,28.1,11.1,11.1,0.0,0.17,3.0,12.5,25.0,25.0,0.0,0.15,2.5,15.6,20.0,0.0,0.0,0.15,3.2,18.8,0.0,0.0,0.0,0.15,3.8
20260821,15,2,1800,4669,B1,福岡,41.0,54.0,4.69,23.53,5.19,25.0,48,44.69,33,27.27,3478,B1,香川,55.0,52.0,5.26,31.37,5.01,23.58,24,39.25,20,29.63,5173,B1,香川,24.0,47.0,5.14,35.56,4.48,28.15,30,40.64,34,50.0,5241,B1,香川,26.0,48.0,5.26,32.65,4.63,27.21,27,36.79,49,37.04,3265,A2,福岡,61.0,52.0,6.41,49.37,5.48,38.71,51,34.19,4,28.57,5037,B1,香川,28.0,52.0,5.8,46.59,6.12,44.87,16,33.65,31,66.67,13.3,45.5,45.5,9.1,0.14,2.8,19.3,6.2,25.0,31.2,0.14,2.9,21.7,11.1,22.2,33.3,0.14,3.2,18.1,6.7,13.3,20.0,0.2,3.9,18.1,6.7,26.7,0.0,0.19,3.9,9.6,12.5,0.0,0.0,0.18,4.1,13.8,69.2,15.4,7.7,0.14,2.8,17.0,12.5,12.5,18.8,0.16,3.3,20.2,10.5,5.3,26.3,0.16,3.4,12.8,8.3,25.0,25.0,0.18,3.3,21.3,5.0,15.0,20.0,0.15,3.2,14.9,7.1,21.4,0.0,0.22,5.0,15.7,64.7,17.6,0.0,0.13,2.6,16.7,22.2,11.1,27.8,0.15,3.3,16.7,11.1,22.2,22.2,0.13,2.1,15.7,5.9,23.5,11.8,0.16,2.6,17.6,10.5,21.1,0.0,0.14,2.8,17.6,10.5,0.0,0.0,0.18,3.6,13.5,25.0,25.0,16.7,0.2,4.3,14.6,30.8,38.5,0.0,0.18,4.4,21.3,10.5,31.6,21.1,0.17,3.1,11.2,10.0,10.0,0.0,0.19,4.3,16.9,6.7,6.7,26.7,0.16,2.8,22.5,5.0,10.0,10.0,0.18,3.5,32.6,46.4,14.3,17.9,0.16,2.9,67.4,12.1,24.1,15.5,0.14,3.3,0.0,0.0,0.0,0.0,0.0,0.0,0.0,0.0,0.0,0.0,0.0,0.0,0.0,0.0,0.0,0.0,0.0,0.0,0.0,0.0,0.0,0.0,0.0,0.0,12.0,36.4,18.2,9.1,0.18,3.3,16.3,26.7,26.7,20.0,0.16,3.4,18.5,17.6,35.3,17.6,0.18,3.5,16.3,20.0,20.0,33.3,0.15,3.0,16.3,20.0,20.0,0.0,0.23,4.5,20.7,5.3,10.5,10.5,0.18,4.1
20260821,15,3,1800,5291,B1,香川,25.0,50.0,4.17,18.49,2.94,9.48,13,28.3,22,32.0,3907,B1,香川,48.0,55.0,5.22,34.86,5.64,40.25,59,34.5,38,44.44,4220,B1,香川,44.0,55.0,4.89,31.68,4.88,31.03,37,32.05,48,28.57,5032,A2,香川,28.0,52.0,5.13,33.06,5.3,32.52,40,31.72,17,34.48,3710,B1,香川,52.0,55.0,4.77,26.26,4.58,22.47,6,33.18,50,33.33,3975,A2,香川,49.0,52.0,5.56,34.58,5.39,33.33,2,34.3,46,34.78,10.9,9.1,18.2,9.1,0.19,4.2,17.8,16.7,38.9,0.0,0.18,4.3,18.8,21.1,10.5,0.0,0.21,4.6,20.8,14.3,9.5,0.0,0.26,4.6,13.9,14.3,0.0,0.0,0.25,5.1,17.8,11.1,0.0,0.0,0.26,5.6,17.6,63.6,18.2,0.0,0.17,3.5,14.4,11.1,16.7,27.8,0.16,3.6,18.4,4.3,34.8,26.1,0.16,3.0,16.8,4.8,28.6,28.6,0.15,3.8,16.0,20.0,20.0,0.0,0.16,3.2,16.8,9.5,0.0,0.0,0.16,4.2,15.0,75.0,0.0,0.0,0.18,3.9,17.5,7.1,35.7,14.3,0.19,3.9,20.0,12.5,6.2,12.5,0.18,3.8,17.5,7.1,14.3,0.0,0.18,4.1,18.8,6.7,20.0,13.3,0.18,4.1,11.2,0.0,0.0,0.0,0.16,3.0,16.4,47.4,26.3,15.8,0.16,3.0,17.2,10.0,15.0,45.0,0.15,2.9,17.2,20.0,10.0,15.0,0.14,2.5,19.8,8.7,17.4,17.4,0.18,3.9,14.7,11.8,17.6,23.5,0.16,2.8,14.7,11.8,35.3,0.0,0.19,3.6,14.9,26.7,40.0,0.0,0.17,3.3,16.8,5.9,23.5,23.5,0.17,3.6,19.8,10.0,25.0,0.0,0.16,3.9,19.8,10.0,15.0,20.0,0.19,4.2,18.8,5.3,10.5,21.1,0.2,4.0,9.9,20.0,0.0,0.0,0.2,4.5,14.3,61.5,23.1,7.7,0.14,2.2,19.8,16.7,22.2,22.2,0.15,3.3,17.6,12.5,50.0,25.0,0.13,2.8,15.4,42.9,7.1,35.7,0.12,1.7,18.7,11.8,0.0,0.0,0.13,2.6,14.3,7.7,46.2,0.0,0.14,2.8
20260821,15,4,1800,5265,B1,香川,26.0,46.0,3.77,16.67,3.14,10.16,7,43.4,13,10.53,3568,B1,香川,55.0,56.0,4.04,21.65,5.17,30.97,14,34.95,58,33.33,4452,A2,香川,38.0,52.0,5.21,34.23,5.41,33.33,45,38.77,53,35.71,4437,A2,香川,40.0,55.0,6.05,46.9,6.21,46.7,8,40.29,45,13.04,3908,A1,香川,47.0,57.0,5.81,38.39,6.69,45.45,41,29.25,44,29.63,3660,B1,香川,57.0,60.0,3.69,13.48,4.1,17.53,12,37.68,35,22.22,10.4,36.4,18.2,0.0,0.15,2.8,20.8,4.5,27.3,0.0,0.15,3.4,17.0,5.6,5.6,16.7,0.14,3.2,18.9,15.0,10.0,15.0,0.13,3.0,17.0,5.6,11.1,0.0,0.18,3.8,16.0,0.0,0.0,0.0,0.17,3.4,16.3,37.5,25.0,6.2,0.15,3.0,22.4,9.1,4.5,18.2,0.19,3.9,19.4,5.3,5.3,26.3,0.17,3.3,19.4,15.8,21.1,10.5,0.17,2.9,14.3,7.1,7.1,0.0,0.17,3.8,8.2,12.5,0.0,0.0,0.15,4.1,21.3,48.1,29.6,7.4,0.16,3.2,16.5,14.3,19.0,9.5,0.15,3.4,15.7,25.0,15.0,25.0,0.15,2.8,13.4,29.4,17.6,0.0,0.2,4.4,18.1,21.7,8.7,0.0,0.2,4.3,15.0,5.3,10.5,10.5,0.19,4.7,21.0,61.5,19.2,3.8,0.14,2.3,16.9,4.8,52.4,4.8,0.17,3.6,16.9,9.5,38.1,14.3,0.15,3.5,13.7,23.5,23.5,17.6,0.17,3.1,16.1,30.0,25.0,0.0,0.17,4.2,15.3,26.3,0.0,0.0,0.17,3.7,24.1,64.3,10.7,3.6,0.14,2.9,15.5,27.8,22.2,16.7,0.18,3.7,16.4,21.1,26.3,10.5,0.13,2.5,12.9,33.3,20.0,20.0,0.15,2.8,19.8,34.8,21.7,4.3,0.15,2.7,11.2,7.7,30.8,0.0,0.15,3.8,11.7,22.2,11.1,0.0,0.18,4.0,18.2,7.1,14.3,0.0,0.18,4.4,18.2,7.1,0.0,0.0,0.21,3.9,19.5,26.7,0.0,0.0,0.19,3.9,22.1,5.9,5.9,5.9,0.2,4.8,10.4,12.5,0.0,0.0,0.19,5.0
20260821,15,5,1800,4643,A2,香川,33.0,53.0,6.81,53.19,6.75,50.0,66,31.9,51,29.63,5257,A1,香川,22.0,51.0,6.46,45.71,5.73,36.97,28,36.19,57,26.92,4894,B1,香川,35.0,51.0,4.43,19.19,4.76,22.31,29,46.05,28,20.0,3910,B1,香川,52.0,52.0,4.1,18.89,4.29,20.93,34,40.57,66,44.83,3837,A2,香川,51.0,53.0,6.48,46.08,6.11,41.78,9,32.09,16,19.23,4393,B1,福岡,40.0,58.0,4.21,19.75,6.0,0.0,62,34.51,61,46.67,19.3,70.6,11.8,5.9,0.11,1.8,17.0,20.0,40.0,6.7,0.11,2.5,14.8,30.8,23.1,15.4,0.12,2.5,20.5,5.6,27.8,27.8,0.14,3.2,17.0,6.7,26.7,13.3,0.14,2.4,11.4,10.0,20.0,0.0,0.2,3.5,21.2,61.8,11.8,14.7,0.14,3.0,16.2,23.1,34.6,15.4,0.19,3.4,17.5,10.7,28.6,28.6,0.15,2.8,14.4,21.7,13.0,17.4,0.16,2.9,18.1,10.3,20.7,27.6,0.15,3.2,12.5,15.0,20.0,0.0,0.15,3.5,15.6,52.9,17.6,5.9,0.16,3.4,14.7,6.2,25.0,37.5,0.22,4.0,18.3,20.0,40.0,0.0,0.2,4.5,20.2,13.6,18.2,22.7,0.17,3.7,16.5,38.9,0.0,0.0,0.18,4.2,14.7,25.0,0.0,0.0,0.21,4.8,14.4,26.7,6.7,20.0,0.17,2.7,21.2,9.1,9.1,18.2,0.13,2.4,17.3,16.7,22.2,0.0,0.15,3.4,13.5,21.4,7.1,0.0,0.17,3.6,19.2,10.0,5.0,0.0,0.18,4.1,14.4,6.7,6.7,13.3,0.21,4.7,19.5,73.9,17.4,0.0,0.15,3.1,14.4,11.8,29.4,35.3,0.17,2.9,17.8,19.0,28.6,28.6,0.14,3.0,16.9,10.0,25.0,15.0,0.18,3.5,15.3,16.7,11.1,22.2,0.18,4.1,16.1,15.8,10.5,0.0,0.2,4.1,11.6,27.3,27.3,18.2,0.13,2.3,21.1,5.0,20.0,30.0,0.18,4.0,17.9,5.9,29.4,11.8,0.16,3.4,15.8,6.7,20.0,0.0,0.2,5.0,14.7,7.1,7.1,0.0,0.2,4.5,18.9,5.6,0.0,0.0,0.27,5.7
20260821,15,6,1800,4348,A2,香川,40.0,55.0,5.94,43.8,5.94,39.72,57,35.62,63,25.0,4313,A2,香川,42.0,49.0,5.26,33.68,5.89,42.42,55,35.09,64,20.0,3832,B2,香川,51.0,55.0,3.08,3.92,4.57,23.6,64,31.98,18,14.29,4511,B1,香川,37.0,58.0,4.66,21.28,4.78,24.1,3,33.17,12,21.74,4821,B1,香川,34.0,55.0,5.2,32.29,5.32,34.21,43,31.0,59,20.0,5298,A1,香川,24.0,52.0,7.29,57.58,5.23,35.48,54,41.38,37,31.25,19.2,43.5,26.1,8.7,0.18,3.0,11.7,14.3,35.7,21.4,0.17,3.3,17.5,4.8,42.9,19.0,0.15,3.6,22.5,3.7,18.5,33.3,0.16,3.3,15.8,15.8,31.6,0.0,0.16,3.3,13.3,6.2,37.5,0.0,0.19,4.8,17.3,73.7,15.8,10.5,0.16,3.1,15.5,17.6,41.2,11.8,0.16,2.9,18.2,30.0,25.0,5.0,0.13,2.3,19.1,28.6,14.3,14.3,0.13,2.8,13.6,13.3,20.0,0.0,0.14,2.6,16.4,33.3,0.0,0.0,0.17,3.6,12.5,25.0,0.0,0.0,0.11,2.0,12.5,0.0,0.0,0.0,0.19,3.5,28.1,11.1,11.1,0.0,0.17,3.0,12.5,25.0,25.0,0.0,0.15,2.5,15.6,20.0,0.0,0.0,0.15,3.2,18.8,0.0,0.0,0.0,0.15,3.8,15.6,33.3,26.7,26.7,0.14,2.4,15.6,6.7,33.3,0.0,0.22,3.9,14.6,14.3,28.6,0.0,0.17,2.7,18.8,11.1,22.2,22.2,0.19,3.1,17.7,41.2,0.0,0.0,0.17,3.6,17.7,11.8,17.6,0.0,0.18,4.6,12.0,36.4,27.3,9.1,0.18,4.2,18.5,23.5,17.6,0.0,0.2,4.6,16.3,20.0,26.7,26.7,0.2,4.5,17.4,12.5,25.0,18.8,0.18,4.6,21.7,15.0,10.0,25.0,0.19,4.4,14.1,7.7,15.4,0.0,0.21,4.0,18.6,79.2,8.3,0.0,0.18,4.0,14.0,16.7,38.9,11.1,0.15,2.9,17.1,13.6,22.7,36.4,0.13,2.7,19.4,24.0,32.0,28.0,0.15,3.0,14.0,16.7,16.7,44.4,0.2,3.6,17.1,4.5,18.2,31.8,0.14,3.8
20260821,15,7,1800,5224,A1,香川,25.0,51.0,7.35,51.38,7.01,48.73,20,50.93,29,18.52,3710,B1,香川,52.0,55.0,4.77,26.26,4.58,22.47,6,33.18,50,33.33,3265,A2,福岡,61.0,52.0,6.41,49.37,5.48,38.71,51,34.19,4,28.57,5291,B1,香川,25.0,50.0,4.17,18.49,2.94,9.48,13,28.3,22,32.0,5037,B1,香川,28.0,52.0,5.8,46.59,6.12,44.87,16,33.65,31,66.67,4030,A1,香川,48.0,49.0,6.92,39.83,7.07,48.0,32,40.09,9,25.0,21.9,86.7,10.0,0.0,0.15,2.7,16.1,22.7,36.4,4.5,0.13,2.7,16.1,13.6,27.3,45.5,0.14,3.2,13.9,10.5,31.6,26.3,0.14,3.1,15.3,4.8,19.0,28.6,0.15,3.7,16.8,13.0,39.1,0.0,0.17,4.2,14.9,26.7,40.0,0.0,0.17,3.3,16.8,5.9,23.5,23.5,0.17,3.6,19.8,10.0,25.0,0.0,0.16,3.9,19.8,10.0,15.0,20.0,0.19,4.2,18.8,5.3,10.5,21.1,0.2,4.0,9.9,20.0,0.0,0.0,0.2,4.5,32.6,46.4,14.3,17.9,0.16,2.9,67.4,12.1,24.1,15.5,0.14,3.3,0.0,0.0,0.0,0.0,0.0,0.0,0.0,0.0,0.0,0.0,0.0,0.0,0.0,0.0,0.0,0.0,0.0,0.0,0.0,0.0,0.0,0.0,0.0,0.0,10.9,9.1,18.2,9.1,0.19,4.2,17.8,16.7,38.9,0.0,0.18,4.3,18.8,21.1,10.5,0.0,0.21,4.6,20.8,14.3,9.5,0.0,0.26,4.6,13.9,14.3,0.0,0.0,0.25,5.1,17.8,11.1,0.0,0.0,0.26,5.6,12.0,36.4,18.2,9.1,0.18,3.3,16.3,26.7,26.7,20.0,0.16,3.4,18.5,17.6,35.3,17.6,0.18,3.5,16.3,20.0,20.0,33.3,0.15,3.0,16.3,20.0,20.0,0.0,0.23,4.5,20.7,5.3,10.5,10.5,0.18,4.1,19.6,59.3,18.5,0.0,0.14,3.9,16.7,39.1,21.7,0.0,0.15,3.6,17.4,16.7,20.8,33.3,0.15,3.4,15.9,9.1,27.3,22.7,0.11,2.6,15.9,4.5,4.5,40.9,0.13,2.8,14.5,5.0,5.0,0.0,0.16,4.4
20260821,15,8,1800,5241,B1,香川,26.0,48.0,5.26,32.65,4.63,27.21,27,36.79,49,37.04,4452,A2,香川,38.0,52.0,5.21,34.23,5.41,33.33,45,38.77,53,35.71,5032,A2,香川,28.0,52.0,5.13,33.06,5.3,32.52,40,31.72,17,34.48,3701,B1,香川,53.0,57.0,4.21,15.79,4.08,22.61,53,35.32,8,26.32,4154,B1,香川,46.0,53.0,5.19,36.27,5.08,31.76,31,29.68,36,36.36,4669,B1,福岡,41.0,54.0,4.69,23.53,5.19,25.0,48,44.69,33,27.27,13.5,25.0,25.0,16.7,0.2,4.3,14.6,30.8,38.5,0.0,0.18,4.4,21.3,10.5,31.6,21.1,0.17,3.1,11.2,10.0,10.0,0.0,0.19,4.3,16.9,6.7,6.7,26.7,0.16,2.8,22.5,5.0,10.0,10.0,0.18,3.5,21.3,48.1,29.6,7.4,0.16,3.2,16.5,14.3,19.0,9.5,0.15,3.4,15.7,25.0,15.0,25.0,0.15,2.8,13.4,29.4,17.6,0.0,0.2,4.4,18.1,21.7,8.7,0.0,0.2,4.3,15.0,5.3,10.5,10.5,0.19,4.7,16.4,47.4,26.3,15.8,0.16,3.0,17.2,10.0,15.0,45.0,0.15,2.9,17.2,20.0,10.0,15.0,0.14,2.5,19.8,8.7,17.4,17.4,0.18,3.9,14.7,11.8,17.6,23.5,0.16,2.8,14.7,11.8,35.3,0.0,0.19,3.6,9.3,14.3,42.9,0.0,0.15,3.9,18.7,7.1,21.4,14.3,0.18,4.3,20.0,13.3,0.0,0.0,0.2,4.1,17.3,7.7,7.7,0.0,0.17,3.3,21.3,6.2,6.2,12.5,0.14,2.9,13.3,10.0,10.0,0.0,0.14,4.0,17.3,35.3,11.8,17.6,0.21,4.6,16.3,6.2,37.5,18.8,0.18,3.6,15.3,26.7,13.3,0.0,0.2,3.9,22.4,4.5,18.2,31.8,0.18,4.0,13.3,7.7,15.4,0.0,0.22,4.6,15.3,6.7,6.7,0.0,0.25,5.5,13.3,45.5,45.5,9.1,0.14,2.8,19.3,6.2,25.0,31.2,0.14,2.9,21.7,11.1,22.2,33.3,0.14,3.2,18.1,6.7,13.3,20.0,0.2,3.9,18.1,6.7,26.7,0.0,0.19,3.9,9.6,12.5,0.0,0.0,0.18,4.1
20260821,15,9,1800,3975,A2,香川,49.0,52.0,5.56,34.58,5.39,33.33,2,34.3,46,34.78,3837,A2,香川,51.0,53.0,6.48,46.08,6.11,41.78,9,32.09,16,19.23,4529,A1,香川,37.0,54.0,5.73,38.46,5.51,37.38,58,34.36,27,54.17,3907,B1,香川,48.0,55.0,5.22,34.86,5.64,40.25,59,34.5,38,44.44,3568,B1,香川,55.0,56.0,4.04,21.65,5.17,30.97,14,34.95,58,33.33,5173,B1,香川,24.0,47.0,5.14,35.56,4.48,28.15,30,40.64,34,50.0,14.3,61.5,23.1,7.7,0.14,2.2,19.8,16.7,22.2,22.2,0.15,3.3,17.6,12.5,50.0,25.0,0.13,2.8,15.4,42.9,7.1,35.7,0.12,1.7,18.7,11.8,0.0,0.0,0.13,2.6,14.3,7.7,46.2,0.0,0.14,2.8,19.5,73.9,17.4,0.0,0.15,3.1,14.4,11.8,29.4,35.3,0.17,2.9,17.8,19.0,28.6,28.6,0.14,3.0,16.9,10.0,25.0,15.0,0.18,3.5,15.3,16.7,11.1,22.2,0.18,4.1,16.1,15.8,10.5,0.0,0.2,4.1,18.6,68.4,15.8,10.5,0.12,1.7,15.7,6.2,43.8,25.0,0.12,2.4,14.7,26.7,26.7,20.0,0.12,2.2,15.7,18.8,12.5,43.8,0.15,3.1,20.6,4.8,28.6,14.3,0.15,3.1,14.7,13.3,26.7,0.0,0.17,3.3,17.6,63.6,18.2,0.0,0.17,3.5,14.4,11.1,16.7,27.8,0.16,3.6,18.4,4.3,34.8,26.1,0.16,3.0,16.8,4.8,28.6,28.6,0.15,3.8,16.0,20.0,20.0,0.0,0.16,3.2,16.8,9.5,0.0,0.0,0.16,4.2,16.3,37.5,25.0,6.2,0.15,3.0,22.4,9.1,4.5,18.2,0.19,3.9,19.4,5.3,5.3,26.3,0.17,3.3,19.4,15.8,21.1,10.5,0.17,2.9,14.3,7.1,7.1,0.0,0.17,3.8,8.2,12.5,0.0,0.0,0.15,4.1,15.7,64.7,17.6,0.0,0.13,2.6,16.7,22.2,11.1,27.8,0.15,3.3,16.7,11.1,22.2,22.2,0.13,2.1,15.7,5.9,23.5,11.8,0.16,2.6,17.6,10.5,21.1,0.0,0.14,2.8,17.6,10.5,0.0,0.0,0.18,3.6
20260821,15,10,1800,5298,A1,香川,24.0,52.0,7.29,57.58,5.23,35.48,54,41.38,37,31.25,3908,A1,香川,47.0,57.0,5.81,38.39,6.69,45.45,41,29.25,44,29.63,4313,A2,香川,42.0,49.0,5.26,33.68,5.89,42.42,55,35.09,64,20.0,4220,B1,香川,44.0,55.0,4.89,31.68,4.88,31.03,37,32.05,48,28.57,3478,B1,香川,55.0,52.0,5.26,31.37,5.01,23.58,24,39.25,20,29.63,4643,A2,香川,33.0,53.0,6.81,53.19,6.75,50.0,66,31.9,51,29.63,18.6,79.2,8.3,0.0,0.18,4.0,14.0,16.7,38.9,11.1,0.15,2.9,17.1,13.6,22.7,36.4,0.13,2.7,19.4,24.0,32.0,28.0,0.15,3.0,14.0,16.7,16.7,44.4,0.2,3.6,17.1,4.5,18.2,31.8,0.14,3.8,24.1,64.3,10.7,3.6,0.14,2.9,15.5,27.8,22.2,16.7,0.18,3.7,16.4,21.1,26.3,10.5,0.13,2.5,12.9,33.3,20.0,20.0,0.15,2.8,19.8,34.8,21.7,4.3,0.15,2.7,11.2,7.7,30.8,0.0,0.15,3.8,17.3,73.7,15.8,10.5,0.16,3.1,15.5,17.6,41.2,11.8,0.16,2.9,18.2,30.0,25.0,5.0,0.13,2.3,19.1,28.6,14.3,14.3,0.13,2.8,13.6,13.3,20.0,0.0,0.14,2.6,16.4,33.3,0.0,0.0,0.17,3.6,15.0,75.0,0.0,0.0,0.18,3.9,17.5,7.1,35.7,14.3,0.19,3.9,20.0,12.5,6.2,12.5,0.18,3.8,17.5,7.1,14.3,0.0,0.18,4.1,18.8,6.7,20.0,13.3,0.18,4.1,11.2,0.0,0.0,0.0,0.16,3.0,13.8,69.2,15.4,7.7,0.14,2.8,17.0,12.5,12.5,18.8,0.16,3.3,20.2,10.5,5.3,26.3,0.16,3.4,12.8,8.3,25.0,25.0,0.18,3.3,21.3,5.0,15.0,20.0,0.15,3.2,14.9,7.1,21.4,0.0,0.22,5.0,19.3,70.6,11.8,5.9,0.11,1.8,17.0,20.0,40.0,6.7,0.11,2.5,14.8,30.8,23.1,15.4,0.12,2.5,20.5,5.6,27.8,27.8,0.14,3.2,17.0,6.7,26.7,13.3,0.14,2.4,11.4,10.0,20.0,0.0,0.2,3.5
20260821,15,11,1800,4030,A1,香川,48.0,49.0,6.92,39.83,7.07,48.0,32,40.09,9,25.0,4437,A2,香川,40.0,55.0,6.05,46.9,6.21,46.7,8,40.29,45,13.04,4010,B1,香川,46.0,58.0,4.45,17.86,3.76,12.62,35,30.09,21,28.57,5224,A1,香川,25.0,51.0,7.35,51.38,7.01,48.73,20,50.93,29,18.52,5257,A1,香川,22.0,51.0,6.46,45.71,5.73,36.97,28,36.19,57,26.92,4348,A2,香川,40.0,55.0,5.94,43.8,5.94,39.72,57,35.62,63,25.0,19.6,59.3,18.5,0.0,0.14,3.9,16.7,39.1,21.7,0.0,0.15,3.6,17.4,16.7,20.8,33.3,0.15,3.4,15.9,9.1,27.3,22.7,0.11,2.6,15.9,4.5,4.5,40.9,0.13,2.8,14.5,5.0,5.0,0.0,0.16,4.4,21.0,61.5,19.2,3.8,0.14,2.3,16.9,4.8,52.4,4.8,0.17,3.6,16.9,9.5,38.1,14.3,0.15,3.5,13.7,23.5,23.5,17.6,0.17,3.1,16.1,30.0,25.0,0.0,0.17,4.2,15.3,26.3,0.0,0.0,0.17,3.7,11.8,54.5,9.1,9.1,0.16,2.6,16.1,13.3,13.3,0.0,0.16,3.3,22.6,9.5,19.0,0.0,0.16,3.5,19.4,11.1,27.8,0.0,0.15,3.8,21.5,5.0,10.0,0.0,0.18,3.4,8.6,12.5,0.0,0.0,0.23,5.5,21.9,86.7,10.0,0.0,0.15,2.7,16.1,22.7,36.4,4.5,0.13,2.7,16.1,13.6,27.3,45.5,0.14,3.2,13.9,10.5,31.6,26.3,0.14,3.1,15.3,4.8,19.0,28.6,0.15,3.7,16.8,13.0,39.1,0.0,0.17,4.2,21.2,61.8,11.8,14.7,0.14,3.0,16.2,23.1,34.6,15.4,0.19,3.4,17.5,10.7,28.6,28.6,0.15,2.8,14.4,21.7,13.0,17.4,0.16,2.9,18.1,10.3,20.7,27.6,0.15,3.2,12.5,15.0,20.0,0.0,0.15,3.5,19.2,43.5,26.1,8.7,0.18,3.0,11.7,14.3,35.7,21.4,0.17,3.3,17.5,4.8,42.9,19.0,0.15,3.6,22.5,3.7,18.5,33.3,0.16,3.3,15.8,15.8,31.6,0.0,0.16,3.3,13.3,6.2,37.5,0.0,0.19,4.8
20260821,15,12,1800,5043,A1,香川,27.0,53.0,7.09,55.56,6.66,49.6,36,35.47,3,21.74,4739,A1,香川,34.0,50.0,6.83,58.72,6.54,48.72,15,36.97,56,30.77,5299,A2,香川,23.0,52.0,5.88,41.24,4.52,24.78,60,42.48,54,46.43,4583,B1,香川,36.0,52.0,5.43,34.62,5.72,37.89,26,32.11,24,50.0,4772,A1,香川,33.0,55.0,7.07,56.19,6.92,54.93,1,32.72,14,52.0,5136,A1,香川,26.0,54.0,6.13,44.44,6.53,47.37,52,38.59,62,38.46,17.6,65.2,21.7,0.0,0.13,2.6,16.8,9.1,27.3,9.1,0.14,3.2,15.3,25.0,20.0,25.0,0.13,2.9,14.5,15.8,31.6,21.1,0.13,2.4,19.8,15.4,15.4,11.5,0.14,2.9,16.0,14.3,23.8,0.0,0.12,3.2,19.2,69.6,21.7,4.3,0.13,2.9,20.0,16.7,37.5,8.3,0.15,3.4,16.7,10.0,35.0,20.0,0.14,3.2,20.0,4.2,41.7,16.7,0.14,3.4,13.3,12.5,12.5,6.2,0.16,2.9,10.8,7.7,15.4,38.5,0.17,4.2,13.7,62.5,31.2,6.2,0.17,3.2,17.1,25.0,20.0,10.0,0.16,3.6,16.2,10.5,26.3,5.3,0.15,2.6,22.2,23.1,15.4,15.4,0.17,2.9,17.9,19.0,19.0,0.0,0.13,3.0,12.8,13.3,13.3,0.0,0.11,2.8,17.6,45.5,22.7,4.5,0.16,2.5,16.0,5.0,20.0,35.0,0.14,2.9,18.4,8.7,30.4,21.7,0.13,2.8,17.6,13.6,9.1,22.7,0.16,3.0,12.0,6.7,26.7,0.0,0.15,3.2,18.4,21.7,0.0,0.0,0.18,4.2,19.4,79.2,8.3,8.3,0.11,2.0,14.5,11.1,50.0,11.1,0.11,2.8,20.2,20.0,28.0,12.0,0.11,2.0,15.3,15.8,26.3,21.1,0.08,1.7,16.9,4.8,19.0,28.6,0.11,2.3,13.7,11.8,11.8,0.0,0.14,3.4,19.8,76.9,15.4,0.0,0.12,1.9,19.8,26.9,15.4,11.5,0.14,2.9,16.0,14.3,19.0,33.3,0.14,2.2,13.0,17.6,29.4,23.5,0.13,2.3,14.5,10.5,26.3,21.1,0.14,2.6,16.8,13.6,36.4,0.0,0.17,4.6
20260821,13,1,1800,5154,B1,広島,30.0,53.0,4.72,26.21,4.7,30.0,54,44.05,34,38.2,4103,B1,埼玉,47.0,53.0,3.47,6.33,4.14,0.0,24,32.61,22,34.09,4848,A1,福岡,31.0,52.0,7.64,50.49,6.86,50.0,15,40.0,47,18.29,3564,B1,福岡,56.0,54.0,4.19,25.93,4.46,20.83,1,36.36,49,35.44,4988,B1,静岡,29.0,56.0,4.68,33.33,4.16,31.58,18,44.83,24,28.41,5133,B1,東京,27.0,52.0,6.06,41.03,3.63,6.25,9,46.67,54,32.58,12.6,50.0,7.1,28.6,0.17,2.6,16.2,11.1,16.7,33.3,0.16,3.4,22.5,20.0,8.0,24.0,0.16,3.1,11.7,7.7,15.4,0.0,0.2,3.6,21.6,8.3,12.5,0.0,0.21,4.1,15.3,5.9,17.6,0.0,0.18,4.2,15.6,33.3,25.0,0.0,0.25,5.3,16.9,30.8,0.0,0.0,0.18,4.5,19.5,6.7,20.0,0.0,0.21,3.9,20.8,18.8,6.2,0.0,0.22,4.9,14.3,9.1,0.0,0.0,0.23,4.8,13.0,10.0,0.0,0.0,0.31,5.8,18.3,65.0,25.0,5.0,0.14,3.5,19.3,19.0,33.3,9.5,0.14,3.6,15.6,23.5,41.2,11.8,0.15,3.8,14.7,6.2,43.8,18.8,0.14,3.8,20.2,9.1,4.5,18.2,0.16,3.6,11.9,23.1,0.0,0.0,0.14,3.4,11.2,23.1,38.5,7.7,0.16,3.8,18.1,19.0,9.5,28.6,0.17,3.5,18.1,14.3,14.3,4.8,0.17,3.6,22.4,11.5,23.1,15.4,0.16,3.2,19.8,4.3,4.3,13.0,0.18,3.5,10.3,0.0,0.0,0.0,0.13,3.8,13.0,78.6,14.3,0.0,0.14,2.3,14.8,62.5,12.5,0.0,0.14,2.9,20.4,9.1,18.2,13.6,0.13,2.7,17.6,10.5,5.3,15.8,0.14,2.8,15.7,5.9,17.6,0.0,0.14,2.5,18.5,5.0,0.0,0.0,0.18,3.6,17.6,43.8,25.0,12.5,0.19,4.4,16.5,6.7,26.7,0.0,0.23,5.1,17.6,25.0,25.0,25.0,0.23,4.3,16.5,13.3,20.0,0.0,0.24,4.6,15.4,14.3,7.1,35.7,0.2,4.4,16.5,6.7,26.7,0.0,0.22,5.3
20260821,13,2,1800,4301,B1,福岡,43.0,54.0,4.41,23.29,6.73,27.27,12,46.59,20,28.4,5011,B1,長崎,29.0,52.0,4.09,20.88,0.0,0.0,6,21.25,48,34.48,3370,B1,大阪,59.0,53.0,3.58,16.67,4.05,14.29,62,27.38,39,35.23,5396,B2,兵庫,24.0,50.0,2.32,3.03,2.02,2.04,33,26.44,57,41.11,4329,B1,福岡,43.0,52.0,4.78,25.51,2.56,0.0,7,34.44,40,25.3,3839,B1,静岡,51.0,64.0,3.01,10.0,0.0,0.0,29,29.55,36,47.5,12.7,40.0,50.0,0.0,0.18,4.1,20.3,6.2,25.0,0.0,0.19,4.1,21.5,17.6,29.4,0.0,0.2,3.9,22.8,11.1,11.1,11.1,0.19,4.1,16.5,15.4,7.7,7.7,0.21,3.8,6.3,0.0,0.0,0.0,0.26,4.2,12.6,27.3,27.3,18.2,0.14,2.6,18.4,12.5,12.5,0.0,0.14,3.6,18.4,25.0,18.8,0.0,0.15,3.2,19.5,5.9,11.8,0.0,0.14,2.6,14.9,7.7,0.0,0.0,0.16,2.9,16.1,7.1,7.1,0.0,0.18,3.7,13.5,33.3,8.3,25.0,0.17,3.3,23.6,4.8,9.5,4.8,0.21,4.4,14.6,15.4,30.8,0.0,0.16,2.7,16.9,20.0,6.7,0.0,0.16,3.6,22.5,5.0,10.0,0.0,0.16,3.4,9.0,12.5,12.5,0.0,0.26,5.1,0.0,0.0,0.0,0.0,0.0,0.0,0.0,0.0,0.0,0.0,0.0,0.0,0.0,0.0,0.0,0.0,0.0,0.0,22.0,7.7,7.7,0.0,0.19,4.2,22.0,7.7,7.7,0.0,0.17,3.4,55.9,0.0,0.0,0.0,0.22,4.5,14.1,42.9,35.7,7.1,0.16,2.6,16.2,12.5,12.5,37.5,0.16,3.1,15.2,13.3,6.7,0.0,0.15,2.3,20.2,5.0,10.0,50.0,0.17,3.4,19.2,10.5,31.6,0.0,0.17,3.4,15.2,13.3,0.0,0.0,0.25,4.3,13.6,7.1,28.6,14.3,0.14,2.6,16.5,5.9,5.9,0.0,0.17,3.4,19.4,10.0,20.0,0.0,0.19,3.1,17.5,16.7,5.6,0.0,0.19,3.2,17.5,22.2,0.0,0.0,0.21,3.9,15.5,6.2,18.8,0.0,0.23,4.9
20260821,13,3,1800,4549,A2,福岡,37.0,53.0,6.32,46.24,4.91,18.18,27,22.37,56,45.0,4702,A1,東京,39.0,52.0,5.95,45.24,7.0,44.44,36,35.56,23,28.21,4327,B1,静岡,43.0,52.0,4.01,19.19,3.89,22.22,31,31.11,66,26.74,3964,B1,長崎,47.0,55.0,3.88,14.29,4.73,26.67,21,21.11,16,20.48,3550,B1,愛知,55.0,54.0,5.71,41.09,2.89,11.11,19,23.19,58,30.0,5350,B1,兵庫,22.0,52.0,5.15,27.88,3.01,5.06,42,17.07,41,34.57,18.9,50.0,11.1,22.2,0.14,3.3,16.8,18.8,25.0,25.0,0.19,3.9,13.7,7.7,15.4,30.8,0.17,3.8,16.8,12.5,18.8,25.0,0.2,4.5,22.1,28.6,19.0,0.0,0.22,4.6,11.6,36.4,0.0,0.0,0.2,4.8,20.3,79.2,12.5,0.0,0.13,2.8,19.5,21.7,30.4,4.3,0.15,2.9,13.6,37.5,6.2,18.8,0.16,3.8,13.6,18.8,31.2,18.8,0.14,3.2,16.1,26.3,10.5,15.8,0.15,2.3,16.9,25.0,15.0,0.0,0.13,3.3,15.2,18.8,37.5,25.0,0.17,3.9,14.3,6.7,40.0,0.0,0.19,4.1,20.0,19.0,23.8,0.0,0.19,3.6,18.1,26.3,0.0,0.0,0.19,4.0,21.0,4.5,13.6,0.0,0.21,4.0,11.4,16.7,0.0,0.0,0.22,4.8,11.7,27.3,36.4,18.2,0.17,3.5,20.2,5.3,21.1,36.8,0.18,3.5,20.2,5.3,26.3,15.8,0.18,3.5,18.1,23.5,0.0,0.0,0.18,4.2,20.2,5.3,21.1,0.0,0.25,4.6,9.6,11.1,22.2,0.0,0.21,3.9,17.6,52.4,28.6,4.8,0.14,3.1,18.5,13.6,22.7,18.2,0.17,3.5,17.6,23.8,23.8,4.8,0.14,2.7,19.3,17.4,17.4,13.0,0.17,3.1,12.6,46.7,0.0,0.0,0.16,2.6,14.3,5.9,0.0,0.0,0.16,3.3,10.5,18.2,9.1,0.0,0.14,2.7,14.3,6.7,6.7,13.3,0.15,2.7,20.0,19.0,4.8,19.0,0.13,2.2,19.0,10.0,20.0,5.0,0.16,2.6,19.0,5.0,10.0,25.0,0.15,2.9,17.1,5.6,11.1,27.8,0.14,2.4
20260821,13,4,1800,4376,A2,静岡,42.0,53.0,5.75,42.52,5.67,28.57,28,25.0,55,34.09,4839,A2,徳島,36.0,53.0,6.13,44.96,6.16,43.75,35,38.37,68,17.91,4340,B2,三重,42.0,54.0,3.61,19.44,4.12,17.65,20,25.56,28,23.38,3596,B1,埼玉,57.0,58.0,4.34,17.19,4.44,22.22,47,26.58,64,39.29,5441,B1,愛知,20.0,49.0,3.35,8.77,2.71,0.0,52,20.99,32,33.33,4259,A2,長崎,42.0,53.0,5.72,35.51,5.73,45.45,53,33.33,63,27.71,18.9,77.8,3.7,3.7,0.13,1.7,18.2,7.7,38.5,15.4,0.14,3.0,16.1,17.4,26.1,26.1,0.14,2.5,14.0,25.0,15.0,15.0,0.17,3.3,14.7,9.5,4.8,9.5,0.17,3.0,18.2,3.8,3.8,7.7,0.18,4.3,20.0,50.0,15.0,0.0,0.13,2.7,19.0,26.3,26.3,21.1,0.13,2.4,15.0,13.3,33.3,13.3,0.16,3.0,15.0,6.7,26.7,26.7,0.15,2.6,18.0,11.1,27.8,0.0,0.19,3.7,13.0,7.7,30.8,0.0,0.14,3.7,0.0,0.0,0.0,0.0,0.0,0.0,0.0,0.0,0.0,0.0,0.0,0.0,0.0,0.0,0.0,0.0,0.0,0.0,0.0,0.0,0.0,0.0,0.0,0.0,0.0,0.0,0.0,0.0,0.0,0.0,0.0,0.0,0.0,0.0,0.0,0.0,13.1,36.4,27.3,0.0,0.15,3.9,15.5,7.7,15.4,0.0,0.21,4.1,21.4,16.7,22.2,0.0,0.14,2.6,20.2,5.9,5.9,0.0,0.16,2.9,16.7,7.1,7.1,0.0,0.17,2.4,13.1,9.1,0.0,0.0,0.19,3.0,0.0,0.0,0.0,0.0,0.0,0.0,0.0,0.0,0.0,0.0,0.0,0.0,0.0,0.0,0.0,0.0,0.0,0.0,0.0,0.0,0.0,0.0,0.0,0.0,1.0,100.0,0.0,0.0,0.17,5.0,99.0,5.2,10.4,11.5,0.17,3.4,19.9,55.6,22.2,11.1,0.13,2.4,19.1,19.2,30.8,19.2,0.13,2.8,16.2,9.1,36.4,18.2,0.14,2.9,17.6,8.3,4.2,29.2,0.16,3.1,15.4,14.3,19.0,0.0,0.14,3.2,11.8,6.2,25.0,0.0,0.21,3.7
20260821,13,5,1800,4352,A1,長崎,40.0,52.0,7.38,60.34,5.67,33.33,60,26.74,72,37.93,3776,B1,愛知,51.0,58.0,3.42,12.9,3.84,16.0,38,25.61,17,24.36,5345,B1,愛知,23.0,52.0,3.28,10.09,2.18,11.76,17,39.02,18,33.33,4233,A2,群馬,43.0,53.0,5.99,46.34,5.29,28.57,22,18.29,51,26.25,4103,B1,埼玉,47.0,53.0,3.47,6.33,4.14,0.0,24,32.61,22,34.09,3955,B2,徳島,49.0,51.0,4.71,29.21,5.25,35.0,51,21.84,26,47.62,22.2,75.0,8.3,0.0,0.14,2.7,13.0,14.3,28.6,14.3,0.14,3.1,16.7,16.7,50.0,11.1,0.14,2.8,15.7,11.8,5.9,17.6,0.13,3.5,13.9,20.0,13.3,26.7,0.15,3.2,18.5,10.0,20.0,0.0,0.18,4.1,12.3,10.0,10.0,0.0,0.21,4.5,18.5,6.7,26.7,6.7,0.19,4.0,16.0,7.7,15.4,7.7,0.2,4.1,19.8,0.0,0.0,0.0,0.18,4.1,16.0,7.7,0.0,0.0,0.19,3.9,17.3,0.0,0.0,0.0,0.23,5.1,5.1,40.0,20.0,0.0,0.17,3.0,7.1,28.6,0.0,0.0,0.2,4.9,15.3,6.7,0.0,0.0,0.17,3.5,23.5,4.3,0.0,0.0,0.21,4.4,21.4,4.8,4.8,0.0,0.22,4.2,27.6,3.7,7.4,0.0,0.2,4.6,21.1,61.5,11.5,26.9,0.18,2.7,19.5,12.5,33.3,29.2,0.14,3.4,12.2,33.3,53.3,6.7,0.12,2.7,14.6,5.6,22.2,0.0,0.17,3.1,17.9,4.5,18.2,22.7,0.19,3.7,14.6,5.6,33.3,0.0,0.18,4.2,15.6,33.3,25.0,0.0,0.25,5.3,16.9,30.8,0.0,0.0,0.18,4.5,19.5,6.7,20.0,0.0,0.21,3.9,20.8,18.8,6.2,0.0,0.22,4.9,14.3,9.1,0.0,0.0,0.23,4.8,13.0,10.0,0.0,0.0,0.31,5.8,14.0,50.0,25.0,25.0,0.2,3.6,17.5,10.0,40.0,10.0,0.18,3.5,15.8,33.3,0.0,0.0,0.15,3.3,17.5,60.0,0.0,0.0,0.21,4.2,17.5,30.0,0.0,0.0,0.18,4.3,17.5,10.0,0.0,0.0,0.24,4.6
20260821,13,6,1800,4588,A2,福岡,35.0,57.0,5.46,40.18,4.0,0.0,58,21.92,12,31.33,4988,B1,静岡,29.0,56.0,4.68,33.33,4.16,31.58,18,44.83,24,28.41,3839,B1,静岡,51.0,64.0,3.01,10.0,0.0,0.0,29,29.55,36,47.5,4715,A1,長崎,34.0,51.0,6.8,47.14,7.3,62.16,59,17.39,71,36.67,3928,B1,福岡,50.0,62.0,3.91,15.73,4.71,14.29,5,37.36,74,44.19,3572,B1,兵庫,54.0,54.0,5.28,32.14,5.41,32.97,16,43.33,11,25.64,16.9,47.6,23.8,0.0,0.11,1.7,16.9,9.5,52.4,14.3,0.14,2.8,13.7,11.8,17.6,29.4,0.14,2.6,19.4,12.5,41.7,12.5,0.14,2.7,21.0,7.7,7.7,23.1,0.17,4.0,12.1,6.7,6.7,0.0,0.17,4.9,13.0,78.6,14.3,0.0,0.14,2.3,14.8,62.5,12.5,0.0,0.14,2.9,20.4,9.1,18.2,13.6,0.13,2.7,17.6,10.5,5.3,15.8,0.14,2.8,15.7,5.9,17.6,0.0,0.14,2.5,18.5,5.0,0.0,0.0,0.18,3.6,13.6,7.1,28.6,14.3,0.14,2.6,16.5,5.9,5.9,0.0,0.17,3.4,19.4,10.0,20.0,0.0,0.19,3.1,17.5,16.7,5.6,0.0,0.19,3.2,17.5,22.2,0.0,0.0,0.21,3.9,15.5,6.2,18.8,0.0,0.23,4.9,21.0,59.1,4.5,18.2,0.14,2.8,13.3,42.9,14.3,28.6,0.13,2.5,15.2,18.8,31.2,25.0,0.12,2.7,14.3,6.7,33.3,20.0,0.14,2.7,16.2,17.6,5.9,41.2,0.17,3.1,20.0,19.0,38.1,0.0,0.17,3.4,11.9,53.8,15.4,7.7,0.14,2.6,19.3,9.5,19.0,0.0,0.2,4.1,20.2,9.1,9.1,18.2,0.16,3.1,20.2,9.1,4.5,0.0,0.18,4.7,14.7,6.2,18.8,0.0,0.17,3.8,13.8,6.7,0.0,0.0,0.22,4.8,18.7,36.0,20.0,8.0,0.17,3.6,17.9,20.8,20.8,0.0,0.2,4.1,16.4,4.5,22.7,18.2,0.17,3.4,19.4,7.7,7.7,26.9,0.24,4.3,14.9,15.0,0.0,0.0,0.22,4.6,12.7,0.0,0.0,0.0,0.22,5.5
20260821,13,7,1800,4695,A2,長崎,40.0,55.0,5.34,40.0,4.8,40.0,23,52.38,46,40.79,3564,B1,福岡,56.0,54.0,4.19,25.93,4.46,20.83,1,36.36,49,35.44,3550,B1,愛知,55.0,54.0,5.71,41.09,2.89,11.11,19,23.19,58,30.0,4368,B1,福岡,40.0,54.0,4.33,23.08,4.12,20.0,26,45.78,37,40.74,4951,B1,広島,32.0,54.0,5.19,27.47,0.0,0.0,41,18.06,69,27.59,5396,B2,兵庫,24.0,50.0,2.32,3.03,2.02,2.04,33,26.44,57,41.11,13.3,57.1,28.6,0.0,0.13,2.6,20.0,4.8,42.9,14.3,0.15,3.6,18.1,10.5,36.8,15.8,0.15,3.0,18.1,10.5,21.1,15.8,0.16,3.5,19.0,10.0,10.0,10.0,0.15,3.5,11.4,16.7,16.7,0.0,0.13,3.1,11.2,23.1,38.5,7.7,0.16,3.8,18.1,19.0,9.5,28.6,0.17,3.5,18.1,14.3,14.3,4.8,0.17,3.6,22.4,11.5,23.1,15.4,0.16,3.2,19.8,4.3,4.3,13.0,0.18,3.5,10.3,0.0,0.0,0.0,0.13,3.8,17.6,52.4,28.6,4.8,0.14,3.1,18.5,13.6,22.7,18.2,0.17,3.5,17.6,23.8,23.8,4.8,0.14,2.7,19.3,17.4,17.4,13.0,0.17,3.1,12.6,46.7,0.0,0.0,0.16,2.6,14.3,5.9,0.0,0.0,0.16,3.3,12.6,41.7,16.7,8.3,0.15,2.8,16.8,18.8,12.5,0.0,0.21,4.3,20.0,5.3,10.5,21.1,0.16,3.1,18.9,5.6,0.0,0.0,0.23,4.4,14.7,14.3,0.0,0.0,0.22,4.1,16.8,6.2,0.0,0.0,0.22,4.4,18.7,47.1,11.8,17.6,0.14,3.1,19.8,5.6,33.3,16.7,0.15,3.1,18.7,5.9,23.5,41.2,0.16,2.8,16.5,26.7,33.3,0.0,0.13,2.6,11.0,10.0,30.0,0.0,0.13,2.5,15.4,14.3,21.4,0.0,0.14,3.0,0.0,0.0,0.0,0.0,0.0,0.0,0.0,0.0,0.0,0.0,0.0,0.0,0.0,0.0,0.0,0.0,0.0,0.0,22.0,7.7,7.7,0.0,0.19,4.2,22.0,7.7,7.7,0.0,0.17,3.4,55.9,0.0,0.0,0.0,0.22,4.5
20260821,13,8,1800,5350,B1,兵庫,22.0,52.0,5.15,27.88,3.01,5.06,42,17.07,41,34.57,4383,A2,徳島,41.0,53.0,5.55,37.14,5.32,24.0,43,17.33,25,29.21,5133,B1,東京,27.0,52.0,6.06,41.03,3.63,6.25,9,46.67,54,32.58,4327,B1,静岡,43.0,52.0,4.01,19.19,3.89,22.22,31,31.11,66,26.74,5011,B1,長崎,29.0,52.0,4.09,20.88,0.0,0.0,6,21.25,48,34.48,5441,B1,愛知,20.0,49.0,3.35,8.77,2.71,0.0,52,20.99,32,33.33,10.5,18.2,9.1,0.0,0.14,2.7,14.3,6.7,6.7,13.3,0.15,2.7,20.0,19.0,4.8,19.0,0.13,2.2,19.0,10.0,20.0,5.0,0.16,2.6,19.0,5.0,10.0,25.0,0.15,2.9,17.1,5.6,11.1,27.8,0.14,2.4,21.1,43.5,34.8,8.7,0.16,2.8,14.7,12.5,37.5,0.0,0.18,3.8,13.8,13.3,26.7,26.7,0.16,3.5,20.2,18.2,22.7,36.4,0.17,3.1,13.8,6.7,6.7,33.3,0.18,3.6,16.5,5.6,5.6,5.6,0.17,3.9,17.6,43.8,25.0,12.5,0.19,4.4,16.5,6.7,26.7,0.0,0.23,5.1,17.6,25.0,25.0,25.0,0.23,4.3,16.5,13.3,20.0,0.0,0.24,4.6,15.4,14.3,7.1,35.7,0.2,4.4,16.5,6.7,26.7,0.0,0.22,5.3,15.2,18.8,37.5,25.0,0.17,3.9,14.3,6.7,40.0,0.0,0.19,4.1,20.0,19.0,23.8,0.0,0.19,3.6,18.1,26.3,0.0,0.0,0.19,4.0,21.0,4.5,13.6,0.0,0.21,4.0,11.4,16.7,0.0,0.0,0.22,4.8,12.6,27.3,27.3,18.2,0.14,2.6,18.4,12.5,12.5,0.0,0.14,3.6,18.4,25.0,18.8,0.0,0.15,3.2,19.5,5.9,11.8,0.0,0.14,2.6,14.9,7.7,0.0,0.0,0.16,2.9,16.1,7.1,7.1,0.0,0.18,3.7,0.0,0.0,0.0,0.0,0.0,0.0,0.0,0.0,0.0,0.0,0.0,0.0,0.0,0.0,0.0,0.0,0.0,0.0,0.0,0.0,0.0,0.0,0.0,0.0,1.0,100.0,0.0,0.0,0.17,5.0,99.0,5.2,10.4,11.5,0.17,3.4
20260821,13,9,1800,4259,A2,長崎,42.0,53.0,5.72,35.51,5.73,45.45,53,33.33,63,27.71,3596,B1,埼玉,57.0,58.0,4.34,17.19,4.44,22.22,47,26.58,64,39.29,3964,B1,長崎,47.0,55.0,3.88,14.29,4.73,26.67,21,21.11,16,20.48,4329,B1,福岡,43.0,52.0,4.78,25.51,2.56,0.0,7,34.44,40,25.3,5345,B1,愛知,23.0,52.0,3.28,10.09,2.18,11.76,17,39.02,18,33.33,4233,A2,群馬,43.0,53.0,5.99,46.34,5.29,28.57,22,18.29,51,26.25,19.9,55.6,22.2,11.1,0.13,2.4,19.1,19.2,30.8,19.2,0.13,2.8,16.2,9.1,36.4,18.2,0.14,2.9,17.6,8.3,4.2,29.2,0.16,3.1,15.4,14.3,19.0,0.0,0.14,3.2,11.8,6.2,25.0,0.0,0.21,3.7,13.1,36.4,27.3,0.0,0.15,3.9,15.5,7.7,15.4,0.0,0.21,4.1,21.4,16.7,22.2,0.0,0.14,2.6,20.2,5.9,5.9,0.0,0.16,2.9,16.7,7.1,7.1,0.0,0.17,2.4,13.1,9.1,0.0,0.0,0.19,3.0,11.7,27.3,36.4,18.2,0.17,3.5,20.2,5.3,21.1,36.8,0.18,3.5,20.2,5.3,26.3,15.8,0.18,3.5,18.1,23.5,0.0,0.0,0.18,4.2,20.2,5.3,21.1,0.0,0.25,4.6,9.6,11.1,22.2,0.0,0.21,3.9,14.1,42.9,35.7,7.1,0.16,2.6,16.2,12.5,12.5,37.5,0.16,3.1,15.2,13.3,6.7,0.0,0.15,2.3,20.2,5.0,10.0,50.0,0.17,3.4,19.2,10.5,31.6,0.0,0.17,3.4,15.2,13.3,0.0,0.0,0.25,4.3,5.1,40.0,20.0,0.0,0.17,3.0,7.1,28.6,0.0,0.0,0.2,4.9,15.3,6.7,0.0,0.0,0.17,3.5,23.5,4.3,0.0,0.0,0.21,4.4,21.4,4.8,4.8,0.0,0.22,4.2,27.6,3.7,7.4,0.0,0.2,4.6,21.1,61.5,11.5,26.9,0.18,2.7,19.5,12.5,33.3,29.2,0.14,3.4,12.2,33.3,53.3,6.7,0.12,2.7,14.6,5.6,22.2,0.0,0.17,3.1,17.9,4.5,18.2,22.7,0.19,3.7,14.6,5.6,33.3,0.0,0.18,4.2
20260821,13,10,1800,4715,A1,長崎,34.0,51.0,6.8,47.14,7.3,62.16,59,17.39,71,36.67,4352,A1,長崎,40.0,52.0,7.38,60.34,5.67,33.33,60,26.74,72,37.93,4549,A2,福岡,37.0,53.0,6.32,46.24,4.91,18.18,27,22.37,56,45.0,4839,A2,徳島,36.0,53.0,6.13,44.96,6.16,43.75,35,38.37,68,17.91,4301,B1,福岡,43.0,54.0,4.41,23.29,6.73,27.27,12,46.59,20,28.4,5154,B1,広島,30.0,53.0,4.72,26.21,4.7,30.0,54,44.05,34,38.2,21.0,59.1,4.5,18.2,0.14,2.8,13.3,42.9,14.3,28.6,0.13,2.5,15.2,18.8,31.2,25.0,0.12,2.7,14.3,6.7,33.3,20.0,0.14,2.7,16.2,17.6,5.9,41.2,0.17,3.1,20.0,19.0,38.1,0.0,0.17,3.4,22.2,75.0,8.3,0.0,0.14,2.7,13.0,14.3,28.6,14.3,0.14,3.1,16.7,16.7,50.0,11.1,0.14,2.8,15.7,11.8,5.9,17.6,0.13,3.5,13.9,20.0,13.3,26.7,0.15,3.2,18.5,10.0,20.0,0.0,0.18,4.1,18.9,50.0,11.1,22.2,0.14,3.3,16.8,18.8,25.0,25.0,0.19,3.9,13.7,7.7,15.4,30.8,0.17,3.8,16.8,12.5,18.8,25.0,0.2,4.5,22.1,28.6,19.0,0.0,0.22,4.6,11.6,36.4,0.0,0.0,0.2,4.8,20.0,50.0,15.0,0.0,0.13,2.7,19.0,26.3,26.3,21.1,0.13,2.4,15.0,13.3,33.3,13.3,0.16,3.0,15.0,6.7,26.7,26.7,0.15,2.6,18.0,11.1,27.8,0.0,0.19,3.7,13.0,7.7,30.8,0.0,0.14,3.7,12.7,40.0,50.0,0.0,0.18,4.1,20.3,6.2,25.0,0.0,0.19,4.1,21.5,17.6,29.4,0.0,0.2,3.9,22.8,11.1,11.1,11.1,0.19,4.1,16.5,15.4,7.7,7.7,0.21,3.8,6.3,0.0,0.0,0.0,0.26,4.2,12.6,50.0,7.1,28.6,0.17,2.6,16.2,11.1,16.7,33.3,0.16,3.4,22.5,20.0,8.0,24.0,0.16,3.1,11.7,7.7,15.4,0.0,0.2,3.6,21.6,8.3,12.5,0.0,0.21,4.1,15.3,5.9,17.6,0.0,0.18,4.2
20260821,13,11,1800,4848,A1,福岡,31.0,52.0,7.64,50.49,6.86,50.0,15,40.0,47,18.29,4695,A2,長崎,40.0,55.0,5.34,40.0,4.8,40.0,23,52.38,46,40.79,3955,B2,徳島,49.0,51.0,4.71,29.21,5.25,35.0,51,21.84,26,47.62,4702,A1,東京,39.0,52.0,5.95,45.24,7.0,44.44,36,35.56,23,28.21,4376,A2,静岡,42.0,53.0,5.75,42.52,5.67,28.57,28,25.0,55,34.09,4588,A2,福岡,35.0,57.0,5.46,40.18,4.0,0.0,58,21.92,12,31.33,18.3,65.0,25.0,5.0,0.14,3.5,19.3,19.0,33.3,9.5,0.14,3.6,15.6,23.5,41.2,11.8,0.15,3.8,14.7,6.2,43.8,18.8,0.14,3.8,20.2,9.1,4.5,18.2,0.16,3.6,11.9,23.1,0.0,0.0,0.14,3.4,13.3,57.1,28.6,0.0,0.13,2.6,20.0,4.8,42.9,14.3,0.15,3.6,18.1,10.5,36.8,15.8,0.15,3.0,18.1,10.5,21.1,15.8,0.16,3.5,19.0,10.0,10.0,10.0,0.15,3.5,11.4,16.7,16.7,0.0,0.13,3.1,14.0,50.0,25.0,25.0,0.2,3.6,17.5,10.0,40.0,10.0,0.18,3.5,15.8,33.3,0.0,0.0,0.15,3.3,17.5,60.0,0.0,0.0,0.21,4.2,17.5,30.0,0.0,0.0,0.18,4.3,17.5,10.0,0.0,0.0,0.24,4.6,20.3,79.2,12.5,0.0,0.13,2.8,19.5,21.7,30.4,4.3,0.15,2.9,13.6,37.5,6.2,18.8,0.16,3.8,13.6,18.8,31.2,18.8,0.14,3.2,16.1,26.3,10.5,15.8,0.15,2.3,16.9,25.0,15.0,0.0,0.13,3.3,18.9,77.8,3.7,3.7,0.13,1.7,18.2,7.7,38.5,15.4,0.14,3.0,16.1,17.4,26.1,26.1,0.14,2.5,14.0,25.0,15.0,15.0,0.17,3.3,14.7,9.5,4.8,9.5,0.17,3.0,18.2,3.8,3.8,7.7,0.18,4.3,16.9,47.6,23.8,0.0,0.11,1.7,16.9,9.5,52.4,14.3,0.14,2.8,13.7,11.8,17.6,29.4,0.14,2.6,19.4,12.5,41.7,12.5,0.14,2.7,21.0,7.7,7.7,23.1,0.17,4.0,12.1,6.7,6.7,0.0,0.17,4.9
20260821,13,12,1800,4483,A1,愛知,37.0,54.0,6.69,52.54,5.89,42.11,25,37.65,70,27.5,4571,A1,徳島,38.0,52.0,6.1,40.48,6.38,50.0,55,41.76,44,36.05,5049,A2,大阪,31.0,54.0,6.04,42.86,5.69,45.71,61,43.33,21,42.53,4043,A2,三重,46.0,55.0,5.85,39.39,6.61,44.44,10,31.52,43,43.9,5016,A1,兵庫,28.0,53.0,6.59,39.0,6.55,45.38,50,21.98,35,36.36,5377,B1,群馬,22.0,49.0,4.76,25.84,3.0,10.0,48,33.67,45,37.93,18.9,75.0,15.0,0.0,0.15,3.2,16.0,17.6,17.6,29.4,0.16,2.7,17.0,22.2,50.0,0.0,0.13,2.7,18.9,35.0,10.0,25.0,0.15,3.1,17.9,15.8,15.8,26.3,0.15,2.8,11.3,8.3,8.3,0.0,0.14,3.5,16.8,55.0,10.0,10.0,0.13,2.9,16.0,31.6,21.1,10.5,0.13,2.6,13.4,31.2,18.8,0.0,0.15,3.1,8.4,50.0,10.0,0.0,0.12,3.5,15.1,33.3,27.8,0.0,0.14,3.1,30.3,13.9,5.6,8.3,0.13,3.4,14.4,61.5,23.1,15.4,0.18,2.9,13.3,33.3,16.7,16.7,0.18,3.5,14.4,23.1,23.1,15.4,0.18,3.7,16.7,6.7,6.7,40.0,0.18,3.6,18.9,11.8,23.5,29.4,0.19,4.0,22.2,5.0,0.0,0.0,0.22,4.5,21.8,45.5,18.2,22.7,0.17,3.0,15.8,6.2,31.2,18.8,0.17,3.6,16.8,17.6,17.6,29.4,0.17,3.2,16.8,5.9,11.8,35.3,0.15,3.7,16.8,11.8,5.9,23.5,0.16,3.7,11.9,8.3,16.7,0.0,0.21,4.1,21.1,73.1,7.7,3.8,0.13,2.3,17.1,33.3,28.6,19.0,0.15,3.1,15.4,26.3,21.1,21.1,0.14,2.2,16.3,20.0,10.0,40.0,0.13,2.4,10.6,7.7,7.7,30.8,0.14,2.8,19.5,4.2,37.5,0.0,0.17,4.0,0.0,0.0,0.0,0.0,0.0,0.0,0.0,0.0,0.0,0.0,0.0,0.0,0.0,0.0,0.0,0.0,0.0,0.0,35.8,10.3,17.2,13.8,0.17,3.5,34.6,7.1,21.4,0.0,0.17,3.7,29.6,4.2,8.3,12.5,0.19,3.8
20260821,07,1,1800,4752,B1,愛知,38.0,52.0,4.12,20.65,4.24,21.74,71,0.0,60,0.0,4718,A2,佐賀,33.0,52.0,6.06,40.74,5.66,37.93,26,0.0,39,36.36,3659,A2,群馬,51.0,54.0,5.65,32.97,5.23,38.46,28,11.11,75,0.0,3535,B1,兵庫,54.0,51.0,4.34,26.32,4.92,36.0,69,0.0,52,22.22,3391,B2,東京,61.0,53.0,2.08,0.0,0.0,0.0,60,81.82,41,11.11,5402,B2,群馬,23.0,55.0,1.59,1.79,1.5,0.0,73,0.0,57,50.0,11.4,22.2,66.7,0.0,0.17,2.6,19.0,6.7,13.3,26.7,0.17,2.8,16.5,7.7,23.1,0.0,0.19,3.9,24.1,15.8,5.3,15.8,0.19,3.6,16.5,23.1,23.1,0.0,0.18,4.0,12.7,10.0,0.0,0.0,0.2,5.0,22.3,51.9,7.4,7.4,0.18,2.6,15.7,31.6,15.8,36.8,0.13,2.6,16.5,30.0,25.0,15.0,0.14,2.6,18.2,9.1,50.0,13.6,0.14,2.8,13.2,31.2,12.5,0.0,0.11,2.7,14.0,5.9,11.8,17.6,0.15,2.9,18.0,55.6,22.2,16.7,0.14,2.4,16.0,37.5,18.8,0.0,0.16,3.6,16.0,6.2,43.8,31.2,0.17,3.4,21.0,9.5,14.3,28.6,0.18,3.1,15.0,6.7,6.7,26.7,0.2,3.9,14.0,7.1,28.6,0.0,0.17,3.5,14.0,46.2,15.4,0.0,0.15,3.7,18.3,29.4,11.8,0.0,0.2,4.4,16.1,13.3,26.7,0.0,0.19,4.2,14.0,7.7,7.7,7.7,0.23,4.5,21.5,5.0,15.0,20.0,0.18,3.9,16.1,0.0,0.0,0.0,0.24,5.2,0.0,0.0,0.0,0.0,0.0,0.0,0.0,0.0,0.0,0.0,0.0,0.0,0.0,0.0,0.0,0.0,0.0,0.0,0.0,0.0,0.0,0.0,0.0,0.0,0.0,0.0,0.0,0.0,0.0,0.0,0.0,0.0,0.0,0.0,0.0,0.0,0.0,0.0,0.0,0.0,0.0,0.0,0.0,0.0,0.0,0.0,0.0,0.0,0.0,0.0,0.0,0.0,0.0,0.0,0.0,0.0,0.0,0.0,0.0,0.0,0.0,0.0,0.0,0.0,0.0,0.0,100.0,1.7,1.7,0.0,0.2,3.8
20260821,07,2,1800,4173,B1,広島,43.0,57.0,5.5,36.04,6.26,42.11,27,16.67,59,0.0,5395,B1,佐賀,24.0,52.0,2.76,8.57,0.0,0.0,43,0.0,73,0.0,5216,A1,群馬,26.0,54.0,6.03,38.62,5.53,42.5,67,40.0,53,40.0,4054,B1,岡山,48.0,54.0,4.69,27.55,4.87,29.03,36,0.0,47,0.0,4356,A2,兵庫,42.0,52.0,5.71,39.56,5.75,45.0,58,22.22,71,0.0,4552,B1,佐賀,37.0,51.0,4.45,28.57,5.67,44.44,37,0.0,63,0.0,15.7,50.0,25.0,0.0,0.17,3.9,19.6,15.0,25.0,10.0,0.16,4.0,16.7,11.8,23.5,17.6,0.19,3.7,18.6,10.5,21.1,10.5,0.18,4.3,17.6,16.7,27.8,0.0,0.17,3.5,11.8,16.7,16.7,0.0,0.14,3.0,0.0,0.0,0.0,0.0,0.0,0.0,0.0,0.0,0.0,0.0,0.0,0.0,0.0,0.0,0.0,0.0,0.0,0.0,19.5,6.7,6.7,6.7,0.18,3.9,37.7,3.4,3.4,0.0,0.2,4.3,42.9,3.0,3.0,3.0,0.19,4.0,21.8,59.3,22.2,11.1,0.15,2.5,17.7,27.3,18.2,27.3,0.19,3.8,17.7,31.8,22.7,13.6,0.16,3.0,15.3,5.3,10.5,42.1,0.16,2.9,15.3,10.5,36.8,15.8,0.17,3.1,12.1,6.7,26.7,0.0,0.19,4.1,15.1,37.5,12.5,0.0,0.17,3.1,14.2,33.3,6.7,0.0,0.13,2.9,18.9,10.0,35.0,20.0,0.18,2.9,16.0,5.9,17.6,23.5,0.14,3.2,17.0,38.9,11.1,0.0,0.15,2.9,18.9,10.0,5.0,0.0,0.17,3.3,23.5,69.6,21.7,0.0,0.16,3.0,14.3,14.3,35.7,21.4,0.14,2.9,12.2,16.7,16.7,25.0,0.17,3.3,20.4,15.0,15.0,15.0,0.18,3.3,17.3,11.8,23.5,11.8,0.19,3.3,12.2,0.0,0.0,0.0,0.21,4.7,17.0,57.9,10.5,15.8,0.14,2.9,16.1,5.6,16.7,16.7,0.16,3.6,14.3,12.5,25.0,12.5,0.14,2.8,17.0,31.6,21.1,10.5,0.13,2.5,14.3,18.8,12.5,12.5,0.15,2.3,21.4,12.5,8.3,16.7,0.13,2.3
20260821,07,3,1800,5076,B1,静岡,30.0,54.0,5.03,34.68,4.26,23.91,66,40.0,35,72.73,5212,A2,福岡,27.0,53.0,6.22,44.8,0.0,0.0,25,22.22,51,0.0,3406,B1,群馬,58.0,53.0,5.42,34.26,5.7,30.0,74,0.0,61,0.0,4211,B1,東京,43.0,59.0,4.54,26.73,4.09,20.59,68,0.0,74,0.0,4097,B1,広島,44.0,57.0,3.67,14.63,3.96,4.35,41,0.0,36,22.22,3952,A1,埼玉,50.0,52.0,6.71,50.0,7.26,54.84,63,11.11,68,0.0,11.8,54.5,18.2,9.1,0.18,3.3,24.7,13.0,30.4,13.0,0.18,3.4,16.1,26.7,13.3,33.3,0.14,2.4,15.1,14.3,21.4,21.4,0.16,3.2,16.1,6.7,20.0,6.7,0.16,3.5,16.1,6.7,33.3,0.0,0.19,4.4,15.0,68.8,12.5,6.2,0.14,1.8,18.7,25.0,45.0,10.0,0.12,1.9,16.8,11.1,38.9,11.1,0.14,2.8,20.6,27.3,27.3,0.0,0.13,2.0,16.8,22.2,11.1,22.2,0.13,2.6,12.1,23.1,0.0,0.0,0.16,3.3,18.8,54.5,31.8,9.1,0.17,3.0,15.4,16.7,33.3,11.1,0.15,3.7,15.4,11.1,5.6,38.9,0.18,3.7,20.5,4.2,4.2,25.0,0.2,4.3,16.2,5.3,15.8,21.1,0.21,3.7,13.7,6.2,25.0,0.0,0.22,4.4,12.9,8.3,25.0,25.0,0.16,2.9,16.1,13.3,26.7,0.0,0.16,3.7,21.5,10.0,20.0,0.0,0.16,2.3,10.8,30.0,0.0,0.0,0.16,3.3,21.5,5.0,10.0,0.0,0.14,2.7,17.2,12.5,0.0,0.0,0.16,4.5,8.8,14.3,14.3,28.6,0.16,3.7,17.5,14.3,14.3,0.0,0.2,4.1,22.5,16.7,11.1,0.0,0.22,4.7,12.5,10.0,20.0,0.0,0.23,4.5,21.2,5.9,11.8,0.0,0.24,4.6,17.5,21.4,0.0,0.0,0.25,5.6,21.9,52.0,20.0,12.0,0.14,3.2,16.7,26.3,26.3,0.0,0.14,2.9,17.5,45.0,15.0,20.0,0.17,3.4,16.7,21.1,21.1,31.6,0.14,2.6,16.7,15.8,5.3,36.8,0.13,2.7,10.5,25.0,0.0,0.0,0.13,3.4
20260821,07,4,1800,4006,B1,佐賀,48.0,50.0,5.0,28.43,4.35,30.0,29,20.0,56,30.0,4544,A1,福岡,38.0,52.0,7.59,59.05,5.92,41.67,77,0.0,66,0.0,4360,A2,静岡,41.0,53.0,5.67,33.33,4.89,20.0,33,72.73,49,16.67,5122,B1,埼玉,25.0,56.0,4.13,20.97,3.31,7.69,72,0.0,34,70.0,4245,B1,東京,44.0,52.0,4.3,20.73,4.11,14.81,34,0.0,62,66.67,4837,B1,愛知,37.0,52.0,5.03,33.7,4.6,16.67,39,0.0,43,11.11,11.6,36.4,27.3,27.3,0.16,3.7,17.9,11.8,29.4,11.8,0.18,3.4,21.1,20.0,40.0,10.0,0.17,3.5,17.9,23.5,17.6,0.0,0.15,3.6,20.0,5.3,15.8,10.5,0.18,4.5,11.6,18.2,0.0,0.0,0.2,4.0,27.8,75.0,9.1,4.5,0.15,2.4,17.1,33.3,37.0,14.8,0.16,3.6,13.3,23.8,33.3,9.5,0.17,3.8,12.7,50.0,15.0,20.0,0.12,2.0,17.1,14.8,33.3,25.9,0.17,3.7,12.0,10.5,21.1,36.8,0.18,4.1,14.2,40.0,13.3,33.3,0.17,3.3,16.0,11.8,47.1,11.8,0.21,3.9,18.9,25.0,40.0,0.0,0.18,3.9,18.9,20.0,20.0,15.0,0.17,2.9,16.0,11.8,23.5,11.8,0.16,4.1,16.0,5.9,11.8,35.3,0.19,4.1,14.3,54.5,27.3,18.2,0.14,2.3,15.6,16.7,33.3,16.7,0.16,3.3,15.6,41.7,8.3,0.0,0.14,2.5,22.1,17.6,11.8,0.0,0.19,3.6,18.2,28.6,0.0,0.0,0.2,3.5,14.3,9.1,18.2,0.0,0.21,4.8,16.3,35.7,28.6,14.3,0.19,4.0,17.4,13.3,33.3,6.7,0.21,4.0,17.4,6.7,13.3,33.3,0.19,3.1,18.6,12.5,6.2,18.8,0.19,3.8,14.0,8.3,8.3,0.0,0.18,4.0,16.3,7.1,7.1,14.3,0.18,3.7,14.8,30.8,30.8,15.4,0.15,3.2,15.9,7.1,21.4,0.0,0.18,3.8,20.5,38.9,11.1,0.0,0.15,2.7,17.0,6.7,46.7,0.0,0.15,3.6,19.3,5.9,29.4,0.0,0.17,3.7,12.5,9.1,9.1,0.0,0.16,3.8
20260821,07,5,1800,4976,B1,東京,32.0,53.0,5.0,28.16,5.55,35.0,32,40.0,45,20.0,4562,B1,岡山,38.0,55.0,4.82,27.27,4.43,21.43,64,40.0,54,54.55,4709,A2,福岡,37.0,56.0,5.66,36.63,5.45,32.26,45,0.0,65,0.0,5223,B1,福岡,25.0,53.0,4.77,25.81,4.52,27.59,23,30.0,58,0.0,5402,B2,群馬,23.0,55.0,1.59,1.79,1.5,0.0,73,0.0,57,50.0,3554,A1,愛知,54.0,53.0,6.52,52.82,6.49,50.67,59,22.22,77,0.0,17.1,33.3,27.8,33.3,0.19,3.7,16.2,23.5,17.6,17.6,0.22,4.6,19.0,25.0,15.0,15.0,0.18,2.9,21.9,4.3,21.7,17.4,0.21,3.8,16.2,11.8,29.4,0.0,0.2,4.3,9.5,10.0,10.0,0.0,0.2,4.6,14.4,12.5,18.8,31.2,0.16,3.8,17.1,10.5,26.3,0.0,0.21,4.6,16.2,11.1,16.7,0.0,0.19,3.9,17.1,5.3,10.5,21.1,0.19,3.9,18.9,9.5,4.8,23.8,0.18,3.8,16.2,11.1,0.0,0.0,0.23,4.6,18.1,42.9,23.8,14.3,0.14,2.5,14.7,17.6,41.2,5.9,0.15,3.1,16.4,5.3,26.3,10.5,0.14,3.1,16.4,21.1,52.6,0.0,0.17,3.2,18.1,14.3,28.6,9.5,0.15,3.6,16.4,31.6,0.0,0.0,0.15,3.7,12.1,35.7,14.3,0.0,0.14,3.3,21.6,8.0,28.0,16.0,0.15,3.0,18.1,9.5,9.5,19.0,0.15,3.5,16.4,5.3,26.3,5.3,0.17,4.4,15.5,22.2,16.7,0.0,0.18,3.6,16.4,10.5,0.0,0.0,0.16,4.1,0.0,0.0,0.0,0.0,0.0,0.0,0.0,0.0,0.0,0.0,0.0,0.0,0.0,0.0,0.0,0.0,0.0,0.0,0.0,0.0,0.0,0.0,0.0,0.0,0.0,0.0,0.0,0.0,0.0,0.0,100.0,1.7,1.7,0.0,0.2,3.8,28.3,58.5,24.4,7.3,0.18,3.3,17.9,15.4,38.5,15.4,0.17,3.4,23.4,8.8,23.5,35.3,0.17,3.2,20.0,24.1,24.1,13.8,0.18,3.6,9.0,15.4,30.8,0.0,0.22,4.5,1.4,0.0,0.0,0.0,0.2,4.5
20260821,07,6,1800,3385,A2,東京,57.0,52.0,5.57,41.18,4.14,28.57,65,30.0,67,0.0,5247,B1,兵庫,24.0,52.0,4.59,20.91,0.0,0.0,75,0.0,46,11.11,5293,B1,静岡,24.0,52.0,3.6,16.18,1.83,3.45,24,33.33,76,0.0,4288,A1,福岡,41.0,53.0,7.56,61.9,7.82,59.09,31,90.91,40,40.0,3878,B1,山口,49.0,51.0,4.41,20.93,3.44,0.0,61,11.11,70,0.0,4580,B1,岡山,37.0,52.0,5.63,38.46,4.31,30.77,70,0.0,72,0.0,18.9,50.0,10.0,5.0,0.18,2.5,15.1,18.8,25.0,18.8,0.18,2.9,17.9,10.5,26.3,21.1,0.14,2.7,17.0,11.1,16.7,11.1,0.14,2.3,16.0,11.8,17.6,35.3,0.16,2.9,15.1,12.5,25.0,0.0,0.17,3.4,14.0,30.8,7.7,15.4,0.22,3.9,19.4,5.6,22.2,22.2,0.18,4.3,19.4,11.1,11.1,22.2,0.18,3.9,17.2,6.2,6.2,37.5,0.18,4.2,16.1,6.7,6.7,13.3,0.14,3.5,14.0,23.1,0.0,0.0,0.2,4.2,7.4,40.0,0.0,0.0,0.22,4.6,19.1,7.7,7.7,0.0,0.26,4.8,17.6,16.7,16.7,0.0,0.18,4.0,8.8,16.7,0.0,0.0,0.15,3.8,22.1,6.7,6.7,0.0,0.18,3.8,25.0,5.9,0.0,0.0,0.22,5.2,25.3,78.4,10.8,2.7,0.12,2.0,19.2,32.1,32.1,17.9,0.13,2.7,11.0,25.0,6.2,31.2,0.12,2.5,17.1,28.0,36.0,12.0,0.1,1.7,13.7,15.0,30.0,20.0,0.13,1.8,13.7,10.0,10.0,45.0,0.14,2.3,12.8,27.3,18.2,18.2,0.17,3.3,18.6,6.2,25.0,18.8,0.16,2.6,18.6,6.2,25.0,0.0,0.18,3.1,17.4,13.3,13.3,0.0,0.17,3.5,17.4,6.7,13.3,6.7,0.19,3.1,15.1,7.7,15.4,0.0,0.17,3.2,14.6,50.0,27.8,5.6,0.15,2.8,14.6,11.1,50.0,16.7,0.18,3.2,20.3,16.0,16.0,32.0,0.15,3.1,17.1,4.8,14.3,33.3,0.17,3.5,17.1,19.0,28.6,0.0,0.19,3.6,16.3,5.0,15.0,0.0,0.16,3.1
20260821,07,7,1800,4084,A1,愛知,46.0,56.0,6.5,44.83,6.33,50.0,76,0.0,48,33.33,3535,B1,兵庫,54.0,51.0,4.34,26.32,4.92,36.0,69,0.0,52,22.22,4155,A2,福岡,45.0,56.0,6.06,44.44,5.48,33.33,40,0.0,69,0.0,5076,B1,静岡,30.0,54.0,5.03,34.68,4.26,23.91,66,40.0,35,72.73,5177,B1,福岡,30.0,50.0,4.4,19.85,3.38,15.38,57,33.33,64,0.0,5395,B1,佐賀,24.0,52.0,2.76,8.57,0.0,0.0,43,0.0,73,0.0,21.7,80.6,9.7,0.0,0.14,3.0,15.4,9.1,45.5,18.2,0.17,4.0,16.8,8.3,33.3,20.8,0.15,3.2,14.0,20.0,20.0,20.0,0.15,3.2,16.8,12.5,20.8,20.8,0.17,3.8,15.4,9.1,9.1,13.6,0.16,3.6,14.0,46.2,15.4,0.0,0.15,3.7,18.3,29.4,11.8,0.0,0.2,4.4,16.1,13.3,26.7,0.0,0.19,4.2,14.0,7.7,7.7,7.7,0.23,4.5,21.5,5.0,15.0,20.0,0.18,3.9,16.1,0.0,0.0,0.0,0.24,5.2,21.8,66.7,22.2,0.0,0.14,3.1,12.1,33.3,13.3,20.0,0.17,3.1,19.4,4.2,25.0,33.3,0.17,3.4,16.1,15.0,40.0,25.0,0.14,2.7,16.9,19.0,4.8,0.0,0.17,3.5,13.7,11.8,11.8,11.8,0.15,3.6,11.8,54.5,18.2,9.1,0.18,3.3,24.7,13.0,30.4,13.0,0.18,3.4,16.1,26.7,13.3,33.3,0.14,2.4,15.1,14.3,21.4,21.4,0.16,3.2,16.1,6.7,20.0,6.7,0.16,3.5,16.1,6.7,33.3,0.0,0.19,4.4,9.2,33.3,11.1,44.4,0.17,3.9,20.4,5.0,10.0,25.0,0.19,4.4,19.4,5.3,21.1,5.3,0.21,4.6,16.3,18.8,0.0,0.0,0.21,4.7,22.4,13.6,22.7,0.0,0.2,4.5,12.2,8.3,0.0,0.0,0.2,4.9,0.0,0.0,0.0,0.0,0.0,0.0,0.0,0.0,0.0,0.0,0.0,0.0,0.0,0.0,0.0,0.0,0.0,0.0,19.5,6.7,6.7,6.7,0.18,3.9,37.7,3.4,3.4,0.0,0.2,4.3,42.9,3.0,3.0,3.0,0.19,4.0
20260821,07,8,1800,4264,A1,山口,41.0,55.0,6.64,51.69,6.53,43.33,38,0.0,50,81.82,4356,A2,兵庫,42.0,52.0,5.71,39.56,5.75,45.0,58,22.22,71,0.0,4752,B1,愛知,38.0,52.0,4.12,20.65,4.24,21.74,71,0.0,60,0.0,4097,B1,広島,44.0,57.0,3.67,14.63,3.96,4.35,41,0.0,36,22.22,5122,B1,埼玉,25.0,56.0,4.13,20.97,3.31,7.69,72,0.0,34,70.0,4053,A2,東京,48.0,56.0,5.29,33.33,5.79,37.5,62,40.0,55,60.0,23.4,73.5,8.8,8.8,0.15,2.6,17.2,8.0,44.0,24.0,0.15,3.0,15.9,21.7,34.8,4.3,0.16,3.3,19.3,17.9,21.4,21.4,0.15,3.3,14.5,14.3,19.0,42.9,0.17,3.0,9.7,14.3,35.7,14.3,0.19,4.3,23.5,69.6,21.7,0.0,0.16,3.0,14.3,14.3,35.7,21.4,0.14,2.9,12.2,16.7,16.7,25.0,0.17,3.3,20.4,15.0,15.0,15.0,0.18,3.3,17.3,11.8,23.5,11.8,0.19,3.3,12.2,0.0,0.0,0.0,0.21,4.7,11.4,22.2,66.7,0.0,0.17,2.6,19.0,6.7,13.3,26.7,0.17,2.8,16.5,7.7,23.1,0.0,0.19,3.9,24.1,15.8,5.3,15.8,0.19,3.6,16.5,23.1,23.1,0.0,0.18,4.0,12.7,10.0,0.0,0.0,0.2,5.0,8.8,14.3,14.3,28.6,0.16,3.7,17.5,14.3,14.3,0.0,0.2,4.1,22.5,16.7,11.1,0.0,0.22,4.7,12.5,10.0,20.0,0.0,0.23,4.5,21.2,5.9,11.8,0.0,0.24,4.6,17.5,21.4,0.0,0.0,0.25,5.6,14.3,54.5,27.3,18.2,0.14,2.3,15.6,16.7,33.3,16.7,0.16,3.3,15.6,41.7,8.3,0.0,0.14,2.5,22.1,17.6,11.8,0.0,0.19,3.6,18.2,28.6,0.0,0.0,0.2,3.5,14.3,9.1,18.2,0.0,0.21,4.8,17.7,63.6,13.6,9.1,0.17,2.7,14.5,27.8,44.4,11.1,0.15,2.6,21.0,19.2,15.4,34.6,0.15,2.4,21.8,11.1,18.5,18.5,0.18,3.3,11.3,7.1,35.7,28.6,0.14,2.7,13.7,5.9,11.8,0.0,0.17,2.9
20260821,07,9,1800,4142,A2,愛知,45.0,54.0,5.65,33.33,5.62,30.77,30,60.0,37,72.73,4709,A2,福岡,37.0,56.0,5.66,36.63,5.45,32.26,45,0.0,65,0.0,4245,B1,東京,44.0,52.0,4.3,20.73,4.11,14.81,34,0.0,62,66.67,4173,B1,広島,43.0,57.0,5.5,36.04,6.26,42.11,27,16.67,59,0.0,4718,A2,佐賀,33.0,52.0,6.06,40.74,5.66,37.93,26,0.0,39,36.36,3406,B1,群馬,58.0,53.0,5.42,34.26,5.7,30.0,74,0.0,61,0.0,18.8,45.5,31.8,18.2,0.17,3.0,17.9,19.0,19.0,28.6,0.18,3.8,16.2,10.5,36.8,31.6,0.17,3.6,19.7,8.7,47.8,0.0,0.18,4.0,14.5,5.9,17.6,0.0,0.21,4.0,12.8,6.7,0.0,0.0,0.17,4.6,18.1,42.9,23.8,14.3,0.14,2.5,14.7,17.6,41.2,5.9,0.15,3.1,16.4,5.3,26.3,10.5,0.14,3.1,16.4,21.1,52.6,0.0,0.17,3.2,18.1,14.3,28.6,9.5,0.15,3.6,16.4,31.6,0.0,0.0,0.15,3.7,16.3,35.7,28.6,14.3,0.19,4.0,17.4,13.3,33.3,6.7,0.21,4.0,17.4,6.7,13.3,33.3,0.19,3.1,18.6,12.5,6.2,18.8,0.19,3.8,14.0,8.3,8.3,0.0,0.18,4.0,16.3,7.1,7.1,14.3,0.18,3.7,15.7,50.0,25.0,0.0,0.17,3.9,19.6,15.0,25.0,10.0,0.16,4.0,16.7,11.8,23.5,17.6,0.19,3.7,18.6,10.5,21.1,10.5,0.18,4.3,17.6,16.7,27.8,0.0,0.17,3.5,11.8,16.7,16.7,0.0,0.14,3.0,22.3,51.9,7.4,7.4,0.18,2.6,15.7,31.6,15.8,36.8,0.13,2.6,16.5,30.0,25.0,15.0,0.14,2.6,18.2,9.1,50.0,13.6,0.14,2.8,13.2,31.2,12.5,0.0,0.11,2.7,14.0,5.9,11.8,17.6,0.15,2.9,18.8,54.5,31.8,9.1,0.17,3.0,15.4,16.7,33.3,11.1,0.15,3.7,15.4,11.1,5.6,38.9,0.18,3.7,20.5,4.2,4.2,25.0,0.2,4.3,16.2,5.3,15.8,21.1,0.21,3.7,13.7,6.2,25.0,0.0,0.22,4.4
20260821,07,10,1800,3659,A2,群馬,51.0,54.0,5.65,32.97,5.23,38.46,28,11.11,75,0.0,5223,B1,福岡,25.0,53.0,4.77,25.81,4.52,27.59,23,30.0,58,0.0,4574,A2,広島,37.0,53.0,5.32,34.55,3.0,0.0,35,0.0,38,11.11,4580,B1,岡山,37.0,52.0,5.63,38.46,4.31,30.77,70,0.0,72,0.0,4360,A2,静岡,41.0,53.0,5.67,33.33,4.89,20.0,33,72.73,49,16.67,4054,B1,岡山,48.0,54.0,4.69,27.55,4.87,29.03,36,0.0,47,0.0,18.0,55.6,22.2,16.7,0.14,2.4,16.0,37.5,18.8,0.0,0.16,3.6,16.0,6.2,43.8,31.2,0.17,3.4,21.0,9.5,14.3,28.6,0.18,3.1,15.0,6.7,6.7,26.7,0.2,3.9,14.0,7.1,28.6,0.0,0.17,3.5,12.1,35.7,14.3,0.0,0.14,3.3,21.6,8.0,28.0,16.0,0.15,3.0,18.1,9.5,9.5,19.0,0.15,3.5,16.4,5.3,26.3,5.3,0.17,4.4,15.5,22.2,16.7,0.0,0.18,3.6,16.4,10.5,0.0,0.0,0.16,4.1,17.0,56.2,6.2,6.2,0.17,3.5,14.9,14.3,21.4,21.4,0.18,3.9,20.2,21.1,21.1,31.6,0.16,3.4,17.0,6.2,18.8,25.0,0.15,3.5,16.0,20.0,26.7,0.0,0.2,4.4,14.9,14.3,21.4,0.0,0.18,4.2,14.6,50.0,27.8,5.6,0.15,2.8,14.6,11.1,50.0,16.7,0.18,3.2,20.3,16.0,16.0,32.0,0.15,3.1,17.1,4.8,14.3,33.3,0.17,3.5,17.1,19.0,28.6,0.0,0.19,3.6,16.3,5.0,15.0,0.0,0.16,3.1,14.2,40.0,13.3,33.3,0.17,3.3,16.0,11.8,47.1,11.8,0.21,3.9,18.9,25.0,40.0,0.0,0.18,3.9,18.9,20.0,20.0,15.0,0.17,2.9,16.0,11.8,23.5,11.8,0.16,4.1,16.0,5.9,11.8,35.3,0.19,4.1,15.1,37.5,12.5,0.0,0.17,3.1,14.2,33.3,6.7,0.0,0.13,2.9,18.9,10.0,35.0,20.0,0.18,2.9,16.0,5.9,17.6,23.5,0.14,3.2,17.0,38.9,11.1,0.0,0.15,2.9,18.9,10.0,5.0,0.0,0.17,3.3
20260821,07,11,1800,4155,A2,福岡,45.0,56.0,6.06,44.44,5.48,33.33,40,0.0,69,0.0,5216,A1,群馬,26.0,54.0,6.03,38.62,5.53,42.5,67,40.0,53,40.0,3385,A2,東京,57.0,52.0,5.57,41.18,4.14,28.57,65,30.0,67,0.0,4006,B1,佐賀,48.0,50.0,5.0,28.43,4.35,30.0,29,20.0,56,30.0,4562,B1,岡山,38.0,55.0,4.82,27.27,4.43,21.43,64,40.0,54,54.55,5212,A2,福岡,27.0,53.0,6.22,44.8,0.0,0.0,25,22.22,51,0.0,21.8,66.7,22.2,0.0,0.14,3.1,12.1,33.3,13.3,20.0,0.17,3.1,19.4,4.2,25.0,33.3,0.17,3.4,16.1,15.0,40.0,25.0,0.14,2.7,16.9,19.0,4.8,0.0,0.17,3.5,13.7,11.8,11.8,11.8,0.15,3.6,21.8,59.3,22.2,11.1,0.15,2.5,17.7,27.3,18.2,27.3,0.19,3.8,17.7,31.8,22.7,13.6,0.16,3.0,15.3,5.3,10.5,42.1,0.16,2.9,15.3,10.5,36.8,15.8,0.17,3.1,12.1,6.7,26.7,0.0,0.19,4.1,18.9,50.0,10.0,5.0,0.18,2.5,15.1,18.8,25.0,18.8,0.18,2.9,17.9,10.5,26.3,21.1,0.14,2.7,17.0,11.1,16.7,11.1,0.14,2.3,16.0,11.8,17.6,35.3,0.16,2.9,15.1,12.5,25.0,0.0,0.17,3.4,11.6,36.4,27.3,27.3,0.16,3.7,17.9,11.8,29.4,11.8,0.18,3.4,21.1,20.0,40.0,10.0,0.17,3.5,17.9,23.5,17.6,0.0,0.15,3.6,20.0,5.3,15.8,10.5,0.18,4.5,11.6,18.2,0.0,0.0,0.2,4.0,14.4,12.5,18.8,31.2,0.16,3.8,17.1,10.5,26.3,0.0,0.21,4.6,16.2,11.1,16.7,0.0,0.19,3.9,17.1,5.3,10.5,21.1,0.19,3.9,18.9,9.5,4.8,23.8,0.18,3.8,16.2,11.1,0.0,0.0,0.23,4.6,15.0,68.8,12.5,6.2,0.14,1.8,18.7,25.0,45.0,10.0,0.12,1.9,16.8,11.1,38.9,11.1,0.14,2.8,20.6,27.3,27.3,0.0,0.13,2.0,16.8,22.2,11.1,22.2,0.13,2.6,12.1,23.1,0.0,0.0,0.16,3.3
20260821,07,12,1800,4544,A1,福岡,38.0,52.0,7.59,59.05,5.92,41.67,77,0.0,66,0.0,3554,A1,愛知,54.0,53.0,6.52,52.82,6.49,50.67,59,22.22,77,0.0,3952,A1,埼玉,50.0,52.0,6.71,50.0,7.26,54.84,63,11.11,68,0.0,4084,A1,愛知,46.0,56.0,6.5,44.83,6.33,50.0,76,0.0,48,33.33,4264,A1,山口,41.0,55.0,6.64,51.69,6.53,43.33,38,0.0,50,81.82,4288,A1,福岡,41.0,53.0,7.56,61.9,7.82,59.09,31,90.91,40,40.0,27.8,75.0,9.1,4.5,0.15,2.4,17.1,33.3,37.0,14.8,0.16,3.6,13.3,23.8,33.3,9.5,0.17,3.8,12.7,50.0,15.0,20.0,0.12,2.0,17.1,14.8,33.3,25.9,0.17,3.7,12.0,10.5,21.1,36.8,0.18,4.1,28.3,58.5,24.4,7.3,0.18,3.3,17.9,15.4,38.5,15.4,0.17,3.4,23.4,8.8,23.5,35.3,0.17,3.2,20.0,24.1,24.1,13.8,0.18,3.6,9.0,15.4,30.8,0.0,0.22,4.5,1.4,0.0,0.0,0.0,0.2,4.5,21.9,52.0,20.0,12.0,0.14,3.2,16.7,26.3,26.3,0.0,0.14,2.9,17.5,45.0,15.0,20.0,0.17,3.4,16.7,21.1,21.1,31.6,0.14,2.6,16.7,15.8,5.3,36.8,0.13,2.7,10.5,25.0,0.0,0.0,0.13,3.4,21.7,80.6,9.7,0.0,0.14,3.0,15.4,9.1,45.5,18.2,0.17,4.0,16.8,8.3,33.3,20.8,0.15,3.2,14.0,20.0,20.0,20.0,0.15,3.2,16.8,12.5,20.8,20.8,0.17,3.8,15.4,9.1,9.1,13.6,0.16,3.6,23.4,73.5,8.8,8.8,0.15,2.6,17.2,8.0,44.0,24.0,0.15,3.0,15.9,21.7,34.8,4.3,0.16,3.3,19.3,17.9,21.4,21.4,0.15,3.3,14.5,14.3,19.0,42.9,0.17,3.0,9.7,14.3,35.7,14.3,0.19,4.3,25.3,78.4,10.8,2.7,0.12,2.0,19.2,32.1,32.1,17.9,0.13,2.7,11.0,25.0,6.2,31.2,0.12,2.5,17.1,28.0,36.0,12.0,0.1,1.7,13.7,15.0,30.0,20.0,0.13,1.8,13.7,10.0,10.0,45.0,0.14,2.3
20260821,06,1,1800,3981,B1,静岡,48.0,53.0,3.91,18.97,4.58,28.13,65,17.46,29,35.47,3825,B1,福岡,53.0,61.0,3.36,17.33,0.0,0.0,27,16.36,71,36.82,3893,B1,愛知,50.0,54.0,5.43,34.78,4.65,25.0,28,23.61,26,28.25,5269,A2,静岡,25.0,51.0,5.85,42.86,4.99,31.95,2,43.02,14,35.9,4258,B1,埼玉,42.0,51.0,4.86,34.41,5.12,28.0,43,16.67,47,34.16,4214,B1,岡山,42.0,57.0,5.51,32.46,4.0,0.0,64,21.54,57,35.32,16.2,64.7,0.0,0.0,0.16,3.2,16.2,11.8,11.8,5.9,0.2,3.6,14.3,6.7,6.7,13.3,0.16,4.4,16.2,5.9,5.9,29.4,0.18,3.5,18.1,5.3,10.5,0.0,0.18,3.6,19.0,10.0,0.0,0.0,0.2,5.0,11.8,25.0,12.5,0.0,0.12,2.4,13.2,11.1,0.0,0.0,0.16,3.2,23.5,12.5,6.2,0.0,0.12,2.0,19.1,15.4,0.0,0.0,0.11,1.8,13.2,22.2,0.0,0.0,0.14,2.7,19.1,7.7,7.7,0.0,0.09,2.0,11.5,45.5,36.4,0.0,0.15,2.6,18.8,11.1,16.7,22.2,0.18,4.1,19.8,5.3,21.1,26.3,0.15,3.2,15.6,6.7,13.3,0.0,0.17,2.9,19.8,5.3,21.1,0.0,0.19,3.7,14.6,7.1,7.1,0.0,0.18,3.5,18.4,72.2,11.1,11.1,0.14,2.6,13.3,30.8,23.1,15.4,0.17,3.0,16.3,25.0,25.0,6.2,0.16,3.4,18.4,5.6,11.1,16.7,0.17,3.4,20.4,5.0,10.0,5.0,0.15,3.4,13.3,7.7,30.8,0.0,0.15,2.9,15.8,40.0,13.3,20.0,0.14,2.7,14.7,28.6,14.3,21.4,0.16,3.3,18.9,5.6,50.0,5.6,0.16,3.1,16.8,6.2,12.5,6.2,0.18,3.9,18.9,5.6,5.6,0.0,0.2,4.3,14.7,21.4,0.0,0.0,0.21,4.2,21.5,52.2,26.1,8.7,0.15,3.0,13.1,14.3,28.6,21.4,0.19,3.9,15.0,6.2,6.2,25.0,0.15,3.1,16.8,11.1,16.7,33.3,0.16,2.9,17.8,5.3,5.3,21.1,0.16,3.1,15.9,11.8,17.6,0.0,0.17,4.2
20260821,06,2,1800,3911,B1,東京,52.0,53.0,5.18,32.2,5.76,40.0,37,43.48,60,32.02,4700,A2,埼玉,39.0,54.0,5.8,39.81,5.93,37.93,35,19.3,24,37.75,4553,A2,長崎,37.0,53.0,5.8,36.7,6.0,50.0,26,40.59,67,38.69,5268,B1,福岡,25.0,56.0,3.67,15.29,2.31,6.25,40,32.65,39,26.97,4133,A2,兵庫,46.0,53.0,6.52,56.04,6.73,63.64,21,23.33,73,31.22,4332,B1,福岡,42.0,58.0,4.36,21.84,5.56,38.89,4,32.94,15,36.76,16.0,57.1,14.3,9.5,0.18,3.3,19.8,11.5,23.1,19.2,0.19,3.5,13.7,5.6,27.8,27.8,0.15,3.1,21.4,10.7,14.3,7.1,0.17,3.1,19.1,12.0,20.0,8.0,0.18,3.4,9.9,15.4,0.0,0.0,0.18,3.8,18.8,66.7,9.5,9.5,0.17,2.6,13.4,13.3,26.7,40.0,0.18,3.8,19.6,9.1,45.5,9.1,0.14,2.7,21.4,8.3,16.7,29.2,0.14,2.8,13.4,26.7,13.3,0.0,0.15,3.0,13.4,20.0,26.7,0.0,0.15,3.3,16.2,84.2,10.5,5.3,0.13,2.3,17.1,25.0,40.0,5.0,0.13,3.0,17.1,5.0,25.0,45.0,0.17,3.5,17.9,9.5,9.5,38.1,0.17,3.9,18.8,31.8,31.8,0.0,0.17,3.8,12.8,6.7,6.7,26.7,0.17,3.7,10.0,12.5,12.5,12.5,0.18,3.8,15.0,8.3,25.0,8.3,0.17,3.4,18.8,20.0,13.3,0.0,0.18,3.1,18.8,6.7,6.7,0.0,0.21,3.9,12.5,10.0,20.0,0.0,0.21,3.5,25.0,5.0,0.0,0.0,0.22,4.8,20.2,59.1,22.7,0.0,0.16,3.0,15.6,11.8,29.4,17.6,0.19,4.1,18.3,10.0,50.0,15.0,0.14,3.1,19.3,42.9,19.0,0.0,0.15,2.9,10.1,18.2,9.1,18.2,0.2,3.5,16.5,11.1,22.2,22.2,0.19,3.9,11.1,60.0,20.0,0.0,0.16,4.2,15.6,21.4,35.7,0.0,0.18,3.7,22.2,10.0,10.0,20.0,0.18,3.3,18.9,11.8,17.6,0.0,0.23,4.8,17.8,6.2,18.8,0.0,0.22,4.8,14.4,7.7,15.4,0.0,0.18,3.5
20260821,06,3,1800,5053,B1,福岡,30.0,55.0,3.58,15.38,5.71,28.57,6,33.33,74,28.72,5026,A1,佐賀,31.0,55.0,6.68,52.89,7.33,66.67,34,34.12,53,34.48,3546,B1,埼玉,57.0,51.0,4.43,18.37,4.73,20.9,3,44.16,37,33.83,3233,B1,岡山,59.0,54.0,4.35,19.23,5.05,28.57,23,37.08,23,33.17,4435,A2,愛知,40.0,56.0,5.54,36.46,4.56,23.53,60,14.29,69,34.33,5315,B2,埼玉,25.0,51.0,2.64,13.51,2.14,2.86,47,22.54,63,35.2,15.1,46.2,15.4,23.1,0.17,2.9,12.8,36.4,18.2,0.0,0.17,4.3,17.4,6.7,6.7,0.0,0.14,2.3,15.1,7.7,15.4,0.0,0.16,2.7,15.1,23.1,7.7,0.0,0.17,3.2,24.4,4.8,4.8,0.0,0.2,4.7,17.0,84.2,10.5,0.0,0.15,2.8,17.0,10.5,26.3,21.1,0.17,4.0,14.3,12.5,43.8,25.0,0.14,2.8,19.6,13.6,40.9,13.6,0.15,3.2,17.0,15.8,15.8,15.8,0.16,3.4,15.2,5.9,5.9,5.9,0.18,4.1,13.8,15.4,15.4,30.8,0.18,3.7,19.1,27.8,33.3,0.0,0.19,4.2,14.9,7.1,42.9,0.0,0.17,4.1,27.7,3.8,26.9,0.0,0.2,4.3,13.8,7.7,7.7,0.0,0.18,3.8,10.6,40.0,0.0,0.0,0.17,3.6,15.7,43.8,12.5,18.8,0.18,3.2,15.7,6.2,25.0,31.2,0.15,2.4,16.7,17.6,23.5,11.8,0.13,2.9,20.6,9.5,28.6,0.0,0.18,3.5,15.7,6.2,12.5,0.0,0.16,3.3,15.7,18.8,0.0,0.0,0.17,3.8,13.6,58.3,16.7,8.3,0.13,2.2,18.2,25.0,18.8,18.8,0.2,4.3,19.3,17.6,29.4,11.8,0.2,3.1,18.2,6.2,25.0,25.0,0.17,3.1,13.6,16.7,41.7,0.0,0.15,2.9,17.0,26.7,0.0,0.0,0.22,4.3,9.9,28.6,0.0,0.0,0.18,3.0,11.3,12.5,12.5,0.0,0.22,5.4,16.9,8.3,16.7,0.0,0.18,3.5,15.5,9.1,0.0,0.0,0.17,3.2,15.5,18.2,0.0,0.0,0.2,4.1,31.0,4.5,0.0,0.0,0.24,4.9
20260821,06,4,1800,4278,A1,兵庫,43.0,52.0,6.89,56.06,7.67,73.33,41,23.08,30,37.76,4197,B1,静岡,44.0,55.0,3.78,17.02,4.86,32.29,38,37.5,27,29.56,3867,B1,愛知,51.0,58.0,3.02,9.76,3.68,18.18,50,22.22,18,38.0,3642,B1,静岡,55.0,53.0,4.05,12.82,3.9,15.52,13,41.24,19,34.2,4323,B1,岡山,39.0,56.0,5.74,44.55,6.0,62.5,5,41.76,55,25.93,4106,B1,佐賀,46.0,53.0,4.19,21.25,4.73,26.92,30,25.37,65,33.17,22.1,87.5,6.2,0.0,0.11,1.8,17.9,30.8,19.2,34.6,0.13,2.4,15.9,13.0,34.8,8.7,0.12,2.2,15.2,13.6,31.8,22.7,0.13,2.4,18.6,22.2,11.1,14.8,0.14,3.0,10.3,6.7,13.3,0.0,0.15,3.9,15.5,37.5,18.8,12.5,0.18,3.2,15.5,6.2,37.5,0.0,0.18,3.8,21.4,9.1,9.1,9.1,0.19,3.9,16.5,5.9,0.0,0.0,0.19,4.1,20.4,9.5,4.8,19.0,0.18,3.6,10.7,9.1,0.0,0.0,0.21,5.5,10.7,11.1,11.1,11.1,0.2,3.6,16.7,21.4,7.1,0.0,0.18,3.4,20.2,5.9,5.9,11.8,0.16,3.4,22.6,5.3,15.8,0.0,0.16,3.3,17.9,6.7,6.7,0.0,0.19,3.5,11.9,0.0,0.0,0.0,0.21,4.5,10.8,42.9,14.3,0.0,0.17,2.7,20.0,7.7,23.1,0.0,0.2,3.9,21.5,14.3,7.1,0.0,0.21,3.6,18.5,8.3,33.3,0.0,0.22,4.4,15.4,0.0,0.0,0.0,0.18,3.6,13.8,0.0,0.0,0.0,0.21,4.1,12.8,66.7,16.7,0.0,0.16,3.1,21.3,5.0,10.0,20.0,0.18,3.4,13.8,30.8,15.4,0.0,0.15,2.5,18.1,23.5,29.4,11.8,0.16,3.0,19.1,16.7,11.1,0.0,0.15,3.0,14.9,28.6,0.0,0.0,0.2,4.7,11.4,55.6,0.0,0.0,0.2,4.3,17.7,7.1,7.1,28.6,0.21,3.9,21.5,29.4,0.0,0.0,0.16,3.6,16.5,15.4,7.7,0.0,0.18,3.8,24.1,5.3,5.3,15.8,0.19,3.8,8.9,0.0,0.0,0.0,0.16,3.0
20260821,06,5,1800,5258,B1,福岡,21.0,52.0,4.13,22.22,3.76,11.76,10,35.56,40,27.47,3583,B1,埼玉,53.0,60.0,3.51,12.2,3.29,14.29,19,35.79,11,29.65,4980,A1,山口,30.0,50.0,7.12,53.33,7.53,65.63,22,42.05,72,32.18,3800,A2,東京,52.0,53.0,5.79,35.16,5.52,34.09,7,35.23,70,31.55,4365,A2,兵庫,40.0,52.0,5.76,40.4,5.53,33.33,16,34.12,62,36.89,4785,B1,愛知,38.0,51.0,4.35,19.75,5.0,22.22,53,31.71,64,30.96,15.2,57.1,14.3,7.1,0.18,3.5,17.4,12.5,12.5,12.5,0.13,2.4,16.3,13.3,33.3,13.3,0.11,2.1,15.2,7.1,14.3,0.0,0.19,3.3,21.7,5.0,10.0,20.0,0.15,3.6,14.1,23.1,0.0,0.0,0.18,4.4,12.0,66.7,0.0,0.0,0.21,4.0,18.7,14.3,7.1,0.0,0.21,3.9,16.0,8.3,33.3,0.0,0.21,4.0,20.0,6.7,13.3,0.0,0.19,3.3,16.0,8.3,8.3,0.0,0.19,3.5,17.3,7.7,0.0,0.0,0.2,4.1,22.0,82.1,14.3,0.0,0.15,2.6,14.2,11.1,44.4,16.7,0.15,3.6,17.3,13.6,36.4,13.6,0.14,2.9,11.8,6.7,46.7,13.3,0.16,3.3,15.0,21.1,15.8,15.8,0.18,3.2,19.7,8.0,8.0,20.0,0.17,4.6,18.4,50.0,31.2,6.2,0.15,2.8,18.4,25.0,12.5,31.2,0.14,3.3,17.2,6.7,40.0,26.7,0.15,2.1,17.2,33.3,20.0,0.0,0.16,3.6,13.8,25.0,0.0,0.0,0.18,3.8,14.9,7.7,7.7,0.0,0.21,4.5,19.0,52.6,15.8,15.8,0.14,2.7,19.0,15.8,36.8,26.3,0.16,3.3,13.0,15.4,23.1,30.8,0.18,3.5,15.0,40.0,20.0,6.7,0.17,2.5,16.0,6.2,12.5,0.0,0.18,3.4,18.0,11.1,0.0,0.0,0.22,4.0,13.2,25.0,25.0,0.0,0.2,3.7,18.7,5.9,17.6,11.8,0.2,3.8,20.9,15.8,26.3,21.1,0.18,3.8,15.4,14.3,28.6,0.0,0.24,4.6,19.8,5.6,16.7,22.2,0.19,4.3,12.1,9.1,18.2,0.0,0.21,4.4
20260821,06,6,1800,5263,B1,福岡,27.0,52.0,4.11,18.56,6.43,57.14,61,42.86,43,30.89,3976,B1,山口,49.0,53.0,3.42,17.58,3.84,21.05,20,48.39,38,27.57,4258,B1,埼玉,42.0,51.0,4.86,34.41,5.12,28.0,43,16.67,47,34.16,3930,A2,岡山,50.0,56.0,5.11,26.21,0.0,0.0,39,18.18,16,28.42,4465,B1,東京,40.0,53.0,4.51,22.54,5.0,28.57,17,43.48,56,34.34,4199,A1,愛知,44.0,59.0,6.27,44.76,6.28,44.0,31,30.14,28,28.57,12.7,46.2,7.7,15.4,0.14,2.8,18.6,5.3,26.3,10.5,0.17,3.9,18.6,26.3,31.6,0.0,0.17,3.6,19.6,15.0,10.0,25.0,0.16,3.0,17.6,11.1,27.8,0.0,0.19,2.9,12.7,15.4,0.0,0.0,0.2,3.5,12.2,50.0,8.3,8.3,0.19,3.9,17.3,5.9,17.6,5.9,0.15,3.1,21.4,4.8,19.0,14.3,0.17,2.7,20.4,10.0,20.0,0.0,0.17,3.4,15.3,13.3,6.7,0.0,0.18,3.5,13.3,0.0,0.0,0.0,0.19,4.4,15.8,40.0,13.3,20.0,0.14,2.7,14.7,28.6,14.3,21.4,0.16,3.3,18.9,5.6,50.0,5.6,0.16,3.1,16.8,6.2,12.5,6.2,0.18,3.9,18.9,5.6,5.6,0.0,0.2,4.3,14.7,21.4,0.0,0.0,0.21,4.2,16.7,64.7,23.5,5.9,0.14,2.5,15.7,6.2,37.5,18.8,0.16,2.8,17.6,5.6,22.2,33.3,0.15,2.7,18.6,15.8,10.5,36.8,0.16,2.8,17.6,16.7,5.6,0.0,0.18,3.3,13.7,7.1,14.3,0.0,0.2,4.1,14.1,50.0,20.0,0.0,0.19,3.4,19.7,14.3,42.9,7.1,0.18,3.5,12.7,11.1,22.2,0.0,0.2,3.7,21.1,13.3,13.3,6.7,0.17,3.2,18.3,7.7,38.5,0.0,0.2,3.8,14.1,20.0,0.0,0.0,0.27,4.8,22.6,75.7,10.8,5.4,0.13,2.0,25.0,24.4,31.7,24.4,0.16,2.8,27.4,6.7,26.7,20.0,0.16,2.7,23.8,10.3,15.4,25.6,0.15,2.7,1.2,0.0,0.0,0.0,0.3,3.5,0.0,0.0,0.0,0.0,0.0,0.0
20260821,06,7,1800,4966,B1,長崎,28.0,54.0,4.93,32.29,4.4,40.0,49,29.67,75,24.86,4979,B1,愛知,30.0,53.0,4.74,28.7,5.1,35.48,29,29.89,52,25.28,4057,A2,兵庫,47.0,52.0,5.91,41.54,5.9,40.0,15,27.14,21,42.65,4214,B1,岡山,42.0,57.0,5.51,32.46,4.0,0.0,64,21.54,57,35.32,3876,A1,福岡,49.0,53.0,6.98,46.03,9.1,90.0,33,20.83,36,24.38,4700,A2,埼玉,39.0,54.0,5.8,39.81,5.93,37.93,35,19.3,24,37.75,20.3,60.0,8.0,8.0,0.19,3.6,17.1,9.5,47.6,14.3,0.14,2.8,14.6,22.2,16.7,16.7,0.14,2.5,11.4,7.1,28.6,14.3,0.16,2.5,20.3,4.0,12.0,4.0,0.15,3.4,16.3,5.0,5.0,0.0,0.17,3.5,16.9,57.1,14.3,14.3,0.15,3.1,14.5,11.1,16.7,5.6,0.16,3.6,17.7,18.2,36.4,0.0,0.18,3.4,21.0,19.2,7.7,19.2,0.14,2.7,16.9,4.8,23.8,9.5,0.18,3.0,12.9,25.0,0.0,0.0,0.19,3.6,17.6,61.5,34.6,3.8,0.14,2.8,17.6,11.5,46.2,15.4,0.15,3.2,18.2,7.4,33.3,22.2,0.16,3.5,18.9,14.3,28.6,14.3,0.16,3.1,13.5,10.0,10.0,15.0,0.15,3.5,14.2,9.5,14.3,0.0,0.16,4.0,21.5,52.2,26.1,8.7,0.15,3.0,13.1,14.3,28.6,21.4,0.19,3.9,15.0,6.2,6.2,25.0,0.15,3.1,16.8,11.1,16.7,33.3,0.16,2.9,17.8,5.3,5.3,21.1,0.16,3.1,15.9,11.8,17.6,0.0,0.17,4.2,24.1,71.4,14.3,0.0,0.15,3.9,13.8,12.5,37.5,25.0,0.18,4.1,16.4,47.4,15.8,5.3,0.13,3.1,11.2,30.8,7.7,23.1,0.17,3.3,14.7,41.2,11.8,17.6,0.14,2.6,19.8,8.7,8.7,17.4,0.14,3.2,18.8,66.7,9.5,9.5,0.17,2.6,13.4,13.3,26.7,40.0,0.18,3.8,19.6,9.1,45.5,9.1,0.14,2.7,21.4,8.3,16.7,29.2,0.14,2.8,13.4,26.7,13.3,0.0,0.15,3.0,13.4,20.0,26.7,0.0,0.15,3.3
20260821,06,8,1800,4133,A2,兵庫,46.0,53.0,6.52,56.04,6.73,63.64,21,23.33,73,31.22,5071,B1,福岡,32.0,53.0,3.97,14.49,4.1,20.0,32,37.76,49,28.18,5315,B2,埼玉,25.0,51.0,2.64,13.51,2.14,2.86,47,22.54,63,35.2,4074,A1,愛知,45.0,51.0,6.54,47.73,6.5,44.44,48,41.05,58,36.27,3981,B1,静岡,48.0,53.0,3.91,18.97,4.58,28.13,65,17.46,29,35.47,5466,B2,埼玉,19.0,52.0,1.92,2.56,0.0,0.0,12,19.05,31,29.85,20.2,59.1,22.7,0.0,0.16,3.0,15.6,11.8,29.4,17.6,0.19,4.1,18.3,10.0,50.0,15.0,0.14,3.1,19.3,42.9,19.0,0.0,0.15,2.9,10.1,18.2,9.1,18.2,0.2,3.5,16.5,11.1,22.2,22.2,0.19,3.9,14.8,30.8,7.7,30.8,0.11,1.5,18.2,18.8,18.8,12.5,0.13,2.8,18.2,12.5,18.8,37.5,0.11,1.9,17.0,6.7,6.7,26.7,0.17,2.8,18.2,6.2,12.5,0.0,0.14,2.4,13.6,8.3,8.3,0.0,0.13,2.8,9.9,28.6,0.0,0.0,0.18,3.0,11.3,12.5,12.5,0.0,0.22,5.4,16.9,8.3,16.7,0.0,0.18,3.5,15.5,9.1,0.0,0.0,0.17,3.2,15.5,18.2,0.0,0.0,0.2,4.1,31.0,4.5,0.0,0.0,0.24,4.9,17.9,66.7,14.3,4.8,0.12,2.2,16.2,15.8,42.1,15.8,0.15,3.3,20.5,12.5,37.5,20.8,0.12,2.3,19.7,4.3,26.1,34.8,0.14,3.0,14.5,29.4,5.9,0.0,0.15,3.4,11.1,7.7,23.1,0.0,0.14,2.8,16.2,64.7,0.0,0.0,0.16,3.2,16.2,11.8,11.8,5.9,0.2,3.6,14.3,6.7,6.7,13.3,0.16,4.4,16.2,5.9,5.9,29.4,0.18,3.5,18.1,5.3,10.5,0.0,0.18,3.6,19.0,10.0,0.0,0.0,0.2,5.0,0.0,0.0,0.0,0.0,0.0,0.0,0.0,0.0,0.0,0.0,0.0,0.0,0.0,0.0,0.0,0.0,0.0,0.0,0.0,0.0,0.0,0.0,0.0,0.0,0.0,0.0,0.0,0.0,0.0,0.0,0.0,0.0,0.0,0.0,0.0,0.0
20260821,06,9,1800,4323,B1,岡山,39.0,56.0,5.74,44.55,6.0,62.5,5,41.76,55,25.93,4608,A2,東京,36.0,56.0,5.83,38.64,5.28,31.03,1,41.41,12,37.75,4435,A2,愛知,40.0,56.0,5.54,36.46,4.56,23.53,60,14.29,69,34.33,4332,B1,福岡,42.0,58.0,4.36,21.84,5.56,38.89,4,32.94,15,36.76,4809,A1,埼玉,37.0,52.0,5.84,35.05,6.7,45.0,25,20.63,46,33.5,3825,B1,福岡,53.0,61.0,3.36,17.33,0.0,0.0,27,16.36,71,36.82,12.8,66.7,16.7,0.0,0.16,3.1,21.3,5.0,10.0,20.0,0.18,3.4,13.8,30.8,15.4,0.0,0.15,2.5,18.1,23.5,29.4,11.8,0.16,3.0,19.1,16.7,11.1,0.0,0.15,3.0,14.9,28.6,0.0,0.0,0.2,4.7,21.2,61.1,27.8,5.6,0.14,2.8,14.1,25.0,25.0,0.0,0.18,3.9,18.8,25.0,37.5,18.8,0.17,3.6,20.0,5.9,11.8,35.3,0.18,3.2,15.3,7.7,23.1,23.1,0.19,3.1,10.6,22.2,0.0,0.0,0.17,3.9,13.6,58.3,16.7,8.3,0.13,2.2,18.2,25.0,18.8,18.8,0.2,4.3,19.3,17.6,29.4,11.8,0.2,3.1,18.2,6.2,25.0,25.0,0.17,3.1,13.6,16.7,41.7,0.0,0.15,2.9,17.0,26.7,0.0,0.0,0.22,4.3,11.1,60.0,20.0,0.0,0.16,4.2,15.6,21.4,35.7,0.0,0.18,3.7,22.2,10.0,10.0,20.0,0.18,3.3,18.9,11.8,17.6,0.0,0.23,4.8,17.8,6.2,18.8,0.0,0.22,4.8,14.4,7.7,15.4,0.0,0.18,3.5,20.7,68.4,15.8,0.0,0.14,2.3,12.0,36.4,36.4,0.0,0.17,3.4,16.3,13.3,33.3,20.0,0.18,3.9,16.3,6.7,26.7,13.3,0.16,3.0,18.5,17.6,17.6,11.8,0.15,2.2,16.3,6.7,33.3,0.0,0.17,4.5,11.8,25.0,12.5,0.0,0.12,2.4,13.2,11.1,0.0,0.0,0.16,3.2,23.5,12.5,6.2,0.0,0.12,2.0,19.1,15.4,0.0,0.0,0.11,1.8,13.2,22.2,0.0,0.0,0.14,2.7,19.1,7.7,7.7,0.0,0.09,2.0
20260821,06,10,1800,5269,A2,静岡,25.0,51.0,5.85,42.86,4.99,31.95,2,43.02,14,35.9,4365,A2,兵庫,40.0,52.0,5.76,40.4,5.53,33.33,16,34.12,62,36.89,4465,B1,東京,40.0,53.0,4.51,22.54,5.0,28.57,17,43.48,56,34.34,3867,B1,愛知,51.0,58.0,3.02,9.76,3.68,18.18,50,22.22,18,38.0,5053,B1,福岡,30.0,55.0,3.58,15.38,5.71,28.57,6,33.33,74,28.72,4553,A2,長崎,37.0,53.0,5.8,36.7,6.0,50.0,26,40.59,67,38.69,18.4,72.2,11.1,11.1,0.14,2.6,13.3,30.8,23.1,15.4,0.17,3.0,16.3,25.0,25.0,6.2,0.16,3.4,18.4,5.6,11.1,16.7,0.17,3.4,20.4,5.0,10.0,5.0,0.15,3.4,13.3,7.7,30.8,0.0,0.15,2.9,19.0,52.6,15.8,15.8,0.14,2.7,19.0,15.8,36.8,26.3,0.16,3.3,13.0,15.4,23.1,30.8,0.18,3.5,15.0,40.0,20.0,6.7,0.17,2.5,16.0,6.2,12.5,0.0,0.18,3.4,18.0,11.1,0.0,0.0,0.22,4.0,14.1,50.0,20.0,0.0,0.19,3.4,19.7,14.3,42.9,7.1,0.18,3.5,12.7,11.1,22.2,0.0,0.2,3.7,21.1,13.3,13.3,6.7,0.17,3.2,18.3,7.7,38.5,0.0,0.2,3.8,14.1,20.0,0.0,0.0,0.27,4.8,10.7,11.1,11.1,11.1,0.2,3.6,16.7,21.4,7.1,0.0,0.18,3.4,20.2,5.9,5.9,11.8,0.16,3.4,22.6,5.3,15.8,0.0,0.16,3.3,17.9,6.7,6.7,0.0,0.19,3.5,11.9,0.0,0.0,0.0,0.21,4.5,15.1,46.2,15.4,23.1,0.17,2.9,12.8,36.4,18.2,0.0,0.17,4.3,17.4,6.7,6.7,0.0,0.14,2.3,15.1,7.7,15.4,0.0,0.16,2.7,15.1,23.1,7.7,0.0,0.17,3.2,24.4,4.8,4.8,0.0,0.2,4.7,16.2,84.2,10.5,5.3,0.13,2.3,17.1,25.0,40.0,5.0,0.13,3.0,17.1,5.0,25.0,45.0,0.17,3.5,17.9,9.5,9.5,38.1,0.17,3.9,18.8,31.8,31.8,0.0,0.17,3.8,12.8,6.7,6.7,26.7,0.17,3.7
20260821,06,11,1800,4877,A1,兵庫,31.0,56.0,6.25,46.61,6.0,45.45,44,36.67,13,30.85,5268,B1,福岡,25.0,56.0,3.67,15.29,2.31,6.25,40,32.65,39,26.97,3800,A2,東京,52.0,53.0,5.79,35.16,5.52,34.09,7,35.23,70,31.55,3546,B1,埼玉,57.0,51.0,4.43,18.37,4.73,20.9,3,44.16,37,33.83,3893,B1,愛知,50.0,54.0,5.43,34.78,4.65,25.0,28,23.61,26,28.25,3930,A2,岡山,50.0,56.0,5.11,26.21,0.0,0.0,39,18.18,16,28.42,24.3,69.2,19.2,3.8,0.14,2.5,13.1,28.6,35.7,14.3,0.13,2.6,15.9,11.8,29.4,23.5,0.15,2.8,16.8,16.7,11.1,16.7,0.14,2.9,16.8,27.8,11.1,11.1,0.15,2.6,13.1,14.3,14.3,14.3,0.15,2.3,10.0,12.5,12.5,12.5,0.18,3.8,15.0,8.3,25.0,8.3,0.17,3.4,18.8,20.0,13.3,0.0,0.18,3.1,18.8,6.7,6.7,0.0,0.21,3.9,12.5,10.0,20.0,0.0,0.21,3.5,25.0,5.0,0.0,0.0,0.22,4.8,18.4,50.0,31.2,6.2,0.15,2.8,18.4,25.0,12.5,31.2,0.14,3.3,17.2,6.7,40.0,26.7,0.15,2.1,17.2,33.3,20.0,0.0,0.16,3.6,13.8,25.0,0.0,0.0,0.18,3.8,14.9,7.7,7.7,0.0,0.21,4.5,13.8,15.4,15.4,30.8,0.18,3.7,19.1,27.8,33.3,0.0,0.19,4.2,14.9,7.1,42.9,0.0,0.17,4.1,27.7,3.8,26.9,0.0,0.2,4.3,13.8,7.7,7.7,0.0,0.18,3.8,10.6,40.0,0.0,0.0,0.17,3.6,11.5,45.5,36.4,0.0,0.15,2.6,18.8,11.1,16.7,22.2,0.18,4.1,19.8,5.3,21.1,26.3,0.15,3.2,15.6,6.7,13.3,0.0,0.17,2.9,19.8,5.3,21.1,0.0,0.19,3.7,14.6,7.1,7.1,0.0,0.18,3.5,16.7,64.7,23.5,5.9,0.14,2.5,15.7,6.2,37.5,18.8,0.16,2.8,17.6,5.6,22.2,33.3,0.15,2.7,18.6,15.8,10.5,36.8,0.16,2.8,17.6,16.7,5.6,0.0,0.18,3.3,13.7,7.1,14.3,0.0,0.2,4.1
20260821,06,12,1800,4074,A1,愛知,45.0,51.0,6.54,47.73,6.5,44.44,48,41.05,58,36.27,4199,A1,愛知,44.0,59.0,6.27,44.76,6.28,44.0,31,30.14,28,28.57,4278,A1,兵庫,43.0,52.0,6.89,56.06,7.67,73.33,41,23.08,30,37.76,3876,A1,福岡,49.0,53.0,6.98,46.03,9.1,90.0,33,20.83,36,24.38,4980,A1,山口,30.0,50.0,7.12,53.33,7.53,65.63,22,42.05,72,32.18,5026,A1,佐賀,31.0,55.0,6.68,52.89,7.33,66.67,34,34.12,53,34.48,17.9,66.7,14.3,4.8,0.12,2.2,16.2,15.8,42.1,15.8,0.15,3.3,20.5,12.5,37.5,20.8,0.12,2.3,19.7,4.3,26.1,34.8,0.14,3.0,14.5,29.4,5.9,0.0,0.15,3.4,11.1,7.7,23.1,0.0,0.14,2.8,22.6,75.7,10.8,5.4,0.13,2.0,25.0,24.4,31.7,24.4,0.16,2.8,27.4,6.7,26.7,20.0,0.16,2.7,23.8,10.3,15.4,25.6,0.15,2.7,1.2,0.0,0.0,0.0,0.3,3.5,0.0,0.0,0.0,0.0,0.0,0.0,22.1,87.5,6.2,0.0,0.11,1.8,17.9,30.8,19.2,34.6,0.13,2.4,15.9,13.0,34.8,8.7,0.12,2.2,15.2,13.6,31.8,22.7,0.13,2.4,18.6,22.2,11.1,14.8,0.14,3.0,10.3,6.7,13.3,0.0,0.15,3.9,24.1,71.4,14.3,0.0,0.15,3.9,13.8,12.5,37.5,25.0,0.18,4.1,16.4,47.4,15.8,5.3,0.13,3.1,11.2,30.8,7.7,23.1,0.17,3.3,14.7,41.2,11.8,17.6,0.14,2.6,19.8,8.7,8.7,17.4,0.14,3.2,22.0,82.1,14.3,0.0,0.15,2.6,14.2,11.1,44.4,16.7,0.15,3.6,17.3,13.6,36.4,13.6,0.14,2.9,11.8,6.7,46.7,13.3,0.16,3.3,15.0,21.1,15.8,15.8,0.18,3.2,19.7,8.0,8.0,20.0,0.17,4.6,17.0,84.2,10.5,0.0,0.15,2.8,17.0,10.5,26.3,21.1,0.17,4.0,14.3,12.5,43.8,25.0,0.14,2.8,19.6,13.6,40.9,13.6,0.15,3.2,17.0,15.8,15.8,15.8,0.16,3.4,15.2,5.9,5.9,5.9,0.18,4.1
20260821,04,1,1800,5245,B1,愛知,24.0,52.0,5.32,35.63,4.23,19.23,10,36.67,72,38.46,5138,B1,福岡,26.0,54.0,3.69,12.5,0.0,0.0,49,29.73,27,18.18,4345,A2,東京,41.0,56.0,5.5,41.12,4.44,20.55,24,41.18,23,40.0,3339,B1,兵庫,61.0,56.0,4.53,30.86,5.18,25.0,20,14.29,13,35.29,3544,B1,静岡,57.0,53.0,4.05,15.96,4.75,14.29,11,36.96,14,41.46,4545,A1,福岡,38.0,59.0,7.26,60.68,4.78,44.44,16,38.3,68,38.1,12.0,30.0,20.0,20.0,0.23,5.1,16.9,28.6,14.3,14.3,0.21,4.7,18.1,6.7,13.3,20.0,0.14,3.0,19.3,18.8,6.2,6.2,0.15,3.2,14.5,25.0,0.0,0.0,0.16,2.9,19.3,25.0,0.0,0.0,0.2,4.4,12.3,33.3,11.1,22.2,0.16,3.4,16.4,8.3,16.7,0.0,0.27,4.6,23.3,11.8,23.5,0.0,0.16,2.6,21.9,6.2,37.5,0.0,0.18,3.6,12.3,11.1,11.1,0.0,0.17,3.6,13.7,0.0,0.0,0.0,0.2,4.5,19.5,64.0,24.0,4.0,0.13,1.9,14.1,5.6,38.9,16.7,0.15,3.1,18.8,16.7,20.8,16.7,0.14,2.7,17.2,9.1,27.3,9.1,0.16,2.8,13.3,5.9,11.8,17.6,0.16,3.5,17.2,22.7,9.1,0.0,0.16,4.1,14.6,20.0,40.0,0.0,0.19,3.9,18.4,5.3,21.1,21.1,0.15,3.1,19.4,10.0,20.0,10.0,0.17,3.3,12.6,38.5,7.7,0.0,0.17,3.3,21.4,4.5,4.5,0.0,0.16,3.3,13.6,7.1,14.3,14.3,0.17,3.4,13.1,7.7,23.1,23.1,0.14,1.9,18.2,11.1,0.0,0.0,0.24,4.5,21.2,19.0,9.5,0.0,0.2,3.8,19.2,5.3,26.3,5.3,0.17,3.1,17.2,17.6,11.8,0.0,0.2,3.5,11.1,0.0,0.0,0.0,0.24,5.1,21.3,90.0,3.3,0.0,0.15,2.7,15.6,31.8,31.8,18.2,0.15,3.0,14.2,20.0,30.0,30.0,0.15,3.3,16.3,17.4,17.4,34.8,0.15,2.5,15.6,22.7,13.6,18.2,0.15,3.1,17.0,8.3,16.7,20.8,0.15,3.4
20260821,04,2,1800,4295,A1,兵庫,39.0,53.0,7.36,57.58,7.06,52.94,15,26.83,55,37.74,3419,B2,群馬,56.0,56.0,2.1,0.0,4.19,26.92,67,21.95,61,30.23,4729,B1,福岡,37.0,56.0,4.31,21.18,3.64,14.29,58,49.09,65,28.21,5349,B2,静岡,22.0,52.0,1.3,0.0,0.0,0.0,54,25.0,21,15.79,3461,B1,静岡,59.0,58.0,2.88,10.0,3.14,14.29,39,16.67,29,36.84,4533,B1,岡山,37.0,51.0,4.26,20.97,7.0,60.0,57,18.75,30,36.17,23.1,90.0,6.7,3.3,0.14,2.0,21.5,21.4,28.6,32.1,0.14,2.8,12.3,25.0,12.5,18.8,0.11,2.1,15.4,10.0,50.0,15.0,0.14,2.8,16.2,9.5,28.6,19.0,0.14,2.8,11.5,33.3,0.0,0.0,0.16,3.1,15.9,14.3,28.6,0.0,0.15,2.7,20.5,11.1,22.2,0.0,0.21,4.2,13.6,0.0,0.0,0.0,0.23,4.2,6.8,0.0,0.0,0.0,0.19,4.3,18.2,0.0,0.0,0.0,0.22,5.4,25.0,0.0,0.0,0.0,0.27,5.5,14.5,25.0,8.3,0.0,0.22,4.5,16.9,21.4,21.4,0.0,0.2,3.8,20.5,17.6,29.4,0.0,0.17,4.2,16.9,14.3,7.1,0.0,0.17,3.5,19.3,18.8,0.0,0.0,0.2,4.1,12.0,20.0,0.0,0.0,0.19,3.8,0.0,0.0,0.0,0.0,0.0,0.0,0.0,0.0,0.0,0.0,0.0,0.0,0.0,0.0,0.0,0.0,0.0,0.0,29.2,0.0,0.0,0.0,0.21,4.4,30.6,4.5,4.5,0.0,0.17,3.5,40.3,0.0,0.0,0.0,0.2,4.0,11.0,37.5,25.0,0.0,0.14,2.8,21.9,12.5,18.8,12.5,0.18,3.3,13.7,10.0,0.0,0.0,0.15,3.7,19.2,7.1,0.0,0.0,0.22,3.8,11.0,12.5,0.0,0.0,0.18,3.3,23.3,0.0,0.0,0.0,0.21,4.9,13.8,53.8,0.0,0.0,0.17,3.1,12.8,8.3,16.7,16.7,0.22,4.1,19.1,5.6,11.1,27.8,0.19,3.4,20.2,10.5,26.3,36.8,0.16,3.6,16.0,6.7,20.0,0.0,0.17,4.3,18.1,11.8,17.6,0.0,0.2,4.3
20260821,04,3,1800,5152,B1,福岡,31.0,50.0,3.37,7.23,4.57,42.86,28,19.35,12,27.78,4522,A2,福岡,38.0,54.0,6.32,47.66,0.0,0.0,62,42.86,62,27.78,5301,B1,群馬,23.0,52.0,5.28,32.04,3.65,10.91,70,17.95,54,35.42,3277,B1,東京,59.0,52.0,4.49,22.22,4.73,26.79,32,17.5,69,43.24,4075,A1,東京,45.0,54.0,6.5,41.12,6.26,33.87,65,31.11,25,51.11,4661,A2,佐賀,34.0,52.0,5.49,36.3,6.0,44.44,53,21.43,10,33.33,13.1,9.1,54.5,9.1,0.22,4.3,20.2,11.8,29.4,17.6,0.23,4.8,20.2,17.6,23.5,0.0,0.18,4.1,20.2,5.9,0.0,0.0,0.26,5.4,15.5,7.7,0.0,0.0,0.24,4.9,10.7,0.0,0.0,0.0,0.3,6.0,22.0,84.6,7.7,0.0,0.14,2.5,13.6,12.5,25.0,25.0,0.15,2.7,17.8,9.5,42.9,9.5,0.15,2.9,15.3,11.1,27.8,16.7,0.12,3.1,14.4,11.8,17.6,0.0,0.13,3.6,16.9,15.0,0.0,0.0,0.17,4.2,15.0,60.0,13.3,0.0,0.16,3.9,21.0,4.8,14.3,23.8,0.17,3.6,22.0,13.6,9.1,22.7,0.13,3.0,16.0,18.8,6.2,18.8,0.15,3.0,14.0,7.1,7.1,21.4,0.16,3.5,12.0,0.0,0.0,0.0,0.16,3.4,15.2,20.0,6.7,13.3,0.18,3.2,15.2,6.7,6.7,40.0,0.19,3.5,19.2,21.1,5.3,0.0,0.17,3.2,21.2,14.3,14.3,9.5,0.17,3.3,19.2,5.3,15.8,0.0,0.19,3.7,10.1,10.0,0.0,0.0,0.21,4.6,19.7,61.5,19.2,11.5,0.1,2.0,13.6,11.1,38.9,16.7,0.12,2.3,18.9,8.0,36.0,20.0,0.13,2.6,16.7,13.6,27.3,18.2,0.13,2.4,13.6,16.7,44.4,0.0,0.13,2.7,17.4,8.7,8.7,13.0,0.15,4.3,13.6,45.5,36.4,0.0,0.14,3.3,19.8,6.2,50.0,37.5,0.16,3.9,21.0,23.5,35.3,0.0,0.18,3.8,13.6,36.4,18.2,0.0,0.18,5.2,22.2,5.6,44.4,0.0,0.2,4.2,9.9,12.5,12.5,0.0,0.22,5.1
20260821,04,4,1800,5178,B1,愛知,30.0,54.0,4.05,17.43,3.17,16.67,35,20.51,56,18.75,3940,A1,東京,48.0,52.0,6.39,48.51,6.17,39.74,12,62.9,26,32.61,5125,A2,愛知,30.0,52.0,5.03,27.1,4.5,33.33,72,25.0,59,24.39,4779,B1,東京,40.0,53.0,5.46,30.21,4.66,22.45,55,29.27,74,32.56,3685,A2,岡山,52.0,57.0,5.82,40.45,3.75,12.5,46,46.34,16,35.14,3933,B1,岡山,50.0,53.0,5.94,44.35,4.85,23.53,14,36.96,73,29.73,14.5,31.2,12.5,18.8,0.16,3.1,20.0,4.5,13.6,31.8,0.17,3.4,17.3,5.3,31.6,21.1,0.21,4.3,14.5,6.2,18.8,12.5,0.18,3.9,18.2,5.0,5.0,15.0,0.19,4.4,15.5,5.9,0.0,0.0,0.24,5.2,24.3,69.4,22.2,2.8,0.13,2.4,17.6,15.4,7.7,19.2,0.16,3.3,16.2,20.8,25.0,12.5,0.16,2.6,14.2,14.3,23.8,28.6,0.14,2.8,14.9,13.6,13.6,18.2,0.14,2.5,12.8,21.1,21.1,0.0,0.15,2.9,21.0,71.4,4.8,9.5,0.15,3.1,19.0,15.8,31.6,26.3,0.18,3.9,13.0,15.4,15.4,7.7,0.15,3.3,14.0,7.1,7.1,14.3,0.19,3.8,18.0,16.7,33.3,16.7,0.17,3.7,15.0,13.3,26.7,0.0,0.22,4.9,16.0,53.3,33.3,0.0,0.16,2.5,17.0,25.0,31.2,0.0,0.18,3.6,16.0,20.0,26.7,0.0,0.18,3.6,19.1,5.6,16.7,33.3,0.19,3.6,19.1,11.1,16.7,0.0,0.16,2.9,12.8,16.7,0.0,0.0,0.21,4.2,15.1,50.0,7.1,7.1,0.15,2.9,17.2,12.5,37.5,18.8,0.13,2.8,19.4,5.6,33.3,5.6,0.15,2.8,16.1,13.3,33.3,13.3,0.15,2.7,17.2,6.2,25.0,25.0,0.17,3.1,15.1,7.1,14.3,0.0,0.17,3.1,14.0,33.3,20.0,13.3,0.17,4.1,43.9,12.8,27.7,6.4,0.17,3.6,31.8,23.5,23.5,0.0,0.18,3.3,9.3,40.0,0.0,0.0,0.17,4.5,0.9,0.0,0.0,0.0,0.24,2.0,0.0,0.0,0.0,0.0,0.0,0.0
20260821,04,5,1800,5167,B1,埼玉,26.0,52.0,5.31,32.94,4.6,23.26,51,30.77,63,36.36,4503,A1,佐賀,38.0,52.0,8.11,63.49,0.0,0.0,64,30.0,53,45.24,4944,B1,東京,35.0,53.0,3.93,16.87,4.38,21.05,45,20.59,22,33.33,4917,B1,兵庫,38.0,52.0,4.43,23.33,5.25,37.5,69,22.22,11,25.53,4886,A2,岡山,30.0,54.0,6.19,35.29,5.88,52.94,66,27.91,57,53.49,4095,A1,東京,45.0,52.0,7.06,61.16,6.87,55.22,63,27.91,28,32.65,15.1,28.6,42.9,7.1,0.15,3.3,20.4,21.1,26.3,10.5,0.18,3.9,16.1,6.7,26.7,33.3,0.17,3.2,19.4,11.1,16.7,11.1,0.14,3.0,14.0,7.7,7.7,15.4,0.15,3.1,15.1,7.1,21.4,0.0,0.15,4.1,21.4,85.2,11.1,0.0,0.1,2.0,15.1,10.5,21.1,15.8,0.11,2.1,12.7,25.0,37.5,6.2,0.1,2.1,19.0,12.5,37.5,12.5,0.12,2.0,18.3,17.4,34.8,21.7,0.12,2.3,13.5,11.8,5.9,0.0,0.12,3.2,9.1,37.5,0.0,0.0,0.19,3.5,19.3,11.8,11.8,5.9,0.18,3.3,19.3,11.8,11.8,23.5,0.15,2.5,20.5,5.6,5.6,11.1,0.21,3.6,12.5,18.2,18.2,0.0,0.15,3.1,19.3,5.9,17.6,11.8,0.17,3.2,14.7,13.3,13.3,13.3,0.18,4.0,14.7,6.7,13.3,13.3,0.17,3.8,22.5,8.7,26.1,13.0,0.17,3.1,16.7,11.8,17.6,0.0,0.16,3.4,18.6,5.3,15.8,0.0,0.16,3.4,12.7,0.0,0.0,0.0,0.17,3.2,11.2,53.8,15.4,15.4,0.12,3.1,19.0,9.1,22.7,13.6,0.13,3.5,19.0,9.1,40.9,18.2,0.14,3.0,14.7,11.8,23.5,23.5,0.15,3.3,19.0,4.5,40.9,0.0,0.14,3.2,17.2,5.0,5.0,25.0,0.18,4.4,25.5,77.8,16.7,0.0,0.12,2.0,12.8,27.8,16.7,27.8,0.14,2.4,12.8,16.7,50.0,11.1,0.13,2.3,21.3,16.7,30.0,20.0,0.16,2.3,14.9,14.3,28.6,23.8,0.12,2.3,12.8,11.1,33.3,22.2,0.13,2.7
20260821,04,6,1800,4815,B1,東京,36.0,53.0,3.32,12.0,3.72,24.0,48,27.91,24,46.81,4632,B1,福岡,37.0,52.0,4.78,27.54,5.13,25.0,71,23.81,19,26.67,3960,A1,静岡,48.0,55.0,6.56,35.9,8.9,80.0,34,22.5,17,30.23,3544,B1,静岡,57.0,53.0,4.05,15.96,4.75,14.29,11,36.96,14,41.46,4413,A2,福岡,40.0,52.0,5.87,36.3,5.61,38.89,59,18.75,58,17.5,3412,A1,埼玉,56.0,54.0,6.59,51.64,6.95,53.85,75,21.43,64,25.0,15.9,52.9,11.8,0.0,0.2,3.8,12.1,15.4,15.4,7.7,0.21,4.7,15.0,31.2,18.8,0.0,0.21,3.8,16.8,5.6,5.6,22.2,0.19,3.8,11.2,8.3,8.3,25.0,0.16,3.4,29.0,6.5,12.9,0.0,0.21,4.9,14.1,50.0,30.0,0.0,0.19,3.4,16.9,8.3,16.7,8.3,0.19,3.9,18.3,30.8,23.1,0.0,0.18,3.6,15.5,18.2,45.5,0.0,0.24,3.7,19.7,7.1,28.6,0.0,0.2,4.2,15.5,18.2,0.0,0.0,0.22,4.8,22.2,71.4,10.7,7.1,0.11,1.8,15.9,15.0,25.0,15.0,0.12,2.5,15.1,21.1,10.5,15.8,0.11,2.1,19.0,8.3,33.3,4.2,0.1,2.0,16.7,14.3,14.3,33.3,0.11,2.7,11.1,7.1,0.0,0.0,0.14,3.4,13.1,7.7,23.1,23.1,0.14,1.9,18.2,11.1,0.0,0.0,0.24,4.5,21.2,19.0,9.5,0.0,0.2,3.8,19.2,5.3,26.3,5.3,0.17,3.1,17.2,17.6,11.8,0.0,0.2,3.5,11.1,0.0,0.0,0.0,0.24,5.1,19.6,64.3,7.1,17.9,0.18,3.6,22.4,6.2,28.1,43.8,0.18,4.2,16.1,8.7,30.4,26.1,0.19,3.4,14.0,15.0,15.0,15.0,0.2,3.6,13.3,10.5,36.8,0.0,0.19,3.8,14.7,4.8,14.3,23.8,0.16,3.0,22.1,76.7,20.0,0.0,0.14,2.8,13.2,50.0,16.7,0.0,0.21,3.8,14.7,35.0,20.0,30.0,0.16,3.7,16.9,13.0,26.1,13.0,0.18,3.7,18.4,8.0,12.0,40.0,0.16,3.6,14.7,5.0,30.0,35.0,0.14,3.2
20260821,04,7,1800,3202,B1,東京,61.0,52.0,4.32,24.21,5.09,30.67,41,37.14,75,33.33,4545,A1,福岡,38.0,59.0,7.26,60.68,4.78,44.44,16,38.3,68,38.1,4105,B1,兵庫,46.0,53.0,5.4,33.01,5.67,44.44,74,34.78,20,35.42,3461,B1,静岡,59.0,58.0,2.88,10.0,3.14,14.29,39,16.67,29,36.84,4661,A2,佐賀,34.0,52.0,5.49,36.3,6.0,44.44,53,21.43,10,33.33,4306,B1,愛知,42.0,50.0,4.66,24.04,5.56,32.35,22,15.79,15,22.22,15.7,25.0,25.0,12.5,0.18,3.6,17.6,11.1,33.3,0.0,0.19,4.4,18.6,15.8,15.8,5.3,0.18,3.6,12.7,23.1,7.7,0.0,0.17,3.2,15.7,12.5,0.0,0.0,0.21,3.8,19.6,5.0,10.0,5.0,0.27,5.1,21.3,90.0,3.3,0.0,0.15,2.7,15.6,31.8,31.8,18.2,0.15,3.0,14.2,20.0,30.0,30.0,0.15,3.3,16.3,17.4,17.4,34.8,0.15,2.5,15.6,22.7,13.6,18.2,0.15,3.1,17.0,8.3,16.7,20.8,0.15,3.4,17.2,22.7,22.7,4.5,0.2,4.3,14.1,11.1,44.4,16.7,0.18,3.3,18.8,8.3,8.3,41.7,0.19,3.4,18.8,4.2,12.5,33.3,0.17,3.2,15.6,5.0,10.0,40.0,0.17,3.2,15.6,15.0,0.0,0.0,0.22,4.6,11.0,37.5,25.0,0.0,0.14,2.8,21.9,12.5,18.8,12.5,0.18,3.3,13.7,10.0,0.0,0.0,0.15,3.7,19.2,7.1,0.0,0.0,0.22,3.8,11.0,12.5,0.0,0.0,0.18,3.3,23.3,0.0,0.0,0.0,0.21,4.9,13.6,45.5,36.4,0.0,0.14,3.3,19.8,6.2,50.0,37.5,0.16,3.9,21.0,23.5,35.3,0.0,0.18,3.8,13.6,36.4,18.2,0.0,0.18,5.2,22.2,5.6,44.4,0.0,0.2,4.2,9.9,12.5,12.5,0.0,0.22,5.1,18.1,20.0,20.0,26.7,0.26,4.6,14.5,16.7,16.7,16.7,0.18,3.4,16.9,14.3,35.7,0.0,0.21,4.1,18.1,20.0,26.7,0.0,0.2,4.0,16.9,7.1,7.1,35.7,0.21,4.4,15.7,0.0,0.0,0.0,0.2,4.7
20260821,04,8,1800,4345,A2,東京,41.0,56.0,5.5,41.12,4.44,20.55,24,41.18,23,40.0,5349,B2,静岡,22.0,52.0,1.3,0.0,0.0,0.0,54,25.0,21,15.79,5178,B1,愛知,30.0,54.0,4.05,17.43,3.17,16.67,35,20.51,56,18.75,4075,A1,東京,45.0,54.0,6.5,41.12,6.26,33.87,65,31.11,25,51.11,3982,B1,岡山,48.0,57.0,4.13,21.11,3.57,14.29,36,38.3,67,35.71,3790,B1,群馬,54.0,53.0,4.65,25.23,3.2,6.67,13,27.5,66,19.51,19.5,64.0,24.0,4.0,0.13,1.9,14.1,5.6,38.9,16.7,0.15,3.1,18.8,16.7,20.8,16.7,0.14,2.7,17.2,9.1,27.3,9.1,0.16,2.8,13.3,5.9,11.8,17.6,0.16,3.5,17.2,22.7,9.1,0.0,0.16,4.1,0.0,0.0,0.0,0.0,0.0,0.0,0.0,0.0,0.0,0.0,0.0,0.0,0.0,0.0,0.0,0.0,0.0,0.0,29.2,0.0,0.0,0.0,0.21,4.4,30.6,4.5,4.5,0.0,0.17,3.5,40.3,0.0,0.0,0.0,0.2,4.0,14.5,31.2,12.5,18.8,0.16,3.1,20.0,4.5,13.6,31.8,0.17,3.4,17.3,5.3,31.6,21.1,0.21,4.3,14.5,6.2,18.8,12.5,0.18,3.9,18.2,5.0,5.0,15.0,0.19,4.4,15.5,5.9,0.0,0.0,0.24,5.2,19.7,61.5,19.2,11.5,0.1,2.0,13.6,11.1,38.9,16.7,0.12,2.3,18.9,8.0,36.0,20.0,0.13,2.6,16.7,13.6,27.3,18.2,0.13,2.4,13.6,16.7,44.4,0.0,0.13,2.7,17.4,8.7,8.7,13.0,0.15,4.3,14.9,21.4,21.4,14.3,0.19,3.9,17.0,18.8,18.8,0.0,0.16,3.1,20.2,5.3,5.3,15.8,0.19,4.3,18.1,5.9,23.5,0.0,0.16,3.1,18.1,11.8,0.0,0.0,0.19,3.8,11.7,0.0,0.0,0.0,0.18,4.1,16.1,28.6,14.3,14.3,0.17,3.1,18.4,6.2,31.2,25.0,0.19,3.6,14.9,23.1,7.7,0.0,0.18,3.8,21.8,15.8,42.1,0.0,0.19,4.2,16.1,7.1,35.7,0.0,0.21,4.3,12.6,0.0,0.0,0.0,0.24,4.7
20260821,04,9,1800,3277,B1,東京,59.0,52.0,4.49,22.22,4.73,26.79,32,17.5,69,43.24,5073,A2,福岡,31.0,54.0,5.38,31.58,5.22,29.63,31,29.27,18,34.21,3339,B1,兵庫,61.0,56.0,4.53,30.86,5.18,25.0,20,14.29,13,35.29,4944,B1,東京,35.0,53.0,3.93,16.87,4.38,21.05,45,20.59,22,33.33,4295,A1,兵庫,39.0,53.0,7.36,57.58,7.06,52.94,15,26.83,55,37.74,5125,A2,愛知,30.0,52.0,5.03,27.1,4.5,33.33,72,25.0,59,24.39,15.2,20.0,6.7,13.3,0.18,3.2,15.2,6.7,6.7,40.0,0.19,3.5,19.2,21.1,5.3,0.0,0.17,3.2,21.2,14.3,14.3,9.5,0.17,3.3,19.2,5.3,15.8,0.0,0.19,3.7,10.1,10.0,0.0,0.0,0.21,4.6,19.8,52.4,19.0,9.5,0.19,3.4,18.9,15.0,30.0,25.0,0.18,3.8,16.0,17.6,23.5,0.0,0.22,4.5,14.2,13.3,33.3,0.0,0.16,3.7,14.2,6.7,40.0,0.0,0.17,4.3,17.0,33.3,0.0,0.0,0.19,4.5,14.6,20.0,40.0,0.0,0.19,3.9,18.4,5.3,21.1,21.1,0.15,3.1,19.4,10.0,20.0,10.0,0.17,3.3,12.6,38.5,7.7,0.0,0.17,3.3,21.4,4.5,4.5,0.0,0.16,3.3,13.6,7.1,14.3,14.3,0.17,3.4,9.1,37.5,0.0,0.0,0.19,3.5,19.3,11.8,11.8,5.9,0.18,3.3,19.3,11.8,11.8,23.5,0.15,2.5,20.5,5.6,5.6,11.1,0.21,3.6,12.5,18.2,18.2,0.0,0.15,3.1,19.3,5.9,17.6,11.8,0.17,3.2,23.1,90.0,6.7,3.3,0.14,2.0,21.5,21.4,28.6,32.1,0.14,2.8,12.3,25.0,12.5,18.8,0.11,2.1,15.4,10.0,50.0,15.0,0.14,2.8,16.2,9.5,28.6,19.0,0.14,2.8,11.5,33.3,0.0,0.0,0.16,3.1,21.0,71.4,4.8,9.5,0.15,3.1,19.0,15.8,31.6,26.3,0.18,3.9,13.0,15.4,15.4,7.7,0.15,3.3,14.0,7.1,7.1,14.3,0.19,3.8,18.0,16.7,33.3,16.7,0.17,3.7,15.0,13.3,26.7,0.0,0.22,4.9
20260821,04,10,1800,4522,A2,福岡,38.0,54.0,6.32,47.66,0.0,0.0,62,42.86,62,27.78,3717,A2,岡山,51.0,56.0,5.56,32.99,5.0,0.0,56,16.22,71,45.65,4779,B1,東京,40.0,53.0,5.46,30.21,4.66,22.45,55,29.27,74,32.56,4503,A1,佐賀,38.0,52.0,8.11,63.49,0.0,0.0,64,30.0,53,45.24,5138,B1,福岡,26.0,54.0,3.69,12.5,0.0,0.0,49,29.73,27,18.18,4202,B1,岡山,44.0,57.0,4.29,20.0,4.59,22.73,44,12.5,60,48.84,22.0,84.6,7.7,0.0,0.14,2.5,13.6,12.5,25.0,25.0,0.15,2.7,17.8,9.5,42.9,9.5,0.15,2.9,15.3,11.1,27.8,16.7,0.12,3.1,14.4,11.8,17.6,0.0,0.13,3.6,16.9,15.0,0.0,0.0,0.17,4.2,15.3,46.2,7.7,30.8,0.16,3.1,21.2,33.3,27.8,0.0,0.2,4.1,16.5,7.1,28.6,21.4,0.18,3.5,11.8,20.0,30.0,0.0,0.2,2.6,17.6,20.0,6.7,20.0,0.17,3.5,17.6,6.7,6.7,13.3,0.19,4.3,16.0,53.3,33.3,0.0,0.16,2.5,17.0,25.0,31.2,0.0,0.18,3.6,16.0,20.0,26.7,0.0,0.18,3.6,19.1,5.6,16.7,33.3,0.19,3.6,19.1,11.1,16.7,0.0,0.16,2.9,12.8,16.7,0.0,0.0,0.21,4.2,21.4,85.2,11.1,0.0,0.1,2.0,15.1,10.5,21.1,15.8,0.11,2.1,12.7,25.0,37.5,6.2,0.1,2.1,19.0,12.5,37.5,12.5,0.12,2.0,18.3,17.4,34.8,21.7,0.12,2.3,13.5,11.8,5.9,0.0,0.12,3.2,12.3,33.3,11.1,22.2,0.16,3.4,16.4,8.3,16.7,0.0,0.27,4.6,23.3,11.8,23.5,0.0,0.16,2.6,21.9,6.2,37.5,0.0,0.18,3.6,12.3,11.1,11.1,0.0,0.17,3.6,13.7,0.0,0.0,0.0,0.2,4.5,16.0,66.7,13.3,0.0,0.15,2.9,16.0,6.7,26.7,0.0,0.17,3.5,20.2,26.3,10.5,0.0,0.17,3.9,13.8,7.7,38.5,15.4,0.19,3.6,16.0,6.7,20.0,0.0,0.2,4.5,18.1,5.9,5.9,0.0,0.23,5.5
20260821,04,11,1800,4886,A2,岡山,30.0,54.0,6.19,35.29,5.88,52.94,66,27.91,57,53.49,4252,B1,福岡,43.0,52.0,4.79,26.47,5.5,20.0,30,48.33,70,51.16,3419,B2,群馬,56.0,56.0,2.1,0.0,4.19,26.92,67,21.95,61,30.23,5152,B1,福岡,31.0,50.0,3.37,7.23,4.57,42.86,28,19.35,12,27.78,3412,A1,埼玉,56.0,54.0,6.59,51.64,6.95,53.85,75,21.43,64,25.0,3940,A1,東京,48.0,52.0,6.39,48.51,6.17,39.74,12,62.9,26,32.61,11.2,53.8,15.4,15.4,0.12,3.1,19.0,9.1,22.7,13.6,0.13,3.5,19.0,9.1,40.9,18.2,0.14,3.0,14.7,11.8,23.5,23.5,0.15,3.3,19.0,4.5,40.9,0.0,0.14,3.2,17.2,5.0,5.0,25.0,0.18,4.4,12.4,18.2,27.3,9.1,0.15,2.7,16.9,26.7,13.3,0.0,0.2,4.0,14.6,7.7,7.7,23.1,0.19,3.6,22.5,30.0,10.0,5.0,0.19,3.6,16.9,6.7,20.0,0.0,0.18,3.8,16.9,20.0,0.0,0.0,0.22,3.7,15.9,14.3,28.6,0.0,0.15,2.7,20.5,11.1,22.2,0.0,0.21,4.2,13.6,0.0,0.0,0.0,0.23,4.2,6.8,0.0,0.0,0.0,0.19,4.3,18.2,0.0,0.0,0.0,0.22,5.4,25.0,0.0,0.0,0.0,0.27,5.5,13.1,9.1,54.5,9.1,0.22,4.3,20.2,11.8,29.4,17.6,0.23,4.8,20.2,17.6,23.5,0.0,0.18,4.1,20.2,5.9,0.0,0.0,0.26,5.4,15.5,7.7,0.0,0.0,0.24,4.9,10.7,0.0,0.0,0.0,0.3,6.0,22.1,76.7,20.0,0.0,0.14,2.8,13.2,50.0,16.7,0.0,0.21,3.8,14.7,35.0,20.0,30.0,0.16,3.7,16.9,13.0,26.1,13.0,0.18,3.7,18.4,8.0,12.0,40.0,0.16,3.6,14.7,5.0,30.0,35.0,0.14,3.2,24.3,69.4,22.2,2.8,0.13,2.4,17.6,15.4,7.7,19.2,0.16,3.3,16.2,20.8,25.0,12.5,0.16,2.6,14.2,14.3,23.8,28.6,0.14,2.8,14.9,13.6,13.6,18.2,0.14,2.5,12.8,21.1,21.1,0.0,0.15,2.9
20260821,04,12,1800,3960,A1,静岡,48.0,55.0,6.56,35.9,8.9,80.0,34,22.5,17,30.23,3685,A2,岡山,52.0,57.0,5.82,40.45,3.75,12.5,46,46.34,16,35.14,4533,B1,岡山,37.0,51.0,4.26,20.97,7.0,60.0,57,18.75,30,36.17,4306,B1,愛知,42.0,50.0,4.66,24.04,5.56,32.35,22,15.79,15,22.22,4095,A1,東京,45.0,52.0,7.06,61.16,6.87,55.22,63,27.91,28,32.65,5301,B1,群馬,23.0,52.0,5.28,32.04,3.65,10.91,70,17.95,54,35.42,22.2,71.4,10.7,7.1,0.11,1.8,15.9,15.0,25.0,15.0,0.12,2.5,15.1,21.1,10.5,15.8,0.11,2.1,19.0,8.3,33.3,4.2,0.1,2.0,16.7,14.3,14.3,33.3,0.11,2.7,11.1,7.1,0.0,0.0,0.14,3.4,15.1,50.0,7.1,7.1,0.15,2.9,17.2,12.5,37.5,18.8,0.13,2.8,19.4,5.6,33.3,5.6,0.15,2.8,16.1,13.3,33.3,13.3,0.15,2.7,17.2,6.2,25.0,25.0,0.17,3.1,15.1,7.1,14.3,0.0,0.17,3.1,13.8,53.8,0.0,0.0,0.17,3.1,12.8,8.3,16.7,16.7,0.22,4.1,19.1,5.6,11.1,27.8,0.19,3.4,20.2,10.5,26.3,36.8,0.16,3.6,16.0,6.7,20.0,0.0,0.17,4.3,18.1,11.8,17.6,0.0,0.2,4.3,18.1,20.0,20.0,26.7,0.26,4.6,14.5,16.7,16.7,16.7,0.18,3.4,16.9,14.3,35.7,0.0,0.21,4.1,18.1,20.0,26.7,0.0,0.2,4.0,16.9,7.1,7.1,35.7,0.21,4.4,15.7,0.0,0.0,0.0,0.2,4.7,25.5,77.8,16.7,0.0,0.12,2.0,12.8,27.8,16.7,27.8,0.14,2.4,12.8,16.7,50.0,11.1,0.13,2.3,21.3,16.7,30.0,20.0,0.16,2.3,14.9,14.3,28.6,23.8,0.12,2.3,12.8,11.1,33.3,22.2,0.13,2.7,15.0,60.0,13.3,0.0,0.16,3.9,21.0,4.8,14.3,23.8,0.17,3.6,22.0,13.6,9.1,22.7,0.13,3.0,16.0,18.8,6.2,18.8,0.15,3.0,14.0,7.1,7.1,21.4,0.16,3.5,12.0,0.0,0.0,0.0,0.16,3.4
20260821,03,1,1800,4169,B1,東京,44.0,55.0,4.07,20.0,4.06,19.44,64,46.15,24,31.48,4129,B1,愛知,46.0,57.0,3.74,15.12,4.05,23.81,40,16.98,68,25.49,3652,B1,群馬,52.0,57.0,3.75,14.94,4.24,16.0,60,30.19,52,35.85,5103,B2,埼玉,28.0,54.0,3.34,17.02,4.11,17.5,51,23.64,30,32.14,3812,B1,東京,50.0,52.0,4.09,14.86,4.85,26.83,25,46.43,40,38.89,5276,B1,福岡,24.0,51.0,4.94,24.75,5.15,25.93,39,23.21,21,31.48,15.5,30.8,23.1,15.4,0.2,4.9,17.9,13.3,6.7,0.0,0.22,4.8,15.5,7.7,7.7,7.7,0.21,3.7,16.7,7.1,14.3,21.4,0.23,5.0,20.2,5.9,5.9,0.0,0.24,4.9,14.3,8.3,0.0,0.0,0.29,5.7,16.0,17.6,17.6,11.8,0.16,3.5,17.9,5.3,15.8,21.1,0.17,3.0,14.2,6.7,6.7,26.7,0.18,3.2,17.0,11.1,22.2,0.0,0.19,3.8,23.6,8.0,8.0,4.0,0.18,3.8,11.3,8.3,0.0,0.0,0.22,4.6,12.6,18.2,45.5,0.0,0.16,2.4,21.8,5.3,15.8,0.0,0.18,3.1,14.9,7.7,15.4,0.0,0.17,3.2,19.5,5.9,5.9,5.9,0.17,3.4,17.2,6.7,6.7,0.0,0.22,4.0,13.8,8.3,8.3,0.0,0.22,4.4,13.2,30.0,10.0,0.0,0.17,3.6,13.2,30.0,10.0,0.0,0.17,3.3,14.5,9.1,27.3,0.0,0.2,4.4,14.5,9.1,18.2,0.0,0.21,4.3,11.8,11.1,33.3,0.0,0.19,3.8,32.9,4.0,4.0,4.0,0.21,4.3,14.6,42.9,14.3,14.3,0.18,2.9,17.7,5.9,41.2,11.8,0.17,3.2,12.5,8.3,25.0,0.0,0.16,2.8,21.9,9.5,9.5,38.1,0.19,3.8,15.6,20.0,0.0,0.0,0.18,3.7,17.7,17.6,0.0,0.0,0.21,4.3,16.8,33.3,22.2,0.0,0.16,2.7,18.7,20.0,5.0,35.0,0.18,3.2,17.8,21.1,47.4,0.0,0.16,3.2,17.8,5.3,10.5,15.8,0.16,3.8,14.0,6.7,6.7,13.3,0.17,3.3,15.0,6.2,25.0,0.0,0.2,4.6
20260821,03,2,1800,4943,B1,愛知,35.0,54.0,4.32,18.52,5.31,33.33,53,34.55,58,17.86,4041,B1,山口,47.0,53.0,4.16,19.35,3.89,18.52,61,31.48,14,29.17,4895,A2,東京,35.0,55.0,5.07,24.47,2.75,0.0,66,26.42,39,50.0,4213,B1,長崎,42.0,54.0,3.76,21.35,5.07,33.33,16,39.62,37,30.77,4167,B1,徳島,44.0,57.0,4.21,17.86,4.61,29.03,45,32.08,43,36.54,5101,B1,福岡,29.0,56.0,3.13,4.41,4.1,30.0,57,47.37,47,40.0,13.7,50.0,10.0,10.0,0.16,3.0,19.2,14.3,21.4,7.1,0.17,3.4,19.2,7.1,14.3,0.0,0.12,2.5,17.8,7.7,15.4,0.0,0.14,2.0,21.9,18.8,0.0,0.0,0.14,3.1,8.2,0.0,0.0,0.0,0.16,3.7,11.2,11.1,33.3,11.1,0.18,3.9,21.2,11.8,17.6,11.8,0.22,4.7,17.5,7.1,7.1,35.7,0.19,3.9,23.8,5.3,15.8,10.5,0.2,4.4,20.0,18.8,0.0,0.0,0.2,4.3,6.2,0.0,0.0,0.0,0.29,6.0,13.8,54.5,27.3,0.0,0.14,2.9,17.5,21.4,21.4,14.3,0.17,3.1,21.2,17.6,11.8,29.4,0.15,2.9,16.2,15.4,15.4,15.4,0.13,3.1,18.8,6.7,13.3,26.7,0.15,2.4,12.5,40.0,0.0,0.0,0.16,2.3,6.2,16.7,50.0,0.0,0.16,3.3,12.5,25.0,8.3,0.0,0.15,3.1,6.2,33.3,16.7,0.0,0.16,3.5,11.5,9.1,9.1,0.0,0.17,3.5,18.8,5.6,5.6,22.2,0.15,3.2,44.8,20.9,11.6,4.7,0.15,3.0,13.3,15.4,7.7,15.4,0.17,3.7,17.3,5.9,35.3,0.0,0.18,2.9,15.3,20.0,6.7,0.0,0.13,3.1,17.3,5.9,11.8,29.4,0.16,2.5,16.3,18.8,25.0,0.0,0.16,3.4,20.4,10.0,5.0,0.0,0.16,3.4,9.1,16.7,16.7,0.0,0.21,3.3,19.7,7.7,15.4,30.8,0.17,2.8,16.7,18.2,0.0,0.0,0.17,3.4,25.8,5.9,5.9,17.6,0.18,4.0,18.2,8.3,0.0,0.0,0.2,4.0,10.6,14.3,14.3,0.0,0.2,4.3
20260821,03,3,1800,5307,B1,佐賀,23.0,51.0,4.67,28.3,5.56,33.33,70,18.97,17,41.51,5249,B1,徳島,24.0,53.0,5.08,29.76,4.89,21.43,63,28.3,18,24.56,4124,A2,静岡,44.0,52.0,5.89,40.38,6.53,41.18,35,33.33,34,31.48,5063,B1,東京,28.0,55.0,4.6,21.59,3.97,20.0,36,49.12,13,38.89,4790,A1,兵庫,36.0,51.0,6.13,39.05,0.0,0.0,32,36.54,36,35.09,3935,B1,岡山,49.0,54.0,5.32,35.87,5.21,42.42,46,48.15,31,23.21,11.7,50.0,25.0,8.3,0.16,3.7,21.4,4.5,22.7,22.7,0.21,4.0,17.5,11.1,27.8,22.2,0.19,3.9,15.5,6.2,18.8,0.0,0.18,3.9,21.4,9.1,18.2,0.0,0.21,4.1,12.6,15.4,7.7,0.0,0.16,4.2,17.9,42.1,15.8,21.1,0.17,3.1,17.0,11.1,27.8,33.3,0.13,2.9,14.2,33.3,20.0,13.3,0.17,2.9,15.1,12.5,25.0,0.0,0.17,2.8,15.1,6.2,6.2,18.8,0.15,2.8,20.8,9.1,4.5,9.1,0.18,3.4,20.7,56.0,16.0,12.0,0.18,3.0,17.4,23.8,33.3,4.8,0.15,3.1,19.0,21.7,30.4,8.7,0.16,3.4,12.4,13.3,20.0,33.3,0.19,3.3,17.4,4.8,9.5,38.1,0.15,4.0,13.2,37.5,0.0,0.0,0.16,3.7,14.1,45.5,18.2,0.0,0.18,3.1,14.1,9.1,27.3,27.3,0.25,4.8,16.7,7.7,7.7,23.1,0.2,3.8,19.2,6.7,26.7,20.0,0.19,3.8,12.8,40.0,0.0,0.0,0.18,3.2,23.1,11.1,0.0,0.0,0.24,5.0,21.7,78.6,10.7,7.1,0.14,2.1,14.7,21.1,15.8,26.3,0.14,2.9,14.0,11.1,44.4,11.1,0.15,3.1,18.6,12.5,29.2,25.0,0.15,2.3,16.3,14.3,19.0,23.8,0.15,2.6,14.7,5.3,21.1,0.0,0.18,4.0,11.1,62.5,12.5,12.5,0.14,2.6,22.2,37.5,18.8,0.0,0.16,3.9,13.9,10.0,30.0,30.0,0.15,2.9,13.9,10.0,20.0,30.0,0.17,3.2,15.3,18.2,0.0,0.0,0.15,3.2,23.6,11.8,17.6,0.0,0.2,4.6
20260821,03,4,1800,5329,B1,兵庫,22.0,50.0,4.93,32.86,3.88,12.0,54,28.85,69,22.22,5259,B2,埼玉,33.0,57.0,3.29,10.67,2.72,9.2,15,30.19,10,49.06,5065,A2,群馬,28.0,53.0,5.33,37.93,5.2,37.5,49,40.38,12,35.29,4693,B1,福岡,42.0,54.0,3.93,19.05,4.84,25.0,10,35.85,41,41.38,4475,A1,山口,38.0,54.0,5.74,34.31,6.29,38.71,41,29.63,38,27.45,3989,B1,佐賀,48.0,60.0,4.02,20.65,3.23,13.64,27,38.89,66,30.91,14.7,42.9,28.6,7.1,0.16,2.9,18.9,5.6,22.2,16.7,0.16,3.1,16.8,25.0,25.0,12.5,0.11,2.2,13.7,23.1,0.0,0.0,0.22,3.5,22.1,19.0,14.3,19.0,0.17,3.2,13.7,7.7,7.7,15.4,0.16,2.5,15.0,16.7,0.0,0.0,0.15,2.7,17.5,0.0,0.0,0.0,0.19,3.4,17.5,14.3,0.0,0.0,0.19,2.9,15.0,16.7,0.0,0.0,0.14,2.7,20.0,12.5,0.0,0.0,0.19,3.1,15.0,16.7,0.0,0.0,0.2,4.8,12.8,71.4,14.3,14.3,0.1,1.6,19.3,9.5,42.9,19.0,0.14,3.3,13.8,13.3,33.3,6.7,0.12,2.3,20.2,18.2,18.2,18.2,0.14,2.8,14.7,31.2,18.8,0.0,0.11,2.2,19.3,9.5,14.3,0.0,0.12,2.5,13.9,13.3,26.7,20.0,0.18,4.1,16.7,16.7,33.3,11.1,0.19,4.4,20.4,13.6,18.2,0.0,0.21,4.3,16.7,16.7,16.7,0.0,0.19,4.2,16.7,16.7,11.1,0.0,0.18,4.0,15.7,17.6,0.0,0.0,0.19,3.8,21.3,74.1,14.8,7.4,0.15,2.3,16.5,33.3,38.1,0.0,0.17,3.4,18.9,20.8,33.3,16.7,0.14,2.1,17.3,18.2,18.2,36.4,0.15,2.7,12.6,18.8,37.5,0.0,0.16,3.5,13.4,11.8,23.5,0.0,0.19,4.1,14.1,38.5,23.1,7.7,0.19,3.6,18.5,5.9,5.9,11.8,0.19,4.4,14.1,15.4,7.7,0.0,0.2,4.8,22.8,4.8,4.8,23.8,0.19,4.7,12.0,9.1,9.1,0.0,0.21,4.6,18.5,5.9,0.0,0.0,0.26,5.4
20260821,03,5,1800,5048,B1,長崎,32.0,54.0,4.55,25.97,5.94,48.48,52,41.51,25,32.69,5100,B1,群馬,29.0,57.0,4.74,28.21,4.14,16.67,67,25.0,45,33.93,4857,A1,兵庫,29.0,56.0,7.15,60.0,6.57,42.86,34,48.08,28,34.55,5290,B1,東京,25.0,51.0,3.36,13.33,2.76,7.5,47,23.21,65,24.56,4403,A2,福岡,41.0,53.0,6.5,47.41,5.65,44.12,33,25.93,56,35.85,5388,B1,徳島,19.0,52.0,3.63,15.0,4.17,16.67,29,23.08,35,31.48,10.9,63.6,9.1,0.0,0.18,4.1,7.9,12.5,12.5,0.0,0.17,4.1,7.9,37.5,12.5,0.0,0.17,3.4,5.9,16.7,33.3,0.0,0.2,4.2,18.8,10.5,21.1,0.0,0.25,4.2,48.5,10.2,16.3,0.0,0.21,4.2,17.1,33.3,16.7,16.7,0.15,2.6,12.9,22.2,0.0,0.0,0.17,3.6,21.4,20.0,13.3,26.7,0.17,3.0,8.6,16.7,16.7,0.0,0.18,3.3,17.1,33.3,0.0,0.0,0.16,3.2,22.9,6.2,6.2,0.0,0.21,4.0,20.0,77.8,5.6,5.6,0.15,2.2,20.0,22.2,33.3,27.8,0.16,3.3,12.2,18.2,36.4,18.2,0.13,2.8,15.6,28.6,50.0,7.1,0.18,3.5,17.8,25.0,12.5,25.0,0.16,3.7,14.4,15.4,23.1,0.0,0.19,4.5,13.5,26.7,6.7,20.0,0.15,2.5,15.3,11.8,5.9,5.9,0.15,3.6,20.7,21.7,13.0,0.0,0.18,3.1,20.7,8.7,21.7,0.0,0.17,3.5,16.2,16.7,0.0,0.0,0.17,3.7,13.5,6.7,6.7,0.0,0.18,4.2,14.6,86.7,13.3,0.0,0.13,1.8,16.5,35.3,35.3,17.6,0.15,2.5,16.5,5.9,29.4,5.9,0.14,3.3,21.4,9.1,31.8,9.1,0.16,3.0,17.5,5.6,22.2,38.9,0.14,2.7,13.6,7.1,14.3,0.0,0.16,3.1,0.0,0.0,0.0,0.0,0.0,0.0,0.0,0.0,0.0,0.0,0.0,0.0,1.8,50.0,0.0,0.0,0.1,1.5,28.9,15.2,24.2,12.1,0.14,2.8,21.1,8.3,12.5,33.3,0.15,2.8,48.2,1.8,9.1,14.5,0.14,2.8
20260821,03,6,1800,5199,B1,徳島,24.0,56.0,4.77,29.47,8.09,72.73,55,30.36,55,44.44,3652,B1,群馬,52.0,57.0,3.75,14.94,4.24,16.0,60,30.19,52,35.85,5253,B2,東京,23.0,54.0,3.15,6.25,3.22,10.39,17,35.85,67,37.5,5137,A2,愛知,26.0,54.0,5.24,37.84,4.72,30.56,26,29.31,48,23.53,4041,B1,山口,47.0,53.0,4.16,19.35,3.89,18.52,61,31.48,14,29.17,5028,A1,福岡,29.0,51.0,7.21,58.21,6.47,47.37,59,29.63,27,57.69,14.8,46.2,23.1,7.7,0.12,2.9,17.0,13.3,13.3,40.0,0.11,1.8,18.2,25.0,18.8,12.5,0.09,2.0,11.4,20.0,0.0,0.0,0.11,1.5,21.6,15.8,10.5,15.8,0.09,1.9,17.0,6.7,13.3,13.3,0.13,2.4,12.6,18.2,45.5,0.0,0.16,2.4,21.8,5.3,15.8,0.0,0.18,3.1,14.9,7.7,15.4,0.0,0.17,3.2,19.5,5.9,5.9,5.9,0.17,3.4,17.2,6.7,6.7,0.0,0.22,4.0,13.8,8.3,8.3,0.0,0.22,4.4,12.8,0.0,0.0,0.0,0.28,5.8,17.9,14.3,42.9,0.0,0.25,5.6,10.3,0.0,0.0,0.0,0.24,4.0,20.5,25.0,12.5,0.0,0.26,5.1,10.3,25.0,0.0,0.0,0.25,5.0,28.2,0.0,0.0,0.0,0.29,5.5,13.8,61.5,23.1,0.0,0.18,2.6,14.9,7.1,28.6,0.0,0.19,3.9,20.2,15.8,42.1,15.8,0.16,3.2,17.0,18.8,18.8,31.2,0.17,2.9,19.1,11.1,16.7,33.3,0.16,2.5,14.9,14.3,14.3,0.0,0.14,3.9,11.2,11.1,33.3,11.1,0.18,3.9,21.2,11.8,17.6,11.8,0.22,4.7,17.5,7.1,7.1,35.7,0.19,3.9,23.8,5.3,15.8,10.5,0.2,4.4,20.0,18.8,0.0,0.0,0.2,4.3,6.2,0.0,0.0,0.0,0.29,6.0,22.4,72.7,18.2,4.5,0.15,2.8,15.3,26.7,40.0,13.3,0.16,3.5,18.4,33.3,16.7,16.7,0.17,4.1,15.3,6.7,26.7,13.3,0.18,4.4,15.3,13.3,40.0,0.0,0.18,4.5,13.3,23.1,0.0,0.0,0.26,5.7
20260821,03,7,1800,5312,B1,佐賀,26.0,54.0,3.7,12.87,2.4,0.0,19,25.45,50,30.77,5132,A1,埼玉,27.0,52.0,6.94,57.34,5.82,40.0,56,45.1,71,33.96,5276,B1,福岡,24.0,51.0,4.94,24.75,5.15,25.93,39,23.21,21,31.48,4167,B1,徳島,44.0,57.0,4.21,17.86,4.61,29.03,45,32.08,43,36.54,3935,B1,岡山,49.0,54.0,5.32,35.87,5.21,42.42,46,48.15,31,23.21,5252,A2,愛知,23.0,53.0,6.0,41.6,5.67,30.0,18,30.36,16,48.21,11.5,36.4,18.2,9.1,0.16,2.6,16.7,18.8,12.5,6.2,0.18,3.4,19.8,10.5,10.5,10.5,0.16,2.8,17.7,5.9,11.8,0.0,0.21,3.8,16.7,6.2,0.0,0.0,0.15,2.9,17.7,11.8,0.0,0.0,0.14,2.8,24.0,64.5,9.7,16.1,0.14,2.7,17.8,17.4,39.1,8.7,0.12,2.7,17.1,27.3,27.3,22.7,0.12,2.5,17.1,31.8,59.1,0.0,0.12,2.1,14.0,11.1,27.8,33.3,0.17,3.2,10.1,30.8,23.1,0.0,0.14,3.8,16.8,33.3,22.2,0.0,0.16,2.7,18.7,20.0,5.0,35.0,0.18,3.2,17.8,21.1,47.4,0.0,0.16,3.2,17.8,5.3,10.5,15.8,0.16,3.8,14.0,6.7,6.7,13.3,0.17,3.3,15.0,6.2,25.0,0.0,0.2,4.6,13.3,15.4,7.7,15.4,0.17,3.7,17.3,5.9,35.3,0.0,0.18,2.9,15.3,20.0,6.7,0.0,0.13,3.1,17.3,5.9,11.8,29.4,0.16,2.5,16.3,18.8,25.0,0.0,0.16,3.4,20.4,10.0,5.0,0.0,0.16,3.4,11.1,62.5,12.5,12.5,0.14,2.6,22.2,37.5,18.8,0.0,0.16,3.9,13.9,10.0,30.0,30.0,0.15,2.9,13.9,10.0,20.0,30.0,0.17,3.2,15.3,18.2,0.0,0.0,0.15,3.2,23.6,11.8,17.6,0.0,0.2,4.6,20.2,48.0,28.0,12.0,0.13,2.4,19.4,12.5,12.5,45.8,0.13,2.9,15.3,21.1,31.6,21.1,0.14,2.9,15.3,15.8,21.1,26.3,0.15,2.8,15.3,31.6,21.1,0.0,0.15,3.3,14.5,11.1,22.2,0.0,0.16,3.7
20260821,03,8,1800,5210,A2,福岡,27.0,55.0,5.69,44.34,4.36,20.51,31,39.29,57,24.49,5329,B1,兵庫,22.0,50.0,4.93,32.86,3.88,12.0,54,28.85,69,22.22,4118,A2,愛知,45.0,52.0,5.69,35.66,6.25,48.08,71,41.51,32,43.64,4705,B1,長崎,38.0,56.0,2.96,11.0,4.27,18.64,11,22.64,33,32.73,4169,B1,東京,44.0,55.0,4.07,20.0,4.06,19.44,64,46.15,24,31.48,5249,B1,徳島,24.0,53.0,5.08,29.76,4.89,21.43,63,28.3,18,24.56,13.0,35.7,42.9,0.0,0.11,2.6,14.8,12.5,43.8,6.2,0.17,3.1,19.4,9.5,33.3,28.6,0.14,3.0,18.5,10.0,20.0,25.0,0.17,2.9,18.5,5.0,15.0,20.0,0.16,3.2,15.7,11.8,11.8,0.0,0.15,3.9,14.7,42.9,28.6,7.1,0.16,2.9,18.9,5.6,22.2,16.7,0.16,3.1,16.8,25.0,25.0,12.5,0.11,2.2,13.7,23.1,0.0,0.0,0.22,3.5,22.1,19.0,14.3,19.0,0.17,3.2,13.7,7.7,7.7,15.4,0.16,2.5,22.1,63.6,27.3,3.0,0.13,2.1,14.8,9.1,27.3,22.7,0.15,2.3,13.4,5.0,20.0,20.0,0.13,2.6,19.5,13.8,27.6,17.2,0.16,2.7,13.4,10.0,20.0,25.0,0.14,3.1,16.8,4.0,4.0,20.0,0.17,3.9,15.0,53.3,6.7,20.0,0.11,1.9,15.0,13.3,26.7,0.0,0.16,2.7,17.0,17.6,17.6,0.0,0.14,2.5,17.0,5.9,17.6,5.9,0.18,3.4,19.0,5.3,5.3,0.0,0.17,2.9,17.0,5.9,0.0,0.0,0.15,3.1,15.5,30.8,23.1,15.4,0.2,4.9,17.9,13.3,6.7,0.0,0.22,4.8,15.5,7.7,7.7,7.7,0.21,3.7,16.7,7.1,14.3,21.4,0.23,5.0,20.2,5.9,5.9,0.0,0.24,4.9,14.3,8.3,0.0,0.0,0.29,5.7,17.9,42.1,15.8,21.1,0.17,3.1,17.0,11.1,27.8,33.3,0.13,2.9,14.2,33.3,20.0,13.3,0.17,2.9,15.1,12.5,25.0,0.0,0.17,2.8,15.1,6.2,6.2,18.8,0.15,2.8,20.8,9.1,4.5,9.1,0.18,3.4
20260821,03,9,1800,4790,A1,兵庫,36.0,51.0,6.13,39.05,0.0,0.0,32,36.54,36,35.09,5290,B1,東京,25.0,51.0,3.36,13.33,2.76,7.5,47,23.21,65,24.56,4129,B1,愛知,46.0,57.0,3.74,15.12,4.05,23.81,40,16.98,68,25.49,5065,A2,群馬,28.0,53.0,5.33,37.93,5.2,37.5,49,40.38,12,35.29,5101,B1,福岡,29.0,56.0,3.13,4.41,4.1,30.0,57,47.37,47,40.0,5261,B1,長崎,28.0,52.0,4.06,18.52,4.45,21.21,69,38.0,70,20.37,21.7,78.6,10.7,7.1,0.14,2.1,14.7,21.1,15.8,26.3,0.14,2.9,14.0,11.1,44.4,11.1,0.15,3.1,18.6,12.5,29.2,25.0,0.15,2.3,16.3,14.3,19.0,23.8,0.15,2.6,14.7,5.3,21.1,0.0,0.18,4.0,13.5,26.7,6.7,20.0,0.15,2.5,15.3,11.8,5.9,5.9,0.15,3.6,20.7,21.7,13.0,0.0,0.18,3.1,20.7,8.7,21.7,0.0,0.17,3.5,16.2,16.7,0.0,0.0,0.17,3.7,13.5,6.7,6.7,0.0,0.18,4.2,16.0,17.6,17.6,11.8,0.16,3.5,17.9,5.3,15.8,21.1,0.17,3.0,14.2,6.7,6.7,26.7,0.18,3.2,17.0,11.1,22.2,0.0,0.19,3.8,23.6,8.0,8.0,4.0,0.18,3.8,11.3,8.3,0.0,0.0,0.22,4.6,12.8,71.4,14.3,14.3,0.1,1.6,19.3,9.5,42.9,19.0,0.14,3.3,13.8,13.3,33.3,6.7,0.12,2.3,20.2,18.2,18.2,18.2,0.14,2.8,14.7,31.2,18.8,0.0,0.11,2.2,19.3,9.5,14.3,0.0,0.12,2.5,9.1,16.7,16.7,0.0,0.21,3.3,19.7,7.7,15.4,30.8,0.17,2.8,16.7,18.2,0.0,0.0,0.17,3.4,25.8,5.9,5.9,17.6,0.18,4.0,18.2,8.3,0.0,0.0,0.2,4.0,10.6,14.3,14.3,0.0,0.2,4.3,11.6,50.0,40.0,0.0,0.14,3.3,20.9,5.6,11.1,5.6,0.17,4.0,18.6,6.2,25.0,12.5,0.15,2.9,20.9,5.6,22.2,0.0,0.2,3.6,11.6,20.0,20.0,0.0,0.21,3.6,16.3,7.1,0.0,0.0,0.22,4.1
20260821,03,10,1800,4933,A2,静岡,30.0,55.0,6.02,34.41,6.69,50.0,21,23.53,51,22.81,5181,B1,岡山,28.0,53.0,5.14,34.21,5.23,36.36,14,16.67,22,28.57,5063,B1,東京,28.0,55.0,4.6,21.59,3.97,20.0,36,49.12,13,38.89,4403,A2,福岡,41.0,53.0,6.5,47.41,5.65,44.12,33,25.93,56,35.85,4161,B1,愛知,44.0,55.0,5.35,34.96,6.23,42.47,23,35.29,19,33.33,5103,B2,埼玉,28.0,54.0,3.34,17.02,4.11,17.5,51,23.64,30,32.14,17.8,72.2,11.1,5.6,0.12,2.6,16.8,11.8,29.4,29.4,0.13,2.9,12.9,15.4,7.7,15.4,0.12,2.7,16.8,5.9,29.4,29.4,0.14,2.4,16.8,11.8,23.5,17.6,0.17,3.4,18.8,5.3,26.3,0.0,0.19,4.5,15.0,53.3,20.0,0.0,0.15,3.0,18.0,33.3,16.7,0.0,0.2,3.6,18.0,5.6,11.1,27.8,0.15,3.2,14.0,7.1,14.3,28.6,0.13,2.9,20.0,5.0,15.0,20.0,0.16,3.1,15.0,13.3,33.3,0.0,0.19,4.1,14.1,45.5,18.2,0.0,0.18,3.1,14.1,9.1,27.3,27.3,0.25,4.8,16.7,7.7,7.7,23.1,0.2,3.8,19.2,6.7,26.7,20.0,0.19,3.8,12.8,40.0,0.0,0.0,0.18,3.2,23.1,11.1,0.0,0.0,0.24,5.0,14.6,86.7,13.3,0.0,0.13,1.8,16.5,35.3,35.3,17.6,0.15,2.5,16.5,5.9,29.4,5.9,0.14,3.3,21.4,9.1,31.8,9.1,0.16,3.0,17.5,5.6,22.2,38.9,0.14,2.7,13.6,7.1,14.3,0.0,0.16,3.1,19.2,56.5,21.7,13.0,0.16,2.2,14.2,29.4,11.8,0.0,0.18,3.8,17.5,4.8,23.8,33.3,0.17,3.0,18.3,9.1,13.6,22.7,0.17,3.7,15.8,5.3,15.8,10.5,0.15,3.2,15.0,16.7,22.2,0.0,0.15,3.2,13.2,30.0,10.0,0.0,0.17,3.6,13.2,30.0,10.0,0.0,0.17,3.3,14.5,9.1,27.3,0.0,0.2,4.4,14.5,9.1,18.2,0.0,0.21,4.3,11.8,11.1,33.3,0.0,0.19,3.8,32.9,4.0,4.0,4.0,0.21,4.3
20260821,03,11,1800,4475,A1,山口,38.0,54.0,5.74,34.31,6.29,38.71,41,29.63,38,27.45,4124,A2,静岡,44.0,52.0,5.89,40.38,6.53,41.18,35,33.33,34,31.48,4943,B1,愛知,35.0,54.0,4.32,18.52,5.31,33.33,53,34.55,58,17.86,5199,B1,徳島,24.0,56.0,4.77,29.47,8.09,72.73,55,30.36,55,44.44,5048,B1,長崎,32.0,54.0,4.55,25.97,5.94,48.48,52,41.51,25,32.69,3715,A2,福岡,51.0,54.0,5.5,34.15,4.86,28.57,12,36.54,54,25.0,21.3,74.1,14.8,7.4,0.15,2.3,16.5,33.3,38.1,0.0,0.17,3.4,18.9,20.8,33.3,16.7,0.14,2.1,17.3,18.2,18.2,36.4,0.15,2.7,12.6,18.8,37.5,0.0,0.16,3.5,13.4,11.8,23.5,0.0,0.19,4.1,20.7,56.0,16.0,12.0,0.18,3.0,17.4,23.8,33.3,4.8,0.15,3.1,19.0,21.7,30.4,8.7,0.16,3.4,12.4,13.3,20.0,33.3,0.19,3.3,17.4,4.8,9.5,38.1,0.15,4.0,13.2,37.5,0.0,0.0,0.16,3.7,13.7,50.0,10.0,10.0,0.16,3.0,19.2,14.3,21.4,7.1,0.17,3.4,19.2,7.1,14.3,0.0,0.12,2.5,17.8,7.7,15.4,0.0,0.14,2.0,21.9,18.8,0.0,0.0,0.14,3.1,8.2,0.0,0.0,0.0,0.16,3.7,14.8,46.2,23.1,7.7,0.12,2.9,17.0,13.3,13.3,40.0,0.11,1.8,18.2,25.0,18.8,12.5,0.09,2.0,11.4,20.0,0.0,0.0,0.11,1.5,21.6,15.8,10.5,15.8,0.09,1.9,17.0,6.7,13.3,13.3,0.13,2.4,10.9,63.6,9.1,0.0,0.18,4.1,7.9,12.5,12.5,0.0,0.17,4.1,7.9,37.5,12.5,0.0,0.17,3.4,5.9,16.7,33.3,0.0,0.2,4.2,18.8,10.5,21.1,0.0,0.25,4.2,48.5,10.2,16.3,0.0,0.21,4.2,16.9,33.3,13.3,20.0,0.16,3.1,18.0,12.5,43.8,18.8,0.15,2.8,18.0,6.2,31.2,25.0,0.15,2.2,18.0,12.5,43.8,0.0,0.2,3.2,15.7,7.1,14.3,0.0,0.2,4.1,13.5,8.3,8.3,25.0,0.19,4.3
20260821,03,12,1800,4504,A1,福岡,38.0,55.0,6.83,49.61,6.19,38.1,30,50.0,53,46.3,4028,A1,徳島,48.0,60.0,5.79,40.74,6.51,40.54,13,44.23,62,31.37,5028,A1,福岡,29.0,51.0,7.21,58.21,6.47,47.37,59,29.63,27,57.69,4857,A1,兵庫,29.0,56.0,7.15,60.0,6.57,42.86,34,48.08,28,34.55,4737,A1,福岡,35.0,55.0,7.02,58.72,7.78,77.78,24,29.63,29,44.0,5132,A1,埼玉,27.0,52.0,6.94,57.34,5.82,40.0,56,45.1,71,33.96,22.6,66.7,8.3,8.3,0.15,2.9,16.0,5.9,29.4,17.6,0.19,4.1,16.0,23.5,29.4,11.8,0.17,4.1,11.3,8.3,16.7,16.7,0.14,2.9,18.9,5.0,15.0,25.0,0.13,3.9,15.1,6.2,12.5,6.2,0.15,3.8,21.3,85.2,3.7,0.0,0.13,2.7,22.0,17.9,28.6,17.9,0.14,3.1,18.1,8.7,13.0,21.7,0.14,2.5,15.0,26.3,26.3,5.3,0.17,3.1,13.4,23.5,11.8,5.9,0.17,4.4,10.2,7.7,7.7,23.1,0.17,4.4,22.4,72.7,18.2,4.5,0.15,2.8,15.3,26.7,40.0,13.3,0.16,3.5,18.4,33.3,16.7,16.7,0.17,4.1,15.3,6.7,26.7,13.3,0.18,4.4,15.3,13.3,40.0,0.0,0.18,4.5,13.3,23.1,0.0,0.0,0.26,5.7,20.0,77.8,5.6,5.6,0.15,2.2,20.0,22.2,33.3,27.8,0.16,3.3,12.2,18.2,36.4,18.2,0.13,2.8,15.6,28.6,50.0,7.1,0.18,3.5,17.8,25.0,12.5,25.0,0.16,3.7,14.4,15.4,23.1,0.0,0.19,4.5,25.2,78.1,18.8,0.0,0.18,3.7,20.5,50.0,23.1,19.2,0.17,3.7,12.6,37.5,25.0,18.8,0.16,2.8,15.7,30.0,25.0,25.0,0.14,2.6,12.6,18.8,18.8,18.8,0.13,2.2,13.4,5.9,29.4,29.4,0.16,2.7,24.0,64.5,9.7,16.1,0.14,2.7,17.8,17.4,39.1,8.7,0.12,2.7,17.1,27.3,27.3,22.7,0.12,2.5,17.1,31.8,59.1,0.0,0.12,2.1,14.0,11.1,27.8,33.3,0.17,3.2,10.1,30.8,23.1,0.0,0.14,3.8
20260821,02,1,1800,3664,B1,埼玉,56.0,55.0,4.58,30.38,5.37,38.37,60,22.22,52,42.86,4201,B1,埼玉,44.0,52.0,4.07,17.39,5.31,33.04,62,11.11,69,62.5,5131,B1,福岡,27.0,53.0,4.19,18.95,4.08,16.67,40,50.0,75,0.0,5374,B1,岡山,23.0,50.0,3.23,10.98,0.0,0.0,28,14.29,68,60.0,5405,B1,愛知,22.0,52.0,2.24,1.39,2.0,0.0,52,62.5,36,38.46,4648,B1,兵庫,42.0,52.0,5.44,37.8,0.0,0.0,5,28.57,38,40.0,15.5,33.3,26.7,33.3,0.13,2.9,18.6,22.2,27.8,0.0,0.14,3.8,16.5,12.5,37.5,0.0,0.13,2.7,15.5,13.3,6.7,20.0,0.19,4.1,18.6,5.6,33.3,0.0,0.22,4.3,15.5,6.7,13.3,6.7,0.23,4.7,13.6,22.2,11.1,0.0,0.21,3.9,24.2,6.2,12.5,25.0,0.2,3.6,12.1,12.5,0.0,0.0,0.19,3.6,19.7,15.4,15.4,0.0,0.14,3.0,18.2,8.3,8.3,16.7,0.17,3.4,12.1,12.5,0.0,0.0,0.2,4.6,9.7,11.1,22.2,0.0,0.21,4.2,17.2,12.5,18.8,12.5,0.19,4.3,21.5,15.0,20.0,0.0,0.18,4.0,18.3,5.9,11.8,17.6,0.17,3.5,26.9,4.0,8.0,0.0,0.16,3.7,6.5,16.7,0.0,0.0,0.16,2.5,0.0,0.0,0.0,0.0,0.0,0.0,0.0,0.0,0.0,0.0,0.0,0.0,0.0,0.0,0.0,0.0,0.0,0.0,28.9,4.2,12.5,0.0,0.17,3.3,27.7,8.7,8.7,0.0,0.1,2.4,43.4,2.8,5.6,0.0,0.18,3.4,0.0,0.0,0.0,0.0,0.0,0.0,0.0,0.0,0.0,0.0,0.0,0.0,1.3,100.0,0.0,0.0,0.24,1.0,15.2,16.7,8.3,0.0,0.19,2.2,32.9,7.7,0.0,0.0,0.2,3.1,50.6,2.5,0.0,0.0,0.19,3.7,13.0,30.0,20.0,30.0,0.17,3.0,18.2,14.3,35.7,0.0,0.18,3.4,18.2,7.1,7.1,21.4,0.16,3.5,19.5,6.7,13.3,0.0,0.15,3.5,15.6,8.3,16.7,0.0,0.18,2.9,15.6,8.3,8.3,8.3,0.18,4.2
20260821,02,2,1800,3286,B2,静岡,57.0,54.0,3.31,15.63,3.62,15.38,42,0.0,71,10.0,5058,A1,岡山,29.0,52.0,6.53,44.93,7.9,80.0,53,60.0,49,50.0,3105,B1,東京,63.0,54.0,5.06,33.73,5.05,23.68,48,55.56,76,30.0,3313,B1,東京,61.0,58.0,4.32,21.28,3.5,12.5,55,0.0,23,40.0,4439,B1,埼玉,40.0,55.0,4.18,19.23,4.76,30.0,61,33.33,59,50.0,4215,A2,愛知,41.0,57.0,5.37,33.9,5.59,40.91,41,0.0,63,55.56,18.3,46.2,23.1,15.4,0.15,2.5,15.5,9.1,9.1,9.1,0.16,3.2,18.3,7.7,23.1,15.4,0.14,2.6,14.1,10.0,30.0,0.0,0.19,4.0,11.3,12.5,0.0,0.0,0.15,3.1,22.5,6.2,0.0,0.0,0.2,4.3,20.5,91.7,0.0,0.0,0.14,2.3,20.5,29.2,37.5,16.7,0.18,3.5,17.1,35.0,25.0,15.0,0.16,2.9,10.3,25.0,16.7,33.3,0.17,3.0,17.9,19.0,9.5,28.6,0.16,3.7,13.7,6.2,12.5,43.8,0.21,4.6,15.6,35.7,28.6,28.6,0.16,2.5,20.0,11.1,11.1,27.8,0.22,3.9,17.8,18.8,18.8,12.5,0.22,3.3,14.4,7.7,23.1,0.0,0.14,2.7,15.6,7.1,42.9,0.0,0.19,3.0,16.7,26.7,0.0,0.0,0.2,4.1,14.7,42.9,14.3,14.3,0.16,3.1,15.8,13.3,20.0,13.3,0.19,3.8,20.0,15.8,15.8,0.0,0.19,3.8,17.9,11.8,11.8,11.8,0.17,3.7,16.8,12.5,12.5,0.0,0.17,3.3,14.7,14.3,0.0,0.0,0.18,4.1,14.7,42.9,35.7,0.0,0.16,3.4,16.8,12.5,12.5,0.0,0.18,3.0,22.1,4.8,33.3,23.8,0.18,3.5,13.7,7.7,0.0,0.0,0.14,2.8,14.7,7.1,28.6,0.0,0.21,3.6,17.9,0.0,0.0,0.0,0.18,3.5,20.0,55.6,14.8,7.4,0.14,2.9,11.9,6.2,18.8,25.0,0.17,3.6,17.0,26.1,26.1,17.4,0.15,3.3,17.0,13.0,4.3,21.7,0.15,3.4,16.3,9.1,31.8,27.3,0.17,3.4,17.8,4.2,33.3,0.0,0.22,4.2
20260821,02,3,1800,5120,B1,愛知,25.0,56.0,5.0,32.35,5.23,30.77,33,50.0,43,75.0,4540,A2,東京,38.0,52.0,5.27,30.39,4.78,25.93,54,60.0,60,55.56,4287,A2,福岡,42.0,56.0,6.51,48.54,6.8,53.33,65,0.0,17,6.67,5070,B1,東京,32.0,54.0,4.14,20.99,3.0,10.0,47,50.0,66,0.0,5430,B2,三重,22.0,52.0,1.35,1.96,0.0,0.0,35,57.14,55,0.0,4189,A1,福岡,45.0,55.0,5.65,32.5,7.83,66.67,36,42.86,25,0.0,20.7,50.0,27.8,5.6,0.13,2.2,21.8,5.3,26.3,31.6,0.15,3.2,14.9,30.8,38.5,0.0,0.19,3.4,16.1,35.7,7.1,0.0,0.17,3.9,13.8,16.7,8.3,0.0,0.18,3.4,12.6,9.1,9.1,0.0,0.16,3.8,20.4,47.6,23.8,14.3,0.1,2.3,14.6,13.3,46.7,20.0,0.13,2.3,16.5,5.9,23.5,29.4,0.11,2.1,16.5,17.6,11.8,23.5,0.13,2.6,12.6,15.4,23.1,0.0,0.15,2.5,19.4,40.0,0.0,0.0,0.11,1.7,17.6,57.9,21.1,10.5,0.17,2.8,15.7,11.8,29.4,5.9,0.17,4.1,17.6,5.3,42.1,10.5,0.17,3.3,14.8,6.2,18.8,25.0,0.18,2.8,15.7,5.9,11.8,0.0,0.16,3.8,18.5,10.0,15.0,25.0,0.16,3.5,13.0,33.3,11.1,11.1,0.18,3.8,18.8,15.4,7.7,30.8,0.22,4.0,20.3,7.1,7.1,0.0,0.2,4.5,18.8,7.7,7.7,15.4,0.22,3.4,11.6,12.5,12.5,0.0,0.26,5.4,17.4,8.3,0.0,0.0,0.25,5.0,0.0,0.0,0.0,0.0,0.0,0.0,0.0,0.0,0.0,0.0,0.0,0.0,0.0,0.0,0.0,0.0,0.0,0.0,0.0,0.0,0.0,0.0,0.0,0.0,0.0,0.0,0.0,0.0,0.0,0.0,100.0,2.9,1.4,0.0,0.18,3.4,22.5,73.5,2.9,11.8,0.16,2.9,21.9,12.1,21.2,30.3,0.15,3.8,18.5,35.7,21.4,21.4,0.17,2.9,17.9,29.6,22.2,14.8,0.16,3.1,11.9,16.7,5.6,22.2,0.16,3.1,7.3,27.3,0.0,0.0,0.2,4.3
20260821,02,4,1800,4782,B1,岡山,39.0,54.0,4.47,19.77,4.2,20.0,32,42.86,70,0.0,4942,B1,福岡,36.0,54.0,5.54,37.19,4.7,22.22,30,42.86,74,22.22,3888,A2,東京,51.0,51.0,6.05,43.57,5.53,46.67,2,7.69,53,66.67,4496,A1,東京,39.0,54.0,6.62,51.59,5.67,55.56,4,46.67,64,20.0,3445,B1,埼玉,56.0,54.0,4.85,23.53,5.94,42.19,51,0.0,41,28.57,4089,A2,岡山,45.0,56.0,6.18,42.11,6.71,42.86,46,0.0,57,20.0,16.2,41.7,25.0,0.0,0.19,3.7,14.9,36.4,9.1,0.0,0.15,3.2,17.6,7.7,15.4,30.8,0.14,3.2,18.9,7.1,14.3,0.0,0.2,3.4,20.3,13.3,0.0,0.0,0.2,4.2,12.2,11.1,0.0,0.0,0.2,4.4,19.4,38.9,22.2,22.2,0.14,2.6,12.9,33.3,25.0,0.0,0.2,3.8,15.1,14.3,35.7,14.3,0.15,3.1,17.2,12.5,12.5,31.2,0.15,2.9,10.8,10.0,40.0,0.0,0.11,2.4,24.7,13.0,0.0,0.0,0.17,3.4,18.2,72.7,4.5,0.0,0.14,2.4,17.4,47.6,19.0,0.0,0.12,2.7,19.8,12.5,29.2,25.0,0.17,3.4,14.0,11.8,23.5,11.8,0.14,2.8,15.7,15.8,15.8,0.0,0.14,2.5,14.9,5.6,27.8,0.0,0.15,2.9,31.9,61.4,13.6,9.1,0.16,3.4,17.4,20.8,25.0,12.5,0.16,3.4,15.2,33.3,33.3,19.0,0.16,2.9,14.5,35.0,25.0,5.0,0.14,2.6,13.0,27.8,27.8,5.6,0.14,2.8,8.0,27.3,27.3,0.0,0.15,2.8,15.7,44.4,16.7,11.1,0.17,3.7,17.4,5.0,20.0,30.0,0.23,4.3,17.4,30.0,25.0,0.0,0.18,4.0,17.4,5.0,25.0,0.0,0.19,4.1,19.1,9.1,36.4,0.0,0.17,3.1,13.0,13.3,0.0,0.0,0.19,4.4,19.3,66.7,14.8,7.4,0.15,3.0,15.0,9.5,28.6,28.6,0.15,3.0,17.1,16.7,25.0,16.7,0.15,3.1,17.9,8.0,12.0,36.0,0.17,3.5,14.3,15.0,45.0,0.0,0.19,3.8,16.4,8.7,17.4,0.0,0.17,4.0
20260821,02,5,1800,4551,A2,福岡,37.0,54.0,5.66,40.91,7.26,57.89,1,6.25,56,16.67,4432,B1,埼玉,40.0,55.0,5.22,27.84,5.14,21.13,50,33.33,48,28.57,4648,B1,兵庫,42.0,52.0,5.44,37.8,0.0,0.0,5,28.57,38,40.0,5034,A1,静岡,28.0,59.0,6.47,50.0,6.35,52.94,45,66.67,47,42.86,5383,B1,三重,21.0,52.0,2.33,0.0,1.67,0.0,64,40.0,45,62.5,3517,B1,東京,58.0,56.0,5.83,42.86,5.17,30.95,63,0.0,37,0.0,17.9,42.9,38.1,19.0,0.18,3.6,15.4,16.7,27.8,11.1,0.15,3.6,16.2,21.1,21.1,31.6,0.18,3.3,14.5,11.8,41.2,5.9,0.15,3.5,17.1,10.0,25.0,25.0,0.16,3.4,18.8,9.1,36.4,0.0,0.18,3.6,17.6,33.3,38.1,4.8,0.14,2.5,15.1,22.2,38.9,0.0,0.16,2.6,16.0,10.5,26.3,36.8,0.17,2.7,16.0,10.5,21.1,21.1,0.16,2.9,23.5,3.6,10.7,25.0,0.15,3.0,11.8,7.1,0.0,0.0,0.18,4.4,13.0,30.0,20.0,30.0,0.17,3.0,18.2,14.3,35.7,0.0,0.18,3.4,18.2,7.1,7.1,21.4,0.16,3.5,19.5,6.7,13.3,0.0,0.15,3.5,15.6,8.3,16.7,0.0,0.18,2.9,15.6,8.3,8.3,8.3,0.18,4.2,22.4,75.8,15.2,3.0,0.1,2.0,15.6,13.0,30.4,8.7,0.12,2.8,21.1,41.9,25.8,0.0,0.13,2.5,20.4,20.0,10.0,26.7,0.12,2.1,9.5,7.1,28.6,7.1,0.15,3.3,10.9,31.2,0.0,0.0,0.17,3.5,0.0,0.0,0.0,0.0,0.0,0.0,0.0,0.0,0.0,0.0,0.0,0.0,0.0,0.0,0.0,0.0,0.0,0.0,18.8,6.2,0.0,0.0,0.2,3.3,32.9,3.6,7.1,0.0,0.17,3.0,48.2,2.4,0.0,0.0,0.17,3.2,15.6,33.3,25.0,33.3,0.17,2.5,19.5,6.7,33.3,33.3,0.17,2.7,19.5,20.0,6.7,13.3,0.14,2.7,24.7,31.6,10.5,15.8,0.16,2.7,15.6,33.3,25.0,0.0,0.17,3.4,5.2,25.0,0.0,0.0,0.16,3.0
20260821,02,6,1800,5098,B1,愛知,30.0,53.0,5.21,34.29,4.57,24.32,38,0.0,51,0.0,5142,A1,佐賀,25.0,51.0,7.19,54.03,0.0,0.0,43,66.67,39,0.0,4379,A2,東京,42.0,58.0,6.12,39.23,0.0,0.0,39,0.0,46,25.0,4581,A1,静岡,37.0,52.0,6.34,48.36,6.0,47.06,58,40.0,44,85.71,5374,B1,岡山,23.0,50.0,3.23,10.98,0.0,0.0,28,14.29,68,60.0,3313,B1,東京,61.0,58.0,4.32,21.28,3.5,12.5,55,0.0,23,40.0,13.0,30.8,7.7,38.5,0.13,2.5,18.0,11.1,16.7,33.3,0.17,2.9,16.0,18.8,18.8,31.2,0.14,2.6,21.0,33.3,14.3,14.3,0.13,2.5,18.0,22.2,0.0,0.0,0.17,3.7,14.0,14.3,7.1,0.0,0.15,3.1,20.5,78.3,8.7,4.3,0.14,2.1,21.4,25.0,54.2,12.5,0.15,2.9,17.0,21.1,31.6,31.6,0.15,2.9,15.2,11.8,47.1,11.8,0.15,3.3,16.1,5.6,44.4,11.1,0.14,2.7,9.8,36.4,0.0,0.0,0.17,3.6,18.5,45.8,25.0,4.2,0.16,3.0,19.2,16.0,28.0,16.0,0.15,3.0,17.7,4.3,21.7,21.7,0.15,3.1,16.9,4.5,18.2,31.8,0.16,3.5,13.1,11.8,17.6,11.8,0.17,3.9,14.6,21.1,21.1,0.0,0.17,4.4,20.1,64.3,14.3,10.7,0.13,2.4,16.5,17.4,56.5,4.3,0.15,2.8,15.8,22.7,27.3,9.1,0.15,3.4,20.9,13.8,6.9,31.0,0.16,3.5,10.8,13.3,33.3,6.7,0.13,2.8,15.8,4.5,9.1,18.2,0.12,2.5,0.0,0.0,0.0,0.0,0.0,0.0,0.0,0.0,0.0,0.0,0.0,0.0,0.0,0.0,0.0,0.0,0.0,0.0,28.9,4.2,12.5,0.0,0.17,3.3,27.7,8.7,8.7,0.0,0.1,2.4,43.4,2.8,5.6,0.0,0.18,3.4,14.7,42.9,14.3,14.3,0.16,3.1,15.8,13.3,20.0,13.3,0.19,3.8,20.0,15.8,15.8,0.0,0.19,3.8,17.9,11.8,11.8,11.8,0.17,3.7,16.8,12.5,12.5,0.0,0.17,3.3,14.7,14.3,0.0,0.0,0.18,4.1
20260821,02,7,1800,4191,A1,埼玉,45.0,53.0,6.39,50.0,6.11,49.23,56,40.0,24,23.53,3286,B2,静岡,57.0,54.0,3.31,15.63,3.62,15.38,42,0.0,71,10.0,3294,B1,静岡,60.0,53.0,4.29,19.48,4.4,25.71,44,57.14,62,44.44,5131,B1,福岡,27.0,53.0,4.19,18.95,4.08,16.67,40,50.0,75,0.0,3503,B1,埼玉,56.0,50.0,3.71,16.84,3.89,19.64,25,0.0,40,57.14,5430,B2,三重,22.0,52.0,1.35,1.96,0.0,0.0,35,57.14,55,0.0,17.5,58.8,23.5,5.9,0.17,3.2,23.7,39.1,13.0,17.4,0.16,3.3,16.5,37.5,18.8,12.5,0.16,2.9,16.5,6.2,43.8,18.8,0.17,3.6,17.5,5.9,23.5,23.5,0.14,3.0,8.2,25.0,0.0,0.0,0.16,4.0,18.3,46.2,23.1,15.4,0.15,2.5,15.5,9.1,9.1,9.1,0.16,3.2,18.3,7.7,23.1,15.4,0.14,2.6,14.1,10.0,30.0,0.0,0.19,4.0,11.3,12.5,0.0,0.0,0.15,3.1,22.5,6.2,0.0,0.0,0.2,4.3,17.7,21.4,21.4,7.1,0.2,3.4,16.5,7.7,7.7,23.1,0.18,3.9,11.4,22.2,0.0,0.0,0.17,3.6,12.7,20.0,10.0,0.0,0.16,2.4,22.8,5.6,16.7,22.2,0.16,3.2,19.0,13.3,13.3,0.0,0.15,2.9,9.7,11.1,22.2,0.0,0.21,4.2,17.2,12.5,18.8,12.5,0.19,4.3,21.5,15.0,20.0,0.0,0.18,4.0,18.3,5.9,11.8,17.6,0.17,3.5,26.9,4.0,8.0,0.0,0.16,3.7,6.5,16.7,0.0,0.0,0.16,2.5,14.4,23.1,30.8,7.7,0.14,2.6,20.0,16.7,22.2,0.0,0.17,3.2,15.6,7.1,7.1,21.4,0.18,3.4,21.1,5.3,10.5,15.8,0.14,2.8,15.6,14.3,0.0,0.0,0.18,3.3,13.3,0.0,0.0,0.0,0.17,3.7,0.0,0.0,0.0,0.0,0.0,0.0,0.0,0.0,0.0,0.0,0.0,0.0,0.0,0.0,0.0,0.0,0.0,0.0,0.0,0.0,0.0,0.0,0.0,0.0,0.0,0.0,0.0,0.0,0.0,0.0,100.0,2.9,1.4,0.0,0.18,3.4
20260821,02,8,1800,4234,B1,福岡,42.0,60.0,4.81,29.63,4.69,38.46,37,0.0,72,40.0,4394,A2,福岡,40.0,54.0,6.02,38.74,6.45,54.55,31,28.57,22,43.75,4496,A1,東京,39.0,54.0,6.62,51.59,5.67,55.56,4,46.67,64,20.0,5405,B1,愛知,22.0,52.0,2.24,1.39,2.0,0.0,52,62.5,36,38.46,4540,A2,東京,38.0,52.0,5.27,30.39,4.78,25.93,54,60.0,60,55.56,4457,B1,愛知,40.0,52.0,4.43,25.68,4.15,20.0,59,44.44,50,0.0,11.9,58.3,25.0,0.0,0.12,2.6,17.8,5.6,38.9,22.2,0.16,2.8,18.8,10.5,21.1,21.1,0.14,2.5,18.8,5.3,21.1,36.8,0.16,3.6,18.8,5.3,21.1,0.0,0.19,4.2,13.9,0.0,0.0,0.0,0.28,5.4,16.7,50.0,22.2,5.6,0.14,2.2,14.8,12.5,37.5,6.2,0.14,2.9,22.2,8.3,33.3,16.7,0.16,2.5,16.7,11.1,22.2,44.4,0.16,2.9,16.7,11.1,16.7,27.8,0.15,3.2,13.0,7.1,21.4,7.1,0.18,3.5,31.9,61.4,13.6,9.1,0.16,3.4,17.4,20.8,25.0,12.5,0.16,3.4,15.2,33.3,33.3,19.0,0.16,2.9,14.5,35.0,25.0,5.0,0.14,2.6,13.0,27.8,27.8,5.6,0.14,2.8,8.0,27.3,27.3,0.0,0.15,2.8,0.0,0.0,0.0,0.0,0.0,0.0,0.0,0.0,0.0,0.0,0.0,0.0,1.3,100.0,0.0,0.0,0.24,1.0,15.2,16.7,8.3,0.0,0.19,2.2,32.9,7.7,0.0,0.0,0.2,3.1,50.6,2.5,0.0,0.0,0.19,3.7,20.4,47.6,23.8,14.3,0.1,2.3,14.6,13.3,46.7,20.0,0.13,2.3,16.5,5.9,23.5,29.4,0.11,2.1,16.5,17.6,11.8,23.5,0.13,2.6,12.6,15.4,23.1,0.0,0.15,2.5,19.4,40.0,0.0,0.0,0.11,1.7,14.0,33.3,16.7,8.3,0.17,2.9,16.3,7.1,21.4,28.6,0.17,3.2,18.6,25.0,37.5,0.0,0.15,2.9,20.9,5.6,5.6,22.2,0.15,2.9,16.3,7.1,14.3,21.4,0.16,3.8,14.0,16.7,8.3,0.0,0.17,3.3
20260821,02,9,1800,3888,A2,東京,51.0,51.0,6.05,43.57,5.53,46.67,2,7.69,53,66.67,4287,A2,福岡,42.0,56.0,6.51,48.54,6.8,53.33,65,0.0,17,6.67,4439,B1,埼玉,40.0,55.0,4.18,19.23,4.76,30.0,61,33.33,59,50.0,4201,B1,埼玉,44.0,52.0,4.07,17.39,5.31,33.04,62,11.11,69,62.5,4618,B1,三重,43.0,55.0,5.09,32.93,5.04,26.09,3,35.29,67,11.11,5034,A1,静岡,28.0,59.0,6.47,50.0,6.35,52.94,45,66.67,47,42.86,18.2,72.7,4.5,0.0,0.14,2.4,17.4,47.6,19.0,0.0,0.12,2.7,19.8,12.5,29.2,25.0,0.17,3.4,14.0,11.8,23.5,11.8,0.14,2.8,15.7,15.8,15.8,0.0,0.14,2.5,14.9,5.6,27.8,0.0,0.15,2.9,17.6,57.9,21.1,10.5,0.17,2.8,15.7,11.8,29.4,5.9,0.17,4.1,17.6,5.3,42.1,10.5,0.17,3.3,14.8,6.2,18.8,25.0,0.18,2.8,15.7,5.9,11.8,0.0,0.16,3.8,18.5,10.0,15.0,25.0,0.16,3.5,14.7,42.9,35.7,0.0,0.16,3.4,16.8,12.5,12.5,0.0,0.18,3.0,22.1,4.8,33.3,23.8,0.18,3.5,13.7,7.7,0.0,0.0,0.14,2.8,14.7,7.1,28.6,0.0,0.21,3.6,17.9,0.0,0.0,0.0,0.18,3.5,13.6,22.2,11.1,0.0,0.21,3.9,24.2,6.2,12.5,25.0,0.2,3.6,12.1,12.5,0.0,0.0,0.19,3.6,19.7,15.4,15.4,0.0,0.14,3.0,18.2,8.3,8.3,16.7,0.17,3.4,12.1,12.5,0.0,0.0,0.2,4.6,12.5,45.5,9.1,18.2,0.17,3.5,18.2,6.2,43.8,6.2,0.19,3.4,19.3,11.8,17.6,23.5,0.17,3.6,17.0,13.3,33.3,0.0,0.19,3.2,22.7,10.0,35.0,0.0,0.15,3.1,10.2,33.3,0.0,0.0,0.18,4.7,22.4,75.8,15.2,3.0,0.1,2.0,15.6,13.0,30.4,8.7,0.12,2.8,21.1,41.9,25.8,0.0,0.13,2.5,20.4,20.0,10.0,26.7,0.12,2.1,9.5,7.1,28.6,7.1,0.15,3.3,10.9,31.2,0.0,0.0,0.17,3.5
20260821,02,10,1800,4379,A2,東京,42.0,58.0,6.12,39.23,0.0,0.0,39,0.0,46,25.0,3105,B1,東京,63.0,54.0,5.06,33.73,5.05,23.68,48,55.56,76,30.0,4189,A1,福岡,45.0,55.0,5.65,32.5,7.83,66.67,36,42.86,25,0.0,4782,B1,岡山,39.0,54.0,4.47,19.77,4.2,20.0,32,42.86,70,0.0,3664,B1,埼玉,56.0,55.0,4.58,30.38,5.37,38.37,60,22.22,52,42.86,4472,A1,兵庫,39.0,57.0,6.52,45.08,6.95,56.82,49,10.0,42,0.0,18.5,45.8,25.0,4.2,0.16,3.0,19.2,16.0,28.0,16.0,0.15,3.0,17.7,4.3,21.7,21.7,0.15,3.1,16.9,4.5,18.2,31.8,0.16,3.5,13.1,11.8,17.6,11.8,0.17,3.9,14.6,21.1,21.1,0.0,0.17,4.4,15.6,35.7,28.6,28.6,0.16,2.5,20.0,11.1,11.1,27.8,0.22,3.9,17.8,18.8,18.8,12.5,0.22,3.3,14.4,7.7,23.1,0.0,0.14,2.7,15.6,7.1,42.9,0.0,0.19,3.0,16.7,26.7,0.0,0.0,0.2,4.1,22.5,73.5,2.9,11.8,0.16,2.9,21.9,12.1,21.2,30.3,0.15,3.8,18.5,35.7,21.4,21.4,0.17,2.9,17.9,29.6,22.2,14.8,0.16,3.1,11.9,16.7,5.6,22.2,0.16,3.1,7.3,27.3,0.0,0.0,0.2,4.3,16.2,41.7,25.0,0.0,0.19,3.7,14.9,36.4,9.1,0.0,0.15,3.2,17.6,7.7,15.4,30.8,0.14,3.2,18.9,7.1,14.3,0.0,0.2,3.4,20.3,13.3,0.0,0.0,0.2,4.2,12.2,11.1,0.0,0.0,0.2,4.4,15.5,33.3,26.7,33.3,0.13,2.9,18.6,22.2,27.8,0.0,0.14,3.8,16.5,12.5,37.5,0.0,0.13,2.7,15.5,13.3,6.7,20.0,0.19,4.1,18.6,5.6,33.3,0.0,0.22,4.3,15.5,6.7,13.3,6.7,0.23,4.7,18.0,77.8,11.1,7.4,0.15,2.1,17.3,26.9,26.9,11.5,0.17,3.5,18.0,29.6,33.3,0.0,0.16,3.6,18.7,17.9,14.3,28.6,0.16,3.3,16.7,16.0,8.0,20.0,0.18,3.4,11.3,17.6,23.5,0.0,0.17,3.3
20260821,02,11,1800,4581,A1,静岡,37.0,52.0,6.34,48.36,6.0,47.06,58,40.0,44,85.71,5120,B1,愛知,25.0,56.0,5.0,32.35,5.23,30.77,33,50.0,43,75.0,3508,A2,佐賀,55.0,55.0,5.28,33.33,5.0,33.33,23,21.43,65,40.0,5383,B1,三重,21.0,52.0,2.33,0.0,1.67,0.0,64,40.0,45,62.5,4089,A2,岡山,45.0,56.0,6.18,42.11,6.71,42.86,46,0.0,57,20.0,5058,A1,岡山,29.0,52.0,6.53,44.93,7.9,80.0,53,60.0,49,50.0,20.1,64.3,14.3,10.7,0.13,2.4,16.5,17.4,56.5,4.3,0.15,2.8,15.8,22.7,27.3,9.1,0.15,3.4,20.9,13.8,6.9,31.0,0.16,3.5,10.8,13.3,33.3,6.7,0.13,2.8,15.8,4.5,9.1,18.2,0.12,2.5,20.7,50.0,27.8,5.6,0.13,2.2,21.8,5.3,26.3,31.6,0.15,3.2,14.9,30.8,38.5,0.0,0.19,3.4,16.1,35.7,7.1,0.0,0.17,3.9,13.8,16.7,8.3,0.0,0.18,3.4,12.6,9.1,9.1,0.0,0.16,3.8,15.6,85.7,0.0,0.0,0.17,3.1,18.9,17.6,35.3,23.5,0.19,3.7,18.9,11.8,23.5,41.2,0.17,2.9,14.4,7.7,23.1,38.5,0.2,4.1,17.8,12.5,0.0,0.0,0.2,4.7,14.4,15.4,0.0,0.0,0.28,5.3,0.0,0.0,0.0,0.0,0.0,0.0,0.0,0.0,0.0,0.0,0.0,0.0,0.0,0.0,0.0,0.0,0.0,0.0,18.8,6.2,0.0,0.0,0.2,3.3,32.9,3.6,7.1,0.0,0.17,3.0,48.2,2.4,0.0,0.0,0.17,3.2,19.3,66.7,14.8,7.4,0.15,3.0,15.0,9.5,28.6,28.6,0.15,3.0,17.1,16.7,25.0,16.7,0.15,3.1,17.9,8.0,12.0,36.0,0.17,3.5,14.3,15.0,45.0,0.0,0.19,3.8,16.4,8.7,17.4,0.0,0.17,4.0,20.5,91.7,0.0,0.0,0.14,2.3,20.5,29.2,37.5,16.7,0.18,3.5,17.1,35.0,25.0,15.0,0.16,2.9,10.3,25.0,16.7,33.3,0.17,3.0,17.9,19.0,9.5,28.6,0.16,3.7,13.7,6.2,12.5,43.8,0.21,4.6
20260821,02,12,1800,5142,A1,佐賀,25.0,51.0,7.19,54.03,0.0,0.0,43,66.67,39,0.0,5070,B1,東京,32.0,54.0,4.14,20.99,3.0,10.0,47,50.0,66,0.0,4191,A1,埼玉,45.0,53.0,6.39,50.0,6.11,49.23,56,40.0,24,23.53,4942,B1,福岡,36.0,54.0,5.54,37.19,4.7,22.22,30,42.86,74,22.22,4066,A2,三重,46.0,53.0,5.95,38.05,5.94,40.74,34,0.0,73,0.0,4394,A2,福岡,40.0,54.0,6.02,38.74,6.45,54.55,31,28.57,22,43.75,20.5,78.3,8.7,4.3,0.14,2.1,21.4,25.0,54.2,12.5,0.15,2.9,17.0,21.1,31.6,31.6,0.15,2.9,15.2,11.8,47.1,11.8,0.15,3.3,16.1,5.6,44.4,11.1,0.14,2.7,9.8,36.4,0.0,0.0,0.17,3.6,13.0,33.3,11.1,11.1,0.18,3.8,18.8,15.4,7.7,30.8,0.22,4.0,20.3,7.1,7.1,0.0,0.2,4.5,18.8,7.7,7.7,15.4,0.22,3.4,11.6,12.5,12.5,0.0,0.26,5.4,17.4,8.3,0.0,0.0,0.25,5.0,17.5,58.8,23.5,5.9,0.17,3.2,23.7,39.1,13.0,17.4,0.16,3.3,16.5,37.5,18.8,12.5,0.16,2.9,16.5,6.2,43.8,18.8,0.17,3.6,17.5,5.9,23.5,23.5,0.14,3.0,8.2,25.0,0.0,0.0,0.16,4.0,19.4,38.9,22.2,22.2,0.14,2.6,12.9,33.3,25.0,0.0,0.2,3.8,15.1,14.3,35.7,14.3,0.15,3.1,17.2,12.5,12.5,31.2,0.15,2.9,10.8,10.0,40.0,0.0,0.11,2.4,24.7,13.0,0.0,0.0,0.17,3.4,19.3,66.7,14.3,9.5,0.17,3.0,15.6,11.8,29.4,29.4,0.17,4.2,17.4,5.3,31.6,15.8,0.19,3.5,15.6,11.8,41.2,0.0,0.19,4.1,19.3,9.5,9.5,28.6,0.17,3.7,12.8,7.1,7.1,42.9,0.17,4.3,16.7,50.0,22.2,5.6,0.14,2.2,14.8,12.5,37.5,6.2,0.14,2.9,22.2,8.3,33.3,16.7,0.16,2.5,16.7,11.1,22.2,44.4,0.16,2.9,16.7,11.1,16.7,27.8,0.15,3.2,13.0,7.1,21.4,7.1,0.18,3.5
