date,jcd,r,favorite_boat,favorite_nige_rate,scenario1_tickets,challenger_boat,challenger_makuri_rate,scenario2_tickets,scenario3_tickets,aligned_pair,aligned_pair_prob,aligned_pair_flag,knn_agree_trio,knn_trio_calibration_ratio,strength_bin,kimarite_dist,payout_bucket_labels,payout_bucket_pct,payout_bucket_deviation
20260924,01,1,3,51.3,"[[""3-1-4"", 0.0218], [""3-4-1"", 0.0213], [""3-1-5"", 0.0258], [""3-5-1"", 0.0245], [""3-4-5"", 0.0234], [""3-5-4"", 0.0229], [""3-1-2"", 0.0199], [""3-4-2"", 0.0181], [""3-2-1"", 0.0176]]",4,31.2,"[[""4-3-1"", 0.0192], [""4-1-3"", 0.0172], [""4-3-5"", 0.0212], [""4-5-3"", 0.0181], [""4-3-2"", 0.0163], [""4-1-5"", 0.0144]]","[[""1-3-4"", 0.02], [""1-3-5"", 0.0237], [""1-4-3"", 0.0175], [""5-3-1"", 0.0217]]",,,False,False,0.7852,強,"{""逃げ"": 64.8, ""まくり差し"": 12.0, ""まくり"": 11.0, ""差し"": 7.0, ""抜き"": 4.5, ""恵まれ"": 0.8}","[""0〜600円"", ""600〜740円"", ""740〜890円"", ""890〜1050円"", ""1050〜1220円"", ""1220〜1410円"", ""1410〜1630円"", ""1630〜1890円"", ""1890〜2200円"", ""2200〜2560円"", ""2560〜3020円"", ""3020〜3570円"", ""3570〜4280円"", ""4280〜5210円"", ""5210〜6480円"", ""6480〜8300円"", ""8300〜11200円"", ""11200〜16230円"", ""16230〜28240円"", ""28240円〜""]","[7.1, 6.7, 6.4, 5.9, 6.5, 5.6, 5.1, 5.6, 3.6, 4.2, 4.3, 4.1, 4.1, 4.4, 3.8, 3.6, 3.6, 4.7, 5.2, 5.4]","[2.1, 1.7, 1.4, 0.9, 1.5, 0.6, 0.1, 0.6, -1.4, -0.8, -0.7, -0.9, -0.9, -0.6, -1.2, -1.4, -1.4, -0.3, 0.2, 0.4]"
20260924,01,2,1,46.9,"[[""1-3-2"", 0.0394], [""1-3-4"", 0.0423], [""1-3-5"", 0.039], [""1-2-3"", 0.0311], [""1-4-3"", 0.0322], [""1-5-3"", 0.0292], [""1-2-4"", 0.0187], [""1-4-2"", 0.0181], [""1-2-5"", 0.0172]]",3,32.2,"[[""3-1-2"", 0.033], [""3-1-4"", 0.0354], [""3-1-5"", 0.0326]]","[[""2-1-3"", 0.0228], [""3-2-1"", 0.0208], [""4-1-3"", 0.0232], [""2-3-1"", 0.0182]]",,,False,True,0.8201,弱,"{""逃げ"": 30.9, ""まくり"": 27.3, ""まくり差し"": 16.7, ""差し"": 17.1, ""抜き"": 7.2, ""恵まれ"": 0.9}","[""0〜600円"", ""600〜740円"", ""740〜890円"", ""890〜1050円"", ""1050〜1220円"", ""1220〜1410円"", ""1410〜1630円"", ""1630〜1890円"", ""1890〜2200円"", ""2200〜2560円"", ""2560〜3020円"", ""3020〜3570円"", ""3570〜4280円"", ""4280〜5210円"", ""5210〜6480円"", ""6480〜8300円"", ""8300〜11200円"", ""11200〜16230円"", ""16230〜28240円"", ""28240円〜""]","[0.4, 1.0, 1.4, 2.5, 3.3, 2.9, 4.0, 5.3, 5.7, 6.2, 4.9, 6.0, 6.8, 8.5, 8.3, 7.0, 6.8, 7.5, 6.5, 5.0]","[-4.6, -4.0, -3.6, -2.5, -1.7, -2.1, -1.0, 0.3, 0.7, 1.2, -0.1, 1.0, 1.8, 3.5, 3.3, 2.0, 1.8, 2.5, 1.5, 0.0]"
20260924,01,3,1,54.3,"[[""1-3-2"", 0.0775], [""1-2-3"", 0.0684], [""1-3-5"", 0.08], [""1-5-3"", 0.0668], [""1-2-5"", 0.0539], [""1-5-2"", 0.051], [""1-3-4"", 0.0349], [""1-4-3"", 0.0249], [""1-2-4"", 0.0235]]",3,23.7,"[[""3-1-2"", 0.0345], [""3-1-5"", 0.0356], [""3-1-4"", 0.0155]]","[[""2-1-3"", 0.0293], [""5-1-3"", 0.0282], [""2-1-5"", 0.0231], [""5-1-2"", 0.0215]]",,,False,True,0.8201,強,"{""逃げ"": 64.8, ""まくり差し"": 12.0, ""まくり"": 11.0, ""差し"": 7.0, ""抜き"": 4.5, ""恵まれ"": 0.8}","[""0〜600円"", ""600〜740円"", ""740〜890円"", ""890〜1050円"", ""1050〜1220円"", ""1220〜1410円"", ""1410〜1630円"", ""1630〜1890円"", ""1890〜2200円"", ""2200〜2560円"", ""2560〜3020円"", ""3020〜3570円"", ""3570〜4280円"", ""4280〜5210円"", ""5210〜6480円"", ""6480〜8300円"", ""8300〜11200円"", ""11200〜16230円"", ""16230〜28240円"", ""28240円〜""]","[7.1, 6.7, 6.4, 5.9, 6.5, 5.6, 5.1, 5.6, 3.6, 4.2, 4.3, 4.1, 4.1, 4.4, 3.8, 3.6, 3.6, 4.7, 5.2, 5.4]","[2.1, 1.7, 1.4, 0.9, 1.5, 0.6, 0.1, 0.6, -1.4, -0.8, -0.7, -0.9, -0.9, -0.6, -1.2, -1.4, -1.4, -0.3, 0.2, 0.4]"
20260924,01,4,1,55.9,"[[""1-3-5"", 0.0993], [""1-3-2"", 0.0776], [""1-3-4"", 0.015], [""1-3-6"", 0.0118]]",3,34.3,"[[""3-1-5"", 0.0823], [""3-1-2"", 0.0644], [""3-1-4"", 0.0125]]","[[""1-5-3"", 0.061], [""5-1-3"", 0.0408], [""3-5-1"", 0.0397], [""1-2-3"", 0.0422]]",1-3,0.4223,False,False,0.7852,弱,"{""逃げ"": 30.9, ""まくり"": 27.3, ""まくり差し"": 16.7, ""差し"": 17.1, ""抜き"": 7.2, ""恵まれ"": 0.9}","[""0〜600円"", ""600〜740円"", ""740〜890円"", ""890〜1050円"", ""1050〜1220円"", ""1220〜1410円"", ""1410〜1630円"", ""1630〜1890円"", ""1890〜2200円"", ""2200〜2560円"", ""2560〜3020円"", ""3020〜3570円"", ""3570〜4280円"", ""4280〜5210円"", ""5210〜6480円"", ""6480〜8300円"", ""8300〜11200円"", ""11200〜16230円"", ""16230〜28240円"", ""28240円〜""]","[0.4, 1.0, 1.4, 2.5, 3.3, 2.9, 4.0, 5.3, 5.7, 6.2, 4.9, 6.0, 6.8, 8.5, 8.3, 7.0, 6.8, 7.5, 6.5, 5.0]","[-4.6, -4.0, -3.6, -2.5, -1.7, -2.1, -1.0, 0.3, 0.7, 1.2, -0.1, 1.0, 1.8, 3.5, 3.3, 2.0, 1.8, 2.5, 1.5, 0.0]"
20260924,01,5,2,56.0,"[[""2-1-3"", 0.0269], [""2-1-4"", 0.0326], [""2-3-1"", 0.0236], [""2-4-1"", 0.0286], [""2-3-4"", 0.021], [""2-4-3"", 0.021], [""2-1-5"", 0.0147], [""2-5-1"", 0.0109]]",1,,"[[""1-2-3"", 0.0268], [""1-2-4"", 0.0325], [""1-3-2"", 0.0234], [""1-4-2"", 0.0284], [""1-3-4"", 0.0206], [""1-4-3"", 0.0205]]","[[""3-2-1"", 0.0216], [""3-1-2"", 0.0215], [""4-2-1"", 0.0261], [""4-1-2"", 0.026]]",,,False,True,0.8201,強,"{""逃げ"": 64.8, ""まくり差し"": 12.0, ""まくり"": 11.0, ""差し"": 7.0, ""抜き"": 4.5, ""恵まれ"": 0.8}","[""0〜600円"", ""600〜740円"", ""740〜890円"", ""890〜1050円"", ""1050〜1220円"", ""1220〜1410円"", ""1410〜1630円"", ""1630〜1890円"", ""1890〜2200円"", ""2200〜2560円"", ""2560〜3020円"", ""3020〜3570円"", ""3570〜4280円"", ""4280〜5210円"", ""5210〜6480円"", ""6480〜8300円"", ""8300〜11200円"", ""11200〜16230円"", ""16230〜28240円"", ""28240円〜""]","[7.1, 6.7, 6.4, 5.9, 6.5, 5.6, 5.1, 5.6, 3.6, 4.2, 4.3, 4.1, 4.1, 4.4, 3.8, 3.6, 3.6, 4.7, 5.2, 5.4]","[2.1, 1.7, 1.4, 0.9, 1.5, 0.6, 0.1, 0.6, -1.4, -0.8, -0.7, -0.9, -0.9, -0.6, -1.2, -1.4, -1.4, -0.3, 0.2, 0.4]"
20260924,01,6,1,55.1,"[[""1-2-4"", 0.0907], [""1-4-2"", 0.0836], [""1-2-3"", 0.1037], [""1-3-2"", 0.0916], [""1-4-3"", 0.0805], [""1-3-4"", 0.0771], [""1-2-5"", 0.0316], [""1-4-5"", 0.0245], [""1-5-2"", 0.0223]]",2,33.7,"[[""2-1-4"", 0.0272], [""2-1-3"", 0.0311]]","[[""4-1-2"", 0.0246], [""3-1-2"", 0.0268], [""4-1-3"", 0.0237], [""3-1-4"", 0.0225]]",,,False,False,0.7852,強,"{""逃げ"": 64.8, ""まくり差し"": 12.0, ""まくり"": 11.0, ""差し"": 7.0, ""抜き"": 4.5, ""恵まれ"": 0.8}","[""0〜600円"", ""600〜740円"", ""740〜890円"", ""890〜1050円"", ""1050〜1220円"", ""1220〜1410円"", ""1410〜1630円"", ""1630〜1890円"", ""1890〜2200円"", ""2200〜2560円"", ""2560〜3020円"", ""3020〜3570円"", ""3570〜4280円"", ""4280〜5210円"", ""5210〜6480円"", ""6480〜8300円"", ""8300〜11200円"", ""11200〜16230円"", ""16230〜28240円"", ""28240円〜""]","[7.1, 6.7, 6.4, 5.9, 6.5, 5.6, 5.1, 5.6, 3.6, 4.2, 4.3, 4.1, 4.1, 4.4, 3.8, 3.6, 3.6, 4.7, 5.2, 5.4]","[2.1, 1.7, 1.4, 0.9, 1.5, 0.6, 0.1, 0.6, -1.4, -0.8, -0.7, -0.9, -0.9, -0.6, -1.2, -1.4, -1.4, -0.3, 0.2, 0.4]"
20260924,01,7,1,55.0,"[[""1-6-2"", 0.0659], [""1-2-6"", 0.0638], [""1-6-3"", 0.0516], [""1-2-3"", 0.0463], [""1-6-5"", 0.0442], [""1-3-6"", 0.0433], [""1-3-2"", 0.0401], [""1-2-5"", 0.0397], [""1-5-6"", 0.036]]",6,31.8,"[[""6-1-2"", 0.025], [""6-1-3"", 0.0196], [""6-1-5"", 0.0168]]","[[""1-5-2"", 0.0334], [""2-1-6"", 0.024], [""1-6-4"", 0.0237], [""1-2-4"", 0.0213]]",,,False,False,0.7852,強,"{""逃げ"": 64.8, ""まくり差し"": 12.0, ""まくり"": 11.0, ""差し"": 7.0, ""抜き"": 4.5, ""恵まれ"": 0.8}","[""0〜600円"", ""600〜740円"", ""740〜890円"", ""890〜1050円"", ""1050〜1220円"", ""1220〜1410円"", ""1410〜1630円"", ""1630〜1890円"", ""1890〜2200円"", ""2200〜2560円"", ""2560〜3020円"", ""3020〜3570円"", ""3570〜4280円"", ""4280〜5210円"", ""5210〜6480円"", ""6480〜8300円"", ""8300〜11200円"", ""11200〜16230円"", ""16230〜28240円"", ""28240円〜""]","[7.1, 6.7, 6.4, 5.9, 6.5, 5.6, 5.1, 5.6, 3.6, 4.2, 4.3, 4.1, 4.1, 4.4, 3.8, 3.6, 3.6, 4.7, 5.2, 5.4]","[2.1, 1.7, 1.4, 0.9, 1.5, 0.6, 0.1, 0.6, -1.4, -0.8, -0.7, -0.9, -0.9, -0.6, -1.2, -1.4, -1.4, -0.3, 0.2, 0.4]"
20260924,01,8,1,51.3,"[[""1-3-2"", 0.0751], [""1-2-3"", 0.0693], [""1-3-5"", 0.0647], [""1-5-3"", 0.0528], [""1-2-5"", 0.0502], [""1-5-2"", 0.0444], [""1-3-4"", 0.0399], [""1-2-4"", 0.0309], [""1-4-3"", 0.0298]]",3,28.4,"[[""3-1-2"", 0.0309], [""3-1-5"", 0.0266], [""3-1-4"", 0.0164]]","[[""2-1-3"", 0.0279], [""1-4-2"", 0.025], [""5-1-3"", 0.0205], [""2-1-5"", 0.0202]]",,,False,False,0.7852,強,"{""逃げ"": 64.8, ""まくり差し"": 12.0, ""まくり"": 11.0, ""差し"": 7.0, ""抜き"": 4.5, ""恵まれ"": 0.8}","[""0〜600円"", ""600〜740円"", ""740〜890円"", ""890〜1050円"", ""1050〜1220円"", ""1220〜1410円"", ""1410〜1630円"", ""1630〜1890円"", ""1890〜2200円"", ""2200〜2560円"", ""2560〜3020円"", ""3020〜3570円"", ""3570〜4280円"", ""4280〜5210円"", ""5210〜6480円"", ""6480〜8300円"", ""8300〜11200円"", ""11200〜16230円"", ""16230〜28240円"", ""28240円〜""]","[7.1, 6.7, 6.4, 5.9, 6.5, 5.6, 5.1, 5.6, 3.6, 4.2, 4.3, 4.1, 4.1, 4.4, 3.8, 3.6, 3.6, 4.7, 5.2, 5.4]","[2.1, 1.7, 1.4, 0.9, 1.5, 0.6, 0.1, 0.6, -1.4, -0.8, -0.7, -0.9, -0.9, -0.6, -1.2, -1.4, -1.4, -0.3, 0.2, 0.4]"
20260924,01,9,1,53.1,"[[""1-2-3"", 0.0638], [""1-2-4"", 0.0726], [""1-3-2"", 0.0553], [""1-4-2"", 0.0615], [""1-3-4"", 0.0455], [""1-4-3"", 0.0444], [""1-2-5"", 0.0273], [""1-5-2"", 0.0193], [""1-3-5"", 0.0171]]",3,31.2,"[[""3-1-2"", 0.0285], [""3-1-4"", 0.0234]]","[[""2-1-3"", 0.0346], [""2-1-4"", 0.0394], [""4-1-2"", 0.0314], [""4-1-3"", 0.0227]]",,,False,True,0.8201,中,"{""逃げ"": 48.7, ""まくり"": 18.7, ""まくり差し"": 14.1, ""差し"": 11.4, ""抜き"": 6.2, ""恵まれ"": 1.0}","[""0〜600円"", ""600〜740円"", ""740〜890円"", ""890〜1050円"", ""1050〜1220円"", ""1220〜1410円"", ""1410〜1630円"", ""1630〜1890円"", ""1890〜2200円"", ""2200〜2560円"", ""2560〜3020円"", ""3020〜3570円"", ""3570〜4280円"", ""4280〜5210円"", ""5210〜6480円"", ""6480〜8300円"", ""8300〜11200円"", ""11200〜16230円"", ""16230〜28240円"", ""28240円〜""]","[2.6, 3.0, 5.0, 5.2, 5.1, 4.6, 4.7, 4.7, 5.0, 4.2, 4.9, 5.4, 4.9, 6.1, 5.6, 6.9, 5.5, 5.9, 5.4, 5.4]","[-2.4, -2.0, -0.0, 0.2, 0.1, -0.4, -0.3, -0.3, -0.0, -0.8, -0.1, 0.4, -0.1, 1.1, 0.6, 1.9, 0.5, 0.9, 0.4, 0.4]"
20260924,01,10,1,48.1,"[[""1-2-3"", 0.0597], [""1-3-2"", 0.0477], [""1-2-4"", 0.0498], [""1-2-5"", 0.049], [""1-4-2"", 0.0363], [""1-5-2"", 0.0355], [""1-3-4"", 0.0242], [""1-3-5"", 0.0238], [""1-4-3"", 0.0221]]",2,24.3,"[[""2-1-3"", 0.0389], [""2-1-4"", 0.0325], [""2-1-5"", 0.0319], [""2-1-6"", 0.0103]]","[[""3-1-2"", 0.0283], [""2-3-1"", 0.0183], [""1-5-3"", 0.0216], [""4-1-2"", 0.0206]]",,,False,True,0.8201,中,"{""逃げ"": 48.7, ""まくり"": 18.7, ""まくり差し"": 14.1, ""差し"": 11.4, ""抜き"": 6.2, ""恵まれ"": 1.0}","[""0〜600円"", ""600〜740円"", ""740〜890円"", ""890〜1050円"", ""1050〜1220円"", ""1220〜1410円"", ""1410〜1630円"", ""1630〜1890円"", ""1890〜2200円"", ""2200〜2560円"", ""2560〜3020円"", ""3020〜3570円"", ""3570〜4280円"", ""4280〜5210円"", ""5210〜6480円"", ""6480〜8300円"", ""8300〜11200円"", ""11200〜16230円"", ""16230〜28240円"", ""28240円〜""]","[2.6, 3.0, 5.0, 5.2, 5.1, 4.6, 4.7, 4.7, 5.0, 4.2, 4.9, 5.4, 4.9, 6.1, 5.6, 6.9, 5.5, 5.9, 5.4, 5.4]","[-2.4, -2.0, -0.0, 0.2, 0.1, -0.4, -0.3, -0.3, -0.0, -0.8, -0.1, 0.4, -0.1, 1.1, 0.6, 1.9, 0.5, 0.9, 0.4, 0.4]"
20260924,01,11,1,55.6,"[[""1-2-3"", 0.0857], [""1-2-4"", 0.0543], [""1-2-5"", 0.0129], [""1-2-6"", 0.0103]]",2,25.9,"[[""2-1-3"", 0.0669], [""2-1-4"", 0.0424], [""2-1-5"", 0.01]]","[[""1-3-2"", 0.0715], [""3-1-2"", 0.0514], [""2-3-1"", 0.0394], [""3-2-1"", 0.0363]]",1-2,0.3239,False,True,0.8201,中,"{""逃げ"": 48.7, ""まくり"": 18.7, ""まくり差し"": 14.1, ""差し"": 11.4, ""抜き"": 6.2, ""恵まれ"": 1.0}","[""0〜600円"", ""600〜740円"", ""740〜890円"", ""890〜1050円"", ""1050〜1220円"", ""1220〜1410円"", ""1410〜1630円"", ""1630〜1890円"", ""1890〜2200円"", ""2200〜2560円"", ""2560〜3020円"", ""3020〜3570円"", ""3570〜4280円"", ""4280〜5210円"", ""5210〜6480円"", ""6480〜8300円"", ""8300〜11200円"", ""11200〜16230円"", ""16230〜28240円"", ""28240円〜""]","[2.6, 3.0, 5.0, 5.2, 5.1, 4.6, 4.7, 4.7, 5.0, 4.2, 4.9, 5.4, 4.9, 6.1, 5.6, 6.9, 5.5, 5.9, 5.4, 5.4]","[-2.4, -2.0, -0.0, 0.2, 0.1, -0.4, -0.3, -0.3, -0.0, -0.8, -0.1, 0.4, -0.1, 1.1, 0.6, 1.9, 0.5, 0.9, 0.4, 0.4]"
20260924,01,12,1,52.5,"[[""1-2-4"", 0.0668], [""1-4-2"", 0.0665], [""1-2-3"", 0.0732], [""1-4-3"", 0.0721], [""1-3-2"", 0.0692], [""1-3-4"", 0.0685], [""1-2-5"", 0.0563], [""1-4-5"", 0.0555], [""1-5-2"", 0.0498]]",2,,"[[""2-1-4"", 0.0128], [""2-1-3"", 0.014], [""2-1-5"", 0.0108]]","[[""1-5-4"", 0.0492], [""1-3-5"", 0.0453], [""1-5-3"", 0.0423], [""4-1-2"", 0.0128]]",,,False,False,0.7852,中,"{""逃げ"": 48.7, ""まくり"": 18.7, ""まくり差し"": 14.1, ""差し"": 11.4, ""抜き"": 6.2, ""恵まれ"": 1.0}","[""0〜600円"", ""600〜740円"", ""740〜890円"", ""890〜1050円"", ""1050〜1220円"", ""1220〜1410円"", ""1410〜1630円"", ""1630〜1890円"", ""1890〜2200円"", ""2200〜2560円"", ""2560〜3020円"", ""3020〜3570円"", ""3570〜4280円"", ""4280〜5210円"", ""5210〜6480円"", ""6480〜8300円"", ""8300〜11200円"", ""11200〜16230円"", ""16230〜28240円"", ""28240円〜""]","[2.6, 3.0, 5.0, 5.2, 5.1, 4.6, 4.7, 4.7, 5.0, 4.2, 4.9, 5.4, 4.9, 6.1, 5.6, 6.9, 5.5, 5.9, 5.4, 5.4]","[-2.4, -2.0, -0.0, 0.2, 0.1, -0.4, -0.3, -0.3, -0.0, -0.8, -0.1, 0.4, -0.1, 1.1, 0.6, 1.9, 0.5, 0.9, 0.4, 0.4]"
20260924,02,1,1,,"[[""1-3-2"", 0.0478], [""1-2-3"", 0.0475], [""1-3-4"", 0.0539], [""1-2-4"", 0.0527]]",3,,"[[""3-1-2"", 0.0383], [""3-1-4"", 0.0432]]","[[""1-4-3"", 0.0516], [""1-4-2"", 0.0509], [""2-1-3"", 0.0379], [""2-1-4"", 0.0421]]",,,False,True,0.8201,弱,"{""まくり"": 37.5, ""逃げ"": 24.7, ""差し"": 17.6, ""まくり差し"": 11.8, ""抜き"": 7.7, ""恵まれ"": 0.7}","[""0〜600円"", ""600〜740円"", ""740〜890円"", ""890〜1050円"", ""1050〜1220円"", ""1220〜1410円"", ""1410〜1630円"", ""1630〜1890円"", ""1890〜2200円"", ""2200〜2560円"", ""2560〜3020円"", ""3020〜3570円"", ""3570〜4280円"", ""4280〜5210円"", ""5210〜6480円"", ""6480〜8300円"", ""8300〜11200円"", ""11200〜16230円"", ""16230〜28240円"", ""28240円〜""]","[0.3, 0.5, 1.6, 2.3, 2.6, 3.4, 4.5, 6.0, 5.2, 6.3, 7.1, 7.2, 8.0, 6.1, 7.5, 7.8, 7.7, 6.8, 4.9, 4.1]","[-4.7, -4.5, -3.4, -2.7, -2.4, -1.6, -0.5, 1.0, 0.2, 1.3, 2.1, 2.2, 3.0, 1.1, 2.5, 2.8, 2.7, 1.8, -0.1, -0.9]"
20260924,02,2,2,42.4,"[[""2-5-1"", 0.024], [""2-1-5"", 0.0225], [""2-5-4"", 0.0199], [""2-5-6"", 0.0169], [""2-4-5"", 0.0166], [""2-1-4"", 0.0158], [""2-4-1"", 0.0141], [""2-6-5"", 0.0137], [""2-5-3"", 0.0135]]",1,37.5,"[[""1-2-5"", 0.0206], [""1-5-2"", 0.0193], [""1-2-4"", 0.0145], [""1-2-6"", 0.0123], [""1-5-4"", 0.0118], [""1-4-2"", 0.0116]]","[[""5-2-1"", 0.0229], [""5-1-2"", 0.0202], [""5-2-4"", 0.019], [""5-2-6"", 0.0161]]",,,False,False,0.7852,中,"{""逃げ"": 39.0, ""まくり"": 24.3, ""まくり差し"": 12.6, ""差し"": 15.1, ""抜き"": 8.1, ""恵まれ"": 0.8}","[""0〜600円"", ""600〜740円"", ""740〜890円"", ""890〜1050円"", ""1050〜1220円"", ""1220〜1410円"", ""1410〜1630円"", ""1630〜1890円"", ""1890〜2200円"", ""2200〜2560円"", ""2560〜3020円"", ""3020〜3570円"", ""3570〜4280円"", ""4280〜5210円"", ""5210〜6480円"", ""6480〜8300円"", ""8300〜11200円"", ""11200〜16230円"", ""16230〜28240円"", ""28240円〜""]","[1.0, 2.0, 3.0, 3.5, 4.6, 4.2, 4.9, 5.4, 5.9, 6.2, 4.7, 5.7, 6.8, 5.9, 5.8, 7.2, 6.5, 6.0, 5.4, 5.2]","[-4.0, -3.0, -2.0, -1.5, -0.4, -0.8, -0.1, 0.4, 0.9, 1.2, -0.3, 0.7, 1.8, 0.9, 0.8, 2.2, 1.5, 1.0, 0.4, 0.2]"
20260924,02,3,3,54.0,"[[""3-2-4"", 0.0154], [""3-2-5"", 0.0191], [""3-4-2"", 0.0145], [""3-5-2"", 0.0179], [""3-4-5"", 0.0152], [""3-5-4"", 0.0151], [""3-2-1"", 0.0141], [""3-1-2"", 0.0124], [""3-2-6"", 0.0123]]",2,25.3,"[[""2-3-4"", 0.0144], [""2-3-5"", 0.0179], [""2-4-3"", 0.0126], [""2-5-3"", 0.0156], [""2-3-1"", 0.0132], [""2-3-6"", 0.0115]]","[[""4-3-2"", 0.0131], [""5-3-2"", 0.0161], [""4-2-3"", 0.0121], [""5-2-3"", 0.0149]]",,,False,False,0.7852,強,"{""逃げ"": 56.1, ""まくり"": 16.0, ""まくり差し"": 10.4, ""差し"": 10.4, ""抜き"": 6.4, ""恵まれ"": 0.8}","[""0〜600円"", ""600〜740円"", ""740〜890円"", ""890〜1050円"", ""1050〜1220円"", ""1220〜1410円"", ""1410〜1630円"", ""1630〜1890円"", ""1890〜2200円"", ""2200〜2560円"", ""2560〜3020円"", ""3020〜3570円"", ""3570〜4280円"", ""4280〜5210円"", ""5210〜6480円"", ""6480〜8300円"", ""8300〜11200円"", ""11200〜16230円"", ""16230〜28240円"", ""28240円〜""]","[2.5, 4.5, 5.1, 5.2, 5.6, 4.6, 5.2, 4.6, 5.3, 5.4, 5.2, 5.1, 4.5, 4.4, 4.7, 6.0, 5.8, 5.3, 5.6, 5.3]","[-2.5, -0.5, 0.1, 0.2, 0.6, -0.4, 0.2, -0.4, 0.3, 0.4, 0.2, 0.1, -0.5, -0.6, -0.3, 1.0, 0.8, 0.3, 0.6, 0.3]"
20260924,02,4,2,61.2,"[[""2-6-4"", 0.0282], [""2-6-1"", 0.0358], [""2-4-6"", 0.0268], [""2-1-6"", 0.034], [""2-4-1"", 0.0296], [""2-1-4"", 0.0296], [""2-6-3"", 0.018], [""2-6-5"", 0.0155], [""2-4-3"", 0.0149]]",4,56.6,"[[""4-2-6"", 0.0199], [""4-2-1"", 0.0219], [""4-2-3"", 0.011]]","[[""6-2-4"", 0.0215], [""6-2-1"", 0.0273], [""1-2-6"", 0.0252], [""1-2-4"", 0.0219]]",,,False,False,0.7852,強,"{""逃げ"": 56.1, ""まくり"": 16.0, ""まくり差し"": 10.4, ""差し"": 10.4, ""抜き"": 6.4, ""恵まれ"": 0.8}","[""0〜600円"", ""600〜740円"", ""740〜890円"", ""890〜1050円"", ""1050〜1220円"", ""1220〜1410円"", ""1410〜1630円"", ""1630〜1890円"", ""1890〜2200円"", ""2200〜2560円"", ""2560〜3020円"", ""3020〜3570円"", ""3570〜4280円"", ""4280〜5210円"", ""5210〜6480円"", ""6480〜8300円"", ""8300〜11200円"", ""11200〜16230円"", ""16230〜28240円"", ""28240円〜""]","[2.5, 4.5, 5.1, 5.2, 5.6, 4.6, 5.2, 4.6, 5.3, 5.4, 5.2, 5.1, 4.5, 4.4, 4.7, 6.0, 5.8, 5.3, 5.6, 5.3]","[-2.5, -0.5, 0.1, 0.2, 0.6, -0.4, 0.2, -0.4, 0.3, 0.4, 0.2, 0.1, -0.5, -0.6, -0.3, 1.0, 0.8, 0.3, 0.6, 0.3]"
20260924,02,5,1,54.5,"[[""1-4-3"", 0.1569], [""1-4-2"", 0.1374], [""1-4-5"", 0.038], [""1-4-6"", 0.0374]]",4,16.9,"[[""4-1-3"", 0.0504], [""4-1-2"", 0.0441], [""4-1-5"", 0.0122], [""4-1-6"", 0.012]]","[[""1-3-4"", 0.0861], [""1-2-4"", 0.0696], [""3-1-4"", 0.0248], [""1-3-2"", 0.0279]]",1-4,0.5451,True,False,0.7852,強,"{""逃げ"": 56.1, ""まくり"": 16.0, ""まくり差し"": 10.4, ""差し"": 10.4, ""抜き"": 6.4, ""恵まれ"": 0.8}","[""0〜600円"", ""600〜740円"", ""740〜890円"", ""890〜1050円"", ""1050〜1220円"", ""1220〜1410円"", ""1410〜1630円"", ""1630〜1890円"", ""1890〜2200円"", ""2200〜2560円"", ""2560〜3020円"", ""3020〜3570円"", ""3570〜4280円"", ""4280〜5210円"", ""5210〜6480円"", ""6480〜8300円"", ""8300〜11200円"", ""11200〜16230円"", ""16230〜28240円"", ""28240円〜""]","[2.5, 4.5, 5.1, 5.2, 5.6, 4.6, 5.2, 4.6, 5.3, 5.4, 5.2, 5.1, 4.5, 4.4, 4.7, 6.0, 5.8, 5.3, 5.6, 5.3]","[-2.5, -0.5, 0.1, 0.2, 0.6, -0.4, 0.2, -0.4, 0.3, 0.4, 0.2, 0.1, -0.5, -0.6, -0.3, 1.0, 0.8, 0.3, 0.6, 0.3]"
20260924,02,6,1,51.8,"[[""1-3-5"", 0.0249], [""1-3-4"", 0.0301], [""1-5-3"", 0.023], [""1-4-3"", 0.0273], [""1-3-2"", 0.0242], [""1-5-4"", 0.0223], [""1-4-5"", 0.022], [""1-2-3"", 0.0207], [""1-5-2"", 0.0179]]",5,42.6,"[[""5-1-3"", 0.0194], [""5-3-1"", 0.0166], [""5-1-4"", 0.0188], [""5-1-2"", 0.0151], [""5-4-1"", 0.0149], [""5-2-1"", 0.0114]]","[[""3-1-5"", 0.0221], [""3-1-4"", 0.0267], [""4-1-3"", 0.0228], [""3-5-1"", 0.0174]]",,,False,False,0.7852,弱,"{""まくり"": 37.5, ""逃げ"": 24.7, ""差し"": 17.6, ""まくり差し"": 11.8, ""抜き"": 7.7, ""恵まれ"": 0.7}","[""0〜600円"", ""600〜740円"", ""740〜890円"", ""890〜1050円"", ""1050〜1220円"", ""1220〜1410円"", ""1410〜1630円"", ""1630〜1890円"", ""1890〜2200円"", ""2200〜2560円"", ""2560〜3020円"", ""3020〜3570円"", ""3570〜4280円"", ""4280〜5210円"", ""5210〜6480円"", ""6480〜8300円"", ""8300〜11200円"", ""11200〜16230円"", ""16230〜28240円"", ""28240円〜""]","[0.3, 0.5, 1.6, 2.3, 2.6, 3.4, 4.5, 6.0, 5.2, 6.3, 7.1, 7.2, 8.0, 6.1, 7.5, 7.8, 7.7, 6.8, 4.9, 4.1]","[-4.7, -4.5, -3.4, -2.7, -2.4, -1.6, -0.5, 1.0, 0.2, 1.3, 2.1, 2.2, 3.0, 1.1, 2.5, 2.8, 2.7, 1.8, -0.1, -0.9]"
20260924,02,7,1,58.7,"[[""1-2-4"", 0.0791], [""1-2-3"", 0.0963], [""1-4-2"", 0.0689], [""1-3-2"", 0.0828], [""1-2-5"", 0.0702], [""1-4-3"", 0.0596], [""1-3-4"", 0.0588], [""1-5-2"", 0.0558], [""1-4-5"", 0.0435]]",2,37.5,"[[""2-1-4"", 0.0151], [""2-1-3"", 0.0184], [""2-1-5"", 0.0134]]","[[""1-3-5"", 0.041], [""1-5-4"", 0.0397], [""1-5-3"", 0.0379], [""4-1-2"", 0.0129]]",,,False,False,0.7852,強,"{""逃げ"": 56.1, ""まくり"": 16.0, ""まくり差し"": 10.4, ""差し"": 10.4, ""抜き"": 6.4, ""恵まれ"": 0.8}","[""0〜600円"", ""600〜740円"", ""740〜890円"", ""890〜1050円"", ""1050〜1220円"", ""1220〜1410円"", ""1410〜1630円"", ""1630〜1890円"", ""1890〜2200円"", ""2200〜2560円"", ""2560〜3020円"", ""3020〜3570円"", ""3570〜4280円"", ""4280〜5210円"", ""5210〜6480円"", ""6480〜8300円"", ""8300〜11200円"", ""11200〜16230円"", ""16230〜28240円"", ""28240円〜""]","[2.5, 4.5, 5.1, 5.2, 5.6, 4.6, 5.2, 4.6, 5.3, 5.4, 5.2, 5.1, 4.5, 4.4, 4.7, 6.0, 5.8, 5.3, 5.6, 5.3]","[-2.5, -0.5, 0.1, 0.2, 0.6, -0.4, 0.2, -0.4, 0.3, 0.4, 0.2, 0.1, -0.5, -0.6, -0.3, 1.0, 0.8, 0.3, 0.6, 0.3]"
20260924,02,8,1,54.0,"[[""1-4-2"", 0.0297], [""1-2-4"", 0.0292], [""1-4-5"", 0.0348], [""1-5-4"", 0.0333], [""1-2-5"", 0.0328], [""1-5-2"", 0.0319], [""1-4-3"", 0.0217], [""1-2-3"", 0.0205], [""1-3-4"", 0.0185]]",2,27.4,"[[""2-1-4"", 0.0223], [""2-1-5"", 0.025], [""2-1-3"", 0.0156]]","[[""4-1-2"", 0.0228], [""4-1-5"", 0.0268], [""5-1-4"", 0.025], [""5-1-2"", 0.0239]]",,,False,False,0.7852,弱,"{""まくり"": 37.5, ""逃げ"": 24.7, ""差し"": 17.6, ""まくり差し"": 11.8, ""抜き"": 7.7, ""恵まれ"": 0.7}","[""0〜600円"", ""600〜740円"", ""740〜890円"", ""890〜1050円"", ""1050〜1220円"", ""1220〜1410円"", ""1410〜1630円"", ""1630〜1890円"", ""1890〜2200円"", ""2200〜2560円"", ""2560〜3020円"", ""3020〜3570円"", ""3570〜4280円"", ""4280〜5210円"", ""5210〜6480円"", ""6480〜8300円"", ""8300〜11200円"", ""11200〜16230円"", ""16230〜28240円"", ""28240円〜""]","[0.3, 0.5, 1.6, 2.3, 2.6, 3.4, 4.5, 6.0, 5.2, 6.3, 7.1, 7.2, 8.0, 6.1, 7.5, 7.8, 7.7, 6.8, 4.9, 4.1]","[-4.7, -4.5, -3.4, -2.7, -2.4, -1.6, -0.5, 1.0, 0.2, 1.3, 2.1, 2.2, 3.0, 1.1, 2.5, 2.8, 2.7, 1.8, -0.1, -0.9]"
20260924,02,9,3,30.8,"[[""3-2-1"", 0.0301], [""3-1-2"", 0.0289], [""3-2-6"", 0.03], [""3-6-2"", 0.027], [""3-1-6"", 0.0259], [""3-6-1"", 0.0243], [""3-2-5"", 0.0223], [""3-1-5"", 0.0193], [""3-5-2"", 0.0188]]",1,,"[[""1-3-2"", 0.0232], [""1-3-6"", 0.0208], [""1-3-5"", 0.0155]]","[[""2-3-1"", 0.0248], [""2-3-6"", 0.0247], [""2-1-3"", 0.0184], [""1-2-3"", 0.018]]",,,False,True,0.8201,中,"{""逃げ"": 39.0, ""まくり"": 24.3, ""まくり差し"": 12.6, ""差し"": 15.1, ""抜き"": 8.1, ""恵まれ"": 0.8}","[""0〜600円"", ""600〜740円"", ""740〜890円"", ""890〜1050円"", ""1050〜1220円"", ""1220〜1410円"", ""1410〜1630円"", ""1630〜1890円"", ""1890〜2200円"", ""2200〜2560円"", ""2560〜3020円"", ""3020〜3570円"", ""3570〜4280円"", ""4280〜5210円"", ""5210〜6480円"", ""6480〜8300円"", ""8300〜11200円"", ""11200〜16230円"", ""16230〜28240円"", ""28240円〜""]","[1.0, 2.0, 3.0, 3.5, 4.6, 4.2, 4.9, 5.4, 5.9, 6.2, 4.7, 5.7, 6.8, 5.9, 5.8, 7.2, 6.5, 6.0, 5.4, 5.2]","[-4.0, -3.0, -2.0, -1.5, -0.4, -0.8, -0.1, 0.4, 0.9, 1.2, -0.3, 0.7, 1.8, 0.9, 0.8, 2.2, 1.5, 1.0, 0.4, 0.2]"
20260924,02,10,1,61.9,"[[""1-2-3"", 0.0476], [""1-3-2"", 0.0468], [""1-2-5"", 0.0407], [""1-3-5"", 0.0386], [""1-5-2"", 0.0355], [""1-5-3"", 0.0343], [""1-2-4"", 0.026], [""1-3-4"", 0.0246], [""1-4-2"", 0.0207]]",2,42.6,"[[""2-1-3"", 0.0327], [""2-1-5"", 0.0279], [""2-1-4"", 0.0178]]","[[""3-1-2"", 0.0319], [""3-1-5"", 0.0263], [""2-3-1"", 0.0195], [""3-2-1"", 0.0193]]",,,False,True,0.8201,強,"{""逃げ"": 56.1, ""まくり"": 16.0, ""まくり差し"": 10.4, ""差し"": 10.4, ""抜き"": 6.4, ""恵まれ"": 0.8}","[""0〜600円"", ""600〜740円"", ""740〜890円"", ""890〜1050円"", ""1050〜1220円"", ""1220〜1410円"", ""1410〜1630円"", ""1630〜1890円"", ""1890〜2200円"", ""2200〜2560円"", ""2560〜3020円"", ""3020〜3570円"", ""3570〜4280円"", ""4280〜5210円"", ""5210〜6480円"", ""6480〜8300円"", ""8300〜11200円"", ""11200〜16230円"", ""16230〜28240円"", ""28240円〜""]","[2.5, 4.5, 5.1, 5.2, 5.6, 4.6, 5.2, 4.6, 5.3, 5.4, 5.2, 5.1, 4.5, 4.4, 4.7, 6.0, 5.8, 5.3, 5.6, 5.3]","[-2.5, -0.5, 0.1, 0.2, 0.6, -0.4, 0.2, -0.4, 0.3, 0.4, 0.2, 0.1, -0.5, -0.6, -0.3, 1.0, 0.8, 0.3, 0.6, 0.3]"
20260924,02,11,1,48.7,"[[""1-3-4"", 0.1058], [""1-3-2"", 0.1329], [""1-4-3"", 0.0858], [""1-2-3"", 0.1071], [""1-4-2"", 0.0689], [""1-2-4"", 0.0686], [""1-3-5"", 0.0312], [""1-3-6"", 0.025], [""1-5-3"", 0.0201]]",3,31.0,"[[""3-1-4"", 0.0203], [""3-1-2"", 0.0255]]","[[""4-1-3"", 0.016], [""2-1-3"", 0.02], [""1-4-5"", 0.0162], [""1-6-3"", 0.0159]]",,,False,False,0.7852,強,"{""逃げ"": 56.1, ""まくり"": 16.0, ""まくり差し"": 10.4, ""差し"": 10.4, ""抜き"": 6.4, ""恵まれ"": 0.8}","[""0〜600円"", ""600〜740円"", ""740〜890円"", ""890〜1050円"", ""1050〜1220円"", ""1220〜1410円"", ""1410〜1630円"", ""1630〜1890円"", ""1890〜2200円"", ""2200〜2560円"", ""2560〜3020円"", ""3020〜3570円"", ""3570〜4280円"", ""4280〜5210円"", ""5210〜6480円"", ""6480〜8300円"", ""8300〜11200円"", ""11200〜16230円"", ""16230〜28240円"", ""28240円〜""]","[2.5, 4.5, 5.1, 5.2, 5.6, 4.6, 5.2, 4.6, 5.3, 5.4, 5.2, 5.1, 4.5, 4.4, 4.7, 6.0, 5.8, 5.3, 5.6, 5.3]","[-2.5, -0.5, 0.1, 0.2, 0.6, -0.4, 0.2, -0.4, 0.3, 0.4, 0.2, 0.1, -0.5, -0.6, -0.3, 1.0, 0.8, 0.3, 0.6, 0.3]"
20260924,02,12,1,64.1,"[[""1-2-4"", 0.0868], [""1-2-5"", 0.1031], [""1-2-3"", 0.065], [""1-2-6"", 0.0436]]",2,27.0,"[[""2-1-4"", 0.0483], [""2-1-5"", 0.0574], [""2-1-3"", 0.0361], [""2-1-6"", 0.0242]]","[[""1-4-2"", 0.045], [""1-5-2"", 0.0529], [""1-3-2"", 0.0314], [""4-1-2"", 0.0204]]",1-2,0.5015,False,False,0.7852,強,"{""逃げ"": 56.1, ""まくり"": 16.0, ""まくり差し"": 10.4, ""差し"": 10.4, ""抜き"": 6.4, ""恵まれ"": 0.8}","[""0〜600円"", ""600〜740円"", ""740〜890円"", ""890〜1050円"", ""1050〜1220円"", ""1220〜1410円"", ""1410〜1630円"", ""1630〜1890円"", ""1890〜2200円"", ""2200〜2560円"", ""2560〜3020円"", ""3020〜3570円"", ""3570〜4280円"", ""4280〜5210円"", ""5210〜6480円"", ""6480〜8300円"", ""8300〜11200円"", ""11200〜16230円"", ""16230〜28240円"", ""28240円〜""]","[2.5, 4.5, 5.1, 5.2, 5.6, 4.6, 5.2, 4.6, 5.3, 5.4, 5.2, 5.1, 4.5, 4.4, 4.7, 6.0, 5.8, 5.3, 5.6, 5.3]","[-2.5, -0.5, 0.1, 0.2, 0.6, -0.4, 0.2, -0.4, 0.3, 0.4, 0.2, 0.1, -0.5, -0.6, -0.3, 1.0, 0.8, 0.3, 0.6, 0.3]"
20260924,06,1,1,47.8,"[[""1-4-3"", 0.0433], [""1-3-4"", 0.0414], [""1-4-6"", 0.0272], [""1-4-2"", 0.027], [""1-3-6"", 0.0236], [""1-3-2"", 0.0234], [""1-6-4"", 0.0215], [""1-2-4"", 0.0213], [""1-6-3"", 0.0195]]",3,35.2,"[[""3-1-4"", 0.0312], [""3-1-6"", 0.0178], [""3-1-2"", 0.0177], [""3-1-5"", 0.0104]]","[[""4-1-3"", 0.0334], [""4-3-1"", 0.0225], [""3-4-1"", 0.022], [""4-1-6"", 0.021]]",,,False,False,0.7852,弱,"{""逃げ"": 34.1, ""差し"": 18.5, ""まくり"": 19.8, ""まくり差し"": 18.7, ""抜き"": 7.8, ""恵まれ"": 1.1}","[""0〜600円"", ""600〜740円"", ""740〜890円"", ""890〜1050円"", ""1050〜1220円"", ""1220〜1410円"", ""1410〜1630円"", ""1630〜1890円"", ""1890〜2200円"", ""2200〜2560円"", ""2560〜3020円"", ""3020〜3570円"", ""3570〜4280円"", ""4280〜5210円"", ""5210〜6480円"", ""6480〜8300円"", ""8300〜11200円"", ""11200〜16230円"", ""16230〜28240円"", ""28240円〜""]","[0.9, 1.3, 3.0, 3.3, 4.7, 4.3, 4.7, 4.9, 6.1, 6.0, 5.3, 7.1, 6.6, 6.1, 7.1, 6.9, 5.5, 6.4, 5.6, 4.2]","[-4.1, -3.7, -2.0, -1.7, -0.3, -0.7, -0.3, -0.1, 1.1, 1.0, 0.3, 2.1, 1.6, 1.1, 2.1, 1.9, 0.5, 1.4, 0.6, -0.8]"
20260924,06,2,1,53.5,"[[""1-3-2"", 0.058], [""1-2-3"", 0.0547], [""1-3-4"", 0.0196], [""1-2-4"", 0.0168], [""1-3-5"", 0.0166], [""1-2-5"", 0.0142], [""1-3-6"", 0.0102]]",3,26.6,"[[""3-1-2"", 0.0571], [""3-1-4"", 0.0193], [""3-1-5"", 0.0164], [""3-1-6"", 0.01]]","[[""3-2-1"", 0.0525], [""2-1-3"", 0.052], [""2-3-1"", 0.0507], [""2-1-4"", 0.016]]",,,False,True,0.8201,弱,"{""逃げ"": 34.1, ""差し"": 18.5, ""まくり"": 19.8, ""まくり差し"": 18.7, ""抜き"": 7.8, ""恵まれ"": 1.1}","[""0〜600円"", ""600〜740円"", ""740〜890円"", ""890〜1050円"", ""1050〜1220円"", ""1220〜1410円"", ""1410〜1630円"", ""1630〜1890円"", ""1890〜2200円"", ""2200〜2560円"", ""2560〜3020円"", ""3020〜3570円"", ""3570〜4280円"", ""4280〜5210円"", ""5210〜6480円"", ""6480〜8300円"", ""8300〜11200円"", ""11200〜16230円"", ""16230〜28240円"", ""28240円〜""]","[0.9, 1.3, 3.0, 3.3, 4.7, 4.3, 4.7, 4.9, 6.1, 6.0, 5.3, 7.1, 6.6, 6.1, 7.1, 6.9, 5.5, 6.4, 5.6, 4.2]","[-4.1, -3.7, -2.0, -1.7, -0.3, -0.7, -0.3, -0.1, 1.1, 1.0, 0.3, 2.1, 1.6, 1.1, 2.1, 1.9, 0.5, 1.4, 0.6, -0.8]"
20260924,06,3,1,64.6,"[[""1-4-2"", 0.1429], [""1-4-6"", 0.1099], [""1-4-3"", 0.0371], [""1-4-5"", 0.0364]]",4,20.9,"[[""4-1-2"", 0.083], [""4-1-6"", 0.0639], [""4-1-3"", 0.0216], [""4-1-5"", 0.0212]]","[[""1-2-4"", 0.0638], [""1-6-4"", 0.0451], [""2-1-4"", 0.0293], [""4-2-1"", 0.0197]]",1-4,0.5779,True,False,0.7852,中,"{""逃げ"": 50.7, ""まくり差し"": 15.3, ""まくり"": 14.5, ""差し"": 11.5, ""抜き"": 6.6, ""恵まれ"": 1.5}","[""0〜600円"", ""600〜740円"", ""740〜890円"", ""890〜1050円"", ""1050〜1220円"", ""1220〜1410円"", ""1410〜1630円"", ""1630〜1890円"", ""1890〜2200円"", ""2200〜2560円"", ""2560〜3020円"", ""3020〜3570円"", ""3570〜4280円"", ""4280〜5210円"", ""5210〜6480円"", ""6480〜8300円"", ""8300〜11200円"", ""11200〜16230円"", ""16230〜28240円"", ""28240円〜""]","[4.3, 4.7, 5.0, 4.4, 5.7, 5.9, 5.1, 5.3, 5.3, 4.7, 4.6, 4.4, 5.3, 4.9, 4.3, 5.4, 4.8, 5.7, 5.0, 5.3]","[-0.7, -0.3, -0.0, -0.6, 0.7, 0.9, 0.1, 0.3, 0.3, -0.3, -0.4, -0.6, 0.3, -0.1, -0.7, 0.4, -0.2, 0.7, -0.0, 0.3]"
20260924,06,4,1,47.1,"[[""1-3-4"", 0.0835], [""1-4-3"", 0.0801], [""1-3-2"", 0.0601], [""1-4-2"", 0.0526], [""1-2-3"", 0.0484], [""1-3-5"", 0.0447], [""1-2-4"", 0.0442], [""1-4-5"", 0.0391], [""1-5-3"", 0.0342]]",3,38.4,"[[""3-1-4"", 0.0276], [""3-1-2"", 0.0199], [""3-1-5"", 0.0148]]","[[""4-1-3"", 0.0262], [""1-5-4"", 0.0312], [""1-3-6"", 0.0224], [""1-4-6"", 0.0196]]",,,False,False,0.7852,強,"{""逃げ"": 64.3, ""まくり差し"": 12.6, ""まくり"": 9.0, ""差し"": 6.9, ""抜き"": 6.0, ""恵まれ"": 1.2}","[""0〜600円"", ""600〜740円"", ""740〜890円"", ""890〜1050円"", ""1050〜1220円"", ""1220〜1410円"", ""1410〜1630円"", ""1630〜1890円"", ""1890〜2200円"", ""2200〜2560円"", ""2560〜3020円"", ""3020〜3570円"", ""3570〜4280円"", ""4280〜5210円"", ""5210〜6480円"", ""6480〜8300円"", ""8300〜11200円"", ""11200〜16230円"", ""16230〜28240円"", ""28240円〜""]","[7.5, 6.7, 6.4, 6.3, 6.0, 5.3, 4.4, 5.3, 4.2, 5.3, 4.6, 4.0, 4.1, 4.0, 4.5, 3.4, 3.9, 4.0, 4.3, 6.0]","[2.5, 1.7, 1.4, 1.3, 1.0, 0.3, -0.6, 0.3, -0.8, 0.3, -0.4, -1.0, -0.9, -1.0, -0.5, -1.6, -1.1, -1.0, -0.7, 1.0]"
20260924,06,5,1,49.5,"[[""1-5-4"", 0.0639], [""1-4-5"", 0.053], [""1-5-2"", 0.0565], [""1-4-2"", 0.0323], [""1-5-3"", 0.0242], [""1-5-6"", 0.0193], [""1-4-3"", 0.0138], [""1-4-6"", 0.011]]",5,28.6,"[[""5-1-4"", 0.0439], [""5-1-2"", 0.0389], [""5-1-3"", 0.0166], [""5-1-6"", 0.0133]]","[[""4-1-5"", 0.0336], [""1-2-5"", 0.0422], [""1-2-4"", 0.029], [""5-4-1"", 0.0225]]",,,False,False,0.7852,弱,"{""逃げ"": 34.1, ""差し"": 18.5, ""まくり"": 19.8, ""まくり差し"": 18.7, ""抜き"": 7.8, ""恵まれ"": 1.1}","[""0〜600円"", ""600〜740円"", ""740〜890円"", ""890〜1050円"", ""1050〜1220円"", ""1220〜1410円"", ""1410〜1630円"", ""1630〜1890円"", ""1890〜2200円"", ""2200〜2560円"", ""2560〜3020円"", ""3020〜3570円"", ""3570〜4280円"", ""4280〜5210円"", ""5210〜6480円"", ""6480〜8300円"", ""8300〜11200円"", ""11200〜16230円"", ""16230〜28240円"", ""28240円〜""]","[0.9, 1.3, 3.0, 3.3, 4.7, 4.3, 4.7, 4.9, 6.1, 6.0, 5.3, 7.1, 6.6, 6.1, 7.1, 6.9, 5.5, 6.4, 5.6, 4.2]","[-4.1, -3.7, -2.0, -1.7, -0.3, -0.7, -0.3, -0.1, 1.1, 1.0, 0.3, 2.1, 1.6, 1.1, 2.1, 1.9, 0.5, 1.4, 0.6, -0.8]"
20260924,06,6,1,68.1,"[[""1-3-2"", 0.0613], [""1-2-3"", 0.0565], [""1-3-5"", 0.0237], [""1-2-5"", 0.0191], [""1-3-6"", 0.0173], [""1-2-6"", 0.0139], [""1-3-4"", 0.0126], [""1-2-4"", 0.0102]]",3,27.6,"[[""3-1-2"", 0.0571], [""3-1-5"", 0.0221], [""3-1-6"", 0.0161], [""3-1-4"", 0.0118]]","[[""2-1-3"", 0.0503], [""3-2-1"", 0.0474], [""2-3-1"", 0.0452], [""2-1-5"", 0.017]]",,,False,True,0.8201,弱,"{""逃げ"": 34.1, ""差し"": 18.5, ""まくり"": 19.8, ""まくり差し"": 18.7, ""抜き"": 7.8, ""恵まれ"": 1.1}","[""0〜600円"", ""600〜740円"", ""740〜890円"", ""890〜1050円"", ""1050〜1220円"", ""1220〜1410円"", ""1410〜1630円"", ""1630〜1890円"", ""1890〜2200円"", ""2200〜2560円"", ""2560〜3020円"", ""3020〜3570円"", ""3570〜4280円"", ""4280〜5210円"", ""5210〜6480円"", ""6480〜8300円"", ""8300〜11200円"", ""11200〜16230円"", ""16230〜28240円"", ""28240円〜""]","[0.9, 1.3, 3.0, 3.3, 4.7, 4.3, 4.7, 4.9, 6.1, 6.0, 5.3, 7.1, 6.6, 6.1, 7.1, 6.9, 5.5, 6.4, 5.6, 4.2]","[-4.1, -3.7, -2.0, -1.7, -0.3, -0.7, -0.3, -0.1, 1.1, 1.0, 0.3, 2.1, 1.6, 1.1, 2.1, 1.9, 0.5, 1.4, 0.6, -0.8]"
20260924,06,7,1,62.9,"[[""1-4-2"", 0.0693], [""1-4-5"", 0.0834], [""1-4-6"", 0.0633], [""1-4-3"", 0.0225]]",4,29.9,"[[""4-1-2"", 0.0334], [""4-1-5"", 0.0401], [""4-1-6"", 0.0304], [""4-1-3"", 0.0108]]","[[""1-2-4"", 0.0493], [""1-5-4"", 0.0585], [""1-6-4"", 0.0421], [""2-1-4"", 0.0213]]",1-4,0.3814,False,False,0.7852,強,"{""逃げ"": 64.3, ""まくり差し"": 12.6, ""まくり"": 9.0, ""差し"": 6.9, ""抜き"": 6.0, ""恵まれ"": 1.2}","[""0〜600円"", ""600〜740円"", ""740〜890円"", ""890〜1050円"", ""1050〜1220円"", ""1220〜1410円"", ""1410〜1630円"", ""1630〜1890円"", ""1890〜2200円"", ""2200〜2560円"", ""2560〜3020円"", ""3020〜3570円"", ""3570〜4280円"", ""4280〜5210円"", ""5210〜6480円"", ""6480〜8300円"", ""8300〜11200円"", ""11200〜16230円"", ""16230〜28240円"", ""28240円〜""]","[7.5, 6.7, 6.4, 6.3, 6.0, 5.3, 4.4, 5.3, 4.2, 5.3, 4.6, 4.0, 4.1, 4.0, 4.5, 3.4, 3.9, 4.0, 4.3, 6.0]","[2.5, 1.7, 1.4, 1.3, 1.0, 0.3, -0.6, 0.3, -0.8, 0.3, -0.4, -1.0, -0.9, -1.0, -0.5, -1.6, -1.1, -1.0, -0.7, 1.0]"
20260924,06,8,1,43.8,"[[""1-4-2"", 0.1021], [""1-2-4"", 0.1013], [""1-4-3"", 0.0741], [""1-2-3"", 0.0723], [""1-4-6"", 0.0389], [""1-2-6"", 0.038], [""1-4-5"", 0.0125], [""1-2-5"", 0.0122]]",2,46.8,"[[""2-1-4"", 0.0283], [""2-1-3"", 0.0202], [""2-1-6"", 0.0106]]","[[""1-3-4"", 0.0612], [""1-3-2"", 0.0602], [""4-1-2"", 0.0286], [""1-6-4"", 0.0288]]",,,False,True,0.8201,強,"{""逃げ"": 64.3, ""まくり差し"": 12.6, ""まくり"": 9.0, ""差し"": 6.9, ""抜き"": 6.0, ""恵まれ"": 1.2}","[""0〜600円"", ""600〜740円"", ""740〜890円"", ""890〜1050円"", ""1050〜1220円"", ""1220〜1410円"", ""1410〜1630円"", ""1630〜1890円"", ""1890〜2200円"", ""2200〜2560円"", ""2560〜3020円"", ""3020〜3570円"", ""3570〜4280円"", ""4280〜5210円"", ""5210〜6480円"", ""6480〜8300円"", ""8300〜11200円"", ""11200〜16230円"", ""16230〜28240円"", ""28240円〜""]","[7.5, 6.7, 6.4, 6.3, 6.0, 5.3, 4.4, 5.3, 4.2, 5.3, 4.6, 4.0, 4.1, 4.0, 4.5, 3.4, 3.9, 4.0, 4.3, 6.0]","[2.5, 1.7, 1.4, 1.3, 1.0, 0.3, -0.6, 0.3, -0.8, 0.3, -0.4, -1.0, -0.9, -1.0, -0.5, -1.6, -1.1, -1.0, -0.7, 1.0]"
20260924,06,9,1,54.8,"[[""1-3-2"", 0.0563], [""1-2-3"", 0.0552], [""1-3-4"", 0.0554], [""1-2-4"", 0.0516], [""1-4-3"", 0.0508], [""1-4-2"", 0.0482], [""1-3-6"", 0.0371], [""1-2-6"", 0.0345], [""1-6-3"", 0.0312]]",2,29.2,"[[""2-1-3"", 0.0208], [""2-1-4"", 0.0195], [""2-1-6"", 0.013]]","[[""1-6-2"", 0.0296], [""3-1-2"", 0.0214], [""1-4-6"", 0.026], [""1-6-4"", 0.0239]]",,,False,True,0.8201,強,"{""逃げ"": 64.3, ""まくり差し"": 12.6, ""まくり"": 9.0, ""差し"": 6.9, ""抜き"": 6.0, ""恵まれ"": 1.2}","[""0〜600円"", ""600〜740円"", ""740〜890円"", ""890〜1050円"", ""1050〜1220円"", ""1220〜1410円"", ""1410〜1630円"", ""1630〜1890円"", ""1890〜2200円"", ""2200〜2560円"", ""2560〜3020円"", ""3020〜3570円"", ""3570〜4280円"", ""4280〜5210円"", ""5210〜6480円"", ""6480〜8300円"", ""8300〜11200円"", ""11200〜16230円"", ""16230〜28240円"", ""28240円〜""]","[7.5, 6.7, 6.4, 6.3, 6.0, 5.3, 4.4, 5.3, 4.2, 5.3, 4.6, 4.0, 4.1, 4.0, 4.5, 3.4, 3.9, 4.0, 4.3, 6.0]","[2.5, 1.7, 1.4, 1.3, 1.0, 0.3, -0.6, 0.3, -0.8, 0.3, -0.4, -1.0, -0.9, -1.0, -0.5, -1.6, -1.1, -1.0, -0.7, 1.0]"
20260924,06,10,1,61.2,"[[""1-2-4"", 0.0871], [""1-4-2"", 0.072], [""1-2-3"", 0.0782], [""1-3-2"", 0.0585], [""1-2-5"", 0.0507], [""1-4-3"", 0.0432], [""1-3-4"", 0.0391], [""1-5-2"", 0.0352], [""1-4-5"", 0.028]]",2,30.3,"[[""2-1-4"", 0.0323], [""2-1-3"", 0.029], [""2-1-5"", 0.0188]]","[[""4-1-2"", 0.0255], [""1-5-4"", 0.0235], [""1-2-6"", 0.0222], [""3-1-2"", 0.0202]]",,,False,False,0.7852,強,"{""逃げ"": 64.3, ""まくり差し"": 12.6, ""まくり"": 9.0, ""差し"": 6.9, ""抜き"": 6.0, ""恵まれ"": 1.2}","[""0〜600円"", ""600〜740円"", ""740〜890円"", ""890〜1050円"", ""1050〜1220円"", ""1220〜1410円"", ""1410〜1630円"", ""1630〜1890円"", ""1890〜2200円"", ""2200〜2560円"", ""2560〜3020円"", ""3020〜3570円"", ""3570〜4280円"", ""4280〜5210円"", ""5210〜6480円"", ""6480〜8300円"", ""8300〜11200円"", ""11200〜16230円"", ""16230〜28240円"", ""28240円〜""]","[7.5, 6.7, 6.4, 6.3, 6.0, 5.3, 4.4, 5.3, 4.2, 5.3, 4.6, 4.0, 4.1, 4.0, 4.5, 3.4, 3.9, 4.0, 4.3, 6.0]","[2.5, 1.7, 1.4, 1.3, 1.0, 0.3, -0.6, 0.3, -0.8, 0.3, -0.4, -1.0, -0.9, -1.0, -0.5, -1.6, -1.1, -1.0, -0.7, 1.0]"
20260924,06,11,1,54.4,"[[""1-2-4"", 0.0705], [""1-2-5"", 0.0838], [""1-4-2"", 0.0531], [""1-5-2"", 0.0621], [""1-2-3"", 0.0568], [""1-2-6"", 0.0556], [""1-3-2"", 0.0393], [""1-6-2"", 0.0384], [""1-4-5"", 0.0308]]",2,29.9,"[[""2-1-4"", 0.0212], [""2-1-5"", 0.0252], [""2-1-3"", 0.0171], [""2-1-6"", 0.0167]]","[[""1-5-4"", 0.0304], [""1-4-3"", 0.0209], [""1-4-6"", 0.0205], [""1-3-4"", 0.0192]]",,,False,False,0.7852,強,"{""逃げ"": 64.3, ""まくり差し"": 12.6, ""まくり"": 9.0, ""差し"": 6.9, ""抜き"": 6.0, ""恵まれ"": 1.2}","[""0〜600円"", ""600〜740円"", ""740〜890円"", ""890〜1050円"", ""1050〜1220円"", ""1220〜1410円"", ""1410〜1630円"", ""1630〜1890円"", ""1890〜2200円"", ""2200〜2560円"", ""2560〜3020円"", ""3020〜3570円"", ""3570〜4280円"", ""4280〜5210円"", ""5210〜6480円"", ""6480〜8300円"", ""8300〜11200円"", ""11200〜16230円"", ""16230〜28240円"", ""28240円〜""]","[7.5, 6.7, 6.4, 6.3, 6.0, 5.3, 4.4, 5.3, 4.2, 5.3, 4.6, 4.0, 4.1, 4.0, 4.5, 3.4, 3.9, 4.0, 4.3, 6.0]","[2.5, 1.7, 1.4, 1.3, 1.0, 0.3, -0.6, 0.3, -0.8, 0.3, -0.4, -1.0, -0.9, -1.0, -0.5, -1.6, -1.1, -1.0, -0.7, 1.0]"
20260924,06,12,1,54.0,"[[""1-2-4"", 0.0788], [""1-2-5"", 0.0784], [""1-4-2"", 0.061], [""1-2-3"", 0.0681], [""1-5-2"", 0.0574], [""1-2-6"", 0.0488], [""1-3-2"", 0.0487], [""1-6-2"", 0.0333], [""1-4-5"", 0.0327]]",2,30.5,"[[""2-1-4"", 0.0204], [""2-1-5"", 0.0203], [""2-1-3"", 0.0176], [""2-1-6"", 0.0126]]","[[""1-5-4"", 0.0309], [""1-4-3"", 0.0284], [""1-3-4"", 0.0262], [""1-5-3"", 0.021]]",,,False,False,0.7852,強,"{""逃げ"": 64.3, ""まくり差し"": 12.6, ""まくり"": 9.0, ""差し"": 6.9, ""抜き"": 6.0, ""恵まれ"": 1.2}","[""0〜600円"", ""600〜740円"", ""740〜890円"", ""890〜1050円"", ""1050〜1220円"", ""1220〜1410円"", ""1410〜1630円"", ""1630〜1890円"", ""1890〜2200円"", ""2200〜2560円"", ""2560〜3020円"", ""3020〜3570円"", ""3570〜4280円"", ""4280〜5210円"", ""5210〜6480円"", ""6480〜8300円"", ""8300〜11200円"", ""11200〜16230円"", ""16230〜28240円"", ""28240円〜""]","[7.5, 6.7, 6.4, 6.3, 6.0, 5.3, 4.4, 5.3, 4.2, 5.3, 4.6, 4.0, 4.1, 4.0, 4.5, 3.4, 3.9, 4.0, 4.3, 6.0]","[2.5, 1.7, 1.4, 1.3, 1.0, 0.3, -0.6, 0.3, -0.8, 0.3, -0.4, -1.0, -0.9, -1.0, -0.5, -1.6, -1.1, -1.0, -0.7, 1.0]"
20260924,08,1,1,37.5,"[[""1-3-2"", 0.1141], [""1-2-3"", 0.102], [""1-3-5"", 0.105], [""1-2-5"", 0.0746], [""1-3-6"", 0.0419], [""1-2-6"", 0.0298], [""1-3-4"", 0.0156], [""1-2-4"", 0.0111]]",3,22.9,"[[""3-1-2"", 0.0218], [""3-1-5"", 0.02]]","[[""1-5-3"", 0.0852], [""1-5-2"", 0.0678], [""1-6-3"", 0.0291], [""2-1-3"", 0.0192]]",,,False,True,0.8201,強,"{""逃げ"": 69.9, ""まくり"": 10.3, ""まくり差し"": 8.5, ""差し"": 5.5, ""抜き"": 4.9, ""恵まれ"": 1.0}","[""0〜600円"", ""600〜740円"", ""740〜890円"", ""890〜1050円"", ""1050〜1220円"", ""1220〜1410円"", ""1410〜1630円"", ""1630〜1890円"", ""1890〜2200円"", ""2200〜2560円"", ""2560〜3020円"", ""3020〜3570円"", ""3570〜4280円"", ""4280〜5210円"", ""5210〜6480円"", ""6480〜8300円"", ""8300〜11200円"", ""11200〜16230円"", ""16230〜28240円"", ""28240円〜""]","[8.5, 8.2, 6.9, 6.8, 6.4, 5.8, 5.2, 5.5, 4.0, 4.9, 4.5, 4.2, 3.7, 3.7, 2.8, 3.3, 3.3, 3.9, 3.6, 4.9]","[3.5, 3.2, 1.9, 1.8, 1.4, 0.8, 0.2, 0.5, -1.0, -0.1, -0.5, -0.8, -1.3, -1.3, -2.2, -1.7, -1.7, -1.1, -1.4, -0.1]"
20260924,08,2,2,48.6,"[[""2-3-1"", 0.025], [""2-1-3"", 0.0227], [""2-3-5"", 0.024], [""2-5-3"", 0.0204], [""2-3-6"", 0.0172], [""2-3-4"", 0.017], [""2-1-5"", 0.0169], [""2-5-1"", 0.0159], [""2-6-3"", 0.0138]]",3,33.9,"[[""3-2-1"", 0.0227], [""3-1-2"", 0.0183], [""3-2-5"", 0.0218], [""3-5-2"", 0.0166], [""3-2-6"", 0.0157], [""3-2-4"", 0.0155]]","[[""1-2-3"", 0.0194], [""1-3-2"", 0.0172], [""5-2-3"", 0.0168], [""5-3-2"", 0.0149]]",,,False,True,0.8201,中,"{""逃げ"": 55.5, ""まくり"": 15.3, ""まくり差し"": 12.0, ""差し"": 10.0, ""抜き"": 6.3, ""恵まれ"": 1.0}","[""0〜600円"", ""600〜740円"", ""740〜890円"", ""890〜1050円"", ""1050〜1220円"", ""1220〜1410円"", ""1410〜1630円"", ""1630〜1890円"", ""1890〜2200円"", ""2200〜2560円"", ""2560〜3020円"", ""3020〜3570円"", ""3570〜4280円"", ""4280〜5210円"", ""5210〜6480円"", ""6480〜8300円"", ""8300〜11200円"", ""11200〜16230円"", ""16230〜28240円"", ""28240円〜""]","[4.7, 5.4, 6.1, 5.6, 5.9, 5.2, 4.7, 5.9, 5.0, 5.0, 5.2, 4.9, 5.4, 4.8, 4.1, 4.5, 3.6, 4.5, 4.3, 5.1]","[-0.3, 0.4, 1.1, 0.6, 0.9, 0.2, -0.3, 0.9, 0.0, 0.0, 0.2, -0.1, 0.4, -0.2, -0.9, -0.5, -1.4, -0.5, -0.7, 0.1]"
20260924,08,3,1,60.0,"[[""1-2-5"", 0.0722], [""1-2-4"", 0.0681], [""1-2-3"", 0.0482], [""1-2-6"", 0.0287]]",2,27.1,"[[""2-1-5"", 0.0683], [""2-1-4"", 0.0644], [""2-1-3"", 0.0455], [""2-1-6"", 0.0271]]","[[""1-5-2"", 0.0344], [""2-5-1"", 0.0304], [""1-4-2"", 0.0309], [""5-1-2"", 0.0229]]",1-2,0.4609,False,False,0.7852,弱,"{""逃げ"": 36.3, ""まくり"": 23.4, ""差し"": 17.4, ""まくり差し"": 15.0, ""抜き"": 7.0, ""恵まれ"": 1.0}","[""0〜600円"", ""600〜740円"", ""740〜890円"", ""890〜1050円"", ""1050〜1220円"", ""1220〜1410円"", ""1410〜1630円"", ""1630〜1890円"", ""1890〜2200円"", ""2200〜2560円"", ""2560〜3020円"", ""3020〜3570円"", ""3570〜4280円"", ""4280〜5210円"", ""5210〜6480円"", ""6480〜8300円"", ""8300〜11200円"", ""11200〜16230円"", ""16230〜28240円"", ""28240円〜""]","[1.2, 1.8, 3.3, 3.5, 3.7, 4.4, 5.2, 5.8, 6.4, 6.7, 6.0, 5.5, 6.1, 6.7, 6.3, 6.0, 7.0, 5.8, 4.9, 3.9]","[-3.8, -3.2, -1.7, -1.5, -1.3, -0.6, 0.2, 0.8, 1.4, 1.7, 1.0, 0.5, 1.1, 1.7, 1.3, 1.0, 2.0, 0.8, -0.1, -1.1]"
20260924,08,4,1,47.6,"[[""1-2-5"", 0.0278], [""1-5-2"", 0.0257], [""1-2-6"", 0.026], [""1-6-2"", 0.0221], [""1-5-6"", 0.0199], [""1-2-4"", 0.0189], [""1-6-5"", 0.0183], [""1-4-2"", 0.0151], [""1-5-4"", 0.0145]]",2,30.1,"[[""2-1-5"", 0.025], [""2-5-1"", 0.0202], [""2-1-6"", 0.0235], [""2-6-1"", 0.0175], [""2-1-4"", 0.0171], [""2-4-1"", 0.0121]]","[[""5-1-2"", 0.0221], [""5-2-1"", 0.0192], [""6-1-2"", 0.0179], [""5-1-6"", 0.0171]]",,,False,False,0.7852,弱,"{""逃げ"": 36.3, ""まくり"": 23.4, ""差し"": 17.4, ""まくり差し"": 15.0, ""抜き"": 7.0, ""恵まれ"": 1.0}","[""0〜600円"", ""600〜740円"", ""740〜890円"", ""890〜1050円"", ""1050〜1220円"", ""1220〜1410円"", ""1410〜1630円"", ""1630〜1890円"", ""1890〜2200円"", ""2200〜2560円"", ""2560〜3020円"", ""3020〜3570円"", ""3570〜4280円"", ""4280〜5210円"", ""5210〜6480円"", ""6480〜8300円"", ""8300〜11200円"", ""11200〜16230円"", ""16230〜28240円"", ""28240円〜""]","[1.2, 1.8, 3.3, 3.5, 3.7, 4.4, 5.2, 5.8, 6.4, 6.7, 6.0, 5.5, 6.1, 6.7, 6.3, 6.0, 7.0, 5.8, 4.9, 3.9]","[-3.8, -3.2, -1.7, -1.5, -1.3, -0.6, 0.2, 0.8, 1.4, 1.7, 1.0, 0.5, 1.1, 1.7, 1.3, 1.0, 2.0, 0.8, -0.1, -1.1]"
20260924,08,5,1,54.1,"[[""1-4-3"", 0.0906], [""1-3-4"", 0.0752], [""1-4-6"", 0.0714], [""1-4-2"", 0.056], [""1-6-4"", 0.0526], [""1-4-5"", 0.0466], [""1-2-4"", 0.0397], [""1-3-6"", 0.0391], [""1-6-3"", 0.0348]]",4,20.1,"[[""4-1-3"", 0.023], [""4-1-6"", 0.0181], [""4-1-2"", 0.0142], [""4-1-5"", 0.0118]]","[[""1-5-4"", 0.0323], [""1-3-2"", 0.0307], [""1-2-3"", 0.0262], [""1-3-5"", 0.0255]]",,,False,False,0.7852,強,"{""逃げ"": 69.9, ""まくり"": 10.3, ""まくり差し"": 8.5, ""差し"": 5.5, ""抜き"": 4.9, ""恵まれ"": 1.0}","[""0〜600円"", ""600〜740円"", ""740〜890円"", ""890〜1050円"", ""1050〜1220円"", ""1220〜1410円"", ""1410〜1630円"", ""1630〜1890円"", ""1890〜2200円"", ""2200〜2560円"", ""2560〜3020円"", ""3020〜3570円"", ""3570〜4280円"", ""4280〜5210円"", ""5210〜6480円"", ""6480〜8300円"", ""8300〜11200円"", ""11200〜16230円"", ""16230〜28240円"", ""28240円〜""]","[8.5, 8.2, 6.9, 6.8, 6.4, 5.8, 5.2, 5.5, 4.0, 4.9, 4.5, 4.2, 3.7, 3.7, 2.8, 3.3, 3.3, 3.9, 3.6, 4.9]","[3.5, 3.2, 1.9, 1.8, 1.4, 0.8, 0.2, 0.5, -1.0, -0.1, -0.5, -0.8, -1.3, -1.3, -2.2, -1.7, -1.7, -1.1, -1.4, -0.1]"
20260924,08,6,1,50.2,"[[""1-4-2"", 0.1232], [""1-4-6"", 0.0745], [""1-4-3"", 0.0733], [""1-4-5"", 0.0474]]",4,23.7,"[[""4-1-2"", 0.0201], [""4-1-6"", 0.0122], [""4-1-3"", 0.012]]","[[""1-2-4"", 0.0974], [""1-6-4"", 0.0497], [""1-3-4"", 0.0488], [""1-2-6"", 0.0369]]",1-4,0.4097,False,False,0.7852,強,"{""逃げ"": 69.9, ""まくり"": 10.3, ""まくり差し"": 8.5, ""差し"": 5.5, ""抜き"": 4.9, ""恵まれ"": 1.0}","[""0〜600円"", ""600〜740円"", ""740〜890円"", ""890〜1050円"", ""1050〜1220円"", ""1220〜1410円"", ""1410〜1630円"", ""1630〜1890円"", ""1890〜2200円"", ""2200〜2560円"", ""2560〜3020円"", ""3020〜3570円"", ""3570〜4280円"", ""4280〜5210円"", ""5210〜6480円"", ""6480〜8300円"", ""8300〜11200円"", ""11200〜16230円"", ""16230〜28240円"", ""28240円〜""]","[8.5, 8.2, 6.9, 6.8, 6.4, 5.8, 5.2, 5.5, 4.0, 4.9, 4.5, 4.2, 3.7, 3.7, 2.8, 3.3, 3.3, 3.9, 3.6, 4.9]","[3.5, 3.2, 1.9, 1.8, 1.4, 0.8, 0.2, 0.5, -1.0, -0.1, -0.5, -0.8, -1.3, -1.3, -2.2, -1.7, -1.7, -1.1, -1.4, -0.1]"
20260924,08,7,4,58.4,"[[""4-1-2"", 0.0548], [""4-1-3"", 0.0249], [""4-1-6"", 0.0241]]",2,26.3,"[[""2-4-1"", 0.0458], [""2-1-4"", 0.0451], [""2-4-3"", 0.0175], [""2-4-6"", 0.0169], [""2-1-3"", 0.0168], [""2-1-6"", 0.0162]]","[[""1-4-2"", 0.0542], [""4-2-1"", 0.0493], [""1-2-4"", 0.048], [""1-4-3"", 0.0247]]",,,False,False,0.7852,強,"{""逃げ"": 69.9, ""まくり"": 10.3, ""まくり差し"": 8.5, ""差し"": 5.5, ""抜き"": 4.9, ""恵まれ"": 1.0}","[""0〜600円"", ""600〜740円"", ""740〜890円"", ""890〜1050円"", ""1050〜1220円"", ""1220〜1410円"", ""1410〜1630円"", ""1630〜1890円"", ""1890〜2200円"", ""2200〜2560円"", ""2560〜3020円"", ""3020〜3570円"", ""3570〜4280円"", ""4280〜5210円"", ""5210〜6480円"", ""6480〜8300円"", ""8300〜11200円"", ""11200〜16230円"", ""16230〜28240円"", ""28240円〜""]","[8.5, 8.2, 6.9, 6.8, 6.4, 5.8, 5.2, 5.5, 4.0, 4.9, 4.5, 4.2, 3.7, 3.7, 2.8, 3.3, 3.3, 3.9, 3.6, 4.9]","[3.5, 3.2, 1.9, 1.8, 1.4, 0.8, 0.2, 0.5, -1.0, -0.1, -0.5, -0.8, -1.3, -1.3, -2.2, -1.7, -1.7, -1.1, -1.4, -0.1]"
20260924,08,8,1,51.3,"[[""1-3-6"", 0.0826], [""1-3-4"", 0.0841], [""1-3-2"", 0.0314], [""1-3-5"", 0.0248]]",3,27.4,"[[""3-1-6"", 0.063], [""3-1-4"", 0.0642], [""3-1-2"", 0.0239], [""3-1-5"", 0.0189]]","[[""1-6-3"", 0.0479], [""1-4-3"", 0.0465], [""6-1-3"", 0.0291], [""3-6-1"", 0.0263]]",1-3,0.4328,False,False,0.7852,中,"{""逃げ"": 55.5, ""まくり"": 15.3, ""まくり差し"": 12.0, ""差し"": 10.0, ""抜き"": 6.3, ""恵まれ"": 1.0}","[""0〜600円"", ""600〜740円"", ""740〜890円"", ""890〜1050円"", ""1050〜1220円"", ""1220〜1410円"", ""1410〜1630円"", ""1630〜1890円"", ""1890〜2200円"", ""2200〜2560円"", ""2560〜3020円"", ""3020〜3570円"", ""3570〜4280円"", ""4280〜5210円"", ""5210〜6480円"", ""6480〜8300円"", ""8300〜11200円"", ""11200〜16230円"", ""16230〜28240円"", ""28240円〜""]","[4.7, 5.4, 6.1, 5.6, 5.9, 5.2, 4.7, 5.9, 5.0, 5.0, 5.2, 4.9, 5.4, 4.8, 4.1, 4.5, 3.6, 4.5, 4.3, 5.1]","[-0.3, 0.4, 1.1, 0.6, 0.9, 0.2, -0.3, 0.9, 0.0, 0.0, 0.2, -0.1, 0.4, -0.2, -0.9, -0.5, -1.4, -0.5, -0.7, 0.1]"
20260924,08,9,1,53.6,"[[""1-3-4"", 0.1195], [""1-4-3"", 0.113], [""1-3-2"", 0.0701], [""1-4-2"", 0.0604], [""1-3-5"", 0.0252], [""1-4-5"", 0.0217]]",3,25.9,"[[""3-1-4"", 0.0496], [""3-1-2"", 0.0291], [""3-1-5"", 0.0105]]","[[""4-1-3"", 0.0462], [""1-2-3"", 0.0508], [""1-2-4"", 0.0463], [""4-1-2"", 0.0247]]",,,False,False,0.7852,強,"{""逃げ"": 69.9, ""まくり"": 10.3, ""まくり差し"": 8.5, ""差し"": 5.5, ""抜き"": 4.9, ""恵まれ"": 1.0}","[""0〜600円"", ""600〜740円"", ""740〜890円"", ""890〜1050円"", ""1050〜1220円"", ""1220〜1410円"", ""1410〜1630円"", ""1630〜1890円"", ""1890〜2200円"", ""2200〜2560円"", ""2560〜3020円"", ""3020〜3570円"", ""3570〜4280円"", ""4280〜5210円"", ""5210〜6480円"", ""6480〜8300円"", ""8300〜11200円"", ""11200〜16230円"", ""16230〜28240円"", ""28240円〜""]","[8.5, 8.2, 6.9, 6.8, 6.4, 5.8, 5.2, 5.5, 4.0, 4.9, 4.5, 4.2, 3.7, 3.7, 2.8, 3.3, 3.3, 3.9, 3.6, 4.9]","[3.5, 3.2, 1.9, 1.8, 1.4, 0.8, 0.2, 0.5, -1.0, -0.1, -0.5, -0.8, -1.3, -1.3, -2.2, -1.7, -1.7, -1.1, -1.4, -0.1]"
20260924,08,10,1,48.9,"[[""1-4-2"", 0.0726], [""1-4-5"", 0.0872], [""1-4-3"", 0.0651], [""1-4-6"", 0.0171]]",4,27.9,"[[""4-1-2"", 0.0476], [""4-1-5"", 0.0571], [""4-1-3"", 0.0427], [""4-1-6"", 0.0112]]","[[""1-2-4"", 0.043], [""1-5-4"", 0.0515], [""1-3-4"", 0.0366], [""2-1-4"", 0.0231]]",1-4,0.4271,False,True,0.8201,中,"{""逃げ"": 55.5, ""まくり"": 15.3, ""まくり差し"": 12.0, ""差し"": 10.0, ""抜き"": 6.3, ""恵まれ"": 1.0}","[""0〜600円"", ""600〜740円"", ""740〜890円"", ""890〜1050円"", ""1050〜1220円"", ""1220〜1410円"", ""1410〜1630円"", ""1630〜1890円"", ""1890〜2200円"", ""2200〜2560円"", ""2560〜3020円"", ""3020〜3570円"", ""3570〜4280円"", ""4280〜5210円"", ""5210〜6480円"", ""6480〜8300円"", ""8300〜11200円"", ""11200〜16230円"", ""16230〜28240円"", ""28240円〜""]","[4.7, 5.4, 6.1, 5.6, 5.9, 5.2, 4.7, 5.9, 5.0, 5.0, 5.2, 4.9, 5.4, 4.8, 4.1, 4.5, 3.6, 4.5, 4.3, 5.1]","[-0.3, 0.4, 1.1, 0.6, 0.9, 0.2, -0.3, 0.9, 0.0, 0.0, 0.2, -0.1, 0.4, -0.2, -0.9, -0.5, -1.4, -0.5, -0.7, 0.1]"
20260924,08,11,1,58.4,"[[""1-2-3"", 0.0728], [""1-3-2"", 0.0611], [""1-2-5"", 0.071], [""1-2-6"", 0.062], [""1-5-2"", 0.0563], [""1-6-2"", 0.0478], [""1-3-5"", 0.0387], [""1-5-3"", 0.0365], [""1-3-6"", 0.0338]]",3,50.0,"[[""3-1-2"", 0.0187], [""3-1-5"", 0.0118], [""3-1-6"", 0.0103]]","[[""1-6-3"", 0.031], [""1-2-4"", 0.0299], [""2-1-3"", 0.0231], [""1-5-6"", 0.0255]]",,,False,True,0.8201,強,"{""逃げ"": 69.9, ""まくり"": 10.3, ""まくり差し"": 8.5, ""差し"": 5.5, ""抜き"": 4.9, ""恵まれ"": 1.0}","[""0〜600円"", ""600〜740円"", ""740〜890円"", ""890〜1050円"", ""1050〜1220円"", ""1220〜1410円"", ""1410〜1630円"", ""1630〜1890円"", ""1890〜2200円"", ""2200〜2560円"", ""2560〜3020円"", ""3020〜3570円"", ""3570〜4280円"", ""4280〜5210円"", ""5210〜6480円"", ""6480〜8300円"", ""8300〜11200円"", ""11200〜16230円"", ""16230〜28240円"", ""28240円〜""]","[8.5, 8.2, 6.9, 6.8, 6.4, 5.8, 5.2, 5.5, 4.0, 4.9, 4.5, 4.2, 3.7, 3.7, 2.8, 3.3, 3.3, 3.9, 3.6, 4.9]","[3.5, 3.2, 1.9, 1.8, 1.4, 0.8, 0.2, 0.5, -1.0, -0.1, -0.5, -0.8, -1.3, -1.3, -2.2, -1.7, -1.7, -1.1, -1.4, -0.1]"
20260924,08,12,1,51.4,"[[""1-4-2"", 0.1213], [""1-4-5"", 0.1021], [""1-4-6"", 0.0301], [""1-4-3"", 0.0269]]",4,34.4,"[[""4-1-2"", 0.0372], [""4-1-5"", 0.0313]]","[[""1-2-4"", 0.0961], [""1-5-4"", 0.0714], [""1-2-5"", 0.0528], [""1-5-2"", 0.0466]]",1-4,0.4098,False,False,0.7852,強,"{""逃げ"": 69.9, ""まくり"": 10.3, ""まくり差し"": 8.5, ""差し"": 5.5, ""抜き"": 4.9, ""恵まれ"": 1.0}","[""0〜600円"", ""600〜740円"", ""740〜890円"", ""890〜1050円"", ""1050〜1220円"", ""1220〜1410円"", ""1410〜1630円"", ""1630〜1890円"", ""1890〜2200円"", ""2200〜2560円"", ""2560〜3020円"", ""3020〜3570円"", ""3570〜4280円"", ""4280〜5210円"", ""5210〜6480円"", ""6480〜8300円"", ""8300〜11200円"", ""11200〜16230円"", ""16230〜28240円"", ""28240円〜""]","[8.5, 8.2, 6.9, 6.8, 6.4, 5.8, 5.2, 5.5, 4.0, 4.9, 4.5, 4.2, 3.7, 3.7, 2.8, 3.3, 3.3, 3.9, 3.6, 4.9]","[3.5, 3.2, 1.9, 1.8, 1.4, 0.8, 0.2, 0.5, -1.0, -0.1, -0.5, -0.8, -1.3, -1.3, -2.2, -1.7, -1.7, -1.1, -1.4, -0.1]"
20260924,09,1,1,49.0,"[[""1-3-2"", 0.0955], [""1-2-3"", 0.0911], [""1-3-4"", 0.0857], [""1-2-4"", 0.0736], [""1-4-3"", 0.0731], [""1-3-5"", 0.0702], [""1-4-2"", 0.0657], [""1-2-5"", 0.0602], [""1-5-3"", 0.0572]]",4,51.2,[],"[[""1-5-2"", 0.0514], [""1-4-5"", 0.0379], [""1-5-4"", 0.0362], [""3-1-2"", 0.0112]]",,,False,False,0.7852,強,"{""逃げ"": 69.0, ""まくり差し"": 8.8, ""差し"": 8.1, ""まくり"": 7.6, ""抜き"": 5.6, ""恵まれ"": 0.9}","[""0〜600円"", ""600〜740円"", ""740〜890円"", ""890〜1050円"", ""1050〜1220円"", ""1220〜1410円"", ""1410〜1630円"", ""1630〜1890円"", ""1890〜2200円"", ""2200〜2560円"", ""2560〜3020円"", ""3020〜3570円"", ""3570〜4280円"", ""4280〜5210円"", ""5210〜6480円"", ""6480〜8300円"", ""8300〜11200円"", ""11200〜16230円"", ""16230〜28240円"", ""28240円〜""]","[11.8, 7.5, 7.1, 6.4, 5.5, 5.1, 4.5, 5.5, 3.8, 4.7, 4.4, 4.3, 3.7, 3.6, 3.7, 2.8, 3.1, 3.1, 4.5, 4.9]","[6.8, 2.5, 2.1, 1.4, 0.5, 0.1, -0.5, 0.5, -1.2, -0.3, -0.6, -0.7, -1.3, -1.4, -1.3, -2.2, -1.9, -1.9, -0.5, -0.1]"
20260924,09,2,2,48.2,"[[""2-1-3"", 0.0539], [""2-3-1"", 0.0528], [""2-1-4"", 0.06], [""2-4-1"", 0.0566], [""2-3-4"", 0.056], [""2-4-3"", 0.0539], [""2-1-6"", 0.0202], [""2-3-6"", 0.0188], [""2-4-6"", 0.0165]]",3,39.1,"[[""3-2-1"", 0.0327], [""3-2-4"", 0.0346], [""3-2-6"", 0.0116]]","[[""1-2-3"", 0.0337], [""1-2-4"", 0.0375], [""4-2-1"", 0.0345], [""4-2-3"", 0.0329]]",,,False,True,0.8201,強,"{""逃げ"": 69.0, ""まくり差し"": 8.8, ""差し"": 8.1, ""まくり"": 7.6, ""抜き"": 5.6, ""恵まれ"": 0.9}","[""0〜600円"", ""600〜740円"", ""740〜890円"", ""890〜1050円"", ""1050〜1220円"", ""1220〜1410円"", ""1410〜1630円"", ""1630〜1890円"", ""1890〜2200円"", ""2200〜2560円"", ""2560〜3020円"", ""3020〜3570円"", ""3570〜4280円"", ""4280〜5210円"", ""5210〜6480円"", ""6480〜8300円"", ""8300〜11200円"", ""11200〜16230円"", ""16230〜28240円"", ""28240円〜""]","[11.8, 7.5, 7.1, 6.4, 5.5, 5.1, 4.5, 5.5, 3.8, 4.7, 4.4, 4.3, 3.7, 3.6, 3.7, 2.8, 3.1, 3.1, 4.5, 4.9]","[6.8, 2.5, 2.1, 1.4, 0.5, 0.1, -0.5, 0.5, -1.2, -0.3, -0.6, -0.7, -1.3, -1.4, -1.3, -2.2, -1.9, -1.9, -0.5, -0.1]"
20260924,09,3,3,51.0,"[[""3-1-4"", 0.0582], [""3-1-2"", 0.047], [""3-1-6"", 0.04], [""3-1-5"", 0.0221]]",1,32.6,"[[""1-3-4"", 0.0475], [""1-3-2"", 0.0384], [""1-3-6"", 0.0327], [""1-3-5"", 0.0181]]","[[""3-4-1"", 0.0408], [""4-3-1"", 0.028], [""1-4-3"", 0.0259], [""3-2-1"", 0.0299]]",1-3,0.3329,False,False,0.7852,強,"{""逃げ"": 69.0, ""まくり差し"": 8.8, ""差し"": 8.1, ""まくり"": 7.6, ""抜き"": 5.6, ""恵まれ"": 0.9}","[""0〜600円"", ""600〜740円"", ""740〜890円"", ""890〜1050円"", ""1050〜1220円"", ""1220〜1410円"", ""1410〜1630円"", ""1630〜1890円"", ""1890〜2200円"", ""2200〜2560円"", ""2560〜3020円"", ""3020〜3570円"", ""3570〜4280円"", ""4280〜5210円"", ""5210〜6480円"", ""6480〜8300円"", ""8300〜11200円"", ""11200〜16230円"", ""16230〜28240円"", ""28240円〜""]","[11.8, 7.5, 7.1, 6.4, 5.5, 5.1, 4.5, 5.5, 3.8, 4.7, 4.4, 4.3, 3.7, 3.6, 3.7, 2.8, 3.1, 3.1, 4.5, 4.9]","[6.8, 2.5, 2.1, 1.4, 0.5, 0.1, -0.5, 0.5, -1.2, -0.3, -0.6, -0.7, -1.3, -1.4, -1.3, -2.2, -1.9, -1.9, -0.5, -0.1]"
20260924,09,4,1,55.0,"[[""1-2-3"", 0.1145], [""1-2-6"", 0.0463], [""1-2-4"", 0.0429], [""1-2-5"", 0.0312]]",2,17.1,"[[""2-1-3"", 0.093], [""2-1-6"", 0.0376], [""2-1-4"", 0.0349], [""2-1-5"", 0.0253]]","[[""1-3-2"", 0.062], [""3-1-2"", 0.0391], [""2-3-1"", 0.0388], [""3-2-1"", 0.0301]]",1-2,0.4713,False,True,0.8201,中,"{""逃げ"": 53.7, ""まくり差し"": 14.5, ""差し"": 13.1, ""まくり"": 11.6, ""抜き"": 6.3, ""恵まれ"": 0.8}","[""0〜600円"", ""600〜740円"", ""740〜890円"", ""890〜1050円"", ""1050〜1220円"", ""1220〜1410円"", ""1410〜1630円"", ""1630〜1890円"", ""1890〜2200円"", ""2200〜2560円"", ""2560〜3020円"", ""3020〜3570円"", ""3570〜4280円"", ""4280〜5210円"", ""5210〜6480円"", ""6480〜8300円"", ""8300〜11200円"", ""11200〜16230円"", ""16230〜28240円"", ""28240円〜""]","[5.1, 5.2, 5.2, 5.4, 4.9, 5.0, 4.5, 4.9, 4.9, 5.3, 6.1, 5.6, 4.8, 4.5, 4.3, 4.6, 4.9, 4.5, 4.9, 5.2]","[0.1, 0.2, 0.2, 0.4, -0.1, 0.0, -0.5, -0.1, -0.1, 0.3, 1.1, 0.6, -0.2, -0.5, -0.7, -0.4, -0.1, -0.5, -0.1, 0.2]"
20260924,09,5,1,54.3,"[[""1-2-3"", 0.1518], [""1-2-4"", 0.1385], [""1-2-5"", 0.1154], [""1-2-6"", 0.0114]]",2,29.5,"[[""2-1-3"", 0.0203], [""2-1-4"", 0.0185], [""2-1-5"", 0.0154]]","[[""1-3-2"", 0.092], [""1-4-2"", 0.079], [""1-5-2"", 0.064], [""1-3-4"", 0.0325]]",1-2,0.5106,True,True,0.8201,強,"{""逃げ"": 69.0, ""まくり差し"": 8.8, ""差し"": 8.1, ""まくり"": 7.6, ""抜き"": 5.6, ""恵まれ"": 0.9}","[""0〜600円"", ""600〜740円"", ""740〜890円"", ""890〜1050円"", ""1050〜1220円"", ""1220〜1410円"", ""1410〜1630円"", ""1630〜1890円"", ""1890〜2200円"", ""2200〜2560円"", ""2560〜3020円"", ""3020〜3570円"", ""3570〜4280円"", ""4280〜5210円"", ""5210〜6480円"", ""6480〜8300円"", ""8300〜11200円"", ""11200〜16230円"", ""16230〜28240円"", ""28240円〜""]","[11.8, 7.5, 7.1, 6.4, 5.5, 5.1, 4.5, 5.5, 3.8, 4.7, 4.4, 4.3, 3.7, 3.6, 3.7, 2.8, 3.1, 3.1, 4.5, 4.9]","[6.8, 2.5, 2.1, 1.4, 0.5, 0.1, -0.5, 0.5, -1.2, -0.3, -0.6, -0.7, -1.3, -1.4, -1.3, -2.2, -1.9, -1.9, -0.5, -0.1]"
20260924,09,6,1,20.9,"[[""1-3-5"", 0.0236], [""1-5-3"", 0.0226], [""1-3-6"", 0.0259], [""1-6-3"", 0.0238], [""1-5-6"", 0.0222], [""1-6-5"", 0.0212], [""1-3-2"", 0.0165], [""1-3-4"", 0.0143], [""1-5-2"", 0.0141]]",3,34.5,"[[""3-1-5"", 0.0202], [""3-1-6"", 0.0222], [""3-5-1"", 0.0158], [""3-6-1"", 0.0167], [""3-1-2"", 0.0141], [""3-1-4"", 0.0122]]","[[""5-1-3"", 0.0188], [""5-3-1"", 0.0154], [""6-1-3"", 0.0193], [""5-1-6"", 0.0185]]",,,False,False,0.7852,弱,"{""逃げ"": 34.2, ""差し"": 20.4, ""まくり"": 18.5, ""まくり差し"": 17.2, ""抜き"": 8.4, ""恵まれ"": 1.2}","[""0〜600円"", ""600〜740円"", ""740〜890円"", ""890〜1050円"", ""1050〜1220円"", ""1220〜1410円"", ""1410〜1630円"", ""1630〜1890円"", ""1890〜2200円"", ""2200〜2560円"", ""2560〜3020円"", ""3020〜3570円"", ""3570〜4280円"", ""4280〜5210円"", ""5210〜6480円"", ""6480〜8300円"", ""8300〜11200円"", ""11200〜16230円"", ""16230〜28240円"", ""28240円〜""]","[1.4, 2.0, 2.7, 3.4, 4.4, 4.3, 4.7, 5.2, 5.5, 5.3, 5.4, 7.7, 5.3, 6.6, 5.6, 6.7, 7.3, 6.0, 6.0, 4.5]","[-3.6, -3.0, -2.3, -1.6, -0.6, -0.7, -0.3, 0.2, 0.5, 0.3, 0.4, 2.7, 0.3, 1.6, 0.6, 1.7, 2.3, 1.0, 1.0, -0.5]"
20260924,09,7,1,45.6,"[[""1-2-3"", 0.0543], [""1-3-2"", 0.054], [""1-2-5"", 0.0467], [""1-3-5"", 0.0461], [""1-2-4"", 0.0139], [""1-3-4"", 0.0137]]",3,34.6,"[[""3-1-2"", 0.0429], [""3-1-5"", 0.0365], [""3-1-4"", 0.0109]]","[[""2-1-3"", 0.0432], [""1-5-2"", 0.0404], [""1-5-3"", 0.04], [""2-3-1"", 0.031]]",,,False,True,0.8201,中,"{""逃げ"": 53.7, ""まくり差し"": 14.5, ""差し"": 13.1, ""まくり"": 11.6, ""抜き"": 6.3, ""恵まれ"": 0.8}","[""0〜600円"", ""600〜740円"", ""740〜890円"", ""890〜1050円"", ""1050〜1220円"", ""1220〜1410円"", ""1410〜1630円"", ""1630〜1890円"", ""1890〜2200円"", ""2200〜2560円"", ""2560〜3020円"", ""3020〜3570円"", ""3570〜4280円"", ""4280〜5210円"", ""5210〜6480円"", ""6480〜8300円"", ""8300〜11200円"", ""11200〜16230円"", ""16230〜28240円"", ""28240円〜""]","[5.1, 5.2, 5.2, 5.4, 4.9, 5.0, 4.5, 4.9, 4.9, 5.3, 6.1, 5.6, 4.8, 4.5, 4.3, 4.6, 4.9, 4.5, 4.9, 5.2]","[0.1, 0.2, 0.2, 0.4, -0.1, 0.0, -0.5, -0.1, -0.1, 0.3, 1.1, 0.6, -0.2, -0.5, -0.7, -0.4, -0.1, -0.5, -0.1, 0.2]"
20260924,09,8,1,59.3,"[[""1-6-4"", 0.0635], [""1-4-6"", 0.0623], [""1-6-3"", 0.053], [""1-4-3"", 0.0498], [""1-6-2"", 0.0485], [""1-3-6"", 0.0458], [""1-4-2"", 0.0455], [""1-3-4"", 0.0437], [""1-2-6"", 0.041]]",4,34.2,"[[""4-1-6"", 0.0233], [""4-1-3"", 0.0186], [""4-1-2"", 0.017]]","[[""1-2-4"", 0.0392], [""6-1-4"", 0.0239], [""1-3-2"", 0.0262], [""1-2-3"", 0.0257]]",,,False,False,0.7852,強,"{""逃げ"": 69.0, ""まくり差し"": 8.8, ""差し"": 8.1, ""まくり"": 7.6, ""抜き"": 5.6, ""恵まれ"": 0.9}","[""0〜600円"", ""600〜740円"", ""740〜890円"", ""890〜1050円"", ""1050〜1220円"", ""1220〜1410円"", ""1410〜1630円"", ""1630〜1890円"", ""1890〜2200円"", ""2200〜2560円"", ""2560〜3020円"", ""3020〜3570円"", ""3570〜4280円"", ""4280〜5210円"", ""5210〜6480円"", ""6480〜8300円"", ""8300〜11200円"", ""11200〜16230円"", ""16230〜28240円"", ""28240円〜""]","[11.8, 7.5, 7.1, 6.4, 5.5, 5.1, 4.5, 5.5, 3.8, 4.7, 4.4, 4.3, 3.7, 3.6, 3.7, 2.8, 3.1, 3.1, 4.5, 4.9]","[6.8, 2.5, 2.1, 1.4, 0.5, 0.1, -0.5, 0.5, -1.2, -0.3, -0.6, -0.7, -1.3, -1.4, -1.3, -2.2, -1.9, -1.9, -0.5, -0.1]"
20260924,09,9,1,55.4,"[[""1-3-5"", 0.0852], [""1-3-2"", 0.0874], [""1-3-6"", 0.0683], [""1-3-4"", 0.057]]",3,17.1,"[[""3-1-5"", 0.0481], [""3-1-2"", 0.0493], [""3-1-6"", 0.0385], [""3-1-4"", 0.0321]]","[[""1-5-3"", 0.0438], [""1-2-3"", 0.0435], [""1-6-3"", 0.033], [""1-4-3"", 0.0271]]",1-3,0.5024,False,False,0.7852,中,"{""逃げ"": 53.7, ""まくり差し"": 14.5, ""差し"": 13.1, ""まくり"": 11.6, ""抜き"": 6.3, ""恵まれ"": 0.8}","[""0〜600円"", ""600〜740円"", ""740〜890円"", ""890〜1050円"", ""1050〜1220円"", ""1220〜1410円"", ""1410〜1630円"", ""1630〜1890円"", ""1890〜2200円"", ""2200〜2560円"", ""2560〜3020円"", ""3020〜3570円"", ""3570〜4280円"", ""4280〜5210円"", ""5210〜6480円"", ""6480〜8300円"", ""8300〜11200円"", ""11200〜16230円"", ""16230〜28240円"", ""28240円〜""]","[5.1, 5.2, 5.2, 5.4, 4.9, 5.0, 4.5, 4.9, 4.9, 5.3, 6.1, 5.6, 4.8, 4.5, 4.3, 4.6, 4.9, 4.5, 4.9, 5.2]","[0.1, 0.2, 0.2, 0.4, -0.1, 0.0, -0.5, -0.1, -0.1, 0.3, 1.1, 0.6, -0.2, -0.5, -0.7, -0.4, -0.1, -0.5, -0.1, 0.2]"
20260924,09,10,1,47.3,"[[""1-2-5"", 0.0449], [""1-5-2"", 0.0444], [""1-2-3"", 0.0353], [""1-5-3"", 0.034], [""1-2-4"", 0.0315], [""1-5-4"", 0.0304], [""1-3-2"", 0.0298], [""1-3-5"", 0.029], [""1-4-2"", 0.026]]",2,24.8,"[[""2-1-5"", 0.0336], [""2-1-3"", 0.0264], [""2-1-4"", 0.0236]]","[[""5-1-2"", 0.033], [""2-5-1"", 0.0223], [""5-2-1"", 0.0221], [""1-4-5"", 0.0253]]",,,False,False,0.7852,中,"{""逃げ"": 53.7, ""まくり差し"": 14.5, ""差し"": 13.1, ""まくり"": 11.6, ""抜き"": 6.3, ""恵まれ"": 0.8}","[""0〜600円"", ""600〜740円"", ""740〜890円"", ""890〜1050円"", ""1050〜1220円"", ""1220〜1410円"", ""1410〜1630円"", ""1630〜1890円"", ""1890〜2200円"", ""2200〜2560円"", ""2560〜3020円"", ""3020〜3570円"", ""3570〜4280円"", ""4280〜5210円"", ""5210〜6480円"", ""6480〜8300円"", ""8300〜11200円"", ""11200〜16230円"", ""16230〜28240円"", ""28240円〜""]","[5.1, 5.2, 5.2, 5.4, 4.9, 5.0, 4.5, 4.9, 4.9, 5.3, 6.1, 5.6, 4.8, 4.5, 4.3, 4.6, 4.9, 4.5, 4.9, 5.2]","[0.1, 0.2, 0.2, 0.4, -0.1, 0.0, -0.5, -0.1, -0.1, 0.3, 1.1, 0.6, -0.2, -0.5, -0.7, -0.4, -0.1, -0.5, -0.1, 0.2]"
20260924,09,11,1,53.9,"[[""1-3-2"", 0.1308], [""1-3-4"", 0.0596], [""1-3-6"", 0.0413], [""1-3-5"", 0.0311]]",3,31.4,"[[""3-1-2"", 0.0461], [""3-1-4"", 0.021], [""3-1-6"", 0.0146], [""3-1-5"", 0.011]]","[[""1-2-3"", 0.111], [""2-1-3"", 0.0377], [""1-4-3"", 0.0392], [""1-2-4"", 0.0381]]",1-3,0.3942,False,True,0.8201,強,"{""逃げ"": 69.0, ""まくり差し"": 8.8, ""差し"": 8.1, ""まくり"": 7.6, ""抜き"": 5.6, ""恵まれ"": 0.9}","[""0〜600円"", ""600〜740円"", ""740〜890円"", ""890〜1050円"", ""1050〜1220円"", ""1220〜1410円"", ""1410〜1630円"", ""1630〜1890円"", ""1890〜2200円"", ""2200〜2560円"", ""2560〜3020円"", ""3020〜3570円"", ""3570〜4280円"", ""4280〜5210円"", ""5210〜6480円"", ""6480〜8300円"", ""8300〜11200円"", ""11200〜16230円"", ""16230〜28240円"", ""28240円〜""]","[11.8, 7.5, 7.1, 6.4, 5.5, 5.1, 4.5, 5.5, 3.8, 4.7, 4.4, 4.3, 3.7, 3.6, 3.7, 2.8, 3.1, 3.1, 4.5, 4.9]","[6.8, 2.5, 2.1, 1.4, 0.5, 0.1, -0.5, 0.5, -1.2, -0.3, -0.6, -0.7, -1.3, -1.4, -1.3, -2.2, -1.9, -1.9, -0.5, -0.1]"
20260924,09,12,1,53.2,"[[""1-4-2"", 0.0918], [""1-2-4"", 0.0846], [""1-4-3"", 0.0971], [""1-3-4"", 0.0838], [""1-2-3"", 0.0748], [""1-3-2"", 0.0701], [""1-4-5"", 0.0426], [""1-2-5"", 0.0328], [""1-5-4"", 0.0313]]",4,42.0,"[[""4-1-2"", 0.0207], [""4-1-3"", 0.0219]]","[[""1-5-2"", 0.0262], [""1-3-5"", 0.0255], [""2-1-4"", 0.0188], [""1-5-3"", 0.0218]]",,,False,False,0.7852,強,"{""逃げ"": 69.0, ""まくり差し"": 8.8, ""差し"": 8.1, ""まくり"": 7.6, ""抜き"": 5.6, ""恵まれ"": 0.9}","[""0〜600円"", ""600〜740円"", ""740〜890円"", ""890〜1050円"", ""1050〜1220円"", ""1220〜1410円"", ""1410〜1630円"", ""1630〜1890円"", ""1890〜2200円"", ""2200〜2560円"", ""2560〜3020円"", ""3020〜3570円"", ""3570〜4280円"", ""4280〜5210円"", ""5210〜6480円"", ""6480〜8300円"", ""8300〜11200円"", ""11200〜16230円"", ""16230〜28240円"", ""28240円〜""]","[11.8, 7.5, 7.1, 6.4, 5.5, 5.1, 4.5, 5.5, 3.8, 4.7, 4.4, 4.3, 3.7, 3.6, 3.7, 2.8, 3.1, 3.1, 4.5, 4.9]","[6.8, 2.5, 2.1, 1.4, 0.5, 0.1, -0.5, 0.5, -1.2, -0.3, -0.6, -0.7, -1.3, -1.4, -1.3, -2.2, -1.9, -1.9, -0.5, -0.1]"
20260924,10,1,1,52.0,"[[""1-2-5"", 0.1016], [""1-2-3"", 0.1226], [""1-5-2"", 0.0827], [""1-3-2"", 0.0982], [""1-2-4"", 0.0708], [""1-5-3"", 0.063], [""1-3-5"", 0.062], [""1-4-2"", 0.0503], [""1-5-4"", 0.0364]]",3,51.0,"[[""3-1-2"", 0.0141]]","[[""1-3-4"", 0.0339], [""1-4-5"", 0.0318], [""1-4-3"", 0.0301], [""2-1-5"", 0.0149]]",,,False,False,0.7852,強,"{""逃げ"": 63.2, ""差し"": 12.3, ""まくり差し"": 9.3, ""まくり"": 9.1, ""抜き"": 5.5, ""恵まれ"": 0.7}","[""0〜600円"", ""600〜740円"", ""740〜890円"", ""890〜1050円"", ""1050〜1220円"", ""1220〜1410円"", ""1410〜1630円"", ""1630〜1890円"", ""1890〜2200円"", ""2200〜2560円"", ""2560〜3020円"", ""3020〜3570円"", ""3570〜4280円"", ""4280〜5210円"", ""5210〜6480円"", ""6480〜8300円"", ""8300〜11200円"", ""11200〜16230円"", ""16230〜28240円"", ""28240円〜""]","[9.0, 7.0, 7.0, 6.2, 5.1, 4.7, 5.4, 4.4, 4.5, 4.1, 4.3, 3.8, 3.6, 4.2, 3.6, 3.6, 3.9, 4.7, 5.4, 5.5]","[4.0, 2.0, 2.0, 1.2, 0.1, -0.3, 0.4, -0.6, -0.5, -0.9, -0.7, -1.2, -1.4, -0.8, -1.4, -1.4, -1.1, -0.3, 0.4, 0.5]"
20260924,10,2,1,57.1,"[[""1-2-3"", 0.1635], [""1-2-5"", 0.0722], [""1-2-6"", 0.0627], [""1-2-4"", 0.0126]]",2,26.2,"[[""2-1-3"", 0.0565], [""2-1-5"", 0.025], [""2-1-6"", 0.0217]]","[[""1-3-2"", 0.1172], [""3-1-2"", 0.0379], [""1-5-2"", 0.041], [""1-6-2"", 0.0351]]",1-2,0.4668,False,True,0.8201,強,"{""逃げ"": 63.2, ""差し"": 12.3, ""まくり差し"": 9.3, ""まくり"": 9.1, ""抜き"": 5.5, ""恵まれ"": 0.7}","[""0〜600円"", ""600〜740円"", ""740〜890円"", ""890〜1050円"", ""1050〜1220円"", ""1220〜1410円"", ""1410〜1630円"", ""1630〜1890円"", ""1890〜2200円"", ""2200〜2560円"", ""2560〜3020円"", ""3020〜3570円"", ""3570〜4280円"", ""4280〜5210円"", ""5210〜6480円"", ""6480〜8300円"", ""8300〜11200円"", ""11200〜16230円"", ""16230〜28240円"", ""28240円〜""]","[9.0, 7.0, 7.0, 6.2, 5.1, 4.7, 5.4, 4.4, 4.5, 4.1, 4.3, 3.8, 3.6, 4.2, 3.6, 3.6, 3.9, 4.7, 5.4, 5.5]","[4.0, 2.0, 2.0, 1.2, 0.1, -0.3, 0.4, -0.6, -0.5, -0.9, -0.7, -1.2, -1.4, -0.8, -1.4, -1.4, -1.1, -0.3, 0.4, 0.5]"
20260924,10,3,1,53.4,"[[""1-3-2"", 0.0949], [""1-2-3"", 0.092], [""1-3-4"", 0.0657], [""1-2-4"", 0.0598], [""1-3-5"", 0.0485], [""1-2-5"", 0.0441]]",3,39.5,"[[""3-1-2"", 0.0325], [""3-1-4"", 0.0225], [""3-1-5"", 0.0166]]","[[""1-4-3"", 0.0529], [""1-4-2"", 0.0496], [""2-1-3"", 0.0312], [""1-5-3"", 0.0369]]",,,False,True,0.8201,強,"{""逃げ"": 63.2, ""差し"": 12.3, ""まくり差し"": 9.3, ""まくり"": 9.1, ""抜き"": 5.5, ""恵まれ"": 0.7}","[""0〜600円"", ""600〜740円"", ""740〜890円"", ""890〜1050円"", ""1050〜1220円"", ""1220〜1410円"", ""1410〜1630円"", ""1630〜1890円"", ""1890〜2200円"", ""2200〜2560円"", ""2560〜3020円"", ""3020〜3570円"", ""3570〜4280円"", ""4280〜5210円"", ""5210〜6480円"", ""6480〜8300円"", ""8300〜11200円"", ""11200〜16230円"", ""16230〜28240円"", ""28240円〜""]","[9.0, 7.0, 7.0, 6.2, 5.1, 4.7, 5.4, 4.4, 4.5, 4.1, 4.3, 3.8, 3.6, 4.2, 3.6, 3.6, 3.9, 4.7, 5.4, 5.5]","[4.0, 2.0, 2.0, 1.2, 0.1, -0.3, 0.4, -0.6, -0.5, -0.9, -0.7, -1.2, -1.4, -0.8, -1.4, -1.4, -1.1, -0.3, 0.4, 0.5]"
20260924,10,4,1,56.0,"[[""1-3-5"", 0.0744], [""1-3-4"", 0.0944], [""1-5-3"", 0.0583], [""1-4-3"", 0.074], [""1-3-2"", 0.053], [""1-3-6"", 0.0469], [""1-5-4"", 0.0403], [""1-4-5"", 0.0402], [""1-2-3"", 0.0373]]",3,20.3,"[[""3-1-5"", 0.0188], [""3-1-4"", 0.0239], [""3-1-2"", 0.0134], [""3-1-6"", 0.0119]]","[[""1-6-3"", 0.0326], [""1-5-2"", 0.0226], [""1-4-2"", 0.0225], [""1-2-5"", 0.0203]]",,,False,False,0.7852,強,"{""逃げ"": 63.2, ""差し"": 12.3, ""まくり差し"": 9.3, ""まくり"": 9.1, ""抜き"": 5.5, ""恵まれ"": 0.7}","[""0〜600円"", ""600〜740円"", ""740〜890円"", ""890〜1050円"", ""1050〜1220円"", ""1220〜1410円"", ""1410〜1630円"", ""1630〜1890円"", ""1890〜2200円"", ""2200〜2560円"", ""2560〜3020円"", ""3020〜3570円"", ""3570〜4280円"", ""4280〜5210円"", ""5210〜6480円"", ""6480〜8300円"", ""8300〜11200円"", ""11200〜16230円"", ""16230〜28240円"", ""28240円〜""]","[9.0, 7.0, 7.0, 6.2, 5.1, 4.7, 5.4, 4.4, 4.5, 4.1, 4.3, 3.8, 3.6, 4.2, 3.6, 3.6, 3.9, 4.7, 5.4, 5.5]","[4.0, 2.0, 2.0, 1.2, 0.1, -0.3, 0.4, -0.6, -0.5, -0.9, -0.7, -1.2, -1.4, -0.8, -1.4, -1.4, -1.1, -0.3, 0.4, 0.5]"
20260924,10,5,1,55.6,"[[""1-6-2"", 0.0547], [""1-2-6"", 0.0525], [""1-6-3"", 0.0252], [""1-6-5"", 0.0226], [""1-6-4"", 0.0224], [""1-2-3"", 0.0222], [""1-2-5"", 0.02], [""1-2-4"", 0.0198]]",2,23.6,"[[""2-1-6"", 0.0392], [""2-1-3"", 0.0166], [""2-1-5"", 0.0149], [""2-1-4"", 0.0148]]","[[""6-1-2"", 0.0417], [""6-2-1"", 0.0274], [""2-6-1"", 0.0268], [""6-1-3"", 0.0192]]",,,False,False,0.7852,弱,"{""逃げ"": 31.9, ""まくり"": 21.4, ""差し"": 22.0, ""まくり差し"": 15.6, ""抜き"": 8.1, ""恵まれ"": 1.0}","[""0〜600円"", ""600〜740円"", ""740〜890円"", ""890〜1050円"", ""1050〜1220円"", ""1220〜1410円"", ""1410〜1630円"", ""1630〜1890円"", ""1890〜2200円"", ""2200〜2560円"", ""2560〜3020円"", ""3020〜3570円"", ""3570〜4280円"", ""4280〜5210円"", ""5210〜6480円"", ""6480〜8300円"", ""8300〜11200円"", ""11200〜16230円"", ""16230〜28240円"", ""28240円〜""]","[0.9, 1.0, 2.5, 3.2, 2.7, 4.3, 4.0, 5.8, 5.1, 5.3, 5.2, 7.2, 7.1, 6.7, 7.1, 7.0, 7.2, 5.8, 7.1, 4.5]","[-4.1, -4.0, -2.5, -1.8, -2.3, -0.7, -1.0, 0.8, 0.1, 0.3, 0.2, 2.2, 2.1, 1.7, 2.1, 2.0, 2.2, 0.8, 2.1, -0.5]"
20260924,10,6,1,,"[[""1-2-3"", 0.022], [""1-2-4"", 0.0267], [""1-2-6"", 0.0258], [""1-3-2"", 0.0206], [""1-4-2"", 0.025], [""1-6-2"", 0.0239], [""1-3-4"", 0.02], [""1-4-3"", 0.02], [""1-3-6"", 0.0193]]",2,25.5,"[[""2-1-3"", 0.0167], [""2-1-4"", 0.0202], [""2-1-6"", 0.0196], [""2-1-5"", 0.0122]]","[[""1-4-6"", 0.0192], [""1-6-3"", 0.0191], [""1-6-4"", 0.019], [""3-1-2"", 0.015]]",,,False,True,0.8201,中,"{""逃げ"": 50.3, ""差し"": 16.4, ""まくり"": 13.8, ""まくり差し"": 11.4, ""抜き"": 7.2, ""恵まれ"": 0.9}","[""0〜600円"", ""600〜740円"", ""740〜890円"", ""890〜1050円"", ""1050〜1220円"", ""1220〜1410円"", ""1410〜1630円"", ""1630〜1890円"", ""1890〜2200円"", ""2200〜2560円"", ""2560〜3020円"", ""3020〜3570円"", ""3570〜4280円"", ""4280〜5210円"", ""5210〜6480円"", ""6480〜8300円"", ""8300〜11200円"", ""11200〜16230円"", ""16230〜28240円"", ""28240円〜""]","[5.5, 4.9, 4.6, 4.4, 4.6, 5.3, 5.2, 4.1, 5.1, 4.9, 5.2, 5.5, 5.4, 6.0, 4.8, 4.6, 4.1, 6.0, 4.2, 5.9]","[0.5, -0.1, -0.4, -0.6, -0.4, 0.3, 0.2, -0.9, 0.1, -0.1, 0.2, 0.5, 0.4, 1.0, -0.2, -0.4, -0.9, 1.0, -0.8, 0.9]"
20260924,10,7,1,61.3,"[[""1-5-4"", 0.0495], [""1-4-5"", 0.0447], [""1-5-3"", 0.0459], [""1-5-2"", 0.0418], [""1-3-5"", 0.0378], [""1-2-5"", 0.0337], [""1-4-3"", 0.0326], [""1-3-4"", 0.0297], [""1-4-2"", 0.0297]]",5,28.4,"[[""5-1-4"", 0.0319], [""5-1-3"", 0.0296], [""5-1-2"", 0.0269]]","[[""4-1-5"", 0.0275], [""1-2-4"", 0.0265], [""3-1-5"", 0.0223], [""5-4-1"", 0.0165]]",,,False,False,0.7852,中,"{""逃げ"": 50.3, ""差し"": 16.4, ""まくり"": 13.8, ""まくり差し"": 11.4, ""抜き"": 7.2, ""恵まれ"": 0.9}","[""0〜600円"", ""600〜740円"", ""740〜890円"", ""890〜1050円"", ""1050〜1220円"", ""1220〜1410円"", ""1410〜1630円"", ""1630〜1890円"", ""1890〜2200円"", ""2200〜2560円"", ""2560〜3020円"", ""3020〜3570円"", ""3570〜4280円"", ""4280〜5210円"", ""5210〜6480円"", ""6480〜8300円"", ""8300〜11200円"", ""11200〜16230円"", ""16230〜28240円"", ""28240円〜""]","[5.5, 4.9, 4.6, 4.4, 4.6, 5.3, 5.2, 4.1, 5.1, 4.9, 5.2, 5.5, 5.4, 6.0, 4.8, 4.6, 4.1, 6.0, 4.2, 5.9]","[0.5, -0.1, -0.4, -0.6, -0.4, 0.3, 0.2, -0.9, 0.1, -0.1, 0.2, 0.5, 0.4, 1.0, -0.2, -0.4, -0.9, 1.0, -0.8, 0.9]"
20260924,10,8,1,45.1,"[[""1-2-5"", 0.1196], [""1-2-4"", 0.1169], [""1-2-6"", 0.0395], [""1-2-3"", 0.0287]]",2,23.9,"[[""2-1-5"", 0.0733], [""2-1-4"", 0.0717], [""2-1-6"", 0.0242], [""2-1-3"", 0.0176]]","[[""1-5-2"", 0.0567], [""1-4-2"", 0.0528], [""5-1-2"", 0.0275], [""4-1-2"", 0.0251]]",1-2,0.5443,True,False,0.7852,中,"{""逃げ"": 50.3, ""差し"": 16.4, ""まくり"": 13.8, ""まくり差し"": 11.4, ""抜き"": 7.2, ""恵まれ"": 0.9}","[""0〜600円"", ""600〜740円"", ""740〜890円"", ""890〜1050円"", ""1050〜1220円"", ""1220〜1410円"", ""1410〜1630円"", ""1630〜1890円"", ""1890〜2200円"", ""2200〜2560円"", ""2560〜3020円"", ""3020〜3570円"", ""3570〜4280円"", ""4280〜5210円"", ""5210〜6480円"", ""6480〜8300円"", ""8300〜11200円"", ""11200〜16230円"", ""16230〜28240円"", ""28240円〜""]","[5.5, 4.9, 4.6, 4.4, 4.6, 5.3, 5.2, 4.1, 5.1, 4.9, 5.2, 5.5, 5.4, 6.0, 4.8, 4.6, 4.1, 6.0, 4.2, 5.9]","[0.5, -0.1, -0.4, -0.6, -0.4, 0.3, 0.2, -0.9, 0.1, -0.1, 0.2, 0.5, 0.4, 1.0, -0.2, -0.4, -0.9, 1.0, -0.8, 0.9]"
20260924,10,9,1,65.6,"[[""1-2-4"", 0.107], [""1-2-5"", 0.0851], [""1-2-3"", 0.0459]]",2,29.4,"[[""2-1-4"", 0.0514], [""2-1-5"", 0.0409], [""2-1-3"", 0.0221]]","[[""1-4-2"", 0.0817], [""1-5-2"", 0.0567], [""4-1-2"", 0.0363], [""1-4-5"", 0.0401]]",1-2,0.4015,False,False,0.7852,中,"{""逃げ"": 50.3, ""差し"": 16.4, ""まくり"": 13.8, ""まくり差し"": 11.4, ""抜き"": 7.2, ""恵まれ"": 0.9}","[""0〜600円"", ""600〜740円"", ""740〜890円"", ""890〜1050円"", ""1050〜1220円"", ""1220〜1410円"", ""1410〜1630円"", ""1630〜1890円"", ""1890〜2200円"", ""2200〜2560円"", ""2560〜3020円"", ""3020〜3570円"", ""3570〜4280円"", ""4280〜5210円"", ""5210〜6480円"", ""6480〜8300円"", ""8300〜11200円"", ""11200〜16230円"", ""16230〜28240円"", ""28240円〜""]","[5.5, 4.9, 4.6, 4.4, 4.6, 5.3, 5.2, 4.1, 5.1, 4.9, 5.2, 5.5, 5.4, 6.0, 4.8, 4.6, 4.1, 6.0, 4.2, 5.9]","[0.5, -0.1, -0.4, -0.6, -0.4, 0.3, 0.2, -0.9, 0.1, -0.1, 0.2, 0.5, 0.4, 1.0, -0.2, -0.4, -0.9, 1.0, -0.8, 0.9]"
20260924,10,10,1,37.5,"[[""1-4-2"", 0.0561], [""1-2-4"", 0.0482], [""1-4-3"", 0.0573], [""1-3-4"", 0.046], [""1-2-3"", 0.0357], [""1-3-2"", 0.0333], [""1-4-5"", 0.0248], [""1-5-4"", 0.0172], [""1-2-5"", 0.0154]]",4,24.9,"[[""4-1-2"", 0.0388], [""4-1-3"", 0.0397], [""4-1-5"", 0.0172]]","[[""2-1-4"", 0.0312], [""3-1-4"", 0.0287], [""4-2-1"", 0.0208], [""2-4-1"", 0.0194]]",,,False,False,0.7852,中,"{""逃げ"": 50.3, ""差し"": 16.4, ""まくり"": 13.8, ""まくり差し"": 11.4, ""抜き"": 7.2, ""恵まれ"": 0.9}","[""0〜600円"", ""600〜740円"", ""740〜890円"", ""890〜1050円"", ""1050〜1220円"", ""1220〜1410円"", ""1410〜1630円"", ""1630〜1890円"", ""1890〜2200円"", ""2200〜2560円"", ""2560〜3020円"", ""3020〜3570円"", ""3570〜4280円"", ""4280〜5210円"", ""5210〜6480円"", ""6480〜8300円"", ""8300〜11200円"", ""11200〜16230円"", ""16230〜28240円"", ""28240円〜""]","[5.5, 4.9, 4.6, 4.4, 4.6, 5.3, 5.2, 4.1, 5.1, 4.9, 5.2, 5.5, 5.4, 6.0, 4.8, 4.6, 4.1, 6.0, 4.2, 5.9]","[0.5, -0.1, -0.4, -0.6, -0.4, 0.3, 0.2, -0.9, 0.1, -0.1, 0.2, 0.5, 0.4, 1.0, -0.2, -0.4, -0.9, 1.0, -0.8, 0.9]"
20260924,10,11,1,53.5,"[[""1-2-3"", 0.0871], [""1-3-2"", 0.0814], [""1-2-5"", 0.0787], [""1-5-2"", 0.0665], [""1-3-5"", 0.063], [""1-5-3"", 0.0571], [""1-2-6"", 0.0363], [""1-3-6"", 0.0291], [""1-6-2"", 0.0268]]",2,31.9,"[[""2-1-3"", 0.0249], [""2-1-5"", 0.0225], [""2-1-6"", 0.0104]]","[[""3-1-2"", 0.0229], [""1-2-4"", 0.0256], [""1-6-3"", 0.023], [""1-3-4"", 0.0205]]",,,False,True,0.8201,強,"{""逃げ"": 63.2, ""差し"": 12.3, ""まくり差し"": 9.3, ""まくり"": 9.1, ""抜き"": 5.5, ""恵まれ"": 0.7}","[""0〜600円"", ""600〜740円"", ""740〜890円"", ""890〜1050円"", ""1050〜1220円"", ""1220〜1410円"", ""1410〜1630円"", ""1630〜1890円"", ""1890〜2200円"", ""2200〜2560円"", ""2560〜3020円"", ""3020〜3570円"", ""3570〜4280円"", ""4280〜5210円"", ""5210〜6480円"", ""6480〜8300円"", ""8300〜11200円"", ""11200〜16230円"", ""16230〜28240円"", ""28240円〜""]","[9.0, 7.0, 7.0, 6.2, 5.1, 4.7, 5.4, 4.4, 4.5, 4.1, 4.3, 3.8, 3.6, 4.2, 3.6, 3.6, 3.9, 4.7, 5.4, 5.5]","[4.0, 2.0, 2.0, 1.2, 0.1, -0.3, 0.4, -0.6, -0.5, -0.9, -0.7, -1.2, -1.4, -0.8, -1.4, -1.4, -1.1, -0.3, 0.4, 0.5]"
20260924,10,12,1,55.4,"[[""1-2-3"", 0.1554], [""1-2-4"", 0.1169], [""1-2-5"", 0.0604], [""1-2-6"", 0.0599]]",2,28.4,"[[""2-1-3"", 0.0419], [""2-1-4"", 0.0315], [""2-1-5"", 0.0163], [""2-1-6"", 0.0161]]","[[""1-3-2"", 0.0856], [""1-4-2"", 0.0589], [""1-5-2"", 0.0285], [""1-6-2"", 0.0283]]",1-2,0.5416,True,True,0.8201,強,"{""逃げ"": 63.2, ""差し"": 12.3, ""まくり差し"": 9.3, ""まくり"": 9.1, ""抜き"": 5.5, ""恵まれ"": 0.7}","[""0〜600円"", ""600〜740円"", ""740〜890円"", ""890〜1050円"", ""1050〜1220円"", ""1220〜1410円"", ""1410〜1630円"", ""1630〜1890円"", ""1890〜2200円"", ""2200〜2560円"", ""2560〜3020円"", ""3020〜3570円"", ""3570〜4280円"", ""4280〜5210円"", ""5210〜6480円"", ""6480〜8300円"", ""8300〜11200円"", ""11200〜16230円"", ""16230〜28240円"", ""28240円〜""]","[9.0, 7.0, 7.0, 6.2, 5.1, 4.7, 5.4, 4.4, 4.5, 4.1, 4.3, 3.8, 3.6, 4.2, 3.6, 3.6, 3.9, 4.7, 5.4, 5.5]","[4.0, 2.0, 2.0, 1.2, 0.1, -0.3, 0.4, -0.6, -0.5, -0.9, -0.7, -1.2, -1.4, -0.8, -1.4, -1.4, -1.1, -0.3, 0.4, 0.5]"
20260924,11,1,1,56.5,"[[""1-3-2"", 0.0278], [""1-2-3"", 0.0276], [""1-3-6"", 0.0248], [""1-2-6"", 0.0243], [""1-6-3"", 0.0225], [""1-6-2"", 0.0222], [""1-3-4"", 0.0199], [""1-2-4"", 0.0195], [""1-4-3"", 0.0173]]",3,36.5,"[[""3-1-2"", 0.0217], [""3-1-6"", 0.0194], [""3-1-4"", 0.0156], [""3-1-5"", 0.0123]]","[[""2-1-3"", 0.0215], [""3-2-1"", 0.0157], [""2-3-1"", 0.0156], [""2-1-6"", 0.019]]",,,False,True,0.8201,弱,"{""逃げ"": 34.2, ""まくり"": 22.0, ""差し"": 19.0, ""まくり差し"": 17.6, ""抜き"": 6.7, ""恵まれ"": 0.6}","[""0〜600円"", ""600〜740円"", ""740〜890円"", ""890〜1050円"", ""1050〜1220円"", ""1220〜1410円"", ""1410〜1630円"", ""1630〜1890円"", ""1890〜2200円"", ""2200〜2560円"", ""2560〜3020円"", ""3020〜3570円"", ""3570〜4280円"", ""4280〜5210円"", ""5210〜6480円"", ""6480〜8300円"", ""8300〜11200円"", ""11200〜16230円"", ""16230〜28240円"", ""28240円〜""]","[1.0, 1.7, 2.8, 3.7, 3.6, 5.8, 4.2, 6.0, 5.7, 6.7, 5.7, 6.3, 7.1, 6.2, 6.1, 6.2, 5.8, 5.6, 5.7, 4.1]","[-4.0, -3.3, -2.2, -1.3, -1.4, 0.8, -0.8, 1.0, 0.7, 1.7, 0.7, 1.3, 2.1, 1.2, 1.1, 1.2, 0.8, 0.6, 0.7, -0.9]"
20260924,11,2,3,56.6,"[[""3-1-2"", 0.0596], [""3-1-5"", 0.0629], [""3-1-4"", 0.0614], [""3-1-6"", 0.0167]]",1,23.8,"[[""1-3-2"", 0.0569], [""1-3-5"", 0.06], [""1-3-4"", 0.0586], [""1-3-6"", 0.0159]]","[[""3-2-1"", 0.0306], [""1-2-3"", 0.0276], [""3-5-1"", 0.0315], [""3-4-1"", 0.0307]]",1-3,0.4175,False,True,0.8201,強,"{""逃げ"": 63.9, ""差し"": 10.9, ""まくり差し"": 10.1, ""まくり"": 9.2, ""抜き"": 5.1, ""恵まれ"": 0.8}","[""0〜600円"", ""600〜740円"", ""740〜890円"", ""890〜1050円"", ""1050〜1220円"", ""1220〜1410円"", ""1410〜1630円"", ""1630〜1890円"", ""1890〜2200円"", ""2200〜2560円"", ""2560〜3020円"", ""3020〜3570円"", ""3570〜4280円"", ""4280〜5210円"", ""5210〜6480円"", ""6480〜8300円"", ""8300〜11200円"", ""11200〜16230円"", ""16230〜28240円"", ""28240円〜""]","[8.4, 6.3, 6.9, 6.1, 5.4, 5.6, 5.5, 4.7, 4.3, 4.6, 4.4, 4.4, 4.2, 3.8, 3.6, 3.9, 3.4, 4.0, 4.6, 5.9]","[3.4, 1.3, 1.9, 1.1, 0.4, 0.6, 0.5, -0.3, -0.7, -0.4, -0.6, -0.6, -0.8, -1.2, -1.4, -1.1, -1.6, -1.0, -0.4, 0.9]"
20260924,11,3,1,48.7,"[[""1-3-6"", 0.0352], [""1-6-3"", 0.0344], [""1-3-2"", 0.0431], [""1-2-3"", 0.0416], [""1-6-2"", 0.0392], [""1-2-6"", 0.0388], [""1-3-4"", 0.0359], [""1-4-3"", 0.0331], [""1-6-4"", 0.0327]]",2,40.4,"[[""2-1-3"", 0.0201], [""2-1-6"", 0.0187], [""2-1-4"", 0.015]]","[[""1-2-4"", 0.0311], [""1-4-6"", 0.0309], [""1-4-2"", 0.0297], [""3-1-6"", 0.0172]]",,,False,False,0.7852,強,"{""逃げ"": 63.9, ""差し"": 10.9, ""まくり差し"": 10.1, ""まくり"": 9.2, ""抜き"": 5.1, ""恵まれ"": 0.8}","[""0〜600円"", ""600〜740円"", ""740〜890円"", ""890〜1050円"", ""1050〜1220円"", ""1220〜1410円"", ""1410〜1630円"", ""1630〜1890円"", ""1890〜2200円"", ""2200〜2560円"", ""2560〜3020円"", ""3020〜3570円"", ""3570〜4280円"", ""4280〜5210円"", ""5210〜6480円"", ""6480〜8300円"", ""8300〜11200円"", ""11200〜16230円"", ""16230〜28240円"", ""28240円〜""]","[8.4, 6.3, 6.9, 6.1, 5.4, 5.6, 5.5, 4.7, 4.3, 4.6, 4.4, 4.4, 4.2, 3.8, 3.6, 3.9, 3.4, 4.0, 4.6, 5.9]","[3.4, 1.3, 1.9, 1.1, 0.4, 0.6, 0.5, -0.3, -0.7, -0.4, -0.6, -0.6, -0.8, -1.2, -1.4, -1.1, -1.6, -1.0, -0.4, 0.9]"
20260924,11,4,1,60.9,"[[""1-2-3"", 0.0672], [""1-2-4"", 0.0796], [""1-2-5"", 0.0611], [""1-2-6"", 0.0182]]",2,24.6,"[[""2-1-3"", 0.0465], [""2-1-4"", 0.0551], [""2-1-5"", 0.0423], [""2-1-6"", 0.0126]]","[[""1-3-2"", 0.0408], [""1-4-2"", 0.048], [""1-5-2"", 0.0352], [""3-1-2"", 0.0231]]",1-2,0.4075,False,True,0.8201,中,"{""逃げ"": 51.5, ""まくり差し"": 14.4, ""まくり"": 14.4, ""差し"": 12.7, ""抜き"": 6.3, ""恵まれ"": 0.8}","[""0〜600円"", ""600〜740円"", ""740〜890円"", ""890〜1050円"", ""1050〜1220円"", ""1220〜1410円"", ""1410〜1630円"", ""1630〜1890円"", ""1890〜2200円"", ""2200〜2560円"", ""2560〜3020円"", ""3020〜3570円"", ""3570〜4280円"", ""4280〜5210円"", ""5210〜6480円"", ""6480〜8300円"", ""8300〜11200円"", ""11200〜16230円"", ""16230〜28240円"", ""28240円〜""]","[4.0, 4.2, 5.9, 5.0, 5.4, 4.9, 5.1, 4.6, 5.3, 5.1, 5.6, 5.9, 4.4, 4.7, 4.7, 5.2, 6.0, 4.6, 4.8, 4.2]","[-1.0, -0.8, 0.9, 0.0, 0.4, -0.1, 0.1, -0.4, 0.3, 0.1, 0.6, 0.9, -0.6, -0.3, -0.3, 0.2, 1.0, -0.4, -0.2, -0.8]"
20260924,11,5,1,54.9,"[[""1-5-4"", 0.0644], [""1-4-5"", 0.0559], [""1-5-2"", 0.065], [""1-5-3"", 0.0596], [""1-2-5"", 0.053], [""1-3-5"", 0.0476], [""1-4-2"", 0.0397], [""1-2-4"", 0.0373], [""1-4-3"", 0.0364]]",4,38.0,"[[""4-1-5"", 0.0202], [""4-1-2"", 0.0143], [""4-1-3"", 0.0131]]","[[""1-3-4"", 0.0335], [""5-1-4"", 0.0241], [""1-2-3"", 0.0271], [""1-3-2"", 0.0266]]",,,False,False,0.7852,強,"{""逃げ"": 63.9, ""差し"": 10.9, ""まくり差し"": 10.1, ""まくり"": 9.2, ""抜き"": 5.1, ""恵まれ"": 0.8}","[""0〜600円"", ""600〜740円"", ""740〜890円"", ""890〜1050円"", ""1050〜1220円"", ""1220〜1410円"", ""1410〜1630円"", ""1630〜1890円"", ""1890〜2200円"", ""2200〜2560円"", ""2560〜3020円"", ""3020〜3570円"", ""3570〜4280円"", ""4280〜5210円"", ""5210〜6480円"", ""6480〜8300円"", ""8300〜11200円"", ""11200〜16230円"", ""16230〜28240円"", ""28240円〜""]","[8.4, 6.3, 6.9, 6.1, 5.4, 5.6, 5.5, 4.7, 4.3, 4.6, 4.4, 4.4, 4.2, 3.8, 3.6, 3.9, 3.4, 4.0, 4.6, 5.9]","[3.4, 1.3, 1.9, 1.1, 0.4, 0.6, 0.5, -0.3, -0.7, -0.4, -0.6, -0.6, -0.8, -1.2, -1.4, -1.1, -1.6, -1.0, -0.4, 0.9]"
20260924,11,6,2,59.7,"[[""2-3-1"", 0.0501], [""2-1-3"", 0.0488], [""2-3-5"", 0.0271], [""2-1-5"", 0.0252], [""2-3-4"", 0.0186], [""2-1-4"", 0.0173]]",3,28.7,"[[""3-2-1"", 0.0451], [""3-2-5"", 0.0244], [""3-2-4"", 0.0168]]","[[""1-2-3"", 0.0434], [""3-1-2"", 0.0378], [""1-3-2"", 0.0372], [""1-2-5"", 0.0224]]",,,False,True,0.8201,強,"{""逃げ"": 63.9, ""差し"": 10.9, ""まくり差し"": 10.1, ""まくり"": 9.2, ""抜き"": 5.1, ""恵まれ"": 0.8}","[""0〜600円"", ""600〜740円"", ""740〜890円"", ""890〜1050円"", ""1050〜1220円"", ""1220〜1410円"", ""1410〜1630円"", ""1630〜1890円"", ""1890〜2200円"", ""2200〜2560円"", ""2560〜3020円"", ""3020〜3570円"", ""3570〜4280円"", ""4280〜5210円"", ""5210〜6480円"", ""6480〜8300円"", ""8300〜11200円"", ""11200〜16230円"", ""16230〜28240円"", ""28240円〜""]","[8.4, 6.3, 6.9, 6.1, 5.4, 5.6, 5.5, 4.7, 4.3, 4.6, 4.4, 4.4, 4.2, 3.8, 3.6, 3.9, 3.4, 4.0, 4.6, 5.9]","[3.4, 1.3, 1.9, 1.1, 0.4, 0.6, 0.5, -0.3, -0.7, -0.4, -0.6, -0.6, -0.8, -1.2, -1.4, -1.1, -1.6, -1.0, -0.4, 0.9]"
20260924,11,7,1,57.8,"[[""1-2-5"", 0.0529], [""1-5-2"", 0.0417], [""1-2-3"", 0.0525], [""1-2-4"", 0.0396], [""1-3-2"", 0.0389], [""1-4-2"", 0.0278], [""1-5-3"", 0.024], [""1-3-5"", 0.0226], [""1-2-6"", 0.0216]]",2,28.1,"[[""2-1-5"", 0.0359], [""2-1-3"", 0.0356], [""2-1-4"", 0.0269], [""2-1-6"", 0.0147]]","[[""5-1-2"", 0.0255], [""3-1-2"", 0.023], [""2-5-1"", 0.0176], [""5-2-1"", 0.0158]]",,,False,False,0.7852,中,"{""逃げ"": 51.5, ""まくり差し"": 14.4, ""まくり"": 14.4, ""差し"": 12.7, ""抜き"": 6.3, ""恵まれ"": 0.8}","[""0〜600円"", ""600〜740円"", ""740〜890円"", ""890〜1050円"", ""1050〜1220円"", ""1220〜1410円"", ""1410〜1630円"", ""1630〜1890円"", ""1890〜2200円"", ""2200〜2560円"", ""2560〜3020円"", ""3020〜3570円"", ""3570〜4280円"", ""4280〜5210円"", ""5210〜6480円"", ""6480〜8300円"", ""8300〜11200円"", ""11200〜16230円"", ""16230〜28240円"", ""28240円〜""]","[4.0, 4.2, 5.9, 5.0, 5.4, 4.9, 5.1, 4.6, 5.3, 5.1, 5.6, 5.9, 4.4, 4.7, 4.7, 5.2, 6.0, 4.6, 4.8, 4.2]","[-1.0, -0.8, 0.9, 0.0, 0.4, -0.1, 0.1, -0.4, 0.3, 0.1, 0.6, 0.9, -0.6, -0.3, -0.3, 0.2, 1.0, -0.4, -0.2, -0.8]"
20260924,11,8,2,50.3,"[[""2-1-3"", 0.0515], [""2-3-1"", 0.0478], [""2-1-6"", 0.0402], [""2-3-6"", 0.0322], [""2-1-5"", 0.0125], [""2-1-4"", 0.0124], [""2-3-5"", 0.01]]",1,25.0,"[[""1-2-3"", 0.0436], [""1-2-6"", 0.034], [""1-2-5"", 0.0106], [""1-2-4"", 0.0105]]","[[""3-2-1"", 0.0388], [""1-3-2"", 0.0319], [""3-1-2"", 0.0306], [""2-6-1"", 0.0321]]",,,False,True,0.8201,強,"{""逃げ"": 63.9, ""差し"": 10.9, ""まくり差し"": 10.1, ""まくり"": 9.2, ""抜き"": 5.1, ""恵まれ"": 0.8}","[""0〜600円"", ""600〜740円"", ""740〜890円"", ""890〜1050円"", ""1050〜1220円"", ""1220〜1410円"", ""1410〜1630円"", ""1630〜1890円"", ""1890〜2200円"", ""2200〜2560円"", ""2560〜3020円"", ""3020〜3570円"", ""3570〜4280円"", ""4280〜5210円"", ""5210〜6480円"", ""6480〜8300円"", ""8300〜11200円"", ""11200〜16230円"", ""16230〜28240円"", ""28240円〜""]","[8.4, 6.3, 6.9, 6.1, 5.4, 5.6, 5.5, 4.7, 4.3, 4.6, 4.4, 4.4, 4.2, 3.8, 3.6, 3.9, 3.4, 4.0, 4.6, 5.9]","[3.4, 1.3, 1.9, 1.1, 0.4, 0.6, 0.5, -0.3, -0.7, -0.4, -0.6, -0.6, -0.8, -1.2, -1.4, -1.1, -1.6, -1.0, -0.4, 0.9]"
20260924,11,9,1,52.9,"[[""1-2-4"", 0.0743], [""1-2-3"", 0.0788], [""1-2-5"", 0.0238], [""1-2-6"", 0.0228]]",2,16.3,"[[""2-1-4"", 0.0696], [""2-1-3"", 0.0737], [""2-1-5"", 0.0223], [""2-1-6"", 0.0213]]","[[""1-4-2"", 0.0396], [""2-4-1"", 0.0342], [""1-3-2"", 0.0404], [""2-3-1"", 0.035]]",1-2,0.4261,False,False,0.7852,中,"{""逃げ"": 51.5, ""まくり差し"": 14.4, ""まくり"": 14.4, ""差し"": 12.7, ""抜き"": 6.3, ""恵まれ"": 0.8}","[""0〜600円"", ""600〜740円"", ""740〜890円"", ""890〜1050円"", ""1050〜1220円"", ""1220〜1410円"", ""1410〜1630円"", ""1630〜1890円"", ""1890〜2200円"", ""2200〜2560円"", ""2560〜3020円"", ""3020〜3570円"", ""3570〜4280円"", ""4280〜5210円"", ""5210〜6480円"", ""6480〜8300円"", ""8300〜11200円"", ""11200〜16230円"", ""16230〜28240円"", ""28240円〜""]","[4.0, 4.2, 5.9, 5.0, 5.4, 4.9, 5.1, 4.6, 5.3, 5.1, 5.6, 5.9, 4.4, 4.7, 4.7, 5.2, 6.0, 4.6, 4.8, 4.2]","[-1.0, -0.8, 0.9, 0.0, 0.4, -0.1, 0.1, -0.4, 0.3, 0.1, 0.6, 0.9, -0.6, -0.3, -0.3, 0.2, 1.0, -0.4, -0.2, -0.8]"
20260924,11,10,1,55.2,"[[""1-4-3"", 0.0984], [""1-3-4"", 0.0835], [""1-4-2"", 0.0856], [""1-3-2"", 0.053], [""1-4-6"", 0.027], [""1-4-5"", 0.0209], [""1-3-6"", 0.0167], [""1-3-5"", 0.013]]",3,38.0,"[[""3-1-4"", 0.0326], [""3-1-2"", 0.0207]]","[[""1-2-4"", 0.0642], [""4-1-3"", 0.0401], [""1-2-3"", 0.0469], [""4-1-2"", 0.0349]]",,,False,False,0.7852,強,"{""逃げ"": 63.9, ""差し"": 10.9, ""まくり差し"": 10.1, ""まくり"": 9.2, ""抜き"": 5.1, ""恵まれ"": 0.8}","[""0〜600円"", ""600〜740円"", ""740〜890円"", ""890〜1050円"", ""1050〜1220円"", ""1220〜1410円"", ""1410〜1630円"", ""1630〜1890円"", ""1890〜2200円"", ""2200〜2560円"", ""2560〜3020円"", ""3020〜3570円"", ""3570〜4280円"", ""4280〜5210円"", ""5210〜6480円"", ""6480〜8300円"", ""8300〜11200円"", ""11200〜16230円"", ""16230〜28240円"", ""28240円〜""]","[8.4, 6.3, 6.9, 6.1, 5.4, 5.6, 5.5, 4.7, 4.3, 4.6, 4.4, 4.4, 4.2, 3.8, 3.6, 3.9, 3.4, 4.0, 4.6, 5.9]","[3.4, 1.3, 1.9, 1.1, 0.4, 0.6, 0.5, -0.3, -0.7, -0.4, -0.6, -0.6, -0.8, -1.2, -1.4, -1.1, -1.6, -1.0, -0.4, 0.9]"
20260924,11,11,1,53.3,"[[""1-2-3"", 0.0818], [""1-2-5"", 0.0949], [""1-2-4"", 0.0901], [""1-2-6"", 0.023]]",2,30.0,"[[""2-1-3"", 0.0258], [""2-1-5"", 0.03], [""2-1-4"", 0.0285]]","[[""1-3-2"", 0.0576], [""1-5-2"", 0.0661], [""1-4-2"", 0.0621], [""1-3-5"", 0.0291]]",1-2,0.405,False,True,0.8201,強,"{""逃げ"": 63.9, ""差し"": 10.9, ""まくり差し"": 10.1, ""まくり"": 9.2, ""抜き"": 5.1, ""恵まれ"": 0.8}","[""0〜600円"", ""600〜740円"", ""740〜890円"", ""890〜1050円"", ""1050〜1220円"", ""1220〜1410円"", ""1410〜1630円"", ""1630〜1890円"", ""1890〜2200円"", ""2200〜2560円"", ""2560〜3020円"", ""3020〜3570円"", ""3570〜4280円"", ""4280〜5210円"", ""5210〜6480円"", ""6480〜8300円"", ""8300〜11200円"", ""11200〜16230円"", ""16230〜28240円"", ""28240円〜""]","[8.4, 6.3, 6.9, 6.1, 5.4, 5.6, 5.5, 4.7, 4.3, 4.6, 4.4, 4.4, 4.2, 3.8, 3.6, 3.9, 3.4, 4.0, 4.6, 5.9]","[3.4, 1.3, 1.9, 1.1, 0.4, 0.6, 0.5, -0.3, -0.7, -0.4, -0.6, -0.6, -0.8, -1.2, -1.4, -1.1, -1.6, -1.0, -0.4, 0.9]"
20260924,11,12,1,64.6,"[[""1-2-6"", 0.0999], [""1-2-3"", 0.0786], [""1-2-4"", 0.0776], [""1-2-5"", 0.0673]]",2,28.1,"[[""2-1-6"", 0.0268], [""2-1-3"", 0.0211], [""2-1-4"", 0.0208], [""2-1-5"", 0.018]]","[[""1-6-2"", 0.067], [""1-3-2"", 0.0482], [""1-4-2"", 0.0475], [""1-5-2"", 0.0405]]",1-2,0.4448,False,False,0.7852,強,"{""逃げ"": 63.9, ""差し"": 10.9, ""まくり差し"": 10.1, ""まくり"": 9.2, ""抜き"": 5.1, ""恵まれ"": 0.8}","[""0〜600円"", ""600〜740円"", ""740〜890円"", ""890〜1050円"", ""1050〜1220円"", ""1220〜1410円"", ""1410〜1630円"", ""1630〜1890円"", ""1890〜2200円"", ""2200〜2560円"", ""2560〜3020円"", ""3020〜3570円"", ""3570〜4280円"", ""4280〜5210円"", ""5210〜6480円"", ""6480〜8300円"", ""8300〜11200円"", ""11200〜16230円"", ""16230〜28240円"", ""28240円〜""]","[8.4, 6.3, 6.9, 6.1, 5.4, 5.6, 5.5, 4.7, 4.3, 4.6, 4.4, 4.4, 4.2, 3.8, 3.6, 3.9, 3.4, 4.0, 4.6, 5.9]","[3.4, 1.3, 1.9, 1.1, 0.4, 0.6, 0.5, -0.3, -0.7, -0.4, -0.6, -0.6, -0.8, -1.2, -1.4, -1.1, -1.6, -1.0, -0.4, 0.9]"
20260924,13,1,3,55.3,"[[""3-1-5"", 0.0964], [""3-1-2"", 0.0591], [""3-1-6"", 0.0308]]",1,20.3,"[[""1-3-5"", 0.0903], [""1-3-2"", 0.0554], [""1-3-6"", 0.0289]]","[[""3-5-1"", 0.0542], [""1-5-3"", 0.0467], [""5-3-1"", 0.0387], [""5-1-3"", 0.0355]]",1-3,0.431,False,False,0.7852,強,"{""逃げ"": 71.4, ""まくり"": 8.3, ""まくり差し"": 9.3, ""差し"": 6.6, ""抜き"": 3.9, ""恵まれ"": 0.5}","[""0〜600円"", ""600〜740円"", ""740〜890円"", ""890〜1050円"", ""1050〜1220円"", ""1220〜1410円"", ""1410〜1630円"", ""1630〜1890円"", ""1890〜2200円"", ""2200〜2560円"", ""2560〜3020円"", ""3020〜3570円"", ""3570〜4280円"", ""4280〜5210円"", ""5210〜6480円"", ""6480〜8300円"", ""8300〜11200円"", ""11200〜16230円"", ""16230〜28240円"", ""28240円〜""]","[9.3, 7.5, 7.2, 6.6, 5.7, 5.5, 5.2, 5.1, 5.0, 4.8, 3.9, 3.3, 4.6, 3.5, 3.7, 3.3, 2.9, 3.2, 4.4, 5.2]","[4.3, 2.5, 2.2, 1.6, 0.7, 0.5, 0.2, 0.1, -0.0, -0.2, -1.1, -1.7, -0.4, -1.5, -1.3, -1.7, -2.1, -1.8, -0.6, 0.2]"
20260924,13,2,2,52.7,"[[""2-1-5"", 0.0512], [""2-5-1"", 0.0482], [""2-1-4"", 0.0361], [""2-1-3"", 0.031], [""2-5-4"", 0.0301], [""2-5-3"", 0.0259]]",1,45.7,"[[""1-2-5"", 0.0399], [""1-2-4"", 0.0281], [""1-2-3"", 0.0241]]","[[""5-2-1"", 0.0364], [""1-5-2"", 0.0266], [""5-1-2"", 0.0258], [""2-4-1"", 0.0283]]",,,False,False,0.7852,強,"{""逃げ"": 71.4, ""まくり"": 8.3, ""まくり差し"": 9.3, ""差し"": 6.6, ""抜き"": 3.9, ""恵まれ"": 0.5}","[""0〜600円"", ""600〜740円"", ""740〜890円"", ""890〜1050円"", ""1050〜1220円"", ""1220〜1410円"", ""1410〜1630円"", ""1630〜1890円"", ""1890〜2200円"", ""2200〜2560円"", ""2560〜3020円"", ""3020〜3570円"", ""3570〜4280円"", ""4280〜5210円"", ""5210〜6480円"", ""6480〜8300円"", ""8300〜11200円"", ""11200〜16230円"", ""16230〜28240円"", ""28240円〜""]","[9.3, 7.5, 7.2, 6.6, 5.7, 5.5, 5.2, 5.1, 5.0, 4.8, 3.9, 3.3, 4.6, 3.5, 3.7, 3.3, 2.9, 3.2, 4.4, 5.2]","[4.3, 2.5, 2.2, 1.6, 0.7, 0.5, 0.2, 0.1, -0.0, -0.2, -1.1, -1.7, -0.4, -1.5, -1.3, -1.7, -2.1, -1.8, -0.6, 0.2]"
20260924,13,3,4,60.1,"[[""4-2-1"", 0.0355], [""4-1-2"", 0.0348], [""4-2-3"", 0.0201], [""4-1-3"", 0.0189], [""4-2-6"", 0.0181], [""4-1-6"", 0.0171], [""4-3-2"", 0.0157], [""4-3-1"", 0.0151], [""4-6-2"", 0.014]]",1,,"[[""1-4-2"", 0.0315], [""1-2-4"", 0.0278], [""1-4-3"", 0.0171], [""1-4-6"", 0.0155], [""1-2-3"", 0.0118], [""1-4-5"", 0.0113]]","[[""2-4-1"", 0.0325], [""2-1-4"", 0.0281], [""2-4-3"", 0.0184], [""2-4-6"", 0.0166]]",,,False,False,0.7852,強,"{""逃げ"": 71.4, ""まくり"": 8.3, ""まくり差し"": 9.3, ""差し"": 6.6, ""抜き"": 3.9, ""恵まれ"": 0.5}","[""0〜600円"", ""600〜740円"", ""740〜890円"", ""890〜1050円"", ""1050〜1220円"", ""1220〜1410円"", ""1410〜1630円"", ""1630〜1890円"", ""1890〜2200円"", ""2200〜2560円"", ""2560〜3020円"", ""3020〜3570円"", ""3570〜4280円"", ""4280〜5210円"", ""5210〜6480円"", ""6480〜8300円"", ""8300〜11200円"", ""11200〜16230円"", ""16230〜28240円"", ""28240円〜""]","[9.3, 7.5, 7.2, 6.6, 5.7, 5.5, 5.2, 5.1, 5.0, 4.8, 3.9, 3.3, 4.6, 3.5, 3.7, 3.3, 2.9, 3.2, 4.4, 5.2]","[4.3, 2.5, 2.2, 1.6, 0.7, 0.5, 0.2, 0.1, -0.0, -0.2, -1.1, -1.7, -0.4, -1.5, -1.3, -1.7, -2.1, -1.8, -0.6, 0.2]"
20260924,13,4,4,58.1,"[[""4-1-2"", 0.1045], [""4-1-6"", 0.0322], [""4-1-5"", 0.02]]",1,25.4,"[[""1-4-2"", 0.0919], [""1-4-6"", 0.0283], [""1-4-5"", 0.0176]]","[[""4-2-1"", 0.0799], [""2-4-1"", 0.0619], [""1-2-4"", 0.0581], [""2-1-4"", 0.0512]]",1-4,0.3642,False,False,0.7852,強,"{""逃げ"": 71.4, ""まくり"": 8.3, ""まくり差し"": 9.3, ""差し"": 6.6, ""抜き"": 3.9, ""恵まれ"": 0.5}","[""0〜600円"", ""600〜740円"", ""740〜890円"", ""890〜1050円"", ""1050〜1220円"", ""1220〜1410円"", ""1410〜1630円"", ""1630〜1890円"", ""1890〜2200円"", ""2200〜2560円"", ""2560〜3020円"", ""3020〜3570円"", ""3570〜4280円"", ""4280〜5210円"", ""5210〜6480円"", ""6480〜8300円"", ""8300〜11200円"", ""11200〜16230円"", ""16230〜28240円"", ""28240円〜""]","[9.3, 7.5, 7.2, 6.6, 5.7, 5.5, 5.2, 5.1, 5.0, 4.8, 3.9, 3.3, 4.6, 3.5, 3.7, 3.3, 2.9, 3.2, 4.4, 5.2]","[4.3, 2.5, 2.2, 1.6, 0.7, 0.5, 0.2, 0.1, -0.0, -0.2, -1.1, -1.7, -0.4, -1.5, -1.3, -1.7, -2.1, -1.8, -0.6, 0.2]"
20260924,13,5,1,45.0,"[[""1-2-4"", 0.081], [""1-4-2"", 0.0703], [""1-2-3"", 0.0847], [""1-3-2"", 0.0691], [""1-2-5"", 0.0589], [""1-4-3"", 0.0537], [""1-3-4"", 0.0505], [""1-5-2"", 0.0444], [""1-4-5"", 0.0374]]",4,41.5,"[[""4-1-2"", 0.023], [""4-1-3"", 0.0175], [""4-1-5"", 0.0122]]","[[""2-1-4"", 0.0273], [""1-5-4"", 0.0324], [""1-3-5"", 0.0288], [""2-1-3"", 0.0286]]",,,False,False,0.7852,中,"{""逃げ"": 55.9, ""まくり差し"": 13.1, ""まくり"": 14.9, ""差し"": 10.1, ""抜き"": 5.6, ""恵まれ"": 0.5}","[""0〜600円"", ""600〜740円"", ""740〜890円"", ""890〜1050円"", ""1050〜1220円"", ""1220〜1410円"", ""1410〜1630円"", ""1630〜1890円"", ""1890〜2200円"", ""2200〜2560円"", ""2560〜3020円"", ""3020〜3570円"", ""3570〜4280円"", ""4280〜5210円"", ""5210〜6480円"", ""6480〜8300円"", ""8300〜11200円"", ""11200〜16230円"", ""16230〜28240円"", ""28240円〜""]","[4.2, 5.6, 6.3, 6.3, 4.7, 6.3, 5.0, 5.2, 5.6, 4.2, 3.9, 5.7, 4.4, 3.6, 4.6, 5.8, 4.9, 3.8, 5.2, 4.7]","[-0.8, 0.6, 1.3, 1.3, -0.3, 1.3, 0.0, 0.2, 0.6, -0.8, -1.1, 0.7, -0.6, -1.4, -0.4, 0.8, -0.1, -1.2, 0.2, -0.3]"
20260924,13,6,1,57.1,"[[""1-4-2"", 0.1213], [""1-4-3"", 0.137], [""1-4-6"", 0.0469], [""1-4-5"", 0.0337]]",4,32.2,"[[""4-1-2"", 0.0119], [""4-1-3"", 0.0134]]","[[""1-2-4"", 0.0946], [""1-3-4"", 0.1031], [""1-2-3"", 0.0637], [""1-3-2"", 0.0614]]",1-4,0.4085,False,False,0.7852,強,"{""逃げ"": 71.4, ""まくり"": 8.3, ""まくり差し"": 9.3, ""差し"": 6.6, ""抜き"": 3.9, ""恵まれ"": 0.5}","[""0〜600円"", ""600〜740円"", ""740〜890円"", ""890〜1050円"", ""1050〜1220円"", ""1220〜1410円"", ""1410〜1630円"", ""1630〜1890円"", ""1890〜2200円"", ""2200〜2560円"", ""2560〜3020円"", ""3020〜3570円"", ""3570〜4280円"", ""4280〜5210円"", ""5210〜6480円"", ""6480〜8300円"", ""8300〜11200円"", ""11200〜16230円"", ""16230〜28240円"", ""28240円〜""]","[9.3, 7.5, 7.2, 6.6, 5.7, 5.5, 5.2, 5.1, 5.0, 4.8, 3.9, 3.3, 4.6, 3.5, 3.7, 3.3, 2.9, 3.2, 4.4, 5.2]","[4.3, 2.5, 2.2, 1.6, 0.7, 0.5, 0.2, 0.1, -0.0, -0.2, -1.1, -1.7, -0.4, -1.5, -1.3, -1.7, -2.1, -1.8, -0.6, 0.2]"
20260924,13,7,2,56.0,"[[""2-1-3"", 0.1015], [""2-1-5"", 0.0381], [""2-1-6"", 0.0326], [""2-1-4"", 0.0274]]",1,42.2,"[[""1-2-3"", 0.0928], [""1-2-5"", 0.0348], [""1-2-6"", 0.0298], [""1-2-4"", 0.0251]]","[[""2-3-1"", 0.059], [""1-3-2"", 0.048], [""3-2-1"", 0.0419], [""3-1-2"", 0.0373]]",1-2,0.4248,False,True,0.8201,強,"{""逃げ"": 71.4, ""まくり"": 8.3, ""まくり差し"": 9.3, ""差し"": 6.6, ""抜き"": 3.9, ""恵まれ"": 0.5}","[""0〜600円"", ""600〜740円"", ""740〜890円"", ""890〜1050円"", ""1050〜1220円"", ""1220〜1410円"", ""1410〜1630円"", ""1630〜1890円"", ""1890〜2200円"", ""2200〜2560円"", ""2560〜3020円"", ""3020〜3570円"", ""3570〜4280円"", ""4280〜5210円"", ""5210〜6480円"", ""6480〜8300円"", ""8300〜11200円"", ""11200〜16230円"", ""16230〜28240円"", ""28240円〜""]","[9.3, 7.5, 7.2, 6.6, 5.7, 5.5, 5.2, 5.1, 5.0, 4.8, 3.9, 3.3, 4.6, 3.5, 3.7, 3.3, 2.9, 3.2, 4.4, 5.2]","[4.3, 2.5, 2.2, 1.6, 0.7, 0.5, 0.2, 0.1, -0.0, -0.2, -1.1, -1.7, -0.4, -1.5, -1.3, -1.7, -2.1, -1.8, -0.6, 0.2]"
20260924,13,8,1,54.6,"[[""1-3-4"", 0.0924], [""1-4-3"", 0.0891], [""1-3-2"", 0.0715], [""1-4-2"", 0.0637], [""1-2-3"", 0.0592], [""1-2-4"", 0.0547], [""1-3-6"", 0.0455], [""1-4-6"", 0.0405], [""1-3-5"", 0.0359]]",4,29.8,"[[""4-1-3"", 0.0145], [""4-1-2"", 0.0104]]","[[""1-6-3"", 0.0349], [""1-6-4"", 0.0322], [""1-4-5"", 0.0319], [""1-5-3"", 0.0268]]",,,False,False,0.7852,強,"{""逃げ"": 71.4, ""まくり"": 8.3, ""まくり差し"": 9.3, ""差し"": 6.6, ""抜き"": 3.9, ""恵まれ"": 0.5}","[""0〜600円"", ""600〜740円"", ""740〜890円"", ""890〜1050円"", ""1050〜1220円"", ""1220〜1410円"", ""1410〜1630円"", ""1630〜1890円"", ""1890〜2200円"", ""2200〜2560円"", ""2560〜3020円"", ""3020〜3570円"", ""3570〜4280円"", ""4280〜5210円"", ""5210〜6480円"", ""6480〜8300円"", ""8300〜11200円"", ""11200〜16230円"", ""16230〜28240円"", ""28240円〜""]","[9.3, 7.5, 7.2, 6.6, 5.7, 5.5, 5.2, 5.1, 5.0, 4.8, 3.9, 3.3, 4.6, 3.5, 3.7, 3.3, 2.9, 3.2, 4.4, 5.2]","[4.3, 2.5, 2.2, 1.6, 0.7, 0.5, 0.2, 0.1, -0.0, -0.2, -1.1, -1.7, -0.4, -1.5, -1.3, -1.7, -2.1, -1.8, -0.6, 0.2]"
20260924,13,9,1,61.5,"[[""1-2-3"", 0.0755], [""1-2-4"", 0.0599], [""1-2-6"", 0.0231]]",2,28.1,"[[""2-1-3"", 0.0565], [""2-1-4"", 0.0448], [""2-1-6"", 0.0173]]","[[""1-3-2"", 0.0636], [""3-1-2"", 0.044], [""1-4-2"", 0.0438], [""2-3-1"", 0.0321]]",1-2,0.3101,False,True,0.8201,中,"{""逃げ"": 55.9, ""まくり差し"": 13.1, ""まくり"": 14.9, ""差し"": 10.1, ""抜き"": 5.6, ""恵まれ"": 0.5}","[""0〜600円"", ""600〜740円"", ""740〜890円"", ""890〜1050円"", ""1050〜1220円"", ""1220〜1410円"", ""1410〜1630円"", ""1630〜1890円"", ""1890〜2200円"", ""2200〜2560円"", ""2560〜3020円"", ""3020〜3570円"", ""3570〜4280円"", ""4280〜5210円"", ""5210〜6480円"", ""6480〜8300円"", ""8300〜11200円"", ""11200〜16230円"", ""16230〜28240円"", ""28240円〜""]","[4.2, 5.6, 6.3, 6.3, 4.7, 6.3, 5.0, 5.2, 5.6, 4.2, 3.9, 5.7, 4.4, 3.6, 4.6, 5.8, 4.9, 3.8, 5.2, 4.7]","[-0.8, 0.6, 1.3, 1.3, -0.3, 1.3, 0.0, 0.2, 0.6, -0.8, -1.1, 0.7, -0.6, -1.4, -0.4, 0.8, -0.1, -1.2, 0.2, -0.3]"
20260924,13,10,1,53.7,"[[""1-3-2"", 0.1457], [""1-2-3"", 0.1359], [""1-3-5"", 0.081], [""1-2-5"", 0.0669], [""1-3-4"", 0.036], [""1-2-4"", 0.0298], [""1-3-6"", 0.0213], [""1-2-6"", 0.0176]]",3,25.0,"[[""3-1-2"", 0.0292], [""3-1-5"", 0.0162]]","[[""1-5-3"", 0.0588], [""1-5-2"", 0.0521], [""2-1-3"", 0.027], [""1-4-3"", 0.0237]]",,,False,True,0.8201,強,"{""逃げ"": 71.4, ""まくり"": 8.3, ""まくり差し"": 9.3, ""差し"": 6.6, ""抜き"": 3.9, ""恵まれ"": 0.5}","[""0〜600円"", ""600〜740円"", ""740〜890円"", ""890〜1050円"", ""1050〜1220円"", ""1220〜1410円"", ""1410〜1630円"", ""1630〜1890円"", ""1890〜2200円"", ""2200〜2560円"", ""2560〜3020円"", ""3020〜3570円"", ""3570〜4280円"", ""4280〜5210円"", ""5210〜6480円"", ""6480〜8300円"", ""8300〜11200円"", ""11200〜16230円"", ""16230〜28240円"", ""28240円〜""]","[9.3, 7.5, 7.2, 6.6, 5.7, 5.5, 5.2, 5.1, 5.0, 4.8, 3.9, 3.3, 4.6, 3.5, 3.7, 3.3, 2.9, 3.2, 4.4, 5.2]","[4.3, 2.5, 2.2, 1.6, 0.7, 0.5, 0.2, 0.1, -0.0, -0.2, -1.1, -1.7, -0.4, -1.5, -1.3, -1.7, -2.1, -1.8, -0.6, 0.2]"
20260924,13,11,1,45.8,"[[""1-3-4"", 0.0645], [""1-3-2"", 0.0788], [""1-4-3"", 0.0475], [""1-3-6"", 0.0598], [""1-3-5"", 0.0583], [""1-2-3"", 0.0576], [""1-6-3"", 0.0417], [""1-5-3"", 0.0404], [""1-4-2"", 0.0263]]",3,26.2,"[[""3-1-4"", 0.0213], [""3-1-2"", 0.026], [""3-1-6"", 0.0197], [""3-1-5"", 0.0192]]","[[""1-2-4"", 0.0261], [""1-4-6"", 0.02], [""1-4-5"", 0.0195], [""1-2-6"", 0.019]]",,,False,False,0.7852,強,"{""逃げ"": 71.4, ""まくり"": 8.3, ""まくり差し"": 9.3, ""差し"": 6.6, ""抜き"": 3.9, ""恵まれ"": 0.5}","[""0〜600円"", ""600〜740円"", ""740〜890円"", ""890〜1050円"", ""1050〜1220円"", ""1220〜1410円"", ""1410〜1630円"", ""1630〜1890円"", ""1890〜2200円"", ""2200〜2560円"", ""2560〜3020円"", ""3020〜3570円"", ""3570〜4280円"", ""4280〜5210円"", ""5210〜6480円"", ""6480〜8300円"", ""8300〜11200円"", ""11200〜16230円"", ""16230〜28240円"", ""28240円〜""]","[9.3, 7.5, 7.2, 6.6, 5.7, 5.5, 5.2, 5.1, 5.0, 4.8, 3.9, 3.3, 4.6, 3.5, 3.7, 3.3, 2.9, 3.2, 4.4, 5.2]","[4.3, 2.5, 2.2, 1.6, 0.7, 0.5, 0.2, 0.1, -0.0, -0.2, -1.1, -1.7, -0.4, -1.5, -1.3, -1.7, -2.1, -1.8, -0.6, 0.2]"
20260924,13,12,1,58.1,"[[""1-3-4"", 0.0674], [""1-4-3"", 0.0628], [""1-3-2"", 0.059], [""1-3-5"", 0.0506], [""1-2-3"", 0.0494], [""1-4-2"", 0.046], [""1-2-4"", 0.0413], [""1-5-3"", 0.041], [""1-4-5"", 0.0394]]",3,22.7,"[[""3-1-4"", 0.0212], [""3-1-2"", 0.0186], [""3-1-5"", 0.0159]]","[[""1-5-4"", 0.0344], [""1-3-6"", 0.0286], [""4-1-3"", 0.0195], [""1-2-5"", 0.0243]]",,,False,False,0.7852,強,"{""逃げ"": 71.4, ""まくり"": 8.3, ""まくり差し"": 9.3, ""差し"": 6.6, ""抜き"": 3.9, ""恵まれ"": 0.5}","[""0〜600円"", ""600〜740円"", ""740〜890円"", ""890〜1050円"", ""1050〜1220円"", ""1220〜1410円"", ""1410〜1630円"", ""1630〜1890円"", ""1890〜2200円"", ""2200〜2560円"", ""2560〜3020円"", ""3020〜3570円"", ""3570〜4280円"", ""4280〜5210円"", ""5210〜6480円"", ""6480〜8300円"", ""8300〜11200円"", ""11200〜16230円"", ""16230〜28240円"", ""28240円〜""]","[9.3, 7.5, 7.2, 6.6, 5.7, 5.5, 5.2, 5.1, 5.0, 4.8, 3.9, 3.3, 4.6, 3.5, 3.7, 3.3, 2.9, 3.2, 4.4, 5.2]","[4.3, 2.5, 2.2, 1.6, 0.7, 0.5, 0.2, 0.1, -0.0, -0.2, -1.1, -1.7, -0.4, -1.5, -1.3, -1.7, -2.1, -1.8, -0.6, 0.2]"
20260924,18,1,1,53.8,"[[""1-2-3"", 0.0538], [""1-3-2"", 0.0533], [""1-2-4"", 0.0554], [""1-3-4"", 0.0535], [""1-4-2"", 0.0524], [""1-4-3"", 0.051], [""1-2-5"", 0.0504], [""1-3-5"", 0.0486], [""1-5-2"", 0.0466]]",3,42.5,[],"[[""1-5-3"", 0.0454], [""1-2-6"", 0.0396], [""1-4-5"", 0.0392], [""1-5-4"", 0.0383]]",,,False,True,0.8201,強,"{""逃げ"": 72.6, ""差し"": 9.3, ""まくり"": 7.2, ""まくり差し"": 5.5, ""抜き"": 5.4, ""恵まれ"": 0.2}","[""0〜600円"", ""600〜740円"", ""740〜890円"", ""890〜1050円"", ""1050〜1220円"", ""1220〜1410円"", ""1410〜1630円"", ""1630〜1890円"", ""1890〜2200円"", ""2200〜2560円"", ""2560〜3020円"", ""3020〜3570円"", ""3570〜4280円"", ""4280〜5210円"", ""5210〜6480円"", ""6480〜8300円"", ""8300〜11200円"", ""11200〜16230円"", ""16230〜28240円"", ""28240円〜""]","[13.3, 10.0, 7.0, 6.7, 5.8, 5.8, 4.3, 4.3, 4.2, 3.8, 4.5, 3.5, 3.3, 3.0, 2.7, 3.2, 2.7, 3.5, 3.2, 5.4]","[8.3, 5.0, 2.0, 1.7, 0.8, 0.8, -0.7, -0.7, -0.8, -1.2, -0.5, -1.5, -1.7, -2.0, -2.3, -1.8, -2.3, -1.5, -1.8, 0.4]"
20260924,18,2,1,61.7,"[[""1-4-3"", 0.0673], [""1-3-4"", 0.0624], [""1-4-2"", 0.0696], [""1-3-2"", 0.0553], [""1-4-5"", 0.02], [""1-3-5"", 0.0159], [""1-4-6"", 0.01]]",2,26.2,"[[""2-1-4"", 0.0318], [""2-1-3"", 0.0272]]","[[""1-2-4"", 0.0598], [""1-2-3"", 0.0512], [""4-1-3"", 0.038], [""3-1-4"", 0.0343]]",,,False,False,0.7852,中,"{""逃げ"": 60.1, ""差し"": 11.4, ""まくり差し"": 10.5, ""まくり"": 11.2, ""抜き"": 6.3, ""恵まれ"": 0.6}","[""0〜600円"", ""600〜740円"", ""740〜890円"", ""890〜1050円"", ""1050〜1220円"", ""1220〜1410円"", ""1410〜1630円"", ""1630〜1890円"", ""1890〜2200円"", ""2200〜2560円"", ""2560〜3020円"", ""3020〜3570円"", ""3570〜4280円"", ""4280〜5210円"", ""5210〜6480円"", ""6480〜8300円"", ""8300〜11200円"", ""11200〜16230円"", ""16230〜28240円"", ""28240円〜""]","[6.3, 6.5, 6.6, 6.1, 5.7, 5.2, 5.1, 5.7, 4.4, 4.1, 4.5, 3.9, 4.2, 4.5, 4.2, 4.8, 4.9, 4.0, 4.6, 4.7]","[1.3, 1.5, 1.6, 1.1, 0.7, 0.2, 0.1, 0.7, -0.6, -0.9, -0.5, -1.1, -0.8, -0.5, -0.8, -0.2, -0.1, -1.0, -0.4, -0.3]"
20260924,18,3,1,59.6,"[[""1-5-3"", 0.064], [""1-3-5"", 0.0637], [""1-5-2"", 0.0594], [""1-3-2"", 0.0586], [""1-2-5"", 0.0536], [""1-2-3"", 0.0531], [""1-5-4"", 0.0422], [""1-3-4"", 0.0416], [""1-4-5"", 0.0355]]",3,29.5,"[[""3-1-5"", 0.0166], [""3-1-2"", 0.0152], [""3-1-4"", 0.0108]]","[[""1-4-3"", 0.0352], [""1-5-6"", 0.0288], [""1-3-6"", 0.0284], [""1-2-4"", 0.0275]]",,,False,False,0.7852,強,"{""逃げ"": 72.6, ""差し"": 9.3, ""まくり"": 7.2, ""まくり差し"": 5.5, ""抜き"": 5.4, ""恵まれ"": 0.2}","[""0〜600円"", ""600〜740円"", ""740〜890円"", ""890〜1050円"", ""1050〜1220円"", ""1220〜1410円"", ""1410〜1630円"", ""1630〜1890円"", ""1890〜2200円"", ""2200〜2560円"", ""2560〜3020円"", ""3020〜3570円"", ""3570〜4280円"", ""4280〜5210円"", ""5210〜6480円"", ""6480〜8300円"", ""8300〜11200円"", ""11200〜16230円"", ""16230〜28240円"", ""28240円〜""]","[13.3, 10.0, 7.0, 6.7, 5.8, 5.8, 4.3, 4.3, 4.2, 3.8, 4.5, 3.5, 3.3, 3.0, 2.7, 3.2, 2.7, 3.5, 3.2, 5.4]","[8.3, 5.0, 2.0, 1.7, 0.8, 0.8, -0.7, -0.7, -0.8, -1.2, -0.5, -1.5, -1.7, -2.0, -2.3, -1.8, -2.3, -1.5, -1.8, 0.4]"
20260924,18,4,1,57.6,"[[""1-2-4"", 0.1014], [""1-2-3"", 0.1017], [""1-2-5"", 0.0755], [""1-2-6"", 0.0426]]",2,24.1,"[[""2-1-4"", 0.0414], [""2-1-3"", 0.0415], [""2-1-5"", 0.0308], [""2-1-6"", 0.0174]]","[[""1-4-2"", 0.0584], [""1-3-2"", 0.056], [""1-5-2"", 0.0399], [""4-1-2"", 0.0208]]",1-2,0.4915,False,False,0.7852,中,"{""逃げ"": 60.1, ""差し"": 11.4, ""まくり差し"": 10.5, ""まくり"": 11.2, ""抜き"": 6.3, ""恵まれ"": 0.6}","[""0〜600円"", ""600〜740円"", ""740〜890円"", ""890〜1050円"", ""1050〜1220円"", ""1220〜1410円"", ""1410〜1630円"", ""1630〜1890円"", ""1890〜2200円"", ""2200〜2560円"", ""2560〜3020円"", ""3020〜3570円"", ""3570〜4280円"", ""4280〜5210円"", ""5210〜6480円"", ""6480〜8300円"", ""8300〜11200円"", ""11200〜16230円"", ""16230〜28240円"", ""28240円〜""]","[6.3, 6.5, 6.6, 6.1, 5.7, 5.2, 5.1, 5.7, 4.4, 4.1, 4.5, 3.9, 4.2, 4.5, 4.2, 4.8, 4.9, 4.0, 4.6, 4.7]","[1.3, 1.5, 1.6, 1.1, 0.7, 0.2, 0.1, 0.7, -0.6, -0.9, -0.5, -1.1, -0.8, -0.5, -0.8, -0.2, -0.1, -1.0, -0.4, -0.3]"
20260924,18,5,1,54.1,"[[""1-2-4"", 0.0348], [""1-4-2"", 0.034], [""1-2-3"", 0.0383], [""1-4-3"", 0.0356], [""1-3-2"", 0.0352], [""1-3-4"", 0.0336]]",4,40.9,"[[""4-1-2"", 0.0312], [""4-2-1"", 0.0282], [""4-1-3"", 0.0327], [""4-2-3"", 0.0241]]","[[""2-1-4"", 0.0324], [""2-4-1"", 0.0286], [""2-1-3"", 0.0356], [""3-1-2"", 0.0311]]",,,False,False,0.7852,弱,"{""逃げ"": 40.9, ""差し"": 19.5, ""まくり"": 18.1, ""まくり差し"": 10.8, ""抜き"": 9.9, ""恵まれ"": 0.8}","[""0〜600円"", ""600〜740円"", ""740〜890円"", ""890〜1050円"", ""1050〜1220円"", ""1220〜1410円"", ""1410〜1630円"", ""1630〜1890円"", ""1890〜2200円"", ""2200〜2560円"", ""2560〜3020円"", ""3020〜3570円"", ""3570〜4280円"", ""4280〜5210円"", ""5210〜6480円"", ""6480〜8300円"", ""8300〜11200円"", ""11200〜16230円"", ""16230〜28240円"", ""28240円〜""]","[2.0, 3.2, 4.8, 5.2, 5.4, 4.2, 4.4, 5.7, 6.2, 4.6, 5.5, 6.1, 4.9, 7.0, 5.6, 5.7, 5.6, 4.6, 5.0, 4.4]","[-3.0, -1.8, -0.2, 0.2, 0.4, -0.8, -0.6, 0.7, 1.2, -0.4, 0.5, 1.1, -0.1, 2.0, 0.6, 0.7, 0.6, -0.4, -0.0, -0.6]"
20260924,18,6,3,57.1,"[[""3-2-1"", 0.047], [""3-1-2"", 0.0462], [""3-2-4"", 0.0278], [""3-1-4"", 0.0265], [""3-2-5"", 0.0194], [""3-1-5"", 0.0185]]",1,,"[[""1-3-2"", 0.042], [""1-3-4"", 0.0241], [""1-3-5"", 0.0168]]","[[""2-3-1"", 0.0431], [""2-1-3"", 0.0373], [""1-2-3"", 0.037], [""2-3-4"", 0.0255]]",,,False,True,0.8201,強,"{""逃げ"": 72.6, ""差し"": 9.3, ""まくり"": 7.2, ""まくり差し"": 5.5, ""抜き"": 5.4, ""恵まれ"": 0.2}","[""0〜600円"", ""600〜740円"", ""740〜890円"", ""890〜1050円"", ""1050〜1220円"", ""1220〜1410円"", ""1410〜1630円"", ""1630〜1890円"", ""1890〜2200円"", ""2200〜2560円"", ""2560〜3020円"", ""3020〜3570円"", ""3570〜4280円"", ""4280〜5210円"", ""5210〜6480円"", ""6480〜8300円"", ""8300〜11200円"", ""11200〜16230円"", ""16230〜28240円"", ""28240円〜""]","[13.3, 10.0, 7.0, 6.7, 5.8, 5.8, 4.3, 4.3, 4.2, 3.8, 4.5, 3.5, 3.3, 3.0, 2.7, 3.2, 2.7, 3.5, 3.2, 5.4]","[8.3, 5.0, 2.0, 1.7, 0.8, 0.8, -0.7, -0.7, -0.8, -1.2, -0.5, -1.5, -1.7, -2.0, -2.3, -1.8, -2.3, -1.5, -1.8, 0.4]"
20260924,18,7,1,55.1,"[[""1-2-4"", 0.082], [""1-2-3"", 0.0946], [""1-2-5"", 0.0629]]",2,26.0,"[[""2-1-4"", 0.042], [""2-1-3"", 0.0484], [""2-1-5"", 0.0322]]","[[""1-4-2"", 0.0565], [""1-3-2"", 0.0636], [""1-5-2"", 0.0391], [""4-1-2"", 0.0257]]",1-2,0.4043,False,False,0.7852,強,"{""逃げ"": 72.6, ""差し"": 9.3, ""まくり"": 7.2, ""まくり差し"": 5.5, ""抜き"": 5.4, ""恵まれ"": 0.2}","[""0〜600円"", ""600〜740円"", ""740〜890円"", ""890〜1050円"", ""1050〜1220円"", ""1220〜1410円"", ""1410〜1630円"", ""1630〜1890円"", ""1890〜2200円"", ""2200〜2560円"", ""2560〜3020円"", ""3020〜3570円"", ""3570〜4280円"", ""4280〜5210円"", ""5210〜6480円"", ""6480〜8300円"", ""8300〜11200円"", ""11200〜16230円"", ""16230〜28240円"", ""28240円〜""]","[13.3, 10.0, 7.0, 6.7, 5.8, 5.8, 4.3, 4.3, 4.2, 3.8, 4.5, 3.5, 3.3, 3.0, 2.7, 3.2, 2.7, 3.5, 3.2, 5.4]","[8.3, 5.0, 2.0, 1.7, 0.8, 0.8, -0.7, -0.7, -0.8, -1.2, -0.5, -1.5, -1.7, -2.0, -2.3, -1.8, -2.3, -1.5, -1.8, 0.4]"
20260924,18,8,1,52.1,"[[""1-2-5"", 0.1084], [""1-2-3"", 0.0791], [""1-2-4"", 0.0601]]",2,15.2,"[[""2-1-5"", 0.0769], [""2-1-3"", 0.0561], [""2-1-4"", 0.0426]]","[[""1-5-2"", 0.0592], [""5-1-2"", 0.0335], [""1-3-2"", 0.0388], [""2-5-1"", 0.0277]]",1-2,0.4813,False,False,0.7852,中,"{""逃げ"": 60.1, ""差し"": 11.4, ""まくり差し"": 10.5, ""まくり"": 11.2, ""抜き"": 6.3, ""恵まれ"": 0.6}","[""0〜600円"", ""600〜740円"", ""740〜890円"", ""890〜1050円"", ""1050〜1220円"", ""1220〜1410円"", ""1410〜1630円"", ""1630〜1890円"", ""1890〜2200円"", ""2200〜2560円"", ""2560〜3020円"", ""3020〜3570円"", ""3570〜4280円"", ""4280〜5210円"", ""5210〜6480円"", ""6480〜8300円"", ""8300〜11200円"", ""11200〜16230円"", ""16230〜28240円"", ""28240円〜""]","[6.3, 6.5, 6.6, 6.1, 5.7, 5.2, 5.1, 5.7, 4.4, 4.1, 4.5, 3.9, 4.2, 4.5, 4.2, 4.8, 4.9, 4.0, 4.6, 4.7]","[1.3, 1.5, 1.6, 1.1, 0.7, 0.2, 0.1, 0.7, -0.6, -0.9, -0.5, -1.1, -0.8, -0.5, -0.8, -0.2, -0.1, -1.0, -0.4, -0.3]"
20260924,18,9,1,44.7,"[[""1-3-4"", 0.1131], [""1-3-2"", 0.1429], [""1-3-5"", 0.0365], [""1-3-6"", 0.0281]]",3,26.5,"[[""3-1-4"", 0.035], [""3-1-2"", 0.0443], [""3-1-5"", 0.0113]]","[[""1-4-3"", 0.0745], [""1-2-3"", 0.0939], [""1-4-2"", 0.0416], [""1-2-4"", 0.0415]]",1-3,0.4604,False,False,0.7852,中,"{""逃げ"": 60.1, ""差し"": 11.4, ""まくり差し"": 10.5, ""まくり"": 11.2, ""抜き"": 6.3, ""恵まれ"": 0.6}","[""0〜600円"", ""600〜740円"", ""740〜890円"", ""890〜1050円"", ""1050〜1220円"", ""1220〜1410円"", ""1410〜1630円"", ""1630〜1890円"", ""1890〜2200円"", ""2200〜2560円"", ""2560〜3020円"", ""3020〜3570円"", ""3570〜4280円"", ""4280〜5210円"", ""5210〜6480円"", ""6480〜8300円"", ""8300〜11200円"", ""11200〜16230円"", ""16230〜28240円"", ""28240円〜""]","[6.3, 6.5, 6.6, 6.1, 5.7, 5.2, 5.1, 5.7, 4.4, 4.1, 4.5, 3.9, 4.2, 4.5, 4.2, 4.8, 4.9, 4.0, 4.6, 4.7]","[1.3, 1.5, 1.6, 1.1, 0.7, 0.2, 0.1, 0.7, -0.6, -0.9, -0.5, -1.1, -0.8, -0.5, -0.8, -0.2, -0.1, -1.0, -0.4, -0.3]"
20260924,18,10,1,55.9,"[[""1-2-4"", 0.059], [""1-2-5"", 0.0616], [""1-2-3"", 0.0354], [""1-2-6"", 0.0138]]",2,30.3,"[[""2-1-4"", 0.0465], [""2-1-5"", 0.0485], [""2-1-3"", 0.0278], [""2-1-6"", 0.0108]]","[[""1-4-2"", 0.0422], [""1-5-2"", 0.0418], [""4-1-2"", 0.0283], [""2-4-1"", 0.0246]]",1-2,0.3322,False,False,0.7852,弱,"{""逃げ"": 40.9, ""差し"": 19.5, ""まくり"": 18.1, ""まくり差し"": 10.8, ""抜き"": 9.9, ""恵まれ"": 0.8}","[""0〜600円"", ""600〜740円"", ""740〜890円"", ""890〜1050円"", ""1050〜1220円"", ""1220〜1410円"", ""1410〜1630円"", ""1630〜1890円"", ""1890〜2200円"", ""2200〜2560円"", ""2560〜3020円"", ""3020〜3570円"", ""3570〜4280円"", ""4280〜5210円"", ""5210〜6480円"", ""6480〜8300円"", ""8300〜11200円"", ""11200〜16230円"", ""16230〜28240円"", ""28240円〜""]","[2.0, 3.2, 4.8, 5.2, 5.4, 4.2, 4.4, 5.7, 6.2, 4.6, 5.5, 6.1, 4.9, 7.0, 5.6, 5.7, 5.6, 4.6, 5.0, 4.4]","[-3.0, -1.8, -0.2, 0.2, 0.4, -0.8, -0.6, 0.7, 1.2, -0.4, 0.5, 1.1, -0.1, 2.0, 0.6, 0.7, 0.6, -0.4, -0.0, -0.6]"
20260924,18,11,1,40.0,"[[""1-4-3"", 0.031], [""1-4-2"", 0.0379], [""1-3-4"", 0.0294], [""1-2-4"", 0.0355], [""1-3-2"", 0.0311], [""1-2-3"", 0.0308], [""1-4-6"", 0.0219], [""1-6-4"", 0.0182], [""1-3-6"", 0.018]]",4,23.1,"[[""4-1-3"", 0.0222], [""4-1-2"", 0.0272], [""4-1-6"", 0.0157], [""4-1-5"", 0.0112]]","[[""3-1-4"", 0.0205], [""2-1-4"", 0.0246], [""3-1-2"", 0.0218], [""2-1-3"", 0.0213]]",,,False,False,0.7852,弱,"{""逃げ"": 40.9, ""差し"": 19.5, ""まくり"": 18.1, ""まくり差し"": 10.8, ""抜き"": 9.9, ""恵まれ"": 0.8}","[""0〜600円"", ""600〜740円"", ""740〜890円"", ""890〜1050円"", ""1050〜1220円"", ""1220〜1410円"", ""1410〜1630円"", ""1630〜1890円"", ""1890〜2200円"", ""2200〜2560円"", ""2560〜3020円"", ""3020〜3570円"", ""3570〜4280円"", ""4280〜5210円"", ""5210〜6480円"", ""6480〜8300円"", ""8300〜11200円"", ""11200〜16230円"", ""16230〜28240円"", ""28240円〜""]","[2.0, 3.2, 4.8, 5.2, 5.4, 4.2, 4.4, 5.7, 6.2, 4.6, 5.5, 6.1, 4.9, 7.0, 5.6, 5.7, 5.6, 4.6, 5.0, 4.4]","[-3.0, -1.8, -0.2, 0.2, 0.4, -0.8, -0.6, 0.7, 1.2, -0.4, 0.5, 1.1, -0.1, 2.0, 0.6, 0.7, 0.6, -0.4, -0.0, -0.6]"
20260924,18,12,1,57.1,"[[""1-4-2"", 0.0706], [""1-2-4"", 0.066], [""1-4-3"", 0.0658], [""1-3-4"", 0.0564], [""1-2-3"", 0.0518], [""1-3-2"", 0.0475], [""1-4-5"", 0.0453], [""1-4-6"", 0.045], [""1-5-4"", 0.0362]]",4,37.5,"[[""4-1-2"", 0.014], [""4-1-3"", 0.0131]]","[[""1-6-4"", 0.036], [""1-2-5"", 0.0356], [""1-2-6"", 0.0354], [""1-5-2"", 0.0305]]",,,False,False,0.7852,強,"{""逃げ"": 72.6, ""差し"": 9.3, ""まくり"": 7.2, ""まくり差し"": 5.5, ""抜き"": 5.4, ""恵まれ"": 0.2}","[""0〜600円"", ""600〜740円"", ""740〜890円"", ""890〜1050円"", ""1050〜1220円"", ""1220〜1410円"", ""1410〜1630円"", ""1630〜1890円"", ""1890〜2200円"", ""2200〜2560円"", ""2560〜3020円"", ""3020〜3570円"", ""3570〜4280円"", ""4280〜5210円"", ""5210〜6480円"", ""6480〜8300円"", ""8300〜11200円"", ""11200〜16230円"", ""16230〜28240円"", ""28240円〜""]","[13.3, 10.0, 7.0, 6.7, 5.8, 5.8, 4.3, 4.3, 4.2, 3.8, 4.5, 3.5, 3.3, 3.0, 2.7, 3.2, 2.7, 3.5, 3.2, 5.4]","[8.3, 5.0, 2.0, 1.7, 0.8, 0.8, -0.7, -0.7, -0.8, -1.2, -0.5, -1.5, -1.7, -2.0, -2.3, -1.8, -2.3, -1.5, -1.8, 0.4]"
20260924,19,1,1,45.2,"[[""1-4-2"", 0.0565], [""1-2-4"", 0.0536], [""1-4-3"", 0.0535], [""1-3-4"", 0.0461], [""1-2-3"", 0.0449], [""1-3-2"", 0.0408], [""1-4-6"", 0.0251], [""1-4-5"", 0.025], [""1-2-6"", 0.021]]",2,36.1,"[[""2-1-4"", 0.0274], [""2-1-3"", 0.0229], [""2-1-6"", 0.0107], [""2-1-5"", 0.0107]]","[[""4-1-2"", 0.0294], [""4-1-3"", 0.0278], [""3-1-4"", 0.0227], [""1-2-5"", 0.0209]]",,,False,False,0.7852,弱,"{""逃げ"": 41.9, ""まくり"": 19.5, ""差し"": 16.2, ""まくり差し"": 13.6, ""抜き"": 7.7, ""恵まれ"": 1.1}","[""0〜600円"", ""600〜740円"", ""740〜890円"", ""890〜1050円"", ""1050〜1220円"", ""1220〜1410円"", ""1410〜1630円"", ""1630〜1890円"", ""1890〜2200円"", ""2200〜2560円"", ""2560〜3020円"", ""3020〜3570円"", ""3570〜4280円"", ""4280〜5210円"", ""5210〜6480円"", ""6480〜8300円"", ""8300〜11200円"", ""11200〜16230円"", ""16230〜28240円"", ""28240円〜""]","[1.4, 2.4, 3.2, 3.2, 5.3, 4.8, 5.1, 5.3, 5.6, 6.0, 5.2, 6.1, 6.6, 5.6, 6.0, 6.0, 6.7, 5.6, 5.4, 4.6]","[-3.6, -2.6, -1.8, -1.8, 0.3, -0.2, 0.1, 0.3, 0.6, 1.0, 0.2, 1.1, 1.6, 0.6, 1.0, 1.0, 1.7, 0.6, 0.4, -0.4]"
20260924,19,2,1,53.3,"[[""1-2-4"", 0.0376], [""1-4-2"", 0.0325], [""1-2-3"", 0.0382], [""1-2-6"", 0.0326], [""1-3-2"", 0.0314], [""1-2-5"", 0.0307], [""1-6-2"", 0.026], [""1-5-2"", 0.0242], [""1-4-3"", 0.0223]]",2,38.7,"[[""2-1-4"", 0.0243], [""2-1-3"", 0.0248], [""2-1-6"", 0.0211], [""2-1-5"", 0.0199]]","[[""4-1-2"", 0.0197], [""1-3-4"", 0.0212], [""1-4-6"", 0.0191], [""3-1-2"", 0.0185]]",,,False,False,0.7852,弱,"{""逃げ"": 41.9, ""まくり"": 19.5, ""差し"": 16.2, ""まくり差し"": 13.6, ""抜き"": 7.7, ""恵まれ"": 1.1}","[""0〜600円"", ""600〜740円"", ""740〜890円"", ""890〜1050円"", ""1050〜1220円"", ""1220〜1410円"", ""1410〜1630円"", ""1630〜1890円"", ""1890〜2200円"", ""2200〜2560円"", ""2560〜3020円"", ""3020〜3570円"", ""3570〜4280円"", ""4280〜5210円"", ""5210〜6480円"", ""6480〜8300円"", ""8300〜11200円"", ""11200〜16230円"", ""16230〜28240円"", ""28240円〜""]","[1.4, 2.4, 3.2, 3.2, 5.3, 4.8, 5.1, 5.3, 5.6, 6.0, 5.2, 6.1, 6.6, 5.6, 6.0, 6.0, 6.7, 5.6, 5.4, 4.6]","[-3.6, -2.6, -1.8, -1.8, 0.3, -0.2, 0.1, 0.3, 0.6, 1.0, 0.2, 1.1, 1.6, 0.6, 1.0, 1.0, 1.7, 0.6, 0.4, -0.4]"
20260924,19,3,1,57.1,"[[""1-3-2"", 0.0404], [""1-2-3"", 0.0382], [""1-3-6"", 0.0347], [""1-2-6"", 0.0293], [""1-6-3"", 0.0291], [""1-6-2"", 0.0259], [""1-3-4"", 0.0162], [""1-2-4"", 0.0137], [""1-4-3"", 0.0119]]",2,27.6,"[[""2-1-3"", 0.0334], [""2-3-1"", 0.0288], [""2-1-6"", 0.0256], [""2-3-6"", 0.0168], [""2-1-4"", 0.012]]","[[""3-1-2"", 0.0364], [""3-2-1"", 0.0298], [""3-1-6"", 0.0313], [""6-1-3"", 0.0235]]",,,False,True,0.8201,弱,"{""逃げ"": 41.9, ""まくり"": 19.5, ""差し"": 16.2, ""まくり差し"": 13.6, ""抜き"": 7.7, ""恵まれ"": 1.1}","[""0〜600円"", ""600〜740円"", ""740〜890円"", ""890〜1050円"", ""1050〜1220円"", ""1220〜1410円"", ""1410〜1630円"", ""1630〜1890円"", ""1890〜2200円"", ""2200〜2560円"", ""2560〜3020円"", ""3020〜3570円"", ""3570〜4280円"", ""4280〜5210円"", ""5210〜6480円"", ""6480〜8300円"", ""8300〜11200円"", ""11200〜16230円"", ""16230〜28240円"", ""28240円〜""]","[1.4, 2.4, 3.2, 3.2, 5.3, 4.8, 5.1, 5.3, 5.6, 6.0, 5.2, 6.1, 6.6, 5.6, 6.0, 6.0, 6.7, 5.6, 5.4, 4.6]","[-3.6, -2.6, -1.8, -1.8, 0.3, -0.2, 0.1, 0.3, 0.6, 1.0, 0.2, 1.1, 1.6, 0.6, 1.0, 1.0, 1.7, 0.6, 0.4, -0.4]"
20260924,19,4,1,61.7,"[[""1-2-3"", 0.0512], [""1-3-2"", 0.0506], [""1-2-6"", 0.0305], [""1-3-6"", 0.0294], [""1-2-5"", 0.0181], [""1-3-5"", 0.0175], [""1-2-4"", 0.0171], [""1-3-4"", 0.0165]]",3,31.3,"[[""3-1-2"", 0.0389], [""3-1-6"", 0.0226], [""3-1-5"", 0.0134], [""3-1-4"", 0.0127]]","[[""2-1-3"", 0.0396], [""2-3-1"", 0.0273], [""3-2-1"", 0.0271], [""1-6-2"", 0.0242]]",,,False,True,0.8201,弱,"{""逃げ"": 41.9, ""まくり"": 19.5, ""差し"": 16.2, ""まくり差し"": 13.6, ""抜き"": 7.7, ""恵まれ"": 1.1}","[""0〜600円"", ""600〜740円"", ""740〜890円"", ""890〜1050円"", ""1050〜1220円"", ""1220〜1410円"", ""1410〜1630円"", ""1630〜1890円"", ""1890〜2200円"", ""2200〜2560円"", ""2560〜3020円"", ""3020〜3570円"", ""3570〜4280円"", ""4280〜5210円"", ""5210〜6480円"", ""6480〜8300円"", ""8300〜11200円"", ""11200〜16230円"", ""16230〜28240円"", ""28240円〜""]","[1.4, 2.4, 3.2, 3.2, 5.3, 4.8, 5.1, 5.3, 5.6, 6.0, 5.2, 6.1, 6.6, 5.6, 6.0, 6.0, 6.7, 5.6, 5.4, 4.6]","[-3.6, -2.6, -1.8, -1.8, 0.3, -0.2, 0.1, 0.3, 0.6, 1.0, 0.2, 1.1, 1.6, 0.6, 1.0, 1.0, 1.7, 0.6, 0.4, -0.4]"
20260924,19,5,1,46.4,"[[""1-4-2"", 0.1735], [""1-4-3"", 0.1034], [""1-4-6"", 0.046], [""1-4-5"", 0.0429]]",4,27.7,"[[""4-1-2"", 0.0449], [""4-1-3"", 0.0268], [""4-1-6"", 0.0119], [""4-1-5"", 0.0111]]","[[""1-2-4"", 0.1074], [""1-3-4"", 0.0544], [""2-1-4"", 0.0259], [""1-2-3"", 0.0297]]",1-4,0.5204,True,False,0.7852,強,"{""逃げ"": 69.7, ""まくり差し"": 9.3, ""まくり"": 8.5, ""差し"": 7.1, ""抜き"": 5.0, ""恵まれ"": 0.3}","[""0〜600円"", ""600〜740円"", ""740〜890円"", ""890〜1050円"", ""1050〜1220円"", ""1220〜1410円"", ""1410〜1630円"", ""1630〜1890円"", ""1890〜2200円"", ""2200〜2560円"", ""2560〜3020円"", ""3020〜3570円"", ""3570〜4280円"", ""4280〜5210円"", ""5210〜6480円"", ""6480〜8300円"", ""8300〜11200円"", ""11200〜16230円"", ""16230〜28240円"", ""28240円〜""]","[9.7, 7.0, 7.8, 5.7, 5.8, 5.3, 5.4, 5.2, 4.3, 4.2, 4.2, 4.3, 3.9, 3.9, 3.6, 3.5, 3.4, 3.9, 4.0, 5.0]","[4.7, 2.0, 2.8, 0.7, 0.8, 0.3, 0.4, 0.2, -0.7, -0.8, -0.8, -0.7, -1.1, -1.1, -1.4, -1.5, -1.6, -1.1, -1.0, -0.0]"
20260924,19,6,1,56.5,"[[""1-5-2"", 0.0604], [""1-5-3"", 0.0685], [""1-5-4"", 0.0406]]",5,45.5,"[[""5-1-2"", 0.0406], [""5-1-3"", 0.0461], [""5-1-4"", 0.0273]]","[[""1-2-5"", 0.0479], [""1-3-5"", 0.0525], [""2-1-5"", 0.0292], [""1-2-3"", 0.0332]]",1-5,0.3151,False,False,0.7852,中,"{""逃げ"": 56.9, ""差し"": 11.0, ""まくり差し"": 11.8, ""まくり"": 12.0, ""抜き"": 7.3, ""恵まれ"": 1.0}","[""0〜600円"", ""600〜740円"", ""740〜890円"", ""890〜1050円"", ""1050〜1220円"", ""1220〜1410円"", ""1410〜1630円"", ""1630〜1890円"", ""1890〜2200円"", ""2200〜2560円"", ""2560〜3020円"", ""3020〜3570円"", ""3570〜4280円"", ""4280〜5210円"", ""5210〜6480円"", ""6480〜8300円"", ""8300〜11200円"", ""11200〜16230円"", ""16230〜28240円"", ""28240円〜""]","[5.8, 5.9, 5.8, 5.3, 6.3, 5.5, 5.6, 4.5, 4.6, 4.9, 5.2, 4.0, 4.8, 4.1, 4.9, 4.2, 4.4, 4.6, 4.8, 4.6]","[0.8, 0.9, 0.8, 0.3, 1.3, 0.5, 0.6, -0.5, -0.4, -0.1, 0.2, -1.0, -0.2, -0.9, -0.1, -0.8, -0.6, -0.4, -0.2, -0.4]"
20260924,19,7,1,51.6,"[[""1-4-5"", 0.0687], [""1-5-4"", 0.0681], [""1-4-2"", 0.0559], [""1-5-2"", 0.0545], [""1-2-4"", 0.0475], [""1-2-5"", 0.0467], [""1-4-3"", 0.0312], [""1-5-3"", 0.0303], [""1-3-4"", 0.0238]]",2,30.7,"[[""2-1-4"", 0.0215], [""2-1-5"", 0.0212]]","[[""4-1-5"", 0.0329], [""5-1-4"", 0.0325], [""4-1-2"", 0.0268], [""5-1-2"", 0.026]]",,,False,False,0.7852,中,"{""逃げ"": 56.9, ""差し"": 11.0, ""まくり差し"": 11.8, ""まくり"": 12.0, ""抜き"": 7.3, ""恵まれ"": 1.0}","[""0〜600円"", ""600〜740円"", ""740〜890円"", ""890〜1050円"", ""1050〜1220円"", ""1220〜1410円"", ""1410〜1630円"", ""1630〜1890円"", ""1890〜2200円"", ""2200〜2560円"", ""2560〜3020円"", ""3020〜3570円"", ""3570〜4280円"", ""4280〜5210円"", ""5210〜6480円"", ""6480〜8300円"", ""8300〜11200円"", ""11200〜16230円"", ""16230〜28240円"", ""28240円〜""]","[5.8, 5.9, 5.8, 5.3, 6.3, 5.5, 5.6, 4.5, 4.6, 4.9, 5.2, 4.0, 4.8, 4.1, 4.9, 4.2, 4.4, 4.6, 4.8, 4.6]","[0.8, 0.9, 0.8, 0.3, 1.3, 0.5, 0.6, -0.5, -0.4, -0.1, 0.2, -1.0, -0.2, -0.9, -0.1, -0.8, -0.6, -0.4, -0.2, -0.4]"
20260924,19,8,1,45.9,"[[""1-2-3"", 0.1098], [""1-2-5"", 0.1032], [""1-2-4"", 0.0724], [""1-2-6"", 0.0366]]",2,19.3,"[[""2-1-3"", 0.0494], [""2-1-5"", 0.0465], [""2-1-4"", 0.0326], [""2-1-6"", 0.0165]]","[[""1-3-2"", 0.061], [""1-5-2"", 0.0547], [""1-4-2"", 0.0366], [""3-1-2"", 0.0236]]",1-2,0.5019,False,True,0.8201,中,"{""逃げ"": 56.9, ""差し"": 11.0, ""まくり差し"": 11.8, ""まくり"": 12.0, ""抜き"": 7.3, ""恵まれ"": 1.0}","[""0〜600円"", ""600〜740円"", ""740〜890円"", ""890〜1050円"", ""1050〜1220円"", ""1220〜1410円"", ""1410〜1630円"", ""1630〜1890円"", ""1890〜2200円"", ""2200〜2560円"", ""2560〜3020円"", ""3020〜3570円"", ""3570〜4280円"", ""4280〜5210円"", ""5210〜6480円"", ""6480〜8300円"", ""8300〜11200円"", ""11200〜16230円"", ""16230〜28240円"", ""28240円〜""]","[5.8, 5.9, 5.8, 5.3, 6.3, 5.5, 5.6, 4.5, 4.6, 4.9, 5.2, 4.0, 4.8, 4.1, 4.9, 4.2, 4.4, 4.6, 4.8, 4.6]","[0.8, 0.9, 0.8, 0.3, 1.3, 0.5, 0.6, -0.5, -0.4, -0.1, 0.2, -1.0, -0.2, -0.9, -0.1, -0.8, -0.6, -0.4, -0.2, -0.4]"
20260924,19,9,1,36.4,"[[""1-2-4"", 0.0726], [""1-4-2"", 0.0672], [""1-2-3"", 0.0745], [""1-3-2"", 0.0641], [""1-4-3"", 0.0581], [""1-3-4"", 0.054], [""1-2-5"", 0.0422], [""1-4-5"", 0.0329], [""1-5-2"", 0.0322]]",4,37.2,"[[""4-1-2"", 0.0265], [""4-1-3"", 0.0229], [""4-1-5"", 0.013]]","[[""2-1-4"", 0.0292], [""2-1-3"", 0.03], [""1-5-4"", 0.0271], [""3-1-2"", 0.0247]]",,,False,False,0.7852,中,"{""逃げ"": 56.9, ""差し"": 11.0, ""まくり差し"": 11.8, ""まくり"": 12.0, ""抜き"": 7.3, ""恵まれ"": 1.0}","[""0〜600円"", ""600〜740円"", ""740〜890円"", ""890〜1050円"", ""1050〜1220円"", ""1220〜1410円"", ""1410〜1630円"", ""1630〜1890円"", ""1890〜2200円"", ""2200〜2560円"", ""2560〜3020円"", ""3020〜3570円"", ""3570〜4280円"", ""4280〜5210円"", ""5210〜6480円"", ""6480〜8300円"", ""8300〜11200円"", ""11200〜16230円"", ""16230〜28240円"", ""28240円〜""]","[5.8, 5.9, 5.8, 5.3, 6.3, 5.5, 5.6, 4.5, 4.6, 4.9, 5.2, 4.0, 4.8, 4.1, 4.9, 4.2, 4.4, 4.6, 4.8, 4.6]","[0.8, 0.9, 0.8, 0.3, 1.3, 0.5, 0.6, -0.5, -0.4, -0.1, 0.2, -1.0, -0.2, -0.9, -0.1, -0.8, -0.6, -0.4, -0.2, -0.4]"
20260924,19,10,1,47.1,"[[""1-2-3"", 0.0752], [""1-2-4"", 0.0743], [""1-2-5"", 0.056], [""1-2-6"", 0.0406]]",4,33.9,"[[""4-1-2"", 0.0209]]","[[""1-3-2"", 0.0538], [""1-4-2"", 0.0508], [""2-1-3"", 0.0346], [""1-5-2"", 0.0366]]",,,False,True,0.8201,中,"{""逃げ"": 56.9, ""差し"": 11.0, ""まくり差し"": 11.8, ""まくり"": 12.0, ""抜き"": 7.3, ""恵まれ"": 1.0}","[""0〜600円"", ""600〜740円"", ""740〜890円"", ""890〜1050円"", ""1050〜1220円"", ""1220〜1410円"", ""1410〜1630円"", ""1630〜1890円"", ""1890〜2200円"", ""2200〜2560円"", ""2560〜3020円"", ""3020〜3570円"", ""3570〜4280円"", ""4280〜5210円"", ""5210〜6480円"", ""6480〜8300円"", ""8300〜11200円"", ""11200〜16230円"", ""16230〜28240円"", ""28240円〜""]","[5.8, 5.9, 5.8, 5.3, 6.3, 5.5, 5.6, 4.5, 4.6, 4.9, 5.2, 4.0, 4.8, 4.1, 4.9, 4.2, 4.4, 4.6, 4.8, 4.6]","[0.8, 0.9, 0.8, 0.3, 1.3, 0.5, 0.6, -0.5, -0.4, -0.1, 0.2, -1.0, -0.2, -0.9, -0.1, -0.8, -0.6, -0.4, -0.2, -0.4]"
20260924,19,11,1,50.0,"[[""1-3-2"", 0.1121], [""1-3-4"", 0.0404], [""1-3-6"", 0.0322], [""1-3-5"", 0.0235]]",3,27.7,"[[""3-1-2"", 0.0808], [""3-1-4"", 0.0291], [""3-1-6"", 0.0232], [""3-1-5"", 0.0169]]","[[""1-2-3"", 0.0802], [""2-1-3"", 0.0505], [""3-2-1"", 0.0373], [""2-3-1"", 0.0326]]",1-3,0.4007,False,True,0.8201,中,"{""逃げ"": 56.9, ""差し"": 11.0, ""まくり差し"": 11.8, ""まくり"": 12.0, ""抜き"": 7.3, ""恵まれ"": 1.0}","[""0〜600円"", ""600〜740円"", ""740〜890円"", ""890〜1050円"", ""1050〜1220円"", ""1220〜1410円"", ""1410〜1630円"", ""1630〜1890円"", ""1890〜2200円"", ""2200〜2560円"", ""2560〜3020円"", ""3020〜3570円"", ""3570〜4280円"", ""4280〜5210円"", ""5210〜6480円"", ""6480〜8300円"", ""8300〜11200円"", ""11200〜16230円"", ""16230〜28240円"", ""28240円〜""]","[5.8, 5.9, 5.8, 5.3, 6.3, 5.5, 5.6, 4.5, 4.6, 4.9, 5.2, 4.0, 4.8, 4.1, 4.9, 4.2, 4.4, 4.6, 4.8, 4.6]","[0.8, 0.9, 0.8, 0.3, 1.3, 0.5, 0.6, -0.5, -0.4, -0.1, 0.2, -1.0, -0.2, -0.9, -0.1, -0.8, -0.6, -0.4, -0.2, -0.4]"
20260924,19,12,1,64.9,"[[""1-2-4"", 0.0683], [""1-4-2"", 0.0675], [""1-2-3"", 0.0589], [""1-4-3"", 0.0565], [""1-3-2"", 0.0512], [""1-3-4"", 0.0497], [""1-2-5"", 0.0341], [""1-4-5"", 0.0327], [""1-5-2"", 0.0268]]",4,45.5,"[[""4-1-2"", 0.0247], [""4-1-3"", 0.0207], [""4-1-5"", 0.012]]","[[""2-1-4"", 0.0251], [""1-5-4"", 0.026], [""1-2-6"", 0.0242], [""1-4-6"", 0.0232]]",,,False,False,0.7852,強,"{""逃げ"": 69.7, ""まくり差し"": 9.3, ""まくり"": 8.5, ""差し"": 7.1, ""抜き"": 5.0, ""恵まれ"": 0.3}","[""0〜600円"", ""600〜740円"", ""740〜890円"", ""890〜1050円"", ""1050〜1220円"", ""1220〜1410円"", ""1410〜1630円"", ""1630〜1890円"", ""1890〜2200円"", ""2200〜2560円"", ""2560〜3020円"", ""3020〜3570円"", ""3570〜4280円"", ""4280〜5210円"", ""5210〜6480円"", ""6480〜8300円"", ""8300〜11200円"", ""11200〜16230円"", ""16230〜28240円"", ""28240円〜""]","[9.7, 7.0, 7.8, 5.7, 5.8, 5.3, 5.4, 5.2, 4.3, 4.2, 4.2, 4.3, 3.9, 3.9, 3.6, 3.5, 3.4, 3.9, 4.0, 5.0]","[4.7, 2.0, 2.8, 0.7, 0.8, 0.3, 0.4, 0.2, -0.7, -0.8, -0.8, -0.7, -1.1, -1.1, -1.4, -1.5, -1.6, -1.1, -1.0, -0.0]"
20260924,20,1,1,48.1,"[[""1-3-4"", 0.0391], [""1-3-2"", 0.048], [""1-4-3"", 0.0366], [""1-2-3"", 0.0444], [""1-4-2"", 0.0378], [""1-2-4"", 0.0373], [""1-3-6"", 0.0232], [""1-6-3"", 0.0184], [""1-4-6"", 0.0182]]",3,33.3,"[[""3-1-4"", 0.0252], [""3-1-2"", 0.0309], [""3-1-6"", 0.0149], [""3-1-5"", 0.0111]]","[[""4-1-3"", 0.0229], [""2-1-3"", 0.0275], [""4-1-2"", 0.0236], [""2-1-4"", 0.0231]]",,,False,False,0.7852,強,"{""逃げ"": 66.0, ""差し"": 8.6, ""まくり"": 9.8, ""まくり差し"": 8.1, ""抜き"": 6.9, ""恵まれ"": 0.6}","[""0〜600円"", ""600〜740円"", ""740〜890円"", ""890〜1050円"", ""1050〜1220円"", ""1220〜1410円"", ""1410〜1630円"", ""1630〜1890円"", ""1890〜2200円"", ""2200〜2560円"", ""2560〜3020円"", ""3020〜3570円"", ""3570〜4280円"", ""4280〜5210円"", ""5210〜6480円"", ""6480〜8300円"", ""8300〜11200円"", ""11200〜16230円"", ""16230〜28240円"", ""28240円〜""]","[10.4, 7.5, 5.9, 6.1, 5.9, 6.1, 4.1, 4.6, 4.7, 4.1, 4.2, 4.3, 3.8, 3.7, 3.6, 3.3, 3.8, 4.2, 4.2, 5.4]","[5.4, 2.5, 0.9, 1.1, 0.9, 1.1, -0.9, -0.4, -0.3, -0.9, -0.8, -0.7, -1.2, -1.3, -1.4, -1.7, -1.2, -0.8, -0.8, 0.4]"
20260924,20,2,1,58.8,"[[""1-2-4"", 0.0361], [""1-4-2"", 0.0359], [""1-2-3"", 0.0431], [""1-4-3"", 0.0423], [""1-3-2"", 0.0419], [""1-3-4"", 0.0414], [""1-2-5"", 0.0171], [""1-4-5"", 0.0168], [""1-2-6"", 0.0164]]",3,38.1,"[[""3-1-2"", 0.0271], [""3-1-4"", 0.0268]]","[[""2-1-4"", 0.0236], [""4-1-2"", 0.0235], [""2-1-3"", 0.0282], [""4-1-3"", 0.0277]]",,,False,False,0.7852,強,"{""逃げ"": 66.0, ""差し"": 8.6, ""まくり"": 9.8, ""まくり差し"": 8.1, ""抜き"": 6.9, ""恵まれ"": 0.6}","[""0〜600円"", ""600〜740円"", ""740〜890円"", ""890〜1050円"", ""1050〜1220円"", ""1220〜1410円"", ""1410〜1630円"", ""1630〜1890円"", ""1890〜2200円"", ""2200〜2560円"", ""2560〜3020円"", ""3020〜3570円"", ""3570〜4280円"", ""4280〜5210円"", ""5210〜6480円"", ""6480〜8300円"", ""8300〜11200円"", ""11200〜16230円"", ""16230〜28240円"", ""28240円〜""]","[10.4, 7.5, 5.9, 6.1, 5.9, 6.1, 4.1, 4.6, 4.7, 4.1, 4.2, 4.3, 3.8, 3.7, 3.6, 3.3, 3.8, 4.2, 4.2, 5.4]","[5.4, 2.5, 0.9, 1.1, 0.9, 1.1, -0.9, -0.4, -0.3, -0.9, -0.8, -0.7, -1.2, -1.3, -1.4, -1.7, -1.2, -0.8, -0.8, 0.4]"
20260924,20,3,1,42.2,"[[""1-4-3"", 0.0434], [""1-3-4"", 0.0409], [""1-4-5"", 0.0485], [""1-5-4"", 0.0439], [""1-3-5"", 0.039], [""1-5-3"", 0.0375], [""1-4-2"", 0.0356], [""1-2-4"", 0.03], [""1-3-2"", 0.0286]]",4,34.4,"[[""4-1-3"", 0.0237], [""4-1-5"", 0.0266], [""4-1-2"", 0.0195]]","[[""3-1-4"", 0.0219], [""1-2-3"", 0.0256], [""1-5-2"", 0.0242], [""5-1-4"", 0.0231]]",,,False,False,0.7852,強,"{""逃げ"": 66.0, ""差し"": 8.6, ""まくり"": 9.8, ""まくり差し"": 8.1, ""抜き"": 6.9, ""恵まれ"": 0.6}","[""0〜600円"", ""600〜740円"", ""740〜890円"", ""890〜1050円"", ""1050〜1220円"", ""1220〜1410円"", ""1410〜1630円"", ""1630〜1890円"", ""1890〜2200円"", ""2200〜2560円"", ""2560〜3020円"", ""3020〜3570円"", ""3570〜4280円"", ""4280〜5210円"", ""5210〜6480円"", ""6480〜8300円"", ""8300〜11200円"", ""11200〜16230円"", ""16230〜28240円"", ""28240円〜""]","[10.4, 7.5, 5.9, 6.1, 5.9, 6.1, 4.1, 4.6, 4.7, 4.1, 4.2, 4.3, 3.8, 3.7, 3.6, 3.3, 3.8, 4.2, 4.2, 5.4]","[5.4, 2.5, 0.9, 1.1, 0.9, 1.1, -0.9, -0.4, -0.3, -0.9, -0.8, -0.7, -1.2, -1.3, -1.4, -1.7, -1.2, -0.8, -0.8, 0.4]"
20260924,20,4,1,59.5,"[[""1-3-4"", 0.0459], [""1-4-3"", 0.044], [""1-3-2"", 0.0543], [""1-2-3"", 0.0509], [""1-4-2"", 0.0465], [""1-2-4"", 0.0454], [""1-3-6"", 0.0273], [""1-3-5"", 0.0255], [""1-4-6"", 0.0234]]",2,37.1,"[[""2-1-3"", 0.0235], [""2-1-4"", 0.0209]]","[[""3-1-4"", 0.0216], [""4-1-3"", 0.0205], [""3-1-2"", 0.0256], [""1-6-3"", 0.0222]]",,,False,False,0.7852,強,"{""逃げ"": 66.0, ""差し"": 8.6, ""まくり"": 9.8, ""まくり差し"": 8.1, ""抜き"": 6.9, ""恵まれ"": 0.6}","[""0〜600円"", ""600〜740円"", ""740〜890円"", ""890〜1050円"", ""1050〜1220円"", ""1220〜1410円"", ""1410〜1630円"", ""1630〜1890円"", ""1890〜2200円"", ""2200〜2560円"", ""2560〜3020円"", ""3020〜3570円"", ""3570〜4280円"", ""4280〜5210円"", ""5210〜6480円"", ""6480〜8300円"", ""8300〜11200円"", ""11200〜16230円"", ""16230〜28240円"", ""28240円〜""]","[10.4, 7.5, 5.9, 6.1, 5.9, 6.1, 4.1, 4.6, 4.7, 4.1, 4.2, 4.3, 3.8, 3.7, 3.6, 3.3, 3.8, 4.2, 4.2, 5.4]","[5.4, 2.5, 0.9, 1.1, 0.9, 1.1, -0.9, -0.4, -0.3, -0.9, -0.8, -0.7, -1.2, -1.3, -1.4, -1.7, -1.2, -0.8, -0.8, 0.4]"
20260924,20,5,1,57.9,"[[""1-2-4"", 0.0484], [""1-4-2"", 0.0456], [""1-2-3"", 0.0529], [""1-3-2"", 0.0482], [""1-4-3"", 0.0424], [""1-3-4"", 0.041], [""1-2-5"", 0.0356], [""1-5-2"", 0.0296], [""1-4-5"", 0.0285]]",2,27.0,"[[""2-1-4"", 0.0241], [""2-1-3"", 0.0264], [""2-1-5"", 0.0178]]","[[""4-1-2"", 0.0222], [""1-5-4"", 0.0252], [""1-3-5"", 0.0248], [""3-1-2"", 0.0232]]",,,False,True,0.8201,強,"{""逃げ"": 66.0, ""差し"": 8.6, ""まくり"": 9.8, ""まくり差し"": 8.1, ""抜き"": 6.9, ""恵まれ"": 0.6}","[""0〜600円"", ""600〜740円"", ""740〜890円"", ""890〜1050円"", ""1050〜1220円"", ""1220〜1410円"", ""1410〜1630円"", ""1630〜1890円"", ""1890〜2200円"", ""2200〜2560円"", ""2560〜3020円"", ""3020〜3570円"", ""3570〜4280円"", ""4280〜5210円"", ""5210〜6480円"", ""6480〜8300円"", ""8300〜11200円"", ""11200〜16230円"", ""16230〜28240円"", ""28240円〜""]","[10.4, 7.5, 5.9, 6.1, 5.9, 6.1, 4.1, 4.6, 4.7, 4.1, 4.2, 4.3, 3.8, 3.7, 3.6, 3.3, 3.8, 4.2, 4.2, 5.4]","[5.4, 2.5, 0.9, 1.1, 0.9, 1.1, -0.9, -0.4, -0.3, -0.9, -0.8, -0.7, -1.2, -1.3, -1.4, -1.7, -1.2, -0.8, -0.8, 0.4]"
20260924,20,6,1,52.3,"[[""1-2-3"", 0.0505], [""1-3-2"", 0.0417], [""1-2-5"", 0.0367], [""1-2-4"", 0.0353], [""1-2-6"", 0.0284], [""1-5-2"", 0.0268], [""1-4-2"", 0.0257], [""1-6-2"", 0.0201], [""1-3-5"", 0.0194]]",2,24.8,"[[""2-1-3"", 0.036], [""2-1-5"", 0.0262], [""2-1-4"", 0.0252], [""2-1-6"", 0.0203]]","[[""3-1-2"", 0.0272], [""2-3-1"", 0.0195], [""3-2-1"", 0.0178], [""1-3-4"", 0.0187]]",,,False,True,0.8201,強,"{""逃げ"": 66.0, ""差し"": 8.6, ""まくり"": 9.8, ""まくり差し"": 8.1, ""抜き"": 6.9, ""恵まれ"": 0.6}","[""0〜600円"", ""600〜740円"", ""740〜890円"", ""890〜1050円"", ""1050〜1220円"", ""1220〜1410円"", ""1410〜1630円"", ""1630〜1890円"", ""1890〜2200円"", ""2200〜2560円"", ""2560〜3020円"", ""3020〜3570円"", ""3570〜4280円"", ""4280〜5210円"", ""5210〜6480円"", ""6480〜8300円"", ""8300〜11200円"", ""11200〜16230円"", ""16230〜28240円"", ""28240円〜""]","[10.4, 7.5, 5.9, 6.1, 5.9, 6.1, 4.1, 4.6, 4.7, 4.1, 4.2, 4.3, 3.8, 3.7, 3.6, 3.3, 3.8, 4.2, 4.2, 5.4]","[5.4, 2.5, 0.9, 1.1, 0.9, 1.1, -0.9, -0.4, -0.3, -0.9, -0.8, -0.7, -1.2, -1.3, -1.4, -1.7, -1.2, -0.8, -0.8, 0.4]"
20260924,20,7,1,59.9,"[[""1-4-3"", 0.0391], [""1-3-4"", 0.0384], [""1-4-2"", 0.0433], [""1-2-4"", 0.0408], [""1-3-2"", 0.04], [""1-4-5"", 0.0393], [""1-2-3"", 0.0385], [""1-3-5"", 0.0363], [""1-5-4"", 0.0362]]",4,32.5,"[[""4-1-3"", 0.0159], [""4-1-2"", 0.0176], [""4-1-5"", 0.0159], [""4-1-6"", 0.0105]]","[[""1-5-3"", 0.0341], [""1-2-5"", 0.0303], [""1-5-2"", 0.0296], [""1-4-6"", 0.0258]]",,,False,False,0.7852,強,"{""逃げ"": 66.0, ""差し"": 8.6, ""まくり"": 9.8, ""まくり差し"": 8.1, ""抜き"": 6.9, ""恵まれ"": 0.6}","[""0〜600円"", ""600〜740円"", ""740〜890円"", ""890〜1050円"", ""1050〜1220円"", ""1220〜1410円"", ""1410〜1630円"", ""1630〜1890円"", ""1890〜2200円"", ""2200〜2560円"", ""2560〜3020円"", ""3020〜3570円"", ""3570〜4280円"", ""4280〜5210円"", ""5210〜6480円"", ""6480〜8300円"", ""8300〜11200円"", ""11200〜16230円"", ""16230〜28240円"", ""28240円〜""]","[10.4, 7.5, 5.9, 6.1, 5.9, 6.1, 4.1, 4.6, 4.7, 4.1, 4.2, 4.3, 3.8, 3.7, 3.6, 3.3, 3.8, 4.2, 4.2, 5.4]","[5.4, 2.5, 0.9, 1.1, 0.9, 1.1, -0.9, -0.4, -0.3, -0.9, -0.8, -0.7, -1.2, -1.3, -1.4, -1.7, -1.2, -0.8, -0.8, 0.4]"
20260924,20,8,1,47.3,"[[""1-2-3"", 0.0754], [""1-3-2"", 0.0711], [""1-2-5"", 0.0489], [""1-3-5"", 0.0404], [""1-5-2"", 0.0387], [""1-2-4"", 0.0382], [""1-5-3"", 0.0339], [""1-2-6"", 0.0339], [""1-3-4"", 0.0315]]",2,36.6,"[[""2-1-3"", 0.0303], [""2-1-5"", 0.0197], [""2-1-4"", 0.0154], [""2-1-6"", 0.0136]]","[[""3-1-2"", 0.0281], [""1-4-2"", 0.0291], [""1-3-6"", 0.028], [""1-4-3"", 0.0255]]",,,False,True,0.8201,強,"{""逃げ"": 66.0, ""差し"": 8.6, ""まくり"": 9.8, ""まくり差し"": 8.1, ""抜き"": 6.9, ""恵まれ"": 0.6}","[""0〜600円"", ""600〜740円"", ""740〜890円"", ""890〜1050円"", ""1050〜1220円"", ""1220〜1410円"", ""1410〜1630円"", ""1630〜1890円"", ""1890〜2200円"", ""2200〜2560円"", ""2560〜3020円"", ""3020〜3570円"", ""3570〜4280円"", ""4280〜5210円"", ""5210〜6480円"", ""6480〜8300円"", ""8300〜11200円"", ""11200〜16230円"", ""16230〜28240円"", ""28240円〜""]","[10.4, 7.5, 5.9, 6.1, 5.9, 6.1, 4.1, 4.6, 4.7, 4.1, 4.2, 4.3, 3.8, 3.7, 3.6, 3.3, 3.8, 4.2, 4.2, 5.4]","[5.4, 2.5, 0.9, 1.1, 0.9, 1.1, -0.9, -0.4, -0.3, -0.9, -0.8, -0.7, -1.2, -1.3, -1.4, -1.7, -1.2, -0.8, -0.8, 0.4]"
20260924,20,9,1,43.5,"[[""1-2-3"", 0.0632], [""1-2-4"", 0.0716], [""1-3-2"", 0.0502], [""1-4-2"", 0.0559], [""1-2-5"", 0.0431], [""1-2-6"", 0.0336], [""1-3-4"", 0.0325], [""1-4-3"", 0.0319], [""1-5-2"", 0.0306]]",2,26.1,"[[""2-1-3"", 0.0296], [""2-1-4"", 0.0336], [""2-1-5"", 0.0202], [""2-1-6"", 0.0157]]","[[""3-1-2"", 0.0219], [""4-1-2"", 0.0242], [""1-6-2"", 0.0232], [""1-3-5"", 0.0195]]",,,False,True,0.8201,強,"{""逃げ"": 66.0, ""差し"": 8.6, ""まくり"": 9.8, ""まくり差し"": 8.1, ""抜き"": 6.9, ""恵まれ"": 0.6}","[""0〜600円"", ""600〜740円"", ""740〜890円"", ""890〜1050円"", ""1050〜1220円"", ""1220〜1410円"", ""1410〜1630円"", ""1630〜1890円"", ""1890〜2200円"", ""2200〜2560円"", ""2560〜3020円"", ""3020〜3570円"", ""3570〜4280円"", ""4280〜5210円"", ""5210〜6480円"", ""6480〜8300円"", ""8300〜11200円"", ""11200〜16230円"", ""16230〜28240円"", ""28240円〜""]","[10.4, 7.5, 5.9, 6.1, 5.9, 6.1, 4.1, 4.6, 4.7, 4.1, 4.2, 4.3, 3.8, 3.7, 3.6, 3.3, 3.8, 4.2, 4.2, 5.4]","[5.4, 2.5, 0.9, 1.1, 0.9, 1.1, -0.9, -0.4, -0.3, -0.9, -0.8, -0.7, -1.2, -1.3, -1.4, -1.7, -1.2, -0.8, -0.8, 0.4]"
20260924,20,10,1,41.4,"[[""1-3-2"", 0.0466], [""1-3-5"", 0.0539], [""1-3-4"", 0.0515], [""1-2-3"", 0.0398], [""1-5-3"", 0.0454], [""1-4-3"", 0.043], [""1-2-5"", 0.0296], [""1-5-2"", 0.0292], [""1-2-4"", 0.0284]]",3,37.7,"[[""3-1-2"", 0.0234], [""3-1-5"", 0.0271], [""3-1-4"", 0.0259], [""3-1-6"", 0.011]]","[[""1-4-2"", 0.0277], [""1-5-4"", 0.0265], [""1-4-5"", 0.0262], [""2-1-3"", 0.0189]]",,,False,True,0.8201,強,"{""逃げ"": 66.0, ""差し"": 8.6, ""まくり"": 9.8, ""まくり差し"": 8.1, ""抜き"": 6.9, ""恵まれ"": 0.6}","[""0〜600円"", ""600〜740円"", ""740〜890円"", ""890〜1050円"", ""1050〜1220円"", ""1220〜1410円"", ""1410〜1630円"", ""1630〜1890円"", ""1890〜2200円"", ""2200〜2560円"", ""2560〜3020円"", ""3020〜3570円"", ""3570〜4280円"", ""4280〜5210円"", ""5210〜6480円"", ""6480〜8300円"", ""8300〜11200円"", ""11200〜16230円"", ""16230〜28240円"", ""28240円〜""]","[10.4, 7.5, 5.9, 6.1, 5.9, 6.1, 4.1, 4.6, 4.7, 4.1, 4.2, 4.3, 3.8, 3.7, 3.6, 3.3, 3.8, 4.2, 4.2, 5.4]","[5.4, 2.5, 0.9, 1.1, 0.9, 1.1, -0.9, -0.4, -0.3, -0.9, -0.8, -0.7, -1.2, -1.3, -1.4, -1.7, -1.2, -0.8, -0.8, 0.4]"
20260924,20,11,1,43.4,"[[""1-2-3"", 0.0771], [""1-3-2"", 0.0699], [""1-2-4"", 0.0573], [""1-3-4"", 0.0426], [""1-2-5"", 0.0312], [""1-3-5"", 0.0232], [""1-2-6"", 0.0165], [""1-3-6"", 0.0123]]",2,27.1,"[[""2-1-3"", 0.0421], [""2-1-4"", 0.0313], [""2-1-5"", 0.017]]","[[""3-1-2"", 0.0369], [""1-4-2"", 0.0445], [""1-4-3"", 0.0365], [""3-1-4"", 0.0225]]",,,False,True,0.8201,強,"{""逃げ"": 66.0, ""差し"": 8.6, ""まくり"": 9.8, ""まくり差し"": 8.1, ""抜き"": 6.9, ""恵まれ"": 0.6}","[""0〜600円"", ""600〜740円"", ""740〜890円"", ""890〜1050円"", ""1050〜1220円"", ""1220〜1410円"", ""1410〜1630円"", ""1630〜1890円"", ""1890〜2200円"", ""2200〜2560円"", ""2560〜3020円"", ""3020〜3570円"", ""3570〜4280円"", ""4280〜5210円"", ""5210〜6480円"", ""6480〜8300円"", ""8300〜11200円"", ""11200〜16230円"", ""16230〜28240円"", ""28240円〜""]","[10.4, 7.5, 5.9, 6.1, 5.9, 6.1, 4.1, 4.6, 4.7, 4.1, 4.2, 4.3, 3.8, 3.7, 3.6, 3.3, 3.8, 4.2, 4.2, 5.4]","[5.4, 2.5, 0.9, 1.1, 0.9, 1.1, -0.9, -0.4, -0.3, -0.9, -0.8, -0.7, -1.2, -1.3, -1.4, -1.7, -1.2, -0.8, -0.8, 0.4]"
20260924,20,12,1,53.4,"[[""1-3-2"", 0.0754], [""1-2-3"", 0.0709], [""1-3-4"", 0.0562], [""1-4-3"", 0.0459], [""1-2-4"", 0.0459], [""1-4-2"", 0.0399], [""1-3-5"", 0.0378], [""1-3-6"", 0.0353], [""1-2-5"", 0.0308]]",2,28.7,"[[""2-1-3"", 0.0246], [""2-1-4"", 0.016], [""2-1-5"", 0.0107], [""2-1-6"", 0.01]]","[[""3-1-2"", 0.0266], [""1-5-3"", 0.0289], [""1-2-6"", 0.0288], [""1-6-3"", 0.0268]]",,,False,True,0.8201,強,"{""逃げ"": 66.0, ""差し"": 8.6, ""まくり"": 9.8, ""まくり差し"": 8.1, ""抜き"": 6.9, ""恵まれ"": 0.6}","[""0〜600円"", ""600〜740円"", ""740〜890円"", ""890〜1050円"", ""1050〜1220円"", ""1220〜1410円"", ""1410〜1630円"", ""1630〜1890円"", ""1890〜2200円"", ""2200〜2560円"", ""2560〜3020円"", ""3020〜3570円"", ""3570〜4280円"", ""4280〜5210円"", ""5210〜6480円"", ""6480〜8300円"", ""8300〜11200円"", ""11200〜16230円"", ""16230〜28240円"", ""28240円〜""]","[10.4, 7.5, 5.9, 6.1, 5.9, 6.1, 4.1, 4.6, 4.7, 4.1, 4.2, 4.3, 3.8, 3.7, 3.6, 3.3, 3.8, 4.2, 4.2, 5.4]","[5.4, 2.5, 0.9, 1.1, 0.9, 1.1, -0.9, -0.4, -0.3, -0.9, -0.8, -0.7, -1.2, -1.3, -1.4, -1.7, -1.2, -0.8, -0.8, 0.4]"
20260924,21,1,1,52.9,"[[""1-3-2"", 0.0862], [""1-2-3"", 0.0684], [""1-3-5"", 0.0747], [""1-3-4"", 0.0656], [""1-5-3"", 0.0544], [""1-4-3"", 0.0466], [""1-2-5"", 0.0358], [""1-5-2"", 0.0328], [""1-2-4"", 0.0315]]",3,24.8,"[[""3-1-2"", 0.0326], [""3-1-5"", 0.0282], [""3-1-4"", 0.0248]]","[[""2-1-3"", 0.0244], [""1-4-2"", 0.0281], [""1-5-4"", 0.0205], [""1-3-6"", 0.0202]]",,,False,True,0.8201,強,"{""逃げ"": 66.2, ""まくり"": 10.8, ""まくり差し"": 10.7, ""抜き"": 6.1, ""差し"": 5.4, ""恵まれ"": 0.9}","[""0〜600円"", ""600〜740円"", ""740〜890円"", ""890〜1050円"", ""1050〜1220円"", ""1220〜1410円"", ""1410〜1630円"", ""1630〜1890円"", ""1890〜2200円"", ""2200〜2560円"", ""2560〜3020円"", ""3020〜3570円"", ""3570〜4280円"", ""4280〜5210円"", ""5210〜6480円"", ""6480〜8300円"", ""8300〜11200円"", ""11200〜16230円"", ""16230〜28240円"", ""28240円〜""]","[8.6, 7.6, 6.1, 6.6, 6.1, 5.5, 5.0, 5.0, 4.4, 3.9, 4.2, 4.1, 3.5, 4.0, 3.3, 3.7, 4.3, 3.9, 4.0, 6.1]","[3.6, 2.6, 1.1, 1.6, 1.1, 0.5, -0.0, 0.0, -0.6, -1.1, -0.8, -0.9, -1.5, -1.0, -1.7, -1.3, -0.7, -1.1, -1.0, 1.1]"
20260924,21,2,1,37.1,"[[""1-4-2"", 0.1439], [""1-4-3"", 0.0642], [""1-4-5"", 0.0454], [""1-4-6"", 0.0193]]",4,21.5,"[[""4-1-2"", 0.0921], [""4-1-3"", 0.0411], [""4-1-5"", 0.0291], [""4-1-6"", 0.0124]]","[[""1-2-4"", 0.0816], [""2-1-4"", 0.0432], [""4-2-1"", 0.0299], [""2-4-1"", 0.0248]]",1-4,0.4993,False,True,0.8201,強,"{""逃げ"": 66.2, ""まくり"": 10.8, ""まくり差し"": 10.7, ""抜き"": 6.1, ""差し"": 5.4, ""恵まれ"": 0.9}","[""0〜600円"", ""600〜740円"", ""740〜890円"", ""890〜1050円"", ""1050〜1220円"", ""1220〜1410円"", ""1410〜1630円"", ""1630〜1890円"", ""1890〜2200円"", ""2200〜2560円"", ""2560〜3020円"", ""3020〜3570円"", ""3570〜4280円"", ""4280〜5210円"", ""5210〜6480円"", ""6480〜8300円"", ""8300〜11200円"", ""11200〜16230円"", ""16230〜28240円"", ""28240円〜""]","[8.6, 7.6, 6.1, 6.6, 6.1, 5.5, 5.0, 5.0, 4.4, 3.9, 4.2, 4.1, 3.5, 4.0, 3.3, 3.7, 4.3, 3.9, 4.0, 6.1]","[3.6, 2.6, 1.1, 1.6, 1.1, 0.5, -0.0, 0.0, -0.6, -1.1, -0.8, -0.9, -1.5, -1.0, -1.7, -1.3, -0.7, -1.1, -1.0, 1.1]"
20260924,21,3,1,55.4,"[[""1-3-5"", 0.1266], [""1-3-4"", 0.1271], [""1-3-2"", 0.0517], [""1-3-6"", 0.0127]]",3,29.0,"[[""3-1-5"", 0.0959], [""3-1-4"", 0.0962], [""3-1-2"", 0.0392]]","[[""1-5-3"", 0.0458], [""1-4-3"", 0.0447], [""3-5-1"", 0.0253], [""5-1-3"", 0.0245]]",1-3,0.6077,True,True,0.8201,中,"{""逃げ"": 52.3, ""まくり"": 17.8, ""まくり差し"": 12.2, ""差し"": 9.7, ""抜き"": 7.0, ""恵まれ"": 1.0}","[""0〜600円"", ""600〜740円"", ""740〜890円"", ""890〜1050円"", ""1050〜1220円"", ""1220〜1410円"", ""1410〜1630円"", ""1630〜1890円"", ""1890〜2200円"", ""2200〜2560円"", ""2560〜3020円"", ""3020〜3570円"", ""3570〜4280円"", ""4280〜5210円"", ""5210〜6480円"", ""6480〜8300円"", ""8300〜11200円"", ""11200〜16230円"", ""16230〜28240円"", ""28240円〜""]","[4.9, 4.5, 5.7, 5.4, 6.5, 4.9, 5.1, 4.2, 3.9, 5.3, 3.6, 5.0, 4.4, 4.6, 4.6, 5.5, 5.4, 4.9, 5.2, 6.3]","[-0.1, -0.5, 0.7, 0.4, 1.5, -0.1, 0.1, -0.8, -1.1, 0.3, -1.4, 0.0, -0.6, -0.4, -0.4, 0.5, 0.4, -0.1, 0.2, 1.3]"
20260924,21,4,1,52.8,"[[""1-3-2"", 0.1192], [""1-2-3"", 0.0987], [""1-3-5"", 0.0704], [""1-3-6"", 0.0557], [""1-3-4"", 0.0513], [""1-2-5"", 0.0399], [""1-2-6"", 0.0315], [""1-2-4"", 0.0291]]",3,23.8,"[[""3-1-2"", 0.0241], [""3-1-5"", 0.0142], [""3-1-6"", 0.0112], [""3-1-4"", 0.0104]]","[[""1-5-3"", 0.0489], [""1-6-3"", 0.0375], [""1-4-3"", 0.0342], [""1-5-2"", 0.0335]]",,,False,True,0.8201,強,"{""逃げ"": 66.2, ""まくり"": 10.8, ""まくり差し"": 10.7, ""抜き"": 6.1, ""差し"": 5.4, ""恵まれ"": 0.9}","[""0〜600円"", ""600〜740円"", ""740〜890円"", ""890〜1050円"", ""1050〜1220円"", ""1220〜1410円"", ""1410〜1630円"", ""1630〜1890円"", ""1890〜2200円"", ""2200〜2560円"", ""2560〜3020円"", ""3020〜3570円"", ""3570〜4280円"", ""4280〜5210円"", ""5210〜6480円"", ""6480〜8300円"", ""8300〜11200円"", ""11200〜16230円"", ""16230〜28240円"", ""28240円〜""]","[8.6, 7.6, 6.1, 6.6, 6.1, 5.5, 5.0, 5.0, 4.4, 3.9, 4.2, 4.1, 3.5, 4.0, 3.3, 3.7, 4.3, 3.9, 4.0, 6.1]","[3.6, 2.6, 1.1, 1.6, 1.1, 0.5, -0.0, 0.0, -0.6, -1.1, -0.8, -0.9, -1.5, -1.0, -1.7, -1.3, -0.7, -1.1, -1.0, 1.1]"
20260924,21,5,1,62.8,"[[""1-3-4"", 0.0632], [""1-3-2"", 0.0699], [""1-3-6"", 0.0652], [""1-4-3"", 0.0507], [""1-2-3"", 0.0543], [""1-6-3"", 0.05], [""1-3-5"", 0.044], [""1-5-3"", 0.0317], [""1-4-2"", 0.0313]]",3,26.5,"[[""3-1-4"", 0.0192], [""3-1-2"", 0.0212], [""3-1-6"", 0.0198], [""3-1-5"", 0.0134]]","[[""1-2-4"", 0.0303], [""1-4-6"", 0.0292], [""1-6-4"", 0.0278], [""1-2-6"", 0.0245]]",,,False,False,0.7852,強,"{""逃げ"": 66.2, ""まくり"": 10.8, ""まくり差し"": 10.7, ""抜き"": 6.1, ""差し"": 5.4, ""恵まれ"": 0.9}","[""0〜600円"", ""600〜740円"", ""740〜890円"", ""890〜1050円"", ""1050〜1220円"", ""1220〜1410円"", ""1410〜1630円"", ""1630〜1890円"", ""1890〜2200円"", ""2200〜2560円"", ""2560〜3020円"", ""3020〜3570円"", ""3570〜4280円"", ""4280〜5210円"", ""5210〜6480円"", ""6480〜8300円"", ""8300〜11200円"", ""11200〜16230円"", ""16230〜28240円"", ""28240円〜""]","[8.6, 7.6, 6.1, 6.6, 6.1, 5.5, 5.0, 5.0, 4.4, 3.9, 4.2, 4.1, 3.5, 4.0, 3.3, 3.7, 4.3, 3.9, 4.0, 6.1]","[3.6, 2.6, 1.1, 1.6, 1.1, 0.5, -0.0, 0.0, -0.6, -1.1, -0.8, -0.9, -1.5, -1.0, -1.7, -1.3, -0.7, -1.1, -1.0, 1.1]"
20260924,21,6,1,36.8,"[[""1-6-2"", 0.0349], [""1-2-6"", 0.0344], [""1-6-3"", 0.0255], [""1-2-3"", 0.0243], [""1-3-6"", 0.0211], [""1-3-2"", 0.0204], [""1-6-4"", 0.0188], [""1-2-4"", 0.0179], [""1-4-6"", 0.0147]]",6,29.1,"[[""6-1-2"", 0.0313], [""6-2-1"", 0.0264], [""6-1-3"", 0.0229], [""6-1-4"", 0.0168], [""6-2-3"", 0.0138], [""6-2-4"", 0.0101]]","[[""2-1-6"", 0.0306], [""2-6-1"", 0.0262], [""2-1-3"", 0.0216], [""3-1-6"", 0.0168]]",,,False,False,0.7852,中,"{""逃げ"": 52.3, ""まくり"": 17.8, ""まくり差し"": 12.2, ""差し"": 9.7, ""抜き"": 7.0, ""恵まれ"": 1.0}","[""0〜600円"", ""600〜740円"", ""740〜890円"", ""890〜1050円"", ""1050〜1220円"", ""1220〜1410円"", ""1410〜1630円"", ""1630〜1890円"", ""1890〜2200円"", ""2200〜2560円"", ""2560〜3020円"", ""3020〜3570円"", ""3570〜4280円"", ""4280〜5210円"", ""5210〜6480円"", ""6480〜8300円"", ""8300〜11200円"", ""11200〜16230円"", ""16230〜28240円"", ""28240円〜""]","[4.9, 4.5, 5.7, 5.4, 6.5, 4.9, 5.1, 4.2, 3.9, 5.3, 3.6, 5.0, 4.4, 4.6, 4.6, 5.5, 5.4, 4.9, 5.2, 6.3]","[-0.1, -0.5, 0.7, 0.4, 1.5, -0.1, 0.1, -0.8, -1.1, 0.3, -1.4, 0.0, -0.6, -0.4, -0.4, 0.5, 0.4, -0.1, 0.2, 1.3]"
20260924,21,7,1,66.7,"[[""1-2-3"", 0.0438], [""1-2-4"", 0.0487], [""1-3-2"", 0.0347], [""1-4-2"", 0.0377], [""1-2-6"", 0.0285], [""1-2-5"", 0.0233], [""1-3-4"", 0.022], [""1-4-3"", 0.0215], [""1-6-2"", 0.02]]",4,56.8,"[[""4-1-2"", 0.0253], [""4-1-3"", 0.0144]]","[[""2-1-3"", 0.0335], [""2-1-4"", 0.0373], [""3-1-2"", 0.0236], [""2-3-1"", 0.0191]]",,,False,True,0.8201,弱,"{""逃げ"": 36.7, ""まくり"": 22.9, ""まくり差し"": 14.2, ""差し"": 16.5, ""抜き"": 8.6, ""恵まれ"": 1.0}","[""0〜600円"", ""600〜740円"", ""740〜890円"", ""890〜1050円"", ""1050〜1220円"", ""1220〜1410円"", ""1410〜1630円"", ""1630〜1890円"", ""1890〜2200円"", ""2200〜2560円"", ""2560〜3020円"", ""3020〜3570円"", ""3570〜4280円"", ""4280〜5210円"", ""5210〜6480円"", ""6480〜8300円"", ""8300〜11200円"", ""11200〜16230円"", ""16230〜28240円"", ""28240円〜""]","[1.0, 2.4, 3.4, 4.2, 4.9, 5.4, 5.7, 5.0, 4.9, 5.1, 5.3, 5.2, 5.2, 6.2, 6.7, 6.6, 5.9, 5.4, 6.4, 5.1]","[-4.0, -2.6, -1.6, -0.8, -0.1, 0.4, 0.7, 0.0, -0.1, 0.1, 0.3, 0.2, 0.2, 1.2, 1.7, 1.6, 0.9, 0.4, 1.4, 0.1]"
20260924,21,8,2,60.0,"[[""2-1-4"", 0.0793], [""2-1-3"", 0.0346], [""2-1-6"", 0.0286], [""2-1-5"", 0.0126]]",1,19.4,"[[""1-2-4"", 0.0583], [""1-2-3"", 0.0254], [""1-2-6"", 0.021]]","[[""2-4-1"", 0.0712], [""4-2-1"", 0.0498], [""1-4-2"", 0.0338], [""4-1-2"", 0.0322]]",1-2,0.3067,False,False,0.7852,強,"{""逃げ"": 66.2, ""まくり"": 10.8, ""まくり差し"": 10.7, ""抜き"": 6.1, ""差し"": 5.4, ""恵まれ"": 0.9}","[""0〜600円"", ""600〜740円"", ""740〜890円"", ""890〜1050円"", ""1050〜1220円"", ""1220〜1410円"", ""1410〜1630円"", ""1630〜1890円"", ""1890〜2200円"", ""2200〜2560円"", ""2560〜3020円"", ""3020〜3570円"", ""3570〜4280円"", ""4280〜5210円"", ""5210〜6480円"", ""6480〜8300円"", ""8300〜11200円"", ""11200〜16230円"", ""16230〜28240円"", ""28240円〜""]","[8.6, 7.6, 6.1, 6.6, 6.1, 5.5, 5.0, 5.0, 4.4, 3.9, 4.2, 4.1, 3.5, 4.0, 3.3, 3.7, 4.3, 3.9, 4.0, 6.1]","[3.6, 2.6, 1.1, 1.6, 1.1, 0.5, -0.0, 0.0, -0.6, -1.1, -0.8, -0.9, -1.5, -1.0, -1.7, -1.3, -0.7, -1.1, -1.0, 1.1]"
20260924,21,9,1,41.4,"[[""1-3-2"", 0.071], [""1-3-5"", 0.0778], [""1-2-3"", 0.0618], [""1-5-3"", 0.0655], [""1-2-5"", 0.0489], [""1-5-2"", 0.0473], [""1-3-6"", 0.039], [""1-6-3"", 0.0287], [""1-2-6"", 0.0245]]",3,34.7,"[[""3-1-2"", 0.0284], [""3-1-5"", 0.0312], [""3-1-6"", 0.0156]]","[[""2-1-3"", 0.0238], [""5-1-3"", 0.025], [""1-3-4"", 0.0219], [""1-5-6"", 0.0213]]",,,False,True,0.8201,強,"{""逃げ"": 66.2, ""まくり"": 10.8, ""まくり差し"": 10.7, ""抜き"": 6.1, ""差し"": 5.4, ""恵まれ"": 0.9}","[""0〜600円"", ""600〜740円"", ""740〜890円"", ""890〜1050円"", ""1050〜1220円"", ""1220〜1410円"", ""1410〜1630円"", ""1630〜1890円"", ""1890〜2200円"", ""2200〜2560円"", ""2560〜3020円"", ""3020〜3570円"", ""3570〜4280円"", ""4280〜5210円"", ""5210〜6480円"", ""6480〜8300円"", ""8300〜11200円"", ""11200〜16230円"", ""16230〜28240円"", ""28240円〜""]","[8.6, 7.6, 6.1, 6.6, 6.1, 5.5, 5.0, 5.0, 4.4, 3.9, 4.2, 4.1, 3.5, 4.0, 3.3, 3.7, 4.3, 3.9, 4.0, 6.1]","[3.6, 2.6, 1.1, 1.6, 1.1, 0.5, -0.0, 0.0, -0.6, -1.1, -0.8, -0.9, -1.5, -1.0, -1.7, -1.3, -0.7, -1.1, -1.0, 1.1]"
20260924,21,10,1,53.5,"[[""1-2-3"", 0.0734], [""1-2-4"", 0.0885], [""1-2-5"", 0.0488], [""1-2-6"", 0.0439]]",2,30.0,"[[""2-1-3"", 0.0432], [""2-1-4"", 0.0521], [""2-1-5"", 0.0287], [""2-1-6"", 0.0258]]","[[""1-3-2"", 0.0443], [""1-4-2"", 0.0533], [""1-5-2"", 0.027], [""3-1-2"", 0.0218]]",1-2,0.4301,False,True,0.8201,強,"{""逃げ"": 66.2, ""まくり"": 10.8, ""まくり差し"": 10.7, ""抜き"": 6.1, ""差し"": 5.4, ""恵まれ"": 0.9}","[""0〜600円"", ""600〜740円"", ""740〜890円"", ""890〜1050円"", ""1050〜1220円"", ""1220〜1410円"", ""1410〜1630円"", ""1630〜1890円"", ""1890〜2200円"", ""2200〜2560円"", ""2560〜3020円"", ""3020〜3570円"", ""3570〜4280円"", ""4280〜5210円"", ""5210〜6480円"", ""6480〜8300円"", ""8300〜11200円"", ""11200〜16230円"", ""16230〜28240円"", ""28240円〜""]","[8.6, 7.6, 6.1, 6.6, 6.1, 5.5, 5.0, 5.0, 4.4, 3.9, 4.2, 4.1, 3.5, 4.0, 3.3, 3.7, 4.3, 3.9, 4.0, 6.1]","[3.6, 2.6, 1.1, 1.6, 1.1, 0.5, -0.0, 0.0, -0.6, -1.1, -0.8, -0.9, -1.5, -1.0, -1.7, -1.3, -0.7, -1.1, -1.0, 1.1]"
20260924,21,11,1,40.9,"[[""1-2-4"", 0.0622], [""1-4-2"", 0.0517], [""1-2-3"", 0.0467], [""1-2-6"", 0.0388], [""1-3-2"", 0.0345], [""1-2-5"", 0.03], [""1-6-2"", 0.0278], [""1-4-3"", 0.0258], [""1-3-4"", 0.0229]]",2,37.2,"[[""2-1-4"", 0.0371], [""2-1-3"", 0.0279], [""2-1-6"", 0.0232], [""2-1-5"", 0.018]]","[[""4-1-2"", 0.0287], [""1-4-6"", 0.0214], [""1-5-2"", 0.0208], [""2-4-1"", 0.0163]]",,,False,True,0.8201,中,"{""逃げ"": 52.3, ""まくり"": 17.8, ""まくり差し"": 12.2, ""差し"": 9.7, ""抜き"": 7.0, ""恵まれ"": 1.0}","[""0〜600円"", ""600〜740円"", ""740〜890円"", ""890〜1050円"", ""1050〜1220円"", ""1220〜1410円"", ""1410〜1630円"", ""1630〜1890円"", ""1890〜2200円"", ""2200〜2560円"", ""2560〜3020円"", ""3020〜3570円"", ""3570〜4280円"", ""4280〜5210円"", ""5210〜6480円"", ""6480〜8300円"", ""8300〜11200円"", ""11200〜16230円"", ""16230〜28240円"", ""28240円〜""]","[4.9, 4.5, 5.7, 5.4, 6.5, 4.9, 5.1, 4.2, 3.9, 5.3, 3.6, 5.0, 4.4, 4.6, 4.6, 5.5, 5.4, 4.9, 5.2, 6.3]","[-0.1, -0.5, 0.7, 0.4, 1.5, -0.1, 0.1, -0.8, -1.1, 0.3, -1.4, 0.0, -0.6, -0.4, -0.4, 0.5, 0.4, -0.1, 0.2, 1.3]"
20260924,21,12,1,61.2,"[[""1-2-4"", 0.0724], [""1-4-2"", 0.0601], [""1-2-3"", 0.074], [""1-3-2"", 0.0577], [""1-4-3"", 0.0408], [""1-3-4"", 0.0383], [""1-2-5"", 0.0331], [""1-2-6"", 0.0293], [""1-5-2"", 0.0227]]",2,29.1,"[[""2-1-4"", 0.0336], [""2-1-3"", 0.0344], [""2-1-5"", 0.0154], [""2-1-6"", 0.0136]]","[[""4-1-2"", 0.0263], [""3-1-2"", 0.0247], [""1-6-2"", 0.0198], [""1-4-5"", 0.0183]]",,,False,False,0.7852,強,"{""逃げ"": 66.2, ""まくり"": 10.8, ""まくり差し"": 10.7, ""抜き"": 6.1, ""差し"": 5.4, ""恵まれ"": 0.9}","[""0〜600円"", ""600〜740円"", ""740〜890円"", ""890〜1050円"", ""1050〜1220円"", ""1220〜1410円"", ""1410〜1630円"", ""1630〜1890円"", ""1890〜2200円"", ""2200〜2560円"", ""2560〜3020円"", ""3020〜3570円"", ""3570〜4280円"", ""4280〜5210円"", ""5210〜6480円"", ""6480〜8300円"", ""8300〜11200円"", ""11200〜16230円"", ""16230〜28240円"", ""28240円〜""]","[8.6, 7.6, 6.1, 6.6, 6.1, 5.5, 5.0, 5.0, 4.4, 3.9, 4.2, 4.1, 3.5, 4.0, 3.3, 3.7, 4.3, 3.9, 4.0, 6.1]","[3.6, 2.6, 1.1, 1.6, 1.1, 0.5, -0.0, 0.0, -0.6, -1.1, -0.8, -0.9, -1.5, -1.0, -1.7, -1.3, -0.7, -1.1, -1.0, 1.1]"
20260924,22,1,1,61.7,"[[""1-2-4"", 0.1014], [""1-2-3"", 0.0889], [""1-2-5"", 0.0761]]",2,50.8,"[[""2-1-4"", 0.0405], [""2-1-3"", 0.0355], [""2-1-5"", 0.0304]]","[[""1-4-2"", 0.0725], [""1-3-2"", 0.0579], [""1-5-2"", 0.0483], [""4-1-2"", 0.0266]]",1-2,0.4199,False,False,0.7852,中,"{""逃げ"": 54.0, ""まくり"": 16.8, ""差し"": 12.1, ""抜き"": 8.5, ""まくり差し"": 8.2, ""恵まれ"": 0.3}","[""0〜600円"", ""600〜740円"", ""740〜890円"", ""890〜1050円"", ""1050〜1220円"", ""1220〜1410円"", ""1410〜1630円"", ""1630〜1890円"", ""1890〜2200円"", ""2200〜2560円"", ""2560〜3020円"", ""3020〜3570円"", ""3570〜4280円"", ""4280〜5210円"", ""5210〜6480円"", ""6480〜8300円"", ""8300〜11200円"", ""11200〜16230円"", ""16230〜28240円"", ""28240円〜""]","[6.2, 4.8, 5.4, 6.5, 5.4, 5.5, 5.4, 4.7, 4.8, 4.7, 4.6, 4.5, 5.1, 4.5, 4.9, 4.0, 4.6, 5.6, 5.1, 4.1]","[1.2, -0.2, 0.4, 1.5, 0.4, 0.5, 0.4, -0.3, -0.2, -0.3, -0.4, -0.5, 0.1, -0.5, -0.1, -1.0, -0.4, 0.6, 0.1, -0.9]"
20260924,22,2,1,60.1,"[[""1-5-3"", 0.051], [""1-3-5"", 0.0487], [""1-5-4"", 0.0401], [""1-5-2"", 0.0383], [""1-5-6"", 0.0357], [""1-4-5"", 0.0338], [""1-3-4"", 0.0338], [""1-3-2"", 0.0322], [""1-2-5"", 0.032]]",5,26.0,"[[""5-1-3"", 0.0221], [""5-1-4"", 0.0174], [""5-1-2"", 0.0166], [""5-1-6"", 0.0155]]","[[""1-3-6"", 0.0301], [""1-4-3"", 0.0299], [""1-6-5"", 0.0295], [""1-2-3"", 0.0282]]",,,False,False,0.7852,中,"{""逃げ"": 54.0, ""まくり"": 16.8, ""差し"": 12.1, ""抜き"": 8.5, ""まくり差し"": 8.2, ""恵まれ"": 0.3}","[""0〜600円"", ""600〜740円"", ""740〜890円"", ""890〜1050円"", ""1050〜1220円"", ""1220〜1410円"", ""1410〜1630円"", ""1630〜1890円"", ""1890〜2200円"", ""2200〜2560円"", ""2560〜3020円"", ""3020〜3570円"", ""3570〜4280円"", ""4280〜5210円"", ""5210〜6480円"", ""6480〜8300円"", ""8300〜11200円"", ""11200〜16230円"", ""16230〜28240円"", ""28240円〜""]","[6.2, 4.8, 5.4, 6.5, 5.4, 5.5, 5.4, 4.7, 4.8, 4.7, 4.6, 4.5, 5.1, 4.5, 4.9, 4.0, 4.6, 5.6, 5.1, 4.1]","[1.2, -0.2, 0.4, 1.5, 0.4, 0.5, 0.4, -0.3, -0.2, -0.3, -0.4, -0.5, 0.1, -0.5, -0.1, -1.0, -0.4, 0.6, 0.1, -0.9]"
20260924,22,3,1,50.9,"[[""1-3-2"", 0.0875], [""1-3-4"", 0.0426], [""1-3-5"", 0.0393]]",3,38.2,"[[""3-1-2"", 0.0808], [""3-1-4"", 0.0393], [""3-1-5"", 0.0363]]","[[""1-2-3"", 0.0584], [""3-2-1"", 0.0484], [""2-1-3"", 0.0441], [""2-3-1"", 0.0396]]",1-3,0.3686,False,True,0.8201,弱,"{""逃げ"": 35.8, ""まくり"": 27.7, ""差し"": 16.6, ""まくり差し"": 10.0, ""抜き"": 9.4, ""恵まれ"": 0.5}","[""0〜600円"", ""600〜740円"", ""740〜890円"", ""890〜1050円"", ""1050〜1220円"", ""1220〜1410円"", ""1410〜1630円"", ""1630〜1890円"", ""1890〜2200円"", ""2200〜2560円"", ""2560〜3020円"", ""3020〜3570円"", ""3570〜4280円"", ""4280〜5210円"", ""5210〜6480円"", ""6480〜8300円"", ""8300〜11200円"", ""11200〜16230円"", ""16230〜28240円"", ""28240円〜""]","[1.2, 2.2, 3.6, 3.5, 4.2, 4.7, 5.2, 6.9, 5.6, 6.0, 6.1, 5.9, 6.7, 7.3, 6.0, 5.9, 5.6, 5.4, 4.4, 3.7]","[-3.8, -2.8, -1.4, -1.5, -0.8, -0.3, 0.2, 1.9, 0.6, 1.0, 1.1, 0.9, 1.7, 2.3, 1.0, 0.9, 0.6, 0.4, -0.6, -1.3]"
20260924,22,4,2,54.5,"[[""2-1-4"", 0.0926], [""2-1-5"", 0.0758], [""2-1-3"", 0.0507], [""2-1-6"", 0.0242]]",1,37.8,"[[""1-2-4"", 0.0686], [""1-2-5"", 0.0561], [""1-2-3"", 0.0375], [""1-2-6"", 0.0179]]","[[""2-4-1"", 0.0501], [""2-5-1"", 0.0378], [""4-2-1"", 0.0291], [""1-4-2"", 0.0259]]",1-2,0.4675,False,False,0.7852,強,"{""逃げ"": 66.8, ""まくり"": 12.3, ""差し"": 8.3, ""抜き"": 6.7, ""まくり差し"": 4.9, ""恵まれ"": 1.1}","[""0〜600円"", ""600〜740円"", ""740〜890円"", ""890〜1050円"", ""1050〜1220円"", ""1220〜1410円"", ""1410〜1630円"", ""1630〜1890円"", ""1890〜2200円"", ""2200〜2560円"", ""2560〜3020円"", ""3020〜3570円"", ""3570〜4280円"", ""4280〜5210円"", ""5210〜6480円"", ""6480〜8300円"", ""8300〜11200円"", ""11200〜16230円"", ""16230〜28240円"", ""28240円〜""]","[10.6, 8.4, 7.3, 6.7, 5.4, 5.4, 4.8, 4.5, 4.3, 3.5, 4.8, 3.5, 3.0, 3.5, 3.9, 3.7, 3.7, 3.7, 3.9, 5.4]","[5.6, 3.4, 2.3, 1.7, 0.4, 0.4, -0.2, -0.5, -0.7, -1.5, -0.2, -1.5, -2.0, -1.5, -1.1, -1.3, -1.3, -1.3, -1.1, 0.4]"
20260924,22,5,1,45.5,"[[""1-3-2"", 0.1047], [""1-3-4"", 0.0498], [""1-3-6"", 0.0347]]",2,28.4,"[[""2-1-3"", 0.0528], [""2-1-4"", 0.0202], [""2-1-6"", 0.0141]]","[[""1-2-3"", 0.0913], [""3-1-2"", 0.0636], [""3-2-1"", 0.028], [""1-2-4"", 0.0349]]",,,False,False,0.7852,中,"{""逃げ"": 54.0, ""まくり"": 16.8, ""差し"": 12.1, ""抜き"": 8.5, ""まくり差し"": 8.2, ""恵まれ"": 0.3}","[""0〜600円"", ""600〜740円"", ""740〜890円"", ""890〜1050円"", ""1050〜1220円"", ""1220〜1410円"", ""1410〜1630円"", ""1630〜1890円"", ""1890〜2200円"", ""2200〜2560円"", ""2560〜3020円"", ""3020〜3570円"", ""3570〜4280円"", ""4280〜5210円"", ""5210〜6480円"", ""6480〜8300円"", ""8300〜11200円"", ""11200〜16230円"", ""16230〜28240円"", ""28240円〜""]","[6.2, 4.8, 5.4, 6.5, 5.4, 5.5, 5.4, 4.7, 4.8, 4.7, 4.6, 4.5, 5.1, 4.5, 4.9, 4.0, 4.6, 5.6, 5.1, 4.1]","[1.2, -0.2, 0.4, 1.5, 0.4, 0.5, 0.4, -0.3, -0.2, -0.3, -0.4, -0.5, 0.1, -0.5, -0.1, -1.0, -0.4, 0.6, 0.1, -0.9]"
20260924,22,6,3,53.4,"[[""3-1-2"", 0.0729], [""3-1-4"", 0.0444], [""3-1-5"", 0.0251]]",1,23.2,"[[""1-3-2"", 0.0665], [""1-3-4"", 0.0405], [""1-3-5"", 0.0229]]","[[""3-2-1"", 0.0546], [""1-2-3"", 0.044], [""2-3-1"", 0.0429], [""2-1-3"", 0.0378]]",1-3,0.3188,False,True,0.8201,強,"{""逃げ"": 66.8, ""まくり"": 12.3, ""差し"": 8.3, ""抜き"": 6.7, ""まくり差し"": 4.9, ""恵まれ"": 1.1}","[""0〜600円"", ""600〜740円"", ""740〜890円"", ""890〜1050円"", ""1050〜1220円"", ""1220〜1410円"", ""1410〜1630円"", ""1630〜1890円"", ""1890〜2200円"", ""2200〜2560円"", ""2560〜3020円"", ""3020〜3570円"", ""3570〜4280円"", ""4280〜5210円"", ""5210〜6480円"", ""6480〜8300円"", ""8300〜11200円"", ""11200〜16230円"", ""16230〜28240円"", ""28240円〜""]","[10.6, 8.4, 7.3, 6.7, 5.4, 5.4, 4.8, 4.5, 4.3, 3.5, 4.8, 3.5, 3.0, 3.5, 3.9, 3.7, 3.7, 3.7, 3.9, 5.4]","[5.6, 3.4, 2.3, 1.7, 0.4, 0.4, -0.2, -0.5, -0.7, -1.5, -0.2, -1.5, -2.0, -1.5, -1.1, -1.3, -1.3, -1.3, -1.1, 0.4]"
20260924,22,7,1,54.7,"[[""1-3-2"", 0.0629], [""1-2-3"", 0.0604], [""1-3-6"", 0.0444], [""1-2-6"", 0.0393], [""1-3-4"", 0.0377], [""1-2-4"", 0.0333]]",2,26.0,"[[""2-1-3"", 0.038], [""2-1-6"", 0.0247], [""2-1-4"", 0.021]]","[[""3-1-2"", 0.0402], [""1-6-3"", 0.0358], [""1-6-2"", 0.0329], [""1-4-3"", 0.0294]]",,,False,True,0.8201,中,"{""逃げ"": 54.0, ""まくり"": 16.8, ""差し"": 12.1, ""抜き"": 8.5, ""まくり差し"": 8.2, ""恵まれ"": 0.3}","[""0〜600円"", ""600〜740円"", ""740〜890円"", ""890〜1050円"", ""1050〜1220円"", ""1220〜1410円"", ""1410〜1630円"", ""1630〜1890円"", ""1890〜2200円"", ""2200〜2560円"", ""2560〜3020円"", ""3020〜3570円"", ""3570〜4280円"", ""4280〜5210円"", ""5210〜6480円"", ""6480〜8300円"", ""8300〜11200円"", ""11200〜16230円"", ""16230〜28240円"", ""28240円〜""]","[6.2, 4.8, 5.4, 6.5, 5.4, 5.5, 5.4, 4.7, 4.8, 4.7, 4.6, 4.5, 5.1, 4.5, 4.9, 4.0, 4.6, 5.6, 5.1, 4.1]","[1.2, -0.2, 0.4, 1.5, 0.4, 0.5, 0.4, -0.3, -0.2, -0.3, -0.4, -0.5, 0.1, -0.5, -0.1, -1.0, -0.4, 0.6, 0.1, -0.9]"
20260924,22,8,1,44.2,"[[""1-5-2"", 0.0499], [""1-5-3"", 0.0559], [""1-2-5"", 0.0403], [""1-5-4"", 0.0472], [""1-3-5"", 0.0438], [""1-4-5"", 0.0357], [""1-2-3"", 0.0267], [""1-3-2"", 0.0258], [""1-2-4"", 0.0226]]",2,33.9,"[[""2-1-5"", 0.022], [""2-1-3"", 0.0145], [""2-1-4"", 0.0123]]","[[""5-1-2"", 0.0296], [""5-1-3"", 0.0332], [""5-1-4"", 0.028], [""3-1-5"", 0.0235]]",,,False,False,0.7852,弱,"{""逃げ"": 35.8, ""まくり"": 27.7, ""差し"": 16.6, ""まくり差し"": 10.0, ""抜き"": 9.4, ""恵まれ"": 0.5}","[""0〜600円"", ""600〜740円"", ""740〜890円"", ""890〜1050円"", ""1050〜1220円"", ""1220〜1410円"", ""1410〜1630円"", ""1630〜1890円"", ""1890〜2200円"", ""2200〜2560円"", ""2560〜3020円"", ""3020〜3570円"", ""3570〜4280円"", ""4280〜5210円"", ""5210〜6480円"", ""6480〜8300円"", ""8300〜11200円"", ""11200〜16230円"", ""16230〜28240円"", ""28240円〜""]","[1.2, 2.2, 3.6, 3.5, 4.2, 4.7, 5.2, 6.9, 5.6, 6.0, 6.1, 5.9, 6.7, 7.3, 6.0, 5.9, 5.6, 5.4, 4.4, 3.7]","[-3.8, -2.8, -1.4, -1.5, -0.8, -0.3, 0.2, 1.9, 0.6, 1.0, 1.1, 0.9, 1.7, 2.3, 1.0, 0.9, 0.6, 0.4, -0.6, -1.3]"
20260924,22,9,1,60.4,"[[""1-3-2"", 0.0586], [""1-2-3"", 0.0575], [""1-3-5"", 0.064], [""1-5-3"", 0.0601], [""1-2-5"", 0.0597], [""1-5-2"", 0.0573], [""1-3-4"", 0.0292], [""1-2-4"", 0.0272], [""1-5-4"", 0.0234]]",2,30.6,"[[""2-1-3"", 0.0286], [""2-1-5"", 0.0297], [""2-1-4"", 0.0135]]","[[""3-1-2"", 0.0294], [""3-1-5"", 0.032], [""5-1-3"", 0.0294], [""5-1-2"", 0.0281]]",,,False,True,0.8201,強,"{""逃げ"": 66.8, ""まくり"": 12.3, ""差し"": 8.3, ""抜き"": 6.7, ""まくり差し"": 4.9, ""恵まれ"": 1.1}","[""0〜600円"", ""600〜740円"", ""740〜890円"", ""890〜1050円"", ""1050〜1220円"", ""1220〜1410円"", ""1410〜1630円"", ""1630〜1890円"", ""1890〜2200円"", ""2200〜2560円"", ""2560〜3020円"", ""3020〜3570円"", ""3570〜4280円"", ""4280〜5210円"", ""5210〜6480円"", ""6480〜8300円"", ""8300〜11200円"", ""11200〜16230円"", ""16230〜28240円"", ""28240円〜""]","[10.6, 8.4, 7.3, 6.7, 5.4, 5.4, 4.8, 4.5, 4.3, 3.5, 4.8, 3.5, 3.0, 3.5, 3.9, 3.7, 3.7, 3.7, 3.9, 5.4]","[5.6, 3.4, 2.3, 1.7, 0.4, 0.4, -0.2, -0.5, -0.7, -1.5, -0.2, -1.5, -2.0, -1.5, -1.1, -1.3, -1.3, -1.3, -1.1, 0.4]"
20260924,22,10,1,57.3,"[[""1-3-5"", 0.071], [""1-5-3"", 0.0682], [""1-3-6"", 0.0596], [""1-5-6"", 0.0522], [""1-6-3"", 0.0505], [""1-6-5"", 0.0459], [""1-3-4"", 0.0359], [""1-3-2"", 0.033], [""1-5-4"", 0.0314]]",3,26.0,"[[""3-1-5"", 0.0233], [""3-1-6"", 0.0196], [""3-1-4"", 0.0118], [""3-1-2"", 0.0109]]","[[""1-5-2"", 0.0289], [""5-1-3"", 0.0222], [""1-4-3"", 0.0278], [""1-2-3"", 0.0254]]",,,False,False,0.7852,強,"{""逃げ"": 66.8, ""まくり"": 12.3, ""差し"": 8.3, ""抜き"": 6.7, ""まくり差し"": 4.9, ""恵まれ"": 1.1}","[""0〜600円"", ""600〜740円"", ""740〜890円"", ""890〜1050円"", ""1050〜1220円"", ""1220〜1410円"", ""1410〜1630円"", ""1630〜1890円"", ""1890〜2200円"", ""2200〜2560円"", ""2560〜3020円"", ""3020〜3570円"", ""3570〜4280円"", ""4280〜5210円"", ""5210〜6480円"", ""6480〜8300円"", ""8300〜11200円"", ""11200〜16230円"", ""16230〜28240円"", ""28240円〜""]","[10.6, 8.4, 7.3, 6.7, 5.4, 5.4, 4.8, 4.5, 4.3, 3.5, 4.8, 3.5, 3.0, 3.5, 3.9, 3.7, 3.7, 3.7, 3.9, 5.4]","[5.6, 3.4, 2.3, 1.7, 0.4, 0.4, -0.2, -0.5, -0.7, -1.5, -0.2, -1.5, -2.0, -1.5, -1.1, -1.3, -1.3, -1.3, -1.1, 0.4]"
20260924,22,11,1,50.9,"[[""1-4-2"", 0.0682], [""1-4-3"", 0.0827], [""1-2-4"", 0.064], [""1-3-4"", 0.0762], [""1-2-3"", 0.0658], [""1-3-2"", 0.0647], [""1-4-5"", 0.0423], [""1-2-5"", 0.0336], [""1-5-4"", 0.0336]]",4,25.2,"[[""4-1-2"", 0.0177], [""4-1-3"", 0.0215], [""4-1-5"", 0.011]]","[[""1-3-5"", 0.0315], [""1-5-2"", 0.0285], [""1-5-3"", 0.0271], [""2-1-4"", 0.0164]]",,,False,False,0.7852,強,"{""逃げ"": 66.8, ""まくり"": 12.3, ""差し"": 8.3, ""抜き"": 6.7, ""まくり差し"": 4.9, ""恵まれ"": 1.1}","[""0〜600円"", ""600〜740円"", ""740〜890円"", ""890〜1050円"", ""1050〜1220円"", ""1220〜1410円"", ""1410〜1630円"", ""1630〜1890円"", ""1890〜2200円"", ""2200〜2560円"", ""2560〜3020円"", ""3020〜3570円"", ""3570〜4280円"", ""4280〜5210円"", ""5210〜6480円"", ""6480〜8300円"", ""8300〜11200円"", ""11200〜16230円"", ""16230〜28240円"", ""28240円〜""]","[10.6, 8.4, 7.3, 6.7, 5.4, 5.4, 4.8, 4.5, 4.3, 3.5, 4.8, 3.5, 3.0, 3.5, 3.9, 3.7, 3.7, 3.7, 3.9, 5.4]","[5.6, 3.4, 2.3, 1.7, 0.4, 0.4, -0.2, -0.5, -0.7, -1.5, -0.2, -1.5, -2.0, -1.5, -1.1, -1.3, -1.3, -1.3, -1.1, 0.4]"
20260924,22,12,1,46.2,"[[""1-2-3"", 0.1128], [""1-2-4"", 0.1195], [""1-2-5"", 0.069], [""1-2-6"", 0.0384]]",2,16.9,"[[""2-1-3"", 0.0412], [""2-1-4"", 0.0437], [""2-1-5"", 0.0252], [""2-1-6"", 0.014]]","[[""1-3-2"", 0.0652], [""1-4-2"", 0.0672], [""1-5-2"", 0.036], [""3-1-2"", 0.0211]]",1-2,0.4976,False,True,0.8201,強,"{""逃げ"": 66.8, ""まくり"": 12.3, ""差し"": 8.3, ""抜き"": 6.7, ""まくり差し"": 4.9, ""恵まれ"": 1.1}","[""0〜600円"", ""600〜740円"", ""740〜890円"", ""890〜1050円"", ""1050〜1220円"", ""1220〜1410円"", ""1410〜1630円"", ""1630〜1890円"", ""1890〜2200円"", ""2200〜2560円"", ""2560〜3020円"", ""3020〜3570円"", ""3570〜4280円"", ""4280〜5210円"", ""5210〜6480円"", ""6480〜8300円"", ""8300〜11200円"", ""11200〜16230円"", ""16230〜28240円"", ""28240円〜""]","[10.6, 8.4, 7.3, 6.7, 5.4, 5.4, 4.8, 4.5, 4.3, 3.5, 4.8, 3.5, 3.0, 3.5, 3.9, 3.7, 3.7, 3.7, 3.9, 5.4]","[5.6, 3.4, 2.3, 1.7, 0.4, 0.4, -0.2, -0.5, -0.7, -1.5, -0.2, -1.5, -2.0, -1.5, -1.1, -1.3, -1.3, -1.3, -1.1, 0.4]"
