date,jcd,r,favorite_boat,favorite_nige_rate,scenario1_tickets,challenger_boat,challenger_makuri_rate,scenario2_tickets,scenario3_tickets,aligned_pair,aligned_pair_prob,aligned_pair_flag,knn_agree_trio,knn_trio_calibration_ratio,strength_bin,kimarite_dist,payout_bucket_labels,payout_bucket_pct,payout_bucket_deviation
20260806,02,1,1,39.3,"[[""1-2-4"", 0.0558], [""1-2-3"", 0.0637], [""1-2-6"", 0.0568], [""1-2-5"", 0.0445]]",2,39.7,"[[""2-1-4"", 0.0365], [""2-1-3"", 0.0418], [""2-1-6"", 0.0372], [""2-1-5"", 0.0291]]","[[""1-4-2"", 0.035], [""1-3-2"", 0.0392], [""1-6-2"", 0.0344], [""1-5-2"", 0.0261]]",1-2,0.3906,False,False,0.7866,中,"{""逃げ"": 38.9, ""まくり"": 24.3, ""まくり差し"": 12.7, ""差し"": 15.0, ""抜き"": 8.2, ""恵まれ"": 0.9}","[""0〜600円"", ""600〜750円"", ""750〜900円"", ""900〜1050円"", ""1050〜1220円"", ""1220〜1410円"", ""1410〜1640円"", ""1640〜1890円"", ""1890〜2200円"", ""2200〜2560円"", ""2560〜3020円"", ""3020〜3580円"", ""3580〜4290円"", ""4290〜5220円"", ""5220〜6490円"", ""6490〜8310円"", ""8310〜11220円"", ""11220〜16240円"", ""16240〜28268円"", ""28268円〜""]","[1.0, 2.0, 3.1, 3.2, 4.7, 4.0, 5.1, 5.3, 5.9, 6.1, 4.6, 5.7, 7.0, 5.9, 5.8, 7.0, 6.5, 6.0, 5.5, 5.4]","[-4.0, -3.0, -1.9, -1.8, -0.3, -1.0, 0.1, 0.3, 0.9, 1.1, -0.4, 0.7, 2.0, 0.9, 0.8, 2.0, 1.5, 1.0, 0.5, 0.4]"
20260806,02,2,2,57.8,"[[""2-1-3"", 0.0693], [""2-3-1"", 0.0641], [""2-1-4"", 0.0345], [""2-3-4"", 0.0278], [""2-1-5"", 0.0185], [""2-3-5"", 0.0149], [""2-1-6"", 0.0136], [""2-3-6"", 0.011]]",1,36.4,"[[""1-2-3"", 0.0559], [""1-2-4"", 0.0278], [""1-2-5"", 0.0149], [""1-2-6"", 0.011]]","[[""3-2-1"", 0.0497], [""1-3-2"", 0.0379], [""3-1-2"", 0.0364], [""2-4-1"", 0.0244]]",,,False,True,0.8218,強,"{""逃げ"": 55.9, ""まくり"": 16.4, ""まくり差し"": 10.5, ""差し"": 10.2, ""抜き"": 6.4, ""恵まれ"": 0.7}","[""0〜600円"", ""600〜750円"", ""750〜900円"", ""900〜1050円"", ""1050〜1220円"", ""1220〜1410円"", ""1410〜1640円"", ""1640〜1890円"", ""1890〜2200円"", ""2200〜2560円"", ""2560〜3020円"", ""3020〜3580円"", ""3580〜4290円"", ""4290〜5220円"", ""5220〜6490円"", ""6490〜8310円"", ""8310〜11220円"", ""11220〜16240円"", ""16240〜28268円"", ""28268円〜""]","[2.5, 4.7, 5.2, 5.0, 5.4, 4.8, 5.4, 4.4, 5.1, 5.6, 5.1, 5.1, 4.7, 4.3, 5.0, 5.9, 5.7, 5.3, 5.5, 5.2]","[-2.5, -0.3, 0.2, 0.0, 0.4, -0.2, 0.4, -0.6, 0.1, 0.6, 0.1, 0.1, -0.3, -0.7, -0.0, 0.9, 0.7, 0.3, 0.5, 0.2]"
20260806,02,3,4,47.9,"[[""4-3-1"", 0.0295], [""4-3-6"", 0.0346], [""4-1-3"", 0.0262], [""4-6-3"", 0.0299], [""4-1-6"", 0.0231], [""4-6-1"", 0.0225], [""4-3-2"", 0.0141], [""4-2-3"", 0.0103], [""4-3-5"", 0.0103]]",3,34.5,"[[""3-4-1"", 0.0279], [""3-4-6"", 0.0328], [""3-1-4"", 0.023], [""3-6-4"", 0.0264], [""3-1-6"", 0.0175], [""3-6-1"", 0.017]]","[[""1-4-3"", 0.023], [""1-3-4"", 0.0213], [""6-4-3"", 0.0258], [""6-3-4"", 0.024]]",,,False,False,0.7866,強,"{""逃げ"": 55.9, ""まくり"": 16.4, ""まくり差し"": 10.5, ""差し"": 10.2, ""抜き"": 6.4, ""恵まれ"": 0.7}","[""0〜600円"", ""600〜750円"", ""750〜900円"", ""900〜1050円"", ""1050〜1220円"", ""1220〜1410円"", ""1410〜1640円"", ""1640〜1890円"", ""1890〜2200円"", ""2200〜2560円"", ""2560〜3020円"", ""3020〜3580円"", ""3580〜4290円"", ""4290〜5220円"", ""5220〜6490円"", ""6490〜8310円"", ""8310〜11220円"", ""11220〜16240円"", ""16240〜28268円"", ""28268円〜""]","[2.5, 4.7, 5.2, 5.0, 5.4, 4.8, 5.4, 4.4, 5.1, 5.6, 5.1, 5.1, 4.7, 4.3, 5.0, 5.9, 5.7, 5.3, 5.5, 5.2]","[-2.5, -0.3, 0.2, 0.0, 0.4, -0.2, 0.4, -0.6, 0.1, 0.6, 0.1, 0.1, -0.3, -0.7, -0.0, 0.9, 0.7, 0.3, 0.5, 0.2]"
20260806,02,4,2,56.6,"[[""2-1-5"", 0.0705], [""2-1-4"", 0.0829], [""2-1-6"", 0.0696], [""2-1-3"", 0.0677]]",1,23.2,"[[""1-2-5"", 0.0549], [""1-2-4"", 0.0645], [""1-2-6"", 0.0542], [""1-2-3"", 0.0527]]","[[""2-5-1"", 0.028], [""2-4-1"", 0.0327], [""2-6-1"", 0.027], [""2-3-1"", 0.0262]]",1-2,0.551,True,False,0.7866,強,"{""逃げ"": 55.9, ""まくり"": 16.4, ""まくり差し"": 10.5, ""差し"": 10.2, ""抜き"": 6.4, ""恵まれ"": 0.7}","[""0〜600円"", ""600〜750円"", ""750〜900円"", ""900〜1050円"", ""1050〜1220円"", ""1220〜1410円"", ""1410〜1640円"", ""1640〜1890円"", ""1890〜2200円"", ""2200〜2560円"", ""2560〜3020円"", ""3020〜3580円"", ""3580〜4290円"", ""4290〜5220円"", ""5220〜6490円"", ""6490〜8310円"", ""8310〜11220円"", ""11220〜16240円"", ""16240〜28268円"", ""28268円〜""]","[2.5, 4.7, 5.2, 5.0, 5.4, 4.8, 5.4, 4.4, 5.1, 5.6, 5.1, 5.1, 4.7, 4.3, 5.0, 5.9, 5.7, 5.3, 5.5, 5.2]","[-2.5, -0.3, 0.2, 0.0, 0.4, -0.2, 0.4, -0.6, 0.1, 0.6, 0.1, 0.1, -0.3, -0.7, -0.0, 0.9, 0.7, 0.3, 0.5, 0.2]"
20260806,02,5,1,56.0,"[[""1-4-2"", 0.0961], [""1-4-3"", 0.0421], [""1-4-5"", 0.0417], [""1-4-6"", 0.0375]]",4,28.9,"[[""4-1-2"", 0.0798], [""4-1-3"", 0.035], [""4-1-5"", 0.0347], [""4-1-6"", 0.0312]]","[[""1-2-4"", 0.055], [""4-2-1"", 0.0362], [""2-1-4"", 0.0358], [""2-4-1"", 0.0284]]",1-4,0.4361,False,True,0.8218,中,"{""逃げ"": 38.9, ""まくり"": 24.3, ""まくり差し"": 12.7, ""差し"": 15.0, ""抜き"": 8.2, ""恵まれ"": 0.9}","[""0〜600円"", ""600〜750円"", ""750〜900円"", ""900〜1050円"", ""1050〜1220円"", ""1220〜1410円"", ""1410〜1640円"", ""1640〜1890円"", ""1890〜2200円"", ""2200〜2560円"", ""2560〜3020円"", ""3020〜3580円"", ""3580〜4290円"", ""4290〜5220円"", ""5220〜6490円"", ""6490〜8310円"", ""8310〜11220円"", ""11220〜16240円"", ""16240〜28268円"", ""28268円〜""]","[1.0, 2.0, 3.1, 3.2, 4.7, 4.0, 5.1, 5.3, 5.9, 6.1, 4.6, 5.7, 7.0, 5.9, 5.8, 7.0, 6.5, 6.0, 5.5, 5.4]","[-4.0, -3.0, -1.9, -1.8, -0.3, -1.0, 0.1, 0.3, 0.9, 1.1, -0.4, 0.7, 2.0, 0.9, 0.8, 2.0, 1.5, 1.0, 0.5, 0.4]"
20260806,02,6,4,45.7,"[[""4-2-3"", 0.0431], [""4-3-2"", 0.0409], [""4-2-1"", 0.0359], [""4-2-5"", 0.0325], [""4-3-1"", 0.0302], [""4-1-2"", 0.0297], [""4-3-5"", 0.0274], [""4-1-3"", 0.0264], [""4-5-2"", 0.0264]]",2,27.5,"[[""2-4-3"", 0.0335], [""2-4-1"", 0.0278], [""2-4-5"", 0.0252]]","[[""3-4-2"", 0.0308], [""2-3-4"", 0.0225], [""3-2-4"", 0.0219], [""4-5-3"", 0.0234]]",,,False,False,0.7866,強,"{""逃げ"": 55.9, ""まくり"": 16.4, ""まくり差し"": 10.5, ""差し"": 10.2, ""抜き"": 6.4, ""恵まれ"": 0.7}","[""0〜600円"", ""600〜750円"", ""750〜900円"", ""900〜1050円"", ""1050〜1220円"", ""1220〜1410円"", ""1410〜1640円"", ""1640〜1890円"", ""1890〜2200円"", ""2200〜2560円"", ""2560〜3020円"", ""3020〜3580円"", ""3580〜4290円"", ""4290〜5220円"", ""5220〜6490円"", ""6490〜8310円"", ""8310〜11220円"", ""11220〜16240円"", ""16240〜28268円"", ""28268円〜""]","[2.5, 4.7, 5.2, 5.0, 5.4, 4.8, 5.4, 4.4, 5.1, 5.6, 5.1, 5.1, 4.7, 4.3, 5.0, 5.9, 5.7, 5.3, 5.5, 5.2]","[-2.5, -0.3, 0.2, 0.0, 0.4, -0.2, 0.4, -0.6, 0.1, 0.6, 0.1, 0.1, -0.3, -0.7, -0.0, 0.9, 0.7, 0.3, 0.5, 0.2]"
20260806,02,7,1,54.3,"[[""1-3-2"", 0.1371], [""1-3-4"", 0.1027], [""1-3-6"", 0.0527], [""1-3-5"", 0.0325]]",3,36.4,"[[""3-1-2"", 0.0191], [""3-1-4"", 0.0143]]","[[""1-2-3"", 0.1123], [""1-4-3"", 0.0733], [""1-2-4"", 0.0572], [""1-4-2"", 0.0499]]",1-3,0.4043,False,True,0.8218,強,"{""逃げ"": 55.9, ""まくり"": 16.4, ""まくり差し"": 10.5, ""差し"": 10.2, ""抜き"": 6.4, ""恵まれ"": 0.7}","[""0〜600円"", ""600〜750円"", ""750〜900円"", ""900〜1050円"", ""1050〜1220円"", ""1220〜1410円"", ""1410〜1640円"", ""1640〜1890円"", ""1890〜2200円"", ""2200〜2560円"", ""2560〜3020円"", ""3020〜3580円"", ""3580〜4290円"", ""4290〜5220円"", ""5220〜6490円"", ""6490〜8310円"", ""8310〜11220円"", ""11220〜16240円"", ""16240〜28268円"", ""28268円〜""]","[2.5, 4.7, 5.2, 5.0, 5.4, 4.8, 5.4, 4.4, 5.1, 5.6, 5.1, 5.1, 4.7, 4.3, 5.0, 5.9, 5.7, 5.3, 5.5, 5.2]","[-2.5, -0.3, 0.2, 0.0, 0.4, -0.2, 0.4, -0.6, 0.1, 0.6, 0.1, 0.1, -0.3, -0.7, -0.0, 0.9, 0.7, 0.3, 0.5, 0.2]"
20260806,02,8,4,60.4,"[[""4-1-2"", 0.0908], [""4-1-3"", 0.0841], [""4-1-6"", 0.0604], [""4-1-5"", 0.0149]]",1,19.7,"[[""1-4-2"", 0.056], [""1-4-3"", 0.0519], [""1-4-6"", 0.0373]]","[[""4-2-1"", 0.0558], [""4-3-1"", 0.0488], [""2-4-1"", 0.029], [""4-6-1"", 0.0333]]",1-4,0.4363,False,True,0.8218,強,"{""逃げ"": 55.9, ""まくり"": 16.4, ""まくり差し"": 10.5, ""差し"": 10.2, ""抜き"": 6.4, ""恵まれ"": 0.7}","[""0〜600円"", ""600〜750円"", ""750〜900円"", ""900〜1050円"", ""1050〜1220円"", ""1220〜1410円"", ""1410〜1640円"", ""1640〜1890円"", ""1890〜2200円"", ""2200〜2560円"", ""2560〜3020円"", ""3020〜3580円"", ""3580〜4290円"", ""4290〜5220円"", ""5220〜6490円"", ""6490〜8310円"", ""8310〜11220円"", ""11220〜16240円"", ""16240〜28268円"", ""28268円〜""]","[2.5, 4.7, 5.2, 5.0, 5.4, 4.8, 5.4, 4.4, 5.1, 5.6, 5.1, 5.1, 4.7, 4.3, 5.0, 5.9, 5.7, 5.3, 5.5, 5.2]","[-2.5, -0.3, 0.2, 0.0, 0.4, -0.2, 0.4, -0.6, 0.1, 0.6, 0.1, 0.1, -0.3, -0.7, -0.0, 0.9, 0.7, 0.3, 0.5, 0.2]"
20260806,02,9,1,42.6,"[[""1-2-5"", 0.0266], [""1-2-3"", 0.0314], [""1-5-2"", 0.0234], [""1-3-2"", 0.0269], [""1-5-3"", 0.0201], [""1-3-5"", 0.0196], [""1-2-4"", 0.0133], [""1-2-6"", 0.0107]]",2,37.5,"[[""2-1-5"", 0.0263], [""2-1-3"", 0.031], [""2-5-1"", 0.0227], [""2-3-1"", 0.0261], [""2-5-3"", 0.0189], [""2-3-5"", 0.0185]]","[[""5-1-2"", 0.0212], [""5-2-1"", 0.0208], [""3-1-2"", 0.024], [""3-2-1"", 0.0236]]",,,False,False,0.7866,弱,"{""まくり"": 37.2, ""逃げ"": 25.0, ""差し"": 17.8, ""まくり差し"": 11.8, ""抜き"": 7.5, ""恵まれ"": 0.7}","[""0〜600円"", ""600〜750円"", ""750〜900円"", ""900〜1050円"", ""1050〜1220円"", ""1220〜1410円"", ""1410〜1640円"", ""1640〜1890円"", ""1890〜2200円"", ""2200〜2560円"", ""2560〜3020円"", ""3020〜3580円"", ""3580〜4290円"", ""4290〜5220円"", ""5220〜6490円"", ""6490〜8310円"", ""8310〜11220円"", ""11220〜16240円"", ""16240〜28268円"", ""28268円〜""]","[0.3, 0.5, 1.8, 2.0, 2.6, 3.3, 4.7, 5.8, 5.1, 6.3, 7.0, 7.2, 8.0, 6.0, 7.7, 7.8, 7.8, 6.9, 5.0, 4.1]","[-4.7, -4.5, -3.2, -3.0, -2.4, -1.7, -0.3, 0.8, 0.1, 1.3, 2.0, 2.2, 3.0, 1.0, 2.7, 2.8, 2.8, 1.9, -0.0, -0.9]"
20260806,02,10,1,49.0,"[[""1-2-5"", 0.0442], [""1-5-2"", 0.0436], [""1-2-3"", 0.0484], [""1-5-3"", 0.0459], [""1-3-2"", 0.0453], [""1-3-5"", 0.0436], [""1-2-6"", 0.0236], [""1-5-6"", 0.0223], [""1-6-2"", 0.019]]",2,31.0,"[[""2-1-5"", 0.0247], [""2-1-3"", 0.027], [""2-1-6"", 0.0132], [""2-1-4"", 0.0106]]","[[""5-1-2"", 0.0242], [""5-1-3"", 0.0255], [""3-1-2"", 0.0246], [""3-1-5"", 0.0237]]",,,False,False,0.7866,中,"{""逃げ"": 38.9, ""まくり"": 24.3, ""まくり差し"": 12.7, ""差し"": 15.0, ""抜き"": 8.2, ""恵まれ"": 0.9}","[""0〜600円"", ""600〜750円"", ""750〜900円"", ""900〜1050円"", ""1050〜1220円"", ""1220〜1410円"", ""1410〜1640円"", ""1640〜1890円"", ""1890〜2200円"", ""2200〜2560円"", ""2560〜3020円"", ""3020〜3580円"", ""3580〜4290円"", ""4290〜5220円"", ""5220〜6490円"", ""6490〜8310円"", ""8310〜11220円"", ""11220〜16240円"", ""16240〜28268円"", ""28268円〜""]","[1.0, 2.0, 3.1, 3.2, 4.7, 4.0, 5.1, 5.3, 5.9, 6.1, 4.6, 5.7, 7.0, 5.9, 5.8, 7.0, 6.5, 6.0, 5.5, 5.4]","[-4.0, -3.0, -1.9, -1.8, -0.3, -1.0, 0.1, 0.3, 0.9, 1.1, -0.4, 0.7, 2.0, 0.9, 0.8, 2.0, 1.5, 1.0, 0.5, 0.4]"
20260806,02,11,1,47.9,"[[""1-5-2"", 0.0578], [""1-2-5"", 0.0508], [""1-5-3"", 0.056], [""1-5-4"", 0.0546], [""1-3-5"", 0.0457], [""1-4-5"", 0.0443], [""1-2-3"", 0.036], [""1-2-4"", 0.0351], [""1-3-2"", 0.0334]]",5,32.5,"[[""5-1-2"", 0.0276], [""5-1-3"", 0.0268], [""5-1-4"", 0.0261]]","[[""1-4-2"", 0.0324], [""2-1-5"", 0.0233], [""1-3-4"", 0.0248], [""1-4-3"", 0.0247]]",,,False,False,0.7866,強,"{""逃げ"": 55.9, ""まくり"": 16.4, ""まくり差し"": 10.5, ""差し"": 10.2, ""抜き"": 6.4, ""恵まれ"": 0.7}","[""0〜600円"", ""600〜750円"", ""750〜900円"", ""900〜1050円"", ""1050〜1220円"", ""1220〜1410円"", ""1410〜1640円"", ""1640〜1890円"", ""1890〜2200円"", ""2200〜2560円"", ""2560〜3020円"", ""3020〜3580円"", ""3580〜4290円"", ""4290〜5220円"", ""5220〜6490円"", ""6490〜8310円"", ""8310〜11220円"", ""11220〜16240円"", ""16240〜28268円"", ""28268円〜""]","[2.5, 4.7, 5.2, 5.0, 5.4, 4.8, 5.4, 4.4, 5.1, 5.6, 5.1, 5.1, 4.7, 4.3, 5.0, 5.9, 5.7, 5.3, 5.5, 5.2]","[-2.5, -0.3, 0.2, 0.0, 0.4, -0.2, 0.4, -0.6, 0.1, 0.6, 0.1, 0.1, -0.3, -0.7, -0.0, 0.9, 0.7, 0.3, 0.5, 0.2]"
20260806,02,12,1,53.2,"[[""1-3-4"", 0.0455], [""1-3-5"", 0.0536], [""1-4-3"", 0.041], [""1-3-2"", 0.0499], [""1-5-3"", 0.0474], [""1-2-3"", 0.0434], [""1-4-5"", 0.0357], [""1-5-4"", 0.035], [""1-4-2"", 0.0332]]",2,45.2,"[[""2-1-3"", 0.0161], [""2-1-4"", 0.0119], [""2-1-5"", 0.011]]","[[""1-2-4"", 0.032], [""1-5-2"", 0.0302], [""1-2-5"", 0.0297], [""1-3-6"", 0.029]]",,,False,False,0.7866,強,"{""逃げ"": 55.9, ""まくり"": 16.4, ""まくり差し"": 10.5, ""差し"": 10.2, ""抜き"": 6.4, ""恵まれ"": 0.7}","[""0〜600円"", ""600〜750円"", ""750〜900円"", ""900〜1050円"", ""1050〜1220円"", ""1220〜1410円"", ""1410〜1640円"", ""1640〜1890円"", ""1890〜2200円"", ""2200〜2560円"", ""2560〜3020円"", ""3020〜3580円"", ""3580〜4290円"", ""4290〜5220円"", ""5220〜6490円"", ""6490〜8310円"", ""8310〜11220円"", ""11220〜16240円"", ""16240〜28268円"", ""28268円〜""]","[2.5, 4.7, 5.2, 5.0, 5.4, 4.8, 5.4, 4.4, 5.1, 5.6, 5.1, 5.1, 4.7, 4.3, 5.0, 5.9, 5.7, 5.3, 5.5, 5.2]","[-2.5, -0.3, 0.2, 0.0, 0.4, -0.2, 0.4, -0.6, 0.1, 0.6, 0.1, 0.1, -0.3, -0.7, -0.0, 0.9, 0.7, 0.3, 0.5, 0.2]"
20260806,04,1,1,60.4,"[[""1-2-3"", 0.0663], [""1-3-2"", 0.0632], [""1-2-4"", 0.0382], [""1-3-4"", 0.0331], [""1-2-5"", 0.03], [""1-3-5"", 0.026], [""1-2-6"", 0.0195], [""1-3-6"", 0.0169]]",3,27.3,"[[""3-1-2"", 0.0386], [""3-1-4"", 0.0202], [""3-1-5"", 0.0159], [""3-1-6"", 0.0103]]","[[""2-1-3"", 0.0413], [""1-4-2"", 0.0294], [""1-4-3"", 0.0267], [""2-3-1"", 0.0209]]",,,False,True,0.8218,中,"{""逃げ"": 42.5, ""まくり"": 19.1, ""差し"": 16.7, ""まくり差し"": 13.3, ""抜き"": 7.2, ""恵まれ"": 1.3}","[""0〜600円"", ""600〜750円"", ""750〜900円"", ""900〜1050円"", ""1050〜1220円"", ""1220〜1410円"", ""1410〜1640円"", ""1640〜1890円"", ""1890〜2200円"", ""2200〜2560円"", ""2560〜3020円"", ""3020〜3580円"", ""3580〜4290円"", ""4290〜5220円"", ""5220〜6490円"", ""6490〜8310円"", ""8310〜11220円"", ""11220〜16240円"", ""16240〜28268円"", ""28268円〜""]","[0.7, 1.6, 3.2, 3.0, 4.1, 6.0, 5.3, 5.1, 5.3, 5.8, 5.3, 6.9, 6.3, 5.9, 5.3, 6.0, 7.4, 5.8, 6.1, 5.0]","[-4.3, -3.4, -1.8, -2.0, -0.9, 1.0, 0.3, 0.1, 0.3, 0.8, 0.3, 1.9, 1.3, 0.9, 0.3, 1.0, 2.4, 0.8, 1.1, -0.0]"
20260806,04,2,1,55.7,"[[""1-2-3"", 0.0887], [""1-3-2"", 0.085], [""1-2-4"", 0.0666], [""1-3-4"", 0.0579], [""1-2-5"", 0.0567], [""1-4-2"", 0.0555], [""1-4-3"", 0.0503], [""1-3-5"", 0.0492], [""1-5-2"", 0.0458]]",2,35.0,"[[""2-1-3"", 0.0151], [""2-1-4"", 0.0114]]","[[""1-5-3"", 0.0415], [""1-2-6"", 0.0308], [""1-3-6"", 0.0267], [""1-4-5"", 0.0264]]",,,False,True,0.8218,強,"{""逃げ"": 56.9, ""差し"": 13.0, ""まくり"": 11.9, ""まくり差し"": 10.0, ""抜き"": 7.5, ""恵まれ"": 0.9}","[""0〜600円"", ""600〜750円"", ""750〜900円"", ""900〜1050円"", ""1050〜1220円"", ""1220〜1410円"", ""1410〜1640円"", ""1640〜1890円"", ""1890〜2200円"", ""2200〜2560円"", ""2560〜3020円"", ""3020〜3580円"", ""3580〜4290円"", ""4290〜5220円"", ""5220〜6490円"", ""6490〜8310円"", ""8310〜11220円"", ""11220〜16240円"", ""16240〜28268円"", ""28268円〜""]","[2.6, 3.9, 5.7, 5.6, 4.9, 5.6, 5.3, 4.6, 5.4, 4.6, 5.5, 5.1, 5.3, 4.6, 4.3, 5.0, 5.3, 5.0, 5.9, 5.7]","[-2.4, -1.1, 0.7, 0.6, -0.1, 0.6, 0.3, -0.4, 0.4, -0.4, 0.5, 0.1, 0.3, -0.4, -0.7, -0.0, 0.3, 0.0, 0.9, 0.7]"
20260806,04,3,1,49.4,"[[""1-4-3"", 0.0357], [""1-3-4"", 0.0326], [""1-4-2"", 0.027], [""1-2-4"", 0.0213], [""1-4-5"", 0.0206], [""1-3-2"", 0.0203], [""1-2-3"", 0.0175], [""1-3-5"", 0.0155], [""1-5-4"", 0.0154]]",4,40.7,"[[""4-1-3"", 0.0331], [""4-3-1"", 0.0272], [""4-1-2"", 0.0251], [""4-1-5"", 0.0191], [""4-3-2"", 0.0138], [""4-3-5"", 0.0105]]","[[""3-1-4"", 0.0286], [""3-4-1"", 0.0258], [""4-2-1"", 0.018], [""3-1-2"", 0.0178]]",,,False,False,0.7866,弱,"{""逃げ"": 27.2, ""まくり"": 25.5, ""差し"": 23.1, ""まくり差し"": 14.6, ""抜き"": 8.2, ""恵まれ"": 1.3}","[""0〜600円"", ""600〜750円"", ""750〜900円"", ""900〜1050円"", ""1050〜1220円"", ""1220〜1410円"", ""1410〜1640円"", ""1640〜1890円"", ""1890〜2200円"", ""2200〜2560円"", ""2560〜3020円"", ""3020〜3580円"", ""3580〜4290円"", ""4290〜5220円"", ""5220〜6490円"", ""6490〜8310円"", ""8310〜11220円"", ""11220〜16240円"", ""16240〜28268円"", ""28268円〜""]","[0.3, 1.0, 0.9, 1.7, 3.0, 3.6, 3.7, 4.9, 5.9, 6.1, 7.7, 6.4, 7.3, 7.1, 8.5, 8.0, 7.3, 6.1, 5.9, 4.2]","[-4.7, -4.0, -4.1, -3.3, -2.0, -1.4, -1.3, -0.1, 0.9, 1.1, 2.7, 1.4, 2.3, 2.1, 3.5, 3.0, 2.3, 1.1, 0.9, -0.8]"
20260806,04,4,4,50.6,"[[""4-3-1"", 0.0292], [""4-1-3"", 0.0264], [""4-3-5"", 0.0333], [""4-3-2"", 0.031], [""4-5-3"", 0.0292], [""4-2-3"", 0.0267], [""4-1-5"", 0.0221], [""4-3-6"", 0.0218], [""4-5-1"", 0.0215]]",2,44.7,"[[""2-4-3"", 0.0172], [""2-4-1"", 0.0126], [""2-4-5"", 0.0113]]","[[""3-4-1"", 0.0202], [""3-4-5"", 0.023], [""1-4-3"", 0.0173], [""3-4-2"", 0.0214]]",,,False,False,0.7866,強,"{""逃げ"": 56.9, ""差し"": 13.0, ""まくり"": 11.9, ""まくり差し"": 10.0, ""抜き"": 7.5, ""恵まれ"": 0.9}","[""0〜600円"", ""600〜750円"", ""750〜900円"", ""900〜1050円"", ""1050〜1220円"", ""1220〜1410円"", ""1410〜1640円"", ""1640〜1890円"", ""1890〜2200円"", ""2200〜2560円"", ""2560〜3020円"", ""3020〜3580円"", ""3580〜4290円"", ""4290〜5220円"", ""5220〜6490円"", ""6490〜8310円"", ""8310〜11220円"", ""11220〜16240円"", ""16240〜28268円"", ""28268円〜""]","[2.6, 3.9, 5.7, 5.6, 4.9, 5.6, 5.3, 4.6, 5.4, 4.6, 5.5, 5.1, 5.3, 4.6, 4.3, 5.0, 5.3, 5.0, 5.9, 5.7]","[-2.4, -1.1, 0.7, 0.6, -0.1, 0.6, 0.3, -0.4, 0.4, -0.4, 0.5, 0.1, 0.3, -0.4, -0.7, -0.0, 0.3, 0.0, 0.9, 0.7]"
20260806,04,5,1,41.4,"[[""1-2-3"", 0.0509], [""1-3-2"", 0.0443], [""1-2-5"", 0.0336], [""1-2-4"", 0.0291], [""1-3-5"", 0.0221], [""1-3-4"", 0.0191]]",2,21.5,"[[""2-1-3"", 0.0436], [""2-1-5"", 0.0288], [""2-1-4"", 0.0249]]","[[""3-1-2"", 0.0351], [""2-3-1"", 0.0307], [""3-2-1"", 0.0284], [""1-5-2"", 0.0247]]",,,False,True,0.8218,弱,"{""逃げ"": 27.2, ""まくり"": 25.5, ""差し"": 23.1, ""まくり差し"": 14.6, ""抜き"": 8.2, ""恵まれ"": 1.3}","[""0〜600円"", ""600〜750円"", ""750〜900円"", ""900〜1050円"", ""1050〜1220円"", ""1220〜1410円"", ""1410〜1640円"", ""1640〜1890円"", ""1890〜2200円"", ""2200〜2560円"", ""2560〜3020円"", ""3020〜3580円"", ""3580〜4290円"", ""4290〜5220円"", ""5220〜6490円"", ""6490〜8310円"", ""8310〜11220円"", ""11220〜16240円"", ""16240〜28268円"", ""28268円〜""]","[0.3, 1.0, 0.9, 1.7, 3.0, 3.6, 3.7, 4.9, 5.9, 6.1, 7.7, 6.4, 7.3, 7.1, 8.5, 8.0, 7.3, 6.1, 5.9, 4.2]","[-4.7, -4.0, -4.1, -3.3, -2.0, -1.4, -1.3, -0.1, 0.9, 1.1, 2.7, 1.4, 2.3, 2.1, 3.5, 3.0, 2.3, 1.1, 0.9, -0.8]"
20260806,04,6,3,50.0,"[[""3-1-2"", 0.0496], [""3-1-5"", 0.0419], [""3-1-4"", 0.0177]]",1,22.0,"[[""1-3-2"", 0.0484], [""1-3-5"", 0.0409], [""1-3-4"", 0.0173]]","[[""3-2-1"", 0.0397], [""1-2-3"", 0.0374], [""2-3-1"", 0.0339], [""2-1-3"", 0.0328]]",1-3,0.2542,False,True,0.8218,強,"{""逃げ"": 56.9, ""差し"": 13.0, ""まくり"": 11.9, ""まくり差し"": 10.0, ""抜き"": 7.5, ""恵まれ"": 0.9}","[""0〜600円"", ""600〜750円"", ""750〜900円"", ""900〜1050円"", ""1050〜1220円"", ""1220〜1410円"", ""1410〜1640円"", ""1640〜1890円"", ""1890〜2200円"", ""2200〜2560円"", ""2560〜3020円"", ""3020〜3580円"", ""3580〜4290円"", ""4290〜5220円"", ""5220〜6490円"", ""6490〜8310円"", ""8310〜11220円"", ""11220〜16240円"", ""16240〜28268円"", ""28268円〜""]","[2.6, 3.9, 5.7, 5.6, 4.9, 5.6, 5.3, 4.6, 5.4, 4.6, 5.5, 5.1, 5.3, 4.6, 4.3, 5.0, 5.3, 5.0, 5.9, 5.7]","[-2.4, -1.1, 0.7, 0.6, -0.1, 0.6, 0.3, -0.4, 0.4, -0.4, 0.5, 0.1, 0.3, -0.4, -0.7, -0.0, 0.3, 0.0, 0.9, 0.7]"
20260806,04,7,3,57.4,"[[""3-5-1"", 0.0459], [""3-1-5"", 0.0395], [""3-5-2"", 0.0254], [""3-5-4"", 0.0233], [""3-1-2"", 0.0165], [""3-1-4"", 0.0151], [""3-5-6"", 0.0112]]",5,25.8,"[[""5-3-1"", 0.0445], [""5-3-2"", 0.0247], [""5-3-4"", 0.0226], [""5-3-6"", 0.0109]]","[[""5-1-3"", 0.0367], [""1-3-5"", 0.035], [""1-5-3"", 0.0335], [""3-2-5"", 0.0177]]",,,False,False,0.7866,強,"{""逃げ"": 56.9, ""差し"": 13.0, ""まくり"": 11.9, ""まくり差し"": 10.0, ""抜き"": 7.5, ""恵まれ"": 0.9}","[""0〜600円"", ""600〜750円"", ""750〜900円"", ""900〜1050円"", ""1050〜1220円"", ""1220〜1410円"", ""1410〜1640円"", ""1640〜1890円"", ""1890〜2200円"", ""2200〜2560円"", ""2560〜3020円"", ""3020〜3580円"", ""3580〜4290円"", ""4290〜5220円"", ""5220〜6490円"", ""6490〜8310円"", ""8310〜11220円"", ""11220〜16240円"", ""16240〜28268円"", ""28268円〜""]","[2.6, 3.9, 5.7, 5.6, 4.9, 5.6, 5.3, 4.6, 5.4, 4.6, 5.5, 5.1, 5.3, 4.6, 4.3, 5.0, 5.3, 5.0, 5.9, 5.7]","[-2.4, -1.1, 0.7, 0.6, -0.1, 0.6, 0.3, -0.4, 0.4, -0.4, 0.5, 0.1, 0.3, -0.4, -0.7, -0.0, 0.3, 0.0, 0.9, 0.7]"
20260806,04,8,1,55.1,"[[""1-4-3"", 0.0701], [""1-3-4"", 0.0596], [""1-4-2"", 0.054], [""1-3-2"", 0.0337], [""1-4-6"", 0.0203], [""1-4-5"", 0.02], [""1-3-6"", 0.0127], [""1-3-5"", 0.0125]]",4,28.2,"[[""4-1-3"", 0.0482], [""4-1-2"", 0.0371], [""4-1-6"", 0.0139], [""4-1-5"", 0.0137]]","[[""3-1-4"", 0.0382], [""1-2-4"", 0.0395], [""4-3-1"", 0.0249], [""3-4-1"", 0.0232]]",,,False,False,0.7866,中,"{""逃げ"": 42.5, ""まくり"": 19.1, ""差し"": 16.7, ""まくり差し"": 13.3, ""抜き"": 7.2, ""恵まれ"": 1.3}","[""0〜600円"", ""600〜750円"", ""750〜900円"", ""900〜1050円"", ""1050〜1220円"", ""1220〜1410円"", ""1410〜1640円"", ""1640〜1890円"", ""1890〜2200円"", ""2200〜2560円"", ""2560〜3020円"", ""3020〜3580円"", ""3580〜4290円"", ""4290〜5220円"", ""5220〜6490円"", ""6490〜8310円"", ""8310〜11220円"", ""11220〜16240円"", ""16240〜28268円"", ""28268円〜""]","[0.7, 1.6, 3.2, 3.0, 4.1, 6.0, 5.3, 5.1, 5.3, 5.8, 5.3, 6.9, 6.3, 5.9, 5.3, 6.0, 7.4, 5.8, 6.1, 5.0]","[-4.3, -3.4, -1.8, -2.0, -0.9, 1.0, 0.3, 0.1, 0.3, 0.8, 0.3, 1.9, 1.3, 0.9, 0.3, 1.0, 2.4, 0.8, 1.1, -0.0]"
20260806,04,9,1,46.3,"[[""1-2-3"", 0.0593], [""1-3-2"", 0.0524], [""1-2-4"", 0.0606], [""1-4-2"", 0.0505], [""1-3-4"", 0.0409], [""1-4-3"", 0.0386], [""1-2-5"", 0.0243], [""1-5-2"", 0.0172], [""1-3-5"", 0.0164]]",2,26.9,"[[""2-1-3"", 0.0385], [""2-1-4"", 0.0393], [""2-1-5"", 0.0157]]","[[""3-1-2"", 0.0322], [""4-1-2"", 0.0302], [""3-1-4"", 0.0251], [""2-3-1"", 0.0195]]",,,False,True,0.8218,強,"{""逃げ"": 56.9, ""差し"": 13.0, ""まくり"": 11.9, ""まくり差し"": 10.0, ""抜き"": 7.5, ""恵まれ"": 0.9}","[""0〜600円"", ""600〜750円"", ""750〜900円"", ""900〜1050円"", ""1050〜1220円"", ""1220〜1410円"", ""1410〜1640円"", ""1640〜1890円"", ""1890〜2200円"", ""2200〜2560円"", ""2560〜3020円"", ""3020〜3580円"", ""3580〜4290円"", ""4290〜5220円"", ""5220〜6490円"", ""6490〜8310円"", ""8310〜11220円"", ""11220〜16240円"", ""16240〜28268円"", ""28268円〜""]","[2.6, 3.9, 5.7, 5.6, 4.9, 5.6, 5.3, 4.6, 5.4, 4.6, 5.5, 5.1, 5.3, 4.6, 4.3, 5.0, 5.3, 5.0, 5.9, 5.7]","[-2.4, -1.1, 0.7, 0.6, -0.1, 0.6, 0.3, -0.4, 0.4, -0.4, 0.5, 0.1, 0.3, -0.4, -0.7, -0.0, 0.3, 0.0, 0.9, 0.7]"
20260806,04,10,1,50.0,"[[""1-2-3"", 0.1407], [""1-2-5"", 0.066], [""1-2-4"", 0.0453], [""1-2-6"", 0.028]]",3,41.7,"[[""3-1-2"", 0.038], [""3-1-5"", 0.012]]","[[""1-3-2"", 0.1111], [""2-1-3"", 0.0506], [""1-5-2"", 0.0411], [""1-3-5"", 0.0352]]",,,False,True,0.8218,強,"{""逃げ"": 56.9, ""差し"": 13.0, ""まくり"": 11.9, ""まくり差し"": 10.0, ""抜き"": 7.5, ""恵まれ"": 0.9}","[""0〜600円"", ""600〜750円"", ""750〜900円"", ""900〜1050円"", ""1050〜1220円"", ""1220〜1410円"", ""1410〜1640円"", ""1640〜1890円"", ""1890〜2200円"", ""2200〜2560円"", ""2560〜3020円"", ""3020〜3580円"", ""3580〜4290円"", ""4290〜5220円"", ""5220〜6490円"", ""6490〜8310円"", ""8310〜11220円"", ""11220〜16240円"", ""16240〜28268円"", ""28268円〜""]","[2.6, 3.9, 5.7, 5.6, 4.9, 5.6, 5.3, 4.6, 5.4, 4.6, 5.5, 5.1, 5.3, 4.6, 4.3, 5.0, 5.3, 5.0, 5.9, 5.7]","[-2.4, -1.1, 0.7, 0.6, -0.1, 0.6, 0.3, -0.4, 0.4, -0.4, 0.5, 0.1, 0.3, -0.4, -0.7, -0.0, 0.3, 0.0, 0.9, 0.7]"
20260806,04,11,1,56.4,"[[""1-4-3"", 0.082], [""1-4-2"", 0.0989], [""1-4-6"", 0.0802], [""1-4-5"", 0.034]]",4,24.4,"[[""4-1-3"", 0.0272], [""4-1-2"", 0.0328], [""4-1-6"", 0.0266], [""4-1-5"", 0.0113]]","[[""1-3-4"", 0.0556], [""1-2-4"", 0.0662], [""1-6-4"", 0.0517], [""1-3-2"", 0.0273]]",1-4,0.4226,False,False,0.7866,強,"{""逃げ"": 56.9, ""差し"": 13.0, ""まくり"": 11.9, ""まくり差し"": 10.0, ""抜き"": 7.5, ""恵まれ"": 0.9}","[""0〜600円"", ""600〜750円"", ""750〜900円"", ""900〜1050円"", ""1050〜1220円"", ""1220〜1410円"", ""1410〜1640円"", ""1640〜1890円"", ""1890〜2200円"", ""2200〜2560円"", ""2560〜3020円"", ""3020〜3580円"", ""3580〜4290円"", ""4290〜5220円"", ""5220〜6490円"", ""6490〜8310円"", ""8310〜11220円"", ""11220〜16240円"", ""16240〜28268円"", ""28268円〜""]","[2.6, 3.9, 5.7, 5.6, 4.9, 5.6, 5.3, 4.6, 5.4, 4.6, 5.5, 5.1, 5.3, 4.6, 4.3, 5.0, 5.3, 5.0, 5.9, 5.7]","[-2.4, -1.1, 0.7, 0.6, -0.1, 0.6, 0.3, -0.4, 0.4, -0.4, 0.5, 0.1, 0.3, -0.4, -0.7, -0.0, 0.3, 0.0, 0.9, 0.7]"
20260806,04,12,1,50.6,"[[""1-2-5"", 0.1187], [""1-2-6"", 0.1097], [""1-2-3"", 0.0791], [""1-2-4"", 0.0748]]",2,28.1,"[[""2-1-5"", 0.0284], [""2-1-6"", 0.0262], [""2-1-3"", 0.0189], [""2-1-4"", 0.0179]]","[[""1-5-2"", 0.068], [""1-6-2"", 0.0594], [""1-3-2"", 0.0412], [""1-4-2"", 0.0387]]",1-2,0.5136,True,False,0.7866,強,"{""逃げ"": 56.9, ""差し"": 13.0, ""まくり"": 11.9, ""まくり差し"": 10.0, ""抜き"": 7.5, ""恵まれ"": 0.9}","[""0〜600円"", ""600〜750円"", ""750〜900円"", ""900〜1050円"", ""1050〜1220円"", ""1220〜1410円"", ""1410〜1640円"", ""1640〜1890円"", ""1890〜2200円"", ""2200〜2560円"", ""2560〜3020円"", ""3020〜3580円"", ""3580〜4290円"", ""4290〜5220円"", ""5220〜6490円"", ""6490〜8310円"", ""8310〜11220円"", ""11220〜16240円"", ""16240〜28268円"", ""28268円〜""]","[2.6, 3.9, 5.7, 5.6, 4.9, 5.6, 5.3, 4.6, 5.4, 4.6, 5.5, 5.1, 5.3, 4.6, 4.3, 5.0, 5.3, 5.0, 5.9, 5.7]","[-2.4, -1.1, 0.7, 0.6, -0.1, 0.6, 0.3, -0.4, 0.4, -0.4, 0.5, 0.1, 0.3, -0.4, -0.7, -0.0, 0.3, 0.0, 0.9, 0.7]"
20260806,09,1,1,49.5,"[[""1-2-3"", 0.132], [""1-2-5"", 0.1551], [""1-2-4"", 0.1219], [""1-2-6"", 0.0217]]",2,29.7,"[[""2-1-3"", 0.0169], [""2-1-5"", 0.0199], [""2-1-4"", 0.0156]]","[[""1-3-2"", 0.0746], [""1-5-2"", 0.0864], [""1-4-2"", 0.0653], [""1-3-5"", 0.028]]",1-2,0.5263,True,False,0.7866,強,"{""逃げ"": 68.7, ""まくり差し"": 8.9, ""差し"": 8.2, ""まくり"": 7.8, ""抜き"": 5.6, ""恵まれ"": 0.8}","[""0〜600円"", ""600〜750円"", ""750〜900円"", ""900〜1050円"", ""1050〜1220円"", ""1220〜1410円"", ""1410〜1640円"", ""1640〜1890円"", ""1890〜2200円"", ""2200〜2560円"", ""2560〜3020円"", ""3020〜3580円"", ""3580〜4290円"", ""4290〜5220円"", ""5220〜6490円"", ""6490〜8310円"", ""8310〜11220円"", ""11220〜16240円"", ""16240〜28268円"", ""28268円〜""]","[11.4, 7.8, 7.1, 5.8, 5.3, 5.2, 5.0, 5.1, 3.9, 4.7, 4.4, 4.5, 3.7, 3.7, 3.8, 2.8, 3.1, 3.1, 4.5, 5.1]","[6.4, 2.8, 2.1, 0.8, 0.3, 0.2, 0.0, 0.1, -1.1, -0.3, -0.6, -0.5, -1.3, -1.3, -1.2, -2.2, -1.9, -1.9, -0.5, 0.1]"
20260806,09,2,1,57.3,"[[""1-2-3"", 0.0699], [""1-2-4"", 0.0812], [""1-3-2"", 0.0569], [""1-4-2"", 0.0652], [""1-2-5"", 0.0479], [""1-3-4"", 0.0398], [""1-4-3"", 0.0393], [""1-5-2"", 0.0346], [""1-2-6"", 0.029]]",2,21.1,"[[""2-1-3"", 0.027], [""2-1-4"", 0.0313], [""2-1-5"", 0.0185], [""2-1-6"", 0.0112]]","[[""3-1-2"", 0.0207], [""4-1-2"", 0.0237], [""1-3-5"", 0.0235], [""1-4-5"", 0.0221]]",,,False,True,0.8218,弱,"{""逃げ"": 34.7, ""差し"": 20.3, ""まくり"": 18.5, ""まくり差し"": 17.2, ""抜き"": 8.1, ""恵まれ"": 1.1}","[""0〜600円"", ""600〜750円"", ""750〜900円"", ""900〜1050円"", ""1050〜1220円"", ""1220〜1410円"", ""1410〜1640円"", ""1640〜1890円"", ""1890〜2200円"", ""2200〜2560円"", ""2560〜3020円"", ""3020〜3580円"", ""3580〜4290円"", ""4290〜5220円"", ""5220〜6490円"", ""6490〜8310円"", ""8310〜11220円"", ""11220〜16240円"", ""16240〜28268円"", ""28268円〜""]","[1.4, 2.2, 2.6, 3.3, 4.3, 4.3, 4.8, 5.4, 5.6, 5.1, 5.5, 7.7, 5.4, 6.3, 5.7, 7.0, 7.0, 6.1, 5.8, 4.4]","[-3.6, -2.8, -2.4, -1.7, -0.7, -0.7, -0.2, 0.4, 0.6, 0.1, 0.5, 2.7, 0.4, 1.3, 0.7, 2.0, 2.0, 1.1, 0.8, -0.6]"
20260806,09,3,1,52.2,"[[""1-3-2"", 0.0727], [""1-3-5"", 0.0672], [""1-3-4"", 0.0399], [""1-3-6"", 0.0147]]",3,28.3,"[[""3-1-2"", 0.048], [""3-1-5"", 0.0444], [""3-1-4"", 0.0263]]","[[""1-2-3"", 0.0542], [""1-5-3"", 0.0466], [""2-1-3"", 0.0317], [""1-2-5"", 0.0277]]",1-3,0.3489,False,True,0.8218,中,"{""逃げ"": 54.0, ""まくり差し"": 14.2, ""差し"": 13.1, ""まくり"": 11.8, ""抜き"": 6.2, ""恵まれ"": 0.8}","[""0〜600円"", ""600〜750円"", ""750〜900円"", ""900〜1050円"", ""1050〜1220円"", ""1220〜1410円"", ""1410〜1640円"", ""1640〜1890円"", ""1890〜2200円"", ""2200〜2560円"", ""2560〜3020円"", ""3020〜3580円"", ""3580〜4290円"", ""4290〜5220円"", ""5220〜6490円"", ""6490〜8310円"", ""8310〜11220円"", ""11220〜16240円"", ""16240〜28268円"", ""28268円〜""]","[5.2, 5.5, 5.2, 5.1, 4.9, 5.1, 4.5, 4.9, 5.0, 5.3, 6.2, 5.5, 4.8, 4.6, 4.4, 4.4, 5.0, 4.4, 4.8, 5.1]","[0.2, 0.5, 0.2, 0.1, -0.1, 0.1, -0.5, -0.1, 0.0, 0.3, 1.2, 0.5, -0.2, -0.4, -0.6, -0.6, 0.0, -0.6, -0.2, 0.1]"
20260806,09,4,1,58.3,"[[""1-3-6"", 0.0301], [""1-6-3"", 0.0291], [""1-3-4"", 0.0332], [""1-4-3"", 0.0303], [""1-6-4"", 0.0298], [""1-4-6"", 0.0281], [""1-3-2"", 0.0128], [""1-6-2"", 0.0114]]",6,33.8,"[[""6-1-3"", 0.0278], [""6-3-1"", 0.0268], [""6-1-4"", 0.0284], [""6-3-4"", 0.0255], [""6-4-1"", 0.0252], [""6-4-3"", 0.0234]]","[[""3-1-6"", 0.0294], [""3-6-1"", 0.0275], [""3-1-4"", 0.0324], [""3-4-1"", 0.0286]]",,,False,False,0.7866,弱,"{""逃げ"": 34.7, ""差し"": 20.3, ""まくり"": 18.5, ""まくり差し"": 17.2, ""抜き"": 8.1, ""恵まれ"": 1.1}","[""0〜600円"", ""600〜750円"", ""750〜900円"", ""900〜1050円"", ""1050〜1220円"", ""1220〜1410円"", ""1410〜1640円"", ""1640〜1890円"", ""1890〜2200円"", ""2200〜2560円"", ""2560〜3020円"", ""3020〜3580円"", ""3580〜4290円"", ""4290〜5220円"", ""5220〜6490円"", ""6490〜8310円"", ""8310〜11220円"", ""11220〜16240円"", ""16240〜28268円"", ""28268円〜""]","[1.4, 2.2, 2.6, 3.3, 4.3, 4.3, 4.8, 5.4, 5.6, 5.1, 5.5, 7.7, 5.4, 6.3, 5.7, 7.0, 7.0, 6.1, 5.8, 4.4]","[-3.6, -2.8, -2.4, -1.7, -0.7, -0.7, -0.2, 0.4, 0.6, 0.1, 0.5, 2.7, 0.4, 1.3, 0.7, 2.0, 2.0, 1.1, 0.8, -0.6]"
20260806,09,5,1,40.6,"[[""1-2-3"", 0.0884], [""1-3-2"", 0.0716], [""1-2-6"", 0.0762], [""1-2-4"", 0.0707], [""1-2-5"", 0.0671], [""1-6-2"", 0.0572], [""1-4-2"", 0.0525], [""1-5-2"", 0.0494], [""1-3-6"", 0.0364]]",2,12.2,"[[""2-1-3"", 0.0103]]","[[""1-3-4"", 0.0338], [""1-6-3"", 0.0337], [""1-3-5"", 0.032], [""1-4-3"", 0.0309]]",,,False,True,0.8218,強,"{""逃げ"": 68.7, ""まくり差し"": 8.9, ""差し"": 8.2, ""まくり"": 7.8, ""抜き"": 5.6, ""恵まれ"": 0.8}","[""0〜600円"", ""600〜750円"", ""750〜900円"", ""900〜1050円"", ""1050〜1220円"", ""1220〜1410円"", ""1410〜1640円"", ""1640〜1890円"", ""1890〜2200円"", ""2200〜2560円"", ""2560〜3020円"", ""3020〜3580円"", ""3580〜4290円"", ""4290〜5220円"", ""5220〜6490円"", ""6490〜8310円"", ""8310〜11220円"", ""11220〜16240円"", ""16240〜28268円"", ""28268円〜""]","[11.4, 7.8, 7.1, 5.8, 5.3, 5.2, 5.0, 5.1, 3.9, 4.7, 4.4, 4.5, 3.7, 3.7, 3.8, 2.8, 3.1, 3.1, 4.5, 5.1]","[6.4, 2.8, 2.1, 0.8, 0.3, 0.2, 0.0, 0.1, -1.1, -0.3, -0.6, -0.5, -1.3, -1.3, -1.2, -2.2, -1.9, -1.9, -0.5, 0.1]"
20260806,09,6,1,52.5,"[[""1-3-4"", 0.039], [""1-4-3"", 0.0337], [""1-3-2"", 0.0238], [""1-3-6"", 0.0223], [""1-4-2"", 0.0153], [""1-4-6"", 0.0144], [""1-3-5"", 0.0125]]",3,28.1,"[[""3-1-4"", 0.0384], [""3-4-1"", 0.0325], [""3-1-2"", 0.0234], [""3-1-6"", 0.0219], [""3-4-2"", 0.0142], [""3-4-6"", 0.0133]]","[[""4-1-3"", 0.0303], [""4-3-1"", 0.0297], [""1-2-3"", 0.017], [""3-2-1"", 0.0165]]",,,False,False,0.7866,中,"{""逃げ"": 54.0, ""まくり差し"": 14.2, ""差し"": 13.1, ""まくり"": 11.8, ""抜き"": 6.2, ""恵まれ"": 0.8}","[""0〜600円"", ""600〜750円"", ""750〜900円"", ""900〜1050円"", ""1050〜1220円"", ""1220〜1410円"", ""1410〜1640円"", ""1640〜1890円"", ""1890〜2200円"", ""2200〜2560円"", ""2560〜3020円"", ""3020〜3580円"", ""3580〜4290円"", ""4290〜5220円"", ""5220〜6490円"", ""6490〜8310円"", ""8310〜11220円"", ""11220〜16240円"", ""16240〜28268円"", ""28268円〜""]","[5.2, 5.5, 5.2, 5.1, 4.9, 5.1, 4.5, 4.9, 5.0, 5.3, 6.2, 5.5, 4.8, 4.6, 4.4, 4.4, 5.0, 4.4, 4.8, 5.1]","[0.2, 0.5, 0.2, 0.1, -0.1, 0.1, -0.5, -0.1, 0.0, 0.3, 1.2, 0.5, -0.2, -0.4, -0.6, -0.6, 0.0, -0.6, -0.2, 0.1]"
20260806,09,7,1,51.7,"[[""1-2-3"", 0.0316], [""1-3-2"", 0.0316], [""1-2-4"", 0.0281], [""1-3-4"", 0.0279], [""1-2-6"", 0.0263], [""1-3-6"", 0.0262], [""1-4-2"", 0.0255], [""1-4-3"", 0.0254], [""1-6-2"", 0.0236]]",2,29.5,"[[""2-1-3"", 0.0232], [""2-1-4"", 0.0206], [""2-1-6"", 0.0193]]","[[""3-1-2"", 0.0231], [""1-6-3"", 0.0234], [""3-1-4"", 0.0204], [""3-1-6"", 0.0192]]",,,False,True,0.8218,弱,"{""逃げ"": 34.7, ""差し"": 20.3, ""まくり"": 18.5, ""まくり差し"": 17.2, ""抜き"": 8.1, ""恵まれ"": 1.1}","[""0〜600円"", ""600〜750円"", ""750〜900円"", ""900〜1050円"", ""1050〜1220円"", ""1220〜1410円"", ""1410〜1640円"", ""1640〜1890円"", ""1890〜2200円"", ""2200〜2560円"", ""2560〜3020円"", ""3020〜3580円"", ""3580〜4290円"", ""4290〜5220円"", ""5220〜6490円"", ""6490〜8310円"", ""8310〜11220円"", ""11220〜16240円"", ""16240〜28268円"", ""28268円〜""]","[1.4, 2.2, 2.6, 3.3, 4.3, 4.3, 4.8, 5.4, 5.6, 5.1, 5.5, 7.7, 5.4, 6.3, 5.7, 7.0, 7.0, 6.1, 5.8, 4.4]","[-3.6, -2.8, -2.4, -1.7, -0.7, -0.7, -0.2, 0.4, 0.6, 0.1, 0.5, 2.7, 0.4, 1.3, 0.7, 2.0, 2.0, 1.1, 0.8, -0.6]"
20260806,09,8,2,55.8,"[[""2-1-3"", 0.0663], [""2-3-1"", 0.0571], [""2-1-4"", 0.0409], [""2-1-5"", 0.0277], [""2-3-4"", 0.0263], [""2-1-6"", 0.021], [""2-3-5"", 0.0178], [""2-3-6"", 0.0135]]",1,22.4,"[[""1-2-3"", 0.0476], [""1-2-4"", 0.0294], [""1-2-5"", 0.0199], [""1-2-6"", 0.0151]]","[[""3-2-1"", 0.0383], [""1-3-2"", 0.0264], [""3-1-2"", 0.0246], [""2-4-1"", 0.0293]]",,,False,True,0.8218,強,"{""逃げ"": 68.7, ""まくり差し"": 8.9, ""差し"": 8.2, ""まくり"": 7.8, ""抜き"": 5.6, ""恵まれ"": 0.8}","[""0〜600円"", ""600〜750円"", ""750〜900円"", ""900〜1050円"", ""1050〜1220円"", ""1220〜1410円"", ""1410〜1640円"", ""1640〜1890円"", ""1890〜2200円"", ""2200〜2560円"", ""2560〜3020円"", ""3020〜3580円"", ""3580〜4290円"", ""4290〜5220円"", ""5220〜6490円"", ""6490〜8310円"", ""8310〜11220円"", ""11220〜16240円"", ""16240〜28268円"", ""28268円〜""]","[11.4, 7.8, 7.1, 5.8, 5.3, 5.2, 5.0, 5.1, 3.9, 4.7, 4.4, 4.5, 3.7, 3.7, 3.8, 2.8, 3.1, 3.1, 4.5, 5.1]","[6.4, 2.8, 2.1, 0.8, 0.3, 0.2, 0.0, 0.1, -1.1, -0.3, -0.6, -0.5, -1.3, -1.3, -1.2, -2.2, -1.9, -1.9, -0.5, 0.1]"
20260806,09,9,1,54.9,"[[""1-3-4"", 0.1597], [""1-3-2"", 0.0565], [""1-3-6"", 0.0466]]",3,33.8,"[[""3-1-4"", 0.1154], [""3-1-2"", 0.0408], [""3-1-6"", 0.0337]]","[[""1-4-3"", 0.0801], [""4-1-3"", 0.0455], [""3-4-1"", 0.0384], [""4-3-1"", 0.0302]]",1-3,0.5371,True,False,0.7866,中,"{""逃げ"": 54.0, ""まくり差し"": 14.2, ""差し"": 13.1, ""まくり"": 11.8, ""抜き"": 6.2, ""恵まれ"": 0.8}","[""0〜600円"", ""600〜750円"", ""750〜900円"", ""900〜1050円"", ""1050〜1220円"", ""1220〜1410円"", ""1410〜1640円"", ""1640〜1890円"", ""1890〜2200円"", ""2200〜2560円"", ""2560〜3020円"", ""3020〜3580円"", ""3580〜4290円"", ""4290〜5220円"", ""5220〜6490円"", ""6490〜8310円"", ""8310〜11220円"", ""11220〜16240円"", ""16240〜28268円"", ""28268円〜""]","[5.2, 5.5, 5.2, 5.1, 4.9, 5.1, 4.5, 4.9, 5.0, 5.3, 6.2, 5.5, 4.8, 4.6, 4.4, 4.4, 5.0, 4.4, 4.8, 5.1]","[0.2, 0.5, 0.2, 0.1, -0.1, 0.1, -0.5, -0.1, 0.0, 0.3, 1.2, 0.5, -0.2, -0.4, -0.6, -0.6, 0.0, -0.6, -0.2, 0.1]"
20260806,09,10,1,61.8,"[[""1-2-6"", 0.0827], [""1-2-5"", 0.1013], [""1-2-4"", 0.0697], [""1-2-3"", 0.0532]]",2,33.3,"[[""2-1-6"", 0.0468], [""2-1-5"", 0.0573], [""2-1-4"", 0.0394], [""2-1-3"", 0.0301]]","[[""1-6-2"", 0.0407], [""1-5-2"", 0.0496], [""1-4-2"", 0.0326], [""1-3-2"", 0.0243]]",1-2,0.5155,True,False,0.7866,中,"{""逃げ"": 54.0, ""まくり差し"": 14.2, ""差し"": 13.1, ""まくり"": 11.8, ""抜き"": 6.2, ""恵まれ"": 0.8}","[""0〜600円"", ""600〜750円"", ""750〜900円"", ""900〜1050円"", ""1050〜1220円"", ""1220〜1410円"", ""1410〜1640円"", ""1640〜1890円"", ""1890〜2200円"", ""2200〜2560円"", ""2560〜3020円"", ""3020〜3580円"", ""3580〜4290円"", ""4290〜5220円"", ""5220〜6490円"", ""6490〜8310円"", ""8310〜11220円"", ""11220〜16240円"", ""16240〜28268円"", ""28268円〜""]","[5.2, 5.5, 5.2, 5.1, 4.9, 5.1, 4.5, 4.9, 5.0, 5.3, 6.2, 5.5, 4.8, 4.6, 4.4, 4.4, 5.0, 4.4, 4.8, 5.1]","[0.2, 0.5, 0.2, 0.1, -0.1, 0.1, -0.5, -0.1, 0.0, 0.3, 1.2, 0.5, -0.2, -0.4, -0.6, -0.6, 0.0, -0.6, -0.2, 0.1]"
20260806,09,11,1,49.5,"[[""1-3-2"", 0.1415], [""1-3-4"", 0.0483], [""1-3-6"", 0.0317], [""1-3-5"", 0.0305]]",3,34.7,"[[""3-1-2"", 0.0531], [""3-1-4"", 0.0181], [""3-1-6"", 0.0119], [""3-1-5"", 0.0114]]","[[""1-2-3"", 0.1275], [""2-1-3"", 0.0467], [""1-2-4"", 0.0369], [""1-4-3"", 0.0312]]",1-3,0.3887,False,True,0.8218,強,"{""逃げ"": 68.7, ""まくり差し"": 8.9, ""差し"": 8.2, ""まくり"": 7.8, ""抜き"": 5.6, ""恵まれ"": 0.8}","[""0〜600円"", ""600〜750円"", ""750〜900円"", ""900〜1050円"", ""1050〜1220円"", ""1220〜1410円"", ""1410〜1640円"", ""1640〜1890円"", ""1890〜2200円"", ""2200〜2560円"", ""2560〜3020円"", ""3020〜3580円"", ""3580〜4290円"", ""4290〜5220円"", ""5220〜6490円"", ""6490〜8310円"", ""8310〜11220円"", ""11220〜16240円"", ""16240〜28268円"", ""28268円〜""]","[11.4, 7.8, 7.1, 5.8, 5.3, 5.2, 5.0, 5.1, 3.9, 4.7, 4.4, 4.5, 3.7, 3.7, 3.8, 2.8, 3.1, 3.1, 4.5, 5.1]","[6.4, 2.8, 2.1, 0.8, 0.3, 0.2, 0.0, 0.1, -1.1, -0.3, -0.6, -0.5, -1.3, -1.3, -1.2, -2.2, -1.9, -1.9, -0.5, 0.1]"
20260806,09,12,1,54.3,"[[""1-2-4"", 0.1335], [""1-4-2"", 0.131], [""1-2-3"", 0.0666], [""1-4-3"", 0.0634], [""1-2-6"", 0.0238], [""1-4-6"", 0.0226], [""1-2-5"", 0.0208], [""1-4-5"", 0.0197]]",4,28.4,"[[""4-1-2"", 0.0391], [""4-1-3"", 0.0189]]","[[""2-1-4"", 0.04], [""1-3-2"", 0.0481], [""1-3-4"", 0.0466], [""2-1-3"", 0.0199]]",,,False,False,0.7866,強,"{""逃げ"": 68.7, ""まくり差し"": 8.9, ""差し"": 8.2, ""まくり"": 7.8, ""抜き"": 5.6, ""恵まれ"": 0.8}","[""0〜600円"", ""600〜750円"", ""750〜900円"", ""900〜1050円"", ""1050〜1220円"", ""1220〜1410円"", ""1410〜1640円"", ""1640〜1890円"", ""1890〜2200円"", ""2200〜2560円"", ""2560〜3020円"", ""3020〜3580円"", ""3580〜4290円"", ""4290〜5220円"", ""5220〜6490円"", ""6490〜8310円"", ""8310〜11220円"", ""11220〜16240円"", ""16240〜28268円"", ""28268円〜""]","[11.4, 7.8, 7.1, 5.8, 5.3, 5.2, 5.0, 5.1, 3.9, 4.7, 4.4, 4.5, 3.7, 3.7, 3.8, 2.8, 3.1, 3.1, 4.5, 5.1]","[6.4, 2.8, 2.1, 0.8, 0.3, 0.2, 0.0, 0.1, -1.1, -0.3, -0.6, -0.5, -1.3, -1.3, -1.2, -2.2, -1.9, -1.9, -0.5, 0.1]"
20260806,10,1,1,58.5,"[[""1-4-3"", 0.1365], [""1-3-4"", 0.1357], [""1-4-2"", 0.0827], [""1-3-2"", 0.0812], [""1-4-5"", 0.0472], [""1-3-5"", 0.0464]]",3,26.5,"[[""3-1-4"", 0.0196], [""3-1-2"", 0.0117]]","[[""1-2-4"", 0.0637], [""1-2-3"", 0.063], [""1-5-4"", 0.0334], [""1-5-3"", 0.0331]]",,,False,False,0.7866,強,"{""逃げ"": 63.1, ""差し"": 12.2, ""まくり差し"": 9.3, ""まくり"": 9.1, ""抜き"": 5.6, ""恵まれ"": 0.6}","[""0〜600円"", ""600〜750円"", ""750〜900円"", ""900〜1050円"", ""1050〜1220円"", ""1220〜1410円"", ""1410〜1640円"", ""1640〜1890円"", ""1890〜2200円"", ""2200〜2560円"", ""2560〜3020円"", ""3020〜3580円"", ""3580〜4290円"", ""4290〜5220円"", ""5220〜6490円"", ""6490〜8310円"", ""8310〜11220円"", ""11220〜16240円"", ""16240〜28268円"", ""28268円〜""]","[9.0, 7.5, 6.8, 5.9, 5.0, 4.8, 5.6, 4.3, 4.5, 4.1, 4.3, 3.6, 3.5, 4.3, 3.4, 3.6, 3.9, 4.5, 5.6, 5.6]","[4.0, 2.5, 1.8, 0.9, 0.0, -0.2, 0.6, -0.7, -0.5, -0.9, -0.7, -1.4, -1.5, -0.7, -1.6, -1.4, -1.1, -0.5, 0.6, 0.6]"
20260806,10,2,1,54.3,"[[""1-2-4"", 0.0824], [""1-2-3"", 0.0662], [""1-2-5"", 0.0262]]",2,34.6,"[[""2-1-4"", 0.0789], [""2-1-3"", 0.0634], [""2-1-5"", 0.0251]]","[[""1-4-2"", 0.0475], [""2-4-1"", 0.0431], [""4-1-2"", 0.0346], [""4-2-1"", 0.0328]]",1-2,0.4054,False,False,0.7866,中,"{""逃げ"": 49.9, ""差し"": 16.5, ""まくり"": 14.2, ""まくり差し"": 11.3, ""抜き"": 7.2, ""恵まれ"": 0.8}","[""0〜600円"", ""600〜750円"", ""750〜900円"", ""900〜1050円"", ""1050〜1220円"", ""1220〜1410円"", ""1410〜1640円"", ""1640〜1890円"", ""1890〜2200円"", ""2200〜2560円"", ""2560〜3020円"", ""3020〜3580円"", ""3580〜4290円"", ""4290〜5220円"", ""5220〜6490円"", ""6490〜8310円"", ""8310〜11220円"", ""11220〜16240円"", ""16240〜28268円"", ""28268円〜""]","[5.4, 5.1, 4.6, 4.3, 4.7, 5.2, 5.2, 4.0, 5.1, 4.9, 5.1, 5.7, 5.3, 5.9, 4.6, 4.9, 4.0, 6.0, 4.2, 6.2]","[0.4, 0.1, -0.4, -0.7, -0.3, 0.2, 0.2, -1.0, 0.1, -0.1, 0.1, 0.7, 0.3, 0.9, -0.4, -0.1, -1.0, 1.0, -0.8, 1.2]"
20260806,10,3,1,45.7,"[[""1-3-5"", 0.081], [""1-3-2"", 0.099], [""1-3-4"", 0.0513], [""1-3-6"", 0.0381]]",3,16.4,"[[""3-1-5"", 0.0575], [""3-1-2"", 0.0703], [""3-1-4"", 0.0364], [""3-1-6"", 0.0271]]","[[""1-5-3"", 0.0394], [""1-2-3"", 0.0479], [""5-1-3"", 0.0213], [""2-1-3"", 0.0258]]",1-3,0.4982,False,False,0.7866,中,"{""逃げ"": 49.9, ""差し"": 16.5, ""まくり"": 14.2, ""まくり差し"": 11.3, ""抜き"": 7.2, ""恵まれ"": 0.8}","[""0〜600円"", ""600〜750円"", ""750〜900円"", ""900〜1050円"", ""1050〜1220円"", ""1220〜1410円"", ""1410〜1640円"", ""1640〜1890円"", ""1890〜2200円"", ""2200〜2560円"", ""2560〜3020円"", ""3020〜3580円"", ""3580〜4290円"", ""4290〜5220円"", ""5220〜6490円"", ""6490〜8310円"", ""8310〜11220円"", ""11220〜16240円"", ""16240〜28268円"", ""28268円〜""]","[5.4, 5.1, 4.6, 4.3, 4.7, 5.2, 5.2, 4.0, 5.1, 4.9, 5.1, 5.7, 5.3, 5.9, 4.6, 4.9, 4.0, 6.0, 4.2, 6.2]","[0.4, 0.1, -0.4, -0.7, -0.3, 0.2, 0.2, -1.0, 0.1, -0.1, 0.1, 0.7, 0.3, 0.9, -0.4, -0.1, -1.0, 1.0, -0.8, 1.2]"
20260806,10,4,1,50.3,"[[""1-3-2"", 0.1733], [""1-3-4"", 0.078], [""1-3-6"", 0.0746], [""1-3-5"", 0.0662]]",3,27.7,"[[""3-1-2"", 0.0436], [""3-1-4"", 0.0196], [""3-1-6"", 0.0188], [""3-1-5"", 0.0167]]","[[""1-2-3"", 0.0996], [""1-4-3"", 0.0381], [""1-6-3"", 0.0363], [""1-5-3"", 0.0319]]",1-3,0.5379,True,True,0.8218,強,"{""逃げ"": 63.1, ""差し"": 12.2, ""まくり差し"": 9.3, ""まくり"": 9.1, ""抜き"": 5.6, ""恵まれ"": 0.6}","[""0〜600円"", ""600〜750円"", ""750〜900円"", ""900〜1050円"", ""1050〜1220円"", ""1220〜1410円"", ""1410〜1640円"", ""1640〜1890円"", ""1890〜2200円"", ""2200〜2560円"", ""2560〜3020円"", ""3020〜3580円"", ""3580〜4290円"", ""4290〜5220円"", ""5220〜6490円"", ""6490〜8310円"", ""8310〜11220円"", ""11220〜16240円"", ""16240〜28268円"", ""28268円〜""]","[9.0, 7.5, 6.8, 5.9, 5.0, 4.8, 5.6, 4.3, 4.5, 4.1, 4.3, 3.6, 3.5, 4.3, 3.4, 3.6, 3.9, 4.5, 5.6, 5.6]","[4.0, 2.5, 1.8, 0.9, 0.0, -0.2, 0.6, -0.7, -0.5, -0.9, -0.7, -1.4, -1.5, -0.7, -1.6, -1.4, -1.1, -0.5, 0.6, 0.6]"
20260806,10,5,1,33.0,"[[""1-5-2"", 0.0855], [""1-5-6"", 0.0782], [""1-5-3"", 0.0476], [""1-5-4"", 0.0427]]",5,23.8,"[[""5-1-2"", 0.0338], [""5-1-6"", 0.0309], [""5-1-3"", 0.0188], [""5-1-4"", 0.0169]]","[[""1-2-5"", 0.0643], [""1-6-5"", 0.0543], [""1-2-6"", 0.032], [""1-3-5"", 0.0307]]",1-5,0.3866,False,False,0.7866,中,"{""逃げ"": 49.9, ""差し"": 16.5, ""まくり"": 14.2, ""まくり差し"": 11.3, ""抜き"": 7.2, ""恵まれ"": 0.8}","[""0〜600円"", ""600〜750円"", ""750〜900円"", ""900〜1050円"", ""1050〜1220円"", ""1220〜1410円"", ""1410〜1640円"", ""1640〜1890円"", ""1890〜2200円"", ""2200〜2560円"", ""2560〜3020円"", ""3020〜3580円"", ""3580〜4290円"", ""4290〜5220円"", ""5220〜6490円"", ""6490〜8310円"", ""8310〜11220円"", ""11220〜16240円"", ""16240〜28268円"", ""28268円〜""]","[5.4, 5.1, 4.6, 4.3, 4.7, 5.2, 5.2, 4.0, 5.1, 4.9, 5.1, 5.7, 5.3, 5.9, 4.6, 4.9, 4.0, 6.0, 4.2, 6.2]","[0.4, 0.1, -0.4, -0.7, -0.3, 0.2, 0.2, -1.0, 0.1, -0.1, 0.1, 0.7, 0.3, 0.9, -0.4, -0.1, -1.0, 1.0, -0.8, 1.2]"
20260806,10,6,1,50.9,"[[""1-2-6"", 0.0559], [""1-2-5"", 0.0564], [""1-2-3"", 0.0261]]",2,31.3,"[[""2-1-6"", 0.0544], [""2-1-5"", 0.0549], [""2-1-3"", 0.0254]]","[[""1-6-2"", 0.0387], [""2-6-1"", 0.0364], [""6-1-2"", 0.0307], [""6-2-1"", 0.0296]]",1-2,0.3107,False,False,0.7866,弱,"{""逃げ"": 31.7, ""まくり"": 21.4, ""差し"": 22.0, ""まくり差し"": 15.5, ""抜き"": 8.4, ""恵まれ"": 1.0}","[""0〜600円"", ""600〜750円"", ""750〜900円"", ""900〜1050円"", ""1050〜1220円"", ""1220〜1410円"", ""1410〜1640円"", ""1640〜1890円"", ""1890〜2200円"", ""2200〜2560円"", ""2560〜3020円"", ""3020〜3580円"", ""3580〜4290円"", ""4290〜5220円"", ""5220〜6490円"", ""6490〜8310円"", ""8310〜11220円"", ""11220〜16240円"", ""16240〜28268円"", ""28268円〜""]","[0.9, 1.4, 2.5, 2.6, 2.8, 4.3, 4.3, 5.8, 5.0, 5.4, 4.9, 7.1, 7.1, 6.7, 7.0, 7.1, 7.3, 6.0, 7.1, 4.6]","[-4.1, -3.6, -2.5, -2.4, -2.2, -0.7, -0.7, 0.8, -0.0, 0.4, -0.1, 2.1, 2.1, 1.7, 2.0, 2.1, 2.3, 1.0, 2.1, -0.4]"
20260806,10,7,2,51.1,"[[""2-6-1"", 0.0352], [""2-1-6"", 0.0313], [""2-6-4"", 0.0318], [""2-6-5"", 0.0267], [""2-4-6"", 0.0258], [""2-1-4"", 0.021], [""2-5-6"", 0.021], [""2-6-3"", 0.0192], [""2-4-1"", 0.0192]]",6,26.9,"[[""6-2-1"", 0.0278], [""6-2-4"", 0.0251], [""6-2-5"", 0.0212], [""6-2-3"", 0.0152]]","[[""1-2-6"", 0.0232], [""6-1-2"", 0.0183], [""1-6-2"", 0.0172], [""4-2-6"", 0.0182]]",,,False,False,0.7866,強,"{""逃げ"": 63.1, ""差し"": 12.2, ""まくり差し"": 9.3, ""まくり"": 9.1, ""抜き"": 5.6, ""恵まれ"": 0.6}","[""0〜600円"", ""600〜750円"", ""750〜900円"", ""900〜1050円"", ""1050〜1220円"", ""1220〜1410円"", ""1410〜1640円"", ""1640〜1890円"", ""1890〜2200円"", ""2200〜2560円"", ""2560〜3020円"", ""3020〜3580円"", ""3580〜4290円"", ""4290〜5220円"", ""5220〜6490円"", ""6490〜8310円"", ""8310〜11220円"", ""11220〜16240円"", ""16240〜28268円"", ""28268円〜""]","[9.0, 7.5, 6.8, 5.9, 5.0, 4.8, 5.6, 4.3, 4.5, 4.1, 4.3, 3.6, 3.5, 4.3, 3.4, 3.6, 3.9, 4.5, 5.6, 5.6]","[4.0, 2.5, 1.8, 0.9, 0.0, -0.2, 0.6, -0.7, -0.5, -0.9, -0.7, -1.4, -1.5, -0.7, -1.6, -1.4, -1.1, -0.5, 0.6, 0.6]"
20260806,10,8,3,58.5,"[[""3-1-2"", 0.043], [""3-2-1"", 0.0419], [""3-1-4"", 0.0257], [""3-2-4"", 0.0236], [""3-4-1"", 0.0203], [""3-4-2"", 0.0191], [""3-1-6"", 0.018], [""3-2-6"", 0.0165], [""3-1-5"", 0.0153]]",1,35.0,"[[""1-3-2"", 0.0368], [""1-3-4"", 0.022], [""1-3-6"", 0.0154], [""1-3-5"", 0.0131]]","[[""2-3-1"", 0.0352], [""1-2-3"", 0.0286], [""2-1-3"", 0.0282], [""2-3-4"", 0.0199]]",,,False,True,0.8218,強,"{""逃げ"": 63.1, ""差し"": 12.2, ""まくり差し"": 9.3, ""まくり"": 9.1, ""抜き"": 5.6, ""恵まれ"": 0.6}","[""0〜600円"", ""600〜750円"", ""750〜900円"", ""900〜1050円"", ""1050〜1220円"", ""1220〜1410円"", ""1410〜1640円"", ""1640〜1890円"", ""1890〜2200円"", ""2200〜2560円"", ""2560〜3020円"", ""3020〜3580円"", ""3580〜4290円"", ""4290〜5220円"", ""5220〜6490円"", ""6490〜8310円"", ""8310〜11220円"", ""11220〜16240円"", ""16240〜28268円"", ""28268円〜""]","[9.0, 7.5, 6.8, 5.9, 5.0, 4.8, 5.6, 4.3, 4.5, 4.1, 4.3, 3.6, 3.5, 4.3, 3.4, 3.6, 3.9, 4.5, 5.6, 5.6]","[4.0, 2.5, 1.8, 0.9, 0.0, -0.2, 0.6, -0.7, -0.5, -0.9, -0.7, -1.4, -1.5, -0.7, -1.6, -1.4, -1.1, -0.5, 0.6, 0.6]"
20260806,10,9,4,51.2,"[[""4-3-1"", 0.0314], [""4-1-3"", 0.0288], [""4-3-2"", 0.0289], [""4-2-3"", 0.0241], [""4-1-2"", 0.0218], [""4-2-1"", 0.0198], [""4-3-5"", 0.0194], [""4-5-3"", 0.015], [""4-1-5"", 0.0146]]",1,28.3,"[[""1-4-3"", 0.0247], [""1-3-4"", 0.0215], [""1-4-2"", 0.0187], [""1-4-5"", 0.0125], [""1-3-2"", 0.0122]]","[[""3-4-1"", 0.0283], [""3-1-4"", 0.0226], [""3-4-2"", 0.0261], [""2-4-3"", 0.0194]]",,,False,False,0.7866,強,"{""逃げ"": 63.1, ""差し"": 12.2, ""まくり差し"": 9.3, ""まくり"": 9.1, ""抜き"": 5.6, ""恵まれ"": 0.6}","[""0〜600円"", ""600〜750円"", ""750〜900円"", ""900〜1050円"", ""1050〜1220円"", ""1220〜1410円"", ""1410〜1640円"", ""1640〜1890円"", ""1890〜2200円"", ""2200〜2560円"", ""2560〜3020円"", ""3020〜3580円"", ""3580〜4290円"", ""4290〜5220円"", ""5220〜6490円"", ""6490〜8310円"", ""8310〜11220円"", ""11220〜16240円"", ""16240〜28268円"", ""28268円〜""]","[9.0, 7.5, 6.8, 5.9, 5.0, 4.8, 5.6, 4.3, 4.5, 4.1, 4.3, 3.6, 3.5, 4.3, 3.4, 3.6, 3.9, 4.5, 5.6, 5.6]","[4.0, 2.5, 1.8, 0.9, 0.0, -0.2, 0.6, -0.7, -0.5, -0.9, -0.7, -1.4, -1.5, -0.7, -1.6, -1.4, -1.1, -0.5, 0.6, 0.6]"
20260806,10,10,5,50.3,"[[""5-4-1"", 0.0134], [""5-1-4"", 0.0132], [""5-4-3"", 0.0156], [""5-3-4"", 0.0149], [""5-1-3"", 0.0145], [""5-3-1"", 0.0142], [""5-4-6"", 0.0129], [""5-1-6"", 0.012], [""5-6-4"", 0.0118]]",4,29.3,"[[""4-5-1"", 0.0133], [""4-1-5"", 0.0128], [""4-5-3"", 0.0154], [""4-3-5"", 0.0146], [""4-1-3"", 0.0136], [""4-3-1"", 0.0132]]","[[""1-5-4"", 0.0129], [""1-4-5"", 0.0127], [""3-5-4"", 0.0143], [""1-5-3"", 0.0142]]",,,False,False,0.7866,強,"{""逃げ"": 63.1, ""差し"": 12.2, ""まくり差し"": 9.3, ""まくり"": 9.1, ""抜き"": 5.6, ""恵まれ"": 0.6}","[""0〜600円"", ""600〜750円"", ""750〜900円"", ""900〜1050円"", ""1050〜1220円"", ""1220〜1410円"", ""1410〜1640円"", ""1640〜1890円"", ""1890〜2200円"", ""2200〜2560円"", ""2560〜3020円"", ""3020〜3580円"", ""3580〜4290円"", ""4290〜5220円"", ""5220〜6490円"", ""6490〜8310円"", ""8310〜11220円"", ""11220〜16240円"", ""16240〜28268円"", ""28268円〜""]","[9.0, 7.5, 6.8, 5.9, 5.0, 4.8, 5.6, 4.3, 4.5, 4.1, 4.3, 3.6, 3.5, 4.3, 3.4, 3.6, 3.9, 4.5, 5.6, 5.6]","[4.0, 2.5, 1.8, 0.9, 0.0, -0.2, 0.6, -0.7, -0.5, -0.9, -0.7, -1.4, -1.5, -0.7, -1.6, -1.4, -1.1, -0.5, 0.6, 0.6]"
20260806,10,11,2,52.8,"[[""2-1-3"", 0.0398], [""2-1-4"", 0.0454], [""2-1-5"", 0.0422], [""2-1-6"", 0.0195]]",1,24.7,"[[""1-2-3"", 0.0367], [""1-2-4"", 0.0418], [""1-2-5"", 0.0389], [""1-2-6"", 0.0179]]","[[""2-3-1"", 0.0266], [""2-4-1"", 0.0299], [""2-5-1"", 0.0274], [""1-3-2"", 0.0222]]",1-2,0.2987,False,True,0.8218,強,"{""逃げ"": 63.1, ""差し"": 12.2, ""まくり差し"": 9.3, ""まくり"": 9.1, ""抜き"": 5.6, ""恵まれ"": 0.6}","[""0〜600円"", ""600〜750円"", ""750〜900円"", ""900〜1050円"", ""1050〜1220円"", ""1220〜1410円"", ""1410〜1640円"", ""1640〜1890円"", ""1890〜2200円"", ""2200〜2560円"", ""2560〜3020円"", ""3020〜3580円"", ""3580〜4290円"", ""4290〜5220円"", ""5220〜6490円"", ""6490〜8310円"", ""8310〜11220円"", ""11220〜16240円"", ""16240〜28268円"", ""28268円〜""]","[9.0, 7.5, 6.8, 5.9, 5.0, 4.8, 5.6, 4.3, 4.5, 4.1, 4.3, 3.6, 3.5, 4.3, 3.4, 3.6, 3.9, 4.5, 5.6, 5.6]","[4.0, 2.5, 1.8, 0.9, 0.0, -0.2, 0.6, -0.7, -0.5, -0.9, -0.7, -1.4, -1.5, -0.7, -1.6, -1.4, -1.1, -0.5, 0.6, 0.6]"
20260806,10,12,1,43.4,"[[""1-2-4"", 0.0826], [""1-2-5"", 0.0983], [""1-4-2"", 0.0674], [""1-5-2"", 0.0787], [""1-2-3"", 0.0618], [""1-4-5"", 0.05], [""1-5-4"", 0.0491], [""1-3-2"", 0.0449], [""1-4-3"", 0.0315]]",2,57.9,"[[""2-1-4"", 0.0223], [""2-1-5"", 0.0265], [""2-1-3"", 0.0167]]","[[""1-5-3"", 0.0289], [""1-3-4"", 0.028], [""1-3-5"", 0.0262], [""4-1-2"", 0.0175]]",,,False,False,0.7866,強,"{""逃げ"": 63.1, ""差し"": 12.2, ""まくり差し"": 9.3, ""まくり"": 9.1, ""抜き"": 5.6, ""恵まれ"": 0.6}","[""0〜600円"", ""600〜750円"", ""750〜900円"", ""900〜1050円"", ""1050〜1220円"", ""1220〜1410円"", ""1410〜1640円"", ""1640〜1890円"", ""1890〜2200円"", ""2200〜2560円"", ""2560〜3020円"", ""3020〜3580円"", ""3580〜4290円"", ""4290〜5220円"", ""5220〜6490円"", ""6490〜8310円"", ""8310〜11220円"", ""11220〜16240円"", ""16240〜28268円"", ""28268円〜""]","[9.0, 7.5, 6.8, 5.9, 5.0, 4.8, 5.6, 4.3, 4.5, 4.1, 4.3, 3.6, 3.5, 4.3, 3.4, 3.6, 3.9, 4.5, 5.6, 5.6]","[4.0, 2.5, 1.8, 0.9, 0.0, -0.2, 0.6, -0.7, -0.5, -0.9, -0.7, -1.4, -1.5, -0.7, -1.6, -1.4, -1.1, -0.5, 0.6, 0.6]"
20260806,12,1,2,58.5,"[[""2-1-3"", 0.111], [""2-1-6"", 0.0578], [""2-1-4"", 0.0444], [""2-1-5"", 0.0381]]",1,28.9,"[[""1-2-3"", 0.0875], [""1-2-6"", 0.0455], [""1-2-4"", 0.035], [""1-2-5"", 0.03]]","[[""2-3-1"", 0.0562], [""3-2-1"", 0.0338], [""1-3-2"", 0.0332], [""3-1-2"", 0.0253]]",1-2,0.4923,False,True,0.8218,強,"{""逃げ"": 67.2, ""まくり"": 9.6, ""差し"": 8.7, ""まくり差し"": 8.8, ""抜き"": 4.9, ""恵まれ"": 0.8}","[""0〜600円"", ""600〜750円"", ""750〜900円"", ""900〜1050円"", ""1050〜1220円"", ""1220〜1410円"", ""1410〜1640円"", ""1640〜1890円"", ""1890〜2200円"", ""2200〜2560円"", ""2560〜3020円"", ""3020〜3580円"", ""3580〜4290円"", ""4290〜5220円"", ""5220〜6490円"", ""6490〜8310円"", ""8310〜11220円"", ""11220〜16240円"", ""16240〜28268円"", ""28268円〜""]","[7.8, 7.0, 7.6, 4.7, 7.0, 4.9, 4.5, 4.7, 4.2, 5.0, 4.5, 3.6, 4.3, 3.9, 4.2, 3.3, 4.0, 3.7, 4.5, 6.4]","[2.8, 2.0, 2.6, -0.3, 2.0, -0.1, -0.5, -0.3, -0.8, 0.0, -0.5, -1.4, -0.7, -1.1, -0.8, -1.7, -1.0, -1.3, -0.5, 1.4]"
20260806,12,2,3,49.2,"[[""3-1-5"", 0.0371], [""3-5-1"", 0.0329], [""3-1-2"", 0.0382], [""3-2-1"", 0.0319], [""3-1-4"", 0.0289], [""3-5-2"", 0.0251], [""3-2-5"", 0.0237], [""3-4-1"", 0.0228], [""3-5-4"", 0.019]]",1,,"[[""1-3-5"", 0.0284], [""1-3-2"", 0.0292], [""1-3-4"", 0.0221], [""1-3-6"", 0.011]]","[[""5-3-1"", 0.0237], [""1-5-3"", 0.0179], [""2-3-1"", 0.0222], [""5-1-3"", 0.0168]]",,,False,False,0.7866,強,"{""逃げ"": 67.2, ""まくり"": 9.6, ""差し"": 8.7, ""まくり差し"": 8.8, ""抜き"": 4.9, ""恵まれ"": 0.8}","[""0〜600円"", ""600〜750円"", ""750〜900円"", ""900〜1050円"", ""1050〜1220円"", ""1220〜1410円"", ""1410〜1640円"", ""1640〜1890円"", ""1890〜2200円"", ""2200〜2560円"", ""2560〜3020円"", ""3020〜3580円"", ""3580〜4290円"", ""4290〜5220円"", ""5220〜6490円"", ""6490〜8310円"", ""8310〜11220円"", ""11220〜16240円"", ""16240〜28268円"", ""28268円〜""]","[7.8, 7.0, 7.6, 4.7, 7.0, 4.9, 4.5, 4.7, 4.2, 5.0, 4.5, 3.6, 4.3, 3.9, 4.2, 3.3, 4.0, 3.7, 4.5, 6.4]","[2.8, 2.0, 2.6, -0.3, 2.0, -0.1, -0.5, -0.3, -0.8, 0.0, -0.5, -1.4, -0.7, -1.1, -0.8, -1.7, -1.0, -1.3, -0.5, 1.4]"
20260806,12,3,4,39.8,"[[""4-2-1"", 0.0681], [""4-2-3"", 0.0636], [""4-2-5"", 0.0251], [""4-2-6"", 0.0154]]",2,27.0,"[[""2-4-1"", 0.0546], [""2-4-3"", 0.0509], [""2-4-5"", 0.0202], [""2-4-6"", 0.0123]]","[[""4-1-2"", 0.0487], [""1-4-2"", 0.0333], [""4-3-2"", 0.0419], [""2-1-4"", 0.0294]]",2-4,0.3434,False,False,0.7866,強,"{""逃げ"": 67.2, ""まくり"": 9.6, ""差し"": 8.7, ""まくり差し"": 8.8, ""抜き"": 4.9, ""恵まれ"": 0.8}","[""0〜600円"", ""600〜750円"", ""750〜900円"", ""900〜1050円"", ""1050〜1220円"", ""1220〜1410円"", ""1410〜1640円"", ""1640〜1890円"", ""1890〜2200円"", ""2200〜2560円"", ""2560〜3020円"", ""3020〜3580円"", ""3580〜4290円"", ""4290〜5220円"", ""5220〜6490円"", ""6490〜8310円"", ""8310〜11220円"", ""11220〜16240円"", ""16240〜28268円"", ""28268円〜""]","[7.8, 7.0, 7.6, 4.7, 7.0, 4.9, 4.5, 4.7, 4.2, 5.0, 4.5, 3.6, 4.3, 3.9, 4.2, 3.3, 4.0, 3.7, 4.5, 6.4]","[2.8, 2.0, 2.6, -0.3, 2.0, -0.1, -0.5, -0.3, -0.8, 0.0, -0.5, -1.4, -0.7, -1.1, -0.8, -1.7, -1.0, -1.3, -0.5, 1.4]"
20260806,12,4,1,50.0,"[[""1-3-5"", 0.0946], [""1-5-3"", 0.0924], [""1-3-2"", 0.0464], [""1-5-2"", 0.0435], [""1-3-4"", 0.0231], [""1-5-4"", 0.0216], [""1-3-6"", 0.0145], [""1-5-6"", 0.0136]]",5,32.3,"[[""5-1-3"", 0.0515], [""5-1-2"", 0.0242], [""5-1-4"", 0.012]]","[[""3-1-5"", 0.0531], [""1-2-3"", 0.0335], [""1-2-5"", 0.0321], [""3-5-1"", 0.0233]]",,,False,False,0.7866,中,"{""逃げ"": 54.9, ""まくり"": 14.0, ""差し"": 13.2, ""まくり差し"": 10.5, ""抜き"": 6.3, ""恵まれ"": 1.1}","[""0〜600円"", ""600〜750円"", ""750〜900円"", ""900〜1050円"", ""1050〜1220円"", ""1220〜1410円"", ""1410〜1640円"", ""1640〜1890円"", ""1890〜2200円"", ""2200〜2560円"", ""2560〜3020円"", ""3020〜3580円"", ""3580〜4290円"", ""4290〜5220円"", ""5220〜6490円"", ""6490〜8310円"", ""8310〜11220円"", ""11220〜16240円"", ""16240〜28268円"", ""28268円〜""]","[3.5, 6.3, 5.8, 5.7, 5.3, 4.8, 5.7, 5.2, 5.2, 4.8, 5.0, 5.0, 4.7, 4.3, 4.3, 4.1, 4.8, 5.4, 4.7, 4.8]","[-1.5, 1.3, 0.8, 0.7, 0.3, -0.2, 0.7, 0.2, 0.2, -0.2, 0.0, 0.0, -0.3, -0.7, -0.7, -0.9, -0.2, 0.4, -0.3, -0.2]"
20260806,12,5,1,55.2,"[[""1-6-4"", 0.0682], [""1-4-6"", 0.0583], [""1-6-5"", 0.0577], [""1-6-3"", 0.0528], [""1-6-2"", 0.0456], [""1-5-6"", 0.0448], [""1-3-6"", 0.0403], [""1-2-6"", 0.034], [""1-4-5"", 0.0334]]",6,27.6,"[[""6-1-4"", 0.0226], [""6-1-5"", 0.0191], [""6-1-3"", 0.0175], [""6-1-2"", 0.0151]]","[[""1-4-3"", 0.0305], [""1-5-4"", 0.0303], [""1-3-4"", 0.0273], [""1-4-2"", 0.0264]]",,,False,False,0.7866,中,"{""逃げ"": 54.9, ""まくり"": 14.0, ""差し"": 13.2, ""まくり差し"": 10.5, ""抜き"": 6.3, ""恵まれ"": 1.1}","[""0〜600円"", ""600〜750円"", ""750〜900円"", ""900〜1050円"", ""1050〜1220円"", ""1220〜1410円"", ""1410〜1640円"", ""1640〜1890円"", ""1890〜2200円"", ""2200〜2560円"", ""2560〜3020円"", ""3020〜3580円"", ""3580〜4290円"", ""4290〜5220円"", ""5220〜6490円"", ""6490〜8310円"", ""8310〜11220円"", ""11220〜16240円"", ""16240〜28268円"", ""28268円〜""]","[3.5, 6.3, 5.8, 5.7, 5.3, 4.8, 5.7, 5.2, 5.2, 4.8, 5.0, 5.0, 4.7, 4.3, 4.3, 4.1, 4.8, 5.4, 4.7, 4.8]","[-1.5, 1.3, 0.8, 0.7, 0.3, -0.2, 0.7, 0.2, 0.2, -0.2, 0.0, 0.0, -0.3, -0.7, -0.7, -0.9, -0.2, 0.4, -0.3, -0.2]"
20260806,12,6,2,50.7,"[[""2-4-1"", 0.0363], [""2-1-4"", 0.0332], [""2-4-3"", 0.0242], [""2-1-3"", 0.0184], [""2-4-5"", 0.016], [""2-4-6"", 0.0122], [""2-1-5"", 0.0122]]",4,28.1,"[[""4-2-1"", 0.0357], [""4-1-2"", 0.0318], [""4-2-3"", 0.0238], [""4-1-3"", 0.0169], [""4-2-5"", 0.0157], [""4-2-6"", 0.012]]","[[""1-2-4"", 0.0308], [""1-4-2"", 0.0301], [""2-3-4"", 0.0184], [""4-3-2"", 0.0177]]",,,False,False,0.7866,中,"{""逃げ"": 54.9, ""まくり"": 14.0, ""差し"": 13.2, ""まくり差し"": 10.5, ""抜き"": 6.3, ""恵まれ"": 1.1}","[""0〜600円"", ""600〜750円"", ""750〜900円"", ""900〜1050円"", ""1050〜1220円"", ""1220〜1410円"", ""1410〜1640円"", ""1640〜1890円"", ""1890〜2200円"", ""2200〜2560円"", ""2560〜3020円"", ""3020〜3580円"", ""3580〜4290円"", ""4290〜5220円"", ""5220〜6490円"", ""6490〜8310円"", ""8310〜11220円"", ""11220〜16240円"", ""16240〜28268円"", ""28268円〜""]","[3.5, 6.3, 5.8, 5.7, 5.3, 4.8, 5.7, 5.2, 5.2, 4.8, 5.0, 5.0, 4.7, 4.3, 4.3, 4.1, 4.8, 5.4, 4.7, 4.8]","[-1.5, 1.3, 0.8, 0.7, 0.3, -0.2, 0.7, 0.2, 0.2, -0.2, 0.0, 0.0, -0.3, -0.7, -0.7, -0.9, -0.2, 0.4, -0.3, -0.2]"
20260806,12,7,3,55.0,"[[""3-1-2"", 0.103], [""3-1-4"", 0.0324], [""3-1-6"", 0.0197], [""3-1-5"", 0.0165]]",1,27.8,"[[""1-3-2"", 0.0945], [""1-3-4"", 0.0298], [""1-3-6"", 0.0181], [""1-3-5"", 0.0151]]","[[""3-2-1"", 0.0728], [""1-2-3"", 0.0591], [""2-3-1"", 0.0564], [""2-1-3"", 0.0499]]",1-3,0.3719,False,True,0.8218,強,"{""逃げ"": 67.2, ""まくり"": 9.6, ""差し"": 8.7, ""まくり差し"": 8.8, ""抜き"": 4.9, ""恵まれ"": 0.8}","[""0〜600円"", ""600〜750円"", ""750〜900円"", ""900〜1050円"", ""1050〜1220円"", ""1220〜1410円"", ""1410〜1640円"", ""1640〜1890円"", ""1890〜2200円"", ""2200〜2560円"", ""2560〜3020円"", ""3020〜3580円"", ""3580〜4290円"", ""4290〜5220円"", ""5220〜6490円"", ""6490〜8310円"", ""8310〜11220円"", ""11220〜16240円"", ""16240〜28268円"", ""28268円〜""]","[7.8, 7.0, 7.6, 4.7, 7.0, 4.9, 4.5, 4.7, 4.2, 5.0, 4.5, 3.6, 4.3, 3.9, 4.2, 3.3, 4.0, 3.7, 4.5, 6.4]","[2.8, 2.0, 2.6, -0.3, 2.0, -0.1, -0.5, -0.3, -0.8, 0.0, -0.5, -1.4, -0.7, -1.1, -0.8, -1.7, -1.0, -1.3, -0.5, 1.4]"
20260806,12,8,1,57.1,"[[""1-2-5"", 0.0481], [""1-5-2"", 0.0427], [""1-2-6"", 0.0446], [""1-6-2"", 0.0362], [""1-2-3"", 0.0318], [""1-5-6"", 0.03], [""1-6-5"", 0.0274], [""1-3-2"", 0.0242], [""1-5-3"", 0.0214]]",5,30.8,"[[""5-1-2"", 0.027], [""5-1-6"", 0.0189], [""5-1-3"", 0.0135]]","[[""2-1-5"", 0.032], [""2-1-6"", 0.0297], [""6-1-2"", 0.0219], [""2-5-1"", 0.017]]",,,False,False,0.7866,弱,"{""逃げ"": 37.1, ""まくり"": 24.4, ""差し"": 17.5, ""まくり差し"": 12.4, ""抜き"": 7.8, ""恵まれ"": 0.9}","[""0〜600円"", ""600〜750円"", ""750〜900円"", ""900〜1050円"", ""1050〜1220円"", ""1220〜1410円"", ""1410〜1640円"", ""1640〜1890円"", ""1890〜2200円"", ""2200〜2560円"", ""2560〜3020円"", ""3020〜3580円"", ""3580〜4290円"", ""4290〜5220円"", ""5220〜6490円"", ""6490〜8310円"", ""8310〜11220円"", ""11220〜16240円"", ""16240〜28268円"", ""28268円〜""]","[1.5, 2.7, 3.9, 3.6, 3.9, 4.8, 5.1, 6.1, 5.8, 5.7, 5.9, 5.6, 6.5, 6.0, 5.9, 6.4, 5.4, 5.6, 5.9, 3.6]","[-3.5, -2.3, -1.1, -1.4, -1.1, -0.2, 0.1, 1.1, 0.8, 0.7, 0.9, 0.6, 1.5, 1.0, 0.9, 1.4, 0.4, 0.6, 0.9, -1.4]"
20260806,12,9,3,62.0,"[[""3-1-6"", 0.0475], [""3-1-5"", 0.0549], [""3-6-1"", 0.0402], [""3-5-1"", 0.0452], [""3-1-2"", 0.0368], [""3-6-5"", 0.03], [""3-5-6"", 0.0292], [""3-1-4"", 0.028], [""3-2-1"", 0.028]]",1,28.1,"[[""1-3-6"", 0.0268], [""1-3-5"", 0.0309], [""1-3-2"", 0.0207], [""1-3-4"", 0.0158]]","[[""6-3-1"", 0.0212], [""5-3-1"", 0.0236], [""3-4-1"", 0.0206], [""3-6-2"", 0.0201]]",,,False,False,0.7866,強,"{""逃げ"": 67.2, ""まくり"": 9.6, ""差し"": 8.7, ""まくり差し"": 8.8, ""抜き"": 4.9, ""恵まれ"": 0.8}","[""0〜600円"", ""600〜750円"", ""750〜900円"", ""900〜1050円"", ""1050〜1220円"", ""1220〜1410円"", ""1410〜1640円"", ""1640〜1890円"", ""1890〜2200円"", ""2200〜2560円"", ""2560〜3020円"", ""3020〜3580円"", ""3580〜4290円"", ""4290〜5220円"", ""5220〜6490円"", ""6490〜8310円"", ""8310〜11220円"", ""11220〜16240円"", ""16240〜28268円"", ""28268円〜""]","[7.8, 7.0, 7.6, 4.7, 7.0, 4.9, 4.5, 4.7, 4.2, 5.0, 4.5, 3.6, 4.3, 3.9, 4.2, 3.3, 4.0, 3.7, 4.5, 6.4]","[2.8, 2.0, 2.6, -0.3, 2.0, -0.1, -0.5, -0.3, -0.8, 0.0, -0.5, -1.4, -0.7, -1.1, -0.8, -1.7, -1.0, -1.3, -0.5, 1.4]"
20260806,12,10,1,50.9,"[[""1-4-2"", 0.1372], [""1-4-5"", 0.1164], [""1-4-3"", 0.0518], [""1-4-6"", 0.0337]]",4,27.6,"[[""4-1-2"", 0.0295], [""4-1-5"", 0.025], [""4-1-3"", 0.0111]]","[[""1-2-4"", 0.0969], [""1-5-4"", 0.0742], [""1-2-5"", 0.0434], [""1-5-2"", 0.0391]]",1-4,0.4573,False,False,0.7866,強,"{""逃げ"": 67.2, ""まくり"": 9.6, ""差し"": 8.7, ""まくり差し"": 8.8, ""抜き"": 4.9, ""恵まれ"": 0.8}","[""0〜600円"", ""600〜750円"", ""750〜900円"", ""900〜1050円"", ""1050〜1220円"", ""1220〜1410円"", ""1410〜1640円"", ""1640〜1890円"", ""1890〜2200円"", ""2200〜2560円"", ""2560〜3020円"", ""3020〜3580円"", ""3580〜4290円"", ""4290〜5220円"", ""5220〜6490円"", ""6490〜8310円"", ""8310〜11220円"", ""11220〜16240円"", ""16240〜28268円"", ""28268円〜""]","[7.8, 7.0, 7.6, 4.7, 7.0, 4.9, 4.5, 4.7, 4.2, 5.0, 4.5, 3.6, 4.3, 3.9, 4.2, 3.3, 4.0, 3.7, 4.5, 6.4]","[2.8, 2.0, 2.6, -0.3, 2.0, -0.1, -0.5, -0.3, -0.8, 0.0, -0.5, -1.4, -0.7, -1.1, -0.8, -1.7, -1.0, -1.3, -0.5, 1.4]"
20260806,12,11,1,55.0,"[[""1-2-3"", 0.1125], [""1-2-6"", 0.088], [""1-2-5"", 0.0799], [""1-2-4"", 0.0577]]",2,28.2,"[[""2-1-3"", 0.0285], [""2-1-6"", 0.0223], [""2-1-5"", 0.0202], [""2-1-4"", 0.0146]]","[[""1-3-2"", 0.0748], [""1-6-2"", 0.0537], [""1-5-2"", 0.0481], [""1-4-2"", 0.0335]]",1-2,0.4543,False,True,0.8218,強,"{""逃げ"": 67.2, ""まくり"": 9.6, ""差し"": 8.7, ""まくり差し"": 8.8, ""抜き"": 4.9, ""恵まれ"": 0.8}","[""0〜600円"", ""600〜750円"", ""750〜900円"", ""900〜1050円"", ""1050〜1220円"", ""1220〜1410円"", ""1410〜1640円"", ""1640〜1890円"", ""1890〜2200円"", ""2200〜2560円"", ""2560〜3020円"", ""3020〜3580円"", ""3580〜4290円"", ""4290〜5220円"", ""5220〜6490円"", ""6490〜8310円"", ""8310〜11220円"", ""11220〜16240円"", ""16240〜28268円"", ""28268円〜""]","[7.8, 7.0, 7.6, 4.7, 7.0, 4.9, 4.5, 4.7, 4.2, 5.0, 4.5, 3.6, 4.3, 3.9, 4.2, 3.3, 4.0, 3.7, 4.5, 6.4]","[2.8, 2.0, 2.6, -0.3, 2.0, -0.1, -0.5, -0.3, -0.8, 0.0, -0.5, -1.4, -0.7, -1.1, -0.8, -1.7, -1.0, -1.3, -0.5, 1.4]"
20260806,12,12,1,39.8,"[[""1-4-2"", 0.0527], [""1-2-4"", 0.0483], [""1-4-3"", 0.054], [""1-4-5"", 0.0522], [""1-4-6"", 0.0516], [""1-3-4"", 0.0469], [""1-5-4"", 0.045], [""1-6-4"", 0.0444], [""1-2-3"", 0.0377]]",2,33.6,"[[""2-1-4"", 0.0101]]","[[""1-2-5"", 0.0365], [""1-2-6"", 0.0361], [""1-3-2"", 0.0358], [""1-5-2"", 0.0344]]",,,False,False,0.7866,強,"{""逃げ"": 67.2, ""まくり"": 9.6, ""差し"": 8.7, ""まくり差し"": 8.8, ""抜き"": 4.9, ""恵まれ"": 0.8}","[""0〜600円"", ""600〜750円"", ""750〜900円"", ""900〜1050円"", ""1050〜1220円"", ""1220〜1410円"", ""1410〜1640円"", ""1640〜1890円"", ""1890〜2200円"", ""2200〜2560円"", ""2560〜3020円"", ""3020〜3580円"", ""3580〜4290円"", ""4290〜5220円"", ""5220〜6490円"", ""6490〜8310円"", ""8310〜11220円"", ""11220〜16240円"", ""16240〜28268円"", ""28268円〜""]","[7.8, 7.0, 7.6, 4.7, 7.0, 4.9, 4.5, 4.7, 4.2, 5.0, 4.5, 3.6, 4.3, 3.9, 4.2, 3.3, 4.0, 3.7, 4.5, 6.4]","[2.8, 2.0, 2.6, -0.3, 2.0, -0.1, -0.5, -0.3, -0.8, 0.0, -0.5, -1.4, -0.7, -1.1, -0.8, -1.7, -1.0, -1.3, -0.5, 1.4]"
20260806,14,1,1,61.0,"[[""1-2-3"", 0.0927], [""1-3-2"", 0.0902], [""1-2-4"", 0.0731], [""1-3-4"", 0.0669], [""1-2-5"", 0.0618], [""1-4-2"", 0.0617], [""1-4-3"", 0.0581], [""1-3-5"", 0.0566], [""1-5-2"", 0.0504]]",2,35.0,"[[""2-1-3"", 0.0201], [""2-1-4"", 0.0158], [""2-1-5"", 0.0134]]","[[""1-5-3"", 0.0474], [""1-4-5"", 0.0319], [""1-5-4"", 0.0307], [""3-1-2"", 0.0194]]",,,False,True,0.8218,中,"{""逃げ"": 45.4, ""まくり"": 18.2, ""まくり差し"": 13.6, ""差し"": 13.7, ""抜き"": 8.3, ""恵まれ"": 0.8}","[""0〜600円"", ""600〜750円"", ""750〜900円"", ""900〜1050円"", ""1050〜1220円"", ""1220〜1410円"", ""1410〜1640円"", ""1640〜1890円"", ""1890〜2200円"", ""2200〜2560円"", ""2560〜3020円"", ""3020〜3580円"", ""3580〜4290円"", ""4290〜5220円"", ""5220〜6490円"", ""6490〜8310円"", ""8310〜11220円"", ""11220〜16240円"", ""16240〜28268円"", ""28268円〜""]","[2.4, 4.0, 4.2, 4.3, 5.1, 3.6, 5.0, 4.6, 4.8, 4.2, 5.0, 4.7, 5.2, 5.2, 5.7, 5.8, 6.1, 7.2, 6.1, 6.7]","[-2.6, -1.0, -0.8, -0.7, 0.1, -1.4, -0.0, -0.4, -0.2, -0.8, -0.0, -0.3, 0.2, 0.2, 0.7, 0.8, 1.1, 2.2, 1.1, 1.7]"
20260806,14,2,1,54.2,"[[""1-3-2"", 0.0926], [""1-2-3"", 0.0868], [""1-3-4"", 0.0475], [""1-2-4"", 0.0399], [""1-3-5"", 0.0226], [""1-2-5"", 0.019], [""1-3-6"", 0.0117]]",3,24.7,"[[""3-1-2"", 0.0583], [""3-1-4"", 0.0299], [""3-1-5"", 0.0142]]","[[""2-1-3"", 0.0532], [""3-2-1"", 0.0286], [""2-3-1"", 0.0279], [""1-4-3"", 0.0339]]",,,False,True,0.8218,中,"{""逃げ"": 45.4, ""まくり"": 18.2, ""まくり差し"": 13.6, ""差し"": 13.7, ""抜き"": 8.3, ""恵まれ"": 0.8}","[""0〜600円"", ""600〜750円"", ""750〜900円"", ""900〜1050円"", ""1050〜1220円"", ""1220〜1410円"", ""1410〜1640円"", ""1640〜1890円"", ""1890〜2200円"", ""2200〜2560円"", ""2560〜3020円"", ""3020〜3580円"", ""3580〜4290円"", ""4290〜5220円"", ""5220〜6490円"", ""6490〜8310円"", ""8310〜11220円"", ""11220〜16240円"", ""16240〜28268円"", ""28268円〜""]","[2.4, 4.0, 4.2, 4.3, 5.1, 3.6, 5.0, 4.6, 4.8, 4.2, 5.0, 4.7, 5.2, 5.2, 5.7, 5.8, 6.1, 7.2, 6.1, 6.7]","[-2.6, -1.0, -0.8, -0.7, 0.1, -1.4, -0.0, -0.4, -0.2, -0.8, -0.0, -0.3, 0.2, 0.2, 0.7, 0.8, 1.1, 2.2, 1.1, 1.7]"
20260806,14,3,1,50.6,"[[""1-2-5"", 0.0603], [""1-5-2"", 0.0595], [""1-2-3"", 0.0464], [""1-5-3"", 0.0443], [""1-3-2"", 0.0393], [""1-3-5"", 0.038], [""1-2-4"", 0.036], [""1-5-4"", 0.0344], [""1-4-2"", 0.029]]",2,28.9,"[[""2-1-5"", 0.0282], [""2-1-3"", 0.0217], [""2-1-4"", 0.0168]]","[[""5-1-2"", 0.0277], [""1-4-5"", 0.0281], [""1-2-6"", 0.0212], [""5-1-3"", 0.0206]]",,,False,False,0.7866,強,"{""逃げ"": 60.6, ""まくり差し"": 11.4, ""まくり"": 11.4, ""差し"": 9.8, ""抜き"": 6.2, ""恵まれ"": 0.5}","[""0〜600円"", ""600〜750円"", ""750〜900円"", ""900〜1050円"", ""1050〜1220円"", ""1220〜1410円"", ""1410〜1640円"", ""1640〜1890円"", ""1890〜2200円"", ""2200〜2560円"", ""2560〜3020円"", ""3020〜3580円"", ""3580〜4290円"", ""4290〜5220円"", ""5220〜6490円"", ""6490〜8310円"", ""8310〜11220円"", ""11220〜16240円"", ""16240〜28268円"", ""28268円〜""]","[5.0, 5.8, 4.9, 5.2, 5.8, 4.9, 5.2, 5.2, 4.3, 5.5, 4.3, 4.1, 4.3, 4.3, 5.1, 4.3, 5.2, 5.0, 6.0, 5.8]","[0.0, 0.8, -0.1, 0.2, 0.8, -0.1, 0.2, 0.2, -0.7, 0.5, -0.7, -0.9, -0.7, -0.7, 0.1, -0.7, 0.2, -0.0, 1.0, 0.8]"
20260806,14,4,1,50.7,"[[""1-3-4"", 0.0738], [""1-4-3"", 0.0603], [""1-3-2"", 0.0666], [""1-3-6"", 0.0563], [""1-2-3"", 0.05], [""1-6-3"", 0.041], [""1-3-5"", 0.0341], [""1-4-2"", 0.0341], [""1-2-4"", 0.0313]]",3,22.0,"[[""3-1-4"", 0.0277], [""3-1-2"", 0.025], [""3-1-6"", 0.0211], [""3-1-5"", 0.0128]]","[[""1-4-6"", 0.0288], [""4-1-3"", 0.0215], [""1-6-4"", 0.0257], [""1-5-3"", 0.0233]]",,,False,False,0.7866,中,"{""逃げ"": 45.4, ""まくり"": 18.2, ""まくり差し"": 13.6, ""差し"": 13.7, ""抜き"": 8.3, ""恵まれ"": 0.8}","[""0〜600円"", ""600〜750円"", ""750〜900円"", ""900〜1050円"", ""1050〜1220円"", ""1220〜1410円"", ""1410〜1640円"", ""1640〜1890円"", ""1890〜2200円"", ""2200〜2560円"", ""2560〜3020円"", ""3020〜3580円"", ""3580〜4290円"", ""4290〜5220円"", ""5220〜6490円"", ""6490〜8310円"", ""8310〜11220円"", ""11220〜16240円"", ""16240〜28268円"", ""28268円〜""]","[2.4, 4.0, 4.2, 4.3, 5.1, 3.6, 5.0, 4.6, 4.8, 4.2, 5.0, 4.7, 5.2, 5.2, 5.7, 5.8, 6.1, 7.2, 6.1, 6.7]","[-2.6, -1.0, -0.8, -0.7, 0.1, -1.4, -0.0, -0.4, -0.2, -0.8, -0.0, -0.3, 0.2, 0.2, 0.7, 0.8, 1.1, 2.2, 1.1, 1.7]"
20260806,14,5,2,30.1,"[[""2-3-4"", 0.0424], [""2-3-1"", 0.0526], [""2-4-3"", 0.0376], [""2-4-1"", 0.0366]]",3,25.0,"[[""3-2-4"", 0.0402], [""3-2-1"", 0.0498]]","[[""2-1-3"", 0.0461], [""4-2-3"", 0.0331], [""3-4-2"", 0.0331], [""3-1-2"", 0.0406]]",,,False,False,0.7866,中,"{""逃げ"": 45.4, ""まくり"": 18.2, ""まくり差し"": 13.6, ""差し"": 13.7, ""抜き"": 8.3, ""恵まれ"": 0.8}","[""0〜600円"", ""600〜750円"", ""750〜900円"", ""900〜1050円"", ""1050〜1220円"", ""1220〜1410円"", ""1410〜1640円"", ""1640〜1890円"", ""1890〜2200円"", ""2200〜2560円"", ""2560〜3020円"", ""3020〜3580円"", ""3580〜4290円"", ""4290〜5220円"", ""5220〜6490円"", ""6490〜8310円"", ""8310〜11220円"", ""11220〜16240円"", ""16240〜28268円"", ""28268円〜""]","[2.4, 4.0, 4.2, 4.3, 5.1, 3.6, 5.0, 4.6, 4.8, 4.2, 5.0, 4.7, 5.2, 5.2, 5.7, 5.8, 6.1, 7.2, 6.1, 6.7]","[-2.6, -1.0, -0.8, -0.7, 0.1, -1.4, -0.0, -0.4, -0.2, -0.8, -0.0, -0.3, 0.2, 0.2, 0.7, 0.8, 1.1, 2.2, 1.1, 1.7]"
20260806,14,6,4,49.7,"[[""4-2-1"", 0.0658], [""4-2-3"", 0.0653], [""4-2-5"", 0.0213]]",1,,"[[""1-4-2"", 0.0333], [""1-4-3"", 0.0162]]","[[""2-4-1"", 0.0599], [""2-4-3"", 0.0595], [""4-1-2"", 0.0447], [""2-1-4"", 0.0361]]",,,False,True,0.8218,強,"{""逃げ"": 60.6, ""まくり差し"": 11.4, ""まくり"": 11.4, ""差し"": 9.8, ""抜き"": 6.2, ""恵まれ"": 0.5}","[""0〜600円"", ""600〜750円"", ""750〜900円"", ""900〜1050円"", ""1050〜1220円"", ""1220〜1410円"", ""1410〜1640円"", ""1640〜1890円"", ""1890〜2200円"", ""2200〜2560円"", ""2560〜3020円"", ""3020〜3580円"", ""3580〜4290円"", ""4290〜5220円"", ""5220〜6490円"", ""6490〜8310円"", ""8310〜11220円"", ""11220〜16240円"", ""16240〜28268円"", ""28268円〜""]","[5.0, 5.8, 4.9, 5.2, 5.8, 4.9, 5.2, 5.2, 4.3, 5.5, 4.3, 4.1, 4.3, 4.3, 5.1, 4.3, 5.2, 5.0, 6.0, 5.8]","[0.0, 0.8, -0.1, 0.2, 0.8, -0.1, 0.2, 0.2, -0.7, 0.5, -0.7, -0.9, -0.7, -0.7, 0.1, -0.7, 0.2, -0.0, 1.0, 0.8]"
20260806,14,7,3,52.6,"[[""3-1-6"", 0.0585], [""3-1-2"", 0.0675], [""3-1-4"", 0.0395], [""3-1-5"", 0.0326]]",1,47.9,"[[""1-3-6"", 0.0428], [""1-3-2"", 0.0494], [""1-3-4"", 0.0289], [""1-3-5"", 0.0239]]","[[""3-6-1"", 0.038], [""3-2-1"", 0.043], [""6-3-1"", 0.023], [""2-3-1"", 0.0257]]",1-3,0.3704,False,False,0.7866,強,"{""逃げ"": 60.6, ""まくり差し"": 11.4, ""まくり"": 11.4, ""差し"": 9.8, ""抜き"": 6.2, ""恵まれ"": 0.5}","[""0〜600円"", ""600〜750円"", ""750〜900円"", ""900〜1050円"", ""1050〜1220円"", ""1220〜1410円"", ""1410〜1640円"", ""1640〜1890円"", ""1890〜2200円"", ""2200〜2560円"", ""2560〜3020円"", ""3020〜3580円"", ""3580〜4290円"", ""4290〜5220円"", ""5220〜6490円"", ""6490〜8310円"", ""8310〜11220円"", ""11220〜16240円"", ""16240〜28268円"", ""28268円〜""]","[5.0, 5.8, 4.9, 5.2, 5.8, 4.9, 5.2, 5.2, 4.3, 5.5, 4.3, 4.1, 4.3, 4.3, 5.1, 4.3, 5.2, 5.0, 6.0, 5.8]","[0.0, 0.8, -0.1, 0.2, 0.8, -0.1, 0.2, 0.2, -0.7, 0.5, -0.7, -0.9, -0.7, -0.7, 0.1, -0.7, 0.2, -0.0, 1.0, 0.8]"
20260806,14,8,2,53.8,"[[""2-1-5"", 0.0715], [""2-1-4"", 0.052], [""2-1-3"", 0.0479], [""2-1-6"", 0.0221]]",1,51.5,"[[""1-2-5"", 0.0609], [""1-2-4"", 0.0443], [""1-2-3"", 0.0409], [""1-2-6"", 0.0188]]","[[""2-5-1"", 0.0431], [""1-5-2"", 0.0302], [""5-2-1"", 0.029], [""5-1-2"", 0.0238]]",1-2,0.3943,False,False,0.7866,強,"{""逃げ"": 60.6, ""まくり差し"": 11.4, ""まくり"": 11.4, ""差し"": 9.8, ""抜き"": 6.2, ""恵まれ"": 0.5}","[""0〜600円"", ""600〜750円"", ""750〜900円"", ""900〜1050円"", ""1050〜1220円"", ""1220〜1410円"", ""1410〜1640円"", ""1640〜1890円"", ""1890〜2200円"", ""2200〜2560円"", ""2560〜3020円"", ""3020〜3580円"", ""3580〜4290円"", ""4290〜5220円"", ""5220〜6490円"", ""6490〜8310円"", ""8310〜11220円"", ""11220〜16240円"", ""16240〜28268円"", ""28268円〜""]","[5.0, 5.8, 4.9, 5.2, 5.8, 4.9, 5.2, 5.2, 4.3, 5.5, 4.3, 4.1, 4.3, 4.3, 5.1, 4.3, 5.2, 5.0, 6.0, 5.8]","[0.0, 0.8, -0.1, 0.2, 0.8, -0.1, 0.2, 0.2, -0.7, 0.5, -0.7, -0.9, -0.7, -0.7, 0.1, -0.7, 0.2, -0.0, 1.0, 0.8]"
20260806,14,9,1,46.4,"[[""1-2-4"", 0.0692], [""1-2-3"", 0.0401], [""1-2-5"", 0.0353], [""1-2-6"", 0.0194]]",2,25.5,"[[""2-1-4"", 0.053], [""2-1-3"", 0.0307], [""2-1-5"", 0.027], [""2-1-6"", 0.0148]]","[[""1-4-2"", 0.0543], [""4-1-2"", 0.0371], [""2-4-1"", 0.0292], [""4-2-1"", 0.0261]]",1-2,0.3226,False,False,0.7866,中,"{""逃げ"": 45.4, ""まくり"": 18.2, ""まくり差し"": 13.6, ""差し"": 13.7, ""抜き"": 8.3, ""恵まれ"": 0.8}","[""0〜600円"", ""600〜750円"", ""750〜900円"", ""900〜1050円"", ""1050〜1220円"", ""1220〜1410円"", ""1410〜1640円"", ""1640〜1890円"", ""1890〜2200円"", ""2200〜2560円"", ""2560〜3020円"", ""3020〜3580円"", ""3580〜4290円"", ""4290〜5220円"", ""5220〜6490円"", ""6490〜8310円"", ""8310〜11220円"", ""11220〜16240円"", ""16240〜28268円"", ""28268円〜""]","[2.4, 4.0, 4.2, 4.3, 5.1, 3.6, 5.0, 4.6, 4.8, 4.2, 5.0, 4.7, 5.2, 5.2, 5.7, 5.8, 6.1, 7.2, 6.1, 6.7]","[-2.6, -1.0, -0.8, -0.7, 0.1, -1.4, -0.0, -0.4, -0.2, -0.8, -0.0, -0.3, 0.2, 0.2, 0.7, 0.8, 1.1, 2.2, 1.1, 1.7]"
20260806,14,10,2,67.1,"[[""2-5-4"", 0.0203], [""2-4-5"", 0.0201], [""2-5-1"", 0.0233], [""2-4-1"", 0.0223], [""2-1-5"", 0.0223], [""2-1-4"", 0.0215], [""2-5-3"", 0.0128], [""2-4-3"", 0.0122], [""2-3-5"", 0.0107]]",5,60.7,"[[""5-2-4"", 0.0189], [""5-2-1"", 0.0217], [""5-4-2"", 0.017], [""5-1-2"", 0.0189], [""5-4-1"", 0.0148], [""5-1-4"", 0.0144]]","[[""4-2-5"", 0.0185], [""4-5-2"", 0.0168], [""4-2-1"", 0.0206], [""1-2-5"", 0.0201]]",,,False,False,0.7866,中,"{""逃げ"": 45.4, ""まくり"": 18.2, ""まくり差し"": 13.6, ""差し"": 13.7, ""抜き"": 8.3, ""恵まれ"": 0.8}","[""0〜600円"", ""600〜750円"", ""750〜900円"", ""900〜1050円"", ""1050〜1220円"", ""1220〜1410円"", ""1410〜1640円"", ""1640〜1890円"", ""1890〜2200円"", ""2200〜2560円"", ""2560〜3020円"", ""3020〜3580円"", ""3580〜4290円"", ""4290〜5220円"", ""5220〜6490円"", ""6490〜8310円"", ""8310〜11220円"", ""11220〜16240円"", ""16240〜28268円"", ""28268円〜""]","[2.4, 4.0, 4.2, 4.3, 5.1, 3.6, 5.0, 4.6, 4.8, 4.2, 5.0, 4.7, 5.2, 5.2, 5.7, 5.8, 6.1, 7.2, 6.1, 6.7]","[-2.6, -1.0, -0.8, -0.7, 0.1, -1.4, -0.0, -0.4, -0.2, -0.8, -0.0, -0.3, 0.2, 0.2, 0.7, 0.8, 1.1, 2.2, 1.1, 1.7]"
20260806,14,11,1,55.1,"[[""1-3-5"", 0.0255], [""1-5-3"", 0.0231], [""1-3-2"", 0.0236], [""1-3-4"", 0.0218], [""1-2-3"", 0.0196], [""1-4-3"", 0.0178], [""1-5-2"", 0.0165], [""1-5-4"", 0.0152], [""1-2-5"", 0.0152]]",3,24.7,"[[""3-1-5"", 0.0237], [""3-5-1"", 0.0194], [""3-1-2"", 0.0219], [""3-1-4"", 0.0202], [""3-2-1"", 0.0166], [""3-4-1"", 0.0151]]","[[""5-1-3"", 0.0201], [""5-3-1"", 0.0182], [""2-1-3"", 0.0161], [""2-3-1"", 0.0147]]",,,False,False,0.7866,中,"{""逃げ"": 45.4, ""まくり"": 18.2, ""まくり差し"": 13.6, ""差し"": 13.7, ""抜き"": 8.3, ""恵まれ"": 0.8}","[""0〜600円"", ""600〜750円"", ""750〜900円"", ""900〜1050円"", ""1050〜1220円"", ""1220〜1410円"", ""1410〜1640円"", ""1640〜1890円"", ""1890〜2200円"", ""2200〜2560円"", ""2560〜3020円"", ""3020〜3580円"", ""3580〜4290円"", ""4290〜5220円"", ""5220〜6490円"", ""6490〜8310円"", ""8310〜11220円"", ""11220〜16240円"", ""16240〜28268円"", ""28268円〜""]","[2.4, 4.0, 4.2, 4.3, 5.1, 3.6, 5.0, 4.6, 4.8, 4.2, 5.0, 4.7, 5.2, 5.2, 5.7, 5.8, 6.1, 7.2, 6.1, 6.7]","[-2.6, -1.0, -0.8, -0.7, 0.1, -1.4, -0.0, -0.4, -0.2, -0.8, -0.0, -0.3, 0.2, 0.2, 0.7, 0.8, 1.1, 2.2, 1.1, 1.7]"
20260806,14,12,1,49.7,"[[""1-3-4"", 0.0443], [""1-4-3"", 0.0408], [""1-3-2"", 0.0488], [""1-3-6"", 0.0473], [""1-3-5"", 0.0454], [""1-2-3"", 0.0434], [""1-6-3"", 0.0418], [""1-5-3"", 0.0398], [""1-4-2"", 0.0345]]",3,21.8,"[[""3-1-4"", 0.0128], [""3-1-2"", 0.0141], [""3-1-6"", 0.0137], [""3-1-5"", 0.0131]]","[[""1-4-6"", 0.0335], [""1-2-4"", 0.0334], [""1-4-5"", 0.0321], [""1-6-4"", 0.0321]]",,,False,False,0.7866,強,"{""逃げ"": 60.6, ""まくり差し"": 11.4, ""まくり"": 11.4, ""差し"": 9.8, ""抜き"": 6.2, ""恵まれ"": 0.5}","[""0〜600円"", ""600〜750円"", ""750〜900円"", ""900〜1050円"", ""1050〜1220円"", ""1220〜1410円"", ""1410〜1640円"", ""1640〜1890円"", ""1890〜2200円"", ""2200〜2560円"", ""2560〜3020円"", ""3020〜3580円"", ""3580〜4290円"", ""4290〜5220円"", ""5220〜6490円"", ""6490〜8310円"", ""8310〜11220円"", ""11220〜16240円"", ""16240〜28268円"", ""28268円〜""]","[5.0, 5.8, 4.9, 5.2, 5.8, 4.9, 5.2, 5.2, 4.3, 5.5, 4.3, 4.1, 4.3, 4.3, 5.1, 4.3, 5.2, 5.0, 6.0, 5.8]","[0.0, 0.8, -0.1, 0.2, 0.8, -0.1, 0.2, 0.2, -0.7, 0.5, -0.7, -0.9, -0.7, -0.7, 0.1, -0.7, 0.2, -0.0, 1.0, 0.8]"
20260806,17,1,1,56.4,"[[""1-3-5"", 0.0626], [""1-5-3"", 0.0551], [""1-3-4"", 0.0648], [""1-3-2"", 0.0567], [""1-4-3"", 0.0542], [""1-2-3"", 0.0461], [""1-3-6"", 0.0413], [""1-5-4"", 0.0404], [""1-4-5"", 0.0384]]",4,52.6,"[[""4-1-3"", 0.0133]]","[[""1-5-2"", 0.0354], [""1-2-5"", 0.0327], [""1-6-3"", 0.0319], [""1-4-2"", 0.0273]]",,,False,False,0.7866,中,"{""逃げ"": 53.3, ""まくり"": 16.6, ""まくり差し"": 13.2, ""差し"": 10.3, ""抜き"": 5.7, ""恵まれ"": 0.8}","[""0〜600円"", ""600〜750円"", ""750〜900円"", ""900〜1050円"", ""1050〜1220円"", ""1220〜1410円"", ""1410〜1640円"", ""1640〜1890円"", ""1890〜2200円"", ""2200〜2560円"", ""2560〜3020円"", ""3020〜3580円"", ""3580〜4290円"", ""4290〜5220円"", ""5220〜6490円"", ""6490〜8310円"", ""8310〜11220円"", ""11220〜16240円"", ""16240〜28268円"", ""28268円〜""]","[3.7, 5.6, 6.0, 4.8, 5.4, 5.7, 5.2, 4.4, 4.5, 4.6, 4.8, 5.1, 4.9, 5.1, 4.6, 5.6, 4.2, 4.3, 5.5, 6.0]","[-1.3, 0.6, 1.0, -0.2, 0.4, 0.7, 0.2, -0.6, -0.5, -0.4, -0.2, 0.1, -0.1, 0.1, -0.4, 0.6, -0.8, -0.7, 0.5, 1.0]"
20260806,17,2,1,54.5,"[[""1-2-3"", 0.0871], [""1-2-4"", 0.0618], [""1-2-5"", 0.043], [""1-2-6"", 0.012]]",2,27.3,"[[""2-1-3"", 0.0655], [""2-1-4"", 0.0464], [""2-1-5"", 0.0323]]","[[""1-3-2"", 0.0582], [""3-1-2"", 0.0368], [""2-3-1"", 0.0305], [""1-4-2"", 0.0364]]",1-2,0.3901,False,True,0.8218,中,"{""逃げ"": 53.3, ""まくり"": 16.6, ""まくり差し"": 13.2, ""差し"": 10.3, ""抜き"": 5.7, ""恵まれ"": 0.8}","[""0〜600円"", ""600〜750円"", ""750〜900円"", ""900〜1050円"", ""1050〜1220円"", ""1220〜1410円"", ""1410〜1640円"", ""1640〜1890円"", ""1890〜2200円"", ""2200〜2560円"", ""2560〜3020円"", ""3020〜3580円"", ""3580〜4290円"", ""4290〜5220円"", ""5220〜6490円"", ""6490〜8310円"", ""8310〜11220円"", ""11220〜16240円"", ""16240〜28268円"", ""28268円〜""]","[3.7, 5.6, 6.0, 4.8, 5.4, 5.7, 5.2, 4.4, 4.5, 4.6, 4.8, 5.1, 4.9, 5.1, 4.6, 5.6, 4.2, 4.3, 5.5, 6.0]","[-1.3, 0.6, 1.0, -0.2, 0.4, 0.7, 0.2, -0.6, -0.5, -0.4, -0.2, 0.1, -0.1, 0.1, -0.4, 0.6, -0.8, -0.7, 0.5, 1.0]"
20260806,17,3,3,41.7,"[[""3-1-6"", 0.077], [""3-1-5"", 0.0645], [""3-1-4"", 0.0522], [""3-1-2"", 0.0365]]",1,29.8,"[[""1-3-6"", 0.0469], [""1-3-5"", 0.0393], [""1-3-4"", 0.0318], [""1-3-2"", 0.0222]]","[[""3-6-1"", 0.0507], [""3-5-1"", 0.0391], [""6-3-1"", 0.0265], [""3-4-1"", 0.0307]]",1-3,0.4042,False,False,0.7866,強,"{""逃げ"": 67.1, ""まくり"": 11.3, ""まくり差し"": 9.7, ""差し"": 6.4, ""抜き"": 4.8, ""恵まれ"": 0.7}","[""0〜600円"", ""600〜750円"", ""750〜900円"", ""900〜1050円"", ""1050〜1220円"", ""1220〜1410円"", ""1410〜1640円"", ""1640〜1890円"", ""1890〜2200円"", ""2200〜2560円"", ""2560〜3020円"", ""3020〜3580円"", ""3580〜4290円"", ""4290〜5220円"", ""5220〜6490円"", ""6490〜8310円"", ""8310〜11220円"", ""11220〜16240円"", ""16240〜28268円"", ""28268円〜""]","[7.2, 7.4, 7.5, 5.4, 6.1, 4.9, 5.3, 5.0, 5.0, 4.7, 3.8, 4.5, 3.2, 4.2, 3.7, 3.6, 3.6, 4.0, 4.8, 6.1]","[2.2, 2.4, 2.5, 0.4, 1.1, -0.1, 0.3, -0.0, 0.0, -0.3, -1.2, -0.5, -1.8, -0.8, -1.3, -1.4, -1.4, -1.0, -0.2, 1.1]"
20260806,17,4,1,53.2,"[[""1-2-3"", 0.1085], [""1-3-2"", 0.105], [""1-2-5"", 0.0752], [""1-3-5"", 0.0682], [""1-2-4"", 0.0389], [""1-3-4"", 0.0353], [""1-2-6"", 0.0236], [""1-3-6"", 0.0214]]",2,19.9,"[[""2-1-3"", 0.0251], [""2-1-5"", 0.0174]]","[[""1-5-2"", 0.0605], [""1-5-3"", 0.0567], [""3-1-2"", 0.0242], [""1-4-2"", 0.0282]]",,,False,True,0.8218,強,"{""逃げ"": 67.1, ""まくり"": 11.3, ""まくり差し"": 9.7, ""差し"": 6.4, ""抜き"": 4.8, ""恵まれ"": 0.7}","[""0〜600円"", ""600〜750円"", ""750〜900円"", ""900〜1050円"", ""1050〜1220円"", ""1220〜1410円"", ""1410〜1640円"", ""1640〜1890円"", ""1890〜2200円"", ""2200〜2560円"", ""2560〜3020円"", ""3020〜3580円"", ""3580〜4290円"", ""4290〜5220円"", ""5220〜6490円"", ""6490〜8310円"", ""8310〜11220円"", ""11220〜16240円"", ""16240〜28268円"", ""28268円〜""]","[7.2, 7.4, 7.5, 5.4, 6.1, 4.9, 5.3, 5.0, 5.0, 4.7, 3.8, 4.5, 3.2, 4.2, 3.7, 3.6, 3.6, 4.0, 4.8, 6.1]","[2.2, 2.4, 2.5, 0.4, 1.1, -0.1, 0.3, -0.0, 0.0, -0.3, -1.2, -0.5, -1.8, -0.8, -1.3, -1.4, -1.4, -1.0, -0.2, 1.1]"
20260806,17,5,1,55.6,"[[""1-2-3"", 0.1024], [""1-2-4"", 0.0964], [""1-2-6"", 0.0692], [""1-2-5"", 0.0243]]",2,22.2,"[[""2-1-3"", 0.0316], [""2-1-4"", 0.0298], [""2-1-6"", 0.0214]]","[[""1-3-2"", 0.075], [""1-4-2"", 0.0663], [""1-6-2"", 0.0449], [""1-3-4"", 0.0367]]",1-2,0.4116,False,True,0.8218,強,"{""逃げ"": 67.1, ""まくり"": 11.3, ""まくり差し"": 9.7, ""差し"": 6.4, ""抜き"": 4.8, ""恵まれ"": 0.7}","[""0〜600円"", ""600〜750円"", ""750〜900円"", ""900〜1050円"", ""1050〜1220円"", ""1220〜1410円"", ""1410〜1640円"", ""1640〜1890円"", ""1890〜2200円"", ""2200〜2560円"", ""2560〜3020円"", ""3020〜3580円"", ""3580〜4290円"", ""4290〜5220円"", ""5220〜6490円"", ""6490〜8310円"", ""8310〜11220円"", ""11220〜16240円"", ""16240〜28268円"", ""28268円〜""]","[7.2, 7.4, 7.5, 5.4, 6.1, 4.9, 5.3, 5.0, 5.0, 4.7, 3.8, 4.5, 3.2, 4.2, 3.7, 3.6, 3.6, 4.0, 4.8, 6.1]","[2.2, 2.4, 2.5, 0.4, 1.1, -0.1, 0.3, -0.0, 0.0, -0.3, -1.2, -0.5, -1.8, -0.8, -1.3, -1.4, -1.4, -1.0, -0.2, 1.1]"
20260806,17,6,1,52.5,"[[""1-3-5"", 0.0609], [""1-5-3"", 0.0485], [""1-3-6"", 0.0586], [""1-6-3"", 0.0433], [""1-3-2"", 0.0406], [""1-5-6"", 0.0283], [""1-2-3"", 0.0281], [""1-6-5"", 0.0263], [""1-5-2"", 0.0197]]",3,27.7,"[[""3-1-5"", 0.0386], [""3-1-6"", 0.0372], [""3-1-2"", 0.0258], [""3-1-4"", 0.0115]]","[[""5-1-3"", 0.028], [""6-1-3"", 0.0242], [""3-5-1"", 0.0175], [""5-3-1"", 0.0159]]",,,False,False,0.7866,中,"{""逃げ"": 53.3, ""まくり"": 16.6, ""まくり差し"": 13.2, ""差し"": 10.3, ""抜き"": 5.7, ""恵まれ"": 0.8}","[""0〜600円"", ""600〜750円"", ""750〜900円"", ""900〜1050円"", ""1050〜1220円"", ""1220〜1410円"", ""1410〜1640円"", ""1640〜1890円"", ""1890〜2200円"", ""2200〜2560円"", ""2560〜3020円"", ""3020〜3580円"", ""3580〜4290円"", ""4290〜5220円"", ""5220〜6490円"", ""6490〜8310円"", ""8310〜11220円"", ""11220〜16240円"", ""16240〜28268円"", ""28268円〜""]","[3.7, 5.6, 6.0, 4.8, 5.4, 5.7, 5.2, 4.4, 4.5, 4.6, 4.8, 5.1, 4.9, 5.1, 4.6, 5.6, 4.2, 4.3, 5.5, 6.0]","[-1.3, 0.6, 1.0, -0.2, 0.4, 0.7, 0.2, -0.6, -0.5, -0.4, -0.2, 0.1, -0.1, 0.1, -0.4, 0.6, -0.8, -0.7, 0.5, 1.0]"
20260806,17,7,1,34.2,"[[""1-2-3"", 0.0799], [""1-2-4"", 0.0316], [""1-2-5"", 0.0201]]",2,20.7,"[[""2-1-3"", 0.0752], [""2-1-4"", 0.0297], [""2-1-5"", 0.0189]]","[[""1-3-2"", 0.0679], [""3-1-2"", 0.0585], [""2-3-1"", 0.0582], [""3-2-1"", 0.0533]]",1-2,0.2955,False,True,0.8218,弱,"{""逃げ"": 35.4, ""まくり"": 25.0, ""差し"": 17.7, ""まくり差し"": 13.6, ""抜き"": 7.8, ""恵まれ"": 0.5}","[""0〜600円"", ""600〜750円"", ""750〜900円"", ""900〜1050円"", ""1050〜1220円"", ""1220〜1410円"", ""1410〜1640円"", ""1640〜1890円"", ""1890〜2200円"", ""2200〜2560円"", ""2560〜3020円"", ""3020〜3580円"", ""3580〜4290円"", ""4290〜5220円"", ""5220〜6490円"", ""6490〜8310円"", ""8310〜11220円"", ""11220〜16240円"", ""16240〜28268円"", ""28268円〜""]","[1.2, 2.2, 3.7, 3.9, 4.2, 4.5, 4.6, 5.0, 5.9, 6.3, 5.5, 5.5, 5.4, 6.6, 5.9, 5.3, 6.3, 7.2, 5.9, 4.9]","[-3.8, -2.8, -1.3, -1.1, -0.8, -0.5, -0.4, 0.0, 0.9, 1.3, 0.5, 0.5, 0.4, 1.6, 0.9, 0.3, 1.3, 2.2, 0.9, -0.1]"
20260806,17,8,1,29.8,"[[""1-2-3"", 0.1133], [""1-2-4"", 0.018], [""1-2-6"", 0.0113]]",3,33.9,"[[""3-1-2"", 0.0889], [""3-1-4"", 0.013]]","[[""1-3-2"", 0.1063], [""2-1-3"", 0.0977], [""2-3-1"", 0.0718], [""3-2-1"", 0.0697]]",,,False,True,0.8218,中,"{""逃げ"": 53.3, ""まくり"": 16.6, ""まくり差し"": 13.2, ""差し"": 10.3, ""抜き"": 5.7, ""恵まれ"": 0.8}","[""0〜600円"", ""600〜750円"", ""750〜900円"", ""900〜1050円"", ""1050〜1220円"", ""1220〜1410円"", ""1410〜1640円"", ""1640〜1890円"", ""1890〜2200円"", ""2200〜2560円"", ""2560〜3020円"", ""3020〜3580円"", ""3580〜4290円"", ""4290〜5220円"", ""5220〜6490円"", ""6490〜8310円"", ""8310〜11220円"", ""11220〜16240円"", ""16240〜28268円"", ""28268円〜""]","[3.7, 5.6, 6.0, 4.8, 5.4, 5.7, 5.2, 4.4, 4.5, 4.6, 4.8, 5.1, 4.9, 5.1, 4.6, 5.6, 4.2, 4.3, 5.5, 6.0]","[-1.3, 0.6, 1.0, -0.2, 0.4, 0.7, 0.2, -0.6, -0.5, -0.4, -0.2, 0.1, -0.1, 0.1, -0.4, 0.6, -0.8, -0.7, 0.5, 1.0]"
20260806,17,9,1,54.9,"[[""1-3-2"", 0.0673], [""1-3-5"", 0.0765], [""1-2-3"", 0.0526], [""1-5-3"", 0.0587], [""1-3-4"", 0.0583], [""1-4-3"", 0.0423], [""1-2-5"", 0.0331], [""1-5-2"", 0.0325], [""1-2-4"", 0.0252]]",3,23.9,"[[""3-1-2"", 0.0303], [""3-1-5"", 0.0345], [""3-1-4"", 0.0263]]","[[""2-1-3"", 0.022], [""5-1-3"", 0.0244], [""1-4-2"", 0.0234], [""1-5-4"", 0.0231]]",,,False,True,0.8218,中,"{""逃げ"": 53.3, ""まくり"": 16.6, ""まくり差し"": 13.2, ""差し"": 10.3, ""抜き"": 5.7, ""恵まれ"": 0.8}","[""0〜600円"", ""600〜750円"", ""750〜900円"", ""900〜1050円"", ""1050〜1220円"", ""1220〜1410円"", ""1410〜1640円"", ""1640〜1890円"", ""1890〜2200円"", ""2200〜2560円"", ""2560〜3020円"", ""3020〜3580円"", ""3580〜4290円"", ""4290〜5220円"", ""5220〜6490円"", ""6490〜8310円"", ""8310〜11220円"", ""11220〜16240円"", ""16240〜28268円"", ""28268円〜""]","[3.7, 5.6, 6.0, 4.8, 5.4, 5.7, 5.2, 4.4, 4.5, 4.6, 4.8, 5.1, 4.9, 5.1, 4.6, 5.6, 4.2, 4.3, 5.5, 6.0]","[-1.3, 0.6, 1.0, -0.2, 0.4, 0.7, 0.2, -0.6, -0.5, -0.4, -0.2, 0.1, -0.1, 0.1, -0.4, 0.6, -0.8, -0.7, 0.5, 1.0]"
20260806,17,10,2,58.5,"[[""2-1-5"", 0.084], [""2-1-3"", 0.0292], [""2-1-6"", 0.0292], [""2-1-4"", 0.0245]]",1,32.4,"[[""1-2-5"", 0.0792], [""1-2-3"", 0.0276], [""1-2-6"", 0.0275], [""1-2-4"", 0.0231]]","[[""2-5-1"", 0.0556], [""1-5-2"", 0.0484], [""5-2-1"", 0.0426], [""5-1-2"", 0.0393]]",1-2,0.3686,False,False,0.7866,強,"{""逃げ"": 67.1, ""まくり"": 11.3, ""まくり差し"": 9.7, ""差し"": 6.4, ""抜き"": 4.8, ""恵まれ"": 0.7}","[""0〜600円"", ""600〜750円"", ""750〜900円"", ""900〜1050円"", ""1050〜1220円"", ""1220〜1410円"", ""1410〜1640円"", ""1640〜1890円"", ""1890〜2200円"", ""2200〜2560円"", ""2560〜3020円"", ""3020〜3580円"", ""3580〜4290円"", ""4290〜5220円"", ""5220〜6490円"", ""6490〜8310円"", ""8310〜11220円"", ""11220〜16240円"", ""16240〜28268円"", ""28268円〜""]","[7.2, 7.4, 7.5, 5.4, 6.1, 4.9, 5.3, 5.0, 5.0, 4.7, 3.8, 4.5, 3.2, 4.2, 3.7, 3.6, 3.6, 4.0, 4.8, 6.1]","[2.2, 2.4, 2.5, 0.4, 1.1, -0.1, 0.3, -0.0, 0.0, -0.3, -1.2, -0.5, -1.8, -0.8, -1.3, -1.4, -1.4, -1.0, -0.2, 1.1]"
20260806,17,11,1,50.8,"[[""1-2-3"", 0.088], [""1-2-4"", 0.0659], [""1-2-5"", 0.0617], [""1-2-6"", 0.0285]]",2,33.1,"[[""2-1-3"", 0.0362], [""2-1-4"", 0.0271], [""2-1-5"", 0.0254], [""2-1-6"", 0.0117]]","[[""1-3-2"", 0.0689], [""1-4-2"", 0.046], [""1-5-2"", 0.0426], [""3-1-2"", 0.0265]]",1-2,0.3715,False,True,0.8218,強,"{""逃げ"": 67.1, ""まくり"": 11.3, ""まくり差し"": 9.7, ""差し"": 6.4, ""抜き"": 4.8, ""恵まれ"": 0.7}","[""0〜600円"", ""600〜750円"", ""750〜900円"", ""900〜1050円"", ""1050〜1220円"", ""1220〜1410円"", ""1410〜1640円"", ""1640〜1890円"", ""1890〜2200円"", ""2200〜2560円"", ""2560〜3020円"", ""3020〜3580円"", ""3580〜4290円"", ""4290〜5220円"", ""5220〜6490円"", ""6490〜8310円"", ""8310〜11220円"", ""11220〜16240円"", ""16240〜28268円"", ""28268円〜""]","[7.2, 7.4, 7.5, 5.4, 6.1, 4.9, 5.3, 5.0, 5.0, 4.7, 3.8, 4.5, 3.2, 4.2, 3.7, 3.6, 3.6, 4.0, 4.8, 6.1]","[2.2, 2.4, 2.5, 0.4, 1.1, -0.1, 0.3, -0.0, 0.0, -0.3, -1.2, -0.5, -1.8, -0.8, -1.3, -1.4, -1.4, -1.0, -0.2, 1.1]"
20260806,17,12,1,58.1,"[[""1-3-2"", 0.0833], [""1-3-4"", 0.0888], [""1-3-6"", 0.0377], [""1-3-5"", 0.0346]]",3,25.2,"[[""3-1-2"", 0.0356], [""3-1-4"", 0.0379], [""3-1-6"", 0.0161], [""3-1-5"", 0.0148]]","[[""1-2-3"", 0.0634], [""1-4-3"", 0.0652], [""1-2-4"", 0.0372], [""1-4-2"", 0.0359]]",1-3,0.3746,False,True,0.8218,強,"{""逃げ"": 67.1, ""まくり"": 11.3, ""まくり差し"": 9.7, ""差し"": 6.4, ""抜き"": 4.8, ""恵まれ"": 0.7}","[""0〜600円"", ""600〜750円"", ""750〜900円"", ""900〜1050円"", ""1050〜1220円"", ""1220〜1410円"", ""1410〜1640円"", ""1640〜1890円"", ""1890〜2200円"", ""2200〜2560円"", ""2560〜3020円"", ""3020〜3580円"", ""3580〜4290円"", ""4290〜5220円"", ""5220〜6490円"", ""6490〜8310円"", ""8310〜11220円"", ""11220〜16240円"", ""16240〜28268円"", ""28268円〜""]","[7.2, 7.4, 7.5, 5.4, 6.1, 4.9, 5.3, 5.0, 5.0, 4.7, 3.8, 4.5, 3.2, 4.2, 3.7, 3.6, 3.6, 4.0, 4.8, 6.1]","[2.2, 2.4, 2.5, 0.4, 1.1, -0.1, 0.3, -0.0, 0.0, -0.3, -1.2, -0.5, -1.8, -0.8, -1.3, -1.4, -1.4, -1.0, -0.2, 1.1]"
20260806,18,1,1,44.8,"[[""1-3-2"", 0.0846], [""1-2-3"", 0.0745], [""1-3-4"", 0.0586], [""1-3-5"", 0.0552], [""1-4-3"", 0.0446], [""1-5-3"", 0.0417], [""1-2-4"", 0.0386], [""1-2-5"", 0.0364], [""1-3-6"", 0.0358]]",3,34.3,"[[""3-1-2"", 0.0266], [""3-1-4"", 0.0184], [""3-1-5"", 0.0174], [""3-1-6"", 0.0113]]","[[""1-4-2"", 0.0334], [""1-5-2"", 0.0312], [""2-1-3"", 0.0228], [""1-6-3"", 0.0255]]",,,False,True,0.8218,強,"{""逃げ"": 73.1, ""差し"": 9.0, ""まくり"": 7.0, ""まくり差し"": 5.5, ""抜き"": 5.2, ""恵まれ"": 0.2}","[""0〜600円"", ""600〜750円"", ""750〜900円"", ""900〜1050円"", ""1050〜1220円"", ""1220〜1410円"", ""1410〜1640円"", ""1640〜1890円"", ""1890〜2200円"", ""2200〜2560円"", ""2560〜3020円"", ""3020〜3580円"", ""3580〜4290円"", ""4290〜5220円"", ""5220〜6490円"", ""6490〜8310円"", ""8310〜11220円"", ""11220〜16240円"", ""16240〜28268円"", ""28268円〜""]","[13.8, 10.4, 7.2, 6.1, 5.8, 5.8, 4.6, 4.1, 4.3, 3.9, 4.5, 3.1, 3.2, 2.8, 2.7, 3.1, 2.5, 3.5, 3.2, 5.3]","[8.8, 5.4, 2.2, 1.1, 0.8, 0.8, -0.4, -0.9, -0.7, -1.1, -0.5, -1.9, -1.8, -2.2, -2.3, -1.9, -2.5, -1.5, -1.8, 0.3]"
20260806,18,2,1,51.1,"[[""1-2-3"", 0.0722], [""1-3-2"", 0.0689], [""1-2-5"", 0.0444], [""1-2-4"", 0.0435], [""1-3-5"", 0.0382], [""1-3-4"", 0.0374], [""1-5-2"", 0.0352], [""1-4-2"", 0.0344], [""1-5-3"", 0.0317]]",3,33.0,"[[""3-1-2"", 0.0284], [""3-1-5"", 0.0157], [""3-1-4"", 0.0154], [""3-1-6"", 0.0101]]","[[""2-1-3"", 0.0301], [""1-4-3"", 0.031], [""1-2-6"", 0.0286], [""1-3-6"", 0.0246]]",,,False,True,0.8218,強,"{""逃げ"": 73.1, ""差し"": 9.0, ""まくり"": 7.0, ""まくり差し"": 5.5, ""抜き"": 5.2, ""恵まれ"": 0.2}","[""0〜600円"", ""600〜750円"", ""750〜900円"", ""900〜1050円"", ""1050〜1220円"", ""1220〜1410円"", ""1410〜1640円"", ""1640〜1890円"", ""1890〜2200円"", ""2200〜2560円"", ""2560〜3020円"", ""3020〜3580円"", ""3580〜4290円"", ""4290〜5220円"", ""5220〜6490円"", ""6490〜8310円"", ""8310〜11220円"", ""11220〜16240円"", ""16240〜28268円"", ""28268円〜""]","[13.8, 10.4, 7.2, 6.1, 5.8, 5.8, 4.6, 4.1, 4.3, 3.9, 4.5, 3.1, 3.2, 2.8, 2.7, 3.1, 2.5, 3.5, 3.2, 5.3]","[8.8, 5.4, 2.2, 1.1, 0.8, 0.8, -0.4, -0.9, -0.7, -1.1, -0.5, -1.9, -1.8, -2.2, -2.3, -1.9, -2.5, -1.5, -1.8, 0.3]"
20260806,18,3,1,63.1,"[[""1-3-4"", 0.0607], [""1-4-3"", 0.0555], [""1-3-2"", 0.0498], [""1-2-3"", 0.0404], [""1-3-6"", 0.0379], [""1-4-2"", 0.0369], [""1-2-4"", 0.0327], [""1-3-5"", 0.031], [""1-6-3"", 0.0293]]",2,41.7,"[[""2-1-3"", 0.0174], [""2-1-4"", 0.0141]]","[[""3-1-4"", 0.0281], [""4-1-3"", 0.025], [""1-4-6"", 0.028], [""1-6-4"", 0.0237]]",,,False,False,0.7866,強,"{""逃げ"": 73.1, ""差し"": 9.0, ""まくり"": 7.0, ""まくり差し"": 5.5, ""抜き"": 5.2, ""恵まれ"": 0.2}","[""0〜600円"", ""600〜750円"", ""750〜900円"", ""900〜1050円"", ""1050〜1220円"", ""1220〜1410円"", ""1410〜1640円"", ""1640〜1890円"", ""1890〜2200円"", ""2200〜2560円"", ""2560〜3020円"", ""3020〜3580円"", ""3580〜4290円"", ""4290〜5220円"", ""5220〜6490円"", ""6490〜8310円"", ""8310〜11220円"", ""11220〜16240円"", ""16240〜28268円"", ""28268円〜""]","[13.8, 10.4, 7.2, 6.1, 5.8, 5.8, 4.6, 4.1, 4.3, 3.9, 4.5, 3.1, 3.2, 2.8, 2.7, 3.1, 2.5, 3.5, 3.2, 5.3]","[8.8, 5.4, 2.2, 1.1, 0.8, 0.8, -0.4, -0.9, -0.7, -1.1, -0.5, -1.9, -1.8, -2.2, -2.3, -1.9, -2.5, -1.5, -1.8, 0.3]"
20260806,18,4,1,47.6,"[[""1-2-3"", 0.0603], [""1-2-4"", 0.0717], [""1-3-2"", 0.0497], [""1-4-2"", 0.0586], [""1-3-4"", 0.0368], [""1-4-3"", 0.0365], [""1-2-5"", 0.0342], [""1-2-6"", 0.0275], [""1-5-2"", 0.0244]]",2,37.1,"[[""2-1-3"", 0.0307], [""2-1-4"", 0.0365], [""2-1-5"", 0.0174], [""2-1-6"", 0.014]]","[[""3-1-2"", 0.0237], [""4-1-2"", 0.0279], [""1-6-2"", 0.0192], [""1-3-5"", 0.0176]]",,,False,True,0.8218,強,"{""逃げ"": 73.1, ""差し"": 9.0, ""まくり"": 7.0, ""まくり差し"": 5.5, ""抜き"": 5.2, ""恵まれ"": 0.2}","[""0〜600円"", ""600〜750円"", ""750〜900円"", ""900〜1050円"", ""1050〜1220円"", ""1220〜1410円"", ""1410〜1640円"", ""1640〜1890円"", ""1890〜2200円"", ""2200〜2560円"", ""2560〜3020円"", ""3020〜3580円"", ""3580〜4290円"", ""4290〜5220円"", ""5220〜6490円"", ""6490〜8310円"", ""8310〜11220円"", ""11220〜16240円"", ""16240〜28268円"", ""28268円〜""]","[13.8, 10.4, 7.2, 6.1, 5.8, 5.8, 4.6, 4.1, 4.3, 3.9, 4.5, 3.1, 3.2, 2.8, 2.7, 3.1, 2.5, 3.5, 3.2, 5.3]","[8.8, 5.4, 2.2, 1.1, 0.8, 0.8, -0.4, -0.9, -0.7, -1.1, -0.5, -1.9, -1.8, -2.2, -2.3, -1.9, -2.5, -1.5, -1.8, 0.3]"
20260806,18,5,1,54.0,"[[""1-4-3"", 0.0599], [""1-3-4"", 0.0576], [""1-4-2"", 0.0527], [""1-3-2"", 0.0464], [""1-2-4"", 0.0452], [""1-2-3"", 0.0414], [""1-4-5"", 0.0297], [""1-3-5"", 0.0261], [""1-4-6"", 0.0258]]",4,33.2,"[[""4-1-3"", 0.0279], [""4-1-2"", 0.0246], [""4-1-5"", 0.0138], [""4-1-6"", 0.0121]]","[[""3-1-4"", 0.0266], [""1-5-4"", 0.023], [""1-3-6"", 0.0228], [""3-1-2"", 0.0214]]",,,False,False,0.7866,強,"{""逃げ"": 73.1, ""差し"": 9.0, ""まくり"": 7.0, ""まくり差し"": 5.5, ""抜き"": 5.2, ""恵まれ"": 0.2}","[""0〜600円"", ""600〜750円"", ""750〜900円"", ""900〜1050円"", ""1050〜1220円"", ""1220〜1410円"", ""1410〜1640円"", ""1640〜1890円"", ""1890〜2200円"", ""2200〜2560円"", ""2560〜3020円"", ""3020〜3580円"", ""3580〜4290円"", ""4290〜5220円"", ""5220〜6490円"", ""6490〜8310円"", ""8310〜11220円"", ""11220〜16240円"", ""16240〜28268円"", ""28268円〜""]","[13.8, 10.4, 7.2, 6.1, 5.8, 5.8, 4.6, 4.1, 4.3, 3.9, 4.5, 3.1, 3.2, 2.8, 2.7, 3.1, 2.5, 3.5, 3.2, 5.3]","[8.8, 5.4, 2.2, 1.1, 0.8, 0.8, -0.4, -0.9, -0.7, -1.1, -0.5, -1.9, -1.8, -2.2, -2.3, -1.9, -2.5, -1.5, -1.8, 0.3]"
20260806,18,6,1,51.6,"[[""1-2-4"", 0.0593], [""1-2-3"", 0.0627], [""1-2-6"", 0.0342], [""1-2-5"", 0.0296]]",2,37.6,"[[""2-1-4"", 0.044], [""2-1-3"", 0.0466], [""2-1-6"", 0.0254], [""2-1-5"", 0.022]]","[[""1-4-2"", 0.0407], [""1-3-2"", 0.0413], [""4-1-2"", 0.0255], [""2-4-1"", 0.021]]",1-2,0.3518,False,False,0.7866,中,"{""逃げ"": 60.4, ""差し"": 11.3, ""まくり差し"": 10.4, ""まくり"": 11.1, ""抜き"": 6.2, ""恵まれ"": 0.6}","[""0〜600円"", ""600〜750円"", ""750〜900円"", ""900〜1050円"", ""1050〜1220円"", ""1220〜1410円"", ""1410〜1640円"", ""1640〜1890円"", ""1890〜2200円"", ""2200〜2560円"", ""2560〜3020円"", ""3020〜3580円"", ""3580〜4290円"", ""4290〜5220円"", ""5220〜6490円"", ""6490〜8310円"", ""8310〜11220円"", ""11220〜16240円"", ""16240〜28268円"", ""28268円〜""]","[6.3, 7.0, 6.3, 6.0, 5.7, 5.2, 5.2, 5.5, 4.4, 4.2, 4.4, 4.1, 4.2, 4.4, 4.3, 4.6, 5.1, 3.8, 4.6, 4.5]","[1.3, 2.0, 1.3, 1.0, 0.7, 0.2, 0.2, 0.5, -0.6, -0.8, -0.6, -0.9, -0.8, -0.6, -0.7, -0.4, 0.1, -1.2, -0.4, -0.5]"
20260806,18,7,1,56.9,"[[""1-4-2"", 0.0394], [""1-2-4"", 0.0387], [""1-4-3"", 0.0461], [""1-3-4"", 0.0441], [""1-2-3"", 0.0432], [""1-3-2"", 0.042], [""1-4-5"", 0.0263], [""1-2-5"", 0.0247], [""1-5-4"", 0.0222]]",4,33.6,"[[""4-1-2"", 0.0221], [""4-1-3"", 0.0259], [""4-1-5"", 0.0148]]","[[""2-1-4"", 0.0215], [""3-1-4"", 0.0243], [""2-1-3"", 0.024], [""3-1-2"", 0.0231]]",,,False,False,0.7866,中,"{""逃げ"": 60.4, ""差し"": 11.3, ""まくり差し"": 10.4, ""まくり"": 11.1, ""抜き"": 6.2, ""恵まれ"": 0.6}","[""0〜600円"", ""600〜750円"", ""750〜900円"", ""900〜1050円"", ""1050〜1220円"", ""1220〜1410円"", ""1410〜1640円"", ""1640〜1890円"", ""1890〜2200円"", ""2200〜2560円"", ""2560〜3020円"", ""3020〜3580円"", ""3580〜4290円"", ""4290〜5220円"", ""5220〜6490円"", ""6490〜8310円"", ""8310〜11220円"", ""11220〜16240円"", ""16240〜28268円"", ""28268円〜""]","[6.3, 7.0, 6.3, 6.0, 5.7, 5.2, 5.2, 5.5, 4.4, 4.2, 4.4, 4.1, 4.2, 4.4, 4.3, 4.6, 5.1, 3.8, 4.6, 4.5]","[1.3, 2.0, 1.3, 1.0, 0.7, 0.2, 0.2, 0.5, -0.6, -0.8, -0.6, -0.9, -0.8, -0.6, -0.7, -0.4, 0.1, -1.2, -0.4, -0.5]"
20260806,18,8,1,55.1,"[[""1-3-4"", 0.0769], [""1-3-2"", 0.0918], [""1-4-3"", 0.0614], [""1-2-3"", 0.0719], [""1-4-2"", 0.0439], [""1-2-4"", 0.0431], [""1-3-6"", 0.0414], [""1-6-3"", 0.0282], [""1-3-5"", 0.0276]]",3,25.8,"[[""3-1-4"", 0.0293], [""3-1-2"", 0.035], [""3-1-6"", 0.0158], [""3-1-5"", 0.0105]]","[[""4-1-3"", 0.0221], [""2-1-3"", 0.0257], [""1-4-6"", 0.0198], [""1-2-6"", 0.0182]]",,,False,False,0.7866,強,"{""逃げ"": 73.1, ""差し"": 9.0, ""まくり"": 7.0, ""まくり差し"": 5.5, ""抜き"": 5.2, ""恵まれ"": 0.2}","[""0〜600円"", ""600〜750円"", ""750〜900円"", ""900〜1050円"", ""1050〜1220円"", ""1220〜1410円"", ""1410〜1640円"", ""1640〜1890円"", ""1890〜2200円"", ""2200〜2560円"", ""2560〜3020円"", ""3020〜3580円"", ""3580〜4290円"", ""4290〜5220円"", ""5220〜6490円"", ""6490〜8310円"", ""8310〜11220円"", ""11220〜16240円"", ""16240〜28268円"", ""28268円〜""]","[13.8, 10.4, 7.2, 6.1, 5.8, 5.8, 4.6, 4.1, 4.3, 3.9, 4.5, 3.1, 3.2, 2.8, 2.7, 3.1, 2.5, 3.5, 3.2, 5.3]","[8.8, 5.4, 2.2, 1.1, 0.8, 0.8, -0.4, -0.9, -0.7, -1.1, -0.5, -1.9, -1.8, -2.2, -2.3, -1.9, -2.5, -1.5, -1.8, 0.3]"
20260806,18,9,1,55.0,"[[""1-2-3"", 0.0761], [""1-3-2"", 0.0735], [""1-2-4"", 0.0739], [""1-4-2"", 0.0659], [""1-3-4"", 0.0657], [""1-4-3"", 0.0607], [""1-2-5"", 0.0352], [""1-3-5"", 0.0313], [""1-5-2"", 0.0271]]",2,30.1,"[[""2-1-3"", 0.0255], [""2-1-4"", 0.0247], [""2-1-5"", 0.0118]]","[[""3-1-2"", 0.0244], [""1-5-3"", 0.025], [""1-4-5"", 0.0231], [""3-1-4"", 0.0218]]",,,False,True,0.8218,強,"{""逃げ"": 73.1, ""差し"": 9.0, ""まくり"": 7.0, ""まくり差し"": 5.5, ""抜き"": 5.2, ""恵まれ"": 0.2}","[""0〜600円"", ""600〜750円"", ""750〜900円"", ""900〜1050円"", ""1050〜1220円"", ""1220〜1410円"", ""1410〜1640円"", ""1640〜1890円"", ""1890〜2200円"", ""2200〜2560円"", ""2560〜3020円"", ""3020〜3580円"", ""3580〜4290円"", ""4290〜5220円"", ""5220〜6490円"", ""6490〜8310円"", ""8310〜11220円"", ""11220〜16240円"", ""16240〜28268円"", ""28268円〜""]","[13.8, 10.4, 7.2, 6.1, 5.8, 5.8, 4.6, 4.1, 4.3, 3.9, 4.5, 3.1, 3.2, 2.8, 2.7, 3.1, 2.5, 3.5, 3.2, 5.3]","[8.8, 5.4, 2.2, 1.1, 0.8, 0.8, -0.4, -0.9, -0.7, -1.1, -0.5, -1.9, -1.8, -2.2, -2.3, -1.9, -2.5, -1.5, -1.8, 0.3]"
20260806,18,10,1,52.1,"[[""1-2-4"", 0.0623], [""1-2-3"", 0.078], [""1-4-2"", 0.0559], [""1-3-2"", 0.0696], [""1-4-3"", 0.0528], [""1-3-4"", 0.0526], [""1-2-6"", 0.0357], [""1-2-5"", 0.0315], [""1-6-2"", 0.0273]]",2,25.8,"[[""2-1-4"", 0.0203], [""2-1-3"", 0.0254], [""2-1-6"", 0.0116], [""2-1-5"", 0.0103]]","[[""1-4-6"", 0.0242], [""1-5-2"", 0.0238], [""1-3-6"", 0.0237], [""4-1-2"", 0.0178]]",,,False,False,0.7866,強,"{""逃げ"": 73.1, ""差し"": 9.0, ""まくり"": 7.0, ""まくり差し"": 5.5, ""抜き"": 5.2, ""恵まれ"": 0.2}","[""0〜600円"", ""600〜750円"", ""750〜900円"", ""900〜1050円"", ""1050〜1220円"", ""1220〜1410円"", ""1410〜1640円"", ""1640〜1890円"", ""1890〜2200円"", ""2200〜2560円"", ""2560〜3020円"", ""3020〜3580円"", ""3580〜4290円"", ""4290〜5220円"", ""5220〜6490円"", ""6490〜8310円"", ""8310〜11220円"", ""11220〜16240円"", ""16240〜28268円"", ""28268円〜""]","[13.8, 10.4, 7.2, 6.1, 5.8, 5.8, 4.6, 4.1, 4.3, 3.9, 4.5, 3.1, 3.2, 2.8, 2.7, 3.1, 2.5, 3.5, 3.2, 5.3]","[8.8, 5.4, 2.2, 1.1, 0.8, 0.8, -0.4, -0.9, -0.7, -1.1, -0.5, -1.9, -1.8, -2.2, -2.3, -1.9, -2.5, -1.5, -1.8, 0.3]"
20260806,18,11,1,54.0,"[[""1-2-3"", 0.065], [""1-2-4"", 0.07], [""1-3-2"", 0.057], [""1-4-2"", 0.0591], [""1-3-4"", 0.0448], [""1-4-3"", 0.0432], [""1-2-5"", 0.0394], [""1-5-2"", 0.0296], [""1-3-5"", 0.0252]]",2,26.2,"[[""2-1-3"", 0.0292], [""2-1-4"", 0.0315], [""2-1-5"", 0.0177]]","[[""3-1-2"", 0.0246], [""4-1-2"", 0.0252], [""1-5-3"", 0.0216], [""1-4-5"", 0.0215]]",,,False,True,0.8218,強,"{""逃げ"": 73.1, ""差し"": 9.0, ""まくり"": 7.0, ""まくり差し"": 5.5, ""抜き"": 5.2, ""恵まれ"": 0.2}","[""0〜600円"", ""600〜750円"", ""750〜900円"", ""900〜1050円"", ""1050〜1220円"", ""1220〜1410円"", ""1410〜1640円"", ""1640〜1890円"", ""1890〜2200円"", ""2200〜2560円"", ""2560〜3020円"", ""3020〜3580円"", ""3580〜4290円"", ""4290〜5220円"", ""5220〜6490円"", ""6490〜8310円"", ""8310〜11220円"", ""11220〜16240円"", ""16240〜28268円"", ""28268円〜""]","[13.8, 10.4, 7.2, 6.1, 5.8, 5.8, 4.6, 4.1, 4.3, 3.9, 4.5, 3.1, 3.2, 2.8, 2.7, 3.1, 2.5, 3.5, 3.2, 5.3]","[8.8, 5.4, 2.2, 1.1, 0.8, 0.8, -0.4, -0.9, -0.7, -1.1, -0.5, -1.9, -1.8, -2.2, -2.3, -1.9, -2.5, -1.5, -1.8, 0.3]"
20260806,18,12,1,54.9,"[[""1-2-4"", 0.0649], [""1-2-3"", 0.0754], [""1-4-2"", 0.0564], [""1-3-2"", 0.0638], [""1-4-3"", 0.0461], [""1-3-4"", 0.0448], [""1-2-5"", 0.0444], [""1-5-2"", 0.0337], [""1-2-6"", 0.0274]]",2,29.1,"[[""2-1-4"", 0.0233], [""2-1-3"", 0.0271], [""2-1-5"", 0.0159]]","[[""1-4-5"", 0.0271], [""4-1-2"", 0.0196], [""1-3-5"", 0.0241], [""1-5-4"", 0.0237]]",,,False,False,0.7866,強,"{""逃げ"": 73.1, ""差し"": 9.0, ""まくり"": 7.0, ""まくり差し"": 5.5, ""抜き"": 5.2, ""恵まれ"": 0.2}","[""0〜600円"", ""600〜750円"", ""750〜900円"", ""900〜1050円"", ""1050〜1220円"", ""1220〜1410円"", ""1410〜1640円"", ""1640〜1890円"", ""1890〜2200円"", ""2200〜2560円"", ""2560〜3020円"", ""3020〜3580円"", ""3580〜4290円"", ""4290〜5220円"", ""5220〜6490円"", ""6490〜8310円"", ""8310〜11220円"", ""11220〜16240円"", ""16240〜28268円"", ""28268円〜""]","[13.8, 10.4, 7.2, 6.1, 5.8, 5.8, 4.6, 4.1, 4.3, 3.9, 4.5, 3.1, 3.2, 2.8, 2.7, 3.1, 2.5, 3.5, 3.2, 5.3]","[8.8, 5.4, 2.2, 1.1, 0.8, 0.8, -0.4, -0.9, -0.7, -1.1, -0.5, -1.9, -1.8, -2.2, -2.3, -1.9, -2.5, -1.5, -1.8, 0.3]"
20260806,19,1,1,,"[[""1-3-2"", 0.0264], [""1-2-3"", 0.0227], [""1-3-5"", 0.0254], [""1-3-4"", 0.025], [""1-5-3"", 0.0205], [""1-4-3"", 0.0201], [""1-2-5"", 0.0147], [""1-2-4"", 0.0145], [""1-5-2"", 0.0138]]",2,28.4,"[[""2-1-3"", 0.0195], [""2-3-1"", 0.0183], [""2-1-5"", 0.0126], [""2-1-4"", 0.0124], [""2-3-5"", 0.0103], [""2-3-4"", 0.0101]]","[[""3-1-2"", 0.0251], [""3-2-1"", 0.0202], [""3-1-5"", 0.0241], [""3-1-4"", 0.0238]]",,,False,True,0.8218,弱,"{""逃げ"": 41.9, ""まくり"": 19.5, ""差し"": 16.2, ""まくり差し"": 13.5, ""抜き"": 7.7, ""恵まれ"": 1.1}","[""0〜600円"", ""600〜750円"", ""750〜900円"", ""900〜1050円"", ""1050〜1220円"", ""1220〜1410円"", ""1410〜1640円"", ""1640〜1890円"", ""1890〜2200円"", ""2200〜2560円"", ""2560〜3020円"", ""3020〜3580円"", ""3580〜4290円"", ""4290〜5220円"", ""5220〜6490円"", ""6490〜8310円"", ""8310〜11220円"", ""11220〜16240円"", ""16240〜28268円"", ""28268円〜""]","[1.4, 2.5, 2.8, 3.1, 5.1, 4.8, 5.2, 5.2, 5.6, 6.2, 5.2, 6.2, 6.4, 5.8, 6.3, 5.8, 6.6, 5.7, 5.3, 4.6]","[-3.6, -2.5, -2.2, -1.9, 0.1, -0.2, 0.2, 0.2, 0.6, 1.2, 0.2, 1.2, 1.4, 0.8, 1.3, 0.8, 1.6, 0.7, 0.3, -0.4]"
20260806,19,2,3,59.7,"[[""3-1-2"", 0.1253], [""3-1-5"", 0.056], [""3-1-4"", 0.0478]]",1,,"[[""1-3-2"", 0.089], [""1-3-5"", 0.0397], [""1-3-4"", 0.0339]]","[[""3-2-1"", 0.0771], [""2-3-1"", 0.0455], [""1-2-3"", 0.0352], [""2-1-3"", 0.0293]]",1-3,0.4552,False,True,0.8218,強,"{""逃げ"": 69.8, ""まくり差し"": 9.5, ""まくり"": 8.4, ""差し"": 7.2, ""抜き"": 4.9, ""恵まれ"": 0.3}","[""0〜600円"", ""600〜750円"", ""750〜900円"", ""900〜1050円"", ""1050〜1220円"", ""1220〜1410円"", ""1410〜1640円"", ""1640〜1890円"", ""1890〜2200円"", ""2200〜2560円"", ""2560〜3020円"", ""3020〜3580円"", ""3580〜4290円"", ""4290〜5220円"", ""5220〜6490円"", ""6490〜8310円"", ""8310〜11220円"", ""11220〜16240円"", ""16240〜28268円"", ""28268円〜""]","[9.4, 7.8, 7.4, 5.2, 5.8, 5.3, 5.8, 4.8, 4.4, 4.2, 4.2, 4.5, 4.0, 3.9, 3.5, 3.5, 3.4, 4.0, 4.0, 4.8]","[4.4, 2.8, 2.4, 0.2, 0.8, 0.3, 0.8, -0.2, -0.6, -0.8, -0.8, -0.5, -1.0, -1.1, -1.5, -1.5, -1.6, -1.0, -1.0, -0.2]"
20260806,19,3,2,51.8,"[[""2-1-4"", 0.0712], [""2-1-3"", 0.0591], [""2-1-5"", 0.0189], [""2-1-6"", 0.0144]]",1,27.5,"[[""1-2-4"", 0.0654], [""1-2-3"", 0.0542], [""1-2-5"", 0.0173], [""1-2-6"", 0.0132]]","[[""2-4-1"", 0.0479], [""1-4-2"", 0.0393], [""4-2-1"", 0.0359], [""4-1-2"", 0.0321]]",1-2,0.3508,False,False,0.7866,強,"{""逃げ"": 69.8, ""まくり差し"": 9.5, ""まくり"": 8.4, ""差し"": 7.2, ""抜き"": 4.9, ""恵まれ"": 0.3}","[""0〜600円"", ""600〜750円"", ""750〜900円"", ""900〜1050円"", ""1050〜1220円"", ""1220〜1410円"", ""1410〜1640円"", ""1640〜1890円"", ""1890〜2200円"", ""2200〜2560円"", ""2560〜3020円"", ""3020〜3580円"", ""3580〜4290円"", ""4290〜5220円"", ""5220〜6490円"", ""6490〜8310円"", ""8310〜11220円"", ""11220〜16240円"", ""16240〜28268円"", ""28268円〜""]","[9.4, 7.8, 7.4, 5.2, 5.8, 5.3, 5.8, 4.8, 4.4, 4.2, 4.2, 4.5, 4.0, 3.9, 3.5, 3.5, 3.4, 4.0, 4.0, 4.8]","[4.4, 2.8, 2.4, 0.2, 0.8, 0.3, 0.8, -0.2, -0.6, -0.8, -0.8, -0.5, -1.0, -1.1, -1.5, -1.5, -1.6, -1.0, -1.0, -0.2]"
20260806,19,4,3,45.3,"[[""3-1-2"", 0.0391], [""3-2-1"", 0.0367], [""3-1-5"", 0.0316], [""3-5-1"", 0.0259], [""3-2-5"", 0.0259], [""3-5-2"", 0.0226], [""3-1-4"", 0.0164], [""3-2-4"", 0.0134], [""3-4-1"", 0.012]]",2,35.2,"[[""2-3-1"", 0.0321], [""2-1-3"", 0.0281], [""2-3-5"", 0.0226], [""2-1-5"", 0.0154], [""2-3-4"", 0.0117]]","[[""1-3-2"", 0.0356], [""1-2-3"", 0.0293], [""1-3-5"", 0.0287], [""1-5-3"", 0.021]]",,,False,True,0.8218,中,"{""逃げ"": 56.4, ""差し"": 11.4, ""まくり"": 12.2, ""まくり差し"": 11.9, ""抜き"": 7.2, ""恵まれ"": 0.8}","[""0〜600円"", ""600〜750円"", ""750〜900円"", ""900〜1050円"", ""1050〜1220円"", ""1220〜1410円"", ""1410〜1640円"", ""1640〜1890円"", ""1890〜2200円"", ""2200〜2560円"", ""2560〜3020円"", ""3020〜3580円"", ""3580〜4290円"", ""4290〜5220円"", ""5220〜6490円"", ""6490〜8310円"", ""8310〜11220円"", ""11220〜16240円"", ""16240〜28268円"", ""28268円〜""]","[5.9, 6.2, 5.6, 5.0, 6.2, 5.4, 5.7, 4.4, 4.4, 5.2, 5.2, 4.0, 4.6, 4.1, 4.9, 4.3, 4.7, 4.7, 4.9, 4.6]","[0.9, 1.2, 0.6, -0.0, 1.2, 0.4, 0.7, -0.6, -0.6, 0.2, 0.2, -1.0, -0.4, -0.9, -0.1, -0.7, -0.3, -0.3, -0.1, -0.4]"
20260806,19,5,1,54.9,"[[""1-3-2"", 0.0919], [""1-3-4"", 0.1062], [""1-3-5"", 0.0804], [""1-3-6"", 0.0747]]",3,31.6,"[[""3-1-2"", 0.0253], [""3-1-4"", 0.0293], [""3-1-5"", 0.0221], [""3-1-6"", 0.0206]]","[[""1-2-3"", 0.055], [""1-4-3"", 0.063], [""1-5-3"", 0.0458], [""1-6-3"", 0.0422]]",1-3,0.4759,False,True,0.8218,中,"{""逃げ"": 56.4, ""差し"": 11.4, ""まくり"": 12.2, ""まくり差し"": 11.9, ""抜き"": 7.2, ""恵まれ"": 0.8}","[""0〜600円"", ""600〜750円"", ""750〜900円"", ""900〜1050円"", ""1050〜1220円"", ""1220〜1410円"", ""1410〜1640円"", ""1640〜1890円"", ""1890〜2200円"", ""2200〜2560円"", ""2560〜3020円"", ""3020〜3580円"", ""3580〜4290円"", ""4290〜5220円"", ""5220〜6490円"", ""6490〜8310円"", ""8310〜11220円"", ""11220〜16240円"", ""16240〜28268円"", ""28268円〜""]","[5.9, 6.2, 5.6, 5.0, 6.2, 5.4, 5.7, 4.4, 4.4, 5.2, 5.2, 4.0, 4.6, 4.1, 4.9, 4.3, 4.7, 4.7, 4.9, 4.6]","[0.9, 1.2, 0.6, -0.0, 1.2, 0.4, 0.7, -0.6, -0.6, 0.2, 0.2, -1.0, -0.4, -0.9, -0.1, -0.7, -0.3, -0.3, -0.1, -0.4]"
20260806,19,6,1,64.3,"[[""1-2-3"", 0.2051], [""1-2-4"", 0.0866], [""1-2-6"", 0.0711], [""1-2-5"", 0.0148]]",2,19.1,"[[""2-1-3"", 0.1031], [""2-1-4"", 0.0435], [""2-1-6"", 0.0357]]","[[""1-3-2"", 0.0824], [""3-1-2"", 0.0333], [""1-4-2"", 0.0301], [""1-6-2"", 0.0244]]",1-2,0.6342,True,True,0.8218,中,"{""逃げ"": 56.4, ""差し"": 11.4, ""まくり"": 12.2, ""まくり差し"": 11.9, ""抜き"": 7.2, ""恵まれ"": 0.8}","[""0〜600円"", ""600〜750円"", ""750〜900円"", ""900〜1050円"", ""1050〜1220円"", ""1220〜1410円"", ""1410〜1640円"", ""1640〜1890円"", ""1890〜2200円"", ""2200〜2560円"", ""2560〜3020円"", ""3020〜3580円"", ""3580〜4290円"", ""4290〜5220円"", ""5220〜6490円"", ""6490〜8310円"", ""8310〜11220円"", ""11220〜16240円"", ""16240〜28268円"", ""28268円〜""]","[5.9, 6.2, 5.6, 5.0, 6.2, 5.4, 5.7, 4.4, 4.4, 5.2, 5.2, 4.0, 4.6, 4.1, 4.9, 4.3, 4.7, 4.7, 4.9, 4.6]","[0.9, 1.2, 0.6, -0.0, 1.2, 0.4, 0.7, -0.6, -0.6, 0.2, 0.2, -1.0, -0.4, -0.9, -0.1, -0.7, -0.3, -0.3, -0.1, -0.4]"
20260806,19,7,1,52.9,"[[""1-5-2"", 0.1096], [""1-5-3"", 0.1015], [""1-5-6"", 0.0776], [""1-5-4"", 0.0628]]",5,30.6,"[[""5-1-2"", 0.0165], [""5-1-3"", 0.0153], [""5-1-6"", 0.0117]]","[[""1-2-5"", 0.0765], [""1-3-5"", 0.0663], [""1-6-5"", 0.0486], [""1-4-5"", 0.0384]]",1-5,0.4386,False,False,0.7866,強,"{""逃げ"": 69.8, ""まくり差し"": 9.5, ""まくり"": 8.4, ""差し"": 7.2, ""抜き"": 4.9, ""恵まれ"": 0.3}","[""0〜600円"", ""600〜750円"", ""750〜900円"", ""900〜1050円"", ""1050〜1220円"", ""1220〜1410円"", ""1410〜1640円"", ""1640〜1890円"", ""1890〜2200円"", ""2200〜2560円"", ""2560〜3020円"", ""3020〜3580円"", ""3580〜4290円"", ""4290〜5220円"", ""5220〜6490円"", ""6490〜8310円"", ""8310〜11220円"", ""11220〜16240円"", ""16240〜28268円"", ""28268円〜""]","[9.4, 7.8, 7.4, 5.2, 5.8, 5.3, 5.8, 4.8, 4.4, 4.2, 4.2, 4.5, 4.0, 3.9, 3.5, 3.5, 3.4, 4.0, 4.0, 4.8]","[4.4, 2.8, 2.4, 0.2, 0.8, 0.3, 0.8, -0.2, -0.6, -0.8, -0.8, -0.5, -1.0, -1.1, -1.5, -1.5, -1.6, -1.0, -1.0, -0.2]"
20260806,19,8,1,45.3,"[[""1-3-4"", 0.1452], [""1-3-2"", 0.1507], [""1-3-6"", 0.0602], [""1-3-5"", 0.0483]]",3,26.8,"[[""3-1-4"", 0.0394], [""3-1-2"", 0.0409], [""3-1-6"", 0.0163], [""3-1-5"", 0.0131]]","[[""1-4-3"", 0.074], [""1-2-3"", 0.0739], [""1-6-3"", 0.0269], [""1-4-2"", 0.0232]]",1-3,0.5641,True,False,0.7866,中,"{""逃げ"": 56.4, ""差し"": 11.4, ""まくり"": 12.2, ""まくり差し"": 11.9, ""抜き"": 7.2, ""恵まれ"": 0.8}","[""0〜600円"", ""600〜750円"", ""750〜900円"", ""900〜1050円"", ""1050〜1220円"", ""1220〜1410円"", ""1410〜1640円"", ""1640〜1890円"", ""1890〜2200円"", ""2200〜2560円"", ""2560〜3020円"", ""3020〜3580円"", ""3580〜4290円"", ""4290〜5220円"", ""5220〜6490円"", ""6490〜8310円"", ""8310〜11220円"", ""11220〜16240円"", ""16240〜28268円"", ""28268円〜""]","[5.9, 6.2, 5.6, 5.0, 6.2, 5.4, 5.7, 4.4, 4.4, 5.2, 5.2, 4.0, 4.6, 4.1, 4.9, 4.3, 4.7, 4.7, 4.9, 4.6]","[0.9, 1.2, 0.6, -0.0, 1.2, 0.4, 0.7, -0.6, -0.6, 0.2, 0.2, -1.0, -0.4, -0.9, -0.1, -0.7, -0.3, -0.3, -0.1, -0.4]"
20260806,19,9,1,57.1,"[[""1-4-6"", 0.066], [""1-6-4"", 0.0574], [""1-4-2"", 0.0698], [""1-2-4"", 0.0576], [""1-4-3"", 0.0465], [""1-6-2"", 0.0434], [""1-2-6"", 0.0411], [""1-3-4"", 0.0353], [""1-6-3"", 0.0289]]",4,27.6,"[[""4-1-6"", 0.0265], [""4-1-2"", 0.028], [""4-1-3"", 0.0187]]","[[""6-1-4"", 0.0221], [""1-3-6"", 0.0252], [""1-4-5"", 0.0229], [""1-2-3"", 0.0228]]",,,False,False,0.7866,中,"{""逃げ"": 56.4, ""差し"": 11.4, ""まくり"": 12.2, ""まくり差し"": 11.9, ""抜き"": 7.2, ""恵まれ"": 0.8}","[""0〜600円"", ""600〜750円"", ""750〜900円"", ""900〜1050円"", ""1050〜1220円"", ""1220〜1410円"", ""1410〜1640円"", ""1640〜1890円"", ""1890〜2200円"", ""2200〜2560円"", ""2560〜3020円"", ""3020〜3580円"", ""3580〜4290円"", ""4290〜5220円"", ""5220〜6490円"", ""6490〜8310円"", ""8310〜11220円"", ""11220〜16240円"", ""16240〜28268円"", ""28268円〜""]","[5.9, 6.2, 5.6, 5.0, 6.2, 5.4, 5.7, 4.4, 4.4, 5.2, 5.2, 4.0, 4.6, 4.1, 4.9, 4.3, 4.7, 4.7, 4.9, 4.6]","[0.9, 1.2, 0.6, -0.0, 1.2, 0.4, 0.7, -0.6, -0.6, 0.2, 0.2, -1.0, -0.4, -0.9, -0.1, -0.7, -0.3, -0.3, -0.1, -0.4]"
20260806,19,10,1,59.7,"[[""1-5-2"", 0.11], [""1-5-4"", 0.0928], [""1-5-3"", 0.0837], [""1-5-6"", 0.08]]",5,31.6,"[[""5-1-2"", 0.0136], [""5-1-4"", 0.0115], [""5-1-3"", 0.0104]]","[[""1-2-5"", 0.0752], [""1-4-5"", 0.0587], [""1-3-5"", 0.0522], [""1-6-5"", 0.0496]]",1-5,0.4454,False,False,0.7866,強,"{""逃げ"": 69.8, ""まくり差し"": 9.5, ""まくり"": 8.4, ""差し"": 7.2, ""抜き"": 4.9, ""恵まれ"": 0.3}","[""0〜600円"", ""600〜750円"", ""750〜900円"", ""900〜1050円"", ""1050〜1220円"", ""1220〜1410円"", ""1410〜1640円"", ""1640〜1890円"", ""1890〜2200円"", ""2200〜2560円"", ""2560〜3020円"", ""3020〜3580円"", ""3580〜4290円"", ""4290〜5220円"", ""5220〜6490円"", ""6490〜8310円"", ""8310〜11220円"", ""11220〜16240円"", ""16240〜28268円"", ""28268円〜""]","[9.4, 7.8, 7.4, 5.2, 5.8, 5.3, 5.8, 4.8, 4.4, 4.2, 4.2, 4.5, 4.0, 3.9, 3.5, 3.5, 3.4, 4.0, 4.0, 4.8]","[4.4, 2.8, 2.4, 0.2, 0.8, 0.3, 0.8, -0.2, -0.6, -0.8, -0.8, -0.5, -1.0, -1.1, -1.5, -1.5, -1.6, -1.0, -1.0, -0.2]"
20260806,19,11,1,63.2,"[[""1-2-3"", 0.1007], [""1-2-4"", 0.0771], [""1-2-5"", 0.019]]",2,18.2,"[[""2-1-3"", 0.0695], [""2-1-4"", 0.0532], [""2-1-5"", 0.0131]]","[[""1-3-2"", 0.0748], [""3-1-2"", 0.0458], [""1-4-2"", 0.0498], [""2-3-1"", 0.0317]]",1-2,0.3814,False,True,0.8218,中,"{""逃げ"": 56.4, ""差し"": 11.4, ""まくり"": 12.2, ""まくり差し"": 11.9, ""抜き"": 7.2, ""恵まれ"": 0.8}","[""0〜600円"", ""600〜750円"", ""750〜900円"", ""900〜1050円"", ""1050〜1220円"", ""1220〜1410円"", ""1410〜1640円"", ""1640〜1890円"", ""1890〜2200円"", ""2200〜2560円"", ""2560〜3020円"", ""3020〜3580円"", ""3580〜4290円"", ""4290〜5220円"", ""5220〜6490円"", ""6490〜8310円"", ""8310〜11220円"", ""11220〜16240円"", ""16240〜28268円"", ""28268円〜""]","[5.9, 6.2, 5.6, 5.0, 6.2, 5.4, 5.7, 4.4, 4.4, 5.2, 5.2, 4.0, 4.6, 4.1, 4.9, 4.3, 4.7, 4.7, 4.9, 4.6]","[0.9, 1.2, 0.6, -0.0, 1.2, 0.4, 0.7, -0.6, -0.6, 0.2, 0.2, -1.0, -0.4, -0.9, -0.1, -0.7, -0.3, -0.3, -0.1, -0.4]"
20260806,19,12,1,55.4,"[[""1-2-3"", 0.0931], [""1-3-2"", 0.0813], [""1-2-5"", 0.086], [""1-5-2"", 0.069], [""1-3-5"", 0.0561], [""1-5-3"", 0.0515], [""1-2-4"", 0.0389], [""1-2-6"", 0.0288], [""1-4-2"", 0.0273]]",2,26.8,"[[""2-1-3"", 0.0272], [""2-1-5"", 0.0251], [""2-1-4"", 0.0113]]","[[""3-1-2"", 0.0231], [""1-3-4"", 0.0253], [""1-4-3"", 0.0204], [""1-6-2"", 0.0197]]",,,False,True,0.8218,強,"{""逃げ"": 69.8, ""まくり差し"": 9.5, ""まくり"": 8.4, ""差し"": 7.2, ""抜き"": 4.9, ""恵まれ"": 0.3}","[""0〜600円"", ""600〜750円"", ""750〜900円"", ""900〜1050円"", ""1050〜1220円"", ""1220〜1410円"", ""1410〜1640円"", ""1640〜1890円"", ""1890〜2200円"", ""2200〜2560円"", ""2560〜3020円"", ""3020〜3580円"", ""3580〜4290円"", ""4290〜5220円"", ""5220〜6490円"", ""6490〜8310円"", ""8310〜11220円"", ""11220〜16240円"", ""16240〜28268円"", ""28268円〜""]","[9.4, 7.8, 7.4, 5.2, 5.8, 5.3, 5.8, 4.8, 4.4, 4.2, 4.2, 4.5, 4.0, 3.9, 3.5, 3.5, 3.4, 4.0, 4.0, 4.8]","[4.4, 2.8, 2.4, 0.2, 0.8, 0.3, 0.8, -0.2, -0.6, -0.8, -0.8, -0.5, -1.0, -1.1, -1.5, -1.5, -1.6, -1.0, -1.0, -0.2]"
20260806,24,1,1,65.2,"[[""1-5-2"", 0.043], [""1-2-5"", 0.0396], [""1-5-3"", 0.0444], [""1-3-5"", 0.0384], [""1-5-4"", 0.034], [""1-2-3"", 0.0329], [""1-3-2"", 0.031], [""1-4-5"", 0.0278], [""1-2-4"", 0.0252]]",2,25.0,"[[""2-1-5"", 0.0234], [""2-1-3"", 0.0194], [""2-1-4"", 0.0149]]","[[""5-1-2"", 0.0263], [""5-1-3"", 0.0272], [""1-4-2"", 0.0224], [""3-1-5"", 0.022]]",,,False,False,0.7866,弱,"{""逃げ"": 41.4, ""差し"": 17.1, ""まくり"": 18.8, ""まくり差し"": 13.9, ""抜き"": 7.4, ""恵まれ"": 1.5}","[""0〜600円"", ""600〜750円"", ""750〜900円"", ""900〜1050円"", ""1050〜1220円"", ""1220〜1410円"", ""1410〜1640円"", ""1640〜1890円"", ""1890〜2200円"", ""2200〜2560円"", ""2560〜3020円"", ""3020〜3580円"", ""3580〜4290円"", ""4290〜5220円"", ""5220〜6490円"", ""6490〜8310円"", ""8310〜11220円"", ""11220〜16240円"", ""16240〜28268円"", ""28268円〜""]","[1.5, 3.6, 4.2, 3.8, 5.5, 5.9, 5.3, 5.3, 5.3, 5.7, 5.3, 5.9, 6.4, 5.1, 5.1, 6.2, 5.3, 5.2, 5.4, 3.9]","[-3.5, -1.4, -0.8, -1.2, 0.5, 0.9, 0.3, 0.3, 0.3, 0.7, 0.3, 0.9, 1.4, 0.1, 0.1, 1.2, 0.3, 0.2, 0.4, -1.1]"
20260806,24,2,1,57.1,"[[""1-2-5"", 0.0573], [""1-5-2"", 0.0486], [""1-2-3"", 0.0522], [""1-3-2"", 0.0401], [""1-5-3"", 0.0313], [""1-3-5"", 0.0283], [""1-2-4"", 0.0229], [""1-2-6"", 0.0204], [""1-4-2"", 0.0155]]",2,33.6,"[[""2-1-5"", 0.0404], [""2-1-3"", 0.0368], [""2-1-4"", 0.0162], [""2-1-6"", 0.0144]]","[[""5-1-2"", 0.0318], [""2-5-1"", 0.0218], [""5-2-1"", 0.0202], [""3-1-2"", 0.025]]",,,False,False,0.7866,弱,"{""逃げ"": 41.4, ""差し"": 17.1, ""まくり"": 18.8, ""まくり差し"": 13.9, ""抜き"": 7.4, ""恵まれ"": 1.5}","[""0〜600円"", ""600〜750円"", ""750〜900円"", ""900〜1050円"", ""1050〜1220円"", ""1220〜1410円"", ""1410〜1640円"", ""1640〜1890円"", ""1890〜2200円"", ""2200〜2560円"", ""2560〜3020円"", ""3020〜3580円"", ""3580〜4290円"", ""4290〜5220円"", ""5220〜6490円"", ""6490〜8310円"", ""8310〜11220円"", ""11220〜16240円"", ""16240〜28268円"", ""28268円〜""]","[1.5, 3.6, 4.2, 3.8, 5.5, 5.9, 5.3, 5.3, 5.3, 5.7, 5.3, 5.9, 6.4, 5.1, 5.1, 6.2, 5.3, 5.2, 5.4, 3.9]","[-3.5, -1.4, -0.8, -1.2, 0.5, 0.9, 0.3, 0.3, 0.3, 0.7, 0.3, 0.9, 1.4, 0.1, 0.1, 1.2, 0.3, 0.2, 0.4, -1.1]"
20260806,24,3,1,56.2,"[[""1-2-4"", 0.0841], [""1-2-3"", 0.0959], [""1-2-5"", 0.0612]]",2,23.4,"[[""2-1-4"", 0.0566], [""2-1-3"", 0.0646], [""2-1-5"", 0.0412]]","[[""1-4-2"", 0.0473], [""1-3-2"", 0.0528], [""4-1-2"", 0.0257], [""1-5-2"", 0.0315]]",1-2,0.4564,False,False,0.7866,中,"{""逃げ"": 57.1, ""まくり"": 11.0, ""まくり差し"": 13.1, ""差し"": 10.9, ""抜き"": 6.8, ""恵まれ"": 1.0}","[""0〜600円"", ""600〜750円"", ""750〜900円"", ""900〜1050円"", ""1050〜1220円"", ""1220〜1410円"", ""1410〜1640円"", ""1640〜1890円"", ""1890〜2200円"", ""2200〜2560円"", ""2560〜3020円"", ""3020〜3580円"", ""3580〜4290円"", ""4290〜5220円"", ""5220〜6490円"", ""6490〜8310円"", ""8310〜11220円"", ""11220〜16240円"", ""16240〜28268円"", ""28268円〜""]","[6.8, 6.8, 6.9, 5.5, 4.9, 5.1, 5.0, 4.5, 3.9, 4.5, 4.8, 4.0, 4.5, 4.1, 4.5, 5.1, 5.0, 5.0, 4.0, 5.0]","[1.8, 1.8, 1.9, 0.5, -0.1, 0.1, 0.0, -0.5, -1.1, -0.5, -0.2, -1.0, -0.5, -0.9, -0.5, 0.1, -0.0, 0.0, -1.0, -0.0]"
20260806,24,4,4,56.9,"[[""4-1-2"", 0.0659], [""4-1-3"", 0.0408], [""4-1-6"", 0.0314]]",1,41.5,"[[""1-4-2"", 0.0595], [""1-4-3"", 0.0369], [""1-4-6"", 0.0284]]","[[""4-2-1"", 0.051], [""2-4-1"", 0.0403], [""1-2-4"", 0.0401], [""2-1-4"", 0.035]]",1-4,0.3049,False,False,0.7866,強,"{""逃げ"": 73.2, ""まくり差し"": 8.4, ""まくり"": 6.8, ""差し"": 6.2, ""抜き"": 4.5, ""恵まれ"": 0.8}","[""0〜600円"", ""600〜750円"", ""750〜900円"", ""900〜1050円"", ""1050〜1220円"", ""1220〜1410円"", ""1410〜1640円"", ""1640〜1890円"", ""1890〜2200円"", ""2200〜2560円"", ""2560〜3020円"", ""3020〜3580円"", ""3580〜4290円"", ""4290〜5220円"", ""5220〜6490円"", ""6490〜8310円"", ""8310〜11220円"", ""11220〜16240円"", ""16240〜28268円"", ""28268円〜""]","[10.9, 8.8, 7.4, 6.4, 6.1, 5.3, 6.0, 4.7, 4.6, 4.2, 4.1, 4.3, 3.9, 3.4, 2.9, 2.9, 3.0, 3.6, 3.1, 4.5]","[5.9, 3.8, 2.4, 1.4, 1.1, 0.3, 1.0, -0.3, -0.4, -0.8, -0.9, -0.7, -1.1, -1.6, -2.1, -2.1, -2.0, -1.4, -1.9, -0.5]"
20260806,24,5,2,53.0,"[[""2-1-3"", 0.076], [""2-1-4"", 0.0678], [""2-1-6"", 0.0105]]",1,55.9,"[[""1-2-3"", 0.0699], [""1-2-4"", 0.0624]]","[[""2-3-1"", 0.0551], [""1-3-2"", 0.0452], [""3-2-1"", 0.0429], [""3-1-2"", 0.0383]]",1-2,0.3313,False,True,0.8218,強,"{""逃げ"": 73.2, ""まくり差し"": 8.4, ""まくり"": 6.8, ""差し"": 6.2, ""抜き"": 4.5, ""恵まれ"": 0.8}","[""0〜600円"", ""600〜750円"", ""750〜900円"", ""900〜1050円"", ""1050〜1220円"", ""1220〜1410円"", ""1410〜1640円"", ""1640〜1890円"", ""1890〜2200円"", ""2200〜2560円"", ""2560〜3020円"", ""3020〜3580円"", ""3580〜4290円"", ""4290〜5220円"", ""5220〜6490円"", ""6490〜8310円"", ""8310〜11220円"", ""11220〜16240円"", ""16240〜28268円"", ""28268円〜""]","[10.9, 8.8, 7.4, 6.4, 6.1, 5.3, 6.0, 4.7, 4.6, 4.2, 4.1, 4.3, 3.9, 3.4, 2.9, 2.9, 3.0, 3.6, 3.1, 4.5]","[5.9, 3.8, 2.4, 1.4, 1.1, 0.3, 1.0, -0.3, -0.4, -0.8, -0.9, -0.7, -1.1, -1.6, -2.1, -2.1, -2.0, -1.4, -1.9, -0.5]"
20260806,24,6,3,45.5,"[[""3-1-4"", 0.0738], [""3-1-2"", 0.0472], [""3-1-6"", 0.0307], [""3-1-5"", 0.0214]]",4,31.6,"[[""4-3-1"", 0.0371], [""4-3-2"", 0.0137]]","[[""1-3-4"", 0.0578], [""3-4-1"", 0.0545], [""1-4-3"", 0.031], [""1-3-2"", 0.037]]",,,False,False,0.7866,強,"{""逃げ"": 73.2, ""まくり差し"": 8.4, ""まくり"": 6.8, ""差し"": 6.2, ""抜き"": 4.5, ""恵まれ"": 0.8}","[""0〜600円"", ""600〜750円"", ""750〜900円"", ""900〜1050円"", ""1050〜1220円"", ""1220〜1410円"", ""1410〜1640円"", ""1640〜1890円"", ""1890〜2200円"", ""2200〜2560円"", ""2560〜3020円"", ""3020〜3580円"", ""3580〜4290円"", ""4290〜5220円"", ""5220〜6490円"", ""6490〜8310円"", ""8310〜11220円"", ""11220〜16240円"", ""16240〜28268円"", ""28268円〜""]","[10.9, 8.8, 7.4, 6.4, 6.1, 5.3, 6.0, 4.7, 4.6, 4.2, 4.1, 4.3, 3.9, 3.4, 2.9, 2.9, 3.0, 3.6, 3.1, 4.5]","[5.9, 3.8, 2.4, 1.4, 1.1, 0.3, 1.0, -0.3, -0.4, -0.8, -0.9, -0.7, -1.1, -1.6, -2.1, -2.1, -2.0, -1.4, -1.9, -0.5]"
20260806,24,7,1,60.0,"[[""1-3-2"", 0.0742], [""1-3-4"", 0.0784], [""1-3-6"", 0.0732], [""1-2-3"", 0.0569], [""1-4-3"", 0.0584], [""1-3-5"", 0.0555], [""1-6-3"", 0.0538], [""1-5-3"", 0.0391], [""1-2-4"", 0.0301]]",3,18.1,"[[""3-1-2"", 0.0171], [""3-1-4"", 0.0181], [""3-1-6"", 0.0169], [""3-1-5"", 0.0128]]","[[""1-4-2"", 0.0292], [""1-2-6"", 0.0281], [""1-6-2"", 0.027], [""1-4-6"", 0.0237]]",,,False,True,0.8218,強,"{""逃げ"": 73.2, ""まくり差し"": 8.4, ""まくり"": 6.8, ""差し"": 6.2, ""抜き"": 4.5, ""恵まれ"": 0.8}","[""0〜600円"", ""600〜750円"", ""750〜900円"", ""900〜1050円"", ""1050〜1220円"", ""1220〜1410円"", ""1410〜1640円"", ""1640〜1890円"", ""1890〜2200円"", ""2200〜2560円"", ""2560〜3020円"", ""3020〜3580円"", ""3580〜4290円"", ""4290〜5220円"", ""5220〜6490円"", ""6490〜8310円"", ""8310〜11220円"", ""11220〜16240円"", ""16240〜28268円"", ""28268円〜""]","[10.9, 8.8, 7.4, 6.4, 6.1, 5.3, 6.0, 4.7, 4.6, 4.2, 4.1, 4.3, 3.9, 3.4, 2.9, 2.9, 3.0, 3.6, 3.1, 4.5]","[5.9, 3.8, 2.4, 1.4, 1.1, 0.3, 1.0, -0.3, -0.4, -0.8, -0.9, -0.7, -1.1, -1.6, -2.1, -2.1, -2.0, -1.4, -1.9, -0.5]"
20260806,24,8,1,47.4,"[[""1-3-4"", 0.061], [""1-4-3"", 0.0594], [""1-3-6"", 0.0709], [""1-6-3"", 0.0669], [""1-4-6"", 0.0649], [""1-6-4"", 0.0628], [""1-3-2"", 0.0323], [""1-4-2"", 0.0296], [""1-6-2"", 0.0262]]",3,36.0,"[[""3-1-4"", 0.0229], [""3-1-6"", 0.0267], [""3-1-2"", 0.0122]]","[[""4-1-3"", 0.0222], [""1-2-3"", 0.0257], [""6-1-3"", 0.0248], [""4-1-6"", 0.0242]]",,,False,False,0.7866,中,"{""逃げ"": 57.1, ""まくり"": 11.0, ""まくり差し"": 13.1, ""差し"": 10.9, ""抜き"": 6.8, ""恵まれ"": 1.0}","[""0〜600円"", ""600〜750円"", ""750〜900円"", ""900〜1050円"", ""1050〜1220円"", ""1220〜1410円"", ""1410〜1640円"", ""1640〜1890円"", ""1890〜2200円"", ""2200〜2560円"", ""2560〜3020円"", ""3020〜3580円"", ""3580〜4290円"", ""4290〜5220円"", ""5220〜6490円"", ""6490〜8310円"", ""8310〜11220円"", ""11220〜16240円"", ""16240〜28268円"", ""28268円〜""]","[6.8, 6.8, 6.9, 5.5, 4.9, 5.1, 5.0, 4.5, 3.9, 4.5, 4.8, 4.0, 4.5, 4.1, 4.5, 5.1, 5.0, 5.0, 4.0, 5.0]","[1.8, 1.8, 1.9, 0.5, -0.1, 0.1, 0.0, -0.5, -1.1, -0.5, -0.2, -1.0, -0.5, -0.9, -0.5, 0.1, -0.0, 0.0, -1.0, -0.0]"
20260806,24,9,1,63.0,"[[""1-5-4"", 0.0734], [""1-4-5"", 0.0595], [""1-5-2"", 0.074], [""1-5-3"", 0.0647], [""1-2-5"", 0.0568], [""1-3-5"", 0.0483], [""1-5-6"", 0.0395], [""1-4-2"", 0.0358], [""1-2-4"", 0.0338]]",5,23.4,"[[""5-1-4"", 0.0209], [""5-1-2"", 0.0211], [""5-1-3"", 0.0184], [""5-1-6"", 0.0112]]","[[""1-4-3"", 0.0313], [""1-3-4"", 0.0288], [""1-6-5"", 0.0276], [""1-2-3"", 0.0234]]",,,False,False,0.7866,中,"{""逃げ"": 57.1, ""まくり"": 11.0, ""まくり差し"": 13.1, ""差し"": 10.9, ""抜き"": 6.8, ""恵まれ"": 1.0}","[""0〜600円"", ""600〜750円"", ""750〜900円"", ""900〜1050円"", ""1050〜1220円"", ""1220〜1410円"", ""1410〜1640円"", ""1640〜1890円"", ""1890〜2200円"", ""2200〜2560円"", ""2560〜3020円"", ""3020〜3580円"", ""3580〜4290円"", ""4290〜5220円"", ""5220〜6490円"", ""6490〜8310円"", ""8310〜11220円"", ""11220〜16240円"", ""16240〜28268円"", ""28268円〜""]","[6.8, 6.8, 6.9, 5.5, 4.9, 5.1, 5.0, 4.5, 3.9, 4.5, 4.8, 4.0, 4.5, 4.1, 4.5, 5.1, 5.0, 5.0, 4.0, 5.0]","[1.8, 1.8, 1.9, 0.5, -0.1, 0.1, 0.0, -0.5, -1.1, -0.5, -0.2, -1.0, -0.5, -0.9, -0.5, 0.1, -0.0, 0.0, -1.0, -0.0]"
20260806,24,10,1,58.5,"[[""1-3-6"", 0.07], [""1-3-2"", 0.0764], [""1-3-5"", 0.0342], [""1-3-4"", 0.0328]]",3,43.2,"[[""3-1-6"", 0.0368], [""3-1-2"", 0.0401], [""3-1-5"", 0.0179], [""3-1-4"", 0.0172]]","[[""1-6-3"", 0.0535], [""1-2-3"", 0.056], [""6-1-3"", 0.0256], [""1-6-2"", 0.0323]]",1-3,0.3543,False,False,0.7866,中,"{""逃げ"": 57.1, ""まくり"": 11.0, ""まくり差し"": 13.1, ""差し"": 10.9, ""抜き"": 6.8, ""恵まれ"": 1.0}","[""0〜600円"", ""600〜750円"", ""750〜900円"", ""900〜1050円"", ""1050〜1220円"", ""1220〜1410円"", ""1410〜1640円"", ""1640〜1890円"", ""1890〜2200円"", ""2200〜2560円"", ""2560〜3020円"", ""3020〜3580円"", ""3580〜4290円"", ""4290〜5220円"", ""5220〜6490円"", ""6490〜8310円"", ""8310〜11220円"", ""11220〜16240円"", ""16240〜28268円"", ""28268円〜""]","[6.8, 6.8, 6.9, 5.5, 4.9, 5.1, 5.0, 4.5, 3.9, 4.5, 4.8, 4.0, 4.5, 4.1, 4.5, 5.1, 5.0, 5.0, 4.0, 5.0]","[1.8, 1.8, 1.9, 0.5, -0.1, 0.1, 0.0, -0.5, -1.1, -0.5, -0.2, -1.0, -0.5, -0.9, -0.5, 0.1, -0.0, 0.0, -1.0, -0.0]"
20260806,24,11,1,59.5,"[[""1-4-3"", 0.0765], [""1-4-2"", 0.0865], [""1-4-5"", 0.0781], [""1-3-4"", 0.0597], [""1-2-4"", 0.0656], [""1-5-4"", 0.058], [""1-3-2"", 0.037], [""1-2-3"", 0.036], [""1-3-5"", 0.0334]]",4,33.0,"[[""4-1-3"", 0.0215], [""4-1-2"", 0.0243], [""4-1-5"", 0.022]]","[[""1-5-3"", 0.0318], [""1-2-5"", 0.0289], [""1-5-2"", 0.0283], [""1-4-6"", 0.0239]]",,,False,False,0.7866,強,"{""逃げ"": 73.2, ""まくり差し"": 8.4, ""まくり"": 6.8, ""差し"": 6.2, ""抜き"": 4.5, ""恵まれ"": 0.8}","[""0〜600円"", ""600〜750円"", ""750〜900円"", ""900〜1050円"", ""1050〜1220円"", ""1220〜1410円"", ""1410〜1640円"", ""1640〜1890円"", ""1890〜2200円"", ""2200〜2560円"", ""2560〜3020円"", ""3020〜3580円"", ""3580〜4290円"", ""4290〜5220円"", ""5220〜6490円"", ""6490〜8310円"", ""8310〜11220円"", ""11220〜16240円"", ""16240〜28268円"", ""28268円〜""]","[10.9, 8.8, 7.4, 6.4, 6.1, 5.3, 6.0, 4.7, 4.6, 4.2, 4.1, 4.3, 3.9, 3.4, 2.9, 2.9, 3.0, 3.6, 3.1, 4.5]","[5.9, 3.8, 2.4, 1.4, 1.1, 0.3, 1.0, -0.3, -0.4, -0.8, -0.9, -0.7, -1.1, -1.6, -2.1, -2.1, -2.0, -1.4, -1.9, -0.5]"
20260806,24,12,1,56.9,"[[""1-2-3"", 0.0992], [""1-3-2"", 0.0982], [""1-2-4"", 0.0622], [""1-3-4"", 0.0603], [""1-4-2"", 0.0504], [""1-4-3"", 0.0493], [""1-2-6"", 0.0395], [""1-3-6"", 0.0383], [""1-2-5"", 0.0379]]",3,24.4,"[[""3-1-2"", 0.0198], [""3-1-4"", 0.0122]]","[[""1-3-5"", 0.0368], [""1-6-2"", 0.0299], [""1-6-3"", 0.0293], [""1-5-2"", 0.0286]]",,,False,True,0.8218,強,"{""逃げ"": 73.2, ""まくり差し"": 8.4, ""まくり"": 6.8, ""差し"": 6.2, ""抜き"": 4.5, ""恵まれ"": 0.8}","[""0〜600円"", ""600〜750円"", ""750〜900円"", ""900〜1050円"", ""1050〜1220円"", ""1220〜1410円"", ""1410〜1640円"", ""1640〜1890円"", ""1890〜2200円"", ""2200〜2560円"", ""2560〜3020円"", ""3020〜3580円"", ""3580〜4290円"", ""4290〜5220円"", ""5220〜6490円"", ""6490〜8310円"", ""8310〜11220円"", ""11220〜16240円"", ""16240〜28268円"", ""28268円〜""]","[10.9, 8.8, 7.4, 6.4, 6.1, 5.3, 6.0, 4.7, 4.6, 4.2, 4.1, 4.3, 3.9, 3.4, 2.9, 2.9, 3.0, 3.6, 3.1, 4.5]","[5.9, 3.8, 2.4, 1.4, 1.1, 0.3, 1.0, -0.3, -0.4, -0.8, -0.9, -0.7, -1.1, -1.6, -2.1, -2.1, -2.0, -1.4, -1.9, -0.5]"
