date,jcd,r,favorite_boat,favorite_nige_rate,scenario1_tickets,challenger_boat,challenger_makuri_rate,scenario2_tickets,scenario3_tickets,aligned_pair,aligned_pair_prob,aligned_pair_flag,knn_agree_trio,knn_trio_calibration_ratio,strength_bin,kimarite_dist,payout_bucket_labels,payout_bucket_pct,payout_bucket_deviation
20260929,02,1,3,60.9,"[[""3-2-1"", 0.0536], [""3-2-4"", 0.0622], [""3-1-2"", 0.0458], [""3-1-4"", 0.0381], [""3-2-5"", 0.016]]",2,37.1,"[[""2-3-1"", 0.0421], [""2-3-4"", 0.0489], [""2-3-5"", 0.0126]]","[[""3-4-2"", 0.0521], [""1-3-2"", 0.0332], [""3-4-1"", 0.0375], [""4-3-2"", 0.0374]]",,,False,True,0.8201,弱,"{""まくり"": 37.5, ""逃げ"": 24.7, ""差し"": 17.6, ""まくり差し"": 11.8, ""抜き"": 7.7, ""恵まれ"": 0.7}","[""0〜600円"", ""600〜740円"", ""740〜890円"", ""890〜1050円"", ""1050〜1220円"", ""1220〜1410円"", ""1410〜1630円"", ""1630〜1890円"", ""1890〜2200円"", ""2200〜2560円"", ""2560〜3020円"", ""3020〜3570円"", ""3570〜4280円"", ""4280〜5210円"", ""5210〜6480円"", ""6480〜8300円"", ""8300〜11200円"", ""11200〜16230円"", ""16230〜28240円"", ""28240円〜""]","[0.3, 0.5, 1.6, 2.3, 2.6, 3.4, 4.5, 6.0, 5.2, 6.3, 7.1, 7.2, 8.0, 6.1, 7.5, 7.8, 7.7, 6.8, 4.9, 4.1]","[-4.7, -4.5, -3.4, -2.7, -2.4, -1.6, -0.5, 1.0, 0.2, 1.3, 2.1, 2.2, 3.0, 1.1, 2.5, 2.8, 2.7, 1.8, -0.1, -0.9]"
20260929,02,2,3,56.5,"[[""3-2-4"", 0.0425], [""3-4-2"", 0.0359], [""3-2-5"", 0.0377], [""3-2-1"", 0.0307], [""3-5-2"", 0.0287], [""3-1-2"", 0.0224], [""3-4-5"", 0.0223], [""3-5-4"", 0.0201], [""3-4-1"", 0.0181]]",4,33.1,"[[""4-3-2"", 0.0292], [""4-3-5"", 0.0181], [""4-3-1"", 0.0147]]","[[""2-3-4"", 0.0382], [""2-4-3"", 0.0279], [""2-3-5"", 0.0339], [""4-2-3"", 0.0253]]",,,False,False,0.7852,中,"{""逃げ"": 39.0, ""まくり"": 24.3, ""まくり差し"": 12.6, ""差し"": 15.1, ""抜き"": 8.1, ""恵まれ"": 0.8}","[""0〜600円"", ""600〜740円"", ""740〜890円"", ""890〜1050円"", ""1050〜1220円"", ""1220〜1410円"", ""1410〜1630円"", ""1630〜1890円"", ""1890〜2200円"", ""2200〜2560円"", ""2560〜3020円"", ""3020〜3570円"", ""3570〜4280円"", ""4280〜5210円"", ""5210〜6480円"", ""6480〜8300円"", ""8300〜11200円"", ""11200〜16230円"", ""16230〜28240円"", ""28240円〜""]","[1.0, 2.0, 3.0, 3.5, 4.6, 4.2, 4.9, 5.4, 5.9, 6.2, 4.7, 5.7, 6.8, 5.9, 5.8, 7.2, 6.5, 6.0, 5.4, 5.2]","[-4.0, -3.0, -2.0, -1.5, -0.4, -0.8, -0.1, 0.4, 0.9, 1.2, -0.3, 0.7, 1.8, 0.9, 0.8, 2.2, 1.5, 1.0, 0.4, 0.2]"
20260929,02,3,6,53.2,"[[""6-3-2"", 0.0304], [""6-2-3"", 0.0267], [""6-3-1"", 0.0304], [""6-1-3"", 0.0249], [""6-2-1"", 0.0196], [""6-1-2"", 0.0183], [""6-3-4"", 0.0168], [""6-3-5"", 0.0163], [""6-4-3"", 0.0125]]",2,38.8,"[[""2-6-3"", 0.0226], [""2-3-6"", 0.0203], [""2-6-1"", 0.0166], [""2-3-1"", 0.0118]]","[[""3-6-2"", 0.0279], [""3-2-6"", 0.022], [""3-6-1"", 0.0279], [""3-1-6"", 0.0206]]",,,False,False,0.7852,強,"{""逃げ"": 56.1, ""まくり"": 16.0, ""まくり差し"": 10.4, ""差し"": 10.4, ""抜き"": 6.4, ""恵まれ"": 0.8}","[""0〜600円"", ""600〜740円"", ""740〜890円"", ""890〜1050円"", ""1050〜1220円"", ""1220〜1410円"", ""1410〜1630円"", ""1630〜1890円"", ""1890〜2200円"", ""2200〜2560円"", ""2560〜3020円"", ""3020〜3570円"", ""3570〜4280円"", ""4280〜5210円"", ""5210〜6480円"", ""6480〜8300円"", ""8300〜11200円"", ""11200〜16230円"", ""16230〜28240円"", ""28240円〜""]","[2.5, 4.5, 5.1, 5.2, 5.6, 4.6, 5.2, 4.6, 5.3, 5.4, 5.2, 5.1, 4.5, 4.4, 4.7, 6.0, 5.8, 5.3, 5.6, 5.3]","[-2.5, -0.5, 0.1, 0.2, 0.6, -0.4, 0.2, -0.4, 0.3, 0.4, 0.2, 0.1, -0.5, -0.6, -0.3, 1.0, 0.8, 0.3, 0.6, 0.3]"
20260929,02,4,5,60.1,"[[""5-4-1"", 0.0224], [""5-4-2"", 0.0269], [""5-1-4"", 0.0196], [""5-2-4"", 0.0231], [""5-4-3"", 0.0201], [""5-1-2"", 0.0164], [""5-3-4"", 0.0161], [""5-2-1"", 0.0161], [""5-1-3"", 0.0122]]",4,35.4,"[[""4-5-1"", 0.022], [""4-5-2"", 0.0263], [""4-1-5"", 0.0187], [""4-2-5"", 0.022], [""4-5-3"", 0.0197], [""4-3-5"", 0.0154]]","[[""1-5-4"", 0.0175], [""1-4-5"", 0.017], [""2-5-4"", 0.0204], [""2-4-5"", 0.0198]]",,,False,False,0.7852,強,"{""逃げ"": 56.1, ""まくり"": 16.0, ""まくり差し"": 10.4, ""差し"": 10.4, ""抜き"": 6.4, ""恵まれ"": 0.8}","[""0〜600円"", ""600〜740円"", ""740〜890円"", ""890〜1050円"", ""1050〜1220円"", ""1220〜1410円"", ""1410〜1630円"", ""1630〜1890円"", ""1890〜2200円"", ""2200〜2560円"", ""2560〜3020円"", ""3020〜3570円"", ""3570〜4280円"", ""4280〜5210円"", ""5210〜6480円"", ""6480〜8300円"", ""8300〜11200円"", ""11200〜16230円"", ""16230〜28240円"", ""28240円〜""]","[2.5, 4.5, 5.1, 5.2, 5.6, 4.6, 5.2, 4.6, 5.3, 5.4, 5.2, 5.1, 4.5, 4.4, 4.7, 6.0, 5.8, 5.3, 5.6, 5.3]","[-2.5, -0.5, 0.1, 0.2, 0.6, -0.4, 0.2, -0.4, 0.3, 0.4, 0.2, 0.1, -0.5, -0.6, -0.3, 1.0, 0.8, 0.3, 0.6, 0.3]"
20260929,02,5,1,60.6,"[[""1-2-3"", 0.0995], [""1-2-4"", 0.1244], [""1-3-2"", 0.0864], [""1-4-2"", 0.1072], [""1-3-4"", 0.0794], [""1-4-3"", 0.0789], [""1-2-6"", 0.0423], [""1-6-2"", 0.0295], [""1-3-6"", 0.027]]",2,27.3,"[[""2-1-3"", 0.0193], [""2-1-4"", 0.0242]]","[[""1-4-6"", 0.0263], [""1-6-3"", 0.0217], [""1-6-4"", 0.0213], [""3-1-2"", 0.0165]]",,,False,False,0.7852,強,"{""逃げ"": 56.1, ""まくり"": 16.0, ""まくり差し"": 10.4, ""差し"": 10.4, ""抜き"": 6.4, ""恵まれ"": 0.8}","[""0〜600円"", ""600〜740円"", ""740〜890円"", ""890〜1050円"", ""1050〜1220円"", ""1220〜1410円"", ""1410〜1630円"", ""1630〜1890円"", ""1890〜2200円"", ""2200〜2560円"", ""2560〜3020円"", ""3020〜3570円"", ""3570〜4280円"", ""4280〜5210円"", ""5210〜6480円"", ""6480〜8300円"", ""8300〜11200円"", ""11200〜16230円"", ""16230〜28240円"", ""28240円〜""]","[2.5, 4.5, 5.1, 5.2, 5.6, 4.6, 5.2, 4.6, 5.3, 5.4, 5.2, 5.1, 4.5, 4.4, 4.7, 6.0, 5.8, 5.3, 5.6, 5.3]","[-2.5, -0.5, 0.1, 0.2, 0.6, -0.4, 0.2, -0.4, 0.3, 0.4, 0.2, 0.1, -0.5, -0.6, -0.3, 1.0, 0.8, 0.3, 0.6, 0.3]"
20260929,02,6,2,50.2,"[[""2-1-5"", 0.0957], [""2-1-3"", 0.0998], [""2-1-4"", 0.0371], [""2-1-6"", 0.0124]]",1,25.3,"[[""1-2-5"", 0.084], [""1-2-3"", 0.0876], [""1-2-4"", 0.0326], [""1-2-6"", 0.0109]]","[[""2-5-1"", 0.043], [""2-3-1"", 0.0433], [""1-5-2"", 0.0324], [""5-2-1"", 0.027]]",1-2,0.5093,False,False,0.7852,強,"{""逃げ"": 56.1, ""まくり"": 16.0, ""まくり差し"": 10.4, ""差し"": 10.4, ""抜き"": 6.4, ""恵まれ"": 0.8}","[""0〜600円"", ""600〜740円"", ""740〜890円"", ""890〜1050円"", ""1050〜1220円"", ""1220〜1410円"", ""1410〜1630円"", ""1630〜1890円"", ""1890〜2200円"", ""2200〜2560円"", ""2560〜3020円"", ""3020〜3570円"", ""3570〜4280円"", ""4280〜5210円"", ""5210〜6480円"", ""6480〜8300円"", ""8300〜11200円"", ""11200〜16230円"", ""16230〜28240円"", ""28240円〜""]","[2.5, 4.5, 5.1, 5.2, 5.6, 4.6, 5.2, 4.6, 5.3, 5.4, 5.2, 5.1, 4.5, 4.4, 4.7, 6.0, 5.8, 5.3, 5.6, 5.3]","[-2.5, -0.5, 0.1, 0.2, 0.6, -0.4, 0.2, -0.4, 0.3, 0.4, 0.2, 0.1, -0.5, -0.6, -0.3, 1.0, 0.8, 0.3, 0.6, 0.3]"
20260929,02,7,1,51.9,"[[""1-2-4"", 0.1578], [""1-2-3"", 0.176], [""1-2-6"", 0.0486], [""1-2-5"", 0.0192]]",2,37.9,"[[""2-1-4"", 0.0347], [""2-1-3"", 0.0387], [""2-1-6"", 0.0107]]","[[""1-4-2"", 0.0883], [""1-3-2"", 0.0955], [""1-4-3"", 0.0359], [""1-3-4"", 0.0349]]",1-2,0.5426,True,False,0.7852,強,"{""逃げ"": 56.1, ""まくり"": 16.0, ""まくり差し"": 10.4, ""差し"": 10.4, ""抜き"": 6.4, ""恵まれ"": 0.8}","[""0〜600円"", ""600〜740円"", ""740〜890円"", ""890〜1050円"", ""1050〜1220円"", ""1220〜1410円"", ""1410〜1630円"", ""1630〜1890円"", ""1890〜2200円"", ""2200〜2560円"", ""2560〜3020円"", ""3020〜3570円"", ""3570〜4280円"", ""4280〜5210円"", ""5210〜6480円"", ""6480〜8300円"", ""8300〜11200円"", ""11200〜16230円"", ""16230〜28240円"", ""28240円〜""]","[2.5, 4.5, 5.1, 5.2, 5.6, 4.6, 5.2, 4.6, 5.3, 5.4, 5.2, 5.1, 4.5, 4.4, 4.7, 6.0, 5.8, 5.3, 5.6, 5.3]","[-2.5, -0.5, 0.1, 0.2, 0.6, -0.4, 0.2, -0.4, 0.3, 0.4, 0.2, 0.1, -0.5, -0.6, -0.3, 1.0, 0.8, 0.3, 0.6, 0.3]"
20260929,02,8,1,60.4,"[[""1-3-4"", 0.124], [""1-3-2"", 0.0568], [""1-3-5"", 0.0184], [""1-3-6"", 0.0105]]",3,35.4,"[[""3-1-4"", 0.0639], [""3-1-2"", 0.0293]]","[[""1-4-3"", 0.1146], [""4-1-3"", 0.0576], [""1-4-2"", 0.0466], [""1-2-3"", 0.038]]",1-3,0.3691,False,False,0.7852,中,"{""逃げ"": 39.0, ""まくり"": 24.3, ""まくり差し"": 12.6, ""差し"": 15.1, ""抜き"": 8.1, ""恵まれ"": 0.8}","[""0〜600円"", ""600〜740円"", ""740〜890円"", ""890〜1050円"", ""1050〜1220円"", ""1220〜1410円"", ""1410〜1630円"", ""1630〜1890円"", ""1890〜2200円"", ""2200〜2560円"", ""2560〜3020円"", ""3020〜3570円"", ""3570〜4280円"", ""4280〜5210円"", ""5210〜6480円"", ""6480〜8300円"", ""8300〜11200円"", ""11200〜16230円"", ""16230〜28240円"", ""28240円〜""]","[1.0, 2.0, 3.0, 3.5, 4.6, 4.2, 4.9, 5.4, 5.9, 6.2, 4.7, 5.7, 6.8, 5.9, 5.8, 7.2, 6.5, 6.0, 5.4, 5.2]","[-4.0, -3.0, -2.0, -1.5, -0.4, -0.8, -0.1, 0.4, 0.9, 1.2, -0.3, 0.7, 1.8, 0.9, 0.8, 2.2, 1.5, 1.0, 0.4, 0.2]"
20260929,02,9,1,48.1,"[[""1-2-4"", 0.0917], [""1-2-3"", 0.0742], [""1-2-5"", 0.0384], [""1-2-6"", 0.0227]]",2,35.5,"[[""2-1-4"", 0.0831], [""2-1-3"", 0.0672], [""2-1-5"", 0.0348], [""2-1-6"", 0.0205]]","[[""1-4-2"", 0.0441], [""2-4-1"", 0.0355], [""4-1-2"", 0.0288], [""1-3-2"", 0.033]]",1-2,0.4803,False,False,0.7852,中,"{""逃げ"": 39.0, ""まくり"": 24.3, ""まくり差し"": 12.6, ""差し"": 15.1, ""抜き"": 8.1, ""恵まれ"": 0.8}","[""0〜600円"", ""600〜740円"", ""740〜890円"", ""890〜1050円"", ""1050〜1220円"", ""1220〜1410円"", ""1410〜1630円"", ""1630〜1890円"", ""1890〜2200円"", ""2200〜2560円"", ""2560〜3020円"", ""3020〜3570円"", ""3570〜4280円"", ""4280〜5210円"", ""5210〜6480円"", ""6480〜8300円"", ""8300〜11200円"", ""11200〜16230円"", ""16230〜28240円"", ""28240円〜""]","[1.0, 2.0, 3.0, 3.5, 4.6, 4.2, 4.9, 5.4, 5.9, 6.2, 4.7, 5.7, 6.8, 5.9, 5.8, 7.2, 6.5, 6.0, 5.4, 5.2]","[-4.0, -3.0, -2.0, -1.5, -0.4, -0.8, -0.1, 0.4, 0.9, 1.2, -0.3, 0.7, 1.8, 0.9, 0.8, 2.2, 1.5, 1.0, 0.4, 0.2]"
20260929,02,10,1,45.5,"[[""1-3-4"", 0.1041], [""1-4-3"", 0.0927], [""1-3-2"", 0.061], [""1-4-2"", 0.0437], [""1-3-5"", 0.0426], [""1-4-5"", 0.0305], [""1-3-6"", 0.0257], [""1-4-6"", 0.0184]]",3,27.3,"[[""3-1-4"", 0.0383], [""3-1-2"", 0.0224], [""3-1-5"", 0.0157]]","[[""1-2-3"", 0.0437], [""4-1-3"", 0.0332], [""1-2-4"", 0.0351], [""1-5-3"", 0.029]]",,,False,False,0.7852,中,"{""逃げ"": 39.0, ""まくり"": 24.3, ""まくり差し"": 12.6, ""差し"": 15.1, ""抜き"": 8.1, ""恵まれ"": 0.8}","[""0〜600円"", ""600〜740円"", ""740〜890円"", ""890〜1050円"", ""1050〜1220円"", ""1220〜1410円"", ""1410〜1630円"", ""1630〜1890円"", ""1890〜2200円"", ""2200〜2560円"", ""2560〜3020円"", ""3020〜3570円"", ""3570〜4280円"", ""4280〜5210円"", ""5210〜6480円"", ""6480〜8300円"", ""8300〜11200円"", ""11200〜16230円"", ""16230〜28240円"", ""28240円〜""]","[1.0, 2.0, 3.0, 3.5, 4.6, 4.2, 4.9, 5.4, 5.9, 6.2, 4.7, 5.7, 6.8, 5.9, 5.8, 7.2, 6.5, 6.0, 5.4, 5.2]","[-4.0, -3.0, -2.0, -1.5, -0.4, -0.8, -0.1, 0.4, 0.9, 1.2, -0.3, 0.7, 1.8, 0.9, 0.8, 2.2, 1.5, 1.0, 0.4, 0.2]"
20260929,02,11,1,55.0,"[[""1-2-4"", 0.0145], [""1-4-2"", 0.0139], [""1-2-3"", 0.0145], [""1-2-5"", 0.0134], [""1-3-2"", 0.0131], [""1-4-3"", 0.0124], [""1-5-2"", 0.0119], [""1-2-6"", 0.0116], [""1-3-4"", 0.0116]]",2,35.9,"[[""2-1-4"", 0.0142], [""2-4-1"", 0.0133], [""2-1-3"", 0.0143], [""2-1-5"", 0.0132], [""2-3-1"", 0.0126], [""2-5-1"", 0.0114]]","[[""4-1-2"", 0.0133], [""4-2-1"", 0.013], [""3-1-2"", 0.0119], [""4-1-3"", 0.0118]]",,,False,False,0.7852,中,"{""逃げ"": 39.0, ""まくり"": 24.3, ""まくり差し"": 12.6, ""差し"": 15.1, ""抜き"": 8.1, ""恵まれ"": 0.8}","[""0〜600円"", ""600〜740円"", ""740〜890円"", ""890〜1050円"", ""1050〜1220円"", ""1220〜1410円"", ""1410〜1630円"", ""1630〜1890円"", ""1890〜2200円"", ""2200〜2560円"", ""2560〜3020円"", ""3020〜3570円"", ""3570〜4280円"", ""4280〜5210円"", ""5210〜6480円"", ""6480〜8300円"", ""8300〜11200円"", ""11200〜16230円"", ""16230〜28240円"", ""28240円〜""]","[1.0, 2.0, 3.0, 3.5, 4.6, 4.2, 4.9, 5.4, 5.9, 6.2, 4.7, 5.7, 6.8, 5.9, 5.8, 7.2, 6.5, 6.0, 5.4, 5.2]","[-4.0, -3.0, -2.0, -1.5, -0.4, -0.8, -0.1, 0.4, 0.9, 1.2, -0.3, 0.7, 1.8, 0.9, 0.8, 2.2, 1.5, 1.0, 0.4, 0.2]"
20260929,02,12,1,53.2,"[[""1-2-3"", 0.1228], [""1-2-6"", 0.0862], [""1-2-4"", 0.0483], [""1-2-5"", 0.039]]",2,20.3,"[[""2-1-3"", 0.0281], [""2-1-6"", 0.0198], [""2-1-4"", 0.0111]]","[[""1-3-2"", 0.1], [""1-6-2"", 0.0605], [""1-3-6"", 0.047], [""1-6-3"", 0.0405]]",1-2,0.3974,False,True,0.8201,強,"{""逃げ"": 56.1, ""まくり"": 16.0, ""まくり差し"": 10.4, ""差し"": 10.4, ""抜き"": 6.4, ""恵まれ"": 0.8}","[""0〜600円"", ""600〜740円"", ""740〜890円"", ""890〜1050円"", ""1050〜1220円"", ""1220〜1410円"", ""1410〜1630円"", ""1630〜1890円"", ""1890〜2200円"", ""2200〜2560円"", ""2560〜3020円"", ""3020〜3570円"", ""3570〜4280円"", ""4280〜5210円"", ""5210〜6480円"", ""6480〜8300円"", ""8300〜11200円"", ""11200〜16230円"", ""16230〜28240円"", ""28240円〜""]","[2.5, 4.5, 5.1, 5.2, 5.6, 4.6, 5.2, 4.6, 5.3, 5.4, 5.2, 5.1, 4.5, 4.4, 4.7, 6.0, 5.8, 5.3, 5.6, 5.3]","[-2.5, -0.5, 0.1, 0.2, 0.6, -0.4, 0.2, -0.4, 0.3, 0.4, 0.2, 0.1, -0.5, -0.6, -0.3, 1.0, 0.8, 0.3, 0.6, 0.3]"
20260929,03,1,1,55.8,"[[""1-3-2"", 0.0726], [""1-2-3"", 0.0704], [""1-3-4"", 0.0616], [""1-2-4"", 0.0556], [""1-4-3"", 0.053], [""1-4-2"", 0.0494], [""1-3-5"", 0.0472], [""1-2-5"", 0.0426], [""1-5-3"", 0.0383]]",3,,"[[""3-1-2"", 0.0271], [""3-1-4"", 0.0229], [""3-1-5"", 0.0176]]","[[""1-5-2"", 0.0357], [""2-1-3"", 0.026], [""1-4-5"", 0.0263], [""1-5-4"", 0.0248]]",,,False,True,0.8201,弱,"{""逃げ"": 34.9, ""差し"": 18.3, ""まくり"": 23.8, ""抜き"": 11.1, ""まくり差し"": 10.7, ""恵まれ"": 1.2}","[""0〜600円"", ""600〜740円"", ""740〜890円"", ""890〜1050円"", ""1050〜1220円"", ""1220〜1410円"", ""1410〜1630円"", ""1630〜1890円"", ""1890〜2200円"", ""2200〜2560円"", ""2560〜3020円"", ""3020〜3570円"", ""3570〜4280円"", ""4280〜5210円"", ""5210〜6480円"", ""6480〜8300円"", ""8300〜11200円"", ""11200〜16230円"", ""16230〜28240円"", ""28240円〜""]","[0.4, 0.6, 1.4, 2.8, 3.2, 3.9, 4.8, 5.9, 6.4, 5.2, 5.8, 6.8, 7.1, 6.7, 7.8, 7.1, 7.4, 6.5, 6.2, 4.1]","[-4.6, -4.4, -3.6, -2.2, -1.8, -1.1, -0.2, 0.9, 1.4, 0.2, 0.8, 1.8, 2.1, 1.7, 2.8, 2.1, 2.4, 1.5, 1.2, -0.9]"
20260929,03,2,1,51.1,"[[""1-4-2"", 0.0299], [""1-4-5"", 0.0374], [""1-2-4"", 0.0281], [""1-5-4"", 0.035], [""1-2-5"", 0.0299], [""1-5-2"", 0.0297], [""1-4-6"", 0.0154], [""1-4-3"", 0.0144], [""1-2-6"", 0.0124]]",4,40.4,"[[""4-1-2"", 0.0239], [""4-1-5"", 0.03], [""4-1-6"", 0.0124], [""4-1-3"", 0.0115]]","[[""2-1-4"", 0.0217], [""5-1-4"", 0.027], [""2-1-5"", 0.0232], [""5-1-2"", 0.0229]]",,,False,False,0.7852,弱,"{""逃げ"": 34.9, ""差し"": 18.3, ""まくり"": 23.8, ""抜き"": 11.1, ""まくり差し"": 10.7, ""恵まれ"": 1.2}","[""0〜600円"", ""600〜740円"", ""740〜890円"", ""890〜1050円"", ""1050〜1220円"", ""1220〜1410円"", ""1410〜1630円"", ""1630〜1890円"", ""1890〜2200円"", ""2200〜2560円"", ""2560〜3020円"", ""3020〜3570円"", ""3570〜4280円"", ""4280〜5210円"", ""5210〜6480円"", ""6480〜8300円"", ""8300〜11200円"", ""11200〜16230円"", ""16230〜28240円"", ""28240円〜""]","[0.4, 0.6, 1.4, 2.8, 3.2, 3.9, 4.8, 5.9, 6.4, 5.2, 5.8, 6.8, 7.1, 6.7, 7.8, 7.1, 7.4, 6.5, 6.2, 4.1]","[-4.6, -4.4, -3.6, -2.2, -1.8, -1.1, -0.2, 0.9, 1.4, 0.2, 0.8, 1.8, 2.1, 1.7, 2.8, 2.1, 2.4, 1.5, 1.2, -0.9]"
20260929,03,3,2,50.3,"[[""2-1-3"", 0.0539], [""2-1-4"", 0.0647], [""2-1-5"", 0.0625], [""2-1-6"", 0.0581]]",1,25.9,"[[""1-2-3"", 0.029], [""1-2-4"", 0.0348], [""1-2-5"", 0.0336], [""1-2-6"", 0.0312]]","[[""2-3-1"", 0.0351], [""2-4-1"", 0.042], [""2-5-1"", 0.0403], [""2-6-1"", 0.0371]]",1-2,0.3861,False,True,0.8201,強,"{""逃げ"": 56.8, ""差し"": 10.2, ""まくり"": 15.7, ""抜き"": 9.0, ""まくり差し"": 7.3, ""恵まれ"": 1.0}","[""0〜600円"", ""600〜740円"", ""740〜890円"", ""890〜1050円"", ""1050〜1220円"", ""1220〜1410円"", ""1410〜1630円"", ""1630〜1890円"", ""1890〜2200円"", ""2200〜2560円"", ""2560〜3020円"", ""3020〜3570円"", ""3570〜4280円"", ""4280〜5210円"", ""5210〜6480円"", ""6480〜8300円"", ""8300〜11200円"", ""11200〜16230円"", ""16230〜28240円"", ""28240円〜""]","[3.4, 4.2, 5.3, 5.4, 4.6, 5.0, 5.4, 5.5, 5.5, 4.8, 5.7, 5.4, 5.4, 5.3, 5.4, 4.3, 4.5, 4.9, 5.7, 4.2]","[-1.6, -0.8, 0.3, 0.4, -0.4, 0.0, 0.4, 0.5, 0.5, -0.2, 0.7, 0.4, 0.4, 0.3, 0.4, -0.7, -0.5, -0.1, 0.7, -0.8]"
20260929,03,4,3,38.4,"[[""3-2-1"", 0.0493], [""3-2-5"", 0.0489], [""3-2-6"", 0.0294]]",2,15.5,"[[""2-3-1"", 0.0464], [""2-3-5"", 0.0461], [""2-3-6"", 0.0277]]","[[""3-1-2"", 0.0355], [""2-1-3"", 0.031], [""1-3-2"", 0.0278], [""3-5-2"", 0.0334]]",2-3,0.2877,False,True,0.8201,強,"{""逃げ"": 56.8, ""差し"": 10.2, ""まくり"": 15.7, ""抜き"": 9.0, ""まくり差し"": 7.3, ""恵まれ"": 1.0}","[""0〜600円"", ""600〜740円"", ""740〜890円"", ""890〜1050円"", ""1050〜1220円"", ""1220〜1410円"", ""1410〜1630円"", ""1630〜1890円"", ""1890〜2200円"", ""2200〜2560円"", ""2560〜3020円"", ""3020〜3570円"", ""3570〜4280円"", ""4280〜5210円"", ""5210〜6480円"", ""6480〜8300円"", ""8300〜11200円"", ""11200〜16230円"", ""16230〜28240円"", ""28240円〜""]","[3.4, 4.2, 5.3, 5.4, 4.6, 5.0, 5.4, 5.5, 5.5, 4.8, 5.7, 5.4, 5.4, 5.3, 5.4, 4.3, 4.5, 4.9, 5.7, 4.2]","[-1.6, -0.8, 0.3, 0.4, -0.4, 0.0, 0.4, 0.5, 0.5, -0.2, 0.7, 0.4, 0.4, 0.3, 0.4, -0.7, -0.5, -0.1, 0.7, -0.8]"
20260929,03,5,1,42.2,"[[""1-5-3"", 0.0782], [""1-3-5"", 0.0756], [""1-5-2"", 0.0431], [""1-3-2"", 0.0389], [""1-5-4"", 0.033], [""1-3-4"", 0.0298], [""1-5-6"", 0.0267], [""1-3-6"", 0.0241]]",5,25.7,"[[""5-1-3"", 0.0377], [""5-1-2"", 0.0208], [""5-1-4"", 0.0159], [""5-1-6"", 0.0129]]","[[""3-1-5"", 0.0361], [""1-2-5"", 0.0328], [""1-2-3"", 0.0306], [""1-4-5"", 0.0242]]",,,False,False,0.7852,中,"{""逃げ"": 46.5, ""差し"": 13.4, ""まくり"": 18.3, ""抜き"": 10.0, ""まくり差し"": 10.0, ""恵まれ"": 1.9}","[""0〜600円"", ""600〜740円"", ""740〜890円"", ""890〜1050円"", ""1050〜1220円"", ""1220〜1410円"", ""1410〜1630円"", ""1630〜1890円"", ""1890〜2200円"", ""2200〜2560円"", ""2560〜3020円"", ""3020〜3570円"", ""3570〜4280円"", ""4280〜5210円"", ""5210〜6480円"", ""6480〜8300円"", ""8300〜11200円"", ""11200〜16230円"", ""16230〜28240円"", ""28240円〜""]","[1.1, 2.5, 3.4, 4.5, 5.2, 5.6, 6.9, 4.9, 6.0, 5.2, 4.7, 5.4, 5.4, 6.3, 5.4, 6.0, 5.2, 7.0, 5.0, 4.3]","[-3.9, -2.5, -1.6, -0.5, 0.2, 0.6, 1.9, -0.1, 1.0, 0.2, -0.3, 0.4, 0.4, 1.3, 0.4, 1.0, 0.2, 2.0, 0.0, -0.7]"
20260929,03,6,1,49.4,"[[""1-2-3"", 0.0658], [""1-2-4"", 0.0567], [""1-2-5"", 0.0453], [""1-2-6"", 0.0156]]",2,33.3,"[[""2-1-3"", 0.0649], [""2-1-4"", 0.0559], [""2-1-5"", 0.0447], [""2-1-6"", 0.0154]]","[[""1-3-2"", 0.0363], [""2-3-1"", 0.0352], [""3-1-2"", 0.0263], [""3-2-1"", 0.0259]]",1-2,0.3929,False,True,0.8201,弱,"{""逃げ"": 34.9, ""差し"": 18.3, ""まくり"": 23.8, ""抜き"": 11.1, ""まくり差し"": 10.7, ""恵まれ"": 1.2}","[""0〜600円"", ""600〜740円"", ""740〜890円"", ""890〜1050円"", ""1050〜1220円"", ""1220〜1410円"", ""1410〜1630円"", ""1630〜1890円"", ""1890〜2200円"", ""2200〜2560円"", ""2560〜3020円"", ""3020〜3570円"", ""3570〜4280円"", ""4280〜5210円"", ""5210〜6480円"", ""6480〜8300円"", ""8300〜11200円"", ""11200〜16230円"", ""16230〜28240円"", ""28240円〜""]","[0.4, 0.6, 1.4, 2.8, 3.2, 3.9, 4.8, 5.9, 6.4, 5.2, 5.8, 6.8, 7.1, 6.7, 7.8, 7.1, 7.4, 6.5, 6.2, 4.1]","[-4.6, -4.4, -3.6, -2.2, -1.8, -1.1, -0.2, 0.9, 1.4, 0.2, 0.8, 1.8, 2.1, 1.7, 2.8, 2.1, 2.4, 1.5, 1.2, -0.9]"
20260929,03,7,1,46.5,"[[""1-2-3"", 0.0767], [""1-2-4"", 0.088], [""1-2-5"", 0.0418], [""1-2-6"", 0.018]]",3,34.5,"[[""3-1-2"", 0.0268], [""3-1-4"", 0.0169]]","[[""1-3-2"", 0.0582], [""1-4-2"", 0.0656], [""2-1-3"", 0.0386], [""2-1-4"", 0.0442]]",,,False,True,0.8201,強,"{""逃げ"": 56.8, ""差し"": 10.2, ""まくり"": 15.7, ""抜き"": 9.0, ""まくり差し"": 7.3, ""恵まれ"": 1.0}","[""0〜600円"", ""600〜740円"", ""740〜890円"", ""890〜1050円"", ""1050〜1220円"", ""1220〜1410円"", ""1410〜1630円"", ""1630〜1890円"", ""1890〜2200円"", ""2200〜2560円"", ""2560〜3020円"", ""3020〜3570円"", ""3570〜4280円"", ""4280〜5210円"", ""5210〜6480円"", ""6480〜8300円"", ""8300〜11200円"", ""11200〜16230円"", ""16230〜28240円"", ""28240円〜""]","[3.4, 4.2, 5.3, 5.4, 4.6, 5.0, 5.4, 5.5, 5.5, 4.8, 5.7, 5.4, 5.4, 5.3, 5.4, 4.3, 4.5, 4.9, 5.7, 4.2]","[-1.6, -0.8, 0.3, 0.4, -0.4, 0.0, 0.4, 0.5, 0.5, -0.2, 0.7, 0.4, 0.4, 0.3, 0.4, -0.7, -0.5, -0.1, 0.7, -0.8]"
20260929,03,8,3,50.3,"[[""3-1-2"", 0.0433], [""3-2-1"", 0.0421], [""3-1-4"", 0.042], [""3-2-4"", 0.0385], [""3-4-1"", 0.0376], [""3-4-2"", 0.0354], [""3-1-5"", 0.0186], [""3-2-5"", 0.017], [""3-5-1"", 0.0142]]",2,31.0,"[[""2-3-1"", 0.0316], [""2-3-4"", 0.0288], [""2-3-5"", 0.0128]]","[[""1-3-2"", 0.0329], [""1-3-4"", 0.0319], [""4-3-1"", 0.027], [""1-2-3"", 0.0221]]",,,False,True,0.8201,強,"{""逃げ"": 56.8, ""差し"": 10.2, ""まくり"": 15.7, ""抜き"": 9.0, ""まくり差し"": 7.3, ""恵まれ"": 1.0}","[""0〜600円"", ""600〜740円"", ""740〜890円"", ""890〜1050円"", ""1050〜1220円"", ""1220〜1410円"", ""1410〜1630円"", ""1630〜1890円"", ""1890〜2200円"", ""2200〜2560円"", ""2560〜3020円"", ""3020〜3570円"", ""3570〜4280円"", ""4280〜5210円"", ""5210〜6480円"", ""6480〜8300円"", ""8300〜11200円"", ""11200〜16230円"", ""16230〜28240円"", ""28240円〜""]","[3.4, 4.2, 5.3, 5.4, 4.6, 5.0, 5.4, 5.5, 5.5, 4.8, 5.7, 5.4, 5.4, 5.3, 5.4, 4.3, 4.5, 4.9, 5.7, 4.2]","[-1.6, -0.8, 0.3, 0.4, -0.4, 0.0, 0.4, 0.5, 0.5, -0.2, 0.7, 0.4, 0.4, 0.3, 0.4, -0.7, -0.5, -0.1, 0.7, -0.8]"
20260929,03,9,1,45.8,"[[""1-2-5"", 0.081], [""1-2-4"", 0.0737], [""1-2-6"", 0.0601], [""1-2-3"", 0.0537]]",2,16.8,"[[""2-1-5"", 0.0549], [""2-1-4"", 0.05], [""2-1-6"", 0.0408], [""2-1-3"", 0.0364]]","[[""1-5-2"", 0.0412], [""1-4-2"", 0.0356], [""1-6-2"", 0.0284], [""5-1-2"", 0.0218]]",1-2,0.4877,False,False,0.7852,中,"{""逃げ"": 46.5, ""差し"": 13.4, ""まくり"": 18.3, ""抜き"": 10.0, ""まくり差し"": 10.0, ""恵まれ"": 1.9}","[""0〜600円"", ""600〜740円"", ""740〜890円"", ""890〜1050円"", ""1050〜1220円"", ""1220〜1410円"", ""1410〜1630円"", ""1630〜1890円"", ""1890〜2200円"", ""2200〜2560円"", ""2560〜3020円"", ""3020〜3570円"", ""3570〜4280円"", ""4280〜5210円"", ""5210〜6480円"", ""6480〜8300円"", ""8300〜11200円"", ""11200〜16230円"", ""16230〜28240円"", ""28240円〜""]","[1.1, 2.5, 3.4, 4.5, 5.2, 5.6, 6.9, 4.9, 6.0, 5.2, 4.7, 5.4, 5.4, 6.3, 5.4, 6.0, 5.2, 7.0, 5.0, 4.3]","[-3.9, -2.5, -1.6, -0.5, 0.2, 0.6, 1.9, -0.1, 1.0, 0.2, -0.3, 0.4, 0.4, 1.3, 0.4, 1.0, 0.2, 2.0, 0.0, -0.7]"
20260929,03,10,1,52.8,"[[""1-2-3"", 0.1093], [""1-3-2"", 0.0936], [""1-2-6"", 0.0774], [""1-3-6"", 0.0483], [""1-2-4"", 0.0467], [""1-2-5"", 0.0389], [""1-3-4"", 0.0291], [""1-3-5"", 0.0242]]",2,25.3,"[[""2-1-3"", 0.0268], [""2-1-6"", 0.019], [""2-1-4"", 0.0114]]","[[""1-6-2"", 0.0571], [""1-6-3"", 0.0416], [""1-4-2"", 0.032], [""3-1-2"", 0.0224]]",,,False,True,0.8201,強,"{""逃げ"": 56.8, ""差し"": 10.2, ""まくり"": 15.7, ""抜き"": 9.0, ""まくり差し"": 7.3, ""恵まれ"": 1.0}","[""0〜600円"", ""600〜740円"", ""740〜890円"", ""890〜1050円"", ""1050〜1220円"", ""1220〜1410円"", ""1410〜1630円"", ""1630〜1890円"", ""1890〜2200円"", ""2200〜2560円"", ""2560〜3020円"", ""3020〜3570円"", ""3570〜4280円"", ""4280〜5210円"", ""5210〜6480円"", ""6480〜8300円"", ""8300〜11200円"", ""11200〜16230円"", ""16230〜28240円"", ""28240円〜""]","[3.4, 4.2, 5.3, 5.4, 4.6, 5.0, 5.4, 5.5, 5.5, 4.8, 5.7, 5.4, 5.4, 5.3, 5.4, 4.3, 4.5, 4.9, 5.7, 4.2]","[-1.6, -0.8, 0.3, 0.4, -0.4, 0.0, 0.4, 0.5, 0.5, -0.2, 0.7, 0.4, 0.4, 0.3, 0.4, -0.7, -0.5, -0.1, 0.7, -0.8]"
20260929,03,11,1,54.4,"[[""1-3-4"", 0.0932], [""1-4-3"", 0.0806], [""1-3-2"", 0.0702], [""1-2-3"", 0.0531], [""1-3-5"", 0.0491], [""1-4-2"", 0.0448], [""1-2-4"", 0.0391], [""1-5-3"", 0.035], [""1-4-5"", 0.0313]]",3,40.4,"[[""3-1-4"", 0.0312], [""3-1-2"", 0.0235], [""3-1-5"", 0.0164]]","[[""4-1-3"", 0.0261], [""1-3-6"", 0.028], [""1-5-4"", 0.0258], [""1-6-3"", 0.0189]]",,,False,True,0.8201,強,"{""逃げ"": 56.8, ""差し"": 10.2, ""まくり"": 15.7, ""抜き"": 9.0, ""まくり差し"": 7.3, ""恵まれ"": 1.0}","[""0〜600円"", ""600〜740円"", ""740〜890円"", ""890〜1050円"", ""1050〜1220円"", ""1220〜1410円"", ""1410〜1630円"", ""1630〜1890円"", ""1890〜2200円"", ""2200〜2560円"", ""2560〜3020円"", ""3020〜3570円"", ""3570〜4280円"", ""4280〜5210円"", ""5210〜6480円"", ""6480〜8300円"", ""8300〜11200円"", ""11200〜16230円"", ""16230〜28240円"", ""28240円〜""]","[3.4, 4.2, 5.3, 5.4, 4.6, 5.0, 5.4, 5.5, 5.5, 4.8, 5.7, 5.4, 5.4, 5.3, 5.4, 4.3, 4.5, 4.9, 5.7, 4.2]","[-1.6, -0.8, 0.3, 0.4, -0.4, 0.0, 0.4, 0.5, 0.5, -0.2, 0.7, 0.4, 0.4, 0.3, 0.4, -0.7, -0.5, -0.1, 0.7, -0.8]"
20260929,03,12,1,50.4,"[[""1-3-2"", 0.0668], [""1-2-3"", 0.0637], [""1-3-5"", 0.0602], [""1-3-4"", 0.0596], [""1-5-3"", 0.0525], [""1-4-3"", 0.0518], [""1-2-5"", 0.0512], [""1-2-4"", 0.0506], [""1-5-2"", 0.0467]]",2,34.6,"[[""2-1-3"", 0.0199], [""2-1-5"", 0.0159], [""2-1-4"", 0.0158]]","[[""1-4-2"", 0.0461], [""1-5-4"", 0.0342], [""1-4-5"", 0.0341], [""3-1-2"", 0.021]]",,,False,True,0.8201,強,"{""逃げ"": 56.8, ""差し"": 10.2, ""まくり"": 15.7, ""抜き"": 9.0, ""まくり差し"": 7.3, ""恵まれ"": 1.0}","[""0〜600円"", ""600〜740円"", ""740〜890円"", ""890〜1050円"", ""1050〜1220円"", ""1220〜1410円"", ""1410〜1630円"", ""1630〜1890円"", ""1890〜2200円"", ""2200〜2560円"", ""2560〜3020円"", ""3020〜3570円"", ""3570〜4280円"", ""4280〜5210円"", ""5210〜6480円"", ""6480〜8300円"", ""8300〜11200円"", ""11200〜16230円"", ""16230〜28240円"", ""28240円〜""]","[3.4, 4.2, 5.3, 5.4, 4.6, 5.0, 5.4, 5.5, 5.5, 4.8, 5.7, 5.4, 5.4, 5.3, 5.4, 4.3, 4.5, 4.9, 5.7, 4.2]","[-1.6, -0.8, 0.3, 0.4, -0.4, 0.0, 0.4, 0.5, 0.5, -0.2, 0.7, 0.4, 0.4, 0.3, 0.4, -0.7, -0.5, -0.1, 0.7, -0.8]"
20260929,04,1,1,48.9,"[[""1-4-2"", 0.0832], [""1-4-5"", 0.0429], [""1-4-3"", 0.0305], [""1-4-6"", 0.0272]]",4,28.1,"[[""4-1-2"", 0.0607], [""4-1-5"", 0.0313], [""4-1-3"", 0.0222], [""4-1-6"", 0.0199]]","[[""1-2-4"", 0.0627], [""2-1-4"", 0.0405], [""4-2-1"", 0.0302], [""2-4-1"", 0.0268]]",1-4,0.3573,False,False,0.7852,弱,"{""逃げ"": 27.3, ""まくり"": 25.5, ""差し"": 23.1, ""まくり差し"": 14.7, ""抜き"": 8.0, ""恵まれ"": 1.3}","[""0〜600円"", ""600〜740円"", ""740〜890円"", ""890〜1050円"", ""1050〜1220円"", ""1220〜1410円"", ""1410〜1630円"", ""1630〜1890円"", ""1890〜2200円"", ""2200〜2560円"", ""2560〜3020円"", ""3020〜3570円"", ""3570〜4280円"", ""4280〜5210円"", ""5210〜6480円"", ""6480〜8300円"", ""8300〜11200円"", ""11200〜16230円"", ""16230〜28240円"", ""28240円〜""]","[0.3, 1.1, 0.8, 2.0, 3.1, 3.6, 3.6, 5.0, 6.0, 6.1, 7.6, 6.2, 7.6, 7.1, 8.5, 7.8, 7.5, 6.2, 5.8, 4.1]","[-4.7, -3.9, -4.2, -3.0, -1.9, -1.4, -1.4, -0.0, 1.0, 1.1, 2.6, 1.2, 2.6, 2.1, 3.5, 2.8, 2.5, 1.2, 0.8, -0.9]"
20260929,04,2,3,61.0,"[[""3-2-1"", 0.0634], [""3-2-4"", 0.0406], [""3-2-5"", 0.0212], [""3-2-6"", 0.0167]]",1,61.3,"[[""1-3-2"", 0.0387], [""1-3-4"", 0.0157]]","[[""2-3-1"", 0.0571], [""3-1-2"", 0.0492], [""2-1-3"", 0.0384], [""1-2-3"", 0.0336]]",,,False,True,0.8201,強,"{""逃げ"": 56.4, ""差し"": 13.1, ""まくり"": 12.0, ""まくり差し"": 10.1, ""抜き"": 7.5, ""恵まれ"": 0.9}","[""0〜600円"", ""600〜740円"", ""740〜890円"", ""890〜1050円"", ""1050〜1220円"", ""1220〜1410円"", ""1410〜1630円"", ""1630〜1890円"", ""1890〜2200円"", ""2200〜2560円"", ""2560〜3020円"", ""3020〜3570円"", ""3570〜4280円"", ""4280〜5210円"", ""5210〜6480円"", ""6480〜8300円"", ""8300〜11200円"", ""11200〜16230円"", ""16230〜28240円"", ""28240円〜""]","[2.7, 3.3, 5.8, 5.9, 5.0, 5.6, 5.1, 4.8, 5.4, 4.5, 5.6, 5.0, 5.2, 4.6, 4.3, 4.8, 5.3, 5.1, 5.9, 6.0]","[-2.3, -1.7, 0.8, 0.9, -0.0, 0.6, 0.1, -0.2, 0.4, -0.5, 0.6, -0.0, 0.2, -0.4, -0.7, -0.2, 0.3, 0.1, 0.9, 1.0]"
20260929,04,3,3,47.5,"[[""3-1-6"", 0.0253], [""3-1-4"", 0.027], [""3-6-1"", 0.0204], [""3-1-5"", 0.0226], [""3-4-1"", 0.021], [""3-1-2"", 0.0191], [""3-5-1"", 0.0169], [""3-2-1"", 0.014], [""3-6-4"", 0.0125]]",6,31.6,"[[""6-3-1"", 0.0172], [""6-1-3"", 0.0165], [""6-3-4"", 0.0105]]","[[""1-3-6"", 0.0245], [""1-3-4"", 0.0261], [""1-6-3"", 0.0189], [""1-3-5"", 0.0219]]",,,False,False,0.7852,中,"{""逃げ"": 42.0, ""まくり"": 19.4, ""差し"": 16.7, ""まくり差し"": 13.2, ""抜き"": 7.3, ""恵まれ"": 1.3}","[""0〜600円"", ""600〜740円"", ""740〜890円"", ""890〜1050円"", ""1050〜1220円"", ""1220〜1410円"", ""1410〜1630円"", ""1630〜1890円"", ""1890〜2200円"", ""2200〜2560円"", ""2560〜3020円"", ""3020〜3570円"", ""3570〜4280円"", ""4280〜5210円"", ""5210〜6480円"", ""6480〜8300円"", ""8300〜11200円"", ""11200〜16230円"", ""16230〜28240円"", ""28240円〜""]","[0.7, 1.6, 3.1, 3.3, 4.1, 5.7, 5.2, 5.0, 5.2, 5.7, 5.5, 6.9, 6.3, 5.9, 5.4, 6.2, 7.4, 5.8, 6.0, 5.0]","[-4.3, -3.4, -1.9, -1.7, -0.9, 0.7, 0.2, 0.0, 0.2, 0.7, 0.5, 1.9, 1.3, 0.9, 0.4, 1.2, 2.4, 0.8, 1.0, 0.0]"
20260929,04,4,3,52.6,"[[""3-1-4"", 0.0428], [""3-4-1"", 0.034], [""3-1-2"", 0.0359], [""3-1-6"", 0.0316], [""3-2-1"", 0.0258], [""3-6-1"", 0.0222], [""3-4-2"", 0.0174], [""3-2-4"", 0.0157], [""3-4-6"", 0.0153]]",1,37.5,"[[""1-3-4"", 0.0379], [""1-3-2"", 0.0318], [""1-3-6"", 0.028], [""1-3-5"", 0.0129]]","[[""4-3-1"", 0.0265], [""1-4-3"", 0.0257], [""4-1-3"", 0.0226], [""1-2-3"", 0.0198]]",,,False,False,0.7852,強,"{""逃げ"": 56.4, ""差し"": 13.1, ""まくり"": 12.0, ""まくり差し"": 10.1, ""抜き"": 7.5, ""恵まれ"": 0.9}","[""0〜600円"", ""600〜740円"", ""740〜890円"", ""890〜1050円"", ""1050〜1220円"", ""1220〜1410円"", ""1410〜1630円"", ""1630〜1890円"", ""1890〜2200円"", ""2200〜2560円"", ""2560〜3020円"", ""3020〜3570円"", ""3570〜4280円"", ""4280〜5210円"", ""5210〜6480円"", ""6480〜8300円"", ""8300〜11200円"", ""11200〜16230円"", ""16230〜28240円"", ""28240円〜""]","[2.7, 3.3, 5.8, 5.9, 5.0, 5.6, 5.1, 4.8, 5.4, 4.5, 5.6, 5.0, 5.2, 4.6, 4.3, 4.8, 5.3, 5.1, 5.9, 6.0]","[-2.3, -1.7, 0.8, 0.9, -0.0, 0.6, 0.1, -0.2, 0.4, -0.5, 0.6, -0.0, 0.2, -0.4, -0.7, -0.2, 0.3, 0.1, 0.9, 1.0]"
20260929,04,5,1,55.0,"[[""1-2-4"", 0.0635], [""1-4-2"", 0.0614], [""1-2-3"", 0.0729], [""1-3-2"", 0.0682], [""1-4-3"", 0.0643], [""1-3-4"", 0.0622], [""1-2-5"", 0.0436], [""1-4-5"", 0.0385], [""1-5-2"", 0.0365]]",3,51.3,"[[""3-1-2"", 0.0127], [""3-1-4"", 0.0116]]","[[""1-3-5"", 0.0335], [""1-5-4"", 0.0333], [""1-2-6"", 0.0318], [""1-5-3"", 0.03]]",,,False,False,0.7852,強,"{""逃げ"": 56.4, ""差し"": 13.1, ""まくり"": 12.0, ""まくり差し"": 10.1, ""抜き"": 7.5, ""恵まれ"": 0.9}","[""0〜600円"", ""600〜740円"", ""740〜890円"", ""890〜1050円"", ""1050〜1220円"", ""1220〜1410円"", ""1410〜1630円"", ""1630〜1890円"", ""1890〜2200円"", ""2200〜2560円"", ""2560〜3020円"", ""3020〜3570円"", ""3570〜4280円"", ""4280〜5210円"", ""5210〜6480円"", ""6480〜8300円"", ""8300〜11200円"", ""11200〜16230円"", ""16230〜28240円"", ""28240円〜""]","[2.7, 3.3, 5.8, 5.9, 5.0, 5.6, 5.1, 4.8, 5.4, 4.5, 5.6, 5.0, 5.2, 4.6, 4.3, 4.8, 5.3, 5.1, 5.9, 6.0]","[-2.3, -1.7, 0.8, 0.9, -0.0, 0.6, 0.1, -0.2, 0.4, -0.5, 0.6, -0.0, 0.2, -0.4, -0.7, -0.2, 0.3, 0.1, 0.9, 1.0]"
20260929,04,6,1,55.0,"[[""1-6-4"", 0.0413], [""1-4-6"", 0.0401], [""1-6-2"", 0.0365], [""1-4-2"", 0.0327], [""1-2-6"", 0.0319], [""1-6-3"", 0.031], [""1-2-4"", 0.0295], [""1-4-3"", 0.0278], [""1-3-6"", 0.0262]]",6,37.1,"[[""6-1-4"", 0.0244], [""6-1-2"", 0.0216], [""6-1-3"", 0.0183], [""6-1-5"", 0.0128]]","[[""4-1-6"", 0.0234], [""1-3-4"", 0.0242], [""1-6-5"", 0.0216], [""1-4-5"", 0.0194]]",,,False,False,0.7852,中,"{""逃げ"": 42.0, ""まくり"": 19.4, ""差し"": 16.7, ""まくり差し"": 13.2, ""抜き"": 7.3, ""恵まれ"": 1.3}","[""0〜600円"", ""600〜740円"", ""740〜890円"", ""890〜1050円"", ""1050〜1220円"", ""1220〜1410円"", ""1410〜1630円"", ""1630〜1890円"", ""1890〜2200円"", ""2200〜2560円"", ""2560〜3020円"", ""3020〜3570円"", ""3570〜4280円"", ""4280〜5210円"", ""5210〜6480円"", ""6480〜8300円"", ""8300〜11200円"", ""11200〜16230円"", ""16230〜28240円"", ""28240円〜""]","[0.7, 1.6, 3.1, 3.3, 4.1, 5.7, 5.2, 5.0, 5.2, 5.7, 5.5, 6.9, 6.3, 5.9, 5.4, 6.2, 7.4, 5.8, 6.0, 5.0]","[-4.3, -3.4, -1.9, -1.7, -0.9, 0.7, 0.2, 0.0, 0.2, 0.7, 0.5, 1.9, 1.3, 0.9, 0.4, 1.2, 2.4, 0.8, 1.0, 0.0]"
20260929,04,7,1,52.7,"[[""1-6-4"", 0.0309], [""1-4-6"", 0.0308], [""1-6-3"", 0.0275], [""1-4-3"", 0.0271], [""1-3-6"", 0.0247], [""1-3-4"", 0.0245], [""1-6-5"", 0.0232], [""1-4-5"", 0.0229], [""1-5-6"", 0.0201]]",3,61.3,"[[""3-1-6"", 0.0167], [""3-1-4"", 0.0166]]","[[""6-1-4"", 0.0222], [""4-1-6"", 0.022], [""1-5-4"", 0.0199], [""6-1-3"", 0.0197]]",,,False,False,0.7852,弱,"{""逃げ"": 27.3, ""まくり"": 25.5, ""差し"": 23.1, ""まくり差し"": 14.7, ""抜き"": 8.0, ""恵まれ"": 1.3}","[""0〜600円"", ""600〜740円"", ""740〜890円"", ""890〜1050円"", ""1050〜1220円"", ""1220〜1410円"", ""1410〜1630円"", ""1630〜1890円"", ""1890〜2200円"", ""2200〜2560円"", ""2560〜3020円"", ""3020〜3570円"", ""3570〜4280円"", ""4280〜5210円"", ""5210〜6480円"", ""6480〜8300円"", ""8300〜11200円"", ""11200〜16230円"", ""16230〜28240円"", ""28240円〜""]","[0.3, 1.1, 0.8, 2.0, 3.1, 3.6, 3.6, 5.0, 6.0, 6.1, 7.6, 6.2, 7.6, 7.1, 8.5, 7.8, 7.5, 6.2, 5.8, 4.1]","[-4.7, -3.9, -4.2, -3.0, -1.9, -1.4, -1.4, -0.0, 1.0, 1.1, 2.6, 1.2, 2.6, 2.1, 3.5, 2.8, 2.5, 1.2, 0.8, -0.9]"
20260929,04,8,1,56.6,"[[""1-4-2"", 0.1109], [""1-4-3"", 0.0956], [""1-4-5"", 0.0868], [""1-4-6"", 0.0753]]",4,23.1,"[[""4-1-2"", 0.0464], [""4-1-3"", 0.04], [""4-1-5"", 0.0363], [""4-1-6"", 0.0315]]","[[""1-2-4"", 0.0528], [""1-3-4"", 0.0434], [""1-5-4"", 0.039], [""1-6-4"", 0.0334]]",1-4,0.5574,True,True,0.8201,強,"{""逃げ"": 56.4, ""差し"": 13.1, ""まくり"": 12.0, ""まくり差し"": 10.1, ""抜き"": 7.5, ""恵まれ"": 0.9}","[""0〜600円"", ""600〜740円"", ""740〜890円"", ""890〜1050円"", ""1050〜1220円"", ""1220〜1410円"", ""1410〜1630円"", ""1630〜1890円"", ""1890〜2200円"", ""2200〜2560円"", ""2560〜3020円"", ""3020〜3570円"", ""3570〜4280円"", ""4280〜5210円"", ""5210〜6480円"", ""6480〜8300円"", ""8300〜11200円"", ""11200〜16230円"", ""16230〜28240円"", ""28240円〜""]","[2.7, 3.3, 5.8, 5.9, 5.0, 5.6, 5.1, 4.8, 5.4, 4.5, 5.6, 5.0, 5.2, 4.6, 4.3, 4.8, 5.3, 5.1, 5.9, 6.0]","[-2.3, -1.7, 0.8, 0.9, -0.0, 0.6, 0.1, -0.2, 0.4, -0.5, 0.6, -0.0, 0.2, -0.4, -0.7, -0.2, 0.3, 0.1, 0.9, 1.0]"
20260929,04,9,1,56.6,"[[""1-2-4"", 0.0295], [""1-4-2"", 0.0279], [""1-2-5"", 0.0323], [""1-5-2"", 0.0291], [""1-4-5"", 0.0264], [""1-5-4"", 0.0252], [""1-2-3"", 0.0242], [""1-3-2"", 0.0203], [""1-4-3"", 0.0198]]",4,29.1,"[[""4-1-2"", 0.0224], [""4-1-5"", 0.0213], [""4-1-3"", 0.0159]]","[[""2-1-4"", 0.0245], [""2-1-5"", 0.0269], [""2-4-1"", 0.0182], [""5-1-2"", 0.0228]]",,,False,False,0.7852,中,"{""逃げ"": 42.0, ""まくり"": 19.4, ""差し"": 16.7, ""まくり差し"": 13.2, ""抜き"": 7.3, ""恵まれ"": 1.3}","[""0〜600円"", ""600〜740円"", ""740〜890円"", ""890〜1050円"", ""1050〜1220円"", ""1220〜1410円"", ""1410〜1630円"", ""1630〜1890円"", ""1890〜2200円"", ""2200〜2560円"", ""2560〜3020円"", ""3020〜3570円"", ""3570〜4280円"", ""4280〜5210円"", ""5210〜6480円"", ""6480〜8300円"", ""8300〜11200円"", ""11200〜16230円"", ""16230〜28240円"", ""28240円〜""]","[0.7, 1.6, 3.1, 3.3, 4.1, 5.7, 5.2, 5.0, 5.2, 5.7, 5.5, 6.9, 6.3, 5.9, 5.4, 6.2, 7.4, 5.8, 6.0, 5.0]","[-4.3, -3.4, -1.9, -1.7, -0.9, 0.7, 0.2, 0.0, 0.2, 0.7, 0.5, 1.9, 1.3, 0.9, 0.4, 1.2, 2.4, 0.8, 1.0, 0.0]"
20260929,04,10,2,68.7,"[[""2-1-4"", 0.027], [""2-4-1"", 0.0268], [""2-1-3"", 0.0224], [""2-4-3"", 0.0219], [""2-1-5"", 0.0204], [""2-4-5"", 0.0199], [""2-3-1"", 0.0194], [""2-3-4"", 0.0191], [""2-5-1"", 0.0173]]",4,34.2,"[[""4-2-1"", 0.0249], [""4-1-2"", 0.0226], [""4-2-3"", 0.0203], [""4-2-5"", 0.0185], [""4-3-2"", 0.0162], [""4-1-3"", 0.0149]]","[[""1-2-4"", 0.0251], [""1-4-2"", 0.0227], [""1-2-3"", 0.0209], [""1-2-5"", 0.019]]",,,False,False,0.7852,強,"{""逃げ"": 56.4, ""差し"": 13.1, ""まくり"": 12.0, ""まくり差し"": 10.1, ""抜き"": 7.5, ""恵まれ"": 0.9}","[""0〜600円"", ""600〜740円"", ""740〜890円"", ""890〜1050円"", ""1050〜1220円"", ""1220〜1410円"", ""1410〜1630円"", ""1630〜1890円"", ""1890〜2200円"", ""2200〜2560円"", ""2560〜3020円"", ""3020〜3570円"", ""3570〜4280円"", ""4280〜5210円"", ""5210〜6480円"", ""6480〜8300円"", ""8300〜11200円"", ""11200〜16230円"", ""16230〜28240円"", ""28240円〜""]","[2.7, 3.3, 5.8, 5.9, 5.0, 5.6, 5.1, 4.8, 5.4, 4.5, 5.6, 5.0, 5.2, 4.6, 4.3, 4.8, 5.3, 5.1, 5.9, 6.0]","[-2.3, -1.7, 0.8, 0.9, -0.0, 0.6, 0.1, -0.2, 0.4, -0.5, 0.6, -0.0, 0.2, -0.4, -0.7, -0.2, 0.3, 0.1, 0.9, 1.0]"
20260929,04,11,1,58.8,"[[""1-3-2"", 0.0924], [""1-3-5"", 0.0549], [""1-3-4"", 0.0522], [""1-3-6"", 0.0179]]",3,31.6,"[[""3-1-2"", 0.0624], [""3-1-5"", 0.037], [""3-1-4"", 0.0352], [""3-1-6"", 0.0121]]","[[""1-2-3"", 0.0632], [""2-1-3"", 0.0367], [""1-5-3"", 0.0322], [""3-2-1"", 0.026]]",1-3,0.398,False,True,0.8201,強,"{""逃げ"": 56.4, ""差し"": 13.1, ""まくり"": 12.0, ""まくり差し"": 10.1, ""抜き"": 7.5, ""恵まれ"": 0.9}","[""0〜600円"", ""600〜740円"", ""740〜890円"", ""890〜1050円"", ""1050〜1220円"", ""1220〜1410円"", ""1410〜1630円"", ""1630〜1890円"", ""1890〜2200円"", ""2200〜2560円"", ""2560〜3020円"", ""3020〜3570円"", ""3570〜4280円"", ""4280〜5210円"", ""5210〜6480円"", ""6480〜8300円"", ""8300〜11200円"", ""11200〜16230円"", ""16230〜28240円"", ""28240円〜""]","[2.7, 3.3, 5.8, 5.9, 5.0, 5.6, 5.1, 4.8, 5.4, 4.5, 5.6, 5.0, 5.2, 4.6, 4.3, 4.8, 5.3, 5.1, 5.9, 6.0]","[-2.3, -1.7, 0.8, 0.9, -0.0, 0.6, 0.1, -0.2, 0.4, -0.5, 0.6, -0.0, 0.2, -0.4, -0.7, -0.2, 0.3, 0.1, 0.9, 1.0]"
20260929,04,12,1,52.6,"[[""1-5-2"", 0.0731], [""1-2-5"", 0.0729], [""1-5-3"", 0.0493], [""1-2-3"", 0.0488], [""1-5-6"", 0.0412], [""1-3-5"", 0.041], [""1-2-6"", 0.0408], [""1-3-2"", 0.0407], [""1-5-4"", 0.0373]]",2,33.6,"[[""2-1-5"", 0.0204], [""2-1-3"", 0.0137], [""2-1-6"", 0.0114], [""2-1-4"", 0.0103]]","[[""1-2-4"", 0.0369], [""1-6-5"", 0.0333], [""1-6-2"", 0.033], [""1-4-5"", 0.0297]]",,,False,False,0.7852,強,"{""逃げ"": 56.4, ""差し"": 13.1, ""まくり"": 12.0, ""まくり差し"": 10.1, ""抜き"": 7.5, ""恵まれ"": 0.9}","[""0〜600円"", ""600〜740円"", ""740〜890円"", ""890〜1050円"", ""1050〜1220円"", ""1220〜1410円"", ""1410〜1630円"", ""1630〜1890円"", ""1890〜2200円"", ""2200〜2560円"", ""2560〜3020円"", ""3020〜3570円"", ""3570〜4280円"", ""4280〜5210円"", ""5210〜6480円"", ""6480〜8300円"", ""8300〜11200円"", ""11200〜16230円"", ""16230〜28240円"", ""28240円〜""]","[2.7, 3.3, 5.8, 5.9, 5.0, 5.6, 5.1, 4.8, 5.4, 4.5, 5.6, 5.0, 5.2, 4.6, 4.3, 4.8, 5.3, 5.1, 5.9, 6.0]","[-2.3, -1.7, 0.8, 0.9, -0.0, 0.6, 0.1, -0.2, 0.4, -0.5, 0.6, -0.0, 0.2, -0.4, -0.7, -0.2, 0.3, 0.1, 0.9, 1.0]"
20260929,05,1,1,33.3,"[[""1-5-3"", 0.0419], [""1-3-5"", 0.0391], [""1-5-6"", 0.0373], [""1-6-5"", 0.031], [""1-3-6"", 0.0299], [""1-6-3"", 0.0266], [""1-5-4"", 0.0189], [""1-3-4"", 0.0152], [""1-4-5"", 0.0139]]",3,27.6,"[[""3-1-5"", 0.0305], [""3-1-6"", 0.0234], [""3-1-4"", 0.0118]]","[[""5-1-3"", 0.034], [""5-3-1"", 0.0239], [""5-1-6"", 0.0302], [""3-5-1"", 0.023]]",,,False,False,0.7852,弱,"{""逃げ"": 34.6, ""まくり"": 25.6, ""差し"": 17.9, ""まくり差し"": 13.6, ""抜き"": 7.5, ""恵まれ"": 0.9}","[""0〜600円"", ""600〜740円"", ""740〜890円"", ""890〜1050円"", ""1050〜1220円"", ""1220〜1410円"", ""1410〜1630円"", ""1630〜1890円"", ""1890〜2200円"", ""2200〜2560円"", ""2560〜3020円"", ""3020〜3570円"", ""3570〜4280円"", ""4280〜5210円"", ""5210〜6480円"", ""6480〜8300円"", ""8300〜11200円"", ""11200〜16230円"", ""16230〜28240円"", ""28240円〜""]","[0.7, 1.7, 1.9, 4.3, 3.4, 4.8, 5.1, 6.3, 6.4, 5.2, 6.5, 6.1, 6.2, 6.8, 6.7, 5.5, 6.0, 6.5, 5.5, 4.3]","[-4.3, -3.3, -3.1, -0.7, -1.6, -0.2, 0.1, 1.3, 1.4, 0.2, 1.5, 1.1, 1.2, 1.8, 1.7, 0.5, 1.0, 1.5, 0.5, -0.7]"
20260929,05,2,1,46.9,"[[""1-2-4"", 0.0518], [""1-4-2"", 0.0445], [""1-2-3"", 0.0479], [""1-2-5"", 0.041], [""1-3-2"", 0.0378], [""1-5-2"", 0.0313], [""1-4-3"", 0.0285], [""1-3-4"", 0.0262], [""1-4-5"", 0.0244]]",2,14.3,"[[""2-1-4"", 0.0315], [""2-1-3"", 0.0291], [""2-1-5"", 0.0249], [""2-1-6"", 0.0125]]","[[""4-1-2"", 0.0253], [""1-5-4"", 0.0217], [""3-1-2"", 0.0207], [""1-2-6"", 0.0207]]",,,False,False,0.7852,中,"{""逃げ"": 53.0, ""まくり"": 15.9, ""差し"": 13.0, ""まくり差し"": 11.6, ""抜き"": 5.6, ""恵まれ"": 0.9}","[""0〜600円"", ""600〜740円"", ""740〜890円"", ""890〜1050円"", ""1050〜1220円"", ""1220〜1410円"", ""1410〜1630円"", ""1630〜1890円"", ""1890〜2200円"", ""2200〜2560円"", ""2560〜3020円"", ""3020〜3570円"", ""3570〜4280円"", ""4280〜5210円"", ""5210〜6480円"", ""6480〜8300円"", ""8300〜11200円"", ""11200〜16230円"", ""16230〜28240円"", ""28240円〜""]","[3.6, 4.6, 5.7, 5.8, 5.1, 4.9, 5.0, 4.9, 5.2, 5.3, 4.9, 4.4, 5.1, 5.4, 5.8, 4.7, 4.4, 4.9, 4.6, 5.5]","[-1.4, -0.4, 0.7, 0.8, 0.1, -0.1, 0.0, -0.1, 0.2, 0.3, -0.1, -0.6, 0.1, 0.4, 0.8, -0.3, -0.6, -0.1, -0.4, 0.5]"
20260929,05,3,1,59.6,"[[""1-2-6"", 0.0826], [""1-6-2"", 0.0707], [""1-2-4"", 0.0689], [""1-4-2"", 0.0527], [""1-2-3"", 0.0452], [""1-6-4"", 0.0416], [""1-2-5"", 0.0401], [""1-4-6"", 0.0372], [""1-3-2"", 0.0323]]",2,28.3,"[[""2-1-6"", 0.0267], [""2-1-4"", 0.0223], [""2-1-3"", 0.0146], [""2-1-5"", 0.013]]","[[""1-5-2"", 0.0283], [""6-1-2"", 0.0221], [""1-6-3"", 0.0273], [""1-6-5"", 0.0242]]",,,False,False,0.7852,強,"{""逃げ"": 66.7, ""まくり"": 10.7, ""まくり差し"": 9.4, ""差し"": 8.3, ""抜き"": 4.3, ""恵まれ"": 0.6}","[""0〜600円"", ""600〜740円"", ""740〜890円"", ""890〜1050円"", ""1050〜1220円"", ""1220〜1410円"", ""1410〜1630円"", ""1630〜1890円"", ""1890〜2200円"", ""2200〜2560円"", ""2560〜3020円"", ""3020〜3570円"", ""3570〜4280円"", ""4280〜5210円"", ""5210〜6480円"", ""6480〜8300円"", ""8300〜11200円"", ""11200〜16230円"", ""16230〜28240円"", ""28240円〜""]","[7.0, 6.7, 6.4, 6.4, 5.8, 5.1, 4.3, 5.5, 4.7, 4.6, 4.9, 3.8, 3.9, 4.0, 4.7, 4.1, 3.5, 4.4, 5.0, 5.3]","[2.0, 1.7, 1.4, 1.4, 0.8, 0.1, -0.7, 0.5, -0.3, -0.4, -0.1, -1.2, -1.1, -1.0, -0.3, -0.9, -1.5, -0.6, 0.0, 0.3]"
20260929,05,4,1,57.3,"[[""1-6-4"", 0.0524], [""1-4-6"", 0.0517], [""1-6-2"", 0.0626], [""1-2-6"", 0.0606], [""1-4-2"", 0.0595], [""1-2-4"", 0.0583], [""1-6-3"", 0.0459], [""1-4-3"", 0.0436], [""1-3-6"", 0.041]]",3,51.3,"[[""3-1-6"", 0.0108], [""3-1-4"", 0.0104]]","[[""1-2-3"", 0.0402], [""1-3-4"", 0.0395], [""1-3-2"", 0.0371], [""1-6-5"", 0.0204]]",,,False,False,0.7852,強,"{""逃げ"": 66.7, ""まくり"": 10.7, ""まくり差し"": 9.4, ""差し"": 8.3, ""抜き"": 4.3, ""恵まれ"": 0.6}","[""0〜600円"", ""600〜740円"", ""740〜890円"", ""890〜1050円"", ""1050〜1220円"", ""1220〜1410円"", ""1410〜1630円"", ""1630〜1890円"", ""1890〜2200円"", ""2200〜2560円"", ""2560〜3020円"", ""3020〜3570円"", ""3570〜4280円"", ""4280〜5210円"", ""5210〜6480円"", ""6480〜8300円"", ""8300〜11200円"", ""11200〜16230円"", ""16230〜28240円"", ""28240円〜""]","[7.0, 6.7, 6.4, 6.4, 5.8, 5.1, 4.3, 5.5, 4.7, 4.6, 4.9, 3.8, 3.9, 4.0, 4.7, 4.1, 3.5, 4.4, 5.0, 5.3]","[2.0, 1.7, 1.4, 1.4, 0.8, 0.1, -0.7, 0.5, -0.3, -0.4, -0.1, -1.2, -1.1, -1.0, -0.3, -0.9, -1.5, -0.6, 0.0, 0.3]"
20260929,05,5,2,55.8,"[[""2-3-1"", 0.0542], [""2-3-5"", 0.0611], [""2-3-4"", 0.0362], [""2-3-6"", 0.0155]]",3,33.1,"[[""3-2-1"", 0.0414], [""3-2-5"", 0.0466], [""3-2-4"", 0.0276], [""3-2-6"", 0.0118]]","[[""2-1-3"", 0.0398], [""2-5-3"", 0.0439], [""1-2-3"", 0.0262], [""5-2-3"", 0.0286]]",2-3,0.3153,False,True,0.8201,強,"{""逃げ"": 66.7, ""まくり"": 10.7, ""まくり差し"": 9.4, ""差し"": 8.3, ""抜き"": 4.3, ""恵まれ"": 0.6}","[""0〜600円"", ""600〜740円"", ""740〜890円"", ""890〜1050円"", ""1050〜1220円"", ""1220〜1410円"", ""1410〜1630円"", ""1630〜1890円"", ""1890〜2200円"", ""2200〜2560円"", ""2560〜3020円"", ""3020〜3570円"", ""3570〜4280円"", ""4280〜5210円"", ""5210〜6480円"", ""6480〜8300円"", ""8300〜11200円"", ""11200〜16230円"", ""16230〜28240円"", ""28240円〜""]","[7.0, 6.7, 6.4, 6.4, 5.8, 5.1, 4.3, 5.5, 4.7, 4.6, 4.9, 3.8, 3.9, 4.0, 4.7, 4.1, 3.5, 4.4, 5.0, 5.3]","[2.0, 1.7, 1.4, 1.4, 0.8, 0.1, -0.7, 0.5, -0.3, -0.4, -0.1, -1.2, -1.1, -1.0, -0.3, -0.9, -1.5, -0.6, 0.0, 0.3]"
20260929,05,6,2,54.5,"[[""2-1-3"", 0.0707], [""2-1-4"", 0.0473], [""2-1-6"", 0.0436], [""2-1-5"", 0.0176]]",1,17.8,"[[""1-2-3"", 0.0616], [""1-2-4"", 0.0412], [""1-2-6"", 0.0379], [""1-2-5"", 0.0153]]","[[""2-3-1"", 0.0458], [""1-3-2"", 0.0335], [""3-2-1"", 0.0322], [""3-1-2"", 0.027]]",1-2,0.3642,False,True,0.8201,強,"{""逃げ"": 66.7, ""まくり"": 10.7, ""まくり差し"": 9.4, ""差し"": 8.3, ""抜き"": 4.3, ""恵まれ"": 0.6}","[""0〜600円"", ""600〜740円"", ""740〜890円"", ""890〜1050円"", ""1050〜1220円"", ""1220〜1410円"", ""1410〜1630円"", ""1630〜1890円"", ""1890〜2200円"", ""2200〜2560円"", ""2560〜3020円"", ""3020〜3570円"", ""3570〜4280円"", ""4280〜5210円"", ""5210〜6480円"", ""6480〜8300円"", ""8300〜11200円"", ""11200〜16230円"", ""16230〜28240円"", ""28240円〜""]","[7.0, 6.7, 6.4, 6.4, 5.8, 5.1, 4.3, 5.5, 4.7, 4.6, 4.9, 3.8, 3.9, 4.0, 4.7, 4.1, 3.5, 4.4, 5.0, 5.3]","[2.0, 1.7, 1.4, 1.4, 0.8, 0.1, -0.7, 0.5, -0.3, -0.4, -0.1, -1.2, -1.1, -1.0, -0.3, -0.9, -1.5, -0.6, 0.0, 0.3]"
20260929,05,7,1,62.9,"[[""1-4-6"", 0.0676], [""1-4-5"", 0.0484], [""1-4-3"", 0.0451], [""1-4-2"", 0.0441]]",4,26.3,"[[""4-1-6"", 0.0381], [""4-1-5"", 0.0273], [""4-1-3"", 0.0254], [""4-1-2"", 0.0249]]","[[""1-6-4"", 0.0513], [""6-1-4"", 0.0262], [""1-5-4"", 0.0326], [""1-3-4"", 0.0301]]",1-4,0.3499,False,False,0.7852,中,"{""逃げ"": 53.0, ""まくり"": 15.9, ""差し"": 13.0, ""まくり差し"": 11.6, ""抜き"": 5.6, ""恵まれ"": 0.9}","[""0〜600円"", ""600〜740円"", ""740〜890円"", ""890〜1050円"", ""1050〜1220円"", ""1220〜1410円"", ""1410〜1630円"", ""1630〜1890円"", ""1890〜2200円"", ""2200〜2560円"", ""2560〜3020円"", ""3020〜3570円"", ""3570〜4280円"", ""4280〜5210円"", ""5210〜6480円"", ""6480〜8300円"", ""8300〜11200円"", ""11200〜16230円"", ""16230〜28240円"", ""28240円〜""]","[3.6, 4.6, 5.7, 5.8, 5.1, 4.9, 5.0, 4.9, 5.2, 5.3, 4.9, 4.4, 5.1, 5.4, 5.8, 4.7, 4.4, 4.9, 4.6, 5.5]","[-1.4, -0.4, 0.7, 0.8, 0.1, -0.1, 0.0, -0.1, 0.2, 0.3, -0.1, -0.6, 0.1, 0.4, 0.8, -0.3, -0.6, -0.1, -0.4, 0.5]"
20260929,05,8,1,54.2,"[[""1-3-4"", 0.0502], [""1-3-5"", 0.0638], [""1-4-3"", 0.0446], [""1-5-3"", 0.0567], [""1-3-2"", 0.055], [""1-2-3"", 0.0471], [""1-4-5"", 0.0405], [""1-5-4"", 0.0405], [""1-4-2"", 0.0349]]",3,45.3,"[[""3-1-4"", 0.018], [""3-1-5"", 0.0229], [""3-1-2"", 0.0197]]","[[""1-5-2"", 0.0348], [""1-2-4"", 0.0336], [""1-2-5"", 0.0336], [""1-3-6"", 0.0227]]",,,False,False,0.7852,中,"{""逃げ"": 53.0, ""まくり"": 15.9, ""差し"": 13.0, ""まくり差し"": 11.6, ""抜き"": 5.6, ""恵まれ"": 0.9}","[""0〜600円"", ""600〜740円"", ""740〜890円"", ""890〜1050円"", ""1050〜1220円"", ""1220〜1410円"", ""1410〜1630円"", ""1630〜1890円"", ""1890〜2200円"", ""2200〜2560円"", ""2560〜3020円"", ""3020〜3570円"", ""3570〜4280円"", ""4280〜5210円"", ""5210〜6480円"", ""6480〜8300円"", ""8300〜11200円"", ""11200〜16230円"", ""16230〜28240円"", ""28240円〜""]","[3.6, 4.6, 5.7, 5.8, 5.1, 4.9, 5.0, 4.9, 5.2, 5.3, 4.9, 4.4, 5.1, 5.4, 5.8, 4.7, 4.4, 4.9, 4.6, 5.5]","[-1.4, -0.4, 0.7, 0.8, 0.1, -0.1, 0.0, -0.1, 0.2, 0.3, -0.1, -0.6, 0.1, 0.4, 0.8, -0.3, -0.6, -0.1, -0.4, 0.5]"
20260929,05,9,1,52.1,"[[""1-2-3"", 0.0747], [""1-3-2"", 0.0707], [""1-2-4"", 0.0428], [""1-2-5"", 0.0364], [""1-3-4"", 0.0363], [""1-3-5"", 0.0309], [""1-2-6"", 0.0174], [""1-3-6"", 0.0147]]",3,,"[[""3-1-2"", 0.0386], [""3-1-4"", 0.0198], [""3-1-5"", 0.0169]]","[[""2-1-3"", 0.0416], [""1-4-2"", 0.0326], [""1-4-3"", 0.0292], [""1-5-2"", 0.027]]",,,False,True,0.8201,中,"{""逃げ"": 53.0, ""まくり"": 15.9, ""差し"": 13.0, ""まくり差し"": 11.6, ""抜き"": 5.6, ""恵まれ"": 0.9}","[""0〜600円"", ""600〜740円"", ""740〜890円"", ""890〜1050円"", ""1050〜1220円"", ""1220〜1410円"", ""1410〜1630円"", ""1630〜1890円"", ""1890〜2200円"", ""2200〜2560円"", ""2560〜3020円"", ""3020〜3570円"", ""3570〜4280円"", ""4280〜5210円"", ""5210〜6480円"", ""6480〜8300円"", ""8300〜11200円"", ""11200〜16230円"", ""16230〜28240円"", ""28240円〜""]","[3.6, 4.6, 5.7, 5.8, 5.1, 4.9, 5.0, 4.9, 5.2, 5.3, 4.9, 4.4, 5.1, 5.4, 5.8, 4.7, 4.4, 4.9, 4.6, 5.5]","[-1.4, -0.4, 0.7, 0.8, 0.1, -0.1, 0.0, -0.1, 0.2, 0.3, -0.1, -0.6, 0.1, 0.4, 0.8, -0.3, -0.6, -0.1, -0.4, 0.5]"
20260929,05,10,1,54.0,"[[""1-2-3"", 0.0538], [""1-2-5"", 0.0617], [""1-3-2"", 0.0497], [""1-2-6"", 0.0568], [""1-5-2"", 0.0561], [""1-6-2"", 0.0506], [""1-3-5"", 0.0445], [""1-5-3"", 0.0438], [""1-3-6"", 0.041]]",2,25.4,"[[""2-1-3"", 0.011], [""2-1-5"", 0.0126], [""2-1-6"", 0.0116]]","[[""1-6-3"", 0.0395], [""1-5-6"", 0.0379], [""1-2-4"", 0.0375], [""1-6-5"", 0.0372]]",,,False,True,0.8201,強,"{""逃げ"": 66.7, ""まくり"": 10.7, ""まくり差し"": 9.4, ""差し"": 8.3, ""抜き"": 4.3, ""恵まれ"": 0.6}","[""0〜600円"", ""600〜740円"", ""740〜890円"", ""890〜1050円"", ""1050〜1220円"", ""1220〜1410円"", ""1410〜1630円"", ""1630〜1890円"", ""1890〜2200円"", ""2200〜2560円"", ""2560〜3020円"", ""3020〜3570円"", ""3570〜4280円"", ""4280〜5210円"", ""5210〜6480円"", ""6480〜8300円"", ""8300〜11200円"", ""11200〜16230円"", ""16230〜28240円"", ""28240円〜""]","[7.0, 6.7, 6.4, 6.4, 5.8, 5.1, 4.3, 5.5, 4.7, 4.6, 4.9, 3.8, 3.9, 4.0, 4.7, 4.1, 3.5, 4.4, 5.0, 5.3]","[2.0, 1.7, 1.4, 1.4, 0.8, 0.1, -0.7, 0.5, -0.3, -0.4, -0.1, -1.2, -1.1, -1.0, -0.3, -0.9, -1.5, -0.6, 0.0, 0.3]"
20260929,05,11,1,52.0,"[[""1-3-5"", 0.06], [""1-5-3"", 0.0564], [""1-3-2"", 0.0641], [""1-2-3"", 0.057], [""1-5-2"", 0.0519], [""1-3-4"", 0.0494], [""1-2-5"", 0.049], [""1-4-3"", 0.0411], [""1-5-4"", 0.0399]]",5,29.8,"[[""5-1-3"", 0.023], [""5-1-2"", 0.0211], [""5-1-4"", 0.0163]]","[[""1-4-5"", 0.0354], [""1-2-4"", 0.0317], [""3-1-5"", 0.0249], [""1-4-2"", 0.0297]]",,,False,False,0.7852,強,"{""逃げ"": 66.7, ""まくり"": 10.7, ""まくり差し"": 9.4, ""差し"": 8.3, ""抜き"": 4.3, ""恵まれ"": 0.6}","[""0〜600円"", ""600〜740円"", ""740〜890円"", ""890〜1050円"", ""1050〜1220円"", ""1220〜1410円"", ""1410〜1630円"", ""1630〜1890円"", ""1890〜2200円"", ""2200〜2560円"", ""2560〜3020円"", ""3020〜3570円"", ""3570〜4280円"", ""4280〜5210円"", ""5210〜6480円"", ""6480〜8300円"", ""8300〜11200円"", ""11200〜16230円"", ""16230〜28240円"", ""28240円〜""]","[7.0, 6.7, 6.4, 6.4, 5.8, 5.1, 4.3, 5.5, 4.7, 4.6, 4.9, 3.8, 3.9, 4.0, 4.7, 4.1, 3.5, 4.4, 5.0, 5.3]","[2.0, 1.7, 1.4, 1.4, 0.8, 0.1, -0.7, 0.5, -0.3, -0.4, -0.1, -1.2, -1.1, -1.0, -0.3, -0.9, -1.5, -0.6, 0.0, 0.3]"
20260929,05,12,1,52.0,"[[""1-2-3"", 0.0768], [""1-2-5"", 0.0816], [""1-2-4"", 0.0563], [""1-2-6"", 0.0377]]",2,30.8,"[[""2-1-3"", 0.0376], [""2-1-5"", 0.04], [""2-1-4"", 0.0276], [""2-1-6"", 0.0185]]","[[""1-3-2"", 0.0522], [""1-5-2"", 0.0538], [""1-4-2"", 0.035], [""3-1-2"", 0.0227]]",1-2,0.4013,False,True,0.8201,強,"{""逃げ"": 66.7, ""まくり"": 10.7, ""まくり差し"": 9.4, ""差し"": 8.3, ""抜き"": 4.3, ""恵まれ"": 0.6}","[""0〜600円"", ""600〜740円"", ""740〜890円"", ""890〜1050円"", ""1050〜1220円"", ""1220〜1410円"", ""1410〜1630円"", ""1630〜1890円"", ""1890〜2200円"", ""2200〜2560円"", ""2560〜3020円"", ""3020〜3570円"", ""3570〜4280円"", ""4280〜5210円"", ""5210〜6480円"", ""6480〜8300円"", ""8300〜11200円"", ""11200〜16230円"", ""16230〜28240円"", ""28240円〜""]","[7.0, 6.7, 6.4, 6.4, 5.8, 5.1, 4.3, 5.5, 4.7, 4.6, 4.9, 3.8, 3.9, 4.0, 4.7, 4.1, 3.5, 4.4, 5.0, 5.3]","[2.0, 1.7, 1.4, 1.4, 0.8, 0.1, -0.7, 0.5, -0.3, -0.4, -0.1, -1.2, -1.1, -1.0, -0.3, -0.9, -1.5, -0.6, 0.0, 0.3]"
20260929,07,1,1,31.0,"[[""1-3-2"", 0.0739], [""1-2-3"", 0.0706], [""1-3-4"", 0.0296], [""1-2-4"", 0.0262], [""1-3-5"", 0.0161], [""1-3-6"", 0.0157], [""1-2-5"", 0.0142], [""1-2-6"", 0.0139]]",2,42.0,"[[""2-1-3"", 0.0555], [""2-1-4"", 0.0206], [""2-1-5"", 0.0112], [""2-1-6"", 0.0109]]","[[""3-1-2"", 0.0595], [""3-2-1"", 0.0412], [""2-3-1"", 0.0402], [""3-1-4"", 0.0239]]",,,False,True,0.8201,弱,"{""逃げ"": 34.9, ""まくり"": 25.6, ""まくり差し"": 16.3, ""差し"": 15.3, ""抜き"": 7.1, ""恵まれ"": 0.9}","[""0〜600円"", ""600〜740円"", ""740〜890円"", ""890〜1050円"", ""1050〜1220円"", ""1220〜1410円"", ""1410〜1630円"", ""1630〜1890円"", ""1890〜2200円"", ""2200〜2560円"", ""2560〜3020円"", ""3020〜3570円"", ""3570〜4280円"", ""4280〜5210円"", ""5210〜6480円"", ""6480〜8300円"", ""8300〜11200円"", ""11200〜16230円"", ""16230〜28240円"", ""28240円〜""]","[0.9, 2.5, 3.0, 4.2, 4.1, 4.6, 5.9, 5.1, 6.1, 5.2, 5.2, 6.2, 5.4, 6.6, 7.6, 6.9, 5.7, 5.8, 5.4, 3.4]","[-4.1, -2.5, -2.0, -0.8, -0.9, -0.4, 0.9, 0.1, 1.1, 0.2, 0.2, 1.2, 0.4, 1.6, 2.6, 1.9, 0.7, 0.8, 0.4, -1.6]"
20260929,07,2,1,50.8,"[[""1-2-5"", 0.0708], [""1-2-4"", 0.0419], [""1-2-3"", 0.0264], [""1-2-6"", 0.0245]]",2,38.3,"[[""2-1-5"", 0.065], [""2-1-4"", 0.0385], [""2-1-3"", 0.0242], [""2-1-6"", 0.0225]]","[[""1-5-2"", 0.0475], [""2-5-1"", 0.039], [""5-1-2"", 0.0356], [""5-2-1"", 0.0318]]",1-2,0.351,False,False,0.7852,弱,"{""逃げ"": 34.9, ""まくり"": 25.6, ""まくり差し"": 16.3, ""差し"": 15.3, ""抜き"": 7.1, ""恵まれ"": 0.9}","[""0〜600円"", ""600〜740円"", ""740〜890円"", ""890〜1050円"", ""1050〜1220円"", ""1220〜1410円"", ""1410〜1630円"", ""1630〜1890円"", ""1890〜2200円"", ""2200〜2560円"", ""2560〜3020円"", ""3020〜3570円"", ""3570〜4280円"", ""4280〜5210円"", ""5210〜6480円"", ""6480〜8300円"", ""8300〜11200円"", ""11200〜16230円"", ""16230〜28240円"", ""28240円〜""]","[0.9, 2.5, 3.0, 4.2, 4.1, 4.6, 5.9, 5.1, 6.1, 5.2, 5.2, 6.2, 5.4, 6.6, 7.6, 6.9, 5.7, 5.8, 5.4, 3.4]","[-4.1, -2.5, -2.0, -0.8, -0.9, -0.4, 0.9, 0.1, 1.1, 0.2, 0.2, 1.2, 0.4, 1.6, 2.6, 1.9, 0.7, 0.8, 0.4, -1.6]"
20260929,07,3,1,50.0,"[[""1-2-3"", 0.1104], [""1-2-4"", 0.0618], [""1-2-6"", 0.0277], [""1-2-5"", 0.0204]]",2,24.6,"[[""2-1-3"", 0.0609], [""2-1-4"", 0.0341], [""2-1-6"", 0.0153], [""2-1-5"", 0.0112]]","[[""1-3-2"", 0.0894], [""3-1-2"", 0.046], [""1-4-2"", 0.0403], [""1-3-4"", 0.0351]]",1-2,0.3793,False,True,0.8201,中,"{""逃げ"": 54.6, ""まくり"": 16.2, ""まくり差し"": 14.1, ""差し"": 9.3, ""抜き"": 5.3, ""恵まれ"": 0.5}","[""0〜600円"", ""600〜740円"", ""740〜890円"", ""890〜1050円"", ""1050〜1220円"", ""1220〜1410円"", ""1410〜1630円"", ""1630〜1890円"", ""1890〜2200円"", ""2200〜2560円"", ""2560〜3020円"", ""3020〜3570円"", ""3570〜4280円"", ""4280〜5210円"", ""5210〜6480円"", ""6480〜8300円"", ""8300〜11200円"", ""11200〜16230円"", ""16230〜28240円"", ""28240円〜""]","[5.7, 5.6, 5.8, 5.2, 5.7, 4.9, 5.6, 5.0, 4.7, 4.4, 5.4, 5.4, 4.2, 4.3, 4.4, 4.0, 5.5, 4.1, 5.2, 4.8]","[0.7, 0.6, 0.8, 0.2, 0.7, -0.1, 0.6, -0.0, -0.3, -0.6, 0.4, 0.4, -0.8, -0.7, -0.6, -1.0, 0.5, -0.9, 0.2, -0.2]"
20260929,07,4,1,53.4,"[[""1-4-2"", 0.0487], [""1-4-5"", 0.0582], [""1-2-4"", 0.0395], [""1-4-3"", 0.0472], [""1-5-4"", 0.0464], [""1-3-4"", 0.0359], [""1-2-5"", 0.0275], [""1-5-2"", 0.0271], [""1-2-3"", 0.0223]]",3,59.3,"[[""3-1-4"", 0.0186], [""3-1-2"", 0.0108], [""3-1-5"", 0.0102]]","[[""4-1-2"", 0.0281], [""4-1-5"", 0.0336], [""4-1-3"", 0.0272], [""2-1-4"", 0.021]]",,,False,False,0.7852,中,"{""逃げ"": 54.6, ""まくり"": 16.2, ""まくり差し"": 14.1, ""差し"": 9.3, ""抜き"": 5.3, ""恵まれ"": 0.5}","[""0〜600円"", ""600〜740円"", ""740〜890円"", ""890〜1050円"", ""1050〜1220円"", ""1220〜1410円"", ""1410〜1630円"", ""1630〜1890円"", ""1890〜2200円"", ""2200〜2560円"", ""2560〜3020円"", ""3020〜3570円"", ""3570〜4280円"", ""4280〜5210円"", ""5210〜6480円"", ""6480〜8300円"", ""8300〜11200円"", ""11200〜16230円"", ""16230〜28240円"", ""28240円〜""]","[5.7, 5.6, 5.8, 5.2, 5.7, 4.9, 5.6, 5.0, 4.7, 4.4, 5.4, 5.4, 4.2, 4.3, 4.4, 4.0, 5.5, 4.1, 5.2, 4.8]","[0.7, 0.6, 0.8, 0.2, 0.7, -0.1, 0.6, -0.0, -0.3, -0.6, 0.4, 0.4, -0.8, -0.7, -0.6, -1.0, 0.5, -0.9, 0.2, -0.2]"
20260929,07,5,1,50.0,"[[""1-2-6"", 0.0278], [""1-2-5"", 0.0305], [""1-6-2"", 0.0214], [""1-2-4"", 0.0233], [""1-5-2"", 0.0227], [""1-2-3"", 0.0199], [""1-4-2"", 0.0166], [""1-3-2"", 0.0138], [""1-6-5"", 0.0122]]",2,16.9,"[[""2-1-6"", 0.0274], [""2-1-5"", 0.03], [""2-6-1"", 0.0208], [""2-1-4"", 0.023], [""2-5-1"", 0.022], [""2-1-3"", 0.0196]]","[[""6-1-2"", 0.0179], [""6-2-1"", 0.0176], [""5-1-2"", 0.0185], [""5-2-1"", 0.0182]]",,,False,False,0.7852,弱,"{""逃げ"": 34.9, ""まくり"": 25.6, ""まくり差し"": 16.3, ""差し"": 15.3, ""抜き"": 7.1, ""恵まれ"": 0.9}","[""0〜600円"", ""600〜740円"", ""740〜890円"", ""890〜1050円"", ""1050〜1220円"", ""1220〜1410円"", ""1410〜1630円"", ""1630〜1890円"", ""1890〜2200円"", ""2200〜2560円"", ""2560〜3020円"", ""3020〜3570円"", ""3570〜4280円"", ""4280〜5210円"", ""5210〜6480円"", ""6480〜8300円"", ""8300〜11200円"", ""11200〜16230円"", ""16230〜28240円"", ""28240円〜""]","[0.9, 2.5, 3.0, 4.2, 4.1, 4.6, 5.9, 5.1, 6.1, 5.2, 5.2, 6.2, 5.4, 6.6, 7.6, 6.9, 5.7, 5.8, 5.4, 3.4]","[-4.1, -2.5, -2.0, -0.8, -0.9, -0.4, 0.9, 0.1, 1.1, 0.2, 0.2, 1.2, 0.4, 1.6, 2.6, 1.9, 0.7, 0.8, 0.4, -1.6]"
20260929,07,6,1,52.1,"[[""1-2-3"", 0.0952], [""1-2-4"", 0.1084], [""1-2-6"", 0.0949], [""1-2-5"", 0.0847]]",2,19.9,"[[""2-1-3"", 0.0326], [""2-1-4"", 0.0371], [""2-1-6"", 0.0325], [""2-1-5"", 0.029]]","[[""1-3-2"", 0.0465], [""1-4-2"", 0.0522], [""1-6-2"", 0.045], [""1-5-2"", 0.0396]]",1-2,0.5491,True,False,0.7852,強,"{""逃げ"": 68.6, ""まくり差し"": 11.8, ""まくり"": 9.8, ""差し"": 4.9, ""抜き"": 4.0, ""恵まれ"": 0.9}","[""0〜600円"", ""600〜740円"", ""740〜890円"", ""890〜1050円"", ""1050〜1220円"", ""1220〜1410円"", ""1410〜1630円"", ""1630〜1890円"", ""1890〜2200円"", ""2200〜2560円"", ""2560〜3020円"", ""3020〜3570円"", ""3570〜4280円"", ""4280〜5210円"", ""5210〜6480円"", ""6480〜8300円"", ""8300〜11200円"", ""11200〜16230円"", ""16230〜28240円"", ""28240円〜""]","[9.6, 7.4, 7.1, 6.0, 5.6, 5.5, 5.0, 5.5, 4.7, 4.8, 5.1, 3.6, 3.8, 4.0, 3.2, 3.9, 3.3, 3.5, 3.9, 4.6]","[4.6, 2.4, 2.1, 1.0, 0.6, 0.5, -0.0, 0.5, -0.3, -0.2, 0.1, -1.4, -1.2, -1.0, -1.8, -1.1, -1.7, -1.5, -1.1, -0.4]"
20260929,07,7,1,59.9,"[[""1-3-4"", 0.0926], [""1-3-2"", 0.0814], [""1-3-5"", 0.0551], [""1-3-6"", 0.0165]]",3,27.0,"[[""3-1-4"", 0.0388], [""3-1-2"", 0.0341], [""3-1-5"", 0.0231]]","[[""1-4-3"", 0.0723], [""1-2-3"", 0.0582], [""1-4-2"", 0.0383], [""1-5-3"", 0.0367]]",1-3,0.3773,False,True,0.8201,強,"{""逃げ"": 68.6, ""まくり差し"": 11.8, ""まくり"": 9.8, ""差し"": 4.9, ""抜き"": 4.0, ""恵まれ"": 0.9}","[""0〜600円"", ""600〜740円"", ""740〜890円"", ""890〜1050円"", ""1050〜1220円"", ""1220〜1410円"", ""1410〜1630円"", ""1630〜1890円"", ""1890〜2200円"", ""2200〜2560円"", ""2560〜3020円"", ""3020〜3570円"", ""3570〜4280円"", ""4280〜5210円"", ""5210〜6480円"", ""6480〜8300円"", ""8300〜11200円"", ""11200〜16230円"", ""16230〜28240円"", ""28240円〜""]","[9.6, 7.4, 7.1, 6.0, 5.6, 5.5, 5.0, 5.5, 4.7, 4.8, 5.1, 3.6, 3.8, 4.0, 3.2, 3.9, 3.3, 3.5, 3.9, 4.6]","[4.6, 2.4, 2.1, 1.0, 0.6, 0.5, -0.0, 0.5, -0.3, -0.2, 0.1, -1.4, -1.2, -1.0, -1.8, -1.1, -1.7, -1.5, -1.1, -0.4]"
20260929,07,8,1,43.9,"[[""1-2-4"", 0.0863], [""1-2-5"", 0.0745], [""1-2-3"", 0.0627], [""1-2-6"", 0.0248]]",2,20.3,"[[""2-1-4"", 0.082], [""2-1-5"", 0.0707], [""2-1-3"", 0.0596], [""2-1-6"", 0.0236]]","[[""1-4-2"", 0.0345], [""2-4-1"", 0.0309], [""1-5-2"", 0.0283], [""4-1-2"", 0.022]]",1-2,0.5303,True,False,0.7852,中,"{""逃げ"": 54.6, ""まくり"": 16.2, ""まくり差し"": 14.1, ""差し"": 9.3, ""抜き"": 5.3, ""恵まれ"": 0.5}","[""0〜600円"", ""600〜740円"", ""740〜890円"", ""890〜1050円"", ""1050〜1220円"", ""1220〜1410円"", ""1410〜1630円"", ""1630〜1890円"", ""1890〜2200円"", ""2200〜2560円"", ""2560〜3020円"", ""3020〜3570円"", ""3570〜4280円"", ""4280〜5210円"", ""5210〜6480円"", ""6480〜8300円"", ""8300〜11200円"", ""11200〜16230円"", ""16230〜28240円"", ""28240円〜""]","[5.7, 5.6, 5.8, 5.2, 5.7, 4.9, 5.6, 5.0, 4.7, 4.4, 5.4, 5.4, 4.2, 4.3, 4.4, 4.0, 5.5, 4.1, 5.2, 4.8]","[0.7, 0.6, 0.8, 0.2, 0.7, -0.1, 0.6, -0.0, -0.3, -0.6, 0.4, 0.4, -0.8, -0.7, -0.6, -1.0, 0.5, -0.9, 0.2, -0.2]"
20260929,07,9,1,51.0,"[[""1-2-4"", 0.0937], [""1-2-5"", 0.0764], [""1-2-3"", 0.0631], [""1-2-6"", 0.0267]]",2,26.8,"[[""2-1-4"", 0.0347], [""2-1-5"", 0.0283], [""2-1-3"", 0.0234]]","[[""1-4-2"", 0.0717], [""1-5-2"", 0.0525], [""1-3-2"", 0.042], [""1-4-5"", 0.0337]]",1-2,0.3912,False,False,0.7852,強,"{""逃げ"": 68.6, ""まくり差し"": 11.8, ""まくり"": 9.8, ""差し"": 4.9, ""抜き"": 4.0, ""恵まれ"": 0.9}","[""0〜600円"", ""600〜740円"", ""740〜890円"", ""890〜1050円"", ""1050〜1220円"", ""1220〜1410円"", ""1410〜1630円"", ""1630〜1890円"", ""1890〜2200円"", ""2200〜2560円"", ""2560〜3020円"", ""3020〜3570円"", ""3570〜4280円"", ""4280〜5210円"", ""5210〜6480円"", ""6480〜8300円"", ""8300〜11200円"", ""11200〜16230円"", ""16230〜28240円"", ""28240円〜""]","[9.6, 7.4, 7.1, 6.0, 5.6, 5.5, 5.0, 5.5, 4.7, 4.8, 5.1, 3.6, 3.8, 4.0, 3.2, 3.9, 3.3, 3.5, 3.9, 4.6]","[4.6, 2.4, 2.1, 1.0, 0.6, 0.5, -0.0, 0.5, -0.3, -0.2, 0.1, -1.4, -1.2, -1.0, -1.8, -1.1, -1.7, -1.5, -1.1, -0.4]"
20260929,07,10,1,59.4,"[[""1-3-5"", 0.0754], [""1-5-3"", 0.066], [""1-3-2"", 0.0776], [""1-2-3"", 0.0639], [""1-3-6"", 0.0575], [""1-5-2"", 0.0494], [""1-2-5"", 0.0464], [""1-6-3"", 0.0445], [""1-5-6"", 0.0366]]",3,31.0,"[[""3-1-5"", 0.0209], [""3-1-2"", 0.0215], [""3-1-6"", 0.0159]]","[[""1-6-5"", 0.0323], [""1-2-6"", 0.0278], [""1-6-2"", 0.0261], [""1-3-4"", 0.0239]]",,,False,False,0.7852,強,"{""逃げ"": 68.6, ""まくり差し"": 11.8, ""まくり"": 9.8, ""差し"": 4.9, ""抜き"": 4.0, ""恵まれ"": 0.9}","[""0〜600円"", ""600〜740円"", ""740〜890円"", ""890〜1050円"", ""1050〜1220円"", ""1220〜1410円"", ""1410〜1630円"", ""1630〜1890円"", ""1890〜2200円"", ""2200〜2560円"", ""2560〜3020円"", ""3020〜3570円"", ""3570〜4280円"", ""4280〜5210円"", ""5210〜6480円"", ""6480〜8300円"", ""8300〜11200円"", ""11200〜16230円"", ""16230〜28240円"", ""28240円〜""]","[9.6, 7.4, 7.1, 6.0, 5.6, 5.5, 5.0, 5.5, 4.7, 4.8, 5.1, 3.6, 3.8, 4.0, 3.2, 3.9, 3.3, 3.5, 3.9, 4.6]","[4.6, 2.4, 2.1, 1.0, 0.6, 0.5, -0.0, 0.5, -0.3, -0.2, 0.1, -1.4, -1.2, -1.0, -1.8, -1.1, -1.7, -1.5, -1.1, -0.4]"
20260929,07,11,1,50.8,"[[""1-2-3"", 0.0838], [""1-3-2"", 0.0734], [""1-2-5"", 0.0661], [""1-5-2"", 0.0512], [""1-3-5"", 0.0434], [""1-5-3"", 0.0384], [""1-2-4"", 0.0367], [""1-2-6"", 0.0365], [""1-4-2"", 0.026]]",2,20.5,"[[""2-1-3"", 0.0315], [""2-1-5"", 0.0249], [""2-1-4"", 0.0138], [""2-1-6"", 0.0137]]","[[""3-1-2"", 0.0267], [""1-6-2"", 0.0258], [""1-3-4"", 0.0241], [""1-3-6"", 0.0239]]",,,False,True,0.8201,強,"{""逃げ"": 68.6, ""まくり差し"": 11.8, ""まくり"": 9.8, ""差し"": 4.9, ""抜き"": 4.0, ""恵まれ"": 0.9}","[""0〜600円"", ""600〜740円"", ""740〜890円"", ""890〜1050円"", ""1050〜1220円"", ""1220〜1410円"", ""1410〜1630円"", ""1630〜1890円"", ""1890〜2200円"", ""2200〜2560円"", ""2560〜3020円"", ""3020〜3570円"", ""3570〜4280円"", ""4280〜5210円"", ""5210〜6480円"", ""6480〜8300円"", ""8300〜11200円"", ""11200〜16230円"", ""16230〜28240円"", ""28240円〜""]","[9.6, 7.4, 7.1, 6.0, 5.6, 5.5, 5.0, 5.5, 4.7, 4.8, 5.1, 3.6, 3.8, 4.0, 3.2, 3.9, 3.3, 3.5, 3.9, 4.6]","[4.6, 2.4, 2.1, 1.0, 0.6, 0.5, -0.0, 0.5, -0.3, -0.2, 0.1, -1.4, -1.2, -1.0, -1.8, -1.1, -1.7, -1.5, -1.1, -0.4]"
20260929,07,12,1,55.4,"[[""1-3-4"", 0.0588], [""1-3-2"", 0.0718], [""1-4-3"", 0.0518], [""1-2-3"", 0.0626], [""1-4-2"", 0.0448], [""1-2-4"", 0.0442], [""1-3-5"", 0.044], [""1-3-6"", 0.0393], [""1-5-3"", 0.0347]]",3,27.0,"[[""3-1-4"", 0.0174], [""3-1-2"", 0.0212], [""3-1-5"", 0.013], [""3-1-6"", 0.0116]]","[[""1-6-3"", 0.0305], [""1-4-5"", 0.0274], [""1-2-5"", 0.026], [""1-5-4"", 0.0245]]",,,False,False,0.7852,強,"{""逃げ"": 68.6, ""まくり差し"": 11.8, ""まくり"": 9.8, ""差し"": 4.9, ""抜き"": 4.0, ""恵まれ"": 0.9}","[""0〜600円"", ""600〜740円"", ""740〜890円"", ""890〜1050円"", ""1050〜1220円"", ""1220〜1410円"", ""1410〜1630円"", ""1630〜1890円"", ""1890〜2200円"", ""2200〜2560円"", ""2560〜3020円"", ""3020〜3570円"", ""3570〜4280円"", ""4280〜5210円"", ""5210〜6480円"", ""6480〜8300円"", ""8300〜11200円"", ""11200〜16230円"", ""16230〜28240円"", ""28240円〜""]","[9.6, 7.4, 7.1, 6.0, 5.6, 5.5, 5.0, 5.5, 4.7, 4.8, 5.1, 3.6, 3.8, 4.0, 3.2, 3.9, 3.3, 3.5, 3.9, 4.6]","[4.6, 2.4, 2.1, 1.0, 0.6, 0.5, -0.0, 0.5, -0.3, -0.2, 0.1, -1.4, -1.2, -1.0, -1.8, -1.1, -1.7, -1.5, -1.1, -0.4]"
20260929,13,1,3,50.0,"[[""3-1-2"", 0.0856], [""3-1-5"", 0.0387], [""3-1-4"", 0.0361]]",1,45.7,"[[""1-3-2"", 0.0823], [""1-3-5"", 0.0371], [""1-3-4"", 0.0347]]","[[""3-2-1"", 0.0567], [""1-2-3"", 0.0515], [""2-3-1"", 0.0441], [""2-1-3"", 0.0417]]",1-3,0.3685,False,False,0.7852,強,"{""逃げ"": 71.4, ""まくり"": 8.3, ""まくり差し"": 9.3, ""差し"": 6.6, ""抜き"": 3.9, ""恵まれ"": 0.5}","[""0〜600円"", ""600〜740円"", ""740〜890円"", ""890〜1050円"", ""1050〜1220円"", ""1220〜1410円"", ""1410〜1630円"", ""1630〜1890円"", ""1890〜2200円"", ""2200〜2560円"", ""2560〜3020円"", ""3020〜3570円"", ""3570〜4280円"", ""4280〜5210円"", ""5210〜6480円"", ""6480〜8300円"", ""8300〜11200円"", ""11200〜16230円"", ""16230〜28240円"", ""28240円〜""]","[9.3, 7.5, 7.2, 6.6, 5.7, 5.5, 5.2, 5.1, 5.0, 4.8, 3.9, 3.3, 4.6, 3.5, 3.7, 3.3, 2.9, 3.2, 4.4, 5.2]","[4.3, 2.5, 2.2, 1.6, 0.7, 0.5, 0.2, 0.1, -0.0, -0.2, -1.1, -1.7, -0.4, -1.5, -1.3, -1.7, -2.1, -1.8, -0.6, 0.2]"
20260929,13,2,1,41.1,"[[""1-3-2"", 0.0782], [""1-2-3"", 0.0689], [""1-3-4"", 0.0835], [""1-4-3"", 0.0705], [""1-2-4"", 0.0552], [""1-4-2"", 0.0529], [""1-3-5"", 0.0475], [""1-5-3"", 0.0356], [""1-2-5"", 0.0314]]",3,23.1,"[[""3-1-2"", 0.0286], [""3-1-4"", 0.0306], [""3-1-5"", 0.0174]]","[[""2-1-3"", 0.0245], [""1-5-2"", 0.0267], [""1-4-5"", 0.0264], [""4-1-3"", 0.0247]]",,,False,True,0.8201,中,"{""逃げ"": 55.9, ""まくり差し"": 13.1, ""まくり"": 14.9, ""差し"": 10.1, ""抜き"": 5.6, ""恵まれ"": 0.5}","[""0〜600円"", ""600〜740円"", ""740〜890円"", ""890〜1050円"", ""1050〜1220円"", ""1220〜1410円"", ""1410〜1630円"", ""1630〜1890円"", ""1890〜2200円"", ""2200〜2560円"", ""2560〜3020円"", ""3020〜3570円"", ""3570〜4280円"", ""4280〜5210円"", ""5210〜6480円"", ""6480〜8300円"", ""8300〜11200円"", ""11200〜16230円"", ""16230〜28240円"", ""28240円〜""]","[4.2, 5.6, 6.3, 6.3, 4.7, 6.3, 5.0, 5.2, 5.6, 4.2, 3.9, 5.7, 4.4, 3.6, 4.6, 5.8, 4.9, 3.8, 5.2, 4.7]","[-0.8, 0.6, 1.3, 1.3, -0.3, 1.3, 0.0, 0.2, 0.6, -0.8, -1.1, 0.7, -0.6, -1.4, -0.4, 0.8, -0.1, -1.2, 0.2, -0.3]"
20260929,13,3,1,45.8,"[[""1-5-2"", 0.1283], [""1-5-6"", 0.0581], [""1-5-3"", 0.0447], [""1-5-4"", 0.0385]]",2,37.8,"[[""2-1-5"", 0.0294], [""2-1-6"", 0.0107]]","[[""1-2-5"", 0.1133], [""5-1-2"", 0.034], [""1-2-6"", 0.0411], [""1-6-5"", 0.0393]]",,,False,False,0.7852,強,"{""逃げ"": 71.4, ""まくり"": 8.3, ""まくり差し"": 9.3, ""差し"": 6.6, ""抜き"": 3.9, ""恵まれ"": 0.5}","[""0〜600円"", ""600〜740円"", ""740〜890円"", ""890〜1050円"", ""1050〜1220円"", ""1220〜1410円"", ""1410〜1630円"", ""1630〜1890円"", ""1890〜2200円"", ""2200〜2560円"", ""2560〜3020円"", ""3020〜3570円"", ""3570〜4280円"", ""4280〜5210円"", ""5210〜6480円"", ""6480〜8300円"", ""8300〜11200円"", ""11200〜16230円"", ""16230〜28240円"", ""28240円〜""]","[9.3, 7.5, 7.2, 6.6, 5.7, 5.5, 5.2, 5.1, 5.0, 4.8, 3.9, 3.3, 4.6, 3.5, 3.7, 3.3, 2.9, 3.2, 4.4, 5.2]","[4.3, 2.5, 2.2, 1.6, 0.7, 0.5, 0.2, 0.1, -0.0, -0.2, -1.1, -1.7, -0.4, -1.5, -1.3, -1.7, -2.1, -1.8, -0.6, 0.2]"
20260929,13,4,1,61.4,"[[""1-2-3"", 0.0642], [""1-3-2"", 0.0612], [""1-2-6"", 0.0305], [""1-3-6"", 0.0266], [""1-2-4"", 0.0203], [""1-2-5"", 0.0199], [""1-3-4"", 0.0177], [""1-3-5"", 0.0174]]",2,29.1,"[[""2-1-3"", 0.0484], [""2-1-6"", 0.023], [""2-1-4"", 0.0153], [""2-1-5"", 0.015]]","[[""3-1-2"", 0.0451], [""2-3-1"", 0.031], [""3-2-1"", 0.0303], [""1-6-2"", 0.0222]]",,,False,True,0.8201,弱,"{""逃げ"": 36.3, ""まくり"": 21.8, ""差し"": 17.8, ""まくり差し"": 14.7, ""抜き"": 8.6, ""恵まれ"": 0.8}","[""0〜600円"", ""600〜740円"", ""740〜890円"", ""890〜1050円"", ""1050〜1220円"", ""1220〜1410円"", ""1410〜1630円"", ""1630〜1890円"", ""1890〜2200円"", ""2200〜2560円"", ""2560〜3020円"", ""3020〜3570円"", ""3570〜4280円"", ""4280〜5210円"", ""5210〜6480円"", ""6480〜8300円"", ""8300〜11200円"", ""11200〜16230円"", ""16230〜28240円"", ""28240円〜""]","[1.1, 3.0, 3.5, 4.1, 4.5, 6.1, 5.1, 6.9, 6.1, 4.3, 6.6, 6.3, 4.7, 5.1, 5.5, 6.5, 6.4, 6.3, 4.0, 4.1]","[-3.9, -2.0, -1.5, -0.9, -0.5, 1.1, 0.1, 1.9, 1.1, -0.7, 1.6, 1.3, -0.3, 0.1, 0.5, 1.5, 1.4, 1.3, -1.0, -0.9]"
20260929,13,5,1,47.4,"[[""1-2-3"", 0.1333], [""1-3-2"", 0.1234], [""1-2-6"", 0.0608], [""1-2-5"", 0.0501], [""1-3-6"", 0.0495], [""1-3-5"", 0.0408]]",2,25.4,"[[""2-1-3"", 0.0439], [""2-1-6"", 0.02], [""2-1-5"", 0.0165]]","[[""3-1-2"", 0.04], [""1-6-2"", 0.0422], [""1-6-3"", 0.037], [""1-5-2"", 0.0339]]",,,False,True,0.8201,強,"{""逃げ"": 71.4, ""まくり"": 8.3, ""まくり差し"": 9.3, ""差し"": 6.6, ""抜き"": 3.9, ""恵まれ"": 0.5}","[""0〜600円"", ""600〜740円"", ""740〜890円"", ""890〜1050円"", ""1050〜1220円"", ""1220〜1410円"", ""1410〜1630円"", ""1630〜1890円"", ""1890〜2200円"", ""2200〜2560円"", ""2560〜3020円"", ""3020〜3570円"", ""3570〜4280円"", ""4280〜5210円"", ""5210〜6480円"", ""6480〜8300円"", ""8300〜11200円"", ""11200〜16230円"", ""16230〜28240円"", ""28240円〜""]","[9.3, 7.5, 7.2, 6.6, 5.7, 5.5, 5.2, 5.1, 5.0, 4.8, 3.9, 3.3, 4.6, 3.5, 3.7, 3.3, 2.9, 3.2, 4.4, 5.2]","[4.3, 2.5, 2.2, 1.6, 0.7, 0.5, 0.2, 0.1, -0.0, -0.2, -1.1, -1.7, -0.4, -1.5, -1.3, -1.7, -2.1, -1.8, -0.6, 0.2]"
20260929,13,6,1,51.5,"[[""1-4-3"", 0.1657], [""1-4-2"", 0.1214], [""1-4-5"", 0.0727], [""1-4-6"", 0.0142]]",4,22.7,"[[""4-1-3"", 0.0877], [""4-1-2"", 0.0642], [""4-1-5"", 0.0385]]","[[""1-3-4"", 0.0646], [""1-2-4"", 0.044], [""3-1-4"", 0.0269], [""1-5-4"", 0.0252]]",1-4,0.6275,True,True,0.8201,中,"{""逃げ"": 55.9, ""まくり差し"": 13.1, ""まくり"": 14.9, ""差し"": 10.1, ""抜き"": 5.6, ""恵まれ"": 0.5}","[""0〜600円"", ""600〜740円"", ""740〜890円"", ""890〜1050円"", ""1050〜1220円"", ""1220〜1410円"", ""1410〜1630円"", ""1630〜1890円"", ""1890〜2200円"", ""2200〜2560円"", ""2560〜3020円"", ""3020〜3570円"", ""3570〜4280円"", ""4280〜5210円"", ""5210〜6480円"", ""6480〜8300円"", ""8300〜11200円"", ""11200〜16230円"", ""16230〜28240円"", ""28240円〜""]","[4.2, 5.6, 6.3, 6.3, 4.7, 6.3, 5.0, 5.2, 5.6, 4.2, 3.9, 5.7, 4.4, 3.6, 4.6, 5.8, 4.9, 3.8, 5.2, 4.7]","[-0.8, 0.6, 1.3, 1.3, -0.3, 1.3, 0.0, 0.2, 0.6, -0.8, -1.1, 0.7, -0.6, -1.4, -0.4, 0.8, -0.1, -1.2, 0.2, -0.3]"
20260929,13,7,1,60.1,"[[""1-5-4"", 0.0746], [""1-4-5"", 0.0724], [""1-5-2"", 0.062], [""1-4-2"", 0.0556], [""1-2-5"", 0.0533], [""1-2-4"", 0.0493], [""1-5-3"", 0.0486], [""1-4-3"", 0.0436], [""1-5-6"", 0.043]]",4,42.2,"[[""4-1-5"", 0.0112]]","[[""1-3-5"", 0.04], [""1-4-6"", 0.0386], [""1-3-4"", 0.0369], [""1-6-5"", 0.0347]]",,,False,False,0.7852,強,"{""逃げ"": 71.4, ""まくり"": 8.3, ""まくり差し"": 9.3, ""差し"": 6.6, ""抜き"": 3.9, ""恵まれ"": 0.5}","[""0〜600円"", ""600〜740円"", ""740〜890円"", ""890〜1050円"", ""1050〜1220円"", ""1220〜1410円"", ""1410〜1630円"", ""1630〜1890円"", ""1890〜2200円"", ""2200〜2560円"", ""2560〜3020円"", ""3020〜3570円"", ""3570〜4280円"", ""4280〜5210円"", ""5210〜6480円"", ""6480〜8300円"", ""8300〜11200円"", ""11200〜16230円"", ""16230〜28240円"", ""28240円〜""]","[9.3, 7.5, 7.2, 6.6, 5.7, 5.5, 5.2, 5.1, 5.0, 4.8, 3.9, 3.3, 4.6, 3.5, 3.7, 3.3, 2.9, 3.2, 4.4, 5.2]","[4.3, 2.5, 2.2, 1.6, 0.7, 0.5, 0.2, 0.1, -0.0, -0.2, -1.1, -1.7, -0.4, -1.5, -1.3, -1.7, -2.1, -1.8, -0.6, 0.2]"
20260929,13,8,1,55.6,"[[""1-4-2"", 0.0538], [""1-4-3"", 0.0633], [""1-2-4"", 0.0459], [""1-4-5"", 0.0579], [""1-3-4"", 0.053], [""1-5-4"", 0.0476], [""1-4-6"", 0.0382], [""1-2-3"", 0.0345], [""1-3-2"", 0.0338]]",4,29.8,"[[""4-1-2"", 0.0171], [""4-1-3"", 0.0201], [""4-1-5"", 0.0184], [""4-1-6"", 0.0121]]","[[""1-2-5"", 0.0315], [""1-5-2"", 0.0303], [""1-6-4"", 0.0293], [""1-3-5"", 0.0286]]",,,False,False,0.7852,強,"{""逃げ"": 71.4, ""まくり"": 8.3, ""まくり差し"": 9.3, ""差し"": 6.6, ""抜き"": 3.9, ""恵まれ"": 0.5}","[""0〜600円"", ""600〜740円"", ""740〜890円"", ""890〜1050円"", ""1050〜1220円"", ""1220〜1410円"", ""1410〜1630円"", ""1630〜1890円"", ""1890〜2200円"", ""2200〜2560円"", ""2560〜3020円"", ""3020〜3570円"", ""3570〜4280円"", ""4280〜5210円"", ""5210〜6480円"", ""6480〜8300円"", ""8300〜11200円"", ""11200〜16230円"", ""16230〜28240円"", ""28240円〜""]","[9.3, 7.5, 7.2, 6.6, 5.7, 5.5, 5.2, 5.1, 5.0, 4.8, 3.9, 3.3, 4.6, 3.5, 3.7, 3.3, 2.9, 3.2, 4.4, 5.2]","[4.3, 2.5, 2.2, 1.6, 0.7, 0.5, 0.2, 0.1, -0.0, -0.2, -1.1, -1.7, -0.4, -1.5, -1.3, -1.7, -2.1, -1.8, -0.6, 0.2]"
20260929,13,9,1,47.7,"[[""1-2-6"", 0.0481], [""1-6-2"", 0.0445], [""1-2-4"", 0.0556], [""1-2-5"", 0.0527], [""1-4-2"", 0.0501], [""1-5-2"", 0.0469], [""1-6-4"", 0.041], [""1-4-6"", 0.0399], [""1-6-5"", 0.0388]]",6,38.7,"[[""6-1-2"", 0.0141], [""6-1-4"", 0.013], [""6-1-5"", 0.0123]]","[[""1-5-6"", 0.0373], [""1-4-5"", 0.0343], [""1-5-4"", 0.0339], [""1-2-3"", 0.028]]",,,False,False,0.7852,強,"{""逃げ"": 71.4, ""まくり"": 8.3, ""まくり差し"": 9.3, ""差し"": 6.6, ""抜き"": 3.9, ""恵まれ"": 0.5}","[""0〜600円"", ""600〜740円"", ""740〜890円"", ""890〜1050円"", ""1050〜1220円"", ""1220〜1410円"", ""1410〜1630円"", ""1630〜1890円"", ""1890〜2200円"", ""2200〜2560円"", ""2560〜3020円"", ""3020〜3570円"", ""3570〜4280円"", ""4280〜5210円"", ""5210〜6480円"", ""6480〜8300円"", ""8300〜11200円"", ""11200〜16230円"", ""16230〜28240円"", ""28240円〜""]","[9.3, 7.5, 7.2, 6.6, 5.7, 5.5, 5.2, 5.1, 5.0, 4.8, 3.9, 3.3, 4.6, 3.5, 3.7, 3.3, 2.9, 3.2, 4.4, 5.2]","[4.3, 2.5, 2.2, 1.6, 0.7, 0.5, 0.2, 0.1, -0.0, -0.2, -1.1, -1.7, -0.4, -1.5, -1.3, -1.7, -2.1, -1.8, -0.6, 0.2]"
20260929,13,10,1,54.6,"[[""1-2-5"", 0.0979], [""1-2-6"", 0.0981], [""1-2-3"", 0.0873], [""1-2-4"", 0.0819]]",2,30.3,"[[""2-1-5"", 0.0173], [""2-1-6"", 0.0174], [""2-1-3"", 0.0155], [""2-1-4"", 0.0145]]","[[""1-5-2"", 0.0626], [""1-6-2"", 0.0601], [""1-3-2"", 0.0527], [""1-4-2"", 0.049]]",1-2,0.4614,False,False,0.7852,強,"{""逃げ"": 71.4, ""まくり"": 8.3, ""まくり差し"": 9.3, ""差し"": 6.6, ""抜き"": 3.9, ""恵まれ"": 0.5}","[""0〜600円"", ""600〜740円"", ""740〜890円"", ""890〜1050円"", ""1050〜1220円"", ""1220〜1410円"", ""1410〜1630円"", ""1630〜1890円"", ""1890〜2200円"", ""2200〜2560円"", ""2560〜3020円"", ""3020〜3570円"", ""3570〜4280円"", ""4280〜5210円"", ""5210〜6480円"", ""6480〜8300円"", ""8300〜11200円"", ""11200〜16230円"", ""16230〜28240円"", ""28240円〜""]","[9.3, 7.5, 7.2, 6.6, 5.7, 5.5, 5.2, 5.1, 5.0, 4.8, 3.9, 3.3, 4.6, 3.5, 3.7, 3.3, 2.9, 3.2, 4.4, 5.2]","[4.3, 2.5, 2.2, 1.6, 0.7, 0.5, 0.2, 0.1, -0.0, -0.2, -1.1, -1.7, -0.4, -1.5, -1.3, -1.7, -2.1, -1.8, -0.6, 0.2]"
20260929,13,11,1,57.1,"[[""1-3-2"", 0.1294], [""1-2-3"", 0.1184], [""1-3-4"", 0.0831], [""1-2-4"", 0.0649], [""1-3-6"", 0.0312], [""1-2-6"", 0.0244], [""1-3-5"", 0.0191], [""1-2-5"", 0.0149]]",3,26.2,"[[""3-1-2"", 0.0358], [""3-1-4"", 0.023]]","[[""1-4-3"", 0.0616], [""1-4-2"", 0.0526], [""2-1-3"", 0.0323], [""1-6-3"", 0.0205]]",,,False,True,0.8201,強,"{""逃げ"": 71.4, ""まくり"": 8.3, ""まくり差し"": 9.3, ""差し"": 6.6, ""抜き"": 3.9, ""恵まれ"": 0.5}","[""0〜600円"", ""600〜740円"", ""740〜890円"", ""890〜1050円"", ""1050〜1220円"", ""1220〜1410円"", ""1410〜1630円"", ""1630〜1890円"", ""1890〜2200円"", ""2200〜2560円"", ""2560〜3020円"", ""3020〜3570円"", ""3570〜4280円"", ""4280〜5210円"", ""5210〜6480円"", ""6480〜8300円"", ""8300〜11200円"", ""11200〜16230円"", ""16230〜28240円"", ""28240円〜""]","[9.3, 7.5, 7.2, 6.6, 5.7, 5.5, 5.2, 5.1, 5.0, 4.8, 3.9, 3.3, 4.6, 3.5, 3.7, 3.3, 2.9, 3.2, 4.4, 5.2]","[4.3, 2.5, 2.2, 1.6, 0.7, 0.5, 0.2, 0.1, -0.0, -0.2, -1.1, -1.7, -0.4, -1.5, -1.3, -1.7, -2.1, -1.8, -0.6, 0.2]"
20260929,13,12,1,58.1,"[[""1-2-3"", 0.1128], [""1-3-2"", 0.0986], [""1-2-5"", 0.0559], [""1-2-4"", 0.0445], [""1-2-6"", 0.0388], [""1-3-5"", 0.0379], [""1-3-4"", 0.0301], [""1-3-6"", 0.0263]]",2,29.3,"[[""2-1-3"", 0.0371], [""2-1-5"", 0.0184], [""2-1-4"", 0.0147], [""2-1-6"", 0.0128]]","[[""1-5-2"", 0.0388], [""3-1-2"", 0.0315], [""1-5-3"", 0.0301], [""1-4-2"", 0.0301]]",,,False,True,0.8201,強,"{""逃げ"": 71.4, ""まくり"": 8.3, ""まくり差し"": 9.3, ""差し"": 6.6, ""抜き"": 3.9, ""恵まれ"": 0.5}","[""0〜600円"", ""600〜740円"", ""740〜890円"", ""890〜1050円"", ""1050〜1220円"", ""1220〜1410円"", ""1410〜1630円"", ""1630〜1890円"", ""1890〜2200円"", ""2200〜2560円"", ""2560〜3020円"", ""3020〜3570円"", ""3570〜4280円"", ""4280〜5210円"", ""5210〜6480円"", ""6480〜8300円"", ""8300〜11200円"", ""11200〜16230円"", ""16230〜28240円"", ""28240円〜""]","[9.3, 7.5, 7.2, 6.6, 5.7, 5.5, 5.2, 5.1, 5.0, 4.8, 3.9, 3.3, 4.6, 3.5, 3.7, 3.3, 2.9, 3.2, 4.4, 5.2]","[4.3, 2.5, 2.2, 1.6, 0.7, 0.5, 0.2, 0.1, -0.0, -0.2, -1.1, -1.7, -0.4, -1.5, -1.3, -1.7, -2.1, -1.8, -0.6, 0.2]"
20260929,14,1,1,61.3,"[[""1-5-3"", 0.0398], [""1-3-5"", 0.0396], [""1-5-4"", 0.0473], [""1-4-5"", 0.0461], [""1-3-4"", 0.0461], [""1-4-3"", 0.0452], [""1-5-2"", 0.0391], [""1-3-2"", 0.038], [""1-5-6"", 0.0366]]",6,50.6,[],"[[""1-2-5"", 0.0364], [""1-2-3"", 0.0357], [""1-3-6"", 0.0357], [""1-4-2"", 0.0348]]",,,False,False,0.7852,強,"{""逃げ"": 61.1, ""まくり差し"": 11.2, ""まくり"": 11.0, ""差し"": 9.9, ""抜き"": 6.2, ""恵まれ"": 0.5}","[""0〜600円"", ""600〜740円"", ""740〜890円"", ""890〜1050円"", ""1050〜1220円"", ""1220〜1410円"", ""1410〜1630円"", ""1630〜1890円"", ""1890〜2200円"", ""2200〜2560円"", ""2560〜3020円"", ""3020〜3570円"", ""3570〜4280円"", ""4280〜5210円"", ""5210〜6480円"", ""6480〜8300円"", ""8300〜11200円"", ""11200〜16230円"", ""16230〜28240円"", ""28240円〜""]","[5.1, 5.6, 4.9, 5.5, 5.8, 4.9, 4.9, 5.5, 4.3, 5.2, 4.4, 4.1, 4.3, 4.2, 5.0, 4.2, 5.4, 5.0, 5.9, 5.7]","[0.1, 0.6, -0.1, 0.5, 0.8, -0.1, -0.1, 0.5, -0.7, 0.2, -0.6, -0.9, -0.7, -0.8, -0.0, -0.8, 0.4, -0.0, 0.9, 0.7]"
20260929,14,2,1,47.7,"[[""1-4-2"", 0.0205], [""1-2-4"", 0.019], [""1-4-6"", 0.0233], [""1-6-4"", 0.0209], [""1-4-5"", 0.0198], [""1-5-4"", 0.0171], [""1-2-6"", 0.0171], [""1-6-2"", 0.0166], [""1-4-3"", 0.0146]]",4,24.2,"[[""4-1-2"", 0.018], [""4-1-6"", 0.0204], [""4-2-1"", 0.0141], [""4-1-5"", 0.0174], [""4-6-1"", 0.0156], [""4-5-1"", 0.0128]]","[[""2-1-4"", 0.0158], [""6-1-4"", 0.0171], [""2-4-1"", 0.0134], [""6-4-1"", 0.0145]]",,,False,False,0.7852,弱,"{""まくり"": 27.2, ""逃げ"": 27.7, ""差し"": 19.4, ""まくり差し"": 16.2, ""抜き"": 8.8, ""恵まれ"": 0.7}","[""0〜600円"", ""600〜740円"", ""740〜890円"", ""890〜1050円"", ""1050〜1220円"", ""1220〜1410円"", ""1410〜1630円"", ""1630〜1890円"", ""1890〜2200円"", ""2200〜2560円"", ""2560〜3020円"", ""3020〜3570円"", ""3570〜4280円"", ""4280〜5210円"", ""5210〜6480円"", ""6480〜8300円"", ""8300〜11200円"", ""11200〜16230円"", ""16230〜28240円"", ""28240円〜""]","[0.4, 1.3, 2.0, 3.1, 3.3, 4.3, 3.8, 4.5, 4.9, 6.1, 6.2, 6.9, 7.2, 7.5, 6.7, 7.1, 7.0, 6.2, 6.2, 5.4]","[-4.6, -3.7, -3.0, -1.9, -1.7, -0.7, -1.2, -0.5, -0.1, 1.1, 1.2, 1.9, 2.2, 2.5, 1.7, 2.1, 2.0, 1.2, 1.2, 0.4]"
20260929,14,3,1,59.1,"[[""1-4-2"", 0.0761], [""1-2-4"", 0.0619], [""1-4-3"", 0.0672], [""1-4-5"", 0.0614], [""1-3-4"", 0.0495], [""1-5-4"", 0.0444], [""1-2-3"", 0.0354], [""1-2-5"", 0.0323], [""1-3-2"", 0.032]]",4,24.6,"[[""4-1-2"", 0.0378], [""4-1-3"", 0.0334], [""4-1-5"", 0.0305]]","[[""2-1-4"", 0.0287], [""1-5-2"", 0.0287], [""3-1-4"", 0.0222], [""1-3-5"", 0.0203]]",,,False,False,0.7852,強,"{""逃げ"": 61.1, ""まくり差し"": 11.2, ""まくり"": 11.0, ""差し"": 9.9, ""抜き"": 6.2, ""恵まれ"": 0.5}","[""0〜600円"", ""600〜740円"", ""740〜890円"", ""890〜1050円"", ""1050〜1220円"", ""1220〜1410円"", ""1410〜1630円"", ""1630〜1890円"", ""1890〜2200円"", ""2200〜2560円"", ""2560〜3020円"", ""3020〜3570円"", ""3570〜4280円"", ""4280〜5210円"", ""5210〜6480円"", ""6480〜8300円"", ""8300〜11200円"", ""11200〜16230円"", ""16230〜28240円"", ""28240円〜""]","[5.1, 5.6, 4.9, 5.5, 5.8, 4.9, 4.9, 5.5, 4.3, 5.2, 4.4, 4.1, 4.3, 4.2, 5.0, 4.2, 5.4, 5.0, 5.9, 5.7]","[0.1, 0.6, -0.1, 0.5, 0.8, -0.1, -0.1, 0.5, -0.7, 0.2, -0.6, -0.9, -0.7, -0.8, -0.0, -0.8, 0.4, -0.0, 0.9, 0.7]"
20260929,14,4,1,59.2,"[[""1-2-4"", 0.0636], [""1-4-2"", 0.059], [""1-2-3"", 0.0522], [""1-4-3"", 0.0421], [""1-2-6"", 0.0141], [""1-4-6"", 0.0114]]",2,24.5,"[[""2-1-4"", 0.0513], [""2-1-3"", 0.042], [""2-1-6"", 0.0114]]","[[""4-1-2"", 0.0457], [""2-4-1"", 0.0349], [""1-3-2"", 0.0416], [""4-2-1"", 0.0336]]",,,False,True,0.8201,中,"{""逃げ"": 45.5, ""まくり"": 18.1, ""まくり差し"": 13.9, ""差し"": 13.6, ""抜き"": 8.2, ""恵まれ"": 0.8}","[""0〜600円"", ""600〜740円"", ""740〜890円"", ""890〜1050円"", ""1050〜1220円"", ""1220〜1410円"", ""1410〜1630円"", ""1630〜1890円"", ""1890〜2200円"", ""2200〜2560円"", ""2560〜3020円"", ""3020〜3570円"", ""3570〜4280円"", ""4280〜5210円"", ""5210〜6480円"", ""6480〜8300円"", ""8300〜11200円"", ""11200〜16230円"", ""16230〜28240円"", ""28240円〜""]","[2.5, 3.7, 4.0, 4.9, 5.2, 3.7, 4.7, 4.7, 4.9, 4.2, 5.0, 4.5, 5.1, 5.5, 5.8, 5.7, 5.9, 7.2, 6.1, 6.8]","[-2.5, -1.3, -1.0, -0.1, 0.2, -1.3, -0.3, -0.3, -0.1, -0.8, -0.0, -0.5, 0.1, 0.5, 0.8, 0.7, 0.9, 2.2, 1.1, 1.8]"
20260929,14,5,2,45.1,"[[""2-3-6"", 0.021], [""2-6-3"", 0.0197], [""2-3-1"", 0.0227], [""2-3-5"", 0.0206], [""2-1-3"", 0.0205], [""2-3-4"", 0.0185], [""2-5-3"", 0.0181], [""2-6-1"", 0.0175], [""2-1-6"", 0.0168]]",3,33.3,"[[""3-2-6"", 0.0172], [""3-2-1"", 0.0186], [""3-2-5"", 0.0168], [""3-2-4"", 0.0152]]","[[""6-2-3"", 0.0155], [""2-4-3"", 0.016], [""3-6-2"", 0.0125], [""2-6-5"", 0.0158]]",,,False,False,0.7852,中,"{""逃げ"": 45.5, ""まくり"": 18.1, ""まくり差し"": 13.9, ""差し"": 13.6, ""抜き"": 8.2, ""恵まれ"": 0.8}","[""0〜600円"", ""600〜740円"", ""740〜890円"", ""890〜1050円"", ""1050〜1220円"", ""1220〜1410円"", ""1410〜1630円"", ""1630〜1890円"", ""1890〜2200円"", ""2200〜2560円"", ""2560〜3020円"", ""3020〜3570円"", ""3570〜4280円"", ""4280〜5210円"", ""5210〜6480円"", ""6480〜8300円"", ""8300〜11200円"", ""11200〜16230円"", ""16230〜28240円"", ""28240円〜""]","[2.5, 3.7, 4.0, 4.9, 5.2, 3.7, 4.7, 4.7, 4.9, 4.2, 5.0, 4.5, 5.1, 5.5, 5.8, 5.7, 5.9, 7.2, 6.1, 6.8]","[-2.5, -1.3, -1.0, -0.1, 0.2, -1.3, -0.3, -0.3, -0.1, -0.8, -0.0, -0.5, 0.1, 0.5, 0.8, 0.7, 0.9, 2.2, 1.1, 1.8]"
20260929,14,6,1,48.0,"[[""1-3-5"", 0.0344], [""1-5-3"", 0.0324], [""1-3-4"", 0.0347], [""1-3-2"", 0.0316], [""1-4-3"", 0.0304], [""1-5-4"", 0.0282], [""1-2-3"", 0.027], [""1-4-5"", 0.0262], [""1-5-2"", 0.0257]]",5,56.6,"[[""5-1-3"", 0.025], [""5-1-4"", 0.0218], [""5-1-2"", 0.0199]]","[[""3-1-5"", 0.0275], [""3-1-4"", 0.0277], [""3-1-2"", 0.0252], [""3-5-1"", 0.0192]]",,,False,False,0.7852,弱,"{""まくり"": 27.2, ""逃げ"": 27.7, ""差し"": 19.4, ""まくり差し"": 16.2, ""抜き"": 8.8, ""恵まれ"": 0.7}","[""0〜600円"", ""600〜740円"", ""740〜890円"", ""890〜1050円"", ""1050〜1220円"", ""1220〜1410円"", ""1410〜1630円"", ""1630〜1890円"", ""1890〜2200円"", ""2200〜2560円"", ""2560〜3020円"", ""3020〜3570円"", ""3570〜4280円"", ""4280〜5210円"", ""5210〜6480円"", ""6480〜8300円"", ""8300〜11200円"", ""11200〜16230円"", ""16230〜28240円"", ""28240円〜""]","[0.4, 1.3, 2.0, 3.1, 3.3, 4.3, 3.8, 4.5, 4.9, 6.1, 6.2, 6.9, 7.2, 7.5, 6.7, 7.1, 7.0, 6.2, 6.2, 5.4]","[-4.6, -3.7, -3.0, -1.9, -1.7, -0.7, -1.2, -0.5, -0.1, 1.1, 1.2, 1.9, 2.2, 2.5, 1.7, 2.1, 2.0, 1.2, 1.2, 0.4]"
20260929,14,7,2,55.3,"[[""2-4-3"", 0.0443], [""2-3-4"", 0.041], [""2-4-1"", 0.043], [""2-1-4"", 0.0361], [""2-3-1"", 0.0337], [""2-1-3"", 0.0306], [""2-4-5"", 0.0141], [""2-3-5"", 0.011]]",3,50.6,"[[""3-2-4"", 0.0329], [""3-2-1"", 0.0271]]","[[""4-2-3"", 0.0372], [""4-2-1"", 0.0361], [""4-3-2"", 0.027], [""3-4-2"", 0.0259]]",,,False,False,0.7852,強,"{""逃げ"": 61.1, ""まくり差し"": 11.2, ""まくり"": 11.0, ""差し"": 9.9, ""抜き"": 6.2, ""恵まれ"": 0.5}","[""0〜600円"", ""600〜740円"", ""740〜890円"", ""890〜1050円"", ""1050〜1220円"", ""1220〜1410円"", ""1410〜1630円"", ""1630〜1890円"", ""1890〜2200円"", ""2200〜2560円"", ""2560〜3020円"", ""3020〜3570円"", ""3570〜4280円"", ""4280〜5210円"", ""5210〜6480円"", ""6480〜8300円"", ""8300〜11200円"", ""11200〜16230円"", ""16230〜28240円"", ""28240円〜""]","[5.1, 5.6, 4.9, 5.5, 5.8, 4.9, 4.9, 5.5, 4.3, 5.2, 4.4, 4.1, 4.3, 4.2, 5.0, 4.2, 5.4, 5.0, 5.9, 5.7]","[0.1, 0.6, -0.1, 0.5, 0.8, -0.1, -0.1, 0.5, -0.7, 0.2, -0.6, -0.9, -0.7, -0.8, -0.0, -0.8, 0.4, -0.0, 0.9, 0.7]"
20260929,14,8,1,53.7,"[[""1-2-3"", 0.0908], [""1-2-5"", 0.0756], [""1-2-4"", 0.0362], [""1-2-6"", 0.0113]]",2,31.0,"[[""2-1-3"", 0.062], [""2-1-5"", 0.0516], [""2-1-4"", 0.0247]]","[[""1-3-2"", 0.0625], [""1-5-2"", 0.0471], [""3-1-2"", 0.0367], [""2-3-1"", 0.0264]]",1-2,0.3936,False,True,0.8201,強,"{""逃げ"": 61.1, ""まくり差し"": 11.2, ""まくり"": 11.0, ""差し"": 9.9, ""抜き"": 6.2, ""恵まれ"": 0.5}","[""0〜600円"", ""600〜740円"", ""740〜890円"", ""890〜1050円"", ""1050〜1220円"", ""1220〜1410円"", ""1410〜1630円"", ""1630〜1890円"", ""1890〜2200円"", ""2200〜2560円"", ""2560〜3020円"", ""3020〜3570円"", ""3570〜4280円"", ""4280〜5210円"", ""5210〜6480円"", ""6480〜8300円"", ""8300〜11200円"", ""11200〜16230円"", ""16230〜28240円"", ""28240円〜""]","[5.1, 5.6, 4.9, 5.5, 5.8, 4.9, 4.9, 5.5, 4.3, 5.2, 4.4, 4.1, 4.3, 4.2, 5.0, 4.2, 5.4, 5.0, 5.9, 5.7]","[0.1, 0.6, -0.1, 0.5, 0.8, -0.1, -0.1, 0.5, -0.7, 0.2, -0.6, -0.9, -0.7, -0.8, -0.0, -0.8, 0.4, -0.0, 0.9, 0.7]"
20260929,14,9,1,42.3,"[[""1-3-2"", 0.0501], [""1-2-3"", 0.0449], [""1-3-4"", 0.0285], [""1-3-6"", 0.0235], [""1-2-4"", 0.0205], [""1-2-6"", 0.0169], [""1-3-5"", 0.014], [""1-2-5"", 0.0101]]",3,27.4,"[[""3-1-2"", 0.0439], [""3-1-4"", 0.025], [""3-1-6"", 0.0206], [""3-1-5"", 0.0122]]","[[""2-1-3"", 0.037], [""3-2-1"", 0.0328], [""2-3-1"", 0.0308], [""1-4-3"", 0.0207]]",,,False,True,0.8201,中,"{""逃げ"": 45.5, ""まくり"": 18.1, ""まくり差し"": 13.9, ""差し"": 13.6, ""抜き"": 8.2, ""恵まれ"": 0.8}","[""0〜600円"", ""600〜740円"", ""740〜890円"", ""890〜1050円"", ""1050〜1220円"", ""1220〜1410円"", ""1410〜1630円"", ""1630〜1890円"", ""1890〜2200円"", ""2200〜2560円"", ""2560〜3020円"", ""3020〜3570円"", ""3570〜4280円"", ""4280〜5210円"", ""5210〜6480円"", ""6480〜8300円"", ""8300〜11200円"", ""11200〜16230円"", ""16230〜28240円"", ""28240円〜""]","[2.5, 3.7, 4.0, 4.9, 5.2, 3.7, 4.7, 4.7, 4.9, 4.2, 5.0, 4.5, 5.1, 5.5, 5.8, 5.7, 5.9, 7.2, 6.1, 6.8]","[-2.5, -1.3, -1.0, -0.1, 0.2, -1.3, -0.3, -0.3, -0.1, -0.8, -0.0, -0.5, 0.1, 0.5, 0.8, 0.7, 0.9, 2.2, 1.1, 1.8]"
20260929,14,10,1,50.0,"[[""1-2-4"", 0.1062], [""1-2-3"", 0.0946], [""1-2-5"", 0.0551]]",2,30.8,"[[""2-1-4"", 0.0397], [""2-1-3"", 0.0354], [""2-1-5"", 0.0206]]","[[""1-4-2"", 0.0834], [""1-3-2"", 0.0677], [""1-4-3"", 0.0463], [""1-3-4"", 0.0422]]",1-2,0.3918,False,True,0.8201,中,"{""逃げ"": 45.5, ""まくり"": 18.1, ""まくり差し"": 13.9, ""差し"": 13.6, ""抜き"": 8.2, ""恵まれ"": 0.8}","[""0〜600円"", ""600〜740円"", ""740〜890円"", ""890〜1050円"", ""1050〜1220円"", ""1220〜1410円"", ""1410〜1630円"", ""1630〜1890円"", ""1890〜2200円"", ""2200〜2560円"", ""2560〜3020円"", ""3020〜3570円"", ""3570〜4280円"", ""4280〜5210円"", ""5210〜6480円"", ""6480〜8300円"", ""8300〜11200円"", ""11200〜16230円"", ""16230〜28240円"", ""28240円〜""]","[2.5, 3.7, 4.0, 4.9, 5.2, 3.7, 4.7, 4.7, 4.9, 4.2, 5.0, 4.5, 5.1, 5.5, 5.8, 5.7, 5.9, 7.2, 6.1, 6.8]","[-2.5, -1.3, -1.0, -0.1, 0.2, -1.3, -0.3, -0.3, -0.1, -0.8, -0.0, -0.5, 0.1, 0.5, 0.8, 0.7, 0.9, 2.2, 1.1, 1.8]"
20260929,14,11,1,55.1,"[[""1-2-4"", 0.0775], [""1-2-5"", 0.0464], [""1-2-6"", 0.0293], [""1-2-3"", 0.0212]]",2,23.4,"[[""2-1-4"", 0.0646], [""2-1-5"", 0.0387], [""2-1-6"", 0.0244], [""2-1-3"", 0.0176]]","[[""1-4-2"", 0.0543], [""4-1-2"", 0.0382], [""2-4-1"", 0.0356], [""4-2-1"", 0.0301]]",1-2,0.3585,False,False,0.7852,弱,"{""まくり"": 27.2, ""逃げ"": 27.7, ""差し"": 19.4, ""まくり差し"": 16.2, ""抜き"": 8.8, ""恵まれ"": 0.7}","[""0〜600円"", ""600〜740円"", ""740〜890円"", ""890〜1050円"", ""1050〜1220円"", ""1220〜1410円"", ""1410〜1630円"", ""1630〜1890円"", ""1890〜2200円"", ""2200〜2560円"", ""2560〜3020円"", ""3020〜3570円"", ""3570〜4280円"", ""4280〜5210円"", ""5210〜6480円"", ""6480〜8300円"", ""8300〜11200円"", ""11200〜16230円"", ""16230〜28240円"", ""28240円〜""]","[0.4, 1.3, 2.0, 3.1, 3.3, 4.3, 3.8, 4.5, 4.9, 6.1, 6.2, 6.9, 7.2, 7.5, 6.7, 7.1, 7.0, 6.2, 6.2, 5.4]","[-4.6, -3.7, -3.0, -1.9, -1.7, -0.7, -1.2, -0.5, -0.1, 1.1, 1.2, 1.9, 2.2, 2.5, 1.7, 2.1, 2.0, 1.2, 1.2, 0.4]"
20260929,14,12,1,30.8,"[[""1-2-3"", 0.044], [""1-2-5"", 0.046], [""1-2-4"", 0.0444], [""1-3-2"", 0.0328], [""1-5-2"", 0.0332], [""1-4-2"", 0.0318], [""1-2-6"", 0.023], [""1-3-5"", 0.0167], [""1-5-3"", 0.0161]]",2,25.1,"[[""2-1-3"", 0.0333], [""2-1-5"", 0.0348], [""2-1-4"", 0.0335], [""2-1-6"", 0.0174]]","[[""3-1-2"", 0.0215], [""2-3-1"", 0.0177], [""5-1-2"", 0.0213], [""4-1-2"", 0.0203]]",,,False,True,0.8201,中,"{""逃げ"": 45.5, ""まくり"": 18.1, ""まくり差し"": 13.9, ""差し"": 13.6, ""抜き"": 8.2, ""恵まれ"": 0.8}","[""0〜600円"", ""600〜740円"", ""740〜890円"", ""890〜1050円"", ""1050〜1220円"", ""1220〜1410円"", ""1410〜1630円"", ""1630〜1890円"", ""1890〜2200円"", ""2200〜2560円"", ""2560〜3020円"", ""3020〜3570円"", ""3570〜4280円"", ""4280〜5210円"", ""5210〜6480円"", ""6480〜8300円"", ""8300〜11200円"", ""11200〜16230円"", ""16230〜28240円"", ""28240円〜""]","[2.5, 3.7, 4.0, 4.9, 5.2, 3.7, 4.7, 4.7, 4.9, 4.2, 5.0, 4.5, 5.1, 5.5, 5.8, 5.7, 5.9, 7.2, 6.1, 6.8]","[-2.5, -1.3, -1.0, -0.1, 0.2, -1.3, -0.3, -0.3, -0.1, -0.8, -0.0, -0.5, 0.1, 0.5, 0.8, 0.7, 0.9, 2.2, 1.1, 1.8]"
20260929,15,1,1,,"[[""1-3-2"", 0.0602], [""1-3-4"", 0.0727], [""1-2-3"", 0.0542], [""1-4-3"", 0.0652], [""1-2-4"", 0.0513], [""1-4-2"", 0.0511], [""1-3-6"", 0.0303], [""1-6-3"", 0.0224], [""1-2-6"", 0.0213]]",3,,"[[""3-1-2"", 0.0332], [""3-1-4"", 0.0401], [""3-1-6"", 0.0167]]","[[""2-1-3"", 0.0287], [""4-1-3"", 0.0345], [""2-1-4"", 0.0272], [""4-1-2"", 0.027]]",,,False,True,0.8201,弱,"{""逃げ"": 37.0, ""差し"": 20.5, ""まくり"": 18.5, ""まくり差し"": 15.9, ""抜き"": 6.7, ""恵まれ"": 1.4}","[""0〜600円"", ""600〜740円"", ""740〜890円"", ""890〜1050円"", ""1050〜1220円"", ""1220〜1410円"", ""1410〜1630円"", ""1630〜1890円"", ""1890〜2200円"", ""2200〜2560円"", ""2560〜3020円"", ""3020〜3570円"", ""3570〜4280円"", ""4280〜5210円"", ""5210〜6480円"", ""6480〜8300円"", ""8300〜11200円"", ""11200〜16230円"", ""16230〜28240円"", ""28240円〜""]","[0.5, 1.4, 2.8, 2.5, 3.3, 4.0, 4.7, 5.0, 6.1, 6.2, 5.7, 6.6, 5.6, 6.7, 7.1, 6.8, 6.9, 6.3, 7.0, 4.9]","[-4.5, -3.6, -2.2, -2.5, -1.7, -1.0, -0.3, -0.0, 1.1, 1.2, 0.7, 1.6, 0.6, 1.7, 2.1, 1.8, 1.9, 1.3, 2.0, -0.1]"
20260929,15,2,1,35.4,"[[""1-2-5"", 0.0439], [""1-2-3"", 0.0538], [""1-2-4"", 0.0345]]",2,23.0,"[[""2-1-5"", 0.0406], [""2-1-3"", 0.0498], [""2-1-4"", 0.0319]]","[[""1-5-2"", 0.0319], [""1-3-2"", 0.0388], [""2-5-1"", 0.0267], [""2-3-1"", 0.0325]]",1-2,0.2809,False,False,0.7852,弱,"{""逃げ"": 37.0, ""差し"": 20.5, ""まくり"": 18.5, ""まくり差し"": 15.9, ""抜き"": 6.7, ""恵まれ"": 1.4}","[""0〜600円"", ""600〜740円"", ""740〜890円"", ""890〜1050円"", ""1050〜1220円"", ""1220〜1410円"", ""1410〜1630円"", ""1630〜1890円"", ""1890〜2200円"", ""2200〜2560円"", ""2560〜3020円"", ""3020〜3570円"", ""3570〜4280円"", ""4280〜5210円"", ""5210〜6480円"", ""6480〜8300円"", ""8300〜11200円"", ""11200〜16230円"", ""16230〜28240円"", ""28240円〜""]","[0.5, 1.4, 2.8, 2.5, 3.3, 4.0, 4.7, 5.0, 6.1, 6.2, 5.7, 6.6, 5.6, 6.7, 7.1, 6.8, 6.9, 6.3, 7.0, 4.9]","[-4.5, -3.6, -2.2, -2.5, -1.7, -1.0, -0.3, -0.0, 1.1, 1.2, 0.7, 1.6, 0.6, 1.7, 2.1, 1.8, 1.9, 1.3, 2.0, -0.1]"
20260929,15,3,1,,"[[""1-3-6"", 0.0165], [""1-6-3"", 0.0156], [""1-3-5"", 0.0187], [""1-5-3"", 0.0172], [""1-3-4"", 0.0169], [""1-4-3"", 0.0151], [""1-6-5"", 0.0149], [""1-5-6"", 0.0145], [""1-6-4"", 0.0135]]",6,32.4,"[[""6-1-3"", 0.0137], [""6-3-1"", 0.0122], [""6-1-5"", 0.0131], [""6-1-4"", 0.0118], [""6-5-1"", 0.0108]]","[[""3-1-6"", 0.015], [""3-1-5"", 0.017], [""3-6-1"", 0.0126], [""3-1-4"", 0.0153]]",,,False,False,0.7852,弱,"{""逃げ"": 37.0, ""差し"": 20.5, ""まくり"": 18.5, ""まくり差し"": 15.9, ""抜き"": 6.7, ""恵まれ"": 1.4}","[""0〜600円"", ""600〜740円"", ""740〜890円"", ""890〜1050円"", ""1050〜1220円"", ""1220〜1410円"", ""1410〜1630円"", ""1630〜1890円"", ""1890〜2200円"", ""2200〜2560円"", ""2560〜3020円"", ""3020〜3570円"", ""3570〜4280円"", ""4280〜5210円"", ""5210〜6480円"", ""6480〜8300円"", ""8300〜11200円"", ""11200〜16230円"", ""16230〜28240円"", ""28240円〜""]","[0.5, 1.4, 2.8, 2.5, 3.3, 4.0, 4.7, 5.0, 6.1, 6.2, 5.7, 6.6, 5.6, 6.7, 7.1, 6.8, 6.9, 6.3, 7.0, 4.9]","[-4.5, -3.6, -2.2, -2.5, -1.7, -1.0, -0.3, -0.0, 1.1, 1.2, 0.7, 1.6, 0.6, 1.7, 2.1, 1.8, 1.9, 1.3, 2.0, -0.1]"
20260929,15,4,2,56.1,"[[""2-1-3"", 0.0418], [""2-3-1"", 0.037], [""2-1-4"", 0.0233], [""2-1-6"", 0.0225], [""2-1-5"", 0.0221], [""2-4-1"", 0.017], [""2-6-1"", 0.0164], [""2-5-1"", 0.0161], [""2-3-4"", 0.0157]]",1,37.3,"[[""1-2-3"", 0.0368], [""1-2-4"", 0.0205], [""1-2-6"", 0.0198], [""1-2-5"", 0.0195]]","[[""3-2-1"", 0.0303], [""1-3-2"", 0.0274], [""3-1-2"", 0.0255], [""2-3-6"", 0.0152]]",,,False,True,0.8201,強,"{""逃げ"": 68.3, ""まくり差し"": 10.0, ""差し"": 8.6, ""まくり"": 8.2, ""抜き"": 4.4, ""恵まれ"": 0.6}","[""0〜600円"", ""600〜740円"", ""740〜890円"", ""890〜1050円"", ""1050〜1220円"", ""1220〜1410円"", ""1410〜1630円"", ""1630〜1890円"", ""1890〜2200円"", ""2200〜2560円"", ""2560〜3020円"", ""3020〜3570円"", ""3570〜4280円"", ""4280〜5210円"", ""5210〜6480円"", ""6480〜8300円"", ""8300〜11200円"", ""11200〜16230円"", ""16230〜28240円"", ""28240円〜""]","[9.8, 7.7, 7.0, 6.0, 5.6, 5.3, 4.2, 5.8, 3.9, 4.6, 3.7, 4.1, 4.1, 3.5, 3.6, 4.1, 3.5, 4.1, 3.9, 5.5]","[4.8, 2.7, 2.0, 1.0, 0.6, 0.3, -0.8, 0.8, -1.1, -0.4, -1.3, -0.9, -0.9, -1.5, -1.4, -0.9, -1.5, -0.9, -1.1, 0.5]"
20260929,15,5,1,,"[[""1-3-6"", 0.0309], [""1-3-2"", 0.0323], [""1-3-4"", 0.0322], [""1-6-3"", 0.0249], [""1-3-5"", 0.0294], [""1-2-3"", 0.0249], [""1-4-3"", 0.0248], [""1-5-3"", 0.0222], [""1-6-2"", 0.0142]]",3,42.6,"[[""3-1-6"", 0.0245], [""3-1-2"", 0.0256], [""3-1-4"", 0.0255], [""3-1-5"", 0.0233]]","[[""6-1-3"", 0.0175], [""3-6-1"", 0.0149], [""2-1-3"", 0.0171], [""4-1-3"", 0.0171]]",,,False,False,0.7852,弱,"{""逃げ"": 37.0, ""差し"": 20.5, ""まくり"": 18.5, ""まくり差し"": 15.9, ""抜き"": 6.7, ""恵まれ"": 1.4}","[""0〜600円"", ""600〜740円"", ""740〜890円"", ""890〜1050円"", ""1050〜1220円"", ""1220〜1410円"", ""1410〜1630円"", ""1630〜1890円"", ""1890〜2200円"", ""2200〜2560円"", ""2560〜3020円"", ""3020〜3570円"", ""3570〜4280円"", ""4280〜5210円"", ""5210〜6480円"", ""6480〜8300円"", ""8300〜11200円"", ""11200〜16230円"", ""16230〜28240円"", ""28240円〜""]","[0.5, 1.4, 2.8, 2.5, 3.3, 4.0, 4.7, 5.0, 6.1, 6.2, 5.7, 6.6, 5.6, 6.7, 7.1, 6.8, 6.9, 6.3, 7.0, 4.9]","[-4.5, -3.6, -2.2, -2.5, -1.7, -1.0, -0.3, -0.0, 1.1, 1.2, 0.7, 1.6, 0.6, 1.7, 2.1, 1.8, 1.9, 1.3, 2.0, -0.1]"
20260929,15,6,1,56.1,"[[""1-3-2"", 0.1552], [""1-3-5"", 0.0849], [""1-3-6"", 0.06], [""1-3-4"", 0.0412]]",3,25.2,"[[""3-1-2"", 0.0858], [""3-1-5"", 0.047], [""3-1-6"", 0.0332], [""3-1-4"", 0.0228]]","[[""1-2-3"", 0.0668], [""2-1-3"", 0.0294], [""1-5-3"", 0.0325], [""3-2-1"", 0.0186]]",1-3,0.596,True,False,0.7852,強,"{""逃げ"": 68.3, ""まくり差し"": 10.0, ""差し"": 8.6, ""まくり"": 8.2, ""抜き"": 4.4, ""恵まれ"": 0.6}","[""0〜600円"", ""600〜740円"", ""740〜890円"", ""890〜1050円"", ""1050〜1220円"", ""1220〜1410円"", ""1410〜1630円"", ""1630〜1890円"", ""1890〜2200円"", ""2200〜2560円"", ""2560〜3020円"", ""3020〜3570円"", ""3570〜4280円"", ""4280〜5210円"", ""5210〜6480円"", ""6480〜8300円"", ""8300〜11200円"", ""11200〜16230円"", ""16230〜28240円"", ""28240円〜""]","[9.8, 7.7, 7.0, 6.0, 5.6, 5.3, 4.2, 5.8, 3.9, 4.6, 3.7, 4.1, 4.1, 3.5, 3.6, 4.1, 3.5, 4.1, 3.9, 5.5]","[4.8, 2.7, 2.0, 1.0, 0.6, 0.3, -0.8, 0.8, -1.1, -0.4, -1.3, -0.9, -0.9, -1.5, -1.4, -0.9, -1.5, -0.9, -1.1, 0.5]"
20260929,15,7,1,59.7,"[[""1-4-3"", 0.0927], [""1-3-4"", 0.0833], [""1-4-2"", 0.0937], [""1-2-4"", 0.0784], [""1-3-2"", 0.066], [""1-2-3"", 0.0614], [""1-4-5"", 0.0614], [""1-5-4"", 0.0469], [""1-3-5"", 0.0432]]",3,47.9,"[[""3-1-4"", 0.0131], [""3-1-2"", 0.0104]]","[[""1-5-3"", 0.0368], [""1-2-5"", 0.0319], [""1-5-2"", 0.0292], [""4-1-3"", 0.0147]]",,,False,False,0.7852,強,"{""逃げ"": 68.3, ""まくり差し"": 10.0, ""差し"": 8.6, ""まくり"": 8.2, ""抜き"": 4.4, ""恵まれ"": 0.6}","[""0〜600円"", ""600〜740円"", ""740〜890円"", ""890〜1050円"", ""1050〜1220円"", ""1220〜1410円"", ""1410〜1630円"", ""1630〜1890円"", ""1890〜2200円"", ""2200〜2560円"", ""2560〜3020円"", ""3020〜3570円"", ""3570〜4280円"", ""4280〜5210円"", ""5210〜6480円"", ""6480〜8300円"", ""8300〜11200円"", ""11200〜16230円"", ""16230〜28240円"", ""28240円〜""]","[9.8, 7.7, 7.0, 6.0, 5.6, 5.3, 4.2, 5.8, 3.9, 4.6, 3.7, 4.1, 4.1, 3.5, 3.6, 4.1, 3.5, 4.1, 3.9, 5.5]","[4.8, 2.7, 2.0, 1.0, 0.6, 0.3, -0.8, 0.8, -1.1, -0.4, -1.3, -0.9, -0.9, -1.5, -1.4, -0.9, -1.5, -0.9, -1.1, 0.5]"
20260929,15,8,1,65.9,"[[""1-2-3"", 0.0987], [""1-2-4"", 0.1158], [""1-2-5"", 0.0397]]",2,22.2,"[[""2-1-3"", 0.0324], [""2-1-4"", 0.038], [""2-1-5"", 0.013]]","[[""1-3-2"", 0.0807], [""1-4-2"", 0.092], [""1-3-4"", 0.0628], [""1-4-3"", 0.0611]]",1-2,0.3772,False,False,0.7852,強,"{""逃げ"": 68.3, ""まくり差し"": 10.0, ""差し"": 8.6, ""まくり"": 8.2, ""抜き"": 4.4, ""恵まれ"": 0.6}","[""0〜600円"", ""600〜740円"", ""740〜890円"", ""890〜1050円"", ""1050〜1220円"", ""1220〜1410円"", ""1410〜1630円"", ""1630〜1890円"", ""1890〜2200円"", ""2200〜2560円"", ""2560〜3020円"", ""3020〜3570円"", ""3570〜4280円"", ""4280〜5210円"", ""5210〜6480円"", ""6480〜8300円"", ""8300〜11200円"", ""11200〜16230円"", ""16230〜28240円"", ""28240円〜""]","[9.8, 7.7, 7.0, 6.0, 5.6, 5.3, 4.2, 5.8, 3.9, 4.6, 3.7, 4.1, 4.1, 3.5, 3.6, 4.1, 3.5, 4.1, 3.9, 5.5]","[4.8, 2.7, 2.0, 1.0, 0.6, 0.3, -0.8, 0.8, -1.1, -0.4, -1.3, -0.9, -0.9, -1.5, -1.4, -0.9, -1.5, -0.9, -1.1, 0.5]"
20260929,15,9,1,55.6,"[[""1-2-5"", 0.1744], [""1-2-3"", 0.1037], [""1-2-4"", 0.0643]]",2,32.9,"[[""2-1-5"", 0.0709], [""2-1-3"", 0.0422], [""2-1-4"", 0.0262]]","[[""1-5-2"", 0.0919], [""1-3-2"", 0.0473], [""5-1-2"", 0.0325], [""1-4-2"", 0.0281]]",1-2,0.5603,True,False,0.7852,強,"{""逃げ"": 68.3, ""まくり差し"": 10.0, ""差し"": 8.6, ""まくり"": 8.2, ""抜き"": 4.4, ""恵まれ"": 0.6}","[""0〜600円"", ""600〜740円"", ""740〜890円"", ""890〜1050円"", ""1050〜1220円"", ""1220〜1410円"", ""1410〜1630円"", ""1630〜1890円"", ""1890〜2200円"", ""2200〜2560円"", ""2560〜3020円"", ""3020〜3570円"", ""3570〜4280円"", ""4280〜5210円"", ""5210〜6480円"", ""6480〜8300円"", ""8300〜11200円"", ""11200〜16230円"", ""16230〜28240円"", ""28240円〜""]","[9.8, 7.7, 7.0, 6.0, 5.6, 5.3, 4.2, 5.8, 3.9, 4.6, 3.7, 4.1, 4.1, 3.5, 3.6, 4.1, 3.5, 4.1, 3.9, 5.5]","[4.8, 2.7, 2.0, 1.0, 0.6, 0.3, -0.8, 0.8, -1.1, -0.4, -1.3, -0.9, -0.9, -1.5, -1.4, -0.9, -1.5, -0.9, -1.1, 0.5]"
20260929,15,10,1,56.1,"[[""1-2-4"", 0.1826], [""1-2-3"", 0.1167], [""1-2-6"", 0.0674], [""1-2-5"", 0.0536]]",2,26.5,"[[""2-1-4"", 0.0373], [""2-1-3"", 0.0238], [""2-1-6"", 0.0138], [""2-1-5"", 0.011]]","[[""1-4-2"", 0.0981], [""1-3-2"", 0.0554], [""1-6-2"", 0.0305], [""1-5-2"", 0.0239]]",1-2,0.5664,True,False,0.7852,強,"{""逃げ"": 68.3, ""まくり差し"": 10.0, ""差し"": 8.6, ""まくり"": 8.2, ""抜き"": 4.4, ""恵まれ"": 0.6}","[""0〜600円"", ""600〜740円"", ""740〜890円"", ""890〜1050円"", ""1050〜1220円"", ""1220〜1410円"", ""1410〜1630円"", ""1630〜1890円"", ""1890〜2200円"", ""2200〜2560円"", ""2560〜3020円"", ""3020〜3570円"", ""3570〜4280円"", ""4280〜5210円"", ""5210〜6480円"", ""6480〜8300円"", ""8300〜11200円"", ""11200〜16230円"", ""16230〜28240円"", ""28240円〜""]","[9.8, 7.7, 7.0, 6.0, 5.6, 5.3, 4.2, 5.8, 3.9, 4.6, 3.7, 4.1, 4.1, 3.5, 3.6, 4.1, 3.5, 4.1, 3.9, 5.5]","[4.8, 2.7, 2.0, 1.0, 0.6, 0.3, -0.8, 0.8, -1.1, -0.4, -1.3, -0.9, -0.9, -1.5, -1.4, -0.9, -1.5, -0.9, -1.1, 0.5]"
20260929,15,11,1,53.2,"[[""1-2-5"", 0.0521], [""1-2-4"", 0.0649], [""1-5-2"", 0.0438], [""1-4-2"", 0.0542], [""1-2-3"", 0.0513], [""1-3-2"", 0.0408], [""1-2-6"", 0.0405], [""1-5-4"", 0.0332], [""1-4-5"", 0.033]]",2,20.4,"[[""2-1-5"", 0.0186], [""2-1-4"", 0.0232], [""2-1-3"", 0.0184], [""2-1-6"", 0.0145]]","[[""1-6-2"", 0.031], [""1-5-3"", 0.0262], [""1-4-3"", 0.0255], [""1-3-5"", 0.0248]]",,,False,False,0.7852,強,"{""逃げ"": 68.3, ""まくり差し"": 10.0, ""差し"": 8.6, ""まくり"": 8.2, ""抜き"": 4.4, ""恵まれ"": 0.6}","[""0〜600円"", ""600〜740円"", ""740〜890円"", ""890〜1050円"", ""1050〜1220円"", ""1220〜1410円"", ""1410〜1630円"", ""1630〜1890円"", ""1890〜2200円"", ""2200〜2560円"", ""2560〜3020円"", ""3020〜3570円"", ""3570〜4280円"", ""4280〜5210円"", ""5210〜6480円"", ""6480〜8300円"", ""8300〜11200円"", ""11200〜16230円"", ""16230〜28240円"", ""28240円〜""]","[9.8, 7.7, 7.0, 6.0, 5.6, 5.3, 4.2, 5.8, 3.9, 4.6, 3.7, 4.1, 4.1, 3.5, 3.6, 4.1, 3.5, 4.1, 3.9, 5.5]","[4.8, 2.7, 2.0, 1.0, 0.6, 0.3, -0.8, 0.8, -1.1, -0.4, -1.3, -0.9, -0.9, -1.5, -1.4, -0.9, -1.5, -0.9, -1.1, 0.5]"
20260929,15,12,1,41.7,"[[""1-2-5"", 0.1313], [""1-2-6"", 0.1496], [""1-2-3"", 0.1372], [""1-2-4"", 0.025]]",2,28.4,"[[""2-1-5"", 0.0331], [""2-1-6"", 0.0377], [""2-1-3"", 0.0346]]","[[""1-5-2"", 0.0588], [""1-6-2"", 0.0658], [""1-3-2"", 0.0597], [""5-1-2"", 0.0132]]",1-2,0.6,True,False,0.7852,強,"{""逃げ"": 68.3, ""まくり差し"": 10.0, ""差し"": 8.6, ""まくり"": 8.2, ""抜き"": 4.4, ""恵まれ"": 0.6}","[""0〜600円"", ""600〜740円"", ""740〜890円"", ""890〜1050円"", ""1050〜1220円"", ""1220〜1410円"", ""1410〜1630円"", ""1630〜1890円"", ""1890〜2200円"", ""2200〜2560円"", ""2560〜3020円"", ""3020〜3570円"", ""3570〜4280円"", ""4280〜5210円"", ""5210〜6480円"", ""6480〜8300円"", ""8300〜11200円"", ""11200〜16230円"", ""16230〜28240円"", ""28240円〜""]","[9.8, 7.7, 7.0, 6.0, 5.6, 5.3, 4.2, 5.8, 3.9, 4.6, 3.7, 4.1, 4.1, 3.5, 3.6, 4.1, 3.5, 4.1, 3.9, 5.5]","[4.8, 2.7, 2.0, 1.0, 0.6, 0.3, -0.8, 0.8, -1.1, -0.4, -1.3, -0.9, -0.9, -1.5, -1.4, -0.9, -1.5, -0.9, -1.1, 0.5]"
20260929,16,1,1,54.5,"[[""1-2-5"", 0.0598], [""1-2-3"", 0.0608], [""1-2-4"", 0.0589], [""1-2-6"", 0.0224]]",2,28.2,"[[""2-1-5"", 0.0366], [""2-1-3"", 0.0372], [""2-1-4"", 0.0361], [""2-1-6"", 0.0137]]","[[""1-5-2"", 0.0431], [""1-3-2"", 0.0417], [""1-4-2"", 0.0402], [""5-1-2"", 0.0232]]",1-2,0.3518,False,False,0.7852,強,"{""逃げ"": 67.7, ""まくり差し"": 10.6, ""差し"": 8.7, ""まくり"": 7.1, ""抜き"": 5.1, ""恵まれ"": 0.8}","[""0〜600円"", ""600〜740円"", ""740〜890円"", ""890〜1050円"", ""1050〜1220円"", ""1220〜1410円"", ""1410〜1630円"", ""1630〜1890円"", ""1890〜2200円"", ""2200〜2560円"", ""2560〜3020円"", ""3020〜3570円"", ""3570〜4280円"", ""4280〜5210円"", ""5210〜6480円"", ""6480〜8300円"", ""8300〜11200円"", ""11200〜16230円"", ""16230〜28240円"", ""28240円〜""]","[9.1, 7.3, 6.4, 6.5, 5.1, 6.1, 5.1, 4.5, 4.6, 5.1, 3.8, 3.5, 3.5, 3.9, 3.6, 3.6, 4.4, 4.0, 4.6, 5.4]","[4.1, 2.3, 1.4, 1.5, 0.1, 1.1, 0.1, -0.5, -0.4, 0.1, -1.2, -1.5, -1.5, -1.1, -1.4, -1.4, -0.6, -1.0, -0.4, 0.4]"
20260929,16,2,1,53.4,"[[""1-2-3"", 0.0591], [""1-2-4"", 0.0689], [""1-3-2"", 0.0459], [""1-4-2"", 0.0523], [""1-2-6"", 0.0484], [""1-2-5"", 0.0369], [""1-6-2"", 0.0344], [""1-3-4"", 0.0285], [""1-4-3"", 0.0279]]",2,32.6,"[[""2-1-3"", 0.0278], [""2-1-4"", 0.0323], [""2-1-6"", 0.0227], [""2-1-5"", 0.0173]]","[[""1-5-2"", 0.0253], [""3-1-2"", 0.0199], [""4-1-2"", 0.0225], [""1-3-6"", 0.02]]",,,False,False,0.7852,強,"{""逃げ"": 67.7, ""まくり差し"": 10.6, ""差し"": 8.7, ""まくり"": 7.1, ""抜き"": 5.1, ""恵まれ"": 0.8}","[""0〜600円"", ""600〜740円"", ""740〜890円"", ""890〜1050円"", ""1050〜1220円"", ""1220〜1410円"", ""1410〜1630円"", ""1630〜1890円"", ""1890〜2200円"", ""2200〜2560円"", ""2560〜3020円"", ""3020〜3570円"", ""3570〜4280円"", ""4280〜5210円"", ""5210〜6480円"", ""6480〜8300円"", ""8300〜11200円"", ""11200〜16230円"", ""16230〜28240円"", ""28240円〜""]","[9.1, 7.3, 6.4, 6.5, 5.1, 6.1, 5.1, 4.5, 4.6, 5.1, 3.8, 3.5, 3.5, 3.9, 3.6, 3.6, 4.4, 4.0, 4.6, 5.4]","[4.1, 2.3, 1.4, 1.5, 0.1, 1.1, 0.1, -0.5, -0.4, 0.1, -1.2, -1.5, -1.5, -1.1, -1.4, -1.4, -0.6, -1.0, -0.4, 0.4]"
20260929,16,3,1,49.4,"[[""1-2-3"", 0.0357], [""1-3-2"", 0.0318], [""1-2-4"", 0.0338], [""1-4-2"", 0.0282], [""1-2-6"", 0.0282], [""1-2-5"", 0.0244], [""1-6-2"", 0.0227], [""1-3-4"", 0.0221], [""1-4-3"", 0.0207]]",2,22.3,"[[""2-1-3"", 0.0256], [""2-1-4"", 0.0242], [""2-1-6"", 0.0202], [""2-1-5"", 0.0175]]","[[""3-1-2"", 0.0216], [""1-5-2"", 0.0192], [""4-1-2"", 0.0185], [""2-3-1"", 0.0151]]",,,False,True,0.8201,中,"{""逃げ"": 52.0, ""まくり差し"": 15.2, ""差し"": 13.3, ""まくり"": 12.0, ""抜き"": 6.9, ""恵まれ"": 0.5}","[""0〜600円"", ""600〜740円"", ""740〜890円"", ""890〜1050円"", ""1050〜1220円"", ""1220〜1410円"", ""1410〜1630円"", ""1630〜1890円"", ""1890〜2200円"", ""2200〜2560円"", ""2560〜3020円"", ""3020〜3570円"", ""3570〜4280円"", ""4280〜5210円"", ""5210〜6480円"", ""6480〜8300円"", ""8300〜11200円"", ""11200〜16230円"", ""16230〜28240円"", ""28240円〜""]","[4.1, 4.8, 5.7, 5.1, 4.9, 5.0, 4.8, 5.0, 4.8, 5.6, 4.4, 4.9, 4.8, 4.8, 5.2, 5.5, 5.4, 4.8, 4.8, 5.6]","[-0.9, -0.2, 0.7, 0.1, -0.1, -0.0, -0.2, 0.0, -0.2, 0.6, -0.6, -0.1, -0.2, -0.2, 0.2, 0.5, 0.4, -0.2, -0.2, 0.6]"
20260929,16,4,1,55.7,"[[""1-2-3"", 0.0761], [""1-3-2"", 0.0644], [""1-2-5"", 0.054], [""1-2-4"", 0.0485], [""1-5-2"", 0.0394], [""1-4-2"", 0.0348], [""1-3-5"", 0.0322], [""1-3-4"", 0.0289], [""1-5-3"", 0.0277]]",2,32.7,"[[""2-1-3"", 0.0364], [""2-1-5"", 0.0258], [""2-1-4"", 0.0232], [""2-1-6"", 0.0125]]","[[""3-1-2"", 0.0292], [""1-2-6"", 0.0262], [""1-4-3"", 0.0245], [""1-6-2"", 0.0176]]",,,False,False,0.7852,強,"{""逃げ"": 67.7, ""まくり差し"": 10.6, ""差し"": 8.7, ""まくり"": 7.1, ""抜き"": 5.1, ""恵まれ"": 0.8}","[""0〜600円"", ""600〜740円"", ""740〜890円"", ""890〜1050円"", ""1050〜1220円"", ""1220〜1410円"", ""1410〜1630円"", ""1630〜1890円"", ""1890〜2200円"", ""2200〜2560円"", ""2560〜3020円"", ""3020〜3570円"", ""3570〜4280円"", ""4280〜5210円"", ""5210〜6480円"", ""6480〜8300円"", ""8300〜11200円"", ""11200〜16230円"", ""16230〜28240円"", ""28240円〜""]","[9.1, 7.3, 6.4, 6.5, 5.1, 6.1, 5.1, 4.5, 4.6, 5.1, 3.8, 3.5, 3.5, 3.9, 3.6, 3.6, 4.4, 4.0, 4.6, 5.4]","[4.1, 2.3, 1.4, 1.5, 0.1, 1.1, 0.1, -0.5, -0.4, 0.1, -1.2, -1.5, -1.5, -1.1, -1.4, -1.4, -0.6, -1.0, -0.4, 0.4]"
20260929,16,5,1,56.2,"[[""1-3-4"", 0.0413], [""1-4-3"", 0.0375], [""1-3-2"", 0.0358], [""1-3-6"", 0.0318], [""1-2-3"", 0.0295], [""1-3-5"", 0.0286], [""1-6-3"", 0.0257], [""1-4-2"", 0.0253], [""1-2-4"", 0.023]]",3,35.1,"[[""3-1-4"", 0.0258], [""3-1-2"", 0.0224], [""3-1-6"", 0.0199], [""3-1-5"", 0.0179]]","[[""4-1-3"", 0.0225], [""1-5-3"", 0.0227], [""1-4-6"", 0.0225], [""1-4-5"", 0.0202]]",,,False,False,0.7852,強,"{""逃げ"": 67.7, ""まくり差し"": 10.6, ""差し"": 8.7, ""まくり"": 7.1, ""抜き"": 5.1, ""恵まれ"": 0.8}","[""0〜600円"", ""600〜740円"", ""740〜890円"", ""890〜1050円"", ""1050〜1220円"", ""1220〜1410円"", ""1410〜1630円"", ""1630〜1890円"", ""1890〜2200円"", ""2200〜2560円"", ""2560〜3020円"", ""3020〜3570円"", ""3570〜4280円"", ""4280〜5210円"", ""5210〜6480円"", ""6480〜8300円"", ""8300〜11200円"", ""11200〜16230円"", ""16230〜28240円"", ""28240円〜""]","[9.1, 7.3, 6.4, 6.5, 5.1, 6.1, 5.1, 4.5, 4.6, 5.1, 3.8, 3.5, 3.5, 3.9, 3.6, 3.6, 4.4, 4.0, 4.6, 5.4]","[4.1, 2.3, 1.4, 1.5, 0.1, 1.1, 0.1, -0.5, -0.4, 0.1, -1.2, -1.5, -1.5, -1.1, -1.4, -1.4, -0.6, -1.0, -0.4, 0.4]"
20260929,16,6,1,55.8,"[[""1-3-4"", 0.056], [""1-4-3"", 0.0557], [""1-3-2"", 0.0477], [""1-4-2"", 0.0469], [""1-2-3"", 0.0417], [""1-2-4"", 0.0412], [""1-3-6"", 0.0307], [""1-4-6"", 0.0302], [""1-6-3"", 0.0247]]",3,35.5,"[[""3-1-4"", 0.0277], [""3-1-2"", 0.0236], [""3-1-6"", 0.0152]]","[[""4-1-3"", 0.0275], [""1-6-4"", 0.0244], [""4-1-2"", 0.0231], [""1-3-5"", 0.02]]",,,False,False,0.7852,強,"{""逃げ"": 67.7, ""まくり差し"": 10.6, ""差し"": 8.7, ""まくり"": 7.1, ""抜き"": 5.1, ""恵まれ"": 0.8}","[""0〜600円"", ""600〜740円"", ""740〜890円"", ""890〜1050円"", ""1050〜1220円"", ""1220〜1410円"", ""1410〜1630円"", ""1630〜1890円"", ""1890〜2200円"", ""2200〜2560円"", ""2560〜3020円"", ""3020〜3570円"", ""3570〜4280円"", ""4280〜5210円"", ""5210〜6480円"", ""6480〜8300円"", ""8300〜11200円"", ""11200〜16230円"", ""16230〜28240円"", ""28240円〜""]","[9.1, 7.3, 6.4, 6.5, 5.1, 6.1, 5.1, 4.5, 4.6, 5.1, 3.8, 3.5, 3.5, 3.9, 3.6, 3.6, 4.4, 4.0, 4.6, 5.4]","[4.1, 2.3, 1.4, 1.5, 0.1, 1.1, 0.1, -0.5, -0.4, 0.1, -1.2, -1.5, -1.5, -1.1, -1.4, -1.4, -0.6, -1.0, -0.4, 0.4]"
20260929,16,7,1,58.7,"[[""1-2-3"", 0.0665], [""1-3-2"", 0.0557], [""1-2-5"", 0.0517], [""1-2-4"", 0.0456], [""1-5-2"", 0.0383], [""1-4-2"", 0.0331], [""1-3-5"", 0.0292], [""1-2-6"", 0.028], [""1-5-3"", 0.0258]]",2,24.7,"[[""2-1-3"", 0.0349], [""2-1-5"", 0.0271], [""2-1-4"", 0.0239], [""2-1-6"", 0.0147]]","[[""3-1-2"", 0.0275], [""1-3-4"", 0.0258], [""1-4-3"", 0.0223], [""1-6-2"", 0.0191]]",,,False,False,0.7852,強,"{""逃げ"": 67.7, ""まくり差し"": 10.6, ""差し"": 8.7, ""まくり"": 7.1, ""抜き"": 5.1, ""恵まれ"": 0.8}","[""0〜600円"", ""600〜740円"", ""740〜890円"", ""890〜1050円"", ""1050〜1220円"", ""1220〜1410円"", ""1410〜1630円"", ""1630〜1890円"", ""1890〜2200円"", ""2200〜2560円"", ""2560〜3020円"", ""3020〜3570円"", ""3570〜4280円"", ""4280〜5210円"", ""5210〜6480円"", ""6480〜8300円"", ""8300〜11200円"", ""11200〜16230円"", ""16230〜28240円"", ""28240円〜""]","[9.1, 7.3, 6.4, 6.5, 5.1, 6.1, 5.1, 4.5, 4.6, 5.1, 3.8, 3.5, 3.5, 3.9, 3.6, 3.6, 4.4, 4.0, 4.6, 5.4]","[4.1, 2.3, 1.4, 1.5, 0.1, 1.1, 0.1, -0.5, -0.4, 0.1, -1.2, -1.5, -1.5, -1.1, -1.4, -1.4, -0.6, -1.0, -0.4, 0.4]"
20260929,16,8,1,55.4,"[[""1-2-3"", 0.0484], [""1-3-2"", 0.0425], [""1-2-4"", 0.0464], [""1-4-2"", 0.038], [""1-3-4"", 0.0297], [""1-4-3"", 0.0277], [""1-2-5"", 0.0263], [""1-2-6"", 0.0257], [""1-5-2"", 0.0195]]",2,20.7,"[[""2-1-3"", 0.0318], [""2-1-4"", 0.0304], [""2-1-5"", 0.0173], [""2-1-6"", 0.0169]]","[[""3-1-2"", 0.0263], [""4-1-2"", 0.0228], [""2-3-1"", 0.0164], [""1-6-2"", 0.019]]",,,False,True,0.8201,強,"{""逃げ"": 67.7, ""まくり差し"": 10.6, ""差し"": 8.7, ""まくり"": 7.1, ""抜き"": 5.1, ""恵まれ"": 0.8}","[""0〜600円"", ""600〜740円"", ""740〜890円"", ""890〜1050円"", ""1050〜1220円"", ""1220〜1410円"", ""1410〜1630円"", ""1630〜1890円"", ""1890〜2200円"", ""2200〜2560円"", ""2560〜3020円"", ""3020〜3570円"", ""3570〜4280円"", ""4280〜5210円"", ""5210〜6480円"", ""6480〜8300円"", ""8300〜11200円"", ""11200〜16230円"", ""16230〜28240円"", ""28240円〜""]","[9.1, 7.3, 6.4, 6.5, 5.1, 6.1, 5.1, 4.5, 4.6, 5.1, 3.8, 3.5, 3.5, 3.9, 3.6, 3.6, 4.4, 4.0, 4.6, 5.4]","[4.1, 2.3, 1.4, 1.5, 0.1, 1.1, 0.1, -0.5, -0.4, 0.1, -1.2, -1.5, -1.5, -1.1, -1.4, -1.4, -0.6, -1.0, -0.4, 0.4]"
20260929,16,9,1,56.9,"[[""1-2-4"", 0.0646], [""1-2-3"", 0.072], [""1-2-5"", 0.0626], [""1-2-6"", 0.0395]]",2,18.8,"[[""2-1-4"", 0.0316], [""2-1-3"", 0.0353], [""2-1-5"", 0.0307], [""2-1-6"", 0.0194]]","[[""1-4-2"", 0.045], [""1-3-2"", 0.0488], [""1-5-2"", 0.0414], [""4-1-2"", 0.0197]]",1-2,0.382,False,False,0.7852,強,"{""逃げ"": 67.7, ""まくり差し"": 10.6, ""差し"": 8.7, ""まくり"": 7.1, ""抜き"": 5.1, ""恵まれ"": 0.8}","[""0〜600円"", ""600〜740円"", ""740〜890円"", ""890〜1050円"", ""1050〜1220円"", ""1220〜1410円"", ""1410〜1630円"", ""1630〜1890円"", ""1890〜2200円"", ""2200〜2560円"", ""2560〜3020円"", ""3020〜3570円"", ""3570〜4280円"", ""4280〜5210円"", ""5210〜6480円"", ""6480〜8300円"", ""8300〜11200円"", ""11200〜16230円"", ""16230〜28240円"", ""28240円〜""]","[9.1, 7.3, 6.4, 6.5, 5.1, 6.1, 5.1, 4.5, 4.6, 5.1, 3.8, 3.5, 3.5, 3.9, 3.6, 3.6, 4.4, 4.0, 4.6, 5.4]","[4.1, 2.3, 1.4, 1.5, 0.1, 1.1, 0.1, -0.5, -0.4, 0.1, -1.2, -1.5, -1.5, -1.1, -1.4, -1.4, -0.6, -1.0, -0.4, 0.4]"
20260929,16,10,1,51.2,"[[""1-3-2"", 0.062], [""1-3-5"", 0.0633], [""1-3-4"", 0.0451], [""1-3-6"", 0.0291]]",3,27.0,"[[""3-1-2"", 0.0439], [""3-1-5"", 0.0448], [""3-1-4"", 0.032], [""3-1-6"", 0.0206]]","[[""1-2-3"", 0.0416], [""1-5-3"", 0.0408], [""2-1-3"", 0.0248], [""1-4-3"", 0.0276]]",1-3,0.3642,False,True,0.8201,強,"{""逃げ"": 67.7, ""まくり差し"": 10.6, ""差し"": 8.7, ""まくり"": 7.1, ""抜き"": 5.1, ""恵まれ"": 0.8}","[""0〜600円"", ""600〜740円"", ""740〜890円"", ""890〜1050円"", ""1050〜1220円"", ""1220〜1410円"", ""1410〜1630円"", ""1630〜1890円"", ""1890〜2200円"", ""2200〜2560円"", ""2560〜3020円"", ""3020〜3570円"", ""3570〜4280円"", ""4280〜5210円"", ""5210〜6480円"", ""6480〜8300円"", ""8300〜11200円"", ""11200〜16230円"", ""16230〜28240円"", ""28240円〜""]","[9.1, 7.3, 6.4, 6.5, 5.1, 6.1, 5.1, 4.5, 4.6, 5.1, 3.8, 3.5, 3.5, 3.9, 3.6, 3.6, 4.4, 4.0, 4.6, 5.4]","[4.1, 2.3, 1.4, 1.5, 0.1, 1.1, 0.1, -0.5, -0.4, 0.1, -1.2, -1.5, -1.5, -1.1, -1.4, -1.4, -0.6, -1.0, -0.4, 0.4]"
20260929,16,11,1,59.9,"[[""1-3-2"", 0.0653], [""1-2-3"", 0.0548], [""1-3-4"", 0.0586], [""1-3-5"", 0.0499], [""1-4-3"", 0.0448], [""1-5-3"", 0.037], [""1-2-4"", 0.0329], [""1-4-2"", 0.03], [""1-2-5"", 0.028]]",3,19.3,"[[""3-1-2"", 0.0328], [""3-1-4"", 0.0295], [""3-1-5"", 0.0251], [""3-1-6"", 0.0105]]","[[""2-1-3"", 0.0259], [""1-5-2"", 0.0247], [""1-3-6"", 0.0208], [""4-1-3"", 0.0205]]",,,False,False,0.7852,強,"{""逃げ"": 67.7, ""まくり差し"": 10.6, ""差し"": 8.7, ""まくり"": 7.1, ""抜き"": 5.1, ""恵まれ"": 0.8}","[""0〜600円"", ""600〜740円"", ""740〜890円"", ""890〜1050円"", ""1050〜1220円"", ""1220〜1410円"", ""1410〜1630円"", ""1630〜1890円"", ""1890〜2200円"", ""2200〜2560円"", ""2560〜3020円"", ""3020〜3570円"", ""3570〜4280円"", ""4280〜5210円"", ""5210〜6480円"", ""6480〜8300円"", ""8300〜11200円"", ""11200〜16230円"", ""16230〜28240円"", ""28240円〜""]","[9.1, 7.3, 6.4, 6.5, 5.1, 6.1, 5.1, 4.5, 4.6, 5.1, 3.8, 3.5, 3.5, 3.9, 3.6, 3.6, 4.4, 4.0, 4.6, 5.4]","[4.1, 2.3, 1.4, 1.5, 0.1, 1.1, 0.1, -0.5, -0.4, 0.1, -1.2, -1.5, -1.5, -1.1, -1.4, -1.4, -0.6, -1.0, -0.4, 0.4]"
20260929,16,12,1,58.3,"[[""1-2-5"", 0.044], [""1-2-3"", 0.0546], [""1-5-2"", 0.0399], [""1-2-4"", 0.05], [""1-3-2"", 0.0493], [""1-4-2"", 0.0441], [""1-5-3"", 0.0368], [""1-3-5"", 0.0366], [""1-5-4"", 0.0337]]",4,29.0,"[[""4-1-2"", 0.015], [""4-1-5"", 0.0111], [""4-1-3"", 0.0108]]","[[""1-4-5"", 0.0327], [""1-3-4"", 0.0326], [""1-4-3"", 0.0319], [""1-2-6"", 0.0314]]",,,False,False,0.7852,強,"{""逃げ"": 67.7, ""まくり差し"": 10.6, ""差し"": 8.7, ""まくり"": 7.1, ""抜き"": 5.1, ""恵まれ"": 0.8}","[""0〜600円"", ""600〜740円"", ""740〜890円"", ""890〜1050円"", ""1050〜1220円"", ""1220〜1410円"", ""1410〜1630円"", ""1630〜1890円"", ""1890〜2200円"", ""2200〜2560円"", ""2560〜3020円"", ""3020〜3570円"", ""3570〜4280円"", ""4280〜5210円"", ""5210〜6480円"", ""6480〜8300円"", ""8300〜11200円"", ""11200〜16230円"", ""16230〜28240円"", ""28240円〜""]","[9.1, 7.3, 6.4, 6.5, 5.1, 6.1, 5.1, 4.5, 4.6, 5.1, 3.8, 3.5, 3.5, 3.9, 3.6, 3.6, 4.4, 4.0, 4.6, 5.4]","[4.1, 2.3, 1.4, 1.5, 0.1, 1.1, 0.1, -0.5, -0.4, 0.1, -1.2, -1.5, -1.5, -1.1, -1.4, -1.4, -0.6, -1.0, -0.4, 0.4]"
20260929,19,1,1,45.2,"[[""1-3-2"", 0.0713], [""1-3-5"", 0.0759], [""1-3-6"", 0.0758], [""1-3-4"", 0.0138]]",3,38.7,"[[""3-1-2"", 0.0333], [""3-1-5"", 0.0355], [""3-1-6"", 0.0355]]","[[""1-2-3"", 0.0522], [""1-5-3"", 0.0539], [""1-6-3"", 0.0538], [""2-1-3"", 0.0222]]",1-3,0.3704,False,True,0.8201,弱,"{""逃げ"": 41.9, ""まくり"": 19.5, ""差し"": 16.2, ""まくり差し"": 13.6, ""抜き"": 7.7, ""恵まれ"": 1.1}","[""0〜600円"", ""600〜740円"", ""740〜890円"", ""890〜1050円"", ""1050〜1220円"", ""1220〜1410円"", ""1410〜1630円"", ""1630〜1890円"", ""1890〜2200円"", ""2200〜2560円"", ""2560〜3020円"", ""3020〜3570円"", ""3570〜4280円"", ""4280〜5210円"", ""5210〜6480円"", ""6480〜8300円"", ""8300〜11200円"", ""11200〜16230円"", ""16230〜28240円"", ""28240円〜""]","[1.4, 2.4, 3.2, 3.2, 5.3, 4.8, 5.1, 5.3, 5.6, 6.0, 5.2, 6.1, 6.6, 5.6, 6.0, 6.0, 6.7, 5.6, 5.4, 4.6]","[-3.6, -2.6, -1.8, -1.8, 0.3, -0.2, 0.1, 0.3, 0.6, 1.0, 0.2, 1.1, 1.6, 0.6, 1.0, 1.0, 1.7, 0.6, 0.4, -0.4]"
20260929,19,2,1,53.3,"[[""1-4-3"", 0.0986], [""1-4-2"", 0.0386], [""1-4-6"", 0.0277], [""1-4-5"", 0.0264]]",3,19.7,"[[""3-1-4"", 0.0491], [""3-1-2"", 0.015], [""3-1-6"", 0.0107], [""3-1-5"", 0.0102]]","[[""1-3-4"", 0.0847], [""4-1-3"", 0.0605], [""4-3-1"", 0.0268], [""3-4-1"", 0.0253]]",,,False,False,0.7852,弱,"{""逃げ"": 41.9, ""まくり"": 19.5, ""差し"": 16.2, ""まくり差し"": 13.6, ""抜き"": 7.7, ""恵まれ"": 1.1}","[""0〜600円"", ""600〜740円"", ""740〜890円"", ""890〜1050円"", ""1050〜1220円"", ""1220〜1410円"", ""1410〜1630円"", ""1630〜1890円"", ""1890〜2200円"", ""2200〜2560円"", ""2560〜3020円"", ""3020〜3570円"", ""3570〜4280円"", ""4280〜5210円"", ""5210〜6480円"", ""6480〜8300円"", ""8300〜11200円"", ""11200〜16230円"", ""16230〜28240円"", ""28240円〜""]","[1.4, 2.4, 3.2, 3.2, 5.3, 4.8, 5.1, 5.3, 5.6, 6.0, 5.2, 6.1, 6.6, 5.6, 6.0, 6.0, 6.7, 5.6, 5.4, 4.6]","[-3.6, -2.6, -1.8, -1.8, 0.3, -0.2, 0.1, 0.3, 0.6, 1.0, 0.2, 1.1, 1.6, 0.6, 1.0, 1.0, 1.7, 0.6, 0.4, -0.4]"
20260929,19,3,1,37.1,"[[""1-2-3"", 0.0409], [""1-2-4"", 0.047], [""1-2-5"", 0.0408], [""1-3-2"", 0.0323], [""1-4-2"", 0.0367], [""1-5-2"", 0.0309], [""1-2-6"", 0.0309], [""1-6-2"", 0.0224], [""1-3-4"", 0.0196]]",2,22.9,"[[""2-1-3"", 0.0269], [""2-1-4"", 0.0309], [""2-1-5"", 0.0268], [""2-1-6"", 0.0203]]","[[""3-1-2"", 0.0191], [""4-1-2"", 0.0215], [""1-4-3"", 0.0193], [""5-1-2"", 0.0179]]",,,False,True,0.8201,中,"{""逃げ"": 56.9, ""差し"": 11.0, ""まくり差し"": 11.8, ""まくり"": 12.0, ""抜き"": 7.3, ""恵まれ"": 1.0}","[""0〜600円"", ""600〜740円"", ""740〜890円"", ""890〜1050円"", ""1050〜1220円"", ""1220〜1410円"", ""1410〜1630円"", ""1630〜1890円"", ""1890〜2200円"", ""2200〜2560円"", ""2560〜3020円"", ""3020〜3570円"", ""3570〜4280円"", ""4280〜5210円"", ""5210〜6480円"", ""6480〜8300円"", ""8300〜11200円"", ""11200〜16230円"", ""16230〜28240円"", ""28240円〜""]","[5.8, 5.9, 5.8, 5.3, 6.3, 5.5, 5.6, 4.5, 4.6, 4.9, 5.2, 4.0, 4.8, 4.1, 4.9, 4.2, 4.4, 4.6, 4.8, 4.6]","[0.8, 0.9, 0.8, 0.3, 1.3, 0.5, 0.6, -0.5, -0.4, -0.1, 0.2, -1.0, -0.2, -0.9, -0.1, -0.8, -0.6, -0.4, -0.2, -0.4]"
20260929,19,4,1,57.3,"[[""1-2-5"", 0.0574], [""1-2-3"", 0.0581], [""1-2-6"", 0.0439], [""1-2-4"", 0.0405]]",2,31.9,"[[""2-1-5"", 0.054], [""2-1-3"", 0.0547], [""2-1-6"", 0.0413], [""2-1-4"", 0.0381]]","[[""1-5-2"", 0.0296], [""2-5-1"", 0.0259], [""1-3-2"", 0.0289], [""5-1-2"", 0.0201]]",1-2,0.4184,False,False,0.7852,中,"{""逃げ"": 56.9, ""差し"": 11.0, ""まくり差し"": 11.8, ""まくり"": 12.0, ""抜き"": 7.3, ""恵まれ"": 1.0}","[""0〜600円"", ""600〜740円"", ""740〜890円"", ""890〜1050円"", ""1050〜1220円"", ""1220〜1410円"", ""1410〜1630円"", ""1630〜1890円"", ""1890〜2200円"", ""2200〜2560円"", ""2560〜3020円"", ""3020〜3570円"", ""3570〜4280円"", ""4280〜5210円"", ""5210〜6480円"", ""6480〜8300円"", ""8300〜11200円"", ""11200〜16230円"", ""16230〜28240円"", ""28240円〜""]","[5.8, 5.9, 5.8, 5.3, 6.3, 5.5, 5.6, 4.5, 4.6, 4.9, 5.2, 4.0, 4.8, 4.1, 4.9, 4.2, 4.4, 4.6, 4.8, 4.6]","[0.8, 0.9, 0.8, 0.3, 1.3, 0.5, 0.6, -0.5, -0.4, -0.1, 0.2, -1.0, -0.2, -0.9, -0.1, -0.8, -0.6, -0.4, -0.2, -0.4]"
20260929,19,5,1,47.1,"[[""1-4-2"", 0.103], [""1-4-3"", 0.0981], [""1-4-5"", 0.0482]]",2,36.1,"[[""2-1-4"", 0.0266], [""2-1-3"", 0.0172]]","[[""1-2-4"", 0.0846], [""1-3-4"", 0.0736], [""1-2-3"", 0.0546], [""1-3-2"", 0.0499]]",,,False,False,0.7852,中,"{""逃げ"": 56.9, ""差し"": 11.0, ""まくり差し"": 11.8, ""まくり"": 12.0, ""抜き"": 7.3, ""恵まれ"": 1.0}","[""0〜600円"", ""600〜740円"", ""740〜890円"", ""890〜1050円"", ""1050〜1220円"", ""1220〜1410円"", ""1410〜1630円"", ""1630〜1890円"", ""1890〜2200円"", ""2200〜2560円"", ""2560〜3020円"", ""3020〜3570円"", ""3570〜4280円"", ""4280〜5210円"", ""5210〜6480円"", ""6480〜8300円"", ""8300〜11200円"", ""11200〜16230円"", ""16230〜28240円"", ""28240円〜""]","[5.8, 5.9, 5.8, 5.3, 6.3, 5.5, 5.6, 4.5, 4.6, 4.9, 5.2, 4.0, 4.8, 4.1, 4.9, 4.2, 4.4, 4.6, 4.8, 4.6]","[0.8, 0.9, 0.8, 0.3, 1.3, 0.5, 0.6, -0.5, -0.4, -0.1, 0.2, -1.0, -0.2, -0.9, -0.1, -0.8, -0.6, -0.4, -0.2, -0.4]"
20260929,19,6,1,45.9,"[[""1-4-3"", 0.099], [""1-4-2"", 0.1011], [""1-4-6"", 0.0721], [""1-4-5"", 0.0327]]",4,27.7,"[[""4-1-3"", 0.0444], [""4-1-2"", 0.0454], [""4-1-6"", 0.0324], [""4-1-5"", 0.0147]]","[[""1-3-4"", 0.0579], [""1-2-4"", 0.0566], [""1-6-4"", 0.0385], [""3-1-4"", 0.0225]]",1-4,0.4809,False,False,0.7852,中,"{""逃げ"": 56.9, ""差し"": 11.0, ""まくり差し"": 11.8, ""まくり"": 12.0, ""抜き"": 7.3, ""恵まれ"": 1.0}","[""0〜600円"", ""600〜740円"", ""740〜890円"", ""890〜1050円"", ""1050〜1220円"", ""1220〜1410円"", ""1410〜1630円"", ""1630〜1890円"", ""1890〜2200円"", ""2200〜2560円"", ""2560〜3020円"", ""3020〜3570円"", ""3570〜4280円"", ""4280〜5210円"", ""5210〜6480円"", ""6480〜8300円"", ""8300〜11200円"", ""11200〜16230円"", ""16230〜28240円"", ""28240円〜""]","[5.8, 5.9, 5.8, 5.3, 6.3, 5.5, 5.6, 4.5, 4.6, 4.9, 5.2, 4.0, 4.8, 4.1, 4.9, 4.2, 4.4, 4.6, 4.8, 4.6]","[0.8, 0.9, 0.8, 0.3, 1.3, 0.5, 0.6, -0.5, -0.4, -0.1, 0.2, -1.0, -0.2, -0.9, -0.1, -0.8, -0.6, -0.4, -0.2, -0.4]"
20260929,19,7,1,65.0,"[[""1-2-3"", 0.0866], [""1-2-5"", 0.0874], [""1-2-6"", 0.0267], [""1-2-4"", 0.0263]]",2,31.3,"[[""2-1-3"", 0.046], [""2-1-5"", 0.0464], [""2-1-6"", 0.0142], [""2-1-4"", 0.014]]","[[""1-3-2"", 0.0649], [""1-5-2"", 0.062], [""3-1-2"", 0.0313], [""1-3-5"", 0.0368]]",1-2,0.3767,False,True,0.8201,中,"{""逃げ"": 56.9, ""差し"": 11.0, ""まくり差し"": 11.8, ""まくり"": 12.0, ""抜き"": 7.3, ""恵まれ"": 1.0}","[""0〜600円"", ""600〜740円"", ""740〜890円"", ""890〜1050円"", ""1050〜1220円"", ""1220〜1410円"", ""1410〜1630円"", ""1630〜1890円"", ""1890〜2200円"", ""2200〜2560円"", ""2560〜3020円"", ""3020〜3570円"", ""3570〜4280円"", ""4280〜5210円"", ""5210〜6480円"", ""6480〜8300円"", ""8300〜11200円"", ""11200〜16230円"", ""16230〜28240円"", ""28240円〜""]","[5.8, 5.9, 5.8, 5.3, 6.3, 5.5, 5.6, 4.5, 4.6, 4.9, 5.2, 4.0, 4.8, 4.1, 4.9, 4.2, 4.4, 4.6, 4.8, 4.6]","[0.8, 0.9, 0.8, 0.3, 1.3, 0.5, 0.6, -0.5, -0.4, -0.1, 0.2, -1.0, -0.2, -0.9, -0.1, -0.8, -0.6, -0.4, -0.2, -0.4]"
20260929,19,8,1,46.2,"[[""1-2-3"", 0.0851], [""1-3-2"", 0.0821], [""1-2-4"", 0.05], [""1-3-4"", 0.0454], [""1-2-5"", 0.0194], [""1-3-5"", 0.0176]]",3,44.2,"[[""3-1-2"", 0.0542], [""3-1-4"", 0.0299], [""3-1-5"", 0.0116]]","[[""2-1-3"", 0.057], [""2-3-1"", 0.0311], [""3-2-1"", 0.0307], [""1-4-2"", 0.0373]]",,,False,True,0.8201,弱,"{""逃げ"": 41.9, ""まくり"": 19.5, ""差し"": 16.2, ""まくり差し"": 13.6, ""抜き"": 7.7, ""恵まれ"": 1.1}","[""0〜600円"", ""600〜740円"", ""740〜890円"", ""890〜1050円"", ""1050〜1220円"", ""1220〜1410円"", ""1410〜1630円"", ""1630〜1890円"", ""1890〜2200円"", ""2200〜2560円"", ""2560〜3020円"", ""3020〜3570円"", ""3570〜4280円"", ""4280〜5210円"", ""5210〜6480円"", ""6480〜8300円"", ""8300〜11200円"", ""11200〜16230円"", ""16230〜28240円"", ""28240円〜""]","[1.4, 2.4, 3.2, 3.2, 5.3, 4.8, 5.1, 5.3, 5.6, 6.0, 5.2, 6.1, 6.6, 5.6, 6.0, 6.0, 6.7, 5.6, 5.4, 4.6]","[-3.6, -2.6, -1.8, -1.8, 0.3, -0.2, 0.1, 0.3, 0.6, 1.0, 0.2, 1.1, 1.6, 0.6, 1.0, 1.0, 1.7, 0.6, 0.4, -0.4]"
20260929,19,9,1,46.1,"[[""1-3-2"", 0.0603], [""1-2-3"", 0.0558], [""1-3-5"", 0.0391], [""1-3-4"", 0.0368], [""1-3-6"", 0.0355], [""1-5-3"", 0.0309], [""1-2-5"", 0.0301], [""1-4-3"", 0.0288], [""1-2-4"", 0.0283]]",3,33.8,"[[""3-1-2"", 0.03], [""3-1-5"", 0.0195], [""3-1-4"", 0.0183], [""3-1-6"", 0.0176]]","[[""2-1-3"", 0.027], [""1-6-3"", 0.0275], [""1-2-6"", 0.0273], [""1-5-2"", 0.0256]]",,,False,True,0.8201,中,"{""逃げ"": 56.9, ""差し"": 11.0, ""まくり差し"": 11.8, ""まくり"": 12.0, ""抜き"": 7.3, ""恵まれ"": 1.0}","[""0〜600円"", ""600〜740円"", ""740〜890円"", ""890〜1050円"", ""1050〜1220円"", ""1220〜1410円"", ""1410〜1630円"", ""1630〜1890円"", ""1890〜2200円"", ""2200〜2560円"", ""2560〜3020円"", ""3020〜3570円"", ""3570〜4280円"", ""4280〜5210円"", ""5210〜6480円"", ""6480〜8300円"", ""8300〜11200円"", ""11200〜16230円"", ""16230〜28240円"", ""28240円〜""]","[5.8, 5.9, 5.8, 5.3, 6.3, 5.5, 5.6, 4.5, 4.6, 4.9, 5.2, 4.0, 4.8, 4.1, 4.9, 4.2, 4.4, 4.6, 4.8, 4.6]","[0.8, 0.9, 0.8, 0.3, 1.3, 0.5, 0.6, -0.5, -0.4, -0.1, 0.2, -1.0, -0.2, -0.9, -0.1, -0.8, -0.6, -0.4, -0.2, -0.4]"
20260929,19,10,1,56.5,"[[""1-3-2"", 0.0784], [""1-2-3"", 0.0731], [""1-3-4"", 0.0404], [""1-2-4"", 0.033], [""1-3-5"", 0.024], [""1-3-6"", 0.0229], [""1-2-5"", 0.0196], [""1-2-6"", 0.0187]]",3,27.0,"[[""3-1-2"", 0.0494], [""3-1-4"", 0.0255], [""3-1-5"", 0.0151], [""3-1-6"", 0.0144]]","[[""2-1-3"", 0.0448], [""3-2-1"", 0.0246], [""1-4-3"", 0.0294], [""2-3-1"", 0.0239]]",,,False,True,0.8201,中,"{""逃げ"": 56.9, ""差し"": 11.0, ""まくり差し"": 11.8, ""まくり"": 12.0, ""抜き"": 7.3, ""恵まれ"": 1.0}","[""0〜600円"", ""600〜740円"", ""740〜890円"", ""890〜1050円"", ""1050〜1220円"", ""1220〜1410円"", ""1410〜1630円"", ""1630〜1890円"", ""1890〜2200円"", ""2200〜2560円"", ""2560〜3020円"", ""3020〜3570円"", ""3570〜4280円"", ""4280〜5210円"", ""5210〜6480円"", ""6480〜8300円"", ""8300〜11200円"", ""11200〜16230円"", ""16230〜28240円"", ""28240円〜""]","[5.8, 5.9, 5.8, 5.3, 6.3, 5.5, 5.6, 4.5, 4.6, 4.9, 5.2, 4.0, 4.8, 4.1, 4.9, 4.2, 4.4, 4.6, 4.8, 4.6]","[0.8, 0.9, 0.8, 0.3, 1.3, 0.5, 0.6, -0.5, -0.4, -0.1, 0.2, -1.0, -0.2, -0.9, -0.1, -0.8, -0.6, -0.4, -0.2, -0.4]"
20260929,19,11,1,50.0,"[[""1-2-3"", 0.0954], [""1-2-5"", 0.0702], [""1-2-4"", 0.0367], [""1-2-6"", 0.0123]]",2,27.7,"[[""2-1-3"", 0.074], [""2-1-5"", 0.0545], [""2-1-4"", 0.0285]]","[[""1-3-2"", 0.0592], [""3-1-2"", 0.0375], [""2-3-1"", 0.0334], [""1-5-2"", 0.0389]]",1-2,0.4184,False,True,0.8201,中,"{""逃げ"": 56.9, ""差し"": 11.0, ""まくり差し"": 11.8, ""まくり"": 12.0, ""抜き"": 7.3, ""恵まれ"": 1.0}","[""0〜600円"", ""600〜740円"", ""740〜890円"", ""890〜1050円"", ""1050〜1220円"", ""1220〜1410円"", ""1410〜1630円"", ""1630〜1890円"", ""1890〜2200円"", ""2200〜2560円"", ""2560〜3020円"", ""3020〜3570円"", ""3570〜4280円"", ""4280〜5210円"", ""5210〜6480円"", ""6480〜8300円"", ""8300〜11200円"", ""11200〜16230円"", ""16230〜28240円"", ""28240円〜""]","[5.8, 5.9, 5.8, 5.3, 6.3, 5.5, 5.6, 4.5, 4.6, 4.9, 5.2, 4.0, 4.8, 4.1, 4.9, 4.2, 4.4, 4.6, 4.8, 4.6]","[0.8, 0.9, 0.8, 0.3, 1.3, 0.5, 0.6, -0.5, -0.4, -0.1, 0.2, -1.0, -0.2, -0.9, -0.1, -0.8, -0.6, -0.4, -0.2, -0.4]"
20260929,19,12,1,56.1,"[[""1-4-3"", 0.0803], [""1-3-4"", 0.0726], [""1-4-2"", 0.091], [""1-2-4"", 0.0789], [""1-3-2"", 0.0664], [""1-2-3"", 0.0636], [""1-4-6"", 0.022], [""1-4-5"", 0.0171], [""1-3-6"", 0.0161]]",4,45.5,"[[""4-1-3"", 0.0312], [""4-1-2"", 0.0354]]","[[""3-1-4"", 0.0275], [""2-1-4"", 0.0295], [""3-1-2"", 0.0251], [""2-1-3"", 0.0238]]",,,False,False,0.7852,強,"{""逃げ"": 69.7, ""まくり差し"": 9.3, ""まくり"": 8.5, ""差し"": 7.1, ""抜き"": 5.0, ""恵まれ"": 0.3}","[""0〜600円"", ""600〜740円"", ""740〜890円"", ""890〜1050円"", ""1050〜1220円"", ""1220〜1410円"", ""1410〜1630円"", ""1630〜1890円"", ""1890〜2200円"", ""2200〜2560円"", ""2560〜3020円"", ""3020〜3570円"", ""3570〜4280円"", ""4280〜5210円"", ""5210〜6480円"", ""6480〜8300円"", ""8300〜11200円"", ""11200〜16230円"", ""16230〜28240円"", ""28240円〜""]","[9.7, 7.0, 7.8, 5.7, 5.8, 5.3, 5.4, 5.2, 4.3, 4.2, 4.2, 4.3, 3.9, 3.9, 3.6, 3.5, 3.4, 3.9, 4.0, 5.0]","[4.7, 2.0, 2.8, 0.7, 0.8, 0.3, 0.4, 0.2, -0.7, -0.8, -0.8, -0.7, -1.1, -1.1, -1.4, -1.5, -1.6, -1.1, -1.0, -0.0]"
20260929,21,1,1,55.9,"[[""1-4-3"", 0.0745], [""1-3-4"", 0.0728], [""1-4-5"", 0.0614], [""1-3-5"", 0.0568], [""1-4-2"", 0.0532], [""1-5-4"", 0.0522], [""1-5-3"", 0.0494], [""1-3-2"", 0.0492], [""1-2-4"", 0.0438]]",4,42.6,"[[""4-1-3"", 0.0254], [""4-1-5"", 0.021], [""4-1-2"", 0.0182]]","[[""1-2-3"", 0.0415], [""3-1-4"", 0.0247], [""1-5-2"", 0.0277], [""1-2-5"", 0.0268]]",,,False,False,0.7852,弱,"{""逃げ"": 36.7, ""まくり"": 22.9, ""まくり差し"": 14.2, ""差し"": 16.5, ""抜き"": 8.6, ""恵まれ"": 1.0}","[""0〜600円"", ""600〜740円"", ""740〜890円"", ""890〜1050円"", ""1050〜1220円"", ""1220〜1410円"", ""1410〜1630円"", ""1630〜1890円"", ""1890〜2200円"", ""2200〜2560円"", ""2560〜3020円"", ""3020〜3570円"", ""3570〜4280円"", ""4280〜5210円"", ""5210〜6480円"", ""6480〜8300円"", ""8300〜11200円"", ""11200〜16230円"", ""16230〜28240円"", ""28240円〜""]","[1.0, 2.4, 3.4, 4.2, 4.9, 5.4, 5.7, 5.0, 4.9, 5.1, 5.3, 5.2, 5.2, 6.2, 6.7, 6.6, 5.9, 5.4, 6.4, 5.1]","[-4.0, -2.6, -1.6, -0.8, -0.1, 0.4, 0.7, 0.0, -0.1, 0.1, 0.3, 0.2, 0.2, 1.2, 1.7, 1.6, 0.9, 0.4, 1.4, 0.1]"
20260929,21,2,1,46.0,"[[""1-4-2"", 0.0917], [""1-2-4"", 0.0821], [""1-4-3"", 0.0599], [""1-2-3"", 0.0428], [""1-4-5"", 0.0428], [""1-2-5"", 0.0306], [""1-4-6"", 0.0281], [""1-2-6"", 0.02]]",2,38.2,"[[""2-1-4"", 0.0307], [""2-1-3"", 0.016], [""2-1-5"", 0.0114]]","[[""1-3-4"", 0.045], [""4-1-2"", 0.0353], [""1-3-2"", 0.0359], [""1-5-4"", 0.0305]]",,,False,True,0.8201,強,"{""逃げ"": 66.2, ""まくり"": 10.8, ""まくり差し"": 10.7, ""抜き"": 6.1, ""差し"": 5.4, ""恵まれ"": 0.9}","[""0〜600円"", ""600〜740円"", ""740〜890円"", ""890〜1050円"", ""1050〜1220円"", ""1220〜1410円"", ""1410〜1630円"", ""1630〜1890円"", ""1890〜2200円"", ""2200〜2560円"", ""2560〜3020円"", ""3020〜3570円"", ""3570〜4280円"", ""4280〜5210円"", ""5210〜6480円"", ""6480〜8300円"", ""8300〜11200円"", ""11200〜16230円"", ""16230〜28240円"", ""28240円〜""]","[8.6, 7.6, 6.1, 6.6, 6.1, 5.5, 5.0, 5.0, 4.4, 3.9, 4.2, 4.1, 3.5, 4.0, 3.3, 3.7, 4.3, 3.9, 4.0, 6.1]","[3.6, 2.6, 1.1, 1.6, 1.1, 0.5, -0.0, 0.0, -0.6, -1.1, -0.8, -0.9, -1.5, -1.0, -1.7, -1.3, -0.7, -1.1, -1.0, 1.1]"
20260929,21,3,1,54.3,"[[""1-3-5"", 0.1329], [""1-3-4"", 0.0828], [""1-3-2"", 0.0798], [""1-3-6"", 0.042]]",3,30.0,"[[""3-1-5"", 0.0703], [""3-1-4"", 0.0438], [""3-1-2"", 0.0422], [""3-1-6"", 0.0222]]","[[""1-5-3"", 0.0625], [""1-4-3"", 0.0353], [""1-2-3"", 0.0339], [""5-1-3"", 0.0268]]",1-3,0.5605,True,True,0.8201,中,"{""逃げ"": 52.3, ""まくり"": 17.8, ""まくり差し"": 12.2, ""差し"": 9.7, ""抜き"": 7.0, ""恵まれ"": 1.0}","[""0〜600円"", ""600〜740円"", ""740〜890円"", ""890〜1050円"", ""1050〜1220円"", ""1220〜1410円"", ""1410〜1630円"", ""1630〜1890円"", ""1890〜2200円"", ""2200〜2560円"", ""2560〜3020円"", ""3020〜3570円"", ""3570〜4280円"", ""4280〜5210円"", ""5210〜6480円"", ""6480〜8300円"", ""8300〜11200円"", ""11200〜16230円"", ""16230〜28240円"", ""28240円〜""]","[4.9, 4.5, 5.7, 5.4, 6.5, 4.9, 5.1, 4.2, 3.9, 5.3, 3.6, 5.0, 4.4, 4.6, 4.6, 5.5, 5.4, 4.9, 5.2, 6.3]","[-0.1, -0.5, 0.7, 0.4, 1.5, -0.1, 0.1, -0.8, -1.1, 0.3, -1.4, 0.0, -0.6, -0.4, -0.4, 0.5, 0.4, -0.1, 0.2, 1.3]"
20260929,21,4,1,54.9,"[[""1-4-3"", 0.1179], [""1-4-6"", 0.0855], [""1-4-2"", 0.0702], [""1-4-5"", 0.0642]]",3,36.4,"[[""3-1-4"", 0.0102]]","[[""1-3-4"", 0.091], [""1-6-4"", 0.0588], [""1-2-4"", 0.0469], [""1-5-4"", 0.0424]]",,,False,True,0.8201,強,"{""逃げ"": 66.2, ""まくり"": 10.8, ""まくり差し"": 10.7, ""抜き"": 6.1, ""差し"": 5.4, ""恵まれ"": 0.9}","[""0〜600円"", ""600〜740円"", ""740〜890円"", ""890〜1050円"", ""1050〜1220円"", ""1220〜1410円"", ""1410〜1630円"", ""1630〜1890円"", ""1890〜2200円"", ""2200〜2560円"", ""2560〜3020円"", ""3020〜3570円"", ""3570〜4280円"", ""4280〜5210円"", ""5210〜6480円"", ""6480〜8300円"", ""8300〜11200円"", ""11200〜16230円"", ""16230〜28240円"", ""28240円〜""]","[8.6, 7.6, 6.1, 6.6, 6.1, 5.5, 5.0, 5.0, 4.4, 3.9, 4.2, 4.1, 3.5, 4.0, 3.3, 3.7, 4.3, 3.9, 4.0, 6.1]","[3.6, 2.6, 1.1, 1.6, 1.1, 0.5, -0.0, 0.0, -0.6, -1.1, -0.8, -0.9, -1.5, -1.0, -1.7, -1.3, -0.7, -1.1, -1.0, 1.1]"
20260929,21,5,1,40.9,"[[""1-4-2"", 0.0849], [""1-4-3"", 0.1059], [""1-4-6"", 0.0451], [""1-4-5"", 0.0114]]",4,31.5,"[[""4-1-2"", 0.042], [""4-1-3"", 0.0524], [""4-1-6"", 0.0223]]","[[""1-2-4"", 0.0593], [""1-3-4"", 0.0736], [""1-2-3"", 0.0356], [""1-3-2"", 0.0354]]",1-4,0.4043,False,False,0.7852,中,"{""逃げ"": 52.3, ""まくり"": 17.8, ""まくり差し"": 12.2, ""差し"": 9.7, ""抜き"": 7.0, ""恵まれ"": 1.0}","[""0〜600円"", ""600〜740円"", ""740〜890円"", ""890〜1050円"", ""1050〜1220円"", ""1220〜1410円"", ""1410〜1630円"", ""1630〜1890円"", ""1890〜2200円"", ""2200〜2560円"", ""2560〜3020円"", ""3020〜3570円"", ""3570〜4280円"", ""4280〜5210円"", ""5210〜6480円"", ""6480〜8300円"", ""8300〜11200円"", ""11200〜16230円"", ""16230〜28240円"", ""28240円〜""]","[4.9, 4.5, 5.7, 5.4, 6.5, 4.9, 5.1, 4.2, 3.9, 5.3, 3.6, 5.0, 4.4, 4.6, 4.6, 5.5, 5.4, 4.9, 5.2, 6.3]","[-0.1, -0.5, 0.7, 0.4, 1.5, -0.1, 0.1, -0.8, -1.1, 0.3, -1.4, 0.0, -0.6, -0.4, -0.4, 0.5, 0.4, -0.1, 0.2, 1.3]"
20260929,21,6,2,55.4,"[[""2-3-1"", 0.0414], [""2-1-3"", 0.0391], [""2-3-5"", 0.0407], [""2-5-3"", 0.036], [""2-1-5"", 0.0335], [""2-5-1"", 0.0313], [""2-3-4"", 0.0201], [""2-3-6"", 0.0199], [""2-1-4"", 0.0165]]",3,51.1,"[[""3-2-1"", 0.0287], [""3-2-5"", 0.0283], [""3-2-4"", 0.0139], [""3-2-6"", 0.0138]]","[[""1-2-3"", 0.0264], [""5-2-3"", 0.0235], [""1-2-5"", 0.0226], [""3-1-2"", 0.017]]",,,False,True,0.8201,中,"{""逃げ"": 52.3, ""まくり"": 17.8, ""まくり差し"": 12.2, ""差し"": 9.7, ""抜き"": 7.0, ""恵まれ"": 1.0}","[""0〜600円"", ""600〜740円"", ""740〜890円"", ""890〜1050円"", ""1050〜1220円"", ""1220〜1410円"", ""1410〜1630円"", ""1630〜1890円"", ""1890〜2200円"", ""2200〜2560円"", ""2560〜3020円"", ""3020〜3570円"", ""3570〜4280円"", ""4280〜5210円"", ""5210〜6480円"", ""6480〜8300円"", ""8300〜11200円"", ""11200〜16230円"", ""16230〜28240円"", ""28240円〜""]","[4.9, 4.5, 5.7, 5.4, 6.5, 4.9, 5.1, 4.2, 3.9, 5.3, 3.6, 5.0, 4.4, 4.6, 4.6, 5.5, 5.4, 4.9, 5.2, 6.3]","[-0.1, -0.5, 0.7, 0.4, 1.5, -0.1, 0.1, -0.8, -1.1, 0.3, -1.4, 0.0, -0.6, -0.4, -0.4, 0.5, 0.4, -0.1, 0.2, 1.3]"
20260929,21,7,1,48.5,"[[""1-4-2"", 0.0632], [""1-4-5"", 0.0622], [""1-4-3"", 0.0386], [""1-4-6"", 0.0313]]",4,24.8,"[[""4-1-2"", 0.0372], [""4-1-5"", 0.0367], [""4-1-3"", 0.0228], [""4-1-6"", 0.0185]]","[[""1-2-4"", 0.0484], [""1-5-4"", 0.0448], [""2-1-4"", 0.0258], [""1-2-5"", 0.0265]]",1-4,0.3379,False,False,0.7852,中,"{""逃げ"": 52.3, ""まくり"": 17.8, ""まくり差し"": 12.2, ""差し"": 9.7, ""抜き"": 7.0, ""恵まれ"": 1.0}","[""0〜600円"", ""600〜740円"", ""740〜890円"", ""890〜1050円"", ""1050〜1220円"", ""1220〜1410円"", ""1410〜1630円"", ""1630〜1890円"", ""1890〜2200円"", ""2200〜2560円"", ""2560〜3020円"", ""3020〜3570円"", ""3570〜4280円"", ""4280〜5210円"", ""5210〜6480円"", ""6480〜8300円"", ""8300〜11200円"", ""11200〜16230円"", ""16230〜28240円"", ""28240円〜""]","[4.9, 4.5, 5.7, 5.4, 6.5, 4.9, 5.1, 4.2, 3.9, 5.3, 3.6, 5.0, 4.4, 4.6, 4.6, 5.5, 5.4, 4.9, 5.2, 6.3]","[-0.1, -0.5, 0.7, 0.4, 1.5, -0.1, 0.1, -0.8, -1.1, 0.3, -1.4, 0.0, -0.6, -0.4, -0.4, 0.5, 0.4, -0.1, 0.2, 1.3]"
20260929,21,8,2,41.3,"[[""2-1-5"", 0.0324], [""2-1-3"", 0.0385], [""2-5-1"", 0.0271], [""2-3-1"", 0.0316], [""2-1-6"", 0.0242], [""2-5-3"", 0.0207], [""2-3-5"", 0.0204], [""2-6-1"", 0.018], [""2-1-4"", 0.0135]]",1,56.8,"[[""1-2-5"", 0.0283], [""1-2-3"", 0.0336], [""1-2-6"", 0.0211], [""1-2-4"", 0.0118]]","[[""5-2-1"", 0.0213], [""1-5-2"", 0.0199], [""3-2-1"", 0.0246], [""1-3-2"", 0.0233]]",,,False,False,0.7852,中,"{""逃げ"": 52.3, ""まくり"": 17.8, ""まくり差し"": 12.2, ""差し"": 9.7, ""抜き"": 7.0, ""恵まれ"": 1.0}","[""0〜600円"", ""600〜740円"", ""740〜890円"", ""890〜1050円"", ""1050〜1220円"", ""1220〜1410円"", ""1410〜1630円"", ""1630〜1890円"", ""1890〜2200円"", ""2200〜2560円"", ""2560〜3020円"", ""3020〜3570円"", ""3570〜4280円"", ""4280〜5210円"", ""5210〜6480円"", ""6480〜8300円"", ""8300〜11200円"", ""11200〜16230円"", ""16230〜28240円"", ""28240円〜""]","[4.9, 4.5, 5.7, 5.4, 6.5, 4.9, 5.1, 4.2, 3.9, 5.3, 3.6, 5.0, 4.4, 4.6, 4.6, 5.5, 5.4, 4.9, 5.2, 6.3]","[-0.1, -0.5, 0.7, 0.4, 1.5, -0.1, 0.1, -0.8, -1.1, 0.3, -1.4, 0.0, -0.6, -0.4, -0.4, 0.5, 0.4, -0.1, 0.2, 1.3]"
20260929,21,9,2,41.4,"[[""2-1-3"", 0.0282], [""2-1-5"", 0.0334], [""2-3-1"", 0.0248], [""2-1-4"", 0.0294], [""2-5-1"", 0.029], [""2-4-1"", 0.0248], [""2-3-5"", 0.0204], [""2-5-3"", 0.0203], [""2-3-4"", 0.018]]",1,,"[[""1-2-3"", 0.0236], [""1-2-5"", 0.0279], [""1-2-4"", 0.0245]]","[[""3-2-1"", 0.0192], [""5-2-1"", 0.0223], [""1-3-2"", 0.0165], [""1-5-2"", 0.0194]]",,,False,True,0.8201,強,"{""逃げ"": 66.2, ""まくり"": 10.8, ""まくり差し"": 10.7, ""抜き"": 6.1, ""差し"": 5.4, ""恵まれ"": 0.9}","[""0〜600円"", ""600〜740円"", ""740〜890円"", ""890〜1050円"", ""1050〜1220円"", ""1220〜1410円"", ""1410〜1630円"", ""1630〜1890円"", ""1890〜2200円"", ""2200〜2560円"", ""2560〜3020円"", ""3020〜3570円"", ""3570〜4280円"", ""4280〜5210円"", ""5210〜6480円"", ""6480〜8300円"", ""8300〜11200円"", ""11200〜16230円"", ""16230〜28240円"", ""28240円〜""]","[8.6, 7.6, 6.1, 6.6, 6.1, 5.5, 5.0, 5.0, 4.4, 3.9, 4.2, 4.1, 3.5, 4.0, 3.3, 3.7, 4.3, 3.9, 4.0, 6.1]","[3.6, 2.6, 1.1, 1.6, 1.1, 0.5, -0.0, 0.0, -0.6, -1.1, -0.8, -0.9, -1.5, -1.0, -1.7, -1.3, -0.7, -1.1, -1.0, 1.1]"
20260929,21,10,1,47.5,"[[""1-4-2"", 0.1238], [""1-4-3"", 0.0994], [""1-4-5"", 0.0307], [""1-4-6"", 0.0158]]",4,29.0,"[[""4-1-2"", 0.0598], [""4-1-3"", 0.048], [""4-1-5"", 0.0148]]","[[""1-2-4"", 0.0843], [""1-3-4"", 0.0599], [""2-1-4"", 0.0365], [""1-2-3"", 0.0356]]",1-4,0.4501,False,False,0.7852,強,"{""逃げ"": 66.2, ""まくり"": 10.8, ""まくり差し"": 10.7, ""抜き"": 6.1, ""差し"": 5.4, ""恵まれ"": 0.9}","[""0〜600円"", ""600〜740円"", ""740〜890円"", ""890〜1050円"", ""1050〜1220円"", ""1220〜1410円"", ""1410〜1630円"", ""1630〜1890円"", ""1890〜2200円"", ""2200〜2560円"", ""2560〜3020円"", ""3020〜3570円"", ""3570〜4280円"", ""4280〜5210円"", ""5210〜6480円"", ""6480〜8300円"", ""8300〜11200円"", ""11200〜16230円"", ""16230〜28240円"", ""28240円〜""]","[8.6, 7.6, 6.1, 6.6, 6.1, 5.5, 5.0, 5.0, 4.4, 3.9, 4.2, 4.1, 3.5, 4.0, 3.3, 3.7, 4.3, 3.9, 4.0, 6.1]","[3.6, 2.6, 1.1, 1.6, 1.1, 0.5, -0.0, 0.0, -0.6, -1.1, -0.8, -0.9, -1.5, -1.0, -1.7, -1.3, -0.7, -1.1, -1.0, 1.1]"
20260929,21,11,1,52.9,"[[""1-4-2"", 0.0471], [""1-2-4"", 0.0455], [""1-4-3"", 0.0561], [""1-3-4"", 0.053], [""1-2-3"", 0.0495], [""1-3-2"", 0.0484], [""1-4-5"", 0.0331], [""1-2-5"", 0.0292], [""1-5-4"", 0.0275]]",2,24.8,"[[""2-1-4"", 0.0228], [""2-1-3"", 0.0248], [""2-1-5"", 0.0146]]","[[""4-1-2"", 0.0239], [""4-1-3"", 0.0285], [""1-3-5"", 0.0267], [""3-1-4"", 0.0263]]",,,False,False,0.7852,強,"{""逃げ"": 66.2, ""まくり"": 10.8, ""まくり差し"": 10.7, ""抜き"": 6.1, ""差し"": 5.4, ""恵まれ"": 0.9}","[""0〜600円"", ""600〜740円"", ""740〜890円"", ""890〜1050円"", ""1050〜1220円"", ""1220〜1410円"", ""1410〜1630円"", ""1630〜1890円"", ""1890〜2200円"", ""2200〜2560円"", ""2560〜3020円"", ""3020〜3570円"", ""3570〜4280円"", ""4280〜5210円"", ""5210〜6480円"", ""6480〜8300円"", ""8300〜11200円"", ""11200〜16230円"", ""16230〜28240円"", ""28240円〜""]","[8.6, 7.6, 6.1, 6.6, 6.1, 5.5, 5.0, 5.0, 4.4, 3.9, 4.2, 4.1, 3.5, 4.0, 3.3, 3.7, 4.3, 3.9, 4.0, 6.1]","[3.6, 2.6, 1.1, 1.6, 1.1, 0.5, -0.0, 0.0, -0.6, -1.1, -0.8, -0.9, -1.5, -1.0, -1.7, -1.3, -0.7, -1.1, -1.0, 1.1]"
20260929,21,12,1,60.0,"[[""1-3-2"", 0.0753], [""1-2-3"", 0.0749], [""1-3-4"", 0.0572], [""1-2-4"", 0.0563], [""1-3-5"", 0.0248], [""1-2-5"", 0.0244], [""1-3-6"", 0.0102], [""1-2-6"", 0.0101]]",3,29.1,"[[""3-1-2"", 0.04], [""3-1-4"", 0.0304], [""3-1-5"", 0.0132]]","[[""2-1-3"", 0.0397], [""1-4-3"", 0.048], [""1-4-2"", 0.0475], [""2-1-4"", 0.0299]]",,,False,True,0.8201,強,"{""逃げ"": 66.2, ""まくり"": 10.8, ""まくり差し"": 10.7, ""抜き"": 6.1, ""差し"": 5.4, ""恵まれ"": 0.9}","[""0〜600円"", ""600〜740円"", ""740〜890円"", ""890〜1050円"", ""1050〜1220円"", ""1220〜1410円"", ""1410〜1630円"", ""1630〜1890円"", ""1890〜2200円"", ""2200〜2560円"", ""2560〜3020円"", ""3020〜3570円"", ""3570〜4280円"", ""4280〜5210円"", ""5210〜6480円"", ""6480〜8300円"", ""8300〜11200円"", ""11200〜16230円"", ""16230〜28240円"", ""28240円〜""]","[8.6, 7.6, 6.1, 6.6, 6.1, 5.5, 5.0, 5.0, 4.4, 3.9, 4.2, 4.1, 3.5, 4.0, 3.3, 3.7, 4.3, 3.9, 4.0, 6.1]","[3.6, 2.6, 1.1, 1.6, 1.1, 0.5, -0.0, 0.0, -0.6, -1.1, -0.8, -0.9, -1.5, -1.0, -1.7, -1.3, -0.7, -1.1, -1.0, 1.1]"
20260929,24,1,1,45.1,"[[""1-2-3"", 0.0757], [""1-2-5"", 0.0624], [""1-2-4"", 0.0581], [""1-2-6"", 0.0366]]",2,35.0,"[[""2-1-3"", 0.0398], [""2-1-5"", 0.0328], [""2-1-4"", 0.0305], [""2-1-6"", 0.0192]]","[[""1-3-2"", 0.054], [""1-5-2"", 0.041], [""1-4-2"", 0.0377], [""3-1-2"", 0.0253]]",1-2,0.3803,False,True,0.8201,弱,"{""逃げ"": 41.6, ""差し"": 17.5, ""まくり"": 18.6, ""まくり差し"": 13.6, ""抜き"": 7.2, ""恵まれ"": 1.4}","[""0〜600円"", ""600〜740円"", ""740〜890円"", ""890〜1050円"", ""1050〜1220円"", ""1220〜1410円"", ""1410〜1630円"", ""1630〜1890円"", ""1890〜2200円"", ""2200〜2560円"", ""2560〜3020円"", ""3020〜3570円"", ""3570〜4280円"", ""4280〜5210円"", ""5210〜6480円"", ""6480〜8300円"", ""8300〜11200円"", ""11200〜16230円"", ""16230〜28240円"", ""28240円〜""]","[1.7, 3.3, 4.5, 4.0, 5.6, 5.9, 5.2, 5.3, 5.2, 5.8, 5.2, 5.9, 6.4, 5.2, 5.2, 6.4, 5.1, 5.0, 5.2, 3.7]","[-3.3, -1.7, -0.5, -1.0, 0.6, 0.9, 0.2, 0.3, 0.2, 0.8, 0.2, 0.9, 1.4, 0.2, 0.2, 1.4, 0.1, 0.0, 0.2, -1.3]"
20260929,24,2,2,50.9,"[[""2-1-6"", 0.0759], [""2-1-3"", 0.0836], [""2-1-4"", 0.0757], [""2-1-5"", 0.0612]]",1,29.4,"[[""1-2-6"", 0.0435], [""1-2-3"", 0.0479], [""1-2-4"", 0.0434], [""1-2-5"", 0.0351]]","[[""2-6-1"", 0.0386], [""2-3-1"", 0.0416], [""2-4-1"", 0.0372], [""2-5-1"", 0.0294]]",1-2,0.499,False,False,0.7852,強,"{""逃げ"": 73.2, ""まくり差し"": 8.4, ""まくり"": 6.7, ""差し"": 6.3, ""抜き"": 4.6, ""恵まれ"": 0.9}","[""0〜600円"", ""600〜740円"", ""740〜890円"", ""890〜1050円"", ""1050〜1220円"", ""1220〜1410円"", ""1410〜1630円"", ""1630〜1890円"", ""1890〜2200円"", ""2200〜2560円"", ""2560〜3020円"", ""3020〜3570円"", ""3570〜4280円"", ""4280〜5210円"", ""5210〜6480円"", ""6480〜8300円"", ""8300〜11200円"", ""11200〜16230円"", ""16230〜28240円"", ""28240円〜""]","[11.0, 8.4, 7.6, 6.8, 6.0, 5.2, 5.8, 4.6, 4.6, 4.2, 4.0, 4.2, 3.7, 3.5, 3.0, 2.9, 3.1, 3.6, 3.2, 4.4]","[6.0, 3.4, 2.6, 1.8, 1.0, 0.2, 0.8, -0.4, -0.4, -0.8, -1.0, -0.8, -1.3, -1.5, -2.0, -2.1, -1.9, -1.4, -1.8, -0.6]"
20260929,24,3,3,50.9,"[[""3-1-4"", 0.1119], [""3-1-6"", 0.0157], [""3-1-2"", 0.0153]]",1,,"[[""1-3-4"", 0.0983], [""1-3-6"", 0.0138], [""1-3-2"", 0.0134]]","[[""3-4-1"", 0.104], [""4-3-1"", 0.0882], [""1-4-3"", 0.0736], [""4-1-3"", 0.0711]]",1-3,0.3324,False,False,0.7852,強,"{""逃げ"": 73.2, ""まくり差し"": 8.4, ""まくり"": 6.7, ""差し"": 6.3, ""抜き"": 4.6, ""恵まれ"": 0.9}","[""0〜600円"", ""600〜740円"", ""740〜890円"", ""890〜1050円"", ""1050〜1220円"", ""1220〜1410円"", ""1410〜1630円"", ""1630〜1890円"", ""1890〜2200円"", ""2200〜2560円"", ""2560〜3020円"", ""3020〜3570円"", ""3570〜4280円"", ""4280〜5210円"", ""5210〜6480円"", ""6480〜8300円"", ""8300〜11200円"", ""11200〜16230円"", ""16230〜28240円"", ""28240円〜""]","[11.0, 8.4, 7.6, 6.8, 6.0, 5.2, 5.8, 4.6, 4.6, 4.2, 4.0, 4.2, 3.7, 3.5, 3.0, 2.9, 3.1, 3.6, 3.2, 4.4]","[6.0, 3.4, 2.6, 1.8, 1.0, 0.2, 0.8, -0.4, -0.4, -0.8, -1.0, -0.8, -1.3, -1.5, -2.0, -2.1, -1.9, -1.4, -1.8, -0.6]"
20260929,24,4,1,36.5,"[[""1-3-4"", 0.0606], [""1-3-5"", 0.0673], [""1-3-2"", 0.0488], [""1-3-6"", 0.0406]]",3,30.4,"[[""3-1-4"", 0.046], [""3-1-5"", 0.0511], [""3-1-2"", 0.037], [""3-1-6"", 0.0308]]","[[""1-4-3"", 0.035], [""1-5-3"", 0.038], [""4-1-3"", 0.0209], [""1-2-3"", 0.0263]]",1-3,0.4114,False,False,0.7852,中,"{""逃げ"": 56.7, ""まくり"": 11.1, ""まくり差し"": 13.0, ""差し"": 11.2, ""抜き"": 6.9, ""恵まれ"": 1.0}","[""0〜600円"", ""600〜740円"", ""740〜890円"", ""890〜1050円"", ""1050〜1220円"", ""1220〜1410円"", ""1410〜1630円"", ""1630〜1890円"", ""1890〜2200円"", ""2200〜2560円"", ""2560〜3020円"", ""3020〜3570円"", ""3570〜4280円"", ""4280〜5210円"", ""5210〜6480円"", ""6480〜8300円"", ""8300〜11200円"", ""11200〜16230円"", ""16230〜28240円"", ""28240円〜""]","[6.8, 6.6, 6.7, 6.1, 4.9, 5.1, 4.6, 4.9, 3.9, 4.4, 4.8, 4.1, 4.4, 4.4, 4.5, 5.0, 4.7, 5.2, 3.9, 4.9]","[1.8, 1.6, 1.7, 1.1, -0.1, 0.1, -0.4, -0.1, -1.1, -0.6, -0.2, -0.9, -0.6, -0.6, -0.5, 0.0, -0.3, 0.2, -1.1, -0.1]"
20260929,24,5,2,55.6,"[[""2-1-3"", 0.0374], [""2-1-5"", 0.0447], [""2-3-1"", 0.0315], [""2-5-1"", 0.0376], [""2-1-4"", 0.0272], [""2-3-5"", 0.0242], [""2-5-3"", 0.0241], [""2-4-1"", 0.0207], [""2-1-6"", 0.0206]]",1,,"[[""1-2-3"", 0.0278], [""1-2-5"", 0.0332], [""1-2-4"", 0.0202], [""1-2-6"", 0.0153]]","[[""3-2-1"", 0.0215], [""5-2-1"", 0.0255], [""1-3-2"", 0.0162], [""1-5-2"", 0.0194]]",,,False,True,0.8201,強,"{""逃げ"": 73.2, ""まくり差し"": 8.4, ""まくり"": 6.7, ""差し"": 6.3, ""抜き"": 4.6, ""恵まれ"": 0.9}","[""0〜600円"", ""600〜740円"", ""740〜890円"", ""890〜1050円"", ""1050〜1220円"", ""1220〜1410円"", ""1410〜1630円"", ""1630〜1890円"", ""1890〜2200円"", ""2200〜2560円"", ""2560〜3020円"", ""3020〜3570円"", ""3570〜4280円"", ""4280〜5210円"", ""5210〜6480円"", ""6480〜8300円"", ""8300〜11200円"", ""11200〜16230円"", ""16230〜28240円"", ""28240円〜""]","[11.0, 8.4, 7.6, 6.8, 6.0, 5.2, 5.8, 4.6, 4.6, 4.2, 4.0, 4.2, 3.7, 3.5, 3.0, 2.9, 3.1, 3.6, 3.2, 4.4]","[6.0, 3.4, 2.6, 1.8, 1.0, 0.2, 0.8, -0.4, -0.4, -0.8, -1.0, -0.8, -1.3, -1.5, -2.0, -2.1, -1.9, -1.4, -1.8, -0.6]"
20260929,24,6,1,53.6,"[[""1-2-5"", 0.0646], [""1-2-4"", 0.0607], [""1-2-3"", 0.0154]]",2,20.7,"[[""2-1-5"", 0.0528], [""2-1-4"", 0.0496], [""2-1-3"", 0.0126]]","[[""1-5-2"", 0.0518], [""5-1-2"", 0.0379], [""1-4-2"", 0.0441], [""2-5-1"", 0.0322]]",1-2,0.304,False,False,0.7852,弱,"{""逃げ"": 41.6, ""差し"": 17.5, ""まくり"": 18.6, ""まくり差し"": 13.6, ""抜き"": 7.2, ""恵まれ"": 1.4}","[""0〜600円"", ""600〜740円"", ""740〜890円"", ""890〜1050円"", ""1050〜1220円"", ""1220〜1410円"", ""1410〜1630円"", ""1630〜1890円"", ""1890〜2200円"", ""2200〜2560円"", ""2560〜3020円"", ""3020〜3570円"", ""3570〜4280円"", ""4280〜5210円"", ""5210〜6480円"", ""6480〜8300円"", ""8300〜11200円"", ""11200〜16230円"", ""16230〜28240円"", ""28240円〜""]","[1.7, 3.3, 4.5, 4.0, 5.6, 5.9, 5.2, 5.3, 5.2, 5.8, 5.2, 5.9, 6.4, 5.2, 5.2, 6.4, 5.1, 5.0, 5.2, 3.7]","[-3.3, -1.7, -0.5, -1.0, 0.6, 0.9, 0.2, 0.3, 0.2, 0.8, 0.2, 0.9, 1.4, 0.2, 0.2, 1.4, 0.1, 0.0, 0.2, -1.3]"
20260929,24,7,1,46.2,"[[""1-3-5"", 0.1259], [""1-3-2"", 0.1278], [""1-3-4"", 0.0972]]",3,22.1,"[[""3-1-5"", 0.0449], [""3-1-2"", 0.0456], [""3-1-4"", 0.0346]]","[[""1-5-3"", 0.068], [""1-2-3"", 0.066], [""1-4-3"", 0.0483], [""5-1-3"", 0.0214]]",1-3,0.5316,True,False,0.7852,強,"{""逃げ"": 73.2, ""まくり差し"": 8.4, ""まくり"": 6.7, ""差し"": 6.3, ""抜き"": 4.6, ""恵まれ"": 0.9}","[""0〜600円"", ""600〜740円"", ""740〜890円"", ""890〜1050円"", ""1050〜1220円"", ""1220〜1410円"", ""1410〜1630円"", ""1630〜1890円"", ""1890〜2200円"", ""2200〜2560円"", ""2560〜3020円"", ""3020〜3570円"", ""3570〜4280円"", ""4280〜5210円"", ""5210〜6480円"", ""6480〜8300円"", ""8300〜11200円"", ""11200〜16230円"", ""16230〜28240円"", ""28240円〜""]","[11.0, 8.4, 7.6, 6.8, 6.0, 5.2, 5.8, 4.6, 4.6, 4.2, 4.0, 4.2, 3.7, 3.5, 3.0, 2.9, 3.1, 3.6, 3.2, 4.4]","[6.0, 3.4, 2.6, 1.8, 1.0, 0.2, 0.8, -0.4, -0.4, -0.8, -1.0, -0.8, -1.3, -1.5, -2.0, -2.1, -1.9, -1.4, -1.8, -0.6]"
20260929,24,8,1,54.0,"[[""1-2-6"", 0.0764], [""1-6-2"", 0.0631], [""1-2-3"", 0.0768], [""1-2-4"", 0.0465], [""1-6-3"", 0.0426], [""1-6-4"", 0.0258]]",6,34.5,"[[""6-1-2"", 0.03], [""6-1-3"", 0.0202], [""6-1-4"", 0.0122]]","[[""1-3-2"", 0.059], [""2-1-6"", 0.0387], [""1-3-6"", 0.0396], [""2-1-3"", 0.0389]]",,,False,False,0.7852,中,"{""逃げ"": 56.7, ""まくり"": 11.1, ""まくり差し"": 13.0, ""差し"": 11.2, ""抜き"": 6.9, ""恵まれ"": 1.0}","[""0〜600円"", ""600〜740円"", ""740〜890円"", ""890〜1050円"", ""1050〜1220円"", ""1220〜1410円"", ""1410〜1630円"", ""1630〜1890円"", ""1890〜2200円"", ""2200〜2560円"", ""2560〜3020円"", ""3020〜3570円"", ""3570〜4280円"", ""4280〜5210円"", ""5210〜6480円"", ""6480〜8300円"", ""8300〜11200円"", ""11200〜16230円"", ""16230〜28240円"", ""28240円〜""]","[6.8, 6.6, 6.7, 6.1, 4.9, 5.1, 4.6, 4.9, 3.9, 4.4, 4.8, 4.1, 4.4, 4.4, 4.5, 5.0, 4.7, 5.2, 3.9, 4.9]","[1.8, 1.6, 1.7, 1.1, -0.1, 0.1, -0.4, -0.1, -1.1, -0.6, -0.2, -0.9, -0.6, -0.6, -0.5, 0.0, -0.3, 0.2, -1.1, -0.1]"
20260929,24,9,1,46.1,"[[""1-5-2"", 0.1043], [""1-2-5"", 0.0881], [""1-5-3"", 0.102], [""1-2-3"", 0.061], [""1-5-4"", 0.0318], [""1-5-6"", 0.0292], [""1-2-4"", 0.019], [""1-2-6"", 0.0175]]",5,31.2,"[[""5-1-2"", 0.0273], [""5-1-3"", 0.0267]]","[[""1-3-5"", 0.0791], [""1-3-2"", 0.056], [""2-1-5"", 0.0224], [""1-4-5"", 0.0208]]",,,False,False,0.7852,中,"{""逃げ"": 56.7, ""まくり"": 11.1, ""まくり差し"": 13.0, ""差し"": 11.2, ""抜き"": 6.9, ""恵まれ"": 1.0}","[""0〜600円"", ""600〜740円"", ""740〜890円"", ""890〜1050円"", ""1050〜1220円"", ""1220〜1410円"", ""1410〜1630円"", ""1630〜1890円"", ""1890〜2200円"", ""2200〜2560円"", ""2560〜3020円"", ""3020〜3570円"", ""3570〜4280円"", ""4280〜5210円"", ""5210〜6480円"", ""6480〜8300円"", ""8300〜11200円"", ""11200〜16230円"", ""16230〜28240円"", ""28240円〜""]","[6.8, 6.6, 6.7, 6.1, 4.9, 5.1, 4.6, 4.9, 3.9, 4.4, 4.8, 4.1, 4.4, 4.4, 4.5, 5.0, 4.7, 5.2, 3.9, 4.9]","[1.8, 1.6, 1.7, 1.1, -0.1, 0.1, -0.4, -0.1, -1.1, -0.6, -0.2, -0.9, -0.6, -0.6, -0.5, 0.0, -0.3, 0.2, -1.1, -0.1]"
20260929,24,10,1,58.2,"[[""1-4-3"", 0.1366], [""1-4-2"", 0.0951], [""1-4-5"", 0.028], [""1-4-6"", 0.0164]]",4,30.4,"[[""4-1-3"", 0.04], [""4-1-2"", 0.0279]]","[[""1-3-4"", 0.1156], [""1-2-4"", 0.0663], [""1-3-2"", 0.0607], [""1-2-3"", 0.05]]",1-4,0.4054,False,False,0.7852,強,"{""逃げ"": 73.2, ""まくり差し"": 8.4, ""まくり"": 6.7, ""差し"": 6.3, ""抜き"": 4.6, ""恵まれ"": 0.9}","[""0〜600円"", ""600〜740円"", ""740〜890円"", ""890〜1050円"", ""1050〜1220円"", ""1220〜1410円"", ""1410〜1630円"", ""1630〜1890円"", ""1890〜2200円"", ""2200〜2560円"", ""2560〜3020円"", ""3020〜3570円"", ""3570〜4280円"", ""4280〜5210円"", ""5210〜6480円"", ""6480〜8300円"", ""8300〜11200円"", ""11200〜16230円"", ""16230〜28240円"", ""28240円〜""]","[11.0, 8.4, 7.6, 6.8, 6.0, 5.2, 5.8, 4.6, 4.6, 4.2, 4.0, 4.2, 3.7, 3.5, 3.0, 2.9, 3.1, 3.6, 3.2, 4.4]","[6.0, 3.4, 2.6, 1.8, 1.0, 0.2, 0.8, -0.4, -0.4, -0.8, -1.0, -0.8, -1.3, -1.5, -2.0, -2.1, -1.9, -1.4, -1.8, -0.6]"
20260929,24,11,1,55.6,"[[""1-2-3"", 0.1118], [""1-3-2"", 0.0967], [""1-2-4"", 0.1058], [""1-3-4"", 0.0687], [""1-2-6"", 0.0259], [""1-2-5"", 0.0225], [""1-3-6"", 0.0168], [""1-3-5"", 0.0146]]",2,31.8,"[[""2-1-3"", 0.0302], [""2-1-4"", 0.0286]]","[[""1-4-2"", 0.0839], [""1-4-3"", 0.063], [""3-1-2"", 0.0255], [""4-1-2"", 0.0217]]",,,False,True,0.8201,強,"{""逃げ"": 73.2, ""まくり差し"": 8.4, ""まくり"": 6.7, ""差し"": 6.3, ""抜き"": 4.6, ""恵まれ"": 0.9}","[""0〜600円"", ""600〜740円"", ""740〜890円"", ""890〜1050円"", ""1050〜1220円"", ""1220〜1410円"", ""1410〜1630円"", ""1630〜1890円"", ""1890〜2200円"", ""2200〜2560円"", ""2560〜3020円"", ""3020〜3570円"", ""3570〜4280円"", ""4280〜5210円"", ""5210〜6480円"", ""6480〜8300円"", ""8300〜11200円"", ""11200〜16230円"", ""16230〜28240円"", ""28240円〜""]","[11.0, 8.4, 7.6, 6.8, 6.0, 5.2, 5.8, 4.6, 4.6, 4.2, 4.0, 4.2, 3.7, 3.5, 3.0, 2.9, 3.1, 3.6, 3.2, 4.4]","[6.0, 3.4, 2.6, 1.8, 1.0, 0.2, 0.8, -0.4, -0.4, -0.8, -1.0, -0.8, -1.3, -1.5, -2.0, -2.1, -1.9, -1.4, -1.8, -0.6]"
20260929,24,12,1,56.4,"[[""1-2-3"", 0.0896], [""1-2-4"", 0.0791], [""1-2-5"", 0.0445], [""1-2-6"", 0.0357]]",2,26.0,"[[""2-1-3"", 0.0342], [""2-1-4"", 0.0302], [""2-1-5"", 0.017], [""2-1-6"", 0.0136]]","[[""1-3-2"", 0.0709], [""1-4-2"", 0.0574], [""1-3-4"", 0.038], [""1-4-3"", 0.0349]]",1-2,0.371,False,True,0.8201,強,"{""逃げ"": 73.2, ""まくり差し"": 8.4, ""まくり"": 6.7, ""差し"": 6.3, ""抜き"": 4.6, ""恵まれ"": 0.9}","[""0〜600円"", ""600〜740円"", ""740〜890円"", ""890〜1050円"", ""1050〜1220円"", ""1220〜1410円"", ""1410〜1630円"", ""1630〜1890円"", ""1890〜2200円"", ""2200〜2560円"", ""2560〜3020円"", ""3020〜3570円"", ""3570〜4280円"", ""4280〜5210円"", ""5210〜6480円"", ""6480〜8300円"", ""8300〜11200円"", ""11200〜16230円"", ""16230〜28240円"", ""28240円〜""]","[11.0, 8.4, 7.6, 6.8, 6.0, 5.2, 5.8, 4.6, 4.6, 4.2, 4.0, 4.2, 3.7, 3.5, 3.0, 2.9, 3.1, 3.6, 3.2, 4.4]","[6.0, 3.4, 2.6, 1.8, 1.0, 0.2, 0.8, -0.4, -0.4, -0.8, -1.0, -0.8, -1.3, -1.5, -2.0, -2.1, -1.9, -1.4, -1.8, -0.6]"
