date,jcd,r,favorite_boat,favorite_nige_rate,scenario1_tickets,challenger_boat,challenger_makuri_rate,scenario2_tickets,scenario3_tickets,aligned_pair,aligned_pair_prob,aligned_pair_flag,knn_agree_trio,knn_trio_calibration_ratio,strength_bin,kimarite_dist,payout_bucket_labels,payout_bucket_pct,payout_bucket_deviation
20260907,01,1,1,66.7,"[[""1-6-4"", 0.0367], [""1-4-6"", 0.0338], [""1-6-3"", 0.0368], [""1-6-2"", 0.0359], [""1-3-6"", 0.0318], [""1-2-6"", 0.0308], [""1-4-3"", 0.0273], [""1-4-2"", 0.0266], [""1-3-4"", 0.0255]]",6,30.6,"[[""6-1-4"", 0.0245], [""6-1-3"", 0.0246], [""6-1-2"", 0.024]]","[[""4-1-6"", 0.0217], [""1-2-4"", 0.0247], [""3-1-6"", 0.0198], [""1-3-2"", 0.0196]]",,,False,False,0.7852,弱,"{""逃げ"": 30.9, ""まくり"": 27.3, ""まくり差し"": 16.7, ""差し"": 17.1, ""抜き"": 7.2, ""恵まれ"": 0.9}","[""0〜600円"", ""600〜740円"", ""740〜890円"", ""890〜1050円"", ""1050〜1220円"", ""1220〜1410円"", ""1410〜1630円"", ""1630〜1890円"", ""1890〜2200円"", ""2200〜2560円"", ""2560〜3020円"", ""3020〜3570円"", ""3570〜4280円"", ""4280〜5210円"", ""5210〜6480円"", ""6480〜8300円"", ""8300〜11200円"", ""11200〜16230円"", ""16230〜28240円"", ""28240円〜""]","[0.4, 1.0, 1.4, 2.5, 3.3, 2.9, 4.0, 5.3, 5.7, 6.2, 4.9, 6.0, 6.8, 8.5, 8.3, 7.0, 6.8, 7.5, 6.5, 5.0]","[-4.6, -4.0, -3.6, -2.5, -1.7, -2.1, -1.0, 0.3, 0.7, 1.2, -0.1, 1.0, 1.8, 3.5, 3.3, 2.0, 1.8, 2.5, 1.5, 0.0]"
20260907,01,2,1,40.2,"[[""1-5-6"", 0.0372], [""1-6-5"", 0.0335], [""1-5-2"", 0.0289], [""1-5-3"", 0.0243], [""1-2-5"", 0.0228], [""1-6-2"", 0.0202], [""1-5-4"", 0.0201], [""1-3-5"", 0.0186], [""1-2-6"", 0.0177]]",5,25.1,"[[""5-1-6"", 0.0304], [""5-1-2"", 0.0236], [""5-1-3"", 0.0198], [""5-1-4"", 0.0164]]","[[""6-1-5"", 0.0257], [""5-6-1"", 0.021], [""6-5-1"", 0.0197], [""1-6-3"", 0.017]]",,,False,False,0.7852,弱,"{""逃げ"": 30.9, ""まくり"": 27.3, ""まくり差し"": 16.7, ""差し"": 17.1, ""抜き"": 7.2, ""恵まれ"": 0.9}","[""0〜600円"", ""600〜740円"", ""740〜890円"", ""890〜1050円"", ""1050〜1220円"", ""1220〜1410円"", ""1410〜1630円"", ""1630〜1890円"", ""1890〜2200円"", ""2200〜2560円"", ""2560〜3020円"", ""3020〜3570円"", ""3570〜4280円"", ""4280〜5210円"", ""5210〜6480円"", ""6480〜8300円"", ""8300〜11200円"", ""11200〜16230円"", ""16230〜28240円"", ""28240円〜""]","[0.4, 1.0, 1.4, 2.5, 3.3, 2.9, 4.0, 5.3, 5.7, 6.2, 4.9, 6.0, 6.8, 8.5, 8.3, 7.0, 6.8, 7.5, 6.5, 5.0]","[-4.6, -4.0, -3.6, -2.5, -1.7, -2.1, -1.0, 0.3, 0.7, 1.2, -0.1, 1.0, 1.8, 3.5, 3.3, 2.0, 1.8, 2.5, 1.5, 0.0]"
20260907,01,3,1,38.5,"[[""1-4-6"", 0.0213], [""1-4-3"", 0.0265], [""1-4-2"", 0.0264], [""1-6-4"", 0.0183], [""1-3-4"", 0.0225], [""1-2-4"", 0.0224], [""1-4-5"", 0.017], [""1-6-3"", 0.0142], [""1-6-2"", 0.0141]]",6,34.5,"[[""6-1-4"", 0.0145], [""6-4-1"", 0.0122], [""6-1-3"", 0.0112], [""6-1-2"", 0.0112]]","[[""4-1-6"", 0.0186], [""4-1-3"", 0.0231], [""4-1-2"", 0.023], [""3-1-4"", 0.0177]]",,,False,False,0.7852,弱,"{""逃げ"": 30.9, ""まくり"": 27.3, ""まくり差し"": 16.7, ""差し"": 17.1, ""抜き"": 7.2, ""恵まれ"": 0.9}","[""0〜600円"", ""600〜740円"", ""740〜890円"", ""890〜1050円"", ""1050〜1220円"", ""1220〜1410円"", ""1410〜1630円"", ""1630〜1890円"", ""1890〜2200円"", ""2200〜2560円"", ""2560〜3020円"", ""3020〜3570円"", ""3570〜4280円"", ""4280〜5210円"", ""5210〜6480円"", ""6480〜8300円"", ""8300〜11200円"", ""11200〜16230円"", ""16230〜28240円"", ""28240円〜""]","[0.4, 1.0, 1.4, 2.5, 3.3, 2.9, 4.0, 5.3, 5.7, 6.2, 4.9, 6.0, 6.8, 8.5, 8.3, 7.0, 6.8, 7.5, 6.5, 5.0]","[-4.6, -4.0, -3.6, -2.5, -1.7, -2.1, -1.0, 0.3, 0.7, 1.2, -0.1, 1.0, 1.8, 3.5, 3.3, 2.0, 1.8, 2.5, 1.5, 0.0]"
20260907,01,4,4,55.0,"[[""4-2-1"", 0.036], [""4-1-2"", 0.0348], [""4-2-5"", 0.0244], [""4-1-5"", 0.0218], [""4-2-3"", 0.0217], [""4-5-2"", 0.0199], [""4-1-3"", 0.0194], [""4-2-6"", 0.0187], [""4-5-1"", 0.0184]]",2,31.9,"[[""2-4-1"", 0.0289], [""2-4-5"", 0.0196], [""2-4-3"", 0.0174], [""2-4-6"", 0.015]]","[[""1-4-2"", 0.0274], [""2-1-4"", 0.0208], [""1-2-4"", 0.0204], [""4-3-2"", 0.0173]]",,,False,False,0.7852,強,"{""逃げ"": 64.8, ""まくり差し"": 12.0, ""まくり"": 11.0, ""差し"": 7.0, ""抜き"": 4.5, ""恵まれ"": 0.8}","[""0〜600円"", ""600〜740円"", ""740〜890円"", ""890〜1050円"", ""1050〜1220円"", ""1220〜1410円"", ""1410〜1630円"", ""1630〜1890円"", ""1890〜2200円"", ""2200〜2560円"", ""2560〜3020円"", ""3020〜3570円"", ""3570〜4280円"", ""4280〜5210円"", ""5210〜6480円"", ""6480〜8300円"", ""8300〜11200円"", ""11200〜16230円"", ""16230〜28240円"", ""28240円〜""]","[7.1, 6.7, 6.4, 5.9, 6.5, 5.6, 5.1, 5.6, 3.6, 4.2, 4.3, 4.1, 4.1, 4.4, 3.8, 3.6, 3.6, 4.7, 5.2, 5.4]","[2.1, 1.7, 1.4, 0.9, 1.5, 0.6, 0.1, 0.6, -1.4, -0.8, -0.7, -0.9, -0.9, -0.6, -1.2, -1.4, -1.4, -0.3, 0.2, 0.4]"
20260907,01,5,1,,"[[""1-4-5"", 0.072], [""1-4-2"", 0.0673], [""1-4-3"", 0.0349], [""1-4-6"", 0.0191]]",4,29.9,"[[""4-1-5"", 0.0437], [""4-1-2"", 0.0409], [""4-1-3"", 0.0212], [""4-1-6"", 0.0116]]","[[""1-5-4"", 0.0564], [""1-2-4"", 0.0484], [""5-1-4"", 0.0312], [""1-5-2"", 0.0321]]",1-4,0.3424,False,False,0.7852,中,"{""逃げ"": 48.7, ""まくり"": 18.7, ""まくり差し"": 14.1, ""差し"": 11.4, ""抜き"": 6.2, ""恵まれ"": 1.0}","[""0〜600円"", ""600〜740円"", ""740〜890円"", ""890〜1050円"", ""1050〜1220円"", ""1220〜1410円"", ""1410〜1630円"", ""1630〜1890円"", ""1890〜2200円"", ""2200〜2560円"", ""2560〜3020円"", ""3020〜3570円"", ""3570〜4280円"", ""4280〜5210円"", ""5210〜6480円"", ""6480〜8300円"", ""8300〜11200円"", ""11200〜16230円"", ""16230〜28240円"", ""28240円〜""]","[2.6, 3.0, 5.0, 5.2, 5.1, 4.6, 4.7, 4.7, 5.0, 4.2, 4.9, 5.4, 4.9, 6.1, 5.6, 6.9, 5.5, 5.9, 5.4, 5.4]","[-2.4, -2.0, -0.0, 0.2, 0.1, -0.4, -0.3, -0.3, -0.0, -0.8, -0.1, 0.4, -0.1, 1.1, 0.6, 1.9, 0.5, 0.9, 0.4, 0.4]"
20260907,01,6,1,30.8,"[[""1-2-5"", 0.0919], [""1-5-2"", 0.0812], [""1-2-4"", 0.0788], [""1-5-4"", 0.0541], [""1-2-3"", 0.0524], [""1-5-3"", 0.036]]",2,29.5,"[[""2-1-5"", 0.0325], [""2-1-4"", 0.0278], [""2-1-3"", 0.0185]]","[[""1-4-2"", 0.0615], [""1-4-5"", 0.0478], [""1-3-2"", 0.0379], [""5-1-2"", 0.0279]]",,,False,False,0.7852,中,"{""逃げ"": 48.7, ""まくり"": 18.7, ""まくり差し"": 14.1, ""差し"": 11.4, ""抜き"": 6.2, ""恵まれ"": 1.0}","[""0〜600円"", ""600〜740円"", ""740〜890円"", ""890〜1050円"", ""1050〜1220円"", ""1220〜1410円"", ""1410〜1630円"", ""1630〜1890円"", ""1890〜2200円"", ""2200〜2560円"", ""2560〜3020円"", ""3020〜3570円"", ""3570〜4280円"", ""4280〜5210円"", ""5210〜6480円"", ""6480〜8300円"", ""8300〜11200円"", ""11200〜16230円"", ""16230〜28240円"", ""28240円〜""]","[2.6, 3.0, 5.0, 5.2, 5.1, 4.6, 4.7, 4.7, 5.0, 4.2, 4.9, 5.4, 4.9, 6.1, 5.6, 6.9, 5.5, 5.9, 5.4, 5.4]","[-2.4, -2.0, -0.0, 0.2, 0.1, -0.4, -0.3, -0.3, -0.0, -0.8, -0.1, 0.4, -0.1, 1.1, 0.6, 1.9, 0.5, 0.9, 0.4, 0.4]"
20260907,01,7,1,60.2,"[[""1-3-4"", 0.0796], [""1-3-5"", 0.0852], [""1-3-2"", 0.0834], [""1-3-6"", 0.0316]]",3,38.3,"[[""3-1-4"", 0.0546], [""3-1-5"", 0.0585], [""3-1-2"", 0.0572], [""3-1-6"", 0.0217]]","[[""1-4-3"", 0.0379], [""1-5-3"", 0.0396], [""1-2-3"", 0.0386], [""4-1-3"", 0.0198]]",1-3,0.5084,False,False,0.7852,中,"{""逃げ"": 48.7, ""まくり"": 18.7, ""まくり差し"": 14.1, ""差し"": 11.4, ""抜き"": 6.2, ""恵まれ"": 1.0}","[""0〜600円"", ""600〜740円"", ""740〜890円"", ""890〜1050円"", ""1050〜1220円"", ""1220〜1410円"", ""1410〜1630円"", ""1630〜1890円"", ""1890〜2200円"", ""2200〜2560円"", ""2560〜3020円"", ""3020〜3570円"", ""3570〜4280円"", ""4280〜5210円"", ""5210〜6480円"", ""6480〜8300円"", ""8300〜11200円"", ""11200〜16230円"", ""16230〜28240円"", ""28240円〜""]","[2.6, 3.0, 5.0, 5.2, 5.1, 4.6, 4.7, 4.7, 5.0, 4.2, 4.9, 5.4, 4.9, 6.1, 5.6, 6.9, 5.5, 5.9, 5.4, 5.4]","[-2.4, -2.0, -0.0, 0.2, 0.1, -0.4, -0.3, -0.3, -0.0, -0.8, -0.1, 0.4, -0.1, 1.1, 0.6, 1.9, 0.5, 0.9, 0.4, 0.4]"
20260907,01,8,1,49.3,"[[""1-5-4"", 0.0614], [""1-5-2"", 0.0399], [""1-5-3"", 0.0374], [""1-5-6"", 0.0255]]",5,24.3,"[[""5-1-4"", 0.0456], [""5-1-2"", 0.0297], [""5-1-3"", 0.0278], [""5-1-6"", 0.019]]","[[""1-4-5"", 0.048], [""4-1-5"", 0.0318], [""5-4-1"", 0.0244], [""1-2-5"", 0.027]]",1-5,0.3098,False,True,0.8201,中,"{""逃げ"": 48.7, ""まくり"": 18.7, ""まくり差し"": 14.1, ""差し"": 11.4, ""抜き"": 6.2, ""恵まれ"": 1.0}","[""0〜600円"", ""600〜740円"", ""740〜890円"", ""890〜1050円"", ""1050〜1220円"", ""1220〜1410円"", ""1410〜1630円"", ""1630〜1890円"", ""1890〜2200円"", ""2200〜2560円"", ""2560〜3020円"", ""3020〜3570円"", ""3570〜4280円"", ""4280〜5210円"", ""5210〜6480円"", ""6480〜8300円"", ""8300〜11200円"", ""11200〜16230円"", ""16230〜28240円"", ""28240円〜""]","[2.6, 3.0, 5.0, 5.2, 5.1, 4.6, 4.7, 4.7, 5.0, 4.2, 4.9, 5.4, 4.9, 6.1, 5.6, 6.9, 5.5, 5.9, 5.4, 5.4]","[-2.4, -2.0, -0.0, 0.2, 0.1, -0.4, -0.3, -0.3, -0.0, -0.8, -0.1, 0.4, -0.1, 1.1, 0.6, 1.9, 0.5, 0.9, 0.4, 0.4]"
20260907,01,9,1,36.5,"[[""1-3-2"", 0.0367], [""1-2-3"", 0.0302], [""1-3-5"", 0.0297], [""1-3-4"", 0.0279], [""1-5-3"", 0.0219], [""1-4-3"", 0.0203], [""1-2-5"", 0.0159], [""1-2-4"", 0.015], [""1-5-2"", 0.0143]]",3,30.6,"[[""3-1-2"", 0.0363], [""3-2-1"", 0.0293], [""3-1-5"", 0.0293], [""3-1-4"", 0.0275], [""3-5-1"", 0.0213], [""3-4-1"", 0.0198]]","[[""2-1-3"", 0.0263], [""2-3-1"", 0.0259], [""5-1-3"", 0.0178], [""5-3-1"", 0.0175]]",,,False,True,0.8201,中,"{""逃げ"": 48.7, ""まくり"": 18.7, ""まくり差し"": 14.1, ""差し"": 11.4, ""抜き"": 6.2, ""恵まれ"": 1.0}","[""0〜600円"", ""600〜740円"", ""740〜890円"", ""890〜1050円"", ""1050〜1220円"", ""1220〜1410円"", ""1410〜1630円"", ""1630〜1890円"", ""1890〜2200円"", ""2200〜2560円"", ""2560〜3020円"", ""3020〜3570円"", ""3570〜4280円"", ""4280〜5210円"", ""5210〜6480円"", ""6480〜8300円"", ""8300〜11200円"", ""11200〜16230円"", ""16230〜28240円"", ""28240円〜""]","[2.6, 3.0, 5.0, 5.2, 5.1, 4.6, 4.7, 4.7, 5.0, 4.2, 4.9, 5.4, 4.9, 6.1, 5.6, 6.9, 5.5, 5.9, 5.4, 5.4]","[-2.4, -2.0, -0.0, 0.2, 0.1, -0.4, -0.3, -0.3, -0.0, -0.8, -0.1, 0.4, -0.1, 1.1, 0.6, 1.9, 0.5, 0.9, 0.4, 0.4]"
20260907,01,10,1,53.7,"[[""1-2-3"", 0.0975], [""1-2-6"", 0.0583], [""1-2-4"", 0.0572], [""1-2-5"", 0.0344]]",2,19.3,"[[""2-1-3"", 0.0655], [""2-1-6"", 0.0392], [""2-1-4"", 0.0384], [""2-1-5"", 0.0231]]","[[""1-3-2"", 0.0575], [""3-1-2"", 0.0317], [""1-6-2"", 0.0304], [""1-4-2"", 0.0297]]",1-2,0.4495,False,True,0.8201,中,"{""逃げ"": 48.7, ""まくり"": 18.7, ""まくり差し"": 14.1, ""差し"": 11.4, ""抜き"": 6.2, ""恵まれ"": 1.0}","[""0〜600円"", ""600〜740円"", ""740〜890円"", ""890〜1050円"", ""1050〜1220円"", ""1220〜1410円"", ""1410〜1630円"", ""1630〜1890円"", ""1890〜2200円"", ""2200〜2560円"", ""2560〜3020円"", ""3020〜3570円"", ""3570〜4280円"", ""4280〜5210円"", ""5210〜6480円"", ""6480〜8300円"", ""8300〜11200円"", ""11200〜16230円"", ""16230〜28240円"", ""28240円〜""]","[2.6, 3.0, 5.0, 5.2, 5.1, 4.6, 4.7, 4.7, 5.0, 4.2, 4.9, 5.4, 4.9, 6.1, 5.6, 6.9, 5.5, 5.9, 5.4, 5.4]","[-2.4, -2.0, -0.0, 0.2, 0.1, -0.4, -0.3, -0.3, -0.0, -0.8, -0.1, 0.4, -0.1, 1.1, 0.6, 1.9, 0.5, 0.9, 0.4, 0.4]"
20260907,01,11,1,57.9,"[[""1-2-3"", 0.069], [""1-3-2"", 0.0601], [""1-2-4"", 0.0632], [""1-3-4"", 0.0427]]",2,25.1,"[[""2-1-3"", 0.0524], [""2-1-4"", 0.048]]","[[""3-1-2"", 0.0428], [""1-4-2"", 0.0496], [""1-4-3"", 0.0385], [""2-3-1"", 0.0314]]",,,False,True,0.8201,中,"{""逃げ"": 48.7, ""まくり"": 18.7, ""まくり差し"": 14.1, ""差し"": 11.4, ""抜き"": 6.2, ""恵まれ"": 1.0}","[""0〜600円"", ""600〜740円"", ""740〜890円"", ""890〜1050円"", ""1050〜1220円"", ""1220〜1410円"", ""1410〜1630円"", ""1630〜1890円"", ""1890〜2200円"", ""2200〜2560円"", ""2560〜3020円"", ""3020〜3570円"", ""3570〜4280円"", ""4280〜5210円"", ""5210〜6480円"", ""6480〜8300円"", ""8300〜11200円"", ""11200〜16230円"", ""16230〜28240円"", ""28240円〜""]","[2.6, 3.0, 5.0, 5.2, 5.1, 4.6, 4.7, 4.7, 5.0, 4.2, 4.9, 5.4, 4.9, 6.1, 5.6, 6.9, 5.5, 5.9, 5.4, 5.4]","[-2.4, -2.0, -0.0, 0.2, 0.1, -0.4, -0.3, -0.3, -0.0, -0.8, -0.1, 0.4, -0.1, 1.1, 0.6, 1.9, 0.5, 0.9, 0.4, 0.4]"
20260907,01,12,1,53.1,"[[""1-2-3"", 0.0842], [""1-3-2"", 0.0768], [""1-2-4"", 0.0845], [""1-4-2"", 0.0721], [""1-3-4"", 0.063], [""1-4-3"", 0.0589], [""1-2-5"", 0.0361], [""1-3-5"", 0.0269], [""1-5-2"", 0.0263]]",2,34.5,"[[""2-1-3"", 0.0288], [""2-1-4"", 0.0289], [""2-1-5"", 0.0124]]","[[""3-1-2"", 0.0258], [""4-1-2"", 0.0238], [""1-5-3"", 0.0215], [""3-1-4"", 0.0211]]",,,False,True,0.8201,強,"{""逃げ"": 64.8, ""まくり差し"": 12.0, ""まくり"": 11.0, ""差し"": 7.0, ""抜き"": 4.5, ""恵まれ"": 0.8}","[""0〜600円"", ""600〜740円"", ""740〜890円"", ""890〜1050円"", ""1050〜1220円"", ""1220〜1410円"", ""1410〜1630円"", ""1630〜1890円"", ""1890〜2200円"", ""2200〜2560円"", ""2560〜3020円"", ""3020〜3570円"", ""3570〜4280円"", ""4280〜5210円"", ""5210〜6480円"", ""6480〜8300円"", ""8300〜11200円"", ""11200〜16230円"", ""16230〜28240円"", ""28240円〜""]","[7.1, 6.7, 6.4, 5.9, 6.5, 5.6, 5.1, 5.6, 3.6, 4.2, 4.3, 4.1, 4.1, 4.4, 3.8, 3.6, 3.6, 4.7, 5.2, 5.4]","[2.1, 1.7, 1.4, 0.9, 1.5, 0.6, 0.1, 0.6, -1.4, -0.8, -0.7, -0.9, -0.9, -0.6, -1.2, -1.4, -1.4, -0.3, 0.2, 0.4]"
20260907,03,1,1,61.6,"[[""1-2-3"", 0.0804], [""1-3-2"", 0.0785], [""1-2-6"", 0.0278], [""1-3-6"", 0.0261], [""1-2-5"", 0.0206], [""1-3-5"", 0.0193], [""1-2-4"", 0.0191], [""1-3-4"", 0.018]]",3,37.5,"[[""3-1-2"", 0.056], [""3-1-6"", 0.0186], [""3-1-5"", 0.0138], [""3-1-4"", 0.0128]]","[[""2-1-3"", 0.0579], [""2-3-1"", 0.0351], [""3-2-1"", 0.0347], [""2-1-6"", 0.0201]]",,,False,True,0.8201,弱,"{""逃げ"": 34.9, ""差し"": 18.3, ""まくり"": 23.8, ""抜き"": 11.1, ""まくり差し"": 10.7, ""恵まれ"": 1.2}","[""0〜600円"", ""600〜740円"", ""740〜890円"", ""890〜1050円"", ""1050〜1220円"", ""1220〜1410円"", ""1410〜1630円"", ""1630〜1890円"", ""1890〜2200円"", ""2200〜2560円"", ""2560〜3020円"", ""3020〜3570円"", ""3570〜4280円"", ""4280〜5210円"", ""5210〜6480円"", ""6480〜8300円"", ""8300〜11200円"", ""11200〜16230円"", ""16230〜28240円"", ""28240円〜""]","[0.4, 0.6, 1.4, 2.8, 3.2, 3.9, 4.8, 5.9, 6.4, 5.2, 5.8, 6.8, 7.1, 6.7, 7.8, 7.1, 7.4, 6.5, 6.2, 4.1]","[-4.6, -4.4, -3.6, -2.2, -1.8, -1.1, -0.2, 0.9, 1.4, 0.2, 0.8, 1.8, 2.1, 1.7, 2.8, 2.1, 2.4, 1.5, 1.2, -0.9]"
20260907,03,2,2,64.6,"[[""2-1-3"", 0.0354], [""2-3-1"", 0.0287], [""2-1-4"", 0.0316], [""2-4-1"", 0.0237], [""2-1-5"", 0.0204], [""2-1-6"", 0.0186], [""2-3-4"", 0.0158], [""2-4-3"", 0.0146], [""2-5-1"", 0.0142]]",1,36.1,"[[""1-2-3"", 0.0338], [""1-2-4"", 0.0302], [""1-2-5"", 0.0195], [""1-2-6"", 0.0178]]","[[""1-3-2"", 0.0258], [""3-2-1"", 0.0241], [""3-1-2"", 0.0227], [""1-4-2"", 0.0214]]",,,False,True,0.8201,中,"{""逃げ"": 46.5, ""差し"": 13.4, ""まくり"": 18.3, ""抜き"": 10.0, ""まくり差し"": 10.0, ""恵まれ"": 1.9}","[""0〜600円"", ""600〜740円"", ""740〜890円"", ""890〜1050円"", ""1050〜1220円"", ""1220〜1410円"", ""1410〜1630円"", ""1630〜1890円"", ""1890〜2200円"", ""2200〜2560円"", ""2560〜3020円"", ""3020〜3570円"", ""3570〜4280円"", ""4280〜5210円"", ""5210〜6480円"", ""6480〜8300円"", ""8300〜11200円"", ""11200〜16230円"", ""16230〜28240円"", ""28240円〜""]","[1.1, 2.5, 3.4, 4.5, 5.2, 5.6, 6.9, 4.9, 6.0, 5.2, 4.7, 5.4, 5.4, 6.3, 5.4, 6.0, 5.2, 7.0, 5.0, 4.3]","[-3.9, -2.5, -1.6, -0.5, 0.2, 0.6, 1.9, -0.1, 1.0, 0.2, -0.3, 0.4, 0.4, 1.3, 0.4, 1.0, 0.2, 2.0, 0.0, -0.7]"
20260907,03,3,1,55.4,"[[""1-5-4"", 0.0258], [""1-4-5"", 0.0247], [""1-5-3"", 0.0267], [""1-5-2"", 0.0264], [""1-3-5"", 0.024], [""1-2-5"", 0.0237], [""1-4-3"", 0.0227], [""1-4-2"", 0.0225], [""1-3-4"", 0.0213]]",2,39.1,"[[""2-1-5"", 0.0187], [""2-1-4"", 0.0166], [""2-5-1"", 0.0151], [""2-1-3"", 0.0135], [""2-4-1"", 0.013], [""2-3-1"", 0.0101]]","[[""5-1-4"", 0.0217], [""4-1-5"", 0.0203], [""5-1-3"", 0.0225], [""5-1-2"", 0.0223]]",,,False,False,0.7852,弱,"{""逃げ"": 34.9, ""差し"": 18.3, ""まくり"": 23.8, ""抜き"": 11.1, ""まくり差し"": 10.7, ""恵まれ"": 1.2}","[""0〜600円"", ""600〜740円"", ""740〜890円"", ""890〜1050円"", ""1050〜1220円"", ""1220〜1410円"", ""1410〜1630円"", ""1630〜1890円"", ""1890〜2200円"", ""2200〜2560円"", ""2560〜3020円"", ""3020〜3570円"", ""3570〜4280円"", ""4280〜5210円"", ""5210〜6480円"", ""6480〜8300円"", ""8300〜11200円"", ""11200〜16230円"", ""16230〜28240円"", ""28240円〜""]","[0.4, 0.6, 1.4, 2.8, 3.2, 3.9, 4.8, 5.9, 6.4, 5.2, 5.8, 6.8, 7.1, 6.7, 7.8, 7.1, 7.4, 6.5, 6.2, 4.1]","[-4.6, -4.4, -3.6, -2.2, -1.8, -1.1, -0.2, 0.9, 1.4, 0.2, 0.8, 1.8, 2.1, 1.7, 2.8, 2.1, 2.4, 1.5, 1.2, -0.9]"
20260907,03,4,1,,"[[""1-2-5"", 0.0341], [""1-5-2"", 0.0339], [""1-2-4"", 0.0335], [""1-5-4"", 0.0328], [""1-4-2"", 0.0303], [""1-4-5"", 0.0299], [""1-2-6"", 0.0215], [""1-5-6"", 0.0211], [""1-6-2"", 0.0177]]",2,78.0,"[[""2-1-5"", 0.0277], [""2-1-4"", 0.0272], [""2-1-6"", 0.0175]]","[[""5-1-2"", 0.0275], [""5-1-4"", 0.0266], [""2-5-1"", 0.0208], [""5-2-1"", 0.0207]]",,,False,False,0.7852,弱,"{""逃げ"": 34.9, ""差し"": 18.3, ""まくり"": 23.8, ""抜き"": 11.1, ""まくり差し"": 10.7, ""恵まれ"": 1.2}","[""0〜600円"", ""600〜740円"", ""740〜890円"", ""890〜1050円"", ""1050〜1220円"", ""1220〜1410円"", ""1410〜1630円"", ""1630〜1890円"", ""1890〜2200円"", ""2200〜2560円"", ""2560〜3020円"", ""3020〜3570円"", ""3570〜4280円"", ""4280〜5210円"", ""5210〜6480円"", ""6480〜8300円"", ""8300〜11200円"", ""11200〜16230円"", ""16230〜28240円"", ""28240円〜""]","[0.4, 0.6, 1.4, 2.8, 3.2, 3.9, 4.8, 5.9, 6.4, 5.2, 5.8, 6.8, 7.1, 6.7, 7.8, 7.1, 7.4, 6.5, 6.2, 4.1]","[-4.6, -4.4, -3.6, -2.2, -1.8, -1.1, -0.2, 0.9, 1.4, 0.2, 0.8, 1.8, 2.1, 1.7, 2.8, 2.1, 2.4, 1.5, 1.2, -0.9]"
20260907,03,5,1,60.0,"[[""1-4-6"", 0.023], [""1-6-4"", 0.0219], [""1-4-2"", 0.0278], [""1-2-4"", 0.026], [""1-4-3"", 0.0253], [""1-3-4"", 0.0231], [""1-6-2"", 0.023], [""1-2-6"", 0.0226], [""1-6-3"", 0.021]]",3,36.5,"[[""3-1-4"", 0.0186], [""3-1-6"", 0.0162], [""3-1-2"", 0.0153], [""3-4-1"", 0.0153], [""3-6-1"", 0.0128], [""3-2-1"", 0.012]]","[[""4-1-6"", 0.0197], [""4-1-2"", 0.0237], [""6-1-4"", 0.0182], [""4-1-3"", 0.0216]]",,,False,False,0.7852,弱,"{""逃げ"": 34.9, ""差し"": 18.3, ""まくり"": 23.8, ""抜き"": 11.1, ""まくり差し"": 10.7, ""恵まれ"": 1.2}","[""0〜600円"", ""600〜740円"", ""740〜890円"", ""890〜1050円"", ""1050〜1220円"", ""1220〜1410円"", ""1410〜1630円"", ""1630〜1890円"", ""1890〜2200円"", ""2200〜2560円"", ""2560〜3020円"", ""3020〜3570円"", ""3570〜4280円"", ""4280〜5210円"", ""5210〜6480円"", ""6480〜8300円"", ""8300〜11200円"", ""11200〜16230円"", ""16230〜28240円"", ""28240円〜""]","[0.4, 0.6, 1.4, 2.8, 3.2, 3.9, 4.8, 5.9, 6.4, 5.2, 5.8, 6.8, 7.1, 6.7, 7.8, 7.1, 7.4, 6.5, 6.2, 4.1]","[-4.6, -4.4, -3.6, -2.2, -1.8, -1.1, -0.2, 0.9, 1.4, 0.2, 0.8, 1.8, 2.1, 1.7, 2.8, 2.1, 2.4, 1.5, 1.2, -0.9]"
20260907,03,6,1,64.8,"[[""1-3-2"", 0.0557], [""1-3-4"", 0.0631], [""1-3-5"", 0.0278]]",3,37.1,"[[""3-1-2"", 0.052], [""3-1-4"", 0.0589], [""3-1-5"", 0.026]]","[[""1-2-3"", 0.0371], [""1-4-3"", 0.0413], [""3-2-1"", 0.0318], [""3-4-1"", 0.0354]]",1-3,0.3244,False,True,0.8201,弱,"{""逃げ"": 34.9, ""差し"": 18.3, ""まくり"": 23.8, ""抜き"": 11.1, ""まくり差し"": 10.7, ""恵まれ"": 1.2}","[""0〜600円"", ""600〜740円"", ""740〜890円"", ""890〜1050円"", ""1050〜1220円"", ""1220〜1410円"", ""1410〜1630円"", ""1630〜1890円"", ""1890〜2200円"", ""2200〜2560円"", ""2560〜3020円"", ""3020〜3570円"", ""3570〜4280円"", ""4280〜5210円"", ""5210〜6480円"", ""6480〜8300円"", ""8300〜11200円"", ""11200〜16230円"", ""16230〜28240円"", ""28240円〜""]","[0.4, 0.6, 1.4, 2.8, 3.2, 3.9, 4.8, 5.9, 6.4, 5.2, 5.8, 6.8, 7.1, 6.7, 7.8, 7.1, 7.4, 6.5, 6.2, 4.1]","[-4.6, -4.4, -3.6, -2.2, -1.8, -1.1, -0.2, 0.9, 1.4, 0.2, 0.8, 1.8, 2.1, 1.7, 2.8, 2.1, 2.4, 1.5, 1.2, -0.9]"
20260907,03,7,1,40.6,"[[""1-4-3"", 0.0796], [""1-4-2"", 0.0304]]",3,33.7,"[[""3-1-4"", 0.0677], [""3-1-2"", 0.0258]]","[[""1-3-4"", 0.0794], [""4-1-3"", 0.068], [""4-3-1"", 0.0527], [""3-4-1"", 0.0527]]",,,False,False,0.7852,弱,"{""逃げ"": 34.9, ""差し"": 18.3, ""まくり"": 23.8, ""抜き"": 11.1, ""まくり差し"": 10.7, ""恵まれ"": 1.2}","[""0〜600円"", ""600〜740円"", ""740〜890円"", ""890〜1050円"", ""1050〜1220円"", ""1220〜1410円"", ""1410〜1630円"", ""1630〜1890円"", ""1890〜2200円"", ""2200〜2560円"", ""2560〜3020円"", ""3020〜3570円"", ""3570〜4280円"", ""4280〜5210円"", ""5210〜6480円"", ""6480〜8300円"", ""8300〜11200円"", ""11200〜16230円"", ""16230〜28240円"", ""28240円〜""]","[0.4, 0.6, 1.4, 2.8, 3.2, 3.9, 4.8, 5.9, 6.4, 5.2, 5.8, 6.8, 7.1, 6.7, 7.8, 7.1, 7.4, 6.5, 6.2, 4.1]","[-4.6, -4.4, -3.6, -2.2, -1.8, -1.1, -0.2, 0.9, 1.4, 0.2, 0.8, 1.8, 2.1, 1.7, 2.8, 2.1, 2.4, 1.5, 1.2, -0.9]"
20260907,03,8,1,53.4,"[[""1-4-3"", 0.0492], [""1-3-4"", 0.0403], [""1-4-2"", 0.0497], [""1-4-5"", 0.045], [""1-2-4"", 0.0385], [""1-5-4"", 0.0342], [""1-4-6"", 0.0305], [""1-3-2"", 0.0244], [""1-2-3"", 0.0231]]",3,78.0,"[[""3-1-4"", 0.0212], [""3-1-2"", 0.0129], [""3-1-5"", 0.0117]]","[[""4-1-3"", 0.0281], [""4-1-2"", 0.0283], [""4-1-5"", 0.0257], [""1-3-5"", 0.0221]]",,,False,False,0.7852,中,"{""逃げ"": 46.5, ""差し"": 13.4, ""まくり"": 18.3, ""抜き"": 10.0, ""まくり差し"": 10.0, ""恵まれ"": 1.9}","[""0〜600円"", ""600〜740円"", ""740〜890円"", ""890〜1050円"", ""1050〜1220円"", ""1220〜1410円"", ""1410〜1630円"", ""1630〜1890円"", ""1890〜2200円"", ""2200〜2560円"", ""2560〜3020円"", ""3020〜3570円"", ""3570〜4280円"", ""4280〜5210円"", ""5210〜6480円"", ""6480〜8300円"", ""8300〜11200円"", ""11200〜16230円"", ""16230〜28240円"", ""28240円〜""]","[1.1, 2.5, 3.4, 4.5, 5.2, 5.6, 6.9, 4.9, 6.0, 5.2, 4.7, 5.4, 5.4, 6.3, 5.4, 6.0, 5.2, 7.0, 5.0, 4.3]","[-3.9, -2.5, -1.6, -0.5, 0.2, 0.6, 1.9, -0.1, 1.0, 0.2, -0.3, 0.4, 0.4, 1.3, 0.4, 1.0, 0.2, 2.0, 0.0, -0.7]"
20260907,03,9,1,60.4,"[[""1-4-2"", 0.0514], [""1-4-3"", 0.0622], [""1-2-4"", 0.0428], [""1-3-4"", 0.051], [""1-4-5"", 0.0349], [""1-2-3"", 0.0333], [""1-3-2"", 0.0328], [""1-5-4"", 0.0255], [""1-2-5"", 0.0187]]",4,33.8,"[[""4-1-2"", 0.0311], [""4-1-3"", 0.0377], [""4-1-5"", 0.0212], [""4-1-6"", 0.0112]]","[[""2-1-4"", 0.024], [""3-1-4"", 0.0285], [""2-1-3"", 0.0187], [""1-4-6"", 0.0184]]",,,False,False,0.7852,中,"{""逃げ"": 46.5, ""差し"": 13.4, ""まくり"": 18.3, ""抜き"": 10.0, ""まくり差し"": 10.0, ""恵まれ"": 1.9}","[""0〜600円"", ""600〜740円"", ""740〜890円"", ""890〜1050円"", ""1050〜1220円"", ""1220〜1410円"", ""1410〜1630円"", ""1630〜1890円"", ""1890〜2200円"", ""2200〜2560円"", ""2560〜3020円"", ""3020〜3570円"", ""3570〜4280円"", ""4280〜5210円"", ""5210〜6480円"", ""6480〜8300円"", ""8300〜11200円"", ""11200〜16230円"", ""16230〜28240円"", ""28240円〜""]","[1.1, 2.5, 3.4, 4.5, 5.2, 5.6, 6.9, 4.9, 6.0, 5.2, 4.7, 5.4, 5.4, 6.3, 5.4, 6.0, 5.2, 7.0, 5.0, 4.3]","[-3.9, -2.5, -1.6, -0.5, 0.2, 0.6, 1.9, -0.1, 1.0, 0.2, -0.3, 0.4, 0.4, 1.3, 0.4, 1.0, 0.2, 2.0, 0.0, -0.7]"
20260907,03,10,1,56.4,"[[""1-2-3"", 0.1067], [""1-2-4"", 0.0851], [""1-2-5"", 0.0753], [""1-2-6"", 0.0476]]",2,20.3,"[[""2-1-3"", 0.0847], [""2-1-4"", 0.0675], [""2-1-5"", 0.0598], [""2-1-6"", 0.0378]]","[[""1-3-2"", 0.0372], [""1-4-2"", 0.0283], [""2-3-1"", 0.0228], [""1-5-2"", 0.0248]]",1-2,0.6067,True,True,0.8201,強,"{""逃げ"": 56.8, ""差し"": 10.2, ""まくり"": 15.7, ""抜き"": 9.0, ""まくり差し"": 7.3, ""恵まれ"": 1.0}","[""0〜600円"", ""600〜740円"", ""740〜890円"", ""890〜1050円"", ""1050〜1220円"", ""1220〜1410円"", ""1410〜1630円"", ""1630〜1890円"", ""1890〜2200円"", ""2200〜2560円"", ""2560〜3020円"", ""3020〜3570円"", ""3570〜4280円"", ""4280〜5210円"", ""5210〜6480円"", ""6480〜8300円"", ""8300〜11200円"", ""11200〜16230円"", ""16230〜28240円"", ""28240円〜""]","[3.4, 4.2, 5.3, 5.4, 4.6, 5.0, 5.4, 5.5, 5.5, 4.8, 5.7, 5.4, 5.4, 5.3, 5.4, 4.3, 4.5, 4.9, 5.7, 4.2]","[-1.6, -0.8, 0.3, 0.4, -0.4, 0.0, 0.4, 0.5, 0.5, -0.2, 0.7, 0.4, 0.4, 0.3, 0.4, -0.7, -0.5, -0.1, 0.7, -0.8]"
20260907,03,11,1,65.0,"[[""1-4-2"", 0.0932], [""1-2-4"", 0.0837], [""1-4-3"", 0.0492], [""1-2-3"", 0.0366], [""1-4-5"", 0.0284], [""1-2-5"", 0.0211], [""1-4-6"", 0.0179], [""1-2-6"", 0.0133]]",4,37.1,"[[""4-1-2"", 0.0541], [""4-1-3"", 0.0286], [""4-1-5"", 0.0165], [""4-1-6"", 0.0104]]","[[""2-1-4"", 0.0468], [""1-3-4"", 0.0346], [""1-3-2"", 0.0286], [""4-2-1"", 0.0235]]",,,False,True,0.8201,中,"{""逃げ"": 46.5, ""差し"": 13.4, ""まくり"": 18.3, ""抜き"": 10.0, ""まくり差し"": 10.0, ""恵まれ"": 1.9}","[""0〜600円"", ""600〜740円"", ""740〜890円"", ""890〜1050円"", ""1050〜1220円"", ""1220〜1410円"", ""1410〜1630円"", ""1630〜1890円"", ""1890〜2200円"", ""2200〜2560円"", ""2560〜3020円"", ""3020〜3570円"", ""3570〜4280円"", ""4280〜5210円"", ""5210〜6480円"", ""6480〜8300円"", ""8300〜11200円"", ""11200〜16230円"", ""16230〜28240円"", ""28240円〜""]","[1.1, 2.5, 3.4, 4.5, 5.2, 5.6, 6.9, 4.9, 6.0, 5.2, 4.7, 5.4, 5.4, 6.3, 5.4, 6.0, 5.2, 7.0, 5.0, 4.3]","[-3.9, -2.5, -1.6, -0.5, 0.2, 0.6, 1.9, -0.1, 1.0, 0.2, -0.3, 0.4, 0.4, 1.3, 0.4, 1.0, 0.2, 2.0, 0.0, -0.7]"
20260907,03,12,1,59.4,"[[""1-2-3"", 0.1048], [""1-2-4"", 0.1016], [""1-2-6"", 0.0598], [""1-2-5"", 0.0412]]",2,23.8,"[[""2-1-3"", 0.0313], [""2-1-4"", 0.0303], [""2-1-6"", 0.0179], [""2-1-5"", 0.0123]]","[[""1-3-2"", 0.0735], [""1-4-2"", 0.0675], [""1-6-2"", 0.0367], [""1-3-4"", 0.0339]]",1-2,0.4291,False,True,0.8201,強,"{""逃げ"": 56.8, ""差し"": 10.2, ""まくり"": 15.7, ""抜き"": 9.0, ""まくり差し"": 7.3, ""恵まれ"": 1.0}","[""0〜600円"", ""600〜740円"", ""740〜890円"", ""890〜1050円"", ""1050〜1220円"", ""1220〜1410円"", ""1410〜1630円"", ""1630〜1890円"", ""1890〜2200円"", ""2200〜2560円"", ""2560〜3020円"", ""3020〜3570円"", ""3570〜4280円"", ""4280〜5210円"", ""5210〜6480円"", ""6480〜8300円"", ""8300〜11200円"", ""11200〜16230円"", ""16230〜28240円"", ""28240円〜""]","[3.4, 4.2, 5.3, 5.4, 4.6, 5.0, 5.4, 5.5, 5.5, 4.8, 5.7, 5.4, 5.4, 5.3, 5.4, 4.3, 4.5, 4.9, 5.7, 4.2]","[-1.6, -0.8, 0.3, 0.4, -0.4, 0.0, 0.4, 0.5, 0.5, -0.2, 0.7, 0.4, 0.4, 0.3, 0.4, -0.7, -0.5, -0.1, 0.7, -0.8]"
20260907,04,1,2,39.5,"[[""2-1-4"", 0.0388], [""2-1-5"", 0.0386], [""2-4-1"", 0.0303], [""2-1-6"", 0.0326], [""2-5-1"", 0.0283], [""2-6-1"", 0.023], [""2-4-5"", 0.0175], [""2-5-4"", 0.0164], [""2-4-6"", 0.0147]]",1,,"[[""1-2-4"", 0.0363], [""1-2-5"", 0.0361], [""1-2-6"", 0.0304]]","[[""1-4-2"", 0.026], [""4-2-1"", 0.0245], [""4-1-2"", 0.0224], [""1-5-2"", 0.0244]]",,,False,False,0.7852,中,"{""逃げ"": 42.0, ""まくり"": 19.4, ""差し"": 16.7, ""まくり差し"": 13.2, ""抜き"": 7.3, ""恵まれ"": 1.3}","[""0〜600円"", ""600〜740円"", ""740〜890円"", ""890〜1050円"", ""1050〜1220円"", ""1220〜1410円"", ""1410〜1630円"", ""1630〜1890円"", ""1890〜2200円"", ""2200〜2560円"", ""2560〜3020円"", ""3020〜3570円"", ""3570〜4280円"", ""4280〜5210円"", ""5210〜6480円"", ""6480〜8300円"", ""8300〜11200円"", ""11200〜16230円"", ""16230〜28240円"", ""28240円〜""]","[0.7, 1.6, 3.1, 3.3, 4.1, 5.7, 5.2, 5.0, 5.2, 5.7, 5.5, 6.9, 6.3, 5.9, 5.4, 6.2, 7.4, 5.8, 6.0, 5.0]","[-4.3, -3.4, -1.9, -1.7, -0.9, 0.7, 0.2, 0.0, 0.2, 0.7, 0.5, 1.9, 1.3, 0.9, 0.4, 1.2, 2.4, 0.8, 1.0, 0.0]"
20260907,04,2,2,50.7,"[[""2-1-3"", 0.0305], [""2-3-1"", 0.0291], [""2-1-5"", 0.0263], [""2-1-4"", 0.023], [""2-3-5"", 0.0227], [""2-5-1"", 0.0226], [""2-5-3"", 0.0204], [""2-3-4"", 0.0198], [""2-4-1"", 0.0191]]",3,42.1,"[[""3-2-1"", 0.0264], [""3-1-2"", 0.0239], [""3-2-5"", 0.0206], [""3-2-4"", 0.0179], [""3-5-2"", 0.0163], [""3-1-5"", 0.0151]]","[[""1-2-3"", 0.0283], [""1-3-2"", 0.0246], [""1-2-5"", 0.0245], [""1-2-4"", 0.0214]]",,,False,True,0.8201,弱,"{""逃げ"": 27.3, ""まくり"": 25.5, ""差し"": 23.1, ""まくり差し"": 14.7, ""抜き"": 8.0, ""恵まれ"": 1.3}","[""0〜600円"", ""600〜740円"", ""740〜890円"", ""890〜1050円"", ""1050〜1220円"", ""1220〜1410円"", ""1410〜1630円"", ""1630〜1890円"", ""1890〜2200円"", ""2200〜2560円"", ""2560〜3020円"", ""3020〜3570円"", ""3570〜4280円"", ""4280〜5210円"", ""5210〜6480円"", ""6480〜8300円"", ""8300〜11200円"", ""11200〜16230円"", ""16230〜28240円"", ""28240円〜""]","[0.3, 1.1, 0.8, 2.0, 3.1, 3.6, 3.6, 5.0, 6.0, 6.1, 7.6, 6.2, 7.6, 7.1, 8.5, 7.8, 7.5, 6.2, 5.8, 4.1]","[-4.7, -3.9, -4.2, -3.0, -1.9, -1.4, -1.4, -0.0, 1.0, 1.1, 2.6, 1.2, 2.6, 2.1, 3.5, 2.8, 2.5, 1.2, 0.8, -0.9]"
20260907,04,3,1,25.9,"[[""1-2-4"", 0.0308], [""1-4-2"", 0.028], [""1-2-5"", 0.0283], [""1-5-2"", 0.0235], [""1-4-5"", 0.0205], [""1-2-6"", 0.02], [""1-5-4"", 0.0187], [""1-6-2"", 0.0155], [""1-2-3"", 0.0148]]",4,19.4,"[[""4-1-2"", 0.0234], [""4-2-1"", 0.0198], [""4-1-5"", 0.0171], [""4-1-6"", 0.0121], [""4-2-5"", 0.0103]]","[[""2-1-4"", 0.0272], [""2-4-1"", 0.021], [""2-1-5"", 0.025], [""5-1-2"", 0.0185]]",,,False,False,0.7852,中,"{""逃げ"": 42.0, ""まくり"": 19.4, ""差し"": 16.7, ""まくり差し"": 13.2, ""抜き"": 7.3, ""恵まれ"": 1.3}","[""0〜600円"", ""600〜740円"", ""740〜890円"", ""890〜1050円"", ""1050〜1220円"", ""1220〜1410円"", ""1410〜1630円"", ""1630〜1890円"", ""1890〜2200円"", ""2200〜2560円"", ""2560〜3020円"", ""3020〜3570円"", ""3570〜4280円"", ""4280〜5210円"", ""5210〜6480円"", ""6480〜8300円"", ""8300〜11200円"", ""11200〜16230円"", ""16230〜28240円"", ""28240円〜""]","[0.7, 1.6, 3.1, 3.3, 4.1, 5.7, 5.2, 5.0, 5.2, 5.7, 5.5, 6.9, 6.3, 5.9, 5.4, 6.2, 7.4, 5.8, 6.0, 5.0]","[-4.3, -3.4, -1.9, -1.7, -0.9, 0.7, 0.2, 0.0, 0.2, 0.7, 0.5, 1.9, 1.3, 0.9, 0.4, 1.2, 2.4, 0.8, 1.0, 0.0]"
20260907,04,4,1,44.8,"[[""1-4-2"", 0.0677], [""1-4-6"", 0.077], [""1-4-5"", 0.0504], [""1-4-3"", 0.0423]]",4,19.3,"[[""4-1-2"", 0.0452], [""4-1-6"", 0.0513], [""4-1-5"", 0.0336], [""4-1-3"", 0.0282]]","[[""1-2-4"", 0.0398], [""1-6-4"", 0.0443], [""2-1-4"", 0.0216], [""1-5-4"", 0.0273]]",1-4,0.4267,False,False,0.7852,弱,"{""逃げ"": 27.3, ""まくり"": 25.5, ""差し"": 23.1, ""まくり差し"": 14.7, ""抜き"": 8.0, ""恵まれ"": 1.3}","[""0〜600円"", ""600〜740円"", ""740〜890円"", ""890〜1050円"", ""1050〜1220円"", ""1220〜1410円"", ""1410〜1630円"", ""1630〜1890円"", ""1890〜2200円"", ""2200〜2560円"", ""2560〜3020円"", ""3020〜3570円"", ""3570〜4280円"", ""4280〜5210円"", ""5210〜6480円"", ""6480〜8300円"", ""8300〜11200円"", ""11200〜16230円"", ""16230〜28240円"", ""28240円〜""]","[0.3, 1.1, 0.8, 2.0, 3.1, 3.6, 3.6, 5.0, 6.0, 6.1, 7.6, 6.2, 7.6, 7.1, 8.5, 7.8, 7.5, 6.2, 5.8, 4.1]","[-4.7, -3.9, -4.2, -3.0, -1.9, -1.4, -1.4, -0.0, 1.0, 1.1, 2.6, 1.2, 2.6, 2.1, 3.5, 2.8, 2.5, 1.2, 0.8, -0.9]"
20260907,04,5,1,42.4,"[[""1-2-3"", 0.0596], [""1-2-4"", 0.0357], [""1-2-5"", 0.0346], [""1-2-6"", 0.016]]",2,26.2,"[[""2-1-3"", 0.0486], [""2-1-4"", 0.0292], [""2-1-5"", 0.0282], [""2-1-6"", 0.0131]]","[[""1-3-2"", 0.0482], [""3-1-2"", 0.0353], [""2-3-1"", 0.0301], [""3-2-1"", 0.027]]",1-2,0.2888,False,True,0.8201,中,"{""逃げ"": 42.0, ""まくり"": 19.4, ""差し"": 16.7, ""まくり差し"": 13.2, ""抜き"": 7.3, ""恵まれ"": 1.3}","[""0〜600円"", ""600〜740円"", ""740〜890円"", ""890〜1050円"", ""1050〜1220円"", ""1220〜1410円"", ""1410〜1630円"", ""1630〜1890円"", ""1890〜2200円"", ""2200〜2560円"", ""2560〜3020円"", ""3020〜3570円"", ""3570〜4280円"", ""4280〜5210円"", ""5210〜6480円"", ""6480〜8300円"", ""8300〜11200円"", ""11200〜16230円"", ""16230〜28240円"", ""28240円〜""]","[0.7, 1.6, 3.1, 3.3, 4.1, 5.7, 5.2, 5.0, 5.2, 5.7, 5.5, 6.9, 6.3, 5.9, 5.4, 6.2, 7.4, 5.8, 6.0, 5.0]","[-4.3, -3.4, -1.9, -1.7, -0.9, 0.7, 0.2, 0.0, 0.2, 0.7, 0.5, 1.9, 1.3, 0.9, 0.4, 1.2, 2.4, 0.8, 1.0, 0.0]"
20260907,04,6,2,58.9,"[[""2-1-3"", 0.1296], [""2-1-6"", 0.0901], [""2-1-4"", 0.0779], [""2-1-5"", 0.01]]",1,26.9,"[[""1-2-3"", 0.0879], [""1-2-6"", 0.0612], [""1-2-4"", 0.0529]]","[[""2-3-1"", 0.0565], [""2-6-1"", 0.0361], [""3-2-1"", 0.0291], [""2-4-1"", 0.0308]]",1-2,0.5641,True,True,0.8201,強,"{""逃げ"": 56.4, ""差し"": 13.1, ""まくり"": 12.0, ""まくり差し"": 10.1, ""抜き"": 7.5, ""恵まれ"": 0.9}","[""0〜600円"", ""600〜740円"", ""740〜890円"", ""890〜1050円"", ""1050〜1220円"", ""1220〜1410円"", ""1410〜1630円"", ""1630〜1890円"", ""1890〜2200円"", ""2200〜2560円"", ""2560〜3020円"", ""3020〜3570円"", ""3570〜4280円"", ""4280〜5210円"", ""5210〜6480円"", ""6480〜8300円"", ""8300〜11200円"", ""11200〜16230円"", ""16230〜28240円"", ""28240円〜""]","[2.7, 3.3, 5.8, 5.9, 5.0, 5.6, 5.1, 4.8, 5.4, 4.5, 5.6, 5.0, 5.2, 4.6, 4.3, 4.8, 5.3, 5.1, 5.9, 6.0]","[-2.3, -1.7, 0.8, 0.9, -0.0, 0.6, 0.1, -0.2, 0.4, -0.5, 0.6, -0.0, 0.2, -0.4, -0.7, -0.2, 0.3, 0.1, 0.9, 1.0]"
20260907,04,7,2,53.2,"[[""2-1-6"", 0.0658], [""2-1-3"", 0.0719], [""2-1-4"", 0.058], [""2-1-5"", 0.03]]",1,45.5,"[[""1-2-6"", 0.0364], [""1-2-3"", 0.0397], [""1-2-4"", 0.0321], [""1-2-5"", 0.0166]]","[[""2-6-1"", 0.0457], [""2-3-1"", 0.0483], [""2-4-1"", 0.0376], [""6-2-1"", 0.0223]]",1-2,0.3784,False,False,0.7852,強,"{""逃げ"": 56.4, ""差し"": 13.1, ""まくり"": 12.0, ""まくり差し"": 10.1, ""抜き"": 7.5, ""恵まれ"": 0.9}","[""0〜600円"", ""600〜740円"", ""740〜890円"", ""890〜1050円"", ""1050〜1220円"", ""1220〜1410円"", ""1410〜1630円"", ""1630〜1890円"", ""1890〜2200円"", ""2200〜2560円"", ""2560〜3020円"", ""3020〜3570円"", ""3570〜4280円"", ""4280〜5210円"", ""5210〜6480円"", ""6480〜8300円"", ""8300〜11200円"", ""11200〜16230円"", ""16230〜28240円"", ""28240円〜""]","[2.7, 3.3, 5.8, 5.9, 5.0, 5.6, 5.1, 4.8, 5.4, 4.5, 5.6, 5.0, 5.2, 4.6, 4.3, 4.8, 5.3, 5.1, 5.9, 6.0]","[-2.3, -1.7, 0.8, 0.9, -0.0, 0.6, 0.1, -0.2, 0.4, -0.5, 0.6, -0.0, 0.2, -0.4, -0.7, -0.2, 0.3, 0.1, 0.9, 1.0]"
20260907,04,8,4,50.5,"[[""4-1-3"", 0.0593], [""4-3-1"", 0.0543], [""4-1-6"", 0.0467], [""4-1-2"", 0.0453], [""4-6-1"", 0.0371], [""4-2-1"", 0.0358], [""4-3-6"", 0.0353], [""4-3-2"", 0.0342], [""4-6-3"", 0.0306]]",1,,"[[""1-4-3"", 0.0356], [""1-4-6"", 0.0281], [""1-4-2"", 0.0272]]","[[""3-4-1"", 0.0315], [""4-2-3"", 0.0295], [""1-3-4"", 0.0169], [""3-1-4"", 0.0163]]",,,False,False,0.7852,強,"{""逃げ"": 56.4, ""差し"": 13.1, ""まくり"": 12.0, ""まくり差し"": 10.1, ""抜き"": 7.5, ""恵まれ"": 0.9}","[""0〜600円"", ""600〜740円"", ""740〜890円"", ""890〜1050円"", ""1050〜1220円"", ""1220〜1410円"", ""1410〜1630円"", ""1630〜1890円"", ""1890〜2200円"", ""2200〜2560円"", ""2560〜3020円"", ""3020〜3570円"", ""3570〜4280円"", ""4280〜5210円"", ""5210〜6480円"", ""6480〜8300円"", ""8300〜11200円"", ""11200〜16230円"", ""16230〜28240円"", ""28240円〜""]","[2.7, 3.3, 5.8, 5.9, 5.0, 5.6, 5.1, 4.8, 5.4, 4.5, 5.6, 5.0, 5.2, 4.6, 4.3, 4.8, 5.3, 5.1, 5.9, 6.0]","[-2.3, -1.7, 0.8, 0.9, -0.0, 0.6, 0.1, -0.2, 0.4, -0.5, 0.6, -0.0, 0.2, -0.4, -0.7, -0.2, 0.3, 0.1, 0.9, 1.0]"
20260907,04,9,1,57.6,"[[""1-3-5"", 0.0391], [""1-3-2"", 0.049], [""1-5-3"", 0.0383], [""1-2-3"", 0.0478], [""1-5-2"", 0.0454], [""1-2-5"", 0.0452], [""1-3-6"", 0.0309], [""1-5-6"", 0.0286], [""1-2-6"", 0.028]]",3,34.5,"[[""3-1-5"", 0.0207], [""3-1-2"", 0.026], [""3-1-6"", 0.0164]]","[[""1-6-3"", 0.0268], [""5-1-3"", 0.0202], [""1-6-5"", 0.0253], [""2-1-3"", 0.0251]]",,,False,False,0.7852,中,"{""逃げ"": 42.0, ""まくり"": 19.4, ""差し"": 16.7, ""まくり差し"": 13.2, ""抜き"": 7.3, ""恵まれ"": 1.3}","[""0〜600円"", ""600〜740円"", ""740〜890円"", ""890〜1050円"", ""1050〜1220円"", ""1220〜1410円"", ""1410〜1630円"", ""1630〜1890円"", ""1890〜2200円"", ""2200〜2560円"", ""2560〜3020円"", ""3020〜3570円"", ""3570〜4280円"", ""4280〜5210円"", ""5210〜6480円"", ""6480〜8300円"", ""8300〜11200円"", ""11200〜16230円"", ""16230〜28240円"", ""28240円〜""]","[0.7, 1.6, 3.1, 3.3, 4.1, 5.7, 5.2, 5.0, 5.2, 5.7, 5.5, 6.9, 6.3, 5.9, 5.4, 6.2, 7.4, 5.8, 6.0, 5.0]","[-4.3, -3.4, -1.9, -1.7, -0.9, 0.7, 0.2, 0.0, 0.2, 0.7, 0.5, 1.9, 1.3, 0.9, 0.4, 1.2, 2.4, 0.8, 1.0, 0.0]"
20260907,04,10,1,50.6,"[[""1-2-3"", 0.0565], [""1-2-4"", 0.0653], [""1-3-2"", 0.0498], [""1-4-2"", 0.0565], [""1-3-4"", 0.0427], [""1-4-3"", 0.0419], [""1-2-5"", 0.0292], [""1-5-2"", 0.0215], [""1-3-5"", 0.0191]]",2,21.2,"[[""2-1-3"", 0.0325], [""2-1-4"", 0.0375], [""2-1-5"", 0.0168]]","[[""3-1-2"", 0.0272], [""4-1-2"", 0.0307], [""3-1-4"", 0.0233], [""4-1-3"", 0.0228]]",,,False,True,0.8201,強,"{""逃げ"": 56.4, ""差し"": 13.1, ""まくり"": 12.0, ""まくり差し"": 10.1, ""抜き"": 7.5, ""恵まれ"": 0.9}","[""0〜600円"", ""600〜740円"", ""740〜890円"", ""890〜1050円"", ""1050〜1220円"", ""1220〜1410円"", ""1410〜1630円"", ""1630〜1890円"", ""1890〜2200円"", ""2200〜2560円"", ""2560〜3020円"", ""3020〜3570円"", ""3570〜4280円"", ""4280〜5210円"", ""5210〜6480円"", ""6480〜8300円"", ""8300〜11200円"", ""11200〜16230円"", ""16230〜28240円"", ""28240円〜""]","[2.7, 3.3, 5.8, 5.9, 5.0, 5.6, 5.1, 4.8, 5.4, 4.5, 5.6, 5.0, 5.2, 4.6, 4.3, 4.8, 5.3, 5.1, 5.9, 6.0]","[-2.3, -1.7, 0.8, 0.9, -0.0, 0.6, 0.1, -0.2, 0.4, -0.5, 0.6, -0.0, 0.2, -0.4, -0.7, -0.2, 0.3, 0.1, 0.9, 1.0]"
20260907,04,11,1,62.3,"[[""1-3-4"", 0.0873], [""1-4-3"", 0.076], [""1-3-5"", 0.0504], [""1-3-6"", 0.0436], [""1-4-5"", 0.0334], [""1-4-6"", 0.029], [""1-3-2"", 0.0269], [""1-4-2"", 0.0178]]",4,33.3,"[[""4-1-3"", 0.0343], [""4-1-5"", 0.0151], [""4-1-6"", 0.0131]]","[[""3-1-4"", 0.0411], [""1-5-3"", 0.0357], [""1-6-3"", 0.0303], [""1-5-4"", 0.0272]]",,,False,False,0.7852,強,"{""逃げ"": 56.4, ""差し"": 13.1, ""まくり"": 12.0, ""まくり差し"": 10.1, ""抜き"": 7.5, ""恵まれ"": 0.9}","[""0〜600円"", ""600〜740円"", ""740〜890円"", ""890〜1050円"", ""1050〜1220円"", ""1220〜1410円"", ""1410〜1630円"", ""1630〜1890円"", ""1890〜2200円"", ""2200〜2560円"", ""2560〜3020円"", ""3020〜3570円"", ""3570〜4280円"", ""4280〜5210円"", ""5210〜6480円"", ""6480〜8300円"", ""8300〜11200円"", ""11200〜16230円"", ""16230〜28240円"", ""28240円〜""]","[2.7, 3.3, 5.8, 5.9, 5.0, 5.6, 5.1, 4.8, 5.4, 4.5, 5.6, 5.0, 5.2, 4.6, 4.3, 4.8, 5.3, 5.1, 5.9, 6.0]","[-2.3, -1.7, 0.8, 0.9, -0.0, 0.6, 0.1, -0.2, 0.4, -0.5, 0.6, -0.0, 0.2, -0.4, -0.7, -0.2, 0.3, 0.1, 0.9, 1.0]"
20260907,04,12,1,58.9,"[[""1-3-4"", 0.126], [""1-3-2"", 0.0839], [""1-3-5"", 0.0819], [""1-3-6"", 0.0587]]",3,23.8,"[[""3-1-4"", 0.0168], [""3-1-2"", 0.0112], [""3-1-5"", 0.0109]]","[[""1-4-3"", 0.092], [""1-2-3"", 0.0535], [""1-5-3"", 0.052], [""1-6-3"", 0.0359]]",1-3,0.4362,False,False,0.7852,強,"{""逃げ"": 56.4, ""差し"": 13.1, ""まくり"": 12.0, ""まくり差し"": 10.1, ""抜き"": 7.5, ""恵まれ"": 0.9}","[""0〜600円"", ""600〜740円"", ""740〜890円"", ""890〜1050円"", ""1050〜1220円"", ""1220〜1410円"", ""1410〜1630円"", ""1630〜1890円"", ""1890〜2200円"", ""2200〜2560円"", ""2560〜3020円"", ""3020〜3570円"", ""3570〜4280円"", ""4280〜5210円"", ""5210〜6480円"", ""6480〜8300円"", ""8300〜11200円"", ""11200〜16230円"", ""16230〜28240円"", ""28240円〜""]","[2.7, 3.3, 5.8, 5.9, 5.0, 5.6, 5.1, 4.8, 5.4, 4.5, 5.6, 5.0, 5.2, 4.6, 4.3, 4.8, 5.3, 5.1, 5.9, 6.0]","[-2.3, -1.7, 0.8, 0.9, -0.0, 0.6, 0.1, -0.2, 0.4, -0.5, 0.6, -0.0, 0.2, -0.4, -0.7, -0.2, 0.3, 0.1, 0.9, 1.0]"
20260907,07,1,2,50.4,"[[""2-4-3"", 0.0553], [""2-3-4"", 0.047], [""2-4-5"", 0.0335], [""2-4-1"", 0.0292], [""2-3-5"", 0.0207], [""2-3-1"", 0.018], [""2-4-6"", 0.0159]]",4,32.5,"[[""4-2-3"", 0.0456], [""4-2-5"", 0.0276], [""4-2-1"", 0.0241], [""4-2-6"", 0.0131]]","[[""3-2-4"", 0.0355], [""4-3-2"", 0.0298], [""3-4-2"", 0.0273], [""2-5-4"", 0.0235]]",,,False,False,0.7852,中,"{""逃げ"": 54.6, ""まくり"": 16.2, ""まくり差し"": 14.1, ""差し"": 9.3, ""抜き"": 5.3, ""恵まれ"": 0.5}","[""0〜600円"", ""600〜740円"", ""740〜890円"", ""890〜1050円"", ""1050〜1220円"", ""1220〜1410円"", ""1410〜1630円"", ""1630〜1890円"", ""1890〜2200円"", ""2200〜2560円"", ""2560〜3020円"", ""3020〜3570円"", ""3570〜4280円"", ""4280〜5210円"", ""5210〜6480円"", ""6480〜8300円"", ""8300〜11200円"", ""11200〜16230円"", ""16230〜28240円"", ""28240円〜""]","[5.7, 5.6, 5.8, 5.2, 5.7, 4.9, 5.6, 5.0, 4.7, 4.4, 5.4, 5.4, 4.2, 4.3, 4.4, 4.0, 5.5, 4.1, 5.2, 4.8]","[0.7, 0.6, 0.8, 0.2, 0.7, -0.1, 0.6, -0.0, -0.3, -0.6, 0.4, 0.4, -0.8, -0.7, -0.6, -1.0, 0.5, -0.9, 0.2, -0.2]"
20260907,07,2,1,80.0,"[[""1-2-3"", 0.0308], [""1-3-2"", 0.0307], [""1-2-5"", 0.0276], [""1-3-5"", 0.0271], [""1-5-2"", 0.0244], [""1-5-3"", 0.0241]]",2,23.7,"[[""2-1-3"", 0.0305], [""2-3-1"", 0.03], [""2-1-5"", 0.0273], [""2-3-5"", 0.0257], [""2-5-1"", 0.0239], [""2-5-3"", 0.0229]]","[[""3-1-2"", 0.0303], [""3-2-1"", 0.0299], [""3-1-5"", 0.0268], [""3-2-5"", 0.0256]]",,,False,True,0.8201,弱,"{""逃げ"": 34.9, ""まくり"": 25.6, ""まくり差し"": 16.3, ""差し"": 15.3, ""抜き"": 7.1, ""恵まれ"": 0.9}","[""0〜600円"", ""600〜740円"", ""740〜890円"", ""890〜1050円"", ""1050〜1220円"", ""1220〜1410円"", ""1410〜1630円"", ""1630〜1890円"", ""1890〜2200円"", ""2200〜2560円"", ""2560〜3020円"", ""3020〜3570円"", ""3570〜4280円"", ""4280〜5210円"", ""5210〜6480円"", ""6480〜8300円"", ""8300〜11200円"", ""11200〜16230円"", ""16230〜28240円"", ""28240円〜""]","[0.9, 2.5, 3.0, 4.2, 4.1, 4.6, 5.9, 5.1, 6.1, 5.2, 5.2, 6.2, 5.4, 6.6, 7.6, 6.9, 5.7, 5.8, 5.4, 3.4]","[-4.1, -2.5, -2.0, -0.8, -0.9, -0.4, 0.9, 0.1, 1.1, 0.2, 0.2, 1.2, 0.4, 1.6, 2.6, 1.9, 0.7, 0.8, 0.4, -1.6]"
20260907,07,3,5,53.4,"[[""5-3-4"", 0.0622], [""5-3-2"", 0.0694], [""5-3-1"", 0.0253], [""5-3-6"", 0.0144]]",3,30.3,"[[""3-5-4"", 0.0483], [""3-5-2"", 0.0539], [""3-5-1"", 0.0196], [""3-5-6"", 0.0112]]","[[""5-4-3"", 0.045], [""5-2-3"", 0.0484], [""4-5-3"", 0.03], [""3-4-5"", 0.0254]]",3-5,0.3344,False,False,0.7852,強,"{""逃げ"": 68.6, ""まくり差し"": 11.8, ""まくり"": 9.8, ""差し"": 4.9, ""抜き"": 4.0, ""恵まれ"": 0.9}","[""0〜600円"", ""600〜740円"", ""740〜890円"", ""890〜1050円"", ""1050〜1220円"", ""1220〜1410円"", ""1410〜1630円"", ""1630〜1890円"", ""1890〜2200円"", ""2200〜2560円"", ""2560〜3020円"", ""3020〜3570円"", ""3570〜4280円"", ""4280〜5210円"", ""5210〜6480円"", ""6480〜8300円"", ""8300〜11200円"", ""11200〜16230円"", ""16230〜28240円"", ""28240円〜""]","[9.6, 7.4, 7.1, 6.0, 5.6, 5.5, 5.0, 5.5, 4.7, 4.8, 5.1, 3.6, 3.8, 4.0, 3.2, 3.9, 3.3, 3.5, 3.9, 4.6]","[4.6, 2.4, 2.1, 1.0, 0.6, 0.5, -0.0, 0.5, -0.3, -0.2, 0.1, -1.4, -1.2, -1.0, -1.8, -1.1, -1.7, -1.5, -1.1, -0.4]"
20260907,07,4,4,52.9,"[[""4-1-5"", 0.036], [""4-1-2"", 0.0411], [""4-1-3"", 0.0361]]",1,33.3,"[[""1-4-5"", 0.0345], [""1-4-2"", 0.0395], [""1-4-3"", 0.0347]]","[[""4-5-1"", 0.0265], [""1-5-4"", 0.0242], [""4-2-1"", 0.0295], [""5-4-1"", 0.0212]]",1-4,0.2545,False,False,0.7852,強,"{""逃げ"": 68.6, ""まくり差し"": 11.8, ""まくり"": 9.8, ""差し"": 4.9, ""抜き"": 4.0, ""恵まれ"": 0.9}","[""0〜600円"", ""600〜740円"", ""740〜890円"", ""890〜1050円"", ""1050〜1220円"", ""1220〜1410円"", ""1410〜1630円"", ""1630〜1890円"", ""1890〜2200円"", ""2200〜2560円"", ""2560〜3020円"", ""3020〜3570円"", ""3570〜4280円"", ""4280〜5210円"", ""5210〜6480円"", ""6480〜8300円"", ""8300〜11200円"", ""11200〜16230円"", ""16230〜28240円"", ""28240円〜""]","[9.6, 7.4, 7.1, 6.0, 5.6, 5.5, 5.0, 5.5, 4.7, 4.8, 5.1, 3.6, 3.8, 4.0, 3.2, 3.9, 3.3, 3.5, 3.9, 4.6]","[4.6, 2.4, 2.1, 1.0, 0.6, 0.5, -0.0, 0.5, -0.3, -0.2, 0.1, -1.4, -1.2, -1.0, -1.8, -1.1, -1.7, -1.5, -1.1, -0.4]"
20260907,07,5,3,68.7,"[[""3-6-1"", 0.0602], [""3-6-2"", 0.0294], [""3-6-5"", 0.0243], [""3-6-4"", 0.0163]]",1,58.2,"[[""1-3-6"", 0.0404], [""1-3-2"", 0.014], [""1-3-5"", 0.0115]]","[[""6-3-1"", 0.0546], [""3-1-6"", 0.0495], [""6-1-3"", 0.0391], [""1-6-3"", 0.0352]]",,,False,False,0.7852,強,"{""逃げ"": 68.6, ""まくり差し"": 11.8, ""まくり"": 9.8, ""差し"": 4.9, ""抜き"": 4.0, ""恵まれ"": 0.9}","[""0〜600円"", ""600〜740円"", ""740〜890円"", ""890〜1050円"", ""1050〜1220円"", ""1220〜1410円"", ""1410〜1630円"", ""1630〜1890円"", ""1890〜2200円"", ""2200〜2560円"", ""2560〜3020円"", ""3020〜3570円"", ""3570〜4280円"", ""4280〜5210円"", ""5210〜6480円"", ""6480〜8300円"", ""8300〜11200円"", ""11200〜16230円"", ""16230〜28240円"", ""28240円〜""]","[9.6, 7.4, 7.1, 6.0, 5.6, 5.5, 5.0, 5.5, 4.7, 4.8, 5.1, 3.6, 3.8, 4.0, 3.2, 3.9, 3.3, 3.5, 3.9, 4.6]","[4.6, 2.4, 2.1, 1.0, 0.6, 0.5, -0.0, 0.5, -0.3, -0.2, 0.1, -1.4, -1.2, -1.0, -1.8, -1.1, -1.7, -1.5, -1.1, -0.4]"
20260907,07,6,1,54.5,"[[""1-5-3"", 0.091], [""1-5-4"", 0.0872], [""1-5-2"", 0.0713], [""1-5-6"", 0.0152]]",5,31.1,"[[""5-1-3"", 0.0286], [""5-1-4"", 0.0275], [""5-1-2"", 0.0225]]","[[""1-3-5"", 0.0715], [""1-4-5"", 0.0636], [""1-2-5"", 0.05], [""1-3-4"", 0.0408]]",1-5,0.3807,False,False,0.7852,強,"{""逃げ"": 68.6, ""まくり差し"": 11.8, ""まくり"": 9.8, ""差し"": 4.9, ""抜き"": 4.0, ""恵まれ"": 0.9}","[""0〜600円"", ""600〜740円"", ""740〜890円"", ""890〜1050円"", ""1050〜1220円"", ""1220〜1410円"", ""1410〜1630円"", ""1630〜1890円"", ""1890〜2200円"", ""2200〜2560円"", ""2560〜3020円"", ""3020〜3570円"", ""3570〜4280円"", ""4280〜5210円"", ""5210〜6480円"", ""6480〜8300円"", ""8300〜11200円"", ""11200〜16230円"", ""16230〜28240円"", ""28240円〜""]","[9.6, 7.4, 7.1, 6.0, 5.6, 5.5, 5.0, 5.5, 4.7, 4.8, 5.1, 3.6, 3.8, 4.0, 3.2, 3.9, 3.3, 3.5, 3.9, 4.6]","[4.6, 2.4, 2.1, 1.0, 0.6, 0.5, -0.0, 0.5, -0.3, -0.2, 0.1, -1.4, -1.2, -1.0, -1.8, -1.1, -1.7, -1.5, -1.1, -0.4]"
20260907,07,7,1,38.7,"[[""1-3-4"", 0.095], [""1-3-2"", 0.1079], [""1-3-5"", 0.0817], [""1-3-6"", 0.0736]]",3,16.2,"[[""3-1-4"", 0.0297], [""3-1-2"", 0.0338], [""3-1-5"", 0.0256], [""3-1-6"", 0.0231]]","[[""1-4-3"", 0.0536], [""1-2-3"", 0.0602], [""1-5-3"", 0.0439], [""1-6-3"", 0.0391]]",1-3,0.4977,False,True,0.8201,中,"{""逃げ"": 54.6, ""まくり"": 16.2, ""まくり差し"": 14.1, ""差し"": 9.3, ""抜き"": 5.3, ""恵まれ"": 0.5}","[""0〜600円"", ""600〜740円"", ""740〜890円"", ""890〜1050円"", ""1050〜1220円"", ""1220〜1410円"", ""1410〜1630円"", ""1630〜1890円"", ""1890〜2200円"", ""2200〜2560円"", ""2560〜3020円"", ""3020〜3570円"", ""3570〜4280円"", ""4280〜5210円"", ""5210〜6480円"", ""6480〜8300円"", ""8300〜11200円"", ""11200〜16230円"", ""16230〜28240円"", ""28240円〜""]","[5.7, 5.6, 5.8, 5.2, 5.7, 4.9, 5.6, 5.0, 4.7, 4.4, 5.4, 5.4, 4.2, 4.3, 4.4, 4.0, 5.5, 4.1, 5.2, 4.8]","[0.7, 0.6, 0.8, 0.2, 0.7, -0.1, 0.6, -0.0, -0.3, -0.6, 0.4, 0.4, -0.8, -0.7, -0.6, -1.0, 0.5, -0.9, 0.2, -0.2]"
20260907,07,8,1,50.4,"[[""1-5-2"", 0.0763], [""1-5-3"", 0.0559], [""1-5-6"", 0.0506], [""1-5-4"", 0.0466]]",5,45.5,"[[""5-1-2"", 0.0373], [""5-1-3"", 0.0273], [""5-1-6"", 0.0247], [""5-1-4"", 0.0228]]","[[""1-2-5"", 0.057], [""1-3-5"", 0.0372], [""1-6-5"", 0.0332], [""2-1-5"", 0.0254]]",1-5,0.3726,False,False,0.7852,中,"{""逃げ"": 54.6, ""まくり"": 16.2, ""まくり差し"": 14.1, ""差し"": 9.3, ""抜き"": 5.3, ""恵まれ"": 0.5}","[""0〜600円"", ""600〜740円"", ""740〜890円"", ""890〜1050円"", ""1050〜1220円"", ""1220〜1410円"", ""1410〜1630円"", ""1630〜1890円"", ""1890〜2200円"", ""2200〜2560円"", ""2560〜3020円"", ""3020〜3570円"", ""3570〜4280円"", ""4280〜5210円"", ""5210〜6480円"", ""6480〜8300円"", ""8300〜11200円"", ""11200〜16230円"", ""16230〜28240円"", ""28240円〜""]","[5.7, 5.6, 5.8, 5.2, 5.7, 4.9, 5.6, 5.0, 4.7, 4.4, 5.4, 5.4, 4.2, 4.3, 4.4, 4.0, 5.5, 4.1, 5.2, 4.8]","[0.7, 0.6, 0.8, 0.2, 0.7, -0.1, 0.6, -0.0, -0.3, -0.6, 0.4, 0.4, -0.8, -0.7, -0.6, -1.0, 0.5, -0.9, 0.2, -0.2]"
20260907,07,9,1,56.0,"[[""1-2-4"", 0.1391], [""1-2-5"", 0.1764], [""1-2-3"", 0.0664], [""1-2-6"", 0.045]]",2,26.7,"[[""2-1-4"", 0.0403], [""2-1-5"", 0.0511], [""2-1-3"", 0.0192], [""2-1-6"", 0.013]]","[[""1-4-2"", 0.0624], [""1-5-2"", 0.0792], [""1-3-2"", 0.027], [""4-1-2"", 0.0159]]",1-2,0.5997,True,False,0.7852,強,"{""逃げ"": 68.6, ""まくり差し"": 11.8, ""まくり"": 9.8, ""差し"": 4.9, ""抜き"": 4.0, ""恵まれ"": 0.9}","[""0〜600円"", ""600〜740円"", ""740〜890円"", ""890〜1050円"", ""1050〜1220円"", ""1220〜1410円"", ""1410〜1630円"", ""1630〜1890円"", ""1890〜2200円"", ""2200〜2560円"", ""2560〜3020円"", ""3020〜3570円"", ""3570〜4280円"", ""4280〜5210円"", ""5210〜6480円"", ""6480〜8300円"", ""8300〜11200円"", ""11200〜16230円"", ""16230〜28240円"", ""28240円〜""]","[9.6, 7.4, 7.1, 6.0, 5.6, 5.5, 5.0, 5.5, 4.7, 4.8, 5.1, 3.6, 3.8, 4.0, 3.2, 3.9, 3.3, 3.5, 3.9, 4.6]","[4.6, 2.4, 2.1, 1.0, 0.6, 0.5, -0.0, 0.5, -0.3, -0.2, 0.1, -1.4, -1.2, -1.0, -1.8, -1.1, -1.7, -1.5, -1.1, -0.4]"
20260907,07,10,1,59.6,"[[""1-2-4"", 0.103], [""1-2-6"", 0.0616], [""1-2-3"", 0.0395], [""1-2-5"", 0.0353]]",2,26.7,"[[""2-1-4"", 0.0458], [""2-1-6"", 0.0274], [""2-1-3"", 0.0176], [""2-1-5"", 0.0157]]","[[""1-4-2"", 0.0821], [""4-1-2"", 0.0343], [""1-6-2"", 0.0406], [""1-4-6"", 0.0323]]",1-2,0.3864,False,False,0.7852,中,"{""逃げ"": 54.6, ""まくり"": 16.2, ""まくり差し"": 14.1, ""差し"": 9.3, ""抜き"": 5.3, ""恵まれ"": 0.5}","[""0〜600円"", ""600〜740円"", ""740〜890円"", ""890〜1050円"", ""1050〜1220円"", ""1220〜1410円"", ""1410〜1630円"", ""1630〜1890円"", ""1890〜2200円"", ""2200〜2560円"", ""2560〜3020円"", ""3020〜3570円"", ""3570〜4280円"", ""4280〜5210円"", ""5210〜6480円"", ""6480〜8300円"", ""8300〜11200円"", ""11200〜16230円"", ""16230〜28240円"", ""28240円〜""]","[5.7, 5.6, 5.8, 5.2, 5.7, 4.9, 5.6, 5.0, 4.7, 4.4, 5.4, 5.4, 4.2, 4.3, 4.4, 4.0, 5.5, 4.1, 5.2, 4.8]","[0.7, 0.6, 0.8, 0.2, 0.7, -0.1, 0.6, -0.0, -0.3, -0.6, 0.4, 0.4, -0.8, -0.7, -0.6, -1.0, 0.5, -0.9, 0.2, -0.2]"
20260907,07,11,1,53.2,"[[""1-3-5"", 0.1047], [""1-3-2"", 0.1027], [""1-3-4"", 0.1027], [""1-3-6"", 0.0641]]",3,36.8,"[[""3-1-5"", 0.0155], [""3-1-2"", 0.0152], [""3-1-4"", 0.0152]]","[[""1-5-3"", 0.0677], [""1-2-3"", 0.0632], [""1-4-3"", 0.0632], [""1-6-3"", 0.0373]]",1-3,0.4625,False,False,0.7852,強,"{""逃げ"": 68.6, ""まくり差し"": 11.8, ""まくり"": 9.8, ""差し"": 4.9, ""抜き"": 4.0, ""恵まれ"": 0.9}","[""0〜600円"", ""600〜740円"", ""740〜890円"", ""890〜1050円"", ""1050〜1220円"", ""1220〜1410円"", ""1410〜1630円"", ""1630〜1890円"", ""1890〜2200円"", ""2200〜2560円"", ""2560〜3020円"", ""3020〜3570円"", ""3570〜4280円"", ""4280〜5210円"", ""5210〜6480円"", ""6480〜8300円"", ""8300〜11200円"", ""11200〜16230円"", ""16230〜28240円"", ""28240円〜""]","[9.6, 7.4, 7.1, 6.0, 5.6, 5.5, 5.0, 5.5, 4.7, 4.8, 5.1, 3.6, 3.8, 4.0, 3.2, 3.9, 3.3, 3.5, 3.9, 4.6]","[4.6, 2.4, 2.1, 1.0, 0.6, 0.5, -0.0, 0.5, -0.3, -0.2, 0.1, -1.4, -1.2, -1.0, -1.8, -1.1, -1.7, -1.5, -1.1, -0.4]"
20260907,07,12,1,44.6,"[[""1-4-2"", 0.1325], [""1-4-3"", 0.0785], [""1-4-5"", 0.0622], [""1-4-6"", 0.0529]]",4,35.0,"[[""4-1-2"", 0.0208], [""4-1-3"", 0.0123]]","[[""1-2-4"", 0.1041], [""1-3-4"", 0.0516], [""1-5-4"", 0.0397], [""1-2-3"", 0.0389]]",1-4,0.4193,False,False,0.7852,強,"{""逃げ"": 68.6, ""まくり差し"": 11.8, ""まくり"": 9.8, ""差し"": 4.9, ""抜き"": 4.0, ""恵まれ"": 0.9}","[""0〜600円"", ""600〜740円"", ""740〜890円"", ""890〜1050円"", ""1050〜1220円"", ""1220〜1410円"", ""1410〜1630円"", ""1630〜1890円"", ""1890〜2200円"", ""2200〜2560円"", ""2560〜3020円"", ""3020〜3570円"", ""3570〜4280円"", ""4280〜5210円"", ""5210〜6480円"", ""6480〜8300円"", ""8300〜11200円"", ""11200〜16230円"", ""16230〜28240円"", ""28240円〜""]","[9.6, 7.4, 7.1, 6.0, 5.6, 5.5, 5.0, 5.5, 4.7, 4.8, 5.1, 3.6, 3.8, 4.0, 3.2, 3.9, 3.3, 3.5, 3.9, 4.6]","[4.6, 2.4, 2.1, 1.0, 0.6, 0.5, -0.0, 0.5, -0.3, -0.2, 0.1, -1.4, -1.2, -1.0, -1.8, -1.1, -1.7, -1.5, -1.1, -0.4]"
20260907,09,1,1,51.6,"[[""1-2-5"", 0.0387], [""1-2-4"", 0.0492], [""1-5-2"", 0.0345], [""1-4-2"", 0.0439], [""1-2-3"", 0.0398], [""1-3-2"", 0.0337], [""1-5-4"", 0.0311], [""1-4-5"", 0.0311], [""1-2-6"", 0.0273]]",3,37.4,"[[""3-1-2"", 0.016], [""3-1-5"", 0.0114], [""3-1-4"", 0.0114]]","[[""1-5-3"", 0.0251], [""1-4-3"", 0.0251], [""2-1-5"", 0.0195], [""2-1-4"", 0.0249]]",,,False,False,0.7852,強,"{""逃げ"": 69.0, ""まくり差し"": 8.8, ""差し"": 8.1, ""まくり"": 7.6, ""抜き"": 5.6, ""恵まれ"": 0.9}","[""0〜600円"", ""600〜740円"", ""740〜890円"", ""890〜1050円"", ""1050〜1220円"", ""1220〜1410円"", ""1410〜1630円"", ""1630〜1890円"", ""1890〜2200円"", ""2200〜2560円"", ""2560〜3020円"", ""3020〜3570円"", ""3570〜4280円"", ""4280〜5210円"", ""5210〜6480円"", ""6480〜8300円"", ""8300〜11200円"", ""11200〜16230円"", ""16230〜28240円"", ""28240円〜""]","[11.8, 7.5, 7.1, 6.4, 5.5, 5.1, 4.5, 5.5, 3.8, 4.7, 4.4, 4.3, 3.7, 3.6, 3.7, 2.8, 3.1, 3.1, 4.5, 4.9]","[6.8, 2.5, 2.1, 1.4, 0.5, 0.1, -0.5, 0.5, -1.2, -0.3, -0.6, -0.7, -1.3, -1.4, -1.3, -2.2, -1.9, -1.9, -0.5, -0.1]"
20260907,09,2,1,47.5,"[[""1-3-4"", 0.0492], [""1-3-2"", 0.0582], [""1-4-3"", 0.0418], [""1-2-3"", 0.0485], [""1-3-5"", 0.0386], [""1-4-2"", 0.0329], [""1-2-4"", 0.0322], [""1-5-3"", 0.0295], [""1-3-6"", 0.0218]]",3,27.5,"[[""3-1-4"", 0.0276], [""3-1-2"", 0.0326], [""3-1-5"", 0.0217], [""3-1-6"", 0.0123]]","[[""4-1-3"", 0.022], [""2-1-3"", 0.0253], [""1-4-5"", 0.0218], [""1-2-5"", 0.0198]]",,,False,False,0.7852,強,"{""逃げ"": 69.0, ""まくり差し"": 8.8, ""差し"": 8.1, ""まくり"": 7.6, ""抜き"": 5.6, ""恵まれ"": 0.9}","[""0〜600円"", ""600〜740円"", ""740〜890円"", ""890〜1050円"", ""1050〜1220円"", ""1220〜1410円"", ""1410〜1630円"", ""1630〜1890円"", ""1890〜2200円"", ""2200〜2560円"", ""2560〜3020円"", ""3020〜3570円"", ""3570〜4280円"", ""4280〜5210円"", ""5210〜6480円"", ""6480〜8300円"", ""8300〜11200円"", ""11200〜16230円"", ""16230〜28240円"", ""28240円〜""]","[11.8, 7.5, 7.1, 6.4, 5.5, 5.1, 4.5, 5.5, 3.8, 4.7, 4.4, 4.3, 3.7, 3.6, 3.7, 2.8, 3.1, 3.1, 4.5, 4.9]","[6.8, 2.5, 2.1, 1.4, 0.5, 0.1, -0.5, 0.5, -1.2, -0.3, -0.6, -0.7, -1.3, -1.4, -1.3, -2.2, -1.9, -1.9, -0.5, -0.1]"
20260907,09,3,1,54.7,"[[""1-3-2"", 0.0495], [""1-3-4"", 0.0594], [""1-2-3"", 0.0432], [""1-4-3"", 0.0516], [""1-3-6"", 0.0409], [""1-2-4"", 0.0359], [""1-4-2"", 0.0358], [""1-6-3"", 0.0327], [""1-2-6"", 0.0248]]",3,23.5,"[[""3-1-2"", 0.0247], [""3-1-4"", 0.0296], [""3-1-6"", 0.0204], [""3-1-5"", 0.0114]]","[[""2-1-3"", 0.0205], [""4-1-3"", 0.0245], [""1-4-6"", 0.0243], [""1-3-5"", 0.0228]]",,,False,True,0.8201,強,"{""逃げ"": 69.0, ""まくり差し"": 8.8, ""差し"": 8.1, ""まくり"": 7.6, ""抜き"": 5.6, ""恵まれ"": 0.9}","[""0〜600円"", ""600〜740円"", ""740〜890円"", ""890〜1050円"", ""1050〜1220円"", ""1220〜1410円"", ""1410〜1630円"", ""1630〜1890円"", ""1890〜2200円"", ""2200〜2560円"", ""2560〜3020円"", ""3020〜3570円"", ""3570〜4280円"", ""4280〜5210円"", ""5210〜6480円"", ""6480〜8300円"", ""8300〜11200円"", ""11200〜16230円"", ""16230〜28240円"", ""28240円〜""]","[11.8, 7.5, 7.1, 6.4, 5.5, 5.1, 4.5, 5.5, 3.8, 4.7, 4.4, 4.3, 3.7, 3.6, 3.7, 2.8, 3.1, 3.1, 4.5, 4.9]","[6.8, 2.5, 2.1, 1.4, 0.5, 0.1, -0.5, 0.5, -1.2, -0.3, -0.6, -0.7, -1.3, -1.4, -1.3, -2.2, -1.9, -1.9, -0.5, -0.1]"
20260907,09,4,1,64.9,"[[""1-2-4"", 0.0606], [""1-2-3"", 0.0743], [""1-4-2"", 0.0542], [""1-3-2"", 0.0655], [""1-4-3"", 0.051], [""1-3-4"", 0.0503], [""1-2-6"", 0.0262], [""1-6-2"", 0.019], [""1-4-6"", 0.018]]",2,29.3,"[[""2-1-4"", 0.0302], [""2-1-3"", 0.037], [""2-1-6"", 0.013]]","[[""4-1-2"", 0.026], [""3-1-2"", 0.0313], [""4-1-3"", 0.0244], [""3-1-4"", 0.024]]",,,False,False,0.7852,強,"{""逃げ"": 69.0, ""まくり差し"": 8.8, ""差し"": 8.1, ""まくり"": 7.6, ""抜き"": 5.6, ""恵まれ"": 0.9}","[""0〜600円"", ""600〜740円"", ""740〜890円"", ""890〜1050円"", ""1050〜1220円"", ""1220〜1410円"", ""1410〜1630円"", ""1630〜1890円"", ""1890〜2200円"", ""2200〜2560円"", ""2560〜3020円"", ""3020〜3570円"", ""3570〜4280円"", ""4280〜5210円"", ""5210〜6480円"", ""6480〜8300円"", ""8300〜11200円"", ""11200〜16230円"", ""16230〜28240円"", ""28240円〜""]","[11.8, 7.5, 7.1, 6.4, 5.5, 5.1, 4.5, 5.5, 3.8, 4.7, 4.4, 4.3, 3.7, 3.6, 3.7, 2.8, 3.1, 3.1, 4.5, 4.9]","[6.8, 2.5, 2.1, 1.4, 0.5, 0.1, -0.5, 0.5, -1.2, -0.3, -0.6, -0.7, -1.3, -1.4, -1.3, -2.2, -1.9, -1.9, -0.5, -0.1]"
20260907,09,5,1,59.9,"[[""1-3-2"", 0.0664], [""1-2-3"", 0.0659], [""1-3-4"", 0.0691], [""1-2-4"", 0.0675], [""1-4-3"", 0.0646], [""1-4-2"", 0.0636], [""1-3-5"", 0.0243], [""1-2-5"", 0.0238], [""1-4-5"", 0.0191]]",3,31.3,"[[""3-1-2"", 0.0283], [""3-1-4"", 0.0295], [""3-1-5"", 0.0104]]","[[""2-1-3"", 0.0281], [""2-1-4"", 0.0287], [""4-1-3"", 0.027], [""4-1-2"", 0.0266]]",,,False,True,0.8201,強,"{""逃げ"": 69.0, ""まくり差し"": 8.8, ""差し"": 8.1, ""まくり"": 7.6, ""抜き"": 5.6, ""恵まれ"": 0.9}","[""0〜600円"", ""600〜740円"", ""740〜890円"", ""890〜1050円"", ""1050〜1220円"", ""1220〜1410円"", ""1410〜1630円"", ""1630〜1890円"", ""1890〜2200円"", ""2200〜2560円"", ""2560〜3020円"", ""3020〜3570円"", ""3570〜4280円"", ""4280〜5210円"", ""5210〜6480円"", ""6480〜8300円"", ""8300〜11200円"", ""11200〜16230円"", ""16230〜28240円"", ""28240円〜""]","[11.8, 7.5, 7.1, 6.4, 5.5, 5.1, 4.5, 5.5, 3.8, 4.7, 4.4, 4.3, 3.7, 3.6, 3.7, 2.8, 3.1, 3.1, 4.5, 4.9]","[6.8, 2.5, 2.1, 1.4, 0.5, 0.1, -0.5, 0.5, -1.2, -0.3, -0.6, -0.7, -1.3, -1.4, -1.3, -2.2, -1.9, -1.9, -0.5, -0.1]"
20260907,09,6,1,52.8,"[[""1-2-3"", 0.0817], [""1-3-2"", 0.0787], [""1-2-4"", 0.0519], [""1-3-4"", 0.0464], [""1-2-5"", 0.0294], [""1-3-5"", 0.0263], [""1-2-6"", 0.0194], [""1-3-6"", 0.0174]]",2,25.0,"[[""2-1-3"", 0.0408], [""2-1-4"", 0.0259], [""2-1-5"", 0.0147]]","[[""3-1-2"", 0.0388], [""1-4-2"", 0.0407], [""1-4-3"", 0.0378], [""3-1-4"", 0.0229]]",,,False,True,0.8201,強,"{""逃げ"": 69.0, ""まくり差し"": 8.8, ""差し"": 8.1, ""まくり"": 7.6, ""抜き"": 5.6, ""恵まれ"": 0.9}","[""0〜600円"", ""600〜740円"", ""740〜890円"", ""890〜1050円"", ""1050〜1220円"", ""1220〜1410円"", ""1410〜1630円"", ""1630〜1890円"", ""1890〜2200円"", ""2200〜2560円"", ""2560〜3020円"", ""3020〜3570円"", ""3570〜4280円"", ""4280〜5210円"", ""5210〜6480円"", ""6480〜8300円"", ""8300〜11200円"", ""11200〜16230円"", ""16230〜28240円"", ""28240円〜""]","[11.8, 7.5, 7.1, 6.4, 5.5, 5.1, 4.5, 5.5, 3.8, 4.7, 4.4, 4.3, 3.7, 3.6, 3.7, 2.8, 3.1, 3.1, 4.5, 4.9]","[6.8, 2.5, 2.1, 1.4, 0.5, 0.1, -0.5, 0.5, -1.2, -0.3, -0.6, -0.7, -1.3, -1.4, -1.3, -2.2, -1.9, -1.9, -0.5, -0.1]"
20260907,09,7,1,56.9,"[[""1-2-3"", 0.0736], [""1-3-2"", 0.0711], [""1-2-5"", 0.0429], [""1-2-4"", 0.0423], [""1-3-5"", 0.0385], [""1-3-4"", 0.038], [""1-5-2"", 0.0337], [""1-4-2"", 0.0331], [""1-5-3"", 0.0313]]",2,29.6,"[[""2-1-3"", 0.035], [""2-1-5"", 0.0204], [""2-1-4"", 0.0202]]","[[""3-1-2"", 0.0335], [""1-4-3"", 0.0308], [""1-2-6"", 0.02], [""3-1-5"", 0.0181]]",,,False,True,0.8201,強,"{""逃げ"": 69.0, ""まくり差し"": 8.8, ""差し"": 8.1, ""まくり"": 7.6, ""抜き"": 5.6, ""恵まれ"": 0.9}","[""0〜600円"", ""600〜740円"", ""740〜890円"", ""890〜1050円"", ""1050〜1220円"", ""1220〜1410円"", ""1410〜1630円"", ""1630〜1890円"", ""1890〜2200円"", ""2200〜2560円"", ""2560〜3020円"", ""3020〜3570円"", ""3570〜4280円"", ""4280〜5210円"", ""5210〜6480円"", ""6480〜8300円"", ""8300〜11200円"", ""11200〜16230円"", ""16230〜28240円"", ""28240円〜""]","[11.8, 7.5, 7.1, 6.4, 5.5, 5.1, 4.5, 5.5, 3.8, 4.7, 4.4, 4.3, 3.7, 3.6, 3.7, 2.8, 3.1, 3.1, 4.5, 4.9]","[6.8, 2.5, 2.1, 1.4, 0.5, 0.1, -0.5, 0.5, -1.2, -0.3, -0.6, -0.7, -1.3, -1.4, -1.3, -2.2, -1.9, -1.9, -0.5, -0.1]"
20260907,09,8,1,62.4,"[[""1-3-4"", 0.0492], [""1-4-3"", 0.0459], [""1-3-2"", 0.0533], [""1-2-3"", 0.0475], [""1-3-5"", 0.0427], [""1-4-2"", 0.0406], [""1-2-4"", 0.0388], [""1-5-3"", 0.0363], [""1-3-6"", 0.0341]]",3,33.8,"[[""3-1-4"", 0.0175], [""3-1-2"", 0.0189], [""3-1-5"", 0.0152], [""3-1-6"", 0.0121]]","[[""1-4-5"", 0.0325], [""1-5-4"", 0.0297], [""1-6-3"", 0.0279], [""1-2-5"", 0.0264]]",,,False,False,0.7852,強,"{""逃げ"": 69.0, ""まくり差し"": 8.8, ""差し"": 8.1, ""まくり"": 7.6, ""抜き"": 5.6, ""恵まれ"": 0.9}","[""0〜600円"", ""600〜740円"", ""740〜890円"", ""890〜1050円"", ""1050〜1220円"", ""1220〜1410円"", ""1410〜1630円"", ""1630〜1890円"", ""1890〜2200円"", ""2200〜2560円"", ""2560〜3020円"", ""3020〜3570円"", ""3570〜4280円"", ""4280〜5210円"", ""5210〜6480円"", ""6480〜8300円"", ""8300〜11200円"", ""11200〜16230円"", ""16230〜28240円"", ""28240円〜""]","[11.8, 7.5, 7.1, 6.4, 5.5, 5.1, 4.5, 5.5, 3.8, 4.7, 4.4, 4.3, 3.7, 3.6, 3.7, 2.8, 3.1, 3.1, 4.5, 4.9]","[6.8, 2.5, 2.1, 1.4, 0.5, 0.1, -0.5, 0.5, -1.2, -0.3, -0.6, -0.7, -1.3, -1.4, -1.3, -2.2, -1.9, -1.9, -0.5, -0.1]"
20260907,09,9,1,59.7,"[[""1-2-4"", 0.0687], [""1-4-2"", 0.06], [""1-2-3"", 0.0583], [""1-3-2"", 0.0458], [""1-2-5"", 0.0417], [""1-2-6"", 0.0395], [""1-4-3"", 0.037], [""1-3-4"", 0.0333], [""1-5-2"", 0.031]]",2,33.3,"[[""2-1-4"", 0.0269], [""2-1-3"", 0.0228], [""2-1-5"", 0.0163], [""2-1-6"", 0.0155]]","[[""1-6-2"", 0.0292], [""4-1-2"", 0.0226], [""1-4-5"", 0.0265], [""1-4-6"", 0.0251]]",,,False,False,0.7852,強,"{""逃げ"": 69.0, ""まくり差し"": 8.8, ""差し"": 8.1, ""まくり"": 7.6, ""抜き"": 5.6, ""恵まれ"": 0.9}","[""0〜600円"", ""600〜740円"", ""740〜890円"", ""890〜1050円"", ""1050〜1220円"", ""1220〜1410円"", ""1410〜1630円"", ""1630〜1890円"", ""1890〜2200円"", ""2200〜2560円"", ""2560〜3020円"", ""3020〜3570円"", ""3570〜4280円"", ""4280〜5210円"", ""5210〜6480円"", ""6480〜8300円"", ""8300〜11200円"", ""11200〜16230円"", ""16230〜28240円"", ""28240円〜""]","[11.8, 7.5, 7.1, 6.4, 5.5, 5.1, 4.5, 5.5, 3.8, 4.7, 4.4, 4.3, 3.7, 3.6, 3.7, 2.8, 3.1, 3.1, 4.5, 4.9]","[6.8, 2.5, 2.1, 1.4, 0.5, 0.1, -0.5, 0.5, -1.2, -0.3, -0.6, -0.7, -1.3, -1.4, -1.3, -2.2, -1.9, -1.9, -0.5, -0.1]"
20260907,09,10,1,59.7,"[[""1-2-3"", 0.0815], [""1-3-2"", 0.0681], [""1-2-4"", 0.0595], [""1-2-5"", 0.0547], [""1-4-2"", 0.044], [""1-2-6"", 0.0407], [""1-5-2"", 0.0399], [""1-3-4"", 0.0332], [""1-3-5"", 0.0305]]",2,23.8,"[[""2-1-3"", 0.0287], [""2-1-4"", 0.021], [""2-1-5"", 0.0193], [""2-1-6"", 0.0144]]","[[""1-4-3"", 0.0294], [""1-6-2"", 0.0285], [""3-1-2"", 0.023], [""1-5-3"", 0.0266]]",,,False,True,0.8201,強,"{""逃げ"": 69.0, ""まくり差し"": 8.8, ""差し"": 8.1, ""まくり"": 7.6, ""抜き"": 5.6, ""恵まれ"": 0.9}","[""0〜600円"", ""600〜740円"", ""740〜890円"", ""890〜1050円"", ""1050〜1220円"", ""1220〜1410円"", ""1410〜1630円"", ""1630〜1890円"", ""1890〜2200円"", ""2200〜2560円"", ""2560〜3020円"", ""3020〜3570円"", ""3570〜4280円"", ""4280〜5210円"", ""5210〜6480円"", ""6480〜8300円"", ""8300〜11200円"", ""11200〜16230円"", ""16230〜28240円"", ""28240円〜""]","[11.8, 7.5, 7.1, 6.4, 5.5, 5.1, 4.5, 5.5, 3.8, 4.7, 4.4, 4.3, 3.7, 3.6, 3.7, 2.8, 3.1, 3.1, 4.5, 4.9]","[6.8, 2.5, 2.1, 1.4, 0.5, 0.1, -0.5, 0.5, -1.2, -0.3, -0.6, -0.7, -1.3, -1.4, -1.3, -2.2, -1.9, -1.9, -0.5, -0.1]"
20260907,09,11,1,50.5,"[[""1-3-4"", 0.0477], [""1-3-2"", 0.0578], [""1-4-3"", 0.0447], [""1-2-3"", 0.0533], [""1-4-2"", 0.0448], [""1-3-5"", 0.0442], [""1-2-4"", 0.0441], [""1-5-3"", 0.0383], [""1-4-5"", 0.0343]]",3,28.4,"[[""3-1-4"", 0.0173], [""3-1-2"", 0.021], [""3-1-5"", 0.0161]]","[[""1-2-5"", 0.0321], [""1-5-4"", 0.0317], [""1-5-2"", 0.0301], [""1-3-6"", 0.0254]]",,,False,False,0.7852,強,"{""逃げ"": 69.0, ""まくり差し"": 8.8, ""差し"": 8.1, ""まくり"": 7.6, ""抜き"": 5.6, ""恵まれ"": 0.9}","[""0〜600円"", ""600〜740円"", ""740〜890円"", ""890〜1050円"", ""1050〜1220円"", ""1220〜1410円"", ""1410〜1630円"", ""1630〜1890円"", ""1890〜2200円"", ""2200〜2560円"", ""2560〜3020円"", ""3020〜3570円"", ""3570〜4280円"", ""4280〜5210円"", ""5210〜6480円"", ""6480〜8300円"", ""8300〜11200円"", ""11200〜16230円"", ""16230〜28240円"", ""28240円〜""]","[11.8, 7.5, 7.1, 6.4, 5.5, 5.1, 4.5, 5.5, 3.8, 4.7, 4.4, 4.3, 3.7, 3.6, 3.7, 2.8, 3.1, 3.1, 4.5, 4.9]","[6.8, 2.5, 2.1, 1.4, 0.5, 0.1, -0.5, 0.5, -1.2, -0.3, -0.6, -0.7, -1.3, -1.4, -1.3, -2.2, -1.9, -1.9, -0.5, -0.1]"
20260907,09,12,1,55.2,"[[""1-3-2"", 0.069], [""1-2-3"", 0.0683], [""1-3-4"", 0.0398], [""1-2-4"", 0.0384], [""1-3-5"", 0.0358], [""1-2-5"", 0.0346], [""1-4-3"", 0.0316], [""1-4-2"", 0.0309], [""1-5-3"", 0.028]]",2,23.3,"[[""2-1-3"", 0.035], [""2-1-4"", 0.0197], [""2-1-5"", 0.0177], [""2-1-6"", 0.0103]]","[[""3-1-2"", 0.0355], [""1-5-2"", 0.0274], [""1-3-6"", 0.0208], [""3-1-4"", 0.0204]]",,,False,True,0.8201,強,"{""逃げ"": 69.0, ""まくり差し"": 8.8, ""差し"": 8.1, ""まくり"": 7.6, ""抜き"": 5.6, ""恵まれ"": 0.9}","[""0〜600円"", ""600〜740円"", ""740〜890円"", ""890〜1050円"", ""1050〜1220円"", ""1220〜1410円"", ""1410〜1630円"", ""1630〜1890円"", ""1890〜2200円"", ""2200〜2560円"", ""2560〜3020円"", ""3020〜3570円"", ""3570〜4280円"", ""4280〜5210円"", ""5210〜6480円"", ""6480〜8300円"", ""8300〜11200円"", ""11200〜16230円"", ""16230〜28240円"", ""28240円〜""]","[11.8, 7.5, 7.1, 6.4, 5.5, 5.1, 4.5, 5.5, 3.8, 4.7, 4.4, 4.3, 3.7, 3.6, 3.7, 2.8, 3.1, 3.1, 4.5, 4.9]","[6.8, 2.5, 2.1, 1.4, 0.5, 0.1, -0.5, 0.5, -1.2, -0.3, -0.6, -0.7, -1.3, -1.4, -1.3, -2.2, -1.9, -1.9, -0.5, -0.1]"
20260907,10,1,1,52.4,"[[""1-3-4"", 0.0692], [""1-3-2"", 0.0817], [""1-4-3"", 0.055], [""1-2-3"", 0.0637], [""1-3-5"", 0.0626], [""1-5-3"", 0.046], [""1-4-2"", 0.0375], [""1-2-4"", 0.0368], [""1-4-5"", 0.0288]]",3,36.6,"[[""3-1-4"", 0.0271], [""3-1-2"", 0.032], [""3-1-5"", 0.0245]]","[[""1-5-4"", 0.0266], [""1-2-5"", 0.0261], [""4-1-3"", 0.0203], [""1-5-2"", 0.0247]]",,,False,False,0.7852,中,"{""逃げ"": 50.3, ""差し"": 16.4, ""まくり"": 13.8, ""まくり差し"": 11.4, ""抜き"": 7.2, ""恵まれ"": 0.9}","[""0〜600円"", ""600〜740円"", ""740〜890円"", ""890〜1050円"", ""1050〜1220円"", ""1220〜1410円"", ""1410〜1630円"", ""1630〜1890円"", ""1890〜2200円"", ""2200〜2560円"", ""2560〜3020円"", ""3020〜3570円"", ""3570〜4280円"", ""4280〜5210円"", ""5210〜6480円"", ""6480〜8300円"", ""8300〜11200円"", ""11200〜16230円"", ""16230〜28240円"", ""28240円〜""]","[5.5, 4.9, 4.6, 4.4, 4.6, 5.3, 5.2, 4.1, 5.1, 4.9, 5.2, 5.5, 5.4, 6.0, 4.8, 4.6, 4.1, 6.0, 4.2, 5.9]","[0.5, -0.1, -0.4, -0.6, -0.4, 0.3, 0.2, -0.9, 0.1, -0.1, 0.2, 0.5, 0.4, 1.0, -0.2, -0.4, -0.9, 1.0, -0.8, 0.9]"
20260907,10,2,1,54.5,"[[""1-2-4"", 0.1565], [""1-2-5"", 0.1157], [""1-2-3"", 0.077], [""1-2-6"", 0.0511]]",4,52.3,"[[""4-1-2"", 0.0134]]","[[""1-4-2"", 0.0982], [""1-5-2"", 0.0649], [""1-3-2"", 0.0412], [""1-4-5"", 0.0313]]",,,False,False,0.7852,強,"{""逃げ"": 63.2, ""差し"": 12.3, ""まくり差し"": 9.3, ""まくり"": 9.1, ""抜き"": 5.5, ""恵まれ"": 0.7}","[""0〜600円"", ""600〜740円"", ""740〜890円"", ""890〜1050円"", ""1050〜1220円"", ""1220〜1410円"", ""1410〜1630円"", ""1630〜1890円"", ""1890〜2200円"", ""2200〜2560円"", ""2560〜3020円"", ""3020〜3570円"", ""3570〜4280円"", ""4280〜5210円"", ""5210〜6480円"", ""6480〜8300円"", ""8300〜11200円"", ""11200〜16230円"", ""16230〜28240円"", ""28240円〜""]","[9.0, 7.0, 7.0, 6.2, 5.1, 4.7, 5.4, 4.4, 4.5, 4.1, 4.3, 3.8, 3.6, 4.2, 3.6, 3.6, 3.9, 4.7, 5.4, 5.5]","[4.0, 2.0, 2.0, 1.2, 0.1, -0.3, 0.4, -0.6, -0.5, -0.9, -0.7, -1.2, -1.4, -0.8, -1.4, -1.4, -1.1, -0.3, 0.4, 0.5]"
20260907,10,3,1,53.9,"[[""1-3-2"", 0.0846], [""1-3-4"", 0.0887], [""1-3-5"", 0.0656]]",3,27.3,"[[""3-1-2"", 0.0725], [""3-1-4"", 0.0761], [""3-1-5"", 0.0563]]","[[""1-2-3"", 0.0402], [""1-4-3"", 0.0411], [""3-2-1"", 0.0288], [""2-1-3"", 0.025]]",1-3,0.4835,False,True,0.8201,中,"{""逃げ"": 50.3, ""差し"": 16.4, ""まくり"": 13.8, ""まくり差し"": 11.4, ""抜き"": 7.2, ""恵まれ"": 0.9}","[""0〜600円"", ""600〜740円"", ""740〜890円"", ""890〜1050円"", ""1050〜1220円"", ""1220〜1410円"", ""1410〜1630円"", ""1630〜1890円"", ""1890〜2200円"", ""2200〜2560円"", ""2560〜3020円"", ""3020〜3570円"", ""3570〜4280円"", ""4280〜5210円"", ""5210〜6480円"", ""6480〜8300円"", ""8300〜11200円"", ""11200〜16230円"", ""16230〜28240円"", ""28240円〜""]","[5.5, 4.9, 4.6, 4.4, 4.6, 5.3, 5.2, 4.1, 5.1, 4.9, 5.2, 5.5, 5.4, 6.0, 4.8, 4.6, 4.1, 6.0, 4.2, 5.9]","[0.5, -0.1, -0.4, -0.6, -0.4, 0.3, 0.2, -0.9, 0.1, -0.1, 0.2, 0.5, 0.4, 1.0, -0.2, -0.4, -0.9, 1.0, -0.8, 0.9]"
20260907,10,4,1,52.5,"[[""1-5-4"", 0.1039], [""1-4-5"", 0.0905], [""1-5-2"", 0.0582], [""1-5-3"", 0.056], [""1-4-2"", 0.0392], [""1-4-3"", 0.0376], [""1-5-6"", 0.0163], [""1-4-6"", 0.011]]",4,34.1,"[[""4-1-5"", 0.0336], [""4-1-2"", 0.0146], [""4-1-3"", 0.014]]","[[""5-1-4"", 0.04], [""1-2-5"", 0.0407], [""1-3-5"", 0.0389], [""1-2-4"", 0.0315]]",,,False,False,0.7852,強,"{""逃げ"": 63.2, ""差し"": 12.3, ""まくり差し"": 9.3, ""まくり"": 9.1, ""抜き"": 5.5, ""恵まれ"": 0.7}","[""0〜600円"", ""600〜740円"", ""740〜890円"", ""890〜1050円"", ""1050〜1220円"", ""1220〜1410円"", ""1410〜1630円"", ""1630〜1890円"", ""1890〜2200円"", ""2200〜2560円"", ""2560〜3020円"", ""3020〜3570円"", ""3570〜4280円"", ""4280〜5210円"", ""5210〜6480円"", ""6480〜8300円"", ""8300〜11200円"", ""11200〜16230円"", ""16230〜28240円"", ""28240円〜""]","[9.0, 7.0, 7.0, 6.2, 5.1, 4.7, 5.4, 4.4, 4.5, 4.1, 4.3, 3.8, 3.6, 4.2, 3.6, 3.6, 3.9, 4.7, 5.4, 5.5]","[4.0, 2.0, 2.0, 1.2, 0.1, -0.3, 0.4, -0.6, -0.5, -0.9, -0.7, -1.2, -1.4, -0.8, -1.4, -1.4, -1.1, -0.3, 0.4, 0.5]"
20260907,10,5,1,52.1,"[[""1-5-4"", 0.0354], [""1-4-5"", 0.0348], [""1-5-3"", 0.0401], [""1-3-5"", 0.0379], [""1-4-3"", 0.0372], [""1-5-2"", 0.0367], [""1-3-4"", 0.0358], [""1-4-2"", 0.0341], [""1-2-5"", 0.0339]]",5,27.1,"[[""5-1-4"", 0.0205], [""5-1-3"", 0.0232], [""5-1-2"", 0.0213]]","[[""1-2-4"", 0.032], [""1-3-2"", 0.0291], [""1-2-3"", 0.0285], [""4-1-5"", 0.02]]",,,False,False,0.7852,中,"{""逃げ"": 50.3, ""差し"": 16.4, ""まくり"": 13.8, ""まくり差し"": 11.4, ""抜き"": 7.2, ""恵まれ"": 0.9}","[""0〜600円"", ""600〜740円"", ""740〜890円"", ""890〜1050円"", ""1050〜1220円"", ""1220〜1410円"", ""1410〜1630円"", ""1630〜1890円"", ""1890〜2200円"", ""2200〜2560円"", ""2560〜3020円"", ""3020〜3570円"", ""3570〜4280円"", ""4280〜5210円"", ""5210〜6480円"", ""6480〜8300円"", ""8300〜11200円"", ""11200〜16230円"", ""16230〜28240円"", ""28240円〜""]","[5.5, 4.9, 4.6, 4.4, 4.6, 5.3, 5.2, 4.1, 5.1, 4.9, 5.2, 5.5, 5.4, 6.0, 4.8, 4.6, 4.1, 6.0, 4.2, 5.9]","[0.5, -0.1, -0.4, -0.6, -0.4, 0.3, 0.2, -0.9, 0.1, -0.1, 0.2, 0.5, 0.4, 1.0, -0.2, -0.4, -0.9, 1.0, -0.8, 0.9]"
20260907,10,6,1,40.0,"[[""1-5-4"", 0.0472], [""1-4-5"", 0.0405], [""1-5-3"", 0.038], [""1-4-3"", 0.0243], [""1-5-2"", 0.0224], [""1-4-2"", 0.0143]]",5,31.7,"[[""5-1-4"", 0.0434], [""5-1-3"", 0.035], [""5-1-2"", 0.0206]]","[[""4-1-5"", 0.0342], [""5-4-1"", 0.0333], [""4-5-1"", 0.0305], [""1-3-5"", 0.0284]]",,,False,False,0.7852,弱,"{""逃げ"": 31.9, ""まくり"": 21.4, ""差し"": 22.0, ""まくり差し"": 15.6, ""抜き"": 8.1, ""恵まれ"": 1.0}","[""0〜600円"", ""600〜740円"", ""740〜890円"", ""890〜1050円"", ""1050〜1220円"", ""1220〜1410円"", ""1410〜1630円"", ""1630〜1890円"", ""1890〜2200円"", ""2200〜2560円"", ""2560〜3020円"", ""3020〜3570円"", ""3570〜4280円"", ""4280〜5210円"", ""5210〜6480円"", ""6480〜8300円"", ""8300〜11200円"", ""11200〜16230円"", ""16230〜28240円"", ""28240円〜""]","[0.9, 1.0, 2.5, 3.2, 2.7, 4.3, 4.0, 5.8, 5.1, 5.3, 5.2, 7.2, 7.1, 6.7, 7.1, 7.0, 7.2, 5.8, 7.1, 4.5]","[-4.1, -4.0, -2.5, -1.8, -2.3, -0.7, -1.0, 0.8, 0.1, 0.3, 0.2, 2.2, 2.1, 1.7, 2.1, 2.0, 2.2, 0.8, 2.1, -0.5]"
20260907,10,7,1,57.0,"[[""1-5-2"", 0.0708], [""1-2-5"", 0.0606], [""1-5-3"", 0.0652], [""1-2-3"", 0.0406], [""1-5-6"", 0.0231], [""1-5-4"", 0.0228], [""1-2-6"", 0.0144], [""1-2-4"", 0.0142]]",5,29.1,"[[""5-1-2"", 0.0407], [""5-1-3"", 0.0375], [""5-1-6"", 0.0133], [""5-1-4"", 0.0131]]","[[""1-3-5"", 0.0505], [""2-1-5"", 0.0329], [""1-3-2"", 0.0367], [""3-1-5"", 0.0263]]",,,False,False,0.7852,中,"{""逃げ"": 50.3, ""差し"": 16.4, ""まくり"": 13.8, ""まくり差し"": 11.4, ""抜き"": 7.2, ""恵まれ"": 0.9}","[""0〜600円"", ""600〜740円"", ""740〜890円"", ""890〜1050円"", ""1050〜1220円"", ""1220〜1410円"", ""1410〜1630円"", ""1630〜1890円"", ""1890〜2200円"", ""2200〜2560円"", ""2560〜3020円"", ""3020〜3570円"", ""3570〜4280円"", ""4280〜5210円"", ""5210〜6480円"", ""6480〜8300円"", ""8300〜11200円"", ""11200〜16230円"", ""16230〜28240円"", ""28240円〜""]","[5.5, 4.9, 4.6, 4.4, 4.6, 5.3, 5.2, 4.1, 5.1, 4.9, 5.2, 5.5, 5.4, 6.0, 4.8, 4.6, 4.1, 6.0, 4.2, 5.9]","[0.5, -0.1, -0.4, -0.6, -0.4, 0.3, 0.2, -0.9, 0.1, -0.1, 0.2, 0.5, 0.4, 1.0, -0.2, -0.4, -0.9, 1.0, -0.8, 0.9]"
20260907,10,8,1,57.3,"[[""1-2-3"", 0.0587], [""1-2-4"", 0.0636], [""1-3-2"", 0.0468], [""1-4-2"", 0.0491], [""1-2-5"", 0.0399], [""1-3-4"", 0.0295], [""1-4-3"", 0.0286], [""1-5-2"", 0.0283], [""1-2-6"", 0.0273]]",3,45.9,"[[""3-1-2"", 0.0242], [""3-1-4"", 0.0153]]","[[""2-1-3"", 0.0331], [""2-1-4"", 0.0358], [""4-1-2"", 0.0251], [""2-1-5"", 0.0225]]",,,False,True,0.8201,中,"{""逃げ"": 50.3, ""差し"": 16.4, ""まくり"": 13.8, ""まくり差し"": 11.4, ""抜き"": 7.2, ""恵まれ"": 0.9}","[""0〜600円"", ""600〜740円"", ""740〜890円"", ""890〜1050円"", ""1050〜1220円"", ""1220〜1410円"", ""1410〜1630円"", ""1630〜1890円"", ""1890〜2200円"", ""2200〜2560円"", ""2560〜3020円"", ""3020〜3570円"", ""3570〜4280円"", ""4280〜5210円"", ""5210〜6480円"", ""6480〜8300円"", ""8300〜11200円"", ""11200〜16230円"", ""16230〜28240円"", ""28240円〜""]","[5.5, 4.9, 4.6, 4.4, 4.6, 5.3, 5.2, 4.1, 5.1, 4.9, 5.2, 5.5, 5.4, 6.0, 4.8, 4.6, 4.1, 6.0, 4.2, 5.9]","[0.5, -0.1, -0.4, -0.6, -0.4, 0.3, 0.2, -0.9, 0.1, -0.1, 0.2, 0.5, 0.4, 1.0, -0.2, -0.4, -0.9, 1.0, -0.8, 0.9]"
20260907,10,9,1,46.5,"[[""1-2-4"", 0.1265], [""1-2-3"", 0.0618], [""1-2-5"", 0.0445], [""1-2-6"", 0.0207]]",2,24.2,"[[""2-1-4"", 0.0529], [""2-1-3"", 0.0259], [""2-1-5"", 0.0186]]","[[""1-4-2"", 0.1018], [""4-1-2"", 0.0403], [""1-3-2"", 0.0389], [""1-4-3"", 0.0347]]",1-2,0.4087,False,False,0.7852,強,"{""逃げ"": 63.2, ""差し"": 12.3, ""まくり差し"": 9.3, ""まくり"": 9.1, ""抜き"": 5.5, ""恵まれ"": 0.7}","[""0〜600円"", ""600〜740円"", ""740〜890円"", ""890〜1050円"", ""1050〜1220円"", ""1220〜1410円"", ""1410〜1630円"", ""1630〜1890円"", ""1890〜2200円"", ""2200〜2560円"", ""2560〜3020円"", ""3020〜3570円"", ""3570〜4280円"", ""4280〜5210円"", ""5210〜6480円"", ""6480〜8300円"", ""8300〜11200円"", ""11200〜16230円"", ""16230〜28240円"", ""28240円〜""]","[9.0, 7.0, 7.0, 6.2, 5.1, 4.7, 5.4, 4.4, 4.5, 4.1, 4.3, 3.8, 3.6, 4.2, 3.6, 3.6, 3.9, 4.7, 5.4, 5.5]","[4.0, 2.0, 2.0, 1.2, 0.1, -0.3, 0.4, -0.6, -0.5, -0.9, -0.7, -1.2, -1.4, -0.8, -1.4, -1.4, -1.1, -0.3, 0.4, 0.5]"
20260907,10,10,1,52.1,"[[""1-2-3"", 0.0903], [""1-2-4"", 0.0671], [""1-2-5"", 0.0458], [""1-2-6"", 0.0233]]",2,27.1,"[[""2-1-3"", 0.0498], [""2-1-4"", 0.037], [""2-1-5"", 0.0252], [""2-1-6"", 0.0129]]","[[""1-3-2"", 0.0671], [""1-4-2"", 0.0441], [""3-1-2"", 0.0334], [""1-5-2"", 0.0285]]",1-2,0.3821,False,True,0.8201,強,"{""逃げ"": 63.2, ""差し"": 12.3, ""まくり差し"": 9.3, ""まくり"": 9.1, ""抜き"": 5.5, ""恵まれ"": 0.7}","[""0〜600円"", ""600〜740円"", ""740〜890円"", ""890〜1050円"", ""1050〜1220円"", ""1220〜1410円"", ""1410〜1630円"", ""1630〜1890円"", ""1890〜2200円"", ""2200〜2560円"", ""2560〜3020円"", ""3020〜3570円"", ""3570〜4280円"", ""4280〜5210円"", ""5210〜6480円"", ""6480〜8300円"", ""8300〜11200円"", ""11200〜16230円"", ""16230〜28240円"", ""28240円〜""]","[9.0, 7.0, 7.0, 6.2, 5.1, 4.7, 5.4, 4.4, 4.5, 4.1, 4.3, 3.8, 3.6, 4.2, 3.6, 3.6, 3.9, 4.7, 5.4, 5.5]","[4.0, 2.0, 2.0, 1.2, 0.1, -0.3, 0.4, -0.6, -0.5, -0.9, -0.7, -1.2, -1.4, -0.8, -1.4, -1.4, -1.1, -0.3, 0.4, 0.5]"
20260907,10,11,1,50.3,"[[""1-2-4"", 0.1056], [""1-2-3"", 0.0639], [""1-2-6"", 0.0608], [""1-2-5"", 0.0276]]",2,20.7,"[[""2-1-4"", 0.0402], [""2-1-3"", 0.0243], [""2-1-6"", 0.0232], [""2-1-5"", 0.0105]]","[[""1-4-2"", 0.0829], [""1-3-2"", 0.042], [""1-6-2"", 0.0397], [""4-1-2"", 0.0298]]",1-2,0.3961,False,False,0.7852,強,"{""逃げ"": 63.2, ""差し"": 12.3, ""まくり差し"": 9.3, ""まくり"": 9.1, ""抜き"": 5.5, ""恵まれ"": 0.7}","[""0〜600円"", ""600〜740円"", ""740〜890円"", ""890〜1050円"", ""1050〜1220円"", ""1220〜1410円"", ""1410〜1630円"", ""1630〜1890円"", ""1890〜2200円"", ""2200〜2560円"", ""2560〜3020円"", ""3020〜3570円"", ""3570〜4280円"", ""4280〜5210円"", ""5210〜6480円"", ""6480〜8300円"", ""8300〜11200円"", ""11200〜16230円"", ""16230〜28240円"", ""28240円〜""]","[9.0, 7.0, 7.0, 6.2, 5.1, 4.7, 5.4, 4.4, 4.5, 4.1, 4.3, 3.8, 3.6, 4.2, 3.6, 3.6, 3.9, 4.7, 5.4, 5.5]","[4.0, 2.0, 2.0, 1.2, 0.1, -0.3, 0.4, -0.6, -0.5, -0.9, -0.7, -1.2, -1.4, -0.8, -1.4, -1.4, -1.1, -0.3, 0.4, 0.5]"
20260907,10,12,1,59.3,"[[""1-2-4"", 0.0915], [""1-2-5"", 0.0998], [""1-4-2"", 0.0775], [""1-5-2"", 0.0806], [""1-4-5"", 0.0585], [""1-5-4"", 0.0558], [""1-2-3"", 0.0425], [""1-3-2"", 0.0295], [""1-2-6"", 0.0286]]",2,28.2,"[[""2-1-4"", 0.0222], [""2-1-5"", 0.0242], [""2-1-3"", 0.0103]]","[[""1-4-3"", 0.0249], [""4-1-2"", 0.0183], [""1-3-4"", 0.0204], [""1-5-3"", 0.0203]]",,,False,False,0.7852,強,"{""逃げ"": 63.2, ""差し"": 12.3, ""まくり差し"": 9.3, ""まくり"": 9.1, ""抜き"": 5.5, ""恵まれ"": 0.7}","[""0〜600円"", ""600〜740円"", ""740〜890円"", ""890〜1050円"", ""1050〜1220円"", ""1220〜1410円"", ""1410〜1630円"", ""1630〜1890円"", ""1890〜2200円"", ""2200〜2560円"", ""2560〜3020円"", ""3020〜3570円"", ""3570〜4280円"", ""4280〜5210円"", ""5210〜6480円"", ""6480〜8300円"", ""8300〜11200円"", ""11200〜16230円"", ""16230〜28240円"", ""28240円〜""]","[9.0, 7.0, 7.0, 6.2, 5.1, 4.7, 5.4, 4.4, 4.5, 4.1, 4.3, 3.8, 3.6, 4.2, 3.6, 3.6, 3.9, 4.7, 5.4, 5.5]","[4.0, 2.0, 2.0, 1.2, 0.1, -0.3, 0.4, -0.6, -0.5, -0.9, -0.7, -1.2, -1.4, -0.8, -1.4, -1.4, -1.1, -0.3, 0.4, 0.5]"
20260907,11,1,4,42.2,"[[""4-1-3"", 0.0646], [""4-3-1"", 0.0621], [""4-1-2"", 0.0468], [""4-3-2"", 0.0417], [""4-1-5"", 0.0205], [""4-3-5"", 0.0182], [""4-1-6"", 0.0102]]",1,,"[[""1-4-3"", 0.0445], [""1-4-2"", 0.0322], [""1-4-5"", 0.0141]]","[[""3-4-1"", 0.042], [""4-2-1"", 0.037], [""4-2-3"", 0.0343], [""1-3-4"", 0.0255]]",,,False,False,0.7852,強,"{""逃げ"": 63.9, ""差し"": 10.9, ""まくり差し"": 10.1, ""まくり"": 9.2, ""抜き"": 5.1, ""恵まれ"": 0.8}","[""0〜600円"", ""600〜740円"", ""740〜890円"", ""890〜1050円"", ""1050〜1220円"", ""1220〜1410円"", ""1410〜1630円"", ""1630〜1890円"", ""1890〜2200円"", ""2200〜2560円"", ""2560〜3020円"", ""3020〜3570円"", ""3570〜4280円"", ""4280〜5210円"", ""5210〜6480円"", ""6480〜8300円"", ""8300〜11200円"", ""11200〜16230円"", ""16230〜28240円"", ""28240円〜""]","[8.4, 6.3, 6.9, 6.1, 5.4, 5.6, 5.5, 4.7, 4.3, 4.6, 4.4, 4.4, 4.2, 3.8, 3.6, 3.9, 3.4, 4.0, 4.6, 5.9]","[3.4, 1.3, 1.9, 1.1, 0.4, 0.6, 0.5, -0.3, -0.7, -0.4, -0.6, -0.6, -0.8, -1.2, -1.4, -1.1, -1.6, -1.0, -0.4, 0.9]"
20260907,11,2,1,40.5,"[[""1-2-3"", 0.0876], [""1-3-2"", 0.0841], [""1-2-6"", 0.0673], [""1-3-6"", 0.0586], [""1-6-2"", 0.0565], [""1-2-4"", 0.056], [""1-6-3"", 0.0512], [""1-3-4"", 0.0488], [""1-4-2"", 0.0453]]",2,31.2,"[[""2-1-3"", 0.0139], [""2-1-6"", 0.0107]]","[[""1-4-3"", 0.0411], [""1-2-5"", 0.0326], [""1-3-5"", 0.0284], [""1-6-4"", 0.0268]]",,,False,True,0.8201,強,"{""逃げ"": 63.9, ""差し"": 10.9, ""まくり差し"": 10.1, ""まくり"": 9.2, ""抜き"": 5.1, ""恵まれ"": 0.8}","[""0〜600円"", ""600〜740円"", ""740〜890円"", ""890〜1050円"", ""1050〜1220円"", ""1220〜1410円"", ""1410〜1630円"", ""1630〜1890円"", ""1890〜2200円"", ""2200〜2560円"", ""2560〜3020円"", ""3020〜3570円"", ""3570〜4280円"", ""4280〜5210円"", ""5210〜6480円"", ""6480〜8300円"", ""8300〜11200円"", ""11200〜16230円"", ""16230〜28240円"", ""28240円〜""]","[8.4, 6.3, 6.9, 6.1, 5.4, 5.6, 5.5, 4.7, 4.3, 4.6, 4.4, 4.4, 4.2, 3.8, 3.6, 3.9, 3.4, 4.0, 4.6, 5.9]","[3.4, 1.3, 1.9, 1.1, 0.4, 0.6, 0.5, -0.3, -0.7, -0.4, -0.6, -0.6, -0.8, -1.2, -1.4, -1.1, -1.6, -1.0, -0.4, 0.9]"
20260907,11,3,4,37.9,"[[""4-1-2"", 0.0292], [""4-2-1"", 0.0277], [""4-1-3"", 0.0342], [""4-3-1"", 0.0313], [""4-2-3"", 0.0284], [""4-3-2"", 0.0275], [""4-1-6"", 0.0127], [""4-2-6"", 0.0105]]",1,29.8,"[[""1-4-2"", 0.0271], [""1-4-3"", 0.0317], [""1-2-4"", 0.0232], [""1-3-4"", 0.0263], [""1-2-3"", 0.0191], [""1-3-2"", 0.0186]]","[[""2-4-1"", 0.0248], [""2-1-4"", 0.0224], [""3-4-1"", 0.0275], [""2-4-3"", 0.0254]]",,,False,False,0.7852,強,"{""逃げ"": 63.9, ""差し"": 10.9, ""まくり差し"": 10.1, ""まくり"": 9.2, ""抜き"": 5.1, ""恵まれ"": 0.8}","[""0〜600円"", ""600〜740円"", ""740〜890円"", ""890〜1050円"", ""1050〜1220円"", ""1220〜1410円"", ""1410〜1630円"", ""1630〜1890円"", ""1890〜2200円"", ""2200〜2560円"", ""2560〜3020円"", ""3020〜3570円"", ""3570〜4280円"", ""4280〜5210円"", ""5210〜6480円"", ""6480〜8300円"", ""8300〜11200円"", ""11200〜16230円"", ""16230〜28240円"", ""28240円〜""]","[8.4, 6.3, 6.9, 6.1, 5.4, 5.6, 5.5, 4.7, 4.3, 4.6, 4.4, 4.4, 4.2, 3.8, 3.6, 3.9, 3.4, 4.0, 4.6, 5.9]","[3.4, 1.3, 1.9, 1.1, 0.4, 0.6, 0.5, -0.3, -0.7, -0.4, -0.6, -0.6, -0.8, -1.2, -1.4, -1.1, -1.6, -1.0, -0.4, 0.9]"
20260907,11,4,3,53.5,"[[""3-2-1"", 0.0589], [""3-1-2"", 0.0588], [""3-2-5"", 0.0339], [""3-1-5"", 0.0337], [""3-2-6"", 0.0106], [""3-1-6"", 0.0106]]",2,31.3,"[[""2-3-1"", 0.0543], [""2-3-5"", 0.0313]]","[[""1-3-2"", 0.0541], [""2-1-3"", 0.0477], [""1-2-3"", 0.0476], [""1-3-5"", 0.0311]]",,,False,True,0.8201,強,"{""逃げ"": 63.9, ""差し"": 10.9, ""まくり差し"": 10.1, ""まくり"": 9.2, ""抜き"": 5.1, ""恵まれ"": 0.8}","[""0〜600円"", ""600〜740円"", ""740〜890円"", ""890〜1050円"", ""1050〜1220円"", ""1220〜1410円"", ""1410〜1630円"", ""1630〜1890円"", ""1890〜2200円"", ""2200〜2560円"", ""2560〜3020円"", ""3020〜3570円"", ""3570〜4280円"", ""4280〜5210円"", ""5210〜6480円"", ""6480〜8300円"", ""8300〜11200円"", ""11200〜16230円"", ""16230〜28240円"", ""28240円〜""]","[8.4, 6.3, 6.9, 6.1, 5.4, 5.6, 5.5, 4.7, 4.3, 4.6, 4.4, 4.4, 4.2, 3.8, 3.6, 3.9, 3.4, 4.0, 4.6, 5.9]","[3.4, 1.3, 1.9, 1.1, 0.4, 0.6, 0.5, -0.3, -0.7, -0.4, -0.6, -0.6, -0.8, -1.2, -1.4, -1.1, -1.6, -1.0, -0.4, 0.9]"
20260907,11,5,1,57.9,"[[""1-2-3"", 0.1193], [""1-2-4"", 0.0962], [""1-2-5"", 0.0957], [""1-2-6"", 0.071]]",2,39.5,"[[""2-1-3"", 0.0328], [""2-1-4"", 0.0264], [""2-1-5"", 0.0263], [""2-1-6"", 0.0195]]","[[""1-3-2"", 0.0662], [""1-4-2"", 0.05], [""1-5-2"", 0.0497], [""1-6-2"", 0.0357]]",1-2,0.5205,True,True,0.8201,強,"{""逃げ"": 63.9, ""差し"": 10.9, ""まくり差し"": 10.1, ""まくり"": 9.2, ""抜き"": 5.1, ""恵まれ"": 0.8}","[""0〜600円"", ""600〜740円"", ""740〜890円"", ""890〜1050円"", ""1050〜1220円"", ""1220〜1410円"", ""1410〜1630円"", ""1630〜1890円"", ""1890〜2200円"", ""2200〜2560円"", ""2560〜3020円"", ""3020〜3570円"", ""3570〜4280円"", ""4280〜5210円"", ""5210〜6480円"", ""6480〜8300円"", ""8300〜11200円"", ""11200〜16230円"", ""16230〜28240円"", ""28240円〜""]","[8.4, 6.3, 6.9, 6.1, 5.4, 5.6, 5.5, 4.7, 4.3, 4.6, 4.4, 4.4, 4.2, 3.8, 3.6, 3.9, 3.4, 4.0, 4.6, 5.9]","[3.4, 1.3, 1.9, 1.1, 0.4, 0.6, 0.5, -0.3, -0.7, -0.4, -0.6, -0.6, -0.8, -1.2, -1.4, -1.1, -1.6, -1.0, -0.4, 0.9]"
20260907,11,6,1,48.8,"[[""1-3-2"", 0.1962], [""1-3-4"", 0.0833], [""1-3-6"", 0.0408]]",3,21.0,"[[""3-1-2"", 0.122], [""3-1-4"", 0.0518], [""3-1-6"", 0.0254]]","[[""1-2-3"", 0.085], [""2-1-3"", 0.0415], [""3-2-1"", 0.0297], [""1-4-3"", 0.0305]]",1-3,0.6002,True,True,0.8201,中,"{""逃げ"": 51.5, ""まくり差し"": 14.4, ""まくり"": 14.4, ""差し"": 12.7, ""抜き"": 6.3, ""恵まれ"": 0.8}","[""0〜600円"", ""600〜740円"", ""740〜890円"", ""890〜1050円"", ""1050〜1220円"", ""1220〜1410円"", ""1410〜1630円"", ""1630〜1890円"", ""1890〜2200円"", ""2200〜2560円"", ""2560〜3020円"", ""3020〜3570円"", ""3570〜4280円"", ""4280〜5210円"", ""5210〜6480円"", ""6480〜8300円"", ""8300〜11200円"", ""11200〜16230円"", ""16230〜28240円"", ""28240円〜""]","[4.0, 4.2, 5.9, 5.0, 5.4, 4.9, 5.1, 4.6, 5.3, 5.1, 5.6, 5.9, 4.4, 4.7, 4.7, 5.2, 6.0, 4.6, 4.8, 4.2]","[-1.0, -0.8, 0.9, 0.0, 0.4, -0.1, 0.1, -0.4, 0.3, 0.1, 0.6, 0.9, -0.6, -0.3, -0.3, 0.2, 1.0, -0.4, -0.2, -0.8]"
20260907,11,7,2,42.2,"[[""2-4-3"", 0.0659], [""2-4-1"", 0.0838], [""2-4-5"", 0.034], [""2-4-6"", 0.0229]]",4,30.7,"[[""4-2-3"", 0.0447], [""4-2-1"", 0.0569], [""4-2-5"", 0.0231], [""4-2-6"", 0.0156]]","[[""2-3-4"", 0.0441], [""2-1-4"", 0.0561], [""3-2-4"", 0.0254], [""1-2-4"", 0.0323]]",2-4,0.3772,False,False,0.7852,強,"{""逃げ"": 63.9, ""差し"": 10.9, ""まくり差し"": 10.1, ""まくり"": 9.2, ""抜き"": 5.1, ""恵まれ"": 0.8}","[""0〜600円"", ""600〜740円"", ""740〜890円"", ""890〜1050円"", ""1050〜1220円"", ""1220〜1410円"", ""1410〜1630円"", ""1630〜1890円"", ""1890〜2200円"", ""2200〜2560円"", ""2560〜3020円"", ""3020〜3570円"", ""3570〜4280円"", ""4280〜5210円"", ""5210〜6480円"", ""6480〜8300円"", ""8300〜11200円"", ""11200〜16230円"", ""16230〜28240円"", ""28240円〜""]","[8.4, 6.3, 6.9, 6.1, 5.4, 5.6, 5.5, 4.7, 4.3, 4.6, 4.4, 4.4, 4.2, 3.8, 3.6, 3.9, 3.4, 4.0, 4.6, 5.9]","[3.4, 1.3, 1.9, 1.1, 0.4, 0.6, 0.5, -0.3, -0.7, -0.4, -0.6, -0.6, -0.8, -1.2, -1.4, -1.1, -1.6, -1.0, -0.4, 0.9]"
20260907,11,8,2,38.6,"[[""2-1-5"", 0.0841], [""2-1-3"", 0.0249], [""2-1-6"", 0.0147]]",1,,"[[""1-2-5"", 0.0809], [""1-2-3"", 0.024], [""1-2-6"", 0.0141]]","[[""2-5-1"", 0.0741], [""1-5-2"", 0.067], [""5-2-1"", 0.0665], [""5-1-2"", 0.0625]]",1-2,0.2975,False,False,0.7852,中,"{""逃げ"": 51.5, ""まくり差し"": 14.4, ""まくり"": 14.4, ""差し"": 12.7, ""抜き"": 6.3, ""恵まれ"": 0.8}","[""0〜600円"", ""600〜740円"", ""740〜890円"", ""890〜1050円"", ""1050〜1220円"", ""1220〜1410円"", ""1410〜1630円"", ""1630〜1890円"", ""1890〜2200円"", ""2200〜2560円"", ""2560〜3020円"", ""3020〜3570円"", ""3570〜4280円"", ""4280〜5210円"", ""5210〜6480円"", ""6480〜8300円"", ""8300〜11200円"", ""11200〜16230円"", ""16230〜28240円"", ""28240円〜""]","[4.0, 4.2, 5.9, 5.0, 5.4, 4.9, 5.1, 4.6, 5.3, 5.1, 5.6, 5.9, 4.4, 4.7, 4.7, 5.2, 6.0, 4.6, 4.8, 4.2]","[-1.0, -0.8, 0.9, 0.0, 0.4, -0.1, 0.1, -0.4, 0.3, 0.1, 0.6, 0.9, -0.6, -0.3, -0.3, 0.2, 1.0, -0.4, -0.2, -0.8]"
20260907,11,9,1,51.4,"[[""1-2-5"", 0.0746], [""1-5-2"", 0.0697], [""1-2-6"", 0.0545], [""1-2-3"", 0.0513], [""1-2-4"", 0.0488], [""1-6-2"", 0.0442], [""1-5-6"", 0.0429], [""1-3-2"", 0.0412], [""1-5-3"", 0.0404]]",2,36.6,"[[""2-1-5"", 0.0157], [""2-1-6"", 0.0114], [""2-1-3"", 0.0108], [""2-1-4"", 0.0103]]","[[""1-4-2"", 0.0389], [""1-5-4"", 0.0385], [""1-6-5"", 0.0373], [""1-3-5"", 0.0348]]",,,False,False,0.7852,強,"{""逃げ"": 63.9, ""差し"": 10.9, ""まくり差し"": 10.1, ""まくり"": 9.2, ""抜き"": 5.1, ""恵まれ"": 0.8}","[""0〜600円"", ""600〜740円"", ""740〜890円"", ""890〜1050円"", ""1050〜1220円"", ""1220〜1410円"", ""1410〜1630円"", ""1630〜1890円"", ""1890〜2200円"", ""2200〜2560円"", ""2560〜3020円"", ""3020〜3570円"", ""3570〜4280円"", ""4280〜5210円"", ""5210〜6480円"", ""6480〜8300円"", ""8300〜11200円"", ""11200〜16230円"", ""16230〜28240円"", ""28240円〜""]","[8.4, 6.3, 6.9, 6.1, 5.4, 5.6, 5.5, 4.7, 4.3, 4.6, 4.4, 4.4, 4.2, 3.8, 3.6, 3.9, 3.4, 4.0, 4.6, 5.9]","[3.4, 1.3, 1.9, 1.1, 0.4, 0.6, 0.5, -0.3, -0.7, -0.4, -0.6, -0.6, -0.8, -1.2, -1.4, -1.1, -1.6, -1.0, -0.4, 0.9]"
20260907,11,10,1,53.5,"[[""1-3-4"", 0.0969], [""1-3-2"", 0.0949], [""1-3-5"", 0.0527], [""1-3-6"", 0.0383]]",3,28.2,"[[""3-1-4"", 0.0363], [""3-1-2"", 0.0356], [""3-1-5"", 0.0197], [""3-1-6"", 0.0144]]","[[""1-4-3"", 0.0675], [""1-2-3"", 0.0621], [""1-5-3"", 0.0316], [""1-4-2"", 0.0316]]",1-3,0.4252,False,False,0.7852,強,"{""逃げ"": 63.9, ""差し"": 10.9, ""まくり差し"": 10.1, ""まくり"": 9.2, ""抜き"": 5.1, ""恵まれ"": 0.8}","[""0〜600円"", ""600〜740円"", ""740〜890円"", ""890〜1050円"", ""1050〜1220円"", ""1220〜1410円"", ""1410〜1630円"", ""1630〜1890円"", ""1890〜2200円"", ""2200〜2560円"", ""2560〜3020円"", ""3020〜3570円"", ""3570〜4280円"", ""4280〜5210円"", ""5210〜6480円"", ""6480〜8300円"", ""8300〜11200円"", ""11200〜16230円"", ""16230〜28240円"", ""28240円〜""]","[8.4, 6.3, 6.9, 6.1, 5.4, 5.6, 5.5, 4.7, 4.3, 4.6, 4.4, 4.4, 4.2, 3.8, 3.6, 3.9, 3.4, 4.0, 4.6, 5.9]","[3.4, 1.3, 1.9, 1.1, 0.4, 0.6, 0.5, -0.3, -0.7, -0.4, -0.6, -0.6, -0.8, -1.2, -1.4, -1.1, -1.6, -1.0, -0.4, 0.9]"
20260907,11,11,1,37.9,"[[""1-4-2"", 0.1654], [""1-4-5"", 0.0655], [""1-4-3"", 0.0296], [""1-4-6"", 0.0222]]",4,32.7,"[[""4-1-2"", 0.0516], [""4-1-5"", 0.0204]]","[[""1-2-4"", 0.1401], [""2-1-4"", 0.0424], [""1-2-5"", 0.0433], [""1-5-4"", 0.0404]]",1-4,0.4303,False,False,0.7852,強,"{""逃げ"": 63.9, ""差し"": 10.9, ""まくり差し"": 10.1, ""まくり"": 9.2, ""抜き"": 5.1, ""恵まれ"": 0.8}","[""0〜600円"", ""600〜740円"", ""740〜890円"", ""890〜1050円"", ""1050〜1220円"", ""1220〜1410円"", ""1410〜1630円"", ""1630〜1890円"", ""1890〜2200円"", ""2200〜2560円"", ""2560〜3020円"", ""3020〜3570円"", ""3570〜4280円"", ""4280〜5210円"", ""5210〜6480円"", ""6480〜8300円"", ""8300〜11200円"", ""11200〜16230円"", ""16230〜28240円"", ""28240円〜""]","[8.4, 6.3, 6.9, 6.1, 5.4, 5.6, 5.5, 4.7, 4.3, 4.6, 4.4, 4.4, 4.2, 3.8, 3.6, 3.9, 3.4, 4.0, 4.6, 5.9]","[3.4, 1.3, 1.9, 1.1, 0.4, 0.6, 0.5, -0.3, -0.7, -0.4, -0.6, -0.6, -0.8, -1.2, -1.4, -1.1, -1.6, -1.0, -0.4, 0.9]"
20260907,11,12,1,53.3,"[[""1-2-4"", 0.0841], [""1-4-2"", 0.0672], [""1-2-5"", 0.0791], [""1-2-3"", 0.0692], [""1-5-2"", 0.0587], [""1-3-2"", 0.05], [""1-4-5"", 0.0377], [""1-5-4"", 0.035], [""1-4-3"", 0.033]]",2,38.7,"[[""2-1-4"", 0.0232], [""2-1-5"", 0.0218], [""2-1-3"", 0.0191]]","[[""1-2-6"", 0.0327], [""1-3-4"", 0.0299], [""1-5-3"", 0.0226], [""4-1-2"", 0.0178]]",,,False,False,0.7852,強,"{""逃げ"": 63.9, ""差し"": 10.9, ""まくり差し"": 10.1, ""まくり"": 9.2, ""抜き"": 5.1, ""恵まれ"": 0.8}","[""0〜600円"", ""600〜740円"", ""740〜890円"", ""890〜1050円"", ""1050〜1220円"", ""1220〜1410円"", ""1410〜1630円"", ""1630〜1890円"", ""1890〜2200円"", ""2200〜2560円"", ""2560〜3020円"", ""3020〜3570円"", ""3570〜4280円"", ""4280〜5210円"", ""5210〜6480円"", ""6480〜8300円"", ""8300〜11200円"", ""11200〜16230円"", ""16230〜28240円"", ""28240円〜""]","[8.4, 6.3, 6.9, 6.1, 5.4, 5.6, 5.5, 4.7, 4.3, 4.6, 4.4, 4.4, 4.2, 3.8, 3.6, 3.9, 3.4, 4.0, 4.6, 5.9]","[3.4, 1.3, 1.9, 1.1, 0.4, 0.6, 0.5, -0.3, -0.7, -0.4, -0.6, -0.6, -0.8, -1.2, -1.4, -1.1, -1.6, -1.0, -0.4, 0.9]"
20260907,13,1,1,37.1,"[[""1-3-2"", 0.0829], [""1-3-4"", 0.0802], [""1-3-5"", 0.033], [""1-3-6"", 0.0148]]",3,19.9,"[[""3-1-2"", 0.0486], [""3-1-4"", 0.047], [""3-1-5"", 0.0193]]","[[""1-2-3"", 0.0625], [""1-4-3"", 0.0559], [""2-1-3"", 0.0331], [""1-2-4"", 0.0351]]",1-3,0.3705,False,False,0.7852,中,"{""逃げ"": 55.9, ""まくり差し"": 13.1, ""まくり"": 14.9, ""差し"": 10.1, ""抜き"": 5.6, ""恵まれ"": 0.5}","[""0〜600円"", ""600〜740円"", ""740〜890円"", ""890〜1050円"", ""1050〜1220円"", ""1220〜1410円"", ""1410〜1630円"", ""1630〜1890円"", ""1890〜2200円"", ""2200〜2560円"", ""2560〜3020円"", ""3020〜3570円"", ""3570〜4280円"", ""4280〜5210円"", ""5210〜6480円"", ""6480〜8300円"", ""8300〜11200円"", ""11200〜16230円"", ""16230〜28240円"", ""28240円〜""]","[4.2, 5.6, 6.3, 6.3, 4.7, 6.3, 5.0, 5.2, 5.6, 4.2, 3.9, 5.7, 4.4, 3.6, 4.6, 5.8, 4.9, 3.8, 5.2, 4.7]","[-0.8, 0.6, 1.3, 1.3, -0.3, 1.3, 0.0, 0.2, 0.6, -0.8, -1.1, 0.7, -0.6, -1.4, -0.4, 0.8, -0.1, -1.2, 0.2, -0.3]"
20260907,13,2,2,58.7,"[[""2-1-3"", 0.0404], [""2-3-1"", 0.0385], [""2-1-4"", 0.0354], [""2-3-4"", 0.0306], [""2-1-6"", 0.0106]]",1,,"[[""1-2-3"", 0.0373], [""1-3-2"", 0.0317], [""1-2-4"", 0.0327], [""1-3-4"", 0.0203]]","[[""3-2-1"", 0.0346], [""3-1-2"", 0.0308], [""2-4-1"", 0.0299], [""3-2-4"", 0.0275]]",,,False,True,0.8201,中,"{""逃げ"": 55.9, ""まくり差し"": 13.1, ""まくり"": 14.9, ""差し"": 10.1, ""抜き"": 5.6, ""恵まれ"": 0.5}","[""0〜600円"", ""600〜740円"", ""740〜890円"", ""890〜1050円"", ""1050〜1220円"", ""1220〜1410円"", ""1410〜1630円"", ""1630〜1890円"", ""1890〜2200円"", ""2200〜2560円"", ""2560〜3020円"", ""3020〜3570円"", ""3570〜4280円"", ""4280〜5210円"", ""5210〜6480円"", ""6480〜8300円"", ""8300〜11200円"", ""11200〜16230円"", ""16230〜28240円"", ""28240円〜""]","[4.2, 5.6, 6.3, 6.3, 4.7, 6.3, 5.0, 5.2, 5.6, 4.2, 3.9, 5.7, 4.4, 3.6, 4.6, 5.8, 4.9, 3.8, 5.2, 4.7]","[-0.8, 0.6, 1.3, 1.3, -0.3, 1.3, 0.0, 0.2, 0.6, -0.8, -1.1, 0.7, -0.6, -1.4, -0.4, 0.8, -0.1, -1.2, 0.2, -0.3]"
20260907,13,3,2,62.1,"[[""2-1-4"", 0.099], [""2-1-3"", 0.0667], [""2-1-5"", 0.0213]]",4,26.2,"[[""4-2-1"", 0.0495], [""4-2-3"", 0.0228]]","[[""2-4-1"", 0.078], [""1-2-4"", 0.0692], [""1-2-3"", 0.0466], [""2-3-1"", 0.0432]]",,,False,False,0.7852,強,"{""逃げ"": 71.4, ""まくり"": 8.3, ""まくり差し"": 9.3, ""差し"": 6.6, ""抜き"": 3.9, ""恵まれ"": 0.5}","[""0〜600円"", ""600〜740円"", ""740〜890円"", ""890〜1050円"", ""1050〜1220円"", ""1220〜1410円"", ""1410〜1630円"", ""1630〜1890円"", ""1890〜2200円"", ""2200〜2560円"", ""2560〜3020円"", ""3020〜3570円"", ""3570〜4280円"", ""4280〜5210円"", ""5210〜6480円"", ""6480〜8300円"", ""8300〜11200円"", ""11200〜16230円"", ""16230〜28240円"", ""28240円〜""]","[9.3, 7.5, 7.2, 6.6, 5.7, 5.5, 5.2, 5.1, 5.0, 4.8, 3.9, 3.3, 4.6, 3.5, 3.7, 3.3, 2.9, 3.2, 4.4, 5.2]","[4.3, 2.5, 2.2, 1.6, 0.7, 0.5, 0.2, 0.1, -0.0, -0.2, -1.1, -1.7, -0.4, -1.5, -1.3, -1.7, -2.1, -1.8, -0.6, 0.2]"
20260907,13,4,1,39.1,"[[""1-2-5"", 0.0425], [""1-5-2"", 0.0354], [""1-2-3"", 0.042], [""1-3-2"", 0.0325], [""1-5-3"", 0.0233], [""1-3-5"", 0.0216], [""1-2-6"", 0.0211], [""1-2-4"", 0.0166], [""1-6-2"", 0.0146]]",2,19.0,"[[""2-1-5"", 0.0363], [""2-1-3"", 0.0358], [""2-1-6"", 0.018], [""2-1-4"", 0.0142]]","[[""5-1-2"", 0.0273], [""2-5-1"", 0.0246], [""5-2-1"", 0.0222], [""3-1-2"", 0.024]]",,,False,False,0.7852,弱,"{""逃げ"": 36.3, ""まくり"": 21.8, ""差し"": 17.8, ""まくり差し"": 14.7, ""抜き"": 8.6, ""恵まれ"": 0.8}","[""0〜600円"", ""600〜740円"", ""740〜890円"", ""890〜1050円"", ""1050〜1220円"", ""1220〜1410円"", ""1410〜1630円"", ""1630〜1890円"", ""1890〜2200円"", ""2200〜2560円"", ""2560〜3020円"", ""3020〜3570円"", ""3570〜4280円"", ""4280〜5210円"", ""5210〜6480円"", ""6480〜8300円"", ""8300〜11200円"", ""11200〜16230円"", ""16230〜28240円"", ""28240円〜""]","[1.1, 3.0, 3.5, 4.1, 4.5, 6.1, 5.1, 6.9, 6.1, 4.3, 6.6, 6.3, 4.7, 5.1, 5.5, 6.5, 6.4, 6.3, 4.0, 4.1]","[-3.9, -2.0, -1.5, -0.9, -0.5, 1.1, 0.1, 1.9, 1.1, -0.7, 1.6, 1.3, -0.3, 0.1, 0.5, 1.5, 1.4, 1.3, -1.0, -0.9]"
20260907,13,5,2,58.5,"[[""2-1-3"", 0.1009], [""2-1-4"", 0.0873], [""2-1-6"", 0.0234], [""2-1-5"", 0.0233]]",1,22.2,"[[""1-2-3"", 0.0961], [""1-2-4"", 0.0831], [""1-2-6"", 0.0223], [""1-2-5"", 0.0222]]","[[""2-3-1"", 0.0449], [""1-3-2"", 0.0403], [""2-4-1"", 0.0366], [""3-2-1"", 0.0298]]",1-2,0.5017,False,True,0.8201,強,"{""逃げ"": 71.4, ""まくり"": 8.3, ""まくり差し"": 9.3, ""差し"": 6.6, ""抜き"": 3.9, ""恵まれ"": 0.5}","[""0〜600円"", ""600〜740円"", ""740〜890円"", ""890〜1050円"", ""1050〜1220円"", ""1220〜1410円"", ""1410〜1630円"", ""1630〜1890円"", ""1890〜2200円"", ""2200〜2560円"", ""2560〜3020円"", ""3020〜3570円"", ""3570〜4280円"", ""4280〜5210円"", ""5210〜6480円"", ""6480〜8300円"", ""8300〜11200円"", ""11200〜16230円"", ""16230〜28240円"", ""28240円〜""]","[9.3, 7.5, 7.2, 6.6, 5.7, 5.5, 5.2, 5.1, 5.0, 4.8, 3.9, 3.3, 4.6, 3.5, 3.7, 3.3, 2.9, 3.2, 4.4, 5.2]","[4.3, 2.5, 2.2, 1.6, 0.7, 0.5, 0.2, 0.1, -0.0, -0.2, -1.1, -1.7, -0.4, -1.5, -1.3, -1.7, -2.1, -1.8, -0.6, 0.2]"
20260907,13,6,1,47.3,"[[""1-4-3"", 0.1452], [""1-4-2"", 0.1162], [""1-4-5"", 0.0575], [""1-4-6"", 0.0559]]",4,31.0,"[[""4-1-3"", 0.0194], [""4-1-2"", 0.0156]]","[[""1-3-4"", 0.1012], [""1-2-4"", 0.0733], [""1-3-2"", 0.0405], [""1-2-3"", 0.0367]]",1-4,0.4612,False,True,0.8201,強,"{""逃げ"": 71.4, ""まくり"": 8.3, ""まくり差し"": 9.3, ""差し"": 6.6, ""抜き"": 3.9, ""恵まれ"": 0.5}","[""0〜600円"", ""600〜740円"", ""740〜890円"", ""890〜1050円"", ""1050〜1220円"", ""1220〜1410円"", ""1410〜1630円"", ""1630〜1890円"", ""1890〜2200円"", ""2200〜2560円"", ""2560〜3020円"", ""3020〜3570円"", ""3570〜4280円"", ""4280〜5210円"", ""5210〜6480円"", ""6480〜8300円"", ""8300〜11200円"", ""11200〜16230円"", ""16230〜28240円"", ""28240円〜""]","[9.3, 7.5, 7.2, 6.6, 5.7, 5.5, 5.2, 5.1, 5.0, 4.8, 3.9, 3.3, 4.6, 3.5, 3.7, 3.3, 2.9, 3.2, 4.4, 5.2]","[4.3, 2.5, 2.2, 1.6, 0.7, 0.5, 0.2, 0.1, -0.0, -0.2, -1.1, -1.7, -0.4, -1.5, -1.3, -1.7, -2.1, -1.8, -0.6, 0.2]"
20260907,13,7,1,47.6,"[[""1-2-4"", 0.0678], [""1-2-3"", 0.0649], [""1-2-5"", 0.0404], [""1-2-6"", 0.0213]]",2,37.9,"[[""2-1-4"", 0.0541], [""2-1-3"", 0.0518], [""2-1-5"", 0.0322], [""2-1-6"", 0.017]]","[[""1-4-2"", 0.0429], [""1-3-2"", 0.0386], [""4-1-2"", 0.0277], [""2-4-1"", 0.026]]",1-2,0.3829,False,False,0.7852,中,"{""逃げ"": 55.9, ""まくり差し"": 13.1, ""まくり"": 14.9, ""差し"": 10.1, ""抜き"": 5.6, ""恵まれ"": 0.5}","[""0〜600円"", ""600〜740円"", ""740〜890円"", ""890〜1050円"", ""1050〜1220円"", ""1220〜1410円"", ""1410〜1630円"", ""1630〜1890円"", ""1890〜2200円"", ""2200〜2560円"", ""2560〜3020円"", ""3020〜3570円"", ""3570〜4280円"", ""4280〜5210円"", ""5210〜6480円"", ""6480〜8300円"", ""8300〜11200円"", ""11200〜16230円"", ""16230〜28240円"", ""28240円〜""]","[4.2, 5.6, 6.3, 6.3, 4.7, 6.3, 5.0, 5.2, 5.6, 4.2, 3.9, 5.7, 4.4, 3.6, 4.6, 5.8, 4.9, 3.8, 5.2, 4.7]","[-0.8, 0.6, 1.3, 1.3, -0.3, 1.3, 0.0, 0.2, 0.6, -0.8, -1.1, 0.7, -0.6, -1.4, -0.4, 0.8, -0.1, -1.2, 0.2, -0.3]"
20260907,13,8,1,59.1,"[[""1-3-4"", 0.0807], [""1-3-2"", 0.0828], [""1-3-5"", 0.0504], [""1-3-6"", 0.0281]]",3,28.4,"[[""3-1-4"", 0.0502], [""3-1-2"", 0.0516], [""3-1-5"", 0.0314], [""3-1-6"", 0.0175]]","[[""1-4-3"", 0.0498], [""1-2-3"", 0.0488], [""4-1-3"", 0.026], [""1-5-3"", 0.0277]]",1-3,0.4286,False,False,0.7852,中,"{""逃げ"": 55.9, ""まくり差し"": 13.1, ""まくり"": 14.9, ""差し"": 10.1, ""抜き"": 5.6, ""恵まれ"": 0.5}","[""0〜600円"", ""600〜740円"", ""740〜890円"", ""890〜1050円"", ""1050〜1220円"", ""1220〜1410円"", ""1410〜1630円"", ""1630〜1890円"", ""1890〜2200円"", ""2200〜2560円"", ""2560〜3020円"", ""3020〜3570円"", ""3570〜4280円"", ""4280〜5210円"", ""5210〜6480円"", ""6480〜8300円"", ""8300〜11200円"", ""11200〜16230円"", ""16230〜28240円"", ""28240円〜""]","[4.2, 5.6, 6.3, 6.3, 4.7, 6.3, 5.0, 5.2, 5.6, 4.2, 3.9, 5.7, 4.4, 3.6, 4.6, 5.8, 4.9, 3.8, 5.2, 4.7]","[-0.8, 0.6, 1.3, 1.3, -0.3, 1.3, 0.0, 0.2, 0.6, -0.8, -1.1, 0.7, -0.6, -1.4, -0.4, 0.8, -0.1, -1.2, 0.2, -0.3]"
20260907,13,9,1,62.9,"[[""1-3-4"", 0.0829], [""1-3-2"", 0.1002], [""1-3-6"", 0.0589], [""1-3-5"", 0.0524]]",3,23.2,"[[""3-1-4"", 0.0302], [""3-1-2"", 0.0364], [""3-1-6"", 0.0214], [""3-1-5"", 0.0191]]","[[""1-4-3"", 0.0545], [""1-2-3"", 0.0651], [""1-6-3"", 0.0353], [""1-5-3"", 0.031]]",1-3,0.4325,False,False,0.7852,強,"{""逃げ"": 71.4, ""まくり"": 8.3, ""まくり差し"": 9.3, ""差し"": 6.6, ""抜き"": 3.9, ""恵まれ"": 0.5}","[""0〜600円"", ""600〜740円"", ""740〜890円"", ""890〜1050円"", ""1050〜1220円"", ""1220〜1410円"", ""1410〜1630円"", ""1630〜1890円"", ""1890〜2200円"", ""2200〜2560円"", ""2560〜3020円"", ""3020〜3570円"", ""3570〜4280円"", ""4280〜5210円"", ""5210〜6480円"", ""6480〜8300円"", ""8300〜11200円"", ""11200〜16230円"", ""16230〜28240円"", ""28240円〜""]","[9.3, 7.5, 7.2, 6.6, 5.7, 5.5, 5.2, 5.1, 5.0, 4.8, 3.9, 3.3, 4.6, 3.5, 3.7, 3.3, 2.9, 3.2, 4.4, 5.2]","[4.3, 2.5, 2.2, 1.6, 0.7, 0.5, 0.2, 0.1, -0.0, -0.2, -1.1, -1.7, -0.4, -1.5, -1.3, -1.7, -2.1, -1.8, -0.6, 0.2]"
20260907,13,10,1,54.4,"[[""1-4-2"", 0.0603], [""1-2-4"", 0.0572], [""1-4-3"", 0.0584], [""1-3-4"", 0.0512], [""1-2-3"", 0.0481], [""1-4-5"", 0.0471], [""1-3-2"", 0.0444], [""1-5-4"", 0.0394], [""1-2-5"", 0.0387]]",2,39.8,"[[""2-1-4"", 0.0166], [""2-1-3"", 0.0139], [""2-1-5"", 0.0112]]","[[""1-5-2"", 0.0342], [""1-4-6"", 0.0314], [""1-3-5"", 0.0272], [""1-5-3"", 0.026]]",,,False,False,0.7852,強,"{""逃げ"": 71.4, ""まくり"": 8.3, ""まくり差し"": 9.3, ""差し"": 6.6, ""抜き"": 3.9, ""恵まれ"": 0.5}","[""0〜600円"", ""600〜740円"", ""740〜890円"", ""890〜1050円"", ""1050〜1220円"", ""1220〜1410円"", ""1410〜1630円"", ""1630〜1890円"", ""1890〜2200円"", ""2200〜2560円"", ""2560〜3020円"", ""3020〜3570円"", ""3570〜4280円"", ""4280〜5210円"", ""5210〜6480円"", ""6480〜8300円"", ""8300〜11200円"", ""11200〜16230円"", ""16230〜28240円"", ""28240円〜""]","[9.3, 7.5, 7.2, 6.6, 5.7, 5.5, 5.2, 5.1, 5.0, 4.8, 3.9, 3.3, 4.6, 3.5, 3.7, 3.3, 2.9, 3.2, 4.4, 5.2]","[4.3, 2.5, 2.2, 1.6, 0.7, 0.5, 0.2, 0.1, -0.0, -0.2, -1.1, -1.7, -0.4, -1.5, -1.3, -1.7, -2.1, -1.8, -0.6, 0.2]"
20260907,13,11,1,54.5,"[[""1-2-3"", 0.0683], [""1-3-2"", 0.0655], [""1-2-4"", 0.0621], [""1-4-2"", 0.0544], [""1-3-4"", 0.0537], [""1-4-3"", 0.049], [""1-2-5"", 0.0421], [""1-3-5"", 0.0364], [""1-5-2"", 0.034]]",3,50.0,"[[""3-1-2"", 0.0207], [""3-1-4"", 0.017], [""3-1-5"", 0.0115]]","[[""1-5-3"", 0.0307], [""2-1-3"", 0.0218], [""1-2-6"", 0.0264], [""1-4-5"", 0.0248]]",,,False,True,0.8201,強,"{""逃げ"": 71.4, ""まくり"": 8.3, ""まくり差し"": 9.3, ""差し"": 6.6, ""抜き"": 3.9, ""恵まれ"": 0.5}","[""0〜600円"", ""600〜740円"", ""740〜890円"", ""890〜1050円"", ""1050〜1220円"", ""1220〜1410円"", ""1410〜1630円"", ""1630〜1890円"", ""1890〜2200円"", ""2200〜2560円"", ""2560〜3020円"", ""3020〜3570円"", ""3570〜4280円"", ""4280〜5210円"", ""5210〜6480円"", ""6480〜8300円"", ""8300〜11200円"", ""11200〜16230円"", ""16230〜28240円"", ""28240円〜""]","[9.3, 7.5, 7.2, 6.6, 5.7, 5.5, 5.2, 5.1, 5.0, 4.8, 3.9, 3.3, 4.6, 3.5, 3.7, 3.3, 2.9, 3.2, 4.4, 5.2]","[4.3, 2.5, 2.2, 1.6, 0.7, 0.5, 0.2, 0.1, -0.0, -0.2, -1.1, -1.7, -0.4, -1.5, -1.3, -1.7, -2.1, -1.8, -0.6, 0.2]"
20260907,13,12,1,54.9,"[[""1-3-4"", 0.0547], [""1-4-3"", 0.0511], [""1-3-2"", 0.0461], [""1-2-3"", 0.0383], [""1-4-2"", 0.0363], [""1-2-4"", 0.0323], [""1-3-5"", 0.0318], [""1-3-6"", 0.0316], [""1-4-5"", 0.025]]",3,33.7,"[[""3-1-4"", 0.0274], [""3-1-2"", 0.0231], [""3-1-5"", 0.0159], [""3-1-6"", 0.0158]]","[[""4-1-3"", 0.0249], [""1-4-6"", 0.0248], [""1-5-3"", 0.0248], [""1-6-3"", 0.0246]]",,,False,False,0.7852,強,"{""逃げ"": 71.4, ""まくり"": 8.3, ""まくり差し"": 9.3, ""差し"": 6.6, ""抜き"": 3.9, ""恵まれ"": 0.5}","[""0〜600円"", ""600〜740円"", ""740〜890円"", ""890〜1050円"", ""1050〜1220円"", ""1220〜1410円"", ""1410〜1630円"", ""1630〜1890円"", ""1890〜2200円"", ""2200〜2560円"", ""2560〜3020円"", ""3020〜3570円"", ""3570〜4280円"", ""4280〜5210円"", ""5210〜6480円"", ""6480〜8300円"", ""8300〜11200円"", ""11200〜16230円"", ""16230〜28240円"", ""28240円〜""]","[9.3, 7.5, 7.2, 6.6, 5.7, 5.5, 5.2, 5.1, 5.0, 4.8, 3.9, 3.3, 4.6, 3.5, 3.7, 3.3, 2.9, 3.2, 4.4, 5.2]","[4.3, 2.5, 2.2, 1.6, 0.7, 0.5, 0.2, 0.1, -0.0, -0.2, -1.1, -1.7, -0.4, -1.5, -1.3, -1.7, -2.1, -1.8, -0.6, 0.2]"
20260907,14,1,1,52.9,"[[""1-3-2"", 0.1211], [""1-3-4"", 0.1414], [""1-3-6"", 0.1003], [""1-3-5"", 0.0177]]",3,17.8,"[[""3-1-2"", 0.0259], [""3-1-4"", 0.0302], [""3-1-6"", 0.0214]]","[[""1-2-3"", 0.0732], [""1-4-3"", 0.0847], [""1-6-3"", 0.0567], [""1-2-4"", 0.0305]]",1-3,0.4939,False,True,0.8201,強,"{""逃げ"": 61.1, ""まくり差し"": 11.2, ""まくり"": 11.0, ""差し"": 9.9, ""抜き"": 6.2, ""恵まれ"": 0.5}","[""0〜600円"", ""600〜740円"", ""740〜890円"", ""890〜1050円"", ""1050〜1220円"", ""1220〜1410円"", ""1410〜1630円"", ""1630〜1890円"", ""1890〜2200円"", ""2200〜2560円"", ""2560〜3020円"", ""3020〜3570円"", ""3570〜4280円"", ""4280〜5210円"", ""5210〜6480円"", ""6480〜8300円"", ""8300〜11200円"", ""11200〜16230円"", ""16230〜28240円"", ""28240円〜""]","[5.1, 5.6, 4.9, 5.5, 5.8, 4.9, 4.9, 5.5, 4.3, 5.2, 4.4, 4.1, 4.3, 4.2, 5.0, 4.2, 5.4, 5.0, 5.9, 5.7]","[0.1, 0.6, -0.1, 0.5, 0.8, -0.1, -0.1, 0.5, -0.7, 0.2, -0.6, -0.9, -0.7, -0.8, -0.0, -0.8, 0.4, -0.0, 0.9, 0.7]"
20260907,14,2,2,44.7,"[[""2-3-5"", 0.0402], [""2-3-4"", 0.0408], [""2-3-1"", 0.0402], [""2-5-3"", 0.0309], [""2-3-6"", 0.0314], [""2-4-3"", 0.0299], [""2-1-3"", 0.0294], [""2-6-3"", 0.0221], [""2-5-4"", 0.016]]",3,30.6,"[[""3-2-5"", 0.0292], [""3-2-4"", 0.0297], [""3-2-1"", 0.0292], [""3-2-6"", 0.0229]]","[[""5-2-3"", 0.0198], [""3-5-2"", 0.0153], [""4-2-3"", 0.0187], [""1-2-3"", 0.0183]]",,,False,False,0.7852,強,"{""逃げ"": 61.1, ""まくり差し"": 11.2, ""まくり"": 11.0, ""差し"": 9.9, ""抜き"": 6.2, ""恵まれ"": 0.5}","[""0〜600円"", ""600〜740円"", ""740〜890円"", ""890〜1050円"", ""1050〜1220円"", ""1220〜1410円"", ""1410〜1630円"", ""1630〜1890円"", ""1890〜2200円"", ""2200〜2560円"", ""2560〜3020円"", ""3020〜3570円"", ""3570〜4280円"", ""4280〜5210円"", ""5210〜6480円"", ""6480〜8300円"", ""8300〜11200円"", ""11200〜16230円"", ""16230〜28240円"", ""28240円〜""]","[5.1, 5.6, 4.9, 5.5, 5.8, 4.9, 4.9, 5.5, 4.3, 5.2, 4.4, 4.1, 4.3, 4.2, 5.0, 4.2, 5.4, 5.0, 5.9, 5.7]","[0.1, 0.6, -0.1, 0.5, 0.8, -0.1, -0.1, 0.5, -0.7, 0.2, -0.6, -0.9, -0.7, -0.8, -0.0, -0.8, 0.4, -0.0, 0.9, 0.7]"
20260907,14,3,1,55.1,"[[""1-3-5"", 0.0816], [""1-5-3"", 0.0734], [""1-3-4"", 0.0836], [""1-4-3"", 0.0705], [""1-5-4"", 0.0583], [""1-4-5"", 0.0546], [""1-3-2"", 0.0521], [""1-2-3"", 0.0401], [""1-5-2"", 0.0363]]",3,29.0,"[[""3-1-5"", 0.0149], [""3-1-4"", 0.0152]]","[[""1-3-6"", 0.0333], [""1-2-5"", 0.031], [""1-4-2"", 0.0274], [""1-2-4"", 0.025]]",,,False,False,0.7852,強,"{""逃げ"": 61.1, ""まくり差し"": 11.2, ""まくり"": 11.0, ""差し"": 9.9, ""抜き"": 6.2, ""恵まれ"": 0.5}","[""0〜600円"", ""600〜740円"", ""740〜890円"", ""890〜1050円"", ""1050〜1220円"", ""1220〜1410円"", ""1410〜1630円"", ""1630〜1890円"", ""1890〜2200円"", ""2200〜2560円"", ""2560〜3020円"", ""3020〜3570円"", ""3570〜4280円"", ""4280〜5210円"", ""5210〜6480円"", ""6480〜8300円"", ""8300〜11200円"", ""11200〜16230円"", ""16230〜28240円"", ""28240円〜""]","[5.1, 5.6, 4.9, 5.5, 5.8, 4.9, 4.9, 5.5, 4.3, 5.2, 4.4, 4.1, 4.3, 4.2, 5.0, 4.2, 5.4, 5.0, 5.9, 5.7]","[0.1, 0.6, -0.1, 0.5, 0.8, -0.1, -0.1, 0.5, -0.7, 0.2, -0.6, -0.9, -0.7, -0.8, -0.0, -0.8, 0.4, -0.0, 0.9, 0.7]"
20260907,14,4,1,47.3,"[[""1-3-2"", 0.0687], [""1-3-6"", 0.0786], [""1-2-3"", 0.058], [""1-6-3"", 0.0652], [""1-3-4"", 0.0505], [""1-3-5"", 0.0505], [""1-2-6"", 0.0419], [""1-6-2"", 0.0412], [""1-4-3"", 0.0385]]",2,35.9,"[[""2-1-3"", 0.013]]","[[""1-5-3"", 0.0385], [""1-2-4"", 0.027], [""1-2-5"", 0.0269], [""1-6-4"", 0.0249]]",,,False,True,0.8201,強,"{""逃げ"": 61.1, ""まくり差し"": 11.2, ""まくり"": 11.0, ""差し"": 9.9, ""抜き"": 6.2, ""恵まれ"": 0.5}","[""0〜600円"", ""600〜740円"", ""740〜890円"", ""890〜1050円"", ""1050〜1220円"", ""1220〜1410円"", ""1410〜1630円"", ""1630〜1890円"", ""1890〜2200円"", ""2200〜2560円"", ""2560〜3020円"", ""3020〜3570円"", ""3570〜4280円"", ""4280〜5210円"", ""5210〜6480円"", ""6480〜8300円"", ""8300〜11200円"", ""11200〜16230円"", ""16230〜28240円"", ""28240円〜""]","[5.1, 5.6, 4.9, 5.5, 5.8, 4.9, 4.9, 5.5, 4.3, 5.2, 4.4, 4.1, 4.3, 4.2, 5.0, 4.2, 5.4, 5.0, 5.9, 5.7]","[0.1, 0.6, -0.1, 0.5, 0.8, -0.1, -0.1, 0.5, -0.7, 0.2, -0.6, -0.9, -0.7, -0.8, -0.0, -0.8, 0.4, -0.0, 0.9, 0.7]"
20260907,14,5,2,60.0,"[[""2-4-1"", 0.0296], [""2-1-4"", 0.0285], [""2-4-6"", 0.0289], [""2-4-3"", 0.0289], [""2-6-4"", 0.0262], [""2-3-4"", 0.0262], [""2-1-6"", 0.0248], [""2-1-3"", 0.0248], [""2-6-1"", 0.0234]]",3,45.9,"[[""3-2-4"", 0.0162], [""3-2-1"", 0.0144], [""3-2-6"", 0.0115]]","[[""4-2-1"", 0.0192], [""2-3-1"", 0.0234], [""1-2-4"", 0.0181], [""2-4-5"", 0.0218]]",,,False,True,0.8201,強,"{""逃げ"": 61.1, ""まくり差し"": 11.2, ""まくり"": 11.0, ""差し"": 9.9, ""抜き"": 6.2, ""恵まれ"": 0.5}","[""0〜600円"", ""600〜740円"", ""740〜890円"", ""890〜1050円"", ""1050〜1220円"", ""1220〜1410円"", ""1410〜1630円"", ""1630〜1890円"", ""1890〜2200円"", ""2200〜2560円"", ""2560〜3020円"", ""3020〜3570円"", ""3570〜4280円"", ""4280〜5210円"", ""5210〜6480円"", ""6480〜8300円"", ""8300〜11200円"", ""11200〜16230円"", ""16230〜28240円"", ""28240円〜""]","[5.1, 5.6, 4.9, 5.5, 5.8, 4.9, 4.9, 5.5, 4.3, 5.2, 4.4, 4.1, 4.3, 4.2, 5.0, 4.2, 5.4, 5.0, 5.9, 5.7]","[0.1, 0.6, -0.1, 0.5, 0.8, -0.1, -0.1, 0.5, -0.7, 0.2, -0.6, -0.9, -0.7, -0.8, -0.0, -0.8, 0.4, -0.0, 0.9, 0.7]"
20260907,14,6,2,49.8,"[[""2-1-4"", 0.0807], [""2-1-3"", 0.0746], [""2-1-5"", 0.0119]]",1,41.5,"[[""1-2-4"", 0.0661], [""1-2-3"", 0.0611]]","[[""2-4-1"", 0.0583], [""4-2-1"", 0.041], [""2-3-1"", 0.0495], [""1-4-2"", 0.0367]]",1-2,0.351,False,True,0.8201,強,"{""逃げ"": 61.1, ""まくり差し"": 11.2, ""まくり"": 11.0, ""差し"": 9.9, ""抜き"": 6.2, ""恵まれ"": 0.5}","[""0〜600円"", ""600〜740円"", ""740〜890円"", ""890〜1050円"", ""1050〜1220円"", ""1220〜1410円"", ""1410〜1630円"", ""1630〜1890円"", ""1890〜2200円"", ""2200〜2560円"", ""2560〜3020円"", ""3020〜3570円"", ""3570〜4280円"", ""4280〜5210円"", ""5210〜6480円"", ""6480〜8300円"", ""8300〜11200円"", ""11200〜16230円"", ""16230〜28240円"", ""28240円〜""]","[5.1, 5.6, 4.9, 5.5, 5.8, 4.9, 4.9, 5.5, 4.3, 5.2, 4.4, 4.1, 4.3, 4.2, 5.0, 4.2, 5.4, 5.0, 5.9, 5.7]","[0.1, 0.6, -0.1, 0.5, 0.8, -0.1, -0.1, 0.5, -0.7, 0.2, -0.6, -0.9, -0.7, -0.8, -0.0, -0.8, 0.4, -0.0, 0.9, 0.7]"
20260907,14,7,1,48.1,"[[""1-2-5"", 0.0685], [""1-2-4"", 0.0493], [""1-2-3"", 0.0361]]",2,28.8,"[[""2-1-5"", 0.0501], [""2-1-4"", 0.036], [""2-1-3"", 0.0264]]","[[""1-5-2"", 0.0583], [""5-1-2"", 0.0395], [""2-5-1"", 0.0279], [""1-4-2"", 0.0354]]",1-2,0.3034,False,False,0.7852,中,"{""逃げ"": 45.5, ""まくり"": 18.1, ""まくり差し"": 13.9, ""差し"": 13.6, ""抜き"": 8.2, ""恵まれ"": 0.8}","[""0〜600円"", ""600〜740円"", ""740〜890円"", ""890〜1050円"", ""1050〜1220円"", ""1220〜1410円"", ""1410〜1630円"", ""1630〜1890円"", ""1890〜2200円"", ""2200〜2560円"", ""2560〜3020円"", ""3020〜3570円"", ""3570〜4280円"", ""4280〜5210円"", ""5210〜6480円"", ""6480〜8300円"", ""8300〜11200円"", ""11200〜16230円"", ""16230〜28240円"", ""28240円〜""]","[2.5, 3.7, 4.0, 4.9, 5.2, 3.7, 4.7, 4.7, 4.9, 4.2, 5.0, 4.5, 5.1, 5.5, 5.8, 5.7, 5.9, 7.2, 6.1, 6.8]","[-2.5, -1.3, -1.0, -0.1, 0.2, -1.3, -0.3, -0.3, -0.1, -0.8, -0.0, -0.5, 0.1, 0.5, 0.8, 0.7, 0.9, 2.2, 1.1, 1.8]"
20260907,14,8,2,52.4,"[[""2-1-5"", 0.0681], [""2-1-3"", 0.0627], [""2-1-4"", 0.0475], [""2-1-6"", 0.0253]]",1,29.0,"[[""1-2-5"", 0.0537], [""1-2-3"", 0.0494], [""1-2-4"", 0.0375], [""1-2-6"", 0.0199]]","[[""2-5-1"", 0.0414], [""2-3-1"", 0.0358], [""5-2-1"", 0.0262], [""1-5-2"", 0.0245]]",1-2,0.3975,False,False,0.7852,強,"{""逃げ"": 61.1, ""まくり差し"": 11.2, ""まくり"": 11.0, ""差し"": 9.9, ""抜き"": 6.2, ""恵まれ"": 0.5}","[""0〜600円"", ""600〜740円"", ""740〜890円"", ""890〜1050円"", ""1050〜1220円"", ""1220〜1410円"", ""1410〜1630円"", ""1630〜1890円"", ""1890〜2200円"", ""2200〜2560円"", ""2560〜3020円"", ""3020〜3570円"", ""3570〜4280円"", ""4280〜5210円"", ""5210〜6480円"", ""6480〜8300円"", ""8300〜11200円"", ""11200〜16230円"", ""16230〜28240円"", ""28240円〜""]","[5.1, 5.6, 4.9, 5.5, 5.8, 4.9, 4.9, 5.5, 4.3, 5.2, 4.4, 4.1, 4.3, 4.2, 5.0, 4.2, 5.4, 5.0, 5.9, 5.7]","[0.1, 0.6, -0.1, 0.5, 0.8, -0.1, -0.1, 0.5, -0.7, 0.2, -0.6, -0.9, -0.7, -0.8, -0.0, -0.8, 0.4, -0.0, 0.9, 0.7]"
20260907,14,9,3,46.4,"[[""3-4-2"", 0.0332], [""3-4-1"", 0.041], [""3-2-4"", 0.029], [""3-1-4"", 0.0354], [""3-2-1"", 0.0267], [""3-1-2"", 0.0265], [""3-4-5"", 0.0143], [""3-5-4"", 0.01]]",1,42.6,"[[""1-3-4"", 0.0318], [""1-4-3"", 0.0312], [""1-3-2"", 0.0238], [""1-4-2"", 0.0225]]","[[""4-3-2"", 0.0328], [""4-3-1"", 0.0405], [""4-2-3"", 0.0281], [""4-1-3"", 0.0343]]",,,False,False,0.7852,強,"{""逃げ"": 61.1, ""まくり差し"": 11.2, ""まくり"": 11.0, ""差し"": 9.9, ""抜き"": 6.2, ""恵まれ"": 0.5}","[""0〜600円"", ""600〜740円"", ""740〜890円"", ""890〜1050円"", ""1050〜1220円"", ""1220〜1410円"", ""1410〜1630円"", ""1630〜1890円"", ""1890〜2200円"", ""2200〜2560円"", ""2560〜3020円"", ""3020〜3570円"", ""3570〜4280円"", ""4280〜5210円"", ""5210〜6480円"", ""6480〜8300円"", ""8300〜11200円"", ""11200〜16230円"", ""16230〜28240円"", ""28240円〜""]","[5.1, 5.6, 4.9, 5.5, 5.8, 4.9, 4.9, 5.5, 4.3, 5.2, 4.4, 4.1, 4.3, 4.2, 5.0, 4.2, 5.4, 5.0, 5.9, 5.7]","[0.1, 0.6, -0.1, 0.5, 0.8, -0.1, -0.1, 0.5, -0.7, 0.2, -0.6, -0.9, -0.7, -0.8, -0.0, -0.8, 0.4, -0.0, 0.9, 0.7]"
20260907,14,10,1,56.8,"[[""1-4-3"", 0.0898], [""1-4-2"", 0.0964], [""1-4-6"", 0.0303], [""1-4-5"", 0.0277]]",4,29.1,"[[""4-1-3"", 0.0673], [""4-1-2"", 0.0723], [""4-1-6"", 0.0227], [""4-1-5"", 0.0207]]","[[""1-3-4"", 0.0477], [""1-2-4"", 0.0495], [""3-1-4"", 0.0277], [""4-3-1"", 0.0253]]",1-4,0.4702,False,False,0.7852,中,"{""逃げ"": 45.5, ""まくり"": 18.1, ""まくり差し"": 13.9, ""差し"": 13.6, ""抜き"": 8.2, ""恵まれ"": 0.8}","[""0〜600円"", ""600〜740円"", ""740〜890円"", ""890〜1050円"", ""1050〜1220円"", ""1220〜1410円"", ""1410〜1630円"", ""1630〜1890円"", ""1890〜2200円"", ""2200〜2560円"", ""2560〜3020円"", ""3020〜3570円"", ""3570〜4280円"", ""4280〜5210円"", ""5210〜6480円"", ""6480〜8300円"", ""8300〜11200円"", ""11200〜16230円"", ""16230〜28240円"", ""28240円〜""]","[2.5, 3.7, 4.0, 4.9, 5.2, 3.7, 4.7, 4.7, 4.9, 4.2, 5.0, 4.5, 5.1, 5.5, 5.8, 5.7, 5.9, 7.2, 6.1, 6.8]","[-2.5, -1.3, -1.0, -0.1, 0.2, -1.3, -0.3, -0.3, -0.1, -0.8, -0.0, -0.5, 0.1, 0.5, 0.8, 0.7, 0.9, 2.2, 1.1, 1.8]"
20260907,14,11,1,61.9,"[[""1-2-3"", 0.0162], [""1-3-2"", 0.0161], [""1-2-4"", 0.0182], [""1-4-2"", 0.0177], [""1-3-4"", 0.0177], [""1-4-3"", 0.0173], [""1-2-6"", 0.0148], [""1-3-6"", 0.0144], [""1-6-2"", 0.0137]]",4,43.6,"[[""4-1-2"", 0.0149], [""4-1-3"", 0.0146], [""4-2-1"", 0.0124], [""4-3-1"", 0.012], [""4-1-6"", 0.0109]]","[[""2-1-3"", 0.014], [""3-1-2"", 0.0138], [""2-1-4"", 0.0157], [""3-1-4"", 0.0151]]",,,False,True,0.8201,弱,"{""まくり"": 27.2, ""逃げ"": 27.7, ""差し"": 19.4, ""まくり差し"": 16.2, ""抜き"": 8.8, ""恵まれ"": 0.7}","[""0〜600円"", ""600〜740円"", ""740〜890円"", ""890〜1050円"", ""1050〜1220円"", ""1220〜1410円"", ""1410〜1630円"", ""1630〜1890円"", ""1890〜2200円"", ""2200〜2560円"", ""2560〜3020円"", ""3020〜3570円"", ""3570〜4280円"", ""4280〜5210円"", ""5210〜6480円"", ""6480〜8300円"", ""8300〜11200円"", ""11200〜16230円"", ""16230〜28240円"", ""28240円〜""]","[0.4, 1.3, 2.0, 3.1, 3.3, 4.3, 3.8, 4.5, 4.9, 6.1, 6.2, 6.9, 7.2, 7.5, 6.7, 7.1, 7.0, 6.2, 6.2, 5.4]","[-4.6, -3.7, -3.0, -1.9, -1.7, -0.7, -1.2, -0.5, -0.1, 1.1, 1.2, 1.9, 2.2, 2.5, 1.7, 2.1, 2.0, 1.2, 1.2, 0.4]"
20260907,14,12,1,54.9,"[[""1-2-3"", 0.064], [""1-3-2"", 0.0606], [""1-2-4"", 0.0512], [""1-4-2"", 0.043], [""1-2-6"", 0.0428], [""1-3-4"", 0.0423], [""1-4-3"", 0.0375], [""1-3-6"", 0.0354], [""1-6-2"", 0.0347]]",2,25.8,"[[""2-1-3"", 0.0252], [""2-1-4"", 0.0201], [""2-1-6"", 0.0169], [""2-1-5"", 0.0111]]","[[""1-6-3"", 0.0303], [""3-1-2"", 0.0235], [""1-2-5"", 0.0282], [""1-3-5"", 0.0233]]",,,False,True,0.8201,強,"{""逃げ"": 61.1, ""まくり差し"": 11.2, ""まくり"": 11.0, ""差し"": 9.9, ""抜き"": 6.2, ""恵まれ"": 0.5}","[""0〜600円"", ""600〜740円"", ""740〜890円"", ""890〜1050円"", ""1050〜1220円"", ""1220〜1410円"", ""1410〜1630円"", ""1630〜1890円"", ""1890〜2200円"", ""2200〜2560円"", ""2560〜3020円"", ""3020〜3570円"", ""3570〜4280円"", ""4280〜5210円"", ""5210〜6480円"", ""6480〜8300円"", ""8300〜11200円"", ""11200〜16230円"", ""16230〜28240円"", ""28240円〜""]","[5.1, 5.6, 4.9, 5.5, 5.8, 4.9, 4.9, 5.5, 4.3, 5.2, 4.4, 4.1, 4.3, 4.2, 5.0, 4.2, 5.4, 5.0, 5.9, 5.7]","[0.1, 0.6, -0.1, 0.5, 0.8, -0.1, -0.1, 0.5, -0.7, 0.2, -0.6, -0.9, -0.7, -0.8, -0.0, -0.8, 0.4, -0.0, 0.9, 0.7]"
20260907,16,1,1,47.9,"[[""1-3-2"", 0.0798], [""1-2-3"", 0.0761], [""1-3-4"", 0.0889], [""1-4-3"", 0.082], [""1-2-4"", 0.076], [""1-4-2"", 0.0734], [""1-3-5"", 0.0435], [""1-2-5"", 0.0371], [""1-5-3"", 0.034]]",3,44.4,"[[""3-1-2"", 0.0224], [""3-1-4"", 0.0249], [""3-1-5"", 0.0122]]","[[""1-4-5"", 0.0328], [""1-5-2"", 0.0305], [""1-5-4"", 0.0278], [""2-1-3"", 0.0212]]",,,False,True,0.8201,中,"{""逃げ"": 52.0, ""まくり差し"": 15.2, ""差し"": 13.3, ""まくり"": 12.0, ""抜き"": 6.9, ""恵まれ"": 0.5}","[""0〜600円"", ""600〜740円"", ""740〜890円"", ""890〜1050円"", ""1050〜1220円"", ""1220〜1410円"", ""1410〜1630円"", ""1630〜1890円"", ""1890〜2200円"", ""2200〜2560円"", ""2560〜3020円"", ""3020〜3570円"", ""3570〜4280円"", ""4280〜5210円"", ""5210〜6480円"", ""6480〜8300円"", ""8300〜11200円"", ""11200〜16230円"", ""16230〜28240円"", ""28240円〜""]","[4.1, 4.8, 5.7, 5.1, 4.9, 5.0, 4.8, 5.0, 4.8, 5.6, 4.4, 4.9, 4.8, 4.8, 5.2, 5.5, 5.4, 4.8, 4.8, 5.6]","[-0.9, -0.2, 0.7, 0.1, -0.1, -0.0, -0.2, 0.0, -0.2, 0.6, -0.6, -0.1, -0.2, -0.2, 0.2, 0.5, 0.4, -0.2, -0.2, 0.6]"
20260907,16,2,1,46.8,"[[""1-3-5"", 0.0376], [""1-5-3"", 0.0348], [""1-3-2"", 0.0435], [""1-2-3"", 0.039], [""1-3-4"", 0.0348], [""1-5-2"", 0.0321], [""1-2-5"", 0.0312], [""1-4-3"", 0.0296], [""1-5-4"", 0.0257]]",3,,"[[""3-1-5"", 0.0229], [""3-1-2"", 0.0264], [""3-1-4"", 0.0211], [""3-1-6"", 0.0103]]","[[""5-1-3"", 0.0204], [""1-4-5"", 0.0237], [""1-2-4"", 0.0226], [""2-1-3"", 0.0226]]",,,False,False,0.7852,弱,"{""逃げ"": 36.1, ""差し"": 19.9, ""まくり"": 19.1, ""まくり差し"": 16.1, ""抜き"": 7.8, ""恵まれ"": 0.9}","[""0〜600円"", ""600〜740円"", ""740〜890円"", ""890〜1050円"", ""1050〜1220円"", ""1220〜1410円"", ""1410〜1630円"", ""1630〜1890円"", ""1890〜2200円"", ""2200〜2560円"", ""2560〜3020円"", ""3020〜3570円"", ""3570〜4280円"", ""4280〜5210円"", ""5210〜6480円"", ""6480〜8300円"", ""8300〜11200円"", ""11200〜16230円"", ""16230〜28240円"", ""28240円〜""]","[0.7, 1.7, 2.6, 2.9, 4.0, 4.8, 4.9, 4.6, 5.6, 5.8, 5.4, 5.5, 6.4, 6.2, 7.7, 6.8, 6.4, 6.7, 6.6, 4.7]","[-4.3, -3.3, -2.4, -2.1, -1.0, -0.2, -0.1, -0.4, 0.6, 0.8, 0.4, 0.5, 1.4, 1.2, 2.7, 1.8, 1.4, 1.7, 1.6, -0.3]"
20260907,16,3,1,66.7,"[[""1-5-2"", 0.0327], [""1-2-5"", 0.0277], [""1-5-4"", 0.03], [""1-5-3"", 0.0292], [""1-4-5"", 0.0232], [""1-3-5"", 0.0225], [""1-2-4"", 0.0173], [""1-2-3"", 0.0168], [""1-4-2"", 0.0158]]",5,30.9,"[[""5-1-2"", 0.0313], [""5-2-1"", 0.0249], [""5-1-4"", 0.0287], [""5-1-3"", 0.0279], [""5-4-1"", 0.021], [""5-3-1"", 0.0203]]","[[""2-1-5"", 0.0238], [""2-5-1"", 0.0224], [""4-1-5"", 0.0188], [""3-1-5"", 0.0182]]",,,False,False,0.7852,弱,"{""逃げ"": 36.1, ""差し"": 19.9, ""まくり"": 19.1, ""まくり差し"": 16.1, ""抜き"": 7.8, ""恵まれ"": 0.9}","[""0〜600円"", ""600〜740円"", ""740〜890円"", ""890〜1050円"", ""1050〜1220円"", ""1220〜1410円"", ""1410〜1630円"", ""1630〜1890円"", ""1890〜2200円"", ""2200〜2560円"", ""2560〜3020円"", ""3020〜3570円"", ""3570〜4280円"", ""4280〜5210円"", ""5210〜6480円"", ""6480〜8300円"", ""8300〜11200円"", ""11200〜16230円"", ""16230〜28240円"", ""28240円〜""]","[0.7, 1.7, 2.6, 2.9, 4.0, 4.8, 4.9, 4.6, 5.6, 5.8, 5.4, 5.5, 6.4, 6.2, 7.7, 6.8, 6.4, 6.7, 6.6, 4.7]","[-4.3, -3.3, -2.4, -2.1, -1.0, -0.2, -0.1, -0.4, 0.6, 0.8, 0.4, 0.5, 1.4, 1.2, 2.7, 1.8, 1.4, 1.7, 1.6, -0.3]"
20260907,16,4,1,41.3,"[[""1-4-3"", 0.0622], [""1-3-4"", 0.0528], [""1-4-2"", 0.0488], [""1-3-2"", 0.0303], [""1-4-6"", 0.0227], [""1-3-6"", 0.0141], [""1-4-5"", 0.0138]]",4,29.8,"[[""4-1-3"", 0.0474], [""4-1-2"", 0.0372], [""4-1-6"", 0.0173], [""4-1-5"", 0.0105]]","[[""3-1-4"", 0.0373], [""1-2-4"", 0.0359], [""4-3-1"", 0.028], [""3-4-1"", 0.0259]]",,,False,False,0.7852,弱,"{""逃げ"": 36.1, ""差し"": 19.9, ""まくり"": 19.1, ""まくり差し"": 16.1, ""抜き"": 7.8, ""恵まれ"": 0.9}","[""0〜600円"", ""600〜740円"", ""740〜890円"", ""890〜1050円"", ""1050〜1220円"", ""1220〜1410円"", ""1410〜1630円"", ""1630〜1890円"", ""1890〜2200円"", ""2200〜2560円"", ""2560〜3020円"", ""3020〜3570円"", ""3570〜4280円"", ""4280〜5210円"", ""5210〜6480円"", ""6480〜8300円"", ""8300〜11200円"", ""11200〜16230円"", ""16230〜28240円"", ""28240円〜""]","[0.7, 1.7, 2.6, 2.9, 4.0, 4.8, 4.9, 4.6, 5.6, 5.8, 5.4, 5.5, 6.4, 6.2, 7.7, 6.8, 6.4, 6.7, 6.6, 4.7]","[-4.3, -3.3, -2.4, -2.1, -1.0, -0.2, -0.1, -0.4, 0.6, 0.8, 0.4, 0.5, 1.4, 1.2, 2.7, 1.8, 1.4, 1.7, 1.6, -0.3]"
20260907,16,5,1,58.8,"[[""1-5-4"", 0.1222], [""1-5-3"", 0.0776], [""1-5-2"", 0.0396], [""1-5-6"", 0.0199]]",5,22.8,"[[""5-1-4"", 0.0707], [""5-1-3"", 0.0449], [""5-1-2"", 0.0229], [""5-1-6"", 0.0115]]","[[""1-4-5"", 0.0774], [""4-1-5"", 0.0386], [""1-3-5"", 0.042], [""5-4-1"", 0.0227]]",1-5,0.4622,False,False,0.7852,強,"{""逃げ"": 67.7, ""まくり差し"": 10.6, ""差し"": 8.7, ""まくり"": 7.1, ""抜き"": 5.1, ""恵まれ"": 0.8}","[""0〜600円"", ""600〜740円"", ""740〜890円"", ""890〜1050円"", ""1050〜1220円"", ""1220〜1410円"", ""1410〜1630円"", ""1630〜1890円"", ""1890〜2200円"", ""2200〜2560円"", ""2560〜3020円"", ""3020〜3570円"", ""3570〜4280円"", ""4280〜5210円"", ""5210〜6480円"", ""6480〜8300円"", ""8300〜11200円"", ""11200〜16230円"", ""16230〜28240円"", ""28240円〜""]","[9.1, 7.3, 6.4, 6.5, 5.1, 6.1, 5.1, 4.5, 4.6, 5.1, 3.8, 3.5, 3.5, 3.9, 3.6, 3.6, 4.4, 4.0, 4.6, 5.4]","[4.1, 2.3, 1.4, 1.5, 0.1, 1.1, 0.1, -0.5, -0.4, 0.1, -1.2, -1.5, -1.5, -1.1, -1.4, -1.4, -0.6, -1.0, -0.4, 0.4]"
20260907,16,6,2,55.8,"[[""2-1-4"", 0.0674], [""2-1-3"", 0.0785], [""2-1-6"", 0.0129]]",1,14.3,"[[""1-2-4"", 0.063], [""1-2-3"", 0.0734], [""1-2-6"", 0.0121]]","[[""2-4-1"", 0.0447], [""2-3-1"", 0.0507], [""1-4-2"", 0.0383], [""1-3-2"", 0.0435]]",1-2,0.3471,False,False,0.7852,強,"{""逃げ"": 67.7, ""まくり差し"": 10.6, ""差し"": 8.7, ""まくり"": 7.1, ""抜き"": 5.1, ""恵まれ"": 0.8}","[""0〜600円"", ""600〜740円"", ""740〜890円"", ""890〜1050円"", ""1050〜1220円"", ""1220〜1410円"", ""1410〜1630円"", ""1630〜1890円"", ""1890〜2200円"", ""2200〜2560円"", ""2560〜3020円"", ""3020〜3570円"", ""3570〜4280円"", ""4280〜5210円"", ""5210〜6480円"", ""6480〜8300円"", ""8300〜11200円"", ""11200〜16230円"", ""16230〜28240円"", ""28240円〜""]","[9.1, 7.3, 6.4, 6.5, 5.1, 6.1, 5.1, 4.5, 4.6, 5.1, 3.8, 3.5, 3.5, 3.9, 3.6, 3.6, 4.4, 4.0, 4.6, 5.4]","[4.1, 2.3, 1.4, 1.5, 0.1, 1.1, 0.1, -0.5, -0.4, 0.1, -1.2, -1.5, -1.5, -1.1, -1.4, -1.4, -0.6, -1.0, -0.4, 0.4]"
20260907,16,7,1,46.0,"[[""1-2-5"", 0.0671], [""1-5-2"", 0.0613], [""1-2-4"", 0.0569], [""1-4-2"", 0.0457], [""1-2-3"", 0.0456], [""1-5-4"", 0.0429], [""1-4-5"", 0.0377], [""1-3-2"", 0.0349], [""1-5-3"", 0.0344]]",2,31.1,"[[""2-1-5"", 0.0371], [""2-1-4"", 0.0315], [""2-1-3"", 0.0252]]","[[""5-1-2"", 0.0328], [""1-3-5"", 0.0288], [""4-1-2"", 0.0232], [""5-1-4"", 0.023]]",,,False,False,0.7852,強,"{""逃げ"": 67.7, ""まくり差し"": 10.6, ""差し"": 8.7, ""まくり"": 7.1, ""抜き"": 5.1, ""恵まれ"": 0.8}","[""0〜600円"", ""600〜740円"", ""740〜890円"", ""890〜1050円"", ""1050〜1220円"", ""1220〜1410円"", ""1410〜1630円"", ""1630〜1890円"", ""1890〜2200円"", ""2200〜2560円"", ""2560〜3020円"", ""3020〜3570円"", ""3570〜4280円"", ""4280〜5210円"", ""5210〜6480円"", ""6480〜8300円"", ""8300〜11200円"", ""11200〜16230円"", ""16230〜28240円"", ""28240円〜""]","[9.1, 7.3, 6.4, 6.5, 5.1, 6.1, 5.1, 4.5, 4.6, 5.1, 3.8, 3.5, 3.5, 3.9, 3.6, 3.6, 4.4, 4.0, 4.6, 5.4]","[4.1, 2.3, 1.4, 1.5, 0.1, 1.1, 0.1, -0.5, -0.4, 0.1, -1.2, -1.5, -1.5, -1.1, -1.4, -1.4, -0.6, -1.0, -0.4, 0.4]"
20260907,16,8,1,55.7,"[[""1-2-4"", 0.0282], [""1-4-2"", 0.0257], [""1-2-6"", 0.0208], [""1-2-5"", 0.02], [""1-6-2"", 0.0164], [""1-5-2"", 0.0157], [""1-4-6"", 0.0152], [""1-4-5"", 0.0146], [""1-2-3"", 0.0141]]",2,26.0,"[[""2-1-4"", 0.0269], [""2-4-1"", 0.023], [""2-1-6"", 0.0198], [""2-1-5"", 0.0191], [""2-6-1"", 0.0148], [""2-5-1"", 0.0142]]","[[""4-1-2"", 0.0231], [""4-2-1"", 0.0216], [""4-1-6"", 0.0136], [""6-1-2"", 0.0134]]",,,False,False,0.7852,弱,"{""逃げ"": 36.1, ""差し"": 19.9, ""まくり"": 19.1, ""まくり差し"": 16.1, ""抜き"": 7.8, ""恵まれ"": 0.9}","[""0〜600円"", ""600〜740円"", ""740〜890円"", ""890〜1050円"", ""1050〜1220円"", ""1220〜1410円"", ""1410〜1630円"", ""1630〜1890円"", ""1890〜2200円"", ""2200〜2560円"", ""2560〜3020円"", ""3020〜3570円"", ""3570〜4280円"", ""4280〜5210円"", ""5210〜6480円"", ""6480〜8300円"", ""8300〜11200円"", ""11200〜16230円"", ""16230〜28240円"", ""28240円〜""]","[0.7, 1.7, 2.6, 2.9, 4.0, 4.8, 4.9, 4.6, 5.6, 5.8, 5.4, 5.5, 6.4, 6.2, 7.7, 6.8, 6.4, 6.7, 6.6, 4.7]","[-4.3, -3.3, -2.4, -2.1, -1.0, -0.2, -0.1, -0.4, 0.6, 0.8, 0.4, 0.5, 1.4, 1.2, 2.7, 1.8, 1.4, 1.7, 1.6, -0.3]"
20260907,16,9,1,54.0,"[[""1-3-4"", 0.0848], [""1-4-3"", 0.0763], [""1-3-2"", 0.0784], [""1-2-3"", 0.064], [""1-4-2"", 0.0555], [""1-3-5"", 0.0554], [""1-2-4"", 0.0504], [""1-5-3"", 0.0422], [""1-4-5"", 0.0392]]",3,24.3,"[[""3-1-4"", 0.0216], [""3-1-2"", 0.0199], [""3-1-5"", 0.0141]]","[[""1-5-4"", 0.0332], [""1-2-5"", 0.0258], [""4-1-3"", 0.019], [""1-5-2"", 0.0241]]",,,False,False,0.7852,強,"{""逃げ"": 67.7, ""まくり差し"": 10.6, ""差し"": 8.7, ""まくり"": 7.1, ""抜き"": 5.1, ""恵まれ"": 0.8}","[""0〜600円"", ""600〜740円"", ""740〜890円"", ""890〜1050円"", ""1050〜1220円"", ""1220〜1410円"", ""1410〜1630円"", ""1630〜1890円"", ""1890〜2200円"", ""2200〜2560円"", ""2560〜3020円"", ""3020〜3570円"", ""3570〜4280円"", ""4280〜5210円"", ""5210〜6480円"", ""6480〜8300円"", ""8300〜11200円"", ""11200〜16230円"", ""16230〜28240円"", ""28240円〜""]","[9.1, 7.3, 6.4, 6.5, 5.1, 6.1, 5.1, 4.5, 4.6, 5.1, 3.8, 3.5, 3.5, 3.9, 3.6, 3.6, 4.4, 4.0, 4.6, 5.4]","[4.1, 2.3, 1.4, 1.5, 0.1, 1.1, 0.1, -0.5, -0.4, 0.1, -1.2, -1.5, -1.5, -1.1, -1.4, -1.4, -0.6, -1.0, -0.4, 0.4]"
20260907,16,10,1,49.6,"[[""1-4-3"", 0.0997], [""1-3-4"", 0.0974], [""1-4-2"", 0.0427], [""1-3-2"", 0.0401], [""1-4-5"", 0.0296], [""1-3-5"", 0.0278], [""1-4-6"", 0.0139], [""1-3-6"", 0.0131]]",4,27.8,"[[""4-1-3"", 0.0531], [""4-1-2"", 0.0227], [""4-1-5"", 0.0158]]","[[""3-1-4"", 0.0515], [""1-2-4"", 0.0301], [""1-2-3"", 0.0289], [""4-3-1"", 0.0217]]",,,False,False,0.7852,中,"{""逃げ"": 52.0, ""まくり差し"": 15.2, ""差し"": 13.3, ""まくり"": 12.0, ""抜き"": 6.9, ""恵まれ"": 0.5}","[""0〜600円"", ""600〜740円"", ""740〜890円"", ""890〜1050円"", ""1050〜1220円"", ""1220〜1410円"", ""1410〜1630円"", ""1630〜1890円"", ""1890〜2200円"", ""2200〜2560円"", ""2560〜3020円"", ""3020〜3570円"", ""3570〜4280円"", ""4280〜5210円"", ""5210〜6480円"", ""6480〜8300円"", ""8300〜11200円"", ""11200〜16230円"", ""16230〜28240円"", ""28240円〜""]","[4.1, 4.8, 5.7, 5.1, 4.9, 5.0, 4.8, 5.0, 4.8, 5.6, 4.4, 4.9, 4.8, 4.8, 5.2, 5.5, 5.4, 4.8, 4.8, 5.6]","[-0.9, -0.2, 0.7, 0.1, -0.1, -0.0, -0.2, 0.0, -0.2, 0.6, -0.6, -0.1, -0.2, -0.2, 0.2, 0.5, 0.4, -0.2, -0.2, 0.6]"
20260907,16,11,1,57.6,"[[""1-2-4"", 0.0811], [""1-4-2"", 0.0716], [""1-2-3"", 0.0693], [""1-3-2"", 0.0555], [""1-4-3"", 0.0455], [""1-2-5"", 0.0454], [""1-3-4"", 0.0413], [""1-2-6"", 0.0411], [""1-5-2"", 0.0338]]",2,23.6,"[[""2-1-4"", 0.0229], [""2-1-3"", 0.0196], [""2-1-5"", 0.0128], [""2-1-6"", 0.0116]]","[[""1-6-2"", 0.0302], [""1-4-5"", 0.0298], [""1-4-6"", 0.027], [""1-5-4"", 0.0251]]",,,False,True,0.8201,強,"{""逃げ"": 67.7, ""まくり差し"": 10.6, ""差し"": 8.7, ""まくり"": 7.1, ""抜き"": 5.1, ""恵まれ"": 0.8}","[""0〜600円"", ""600〜740円"", ""740〜890円"", ""890〜1050円"", ""1050〜1220円"", ""1220〜1410円"", ""1410〜1630円"", ""1630〜1890円"", ""1890〜2200円"", ""2200〜2560円"", ""2560〜3020円"", ""3020〜3570円"", ""3570〜4280円"", ""4280〜5210円"", ""5210〜6480円"", ""6480〜8300円"", ""8300〜11200円"", ""11200〜16230円"", ""16230〜28240円"", ""28240円〜""]","[9.1, 7.3, 6.4, 6.5, 5.1, 6.1, 5.1, 4.5, 4.6, 5.1, 3.8, 3.5, 3.5, 3.9, 3.6, 3.6, 4.4, 4.0, 4.6, 5.4]","[4.1, 2.3, 1.4, 1.5, 0.1, 1.1, 0.1, -0.5, -0.4, 0.1, -1.2, -1.5, -1.5, -1.1, -1.4, -1.4, -0.6, -1.0, -0.4, 0.4]"
20260907,16,12,1,62.3,"[[""1-3-2"", 0.0888], [""1-2-3"", 0.0708], [""1-3-4"", 0.0732], [""1-3-5"", 0.0638], [""1-4-3"", 0.053], [""1-5-3"", 0.0451], [""1-2-4"", 0.0355], [""1-4-2"", 0.0322], [""1-2-5"", 0.0309]]",3,30.9,"[[""3-1-2"", 0.0301], [""3-1-4"", 0.0248], [""3-1-5"", 0.0216], [""3-1-6"", 0.0102]]","[[""1-3-6"", 0.0301], [""2-1-3"", 0.0228], [""1-5-2"", 0.0274], [""1-6-3"", 0.0196]]",,,False,True,0.8201,強,"{""逃げ"": 67.7, ""まくり差し"": 10.6, ""差し"": 8.7, ""まくり"": 7.1, ""抜き"": 5.1, ""恵まれ"": 0.8}","[""0〜600円"", ""600〜740円"", ""740〜890円"", ""890〜1050円"", ""1050〜1220円"", ""1220〜1410円"", ""1410〜1630円"", ""1630〜1890円"", ""1890〜2200円"", ""2200〜2560円"", ""2560〜3020円"", ""3020〜3570円"", ""3570〜4280円"", ""4280〜5210円"", ""5210〜6480円"", ""6480〜8300円"", ""8300〜11200円"", ""11200〜16230円"", ""16230〜28240円"", ""28240円〜""]","[9.1, 7.3, 6.4, 6.5, 5.1, 6.1, 5.1, 4.5, 4.6, 5.1, 3.8, 3.5, 3.5, 3.9, 3.6, 3.6, 4.4, 4.0, 4.6, 5.4]","[4.1, 2.3, 1.4, 1.5, 0.1, 1.1, 0.1, -0.5, -0.4, 0.1, -1.2, -1.5, -1.5, -1.1, -1.4, -1.4, -0.6, -1.0, -0.4, 0.4]"
20260907,22,1,1,47.4,"[[""1-3-4"", 0.1254], [""1-4-3"", 0.1123], [""1-3-2"", 0.0899], [""1-4-2"", 0.0656], [""1-3-5"", 0.0373], [""1-4-5"", 0.0272], [""1-3-6"", 0.0236], [""1-4-6"", 0.0172]]",3,36.7,"[[""3-1-4"", 0.0269], [""3-1-2"", 0.0193]]","[[""1-2-3"", 0.067], [""1-2-4"", 0.0546], [""4-1-3"", 0.0237], [""1-5-3"", 0.0247]]",,,False,False,0.7852,強,"{""逃げ"": 66.8, ""まくり"": 12.3, ""差し"": 8.3, ""抜き"": 6.7, ""まくり差し"": 4.9, ""恵まれ"": 1.1}","[""0〜600円"", ""600〜740円"", ""740〜890円"", ""890〜1050円"", ""1050〜1220円"", ""1220〜1410円"", ""1410〜1630円"", ""1630〜1890円"", ""1890〜2200円"", ""2200〜2560円"", ""2560〜3020円"", ""3020〜3570円"", ""3570〜4280円"", ""4280〜5210円"", ""5210〜6480円"", ""6480〜8300円"", ""8300〜11200円"", ""11200〜16230円"", ""16230〜28240円"", ""28240円〜""]","[10.6, 8.4, 7.3, 6.7, 5.4, 5.4, 4.8, 4.5, 4.3, 3.5, 4.8, 3.5, 3.0, 3.5, 3.9, 3.7, 3.7, 3.7, 3.9, 5.4]","[5.6, 3.4, 2.3, 1.7, 0.4, 0.4, -0.2, -0.5, -0.7, -1.5, -0.2, -1.5, -2.0, -1.5, -1.1, -1.3, -1.3, -1.3, -1.1, 0.4]"
20260907,22,2,1,52.7,"[[""1-6-3"", 0.0595], [""1-3-6"", 0.0511], [""1-6-2"", 0.0611], [""1-6-4"", 0.0522], [""1-2-6"", 0.0497], [""1-4-6"", 0.0411], [""1-3-2"", 0.0357], [""1-2-3"", 0.0338], [""1-3-4"", 0.0305]]",6,32.4,"[[""6-1-3"", 0.0235], [""6-1-2"", 0.0241], [""6-1-4"", 0.0206], [""6-1-5"", 0.012]]","[[""1-6-5"", 0.0303], [""1-4-3"", 0.028], [""3-1-6"", 0.0194], [""1-2-4"", 0.0233]]",,,False,False,0.7852,中,"{""逃げ"": 54.0, ""まくり"": 16.8, ""差し"": 12.1, ""抜き"": 8.5, ""まくり差し"": 8.2, ""恵まれ"": 0.3}","[""0〜600円"", ""600〜740円"", ""740〜890円"", ""890〜1050円"", ""1050〜1220円"", ""1220〜1410円"", ""1410〜1630円"", ""1630〜1890円"", ""1890〜2200円"", ""2200〜2560円"", ""2560〜3020円"", ""3020〜3570円"", ""3570〜4280円"", ""4280〜5210円"", ""5210〜6480円"", ""6480〜8300円"", ""8300〜11200円"", ""11200〜16230円"", ""16230〜28240円"", ""28240円〜""]","[6.2, 4.8, 5.4, 6.5, 5.4, 5.5, 5.4, 4.7, 4.8, 4.7, 4.6, 4.5, 5.1, 4.5, 4.9, 4.0, 4.6, 5.6, 5.1, 4.1]","[1.2, -0.2, 0.4, 1.5, 0.4, 0.5, 0.4, -0.3, -0.2, -0.3, -0.4, -0.5, 0.1, -0.5, -0.1, -1.0, -0.4, 0.6, 0.1, -0.9]"
20260907,22,3,1,53.7,"[[""1-2-4"", 0.0655], [""1-2-3"", 0.0383], [""1-2-6"", 0.0252], [""1-2-5"", 0.0164]]",2,16.8,"[[""2-1-4"", 0.0551], [""2-1-3"", 0.0323], [""2-1-6"", 0.0212], [""2-1-5"", 0.0138]]","[[""1-4-2"", 0.0528], [""4-1-2"", 0.0399], [""2-4-1"", 0.0352], [""4-2-1"", 0.0315]]",1-2,0.3009,False,False,0.7852,弱,"{""逃げ"": 35.8, ""まくり"": 27.7, ""差し"": 16.6, ""まくり差し"": 10.0, ""抜き"": 9.4, ""恵まれ"": 0.5}","[""0〜600円"", ""600〜740円"", ""740〜890円"", ""890〜1050円"", ""1050〜1220円"", ""1220〜1410円"", ""1410〜1630円"", ""1630〜1890円"", ""1890〜2200円"", ""2200〜2560円"", ""2560〜3020円"", ""3020〜3570円"", ""3570〜4280円"", ""4280〜5210円"", ""5210〜6480円"", ""6480〜8300円"", ""8300〜11200円"", ""11200〜16230円"", ""16230〜28240円"", ""28240円〜""]","[1.2, 2.2, 3.6, 3.5, 4.2, 4.7, 5.2, 6.9, 5.6, 6.0, 6.1, 5.9, 6.7, 7.3, 6.0, 5.9, 5.6, 5.4, 4.4, 3.7]","[-3.8, -2.8, -1.4, -1.5, -0.8, -0.3, 0.2, 1.9, 0.6, 1.0, 1.1, 0.9, 1.7, 2.3, 1.0, 0.9, 0.6, 0.4, -0.6, -1.3]"
20260907,22,4,1,46.2,"[[""1-2-4"", 0.0791], [""1-2-3"", 0.0376], [""1-2-6"", 0.0136]]",2,31.4,"[[""2-1-4"", 0.0674], [""2-1-3"", 0.0321], [""2-1-6"", 0.0116]]","[[""1-4-2"", 0.0731], [""4-1-2"", 0.0599], [""2-4-1"", 0.049], [""4-2-1"", 0.0471]]",1-2,0.2845,False,True,0.8201,弱,"{""逃げ"": 35.8, ""まくり"": 27.7, ""差し"": 16.6, ""まくり差し"": 10.0, ""抜き"": 9.4, ""恵まれ"": 0.5}","[""0〜600円"", ""600〜740円"", ""740〜890円"", ""890〜1050円"", ""1050〜1220円"", ""1220〜1410円"", ""1410〜1630円"", ""1630〜1890円"", ""1890〜2200円"", ""2200〜2560円"", ""2560〜3020円"", ""3020〜3570円"", ""3570〜4280円"", ""4280〜5210円"", ""5210〜6480円"", ""6480〜8300円"", ""8300〜11200円"", ""11200〜16230円"", ""16230〜28240円"", ""28240円〜""]","[1.2, 2.2, 3.6, 3.5, 4.2, 4.7, 5.2, 6.9, 5.6, 6.0, 6.1, 5.9, 6.7, 7.3, 6.0, 5.9, 5.6, 5.4, 4.4, 3.7]","[-3.8, -2.8, -1.4, -1.5, -0.8, -0.3, 0.2, 1.9, 0.6, 1.0, 1.1, 0.9, 1.7, 2.3, 1.0, 0.9, 0.6, 0.4, -0.6, -1.3]"
20260907,22,5,2,46.1,"[[""2-4-1"", 0.0549], [""2-1-4"", 0.0527], [""2-4-3"", 0.0213], [""2-1-3"", 0.019], [""2-4-5"", 0.0173], [""2-1-5"", 0.0155]]",4,34.5,"[[""4-2-1"", 0.0537], [""4-2-3"", 0.0208], [""4-2-5"", 0.017]]","[[""1-2-4"", 0.0502], [""4-1-2"", 0.0497], [""1-4-2"", 0.0484], [""1-2-3"", 0.0182]]",,,False,True,0.8201,中,"{""逃げ"": 54.0, ""まくり"": 16.8, ""差し"": 12.1, ""抜き"": 8.5, ""まくり差し"": 8.2, ""恵まれ"": 0.3}","[""0〜600円"", ""600〜740円"", ""740〜890円"", ""890〜1050円"", ""1050〜1220円"", ""1220〜1410円"", ""1410〜1630円"", ""1630〜1890円"", ""1890〜2200円"", ""2200〜2560円"", ""2560〜3020円"", ""3020〜3570円"", ""3570〜4280円"", ""4280〜5210円"", ""5210〜6480円"", ""6480〜8300円"", ""8300〜11200円"", ""11200〜16230円"", ""16230〜28240円"", ""28240円〜""]","[6.2, 4.8, 5.4, 6.5, 5.4, 5.5, 5.4, 4.7, 4.8, 4.7, 4.6, 4.5, 5.1, 4.5, 4.9, 4.0, 4.6, 5.6, 5.1, 4.1]","[1.2, -0.2, 0.4, 1.5, 0.4, 0.5, 0.4, -0.3, -0.2, -0.3, -0.4, -0.5, 0.1, -0.5, -0.1, -1.0, -0.4, 0.6, 0.1, -0.9]"
20260907,22,6,1,53.1,"[[""1-4-2"", 0.1019], [""1-4-3"", 0.1117], [""1-4-6"", 0.0699], [""1-4-5"", 0.0538]]",4,16.3,"[[""4-1-2"", 0.0531], [""4-1-3"", 0.0582], [""4-1-6"", 0.0364], [""4-1-5"", 0.028]]","[[""1-2-4"", 0.0469], [""1-3-4"", 0.0502], [""1-6-4"", 0.0299], [""2-1-4"", 0.0197]]",1-4,0.5556,True,False,0.7852,強,"{""逃げ"": 66.8, ""まくり"": 12.3, ""差し"": 8.3, ""抜き"": 6.7, ""まくり差し"": 4.9, ""恵まれ"": 1.1}","[""0〜600円"", ""600〜740円"", ""740〜890円"", ""890〜1050円"", ""1050〜1220円"", ""1220〜1410円"", ""1410〜1630円"", ""1630〜1890円"", ""1890〜2200円"", ""2200〜2560円"", ""2560〜3020円"", ""3020〜3570円"", ""3570〜4280円"", ""4280〜5210円"", ""5210〜6480円"", ""6480〜8300円"", ""8300〜11200円"", ""11200〜16230円"", ""16230〜28240円"", ""28240円〜""]","[10.6, 8.4, 7.3, 6.7, 5.4, 5.4, 4.8, 4.5, 4.3, 3.5, 4.8, 3.5, 3.0, 3.5, 3.9, 3.7, 3.7, 3.7, 3.9, 5.4]","[5.6, 3.4, 2.3, 1.7, 0.4, 0.4, -0.2, -0.5, -0.7, -1.5, -0.2, -1.5, -2.0, -1.5, -1.1, -1.3, -1.3, -1.3, -1.1, 0.4]"
20260907,22,7,1,58.0,"[[""1-2-3"", 0.0967], [""1-2-4"", 0.1071], [""1-3-2"", 0.0753], [""1-4-2"", 0.0813], [""1-2-5"", 0.0701], [""1-5-2"", 0.0489], [""1-3-4"", 0.0472], [""1-4-3"", 0.046], [""1-3-5"", 0.0309]]",2,22.2,"[[""2-1-3"", 0.0205], [""2-1-4"", 0.0227], [""2-1-5"", 0.0148]]","[[""1-5-3"", 0.0277], [""1-4-5"", 0.0274], [""1-5-4"", 0.0251], [""1-2-6"", 0.0231]]",,,False,True,0.8201,強,"{""逃げ"": 66.8, ""まくり"": 12.3, ""差し"": 8.3, ""抜き"": 6.7, ""まくり差し"": 4.9, ""恵まれ"": 1.1}","[""0〜600円"", ""600〜740円"", ""740〜890円"", ""890〜1050円"", ""1050〜1220円"", ""1220〜1410円"", ""1410〜1630円"", ""1630〜1890円"", ""1890〜2200円"", ""2200〜2560円"", ""2560〜3020円"", ""3020〜3570円"", ""3570〜4280円"", ""4280〜5210円"", ""5210〜6480円"", ""6480〜8300円"", ""8300〜11200円"", ""11200〜16230円"", ""16230〜28240円"", ""28240円〜""]","[10.6, 8.4, 7.3, 6.7, 5.4, 5.4, 4.8, 4.5, 4.3, 3.5, 4.8, 3.5, 3.0, 3.5, 3.9, 3.7, 3.7, 3.7, 3.9, 5.4]","[5.6, 3.4, 2.3, 1.7, 0.4, 0.4, -0.2, -0.5, -0.7, -1.5, -0.2, -1.5, -2.0, -1.5, -1.1, -1.3, -1.3, -1.3, -1.1, 0.4]"
20260907,22,8,1,55.9,"[[""1-2-5"", 0.1095], [""1-2-3"", 0.0996], [""1-2-4"", 0.0595], [""1-2-6"", 0.0162]]",2,26.4,"[[""2-1-5"", 0.0299], [""2-1-3"", 0.0272], [""2-1-4"", 0.0162]]","[[""1-5-2"", 0.0861], [""1-3-2"", 0.0712], [""1-5-3"", 0.0485], [""1-3-5"", 0.0441]]",1-2,0.4007,False,False,0.7852,強,"{""逃げ"": 66.8, ""まくり"": 12.3, ""差し"": 8.3, ""抜き"": 6.7, ""まくり差し"": 4.9, ""恵まれ"": 1.1}","[""0〜600円"", ""600〜740円"", ""740〜890円"", ""890〜1050円"", ""1050〜1220円"", ""1220〜1410円"", ""1410〜1630円"", ""1630〜1890円"", ""1890〜2200円"", ""2200〜2560円"", ""2560〜3020円"", ""3020〜3570円"", ""3570〜4280円"", ""4280〜5210円"", ""5210〜6480円"", ""6480〜8300円"", ""8300〜11200円"", ""11200〜16230円"", ""16230〜28240円"", ""28240円〜""]","[10.6, 8.4, 7.3, 6.7, 5.4, 5.4, 4.8, 4.5, 4.3, 3.5, 4.8, 3.5, 3.0, 3.5, 3.9, 3.7, 3.7, 3.7, 3.9, 5.4]","[5.6, 3.4, 2.3, 1.7, 0.4, 0.4, -0.2, -0.5, -0.7, -1.5, -0.2, -1.5, -2.0, -1.5, -1.1, -1.3, -1.3, -1.3, -1.1, 0.4]"
20260907,22,9,1,47.1,"[[""1-2-3"", 0.1142], [""1-2-4"", 0.0912], [""1-2-5"", 0.0603], [""1-2-6"", 0.0553]]",2,34.5,"[[""2-1-3"", 0.0658], [""2-1-4"", 0.0526], [""2-1-5"", 0.0348], [""2-1-6"", 0.0319]]","[[""1-3-2"", 0.0537], [""1-4-2"", 0.0403], [""3-1-2"", 0.0246], [""1-5-2"", 0.0256]]",1-2,0.5457,True,True,0.8201,中,"{""逃げ"": 54.0, ""まくり"": 16.8, ""差し"": 12.1, ""抜き"": 8.5, ""まくり差し"": 8.2, ""恵まれ"": 0.3}","[""0〜600円"", ""600〜740円"", ""740〜890円"", ""890〜1050円"", ""1050〜1220円"", ""1220〜1410円"", ""1410〜1630円"", ""1630〜1890円"", ""1890〜2200円"", ""2200〜2560円"", ""2560〜3020円"", ""3020〜3570円"", ""3570〜4280円"", ""4280〜5210円"", ""5210〜6480円"", ""6480〜8300円"", ""8300〜11200円"", ""11200〜16230円"", ""16230〜28240円"", ""28240円〜""]","[6.2, 4.8, 5.4, 6.5, 5.4, 5.5, 5.4, 4.7, 4.8, 4.7, 4.6, 4.5, 5.1, 4.5, 4.9, 4.0, 4.6, 5.6, 5.1, 4.1]","[1.2, -0.2, 0.4, 1.5, 0.4, 0.5, 0.4, -0.3, -0.2, -0.3, -0.4, -0.5, 0.1, -0.5, -0.1, -1.0, -0.4, 0.6, 0.1, -0.9]"
20260907,22,10,1,49.1,"[[""1-3-2"", 0.0432], [""1-3-4"", 0.0473], [""1-2-3"", 0.0349], [""1-4-3"", 0.0372], [""1-2-4"", 0.0236], [""1-4-2"", 0.0229], [""1-3-5"", 0.0219], [""1-3-6"", 0.0173], [""1-5-3"", 0.015]]",4,30.3,"[[""4-1-3"", 0.0272], [""4-1-2"", 0.0168]]","[[""3-1-2"", 0.0361], [""3-1-4"", 0.0395], [""2-1-3"", 0.026], [""3-2-1"", 0.0232]]",,,False,True,0.8201,中,"{""逃げ"": 54.0, ""まくり"": 16.8, ""差し"": 12.1, ""抜き"": 8.5, ""まくり差し"": 8.2, ""恵まれ"": 0.3}","[""0〜600円"", ""600〜740円"", ""740〜890円"", ""890〜1050円"", ""1050〜1220円"", ""1220〜1410円"", ""1410〜1630円"", ""1630〜1890円"", ""1890〜2200円"", ""2200〜2560円"", ""2560〜3020円"", ""3020〜3570円"", ""3570〜4280円"", ""4280〜5210円"", ""5210〜6480円"", ""6480〜8300円"", ""8300〜11200円"", ""11200〜16230円"", ""16230〜28240円"", ""28240円〜""]","[6.2, 4.8, 5.4, 6.5, 5.4, 5.5, 5.4, 4.7, 4.8, 4.7, 4.6, 4.5, 5.1, 4.5, 4.9, 4.0, 4.6, 5.6, 5.1, 4.1]","[1.2, -0.2, 0.4, 1.5, 0.4, 0.5, 0.4, -0.3, -0.2, -0.3, -0.4, -0.5, 0.1, -0.5, -0.1, -1.0, -0.4, 0.6, 0.1, -0.9]"
20260907,22,11,1,49.0,"[[""1-3-2"", 0.1186], [""1-2-3"", 0.1017], [""1-3-5"", 0.1048], [""1-2-5"", 0.0657], [""1-3-4"", 0.0484], [""1-2-4"", 0.0304], [""1-3-6"", 0.0219], [""1-2-6"", 0.0138]]",2,27.4,"[[""2-1-3"", 0.0174], [""2-1-5"", 0.0112]]","[[""1-5-3"", 0.0812], [""1-5-2"", 0.0594], [""1-4-3"", 0.033], [""3-1-2"", 0.0206]]",,,False,True,0.8201,強,"{""逃げ"": 66.8, ""まくり"": 12.3, ""差し"": 8.3, ""抜き"": 6.7, ""まくり差し"": 4.9, ""恵まれ"": 1.1}","[""0〜600円"", ""600〜740円"", ""740〜890円"", ""890〜1050円"", ""1050〜1220円"", ""1220〜1410円"", ""1410〜1630円"", ""1630〜1890円"", ""1890〜2200円"", ""2200〜2560円"", ""2560〜3020円"", ""3020〜3570円"", ""3570〜4280円"", ""4280〜5210円"", ""5210〜6480円"", ""6480〜8300円"", ""8300〜11200円"", ""11200〜16230円"", ""16230〜28240円"", ""28240円〜""]","[10.6, 8.4, 7.3, 6.7, 5.4, 5.4, 4.8, 4.5, 4.3, 3.5, 4.8, 3.5, 3.0, 3.5, 3.9, 3.7, 3.7, 3.7, 3.9, 5.4]","[5.6, 3.4, 2.3, 1.7, 0.4, 0.4, -0.2, -0.5, -0.7, -1.5, -0.2, -1.5, -2.0, -1.5, -1.1, -1.3, -1.3, -1.3, -1.1, 0.4]"
20260907,22,12,1,52.1,"[[""1-3-2"", 0.0799], [""1-3-5"", 0.0842], [""1-3-4"", 0.0804], [""1-3-6"", 0.0511]]",3,29.9,"[[""3-1-2"", 0.0201], [""3-1-5"", 0.0212], [""3-1-4"", 0.0203], [""3-1-6"", 0.0129]]","[[""1-2-3"", 0.0582], [""1-5-3"", 0.0595], [""1-4-3"", 0.0564], [""1-6-3"", 0.0336]]",1-3,0.392,False,True,0.8201,強,"{""逃げ"": 66.8, ""まくり"": 12.3, ""差し"": 8.3, ""抜き"": 6.7, ""まくり差し"": 4.9, ""恵まれ"": 1.1}","[""0〜600円"", ""600〜740円"", ""740〜890円"", ""890〜1050円"", ""1050〜1220円"", ""1220〜1410円"", ""1410〜1630円"", ""1630〜1890円"", ""1890〜2200円"", ""2200〜2560円"", ""2560〜3020円"", ""3020〜3570円"", ""3570〜4280円"", ""4280〜5210円"", ""5210〜6480円"", ""6480〜8300円"", ""8300〜11200円"", ""11200〜16230円"", ""16230〜28240円"", ""28240円〜""]","[10.6, 8.4, 7.3, 6.7, 5.4, 5.4, 4.8, 4.5, 4.3, 3.5, 4.8, 3.5, 3.0, 3.5, 3.9, 3.7, 3.7, 3.7, 3.9, 5.4]","[5.6, 3.4, 2.3, 1.7, 0.4, 0.4, -0.2, -0.5, -0.7, -1.5, -0.2, -1.5, -2.0, -1.5, -1.1, -1.3, -1.3, -1.3, -1.1, 0.4]"
20260907,24,1,1,45.9,"[[""1-3-2"", 0.0525], [""1-2-3"", 0.0519], [""1-3-4"", 0.0474], [""1-2-4"", 0.0454], [""1-4-3"", 0.0428], [""1-4-2"", 0.0415], [""1-3-6"", 0.0326], [""1-3-5"", 0.0318], [""1-2-6"", 0.0313]]",3,26.6,"[[""3-1-2"", 0.0207], [""3-1-4"", 0.0187], [""3-1-6"", 0.0129], [""3-1-5"", 0.0125]]","[[""1-2-5"", 0.0304], [""1-6-3"", 0.0274], [""1-5-3"", 0.0266], [""1-6-2"", 0.0266]]",,,False,True,0.8201,強,"{""逃げ"": 73.2, ""まくり差し"": 8.4, ""まくり"": 6.7, ""差し"": 6.3, ""抜き"": 4.6, ""恵まれ"": 0.9}","[""0〜600円"", ""600〜740円"", ""740〜890円"", ""890〜1050円"", ""1050〜1220円"", ""1220〜1410円"", ""1410〜1630円"", ""1630〜1890円"", ""1890〜2200円"", ""2200〜2560円"", ""2560〜3020円"", ""3020〜3570円"", ""3570〜4280円"", ""4280〜5210円"", ""5210〜6480円"", ""6480〜8300円"", ""8300〜11200円"", ""11200〜16230円"", ""16230〜28240円"", ""28240円〜""]","[11.0, 8.4, 7.6, 6.8, 6.0, 5.2, 5.8, 4.6, 4.6, 4.2, 4.0, 4.2, 3.7, 3.5, 3.0, 2.9, 3.1, 3.6, 3.2, 4.4]","[6.0, 3.4, 2.6, 1.8, 1.0, 0.2, 0.8, -0.4, -0.4, -0.8, -1.0, -0.8, -1.3, -1.5, -2.0, -2.1, -1.9, -1.4, -1.8, -0.6]"
20260907,24,2,1,48.7,"[[""1-2-5"", 0.0414], [""1-5-2"", 0.0388], [""1-2-3"", 0.044], [""1-3-2"", 0.0392], [""1-2-4"", 0.0378], [""1-5-3"", 0.0348], [""1-3-5"", 0.033], [""1-4-2"", 0.0325], [""1-5-4"", 0.0299]]",2,28.9,"[[""2-1-5"", 0.0232], [""2-1-3"", 0.0247], [""2-1-4"", 0.0212]]","[[""1-4-5"", 0.0274], [""5-1-2"", 0.0213], [""1-3-4"", 0.0237], [""1-4-3"", 0.0229]]",,,False,False,0.7852,強,"{""逃げ"": 73.2, ""まくり差し"": 8.4, ""まくり"": 6.7, ""差し"": 6.3, ""抜き"": 4.6, ""恵まれ"": 0.9}","[""0〜600円"", ""600〜740円"", ""740〜890円"", ""890〜1050円"", ""1050〜1220円"", ""1220〜1410円"", ""1410〜1630円"", ""1630〜1890円"", ""1890〜2200円"", ""2200〜2560円"", ""2560〜3020円"", ""3020〜3570円"", ""3570〜4280円"", ""4280〜5210円"", ""5210〜6480円"", ""6480〜8300円"", ""8300〜11200円"", ""11200〜16230円"", ""16230〜28240円"", ""28240円〜""]","[11.0, 8.4, 7.6, 6.8, 6.0, 5.2, 5.8, 4.6, 4.6, 4.2, 4.0, 4.2, 3.7, 3.5, 3.0, 2.9, 3.1, 3.6, 3.2, 4.4]","[6.0, 3.4, 2.6, 1.8, 1.0, 0.2, 0.8, -0.4, -0.4, -0.8, -1.0, -0.8, -1.3, -1.5, -2.0, -2.1, -1.9, -1.4, -1.8, -0.6]"
20260907,24,3,1,48.4,"[[""1-3-4"", 0.058], [""1-3-2"", 0.0638], [""1-4-3"", 0.048], [""1-2-3"", 0.051], [""1-3-5"", 0.0475], [""1-3-6"", 0.0444], [""1-5-3"", 0.0359], [""1-6-3"", 0.0332], [""1-4-2"", 0.032]]",4,25.9,"[[""4-1-3"", 0.0174], [""4-1-2"", 0.0116]]","[[""1-2-4"", 0.0309], [""3-1-4"", 0.0221], [""3-1-2"", 0.0244], [""1-4-5"", 0.0239]]",,,False,False,0.7852,強,"{""逃げ"": 73.2, ""まくり差し"": 8.4, ""まくり"": 6.7, ""差し"": 6.3, ""抜き"": 4.6, ""恵まれ"": 0.9}","[""0〜600円"", ""600〜740円"", ""740〜890円"", ""890〜1050円"", ""1050〜1220円"", ""1220〜1410円"", ""1410〜1630円"", ""1630〜1890円"", ""1890〜2200円"", ""2200〜2560円"", ""2560〜3020円"", ""3020〜3570円"", ""3570〜4280円"", ""4280〜5210円"", ""5210〜6480円"", ""6480〜8300円"", ""8300〜11200円"", ""11200〜16230円"", ""16230〜28240円"", ""28240円〜""]","[11.0, 8.4, 7.6, 6.8, 6.0, 5.2, 5.8, 4.6, 4.6, 4.2, 4.0, 4.2, 3.7, 3.5, 3.0, 2.9, 3.1, 3.6, 3.2, 4.4]","[6.0, 3.4, 2.6, 1.8, 1.0, 0.2, 0.8, -0.4, -0.4, -0.8, -1.0, -0.8, -1.3, -1.5, -2.0, -2.1, -1.9, -1.4, -1.8, -0.6]"
20260907,24,4,1,47.3,"[[""1-2-3"", 0.0603], [""1-3-2"", 0.0589], [""1-2-4"", 0.0534], [""1-3-4"", 0.0492], [""1-4-2"", 0.0474], [""1-4-3"", 0.0447], [""1-2-6"", 0.0356], [""1-3-6"", 0.0328], [""1-2-5"", 0.0312]]",2,26.8,"[[""2-1-3"", 0.0216], [""2-1-4"", 0.0192], [""2-1-6"", 0.0128], [""2-1-5"", 0.0112]]","[[""1-6-2"", 0.0292], [""1-3-5"", 0.0288], [""1-6-3"", 0.0275], [""3-1-2"", 0.021]]",,,False,True,0.8201,強,"{""逃げ"": 73.2, ""まくり差し"": 8.4, ""まくり"": 6.7, ""差し"": 6.3, ""抜き"": 4.6, ""恵まれ"": 0.9}","[""0〜600円"", ""600〜740円"", ""740〜890円"", ""890〜1050円"", ""1050〜1220円"", ""1220〜1410円"", ""1410〜1630円"", ""1630〜1890円"", ""1890〜2200円"", ""2200〜2560円"", ""2560〜3020円"", ""3020〜3570円"", ""3570〜4280円"", ""4280〜5210円"", ""5210〜6480円"", ""6480〜8300円"", ""8300〜11200円"", ""11200〜16230円"", ""16230〜28240円"", ""28240円〜""]","[11.0, 8.4, 7.6, 6.8, 6.0, 5.2, 5.8, 4.6, 4.6, 4.2, 4.0, 4.2, 3.7, 3.5, 3.0, 2.9, 3.1, 3.6, 3.2, 4.4]","[6.0, 3.4, 2.6, 1.8, 1.0, 0.2, 0.8, -0.4, -0.4, -0.8, -1.0, -0.8, -1.3, -1.5, -2.0, -2.1, -1.9, -1.4, -1.8, -0.6]"
20260907,24,5,1,53.0,"[[""1-3-2"", 0.0398], [""1-2-3"", 0.0367], [""1-3-4"", 0.0444], [""1-3-5"", 0.0422], [""1-4-3"", 0.0399], [""1-5-3"", 0.0375], [""1-2-4"", 0.0322], [""1-4-2"", 0.0314], [""1-2-5"", 0.0306]]",4,60.1,"[[""4-1-3"", 0.0203], [""4-1-2"", 0.016], [""4-1-5"", 0.0139]]","[[""1-5-2"", 0.0295], [""1-4-5"", 0.0274], [""1-5-4"", 0.027], [""3-1-2"", 0.0211]]",,,False,True,0.8201,強,"{""逃げ"": 73.2, ""まくり差し"": 8.4, ""まくり"": 6.7, ""差し"": 6.3, ""抜き"": 4.6, ""恵まれ"": 0.9}","[""0〜600円"", ""600〜740円"", ""740〜890円"", ""890〜1050円"", ""1050〜1220円"", ""1220〜1410円"", ""1410〜1630円"", ""1630〜1890円"", ""1890〜2200円"", ""2200〜2560円"", ""2560〜3020円"", ""3020〜3570円"", ""3570〜4280円"", ""4280〜5210円"", ""5210〜6480円"", ""6480〜8300円"", ""8300〜11200円"", ""11200〜16230円"", ""16230〜28240円"", ""28240円〜""]","[11.0, 8.4, 7.6, 6.8, 6.0, 5.2, 5.8, 4.6, 4.6, 4.2, 4.0, 4.2, 3.7, 3.5, 3.0, 2.9, 3.1, 3.6, 3.2, 4.4]","[6.0, 3.4, 2.6, 1.8, 1.0, 0.2, 0.8, -0.4, -0.4, -0.8, -1.0, -0.8, -1.3, -1.5, -2.0, -2.1, -1.9, -1.4, -1.8, -0.6]"
20260907,24,6,1,45.1,"[[""1-2-3"", 0.0581], [""1-3-2"", 0.056], [""1-2-4"", 0.0438], [""1-3-4"", 0.0385], [""1-4-2"", 0.0364], [""1-2-6"", 0.0339], [""1-4-3"", 0.0333], [""1-2-5"", 0.0322], [""1-3-6"", 0.0298]]",3,32.6,"[[""3-1-2"", 0.0251], [""3-1-4"", 0.0173], [""3-1-6"", 0.0134], [""3-1-5"", 0.0127]]","[[""2-1-3"", 0.0264], [""1-3-5"", 0.0284], [""1-6-2"", 0.027], [""1-5-2"", 0.0255]]",,,False,False,0.7852,強,"{""逃げ"": 73.2, ""まくり差し"": 8.4, ""まくり"": 6.7, ""差し"": 6.3, ""抜き"": 4.6, ""恵まれ"": 0.9}","[""0〜600円"", ""600〜740円"", ""740〜890円"", ""890〜1050円"", ""1050〜1220円"", ""1220〜1410円"", ""1410〜1630円"", ""1630〜1890円"", ""1890〜2200円"", ""2200〜2560円"", ""2560〜3020円"", ""3020〜3570円"", ""3570〜4280円"", ""4280〜5210円"", ""5210〜6480円"", ""6480〜8300円"", ""8300〜11200円"", ""11200〜16230円"", ""16230〜28240円"", ""28240円〜""]","[11.0, 8.4, 7.6, 6.8, 6.0, 5.2, 5.8, 4.6, 4.6, 4.2, 4.0, 4.2, 3.7, 3.5, 3.0, 2.9, 3.1, 3.6, 3.2, 4.4]","[6.0, 3.4, 2.6, 1.8, 1.0, 0.2, 0.8, -0.4, -0.4, -0.8, -1.0, -0.8, -1.3, -1.5, -2.0, -2.1, -1.9, -1.4, -1.8, -0.6]"
20260907,24,7,1,50.2,"[[""1-3-2"", 0.0977], [""1-3-4"", 0.0679], [""1-3-5"", 0.0577], [""1-3-6"", 0.0475]]",3,27.0,"[[""3-1-2"", 0.0428], [""3-1-4"", 0.0297], [""3-1-5"", 0.0253], [""3-1-6"", 0.0208]]","[[""1-2-3"", 0.0677], [""1-4-3"", 0.0419], [""1-5-3"", 0.0349], [""2-1-3"", 0.0268]]",1-3,0.4201,False,True,0.8201,強,"{""逃げ"": 73.2, ""まくり差し"": 8.4, ""まくり"": 6.7, ""差し"": 6.3, ""抜き"": 4.6, ""恵まれ"": 0.9}","[""0〜600円"", ""600〜740円"", ""740〜890円"", ""890〜1050円"", ""1050〜1220円"", ""1220〜1410円"", ""1410〜1630円"", ""1630〜1890円"", ""1890〜2200円"", ""2200〜2560円"", ""2560〜3020円"", ""3020〜3570円"", ""3570〜4280円"", ""4280〜5210円"", ""5210〜6480円"", ""6480〜8300円"", ""8300〜11200円"", ""11200〜16230円"", ""16230〜28240円"", ""28240円〜""]","[11.0, 8.4, 7.6, 6.8, 6.0, 5.2, 5.8, 4.6, 4.6, 4.2, 4.0, 4.2, 3.7, 3.5, 3.0, 2.9, 3.1, 3.6, 3.2, 4.4]","[6.0, 3.4, 2.6, 1.8, 1.0, 0.2, 0.8, -0.4, -0.4, -0.8, -1.0, -0.8, -1.3, -1.5, -2.0, -2.1, -1.9, -1.4, -1.8, -0.6]"
20260907,24,8,1,53.1,"[[""1-2-4"", 0.0772], [""1-4-2"", 0.0737], [""1-2-3"", 0.0575], [""1-4-3"", 0.0501], [""1-2-5"", 0.0313], [""1-4-5"", 0.0273], [""1-2-6"", 0.019], [""1-4-6"", 0.0166]]",4,35.1,"[[""4-1-2"", 0.0337], [""4-1-3"", 0.0229], [""4-1-5"", 0.0125]]","[[""1-3-2"", 0.0462], [""2-1-4"", 0.0358], [""1-3-4"", 0.0421], [""2-1-3"", 0.0267]]",,,False,False,0.7852,強,"{""逃げ"": 73.2, ""まくり差し"": 8.4, ""まくり"": 6.7, ""差し"": 6.3, ""抜き"": 4.6, ""恵まれ"": 0.9}","[""0〜600円"", ""600〜740円"", ""740〜890円"", ""890〜1050円"", ""1050〜1220円"", ""1220〜1410円"", ""1410〜1630円"", ""1630〜1890円"", ""1890〜2200円"", ""2200〜2560円"", ""2560〜3020円"", ""3020〜3570円"", ""3570〜4280円"", ""4280〜5210円"", ""5210〜6480円"", ""6480〜8300円"", ""8300〜11200円"", ""11200〜16230円"", ""16230〜28240円"", ""28240円〜""]","[11.0, 8.4, 7.6, 6.8, 6.0, 5.2, 5.8, 4.6, 4.6, 4.2, 4.0, 4.2, 3.7, 3.5, 3.0, 2.9, 3.1, 3.6, 3.2, 4.4]","[6.0, 3.4, 2.6, 1.8, 1.0, 0.2, 0.8, -0.4, -0.4, -0.8, -1.0, -0.8, -1.3, -1.5, -2.0, -2.1, -1.9, -1.4, -1.8, -0.6]"
20260907,24,9,1,55.9,"[[""1-3-2"", 0.0526], [""1-2-3"", 0.0517], [""1-3-4"", 0.0565], [""1-4-3"", 0.0534], [""1-2-4"", 0.0528], [""1-4-2"", 0.0508], [""1-3-5"", 0.0388], [""1-2-5"", 0.0362], [""1-5-3"", 0.0335]]",2,34.2,"[[""2-1-3"", 0.0179], [""2-1-4"", 0.0183], [""2-1-5"", 0.0125]]","[[""1-5-2"", 0.0319], [""1-4-5"", 0.0307], [""1-5-4"", 0.0281], [""1-3-6"", 0.024]]",,,False,True,0.8201,強,"{""逃げ"": 73.2, ""まくり差し"": 8.4, ""まくり"": 6.7, ""差し"": 6.3, ""抜き"": 4.6, ""恵まれ"": 0.9}","[""0〜600円"", ""600〜740円"", ""740〜890円"", ""890〜1050円"", ""1050〜1220円"", ""1220〜1410円"", ""1410〜1630円"", ""1630〜1890円"", ""1890〜2200円"", ""2200〜2560円"", ""2560〜3020円"", ""3020〜3570円"", ""3570〜4280円"", ""4280〜5210円"", ""5210〜6480円"", ""6480〜8300円"", ""8300〜11200円"", ""11200〜16230円"", ""16230〜28240円"", ""28240円〜""]","[11.0, 8.4, 7.6, 6.8, 6.0, 5.2, 5.8, 4.6, 4.6, 4.2, 4.0, 4.2, 3.7, 3.5, 3.0, 2.9, 3.1, 3.6, 3.2, 4.4]","[6.0, 3.4, 2.6, 1.8, 1.0, 0.2, 0.8, -0.4, -0.4, -0.8, -1.0, -0.8, -1.3, -1.5, -2.0, -2.1, -1.9, -1.4, -1.8, -0.6]"
20260907,24,10,1,51.2,"[[""1-2-3"", 0.0707], [""1-2-5"", 0.0698], [""1-2-4"", 0.0673], [""1-2-6"", 0.0282]]",2,28.2,"[[""2-1-3"", 0.0356], [""2-1-5"", 0.0352], [""2-1-4"", 0.0339], [""2-1-6"", 0.0142]]","[[""1-3-2"", 0.0502], [""1-5-2"", 0.0473], [""1-4-2"", 0.0453], [""3-1-2"", 0.0226]]",1-2,0.3783,False,True,0.8201,強,"{""逃げ"": 73.2, ""まくり差し"": 8.4, ""まくり"": 6.7, ""差し"": 6.3, ""抜き"": 4.6, ""恵まれ"": 0.9}","[""0〜600円"", ""600〜740円"", ""740〜890円"", ""890〜1050円"", ""1050〜1220円"", ""1220〜1410円"", ""1410〜1630円"", ""1630〜1890円"", ""1890〜2200円"", ""2200〜2560円"", ""2560〜3020円"", ""3020〜3570円"", ""3570〜4280円"", ""4280〜5210円"", ""5210〜6480円"", ""6480〜8300円"", ""8300〜11200円"", ""11200〜16230円"", ""16230〜28240円"", ""28240円〜""]","[11.0, 8.4, 7.6, 6.8, 6.0, 5.2, 5.8, 4.6, 4.6, 4.2, 4.0, 4.2, 3.7, 3.5, 3.0, 2.9, 3.1, 3.6, 3.2, 4.4]","[6.0, 3.4, 2.6, 1.8, 1.0, 0.2, 0.8, -0.4, -0.4, -0.8, -1.0, -0.8, -1.3, -1.5, -2.0, -2.1, -1.9, -1.4, -1.8, -0.6]"
20260907,24,11,1,48.2,"[[""1-3-2"", 0.0853], [""1-2-3"", 0.0773], [""1-3-4"", 0.0472], [""1-2-4"", 0.0356], [""1-3-5"", 0.0315], [""1-2-5"", 0.0237], [""1-3-6"", 0.0182], [""1-2-6"", 0.0137]]",2,30.8,"[[""2-1-3"", 0.0434], [""2-1-4"", 0.02], [""2-1-5"", 0.0133]]","[[""3-1-2"", 0.0497], [""1-4-3"", 0.034], [""1-4-2"", 0.0283], [""3-1-4"", 0.0275]]",,,False,True,0.8201,強,"{""逃げ"": 73.2, ""まくり差し"": 8.4, ""まくり"": 6.7, ""差し"": 6.3, ""抜き"": 4.6, ""恵まれ"": 0.9}","[""0〜600円"", ""600〜740円"", ""740〜890円"", ""890〜1050円"", ""1050〜1220円"", ""1220〜1410円"", ""1410〜1630円"", ""1630〜1890円"", ""1890〜2200円"", ""2200〜2560円"", ""2560〜3020円"", ""3020〜3570円"", ""3570〜4280円"", ""4280〜5210円"", ""5210〜6480円"", ""6480〜8300円"", ""8300〜11200円"", ""11200〜16230円"", ""16230〜28240円"", ""28240円〜""]","[11.0, 8.4, 7.6, 6.8, 6.0, 5.2, 5.8, 4.6, 4.6, 4.2, 4.0, 4.2, 3.7, 3.5, 3.0, 2.9, 3.1, 3.6, 3.2, 4.4]","[6.0, 3.4, 2.6, 1.8, 1.0, 0.2, 0.8, -0.4, -0.4, -0.8, -1.0, -0.8, -1.3, -1.5, -2.0, -2.1, -1.9, -1.4, -1.8, -0.6]"
20260907,24,12,1,60.1,"[[""1-2-4"", 0.0498], [""1-4-2"", 0.0465], [""1-2-3"", 0.0532], [""1-2-5"", 0.0474], [""1-3-2"", 0.0473], [""1-4-3"", 0.0413], [""1-5-2"", 0.041], [""1-3-4"", 0.0393], [""1-4-5"", 0.0368]]",4,24.7,"[[""4-1-2"", 0.0188], [""4-1-3"", 0.0167], [""4-1-5"", 0.0149]]","[[""1-5-4"", 0.0341], [""1-3-5"", 0.0294], [""1-5-3"", 0.0286], [""2-1-4"", 0.0206]]",,,False,False,0.7852,強,"{""逃げ"": 73.2, ""まくり差し"": 8.4, ""まくり"": 6.7, ""差し"": 6.3, ""抜き"": 4.6, ""恵まれ"": 0.9}","[""0〜600円"", ""600〜740円"", ""740〜890円"", ""890〜1050円"", ""1050〜1220円"", ""1220〜1410円"", ""1410〜1630円"", ""1630〜1890円"", ""1890〜2200円"", ""2200〜2560円"", ""2560〜3020円"", ""3020〜3570円"", ""3570〜4280円"", ""4280〜5210円"", ""5210〜6480円"", ""6480〜8300円"", ""8300〜11200円"", ""11200〜16230円"", ""16230〜28240円"", ""28240円〜""]","[11.0, 8.4, 7.6, 6.8, 6.0, 5.2, 5.8, 4.6, 4.6, 4.2, 4.0, 4.2, 3.7, 3.5, 3.0, 2.9, 3.1, 3.6, 3.2, 4.4]","[6.0, 3.4, 2.6, 1.8, 1.0, 0.2, 0.8, -0.4, -0.4, -0.8, -1.0, -0.8, -1.3, -1.5, -2.0, -2.1, -1.9, -1.4, -1.8, -0.6]"
