date,jcd,r,favorite_boat,favorite_nige_rate,scenario1_tickets,challenger_boat,challenger_makuri_rate,scenario2_tickets,scenario3_tickets,aligned_pair,aligned_pair_prob,aligned_pair_flag,knn_agree_trio,knn_trio_calibration_ratio,strength_bin,kimarite_dist,payout_bucket_labels,payout_bucket_pct,payout_bucket_deviation
20260815,01,1,1,,"[[""1-3-2"", 0.0651], [""1-2-3"", 0.0551], [""1-3-4"", 0.0576], [""1-2-4"", 0.0355], [""1-3-6"", 0.0247], [""1-2-6"", 0.0152]]",2,43.3,"[[""2-1-3"", 0.0379], [""2-1-4"", 0.0245], [""2-1-6"", 0.0105]]","[[""3-1-2"", 0.0485], [""1-4-3"", 0.0434], [""3-1-4"", 0.0429], [""3-2-1"", 0.0276]]",,,False,False,0.7866,弱,"{""逃げ"": 30.6, ""まくり"": 27.2, ""まくり差し"": 16.7, ""差し"": 17.3, ""抜き"": 7.2, ""恵まれ"": 1.0}","[""0〜600円"", ""600〜750円"", ""750〜900円"", ""900〜1050円"", ""1050〜1220円"", ""1220〜1410円"", ""1410〜1640円"", ""1640〜1890円"", ""1890〜2200円"", ""2200〜2560円"", ""2560〜3020円"", ""3020〜3580円"", ""3580〜4290円"", ""4290〜5220円"", ""5220〜6490円"", ""6490〜8310円"", ""8310〜11220円"", ""11220〜16240円"", ""16240〜28268円"", ""28268円〜""]","[0.4, 1.1, 1.6, 2.3, 3.4, 2.8, 4.1, 5.1, 5.7, 6.3, 4.8, 5.8, 7.1, 8.4, 8.3, 6.9, 6.9, 7.5, 6.5, 5.0]","[-4.6, -3.9, -3.4, -2.7, -1.6, -2.2, -0.9, 0.1, 0.7, 1.3, -0.2, 0.8, 2.1, 3.4, 3.3, 1.9, 1.9, 2.5, 1.5, -0.0]"
20260815,01,2,1,63.3,"[[""1-3-4"", 0.0546], [""1-3-6"", 0.045], [""1-3-5"", 0.0396], [""1-3-2"", 0.0388]]",3,26.6,"[[""3-1-4"", 0.0541], [""3-1-6"", 0.0446], [""3-1-5"", 0.0393], [""3-1-2"", 0.0385]]","[[""1-4-3"", 0.0299], [""3-4-1"", 0.0293], [""4-1-3"", 0.0216], [""4-3-1"", 0.0213]]",1-3,0.384,False,False,0.7866,弱,"{""逃げ"": 30.6, ""まくり"": 27.2, ""まくり差し"": 16.7, ""差し"": 17.3, ""抜き"": 7.2, ""恵まれ"": 1.0}","[""0〜600円"", ""600〜750円"", ""750〜900円"", ""900〜1050円"", ""1050〜1220円"", ""1220〜1410円"", ""1410〜1640円"", ""1640〜1890円"", ""1890〜2200円"", ""2200〜2560円"", ""2560〜3020円"", ""3020〜3580円"", ""3580〜4290円"", ""4290〜5220円"", ""5220〜6490円"", ""6490〜8310円"", ""8310〜11220円"", ""11220〜16240円"", ""16240〜28268円"", ""28268円〜""]","[0.4, 1.1, 1.6, 2.3, 3.4, 2.8, 4.1, 5.1, 5.7, 6.3, 4.8, 5.8, 7.1, 8.4, 8.3, 6.9, 6.9, 7.5, 6.5, 5.0]","[-4.6, -3.9, -3.4, -2.7, -1.6, -2.2, -0.9, 0.1, 0.7, 1.3, -0.2, 0.8, 2.1, 3.4, 3.3, 1.9, 1.9, 2.5, 1.5, -0.0]"
20260815,01,3,1,67.3,"[[""1-2-3"", 0.0443], [""1-3-2"", 0.0428], [""1-2-5"", 0.0391], [""1-3-5"", 0.0349], [""1-5-2"", 0.0341], [""1-5-3"", 0.0314], [""1-2-4"", 0.0196], [""1-2-6"", 0.0195], [""1-3-4"", 0.0175]]",3,45.5,"[[""3-1-2"", 0.0291], [""3-1-5"", 0.0237], [""3-1-4"", 0.0119], [""3-1-6"", 0.0118]]","[[""2-1-3"", 0.0306], [""2-1-5"", 0.0269], [""2-3-1"", 0.0182], [""5-1-2"", 0.022]]",,,False,True,0.8218,中,"{""逃げ"": 48.3, ""まくり"": 19.0, ""まくり差し"": 14.1, ""差し"": 11.4, ""抜き"": 6.2, ""恵まれ"": 0.9}","[""0〜600円"", ""600〜750円"", ""750〜900円"", ""900〜1050円"", ""1050〜1220円"", ""1220〜1410円"", ""1410〜1640円"", ""1640〜1890円"", ""1890〜2200円"", ""2200〜2560円"", ""2560〜3020円"", ""3020〜3580円"", ""3580〜4290円"", ""4290〜5220円"", ""5220〜6490円"", ""6490〜8310円"", ""8310〜11220円"", ""11220〜16240円"", ""16240〜28268円"", ""28268円〜""]","[2.6, 3.4, 4.9, 4.8, 4.9, 4.6, 4.8, 4.7, 5.0, 4.3, 4.9, 5.5, 4.8, 6.0, 5.6, 6.9, 5.5, 6.0, 5.4, 5.5]","[-2.4, -1.6, -0.1, -0.2, -0.1, -0.4, -0.2, -0.3, 0.0, -0.7, -0.1, 0.5, -0.2, 1.0, 0.6, 1.9, 0.5, 1.0, 0.4, 0.5]"
20260815,01,4,1,53.6,"[[""1-3-6"", 0.0564], [""1-3-2"", 0.0595], [""1-3-5"", 0.0356], [""1-3-4"", 0.0128]]",3,26.1,"[[""3-1-6"", 0.0442], [""3-1-2"", 0.0467], [""3-1-5"", 0.0279], [""3-1-4"", 0.01]]","[[""1-6-3"", 0.0413], [""1-2-3"", 0.0415], [""6-1-3"", 0.0279], [""3-6-1"", 0.0239]]",1-3,0.3203,False,False,0.7866,中,"{""逃げ"": 48.3, ""まくり"": 19.0, ""まくり差し"": 14.1, ""差し"": 11.4, ""抜き"": 6.2, ""恵まれ"": 0.9}","[""0〜600円"", ""600〜750円"", ""750〜900円"", ""900〜1050円"", ""1050〜1220円"", ""1220〜1410円"", ""1410〜1640円"", ""1640〜1890円"", ""1890〜2200円"", ""2200〜2560円"", ""2560〜3020円"", ""3020〜3580円"", ""3580〜4290円"", ""4290〜5220円"", ""5220〜6490円"", ""6490〜8310円"", ""8310〜11220円"", ""11220〜16240円"", ""16240〜28268円"", ""28268円〜""]","[2.6, 3.4, 4.9, 4.8, 4.9, 4.6, 4.8, 4.7, 5.0, 4.3, 4.9, 5.5, 4.8, 6.0, 5.6, 6.9, 5.5, 6.0, 5.4, 5.5]","[-2.4, -1.6, -0.1, -0.2, -0.1, -0.4, -0.2, -0.3, 0.0, -0.7, -0.1, 0.5, -0.2, 1.0, 0.6, 1.9, 0.5, 1.0, 0.4, 0.5]"
20260815,01,5,1,52.5,"[[""1-3-5"", 0.0248], [""1-3-4"", 0.0315], [""1-5-3"", 0.0245], [""1-4-3"", 0.0311], [""1-5-4"", 0.0302], [""1-4-5"", 0.0302], [""1-3-2"", 0.0236], [""1-5-2"", 0.0227], [""1-4-2"", 0.0227]]",4,43.5,"[[""4-1-3"", 0.0247], [""4-1-5"", 0.0239], [""4-1-2"", 0.0179]]","[[""3-1-5"", 0.0197], [""3-1-4"", 0.0251], [""5-1-3"", 0.0194], [""5-1-4"", 0.0239]]",,,False,False,0.7866,弱,"{""逃げ"": 30.6, ""まくり"": 27.2, ""まくり差し"": 16.7, ""差し"": 17.3, ""抜き"": 7.2, ""恵まれ"": 1.0}","[""0〜600円"", ""600〜750円"", ""750〜900円"", ""900〜1050円"", ""1050〜1220円"", ""1220〜1410円"", ""1410〜1640円"", ""1640〜1890円"", ""1890〜2200円"", ""2200〜2560円"", ""2560〜3020円"", ""3020〜3580円"", ""3580〜4290円"", ""4290〜5220円"", ""5220〜6490円"", ""6490〜8310円"", ""8310〜11220円"", ""11220〜16240円"", ""16240〜28268円"", ""28268円〜""]","[0.4, 1.1, 1.6, 2.3, 3.4, 2.8, 4.1, 5.1, 5.7, 6.3, 4.8, 5.8, 7.1, 8.4, 8.3, 6.9, 6.9, 7.5, 6.5, 5.0]","[-4.6, -3.9, -3.4, -2.7, -1.6, -2.2, -0.9, 0.1, 0.7, 1.3, -0.2, 0.8, 2.1, 3.4, 3.3, 1.9, 1.9, 2.5, 1.5, -0.0]"
20260815,01,6,1,48.1,"[[""1-2-3"", 0.1276], [""1-2-4"", 0.1209], [""1-2-5"", 0.0681]]",2,24.2,"[[""2-1-3"", 0.0207], [""2-1-4"", 0.0197], [""2-1-5"", 0.0111]]","[[""1-3-2"", 0.1], [""1-4-2"", 0.0881], [""1-3-4"", 0.0582], [""1-4-3"", 0.054]]",1-2,0.411,False,True,0.8218,強,"{""逃げ"": 65.0, ""まくり差し"": 11.9, ""まくり"": 11.0, ""差し"": 6.9, ""抜き"": 4.5, ""恵まれ"": 0.7}","[""0〜600円"", ""600〜750円"", ""750〜900円"", ""900〜1050円"", ""1050〜1220円"", ""1220〜1410円"", ""1410〜1640円"", ""1640〜1890円"", ""1890〜2200円"", ""2200〜2560円"", ""2560〜3020円"", ""3020〜3580円"", ""3580〜4290円"", ""4290〜5220円"", ""5220〜6490円"", ""6490〜8310円"", ""8310〜11220円"", ""11220〜16240円"", ""16240〜28268円"", ""28268円〜""]","[7.1, 7.2, 6.1, 5.7, 6.5, 5.6, 5.1, 5.5, 3.8, 4.3, 4.2, 4.4, 4.1, 4.4, 3.7, 3.8, 3.5, 4.7, 5.1, 5.4]","[2.1, 2.2, 1.1, 0.7, 1.5, 0.6, 0.1, 0.5, -1.2, -0.7, -0.8, -0.6, -0.9, -0.6, -1.3, -1.2, -1.5, -0.3, 0.1, 0.4]"
20260815,01,7,1,58.5,"[[""1-2-3"", 0.1237], [""1-3-2"", 0.1149], [""1-2-4"", 0.0449], [""1-2-5"", 0.0397], [""1-3-4"", 0.0368], [""1-3-5"", 0.0326], [""1-2-6"", 0.0256], [""1-3-6"", 0.021]]",2,45.5,"[[""2-1-3"", 0.0486], [""2-1-4"", 0.0177], [""2-1-5"", 0.0156], [""2-1-6"", 0.0101]]","[[""3-1-2"", 0.0444], [""1-4-2"", 0.0303], [""1-4-3"", 0.0267], [""1-5-2"", 0.0265]]",,,False,True,0.8218,中,"{""逃げ"": 48.3, ""まくり"": 19.0, ""まくり差し"": 14.1, ""差し"": 11.4, ""抜き"": 6.2, ""恵まれ"": 0.9}","[""0〜600円"", ""600〜750円"", ""750〜900円"", ""900〜1050円"", ""1050〜1220円"", ""1220〜1410円"", ""1410〜1640円"", ""1640〜1890円"", ""1890〜2200円"", ""2200〜2560円"", ""2560〜3020円"", ""3020〜3580円"", ""3580〜4290円"", ""4290〜5220円"", ""5220〜6490円"", ""6490〜8310円"", ""8310〜11220円"", ""11220〜16240円"", ""16240〜28268円"", ""28268円〜""]","[2.6, 3.4, 4.9, 4.8, 4.9, 4.6, 4.8, 4.7, 5.0, 4.3, 4.9, 5.5, 4.8, 6.0, 5.6, 6.9, 5.5, 6.0, 5.4, 5.5]","[-2.4, -1.6, -0.1, -0.2, -0.1, -0.4, -0.2, -0.3, 0.0, -0.7, -0.1, 0.5, -0.2, 1.0, 0.6, 1.9, 0.5, 1.0, 0.4, 0.5]"
20260815,01,8,1,44.2,"[[""1-4-2"", 0.0615], [""1-2-4"", 0.0574], [""1-4-3"", 0.0671], [""1-3-4"", 0.0597], [""1-4-5"", 0.0537], [""1-2-3"", 0.0526], [""1-3-2"", 0.0501], [""1-5-4"", 0.0452], [""1-2-5"", 0.042]]",4,31.2,"[[""4-1-2"", 0.0215], [""4-1-3"", 0.0234], [""4-1-5"", 0.0187]]","[[""1-5-2"", 0.0379], [""1-3-5"", 0.0344], [""1-5-3"", 0.0325], [""2-1-4"", 0.0197]]",,,False,False,0.7866,強,"{""逃げ"": 65.0, ""まくり差し"": 11.9, ""まくり"": 11.0, ""差し"": 6.9, ""抜き"": 4.5, ""恵まれ"": 0.7}","[""0〜600円"", ""600〜750円"", ""750〜900円"", ""900〜1050円"", ""1050〜1220円"", ""1220〜1410円"", ""1410〜1640円"", ""1640〜1890円"", ""1890〜2200円"", ""2200〜2560円"", ""2560〜3020円"", ""3020〜3580円"", ""3580〜4290円"", ""4290〜5220円"", ""5220〜6490円"", ""6490〜8310円"", ""8310〜11220円"", ""11220〜16240円"", ""16240〜28268円"", ""28268円〜""]","[7.1, 7.2, 6.1, 5.7, 6.5, 5.6, 5.1, 5.5, 3.8, 4.3, 4.2, 4.4, 4.1, 4.4, 3.7, 3.8, 3.5, 4.7, 5.1, 5.4]","[2.1, 2.2, 1.1, 0.7, 1.5, 0.6, 0.1, 0.5, -1.2, -0.7, -0.8, -0.6, -0.9, -0.6, -1.3, -1.2, -1.5, -0.3, 0.1, 0.4]"
20260815,01,9,1,51.5,"[[""1-2-4"", 0.1314], [""1-2-3"", 0.0724], [""1-2-5"", 0.0195]]",4,35.5,"[[""4-1-2"", 0.0507], [""4-1-3"", 0.0224]]","[[""1-4-2"", 0.114], [""2-1-4"", 0.0607], [""1-4-3"", 0.0505], [""1-3-2"", 0.0481]]",,,False,False,0.7866,強,"{""逃げ"": 65.0, ""まくり差し"": 11.9, ""まくり"": 11.0, ""差し"": 6.9, ""抜き"": 4.5, ""恵まれ"": 0.7}","[""0〜600円"", ""600〜750円"", ""750〜900円"", ""900〜1050円"", ""1050〜1220円"", ""1220〜1410円"", ""1410〜1640円"", ""1640〜1890円"", ""1890〜2200円"", ""2200〜2560円"", ""2560〜3020円"", ""3020〜3580円"", ""3580〜4290円"", ""4290〜5220円"", ""5220〜6490円"", ""6490〜8310円"", ""8310〜11220円"", ""11220〜16240円"", ""16240〜28268円"", ""28268円〜""]","[7.1, 7.2, 6.1, 5.7, 6.5, 5.6, 5.1, 5.5, 3.8, 4.3, 4.2, 4.4, 4.1, 4.4, 3.7, 3.8, 3.5, 4.7, 5.1, 5.4]","[2.1, 2.2, 1.1, 0.7, 1.5, 0.6, 0.1, 0.5, -1.2, -0.7, -0.8, -0.6, -0.9, -0.6, -1.3, -1.2, -1.5, -0.3, 0.1, 0.4]"
20260815,01,10,1,50.6,"[[""1-2-5"", 0.0892], [""1-2-3"", 0.1065], [""1-5-2"", 0.0719], [""1-3-2"", 0.0843], [""1-2-4"", 0.0726], [""1-4-2"", 0.0529], [""1-5-3"", 0.0519], [""1-3-5"", 0.0509], [""1-5-4"", 0.0354]]",2,32.0,"[[""2-1-5"", 0.0177], [""2-1-3"", 0.0212], [""2-1-4"", 0.0144]]","[[""1-3-4"", 0.0326], [""1-4-5"", 0.032], [""1-4-3"", 0.03], [""5-1-2"", 0.0139]]",,,False,False,0.7866,強,"{""逃げ"": 65.0, ""まくり差し"": 11.9, ""まくり"": 11.0, ""差し"": 6.9, ""抜き"": 4.5, ""恵まれ"": 0.7}","[""0〜600円"", ""600〜750円"", ""750〜900円"", ""900〜1050円"", ""1050〜1220円"", ""1220〜1410円"", ""1410〜1640円"", ""1640〜1890円"", ""1890〜2200円"", ""2200〜2560円"", ""2560〜3020円"", ""3020〜3580円"", ""3580〜4290円"", ""4290〜5220円"", ""5220〜6490円"", ""6490〜8310円"", ""8310〜11220円"", ""11220〜16240円"", ""16240〜28268円"", ""28268円〜""]","[7.1, 7.2, 6.1, 5.7, 6.5, 5.6, 5.1, 5.5, 3.8, 4.3, 4.2, 4.4, 4.1, 4.4, 3.7, 3.8, 3.5, 4.7, 5.1, 5.4]","[2.1, 2.2, 1.1, 0.7, 1.5, 0.6, 0.1, 0.5, -1.2, -0.7, -0.8, -0.6, -0.9, -0.6, -1.3, -1.2, -1.5, -0.3, 0.1, 0.4]"
20260815,01,11,1,59.6,"[[""1-3-2"", 0.1273], [""1-3-4"", 0.1096], [""1-3-5"", 0.0637], [""1-3-6"", 0.0325]]",3,41.7,"[[""3-1-2"", 0.0278], [""3-1-4"", 0.0239], [""3-1-5"", 0.0139]]","[[""1-2-3"", 0.0916], [""1-4-3"", 0.0724], [""1-2-4"", 0.0414], [""1-5-3"", 0.0388]]",1-3,0.4395,False,True,0.8218,強,"{""逃げ"": 65.0, ""まくり差し"": 11.9, ""まくり"": 11.0, ""差し"": 6.9, ""抜き"": 4.5, ""恵まれ"": 0.7}","[""0〜600円"", ""600〜750円"", ""750〜900円"", ""900〜1050円"", ""1050〜1220円"", ""1220〜1410円"", ""1410〜1640円"", ""1640〜1890円"", ""1890〜2200円"", ""2200〜2560円"", ""2560〜3020円"", ""3020〜3580円"", ""3580〜4290円"", ""4290〜5220円"", ""5220〜6490円"", ""6490〜8310円"", ""8310〜11220円"", ""11220〜16240円"", ""16240〜28268円"", ""28268円〜""]","[7.1, 7.2, 6.1, 5.7, 6.5, 5.6, 5.1, 5.5, 3.8, 4.3, 4.2, 4.4, 4.1, 4.4, 3.7, 3.8, 3.5, 4.7, 5.1, 5.4]","[2.1, 2.2, 1.1, 0.7, 1.5, 0.6, 0.1, 0.5, -1.2, -0.7, -0.8, -0.6, -0.9, -0.6, -1.3, -1.2, -1.5, -0.3, 0.1, 0.4]"
20260815,01,12,1,57.8,"[[""1-4-2"", 0.1649], [""1-4-3"", 0.0662], [""1-4-5"", 0.0639], [""1-4-6"", 0.014]]",4,30.1,"[[""4-1-2"", 0.047], [""4-1-3"", 0.0189], [""4-1-5"", 0.0182]]","[[""1-2-4"", 0.1265], [""2-1-4"", 0.0345], [""1-3-4"", 0.0388], [""1-5-4"", 0.0373]]",1-4,0.4546,False,False,0.7866,強,"{""逃げ"": 65.0, ""まくり差し"": 11.9, ""まくり"": 11.0, ""差し"": 6.9, ""抜き"": 4.5, ""恵まれ"": 0.7}","[""0〜600円"", ""600〜750円"", ""750〜900円"", ""900〜1050円"", ""1050〜1220円"", ""1220〜1410円"", ""1410〜1640円"", ""1640〜1890円"", ""1890〜2200円"", ""2200〜2560円"", ""2560〜3020円"", ""3020〜3580円"", ""3580〜4290円"", ""4290〜5220円"", ""5220〜6490円"", ""6490〜8310円"", ""8310〜11220円"", ""11220〜16240円"", ""16240〜28268円"", ""28268円〜""]","[7.1, 7.2, 6.1, 5.7, 6.5, 5.6, 5.1, 5.5, 3.8, 4.3, 4.2, 4.4, 4.1, 4.4, 3.7, 3.8, 3.5, 4.7, 5.1, 5.4]","[2.1, 2.2, 1.1, 0.7, 1.5, 0.6, 0.1, 0.5, -1.2, -0.7, -0.8, -0.6, -0.9, -0.6, -1.3, -1.2, -1.5, -0.3, 0.1, 0.4]"
20260815,02,1,2,50.0,"[[""2-1-4"", 0.0697], [""2-1-3"", 0.0869], [""2-1-6"", 0.0614]]",1,27.1,"[[""1-2-4"", 0.0416], [""1-2-3"", 0.0519], [""1-2-6"", 0.0366]]","[[""2-4-1"", 0.0465], [""2-3-1"", 0.0577], [""2-6-1"", 0.0381], [""4-2-1"", 0.0239]]",1-2,0.3929,False,False,0.7866,強,"{""逃げ"": 55.9, ""まくり"": 16.4, ""まくり差し"": 10.5, ""差し"": 10.2, ""抜き"": 6.4, ""恵まれ"": 0.7}","[""0〜600円"", ""600〜750円"", ""750〜900円"", ""900〜1050円"", ""1050〜1220円"", ""1220〜1410円"", ""1410〜1640円"", ""1640〜1890円"", ""1890〜2200円"", ""2200〜2560円"", ""2560〜3020円"", ""3020〜3580円"", ""3580〜4290円"", ""4290〜5220円"", ""5220〜6490円"", ""6490〜8310円"", ""8310〜11220円"", ""11220〜16240円"", ""16240〜28268円"", ""28268円〜""]","[2.5, 4.7, 5.2, 5.0, 5.4, 4.8, 5.4, 4.4, 5.1, 5.6, 5.1, 5.1, 4.7, 4.3, 5.0, 5.9, 5.7, 5.3, 5.5, 5.2]","[-2.5, -0.3, 0.2, 0.0, 0.4, -0.2, 0.4, -0.6, 0.1, 0.6, 0.1, 0.1, -0.3, -0.7, -0.0, 0.9, 0.7, 0.3, 0.5, 0.2]"
20260815,02,2,1,46.2,"[[""1-5-3"", 0.0219], [""1-5-6"", 0.0274], [""1-3-5"", 0.0201], [""1-6-5"", 0.025], [""1-3-6"", 0.02], [""1-6-3"", 0.0199], [""1-5-2"", 0.0156], [""1-2-5"", 0.0126], [""1-3-2"", 0.0114]]",3,44.2,"[[""3-1-5"", 0.018], [""3-5-1"", 0.0167], [""3-1-6"", 0.0179], [""3-6-1"", 0.0154], [""3-5-6"", 0.014], [""3-6-5"", 0.0129]]","[[""5-1-3"", 0.0207], [""5-1-6"", 0.0259], [""5-3-1"", 0.0177], [""6-1-5"", 0.0222]]",,,False,False,0.7866,弱,"{""まくり"": 37.2, ""逃げ"": 25.0, ""差し"": 17.8, ""まくり差し"": 11.8, ""抜き"": 7.5, ""恵まれ"": 0.7}","[""0〜600円"", ""600〜750円"", ""750〜900円"", ""900〜1050円"", ""1050〜1220円"", ""1220〜1410円"", ""1410〜1640円"", ""1640〜1890円"", ""1890〜2200円"", ""2200〜2560円"", ""2560〜3020円"", ""3020〜3580円"", ""3580〜4290円"", ""4290〜5220円"", ""5220〜6490円"", ""6490〜8310円"", ""8310〜11220円"", ""11220〜16240円"", ""16240〜28268円"", ""28268円〜""]","[0.3, 0.5, 1.8, 2.0, 2.6, 3.3, 4.7, 5.8, 5.1, 6.3, 7.0, 7.2, 8.0, 6.0, 7.7, 7.8, 7.8, 6.9, 5.0, 4.1]","[-4.7, -4.5, -3.2, -3.0, -2.4, -1.7, -0.3, 0.8, 0.1, 1.3, 2.0, 2.2, 3.0, 1.0, 2.7, 2.8, 2.8, 1.9, -0.0, -0.9]"
20260815,02,3,2,41.7,"[[""2-1-4"", 0.0561], [""2-4-1"", 0.0529], [""2-1-5"", 0.0355], [""2-4-5"", 0.0298], [""2-1-3"", 0.0227], [""2-4-3"", 0.019], [""2-1-6"", 0.0151], [""2-4-6"", 0.0127]]",4,37.7,"[[""4-2-1"", 0.0387], [""4-2-5"", 0.0218], [""4-2-3"", 0.0139]]","[[""1-2-4"", 0.0423], [""1-4-2"", 0.027], [""4-1-2"", 0.0262], [""2-5-1"", 0.0271]]",,,False,False,0.7866,強,"{""逃げ"": 55.9, ""まくり"": 16.4, ""まくり差し"": 10.5, ""差し"": 10.2, ""抜き"": 6.4, ""恵まれ"": 0.7}","[""0〜600円"", ""600〜750円"", ""750〜900円"", ""900〜1050円"", ""1050〜1220円"", ""1220〜1410円"", ""1410〜1640円"", ""1640〜1890円"", ""1890〜2200円"", ""2200〜2560円"", ""2560〜3020円"", ""3020〜3580円"", ""3580〜4290円"", ""4290〜5220円"", ""5220〜6490円"", ""6490〜8310円"", ""8310〜11220円"", ""11220〜16240円"", ""16240〜28268円"", ""28268円〜""]","[2.5, 4.7, 5.2, 5.0, 5.4, 4.8, 5.4, 4.4, 5.1, 5.6, 5.1, 5.1, 4.7, 4.3, 5.0, 5.9, 5.7, 5.3, 5.5, 5.2]","[-2.5, -0.3, 0.2, 0.0, 0.4, -0.2, 0.4, -0.6, 0.1, 0.6, 0.1, 0.1, -0.3, -0.7, -0.0, 0.9, 0.7, 0.3, 0.5, 0.2]"
20260815,02,4,3,43.2,"[[""3-1-5"", 0.0811], [""3-5-1"", 0.0807], [""3-1-2"", 0.0394], [""3-5-2"", 0.0389], [""3-1-4"", 0.0197], [""3-5-4"", 0.0194]]",1,55.0,"[[""1-3-5"", 0.0597], [""1-3-2"", 0.029], [""1-3-4"", 0.0145]]","[[""5-3-1"", 0.0593], [""1-5-3"", 0.0376], [""5-1-3"", 0.0375], [""5-3-2"", 0.0285]]",,,False,False,0.7866,強,"{""逃げ"": 55.9, ""まくり"": 16.4, ""まくり差し"": 10.5, ""差し"": 10.2, ""抜き"": 6.4, ""恵まれ"": 0.7}","[""0〜600円"", ""600〜750円"", ""750〜900円"", ""900〜1050円"", ""1050〜1220円"", ""1220〜1410円"", ""1410〜1640円"", ""1640〜1890円"", ""1890〜2200円"", ""2200〜2560円"", ""2560〜3020円"", ""3020〜3580円"", ""3580〜4290円"", ""4290〜5220円"", ""5220〜6490円"", ""6490〜8310円"", ""8310〜11220円"", ""11220〜16240円"", ""16240〜28268円"", ""28268円〜""]","[2.5, 4.7, 5.2, 5.0, 5.4, 4.8, 5.4, 4.4, 5.1, 5.6, 5.1, 5.1, 4.7, 4.3, 5.0, 5.9, 5.7, 5.3, 5.5, 5.2]","[-2.5, -0.3, 0.2, 0.0, 0.4, -0.2, 0.4, -0.6, 0.1, 0.6, 0.1, 0.1, -0.3, -0.7, -0.0, 0.9, 0.7, 0.3, 0.5, 0.2]"
20260815,02,5,1,35.6,"[[""1-4-3"", 0.0489], [""1-4-6"", 0.059], [""1-4-2"", 0.0525], [""1-4-5"", 0.0254]]",4,29.0,"[[""4-1-3"", 0.046], [""4-1-6"", 0.0554], [""4-1-2"", 0.0494], [""4-1-5"", 0.0239]]","[[""1-3-4"", 0.0268], [""1-6-4"", 0.032], [""4-3-1"", 0.0234], [""1-2-4"", 0.028]]",1-4,0.3863,False,False,0.7866,中,"{""逃げ"": 38.9, ""まくり"": 24.3, ""まくり差し"": 12.7, ""差し"": 15.0, ""抜き"": 8.2, ""恵まれ"": 0.9}","[""0〜600円"", ""600〜750円"", ""750〜900円"", ""900〜1050円"", ""1050〜1220円"", ""1220〜1410円"", ""1410〜1640円"", ""1640〜1890円"", ""1890〜2200円"", ""2200〜2560円"", ""2560〜3020円"", ""3020〜3580円"", ""3580〜4290円"", ""4290〜5220円"", ""5220〜6490円"", ""6490〜8310円"", ""8310〜11220円"", ""11220〜16240円"", ""16240〜28268円"", ""28268円〜""]","[1.0, 2.0, 3.1, 3.2, 4.7, 4.0, 5.1, 5.3, 5.9, 6.1, 4.6, 5.7, 7.0, 5.9, 5.8, 7.0, 6.5, 6.0, 5.5, 5.4]","[-4.0, -3.0, -1.9, -1.8, -0.3, -1.0, 0.1, 0.3, 0.9, 1.1, -0.4, 0.7, 2.0, 0.9, 0.8, 2.0, 1.5, 1.0, 0.5, 0.4]"
20260815,02,6,1,53.0,"[[""1-3-5"", 0.0223], [""1-5-3"", 0.0215], [""1-3-2"", 0.0263], [""1-2-3"", 0.0246], [""1-5-2"", 0.023], [""1-2-5"", 0.0223], [""1-3-4"", 0.0103]]",2,41.4,"[[""2-1-3"", 0.0233], [""2-3-1"", 0.0232], [""2-1-5"", 0.0212], [""2-3-5"", 0.0207], [""2-5-1"", 0.0203], [""2-5-3"", 0.02]]","[[""3-1-5"", 0.0222], [""3-5-1"", 0.0212], [""5-1-3"", 0.0208], [""5-3-1"", 0.0206]]",,,False,False,0.7866,弱,"{""まくり"": 37.2, ""逃げ"": 25.0, ""差し"": 17.8, ""まくり差し"": 11.8, ""抜き"": 7.5, ""恵まれ"": 0.7}","[""0〜600円"", ""600〜750円"", ""750〜900円"", ""900〜1050円"", ""1050〜1220円"", ""1220〜1410円"", ""1410〜1640円"", ""1640〜1890円"", ""1890〜2200円"", ""2200〜2560円"", ""2560〜3020円"", ""3020〜3580円"", ""3580〜4290円"", ""4290〜5220円"", ""5220〜6490円"", ""6490〜8310円"", ""8310〜11220円"", ""11220〜16240円"", ""16240〜28268円"", ""28268円〜""]","[0.3, 0.5, 1.8, 2.0, 2.6, 3.3, 4.7, 5.8, 5.1, 6.3, 7.0, 7.2, 8.0, 6.0, 7.7, 7.8, 7.8, 6.9, 5.0, 4.1]","[-4.7, -4.5, -3.2, -3.0, -2.4, -1.7, -0.3, 0.8, 0.1, 1.3, 2.0, 2.2, 3.0, 1.0, 2.7, 2.8, 2.8, 1.9, -0.0, -0.9]"
20260815,02,7,1,47.9,"[[""1-2-4"", 0.0901], [""1-4-2"", 0.0845], [""1-2-5"", 0.0838], [""1-5-2"", 0.0711], [""1-4-5"", 0.0678], [""1-2-3"", 0.0655], [""1-5-4"", 0.0613], [""1-4-3"", 0.053], [""1-3-2"", 0.0526]]",2,44.2,"[[""2-1-4"", 0.016], [""2-1-5"", 0.0149], [""2-1-3"", 0.0116]]","[[""1-3-4"", 0.0454], [""1-5-3"", 0.0351], [""1-3-5"", 0.0332], [""4-1-2"", 0.0149]]",,,False,False,0.7866,強,"{""逃げ"": 55.9, ""まくり"": 16.4, ""まくり差し"": 10.5, ""差し"": 10.2, ""抜き"": 6.4, ""恵まれ"": 0.7}","[""0〜600円"", ""600〜750円"", ""750〜900円"", ""900〜1050円"", ""1050〜1220円"", ""1220〜1410円"", ""1410〜1640円"", ""1640〜1890円"", ""1890〜2200円"", ""2200〜2560円"", ""2560〜3020円"", ""3020〜3580円"", ""3580〜4290円"", ""4290〜5220円"", ""5220〜6490円"", ""6490〜8310円"", ""8310〜11220円"", ""11220〜16240円"", ""16240〜28268円"", ""28268円〜""]","[2.5, 4.7, 5.2, 5.0, 5.4, 4.8, 5.4, 4.4, 5.1, 5.6, 5.1, 5.1, 4.7, 4.3, 5.0, 5.9, 5.7, 5.3, 5.5, 5.2]","[-2.5, -0.3, 0.2, 0.0, 0.4, -0.2, 0.4, -0.6, 0.1, 0.6, 0.1, 0.1, -0.3, -0.7, -0.0, 0.9, 0.7, 0.3, 0.5, 0.2]"
20260815,02,8,2,54.2,"[[""2-3-5"", 0.0243], [""2-5-3"", 0.0224], [""2-3-6"", 0.0216], [""2-3-1"", 0.0184], [""2-6-3"", 0.018], [""2-5-6"", 0.0161], [""2-1-3"", 0.0149], [""2-6-5"", 0.0146], [""2-5-1"", 0.0137]]",3,23.3,"[[""3-2-5"", 0.023], [""3-5-2"", 0.0197], [""3-2-6"", 0.0204], [""3-2-1"", 0.0174], [""3-6-2"", 0.016], [""3-1-2"", 0.0132]]","[[""5-2-3"", 0.0201], [""5-3-2"", 0.0187], [""6-2-3"", 0.0151], [""5-2-6"", 0.0145]]",,,False,False,0.7866,強,"{""逃げ"": 55.9, ""まくり"": 16.4, ""まくり差し"": 10.5, ""差し"": 10.2, ""抜き"": 6.4, ""恵まれ"": 0.7}","[""0〜600円"", ""600〜750円"", ""750〜900円"", ""900〜1050円"", ""1050〜1220円"", ""1220〜1410円"", ""1410〜1640円"", ""1640〜1890円"", ""1890〜2200円"", ""2200〜2560円"", ""2560〜3020円"", ""3020〜3580円"", ""3580〜4290円"", ""4290〜5220円"", ""5220〜6490円"", ""6490〜8310円"", ""8310〜11220円"", ""11220〜16240円"", ""16240〜28268円"", ""28268円〜""]","[2.5, 4.7, 5.2, 5.0, 5.4, 4.8, 5.4, 4.4, 5.1, 5.6, 5.1, 5.1, 4.7, 4.3, 5.0, 5.9, 5.7, 5.3, 5.5, 5.2]","[-2.5, -0.3, 0.2, 0.0, 0.4, -0.2, 0.4, -0.6, 0.1, 0.6, 0.1, 0.1, -0.3, -0.7, -0.0, 0.9, 0.7, 0.3, 0.5, 0.2]"
20260815,02,9,1,48.1,"[[""1-2-3"", 0.1593], [""1-2-5"", 0.0115], [""1-2-6"", 0.0107]]",3,33.1,"[[""3-1-2"", 0.1046]]","[[""1-3-2"", 0.1403], [""2-1-3"", 0.1251], [""2-3-1"", 0.0741], [""3-2-1"", 0.0703]]",,,False,True,0.8218,中,"{""逃げ"": 38.9, ""まくり"": 24.3, ""まくり差し"": 12.7, ""差し"": 15.0, ""抜き"": 8.2, ""恵まれ"": 0.9}","[""0〜600円"", ""600〜750円"", ""750〜900円"", ""900〜1050円"", ""1050〜1220円"", ""1220〜1410円"", ""1410〜1640円"", ""1640〜1890円"", ""1890〜2200円"", ""2200〜2560円"", ""2560〜3020円"", ""3020〜3580円"", ""3580〜4290円"", ""4290〜5220円"", ""5220〜6490円"", ""6490〜8310円"", ""8310〜11220円"", ""11220〜16240円"", ""16240〜28268円"", ""28268円〜""]","[1.0, 2.0, 3.1, 3.2, 4.7, 4.0, 5.1, 5.3, 5.9, 6.1, 4.6, 5.7, 7.0, 5.9, 5.8, 7.0, 6.5, 6.0, 5.5, 5.4]","[-4.0, -3.0, -1.9, -1.8, -0.3, -1.0, 0.1, 0.3, 0.9, 1.1, -0.4, 0.7, 2.0, 0.9, 0.8, 2.0, 1.5, 1.0, 0.5, 0.4]"
20260815,02,10,1,43.2,"[[""1-2-6"", 0.1224], [""1-2-3"", 0.1327], [""1-2-5"", 0.1025], [""1-2-4"", 0.0584]]",2,29.0,"[[""2-1-6"", 0.0417], [""2-1-3"", 0.0452], [""2-1-5"", 0.0349], [""2-1-4"", 0.0199]]","[[""1-6-2"", 0.0528], [""1-3-2"", 0.056], [""1-5-2"", 0.0421], [""1-4-2"", 0.0231]]",1-2,0.6022,True,False,0.7866,強,"{""逃げ"": 55.9, ""まくり"": 16.4, ""まくり差し"": 10.5, ""差し"": 10.2, ""抜き"": 6.4, ""恵まれ"": 0.7}","[""0〜600円"", ""600〜750円"", ""750〜900円"", ""900〜1050円"", ""1050〜1220円"", ""1220〜1410円"", ""1410〜1640円"", ""1640〜1890円"", ""1890〜2200円"", ""2200〜2560円"", ""2560〜3020円"", ""3020〜3580円"", ""3580〜4290円"", ""4290〜5220円"", ""5220〜6490円"", ""6490〜8310円"", ""8310〜11220円"", ""11220〜16240円"", ""16240〜28268円"", ""28268円〜""]","[2.5, 4.7, 5.2, 5.0, 5.4, 4.8, 5.4, 4.4, 5.1, 5.6, 5.1, 5.1, 4.7, 4.3, 5.0, 5.9, 5.7, 5.3, 5.5, 5.2]","[-2.5, -0.3, 0.2, 0.0, 0.4, -0.2, 0.4, -0.6, 0.1, 0.6, 0.1, 0.1, -0.3, -0.7, -0.0, 0.9, 0.7, 0.3, 0.5, 0.2]"
20260815,02,11,1,47.6,"[[""1-4-3"", 0.0619], [""1-3-4"", 0.061], [""1-4-6"", 0.0572], [""1-3-6"", 0.0543], [""1-6-4"", 0.0513], [""1-6-3"", 0.0493], [""1-4-2"", 0.0436], [""1-3-2"", 0.0413], [""1-2-4"", 0.0369]]",3,34.4,"[[""3-1-4"", 0.0156], [""3-1-6"", 0.0138], [""3-1-2"", 0.0105]]","[[""1-2-3"", 0.0355], [""1-4-5"", 0.0324], [""1-3-5"", 0.0307], [""1-6-2"", 0.0273]]",,,False,False,0.7866,強,"{""逃げ"": 55.9, ""まくり"": 16.4, ""まくり差し"": 10.5, ""差し"": 10.2, ""抜き"": 6.4, ""恵まれ"": 0.7}","[""0〜600円"", ""600〜750円"", ""750〜900円"", ""900〜1050円"", ""1050〜1220円"", ""1220〜1410円"", ""1410〜1640円"", ""1640〜1890円"", ""1890〜2200円"", ""2200〜2560円"", ""2560〜3020円"", ""3020〜3580円"", ""3580〜4290円"", ""4290〜5220円"", ""5220〜6490円"", ""6490〜8310円"", ""8310〜11220円"", ""11220〜16240円"", ""16240〜28268円"", ""28268円〜""]","[2.5, 4.7, 5.2, 5.0, 5.4, 4.8, 5.4, 4.4, 5.1, 5.6, 5.1, 5.1, 4.7, 4.3, 5.0, 5.9, 5.7, 5.3, 5.5, 5.2]","[-2.5, -0.3, 0.2, 0.0, 0.4, -0.2, 0.4, -0.6, 0.1, 0.6, 0.1, 0.1, -0.3, -0.7, -0.0, 0.9, 0.7, 0.3, 0.5, 0.2]"
20260815,02,12,1,51.3,"[[""1-2-6"", 0.0694], [""1-2-4"", 0.0862], [""1-6-2"", 0.0604], [""1-4-2"", 0.0746], [""1-2-3"", 0.0547], [""1-6-4"", 0.0526], [""1-4-6"", 0.0522], [""1-3-2"", 0.0428], [""1-6-3"", 0.0334]]",2,37.5,"[[""2-1-6"", 0.0171], [""2-1-4"", 0.0212], [""2-1-3"", 0.0135]]","[[""1-4-3"", 0.0324], [""1-3-6"", 0.0299], [""1-3-4"", 0.0293], [""1-2-5"", 0.0261]]",,,False,False,0.7866,強,"{""逃げ"": 55.9, ""まくり"": 16.4, ""まくり差し"": 10.5, ""差し"": 10.2, ""抜き"": 6.4, ""恵まれ"": 0.7}","[""0〜600円"", ""600〜750円"", ""750〜900円"", ""900〜1050円"", ""1050〜1220円"", ""1220〜1410円"", ""1410〜1640円"", ""1640〜1890円"", ""1890〜2200円"", ""2200〜2560円"", ""2560〜3020円"", ""3020〜3580円"", ""3580〜4290円"", ""4290〜5220円"", ""5220〜6490円"", ""6490〜8310円"", ""8310〜11220円"", ""11220〜16240円"", ""16240〜28268円"", ""28268円〜""]","[2.5, 4.7, 5.2, 5.0, 5.4, 4.8, 5.4, 4.4, 5.1, 5.6, 5.1, 5.1, 4.7, 4.3, 5.0, 5.9, 5.7, 5.3, 5.5, 5.2]","[-2.5, -0.3, 0.2, 0.0, 0.4, -0.2, 0.4, -0.6, 0.1, 0.6, 0.1, 0.1, -0.3, -0.7, -0.0, 0.9, 0.7, 0.3, 0.5, 0.2]"
20260815,03,1,1,46.9,"[[""1-4-2"", 0.0421], [""1-2-4"", 0.0387], [""1-4-5"", 0.0334], [""1-2-5"", 0.026], [""1-4-3"", 0.025], [""1-2-3"", 0.0194]]",4,37.1,"[[""4-1-2"", 0.0374], [""4-1-5"", 0.0297], [""4-1-3"", 0.0223]]","[[""2-1-4"", 0.0328], [""4-2-1"", 0.0293], [""2-4-1"", 0.0279], [""1-5-4"", 0.0265]]",,,False,False,0.7866,弱,"{""逃げ"": 34.8, ""差し"": 18.2, ""まくり"": 23.8, ""抜き"": 11.1, ""まくり差し"": 10.9, ""恵まれ"": 1.2}","[""0〜600円"", ""600〜750円"", ""750〜900円"", ""900〜1050円"", ""1050〜1220円"", ""1220〜1410円"", ""1410〜1640円"", ""1640〜1890円"", ""1890〜2200円"", ""2200〜2560円"", ""2560〜3020円"", ""3020〜3580円"", ""3580〜4290円"", ""4290〜5220円"", ""5220〜6490円"", ""6490〜8310円"", ""8310〜11220円"", ""11220〜16240円"", ""16240〜28268円"", ""28268円〜""]","[0.4, 0.6, 1.5, 2.6, 3.3, 3.9, 5.0, 5.7, 6.4, 5.3, 6.0, 6.9, 6.9, 6.6, 7.8, 7.2, 7.2, 6.4, 6.2, 4.2]","[-4.6, -4.4, -3.5, -2.4, -1.7, -1.1, 0.0, 0.7, 1.4, 0.3, 1.0, 1.9, 1.9, 1.6, 2.8, 2.2, 2.2, 1.4, 1.2, -0.8]"
20260815,03,2,1,52.0,"[[""1-4-3"", 0.0821], [""1-4-2"", 0.0958], [""1-4-6"", 0.0565], [""1-4-5"", 0.0382]]",4,32.2,"[[""4-1-3"", 0.0371], [""4-1-2"", 0.0433], [""4-1-6"", 0.0255], [""4-1-5"", 0.0172]]","[[""1-3-4"", 0.0536], [""1-2-4"", 0.0613], [""1-6-4"", 0.0333], [""3-1-4"", 0.0215]]",1-4,0.428,False,False,0.7866,中,"{""逃げ"": 46.7, ""差し"": 13.6, ""まくり"": 17.9, ""抜き"": 10.1, ""まくり差し"": 9.9, ""恵まれ"": 1.8}","[""0〜600円"", ""600〜750円"", ""750〜900円"", ""900〜1050円"", ""1050〜1220円"", ""1220〜1410円"", ""1410〜1640円"", ""1640〜1890円"", ""1890〜2200円"", ""2200〜2560円"", ""2560〜3020円"", ""3020〜3580円"", ""3580〜4290円"", ""4290〜5220円"", ""5220〜6490円"", ""6490〜8310円"", ""8310〜11220円"", ""11220〜16240円"", ""16240〜28268円"", ""28268円〜""]","[1.0, 2.7, 3.6, 4.1, 5.2, 5.7, 7.0, 4.7, 6.1, 5.3, 4.6, 5.7, 5.3, 6.3, 5.4, 5.8, 5.4, 6.8, 5.1, 4.2]","[-4.0, -2.3, -1.4, -0.9, 0.2, 0.7, 2.0, -0.3, 1.1, 0.3, -0.4, 0.7, 0.3, 1.3, 0.4, 0.8, 0.4, 1.8, 0.1, -0.8]"
20260815,03,3,1,58.9,"[[""1-5-4"", 0.038], [""1-4-5"", 0.0357], [""1-5-2"", 0.03], [""1-5-3"", 0.0269], [""1-4-2"", 0.0248], [""1-2-5"", 0.0243], [""1-4-3"", 0.0222], [""1-3-5"", 0.0213], [""1-2-4"", 0.0213]]",5,35.8,"[[""5-1-4"", 0.0337], [""5-1-2"", 0.0267], [""5-1-3"", 0.0239]]","[[""4-1-5"", 0.0306], [""5-4-1"", 0.0269], [""4-5-1"", 0.0259], [""4-1-2"", 0.0212]]",,,False,False,0.7866,弱,"{""逃げ"": 34.8, ""差し"": 18.2, ""まくり"": 23.8, ""抜き"": 11.1, ""まくり差し"": 10.9, ""恵まれ"": 1.2}","[""0〜600円"", ""600〜750円"", ""750〜900円"", ""900〜1050円"", ""1050〜1220円"", ""1220〜1410円"", ""1410〜1640円"", ""1640〜1890円"", ""1890〜2200円"", ""2200〜2560円"", ""2560〜3020円"", ""3020〜3580円"", ""3580〜4290円"", ""4290〜5220円"", ""5220〜6490円"", ""6490〜8310円"", ""8310〜11220円"", ""11220〜16240円"", ""16240〜28268円"", ""28268円〜""]","[0.4, 0.6, 1.5, 2.6, 3.3, 3.9, 5.0, 5.7, 6.4, 5.3, 6.0, 6.9, 6.9, 6.6, 7.8, 7.2, 7.2, 6.4, 6.2, 4.2]","[-4.6, -4.4, -3.5, -2.4, -1.7, -1.1, 0.0, 0.7, 1.4, 0.3, 1.0, 1.9, 1.9, 1.6, 2.8, 2.2, 2.2, 1.4, 1.2, -0.8]"
20260815,03,4,1,60.7,"[[""1-3-4"", 0.0575], [""1-4-3"", 0.053], [""1-3-2"", 0.0377], [""1-4-2"", 0.03], [""1-3-5"", 0.0172], [""1-4-5"", 0.0137]]",3,25.0,"[[""3-1-4"", 0.0504], [""3-1-2"", 0.033], [""3-1-5"", 0.015]]","[[""4-1-3"", 0.0444], [""3-4-1"", 0.0383], [""4-3-1"", 0.0366], [""1-2-3"", 0.0279]]",,,False,False,0.7866,弱,"{""逃げ"": 34.8, ""差し"": 18.2, ""まくり"": 23.8, ""抜き"": 11.1, ""まくり差し"": 10.9, ""恵まれ"": 1.2}","[""0〜600円"", ""600〜750円"", ""750〜900円"", ""900〜1050円"", ""1050〜1220円"", ""1220〜1410円"", ""1410〜1640円"", ""1640〜1890円"", ""1890〜2200円"", ""2200〜2560円"", ""2560〜3020円"", ""3020〜3580円"", ""3580〜4290円"", ""4290〜5220円"", ""5220〜6490円"", ""6490〜8310円"", ""8310〜11220円"", ""11220〜16240円"", ""16240〜28268円"", ""28268円〜""]","[0.4, 0.6, 1.5, 2.6, 3.3, 3.9, 5.0, 5.7, 6.4, 5.3, 6.0, 6.9, 6.9, 6.6, 7.8, 7.2, 7.2, 6.4, 6.2, 4.2]","[-4.6, -4.4, -3.5, -2.4, -1.7, -1.1, 0.0, 0.7, 1.4, 0.3, 1.0, 1.9, 1.9, 1.6, 2.8, 2.2, 2.2, 1.4, 1.2, -0.8]"
20260815,03,5,1,33.3,"[[""1-4-5"", 0.0298], [""1-5-4"", 0.0282], [""1-4-2"", 0.0203], [""1-4-3"", 0.0201], [""1-5-2"", 0.0169], [""1-5-3"", 0.0168], [""1-2-4"", 0.0163], [""1-3-4"", 0.0161], [""1-4-6"", 0.0147]]",4,24.8,"[[""4-1-5"", 0.027], [""4-5-1"", 0.0225], [""4-1-2"", 0.0184], [""4-1-3"", 0.0183], [""4-1-6"", 0.0134], [""4-2-1"", 0.0133]]","[[""5-1-4"", 0.0248], [""5-4-1"", 0.0218], [""5-1-2"", 0.0149], [""5-1-3"", 0.0148]]",,,False,False,0.7866,弱,"{""逃げ"": 34.8, ""差し"": 18.2, ""まくり"": 23.8, ""抜き"": 11.1, ""まくり差し"": 10.9, ""恵まれ"": 1.2}","[""0〜600円"", ""600〜750円"", ""750〜900円"", ""900〜1050円"", ""1050〜1220円"", ""1220〜1410円"", ""1410〜1640円"", ""1640〜1890円"", ""1890〜2200円"", ""2200〜2560円"", ""2560〜3020円"", ""3020〜3580円"", ""3580〜4290円"", ""4290〜5220円"", ""5220〜6490円"", ""6490〜8310円"", ""8310〜11220円"", ""11220〜16240円"", ""16240〜28268円"", ""28268円〜""]","[0.4, 0.6, 1.5, 2.6, 3.3, 3.9, 5.0, 5.7, 6.4, 5.3, 6.0, 6.9, 6.9, 6.6, 7.8, 7.2, 7.2, 6.4, 6.2, 4.2]","[-4.6, -4.4, -3.5, -2.4, -1.7, -1.1, 0.0, 0.7, 1.4, 0.3, 1.0, 1.9, 1.9, 1.6, 2.8, 2.2, 2.2, 1.4, 1.2, -0.8]"
20260815,03,6,1,30.2,"[[""1-2-4"", 0.0462], [""1-4-2"", 0.0399], [""1-2-3"", 0.041], [""1-3-2"", 0.0319], [""1-2-5"", 0.0261], [""1-4-3"", 0.026], [""1-3-4"", 0.0234], [""1-5-2"", 0.0187], [""1-4-5"", 0.0165]]",4,51.3,"[[""4-1-2"", 0.0304], [""4-1-3"", 0.0198], [""4-1-5"", 0.0126]]","[[""2-1-4"", 0.038], [""2-1-3"", 0.0338], [""2-4-1"", 0.0254], [""4-2-1"", 0.0235]]",,,False,False,0.7866,弱,"{""逃げ"": 34.8, ""差し"": 18.2, ""まくり"": 23.8, ""抜き"": 11.1, ""まくり差し"": 10.9, ""恵まれ"": 1.2}","[""0〜600円"", ""600〜750円"", ""750〜900円"", ""900〜1050円"", ""1050〜1220円"", ""1220〜1410円"", ""1410〜1640円"", ""1640〜1890円"", ""1890〜2200円"", ""2200〜2560円"", ""2560〜3020円"", ""3020〜3580円"", ""3580〜4290円"", ""4290〜5220円"", ""5220〜6490円"", ""6490〜8310円"", ""8310〜11220円"", ""11220〜16240円"", ""16240〜28268円"", ""28268円〜""]","[0.4, 0.6, 1.5, 2.6, 3.3, 3.9, 5.0, 5.7, 6.4, 5.3, 6.0, 6.9, 6.9, 6.6, 7.8, 7.2, 7.2, 6.4, 6.2, 4.2]","[-4.6, -4.4, -3.5, -2.4, -1.7, -1.1, 0.0, 0.7, 1.4, 0.3, 1.0, 1.9, 1.9, 1.6, 2.8, 2.2, 2.2, 1.4, 1.2, -0.8]"
20260815,03,7,1,60.0,"[[""1-6-2"", 0.0241], [""1-6-5"", 0.0281], [""1-2-6"", 0.0214], [""1-5-6"", 0.0244], [""1-6-4"", 0.0242], [""1-4-6"", 0.0204], [""1-6-3"", 0.0201], [""1-2-5"", 0.0175], [""1-5-2"", 0.0171]]",6,23.1,"[[""6-1-2"", 0.0196], [""6-1-5"", 0.0229], [""6-1-4"", 0.0197], [""6-1-3"", 0.0163]]","[[""2-1-6"", 0.0162], [""5-1-6"", 0.0183], [""6-2-1"", 0.0134], [""1-3-6"", 0.0163]]",,,False,False,0.7866,弱,"{""逃げ"": 34.8, ""差し"": 18.2, ""まくり"": 23.8, ""抜き"": 11.1, ""まくり差し"": 10.9, ""恵まれ"": 1.2}","[""0〜600円"", ""600〜750円"", ""750〜900円"", ""900〜1050円"", ""1050〜1220円"", ""1220〜1410円"", ""1410〜1640円"", ""1640〜1890円"", ""1890〜2200円"", ""2200〜2560円"", ""2560〜3020円"", ""3020〜3580円"", ""3580〜4290円"", ""4290〜5220円"", ""5220〜6490円"", ""6490〜8310円"", ""8310〜11220円"", ""11220〜16240円"", ""16240〜28268円"", ""28268円〜""]","[0.4, 0.6, 1.5, 2.6, 3.3, 3.9, 5.0, 5.7, 6.4, 5.3, 6.0, 6.9, 6.9, 6.6, 7.8, 7.2, 7.2, 6.4, 6.2, 4.2]","[-4.6, -4.4, -3.5, -2.4, -1.7, -1.1, 0.0, 0.7, 1.4, 0.3, 1.0, 1.9, 1.9, 1.6, 2.8, 2.2, 2.2, 1.4, 1.2, -0.8]"
20260815,03,8,1,46.0,"[[""1-2-3"", 0.0274], [""1-2-6"", 0.0333], [""1-3-2"", 0.0264], [""1-6-2"", 0.0322], [""1-3-6"", 0.0293], [""1-6-3"", 0.0293], [""1-2-5"", 0.0218], [""1-3-5"", 0.0191], [""1-6-5"", 0.0191]]",2,35.2,"[[""2-1-3"", 0.0229], [""2-1-6"", 0.0279], [""2-1-5"", 0.0183]]","[[""3-1-2"", 0.0217], [""6-1-2"", 0.0264], [""3-1-6"", 0.024], [""6-1-3"", 0.024]]",,,False,True,0.8218,弱,"{""逃げ"": 34.8, ""差し"": 18.2, ""まくり"": 23.8, ""抜き"": 11.1, ""まくり差し"": 10.9, ""恵まれ"": 1.2}","[""0〜600円"", ""600〜750円"", ""750〜900円"", ""900〜1050円"", ""1050〜1220円"", ""1220〜1410円"", ""1410〜1640円"", ""1640〜1890円"", ""1890〜2200円"", ""2200〜2560円"", ""2560〜3020円"", ""3020〜3580円"", ""3580〜4290円"", ""4290〜5220円"", ""5220〜6490円"", ""6490〜8310円"", ""8310〜11220円"", ""11220〜16240円"", ""16240〜28268円"", ""28268円〜""]","[0.4, 0.6, 1.5, 2.6, 3.3, 3.9, 5.0, 5.7, 6.4, 5.3, 6.0, 6.9, 6.9, 6.6, 7.8, 7.2, 7.2, 6.4, 6.2, 4.2]","[-4.6, -4.4, -3.5, -2.4, -1.7, -1.1, 0.0, 0.7, 1.4, 0.3, 1.0, 1.9, 1.9, 1.6, 2.8, 2.2, 2.2, 1.4, 1.2, -0.8]"
20260815,03,9,1,41.9,"[[""1-3-2"", 0.1102], [""1-3-4"", 0.1153], [""1-3-6"", 0.0456], [""1-3-5"", 0.0195]]",3,17.1,"[[""3-1-2"", 0.0748], [""3-1-4"", 0.0783], [""3-1-6"", 0.031], [""3-1-5"", 0.0133]]","[[""1-2-3"", 0.0521], [""1-4-3"", 0.0531], [""2-1-3"", 0.0273], [""3-2-1"", 0.0226]]",1-3,0.5281,True,True,0.8218,中,"{""逃げ"": 46.7, ""差し"": 13.6, ""まくり"": 17.9, ""抜き"": 10.1, ""まくり差し"": 9.9, ""恵まれ"": 1.8}","[""0〜600円"", ""600〜750円"", ""750〜900円"", ""900〜1050円"", ""1050〜1220円"", ""1220〜1410円"", ""1410〜1640円"", ""1640〜1890円"", ""1890〜2200円"", ""2200〜2560円"", ""2560〜3020円"", ""3020〜3580円"", ""3580〜4290円"", ""4290〜5220円"", ""5220〜6490円"", ""6490〜8310円"", ""8310〜11220円"", ""11220〜16240円"", ""16240〜28268円"", ""28268円〜""]","[1.0, 2.7, 3.6, 4.1, 5.2, 5.7, 7.0, 4.7, 6.1, 5.3, 4.6, 5.7, 5.3, 6.3, 5.4, 5.8, 5.4, 6.8, 5.1, 4.2]","[-4.0, -2.3, -1.4, -0.9, 0.2, 0.7, 2.0, -0.3, 1.1, 0.3, -0.4, 0.7, 0.3, 1.3, 0.4, 0.8, 0.4, 1.8, 0.1, -0.8]"
20260815,03,10,1,49.0,"[[""1-2-3"", 0.0933], [""1-2-4"", 0.0495], [""1-2-5"", 0.0259], [""1-2-6"", 0.0169]]",2,35.8,"[[""2-1-3"", 0.0665], [""2-1-4"", 0.0352], [""2-1-5"", 0.0185], [""2-1-6"", 0.0121]]","[[""1-3-2"", 0.0741], [""3-1-2"", 0.0479], [""2-3-1"", 0.0334], [""3-2-1"", 0.0303]]",1-2,0.3524,False,True,0.8218,強,"{""逃げ"": 56.8, ""まくり"": 15.9, ""差し"": 10.2, ""まくり差し"": 7.5, ""抜き"": 8.8, ""恵まれ"": 0.9}","[""0〜600円"", ""600〜750円"", ""750〜900円"", ""900〜1050円"", ""1050〜1220円"", ""1220〜1410円"", ""1410〜1640円"", ""1640〜1890円"", ""1890〜2200円"", ""2200〜2560円"", ""2560〜3020円"", ""3020〜3580円"", ""3580〜4290円"", ""4290〜5220円"", ""5220〜6490円"", ""6490〜8310円"", ""8310〜11220円"", ""11220〜16240円"", ""16240〜28268円"", ""28268円〜""]","[3.3, 4.4, 5.4, 5.1, 4.6, 5.1, 5.5, 5.5, 5.5, 4.7, 5.8, 5.3, 5.2, 5.2, 5.8, 4.4, 4.8, 4.9, 5.6, 4.1]","[-1.7, -0.6, 0.4, 0.1, -0.4, 0.1, 0.5, 0.5, 0.5, -0.3, 0.8, 0.3, 0.2, 0.2, 0.8, -0.6, -0.2, -0.1, 0.6, -0.9]"
20260815,03,11,1,58.2,"[[""1-3-4"", 0.099], [""1-3-2"", 0.1089], [""1-3-6"", 0.0986], [""1-3-5"", 0.0385]]",3,51.3,"[[""3-1-4"", 0.0204], [""3-1-2"", 0.0224], [""3-1-6"", 0.0203]]","[[""1-4-3"", 0.0657], [""1-2-3"", 0.0702], [""1-6-3"", 0.0624], [""1-4-2"", 0.0289]]",1-3,0.4484,False,False,0.7866,強,"{""逃げ"": 56.8, ""まくり"": 15.9, ""差し"": 10.2, ""まくり差し"": 7.5, ""抜き"": 8.8, ""恵まれ"": 0.9}","[""0〜600円"", ""600〜750円"", ""750〜900円"", ""900〜1050円"", ""1050〜1220円"", ""1220〜1410円"", ""1410〜1640円"", ""1640〜1890円"", ""1890〜2200円"", ""2200〜2560円"", ""2560〜3020円"", ""3020〜3580円"", ""3580〜4290円"", ""4290〜5220円"", ""5220〜6490円"", ""6490〜8310円"", ""8310〜11220円"", ""11220〜16240円"", ""16240〜28268円"", ""28268円〜""]","[3.3, 4.4, 5.4, 5.1, 4.6, 5.1, 5.5, 5.5, 5.5, 4.7, 5.8, 5.3, 5.2, 5.2, 5.8, 4.4, 4.8, 4.9, 5.6, 4.1]","[-1.7, -0.6, 0.4, 0.1, -0.4, 0.1, 0.5, 0.5, 0.5, -0.3, 0.8, 0.3, 0.2, 0.2, 0.8, -0.6, -0.2, -0.1, 0.6, -0.9]"
20260815,03,12,1,49.8,"[[""1-4-3"", 0.0748], [""1-3-4"", 0.0656], [""1-4-5"", 0.0713], [""1-5-4"", 0.0583], [""1-4-6"", 0.0461], [""1-3-5"", 0.0453], [""1-5-3"", 0.0423], [""1-4-2"", 0.0357], [""1-6-4"", 0.0348]]",4,26.8,"[[""4-1-3"", 0.0232], [""4-1-5"", 0.0221], [""4-1-6"", 0.0143], [""4-1-2"", 0.0111]]","[[""1-3-6"", 0.0293], [""1-2-4"", 0.0261], [""1-6-3"", 0.0253], [""3-1-4"", 0.0198]]",,,False,True,0.8218,強,"{""逃げ"": 56.8, ""まくり"": 15.9, ""差し"": 10.2, ""まくり差し"": 7.5, ""抜き"": 8.8, ""恵まれ"": 0.9}","[""0〜600円"", ""600〜750円"", ""750〜900円"", ""900〜1050円"", ""1050〜1220円"", ""1220〜1410円"", ""1410〜1640円"", ""1640〜1890円"", ""1890〜2200円"", ""2200〜2560円"", ""2560〜3020円"", ""3020〜3580円"", ""3580〜4290円"", ""4290〜5220円"", ""5220〜6490円"", ""6490〜8310円"", ""8310〜11220円"", ""11220〜16240円"", ""16240〜28268円"", ""28268円〜""]","[3.3, 4.4, 5.4, 5.1, 4.6, 5.1, 5.5, 5.5, 5.5, 4.7, 5.8, 5.3, 5.2, 5.2, 5.8, 4.4, 4.8, 4.9, 5.6, 4.1]","[-1.7, -0.6, 0.4, 0.1, -0.4, 0.1, 0.5, 0.5, 0.5, -0.3, 0.8, 0.3, 0.2, 0.2, 0.8, -0.6, -0.2, -0.1, 0.6, -0.9]"
20260815,04,1,1,55.4,"[[""1-6-2"", 0.0394], [""1-6-3"", 0.0489], [""1-2-6"", 0.0334], [""1-3-6"", 0.0411], [""1-2-3"", 0.0277], [""1-3-2"", 0.0275], [""1-6-5"", 0.0192], [""1-6-4"", 0.0189], [""1-5-6"", 0.0137]]",2,77.6,"[[""2-1-6"", 0.0239], [""2-1-3"", 0.0198]]","[[""6-1-2"", 0.0307], [""6-1-3"", 0.0381], [""3-1-6"", 0.0293], [""6-2-1"", 0.019]]",,,False,False,0.7866,弱,"{""逃げ"": 27.2, ""まくり"": 25.5, ""差し"": 23.1, ""まくり差し"": 14.6, ""抜き"": 8.2, ""恵まれ"": 1.3}","[""0〜600円"", ""600〜750円"", ""750〜900円"", ""900〜1050円"", ""1050〜1220円"", ""1220〜1410円"", ""1410〜1640円"", ""1640〜1890円"", ""1890〜2200円"", ""2200〜2560円"", ""2560〜3020円"", ""3020〜3580円"", ""3580〜4290円"", ""4290〜5220円"", ""5220〜6490円"", ""6490〜8310円"", ""8310〜11220円"", ""11220〜16240円"", ""16240〜28268円"", ""28268円〜""]","[0.3, 1.0, 0.9, 1.7, 3.0, 3.6, 3.7, 4.9, 5.9, 6.1, 7.7, 6.4, 7.3, 7.1, 8.5, 8.0, 7.3, 6.1, 5.9, 4.2]","[-4.7, -4.0, -4.1, -3.3, -2.0, -1.4, -1.3, -0.1, 0.9, 1.1, 2.7, 1.4, 2.3, 2.1, 3.5, 3.0, 2.3, 1.1, 0.9, -0.8]"
20260815,04,2,1,34.9,"[[""1-2-3"", 0.1173], [""1-2-6"", 0.1318], [""1-2-4"", 0.0371], [""1-2-5"", 0.0239]]",2,21.1,"[[""2-1-3"", 0.0822], [""2-1-6"", 0.0924], [""2-1-4"", 0.026], [""2-1-5"", 0.0168]]","[[""1-3-2"", 0.0486], [""1-6-2"", 0.0538], [""3-1-2"", 0.0252], [""6-1-2"", 0.0278]]",1-2,0.5708,True,True,0.8218,弱,"{""逃げ"": 27.2, ""まくり"": 25.5, ""差し"": 23.1, ""まくり差し"": 14.6, ""抜き"": 8.2, ""恵まれ"": 1.3}","[""0〜600円"", ""600〜750円"", ""750〜900円"", ""900〜1050円"", ""1050〜1220円"", ""1220〜1410円"", ""1410〜1640円"", ""1640〜1890円"", ""1890〜2200円"", ""2200〜2560円"", ""2560〜3020円"", ""3020〜3580円"", ""3580〜4290円"", ""4290〜5220円"", ""5220〜6490円"", ""6490〜8310円"", ""8310〜11220円"", ""11220〜16240円"", ""16240〜28268円"", ""28268円〜""]","[0.3, 1.0, 0.9, 1.7, 3.0, 3.6, 3.7, 4.9, 5.9, 6.1, 7.7, 6.4, 7.3, 7.1, 8.5, 8.0, 7.3, 6.1, 5.9, 4.2]","[-4.7, -4.0, -4.1, -3.3, -2.0, -1.4, -1.3, -0.1, 0.9, 1.1, 2.7, 1.4, 2.3, 2.1, 3.5, 3.0, 2.3, 1.1, 0.9, -0.8]"
20260815,04,3,1,54.2,"[[""1-4-2"", 0.0503], [""1-4-3"", 0.049], [""1-4-5"", 0.0417], [""1-4-6"", 0.0332]]",4,39.9,"[[""4-1-2"", 0.0356], [""4-1-3"", 0.0346], [""4-1-5"", 0.0295], [""4-1-6"", 0.0235]]","[[""1-2-4"", 0.0368], [""1-3-4"", 0.0338], [""2-1-4"", 0.0226], [""1-5-4"", 0.0281]]",1-4,0.3206,False,False,0.7866,中,"{""逃げ"": 42.5, ""まくり"": 19.1, ""差し"": 16.7, ""まくり差し"": 13.3, ""抜き"": 7.2, ""恵まれ"": 1.3}","[""0〜600円"", ""600〜750円"", ""750〜900円"", ""900〜1050円"", ""1050〜1220円"", ""1220〜1410円"", ""1410〜1640円"", ""1640〜1890円"", ""1890〜2200円"", ""2200〜2560円"", ""2560〜3020円"", ""3020〜3580円"", ""3580〜4290円"", ""4290〜5220円"", ""5220〜6490円"", ""6490〜8310円"", ""8310〜11220円"", ""11220〜16240円"", ""16240〜28268円"", ""28268円〜""]","[0.7, 1.6, 3.2, 3.0, 4.1, 6.0, 5.3, 5.1, 5.3, 5.8, 5.3, 6.9, 6.3, 5.9, 5.3, 6.0, 7.4, 5.8, 6.1, 5.0]","[-4.3, -3.4, -1.8, -2.0, -0.9, 1.0, 0.3, 0.1, 0.3, 0.8, 0.3, 1.9, 1.3, 0.9, 0.3, 1.0, 2.4, 0.8, 1.1, -0.0]"
20260815,04,4,1,44.4,"[[""1-2-3"", 0.0664], [""1-2-5"", 0.0503], [""1-2-4"", 0.049]]",2,21.1,"[[""2-1-3"", 0.0616], [""2-1-5"", 0.0466], [""2-1-4"", 0.0455]]","[[""1-3-2"", 0.0424], [""2-3-1"", 0.0357], [""3-1-2"", 0.0311], [""3-2-1"", 0.0283]]",1-2,0.355,False,True,0.8218,中,"{""逃げ"": 42.5, ""まくり"": 19.1, ""差し"": 16.7, ""まくり差し"": 13.3, ""抜き"": 7.2, ""恵まれ"": 1.3}","[""0〜600円"", ""600〜750円"", ""750〜900円"", ""900〜1050円"", ""1050〜1220円"", ""1220〜1410円"", ""1410〜1640円"", ""1640〜1890円"", ""1890〜2200円"", ""2200〜2560円"", ""2560〜3020円"", ""3020〜3580円"", ""3580〜4290円"", ""4290〜5220円"", ""5220〜6490円"", ""6490〜8310円"", ""8310〜11220円"", ""11220〜16240円"", ""16240〜28268円"", ""28268円〜""]","[0.7, 1.6, 3.2, 3.0, 4.1, 6.0, 5.3, 5.1, 5.3, 5.8, 5.3, 6.9, 6.3, 5.9, 5.3, 6.0, 7.4, 5.8, 6.1, 5.0]","[-4.3, -3.4, -1.8, -2.0, -0.9, 1.0, 0.3, 0.1, 0.3, 0.8, 0.3, 1.9, 1.3, 0.9, 0.3, 1.0, 2.4, 0.8, 1.1, -0.0]"
20260815,04,5,1,53.2,"[[""1-3-5"", 0.0358], [""1-5-3"", 0.0337], [""1-3-6"", 0.0375], [""1-3-2"", 0.037], [""1-6-3"", 0.0334], [""1-2-3"", 0.0329], [""1-5-6"", 0.0301], [""1-5-2"", 0.0297], [""1-6-5"", 0.0284]]",2,39.3,"[[""2-1-3"", 0.0204], [""2-1-5"", 0.0174], [""2-1-6"", 0.0143]]","[[""3-1-5"", 0.0236], [""1-2-5"", 0.028], [""5-1-3"", 0.0216], [""3-1-6"", 0.0247]]",,,False,False,0.7866,中,"{""逃げ"": 42.5, ""まくり"": 19.1, ""差し"": 16.7, ""まくり差し"": 13.3, ""抜き"": 7.2, ""恵まれ"": 1.3}","[""0〜600円"", ""600〜750円"", ""750〜900円"", ""900〜1050円"", ""1050〜1220円"", ""1220〜1410円"", ""1410〜1640円"", ""1640〜1890円"", ""1890〜2200円"", ""2200〜2560円"", ""2560〜3020円"", ""3020〜3580円"", ""3580〜4290円"", ""4290〜5220円"", ""5220〜6490円"", ""6490〜8310円"", ""8310〜11220円"", ""11220〜16240円"", ""16240〜28268円"", ""28268円〜""]","[0.7, 1.6, 3.2, 3.0, 4.1, 6.0, 5.3, 5.1, 5.3, 5.8, 5.3, 6.9, 6.3, 5.9, 5.3, 6.0, 7.4, 5.8, 6.1, 5.0]","[-4.3, -3.4, -1.8, -2.0, -0.9, 1.0, 0.3, 0.1, 0.3, 0.8, 0.3, 1.9, 1.3, 0.9, 0.3, 1.0, 2.4, 0.8, 1.1, -0.0]"
20260815,04,6,1,58.0,"[[""1-2-5"", 0.0735], [""1-5-2"", 0.0694], [""1-2-3"", 0.0611], [""1-5-3"", 0.0519], [""1-2-4"", 0.0208], [""1-5-4"", 0.0176]]",2,20.4,"[[""2-1-5"", 0.0467], [""2-1-3"", 0.0389], [""2-1-4"", 0.0132]]","[[""5-1-2"", 0.0431], [""1-3-2"", 0.0493], [""1-3-5"", 0.0443], [""5-1-3"", 0.0322]]",,,False,False,0.7866,中,"{""逃げ"": 42.5, ""まくり"": 19.1, ""差し"": 16.7, ""まくり差し"": 13.3, ""抜き"": 7.2, ""恵まれ"": 1.3}","[""0〜600円"", ""600〜750円"", ""750〜900円"", ""900〜1050円"", ""1050〜1220円"", ""1220〜1410円"", ""1410〜1640円"", ""1640〜1890円"", ""1890〜2200円"", ""2200〜2560円"", ""2560〜3020円"", ""3020〜3580円"", ""3580〜4290円"", ""4290〜5220円"", ""5220〜6490円"", ""6490〜8310円"", ""8310〜11220円"", ""11220〜16240円"", ""16240〜28268円"", ""28268円〜""]","[0.7, 1.6, 3.2, 3.0, 4.1, 6.0, 5.3, 5.1, 5.3, 5.8, 5.3, 6.9, 6.3, 5.9, 5.3, 6.0, 7.4, 5.8, 6.1, 5.0]","[-4.3, -3.4, -1.8, -2.0, -0.9, 1.0, 0.3, 0.1, 0.3, 0.8, 0.3, 1.9, 1.3, 0.9, 0.3, 1.0, 2.4, 0.8, 1.1, -0.0]"
20260815,04,7,2,47.6,"[[""2-3-1"", 0.0717], [""2-3-4"", 0.0373], [""2-3-6"", 0.028], [""2-3-5"", 0.0113]]",3,31.2,"[[""3-2-1"", 0.0669], [""3-2-4"", 0.0348], [""3-2-6"", 0.0261], [""3-2-5"", 0.0105]]","[[""2-1-3"", 0.0533], [""3-1-2"", 0.0452], [""1-2-3"", 0.0425], [""1-3-2"", 0.0386]]",2-3,0.3166,False,True,0.8218,強,"{""逃げ"": 56.9, ""差し"": 13.0, ""まくり"": 11.9, ""まくり差し"": 10.0, ""抜き"": 7.5, ""恵まれ"": 0.9}","[""0〜600円"", ""600〜750円"", ""750〜900円"", ""900〜1050円"", ""1050〜1220円"", ""1220〜1410円"", ""1410〜1640円"", ""1640〜1890円"", ""1890〜2200円"", ""2200〜2560円"", ""2560〜3020円"", ""3020〜3580円"", ""3580〜4290円"", ""4290〜5220円"", ""5220〜6490円"", ""6490〜8310円"", ""8310〜11220円"", ""11220〜16240円"", ""16240〜28268円"", ""28268円〜""]","[2.6, 3.9, 5.7, 5.6, 4.9, 5.6, 5.3, 4.6, 5.4, 4.6, 5.5, 5.1, 5.3, 4.6, 4.3, 5.0, 5.3, 5.0, 5.9, 5.7]","[-2.4, -1.1, 0.7, 0.6, -0.1, 0.6, 0.3, -0.4, 0.4, -0.4, 0.5, 0.1, 0.3, -0.4, -0.7, -0.0, 0.3, 0.0, 0.9, 0.7]"
20260815,04,8,1,46.2,"[[""1-2-4"", 0.1237], [""1-2-3"", 0.1012], [""1-2-6"", 0.0278]]",2,20.0,"[[""2-1-4"", 0.0985], [""2-1-3"", 0.0806], [""2-1-6"", 0.0221]]","[[""1-4-2"", 0.0602], [""1-3-2"", 0.0454], [""2-4-1"", 0.0363], [""4-1-2"", 0.0362]]",1-2,0.5118,True,True,0.8218,中,"{""逃げ"": 42.5, ""まくり"": 19.1, ""差し"": 16.7, ""まくり差し"": 13.3, ""抜き"": 7.2, ""恵まれ"": 1.3}","[""0〜600円"", ""600〜750円"", ""750〜900円"", ""900〜1050円"", ""1050〜1220円"", ""1220〜1410円"", ""1410〜1640円"", ""1640〜1890円"", ""1890〜2200円"", ""2200〜2560円"", ""2560〜3020円"", ""3020〜3580円"", ""3580〜4290円"", ""4290〜5220円"", ""5220〜6490円"", ""6490〜8310円"", ""8310〜11220円"", ""11220〜16240円"", ""16240〜28268円"", ""28268円〜""]","[0.7, 1.6, 3.2, 3.0, 4.1, 6.0, 5.3, 5.1, 5.3, 5.8, 5.3, 6.9, 6.3, 5.9, 5.3, 6.0, 7.4, 5.8, 6.1, 5.0]","[-4.3, -3.4, -1.8, -2.0, -0.9, 1.0, 0.3, 0.1, 0.3, 0.8, 0.3, 1.9, 1.3, 0.9, 0.3, 1.0, 2.4, 0.8, 1.1, -0.0]"
20260815,04,9,1,54.1,"[[""1-5-3"", 0.0759], [""1-5-4"", 0.05], [""1-5-2"", 0.0238], [""1-5-6"", 0.0189]]",5,30.9,"[[""5-1-3"", 0.0594], [""5-1-4"", 0.0391], [""5-1-2"", 0.0187], [""5-1-6"", 0.0148]]","[[""1-3-5"", 0.0581], [""3-1-5"", 0.0402], [""5-3-1"", 0.0329], [""3-5-1"", 0.029]]",1-5,0.3372,False,False,0.7866,中,"{""逃げ"": 42.5, ""まくり"": 19.1, ""差し"": 16.7, ""まくり差し"": 13.3, ""抜き"": 7.2, ""恵まれ"": 1.3}","[""0〜600円"", ""600〜750円"", ""750〜900円"", ""900〜1050円"", ""1050〜1220円"", ""1220〜1410円"", ""1410〜1640円"", ""1640〜1890円"", ""1890〜2200円"", ""2200〜2560円"", ""2560〜3020円"", ""3020〜3580円"", ""3580〜4290円"", ""4290〜5220円"", ""5220〜6490円"", ""6490〜8310円"", ""8310〜11220円"", ""11220〜16240円"", ""16240〜28268円"", ""28268円〜""]","[0.7, 1.6, 3.2, 3.0, 4.1, 6.0, 5.3, 5.1, 5.3, 5.8, 5.3, 6.9, 6.3, 5.9, 5.3, 6.0, 7.4, 5.8, 6.1, 5.0]","[-4.3, -3.4, -1.8, -2.0, -0.9, 1.0, 0.3, 0.1, 0.3, 0.8, 0.3, 1.9, 1.3, 0.9, 0.3, 1.0, 2.4, 0.8, 1.1, -0.0]"
20260815,04,10,1,40.6,"[[""1-3-2"", 0.0702], [""1-3-4"", 0.0848], [""1-3-5"", 0.0304], [""1-3-6"", 0.03]]",3,39.9,"[[""3-1-2"", 0.0393], [""3-1-4"", 0.0474], [""3-1-5"", 0.017], [""3-1-6"", 0.0168]]","[[""1-2-3"", 0.0518], [""1-4-3"", 0.0623], [""1-2-4"", 0.0318], [""1-4-2"", 0.0318]]",1-3,0.3595,False,True,0.8218,強,"{""逃げ"": 56.9, ""差し"": 13.0, ""まくり"": 11.9, ""まくり差し"": 10.0, ""抜き"": 7.5, ""恵まれ"": 0.9}","[""0〜600円"", ""600〜750円"", ""750〜900円"", ""900〜1050円"", ""1050〜1220円"", ""1220〜1410円"", ""1410〜1640円"", ""1640〜1890円"", ""1890〜2200円"", ""2200〜2560円"", ""2560〜3020円"", ""3020〜3580円"", ""3580〜4290円"", ""4290〜5220円"", ""5220〜6490円"", ""6490〜8310円"", ""8310〜11220円"", ""11220〜16240円"", ""16240〜28268円"", ""28268円〜""]","[2.6, 3.9, 5.7, 5.6, 4.9, 5.6, 5.3, 4.6, 5.4, 4.6, 5.5, 5.1, 5.3, 4.6, 4.3, 5.0, 5.3, 5.0, 5.9, 5.7]","[-2.4, -1.1, 0.7, 0.6, -0.1, 0.6, 0.3, -0.4, 0.4, -0.4, 0.5, 0.1, 0.3, -0.4, -0.7, -0.0, 0.3, 0.0, 0.9, 0.7]"
20260815,04,11,1,56.0,"[[""1-2-5"", 0.0475], [""1-2-4"", 0.0472], [""1-5-2"", 0.0365], [""1-2-3"", 0.046], [""1-4-2"", 0.0344], [""1-3-2"", 0.0333], [""1-2-6"", 0.0243], [""1-5-4"", 0.0193], [""1-5-3"", 0.0188]]",2,25.7,"[[""2-1-5"", 0.0328], [""2-1-4"", 0.0326], [""2-1-3"", 0.0318], [""2-1-6"", 0.0168]]","[[""5-1-2"", 0.0224], [""4-1-2"", 0.0205], [""2-5-1"", 0.0161], [""3-1-2"", 0.0198]]",,,False,False,0.7866,中,"{""逃げ"": 42.5, ""まくり"": 19.1, ""差し"": 16.7, ""まくり差し"": 13.3, ""抜き"": 7.2, ""恵まれ"": 1.3}","[""0〜600円"", ""600〜750円"", ""750〜900円"", ""900〜1050円"", ""1050〜1220円"", ""1220〜1410円"", ""1410〜1640円"", ""1640〜1890円"", ""1890〜2200円"", ""2200〜2560円"", ""2560〜3020円"", ""3020〜3580円"", ""3580〜4290円"", ""4290〜5220円"", ""5220〜6490円"", ""6490〜8310円"", ""8310〜11220円"", ""11220〜16240円"", ""16240〜28268円"", ""28268円〜""]","[0.7, 1.6, 3.2, 3.0, 4.1, 6.0, 5.3, 5.1, 5.3, 5.8, 5.3, 6.9, 6.3, 5.9, 5.3, 6.0, 7.4, 5.8, 6.1, 5.0]","[-4.3, -3.4, -1.8, -2.0, -0.9, 1.0, 0.3, 0.1, 0.3, 0.8, 0.3, 1.9, 1.3, 0.9, 0.3, 1.0, 2.4, 0.8, 1.1, -0.0]"
20260815,04,12,1,48.6,"[[""1-2-4"", 0.118], [""1-2-3"", 0.0618], [""1-2-5"", 0.0486], [""1-2-6"", 0.0322]]",2,16.6,"[[""2-1-4"", 0.0602], [""2-1-3"", 0.0315], [""2-1-5"", 0.0248], [""2-1-6"", 0.0165]]","[[""1-4-2"", 0.0806], [""4-1-2"", 0.0367], [""1-3-2"", 0.035], [""1-5-2"", 0.0269]]",1-2,0.4419,False,False,0.7866,強,"{""逃げ"": 56.9, ""差し"": 13.0, ""まくり"": 11.9, ""まくり差し"": 10.0, ""抜き"": 7.5, ""恵まれ"": 0.9}","[""0〜600円"", ""600〜750円"", ""750〜900円"", ""900〜1050円"", ""1050〜1220円"", ""1220〜1410円"", ""1410〜1640円"", ""1640〜1890円"", ""1890〜2200円"", ""2200〜2560円"", ""2560〜3020円"", ""3020〜3580円"", ""3580〜4290円"", ""4290〜5220円"", ""5220〜6490円"", ""6490〜8310円"", ""8310〜11220円"", ""11220〜16240円"", ""16240〜28268円"", ""28268円〜""]","[2.6, 3.9, 5.7, 5.6, 4.9, 5.6, 5.3, 4.6, 5.4, 4.6, 5.5, 5.1, 5.3, 4.6, 4.3, 5.0, 5.3, 5.0, 5.9, 5.7]","[-2.4, -1.1, 0.7, 0.6, -0.1, 0.6, 0.3, -0.4, 0.4, -0.4, 0.5, 0.1, 0.3, -0.4, -0.7, -0.0, 0.3, 0.0, 0.9, 0.7]"
20260815,05,1,4,54.8,"[[""4-6-2"", 0.018], [""4-6-1"", 0.0213], [""4-2-6"", 0.0158], [""4-6-3"", 0.0193], [""4-1-6"", 0.0182], [""4-6-5"", 0.017], [""4-3-6"", 0.0162], [""4-5-6"", 0.0139], [""4-2-1"", 0.0123]]",6,29.1,"[[""6-4-2"", 0.017], [""6-4-1"", 0.02], [""6-4-3"", 0.0181], [""6-2-4"", 0.0137], [""6-4-5"", 0.0159], [""6-1-4"", 0.0159]]","[[""2-4-6"", 0.0135], [""2-6-4"", 0.0125], [""1-4-6"", 0.0155], [""1-6-4"", 0.0143]]",,,False,False,0.7866,中,"{""逃げ"": 53.2, ""まくり"": 15.9, ""差し"": 12.8, ""まくり差し"": 11.6, ""抜き"": 5.6, ""恵まれ"": 0.9}","[""0〜600円"", ""600〜750円"", ""750〜900円"", ""900〜1050円"", ""1050〜1220円"", ""1220〜1410円"", ""1410〜1640円"", ""1640〜1890円"", ""1890〜2200円"", ""2200〜2560円"", ""2560〜3020円"", ""3020〜3580円"", ""3580〜4290円"", ""4290〜5220円"", ""5220〜6490円"", ""6490〜8310円"", ""8310〜11220円"", ""11220〜16240円"", ""16240〜28268円"", ""28268円〜""]","[3.7, 4.9, 5.5, 5.5, 4.9, 4.8, 5.4, 4.8, 5.3, 5.4, 4.9, 4.6, 5.0, 5.4, 5.7, 5.0, 4.4, 4.8, 4.7, 5.4]","[-1.3, -0.1, 0.5, 0.5, -0.1, -0.2, 0.4, -0.2, 0.3, 0.4, -0.1, -0.4, 0.0, 0.4, 0.7, -0.0, -0.6, -0.2, -0.3, 0.4]"
20260815,05,2,1,51.5,"[[""1-5-4"", 0.0477], [""1-4-5"", 0.0471], [""1-5-3"", 0.0241], [""1-4-3"", 0.0232], [""1-5-2"", 0.022], [""1-4-2"", 0.0212]]",4,29.3,"[[""4-1-5"", 0.0418], [""4-1-3"", 0.0206], [""4-1-2"", 0.0188]]","[[""5-1-4"", 0.0427], [""5-4-1"", 0.0357], [""4-5-1"", 0.0354], [""5-1-3"", 0.0215]]",,,False,False,0.7866,弱,"{""逃げ"": 34.4, ""まくり"": 25.3, ""差し"": 18.4, ""まくり差し"": 13.2, ""抜き"": 7.8, ""恵まれ"": 0.9}","[""0〜600円"", ""600〜750円"", ""750〜900円"", ""900〜1050円"", ""1050〜1220円"", ""1220〜1410円"", ""1410〜1640円"", ""1640〜1890円"", ""1890〜2200円"", ""2200〜2560円"", ""2560〜3020円"", ""3020〜3580円"", ""3580〜4290円"", ""4290〜5220円"", ""5220〜6490円"", ""6490〜8310円"", ""8310〜11220円"", ""11220〜16240円"", ""16240〜28268円"", ""28268円〜""]","[0.6, 1.9, 2.0, 3.9, 3.2, 5.0, 5.3, 6.1, 6.5, 5.3, 6.5, 6.1, 6.1, 7.0, 6.7, 5.6, 5.8, 6.4, 5.6, 4.3]","[-4.4, -3.1, -3.0, -1.1, -1.8, -0.0, 0.3, 1.1, 1.5, 0.3, 1.5, 1.1, 1.1, 2.0, 1.7, 0.6, 0.8, 1.4, 0.6, -0.7]"
20260815,05,3,2,52.6,"[[""2-1-4"", 0.0502], [""2-4-1"", 0.0471], [""2-1-3"", 0.0374], [""2-4-3"", 0.0311], [""2-1-5"", 0.016], [""2-4-5"", 0.0133]]",4,35.6,"[[""4-2-1"", 0.0398], [""4-2-3"", 0.0262], [""4-2-5"", 0.0113]]","[[""1-2-4"", 0.044], [""1-4-2"", 0.0341], [""4-1-2"", 0.0329], [""1-2-3"", 0.0327]]",,,False,False,0.7866,強,"{""逃げ"": 67.0, ""まくり"": 10.6, ""まくり差し"": 9.3, ""差し"": 8.3, ""抜き"": 4.3, ""恵まれ"": 0.6}","[""0〜600円"", ""600〜750円"", ""750〜900円"", ""900〜1050円"", ""1050〜1220円"", ""1220〜1410円"", ""1410〜1640円"", ""1640〜1890円"", ""1890〜2200円"", ""2200〜2560円"", ""2560〜3020円"", ""3020〜3580円"", ""3580〜4290円"", ""4290〜5220円"", ""5220〜6490円"", ""6490〜8310円"", ""8310〜11220円"", ""11220〜16240円"", ""16240〜28268円"", ""28268円〜""]","[6.9, 7.1, 6.5, 5.8, 5.8, 5.1, 4.8, 5.3, 4.9, 4.4, 4.8, 3.9, 3.9, 4.0, 4.7, 4.0, 3.5, 4.3, 4.9, 5.3]","[1.9, 2.1, 1.5, 0.8, 0.8, 0.1, -0.2, 0.3, -0.1, -0.6, -0.2, -1.1, -1.1, -1.0, -0.3, -1.0, -1.5, -0.7, -0.1, 0.3]"
20260815,05,4,3,50.4,"[[""3-1-2"", 0.0324], [""3-2-1"", 0.0291], [""3-1-5"", 0.0299], [""3-5-1"", 0.0247], [""3-2-5"", 0.0208], [""3-1-6"", 0.0195], [""3-5-2"", 0.0192], [""3-6-1"", 0.0148], [""3-2-6"", 0.0136]]",1,19.2,"[[""1-3-2"", 0.0299], [""1-2-3"", 0.024], [""1-3-5"", 0.0275], [""1-5-3"", 0.0206], [""1-3-6"", 0.0179], [""1-2-5"", 0.0137]]","[[""2-3-1"", 0.0251], [""2-1-3"", 0.0225], [""5-3-1"", 0.0202], [""5-1-3"", 0.0182]]",,,False,True,0.8218,中,"{""逃げ"": 53.2, ""まくり"": 15.9, ""差し"": 12.8, ""まくり差し"": 11.6, ""抜き"": 5.6, ""恵まれ"": 0.9}","[""0〜600円"", ""600〜750円"", ""750〜900円"", ""900〜1050円"", ""1050〜1220円"", ""1220〜1410円"", ""1410〜1640円"", ""1640〜1890円"", ""1890〜2200円"", ""2200〜2560円"", ""2560〜3020円"", ""3020〜3580円"", ""3580〜4290円"", ""4290〜5220円"", ""5220〜6490円"", ""6490〜8310円"", ""8310〜11220円"", ""11220〜16240円"", ""16240〜28268円"", ""28268円〜""]","[3.7, 4.9, 5.5, 5.5, 4.9, 4.8, 5.4, 4.8, 5.3, 5.4, 4.9, 4.6, 5.0, 5.4, 5.7, 5.0, 4.4, 4.8, 4.7, 5.4]","[-1.3, -0.1, 0.5, 0.5, -0.1, -0.2, 0.4, -0.2, 0.3, 0.4, -0.1, -0.4, 0.0, 0.4, 0.7, -0.0, -0.6, -0.2, -0.3, 0.4]"
20260815,05,5,1,56.7,"[[""1-3-5"", 0.0537], [""1-5-3"", 0.0451], [""1-3-2"", 0.053], [""1-5-2"", 0.0314], [""1-3-4"", 0.023], [""1-5-4"", 0.0136]]",3,35.2,"[[""3-1-5"", 0.0438], [""3-1-2"", 0.0432], [""3-1-4"", 0.0188]]","[[""5-1-3"", 0.0336], [""1-2-3"", 0.041], [""3-5-1"", 0.028], [""5-3-1"", 0.0256]]",,,False,False,0.7866,中,"{""逃げ"": 53.2, ""まくり"": 15.9, ""差し"": 12.8, ""まくり差し"": 11.6, ""抜き"": 5.6, ""恵まれ"": 0.9}","[""0〜600円"", ""600〜750円"", ""750〜900円"", ""900〜1050円"", ""1050〜1220円"", ""1220〜1410円"", ""1410〜1640円"", ""1640〜1890円"", ""1890〜2200円"", ""2200〜2560円"", ""2560〜3020円"", ""3020〜3580円"", ""3580〜4290円"", ""4290〜5220円"", ""5220〜6490円"", ""6490〜8310円"", ""8310〜11220円"", ""11220〜16240円"", ""16240〜28268円"", ""28268円〜""]","[3.7, 4.9, 5.5, 5.5, 4.9, 4.8, 5.4, 4.8, 5.3, 5.4, 4.9, 4.6, 5.0, 5.4, 5.7, 5.0, 4.4, 4.8, 4.7, 5.4]","[-1.3, -0.1, 0.5, 0.5, -0.1, -0.2, 0.4, -0.2, 0.3, 0.4, -0.1, -0.4, 0.0, 0.4, 0.7, -0.0, -0.6, -0.2, -0.3, 0.4]"
20260815,05,6,1,40.7,"[[""1-3-5"", 0.0597], [""1-3-2"", 0.0476], [""1-3-4"", 0.0247]]",3,24.4,"[[""3-1-5"", 0.0567], [""3-1-2"", 0.0453], [""3-1-4"", 0.0234]]","[[""1-5-3"", 0.0456], [""3-5-1"", 0.0405], [""5-1-3"", 0.0374], [""5-3-1"", 0.0349]]",1-3,0.2921,False,False,0.7866,弱,"{""逃げ"": 34.4, ""まくり"": 25.3, ""差し"": 18.4, ""まくり差し"": 13.2, ""抜き"": 7.8, ""恵まれ"": 0.9}","[""0〜600円"", ""600〜750円"", ""750〜900円"", ""900〜1050円"", ""1050〜1220円"", ""1220〜1410円"", ""1410〜1640円"", ""1640〜1890円"", ""1890〜2200円"", ""2200〜2560円"", ""2560〜3020円"", ""3020〜3580円"", ""3580〜4290円"", ""4290〜5220円"", ""5220〜6490円"", ""6490〜8310円"", ""8310〜11220円"", ""11220〜16240円"", ""16240〜28268円"", ""28268円〜""]","[0.6, 1.9, 2.0, 3.9, 3.2, 5.0, 5.3, 6.1, 6.5, 5.3, 6.5, 6.1, 6.1, 7.0, 6.7, 5.6, 5.8, 6.4, 5.6, 4.3]","[-4.4, -3.1, -3.0, -1.1, -1.8, -0.0, 0.3, 1.1, 1.5, 0.3, 1.5, 1.1, 1.1, 2.0, 1.7, 0.6, 0.8, 1.4, 0.6, -0.7]"
20260815,05,7,1,45.7,"[[""1-3-2"", 0.1625], [""1-3-4"", 0.0565], [""1-3-5"", 0.0408], [""1-3-6"", 0.0273]]",3,24.1,"[[""3-1-2"", 0.1083], [""3-1-4"", 0.0377], [""3-1-5"", 0.0272], [""3-1-6"", 0.0182]]","[[""1-2-3"", 0.0827], [""2-1-3"", 0.0441], [""3-2-1"", 0.0333], [""2-3-1"", 0.0266]]",1-3,0.5372,True,True,0.8218,中,"{""逃げ"": 53.2, ""まくり"": 15.9, ""差し"": 12.8, ""まくり差し"": 11.6, ""抜き"": 5.6, ""恵まれ"": 0.9}","[""0〜600円"", ""600〜750円"", ""750〜900円"", ""900〜1050円"", ""1050〜1220円"", ""1220〜1410円"", ""1410〜1640円"", ""1640〜1890円"", ""1890〜2200円"", ""2200〜2560円"", ""2560〜3020円"", ""3020〜3580円"", ""3580〜4290円"", ""4290〜5220円"", ""5220〜6490円"", ""6490〜8310円"", ""8310〜11220円"", ""11220〜16240円"", ""16240〜28268円"", ""28268円〜""]","[3.7, 4.9, 5.5, 5.5, 4.9, 4.8, 5.4, 4.8, 5.3, 5.4, 4.9, 4.6, 5.0, 5.4, 5.7, 5.0, 4.4, 4.8, 4.7, 5.4]","[-1.3, -0.1, 0.5, 0.5, -0.1, -0.2, 0.4, -0.2, 0.3, 0.4, -0.1, -0.4, 0.0, 0.4, 0.7, -0.0, -0.6, -0.2, -0.3, 0.4]"
20260815,05,8,1,57.5,"[[""1-6-2"", 0.0851], [""1-2-6"", 0.0812], [""1-6-3"", 0.0634], [""1-2-3"", 0.0551], [""1-6-4"", 0.0267], [""1-2-4"", 0.0232], [""1-6-5"", 0.0193], [""1-2-5"", 0.0168]]",2,44.7,"[[""2-1-6"", 0.0355], [""2-1-3"", 0.0241], [""2-1-4"", 0.0102]]","[[""1-3-6"", 0.0506], [""6-1-2"", 0.0377], [""1-3-2"", 0.0461], [""6-1-3"", 0.0281]]",,,False,False,0.7866,中,"{""逃げ"": 53.2, ""まくり"": 15.9, ""差し"": 12.8, ""まくり差し"": 11.6, ""抜き"": 5.6, ""恵まれ"": 0.9}","[""0〜600円"", ""600〜750円"", ""750〜900円"", ""900〜1050円"", ""1050〜1220円"", ""1220〜1410円"", ""1410〜1640円"", ""1640〜1890円"", ""1890〜2200円"", ""2200〜2560円"", ""2560〜3020円"", ""3020〜3580円"", ""3580〜4290円"", ""4290〜5220円"", ""5220〜6490円"", ""6490〜8310円"", ""8310〜11220円"", ""11220〜16240円"", ""16240〜28268円"", ""28268円〜""]","[3.7, 4.9, 5.5, 5.5, 4.9, 4.8, 5.4, 4.8, 5.3, 5.4, 4.9, 4.6, 5.0, 5.4, 5.7, 5.0, 4.4, 4.8, 4.7, 5.4]","[-1.3, -0.1, 0.5, 0.5, -0.1, -0.2, 0.4, -0.2, 0.3, 0.4, -0.1, -0.4, 0.0, 0.4, 0.7, -0.0, -0.6, -0.2, -0.3, 0.4]"
20260815,05,9,1,50.8,"[[""1-3-4"", 0.1443], [""1-3-2"", 0.0359], [""1-3-6"", 0.029], [""1-3-5"", 0.0205]]",3,29.1,"[[""3-1-4"", 0.0728], [""3-1-2"", 0.0181], [""3-1-6"", 0.0146], [""3-1-5"", 0.0104]]","[[""1-4-3"", 0.1249], [""4-1-3"", 0.0604], [""3-4-1"", 0.0246], [""4-3-1"", 0.0236]]",1-3,0.4045,False,False,0.7866,強,"{""逃げ"": 67.0, ""まくり"": 10.6, ""まくり差し"": 9.3, ""差し"": 8.3, ""抜き"": 4.3, ""恵まれ"": 0.6}","[""0〜600円"", ""600〜750円"", ""750〜900円"", ""900〜1050円"", ""1050〜1220円"", ""1220〜1410円"", ""1410〜1640円"", ""1640〜1890円"", ""1890〜2200円"", ""2200〜2560円"", ""2560〜3020円"", ""3020〜3580円"", ""3580〜4290円"", ""4290〜5220円"", ""5220〜6490円"", ""6490〜8310円"", ""8310〜11220円"", ""11220〜16240円"", ""16240〜28268円"", ""28268円〜""]","[6.9, 7.1, 6.5, 5.8, 5.8, 5.1, 4.8, 5.3, 4.9, 4.4, 4.8, 3.9, 3.9, 4.0, 4.7, 4.0, 3.5, 4.3, 4.9, 5.3]","[1.9, 2.1, 1.5, 0.8, 0.8, 0.1, -0.2, 0.3, -0.1, -0.6, -0.2, -1.1, -1.1, -1.0, -0.3, -1.0, -1.5, -0.7, -0.1, 0.3]"
20260815,05,10,1,50.4,"[[""1-4-2"", 0.1236], [""1-4-3"", 0.0679], [""1-4-5"", 0.0439], [""1-4-6"", 0.0191]]",4,24.7,"[[""4-1-2"", 0.0447], [""4-1-3"", 0.0246], [""4-1-5"", 0.0159]]","[[""1-2-4"", 0.1049], [""2-1-4"", 0.0366], [""1-3-4"", 0.0457], [""1-2-3"", 0.0434]]",1-4,0.3923,False,False,0.7866,中,"{""逃げ"": 53.2, ""まくり"": 15.9, ""差し"": 12.8, ""まくり差し"": 11.6, ""抜き"": 5.6, ""恵まれ"": 0.9}","[""0〜600円"", ""600〜750円"", ""750〜900円"", ""900〜1050円"", ""1050〜1220円"", ""1220〜1410円"", ""1410〜1640円"", ""1640〜1890円"", ""1890〜2200円"", ""2200〜2560円"", ""2560〜3020円"", ""3020〜3580円"", ""3580〜4290円"", ""4290〜5220円"", ""5220〜6490円"", ""6490〜8310円"", ""8310〜11220円"", ""11220〜16240円"", ""16240〜28268円"", ""28268円〜""]","[3.7, 4.9, 5.5, 5.5, 4.9, 4.8, 5.4, 4.8, 5.3, 5.4, 4.9, 4.6, 5.0, 5.4, 5.7, 5.0, 4.4, 4.8, 4.7, 5.4]","[-1.3, -0.1, 0.5, 0.5, -0.1, -0.2, 0.4, -0.2, 0.3, 0.4, -0.1, -0.4, 0.0, 0.4, 0.7, -0.0, -0.6, -0.2, -0.3, 0.4]"
20260815,05,11,1,55.0,"[[""1-2-5"", 0.1159], [""1-2-4"", 0.1173], [""1-2-3"", 0.0777], [""1-2-6"", 0.0362]]",2,34.5,"[[""2-1-5"", 0.0221], [""2-1-4"", 0.0223], [""2-1-3"", 0.0148]]","[[""1-5-2"", 0.0794], [""1-4-2"", 0.0763], [""1-3-2"", 0.0473], [""1-5-4"", 0.0369]]",1-2,0.4507,False,False,0.7866,強,"{""逃げ"": 67.0, ""まくり"": 10.6, ""まくり差し"": 9.3, ""差し"": 8.3, ""抜き"": 4.3, ""恵まれ"": 0.6}","[""0〜600円"", ""600〜750円"", ""750〜900円"", ""900〜1050円"", ""1050〜1220円"", ""1220〜1410円"", ""1410〜1640円"", ""1640〜1890円"", ""1890〜2200円"", ""2200〜2560円"", ""2560〜3020円"", ""3020〜3580円"", ""3580〜4290円"", ""4290〜5220円"", ""5220〜6490円"", ""6490〜8310円"", ""8310〜11220円"", ""11220〜16240円"", ""16240〜28268円"", ""28268円〜""]","[6.9, 7.1, 6.5, 5.8, 5.8, 5.1, 4.8, 5.3, 4.9, 4.4, 4.8, 3.9, 3.9, 4.0, 4.7, 4.0, 3.5, 4.3, 4.9, 5.3]","[1.9, 2.1, 1.5, 0.8, 0.8, 0.1, -0.2, 0.3, -0.1, -0.6, -0.2, -1.1, -1.1, -1.0, -0.3, -1.0, -1.5, -0.7, -0.1, 0.3]"
20260815,05,12,1,55.7,"[[""1-3-4"", 0.0704], [""1-4-3"", 0.0592], [""1-3-2"", 0.0624], [""1-3-5"", 0.0487], [""1-2-3"", 0.0477], [""1-5-3"", 0.0356], [""1-4-2"", 0.0353], [""1-2-4"", 0.0321], [""1-3-6"", 0.0296]]",3,32.3,"[[""3-1-4"", 0.0303], [""3-1-2"", 0.0268], [""3-1-5"", 0.0209], [""3-1-6"", 0.0127]]","[[""4-1-3"", 0.0242], [""1-4-5"", 0.0276], [""1-5-4"", 0.024], [""1-6-3"", 0.0204]]",,,False,False,0.7866,強,"{""逃げ"": 67.0, ""まくり"": 10.6, ""まくり差し"": 9.3, ""差し"": 8.3, ""抜き"": 4.3, ""恵まれ"": 0.6}","[""0〜600円"", ""600〜750円"", ""750〜900円"", ""900〜1050円"", ""1050〜1220円"", ""1220〜1410円"", ""1410〜1640円"", ""1640〜1890円"", ""1890〜2200円"", ""2200〜2560円"", ""2560〜3020円"", ""3020〜3580円"", ""3580〜4290円"", ""4290〜5220円"", ""5220〜6490円"", ""6490〜8310円"", ""8310〜11220円"", ""11220〜16240円"", ""16240〜28268円"", ""28268円〜""]","[6.9, 7.1, 6.5, 5.8, 5.8, 5.1, 4.8, 5.3, 4.9, 4.4, 4.8, 3.9, 3.9, 4.0, 4.7, 4.0, 3.5, 4.3, 4.9, 5.3]","[1.9, 2.1, 1.5, 0.8, 0.8, 0.1, -0.2, 0.3, -0.1, -0.6, -0.2, -1.1, -1.1, -1.0, -0.3, -1.0, -1.5, -0.7, -0.1, 0.3]"
20260815,06,1,1,41.4,"[[""1-2-3"", 0.0442], [""1-2-5"", 0.0471], [""1-3-2"", 0.0386], [""1-5-2"", 0.0396], [""1-2-6"", 0.0386], [""1-6-2"", 0.031], [""1-3-5"", 0.0288], [""1-5-3"", 0.0277], [""1-3-6"", 0.0235]]",2,36.3,"[[""2-1-3"", 0.0274], [""2-1-5"", 0.0292], [""2-1-6"", 0.0239], [""2-1-4"", 0.0117]]","[[""3-1-2"", 0.0226], [""5-1-2"", 0.0228], [""1-6-3"", 0.0217], [""1-5-6"", 0.0199]]",,,False,True,0.8218,弱,"{""逃げ"": 33.8, ""まくり差し"": 18.8, ""まくり"": 19.8, ""差し"": 18.7, ""抜き"": 7.7, ""恵まれ"": 1.1}","[""0〜600円"", ""600〜750円"", ""750〜900円"", ""900〜1050円"", ""1050〜1220円"", ""1220〜1410円"", ""1410〜1640円"", ""1640〜1890円"", ""1890〜2200円"", ""2200〜2560円"", ""2560〜3020円"", ""3020〜3580円"", ""3580〜4290円"", ""4290〜5220円"", ""5220〜6490円"", ""6490〜8310円"", ""8310〜11220円"", ""11220〜16240円"", ""16240〜28268円"", ""28268円〜""]","[0.9, 1.5, 3.2, 3.1, 4.7, 4.0, 4.9, 4.8, 6.0, 6.0, 5.4, 7.0, 6.9, 6.2, 7.1, 6.7, 5.6, 6.2, 5.6, 4.3]","[-4.1, -3.5, -1.8, -1.9, -0.3, -1.0, -0.1, -0.2, 1.0, 1.0, 0.4, 2.0, 1.9, 1.2, 2.1, 1.7, 0.6, 1.2, 0.6, -0.7]"
20260815,06,2,3,59.0,"[[""3-5-1"", 0.0201], [""3-5-4"", 0.0243], [""3-1-5"", 0.0188], [""3-5-2"", 0.0231], [""3-4-5"", 0.0224], [""3-2-5"", 0.0211], [""3-1-4"", 0.0189], [""3-4-1"", 0.0186], [""3-1-2"", 0.018]]",1,43.3,"[[""1-3-5"", 0.0162], [""1-5-3"", 0.0141], [""1-3-4"", 0.0162], [""1-3-2"", 0.0155], [""1-4-3"", 0.0132], [""1-2-3"", 0.0125]]","[[""5-3-1"", 0.018], [""5-3-4"", 0.0218], [""5-3-2"", 0.0207], [""4-3-5"", 0.0191]]",,,False,False,0.7866,強,"{""逃げ"": 63.9, ""まくり差し"": 12.9, ""まくり"": 9.1, ""差し"": 7.0, ""抜き"": 6.1, ""恵まれ"": 1.2}","[""0〜600円"", ""600〜750円"", ""750〜900円"", ""900〜1050円"", ""1050〜1220円"", ""1220〜1410円"", ""1410〜1640円"", ""1640〜1890円"", ""1890〜2200円"", ""2200〜2560円"", ""2560〜3020円"", ""3020〜3580円"", ""3580〜4290円"", ""4290〜5220円"", ""5220〜6490円"", ""6490〜8310円"", ""8310〜11220円"", ""11220〜16240円"", ""16240〜28268円"", ""28268円〜""]","[7.4, 7.3, 6.1, 5.9, 6.0, 5.3, 4.7, 5.1, 4.3, 5.3, 4.6, 4.0, 4.1, 3.8, 4.4, 3.4, 4.1, 4.0, 4.3, 6.0]","[2.4, 2.3, 1.1, 0.9, 1.0, 0.3, -0.3, 0.1, -0.7, 0.3, -0.4, -1.0, -0.9, -1.2, -0.6, -1.6, -0.9, -1.0, -0.7, 1.0]"
20260815,06,3,1,43.5,"[[""1-3-6"", 0.0339], [""1-6-3"", 0.0306], [""1-3-2"", 0.0347], [""1-3-5"", 0.0297], [""1-2-3"", 0.0294], [""1-5-3"", 0.0244], [""1-6-2"", 0.0238], [""1-2-6"", 0.0224], [""1-6-5"", 0.0204]]",3,29.6,"[[""3-1-6"", 0.0258], [""3-1-2"", 0.0263], [""3-1-5"", 0.0226], [""3-1-4"", 0.0114]]","[[""6-1-3"", 0.022], [""3-6-1"", 0.0164], [""2-1-3"", 0.0204], [""6-3-1"", 0.0155]]",,,False,False,0.7866,弱,"{""逃げ"": 33.8, ""まくり差し"": 18.8, ""まくり"": 19.8, ""差し"": 18.7, ""抜き"": 7.7, ""恵まれ"": 1.1}","[""0〜600円"", ""600〜750円"", ""750〜900円"", ""900〜1050円"", ""1050〜1220円"", ""1220〜1410円"", ""1410〜1640円"", ""1640〜1890円"", ""1890〜2200円"", ""2200〜2560円"", ""2560〜3020円"", ""3020〜3580円"", ""3580〜4290円"", ""4290〜5220円"", ""5220〜6490円"", ""6490〜8310円"", ""8310〜11220円"", ""11220〜16240円"", ""16240〜28268円"", ""28268円〜""]","[0.9, 1.5, 3.2, 3.1, 4.7, 4.0, 4.9, 4.8, 6.0, 6.0, 5.4, 7.0, 6.9, 6.2, 7.1, 6.7, 5.6, 6.2, 5.6, 4.3]","[-4.1, -3.5, -1.8, -1.9, -0.3, -1.0, -0.1, -0.2, 1.0, 1.0, 0.4, 2.0, 1.9, 1.2, 2.1, 1.7, 0.6, 1.2, 0.6, -0.7]"
20260815,06,4,1,55.6,"[[""1-5-3"", 0.0968], [""1-3-5"", 0.0898], [""1-5-4"", 0.0975], [""1-4-5"", 0.0832], [""1-3-4"", 0.0768], [""1-4-3"", 0.0707], [""1-5-2"", 0.0307], [""1-5-6"", 0.0259], [""1-3-2"", 0.0241]]",3,46.6,"[[""3-1-5"", 0.0184], [""3-1-4"", 0.0157]]","[[""5-1-3"", 0.02], [""1-2-5"", 0.0217], [""1-3-6"", 0.0204], [""5-1-4"", 0.0202]]",,,False,False,0.7866,強,"{""逃げ"": 63.9, ""まくり差し"": 12.9, ""まくり"": 9.1, ""差し"": 7.0, ""抜き"": 6.1, ""恵まれ"": 1.2}","[""0〜600円"", ""600〜750円"", ""750〜900円"", ""900〜1050円"", ""1050〜1220円"", ""1220〜1410円"", ""1410〜1640円"", ""1640〜1890円"", ""1890〜2200円"", ""2200〜2560円"", ""2560〜3020円"", ""3020〜3580円"", ""3580〜4290円"", ""4290〜5220円"", ""5220〜6490円"", ""6490〜8310円"", ""8310〜11220円"", ""11220〜16240円"", ""16240〜28268円"", ""28268円〜""]","[7.4, 7.3, 6.1, 5.9, 6.0, 5.3, 4.7, 5.1, 4.3, 5.3, 4.6, 4.0, 4.1, 3.8, 4.4, 3.4, 4.1, 4.0, 4.3, 6.0]","[2.4, 2.3, 1.1, 0.9, 1.0, 0.3, -0.3, 0.1, -0.7, 0.3, -0.4, -1.0, -0.9, -1.2, -0.6, -1.6, -0.9, -1.0, -0.7, 1.0]"
20260815,06,5,1,49.6,"[[""1-6-5"", 0.047], [""1-5-6"", 0.046], [""1-6-2"", 0.0454], [""1-5-2"", 0.0419], [""1-2-6"", 0.0407], [""1-2-5"", 0.0384], [""1-6-3"", 0.0282], [""1-5-3"", 0.026], [""1-3-6"", 0.0229]]",6,34.2,"[[""6-1-5"", 0.0261], [""6-1-2"", 0.0252], [""6-1-3"", 0.0156], [""6-1-4"", 0.0109]]","[[""5-1-6"", 0.0253], [""5-1-2"", 0.0231], [""1-3-5"", 0.0216], [""2-1-6"", 0.0216]]",,,False,False,0.7866,中,"{""逃げ"": 50.8, ""まくり差し"": 15.1, ""まくり"": 14.9, ""差し"": 11.4, ""抜き"": 6.5, ""恵まれ"": 1.4}","[""0〜600円"", ""600〜750円"", ""750〜900円"", ""900〜1050円"", ""1050〜1220円"", ""1220〜1410円"", ""1410〜1640円"", ""1640〜1890円"", ""1890〜2200円"", ""2200〜2560円"", ""2560〜3020円"", ""3020〜3580円"", ""3580〜4290円"", ""4290〜5220円"", ""5220〜6490円"", ""6490〜8310円"", ""8310〜11220円"", ""11220〜16240円"", ""16240〜28268円"", ""28268円〜""]","[4.1, 5.0, 5.0, 4.1, 5.7, 5.9, 5.4, 5.2, 5.2, 4.6, 4.6, 4.5, 5.5, 4.7, 4.3, 5.4, 4.6, 5.7, 5.1, 5.4]","[-0.9, -0.0, -0.0, -0.9, 0.7, 0.9, 0.4, 0.2, 0.2, -0.4, -0.4, -0.5, 0.5, -0.3, -0.7, 0.4, -0.4, 0.7, 0.1, 0.4]"
20260815,06,6,1,47.2,"[[""1-3-5"", 0.0807], [""1-5-3"", 0.0687], [""1-3-2"", 0.0592], [""1-3-6"", 0.0455], [""1-5-2"", 0.0361], [""1-5-6"", 0.0277], [""1-3-4"", 0.0237], [""1-5-4"", 0.0144]]",3,31.6,"[[""3-1-5"", 0.0377], [""3-1-2"", 0.0277], [""3-1-6"", 0.0212], [""3-1-4"", 0.0111]]","[[""1-2-3"", 0.0434], [""5-1-3"", 0.0305], [""1-6-3"", 0.0319], [""1-2-5"", 0.0311]]",,,False,False,0.7866,中,"{""逃げ"": 50.8, ""まくり差し"": 15.1, ""まくり"": 14.9, ""差し"": 11.4, ""抜き"": 6.5, ""恵まれ"": 1.4}","[""0〜600円"", ""600〜750円"", ""750〜900円"", ""900〜1050円"", ""1050〜1220円"", ""1220〜1410円"", ""1410〜1640円"", ""1640〜1890円"", ""1890〜2200円"", ""2200〜2560円"", ""2560〜3020円"", ""3020〜3580円"", ""3580〜4290円"", ""4290〜5220円"", ""5220〜6490円"", ""6490〜8310円"", ""8310〜11220円"", ""11220〜16240円"", ""16240〜28268円"", ""28268円〜""]","[4.1, 5.0, 5.0, 4.1, 5.7, 5.9, 5.4, 5.2, 5.2, 4.6, 4.6, 4.5, 5.5, 4.7, 4.3, 5.4, 4.6, 5.7, 5.1, 5.4]","[-0.9, -0.0, -0.0, -0.9, 0.7, 0.9, 0.4, 0.2, 0.2, -0.4, -0.4, -0.5, 0.5, -0.3, -0.7, 0.4, -0.4, 0.7, 0.1, 0.4]"
20260815,06,7,1,43.5,"[[""1-3-6"", 0.0439], [""1-6-3"", 0.0385], [""1-3-2"", 0.04], [""1-2-3"", 0.032], [""1-6-2"", 0.0257], [""1-3-4"", 0.0256], [""1-2-6"", 0.0234], [""1-3-5"", 0.0234], [""1-4-3"", 0.0189]]",3,29.6,"[[""3-1-6"", 0.0319], [""3-1-2"", 0.029], [""3-1-4"", 0.0185], [""3-1-5"", 0.017]]","[[""6-1-3"", 0.0262], [""3-6-1"", 0.0186], [""6-3-1"", 0.0174], [""2-1-3"", 0.0207]]",,,False,False,0.7866,中,"{""逃げ"": 50.8, ""まくり差し"": 15.1, ""まくり"": 14.9, ""差し"": 11.4, ""抜き"": 6.5, ""恵まれ"": 1.4}","[""0〜600円"", ""600〜750円"", ""750〜900円"", ""900〜1050円"", ""1050〜1220円"", ""1220〜1410円"", ""1410〜1640円"", ""1640〜1890円"", ""1890〜2200円"", ""2200〜2560円"", ""2560〜3020円"", ""3020〜3580円"", ""3580〜4290円"", ""4290〜5220円"", ""5220〜6490円"", ""6490〜8310円"", ""8310〜11220円"", ""11220〜16240円"", ""16240〜28268円"", ""28268円〜""]","[4.1, 5.0, 5.0, 4.1, 5.7, 5.9, 5.4, 5.2, 5.2, 4.6, 4.6, 4.5, 5.5, 4.7, 4.3, 5.4, 4.6, 5.7, 5.1, 5.4]","[-0.9, -0.0, -0.0, -0.9, 0.7, 0.9, 0.4, 0.2, 0.2, -0.4, -0.4, -0.5, 0.5, -0.3, -0.7, 0.4, -0.4, 0.7, 0.1, 0.4]"
20260815,06,8,1,53.2,"[[""1-4-3"", 0.1519], [""1-4-5"", 0.0547], [""1-4-6"", 0.0377], [""1-4-2"", 0.0296]]",4,29.6,"[[""4-1-3"", 0.0419], [""4-1-5"", 0.0151], [""4-1-6"", 0.0104]]","[[""1-3-4"", 0.1372], [""3-1-4"", 0.0373], [""1-3-5"", 0.0421], [""1-5-4"", 0.0354]]",1-4,0.4019,False,False,0.7866,強,"{""逃げ"": 63.9, ""まくり差し"": 12.9, ""まくり"": 9.1, ""差し"": 7.0, ""抜き"": 6.1, ""恵まれ"": 1.2}","[""0〜600円"", ""600〜750円"", ""750〜900円"", ""900〜1050円"", ""1050〜1220円"", ""1220〜1410円"", ""1410〜1640円"", ""1640〜1890円"", ""1890〜2200円"", ""2200〜2560円"", ""2560〜3020円"", ""3020〜3580円"", ""3580〜4290円"", ""4290〜5220円"", ""5220〜6490円"", ""6490〜8310円"", ""8310〜11220円"", ""11220〜16240円"", ""16240〜28268円"", ""28268円〜""]","[7.4, 7.3, 6.1, 5.9, 6.0, 5.3, 4.7, 5.1, 4.3, 5.3, 4.6, 4.0, 4.1, 3.8, 4.4, 3.4, 4.1, 4.0, 4.3, 6.0]","[2.4, 2.3, 1.1, 0.9, 1.0, 0.3, -0.3, 0.1, -0.7, 0.3, -0.4, -1.0, -0.9, -1.2, -0.6, -1.6, -0.9, -1.0, -0.7, 1.0]"
20260815,06,9,1,59.0,"[[""1-2-4"", 0.0465], [""1-4-2"", 0.0464], [""1-2-6"", 0.0472], [""1-4-6"", 0.0467], [""1-6-2"", 0.0442], [""1-6-4"", 0.0438], [""1-2-3"", 0.0437], [""1-4-3"", 0.0432], [""1-3-2"", 0.0402]]",2,46.6,"[[""2-1-4"", 0.013], [""2-1-6"", 0.0132], [""2-1-3"", 0.0122]]","[[""1-3-4"", 0.0398], [""1-6-3"", 0.0324], [""1-2-5"", 0.0322], [""1-4-5"", 0.0319]]",,,False,False,0.7866,強,"{""逃げ"": 63.9, ""まくり差し"": 12.9, ""まくり"": 9.1, ""差し"": 7.0, ""抜き"": 6.1, ""恵まれ"": 1.2}","[""0〜600円"", ""600〜750円"", ""750〜900円"", ""900〜1050円"", ""1050〜1220円"", ""1220〜1410円"", ""1410〜1640円"", ""1640〜1890円"", ""1890〜2200円"", ""2200〜2560円"", ""2560〜3020円"", ""3020〜3580円"", ""3580〜4290円"", ""4290〜5220円"", ""5220〜6490円"", ""6490〜8310円"", ""8310〜11220円"", ""11220〜16240円"", ""16240〜28268円"", ""28268円〜""]","[7.4, 7.3, 6.1, 5.9, 6.0, 5.3, 4.7, 5.1, 4.3, 5.3, 4.6, 4.0, 4.1, 3.8, 4.4, 3.4, 4.1, 4.0, 4.3, 6.0]","[2.4, 2.3, 1.1, 0.9, 1.0, 0.3, -0.3, 0.1, -0.7, 0.3, -0.4, -1.0, -0.9, -1.2, -0.6, -1.6, -0.9, -1.0, -0.7, 1.0]"
20260815,06,10,1,54.9,"[[""1-2-4"", 0.0793], [""1-2-3"", 0.0897], [""1-4-2"", 0.0687], [""1-3-2"", 0.0749], [""1-4-3"", 0.0558], [""1-3-4"", 0.0538], [""1-2-6"", 0.0441], [""1-6-2"", 0.0321], [""1-4-6"", 0.0274]]",2,28.3,"[[""2-1-4"", 0.0234], [""2-1-3"", 0.0265], [""2-1-6"", 0.013]]","[[""4-1-2"", 0.0197], [""1-2-5"", 0.0236], [""1-3-6"", 0.0235], [""1-6-4"", 0.023]]",,,False,False,0.7866,強,"{""逃げ"": 63.9, ""まくり差し"": 12.9, ""まくり"": 9.1, ""差し"": 7.0, ""抜き"": 6.1, ""恵まれ"": 1.2}","[""0〜600円"", ""600〜750円"", ""750〜900円"", ""900〜1050円"", ""1050〜1220円"", ""1220〜1410円"", ""1410〜1640円"", ""1640〜1890円"", ""1890〜2200円"", ""2200〜2560円"", ""2560〜3020円"", ""3020〜3580円"", ""3580〜4290円"", ""4290〜5220円"", ""5220〜6490円"", ""6490〜8310円"", ""8310〜11220円"", ""11220〜16240円"", ""16240〜28268円"", ""28268円〜""]","[7.4, 7.3, 6.1, 5.9, 6.0, 5.3, 4.7, 5.1, 4.3, 5.3, 4.6, 4.0, 4.1, 3.8, 4.4, 3.4, 4.1, 4.0, 4.3, 6.0]","[2.4, 2.3, 1.1, 0.9, 1.0, 0.3, -0.3, 0.1, -0.7, 0.3, -0.4, -1.0, -0.9, -1.2, -0.6, -1.6, -0.9, -1.0, -0.7, 1.0]"
20260815,06,11,1,49.5,"[[""1-2-3"", 0.1231], [""1-2-5"", 0.0604], [""1-2-4"", 0.0515], [""1-2-6"", 0.0158]]",2,26.9,"[[""2-1-3"", 0.0433], [""2-1-5"", 0.0213], [""2-1-4"", 0.0181]]","[[""1-3-2"", 0.1089], [""3-1-2"", 0.0373], [""1-3-5"", 0.0431], [""1-5-2"", 0.0416]]",1-2,0.3751,False,True,0.8218,強,"{""逃げ"": 63.9, ""まくり差し"": 12.9, ""まくり"": 9.1, ""差し"": 7.0, ""抜き"": 6.1, ""恵まれ"": 1.2}","[""0〜600円"", ""600〜750円"", ""750〜900円"", ""900〜1050円"", ""1050〜1220円"", ""1220〜1410円"", ""1410〜1640円"", ""1640〜1890円"", ""1890〜2200円"", ""2200〜2560円"", ""2560〜3020円"", ""3020〜3580円"", ""3580〜4290円"", ""4290〜5220円"", ""5220〜6490円"", ""6490〜8310円"", ""8310〜11220円"", ""11220〜16240円"", ""16240〜28268円"", ""28268円〜""]","[7.4, 7.3, 6.1, 5.9, 6.0, 5.3, 4.7, 5.1, 4.3, 5.3, 4.6, 4.0, 4.1, 3.8, 4.4, 3.4, 4.1, 4.0, 4.3, 6.0]","[2.4, 2.3, 1.1, 0.9, 1.0, 0.3, -0.3, 0.1, -0.7, 0.3, -0.4, -1.0, -0.9, -1.2, -0.6, -1.6, -0.9, -1.0, -0.7, 1.0]"
20260815,06,12,1,54.2,"[[""1-3-2"", 0.0598], [""1-2-3"", 0.0537], [""1-3-5"", 0.0559], [""1-5-3"", 0.0466], [""1-3-4"", 0.0443], [""1-2-5"", 0.0382], [""1-5-2"", 0.0355], [""1-4-3"", 0.0352], [""1-2-4"", 0.0303]]",3,34.4,"[[""3-1-2"", 0.0268], [""3-1-5"", 0.025], [""3-1-4"", 0.0198], [""3-1-6"", 0.0113]]","[[""2-1-3"", 0.0232], [""1-4-2"", 0.0268], [""1-3-6"", 0.0253], [""1-5-4"", 0.0216]]",,,False,True,0.8218,強,"{""逃げ"": 63.9, ""まくり差し"": 12.9, ""まくり"": 9.1, ""差し"": 7.0, ""抜き"": 6.1, ""恵まれ"": 1.2}","[""0〜600円"", ""600〜750円"", ""750〜900円"", ""900〜1050円"", ""1050〜1220円"", ""1220〜1410円"", ""1410〜1640円"", ""1640〜1890円"", ""1890〜2200円"", ""2200〜2560円"", ""2560〜3020円"", ""3020〜3580円"", ""3580〜4290円"", ""4290〜5220円"", ""5220〜6490円"", ""6490〜8310円"", ""8310〜11220円"", ""11220〜16240円"", ""16240〜28268円"", ""28268円〜""]","[7.4, 7.3, 6.1, 5.9, 6.0, 5.3, 4.7, 5.1, 4.3, 5.3, 4.6, 4.0, 4.1, 3.8, 4.4, 3.4, 4.1, 4.0, 4.3, 6.0]","[2.4, 2.3, 1.1, 0.9, 1.0, 0.3, -0.3, 0.1, -0.7, 0.3, -0.4, -1.0, -0.9, -1.2, -0.6, -1.6, -0.9, -1.0, -0.7, 1.0]"
20260815,07,1,3,43.5,"[[""3-2-1"", 0.0227], [""3-1-2"", 0.0219], [""3-2-5"", 0.0191], [""3-1-5"", 0.0168], [""3-5-2"", 0.0164], [""3-2-4"", 0.0164], [""3-5-1"", 0.015], [""3-1-4"", 0.0145], [""3-4-2"", 0.0137]]",5,32.4,"[[""5-3-2"", 0.0147], [""5-2-3"", 0.0147], [""5-3-1"", 0.0135], [""5-2-1"", 0.0132], [""5-1-3"", 0.013], [""5-1-2"", 0.0128]]","[[""2-3-1"", 0.0226], [""2-1-3"", 0.0217], [""1-3-2"", 0.0213], [""1-2-3"", 0.0211]]",,,False,True,0.8218,中,"{""逃げ"": 54.5, ""まくり"": 16.2, ""まくり差し"": 14.2, ""差し"": 9.2, ""抜き"": 5.5, ""恵まれ"": 0.5}","[""0〜600円"", ""600〜750円"", ""750〜900円"", ""900〜1050円"", ""1050〜1220円"", ""1220〜1410円"", ""1410〜1640円"", ""1640〜1890円"", ""1890〜2200円"", ""2200〜2560円"", ""2560〜3020円"", ""3020〜3580円"", ""3580〜4290円"", ""4290〜5220円"", ""5220〜6490円"", ""6490〜8310円"", ""8310〜11220円"", ""11220〜16240円"", ""16240〜28268円"", ""28268円〜""]","[5.3, 6.3, 5.5, 4.8, 5.8, 4.9, 5.9, 4.8, 4.8, 4.6, 5.5, 5.3, 4.3, 4.3, 4.5, 4.1, 5.6, 4.1, 5.2, 4.5]","[0.3, 1.3, 0.5, -0.2, 0.8, -0.1, 0.9, -0.2, -0.2, -0.4, 0.5, 0.3, -0.7, -0.7, -0.5, -0.9, 0.6, -0.9, 0.2, -0.5]"
20260815,07,2,1,42.6,"[[""1-2-3"", 0.076], [""1-2-5"", 0.0309], [""1-2-6"", 0.0242], [""1-2-4"", 0.0179]]",2,27.2,"[[""2-1-3"", 0.0695], [""2-1-5"", 0.0283], [""2-1-6"", 0.0221], [""2-1-4"", 0.0163]]","[[""1-3-2"", 0.0583], [""2-3-1"", 0.047], [""3-1-2"", 0.0464], [""3-2-1"", 0.0409]]",1-2,0.3168,False,True,0.8218,弱,"{""逃げ"": 34.9, ""まくり"": 26.0, ""まくり差し"": 16.1, ""差し"": 15.1, ""抜き"": 7.1, ""恵まれ"": 0.8}","[""0〜600円"", ""600〜750円"", ""750〜900円"", ""900〜1050円"", ""1050〜1220円"", ""1220〜1410円"", ""1410〜1640円"", ""1640〜1890円"", ""1890〜2200円"", ""2200〜2560円"", ""2560〜3020円"", ""3020〜3580円"", ""3580〜4290円"", ""4290〜5220円"", ""5220〜6490円"", ""6490〜8310円"", ""8310〜11220円"", ""11220〜16240円"", ""16240〜28268円"", ""28268円〜""]","[0.9, 2.8, 3.2, 4.1, 4.2, 4.8, 6.0, 5.3, 6.0, 5.1, 5.1, 6.2, 5.4, 6.5, 7.6, 6.7, 5.7, 5.7, 5.3, 3.3]","[-4.1, -2.2, -1.8, -0.9, -0.8, -0.2, 1.0, 0.3, 1.0, 0.1, 0.1, 1.2, 0.4, 1.5, 2.6, 1.7, 0.7, 0.7, 0.3, -1.7]"
20260815,07,3,1,48.3,"[[""1-2-6"", 0.0691], [""1-2-3"", 0.0861], [""1-6-2"", 0.0543], [""1-3-2"", 0.0673], [""1-6-3"", 0.0395], [""1-3-6"", 0.0393], [""1-2-4"", 0.0384], [""1-4-2"", 0.0258], [""1-2-5"", 0.0177]]",2,27.3,"[[""2-1-6"", 0.0346], [""2-1-3"", 0.0432], [""2-1-4"", 0.0193]]","[[""6-1-2"", 0.0251], [""3-1-2"", 0.0311], [""6-1-3"", 0.0183], [""3-1-6"", 0.0181]]",,,False,False,0.7866,強,"{""逃げ"": 68.6, ""まくり差し"": 11.8, ""まくり"": 9.6, ""差し"": 4.8, ""抜き"": 4.1, ""恵まれ"": 1.0}","[""0〜600円"", ""600〜750円"", ""750〜900円"", ""900〜1050円"", ""1050〜1220円"", ""1220〜1410円"", ""1410〜1640円"", ""1640〜1890円"", ""1890〜2200円"", ""2200〜2560円"", ""2560〜3020円"", ""3020〜3580円"", ""3580〜4290円"", ""4290〜5220円"", ""5220〜6490円"", ""6490〜8310円"", ""8310〜11220円"", ""11220〜16240円"", ""16240〜28268円"", ""28268円〜""]","[9.4, 8.0, 6.8, 5.7, 5.6, 5.4, 5.2, 5.2, 4.6, 5.0, 5.2, 3.8, 3.8, 4.0, 3.2, 3.9, 3.3, 3.6, 3.9, 4.5]","[4.4, 3.0, 1.8, 0.7, 0.6, 0.4, 0.2, 0.2, -0.4, 0.0, 0.2, -1.2, -1.2, -1.0, -1.8, -1.1, -1.7, -1.4, -1.1, -0.5]"
20260815,07,4,1,54.1,"[[""1-2-5"", 0.1253], [""1-2-3"", 0.0483], [""1-2-4"", 0.0254]]",2,32.1,"[[""2-1-5"", 0.0859], [""2-1-3"", 0.0331], [""2-1-4"", 0.0174]]","[[""1-5-2"", 0.098], [""5-1-2"", 0.0611], [""2-5-1"", 0.0395], [""5-2-1"", 0.0359]]",1-2,0.3995,False,False,0.7866,中,"{""逃げ"": 54.5, ""まくり"": 16.2, ""まくり差し"": 14.2, ""差し"": 9.2, ""抜き"": 5.5, ""恵まれ"": 0.5}","[""0〜600円"", ""600〜750円"", ""750〜900円"", ""900〜1050円"", ""1050〜1220円"", ""1220〜1410円"", ""1410〜1640円"", ""1640〜1890円"", ""1890〜2200円"", ""2200〜2560円"", ""2560〜3020円"", ""3020〜3580円"", ""3580〜4290円"", ""4290〜5220円"", ""5220〜6490円"", ""6490〜8310円"", ""8310〜11220円"", ""11220〜16240円"", ""16240〜28268円"", ""28268円〜""]","[5.3, 6.3, 5.5, 4.8, 5.8, 4.9, 5.9, 4.8, 4.8, 4.6, 5.5, 5.3, 4.3, 4.3, 4.5, 4.1, 5.6, 4.1, 5.2, 4.5]","[0.3, 1.3, 0.5, -0.2, 0.8, -0.1, 0.9, -0.2, -0.2, -0.4, 0.5, 0.3, -0.7, -0.7, -0.5, -0.9, 0.6, -0.9, 0.2, -0.5]"
20260815,07,5,1,55.1,"[[""1-5-6"", 0.0695], [""1-6-5"", 0.0566], [""1-5-3"", 0.0465], [""1-5-2"", 0.0363], [""1-5-4"", 0.0311], [""1-6-3"", 0.0249], [""1-6-2"", 0.0194], [""1-6-4"", 0.0167]]",5,35.1,"[[""5-1-6"", 0.0427], [""5-1-3"", 0.0286], [""5-1-2"", 0.0223], [""5-1-4"", 0.0191]]","[[""6-1-5"", 0.0321], [""1-3-5"", 0.0324], [""1-2-5"", 0.0244], [""5-6-1"", 0.0188]]",,,False,False,0.7866,中,"{""逃げ"": 54.5, ""まくり"": 16.2, ""まくり差し"": 14.2, ""差し"": 9.2, ""抜き"": 5.5, ""恵まれ"": 0.5}","[""0〜600円"", ""600〜750円"", ""750〜900円"", ""900〜1050円"", ""1050〜1220円"", ""1220〜1410円"", ""1410〜1640円"", ""1640〜1890円"", ""1890〜2200円"", ""2200〜2560円"", ""2560〜3020円"", ""3020〜3580円"", ""3580〜4290円"", ""4290〜5220円"", ""5220〜6490円"", ""6490〜8310円"", ""8310〜11220円"", ""11220〜16240円"", ""16240〜28268円"", ""28268円〜""]","[5.3, 6.3, 5.5, 4.8, 5.8, 4.9, 5.9, 4.8, 4.8, 4.6, 5.5, 5.3, 4.3, 4.3, 4.5, 4.1, 5.6, 4.1, 5.2, 4.5]","[0.3, 1.3, 0.5, -0.2, 0.8, -0.1, 0.9, -0.2, -0.2, -0.4, 0.5, 0.3, -0.7, -0.7, -0.5, -0.9, 0.6, -0.9, 0.2, -0.5]"
20260815,07,6,1,61.1,"[[""1-6-5"", 0.081], [""1-6-4"", 0.0994], [""1-6-2"", 0.0735], [""1-6-3"", 0.0605]]",6,19.1,"[[""6-1-5"", 0.0159], [""6-1-4"", 0.0195], [""6-1-2"", 0.0144], [""6-1-3"", 0.0119]]","[[""1-5-6"", 0.0582], [""1-4-6"", 0.0709], [""1-2-6"", 0.0497], [""1-3-6"", 0.0399]]",1-6,0.4022,False,False,0.7866,強,"{""逃げ"": 68.6, ""まくり差し"": 11.8, ""まくり"": 9.6, ""差し"": 4.8, ""抜き"": 4.1, ""恵まれ"": 1.0}","[""0〜600円"", ""600〜750円"", ""750〜900円"", ""900〜1050円"", ""1050〜1220円"", ""1220〜1410円"", ""1410〜1640円"", ""1640〜1890円"", ""1890〜2200円"", ""2200〜2560円"", ""2560〜3020円"", ""3020〜3580円"", ""3580〜4290円"", ""4290〜5220円"", ""5220〜6490円"", ""6490〜8310円"", ""8310〜11220円"", ""11220〜16240円"", ""16240〜28268円"", ""28268円〜""]","[9.4, 8.0, 6.8, 5.7, 5.6, 5.4, 5.2, 5.2, 4.6, 5.0, 5.2, 3.8, 3.8, 4.0, 3.2, 3.9, 3.3, 3.6, 3.9, 4.5]","[4.4, 3.0, 1.8, 0.7, 0.6, 0.4, 0.2, 0.2, -0.4, 0.0, 0.2, -1.2, -1.2, -1.0, -1.8, -1.1, -1.7, -1.4, -1.1, -0.5]"
20260815,07,7,1,57.4,"[[""1-3-4"", 0.111], [""1-3-2"", 0.133], [""1-3-5"", 0.0662]]",3,38.2,"[[""3-1-4"", 0.0419], [""3-1-2"", 0.0502], [""3-1-5"", 0.025]]","[[""1-4-3"", 0.0697], [""1-2-3"", 0.0832], [""1-5-3"", 0.0369], [""1-4-2"", 0.0335]]",1-3,0.4678,False,True,0.8218,強,"{""逃げ"": 68.6, ""まくり差し"": 11.8, ""まくり"": 9.6, ""差し"": 4.8, ""抜き"": 4.1, ""恵まれ"": 1.0}","[""0〜600円"", ""600〜750円"", ""750〜900円"", ""900〜1050円"", ""1050〜1220円"", ""1220〜1410円"", ""1410〜1640円"", ""1640〜1890円"", ""1890〜2200円"", ""2200〜2560円"", ""2560〜3020円"", ""3020〜3580円"", ""3580〜4290円"", ""4290〜5220円"", ""5220〜6490円"", ""6490〜8310円"", ""8310〜11220円"", ""11220〜16240円"", ""16240〜28268円"", ""28268円〜""]","[9.4, 8.0, 6.8, 5.7, 5.6, 5.4, 5.2, 5.2, 4.6, 5.0, 5.2, 3.8, 3.8, 4.0, 3.2, 3.9, 3.3, 3.6, 3.9, 4.5]","[4.4, 3.0, 1.8, 0.7, 0.6, 0.4, 0.2, 0.2, -0.4, 0.0, 0.2, -1.2, -1.2, -1.0, -1.8, -1.1, -1.7, -1.4, -1.1, -0.5]"
20260815,07,8,1,59.0,"[[""1-3-4"", 0.109], [""1-4-3"", 0.0959], [""1-3-2"", 0.0763], [""1-4-2"", 0.053], [""1-3-5"", 0.0379], [""1-4-5"", 0.0263], [""1-3-6"", 0.0196], [""1-4-6"", 0.0136]]",3,27.3,"[[""3-1-4"", 0.0378], [""3-1-2"", 0.0265], [""3-1-5"", 0.0132]]","[[""1-2-3"", 0.0559], [""1-2-4"", 0.0441], [""4-1-3"", 0.0324], [""1-5-3"", 0.0252]]",,,False,False,0.7866,強,"{""逃げ"": 68.6, ""まくり差し"": 11.8, ""まくり"": 9.6, ""差し"": 4.8, ""抜き"": 4.1, ""恵まれ"": 1.0}","[""0〜600円"", ""600〜750円"", ""750〜900円"", ""900〜1050円"", ""1050〜1220円"", ""1220〜1410円"", ""1410〜1640円"", ""1640〜1890円"", ""1890〜2200円"", ""2200〜2560円"", ""2560〜3020円"", ""3020〜3580円"", ""3580〜4290円"", ""4290〜5220円"", ""5220〜6490円"", ""6490〜8310円"", ""8310〜11220円"", ""11220〜16240円"", ""16240〜28268円"", ""28268円〜""]","[9.4, 8.0, 6.8, 5.7, 5.6, 5.4, 5.2, 5.2, 4.6, 5.0, 5.2, 3.8, 3.8, 4.0, 3.2, 3.9, 3.3, 3.6, 3.9, 4.5]","[4.4, 3.0, 1.8, 0.7, 0.6, 0.4, 0.2, 0.2, -0.4, 0.0, 0.2, -1.2, -1.2, -1.0, -1.8, -1.1, -1.7, -1.4, -1.1, -0.5]"
20260815,07,9,1,47.4,"[[""1-2-3"", 0.1249], [""1-2-5"", 0.0934], [""1-2-4"", 0.081], [""1-2-6"", 0.013]]",2,35.1,"[[""2-1-3"", 0.0381], [""2-1-5"", 0.0285], [""2-1-4"", 0.0247]]","[[""1-3-2"", 0.0883], [""1-5-2"", 0.0588], [""1-4-2"", 0.0498], [""1-3-5"", 0.0343]]",1-2,0.4429,False,True,0.8218,強,"{""逃げ"": 68.6, ""まくり差し"": 11.8, ""まくり"": 9.6, ""差し"": 4.8, ""抜き"": 4.1, ""恵まれ"": 1.0}","[""0〜600円"", ""600〜750円"", ""750〜900円"", ""900〜1050円"", ""1050〜1220円"", ""1220〜1410円"", ""1410〜1640円"", ""1640〜1890円"", ""1890〜2200円"", ""2200〜2560円"", ""2560〜3020円"", ""3020〜3580円"", ""3580〜4290円"", ""4290〜5220円"", ""5220〜6490円"", ""6490〜8310円"", ""8310〜11220円"", ""11220〜16240円"", ""16240〜28268円"", ""28268円〜""]","[9.4, 8.0, 6.8, 5.7, 5.6, 5.4, 5.2, 5.2, 4.6, 5.0, 5.2, 3.8, 3.8, 4.0, 3.2, 3.9, 3.3, 3.6, 3.9, 4.5]","[4.4, 3.0, 1.8, 0.7, 0.6, 0.4, 0.2, 0.2, -0.4, 0.0, 0.2, -1.2, -1.2, -1.0, -1.8, -1.1, -1.7, -1.4, -1.1, -0.5]"
20260815,07,10,1,61.9,"[[""1-2-3"", 0.157], [""1-2-4"", 0.0779], [""1-2-6"", 0.0334], [""1-2-5"", 0.0307]]",2,22.5,"[[""2-1-3"", 0.0488], [""2-1-4"", 0.0242], [""2-1-6"", 0.0104]]","[[""1-3-2"", 0.1235], [""1-4-2"", 0.0484], [""3-1-2"", 0.0367], [""1-3-4"", 0.0417]]",1-2,0.4367,False,True,0.8218,強,"{""逃げ"": 68.6, ""まくり差し"": 11.8, ""まくり"": 9.6, ""差し"": 4.8, ""抜き"": 4.1, ""恵まれ"": 1.0}","[""0〜600円"", ""600〜750円"", ""750〜900円"", ""900〜1050円"", ""1050〜1220円"", ""1220〜1410円"", ""1410〜1640円"", ""1640〜1890円"", ""1890〜2200円"", ""2200〜2560円"", ""2560〜3020円"", ""3020〜3580円"", ""3580〜4290円"", ""4290〜5220円"", ""5220〜6490円"", ""6490〜8310円"", ""8310〜11220円"", ""11220〜16240円"", ""16240〜28268円"", ""28268円〜""]","[9.4, 8.0, 6.8, 5.7, 5.6, 5.4, 5.2, 5.2, 4.6, 5.0, 5.2, 3.8, 3.8, 4.0, 3.2, 3.9, 3.3, 3.6, 3.9, 4.5]","[4.4, 3.0, 1.8, 0.7, 0.6, 0.4, 0.2, 0.2, -0.4, 0.0, 0.2, -1.2, -1.2, -1.0, -1.8, -1.1, -1.7, -1.4, -1.1, -0.5]"
20260815,07,11,1,56.0,"[[""1-3-2"", 0.0805], [""1-2-3"", 0.0734], [""1-3-4"", 0.0799], [""1-4-3"", 0.0684], [""1-2-4"", 0.0588], [""1-4-2"", 0.0551], [""1-3-5"", 0.0492], [""1-5-3"", 0.038], [""1-2-5"", 0.0362]]",3,27.0,"[[""3-1-2"", 0.0228], [""3-1-4"", 0.0227], [""3-1-5"", 0.014]]","[[""1-5-2"", 0.0306], [""1-4-5"", 0.0277], [""1-5-4"", 0.025], [""2-1-3"", 0.0205]]",,,False,True,0.8218,強,"{""逃げ"": 68.6, ""まくり差し"": 11.8, ""まくり"": 9.6, ""差し"": 4.8, ""抜き"": 4.1, ""恵まれ"": 1.0}","[""0〜600円"", ""600〜750円"", ""750〜900円"", ""900〜1050円"", ""1050〜1220円"", ""1220〜1410円"", ""1410〜1640円"", ""1640〜1890円"", ""1890〜2200円"", ""2200〜2560円"", ""2560〜3020円"", ""3020〜3580円"", ""3580〜4290円"", ""4290〜5220円"", ""5220〜6490円"", ""6490〜8310円"", ""8310〜11220円"", ""11220〜16240円"", ""16240〜28268円"", ""28268円〜""]","[9.4, 8.0, 6.8, 5.7, 5.6, 5.4, 5.2, 5.2, 4.6, 5.0, 5.2, 3.8, 3.8, 4.0, 3.2, 3.9, 3.3, 3.6, 3.9, 4.5]","[4.4, 3.0, 1.8, 0.7, 0.6, 0.4, 0.2, 0.2, -0.4, 0.0, 0.2, -1.2, -1.2, -1.0, -1.8, -1.1, -1.7, -1.4, -1.1, -0.5]"
20260815,07,12,1,59.8,"[[""1-2-3"", 0.1], [""1-2-6"", 0.0986], [""1-2-4"", 0.0385], [""1-2-5"", 0.0352]]",2,32.4,"[[""2-1-3"", 0.0345], [""2-1-6"", 0.034], [""2-1-4"", 0.0133], [""2-1-5"", 0.0121]]","[[""1-3-2"", 0.0762], [""1-6-2"", 0.0709], [""1-3-6"", 0.0428], [""1-6-3"", 0.0404]]",1-2,0.3954,False,True,0.8218,強,"{""逃げ"": 68.6, ""まくり差し"": 11.8, ""まくり"": 9.6, ""差し"": 4.8, ""抜き"": 4.1, ""恵まれ"": 1.0}","[""0〜600円"", ""600〜750円"", ""750〜900円"", ""900〜1050円"", ""1050〜1220円"", ""1220〜1410円"", ""1410〜1640円"", ""1640〜1890円"", ""1890〜2200円"", ""2200〜2560円"", ""2560〜3020円"", ""3020〜3580円"", ""3580〜4290円"", ""4290〜5220円"", ""5220〜6490円"", ""6490〜8310円"", ""8310〜11220円"", ""11220〜16240円"", ""16240〜28268円"", ""28268円〜""]","[9.4, 8.0, 6.8, 5.7, 5.6, 5.4, 5.2, 5.2, 4.6, 5.0, 5.2, 3.8, 3.8, 4.0, 3.2, 3.9, 3.3, 3.6, 3.9, 4.5]","[4.4, 3.0, 1.8, 0.7, 0.6, 0.4, 0.2, 0.2, -0.4, 0.0, 0.2, -1.2, -1.2, -1.0, -1.8, -1.1, -1.7, -1.4, -1.1, -0.5]"
20260815,08,1,1,51.6,"[[""1-2-3"", 0.0964], [""1-3-2"", 0.0932], [""1-2-4"", 0.0568], [""1-3-4"", 0.0514], [""1-2-5"", 0.0332], [""1-3-5"", 0.0301], [""1-2-6"", 0.0221], [""1-3-6"", 0.02]]",2,30.0,"[[""2-1-3"", 0.0385], [""2-1-4"", 0.0227], [""2-1-5"", 0.0133]]","[[""3-1-2"", 0.0369], [""1-4-2"", 0.0438], [""1-4-3"", 0.041], [""1-5-2"", 0.0237]]",,,False,True,0.8218,中,"{""逃げ"": 55.1, ""まくり"": 15.9, ""まくり差し"": 12.1, ""差し"": 9.8, ""抜き"": 6.2, ""恵まれ"": 0.9}","[""0〜600円"", ""600〜750円"", ""750〜900円"", ""900〜1050円"", ""1050〜1220円"", ""1220〜1410円"", ""1410〜1640円"", ""1640〜1890円"", ""1890〜2200円"", ""2200〜2560円"", ""2560〜3020円"", ""3020〜3580円"", ""3580〜4290円"", ""4290〜5220円"", ""5220〜6490円"", ""6490〜8310円"", ""8310〜11220円"", ""11220〜16240円"", ""16240〜28268円"", ""28268円〜""]","[4.7, 5.6, 6.4, 4.9, 5.8, 5.5, 5.0, 5.4, 5.0, 5.0, 5.0, 4.7, 5.7, 4.9, 4.3, 4.5, 3.8, 4.4, 4.4, 5.1]","[-0.3, 0.6, 1.4, -0.1, 0.8, 0.5, 0.0, 0.4, -0.0, 0.0, 0.0, -0.3, 0.7, -0.1, -0.7, -0.5, -1.2, -0.6, -0.6, 0.1]"
20260815,08,2,1,40.6,"[[""1-2-3"", 0.0657], [""1-2-5"", 0.0344], [""1-2-6"", 0.0102]]",2,52.0,"[[""2-1-3"", 0.0619], [""2-1-5"", 0.0324]]","[[""1-3-2"", 0.0618], [""3-1-2"", 0.0562], [""2-3-1"", 0.053], [""3-2-1"", 0.0512]]",1-2,0.251,False,True,0.8218,弱,"{""逃げ"": 37.0, ""まくり"": 22.9, ""差し"": 17.3, ""まくり差し"": 15.0, ""抜き"": 6.7, ""恵まれ"": 1.0}","[""0〜600円"", ""600〜750円"", ""750〜900円"", ""900〜1050円"", ""1050〜1220円"", ""1220〜1410円"", ""1410〜1640円"", ""1640〜1890円"", ""1890〜2200円"", ""2200〜2560円"", ""2560〜3020円"", ""3020〜3580円"", ""3580〜4290円"", ""4290〜5220円"", ""5220〜6490円"", ""6490〜8310円"", ""8310〜11220円"", ""11220〜16240円"", ""16240〜28268円"", ""28268円〜""]","[1.2, 1.8, 3.5, 3.4, 3.8, 4.4, 5.3, 5.6, 6.4, 6.5, 5.9, 5.9, 6.3, 6.7, 6.3, 5.8, 6.7, 5.8, 4.8, 4.0]","[-3.8, -3.2, -1.5, -1.6, -1.2, -0.6, 0.3, 0.6, 1.4, 1.5, 0.9, 0.9, 1.3, 1.7, 1.3, 0.8, 1.7, 0.8, -0.2, -1.0]"
20260815,08,3,1,51.2,"[[""1-3-4"", 0.0368], [""1-4-3"", 0.0354], [""1-3-2"", 0.0398], [""1-2-3"", 0.0361], [""1-4-2"", 0.0346], [""1-2-4"", 0.0327], [""1-3-6"", 0.0282], [""1-4-6"", 0.0245], [""1-6-3"", 0.0235]]",4,34.2,"[[""4-1-3"", 0.0264], [""4-1-2"", 0.0258], [""4-1-6"", 0.0183]]","[[""3-1-4"", 0.0281], [""3-1-2"", 0.0304], [""2-1-3"", 0.0262], [""3-4-1"", 0.0189]]",,,False,False,0.7866,弱,"{""逃げ"": 37.0, ""まくり"": 22.9, ""差し"": 17.3, ""まくり差し"": 15.0, ""抜き"": 6.7, ""恵まれ"": 1.0}","[""0〜600円"", ""600〜750円"", ""750〜900円"", ""900〜1050円"", ""1050〜1220円"", ""1220〜1410円"", ""1410〜1640円"", ""1640〜1890円"", ""1890〜2200円"", ""2200〜2560円"", ""2560〜3020円"", ""3020〜3580円"", ""3580〜4290円"", ""4290〜5220円"", ""5220〜6490円"", ""6490〜8310円"", ""8310〜11220円"", ""11220〜16240円"", ""16240〜28268円"", ""28268円〜""]","[1.2, 1.8, 3.5, 3.4, 3.8, 4.4, 5.3, 5.6, 6.4, 6.5, 5.9, 5.9, 6.3, 6.7, 6.3, 5.8, 6.7, 5.8, 4.8, 4.0]","[-3.8, -3.2, -1.5, -1.6, -1.2, -0.6, 0.3, 0.6, 1.4, 1.5, 0.9, 0.9, 1.3, 1.7, 1.3, 0.8, 1.7, 0.8, -0.2, -1.0]"
20260815,08,4,1,53.4,"[[""1-3-2"", 0.09], [""1-3-4"", 0.0948], [""1-2-3"", 0.0682], [""1-4-3"", 0.0696], [""1-3-6"", 0.0691], [""1-3-5"", 0.0634], [""1-6-3"", 0.048], [""1-5-3"", 0.0435], [""1-2-4"", 0.0363]]",2,32.4,"[[""2-1-3"", 0.0098]]","[[""1-4-2"", 0.0351], [""1-2-6"", 0.0264], [""1-2-5"", 0.0243], [""1-6-2"", 0.0242]]",,,False,True,0.8218,強,"{""逃げ"": 69.3, ""まくり"": 10.4, ""まくり差し"": 8.7, ""差し"": 5.7, ""抜き"": 4.9, ""恵まれ"": 1.0}","[""0〜600円"", ""600〜750円"", ""750〜900円"", ""900〜1050円"", ""1050〜1220円"", ""1220〜1410円"", ""1410〜1640円"", ""1640〜1890円"", ""1890〜2200円"", ""2200〜2560円"", ""2560〜3020円"", ""3020〜3580円"", ""3580〜4290円"", ""4290〜5220円"", ""5220〜6490円"", ""6490〜8310円"", ""8310〜11220円"", ""11220〜16240円"", ""16240〜28268円"", ""28268円〜""]","[8.4, 8.8, 6.5, 6.3, 6.4, 5.8, 5.4, 5.2, 4.1, 4.9, 4.4, 4.5, 3.6, 3.9, 2.6, 3.6, 3.5, 3.7, 3.7, 4.7]","[3.4, 3.8, 1.5, 1.3, 1.4, 0.8, 0.4, 0.2, -0.9, -0.1, -0.6, -0.5, -1.4, -1.1, -2.4, -1.4, -1.5, -1.3, -1.3, -0.3]"
20260815,08,5,5,56.7,"[[""5-1-2"", 0.0329], [""5-2-1"", 0.0316], [""5-1-4"", 0.0171], [""5-1-3"", 0.0159], [""5-2-4"", 0.0151], [""5-1-6"", 0.0145], [""5-2-3"", 0.0141], [""5-4-1"", 0.013], [""5-2-6"", 0.0128]]",1,23.8,"[[""1-5-2"", 0.0322], [""1-2-5"", 0.0299], [""1-5-4"", 0.0167], [""1-5-3"", 0.0156], [""1-5-6"", 0.0142], [""1-2-4"", 0.0134]]","[[""2-5-1"", 0.0301], [""2-1-5"", 0.0291], [""2-5-4"", 0.0144], [""2-5-3"", 0.0134]]",,,False,False,0.7866,強,"{""逃げ"": 69.3, ""まくり"": 10.4, ""まくり差し"": 8.7, ""差し"": 5.7, ""抜き"": 4.9, ""恵まれ"": 1.0}","[""0〜600円"", ""600〜750円"", ""750〜900円"", ""900〜1050円"", ""1050〜1220円"", ""1220〜1410円"", ""1410〜1640円"", ""1640〜1890円"", ""1890〜2200円"", ""2200〜2560円"", ""2560〜3020円"", ""3020〜3580円"", ""3580〜4290円"", ""4290〜5220円"", ""5220〜6490円"", ""6490〜8310円"", ""8310〜11220円"", ""11220〜16240円"", ""16240〜28268円"", ""28268円〜""]","[8.4, 8.8, 6.5, 6.3, 6.4, 5.8, 5.4, 5.2, 4.1, 4.9, 4.4, 4.5, 3.6, 3.9, 2.6, 3.6, 3.5, 3.7, 3.7, 4.7]","[3.4, 3.8, 1.5, 1.3, 1.4, 0.8, 0.4, 0.2, -0.9, -0.1, -0.6, -0.5, -1.4, -1.1, -2.4, -1.4, -1.5, -1.3, -1.3, -0.3]"
20260815,08,6,1,54.3,"[[""1-4-3"", 0.1189], [""1-4-2"", 0.1428], [""1-4-5"", 0.0346], [""1-4-6"", 0.0125]]",4,27.3,"[[""4-1-3"", 0.0316], [""4-1-2"", 0.0379]]","[[""1-3-4"", 0.0871], [""1-2-4"", 0.1027], [""1-3-2"", 0.0572], [""1-2-3"", 0.0562]]",1-4,0.4318,False,False,0.7866,強,"{""逃げ"": 69.3, ""まくり"": 10.4, ""まくり差し"": 8.7, ""差し"": 5.7, ""抜き"": 4.9, ""恵まれ"": 1.0}","[""0〜600円"", ""600〜750円"", ""750〜900円"", ""900〜1050円"", ""1050〜1220円"", ""1220〜1410円"", ""1410〜1640円"", ""1640〜1890円"", ""1890〜2200円"", ""2200〜2560円"", ""2560〜3020円"", ""3020〜3580円"", ""3580〜4290円"", ""4290〜5220円"", ""5220〜6490円"", ""6490〜8310円"", ""8310〜11220円"", ""11220〜16240円"", ""16240〜28268円"", ""28268円〜""]","[8.4, 8.8, 6.5, 6.3, 6.4, 5.8, 5.4, 5.2, 4.1, 4.9, 4.4, 4.5, 3.6, 3.9, 2.6, 3.6, 3.5, 3.7, 3.7, 4.7]","[3.4, 3.8, 1.5, 1.3, 1.4, 0.8, 0.4, 0.2, -0.9, -0.1, -0.6, -0.5, -1.4, -1.1, -2.4, -1.4, -1.5, -1.3, -1.3, -0.3]"
20260815,08,7,1,35.8,"[[""1-2-3"", 0.0769], [""1-3-2"", 0.0742], [""1-2-4"", 0.0413], [""1-3-4"", 0.0376], [""1-2-6"", 0.0228], [""1-3-6"", 0.0208]]",2,34.2,"[[""2-1-3"", 0.054], [""2-1-4"", 0.0291], [""2-1-6"", 0.0161]]","[[""3-1-2"", 0.0514], [""2-3-1"", 0.0316], [""3-2-1"", 0.0311], [""1-4-2"", 0.0306]]",,,False,True,0.8218,弱,"{""逃げ"": 37.0, ""まくり"": 22.9, ""差し"": 17.3, ""まくり差し"": 15.0, ""抜き"": 6.7, ""恵まれ"": 1.0}","[""0〜600円"", ""600〜750円"", ""750〜900円"", ""900〜1050円"", ""1050〜1220円"", ""1220〜1410円"", ""1410〜1640円"", ""1640〜1890円"", ""1890〜2200円"", ""2200〜2560円"", ""2560〜3020円"", ""3020〜3580円"", ""3580〜4290円"", ""4290〜5220円"", ""5220〜6490円"", ""6490〜8310円"", ""8310〜11220円"", ""11220〜16240円"", ""16240〜28268円"", ""28268円〜""]","[1.2, 1.8, 3.5, 3.4, 3.8, 4.4, 5.3, 5.6, 6.4, 6.5, 5.9, 5.9, 6.3, 6.7, 6.3, 5.8, 6.7, 5.8, 4.8, 4.0]","[-3.8, -3.2, -1.5, -1.6, -1.2, -0.6, 0.3, 0.6, 1.4, 1.5, 0.9, 0.9, 1.3, 1.7, 1.3, 0.8, 1.7, 0.8, -0.2, -1.0]"
20260815,08,8,1,49.1,"[[""1-3-2"", 0.0853], [""1-3-5"", 0.0781], [""1-3-4"", 0.0651]]",3,30.8,"[[""3-1-2"", 0.0717], [""3-1-5"", 0.0656], [""3-1-4"", 0.0547]]","[[""1-2-3"", 0.0433], [""1-5-3"", 0.0377], [""3-2-1"", 0.0296], [""2-1-3"", 0.0271]]",1-3,0.4645,False,True,0.8218,弱,"{""逃げ"": 37.0, ""まくり"": 22.9, ""差し"": 17.3, ""まくり差し"": 15.0, ""抜き"": 6.7, ""恵まれ"": 1.0}","[""0〜600円"", ""600〜750円"", ""750〜900円"", ""900〜1050円"", ""1050〜1220円"", ""1220〜1410円"", ""1410〜1640円"", ""1640〜1890円"", ""1890〜2200円"", ""2200〜2560円"", ""2560〜3020円"", ""3020〜3580円"", ""3580〜4290円"", ""4290〜5220円"", ""5220〜6490円"", ""6490〜8310円"", ""8310〜11220円"", ""11220〜16240円"", ""16240〜28268円"", ""28268円〜""]","[1.2, 1.8, 3.5, 3.4, 3.8, 4.4, 5.3, 5.6, 6.4, 6.5, 5.9, 5.9, 6.3, 6.7, 6.3, 5.8, 6.7, 5.8, 4.8, 4.0]","[-3.8, -3.2, -1.5, -1.6, -1.2, -0.6, 0.3, 0.6, 1.4, 1.5, 0.9, 0.9, 1.3, 1.7, 1.3, 0.8, 1.7, 0.8, -0.2, -1.0]"
20260815,08,9,1,52.0,"[[""1-2-3"", 0.0825], [""1-2-4"", 0.0464], [""1-2-5"", 0.0415]]",2,24.4,"[[""2-1-3"", 0.06], [""2-1-4"", 0.0337], [""2-1-5"", 0.0302]]","[[""1-3-2"", 0.0658], [""3-1-2"", 0.0433], [""2-3-1"", 0.0312], [""3-2-1"", 0.0282]]",1-2,0.3365,False,True,0.8218,弱,"{""逃げ"": 37.0, ""まくり"": 22.9, ""差し"": 17.3, ""まくり差し"": 15.0, ""抜き"": 6.7, ""恵まれ"": 1.0}","[""0〜600円"", ""600〜750円"", ""750〜900円"", ""900〜1050円"", ""1050〜1220円"", ""1220〜1410円"", ""1410〜1640円"", ""1640〜1890円"", ""1890〜2200円"", ""2200〜2560円"", ""2560〜3020円"", ""3020〜3580円"", ""3580〜4290円"", ""4290〜5220円"", ""5220〜6490円"", ""6490〜8310円"", ""8310〜11220円"", ""11220〜16240円"", ""16240〜28268円"", ""28268円〜""]","[1.2, 1.8, 3.5, 3.4, 3.8, 4.4, 5.3, 5.6, 6.4, 6.5, 5.9, 5.9, 6.3, 6.7, 6.3, 5.8, 6.7, 5.8, 4.8, 4.0]","[-3.8, -3.2, -1.5, -1.6, -1.2, -0.6, 0.3, 0.6, 1.4, 1.5, 0.9, 0.9, 1.3, 1.7, 1.3, 0.8, 1.7, 0.8, -0.2, -1.0]"
20260815,08,10,1,40.0,"[[""1-2-4"", 0.0376], [""1-2-3"", 0.0416], [""1-4-2"", 0.0318], [""1-4-3"", 0.0247], [""1-2-5"", 0.0132]]",2,27.5,"[[""2-1-4"", 0.0368], [""2-1-3"", 0.0408], [""2-4-1"", 0.0303], [""2-4-3"", 0.0225], [""2-1-5"", 0.013]]","[[""4-1-2"", 0.028], [""4-2-1"", 0.0273], [""1-3-2"", 0.0335], [""2-3-1"", 0.0321]]",,,False,False,0.7866,中,"{""逃げ"": 55.1, ""まくり"": 15.9, ""まくり差し"": 12.1, ""差し"": 9.8, ""抜き"": 6.2, ""恵まれ"": 0.9}","[""0〜600円"", ""600〜750円"", ""750〜900円"", ""900〜1050円"", ""1050〜1220円"", ""1220〜1410円"", ""1410〜1640円"", ""1640〜1890円"", ""1890〜2200円"", ""2200〜2560円"", ""2560〜3020円"", ""3020〜3580円"", ""3580〜4290円"", ""4290〜5220円"", ""5220〜6490円"", ""6490〜8310円"", ""8310〜11220円"", ""11220〜16240円"", ""16240〜28268円"", ""28268円〜""]","[4.7, 5.6, 6.4, 4.9, 5.8, 5.5, 5.0, 5.4, 5.0, 5.0, 5.0, 4.7, 5.7, 4.9, 4.3, 4.5, 3.8, 4.4, 4.4, 5.1]","[-0.3, 0.6, 1.4, -0.1, 0.8, 0.5, 0.0, 0.4, -0.0, 0.0, 0.0, -0.3, 0.7, -0.1, -0.7, -0.5, -1.2, -0.6, -0.6, 0.1]"
20260815,08,11,1,48.0,"[[""1-2-4"", 0.0824], [""1-2-3"", 0.0567], [""1-2-5"", 0.0517], [""1-2-6"", 0.0355]]",2,27.3,"[[""2-1-4"", 0.0527], [""2-1-3"", 0.0362], [""2-1-5"", 0.0331], [""2-1-6"", 0.0227]]","[[""1-4-2"", 0.0542], [""4-1-2"", 0.0295], [""1-3-2"", 0.033], [""1-5-2"", 0.0298]]",1-2,0.4077,False,False,0.7866,中,"{""逃げ"": 55.1, ""まくり"": 15.9, ""まくり差し"": 12.1, ""差し"": 9.8, ""抜き"": 6.2, ""恵まれ"": 0.9}","[""0〜600円"", ""600〜750円"", ""750〜900円"", ""900〜1050円"", ""1050〜1220円"", ""1220〜1410円"", ""1410〜1640円"", ""1640〜1890円"", ""1890〜2200円"", ""2200〜2560円"", ""2560〜3020円"", ""3020〜3580円"", ""3580〜4290円"", ""4290〜5220円"", ""5220〜6490円"", ""6490〜8310円"", ""8310〜11220円"", ""11220〜16240円"", ""16240〜28268円"", ""28268円〜""]","[4.7, 5.6, 6.4, 4.9, 5.8, 5.5, 5.0, 5.4, 5.0, 5.0, 5.0, 4.7, 5.7, 4.9, 4.3, 4.5, 3.8, 4.4, 4.4, 5.1]","[-0.3, 0.6, 1.4, -0.1, 0.8, 0.5, 0.0, 0.4, -0.0, 0.0, 0.0, -0.3, 0.7, -0.1, -0.7, -0.5, -1.2, -0.6, -0.6, 0.1]"
20260815,08,12,1,58.6,"[[""1-3-2"", 0.0924], [""1-3-4"", 0.1102], [""1-2-3"", 0.0742], [""1-4-3"", 0.0879], [""1-2-4"", 0.054], [""1-4-2"", 0.0537], [""1-3-5"", 0.039], [""1-3-6"", 0.0294], [""1-5-3"", 0.026]]",3,16.4,"[[""3-1-2"", 0.0254], [""3-1-4"", 0.0303], [""3-1-5"", 0.0107]]","[[""2-1-3"", 0.0196], [""4-1-3"", 0.0232], [""1-6-3"", 0.0192], [""1-2-5"", 0.0191]]",,,False,True,0.8218,強,"{""逃げ"": 69.3, ""まくり"": 10.4, ""まくり差し"": 8.7, ""差し"": 5.7, ""抜き"": 4.9, ""恵まれ"": 1.0}","[""0〜600円"", ""600〜750円"", ""750〜900円"", ""900〜1050円"", ""1050〜1220円"", ""1220〜1410円"", ""1410〜1640円"", ""1640〜1890円"", ""1890〜2200円"", ""2200〜2560円"", ""2560〜3020円"", ""3020〜3580円"", ""3580〜4290円"", ""4290〜5220円"", ""5220〜6490円"", ""6490〜8310円"", ""8310〜11220円"", ""11220〜16240円"", ""16240〜28268円"", ""28268円〜""]","[8.4, 8.8, 6.5, 6.3, 6.4, 5.8, 5.4, 5.2, 4.1, 4.9, 4.4, 4.5, 3.6, 3.9, 2.6, 3.6, 3.5, 3.7, 3.7, 4.7]","[3.4, 3.8, 1.5, 1.3, 1.4, 0.8, 0.4, 0.2, -0.9, -0.1, -0.6, -0.5, -1.4, -1.1, -2.4, -1.4, -1.5, -1.3, -1.3, -0.3]"
20260815,09,1,1,55.6,"[[""1-2-3"", 0.1199], [""1-2-4"", 0.0875], [""1-2-5"", 0.0597]]",2,24.8,"[[""2-1-3"", 0.0309], [""2-1-4"", 0.0225], [""2-1-5"", 0.0154]]","[[""1-3-2"", 0.1022], [""1-4-2"", 0.0632], [""1-3-4"", 0.0552], [""1-4-3"", 0.0468]]",1-2,0.3865,False,False,0.7866,強,"{""逃げ"": 68.7, ""まくり差し"": 8.9, ""差し"": 8.2, ""まくり"": 7.8, ""抜き"": 5.6, ""恵まれ"": 0.8}","[""0〜600円"", ""600〜750円"", ""750〜900円"", ""900〜1050円"", ""1050〜1220円"", ""1220〜1410円"", ""1410〜1640円"", ""1640〜1890円"", ""1890〜2200円"", ""2200〜2560円"", ""2560〜3020円"", ""3020〜3580円"", ""3580〜4290円"", ""4290〜5220円"", ""5220〜6490円"", ""6490〜8310円"", ""8310〜11220円"", ""11220〜16240円"", ""16240〜28268円"", ""28268円〜""]","[11.4, 7.8, 7.1, 5.8, 5.3, 5.2, 5.0, 5.1, 3.9, 4.7, 4.4, 4.5, 3.7, 3.7, 3.8, 2.8, 3.1, 3.1, 4.5, 5.1]","[6.4, 2.8, 2.1, 0.8, 0.3, 0.2, 0.0, 0.1, -1.1, -0.3, -0.6, -0.5, -1.3, -1.3, -1.2, -2.2, -1.9, -1.9, -0.5, 0.1]"
20260815,09,2,1,62.7,"[[""1-2-3"", 0.0339], [""1-2-4"", 0.0353], [""1-2-6"", 0.035], [""1-3-2"", 0.0263], [""1-2-5"", 0.0277], [""1-4-2"", 0.0264], [""1-6-2"", 0.0262], [""1-5-2"", 0.0199], [""1-3-4"", 0.0137]]",2,30.1,"[[""2-1-3"", 0.0276], [""2-1-4"", 0.0286], [""2-1-6"", 0.0284], [""2-1-5"", 0.0225]]","[[""3-1-2"", 0.0186], [""2-3-1"", 0.0166], [""4-1-2"", 0.0183], [""6-1-2"", 0.0181]]",,,False,True,0.8218,弱,"{""逃げ"": 34.7, ""差し"": 20.3, ""まくり"": 18.5, ""まくり差し"": 17.2, ""抜き"": 8.1, ""恵まれ"": 1.1}","[""0〜600円"", ""600〜750円"", ""750〜900円"", ""900〜1050円"", ""1050〜1220円"", ""1220〜1410円"", ""1410〜1640円"", ""1640〜1890円"", ""1890〜2200円"", ""2200〜2560円"", ""2560〜3020円"", ""3020〜3580円"", ""3580〜4290円"", ""4290〜5220円"", ""5220〜6490円"", ""6490〜8310円"", ""8310〜11220円"", ""11220〜16240円"", ""16240〜28268円"", ""28268円〜""]","[1.4, 2.2, 2.6, 3.3, 4.3, 4.3, 4.8, 5.4, 5.6, 5.1, 5.5, 7.7, 5.4, 6.3, 5.7, 7.0, 7.0, 6.1, 5.8, 4.4]","[-3.6, -2.8, -2.4, -1.7, -0.7, -0.7, -0.2, 0.4, 0.6, 0.1, 0.5, 2.7, 0.4, 1.3, 0.7, 2.0, 2.0, 1.1, 0.8, -0.6]"
20260815,09,3,1,66.7,"[[""1-2-5"", 0.0449], [""1-2-3"", 0.0522], [""1-5-2"", 0.0371], [""1-5-3"", 0.0292], [""1-2-4"", 0.0201], [""1-5-4"", 0.0112]]",3,26.8,"[[""3-1-2"", 0.0333], [""3-2-1"", 0.0292], [""3-1-5"", 0.0226], [""3-2-5"", 0.0156]]","[[""2-1-5"", 0.0405], [""2-1-3"", 0.0472], [""1-3-2"", 0.0419], [""5-1-2"", 0.0301]]",,,False,False,0.7866,弱,"{""逃げ"": 34.7, ""差し"": 20.3, ""まくり"": 18.5, ""まくり差し"": 17.2, ""抜き"": 8.1, ""恵まれ"": 1.1}","[""0〜600円"", ""600〜750円"", ""750〜900円"", ""900〜1050円"", ""1050〜1220円"", ""1220〜1410円"", ""1410〜1640円"", ""1640〜1890円"", ""1890〜2200円"", ""2200〜2560円"", ""2560〜3020円"", ""3020〜3580円"", ""3580〜4290円"", ""4290〜5220円"", ""5220〜6490円"", ""6490〜8310円"", ""8310〜11220円"", ""11220〜16240円"", ""16240〜28268円"", ""28268円〜""]","[1.4, 2.2, 2.6, 3.3, 4.3, 4.3, 4.8, 5.4, 5.6, 5.1, 5.5, 7.7, 5.4, 6.3, 5.7, 7.0, 7.0, 6.1, 5.8, 4.4]","[-3.6, -2.8, -2.4, -1.7, -0.7, -0.7, -0.2, 0.4, 0.6, 0.1, 0.5, 2.7, 0.4, 1.3, 0.7, 2.0, 2.0, 1.1, 0.8, -0.6]"
20260815,09,4,1,46.9,"[[""1-2-3"", 0.0465], [""1-2-5"", 0.0548], [""1-2-4"", 0.0167]]",2,28.2,"[[""2-1-3"", 0.0434], [""2-1-5"", 0.0512], [""2-1-4"", 0.0156]]","[[""1-3-2"", 0.0363], [""1-5-2"", 0.0423], [""2-3-1"", 0.031], [""2-5-1"", 0.0362]]",1-2,0.2597,False,True,0.8218,弱,"{""逃げ"": 34.7, ""差し"": 20.3, ""まくり"": 18.5, ""まくり差し"": 17.2, ""抜き"": 8.1, ""恵まれ"": 1.1}","[""0〜600円"", ""600〜750円"", ""750〜900円"", ""900〜1050円"", ""1050〜1220円"", ""1220〜1410円"", ""1410〜1640円"", ""1640〜1890円"", ""1890〜2200円"", ""2200〜2560円"", ""2560〜3020円"", ""3020〜3580円"", ""3580〜4290円"", ""4290〜5220円"", ""5220〜6490円"", ""6490〜8310円"", ""8310〜11220円"", ""11220〜16240円"", ""16240〜28268円"", ""28268円〜""]","[1.4, 2.2, 2.6, 3.3, 4.3, 4.3, 4.8, 5.4, 5.6, 5.1, 5.5, 7.7, 5.4, 6.3, 5.7, 7.0, 7.0, 6.1, 5.8, 4.4]","[-3.6, -2.8, -2.4, -1.7, -0.7, -0.7, -0.2, 0.4, 0.6, 0.1, 0.5, 2.7, 0.4, 1.3, 0.7, 2.0, 2.0, 1.1, 0.8, -0.6]"
20260815,09,5,1,54.8,"[[""1-4-2"", 0.1551], [""1-4-3"", 0.1299], [""1-4-5"", 0.0407], [""1-4-6"", 0.0283]]",4,24.3,"[[""4-1-2"", 0.022], [""4-1-3"", 0.0184]]","[[""1-2-4"", 0.1155], [""1-3-4"", 0.0858], [""1-2-3"", 0.0572], [""1-3-2"", 0.0508]]",1-4,0.4523,False,False,0.7866,強,"{""逃げ"": 68.7, ""まくり差し"": 8.9, ""差し"": 8.2, ""まくり"": 7.8, ""抜き"": 5.6, ""恵まれ"": 0.8}","[""0〜600円"", ""600〜750円"", ""750〜900円"", ""900〜1050円"", ""1050〜1220円"", ""1220〜1410円"", ""1410〜1640円"", ""1640〜1890円"", ""1890〜2200円"", ""2200〜2560円"", ""2560〜3020円"", ""3020〜3580円"", ""3580〜4290円"", ""4290〜5220円"", ""5220〜6490円"", ""6490〜8310円"", ""8310〜11220円"", ""11220〜16240円"", ""16240〜28268円"", ""28268円〜""]","[11.4, 7.8, 7.1, 5.8, 5.3, 5.2, 5.0, 5.1, 3.9, 4.7, 4.4, 4.5, 3.7, 3.7, 3.8, 2.8, 3.1, 3.1, 4.5, 5.1]","[6.4, 2.8, 2.1, 0.8, 0.3, 0.2, 0.0, 0.1, -1.1, -0.3, -0.6, -0.5, -1.3, -1.3, -1.2, -2.2, -1.9, -1.9, -0.5, 0.1]"
20260815,09,6,1,51.6,"[[""1-2-3"", 0.0601], [""1-2-6"", 0.0653], [""1-2-4"", 0.0185]]",2,30.3,"[[""2-1-3"", 0.0549], [""2-1-6"", 0.0597], [""2-1-4"", 0.0169]]","[[""1-3-2"", 0.0439], [""1-6-2"", 0.0461], [""2-3-1"", 0.0357], [""3-1-2"", 0.0339]]",1-2,0.3055,False,True,0.8218,中,"{""逃げ"": 54.0, ""まくり差し"": 14.2, ""差し"": 13.1, ""まくり"": 11.8, ""抜き"": 6.2, ""恵まれ"": 0.8}","[""0〜600円"", ""600〜750円"", ""750〜900円"", ""900〜1050円"", ""1050〜1220円"", ""1220〜1410円"", ""1410〜1640円"", ""1640〜1890円"", ""1890〜2200円"", ""2200〜2560円"", ""2560〜3020円"", ""3020〜3580円"", ""3580〜4290円"", ""4290〜5220円"", ""5220〜6490円"", ""6490〜8310円"", ""8310〜11220円"", ""11220〜16240円"", ""16240〜28268円"", ""28268円〜""]","[5.2, 5.5, 5.2, 5.1, 4.9, 5.1, 4.5, 4.9, 5.0, 5.3, 6.2, 5.5, 4.8, 4.6, 4.4, 4.4, 5.0, 4.4, 4.8, 5.1]","[0.2, 0.5, 0.2, 0.1, -0.1, 0.1, -0.5, -0.1, 0.0, 0.3, 1.2, 0.5, -0.2, -0.4, -0.6, -0.6, 0.0, -0.6, -0.2, 0.1]"
20260815,09,7,3,54.7,"[[""3-1-4"", 0.0713], [""3-1-2"", 0.0774], [""3-1-5"", 0.0621], [""3-1-6"", 0.0533]]",1,,"[[""1-3-4"", 0.0607], [""1-3-2"", 0.0659], [""1-3-5"", 0.053], [""1-3-6"", 0.0454]]","[[""3-4-1"", 0.0295], [""3-2-1"", 0.0314], [""1-4-3"", 0.021], [""3-5-1"", 0.0247]]",1-3,0.525,True,False,0.7866,強,"{""逃げ"": 68.7, ""まくり差し"": 8.9, ""差し"": 8.2, ""まくり"": 7.8, ""抜き"": 5.6, ""恵まれ"": 0.8}","[""0〜600円"", ""600〜750円"", ""750〜900円"", ""900〜1050円"", ""1050〜1220円"", ""1220〜1410円"", ""1410〜1640円"", ""1640〜1890円"", ""1890〜2200円"", ""2200〜2560円"", ""2560〜3020円"", ""3020〜3580円"", ""3580〜4290円"", ""4290〜5220円"", ""5220〜6490円"", ""6490〜8310円"", ""8310〜11220円"", ""11220〜16240円"", ""16240〜28268円"", ""28268円〜""]","[11.4, 7.8, 7.1, 5.8, 5.3, 5.2, 5.0, 5.1, 3.9, 4.7, 4.4, 4.5, 3.7, 3.7, 3.8, 2.8, 3.1, 3.1, 4.5, 5.1]","[6.4, 2.8, 2.1, 0.8, 0.3, 0.2, 0.0, 0.1, -1.1, -0.3, -0.6, -0.5, -1.3, -1.3, -1.2, -2.2, -1.9, -1.9, -0.5, 0.1]"
20260815,09,8,1,49.0,"[[""1-3-2"", 0.2191], [""1-3-5"", 0.1337], [""1-3-4"", 0.0251], [""1-3-6"", 0.0144]]",3,30.6,"[[""3-1-2"", 0.0357], [""3-1-5"", 0.0218]]","[[""1-2-3"", 0.1494], [""1-5-3"", 0.0756], [""1-2-5"", 0.0515], [""1-5-2"", 0.0427]]",1-3,0.5114,True,True,0.8218,強,"{""逃げ"": 68.7, ""まくり差し"": 8.9, ""差し"": 8.2, ""まくり"": 7.8, ""抜き"": 5.6, ""恵まれ"": 0.8}","[""0〜600円"", ""600〜750円"", ""750〜900円"", ""900〜1050円"", ""1050〜1220円"", ""1220〜1410円"", ""1410〜1640円"", ""1640〜1890円"", ""1890〜2200円"", ""2200〜2560円"", ""2560〜3020円"", ""3020〜3580円"", ""3580〜4290円"", ""4290〜5220円"", ""5220〜6490円"", ""6490〜8310円"", ""8310〜11220円"", ""11220〜16240円"", ""16240〜28268円"", ""28268円〜""]","[11.4, 7.8, 7.1, 5.8, 5.3, 5.2, 5.0, 5.1, 3.9, 4.7, 4.4, 4.5, 3.7, 3.7, 3.8, 2.8, 3.1, 3.1, 4.5, 5.1]","[6.4, 2.8, 2.1, 0.8, 0.3, 0.2, 0.0, 0.1, -1.1, -0.3, -0.6, -0.5, -1.3, -1.3, -1.2, -2.2, -1.9, -1.9, -0.5, 0.1]"
20260815,09,9,1,55.5,"[[""1-2-4"", 0.12], [""1-2-3"", 0.0589], [""1-2-5"", 0.0379], [""1-2-6"", 0.0217]]",2,42.3,"[[""2-1-4"", 0.0691], [""2-1-3"", 0.034], [""2-1-5"", 0.0218], [""2-1-6"", 0.0125]]","[[""1-4-2"", 0.0853], [""4-1-2"", 0.0439], [""1-3-2"", 0.0337], [""2-4-1"", 0.0242]]",1-2,0.4273,False,False,0.7866,中,"{""逃げ"": 54.0, ""まくり差し"": 14.2, ""差し"": 13.1, ""まくり"": 11.8, ""抜き"": 6.2, ""恵まれ"": 0.8}","[""0〜600円"", ""600〜750円"", ""750〜900円"", ""900〜1050円"", ""1050〜1220円"", ""1220〜1410円"", ""1410〜1640円"", ""1640〜1890円"", ""1890〜2200円"", ""2200〜2560円"", ""2560〜3020円"", ""3020〜3580円"", ""3580〜4290円"", ""4290〜5220円"", ""5220〜6490円"", ""6490〜8310円"", ""8310〜11220円"", ""11220〜16240円"", ""16240〜28268円"", ""28268円〜""]","[5.2, 5.5, 5.2, 5.1, 4.9, 5.1, 4.5, 4.9, 5.0, 5.3, 6.2, 5.5, 4.8, 4.6, 4.4, 4.4, 5.0, 4.4, 4.8, 5.1]","[0.2, 0.5, 0.2, 0.1, -0.1, 0.1, -0.5, -0.1, 0.0, 0.3, 1.2, 0.5, -0.2, -0.4, -0.6, -0.6, 0.0, -0.6, -0.2, 0.1]"
20260815,09,10,1,54.8,"[[""1-2-3"", 0.0918], [""1-3-2"", 0.0882], [""1-2-4"", 0.0849], [""1-3-4"", 0.0751], [""1-4-2"", 0.0738], [""1-4-3"", 0.0679], [""1-2-5"", 0.0301], [""1-3-5"", 0.0266], [""1-5-2"", 0.0218]]",2,24.3,"[[""2-1-3"", 0.0281], [""2-1-4"", 0.026]]","[[""3-1-2"", 0.0268], [""3-1-4"", 0.0229], [""4-1-2"", 0.0219], [""4-1-3"", 0.0202]]",,,False,True,0.8218,強,"{""逃げ"": 68.7, ""まくり差し"": 8.9, ""差し"": 8.2, ""まくり"": 7.8, ""抜き"": 5.6, ""恵まれ"": 0.8}","[""0〜600円"", ""600〜750円"", ""750〜900円"", ""900〜1050円"", ""1050〜1220円"", ""1220〜1410円"", ""1410〜1640円"", ""1640〜1890円"", ""1890〜2200円"", ""2200〜2560円"", ""2560〜3020円"", ""3020〜3580円"", ""3580〜4290円"", ""4290〜5220円"", ""5220〜6490円"", ""6490〜8310円"", ""8310〜11220円"", ""11220〜16240円"", ""16240〜28268円"", ""28268円〜""]","[11.4, 7.8, 7.1, 5.8, 5.3, 5.2, 5.0, 5.1, 3.9, 4.7, 4.4, 4.5, 3.7, 3.7, 3.8, 2.8, 3.1, 3.1, 4.5, 5.1]","[6.4, 2.8, 2.1, 0.8, 0.3, 0.2, 0.0, 0.1, -1.1, -0.3, -0.6, -0.5, -1.3, -1.3, -1.2, -2.2, -1.9, -1.9, -0.5, 0.1]"
20260815,09,11,1,52.6,"[[""1-2-4"", 0.1057], [""1-2-5"", 0.0758], [""1-2-3"", 0.0738], [""1-2-6"", 0.0174]]",2,30.4,"[[""2-1-4"", 0.0344], [""2-1-5"", 0.0246], [""2-1-3"", 0.024]]","[[""1-4-2"", 0.0823], [""1-5-2"", 0.0512], [""1-3-2"", 0.0497], [""1-4-5"", 0.036]]",1-2,0.3994,False,False,0.7866,強,"{""逃げ"": 68.7, ""まくり差し"": 8.9, ""差し"": 8.2, ""まくり"": 7.8, ""抜き"": 5.6, ""恵まれ"": 0.8}","[""0〜600円"", ""600〜750円"", ""750〜900円"", ""900〜1050円"", ""1050〜1220円"", ""1220〜1410円"", ""1410〜1640円"", ""1640〜1890円"", ""1890〜2200円"", ""2200〜2560円"", ""2560〜3020円"", ""3020〜3580円"", ""3580〜4290円"", ""4290〜5220円"", ""5220〜6490円"", ""6490〜8310円"", ""8310〜11220円"", ""11220〜16240円"", ""16240〜28268円"", ""28268円〜""]","[11.4, 7.8, 7.1, 5.8, 5.3, 5.2, 5.0, 5.1, 3.9, 4.7, 4.4, 4.5, 3.7, 3.7, 3.8, 2.8, 3.1, 3.1, 4.5, 5.1]","[6.4, 2.8, 2.1, 0.8, 0.3, 0.2, 0.0, 0.1, -1.1, -0.3, -0.6, -0.5, -1.3, -1.3, -1.2, -2.2, -1.9, -1.9, -0.5, 0.1]"
20260815,09,12,1,54.7,"[[""1-2-3"", 0.1119], [""1-2-4"", 0.0816], [""1-2-5"", 0.0386], [""1-2-6"", 0.0355]]",2,28.5,"[[""2-1-3"", 0.0366], [""2-1-4"", 0.0267], [""2-1-5"", 0.0126], [""2-1-6"", 0.0116]]","[[""1-3-2"", 0.0911], [""1-4-2"", 0.0576], [""1-3-4"", 0.0446], [""1-4-3"", 0.0387]]",1-2,0.3873,False,True,0.8218,強,"{""逃げ"": 68.7, ""まくり差し"": 8.9, ""差し"": 8.2, ""まくり"": 7.8, ""抜き"": 5.6, ""恵まれ"": 0.8}","[""0〜600円"", ""600〜750円"", ""750〜900円"", ""900〜1050円"", ""1050〜1220円"", ""1220〜1410円"", ""1410〜1640円"", ""1640〜1890円"", ""1890〜2200円"", ""2200〜2560円"", ""2560〜3020円"", ""3020〜3580円"", ""3580〜4290円"", ""4290〜5220円"", ""5220〜6490円"", ""6490〜8310円"", ""8310〜11220円"", ""11220〜16240円"", ""16240〜28268円"", ""28268円〜""]","[11.4, 7.8, 7.1, 5.8, 5.3, 5.2, 5.0, 5.1, 3.9, 4.7, 4.4, 4.5, 3.7, 3.7, 3.8, 2.8, 3.1, 3.1, 4.5, 5.1]","[6.4, 2.8, 2.1, 0.8, 0.3, 0.2, 0.0, 0.1, -1.1, -0.3, -0.6, -0.5, -1.3, -1.3, -1.2, -2.2, -1.9, -1.9, -0.5, 0.1]"
20260815,10,1,1,39.8,"[[""1-3-5"", 0.1174], [""1-3-4"", 0.1082], [""1-3-6"", 0.0896], [""1-3-2"", 0.0849]]",3,29.0,"[[""3-1-5"", 0.0313], [""3-1-4"", 0.0288], [""3-1-6"", 0.0239], [""3-1-2"", 0.0226]]","[[""1-5-3"", 0.0606], [""1-4-3"", 0.0532], [""1-6-3"", 0.0432], [""1-2-3"", 0.0407]]",1-3,0.5471,True,False,0.7866,中,"{""逃げ"": 49.9, ""差し"": 16.5, ""まくり"": 14.2, ""まくり差し"": 11.3, ""抜き"": 7.2, ""恵まれ"": 0.8}","[""0〜600円"", ""600〜750円"", ""750〜900円"", ""900〜1050円"", ""1050〜1220円"", ""1220〜1410円"", ""1410〜1640円"", ""1640〜1890円"", ""1890〜2200円"", ""2200〜2560円"", ""2560〜3020円"", ""3020〜3580円"", ""3580〜4290円"", ""4290〜5220円"", ""5220〜6490円"", ""6490〜8310円"", ""8310〜11220円"", ""11220〜16240円"", ""16240〜28268円"", ""28268円〜""]","[5.4, 5.1, 4.6, 4.3, 4.7, 5.2, 5.2, 4.0, 5.1, 4.9, 5.1, 5.7, 5.3, 5.9, 4.6, 4.9, 4.0, 6.0, 4.2, 6.2]","[0.4, 0.1, -0.4, -0.7, -0.3, 0.2, 0.2, -1.0, 0.1, -0.1, 0.1, 0.7, 0.3, 0.9, -0.4, -0.1, -1.0, 1.0, -0.8, 1.2]"
20260815,10,2,1,61.5,"[[""1-2-3"", 0.1973], [""1-2-4"", 0.0977], [""1-2-5"", 0.0519]]",2,23.3,"[[""2-1-3"", 0.136], [""2-1-4"", 0.0674], [""2-1-5"", 0.0358]]","[[""1-3-2"", 0.0619], [""3-1-2"", 0.0305], [""2-3-1"", 0.0278], [""1-4-2"", 0.0276]]",1-2,0.6747,True,True,0.8218,中,"{""逃げ"": 49.9, ""差し"": 16.5, ""まくり"": 14.2, ""まくり差し"": 11.3, ""抜き"": 7.2, ""恵まれ"": 0.8}","[""0〜600円"", ""600〜750円"", ""750〜900円"", ""900〜1050円"", ""1050〜1220円"", ""1220〜1410円"", ""1410〜1640円"", ""1640〜1890円"", ""1890〜2200円"", ""2200〜2560円"", ""2560〜3020円"", ""3020〜3580円"", ""3580〜4290円"", ""4290〜5220円"", ""5220〜6490円"", ""6490〜8310円"", ""8310〜11220円"", ""11220〜16240円"", ""16240〜28268円"", ""28268円〜""]","[5.4, 5.1, 4.6, 4.3, 4.7, 5.2, 5.2, 4.0, 5.1, 4.9, 5.1, 5.7, 5.3, 5.9, 4.6, 4.9, 4.0, 6.0, 4.2, 6.2]","[0.4, 0.1, -0.4, -0.7, -0.3, 0.2, 0.2, -1.0, 0.1, -0.1, 0.1, 0.7, 0.3, 0.9, -0.4, -0.1, -1.0, 1.0, -0.8, 1.2]"
20260815,10,3,1,44.1,"[[""1-3-2"", 0.1231], [""1-3-4"", 0.0962], [""1-3-5"", 0.0495], [""1-3-6"", 0.0295]]",3,28.3,"[[""3-1-2"", 0.0446], [""3-1-4"", 0.0348], [""3-1-5"", 0.0179], [""3-1-6"", 0.0107]]","[[""1-2-3"", 0.0863], [""1-4-3"", 0.0604], [""2-1-3"", 0.0288], [""1-2-4"", 0.035]]",1-3,0.4426,False,True,0.8218,強,"{""逃げ"": 63.1, ""差し"": 12.2, ""まくり差し"": 9.3, ""まくり"": 9.1, ""抜き"": 5.6, ""恵まれ"": 0.6}","[""0〜600円"", ""600〜750円"", ""750〜900円"", ""900〜1050円"", ""1050〜1220円"", ""1220〜1410円"", ""1410〜1640円"", ""1640〜1890円"", ""1890〜2200円"", ""2200〜2560円"", ""2560〜3020円"", ""3020〜3580円"", ""3580〜4290円"", ""4290〜5220円"", ""5220〜6490円"", ""6490〜8310円"", ""8310〜11220円"", ""11220〜16240円"", ""16240〜28268円"", ""28268円〜""]","[9.0, 7.5, 6.8, 5.9, 5.0, 4.8, 5.6, 4.3, 4.5, 4.1, 4.3, 3.6, 3.5, 4.3, 3.4, 3.6, 3.9, 4.5, 5.6, 5.6]","[4.0, 2.5, 1.8, 0.9, 0.0, -0.2, 0.6, -0.7, -0.5, -0.9, -0.7, -1.4, -1.5, -0.7, -1.6, -1.4, -1.1, -0.5, 0.6, 0.6]"
20260815,10,4,1,46.3,"[[""1-3-6"", 0.0518], [""1-3-4"", 0.0638], [""1-6-3"", 0.0471], [""1-4-3"", 0.0573], [""1-6-4"", 0.0451], [""1-4-6"", 0.0447], [""1-3-2"", 0.0284], [""1-3-5"", 0.0267], [""1-2-3"", 0.0217]]",4,32.5,"[[""4-1-3"", 0.0262], [""4-1-6"", 0.0204]]","[[""3-1-6"", 0.0245], [""3-1-4"", 0.0302], [""6-1-3"", 0.0216], [""6-1-4"", 0.0207]]",,,False,False,0.7866,強,"{""逃げ"": 63.1, ""差し"": 12.2, ""まくり差し"": 9.3, ""まくり"": 9.1, ""抜き"": 5.6, ""恵まれ"": 0.6}","[""0〜600円"", ""600〜750円"", ""750〜900円"", ""900〜1050円"", ""1050〜1220円"", ""1220〜1410円"", ""1410〜1640円"", ""1640〜1890円"", ""1890〜2200円"", ""2200〜2560円"", ""2560〜3020円"", ""3020〜3580円"", ""3580〜4290円"", ""4290〜5220円"", ""5220〜6490円"", ""6490〜8310円"", ""8310〜11220円"", ""11220〜16240円"", ""16240〜28268円"", ""28268円〜""]","[9.0, 7.5, 6.8, 5.9, 5.0, 4.8, 5.6, 4.3, 4.5, 4.1, 4.3, 3.6, 3.5, 4.3, 3.4, 3.6, 3.9, 4.5, 5.6, 5.6]","[4.0, 2.5, 1.8, 0.9, 0.0, -0.2, 0.6, -0.7, -0.5, -0.9, -0.7, -1.4, -1.5, -0.7, -1.6, -1.4, -1.1, -0.5, 0.6, 0.6]"
20260815,10,5,1,47.7,"[[""1-2-4"", 0.0635], [""1-4-2"", 0.0632], [""1-2-3"", 0.0699], [""1-4-3"", 0.069], [""1-3-2"", 0.066], [""1-3-4"", 0.0654], [""1-2-5"", 0.0335], [""1-4-5"", 0.0331], [""1-3-5"", 0.0272]]",3,30.8,"[[""3-1-2"", 0.0247], [""3-1-4"", 0.0245], [""3-1-5"", 0.0102]]","[[""2-1-4"", 0.0241], [""4-1-2"", 0.024], [""1-5-2"", 0.0269], [""1-5-4"", 0.0266]]",,,False,False,0.7866,強,"{""逃げ"": 63.1, ""差し"": 12.2, ""まくり差し"": 9.3, ""まくり"": 9.1, ""抜き"": 5.6, ""恵まれ"": 0.6}","[""0〜600円"", ""600〜750円"", ""750〜900円"", ""900〜1050円"", ""1050〜1220円"", ""1220〜1410円"", ""1410〜1640円"", ""1640〜1890円"", ""1890〜2200円"", ""2200〜2560円"", ""2560〜3020円"", ""3020〜3580円"", ""3580〜4290円"", ""4290〜5220円"", ""5220〜6490円"", ""6490〜8310円"", ""8310〜11220円"", ""11220〜16240円"", ""16240〜28268円"", ""28268円〜""]","[9.0, 7.5, 6.8, 5.9, 5.0, 4.8, 5.6, 4.3, 4.5, 4.1, 4.3, 3.6, 3.5, 4.3, 3.4, 3.6, 3.9, 4.5, 5.6, 5.6]","[4.0, 2.5, 1.8, 0.9, 0.0, -0.2, 0.6, -0.7, -0.5, -0.9, -0.7, -1.4, -1.5, -0.7, -1.6, -1.4, -1.1, -0.5, 0.6, 0.6]"
20260815,10,6,3,54.3,"[[""3-2-1"", 0.0711], [""3-1-2"", 0.0637], [""3-2-4"", 0.0622], [""3-1-4"", 0.0457], [""3-2-6"", 0.0139], [""3-1-6"", 0.0102]]",2,26.6,"[[""2-3-1"", 0.0529], [""2-3-4"", 0.0463], [""2-3-6"", 0.0104]]","[[""1-3-2"", 0.045], [""3-4-2"", 0.0493], [""3-4-1"", 0.0404], [""2-1-3"", 0.0315]]",,,False,True,0.8218,強,"{""逃げ"": 63.1, ""差し"": 12.2, ""まくり差し"": 9.3, ""まくり"": 9.1, ""抜き"": 5.6, ""恵まれ"": 0.6}","[""0〜600円"", ""600〜750円"", ""750〜900円"", ""900〜1050円"", ""1050〜1220円"", ""1220〜1410円"", ""1410〜1640円"", ""1640〜1890円"", ""1890〜2200円"", ""2200〜2560円"", ""2560〜3020円"", ""3020〜3580円"", ""3580〜4290円"", ""4290〜5220円"", ""5220〜6490円"", ""6490〜8310円"", ""8310〜11220円"", ""11220〜16240円"", ""16240〜28268円"", ""28268円〜""]","[9.0, 7.5, 6.8, 5.9, 5.0, 4.8, 5.6, 4.3, 4.5, 4.1, 4.3, 3.6, 3.5, 4.3, 3.4, 3.6, 3.9, 4.5, 5.6, 5.6]","[4.0, 2.5, 1.8, 0.9, 0.0, -0.2, 0.6, -0.7, -0.5, -0.9, -0.7, -1.4, -1.5, -0.7, -1.6, -1.4, -1.1, -0.5, 0.6, 0.6]"
20260815,10,7,1,45.2,"[[""1-3-6"", 0.0456], [""1-6-3"", 0.0409], [""1-3-5"", 0.0349], [""1-3-4"", 0.0333], [""1-3-2"", 0.0312], [""1-5-3"", 0.0277], [""1-4-3"", 0.0261], [""1-2-3"", 0.0243], [""1-6-5"", 0.0238]]",3,27.5,"[[""3-1-6"", 0.0284], [""3-1-5"", 0.0217], [""3-1-4"", 0.0207], [""3-1-2"", 0.0194]]","[[""6-1-3"", 0.0243], [""1-6-4"", 0.0227], [""1-6-2"", 0.0213], [""1-5-6"", 0.0211]]",,,False,False,0.7866,中,"{""逃げ"": 49.9, ""差し"": 16.5, ""まくり"": 14.2, ""まくり差し"": 11.3, ""抜き"": 7.2, ""恵まれ"": 0.8}","[""0〜600円"", ""600〜750円"", ""750〜900円"", ""900〜1050円"", ""1050〜1220円"", ""1220〜1410円"", ""1410〜1640円"", ""1640〜1890円"", ""1890〜2200円"", ""2200〜2560円"", ""2560〜3020円"", ""3020〜3580円"", ""3580〜4290円"", ""4290〜5220円"", ""5220〜6490円"", ""6490〜8310円"", ""8310〜11220円"", ""11220〜16240円"", ""16240〜28268円"", ""28268円〜""]","[5.4, 5.1, 4.6, 4.3, 4.7, 5.2, 5.2, 4.0, 5.1, 4.9, 5.1, 5.7, 5.3, 5.9, 4.6, 4.9, 4.0, 6.0, 4.2, 6.2]","[0.4, 0.1, -0.4, -0.7, -0.3, 0.2, 0.2, -1.0, 0.1, -0.1, 0.1, 0.7, 0.3, 0.9, -0.4, -0.1, -1.0, 1.0, -0.8, 1.2]"
20260815,10,8,4,44.1,"[[""4-1-5"", 0.025], [""4-5-1"", 0.023], [""4-1-2"", 0.0292], [""4-2-1"", 0.0262], [""4-5-2"", 0.0219], [""4-2-5"", 0.0213], [""4-1-3"", 0.0128], [""4-1-6"", 0.011]]",1,37.3,"[[""1-4-5"", 0.0237], [""1-4-2"", 0.0277], [""1-5-4"", 0.0204], [""1-2-4"", 0.0233], [""1-5-2"", 0.0167], [""1-2-5"", 0.0163]]","[[""5-4-1"", 0.0207], [""5-1-4"", 0.0193], [""2-4-1"", 0.0231], [""2-1-4"", 0.0216]]",,,False,False,0.7866,強,"{""逃げ"": 63.1, ""差し"": 12.2, ""まくり差し"": 9.3, ""まくり"": 9.1, ""抜き"": 5.6, ""恵まれ"": 0.6}","[""0〜600円"", ""600〜750円"", ""750〜900円"", ""900〜1050円"", ""1050〜1220円"", ""1220〜1410円"", ""1410〜1640円"", ""1640〜1890円"", ""1890〜2200円"", ""2200〜2560円"", ""2560〜3020円"", ""3020〜3580円"", ""3580〜4290円"", ""4290〜5220円"", ""5220〜6490円"", ""6490〜8310円"", ""8310〜11220円"", ""11220〜16240円"", ""16240〜28268円"", ""28268円〜""]","[9.0, 7.5, 6.8, 5.9, 5.0, 4.8, 5.6, 4.3, 4.5, 4.1, 4.3, 3.6, 3.5, 4.3, 3.4, 3.6, 3.9, 4.5, 5.6, 5.6]","[4.0, 2.5, 1.8, 0.9, 0.0, -0.2, 0.6, -0.7, -0.5, -0.9, -0.7, -1.4, -1.5, -0.7, -1.6, -1.4, -1.1, -0.5, 0.6, 0.6]"
20260815,10,9,1,46.7,"[[""1-2-4"", 0.0403], [""1-2-5"", 0.0477], [""1-2-3"", 0.0459]]",2,23.2,"[[""2-1-4"", 0.0343], [""2-1-5"", 0.0406], [""2-1-3"", 0.0391]]","[[""1-4-2"", 0.0306], [""1-5-2"", 0.0356], [""1-3-2"", 0.0339], [""4-1-2"", 0.0224]]",1-2,0.2705,False,False,0.7866,弱,"{""逃げ"": 31.7, ""まくり"": 21.4, ""差し"": 22.0, ""まくり差し"": 15.5, ""抜き"": 8.4, ""恵まれ"": 1.0}","[""0〜600円"", ""600〜750円"", ""750〜900円"", ""900〜1050円"", ""1050〜1220円"", ""1220〜1410円"", ""1410〜1640円"", ""1640〜1890円"", ""1890〜2200円"", ""2200〜2560円"", ""2560〜3020円"", ""3020〜3580円"", ""3580〜4290円"", ""4290〜5220円"", ""5220〜6490円"", ""6490〜8310円"", ""8310〜11220円"", ""11220〜16240円"", ""16240〜28268円"", ""28268円〜""]","[0.9, 1.4, 2.5, 2.6, 2.8, 4.3, 4.3, 5.8, 5.0, 5.4, 4.9, 7.1, 7.1, 6.7, 7.0, 7.1, 7.3, 6.0, 7.1, 4.6]","[-4.1, -3.6, -2.5, -2.4, -2.2, -0.7, -0.7, 0.8, -0.0, 0.4, -0.1, 2.1, 2.1, 1.7, 2.0, 2.1, 2.3, 1.0, 2.1, -0.4]"
20260815,10,10,4,54.7,"[[""4-1-2"", 0.0195], [""4-2-1"", 0.0192], [""4-1-3"", 0.0231], [""4-3-1"", 0.0222], [""4-2-3"", 0.0216], [""4-3-2"", 0.0212], [""4-1-6"", 0.0141], [""4-2-6"", 0.0132], [""4-6-1"", 0.0121]]",2,30.8,"[[""2-4-1"", 0.0167], [""2-4-3"", 0.0188], [""2-1-4"", 0.0141], [""2-3-4"", 0.0154], [""2-4-6"", 0.0115], [""2-1-3"", 0.0103]]","[[""1-4-2"", 0.0171], [""1-4-3"", 0.0202], [""3-4-1"", 0.019], [""3-4-2"", 0.0181]]",,,False,False,0.7866,強,"{""逃げ"": 63.1, ""差し"": 12.2, ""まくり差し"": 9.3, ""まくり"": 9.1, ""抜き"": 5.6, ""恵まれ"": 0.6}","[""0〜600円"", ""600〜750円"", ""750〜900円"", ""900〜1050円"", ""1050〜1220円"", ""1220〜1410円"", ""1410〜1640円"", ""1640〜1890円"", ""1890〜2200円"", ""2200〜2560円"", ""2560〜3020円"", ""3020〜3580円"", ""3580〜4290円"", ""4290〜5220円"", ""5220〜6490円"", ""6490〜8310円"", ""8310〜11220円"", ""11220〜16240円"", ""16240〜28268円"", ""28268円〜""]","[9.0, 7.5, 6.8, 5.9, 5.0, 4.8, 5.6, 4.3, 4.5, 4.1, 4.3, 3.6, 3.5, 4.3, 3.4, 3.6, 3.9, 4.5, 5.6, 5.6]","[4.0, 2.5, 1.8, 0.9, 0.0, -0.2, 0.6, -0.7, -0.5, -0.9, -0.7, -1.4, -1.5, -0.7, -1.6, -1.4, -1.1, -0.5, 0.6, 0.6]"
20260815,10,11,2,64.1,"[[""2-1-5"", 0.0428], [""2-1-3"", 0.0525], [""2-1-4"", 0.0381], [""2-1-6"", 0.0152]]",1,16.9,"[[""1-2-5"", 0.0369], [""1-2-3"", 0.0454], [""1-2-4"", 0.0329], [""1-2-6"", 0.0131]]","[[""2-5-1"", 0.0301], [""2-3-1"", 0.0367], [""1-5-2"", 0.0217], [""5-2-1"", 0.0215]]",1-2,0.2986,False,False,0.7866,強,"{""逃げ"": 63.1, ""差し"": 12.2, ""まくり差し"": 9.3, ""まくり"": 9.1, ""抜き"": 5.6, ""恵まれ"": 0.6}","[""0〜600円"", ""600〜750円"", ""750〜900円"", ""900〜1050円"", ""1050〜1220円"", ""1220〜1410円"", ""1410〜1640円"", ""1640〜1890円"", ""1890〜2200円"", ""2200〜2560円"", ""2560〜3020円"", ""3020〜3580円"", ""3580〜4290円"", ""4290〜5220円"", ""5220〜6490円"", ""6490〜8310円"", ""8310〜11220円"", ""11220〜16240円"", ""16240〜28268円"", ""28268円〜""]","[9.0, 7.5, 6.8, 5.9, 5.0, 4.8, 5.6, 4.3, 4.5, 4.1, 4.3, 3.6, 3.5, 4.3, 3.4, 3.6, 3.9, 4.5, 5.6, 5.6]","[4.0, 2.5, 1.8, 0.9, 0.0, -0.2, 0.6, -0.7, -0.5, -0.9, -0.7, -1.4, -1.5, -0.7, -1.6, -1.4, -1.1, -0.5, 0.6, 0.6]"
20260815,10,12,1,54.3,"[[""1-2-3"", 0.0786], [""1-3-2"", 0.0767], [""1-2-5"", 0.0644], [""1-3-5"", 0.0593], [""1-5-2"", 0.0558], [""1-2-4"", 0.0555], [""1-5-3"", 0.0526], [""1-3-4"", 0.0511], [""1-4-2"", 0.0465]]",3,40.7,"[[""3-1-2"", 0.0164], [""3-1-5"", 0.0127], [""3-1-4"", 0.0109]]","[[""1-4-3"", 0.0439], [""1-5-4"", 0.0305], [""1-4-5"", 0.0296], [""1-2-6"", 0.0228]]",,,False,True,0.8218,強,"{""逃げ"": 63.1, ""差し"": 12.2, ""まくり差し"": 9.3, ""まくり"": 9.1, ""抜き"": 5.6, ""恵まれ"": 0.6}","[""0〜600円"", ""600〜750円"", ""750〜900円"", ""900〜1050円"", ""1050〜1220円"", ""1220〜1410円"", ""1410〜1640円"", ""1640〜1890円"", ""1890〜2200円"", ""2200〜2560円"", ""2560〜3020円"", ""3020〜3580円"", ""3580〜4290円"", ""4290〜5220円"", ""5220〜6490円"", ""6490〜8310円"", ""8310〜11220円"", ""11220〜16240円"", ""16240〜28268円"", ""28268円〜""]","[9.0, 7.5, 6.8, 5.9, 5.0, 4.8, 5.6, 4.3, 4.5, 4.1, 4.3, 3.6, 3.5, 4.3, 3.4, 3.6, 3.9, 4.5, 5.6, 5.6]","[4.0, 2.5, 1.8, 0.9, 0.0, -0.2, 0.6, -0.7, -0.5, -0.9, -0.7, -1.4, -1.5, -0.7, -1.6, -1.4, -1.1, -0.5, 0.6, 0.6]"
20260815,11,1,1,64.4,"[[""1-2-3"", 0.0308], [""1-2-5"", 0.0373], [""1-3-2"", 0.0278], [""1-5-2"", 0.0336], [""1-2-4"", 0.0275], [""1-3-5"", 0.0255], [""1-5-3"", 0.0255], [""1-4-2"", 0.023], [""1-3-4"", 0.0188]]",2,34.2,"[[""2-1-3"", 0.0246], [""2-1-5"", 0.0297], [""2-1-4"", 0.0219]]","[[""3-1-2"", 0.0209], [""5-1-2"", 0.0253], [""2-3-1"", 0.0166], [""2-5-1"", 0.0201]]",,,False,True,0.8218,弱,"{""逃げ"": 34.5, ""まくり"": 22.4, ""差し"": 18.5, ""まくり差し"": 17.2, ""抜き"": 6.8, ""恵まれ"": 0.6}","[""0〜600円"", ""600〜750円"", ""750〜900円"", ""900〜1050円"", ""1050〜1220円"", ""1220〜1410円"", ""1410〜1640円"", ""1640〜1890円"", ""1890〜2200円"", ""2200〜2560円"", ""2560〜3020円"", ""3020〜3580円"", ""3580〜4290円"", ""4290〜5220円"", ""5220〜6490円"", ""6490〜8310円"", ""8310〜11220円"", ""11220〜16240円"", ""16240〜28268円"", ""28268円〜""]","[1.0, 1.8, 3.4, 3.5, 3.5, 6.0, 4.6, 5.8, 5.7, 6.7, 5.5, 6.3, 7.1, 6.1, 6.2, 6.2, 6.0, 5.7, 5.4, 3.8]","[-4.0, -3.2, -1.6, -1.5, -1.5, 1.0, -0.4, 0.8, 0.7, 1.7, 0.5, 1.3, 2.1, 1.1, 1.2, 1.2, 1.0, 0.7, 0.4, -1.2]"
20260815,11,2,1,54.9,"[[""1-4-2"", 0.0896], [""1-2-4"", 0.0769], [""1-4-5"", 0.0961], [""1-4-3"", 0.0931], [""1-5-4"", 0.0786], [""1-3-4"", 0.0755], [""1-2-5"", 0.0568], [""1-2-3"", 0.055], [""1-5-2"", 0.0541]]",4,30.6,"[[""4-1-2"", 0.0101], [""4-1-5"", 0.0108], [""4-1-3"", 0.0105]]","[[""1-3-2"", 0.052], [""1-5-3"", 0.0442], [""1-3-5"", 0.0439], [""2-1-4"", 0.0086]]",,,False,False,0.7866,強,"{""逃げ"": 64.4, ""差し"": 10.9, ""まくり差し"": 9.7, ""まくり"": 9.0, ""抜き"": 5.2, ""恵まれ"": 0.8}","[""0〜600円"", ""600〜750円"", ""750〜900円"", ""900〜1050円"", ""1050〜1220円"", ""1220〜1410円"", ""1410〜1640円"", ""1640〜1890円"", ""1890〜2200円"", ""2200〜2560円"", ""2560〜3020円"", ""3020〜3580円"", ""3580〜4290円"", ""4290〜5220円"", ""5220〜6490円"", ""6490〜8310円"", ""8310〜11220円"", ""11220〜16240円"", ""16240〜28268円"", ""28268円〜""]","[8.7, 7.0, 6.5, 5.7, 5.5, 5.6, 5.8, 4.4, 4.2, 4.5, 4.6, 4.3, 4.2, 4.0, 3.6, 3.7, 3.3, 4.1, 4.4, 5.9]","[3.7, 2.0, 1.5, 0.7, 0.5, 0.6, 0.8, -0.6, -0.8, -0.5, -0.4, -0.7, -0.8, -1.0, -1.4, -1.3, -1.7, -0.9, -0.6, 0.9]"
20260815,11,3,2,58.1,"[[""2-1-6"", 0.0278], [""2-1-3"", 0.0335], [""2-6-1"", 0.0255], [""2-1-4"", 0.0321], [""2-3-1"", 0.0302], [""2-4-1"", 0.0286], [""2-6-3"", 0.0242], [""2-3-6"", 0.0239], [""2-6-4"", 0.0232]]",1,25.6,"[[""1-2-6"", 0.0232], [""1-2-3"", 0.0279], [""1-2-4"", 0.0267]]","[[""6-2-1"", 0.0201], [""3-2-1"", 0.0236], [""2-4-6"", 0.0226], [""4-2-1"", 0.0222]]",,,False,False,0.7866,強,"{""逃げ"": 64.4, ""差し"": 10.9, ""まくり差し"": 9.7, ""まくり"": 9.0, ""抜き"": 5.2, ""恵まれ"": 0.8}","[""0〜600円"", ""600〜750円"", ""750〜900円"", ""900〜1050円"", ""1050〜1220円"", ""1220〜1410円"", ""1410〜1640円"", ""1640〜1890円"", ""1890〜2200円"", ""2200〜2560円"", ""2560〜3020円"", ""3020〜3580円"", ""3580〜4290円"", ""4290〜5220円"", ""5220〜6490円"", ""6490〜8310円"", ""8310〜11220円"", ""11220〜16240円"", ""16240〜28268円"", ""28268円〜""]","[8.7, 7.0, 6.5, 5.7, 5.5, 5.6, 5.8, 4.4, 4.2, 4.5, 4.6, 4.3, 4.2, 4.0, 3.6, 3.7, 3.3, 4.1, 4.4, 5.9]","[3.7, 2.0, 1.5, 0.7, 0.5, 0.6, 0.8, -0.6, -0.8, -0.5, -0.4, -0.7, -0.8, -1.0, -1.4, -1.3, -1.7, -0.9, -0.6, 0.9]"
20260815,11,4,1,52.5,"[[""1-2-4"", 0.0469], [""1-4-2"", 0.0377], [""1-2-5"", 0.0463], [""1-2-3"", 0.0449], [""1-5-2"", 0.0348], [""1-3-2"", 0.0336], [""1-4-5"", 0.0227], [""1-4-3"", 0.022], [""1-5-4"", 0.0213]]",2,23.1,"[[""2-1-4"", 0.036], [""2-1-5"", 0.0355], [""2-1-3"", 0.0344]]","[[""4-1-2"", 0.026], [""2-4-1"", 0.0207], [""4-2-1"", 0.0186], [""5-1-2"", 0.0231]]",,,False,False,0.7866,中,"{""逃げ"": 51.2, ""まくり"": 14.7, ""まくり差し"": 14.2, ""差し"": 12.7, ""抜き"": 6.4, ""恵まれ"": 0.8}","[""0〜600円"", ""600〜750円"", ""750〜900円"", ""900〜1050円"", ""1050〜1220円"", ""1220〜1410円"", ""1410〜1640円"", ""1640〜1890円"", ""1890〜2200円"", ""2200〜2560円"", ""2560〜3020円"", ""3020〜3580円"", ""3580〜4290円"", ""4290〜5220円"", ""5220〜6490円"", ""6490〜8310円"", ""8310〜11220円"", ""11220〜16240円"", ""16240〜28268円"", ""28268円〜""]","[4.0, 4.3, 6.1, 4.7, 5.5, 5.0, 5.3, 4.4, 5.2, 5.2, 5.4, 5.9, 4.7, 4.6, 4.7, 5.2, 6.0, 4.7, 4.8, 4.3]","[-1.0, -0.7, 1.1, -0.3, 0.5, 0.0, 0.3, -0.6, 0.2, 0.2, 0.4, 0.9, -0.3, -0.4, -0.3, 0.2, 1.0, -0.3, -0.2, -0.7]"
20260815,11,5,2,50.5,"[[""2-4-1"", 0.0521], [""2-1-4"", 0.0503], [""2-4-5"", 0.0351], [""2-1-5"", 0.0317], [""2-4-3"", 0.0304], [""2-1-3"", 0.0274]]",4,24.4,"[[""4-2-1"", 0.0398], [""4-2-5"", 0.0268], [""4-2-3"", 0.0232]]","[[""1-2-4"", 0.0378], [""4-1-2"", 0.0264], [""1-4-2"", 0.0259], [""2-5-4"", 0.0278]]",,,False,False,0.7866,強,"{""逃げ"": 64.4, ""差し"": 10.9, ""まくり差し"": 9.7, ""まくり"": 9.0, ""抜き"": 5.2, ""恵まれ"": 0.8}","[""0〜600円"", ""600〜750円"", ""750〜900円"", ""900〜1050円"", ""1050〜1220円"", ""1220〜1410円"", ""1410〜1640円"", ""1640〜1890円"", ""1890〜2200円"", ""2200〜2560円"", ""2560〜3020円"", ""3020〜3580円"", ""3580〜4290円"", ""4290〜5220円"", ""5220〜6490円"", ""6490〜8310円"", ""8310〜11220円"", ""11220〜16240円"", ""16240〜28268円"", ""28268円〜""]","[8.7, 7.0, 6.5, 5.7, 5.5, 5.6, 5.8, 4.4, 4.2, 4.5, 4.6, 4.3, 4.2, 4.0, 3.6, 3.7, 3.3, 4.1, 4.4, 5.9]","[3.7, 2.0, 1.5, 0.7, 0.5, 0.6, 0.8, -0.6, -0.8, -0.5, -0.4, -0.7, -0.8, -1.0, -1.4, -1.3, -1.7, -0.9, -0.6, 0.9]"
20260815,11,6,1,52.8,"[[""1-2-5"", 0.0465], [""1-2-6"", 0.0488], [""1-2-3"", 0.0382], [""1-2-4"", 0.0162]]",2,27.6,"[[""2-1-5"", 0.0394], [""2-1-6"", 0.0414], [""2-1-3"", 0.0324], [""2-1-4"", 0.0137]]","[[""1-5-2"", 0.0335], [""1-6-2"", 0.0336], [""5-1-2"", 0.0239], [""2-5-1"", 0.0232]]",1-2,0.3,False,False,0.7866,弱,"{""逃げ"": 34.5, ""まくり"": 22.4, ""差し"": 18.5, ""まくり差し"": 17.2, ""抜き"": 6.8, ""恵まれ"": 0.6}","[""0〜600円"", ""600〜750円"", ""750〜900円"", ""900〜1050円"", ""1050〜1220円"", ""1220〜1410円"", ""1410〜1640円"", ""1640〜1890円"", ""1890〜2200円"", ""2200〜2560円"", ""2560〜3020円"", ""3020〜3580円"", ""3580〜4290円"", ""4290〜5220円"", ""5220〜6490円"", ""6490〜8310円"", ""8310〜11220円"", ""11220〜16240円"", ""16240〜28268円"", ""28268円〜""]","[1.0, 1.8, 3.4, 3.5, 3.5, 6.0, 4.6, 5.8, 5.7, 6.7, 5.5, 6.3, 7.1, 6.1, 6.2, 6.2, 6.0, 5.7, 5.4, 3.8]","[-4.0, -3.2, -1.6, -1.5, -1.5, 1.0, -0.4, 0.8, 0.7, 1.7, 0.5, 1.3, 2.1, 1.1, 1.2, 1.2, 1.0, 0.7, 0.4, -1.2]"
20260815,11,7,1,32.8,"[[""1-5-3"", 0.0664], [""1-5-4"", 0.0435], [""1-5-2"", 0.0334]]",5,24.4,"[[""5-1-3"", 0.0611], [""5-1-4"", 0.0401], [""5-1-2"", 0.0308]]","[[""1-3-5"", 0.0494], [""5-3-1"", 0.0406], [""3-1-5"", 0.0389], [""3-5-1"", 0.0347]]",1-5,0.3141,False,False,0.7866,中,"{""逃げ"": 51.2, ""まくり"": 14.7, ""まくり差し"": 14.2, ""差し"": 12.7, ""抜き"": 6.4, ""恵まれ"": 0.8}","[""0〜600円"", ""600〜750円"", ""750〜900円"", ""900〜1050円"", ""1050〜1220円"", ""1220〜1410円"", ""1410〜1640円"", ""1640〜1890円"", ""1890〜2200円"", ""2200〜2560円"", ""2560〜3020円"", ""3020〜3580円"", ""3580〜4290円"", ""4290〜5220円"", ""5220〜6490円"", ""6490〜8310円"", ""8310〜11220円"", ""11220〜16240円"", ""16240〜28268円"", ""28268円〜""]","[4.0, 4.3, 6.1, 4.7, 5.5, 5.0, 5.3, 4.4, 5.2, 5.2, 5.4, 5.9, 4.7, 4.6, 4.7, 5.2, 6.0, 4.7, 4.8, 4.3]","[-1.0, -0.7, 1.1, -0.3, 0.5, 0.0, 0.3, -0.6, 0.2, 0.2, 0.4, 0.9, -0.3, -0.4, -0.3, 0.2, 1.0, -0.3, -0.2, -0.7]"
20260815,11,8,1,50.7,"[[""1-4-5"", 0.0638], [""1-5-4"", 0.0552], [""1-4-2"", 0.0673], [""1-5-2"", 0.0433], [""1-4-3"", 0.02], [""1-4-6"", 0.0151], [""1-5-3"", 0.0128]]",4,23.8,"[[""4-1-5"", 0.04], [""4-1-2"", 0.0423], [""4-1-3"", 0.0126]]","[[""1-2-4"", 0.0548], [""5-1-4"", 0.0327], [""1-2-5"", 0.0406], [""2-1-4"", 0.0316]]",,,False,False,0.7866,中,"{""逃げ"": 51.2, ""まくり"": 14.7, ""まくり差し"": 14.2, ""差し"": 12.7, ""抜き"": 6.4, ""恵まれ"": 0.8}","[""0〜600円"", ""600〜750円"", ""750〜900円"", ""900〜1050円"", ""1050〜1220円"", ""1220〜1410円"", ""1410〜1640円"", ""1640〜1890円"", ""1890〜2200円"", ""2200〜2560円"", ""2560〜3020円"", ""3020〜3580円"", ""3580〜4290円"", ""4290〜5220円"", ""5220〜6490円"", ""6490〜8310円"", ""8310〜11220円"", ""11220〜16240円"", ""16240〜28268円"", ""28268円〜""]","[4.0, 4.3, 6.1, 4.7, 5.5, 5.0, 5.3, 4.4, 5.2, 5.2, 5.4, 5.9, 4.7, 4.6, 4.7, 5.2, 6.0, 4.7, 4.8, 4.3]","[-1.0, -0.7, 1.1, -0.3, 0.5, 0.0, 0.3, -0.6, 0.2, 0.2, 0.4, 0.9, -0.3, -0.4, -0.3, 0.2, 1.0, -0.3, -0.2, -0.7]"
20260815,11,9,1,51.9,"[[""1-4-3"", 0.0671], [""1-4-2"", 0.0788], [""1-4-5"", 0.0261], [""1-4-6"", 0.0145]]",4,23.3,"[[""4-1-3"", 0.0438], [""4-1-2"", 0.0515], [""4-1-5"", 0.017]]","[[""1-3-4"", 0.0513], [""1-2-4"", 0.0588], [""3-1-4"", 0.03], [""1-3-2"", 0.0347]]",1-4,0.3383,False,False,0.7866,中,"{""逃げ"": 51.2, ""まくり"": 14.7, ""まくり差し"": 14.2, ""差し"": 12.7, ""抜き"": 6.4, ""恵まれ"": 0.8}","[""0〜600円"", ""600〜750円"", ""750〜900円"", ""900〜1050円"", ""1050〜1220円"", ""1220〜1410円"", ""1410〜1640円"", ""1640〜1890円"", ""1890〜2200円"", ""2200〜2560円"", ""2560〜3020円"", ""3020〜3580円"", ""3580〜4290円"", ""4290〜5220円"", ""5220〜6490円"", ""6490〜8310円"", ""8310〜11220円"", ""11220〜16240円"", ""16240〜28268円"", ""28268円〜""]","[4.0, 4.3, 6.1, 4.7, 5.5, 5.0, 5.3, 4.4, 5.2, 5.2, 5.4, 5.9, 4.7, 4.6, 4.7, 5.2, 6.0, 4.7, 4.8, 4.3]","[-1.0, -0.7, 1.1, -0.3, 0.5, 0.0, 0.3, -0.6, 0.2, 0.2, 0.4, 0.9, -0.3, -0.4, -0.3, 0.2, 1.0, -0.3, -0.2, -0.7]"
20260815,11,10,1,51.9,"[[""1-3-5"", 0.1076], [""1-3-2"", 0.0766], [""1-3-4"", 0.0409], [""1-3-6"", 0.0263]]",3,35.5,"[[""3-1-5"", 0.0401], [""3-1-2"", 0.0285], [""3-1-4"", 0.0152]]","[[""1-5-3"", 0.0882], [""1-2-3"", 0.0534], [""1-5-2"", 0.0433], [""5-1-3"", 0.0313]]",1-3,0.3851,False,False,0.7866,中,"{""逃げ"": 51.2, ""まくり"": 14.7, ""まくり差し"": 14.2, ""差し"": 12.7, ""抜き"": 6.4, ""恵まれ"": 0.8}","[""0〜600円"", ""600〜750円"", ""750〜900円"", ""900〜1050円"", ""1050〜1220円"", ""1220〜1410円"", ""1410〜1640円"", ""1640〜1890円"", ""1890〜2200円"", ""2200〜2560円"", ""2560〜3020円"", ""3020〜3580円"", ""3580〜4290円"", ""4290〜5220円"", ""5220〜6490円"", ""6490〜8310円"", ""8310〜11220円"", ""11220〜16240円"", ""16240〜28268円"", ""28268円〜""]","[4.0, 4.3, 6.1, 4.7, 5.5, 5.0, 5.3, 4.4, 5.2, 5.2, 5.4, 5.9, 4.7, 4.6, 4.7, 5.2, 6.0, 4.7, 4.8, 4.3]","[-1.0, -0.7, 1.1, -0.3, 0.5, 0.0, 0.3, -0.6, 0.2, 0.2, 0.4, 0.9, -0.3, -0.4, -0.3, 0.2, 1.0, -0.3, -0.2, -0.7]"
20260815,11,11,1,59.0,"[[""1-3-2"", 0.1595], [""1-3-4"", 0.0445], [""1-3-5"", 0.0429], [""1-3-6"", 0.0302]]",3,21.2,"[[""3-1-2"", 0.0824], [""3-1-4"", 0.023], [""3-1-5"", 0.0222], [""3-1-6"", 0.0156]]","[[""1-2-3"", 0.1075], [""2-1-3"", 0.0497], [""3-2-1"", 0.0239], [""2-3-1"", 0.0213]]",1-3,0.4729,False,True,0.8218,強,"{""逃げ"": 64.4, ""差し"": 10.9, ""まくり差し"": 9.7, ""まくり"": 9.0, ""抜き"": 5.2, ""恵まれ"": 0.8}","[""0〜600円"", ""600〜750円"", ""750〜900円"", ""900〜1050円"", ""1050〜1220円"", ""1220〜1410円"", ""1410〜1640円"", ""1640〜1890円"", ""1890〜2200円"", ""2200〜2560円"", ""2560〜3020円"", ""3020〜3580円"", ""3580〜4290円"", ""4290〜5220円"", ""5220〜6490円"", ""6490〜8310円"", ""8310〜11220円"", ""11220〜16240円"", ""16240〜28268円"", ""28268円〜""]","[8.7, 7.0, 6.5, 5.7, 5.5, 5.6, 5.8, 4.4, 4.2, 4.5, 4.6, 4.3, 4.2, 4.0, 3.6, 3.7, 3.3, 4.1, 4.4, 5.9]","[3.7, 2.0, 1.5, 0.7, 0.5, 0.6, 0.8, -0.6, -0.8, -0.5, -0.4, -0.7, -0.8, -1.0, -1.4, -1.3, -1.7, -0.9, -0.6, 0.9]"
20260815,11,12,1,56.0,"[[""1-2-3"", 0.0769], [""1-3-2"", 0.0686], [""1-2-4"", 0.0823], [""1-4-2"", 0.0704], [""1-3-4"", 0.0556], [""1-4-3"", 0.0534], [""1-2-5"", 0.0396], [""1-5-2"", 0.0295], [""1-2-6"", 0.0293]]",2,23.8,"[[""2-1-3"", 0.0228], [""2-1-4"", 0.0244], [""2-1-5"", 0.0117]]","[[""1-3-5"", 0.0268], [""3-1-2"", 0.0198], [""1-4-5"", 0.0226], [""1-5-3"", 0.0224]]",,,False,True,0.8218,強,"{""逃げ"": 64.4, ""差し"": 10.9, ""まくり差し"": 9.7, ""まくり"": 9.0, ""抜き"": 5.2, ""恵まれ"": 0.8}","[""0〜600円"", ""600〜750円"", ""750〜900円"", ""900〜1050円"", ""1050〜1220円"", ""1220〜1410円"", ""1410〜1640円"", ""1640〜1890円"", ""1890〜2200円"", ""2200〜2560円"", ""2560〜3020円"", ""3020〜3580円"", ""3580〜4290円"", ""4290〜5220円"", ""5220〜6490円"", ""6490〜8310円"", ""8310〜11220円"", ""11220〜16240円"", ""16240〜28268円"", ""28268円〜""]","[8.7, 7.0, 6.5, 5.7, 5.5, 5.6, 5.8, 4.4, 4.2, 4.5, 4.6, 4.3, 4.2, 4.0, 3.6, 3.7, 3.3, 4.1, 4.4, 5.9]","[3.7, 2.0, 1.5, 0.7, 0.5, 0.6, 0.8, -0.6, -0.8, -0.5, -0.4, -0.7, -0.8, -1.0, -1.4, -1.3, -1.7, -0.9, -0.6, 0.9]"
20260815,12,1,1,54.3,"[[""1-2-4"", 0.0423], [""1-4-2"", 0.0417], [""1-2-3"", 0.0406], [""1-4-3"", 0.0389]]",4,27.7,"[[""4-1-2"", 0.0389], [""4-2-1"", 0.0354], [""4-1-3"", 0.0362], [""4-2-3"", 0.0279]]","[[""2-1-4"", 0.0398], [""2-4-1"", 0.0358], [""2-1-3"", 0.0381], [""1-3-2"", 0.0355]]",,,False,False,0.7866,弱,"{""逃げ"": 37.1, ""まくり"": 24.4, ""差し"": 17.5, ""まくり差し"": 12.4, ""抜き"": 7.8, ""恵まれ"": 0.9}","[""0〜600円"", ""600〜750円"", ""750〜900円"", ""900〜1050円"", ""1050〜1220円"", ""1220〜1410円"", ""1410〜1640円"", ""1640〜1890円"", ""1890〜2200円"", ""2200〜2560円"", ""2560〜3020円"", ""3020〜3580円"", ""3580〜4290円"", ""4290〜5220円"", ""5220〜6490円"", ""6490〜8310円"", ""8310〜11220円"", ""11220〜16240円"", ""16240〜28268円"", ""28268円〜""]","[1.5, 2.7, 3.9, 3.6, 3.9, 4.8, 5.1, 6.1, 5.8, 5.7, 5.9, 5.6, 6.5, 6.0, 5.9, 6.4, 5.4, 5.6, 5.9, 3.6]","[-3.5, -2.3, -1.1, -1.4, -1.1, -0.2, 0.1, 1.1, 0.8, 0.7, 0.9, 0.6, 1.5, 1.0, 0.9, 1.4, 0.4, 0.6, 0.9, -1.4]"
20260815,12,2,1,44.8,"[[""1-2-3"", 0.0988], [""1-2-6"", 0.0952], [""1-2-5"", 0.032]]",2,34.6,"[[""2-1-3"", 0.0748], [""2-1-6"", 0.0721], [""2-1-5"", 0.0242]]","[[""1-3-2"", 0.0571], [""1-6-2"", 0.0521], [""3-1-2"", 0.0346], [""2-3-1"", 0.0307]]",1-2,0.4457,False,True,0.8218,中,"{""逃げ"": 54.9, ""まくり"": 14.0, ""差し"": 13.2, ""まくり差し"": 10.5, ""抜き"": 6.3, ""恵まれ"": 1.1}","[""0〜600円"", ""600〜750円"", ""750〜900円"", ""900〜1050円"", ""1050〜1220円"", ""1220〜1410円"", ""1410〜1640円"", ""1640〜1890円"", ""1890〜2200円"", ""2200〜2560円"", ""2560〜3020円"", ""3020〜3580円"", ""3580〜4290円"", ""4290〜5220円"", ""5220〜6490円"", ""6490〜8310円"", ""8310〜11220円"", ""11220〜16240円"", ""16240〜28268円"", ""28268円〜""]","[3.5, 6.3, 5.8, 5.7, 5.3, 4.8, 5.7, 5.2, 5.2, 4.8, 5.0, 5.0, 4.7, 4.3, 4.3, 4.1, 4.8, 5.4, 4.7, 4.8]","[-1.5, 1.3, 0.8, 0.7, 0.3, -0.2, 0.7, 0.2, 0.2, -0.2, 0.0, 0.0, -0.3, -0.7, -0.7, -0.9, -0.2, 0.4, -0.3, -0.2]"
20260815,12,3,1,55.9,"[[""1-3-4"", 0.1236], [""1-3-2"", 0.1043], [""1-3-5"", 0.0302]]",3,32.5,"[[""3-1-4"", 0.0778], [""3-1-2"", 0.0656], [""3-1-5"", 0.019]]","[[""1-4-3"", 0.0704], [""1-2-3"", 0.054], [""4-1-3"", 0.0366], [""3-4-1"", 0.0251]]",1-3,0.4892,False,False,0.7866,中,"{""逃げ"": 54.9, ""まくり"": 14.0, ""差し"": 13.2, ""まくり差し"": 10.5, ""抜き"": 6.3, ""恵まれ"": 1.1}","[""0〜600円"", ""600〜750円"", ""750〜900円"", ""900〜1050円"", ""1050〜1220円"", ""1220〜1410円"", ""1410〜1640円"", ""1640〜1890円"", ""1890〜2200円"", ""2200〜2560円"", ""2560〜3020円"", ""3020〜3580円"", ""3580〜4290円"", ""4290〜5220円"", ""5220〜6490円"", ""6490〜8310円"", ""8310〜11220円"", ""11220〜16240円"", ""16240〜28268円"", ""28268円〜""]","[3.5, 6.3, 5.8, 5.7, 5.3, 4.8, 5.7, 5.2, 5.2, 4.8, 5.0, 5.0, 4.7, 4.3, 4.3, 4.1, 4.8, 5.4, 4.7, 4.8]","[-1.5, 1.3, 0.8, 0.7, 0.3, -0.2, 0.7, 0.2, 0.2, -0.2, 0.0, 0.0, -0.3, -0.7, -0.7, -0.9, -0.2, 0.4, -0.3, -0.2]"
20260815,12,4,1,54.5,"[[""1-4-3"", 0.0589], [""1-4-2"", 0.073], [""1-4-5"", 0.0353]]",4,32.4,"[[""4-1-3"", 0.0407], [""4-1-2"", 0.0504], [""4-1-5"", 0.0244]]","[[""1-3-4"", 0.0465], [""1-2-4"", 0.0572], [""3-1-4"", 0.029], [""2-1-4"", 0.0355]]",1-4,0.312,False,False,0.7866,中,"{""逃げ"": 54.9, ""まくり"": 14.0, ""差し"": 13.2, ""まくり差し"": 10.5, ""抜き"": 6.3, ""恵まれ"": 1.1}","[""0〜600円"", ""600〜750円"", ""750〜900円"", ""900〜1050円"", ""1050〜1220円"", ""1220〜1410円"", ""1410〜1640円"", ""1640〜1890円"", ""1890〜2200円"", ""2200〜2560円"", ""2560〜3020円"", ""3020〜3580円"", ""3580〜4290円"", ""4290〜5220円"", ""5220〜6490円"", ""6490〜8310円"", ""8310〜11220円"", ""11220〜16240円"", ""16240〜28268円"", ""28268円〜""]","[3.5, 6.3, 5.8, 5.7, 5.3, 4.8, 5.7, 5.2, 5.2, 4.8, 5.0, 5.0, 4.7, 4.3, 4.3, 4.1, 4.8, 5.4, 4.7, 4.8]","[-1.5, 1.3, 0.8, 0.7, 0.3, -0.2, 0.7, 0.2, 0.2, -0.2, 0.0, 0.0, -0.3, -0.7, -0.7, -0.9, -0.2, 0.4, -0.3, -0.2]"
20260815,12,5,1,56.8,"[[""1-6-5"", 0.059], [""1-5-6"", 0.0535], [""1-6-3"", 0.062], [""1-3-6"", 0.0535], [""1-6-4"", 0.0481], [""1-6-2"", 0.0478], [""1-5-3"", 0.0426], [""1-3-5"", 0.0405], [""1-4-6"", 0.0394]]",6,22.8,"[[""6-1-5"", 0.0139], [""6-1-3"", 0.0146], [""6-1-4"", 0.0113], [""6-1-2"", 0.0112]]","[[""1-2-6"", 0.0392], [""1-5-4"", 0.033], [""1-5-2"", 0.0328], [""1-4-5"", 0.0299]]",,,False,False,0.7866,強,"{""逃げ"": 67.2, ""まくり"": 9.6, ""差し"": 8.7, ""まくり差し"": 8.8, ""抜き"": 4.9, ""恵まれ"": 0.8}","[""0〜600円"", ""600〜750円"", ""750〜900円"", ""900〜1050円"", ""1050〜1220円"", ""1220〜1410円"", ""1410〜1640円"", ""1640〜1890円"", ""1890〜2200円"", ""2200〜2560円"", ""2560〜3020円"", ""3020〜3580円"", ""3580〜4290円"", ""4290〜5220円"", ""5220〜6490円"", ""6490〜8310円"", ""8310〜11220円"", ""11220〜16240円"", ""16240〜28268円"", ""28268円〜""]","[7.8, 7.0, 7.6, 4.7, 7.0, 4.9, 4.5, 4.7, 4.2, 5.0, 4.5, 3.6, 4.3, 3.9, 4.2, 3.3, 4.0, 3.7, 4.5, 6.4]","[2.8, 2.0, 2.6, -0.3, 2.0, -0.1, -0.5, -0.3, -0.8, 0.0, -0.5, -1.4, -0.7, -1.1, -0.8, -1.7, -1.0, -1.3, -0.5, 1.4]"
20260815,12,6,1,58.7,"[[""1-2-4"", 0.0896], [""1-2-3"", 0.0859], [""1-2-6"", 0.0153]]",2,26.9,"[[""2-1-4"", 0.0589], [""2-1-3"", 0.0564], [""2-1-6"", 0.01]]","[[""1-4-2"", 0.0707], [""1-3-2"", 0.0615], [""4-1-2"", 0.0423], [""1-4-3"", 0.0449]]",1-2,0.3597,False,False,0.7866,中,"{""逃げ"": 54.9, ""まくり"": 14.0, ""差し"": 13.2, ""まくり差し"": 10.5, ""抜き"": 6.3, ""恵まれ"": 1.1}","[""0〜600円"", ""600〜750円"", ""750〜900円"", ""900〜1050円"", ""1050〜1220円"", ""1220〜1410円"", ""1410〜1640円"", ""1640〜1890円"", ""1890〜2200円"", ""2200〜2560円"", ""2560〜3020円"", ""3020〜3580円"", ""3580〜4290円"", ""4290〜5220円"", ""5220〜6490円"", ""6490〜8310円"", ""8310〜11220円"", ""11220〜16240円"", ""16240〜28268円"", ""28268円〜""]","[3.5, 6.3, 5.8, 5.7, 5.3, 4.8, 5.7, 5.2, 5.2, 4.8, 5.0, 5.0, 4.7, 4.3, 4.3, 4.1, 4.8, 5.4, 4.7, 4.8]","[-1.5, 1.3, 0.8, 0.7, 0.3, -0.2, 0.7, 0.2, 0.2, -0.2, 0.0, 0.0, -0.3, -0.7, -0.7, -0.9, -0.2, 0.4, -0.3, -0.2]"
20260815,12,7,1,51.2,"[[""1-3-4"", 0.139], [""1-3-2"", 0.051], [""1-3-5"", 0.0454], [""1-3-6"", 0.0164]]",3,29.0,"[[""3-1-4"", 0.045], [""3-1-2"", 0.0165], [""3-1-5"", 0.0147]]","[[""1-4-3"", 0.1296], [""4-1-3"", 0.0414], [""1-4-2"", 0.0425], [""1-4-5"", 0.0378]]",1-3,0.3834,False,False,0.7866,強,"{""逃げ"": 67.2, ""まくり"": 9.6, ""差し"": 8.7, ""まくり差し"": 8.8, ""抜き"": 4.9, ""恵まれ"": 0.8}","[""0〜600円"", ""600〜750円"", ""750〜900円"", ""900〜1050円"", ""1050〜1220円"", ""1220〜1410円"", ""1410〜1640円"", ""1640〜1890円"", ""1890〜2200円"", ""2200〜2560円"", ""2560〜3020円"", ""3020〜3580円"", ""3580〜4290円"", ""4290〜5220円"", ""5220〜6490円"", ""6490〜8310円"", ""8310〜11220円"", ""11220〜16240円"", ""16240〜28268円"", ""28268円〜""]","[7.8, 7.0, 7.6, 4.7, 7.0, 4.9, 4.5, 4.7, 4.2, 5.0, 4.5, 3.6, 4.3, 3.9, 4.2, 3.3, 4.0, 3.7, 4.5, 6.4]","[2.8, 2.0, 2.6, -0.3, 2.0, -0.1, -0.5, -0.3, -0.8, 0.0, -0.5, -1.4, -0.7, -1.1, -0.8, -1.7, -1.0, -1.3, -0.5, 1.4]"
20260815,12,8,1,50.4,"[[""1-2-4"", 0.0913], [""1-2-3"", 0.0817], [""1-2-6"", 0.0223]]",2,28.9,"[[""2-1-4"", 0.0574], [""2-1-3"", 0.0514], [""2-1-6"", 0.014]]","[[""1-4-2"", 0.0713], [""1-3-2"", 0.057], [""4-1-2"", 0.0408], [""1-4-3"", 0.0413]]",1-2,0.3669,False,False,0.7866,中,"{""逃げ"": 54.9, ""まくり"": 14.0, ""差し"": 13.2, ""まくり差し"": 10.5, ""抜き"": 6.3, ""恵まれ"": 1.1}","[""0〜600円"", ""600〜750円"", ""750〜900円"", ""900〜1050円"", ""1050〜1220円"", ""1220〜1410円"", ""1410〜1640円"", ""1640〜1890円"", ""1890〜2200円"", ""2200〜2560円"", ""2560〜3020円"", ""3020〜3580円"", ""3580〜4290円"", ""4290〜5220円"", ""5220〜6490円"", ""6490〜8310円"", ""8310〜11220円"", ""11220〜16240円"", ""16240〜28268円"", ""28268円〜""]","[3.5, 6.3, 5.8, 5.7, 5.3, 4.8, 5.7, 5.2, 5.2, 4.8, 5.0, 5.0, 4.7, 4.3, 4.3, 4.1, 4.8, 5.4, 4.7, 4.8]","[-1.5, 1.3, 0.8, 0.7, 0.3, -0.2, 0.7, 0.2, 0.2, -0.2, 0.0, 0.0, -0.3, -0.7, -0.7, -0.9, -0.2, 0.4, -0.3, -0.2]"
20260815,12,9,1,59.5,"[[""1-2-3"", 0.138], [""1-2-5"", 0.1093], [""1-2-4"", 0.041], [""1-2-6"", 0.025]]",2,34.8,"[[""2-1-3"", 0.0352], [""2-1-5"", 0.0279], [""2-1-4"", 0.0105]]","[[""1-3-2"", 0.1051], [""1-5-2"", 0.0737], [""1-3-5"", 0.0507], [""1-5-3"", 0.0449]]",1-2,0.4308,False,True,0.8218,強,"{""逃げ"": 67.2, ""まくり"": 9.6, ""差し"": 8.7, ""まくり差し"": 8.8, ""抜き"": 4.9, ""恵まれ"": 0.8}","[""0〜600円"", ""600〜750円"", ""750〜900円"", ""900〜1050円"", ""1050〜1220円"", ""1220〜1410円"", ""1410〜1640円"", ""1640〜1890円"", ""1890〜2200円"", ""2200〜2560円"", ""2560〜3020円"", ""3020〜3580円"", ""3580〜4290円"", ""4290〜5220円"", ""5220〜6490円"", ""6490〜8310円"", ""8310〜11220円"", ""11220〜16240円"", ""16240〜28268円"", ""28268円〜""]","[7.8, 7.0, 7.6, 4.7, 7.0, 4.9, 4.5, 4.7, 4.2, 5.0, 4.5, 3.6, 4.3, 3.9, 4.2, 3.3, 4.0, 3.7, 4.5, 6.4]","[2.8, 2.0, 2.6, -0.3, 2.0, -0.1, -0.5, -0.3, -0.8, 0.0, -0.5, -1.4, -0.7, -1.1, -0.8, -1.7, -1.0, -1.3, -0.5, 1.4]"
20260815,12,10,1,45.7,"[[""1-4-2"", 0.1077], [""1-2-4"", 0.1045], [""1-4-5"", 0.0638], [""1-2-5"", 0.0586], [""1-4-3"", 0.0534], [""1-2-3"", 0.0491]]",2,29.3,"[[""2-1-4"", 0.0295], [""2-1-5"", 0.0165], [""2-1-3"", 0.0138]]","[[""1-5-4"", 0.0488], [""1-5-2"", 0.0462], [""1-3-4"", 0.0397], [""4-1-2"", 0.0305]]",,,False,False,0.7866,強,"{""逃げ"": 67.2, ""まくり"": 9.6, ""差し"": 8.7, ""まくり差し"": 8.8, ""抜き"": 4.9, ""恵まれ"": 0.8}","[""0〜600円"", ""600〜750円"", ""750〜900円"", ""900〜1050円"", ""1050〜1220円"", ""1220〜1410円"", ""1410〜1640円"", ""1640〜1890円"", ""1890〜2200円"", ""2200〜2560円"", ""2560〜3020円"", ""3020〜3580円"", ""3580〜4290円"", ""4290〜5220円"", ""5220〜6490円"", ""6490〜8310円"", ""8310〜11220円"", ""11220〜16240円"", ""16240〜28268円"", ""28268円〜""]","[7.8, 7.0, 7.6, 4.7, 7.0, 4.9, 4.5, 4.7, 4.2, 5.0, 4.5, 3.6, 4.3, 3.9, 4.2, 3.3, 4.0, 3.7, 4.5, 6.4]","[2.8, 2.0, 2.6, -0.3, 2.0, -0.1, -0.5, -0.3, -0.8, 0.0, -0.5, -1.4, -0.7, -1.1, -0.8, -1.7, -1.0, -1.3, -0.5, 1.4]"
20260815,12,11,1,54.2,"[[""1-2-3"", 0.1427], [""1-2-6"", 0.0537], [""1-2-5"", 0.0459], [""1-2-4"", 0.038]]",2,27.4,"[[""2-1-3"", 0.0468], [""2-1-6"", 0.0176], [""2-1-5"", 0.0151], [""2-1-4"", 0.0125]]","[[""1-3-2"", 0.1173], [""3-1-2"", 0.037], [""1-6-2"", 0.0335], [""1-3-6"", 0.0318]]",1-2,0.4134,False,True,0.8218,強,"{""逃げ"": 67.2, ""まくり"": 9.6, ""差し"": 8.7, ""まくり差し"": 8.8, ""抜き"": 4.9, ""恵まれ"": 0.8}","[""0〜600円"", ""600〜750円"", ""750〜900円"", ""900〜1050円"", ""1050〜1220円"", ""1220〜1410円"", ""1410〜1640円"", ""1640〜1890円"", ""1890〜2200円"", ""2200〜2560円"", ""2560〜3020円"", ""3020〜3580円"", ""3580〜4290円"", ""4290〜5220円"", ""5220〜6490円"", ""6490〜8310円"", ""8310〜11220円"", ""11220〜16240円"", ""16240〜28268円"", ""28268円〜""]","[7.8, 7.0, 7.6, 4.7, 7.0, 4.9, 4.5, 4.7, 4.2, 5.0, 4.5, 3.6, 4.3, 3.9, 4.2, 3.3, 4.0, 3.7, 4.5, 6.4]","[2.8, 2.0, 2.6, -0.3, 2.0, -0.1, -0.5, -0.3, -0.8, 0.0, -0.5, -1.4, -0.7, -1.1, -0.8, -1.7, -1.0, -1.3, -0.5, 1.4]"
20260815,12,12,1,55.1,"[[""1-2-3"", 0.1394], [""1-2-4"", 0.0917], [""1-2-5"", 0.0337], [""1-2-6"", 0.0224]]",2,22.8,"[[""2-1-3"", 0.0467], [""2-1-4"", 0.0307], [""2-1-5"", 0.0113]]","[[""1-3-2"", 0.1092], [""1-4-2"", 0.0602], [""1-3-4"", 0.0473], [""3-1-2"", 0.0348]]",1-2,0.4236,False,True,0.8218,強,"{""逃げ"": 67.2, ""まくり"": 9.6, ""差し"": 8.7, ""まくり差し"": 8.8, ""抜き"": 4.9, ""恵まれ"": 0.8}","[""0〜600円"", ""600〜750円"", ""750〜900円"", ""900〜1050円"", ""1050〜1220円"", ""1220〜1410円"", ""1410〜1640円"", ""1640〜1890円"", ""1890〜2200円"", ""2200〜2560円"", ""2560〜3020円"", ""3020〜3580円"", ""3580〜4290円"", ""4290〜5220円"", ""5220〜6490円"", ""6490〜8310円"", ""8310〜11220円"", ""11220〜16240円"", ""16240〜28268円"", ""28268円〜""]","[7.8, 7.0, 7.6, 4.7, 7.0, 4.9, 4.5, 4.7, 4.2, 5.0, 4.5, 3.6, 4.3, 3.9, 4.2, 3.3, 4.0, 3.7, 4.5, 6.4]","[2.8, 2.0, 2.6, -0.3, 2.0, -0.1, -0.5, -0.3, -0.8, 0.0, -0.5, -1.4, -0.7, -1.1, -0.8, -1.7, -1.0, -1.3, -0.5, 1.4]"
20260815,17,1,1,54.3,"[[""1-5-4"", 0.0459], [""1-5-2"", 0.0579], [""1-4-5"", 0.0424], [""1-2-5"", 0.0533], [""1-4-2"", 0.0425], [""1-2-4"", 0.0424], [""1-5-3"", 0.0423], [""1-3-5"", 0.0361], [""1-4-3"", 0.0311]]",5,38.8,"[[""5-1-4"", 0.019], [""5-1-2"", 0.024], [""5-1-3"", 0.0175]]","[[""1-2-3"", 0.0307], [""1-3-4"", 0.0288], [""1-3-2"", 0.0285], [""1-5-6"", 0.0228]]",,,False,False,0.7866,中,"{""逃げ"": 53.3, ""まくり"": 16.6, ""まくり差し"": 13.2, ""差し"": 10.3, ""抜き"": 5.7, ""恵まれ"": 0.8}","[""0〜600円"", ""600〜750円"", ""750〜900円"", ""900〜1050円"", ""1050〜1220円"", ""1220〜1410円"", ""1410〜1640円"", ""1640〜1890円"", ""1890〜2200円"", ""2200〜2560円"", ""2560〜3020円"", ""3020〜3580円"", ""3580〜4290円"", ""4290〜5220円"", ""5220〜6490円"", ""6490〜8310円"", ""8310〜11220円"", ""11220〜16240円"", ""16240〜28268円"", ""28268円〜""]","[3.7, 5.6, 6.0, 4.8, 5.4, 5.7, 5.2, 4.4, 4.5, 4.6, 4.8, 5.1, 4.9, 5.1, 4.6, 5.6, 4.2, 4.3, 5.5, 6.0]","[-1.3, 0.6, 1.0, -0.2, 0.4, 0.7, 0.2, -0.6, -0.5, -0.4, -0.2, 0.1, -0.1, 0.1, -0.4, 0.6, -0.8, -0.7, 0.5, 1.0]"
20260815,17,2,1,46.5,"[[""1-2-4"", 0.0562], [""1-4-2"", 0.0462], [""1-2-5"", 0.0561], [""1-5-2"", 0.0432], [""1-2-3"", 0.035], [""1-4-5"", 0.0293], [""1-5-4"", 0.0275], [""1-2-6"", 0.0264], [""1-3-2"", 0.0248]]",2,20.3,"[[""2-1-4"", 0.034], [""2-1-5"", 0.0339], [""2-1-3"", 0.0211], [""2-1-6"", 0.016]]","[[""4-1-2"", 0.0258], [""5-1-2"", 0.0235], [""2-4-1"", 0.015], [""1-4-3"", 0.0183]]",,,False,False,0.7866,弱,"{""逃げ"": 35.4, ""まくり"": 25.0, ""差し"": 17.7, ""まくり差し"": 13.6, ""抜き"": 7.8, ""恵まれ"": 0.5}","[""0〜600円"", ""600〜750円"", ""750〜900円"", ""900〜1050円"", ""1050〜1220円"", ""1220〜1410円"", ""1410〜1640円"", ""1640〜1890円"", ""1890〜2200円"", ""2200〜2560円"", ""2560〜3020円"", ""3020〜3580円"", ""3580〜4290円"", ""4290〜5220円"", ""5220〜6490円"", ""6490〜8310円"", ""8310〜11220円"", ""11220〜16240円"", ""16240〜28268円"", ""28268円〜""]","[1.2, 2.2, 3.7, 3.9, 4.2, 4.5, 4.6, 5.0, 5.9, 6.3, 5.5, 5.5, 5.4, 6.6, 5.9, 5.3, 6.3, 7.2, 5.9, 4.9]","[-3.8, -2.8, -1.3, -1.1, -0.8, -0.5, -0.4, 0.0, 0.9, 1.3, 0.5, 0.5, 0.4, 1.6, 0.9, 0.3, 1.3, 2.2, 0.9, -0.1]"
20260815,17,3,1,57.8,"[[""1-5-4"", 0.0692], [""1-5-3"", 0.0482], [""1-5-2"", 0.0351], [""1-5-6"", 0.0341]]",5,18.5,"[[""5-1-4"", 0.0464], [""5-1-3"", 0.0323], [""5-1-2"", 0.0235], [""5-1-6"", 0.0228]]","[[""1-4-5"", 0.0524], [""4-1-5"", 0.0312], [""1-3-5"", 0.0318], [""5-4-1"", 0.0212]]",1-5,0.343,False,False,0.7866,中,"{""逃げ"": 53.3, ""まくり"": 16.6, ""まくり差し"": 13.2, ""差し"": 10.3, ""抜き"": 5.7, ""恵まれ"": 0.8}","[""0〜600円"", ""600〜750円"", ""750〜900円"", ""900〜1050円"", ""1050〜1220円"", ""1220〜1410円"", ""1410〜1640円"", ""1640〜1890円"", ""1890〜2200円"", ""2200〜2560円"", ""2560〜3020円"", ""3020〜3580円"", ""3580〜4290円"", ""4290〜5220円"", ""5220〜6490円"", ""6490〜8310円"", ""8310〜11220円"", ""11220〜16240円"", ""16240〜28268円"", ""28268円〜""]","[3.7, 5.6, 6.0, 4.8, 5.4, 5.7, 5.2, 4.4, 4.5, 4.6, 4.8, 5.1, 4.9, 5.1, 4.6, 5.6, 4.2, 4.3, 5.5, 6.0]","[-1.3, 0.6, 1.0, -0.2, 0.4, 0.7, 0.2, -0.6, -0.5, -0.4, -0.2, 0.1, -0.1, 0.1, -0.4, 0.6, -0.8, -0.7, 0.5, 1.0]"
20260815,17,4,2,52.3,"[[""2-1-5"", 0.0453], [""2-5-1"", 0.0437], [""2-1-3"", 0.0221], [""2-5-3"", 0.02], [""2-1-4"", 0.019], [""2-5-4"", 0.0172], [""2-1-6"", 0.0103]]",1,,"[[""1-2-5"", 0.0422], [""1-2-3"", 0.0206], [""1-2-4"", 0.0177]]","[[""5-2-1"", 0.0399], [""1-5-2"", 0.0367], [""5-1-2"", 0.0359], [""5-2-3"", 0.0182]]",,,False,False,0.7866,強,"{""逃げ"": 67.1, ""まくり"": 11.3, ""まくり差し"": 9.7, ""差し"": 6.4, ""抜き"": 4.8, ""恵まれ"": 0.7}","[""0〜600円"", ""600〜750円"", ""750〜900円"", ""900〜1050円"", ""1050〜1220円"", ""1220〜1410円"", ""1410〜1640円"", ""1640〜1890円"", ""1890〜2200円"", ""2200〜2560円"", ""2560〜3020円"", ""3020〜3580円"", ""3580〜4290円"", ""4290〜5220円"", ""5220〜6490円"", ""6490〜8310円"", ""8310〜11220円"", ""11220〜16240円"", ""16240〜28268円"", ""28268円〜""]","[7.2, 7.4, 7.5, 5.4, 6.1, 4.9, 5.3, 5.0, 5.0, 4.7, 3.8, 4.5, 3.2, 4.2, 3.7, 3.6, 3.6, 4.0, 4.8, 6.1]","[2.2, 2.4, 2.5, 0.4, 1.1, -0.1, 0.3, -0.0, 0.0, -0.3, -1.2, -0.5, -1.8, -0.8, -1.3, -1.4, -1.4, -1.0, -0.2, 1.1]"
20260815,17,5,1,54.3,"[[""1-6-4"", 0.0493], [""1-4-6"", 0.0488], [""1-6-2"", 0.06], [""1-2-6"", 0.0586], [""1-4-2"", 0.0577], [""1-2-4"", 0.0569], [""1-6-3"", 0.0394], [""1-4-3"", 0.0378], [""1-2-3"", 0.0358]]",2,40.7,"[[""2-1-6"", 0.0169], [""2-1-4"", 0.0165], [""2-1-3"", 0.0103]]","[[""1-3-6"", 0.0347], [""1-3-4"", 0.0337], [""1-3-2"", 0.0323], [""1-6-5"", 0.0251]]",,,False,False,0.7866,強,"{""逃げ"": 67.1, ""まくり"": 11.3, ""まくり差し"": 9.7, ""差し"": 6.4, ""抜き"": 4.8, ""恵まれ"": 0.7}","[""0〜600円"", ""600〜750円"", ""750〜900円"", ""900〜1050円"", ""1050〜1220円"", ""1220〜1410円"", ""1410〜1640円"", ""1640〜1890円"", ""1890〜2200円"", ""2200〜2560円"", ""2560〜3020円"", ""3020〜3580円"", ""3580〜4290円"", ""4290〜5220円"", ""5220〜6490円"", ""6490〜8310円"", ""8310〜11220円"", ""11220〜16240円"", ""16240〜28268円"", ""28268円〜""]","[7.2, 7.4, 7.5, 5.4, 6.1, 4.9, 5.3, 5.0, 5.0, 4.7, 3.8, 4.5, 3.2, 4.2, 3.7, 3.6, 3.6, 4.0, 4.8, 6.1]","[2.2, 2.4, 2.5, 0.4, 1.1, -0.1, 0.3, -0.0, 0.0, -0.3, -1.2, -0.5, -1.8, -0.8, -1.3, -1.4, -1.4, -1.0, -0.2, 1.1]"
20260815,17,6,1,52.2,"[[""1-4-3"", 0.1012], [""1-4-2"", 0.0405], [""1-4-6"", 0.0161]]",4,23.3,"[[""4-1-3"", 0.0943], [""4-1-2"", 0.0378], [""4-1-6"", 0.015]]","[[""1-3-4"", 0.0718], [""4-3-1"", 0.0604], [""3-1-4"", 0.0566], [""3-4-1"", 0.051]]",1-4,0.3723,False,False,0.7866,弱,"{""逃げ"": 35.4, ""まくり"": 25.0, ""差し"": 17.7, ""まくり差し"": 13.6, ""抜き"": 7.8, ""恵まれ"": 0.5}","[""0〜600円"", ""600〜750円"", ""750〜900円"", ""900〜1050円"", ""1050〜1220円"", ""1220〜1410円"", ""1410〜1640円"", ""1640〜1890円"", ""1890〜2200円"", ""2200〜2560円"", ""2560〜3020円"", ""3020〜3580円"", ""3580〜4290円"", ""4290〜5220円"", ""5220〜6490円"", ""6490〜8310円"", ""8310〜11220円"", ""11220〜16240円"", ""16240〜28268円"", ""28268円〜""]","[1.2, 2.2, 3.7, 3.9, 4.2, 4.5, 4.6, 5.0, 5.9, 6.3, 5.5, 5.5, 5.4, 6.6, 5.9, 5.3, 6.3, 7.2, 5.9, 4.9]","[-3.8, -2.8, -1.3, -1.1, -0.8, -0.5, -0.4, 0.0, 0.9, 1.3, 0.5, 0.5, 0.4, 1.6, 0.9, 0.3, 1.3, 2.2, 0.9, -0.1]"
20260815,17,7,1,61.7,"[[""1-3-4"", 0.0637], [""1-3-2"", 0.0773], [""1-4-3"", 0.0518], [""1-2-3"", 0.0619], [""1-4-2"", 0.0391], [""1-2-4"", 0.0386], [""1-3-5"", 0.0275], [""1-3-6"", 0.0267], [""1-5-3"", 0.0186]]",4,29.5,"[[""4-1-3"", 0.0254], [""4-1-2"", 0.0192]]","[[""3-1-4"", 0.0337], [""3-1-2"", 0.0409], [""2-1-3"", 0.0303], [""2-1-4"", 0.0189]]",,,False,False,0.7866,中,"{""逃げ"": 53.3, ""まくり"": 16.6, ""まくり差し"": 13.2, ""差し"": 10.3, ""抜き"": 5.7, ""恵まれ"": 0.8}","[""0〜600円"", ""600〜750円"", ""750〜900円"", ""900〜1050円"", ""1050〜1220円"", ""1220〜1410円"", ""1410〜1640円"", ""1640〜1890円"", ""1890〜2200円"", ""2200〜2560円"", ""2560〜3020円"", ""3020〜3580円"", ""3580〜4290円"", ""4290〜5220円"", ""5220〜6490円"", ""6490〜8310円"", ""8310〜11220円"", ""11220〜16240円"", ""16240〜28268円"", ""28268円〜""]","[3.7, 5.6, 6.0, 4.8, 5.4, 5.7, 5.2, 4.4, 4.5, 4.6, 4.8, 5.1, 4.9, 5.1, 4.6, 5.6, 4.2, 4.3, 5.5, 6.0]","[-1.3, 0.6, 1.0, -0.2, 0.4, 0.7, 0.2, -0.6, -0.5, -0.4, -0.2, 0.1, -0.1, 0.1, -0.4, 0.6, -0.8, -0.7, 0.5, 1.0]"
20260815,17,8,3,60.7,"[[""3-2-1"", 0.0437], [""3-1-2"", 0.0401], [""3-2-4"", 0.0372], [""3-4-2"", 0.0303], [""3-1-4"", 0.0285], [""3-4-1"", 0.0253], [""3-2-6"", 0.0144], [""3-2-5"", 0.0113], [""3-1-6"", 0.0111]]",2,26.3,"[[""2-3-1"", 0.0385], [""2-3-4"", 0.0328], [""2-3-6"", 0.0127]]","[[""1-3-2"", 0.0336], [""2-1-3"", 0.0297], [""1-2-3"", 0.0282], [""1-3-4"", 0.0239]]",,,False,True,0.8218,強,"{""逃げ"": 67.1, ""まくり"": 11.3, ""まくり差し"": 9.7, ""差し"": 6.4, ""抜き"": 4.8, ""恵まれ"": 0.7}","[""0〜600円"", ""600〜750円"", ""750〜900円"", ""900〜1050円"", ""1050〜1220円"", ""1220〜1410円"", ""1410〜1640円"", ""1640〜1890円"", ""1890〜2200円"", ""2200〜2560円"", ""2560〜3020円"", ""3020〜3580円"", ""3580〜4290円"", ""4290〜5220円"", ""5220〜6490円"", ""6490〜8310円"", ""8310〜11220円"", ""11220〜16240円"", ""16240〜28268円"", ""28268円〜""]","[7.2, 7.4, 7.5, 5.4, 6.1, 4.9, 5.3, 5.0, 5.0, 4.7, 3.8, 4.5, 3.2, 4.2, 3.7, 3.6, 3.6, 4.0, 4.8, 6.1]","[2.2, 2.4, 2.5, 0.4, 1.1, -0.1, 0.3, -0.0, 0.0, -0.3, -1.2, -0.5, -1.8, -0.8, -1.3, -1.4, -1.4, -1.0, -0.2, 1.1]"
20260815,17,9,1,61.3,"[[""1-6-4"", 0.0478], [""1-4-6"", 0.0474], [""1-6-3"", 0.0508], [""1-4-3"", 0.0489], [""1-3-6"", 0.0479], [""1-3-4"", 0.0465], [""1-6-2"", 0.0451], [""1-4-2"", 0.0434], [""1-2-6"", 0.0413]]",6,26.7,"[[""6-1-4"", 0.0103], [""6-1-3"", 0.0109]]","[[""1-2-4"", 0.0401], [""1-6-5"", 0.0374], [""1-4-5"", 0.036], [""1-3-2"", 0.0344]]",,,False,False,0.7866,強,"{""逃げ"": 67.1, ""まくり"": 11.3, ""まくり差し"": 9.7, ""差し"": 6.4, ""抜き"": 4.8, ""恵まれ"": 0.7}","[""0〜600円"", ""600〜750円"", ""750〜900円"", ""900〜1050円"", ""1050〜1220円"", ""1220〜1410円"", ""1410〜1640円"", ""1640〜1890円"", ""1890〜2200円"", ""2200〜2560円"", ""2560〜3020円"", ""3020〜3580円"", ""3580〜4290円"", ""4290〜5220円"", ""5220〜6490円"", ""6490〜8310円"", ""8310〜11220円"", ""11220〜16240円"", ""16240〜28268円"", ""28268円〜""]","[7.2, 7.4, 7.5, 5.4, 6.1, 4.9, 5.3, 5.0, 5.0, 4.7, 3.8, 4.5, 3.2, 4.2, 3.7, 3.6, 3.6, 4.0, 4.8, 6.1]","[2.2, 2.4, 2.5, 0.4, 1.1, -0.1, 0.3, -0.0, 0.0, -0.3, -1.2, -0.5, -1.8, -0.8, -1.3, -1.4, -1.4, -1.0, -0.2, 1.1]"
20260815,17,10,4,55.4,"[[""4-1-3"", 0.0638], [""4-1-2"", 0.0589]]",1,38.8,"[[""1-4-3"", 0.0602], [""1-4-2"", 0.0557]]","[[""4-3-1"", 0.0475], [""1-3-4"", 0.0415], [""3-4-1"", 0.0382], [""3-1-4"", 0.0354]]",1-4,0.3068,False,False,0.7866,強,"{""逃げ"": 67.1, ""まくり"": 11.3, ""まくり差し"": 9.7, ""差し"": 6.4, ""抜き"": 4.8, ""恵まれ"": 0.7}","[""0〜600円"", ""600〜750円"", ""750〜900円"", ""900〜1050円"", ""1050〜1220円"", ""1220〜1410円"", ""1410〜1640円"", ""1640〜1890円"", ""1890〜2200円"", ""2200〜2560円"", ""2560〜3020円"", ""3020〜3580円"", ""3580〜4290円"", ""4290〜5220円"", ""5220〜6490円"", ""6490〜8310円"", ""8310〜11220円"", ""11220〜16240円"", ""16240〜28268円"", ""28268円〜""]","[7.2, 7.4, 7.5, 5.4, 6.1, 4.9, 5.3, 5.0, 5.0, 4.7, 3.8, 4.5, 3.2, 4.2, 3.7, 3.6, 3.6, 4.0, 4.8, 6.1]","[2.2, 2.4, 2.5, 0.4, 1.1, -0.1, 0.3, -0.0, 0.0, -0.3, -1.2, -0.5, -1.8, -0.8, -1.3, -1.4, -1.4, -1.0, -0.2, 1.1]"
20260815,17,11,1,57.5,"[[""1-4-3"", 0.0724], [""1-4-2"", 0.0841], [""1-3-4"", 0.0573], [""1-2-4"", 0.0651], [""1-4-6"", 0.0516], [""1-4-5"", 0.0459], [""1-3-2"", 0.0373], [""1-6-4"", 0.0366], [""1-2-3"", 0.0365]]",4,19.8,"[[""4-1-3"", 0.0218], [""4-1-2"", 0.0253], [""4-1-6"", 0.0155], [""4-1-5"", 0.0138]]","[[""1-5-4"", 0.0321], [""1-3-6"", 0.0229], [""3-1-4"", 0.0164], [""1-6-3"", 0.0205]]",,,False,False,0.7866,強,"{""逃げ"": 67.1, ""まくり"": 11.3, ""まくり差し"": 9.7, ""差し"": 6.4, ""抜き"": 4.8, ""恵まれ"": 0.7}","[""0〜600円"", ""600〜750円"", ""750〜900円"", ""900〜1050円"", ""1050〜1220円"", ""1220〜1410円"", ""1410〜1640円"", ""1640〜1890円"", ""1890〜2200円"", ""2200〜2560円"", ""2560〜3020円"", ""3020〜3580円"", ""3580〜4290円"", ""4290〜5220円"", ""5220〜6490円"", ""6490〜8310円"", ""8310〜11220円"", ""11220〜16240円"", ""16240〜28268円"", ""28268円〜""]","[7.2, 7.4, 7.5, 5.4, 6.1, 4.9, 5.3, 5.0, 5.0, 4.7, 3.8, 4.5, 3.2, 4.2, 3.7, 3.6, 3.6, 4.0, 4.8, 6.1]","[2.2, 2.4, 2.5, 0.4, 1.1, -0.1, 0.3, -0.0, 0.0, -0.3, -1.2, -0.5, -1.8, -0.8, -1.3, -1.4, -1.4, -1.0, -0.2, 1.1]"
20260815,17,12,1,55.6,"[[""1-4-2"", 0.0851], [""1-2-4"", 0.0728], [""1-4-3"", 0.0858], [""1-3-4"", 0.0687], [""1-2-3"", 0.0514], [""1-3-2"", 0.0481], [""1-4-5"", 0.0434], [""1-4-6"", 0.0379], [""1-5-4"", 0.0309]]",2,29.9,"[[""2-1-4"", 0.0181], [""2-1-3"", 0.0128]]","[[""4-1-2"", 0.0218], [""1-6-4"", 0.0266], [""1-2-5"", 0.026], [""1-2-6"", 0.0227]]",,,False,False,0.7866,強,"{""逃げ"": 67.1, ""まくり"": 11.3, ""まくり差し"": 9.7, ""差し"": 6.4, ""抜き"": 4.8, ""恵まれ"": 0.7}","[""0〜600円"", ""600〜750円"", ""750〜900円"", ""900〜1050円"", ""1050〜1220円"", ""1220〜1410円"", ""1410〜1640円"", ""1640〜1890円"", ""1890〜2200円"", ""2200〜2560円"", ""2560〜3020円"", ""3020〜3580円"", ""3580〜4290円"", ""4290〜5220円"", ""5220〜6490円"", ""6490〜8310円"", ""8310〜11220円"", ""11220〜16240円"", ""16240〜28268円"", ""28268円〜""]","[7.2, 7.4, 7.5, 5.4, 6.1, 4.9, 5.3, 5.0, 5.0, 4.7, 3.8, 4.5, 3.2, 4.2, 3.7, 3.6, 3.6, 4.0, 4.8, 6.1]","[2.2, 2.4, 2.5, 0.4, 1.1, -0.1, 0.3, -0.0, 0.0, -0.3, -1.2, -0.5, -1.8, -0.8, -1.3, -1.4, -1.4, -1.0, -0.2, 1.1]"
20260815,18,1,1,65.8,"[[""1-2-3"", 0.0774], [""1-3-2"", 0.0709], [""1-2-4"", 0.0803], [""1-4-2"", 0.07], [""1-3-4"", 0.0594], [""1-4-3"", 0.0565], [""1-2-5"", 0.0562], [""1-5-2"", 0.0451], [""1-3-5"", 0.0416]]",2,31.9,"[[""2-1-3"", 0.0202], [""2-1-4"", 0.0209], [""2-1-5"", 0.0146]]","[[""1-5-3"", 0.0364], [""1-4-5"", 0.0337], [""1-5-4"", 0.0311], [""3-1-2"", 0.0182]]",,,False,True,0.8218,中,"{""逃げ"": 60.4, ""差し"": 11.3, ""まくり差し"": 10.4, ""まくり"": 11.1, ""抜き"": 6.2, ""恵まれ"": 0.6}","[""0〜600円"", ""600〜750円"", ""750〜900円"", ""900〜1050円"", ""1050〜1220円"", ""1220〜1410円"", ""1410〜1640円"", ""1640〜1890円"", ""1890〜2200円"", ""2200〜2560円"", ""2560〜3020円"", ""3020〜3580円"", ""3580〜4290円"", ""4290〜5220円"", ""5220〜6490円"", ""6490〜8310円"", ""8310〜11220円"", ""11220〜16240円"", ""16240〜28268円"", ""28268円〜""]","[6.3, 7.0, 6.3, 6.0, 5.7, 5.2, 5.2, 5.5, 4.4, 4.2, 4.4, 4.1, 4.2, 4.4, 4.3, 4.6, 5.1, 3.8, 4.6, 4.5]","[1.3, 2.0, 1.3, 1.0, 0.7, 0.2, 0.2, 0.5, -0.6, -0.8, -0.6, -0.9, -0.8, -0.6, -0.7, -0.4, 0.1, -1.2, -0.4, -0.5]"
20260815,18,2,1,50.0,"[[""1-4-2"", 0.096], [""1-2-4"", 0.0892], [""1-4-3"", 0.0856], [""1-3-4"", 0.0709], [""1-2-3"", 0.0675], [""1-3-2"", 0.0602], [""1-4-5"", 0.0599], [""1-2-5"", 0.0472], [""1-5-4"", 0.0461]]",4,25.9,"[[""4-1-2"", 0.0168], [""4-1-3"", 0.015], [""4-1-5"", 0.0105]]","[[""1-5-2"", 0.0392], [""1-3-5"", 0.0295], [""1-5-3"", 0.0275], [""2-1-4"", 0.0154]]",,,False,False,0.7866,強,"{""逃げ"": 73.1, ""差し"": 9.0, ""まくり"": 7.0, ""まくり差し"": 5.5, ""抜き"": 5.2, ""恵まれ"": 0.2}","[""0〜600円"", ""600〜750円"", ""750〜900円"", ""900〜1050円"", ""1050〜1220円"", ""1220〜1410円"", ""1410〜1640円"", ""1640〜1890円"", ""1890〜2200円"", ""2200〜2560円"", ""2560〜3020円"", ""3020〜3580円"", ""3580〜4290円"", ""4290〜5220円"", ""5220〜6490円"", ""6490〜8310円"", ""8310〜11220円"", ""11220〜16240円"", ""16240〜28268円"", ""28268円〜""]","[13.8, 10.4, 7.2, 6.1, 5.8, 5.8, 4.6, 4.1, 4.3, 3.9, 4.5, 3.1, 3.2, 2.8, 2.7, 3.1, 2.5, 3.5, 3.2, 5.3]","[8.8, 5.4, 2.2, 1.1, 0.8, 0.8, -0.4, -0.9, -0.7, -1.1, -0.5, -1.9, -1.8, -2.2, -2.3, -1.9, -2.5, -1.5, -1.8, 0.3]"
20260815,18,3,1,56.9,"[[""1-4-2"", 0.1134], [""1-4-6"", 0.0847], [""1-4-3"", 0.072], [""1-4-5"", 0.0629]]",4,28.6,"[[""4-1-2"", 0.0175], [""4-1-6"", 0.0131], [""4-1-3"", 0.0111]]","[[""1-2-4"", 0.0844], [""1-6-4"", 0.0562], [""1-3-4"", 0.0467], [""1-5-4"", 0.0401]]",1-4,0.4199,False,False,0.7866,強,"{""逃げ"": 73.1, ""差し"": 9.0, ""まくり"": 7.0, ""まくり差し"": 5.5, ""抜き"": 5.2, ""恵まれ"": 0.2}","[""0〜600円"", ""600〜750円"", ""750〜900円"", ""900〜1050円"", ""1050〜1220円"", ""1220〜1410円"", ""1410〜1640円"", ""1640〜1890円"", ""1890〜2200円"", ""2200〜2560円"", ""2560〜3020円"", ""3020〜3580円"", ""3580〜4290円"", ""4290〜5220円"", ""5220〜6490円"", ""6490〜8310円"", ""8310〜11220円"", ""11220〜16240円"", ""16240〜28268円"", ""28268円〜""]","[13.8, 10.4, 7.2, 6.1, 5.8, 5.8, 4.6, 4.1, 4.3, 3.9, 4.5, 3.1, 3.2, 2.8, 2.7, 3.1, 2.5, 3.5, 3.2, 5.3]","[8.8, 5.4, 2.2, 1.1, 0.8, 0.8, -0.4, -0.9, -0.7, -1.1, -0.5, -1.9, -1.8, -2.2, -2.3, -1.9, -2.5, -1.5, -1.8, 0.3]"
20260815,18,4,1,51.8,"[[""1-2-4"", 0.1342], [""1-2-3"", 0.0964], [""1-2-5"", 0.0782], [""1-2-6"", 0.0386]]",2,27.0,"[[""2-1-4"", 0.0355], [""2-1-3"", 0.0255], [""2-1-5"", 0.0207], [""2-1-6"", 0.0102]]","[[""1-4-2"", 0.0861], [""1-3-2"", 0.055], [""1-5-2"", 0.0434], [""1-4-3"", 0.0274]]",1-2,0.4853,False,False,0.7866,強,"{""逃げ"": 73.1, ""差し"": 9.0, ""まくり"": 7.0, ""まくり差し"": 5.5, ""抜き"": 5.2, ""恵まれ"": 0.2}","[""0〜600円"", ""600〜750円"", ""750〜900円"", ""900〜1050円"", ""1050〜1220円"", ""1220〜1410円"", ""1410〜1640円"", ""1640〜1890円"", ""1890〜2200円"", ""2200〜2560円"", ""2560〜3020円"", ""3020〜3580円"", ""3580〜4290円"", ""4290〜5220円"", ""5220〜6490円"", ""6490〜8310円"", ""8310〜11220円"", ""11220〜16240円"", ""16240〜28268円"", ""28268円〜""]","[13.8, 10.4, 7.2, 6.1, 5.8, 5.8, 4.6, 4.1, 4.3, 3.9, 4.5, 3.1, 3.2, 2.8, 2.7, 3.1, 2.5, 3.5, 3.2, 5.3]","[8.8, 5.4, 2.2, 1.1, 0.8, 0.8, -0.4, -0.9, -0.7, -1.1, -0.5, -1.9, -1.8, -2.2, -2.3, -1.9, -2.5, -1.5, -1.8, 0.3]"
20260815,18,5,1,60.3,"[[""1-2-6"", 0.0797], [""1-2-3"", 0.0844], [""1-2-4"", 0.0462], [""1-2-5"", 0.0446]]",2,25.8,"[[""2-1-6"", 0.0488], [""2-1-3"", 0.0516], [""2-1-4"", 0.0282], [""2-1-5"", 0.0273]]","[[""1-6-2"", 0.0468], [""1-3-2"", 0.0478], [""6-1-2"", 0.0237], [""1-4-2"", 0.0243]]",1-2,0.4456,False,False,0.7866,中,"{""逃げ"": 60.4, ""差し"": 11.3, ""まくり差し"": 10.4, ""まくり"": 11.1, ""抜き"": 6.2, ""恵まれ"": 0.6}","[""0〜600円"", ""600〜750円"", ""750〜900円"", ""900〜1050円"", ""1050〜1220円"", ""1220〜1410円"", ""1410〜1640円"", ""1640〜1890円"", ""1890〜2200円"", ""2200〜2560円"", ""2560〜3020円"", ""3020〜3580円"", ""3580〜4290円"", ""4290〜5220円"", ""5220〜6490円"", ""6490〜8310円"", ""8310〜11220円"", ""11220〜16240円"", ""16240〜28268円"", ""28268円〜""]","[6.3, 7.0, 6.3, 6.0, 5.7, 5.2, 5.2, 5.5, 4.4, 4.2, 4.4, 4.1, 4.2, 4.4, 4.3, 4.6, 5.1, 3.8, 4.6, 4.5]","[1.3, 2.0, 1.3, 1.0, 0.7, 0.2, 0.2, 0.5, -0.6, -0.8, -0.6, -0.9, -0.8, -0.6, -0.7, -0.4, 0.1, -1.2, -0.4, -0.5]"
20260815,18,6,1,50.9,"[[""1-3-2"", 0.0465], [""1-3-5"", 0.0491], [""1-2-3"", 0.0395], [""1-5-3"", 0.0399], [""1-2-5"", 0.0295], [""1-5-2"", 0.0281], [""1-3-4"", 0.0274], [""1-4-3"", 0.0197], [""1-2-4"", 0.0164]]",3,26.0,"[[""3-1-2"", 0.0392], [""3-1-5"", 0.0415], [""3-1-4"", 0.0231]]","[[""2-1-3"", 0.0305], [""3-2-1"", 0.0267], [""5-1-3"", 0.03], [""2-3-1"", 0.0244]]",,,False,True,0.8218,弱,"{""逃げ"": 41.4, ""差し"": 19.5, ""まくり"": 18.0, ""まくり差し"": 10.8, ""抜き"": 9.5, ""恵まれ"": 0.8}","[""0〜600円"", ""600〜750円"", ""750〜900円"", ""900〜1050円"", ""1050〜1220円"", ""1220〜1410円"", ""1410〜1640円"", ""1640〜1890円"", ""1890〜2200円"", ""2200〜2560円"", ""2560〜3020円"", ""3020〜3580円"", ""3580〜4290円"", ""4290〜5220円"", ""5220〜6490円"", ""6490〜8310円"", ""8310〜11220円"", ""11220〜16240円"", ""16240〜28268円"", ""28268円〜""]","[2.0, 3.4, 5.0, 5.0, 5.5, 4.2, 4.6, 5.4, 6.3, 4.5, 5.7, 6.1, 4.7, 6.9, 5.8, 5.5, 5.5, 4.5, 5.0, 4.3]","[-3.0, -1.6, -0.0, 0.0, 0.5, -0.8, -0.4, 0.4, 1.3, -0.5, 0.7, 1.1, -0.3, 1.9, 0.8, 0.5, 0.5, -0.5, 0.0, -0.7]"
20260815,18,7,4,57.4,"[[""4-1-3"", 0.0444], [""4-1-2"", 0.0462], [""4-1-5"", 0.0361]]",1,18.4,"[[""1-4-3"", 0.044], [""1-4-2"", 0.0457], [""1-4-5"", 0.0358]]","[[""4-3-1"", 0.0313], [""1-3-4"", 0.0306], [""3-4-1"", 0.0253], [""3-1-4"", 0.025]]",1-4,0.2815,False,False,0.7866,強,"{""逃げ"": 73.1, ""差し"": 9.0, ""まくり"": 7.0, ""まくり差し"": 5.5, ""抜き"": 5.2, ""恵まれ"": 0.2}","[""0〜600円"", ""600〜750円"", ""750〜900円"", ""900〜1050円"", ""1050〜1220円"", ""1220〜1410円"", ""1410〜1640円"", ""1640〜1890円"", ""1890〜2200円"", ""2200〜2560円"", ""2560〜3020円"", ""3020〜3580円"", ""3580〜4290円"", ""4290〜5220円"", ""5220〜6490円"", ""6490〜8310円"", ""8310〜11220円"", ""11220〜16240円"", ""16240〜28268円"", ""28268円〜""]","[13.8, 10.4, 7.2, 6.1, 5.8, 5.8, 4.6, 4.1, 4.3, 3.9, 4.5, 3.1, 3.2, 2.8, 2.7, 3.1, 2.5, 3.5, 3.2, 5.3]","[8.8, 5.4, 2.2, 1.1, 0.8, 0.8, -0.4, -0.9, -0.7, -1.1, -0.5, -1.9, -1.8, -2.2, -2.3, -1.9, -2.5, -1.5, -1.8, 0.3]"
20260815,18,8,1,70.3,"[[""1-3-2"", 0.0542], [""1-3-6"", 0.0383], [""1-3-5"", 0.0374], [""1-3-4"", 0.0123]]",3,25.2,"[[""3-1-2"", 0.0484], [""3-1-6"", 0.0342], [""3-1-5"", 0.0335], [""3-1-4"", 0.011]]","[[""1-2-3"", 0.0406], [""3-2-1"", 0.0314], [""2-1-3"", 0.031], [""2-3-1"", 0.0268]]",1-3,0.2915,False,True,0.8218,弱,"{""逃げ"": 41.4, ""差し"": 19.5, ""まくり"": 18.0, ""まくり差し"": 10.8, ""抜き"": 9.5, ""恵まれ"": 0.8}","[""0〜600円"", ""600〜750円"", ""750〜900円"", ""900〜1050円"", ""1050〜1220円"", ""1220〜1410円"", ""1410〜1640円"", ""1640〜1890円"", ""1890〜2200円"", ""2200〜2560円"", ""2560〜3020円"", ""3020〜3580円"", ""3580〜4290円"", ""4290〜5220円"", ""5220〜6490円"", ""6490〜8310円"", ""8310〜11220円"", ""11220〜16240円"", ""16240〜28268円"", ""28268円〜""]","[2.0, 3.4, 5.0, 5.0, 5.5, 4.2, 4.6, 5.4, 6.3, 4.5, 5.7, 6.1, 4.7, 6.9, 5.8, 5.5, 5.5, 4.5, 5.0, 4.3]","[-3.0, -1.6, -0.0, 0.0, 0.5, -0.8, -0.4, 0.4, 1.3, -0.5, 0.7, 1.1, -0.3, 1.9, 0.8, 0.5, 0.5, -0.5, 0.0, -0.7]"
20260815,18,9,1,63.8,"[[""1-3-2"", 0.1515], [""1-3-5"", 0.1532], [""1-3-6"", 0.0625], [""1-3-4"", 0.0297]]",3,30.4,"[[""3-1-2"", 0.0698], [""3-1-5"", 0.0706], [""3-1-6"", 0.0288], [""3-1-4"", 0.0137]]","[[""1-2-3"", 0.0595], [""1-5-3"", 0.0585], [""2-1-3"", 0.0221], [""1-6-3"", 0.0221]]",1-3,0.6278,True,True,0.8218,強,"{""逃げ"": 73.1, ""差し"": 9.0, ""まくり"": 7.0, ""まくり差し"": 5.5, ""抜き"": 5.2, ""恵まれ"": 0.2}","[""0〜600円"", ""600〜750円"", ""750〜900円"", ""900〜1050円"", ""1050〜1220円"", ""1220〜1410円"", ""1410〜1640円"", ""1640〜1890円"", ""1890〜2200円"", ""2200〜2560円"", ""2560〜3020円"", ""3020〜3580円"", ""3580〜4290円"", ""4290〜5220円"", ""5220〜6490円"", ""6490〜8310円"", ""8310〜11220円"", ""11220〜16240円"", ""16240〜28268円"", ""28268円〜""]","[13.8, 10.4, 7.2, 6.1, 5.8, 5.8, 4.6, 4.1, 4.3, 3.9, 4.5, 3.1, 3.2, 2.8, 2.7, 3.1, 2.5, 3.5, 3.2, 5.3]","[8.8, 5.4, 2.2, 1.1, 0.8, 0.8, -0.4, -0.9, -0.7, -1.1, -0.5, -1.9, -1.8, -2.2, -2.3, -1.9, -2.5, -1.5, -1.8, 0.3]"
20260815,18,10,1,61.3,"[[""1-2-3"", 0.0675], [""1-2-4"", 0.0781], [""1-2-6"", 0.0192], [""1-2-5"", 0.0176]]",4,48.2,"[[""4-1-2"", 0.0355], [""4-1-3"", 0.0206]]","[[""1-3-2"", 0.0519], [""1-4-2"", 0.059], [""2-1-3"", 0.0459], [""2-1-4"", 0.053]]",,,False,True,0.8218,弱,"{""逃げ"": 41.4, ""差し"": 19.5, ""まくり"": 18.0, ""まくり差し"": 10.8, ""抜き"": 9.5, ""恵まれ"": 0.8}","[""0〜600円"", ""600〜750円"", ""750〜900円"", ""900〜1050円"", ""1050〜1220円"", ""1220〜1410円"", ""1410〜1640円"", ""1640〜1890円"", ""1890〜2200円"", ""2200〜2560円"", ""2560〜3020円"", ""3020〜3580円"", ""3580〜4290円"", ""4290〜5220円"", ""5220〜6490円"", ""6490〜8310円"", ""8310〜11220円"", ""11220〜16240円"", ""16240〜28268円"", ""28268円〜""]","[2.0, 3.4, 5.0, 5.0, 5.5, 4.2, 4.6, 5.4, 6.3, 4.5, 5.7, 6.1, 4.7, 6.9, 5.8, 5.5, 5.5, 4.5, 5.0, 4.3]","[-3.0, -1.6, -0.0, 0.0, 0.5, -0.8, -0.4, 0.4, 1.3, -0.5, 0.7, 1.1, -0.3, 1.9, 0.8, 0.5, 0.5, -0.5, 0.0, -0.7]"
20260815,18,11,1,59.4,"[[""1-2-4"", 0.0984], [""1-2-3"", 0.0687], [""1-2-6"", 0.0679]]",2,28.6,"[[""2-1-4"", 0.0683], [""2-1-3"", 0.0477], [""2-1-6"", 0.0471]]","[[""1-4-2"", 0.0573], [""4-1-2"", 0.0323], [""1-3-2"", 0.0356], [""1-6-2"", 0.0352]]",1-2,0.4554,False,False,0.7866,中,"{""逃げ"": 60.4, ""差し"": 11.3, ""まくり差し"": 10.4, ""まくり"": 11.1, ""抜き"": 6.2, ""恵まれ"": 0.6}","[""0〜600円"", ""600〜750円"", ""750〜900円"", ""900〜1050円"", ""1050〜1220円"", ""1220〜1410円"", ""1410〜1640円"", ""1640〜1890円"", ""1890〜2200円"", ""2200〜2560円"", ""2560〜3020円"", ""3020〜3580円"", ""3580〜4290円"", ""4290〜5220円"", ""5220〜6490円"", ""6490〜8310円"", ""8310〜11220円"", ""11220〜16240円"", ""16240〜28268円"", ""28268円〜""]","[6.3, 7.0, 6.3, 6.0, 5.7, 5.2, 5.2, 5.5, 4.4, 4.2, 4.4, 4.1, 4.2, 4.4, 4.3, 4.6, 5.1, 3.8, 4.6, 4.5]","[1.3, 2.0, 1.3, 1.0, 0.7, 0.2, 0.2, 0.5, -0.6, -0.8, -0.6, -0.9, -0.8, -0.6, -0.7, -0.4, 0.1, -1.2, -0.4, -0.5]"
20260815,18,12,1,57.4,"[[""1-3-2"", 0.0556], [""1-2-3"", 0.0538], [""1-3-4"", 0.0639], [""1-4-3"", 0.0607], [""1-2-4"", 0.0563], [""1-4-2"", 0.0552], [""1-3-5"", 0.04], [""1-2-5"", 0.0352], [""1-5-3"", 0.0341]]",3,25.4,"[[""3-1-2"", 0.017], [""3-1-4"", 0.0195], [""3-1-5"", 0.0122]]","[[""1-4-5"", 0.0327], [""1-5-2"", 0.031], [""1-5-4"", 0.0293], [""1-3-6"", 0.0252]]",,,False,True,0.8218,強,"{""逃げ"": 73.1, ""差し"": 9.0, ""まくり"": 7.0, ""まくり差し"": 5.5, ""抜き"": 5.2, ""恵まれ"": 0.2}","[""0〜600円"", ""600〜750円"", ""750〜900円"", ""900〜1050円"", ""1050〜1220円"", ""1220〜1410円"", ""1410〜1640円"", ""1640〜1890円"", ""1890〜2200円"", ""2200〜2560円"", ""2560〜3020円"", ""3020〜3580円"", ""3580〜4290円"", ""4290〜5220円"", ""5220〜6490円"", ""6490〜8310円"", ""8310〜11220円"", ""11220〜16240円"", ""16240〜28268円"", ""28268円〜""]","[13.8, 10.4, 7.2, 6.1, 5.8, 5.8, 4.6, 4.1, 4.3, 3.9, 4.5, 3.1, 3.2, 2.8, 2.7, 3.1, 2.5, 3.5, 3.2, 5.3]","[8.8, 5.4, 2.2, 1.1, 0.8, 0.8, -0.4, -0.9, -0.7, -1.1, -0.5, -1.9, -1.8, -2.2, -2.3, -1.9, -2.5, -1.5, -1.8, 0.3]"
20260815,19,1,1,64.2,"[[""1-3-2"", 0.0894], [""1-2-3"", 0.0873], [""1-3-4"", 0.0607], [""1-2-4"", 0.0565], [""1-3-5"", 0.0504], [""1-2-5"", 0.0469]]",2,37.5,"[[""2-1-3"", 0.0324], [""2-1-4"", 0.021], [""2-1-5"", 0.0174]]","[[""1-4-3"", 0.049], [""1-4-2"", 0.0467], [""3-1-2"", 0.0334], [""1-5-3"", 0.0393]]",,,False,True,0.8218,弱,"{""逃げ"": 41.9, ""まくり"": 19.5, ""差し"": 16.2, ""まくり差し"": 13.5, ""抜き"": 7.7, ""恵まれ"": 1.1}","[""0〜600円"", ""600〜750円"", ""750〜900円"", ""900〜1050円"", ""1050〜1220円"", ""1220〜1410円"", ""1410〜1640円"", ""1640〜1890円"", ""1890〜2200円"", ""2200〜2560円"", ""2560〜3020円"", ""3020〜3580円"", ""3580〜4290円"", ""4290〜5220円"", ""5220〜6490円"", ""6490〜8310円"", ""8310〜11220円"", ""11220〜16240円"", ""16240〜28268円"", ""28268円〜""]","[1.4, 2.5, 2.8, 3.1, 5.1, 4.8, 5.2, 5.2, 5.6, 6.2, 5.2, 6.2, 6.4, 5.8, 6.3, 5.8, 6.6, 5.7, 5.3, 4.6]","[-3.6, -2.5, -2.2, -1.9, 0.1, -0.2, 0.2, 0.2, 0.6, 1.2, 0.2, 1.2, 1.4, 0.8, 1.3, 0.8, 1.6, 0.7, 0.3, -0.4]"
20260815,19,2,1,52.2,"[[""1-4-3"", 0.0743], [""1-4-2"", 0.0756], [""1-4-5"", 0.0238]]",4,24.0,"[[""4-1-3"", 0.0499], [""4-1-2"", 0.0508], [""4-1-5"", 0.016]]","[[""1-3-4"", 0.0585], [""1-2-4"", 0.0555], [""3-1-4"", 0.0355], [""1-3-2"", 0.0377]]",1-4,0.3385,False,False,0.7866,中,"{""逃げ"": 56.4, ""差し"": 11.4, ""まくり"": 12.2, ""まくり差し"": 11.9, ""抜き"": 7.2, ""恵まれ"": 0.8}","[""0〜600円"", ""600〜750円"", ""750〜900円"", ""900〜1050円"", ""1050〜1220円"", ""1220〜1410円"", ""1410〜1640円"", ""1640〜1890円"", ""1890〜2200円"", ""2200〜2560円"", ""2560〜3020円"", ""3020〜3580円"", ""3580〜4290円"", ""4290〜5220円"", ""5220〜6490円"", ""6490〜8310円"", ""8310〜11220円"", ""11220〜16240円"", ""16240〜28268円"", ""28268円〜""]","[5.9, 6.2, 5.6, 5.0, 6.2, 5.4, 5.7, 4.4, 4.4, 5.2, 5.2, 4.0, 4.6, 4.1, 4.9, 4.3, 4.7, 4.7, 4.9, 4.6]","[0.9, 1.2, 0.6, -0.0, 1.2, 0.4, 0.7, -0.6, -0.6, 0.2, 0.2, -1.0, -0.4, -0.9, -0.1, -0.7, -0.3, -0.3, -0.1, -0.4]"
20260815,19,3,1,37.0,"[[""1-2-5"", 0.0452], [""1-5-2"", 0.0358], [""1-2-6"", 0.0426], [""1-6-2"", 0.0313], [""1-2-4"", 0.0236], [""1-2-3"", 0.0234], [""1-5-6"", 0.0202], [""1-6-5"", 0.0187], [""1-4-2"", 0.0158]]",2,26.0,"[[""2-1-5"", 0.0377], [""2-1-6"", 0.0356], [""2-1-4"", 0.0197], [""2-1-3"", 0.0195]]","[[""5-1-2"", 0.0264], [""2-5-1"", 0.0237], [""5-2-1"", 0.0209], [""6-1-2"", 0.0221]]",,,False,False,0.7866,弱,"{""逃げ"": 41.9, ""まくり"": 19.5, ""差し"": 16.2, ""まくり差し"": 13.5, ""抜き"": 7.7, ""恵まれ"": 1.1}","[""0〜600円"", ""600〜750円"", ""750〜900円"", ""900〜1050円"", ""1050〜1220円"", ""1220〜1410円"", ""1410〜1640円"", ""1640〜1890円"", ""1890〜2200円"", ""2200〜2560円"", ""2560〜3020円"", ""3020〜3580円"", ""3580〜4290円"", ""4290〜5220円"", ""5220〜6490円"", ""6490〜8310円"", ""8310〜11220円"", ""11220〜16240円"", ""16240〜28268円"", ""28268円〜""]","[1.4, 2.5, 2.8, 3.1, 5.1, 4.8, 5.2, 5.2, 5.6, 6.2, 5.2, 6.2, 6.4, 5.8, 6.3, 5.8, 6.6, 5.7, 5.3, 4.6]","[-3.6, -2.5, -2.2, -1.9, 0.1, -0.2, 0.2, 0.2, 0.6, 1.2, 0.2, 1.2, 1.4, 0.8, 1.3, 0.8, 1.6, 0.7, 0.3, -0.4]"
20260815,19,4,4,59.0,"[[""4-6-3"", 0.04], [""4-6-1"", 0.0484], [""4-3-6"", 0.0328], [""4-1-6"", 0.0391], [""4-6-2"", 0.0274], [""4-3-1"", 0.0247], [""4-1-3"", 0.0244], [""4-2-6"", 0.0197], [""4-3-2"", 0.014]]",6,23.8,"[[""6-4-3"", 0.0323], [""6-4-1"", 0.039], [""6-4-2"", 0.0221], [""6-4-5"", 0.0105]]","[[""3-4-6"", 0.0238], [""1-4-6"", 0.0281], [""6-3-4"", 0.0201], [""6-1-4"", 0.0241]]",,,False,False,0.7866,強,"{""逃げ"": 69.8, ""まくり差し"": 9.5, ""まくり"": 8.4, ""差し"": 7.2, ""抜き"": 4.9, ""恵まれ"": 0.3}","[""0〜600円"", ""600〜750円"", ""750〜900円"", ""900〜1050円"", ""1050〜1220円"", ""1220〜1410円"", ""1410〜1640円"", ""1640〜1890円"", ""1890〜2200円"", ""2200〜2560円"", ""2560〜3020円"", ""3020〜3580円"", ""3580〜4290円"", ""4290〜5220円"", ""5220〜6490円"", ""6490〜8310円"", ""8310〜11220円"", ""11220〜16240円"", ""16240〜28268円"", ""28268円〜""]","[9.4, 7.8, 7.4, 5.2, 5.8, 5.3, 5.8, 4.8, 4.4, 4.2, 4.2, 4.5, 4.0, 3.9, 3.5, 3.5, 3.4, 4.0, 4.0, 4.8]","[4.4, 2.8, 2.4, 0.2, 0.8, 0.3, 0.8, -0.2, -0.6, -0.8, -0.8, -0.5, -1.0, -1.1, -1.5, -1.5, -1.6, -1.0, -1.0, -0.2]"
20260815,19,5,1,58.6,"[[""1-4-6"", 0.0507], [""1-6-4"", 0.0475], [""1-4-3"", 0.0548], [""1-3-4"", 0.0487], [""1-6-3"", 0.0435], [""1-3-6"", 0.0413], [""1-4-2"", 0.0316], [""1-6-2"", 0.0251], [""1-2-4"", 0.025]]",6,26.3,"[[""6-1-4"", 0.0241], [""6-1-3"", 0.022], [""6-1-2"", 0.0127]]","[[""4-1-6"", 0.0263], [""4-1-3"", 0.0284], [""3-1-4"", 0.0242], [""1-2-6"", 0.0212]]",,,False,False,0.7866,強,"{""逃げ"": 69.8, ""まくり差し"": 9.5, ""まくり"": 8.4, ""差し"": 7.2, ""抜き"": 4.9, ""恵まれ"": 0.3}","[""0〜600円"", ""600〜750円"", ""750〜900円"", ""900〜1050円"", ""1050〜1220円"", ""1220〜1410円"", ""1410〜1640円"", ""1640〜1890円"", ""1890〜2200円"", ""2200〜2560円"", ""2560〜3020円"", ""3020〜3580円"", ""3580〜4290円"", ""4290〜5220円"", ""5220〜6490円"", ""6490〜8310円"", ""8310〜11220円"", ""11220〜16240円"", ""16240〜28268円"", ""28268円〜""]","[9.4, 7.8, 7.4, 5.2, 5.8, 5.3, 5.8, 4.8, 4.4, 4.2, 4.2, 4.5, 4.0, 3.9, 3.5, 3.5, 3.4, 4.0, 4.0, 4.8]","[4.4, 2.8, 2.4, 0.2, 0.8, 0.3, 0.8, -0.2, -0.6, -0.8, -0.8, -0.5, -1.0, -1.1, -1.5, -1.5, -1.6, -1.0, -1.0, -0.2]"
20260815,19,6,1,54.1,"[[""1-2-5"", 0.1293], [""1-2-6"", 0.0563], [""1-2-3"", 0.051], [""1-2-4"", 0.0509]]",2,21.4,"[[""2-1-5"", 0.0346], [""2-1-6"", 0.0151], [""2-1-3"", 0.0136], [""2-1-4"", 0.0136]]","[[""1-5-2"", 0.1053], [""1-6-2"", 0.036], [""5-1-2"", 0.0272], [""1-3-2"", 0.0323]]",1-2,0.4088,False,False,0.7866,強,"{""逃げ"": 69.8, ""まくり差し"": 9.5, ""まくり"": 8.4, ""差し"": 7.2, ""抜き"": 4.9, ""恵まれ"": 0.3}","[""0〜600円"", ""600〜750円"", ""750〜900円"", ""900〜1050円"", ""1050〜1220円"", ""1220〜1410円"", ""1410〜1640円"", ""1640〜1890円"", ""1890〜2200円"", ""2200〜2560円"", ""2560〜3020円"", ""3020〜3580円"", ""3580〜4290円"", ""4290〜5220円"", ""5220〜6490円"", ""6490〜8310円"", ""8310〜11220円"", ""11220〜16240円"", ""16240〜28268円"", ""28268円〜""]","[9.4, 7.8, 7.4, 5.2, 5.8, 5.3, 5.8, 4.8, 4.4, 4.2, 4.2, 4.5, 4.0, 3.9, 3.5, 3.5, 3.4, 4.0, 4.0, 4.8]","[4.4, 2.8, 2.4, 0.2, 0.8, 0.3, 0.8, -0.2, -0.6, -0.8, -0.8, -0.5, -1.0, -1.1, -1.5, -1.5, -1.6, -1.0, -1.0, -0.2]"
20260815,19,7,1,58.3,"[[""1-3-4"", 0.0635], [""1-4-3"", 0.0573], [""1-3-2"", 0.0419], [""1-4-2"", 0.031], [""1-3-6"", 0.026], [""1-4-6"", 0.0192], [""1-3-5"", 0.0161], [""1-4-5"", 0.0119]]",3,27.4,"[[""3-1-4"", 0.0449], [""3-1-2"", 0.0297], [""3-1-6"", 0.0184], [""3-1-5"", 0.0114]]","[[""4-1-3"", 0.0387], [""3-4-1"", 0.0254], [""1-2-3"", 0.0312], [""4-3-1"", 0.0243]]",,,False,False,0.7866,弱,"{""逃げ"": 41.9, ""まくり"": 19.5, ""差し"": 16.2, ""まくり差し"": 13.5, ""抜き"": 7.7, ""恵まれ"": 1.1}","[""0〜600円"", ""600〜750円"", ""750〜900円"", ""900〜1050円"", ""1050〜1220円"", ""1220〜1410円"", ""1410〜1640円"", ""1640〜1890円"", ""1890〜2200円"", ""2200〜2560円"", ""2560〜3020円"", ""3020〜3580円"", ""3580〜4290円"", ""4290〜5220円"", ""5220〜6490円"", ""6490〜8310円"", ""8310〜11220円"", ""11220〜16240円"", ""16240〜28268円"", ""28268円〜""]","[1.4, 2.5, 2.8, 3.1, 5.1, 4.8, 5.2, 5.2, 5.6, 6.2, 5.2, 6.2, 6.4, 5.8, 6.3, 5.8, 6.6, 5.7, 5.3, 4.6]","[-3.6, -2.5, -2.2, -1.9, 0.1, -0.2, 0.2, 0.2, 0.6, 1.2, 0.2, 1.2, 1.4, 0.8, 1.3, 0.8, 1.6, 0.7, 0.3, -0.4]"
20260815,19,8,1,51.0,"[[""1-4-2"", 0.1008], [""1-4-3"", 0.0612], [""1-4-6"", 0.0374], [""1-4-5"", 0.031]]",4,19.1,"[[""4-1-2"", 0.049], [""4-1-3"", 0.0297], [""4-1-6"", 0.0182], [""4-1-5"", 0.0151]]","[[""1-2-4"", 0.08], [""2-1-4"", 0.0363], [""1-3-4"", 0.0402], [""1-2-3"", 0.0319]]",1-4,0.3829,False,False,0.7866,中,"{""逃げ"": 56.4, ""差し"": 11.4, ""まくり"": 12.2, ""まくり差し"": 11.9, ""抜き"": 7.2, ""恵まれ"": 0.8}","[""0〜600円"", ""600〜750円"", ""750〜900円"", ""900〜1050円"", ""1050〜1220円"", ""1220〜1410円"", ""1410〜1640円"", ""1640〜1890円"", ""1890〜2200円"", ""2200〜2560円"", ""2560〜3020円"", ""3020〜3580円"", ""3580〜4290円"", ""4290〜5220円"", ""5220〜6490円"", ""6490〜8310円"", ""8310〜11220円"", ""11220〜16240円"", ""16240〜28268円"", ""28268円〜""]","[5.9, 6.2, 5.6, 5.0, 6.2, 5.4, 5.7, 4.4, 4.4, 5.2, 5.2, 4.0, 4.6, 4.1, 4.9, 4.3, 4.7, 4.7, 4.9, 4.6]","[0.9, 1.2, 0.6, -0.0, 1.2, 0.4, 0.7, -0.6, -0.6, 0.2, 0.2, -1.0, -0.4, -0.9, -0.1, -0.7, -0.3, -0.3, -0.1, -0.4]"
20260815,19,9,1,61.3,"[[""1-3-2"", 0.0911], [""1-2-3"", 0.0774], [""1-3-5"", 0.0711], [""1-5-3"", 0.0536], [""1-3-4"", 0.0474], [""1-2-5"", 0.0425], [""1-5-2"", 0.0377], [""1-3-6"", 0.0353], [""1-4-3"", 0.0335]]",3,24.0,"[[""3-1-2"", 0.0297], [""3-1-5"", 0.0232], [""3-1-4"", 0.0155], [""3-1-6"", 0.0115]]","[[""2-1-3"", 0.0244], [""1-2-4"", 0.0283], [""1-6-3"", 0.0242], [""1-4-2"", 0.0235]]",,,False,True,0.8218,強,"{""逃げ"": 69.8, ""まくり差し"": 9.5, ""まくり"": 8.4, ""差し"": 7.2, ""抜き"": 4.9, ""恵まれ"": 0.3}","[""0〜600円"", ""600〜750円"", ""750〜900円"", ""900〜1050円"", ""1050〜1220円"", ""1220〜1410円"", ""1410〜1640円"", ""1640〜1890円"", ""1890〜2200円"", ""2200〜2560円"", ""2560〜3020円"", ""3020〜3580円"", ""3580〜4290円"", ""4290〜5220円"", ""5220〜6490円"", ""6490〜8310円"", ""8310〜11220円"", ""11220〜16240円"", ""16240〜28268円"", ""28268円〜""]","[9.4, 7.8, 7.4, 5.2, 5.8, 5.3, 5.8, 4.8, 4.4, 4.2, 4.2, 4.5, 4.0, 3.9, 3.5, 3.5, 3.4, 4.0, 4.0, 4.8]","[4.4, 2.8, 2.4, 0.2, 0.8, 0.3, 0.8, -0.2, -0.6, -0.8, -0.8, -0.5, -1.0, -1.1, -1.5, -1.5, -1.6, -1.0, -1.0, -0.2]"
20260815,19,10,1,55.2,"[[""1-2-3"", 0.1451], [""1-2-5"", 0.0623], [""1-2-4"", 0.0468], [""1-2-6"", 0.0178]]",2,29.0,"[[""2-1-3"", 0.041], [""2-1-5"", 0.0176], [""2-1-4"", 0.0132]]","[[""1-3-2"", 0.1316], [""1-3-5"", 0.048], [""3-1-2"", 0.0366], [""1-5-2"", 0.0421]]",1-2,0.3892,False,True,0.8218,強,"{""逃げ"": 69.8, ""まくり差し"": 9.5, ""まくり"": 8.4, ""差し"": 7.2, ""抜き"": 4.9, ""恵まれ"": 0.3}","[""0〜600円"", ""600〜750円"", ""750〜900円"", ""900〜1050円"", ""1050〜1220円"", ""1220〜1410円"", ""1410〜1640円"", ""1640〜1890円"", ""1890〜2200円"", ""2200〜2560円"", ""2560〜3020円"", ""3020〜3580円"", ""3580〜4290円"", ""4290〜5220円"", ""5220〜6490円"", ""6490〜8310円"", ""8310〜11220円"", ""11220〜16240円"", ""16240〜28268円"", ""28268円〜""]","[9.4, 7.8, 7.4, 5.2, 5.8, 5.3, 5.8, 4.8, 4.4, 4.2, 4.2, 4.5, 4.0, 3.9, 3.5, 3.5, 3.4, 4.0, 4.0, 4.8]","[4.4, 2.8, 2.4, 0.2, 0.8, 0.3, 0.8, -0.2, -0.6, -0.8, -0.8, -0.5, -1.0, -1.1, -1.5, -1.5, -1.6, -1.0, -1.0, -0.2]"
20260815,19,11,1,57.3,"[[""1-3-2"", 0.1236], [""1-2-3"", 0.119], [""1-3-5"", 0.0718], [""1-2-5"", 0.0646], [""1-3-4"", 0.0363], [""1-2-4"", 0.0327], [""1-3-6"", 0.0166], [""1-2-6"", 0.0149]]",2,26.4,"[[""2-1-3"", 0.0333], [""2-1-5"", 0.018]]","[[""1-5-3"", 0.0542], [""1-5-2"", 0.0506], [""3-1-2"", 0.0348], [""1-4-3"", 0.025]]",,,False,True,0.8218,強,"{""逃げ"": 69.8, ""まくり差し"": 9.5, ""まくり"": 8.4, ""差し"": 7.2, ""抜き"": 4.9, ""恵まれ"": 0.3}","[""0〜600円"", ""600〜750円"", ""750〜900円"", ""900〜1050円"", ""1050〜1220円"", ""1220〜1410円"", ""1410〜1640円"", ""1640〜1890円"", ""1890〜2200円"", ""2200〜2560円"", ""2560〜3020円"", ""3020〜3580円"", ""3580〜4290円"", ""4290〜5220円"", ""5220〜6490円"", ""6490〜8310円"", ""8310〜11220円"", ""11220〜16240円"", ""16240〜28268円"", ""28268円〜""]","[9.4, 7.8, 7.4, 5.2, 5.8, 5.3, 5.8, 4.8, 4.4, 4.2, 4.2, 4.5, 4.0, 3.9, 3.5, 3.5, 3.4, 4.0, 4.0, 4.8]","[4.4, 2.8, 2.4, 0.2, 0.8, 0.3, 0.8, -0.2, -0.6, -0.8, -0.8, -0.5, -1.0, -1.1, -1.5, -1.5, -1.6, -1.0, -1.0, -0.2]"
20260815,19,12,1,51.0,"[[""1-2-3"", 0.1097], [""1-3-2"", 0.1056], [""1-2-6"", 0.0601], [""1-3-6"", 0.0538], [""1-2-5"", 0.0338], [""1-3-5"", 0.0303], [""1-2-4"", 0.022], [""1-3-4"", 0.0197]]",2,41.0,"[[""2-1-3"", 0.0393], [""2-1-6"", 0.0215], [""2-1-5"", 0.0121]]","[[""3-1-2"", 0.0375], [""1-6-2"", 0.045], [""1-6-3"", 0.042], [""1-5-2"", 0.0235]]",,,False,True,0.8218,強,"{""逃げ"": 69.8, ""まくり差し"": 9.5, ""まくり"": 8.4, ""差し"": 7.2, ""抜き"": 4.9, ""恵まれ"": 0.3}","[""0〜600円"", ""600〜750円"", ""750〜900円"", ""900〜1050円"", ""1050〜1220円"", ""1220〜1410円"", ""1410〜1640円"", ""1640〜1890円"", ""1890〜2200円"", ""2200〜2560円"", ""2560〜3020円"", ""3020〜3580円"", ""3580〜4290円"", ""4290〜5220円"", ""5220〜6490円"", ""6490〜8310円"", ""8310〜11220円"", ""11220〜16240円"", ""16240〜28268円"", ""28268円〜""]","[9.4, 7.8, 7.4, 5.2, 5.8, 5.3, 5.8, 4.8, 4.4, 4.2, 4.2, 4.5, 4.0, 3.9, 3.5, 3.5, 3.4, 4.0, 4.0, 4.8]","[4.4, 2.8, 2.4, 0.2, 0.8, 0.3, 0.8, -0.2, -0.6, -0.8, -0.8, -0.5, -1.0, -1.1, -1.5, -1.5, -1.6, -1.0, -1.0, -0.2]"
20260815,21,1,1,60.6,"[[""1-3-2"", 0.0844], [""1-2-3"", 0.0766], [""1-3-4"", 0.0622], [""1-3-5"", 0.0616], [""1-4-3"", 0.0489], [""1-5-3"", 0.0484], [""1-2-4"", 0.0457], [""1-2-5"", 0.0452], [""1-4-2"", 0.0396]]",3,38.0,"[[""3-1-2"", 0.0296], [""3-1-4"", 0.0218], [""3-1-5"", 0.0216]]","[[""1-5-2"", 0.0391], [""2-1-3"", 0.0262], [""1-4-5"", 0.0237], [""1-5-4"", 0.0237]]",,,False,True,0.8218,中,"{""逃げ"": 52.4, ""まくり"": 17.5, ""まくり差し"": 12.4, ""差し"": 9.8, ""抜き"": 6.9, ""恵まれ"": 1.0}","[""0〜600円"", ""600〜750円"", ""750〜900円"", ""900〜1050円"", ""1050〜1220円"", ""1220〜1410円"", ""1410〜1640円"", ""1640〜1890円"", ""1890〜2200円"", ""2200〜2560円"", ""2560〜3020円"", ""3020〜3580円"", ""3580〜4290円"", ""4290〜5220円"", ""5220〜6490円"", ""6490〜8310円"", ""8310〜11220円"", ""11220〜16240円"", ""16240〜28268円"", ""28268円〜""]","[5.0, 4.9, 5.7, 5.2, 6.4, 4.8, 5.3, 4.2, 3.9, 5.1, 3.5, 5.1, 4.4, 4.6, 4.6, 5.5, 5.3, 5.1, 5.0, 6.5]","[0.0, -0.1, 0.7, 0.2, 1.4, -0.2, 0.3, -0.8, -1.1, 0.1, -1.5, 0.1, -0.6, -0.4, -0.4, 0.5, 0.3, 0.1, 0.0, 1.5]"
20260815,21,2,1,59.5,"[[""1-4-3"", 0.0994], [""1-4-2"", 0.1118], [""1-4-5"", 0.0496], [""1-4-6"", 0.0327]]",4,33.3,"[[""4-1-3"", 0.0482], [""4-1-2"", 0.0542], [""4-1-5"", 0.0241], [""4-1-6"", 0.0159]]","[[""1-3-4"", 0.0584], [""1-2-4"", 0.064], [""3-1-4"", 0.0244], [""2-1-4"", 0.0265]]",1-4,0.4759,False,False,0.7866,強,"{""逃げ"": 66.3, ""まくり"": 10.6, ""まくり差し"": 10.6, ""抜き"": 6.2, ""差し"": 5.4, ""恵まれ"": 0.9}","[""0〜600円"", ""600〜750円"", ""750〜900円"", ""900〜1050円"", ""1050〜1220円"", ""1220〜1410円"", ""1410〜1640円"", ""1640〜1890円"", ""1890〜2200円"", ""2200〜2560円"", ""2560〜3020円"", ""3020〜3580円"", ""3580〜4290円"", ""4290〜5220円"", ""5220〜6490円"", ""6490〜8310円"", ""8310〜11220円"", ""11220〜16240円"", ""16240〜28268円"", ""28268円〜""]","[8.7, 8.2, 6.0, 6.1, 6.2, 5.5, 5.4, 4.8, 4.2, 4.0, 4.3, 4.0, 3.6, 4.1, 3.3, 3.8, 4.3, 3.8, 3.9, 5.9]","[3.7, 3.2, 1.0, 1.1, 1.2, 0.5, 0.4, -0.2, -0.8, -1.0, -0.7, -1.0, -1.4, -0.9, -1.7, -1.2, -0.7, -1.2, -1.1, 0.9]"
20260815,21,3,1,53.5,"[[""1-3-2"", 0.1709], [""1-3-4"", 0.0804], [""1-3-5"", 0.0731], [""1-3-6"", 0.0203]]",3,32.7,"[[""3-1-2"", 0.0374], [""3-1-4"", 0.0176], [""3-1-5"", 0.016]]","[[""1-2-3"", 0.1225], [""1-4-3"", 0.0461], [""1-5-3"", 0.0414], [""1-2-4"", 0.0337]]",1-3,0.4766,False,False,0.7866,強,"{""逃げ"": 66.3, ""まくり"": 10.6, ""まくり差し"": 10.6, ""抜き"": 6.2, ""差し"": 5.4, ""恵まれ"": 0.9}","[""0〜600円"", ""600〜750円"", ""750〜900円"", ""900〜1050円"", ""1050〜1220円"", ""1220〜1410円"", ""1410〜1640円"", ""1640〜1890円"", ""1890〜2200円"", ""2200〜2560円"", ""2560〜3020円"", ""3020〜3580円"", ""3580〜4290円"", ""4290〜5220円"", ""5220〜6490円"", ""6490〜8310円"", ""8310〜11220円"", ""11220〜16240円"", ""16240〜28268円"", ""28268円〜""]","[8.7, 8.2, 6.0, 6.1, 6.2, 5.5, 5.4, 4.8, 4.2, 4.0, 4.3, 4.0, 3.6, 4.1, 3.3, 3.8, 4.3, 3.8, 3.9, 5.9]","[3.7, 3.2, 1.0, 1.1, 1.2, 0.5, 0.4, -0.2, -0.8, -1.0, -0.7, -1.0, -1.4, -0.9, -1.7, -1.2, -0.7, -1.2, -1.1, 0.9]"
20260815,21,4,1,57.3,"[[""1-2-4"", 0.0716], [""1-4-2"", 0.069], [""1-2-5"", 0.0646], [""1-4-5"", 0.0569], [""1-5-2"", 0.0564], [""1-5-4"", 0.0516], [""1-2-3"", 0.0395], [""1-4-3"", 0.0348], [""1-3-2"", 0.0313]]",2,27.6,"[[""2-1-4"", 0.0254], [""2-1-5"", 0.0229], [""2-1-3"", 0.014]]","[[""4-1-2"", 0.0242], [""1-3-4"", 0.0286], [""1-5-3"", 0.0234], [""1-3-5"", 0.0212]]",,,False,True,0.8218,中,"{""逃げ"": 52.4, ""まくり"": 17.5, ""まくり差し"": 12.4, ""差し"": 9.8, ""抜き"": 6.9, ""恵まれ"": 1.0}","[""0〜600円"", ""600〜750円"", ""750〜900円"", ""900〜1050円"", ""1050〜1220円"", ""1220〜1410円"", ""1410〜1640円"", ""1640〜1890円"", ""1890〜2200円"", ""2200〜2560円"", ""2560〜3020円"", ""3020〜3580円"", ""3580〜4290円"", ""4290〜5220円"", ""5220〜6490円"", ""6490〜8310円"", ""8310〜11220円"", ""11220〜16240円"", ""16240〜28268円"", ""28268円〜""]","[5.0, 4.9, 5.7, 5.2, 6.4, 4.8, 5.3, 4.2, 3.9, 5.1, 3.5, 5.1, 4.4, 4.6, 4.6, 5.5, 5.3, 5.1, 5.0, 6.5]","[0.0, -0.1, 0.7, 0.2, 1.4, -0.2, 0.3, -0.8, -1.1, 0.1, -1.5, 0.1, -0.6, -0.4, -0.4, 0.5, 0.3, 0.1, 0.0, 1.5]"
20260815,21,5,1,61.8,"[[""1-2-5"", 0.1048], [""1-5-2"", 0.0962], [""1-2-3"", 0.0874], [""1-3-2"", 0.0704], [""1-2-6"", 0.0688], [""1-5-3"", 0.0669], [""1-3-5"", 0.0587], [""1-6-2"", 0.0527], [""1-5-6"", 0.0526]]",5,25.2,"[[""5-1-2"", 0.0147], [""5-1-3"", 0.0102]]","[[""1-6-5"", 0.0439], [""1-3-6"", 0.0303], [""1-6-3"", 0.0288], [""2-1-5"", 0.0162]]",,,False,False,0.7866,強,"{""逃げ"": 66.3, ""まくり"": 10.6, ""まくり差し"": 10.6, ""抜き"": 6.2, ""差し"": 5.4, ""恵まれ"": 0.9}","[""0〜600円"", ""600〜750円"", ""750〜900円"", ""900〜1050円"", ""1050〜1220円"", ""1220〜1410円"", ""1410〜1640円"", ""1640〜1890円"", ""1890〜2200円"", ""2200〜2560円"", ""2560〜3020円"", ""3020〜3580円"", ""3580〜4290円"", ""4290〜5220円"", ""5220〜6490円"", ""6490〜8310円"", ""8310〜11220円"", ""11220〜16240円"", ""16240〜28268円"", ""28268円〜""]","[8.7, 8.2, 6.0, 6.1, 6.2, 5.5, 5.4, 4.8, 4.2, 4.0, 4.3, 4.0, 3.6, 4.1, 3.3, 3.8, 4.3, 3.8, 3.9, 5.9]","[3.7, 3.2, 1.0, 1.1, 1.2, 0.5, 0.4, -0.2, -0.8, -1.0, -0.7, -1.0, -1.4, -0.9, -1.7, -1.2, -0.7, -1.2, -1.1, 0.9]"
20260815,21,6,1,36.1,"[[""1-5-2"", 0.0412], [""1-2-5"", 0.0399], [""1-5-3"", 0.032], [""1-2-3"", 0.0287], [""1-3-5"", 0.0267], [""1-3-2"", 0.0247], [""1-5-4"", 0.0241], [""1-2-4"", 0.0216], [""1-4-5"", 0.019]]",5,31.4,"[[""5-1-2"", 0.0312], [""5-1-3"", 0.0243], [""5-1-4"", 0.0183], [""5-1-6"", 0.0106]]","[[""2-1-5"", 0.0297], [""5-2-1"", 0.0209], [""2-5-1"", 0.0205], [""2-1-3"", 0.0214]]",,,False,False,0.7866,弱,"{""逃げ"": 36.4, ""まくり"": 23.0, ""まくり差し"": 14.3, ""差し"": 16.5, ""抜き"": 8.6, ""恵まれ"": 1.0}","[""0〜600円"", ""600〜750円"", ""750〜900円"", ""900〜1050円"", ""1050〜1220円"", ""1220〜1410円"", ""1410〜1640円"", ""1640〜1890円"", ""1890〜2200円"", ""2200〜2560円"", ""2560〜3020円"", ""3020〜3580円"", ""3580〜4290円"", ""4290〜5220円"", ""5220〜6490円"", ""6490〜8310円"", ""8310〜11220円"", ""11220〜16240円"", ""16240〜28268円"", ""28268円〜""]","[1.0, 2.6, 3.2, 4.2, 4.7, 5.5, 6.2, 4.4, 5.1, 5.2, 5.1, 5.2, 4.9, 6.3, 6.6, 6.8, 6.0, 5.4, 6.3, 5.3]","[-4.0, -2.4, -1.8, -0.8, -0.3, 0.5, 1.2, -0.6, 0.1, 0.2, 0.1, 0.2, -0.1, 1.3, 1.6, 1.8, 1.0, 0.4, 1.3, 0.3]"
20260815,21,7,1,36.0,"[[""1-2-3"", 0.0608], [""1-3-2"", 0.0512], [""1-2-4"", 0.0554], [""1-4-2"", 0.043], [""1-2-5"", 0.0398], [""1-3-4"", 0.0315], [""1-4-3"", 0.0291], [""1-5-2"", 0.029], [""1-3-5"", 0.0226]]",2,29.8,"[[""2-1-3"", 0.0362], [""2-1-4"", 0.033], [""2-1-5"", 0.0237], [""2-1-6"", 0.0113]]","[[""3-1-2"", 0.0284], [""4-1-2"", 0.0231], [""1-5-3"", 0.0196], [""2-3-1"", 0.016]]",,,False,True,0.8218,中,"{""逃げ"": 52.4, ""まくり"": 17.5, ""まくり差し"": 12.4, ""差し"": 9.8, ""抜き"": 6.9, ""恵まれ"": 1.0}","[""0〜600円"", ""600〜750円"", ""750〜900円"", ""900〜1050円"", ""1050〜1220円"", ""1220〜1410円"", ""1410〜1640円"", ""1640〜1890円"", ""1890〜2200円"", ""2200〜2560円"", ""2560〜3020円"", ""3020〜3580円"", ""3580〜4290円"", ""4290〜5220円"", ""5220〜6490円"", ""6490〜8310円"", ""8310〜11220円"", ""11220〜16240円"", ""16240〜28268円"", ""28268円〜""]","[5.0, 4.9, 5.7, 5.2, 6.4, 4.8, 5.3, 4.2, 3.9, 5.1, 3.5, 5.1, 4.4, 4.6, 4.6, 5.5, 5.3, 5.1, 5.0, 6.5]","[0.0, -0.1, 0.7, 0.2, 1.4, -0.2, 0.3, -0.8, -1.1, 0.1, -1.5, 0.1, -0.6, -0.4, -0.4, 0.5, 0.3, 0.1, 0.0, 1.5]"
20260815,21,8,1,,"[[""1-2-4"", 0.05], [""1-2-3"", 0.0539]]",2,26.9,"[[""2-1-4"", 0.0495], [""2-1-3"", 0.0533]]","[[""1-4-2"", 0.0406], [""2-4-1"", 0.0395], [""4-1-2"", 0.0354], [""4-2-1"", 0.0349]]",1-2,0.2539,False,False,0.7866,弱,"{""逃げ"": 36.4, ""まくり"": 23.0, ""まくり差し"": 14.3, ""差し"": 16.5, ""抜き"": 8.6, ""恵まれ"": 1.0}","[""0〜600円"", ""600〜750円"", ""750〜900円"", ""900〜1050円"", ""1050〜1220円"", ""1220〜1410円"", ""1410〜1640円"", ""1640〜1890円"", ""1890〜2200円"", ""2200〜2560円"", ""2560〜3020円"", ""3020〜3580円"", ""3580〜4290円"", ""4290〜5220円"", ""5220〜6490円"", ""6490〜8310円"", ""8310〜11220円"", ""11220〜16240円"", ""16240〜28268円"", ""28268円〜""]","[1.0, 2.6, 3.2, 4.2, 4.7, 5.5, 6.2, 4.4, 5.1, 5.2, 5.1, 5.2, 4.9, 6.3, 6.6, 6.8, 6.0, 5.4, 6.3, 5.3]","[-4.0, -2.4, -1.8, -0.8, -0.3, 0.5, 1.2, -0.6, 0.1, 0.2, 0.1, 0.2, -0.1, 1.3, 1.6, 1.8, 1.0, 0.4, 1.3, 0.3]"
20260815,21,9,1,53.0,"[[""1-3-4"", 0.072], [""1-3-5"", 0.0853], [""1-3-2"", 0.0788], [""1-3-6"", 0.023]]",3,30.3,"[[""3-1-4"", 0.0416], [""3-1-5"", 0.0493], [""3-1-2"", 0.0456], [""3-1-6"", 0.0133]]","[[""1-4-3"", 0.0426], [""1-5-3"", 0.0499], [""1-2-3"", 0.0454], [""4-1-3"", 0.0206]]",1-3,0.4397,False,False,0.7866,中,"{""逃げ"": 52.4, ""まくり"": 17.5, ""まくり差し"": 12.4, ""差し"": 9.8, ""抜き"": 6.9, ""恵まれ"": 1.0}","[""0〜600円"", ""600〜750円"", ""750〜900円"", ""900〜1050円"", ""1050〜1220円"", ""1220〜1410円"", ""1410〜1640円"", ""1640〜1890円"", ""1890〜2200円"", ""2200〜2560円"", ""2560〜3020円"", ""3020〜3580円"", ""3580〜4290円"", ""4290〜5220円"", ""5220〜6490円"", ""6490〜8310円"", ""8310〜11220円"", ""11220〜16240円"", ""16240〜28268円"", ""28268円〜""]","[5.0, 4.9, 5.7, 5.2, 6.4, 4.8, 5.3, 4.2, 3.9, 5.1, 3.5, 5.1, 4.4, 4.6, 4.6, 5.5, 5.3, 5.1, 5.0, 6.5]","[0.0, -0.1, 0.7, 0.2, 1.4, -0.2, 0.3, -0.8, -1.1, 0.1, -1.5, 0.1, -0.6, -0.4, -0.4, 0.5, 0.3, 0.1, 0.0, 1.5]"
20260815,21,10,4,53.5,"[[""4-3-1"", 0.0263], [""4-1-3"", 0.0246], [""4-3-2"", 0.0296], [""4-2-3"", 0.0266], [""4-1-2"", 0.0238], [""4-2-1"", 0.0228], [""4-3-6"", 0.0143], [""4-1-6"", 0.0115], [""4-6-3"", 0.0111]]",3,33.3,"[[""3-4-1"", 0.0254], [""3-1-4"", 0.0227], [""3-4-2"", 0.0286], [""3-2-4"", 0.0246], [""3-1-2"", 0.0198], [""3-2-1"", 0.019]]","[[""1-4-3"", 0.0228], [""1-3-4"", 0.0217], [""2-4-3"", 0.024], [""2-3-4"", 0.0229]]",,,False,False,0.7866,強,"{""逃げ"": 66.3, ""まくり"": 10.6, ""まくり差し"": 10.6, ""抜き"": 6.2, ""差し"": 5.4, ""恵まれ"": 0.9}","[""0〜600円"", ""600〜750円"", ""750〜900円"", ""900〜1050円"", ""1050〜1220円"", ""1220〜1410円"", ""1410〜1640円"", ""1640〜1890円"", ""1890〜2200円"", ""2200〜2560円"", ""2560〜3020円"", ""3020〜3580円"", ""3580〜4290円"", ""4290〜5220円"", ""5220〜6490円"", ""6490〜8310円"", ""8310〜11220円"", ""11220〜16240円"", ""16240〜28268円"", ""28268円〜""]","[8.7, 8.2, 6.0, 6.1, 6.2, 5.5, 5.4, 4.8, 4.2, 4.0, 4.3, 4.0, 3.6, 4.1, 3.3, 3.8, 4.3, 3.8, 3.9, 5.9]","[3.7, 3.2, 1.0, 1.1, 1.2, 0.5, 0.4, -0.2, -0.8, -1.0, -0.7, -1.0, -1.4, -0.9, -1.7, -1.2, -0.7, -1.2, -1.1, 0.9]"
20260815,21,11,1,51.0,"[[""1-2-5"", 0.0629], [""1-5-2"", 0.0584], [""1-2-3"", 0.0649], [""1-3-2"", 0.0564], [""1-5-3"", 0.0505], [""1-3-5"", 0.0473], [""1-2-4"", 0.0374], [""1-5-4"", 0.0291], [""1-4-2"", 0.0291]]",2,23.7,"[[""2-1-5"", 0.0266], [""2-1-3"", 0.0275], [""2-1-4"", 0.0158]]","[[""5-1-2"", 0.0242], [""1-4-5"", 0.0244], [""3-1-2"", 0.0229], [""1-3-4"", 0.0221]]",,,False,False,0.7866,強,"{""逃げ"": 66.3, ""まくり"": 10.6, ""まくり差し"": 10.6, ""抜き"": 6.2, ""差し"": 5.4, ""恵まれ"": 0.9}","[""0〜600円"", ""600〜750円"", ""750〜900円"", ""900〜1050円"", ""1050〜1220円"", ""1220〜1410円"", ""1410〜1640円"", ""1640〜1890円"", ""1890〜2200円"", ""2200〜2560円"", ""2560〜3020円"", ""3020〜3580円"", ""3580〜4290円"", ""4290〜5220円"", ""5220〜6490円"", ""6490〜8310円"", ""8310〜11220円"", ""11220〜16240円"", ""16240〜28268円"", ""28268円〜""]","[8.7, 8.2, 6.0, 6.1, 6.2, 5.5, 5.4, 4.8, 4.2, 4.0, 4.3, 4.0, 3.6, 4.1, 3.3, 3.8, 4.3, 3.8, 3.9, 5.9]","[3.7, 3.2, 1.0, 1.1, 1.2, 0.5, 0.4, -0.2, -0.8, -1.0, -0.7, -1.0, -1.4, -0.9, -1.7, -1.2, -0.7, -1.2, -1.1, 0.9]"
20260815,21,12,1,54.0,"[[""1-3-2"", 0.0817], [""1-2-3"", 0.07], [""1-3-4"", 0.0802], [""1-4-3"", 0.0641], [""1-2-4"", 0.0496], [""1-4-2"", 0.0463], [""1-3-5"", 0.0289], [""1-3-6"", 0.0213], [""1-5-3"", 0.0196]]",2,45.7,"[[""2-1-3"", 0.0303], [""2-1-4"", 0.0214]]","[[""3-1-2"", 0.037], [""3-1-4"", 0.0363], [""4-1-3"", 0.0271], [""4-1-2"", 0.0196]]",,,False,True,0.8218,強,"{""逃げ"": 66.3, ""まくり"": 10.6, ""まくり差し"": 10.6, ""抜き"": 6.2, ""差し"": 5.4, ""恵まれ"": 0.9}","[""0〜600円"", ""600〜750円"", ""750〜900円"", ""900〜1050円"", ""1050〜1220円"", ""1220〜1410円"", ""1410〜1640円"", ""1640〜1890円"", ""1890〜2200円"", ""2200〜2560円"", ""2560〜3020円"", ""3020〜3580円"", ""3580〜4290円"", ""4290〜5220円"", ""5220〜6490円"", ""6490〜8310円"", ""8310〜11220円"", ""11220〜16240円"", ""16240〜28268円"", ""28268円〜""]","[8.7, 8.2, 6.0, 6.1, 6.2, 5.5, 5.4, 4.8, 4.2, 4.0, 4.3, 4.0, 3.6, 4.1, 3.3, 3.8, 4.3, 3.8, 3.9, 5.9]","[3.7, 3.2, 1.0, 1.1, 1.2, 0.5, 0.4, -0.2, -0.8, -1.0, -0.7, -1.0, -1.4, -0.9, -1.7, -1.2, -0.7, -1.2, -1.1, 0.9]"
20260815,22,1,1,62.0,"[[""1-3-4"", 0.0933], [""1-3-2"", 0.1002], [""1-4-3"", 0.076], [""1-2-3"", 0.0781], [""1-3-5"", 0.0636], [""1-3-6"", 0.0517], [""1-4-2"", 0.0497], [""1-2-4"", 0.0476], [""1-5-3"", 0.0457]]",3,35.9,"[[""3-1-4"", 0.009]]","[[""1-6-3"", 0.0362], [""1-4-5"", 0.0315], [""1-5-4"", 0.0278], [""1-4-6"", 0.0256]]",,,False,False,0.7866,強,"{""逃げ"": 66.7, ""まくり"": 12.4, ""差し"": 8.3, ""抜き"": 6.7, ""まくり差し"": 5.0, ""恵まれ"": 1.0}","[""0〜600円"", ""600〜750円"", ""750〜900円"", ""900〜1050円"", ""1050〜1220円"", ""1220〜1410円"", ""1410〜1640円"", ""1640〜1890円"", ""1890〜2200円"", ""2200〜2560円"", ""2560〜3020円"", ""3020〜3580円"", ""3580〜4290円"", ""4290〜5220円"", ""5220〜6490円"", ""6490〜8310円"", ""8310〜11220円"", ""11220〜16240円"", ""16240〜28268円"", ""28268円〜""]","[10.2, 8.9, 7.0, 6.4, 5.3, 5.5, 4.9, 4.7, 4.3, 3.6, 4.7, 3.6, 3.0, 3.5, 3.9, 3.7, 3.9, 3.8, 3.8, 5.3]","[5.2, 3.9, 2.0, 1.4, 0.3, 0.5, -0.1, -0.3, -0.7, -1.4, -0.3, -1.4, -2.0, -1.5, -1.1, -1.3, -1.1, -1.2, -1.2, 0.3]"
20260815,22,2,1,46.4,"[[""1-2-3"", 0.0744], [""1-2-4"", 0.0748], [""1-2-6"", 0.0178]]",2,30.7,"[[""2-1-3"", 0.0525], [""2-1-4"", 0.0528], [""2-1-6"", 0.0126]]","[[""1-3-2"", 0.0615], [""1-4-2"", 0.0578], [""3-1-2"", 0.0399], [""1-3-4"", 0.0432]]",1-2,0.3172,False,True,0.8218,弱,"{""逃げ"": 35.2, ""まくり"": 27.9, ""差し"": 16.9, ""まくり差し"": 10.1, ""抜き"": 9.4, ""恵まれ"": 0.6}","[""0〜600円"", ""600〜750円"", ""750〜900円"", ""900〜1050円"", ""1050〜1220円"", ""1220〜1410円"", ""1410〜1640円"", ""1640〜1890円"", ""1890〜2200円"", ""2200〜2560円"", ""2560〜3020円"", ""3020〜3580円"", ""3580〜4290円"", ""4290〜5220円"", ""5220〜6490円"", ""6490〜8310円"", ""8310〜11220円"", ""11220〜16240円"", ""16240〜28268円"", ""28268円〜""]","[1.2, 2.5, 3.7, 3.4, 4.3, 4.7, 5.6, 6.6, 5.4, 6.0, 6.2, 6.4, 6.4, 7.1, 6.0, 5.8, 5.7, 5.4, 4.5, 3.6]","[-3.8, -2.5, -1.3, -1.6, -0.7, -0.3, 0.6, 1.6, 0.4, 1.0, 1.2, 1.4, 1.4, 2.1, 1.0, 0.8, 0.7, 0.4, -0.5, -1.4]"
20260815,22,3,3,52.9,"[[""3-1-4"", 0.0674], [""3-1-2"", 0.0771], [""3-1-6"", 0.0217]]",1,27.5,"[[""1-3-4"", 0.0639], [""1-3-2"", 0.073], [""1-3-6"", 0.0205]]","[[""3-4-1"", 0.0421], [""1-4-3"", 0.0372], [""3-2-1"", 0.0468], [""1-2-3"", 0.0414]]",1-3,0.364,False,False,0.7866,強,"{""逃げ"": 66.7, ""まくり"": 12.4, ""差し"": 8.3, ""抜き"": 6.7, ""まくり差し"": 5.0, ""恵まれ"": 1.0}","[""0〜600円"", ""600〜750円"", ""750〜900円"", ""900〜1050円"", ""1050〜1220円"", ""1220〜1410円"", ""1410〜1640円"", ""1640〜1890円"", ""1890〜2200円"", ""2200〜2560円"", ""2560〜3020円"", ""3020〜3580円"", ""3580〜4290円"", ""4290〜5220円"", ""5220〜6490円"", ""6490〜8310円"", ""8310〜11220円"", ""11220〜16240円"", ""16240〜28268円"", ""28268円〜""]","[10.2, 8.9, 7.0, 6.4, 5.3, 5.5, 4.9, 4.7, 4.3, 3.6, 4.7, 3.6, 3.0, 3.5, 3.9, 3.7, 3.9, 3.8, 3.8, 5.3]","[5.2, 3.9, 2.0, 1.4, 0.3, 0.5, -0.1, -0.3, -0.7, -1.4, -0.3, -1.4, -2.0, -1.5, -1.1, -1.3, -1.1, -1.2, -1.2, 0.3]"
20260815,22,4,1,45.5,"[[""1-2-5"", 0.0552], [""1-2-3"", 0.0434], [""1-2-4"", 0.0126]]",2,29.5,"[[""2-1-5"", 0.0518], [""2-1-3"", 0.0407], [""2-1-4"", 0.0118]]","[[""1-5-2"", 0.0464], [""2-5-1"", 0.0397], [""5-1-2"", 0.0394], [""5-2-1"", 0.036]]",1-2,0.2615,False,False,0.7866,弱,"{""逃げ"": 35.2, ""まくり"": 27.9, ""差し"": 16.9, ""まくり差し"": 10.1, ""抜き"": 9.4, ""恵まれ"": 0.6}","[""0〜600円"", ""600〜750円"", ""750〜900円"", ""900〜1050円"", ""1050〜1220円"", ""1220〜1410円"", ""1410〜1640円"", ""1640〜1890円"", ""1890〜2200円"", ""2200〜2560円"", ""2560〜3020円"", ""3020〜3580円"", ""3580〜4290円"", ""4290〜5220円"", ""5220〜6490円"", ""6490〜8310円"", ""8310〜11220円"", ""11220〜16240円"", ""16240〜28268円"", ""28268円〜""]","[1.2, 2.5, 3.7, 3.4, 4.3, 4.7, 5.6, 6.6, 5.4, 6.0, 6.2, 6.4, 6.4, 7.1, 6.0, 5.8, 5.7, 5.4, 4.5, 3.6]","[-3.8, -2.5, -1.3, -1.6, -0.7, -0.3, 0.6, 1.6, 0.4, 1.0, 1.2, 1.4, 1.4, 2.1, 1.0, 0.8, 0.7, 0.4, -0.5, -1.4]"
20260815,22,5,1,37.5,"[[""1-2-4"", 0.0623], [""1-4-2"", 0.0576], [""1-2-3"", 0.043], [""1-4-3"", 0.0341], [""1-2-5"", 0.0198], [""1-4-5"", 0.0157], [""1-2-6"", 0.0127], [""1-4-6"", 0.0101]]",4,19.8,"[[""4-1-2"", 0.0417], [""4-1-3"", 0.0247], [""4-1-5"", 0.0114]]","[[""2-1-4"", 0.0469], [""2-4-1"", 0.0292], [""4-2-1"", 0.0282], [""1-3-2"", 0.0331]]",,,False,True,0.8218,弱,"{""逃げ"": 35.2, ""まくり"": 27.9, ""差し"": 16.9, ""まくり差し"": 10.1, ""抜き"": 9.4, ""恵まれ"": 0.6}","[""0〜600円"", ""600〜750円"", ""750〜900円"", ""900〜1050円"", ""1050〜1220円"", ""1220〜1410円"", ""1410〜1640円"", ""1640〜1890円"", ""1890〜2200円"", ""2200〜2560円"", ""2560〜3020円"", ""3020〜3580円"", ""3580〜4290円"", ""4290〜5220円"", ""5220〜6490円"", ""6490〜8310円"", ""8310〜11220円"", ""11220〜16240円"", ""16240〜28268円"", ""28268円〜""]","[1.2, 2.5, 3.7, 3.4, 4.3, 4.7, 5.6, 6.6, 5.4, 6.0, 6.2, 6.4, 6.4, 7.1, 6.0, 5.8, 5.7, 5.4, 4.5, 3.6]","[-3.8, -2.5, -1.3, -1.6, -0.7, -0.3, 0.6, 1.6, 0.4, 1.0, 1.2, 1.4, 1.4, 2.1, 1.0, 0.8, 0.7, 0.4, -0.5, -1.4]"
20260815,22,6,1,65.1,"[[""1-3-5"", 0.0301], [""1-5-3"", 0.0293], [""1-3-2"", 0.0311], [""1-5-2"", 0.0283], [""1-2-3"", 0.0281], [""1-2-5"", 0.0263], [""1-3-4"", 0.0228], [""1-5-4"", 0.0207], [""1-4-3"", 0.0191]]",5,28.2,"[[""5-1-3"", 0.0254], [""5-3-1"", 0.0213], [""5-1-2"", 0.0245], [""5-2-1"", 0.019], [""5-1-4"", 0.0179], [""5-3-2"", 0.0143]]","[[""3-1-5"", 0.0265], [""3-5-1"", 0.0217], [""3-1-2"", 0.0274], [""2-1-3"", 0.0233]]",,,False,False,0.7866,弱,"{""逃げ"": 35.2, ""まくり"": 27.9, ""差し"": 16.9, ""まくり差し"": 10.1, ""抜き"": 9.4, ""恵まれ"": 0.6}","[""0〜600円"", ""600〜750円"", ""750〜900円"", ""900〜1050円"", ""1050〜1220円"", ""1220〜1410円"", ""1410〜1640円"", ""1640〜1890円"", ""1890〜2200円"", ""2200〜2560円"", ""2560〜3020円"", ""3020〜3580円"", ""3580〜4290円"", ""4290〜5220円"", ""5220〜6490円"", ""6490〜8310円"", ""8310〜11220円"", ""11220〜16240円"", ""16240〜28268円"", ""28268円〜""]","[1.2, 2.5, 3.7, 3.4, 4.3, 4.7, 5.6, 6.6, 5.4, 6.0, 6.2, 6.4, 6.4, 7.1, 6.0, 5.8, 5.7, 5.4, 4.5, 3.6]","[-3.8, -2.5, -1.3, -1.6, -0.7, -0.3, 0.6, 1.6, 0.4, 1.0, 1.2, 1.4, 1.4, 2.1, 1.0, 0.8, 0.7, 0.4, -0.5, -1.4]"
20260815,22,7,3,55.6,"[[""3-1-2"", 0.1015], [""3-1-4"", 0.0497], [""3-1-5"", 0.0328], [""3-1-6"", 0.0184]]",1,23.9,"[[""1-3-2"", 0.0987], [""1-3-4"", 0.0484], [""1-3-5"", 0.0319], [""1-3-6"", 0.0179]]","[[""3-2-1"", 0.054], [""1-2-3"", 0.0507], [""2-3-1"", 0.0389], [""2-1-3"", 0.0375]]",1-3,0.4426,False,True,0.8218,強,"{""逃げ"": 66.7, ""まくり"": 12.4, ""差し"": 8.3, ""抜き"": 6.7, ""まくり差し"": 5.0, ""恵まれ"": 1.0}","[""0〜600円"", ""600〜750円"", ""750〜900円"", ""900〜1050円"", ""1050〜1220円"", ""1220〜1410円"", ""1410〜1640円"", ""1640〜1890円"", ""1890〜2200円"", ""2200〜2560円"", ""2560〜3020円"", ""3020〜3580円"", ""3580〜4290円"", ""4290〜5220円"", ""5220〜6490円"", ""6490〜8310円"", ""8310〜11220円"", ""11220〜16240円"", ""16240〜28268円"", ""28268円〜""]","[10.2, 8.9, 7.0, 6.4, 5.3, 5.5, 4.9, 4.7, 4.3, 3.6, 4.7, 3.6, 3.0, 3.5, 3.9, 3.7, 3.9, 3.8, 3.8, 5.3]","[5.2, 3.9, 2.0, 1.4, 0.3, 0.5, -0.1, -0.3, -0.7, -1.4, -0.3, -1.4, -2.0, -1.5, -1.1, -1.3, -1.1, -1.2, -1.2, 0.3]"
20260815,22,8,1,51.0,"[[""1-4-2"", 0.072], [""1-4-3"", 0.084], [""1-2-4"", 0.0618], [""1-3-4"", 0.07], [""1-2-3"", 0.0522], [""1-3-2"", 0.0507], [""1-4-6"", 0.0227], [""1-6-4"", 0.0152], [""1-2-6"", 0.0141]]",4,32.6,"[[""4-1-2"", 0.0371], [""4-1-3"", 0.0433], [""4-1-6"", 0.0117]]","[[""2-1-4"", 0.0302], [""3-1-4"", 0.0339], [""2-1-3"", 0.0255], [""3-1-2"", 0.0245]]",,,False,False,0.7866,中,"{""逃げ"": 53.6, ""まくり"": 17.1, ""差し"": 12.1, ""まくり差し"": 8.3, ""抜き"": 8.6, ""恵まれ"": 0.3}","[""0〜600円"", ""600〜750円"", ""750〜900円"", ""900〜1050円"", ""1050〜1220円"", ""1220〜1410円"", ""1410〜1640円"", ""1640〜1890円"", ""1890〜2200円"", ""2200〜2560円"", ""2560〜3020円"", ""3020〜3580円"", ""3580〜4290円"", ""4290〜5220円"", ""5220〜6490円"", ""6490〜8310円"", ""8310〜11220円"", ""11220〜16240円"", ""16240〜28268円"", ""28268円〜""]","[6.2, 5.1, 5.3, 6.3, 5.2, 5.5, 5.6, 4.3, 4.7, 4.7, 4.5, 4.6, 5.2, 4.5, 4.7, 4.1, 4.6, 5.7, 5.1, 4.3]","[1.2, 0.1, 0.3, 1.3, 0.2, 0.5, 0.6, -0.7, -0.3, -0.3, -0.5, -0.4, 0.2, -0.5, -0.3, -0.9, -0.4, 0.7, 0.1, -0.7]"
20260815,22,9,1,54.9,"[[""1-4-3"", 0.091], [""1-3-4"", 0.0839], [""1-4-2"", 0.1026], [""1-2-4"", 0.0903], [""1-3-2"", 0.0796], [""1-2-3"", 0.076], [""1-4-5"", 0.0333], [""1-3-5"", 0.0258], [""1-5-4"", 0.0237]]",3,35.7,"[[""3-1-4"", 0.0247], [""3-1-2"", 0.0234]]","[[""4-1-3"", 0.0272], [""4-1-2"", 0.0307], [""2-1-4"", 0.0263], [""2-1-3"", 0.0221]]",,,False,False,0.7866,強,"{""逃げ"": 66.7, ""まくり"": 12.4, ""差し"": 8.3, ""抜き"": 6.7, ""まくり差し"": 5.0, ""恵まれ"": 1.0}","[""0〜600円"", ""600〜750円"", ""750〜900円"", ""900〜1050円"", ""1050〜1220円"", ""1220〜1410円"", ""1410〜1640円"", ""1640〜1890円"", ""1890〜2200円"", ""2200〜2560円"", ""2560〜3020円"", ""3020〜3580円"", ""3580〜4290円"", ""4290〜5220円"", ""5220〜6490円"", ""6490〜8310円"", ""8310〜11220円"", ""11220〜16240円"", ""16240〜28268円"", ""28268円〜""]","[10.2, 8.9, 7.0, 6.4, 5.3, 5.5, 4.9, 4.7, 4.3, 3.6, 4.7, 3.6, 3.0, 3.5, 3.9, 3.7, 3.9, 3.8, 3.8, 5.3]","[5.2, 3.9, 2.0, 1.4, 0.3, 0.5, -0.1, -0.3, -0.7, -1.4, -0.3, -1.4, -2.0, -1.5, -1.1, -1.3, -1.1, -1.2, -1.2, 0.3]"
20260815,22,10,1,52.5,"[[""1-4-3"", 0.0684], [""1-4-2"", 0.0687], [""1-4-5"", 0.0377]]",4,26.2,"[[""4-1-3"", 0.0485], [""4-1-2"", 0.0487], [""4-1-5"", 0.0267]]","[[""1-3-4"", 0.0508], [""1-2-4"", 0.0477], [""3-1-4"", 0.0316], [""4-3-1"", 0.0234]]",1-4,0.3438,False,False,0.7866,中,"{""逃げ"": 53.6, ""まくり"": 17.1, ""差し"": 12.1, ""まくり差し"": 8.3, ""抜き"": 8.6, ""恵まれ"": 0.3}","[""0〜600円"", ""600〜750円"", ""750〜900円"", ""900〜1050円"", ""1050〜1220円"", ""1220〜1410円"", ""1410〜1640円"", ""1640〜1890円"", ""1890〜2200円"", ""2200〜2560円"", ""2560〜3020円"", ""3020〜3580円"", ""3580〜4290円"", ""4290〜5220円"", ""5220〜6490円"", ""6490〜8310円"", ""8310〜11220円"", ""11220〜16240円"", ""16240〜28268円"", ""28268円〜""]","[6.2, 5.1, 5.3, 6.3, 5.2, 5.5, 5.6, 4.3, 4.7, 4.7, 4.5, 4.6, 5.2, 4.5, 4.7, 4.1, 4.6, 5.7, 5.1, 4.3]","[1.2, 0.1, 0.3, 1.3, 0.2, 0.5, 0.6, -0.7, -0.3, -0.3, -0.5, -0.4, 0.2, -0.5, -0.3, -0.9, -0.4, 0.7, 0.1, -0.7]"
20260815,22,11,1,53.5,"[[""1-2-4"", 0.0968], [""1-4-2"", 0.0952], [""1-2-3"", 0.0575], [""1-4-3"", 0.0546], [""1-2-5"", 0.0443], [""1-4-5"", 0.0421], [""1-2-6"", 0.0274], [""1-4-6"", 0.0261]]",4,28.2,"[[""4-1-2"", 0.0257], [""4-1-3"", 0.0147], [""4-1-5"", 0.0114]]","[[""1-3-2"", 0.045], [""1-3-4"", 0.0435], [""1-5-2"", 0.0333], [""2-1-4"", 0.0262]]",,,False,False,0.7866,強,"{""逃げ"": 66.7, ""まくり"": 12.4, ""差し"": 8.3, ""抜き"": 6.7, ""まくり差し"": 5.0, ""恵まれ"": 1.0}","[""0〜600円"", ""600〜750円"", ""750〜900円"", ""900〜1050円"", ""1050〜1220円"", ""1220〜1410円"", ""1410〜1640円"", ""1640〜1890円"", ""1890〜2200円"", ""2200〜2560円"", ""2560〜3020円"", ""3020〜3580円"", ""3580〜4290円"", ""4290〜5220円"", ""5220〜6490円"", ""6490〜8310円"", ""8310〜11220円"", ""11220〜16240円"", ""16240〜28268円"", ""28268円〜""]","[10.2, 8.9, 7.0, 6.4, 5.3, 5.5, 4.9, 4.7, 4.3, 3.6, 4.7, 3.6, 3.0, 3.5, 3.9, 3.7, 3.9, 3.8, 3.8, 5.3]","[5.2, 3.9, 2.0, 1.4, 0.3, 0.5, -0.1, -0.3, -0.7, -1.4, -0.3, -1.4, -2.0, -1.5, -1.1, -1.3, -1.1, -1.2, -1.2, 0.3]"
20260815,22,12,1,52.9,"[[""1-2-5"", 0.1056], [""1-5-2"", 0.1048], [""1-2-3"", 0.0689], [""1-5-3"", 0.0673], [""1-2-4"", 0.044], [""1-5-4"", 0.043], [""1-2-6"", 0.0139], [""1-5-6"", 0.0135]]",2,32.6,"[[""2-1-5"", 0.0275], [""2-1-3"", 0.018], [""2-1-4"", 0.0115]]","[[""1-3-2"", 0.0548], [""1-3-5"", 0.0539], [""5-1-2"", 0.0273], [""1-4-2"", 0.0325]]",,,False,False,0.7866,強,"{""逃げ"": 66.7, ""まくり"": 12.4, ""差し"": 8.3, ""抜き"": 6.7, ""まくり差し"": 5.0, ""恵まれ"": 1.0}","[""0〜600円"", ""600〜750円"", ""750〜900円"", ""900〜1050円"", ""1050〜1220円"", ""1220〜1410円"", ""1410〜1640円"", ""1640〜1890円"", ""1890〜2200円"", ""2200〜2560円"", ""2560〜3020円"", ""3020〜3580円"", ""3580〜4290円"", ""4290〜5220円"", ""5220〜6490円"", ""6490〜8310円"", ""8310〜11220円"", ""11220〜16240円"", ""16240〜28268円"", ""28268円〜""]","[10.2, 8.9, 7.0, 6.4, 5.3, 5.5, 4.9, 4.7, 4.3, 3.6, 4.7, 3.6, 3.0, 3.5, 3.9, 3.7, 3.9, 3.8, 3.8, 5.3]","[5.2, 3.9, 2.0, 1.4, 0.3, 0.5, -0.1, -0.3, -0.7, -1.4, -0.3, -1.4, -2.0, -1.5, -1.1, -1.3, -1.1, -1.2, -1.2, 0.3]"
20260815,24,1,1,32.3,"[[""1-3-2"", 0.0816], [""1-3-4"", 0.0543], [""1-3-5"", 0.0387], [""1-3-6"", 0.0198]]",3,22.7,"[[""3-1-2"", 0.0665], [""3-1-4"", 0.0443], [""3-1-5"", 0.0315], [""3-1-6"", 0.0161]]","[[""1-2-3"", 0.0528], [""2-1-3"", 0.0353], [""3-2-1"", 0.0333], [""2-3-1"", 0.0273]]",1-3,0.3849,False,True,0.8218,中,"{""逃げ"": 57.1, ""まくり"": 11.0, ""まくり差し"": 13.1, ""差し"": 10.9, ""抜き"": 6.8, ""恵まれ"": 1.0}","[""0〜600円"", ""600〜750円"", ""750〜900円"", ""900〜1050円"", ""1050〜1220円"", ""1220〜1410円"", ""1410〜1640円"", ""1640〜1890円"", ""1890〜2200円"", ""2200〜2560円"", ""2560〜3020円"", ""3020〜3580円"", ""3580〜4290円"", ""4290〜5220円"", ""5220〜6490円"", ""6490〜8310円"", ""8310〜11220円"", ""11220〜16240円"", ""16240〜28268円"", ""28268円〜""]","[6.8, 6.8, 6.9, 5.5, 4.9, 5.1, 5.0, 4.5, 3.9, 4.5, 4.8, 4.0, 4.5, 4.1, 4.5, 5.1, 5.0, 5.0, 4.0, 5.0]","[1.8, 1.8, 1.9, 0.5, -0.1, 0.1, 0.0, -0.5, -1.1, -0.5, -0.2, -1.0, -0.5, -0.9, -0.5, 0.1, -0.0, 0.0, -1.0, -0.0]"
20260815,24,2,1,61.5,"[[""1-2-4"", 0.0377], [""1-2-3"", 0.0478], [""1-2-5"", 0.0427], [""1-4-2"", 0.03], [""1-3-2"", 0.038], [""1-5-2"", 0.033], [""1-4-3"", 0.0216], [""1-3-4"", 0.0216], [""1-4-5"", 0.0193]]",2,26.9,"[[""2-1-4"", 0.0305], [""2-1-3"", 0.0386], [""2-1-5"", 0.0345]]","[[""4-1-2"", 0.0215], [""3-1-2"", 0.0271], [""2-4-1"", 0.0186], [""2-3-1"", 0.0236]]",,,False,False,0.7866,弱,"{""逃げ"": 41.4, ""差し"": 17.1, ""まくり"": 18.8, ""まくり差し"": 13.9, ""抜き"": 7.4, ""恵まれ"": 1.5}","[""0〜600円"", ""600〜750円"", ""750〜900円"", ""900〜1050円"", ""1050〜1220円"", ""1220〜1410円"", ""1410〜1640円"", ""1640〜1890円"", ""1890〜2200円"", ""2200〜2560円"", ""2560〜3020円"", ""3020〜3580円"", ""3580〜4290円"", ""4290〜5220円"", ""5220〜6490円"", ""6490〜8310円"", ""8310〜11220円"", ""11220〜16240円"", ""16240〜28268円"", ""28268円〜""]","[1.5, 3.6, 4.2, 3.8, 5.5, 5.9, 5.3, 5.3, 5.3, 5.7, 5.3, 5.9, 6.4, 5.1, 5.1, 6.2, 5.3, 5.2, 5.4, 3.9]","[-3.5, -1.4, -0.8, -1.2, 0.5, 0.9, 0.3, 0.3, 0.3, 0.7, 0.3, 0.9, 1.4, 0.1, 0.1, 1.2, 0.3, 0.2, 0.4, -1.1]"
20260815,24,3,4,55.8,"[[""4-3-1"", 0.0594], [""4-1-3"", 0.0559], [""4-3-2"", 0.0305], [""4-3-6"", 0.0293], [""4-3-5"", 0.0257], [""4-1-2"", 0.0253], [""4-1-6"", 0.0243], [""4-1-5"", 0.0213]]",3,38.1,"[[""3-4-1"", 0.0391], [""3-4-2"", 0.0201], [""3-4-6"", 0.0193], [""3-4-5"", 0.0169]]","[[""1-4-3"", 0.0358], [""3-1-4"", 0.0211], [""1-3-4"", 0.0205], [""4-2-3"", 0.0227]]",,,False,False,0.7866,強,"{""逃げ"": 73.2, ""まくり差し"": 8.4, ""まくり"": 6.8, ""差し"": 6.2, ""抜き"": 4.5, ""恵まれ"": 0.8}","[""0〜600円"", ""600〜750円"", ""750〜900円"", ""900〜1050円"", ""1050〜1220円"", ""1220〜1410円"", ""1410〜1640円"", ""1640〜1890円"", ""1890〜2200円"", ""2200〜2560円"", ""2560〜3020円"", ""3020〜3580円"", ""3580〜4290円"", ""4290〜5220円"", ""5220〜6490円"", ""6490〜8310円"", ""8310〜11220円"", ""11220〜16240円"", ""16240〜28268円"", ""28268円〜""]","[10.9, 8.8, 7.4, 6.4, 6.1, 5.3, 6.0, 4.7, 4.6, 4.2, 4.1, 4.3, 3.9, 3.4, 2.9, 2.9, 3.0, 3.6, 3.1, 4.5]","[5.9, 3.8, 2.4, 1.4, 1.1, 0.3, 1.0, -0.3, -0.4, -0.8, -0.9, -0.7, -1.1, -1.6, -2.1, -2.1, -2.0, -1.4, -1.9, -0.5]"
20260815,24,4,1,,"[[""1-3-4"", 0.0887], [""1-3-6"", 0.0726], [""1-3-2"", 0.0641]]",4,29.3,"[[""4-1-3"", 0.0304], [""4-1-6"", 0.0137], [""4-1-2"", 0.0121]]","[[""1-4-3"", 0.0654], [""3-1-4"", 0.0455], [""1-6-3"", 0.048], [""1-2-3"", 0.0415]]",,,False,False,0.7866,弱,"{""逃げ"": 41.4, ""差し"": 17.1, ""まくり"": 18.8, ""まくり差し"": 13.9, ""抜き"": 7.4, ""恵まれ"": 1.5}","[""0〜600円"", ""600〜750円"", ""750〜900円"", ""900〜1050円"", ""1050〜1220円"", ""1220〜1410円"", ""1410〜1640円"", ""1640〜1890円"", ""1890〜2200円"", ""2200〜2560円"", ""2560〜3020円"", ""3020〜3580円"", ""3580〜4290円"", ""4290〜5220円"", ""5220〜6490円"", ""6490〜8310円"", ""8310〜11220円"", ""11220〜16240円"", ""16240〜28268円"", ""28268円〜""]","[1.5, 3.6, 4.2, 3.8, 5.5, 5.9, 5.3, 5.3, 5.3, 5.7, 5.3, 5.9, 6.4, 5.1, 5.1, 6.2, 5.3, 5.2, 5.4, 3.9]","[-3.5, -1.4, -0.8, -1.2, 0.5, 0.9, 0.3, 0.3, 0.3, 0.7, 0.3, 0.9, 1.4, 0.1, 0.1, 1.2, 0.3, 0.2, 0.4, -1.1]"
20260815,24,5,3,46.1,"[[""3-1-2"", 0.0768], [""3-1-5"", 0.0373], [""3-1-4"", 0.0301], [""3-1-6"", 0.0288]]",1,,"[[""1-3-2"", 0.0565], [""1-3-5"", 0.0274], [""1-3-4"", 0.0222], [""1-3-6"", 0.0212]]","[[""3-2-1"", 0.0609], [""2-3-1"", 0.0404], [""1-2-3"", 0.0299], [""2-1-3"", 0.0269]]",1-3,0.3293,False,True,0.8218,強,"{""逃げ"": 73.2, ""まくり差し"": 8.4, ""まくり"": 6.8, ""差し"": 6.2, ""抜き"": 4.5, ""恵まれ"": 0.8}","[""0〜600円"", ""600〜750円"", ""750〜900円"", ""900〜1050円"", ""1050〜1220円"", ""1220〜1410円"", ""1410〜1640円"", ""1640〜1890円"", ""1890〜2200円"", ""2200〜2560円"", ""2560〜3020円"", ""3020〜3580円"", ""3580〜4290円"", ""4290〜5220円"", ""5220〜6490円"", ""6490〜8310円"", ""8310〜11220円"", ""11220〜16240円"", ""16240〜28268円"", ""28268円〜""]","[10.9, 8.8, 7.4, 6.4, 6.1, 5.3, 6.0, 4.7, 4.6, 4.2, 4.1, 4.3, 3.9, 3.4, 2.9, 2.9, 3.0, 3.6, 3.1, 4.5]","[5.9, 3.8, 2.4, 1.4, 1.1, 0.3, 1.0, -0.3, -0.4, -0.8, -0.9, -0.7, -1.1, -1.6, -2.1, -2.1, -2.0, -1.4, -1.9, -0.5]"
20260815,24,6,2,50.9,"[[""2-1-4"", 0.049], [""2-4-1"", 0.0421], [""2-1-3"", 0.0304], [""2-1-5"", 0.027], [""2-4-3"", 0.0195], [""2-4-5"", 0.0174]]",1,35.9,"[[""1-2-4"", 0.0465], [""1-2-3"", 0.0288], [""1-2-5"", 0.0256]]","[[""1-4-2"", 0.0371], [""4-2-1"", 0.0365], [""4-1-2"", 0.0339], [""2-3-1"", 0.0216]]",,,False,True,0.8218,強,"{""逃げ"": 73.2, ""まくり差し"": 8.4, ""まくり"": 6.8, ""差し"": 6.2, ""抜き"": 4.5, ""恵まれ"": 0.8}","[""0〜600円"", ""600〜750円"", ""750〜900円"", ""900〜1050円"", ""1050〜1220円"", ""1220〜1410円"", ""1410〜1640円"", ""1640〜1890円"", ""1890〜2200円"", ""2200〜2560円"", ""2560〜3020円"", ""3020〜3580円"", ""3580〜4290円"", ""4290〜5220円"", ""5220〜6490円"", ""6490〜8310円"", ""8310〜11220円"", ""11220〜16240円"", ""16240〜28268円"", ""28268円〜""]","[10.9, 8.8, 7.4, 6.4, 6.1, 5.3, 6.0, 4.7, 4.6, 4.2, 4.1, 4.3, 3.9, 3.4, 2.9, 2.9, 3.0, 3.6, 3.1, 4.5]","[5.9, 3.8, 2.4, 1.4, 1.1, 0.3, 1.0, -0.3, -0.4, -0.8, -0.9, -0.7, -1.1, -1.6, -2.1, -2.1, -2.0, -1.4, -1.9, -0.5]"
20260815,24,7,1,54.7,"[[""1-4-3"", 0.0698], [""1-3-4"", 0.0682], [""1-4-2"", 0.0804], [""1-2-4"", 0.0759], [""1-3-2"", 0.0745], [""1-2-3"", 0.0719], [""1-4-5"", 0.0433], [""1-3-5"", 0.0401], [""1-5-4"", 0.0352]]",3,35.9,"[[""3-1-4"", 0.0198], [""3-1-2"", 0.0217], [""3-1-5"", 0.0117]]","[[""1-2-5"", 0.035], [""1-5-3"", 0.0333], [""1-5-2"", 0.0302], [""4-1-3"", 0.0204]]",,,False,False,0.7866,中,"{""逃げ"": 57.1, ""まくり"": 11.0, ""まくり差し"": 13.1, ""差し"": 10.9, ""抜き"": 6.8, ""恵まれ"": 1.0}","[""0〜600円"", ""600〜750円"", ""750〜900円"", ""900〜1050円"", ""1050〜1220円"", ""1220〜1410円"", ""1410〜1640円"", ""1640〜1890円"", ""1890〜2200円"", ""2200〜2560円"", ""2560〜3020円"", ""3020〜3580円"", ""3580〜4290円"", ""4290〜5220円"", ""5220〜6490円"", ""6490〜8310円"", ""8310〜11220円"", ""11220〜16240円"", ""16240〜28268円"", ""28268円〜""]","[6.8, 6.8, 6.9, 5.5, 4.9, 5.1, 5.0, 4.5, 3.9, 4.5, 4.8, 4.0, 4.5, 4.1, 4.5, 5.1, 5.0, 5.0, 4.0, 5.0]","[1.8, 1.8, 1.9, 0.5, -0.1, 0.1, 0.0, -0.5, -1.1, -0.5, -0.2, -1.0, -0.5, -0.9, -0.5, 0.1, -0.0, 0.0, -1.0, -0.0]"
20260815,24,8,1,60.0,"[[""1-3-2"", 0.0447], [""1-3-5"", 0.0472], [""1-2-3"", 0.0353], [""1-3-4"", 0.0366], [""1-5-3"", 0.0359], [""1-4-3"", 0.0265], [""1-2-5"", 0.0214], [""1-5-2"", 0.0206], [""1-2-4"", 0.0166]]",2,38.1,"[[""2-1-3"", 0.0245], [""2-1-5"", 0.0148], [""2-1-4"", 0.0115]]","[[""3-1-2"", 0.0351], [""3-1-5"", 0.037], [""3-1-4"", 0.0287], [""3-2-1"", 0.0205]]",,,False,True,0.8218,弱,"{""逃げ"": 41.4, ""差し"": 17.1, ""まくり"": 18.8, ""まくり差し"": 13.9, ""抜き"": 7.4, ""恵まれ"": 1.5}","[""0〜600円"", ""600〜750円"", ""750〜900円"", ""900〜1050円"", ""1050〜1220円"", ""1220〜1410円"", ""1410〜1640円"", ""1640〜1890円"", ""1890〜2200円"", ""2200〜2560円"", ""2560〜3020円"", ""3020〜3580円"", ""3580〜4290円"", ""4290〜5220円"", ""5220〜6490円"", ""6490〜8310円"", ""8310〜11220円"", ""11220〜16240円"", ""16240〜28268円"", ""28268円〜""]","[1.5, 3.6, 4.2, 3.8, 5.5, 5.9, 5.3, 5.3, 5.3, 5.7, 5.3, 5.9, 6.4, 5.1, 5.1, 6.2, 5.3, 5.2, 5.4, 3.9]","[-3.5, -1.4, -0.8, -1.2, 0.5, 0.9, 0.3, 0.3, 0.3, 0.7, 0.3, 0.9, 1.4, 0.1, 0.1, 1.2, 0.3, 0.2, 0.4, -1.1]"
20260815,24,9,1,51.3,"[[""1-2-3"", 0.0862], [""1-2-4"", 0.104], [""1-2-5"", 0.0387], [""1-2-6"", 0.0367]]",2,23.3,"[[""2-1-3"", 0.0642], [""2-1-4"", 0.0774], [""2-1-5"", 0.0288], [""2-1-6"", 0.0273]]","[[""1-3-2"", 0.0418], [""1-4-2"", 0.0503], [""3-1-2"", 0.0234], [""4-1-2"", 0.0282]]",1-2,0.496,False,True,0.8218,中,"{""逃げ"": 57.1, ""まくり"": 11.0, ""まくり差し"": 13.1, ""差し"": 10.9, ""抜き"": 6.8, ""恵まれ"": 1.0}","[""0〜600円"", ""600〜750円"", ""750〜900円"", ""900〜1050円"", ""1050〜1220円"", ""1220〜1410円"", ""1410〜1640円"", ""1640〜1890円"", ""1890〜2200円"", ""2200〜2560円"", ""2560〜3020円"", ""3020〜3580円"", ""3580〜4290円"", ""4290〜5220円"", ""5220〜6490円"", ""6490〜8310円"", ""8310〜11220円"", ""11220〜16240円"", ""16240〜28268円"", ""28268円〜""]","[6.8, 6.8, 6.9, 5.5, 4.9, 5.1, 5.0, 4.5, 3.9, 4.5, 4.8, 4.0, 4.5, 4.1, 4.5, 5.1, 5.0, 5.0, 4.0, 5.0]","[1.8, 1.8, 1.9, 0.5, -0.1, 0.1, 0.0, -0.5, -1.1, -0.5, -0.2, -1.0, -0.5, -0.9, -0.5, 0.1, -0.0, 0.0, -1.0, -0.0]"
20260815,24,10,1,41.5,"[[""1-2-5"", 0.105], [""1-2-3"", 0.1325], [""1-2-6"", 0.0509], [""1-2-4"", 0.0384]]",2,33.9,"[[""2-1-5"", 0.028], [""2-1-3"", 0.0353], [""2-1-6"", 0.0136], [""2-1-4"", 0.0102]]","[[""1-5-2"", 0.0702], [""1-3-2"", 0.0884], [""1-5-3"", 0.0382], [""1-3-5"", 0.0381]]",1-2,0.4499,False,False,0.7866,強,"{""逃げ"": 73.2, ""まくり差し"": 8.4, ""まくり"": 6.8, ""差し"": 6.2, ""抜き"": 4.5, ""恵まれ"": 0.8}","[""0〜600円"", ""600〜750円"", ""750〜900円"", ""900〜1050円"", ""1050〜1220円"", ""1220〜1410円"", ""1410〜1640円"", ""1640〜1890円"", ""1890〜2200円"", ""2200〜2560円"", ""2560〜3020円"", ""3020〜3580円"", ""3580〜4290円"", ""4290〜5220円"", ""5220〜6490円"", ""6490〜8310円"", ""8310〜11220円"", ""11220〜16240円"", ""16240〜28268円"", ""28268円〜""]","[10.9, 8.8, 7.4, 6.4, 6.1, 5.3, 6.0, 4.7, 4.6, 4.2, 4.1, 4.3, 3.9, 3.4, 2.9, 2.9, 3.0, 3.6, 3.1, 4.5]","[5.9, 3.8, 2.4, 1.4, 1.1, 0.3, 1.0, -0.3, -0.4, -0.8, -0.9, -0.7, -1.1, -1.6, -2.1, -2.1, -2.0, -1.4, -1.9, -0.5]"
20260815,24,11,1,46.1,"[[""1-4-3"", 0.0887], [""1-4-2"", 0.1061], [""1-3-4"", 0.08], [""1-2-4"", 0.0935], [""1-3-2"", 0.0762], [""1-2-3"", 0.0745], [""1-4-5"", 0.0354], [""1-3-5"", 0.0255], [""1-5-4"", 0.0253]]",3,43.4,"[[""3-1-4"", 0.0204], [""3-1-2"", 0.0194]]","[[""4-1-3"", 0.0231], [""4-1-2"", 0.0276], [""2-1-4"", 0.0238], [""1-2-5"", 0.0234]]",,,False,False,0.7866,強,"{""逃げ"": 73.2, ""まくり差し"": 8.4, ""まくり"": 6.8, ""差し"": 6.2, ""抜き"": 4.5, ""恵まれ"": 0.8}","[""0〜600円"", ""600〜750円"", ""750〜900円"", ""900〜1050円"", ""1050〜1220円"", ""1220〜1410円"", ""1410〜1640円"", ""1640〜1890円"", ""1890〜2200円"", ""2200〜2560円"", ""2560〜3020円"", ""3020〜3580円"", ""3580〜4290円"", ""4290〜5220円"", ""5220〜6490円"", ""6490〜8310円"", ""8310〜11220円"", ""11220〜16240円"", ""16240〜28268円"", ""28268円〜""]","[10.9, 8.8, 7.4, 6.4, 6.1, 5.3, 6.0, 4.7, 4.6, 4.2, 4.1, 4.3, 3.9, 3.4, 2.9, 2.9, 3.0, 3.6, 3.1, 4.5]","[5.9, 3.8, 2.4, 1.4, 1.1, 0.3, 1.0, -0.3, -0.4, -0.8, -0.9, -0.7, -1.1, -1.6, -2.1, -2.1, -2.0, -1.4, -1.9, -0.5]"
20260815,24,12,1,51.5,"[[""1-3-4"", 0.0659], [""1-3-5"", 0.0332], [""1-3-2"", 0.0258]]",3,28.3,"[[""3-1-4"", 0.0577], [""3-1-5"", 0.0291], [""3-1-2"", 0.0226]]","[[""1-4-3"", 0.056], [""4-1-3"", 0.045], [""3-4-1"", 0.0406], [""4-3-1"", 0.0372]]",1-3,0.2852,False,False,0.7866,弱,"{""逃げ"": 41.4, ""差し"": 17.1, ""まくり"": 18.8, ""まくり差し"": 13.9, ""抜き"": 7.4, ""恵まれ"": 1.5}","[""0〜600円"", ""600〜750円"", ""750〜900円"", ""900〜1050円"", ""1050〜1220円"", ""1220〜1410円"", ""1410〜1640円"", ""1640〜1890円"", ""1890〜2200円"", ""2200〜2560円"", ""2560〜3020円"", ""3020〜3580円"", ""3580〜4290円"", ""4290〜5220円"", ""5220〜6490円"", ""6490〜8310円"", ""8310〜11220円"", ""11220〜16240円"", ""16240〜28268円"", ""28268円〜""]","[1.5, 3.6, 4.2, 3.8, 5.5, 5.9, 5.3, 5.3, 5.3, 5.7, 5.3, 5.9, 6.4, 5.1, 5.1, 6.2, 5.3, 5.2, 5.4, 3.9]","[-3.5, -1.4, -0.8, -1.2, 0.5, 0.9, 0.3, 0.3, 0.3, 0.7, 0.3, 0.9, 1.4, 0.1, 0.1, 1.2, 0.3, 0.2, 0.4, -1.1]"
