date,jcd,r,favorite_boat,favorite_nige_rate,scenario1_tickets,challenger_boat,challenger_makuri_rate,scenario2_tickets,scenario3_tickets,aligned_pair,aligned_pair_prob,aligned_pair_flag,knn_agree_trio,knn_trio_calibration_ratio,strength_bin,kimarite_dist,payout_bucket_labels,payout_bucket_pct,payout_bucket_deviation
20260828,01,1,1,57.3,"[[""1-2-4"", 0.0551], [""1-4-2"", 0.0534], [""1-2-5"", 0.044], [""1-2-3"", 0.0421], [""1-4-5"", 0.0394], [""1-4-3"", 0.0377], [""1-5-2"", 0.0376], [""1-3-2"", 0.0358], [""1-5-4"", 0.0348]]",4,35.5,"[[""4-1-2"", 0.0197], [""4-1-5"", 0.0146], [""4-1-3"", 0.0139], [""4-1-6"", 0.0111]]","[[""1-2-6"", 0.0335], [""1-3-4"", 0.033], [""1-4-6"", 0.03], [""1-6-2"", 0.0273]]",,,False,False,0.7866,強,"{""逃げ"": 65.0, ""まくり差し"": 11.9, ""まくり"": 11.0, ""差し"": 6.9, ""抜き"": 4.5, ""恵まれ"": 0.7}","[""0〜600円"", ""600〜750円"", ""750〜900円"", ""900〜1050円"", ""1050〜1220円"", ""1220〜1410円"", ""1410〜1640円"", ""1640〜1890円"", ""1890〜2200円"", ""2200〜2560円"", ""2560〜3020円"", ""3020〜3580円"", ""3580〜4290円"", ""4290〜5220円"", ""5220〜6490円"", ""6490〜8310円"", ""8310〜11220円"", ""11220〜16240円"", ""16240〜28268円"", ""28268円〜""]","[7.1, 7.2, 6.1, 5.7, 6.5, 5.6, 5.1, 5.5, 3.8, 4.3, 4.2, 4.4, 4.1, 4.4, 3.7, 3.8, 3.5, 4.7, 5.1, 5.4]","[2.1, 2.2, 1.1, 0.7, 1.5, 0.6, 0.1, 0.5, -1.2, -0.7, -0.8, -0.6, -0.9, -0.6, -1.3, -1.2, -1.5, -0.3, 0.1, 0.4]"
20260828,01,2,1,62.0,"[[""1-4-2"", 0.0774], [""1-4-3"", 0.0581], [""1-4-5"", 0.0578], [""1-4-6"", 0.0334]]",4,30.9,"[[""4-1-2"", 0.0356], [""4-1-3"", 0.0268], [""4-1-5"", 0.0266], [""4-1-6"", 0.0154]]","[[""1-2-4"", 0.0603], [""1-3-4"", 0.0402], [""1-5-4"", 0.0399], [""2-1-4"", 0.0258]]",1-4,0.3617,False,False,0.7866,強,"{""逃げ"": 65.0, ""まくり差し"": 11.9, ""まくり"": 11.0, ""差し"": 6.9, ""抜き"": 4.5, ""恵まれ"": 0.7}","[""0〜600円"", ""600〜750円"", ""750〜900円"", ""900〜1050円"", ""1050〜1220円"", ""1220〜1410円"", ""1410〜1640円"", ""1640〜1890円"", ""1890〜2200円"", ""2200〜2560円"", ""2560〜3020円"", ""3020〜3580円"", ""3580〜4290円"", ""4290〜5220円"", ""5220〜6490円"", ""6490〜8310円"", ""8310〜11220円"", ""11220〜16240円"", ""16240〜28268円"", ""28268円〜""]","[7.1, 7.2, 6.1, 5.7, 6.5, 5.6, 5.1, 5.5, 3.8, 4.3, 4.2, 4.4, 4.1, 4.4, 3.7, 3.8, 3.5, 4.7, 5.1, 5.4]","[2.1, 2.2, 1.1, 0.7, 1.5, 0.6, 0.1, 0.5, -1.2, -0.7, -0.8, -0.6, -0.9, -0.6, -1.3, -1.2, -1.5, -0.3, 0.1, 0.4]"
20260828,01,3,1,64.1,"[[""1-2-4"", 0.0577], [""1-2-3"", 0.0667], [""1-4-2"", 0.0453], [""1-3-2"", 0.0512], [""1-2-5"", 0.0482], [""1-5-2"", 0.0347], [""1-2-6"", 0.0326], [""1-4-3"", 0.0287], [""1-3-4"", 0.028]]",2,28.4,"[[""2-1-4"", 0.0284], [""2-1-3"", 0.0328], [""2-1-5"", 0.0237], [""2-1-6"", 0.016]]","[[""4-1-2"", 0.0206], [""3-1-2"", 0.023], [""1-6-2"", 0.0224], [""1-4-5"", 0.0207]]",,,False,False,0.7866,強,"{""逃げ"": 65.0, ""まくり差し"": 11.9, ""まくり"": 11.0, ""差し"": 6.9, ""抜き"": 4.5, ""恵まれ"": 0.7}","[""0〜600円"", ""600〜750円"", ""750〜900円"", ""900〜1050円"", ""1050〜1220円"", ""1220〜1410円"", ""1410〜1640円"", ""1640〜1890円"", ""1890〜2200円"", ""2200〜2560円"", ""2560〜3020円"", ""3020〜3580円"", ""3580〜4290円"", ""4290〜5220円"", ""5220〜6490円"", ""6490〜8310円"", ""8310〜11220円"", ""11220〜16240円"", ""16240〜28268円"", ""28268円〜""]","[7.1, 7.2, 6.1, 5.7, 6.5, 5.6, 5.1, 5.5, 3.8, 4.3, 4.2, 4.4, 4.1, 4.4, 3.7, 3.8, 3.5, 4.7, 5.1, 5.4]","[2.1, 2.2, 1.1, 0.7, 1.5, 0.6, 0.1, 0.5, -1.2, -0.7, -0.8, -0.6, -0.9, -0.6, -1.3, -1.2, -1.5, -0.3, 0.1, 0.4]"
20260828,01,4,1,57.8,"[[""1-2-4"", 0.0503], [""1-4-2"", 0.0477], [""1-2-5"", 0.0389], [""1-2-3"", 0.0389], [""1-5-2"", 0.0324], [""1-3-2"", 0.0324], [""1-4-5"", 0.0321], [""1-4-3"", 0.0321], [""1-2-6"", 0.0288]]",4,32.4,"[[""4-1-2"", 0.0233], [""4-1-5"", 0.0157], [""4-1-3"", 0.0157], [""4-1-6"", 0.0116]]","[[""2-1-4"", 0.0251], [""1-5-4"", 0.0282], [""1-3-4"", 0.0281], [""1-4-6"", 0.0238]]",,,False,False,0.7866,強,"{""逃げ"": 65.0, ""まくり差し"": 11.9, ""まくり"": 11.0, ""差し"": 6.9, ""抜き"": 4.5, ""恵まれ"": 0.7}","[""0〜600円"", ""600〜750円"", ""750〜900円"", ""900〜1050円"", ""1050〜1220円"", ""1220〜1410円"", ""1410〜1640円"", ""1640〜1890円"", ""1890〜2200円"", ""2200〜2560円"", ""2560〜3020円"", ""3020〜3580円"", ""3580〜4290円"", ""4290〜5220円"", ""5220〜6490円"", ""6490〜8310円"", ""8310〜11220円"", ""11220〜16240円"", ""16240〜28268円"", ""28268円〜""]","[7.1, 7.2, 6.1, 5.7, 6.5, 5.6, 5.1, 5.5, 3.8, 4.3, 4.2, 4.4, 4.1, 4.4, 3.7, 3.8, 3.5, 4.7, 5.1, 5.4]","[2.1, 2.2, 1.1, 0.7, 1.5, 0.6, 0.1, 0.5, -1.2, -0.7, -0.8, -0.6, -0.9, -0.6, -1.3, -1.2, -1.5, -0.3, 0.1, 0.4]"
20260828,01,5,1,58.2,"[[""1-3-5"", 0.0391], [""1-5-3"", 0.0391], [""1-3-2"", 0.0429], [""1-5-2"", 0.0428], [""1-2-3"", 0.041], [""1-2-5"", 0.0409], [""1-3-4"", 0.038], [""1-5-4"", 0.038], [""1-4-3"", 0.0352]]",2,22.7,"[[""2-1-3"", 0.0196], [""2-1-5"", 0.0195], [""2-1-4"", 0.015]]","[[""1-4-5"", 0.0352], [""1-2-4"", 0.0313], [""1-4-2"", 0.0304], [""3-1-5"", 0.019]]",,,False,False,0.7866,強,"{""逃げ"": 65.0, ""まくり差し"": 11.9, ""まくり"": 11.0, ""差し"": 6.9, ""抜き"": 4.5, ""恵まれ"": 0.7}","[""0〜600円"", ""600〜750円"", ""750〜900円"", ""900〜1050円"", ""1050〜1220円"", ""1220〜1410円"", ""1410〜1640円"", ""1640〜1890円"", ""1890〜2200円"", ""2200〜2560円"", ""2560〜3020円"", ""3020〜3580円"", ""3580〜4290円"", ""4290〜5220円"", ""5220〜6490円"", ""6490〜8310円"", ""8310〜11220円"", ""11220〜16240円"", ""16240〜28268円"", ""28268円〜""]","[7.1, 7.2, 6.1, 5.7, 6.5, 5.6, 5.1, 5.5, 3.8, 4.3, 4.2, 4.4, 4.1, 4.4, 3.7, 3.8, 3.5, 4.7, 5.1, 5.4]","[2.1, 2.2, 1.1, 0.7, 1.5, 0.6, 0.1, 0.5, -1.2, -0.7, -0.8, -0.6, -0.9, -0.6, -1.3, -1.2, -1.5, -0.3, 0.1, 0.4]"
20260828,01,6,1,55.4,"[[""1-3-2"", 0.0486], [""1-2-3"", 0.0449], [""1-3-4"", 0.0521], [""1-3-5"", 0.0515], [""1-4-3"", 0.0465], [""1-5-3"", 0.0459], [""1-2-4"", 0.0382], [""1-2-5"", 0.0378], [""1-4-2"", 0.0369]]",3,20.1,"[[""3-1-2"", 0.0175], [""3-1-4"", 0.0188], [""3-1-5"", 0.0186]]","[[""1-5-2"", 0.0364], [""1-4-5"", 0.0321], [""1-5-4"", 0.0321], [""1-3-6"", 0.0271]]",,,False,True,0.8218,強,"{""逃げ"": 65.0, ""まくり差し"": 11.9, ""まくり"": 11.0, ""差し"": 6.9, ""抜き"": 4.5, ""恵まれ"": 0.7}","[""0〜600円"", ""600〜750円"", ""750〜900円"", ""900〜1050円"", ""1050〜1220円"", ""1220〜1410円"", ""1410〜1640円"", ""1640〜1890円"", ""1890〜2200円"", ""2200〜2560円"", ""2560〜3020円"", ""3020〜3580円"", ""3580〜4290円"", ""4290〜5220円"", ""5220〜6490円"", ""6490〜8310円"", ""8310〜11220円"", ""11220〜16240円"", ""16240〜28268円"", ""28268円〜""]","[7.1, 7.2, 6.1, 5.7, 6.5, 5.6, 5.1, 5.5, 3.8, 4.3, 4.2, 4.4, 4.1, 4.4, 3.7, 3.8, 3.5, 4.7, 5.1, 5.4]","[2.1, 2.2, 1.1, 0.7, 1.5, 0.6, 0.1, 0.5, -1.2, -0.7, -0.8, -0.6, -0.9, -0.6, -1.3, -1.2, -1.5, -0.3, 0.1, 0.4]"
20260828,01,7,1,61.8,"[[""1-2-3"", 0.0662], [""1-3-2"", 0.055], [""1-2-5"", 0.0393], [""1-2-4"", 0.0384], [""1-3-5"", 0.0225], [""1-3-4"", 0.022], [""1-2-6"", 0.0195], [""1-3-6"", 0.0112]]",2,30.9,"[[""2-1-3"", 0.0467], [""2-1-5"", 0.0278], [""2-1-4"", 0.0271], [""2-1-6"", 0.0138]]","[[""3-1-2"", 0.0357], [""2-3-1"", 0.0247], [""3-2-1"", 0.0227], [""1-5-2"", 0.0274]]",,,False,True,0.8218,強,"{""逃げ"": 65.0, ""まくり差し"": 11.9, ""まくり"": 11.0, ""差し"": 6.9, ""抜き"": 4.5, ""恵まれ"": 0.7}","[""0〜600円"", ""600〜750円"", ""750〜900円"", ""900〜1050円"", ""1050〜1220円"", ""1220〜1410円"", ""1410〜1640円"", ""1640〜1890円"", ""1890〜2200円"", ""2200〜2560円"", ""2560〜3020円"", ""3020〜3580円"", ""3580〜4290円"", ""4290〜5220円"", ""5220〜6490円"", ""6490〜8310円"", ""8310〜11220円"", ""11220〜16240円"", ""16240〜28268円"", ""28268円〜""]","[7.1, 7.2, 6.1, 5.7, 6.5, 5.6, 5.1, 5.5, 3.8, 4.3, 4.2, 4.4, 4.1, 4.4, 3.7, 3.8, 3.5, 4.7, 5.1, 5.4]","[2.1, 2.2, 1.1, 0.7, 1.5, 0.6, 0.1, 0.5, -1.2, -0.7, -0.8, -0.6, -0.9, -0.6, -1.3, -1.2, -1.5, -0.3, 0.1, 0.4]"
20260828,01,8,1,48.6,"[[""1-2-3"", 0.0841], [""1-3-2"", 0.07], [""1-2-4"", 0.0654], [""1-2-5"", 0.0402], [""1-3-4"", 0.0372], [""1-2-6"", 0.0355], [""1-3-5"", 0.0229], [""1-3-6"", 0.0202]]",2,22.8,"[[""2-1-3"", 0.0351], [""2-1-4"", 0.0273], [""2-1-5"", 0.0168], [""2-1-6"", 0.0148]]","[[""1-4-2"", 0.0479], [""3-1-2"", 0.0278], [""1-4-3"", 0.0327], [""1-5-2"", 0.0274]]",,,False,False,0.7866,強,"{""逃げ"": 65.0, ""まくり差し"": 11.9, ""まくり"": 11.0, ""差し"": 6.9, ""抜き"": 4.5, ""恵まれ"": 0.7}","[""0〜600円"", ""600〜750円"", ""750〜900円"", ""900〜1050円"", ""1050〜1220円"", ""1220〜1410円"", ""1410〜1640円"", ""1640〜1890円"", ""1890〜2200円"", ""2200〜2560円"", ""2560〜3020円"", ""3020〜3580円"", ""3580〜4290円"", ""4290〜5220円"", ""5220〜6490円"", ""6490〜8310円"", ""8310〜11220円"", ""11220〜16240円"", ""16240〜28268円"", ""28268円〜""]","[7.1, 7.2, 6.1, 5.7, 6.5, 5.6, 5.1, 5.5, 3.8, 4.3, 4.2, 4.4, 4.1, 4.4, 3.7, 3.8, 3.5, 4.7, 5.1, 5.4]","[2.1, 2.2, 1.1, 0.7, 1.5, 0.6, 0.1, 0.5, -1.2, -0.7, -0.8, -0.6, -0.9, -0.6, -1.3, -1.2, -1.5, -0.3, 0.1, 0.4]"
20260828,01,9,1,54.9,"[[""1-2-4"", 0.0471], [""1-4-2"", 0.0453], [""1-2-5"", 0.0484], [""1-2-3"", 0.0481], [""1-5-2"", 0.0437], [""1-3-2"", 0.0433], [""1-4-5"", 0.0416], [""1-4-3"", 0.0413], [""1-5-4"", 0.0391]]",2,30.4,"[[""2-1-4"", 0.0205], [""2-1-5"", 0.0211], [""2-1-3"", 0.021]]","[[""1-3-4"", 0.0388], [""1-5-3"", 0.0314], [""1-3-5"", 0.0313], [""4-1-2"", 0.0195]]",,,False,False,0.7866,強,"{""逃げ"": 65.0, ""まくり差し"": 11.9, ""まくり"": 11.0, ""差し"": 6.9, ""抜き"": 4.5, ""恵まれ"": 0.7}","[""0〜600円"", ""600〜750円"", ""750〜900円"", ""900〜1050円"", ""1050〜1220円"", ""1220〜1410円"", ""1410〜1640円"", ""1640〜1890円"", ""1890〜2200円"", ""2200〜2560円"", ""2560〜3020円"", ""3020〜3580円"", ""3580〜4290円"", ""4290〜5220円"", ""5220〜6490円"", ""6490〜8310円"", ""8310〜11220円"", ""11220〜16240円"", ""16240〜28268円"", ""28268円〜""]","[7.1, 7.2, 6.1, 5.7, 6.5, 5.6, 5.1, 5.5, 3.8, 4.3, 4.2, 4.4, 4.1, 4.4, 3.7, 3.8, 3.5, 4.7, 5.1, 5.4]","[2.1, 2.2, 1.1, 0.7, 1.5, 0.6, 0.1, 0.5, -1.2, -0.7, -0.8, -0.6, -0.9, -0.6, -1.3, -1.2, -1.5, -0.3, 0.1, 0.4]"
20260828,01,10,1,57.5,"[[""1-2-3"", 0.0638], [""1-2-4"", 0.0692], [""1-3-2"", 0.0496], [""1-4-2"", 0.0524], [""1-2-5"", 0.0493], [""1-5-2"", 0.035], [""1-3-4"", 0.0295], [""1-2-6"", 0.0287], [""1-4-3"", 0.0287]]",2,18.4,"[[""2-1-3"", 0.0318], [""2-1-4"", 0.0345], [""2-1-5"", 0.0246], [""2-1-6"", 0.0143]]","[[""3-1-2"", 0.0228], [""4-1-2"", 0.0238], [""1-3-5"", 0.021], [""1-5-3"", 0.0192]]",,,False,True,0.8218,強,"{""逃げ"": 65.0, ""まくり差し"": 11.9, ""まくり"": 11.0, ""差し"": 6.9, ""抜き"": 4.5, ""恵まれ"": 0.7}","[""0〜600円"", ""600〜750円"", ""750〜900円"", ""900〜1050円"", ""1050〜1220円"", ""1220〜1410円"", ""1410〜1640円"", ""1640〜1890円"", ""1890〜2200円"", ""2200〜2560円"", ""2560〜3020円"", ""3020〜3580円"", ""3580〜4290円"", ""4290〜5220円"", ""5220〜6490円"", ""6490〜8310円"", ""8310〜11220円"", ""11220〜16240円"", ""16240〜28268円"", ""28268円〜""]","[7.1, 7.2, 6.1, 5.7, 6.5, 5.6, 5.1, 5.5, 3.8, 4.3, 4.2, 4.4, 4.1, 4.4, 3.7, 3.8, 3.5, 4.7, 5.1, 5.4]","[2.1, 2.2, 1.1, 0.7, 1.5, 0.6, 0.1, 0.5, -1.2, -0.7, -0.8, -0.6, -0.9, -0.6, -1.3, -1.2, -1.5, -0.3, 0.1, 0.4]"
20260828,01,11,1,59.6,"[[""1-4-2"", 0.0482], [""1-2-4"", 0.0466], [""1-4-3"", 0.0589], [""1-3-4"", 0.0561], [""1-2-3"", 0.0523], [""1-3-2"", 0.0516], [""1-4-5"", 0.0243], [""1-2-5"", 0.0216], [""1-3-5"", 0.0205]]",4,22.5,"[[""4-1-2"", 0.0248], [""4-1-3"", 0.0303], [""4-1-5"", 0.0125]]","[[""2-1-4"", 0.0237], [""3-1-4"", 0.0284], [""2-1-3"", 0.0266], [""3-1-2"", 0.0261]]",,,False,False,0.7866,強,"{""逃げ"": 65.0, ""まくり差し"": 11.9, ""まくり"": 11.0, ""差し"": 6.9, ""抜き"": 4.5, ""恵まれ"": 0.7}","[""0〜600円"", ""600〜750円"", ""750〜900円"", ""900〜1050円"", ""1050〜1220円"", ""1220〜1410円"", ""1410〜1640円"", ""1640〜1890円"", ""1890〜2200円"", ""2200〜2560円"", ""2560〜3020円"", ""3020〜3580円"", ""3580〜4290円"", ""4290〜5220円"", ""5220〜6490円"", ""6490〜8310円"", ""8310〜11220円"", ""11220〜16240円"", ""16240〜28268円"", ""28268円〜""]","[7.1, 7.2, 6.1, 5.7, 6.5, 5.6, 5.1, 5.5, 3.8, 4.3, 4.2, 4.4, 4.1, 4.4, 3.7, 3.8, 3.5, 4.7, 5.1, 5.4]","[2.1, 2.2, 1.1, 0.7, 1.5, 0.6, 0.1, 0.5, -1.2, -0.7, -0.8, -0.6, -0.9, -0.6, -1.3, -1.2, -1.5, -0.3, 0.1, 0.4]"
20260828,01,12,1,52.6,"[[""1-2-3"", 0.0605], [""1-3-2"", 0.0581], [""1-2-4"", 0.0481], [""1-3-4"", 0.0418], [""1-4-2"", 0.0408], [""1-2-5"", 0.037], [""1-4-3"", 0.0369], [""1-3-5"", 0.0322], [""1-5-2"", 0.0299]]",3,28.6,"[[""3-1-2"", 0.0256], [""3-1-4"", 0.0184], [""3-1-5"", 0.0142], [""3-1-6"", 0.0101]]","[[""2-1-3"", 0.027], [""1-5-3"", 0.0271], [""1-2-6"", 0.0265], [""1-3-6"", 0.023]]",,,False,True,0.8218,強,"{""逃げ"": 65.0, ""まくり差し"": 11.9, ""まくり"": 11.0, ""差し"": 6.9, ""抜き"": 4.5, ""恵まれ"": 0.7}","[""0〜600円"", ""600〜750円"", ""750〜900円"", ""900〜1050円"", ""1050〜1220円"", ""1220〜1410円"", ""1410〜1640円"", ""1640〜1890円"", ""1890〜2200円"", ""2200〜2560円"", ""2560〜3020円"", ""3020〜3580円"", ""3580〜4290円"", ""4290〜5220円"", ""5220〜6490円"", ""6490〜8310円"", ""8310〜11220円"", ""11220〜16240円"", ""16240〜28268円"", ""28268円〜""]","[7.1, 7.2, 6.1, 5.7, 6.5, 5.6, 5.1, 5.5, 3.8, 4.3, 4.2, 4.4, 4.1, 4.4, 3.7, 3.8, 3.5, 4.7, 5.1, 5.4]","[2.1, 2.2, 1.1, 0.7, 1.5, 0.6, 0.1, 0.5, -1.2, -0.7, -0.8, -0.6, -0.9, -0.6, -1.3, -1.2, -1.5, -0.3, 0.1, 0.4]"
20260828,04,1,2,52.6,"[[""2-4-1"", 0.0542], [""2-1-4"", 0.0521], [""2-4-3"", 0.0399], [""2-1-3"", 0.0351], [""2-3-4"", 0.0325], [""2-4-5"", 0.0308], [""2-3-1"", 0.0298], [""2-1-5"", 0.027], [""2-5-4"", 0.0239]]",1,35.9,"[[""1-2-4"", 0.0319], [""1-2-3"", 0.0215], [""1-2-5"", 0.0166]]","[[""4-2-1"", 0.0338], [""4-2-3"", 0.0249], [""4-1-2"", 0.0175], [""2-5-1"", 0.0219]]",,,False,False,0.7866,強,"{""逃げ"": 56.9, ""差し"": 13.0, ""まくり"": 11.9, ""まくり差し"": 10.0, ""抜き"": 7.5, ""恵まれ"": 0.9}","[""0〜600円"", ""600〜750円"", ""750〜900円"", ""900〜1050円"", ""1050〜1220円"", ""1220〜1410円"", ""1410〜1640円"", ""1640〜1890円"", ""1890〜2200円"", ""2200〜2560円"", ""2560〜3020円"", ""3020〜3580円"", ""3580〜4290円"", ""4290〜5220円"", ""5220〜6490円"", ""6490〜8310円"", ""8310〜11220円"", ""11220〜16240円"", ""16240〜28268円"", ""28268円〜""]","[2.6, 3.9, 5.7, 5.6, 4.9, 5.6, 5.3, 4.6, 5.4, 4.6, 5.5, 5.1, 5.3, 4.6, 4.3, 5.0, 5.3, 5.0, 5.9, 5.7]","[-2.4, -1.1, 0.7, 0.6, -0.1, 0.6, 0.3, -0.4, 0.4, -0.4, 0.5, 0.1, 0.3, -0.4, -0.7, -0.0, 0.3, 0.0, 0.9, 0.7]"
20260828,04,2,1,50.4,"[[""1-5-2"", 0.0472], [""1-2-5"", 0.0462], [""1-5-3"", 0.0491], [""1-5-4"", 0.0461], [""1-3-5"", 0.0456], [""1-2-3"", 0.0449], [""1-3-2"", 0.0426], [""1-4-5"", 0.0422], [""1-2-4"", 0.0421]]",2,35.1,"[[""2-1-5"", 0.0103], [""2-1-3"", 0.0101]]","[[""1-5-6"", 0.0398], [""1-4-2"", 0.0394], [""1-2-6"", 0.0364], [""1-6-5"", 0.0353]]",,,False,False,0.7866,強,"{""逃げ"": 56.9, ""差し"": 13.0, ""まくり"": 11.9, ""まくり差し"": 10.0, ""抜き"": 7.5, ""恵まれ"": 0.9}","[""0〜600円"", ""600〜750円"", ""750〜900円"", ""900〜1050円"", ""1050〜1220円"", ""1220〜1410円"", ""1410〜1640円"", ""1640〜1890円"", ""1890〜2200円"", ""2200〜2560円"", ""2560〜3020円"", ""3020〜3580円"", ""3580〜4290円"", ""4290〜5220円"", ""5220〜6490円"", ""6490〜8310円"", ""8310〜11220円"", ""11220〜16240円"", ""16240〜28268円"", ""28268円〜""]","[2.6, 3.9, 5.7, 5.6, 4.9, 5.6, 5.3, 4.6, 5.4, 4.6, 5.5, 5.1, 5.3, 4.6, 4.3, 5.0, 5.3, 5.0, 5.9, 5.7]","[-2.4, -1.1, 0.7, 0.6, -0.1, 0.6, 0.3, -0.4, 0.4, -0.4, 0.5, 0.1, 0.3, -0.4, -0.7, -0.0, 0.3, 0.0, 0.9, 0.7]"
20260828,04,3,1,47.6,"[[""1-3-2"", 0.0379], [""1-3-5"", 0.0418], [""1-2-3"", 0.0304], [""1-5-3"", 0.0327], [""1-3-6"", 0.0224], [""1-2-5"", 0.0199], [""1-5-2"", 0.0194], [""1-3-4"", 0.0187], [""1-6-3"", 0.0157]]",3,37.7,"[[""3-1-2"", 0.033], [""3-1-5"", 0.0364], [""3-1-6"", 0.0196], [""3-1-4"", 0.0163]]","[[""2-1-3"", 0.0234], [""3-2-1"", 0.0223], [""5-1-3"", 0.0248], [""3-5-1"", 0.0241]]",,,False,True,0.8218,中,"{""逃げ"": 42.5, ""まくり"": 19.1, ""差し"": 16.7, ""まくり差し"": 13.3, ""抜き"": 7.2, ""恵まれ"": 1.3}","[""0〜600円"", ""600〜750円"", ""750〜900円"", ""900〜1050円"", ""1050〜1220円"", ""1220〜1410円"", ""1410〜1640円"", ""1640〜1890円"", ""1890〜2200円"", ""2200〜2560円"", ""2560〜3020円"", ""3020〜3580円"", ""3580〜4290円"", ""4290〜5220円"", ""5220〜6490円"", ""6490〜8310円"", ""8310〜11220円"", ""11220〜16240円"", ""16240〜28268円"", ""28268円〜""]","[0.7, 1.6, 3.2, 3.0, 4.1, 6.0, 5.3, 5.1, 5.3, 5.8, 5.3, 6.9, 6.3, 5.9, 5.3, 6.0, 7.4, 5.8, 6.1, 5.0]","[-4.3, -3.4, -1.8, -2.0, -0.9, 1.0, 0.3, 0.1, 0.3, 0.8, 0.3, 1.9, 1.3, 0.9, 0.3, 1.0, 2.4, 0.8, 1.1, -0.0]"
20260828,04,4,1,52.2,"[[""1-3-2"", 0.0458], [""1-3-5"", 0.0494], [""1-3-6"", 0.0264], [""1-3-4"", 0.0194]]",3,30.9,"[[""3-1-2"", 0.043], [""3-1-5"", 0.0464], [""3-1-6"", 0.0248], [""3-1-4"", 0.0182]]","[[""1-2-3"", 0.0319], [""3-2-1"", 0.0276], [""1-5-3"", 0.0334], [""2-1-3"", 0.0244]]",1-3,0.2926,False,True,0.8218,中,"{""逃げ"": 42.5, ""まくり"": 19.1, ""差し"": 16.7, ""まくり差し"": 13.3, ""抜き"": 7.2, ""恵まれ"": 1.3}","[""0〜600円"", ""600〜750円"", ""750〜900円"", ""900〜1050円"", ""1050〜1220円"", ""1220〜1410円"", ""1410〜1640円"", ""1640〜1890円"", ""1890〜2200円"", ""2200〜2560円"", ""2560〜3020円"", ""3020〜3580円"", ""3580〜4290円"", ""4290〜5220円"", ""5220〜6490円"", ""6490〜8310円"", ""8310〜11220円"", ""11220〜16240円"", ""16240〜28268円"", ""28268円〜""]","[0.7, 1.6, 3.2, 3.0, 4.1, 6.0, 5.3, 5.1, 5.3, 5.8, 5.3, 6.9, 6.3, 5.9, 5.3, 6.0, 7.4, 5.8, 6.1, 5.0]","[-4.3, -3.4, -1.8, -2.0, -0.9, 1.0, 0.3, 0.1, 0.3, 0.8, 0.3, 1.9, 1.3, 0.9, 0.3, 1.0, 2.4, 0.8, 1.1, -0.0]"
20260828,04,5,3,59.0,"[[""3-1-2"", 0.0363], [""3-2-1"", 0.0355], [""3-1-5"", 0.0235], [""3-2-5"", 0.022], [""3-1-4"", 0.0122], [""3-2-4"", 0.0114]]",1,31.8,"[[""1-3-2"", 0.036], [""1-2-3"", 0.0348], [""1-3-5"", 0.0233], [""1-2-5"", 0.0211], [""1-3-4"", 0.0121], [""1-2-4"", 0.0109]]","[[""2-3-1"", 0.0347], [""2-1-3"", 0.0343], [""2-3-5"", 0.0215], [""2-1-5"", 0.0208]]",,,False,True,0.8218,強,"{""逃げ"": 56.9, ""差し"": 13.0, ""まくり"": 11.9, ""まくり差し"": 10.0, ""抜き"": 7.5, ""恵まれ"": 0.9}","[""0〜600円"", ""600〜750円"", ""750〜900円"", ""900〜1050円"", ""1050〜1220円"", ""1220〜1410円"", ""1410〜1640円"", ""1640〜1890円"", ""1890〜2200円"", ""2200〜2560円"", ""2560〜3020円"", ""3020〜3580円"", ""3580〜4290円"", ""4290〜5220円"", ""5220〜6490円"", ""6490〜8310円"", ""8310〜11220円"", ""11220〜16240円"", ""16240〜28268円"", ""28268円〜""]","[2.6, 3.9, 5.7, 5.6, 4.9, 5.6, 5.3, 4.6, 5.4, 4.6, 5.5, 5.1, 5.3, 4.6, 4.3, 5.0, 5.3, 5.0, 5.9, 5.7]","[-2.4, -1.1, 0.7, 0.6, -0.1, 0.6, 0.3, -0.4, 0.4, -0.4, 0.5, 0.1, 0.3, -0.4, -0.7, -0.0, 0.3, 0.0, 0.9, 0.7]"
20260828,04,6,1,43.1,"[[""1-5-2"", 0.0313], [""1-2-5"", 0.03], [""1-5-4"", 0.0325], [""1-4-5"", 0.0289], [""1-2-4"", 0.0281], [""1-4-2"", 0.0262], [""1-5-6"", 0.0121], [""1-2-6"", 0.0105]]",2,26.8,"[[""2-1-5"", 0.0268], [""2-5-1"", 0.0238], [""2-1-4"", 0.0251], [""2-5-4"", 0.0175]]","[[""5-1-2"", 0.0288], [""5-2-1"", 0.0245], [""5-1-4"", 0.0298], [""4-1-5"", 0.0247]]",,,False,False,0.7866,弱,"{""逃げ"": 27.2, ""まくり"": 25.5, ""差し"": 23.1, ""まくり差し"": 14.6, ""抜き"": 8.2, ""恵まれ"": 1.3}","[""0〜600円"", ""600〜750円"", ""750〜900円"", ""900〜1050円"", ""1050〜1220円"", ""1220〜1410円"", ""1410〜1640円"", ""1640〜1890円"", ""1890〜2200円"", ""2200〜2560円"", ""2560〜3020円"", ""3020〜3580円"", ""3580〜4290円"", ""4290〜5220円"", ""5220〜6490円"", ""6490〜8310円"", ""8310〜11220円"", ""11220〜16240円"", ""16240〜28268円"", ""28268円〜""]","[0.3, 1.0, 0.9, 1.7, 3.0, 3.6, 3.7, 4.9, 5.9, 6.1, 7.7, 6.4, 7.3, 7.1, 8.5, 8.0, 7.3, 6.1, 5.9, 4.2]","[-4.7, -4.0, -4.1, -3.3, -2.0, -1.4, -1.3, -0.1, 0.9, 1.1, 2.7, 1.4, 2.3, 2.1, 3.5, 3.0, 2.3, 1.1, 0.9, -0.8]"
20260828,04,7,1,57.6,"[[""1-5-3"", 0.079], [""1-3-5"", 0.0784], [""1-5-2"", 0.0584], [""1-3-2"", 0.057], [""1-2-5"", 0.0488], [""1-2-3"", 0.048], [""1-5-4"", 0.0336], [""1-3-4"", 0.0327], [""1-5-6"", 0.0297]]",3,30.9,"[[""3-1-5"", 0.0254], [""3-1-2"", 0.0185], [""3-1-4"", 0.0106]]","[[""5-1-3"", 0.0257], [""1-3-6"", 0.029], [""1-4-5"", 0.0256], [""1-4-3"", 0.0252]]",,,False,False,0.7866,強,"{""逃げ"": 56.9, ""差し"": 13.0, ""まくり"": 11.9, ""まくり差し"": 10.0, ""抜き"": 7.5, ""恵まれ"": 0.9}","[""0〜600円"", ""600〜750円"", ""750〜900円"", ""900〜1050円"", ""1050〜1220円"", ""1220〜1410円"", ""1410〜1640円"", ""1640〜1890円"", ""1890〜2200円"", ""2200〜2560円"", ""2560〜3020円"", ""3020〜3580円"", ""3580〜4290円"", ""4290〜5220円"", ""5220〜6490円"", ""6490〜8310円"", ""8310〜11220円"", ""11220〜16240円"", ""16240〜28268円"", ""28268円〜""]","[2.6, 3.9, 5.7, 5.6, 4.9, 5.6, 5.3, 4.6, 5.4, 4.6, 5.5, 5.1, 5.3, 4.6, 4.3, 5.0, 5.3, 5.0, 5.9, 5.7]","[-2.4, -1.1, 0.7, 0.6, -0.1, 0.6, 0.3, -0.4, 0.4, -0.4, 0.5, 0.1, 0.3, -0.4, -0.7, -0.0, 0.3, 0.0, 0.9, 0.7]"
20260828,04,8,1,44.7,"[[""1-4-3"", 0.0672], [""1-3-4"", 0.0628], [""1-4-2"", 0.0779], [""1-2-4"", 0.0703], [""1-3-2"", 0.0623], [""1-2-3"", 0.0603], [""1-4-6"", 0.0246], [""1-3-6"", 0.0197], [""1-6-4"", 0.0179]]",3,32.1,"[[""3-1-4"", 0.0269], [""3-1-2"", 0.0267]]","[[""4-1-3"", 0.0294], [""4-1-2"", 0.0341], [""2-1-4"", 0.0299], [""2-1-3"", 0.0256]]",,,False,False,0.7866,中,"{""逃げ"": 42.5, ""まくり"": 19.1, ""差し"": 16.7, ""まくり差し"": 13.3, ""抜き"": 7.2, ""恵まれ"": 1.3}","[""0〜600円"", ""600〜750円"", ""750〜900円"", ""900〜1050円"", ""1050〜1220円"", ""1220〜1410円"", ""1410〜1640円"", ""1640〜1890円"", ""1890〜2200円"", ""2200〜2560円"", ""2560〜3020円"", ""3020〜3580円"", ""3580〜4290円"", ""4290〜5220円"", ""5220〜6490円"", ""6490〜8310円"", ""8310〜11220円"", ""11220〜16240円"", ""16240〜28268円"", ""28268円〜""]","[0.7, 1.6, 3.2, 3.0, 4.1, 6.0, 5.3, 5.1, 5.3, 5.8, 5.3, 6.9, 6.3, 5.9, 5.3, 6.0, 7.4, 5.8, 6.1, 5.0]","[-4.3, -3.4, -1.8, -2.0, -0.9, 1.0, 0.3, 0.1, 0.3, 0.8, 0.3, 1.9, 1.3, 0.9, 0.3, 1.0, 2.4, 0.8, 1.1, -0.0]"
20260828,04,9,1,64.3,"[[""1-2-5"", 0.0473], [""1-2-3"", 0.0532], [""1-2-6"", 0.0389], [""1-2-4"", 0.0329]]",2,30.9,"[[""2-1-5"", 0.0324], [""2-1-3"", 0.0364], [""2-1-6"", 0.0266], [""2-1-4"", 0.0225]]","[[""1-5-2"", 0.0353], [""1-3-2"", 0.0386], [""5-1-2"", 0.0212], [""1-6-2"", 0.0267]]",1-2,0.3118,False,False,0.7866,強,"{""逃げ"": 56.9, ""差し"": 13.0, ""まくり"": 11.9, ""まくり差し"": 10.0, ""抜き"": 7.5, ""恵まれ"": 0.9}","[""0〜600円"", ""600〜750円"", ""750〜900円"", ""900〜1050円"", ""1050〜1220円"", ""1220〜1410円"", ""1410〜1640円"", ""1640〜1890円"", ""1890〜2200円"", ""2200〜2560円"", ""2560〜3020円"", ""3020〜3580円"", ""3580〜4290円"", ""4290〜5220円"", ""5220〜6490円"", ""6490〜8310円"", ""8310〜11220円"", ""11220〜16240円"", ""16240〜28268円"", ""28268円〜""]","[2.6, 3.9, 5.7, 5.6, 4.9, 5.6, 5.3, 4.6, 5.4, 4.6, 5.5, 5.1, 5.3, 4.6, 4.3, 5.0, 5.3, 5.0, 5.9, 5.7]","[-2.4, -1.1, 0.7, 0.6, -0.1, 0.6, 0.3, -0.4, 0.4, -0.4, 0.5, 0.1, 0.3, -0.4, -0.7, -0.0, 0.3, 0.0, 0.9, 0.7]"
20260828,04,10,1,52.4,"[[""1-2-4"", 0.0622], [""1-4-2"", 0.062], [""1-2-6"", 0.059], [""1-4-6"", 0.0582], [""1-6-2"", 0.0532], [""1-6-4"", 0.0527], [""1-2-3"", 0.0361], [""1-4-3"", 0.0356], [""1-3-2"", 0.0294]]",2,25.2,"[[""2-1-4"", 0.0241], [""2-1-6"", 0.0229], [""2-1-3"", 0.014]]","[[""4-1-2"", 0.024], [""1-3-4"", 0.0291], [""1-6-3"", 0.0241], [""4-1-6"", 0.0226]]",,,False,False,0.7866,強,"{""逃げ"": 56.9, ""差し"": 13.0, ""まくり"": 11.9, ""まくり差し"": 10.0, ""抜き"": 7.5, ""恵まれ"": 0.9}","[""0〜600円"", ""600〜750円"", ""750〜900円"", ""900〜1050円"", ""1050〜1220円"", ""1220〜1410円"", ""1410〜1640円"", ""1640〜1890円"", ""1890〜2200円"", ""2200〜2560円"", ""2560〜3020円"", ""3020〜3580円"", ""3580〜4290円"", ""4290〜5220円"", ""5220〜6490円"", ""6490〜8310円"", ""8310〜11220円"", ""11220〜16240円"", ""16240〜28268円"", ""28268円〜""]","[2.6, 3.9, 5.7, 5.6, 4.9, 5.6, 5.3, 4.6, 5.4, 4.6, 5.5, 5.1, 5.3, 4.6, 4.3, 5.0, 5.3, 5.0, 5.9, 5.7]","[-2.4, -1.1, 0.7, 0.6, -0.1, 0.6, 0.3, -0.4, 0.4, -0.4, 0.5, 0.1, 0.3, -0.4, -0.7, -0.0, 0.3, 0.0, 0.9, 0.7]"
20260828,04,11,1,54.3,"[[""1-2-4"", 0.046], [""1-4-2"", 0.04], [""1-2-6"", 0.0507], [""1-6-2"", 0.0423], [""1-2-3"", 0.0384], [""1-4-6"", 0.0311], [""1-3-2"", 0.0302], [""1-6-4"", 0.0298], [""1-4-3"", 0.0236]]",2,21.2,"[[""2-1-4"", 0.029], [""2-1-6"", 0.032], [""2-1-3"", 0.0242]]","[[""4-1-2"", 0.0238], [""6-1-2"", 0.0246], [""1-3-4"", 0.0213], [""1-6-3"", 0.0196]]",,,False,False,0.7866,中,"{""逃げ"": 42.5, ""まくり"": 19.1, ""差し"": 16.7, ""まくり差し"": 13.3, ""抜き"": 7.2, ""恵まれ"": 1.3}","[""0〜600円"", ""600〜750円"", ""750〜900円"", ""900〜1050円"", ""1050〜1220円"", ""1220〜1410円"", ""1410〜1640円"", ""1640〜1890円"", ""1890〜2200円"", ""2200〜2560円"", ""2560〜3020円"", ""3020〜3580円"", ""3580〜4290円"", ""4290〜5220円"", ""5220〜6490円"", ""6490〜8310円"", ""8310〜11220円"", ""11220〜16240円"", ""16240〜28268円"", ""28268円〜""]","[0.7, 1.6, 3.2, 3.0, 4.1, 6.0, 5.3, 5.1, 5.3, 5.8, 5.3, 6.9, 6.3, 5.9, 5.3, 6.0, 7.4, 5.8, 6.1, 5.0]","[-4.3, -3.4, -1.8, -2.0, -0.9, 1.0, 0.3, 0.1, 0.3, 0.8, 0.3, 1.9, 1.3, 0.9, 0.3, 1.0, 2.4, 0.8, 1.1, -0.0]"
20260828,04,12,1,59.0,"[[""1-2-3"", 0.09], [""1-3-2"", 0.0771], [""1-2-4"", 0.0612], [""1-2-5"", 0.049], [""1-4-2"", 0.0451], [""1-3-4"", 0.0376], [""1-2-6"", 0.036], [""1-5-2"", 0.0349], [""1-4-3"", 0.0324]]",2,23.7,"[[""2-1-3"", 0.0322], [""2-1-4"", 0.0219], [""2-1-5"", 0.0175], [""2-1-6"", 0.0129]]","[[""3-1-2"", 0.0265], [""1-3-5"", 0.0302], [""1-5-3"", 0.0251], [""1-6-2"", 0.0247]]",,,False,True,0.8218,強,"{""逃げ"": 56.9, ""差し"": 13.0, ""まくり"": 11.9, ""まくり差し"": 10.0, ""抜き"": 7.5, ""恵まれ"": 0.9}","[""0〜600円"", ""600〜750円"", ""750〜900円"", ""900〜1050円"", ""1050〜1220円"", ""1220〜1410円"", ""1410〜1640円"", ""1640〜1890円"", ""1890〜2200円"", ""2200〜2560円"", ""2560〜3020円"", ""3020〜3580円"", ""3580〜4290円"", ""4290〜5220円"", ""5220〜6490円"", ""6490〜8310円"", ""8310〜11220円"", ""11220〜16240円"", ""16240〜28268円"", ""28268円〜""]","[2.6, 3.9, 5.7, 5.6, 4.9, 5.6, 5.3, 4.6, 5.4, 4.6, 5.5, 5.1, 5.3, 4.6, 4.3, 5.0, 5.3, 5.0, 5.9, 5.7]","[-2.4, -1.1, 0.7, 0.6, -0.1, 0.6, 0.3, -0.4, 0.4, -0.4, 0.5, 0.1, 0.3, -0.4, -0.7, -0.0, 0.3, 0.0, 0.9, 0.7]"
20260828,05,1,1,58.0,"[[""1-4-2"", 0.0563], [""1-2-4"", 0.0501], [""1-4-3"", 0.0385], [""1-4-5"", 0.0348], [""1-2-3"", 0.0268], [""1-2-5"", 0.0242], [""1-4-6"", 0.0139]]",4,32.7,"[[""4-1-2"", 0.0401], [""4-1-3"", 0.0275], [""4-1-5"", 0.0248]]","[[""2-1-4"", 0.0338], [""4-2-1"", 0.0228], [""1-3-4"", 0.0289], [""2-4-1"", 0.0216]]",,,False,False,0.7866,中,"{""逃げ"": 53.2, ""まくり"": 15.9, ""差し"": 12.8, ""まくり差し"": 11.6, ""抜き"": 5.6, ""恵まれ"": 0.9}","[""0〜600円"", ""600〜750円"", ""750〜900円"", ""900〜1050円"", ""1050〜1220円"", ""1220〜1410円"", ""1410〜1640円"", ""1640〜1890円"", ""1890〜2200円"", ""2200〜2560円"", ""2560〜3020円"", ""3020〜3580円"", ""3580〜4290円"", ""4290〜5220円"", ""5220〜6490円"", ""6490〜8310円"", ""8310〜11220円"", ""11220〜16240円"", ""16240〜28268円"", ""28268円〜""]","[3.7, 4.9, 5.5, 5.5, 4.9, 4.8, 5.4, 4.8, 5.3, 5.4, 4.9, 4.6, 5.0, 5.4, 5.7, 5.0, 4.4, 4.8, 4.7, 5.4]","[-1.3, -0.1, 0.5, 0.5, -0.1, -0.2, 0.4, -0.2, 0.3, 0.4, -0.1, -0.4, 0.0, 0.4, 0.7, -0.0, -0.6, -0.2, -0.3, 0.4]"
20260828,05,2,2,50.5,"[[""2-1-3"", 0.0537], [""2-1-4"", 0.0596], [""2-1-5"", 0.0137], [""2-1-6"", 0.01]]",4,37.1,"[[""4-2-1"", 0.0345], [""4-2-3"", 0.0218]]","[[""1-2-3"", 0.0464], [""2-3-1"", 0.0427], [""1-2-4"", 0.0515], [""2-4-1"", 0.046]]",,,False,True,0.8218,強,"{""逃げ"": 67.0, ""まくり"": 10.6, ""まくり差し"": 9.3, ""差し"": 8.3, ""抜き"": 4.3, ""恵まれ"": 0.6}","[""0〜600円"", ""600〜750円"", ""750〜900円"", ""900〜1050円"", ""1050〜1220円"", ""1220〜1410円"", ""1410〜1640円"", ""1640〜1890円"", ""1890〜2200円"", ""2200〜2560円"", ""2560〜3020円"", ""3020〜3580円"", ""3580〜4290円"", ""4290〜5220円"", ""5220〜6490円"", ""6490〜8310円"", ""8310〜11220円"", ""11220〜16240円"", ""16240〜28268円"", ""28268円〜""]","[6.9, 7.1, 6.5, 5.8, 5.8, 5.1, 4.8, 5.3, 4.9, 4.4, 4.8, 3.9, 3.9, 4.0, 4.7, 4.0, 3.5, 4.3, 4.9, 5.3]","[1.9, 2.1, 1.5, 0.8, 0.8, 0.1, -0.2, 0.3, -0.1, -0.6, -0.2, -1.1, -1.1, -1.0, -0.3, -1.0, -1.5, -0.7, -0.1, 0.3]"
20260828,05,3,1,54.1,"[[""1-3-2"", 0.0672], [""1-3-4"", 0.0361], [""1-3-5"", 0.0256], [""1-3-6"", 0.0133]]",3,27.7,"[[""3-1-2"", 0.0546], [""3-1-4"", 0.0294], [""3-1-5"", 0.0208], [""3-1-6"", 0.0108]]","[[""1-2-3"", 0.0581], [""2-1-3"", 0.0439], [""3-2-1"", 0.0354], [""2-3-1"", 0.0329]]",1-3,0.2843,False,True,0.8218,中,"{""逃げ"": 53.2, ""まくり"": 15.9, ""差し"": 12.8, ""まくり差し"": 11.6, ""抜き"": 5.6, ""恵まれ"": 0.9}","[""0〜600円"", ""600〜750円"", ""750〜900円"", ""900〜1050円"", ""1050〜1220円"", ""1220〜1410円"", ""1410〜1640円"", ""1640〜1890円"", ""1890〜2200円"", ""2200〜2560円"", ""2560〜3020円"", ""3020〜3580円"", ""3580〜4290円"", ""4290〜5220円"", ""5220〜6490円"", ""6490〜8310円"", ""8310〜11220円"", ""11220〜16240円"", ""16240〜28268円"", ""28268円〜""]","[3.7, 4.9, 5.5, 5.5, 4.9, 4.8, 5.4, 4.8, 5.3, 5.4, 4.9, 4.6, 5.0, 5.4, 5.7, 5.0, 4.4, 4.8, 4.7, 5.4]","[-1.3, -0.1, 0.5, 0.5, -0.1, -0.2, 0.4, -0.2, 0.3, 0.4, -0.1, -0.4, 0.0, 0.4, 0.7, -0.0, -0.6, -0.2, -0.3, 0.4]"
20260828,05,4,1,52.2,"[[""1-2-3"", 0.0969], [""1-2-6"", 0.0332], [""1-2-4"", 0.0297], [""1-2-5"", 0.0174]]",3,32.2,"[[""3-1-2"", 0.0536], [""3-1-6"", 0.0127], [""3-1-4"", 0.0114]]","[[""1-3-2"", 0.0766], [""2-1-3"", 0.0753], [""2-3-1"", 0.0418], [""3-2-1"", 0.0376]]",,,False,True,0.8218,中,"{""逃げ"": 53.2, ""まくり"": 15.9, ""差し"": 12.8, ""まくり差し"": 11.6, ""抜き"": 5.6, ""恵まれ"": 0.9}","[""0〜600円"", ""600〜750円"", ""750〜900円"", ""900〜1050円"", ""1050〜1220円"", ""1220〜1410円"", ""1410〜1640円"", ""1640〜1890円"", ""1890〜2200円"", ""2200〜2560円"", ""2560〜3020円"", ""3020〜3580円"", ""3580〜4290円"", ""4290〜5220円"", ""5220〜6490円"", ""6490〜8310円"", ""8310〜11220円"", ""11220〜16240円"", ""16240〜28268円"", ""28268円〜""]","[3.7, 4.9, 5.5, 5.5, 4.9, 4.8, 5.4, 4.8, 5.3, 5.4, 4.9, 4.6, 5.0, 5.4, 5.7, 5.0, 4.4, 4.8, 4.7, 5.4]","[-1.3, -0.1, 0.5, 0.5, -0.1, -0.2, 0.4, -0.2, 0.3, 0.4, -0.1, -0.4, 0.0, 0.4, 0.7, -0.0, -0.6, -0.2, -0.3, 0.4]"
20260828,05,5,1,44.8,"[[""1-2-3"", 0.0536], [""1-3-2"", 0.0531], [""1-2-4"", 0.0347], [""1-3-4"", 0.0338], [""1-2-5"", 0.0284], [""1-4-2"", 0.0282], [""1-4-3"", 0.0278], [""1-3-5"", 0.0277], [""1-5-2"", 0.0223]]",3,36.9,"[[""3-1-2"", 0.0375], [""3-1-4"", 0.0239], [""3-1-5"", 0.0195]]","[[""2-1-3"", 0.0379], [""2-3-1"", 0.0234], [""3-2-1"", 0.0233], [""2-1-4"", 0.0246]]",,,False,True,0.8218,中,"{""逃げ"": 53.2, ""まくり"": 15.9, ""差し"": 12.8, ""まくり差し"": 11.6, ""抜き"": 5.6, ""恵まれ"": 0.9}","[""0〜600円"", ""600〜750円"", ""750〜900円"", ""900〜1050円"", ""1050〜1220円"", ""1220〜1410円"", ""1410〜1640円"", ""1640〜1890円"", ""1890〜2200円"", ""2200〜2560円"", ""2560〜3020円"", ""3020〜3580円"", ""3580〜4290円"", ""4290〜5220円"", ""5220〜6490円"", ""6490〜8310円"", ""8310〜11220円"", ""11220〜16240円"", ""16240〜28268円"", ""28268円〜""]","[3.7, 4.9, 5.5, 5.5, 4.9, 4.8, 5.4, 4.8, 5.3, 5.4, 4.9, 4.6, 5.0, 5.4, 5.7, 5.0, 4.4, 4.8, 4.7, 5.4]","[-1.3, -0.1, 0.5, 0.5, -0.1, -0.2, 0.4, -0.2, 0.3, 0.4, -0.1, -0.4, 0.0, 0.4, 0.7, -0.0, -0.6, -0.2, -0.3, 0.4]"
20260828,05,6,1,54.5,"[[""1-3-4"", 0.0803], [""1-3-2"", 0.0387], [""1-3-5"", 0.0261], [""1-3-6"", 0.0246]]",3,26.1,"[[""3-1-4"", 0.0602], [""3-1-2"", 0.029], [""3-1-5"", 0.0196], [""3-1-6"", 0.0185]]","[[""1-4-3"", 0.0642], [""4-1-3"", 0.0436], [""3-4-1"", 0.0326], [""4-3-1"", 0.0295]]",1-3,0.3351,False,False,0.7866,弱,"{""逃げ"": 34.4, ""まくり"": 25.3, ""差し"": 18.4, ""まくり差し"": 13.2, ""抜き"": 7.8, ""恵まれ"": 0.9}","[""0〜600円"", ""600〜750円"", ""750〜900円"", ""900〜1050円"", ""1050〜1220円"", ""1220〜1410円"", ""1410〜1640円"", ""1640〜1890円"", ""1890〜2200円"", ""2200〜2560円"", ""2560〜3020円"", ""3020〜3580円"", ""3580〜4290円"", ""4290〜5220円"", ""5220〜6490円"", ""6490〜8310円"", ""8310〜11220円"", ""11220〜16240円"", ""16240〜28268円"", ""28268円〜""]","[0.6, 1.9, 2.0, 3.9, 3.2, 5.0, 5.3, 6.1, 6.5, 5.3, 6.5, 6.1, 6.1, 7.0, 6.7, 5.6, 5.8, 6.4, 5.6, 4.3]","[-4.4, -3.1, -3.0, -1.1, -1.8, -0.0, 0.3, 1.1, 1.5, 0.3, 1.5, 1.1, 1.1, 2.0, 1.7, 0.6, 0.8, 1.4, 0.6, -0.7]"
20260828,05,7,1,50.0,"[[""1-3-4"", 0.0992], [""1-4-3"", 0.0915], [""1-3-2"", 0.0499], [""1-4-2"", 0.04], [""1-3-6"", 0.0242], [""1-3-5"", 0.024], [""1-4-6"", 0.0194], [""1-4-5"", 0.0192]]",3,27.5,"[[""3-1-4"", 0.0513], [""3-1-2"", 0.0258], [""3-1-6"", 0.0125], [""3-1-5"", 0.0124]]","[[""4-1-3"", 0.046], [""1-2-3"", 0.035], [""1-2-4"", 0.0304], [""3-4-1"", 0.0195]]",,,False,False,0.7866,強,"{""逃げ"": 67.0, ""まくり"": 10.6, ""まくり差し"": 9.3, ""差し"": 8.3, ""抜き"": 4.3, ""恵まれ"": 0.6}","[""0〜600円"", ""600〜750円"", ""750〜900円"", ""900〜1050円"", ""1050〜1220円"", ""1220〜1410円"", ""1410〜1640円"", ""1640〜1890円"", ""1890〜2200円"", ""2200〜2560円"", ""2560〜3020円"", ""3020〜3580円"", ""3580〜4290円"", ""4290〜5220円"", ""5220〜6490円"", ""6490〜8310円"", ""8310〜11220円"", ""11220〜16240円"", ""16240〜28268円"", ""28268円〜""]","[6.9, 7.1, 6.5, 5.8, 5.8, 5.1, 4.8, 5.3, 4.9, 4.4, 4.8, 3.9, 3.9, 4.0, 4.7, 4.0, 3.5, 4.3, 4.9, 5.3]","[1.9, 2.1, 1.5, 0.8, 0.8, 0.1, -0.2, 0.3, -0.1, -0.6, -0.2, -1.1, -1.1, -1.0, -0.3, -1.0, -1.5, -0.7, -0.1, 0.3]"
20260828,05,8,1,48.1,"[[""1-2-4"", 0.0587], [""1-4-2"", 0.0574], [""1-2-3"", 0.0516], [""1-4-3"", 0.0474], [""1-2-5"", 0.0473], [""1-3-2"", 0.0455], [""1-4-5"", 0.0434], [""1-3-4"", 0.0428], [""1-5-2"", 0.0409]]",3,55.0,"[[""3-1-2"", 0.0121], [""3-1-4"", 0.0114]]","[[""1-5-4"", 0.0385], [""1-2-6"", 0.0334], [""1-4-6"", 0.0307], [""1-6-2"", 0.0273]]",,,False,False,0.7866,強,"{""逃げ"": 67.0, ""まくり"": 10.6, ""まくり差し"": 9.3, ""差し"": 8.3, ""抜き"": 4.3, ""恵まれ"": 0.6}","[""0〜600円"", ""600〜750円"", ""750〜900円"", ""900〜1050円"", ""1050〜1220円"", ""1220〜1410円"", ""1410〜1640円"", ""1640〜1890円"", ""1890〜2200円"", ""2200〜2560円"", ""2560〜3020円"", ""3020〜3580円"", ""3580〜4290円"", ""4290〜5220円"", ""5220〜6490円"", ""6490〜8310円"", ""8310〜11220円"", ""11220〜16240円"", ""16240〜28268円"", ""28268円〜""]","[6.9, 7.1, 6.5, 5.8, 5.8, 5.1, 4.8, 5.3, 4.9, 4.4, 4.8, 3.9, 3.9, 4.0, 4.7, 4.0, 3.5, 4.3, 4.9, 5.3]","[1.9, 2.1, 1.5, 0.8, 0.8, 0.1, -0.2, 0.3, -0.1, -0.6, -0.2, -1.1, -1.1, -1.0, -0.3, -1.0, -1.5, -0.7, -0.1, 0.3]"
20260828,05,9,1,56.5,"[[""1-2-4"", 0.0535], [""1-2-6"", 0.0604], [""1-2-3"", 0.0425], [""1-2-5"", 0.0403]]",2,28.1,"[[""2-1-4"", 0.0369], [""2-1-6"", 0.0417], [""2-1-3"", 0.0293], [""2-1-5"", 0.0278]]","[[""1-4-2"", 0.036], [""1-6-2"", 0.0397], [""4-1-2"", 0.0209], [""1-3-2"", 0.0264]]",1-2,0.3569,False,False,0.7866,中,"{""逃げ"": 53.2, ""まくり"": 15.9, ""差し"": 12.8, ""まくり差し"": 11.6, ""抜き"": 5.6, ""恵まれ"": 0.9}","[""0〜600円"", ""600〜750円"", ""750〜900円"", ""900〜1050円"", ""1050〜1220円"", ""1220〜1410円"", ""1410〜1640円"", ""1640〜1890円"", ""1890〜2200円"", ""2200〜2560円"", ""2560〜3020円"", ""3020〜3580円"", ""3580〜4290円"", ""4290〜5220円"", ""5220〜6490円"", ""6490〜8310円"", ""8310〜11220円"", ""11220〜16240円"", ""16240〜28268円"", ""28268円〜""]","[3.7, 4.9, 5.5, 5.5, 4.9, 4.8, 5.4, 4.8, 5.3, 5.4, 4.9, 4.6, 5.0, 5.4, 5.7, 5.0, 4.4, 4.8, 4.7, 5.4]","[-1.3, -0.1, 0.5, 0.5, -0.1, -0.2, 0.4, -0.2, 0.3, 0.4, -0.1, -0.4, 0.0, 0.4, 0.7, -0.0, -0.6, -0.2, -0.3, 0.4]"
20260828,05,10,1,50.5,"[[""1-4-2"", 0.0921], [""1-2-4"", 0.0733], [""1-4-3"", 0.0845], [""1-4-5"", 0.0772], [""1-3-4"", 0.0619], [""1-5-4"", 0.0556], [""1-2-3"", 0.0404], [""1-3-2"", 0.0372], [""1-2-5"", 0.0369]]",4,36.9,"[[""4-1-2"", 0.0229], [""4-1-3"", 0.021], [""4-1-5"", 0.0192]]","[[""1-5-2"", 0.0334], [""1-3-5"", 0.0245], [""1-5-3"", 0.0241], [""1-4-6"", 0.024]]",,,False,False,0.7866,強,"{""逃げ"": 67.0, ""まくり"": 10.6, ""まくり差し"": 9.3, ""差し"": 8.3, ""抜き"": 4.3, ""恵まれ"": 0.6}","[""0〜600円"", ""600〜750円"", ""750〜900円"", ""900〜1050円"", ""1050〜1220円"", ""1220〜1410円"", ""1410〜1640円"", ""1640〜1890円"", ""1890〜2200円"", ""2200〜2560円"", ""2560〜3020円"", ""3020〜3580円"", ""3580〜4290円"", ""4290〜5220円"", ""5220〜6490円"", ""6490〜8310円"", ""8310〜11220円"", ""11220〜16240円"", ""16240〜28268円"", ""28268円〜""]","[6.9, 7.1, 6.5, 5.8, 5.8, 5.1, 4.8, 5.3, 4.9, 4.4, 4.8, 3.9, 3.9, 4.0, 4.7, 4.0, 3.5, 4.3, 4.9, 5.3]","[1.9, 2.1, 1.5, 0.8, 0.8, 0.1, -0.2, 0.3, -0.1, -0.6, -0.2, -1.1, -1.1, -1.0, -0.3, -1.0, -1.5, -0.7, -0.1, 0.3]"
20260828,05,11,1,45.4,"[[""1-5-4"", 0.0636], [""1-4-5"", 0.0584], [""1-5-2"", 0.0651], [""1-2-5"", 0.0562], [""1-4-2"", 0.0478], [""1-2-4"", 0.045], [""1-5-3"", 0.0421], [""1-5-6"", 0.0418], [""1-3-5"", 0.0335]]",5,27.5,"[[""5-1-4"", 0.017], [""5-1-2"", 0.0174], [""5-1-3"", 0.0113], [""5-1-6"", 0.0112]]","[[""1-6-5"", 0.0333], [""1-4-3"", 0.031], [""1-4-6"", 0.0307], [""1-3-4"", 0.0268]]",,,False,False,0.7866,強,"{""逃げ"": 67.0, ""まくり"": 10.6, ""まくり差し"": 9.3, ""差し"": 8.3, ""抜き"": 4.3, ""恵まれ"": 0.6}","[""0〜600円"", ""600〜750円"", ""750〜900円"", ""900〜1050円"", ""1050〜1220円"", ""1220〜1410円"", ""1410〜1640円"", ""1640〜1890円"", ""1890〜2200円"", ""2200〜2560円"", ""2560〜3020円"", ""3020〜3580円"", ""3580〜4290円"", ""4290〜5220円"", ""5220〜6490円"", ""6490〜8310円"", ""8310〜11220円"", ""11220〜16240円"", ""16240〜28268円"", ""28268円〜""]","[6.9, 7.1, 6.5, 5.8, 5.8, 5.1, 4.8, 5.3, 4.9, 4.4, 4.8, 3.9, 3.9, 4.0, 4.7, 4.0, 3.5, 4.3, 4.9, 5.3]","[1.9, 2.1, 1.5, 0.8, 0.8, 0.1, -0.2, 0.3, -0.1, -0.6, -0.2, -1.1, -1.1, -1.0, -0.3, -1.0, -1.5, -0.7, -0.1, 0.3]"
20260828,05,12,1,61.8,"[[""1-2-4"", 0.057], [""1-4-2"", 0.0498], [""1-2-3"", 0.0607], [""1-3-2"", 0.0506], [""1-2-5"", 0.05], [""1-5-2"", 0.04], [""1-4-3"", 0.0372], [""1-3-4"", 0.0355], [""1-4-5"", 0.0306]]",2,28.7,"[[""2-1-4"", 0.0224], [""2-1-3"", 0.0239], [""2-1-5"", 0.0197], [""2-1-6"", 0.0117]]","[[""1-2-6"", 0.0298], [""1-5-4"", 0.028], [""1-3-5"", 0.0244], [""4-1-2"", 0.0189]]",,,False,False,0.7866,強,"{""逃げ"": 67.0, ""まくり"": 10.6, ""まくり差し"": 9.3, ""差し"": 8.3, ""抜き"": 4.3, ""恵まれ"": 0.6}","[""0〜600円"", ""600〜750円"", ""750〜900円"", ""900〜1050円"", ""1050〜1220円"", ""1220〜1410円"", ""1410〜1640円"", ""1640〜1890円"", ""1890〜2200円"", ""2200〜2560円"", ""2560〜3020円"", ""3020〜3580円"", ""3580〜4290円"", ""4290〜5220円"", ""5220〜6490円"", ""6490〜8310円"", ""8310〜11220円"", ""11220〜16240円"", ""16240〜28268円"", ""28268円〜""]","[6.9, 7.1, 6.5, 5.8, 5.8, 5.1, 4.8, 5.3, 4.9, 4.4, 4.8, 3.9, 3.9, 4.0, 4.7, 4.0, 3.5, 4.3, 4.9, 5.3]","[1.9, 2.1, 1.5, 0.8, 0.8, 0.1, -0.2, 0.3, -0.1, -0.6, -0.2, -1.1, -1.1, -1.0, -0.3, -1.0, -1.5, -0.7, -0.1, 0.3]"
20260828,07,1,1,62.7,"[[""1-4-2"", 0.0931], [""1-4-3"", 0.0495], [""1-4-5"", 0.0286], [""1-4-6"", 0.0166]]",4,26.6,"[[""4-1-2"", 0.0719], [""4-1-3"", 0.0383], [""4-1-5"", 0.0221], [""4-1-6"", 0.0128]]","[[""1-2-4"", 0.0669], [""2-1-4"", 0.0448], [""4-2-1"", 0.0366], [""2-4-1"", 0.0317]]",1-4,0.3778,False,False,0.7866,弱,"{""逃げ"": 34.9, ""まくり"": 26.0, ""まくり差し"": 16.1, ""差し"": 15.1, ""抜き"": 7.1, ""恵まれ"": 0.8}","[""0〜600円"", ""600〜750円"", ""750〜900円"", ""900〜1050円"", ""1050〜1220円"", ""1220〜1410円"", ""1410〜1640円"", ""1640〜1890円"", ""1890〜2200円"", ""2200〜2560円"", ""2560〜3020円"", ""3020〜3580円"", ""3580〜4290円"", ""4290〜5220円"", ""5220〜6490円"", ""6490〜8310円"", ""8310〜11220円"", ""11220〜16240円"", ""16240〜28268円"", ""28268円〜""]","[0.9, 2.8, 3.2, 4.1, 4.2, 4.8, 6.0, 5.3, 6.0, 5.1, 5.1, 6.2, 5.4, 6.5, 7.6, 6.7, 5.7, 5.7, 5.3, 3.3]","[-4.1, -2.2, -1.8, -0.9, -0.8, -0.2, 1.0, 0.3, 1.0, 0.1, 0.1, 1.2, 0.4, 1.5, 2.6, 1.7, 0.7, 0.7, 0.3, -1.7]"
20260828,07,2,1,65.3,"[[""1-5-2"", 0.1138], [""1-5-3"", 0.0347], [""1-5-6"", 0.0203], [""1-5-4"", 0.0104]]",5,31.7,"[[""5-1-2"", 0.0776], [""5-1-3"", 0.0237], [""5-1-6"", 0.0138]]","[[""1-2-5"", 0.1033], [""2-1-5"", 0.0678], [""5-2-1"", 0.0401], [""2-5-1"", 0.0386]]",1-5,0.3534,False,False,0.7866,弱,"{""逃げ"": 34.9, ""まくり"": 26.0, ""まくり差し"": 16.1, ""差し"": 15.1, ""抜き"": 7.1, ""恵まれ"": 0.8}","[""0〜600円"", ""600〜750円"", ""750〜900円"", ""900〜1050円"", ""1050〜1220円"", ""1220〜1410円"", ""1410〜1640円"", ""1640〜1890円"", ""1890〜2200円"", ""2200〜2560円"", ""2560〜3020円"", ""3020〜3580円"", ""3580〜4290円"", ""4290〜5220円"", ""5220〜6490円"", ""6490〜8310円"", ""8310〜11220円"", ""11220〜16240円"", ""16240〜28268円"", ""28268円〜""]","[0.9, 2.8, 3.2, 4.1, 4.2, 4.8, 6.0, 5.3, 6.0, 5.1, 5.1, 6.2, 5.4, 6.5, 7.6, 6.7, 5.7, 5.7, 5.3, 3.3]","[-4.1, -2.2, -1.8, -0.9, -0.8, -0.2, 1.0, 0.3, 1.0, 0.1, 0.1, 1.2, 0.4, 1.5, 2.6, 1.7, 0.7, 0.7, 0.3, -1.7]"
20260828,07,3,3,46.4,"[[""3-5-2"", 0.0396], [""3-2-5"", 0.0395], [""3-5-1"", 0.0353], [""3-2-1"", 0.0351], [""3-5-4"", 0.013], [""3-2-4"", 0.0129]]",2,30.0,"[[""2-3-5"", 0.0362], [""2-5-3"", 0.032], [""2-3-1"", 0.0322], [""2-5-1"", 0.0224], [""2-3-4"", 0.0118]]","[[""5-3-2"", 0.0364], [""5-2-3"", 0.032], [""5-3-1"", 0.0325], [""3-1-5"", 0.0307]]",,,False,False,0.7866,強,"{""逃げ"": 68.6, ""まくり差し"": 11.8, ""まくり"": 9.6, ""差し"": 4.8, ""抜き"": 4.1, ""恵まれ"": 1.0}","[""0〜600円"", ""600〜750円"", ""750〜900円"", ""900〜1050円"", ""1050〜1220円"", ""1220〜1410円"", ""1410〜1640円"", ""1640〜1890円"", ""1890〜2200円"", ""2200〜2560円"", ""2560〜3020円"", ""3020〜3580円"", ""3580〜4290円"", ""4290〜5220円"", ""5220〜6490円"", ""6490〜8310円"", ""8310〜11220円"", ""11220〜16240円"", ""16240〜28268円"", ""28268円〜""]","[9.4, 8.0, 6.8, 5.7, 5.6, 5.4, 5.2, 5.2, 4.6, 5.0, 5.2, 3.8, 3.8, 4.0, 3.2, 3.9, 3.3, 3.6, 3.9, 4.5]","[4.4, 3.0, 1.8, 0.7, 0.6, 0.4, 0.2, 0.2, -0.4, 0.0, 0.2, -1.2, -1.2, -1.0, -1.8, -1.1, -1.7, -1.4, -1.1, -0.5]"
20260828,07,4,3,50.7,"[[""3-6-1"", 0.0335], [""3-1-6"", 0.0291], [""3-6-4"", 0.031], [""3-4-6"", 0.0248], [""3-6-2"", 0.0227], [""3-6-5"", 0.0206], [""3-1-4"", 0.0189], [""3-4-1"", 0.0174], [""3-2-6"", 0.0171]]",1,42.4,"[[""1-3-6"", 0.0227], [""1-3-4"", 0.0148], [""1-3-2"", 0.0108]]","[[""6-3-1"", 0.0284], [""6-3-4"", 0.0263], [""6-1-3"", 0.0199], [""1-6-3"", 0.0183]]",,,False,False,0.7866,中,"{""逃げ"": 54.5, ""まくり"": 16.2, ""まくり差し"": 14.2, ""差し"": 9.2, ""抜き"": 5.5, ""恵まれ"": 0.5}","[""0〜600円"", ""600〜750円"", ""750〜900円"", ""900〜1050円"", ""1050〜1220円"", ""1220〜1410円"", ""1410〜1640円"", ""1640〜1890円"", ""1890〜2200円"", ""2200〜2560円"", ""2560〜3020円"", ""3020〜3580円"", ""3580〜4290円"", ""4290〜5220円"", ""5220〜6490円"", ""6490〜8310円"", ""8310〜11220円"", ""11220〜16240円"", ""16240〜28268円"", ""28268円〜""]","[5.3, 6.3, 5.5, 4.8, 5.8, 4.9, 5.9, 4.8, 4.8, 4.6, 5.5, 5.3, 4.3, 4.3, 4.5, 4.1, 5.6, 4.1, 5.2, 4.5]","[0.3, 1.3, 0.5, -0.2, 0.8, -0.1, 0.9, -0.2, -0.2, -0.4, 0.5, 0.3, -0.7, -0.7, -0.5, -0.9, 0.6, -0.9, 0.2, -0.5]"
20260828,07,5,1,54.4,"[[""1-4-2"", 0.0815], [""1-2-4"", 0.0772], [""1-4-5"", 0.0421], [""1-2-5"", 0.0359], [""1-4-3"", 0.0329], [""1-2-3"", 0.028], [""1-4-6"", 0.0277], [""1-2-6"", 0.0236]]",2,27.8,"[[""2-1-4"", 0.0379], [""2-1-5"", 0.0176], [""2-1-3"", 0.0138], [""2-1-6"", 0.0116]]","[[""4-1-2"", 0.0407], [""1-5-4"", 0.0311], [""1-5-2"", 0.028], [""1-3-4"", 0.0235]]",,,False,False,0.7866,中,"{""逃げ"": 54.5, ""まくり"": 16.2, ""まくり差し"": 14.2, ""差し"": 9.2, ""抜き"": 5.5, ""恵まれ"": 0.5}","[""0〜600円"", ""600〜750円"", ""750〜900円"", ""900〜1050円"", ""1050〜1220円"", ""1220〜1410円"", ""1410〜1640円"", ""1640〜1890円"", ""1890〜2200円"", ""2200〜2560円"", ""2560〜3020円"", ""3020〜3580円"", ""3580〜4290円"", ""4290〜5220円"", ""5220〜6490円"", ""6490〜8310円"", ""8310〜11220円"", ""11220〜16240円"", ""16240〜28268円"", ""28268円〜""]","[5.3, 6.3, 5.5, 4.8, 5.8, 4.9, 5.9, 4.8, 4.8, 4.6, 5.5, 5.3, 4.3, 4.3, 4.5, 4.1, 5.6, 4.1, 5.2, 4.5]","[0.3, 1.3, 0.5, -0.2, 0.8, -0.1, 0.9, -0.2, -0.2, -0.4, 0.5, 0.3, -0.7, -0.7, -0.5, -0.9, 0.6, -0.9, 0.2, -0.5]"
20260828,07,6,1,64.8,"[[""1-2-6"", 0.1412], [""1-2-4"", 0.0269], [""1-2-3"", 0.0209]]",2,25.2,"[[""2-1-6"", 0.0978], [""2-1-4"", 0.0186], [""2-1-3"", 0.0145]]","[[""1-6-2"", 0.1183], [""6-1-2"", 0.0767], [""2-6-1"", 0.0474], [""6-2-1"", 0.0444]]",1-2,0.3988,False,False,0.7866,中,"{""逃げ"": 54.5, ""まくり"": 16.2, ""まくり差し"": 14.2, ""差し"": 9.2, ""抜き"": 5.5, ""恵まれ"": 0.5}","[""0〜600円"", ""600〜750円"", ""750〜900円"", ""900〜1050円"", ""1050〜1220円"", ""1220〜1410円"", ""1410〜1640円"", ""1640〜1890円"", ""1890〜2200円"", ""2200〜2560円"", ""2560〜3020円"", ""3020〜3580円"", ""3580〜4290円"", ""4290〜5220円"", ""5220〜6490円"", ""6490〜8310円"", ""8310〜11220円"", ""11220〜16240円"", ""16240〜28268円"", ""28268円〜""]","[5.3, 6.3, 5.5, 4.8, 5.8, 4.9, 5.9, 4.8, 4.8, 4.6, 5.5, 5.3, 4.3, 4.3, 4.5, 4.1, 5.6, 4.1, 5.2, 4.5]","[0.3, 1.3, 0.5, -0.2, 0.8, -0.1, 0.9, -0.2, -0.2, -0.4, 0.5, 0.3, -0.7, -0.7, -0.5, -0.9, 0.6, -0.9, 0.2, -0.5]"
20260828,07,7,1,41.4,"[[""1-3-4"", 0.1544], [""1-3-2"", 0.0713], [""1-3-5"", 0.0339], [""1-3-6"", 0.0271]]",3,35.6,"[[""3-1-4"", 0.0902], [""3-1-2"", 0.0417], [""3-1-5"", 0.0198], [""3-1-6"", 0.0158]]","[[""1-4-3"", 0.0888], [""4-1-3"", 0.0437], [""1-2-3"", 0.0339], [""3-4-1"", 0.0266]]",1-3,0.5074,False,True,0.8218,強,"{""逃げ"": 68.6, ""まくり差し"": 11.8, ""まくり"": 9.6, ""差し"": 4.8, ""抜き"": 4.1, ""恵まれ"": 1.0}","[""0〜600円"", ""600〜750円"", ""750〜900円"", ""900〜1050円"", ""1050〜1220円"", ""1220〜1410円"", ""1410〜1640円"", ""1640〜1890円"", ""1890〜2200円"", ""2200〜2560円"", ""2560〜3020円"", ""3020〜3580円"", ""3580〜4290円"", ""4290〜5220円"", ""5220〜6490円"", ""6490〜8310円"", ""8310〜11220円"", ""11220〜16240円"", ""16240〜28268円"", ""28268円〜""]","[9.4, 8.0, 6.8, 5.7, 5.6, 5.4, 5.2, 5.2, 4.6, 5.0, 5.2, 3.8, 3.8, 4.0, 3.2, 3.9, 3.3, 3.6, 3.9, 4.5]","[4.4, 3.0, 1.8, 0.7, 0.6, 0.4, 0.2, 0.2, -0.4, 0.0, 0.2, -1.2, -1.2, -1.0, -1.8, -1.1, -1.7, -1.4, -1.1, -0.5]"
20260828,07,8,1,65.1,"[[""1-4-5"", 0.1059], [""1-4-2"", 0.0958], [""1-4-3"", 0.0333], [""1-4-6"", 0.0206]]",4,20.3,"[[""4-1-5"", 0.0483], [""4-1-2"", 0.0437], [""4-1-3"", 0.0152]]","[[""1-5-4"", 0.0775], [""1-2-4"", 0.0637], [""5-1-4"", 0.0324], [""1-5-2"", 0.0395]]",1-4,0.4139,False,False,0.7866,中,"{""逃げ"": 54.5, ""まくり"": 16.2, ""まくり差し"": 14.2, ""差し"": 9.2, ""抜き"": 5.5, ""恵まれ"": 0.5}","[""0〜600円"", ""600〜750円"", ""750〜900円"", ""900〜1050円"", ""1050〜1220円"", ""1220〜1410円"", ""1410〜1640円"", ""1640〜1890円"", ""1890〜2200円"", ""2200〜2560円"", ""2560〜3020円"", ""3020〜3580円"", ""3580〜4290円"", ""4290〜5220円"", ""5220〜6490円"", ""6490〜8310円"", ""8310〜11220円"", ""11220〜16240円"", ""16240〜28268円"", ""28268円〜""]","[5.3, 6.3, 5.5, 4.8, 5.8, 4.9, 5.9, 4.8, 4.8, 4.6, 5.5, 5.3, 4.3, 4.3, 4.5, 4.1, 5.6, 4.1, 5.2, 4.5]","[0.3, 1.3, 0.5, -0.2, 0.8, -0.1, 0.9, -0.2, -0.2, -0.4, 0.5, 0.3, -0.7, -0.7, -0.5, -0.9, 0.6, -0.9, 0.2, -0.5]"
20260828,07,9,1,58.4,"[[""1-4-2"", 0.1164], [""1-4-3"", 0.0579], [""1-4-5"", 0.0523], [""1-4-6"", 0.0326]]",4,31.7,"[[""4-1-2"", 0.0446], [""4-1-3"", 0.0222], [""4-1-5"", 0.0201], [""4-1-6"", 0.0125]]","[[""1-2-4"", 0.0927], [""2-1-4"", 0.0337], [""1-3-4"", 0.037], [""1-5-4"", 0.033]]",1-4,0.4023,False,False,0.7866,強,"{""逃げ"": 68.6, ""まくり差し"": 11.8, ""まくり"": 9.6, ""差し"": 4.8, ""抜き"": 4.1, ""恵まれ"": 1.0}","[""0〜600円"", ""600〜750円"", ""750〜900円"", ""900〜1050円"", ""1050〜1220円"", ""1220〜1410円"", ""1410〜1640円"", ""1640〜1890円"", ""1890〜2200円"", ""2200〜2560円"", ""2560〜3020円"", ""3020〜3580円"", ""3580〜4290円"", ""4290〜5220円"", ""5220〜6490円"", ""6490〜8310円"", ""8310〜11220円"", ""11220〜16240円"", ""16240〜28268円"", ""28268円〜""]","[9.4, 8.0, 6.8, 5.7, 5.6, 5.4, 5.2, 5.2, 4.6, 5.0, 5.2, 3.8, 3.8, 4.0, 3.2, 3.9, 3.3, 3.6, 3.9, 4.5]","[4.4, 3.0, 1.8, 0.7, 0.6, 0.4, 0.2, 0.2, -0.4, 0.0, 0.2, -1.2, -1.2, -1.0, -1.8, -1.1, -1.7, -1.4, -1.1, -0.5]"
20260828,07,10,1,41.8,"[[""1-4-2"", 0.0791], [""1-4-3"", 0.0876], [""1-4-5"", 0.082], [""1-4-6"", 0.0476]]",4,18.8,"[[""4-1-2"", 0.0185], [""4-1-3"", 0.0205], [""4-1-5"", 0.0192], [""4-1-6"", 0.0111]]","[[""1-2-4"", 0.0581], [""1-3-4"", 0.0625], [""1-5-4"", 0.0577], [""1-6-4"", 0.0311]]",1-4,0.3922,False,False,0.7866,強,"{""逃げ"": 68.6, ""まくり差し"": 11.8, ""まくり"": 9.6, ""差し"": 4.8, ""抜き"": 4.1, ""恵まれ"": 1.0}","[""0〜600円"", ""600〜750円"", ""750〜900円"", ""900〜1050円"", ""1050〜1220円"", ""1220〜1410円"", ""1410〜1640円"", ""1640〜1890円"", ""1890〜2200円"", ""2200〜2560円"", ""2560〜3020円"", ""3020〜3580円"", ""3580〜4290円"", ""4290〜5220円"", ""5220〜6490円"", ""6490〜8310円"", ""8310〜11220円"", ""11220〜16240円"", ""16240〜28268円"", ""28268円〜""]","[9.4, 8.0, 6.8, 5.7, 5.6, 5.4, 5.2, 5.2, 4.6, 5.0, 5.2, 3.8, 3.8, 4.0, 3.2, 3.9, 3.3, 3.6, 3.9, 4.5]","[4.4, 3.0, 1.8, 0.7, 0.6, 0.4, 0.2, 0.2, -0.4, 0.0, 0.2, -1.2, -1.2, -1.0, -1.8, -1.1, -1.7, -1.4, -1.1, -0.5]"
20260828,07,11,1,41.0,"[[""1-4-5"", 0.1241], [""1-4-2"", 0.1496], [""1-4-6"", 0.0798], [""1-4-3"", 0.0568]]",4,26.5,"[[""4-1-5"", 0.0472], [""4-1-2"", 0.0569], [""4-1-6"", 0.0303], [""4-1-3"", 0.0216]]","[[""1-5-4"", 0.0513], [""1-2-4"", 0.0614], [""1-6-4"", 0.0307], [""1-3-4"", 0.0215]]",1-4,0.6128,True,False,0.7866,強,"{""逃げ"": 68.6, ""まくり差し"": 11.8, ""まくり"": 9.6, ""差し"": 4.8, ""抜き"": 4.1, ""恵まれ"": 1.0}","[""0〜600円"", ""600〜750円"", ""750〜900円"", ""900〜1050円"", ""1050〜1220円"", ""1220〜1410円"", ""1410〜1640円"", ""1640〜1890円"", ""1890〜2200円"", ""2200〜2560円"", ""2560〜3020円"", ""3020〜3580円"", ""3580〜4290円"", ""4290〜5220円"", ""5220〜6490円"", ""6490〜8310円"", ""8310〜11220円"", ""11220〜16240円"", ""16240〜28268円"", ""28268円〜""]","[9.4, 8.0, 6.8, 5.7, 5.6, 5.4, 5.2, 5.2, 4.6, 5.0, 5.2, 3.8, 3.8, 4.0, 3.2, 3.9, 3.3, 3.6, 3.9, 4.5]","[4.4, 3.0, 1.8, 0.7, 0.6, 0.4, 0.2, 0.2, -0.4, 0.0, 0.2, -1.2, -1.2, -1.0, -1.8, -1.1, -1.7, -1.4, -1.1, -0.5]"
20260828,07,12,1,58.1,"[[""1-4-2"", 0.0543], [""1-4-5"", 0.061], [""1-2-4"", 0.0465], [""1-4-3"", 0.0537], [""1-5-4"", 0.0505], [""1-3-4"", 0.0433], [""1-2-5"", 0.0345], [""1-5-2"", 0.0334], [""1-2-3"", 0.0304]]",4,21.1,"[[""4-1-2"", 0.0232], [""4-1-5"", 0.026], [""4-1-3"", 0.0229], [""4-1-6"", 0.0107]]","[[""1-3-2"", 0.0286], [""1-5-3"", 0.026], [""1-3-5"", 0.0253], [""1-4-6"", 0.025]]",,,False,False,0.7866,強,"{""逃げ"": 68.6, ""まくり差し"": 11.8, ""まくり"": 9.6, ""差し"": 4.8, ""抜き"": 4.1, ""恵まれ"": 1.0}","[""0〜600円"", ""600〜750円"", ""750〜900円"", ""900〜1050円"", ""1050〜1220円"", ""1220〜1410円"", ""1410〜1640円"", ""1640〜1890円"", ""1890〜2200円"", ""2200〜2560円"", ""2560〜3020円"", ""3020〜3580円"", ""3580〜4290円"", ""4290〜5220円"", ""5220〜6490円"", ""6490〜8310円"", ""8310〜11220円"", ""11220〜16240円"", ""16240〜28268円"", ""28268円〜""]","[9.4, 8.0, 6.8, 5.7, 5.6, 5.4, 5.2, 5.2, 4.6, 5.0, 5.2, 3.8, 3.8, 4.0, 3.2, 3.9, 3.3, 3.6, 3.9, 4.5]","[4.4, 3.0, 1.8, 0.7, 0.6, 0.4, 0.2, 0.2, -0.4, 0.0, 0.2, -1.2, -1.2, -1.0, -1.8, -1.1, -1.7, -1.4, -1.1, -0.5]"
20260828,09,1,1,65.3,"[[""1-4-2"", 0.0865], [""1-2-4"", 0.0835], [""1-4-5"", 0.0675], [""1-2-5"", 0.0601], [""1-5-4"", 0.0568], [""1-4-3"", 0.0568], [""1-5-2"", 0.0524], [""1-2-3"", 0.0505], [""1-3-4"", 0.0461]]",4,26.8,"[[""4-1-2"", 0.0198], [""4-1-5"", 0.0155], [""4-1-3"", 0.013]]","[[""1-3-2"", 0.0425], [""1-5-3"", 0.0282], [""1-3-5"", 0.0273], [""2-1-4"", 0.019]]",,,False,True,0.8218,強,"{""逃げ"": 68.7, ""まくり差し"": 8.9, ""差し"": 8.2, ""まくり"": 7.8, ""抜き"": 5.6, ""恵まれ"": 0.8}","[""0〜600円"", ""600〜750円"", ""750〜900円"", ""900〜1050円"", ""1050〜1220円"", ""1220〜1410円"", ""1410〜1640円"", ""1640〜1890円"", ""1890〜2200円"", ""2200〜2560円"", ""2560〜3020円"", ""3020〜3580円"", ""3580〜4290円"", ""4290〜5220円"", ""5220〜6490円"", ""6490〜8310円"", ""8310〜11220円"", ""11220〜16240円"", ""16240〜28268円"", ""28268円〜""]","[11.4, 7.8, 7.1, 5.8, 5.3, 5.2, 5.0, 5.1, 3.9, 4.7, 4.4, 4.5, 3.7, 3.7, 3.8, 2.8, 3.1, 3.1, 4.5, 5.1]","[6.4, 2.8, 2.1, 0.8, 0.3, 0.2, 0.0, 0.1, -1.1, -0.3, -0.6, -0.5, -1.3, -1.3, -1.2, -2.2, -1.9, -1.9, -0.5, 0.1]"
20260828,09,2,2,59.0,"[[""2-1-5"", 0.0269], [""2-1-4"", 0.0338], [""2-5-1"", 0.0224], [""2-4-1"", 0.0281], [""2-1-3"", 0.0216], [""2-5-4"", 0.0179], [""2-4-5"", 0.0179], [""2-3-1"", 0.0162], [""2-5-3"", 0.0115]]",1,,"[[""1-2-5"", 0.0265], [""1-2-4"", 0.0333], [""1-5-2"", 0.0216], [""1-4-2"", 0.0271], [""1-2-3"", 0.0213], [""1-5-4"", 0.0166]]","[[""5-2-1"", 0.0196], [""4-2-1"", 0.0245], [""5-1-2"", 0.0192], [""4-1-2"", 0.024]]",,,False,False,0.7866,中,"{""逃げ"": 54.0, ""まくり差し"": 14.2, ""差し"": 13.1, ""まくり"": 11.8, ""抜き"": 6.2, ""恵まれ"": 0.8}","[""0〜600円"", ""600〜750円"", ""750〜900円"", ""900〜1050円"", ""1050〜1220円"", ""1220〜1410円"", ""1410〜1640円"", ""1640〜1890円"", ""1890〜2200円"", ""2200〜2560円"", ""2560〜3020円"", ""3020〜3580円"", ""3580〜4290円"", ""4290〜5220円"", ""5220〜6490円"", ""6490〜8310円"", ""8310〜11220円"", ""11220〜16240円"", ""16240〜28268円"", ""28268円〜""]","[5.2, 5.5, 5.2, 5.1, 4.9, 5.1, 4.5, 4.9, 5.0, 5.3, 6.2, 5.5, 4.8, 4.6, 4.4, 4.4, 5.0, 4.4, 4.8, 5.1]","[0.2, 0.5, 0.2, 0.1, -0.1, 0.1, -0.5, -0.1, 0.0, 0.3, 1.2, 0.5, -0.2, -0.4, -0.6, -0.6, 0.0, -0.6, -0.2, 0.1]"
20260828,09,3,1,50.0,"[[""1-3-6"", 0.0421], [""1-3-4"", 0.035], [""1-3-5"", 0.0221], [""1-3-2"", 0.015]]",3,25.8,"[[""3-1-6"", 0.0401], [""3-1-4"", 0.0333], [""3-1-5"", 0.021], [""3-1-2"", 0.0143]]","[[""1-6-3"", 0.0337], [""3-6-1"", 0.0301], [""6-1-3"", 0.0282], [""6-3-1"", 0.0264]]",1-3,0.2454,False,False,0.7866,弱,"{""逃げ"": 34.7, ""差し"": 20.3, ""まくり"": 18.5, ""まくり差し"": 17.2, ""抜き"": 8.1, ""恵まれ"": 1.1}","[""0〜600円"", ""600〜750円"", ""750〜900円"", ""900〜1050円"", ""1050〜1220円"", ""1220〜1410円"", ""1410〜1640円"", ""1640〜1890円"", ""1890〜2200円"", ""2200〜2560円"", ""2560〜3020円"", ""3020〜3580円"", ""3580〜4290円"", ""4290〜5220円"", ""5220〜6490円"", ""6490〜8310円"", ""8310〜11220円"", ""11220〜16240円"", ""16240〜28268円"", ""28268円〜""]","[1.4, 2.2, 2.6, 3.3, 4.3, 4.3, 4.8, 5.4, 5.6, 5.1, 5.5, 7.7, 5.4, 6.3, 5.7, 7.0, 7.0, 6.1, 5.8, 4.4]","[-3.6, -2.8, -2.4, -1.7, -0.7, -0.7, -0.2, 0.4, 0.6, 0.1, 0.5, 2.7, 0.4, 1.3, 0.7, 2.0, 2.0, 1.1, 0.8, -0.6]"
20260828,09,4,1,39.8,"[[""1-3-2"", 0.0485], [""1-2-3"", 0.0449], [""1-3-5"", 0.0492], [""1-5-3"", 0.0429], [""1-2-5"", 0.0382], [""1-5-2"", 0.0359], [""1-3-4"", 0.0246], [""1-2-4"", 0.0191], [""1-4-3"", 0.0187]]",3,34.8,"[[""3-1-2"", 0.0331], [""3-1-5"", 0.0336], [""3-1-4"", 0.0168]]","[[""2-1-3"", 0.0296], [""5-1-3"", 0.0274], [""2-1-5"", 0.0251], [""5-1-2"", 0.023]]",,,False,True,0.8218,弱,"{""逃げ"": 34.7, ""差し"": 20.3, ""まくり"": 18.5, ""まくり差し"": 17.2, ""抜き"": 8.1, ""恵まれ"": 1.1}","[""0〜600円"", ""600〜750円"", ""750〜900円"", ""900〜1050円"", ""1050〜1220円"", ""1220〜1410円"", ""1410〜1640円"", ""1640〜1890円"", ""1890〜2200円"", ""2200〜2560円"", ""2560〜3020円"", ""3020〜3580円"", ""3580〜4290円"", ""4290〜5220円"", ""5220〜6490円"", ""6490〜8310円"", ""8310〜11220円"", ""11220〜16240円"", ""16240〜28268円"", ""28268円〜""]","[1.4, 2.2, 2.6, 3.3, 4.3, 4.3, 4.8, 5.4, 5.6, 5.1, 5.5, 7.7, 5.4, 6.3, 5.7, 7.0, 7.0, 6.1, 5.8, 4.4]","[-3.6, -2.8, -2.4, -1.7, -0.7, -0.7, -0.2, 0.4, 0.6, 0.1, 0.5, 2.7, 0.4, 1.3, 0.7, 2.0, 2.0, 1.1, 0.8, -0.6]"
20260828,09,5,1,54.6,"[[""1-3-2"", 0.1065], [""1-3-4"", 0.0238], [""1-3-5"", 0.0194], [""1-3-6"", 0.0165]]",3,23.6,"[[""3-1-2"", 0.0784], [""3-1-4"", 0.0175], [""3-1-5"", 0.0143], [""3-1-6"", 0.0122]]","[[""1-2-3"", 0.0997], [""2-1-3"", 0.0714], [""3-2-1"", 0.0462], [""2-3-1"", 0.0449]]",1-3,0.3287,False,True,0.8218,中,"{""逃げ"": 54.0, ""まくり差し"": 14.2, ""差し"": 13.1, ""まくり"": 11.8, ""抜き"": 6.2, ""恵まれ"": 0.8}","[""0〜600円"", ""600〜750円"", ""750〜900円"", ""900〜1050円"", ""1050〜1220円"", ""1220〜1410円"", ""1410〜1640円"", ""1640〜1890円"", ""1890〜2200円"", ""2200〜2560円"", ""2560〜3020円"", ""3020〜3580円"", ""3580〜4290円"", ""4290〜5220円"", ""5220〜6490円"", ""6490〜8310円"", ""8310〜11220円"", ""11220〜16240円"", ""16240〜28268円"", ""28268円〜""]","[5.2, 5.5, 5.2, 5.1, 4.9, 5.1, 4.5, 4.9, 5.0, 5.3, 6.2, 5.5, 4.8, 4.6, 4.4, 4.4, 5.0, 4.4, 4.8, 5.1]","[0.2, 0.5, 0.2, 0.1, -0.1, 0.1, -0.5, -0.1, 0.0, 0.3, 1.2, 0.5, -0.2, -0.4, -0.6, -0.6, 0.0, -0.6, -0.2, 0.1]"
20260828,09,6,1,37.5,"[[""1-4-5"", 0.0783], [""1-4-3"", 0.0554], [""1-4-2"", 0.0252], [""1-4-6"", 0.0203]]",4,28.6,"[[""4-1-5"", 0.072], [""4-1-3"", 0.051], [""4-1-2"", 0.0232], [""4-1-6"", 0.0187]]","[[""1-5-4"", 0.0484], [""4-5-1"", 0.04], [""5-1-4"", 0.0351], [""5-4-1"", 0.0315]]",1-4,0.385,False,False,0.7866,弱,"{""逃げ"": 34.7, ""差し"": 20.3, ""まくり"": 18.5, ""まくり差し"": 17.2, ""抜き"": 8.1, ""恵まれ"": 1.1}","[""0〜600円"", ""600〜750円"", ""750〜900円"", ""900〜1050円"", ""1050〜1220円"", ""1220〜1410円"", ""1410〜1640円"", ""1640〜1890円"", ""1890〜2200円"", ""2200〜2560円"", ""2560〜3020円"", ""3020〜3580円"", ""3580〜4290円"", ""4290〜5220円"", ""5220〜6490円"", ""6490〜8310円"", ""8310〜11220円"", ""11220〜16240円"", ""16240〜28268円"", ""28268円〜""]","[1.4, 2.2, 2.6, 3.3, 4.3, 4.3, 4.8, 5.4, 5.6, 5.1, 5.5, 7.7, 5.4, 6.3, 5.7, 7.0, 7.0, 6.1, 5.8, 4.4]","[-3.6, -2.8, -2.4, -1.7, -0.7, -0.7, -0.2, 0.4, 0.6, 0.1, 0.5, 2.7, 0.4, 1.3, 0.7, 2.0, 2.0, 1.1, 0.8, -0.6]"
20260828,09,7,2,59.7,"[[""2-1-4"", 0.0449], [""2-1-3"", 0.0533], [""2-4-1"", 0.0401], [""2-3-1"", 0.0464], [""2-4-3"", 0.0376], [""2-3-4"", 0.0367], [""2-1-6"", 0.0118]]",3,25.2,"[[""3-2-1"", 0.0366], [""3-2-4"", 0.0289]]","[[""1-2-4"", 0.0383], [""1-2-3"", 0.0455], [""4-2-1"", 0.0321], [""1-4-2"", 0.0275]]",,,False,False,0.7866,強,"{""逃げ"": 68.7, ""まくり差し"": 8.9, ""差し"": 8.2, ""まくり"": 7.8, ""抜き"": 5.6, ""恵まれ"": 0.8}","[""0〜600円"", ""600〜750円"", ""750〜900円"", ""900〜1050円"", ""1050〜1220円"", ""1220〜1410円"", ""1410〜1640円"", ""1640〜1890円"", ""1890〜2200円"", ""2200〜2560円"", ""2560〜3020円"", ""3020〜3580円"", ""3580〜4290円"", ""4290〜5220円"", ""5220〜6490円"", ""6490〜8310円"", ""8310〜11220円"", ""11220〜16240円"", ""16240〜28268円"", ""28268円〜""]","[11.4, 7.8, 7.1, 5.8, 5.3, 5.2, 5.0, 5.1, 3.9, 4.7, 4.4, 4.5, 3.7, 3.7, 3.8, 2.8, 3.1, 3.1, 4.5, 5.1]","[6.4, 2.8, 2.1, 0.8, 0.3, 0.2, 0.0, 0.1, -1.1, -0.3, -0.6, -0.5, -1.3, -1.3, -1.2, -2.2, -1.9, -1.9, -0.5, 0.1]"
20260828,09,8,3,55.0,"[[""3-4-1"", 0.0451], [""3-1-4"", 0.0441], [""3-4-2"", 0.0539], [""3-2-4"", 0.0517], [""3-1-2"", 0.0501], [""3-2-1"", 0.049], [""3-4-6"", 0.0218], [""3-1-6"", 0.0202], [""3-2-6"", 0.0186]]",4,38.0,"[[""4-3-1"", 0.0256], [""4-3-2"", 0.0306], [""4-3-6"", 0.0124]]","[[""1-3-4"", 0.0249], [""2-3-4"", 0.0288], [""1-3-2"", 0.0282], [""2-3-1"", 0.0274]]",,,False,False,0.7866,強,"{""逃げ"": 68.7, ""まくり差し"": 8.9, ""差し"": 8.2, ""まくり"": 7.8, ""抜き"": 5.6, ""恵まれ"": 0.8}","[""0〜600円"", ""600〜750円"", ""750〜900円"", ""900〜1050円"", ""1050〜1220円"", ""1220〜1410円"", ""1410〜1640円"", ""1640〜1890円"", ""1890〜2200円"", ""2200〜2560円"", ""2560〜3020円"", ""3020〜3580円"", ""3580〜4290円"", ""4290〜5220円"", ""5220〜6490円"", ""6490〜8310円"", ""8310〜11220円"", ""11220〜16240円"", ""16240〜28268円"", ""28268円〜""]","[11.4, 7.8, 7.1, 5.8, 5.3, 5.2, 5.0, 5.1, 3.9, 4.7, 4.4, 4.5, 3.7, 3.7, 3.8, 2.8, 3.1, 3.1, 4.5, 5.1]","[6.4, 2.8, 2.1, 0.8, 0.3, 0.2, 0.0, 0.1, -1.1, -0.3, -0.6, -0.5, -1.3, -1.3, -1.2, -2.2, -1.9, -1.9, -0.5, 0.1]"
20260828,09,9,1,54.2,"[[""1-2-5"", 0.1091], [""1-2-4"", 0.126], [""1-2-6"", 0.1198], [""1-2-3"", 0.1094]]",2,36.9,"[[""2-1-5"", 0.0268], [""2-1-4"", 0.031], [""2-1-6"", 0.0295], [""2-1-3"", 0.0269]]","[[""1-5-2"", 0.0454], [""1-4-2"", 0.0518], [""1-6-2"", 0.0491], [""1-3-2"", 0.0444]]",1-2,0.6154,True,False,0.7866,強,"{""逃げ"": 68.7, ""まくり差し"": 8.9, ""差し"": 8.2, ""まくり"": 7.8, ""抜き"": 5.6, ""恵まれ"": 0.8}","[""0〜600円"", ""600〜750円"", ""750〜900円"", ""900〜1050円"", ""1050〜1220円"", ""1220〜1410円"", ""1410〜1640円"", ""1640〜1890円"", ""1890〜2200円"", ""2200〜2560円"", ""2560〜3020円"", ""3020〜3580円"", ""3580〜4290円"", ""4290〜5220円"", ""5220〜6490円"", ""6490〜8310円"", ""8310〜11220円"", ""11220〜16240円"", ""16240〜28268円"", ""28268円〜""]","[11.4, 7.8, 7.1, 5.8, 5.3, 5.2, 5.0, 5.1, 3.9, 4.7, 4.4, 4.5, 3.7, 3.7, 3.8, 2.8, 3.1, 3.1, 4.5, 5.1]","[6.4, 2.8, 2.1, 0.8, 0.3, 0.2, 0.0, 0.1, -1.1, -0.3, -0.6, -0.5, -1.3, -1.3, -1.2, -2.2, -1.9, -1.9, -0.5, 0.1]"
20260828,09,10,1,62.5,"[[""1-3-2"", 0.1239], [""1-3-4"", 0.0459], [""1-3-6"", 0.019], [""1-3-5"", 0.0166]]",3,28.6,"[[""3-1-2"", 0.0864], [""3-1-4"", 0.032], [""3-1-6"", 0.0133], [""3-1-5"", 0.0116]]","[[""1-2-3"", 0.0958], [""2-1-3"", 0.0605], [""3-2-1"", 0.0405], [""2-3-1"", 0.0366]]",1-3,0.3943,False,True,0.8218,中,"{""逃げ"": 54.0, ""まくり差し"": 14.2, ""差し"": 13.1, ""まくり"": 11.8, ""抜き"": 6.2, ""恵まれ"": 0.8}","[""0〜600円"", ""600〜750円"", ""750〜900円"", ""900〜1050円"", ""1050〜1220円"", ""1220〜1410円"", ""1410〜1640円"", ""1640〜1890円"", ""1890〜2200円"", ""2200〜2560円"", ""2560〜3020円"", ""3020〜3580円"", ""3580〜4290円"", ""4290〜5220円"", ""5220〜6490円"", ""6490〜8310円"", ""8310〜11220円"", ""11220〜16240円"", ""16240〜28268円"", ""28268円〜""]","[5.2, 5.5, 5.2, 5.1, 4.9, 5.1, 4.5, 4.9, 5.0, 5.3, 6.2, 5.5, 4.8, 4.6, 4.4, 4.4, 5.0, 4.4, 4.8, 5.1]","[0.2, 0.5, 0.2, 0.1, -0.1, 0.1, -0.5, -0.1, 0.0, 0.3, 1.2, 0.5, -0.2, -0.4, -0.6, -0.6, 0.0, -0.6, -0.2, 0.1]"
20260828,09,11,1,56.9,"[[""1-2-5"", 0.1696], [""1-2-4"", 0.0729], [""1-2-3"", 0.0494], [""1-2-6"", 0.0478]]",2,35.4,"[[""2-1-5"", 0.0463], [""2-1-4"", 0.0199], [""2-1-3"", 0.0135], [""2-1-6"", 0.0131]]","[[""1-5-2"", 0.1153], [""1-4-2"", 0.0396], [""5-1-2"", 0.0296], [""1-5-4"", 0.0269]]",1-2,0.4909,False,False,0.7866,強,"{""逃げ"": 68.7, ""まくり差し"": 8.9, ""差し"": 8.2, ""まくり"": 7.8, ""抜き"": 5.6, ""恵まれ"": 0.8}","[""0〜600円"", ""600〜750円"", ""750〜900円"", ""900〜1050円"", ""1050〜1220円"", ""1220〜1410円"", ""1410〜1640円"", ""1640〜1890円"", ""1890〜2200円"", ""2200〜2560円"", ""2560〜3020円"", ""3020〜3580円"", ""3580〜4290円"", ""4290〜5220円"", ""5220〜6490円"", ""6490〜8310円"", ""8310〜11220円"", ""11220〜16240円"", ""16240〜28268円"", ""28268円〜""]","[11.4, 7.8, 7.1, 5.8, 5.3, 5.2, 5.0, 5.1, 3.9, 4.7, 4.4, 4.5, 3.7, 3.7, 3.8, 2.8, 3.1, 3.1, 4.5, 5.1]","[6.4, 2.8, 2.1, 0.8, 0.3, 0.2, 0.0, 0.1, -1.1, -0.3, -0.6, -0.5, -1.3, -1.3, -1.2, -2.2, -1.9, -1.9, -0.5, 0.1]"
20260828,09,12,1,60.9,"[[""1-2-4"", 0.1175], [""1-2-3"", 0.0399], [""1-2-5"", 0.0368], [""1-2-6"", 0.0298]]",2,29.1,"[[""2-1-4"", 0.1173], [""2-1-3"", 0.0399], [""2-1-5"", 0.0367], [""2-1-6"", 0.0297]]","[[""1-4-2"", 0.0519], [""2-4-1"", 0.0517], [""4-1-2"", 0.0359], [""4-2-1"", 0.0358]]",1-2,0.5113,True,False,0.7866,中,"{""逃げ"": 54.0, ""まくり差し"": 14.2, ""差し"": 13.1, ""まくり"": 11.8, ""抜き"": 6.2, ""恵まれ"": 0.8}","[""0〜600円"", ""600〜750円"", ""750〜900円"", ""900〜1050円"", ""1050〜1220円"", ""1220〜1410円"", ""1410〜1640円"", ""1640〜1890円"", ""1890〜2200円"", ""2200〜2560円"", ""2560〜3020円"", ""3020〜3580円"", ""3580〜4290円"", ""4290〜5220円"", ""5220〜6490円"", ""6490〜8310円"", ""8310〜11220円"", ""11220〜16240円"", ""16240〜28268円"", ""28268円〜""]","[5.2, 5.5, 5.2, 5.1, 4.9, 5.1, 4.5, 4.9, 5.0, 5.3, 6.2, 5.5, 4.8, 4.6, 4.4, 4.4, 5.0, 4.4, 4.8, 5.1]","[0.2, 0.5, 0.2, 0.1, -0.1, 0.1, -0.5, -0.1, 0.0, 0.3, 1.2, 0.5, -0.2, -0.4, -0.6, -0.6, 0.0, -0.6, -0.2, 0.1]"
20260828,10,1,1,55.0,"[[""1-5-2"", 0.1533], [""1-5-4"", 0.0836], [""1-5-3"", 0.0399]]",2,33.7,"[[""2-1-5"", 0.0331], [""2-1-4"", 0.0152]]","[[""1-2-5"", 0.1377], [""1-2-4"", 0.0632], [""1-4-5"", 0.0574], [""1-4-2"", 0.0483]]",,,False,False,0.7866,強,"{""逃げ"": 63.1, ""差し"": 12.2, ""まくり差し"": 9.3, ""まくり"": 9.1, ""抜き"": 5.6, ""恵まれ"": 0.6}","[""0〜600円"", ""600〜750円"", ""750〜900円"", ""900〜1050円"", ""1050〜1220円"", ""1220〜1410円"", ""1410〜1640円"", ""1640〜1890円"", ""1890〜2200円"", ""2200〜2560円"", ""2560〜3020円"", ""3020〜3580円"", ""3580〜4290円"", ""4290〜5220円"", ""5220〜6490円"", ""6490〜8310円"", ""8310〜11220円"", ""11220〜16240円"", ""16240〜28268円"", ""28268円〜""]","[9.0, 7.5, 6.8, 5.9, 5.0, 4.8, 5.6, 4.3, 4.5, 4.1, 4.3, 3.6, 3.5, 4.3, 3.4, 3.6, 3.9, 4.5, 5.6, 5.6]","[4.0, 2.5, 1.8, 0.9, 0.0, -0.2, 0.6, -0.7, -0.5, -0.9, -0.7, -1.4, -1.5, -0.7, -1.6, -1.4, -1.1, -0.5, 0.6, 0.6]"
20260828,10,2,1,54.1,"[[""1-3-4"", 0.0639], [""1-4-3"", 0.056], [""1-3-6"", 0.0702], [""1-3-2"", 0.0628], [""1-6-3"", 0.059], [""1-2-3"", 0.0512], [""1-4-6"", 0.0446], [""1-6-4"", 0.0427], [""1-4-2"", 0.0399]]",4,44.6,"[[""4-1-3"", 0.0216], [""4-1-6"", 0.0172], [""4-1-2"", 0.0154]]","[[""1-2-4"", 0.0371], [""1-6-2"", 0.033], [""3-1-4"", 0.0256], [""1-2-6"", 0.0321]]",,,False,False,0.7866,中,"{""逃げ"": 49.9, ""差し"": 16.5, ""まくり"": 14.2, ""まくり差し"": 11.3, ""抜き"": 7.2, ""恵まれ"": 0.8}","[""0〜600円"", ""600〜750円"", ""750〜900円"", ""900〜1050円"", ""1050〜1220円"", ""1220〜1410円"", ""1410〜1640円"", ""1640〜1890円"", ""1890〜2200円"", ""2200〜2560円"", ""2560〜3020円"", ""3020〜3580円"", ""3580〜4290円"", ""4290〜5220円"", ""5220〜6490円"", ""6490〜8310円"", ""8310〜11220円"", ""11220〜16240円"", ""16240〜28268円"", ""28268円〜""]","[5.4, 5.1, 4.6, 4.3, 4.7, 5.2, 5.2, 4.0, 5.1, 4.9, 5.1, 5.7, 5.3, 5.9, 4.6, 4.9, 4.0, 6.0, 4.2, 6.2]","[0.4, 0.1, -0.4, -0.7, -0.3, 0.2, 0.2, -1.0, 0.1, -0.1, 0.1, 0.7, 0.3, 0.9, -0.4, -0.1, -1.0, 1.0, -0.8, 1.2]"
20260828,10,3,1,44.3,"[[""1-3-2"", 0.1785], [""1-3-6"", 0.1991], [""1-3-4"", 0.1336], [""1-3-5"", 0.0276]]",3,30.3,"[[""3-1-2"", 0.0348], [""3-1-6"", 0.0388], [""3-1-4"", 0.026]]","[[""1-2-3"", 0.061], [""1-6-3"", 0.0673], [""1-4-3"", 0.0435], [""2-1-3"", 0.0107]]",1-3,0.6901,True,True,0.8218,強,"{""逃げ"": 63.1, ""差し"": 12.2, ""まくり差し"": 9.3, ""まくり"": 9.1, ""抜き"": 5.6, ""恵まれ"": 0.6}","[""0〜600円"", ""600〜750円"", ""750〜900円"", ""900〜1050円"", ""1050〜1220円"", ""1220〜1410円"", ""1410〜1640円"", ""1640〜1890円"", ""1890〜2200円"", ""2200〜2560円"", ""2560〜3020円"", ""3020〜3580円"", ""3580〜4290円"", ""4290〜5220円"", ""5220〜6490円"", ""6490〜8310円"", ""8310〜11220円"", ""11220〜16240円"", ""16240〜28268円"", ""28268円〜""]","[9.0, 7.5, 6.8, 5.9, 5.0, 4.8, 5.6, 4.3, 4.5, 4.1, 4.3, 3.6, 3.5, 4.3, 3.4, 3.6, 3.9, 4.5, 5.6, 5.6]","[4.0, 2.5, 1.8, 0.9, 0.0, -0.2, 0.6, -0.7, -0.5, -0.9, -0.7, -1.4, -1.5, -0.7, -1.6, -1.4, -1.1, -0.5, 0.6, 0.6]"
20260828,10,4,1,34.5,"[[""1-3-5"", 0.098], [""1-3-4"", 0.0551], [""1-3-2"", 0.0475], [""1-3-6"", 0.0275]]",3,19.6,"[[""3-1-5"", 0.0454], [""3-1-4"", 0.0255], [""3-1-2"", 0.022], [""3-1-6"", 0.0128]]","[[""1-5-3"", 0.08], [""5-1-3"", 0.035], [""1-4-3"", 0.0368], [""1-2-3"", 0.0311]]",1-3,0.3728,False,False,0.7866,強,"{""逃げ"": 63.1, ""差し"": 12.2, ""まくり差し"": 9.3, ""まくり"": 9.1, ""抜き"": 5.6, ""恵まれ"": 0.6}","[""0〜600円"", ""600〜750円"", ""750〜900円"", ""900〜1050円"", ""1050〜1220円"", ""1220〜1410円"", ""1410〜1640円"", ""1640〜1890円"", ""1890〜2200円"", ""2200〜2560円"", ""2560〜3020円"", ""3020〜3580円"", ""3580〜4290円"", ""4290〜5220円"", ""5220〜6490円"", ""6490〜8310円"", ""8310〜11220円"", ""11220〜16240円"", ""16240〜28268円"", ""28268円〜""]","[9.0, 7.5, 6.8, 5.9, 5.0, 4.8, 5.6, 4.3, 4.5, 4.1, 4.3, 3.6, 3.5, 4.3, 3.4, 3.6, 3.9, 4.5, 5.6, 5.6]","[4.0, 2.5, 1.8, 0.9, 0.0, -0.2, 0.6, -0.7, -0.5, -0.9, -0.7, -1.4, -1.5, -0.7, -1.6, -1.4, -1.1, -0.5, 0.6, 0.6]"
20260828,10,5,1,48.2,"[[""1-4-3"", 0.0611], [""1-4-6"", 0.074], [""1-3-4"", 0.0485], [""1-6-4"", 0.058], [""1-4-2"", 0.0421], [""1-3-6"", 0.0342], [""1-6-3"", 0.0337], [""1-2-4"", 0.0296], [""1-4-5"", 0.0233]]",4,26.0,"[[""4-1-3"", 0.0314], [""4-1-6"", 0.0381], [""4-1-2"", 0.0217], [""4-1-5"", 0.012]]","[[""3-1-4"", 0.0231], [""6-1-4"", 0.0275], [""1-3-2"", 0.0195], [""1-6-2"", 0.0183]]",,,False,False,0.7866,中,"{""逃げ"": 49.9, ""差し"": 16.5, ""まくり"": 14.2, ""まくり差し"": 11.3, ""抜き"": 7.2, ""恵まれ"": 0.8}","[""0〜600円"", ""600〜750円"", ""750〜900円"", ""900〜1050円"", ""1050〜1220円"", ""1220〜1410円"", ""1410〜1640円"", ""1640〜1890円"", ""1890〜2200円"", ""2200〜2560円"", ""2560〜3020円"", ""3020〜3580円"", ""3580〜4290円"", ""4290〜5220円"", ""5220〜6490円"", ""6490〜8310円"", ""8310〜11220円"", ""11220〜16240円"", ""16240〜28268円"", ""28268円〜""]","[5.4, 5.1, 4.6, 4.3, 4.7, 5.2, 5.2, 4.0, 5.1, 4.9, 5.1, 5.7, 5.3, 5.9, 4.6, 4.9, 4.0, 6.0, 4.2, 6.2]","[0.4, 0.1, -0.4, -0.7, -0.3, 0.2, 0.2, -1.0, 0.1, -0.1, 0.1, 0.7, 0.3, 0.9, -0.4, -0.1, -1.0, 1.0, -0.8, 1.2]"
20260828,10,6,1,39.6,"[[""1-4-5"", 0.087], [""1-4-3"", 0.0921], [""1-4-2"", 0.0361], [""1-4-6"", 0.0176]]",4,33.0,"[[""4-1-5"", 0.061], [""4-1-3"", 0.0646], [""4-1-2"", 0.0253], [""4-1-6"", 0.0124]]","[[""1-5-4"", 0.0518], [""1-3-4"", 0.0527], [""5-1-4"", 0.0297], [""4-5-1"", 0.0237]]",1-4,0.4363,False,False,0.7866,中,"{""逃げ"": 49.9, ""差し"": 16.5, ""まくり"": 14.2, ""まくり差し"": 11.3, ""抜き"": 7.2, ""恵まれ"": 0.8}","[""0〜600円"", ""600〜750円"", ""750〜900円"", ""900〜1050円"", ""1050〜1220円"", ""1220〜1410円"", ""1410〜1640円"", ""1640〜1890円"", ""1890〜2200円"", ""2200〜2560円"", ""2560〜3020円"", ""3020〜3580円"", ""3580〜4290円"", ""4290〜5220円"", ""5220〜6490円"", ""6490〜8310円"", ""8310〜11220円"", ""11220〜16240円"", ""16240〜28268円"", ""28268円〜""]","[5.4, 5.1, 4.6, 4.3, 4.7, 5.2, 5.2, 4.0, 5.1, 4.9, 5.1, 5.7, 5.3, 5.9, 4.6, 4.9, 4.0, 6.0, 4.2, 6.2]","[0.4, 0.1, -0.4, -0.7, -0.3, 0.2, 0.2, -1.0, 0.1, -0.1, 0.1, 0.7, 0.3, 0.9, -0.4, -0.1, -1.0, 1.0, -0.8, 1.2]"
20260828,10,7,1,59.5,"[[""1-3-2"", 0.1474], [""1-3-6"", 0.1242], [""1-3-5"", 0.0544], [""1-3-4"", 0.0131]]",3,37.1,"[[""3-1-2"", 0.0846], [""3-1-6"", 0.0713], [""3-1-5"", 0.0312]]","[[""1-2-3"", 0.0643], [""1-6-3"", 0.0509], [""2-1-3"", 0.0291], [""3-2-1"", 0.0195]]",1-3,0.5841,True,True,0.8218,強,"{""逃げ"": 63.1, ""差し"": 12.2, ""まくり差し"": 9.3, ""まくり"": 9.1, ""抜き"": 5.6, ""恵まれ"": 0.6}","[""0〜600円"", ""600〜750円"", ""750〜900円"", ""900〜1050円"", ""1050〜1220円"", ""1220〜1410円"", ""1410〜1640円"", ""1640〜1890円"", ""1890〜2200円"", ""2200〜2560円"", ""2560〜3020円"", ""3020〜3580円"", ""3580〜4290円"", ""4290〜5220円"", ""5220〜6490円"", ""6490〜8310円"", ""8310〜11220円"", ""11220〜16240円"", ""16240〜28268円"", ""28268円〜""]","[9.0, 7.5, 6.8, 5.9, 5.0, 4.8, 5.6, 4.3, 4.5, 4.1, 4.3, 3.6, 3.5, 4.3, 3.4, 3.6, 3.9, 4.5, 5.6, 5.6]","[4.0, 2.5, 1.8, 0.9, 0.0, -0.2, 0.6, -0.7, -0.5, -0.9, -0.7, -1.4, -1.5, -0.7, -1.6, -1.4, -1.1, -0.5, 0.6, 0.6]"
20260828,10,8,1,,"[[""1-2-4"", 0.0612], [""1-2-5"", 0.0492], [""1-2-3"", 0.026]]",2,28.4,"[[""2-1-4"", 0.0521], [""2-1-5"", 0.0418], [""2-1-3"", 0.0221]]","[[""1-4-2"", 0.0484], [""4-1-2"", 0.0365], [""2-4-1"", 0.0331], [""4-2-1"", 0.0293]]",1-2,0.2981,False,False,0.7866,弱,"{""逃げ"": 31.7, ""まくり"": 21.4, ""差し"": 22.0, ""まくり差し"": 15.5, ""抜き"": 8.4, ""恵まれ"": 1.0}","[""0〜600円"", ""600〜750円"", ""750〜900円"", ""900〜1050円"", ""1050〜1220円"", ""1220〜1410円"", ""1410〜1640円"", ""1640〜1890円"", ""1890〜2200円"", ""2200〜2560円"", ""2560〜3020円"", ""3020〜3580円"", ""3580〜4290円"", ""4290〜5220円"", ""5220〜6490円"", ""6490〜8310円"", ""8310〜11220円"", ""11220〜16240円"", ""16240〜28268円"", ""28268円〜""]","[0.9, 1.4, 2.5, 2.6, 2.8, 4.3, 4.3, 5.8, 5.0, 5.4, 4.9, 7.1, 7.1, 6.7, 7.0, 7.1, 7.3, 6.0, 7.1, 4.6]","[-4.1, -3.6, -2.5, -2.4, -2.2, -0.7, -0.7, 0.8, -0.0, 0.4, -0.1, 2.1, 2.1, 1.7, 2.0, 2.1, 2.3, 1.0, 2.1, -0.4]"
20260828,10,9,1,46.1,"[[""1-4-3"", 0.1288], [""1-4-5"", 0.0948], [""1-4-2"", 0.0896], [""1-4-6"", 0.0223]]",4,20.5,"[[""4-1-3"", 0.0415], [""4-1-5"", 0.0305], [""4-1-2"", 0.0288]]","[[""1-3-4"", 0.0802], [""1-5-4"", 0.0529], [""1-2-4"", 0.0496], [""3-1-4"", 0.0236]]",1-4,0.4896,False,False,0.7866,強,"{""逃げ"": 63.1, ""差し"": 12.2, ""まくり差し"": 9.3, ""まくり"": 9.1, ""抜き"": 5.6, ""恵まれ"": 0.6}","[""0〜600円"", ""600〜750円"", ""750〜900円"", ""900〜1050円"", ""1050〜1220円"", ""1220〜1410円"", ""1410〜1640円"", ""1640〜1890円"", ""1890〜2200円"", ""2200〜2560円"", ""2560〜3020円"", ""3020〜3580円"", ""3580〜4290円"", ""4290〜5220円"", ""5220〜6490円"", ""6490〜8310円"", ""8310〜11220円"", ""11220〜16240円"", ""16240〜28268円"", ""28268円〜""]","[9.0, 7.5, 6.8, 5.9, 5.0, 4.8, 5.6, 4.3, 4.5, 4.1, 4.3, 3.6, 3.5, 4.3, 3.4, 3.6, 3.9, 4.5, 5.6, 5.6]","[4.0, 2.5, 1.8, 0.9, 0.0, -0.2, 0.6, -0.7, -0.5, -0.9, -0.7, -1.4, -1.5, -0.7, -1.6, -1.4, -1.1, -0.5, 0.6, 0.6]"
20260828,10,10,1,53.6,"[[""1-2-5"", 0.1164], [""1-2-4"", 0.0952], [""1-2-3"", 0.0779], [""1-2-6"", 0.0363]]",2,25.8,"[[""2-1-5"", 0.0482], [""2-1-4"", 0.0394], [""2-1-3"", 0.0322], [""2-1-6"", 0.015]]","[[""1-5-2"", 0.0661], [""1-4-2"", 0.0499], [""1-3-2"", 0.0398], [""5-1-2"", 0.0239]]",1-2,0.5053,False,False,0.7866,強,"{""逃げ"": 63.1, ""差し"": 12.2, ""まくり差し"": 9.3, ""まくり"": 9.1, ""抜き"": 5.6, ""恵まれ"": 0.6}","[""0〜600円"", ""600〜750円"", ""750〜900円"", ""900〜1050円"", ""1050〜1220円"", ""1220〜1410円"", ""1410〜1640円"", ""1640〜1890円"", ""1890〜2200円"", ""2200〜2560円"", ""2560〜3020円"", ""3020〜3580円"", ""3580〜4290円"", ""4290〜5220円"", ""5220〜6490円"", ""6490〜8310円"", ""8310〜11220円"", ""11220〜16240円"", ""16240〜28268円"", ""28268円〜""]","[9.0, 7.5, 6.8, 5.9, 5.0, 4.8, 5.6, 4.3, 4.5, 4.1, 4.3, 3.6, 3.5, 4.3, 3.4, 3.6, 3.9, 4.5, 5.6, 5.6]","[4.0, 2.5, 1.8, 0.9, 0.0, -0.2, 0.6, -0.7, -0.5, -0.9, -0.7, -1.4, -1.5, -0.7, -1.6, -1.4, -1.1, -0.5, 0.6, 0.6]"
20260828,10,11,1,,"[[""1-2-4"", 0.0255], [""1-4-2"", 0.0253], [""1-2-3"", 0.0235], [""1-4-3"", 0.023], [""1-3-2"", 0.021], [""1-3-4"", 0.0206], [""1-2-5"", 0.0165], [""1-4-5"", 0.0161], [""1-5-2"", 0.0137]]",4,37.1,"[[""4-1-2"", 0.0238], [""4-2-1"", 0.0219], [""4-1-3"", 0.0216], [""4-3-1"", 0.0179], [""4-2-3"", 0.0166], [""4-1-5"", 0.0152]]","[[""2-1-4"", 0.024], [""2-4-1"", 0.022], [""2-1-3"", 0.0222], [""2-3-1"", 0.0184]]",,,False,False,0.7866,中,"{""逃げ"": 49.9, ""差し"": 16.5, ""まくり"": 14.2, ""まくり差し"": 11.3, ""抜き"": 7.2, ""恵まれ"": 0.8}","[""0〜600円"", ""600〜750円"", ""750〜900円"", ""900〜1050円"", ""1050〜1220円"", ""1220〜1410円"", ""1410〜1640円"", ""1640〜1890円"", ""1890〜2200円"", ""2200〜2560円"", ""2560〜3020円"", ""3020〜3580円"", ""3580〜4290円"", ""4290〜5220円"", ""5220〜6490円"", ""6490〜8310円"", ""8310〜11220円"", ""11220〜16240円"", ""16240〜28268円"", ""28268円〜""]","[5.4, 5.1, 4.6, 4.3, 4.7, 5.2, 5.2, 4.0, 5.1, 4.9, 5.1, 5.7, 5.3, 5.9, 4.6, 4.9, 4.0, 6.0, 4.2, 6.2]","[0.4, 0.1, -0.4, -0.7, -0.3, 0.2, 0.2, -1.0, 0.1, -0.1, 0.1, 0.7, 0.3, 0.9, -0.4, -0.1, -1.0, 1.0, -0.8, 1.2]"
20260828,10,12,1,48.9,"[[""1-2-3"", 0.0847], [""1-3-2"", 0.0784], [""1-2-4"", 0.0551], [""1-3-4"", 0.0443], [""1-2-5"", 0.0247], [""1-3-5"", 0.0199], [""1-2-6"", 0.0132], [""1-3-6"", 0.0106]]",3,33.0,"[[""3-1-2"", 0.0447], [""3-1-4"", 0.0252], [""3-1-5"", 0.0113]]","[[""2-1-3"", 0.0496], [""1-4-2"", 0.0416], [""1-4-3"", 0.0361], [""2-1-4"", 0.0323]]",,,False,True,0.8218,中,"{""逃げ"": 49.9, ""差し"": 16.5, ""まくり"": 14.2, ""まくり差し"": 11.3, ""抜き"": 7.2, ""恵まれ"": 0.8}","[""0〜600円"", ""600〜750円"", ""750〜900円"", ""900〜1050円"", ""1050〜1220円"", ""1220〜1410円"", ""1410〜1640円"", ""1640〜1890円"", ""1890〜2200円"", ""2200〜2560円"", ""2560〜3020円"", ""3020〜3580円"", ""3580〜4290円"", ""4290〜5220円"", ""5220〜6490円"", ""6490〜8310円"", ""8310〜11220円"", ""11220〜16240円"", ""16240〜28268円"", ""28268円〜""]","[5.4, 5.1, 4.6, 4.3, 4.7, 5.2, 5.2, 4.0, 5.1, 4.9, 5.1, 5.7, 5.3, 5.9, 4.6, 4.9, 4.0, 6.0, 4.2, 6.2]","[0.4, 0.1, -0.4, -0.7, -0.3, 0.2, 0.2, -1.0, 0.1, -0.1, 0.1, 0.7, 0.3, 0.9, -0.4, -0.1, -1.0, 1.0, -0.8, 1.2]"
20260828,11,1,1,47.8,"[[""1-2-4"", 0.0627], [""1-2-3"", 0.0477], [""1-2-6"", 0.0315], [""1-2-5"", 0.0241]]",2,35.8,"[[""2-1-4"", 0.0516], [""2-1-3"", 0.0393], [""2-1-6"", 0.0259], [""2-1-5"", 0.0198]]","[[""1-4-2"", 0.0447], [""4-1-2"", 0.0312], [""2-4-1"", 0.0287], [""4-2-1"", 0.0243]]",1-2,0.3336,False,False,0.7866,弱,"{""逃げ"": 34.5, ""まくり"": 22.4, ""差し"": 18.5, ""まくり差し"": 17.2, ""抜き"": 6.8, ""恵まれ"": 0.6}","[""0〜600円"", ""600〜750円"", ""750〜900円"", ""900〜1050円"", ""1050〜1220円"", ""1220〜1410円"", ""1410〜1640円"", ""1640〜1890円"", ""1890〜2200円"", ""2200〜2560円"", ""2560〜3020円"", ""3020〜3580円"", ""3580〜4290円"", ""4290〜5220円"", ""5220〜6490円"", ""6490〜8310円"", ""8310〜11220円"", ""11220〜16240円"", ""16240〜28268円"", ""28268円〜""]","[1.0, 1.8, 3.4, 3.5, 3.5, 6.0, 4.6, 5.8, 5.7, 6.7, 5.5, 6.3, 7.1, 6.1, 6.2, 6.2, 6.0, 5.7, 5.4, 3.8]","[-4.0, -3.2, -1.6, -1.5, -1.5, 1.0, -0.4, 0.8, 0.7, 1.7, 0.5, 1.3, 2.1, 1.1, 1.2, 1.2, 1.0, 0.7, 0.4, -1.2]"
20260828,11,2,1,44.8,"[[""1-3-5"", 0.1063], [""1-5-3"", 0.1042], [""1-3-4"", 0.0385], [""1-3-2"", 0.0375], [""1-5-4"", 0.0364], [""1-5-2"", 0.0355], [""1-3-6"", 0.0238], [""1-5-6"", 0.0226]]",3,31.7,"[[""3-1-5"", 0.0457], [""3-1-4"", 0.0165], [""3-1-2"", 0.0161], [""3-1-6"", 0.0102]]","[[""5-1-3"", 0.0446], [""1-4-3"", 0.0269], [""1-2-3"", 0.0261], [""1-4-5"", 0.026]]",,,False,False,0.7866,強,"{""逃げ"": 64.4, ""差し"": 10.9, ""まくり差し"": 9.7, ""まくり"": 9.0, ""抜き"": 5.2, ""恵まれ"": 0.8}","[""0〜600円"", ""600〜750円"", ""750〜900円"", ""900〜1050円"", ""1050〜1220円"", ""1220〜1410円"", ""1410〜1640円"", ""1640〜1890円"", ""1890〜2200円"", ""2200〜2560円"", ""2560〜3020円"", ""3020〜3580円"", ""3580〜4290円"", ""4290〜5220円"", ""5220〜6490円"", ""6490〜8310円"", ""8310〜11220円"", ""11220〜16240円"", ""16240〜28268円"", ""28268円〜""]","[8.7, 7.0, 6.5, 5.7, 5.5, 5.6, 5.8, 4.4, 4.2, 4.5, 4.6, 4.3, 4.2, 4.0, 3.6, 3.7, 3.3, 4.1, 4.4, 5.9]","[3.7, 2.0, 1.5, 0.7, 0.5, 0.6, 0.8, -0.6, -0.8, -0.5, -0.4, -0.7, -0.8, -1.0, -1.4, -1.3, -1.7, -0.9, -0.6, 0.9]"
20260828,11,3,1,57.0,"[[""1-3-4"", 0.1194], [""1-3-2"", 0.0728], [""1-3-5"", 0.0592]]",3,33.3,"[[""3-1-4"", 0.0783], [""3-1-2"", 0.0477], [""3-1-5"", 0.0388]]","[[""1-4-3"", 0.0697], [""4-1-3"", 0.0378], [""1-2-3"", 0.0367], [""3-4-1"", 0.0271]]",1-3,0.4756,False,False,0.7866,中,"{""逃げ"": 51.2, ""まくり"": 14.7, ""まくり差し"": 14.2, ""差し"": 12.7, ""抜き"": 6.4, ""恵まれ"": 0.8}","[""0〜600円"", ""600〜750円"", ""750〜900円"", ""900〜1050円"", ""1050〜1220円"", ""1220〜1410円"", ""1410〜1640円"", ""1640〜1890円"", ""1890〜2200円"", ""2200〜2560円"", ""2560〜3020円"", ""3020〜3580円"", ""3580〜4290円"", ""4290〜5220円"", ""5220〜6490円"", ""6490〜8310円"", ""8310〜11220円"", ""11220〜16240円"", ""16240〜28268円"", ""28268円〜""]","[4.0, 4.3, 6.1, 4.7, 5.5, 5.0, 5.3, 4.4, 5.2, 5.2, 5.4, 5.9, 4.7, 4.6, 4.7, 5.2, 6.0, 4.7, 4.8, 4.3]","[-1.0, -0.7, 1.1, -0.3, 0.5, 0.0, 0.3, -0.6, 0.2, 0.2, 0.4, 0.9, -0.3, -0.4, -0.3, 0.2, 1.0, -0.3, -0.2, -0.7]"
20260828,11,4,1,54.9,"[[""1-2-3"", 0.1244], [""1-2-4"", 0.0401], [""1-2-5"", 0.0159], [""1-2-6"", 0.0149]]",2,32.0,"[[""2-1-3"", 0.0871], [""2-1-4"", 0.0281], [""2-1-5"", 0.0111], [""2-1-6"", 0.0104]]","[[""1-3-2"", 0.1032], [""3-1-2"", 0.0672], [""2-3-1"", 0.0433], [""3-2-1"", 0.0402]]",1-2,0.3779,False,True,0.8218,中,"{""逃げ"": 51.2, ""まくり"": 14.7, ""まくり差し"": 14.2, ""差し"": 12.7, ""抜き"": 6.4, ""恵まれ"": 0.8}","[""0〜600円"", ""600〜750円"", ""750〜900円"", ""900〜1050円"", ""1050〜1220円"", ""1220〜1410円"", ""1410〜1640円"", ""1640〜1890円"", ""1890〜2200円"", ""2200〜2560円"", ""2560〜3020円"", ""3020〜3580円"", ""3580〜4290円"", ""4290〜5220円"", ""5220〜6490円"", ""6490〜8310円"", ""8310〜11220円"", ""11220〜16240円"", ""16240〜28268円"", ""28268円〜""]","[4.0, 4.3, 6.1, 4.7, 5.5, 5.0, 5.3, 4.4, 5.2, 5.2, 5.4, 5.9, 4.7, 4.6, 4.7, 5.2, 6.0, 4.7, 4.8, 4.3]","[-1.0, -0.7, 1.1, -0.3, 0.5, 0.0, 0.3, -0.6, 0.2, 0.2, 0.4, 0.9, -0.3, -0.4, -0.3, 0.2, 1.0, -0.3, -0.2, -0.7]"
20260828,11,5,1,56.0,"[[""1-3-5"", 0.0933], [""1-3-2"", 0.1037], [""1-3-4"", 0.0411], [""1-3-6"", 0.0147]]",3,27.5,"[[""3-1-5"", 0.0325], [""3-1-2"", 0.0361], [""3-1-4"", 0.0143]]","[[""1-5-3"", 0.0752], [""1-2-3"", 0.08], [""1-5-2"", 0.0533], [""1-2-5"", 0.0511]]",1-3,0.375,False,False,0.7866,強,"{""逃げ"": 64.4, ""差し"": 10.9, ""まくり差し"": 9.7, ""まくり"": 9.0, ""抜き"": 5.2, ""恵まれ"": 0.8}","[""0〜600円"", ""600〜750円"", ""750〜900円"", ""900〜1050円"", ""1050〜1220円"", ""1220〜1410円"", ""1410〜1640円"", ""1640〜1890円"", ""1890〜2200円"", ""2200〜2560円"", ""2560〜3020円"", ""3020〜3580円"", ""3580〜4290円"", ""4290〜5220円"", ""5220〜6490円"", ""6490〜8310円"", ""8310〜11220円"", ""11220〜16240円"", ""16240〜28268円"", ""28268円〜""]","[8.7, 7.0, 6.5, 5.7, 5.5, 5.6, 5.8, 4.4, 4.2, 4.5, 4.6, 4.3, 4.2, 4.0, 3.6, 3.7, 3.3, 4.1, 4.4, 5.9]","[3.7, 2.0, 1.5, 0.7, 0.5, 0.6, 0.8, -0.6, -0.8, -0.5, -0.4, -0.7, -0.8, -1.0, -1.4, -1.3, -1.7, -0.9, -0.6, 0.9]"
20260828,11,6,1,38.5,"[[""1-4-2"", 0.0966], [""1-2-4"", 0.0874], [""1-4-3"", 0.0661], [""1-2-3"", 0.0487], [""1-4-5"", 0.0457], [""1-2-5"", 0.0336], [""1-4-6"", 0.0335], [""1-2-6"", 0.0247]]",2,21.3,"[[""2-1-4"", 0.0242], [""2-1-3"", 0.0135]]","[[""1-3-4"", 0.0502], [""1-3-2"", 0.0408], [""4-1-2"", 0.0272], [""1-5-4"", 0.0328]]",,,False,False,0.7866,強,"{""逃げ"": 64.4, ""差し"": 10.9, ""まくり差し"": 9.7, ""まくり"": 9.0, ""抜き"": 5.2, ""恵まれ"": 0.8}","[""0〜600円"", ""600〜750円"", ""750〜900円"", ""900〜1050円"", ""1050〜1220円"", ""1220〜1410円"", ""1410〜1640円"", ""1640〜1890円"", ""1890〜2200円"", ""2200〜2560円"", ""2560〜3020円"", ""3020〜3580円"", ""3580〜4290円"", ""4290〜5220円"", ""5220〜6490円"", ""6490〜8310円"", ""8310〜11220円"", ""11220〜16240円"", ""16240〜28268円"", ""28268円〜""]","[8.7, 7.0, 6.5, 5.7, 5.5, 5.6, 5.8, 4.4, 4.2, 4.5, 4.6, 4.3, 4.2, 4.0, 3.6, 3.7, 3.3, 4.1, 4.4, 5.9]","[3.7, 2.0, 1.5, 0.7, 0.5, 0.6, 0.8, -0.6, -0.8, -0.5, -0.4, -0.7, -0.8, -1.0, -1.4, -1.3, -1.7, -0.9, -0.6, 0.9]"
20260828,11,7,1,42.0,"[[""1-4-2"", 0.093], [""1-2-4"", 0.0927], [""1-4-5"", 0.0323], [""1-2-5"", 0.0321], [""1-4-3"", 0.027], [""1-2-3"", 0.0268]]",4,31.7,"[[""4-1-2"", 0.0623], [""4-1-5"", 0.0216], [""4-1-3"", 0.0181]]","[[""2-1-4"", 0.062], [""4-2-1"", 0.0345], [""2-4-1"", 0.0344], [""1-5-4"", 0.0223]]",,,False,True,0.8218,中,"{""逃げ"": 51.2, ""まくり"": 14.7, ""まくり差し"": 14.2, ""差し"": 12.7, ""抜き"": 6.4, ""恵まれ"": 0.8}","[""0〜600円"", ""600〜750円"", ""750〜900円"", ""900〜1050円"", ""1050〜1220円"", ""1220〜1410円"", ""1410〜1640円"", ""1640〜1890円"", ""1890〜2200円"", ""2200〜2560円"", ""2560〜3020円"", ""3020〜3580円"", ""3580〜4290円"", ""4290〜5220円"", ""5220〜6490円"", ""6490〜8310円"", ""8310〜11220円"", ""11220〜16240円"", ""16240〜28268円"", ""28268円〜""]","[4.0, 4.3, 6.1, 4.7, 5.5, 5.0, 5.3, 4.4, 5.2, 5.2, 5.4, 5.9, 4.7, 4.6, 4.7, 5.2, 6.0, 4.7, 4.8, 4.3]","[-1.0, -0.7, 1.1, -0.3, 0.5, 0.0, 0.3, -0.6, 0.2, 0.2, 0.4, 0.9, -0.3, -0.4, -0.3, 0.2, 1.0, -0.3, -0.2, -0.7]"
20260828,11,8,2,38.4,"[[""2-1-3"", 0.0435], [""2-3-1"", 0.0414], [""2-1-5"", 0.0329], [""2-3-5"", 0.0283], [""2-5-1"", 0.0269], [""2-5-3"", 0.0243], [""2-1-4"", 0.0239], [""2-3-4"", 0.0206], [""2-4-1"", 0.0184]]",3,29.5,"[[""3-2-1"", 0.0341], [""3-2-5"", 0.0233], [""3-2-4"", 0.0169]]","[[""1-2-3"", 0.0367], [""1-3-2"", 0.0277], [""3-1-2"", 0.0269], [""1-2-5"", 0.0278]]",,,False,True,0.8218,強,"{""逃げ"": 64.4, ""差し"": 10.9, ""まくり差し"": 9.7, ""まくり"": 9.0, ""抜き"": 5.2, ""恵まれ"": 0.8}","[""0〜600円"", ""600〜750円"", ""750〜900円"", ""900〜1050円"", ""1050〜1220円"", ""1220〜1410円"", ""1410〜1640円"", ""1640〜1890円"", ""1890〜2200円"", ""2200〜2560円"", ""2560〜3020円"", ""3020〜3580円"", ""3580〜4290円"", ""4290〜5220円"", ""5220〜6490円"", ""6490〜8310円"", ""8310〜11220円"", ""11220〜16240円"", ""16240〜28268円"", ""28268円〜""]","[8.7, 7.0, 6.5, 5.7, 5.5, 5.6, 5.8, 4.4, 4.2, 4.5, 4.6, 4.3, 4.2, 4.0, 3.6, 3.7, 3.3, 4.1, 4.4, 5.9]","[3.7, 2.0, 1.5, 0.7, 0.5, 0.6, 0.8, -0.6, -0.8, -0.5, -0.4, -0.7, -0.8, -1.0, -1.4, -1.3, -1.7, -0.9, -0.6, 0.9]"
20260828,11,9,1,54.1,"[[""1-2-4"", 0.1634], [""1-2-3"", 0.0834], [""1-2-5"", 0.0549]]",2,23.7,"[[""2-1-4"", 0.0445], [""2-1-3"", 0.0227], [""2-1-5"", 0.0149]]","[[""1-4-2"", 0.1263], [""1-3-2"", 0.0507], [""1-4-3"", 0.0429], [""4-1-2"", 0.033]]",1-2,0.4514,False,False,0.7866,強,"{""逃げ"": 64.4, ""差し"": 10.9, ""まくり差し"": 9.7, ""まくり"": 9.0, ""抜き"": 5.2, ""恵まれ"": 0.8}","[""0〜600円"", ""600〜750円"", ""750〜900円"", ""900〜1050円"", ""1050〜1220円"", ""1220〜1410円"", ""1410〜1640円"", ""1640〜1890円"", ""1890〜2200円"", ""2200〜2560円"", ""2560〜3020円"", ""3020〜3580円"", ""3580〜4290円"", ""4290〜5220円"", ""5220〜6490円"", ""6490〜8310円"", ""8310〜11220円"", ""11220〜16240円"", ""16240〜28268円"", ""28268円〜""]","[8.7, 7.0, 6.5, 5.7, 5.5, 5.6, 5.8, 4.4, 4.2, 4.5, 4.6, 4.3, 4.2, 4.0, 3.6, 3.7, 3.3, 4.1, 4.4, 5.9]","[3.7, 2.0, 1.5, 0.7, 0.5, 0.6, 0.8, -0.6, -0.8, -0.5, -0.4, -0.7, -0.8, -1.0, -1.4, -1.3, -1.7, -0.9, -0.6, 0.9]"
20260828,11,10,1,44.1,"[[""1-5-3"", 0.0477], [""1-3-5"", 0.046], [""1-5-2"", 0.058], [""1-2-5"", 0.0551], [""1-5-4"", 0.0524], [""1-3-2"", 0.0502], [""1-2-3"", 0.0495], [""1-4-5"", 0.0485], [""1-3-4"", 0.0454]]",5,36.9,"[[""5-1-3"", 0.0162], [""5-1-2"", 0.0197], [""5-1-4"", 0.0178]]","[[""1-4-3"", 0.0435], [""1-2-4"", 0.0428], [""1-4-2"", 0.0416], [""3-1-5"", 0.0155]]",,,False,False,0.7866,強,"{""逃げ"": 64.4, ""差し"": 10.9, ""まくり差し"": 9.7, ""まくり"": 9.0, ""抜き"": 5.2, ""恵まれ"": 0.8}","[""0〜600円"", ""600〜750円"", ""750〜900円"", ""900〜1050円"", ""1050〜1220円"", ""1220〜1410円"", ""1410〜1640円"", ""1640〜1890円"", ""1890〜2200円"", ""2200〜2560円"", ""2560〜3020円"", ""3020〜3580円"", ""3580〜4290円"", ""4290〜5220円"", ""5220〜6490円"", ""6490〜8310円"", ""8310〜11220円"", ""11220〜16240円"", ""16240〜28268円"", ""28268円〜""]","[8.7, 7.0, 6.5, 5.7, 5.5, 5.6, 5.8, 4.4, 4.2, 4.5, 4.6, 4.3, 4.2, 4.0, 3.6, 3.7, 3.3, 4.1, 4.4, 5.9]","[3.7, 2.0, 1.5, 0.7, 0.5, 0.6, 0.8, -0.6, -0.8, -0.5, -0.4, -0.7, -0.8, -1.0, -1.4, -1.3, -1.7, -0.9, -0.6, 0.9]"
20260828,11,11,1,57.8,"[[""1-4-2"", 0.0777], [""1-2-4"", 0.0711], [""1-4-3"", 0.064], [""1-4-6"", 0.0565], [""1-3-4"", 0.0518], [""1-2-3"", 0.0476], [""1-6-4"", 0.0445], [""1-3-2"", 0.0421], [""1-2-6"", 0.042]]",4,32.5,"[[""4-1-2"", 0.0234], [""4-1-3"", 0.0193], [""4-1-6"", 0.017]]","[[""1-6-2"", 0.0362], [""2-1-4"", 0.021], [""1-3-6"", 0.0241], [""1-6-3"", 0.0235]]",,,False,False,0.7866,強,"{""逃げ"": 64.4, ""差し"": 10.9, ""まくり差し"": 9.7, ""まくり"": 9.0, ""抜き"": 5.2, ""恵まれ"": 0.8}","[""0〜600円"", ""600〜750円"", ""750〜900円"", ""900〜1050円"", ""1050〜1220円"", ""1220〜1410円"", ""1410〜1640円"", ""1640〜1890円"", ""1890〜2200円"", ""2200〜2560円"", ""2560〜3020円"", ""3020〜3580円"", ""3580〜4290円"", ""4290〜5220円"", ""5220〜6490円"", ""6490〜8310円"", ""8310〜11220円"", ""11220〜16240円"", ""16240〜28268円"", ""28268円〜""]","[8.7, 7.0, 6.5, 5.7, 5.5, 5.6, 5.8, 4.4, 4.2, 4.5, 4.6, 4.3, 4.2, 4.0, 3.6, 3.7, 3.3, 4.1, 4.4, 5.9]","[3.7, 2.0, 1.5, 0.7, 0.5, 0.6, 0.8, -0.6, -0.8, -0.5, -0.4, -0.7, -0.8, -1.0, -1.4, -1.3, -1.7, -0.9, -0.6, 0.9]"
20260828,11,12,1,48.3,"[[""1-2-5"", 0.1637], [""1-2-3"", 0.1032], [""1-2-6"", 0.0959], [""1-2-4"", 0.0529]]",2,31.7,"[[""2-1-5"", 0.0461], [""2-1-3"", 0.029], [""2-1-6"", 0.027], [""2-1-4"", 0.0149]]","[[""1-5-2"", 0.0786], [""1-3-2"", 0.0446], [""1-6-2"", 0.0412], [""5-1-2"", 0.0197]]",1-2,0.5896,True,False,0.7866,強,"{""逃げ"": 64.4, ""差し"": 10.9, ""まくり差し"": 9.7, ""まくり"": 9.0, ""抜き"": 5.2, ""恵まれ"": 0.8}","[""0〜600円"", ""600〜750円"", ""750〜900円"", ""900〜1050円"", ""1050〜1220円"", ""1220〜1410円"", ""1410〜1640円"", ""1640〜1890円"", ""1890〜2200円"", ""2200〜2560円"", ""2560〜3020円"", ""3020〜3580円"", ""3580〜4290円"", ""4290〜5220円"", ""5220〜6490円"", ""6490〜8310円"", ""8310〜11220円"", ""11220〜16240円"", ""16240〜28268円"", ""28268円〜""]","[8.7, 7.0, 6.5, 5.7, 5.5, 5.6, 5.8, 4.4, 4.2, 4.5, 4.6, 4.3, 4.2, 4.0, 3.6, 3.7, 3.3, 4.1, 4.4, 5.9]","[3.7, 2.0, 1.5, 0.7, 0.5, 0.6, 0.8, -0.6, -0.8, -0.5, -0.4, -0.7, -0.8, -1.0, -1.4, -1.3, -1.7, -0.9, -0.6, 0.9]"
20260828,13,1,3,47.4,"[[""3-1-2"", 0.1374], [""3-1-4"", 0.064], [""3-1-6"", 0.0133], [""3-1-5"", 0.0128]]",1,,"[[""1-3-2"", 0.0846], [""1-3-4"", 0.0394]]","[[""3-2-1"", 0.1025], [""2-3-1"", 0.0571], [""1-2-3"", 0.0327], [""2-1-3"", 0.0296]]",1-3,0.4279,False,False,0.7866,強,"{""逃げ"": 71.5, ""まくり"": 8.7, ""まくり差し"": 9.0, ""差し"": 6.6, ""抜き"": 3.7, ""恵まれ"": 0.5}","[""0〜600円"", ""600〜750円"", ""750〜900円"", ""900〜1050円"", ""1050〜1220円"", ""1220〜1410円"", ""1410〜1640円"", ""1640〜1890円"", ""1890〜2200円"", ""2200〜2560円"", ""2560〜3020円"", ""3020〜3580円"", ""3580〜4290円"", ""4290〜5220円"", ""5220〜6490円"", ""6490〜8310円"", ""8310〜11220円"", ""11220〜16240円"", ""16240〜28268円"", ""28268円〜""]","[9.2, 7.9, 7.1, 6.0, 5.9, 5.4, 5.5, 5.1, 5.1, 4.6, 3.8, 3.5, 4.7, 3.5, 3.7, 3.2, 2.7, 3.3, 4.6, 5.3]","[4.2, 2.9, 2.1, 1.0, 0.9, 0.4, 0.5, 0.1, 0.1, -0.4, -1.2, -1.5, -0.3, -1.5, -1.3, -1.8, -2.3, -1.7, -0.4, 0.3]"
20260828,13,2,3,54.7,"[[""3-1-4"", 0.0281], [""3-1-2"", 0.0331], [""3-1-6"", 0.0284], [""3-4-1"", 0.0214], [""3-2-1"", 0.0247], [""3-6-1"", 0.0206], [""3-1-5"", 0.0142], [""3-4-2"", 0.0127], [""3-2-4"", 0.0125]]",4,39.8,"[[""4-3-1"", 0.0177], [""4-1-3"", 0.0174], [""4-3-2"", 0.0105]]","[[""1-3-4"", 0.0277], [""1-3-2"", 0.0326], [""1-3-6"", 0.028], [""1-4-3"", 0.0207]]",,,False,False,0.7866,強,"{""逃げ"": 71.5, ""まくり"": 8.7, ""まくり差し"": 9.0, ""差し"": 6.6, ""抜き"": 3.7, ""恵まれ"": 0.5}","[""0〜600円"", ""600〜750円"", ""750〜900円"", ""900〜1050円"", ""1050〜1220円"", ""1220〜1410円"", ""1410〜1640円"", ""1640〜1890円"", ""1890〜2200円"", ""2200〜2560円"", ""2560〜3020円"", ""3020〜3580円"", ""3580〜4290円"", ""4290〜5220円"", ""5220〜6490円"", ""6490〜8310円"", ""8310〜11220円"", ""11220〜16240円"", ""16240〜28268円"", ""28268円〜""]","[9.2, 7.9, 7.1, 6.0, 5.9, 5.4, 5.5, 5.1, 5.1, 4.6, 3.8, 3.5, 4.7, 3.5, 3.7, 3.2, 2.7, 3.3, 4.6, 5.3]","[4.2, 2.9, 2.1, 1.0, 0.9, 0.4, 0.5, 0.1, 0.1, -0.4, -1.2, -1.5, -0.3, -1.5, -1.3, -1.8, -2.3, -1.7, -0.4, 0.3]"
20260828,13,3,1,46.2,"[[""1-5-3"", 0.069], [""1-3-5"", 0.0672], [""1-5-4"", 0.0638], [""1-3-4"", 0.0584], [""1-4-5"", 0.0563], [""1-5-2"", 0.0547], [""1-4-3"", 0.0529], [""1-3-2"", 0.0501], [""1-2-5"", 0.0466]]",5,45.2,"[[""5-1-3"", 0.0185], [""5-1-4"", 0.0172], [""5-1-2"", 0.0147]]","[[""1-2-3"", 0.0437], [""1-4-2"", 0.033], [""1-2-4"", 0.0318], [""3-1-5"", 0.018]]",,,False,False,0.7866,強,"{""逃げ"": 71.5, ""まくり"": 8.7, ""まくり差し"": 9.0, ""差し"": 6.6, ""抜き"": 3.7, ""恵まれ"": 0.5}","[""0〜600円"", ""600〜750円"", ""750〜900円"", ""900〜1050円"", ""1050〜1220円"", ""1220〜1410円"", ""1410〜1640円"", ""1640〜1890円"", ""1890〜2200円"", ""2200〜2560円"", ""2560〜3020円"", ""3020〜3580円"", ""3580〜4290円"", ""4290〜5220円"", ""5220〜6490円"", ""6490〜8310円"", ""8310〜11220円"", ""11220〜16240円"", ""16240〜28268円"", ""28268円〜""]","[9.2, 7.9, 7.1, 6.0, 5.9, 5.4, 5.5, 5.1, 5.1, 4.6, 3.8, 3.5, 4.7, 3.5, 3.7, 3.2, 2.7, 3.3, 4.6, 5.3]","[4.2, 2.9, 2.1, 1.0, 0.9, 0.4, 0.5, 0.1, 0.1, -0.4, -1.2, -1.5, -0.3, -1.5, -1.3, -1.8, -2.3, -1.7, -0.4, 0.3]"
20260828,13,4,1,59.0,"[[""1-4-2"", 0.1221], [""1-4-3"", 0.0857], [""1-4-5"", 0.0766], [""1-4-6"", 0.0452]]",4,29.0,"[[""4-1-2"", 0.0575], [""4-1-3"", 0.0404], [""4-1-5"", 0.0361], [""4-1-6"", 0.0213]]","[[""1-2-4"", 0.0632], [""1-3-4"", 0.0403], [""1-5-4"", 0.0357], [""2-1-4"", 0.0251]]",1-4,0.5336,True,False,0.7866,強,"{""逃げ"": 71.5, ""まくり"": 8.7, ""まくり差し"": 9.0, ""差し"": 6.6, ""抜き"": 3.7, ""恵まれ"": 0.5}","[""0〜600円"", ""600〜750円"", ""750〜900円"", ""900〜1050円"", ""1050〜1220円"", ""1220〜1410円"", ""1410〜1640円"", ""1640〜1890円"", ""1890〜2200円"", ""2200〜2560円"", ""2560〜3020円"", ""3020〜3580円"", ""3580〜4290円"", ""4290〜5220円"", ""5220〜6490円"", ""6490〜8310円"", ""8310〜11220円"", ""11220〜16240円"", ""16240〜28268円"", ""28268円〜""]","[9.2, 7.9, 7.1, 6.0, 5.9, 5.4, 5.5, 5.1, 5.1, 4.6, 3.8, 3.5, 4.7, 3.5, 3.7, 3.2, 2.7, 3.3, 4.6, 5.3]","[4.2, 2.9, 2.1, 1.0, 0.9, 0.4, 0.5, 0.1, 0.1, -0.4, -1.2, -1.5, -0.3, -1.5, -1.3, -1.8, -2.3, -1.7, -0.4, 0.3]"
20260828,13,5,1,56.8,"[[""1-2-5"", 0.093], [""1-2-3"", 0.0875], [""1-2-4"", 0.079]]",2,53.0,"[[""2-1-5"", 0.031], [""2-1-3"", 0.0291], [""2-1-4"", 0.0263]]","[[""1-5-2"", 0.0722], [""1-3-2"", 0.0627], [""1-4-2"", 0.0555], [""1-5-3"", 0.0398]]",1-2,0.3867,False,False,0.7866,強,"{""逃げ"": 71.5, ""まくり"": 8.7, ""まくり差し"": 9.0, ""差し"": 6.6, ""抜き"": 3.7, ""恵まれ"": 0.5}","[""0〜600円"", ""600〜750円"", ""750〜900円"", ""900〜1050円"", ""1050〜1220円"", ""1220〜1410円"", ""1410〜1640円"", ""1640〜1890円"", ""1890〜2200円"", ""2200〜2560円"", ""2560〜3020円"", ""3020〜3580円"", ""3580〜4290円"", ""4290〜5220円"", ""5220〜6490円"", ""6490〜8310円"", ""8310〜11220円"", ""11220〜16240円"", ""16240〜28268円"", ""28268円〜""]","[9.2, 7.9, 7.1, 6.0, 5.9, 5.4, 5.5, 5.1, 5.1, 4.6, 3.8, 3.5, 4.7, 3.5, 3.7, 3.2, 2.7, 3.3, 4.6, 5.3]","[4.2, 2.9, 2.1, 1.0, 0.9, 0.4, 0.5, 0.1, 0.1, -0.4, -1.2, -1.5, -0.3, -1.5, -1.3, -1.8, -2.3, -1.7, -0.4, 0.3]"
20260828,13,6,1,53.8,"[[""1-4-3"", 0.217], [""1-4-5"", 0.1611], [""1-4-2"", 0.1201], [""1-4-6"", 0.0189]]",4,28.9,"[[""4-1-3"", 0.056], [""4-1-5"", 0.0416], [""4-1-2"", 0.031]]","[[""1-3-4"", 0.0696], [""1-5-4"", 0.0488], [""1-2-4"", 0.0356], [""3-1-4"", 0.0156]]",1-4,0.7098,True,True,0.8218,強,"{""逃げ"": 71.5, ""まくり"": 8.7, ""まくり差し"": 9.0, ""差し"": 6.6, ""抜き"": 3.7, ""恵まれ"": 0.5}","[""0〜600円"", ""600〜750円"", ""750〜900円"", ""900〜1050円"", ""1050〜1220円"", ""1220〜1410円"", ""1410〜1640円"", ""1640〜1890円"", ""1890〜2200円"", ""2200〜2560円"", ""2560〜3020円"", ""3020〜3580円"", ""3580〜4290円"", ""4290〜5220円"", ""5220〜6490円"", ""6490〜8310円"", ""8310〜11220円"", ""11220〜16240円"", ""16240〜28268円"", ""28268円〜""]","[9.2, 7.9, 7.1, 6.0, 5.9, 5.4, 5.5, 5.1, 5.1, 4.6, 3.8, 3.5, 4.7, 3.5, 3.7, 3.2, 2.7, 3.3, 4.6, 5.3]","[4.2, 2.9, 2.1, 1.0, 0.9, 0.4, 0.5, 0.1, 0.1, -0.4, -1.2, -1.5, -0.3, -1.5, -1.3, -1.8, -2.3, -1.7, -0.4, 0.3]"
20260828,13,7,1,41.8,"[[""1-4-5"", 0.1499], [""1-4-2"", 0.0829], [""1-4-6"", 0.0595], [""1-4-3"", 0.0538]]",4,32.4,"[[""4-1-5"", 0.0619], [""4-1-2"", 0.0342], [""4-1-6"", 0.0246], [""4-1-3"", 0.0222]]","[[""1-5-4"", 0.0794], [""1-2-4"", 0.0382], [""5-1-4"", 0.0284], [""1-6-4"", 0.0267]]",1-4,0.5465,True,False,0.7866,強,"{""逃げ"": 71.5, ""まくり"": 8.7, ""まくり差し"": 9.0, ""差し"": 6.6, ""抜き"": 3.7, ""恵まれ"": 0.5}","[""0〜600円"", ""600〜750円"", ""750〜900円"", ""900〜1050円"", ""1050〜1220円"", ""1220〜1410円"", ""1410〜1640円"", ""1640〜1890円"", ""1890〜2200円"", ""2200〜2560円"", ""2560〜3020円"", ""3020〜3580円"", ""3580〜4290円"", ""4290〜5220円"", ""5220〜6490円"", ""6490〜8310円"", ""8310〜11220円"", ""11220〜16240円"", ""16240〜28268円"", ""28268円〜""]","[9.2, 7.9, 7.1, 6.0, 5.9, 5.4, 5.5, 5.1, 5.1, 4.6, 3.8, 3.5, 4.7, 3.5, 3.7, 3.2, 2.7, 3.3, 4.6, 5.3]","[4.2, 2.9, 2.1, 1.0, 0.9, 0.4, 0.5, 0.1, 0.1, -0.4, -1.2, -1.5, -0.3, -1.5, -1.3, -1.8, -2.3, -1.7, -0.4, 0.3]"
20260828,13,8,1,47.7,"[[""1-4-2"", 0.1281], [""1-4-3"", 0.1391], [""1-4-5"", 0.0576], [""1-4-6"", 0.0337]]",4,27.4,"[[""4-1-2"", 0.0557], [""4-1-3"", 0.0605], [""4-1-5"", 0.0251], [""4-1-6"", 0.0146]]","[[""1-2-4"", 0.0613], [""1-3-4"", 0.0647], [""2-1-4"", 0.0224], [""1-5-4"", 0.0245]]",1-4,0.5643,True,False,0.7866,強,"{""逃げ"": 71.5, ""まくり"": 8.7, ""まくり差し"": 9.0, ""差し"": 6.6, ""抜き"": 3.7, ""恵まれ"": 0.5}","[""0〜600円"", ""600〜750円"", ""750〜900円"", ""900〜1050円"", ""1050〜1220円"", ""1220〜1410円"", ""1410〜1640円"", ""1640〜1890円"", ""1890〜2200円"", ""2200〜2560円"", ""2560〜3020円"", ""3020〜3580円"", ""3580〜4290円"", ""4290〜5220円"", ""5220〜6490円"", ""6490〜8310円"", ""8310〜11220円"", ""11220〜16240円"", ""16240〜28268円"", ""28268円〜""]","[9.2, 7.9, 7.1, 6.0, 5.9, 5.4, 5.5, 5.1, 5.1, 4.6, 3.8, 3.5, 4.7, 3.5, 3.7, 3.2, 2.7, 3.3, 4.6, 5.3]","[4.2, 2.9, 2.1, 1.0, 0.9, 0.4, 0.5, 0.1, 0.1, -0.4, -1.2, -1.5, -0.3, -1.5, -1.3, -1.8, -2.3, -1.7, -0.4, 0.3]"
20260828,13,9,1,57.6,"[[""1-3-4"", 0.0694], [""1-3-2"", 0.0785], [""1-3-5"", 0.0708], [""1-4-3"", 0.0553], [""1-2-3"", 0.0609], [""1-5-3"", 0.0537], [""1-3-6"", 0.0372], [""1-4-2"", 0.0349], [""1-2-4"", 0.0339]]",3,37.6,"[[""3-1-4"", 0.0189], [""3-1-2"", 0.0214], [""3-1-5"", 0.0193], [""3-1-6"", 0.0101]]","[[""1-4-5"", 0.0315], [""1-5-4"", 0.03], [""1-2-5"", 0.0272], [""1-5-2"", 0.0267]]",,,False,False,0.7866,強,"{""逃げ"": 71.5, ""まくり"": 8.7, ""まくり差し"": 9.0, ""差し"": 6.6, ""抜き"": 3.7, ""恵まれ"": 0.5}","[""0〜600円"", ""600〜750円"", ""750〜900円"", ""900〜1050円"", ""1050〜1220円"", ""1220〜1410円"", ""1410〜1640円"", ""1640〜1890円"", ""1890〜2200円"", ""2200〜2560円"", ""2560〜3020円"", ""3020〜3580円"", ""3580〜4290円"", ""4290〜5220円"", ""5220〜6490円"", ""6490〜8310円"", ""8310〜11220円"", ""11220〜16240円"", ""16240〜28268円"", ""28268円〜""]","[9.2, 7.9, 7.1, 6.0, 5.9, 5.4, 5.5, 5.1, 5.1, 4.6, 3.8, 3.5, 4.7, 3.5, 3.7, 3.2, 2.7, 3.3, 4.6, 5.3]","[4.2, 2.9, 2.1, 1.0, 0.9, 0.4, 0.5, 0.1, 0.1, -0.4, -1.2, -1.5, -0.3, -1.5, -1.3, -1.8, -2.3, -1.7, -0.4, 0.3]"
20260828,13,10,1,49.3,"[[""1-4-2"", 0.1873], [""1-4-3"", 0.0469], [""1-4-5"", 0.0252], [""1-4-6"", 0.0118]]",4,35.3,"[[""4-1-2"", 0.0657], [""4-1-3"", 0.0164]]","[[""1-2-4"", 0.1678], [""2-1-4"", 0.0576], [""1-2-3"", 0.0363], [""1-3-4"", 0.0274]]",1-4,0.4349,False,False,0.7866,強,"{""逃げ"": 71.5, ""まくり"": 8.7, ""まくり差し"": 9.0, ""差し"": 6.6, ""抜き"": 3.7, ""恵まれ"": 0.5}","[""0〜600円"", ""600〜750円"", ""750〜900円"", ""900〜1050円"", ""1050〜1220円"", ""1220〜1410円"", ""1410〜1640円"", ""1640〜1890円"", ""1890〜2200円"", ""2200〜2560円"", ""2560〜3020円"", ""3020〜3580円"", ""3580〜4290円"", ""4290〜5220円"", ""5220〜6490円"", ""6490〜8310円"", ""8310〜11220円"", ""11220〜16240円"", ""16240〜28268円"", ""28268円〜""]","[9.2, 7.9, 7.1, 6.0, 5.9, 5.4, 5.5, 5.1, 5.1, 4.6, 3.8, 3.5, 4.7, 3.5, 3.7, 3.2, 2.7, 3.3, 4.6, 5.3]","[4.2, 2.9, 2.1, 1.0, 0.9, 0.4, 0.5, 0.1, 0.1, -0.4, -1.2, -1.5, -0.3, -1.5, -1.3, -1.8, -2.3, -1.7, -0.4, 0.3]"
20260828,13,11,1,55.1,"[[""1-2-3"", 0.1022], [""1-2-4"", 0.1089], [""1-3-2"", 0.0839], [""1-3-4"", 0.0591], [""1-2-5"", 0.0335], [""1-2-6"", 0.0254], [""1-3-5"", 0.0182], [""1-3-6"", 0.0138]]",2,25.0,"[[""2-1-3"", 0.0288], [""2-1-4"", 0.0308]]","[[""1-4-2"", 0.0857], [""1-4-3"", 0.0566], [""3-1-2"", 0.0228], [""4-1-2"", 0.0231]]",,,False,True,0.8218,強,"{""逃げ"": 71.5, ""まくり"": 8.7, ""まくり差し"": 9.0, ""差し"": 6.6, ""抜き"": 3.7, ""恵まれ"": 0.5}","[""0〜600円"", ""600〜750円"", ""750〜900円"", ""900〜1050円"", ""1050〜1220円"", ""1220〜1410円"", ""1410〜1640円"", ""1640〜1890円"", ""1890〜2200円"", ""2200〜2560円"", ""2560〜3020円"", ""3020〜3580円"", ""3580〜4290円"", ""4290〜5220円"", ""5220〜6490円"", ""6490〜8310円"", ""8310〜11220円"", ""11220〜16240円"", ""16240〜28268円"", ""28268円〜""]","[9.2, 7.9, 7.1, 6.0, 5.9, 5.4, 5.5, 5.1, 5.1, 4.6, 3.8, 3.5, 4.7, 3.5, 3.7, 3.2, 2.7, 3.3, 4.6, 5.3]","[4.2, 2.9, 2.1, 1.0, 0.9, 0.4, 0.5, 0.1, 0.1, -0.4, -1.2, -1.5, -0.3, -1.5, -1.3, -1.8, -2.3, -1.7, -0.4, 0.3]"
20260828,13,12,1,56.6,"[[""1-5-2"", 0.0686], [""1-5-4"", 0.0771], [""1-2-5"", 0.0583], [""1-5-3"", 0.0671], [""1-4-5"", 0.0636], [""1-3-5"", 0.0538], [""1-2-4"", 0.0423], [""1-5-6"", 0.0413], [""1-4-2"", 0.041]]",5,39.6,"[[""5-1-2"", 0.0129], [""5-1-4"", 0.0145], [""5-1-3"", 0.0126]]","[[""1-2-3"", 0.0368], [""1-3-2"", 0.0347], [""1-4-3"", 0.0316], [""1-6-5"", 0.0307]]",,,False,False,0.7866,強,"{""逃げ"": 71.5, ""まくり"": 8.7, ""まくり差し"": 9.0, ""差し"": 6.6, ""抜き"": 3.7, ""恵まれ"": 0.5}","[""0〜600円"", ""600〜750円"", ""750〜900円"", ""900〜1050円"", ""1050〜1220円"", ""1220〜1410円"", ""1410〜1640円"", ""1640〜1890円"", ""1890〜2200円"", ""2200〜2560円"", ""2560〜3020円"", ""3020〜3580円"", ""3580〜4290円"", ""4290〜5220円"", ""5220〜6490円"", ""6490〜8310円"", ""8310〜11220円"", ""11220〜16240円"", ""16240〜28268円"", ""28268円〜""]","[9.2, 7.9, 7.1, 6.0, 5.9, 5.4, 5.5, 5.1, 5.1, 4.6, 3.8, 3.5, 4.7, 3.5, 3.7, 3.2, 2.7, 3.3, 4.6, 5.3]","[4.2, 2.9, 2.1, 1.0, 0.9, 0.4, 0.5, 0.1, 0.1, -0.4, -1.2, -1.5, -0.3, -1.5, -1.3, -1.8, -2.3, -1.7, -0.4, 0.3]"
20260828,14,1,1,55.4,"[[""1-4-5"", 0.0921], [""1-5-4"", 0.088], [""1-4-3"", 0.0835], [""1-3-4"", 0.0717], [""1-5-3"", 0.0717], [""1-3-5"", 0.0644], [""1-4-6"", 0.0443], [""1-4-2"", 0.0388], [""1-5-6"", 0.038]]",4,39.8,"[[""4-1-5"", 0.0094]]","[[""1-6-4"", 0.034], [""1-5-2"", 0.0333], [""1-6-5"", 0.0305], [""1-2-4"", 0.0293]]",,,False,False,0.7866,強,"{""逃げ"": 60.6, ""まくり差し"": 11.4, ""まくり"": 11.4, ""差し"": 9.8, ""抜き"": 6.2, ""恵まれ"": 0.5}","[""0〜600円"", ""600〜750円"", ""750〜900円"", ""900〜1050円"", ""1050〜1220円"", ""1220〜1410円"", ""1410〜1640円"", ""1640〜1890円"", ""1890〜2200円"", ""2200〜2560円"", ""2560〜3020円"", ""3020〜3580円"", ""3580〜4290円"", ""4290〜5220円"", ""5220〜6490円"", ""6490〜8310円"", ""8310〜11220円"", ""11220〜16240円"", ""16240〜28268円"", ""28268円〜""]","[5.0, 5.8, 4.9, 5.2, 5.8, 4.9, 5.2, 5.2, 4.3, 5.5, 4.3, 4.1, 4.3, 4.3, 5.1, 4.3, 5.2, 5.0, 6.0, 5.8]","[0.0, 0.8, -0.1, 0.2, 0.8, -0.1, 0.2, 0.2, -0.7, 0.5, -0.7, -0.9, -0.7, -0.7, 0.1, -0.7, 0.2, -0.0, 1.0, 0.8]"
20260828,14,2,1,50.0,"[[""1-4-3"", 0.1282], [""1-4-2"", 0.068], [""1-4-6"", 0.0317], [""1-4-5"", 0.0283]]",4,26.9,"[[""4-1-3"", 0.0395], [""4-1-2"", 0.021]]","[[""1-3-4"", 0.1155], [""1-3-2"", 0.0513], [""1-2-4"", 0.0474], [""3-1-4"", 0.0349]]",1-4,0.3807,False,False,0.7866,強,"{""逃げ"": 60.6, ""まくり差し"": 11.4, ""まくり"": 11.4, ""差し"": 9.8, ""抜き"": 6.2, ""恵まれ"": 0.5}","[""0〜600円"", ""600〜750円"", ""750〜900円"", ""900〜1050円"", ""1050〜1220円"", ""1220〜1410円"", ""1410〜1640円"", ""1640〜1890円"", ""1890〜2200円"", ""2200〜2560円"", ""2560〜3020円"", ""3020〜3580円"", ""3580〜4290円"", ""4290〜5220円"", ""5220〜6490円"", ""6490〜8310円"", ""8310〜11220円"", ""11220〜16240円"", ""16240〜28268円"", ""28268円〜""]","[5.0, 5.8, 4.9, 5.2, 5.8, 4.9, 5.2, 5.2, 4.3, 5.5, 4.3, 4.1, 4.3, 4.3, 5.1, 4.3, 5.2, 5.0, 6.0, 5.8]","[0.0, 0.8, -0.1, 0.2, 0.8, -0.1, 0.2, 0.2, -0.7, 0.5, -0.7, -0.9, -0.7, -0.7, 0.1, -0.7, 0.2, -0.0, 1.0, 0.8]"
20260828,14,3,1,56.5,"[[""1-2-5"", 0.0904], [""1-5-2"", 0.0839], [""1-2-3"", 0.0893], [""1-3-2"", 0.0758], [""1-5-3"", 0.0709], [""1-3-5"", 0.0648], [""1-2-6"", 0.0269], [""1-2-4"", 0.0229], [""1-5-6"", 0.0214]]",2,29.3,"[[""2-1-5"", 0.0264], [""2-1-3"", 0.0261]]","[[""5-1-2"", 0.0242], [""3-1-2"", 0.0215], [""5-1-3"", 0.0204], [""1-6-2"", 0.0189]]",,,False,False,0.7866,強,"{""逃げ"": 60.6, ""まくり差し"": 11.4, ""まくり"": 11.4, ""差し"": 9.8, ""抜き"": 6.2, ""恵まれ"": 0.5}","[""0〜600円"", ""600〜750円"", ""750〜900円"", ""900〜1050円"", ""1050〜1220円"", ""1220〜1410円"", ""1410〜1640円"", ""1640〜1890円"", ""1890〜2200円"", ""2200〜2560円"", ""2560〜3020円"", ""3020〜3580円"", ""3580〜4290円"", ""4290〜5220円"", ""5220〜6490円"", ""6490〜8310円"", ""8310〜11220円"", ""11220〜16240円"", ""16240〜28268円"", ""28268円〜""]","[5.0, 5.8, 4.9, 5.2, 5.8, 4.9, 5.2, 5.2, 4.3, 5.5, 4.3, 4.1, 4.3, 4.3, 5.1, 4.3, 5.2, 5.0, 6.0, 5.8]","[0.0, 0.8, -0.1, 0.2, 0.8, -0.1, 0.2, 0.2, -0.7, 0.5, -0.7, -0.9, -0.7, -0.7, 0.1, -0.7, 0.2, -0.0, 1.0, 0.8]"
20260828,14,4,1,62.7,"[[""1-3-5"", 0.0703], [""1-3-2"", 0.0685], [""1-3-4"", 0.062], [""1-3-6"", 0.0305]]",3,33.3,"[[""3-1-5"", 0.0636], [""3-1-2"", 0.0619], [""3-1-4"", 0.0561], [""3-1-6"", 0.0276]]","[[""1-5-3"", 0.0325], [""3-5-1"", 0.0262], [""1-2-3"", 0.0304], [""1-4-3"", 0.0273]]",1-3,0.4769,False,False,0.7866,中,"{""逃げ"": 45.4, ""まくり"": 18.2, ""まくり差し"": 13.6, ""差し"": 13.7, ""抜き"": 8.3, ""恵まれ"": 0.8}","[""0〜600円"", ""600〜750円"", ""750〜900円"", ""900〜1050円"", ""1050〜1220円"", ""1220〜1410円"", ""1410〜1640円"", ""1640〜1890円"", ""1890〜2200円"", ""2200〜2560円"", ""2560〜3020円"", ""3020〜3580円"", ""3580〜4290円"", ""4290〜5220円"", ""5220〜6490円"", ""6490〜8310円"", ""8310〜11220円"", ""11220〜16240円"", ""16240〜28268円"", ""28268円〜""]","[2.4, 4.0, 4.2, 4.3, 5.1, 3.6, 5.0, 4.6, 4.8, 4.2, 5.0, 4.7, 5.2, 5.2, 5.7, 5.8, 6.1, 7.2, 6.1, 6.7]","[-2.6, -1.0, -0.8, -0.7, 0.1, -1.4, -0.0, -0.4, -0.2, -0.8, -0.0, -0.3, 0.2, 0.2, 0.7, 0.8, 1.1, 2.2, 1.1, 1.7]"
20260828,14,5,1,53.4,"[[""1-3-2"", 0.0559], [""1-3-6"", 0.062], [""1-3-4"", 0.052]]",3,28.5,"[[""3-1-2"", 0.0444], [""3-1-6"", 0.0493], [""3-1-4"", 0.0413]]","[[""1-2-3"", 0.0386], [""1-6-3"", 0.0419], [""1-4-3"", 0.0339], [""2-1-3"", 0.0257]]",1-3,0.3331,False,True,0.8218,強,"{""逃げ"": 60.6, ""まくり差し"": 11.4, ""まくり"": 11.4, ""差し"": 9.8, ""抜き"": 6.2, ""恵まれ"": 0.5}","[""0〜600円"", ""600〜750円"", ""750〜900円"", ""900〜1050円"", ""1050〜1220円"", ""1220〜1410円"", ""1410〜1640円"", ""1640〜1890円"", ""1890〜2200円"", ""2200〜2560円"", ""2560〜3020円"", ""3020〜3580円"", ""3580〜4290円"", ""4290〜5220円"", ""5220〜6490円"", ""6490〜8310円"", ""8310〜11220円"", ""11220〜16240円"", ""16240〜28268円"", ""28268円〜""]","[5.0, 5.8, 4.9, 5.2, 5.8, 4.9, 5.2, 5.2, 4.3, 5.5, 4.3, 4.1, 4.3, 4.3, 5.1, 4.3, 5.2, 5.0, 6.0, 5.8]","[0.0, 0.8, -0.1, 0.2, 0.8, -0.1, 0.2, 0.2, -0.7, 0.5, -0.7, -0.9, -0.7, -0.7, 0.1, -0.7, 0.2, -0.0, 1.0, 0.8]"
20260828,14,6,1,38.2,"[[""1-2-4"", 0.076], [""1-2-5"", 0.0895], [""1-2-3"", 0.0616], [""1-2-6"", 0.0316]]",2,27.6,"[[""2-1-4"", 0.0617], [""2-1-5"", 0.0727], [""2-1-3"", 0.05], [""2-1-6"", 0.0257]]","[[""1-4-2"", 0.0347], [""1-5-2"", 0.0406], [""2-4-1"", 0.0222], [""1-3-2"", 0.0267]]",1-2,0.4987,False,True,0.8218,強,"{""逃げ"": 60.6, ""まくり差し"": 11.4, ""まくり"": 11.4, ""差し"": 9.8, ""抜き"": 6.2, ""恵まれ"": 0.5}","[""0〜600円"", ""600〜750円"", ""750〜900円"", ""900〜1050円"", ""1050〜1220円"", ""1220〜1410円"", ""1410〜1640円"", ""1640〜1890円"", ""1890〜2200円"", ""2200〜2560円"", ""2560〜3020円"", ""3020〜3580円"", ""3580〜4290円"", ""4290〜5220円"", ""5220〜6490円"", ""6490〜8310円"", ""8310〜11220円"", ""11220〜16240円"", ""16240〜28268円"", ""28268円〜""]","[5.0, 5.8, 4.9, 5.2, 5.8, 4.9, 5.2, 5.2, 4.3, 5.5, 4.3, 4.1, 4.3, 4.3, 5.1, 4.3, 5.2, 5.0, 6.0, 5.8]","[0.0, 0.8, -0.1, 0.2, 0.8, -0.1, 0.2, 0.2, -0.7, 0.5, -0.7, -0.9, -0.7, -0.7, 0.1, -0.7, 0.2, -0.0, 1.0, 0.8]"
20260828,14,7,1,53.8,"[[""1-2-5"", 0.0388], [""1-5-2"", 0.0382], [""1-2-3"", 0.023], [""1-5-3"", 0.0219], [""1-2-6"", 0.0195], [""1-5-6"", 0.0185], [""1-3-2"", 0.0181], [""1-3-5"", 0.0175], [""1-6-2"", 0.0149]]",2,25.9,"[[""2-1-5"", 0.0345], [""2-1-3"", 0.0205], [""2-1-6"", 0.0173], [""2-1-4"", 0.0103]]","[[""5-1-2"", 0.0336], [""2-5-1"", 0.0287], [""5-2-1"", 0.0284], [""5-1-3"", 0.0192]]",,,False,False,0.7866,弱,"{""まくり"": 27.0, ""逃げ"": 27.1, ""差し"": 19.6, ""まくり差し"": 16.5, ""抜き"": 9.0, ""恵まれ"": 0.8}","[""0〜600円"", ""600〜750円"", ""750〜900円"", ""900〜1050円"", ""1050〜1220円"", ""1220〜1410円"", ""1410〜1640円"", ""1640〜1890円"", ""1890〜2200円"", ""2200〜2560円"", ""2560〜3020円"", ""3020〜3580円"", ""3580〜4290円"", ""4290〜5220円"", ""5220〜6490円"", ""6490〜8310円"", ""8310〜11220円"", ""11220〜16240円"", ""16240〜28268円"", ""28268円〜""]","[0.4, 1.3, 2.0, 2.9, 3.4, 4.4, 4.1, 4.3, 4.8, 5.9, 6.0, 7.0, 7.2, 7.6, 6.8, 6.9, 6.9, 6.5, 6.2, 5.5]","[-4.6, -3.7, -3.0, -2.1, -1.6, -0.6, -0.9, -0.7, -0.2, 0.9, 1.0, 2.0, 2.2, 2.6, 1.8, 1.9, 1.9, 1.5, 1.2, 0.5]"
20260828,14,8,2,59.5,"[[""2-4-1"", 0.0751], [""2-4-3"", 0.034], [""2-4-5"", 0.0337]]",1,39.8,"[[""1-2-4"", 0.0468], [""1-2-3"", 0.0148], [""1-2-5"", 0.0147]]","[[""4-2-1"", 0.0644], [""2-1-4"", 0.0608], [""4-1-2"", 0.042], [""1-4-2"", 0.0377]]",,,False,True,0.8218,強,"{""逃げ"": 60.6, ""まくり差し"": 11.4, ""まくり"": 11.4, ""差し"": 9.8, ""抜き"": 6.2, ""恵まれ"": 0.5}","[""0〜600円"", ""600〜750円"", ""750〜900円"", ""900〜1050円"", ""1050〜1220円"", ""1220〜1410円"", ""1410〜1640円"", ""1640〜1890円"", ""1890〜2200円"", ""2200〜2560円"", ""2560〜3020円"", ""3020〜3580円"", ""3580〜4290円"", ""4290〜5220円"", ""5220〜6490円"", ""6490〜8310円"", ""8310〜11220円"", ""11220〜16240円"", ""16240〜28268円"", ""28268円〜""]","[5.0, 5.8, 4.9, 5.2, 5.8, 4.9, 5.2, 5.2, 4.3, 5.5, 4.3, 4.1, 4.3, 4.3, 5.1, 4.3, 5.2, 5.0, 6.0, 5.8]","[0.0, 0.8, -0.1, 0.2, 0.8, -0.1, 0.2, 0.2, -0.7, 0.5, -0.7, -0.9, -0.7, -0.7, 0.1, -0.7, 0.2, -0.0, 1.0, 0.8]"
20260828,14,9,1,53.8,"[[""1-5-3"", 0.0297], [""1-3-5"", 0.0287], [""1-5-6"", 0.0258], [""1-3-6"", 0.0229], [""1-6-5"", 0.0222], [""1-6-3"", 0.0204], [""1-5-2"", 0.0197], [""1-3-2"", 0.0174], [""1-2-5"", 0.0161]]",5,30.6,"[[""5-1-3"", 0.0257], [""5-3-1"", 0.0203], [""5-1-6"", 0.0223], [""5-1-2"", 0.017], [""5-6-1"", 0.0161], [""5-2-1"", 0.0117]]","[[""3-1-5"", 0.0243], [""3-5-1"", 0.0199], [""3-1-6"", 0.0193], [""6-1-5"", 0.0175]]",,,False,False,0.7866,中,"{""逃げ"": 45.4, ""まくり"": 18.2, ""まくり差し"": 13.6, ""差し"": 13.7, ""抜き"": 8.3, ""恵まれ"": 0.8}","[""0〜600円"", ""600〜750円"", ""750〜900円"", ""900〜1050円"", ""1050〜1220円"", ""1220〜1410円"", ""1410〜1640円"", ""1640〜1890円"", ""1890〜2200円"", ""2200〜2560円"", ""2560〜3020円"", ""3020〜3580円"", ""3580〜4290円"", ""4290〜5220円"", ""5220〜6490円"", ""6490〜8310円"", ""8310〜11220円"", ""11220〜16240円"", ""16240〜28268円"", ""28268円〜""]","[2.4, 4.0, 4.2, 4.3, 5.1, 3.6, 5.0, 4.6, 4.8, 4.2, 5.0, 4.7, 5.2, 5.2, 5.7, 5.8, 6.1, 7.2, 6.1, 6.7]","[-2.6, -1.0, -0.8, -0.7, 0.1, -1.4, -0.0, -0.4, -0.2, -0.8, -0.0, -0.3, 0.2, 0.2, 0.7, 0.8, 1.1, 2.2, 1.1, 1.7]"
20260828,14,10,1,64.2,"[[""1-2-3"", 0.0276], [""1-2-6"", 0.0351], [""1-2-4"", 0.0339], [""1-2-5"", 0.0181]]",2,29.1,"[[""2-1-3"", 0.0273], [""2-1-6"", 0.0347], [""2-1-4"", 0.0335], [""2-1-5"", 0.0179]]","[[""1-3-2"", 0.0196], [""1-6-2"", 0.0249], [""2-3-1"", 0.0191], [""2-6-1"", 0.0243]]",1-2,0.243,False,False,0.7866,弱,"{""まくり"": 27.0, ""逃げ"": 27.1, ""差し"": 19.6, ""まくり差し"": 16.5, ""抜き"": 9.0, ""恵まれ"": 0.8}","[""0〜600円"", ""600〜750円"", ""750〜900円"", ""900〜1050円"", ""1050〜1220円"", ""1220〜1410円"", ""1410〜1640円"", ""1640〜1890円"", ""1890〜2200円"", ""2200〜2560円"", ""2560〜3020円"", ""3020〜3580円"", ""3580〜4290円"", ""4290〜5220円"", ""5220〜6490円"", ""6490〜8310円"", ""8310〜11220円"", ""11220〜16240円"", ""16240〜28268円"", ""28268円〜""]","[0.4, 1.3, 2.0, 2.9, 3.4, 4.4, 4.1, 4.3, 4.8, 5.9, 6.0, 7.0, 7.2, 7.6, 6.8, 6.9, 6.9, 6.5, 6.2, 5.5]","[-4.6, -3.7, -3.0, -2.1, -1.6, -0.6, -0.9, -0.7, -0.2, 0.9, 1.0, 2.0, 2.2, 2.6, 1.8, 1.9, 1.9, 1.5, 1.2, 0.5]"
20260828,14,11,1,58.3,"[[""1-4-5"", 0.0503], [""1-5-4"", 0.0427], [""1-4-2"", 0.0404], [""1-4-3"", 0.0326], [""1-2-4"", 0.0303], [""1-5-2"", 0.0241], [""1-3-4"", 0.0235], [""1-2-5"", 0.0213], [""1-5-3"", 0.0195]]",4,25.1,"[[""4-1-5"", 0.0387], [""4-1-2"", 0.0311], [""4-1-3"", 0.0251], [""4-1-6"", 0.0111]]","[[""5-1-4"", 0.0302], [""4-5-1"", 0.0233], [""5-4-1"", 0.0215], [""2-1-4"", 0.0201]]",,,False,False,0.7866,中,"{""逃げ"": 45.4, ""まくり"": 18.2, ""まくり差し"": 13.6, ""差し"": 13.7, ""抜き"": 8.3, ""恵まれ"": 0.8}","[""0〜600円"", ""600〜750円"", ""750〜900円"", ""900〜1050円"", ""1050〜1220円"", ""1220〜1410円"", ""1410〜1640円"", ""1640〜1890円"", ""1890〜2200円"", ""2200〜2560円"", ""2560〜3020円"", ""3020〜3580円"", ""3580〜4290円"", ""4290〜5220円"", ""5220〜6490円"", ""6490〜8310円"", ""8310〜11220円"", ""11220〜16240円"", ""16240〜28268円"", ""28268円〜""]","[2.4, 4.0, 4.2, 4.3, 5.1, 3.6, 5.0, 4.6, 4.8, 4.2, 5.0, 4.7, 5.2, 5.2, 5.7, 5.8, 6.1, 7.2, 6.1, 6.7]","[-2.6, -1.0, -0.8, -0.7, 0.1, -1.4, -0.0, -0.4, -0.2, -0.8, -0.0, -0.3, 0.2, 0.2, 0.7, 0.8, 1.1, 2.2, 1.1, 1.7]"
20260828,14,12,1,53.1,"[[""1-4-2"", 0.0565], [""1-4-6"", 0.0673], [""1-2-4"", 0.0502], [""1-6-4"", 0.0587], [""1-4-3"", 0.0569], [""1-3-4"", 0.0478], [""1-2-6"", 0.0429], [""1-6-2"", 0.0421], [""1-2-3"", 0.0363]]",2,35.2,"[[""2-1-4"", 0.0141], [""2-1-6"", 0.0121], [""2-1-3"", 0.0102]]","[[""1-3-2"", 0.0343], [""1-6-3"", 0.0334], [""1-3-6"", 0.0321], [""1-4-5"", 0.0298]]",,,False,False,0.7866,強,"{""逃げ"": 60.6, ""まくり差し"": 11.4, ""まくり"": 11.4, ""差し"": 9.8, ""抜き"": 6.2, ""恵まれ"": 0.5}","[""0〜600円"", ""600〜750円"", ""750〜900円"", ""900〜1050円"", ""1050〜1220円"", ""1220〜1410円"", ""1410〜1640円"", ""1640〜1890円"", ""1890〜2200円"", ""2200〜2560円"", ""2560〜3020円"", ""3020〜3580円"", ""3580〜4290円"", ""4290〜5220円"", ""5220〜6490円"", ""6490〜8310円"", ""8310〜11220円"", ""11220〜16240円"", ""16240〜28268円"", ""28268円〜""]","[5.0, 5.8, 4.9, 5.2, 5.8, 4.9, 5.2, 5.2, 4.3, 5.5, 4.3, 4.1, 4.3, 4.3, 5.1, 4.3, 5.2, 5.0, 6.0, 5.8]","[0.0, 0.8, -0.1, 0.2, 0.8, -0.1, 0.2, 0.2, -0.7, 0.5, -0.7, -0.9, -0.7, -0.7, 0.1, -0.7, 0.2, -0.0, 1.0, 0.8]"
20260828,15,1,1,59.1,"[[""1-3-5"", 0.0569], [""1-5-3"", 0.0554], [""1-3-4"", 0.0348], [""1-5-4"", 0.0321], [""1-3-6"", 0.0304], [""1-5-6"", 0.028], [""1-4-3"", 0.0278], [""1-3-2"", 0.0278], [""1-4-5"", 0.0263]]",3,18.5,"[[""3-1-5"", 0.032], [""3-1-4"", 0.0196], [""3-1-6"", 0.0171], [""3-1-2"", 0.0156]]","[[""5-1-3"", 0.0309], [""1-5-2"", 0.0256], [""1-6-3"", 0.0237], [""1-6-5"", 0.0224]]",,,False,False,0.7866,弱,"{""逃げ"": 36.9, ""差し"": 20.8, ""まくり"": 18.5, ""まくり差し"": 15.7, ""抜き"": 6.6, ""恵まれ"": 1.4}","[""0〜600円"", ""600〜750円"", ""750〜900円"", ""900〜1050円"", ""1050〜1220円"", ""1220〜1410円"", ""1410〜1640円"", ""1640〜1890円"", ""1890〜2200円"", ""2200〜2560円"", ""2560〜3020円"", ""3020〜3580円"", ""3580〜4290円"", ""4290〜5220円"", ""5220〜6490円"", ""6490〜8310円"", ""8310〜11220円"", ""11220〜16240円"", ""16240〜28268円"", ""28268円〜""]","[0.5, 1.3, 2.8, 2.5, 3.4, 4.1, 4.8, 4.9, 6.0, 6.1, 5.7, 6.6, 5.6, 6.7, 7.1, 6.9, 6.8, 6.5, 6.8, 4.9]","[-4.5, -3.7, -2.2, -2.5, -1.6, -0.9, -0.2, -0.1, 1.0, 1.1, 0.7, 1.6, 0.6, 1.7, 2.1, 1.9, 1.8, 1.5, 1.8, -0.1]"
20260828,15,2,1,,"[[""1-2-4"", 0.0839], [""1-2-3"", 0.0689], [""1-2-6"", 0.0222], [""1-2-5"", 0.0109]]",2,20.4,"[[""2-1-4"", 0.0785], [""2-1-3"", 0.0645], [""2-1-6"", 0.0208], [""2-1-5"", 0.0102]]","[[""1-4-2"", 0.0494], [""2-4-1"", 0.0424], [""4-1-2"", 0.0357], [""4-2-1"", 0.0327]]",1-2,0.4038,False,False,0.7866,弱,"{""逃げ"": 36.9, ""差し"": 20.8, ""まくり"": 18.5, ""まくり差し"": 15.7, ""抜き"": 6.6, ""恵まれ"": 1.4}","[""0〜600円"", ""600〜750円"", ""750〜900円"", ""900〜1050円"", ""1050〜1220円"", ""1220〜1410円"", ""1410〜1640円"", ""1640〜1890円"", ""1890〜2200円"", ""2200〜2560円"", ""2560〜3020円"", ""3020〜3580円"", ""3580〜4290円"", ""4290〜5220円"", ""5220〜6490円"", ""6490〜8310円"", ""8310〜11220円"", ""11220〜16240円"", ""16240〜28268円"", ""28268円〜""]","[0.5, 1.3, 2.8, 2.5, 3.4, 4.1, 4.8, 4.9, 6.0, 6.1, 5.7, 6.6, 5.6, 6.7, 7.1, 6.9, 6.8, 6.5, 6.8, 4.9]","[-4.5, -3.7, -2.2, -2.5, -1.6, -0.9, -0.2, -0.1, 1.0, 1.1, 0.7, 1.6, 0.6, 1.7, 2.1, 1.9, 1.8, 1.5, 1.8, -0.1]"
20260828,15,3,4,68.2,"[[""4-2-1"", 0.0383], [""4-1-2"", 0.0374], [""4-2-5"", 0.0231], [""4-1-5"", 0.0216], [""4-2-3"", 0.0162], [""4-1-3"", 0.0151]]",2,44.7,"[[""2-4-1"", 0.0368], [""2-1-4"", 0.0339], [""2-4-5"", 0.0222], [""2-1-5"", 0.0175], [""2-4-3"", 0.0155], [""2-1-3"", 0.0123]]","[[""1-4-2"", 0.0355], [""1-2-4"", 0.0334], [""1-4-5"", 0.0205], [""4-5-2"", 0.0179]]",,,False,False,0.7866,強,"{""逃げ"": 68.1, ""まくり差し"": 10.1, ""差し"": 8.7, ""まくり"": 8.2, ""抜き"": 4.4, ""恵まれ"": 0.6}","[""0〜600円"", ""600〜750円"", ""750〜900円"", ""900〜1050円"", ""1050〜1220円"", ""1220〜1410円"", ""1410〜1640円"", ""1640〜1890円"", ""1890〜2200円"", ""2200〜2560円"", ""2560〜3020円"", ""3020〜3580円"", ""3580〜4290円"", ""4290〜5220円"", ""5220〜6490円"", ""6490〜8310円"", ""8310〜11220円"", ""11220〜16240円"", ""16240〜28268円"", ""28268円〜""]","[9.8, 8.2, 6.6, 5.9, 5.4, 5.3, 4.4, 5.5, 4.0, 4.7, 3.8, 4.1, 4.0, 3.5, 3.5, 4.2, 3.6, 4.1, 3.9, 5.5]","[4.8, 3.2, 1.6, 0.9, 0.4, 0.3, -0.6, 0.5, -1.0, -0.3, -1.2, -0.9, -1.0, -1.5, -1.5, -0.8, -1.4, -0.9, -1.1, 0.5]"
20260828,15,4,1,54.9,"[[""1-3-6"", 0.0432], [""1-3-2"", 0.0543], [""1-6-3"", 0.0419], [""1-2-3"", 0.0524], [""1-6-2"", 0.0474], [""1-2-6"", 0.0472], [""1-3-5"", 0.0434], [""1-5-3"", 0.0396], [""1-6-5"", 0.0379]]",6,25.1,"[[""6-1-3"", 0.0116], [""6-1-2"", 0.0131], [""6-1-5"", 0.0105]]","[[""1-2-5"", 0.0373], [""1-5-6"", 0.0357], [""1-5-2"", 0.0353], [""1-3-4"", 0.0315]]",,,False,False,0.7866,強,"{""逃げ"": 68.1, ""まくり差し"": 10.1, ""差し"": 8.7, ""まくり"": 8.2, ""抜き"": 4.4, ""恵まれ"": 0.6}","[""0〜600円"", ""600〜750円"", ""750〜900円"", ""900〜1050円"", ""1050〜1220円"", ""1220〜1410円"", ""1410〜1640円"", ""1640〜1890円"", ""1890〜2200円"", ""2200〜2560円"", ""2560〜3020円"", ""3020〜3580円"", ""3580〜4290円"", ""4290〜5220円"", ""5220〜6490円"", ""6490〜8310円"", ""8310〜11220円"", ""11220〜16240円"", ""16240〜28268円"", ""28268円〜""]","[9.8, 8.2, 6.6, 5.9, 5.4, 5.3, 4.4, 5.5, 4.0, 4.7, 3.8, 4.1, 4.0, 3.5, 3.5, 4.2, 3.6, 4.1, 3.9, 5.5]","[4.8, 3.2, 1.6, 0.9, 0.4, 0.3, -0.6, 0.5, -1.0, -0.3, -1.2, -0.9, -1.0, -1.5, -1.5, -0.8, -1.4, -0.9, -1.1, 0.5]"
20260828,15,5,1,57.1,"[[""1-3-2"", 0.1], [""1-3-5"", 0.0645], [""1-3-4"", 0.0496], [""1-3-6"", 0.0175]]",2,39.7,"[[""2-1-3"", 0.0364], [""2-1-5"", 0.0149], [""2-1-4"", 0.0115]]","[[""1-2-3"", 0.0784], [""3-1-2"", 0.0501], [""1-5-3"", 0.043], [""3-1-5"", 0.0323]]",,,False,True,0.8218,中,"{""逃げ"": 51.1, ""差し"": 15.3, ""まくり"": 13.1, ""まくり差し"": 13.8, ""抜き"": 5.8, ""恵まれ"": 0.9}","[""0〜600円"", ""600〜750円"", ""750〜900円"", ""900〜1050円"", ""1050〜1220円"", ""1220〜1410円"", ""1410〜1640円"", ""1640〜1890円"", ""1890〜2200円"", ""2200〜2560円"", ""2560〜3020円"", ""3020〜3580円"", ""3580〜4290円"", ""4290〜5220円"", ""5220〜6490円"", ""6490〜8310円"", ""8310〜11220円"", ""11220〜16240円"", ""16240〜28268円"", ""28268円〜""]","[4.9, 5.0, 4.3, 4.3, 4.7, 5.6, 5.6, 5.0, 5.2, 4.6, 5.5, 5.1, 5.6, 4.6, 4.9, 4.9, 4.8, 5.2, 5.5, 4.6]","[-0.1, 0.0, -0.7, -0.7, -0.3, 0.6, 0.6, 0.0, 0.2, -0.4, 0.5, 0.1, 0.6, -0.4, -0.1, -0.1, -0.2, 0.2, 0.5, -0.4]"
20260828,15,6,1,60.3,"[[""1-3-2"", 0.0793], [""1-3-4"", 0.0992], [""1-2-3"", 0.0757], [""1-4-3"", 0.0941], [""1-2-4"", 0.0861], [""1-4-2"", 0.0855], [""1-3-5"", 0.0115], [""1-2-5"", 0.01]]",3,27.9,"[[""3-1-2"", 0.0317], [""3-1-4"", 0.0397]]","[[""2-1-3"", 0.03], [""4-1-3"", 0.0372], [""2-1-4"", 0.0341], [""4-1-2"", 0.0338]]",,,False,False,0.7866,中,"{""逃げ"": 51.1, ""差し"": 15.3, ""まくり"": 13.1, ""まくり差し"": 13.8, ""抜き"": 5.8, ""恵まれ"": 0.9}","[""0〜600円"", ""600〜750円"", ""750〜900円"", ""900〜1050円"", ""1050〜1220円"", ""1220〜1410円"", ""1410〜1640円"", ""1640〜1890円"", ""1890〜2200円"", ""2200〜2560円"", ""2560〜3020円"", ""3020〜3580円"", ""3580〜4290円"", ""4290〜5220円"", ""5220〜6490円"", ""6490〜8310円"", ""8310〜11220円"", ""11220〜16240円"", ""16240〜28268円"", ""28268円〜""]","[4.9, 5.0, 4.3, 4.3, 4.7, 5.6, 5.6, 5.0, 5.2, 4.6, 5.5, 5.1, 5.6, 4.6, 4.9, 4.9, 4.8, 5.2, 5.5, 4.6]","[-0.1, 0.0, -0.7, -0.7, -0.3, 0.6, 0.6, 0.0, 0.2, -0.4, 0.5, 0.1, 0.6, -0.4, -0.1, -0.1, -0.2, 0.2, 0.5, -0.4]"
20260828,15,7,1,50.9,"[[""1-2-5"", 0.0905], [""1-2-6"", 0.1048], [""1-5-2"", 0.0805], [""1-6-2"", 0.0902], [""1-5-6"", 0.071], [""1-6-5"", 0.0688], [""1-2-4"", 0.036], [""1-2-3"", 0.031], [""1-4-2"", 0.0257]]",2,31.0,"[[""2-1-5"", 0.0161], [""2-1-6"", 0.0186]]","[[""1-5-4"", 0.0244], [""1-3-2"", 0.0219], [""1-6-4"", 0.0215], [""1-5-3"", 0.021]]",,,False,False,0.7866,強,"{""逃げ"": 68.1, ""まくり差し"": 10.1, ""差し"": 8.7, ""まくり"": 8.2, ""抜き"": 4.4, ""恵まれ"": 0.6}","[""0〜600円"", ""600〜750円"", ""750〜900円"", ""900〜1050円"", ""1050〜1220円"", ""1220〜1410円"", ""1410〜1640円"", ""1640〜1890円"", ""1890〜2200円"", ""2200〜2560円"", ""2560〜3020円"", ""3020〜3580円"", ""3580〜4290円"", ""4290〜5220円"", ""5220〜6490円"", ""6490〜8310円"", ""8310〜11220円"", ""11220〜16240円"", ""16240〜28268円"", ""28268円〜""]","[9.8, 8.2, 6.6, 5.9, 5.4, 5.3, 4.4, 5.5, 4.0, 4.7, 3.8, 4.1, 4.0, 3.5, 3.5, 4.2, 3.6, 4.1, 3.9, 5.5]","[4.8, 3.2, 1.6, 0.9, 0.4, 0.3, -0.6, 0.5, -1.0, -0.3, -1.2, -0.9, -1.0, -1.5, -1.5, -0.8, -1.4, -0.9, -1.1, 0.5]"
20260828,15,8,1,68.2,"[[""1-2-6"", 0.1222], [""1-2-4"", 0.0926], [""1-2-3"", 0.0846], [""1-2-5"", 0.0469]]",2,15.2,"[[""2-1-6"", 0.039], [""2-1-4"", 0.0296], [""2-1-3"", 0.027], [""2-1-5"", 0.015]]","[[""1-6-2"", 0.0725], [""1-4-2"", 0.0501], [""1-3-2"", 0.0452], [""6-1-2"", 0.021]]",1-2,0.5007,False,False,0.7866,強,"{""逃げ"": 68.1, ""まくり差し"": 10.1, ""差し"": 8.7, ""まくり"": 8.2, ""抜き"": 4.4, ""恵まれ"": 0.6}","[""0〜600円"", ""600〜750円"", ""750〜900円"", ""900〜1050円"", ""1050〜1220円"", ""1220〜1410円"", ""1410〜1640円"", ""1640〜1890円"", ""1890〜2200円"", ""2200〜2560円"", ""2560〜3020円"", ""3020〜3580円"", ""3580〜4290円"", ""4290〜5220円"", ""5220〜6490円"", ""6490〜8310円"", ""8310〜11220円"", ""11220〜16240円"", ""16240〜28268円"", ""28268円〜""]","[9.8, 8.2, 6.6, 5.9, 5.4, 5.3, 4.4, 5.5, 4.0, 4.7, 3.8, 4.1, 4.0, 3.5, 3.5, 4.2, 3.6, 4.1, 3.9, 5.5]","[4.8, 3.2, 1.6, 0.9, 0.4, 0.3, -0.6, 0.5, -1.0, -0.3, -1.2, -0.9, -1.0, -1.5, -1.5, -0.8, -1.4, -0.9, -1.1, 0.5]"
20260828,15,9,1,47.6,"[[""1-2-3"", 0.1336], [""1-3-2"", 0.1314], [""1-2-4"", 0.0524], [""1-3-4"", 0.0501], [""1-2-5"", 0.0307], [""1-3-5"", 0.0294], [""1-2-6"", 0.0175], [""1-3-6"", 0.0167]]",3,29.9,"[[""3-1-2"", 0.0482], [""3-1-4"", 0.0184], [""3-1-5"", 0.0108]]","[[""2-1-3"", 0.0493], [""1-4-2"", 0.0365], [""1-4-3"", 0.0355], [""1-5-2"", 0.0202]]",,,False,True,0.8218,中,"{""逃げ"": 51.1, ""差し"": 15.3, ""まくり"": 13.1, ""まくり差し"": 13.8, ""抜き"": 5.8, ""恵まれ"": 0.9}","[""0〜600円"", ""600〜750円"", ""750〜900円"", ""900〜1050円"", ""1050〜1220円"", ""1220〜1410円"", ""1410〜1640円"", ""1640〜1890円"", ""1890〜2200円"", ""2200〜2560円"", ""2560〜3020円"", ""3020〜3580円"", ""3580〜4290円"", ""4290〜5220円"", ""5220〜6490円"", ""6490〜8310円"", ""8310〜11220円"", ""11220〜16240円"", ""16240〜28268円"", ""28268円〜""]","[4.9, 5.0, 4.3, 4.3, 4.7, 5.6, 5.6, 5.0, 5.2, 4.6, 5.5, 5.1, 5.6, 4.6, 4.9, 4.9, 4.8, 5.2, 5.5, 4.6]","[-0.1, 0.0, -0.7, -0.7, -0.3, 0.6, 0.6, 0.0, 0.2, -0.4, 0.5, 0.1, 0.6, -0.4, -0.1, -0.1, -0.2, 0.2, 0.5, -0.4]"
20260828,15,10,1,53.8,"[[""1-2-3"", 0.0892], [""1-2-5"", 0.1024], [""1-2-4"", 0.0939], [""1-2-6"", 0.0133]]",2,22.9,"[[""2-1-3"", 0.0252], [""2-1-5"", 0.0289], [""2-1-4"", 0.0265]]","[[""1-3-2"", 0.0638], [""1-5-2"", 0.0721], [""1-4-2"", 0.065], [""1-3-5"", 0.0337]]",1-2,0.408,False,True,0.8218,強,"{""逃げ"": 68.1, ""まくり差し"": 10.1, ""差し"": 8.7, ""まくり"": 8.2, ""抜き"": 4.4, ""恵まれ"": 0.6}","[""0〜600円"", ""600〜750円"", ""750〜900円"", ""900〜1050円"", ""1050〜1220円"", ""1220〜1410円"", ""1410〜1640円"", ""1640〜1890円"", ""1890〜2200円"", ""2200〜2560円"", ""2560〜3020円"", ""3020〜3580円"", ""3580〜4290円"", ""4290〜5220円"", ""5220〜6490円"", ""6490〜8310円"", ""8310〜11220円"", ""11220〜16240円"", ""16240〜28268円"", ""28268円〜""]","[9.8, 8.2, 6.6, 5.9, 5.4, 5.3, 4.4, 5.5, 4.0, 4.7, 3.8, 4.1, 4.0, 3.5, 3.5, 4.2, 3.6, 4.1, 3.9, 5.5]","[4.8, 3.2, 1.6, 0.9, 0.4, 0.3, -0.6, 0.5, -1.0, -0.3, -1.2, -0.9, -1.0, -1.5, -1.5, -0.8, -1.4, -0.9, -1.1, 0.5]"
20260828,15,11,1,57.5,"[[""1-2-3"", 0.1322], [""1-2-4"", 0.0736], [""1-2-5"", 0.0671], [""1-2-6"", 0.0399]]",2,32.3,"[[""2-1-3"", 0.0517], [""2-1-4"", 0.0288], [""2-1-5"", 0.0262], [""2-1-6"", 0.0156]]","[[""1-3-2"", 0.0849], [""1-4-2"", 0.0406], [""1-5-2"", 0.0366], [""3-1-2"", 0.03]]",1-2,0.475,False,True,0.8218,強,"{""逃げ"": 68.1, ""まくり差し"": 10.1, ""差し"": 8.7, ""まくり"": 8.2, ""抜き"": 4.4, ""恵まれ"": 0.6}","[""0〜600円"", ""600〜750円"", ""750〜900円"", ""900〜1050円"", ""1050〜1220円"", ""1220〜1410円"", ""1410〜1640円"", ""1640〜1890円"", ""1890〜2200円"", ""2200〜2560円"", ""2560〜3020円"", ""3020〜3580円"", ""3580〜4290円"", ""4290〜5220円"", ""5220〜6490円"", ""6490〜8310円"", ""8310〜11220円"", ""11220〜16240円"", ""16240〜28268円"", ""28268円〜""]","[9.8, 8.2, 6.6, 5.9, 5.4, 5.3, 4.4, 5.5, 4.0, 4.7, 3.8, 4.1, 4.0, 3.5, 3.5, 4.2, 3.6, 4.1, 3.9, 5.5]","[4.8, 3.2, 1.6, 0.9, 0.4, 0.3, -0.6, 0.5, -1.0, -0.3, -1.2, -0.9, -1.0, -1.5, -1.5, -0.8, -1.4, -0.9, -1.1, 0.5]"
20260828,15,12,1,56.3,"[[""1-2-3"", 0.0551], [""1-2-4"", 0.0656], [""1-3-2"", 0.0501], [""1-4-2"", 0.0592], [""1-3-4"", 0.0466], [""1-4-3"", 0.0463], [""1-2-5"", 0.0333], [""1-5-2"", 0.026], [""1-3-5"", 0.0236]]",2,32.4,"[[""2-1-3"", 0.025], [""2-1-4"", 0.0298], [""2-1-5"", 0.0151], [""2-1-6"", 0.0102]]","[[""3-1-2"", 0.0221], [""4-1-2"", 0.026], [""1-4-5"", 0.023], [""1-2-6"", 0.0225]]",,,False,True,0.8218,強,"{""逃げ"": 68.1, ""まくり差し"": 10.1, ""差し"": 8.7, ""まくり"": 8.2, ""抜き"": 4.4, ""恵まれ"": 0.6}","[""0〜600円"", ""600〜750円"", ""750〜900円"", ""900〜1050円"", ""1050〜1220円"", ""1220〜1410円"", ""1410〜1640円"", ""1640〜1890円"", ""1890〜2200円"", ""2200〜2560円"", ""2560〜3020円"", ""3020〜3580円"", ""3580〜4290円"", ""4290〜5220円"", ""5220〜6490円"", ""6490〜8310円"", ""8310〜11220円"", ""11220〜16240円"", ""16240〜28268円"", ""28268円〜""]","[9.8, 8.2, 6.6, 5.9, 5.4, 5.3, 4.4, 5.5, 4.0, 4.7, 3.8, 4.1, 4.0, 3.5, 3.5, 4.2, 3.6, 4.1, 3.9, 5.5]","[4.8, 3.2, 1.6, 0.9, 0.4, 0.3, -0.6, 0.5, -1.0, -0.3, -1.2, -0.9, -1.0, -1.5, -1.5, -0.8, -1.4, -0.9, -1.1, 0.5]"
20260828,17,1,1,53.7,"[[""1-3-5"", 0.0896], [""1-3-4"", 0.0989], [""1-5-3"", 0.0714], [""1-4-3"", 0.0761], [""1-3-2"", 0.0714], [""1-2-3"", 0.0516], [""1-5-4"", 0.0455], [""1-4-5"", 0.0439], [""1-3-6"", 0.0436]]",3,48.0,"[[""3-1-5"", 0.012], [""3-1-4"", 0.0133]]","[[""1-5-2"", 0.0328], [""1-2-5"", 0.0298], [""1-6-3"", 0.0297], [""1-4-2"", 0.0275]]",,,False,False,0.7866,強,"{""逃げ"": 67.1, ""まくり"": 11.3, ""まくり差し"": 9.7, ""差し"": 6.4, ""抜き"": 4.8, ""恵まれ"": 0.7}","[""0〜600円"", ""600〜750円"", ""750〜900円"", ""900〜1050円"", ""1050〜1220円"", ""1220〜1410円"", ""1410〜1640円"", ""1640〜1890円"", ""1890〜2200円"", ""2200〜2560円"", ""2560〜3020円"", ""3020〜3580円"", ""3580〜4290円"", ""4290〜5220円"", ""5220〜6490円"", ""6490〜8310円"", ""8310〜11220円"", ""11220〜16240円"", ""16240〜28268円"", ""28268円〜""]","[7.2, 7.4, 7.5, 5.4, 6.1, 4.9, 5.3, 5.0, 5.0, 4.7, 3.8, 4.5, 3.2, 4.2, 3.7, 3.6, 3.6, 4.0, 4.8, 6.1]","[2.2, 2.4, 2.5, 0.4, 1.1, -0.1, 0.3, -0.0, 0.0, -0.3, -1.2, -0.5, -1.8, -0.8, -1.3, -1.4, -1.4, -1.0, -0.2, 1.1]"
20260828,17,2,1,43.4,"[[""1-2-3"", 0.0884], [""1-2-4"", 0.0995], [""1-3-2"", 0.0697], [""1-2-5"", 0.0847], [""1-4-2"", 0.0768], [""1-5-2"", 0.063], [""1-3-4"", 0.0446], [""1-4-3"", 0.0437], [""1-3-5"", 0.038]]",2,30.7,"[[""2-1-3"", 0.0201], [""2-1-4"", 0.0226], [""2-1-5"", 0.0192]]","[[""1-5-3"", 0.0359], [""1-4-5"", 0.0344], [""1-5-4"", 0.0331], [""3-1-2"", 0.0153]]",,,False,True,0.8218,強,"{""逃げ"": 67.1, ""まくり"": 11.3, ""まくり差し"": 9.7, ""差し"": 6.4, ""抜き"": 4.8, ""恵まれ"": 0.7}","[""0〜600円"", ""600〜750円"", ""750〜900円"", ""900〜1050円"", ""1050〜1220円"", ""1220〜1410円"", ""1410〜1640円"", ""1640〜1890円"", ""1890〜2200円"", ""2200〜2560円"", ""2560〜3020円"", ""3020〜3580円"", ""3580〜4290円"", ""4290〜5220円"", ""5220〜6490円"", ""6490〜8310円"", ""8310〜11220円"", ""11220〜16240円"", ""16240〜28268円"", ""28268円〜""]","[7.2, 7.4, 7.5, 5.4, 6.1, 4.9, 5.3, 5.0, 5.0, 4.7, 3.8, 4.5, 3.2, 4.2, 3.7, 3.6, 3.6, 4.0, 4.8, 6.1]","[2.2, 2.4, 2.5, 0.4, 1.1, -0.1, 0.3, -0.0, 0.0, -0.3, -1.2, -0.5, -1.8, -0.8, -1.3, -1.4, -1.4, -1.0, -0.2, 1.1]"
20260828,17,3,1,59.1,"[[""1-2-3"", 0.1507], [""1-2-5"", 0.0797], [""1-2-6"", 0.0463], [""1-2-4"", 0.0429]]",2,28.2,"[[""2-1-3"", 0.043], [""2-1-5"", 0.0227], [""2-1-6"", 0.0132], [""2-1-4"", 0.0122]]","[[""1-3-2"", 0.1101], [""1-5-2"", 0.048], [""3-1-2"", 0.0298], [""1-3-5"", 0.0341]]",1-2,0.4528,False,True,0.8218,強,"{""逃げ"": 67.1, ""まくり"": 11.3, ""まくり差し"": 9.7, ""差し"": 6.4, ""抜き"": 4.8, ""恵まれ"": 0.7}","[""0〜600円"", ""600〜750円"", ""750〜900円"", ""900〜1050円"", ""1050〜1220円"", ""1220〜1410円"", ""1410〜1640円"", ""1640〜1890円"", ""1890〜2200円"", ""2200〜2560円"", ""2560〜3020円"", ""3020〜3580円"", ""3580〜4290円"", ""4290〜5220円"", ""5220〜6490円"", ""6490〜8310円"", ""8310〜11220円"", ""11220〜16240円"", ""16240〜28268円"", ""28268円〜""]","[7.2, 7.4, 7.5, 5.4, 6.1, 4.9, 5.3, 5.0, 5.0, 4.7, 3.8, 4.5, 3.2, 4.2, 3.7, 3.6, 3.6, 4.0, 4.8, 6.1]","[2.2, 2.4, 2.5, 0.4, 1.1, -0.1, 0.3, -0.0, 0.0, -0.3, -1.2, -0.5, -1.8, -0.8, -1.3, -1.4, -1.4, -1.0, -0.2, 1.1]"
20260828,17,4,1,54.7,"[[""1-3-2"", 0.0838], [""1-2-3"", 0.0822], [""1-3-5"", 0.0691], [""1-2-5"", 0.065], [""1-5-3"", 0.0597], [""1-5-2"", 0.0572], [""1-3-4"", 0.0493], [""1-2-4"", 0.0464], [""1-4-3"", 0.0398]]",3,20.3,"[[""3-1-2"", 0.0212], [""3-1-5"", 0.0175], [""3-1-4"", 0.0125]]","[[""1-4-2"", 0.0381], [""1-5-4"", 0.0277], [""1-4-5"", 0.0258], [""2-1-3"", 0.0207]]",,,False,True,0.8218,強,"{""逃げ"": 67.1, ""まくり"": 11.3, ""まくり差し"": 9.7, ""差し"": 6.4, ""抜き"": 4.8, ""恵まれ"": 0.7}","[""0〜600円"", ""600〜750円"", ""750〜900円"", ""900〜1050円"", ""1050〜1220円"", ""1220〜1410円"", ""1410〜1640円"", ""1640〜1890円"", ""1890〜2200円"", ""2200〜2560円"", ""2560〜3020円"", ""3020〜3580円"", ""3580〜4290円"", ""4290〜5220円"", ""5220〜6490円"", ""6490〜8310円"", ""8310〜11220円"", ""11220〜16240円"", ""16240〜28268円"", ""28268円〜""]","[7.2, 7.4, 7.5, 5.4, 6.1, 4.9, 5.3, 5.0, 5.0, 4.7, 3.8, 4.5, 3.2, 4.2, 3.7, 3.6, 3.6, 4.0, 4.8, 6.1]","[2.2, 2.4, 2.5, 0.4, 1.1, -0.1, 0.3, -0.0, 0.0, -0.3, -1.2, -0.5, -1.8, -0.8, -1.3, -1.4, -1.4, -1.0, -0.2, 1.1]"
20260828,17,5,1,59.1,"[[""1-3-4"", 0.1139], [""1-3-2"", 0.0774], [""1-3-5"", 0.0367], [""1-3-6"", 0.0348]]",3,28.6,"[[""3-1-4"", 0.034], [""3-1-2"", 0.0231], [""3-1-5"", 0.011], [""3-1-6"", 0.0104]]","[[""1-4-3"", 0.097], [""1-2-3"", 0.0551], [""1-4-2"", 0.0486], [""1-2-4"", 0.0407]]",1-3,0.3813,False,False,0.7866,強,"{""逃げ"": 67.1, ""まくり"": 11.3, ""まくり差し"": 9.7, ""差し"": 6.4, ""抜き"": 4.8, ""恵まれ"": 0.7}","[""0〜600円"", ""600〜750円"", ""750〜900円"", ""900〜1050円"", ""1050〜1220円"", ""1220〜1410円"", ""1410〜1640円"", ""1640〜1890円"", ""1890〜2200円"", ""2200〜2560円"", ""2560〜3020円"", ""3020〜3580円"", ""3580〜4290円"", ""4290〜5220円"", ""5220〜6490円"", ""6490〜8310円"", ""8310〜11220円"", ""11220〜16240円"", ""16240〜28268円"", ""28268円〜""]","[7.2, 7.4, 7.5, 5.4, 6.1, 4.9, 5.3, 5.0, 5.0, 4.7, 3.8, 4.5, 3.2, 4.2, 3.7, 3.6, 3.6, 4.0, 4.8, 6.1]","[2.2, 2.4, 2.5, 0.4, 1.1, -0.1, 0.3, -0.0, 0.0, -0.3, -1.2, -0.5, -1.8, -0.8, -1.3, -1.4, -1.4, -1.0, -0.2, 1.1]"
20260828,17,6,1,26.0,"[[""1-4-3"", 0.0333], [""1-3-4"", 0.0274], [""1-4-2"", 0.0337], [""1-4-5"", 0.0288], [""1-2-4"", 0.0259], [""1-5-4"", 0.0215], [""1-3-2"", 0.0179], [""1-2-3"", 0.0168], [""1-3-5"", 0.0153]]",4,31.2,"[[""4-1-3"", 0.0328], [""4-3-1"", 0.0265], [""4-1-2"", 0.0332], [""4-1-5"", 0.0284], [""4-2-1"", 0.0251], [""4-5-1"", 0.0208]]","[[""3-1-4"", 0.0239], [""3-4-1"", 0.0234], [""2-1-4"", 0.0216], [""2-4-1"", 0.0212]]",,,False,False,0.7866,弱,"{""逃げ"": 35.4, ""まくり"": 25.0, ""差し"": 17.7, ""まくり差し"": 13.6, ""抜き"": 7.8, ""恵まれ"": 0.5}","[""0〜600円"", ""600〜750円"", ""750〜900円"", ""900〜1050円"", ""1050〜1220円"", ""1220〜1410円"", ""1410〜1640円"", ""1640〜1890円"", ""1890〜2200円"", ""2200〜2560円"", ""2560〜3020円"", ""3020〜3580円"", ""3580〜4290円"", ""4290〜5220円"", ""5220〜6490円"", ""6490〜8310円"", ""8310〜11220円"", ""11220〜16240円"", ""16240〜28268円"", ""28268円〜""]","[1.2, 2.2, 3.7, 3.9, 4.2, 4.5, 4.6, 5.0, 5.9, 6.3, 5.5, 5.5, 5.4, 6.6, 5.9, 5.3, 6.3, 7.2, 5.9, 4.9]","[-3.8, -2.8, -1.3, -1.1, -0.8, -0.5, -0.4, 0.0, 0.9, 1.3, 0.5, 0.5, 0.4, 1.6, 0.9, 0.3, 1.3, 2.2, 0.9, -0.1]"
20260828,17,7,1,44.4,"[[""1-4-2"", 0.1318], [""1-4-3"", 0.0453], [""1-4-6"", 0.0324], [""1-4-5"", 0.0239]]",4,23.3,"[[""4-1-2"", 0.1092], [""4-1-3"", 0.0375], [""4-1-6"", 0.0268], [""4-1-5"", 0.0198]]","[[""1-2-4"", 0.0698], [""4-2-1"", 0.0454], [""2-1-4"", 0.0447], [""2-4-1"", 0.0351]]",1-4,0.492,False,False,0.7866,中,"{""逃げ"": 53.3, ""まくり"": 16.6, ""まくり差し"": 13.2, ""差し"": 10.3, ""抜き"": 5.7, ""恵まれ"": 0.8}","[""0〜600円"", ""600〜750円"", ""750〜900円"", ""900〜1050円"", ""1050〜1220円"", ""1220〜1410円"", ""1410〜1640円"", ""1640〜1890円"", ""1890〜2200円"", ""2200〜2560円"", ""2560〜3020円"", ""3020〜3580円"", ""3580〜4290円"", ""4290〜5220円"", ""5220〜6490円"", ""6490〜8310円"", ""8310〜11220円"", ""11220〜16240円"", ""16240〜28268円"", ""28268円〜""]","[3.7, 5.6, 6.0, 4.8, 5.4, 5.7, 5.2, 4.4, 4.5, 4.6, 4.8, 5.1, 4.9, 5.1, 4.6, 5.6, 4.2, 4.3, 5.5, 6.0]","[-1.3, 0.6, 1.0, -0.2, 0.4, 0.7, 0.2, -0.6, -0.5, -0.4, -0.2, 0.1, -0.1, 0.1, -0.4, 0.6, -0.8, -0.7, 0.5, 1.0]"
20260828,17,8,1,40.0,"[[""1-2-4"", 0.0721], [""1-4-2"", 0.0678], [""1-2-3"", 0.0497], [""1-4-3"", 0.0409], [""1-3-2"", 0.0393], [""1-2-6"", 0.0354], [""1-3-4"", 0.0343], [""1-2-5"", 0.0304], [""1-4-6"", 0.0291]]",2,36.4,"[[""2-1-4"", 0.0317], [""2-1-3"", 0.0219], [""2-1-6"", 0.0156], [""2-1-5"", 0.0134]]","[[""4-1-2"", 0.0293], [""1-6-2"", 0.0265], [""1-4-5"", 0.025], [""1-6-4"", 0.0232]]",,,False,False,0.7866,中,"{""逃げ"": 53.3, ""まくり"": 16.6, ""まくり差し"": 13.2, ""差し"": 10.3, ""抜き"": 5.7, ""恵まれ"": 0.8}","[""0〜600円"", ""600〜750円"", ""750〜900円"", ""900〜1050円"", ""1050〜1220円"", ""1220〜1410円"", ""1410〜1640円"", ""1640〜1890円"", ""1890〜2200円"", ""2200〜2560円"", ""2560〜3020円"", ""3020〜3580円"", ""3580〜4290円"", ""4290〜5220円"", ""5220〜6490円"", ""6490〜8310円"", ""8310〜11220円"", ""11220〜16240円"", ""16240〜28268円"", ""28268円〜""]","[3.7, 5.6, 6.0, 4.8, 5.4, 5.7, 5.2, 4.4, 4.5, 4.6, 4.8, 5.1, 4.9, 5.1, 4.6, 5.6, 4.2, 4.3, 5.5, 6.0]","[-1.3, 0.6, 1.0, -0.2, 0.4, 0.7, 0.2, -0.6, -0.5, -0.4, -0.2, 0.1, -0.1, 0.1, -0.4, 0.6, -0.8, -0.7, 0.5, 1.0]"
20260828,17,9,2,51.9,"[[""2-1-5"", 0.0241], [""2-1-3"", 0.0292], [""2-5-1"", 0.0222], [""2-3-1"", 0.0265], [""2-5-3"", 0.0218], [""2-3-5"", 0.0215], [""2-1-4"", 0.0187], [""2-4-1"", 0.0153], [""2-5-4"", 0.0139]]",1,28.6,"[[""1-2-5"", 0.0226], [""1-2-3"", 0.0275], [""1-5-2"", 0.0192], [""1-3-2"", 0.0231], [""1-2-4"", 0.0176], [""1-5-3"", 0.0157]]","[[""5-2-1"", 0.0197], [""3-2-1"", 0.0234], [""5-1-2"", 0.0182], [""3-1-2"", 0.0216]]",,,False,False,0.7866,中,"{""逃げ"": 53.3, ""まくり"": 16.6, ""まくり差し"": 13.2, ""差し"": 10.3, ""抜き"": 5.7, ""恵まれ"": 0.8}","[""0〜600円"", ""600〜750円"", ""750〜900円"", ""900〜1050円"", ""1050〜1220円"", ""1220〜1410円"", ""1410〜1640円"", ""1640〜1890円"", ""1890〜2200円"", ""2200〜2560円"", ""2560〜3020円"", ""3020〜3580円"", ""3580〜4290円"", ""4290〜5220円"", ""5220〜6490円"", ""6490〜8310円"", ""8310〜11220円"", ""11220〜16240円"", ""16240〜28268円"", ""28268円〜""]","[3.7, 5.6, 6.0, 4.8, 5.4, 5.7, 5.2, 4.4, 4.5, 4.6, 4.8, 5.1, 4.9, 5.1, 4.6, 5.6, 4.2, 4.3, 5.5, 6.0]","[-1.3, 0.6, 1.0, -0.2, 0.4, 0.7, 0.2, -0.6, -0.5, -0.4, -0.2, 0.1, -0.1, 0.1, -0.4, 0.6, -0.8, -0.7, 0.5, 1.0]"
20260828,17,10,1,61.1,"[[""1-4-2"", 0.0918], [""1-2-4"", 0.0869], [""1-4-3"", 0.1088], [""1-3-4"", 0.1001], [""1-2-3"", 0.0914], [""1-3-2"", 0.0888], [""1-4-6"", 0.0262], [""1-2-6"", 0.022], [""1-3-6"", 0.0199]]",4,31.1,"[[""4-1-2"", 0.0214], [""4-1-3"", 0.0253]]","[[""2-1-4"", 0.0201], [""3-1-4"", 0.023], [""2-1-3"", 0.0211], [""3-1-2"", 0.0204]]",,,False,False,0.7866,強,"{""逃げ"": 67.1, ""まくり"": 11.3, ""まくり差し"": 9.7, ""差し"": 6.4, ""抜き"": 4.8, ""恵まれ"": 0.7}","[""0〜600円"", ""600〜750円"", ""750〜900円"", ""900〜1050円"", ""1050〜1220円"", ""1220〜1410円"", ""1410〜1640円"", ""1640〜1890円"", ""1890〜2200円"", ""2200〜2560円"", ""2560〜3020円"", ""3020〜3580円"", ""3580〜4290円"", ""4290〜5220円"", ""5220〜6490円"", ""6490〜8310円"", ""8310〜11220円"", ""11220〜16240円"", ""16240〜28268円"", ""28268円〜""]","[7.2, 7.4, 7.5, 5.4, 6.1, 4.9, 5.3, 5.0, 5.0, 4.7, 3.8, 4.5, 3.2, 4.2, 3.7, 3.6, 3.6, 4.0, 4.8, 6.1]","[2.2, 2.4, 2.5, 0.4, 1.1, -0.1, 0.3, -0.0, 0.0, -0.3, -1.2, -0.5, -1.8, -0.8, -1.3, -1.4, -1.4, -1.0, -0.2, 1.1]"
20260828,17,11,1,52.3,"[[""1-2-3"", 0.0806], [""1-3-2"", 0.0771], [""1-2-5"", 0.0536], [""1-3-5"", 0.0468], [""1-5-2"", 0.0427], [""1-5-3"", 0.039], [""1-2-4"", 0.0364], [""1-3-4"", 0.0318], [""1-4-2"", 0.0272]]",2,31.8,"[[""2-1-3"", 0.0348], [""2-1-5"", 0.0232], [""2-1-4"", 0.0157]]","[[""3-1-2"", 0.0329], [""1-4-3"", 0.0248], [""1-2-6"", 0.0224], [""3-1-5"", 0.02]]",,,False,True,0.8218,強,"{""逃げ"": 67.1, ""まくり"": 11.3, ""まくり差し"": 9.7, ""差し"": 6.4, ""抜き"": 4.8, ""恵まれ"": 0.7}","[""0〜600円"", ""600〜750円"", ""750〜900円"", ""900〜1050円"", ""1050〜1220円"", ""1220〜1410円"", ""1410〜1640円"", ""1640〜1890円"", ""1890〜2200円"", ""2200〜2560円"", ""2560〜3020円"", ""3020〜3580円"", ""3580〜4290円"", ""4290〜5220円"", ""5220〜6490円"", ""6490〜8310円"", ""8310〜11220円"", ""11220〜16240円"", ""16240〜28268円"", ""28268円〜""]","[7.2, 7.4, 7.5, 5.4, 6.1, 4.9, 5.3, 5.0, 5.0, 4.7, 3.8, 4.5, 3.2, 4.2, 3.7, 3.6, 3.6, 4.0, 4.8, 6.1]","[2.2, 2.4, 2.5, 0.4, 1.1, -0.1, 0.3, -0.0, 0.0, -0.3, -1.2, -0.5, -1.8, -0.8, -1.3, -1.4, -1.4, -1.0, -0.2, 1.1]"
20260828,17,12,1,54.9,"[[""1-2-4"", 0.0701], [""1-4-2"", 0.0694], [""1-2-3"", 0.0576], [""1-4-3"", 0.0556], [""1-2-5"", 0.0511], [""1-3-2"", 0.0498], [""1-4-5"", 0.0493], [""1-3-4"", 0.0486], [""1-5-2"", 0.0431]]",2,29.4,"[[""2-1-4"", 0.0205], [""2-1-3"", 0.0169], [""2-1-5"", 0.015]]","[[""1-5-4"", 0.042], [""1-3-5"", 0.0279], [""1-5-3"", 0.0272], [""4-1-2"", 0.0203]]",,,False,False,0.7866,強,"{""逃げ"": 67.1, ""まくり"": 11.3, ""まくり差し"": 9.7, ""差し"": 6.4, ""抜き"": 4.8, ""恵まれ"": 0.7}","[""0〜600円"", ""600〜750円"", ""750〜900円"", ""900〜1050円"", ""1050〜1220円"", ""1220〜1410円"", ""1410〜1640円"", ""1640〜1890円"", ""1890〜2200円"", ""2200〜2560円"", ""2560〜3020円"", ""3020〜3580円"", ""3580〜4290円"", ""4290〜5220円"", ""5220〜6490円"", ""6490〜8310円"", ""8310〜11220円"", ""11220〜16240円"", ""16240〜28268円"", ""28268円〜""]","[7.2, 7.4, 7.5, 5.4, 6.1, 4.9, 5.3, 5.0, 5.0, 4.7, 3.8, 4.5, 3.2, 4.2, 3.7, 3.6, 3.6, 4.0, 4.8, 6.1]","[2.2, 2.4, 2.5, 0.4, 1.1, -0.1, 0.3, -0.0, 0.0, -0.3, -1.2, -0.5, -1.8, -0.8, -1.3, -1.4, -1.4, -1.0, -0.2, 1.1]"
20260828,23,1,1,52.1,"[[""1-2-3"", 0.0613], [""1-2-5"", 0.0722], [""1-3-2"", 0.0562], [""1-5-2"", 0.0655], [""1-3-5"", 0.0518], [""1-5-3"", 0.0513], [""1-2-4"", 0.0457], [""1-4-2"", 0.0375], [""1-3-4"", 0.0328]]",2,26.0,"[[""2-1-3"", 0.016], [""2-1-5"", 0.0188], [""2-1-4"", 0.0119]]","[[""1-2-6"", 0.0327], [""1-5-4"", 0.0314], [""1-4-3"", 0.0294], [""1-4-5"", 0.0284]]",,,False,True,0.8218,中,"{""逃げ"": 52.5, ""まくり差し"": 13.1, ""まくり"": 12.8, ""差し"": 13.5, ""抜き"": 7.2, ""恵まれ"": 1.0}","[""0〜600円"", ""600〜750円"", ""750〜900円"", ""900〜1050円"", ""1050〜1220円"", ""1220〜1410円"", ""1410〜1640円"", ""1640〜1890円"", ""1890〜2200円"", ""2200〜2560円"", ""2560〜3020円"", ""3020〜3580円"", ""3580〜4290円"", ""4290〜5220円"", ""5220〜6490円"", ""6490〜8310円"", ""8310〜11220円"", ""11220〜16240円"", ""16240〜28268円"", ""28268円〜""]","[5.5, 5.8, 5.6, 6.2, 4.4, 4.7, 5.5, 5.4, 5.9, 4.8, 4.6, 4.3, 4.8, 4.0, 5.0, 4.3, 5.4, 5.1, 4.4, 4.2]","[0.5, 0.8, 0.6, 1.2, -0.6, -0.3, 0.5, 0.4, 0.9, -0.2, -0.4, -0.7, -0.2, -1.0, 0.0, -0.7, 0.4, 0.1, -0.6, -0.8]"
20260828,23,2,1,39.8,"[[""1-3-5"", 0.1327], [""1-3-4"", 0.1306], [""1-3-2"", 0.1164], [""1-3-6"", 0.0245]]",3,9.0,"[[""3-1-5"", 0.0131], [""3-1-4"", 0.0129], [""3-1-2"", 0.0115]]","[[""1-5-3"", 0.0849], [""1-4-3"", 0.0792], [""1-2-3"", 0.0692], [""1-5-4"", 0.0339]]",1-3,0.4838,False,False,0.7866,強,"{""逃げ"": 66.7, ""まくり差し"": 8.2, ""まくり"": 9.1, ""差し"": 9.2, ""抜き"": 5.8, ""恵まれ"": 1.0}","[""0〜600円"", ""600〜750円"", ""750〜900円"", ""900〜1050円"", ""1050〜1220円"", ""1220〜1410円"", ""1410〜1640円"", ""1640〜1890円"", ""1890〜2200円"", ""2200〜2560円"", ""2560〜3020円"", ""3020〜3580円"", ""3580〜4290円"", ""4290〜5220円"", ""5220〜6490円"", ""6490〜8310円"", ""8310〜11220円"", ""11220〜16240円"", ""16240〜28268円"", ""28268円〜""]","[10.8, 7.8, 6.5, 6.0, 6.2, 4.9, 4.9, 4.2, 4.2, 3.9, 4.5, 3.4, 4.1, 4.0, 3.7, 3.8, 3.7, 3.4, 4.0, 6.1]","[5.8, 2.8, 1.5, 1.0, 1.2, -0.1, -0.1, -0.8, -0.8, -1.1, -0.5, -1.6, -0.9, -1.0, -1.3, -1.2, -1.3, -1.6, -1.0, 1.1]"
20260828,23,3,1,39.2,"[[""1-3-2"", 0.1663], [""1-3-4"", 0.1099], [""1-3-5"", 0.0657], [""1-3-6"", 0.01]]",3,33.0,"[[""3-1-2"", 0.123], [""3-1-4"", 0.0813], [""3-1-5"", 0.0486]]","[[""1-2-3"", 0.0494], [""3-2-1"", 0.026], [""2-1-3"", 0.0252], [""1-4-3"", 0.0305]]",1-3,0.675,True,True,0.8218,中,"{""逃げ"": 52.5, ""まくり差し"": 13.1, ""まくり"": 12.8, ""差し"": 13.5, ""抜き"": 7.2, ""恵まれ"": 1.0}","[""0〜600円"", ""600〜750円"", ""750〜900円"", ""900〜1050円"", ""1050〜1220円"", ""1220〜1410円"", ""1410〜1640円"", ""1640〜1890円"", ""1890〜2200円"", ""2200〜2560円"", ""2560〜3020円"", ""3020〜3580円"", ""3580〜4290円"", ""4290〜5220円"", ""5220〜6490円"", ""6490〜8310円"", ""8310〜11220円"", ""11220〜16240円"", ""16240〜28268円"", ""28268円〜""]","[5.5, 5.8, 5.6, 6.2, 4.4, 4.7, 5.5, 5.4, 5.9, 4.8, 4.6, 4.3, 4.8, 4.0, 5.0, 4.3, 5.4, 5.1, 4.4, 4.2]","[0.5, 0.8, 0.6, 1.2, -0.6, -0.3, 0.5, 0.4, 0.9, -0.2, -0.4, -0.7, -0.2, -1.0, 0.0, -0.7, 0.4, 0.1, -0.6, -0.8]"
20260828,23,4,1,48.7,"[[""1-2-5"", 0.0799], [""1-2-3"", 0.068], [""1-2-4"", 0.0208], [""1-2-6"", 0.0196]]",2,26.0,"[[""2-1-5"", 0.0512], [""2-1-3"", 0.0436], [""2-1-4"", 0.0133], [""2-1-6"", 0.0126]]","[[""1-5-2"", 0.0639], [""1-3-2"", 0.0482], [""5-1-2"", 0.0374], [""1-5-3"", 0.0358]]",1-2,0.3445,False,False,0.7866,中,"{""逃げ"": 52.5, ""まくり差し"": 13.1, ""まくり"": 12.8, ""差し"": 13.5, ""抜き"": 7.2, ""恵まれ"": 1.0}","[""0〜600円"", ""600〜750円"", ""750〜900円"", ""900〜1050円"", ""1050〜1220円"", ""1220〜1410円"", ""1410〜1640円"", ""1640〜1890円"", ""1890〜2200円"", ""2200〜2560円"", ""2560〜3020円"", ""3020〜3580円"", ""3580〜4290円"", ""4290〜5220円"", ""5220〜6490円"", ""6490〜8310円"", ""8310〜11220円"", ""11220〜16240円"", ""16240〜28268円"", ""28268円〜""]","[5.5, 5.8, 5.6, 6.2, 4.4, 4.7, 5.5, 5.4, 5.9, 4.8, 4.6, 4.3, 4.8, 4.0, 5.0, 4.3, 5.4, 5.1, 4.4, 4.2]","[0.5, 0.8, 0.6, 1.2, -0.6, -0.3, 0.5, 0.4, 0.9, -0.2, -0.4, -0.7, -0.2, -1.0, 0.0, -0.7, 0.4, 0.1, -0.6, -0.8]"
20260828,23,5,1,52.5,"[[""1-2-4"", 0.1234], [""1-2-3"", 0.0459], [""1-2-6"", 0.0416], [""1-2-5"", 0.0297]]",2,19.8,"[[""2-1-4"", 0.0995], [""2-1-3"", 0.037], [""2-1-6"", 0.0335], [""2-1-5"", 0.0239]]","[[""1-4-2"", 0.064], [""4-1-2"", 0.0397], [""2-4-1"", 0.0394], [""4-2-1"", 0.0303]]",1-2,0.4949,False,False,0.7866,中,"{""逃げ"": 52.5, ""まくり差し"": 13.1, ""まくり"": 12.8, ""差し"": 13.5, ""抜き"": 7.2, ""恵まれ"": 1.0}","[""0〜600円"", ""600〜750円"", ""750〜900円"", ""900〜1050円"", ""1050〜1220円"", ""1220〜1410円"", ""1410〜1640円"", ""1640〜1890円"", ""1890〜2200円"", ""2200〜2560円"", ""2560〜3020円"", ""3020〜3580円"", ""3580〜4290円"", ""4290〜5220円"", ""5220〜6490円"", ""6490〜8310円"", ""8310〜11220円"", ""11220〜16240円"", ""16240〜28268円"", ""28268円〜""]","[5.5, 5.8, 5.6, 6.2, 4.4, 4.7, 5.5, 5.4, 5.9, 4.8, 4.6, 4.3, 4.8, 4.0, 5.0, 4.3, 5.4, 5.1, 4.4, 4.2]","[0.5, 0.8, 0.6, 1.2, -0.6, -0.3, 0.5, 0.4, 0.9, -0.2, -0.4, -0.7, -0.2, -1.0, 0.0, -0.7, 0.4, 0.1, -0.6, -0.8]"
20260828,23,6,1,56.8,"[[""1-2-3"", 0.2006], [""1-2-6"", 0.0607], [""1-2-4"", 0.0365]]",2,32.3,"[[""2-1-3"", 0.0886], [""2-1-6"", 0.0268], [""2-1-4"", 0.0161]]","[[""1-3-2"", 0.1335], [""3-1-2"", 0.0535], [""1-6-2"", 0.03], [""2-3-1"", 0.0207]]",1-2,0.5062,False,True,0.8218,中,"{""逃げ"": 52.5, ""まくり差し"": 13.1, ""まくり"": 12.8, ""差し"": 13.5, ""抜き"": 7.2, ""恵まれ"": 1.0}","[""0〜600円"", ""600〜750円"", ""750〜900円"", ""900〜1050円"", ""1050〜1220円"", ""1220〜1410円"", ""1410〜1640円"", ""1640〜1890円"", ""1890〜2200円"", ""2200〜2560円"", ""2560〜3020円"", ""3020〜3580円"", ""3580〜4290円"", ""4290〜5220円"", ""5220〜6490円"", ""6490〜8310円"", ""8310〜11220円"", ""11220〜16240円"", ""16240〜28268円"", ""28268円〜""]","[5.5, 5.8, 5.6, 6.2, 4.4, 4.7, 5.5, 5.4, 5.9, 4.8, 4.6, 4.3, 4.8, 4.0, 5.0, 4.3, 5.4, 5.1, 4.4, 4.2]","[0.5, 0.8, 0.6, 1.2, -0.6, -0.3, 0.5, 0.4, 0.9, -0.2, -0.4, -0.7, -0.2, -1.0, 0.0, -0.7, 0.4, 0.1, -0.6, -0.8]"
20260828,23,7,1,48.7,"[[""1-3-2"", 0.1106], [""1-3-4"", 0.0397], [""1-3-5"", 0.0204]]",2,31.7,"[[""2-1-3"", 0.0691], [""2-1-4"", 0.0223], [""2-1-5"", 0.0115]]","[[""1-2-3"", 0.103], [""3-1-2"", 0.0765], [""3-2-1"", 0.0412], [""2-3-1"", 0.04]]",,,False,True,0.8218,中,"{""逃げ"": 52.5, ""まくり差し"": 13.1, ""まくり"": 12.8, ""差し"": 13.5, ""抜き"": 7.2, ""恵まれ"": 1.0}","[""0〜600円"", ""600〜750円"", ""750〜900円"", ""900〜1050円"", ""1050〜1220円"", ""1220〜1410円"", ""1410〜1640円"", ""1640〜1890円"", ""1890〜2200円"", ""2200〜2560円"", ""2560〜3020円"", ""3020〜3580円"", ""3580〜4290円"", ""4290〜5220円"", ""5220〜6490円"", ""6490〜8310円"", ""8310〜11220円"", ""11220〜16240円"", ""16240〜28268円"", ""28268円〜""]","[5.5, 5.8, 5.6, 6.2, 4.4, 4.7, 5.5, 5.4, 5.9, 4.8, 4.6, 4.3, 4.8, 4.0, 5.0, 4.3, 5.4, 5.1, 4.4, 4.2]","[0.5, 0.8, 0.6, 1.2, -0.6, -0.3, 0.5, 0.4, 0.9, -0.2, -0.4, -0.7, -0.2, -1.0, 0.0, -0.7, 0.4, 0.1, -0.6, -0.8]"
20260828,23,8,2,58.1,"[[""2-1-3"", 0.1166], [""2-1-5"", 0.0407], [""2-1-6"", 0.0362], [""2-1-4"", 0.0233]]",1,25.8,"[[""1-2-3"", 0.0886], [""1-2-5"", 0.0309], [""1-2-6"", 0.0275], [""1-2-4"", 0.0177]]","[[""2-3-1"", 0.0742], [""3-2-1"", 0.047], [""1-3-2"", 0.0393], [""3-1-2"", 0.0327]]",1-2,0.4371,False,False,0.7866,強,"{""逃げ"": 66.7, ""まくり差し"": 8.2, ""まくり"": 9.1, ""差し"": 9.2, ""抜き"": 5.8, ""恵まれ"": 1.0}","[""0〜600円"", ""600〜750円"", ""750〜900円"", ""900〜1050円"", ""1050〜1220円"", ""1220〜1410円"", ""1410〜1640円"", ""1640〜1890円"", ""1890〜2200円"", ""2200〜2560円"", ""2560〜3020円"", ""3020〜3580円"", ""3580〜4290円"", ""4290〜5220円"", ""5220〜6490円"", ""6490〜8310円"", ""8310〜11220円"", ""11220〜16240円"", ""16240〜28268円"", ""28268円〜""]","[10.8, 7.8, 6.5, 6.0, 6.2, 4.9, 4.9, 4.2, 4.2, 3.9, 4.5, 3.4, 4.1, 4.0, 3.7, 3.8, 3.7, 3.4, 4.0, 6.1]","[5.8, 2.8, 1.5, 1.0, 1.2, -0.1, -0.1, -0.8, -0.8, -1.1, -0.5, -1.6, -0.9, -1.0, -1.3, -1.2, -1.3, -1.6, -1.0, 1.1]"
20260828,23,9,1,57.2,"[[""1-2-4"", 0.1002], [""1-2-6"", 0.0862], [""1-2-3"", 0.074], [""1-2-5"", 0.0543]]",2,22.9,"[[""2-1-4"", 0.0248], [""2-1-6"", 0.0214], [""2-1-3"", 0.0183], [""2-1-5"", 0.0135]]","[[""1-4-2"", 0.0708], [""1-6-2"", 0.0562], [""1-3-2"", 0.0472], [""1-5-2"", 0.0334]]",1-2,0.4266,False,False,0.7866,強,"{""逃げ"": 66.7, ""まくり差し"": 8.2, ""まくり"": 9.1, ""差し"": 9.2, ""抜き"": 5.8, ""恵まれ"": 1.0}","[""0〜600円"", ""600〜750円"", ""750〜900円"", ""900〜1050円"", ""1050〜1220円"", ""1220〜1410円"", ""1410〜1640円"", ""1640〜1890円"", ""1890〜2200円"", ""2200〜2560円"", ""2560〜3020円"", ""3020〜3580円"", ""3580〜4290円"", ""4290〜5220円"", ""5220〜6490円"", ""6490〜8310円"", ""8310〜11220円"", ""11220〜16240円"", ""16240〜28268円"", ""28268円〜""]","[10.8, 7.8, 6.5, 6.0, 6.2, 4.9, 4.9, 4.2, 4.2, 3.9, 4.5, 3.4, 4.1, 4.0, 3.7, 3.8, 3.7, 3.4, 4.0, 6.1]","[5.8, 2.8, 1.5, 1.0, 1.2, -0.1, -0.1, -0.8, -0.8, -1.1, -0.5, -1.6, -0.9, -1.0, -1.3, -1.2, -1.3, -1.6, -1.0, 1.1]"
20260828,23,10,1,58.7,"[[""1-2-3"", 0.0646], [""1-2-4"", 0.0741], [""1-3-2"", 0.0605], [""1-4-2"", 0.0679], [""1-3-4"", 0.0596], [""1-4-3"", 0.0583], [""1-2-6"", 0.019], [""1-2-5"", 0.0179], [""1-3-6"", 0.0153]]",2,26.3,"[[""2-1-3"", 0.0312], [""2-1-4"", 0.0358]]","[[""3-1-2"", 0.0285], [""4-1-2"", 0.0318], [""3-1-4"", 0.0281], [""4-1-3"", 0.0273]]",,,False,True,0.8218,中,"{""逃げ"": 52.5, ""まくり差し"": 13.1, ""まくり"": 12.8, ""差し"": 13.5, ""抜き"": 7.2, ""恵まれ"": 1.0}","[""0〜600円"", ""600〜750円"", ""750〜900円"", ""900〜1050円"", ""1050〜1220円"", ""1220〜1410円"", ""1410〜1640円"", ""1640〜1890円"", ""1890〜2200円"", ""2200〜2560円"", ""2560〜3020円"", ""3020〜3580円"", ""3580〜4290円"", ""4290〜5220円"", ""5220〜6490円"", ""6490〜8310円"", ""8310〜11220円"", ""11220〜16240円"", ""16240〜28268円"", ""28268円〜""]","[5.5, 5.8, 5.6, 6.2, 4.4, 4.7, 5.5, 5.4, 5.9, 4.8, 4.6, 4.3, 4.8, 4.0, 5.0, 4.3, 5.4, 5.1, 4.4, 4.2]","[0.5, 0.8, 0.6, 1.2, -0.6, -0.3, 0.5, 0.4, 0.9, -0.2, -0.4, -0.7, -0.2, -1.0, 0.0, -0.7, 0.4, 0.1, -0.6, -0.8]"
20260828,23,11,1,45.5,"[[""1-2-5"", 0.0489], [""1-2-4"", 0.0612], [""1-2-3"", 0.0581], [""1-5-2"", 0.0447], [""1-4-2"", 0.0557], [""1-3-2"", 0.0521], [""1-5-4"", 0.0426], [""1-4-5"", 0.0424], [""1-5-3"", 0.0404]]",2,27.6,"[[""2-1-5"", 0.0145], [""2-1-4"", 0.0181], [""2-1-3"", 0.0172]]","[[""1-3-5"", 0.0396], [""1-4-3"", 0.0396], [""1-3-4"", 0.039], [""1-2-6"", 0.0249]]",,,False,False,0.7866,強,"{""逃げ"": 66.7, ""まくり差し"": 8.2, ""まくり"": 9.1, ""差し"": 9.2, ""抜き"": 5.8, ""恵まれ"": 1.0}","[""0〜600円"", ""600〜750円"", ""750〜900円"", ""900〜1050円"", ""1050〜1220円"", ""1220〜1410円"", ""1410〜1640円"", ""1640〜1890円"", ""1890〜2200円"", ""2200〜2560円"", ""2560〜3020円"", ""3020〜3580円"", ""3580〜4290円"", ""4290〜5220円"", ""5220〜6490円"", ""6490〜8310円"", ""8310〜11220円"", ""11220〜16240円"", ""16240〜28268円"", ""28268円〜""]","[10.8, 7.8, 6.5, 6.0, 6.2, 4.9, 4.9, 4.2, 4.2, 3.9, 4.5, 3.4, 4.1, 4.0, 3.7, 3.8, 3.7, 3.4, 4.0, 6.1]","[5.8, 2.8, 1.5, 1.0, 1.2, -0.1, -0.1, -0.8, -0.8, -1.1, -0.5, -1.6, -0.9, -1.0, -1.3, -1.2, -1.3, -1.6, -1.0, 1.1]"
20260828,23,12,1,58.1,"[[""1-2-3"", 0.0714], [""1-3-2"", 0.0703], [""1-2-4"", 0.067], [""1-3-4"", 0.0638], [""1-4-2"", 0.0601], [""1-4-3"", 0.0581], [""1-2-5"", 0.0286], [""1-3-5"", 0.0273], [""1-5-2"", 0.0219]]",2,32.5,"[[""2-1-3"", 0.029], [""2-1-4"", 0.0272], [""2-1-5"", 0.0116]]","[[""3-1-2"", 0.0285], [""3-1-4"", 0.0258], [""4-1-2"", 0.0237], [""4-1-3"", 0.0229]]",,,False,True,0.8218,強,"{""逃げ"": 66.7, ""まくり差し"": 8.2, ""まくり"": 9.1, ""差し"": 9.2, ""抜き"": 5.8, ""恵まれ"": 1.0}","[""0〜600円"", ""600〜750円"", ""750〜900円"", ""900〜1050円"", ""1050〜1220円"", ""1220〜1410円"", ""1410〜1640円"", ""1640〜1890円"", ""1890〜2200円"", ""2200〜2560円"", ""2560〜3020円"", ""3020〜3580円"", ""3580〜4290円"", ""4290〜5220円"", ""5220〜6490円"", ""6490〜8310円"", ""8310〜11220円"", ""11220〜16240円"", ""16240〜28268円"", ""28268円〜""]","[10.8, 7.8, 6.5, 6.0, 6.2, 4.9, 4.9, 4.2, 4.2, 3.9, 4.5, 3.4, 4.1, 4.0, 3.7, 3.8, 3.7, 3.4, 4.0, 6.1]","[5.8, 2.8, 1.5, 1.0, 1.2, -0.1, -0.1, -0.8, -0.8, -1.1, -0.5, -1.6, -0.9, -1.0, -1.3, -1.2, -1.3, -1.6, -1.0, 1.1]"
