date,jcd,r,favorite_boat,favorite_nige_rate,scenario1_tickets,challenger_boat,challenger_makuri_rate,scenario2_tickets,scenario3_tickets,aligned_pair,aligned_pair_prob,aligned_pair_flag,knn_agree_trio,knn_trio_calibration_ratio,strength_bin,kimarite_dist,payout_bucket_labels,payout_bucket_pct,payout_bucket_deviation
20260813,01,1,3,39.1,"[[""3-2-1"", 0.0191], [""3-1-2"", 0.019], [""3-2-5"", 0.0229], [""3-5-2"", 0.0225], [""3-1-5"", 0.0222], [""3-5-1"", 0.0221], [""3-2-4"", 0.0164], [""3-1-4"", 0.0159], [""3-5-4"", 0.0155]]",2,40.7,"[[""2-3-1"", 0.0187], [""2-3-5"", 0.0223], [""2-1-3"", 0.0179], [""2-5-3"", 0.0213], [""2-1-5"", 0.0192], [""2-5-1"", 0.0191]]","[[""1-3-2"", 0.0184], [""5-3-2"", 0.0218], [""1-2-3"", 0.0178], [""1-3-5"", 0.0215]]",,,False,True,0.8218,中,"{""逃げ"": 48.3, ""まくり"": 19.0, ""まくり差し"": 14.1, ""差し"": 11.4, ""抜き"": 6.2, ""恵まれ"": 0.9}","[""0〜600円"", ""600〜750円"", ""750〜900円"", ""900〜1050円"", ""1050〜1220円"", ""1220〜1410円"", ""1410〜1640円"", ""1640〜1890円"", ""1890〜2200円"", ""2200〜2560円"", ""2560〜3020円"", ""3020〜3580円"", ""3580〜4290円"", ""4290〜5220円"", ""5220〜6490円"", ""6490〜8310円"", ""8310〜11220円"", ""11220〜16240円"", ""16240〜28268円"", ""28268円〜""]","[2.6, 3.4, 4.9, 4.8, 4.9, 4.6, 4.8, 4.7, 5.0, 4.3, 4.9, 5.5, 4.8, 6.0, 5.6, 6.9, 5.5, 6.0, 5.4, 5.5]","[-2.4, -1.6, -0.1, -0.2, -0.1, -0.4, -0.2, -0.3, 0.0, -0.7, -0.1, 0.5, -0.2, 1.0, 0.6, 1.9, 0.5, 1.0, 0.4, 0.5]"
20260813,01,2,2,52.1,"[[""2-6-1"", 0.0269], [""2-6-3"", 0.0341], [""2-1-6"", 0.0258], [""2-3-6"", 0.0327], [""2-1-3"", 0.0297], [""2-3-1"", 0.0297]]",1,,"[[""1-2-6"", 0.0243], [""1-6-2"", 0.0232], [""1-2-3"", 0.0279], [""1-3-2"", 0.0256], [""1-6-3"", 0.0241], [""1-3-6"", 0.0232]]","[[""6-2-1"", 0.026], [""6-2-3"", 0.033], [""3-2-6"", 0.0307], [""6-1-2"", 0.0238]]",,,False,False,0.7866,中,"{""逃げ"": 48.3, ""まくり"": 19.0, ""まくり差し"": 14.1, ""差し"": 11.4, ""抜き"": 6.2, ""恵まれ"": 0.9}","[""0〜600円"", ""600〜750円"", ""750〜900円"", ""900〜1050円"", ""1050〜1220円"", ""1220〜1410円"", ""1410〜1640円"", ""1640〜1890円"", ""1890〜2200円"", ""2200〜2560円"", ""2560〜3020円"", ""3020〜3580円"", ""3580〜4290円"", ""4290〜5220円"", ""5220〜6490円"", ""6490〜8310円"", ""8310〜11220円"", ""11220〜16240円"", ""16240〜28268円"", ""28268円〜""]","[2.6, 3.4, 4.9, 4.8, 4.9, 4.6, 4.8, 4.7, 5.0, 4.3, 4.9, 5.5, 4.8, 6.0, 5.6, 6.9, 5.5, 6.0, 5.4, 5.5]","[-2.4, -1.6, -0.1, -0.2, -0.1, -0.4, -0.2, -0.3, 0.0, -0.7, -0.1, 0.5, -0.2, 1.0, 0.6, 1.9, 0.5, 1.0, 0.4, 0.5]"
20260813,01,3,1,67.3,"[[""1-2-4"", 0.099], [""1-2-5"", 0.015], [""1-2-3"", 0.0121]]",2,37.5,"[[""2-1-4"", 0.0883], [""2-1-5"", 0.0134], [""2-1-3"", 0.0108]]","[[""1-4-2"", 0.0986], [""4-1-2"", 0.0877], [""2-4-1"", 0.0724], [""4-2-1"", 0.0723]]",1-2,0.2959,False,True,0.8218,中,"{""逃げ"": 48.3, ""まくり"": 19.0, ""まくり差し"": 14.1, ""差し"": 11.4, ""抜き"": 6.2, ""恵まれ"": 0.9}","[""0〜600円"", ""600〜750円"", ""750〜900円"", ""900〜1050円"", ""1050〜1220円"", ""1220〜1410円"", ""1410〜1640円"", ""1640〜1890円"", ""1890〜2200円"", ""2200〜2560円"", ""2560〜3020円"", ""3020〜3580円"", ""3580〜4290円"", ""4290〜5220円"", ""5220〜6490円"", ""6490〜8310円"", ""8310〜11220円"", ""11220〜16240円"", ""16240〜28268円"", ""28268円〜""]","[2.6, 3.4, 4.9, 4.8, 4.9, 4.6, 4.8, 4.7, 5.0, 4.3, 4.9, 5.5, 4.8, 6.0, 5.6, 6.9, 5.5, 6.0, 5.4, 5.5]","[-2.4, -1.6, -0.1, -0.2, -0.1, -0.4, -0.2, -0.3, 0.0, -0.7, -0.1, 0.5, -0.2, 1.0, 0.6, 1.9, 0.5, 1.0, 0.4, 0.5]"
20260813,01,4,3,48.6,"[[""3-1-2"", 0.1064], [""3-1-4"", 0.0585], [""3-1-5"", 0.0286], [""3-1-6"", 0.0165]]",1,13.7,"[[""1-3-2"", 0.0772], [""1-3-4"", 0.0425], [""1-3-5"", 0.0208], [""1-3-6"", 0.012]]","[[""3-2-1"", 0.0738], [""2-3-1"", 0.0462], [""1-2-3"", 0.0352], [""2-1-3"", 0.0303]]",1-3,0.4022,False,True,0.8218,強,"{""逃げ"": 65.0, ""まくり差し"": 11.9, ""まくり"": 11.0, ""差し"": 6.9, ""抜き"": 4.5, ""恵まれ"": 0.7}","[""0〜600円"", ""600〜750円"", ""750〜900円"", ""900〜1050円"", ""1050〜1220円"", ""1220〜1410円"", ""1410〜1640円"", ""1640〜1890円"", ""1890〜2200円"", ""2200〜2560円"", ""2560〜3020円"", ""3020〜3580円"", ""3580〜4290円"", ""4290〜5220円"", ""5220〜6490円"", ""6490〜8310円"", ""8310〜11220円"", ""11220〜16240円"", ""16240〜28268円"", ""28268円〜""]","[7.1, 7.2, 6.1, 5.7, 6.5, 5.6, 5.1, 5.5, 3.8, 4.3, 4.2, 4.4, 4.1, 4.4, 3.7, 3.8, 3.5, 4.7, 5.1, 5.4]","[2.1, 2.2, 1.1, 0.7, 1.5, 0.6, 0.1, 0.5, -1.2, -0.7, -0.8, -0.6, -0.9, -0.6, -1.3, -1.2, -1.5, -0.3, 0.1, 0.4]"
20260813,01,5,4,59.6,"[[""4-1-3"", 0.0512], [""4-1-6"", 0.0466], [""4-1-2"", 0.0371], [""4-1-5"", 0.0362]]",1,40.7,"[[""1-4-3"", 0.0498], [""1-4-6"", 0.0452], [""1-4-2"", 0.036], [""1-4-5"", 0.0352]]","[[""4-3-1"", 0.0295], [""1-3-4"", 0.0277], [""3-4-1"", 0.0213], [""3-1-4"", 0.0206]]",1-4,0.3647,False,False,0.7866,強,"{""逃げ"": 65.0, ""まくり差し"": 11.9, ""まくり"": 11.0, ""差し"": 6.9, ""抜き"": 4.5, ""恵まれ"": 0.7}","[""0〜600円"", ""600〜750円"", ""750〜900円"", ""900〜1050円"", ""1050〜1220円"", ""1220〜1410円"", ""1410〜1640円"", ""1640〜1890円"", ""1890〜2200円"", ""2200〜2560円"", ""2560〜3020円"", ""3020〜3580円"", ""3580〜4290円"", ""4290〜5220円"", ""5220〜6490円"", ""6490〜8310円"", ""8310〜11220円"", ""11220〜16240円"", ""16240〜28268円"", ""28268円〜""]","[7.1, 7.2, 6.1, 5.7, 6.5, 5.6, 5.1, 5.5, 3.8, 4.3, 4.2, 4.4, 4.1, 4.4, 3.7, 3.8, 3.5, 4.7, 5.1, 5.4]","[2.1, 2.2, 1.1, 0.7, 1.5, 0.6, 0.1, 0.5, -1.2, -0.7, -0.8, -0.6, -0.9, -0.6, -1.3, -1.2, -1.5, -0.3, 0.1, 0.4]"
20260813,01,6,1,57.8,"[[""1-4-3"", 0.106], [""1-3-4"", 0.1007], [""1-4-2"", 0.0866], [""1-3-2"", 0.0739], [""1-2-4"", 0.071], [""1-2-3"", 0.0638], [""1-4-5"", 0.0506], [""1-3-5"", 0.0431], [""1-5-4"", 0.0376]]",4,45.5,"[[""4-1-3"", 0.0177], [""4-1-2"", 0.0144]]","[[""1-5-3"", 0.0338], [""1-2-5"", 0.0239], [""1-5-2"", 0.0217], [""3-1-4"", 0.0167]]",,,False,False,0.7866,強,"{""逃げ"": 65.0, ""まくり差し"": 11.9, ""まくり"": 11.0, ""差し"": 6.9, ""抜き"": 4.5, ""恵まれ"": 0.7}","[""0〜600円"", ""600〜750円"", ""750〜900円"", ""900〜1050円"", ""1050〜1220円"", ""1220〜1410円"", ""1410〜1640円"", ""1640〜1890円"", ""1890〜2200円"", ""2200〜2560円"", ""2560〜3020円"", ""3020〜3580円"", ""3580〜4290円"", ""4290〜5220円"", ""5220〜6490円"", ""6490〜8310円"", ""8310〜11220円"", ""11220〜16240円"", ""16240〜28268円"", ""28268円〜""]","[7.1, 7.2, 6.1, 5.7, 6.5, 5.6, 5.1, 5.5, 3.8, 4.3, 4.2, 4.4, 4.1, 4.4, 3.7, 3.8, 3.5, 4.7, 5.1, 5.4]","[2.1, 2.2, 1.1, 0.7, 1.5, 0.6, 0.1, 0.5, -1.2, -0.7, -0.8, -0.6, -0.9, -0.6, -1.3, -1.2, -1.5, -0.3, 0.1, 0.4]"
20260813,01,7,1,58.5,"[[""1-3-2"", 0.1686], [""1-3-4"", 0.0399], [""1-3-6"", 0.038]]",3,32.0,"[[""3-1-2"", 0.099], [""3-1-4"", 0.0235], [""3-1-6"", 0.0223]]","[[""1-2-3"", 0.1221], [""2-1-3"", 0.0648], [""3-2-1"", 0.0347], [""2-3-1"", 0.0314]]",1-3,0.4566,False,True,0.8218,中,"{""逃げ"": 48.3, ""まくり"": 19.0, ""まくり差し"": 14.1, ""差し"": 11.4, ""抜き"": 6.2, ""恵まれ"": 0.9}","[""0〜600円"", ""600〜750円"", ""750〜900円"", ""900〜1050円"", ""1050〜1220円"", ""1220〜1410円"", ""1410〜1640円"", ""1640〜1890円"", ""1890〜2200円"", ""2200〜2560円"", ""2560〜3020円"", ""3020〜3580円"", ""3580〜4290円"", ""4290〜5220円"", ""5220〜6490円"", ""6490〜8310円"", ""8310〜11220円"", ""11220〜16240円"", ""16240〜28268円"", ""28268円〜""]","[2.6, 3.4, 4.9, 4.8, 4.9, 4.6, 4.8, 4.7, 5.0, 4.3, 4.9, 5.5, 4.8, 6.0, 5.6, 6.9, 5.5, 6.0, 5.4, 5.5]","[-2.4, -1.6, -0.1, -0.2, -0.1, -0.4, -0.2, -0.3, 0.0, -0.7, -0.1, 0.5, -0.2, 1.0, 0.6, 1.9, 0.5, 1.0, 0.4, 0.5]"
20260813,01,8,1,44.2,"[[""1-5-2"", 0.1226], [""1-5-4"", 0.1226], [""1-5-3"", 0.0554], [""1-5-6"", 0.0195]]",5,30.9,"[[""5-1-2"", 0.0902], [""5-1-4"", 0.0901], [""5-1-3"", 0.0408], [""5-1-6"", 0.0143]]","[[""1-2-5"", 0.044], [""1-4-5"", 0.0426], [""2-1-5"", 0.023], [""5-2-1"", 0.0229]]",1-5,0.6132,True,False,0.7866,強,"{""逃げ"": 65.0, ""まくり差し"": 11.9, ""まくり"": 11.0, ""差し"": 6.9, ""抜き"": 4.5, ""恵まれ"": 0.7}","[""0〜600円"", ""600〜750円"", ""750〜900円"", ""900〜1050円"", ""1050〜1220円"", ""1220〜1410円"", ""1410〜1640円"", ""1640〜1890円"", ""1890〜2200円"", ""2200〜2560円"", ""2560〜3020円"", ""3020〜3580円"", ""3580〜4290円"", ""4290〜5220円"", ""5220〜6490円"", ""6490〜8310円"", ""8310〜11220円"", ""11220〜16240円"", ""16240〜28268円"", ""28268円〜""]","[7.1, 7.2, 6.1, 5.7, 6.5, 5.6, 5.1, 5.5, 3.8, 4.3, 4.2, 4.4, 4.1, 4.4, 3.7, 3.8, 3.5, 4.7, 5.1, 5.4]","[2.1, 2.2, 1.1, 0.7, 1.5, 0.6, 0.1, 0.5, -1.2, -0.7, -0.8, -0.6, -0.9, -0.6, -1.3, -1.2, -1.5, -0.3, 0.1, 0.4]"
20260813,01,9,2,49.2,"[[""2-3-1"", 0.0618], [""2-3-4"", 0.0686], [""2-3-6"", 0.014], [""2-3-5"", 0.0131]]",4,43.5,"[[""4-2-3"", 0.0335], [""4-2-1"", 0.016]]","[[""3-2-1"", 0.0576], [""3-2-4"", 0.0639], [""2-1-3"", 0.0417], [""2-4-3"", 0.0451]]",,,False,True,0.8218,強,"{""逃げ"": 65.0, ""まくり差し"": 11.9, ""まくり"": 11.0, ""差し"": 6.9, ""抜き"": 4.5, ""恵まれ"": 0.7}","[""0〜600円"", ""600〜750円"", ""750〜900円"", ""900〜1050円"", ""1050〜1220円"", ""1220〜1410円"", ""1410〜1640円"", ""1640〜1890円"", ""1890〜2200円"", ""2200〜2560円"", ""2560〜3020円"", ""3020〜3580円"", ""3580〜4290円"", ""4290〜5220円"", ""5220〜6490円"", ""6490〜8310円"", ""8310〜11220円"", ""11220〜16240円"", ""16240〜28268円"", ""28268円〜""]","[7.1, 7.2, 6.1, 5.7, 6.5, 5.6, 5.1, 5.5, 3.8, 4.3, 4.2, 4.4, 4.1, 4.4, 3.7, 3.8, 3.5, 4.7, 5.1, 5.4]","[2.1, 2.2, 1.1, 0.7, 1.5, 0.6, 0.1, 0.5, -1.2, -0.7, -0.8, -0.6, -0.9, -0.6, -1.3, -1.2, -1.5, -0.3, 0.1, 0.4]"
20260813,01,10,1,51.2,"[[""1-3-6"", 0.0276], [""1-6-3"", 0.0256], [""1-3-2"", 0.029], [""1-2-3"", 0.0253], [""1-6-2"", 0.0222], [""1-2-6"", 0.021], [""1-3-4"", 0.0198], [""1-4-3"", 0.0159], [""1-6-4"", 0.0152]]",3,25.1,"[[""3-1-6"", 0.0247], [""3-1-2"", 0.0258], [""3-6-1"", 0.0197], [""3-2-1"", 0.0196], [""3-1-4"", 0.0176], [""3-4-1"", 0.0125]]","[[""6-1-3"", 0.0218], [""6-3-1"", 0.0188], [""2-1-3"", 0.0208], [""6-1-2"", 0.0189]]",,,False,False,0.7866,弱,"{""逃げ"": 30.6, ""まくり"": 27.2, ""まくり差し"": 16.7, ""差し"": 17.3, ""抜き"": 7.2, ""恵まれ"": 1.0}","[""0〜600円"", ""600〜750円"", ""750〜900円"", ""900〜1050円"", ""1050〜1220円"", ""1220〜1410円"", ""1410〜1640円"", ""1640〜1890円"", ""1890〜2200円"", ""2200〜2560円"", ""2560〜3020円"", ""3020〜3580円"", ""3580〜4290円"", ""4290〜5220円"", ""5220〜6490円"", ""6490〜8310円"", ""8310〜11220円"", ""11220〜16240円"", ""16240〜28268円"", ""28268円〜""]","[0.4, 1.1, 1.6, 2.3, 3.4, 2.8, 4.1, 5.1, 5.7, 6.3, 4.8, 5.8, 7.1, 8.4, 8.3, 6.9, 6.9, 7.5, 6.5, 5.0]","[-4.6, -3.9, -3.4, -2.7, -1.6, -2.2, -0.9, 0.1, 0.7, 1.3, -0.2, 0.8, 2.1, 3.4, 3.3, 1.9, 1.9, 2.5, 1.5, -0.0]"
20260813,01,11,1,47.8,"[[""1-2-3"", 0.0653], [""1-3-2"", 0.061], [""1-2-4"", 0.0376], [""1-3-4"", 0.031], [""1-2-5"", 0.0234], [""1-3-5"", 0.0193], [""1-2-6"", 0.0128], [""1-3-6"", 0.0106]]",2,30.1,"[[""2-1-3"", 0.0489], [""2-1-4"", 0.0282], [""2-1-5"", 0.0175]]","[[""3-1-2"", 0.0442], [""2-3-1"", 0.0305], [""3-2-1"", 0.0295], [""1-4-2"", 0.028]]",,,False,True,0.8218,中,"{""逃げ"": 48.3, ""まくり"": 19.0, ""まくり差し"": 14.1, ""差し"": 11.4, ""抜き"": 6.2, ""恵まれ"": 0.9}","[""0〜600円"", ""600〜750円"", ""750〜900円"", ""900〜1050円"", ""1050〜1220円"", ""1220〜1410円"", ""1410〜1640円"", ""1640〜1890円"", ""1890〜2200円"", ""2200〜2560円"", ""2560〜3020円"", ""3020〜3580円"", ""3580〜4290円"", ""4290〜5220円"", ""5220〜6490円"", ""6490〜8310円"", ""8310〜11220円"", ""11220〜16240円"", ""16240〜28268円"", ""28268円〜""]","[2.6, 3.4, 4.9, 4.8, 4.9, 4.6, 4.8, 4.7, 5.0, 4.3, 4.9, 5.5, 4.8, 6.0, 5.6, 6.9, 5.5, 6.0, 5.4, 5.5]","[-2.4, -1.6, -0.1, -0.2, -0.1, -0.4, -0.2, -0.3, 0.0, -0.7, -0.1, 0.5, -0.2, 1.0, 0.6, 1.9, 0.5, 1.0, 0.4, 0.5]"
20260813,01,12,1,48.6,"[[""1-2-4"", 0.1507], [""1-2-3"", 0.143], [""1-2-5"", 0.0629], [""1-2-6"", 0.0394]]",2,22.5,"[[""2-1-4"", 0.0434], [""2-1-3"", 0.0412], [""2-1-5"", 0.0181], [""2-1-6"", 0.0114]]","[[""1-4-2"", 0.0776], [""1-3-2"", 0.0696], [""1-5-2"", 0.0281], [""4-1-2"", 0.0201]]",1-2,0.5628,True,False,0.7866,強,"{""逃げ"": 65.0, ""まくり差し"": 11.9, ""まくり"": 11.0, ""差し"": 6.9, ""抜き"": 4.5, ""恵まれ"": 0.7}","[""0〜600円"", ""600〜750円"", ""750〜900円"", ""900〜1050円"", ""1050〜1220円"", ""1220〜1410円"", ""1410〜1640円"", ""1640〜1890円"", ""1890〜2200円"", ""2200〜2560円"", ""2560〜3020円"", ""3020〜3580円"", ""3580〜4290円"", ""4290〜5220円"", ""5220〜6490円"", ""6490〜8310円"", ""8310〜11220円"", ""11220〜16240円"", ""16240〜28268円"", ""28268円〜""]","[7.1, 7.2, 6.1, 5.7, 6.5, 5.6, 5.1, 5.5, 3.8, 4.3, 4.2, 4.4, 4.1, 4.4, 3.7, 3.8, 3.5, 4.7, 5.1, 5.4]","[2.1, 2.2, 1.1, 0.7, 1.5, 0.6, 0.1, 0.5, -1.2, -0.7, -0.8, -0.6, -0.9, -0.6, -1.3, -1.2, -1.5, -0.3, 0.1, 0.4]"
20260813,02,1,4,41.7,"[[""4-1-2"", 0.0613], [""4-1-6"", 0.068], [""4-1-3"", 0.0675]]",1,25.5,"[[""1-4-2"", 0.0456], [""1-4-6"", 0.0507], [""1-4-3"", 0.0503]]","[[""4-2-1"", 0.0384], [""4-6-1"", 0.0414], [""4-3-1"", 0.0411], [""2-4-1"", 0.0233]]",1-4,0.3853,False,False,0.7866,強,"{""逃げ"": 55.9, ""まくり"": 16.4, ""まくり差し"": 10.5, ""差し"": 10.2, ""抜き"": 6.4, ""恵まれ"": 0.7}","[""0〜600円"", ""600〜750円"", ""750〜900円"", ""900〜1050円"", ""1050〜1220円"", ""1220〜1410円"", ""1410〜1640円"", ""1640〜1890円"", ""1890〜2200円"", ""2200〜2560円"", ""2560〜3020円"", ""3020〜3580円"", ""3580〜4290円"", ""4290〜5220円"", ""5220〜6490円"", ""6490〜8310円"", ""8310〜11220円"", ""11220〜16240円"", ""16240〜28268円"", ""28268円〜""]","[2.5, 4.7, 5.2, 5.0, 5.4, 4.8, 5.4, 4.4, 5.1, 5.6, 5.1, 5.1, 4.7, 4.3, 5.0, 5.9, 5.7, 5.3, 5.5, 5.2]","[-2.5, -0.3, 0.2, 0.0, 0.4, -0.2, 0.4, -0.6, 0.1, 0.6, 0.1, 0.1, -0.3, -0.7, -0.0, 0.9, 0.7, 0.3, 0.5, 0.2]"
20260813,02,2,3,49.3,"[[""3-1-4"", 0.0938], [""3-1-5"", 0.116], [""3-1-6"", 0.0279], [""3-1-2"", 0.0279]]",1,41.4,"[[""1-3-4"", 0.0751], [""1-3-5"", 0.0929], [""1-3-6"", 0.0224], [""1-3-2"", 0.0223]]","[[""3-4-1"", 0.0416], [""3-5-1"", 0.0512], [""1-4-3"", 0.0258], [""1-5-3"", 0.0317]]",1-3,0.5241,True,False,0.7866,強,"{""逃げ"": 55.9, ""まくり"": 16.4, ""まくり差し"": 10.5, ""差し"": 10.2, ""抜き"": 6.4, ""恵まれ"": 0.7}","[""0〜600円"", ""600〜750円"", ""750〜900円"", ""900〜1050円"", ""1050〜1220円"", ""1220〜1410円"", ""1410〜1640円"", ""1640〜1890円"", ""1890〜2200円"", ""2200〜2560円"", ""2560〜3020円"", ""3020〜3580円"", ""3580〜4290円"", ""4290〜5220円"", ""5220〜6490円"", ""6490〜8310円"", ""8310〜11220円"", ""11220〜16240円"", ""16240〜28268円"", ""28268円〜""]","[2.5, 4.7, 5.2, 5.0, 5.4, 4.8, 5.4, 4.4, 5.1, 5.6, 5.1, 5.1, 4.7, 4.3, 5.0, 5.9, 5.7, 5.3, 5.5, 5.2]","[-2.5, -0.3, 0.2, 0.0, 0.4, -0.2, 0.4, -0.6, 0.1, 0.6, 0.1, 0.1, -0.3, -0.7, -0.0, 0.9, 0.7, 0.3, 0.5, 0.2]"
20260813,02,3,2,49.5,"[[""2-1-6"", 0.0689], [""2-1-3"", 0.073], [""2-1-4"", 0.0439], [""2-1-5"", 0.0273]]",1,18.1,"[[""1-2-6"", 0.0617], [""1-2-3"", 0.0654], [""1-2-4"", 0.0393], [""1-2-5"", 0.0245]]","[[""2-6-1"", 0.0354], [""2-3-1"", 0.0364], [""1-6-2"", 0.0278], [""6-2-1"", 0.0232]]",1-2,0.4393,False,False,0.7866,強,"{""逃げ"": 55.9, ""まくり"": 16.4, ""まくり差し"": 10.5, ""差し"": 10.2, ""抜き"": 6.4, ""恵まれ"": 0.7}","[""0〜600円"", ""600〜750円"", ""750〜900円"", ""900〜1050円"", ""1050〜1220円"", ""1220〜1410円"", ""1410〜1640円"", ""1640〜1890円"", ""1890〜2200円"", ""2200〜2560円"", ""2560〜3020円"", ""3020〜3580円"", ""3580〜4290円"", ""4290〜5220円"", ""5220〜6490円"", ""6490〜8310円"", ""8310〜11220円"", ""11220〜16240円"", ""16240〜28268円"", ""28268円〜""]","[2.5, 4.7, 5.2, 5.0, 5.4, 4.8, 5.4, 4.4, 5.1, 5.6, 5.1, 5.1, 4.7, 4.3, 5.0, 5.9, 5.7, 5.3, 5.5, 5.2]","[-2.5, -0.3, 0.2, 0.0, 0.4, -0.2, 0.4, -0.6, 0.1, 0.6, 0.1, 0.1, -0.3, -0.7, -0.0, 0.9, 0.7, 0.3, 0.5, 0.2]"
20260813,02,4,4,58.4,"[[""4-2-1"", 0.0768], [""4-2-6"", 0.0281], [""4-2-3"", 0.0269], [""4-2-5"", 0.0245]]",2,27.4,"[[""2-4-1"", 0.0621], [""2-4-6"", 0.0227], [""2-4-3"", 0.0218], [""2-4-5"", 0.0198]]","[[""4-1-2"", 0.0624], [""1-4-2"", 0.0456], [""2-1-4"", 0.0375], [""1-2-4"", 0.0339]]",2-4,0.3204,False,False,0.7866,強,"{""逃げ"": 55.9, ""まくり"": 16.4, ""まくり差し"": 10.5, ""差し"": 10.2, ""抜き"": 6.4, ""恵まれ"": 0.7}","[""0〜600円"", ""600〜750円"", ""750〜900円"", ""900〜1050円"", ""1050〜1220円"", ""1220〜1410円"", ""1410〜1640円"", ""1640〜1890円"", ""1890〜2200円"", ""2200〜2560円"", ""2560〜3020円"", ""3020〜3580円"", ""3580〜4290円"", ""4290〜5220円"", ""5220〜6490円"", ""6490〜8310円"", ""8310〜11220円"", ""11220〜16240円"", ""16240〜28268円"", ""28268円〜""]","[2.5, 4.7, 5.2, 5.0, 5.4, 4.8, 5.4, 4.4, 5.1, 5.6, 5.1, 5.1, 4.7, 4.3, 5.0, 5.9, 5.7, 5.3, 5.5, 5.2]","[-2.5, -0.3, 0.2, 0.0, 0.4, -0.2, 0.4, -0.6, 0.1, 0.6, 0.1, 0.1, -0.3, -0.7, -0.0, 0.9, 0.7, 0.3, 0.5, 0.2]"
20260813,02,5,1,54.2,"[[""1-4-5"", 0.143], [""1-4-2"", 0.093], [""1-4-3"", 0.0665]]",4,38.5,"[[""4-1-5"", 0.0614], [""4-1-2"", 0.0399], [""4-1-3"", 0.0285]]","[[""1-5-4"", 0.0869], [""1-2-4"", 0.049], [""5-1-4"", 0.0331], [""1-3-4"", 0.0337]]",1-4,0.5008,False,False,0.7866,強,"{""逃げ"": 55.9, ""まくり"": 16.4, ""まくり差し"": 10.5, ""差し"": 10.2, ""抜き"": 6.4, ""恵まれ"": 0.7}","[""0〜600円"", ""600〜750円"", ""750〜900円"", ""900〜1050円"", ""1050〜1220円"", ""1220〜1410円"", ""1410〜1640円"", ""1640〜1890円"", ""1890〜2200円"", ""2200〜2560円"", ""2560〜3020円"", ""3020〜3580円"", ""3580〜4290円"", ""4290〜5220円"", ""5220〜6490円"", ""6490〜8310円"", ""8310〜11220円"", ""11220〜16240円"", ""16240〜28268円"", ""28268円〜""]","[2.5, 4.7, 5.2, 5.0, 5.4, 4.8, 5.4, 4.4, 5.1, 5.6, 5.1, 5.1, 4.7, 4.3, 5.0, 5.9, 5.7, 5.3, 5.5, 5.2]","[-2.5, -0.3, 0.2, 0.0, 0.4, -0.2, 0.4, -0.6, 0.1, 0.6, 0.1, 0.1, -0.3, -0.7, -0.0, 0.9, 0.7, 0.3, 0.5, 0.2]"
20260813,02,6,3,50.0,"[[""3-2-4"", 0.0426], [""3-2-1"", 0.051], [""3-4-2"", 0.0389], [""3-1-2"", 0.0455], [""3-4-1"", 0.0373], [""3-1-4"", 0.0365], [""3-2-5"", 0.0175], [""3-2-6"", 0.0135], [""3-5-2"", 0.0128]]",2,32.9,"[[""2-3-4"", 0.0312], [""2-3-1"", 0.0373], [""2-3-5"", 0.0128]]","[[""4-3-2"", 0.0271], [""1-3-2"", 0.0314], [""4-3-1"", 0.0261], [""1-3-4"", 0.0252]]",,,False,False,0.7866,強,"{""逃げ"": 55.9, ""まくり"": 16.4, ""まくり差し"": 10.5, ""差し"": 10.2, ""抜き"": 6.4, ""恵まれ"": 0.7}","[""0〜600円"", ""600〜750円"", ""750〜900円"", ""900〜1050円"", ""1050〜1220円"", ""1220〜1410円"", ""1410〜1640円"", ""1640〜1890円"", ""1890〜2200円"", ""2200〜2560円"", ""2560〜3020円"", ""3020〜3580円"", ""3580〜4290円"", ""4290〜5220円"", ""5220〜6490円"", ""6490〜8310円"", ""8310〜11220円"", ""11220〜16240円"", ""16240〜28268円"", ""28268円〜""]","[2.5, 4.7, 5.2, 5.0, 5.4, 4.8, 5.4, 4.4, 5.1, 5.6, 5.1, 5.1, 4.7, 4.3, 5.0, 5.9, 5.7, 5.3, 5.5, 5.2]","[-2.5, -0.3, 0.2, 0.0, 0.4, -0.2, 0.4, -0.6, 0.1, 0.6, 0.1, 0.1, -0.3, -0.7, -0.0, 0.9, 0.7, 0.3, 0.5, 0.2]"
20260813,02,7,1,43.8,"[[""1-3-2"", 0.094], [""1-2-3"", 0.0856], [""1-3-4"", 0.098], [""1-4-3"", 0.0846], [""1-2-4"", 0.0723], [""1-4-2"", 0.0686], [""1-3-5"", 0.0355], [""1-2-5"", 0.0262], [""1-5-3"", 0.0256]]",3,41.8,"[[""3-1-2"", 0.0204], [""3-1-4"", 0.0213]]","[[""1-3-6"", 0.0245], [""2-1-3"", 0.0183], [""1-4-5"", 0.0213], [""1-5-2"", 0.0207]]",,,False,True,0.8218,強,"{""逃げ"": 55.9, ""まくり"": 16.4, ""まくり差し"": 10.5, ""差し"": 10.2, ""抜き"": 6.4, ""恵まれ"": 0.7}","[""0〜600円"", ""600〜750円"", ""750〜900円"", ""900〜1050円"", ""1050〜1220円"", ""1220〜1410円"", ""1410〜1640円"", ""1640〜1890円"", ""1890〜2200円"", ""2200〜2560円"", ""2560〜3020円"", ""3020〜3580円"", ""3580〜4290円"", ""4290〜5220円"", ""5220〜6490円"", ""6490〜8310円"", ""8310〜11220円"", ""11220〜16240円"", ""16240〜28268円"", ""28268円〜""]","[2.5, 4.7, 5.2, 5.0, 5.4, 4.8, 5.4, 4.4, 5.1, 5.6, 5.1, 5.1, 4.7, 4.3, 5.0, 5.9, 5.7, 5.3, 5.5, 5.2]","[-2.5, -0.3, 0.2, 0.0, 0.4, -0.2, 0.4, -0.6, 0.1, 0.6, 0.1, 0.1, -0.3, -0.7, -0.0, 0.9, 0.7, 0.3, 0.5, 0.2]"
20260813,02,8,2,43.2,"[[""2-3-4"", 0.0712], [""2-4-3"", 0.0657], [""2-3-1"", 0.0543], [""2-4-1"", 0.0436], [""2-3-6"", 0.0147], [""2-4-6"", 0.0118]]",3,29.1,"[[""3-2-4"", 0.0543], [""3-2-1"", 0.0414], [""3-2-6"", 0.0112]]","[[""4-2-3"", 0.0482], [""3-4-2"", 0.034], [""4-3-2"", 0.0328], [""2-1-3"", 0.0415]]",,,False,False,0.7866,強,"{""逃げ"": 55.9, ""まくり"": 16.4, ""まくり差し"": 10.5, ""差し"": 10.2, ""抜き"": 6.4, ""恵まれ"": 0.7}","[""0〜600円"", ""600〜750円"", ""750〜900円"", ""900〜1050円"", ""1050〜1220円"", ""1220〜1410円"", ""1410〜1640円"", ""1640〜1890円"", ""1890〜2200円"", ""2200〜2560円"", ""2560〜3020円"", ""3020〜3580円"", ""3580〜4290円"", ""4290〜5220円"", ""5220〜6490円"", ""6490〜8310円"", ""8310〜11220円"", ""11220〜16240円"", ""16240〜28268円"", ""28268円〜""]","[2.5, 4.7, 5.2, 5.0, 5.4, 4.8, 5.4, 4.4, 5.1, 5.6, 5.1, 5.1, 4.7, 4.3, 5.0, 5.9, 5.7, 5.3, 5.5, 5.2]","[-2.5, -0.3, 0.2, 0.0, 0.4, -0.2, 0.4, -0.6, 0.1, 0.6, 0.1, 0.1, -0.3, -0.7, -0.0, 0.9, 0.7, 0.3, 0.5, 0.2]"
20260813,02,9,3,45.9,"[[""3-1-4"", 0.0529], [""3-4-1"", 0.0518], [""3-1-6"", 0.0389], [""3-4-6"", 0.0366], [""3-1-2"", 0.0161], [""3-4-2"", 0.0152]]",1,30.9,"[[""1-3-4"", 0.042], [""1-3-6"", 0.0309], [""1-3-2"", 0.0128]]","[[""4-3-1"", 0.0407], [""1-4-3"", 0.0296], [""4-1-3"", 0.0293], [""3-6-1"", 0.0314]]",,,False,False,0.7866,強,"{""逃げ"": 55.9, ""まくり"": 16.4, ""まくり差し"": 10.5, ""差し"": 10.2, ""抜き"": 6.4, ""恵まれ"": 0.7}","[""0〜600円"", ""600〜750円"", ""750〜900円"", ""900〜1050円"", ""1050〜1220円"", ""1220〜1410円"", ""1410〜1640円"", ""1640〜1890円"", ""1890〜2200円"", ""2200〜2560円"", ""2560〜3020円"", ""3020〜3580円"", ""3580〜4290円"", ""4290〜5220円"", ""5220〜6490円"", ""6490〜8310円"", ""8310〜11220円"", ""11220〜16240円"", ""16240〜28268円"", ""28268円〜""]","[2.5, 4.7, 5.2, 5.0, 5.4, 4.8, 5.4, 4.4, 5.1, 5.6, 5.1, 5.1, 4.7, 4.3, 5.0, 5.9, 5.7, 5.3, 5.5, 5.2]","[-2.5, -0.3, 0.2, 0.0, 0.4, -0.2, 0.4, -0.6, 0.1, 0.6, 0.1, 0.1, -0.3, -0.7, -0.0, 0.9, 0.7, 0.3, 0.5, 0.2]"
20260813,02,10,1,41.7,"[[""1-4-5"", 0.0883], [""1-4-6"", 0.1077], [""1-4-2"", 0.0582], [""1-4-3"", 0.0306]]",4,45.9,"[[""4-1-5"", 0.0348], [""4-1-6"", 0.0425], [""4-1-2"", 0.0229], [""4-1-3"", 0.0121]]","[[""1-5-4"", 0.0589], [""1-6-4"", 0.0711], [""1-2-4"", 0.0347], [""1-5-6"", 0.0303]]",1-4,0.4304,False,False,0.7866,強,"{""逃げ"": 55.9, ""まくり"": 16.4, ""まくり差し"": 10.5, ""差し"": 10.2, ""抜き"": 6.4, ""恵まれ"": 0.7}","[""0〜600円"", ""600〜750円"", ""750〜900円"", ""900〜1050円"", ""1050〜1220円"", ""1220〜1410円"", ""1410〜1640円"", ""1640〜1890円"", ""1890〜2200円"", ""2200〜2560円"", ""2560〜3020円"", ""3020〜3580円"", ""3580〜4290円"", ""4290〜5220円"", ""5220〜6490円"", ""6490〜8310円"", ""8310〜11220円"", ""11220〜16240円"", ""16240〜28268円"", ""28268円〜""]","[2.5, 4.7, 5.2, 5.0, 5.4, 4.8, 5.4, 4.4, 5.1, 5.6, 5.1, 5.1, 4.7, 4.3, 5.0, 5.9, 5.7, 5.3, 5.5, 5.2]","[-2.5, -0.3, 0.2, 0.0, 0.4, -0.2, 0.4, -0.6, 0.1, 0.6, 0.1, 0.1, -0.3, -0.7, -0.0, 0.9, 0.7, 0.3, 0.5, 0.2]"
20260813,02,11,1,49.3,"[[""1-3-2"", 0.0994], [""1-2-3"", 0.0832], [""1-3-4"", 0.0823], [""1-3-5"", 0.0711], [""1-4-3"", 0.0618], [""1-5-3"", 0.0519], [""1-2-4"", 0.0472], [""1-4-2"", 0.0424], [""1-2-5"", 0.0407]]",2,41.8,"[[""2-1-3"", 0.0225], [""2-1-4"", 0.0128], [""2-1-5"", 0.011]]","[[""1-5-2"", 0.0355], [""3-1-2"", 0.0278], [""1-4-5"", 0.0249], [""1-5-4"", 0.0242]]",,,False,True,0.8218,強,"{""逃げ"": 55.9, ""まくり"": 16.4, ""まくり差し"": 10.5, ""差し"": 10.2, ""抜き"": 6.4, ""恵まれ"": 0.7}","[""0〜600円"", ""600〜750円"", ""750〜900円"", ""900〜1050円"", ""1050〜1220円"", ""1220〜1410円"", ""1410〜1640円"", ""1640〜1890円"", ""1890〜2200円"", ""2200〜2560円"", ""2560〜3020円"", ""3020〜3580円"", ""3580〜4290円"", ""4290〜5220円"", ""5220〜6490円"", ""6490〜8310円"", ""8310〜11220円"", ""11220〜16240円"", ""16240〜28268円"", ""28268円〜""]","[2.5, 4.7, 5.2, 5.0, 5.4, 4.8, 5.4, 4.4, 5.1, 5.6, 5.1, 5.1, 4.7, 4.3, 5.0, 5.9, 5.7, 5.3, 5.5, 5.2]","[-2.5, -0.3, 0.2, 0.0, 0.4, -0.2, 0.4, -0.6, 0.1, 0.6, 0.1, 0.1, -0.3, -0.7, -0.0, 0.9, 0.7, 0.3, 0.5, 0.2]"
20260813,02,12,1,47.6,"[[""1-4-2"", 0.1465], [""1-4-3"", 0.0677], [""1-4-6"", 0.0425], [""1-4-5"", 0.0342]]",4,29.0,"[[""4-1-2"", 0.0495], [""4-1-3"", 0.0228], [""4-1-6"", 0.0144], [""4-1-5"", 0.0116]]","[[""1-2-4"", 0.1116], [""2-1-4"", 0.0357], [""1-3-4"", 0.0405], [""1-2-3"", 0.0332]]",1-4,0.4424,False,False,0.7866,強,"{""逃げ"": 55.9, ""まくり"": 16.4, ""まくり差し"": 10.5, ""差し"": 10.2, ""抜き"": 6.4, ""恵まれ"": 0.7}","[""0〜600円"", ""600〜750円"", ""750〜900円"", ""900〜1050円"", ""1050〜1220円"", ""1220〜1410円"", ""1410〜1640円"", ""1640〜1890円"", ""1890〜2200円"", ""2200〜2560円"", ""2560〜3020円"", ""3020〜3580円"", ""3580〜4290円"", ""4290〜5220円"", ""5220〜6490円"", ""6490〜8310円"", ""8310〜11220円"", ""11220〜16240円"", ""16240〜28268円"", ""28268円〜""]","[2.5, 4.7, 5.2, 5.0, 5.4, 4.8, 5.4, 4.4, 5.1, 5.6, 5.1, 5.1, 4.7, 4.3, 5.0, 5.9, 5.7, 5.3, 5.5, 5.2]","[-2.5, -0.3, 0.2, 0.0, 0.4, -0.2, 0.4, -0.6, 0.1, 0.6, 0.1, 0.1, -0.3, -0.7, -0.0, 0.9, 0.7, 0.3, 0.5, 0.2]"
20260813,03,1,1,46.9,"[[""1-2-3"", 0.058], [""1-3-2"", 0.0501], [""1-2-4"", 0.0412], [""1-3-4"", 0.0268], [""1-2-5"", 0.0222], [""1-2-6"", 0.0163], [""1-3-5"", 0.0144], [""1-3-6"", 0.0106]]",3,26.2,"[[""3-1-2"", 0.0371], [""3-1-4"", 0.0198], [""3-1-5"", 0.0107]]","[[""2-1-3"", 0.0461], [""2-3-1"", 0.0294], [""3-2-1"", 0.0273], [""2-1-4"", 0.0328]]",,,False,True,0.8218,弱,"{""逃げ"": 34.8, ""差し"": 18.2, ""まくり"": 23.8, ""抜き"": 11.1, ""まくり差し"": 10.9, ""恵まれ"": 1.2}","[""0〜600円"", ""600〜750円"", ""750〜900円"", ""900〜1050円"", ""1050〜1220円"", ""1220〜1410円"", ""1410〜1640円"", ""1640〜1890円"", ""1890〜2200円"", ""2200〜2560円"", ""2560〜3020円"", ""3020〜3580円"", ""3580〜4290円"", ""4290〜5220円"", ""5220〜6490円"", ""6490〜8310円"", ""8310〜11220円"", ""11220〜16240円"", ""16240〜28268円"", ""28268円〜""]","[0.4, 0.6, 1.5, 2.6, 3.3, 3.9, 5.0, 5.7, 6.4, 5.3, 6.0, 6.9, 6.9, 6.6, 7.8, 7.2, 7.2, 6.4, 6.2, 4.2]","[-4.6, -4.4, -3.5, -2.4, -1.7, -1.1, 0.0, 0.7, 1.4, 0.3, 1.0, 1.9, 1.9, 1.6, 2.8, 2.2, 2.2, 1.4, 1.2, -0.8]"
20260813,03,2,1,34.0,"[[""1-3-6"", 0.0295], [""1-6-3"", 0.0264], [""1-3-4"", 0.0281], [""1-4-3"", 0.0231], [""1-3-2"", 0.021], [""1-6-4"", 0.0195], [""1-4-6"", 0.0179], [""1-2-3"", 0.0163], [""1-6-2"", 0.0146]]",3,36.5,"[[""3-1-6"", 0.0283], [""3-6-1"", 0.024], [""3-1-4"", 0.0269], [""3-4-1"", 0.021], [""3-1-2"", 0.0201], [""3-6-4"", 0.0157]]","[[""6-1-3"", 0.0236], [""6-3-1"", 0.0223], [""4-1-3"", 0.0195], [""4-3-1"", 0.0185]]",,,False,False,0.7866,弱,"{""逃げ"": 34.8, ""差し"": 18.2, ""まくり"": 23.8, ""抜き"": 11.1, ""まくり差し"": 10.9, ""恵まれ"": 1.2}","[""0〜600円"", ""600〜750円"", ""750〜900円"", ""900〜1050円"", ""1050〜1220円"", ""1220〜1410円"", ""1410〜1640円"", ""1640〜1890円"", ""1890〜2200円"", ""2200〜2560円"", ""2560〜3020円"", ""3020〜3580円"", ""3580〜4290円"", ""4290〜5220円"", ""5220〜6490円"", ""6490〜8310円"", ""8310〜11220円"", ""11220〜16240円"", ""16240〜28268円"", ""28268円〜""]","[0.4, 0.6, 1.5, 2.6, 3.3, 3.9, 5.0, 5.7, 6.4, 5.3, 6.0, 6.9, 6.9, 6.6, 7.8, 7.2, 7.2, 6.4, 6.2, 4.2]","[-4.6, -4.4, -3.5, -2.4, -1.7, -1.1, 0.0, 0.7, 1.4, 0.3, 1.0, 1.9, 1.9, 1.6, 2.8, 2.2, 2.2, 1.4, 1.2, -0.8]"
20260813,03,3,1,58.2,"[[""1-2-3"", 0.1032], [""1-3-2"", 0.0938], [""1-2-6"", 0.067], [""1-2-4"", 0.0638], [""1-6-2"", 0.0514], [""1-3-6"", 0.0496], [""1-4-2"", 0.0485], [""1-3-4"", 0.0472], [""1-6-3"", 0.0419]]",2,32.0,"[[""2-1-3"", 0.0192], [""2-1-6"", 0.0125], [""2-1-4"", 0.0119]]","[[""1-4-3"", 0.0395], [""1-2-5"", 0.0314], [""1-3-5"", 0.0233], [""1-5-2"", 0.022]]",,,False,True,0.8218,強,"{""逃げ"": 56.8, ""まくり"": 15.9, ""差し"": 10.2, ""まくり差し"": 7.5, ""抜き"": 8.8, ""恵まれ"": 0.9}","[""0〜600円"", ""600〜750円"", ""750〜900円"", ""900〜1050円"", ""1050〜1220円"", ""1220〜1410円"", ""1410〜1640円"", ""1640〜1890円"", ""1890〜2200円"", ""2200〜2560円"", ""2560〜3020円"", ""3020〜3580円"", ""3580〜4290円"", ""4290〜5220円"", ""5220〜6490円"", ""6490〜8310円"", ""8310〜11220円"", ""11220〜16240円"", ""16240〜28268円"", ""28268円〜""]","[3.3, 4.4, 5.4, 5.1, 4.6, 5.1, 5.5, 5.5, 5.5, 4.7, 5.8, 5.3, 5.2, 5.2, 5.8, 4.4, 4.8, 4.9, 5.6, 4.1]","[-1.7, -0.6, 0.4, 0.1, -0.4, 0.1, 0.5, 0.5, 0.5, -0.3, 0.8, 0.3, 0.2, 0.2, 0.8, -0.6, -0.2, -0.1, 0.6, -0.9]"
20260813,03,4,1,58.9,"[[""1-3-2"", 0.0386], [""1-2-3"", 0.038], [""1-3-4"", 0.0248], [""1-2-4"", 0.0238], [""1-3-5"", 0.0152], [""1-2-5"", 0.0145]]",3,28.1,"[[""3-1-2"", 0.0364], [""3-2-1"", 0.0329], [""3-1-4"", 0.0234], [""3-2-4"", 0.0174], [""3-1-5"", 0.0143], [""3-2-5"", 0.0106]]","[[""2-1-3"", 0.0355], [""2-3-1"", 0.0326], [""2-1-4"", 0.0222], [""1-4-3"", 0.0199]]",,,False,True,0.8218,弱,"{""逃げ"": 34.8, ""差し"": 18.2, ""まくり"": 23.8, ""抜き"": 11.1, ""まくり差し"": 10.9, ""恵まれ"": 1.2}","[""0〜600円"", ""600〜750円"", ""750〜900円"", ""900〜1050円"", ""1050〜1220円"", ""1220〜1410円"", ""1410〜1640円"", ""1640〜1890円"", ""1890〜2200円"", ""2200〜2560円"", ""2560〜3020円"", ""3020〜3580円"", ""3580〜4290円"", ""4290〜5220円"", ""5220〜6490円"", ""6490〜8310円"", ""8310〜11220円"", ""11220〜16240円"", ""16240〜28268円"", ""28268円〜""]","[0.4, 0.6, 1.5, 2.6, 3.3, 3.9, 5.0, 5.7, 6.4, 5.3, 6.0, 6.9, 6.9, 6.6, 7.8, 7.2, 7.2, 6.4, 6.2, 4.2]","[-4.6, -4.4, -3.5, -2.4, -1.7, -1.1, 0.0, 0.7, 1.4, 0.3, 1.0, 1.9, 1.9, 1.6, 2.8, 2.2, 2.2, 1.4, 1.2, -0.8]"
20260813,03,5,1,46.0,"[[""1-5-2"", 0.0384], [""1-5-4"", 0.0296], [""1-5-3"", 0.0271], [""1-5-6"", 0.0255]]",5,35.8,"[[""5-1-2"", 0.0356], [""5-1-4"", 0.0274], [""5-1-3"", 0.0251], [""5-1-6"", 0.0236]]","[[""1-2-5"", 0.0295], [""5-2-1"", 0.0249], [""2-1-5"", 0.0234], [""2-5-1"", 0.0213]]",1-5,0.2525,False,False,0.7866,弱,"{""逃げ"": 34.8, ""差し"": 18.2, ""まくり"": 23.8, ""抜き"": 11.1, ""まくり差し"": 10.9, ""恵まれ"": 1.2}","[""0〜600円"", ""600〜750円"", ""750〜900円"", ""900〜1050円"", ""1050〜1220円"", ""1220〜1410円"", ""1410〜1640円"", ""1640〜1890円"", ""1890〜2200円"", ""2200〜2560円"", ""2560〜3020円"", ""3020〜3580円"", ""3580〜4290円"", ""4290〜5220円"", ""5220〜6490円"", ""6490〜8310円"", ""8310〜11220円"", ""11220〜16240円"", ""16240〜28268円"", ""28268円〜""]","[0.4, 0.6, 1.5, 2.6, 3.3, 3.9, 5.0, 5.7, 6.4, 5.3, 6.0, 6.9, 6.9, 6.6, 7.8, 7.2, 7.2, 6.4, 6.2, 4.2]","[-4.6, -4.4, -3.5, -2.4, -1.7, -1.1, 0.0, 0.7, 1.4, 0.3, 1.0, 1.9, 1.9, 1.6, 2.8, 2.2, 2.2, 1.4, 1.2, -0.8]"
20260813,03,6,1,58.3,"[[""1-2-3"", 0.1614], [""1-2-4"", 0.0899], [""1-2-6"", 0.0466], [""1-2-5"", 0.0261]]",2,30.4,"[[""2-1-3"", 0.0886], [""2-1-4"", 0.0493], [""2-1-6"", 0.0256], [""2-1-5"", 0.0143]]","[[""1-3-2"", 0.0801], [""3-1-2"", 0.0361], [""1-4-2"", 0.0389], [""2-3-1"", 0.0215]]",1-2,0.5561,True,True,0.8218,強,"{""逃げ"": 56.8, ""まくり"": 15.9, ""差し"": 10.2, ""まくり差し"": 7.5, ""抜き"": 8.8, ""恵まれ"": 0.9}","[""0〜600円"", ""600〜750円"", ""750〜900円"", ""900〜1050円"", ""1050〜1220円"", ""1220〜1410円"", ""1410〜1640円"", ""1640〜1890円"", ""1890〜2200円"", ""2200〜2560円"", ""2560〜3020円"", ""3020〜3580円"", ""3580〜4290円"", ""4290〜5220円"", ""5220〜6490円"", ""6490〜8310円"", ""8310〜11220円"", ""11220〜16240円"", ""16240〜28268円"", ""28268円〜""]","[3.3, 4.4, 5.4, 5.1, 4.6, 5.1, 5.5, 5.5, 5.5, 4.7, 5.8, 5.3, 5.2, 5.2, 5.8, 4.4, 4.8, 4.9, 5.6, 4.1]","[-1.7, -0.6, 0.4, 0.1, -0.4, 0.1, 0.5, 0.5, 0.5, -0.3, 0.8, 0.3, 0.2, 0.2, 0.8, -0.6, -0.2, -0.1, 0.6, -0.9]"
20260813,03,7,3,54.4,"[[""3-1-5"", 0.0555], [""3-5-1"", 0.0473], [""3-1-2"", 0.0463], [""3-5-2"", 0.0289], [""3-1-4"", 0.0252], [""3-5-4"", 0.0158]]",5,51.3,"[[""5-3-1"", 0.0364], [""5-3-2"", 0.0223], [""5-3-4"", 0.0121]]","[[""1-3-5"", 0.0465], [""1-5-3"", 0.0311], [""1-3-2"", 0.0388], [""5-1-3"", 0.0286]]",,,False,False,0.7866,強,"{""逃げ"": 56.8, ""まくり"": 15.9, ""差し"": 10.2, ""まくり差し"": 7.5, ""抜き"": 8.8, ""恵まれ"": 0.9}","[""0〜600円"", ""600〜750円"", ""750〜900円"", ""900〜1050円"", ""1050〜1220円"", ""1220〜1410円"", ""1410〜1640円"", ""1640〜1890円"", ""1890〜2200円"", ""2200〜2560円"", ""2560〜3020円"", ""3020〜3580円"", ""3580〜4290円"", ""4290〜5220円"", ""5220〜6490円"", ""6490〜8310円"", ""8310〜11220円"", ""11220〜16240円"", ""16240〜28268円"", ""28268円〜""]","[3.3, 4.4, 5.4, 5.1, 4.6, 5.1, 5.5, 5.5, 5.5, 4.7, 5.8, 5.3, 5.2, 5.2, 5.8, 4.4, 4.8, 4.9, 5.6, 4.1]","[-1.7, -0.6, 0.4, 0.1, -0.4, 0.1, 0.5, 0.5, 0.5, -0.3, 0.8, 0.3, 0.2, 0.2, 0.8, -0.6, -0.2, -0.1, 0.6, -0.9]"
20260813,03,8,1,58.6,"[[""1-2-3"", 0.1062], [""1-2-4"", 0.109], [""1-2-6"", 0.0867], [""1-2-5"", 0.0161]]",2,32.2,"[[""2-1-3"", 0.0718], [""2-1-4"", 0.0737], [""2-1-6"", 0.0586], [""2-1-5"", 0.0109]]","[[""1-3-2"", 0.0436], [""1-4-2"", 0.0437], [""1-6-2"", 0.0339], [""3-1-2"", 0.0219]]",1-2,0.5716,True,True,0.8218,中,"{""逃げ"": 46.7, ""差し"": 13.6, ""まくり"": 17.9, ""抜き"": 10.1, ""まくり差し"": 9.9, ""恵まれ"": 1.8}","[""0〜600円"", ""600〜750円"", ""750〜900円"", ""900〜1050円"", ""1050〜1220円"", ""1220〜1410円"", ""1410〜1640円"", ""1640〜1890円"", ""1890〜2200円"", ""2200〜2560円"", ""2560〜3020円"", ""3020〜3580円"", ""3580〜4290円"", ""4290〜5220円"", ""5220〜6490円"", ""6490〜8310円"", ""8310〜11220円"", ""11220〜16240円"", ""16240〜28268円"", ""28268円〜""]","[1.0, 2.7, 3.6, 4.1, 5.2, 5.7, 7.0, 4.7, 6.1, 5.3, 4.6, 5.7, 5.3, 6.3, 5.4, 5.8, 5.4, 6.8, 5.1, 4.2]","[-4.0, -2.3, -1.4, -0.9, 0.2, 0.7, 2.0, -0.3, 1.1, 0.3, -0.4, 0.7, 0.3, 1.3, 0.4, 0.8, 0.4, 1.8, 0.1, -0.8]"
20260813,03,9,1,50.0,"[[""1-2-4"", 0.087], [""1-2-5"", 0.1017], [""1-2-3"", 0.0783], [""1-2-6"", 0.0331]]",2,23.1,"[[""2-1-4"", 0.0516], [""2-1-5"", 0.0603], [""2-1-3"", 0.0464], [""2-1-6"", 0.0197]]","[[""1-4-2"", 0.0427], [""1-5-2"", 0.0493], [""1-3-2"", 0.0366], [""4-1-2"", 0.0201]]",1-2,0.5157,True,False,0.7866,強,"{""逃げ"": 56.8, ""まくり"": 15.9, ""差し"": 10.2, ""まくり差し"": 7.5, ""抜き"": 8.8, ""恵まれ"": 0.9}","[""0〜600円"", ""600〜750円"", ""750〜900円"", ""900〜1050円"", ""1050〜1220円"", ""1220〜1410円"", ""1410〜1640円"", ""1640〜1890円"", ""1890〜2200円"", ""2200〜2560円"", ""2560〜3020円"", ""3020〜3580円"", ""3580〜4290円"", ""4290〜5220円"", ""5220〜6490円"", ""6490〜8310円"", ""8310〜11220円"", ""11220〜16240円"", ""16240〜28268円"", ""28268円〜""]","[3.3, 4.4, 5.4, 5.1, 4.6, 5.1, 5.5, 5.5, 5.5, 4.7, 5.8, 5.3, 5.2, 5.2, 5.8, 4.4, 4.8, 4.9, 5.6, 4.1]","[-1.7, -0.6, 0.4, 0.1, -0.4, 0.1, 0.5, 0.5, 0.5, -0.3, 0.8, 0.3, 0.2, 0.2, 0.8, -0.6, -0.2, -0.1, 0.6, -0.9]"
20260813,03,10,1,49.8,"[[""1-3-5"", 0.0743], [""1-5-3"", 0.0675], [""1-3-4"", 0.0801], [""1-4-3"", 0.0701], [""1-3-2"", 0.0658], [""1-5-4"", 0.0567], [""1-2-3"", 0.0548], [""1-4-5"", 0.0547], [""1-5-2"", 0.0466]]",2,40.5,"[[""2-1-3"", 0.0121]]","[[""1-2-5"", 0.0427], [""1-4-2"", 0.0398], [""1-2-4"", 0.0379], [""3-1-5"", 0.017]]",,,False,True,0.8218,強,"{""逃げ"": 56.8, ""まくり"": 15.9, ""差し"": 10.2, ""まくり差し"": 7.5, ""抜き"": 8.8, ""恵まれ"": 0.9}","[""0〜600円"", ""600〜750円"", ""750〜900円"", ""900〜1050円"", ""1050〜1220円"", ""1220〜1410円"", ""1410〜1640円"", ""1640〜1890円"", ""1890〜2200円"", ""2200〜2560円"", ""2560〜3020円"", ""3020〜3580円"", ""3580〜4290円"", ""4290〜5220円"", ""5220〜6490円"", ""6490〜8310円"", ""8310〜11220円"", ""11220〜16240円"", ""16240〜28268円"", ""28268円〜""]","[3.3, 4.4, 5.4, 5.1, 4.6, 5.1, 5.5, 5.5, 5.5, 4.7, 5.8, 5.3, 5.2, 5.2, 5.8, 4.4, 4.8, 4.9, 5.6, 4.1]","[-1.7, -0.6, 0.4, 0.1, -0.4, 0.1, 0.5, 0.5, 0.5, -0.3, 0.8, 0.3, 0.2, 0.2, 0.8, -0.6, -0.2, -0.1, 0.6, -0.9]"
20260813,03,11,1,52.6,"[[""1-2-4"", 0.102], [""1-2-3"", 0.1197], [""1-2-6"", 0.0269], [""1-2-5"", 0.0199]]",2,26.8,"[[""2-1-4"", 0.0443], [""2-1-3"", 0.052], [""2-1-6"", 0.0117]]","[[""1-4-2"", 0.0714], [""1-3-2"", 0.0819], [""1-4-3"", 0.0424], [""1-3-4"", 0.0415]]",1-2,0.4248,False,False,0.7866,強,"{""逃げ"": 56.8, ""まくり"": 15.9, ""差し"": 10.2, ""まくり差し"": 7.5, ""抜き"": 8.8, ""恵まれ"": 0.9}","[""0〜600円"", ""600〜750円"", ""750〜900円"", ""900〜1050円"", ""1050〜1220円"", ""1220〜1410円"", ""1410〜1640円"", ""1640〜1890円"", ""1890〜2200円"", ""2200〜2560円"", ""2560〜3020円"", ""3020〜3580円"", ""3580〜4290円"", ""4290〜5220円"", ""5220〜6490円"", ""6490〜8310円"", ""8310〜11220円"", ""11220〜16240円"", ""16240〜28268円"", ""28268円〜""]","[3.3, 4.4, 5.4, 5.1, 4.6, 5.1, 5.5, 5.5, 5.5, 4.7, 5.8, 5.3, 5.2, 5.2, 5.8, 4.4, 4.8, 4.9, 5.6, 4.1]","[-1.7, -0.6, 0.4, 0.1, -0.4, 0.1, 0.5, 0.5, 0.5, -0.3, 0.8, 0.3, 0.2, 0.2, 0.8, -0.6, -0.2, -0.1, 0.6, -0.9]"
20260813,03,12,1,49.1,"[[""1-2-4"", 0.1127], [""1-4-2"", 0.1071], [""1-2-5"", 0.0512], [""1-4-5"", 0.0441], [""1-2-3"", 0.0434], [""1-2-6"", 0.0415], [""1-4-3"", 0.0374], [""1-4-6"", 0.0357]]",4,51.3,"[[""4-1-2"", 0.0271], [""4-1-5"", 0.0111]]","[[""1-5-2"", 0.0375], [""2-1-4"", 0.0287], [""1-5-4"", 0.0339], [""1-3-2"", 0.0311]]",,,False,True,0.8218,強,"{""逃げ"": 56.8, ""まくり"": 15.9, ""差し"": 10.2, ""まくり差し"": 7.5, ""抜き"": 8.8, ""恵まれ"": 0.9}","[""0〜600円"", ""600〜750円"", ""750〜900円"", ""900〜1050円"", ""1050〜1220円"", ""1220〜1410円"", ""1410〜1640円"", ""1640〜1890円"", ""1890〜2200円"", ""2200〜2560円"", ""2560〜3020円"", ""3020〜3580円"", ""3580〜4290円"", ""4290〜5220円"", ""5220〜6490円"", ""6490〜8310円"", ""8310〜11220円"", ""11220〜16240円"", ""16240〜28268円"", ""28268円〜""]","[3.3, 4.4, 5.4, 5.1, 4.6, 5.1, 5.5, 5.5, 5.5, 4.7, 5.8, 5.3, 5.2, 5.2, 5.8, 4.4, 4.8, 4.9, 5.6, 4.1]","[-1.7, -0.6, 0.4, 0.1, -0.4, 0.1, 0.5, 0.5, 0.5, -0.3, 0.8, 0.3, 0.2, 0.2, 0.8, -0.6, -0.2, -0.1, 0.6, -0.9]"
20260813,04,1,1,45.7,"[[""1-2-3"", 0.0839], [""1-3-2"", 0.0734], [""1-2-4"", 0.065], [""1-2-6"", 0.0456], [""1-3-4"", 0.0436], [""1-3-6"", 0.0306]]",2,36.0,"[[""2-1-3"", 0.0433], [""2-1-4"", 0.0335], [""2-1-6"", 0.0235]]","[[""1-4-2"", 0.0494], [""3-1-2"", 0.0362], [""1-4-3"", 0.0379], [""1-6-2"", 0.0325]]",,,False,True,0.8218,中,"{""逃げ"": 42.5, ""まくり"": 19.1, ""差し"": 16.7, ""まくり差し"": 13.3, ""抜き"": 7.2, ""恵まれ"": 1.3}","[""0〜600円"", ""600〜750円"", ""750〜900円"", ""900〜1050円"", ""1050〜1220円"", ""1220〜1410円"", ""1410〜1640円"", ""1640〜1890円"", ""1890〜2200円"", ""2200〜2560円"", ""2560〜3020円"", ""3020〜3580円"", ""3580〜4290円"", ""4290〜5220円"", ""5220〜6490円"", ""6490〜8310円"", ""8310〜11220円"", ""11220〜16240円"", ""16240〜28268円"", ""28268円〜""]","[0.7, 1.6, 3.2, 3.0, 4.1, 6.0, 5.3, 5.1, 5.3, 5.8, 5.3, 6.9, 6.3, 5.9, 5.3, 6.0, 7.4, 5.8, 6.1, 5.0]","[-4.3, -3.4, -1.8, -2.0, -0.9, 1.0, 0.3, 0.1, 0.3, 0.8, 0.3, 1.9, 1.3, 0.9, 0.3, 1.0, 2.4, 0.8, 1.1, -0.0]"
20260813,04,2,1,55.4,"[[""1-3-4"", 0.1333], [""1-3-2"", 0.1165], [""1-3-5"", 0.077], [""1-3-6"", 0.0105]]",3,23.2,"[[""3-1-4"", 0.0365], [""3-1-2"", 0.0319], [""3-1-5"", 0.0211]]","[[""1-4-3"", 0.088], [""1-2-3"", 0.0703], [""1-5-3"", 0.0437], [""1-4-2"", 0.036]]",1-3,0.4757,False,False,0.7866,強,"{""逃げ"": 56.9, ""差し"": 13.0, ""まくり"": 11.9, ""まくり差し"": 10.0, ""抜き"": 7.5, ""恵まれ"": 0.9}","[""0〜600円"", ""600〜750円"", ""750〜900円"", ""900〜1050円"", ""1050〜1220円"", ""1220〜1410円"", ""1410〜1640円"", ""1640〜1890円"", ""1890〜2200円"", ""2200〜2560円"", ""2560〜3020円"", ""3020〜3580円"", ""3580〜4290円"", ""4290〜5220円"", ""5220〜6490円"", ""6490〜8310円"", ""8310〜11220円"", ""11220〜16240円"", ""16240〜28268円"", ""28268円〜""]","[2.6, 3.9, 5.7, 5.6, 4.9, 5.6, 5.3, 4.6, 5.4, 4.6, 5.5, 5.1, 5.3, 4.6, 4.3, 5.0, 5.3, 5.0, 5.9, 5.7]","[-2.4, -1.1, 0.7, 0.6, -0.1, 0.6, 0.3, -0.4, 0.4, -0.4, 0.5, 0.1, 0.3, -0.4, -0.7, -0.0, 0.3, 0.0, 0.9, 0.7]"
20260813,04,3,2,62.4,"[[""2-4-1"", 0.0395], [""2-4-3"", 0.0501], [""2-1-4"", 0.0378], [""2-3-4"", 0.048], [""2-1-3"", 0.0426], [""2-3-1"", 0.0426], [""2-4-6"", 0.0322], [""2-6-4"", 0.0275], [""2-1-6"", 0.0274]]",3,44.9,"[[""3-2-4"", 0.0272], [""3-2-1"", 0.0241], [""3-2-6"", 0.0155]]","[[""4-2-1"", 0.0227], [""4-2-3"", 0.0289], [""2-3-6"", 0.0273], [""1-2-4"", 0.0214]]",,,False,False,0.7866,強,"{""逃げ"": 56.9, ""差し"": 13.0, ""まくり"": 11.9, ""まくり差し"": 10.0, ""抜き"": 7.5, ""恵まれ"": 0.9}","[""0〜600円"", ""600〜750円"", ""750〜900円"", ""900〜1050円"", ""1050〜1220円"", ""1220〜1410円"", ""1410〜1640円"", ""1640〜1890円"", ""1890〜2200円"", ""2200〜2560円"", ""2560〜3020円"", ""3020〜3580円"", ""3580〜4290円"", ""4290〜5220円"", ""5220〜6490円"", ""6490〜8310円"", ""8310〜11220円"", ""11220〜16240円"", ""16240〜28268円"", ""28268円〜""]","[2.6, 3.9, 5.7, 5.6, 4.9, 5.6, 5.3, 4.6, 5.4, 4.6, 5.5, 5.1, 5.3, 4.6, 4.3, 5.0, 5.3, 5.0, 5.9, 5.7]","[-2.4, -1.1, 0.7, 0.6, -0.1, 0.6, 0.3, -0.4, 0.4, -0.4, 0.5, 0.1, 0.3, -0.4, -0.7, -0.0, 0.3, 0.0, 0.9, 0.7]"
20260813,04,4,1,12.2,"[[""1-5-3"", 0.0236], [""1-5-2"", 0.0266], [""1-3-5"", 0.02], [""1-5-6"", 0.0252], [""1-2-5"", 0.0218], [""1-6-5"", 0.0204], [""1-3-2"", 0.0146], [""1-2-3"", 0.0141], [""1-3-6"", 0.0138]]",5,31.2,"[[""5-1-3"", 0.0233], [""5-1-2"", 0.0262], [""5-1-6"", 0.0249], [""5-3-1"", 0.0193], [""5-2-1"", 0.0211], [""5-6-1"", 0.0197]]","[[""3-1-5"", 0.0176], [""3-5-1"", 0.0173], [""2-1-5"", 0.0188], [""2-5-1"", 0.0185]]",,,False,False,0.7866,弱,"{""逃げ"": 27.2, ""まくり"": 25.5, ""差し"": 23.1, ""まくり差し"": 14.6, ""抜き"": 8.2, ""恵まれ"": 1.3}","[""0〜600円"", ""600〜750円"", ""750〜900円"", ""900〜1050円"", ""1050〜1220円"", ""1220〜1410円"", ""1410〜1640円"", ""1640〜1890円"", ""1890〜2200円"", ""2200〜2560円"", ""2560〜3020円"", ""3020〜3580円"", ""3580〜4290円"", ""4290〜5220円"", ""5220〜6490円"", ""6490〜8310円"", ""8310〜11220円"", ""11220〜16240円"", ""16240〜28268円"", ""28268円〜""]","[0.3, 1.0, 0.9, 1.7, 3.0, 3.6, 3.7, 4.9, 5.9, 6.1, 7.7, 6.4, 7.3, 7.1, 8.5, 8.0, 7.3, 6.1, 5.9, 4.2]","[-4.7, -4.0, -4.1, -3.3, -2.0, -1.4, -1.3, -0.1, 0.9, 1.1, 2.7, 1.4, 2.3, 2.1, 3.5, 3.0, 2.3, 1.1, 0.9, -0.8]"
20260813,04,5,2,48.8,"[[""2-5-1"", 0.0561], [""2-5-3"", 0.067], [""2-1-5"", 0.0516], [""2-3-5"", 0.0602], [""2-1-3"", 0.0518], [""2-3-1"", 0.0505], [""2-5-6"", 0.0161], [""2-1-6"", 0.0125], [""2-3-6"", 0.0114]]",1,38.9,"[[""1-2-5"", 0.0336], [""1-2-3"", 0.0337]]","[[""5-2-1"", 0.0379], [""5-2-3"", 0.0452], [""3-2-5"", 0.0387], [""3-2-1"", 0.0325]]",,,False,False,0.7866,強,"{""逃げ"": 56.9, ""差し"": 13.0, ""まくり"": 11.9, ""まくり差し"": 10.0, ""抜き"": 7.5, ""恵まれ"": 0.9}","[""0〜600円"", ""600〜750円"", ""750〜900円"", ""900〜1050円"", ""1050〜1220円"", ""1220〜1410円"", ""1410〜1640円"", ""1640〜1890円"", ""1890〜2200円"", ""2200〜2560円"", ""2560〜3020円"", ""3020〜3580円"", ""3580〜4290円"", ""4290〜5220円"", ""5220〜6490円"", ""6490〜8310円"", ""8310〜11220円"", ""11220〜16240円"", ""16240〜28268円"", ""28268円〜""]","[2.6, 3.9, 5.7, 5.6, 4.9, 5.6, 5.3, 4.6, 5.4, 4.6, 5.5, 5.1, 5.3, 4.6, 4.3, 5.0, 5.3, 5.0, 5.9, 5.7]","[-2.4, -1.1, 0.7, 0.6, -0.1, 0.6, 0.3, -0.4, 0.4, -0.4, 0.5, 0.1, 0.3, -0.4, -0.7, -0.0, 0.3, 0.0, 0.9, 0.7]"
20260813,04,6,2,46.5,"[[""2-1-5"", 0.0575], [""2-1-3"", 0.0628], [""2-1-4"", 0.056]]",1,39.3,"[[""1-2-5"", 0.0503], [""1-2-3"", 0.0549], [""1-2-4"", 0.049]]","[[""2-5-1"", 0.0352], [""2-3-1"", 0.0373], [""1-5-2"", 0.0262], [""2-4-1"", 0.0326]]",1-2,0.3679,False,False,0.7866,強,"{""逃げ"": 56.9, ""差し"": 13.0, ""まくり"": 11.9, ""まくり差し"": 10.0, ""抜き"": 7.5, ""恵まれ"": 0.9}","[""0〜600円"", ""600〜750円"", ""750〜900円"", ""900〜1050円"", ""1050〜1220円"", ""1220〜1410円"", ""1410〜1640円"", ""1640〜1890円"", ""1890〜2200円"", ""2200〜2560円"", ""2560〜3020円"", ""3020〜3580円"", ""3580〜4290円"", ""4290〜5220円"", ""5220〜6490円"", ""6490〜8310円"", ""8310〜11220円"", ""11220〜16240円"", ""16240〜28268円"", ""28268円〜""]","[2.6, 3.9, 5.7, 5.6, 4.9, 5.6, 5.3, 4.6, 5.4, 4.6, 5.5, 5.1, 5.3, 4.6, 4.3, 5.0, 5.3, 5.0, 5.9, 5.7]","[-2.4, -1.1, 0.7, 0.6, -0.1, 0.6, 0.3, -0.4, 0.4, -0.4, 0.5, 0.1, 0.3, -0.4, -0.7, -0.0, 0.3, 0.0, 0.9, 0.7]"
20260813,04,7,3,47.6,"[[""3-4-2"", 0.052], [""3-2-4"", 0.0476], [""3-4-5"", 0.0305], [""3-4-1"", 0.0299], [""3-2-5"", 0.0237], [""3-2-1"", 0.0232]]",2,26.8,"[[""2-3-4"", 0.04], [""2-3-5"", 0.0199], [""2-3-1"", 0.0195]]","[[""4-3-2"", 0.0459], [""4-2-3"", 0.0351], [""2-4-3"", 0.0334], [""4-3-5"", 0.0269]]",,,False,False,0.7866,強,"{""逃げ"": 56.9, ""差し"": 13.0, ""まくり"": 11.9, ""まくり差し"": 10.0, ""抜き"": 7.5, ""恵まれ"": 0.9}","[""0〜600円"", ""600〜750円"", ""750〜900円"", ""900〜1050円"", ""1050〜1220円"", ""1220〜1410円"", ""1410〜1640円"", ""1640〜1890円"", ""1890〜2200円"", ""2200〜2560円"", ""2560〜3020円"", ""3020〜3580円"", ""3580〜4290円"", ""4290〜5220円"", ""5220〜6490円"", ""6490〜8310円"", ""8310〜11220円"", ""11220〜16240円"", ""16240〜28268円"", ""28268円〜""]","[2.6, 3.9, 5.7, 5.6, 4.9, 5.6, 5.3, 4.6, 5.4, 4.6, 5.5, 5.1, 5.3, 4.6, 4.3, 5.0, 5.3, 5.0, 5.9, 5.7]","[-2.4, -1.1, 0.7, 0.6, -0.1, 0.6, 0.3, -0.4, 0.4, -0.4, 0.5, 0.1, 0.3, -0.4, -0.7, -0.0, 0.3, 0.0, 0.9, 0.7]"
20260813,04,8,1,53.2,"[[""1-4-2"", 0.1053], [""1-4-3"", 0.0877], [""1-4-6"", 0.0824], [""1-4-5"", 0.0103]]",4,16.6,"[[""4-1-2"", 0.0747], [""4-1-3"", 0.0623], [""4-1-6"", 0.0585]]","[[""1-2-4"", 0.0488], [""1-3-4"", 0.0384], [""1-6-4"", 0.0358], [""2-1-4"", 0.0263]]",1-4,0.5277,True,True,0.8218,中,"{""逃げ"": 42.5, ""まくり"": 19.1, ""差し"": 16.7, ""まくり差し"": 13.3, ""抜き"": 7.2, ""恵まれ"": 1.3}","[""0〜600円"", ""600〜750円"", ""750〜900円"", ""900〜1050円"", ""1050〜1220円"", ""1220〜1410円"", ""1410〜1640円"", ""1640〜1890円"", ""1890〜2200円"", ""2200〜2560円"", ""2560〜3020円"", ""3020〜3580円"", ""3580〜4290円"", ""4290〜5220円"", ""5220〜6490円"", ""6490〜8310円"", ""8310〜11220円"", ""11220〜16240円"", ""16240〜28268円"", ""28268円〜""]","[0.7, 1.6, 3.2, 3.0, 4.1, 6.0, 5.3, 5.1, 5.3, 5.8, 5.3, 6.9, 6.3, 5.9, 5.3, 6.0, 7.4, 5.8, 6.1, 5.0]","[-4.3, -3.4, -1.8, -2.0, -0.9, 1.0, 0.3, 0.1, 0.3, 0.8, 0.3, 1.9, 1.3, 0.9, 0.3, 1.0, 2.4, 0.8, 1.1, -0.0]"
20260813,04,9,1,50.7,"[[""1-3-4"", 0.065], [""1-3-2"", 0.0807], [""1-3-5"", 0.0291], [""1-3-6"", 0.0211]]",3,36.7,"[[""3-1-4"", 0.0515], [""3-1-2"", 0.0639], [""3-1-5"", 0.0231], [""3-1-6"", 0.0167]]","[[""1-4-3"", 0.0408], [""1-2-3"", 0.0503], [""4-1-3"", 0.0261], [""2-1-3"", 0.0321]]",1-3,0.3826,False,False,0.7866,中,"{""逃げ"": 42.5, ""まくり"": 19.1, ""差し"": 16.7, ""まくり差し"": 13.3, ""抜き"": 7.2, ""恵まれ"": 1.3}","[""0〜600円"", ""600〜750円"", ""750〜900円"", ""900〜1050円"", ""1050〜1220円"", ""1220〜1410円"", ""1410〜1640円"", ""1640〜1890円"", ""1890〜2200円"", ""2200〜2560円"", ""2560〜3020円"", ""3020〜3580円"", ""3580〜4290円"", ""4290〜5220円"", ""5220〜6490円"", ""6490〜8310円"", ""8310〜11220円"", ""11220〜16240円"", ""16240〜28268円"", ""28268円〜""]","[0.7, 1.6, 3.2, 3.0, 4.1, 6.0, 5.3, 5.1, 5.3, 5.8, 5.3, 6.9, 6.3, 5.9, 5.3, 6.0, 7.4, 5.8, 6.1, 5.0]","[-4.3, -3.4, -1.8, -2.0, -0.9, 1.0, 0.3, 0.1, 0.3, 0.8, 0.3, 1.9, 1.3, 0.9, 0.3, 1.0, 2.4, 0.8, 1.1, -0.0]"
20260813,04,10,1,56.6,"[[""1-2-5"", 0.0443], [""1-5-2"", 0.0429], [""1-2-3"", 0.0541], [""1-3-2"", 0.0517], [""1-5-3"", 0.048], [""1-3-5"", 0.0473], [""1-2-6"", 0.0383], [""1-5-6"", 0.034], [""1-6-2"", 0.0334]]",3,28.7,"[[""3-1-2"", 0.0254], [""3-1-5"", 0.0233], [""3-1-6"", 0.0158]]","[[""1-3-6"", 0.0322], [""1-6-5"", 0.0306], [""1-6-3"", 0.0294], [""2-1-5"", 0.0221]]",,,False,False,0.7866,強,"{""逃げ"": 56.9, ""差し"": 13.0, ""まくり"": 11.9, ""まくり差し"": 10.0, ""抜き"": 7.5, ""恵まれ"": 0.9}","[""0〜600円"", ""600〜750円"", ""750〜900円"", ""900〜1050円"", ""1050〜1220円"", ""1220〜1410円"", ""1410〜1640円"", ""1640〜1890円"", ""1890〜2200円"", ""2200〜2560円"", ""2560〜3020円"", ""3020〜3580円"", ""3580〜4290円"", ""4290〜5220円"", ""5220〜6490円"", ""6490〜8310円"", ""8310〜11220円"", ""11220〜16240円"", ""16240〜28268円"", ""28268円〜""]","[2.6, 3.9, 5.7, 5.6, 4.9, 5.6, 5.3, 4.6, 5.4, 4.6, 5.5, 5.1, 5.3, 4.6, 4.3, 5.0, 5.3, 5.0, 5.9, 5.7]","[-2.4, -1.1, 0.7, 0.6, -0.1, 0.6, 0.3, -0.4, 0.4, -0.4, 0.5, 0.1, 0.3, -0.4, -0.7, -0.0, 0.3, 0.0, 0.9, 0.7]"
20260813,04,11,1,53.4,"[[""1-3-2"", 0.0881], [""1-3-4"", 0.1064], [""1-3-5"", 0.0442], [""1-3-6"", 0.0194]]",3,39.9,"[[""3-1-2"", 0.0373], [""3-1-4"", 0.045], [""3-1-5"", 0.0187]]","[[""1-2-3"", 0.0642], [""1-4-3"", 0.0773], [""1-2-4"", 0.0395], [""1-4-2"", 0.0394]]",1-3,0.3945,False,True,0.8218,強,"{""逃げ"": 56.9, ""差し"": 13.0, ""まくり"": 11.9, ""まくり差し"": 10.0, ""抜き"": 7.5, ""恵まれ"": 0.9}","[""0〜600円"", ""600〜750円"", ""750〜900円"", ""900〜1050円"", ""1050〜1220円"", ""1220〜1410円"", ""1410〜1640円"", ""1640〜1890円"", ""1890〜2200円"", ""2200〜2560円"", ""2560〜3020円"", ""3020〜3580円"", ""3580〜4290円"", ""4290〜5220円"", ""5220〜6490円"", ""6490〜8310円"", ""8310〜11220円"", ""11220〜16240円"", ""16240〜28268円"", ""28268円〜""]","[2.6, 3.9, 5.7, 5.6, 4.9, 5.6, 5.3, 4.6, 5.4, 4.6, 5.5, 5.1, 5.3, 4.6, 4.3, 5.0, 5.3, 5.0, 5.9, 5.7]","[-2.4, -1.1, 0.7, 0.6, -0.1, 0.6, 0.3, -0.4, 0.4, -0.4, 0.5, 0.1, 0.3, -0.4, -0.7, -0.0, 0.3, 0.0, 0.9, 0.7]"
20260813,04,12,1,46.5,"[[""1-4-3"", 0.0801], [""1-3-4"", 0.0648], [""1-4-2"", 0.0764], [""1-2-4"", 0.0573], [""1-4-5"", 0.0415], [""1-4-6"", 0.0411], [""1-3-2"", 0.0386], [""1-2-3"", 0.0358], [""1-5-4"", 0.0283]]",4,43.7,"[[""4-1-3"", 0.0295], [""4-1-2"", 0.0281], [""4-1-5"", 0.0152], [""4-1-6"", 0.0151]]","[[""3-1-4"", 0.0226], [""1-6-4"", 0.028], [""1-3-5"", 0.021], [""1-3-6"", 0.0208]]",,,False,False,0.7866,強,"{""逃げ"": 56.9, ""差し"": 13.0, ""まくり"": 11.9, ""まくり差し"": 10.0, ""抜き"": 7.5, ""恵まれ"": 0.9}","[""0〜600円"", ""600〜750円"", ""750〜900円"", ""900〜1050円"", ""1050〜1220円"", ""1220〜1410円"", ""1410〜1640円"", ""1640〜1890円"", ""1890〜2200円"", ""2200〜2560円"", ""2560〜3020円"", ""3020〜3580円"", ""3580〜4290円"", ""4290〜5220円"", ""5220〜6490円"", ""6490〜8310円"", ""8310〜11220円"", ""11220〜16240円"", ""16240〜28268円"", ""28268円〜""]","[2.6, 3.9, 5.7, 5.6, 4.9, 5.6, 5.3, 4.6, 5.4, 4.6, 5.5, 5.1, 5.3, 4.6, 4.3, 5.0, 5.3, 5.0, 5.9, 5.7]","[-2.4, -1.1, 0.7, 0.6, -0.1, 0.6, 0.3, -0.4, 0.4, -0.4, 0.5, 0.1, 0.3, -0.4, -0.7, -0.0, 0.3, 0.0, 0.9, 0.7]"
20260813,06,1,3,43.5,"[[""3-2-4"", 0.0415], [""3-2-6"", 0.042], [""3-2-1"", 0.0219], [""3-2-5"", 0.0143]]",2,23.1,"[[""2-3-4"", 0.0385], [""2-3-6"", 0.0389], [""2-3-1"", 0.0203], [""2-3-5"", 0.0133]]","[[""3-4-2"", 0.0327], [""2-4-3"", 0.0274], [""4-3-2"", 0.0263], [""3-6-2"", 0.031]]",2-3,0.2523,False,False,0.7866,中,"{""逃げ"": 50.8, ""まくり差し"": 15.1, ""まくり"": 14.9, ""差し"": 11.4, ""抜き"": 6.5, ""恵まれ"": 1.4}","[""0〜600円"", ""600〜750円"", ""750〜900円"", ""900〜1050円"", ""1050〜1220円"", ""1220〜1410円"", ""1410〜1640円"", ""1640〜1890円"", ""1890〜2200円"", ""2200〜2560円"", ""2560〜3020円"", ""3020〜3580円"", ""3580〜4290円"", ""4290〜5220円"", ""5220〜6490円"", ""6490〜8310円"", ""8310〜11220円"", ""11220〜16240円"", ""16240〜28268円"", ""28268円〜""]","[4.1, 5.0, 5.0, 4.1, 5.7, 5.9, 5.4, 5.2, 5.2, 4.6, 4.6, 4.5, 5.5, 4.7, 4.3, 5.4, 4.6, 5.7, 5.1, 5.4]","[-0.9, -0.0, -0.0, -0.9, 0.7, 0.9, 0.4, 0.2, 0.2, -0.4, -0.4, -0.5, 0.5, -0.3, -0.7, 0.4, -0.4, 0.7, 0.1, 0.4]"
20260813,06,2,3,59.0,"[[""3-5-1"", 0.041], [""3-1-5"", 0.0333], [""3-5-4"", 0.0323], [""3-5-2"", 0.0274], [""3-4-5"", 0.0233], [""3-2-5"", 0.0192], [""3-1-4"", 0.0168], [""3-4-1"", 0.0149], [""3-5-6"", 0.0145]]",5,34.2,"[[""5-3-1"", 0.0377], [""5-3-4"", 0.0298], [""5-3-2"", 0.0253], [""5-3-6"", 0.0134]]","[[""5-1-3"", 0.0275], [""1-3-5"", 0.0271], [""1-5-3"", 0.0244], [""5-4-3"", 0.0195]]",,,False,False,0.7866,強,"{""逃げ"": 63.9, ""まくり差し"": 12.9, ""まくり"": 9.1, ""差し"": 7.0, ""抜き"": 6.1, ""恵まれ"": 1.2}","[""0〜600円"", ""600〜750円"", ""750〜900円"", ""900〜1050円"", ""1050〜1220円"", ""1220〜1410円"", ""1410〜1640円"", ""1640〜1890円"", ""1890〜2200円"", ""2200〜2560円"", ""2560〜3020円"", ""3020〜3580円"", ""3580〜4290円"", ""4290〜5220円"", ""5220〜6490円"", ""6490〜8310円"", ""8310〜11220円"", ""11220〜16240円"", ""16240〜28268円"", ""28268円〜""]","[7.4, 7.3, 6.1, 5.9, 6.0, 5.3, 4.7, 5.1, 4.3, 5.3, 4.6, 4.0, 4.1, 3.8, 4.4, 3.4, 4.1, 4.0, 4.3, 6.0]","[2.4, 2.3, 1.1, 0.9, 1.0, 0.3, -0.3, 0.1, -0.7, 0.3, -0.4, -1.0, -0.9, -1.2, -0.6, -1.6, -0.9, -1.0, -0.7, 1.0]"
20260813,06,3,4,46.4,"[[""4-1-2"", 0.0218], [""4-2-1"", 0.0214], [""4-1-3"", 0.0236], [""4-2-3"", 0.0223], [""4-3-1"", 0.0221], [""4-3-2"", 0.0212], [""4-1-5"", 0.0181], [""4-2-5"", 0.0171], [""4-5-1"", 0.0159]]",1,43.3,"[[""1-4-2"", 0.0195], [""1-4-3"", 0.0212], [""1-2-4"", 0.0166], [""1-3-4"", 0.0173], [""1-4-5"", 0.0163], [""1-5-4"", 0.0125]]","[[""2-4-1"", 0.019], [""2-1-4"", 0.0165], [""2-4-3"", 0.0198], [""3-4-1"", 0.019]]",,,False,False,0.7866,強,"{""逃げ"": 63.9, ""まくり差し"": 12.9, ""まくり"": 9.1, ""差し"": 7.0, ""抜き"": 6.1, ""恵まれ"": 1.2}","[""0〜600円"", ""600〜750円"", ""750〜900円"", ""900〜1050円"", ""1050〜1220円"", ""1220〜1410円"", ""1410〜1640円"", ""1640〜1890円"", ""1890〜2200円"", ""2200〜2560円"", ""2560〜3020円"", ""3020〜3580円"", ""3580〜4290円"", ""4290〜5220円"", ""5220〜6490円"", ""6490〜8310円"", ""8310〜11220円"", ""11220〜16240円"", ""16240〜28268円"", ""28268円〜""]","[7.4, 7.3, 6.1, 5.9, 6.0, 5.3, 4.7, 5.1, 4.3, 5.3, 4.6, 4.0, 4.1, 3.8, 4.4, 3.4, 4.1, 4.0, 4.3, 6.0]","[2.4, 2.3, 1.1, 0.9, 1.0, 0.3, -0.3, 0.1, -0.7, 0.3, -0.4, -1.0, -0.9, -1.2, -0.6, -1.6, -0.9, -1.0, -0.7, 1.0]"
20260813,06,4,1,53.7,"[[""1-2-3"", 0.1348], [""1-2-4"", 0.1557], [""1-2-5"", 0.0795], [""1-2-6"", 0.0272]]",2,28.3,"[[""2-1-3"", 0.0306], [""2-1-4"", 0.0353], [""2-1-5"", 0.018]]","[[""1-3-2"", 0.0764], [""1-4-2"", 0.0873], [""1-5-2"", 0.0405], [""1-3-4"", 0.0296]]",1-2,0.5232,True,True,0.8218,強,"{""逃げ"": 63.9, ""まくり差し"": 12.9, ""まくり"": 9.1, ""差し"": 7.0, ""抜き"": 6.1, ""恵まれ"": 1.2}","[""0〜600円"", ""600〜750円"", ""750〜900円"", ""900〜1050円"", ""1050〜1220円"", ""1220〜1410円"", ""1410〜1640円"", ""1640〜1890円"", ""1890〜2200円"", ""2200〜2560円"", ""2560〜3020円"", ""3020〜3580円"", ""3580〜4290円"", ""4290〜5220円"", ""5220〜6490円"", ""6490〜8310円"", ""8310〜11220円"", ""11220〜16240円"", ""16240〜28268円"", ""28268円〜""]","[7.4, 7.3, 6.1, 5.9, 6.0, 5.3, 4.7, 5.1, 4.3, 5.3, 4.6, 4.0, 4.1, 3.8, 4.4, 3.4, 4.1, 4.0, 4.3, 6.0]","[2.4, 2.3, 1.1, 0.9, 1.0, 0.3, -0.3, 0.1, -0.7, 0.3, -0.4, -1.0, -0.9, -1.2, -0.6, -1.6, -0.9, -1.0, -0.7, 1.0]"
20260813,06,5,3,49.5,"[[""3-2-1"", 0.0669], [""3-1-2"", 0.0582], [""3-2-6"", 0.0367], [""3-2-4"", 0.0309], [""3-1-6"", 0.0245], [""3-1-4"", 0.0207], [""3-2-5"", 0.0127]]",2,32.4,"[[""2-3-1"", 0.0516], [""2-3-6"", 0.0283], [""2-3-4"", 0.0239]]","[[""1-3-2"", 0.0419], [""2-1-3"", 0.0315], [""1-2-3"", 0.0294], [""3-6-2"", 0.0257]]",,,False,True,0.8218,強,"{""逃げ"": 63.9, ""まくり差し"": 12.9, ""まくり"": 9.1, ""差し"": 7.0, ""抜き"": 6.1, ""恵まれ"": 1.2}","[""0〜600円"", ""600〜750円"", ""750〜900円"", ""900〜1050円"", ""1050〜1220円"", ""1220〜1410円"", ""1410〜1640円"", ""1640〜1890円"", ""1890〜2200円"", ""2200〜2560円"", ""2560〜3020円"", ""3020〜3580円"", ""3580〜4290円"", ""4290〜5220円"", ""5220〜6490円"", ""6490〜8310円"", ""8310〜11220円"", ""11220〜16240円"", ""16240〜28268円"", ""28268円〜""]","[7.4, 7.3, 6.1, 5.9, 6.0, 5.3, 4.7, 5.1, 4.3, 5.3, 4.6, 4.0, 4.1, 3.8, 4.4, 3.4, 4.1, 4.0, 4.3, 6.0]","[2.4, 2.3, 1.1, 0.9, 1.0, 0.3, -0.3, 0.1, -0.7, 0.3, -0.4, -1.0, -0.9, -1.2, -0.6, -1.6, -0.9, -1.0, -0.7, 1.0]"
20260813,06,6,2,55.6,"[[""2-1-6"", 0.0358], [""2-6-1"", 0.0285], [""2-1-5"", 0.0335], [""2-1-3"", 0.0331], [""2-5-1"", 0.0249], [""2-3-1"", 0.0246], [""2-1-4"", 0.0238], [""2-4-1"", 0.0169], [""2-6-5"", 0.0152]]",1,46.6,"[[""1-2-6"", 0.0296], [""1-2-5"", 0.0277], [""1-2-3"", 0.0274], [""1-2-4"", 0.0197]]","[[""6-2-1"", 0.0209], [""1-6-2"", 0.0187], [""6-1-2"", 0.0165], [""5-2-1"", 0.0175]]",,,False,False,0.7866,強,"{""逃げ"": 63.9, ""まくり差し"": 12.9, ""まくり"": 9.1, ""差し"": 7.0, ""抜き"": 6.1, ""恵まれ"": 1.2}","[""0〜600円"", ""600〜750円"", ""750〜900円"", ""900〜1050円"", ""1050〜1220円"", ""1220〜1410円"", ""1410〜1640円"", ""1640〜1890円"", ""1890〜2200円"", ""2200〜2560円"", ""2560〜3020円"", ""3020〜3580円"", ""3580〜4290円"", ""4290〜5220円"", ""5220〜6490円"", ""6490〜8310円"", ""8310〜11220円"", ""11220〜16240円"", ""16240〜28268円"", ""28268円〜""]","[7.4, 7.3, 6.1, 5.9, 6.0, 5.3, 4.7, 5.1, 4.3, 5.3, 4.6, 4.0, 4.1, 3.8, 4.4, 3.4, 4.1, 4.0, 4.3, 6.0]","[2.4, 2.3, 1.1, 0.9, 1.0, 0.3, -0.3, 0.1, -0.7, 0.3, -0.4, -1.0, -0.9, -1.2, -0.6, -1.6, -0.9, -1.0, -0.7, 1.0]"
20260813,06,7,1,47.2,"[[""1-2-3"", 0.1322], [""1-2-6"", 0.0581], [""1-2-4"", 0.0258], [""1-2-5"", 0.0236]]",3,37.6,"[[""3-1-2"", 0.0504], [""3-1-6"", 0.0164]]","[[""1-3-2"", 0.1093], [""2-1-3"", 0.0644], [""1-6-2"", 0.0365], [""1-3-6"", 0.0356]]",,,False,True,0.8218,中,"{""逃げ"": 50.8, ""まくり差し"": 15.1, ""まくり"": 14.9, ""差し"": 11.4, ""抜き"": 6.5, ""恵まれ"": 1.4}","[""0〜600円"", ""600〜750円"", ""750〜900円"", ""900〜1050円"", ""1050〜1220円"", ""1220〜1410円"", ""1410〜1640円"", ""1640〜1890円"", ""1890〜2200円"", ""2200〜2560円"", ""2560〜3020円"", ""3020〜3580円"", ""3580〜4290円"", ""4290〜5220円"", ""5220〜6490円"", ""6490〜8310円"", ""8310〜11220円"", ""11220〜16240円"", ""16240〜28268円"", ""28268円〜""]","[4.1, 5.0, 5.0, 4.1, 5.7, 5.9, 5.4, 5.2, 5.2, 4.6, 4.6, 4.5, 5.5, 4.7, 4.3, 5.4, 4.6, 5.7, 5.1, 5.4]","[-0.9, -0.0, -0.0, -0.9, 0.7, 0.9, 0.4, 0.2, 0.2, -0.4, -0.4, -0.5, 0.5, -0.3, -0.7, 0.4, -0.4, 0.7, 0.1, 0.4]"
20260813,06,8,1,53.6,"[[""1-4-2"", 0.0949], [""1-4-5"", 0.0692], [""1-4-3"", 0.0609], [""1-4-6"", 0.0375]]",4,34.4,"[[""4-1-2"", 0.0424], [""4-1-5"", 0.0309], [""4-1-3"", 0.0272], [""4-1-6"", 0.0167]]","[[""1-2-4"", 0.0672], [""1-5-4"", 0.0439], [""1-3-4"", 0.038], [""2-1-4"", 0.0272]]",1-4,0.4093,False,True,0.8218,強,"{""逃げ"": 63.9, ""まくり差し"": 12.9, ""まくり"": 9.1, ""差し"": 7.0, ""抜き"": 6.1, ""恵まれ"": 1.2}","[""0〜600円"", ""600〜750円"", ""750〜900円"", ""900〜1050円"", ""1050〜1220円"", ""1220〜1410円"", ""1410〜1640円"", ""1640〜1890円"", ""1890〜2200円"", ""2200〜2560円"", ""2560〜3020円"", ""3020〜3580円"", ""3580〜4290円"", ""4290〜5220円"", ""5220〜6490円"", ""6490〜8310円"", ""8310〜11220円"", ""11220〜16240円"", ""16240〜28268円"", ""28268円〜""]","[7.4, 7.3, 6.1, 5.9, 6.0, 5.3, 4.7, 5.1, 4.3, 5.3, 4.6, 4.0, 4.1, 3.8, 4.4, 3.4, 4.1, 4.0, 4.3, 6.0]","[2.4, 2.3, 1.1, 0.9, 1.0, 0.3, -0.3, 0.1, -0.7, 0.3, -0.4, -1.0, -0.9, -1.2, -0.6, -1.6, -0.9, -1.0, -0.7, 1.0]"
20260813,06,9,2,53.7,"[[""2-1-3"", 0.0345], [""2-3-1"", 0.0317], [""2-1-5"", 0.0293], [""2-5-1"", 0.0242], [""2-3-5"", 0.022], [""2-5-3"", 0.0198], [""2-1-4"", 0.0169], [""2-1-6"", 0.0148], [""2-3-4"", 0.0127]]",3,29.6,"[[""3-2-1"", 0.0269], [""3-1-2"", 0.0232], [""3-2-5"", 0.0187], [""3-1-5"", 0.0119], [""3-2-4"", 0.0108]]","[[""1-2-3"", 0.0309], [""1-3-2"", 0.0244], [""1-2-5"", 0.0262], [""5-2-1"", 0.0192]]",,,False,True,0.8218,強,"{""逃げ"": 63.9, ""まくり差し"": 12.9, ""まくり"": 9.1, ""差し"": 7.0, ""抜き"": 6.1, ""恵まれ"": 1.2}","[""0〜600円"", ""600〜750円"", ""750〜900円"", ""900〜1050円"", ""1050〜1220円"", ""1220〜1410円"", ""1410〜1640円"", ""1640〜1890円"", ""1890〜2200円"", ""2200〜2560円"", ""2560〜3020円"", ""3020〜3580円"", ""3580〜4290円"", ""4290〜5220円"", ""5220〜6490円"", ""6490〜8310円"", ""8310〜11220円"", ""11220〜16240円"", ""16240〜28268円"", ""28268円〜""]","[7.4, 7.3, 6.1, 5.9, 6.0, 5.3, 4.7, 5.1, 4.3, 5.3, 4.6, 4.0, 4.1, 3.8, 4.4, 3.4, 4.1, 4.0, 4.3, 6.0]","[2.4, 2.3, 1.1, 0.9, 1.0, 0.3, -0.3, 0.1, -0.7, 0.3, -0.4, -1.0, -0.9, -1.2, -0.6, -1.6, -0.9, -1.0, -0.7, 1.0]"
20260813,06,10,1,54.2,"[[""1-2-5"", 0.0819], [""1-5-2"", 0.0756], [""1-2-4"", 0.056], [""1-2-3"", 0.0439], [""1-4-2"", 0.0436], [""1-5-4"", 0.0433], [""1-4-5"", 0.0365], [""1-2-6"", 0.0364], [""1-5-3"", 0.034]]",2,29.6,"[[""2-1-5"", 0.0268], [""2-1-4"", 0.0183], [""2-1-3"", 0.0144], [""2-1-6"", 0.0119]]","[[""1-3-2"", 0.0329], [""5-1-2"", 0.0243], [""1-5-6"", 0.0282], [""1-3-5"", 0.0276]]",,,False,False,0.7866,強,"{""逃げ"": 63.9, ""まくり差し"": 12.9, ""まくり"": 9.1, ""差し"": 7.0, ""抜き"": 6.1, ""恵まれ"": 1.2}","[""0〜600円"", ""600〜750円"", ""750〜900円"", ""900〜1050円"", ""1050〜1220円"", ""1220〜1410円"", ""1410〜1640円"", ""1640〜1890円"", ""1890〜2200円"", ""2200〜2560円"", ""2560〜3020円"", ""3020〜3580円"", ""3580〜4290円"", ""4290〜5220円"", ""5220〜6490円"", ""6490〜8310円"", ""8310〜11220円"", ""11220〜16240円"", ""16240〜28268円"", ""28268円〜""]","[7.4, 7.3, 6.1, 5.9, 6.0, 5.3, 4.7, 5.1, 4.3, 5.3, 4.6, 4.0, 4.1, 3.8, 4.4, 3.4, 4.1, 4.0, 4.3, 6.0]","[2.4, 2.3, 1.1, 0.9, 1.0, 0.3, -0.3, 0.1, -0.7, 0.3, -0.4, -1.0, -0.9, -1.2, -0.6, -1.6, -0.9, -1.0, -0.7, 1.0]"
20260813,06,11,1,46.4,"[[""1-3-4"", 0.0824], [""1-3-2"", 0.1022], [""1-3-6"", 0.0425], [""1-3-5"", 0.0344]]",3,29.1,"[[""3-1-4"", 0.0398], [""3-1-2"", 0.0493], [""3-1-6"", 0.0205], [""3-1-5"", 0.0166]]","[[""1-4-3"", 0.0546], [""1-2-3"", 0.0672], [""4-1-3"", 0.0233], [""2-1-3"", 0.0286]]",1-3,0.4208,False,False,0.7866,強,"{""逃げ"": 63.9, ""まくり差し"": 12.9, ""まくり"": 9.1, ""差し"": 7.0, ""抜き"": 6.1, ""恵まれ"": 1.2}","[""0〜600円"", ""600〜750円"", ""750〜900円"", ""900〜1050円"", ""1050〜1220円"", ""1220〜1410円"", ""1410〜1640円"", ""1640〜1890円"", ""1890〜2200円"", ""2200〜2560円"", ""2560〜3020円"", ""3020〜3580円"", ""3580〜4290円"", ""4290〜5220円"", ""5220〜6490円"", ""6490〜8310円"", ""8310〜11220円"", ""11220〜16240円"", ""16240〜28268円"", ""28268円〜""]","[7.4, 7.3, 6.1, 5.9, 6.0, 5.3, 4.7, 5.1, 4.3, 5.3, 4.6, 4.0, 4.1, 3.8, 4.4, 3.4, 4.1, 4.0, 4.3, 6.0]","[2.4, 2.3, 1.1, 0.9, 1.0, 0.3, -0.3, 0.1, -0.7, 0.3, -0.4, -1.0, -0.9, -1.2, -0.6, -1.6, -0.9, -1.0, -0.7, 1.0]"
20260813,06,12,1,49.5,"[[""1-2-4"", 0.1241], [""1-2-3"", 0.0645], [""1-2-5"", 0.0428], [""1-2-6"", 0.042]]",2,30.8,"[[""2-1-4"", 0.0329], [""2-1-3"", 0.0171], [""2-1-5"", 0.0113], [""2-1-6"", 0.0111]]","[[""1-4-2"", 0.1067], [""1-3-2"", 0.044], [""1-4-3"", 0.0421], [""4-1-2"", 0.0276]]",1-2,0.3883,False,False,0.7866,強,"{""逃げ"": 63.9, ""まくり差し"": 12.9, ""まくり"": 9.1, ""差し"": 7.0, ""抜き"": 6.1, ""恵まれ"": 1.2}","[""0〜600円"", ""600〜750円"", ""750〜900円"", ""900〜1050円"", ""1050〜1220円"", ""1220〜1410円"", ""1410〜1640円"", ""1640〜1890円"", ""1890〜2200円"", ""2200〜2560円"", ""2560〜3020円"", ""3020〜3580円"", ""3580〜4290円"", ""4290〜5220円"", ""5220〜6490円"", ""6490〜8310円"", ""8310〜11220円"", ""11220〜16240円"", ""16240〜28268円"", ""28268円〜""]","[7.4, 7.3, 6.1, 5.9, 6.0, 5.3, 4.7, 5.1, 4.3, 5.3, 4.6, 4.0, 4.1, 3.8, 4.4, 3.4, 4.1, 4.0, 4.3, 6.0]","[2.4, 2.3, 1.1, 0.9, 1.0, 0.3, -0.3, 0.1, -0.7, 0.3, -0.4, -1.0, -0.9, -1.2, -0.6, -1.6, -0.9, -1.0, -0.7, 1.0]"
20260813,07,1,3,54.1,"[[""3-2-1"", 0.0286], [""3-1-2"", 0.0281], [""3-2-5"", 0.0273], [""3-1-5"", 0.0257], [""3-5-2"", 0.0246], [""3-5-1"", 0.0236], [""3-2-4"", 0.0151], [""3-1-4"", 0.0142], [""3-4-2"", 0.012]]",1,,"[[""1-3-2"", 0.0262], [""1-2-3"", 0.0241], [""1-3-5"", 0.0239], [""1-5-3"", 0.0201], [""1-2-5"", 0.0184], [""1-5-2"", 0.0167]]","[[""2-3-1"", 0.027], [""2-1-3"", 0.0244], [""2-3-5"", 0.0257], [""5-3-2"", 0.0216]]",,,False,True,0.8218,中,"{""逃げ"": 54.5, ""まくり"": 16.2, ""まくり差し"": 14.2, ""差し"": 9.2, ""抜き"": 5.5, ""恵まれ"": 0.5}","[""0〜600円"", ""600〜750円"", ""750〜900円"", ""900〜1050円"", ""1050〜1220円"", ""1220〜1410円"", ""1410〜1640円"", ""1640〜1890円"", ""1890〜2200円"", ""2200〜2560円"", ""2560〜3020円"", ""3020〜3580円"", ""3580〜4290円"", ""4290〜5220円"", ""5220〜6490円"", ""6490〜8310円"", ""8310〜11220円"", ""11220〜16240円"", ""16240〜28268円"", ""28268円〜""]","[5.3, 6.3, 5.5, 4.8, 5.8, 4.9, 5.9, 4.8, 4.8, 4.6, 5.5, 5.3, 4.3, 4.3, 4.5, 4.1, 5.6, 4.1, 5.2, 4.5]","[0.3, 1.3, 0.5, -0.2, 0.8, -0.1, 0.9, -0.2, -0.2, -0.4, 0.5, 0.3, -0.7, -0.7, -0.5, -0.9, 0.6, -0.9, 0.2, -0.5]"
20260813,07,2,5,61.1,"[[""5-1-2"", 0.0648], [""5-1-3"", 0.0269], [""5-1-6"", 0.0182]]",1,35.9,"[[""1-5-2"", 0.0596], [""1-5-3"", 0.0247], [""1-5-6"", 0.0167]]","[[""5-2-1"", 0.0607], [""2-5-1"", 0.0538], [""1-2-5"", 0.0491], [""2-1-5"", 0.0473]]",1-5,0.2572,False,False,0.7866,強,"{""逃げ"": 68.6, ""まくり差し"": 11.8, ""まくり"": 9.6, ""差し"": 4.8, ""抜き"": 4.1, ""恵まれ"": 1.0}","[""0〜600円"", ""600〜750円"", ""750〜900円"", ""900〜1050円"", ""1050〜1220円"", ""1220〜1410円"", ""1410〜1640円"", ""1640〜1890円"", ""1890〜2200円"", ""2200〜2560円"", ""2560〜3020円"", ""3020〜3580円"", ""3580〜4290円"", ""4290〜5220円"", ""5220〜6490円"", ""6490〜8310円"", ""8310〜11220円"", ""11220〜16240円"", ""16240〜28268円"", ""28268円〜""]","[9.4, 8.0, 6.8, 5.7, 5.6, 5.4, 5.2, 5.2, 4.6, 5.0, 5.2, 3.8, 3.8, 4.0, 3.2, 3.9, 3.3, 3.6, 3.9, 4.5]","[4.4, 3.0, 1.8, 0.7, 0.6, 0.4, 0.2, 0.2, -0.4, 0.0, 0.2, -1.2, -1.2, -1.0, -1.8, -1.1, -1.7, -1.4, -1.1, -0.5]"
20260813,07,3,2,47.3,"[[""2-1-3"", 0.0551], [""2-3-1"", 0.0495], [""2-1-6"", 0.0422], [""2-6-1"", 0.0332], [""2-3-6"", 0.0299], [""2-1-4"", 0.0279], [""2-6-3"", 0.0262], [""2-1-5"", 0.021], [""2-4-1"", 0.0205]]",1,,"[[""1-2-3"", 0.0373], [""1-2-6"", 0.0286], [""1-2-4"", 0.0189], [""1-2-5"", 0.0142]]","[[""3-2-1"", 0.0319], [""1-3-2"", 0.0202], [""3-1-2"", 0.0193], [""6-2-1"", 0.0201]]",,,False,True,0.8218,強,"{""逃げ"": 68.6, ""まくり差し"": 11.8, ""まくり"": 9.6, ""差し"": 4.8, ""抜き"": 4.1, ""恵まれ"": 1.0}","[""0〜600円"", ""600〜750円"", ""750〜900円"", ""900〜1050円"", ""1050〜1220円"", ""1220〜1410円"", ""1410〜1640円"", ""1640〜1890円"", ""1890〜2200円"", ""2200〜2560円"", ""2560〜3020円"", ""3020〜3580円"", ""3580〜4290円"", ""4290〜5220円"", ""5220〜6490円"", ""6490〜8310円"", ""8310〜11220円"", ""11220〜16240円"", ""16240〜28268円"", ""28268円〜""]","[9.4, 8.0, 6.8, 5.7, 5.6, 5.4, 5.2, 5.2, 4.6, 5.0, 5.2, 3.8, 3.8, 4.0, 3.2, 3.9, 3.3, 3.6, 3.9, 4.5]","[4.4, 3.0, 1.8, 0.7, 0.6, 0.4, 0.2, 0.2, -0.4, 0.0, 0.2, -1.2, -1.2, -1.0, -1.8, -1.1, -1.7, -1.4, -1.1, -0.5]"
20260813,07,4,1,48.6,"[[""1-2-3"", 0.051], [""1-2-5"", 0.0592], [""1-3-2"", 0.0468], [""1-5-2"", 0.0535], [""1-3-5"", 0.0452], [""1-5-3"", 0.0444], [""1-2-4"", 0.0151], [""1-3-4"", 0.0116], [""1-5-4"", 0.0108]]",3,44.4,"[[""3-1-2"", 0.0329], [""3-1-5"", 0.0318]]","[[""2-1-3"", 0.0373], [""2-1-5"", 0.0434], [""5-1-2"", 0.0372], [""5-1-3"", 0.0309]]",,,False,True,0.8218,中,"{""逃げ"": 54.5, ""まくり"": 16.2, ""まくり差し"": 14.2, ""差し"": 9.2, ""抜き"": 5.5, ""恵まれ"": 0.5}","[""0〜600円"", ""600〜750円"", ""750〜900円"", ""900〜1050円"", ""1050〜1220円"", ""1220〜1410円"", ""1410〜1640円"", ""1640〜1890円"", ""1890〜2200円"", ""2200〜2560円"", ""2560〜3020円"", ""3020〜3580円"", ""3580〜4290円"", ""4290〜5220円"", ""5220〜6490円"", ""6490〜8310円"", ""8310〜11220円"", ""11220〜16240円"", ""16240〜28268円"", ""28268円〜""]","[5.3, 6.3, 5.5, 4.8, 5.8, 4.9, 5.9, 4.8, 4.8, 4.6, 5.5, 5.3, 4.3, 4.3, 4.5, 4.1, 5.6, 4.1, 5.2, 4.5]","[0.3, 1.3, 0.5, -0.2, 0.8, -0.1, 0.9, -0.2, -0.2, -0.4, 0.5, 0.3, -0.7, -0.7, -0.5, -0.9, 0.6, -0.9, 0.2, -0.5]"
20260813,07,5,1,34.7,"[[""1-5-2"", 0.0394], [""1-2-5"", 0.0322], [""1-5-6"", 0.0335], [""1-5-3"", 0.0273], [""1-6-5"", 0.0249], [""1-5-4"", 0.0235], [""1-3-5"", 0.0196], [""1-2-6"", 0.0172], [""1-4-5"", 0.0166]]",5,22.5,"[[""5-1-2"", 0.0331], [""5-1-6"", 0.0281], [""5-1-3"", 0.0229], [""5-1-4"", 0.0198]]","[[""2-1-5"", 0.0242], [""5-2-1"", 0.0217], [""2-5-1"", 0.0194], [""6-1-5"", 0.0177]]",,,False,False,0.7866,中,"{""逃げ"": 54.5, ""まくり"": 16.2, ""まくり差し"": 14.2, ""差し"": 9.2, ""抜き"": 5.5, ""恵まれ"": 0.5}","[""0〜600円"", ""600〜750円"", ""750〜900円"", ""900〜1050円"", ""1050〜1220円"", ""1220〜1410円"", ""1410〜1640円"", ""1640〜1890円"", ""1890〜2200円"", ""2200〜2560円"", ""2560〜3020円"", ""3020〜3580円"", ""3580〜4290円"", ""4290〜5220円"", ""5220〜6490円"", ""6490〜8310円"", ""8310〜11220円"", ""11220〜16240円"", ""16240〜28268円"", ""28268円〜""]","[5.3, 6.3, 5.5, 4.8, 5.8, 4.9, 5.9, 4.8, 4.8, 4.6, 5.5, 5.3, 4.3, 4.3, 4.5, 4.1, 5.6, 4.1, 5.2, 4.5]","[0.3, 1.3, 0.5, -0.2, 0.8, -0.1, 0.9, -0.2, -0.2, -0.4, 0.5, 0.3, -0.7, -0.7, -0.5, -0.9, 0.6, -0.9, 0.2, -0.5]"
20260813,07,6,2,47.4,"[[""2-1-4"", 0.1118], [""2-1-6"", 0.0347], [""2-1-3"", 0.0303]]",4,38.2,"[[""4-2-1"", 0.0663], [""4-2-6"", 0.0165], [""4-2-3"", 0.0145]]","[[""2-4-1"", 0.0962], [""1-2-4"", 0.0822], [""1-4-2"", 0.0451], [""4-1-2"", 0.0423]]",,,False,True,0.8218,強,"{""逃げ"": 68.6, ""まくり差し"": 11.8, ""まくり"": 9.6, ""差し"": 4.8, ""抜き"": 4.1, ""恵まれ"": 1.0}","[""0〜600円"", ""600〜750円"", ""750〜900円"", ""900〜1050円"", ""1050〜1220円"", ""1220〜1410円"", ""1410〜1640円"", ""1640〜1890円"", ""1890〜2200円"", ""2200〜2560円"", ""2560〜3020円"", ""3020〜3580円"", ""3580〜4290円"", ""4290〜5220円"", ""5220〜6490円"", ""6490〜8310円"", ""8310〜11220円"", ""11220〜16240円"", ""16240〜28268円"", ""28268円〜""]","[9.4, 8.0, 6.8, 5.7, 5.6, 5.4, 5.2, 5.2, 4.6, 5.0, 5.2, 3.8, 3.8, 4.0, 3.2, 3.9, 3.3, 3.6, 3.9, 4.5]","[4.4, 3.0, 1.8, 0.7, 0.6, 0.4, 0.2, 0.2, -0.4, 0.0, 0.2, -1.2, -1.2, -1.0, -1.8, -1.1, -1.7, -1.4, -1.1, -0.5]"
20260813,07,7,1,55.1,"[[""1-3-4"", 0.0909], [""1-3-5"", 0.0434], [""1-3-2"", 0.0422]]",3,32.1,"[[""3-1-4"", 0.0642], [""3-1-5"", 0.0307], [""3-1-2"", 0.0298]]","[[""1-4-3"", 0.075], [""4-1-3"", 0.0488], [""3-4-1"", 0.033], [""4-3-1"", 0.0304]]",1-3,0.3404,False,True,0.8218,中,"{""逃げ"": 54.5, ""まくり"": 16.2, ""まくり差し"": 14.2, ""差し"": 9.2, ""抜き"": 5.5, ""恵まれ"": 0.5}","[""0〜600円"", ""600〜750円"", ""750〜900円"", ""900〜1050円"", ""1050〜1220円"", ""1220〜1410円"", ""1410〜1640円"", ""1640〜1890円"", ""1890〜2200円"", ""2200〜2560円"", ""2560〜3020円"", ""3020〜3580円"", ""3580〜4290円"", ""4290〜5220円"", ""5220〜6490円"", ""6490〜8310円"", ""8310〜11220円"", ""11220〜16240円"", ""16240〜28268円"", ""28268円〜""]","[5.3, 6.3, 5.5, 4.8, 5.8, 4.9, 5.9, 4.8, 4.8, 4.6, 5.5, 5.3, 4.3, 4.3, 4.5, 4.1, 5.6, 4.1, 5.2, 4.5]","[0.3, 1.3, 0.5, -0.2, 0.8, -0.1, 0.9, -0.2, -0.2, -0.4, 0.5, 0.3, -0.7, -0.7, -0.5, -0.9, 0.6, -0.9, 0.2, -0.5]"
20260813,07,8,1,59.0,"[[""1-4-5"", 0.0818], [""1-4-3"", 0.0801], [""1-4-2"", 0.0607], [""1-4-6"", 0.0381]]",4,24.3,"[[""4-1-5"", 0.041], [""4-1-3"", 0.0402], [""4-1-2"", 0.0305], [""4-1-6"", 0.0191]]","[[""1-5-4"", 0.0531], [""1-3-4"", 0.0494], [""1-2-4"", 0.0359], [""5-1-4"", 0.0233]]",1-4,0.4248,False,False,0.7866,強,"{""逃げ"": 68.6, ""まくり差し"": 11.8, ""まくり"": 9.6, ""差し"": 4.8, ""抜き"": 4.1, ""恵まれ"": 1.0}","[""0〜600円"", ""600〜750円"", ""750〜900円"", ""900〜1050円"", ""1050〜1220円"", ""1220〜1410円"", ""1410〜1640円"", ""1640〜1890円"", ""1890〜2200円"", ""2200〜2560円"", ""2560〜3020円"", ""3020〜3580円"", ""3580〜4290円"", ""4290〜5220円"", ""5220〜6490円"", ""6490〜8310円"", ""8310〜11220円"", ""11220〜16240円"", ""16240〜28268円"", ""28268円〜""]","[9.4, 8.0, 6.8, 5.7, 5.6, 5.4, 5.2, 5.2, 4.6, 5.0, 5.2, 3.8, 3.8, 4.0, 3.2, 3.9, 3.3, 3.6, 3.9, 4.5]","[4.4, 3.0, 1.8, 0.7, 0.6, 0.4, 0.2, 0.2, -0.4, 0.0, 0.2, -1.2, -1.2, -1.0, -1.8, -1.1, -1.7, -1.4, -1.1, -0.5]"
20260813,07,9,1,47.3,"[[""1-4-5"", 0.1104], [""1-4-6"", 0.1057], [""1-4-2"", 0.062], [""1-4-3"", 0.0609]]",4,25.9,"[[""4-1-5"", 0.022], [""4-1-6"", 0.0211], [""4-1-2"", 0.0124], [""4-1-3"", 0.0122]]","[[""1-5-4"", 0.0765], [""1-6-4"", 0.0688], [""1-2-4"", 0.0374], [""1-3-4"", 0.0367]]",1-4,0.4426,False,False,0.7866,強,"{""逃げ"": 68.6, ""まくり差し"": 11.8, ""まくり"": 9.6, ""差し"": 4.8, ""抜き"": 4.1, ""恵まれ"": 1.0}","[""0〜600円"", ""600〜750円"", ""750〜900円"", ""900〜1050円"", ""1050〜1220円"", ""1220〜1410円"", ""1410〜1640円"", ""1640〜1890円"", ""1890〜2200円"", ""2200〜2560円"", ""2560〜3020円"", ""3020〜3580円"", ""3580〜4290円"", ""4290〜5220円"", ""5220〜6490円"", ""6490〜8310円"", ""8310〜11220円"", ""11220〜16240円"", ""16240〜28268円"", ""28268円〜""]","[9.4, 8.0, 6.8, 5.7, 5.6, 5.4, 5.2, 5.2, 4.6, 5.0, 5.2, 3.8, 3.8, 4.0, 3.2, 3.9, 3.3, 3.6, 3.9, 4.5]","[4.4, 3.0, 1.8, 0.7, 0.6, 0.4, 0.2, 0.2, -0.4, 0.0, 0.2, -1.2, -1.2, -1.0, -1.8, -1.1, -1.7, -1.4, -1.1, -0.5]"
20260813,07,10,1,61.8,"[[""1-3-2"", 0.1361], [""1-3-4"", 0.0798], [""1-3-5"", 0.0533], [""1-3-6"", 0.0119]]",3,38.2,"[[""3-1-2"", 0.0352], [""3-1-4"", 0.0206], [""3-1-5"", 0.0138]]","[[""1-2-3"", 0.1184], [""1-4-3"", 0.056], [""1-2-4"", 0.0543], [""1-4-2"", 0.0438]]",1-3,0.3909,False,True,0.8218,強,"{""逃げ"": 68.6, ""まくり差し"": 11.8, ""まくり"": 9.6, ""差し"": 4.8, ""抜き"": 4.1, ""恵まれ"": 1.0}","[""0〜600円"", ""600〜750円"", ""750〜900円"", ""900〜1050円"", ""1050〜1220円"", ""1220〜1410円"", ""1410〜1640円"", ""1640〜1890円"", ""1890〜2200円"", ""2200〜2560円"", ""2560〜3020円"", ""3020〜3580円"", ""3580〜4290円"", ""4290〜5220円"", ""5220〜6490円"", ""6490〜8310円"", ""8310〜11220円"", ""11220〜16240円"", ""16240〜28268円"", ""28268円〜""]","[9.4, 8.0, 6.8, 5.7, 5.6, 5.4, 5.2, 5.2, 4.6, 5.0, 5.2, 3.8, 3.8, 4.0, 3.2, 3.9, 3.3, 3.6, 3.9, 4.5]","[4.4, 3.0, 1.8, 0.7, 0.6, 0.4, 0.2, 0.2, -0.4, 0.0, 0.2, -1.2, -1.2, -1.0, -1.8, -1.1, -1.7, -1.4, -1.1, -0.5]"
20260813,07,11,1,47.4,"[[""1-3-2"", 0.1214], [""1-3-5"", 0.1417], [""1-3-4"", 0.0741], [""1-3-6"", 0.0636]]",3,19.1,"[[""3-1-2"", 0.0242], [""3-1-5"", 0.0282], [""3-1-4"", 0.0148], [""3-1-6"", 0.0127]]","[[""1-2-3"", 0.0697], [""1-5-3"", 0.0806], [""1-4-3"", 0.0387], [""1-6-3"", 0.0328]]",1-3,0.5123,True,True,0.8218,強,"{""逃げ"": 68.6, ""まくり差し"": 11.8, ""まくり"": 9.6, ""差し"": 4.8, ""抜き"": 4.1, ""恵まれ"": 1.0}","[""0〜600円"", ""600〜750円"", ""750〜900円"", ""900〜1050円"", ""1050〜1220円"", ""1220〜1410円"", ""1410〜1640円"", ""1640〜1890円"", ""1890〜2200円"", ""2200〜2560円"", ""2560〜3020円"", ""3020〜3580円"", ""3580〜4290円"", ""4290〜5220円"", ""5220〜6490円"", ""6490〜8310円"", ""8310〜11220円"", ""11220〜16240円"", ""16240〜28268円"", ""28268円〜""]","[9.4, 8.0, 6.8, 5.7, 5.6, 5.4, 5.2, 5.2, 4.6, 5.0, 5.2, 3.8, 3.8, 4.0, 3.2, 3.9, 3.3, 3.6, 3.9, 4.5]","[4.4, 3.0, 1.8, 0.7, 0.6, 0.4, 0.2, 0.2, -0.4, 0.0, 0.2, -1.2, -1.2, -1.0, -1.8, -1.1, -1.7, -1.4, -1.1, -0.5]"
20260813,07,12,1,61.9,"[[""1-2-4"", 0.0564], [""1-4-2"", 0.0509], [""1-2-3"", 0.06], [""1-2-6"", 0.0591], [""1-3-2"", 0.0517], [""1-6-2"", 0.0507], [""1-2-5"", 0.0402], [""1-4-3"", 0.04], [""1-4-6"", 0.0394]]",2,25.8,"[[""2-1-4"", 0.0132], [""2-1-3"", 0.0141], [""2-1-6"", 0.0138]]","[[""1-3-4"", 0.0382], [""1-6-4"", 0.0375], [""1-5-2"", 0.0323], [""1-3-6"", 0.0315]]",,,False,False,0.7866,強,"{""逃げ"": 68.6, ""まくり差し"": 11.8, ""まくり"": 9.6, ""差し"": 4.8, ""抜き"": 4.1, ""恵まれ"": 1.0}","[""0〜600円"", ""600〜750円"", ""750〜900円"", ""900〜1050円"", ""1050〜1220円"", ""1220〜1410円"", ""1410〜1640円"", ""1640〜1890円"", ""1890〜2200円"", ""2200〜2560円"", ""2560〜3020円"", ""3020〜3580円"", ""3580〜4290円"", ""4290〜5220円"", ""5220〜6490円"", ""6490〜8310円"", ""8310〜11220円"", ""11220〜16240円"", ""16240〜28268円"", ""28268円〜""]","[9.4, 8.0, 6.8, 5.7, 5.6, 5.4, 5.2, 5.2, 4.6, 5.0, 5.2, 3.8, 3.8, 4.0, 3.2, 3.9, 3.3, 3.6, 3.9, 4.5]","[4.4, 3.0, 1.8, 0.7, 0.6, 0.4, 0.2, 0.2, -0.4, 0.0, 0.2, -1.2, -1.2, -1.0, -1.8, -1.1, -1.7, -1.4, -1.1, -0.5]"
20260813,08,1,1,54.1,"[[""1-2-4"", 0.0663], [""1-4-2"", 0.0648], [""1-2-5"", 0.0692], [""1-4-5"", 0.0637], [""1-5-2"", 0.0632], [""1-5-4"", 0.0596], [""1-2-3"", 0.0551], [""1-4-3"", 0.0507], [""1-3-2"", 0.0475]]",2,29.6,"[[""2-1-4"", 0.0197], [""2-1-5"", 0.0205], [""2-1-3"", 0.0163]]","[[""1-3-4"", 0.0448], [""1-5-3"", 0.039], [""1-3-5"", 0.0367], [""4-1-2"", 0.0191]]",,,False,False,0.7866,中,"{""逃げ"": 55.1, ""まくり"": 15.9, ""まくり差し"": 12.1, ""差し"": 9.8, ""抜き"": 6.2, ""恵まれ"": 0.9}","[""0〜600円"", ""600〜750円"", ""750〜900円"", ""900〜1050円"", ""1050〜1220円"", ""1220〜1410円"", ""1410〜1640円"", ""1640〜1890円"", ""1890〜2200円"", ""2200〜2560円"", ""2560〜3020円"", ""3020〜3580円"", ""3580〜4290円"", ""4290〜5220円"", ""5220〜6490円"", ""6490〜8310円"", ""8310〜11220円"", ""11220〜16240円"", ""16240〜28268円"", ""28268円〜""]","[4.7, 5.6, 6.4, 4.9, 5.8, 5.5, 5.0, 5.4, 5.0, 5.0, 5.0, 4.7, 5.7, 4.9, 4.3, 4.5, 3.8, 4.4, 4.4, 5.1]","[-0.3, 0.6, 1.4, -0.1, 0.8, 0.5, 0.0, 0.4, -0.0, 0.0, 0.0, -0.3, 0.7, -0.1, -0.7, -0.5, -1.2, -0.6, -0.6, 0.1]"
20260813,08,2,5,58.6,"[[""5-2-1"", 0.056], [""5-1-2"", 0.0527], [""5-2-3"", 0.0391], [""5-1-3"", 0.0326], [""5-2-4"", 0.0261], [""5-1-4"", 0.0217]]",1,28.1,"[[""1-5-2"", 0.0399], [""1-5-3"", 0.0247], [""1-5-4"", 0.0165]]","[[""2-5-1"", 0.0438], [""2-1-5"", 0.0292], [""1-2-5"", 0.0283], [""2-5-3"", 0.0306]]",,,False,False,0.7866,強,"{""逃げ"": 69.3, ""まくり"": 10.4, ""まくり差し"": 8.7, ""差し"": 5.7, ""抜き"": 4.9, ""恵まれ"": 1.0}","[""0〜600円"", ""600〜750円"", ""750〜900円"", ""900〜1050円"", ""1050〜1220円"", ""1220〜1410円"", ""1410〜1640円"", ""1640〜1890円"", ""1890〜2200円"", ""2200〜2560円"", ""2560〜3020円"", ""3020〜3580円"", ""3580〜4290円"", ""4290〜5220円"", ""5220〜6490円"", ""6490〜8310円"", ""8310〜11220円"", ""11220〜16240円"", ""16240〜28268円"", ""28268円〜""]","[8.4, 8.8, 6.5, 6.3, 6.4, 5.8, 5.4, 5.2, 4.1, 4.9, 4.4, 4.5, 3.6, 3.9, 2.6, 3.6, 3.5, 3.7, 3.7, 4.7]","[3.4, 3.8, 1.5, 1.3, 1.4, 0.8, 0.4, 0.2, -0.9, -0.1, -0.6, -0.5, -1.4, -1.1, -2.4, -1.4, -1.5, -1.3, -1.3, -0.3]"
20260813,08,3,1,38.4,"[[""1-3-5"", 0.0592], [""1-3-2"", 0.0599], [""1-3-4"", 0.0208]]",3,27.5,"[[""3-1-5"", 0.0512], [""3-1-2"", 0.0518], [""3-1-4"", 0.018]]","[[""1-5-3"", 0.0455], [""5-1-3"", 0.0344], [""1-2-3"", 0.0429], [""3-5-1"", 0.0326]]",1-3,0.3003,False,False,0.7866,中,"{""逃げ"": 55.1, ""まくり"": 15.9, ""まくり差し"": 12.1, ""差し"": 9.8, ""抜き"": 6.2, ""恵まれ"": 0.9}","[""0〜600円"", ""600〜750円"", ""750〜900円"", ""900〜1050円"", ""1050〜1220円"", ""1220〜1410円"", ""1410〜1640円"", ""1640〜1890円"", ""1890〜2200円"", ""2200〜2560円"", ""2560〜3020円"", ""3020〜3580円"", ""3580〜4290円"", ""4290〜5220円"", ""5220〜6490円"", ""6490〜8310円"", ""8310〜11220円"", ""11220〜16240円"", ""16240〜28268円"", ""28268円〜""]","[4.7, 5.6, 6.4, 4.9, 5.8, 5.5, 5.0, 5.4, 5.0, 5.0, 5.0, 4.7, 5.7, 4.9, 4.3, 4.5, 3.8, 4.4, 4.4, 5.1]","[-0.3, 0.6, 1.4, -0.1, 0.8, 0.5, 0.0, 0.4, -0.0, 0.0, 0.0, -0.3, 0.7, -0.1, -0.7, -0.5, -1.2, -0.6, -0.6, 0.1]"
20260813,08,4,1,45.9,"[[""1-3-2"", 0.0734], [""1-2-3"", 0.0665], [""1-3-4"", 0.0623], [""1-3-6"", 0.0619], [""1-4-3"", 0.0512], [""1-6-3"", 0.0507], [""1-2-4"", 0.0445], [""1-2-6"", 0.0441], [""1-4-2"", 0.0403]]",3,33.3,"[[""3-1-2"", 0.0223], [""3-1-4"", 0.019], [""3-1-6"", 0.0188]]","[[""1-6-2"", 0.0399], [""1-4-6"", 0.0279], [""1-6-4"", 0.0279], [""2-1-3"", 0.0198]]",,,False,True,0.8218,強,"{""逃げ"": 69.3, ""まくり"": 10.4, ""まくり差し"": 8.7, ""差し"": 5.7, ""抜き"": 4.9, ""恵まれ"": 1.0}","[""0〜600円"", ""600〜750円"", ""750〜900円"", ""900〜1050円"", ""1050〜1220円"", ""1220〜1410円"", ""1410〜1640円"", ""1640〜1890円"", ""1890〜2200円"", ""2200〜2560円"", ""2560〜3020円"", ""3020〜3580円"", ""3580〜4290円"", ""4290〜5220円"", ""5220〜6490円"", ""6490〜8310円"", ""8310〜11220円"", ""11220〜16240円"", ""16240〜28268円"", ""28268円〜""]","[8.4, 8.8, 6.5, 6.3, 6.4, 5.8, 5.4, 5.2, 4.1, 4.9, 4.4, 4.5, 3.6, 3.9, 2.6, 3.6, 3.5, 3.7, 3.7, 4.7]","[3.4, 3.8, 1.5, 1.3, 1.4, 0.8, 0.4, 0.2, -0.9, -0.1, -0.6, -0.5, -1.4, -1.1, -2.4, -1.4, -1.5, -1.3, -1.3, -0.3]"
20260813,08,5,1,,"[[""1-2-4"", 0.053], [""1-2-6"", 0.0628], [""1-2-5"", 0.0293]]",2,42.4,"[[""2-1-4"", 0.0421], [""2-1-6"", 0.0498], [""2-1-5"", 0.0233]]","[[""1-4-2"", 0.0404], [""1-6-2"", 0.0469], [""4-1-2"", 0.028], [""6-1-2"", 0.0322]]",1-2,0.3012,False,False,0.7866,中,"{""逃げ"": 55.1, ""まくり"": 15.9, ""まくり差し"": 12.1, ""差し"": 9.8, ""抜き"": 6.2, ""恵まれ"": 0.9}","[""0〜600円"", ""600〜750円"", ""750〜900円"", ""900〜1050円"", ""1050〜1220円"", ""1220〜1410円"", ""1410〜1640円"", ""1640〜1890円"", ""1890〜2200円"", ""2200〜2560円"", ""2560〜3020円"", ""3020〜3580円"", ""3580〜4290円"", ""4290〜5220円"", ""5220〜6490円"", ""6490〜8310円"", ""8310〜11220円"", ""11220〜16240円"", ""16240〜28268円"", ""28268円〜""]","[4.7, 5.6, 6.4, 4.9, 5.8, 5.5, 5.0, 5.4, 5.0, 5.0, 5.0, 4.7, 5.7, 4.9, 4.3, 4.5, 3.8, 4.4, 4.4, 5.1]","[-0.3, 0.6, 1.4, -0.1, 0.8, 0.5, 0.0, 0.4, -0.0, 0.0, 0.0, -0.3, 0.7, -0.1, -0.7, -0.5, -1.2, -0.6, -0.6, 0.1]"
20260813,08,6,1,53.4,"[[""1-3-2"", 0.1662], [""1-3-5"", 0.1159], [""1-3-4"", 0.0603]]",3,30.6,"[[""3-1-2"", 0.0424], [""3-1-5"", 0.0296], [""3-1-4"", 0.0154]]","[[""1-2-3"", 0.1138], [""1-5-3"", 0.0687], [""1-2-5"", 0.0423], [""1-5-2"", 0.0367]]",1-3,0.4823,False,True,0.8218,強,"{""逃げ"": 69.3, ""まくり"": 10.4, ""まくり差し"": 8.7, ""差し"": 5.7, ""抜き"": 4.9, ""恵まれ"": 1.0}","[""0〜600円"", ""600〜750円"", ""750〜900円"", ""900〜1050円"", ""1050〜1220円"", ""1220〜1410円"", ""1410〜1640円"", ""1640〜1890円"", ""1890〜2200円"", ""2200〜2560円"", ""2560〜3020円"", ""3020〜3580円"", ""3580〜4290円"", ""4290〜5220円"", ""5220〜6490円"", ""6490〜8310円"", ""8310〜11220円"", ""11220〜16240円"", ""16240〜28268円"", ""28268円〜""]","[8.4, 8.8, 6.5, 6.3, 6.4, 5.8, 5.4, 5.2, 4.1, 4.9, 4.4, 4.5, 3.6, 3.9, 2.6, 3.6, 3.5, 3.7, 3.7, 4.7]","[3.4, 3.8, 1.5, 1.3, 1.4, 0.8, 0.4, 0.2, -0.9, -0.1, -0.6, -0.5, -1.4, -1.1, -2.4, -1.4, -1.5, -1.3, -1.3, -0.3]"
20260813,08,7,2,54.5,"[[""2-1-3"", 0.062], [""2-1-4"", 0.0712], [""2-1-5"", 0.0303], [""2-1-6"", 0.0162]]",1,,"[[""1-2-3"", 0.0555], [""1-2-4"", 0.0637], [""1-2-5"", 0.0272], [""1-2-6"", 0.0145]]","[[""2-3-1"", 0.0381], [""2-4-1"", 0.0432], [""1-3-2"", 0.0298], [""1-4-2"", 0.0338]]",1-2,0.366,False,True,0.8218,強,"{""逃げ"": 69.3, ""まくり"": 10.4, ""まくり差し"": 8.7, ""差し"": 5.7, ""抜き"": 4.9, ""恵まれ"": 1.0}","[""0〜600円"", ""600〜750円"", ""750〜900円"", ""900〜1050円"", ""1050〜1220円"", ""1220〜1410円"", ""1410〜1640円"", ""1640〜1890円"", ""1890〜2200円"", ""2200〜2560円"", ""2560〜3020円"", ""3020〜3580円"", ""3580〜4290円"", ""4290〜5220円"", ""5220〜6490円"", ""6490〜8310円"", ""8310〜11220円"", ""11220〜16240円"", ""16240〜28268円"", ""28268円〜""]","[8.4, 8.8, 6.5, 6.3, 6.4, 5.8, 5.4, 5.2, 4.1, 4.9, 4.4, 4.5, 3.6, 3.9, 2.6, 3.6, 3.5, 3.7, 3.7, 4.7]","[3.4, 3.8, 1.5, 1.3, 1.4, 0.8, 0.4, 0.2, -0.9, -0.1, -0.6, -0.5, -1.4, -1.1, -2.4, -1.4, -1.5, -1.3, -1.3, -0.3]"
20260813,08,8,1,56.7,"[[""1-2-5"", 0.139], [""1-2-3"", 0.0724], [""1-2-4"", 0.0449], [""1-2-6"", 0.0352]]",2,26.7,"[[""2-1-5"", 0.0317], [""2-1-3"", 0.0165], [""2-1-4"", 0.0102]]","[[""1-5-2"", 0.1183], [""1-3-2"", 0.0486], [""1-5-3"", 0.0465], [""1-3-5"", 0.0366]]",1-2,0.4043,False,False,0.7866,強,"{""逃げ"": 69.3, ""まくり"": 10.4, ""まくり差し"": 8.7, ""差し"": 5.7, ""抜き"": 4.9, ""恵まれ"": 1.0}","[""0〜600円"", ""600〜750円"", ""750〜900円"", ""900〜1050円"", ""1050〜1220円"", ""1220〜1410円"", ""1410〜1640円"", ""1640〜1890円"", ""1890〜2200円"", ""2200〜2560円"", ""2560〜3020円"", ""3020〜3580円"", ""3580〜4290円"", ""4290〜5220円"", ""5220〜6490円"", ""6490〜8310円"", ""8310〜11220円"", ""11220〜16240円"", ""16240〜28268円"", ""28268円〜""]","[8.4, 8.8, 6.5, 6.3, 6.4, 5.8, 5.4, 5.2, 4.1, 4.9, 4.4, 4.5, 3.6, 3.9, 2.6, 3.6, 3.5, 3.7, 3.7, 4.7]","[3.4, 3.8, 1.5, 1.3, 1.4, 0.8, 0.4, 0.2, -0.9, -0.1, -0.6, -0.5, -1.4, -1.1, -2.4, -1.4, -1.5, -1.3, -1.3, -0.3]"
20260813,08,9,1,48.0,"[[""1-2-5"", 0.1135], [""1-2-3"", 0.1041], [""1-2-6"", 0.0662], [""1-2-4"", 0.022]]",2,24.6,"[[""2-1-5"", 0.0622], [""2-1-3"", 0.057], [""2-1-6"", 0.0363], [""2-1-4"", 0.012]]","[[""1-5-2"", 0.0587], [""1-3-2"", 0.0507], [""5-1-2"", 0.0264], [""1-6-2"", 0.0306]]",1-2,0.521,True,False,0.7866,中,"{""逃げ"": 55.1, ""まくり"": 15.9, ""まくり差し"": 12.1, ""差し"": 9.8, ""抜き"": 6.2, ""恵まれ"": 0.9}","[""0〜600円"", ""600〜750円"", ""750〜900円"", ""900〜1050円"", ""1050〜1220円"", ""1220〜1410円"", ""1410〜1640円"", ""1640〜1890円"", ""1890〜2200円"", ""2200〜2560円"", ""2560〜3020円"", ""3020〜3580円"", ""3580〜4290円"", ""4290〜5220円"", ""5220〜6490円"", ""6490〜8310円"", ""8310〜11220円"", ""11220〜16240円"", ""16240〜28268円"", ""28268円〜""]","[4.7, 5.6, 6.4, 4.9, 5.8, 5.5, 5.0, 5.4, 5.0, 5.0, 5.0, 4.7, 5.7, 4.9, 4.3, 4.5, 3.8, 4.4, 4.4, 5.1]","[-0.3, 0.6, 1.4, -0.1, 0.8, 0.5, 0.0, 0.4, -0.0, 0.0, 0.0, -0.3, 0.7, -0.1, -0.7, -0.5, -1.2, -0.6, -0.6, 0.1]"
20260813,08,10,1,47.6,"[[""1-3-5"", 0.0875], [""1-3-2"", 0.1106], [""1-3-4"", 0.0967], [""1-3-6"", 0.0285]]",3,16.4,"[[""3-1-5"", 0.0375], [""3-1-2"", 0.0474], [""3-1-4"", 0.0414], [""3-1-6"", 0.0122]]","[[""1-5-3"", 0.0481], [""1-2-3"", 0.0607], [""1-4-3"", 0.0519], [""5-1-3"", 0.0177]]",1-3,0.4959,False,False,0.7866,強,"{""逃げ"": 69.3, ""まくり"": 10.4, ""まくり差し"": 8.7, ""差し"": 5.7, ""抜き"": 4.9, ""恵まれ"": 1.0}","[""0〜600円"", ""600〜750円"", ""750〜900円"", ""900〜1050円"", ""1050〜1220円"", ""1220〜1410円"", ""1410〜1640円"", ""1640〜1890円"", ""1890〜2200円"", ""2200〜2560円"", ""2560〜3020円"", ""3020〜3580円"", ""3580〜4290円"", ""4290〜5220円"", ""5220〜6490円"", ""6490〜8310円"", ""8310〜11220円"", ""11220〜16240円"", ""16240〜28268円"", ""28268円〜""]","[8.4, 8.8, 6.5, 6.3, 6.4, 5.8, 5.4, 5.2, 4.1, 4.9, 4.4, 4.5, 3.6, 3.9, 2.6, 3.6, 3.5, 3.7, 3.7, 4.7]","[3.4, 3.8, 1.5, 1.3, 1.4, 0.8, 0.4, 0.2, -0.9, -0.1, -0.6, -0.5, -1.4, -1.1, -2.4, -1.4, -1.5, -1.3, -1.3, -0.3]"
20260813,08,11,1,58.6,"[[""1-2-5"", 0.1431], [""1-5-2"", 0.1309], [""1-2-4"", 0.0664], [""1-2-3"", 0.0546], [""1-5-4"", 0.0519], [""1-5-3"", 0.0426], [""1-2-6"", 0.0294], [""1-5-6"", 0.023]]",2,18.5,"[[""2-1-5"", 0.0227], [""2-1-4"", 0.0105]]","[[""1-4-2"", 0.0461], [""1-4-5"", 0.0394], [""1-3-2"", 0.0369], [""1-3-5"", 0.0316]]",,,False,False,0.7866,強,"{""逃げ"": 69.3, ""まくり"": 10.4, ""まくり差し"": 8.7, ""差し"": 5.7, ""抜き"": 4.9, ""恵まれ"": 1.0}","[""0〜600円"", ""600〜750円"", ""750〜900円"", ""900〜1050円"", ""1050〜1220円"", ""1220〜1410円"", ""1410〜1640円"", ""1640〜1890円"", ""1890〜2200円"", ""2200〜2560円"", ""2560〜3020円"", ""3020〜3580円"", ""3580〜4290円"", ""4290〜5220円"", ""5220〜6490円"", ""6490〜8310円"", ""8310〜11220円"", ""11220〜16240円"", ""16240〜28268円"", ""28268円〜""]","[8.4, 8.8, 6.5, 6.3, 6.4, 5.8, 5.4, 5.2, 4.1, 4.9, 4.4, 4.5, 3.6, 3.9, 2.6, 3.6, 3.5, 3.7, 3.7, 4.7]","[3.4, 3.8, 1.5, 1.3, 1.4, 0.8, 0.4, 0.2, -0.9, -0.1, -0.6, -0.5, -1.4, -1.1, -2.4, -1.4, -1.5, -1.3, -1.3, -0.3]"
20260813,08,12,1,53.4,"[[""1-3-2"", 0.081], [""1-2-3"", 0.0688], [""1-3-5"", 0.0685], [""1-3-4"", 0.067], [""1-5-3"", 0.053], [""1-4-3"", 0.0516], [""1-2-5"", 0.0396], [""1-2-4"", 0.0387], [""1-5-2"", 0.0361]]",3,27.3,"[[""3-1-2"", 0.0238], [""3-1-5"", 0.0202], [""3-1-4"", 0.0197]]","[[""1-4-2"", 0.0351], [""1-3-6"", 0.0275], [""1-5-4"", 0.0245], [""1-4-5"", 0.0244]]",,,False,True,0.8218,強,"{""逃げ"": 69.3, ""まくり"": 10.4, ""まくり差し"": 8.7, ""差し"": 5.7, ""抜き"": 4.9, ""恵まれ"": 1.0}","[""0〜600円"", ""600〜750円"", ""750〜900円"", ""900〜1050円"", ""1050〜1220円"", ""1220〜1410円"", ""1410〜1640円"", ""1640〜1890円"", ""1890〜2200円"", ""2200〜2560円"", ""2560〜3020円"", ""3020〜3580円"", ""3580〜4290円"", ""4290〜5220円"", ""5220〜6490円"", ""6490〜8310円"", ""8310〜11220円"", ""11220〜16240円"", ""16240〜28268円"", ""28268円〜""]","[8.4, 8.8, 6.5, 6.3, 6.4, 5.8, 5.4, 5.2, 4.1, 4.9, 4.4, 4.5, 3.6, 3.9, 2.6, 3.6, 3.5, 3.7, 3.7, 4.7]","[3.4, 3.8, 1.5, 1.3, 1.4, 0.8, 0.4, 0.2, -0.9, -0.1, -0.6, -0.5, -1.4, -1.1, -2.4, -1.4, -1.5, -1.3, -1.3, -0.3]"
20260813,12,1,2,59.5,"[[""2-1-4"", 0.119], [""2-1-3"", 0.0803], [""2-1-5"", 0.0339]]",1,45.2,"[[""1-2-4"", 0.0986], [""1-2-3"", 0.0665], [""1-2-5"", 0.0281]]","[[""2-4-1"", 0.0608], [""1-4-2"", 0.0398], [""4-2-1"", 0.0383], [""4-1-2"", 0.0302]]",1-2,0.4933,False,False,0.7866,強,"{""逃げ"": 67.2, ""まくり"": 9.6, ""差し"": 8.7, ""まくり差し"": 8.8, ""抜き"": 4.9, ""恵まれ"": 0.8}","[""0〜600円"", ""600〜750円"", ""750〜900円"", ""900〜1050円"", ""1050〜1220円"", ""1220〜1410円"", ""1410〜1640円"", ""1640〜1890円"", ""1890〜2200円"", ""2200〜2560円"", ""2560〜3020円"", ""3020〜3580円"", ""3580〜4290円"", ""4290〜5220円"", ""5220〜6490円"", ""6490〜8310円"", ""8310〜11220円"", ""11220〜16240円"", ""16240〜28268円"", ""28268円〜""]","[7.8, 7.0, 7.6, 4.7, 7.0, 4.9, 4.5, 4.7, 4.2, 5.0, 4.5, 3.6, 4.3, 3.9, 4.2, 3.3, 4.0, 3.7, 4.5, 6.4]","[2.8, 2.0, 2.6, -0.3, 2.0, -0.1, -0.5, -0.3, -0.8, 0.0, -0.5, -1.4, -0.7, -1.1, -0.8, -1.7, -1.0, -1.3, -0.5, 1.4]"
20260813,12,2,3,52.8,"[[""3-1-2"", 0.073], [""3-1-4"", 0.0409], [""3-1-5"", 0.0146]]",2,31.3,"[[""2-3-1"", 0.0519], [""2-3-4"", 0.0213]]","[[""1-3-2"", 0.0706], [""3-2-1"", 0.0598], [""1-2-3"", 0.0552], [""2-1-3"", 0.0494]]",,,False,True,0.8218,強,"{""逃げ"": 67.2, ""まくり"": 9.6, ""差し"": 8.7, ""まくり差し"": 8.8, ""抜き"": 4.9, ""恵まれ"": 0.8}","[""0〜600円"", ""600〜750円"", ""750〜900円"", ""900〜1050円"", ""1050〜1220円"", ""1220〜1410円"", ""1410〜1640円"", ""1640〜1890円"", ""1890〜2200円"", ""2200〜2560円"", ""2560〜3020円"", ""3020〜3580円"", ""3580〜4290円"", ""4290〜5220円"", ""5220〜6490円"", ""6490〜8310円"", ""8310〜11220円"", ""11220〜16240円"", ""16240〜28268円"", ""28268円〜""]","[7.8, 7.0, 7.6, 4.7, 7.0, 4.9, 4.5, 4.7, 4.2, 5.0, 4.5, 3.6, 4.3, 3.9, 4.2, 3.3, 4.0, 3.7, 4.5, 6.4]","[2.8, 2.0, 2.6, -0.3, 2.0, -0.1, -0.5, -0.3, -0.8, 0.0, -0.5, -1.4, -0.7, -1.1, -0.8, -1.7, -1.0, -1.3, -0.5, 1.4]"
20260813,12,3,2,56.8,"[[""2-4-1"", 0.0529], [""2-1-4"", 0.0516], [""2-4-3"", 0.0219], [""2-4-5"", 0.0205], [""2-1-3"", 0.0204], [""2-1-5"", 0.0191]]",4,28.9,"[[""4-2-1"", 0.0485], [""4-2-3"", 0.02], [""4-2-5"", 0.0188]]","[[""1-2-4"", 0.0465], [""4-1-2"", 0.0414], [""1-4-2"", 0.0407], [""1-2-3"", 0.0184]]",,,False,False,0.7866,強,"{""逃げ"": 67.2, ""まくり"": 9.6, ""差し"": 8.7, ""まくり差し"": 8.8, ""抜き"": 4.9, ""恵まれ"": 0.8}","[""0〜600円"", ""600〜750円"", ""750〜900円"", ""900〜1050円"", ""1050〜1220円"", ""1220〜1410円"", ""1410〜1640円"", ""1640〜1890円"", ""1890〜2200円"", ""2200〜2560円"", ""2560〜3020円"", ""3020〜3580円"", ""3580〜4290円"", ""4290〜5220円"", ""5220〜6490円"", ""6490〜8310円"", ""8310〜11220円"", ""11220〜16240円"", ""16240〜28268円"", ""28268円〜""]","[7.8, 7.0, 7.6, 4.7, 7.0, 4.9, 4.5, 4.7, 4.2, 5.0, 4.5, 3.6, 4.3, 3.9, 4.2, 3.3, 4.0, 3.7, 4.5, 6.4]","[2.8, 2.0, 2.6, -0.3, 2.0, -0.1, -0.5, -0.3, -0.8, 0.0, -0.5, -1.4, -0.7, -1.1, -0.8, -1.7, -1.0, -1.3, -0.5, 1.4]"
20260813,12,4,1,56.8,"[[""1-4-3"", 0.0517], [""1-3-4"", 0.0517], [""1-4-2"", 0.0435], [""1-3-2"", 0.0434], [""1-4-5"", 0.0179], [""1-3-5"", 0.0179]]",4,34.6,"[[""4-1-3"", 0.0402], [""4-1-2"", 0.0339], [""4-1-5"", 0.0139]]","[[""3-1-4"", 0.0402], [""1-2-4"", 0.0371], [""1-2-3"", 0.0371], [""4-3-1"", 0.0281]]",,,False,False,0.7866,弱,"{""逃げ"": 37.1, ""まくり"": 24.4, ""差し"": 17.5, ""まくり差し"": 12.4, ""抜き"": 7.8, ""恵まれ"": 0.9}","[""0〜600円"", ""600〜750円"", ""750〜900円"", ""900〜1050円"", ""1050〜1220円"", ""1220〜1410円"", ""1410〜1640円"", ""1640〜1890円"", ""1890〜2200円"", ""2200〜2560円"", ""2560〜3020円"", ""3020〜3580円"", ""3580〜4290円"", ""4290〜5220円"", ""5220〜6490円"", ""6490〜8310円"", ""8310〜11220円"", ""11220〜16240円"", ""16240〜28268円"", ""28268円〜""]","[1.5, 2.7, 3.9, 3.6, 3.9, 4.8, 5.1, 6.1, 5.8, 5.7, 5.9, 5.6, 6.5, 6.0, 5.9, 6.4, 5.4, 5.6, 5.9, 3.6]","[-3.5, -2.3, -1.1, -1.4, -1.1, -0.2, 0.1, 1.1, 0.8, 0.7, 0.9, 0.6, 1.5, 1.0, 0.9, 1.4, 0.4, 0.6, 0.9, -1.4]"
20260813,12,5,1,51.3,"[[""1-3-2"", 0.0734], [""1-2-3"", 0.0723], [""1-3-6"", 0.0841], [""1-2-6"", 0.0801], [""1-6-3"", 0.0792], [""1-6-2"", 0.0766], [""1-3-4"", 0.0203], [""1-2-4"", 0.0194], [""1-6-4"", 0.0167]]",3,,"[[""3-1-2"", 0.0322], [""3-1-6"", 0.0369]]","[[""2-1-3"", 0.0316], [""2-1-6"", 0.035], [""6-1-3"", 0.0341], [""6-1-2"", 0.033]]",,,False,False,0.7866,中,"{""逃げ"": 54.9, ""まくり"": 14.0, ""差し"": 13.2, ""まくり差し"": 10.5, ""抜き"": 6.3, ""恵まれ"": 1.1}","[""0〜600円"", ""600〜750円"", ""750〜900円"", ""900〜1050円"", ""1050〜1220円"", ""1220〜1410円"", ""1410〜1640円"", ""1640〜1890円"", ""1890〜2200円"", ""2200〜2560円"", ""2560〜3020円"", ""3020〜3580円"", ""3580〜4290円"", ""4290〜5220円"", ""5220〜6490円"", ""6490〜8310円"", ""8310〜11220円"", ""11220〜16240円"", ""16240〜28268円"", ""28268円〜""]","[3.5, 6.3, 5.8, 5.7, 5.3, 4.8, 5.7, 5.2, 5.2, 4.8, 5.0, 5.0, 4.7, 4.3, 4.3, 4.1, 4.8, 5.4, 4.7, 4.8]","[-1.5, 1.3, 0.8, 0.7, 0.3, -0.2, 0.7, 0.2, 0.2, -0.2, 0.0, 0.0, -0.3, -0.7, -0.7, -0.9, -0.2, 0.4, -0.3, -0.2]"
20260813,12,6,1,52.6,"[[""1-2-3"", 0.058], [""1-2-5"", 0.0698], [""1-3-2"", 0.0571], [""1-5-2"", 0.0684], [""1-3-5"", 0.066], [""1-5-3"", 0.0658], [""1-2-4"", 0.0284], [""1-3-4"", 0.0268], [""1-5-4"", 0.0264]]",3,57.9,"[[""3-1-2"", 0.0251], [""3-1-5"", 0.0291], [""3-1-4"", 0.0118]]","[[""2-1-3"", 0.0257], [""2-1-5"", 0.0309], [""5-1-2"", 0.0301], [""5-1-3"", 0.0289]]",,,False,True,0.8218,強,"{""逃げ"": 67.2, ""まくり"": 9.6, ""差し"": 8.7, ""まくり差し"": 8.8, ""抜き"": 4.9, ""恵まれ"": 0.8}","[""0〜600円"", ""600〜750円"", ""750〜900円"", ""900〜1050円"", ""1050〜1220円"", ""1220〜1410円"", ""1410〜1640円"", ""1640〜1890円"", ""1890〜2200円"", ""2200〜2560円"", ""2560〜3020円"", ""3020〜3580円"", ""3580〜4290円"", ""4290〜5220円"", ""5220〜6490円"", ""6490〜8310円"", ""8310〜11220円"", ""11220〜16240円"", ""16240〜28268円"", ""28268円〜""]","[7.8, 7.0, 7.6, 4.7, 7.0, 4.9, 4.5, 4.7, 4.2, 5.0, 4.5, 3.6, 4.3, 3.9, 4.2, 3.3, 4.0, 3.7, 4.5, 6.4]","[2.8, 2.0, 2.6, -0.3, 2.0, -0.1, -0.5, -0.3, -0.8, 0.0, -0.5, -1.4, -0.7, -1.1, -0.8, -1.7, -1.0, -1.3, -0.5, 1.4]"
20260813,12,7,1,58.4,"[[""1-5-3"", 0.1047], [""1-3-5"", 0.0911], [""1-5-2"", 0.0849], [""1-3-2"", 0.0566], [""1-5-4"", 0.0367], [""1-3-4"", 0.0245], [""1-5-6"", 0.0157], [""1-3-6"", 0.0104]]",5,20.3,"[[""5-1-3"", 0.0367], [""5-1-2"", 0.0298], [""5-1-4"", 0.0129]]","[[""1-2-5"", 0.0639], [""1-2-3"", 0.049], [""3-1-5"", 0.031], [""1-4-5"", 0.0244]]",,,False,False,0.7866,強,"{""逃げ"": 67.2, ""まくり"": 9.6, ""差し"": 8.7, ""まくり差し"": 8.8, ""抜き"": 4.9, ""恵まれ"": 0.8}","[""0〜600円"", ""600〜750円"", ""750〜900円"", ""900〜1050円"", ""1050〜1220円"", ""1220〜1410円"", ""1410〜1640円"", ""1640〜1890円"", ""1890〜2200円"", ""2200〜2560円"", ""2560〜3020円"", ""3020〜3580円"", ""3580〜4290円"", ""4290〜5220円"", ""5220〜6490円"", ""6490〜8310円"", ""8310〜11220円"", ""11220〜16240円"", ""16240〜28268円"", ""28268円〜""]","[7.8, 7.0, 7.6, 4.7, 7.0, 4.9, 4.5, 4.7, 4.2, 5.0, 4.5, 3.6, 4.3, 3.9, 4.2, 3.3, 4.0, 3.7, 4.5, 6.4]","[2.8, 2.0, 2.6, -0.3, 2.0, -0.1, -0.5, -0.3, -0.8, 0.0, -0.5, -1.4, -0.7, -1.1, -0.8, -1.7, -1.0, -1.3, -0.5, 1.4]"
20260813,12,8,1,43.4,"[[""1-4-3"", 0.0997], [""1-3-4"", 0.0833], [""1-4-5"", 0.0662], [""1-4-2"", 0.0614], [""1-4-6"", 0.0391], [""1-3-5"", 0.038], [""1-3-2"", 0.0353], [""1-3-6"", 0.0224]]",3,38.9,"[[""3-1-4"", 0.0213]]","[[""1-5-4"", 0.0472], [""1-2-4"", 0.0433], [""4-1-3"", 0.0263], [""1-5-3"", 0.0324]]",,,False,False,0.7866,強,"{""逃げ"": 67.2, ""まくり"": 9.6, ""差し"": 8.7, ""まくり差し"": 8.8, ""抜き"": 4.9, ""恵まれ"": 0.8}","[""0〜600円"", ""600〜750円"", ""750〜900円"", ""900〜1050円"", ""1050〜1220円"", ""1220〜1410円"", ""1410〜1640円"", ""1640〜1890円"", ""1890〜2200円"", ""2200〜2560円"", ""2560〜3020円"", ""3020〜3580円"", ""3580〜4290円"", ""4290〜5220円"", ""5220〜6490円"", ""6490〜8310円"", ""8310〜11220円"", ""11220〜16240円"", ""16240〜28268円"", ""28268円〜""]","[7.8, 7.0, 7.6, 4.7, 7.0, 4.9, 4.5, 4.7, 4.2, 5.0, 4.5, 3.6, 4.3, 3.9, 4.2, 3.3, 4.0, 3.7, 4.5, 6.4]","[2.8, 2.0, 2.6, -0.3, 2.0, -0.1, -0.5, -0.3, -0.8, 0.0, -0.5, -1.4, -0.7, -1.1, -0.8, -1.7, -1.0, -1.3, -0.5, 1.4]"
20260813,12,9,1,52.8,"[[""1-3-2"", 0.1445], [""1-3-4"", 0.1101], [""1-3-6"", 0.0507], [""1-3-5"", 0.0446]]",3,27.7,"[[""3-1-2"", 0.0384], [""3-1-4"", 0.0293], [""3-1-6"", 0.0135], [""3-1-5"", 0.0119]]","[[""1-2-3"", 0.0943], [""1-4-3"", 0.0646], [""1-2-4"", 0.0334], [""1-4-2"", 0.03]]",1-3,0.4826,False,True,0.8218,強,"{""逃げ"": 67.2, ""まくり"": 9.6, ""差し"": 8.7, ""まくり差し"": 8.8, ""抜き"": 4.9, ""恵まれ"": 0.8}","[""0〜600円"", ""600〜750円"", ""750〜900円"", ""900〜1050円"", ""1050〜1220円"", ""1220〜1410円"", ""1410〜1640円"", ""1640〜1890円"", ""1890〜2200円"", ""2200〜2560円"", ""2560〜3020円"", ""3020〜3580円"", ""3580〜4290円"", ""4290〜5220円"", ""5220〜6490円"", ""6490〜8310円"", ""8310〜11220円"", ""11220〜16240円"", ""16240〜28268円"", ""28268円〜""]","[7.8, 7.0, 7.6, 4.7, 7.0, 4.9, 4.5, 4.7, 4.2, 5.0, 4.5, 3.6, 4.3, 3.9, 4.2, 3.3, 4.0, 3.7, 4.5, 6.4]","[2.8, 2.0, 2.6, -0.3, 2.0, -0.1, -0.5, -0.3, -0.8, 0.0, -0.5, -1.4, -0.7, -1.1, -0.8, -1.7, -1.0, -1.3, -0.5, 1.4]"
20260813,12,10,1,48.3,"[[""1-2-3"", 0.1546], [""1-2-4"", 0.0734], [""1-2-6"", 0.0412], [""1-2-5"", 0.0309]]",3,21.1,"[[""3-1-2"", 0.0388], [""3-1-4"", 0.0109]]","[[""1-3-2"", 0.1112], [""2-1-3"", 0.058], [""1-4-2"", 0.0423], [""1-3-4"", 0.0312]]",,,False,True,0.8218,強,"{""逃げ"": 67.2, ""まくり"": 9.6, ""差し"": 8.7, ""まくり差し"": 8.8, ""抜き"": 4.9, ""恵まれ"": 0.8}","[""0〜600円"", ""600〜750円"", ""750〜900円"", ""900〜1050円"", ""1050〜1220円"", ""1220〜1410円"", ""1410〜1640円"", ""1640〜1890円"", ""1890〜2200円"", ""2200〜2560円"", ""2560〜3020円"", ""3020〜3580円"", ""3580〜4290円"", ""4290〜5220円"", ""5220〜6490円"", ""6490〜8310円"", ""8310〜11220円"", ""11220〜16240円"", ""16240〜28268円"", ""28268円〜""]","[7.8, 7.0, 7.6, 4.7, 7.0, 4.9, 4.5, 4.7, 4.2, 5.0, 4.5, 3.6, 4.3, 3.9, 4.2, 3.3, 4.0, 3.7, 4.5, 6.4]","[2.8, 2.0, 2.6, -0.3, 2.0, -0.1, -0.5, -0.3, -0.8, 0.0, -0.5, -1.4, -0.7, -1.1, -0.8, -1.7, -1.0, -1.3, -0.5, 1.4]"
20260813,12,11,1,53.2,"[[""1-3-2"", 0.0836], [""1-3-4"", 0.1011], [""1-3-5"", 0.0613], [""1-3-6"", 0.0327]]",3,32.4,"[[""3-1-2"", 0.0324], [""3-1-4"", 0.0392], [""3-1-5"", 0.0237], [""3-1-6"", 0.0127]]","[[""1-2-3"", 0.0575], [""1-4-3"", 0.0695], [""1-5-3"", 0.0386], [""1-2-4"", 0.0299]]",1-3,0.4118,False,True,0.8218,強,"{""逃げ"": 67.2, ""まくり"": 9.6, ""差し"": 8.7, ""まくり差し"": 8.8, ""抜き"": 4.9, ""恵まれ"": 0.8}","[""0〜600円"", ""600〜750円"", ""750〜900円"", ""900〜1050円"", ""1050〜1220円"", ""1220〜1410円"", ""1410〜1640円"", ""1640〜1890円"", ""1890〜2200円"", ""2200〜2560円"", ""2560〜3020円"", ""3020〜3580円"", ""3580〜4290円"", ""4290〜5220円"", ""5220〜6490円"", ""6490〜8310円"", ""8310〜11220円"", ""11220〜16240円"", ""16240〜28268円"", ""28268円〜""]","[7.8, 7.0, 7.6, 4.7, 7.0, 4.9, 4.5, 4.7, 4.2, 5.0, 4.5, 3.6, 4.3, 3.9, 4.2, 3.3, 4.0, 3.7, 4.5, 6.4]","[2.8, 2.0, 2.6, -0.3, 2.0, -0.1, -0.5, -0.3, -0.8, 0.0, -0.5, -1.4, -0.7, -1.1, -0.8, -1.7, -1.0, -1.3, -0.5, 1.4]"
20260813,12,12,1,61.2,"[[""1-3-2"", 0.0554], [""1-2-3"", 0.054], [""1-3-4"", 0.0646], [""1-4-3"", 0.0622], [""1-2-4"", 0.0591], [""1-4-2"", 0.0582], [""1-3-5"", 0.0344], [""1-2-5"", 0.0315], [""1-4-5"", 0.0298]]",4,32.5,"[[""4-1-3"", 0.0229], [""4-1-2"", 0.0215], [""4-1-5"", 0.011]]","[[""1-5-3"", 0.0286], [""1-5-2"", 0.0268], [""1-5-4"", 0.0257], [""3-1-2"", 0.0206]]",,,False,True,0.8218,強,"{""逃げ"": 67.2, ""まくり"": 9.6, ""差し"": 8.7, ""まくり差し"": 8.8, ""抜き"": 4.9, ""恵まれ"": 0.8}","[""0〜600円"", ""600〜750円"", ""750〜900円"", ""900〜1050円"", ""1050〜1220円"", ""1220〜1410円"", ""1410〜1640円"", ""1640〜1890円"", ""1890〜2200円"", ""2200〜2560円"", ""2560〜3020円"", ""3020〜3580円"", ""3580〜4290円"", ""4290〜5220円"", ""5220〜6490円"", ""6490〜8310円"", ""8310〜11220円"", ""11220〜16240円"", ""16240〜28268円"", ""28268円〜""]","[7.8, 7.0, 7.6, 4.7, 7.0, 4.9, 4.5, 4.7, 4.2, 5.0, 4.5, 3.6, 4.3, 3.9, 4.2, 3.3, 4.0, 3.7, 4.5, 6.4]","[2.8, 2.0, 2.6, -0.3, 2.0, -0.1, -0.5, -0.3, -0.8, 0.0, -0.5, -1.4, -0.7, -1.1, -0.8, -1.7, -1.0, -1.3, -0.5, 1.4]"
20260813,13,1,1,,"[[""1-4-3"", 0.0519], [""1-3-4"", 0.0453], [""1-4-2"", 0.0501], [""1-3-2"", 0.0335], [""1-4-5"", 0.0167], [""1-3-5"", 0.0112]]",4,30.5,"[[""4-1-3"", 0.0456], [""4-1-2"", 0.044], [""4-1-5"", 0.0147]]","[[""3-1-4"", 0.0369], [""4-3-1"", 0.0333], [""1-2-4"", 0.0403], [""3-4-1"", 0.0309]]",,,False,True,0.8218,弱,"{""逃げ"": 36.5, ""まくり"": 22.0, ""差し"": 17.6, ""まくり差し"": 14.2, ""抜き"": 8.9, ""恵まれ"": 0.9}","[""0〜600円"", ""600〜750円"", ""750〜900円"", ""900〜1050円"", ""1050〜1220円"", ""1220〜1410円"", ""1410〜1640円"", ""1640〜1890円"", ""1890〜2200円"", ""2200〜2560円"", ""2560〜3020円"", ""3020〜3580円"", ""3580〜4290円"", ""4290〜5220円"", ""5220〜6490円"", ""6490〜8310円"", ""8310〜11220円"", ""11220〜16240円"", ""16240〜28268円"", ""28268円〜""]","[1.1, 3.6, 3.1, 3.8, 4.4, 6.3, 5.6, 6.3, 6.0, 4.0, 6.6, 6.6, 4.7, 5.3, 5.6, 6.3, 6.6, 6.2, 4.1, 3.9]","[-3.9, -1.4, -1.9, -1.2, -0.6, 1.3, 0.6, 1.3, 1.0, -1.0, 1.6, 1.6, -0.3, 0.3, 0.6, 1.3, 1.6, 1.2, -0.9, -1.1]"
20260813,13,2,1,47.3,"[[""1-5-2"", 0.0745], [""1-2-5"", 0.0677], [""1-5-3"", 0.0585], [""1-5-4"", 0.0584], [""1-3-5"", 0.0462], [""1-4-5"", 0.0461], [""1-2-3"", 0.0431], [""1-2-4"", 0.0431], [""1-3-2"", 0.0375]]",5,22.1,"[[""5-1-2"", 0.032], [""5-1-3"", 0.0251], [""5-1-4"", 0.0251]]","[[""1-4-2"", 0.0374], [""2-1-5"", 0.0283], [""1-3-4"", 0.0231], [""1-4-3"", 0.0231]]",,,False,False,0.7866,中,"{""逃げ"": 55.3, ""まくり差し"": 13.1, ""まくり"": 14.9, ""差し"": 10.3, ""抜き"": 5.8, ""恵まれ"": 0.6}","[""0〜600円"", ""600〜750円"", ""750〜900円"", ""900〜1050円"", ""1050〜1220円"", ""1220〜1410円"", ""1410〜1640円"", ""1640〜1890円"", ""1890〜2200円"", ""2200〜2560円"", ""2560〜3020円"", ""3020〜3580円"", ""3580〜4290円"", ""4290〜5220円"", ""5220〜6490円"", ""6490〜8310円"", ""8310〜11220円"", ""11220〜16240円"", ""16240〜28268円"", ""28268円〜""]","[4.4, 5.8, 6.3, 6.2, 4.6, 6.2, 5.3, 4.9, 5.4, 4.2, 3.8, 5.7, 4.4, 3.8, 4.5, 5.8, 5.1, 4.0, 5.0, 4.8]","[-0.6, 0.8, 1.3, 1.2, -0.4, 1.2, 0.3, -0.1, 0.4, -0.8, -1.2, 0.7, -0.6, -1.2, -0.5, 0.8, 0.1, -1.0, 0.0, -0.2]"
20260813,13,3,1,57.0,"[[""1-4-2"", 0.136], [""1-4-3"", 0.094], [""1-4-5"", 0.0141]]",4,39.0,"[[""4-1-2"", 0.0551], [""4-1-3"", 0.0381]]","[[""1-2-4"", 0.114], [""1-3-4"", 0.0642], [""1-2-3"", 0.0596], [""2-1-4"", 0.0443]]",1-4,0.407,False,False,0.7866,中,"{""逃げ"": 55.3, ""まくり差し"": 13.1, ""まくり"": 14.9, ""差し"": 10.3, ""抜き"": 5.8, ""恵まれ"": 0.6}","[""0〜600円"", ""600〜750円"", ""750〜900円"", ""900〜1050円"", ""1050〜1220円"", ""1220〜1410円"", ""1410〜1640円"", ""1640〜1890円"", ""1890〜2200円"", ""2200〜2560円"", ""2560〜3020円"", ""3020〜3580円"", ""3580〜4290円"", ""4290〜5220円"", ""5220〜6490円"", ""6490〜8310円"", ""8310〜11220円"", ""11220〜16240円"", ""16240〜28268円"", ""28268円〜""]","[4.4, 5.8, 6.3, 6.2, 4.6, 6.2, 5.3, 4.9, 5.4, 4.2, 3.8, 5.7, 4.4, 3.8, 4.5, 5.8, 5.1, 4.0, 5.0, 4.8]","[-0.6, 0.8, 1.3, 1.2, -0.4, 1.2, 0.3, -0.1, 0.4, -0.8, -1.2, 0.7, -0.6, -1.2, -0.5, 0.8, 0.1, -1.0, 0.0, -0.2]"
20260813,13,4,1,51.5,"[[""1-2-3"", 0.2053], [""1-2-5"", 0.0399], [""1-2-6"", 0.0181]]",3,30.1,"[[""3-1-2"", 0.0677], [""3-1-5"", 0.0128]]","[[""1-3-2"", 0.2005], [""2-1-3"", 0.0696], [""1-3-5"", 0.0378], [""1-5-2"", 0.0236]]",,,False,True,0.8218,中,"{""逃げ"": 55.3, ""まくり差し"": 13.1, ""まくり"": 14.9, ""差し"": 10.3, ""抜き"": 5.8, ""恵まれ"": 0.6}","[""0〜600円"", ""600〜750円"", ""750〜900円"", ""900〜1050円"", ""1050〜1220円"", ""1220〜1410円"", ""1410〜1640円"", ""1640〜1890円"", ""1890〜2200円"", ""2200〜2560円"", ""2560〜3020円"", ""3020〜3580円"", ""3580〜4290円"", ""4290〜5220円"", ""5220〜6490円"", ""6490〜8310円"", ""8310〜11220円"", ""11220〜16240円"", ""16240〜28268円"", ""28268円〜""]","[4.4, 5.8, 6.3, 6.2, 4.6, 6.2, 5.3, 4.9, 5.4, 4.2, 3.8, 5.7, 4.4, 3.8, 4.5, 5.8, 5.1, 4.0, 5.0, 4.8]","[-0.6, 0.8, 1.3, 1.2, -0.4, 1.2, 0.3, -0.1, 0.4, -0.8, -1.2, 0.7, -0.6, -1.2, -0.5, 0.8, 0.1, -1.0, 0.0, -0.2]"
20260813,13,5,1,52.2,"[[""1-2-3"", 0.2184], [""1-2-5"", 0.115], [""1-2-6"", 0.0834], [""1-2-4"", 0.0278]]",2,29.0,"[[""2-1-3"", 0.0865], [""2-1-5"", 0.0455], [""2-1-6"", 0.033], [""2-1-4"", 0.011]]","[[""1-3-2"", 0.0745], [""1-5-2"", 0.0355], [""3-1-2"", 0.0242], [""1-6-2"", 0.0253]]",1-2,0.6869,True,True,0.8218,中,"{""逃げ"": 55.3, ""まくり差し"": 13.1, ""まくり"": 14.9, ""差し"": 10.3, ""抜き"": 5.8, ""恵まれ"": 0.6}","[""0〜600円"", ""600〜750円"", ""750〜900円"", ""900〜1050円"", ""1050〜1220円"", ""1220〜1410円"", ""1410〜1640円"", ""1640〜1890円"", ""1890〜2200円"", ""2200〜2560円"", ""2560〜3020円"", ""3020〜3580円"", ""3580〜4290円"", ""4290〜5220円"", ""5220〜6490円"", ""6490〜8310円"", ""8310〜11220円"", ""11220〜16240円"", ""16240〜28268円"", ""28268円〜""]","[4.4, 5.8, 6.3, 6.2, 4.6, 6.2, 5.3, 4.9, 5.4, 4.2, 3.8, 5.7, 4.4, 3.8, 4.5, 5.8, 5.1, 4.0, 5.0, 4.8]","[-0.6, 0.8, 1.3, 1.2, -0.4, 1.2, 0.3, -0.1, 0.4, -0.8, -1.2, 0.7, -0.6, -1.2, -0.5, 0.8, 0.1, -1.0, 0.0, -0.2]"
20260813,13,6,1,53.4,"[[""1-3-2"", 0.1586], [""1-3-5"", 0.0844], [""1-3-6"", 0.0365], [""1-3-4"", 0.0333]]",3,32.1,"[[""3-1-2"", 0.0351], [""3-1-5"", 0.0187]]","[[""1-2-3"", 0.1282], [""1-5-3"", 0.0539], [""1-2-5"", 0.0481], [""1-5-2"", 0.038]]",1-3,0.4345,False,False,0.7866,強,"{""逃げ"": 71.5, ""まくり"": 8.7, ""まくり差し"": 9.0, ""差し"": 6.6, ""抜き"": 3.7, ""恵まれ"": 0.5}","[""0〜600円"", ""600〜750円"", ""750〜900円"", ""900〜1050円"", ""1050〜1220円"", ""1220〜1410円"", ""1410〜1640円"", ""1640〜1890円"", ""1890〜2200円"", ""2200〜2560円"", ""2560〜3020円"", ""3020〜3580円"", ""3580〜4290円"", ""4290〜5220円"", ""5220〜6490円"", ""6490〜8310円"", ""8310〜11220円"", ""11220〜16240円"", ""16240〜28268円"", ""28268円〜""]","[9.2, 7.9, 7.1, 6.0, 5.9, 5.4, 5.5, 5.1, 5.1, 4.6, 3.8, 3.5, 4.7, 3.5, 3.7, 3.2, 2.7, 3.3, 4.6, 5.3]","[4.2, 2.9, 2.1, 1.0, 0.9, 0.4, 0.5, 0.1, 0.1, -0.4, -1.2, -1.5, -0.3, -1.5, -1.3, -1.8, -2.3, -1.7, -0.4, 0.3]"
20260813,13,7,1,49.3,"[[""1-3-4"", 0.0979], [""1-3-2"", 0.104], [""1-3-6"", 0.0397]]",3,39.0,"[[""3-1-4"", 0.0499], [""3-1-2"", 0.053], [""3-1-6"", 0.0202]]","[[""1-4-3"", 0.0679], [""1-2-3"", 0.0687], [""4-1-3"", 0.031], [""1-4-2"", 0.0365]]",1-3,0.4184,False,False,0.7866,中,"{""逃げ"": 55.3, ""まくり差し"": 13.1, ""まくり"": 14.9, ""差し"": 10.3, ""抜き"": 5.8, ""恵まれ"": 0.6}","[""0〜600円"", ""600〜750円"", ""750〜900円"", ""900〜1050円"", ""1050〜1220円"", ""1220〜1410円"", ""1410〜1640円"", ""1640〜1890円"", ""1890〜2200円"", ""2200〜2560円"", ""2560〜3020円"", ""3020〜3580円"", ""3580〜4290円"", ""4290〜5220円"", ""5220〜6490円"", ""6490〜8310円"", ""8310〜11220円"", ""11220〜16240円"", ""16240〜28268円"", ""28268円〜""]","[4.4, 5.8, 6.3, 6.2, 4.6, 6.2, 5.3, 4.9, 5.4, 4.2, 3.8, 5.7, 4.4, 3.8, 4.5, 5.8, 5.1, 4.0, 5.0, 4.8]","[-0.6, 0.8, 1.3, 1.2, -0.4, 1.2, 0.3, -0.1, 0.4, -0.8, -1.2, 0.7, -0.6, -1.2, -0.5, 0.8, 0.1, -1.0, 0.0, -0.2]"
20260813,13,8,1,58.1,"[[""1-4-3"", 0.0713], [""1-4-2"", 0.084], [""1-3-4"", 0.0642], [""1-4-5"", 0.0756], [""1-2-4"", 0.0739], [""1-5-4"", 0.0646], [""1-3-2"", 0.0578], [""1-2-3"", 0.0565], [""1-3-5"", 0.052]]",4,34.2,"[[""4-1-3"", 0.0157], [""4-1-2"", 0.0185], [""4-1-5"", 0.0167]]","[[""1-5-3"", 0.0494], [""1-2-5"", 0.0471], [""1-5-2"", 0.0458], [""3-1-4"", 0.0139]]",,,False,False,0.7866,強,"{""逃げ"": 71.5, ""まくり"": 8.7, ""まくり差し"": 9.0, ""差し"": 6.6, ""抜き"": 3.7, ""恵まれ"": 0.5}","[""0〜600円"", ""600〜750円"", ""750〜900円"", ""900〜1050円"", ""1050〜1220円"", ""1220〜1410円"", ""1410〜1640円"", ""1640〜1890円"", ""1890〜2200円"", ""2200〜2560円"", ""2560〜3020円"", ""3020〜3580円"", ""3580〜4290円"", ""4290〜5220円"", ""5220〜6490円"", ""6490〜8310円"", ""8310〜11220円"", ""11220〜16240円"", ""16240〜28268円"", ""28268円〜""]","[9.2, 7.9, 7.1, 6.0, 5.9, 5.4, 5.5, 5.1, 5.1, 4.6, 3.8, 3.5, 4.7, 3.5, 3.7, 3.2, 2.7, 3.3, 4.6, 5.3]","[4.2, 2.9, 2.1, 1.0, 0.9, 0.4, 0.5, 0.1, 0.1, -0.4, -1.2, -1.5, -0.3, -1.5, -1.3, -1.8, -2.3, -1.7, -0.4, 0.3]"
20260813,13,9,1,49.5,"[[""1-3-4"", 0.1015], [""1-3-2"", 0.0511], [""1-3-5"", 0.0449]]",3,29.0,"[[""3-1-4"", 0.0573], [""3-1-2"", 0.0289], [""3-1-5"", 0.0254]]","[[""1-4-3"", 0.0855], [""4-1-3"", 0.0456], [""1-2-3"", 0.0336], [""1-4-2"", 0.0323]]",1-3,0.3632,False,False,0.7866,強,"{""逃げ"": 71.5, ""まくり"": 8.7, ""まくり差し"": 9.0, ""差し"": 6.6, ""抜き"": 3.7, ""恵まれ"": 0.5}","[""0〜600円"", ""600〜750円"", ""750〜900円"", ""900〜1050円"", ""1050〜1220円"", ""1220〜1410円"", ""1410〜1640円"", ""1640〜1890円"", ""1890〜2200円"", ""2200〜2560円"", ""2560〜3020円"", ""3020〜3580円"", ""3580〜4290円"", ""4290〜5220円"", ""5220〜6490円"", ""6490〜8310円"", ""8310〜11220円"", ""11220〜16240円"", ""16240〜28268円"", ""28268円〜""]","[9.2, 7.9, 7.1, 6.0, 5.9, 5.4, 5.5, 5.1, 5.1, 4.6, 3.8, 3.5, 4.7, 3.5, 3.7, 3.2, 2.7, 3.3, 4.6, 5.3]","[4.2, 2.9, 2.1, 1.0, 0.9, 0.4, 0.5, 0.1, 0.1, -0.4, -1.2, -1.5, -0.3, -1.5, -1.3, -1.8, -2.3, -1.7, -0.4, 0.3]"
20260813,13,10,1,51.4,"[[""1-3-2"", 0.0453], [""1-2-3"", 0.0424], [""1-3-4"", 0.0398], [""1-4-3"", 0.0341], [""1-3-5"", 0.0327], [""1-2-4"", 0.0311], [""1-4-2"", 0.0285], [""1-5-3"", 0.0269], [""1-3-6"", 0.0265]]",3,26.8,"[[""3-1-2"", 0.0257], [""3-1-4"", 0.0226], [""3-1-5"", 0.0186], [""3-1-6"", 0.015]]","[[""2-1-3"", 0.0234], [""1-2-5"", 0.0256], [""1-5-2"", 0.0225], [""1-6-3"", 0.0211]]",,,False,True,0.8218,強,"{""逃げ"": 71.5, ""まくり"": 8.7, ""まくり差し"": 9.0, ""差し"": 6.6, ""抜き"": 3.7, ""恵まれ"": 0.5}","[""0〜600円"", ""600〜750円"", ""750〜900円"", ""900〜1050円"", ""1050〜1220円"", ""1220〜1410円"", ""1410〜1640円"", ""1640〜1890円"", ""1890〜2200円"", ""2200〜2560円"", ""2560〜3020円"", ""3020〜3580円"", ""3580〜4290円"", ""4290〜5220円"", ""5220〜6490円"", ""6490〜8310円"", ""8310〜11220円"", ""11220〜16240円"", ""16240〜28268円"", ""28268円〜""]","[9.2, 7.9, 7.1, 6.0, 5.9, 5.4, 5.5, 5.1, 5.1, 4.6, 3.8, 3.5, 4.7, 3.5, 3.7, 3.2, 2.7, 3.3, 4.6, 5.3]","[4.2, 2.9, 2.1, 1.0, 0.9, 0.4, 0.5, 0.1, 0.1, -0.4, -1.2, -1.5, -0.3, -1.5, -1.3, -1.8, -2.3, -1.7, -0.4, 0.3]"
20260813,13,11,1,57.1,"[[""1-2-4"", 0.1211], [""1-2-3"", 0.0542], [""1-2-5"", 0.0452], [""1-2-6"", 0.0368]]",2,21.1,"[[""2-1-4"", 0.0438], [""2-1-3"", 0.0196], [""2-1-5"", 0.0163], [""2-1-6"", 0.0133]]","[[""1-4-2"", 0.1008], [""4-1-2"", 0.035], [""1-3-2"", 0.0351], [""1-4-3"", 0.0327]]",1-2,0.3949,False,False,0.7866,強,"{""逃げ"": 71.5, ""まくり"": 8.7, ""まくり差し"": 9.0, ""差し"": 6.6, ""抜き"": 3.7, ""恵まれ"": 0.5}","[""0〜600円"", ""600〜750円"", ""750〜900円"", ""900〜1050円"", ""1050〜1220円"", ""1220〜1410円"", ""1410〜1640円"", ""1640〜1890円"", ""1890〜2200円"", ""2200〜2560円"", ""2560〜3020円"", ""3020〜3580円"", ""3580〜4290円"", ""4290〜5220円"", ""5220〜6490円"", ""6490〜8310円"", ""8310〜11220円"", ""11220〜16240円"", ""16240〜28268円"", ""28268円〜""]","[9.2, 7.9, 7.1, 6.0, 5.9, 5.4, 5.5, 5.1, 5.1, 4.6, 3.8, 3.5, 4.7, 3.5, 3.7, 3.2, 2.7, 3.3, 4.6, 5.3]","[4.2, 2.9, 2.1, 1.0, 0.9, 0.4, 0.5, 0.1, 0.1, -0.4, -1.2, -1.5, -0.3, -1.5, -1.3, -1.8, -2.3, -1.7, -0.4, 0.3]"
20260813,13,12,1,58.5,"[[""1-2-4"", 0.0802], [""1-4-2"", 0.0748], [""1-2-5"", 0.0828], [""1-5-2"", 0.0719], [""1-4-5"", 0.0662], [""1-5-4"", 0.0616], [""1-2-3"", 0.0399], [""1-4-3"", 0.0319], [""1-3-2"", 0.0299]]",4,29.8,"[[""4-1-2"", 0.0232], [""4-1-5"", 0.0205]]","[[""2-1-4"", 0.0252], [""2-1-5"", 0.026], [""1-3-4"", 0.0256], [""1-5-3"", 0.0241]]",,,False,False,0.7866,強,"{""逃げ"": 71.5, ""まくり"": 8.7, ""まくり差し"": 9.0, ""差し"": 6.6, ""抜き"": 3.7, ""恵まれ"": 0.5}","[""0〜600円"", ""600〜750円"", ""750〜900円"", ""900〜1050円"", ""1050〜1220円"", ""1220〜1410円"", ""1410〜1640円"", ""1640〜1890円"", ""1890〜2200円"", ""2200〜2560円"", ""2560〜3020円"", ""3020〜3580円"", ""3580〜4290円"", ""4290〜5220円"", ""5220〜6490円"", ""6490〜8310円"", ""8310〜11220円"", ""11220〜16240円"", ""16240〜28268円"", ""28268円〜""]","[9.2, 7.9, 7.1, 6.0, 5.9, 5.4, 5.5, 5.1, 5.1, 4.6, 3.8, 3.5, 4.7, 3.5, 3.7, 3.2, 2.7, 3.3, 4.6, 5.3]","[4.2, 2.9, 2.1, 1.0, 0.9, 0.4, 0.5, 0.1, 0.1, -0.4, -1.2, -1.5, -0.3, -1.5, -1.3, -1.8, -2.3, -1.7, -0.4, 0.3]"
20260813,16,1,1,44.4,"[[""1-3-2"", 0.0622], [""1-3-4"", 0.0702], [""1-3-5"", 0.0591], [""1-2-3"", 0.0476], [""1-4-3"", 0.0527], [""1-5-3"", 0.0427], [""1-2-4"", 0.029], [""1-4-2"", 0.0285], [""1-2-5"", 0.0245]]",3,40.4,"[[""3-1-2"", 0.0361], [""3-1-4"", 0.0408], [""3-1-5"", 0.0343]]","[[""2-1-3"", 0.025], [""4-1-3"", 0.0274], [""1-5-2"", 0.0231], [""1-4-5"", 0.0223]]",,,False,True,0.8218,弱,"{""逃げ"": 36.1, ""差し"": 20.2, ""まくり"": 19.4, ""まくり差し"": 15.5, ""抜き"": 7.8, ""恵まれ"": 1.0}","[""0〜600円"", ""600〜750円"", ""750〜900円"", ""900〜1050円"", ""1050〜1220円"", ""1220〜1410円"", ""1410〜1640円"", ""1640〜1890円"", ""1890〜2200円"", ""2200〜2560円"", ""2560〜3020円"", ""3020〜3580円"", ""3580〜4290円"", ""4290〜5220円"", ""5220〜6490円"", ""6490〜8310円"", ""8310〜11220円"", ""11220〜16240円"", ""16240〜28268円"", ""28268円〜""]","[0.7, 1.7, 2.5, 2.9, 4.0, 4.9, 5.1, 4.5, 5.5, 5.9, 5.3, 5.5, 6.4, 6.6, 7.3, 6.7, 6.4, 6.6, 6.8, 4.6]","[-4.3, -3.3, -2.5, -2.1, -1.0, -0.1, 0.1, -0.5, 0.5, 0.9, 0.3, 0.5, 1.4, 1.6, 2.3, 1.7, 1.4, 1.6, 1.8, -0.4]"
20260813,16,2,1,50.0,"[[""1-3-6"", 0.0275], [""1-3-4"", 0.033], [""1-3-2"", 0.0319], [""1-6-3"", 0.025], [""1-4-3"", 0.0297], [""1-2-3"", 0.0283], [""1-6-4"", 0.0227], [""1-4-6"", 0.0224], [""1-6-2"", 0.0219]]",4,,"[[""4-1-3"", 0.0201], [""4-1-6"", 0.0152], [""4-1-2"", 0.0139]]","[[""3-1-6"", 0.0197], [""3-1-4"", 0.0238], [""3-1-2"", 0.0229], [""6-1-3"", 0.0171]]",,,False,False,0.7866,弱,"{""逃げ"": 36.1, ""差し"": 20.2, ""まくり"": 19.4, ""まくり差し"": 15.5, ""抜き"": 7.8, ""恵まれ"": 1.0}","[""0〜600円"", ""600〜750円"", ""750〜900円"", ""900〜1050円"", ""1050〜1220円"", ""1220〜1410円"", ""1410〜1640円"", ""1640〜1890円"", ""1890〜2200円"", ""2200〜2560円"", ""2560〜3020円"", ""3020〜3580円"", ""3580〜4290円"", ""4290〜5220円"", ""5220〜6490円"", ""6490〜8310円"", ""8310〜11220円"", ""11220〜16240円"", ""16240〜28268円"", ""28268円〜""]","[0.7, 1.7, 2.5, 2.9, 4.0, 4.9, 5.1, 4.5, 5.5, 5.9, 5.3, 5.5, 6.4, 6.6, 7.3, 6.7, 6.4, 6.6, 6.8, 4.6]","[-4.3, -3.3, -2.5, -2.1, -1.0, -0.1, 0.1, -0.5, 0.5, 0.9, 0.3, 0.5, 1.4, 1.6, 2.3, 1.7, 1.4, 1.6, 1.8, -0.4]"
20260813,16,3,1,,"[[""1-2-3"", 0.0441], [""1-2-4"", 0.0395], [""1-2-5"", 0.0297]]",2,25.6,"[[""2-1-3"", 0.0431], [""2-1-4"", 0.0386], [""2-1-5"", 0.029]]","[[""1-3-2"", 0.0333], [""2-3-1"", 0.0316], [""3-1-2"", 0.0275], [""3-2-1"", 0.0267]]",1-2,0.2587,False,True,0.8218,弱,"{""逃げ"": 36.1, ""差し"": 20.2, ""まくり"": 19.4, ""まくり差し"": 15.5, ""抜き"": 7.8, ""恵まれ"": 1.0}","[""0〜600円"", ""600〜750円"", ""750〜900円"", ""900〜1050円"", ""1050〜1220円"", ""1220〜1410円"", ""1410〜1640円"", ""1640〜1890円"", ""1890〜2200円"", ""2200〜2560円"", ""2560〜3020円"", ""3020〜3580円"", ""3580〜4290円"", ""4290〜5220円"", ""5220〜6490円"", ""6490〜8310円"", ""8310〜11220円"", ""11220〜16240円"", ""16240〜28268円"", ""28268円〜""]","[0.7, 1.7, 2.5, 2.9, 4.0, 4.9, 5.1, 4.5, 5.5, 5.9, 5.3, 5.5, 6.4, 6.6, 7.3, 6.7, 6.4, 6.6, 6.8, 4.6]","[-4.3, -3.3, -2.5, -2.1, -1.0, -0.1, 0.1, -0.5, 0.5, 0.9, 0.3, 0.5, 1.4, 1.6, 2.3, 1.7, 1.4, 1.6, 1.8, -0.4]"
20260813,16,4,1,51.5,"[[""1-6-5"", 0.0243], [""1-5-6"", 0.0237], [""1-6-2"", 0.0208], [""1-6-3"", 0.0205], [""1-5-2"", 0.0191], [""1-6-4"", 0.0191], [""1-5-3"", 0.0188], [""1-2-6"", 0.0184], [""1-3-6"", 0.018]]",6,27.3,"[[""6-1-5"", 0.0193], [""6-1-2"", 0.0165], [""6-1-3"", 0.0162], [""6-1-4"", 0.0152]]","[[""5-1-6"", 0.0186], [""6-5-1"", 0.014], [""5-6-1"", 0.0138], [""1-5-4"", 0.0175]]",,,False,False,0.7866,中,"{""逃げ"": 51.9, ""まくり差し"": 15.2, ""差し"": 13.4, ""まくり"": 12.1, ""抜き"": 7.0, ""恵まれ"": 0.5}","[""0〜600円"", ""600〜750円"", ""750〜900円"", ""900〜1050円"", ""1050〜1220円"", ""1220〜1410円"", ""1410〜1640円"", ""1640〜1890円"", ""1890〜2200円"", ""2200〜2560円"", ""2560〜3020円"", ""3020〜3580円"", ""3580〜4290円"", ""4290〜5220円"", ""5220〜6490円"", ""6490〜8310円"", ""8310〜11220円"", ""11220〜16240円"", ""16240〜28268円"", ""28268円〜""]","[4.0, 5.1, 5.7, 4.8, 5.0, 5.0, 5.2, 4.8, 4.7, 5.5, 4.4, 5.2, 5.0, 4.8, 5.0, 5.5, 5.3, 4.9, 4.7, 5.5]","[-1.0, 0.1, 0.7, -0.2, 0.0, -0.0, 0.2, -0.2, -0.3, 0.5, -0.6, 0.2, -0.0, -0.2, 0.0, 0.5, 0.3, -0.1, -0.3, 0.5]"
20260813,16,5,4,54.7,"[[""4-1-3"", 0.0509], [""4-1-2"", 0.0527], [""4-1-6"", 0.0303], [""4-1-5"", 0.0178]]",1,42.0,"[[""1-4-3"", 0.0438], [""1-4-2"", 0.0454], [""1-4-6"", 0.026], [""1-4-5"", 0.0153]]","[[""4-3-1"", 0.0366], [""4-2-1"", 0.0365], [""3-4-1"", 0.0265], [""1-3-4"", 0.0261]]",1-4,0.3027,False,True,0.8218,強,"{""逃げ"": 68.1, ""まくり差し"": 10.3, ""差し"": 8.6, ""まくり"": 7.0, ""抜き"": 5.1, ""恵まれ"": 0.8}","[""0〜600円"", ""600〜750円"", ""750〜900円"", ""900〜1050円"", ""1050〜1220円"", ""1220〜1410円"", ""1410〜1640円"", ""1640〜1890円"", ""1890〜2200円"", ""2200〜2560円"", ""2560〜3020円"", ""3020〜3580円"", ""3580〜4290円"", ""4290〜5220円"", ""5220〜6490円"", ""6490〜8310円"", ""8310〜11220円"", ""11220〜16240円"", ""16240〜28268円"", ""28268円〜""]","[9.1, 7.4, 6.4, 6.1, 4.8, 6.3, 5.6, 4.3, 4.6, 5.1, 3.9, 3.6, 3.6, 3.8, 3.5, 3.5, 4.5, 4.0, 4.5, 5.4]","[4.1, 2.4, 1.4, 1.1, -0.2, 1.3, 0.6, -0.7, -0.4, 0.1, -1.1, -1.4, -1.4, -1.2, -1.5, -1.5, -0.5, -1.0, -0.5, 0.4]"
20260813,16,6,1,58.8,"[[""1-3-2"", 0.1339], [""1-3-4"", 0.1177], [""1-3-6"", 0.0382]]",3,25.7,"[[""3-1-2"", 0.0539], [""3-1-4"", 0.0474], [""3-1-6"", 0.0154]]","[[""1-2-3"", 0.0919], [""1-4-3"", 0.0737], [""1-2-4"", 0.0422], [""2-1-3"", 0.0338]]",1-3,0.4558,False,True,0.8218,強,"{""逃げ"": 68.1, ""まくり差し"": 10.3, ""差し"": 8.6, ""まくり"": 7.0, ""抜き"": 5.1, ""恵まれ"": 0.8}","[""0〜600円"", ""600〜750円"", ""750〜900円"", ""900〜1050円"", ""1050〜1220円"", ""1220〜1410円"", ""1410〜1640円"", ""1640〜1890円"", ""1890〜2200円"", ""2200〜2560円"", ""2560〜3020円"", ""3020〜3580円"", ""3580〜4290円"", ""4290〜5220円"", ""5220〜6490円"", ""6490〜8310円"", ""8310〜11220円"", ""11220〜16240円"", ""16240〜28268円"", ""28268円〜""]","[9.1, 7.4, 6.4, 6.1, 4.8, 6.3, 5.6, 4.3, 4.6, 5.1, 3.9, 3.6, 3.6, 3.8, 3.5, 3.5, 4.5, 4.0, 4.5, 5.4]","[4.1, 2.4, 1.4, 1.1, -0.2, 1.3, 0.6, -0.7, -0.4, 0.1, -1.1, -1.4, -1.4, -1.2, -1.5, -1.5, -0.5, -1.0, -0.5, 0.4]"
20260813,16,7,1,59.9,"[[""1-2-3"", 0.0867], [""1-3-2"", 0.0773], [""1-2-6"", 0.0797], [""1-2-4"", 0.0734], [""1-6-2"", 0.0653], [""1-4-2"", 0.059], [""1-3-6"", 0.0532], [""1-3-4"", 0.049], [""1-6-3"", 0.0489]]",3,65.1,[],"[[""1-4-3"", 0.0442], [""1-2-5"", 0.0404], [""1-6-4"", 0.0325], [""1-4-6"", 0.032]]",,,False,False,0.7866,強,"{""逃げ"": 68.1, ""まくり差し"": 10.3, ""差し"": 8.6, ""まくり"": 7.0, ""抜き"": 5.1, ""恵まれ"": 0.8}","[""0〜600円"", ""600〜750円"", ""750〜900円"", ""900〜1050円"", ""1050〜1220円"", ""1220〜1410円"", ""1410〜1640円"", ""1640〜1890円"", ""1890〜2200円"", ""2200〜2560円"", ""2560〜3020円"", ""3020〜3580円"", ""3580〜4290円"", ""4290〜5220円"", ""5220〜6490円"", ""6490〜8310円"", ""8310〜11220円"", ""11220〜16240円"", ""16240〜28268円"", ""28268円〜""]","[9.1, 7.4, 6.4, 6.1, 4.8, 6.3, 5.6, 4.3, 4.6, 5.1, 3.9, 3.6, 3.6, 3.8, 3.5, 3.5, 4.5, 4.0, 4.5, 5.4]","[4.1, 2.4, 1.4, 1.1, -0.2, 1.3, 0.6, -0.7, -0.4, 0.1, -1.1, -1.4, -1.4, -1.2, -1.5, -1.5, -0.5, -1.0, -0.5, 0.4]"
20260813,16,8,1,68.4,"[[""1-2-6"", 0.0567], [""1-6-2"", 0.054], [""1-2-3"", 0.0599], [""1-3-2"", 0.0535], [""1-6-3"", 0.051], [""1-3-6"", 0.0478], [""1-2-4"", 0.029], [""1-6-4"", 0.0247], [""1-4-2"", 0.0224]]",6,26.9,"[[""6-1-2"", 0.0276], [""6-1-3"", 0.026], [""6-1-4"", 0.0126]]","[[""2-1-6"", 0.0294], [""2-1-3"", 0.0311], [""3-1-2"", 0.0267], [""3-1-6"", 0.0238]]",,,False,False,0.7866,中,"{""逃げ"": 51.9, ""まくり差し"": 15.2, ""差し"": 13.4, ""まくり"": 12.1, ""抜き"": 7.0, ""恵まれ"": 0.5}","[""0〜600円"", ""600〜750円"", ""750〜900円"", ""900〜1050円"", ""1050〜1220円"", ""1220〜1410円"", ""1410〜1640円"", ""1640〜1890円"", ""1890〜2200円"", ""2200〜2560円"", ""2560〜3020円"", ""3020〜3580円"", ""3580〜4290円"", ""4290〜5220円"", ""5220〜6490円"", ""6490〜8310円"", ""8310〜11220円"", ""11220〜16240円"", ""16240〜28268円"", ""28268円〜""]","[4.0, 5.1, 5.7, 4.8, 5.0, 5.0, 5.2, 4.8, 4.7, 5.5, 4.4, 5.2, 5.0, 4.8, 5.0, 5.5, 5.3, 4.9, 4.7, 5.5]","[-1.0, 0.1, 0.7, -0.2, 0.0, -0.0, 0.2, -0.2, -0.3, 0.5, -0.6, 0.2, -0.0, -0.2, 0.0, 0.5, 0.3, -0.1, -0.3, 0.5]"
20260813,16,9,1,51.1,"[[""1-6-3"", 0.0685], [""1-3-6"", 0.063], [""1-6-4"", 0.0584], [""1-6-5"", 0.0522], [""1-4-6"", 0.0484], [""1-6-2"", 0.0435], [""1-3-4"", 0.0434], [""1-5-6"", 0.0424], [""1-4-3"", 0.0391]]",3,37.3,"[[""3-1-6"", 0.0147], [""3-1-4"", 0.0101]]","[[""1-3-5"", 0.0388], [""1-2-6"", 0.0343], [""1-5-3"", 0.0342], [""1-3-2"", 0.0323]]",,,False,False,0.7866,強,"{""逃げ"": 68.1, ""まくり差し"": 10.3, ""差し"": 8.6, ""まくり"": 7.0, ""抜き"": 5.1, ""恵まれ"": 0.8}","[""0〜600円"", ""600〜750円"", ""750〜900円"", ""900〜1050円"", ""1050〜1220円"", ""1220〜1410円"", ""1410〜1640円"", ""1640〜1890円"", ""1890〜2200円"", ""2200〜2560円"", ""2560〜3020円"", ""3020〜3580円"", ""3580〜4290円"", ""4290〜5220円"", ""5220〜6490円"", ""6490〜8310円"", ""8310〜11220円"", ""11220〜16240円"", ""16240〜28268円"", ""28268円〜""]","[9.1, 7.4, 6.4, 6.1, 4.8, 6.3, 5.6, 4.3, 4.6, 5.1, 3.9, 3.6, 3.6, 3.8, 3.5, 3.5, 4.5, 4.0, 4.5, 5.4]","[4.1, 2.4, 1.4, 1.1, -0.2, 1.3, 0.6, -0.7, -0.4, 0.1, -1.1, -1.4, -1.4, -1.2, -1.5, -1.5, -0.5, -1.0, -0.5, 0.4]"
20260813,16,10,1,66.3,"[[""1-2-3"", 0.0879], [""1-2-5"", 0.073], [""1-2-4"", 0.0671], [""1-2-6"", 0.0418]]",2,22.2,"[[""2-1-3"", 0.0284], [""2-1-5"", 0.0236], [""2-1-4"", 0.0217], [""2-1-6"", 0.0135]]","[[""1-3-2"", 0.0667], [""1-5-2"", 0.0504], [""1-4-2"", 0.0457], [""1-3-5"", 0.0302]]",1-2,0.3886,False,False,0.7866,強,"{""逃げ"": 68.1, ""まくり差し"": 10.3, ""差し"": 8.6, ""まくり"": 7.0, ""抜き"": 5.1, ""恵まれ"": 0.8}","[""0〜600円"", ""600〜750円"", ""750〜900円"", ""900〜1050円"", ""1050〜1220円"", ""1220〜1410円"", ""1410〜1640円"", ""1640〜1890円"", ""1890〜2200円"", ""2200〜2560円"", ""2560〜3020円"", ""3020〜3580円"", ""3580〜4290円"", ""4290〜5220円"", ""5220〜6490円"", ""6490〜8310円"", ""8310〜11220円"", ""11220〜16240円"", ""16240〜28268円"", ""28268円〜""]","[9.1, 7.4, 6.4, 6.1, 4.8, 6.3, 5.6, 4.3, 4.6, 5.1, 3.9, 3.6, 3.6, 3.8, 3.5, 3.5, 4.5, 4.0, 4.5, 5.4]","[4.1, 2.4, 1.4, 1.1, -0.2, 1.3, 0.6, -0.7, -0.4, 0.1, -1.1, -1.4, -1.4, -1.2, -1.5, -1.5, -0.5, -1.0, -0.5, 0.4]"
20260813,16,11,4,59.9,"[[""4-1-2"", 0.0579], [""4-1-3"", 0.0327], [""4-1-5"", 0.0179], [""4-1-6"", 0.0109]]",1,18.4,"[[""1-4-2"", 0.0575], [""1-4-3"", 0.0324], [""1-4-5"", 0.0178], [""1-4-6"", 0.0108]]","[[""4-2-1"", 0.0472], [""1-2-4"", 0.0464], [""2-4-1"", 0.0415], [""2-1-4"", 0.0411]]",1-4,0.263,False,True,0.8218,強,"{""逃げ"": 68.1, ""まくり差し"": 10.3, ""差し"": 8.6, ""まくり"": 7.0, ""抜き"": 5.1, ""恵まれ"": 0.8}","[""0〜600円"", ""600〜750円"", ""750〜900円"", ""900〜1050円"", ""1050〜1220円"", ""1220〜1410円"", ""1410〜1640円"", ""1640〜1890円"", ""1890〜2200円"", ""2200〜2560円"", ""2560〜3020円"", ""3020〜3580円"", ""3580〜4290円"", ""4290〜5220円"", ""5220〜6490円"", ""6490〜8310円"", ""8310〜11220円"", ""11220〜16240円"", ""16240〜28268円"", ""28268円〜""]","[9.1, 7.4, 6.4, 6.1, 4.8, 6.3, 5.6, 4.3, 4.6, 5.1, 3.9, 3.6, 3.6, 3.8, 3.5, 3.5, 4.5, 4.0, 4.5, 5.4]","[4.1, 2.4, 1.4, 1.1, -0.2, 1.3, 0.6, -0.7, -0.4, 0.1, -1.1, -1.4, -1.4, -1.2, -1.5, -1.5, -0.5, -1.0, -0.5, 0.4]"
20260813,16,12,1,54.9,"[[""1-2-5"", 0.0882], [""1-5-2"", 0.0851], [""1-2-3"", 0.0848], [""1-5-3"", 0.0759], [""1-3-2"", 0.0741], [""1-3-5"", 0.0686], [""1-2-4"", 0.0345], [""1-5-4"", 0.0309], [""1-4-2"", 0.0256]]",2,32.2,"[[""2-1-5"", 0.0228], [""2-1-3"", 0.022]]","[[""5-1-2"", 0.0219], [""1-4-5"", 0.0238], [""1-3-4"", 0.0212], [""5-1-3"", 0.0195]]",,,False,False,0.7866,強,"{""逃げ"": 68.1, ""まくり差し"": 10.3, ""差し"": 8.6, ""まくり"": 7.0, ""抜き"": 5.1, ""恵まれ"": 0.8}","[""0〜600円"", ""600〜750円"", ""750〜900円"", ""900〜1050円"", ""1050〜1220円"", ""1220〜1410円"", ""1410〜1640円"", ""1640〜1890円"", ""1890〜2200円"", ""2200〜2560円"", ""2560〜3020円"", ""3020〜3580円"", ""3580〜4290円"", ""4290〜5220円"", ""5220〜6490円"", ""6490〜8310円"", ""8310〜11220円"", ""11220〜16240円"", ""16240〜28268円"", ""28268円〜""]","[9.1, 7.4, 6.4, 6.1, 4.8, 6.3, 5.6, 4.3, 4.6, 5.1, 3.9, 3.6, 3.6, 3.8, 3.5, 3.5, 4.5, 4.0, 4.5, 5.4]","[4.1, 2.4, 1.4, 1.1, -0.2, 1.3, 0.6, -0.7, -0.4, 0.1, -1.1, -1.4, -1.4, -1.2, -1.5, -1.5, -0.5, -1.0, -0.5, 0.4]"
20260813,19,1,1,51.3,"[[""1-2-3"", 0.0458], [""1-3-2"", 0.0416], [""1-2-4"", 0.038], [""1-2-6"", 0.0367], [""1-4-2"", 0.0313], [""1-6-2"", 0.03], [""1-3-4"", 0.0269], [""1-2-5"", 0.0266], [""1-3-6"", 0.026]]",2,48.0,"[[""2-1-3"", 0.0271], [""2-1-4"", 0.0224], [""2-1-6"", 0.0217], [""2-1-5"", 0.0157]]","[[""3-1-2"", 0.0236], [""1-4-3"", 0.0244], [""1-6-3"", 0.0234], [""1-5-2"", 0.0207]]",,,False,True,0.8218,弱,"{""逃げ"": 41.9, ""まくり"": 19.5, ""差し"": 16.2, ""まくり差し"": 13.5, ""抜き"": 7.7, ""恵まれ"": 1.1}","[""0〜600円"", ""600〜750円"", ""750〜900円"", ""900〜1050円"", ""1050〜1220円"", ""1220〜1410円"", ""1410〜1640円"", ""1640〜1890円"", ""1890〜2200円"", ""2200〜2560円"", ""2560〜3020円"", ""3020〜3580円"", ""3580〜4290円"", ""4290〜5220円"", ""5220〜6490円"", ""6490〜8310円"", ""8310〜11220円"", ""11220〜16240円"", ""16240〜28268円"", ""28268円〜""]","[1.4, 2.5, 2.8, 3.1, 5.1, 4.8, 5.2, 5.2, 5.6, 6.2, 5.2, 6.2, 6.4, 5.8, 6.3, 5.8, 6.6, 5.7, 5.3, 4.6]","[-3.6, -2.5, -2.2, -1.9, 0.1, -0.2, 0.2, 0.2, 0.6, 1.2, 0.2, 1.2, 1.4, 0.8, 1.3, 0.8, 1.6, 0.7, 0.3, -0.4]"
20260813,19,2,1,,"[[""1-3-2"", 0.0568], [""1-2-3"", 0.0524], [""1-3-4"", 0.054], [""1-4-3"", 0.0459], [""1-2-4"", 0.0416], [""1-4-2"", 0.0383], [""1-3-5"", 0.0351], [""1-5-3"", 0.0271], [""1-2-5"", 0.027]]",2,23.0,"[[""2-1-3"", 0.0322], [""2-1-4"", 0.0256], [""2-1-5"", 0.0166]]","[[""3-1-2"", 0.0361], [""3-1-4"", 0.0344], [""4-1-3"", 0.0272], [""4-1-2"", 0.0227]]",,,False,True,0.8218,弱,"{""逃げ"": 41.9, ""まくり"": 19.5, ""差し"": 16.2, ""まくり差し"": 13.5, ""抜き"": 7.7, ""恵まれ"": 1.1}","[""0〜600円"", ""600〜750円"", ""750〜900円"", ""900〜1050円"", ""1050〜1220円"", ""1220〜1410円"", ""1410〜1640円"", ""1640〜1890円"", ""1890〜2200円"", ""2200〜2560円"", ""2560〜3020円"", ""3020〜3580円"", ""3580〜4290円"", ""4290〜5220円"", ""5220〜6490円"", ""6490〜8310円"", ""8310〜11220円"", ""11220〜16240円"", ""16240〜28268円"", ""28268円〜""]","[1.4, 2.5, 2.8, 3.1, 5.1, 4.8, 5.2, 5.2, 5.6, 6.2, 5.2, 6.2, 6.4, 5.8, 6.3, 5.8, 6.6, 5.7, 5.3, 4.6]","[-3.6, -2.5, -2.2, -1.9, 0.1, -0.2, 0.2, 0.2, 0.6, 1.2, 0.2, 1.2, 1.4, 0.8, 1.3, 0.8, 1.6, 0.7, 0.3, -0.4]"
20260813,19,3,1,51.7,"[[""1-5-2"", 0.056], [""1-5-4"", 0.0421], [""1-5-3"", 0.0361], [""1-5-6"", 0.0133]]",5,23.8,"[[""5-1-2"", 0.048], [""5-1-4"", 0.0361], [""5-1-3"", 0.031], [""5-1-6"", 0.0114]]","[[""1-2-5"", 0.0422], [""2-1-5"", 0.0312], [""5-2-1"", 0.0296], [""2-5-1"", 0.0255]]",1-5,0.3023,False,False,0.7866,中,"{""逃げ"": 56.4, ""差し"": 11.4, ""まくり"": 12.2, ""まくり差し"": 11.9, ""抜き"": 7.2, ""恵まれ"": 0.8}","[""0〜600円"", ""600〜750円"", ""750〜900円"", ""900〜1050円"", ""1050〜1220円"", ""1220〜1410円"", ""1410〜1640円"", ""1640〜1890円"", ""1890〜2200円"", ""2200〜2560円"", ""2560〜3020円"", ""3020〜3580円"", ""3580〜4290円"", ""4290〜5220円"", ""5220〜6490円"", ""6490〜8310円"", ""8310〜11220円"", ""11220〜16240円"", ""16240〜28268円"", ""28268円〜""]","[5.9, 6.2, 5.6, 5.0, 6.2, 5.4, 5.7, 4.4, 4.4, 5.2, 5.2, 4.0, 4.6, 4.1, 4.9, 4.3, 4.7, 4.7, 4.9, 4.6]","[0.9, 1.2, 0.6, -0.0, 1.2, 0.4, 0.7, -0.6, -0.6, 0.2, 0.2, -1.0, -0.4, -0.9, -0.1, -0.7, -0.3, -0.3, -0.1, -0.4]"
20260813,19,4,3,52.2,"[[""3-4-1"", 0.0443], [""3-1-4"", 0.0406], [""3-4-5"", 0.0367], [""3-1-5"", 0.0281], [""3-4-2"", 0.0258], [""3-1-2"", 0.0197]]",4,22.6,"[[""4-3-1"", 0.0379], [""4-3-5"", 0.0314], [""4-3-2"", 0.022]]","[[""1-3-4"", 0.0331], [""4-1-3"", 0.0281], [""1-4-3"", 0.0267], [""3-5-4"", 0.0294]]",,,False,False,0.7866,強,"{""逃げ"": 69.8, ""まくり差し"": 9.5, ""まくり"": 8.4, ""差し"": 7.2, ""抜き"": 4.9, ""恵まれ"": 0.3}","[""0〜600円"", ""600〜750円"", ""750〜900円"", ""900〜1050円"", ""1050〜1220円"", ""1220〜1410円"", ""1410〜1640円"", ""1640〜1890円"", ""1890〜2200円"", ""2200〜2560円"", ""2560〜3020円"", ""3020〜3580円"", ""3580〜4290円"", ""4290〜5220円"", ""5220〜6490円"", ""6490〜8310円"", ""8310〜11220円"", ""11220〜16240円"", ""16240〜28268円"", ""28268円〜""]","[9.4, 7.8, 7.4, 5.2, 5.8, 5.3, 5.8, 4.8, 4.4, 4.2, 4.2, 4.5, 4.0, 3.9, 3.5, 3.5, 3.4, 4.0, 4.0, 4.8]","[4.4, 2.8, 2.4, 0.2, 0.8, 0.3, 0.8, -0.2, -0.6, -0.8, -0.8, -0.5, -1.0, -1.1, -1.5, -1.5, -1.6, -1.0, -1.0, -0.2]"
20260813,19,5,1,59.7,"[[""1-5-4"", 0.1034], [""1-5-6"", 0.0862], [""1-5-2"", 0.0645], [""1-5-3"", 0.0361]]",5,26.4,"[[""5-1-4"", 0.0366], [""5-1-6"", 0.0305], [""5-1-2"", 0.0228], [""5-1-3"", 0.0128]]","[[""1-4-5"", 0.0723], [""1-6-5"", 0.0548], [""1-2-5"", 0.0393], [""4-1-5"", 0.0236]]",1-5,0.4309,False,False,0.7866,中,"{""逃げ"": 56.4, ""差し"": 11.4, ""まくり"": 12.2, ""まくり差し"": 11.9, ""抜き"": 7.2, ""恵まれ"": 0.8}","[""0〜600円"", ""600〜750円"", ""750〜900円"", ""900〜1050円"", ""1050〜1220円"", ""1220〜1410円"", ""1410〜1640円"", ""1640〜1890円"", ""1890〜2200円"", ""2200〜2560円"", ""2560〜3020円"", ""3020〜3580円"", ""3580〜4290円"", ""4290〜5220円"", ""5220〜6490円"", ""6490〜8310円"", ""8310〜11220円"", ""11220〜16240円"", ""16240〜28268円"", ""28268円〜""]","[5.9, 6.2, 5.6, 5.0, 6.2, 5.4, 5.7, 4.4, 4.4, 5.2, 5.2, 4.0, 4.6, 4.1, 4.9, 4.3, 4.7, 4.7, 4.9, 4.6]","[0.9, 1.2, 0.6, -0.0, 1.2, 0.4, 0.7, -0.6, -0.6, 0.2, 0.2, -1.0, -0.4, -0.9, -0.1, -0.7, -0.3, -0.3, -0.1, -0.4]"
20260813,19,6,2,56.3,"[[""2-1-6"", 0.0341], [""2-6-1"", 0.0317], [""2-1-3"", 0.0346], [""2-3-1"", 0.0297], [""2-6-3"", 0.0275], [""2-3-6"", 0.0254], [""2-1-5"", 0.0105]]",1,27.3,"[[""1-2-6"", 0.0324], [""1-6-2"", 0.028], [""1-2-3"", 0.0329], [""1-6-3"", 0.0211]]","[[""6-2-1"", 0.0288], [""6-1-2"", 0.0268], [""1-3-2"", 0.0264], [""3-2-1"", 0.0256]]",,,False,False,0.7866,強,"{""逃げ"": 69.8, ""まくり差し"": 9.5, ""まくり"": 8.4, ""差し"": 7.2, ""抜き"": 4.9, ""恵まれ"": 0.3}","[""0〜600円"", ""600〜750円"", ""750〜900円"", ""900〜1050円"", ""1050〜1220円"", ""1220〜1410円"", ""1410〜1640円"", ""1640〜1890円"", ""1890〜2200円"", ""2200〜2560円"", ""2560〜3020円"", ""3020〜3580円"", ""3580〜4290円"", ""4290〜5220円"", ""5220〜6490円"", ""6490〜8310円"", ""8310〜11220円"", ""11220〜16240円"", ""16240〜28268円"", ""28268円〜""]","[9.4, 7.8, 7.4, 5.2, 5.8, 5.3, 5.8, 4.8, 4.4, 4.2, 4.2, 4.5, 4.0, 3.9, 3.5, 3.5, 3.4, 4.0, 4.0, 4.8]","[4.4, 2.8, 2.4, 0.2, 0.8, 0.3, 0.8, -0.2, -0.6, -0.8, -0.8, -0.5, -1.0, -1.1, -1.5, -1.5, -1.6, -1.0, -1.0, -0.2]"
20260813,19,7,1,58.5,"[[""1-2-3"", 0.1297], [""1-2-6"", 0.0923], [""1-2-4"", 0.0579], [""1-2-5"", 0.0521]]",2,23.0,"[[""2-1-3"", 0.0754], [""2-1-6"", 0.0537], [""2-1-4"", 0.0337], [""2-1-5"", 0.0303]]","[[""1-3-2"", 0.0578], [""1-6-2"", 0.038], [""3-1-2"", 0.0264], [""1-4-2"", 0.0229]]",1-2,0.5697,True,True,0.8218,強,"{""逃げ"": 69.8, ""まくり差し"": 9.5, ""まくり"": 8.4, ""差し"": 7.2, ""抜き"": 4.9, ""恵まれ"": 0.3}","[""0〜600円"", ""600〜750円"", ""750〜900円"", ""900〜1050円"", ""1050〜1220円"", ""1220〜1410円"", ""1410〜1640円"", ""1640〜1890円"", ""1890〜2200円"", ""2200〜2560円"", ""2560〜3020円"", ""3020〜3580円"", ""3580〜4290円"", ""4290〜5220円"", ""5220〜6490円"", ""6490〜8310円"", ""8310〜11220円"", ""11220〜16240円"", ""16240〜28268円"", ""28268円〜""]","[9.4, 7.8, 7.4, 5.2, 5.8, 5.3, 5.8, 4.8, 4.4, 4.2, 4.2, 4.5, 4.0, 3.9, 3.5, 3.5, 3.4, 4.0, 4.0, 4.8]","[4.4, 2.8, 2.4, 0.2, 0.8, 0.3, 0.8, -0.2, -0.6, -0.8, -0.8, -0.5, -1.0, -1.1, -1.5, -1.5, -1.6, -1.0, -1.0, -0.2]"
20260813,19,8,1,50.6,"[[""1-3-4"", 0.1302], [""1-3-2"", 0.1196], [""1-3-6"", 0.061], [""1-3-5"", 0.0553]]",3,23.8,"[[""3-1-4"", 0.0848], [""3-1-2"", 0.0779], [""3-1-6"", 0.0397], [""3-1-5"", 0.0361]]","[[""1-4-3"", 0.041], [""1-2-3"", 0.0364], [""4-1-3"", 0.0192], [""3-4-1"", 0.0167]]",1-3,0.663,True,False,0.7866,中,"{""逃げ"": 56.4, ""差し"": 11.4, ""まくり"": 12.2, ""まくり差し"": 11.9, ""抜き"": 7.2, ""恵まれ"": 0.8}","[""0〜600円"", ""600〜750円"", ""750〜900円"", ""900〜1050円"", ""1050〜1220円"", ""1220〜1410円"", ""1410〜1640円"", ""1640〜1890円"", ""1890〜2200円"", ""2200〜2560円"", ""2560〜3020円"", ""3020〜3580円"", ""3580〜4290円"", ""4290〜5220円"", ""5220〜6490円"", ""6490〜8310円"", ""8310〜11220円"", ""11220〜16240円"", ""16240〜28268円"", ""28268円〜""]","[5.9, 6.2, 5.6, 5.0, 6.2, 5.4, 5.7, 4.4, 4.4, 5.2, 5.2, 4.0, 4.6, 4.1, 4.9, 4.3, 4.7, 4.7, 4.9, 4.6]","[0.9, 1.2, 0.6, -0.0, 1.2, 0.4, 0.7, -0.6, -0.6, 0.2, 0.2, -1.0, -0.4, -0.9, -0.1, -0.7, -0.3, -0.3, -0.1, -0.4]"
20260813,19,9,1,54.3,"[[""1-6-4"", 0.0509], [""1-4-6"", 0.0454], [""1-6-2"", 0.0491], [""1-6-3"", 0.0456], [""1-6-5"", 0.0437], [""1-2-6"", 0.041], [""1-3-6"", 0.0375], [""1-5-6"", 0.0357], [""1-4-2"", 0.0318]]",2,,"[[""2-1-6"", 0.0145], [""2-1-4"", 0.0106]]","[[""1-2-4"", 0.0298], [""1-4-3"", 0.0295], [""1-4-5"", 0.0283], [""1-3-4"", 0.0272]]",,,False,False,0.7866,中,"{""逃げ"": 56.4, ""差し"": 11.4, ""まくり"": 12.2, ""まくり差し"": 11.9, ""抜き"": 7.2, ""恵まれ"": 0.8}","[""0〜600円"", ""600〜750円"", ""750〜900円"", ""900〜1050円"", ""1050〜1220円"", ""1220〜1410円"", ""1410〜1640円"", ""1640〜1890円"", ""1890〜2200円"", ""2200〜2560円"", ""2560〜3020円"", ""3020〜3580円"", ""3580〜4290円"", ""4290〜5220円"", ""5220〜6490円"", ""6490〜8310円"", ""8310〜11220円"", ""11220〜16240円"", ""16240〜28268円"", ""28268円〜""]","[5.9, 6.2, 5.6, 5.0, 6.2, 5.4, 5.7, 4.4, 4.4, 5.2, 5.2, 4.0, 4.6, 4.1, 4.9, 4.3, 4.7, 4.7, 4.9, 4.6]","[0.9, 1.2, 0.6, -0.0, 1.2, 0.4, 0.7, -0.6, -0.6, 0.2, 0.2, -1.0, -0.4, -0.9, -0.1, -0.7, -0.3, -0.3, -0.1, -0.4]"
20260813,19,10,1,62.6,"[[""1-3-5"", 0.0805], [""1-3-2"", 0.0732], [""1-3-6"", 0.0554], [""1-3-4"", 0.0314]]",3,26.4,"[[""3-1-5"", 0.0344], [""3-1-2"", 0.0313], [""3-1-6"", 0.0237], [""3-1-4"", 0.0134]]","[[""1-5-3"", 0.0614], [""1-2-3"", 0.0515], [""1-6-3"", 0.0372], [""1-5-2"", 0.0311]]",1-3,0.3745,False,False,0.7866,中,"{""逃げ"": 56.4, ""差し"": 11.4, ""まくり"": 12.2, ""まくり差し"": 11.9, ""抜き"": 7.2, ""恵まれ"": 0.8}","[""0〜600円"", ""600〜750円"", ""750〜900円"", ""900〜1050円"", ""1050〜1220円"", ""1220〜1410円"", ""1410〜1640円"", ""1640〜1890円"", ""1890〜2200円"", ""2200〜2560円"", ""2560〜3020円"", ""3020〜3580円"", ""3580〜4290円"", ""4290〜5220円"", ""5220〜6490円"", ""6490〜8310円"", ""8310〜11220円"", ""11220〜16240円"", ""16240〜28268円"", ""28268円〜""]","[5.9, 6.2, 5.6, 5.0, 6.2, 5.4, 5.7, 4.4, 4.4, 5.2, 5.2, 4.0, 4.6, 4.1, 4.9, 4.3, 4.7, 4.7, 4.9, 4.6]","[0.9, 1.2, 0.6, -0.0, 1.2, 0.4, 0.7, -0.6, -0.6, 0.2, 0.2, -1.0, -0.4, -0.9, -0.1, -0.7, -0.3, -0.3, -0.1, -0.4]"
20260813,19,11,1,61.3,"[[""1-2-4"", 0.1374], [""1-2-3"", 0.0873], [""1-2-6"", 0.0477], [""1-2-5"", 0.0421]]",2,30.4,"[[""2-1-4"", 0.0347], [""2-1-3"", 0.0221], [""2-1-6"", 0.0121], [""2-1-5"", 0.0106]]","[[""1-4-2"", 0.1027], [""1-3-2"", 0.055], [""1-4-3"", 0.0388], [""1-3-4"", 0.0327]]",1-2,0.4408,False,False,0.7866,強,"{""逃げ"": 69.8, ""まくり差し"": 9.5, ""まくり"": 8.4, ""差し"": 7.2, ""抜き"": 4.9, ""恵まれ"": 0.3}","[""0〜600円"", ""600〜750円"", ""750〜900円"", ""900〜1050円"", ""1050〜1220円"", ""1220〜1410円"", ""1410〜1640円"", ""1640〜1890円"", ""1890〜2200円"", ""2200〜2560円"", ""2560〜3020円"", ""3020〜3580円"", ""3580〜4290円"", ""4290〜5220円"", ""5220〜6490円"", ""6490〜8310円"", ""8310〜11220円"", ""11220〜16240円"", ""16240〜28268円"", ""28268円〜""]","[9.4, 7.8, 7.4, 5.2, 5.8, 5.3, 5.8, 4.8, 4.4, 4.2, 4.2, 4.5, 4.0, 3.9, 3.5, 3.5, 3.4, 4.0, 4.0, 4.8]","[4.4, 2.8, 2.4, 0.2, 0.8, 0.3, 0.8, -0.2, -0.6, -0.8, -0.8, -0.5, -1.0, -1.1, -1.5, -1.5, -1.6, -1.0, -1.0, -0.2]"
20260813,19,12,1,59.0,"[[""1-2-4"", 0.0661], [""1-4-2"", 0.0614], [""1-2-6"", 0.0626], [""1-6-2"", 0.0537], [""1-4-6"", 0.0478], [""1-2-5"", 0.0468], [""1-2-3"", 0.0447], [""1-6-4"", 0.0441], [""1-5-2"", 0.0379]]",2,27.4,"[[""2-1-4"", 0.0146], [""2-1-6"", 0.0139], [""2-1-5"", 0.0104]]","[[""1-3-2"", 0.036], [""1-4-5"", 0.0357], [""1-4-3"", 0.0341], [""1-5-4"", 0.0312]]",,,False,False,0.7866,強,"{""逃げ"": 69.8, ""まくり差し"": 9.5, ""まくり"": 8.4, ""差し"": 7.2, ""抜き"": 4.9, ""恵まれ"": 0.3}","[""0〜600円"", ""600〜750円"", ""750〜900円"", ""900〜1050円"", ""1050〜1220円"", ""1220〜1410円"", ""1410〜1640円"", ""1640〜1890円"", ""1890〜2200円"", ""2200〜2560円"", ""2560〜3020円"", ""3020〜3580円"", ""3580〜4290円"", ""4290〜5220円"", ""5220〜6490円"", ""6490〜8310円"", ""8310〜11220円"", ""11220〜16240円"", ""16240〜28268円"", ""28268円〜""]","[9.4, 7.8, 7.4, 5.2, 5.8, 5.3, 5.8, 4.8, 4.4, 4.2, 4.2, 4.5, 4.0, 3.9, 3.5, 3.5, 3.4, 4.0, 4.0, 4.8]","[4.4, 2.8, 2.4, 0.2, 0.8, 0.3, 0.8, -0.2, -0.6, -0.8, -0.8, -0.5, -1.0, -1.1, -1.5, -1.5, -1.6, -1.0, -1.0, -0.2]"
20260813,21,1,1,57.3,"[[""1-3-4"", 0.0786], [""1-3-2"", 0.0989], [""1-4-3"", 0.0658], [""1-2-3"", 0.0824], [""1-4-2"", 0.0546], [""1-2-4"", 0.0544], [""1-3-5"", 0.0544], [""1-5-3"", 0.0397], [""1-4-5"", 0.03]]",3,45.3,"[[""3-1-4"", 0.0241], [""3-1-2"", 0.0303], [""3-1-5"", 0.0166]]","[[""1-2-5"", 0.0296], [""1-5-4"", 0.0262], [""1-5-2"", 0.0259], [""4-1-3"", 0.0194]]",,,False,False,0.7866,中,"{""逃げ"": 52.4, ""まくり"": 17.5, ""まくり差し"": 12.4, ""差し"": 9.8, ""抜き"": 6.9, ""恵まれ"": 1.0}","[""0〜600円"", ""600〜750円"", ""750〜900円"", ""900〜1050円"", ""1050〜1220円"", ""1220〜1410円"", ""1410〜1640円"", ""1640〜1890円"", ""1890〜2200円"", ""2200〜2560円"", ""2560〜3020円"", ""3020〜3580円"", ""3580〜4290円"", ""4290〜5220円"", ""5220〜6490円"", ""6490〜8310円"", ""8310〜11220円"", ""11220〜16240円"", ""16240〜28268円"", ""28268円〜""]","[5.0, 4.9, 5.7, 5.2, 6.4, 4.8, 5.3, 4.2, 3.9, 5.1, 3.5, 5.1, 4.4, 4.6, 4.6, 5.5, 5.3, 5.1, 5.0, 6.5]","[0.0, -0.1, 0.7, 0.2, 1.4, -0.2, 0.3, -0.8, -1.1, 0.1, -1.5, 0.1, -0.6, -0.4, -0.4, 0.5, 0.3, 0.1, 0.0, 1.5]"
20260813,21,2,1,44.9,"[[""1-4-3"", 0.0952], [""1-4-2"", 0.107], [""1-4-6"", 0.0588]]",4,28.8,"[[""4-1-3"", 0.0817], [""4-1-2"", 0.0918], [""4-1-6"", 0.0505]]","[[""1-3-4"", 0.0387], [""1-2-4"", 0.0426], [""4-3-1"", 0.0278], [""4-2-1"", 0.0307]]",1-4,0.5449,True,False,0.7866,中,"{""逃げ"": 52.4, ""まくり"": 17.5, ""まくり差し"": 12.4, ""差し"": 9.8, ""抜き"": 6.9, ""恵まれ"": 1.0}","[""0〜600円"", ""600〜750円"", ""750〜900円"", ""900〜1050円"", ""1050〜1220円"", ""1220〜1410円"", ""1410〜1640円"", ""1640〜1890円"", ""1890〜2200円"", ""2200〜2560円"", ""2560〜3020円"", ""3020〜3580円"", ""3580〜4290円"", ""4290〜5220円"", ""5220〜6490円"", ""6490〜8310円"", ""8310〜11220円"", ""11220〜16240円"", ""16240〜28268円"", ""28268円〜""]","[5.0, 4.9, 5.7, 5.2, 6.4, 4.8, 5.3, 4.2, 3.9, 5.1, 3.5, 5.1, 4.4, 4.6, 4.6, 5.5, 5.3, 5.1, 5.0, 6.5]","[0.0, -0.1, 0.7, 0.2, 1.4, -0.2, 0.3, -0.8, -1.1, 0.1, -1.5, 0.1, -0.6, -0.4, -0.4, 0.5, 0.3, 0.1, 0.0, 1.5]"
20260813,21,3,1,52.7,"[[""1-3-2"", 0.1362], [""1-3-5"", 0.168], [""1-3-6"", 0.0504], [""1-3-4"", 0.0189]]",3,33.3,"[[""3-1-2"", 0.0624], [""3-1-5"", 0.0769], [""3-1-6"", 0.0231]]","[[""1-2-3"", 0.0586], [""1-5-3"", 0.0719], [""2-1-3"", 0.022], [""5-1-3"", 0.0269]]",1-3,0.5983,True,False,0.7866,強,"{""逃げ"": 66.3, ""まくり"": 10.6, ""まくり差し"": 10.6, ""抜き"": 6.2, ""差し"": 5.4, ""恵まれ"": 0.9}","[""0〜600円"", ""600〜750円"", ""750〜900円"", ""900〜1050円"", ""1050〜1220円"", ""1220〜1410円"", ""1410〜1640円"", ""1640〜1890円"", ""1890〜2200円"", ""2200〜2560円"", ""2560〜3020円"", ""3020〜3580円"", ""3580〜4290円"", ""4290〜5220円"", ""5220〜6490円"", ""6490〜8310円"", ""8310〜11220円"", ""11220〜16240円"", ""16240〜28268円"", ""28268円〜""]","[8.7, 8.2, 6.0, 6.1, 6.2, 5.5, 5.4, 4.8, 4.2, 4.0, 4.3, 4.0, 3.6, 4.1, 3.3, 3.8, 4.3, 3.8, 3.9, 5.9]","[3.7, 3.2, 1.0, 1.1, 1.2, 0.5, 0.4, -0.2, -0.8, -1.0, -0.7, -1.0, -1.4, -0.9, -1.7, -1.2, -0.7, -1.2, -1.1, 0.9]"
20260813,21,4,1,65.5,"[[""1-6-5"", 0.0603], [""1-6-3"", 0.0754], [""1-5-6"", 0.0521], [""1-3-6"", 0.0649], [""1-6-2"", 0.0634], [""1-2-6"", 0.0522], [""1-5-3"", 0.044], [""1-3-5"", 0.0438], [""1-5-2"", 0.0369]]",6,31.8,"[[""6-1-5"", 0.0182], [""6-1-3"", 0.0228], [""6-1-2"", 0.0192]]","[[""1-3-2"", 0.0362], [""1-2-5"", 0.0352], [""1-2-3"", 0.0347], [""1-6-4"", 0.0203]]",,,False,False,0.7866,強,"{""逃げ"": 66.3, ""まくり"": 10.6, ""まくり差し"": 10.6, ""抜き"": 6.2, ""差し"": 5.4, ""恵まれ"": 0.9}","[""0〜600円"", ""600〜750円"", ""750〜900円"", ""900〜1050円"", ""1050〜1220円"", ""1220〜1410円"", ""1410〜1640円"", ""1640〜1890円"", ""1890〜2200円"", ""2200〜2560円"", ""2560〜3020円"", ""3020〜3580円"", ""3580〜4290円"", ""4290〜5220円"", ""5220〜6490円"", ""6490〜8310円"", ""8310〜11220円"", ""11220〜16240円"", ""16240〜28268円"", ""28268円〜""]","[8.7, 8.2, 6.0, 6.1, 6.2, 5.5, 5.4, 4.8, 4.2, 4.0, 4.3, 4.0, 3.6, 4.1, 3.3, 3.8, 4.3, 3.8, 3.9, 5.9]","[3.7, 3.2, 1.0, 1.1, 1.2, 0.5, 0.4, -0.2, -0.8, -1.0, -0.7, -1.0, -1.4, -0.9, -1.7, -1.2, -0.7, -1.2, -1.1, 0.9]"
20260813,21,5,1,57.6,"[[""1-2-3"", 0.1098], [""1-3-2"", 0.1059], [""1-2-5"", 0.0577], [""1-3-5"", 0.052], [""1-2-6"", 0.0322], [""1-3-6"", 0.029], [""1-2-4"", 0.0213], [""1-3-4"", 0.0192]]",3,31.4,"[[""3-1-2"", 0.0402], [""3-1-5"", 0.0197], [""3-1-6"", 0.011]]","[[""2-1-3"", 0.0421], [""1-5-2"", 0.0428], [""1-5-3"", 0.04], [""1-6-2"", 0.0222]]",,,False,True,0.8218,強,"{""逃げ"": 66.3, ""まくり"": 10.6, ""まくり差し"": 10.6, ""抜き"": 6.2, ""差し"": 5.4, ""恵まれ"": 0.9}","[""0〜600円"", ""600〜750円"", ""750〜900円"", ""900〜1050円"", ""1050〜1220円"", ""1220〜1410円"", ""1410〜1640円"", ""1640〜1890円"", ""1890〜2200円"", ""2200〜2560円"", ""2560〜3020円"", ""3020〜3580円"", ""3580〜4290円"", ""4290〜5220円"", ""5220〜6490円"", ""6490〜8310円"", ""8310〜11220円"", ""11220〜16240円"", ""16240〜28268円"", ""28268円〜""]","[8.7, 8.2, 6.0, 6.1, 6.2, 5.5, 5.4, 4.8, 4.2, 4.0, 4.3, 4.0, 3.6, 4.1, 3.3, 3.8, 4.3, 3.8, 3.9, 5.9]","[3.7, 3.2, 1.0, 1.1, 1.2, 0.5, 0.4, -0.2, -0.8, -1.0, -0.7, -1.0, -1.4, -0.9, -1.7, -1.2, -0.7, -1.2, -1.1, 0.9]"
20260813,21,6,3,54.0,"[[""3-2-1"", 0.0352], [""3-1-2"", 0.0345], [""3-2-4"", 0.0251], [""3-1-4"", 0.0235], [""3-2-5"", 0.0223], [""3-4-2"", 0.0209], [""3-1-5"", 0.0208], [""3-4-1"", 0.0199], [""3-5-2"", 0.0181]]",1,,"[[""1-3-2"", 0.03], [""1-2-3"", 0.0253], [""1-3-4"", 0.0205], [""1-3-5"", 0.0181], [""1-2-4"", 0.0121], [""1-2-5"", 0.0108]]","[[""2-3-1"", 0.0311], [""2-1-3"", 0.0256], [""2-3-4"", 0.0222], [""2-3-5"", 0.0197]]",,,False,True,0.8218,強,"{""逃げ"": 66.3, ""まくり"": 10.6, ""まくり差し"": 10.6, ""抜き"": 6.2, ""差し"": 5.4, ""恵まれ"": 0.9}","[""0〜600円"", ""600〜750円"", ""750〜900円"", ""900〜1050円"", ""1050〜1220円"", ""1220〜1410円"", ""1410〜1640円"", ""1640〜1890円"", ""1890〜2200円"", ""2200〜2560円"", ""2560〜3020円"", ""3020〜3580円"", ""3580〜4290円"", ""4290〜5220円"", ""5220〜6490円"", ""6490〜8310円"", ""8310〜11220円"", ""11220〜16240円"", ""16240〜28268円"", ""28268円〜""]","[8.7, 8.2, 6.0, 6.1, 6.2, 5.5, 5.4, 4.8, 4.2, 4.0, 4.3, 4.0, 3.6, 4.1, 3.3, 3.8, 4.3, 3.8, 3.9, 5.9]","[3.7, 3.2, 1.0, 1.1, 1.2, 0.5, 0.4, -0.2, -0.8, -1.0, -0.7, -1.0, -1.4, -0.9, -1.7, -1.2, -0.7, -1.2, -1.1, 0.9]"
20260813,21,7,1,41.5,"[[""1-2-5"", 0.0875], [""1-2-4"", 0.1108], [""1-2-3"", 0.0224], [""1-2-6"", 0.0132]]",2,38.0,"[[""2-1-5"", 0.0515], [""2-1-4"", 0.0652], [""2-1-3"", 0.0132]]","[[""1-5-2"", 0.0591], [""1-4-2"", 0.0748], [""5-1-2"", 0.0303], [""4-1-2"", 0.0383]]",1-2,0.4093,False,False,0.7866,弱,"{""逃げ"": 36.4, ""まくり"": 23.0, ""まくり差し"": 14.3, ""差し"": 16.5, ""抜き"": 8.6, ""恵まれ"": 1.0}","[""0〜600円"", ""600〜750円"", ""750〜900円"", ""900〜1050円"", ""1050〜1220円"", ""1220〜1410円"", ""1410〜1640円"", ""1640〜1890円"", ""1890〜2200円"", ""2200〜2560円"", ""2560〜3020円"", ""3020〜3580円"", ""3580〜4290円"", ""4290〜5220円"", ""5220〜6490円"", ""6490〜8310円"", ""8310〜11220円"", ""11220〜16240円"", ""16240〜28268円"", ""28268円〜""]","[1.0, 2.6, 3.2, 4.2, 4.7, 5.5, 6.2, 4.4, 5.1, 5.2, 5.1, 5.2, 4.9, 6.3, 6.6, 6.8, 6.0, 5.4, 6.3, 5.3]","[-4.0, -2.4, -1.8, -0.8, -0.3, 0.5, 1.2, -0.6, 0.1, 0.2, 0.1, 0.2, -0.1, 1.3, 1.6, 1.8, 1.0, 0.4, 1.3, 0.3]"
20260813,21,8,2,65.5,"[[""2-1-4"", 0.1012], [""2-1-5"", 0.0186], [""2-1-6"", 0.0185]]",4,45.7,"[[""4-2-1"", 0.0724], [""4-2-5"", 0.0109], [""4-2-6"", 0.0108]]","[[""1-2-4"", 0.0908], [""2-4-1"", 0.087], [""1-4-2"", 0.0657], [""4-1-2"", 0.0609]]",,,False,False,0.7866,強,"{""逃げ"": 66.3, ""まくり"": 10.6, ""まくり差し"": 10.6, ""抜き"": 6.2, ""差し"": 5.4, ""恵まれ"": 0.9}","[""0〜600円"", ""600〜750円"", ""750〜900円"", ""900〜1050円"", ""1050〜1220円"", ""1220〜1410円"", ""1410〜1640円"", ""1640〜1890円"", ""1890〜2200円"", ""2200〜2560円"", ""2560〜3020円"", ""3020〜3580円"", ""3580〜4290円"", ""4290〜5220円"", ""5220〜6490円"", ""6490〜8310円"", ""8310〜11220円"", ""11220〜16240円"", ""16240〜28268円"", ""28268円〜""]","[8.7, 8.2, 6.0, 6.1, 6.2, 5.5, 5.4, 4.8, 4.2, 4.0, 4.3, 4.0, 3.6, 4.1, 3.3, 3.8, 4.3, 3.8, 3.9, 5.9]","[3.7, 3.2, 1.0, 1.1, 1.2, 0.5, 0.4, -0.2, -0.8, -1.0, -0.7, -1.0, -1.4, -0.9, -1.7, -1.2, -0.7, -1.2, -1.1, 0.9]"
20260813,21,9,1,51.6,"[[""1-2-4"", 0.0872], [""1-2-3"", 0.0888], [""1-2-6"", 0.051], [""1-2-5"", 0.0459]]",2,22.4,"[[""2-1-4"", 0.0608], [""2-1-3"", 0.0619], [""2-1-6"", 0.0355], [""2-1-5"", 0.032]]","[[""1-4-2"", 0.0426], [""1-3-2"", 0.0419], [""4-1-2"", 0.0228], [""2-4-1"", 0.0196]]",1-2,0.5032,False,False,0.7866,中,"{""逃げ"": 52.4, ""まくり"": 17.5, ""まくり差し"": 12.4, ""差し"": 9.8, ""抜き"": 6.9, ""恵まれ"": 1.0}","[""0〜600円"", ""600〜750円"", ""750〜900円"", ""900〜1050円"", ""1050〜1220円"", ""1220〜1410円"", ""1410〜1640円"", ""1640〜1890円"", ""1890〜2200円"", ""2200〜2560円"", ""2560〜3020円"", ""3020〜3580円"", ""3580〜4290円"", ""4290〜5220円"", ""5220〜6490円"", ""6490〜8310円"", ""8310〜11220円"", ""11220〜16240円"", ""16240〜28268円"", ""28268円〜""]","[5.0, 4.9, 5.7, 5.2, 6.4, 4.8, 5.3, 4.2, 3.9, 5.1, 3.5, 5.1, 4.4, 4.6, 4.6, 5.5, 5.3, 5.1, 5.0, 6.5]","[0.0, -0.1, 0.7, 0.2, 1.4, -0.2, 0.3, -0.8, -1.1, 0.1, -1.5, 0.1, -0.6, -0.4, -0.4, 0.5, 0.3, 0.1, 0.0, 1.5]"
20260813,21,10,1,50.0,"[[""1-2-4"", 0.0856], [""1-2-3"", 0.0911], [""1-4-2"", 0.0668], [""1-3-2"", 0.0677], [""1-2-5"", 0.0492], [""1-4-3"", 0.0409], [""1-3-4"", 0.039], [""1-2-6"", 0.0344], [""1-5-2"", 0.033]]",2,32.7,"[[""2-1-4"", 0.0282], [""2-1-3"", 0.03], [""2-1-5"", 0.0162], [""2-1-6"", 0.0113]]","[[""4-1-2"", 0.0208], [""1-6-2"", 0.0223], [""1-4-5"", 0.0221], [""3-1-2"", 0.0209]]",,,False,False,0.7866,強,"{""逃げ"": 66.3, ""まくり"": 10.6, ""まくり差し"": 10.6, ""抜き"": 6.2, ""差し"": 5.4, ""恵まれ"": 0.9}","[""0〜600円"", ""600〜750円"", ""750〜900円"", ""900〜1050円"", ""1050〜1220円"", ""1220〜1410円"", ""1410〜1640円"", ""1640〜1890円"", ""1890〜2200円"", ""2200〜2560円"", ""2560〜3020円"", ""3020〜3580円"", ""3580〜4290円"", ""4290〜5220円"", ""5220〜6490円"", ""6490〜8310円"", ""8310〜11220円"", ""11220〜16240円"", ""16240〜28268円"", ""28268円〜""]","[8.7, 8.2, 6.0, 6.1, 6.2, 5.5, 5.4, 4.8, 4.2, 4.0, 4.3, 4.0, 3.6, 4.1, 3.3, 3.8, 4.3, 3.8, 3.9, 5.9]","[3.7, 3.2, 1.0, 1.1, 1.2, 0.5, 0.4, -0.2, -0.8, -1.0, -0.7, -1.0, -1.4, -0.9, -1.7, -1.2, -0.7, -1.2, -1.1, 0.9]"
20260813,21,11,1,51.0,"[[""1-2-3"", 0.1254], [""1-2-4"", 0.1081], [""1-2-6"", 0.0466], [""1-2-5"", 0.0407]]",2,28.8,"[[""2-1-3"", 0.0605], [""2-1-4"", 0.0521], [""2-1-6"", 0.0225], [""2-1-5"", 0.0196]]","[[""1-3-2"", 0.0682], [""1-4-2"", 0.055], [""3-1-2"", 0.0279], [""4-1-2"", 0.022]]",1-2,0.5156,True,True,0.8218,強,"{""逃げ"": 66.3, ""まくり"": 10.6, ""まくり差し"": 10.6, ""抜き"": 6.2, ""差し"": 5.4, ""恵まれ"": 0.9}","[""0〜600円"", ""600〜750円"", ""750〜900円"", ""900〜1050円"", ""1050〜1220円"", ""1220〜1410円"", ""1410〜1640円"", ""1640〜1890円"", ""1890〜2200円"", ""2200〜2560円"", ""2560〜3020円"", ""3020〜3580円"", ""3580〜4290円"", ""4290〜5220円"", ""5220〜6490円"", ""6490〜8310円"", ""8310〜11220円"", ""11220〜16240円"", ""16240〜28268円"", ""28268円〜""]","[8.7, 8.2, 6.0, 6.1, 6.2, 5.5, 5.4, 4.8, 4.2, 4.0, 4.3, 4.0, 3.6, 4.1, 3.3, 3.8, 4.3, 3.8, 3.9, 5.9]","[3.7, 3.2, 1.0, 1.1, 1.2, 0.5, 0.4, -0.2, -0.8, -1.0, -0.7, -1.0, -1.4, -0.9, -1.7, -1.2, -0.7, -1.2, -1.1, 0.9]"
20260813,21,12,1,44.4,"[[""1-2-4"", 0.0836], [""1-2-3"", 0.1021], [""1-2-5"", 0.0435], [""1-2-6"", 0.0129]]",2,23.8,"[[""2-1-4"", 0.033], [""2-1-3"", 0.0403], [""2-1-5"", 0.0172]]","[[""1-4-2"", 0.0659], [""1-3-2"", 0.0794], [""1-4-3"", 0.0481], [""1-3-4"", 0.0475]]",1-2,0.3691,False,False,0.7866,強,"{""逃げ"": 66.3, ""まくり"": 10.6, ""まくり差し"": 10.6, ""抜き"": 6.2, ""差し"": 5.4, ""恵まれ"": 0.9}","[""0〜600円"", ""600〜750円"", ""750〜900円"", ""900〜1050円"", ""1050〜1220円"", ""1220〜1410円"", ""1410〜1640円"", ""1640〜1890円"", ""1890〜2200円"", ""2200〜2560円"", ""2560〜3020円"", ""3020〜3580円"", ""3580〜4290円"", ""4290〜5220円"", ""5220〜6490円"", ""6490〜8310円"", ""8310〜11220円"", ""11220〜16240円"", ""16240〜28268円"", ""28268円〜""]","[8.7, 8.2, 6.0, 6.1, 6.2, 5.5, 5.4, 4.8, 4.2, 4.0, 4.3, 4.0, 3.6, 4.1, 3.3, 3.8, 4.3, 3.8, 3.9, 5.9]","[3.7, 3.2, 1.0, 1.1, 1.2, 0.5, 0.4, -0.2, -0.8, -1.0, -0.7, -1.0, -1.4, -0.9, -1.7, -1.2, -0.7, -1.2, -1.1, 0.9]"
20260813,22,1,1,53.5,"[[""1-2-3"", 0.1296], [""1-3-2"", 0.1103], [""1-2-4"", 0.1224], [""1-3-4"", 0.0756], [""1-2-5"", 0.0518], [""1-3-5"", 0.032]]",2,35.9,"[[""2-1-3"", 0.0182], [""2-1-4"", 0.0172]]","[[""1-4-2"", 0.0956], [""1-4-3"", 0.0695], [""1-5-2"", 0.0348], [""1-5-3"", 0.0253]]",,,False,True,0.8218,強,"{""逃げ"": 66.7, ""まくり"": 12.4, ""差し"": 8.3, ""抜き"": 6.7, ""まくり差し"": 5.0, ""恵まれ"": 1.0}","[""0〜600円"", ""600〜750円"", ""750〜900円"", ""900〜1050円"", ""1050〜1220円"", ""1220〜1410円"", ""1410〜1640円"", ""1640〜1890円"", ""1890〜2200円"", ""2200〜2560円"", ""2560〜3020円"", ""3020〜3580円"", ""3580〜4290円"", ""4290〜5220円"", ""5220〜6490円"", ""6490〜8310円"", ""8310〜11220円"", ""11220〜16240円"", ""16240〜28268円"", ""28268円〜""]","[10.2, 8.9, 7.0, 6.4, 5.3, 5.5, 4.9, 4.7, 4.3, 3.6, 4.7, 3.6, 3.0, 3.5, 3.9, 3.7, 3.9, 3.8, 3.8, 5.3]","[5.2, 3.9, 2.0, 1.4, 0.3, 0.5, -0.1, -0.3, -0.7, -1.4, -0.3, -1.4, -2.0, -1.5, -1.1, -1.3, -1.1, -1.2, -1.2, 0.3]"
20260813,22,2,1,52.1,"[[""1-5-2"", 0.0366], [""1-2-5"", 0.0362], [""1-5-3"", 0.0286], [""1-2-3"", 0.0277], [""1-5-4"", 0.0245], [""1-3-5"", 0.0241], [""1-2-4"", 0.0237], [""1-3-2"", 0.0235], [""1-4-5"", 0.0199]]",2,35.8,"[[""2-1-5"", 0.0317], [""2-5-1"", 0.0266], [""2-1-3"", 0.0243], [""2-1-4"", 0.0208], [""2-5-3"", 0.0144], [""2-5-4"", 0.0123]]","[[""5-1-2"", 0.0323], [""5-2-1"", 0.0267], [""5-1-3"", 0.0253], [""5-1-4"", 0.0216]]",,,False,False,0.7866,弱,"{""逃げ"": 35.2, ""まくり"": 27.9, ""差し"": 16.9, ""まくり差し"": 10.1, ""抜き"": 9.4, ""恵まれ"": 0.6}","[""0〜600円"", ""600〜750円"", ""750〜900円"", ""900〜1050円"", ""1050〜1220円"", ""1220〜1410円"", ""1410〜1640円"", ""1640〜1890円"", ""1890〜2200円"", ""2200〜2560円"", ""2560〜3020円"", ""3020〜3580円"", ""3580〜4290円"", ""4290〜5220円"", ""5220〜6490円"", ""6490〜8310円"", ""8310〜11220円"", ""11220〜16240円"", ""16240〜28268円"", ""28268円〜""]","[1.2, 2.5, 3.7, 3.4, 4.3, 4.7, 5.6, 6.6, 5.4, 6.0, 6.2, 6.4, 6.4, 7.1, 6.0, 5.8, 5.7, 5.4, 4.5, 3.6]","[-3.8, -2.5, -1.3, -1.6, -0.7, -0.3, 0.6, 1.6, 0.4, 1.0, 1.2, 1.4, 1.4, 2.1, 1.0, 0.8, 0.7, 0.4, -0.5, -1.4]"
20260813,22,3,3,62.0,"[[""3-1-2"", 0.102], [""3-1-5"", 0.0691], [""3-1-4"", 0.0559], [""3-1-6"", 0.0286]]",1,25.0,"[[""1-3-2"", 0.0796], [""1-3-5"", 0.054], [""1-3-4"", 0.0436], [""1-3-6"", 0.0223]]","[[""3-2-1"", 0.0505], [""2-3-1"", 0.0298], [""1-2-3"", 0.0293], [""3-5-1"", 0.0311]]",1-3,0.4945,False,True,0.8218,強,"{""逃げ"": 66.7, ""まくり"": 12.4, ""差し"": 8.3, ""抜き"": 6.7, ""まくり差し"": 5.0, ""恵まれ"": 1.0}","[""0〜600円"", ""600〜750円"", ""750〜900円"", ""900〜1050円"", ""1050〜1220円"", ""1220〜1410円"", ""1410〜1640円"", ""1640〜1890円"", ""1890〜2200円"", ""2200〜2560円"", ""2560〜3020円"", ""3020〜3580円"", ""3580〜4290円"", ""4290〜5220円"", ""5220〜6490円"", ""6490〜8310円"", ""8310〜11220円"", ""11220〜16240円"", ""16240〜28268円"", ""28268円〜""]","[10.2, 8.9, 7.0, 6.4, 5.3, 5.5, 4.9, 4.7, 4.3, 3.6, 4.7, 3.6, 3.0, 3.5, 3.9, 3.7, 3.9, 3.8, 3.8, 5.3]","[5.2, 3.9, 2.0, 1.4, 0.3, 0.5, -0.1, -0.3, -0.7, -1.4, -0.3, -1.4, -2.0, -1.5, -1.1, -1.3, -1.1, -1.2, -1.2, 0.3]"
20260813,22,4,1,58.7,"[[""1-3-2"", 0.0676], [""1-3-4"", 0.0499], [""1-3-6"", 0.0267], [""1-3-5"", 0.0175]]",3,23.2,"[[""3-1-2"", 0.0524], [""3-1-4"", 0.0387], [""3-1-6"", 0.0207], [""3-1-5"", 0.0135]]","[[""1-2-3"", 0.053], [""2-1-3"", 0.0366], [""3-2-1"", 0.0294], [""1-4-3"", 0.0338]]",1-3,0.3195,False,False,0.7866,弱,"{""逃げ"": 35.2, ""まくり"": 27.9, ""差し"": 16.9, ""まくり差し"": 10.1, ""抜き"": 9.4, ""恵まれ"": 0.6}","[""0〜600円"", ""600〜750円"", ""750〜900円"", ""900〜1050円"", ""1050〜1220円"", ""1220〜1410円"", ""1410〜1640円"", ""1640〜1890円"", ""1890〜2200円"", ""2200〜2560円"", ""2560〜3020円"", ""3020〜3580円"", ""3580〜4290円"", ""4290〜5220円"", ""5220〜6490円"", ""6490〜8310円"", ""8310〜11220円"", ""11220〜16240円"", ""16240〜28268円"", ""28268円〜""]","[1.2, 2.5, 3.7, 3.4, 4.3, 4.7, 5.6, 6.6, 5.4, 6.0, 6.2, 6.4, 6.4, 7.1, 6.0, 5.8, 5.7, 5.4, 4.5, 3.6]","[-3.8, -2.5, -1.3, -1.6, -0.7, -0.3, 0.6, 1.6, 0.4, 1.0, 1.2, 1.4, 1.4, 2.1, 1.0, 0.8, 0.7, 0.4, -0.5, -1.4]"
20260813,22,5,2,57.6,"[[""2-1-3"", 0.073], [""2-1-4"", 0.0486], [""2-1-5"", 0.023]]",1,,"[[""1-2-3"", 0.0581], [""1-2-4"", 0.0387], [""1-2-5"", 0.0183]]","[[""2-3-1"", 0.061], [""3-2-1"", 0.0446], [""1-3-2"", 0.0354], [""3-1-2"", 0.0325]]",1-2,0.3085,False,False,0.7866,強,"{""逃げ"": 66.7, ""まくり"": 12.4, ""差し"": 8.3, ""抜き"": 6.7, ""まくり差し"": 5.0, ""恵まれ"": 1.0}","[""0〜600円"", ""600〜750円"", ""750〜900円"", ""900〜1050円"", ""1050〜1220円"", ""1220〜1410円"", ""1410〜1640円"", ""1640〜1890円"", ""1890〜2200円"", ""2200〜2560円"", ""2560〜3020円"", ""3020〜3580円"", ""3580〜4290円"", ""4290〜5220円"", ""5220〜6490円"", ""6490〜8310円"", ""8310〜11220円"", ""11220〜16240円"", ""16240〜28268円"", ""28268円〜""]","[10.2, 8.9, 7.0, 6.4, 5.3, 5.5, 4.9, 4.7, 4.3, 3.6, 4.7, 3.6, 3.0, 3.5, 3.9, 3.7, 3.9, 3.8, 3.8, 5.3]","[5.2, 3.9, 2.0, 1.4, 0.3, 0.5, -0.1, -0.3, -0.7, -1.4, -0.3, -1.4, -2.0, -1.5, -1.1, -1.3, -1.1, -1.2, -1.2, 0.3]"
20260813,22,6,1,52.9,"[[""1-2-4"", 0.053], [""1-2-6"", 0.0498], [""1-2-3"", 0.0373]]",2,30.7,"[[""2-1-4"", 0.0436], [""2-1-6"", 0.041], [""2-1-3"", 0.0307]]","[[""1-4-2"", 0.0421], [""4-1-2"", 0.0307], [""1-6-2"", 0.0363], [""2-4-1"", 0.0268]]",1-2,0.2857,False,False,0.7866,弱,"{""逃げ"": 35.2, ""まくり"": 27.9, ""差し"": 16.9, ""まくり差し"": 10.1, ""抜き"": 9.4, ""恵まれ"": 0.6}","[""0〜600円"", ""600〜750円"", ""750〜900円"", ""900〜1050円"", ""1050〜1220円"", ""1220〜1410円"", ""1410〜1640円"", ""1640〜1890円"", ""1890〜2200円"", ""2200〜2560円"", ""2560〜3020円"", ""3020〜3580円"", ""3580〜4290円"", ""4290〜5220円"", ""5220〜6490円"", ""6490〜8310円"", ""8310〜11220円"", ""11220〜16240円"", ""16240〜28268円"", ""28268円〜""]","[1.2, 2.5, 3.7, 3.4, 4.3, 4.7, 5.6, 6.6, 5.4, 6.0, 6.2, 6.4, 6.4, 7.1, 6.0, 5.8, 5.7, 5.4, 4.5, 3.6]","[-3.8, -2.5, -1.3, -1.6, -0.7, -0.3, 0.6, 1.6, 0.4, 1.0, 1.2, 1.4, 1.4, 2.1, 1.0, 0.8, 0.7, 0.4, -0.5, -1.4]"
20260813,22,7,1,52.3,"[[""1-4-2"", 0.0556], [""1-2-4"", 0.0491], [""1-4-6"", 0.0536], [""1-6-4"", 0.0436], [""1-4-3"", 0.0358], [""1-2-6"", 0.0358], [""1-6-2"", 0.0329], [""1-3-4"", 0.0269], [""1-2-3"", 0.0239]]",2,46.0,"[[""2-1-4"", 0.028], [""2-1-6"", 0.0204], [""2-1-3"", 0.0136]]","[[""4-1-2"", 0.0333], [""4-1-6"", 0.0321], [""6-1-4"", 0.024], [""4-1-3"", 0.0214]]",,,False,False,0.7866,中,"{""逃げ"": 53.6, ""まくり"": 17.1, ""差し"": 12.1, ""まくり差し"": 8.3, ""抜き"": 8.6, ""恵まれ"": 0.3}","[""0〜600円"", ""600〜750円"", ""750〜900円"", ""900〜1050円"", ""1050〜1220円"", ""1220〜1410円"", ""1410〜1640円"", ""1640〜1890円"", ""1890〜2200円"", ""2200〜2560円"", ""2560〜3020円"", ""3020〜3580円"", ""3580〜4290円"", ""4290〜5220円"", ""5220〜6490円"", ""6490〜8310円"", ""8310〜11220円"", ""11220〜16240円"", ""16240〜28268円"", ""28268円〜""]","[6.2, 5.1, 5.3, 6.3, 5.2, 5.5, 5.6, 4.3, 4.7, 4.7, 4.5, 4.6, 5.2, 4.5, 4.7, 4.1, 4.6, 5.7, 5.1, 4.3]","[1.2, 0.1, 0.3, 1.3, 0.2, 0.5, 0.6, -0.7, -0.3, -0.3, -0.5, -0.4, 0.2, -0.5, -0.3, -0.9, -0.4, 0.7, 0.1, -0.7]"
20260813,22,8,1,55.6,"[[""1-6-4"", 0.0866], [""1-4-6"", 0.078], [""1-6-2"", 0.0698], [""1-6-5"", 0.0569], [""1-2-6"", 0.0559], [""1-6-3"", 0.0532], [""1-4-2"", 0.0487], [""1-5-6"", 0.044], [""1-2-4"", 0.0433]]",4,23.9,"[[""4-1-6"", 0.0095]]","[[""1-3-6"", 0.0408], [""1-4-5"", 0.0397], [""1-4-3"", 0.0371], [""1-5-4"", 0.034]]",,,False,False,0.7866,強,"{""逃げ"": 66.7, ""まくり"": 12.4, ""差し"": 8.3, ""抜き"": 6.7, ""まくり差し"": 5.0, ""恵まれ"": 1.0}","[""0〜600円"", ""600〜750円"", ""750〜900円"", ""900〜1050円"", ""1050〜1220円"", ""1220〜1410円"", ""1410〜1640円"", ""1640〜1890円"", ""1890〜2200円"", ""2200〜2560円"", ""2560〜3020円"", ""3020〜3580円"", ""3580〜4290円"", ""4290〜5220円"", ""5220〜6490円"", ""6490〜8310円"", ""8310〜11220円"", ""11220〜16240円"", ""16240〜28268円"", ""28268円〜""]","[10.2, 8.9, 7.0, 6.4, 5.3, 5.5, 4.9, 4.7, 4.3, 3.6, 4.7, 3.6, 3.0, 3.5, 3.9, 3.7, 3.9, 3.8, 3.8, 5.3]","[5.2, 3.9, 2.0, 1.4, 0.3, 0.5, -0.1, -0.3, -0.7, -1.4, -0.3, -1.4, -2.0, -1.5, -1.1, -1.3, -1.1, -1.2, -1.2, 0.3]"
20260813,22,9,1,47.4,"[[""1-2-3"", 0.119], [""1-2-5"", 0.0831], [""1-2-4"", 0.0464], [""1-2-6"", 0.0444]]",2,35.7,"[[""2-1-3"", 0.0326], [""2-1-5"", 0.0228], [""2-1-4"", 0.0127], [""2-1-6"", 0.0122]]","[[""1-3-2"", 0.0931], [""1-5-2"", 0.0565], [""1-3-5"", 0.0404], [""1-5-3"", 0.0351]]",1-2,0.4061,False,True,0.8218,強,"{""逃げ"": 66.7, ""まくり"": 12.4, ""差し"": 8.3, ""抜き"": 6.7, ""まくり差し"": 5.0, ""恵まれ"": 1.0}","[""0〜600円"", ""600〜750円"", ""750〜900円"", ""900〜1050円"", ""1050〜1220円"", ""1220〜1410円"", ""1410〜1640円"", ""1640〜1890円"", ""1890〜2200円"", ""2200〜2560円"", ""2560〜3020円"", ""3020〜3580円"", ""3580〜4290円"", ""4290〜5220円"", ""5220〜6490円"", ""6490〜8310円"", ""8310〜11220円"", ""11220〜16240円"", ""16240〜28268円"", ""28268円〜""]","[10.2, 8.9, 7.0, 6.4, 5.3, 5.5, 4.9, 4.7, 4.3, 3.6, 4.7, 3.6, 3.0, 3.5, 3.9, 3.7, 3.9, 3.8, 3.8, 5.3]","[5.2, 3.9, 2.0, 1.4, 0.3, 0.5, -0.1, -0.3, -0.7, -1.4, -0.3, -1.4, -2.0, -1.5, -1.1, -1.3, -1.1, -1.2, -1.2, 0.3]"
20260813,22,10,1,54.9,"[[""1-2-3"", 0.0758], [""1-2-5"", 0.0788], [""1-2-4"", 0.0777], [""1-2-6"", 0.0334]]",2,29.5,"[[""2-1-3"", 0.0276], [""2-1-5"", 0.0287], [""2-1-4"", 0.0283], [""2-1-6"", 0.0122]]","[[""1-3-2"", 0.0551], [""1-5-2"", 0.0554], [""1-4-2"", 0.0544], [""1-3-5"", 0.0266]]",1-2,0.3849,False,True,0.8218,強,"{""逃げ"": 66.7, ""まくり"": 12.4, ""差し"": 8.3, ""抜き"": 6.7, ""まくり差し"": 5.0, ""恵まれ"": 1.0}","[""0〜600円"", ""600〜750円"", ""750〜900円"", ""900〜1050円"", ""1050〜1220円"", ""1220〜1410円"", ""1410〜1640円"", ""1640〜1890円"", ""1890〜2200円"", ""2200〜2560円"", ""2560〜3020円"", ""3020〜3580円"", ""3580〜4290円"", ""4290〜5220円"", ""5220〜6490円"", ""6490〜8310円"", ""8310〜11220円"", ""11220〜16240円"", ""16240〜28268円"", ""28268円〜""]","[10.2, 8.9, 7.0, 6.4, 5.3, 5.5, 4.9, 4.7, 4.3, 3.6, 4.7, 3.6, 3.0, 3.5, 3.9, 3.7, 3.9, 3.8, 3.8, 5.3]","[5.2, 3.9, 2.0, 1.4, 0.3, 0.5, -0.1, -0.3, -0.7, -1.4, -0.3, -1.4, -2.0, -1.5, -1.1, -1.3, -1.1, -1.2, -1.2, 0.3]"
20260813,22,11,1,57.6,"[[""1-2-3"", 0.0893], [""1-3-2"", 0.0817], [""1-2-4"", 0.093], [""1-4-2"", 0.0806], [""1-3-4"", 0.0694], [""1-4-3"", 0.0658], [""1-2-6"", 0.0335], [""1-2-5"", 0.027], [""1-3-6"", 0.025]]",3,30.4,"[[""3-1-2"", 0.0193], [""3-1-4"", 0.0164]]","[[""2-1-3"", 0.0214], [""1-6-2"", 0.0242], [""2-1-4"", 0.0223], [""1-4-6"", 0.0203]]",,,False,True,0.8218,強,"{""逃げ"": 66.7, ""まくり"": 12.4, ""差し"": 8.3, ""抜き"": 6.7, ""まくり差し"": 5.0, ""恵まれ"": 1.0}","[""0〜600円"", ""600〜750円"", ""750〜900円"", ""900〜1050円"", ""1050〜1220円"", ""1220〜1410円"", ""1410〜1640円"", ""1640〜1890円"", ""1890〜2200円"", ""2200〜2560円"", ""2560〜3020円"", ""3020〜3580円"", ""3580〜4290円"", ""4290〜5220円"", ""5220〜6490円"", ""6490〜8310円"", ""8310〜11220円"", ""11220〜16240円"", ""16240〜28268円"", ""28268円〜""]","[10.2, 8.9, 7.0, 6.4, 5.3, 5.5, 4.9, 4.7, 4.3, 3.6, 4.7, 3.6, 3.0, 3.5, 3.9, 3.7, 3.9, 3.8, 3.8, 5.3]","[5.2, 3.9, 2.0, 1.4, 0.3, 0.5, -0.1, -0.3, -0.7, -1.4, -0.3, -1.4, -2.0, -1.5, -1.1, -1.3, -1.1, -1.2, -1.2, 0.3]"
20260813,22,12,1,62.0,"[[""1-2-3"", 0.1253], [""1-2-5"", 0.0835], [""1-2-4"", 0.0736], [""1-2-6"", 0.0258]]",2,25.2,"[[""2-1-3"", 0.0455], [""2-1-5"", 0.0303], [""2-1-4"", 0.0268]]","[[""1-3-2"", 0.0842], [""1-5-2"", 0.0493], [""1-4-2"", 0.0427], [""3-1-2"", 0.028]]",1-2,0.4573,False,True,0.8218,強,"{""逃げ"": 66.7, ""まくり"": 12.4, ""差し"": 8.3, ""抜き"": 6.7, ""まくり差し"": 5.0, ""恵まれ"": 1.0}","[""0〜600円"", ""600〜750円"", ""750〜900円"", ""900〜1050円"", ""1050〜1220円"", ""1220〜1410円"", ""1410〜1640円"", ""1640〜1890円"", ""1890〜2200円"", ""2200〜2560円"", ""2560〜3020円"", ""3020〜3580円"", ""3580〜4290円"", ""4290〜5220円"", ""5220〜6490円"", ""6490〜8310円"", ""8310〜11220円"", ""11220〜16240円"", ""16240〜28268円"", ""28268円〜""]","[10.2, 8.9, 7.0, 6.4, 5.3, 5.5, 4.9, 4.7, 4.3, 3.6, 4.7, 3.6, 3.0, 3.5, 3.9, 3.7, 3.9, 3.8, 3.8, 5.3]","[5.2, 3.9, 2.0, 1.4, 0.3, 0.5, -0.1, -0.3, -0.7, -1.4, -0.3, -1.4, -2.0, -1.5, -1.1, -1.3, -1.1, -1.2, -1.2, 0.3]"
20260813,23,1,1,45.0,"[[""1-3-4"", 0.062], [""1-3-2"", 0.0764], [""1-4-3"", 0.0535], [""1-2-3"", 0.0654], [""1-3-6"", 0.0592], [""1-3-5"", 0.0542], [""1-6-3"", 0.048], [""1-5-3"", 0.0433], [""1-4-2"", 0.0426]]",3,,"[[""3-1-4"", 0.009], [""3-1-2"", 0.0111]]","[[""1-2-4"", 0.0423], [""1-4-6"", 0.033], [""1-2-6"", 0.0317], [""1-6-4"", 0.031]]",,,False,False,0.7866,強,"{""逃げ"": 66.7, ""まくり差し"": 8.2, ""まくり"": 9.1, ""差し"": 9.2, ""抜き"": 5.8, ""恵まれ"": 1.0}","[""0〜600円"", ""600〜750円"", ""750〜900円"", ""900〜1050円"", ""1050〜1220円"", ""1220〜1410円"", ""1410〜1640円"", ""1640〜1890円"", ""1890〜2200円"", ""2200〜2560円"", ""2560〜3020円"", ""3020〜3580円"", ""3580〜4290円"", ""4290〜5220円"", ""5220〜6490円"", ""6490〜8310円"", ""8310〜11220円"", ""11220〜16240円"", ""16240〜28268円"", ""28268円〜""]","[10.8, 7.8, 6.5, 6.0, 6.2, 4.9, 4.9, 4.2, 4.2, 3.9, 4.5, 3.4, 4.1, 4.0, 3.7, 3.8, 3.7, 3.4, 4.0, 6.1]","[5.8, 2.8, 1.5, 1.0, 1.2, -0.1, -0.1, -0.8, -0.8, -1.1, -0.5, -1.6, -0.9, -1.0, -1.3, -1.2, -1.3, -1.6, -1.0, 1.1]"
20260813,23,2,2,53.0,"[[""2-1-3"", 0.1243], [""2-1-4"", 0.131], [""2-1-5"", 0.0679], [""2-1-6"", 0.0117]]",1,15.9,"[[""1-2-3"", 0.0859], [""1-2-4"", 0.0905], [""1-2-5"", 0.0469]]","[[""2-3-1"", 0.0455], [""2-4-1"", 0.047], [""3-2-1"", 0.0228], [""1-3-2"", 0.0208]]",1-2,0.6118,True,True,0.8218,強,"{""逃げ"": 66.7, ""まくり差し"": 8.2, ""まくり"": 9.1, ""差し"": 9.2, ""抜き"": 5.8, ""恵まれ"": 1.0}","[""0〜600円"", ""600〜750円"", ""750〜900円"", ""900〜1050円"", ""1050〜1220円"", ""1220〜1410円"", ""1410〜1640円"", ""1640〜1890円"", ""1890〜2200円"", ""2200〜2560円"", ""2560〜3020円"", ""3020〜3580円"", ""3580〜4290円"", ""4290〜5220円"", ""5220〜6490円"", ""6490〜8310円"", ""8310〜11220円"", ""11220〜16240円"", ""16240〜28268円"", ""28268円〜""]","[10.8, 7.8, 6.5, 6.0, 6.2, 4.9, 4.9, 4.2, 4.2, 3.9, 4.5, 3.4, 4.1, 4.0, 3.7, 3.8, 3.7, 3.4, 4.0, 6.1]","[5.8, 2.8, 1.5, 1.0, 1.2, -0.1, -0.1, -0.8, -0.8, -1.1, -0.5, -1.6, -0.9, -1.0, -1.3, -1.2, -1.3, -1.6, -1.0, 1.1]"
20260813,23,3,1,52.5,"[[""1-3-2"", 0.2602], [""1-3-4"", 0.1333], [""1-3-5"", 0.0869], [""1-3-6"", 0.0167]]",3,26.5,"[[""3-1-2"", 0.0993], [""3-1-4"", 0.0509], [""3-1-5"", 0.0332]]","[[""1-2-3"", 0.0642], [""1-4-3"", 0.0304], [""2-1-3"", 0.0196], [""1-5-3"", 0.0194]]",1-3,0.7649,True,True,0.8218,強,"{""逃げ"": 66.7, ""まくり差し"": 8.2, ""まくり"": 9.1, ""差し"": 9.2, ""抜き"": 5.8, ""恵まれ"": 1.0}","[""0〜600円"", ""600〜750円"", ""750〜900円"", ""900〜1050円"", ""1050〜1220円"", ""1220〜1410円"", ""1410〜1640円"", ""1640〜1890円"", ""1890〜2200円"", ""2200〜2560円"", ""2560〜3020円"", ""3020〜3580円"", ""3580〜4290円"", ""4290〜5220円"", ""5220〜6490円"", ""6490〜8310円"", ""8310〜11220円"", ""11220〜16240円"", ""16240〜28268円"", ""28268円〜""]","[10.8, 7.8, 6.5, 6.0, 6.2, 4.9, 4.9, 4.2, 4.2, 3.9, 4.5, 3.4, 4.1, 4.0, 3.7, 3.8, 3.7, 3.4, 4.0, 6.1]","[5.8, 2.8, 1.5, 1.0, 1.2, -0.1, -0.1, -0.8, -0.8, -1.1, -0.5, -1.6, -0.9, -1.0, -1.3, -1.2, -1.3, -1.6, -1.0, 1.1]"
20260813,23,4,1,51.1,"[[""1-4-6"", 0.0751], [""1-6-4"", 0.0728], [""1-4-2"", 0.0469], [""1-4-3"", 0.0432], [""1-6-2"", 0.0427], [""1-6-3"", 0.0393]]",6,25.9,"[[""6-1-4"", 0.0393], [""6-1-2"", 0.023], [""6-1-3"", 0.0212]]","[[""4-1-6"", 0.0411], [""1-2-4"", 0.0364], [""1-2-6"", 0.0342], [""1-3-4"", 0.033]]",,,False,False,0.7866,弱,"{""逃げ"": 35.6, ""まくり"": 20.4, ""まくり差し"": 16.0, ""差し"": 18.4, ""抜き"": 8.9, ""恵まれ"": 0.8}","[""0〜600円"", ""600〜750円"", ""750〜900円"", ""900〜1050円"", ""1050〜1220円"", ""1220〜1410円"", ""1410〜1640円"", ""1640〜1890円"", ""1890〜2200円"", ""2200〜2560円"", ""2560〜3020円"", ""3020〜3580円"", ""3580〜4290円"", ""4290〜5220円"", ""5220〜6490円"", ""6490〜8310円"", ""8310〜11220円"", ""11220〜16240円"", ""16240〜28268円"", ""28268円〜""]","[0.9, 2.2, 3.2, 3.8, 4.4, 5.5, 5.4, 4.1, 6.9, 5.6, 6.2, 6.1, 5.9, 6.0, 6.2, 6.0, 6.1, 5.6, 5.9, 3.9]","[-4.1, -2.8, -1.8, -1.2, -0.6, 0.5, 0.4, -0.9, 1.9, 0.6, 1.2, 1.1, 0.9, 1.0, 1.2, 1.0, 1.1, 0.6, 0.9, -1.1]"
20260813,23,5,2,48.1,"[[""2-1-4"", 0.0756], [""2-1-6"", 0.0913], [""2-1-3"", 0.0606], [""2-1-5"", 0.0471]]",1,28.1,"[[""1-2-4"", 0.0552], [""1-2-6"", 0.0666], [""1-2-3"", 0.0443], [""1-2-5"", 0.0344]]","[[""2-4-1"", 0.0348], [""2-6-1"", 0.0417], [""2-3-1"", 0.0265], [""4-2-1"", 0.0189]]",1-2,0.5104,True,False,0.7866,強,"{""逃げ"": 66.7, ""まくり差し"": 8.2, ""まくり"": 9.1, ""差し"": 9.2, ""抜き"": 5.8, ""恵まれ"": 1.0}","[""0〜600円"", ""600〜750円"", ""750〜900円"", ""900〜1050円"", ""1050〜1220円"", ""1220〜1410円"", ""1410〜1640円"", ""1640〜1890円"", ""1890〜2200円"", ""2200〜2560円"", ""2560〜3020円"", ""3020〜3580円"", ""3580〜4290円"", ""4290〜5220円"", ""5220〜6490円"", ""6490〜8310円"", ""8310〜11220円"", ""11220〜16240円"", ""16240〜28268円"", ""28268円〜""]","[10.8, 7.8, 6.5, 6.0, 6.2, 4.9, 4.9, 4.2, 4.2, 3.9, 4.5, 3.4, 4.1, 4.0, 3.7, 3.8, 3.7, 3.4, 4.0, 6.1]","[5.8, 2.8, 1.5, 1.0, 1.2, -0.1, -0.1, -0.8, -0.8, -1.1, -0.5, -1.6, -0.9, -1.0, -1.3, -1.2, -1.3, -1.6, -1.0, 1.1]"
20260813,23,6,1,50.0,"[[""1-6-5"", 0.0563], [""1-6-2"", 0.0408], [""1-6-3"", 0.0365], [""1-6-4"", 0.0291]]",6,29.1,"[[""6-1-5"", 0.0437], [""6-1-2"", 0.0317], [""6-1-3"", 0.0284], [""6-1-4"", 0.0226]]","[[""1-5-6"", 0.0419], [""5-1-6"", 0.0282], [""6-5-1"", 0.0237], [""1-2-6"", 0.0269]]",1-6,0.3163,False,False,0.7866,弱,"{""逃げ"": 35.6, ""まくり"": 20.4, ""まくり差し"": 16.0, ""差し"": 18.4, ""抜き"": 8.9, ""恵まれ"": 0.8}","[""0〜600円"", ""600〜750円"", ""750〜900円"", ""900〜1050円"", ""1050〜1220円"", ""1220〜1410円"", ""1410〜1640円"", ""1640〜1890円"", ""1890〜2200円"", ""2200〜2560円"", ""2560〜3020円"", ""3020〜3580円"", ""3580〜4290円"", ""4290〜5220円"", ""5220〜6490円"", ""6490〜8310円"", ""8310〜11220円"", ""11220〜16240円"", ""16240〜28268円"", ""28268円〜""]","[0.9, 2.2, 3.2, 3.8, 4.4, 5.5, 5.4, 4.1, 6.9, 5.6, 6.2, 6.1, 5.9, 6.0, 6.2, 6.0, 6.1, 5.6, 5.9, 3.9]","[-4.1, -2.8, -1.8, -1.2, -0.6, 0.5, 0.4, -0.9, 1.9, 0.6, 1.2, 1.1, 0.9, 1.0, 1.2, 1.0, 1.1, 0.6, 0.9, -1.1]"
20260813,23,7,2,57.8,"[[""2-3-1"", 0.1212], [""2-3-4"", 0.0169]]",3,30.2,"[[""3-2-1"", 0.1053], [""3-2-4"", 0.0147]]","[[""2-1-3"", 0.1189], [""1-2-3"", 0.1024], [""3-1-2"", 0.0811], [""1-3-2"", 0.0803]]",2-3,0.3281,False,True,0.8218,強,"{""逃げ"": 66.7, ""まくり差し"": 8.2, ""まくり"": 9.1, ""差し"": 9.2, ""抜き"": 5.8, ""恵まれ"": 1.0}","[""0〜600円"", ""600〜750円"", ""750〜900円"", ""900〜1050円"", ""1050〜1220円"", ""1220〜1410円"", ""1410〜1640円"", ""1640〜1890円"", ""1890〜2200円"", ""2200〜2560円"", ""2560〜3020円"", ""3020〜3580円"", ""3580〜4290円"", ""4290〜5220円"", ""5220〜6490円"", ""6490〜8310円"", ""8310〜11220円"", ""11220〜16240円"", ""16240〜28268円"", ""28268円〜""]","[10.8, 7.8, 6.5, 6.0, 6.2, 4.9, 4.9, 4.2, 4.2, 3.9, 4.5, 3.4, 4.1, 4.0, 3.7, 3.8, 3.7, 3.4, 4.0, 6.1]","[5.8, 2.8, 1.5, 1.0, 1.2, -0.1, -0.1, -0.8, -0.8, -1.1, -0.5, -1.6, -0.9, -1.0, -1.3, -1.2, -1.3, -1.6, -1.0, 1.1]"
20260813,23,8,6,58.5,"[[""6-1-3"", 0.0627], [""6-1-2"", 0.066], [""6-1-4"", 0.0172]]",1,52.3,"[[""1-6-3"", 0.0605], [""1-6-2"", 0.0636], [""1-6-4"", 0.0166]]","[[""6-3-1"", 0.0428], [""1-3-6"", 0.0394], [""3-6-1"", 0.0336], [""6-2-1"", 0.0427]]",1-6,0.327,False,False,0.7866,強,"{""逃げ"": 66.7, ""まくり差し"": 8.2, ""まくり"": 9.1, ""差し"": 9.2, ""抜き"": 5.8, ""恵まれ"": 1.0}","[""0〜600円"", ""600〜750円"", ""750〜900円"", ""900〜1050円"", ""1050〜1220円"", ""1220〜1410円"", ""1410〜1640円"", ""1640〜1890円"", ""1890〜2200円"", ""2200〜2560円"", ""2560〜3020円"", ""3020〜3580円"", ""3580〜4290円"", ""4290〜5220円"", ""5220〜6490円"", ""6490〜8310円"", ""8310〜11220円"", ""11220〜16240円"", ""16240〜28268円"", ""28268円〜""]","[10.8, 7.8, 6.5, 6.0, 6.2, 4.9, 4.9, 4.2, 4.2, 3.9, 4.5, 3.4, 4.1, 4.0, 3.7, 3.8, 3.7, 3.4, 4.0, 6.1]","[5.8, 2.8, 1.5, 1.0, 1.2, -0.1, -0.1, -0.8, -0.8, -1.1, -0.5, -1.6, -0.9, -1.0, -1.3, -1.2, -1.3, -1.6, -1.0, 1.1]"
20260813,23,9,1,53.7,"[[""1-6-2"", 0.0807], [""1-6-5"", 0.0448], [""1-6-4"", 0.026], [""1-6-3"", 0.0153]]",2,53.1,"[[""2-1-6"", 0.0456], [""2-1-5"", 0.0191], [""2-1-4"", 0.0111]]","[[""1-2-6"", 0.0686], [""6-1-2"", 0.0576], [""6-2-1"", 0.0308], [""2-6-1"", 0.0287]]",,,False,False,0.7866,弱,"{""逃げ"": 35.6, ""まくり"": 20.4, ""まくり差し"": 16.0, ""差し"": 18.4, ""抜き"": 8.9, ""恵まれ"": 0.8}","[""0〜600円"", ""600〜750円"", ""750〜900円"", ""900〜1050円"", ""1050〜1220円"", ""1220〜1410円"", ""1410〜1640円"", ""1640〜1890円"", ""1890〜2200円"", ""2200〜2560円"", ""2560〜3020円"", ""3020〜3580円"", ""3580〜4290円"", ""4290〜5220円"", ""5220〜6490円"", ""6490〜8310円"", ""8310〜11220円"", ""11220〜16240円"", ""16240〜28268円"", ""28268円〜""]","[0.9, 2.2, 3.2, 3.8, 4.4, 5.5, 5.4, 4.1, 6.9, 5.6, 6.2, 6.1, 5.9, 6.0, 6.2, 6.0, 6.1, 5.6, 5.9, 3.9]","[-4.1, -2.8, -1.8, -1.2, -0.6, 0.5, 0.4, -0.9, 1.9, 0.6, 1.2, 1.1, 0.9, 1.0, 1.2, 1.0, 1.1, 0.6, 0.9, -1.1]"
20260813,23,10,1,55.2,"[[""1-3-2"", 0.1375], [""1-3-4"", 0.0576], [""1-3-5"", 0.028], [""1-3-6"", 0.0111]]",3,28.4,"[[""3-1-2"", 0.073], [""3-1-4"", 0.0306], [""3-1-5"", 0.0149]]","[[""1-2-3"", 0.1127], [""2-1-3"", 0.0563], [""1-4-3"", 0.0352], [""1-2-4"", 0.0351]]",1-3,0.4041,False,True,0.8218,強,"{""逃げ"": 66.7, ""まくり差し"": 8.2, ""まくり"": 9.1, ""差し"": 9.2, ""抜き"": 5.8, ""恵まれ"": 1.0}","[""0〜600円"", ""600〜750円"", ""750〜900円"", ""900〜1050円"", ""1050〜1220円"", ""1220〜1410円"", ""1410〜1640円"", ""1640〜1890円"", ""1890〜2200円"", ""2200〜2560円"", ""2560〜3020円"", ""3020〜3580円"", ""3580〜4290円"", ""4290〜5220円"", ""5220〜6490円"", ""6490〜8310円"", ""8310〜11220円"", ""11220〜16240円"", ""16240〜28268円"", ""28268円〜""]","[10.8, 7.8, 6.5, 6.0, 6.2, 4.9, 4.9, 4.2, 4.2, 3.9, 4.5, 3.4, 4.1, 4.0, 3.7, 3.8, 3.7, 3.4, 4.0, 6.1]","[5.8, 2.8, 1.5, 1.0, 1.2, -0.1, -0.1, -0.8, -0.8, -1.1, -0.5, -1.6, -0.9, -1.0, -1.3, -1.2, -1.3, -1.6, -1.0, 1.1]"
20260813,23,11,1,54.0,"[[""1-2-3"", 0.1292], [""1-2-4"", 0.0935], [""1-2-5"", 0.0153]]",2,26.5,"[[""2-1-3"", 0.0501], [""2-1-4"", 0.0363]]","[[""1-3-2"", 0.1145], [""1-4-2"", 0.0687], [""1-3-4"", 0.0678], [""1-4-3"", 0.0562]]",1-2,0.3807,False,True,0.8218,強,"{""逃げ"": 66.7, ""まくり差し"": 8.2, ""まくり"": 9.1, ""差し"": 9.2, ""抜き"": 5.8, ""恵まれ"": 1.0}","[""0〜600円"", ""600〜750円"", ""750〜900円"", ""900〜1050円"", ""1050〜1220円"", ""1220〜1410円"", ""1410〜1640円"", ""1640〜1890円"", ""1890〜2200円"", ""2200〜2560円"", ""2560〜3020円"", ""3020〜3580円"", ""3580〜4290円"", ""4290〜5220円"", ""5220〜6490円"", ""6490〜8310円"", ""8310〜11220円"", ""11220〜16240円"", ""16240〜28268円"", ""28268円〜""]","[10.8, 7.8, 6.5, 6.0, 6.2, 4.9, 4.9, 4.2, 4.2, 3.9, 4.5, 3.4, 4.1, 4.0, 3.7, 3.8, 3.7, 3.4, 4.0, 6.1]","[5.8, 2.8, 1.5, 1.0, 1.2, -0.1, -0.1, -0.8, -0.8, -1.1, -0.5, -1.6, -0.9, -1.0, -1.3, -1.2, -1.3, -1.6, -1.0, 1.1]"
20260813,23,12,1,58.5,"[[""1-2-3"", 0.1765], [""1-2-4"", 0.1182], [""1-2-5"", 0.0504], [""1-2-6"", 0.0263]]",2,30.2,"[[""2-1-3"", 0.0371], [""2-1-4"", 0.0249], [""2-1-5"", 0.0106]]","[[""1-3-2"", 0.1177], [""1-4-2"", 0.0681], [""1-3-4"", 0.0403], [""1-4-3"", 0.0348]]",1-2,0.496,False,True,0.8218,強,"{""逃げ"": 66.7, ""まくり差し"": 8.2, ""まくり"": 9.1, ""差し"": 9.2, ""抜き"": 5.8, ""恵まれ"": 1.0}","[""0〜600円"", ""600〜750円"", ""750〜900円"", ""900〜1050円"", ""1050〜1220円"", ""1220〜1410円"", ""1410〜1640円"", ""1640〜1890円"", ""1890〜2200円"", ""2200〜2560円"", ""2560〜3020円"", ""3020〜3580円"", ""3580〜4290円"", ""4290〜5220円"", ""5220〜6490円"", ""6490〜8310円"", ""8310〜11220円"", ""11220〜16240円"", ""16240〜28268円"", ""28268円〜""]","[10.8, 7.8, 6.5, 6.0, 6.2, 4.9, 4.9, 4.2, 4.2, 3.9, 4.5, 3.4, 4.1, 4.0, 3.7, 3.8, 3.7, 3.4, 4.0, 6.1]","[5.8, 2.8, 1.5, 1.0, 1.2, -0.1, -0.1, -0.8, -0.8, -1.1, -0.5, -1.6, -0.9, -1.0, -1.3, -1.2, -1.3, -1.6, -1.0, 1.1]"
20260813,24,1,1,46.4,"[[""1-2-3"", 0.1518], [""1-2-4"", 0.0703], [""1-2-5"", 0.0196], [""1-2-6"", 0.0137]]",2,18.0,"[[""2-1-3"", 0.1242], [""2-1-4"", 0.0575], [""2-1-5"", 0.0161], [""2-1-6"", 0.0112]]","[[""1-3-2"", 0.0743], [""2-3-1"", 0.047], [""3-1-2"", 0.0461], [""3-2-1"", 0.0357]]",1-2,0.5242,True,True,0.8218,弱,"{""逃げ"": 41.4, ""差し"": 17.1, ""まくり"": 18.8, ""まくり差し"": 13.9, ""抜き"": 7.4, ""恵まれ"": 1.5}","[""0〜600円"", ""600〜750円"", ""750〜900円"", ""900〜1050円"", ""1050〜1220円"", ""1220〜1410円"", ""1410〜1640円"", ""1640〜1890円"", ""1890〜2200円"", ""2200〜2560円"", ""2560〜3020円"", ""3020〜3580円"", ""3580〜4290円"", ""4290〜5220円"", ""5220〜6490円"", ""6490〜8310円"", ""8310〜11220円"", ""11220〜16240円"", ""16240〜28268円"", ""28268円〜""]","[1.5, 3.6, 4.2, 3.8, 5.5, 5.9, 5.3, 5.3, 5.3, 5.7, 5.3, 5.9, 6.4, 5.1, 5.1, 6.2, 5.3, 5.2, 5.4, 3.9]","[-3.5, -1.4, -0.8, -1.2, 0.5, 0.9, 0.3, 0.3, 0.3, 0.7, 0.3, 0.9, 1.4, 0.1, 0.1, 1.2, 0.3, 0.2, 0.4, -1.1]"
20260813,24,2,1,56.2,"[[""1-2-3"", 0.0735], [""1-2-5"", 0.0739], [""1-2-6"", 0.0294]]",2,36.4,"[[""2-1-3"", 0.05], [""2-1-5"", 0.0502], [""2-1-6"", 0.02]]","[[""1-3-2"", 0.0568], [""1-5-2"", 0.0538], [""3-1-2"", 0.0346], [""1-3-5"", 0.0343]]",1-2,0.3378,False,True,0.8218,弱,"{""逃げ"": 41.4, ""差し"": 17.1, ""まくり"": 18.8, ""まくり差し"": 13.9, ""抜き"": 7.4, ""恵まれ"": 1.5}","[""0〜600円"", ""600〜750円"", ""750〜900円"", ""900〜1050円"", ""1050〜1220円"", ""1220〜1410円"", ""1410〜1640円"", ""1640〜1890円"", ""1890〜2200円"", ""2200〜2560円"", ""2560〜3020円"", ""3020〜3580円"", ""3580〜4290円"", ""4290〜5220円"", ""5220〜6490円"", ""6490〜8310円"", ""8310〜11220円"", ""11220〜16240円"", ""16240〜28268円"", ""28268円〜""]","[1.5, 3.6, 4.2, 3.8, 5.5, 5.9, 5.3, 5.3, 5.3, 5.7, 5.3, 5.9, 6.4, 5.1, 5.1, 6.2, 5.3, 5.2, 5.4, 3.9]","[-3.5, -1.4, -0.8, -1.2, 0.5, 0.9, 0.3, 0.3, 0.3, 0.7, 0.3, 0.9, 1.4, 0.1, 0.1, 1.2, 0.3, 0.2, 0.4, -1.1]"
20260813,24,3,1,40.0,"[[""1-4-3"", 0.109], [""1-4-2"", 0.0429], [""1-4-6"", 0.0384], [""1-4-5"", 0.0226]]",4,33.9,"[[""4-1-3"", 0.0905], [""4-1-2"", 0.0357], [""4-1-6"", 0.0319], [""4-1-5"", 0.0187]]","[[""1-3-4"", 0.0641], [""3-1-4"", 0.0424], [""4-3-1"", 0.0418], [""3-4-1"", 0.0333]]",1-4,0.4439,False,False,0.7866,弱,"{""逃げ"": 41.4, ""差し"": 17.1, ""まくり"": 18.8, ""まくり差し"": 13.9, ""抜き"": 7.4, ""恵まれ"": 1.5}","[""0〜600円"", ""600〜750円"", ""750〜900円"", ""900〜1050円"", ""1050〜1220円"", ""1220〜1410円"", ""1410〜1640円"", ""1640〜1890円"", ""1890〜2200円"", ""2200〜2560円"", ""2560〜3020円"", ""3020〜3580円"", ""3580〜4290円"", ""4290〜5220円"", ""5220〜6490円"", ""6490〜8310円"", ""8310〜11220円"", ""11220〜16240円"", ""16240〜28268円"", ""28268円〜""]","[1.5, 3.6, 4.2, 3.8, 5.5, 5.9, 5.3, 5.3, 5.3, 5.7, 5.3, 5.9, 6.4, 5.1, 5.1, 6.2, 5.3, 5.2, 5.4, 3.9]","[-3.5, -1.4, -0.8, -1.2, 0.5, 0.9, 0.3, 0.3, 0.3, 0.7, 0.3, 0.9, 1.4, 0.1, 0.1, 1.2, 0.3, 0.2, 0.4, -1.1]"
20260813,24,4,1,,"[[""1-4-2"", 0.0636], [""1-4-5"", 0.0502], [""1-4-3"", 0.0317], [""1-4-6"", 0.0298]]",4,22.7,"[[""4-1-2"", 0.0544], [""4-1-5"", 0.0429], [""4-1-3"", 0.0271], [""4-1-6"", 0.0255]]","[[""1-2-4"", 0.0417], [""4-2-1"", 0.0293], [""2-1-4"", 0.0289], [""2-4-1"", 0.0238]]",1-4,0.3573,False,False,0.7866,弱,"{""逃げ"": 41.4, ""差し"": 17.1, ""まくり"": 18.8, ""まくり差し"": 13.9, ""抜き"": 7.4, ""恵まれ"": 1.5}","[""0〜600円"", ""600〜750円"", ""750〜900円"", ""900〜1050円"", ""1050〜1220円"", ""1220〜1410円"", ""1410〜1640円"", ""1640〜1890円"", ""1890〜2200円"", ""2200〜2560円"", ""2560〜3020円"", ""3020〜3580円"", ""3580〜4290円"", ""4290〜5220円"", ""5220〜6490円"", ""6490〜8310円"", ""8310〜11220円"", ""11220〜16240円"", ""16240〜28268円"", ""28268円〜""]","[1.5, 3.6, 4.2, 3.8, 5.5, 5.9, 5.3, 5.3, 5.3, 5.7, 5.3, 5.9, 6.4, 5.1, 5.1, 6.2, 5.3, 5.2, 5.4, 3.9]","[-3.5, -1.4, -0.8, -1.2, 0.5, 0.9, 0.3, 0.3, 0.3, 0.7, 0.3, 0.9, 1.4, 0.1, 0.1, 1.2, 0.3, 0.2, 0.4, -1.1]"
20260813,24,5,1,47.4,"[[""1-2-4"", 0.0738], [""1-2-3"", 0.0889], [""1-2-6"", 0.0324], [""1-2-5"", 0.0216]]",2,31.1,"[[""2-1-4"", 0.055], [""2-1-3"", 0.0663], [""2-1-6"", 0.0242], [""2-1-5"", 0.0161]]","[[""1-4-2"", 0.0444], [""1-3-2"", 0.0528], [""4-1-2"", 0.0267], [""3-1-2"", 0.0316]]",1-2,0.4133,False,False,0.7866,弱,"{""逃げ"": 41.4, ""差し"": 17.1, ""まくり"": 18.8, ""まくり差し"": 13.9, ""抜き"": 7.4, ""恵まれ"": 1.5}","[""0〜600円"", ""600〜750円"", ""750〜900円"", ""900〜1050円"", ""1050〜1220円"", ""1220〜1410円"", ""1410〜1640円"", ""1640〜1890円"", ""1890〜2200円"", ""2200〜2560円"", ""2560〜3020円"", ""3020〜3580円"", ""3580〜4290円"", ""4290〜5220円"", ""5220〜6490円"", ""6490〜8310円"", ""8310〜11220円"", ""11220〜16240円"", ""16240〜28268円"", ""28268円〜""]","[1.5, 3.6, 4.2, 3.8, 5.5, 5.9, 5.3, 5.3, 5.3, 5.7, 5.3, 5.9, 6.4, 5.1, 5.1, 6.2, 5.3, 5.2, 5.4, 3.9]","[-3.5, -1.4, -0.8, -1.2, 0.5, 0.9, 0.3, 0.3, 0.3, 0.7, 0.3, 0.9, 1.4, 0.1, 0.1, 1.2, 0.3, 0.2, 0.4, -1.1]"
20260813,24,6,1,,"[[""1-3-2"", 0.0809], [""1-3-4"", 0.0539], [""1-3-6"", 0.0186], [""1-3-5"", 0.018]]",4,38.1,"[[""4-1-3"", 0.0227], [""4-1-2"", 0.0172]]","[[""1-2-3"", 0.0694], [""3-1-2"", 0.0554], [""2-1-3"", 0.0446], [""1-4-3"", 0.0385]]",,,False,True,0.8218,弱,"{""逃げ"": 41.4, ""差し"": 17.1, ""まくり"": 18.8, ""まくり差し"": 13.9, ""抜き"": 7.4, ""恵まれ"": 1.5}","[""0〜600円"", ""600〜750円"", ""750〜900円"", ""900〜1050円"", ""1050〜1220円"", ""1220〜1410円"", ""1410〜1640円"", ""1640〜1890円"", ""1890〜2200円"", ""2200〜2560円"", ""2560〜3020円"", ""3020〜3580円"", ""3580〜4290円"", ""4290〜5220円"", ""5220〜6490円"", ""6490〜8310円"", ""8310〜11220円"", ""11220〜16240円"", ""16240〜28268円"", ""28268円〜""]","[1.5, 3.6, 4.2, 3.8, 5.5, 5.9, 5.3, 5.3, 5.3, 5.7, 5.3, 5.9, 6.4, 5.1, 5.1, 6.2, 5.3, 5.2, 5.4, 3.9]","[-3.5, -1.4, -0.8, -1.2, 0.5, 0.9, 0.3, 0.3, 0.3, 0.7, 0.3, 0.9, 1.4, 0.1, 0.1, 1.2, 0.3, 0.2, 0.4, -1.1]"
20260813,24,7,1,50.9,"[[""1-2-4"", 0.167], [""1-2-3"", 0.1486], [""1-2-6"", 0.0183], [""1-2-5"", 0.0108]]",2,20.3,"[[""2-1-4"", 0.0574], [""2-1-3"", 0.0511]]","[[""1-4-2"", 0.0999], [""1-3-2"", 0.081], [""1-4-3"", 0.0398], [""4-1-2"", 0.0311]]",1-2,0.5241,True,False,0.7866,強,"{""逃げ"": 73.2, ""まくり差し"": 8.4, ""まくり"": 6.8, ""差し"": 6.2, ""抜き"": 4.5, ""恵まれ"": 0.8}","[""0〜600円"", ""600〜750円"", ""750〜900円"", ""900〜1050円"", ""1050〜1220円"", ""1220〜1410円"", ""1410〜1640円"", ""1640〜1890円"", ""1890〜2200円"", ""2200〜2560円"", ""2560〜3020円"", ""3020〜3580円"", ""3580〜4290円"", ""4290〜5220円"", ""5220〜6490円"", ""6490〜8310円"", ""8310〜11220円"", ""11220〜16240円"", ""16240〜28268円"", ""28268円〜""]","[10.9, 8.8, 7.4, 6.4, 6.1, 5.3, 6.0, 4.7, 4.6, 4.2, 4.1, 4.3, 3.9, 3.4, 2.9, 2.9, 3.0, 3.6, 3.1, 4.5]","[5.9, 3.8, 2.4, 1.4, 1.1, 0.3, 1.0, -0.3, -0.4, -0.8, -0.9, -0.7, -1.1, -1.6, -2.1, -2.1, -2.0, -1.4, -1.9, -0.5]"
20260813,24,8,1,52.8,"[[""1-2-3"", 0.1277], [""1-2-4"", 0.0228]]",2,33.7,"[[""2-1-3"", 0.1054], [""2-1-4"", 0.0188]]","[[""1-3-2"", 0.1165], [""3-1-2"", 0.0923], [""2-3-1"", 0.0704], [""3-2-1"", 0.0675]]",1-2,0.352,False,True,0.8218,弱,"{""逃げ"": 41.4, ""差し"": 17.1, ""まくり"": 18.8, ""まくり差し"": 13.9, ""抜き"": 7.4, ""恵まれ"": 1.5}","[""0〜600円"", ""600〜750円"", ""750〜900円"", ""900〜1050円"", ""1050〜1220円"", ""1220〜1410円"", ""1410〜1640円"", ""1640〜1890円"", ""1890〜2200円"", ""2200〜2560円"", ""2560〜3020円"", ""3020〜3580円"", ""3580〜4290円"", ""4290〜5220円"", ""5220〜6490円"", ""6490〜8310円"", ""8310〜11220円"", ""11220〜16240円"", ""16240〜28268円"", ""28268円〜""]","[1.5, 3.6, 4.2, 3.8, 5.5, 5.9, 5.3, 5.3, 5.3, 5.7, 5.3, 5.9, 6.4, 5.1, 5.1, 6.2, 5.3, 5.2, 5.4, 3.9]","[-3.5, -1.4, -0.8, -1.2, 0.5, 0.9, 0.3, 0.3, 0.3, 0.7, 0.3, 0.9, 1.4, 0.1, 0.1, 1.2, 0.3, 0.2, 0.4, -1.1]"
20260813,24,9,1,44.4,"[[""1-6-4"", 0.0786], [""1-4-6"", 0.0753], [""1-6-2"", 0.0598], [""1-6-5"", 0.056], [""1-4-2"", 0.0516], [""1-2-6"", 0.0497], [""1-4-5"", 0.0483], [""1-5-6"", 0.046], [""1-2-4"", 0.0448]]",4,,"[[""4-1-6"", 0.0139]]","[[""1-5-4"", 0.0414], [""1-6-3"", 0.0363], [""1-4-3"", 0.0313], [""1-3-6"", 0.028]]",,,False,False,0.7866,中,"{""逃げ"": 57.1, ""まくり"": 11.0, ""まくり差し"": 13.1, ""差し"": 10.9, ""抜き"": 6.8, ""恵まれ"": 1.0}","[""0〜600円"", ""600〜750円"", ""750〜900円"", ""900〜1050円"", ""1050〜1220円"", ""1220〜1410円"", ""1410〜1640円"", ""1640〜1890円"", ""1890〜2200円"", ""2200〜2560円"", ""2560〜3020円"", ""3020〜3580円"", ""3580〜4290円"", ""4290〜5220円"", ""5220〜6490円"", ""6490〜8310円"", ""8310〜11220円"", ""11220〜16240円"", ""16240〜28268円"", ""28268円〜""]","[6.8, 6.8, 6.9, 5.5, 4.9, 5.1, 5.0, 4.5, 3.9, 4.5, 4.8, 4.0, 4.5, 4.1, 4.5, 5.1, 5.0, 5.0, 4.0, 5.0]","[1.8, 1.8, 1.9, 0.5, -0.1, 0.1, 0.0, -0.5, -1.1, -0.5, -0.2, -1.0, -0.5, -0.9, -0.5, 0.1, -0.0, 0.0, -1.0, -0.0]"
20260813,24,10,1,58.0,"[[""1-2-3"", 0.0589], [""1-3-2"", 0.0545], [""1-2-4"", 0.0455], [""1-3-4"", 0.036], [""1-2-5"", 0.0226], [""1-3-5"", 0.0179], [""1-2-6"", 0.0107]]",2,28.3,"[[""2-1-3"", 0.0431], [""2-1-4"", 0.0333], [""2-1-5"", 0.0165]]","[[""3-1-2"", 0.0384], [""1-4-2"", 0.0362], [""2-3-1"", 0.0261], [""1-4-3"", 0.031]]",,,False,True,0.8218,弱,"{""逃げ"": 41.4, ""差し"": 17.1, ""まくり"": 18.8, ""まくり差し"": 13.9, ""抜き"": 7.4, ""恵まれ"": 1.5}","[""0〜600円"", ""600〜750円"", ""750〜900円"", ""900〜1050円"", ""1050〜1220円"", ""1220〜1410円"", ""1410〜1640円"", ""1640〜1890円"", ""1890〜2200円"", ""2200〜2560円"", ""2560〜3020円"", ""3020〜3580円"", ""3580〜4290円"", ""4290〜5220円"", ""5220〜6490円"", ""6490〜8310円"", ""8310〜11220円"", ""11220〜16240円"", ""16240〜28268円"", ""28268円〜""]","[1.5, 3.6, 4.2, 3.8, 5.5, 5.9, 5.3, 5.3, 5.3, 5.7, 5.3, 5.9, 6.4, 5.1, 5.1, 6.2, 5.3, 5.2, 5.4, 3.9]","[-3.5, -1.4, -0.8, -1.2, 0.5, 0.9, 0.3, 0.3, 0.3, 0.7, 0.3, 0.9, 1.4, 0.1, 0.1, 1.2, 0.3, 0.2, 0.4, -1.1]"
20260813,24,11,1,46.1,"[[""1-2-3"", 0.0693], [""1-3-2"", 0.0641], [""1-2-5"", 0.0757], [""1-5-2"", 0.0679], [""1-2-4"", 0.0635], [""1-3-5"", 0.0573], [""1-5-3"", 0.0554], [""1-4-2"", 0.0544], [""1-3-4"", 0.048]]",2,51.6,"[[""2-1-3"", 0.0164], [""2-1-5"", 0.0179], [""2-1-4"", 0.015]]","[[""1-4-3"", 0.0444], [""1-5-4"", 0.0418], [""1-4-5"", 0.0399], [""3-1-2"", 0.0149]]",,,False,True,0.8218,強,"{""逃げ"": 73.2, ""まくり差し"": 8.4, ""まくり"": 6.8, ""差し"": 6.2, ""抜き"": 4.5, ""恵まれ"": 0.8}","[""0〜600円"", ""600〜750円"", ""750〜900円"", ""900〜1050円"", ""1050〜1220円"", ""1220〜1410円"", ""1410〜1640円"", ""1640〜1890円"", ""1890〜2200円"", ""2200〜2560円"", ""2560〜3020円"", ""3020〜3580円"", ""3580〜4290円"", ""4290〜5220円"", ""5220〜6490円"", ""6490〜8310円"", ""8310〜11220円"", ""11220〜16240円"", ""16240〜28268円"", ""28268円〜""]","[10.9, 8.8, 7.4, 6.4, 6.1, 5.3, 6.0, 4.7, 4.6, 4.2, 4.1, 4.3, 3.9, 3.4, 2.9, 2.9, 3.0, 3.6, 3.1, 4.5]","[5.9, 3.8, 2.4, 1.4, 1.1, 0.3, 1.0, -0.3, -0.4, -0.8, -0.9, -0.7, -1.1, -1.6, -2.1, -2.1, -2.0, -1.4, -1.9, -0.5]"
20260813,24,12,1,54.7,"[[""1-2-3"", 0.0897], [""1-2-4"", 0.0941], [""1-2-5"", 0.0565], [""1-2-6"", 0.0476]]",3,27.5,"[[""3-1-2"", 0.0179]]","[[""1-3-2"", 0.0666], [""1-4-2"", 0.0674], [""1-5-2"", 0.0372], [""1-3-4"", 0.0354]]",,,False,True,0.8218,中,"{""逃げ"": 57.1, ""まくり"": 11.0, ""まくり差し"": 13.1, ""差し"": 10.9, ""抜き"": 6.8, ""恵まれ"": 1.0}","[""0〜600円"", ""600〜750円"", ""750〜900円"", ""900〜1050円"", ""1050〜1220円"", ""1220〜1410円"", ""1410〜1640円"", ""1640〜1890円"", ""1890〜2200円"", ""2200〜2560円"", ""2560〜3020円"", ""3020〜3580円"", ""3580〜4290円"", ""4290〜5220円"", ""5220〜6490円"", ""6490〜8310円"", ""8310〜11220円"", ""11220〜16240円"", ""16240〜28268円"", ""28268円〜""]","[6.8, 6.8, 6.9, 5.5, 4.9, 5.1, 5.0, 4.5, 3.9, 4.5, 4.8, 4.0, 4.5, 4.1, 4.5, 5.1, 5.0, 5.0, 4.0, 5.0]","[1.8, 1.8, 1.9, 0.5, -0.1, 0.1, 0.0, -0.5, -1.1, -0.5, -0.2, -1.0, -0.5, -0.9, -0.5, 0.1, -0.0, 0.0, -1.0, -0.0]"
