date,jcd,r,favorite_boat,favorite_nige_rate,scenario1_tickets,challenger_boat,challenger_makuri_rate,scenario2_tickets,scenario3_tickets,aligned_pair,aligned_pair_prob,aligned_pair_flag,knn_agree_trio,knn_trio_calibration_ratio,strength_bin,kimarite_dist,payout_bucket_labels,payout_bucket_pct,payout_bucket_deviation
20260905,01,1,1,48.7,"[[""1-4-6"", 0.0192], [""1-6-4"", 0.018], [""1-4-2"", 0.0205], [""1-2-4"", 0.0183], [""1-6-2"", 0.0161], [""1-4-3"", 0.0157], [""1-2-6"", 0.0153], [""1-3-4"", 0.0131], [""1-6-3"", 0.0123]]",4,44.2,"[[""4-1-6"", 0.0189], [""4-6-1"", 0.0173], [""4-1-2"", 0.0201], [""4-2-1"", 0.0175], [""4-1-3"", 0.0154], [""4-6-2"", 0.0145]]","[[""6-1-4"", 0.0169], [""6-4-1"", 0.0165], [""2-1-4"", 0.0165], [""2-4-1"", 0.0161]]",,,False,False,0.7852,弱,"{""逃げ"": 30.9, ""まくり"": 27.3, ""まくり差し"": 16.7, ""差し"": 17.1, ""抜き"": 7.2, ""恵まれ"": 0.9}","[""0〜600円"", ""600〜740円"", ""740〜890円"", ""890〜1050円"", ""1050〜1220円"", ""1220〜1410円"", ""1410〜1630円"", ""1630〜1890円"", ""1890〜2200円"", ""2200〜2560円"", ""2560〜3020円"", ""3020〜3570円"", ""3570〜4280円"", ""4280〜5210円"", ""5210〜6480円"", ""6480〜8300円"", ""8300〜11200円"", ""11200〜16230円"", ""16230〜28240円"", ""28240円〜""]","[0.4, 1.0, 1.4, 2.5, 3.3, 2.9, 4.0, 5.3, 5.7, 6.2, 4.9, 6.0, 6.8, 8.5, 8.3, 7.0, 6.8, 7.5, 6.5, 5.0]","[-4.6, -4.0, -3.6, -2.5, -1.7, -2.1, -1.0, 0.3, 0.7, 1.2, -0.1, 1.0, 1.8, 3.5, 3.3, 2.0, 1.8, 2.5, 1.5, 0.0]"
20260905,01,2,1,53.4,"[[""1-5-2"", 0.0277], [""1-2-5"", 0.0274], [""1-5-3"", 0.0311], [""1-3-5"", 0.0296], [""1-2-3"", 0.0295], [""1-3-2"", 0.0284], [""1-5-6"", 0.0258], [""1-2-6"", 0.0245], [""1-6-5"", 0.0235]]",2,35.0,"[[""2-1-5"", 0.0181], [""2-1-3"", 0.0195], [""2-1-6"", 0.0162], [""2-1-4"", 0.0103]]","[[""5-1-2"", 0.0185], [""1-6-2"", 0.0226], [""1-3-6"", 0.0208], [""5-1-3"", 0.0207]]",,,False,False,0.7852,弱,"{""逃げ"": 30.9, ""まくり"": 27.3, ""まくり差し"": 16.7, ""差し"": 17.1, ""抜き"": 7.2, ""恵まれ"": 0.9}","[""0〜600円"", ""600〜740円"", ""740〜890円"", ""890〜1050円"", ""1050〜1220円"", ""1220〜1410円"", ""1410〜1630円"", ""1630〜1890円"", ""1890〜2200円"", ""2200〜2560円"", ""2560〜3020円"", ""3020〜3570円"", ""3570〜4280円"", ""4280〜5210円"", ""5210〜6480円"", ""6480〜8300円"", ""8300〜11200円"", ""11200〜16230円"", ""16230〜28240円"", ""28240円〜""]","[0.4, 1.0, 1.4, 2.5, 3.3, 2.9, 4.0, 5.3, 5.7, 6.2, 4.9, 6.0, 6.8, 8.5, 8.3, 7.0, 6.8, 7.5, 6.5, 5.0]","[-4.6, -4.0, -3.6, -2.5, -1.7, -2.1, -1.0, 0.3, 0.7, 1.2, -0.1, 1.0, 1.8, 3.5, 3.3, 2.0, 1.8, 2.5, 1.5, 0.0]"
20260905,01,3,4,50.8,"[[""4-1-5"", 0.0298], [""4-5-1"", 0.0262], [""4-1-3"", 0.0324], [""4-1-2"", 0.0303], [""4-3-1"", 0.0273], [""4-2-1"", 0.0252], [""4-5-3"", 0.0202], [""4-3-5"", 0.0194], [""4-5-2"", 0.0189]]",1,21.7,"[[""1-4-5"", 0.024], [""1-4-3"", 0.0261], [""1-4-2"", 0.0244], [""1-4-6"", 0.011]]","[[""5-4-1"", 0.0197], [""1-5-4"", 0.0161], [""3-4-1"", 0.02], [""5-1-4"", 0.015]]",,,False,False,0.7852,強,"{""逃げ"": 64.8, ""まくり差し"": 12.0, ""まくり"": 11.0, ""差し"": 7.0, ""抜き"": 4.5, ""恵まれ"": 0.8}","[""0〜600円"", ""600〜740円"", ""740〜890円"", ""890〜1050円"", ""1050〜1220円"", ""1220〜1410円"", ""1410〜1630円"", ""1630〜1890円"", ""1890〜2200円"", ""2200〜2560円"", ""2560〜3020円"", ""3020〜3570円"", ""3570〜4280円"", ""4280〜5210円"", ""5210〜6480円"", ""6480〜8300円"", ""8300〜11200円"", ""11200〜16230円"", ""16230〜28240円"", ""28240円〜""]","[7.1, 6.7, 6.4, 5.9, 6.5, 5.6, 5.1, 5.6, 3.6, 4.2, 4.3, 4.1, 4.1, 4.4, 3.8, 3.6, 3.6, 4.7, 5.2, 5.4]","[2.1, 1.7, 1.4, 0.9, 1.5, 0.6, 0.1, 0.6, -1.4, -0.8, -0.7, -0.9, -0.9, -0.6, -1.2, -1.4, -1.4, -0.3, 0.2, 0.4]"
20260905,01,4,1,48.2,"[[""1-3-5"", 0.0205], [""1-5-3"", 0.0198], [""1-3-2"", 0.023], [""1-2-3"", 0.0214], [""1-3-6"", 0.0204], [""1-5-2"", 0.0198], [""1-2-5"", 0.0191], [""1-6-3"", 0.0185], [""1-5-6"", 0.0175]]",6,56.6,"[[""6-1-3"", 0.0138], [""6-1-5"", 0.0123], [""6-1-2"", 0.0108], [""6-3-1"", 0.0105]]","[[""3-1-5"", 0.0163], [""5-1-3"", 0.0154], [""3-1-2"", 0.0183], [""1-3-4"", 0.0166]]",,,False,False,0.7852,弱,"{""逃げ"": 30.9, ""まくり"": 27.3, ""まくり差し"": 16.7, ""差し"": 17.1, ""抜き"": 7.2, ""恵まれ"": 0.9}","[""0〜600円"", ""600〜740円"", ""740〜890円"", ""890〜1050円"", ""1050〜1220円"", ""1220〜1410円"", ""1410〜1630円"", ""1630〜1890円"", ""1890〜2200円"", ""2200〜2560円"", ""2560〜3020円"", ""3020〜3570円"", ""3570〜4280円"", ""4280〜5210円"", ""5210〜6480円"", ""6480〜8300円"", ""8300〜11200円"", ""11200〜16230円"", ""16230〜28240円"", ""28240円〜""]","[0.4, 1.0, 1.4, 2.5, 3.3, 2.9, 4.0, 5.3, 5.7, 6.2, 4.9, 6.0, 6.8, 8.5, 8.3, 7.0, 6.8, 7.5, 6.5, 5.0]","[-4.6, -4.0, -3.6, -2.5, -1.7, -2.1, -1.0, 0.3, 0.7, 1.2, -0.1, 1.0, 1.8, 3.5, 3.3, 2.0, 1.8, 2.5, 1.5, 0.0]"
20260905,01,5,1,49.6,"[[""1-3-2"", 0.1116], [""1-3-4"", 0.0439], [""1-3-5"", 0.0396]]",3,22.6,"[[""3-1-2"", 0.0674], [""3-1-4"", 0.0265], [""3-1-5"", 0.0239]]","[[""1-2-3"", 0.0976], [""2-1-3"", 0.0561], [""3-2-1"", 0.0293], [""2-3-1"", 0.0279]]",1-3,0.3587,False,True,0.8201,中,"{""逃げ"": 48.7, ""まくり"": 18.7, ""まくり差し"": 14.1, ""差し"": 11.4, ""抜き"": 6.2, ""恵まれ"": 1.0}","[""0〜600円"", ""600〜740円"", ""740〜890円"", ""890〜1050円"", ""1050〜1220円"", ""1220〜1410円"", ""1410〜1630円"", ""1630〜1890円"", ""1890〜2200円"", ""2200〜2560円"", ""2560〜3020円"", ""3020〜3570円"", ""3570〜4280円"", ""4280〜5210円"", ""5210〜6480円"", ""6480〜8300円"", ""8300〜11200円"", ""11200〜16230円"", ""16230〜28240円"", ""28240円〜""]","[2.6, 3.0, 5.0, 5.2, 5.1, 4.6, 4.7, 4.7, 5.0, 4.2, 4.9, 5.4, 4.9, 6.1, 5.6, 6.9, 5.5, 5.9, 5.4, 5.4]","[-2.4, -2.0, -0.0, 0.2, 0.1, -0.4, -0.3, -0.3, -0.0, -0.8, -0.1, 0.4, -0.1, 1.1, 0.6, 1.9, 0.5, 0.9, 0.4, 0.4]"
20260905,01,6,1,51.0,"[[""1-2-3"", 0.081], [""1-3-2"", 0.0734], [""1-2-5"", 0.0584], [""1-2-4"", 0.0565], [""1-2-6"", 0.049], [""1-5-2"", 0.0464], [""1-4-2"", 0.0447], [""1-3-5"", 0.0415], [""1-3-4"", 0.0402]]",2,22.4,"[[""2-1-3"", 0.0164], [""2-1-5"", 0.0118], [""2-1-4"", 0.0114]]","[[""1-6-2"", 0.0379], [""1-5-3"", 0.0364], [""1-4-3"", 0.035], [""1-3-6"", 0.0348]]",,,False,True,0.8201,中,"{""逃げ"": 48.7, ""まくり"": 18.7, ""まくり差し"": 14.1, ""差し"": 11.4, ""抜き"": 6.2, ""恵まれ"": 1.0}","[""0〜600円"", ""600〜740円"", ""740〜890円"", ""890〜1050円"", ""1050〜1220円"", ""1220〜1410円"", ""1410〜1630円"", ""1630〜1890円"", ""1890〜2200円"", ""2200〜2560円"", ""2560〜3020円"", ""3020〜3570円"", ""3570〜4280円"", ""4280〜5210円"", ""5210〜6480円"", ""6480〜8300円"", ""8300〜11200円"", ""11200〜16230円"", ""16230〜28240円"", ""28240円〜""]","[2.6, 3.0, 5.0, 5.2, 5.1, 4.6, 4.7, 4.7, 5.0, 4.2, 4.9, 5.4, 4.9, 6.1, 5.6, 6.9, 5.5, 5.9, 5.4, 5.4]","[-2.4, -2.0, -0.0, 0.2, 0.1, -0.4, -0.3, -0.3, -0.0, -0.8, -0.1, 0.4, -0.1, 1.1, 0.6, 1.9, 0.5, 0.9, 0.4, 0.4]"
20260905,01,7,1,55.3,"[[""1-3-2"", 0.0787], [""1-3-4"", 0.0831], [""1-3-5"", 0.0644], [""1-3-6"", 0.0383]]",3,19.3,"[[""3-1-2"", 0.0586], [""3-1-4"", 0.0619], [""3-1-5"", 0.048], [""3-1-6"", 0.0285]]","[[""1-2-3"", 0.038], [""1-4-3"", 0.0392], [""1-5-3"", 0.0295], [""2-1-3"", 0.0213]]",1-3,0.4917,False,True,0.8201,中,"{""逃げ"": 48.7, ""まくり"": 18.7, ""まくり差し"": 14.1, ""差し"": 11.4, ""抜き"": 6.2, ""恵まれ"": 1.0}","[""0〜600円"", ""600〜740円"", ""740〜890円"", ""890〜1050円"", ""1050〜1220円"", ""1220〜1410円"", ""1410〜1630円"", ""1630〜1890円"", ""1890〜2200円"", ""2200〜2560円"", ""2560〜3020円"", ""3020〜3570円"", ""3570〜4280円"", ""4280〜5210円"", ""5210〜6480円"", ""6480〜8300円"", ""8300〜11200円"", ""11200〜16230円"", ""16230〜28240円"", ""28240円〜""]","[2.6, 3.0, 5.0, 5.2, 5.1, 4.6, 4.7, 4.7, 5.0, 4.2, 4.9, 5.4, 4.9, 6.1, 5.6, 6.9, 5.5, 5.9, 5.4, 5.4]","[-2.4, -2.0, -0.0, 0.2, 0.1, -0.4, -0.3, -0.3, -0.0, -0.8, -0.1, 0.4, -0.1, 1.1, 0.6, 1.9, 0.5, 0.9, 0.4, 0.4]"
20260905,01,8,1,54.8,"[[""1-5-4"", 0.0624], [""1-5-2"", 0.0685], [""1-5-3"", 0.0664], [""1-4-5"", 0.049], [""1-2-5"", 0.0526], [""1-3-5"", 0.0506], [""1-5-6"", 0.0324], [""1-4-2"", 0.0288], [""1-2-4"", 0.0281]]",5,29.9,"[[""5-1-4"", 0.0243], [""5-1-2"", 0.0267], [""5-1-3"", 0.0258], [""5-1-6"", 0.0126]]","[[""1-4-3"", 0.0279], [""1-3-4"", 0.0271], [""1-2-3"", 0.0245], [""1-3-2"", 0.0244]]",,,False,True,0.8201,中,"{""逃げ"": 48.7, ""まくり"": 18.7, ""まくり差し"": 14.1, ""差し"": 11.4, ""抜き"": 6.2, ""恵まれ"": 1.0}","[""0〜600円"", ""600〜740円"", ""740〜890円"", ""890〜1050円"", ""1050〜1220円"", ""1220〜1410円"", ""1410〜1630円"", ""1630〜1890円"", ""1890〜2200円"", ""2200〜2560円"", ""2560〜3020円"", ""3020〜3570円"", ""3570〜4280円"", ""4280〜5210円"", ""5210〜6480円"", ""6480〜8300円"", ""8300〜11200円"", ""11200〜16230円"", ""16230〜28240円"", ""28240円〜""]","[2.6, 3.0, 5.0, 5.2, 5.1, 4.6, 4.7, 4.7, 5.0, 4.2, 4.9, 5.4, 4.9, 6.1, 5.6, 6.9, 5.5, 5.9, 5.4, 5.4]","[-2.4, -2.0, -0.0, 0.2, 0.1, -0.4, -0.3, -0.3, -0.0, -0.8, -0.1, 0.4, -0.1, 1.1, 0.6, 1.9, 0.5, 0.9, 0.4, 0.4]"
20260905,01,9,1,54.5,"[[""1-2-4"", 0.0517], [""1-2-3"", 0.0651], [""1-2-6"", 0.0209], [""1-2-5"", 0.0179]]",2,30.2,"[[""2-1-4"", 0.0489], [""2-1-3"", 0.0616], [""2-1-6"", 0.0198], [""2-1-5"", 0.017]]","[[""1-4-2"", 0.0334], [""1-3-2"", 0.0419], [""2-4-1"", 0.0295], [""2-3-1"", 0.037]]",1-2,0.3303,False,False,0.7852,中,"{""逃げ"": 48.7, ""まくり"": 18.7, ""まくり差し"": 14.1, ""差し"": 11.4, ""抜き"": 6.2, ""恵まれ"": 1.0}","[""0〜600円"", ""600〜740円"", ""740〜890円"", ""890〜1050円"", ""1050〜1220円"", ""1220〜1410円"", ""1410〜1630円"", ""1630〜1890円"", ""1890〜2200円"", ""2200〜2560円"", ""2560〜3020円"", ""3020〜3570円"", ""3570〜4280円"", ""4280〜5210円"", ""5210〜6480円"", ""6480〜8300円"", ""8300〜11200円"", ""11200〜16230円"", ""16230〜28240円"", ""28240円〜""]","[2.6, 3.0, 5.0, 5.2, 5.1, 4.6, 4.7, 4.7, 5.0, 4.2, 4.9, 5.4, 4.9, 6.1, 5.6, 6.9, 5.5, 5.9, 5.4, 5.4]","[-2.4, -2.0, -0.0, 0.2, 0.1, -0.4, -0.3, -0.3, -0.0, -0.8, -0.1, 0.4, -0.1, 1.1, 0.6, 1.9, 0.5, 0.9, 0.4, 0.4]"
20260905,01,10,2,54.6,"[[""2-1-4"", 0.0287], [""2-4-1"", 0.0278], [""2-1-3"", 0.0249], [""2-4-3"", 0.0222], [""2-3-1"", 0.0213], [""2-3-4"", 0.0197], [""2-1-5"", 0.0174], [""2-4-5"", 0.0155], [""2-5-1"", 0.0139]]",4,38.3,"[[""4-2-1"", 0.0254], [""4-1-2"", 0.0232], [""4-2-3"", 0.0203], [""4-3-2"", 0.0162], [""4-1-3"", 0.0153], [""4-2-5"", 0.0142]]","[[""1-2-4"", 0.0269], [""1-4-2"", 0.0238], [""1-2-3"", 0.0234], [""1-3-2"", 0.0184]]",,,False,False,0.7852,中,"{""逃げ"": 48.7, ""まくり"": 18.7, ""まくり差し"": 14.1, ""差し"": 11.4, ""抜き"": 6.2, ""恵まれ"": 1.0}","[""0〜600円"", ""600〜740円"", ""740〜890円"", ""890〜1050円"", ""1050〜1220円"", ""1220〜1410円"", ""1410〜1630円"", ""1630〜1890円"", ""1890〜2200円"", ""2200〜2560円"", ""2560〜3020円"", ""3020〜3570円"", ""3570〜4280円"", ""4280〜5210円"", ""5210〜6480円"", ""6480〜8300円"", ""8300〜11200円"", ""11200〜16230円"", ""16230〜28240円"", ""28240円〜""]","[2.6, 3.0, 5.0, 5.2, 5.1, 4.6, 4.7, 4.7, 5.0, 4.2, 4.9, 5.4, 4.9, 6.1, 5.6, 6.9, 5.5, 5.9, 5.4, 5.4]","[-2.4, -2.0, -0.0, 0.2, 0.1, -0.4, -0.3, -0.3, -0.0, -0.8, -0.1, 0.4, -0.1, 1.1, 0.6, 1.9, 0.5, 0.9, 0.4, 0.4]"
20260905,01,11,1,50.8,"[[""1-2-3"", 0.0771], [""1-3-2"", 0.0742], [""1-2-4"", 0.0635], [""1-3-4"", 0.056], [""1-4-2"", 0.054], [""1-4-3"", 0.0495], [""1-2-5"", 0.0438], [""1-3-5"", 0.0386], [""1-5-2"", 0.0346]]",2,56.6,"[[""2-1-3"", 0.0251], [""2-1-4"", 0.0207], [""2-1-5"", 0.0143]]","[[""1-5-3"", 0.0317], [""3-1-2"", 0.0239], [""1-4-5"", 0.0231], [""1-5-4"", 0.0214]]",,,False,True,0.8201,強,"{""逃げ"": 64.8, ""まくり差し"": 12.0, ""まくり"": 11.0, ""差し"": 7.0, ""抜き"": 4.5, ""恵まれ"": 0.8}","[""0〜600円"", ""600〜740円"", ""740〜890円"", ""890〜1050円"", ""1050〜1220円"", ""1220〜1410円"", ""1410〜1630円"", ""1630〜1890円"", ""1890〜2200円"", ""2200〜2560円"", ""2560〜3020円"", ""3020〜3570円"", ""3570〜4280円"", ""4280〜5210円"", ""5210〜6480円"", ""6480〜8300円"", ""8300〜11200円"", ""11200〜16230円"", ""16230〜28240円"", ""28240円〜""]","[7.1, 6.7, 6.4, 5.9, 6.5, 5.6, 5.1, 5.6, 3.6, 4.2, 4.3, 4.1, 4.1, 4.4, 3.8, 3.6, 3.6, 4.7, 5.2, 5.4]","[2.1, 1.7, 1.4, 0.9, 1.5, 0.6, 0.1, 0.6, -1.4, -0.8, -0.7, -0.9, -0.9, -0.6, -1.2, -1.4, -1.4, -0.3, 0.2, 0.4]"
20260905,01,12,1,55.0,"[[""1-3-2"", 0.0891], [""1-2-3"", 0.0743], [""1-3-5"", 0.068], [""1-3-4"", 0.0611], [""1-5-3"", 0.0502], [""1-4-3"", 0.0442], [""1-2-5"", 0.0384], [""1-2-4"", 0.0345], [""1-5-2"", 0.034]]",3,24.3,"[[""3-1-2"", 0.0324], [""3-1-5"", 0.0247], [""3-1-4"", 0.0222]]","[[""2-1-3"", 0.0258], [""1-4-2"", 0.0299], [""1-3-6"", 0.0222], [""1-5-4"", 0.0191]]",,,False,True,0.8201,強,"{""逃げ"": 64.8, ""まくり差し"": 12.0, ""まくり"": 11.0, ""差し"": 7.0, ""抜き"": 4.5, ""恵まれ"": 0.8}","[""0〜600円"", ""600〜740円"", ""740〜890円"", ""890〜1050円"", ""1050〜1220円"", ""1220〜1410円"", ""1410〜1630円"", ""1630〜1890円"", ""1890〜2200円"", ""2200〜2560円"", ""2560〜3020円"", ""3020〜3570円"", ""3570〜4280円"", ""4280〜5210円"", ""5210〜6480円"", ""6480〜8300円"", ""8300〜11200円"", ""11200〜16230円"", ""16230〜28240円"", ""28240円〜""]","[7.1, 6.7, 6.4, 5.9, 6.5, 5.6, 5.1, 5.6, 3.6, 4.2, 4.3, 4.1, 4.1, 4.4, 3.8, 3.6, 3.6, 4.7, 5.2, 5.4]","[2.1, 1.7, 1.4, 0.9, 1.5, 0.6, 0.1, 0.6, -1.4, -0.8, -0.7, -0.9, -0.9, -0.6, -1.2, -1.4, -1.4, -0.3, 0.2, 0.4]"
20260905,02,1,1,33.3,"[[""1-3-2"", 0.0611], [""1-2-3"", 0.052], [""1-3-6"", 0.044], [""1-3-4"", 0.0414], [""1-6-3"", 0.0326], [""1-4-3"", 0.0304], [""1-2-6"", 0.0264], [""1-2-4"", 0.0249], [""1-6-2"", 0.0231]]",3,45.2,"[[""3-1-2"", 0.04], [""3-1-6"", 0.0288], [""3-1-4"", 0.0271], [""3-1-5"", 0.0112]]","[[""2-1-3"", 0.0318], [""3-2-1"", 0.0198], [""2-3-1"", 0.0185], [""1-4-2"", 0.0215]]",,,False,True,0.8201,弱,"{""まくり"": 37.5, ""逃げ"": 24.7, ""差し"": 17.6, ""まくり差し"": 11.8, ""抜き"": 7.7, ""恵まれ"": 0.7}","[""0〜600円"", ""600〜740円"", ""740〜890円"", ""890〜1050円"", ""1050〜1220円"", ""1220〜1410円"", ""1410〜1630円"", ""1630〜1890円"", ""1890〜2200円"", ""2200〜2560円"", ""2560〜3020円"", ""3020〜3570円"", ""3570〜4280円"", ""4280〜5210円"", ""5210〜6480円"", ""6480〜8300円"", ""8300〜11200円"", ""11200〜16230円"", ""16230〜28240円"", ""28240円〜""]","[0.3, 0.5, 1.6, 2.3, 2.6, 3.4, 4.5, 6.0, 5.2, 6.3, 7.1, 7.2, 8.0, 6.1, 7.5, 7.8, 7.7, 6.8, 4.9, 4.1]","[-4.7, -4.5, -3.4, -2.7, -2.4, -1.6, -0.5, 1.0, 0.2, 1.3, 2.1, 2.2, 3.0, 1.1, 2.5, 2.8, 2.7, 1.8, -0.1, -0.9]"
20260905,02,2,1,54.4,"[[""1-2-6"", 0.0926], [""1-2-5"", 0.0655], [""1-2-3"", 0.0629], [""1-2-4"", 0.0549]]",2,25.8,"[[""2-1-6"", 0.0509], [""2-1-5"", 0.036], [""2-1-3"", 0.0346], [""2-1-4"", 0.0302]]","[[""1-6-2"", 0.054], [""1-5-2"", 0.0347], [""1-3-2"", 0.0332], [""6-1-2"", 0.025]]",1-2,0.4669,False,False,0.7852,中,"{""逃げ"": 39.0, ""まくり"": 24.3, ""まくり差し"": 12.6, ""差し"": 15.1, ""抜き"": 8.1, ""恵まれ"": 0.8}","[""0〜600円"", ""600〜740円"", ""740〜890円"", ""890〜1050円"", ""1050〜1220円"", ""1220〜1410円"", ""1410〜1630円"", ""1630〜1890円"", ""1890〜2200円"", ""2200〜2560円"", ""2560〜3020円"", ""3020〜3570円"", ""3570〜4280円"", ""4280〜5210円"", ""5210〜6480円"", ""6480〜8300円"", ""8300〜11200円"", ""11200〜16230円"", ""16230〜28240円"", ""28240円〜""]","[1.0, 2.0, 3.0, 3.5, 4.6, 4.2, 4.9, 5.4, 5.9, 6.2, 4.7, 5.7, 6.8, 5.9, 5.8, 7.2, 6.5, 6.0, 5.4, 5.2]","[-4.0, -3.0, -2.0, -1.5, -0.4, -0.8, -0.1, 0.4, 0.9, 1.2, -0.3, 0.7, 1.8, 0.9, 0.8, 2.2, 1.5, 1.0, 0.4, 0.2]"
20260905,02,3,1,49.5,"[[""1-4-5"", 0.0587], [""1-4-2"", 0.0355], [""1-4-3"", 0.0278]]",4,30.6,"[[""4-1-5"", 0.056], [""4-1-2"", 0.0339], [""4-1-3"", 0.0265]]","[[""1-5-4"", 0.0466], [""4-5-1"", 0.0416], [""5-1-4"", 0.039], [""5-4-1"", 0.0365]]",1-4,0.2809,False,False,0.7852,中,"{""逃げ"": 39.0, ""まくり"": 24.3, ""まくり差し"": 12.6, ""差し"": 15.1, ""抜き"": 8.1, ""恵まれ"": 0.8}","[""0〜600円"", ""600〜740円"", ""740〜890円"", ""890〜1050円"", ""1050〜1220円"", ""1220〜1410円"", ""1410〜1630円"", ""1630〜1890円"", ""1890〜2200円"", ""2200〜2560円"", ""2560〜3020円"", ""3020〜3570円"", ""3570〜4280円"", ""4280〜5210円"", ""5210〜6480円"", ""6480〜8300円"", ""8300〜11200円"", ""11200〜16230円"", ""16230〜28240円"", ""28240円〜""]","[1.0, 2.0, 3.0, 3.5, 4.6, 4.2, 4.9, 5.4, 5.9, 6.2, 4.7, 5.7, 6.8, 5.9, 5.8, 7.2, 6.5, 6.0, 5.4, 5.2]","[-4.0, -3.0, -2.0, -1.5, -0.4, -0.8, -0.1, 0.4, 0.9, 1.2, -0.3, 0.7, 1.8, 0.9, 0.8, 2.2, 1.5, 1.0, 0.4, 0.2]"
20260905,02,4,3,49.1,"[[""3-4-1"", 0.0379], [""3-4-5"", 0.0471], [""3-1-4"", 0.033], [""3-5-4"", 0.0408], [""3-4-2"", 0.029], [""3-1-5"", 0.029], [""3-5-1"", 0.0288], [""3-2-4"", 0.0225], [""3-1-2"", 0.0179]]",4,27.8,"[[""4-3-1"", 0.0279], [""4-3-5"", 0.0347], [""4-3-2"", 0.0214]]","[[""1-3-4"", 0.0227], [""5-3-4"", 0.0279], [""4-1-3"", 0.0166], [""4-5-3"", 0.0205]]",,,False,False,0.7852,強,"{""逃げ"": 56.1, ""まくり"": 16.0, ""まくり差し"": 10.4, ""差し"": 10.4, ""抜き"": 6.4, ""恵まれ"": 0.8}","[""0〜600円"", ""600〜740円"", ""740〜890円"", ""890〜1050円"", ""1050〜1220円"", ""1220〜1410円"", ""1410〜1630円"", ""1630〜1890円"", ""1890〜2200円"", ""2200〜2560円"", ""2560〜3020円"", ""3020〜3570円"", ""3570〜4280円"", ""4280〜5210円"", ""5210〜6480円"", ""6480〜8300円"", ""8300〜11200円"", ""11200〜16230円"", ""16230〜28240円"", ""28240円〜""]","[2.5, 4.5, 5.1, 5.2, 5.6, 4.6, 5.2, 4.6, 5.3, 5.4, 5.2, 5.1, 4.5, 4.4, 4.7, 6.0, 5.8, 5.3, 5.6, 5.3]","[-2.5, -0.5, 0.1, 0.2, 0.6, -0.4, 0.2, -0.4, 0.3, 0.4, 0.2, 0.1, -0.5, -0.6, -0.3, 1.0, 0.8, 0.3, 0.6, 0.3]"
20260905,02,5,1,48.6,"[[""1-4-3"", 0.1238], [""1-4-2"", 0.1318], [""1-4-6"", 0.0391], [""1-4-5"", 0.0357]]",4,24.8,"[[""4-1-3"", 0.0627], [""4-1-2"", 0.0668], [""4-1-6"", 0.0198], [""4-1-5"", 0.0181]]","[[""1-3-4"", 0.0605], [""1-2-4"", 0.0623], [""3-1-4"", 0.0253], [""2-1-4"", 0.0257]]",1-4,0.5488,True,False,0.7852,強,"{""逃げ"": 56.1, ""まくり"": 16.0, ""まくり差し"": 10.4, ""差し"": 10.4, ""抜き"": 6.4, ""恵まれ"": 0.8}","[""0〜600円"", ""600〜740円"", ""740〜890円"", ""890〜1050円"", ""1050〜1220円"", ""1220〜1410円"", ""1410〜1630円"", ""1630〜1890円"", ""1890〜2200円"", ""2200〜2560円"", ""2560〜3020円"", ""3020〜3570円"", ""3570〜4280円"", ""4280〜5210円"", ""5210〜6480円"", ""6480〜8300円"", ""8300〜11200円"", ""11200〜16230円"", ""16230〜28240円"", ""28240円〜""]","[2.5, 4.5, 5.1, 5.2, 5.6, 4.6, 5.2, 4.6, 5.3, 5.4, 5.2, 5.1, 4.5, 4.4, 4.7, 6.0, 5.8, 5.3, 5.6, 5.3]","[-2.5, -0.5, 0.1, 0.2, 0.6, -0.4, 0.2, -0.4, 0.3, 0.4, 0.2, 0.1, -0.5, -0.6, -0.3, 1.0, 0.8, 0.3, 0.6, 0.3]"
20260905,02,6,2,55.6,"[[""2-3-1"", 0.0318], [""2-3-6"", 0.0311], [""2-1-3"", 0.0241], [""2-3-4"", 0.0249], [""2-3-5"", 0.0244], [""2-6-3"", 0.0225], [""2-4-3"", 0.0174], [""2-5-3"", 0.017], [""2-1-6"", 0.012]]",3,24.6,"[[""3-2-1"", 0.0303], [""3-2-6"", 0.0296], [""3-2-4"", 0.0238], [""3-2-5"", 0.0233]]","[[""3-1-2"", 0.0217], [""1-2-3"", 0.0195], [""1-3-2"", 0.0183], [""3-6-2"", 0.0203]]",,,False,True,0.8201,強,"{""逃げ"": 56.1, ""まくり"": 16.0, ""まくり差し"": 10.4, ""差し"": 10.4, ""抜き"": 6.4, ""恵まれ"": 0.8}","[""0〜600円"", ""600〜740円"", ""740〜890円"", ""890〜1050円"", ""1050〜1220円"", ""1220〜1410円"", ""1410〜1630円"", ""1630〜1890円"", ""1890〜2200円"", ""2200〜2560円"", ""2560〜3020円"", ""3020〜3570円"", ""3570〜4280円"", ""4280〜5210円"", ""5210〜6480円"", ""6480〜8300円"", ""8300〜11200円"", ""11200〜16230円"", ""16230〜28240円"", ""28240円〜""]","[2.5, 4.5, 5.1, 5.2, 5.6, 4.6, 5.2, 4.6, 5.3, 5.4, 5.2, 5.1, 4.5, 4.4, 4.7, 6.0, 5.8, 5.3, 5.6, 5.3]","[-2.5, -0.5, 0.1, 0.2, 0.6, -0.4, 0.2, -0.4, 0.3, 0.4, 0.2, 0.1, -0.5, -0.6, -0.3, 1.0, 0.8, 0.3, 0.6, 0.3]"
20260905,02,7,1,50.0,"[[""1-3-4"", 0.0875], [""1-4-3"", 0.0822], [""1-3-2"", 0.0676], [""1-2-3"", 0.0553], [""1-4-2"", 0.0547], [""1-3-5"", 0.0523], [""1-2-4"", 0.0477], [""1-3-6"", 0.0466], [""1-4-5"", 0.0423]]",4,45.2,"[[""4-1-3"", 0.0106]]","[[""1-5-3"", 0.0409], [""1-4-6"", 0.0377], [""1-6-3"", 0.0359], [""1-5-4"", 0.0353]]",,,False,False,0.7852,強,"{""逃げ"": 56.1, ""まくり"": 16.0, ""まくり差し"": 10.4, ""差し"": 10.4, ""抜き"": 6.4, ""恵まれ"": 0.8}","[""0〜600円"", ""600〜740円"", ""740〜890円"", ""890〜1050円"", ""1050〜1220円"", ""1220〜1410円"", ""1410〜1630円"", ""1630〜1890円"", ""1890〜2200円"", ""2200〜2560円"", ""2560〜3020円"", ""3020〜3570円"", ""3570〜4280円"", ""4280〜5210円"", ""5210〜6480円"", ""6480〜8300円"", ""8300〜11200円"", ""11200〜16230円"", ""16230〜28240円"", ""28240円〜""]","[2.5, 4.5, 5.1, 5.2, 5.6, 4.6, 5.2, 4.6, 5.3, 5.4, 5.2, 5.1, 4.5, 4.4, 4.7, 6.0, 5.8, 5.3, 5.6, 5.3]","[-2.5, -0.5, 0.1, 0.2, 0.6, -0.4, 0.2, -0.4, 0.3, 0.4, 0.2, 0.1, -0.5, -0.6, -0.3, 1.0, 0.8, 0.3, 0.6, 0.3]"
20260905,02,8,2,54.3,"[[""2-3-1"", 0.0929], [""2-1-3"", 0.0846], [""2-3-5"", 0.0789], [""2-1-5"", 0.0598], [""2-3-6"", 0.0234], [""2-3-4"", 0.0182], [""2-1-6"", 0.0178], [""2-1-4"", 0.0138]]",3,29.7,"[[""3-2-1"", 0.0391], [""3-2-5"", 0.0332]]","[[""2-5-3"", 0.0634], [""2-5-1"", 0.0527], [""1-2-3"", 0.0347], [""5-2-3"", 0.0251]]",,,False,True,0.8201,強,"{""逃げ"": 56.1, ""まくり"": 16.0, ""まくり差し"": 10.4, ""差し"": 10.4, ""抜き"": 6.4, ""恵まれ"": 0.8}","[""0〜600円"", ""600〜740円"", ""740〜890円"", ""890〜1050円"", ""1050〜1220円"", ""1220〜1410円"", ""1410〜1630円"", ""1630〜1890円"", ""1890〜2200円"", ""2200〜2560円"", ""2560〜3020円"", ""3020〜3570円"", ""3570〜4280円"", ""4280〜5210円"", ""5210〜6480円"", ""6480〜8300円"", ""8300〜11200円"", ""11200〜16230円"", ""16230〜28240円"", ""28240円〜""]","[2.5, 4.5, 5.1, 5.2, 5.6, 4.6, 5.2, 4.6, 5.3, 5.4, 5.2, 5.1, 4.5, 4.4, 4.7, 6.0, 5.8, 5.3, 5.6, 5.3]","[-2.5, -0.5, 0.1, 0.2, 0.6, -0.4, 0.2, -0.4, 0.3, 0.4, 0.2, 0.1, -0.5, -0.6, -0.3, 1.0, 0.8, 0.3, 0.6, 0.3]"
20260905,02,9,2,56.9,"[[""2-1-5"", 0.0684], [""2-1-4"", 0.063], [""2-1-3"", 0.0519], [""2-1-6"", 0.0121]]",1,21.7,"[[""1-2-5"", 0.0671], [""1-2-4"", 0.0618], [""1-2-3"", 0.0508], [""1-2-6"", 0.0118]]","[[""2-5-1"", 0.0352], [""1-5-2"", 0.0337], [""5-2-1"", 0.0248], [""5-1-2"", 0.0242]]",1-2,0.424,False,False,0.7852,強,"{""逃げ"": 56.1, ""まくり"": 16.0, ""まくり差し"": 10.4, ""差し"": 10.4, ""抜き"": 6.4, ""恵まれ"": 0.8}","[""0〜600円"", ""600〜740円"", ""740〜890円"", ""890〜1050円"", ""1050〜1220円"", ""1220〜1410円"", ""1410〜1630円"", ""1630〜1890円"", ""1890〜2200円"", ""2200〜2560円"", ""2560〜3020円"", ""3020〜3570円"", ""3570〜4280円"", ""4280〜5210円"", ""5210〜6480円"", ""6480〜8300円"", ""8300〜11200円"", ""11200〜16230円"", ""16230〜28240円"", ""28240円〜""]","[2.5, 4.5, 5.1, 5.2, 5.6, 4.6, 5.2, 4.6, 5.3, 5.4, 5.2, 5.1, 4.5, 4.4, 4.7, 6.0, 5.8, 5.3, 5.6, 5.3]","[-2.5, -0.5, 0.1, 0.2, 0.6, -0.4, 0.2, -0.4, 0.3, 0.4, 0.2, 0.1, -0.5, -0.6, -0.3, 1.0, 0.8, 0.3, 0.6, 0.3]"
20260905,02,10,1,50.0,"[[""1-3-6"", 0.0327], [""1-6-3"", 0.0293], [""1-3-2"", 0.0294], [""1-2-3"", 0.0236], [""1-6-2"", 0.0207], [""1-2-6"", 0.0186], [""1-3-4"", 0.0142], [""1-3-5"", 0.0109], [""1-4-3"", 0.0101]]",6,35.5,"[[""6-1-3"", 0.0268], [""6-3-1"", 0.0262], [""6-1-2"", 0.019], [""6-3-2"", 0.0177]]","[[""3-1-6"", 0.0322], [""3-6-1"", 0.0282], [""3-1-2"", 0.0289], [""3-2-1"", 0.0228]]",,,False,False,0.7852,弱,"{""まくり"": 37.5, ""逃げ"": 24.7, ""差し"": 17.6, ""まくり差し"": 11.8, ""抜き"": 7.7, ""恵まれ"": 0.7}","[""0〜600円"", ""600〜740円"", ""740〜890円"", ""890〜1050円"", ""1050〜1220円"", ""1220〜1410円"", ""1410〜1630円"", ""1630〜1890円"", ""1890〜2200円"", ""2200〜2560円"", ""2560〜3020円"", ""3020〜3570円"", ""3570〜4280円"", ""4280〜5210円"", ""5210〜6480円"", ""6480〜8300円"", ""8300〜11200円"", ""11200〜16230円"", ""16230〜28240円"", ""28240円〜""]","[0.3, 0.5, 1.6, 2.3, 2.6, 3.4, 4.5, 6.0, 5.2, 6.3, 7.1, 7.2, 8.0, 6.1, 7.5, 7.8, 7.7, 6.8, 4.9, 4.1]","[-4.7, -4.5, -3.4, -2.7, -2.4, -1.6, -0.5, 1.0, 0.2, 1.3, 2.1, 2.2, 3.0, 1.1, 2.5, 2.8, 2.7, 1.8, -0.1, -0.9]"
20260905,02,11,1,43.9,"[[""1-4-2"", 0.078], [""1-4-6"", 0.0658], [""1-4-3"", 0.0561], [""1-4-5"", 0.023]]",4,28.1,"[[""4-1-2"", 0.0536], [""4-1-6"", 0.0453], [""4-1-3"", 0.0386], [""4-1-5"", 0.0158]]","[[""1-2-4"", 0.0489], [""1-6-4"", 0.038], [""2-1-4"", 0.0279], [""1-3-4"", 0.0317]]",1-4,0.4122,False,False,0.7852,中,"{""逃げ"": 39.0, ""まくり"": 24.3, ""まくり差し"": 12.6, ""差し"": 15.1, ""抜き"": 8.1, ""恵まれ"": 0.8}","[""0〜600円"", ""600〜740円"", ""740〜890円"", ""890〜1050円"", ""1050〜1220円"", ""1220〜1410円"", ""1410〜1630円"", ""1630〜1890円"", ""1890〜2200円"", ""2200〜2560円"", ""2560〜3020円"", ""3020〜3570円"", ""3570〜4280円"", ""4280〜5210円"", ""5210〜6480円"", ""6480〜8300円"", ""8300〜11200円"", ""11200〜16230円"", ""16230〜28240円"", ""28240円〜""]","[1.0, 2.0, 3.0, 3.5, 4.6, 4.2, 4.9, 5.4, 5.9, 6.2, 4.7, 5.7, 6.8, 5.9, 5.8, 7.2, 6.5, 6.0, 5.4, 5.2]","[-4.0, -3.0, -2.0, -1.5, -0.4, -0.8, -0.1, 0.4, 0.9, 1.2, -0.3, 0.7, 1.8, 0.9, 0.8, 2.2, 1.5, 1.0, 0.4, 0.2]"
20260905,02,12,1,60.2,"[[""1-5-2"", 0.1228], [""1-5-6"", 0.0755], [""1-5-3"", 0.0581], [""1-5-4"", 0.035]]",5,27.5,"[[""5-1-2"", 0.0322], [""5-1-6"", 0.0198], [""5-1-3"", 0.0153]]","[[""1-2-5"", 0.0975], [""1-6-5"", 0.05], [""1-2-6"", 0.039], [""1-3-5"", 0.0372]]",1-5,0.4103,False,False,0.7852,強,"{""逃げ"": 56.1, ""まくり"": 16.0, ""まくり差し"": 10.4, ""差し"": 10.4, ""抜き"": 6.4, ""恵まれ"": 0.8}","[""0〜600円"", ""600〜740円"", ""740〜890円"", ""890〜1050円"", ""1050〜1220円"", ""1220〜1410円"", ""1410〜1630円"", ""1630〜1890円"", ""1890〜2200円"", ""2200〜2560円"", ""2560〜3020円"", ""3020〜3570円"", ""3570〜4280円"", ""4280〜5210円"", ""5210〜6480円"", ""6480〜8300円"", ""8300〜11200円"", ""11200〜16230円"", ""16230〜28240円"", ""28240円〜""]","[2.5, 4.5, 5.1, 5.2, 5.6, 4.6, 5.2, 4.6, 5.3, 5.4, 5.2, 5.1, 4.5, 4.4, 4.7, 6.0, 5.8, 5.3, 5.6, 5.3]","[-2.5, -0.5, 0.1, 0.2, 0.6, -0.4, 0.2, -0.4, 0.3, 0.4, 0.2, 0.1, -0.5, -0.6, -0.3, 1.0, 0.8, 0.3, 0.6, 0.3]"
20260905,03,1,1,46.0,"[[""1-4-2"", 0.0537], [""1-2-4"", 0.0506], [""1-4-3"", 0.0565], [""1-3-4"", 0.0498], [""1-2-3"", 0.0468], [""1-3-2"", 0.0437], [""1-4-5"", 0.0326], [""1-2-5"", 0.027], [""1-5-4"", 0.0254]]",4,19.0,"[[""4-1-2"", 0.0327], [""4-1-3"", 0.0344], [""4-1-5"", 0.0198]]","[[""2-1-4"", 0.0301], [""3-1-4"", 0.0288], [""2-1-3"", 0.0278], [""3-1-2"", 0.0252]]",,,False,False,0.7852,中,"{""逃げ"": 46.5, ""差し"": 13.4, ""まくり"": 18.3, ""抜き"": 10.0, ""まくり差し"": 10.0, ""恵まれ"": 1.9}","[""0〜600円"", ""600〜740円"", ""740〜890円"", ""890〜1050円"", ""1050〜1220円"", ""1220〜1410円"", ""1410〜1630円"", ""1630〜1890円"", ""1890〜2200円"", ""2200〜2560円"", ""2560〜3020円"", ""3020〜3570円"", ""3570〜4280円"", ""4280〜5210円"", ""5210〜6480円"", ""6480〜8300円"", ""8300〜11200円"", ""11200〜16230円"", ""16230〜28240円"", ""28240円〜""]","[1.1, 2.5, 3.4, 4.5, 5.2, 5.6, 6.9, 4.9, 6.0, 5.2, 4.7, 5.4, 5.4, 6.3, 5.4, 6.0, 5.2, 7.0, 5.0, 4.3]","[-3.9, -2.5, -1.6, -0.5, 0.2, 0.6, 1.9, -0.1, 1.0, 0.2, -0.3, 0.4, 0.4, 1.3, 0.4, 1.0, 0.2, 2.0, 0.0, -0.7]"
20260905,03,2,1,55.6,"[[""1-2-3"", 0.0914], [""1-2-4"", 0.0714], [""1-2-5"", 0.0257], [""1-2-6"", 0.0249]]",3,39.1,"[[""3-1-2"", 0.0369], [""3-1-4"", 0.0196]]","[[""1-3-2"", 0.0748], [""2-1-3"", 0.0482], [""1-4-2"", 0.0512], [""1-3-4"", 0.0398]]",,,False,True,0.8201,強,"{""逃げ"": 56.8, ""差し"": 10.2, ""まくり"": 15.7, ""抜き"": 9.0, ""まくり差し"": 7.3, ""恵まれ"": 1.0}","[""0〜600円"", ""600〜740円"", ""740〜890円"", ""890〜1050円"", ""1050〜1220円"", ""1220〜1410円"", ""1410〜1630円"", ""1630〜1890円"", ""1890〜2200円"", ""2200〜2560円"", ""2560〜3020円"", ""3020〜3570円"", ""3570〜4280円"", ""4280〜5210円"", ""5210〜6480円"", ""6480〜8300円"", ""8300〜11200円"", ""11200〜16230円"", ""16230〜28240円"", ""28240円〜""]","[3.4, 4.2, 5.3, 5.4, 4.6, 5.0, 5.4, 5.5, 5.5, 4.8, 5.7, 5.4, 5.4, 5.3, 5.4, 4.3, 4.5, 4.9, 5.7, 4.2]","[-1.6, -0.8, 0.3, 0.4, -0.4, 0.0, 0.4, 0.5, 0.5, -0.2, 0.7, 0.4, 0.4, 0.3, 0.4, -0.7, -0.5, -0.1, 0.7, -0.8]"
20260905,03,3,1,55.6,"[[""1-2-4"", 0.0649], [""1-2-3"", 0.048], [""1-2-5"", 0.0474], [""1-2-6"", 0.0471]]",2,33.8,"[[""2-1-4"", 0.0631], [""2-1-3"", 0.0466], [""2-1-5"", 0.046], [""2-1-6"", 0.0458]]","[[""1-4-2"", 0.0314], [""2-4-1"", 0.0295], [""4-1-2"", 0.0214], [""4-2-1"", 0.0207]]",1-2,0.444,False,False,0.7852,弱,"{""逃げ"": 34.9, ""差し"": 18.3, ""まくり"": 23.8, ""抜き"": 11.1, ""まくり差し"": 10.7, ""恵まれ"": 1.2}","[""0〜600円"", ""600〜740円"", ""740〜890円"", ""890〜1050円"", ""1050〜1220円"", ""1220〜1410円"", ""1410〜1630円"", ""1630〜1890円"", ""1890〜2200円"", ""2200〜2560円"", ""2560〜3020円"", ""3020〜3570円"", ""3570〜4280円"", ""4280〜5210円"", ""5210〜6480円"", ""6480〜8300円"", ""8300〜11200円"", ""11200〜16230円"", ""16230〜28240円"", ""28240円〜""]","[0.4, 0.6, 1.4, 2.8, 3.2, 3.9, 4.8, 5.9, 6.4, 5.2, 5.8, 6.8, 7.1, 6.7, 7.8, 7.1, 7.4, 6.5, 6.2, 4.1]","[-4.6, -4.4, -3.6, -2.2, -1.8, -1.1, -0.2, 0.9, 1.4, 0.2, 0.8, 1.8, 2.1, 1.7, 2.8, 2.1, 2.4, 1.5, 1.2, -0.9]"
20260905,03,4,3,55.9,"[[""3-2-5"", 0.0334], [""3-5-2"", 0.0304], [""3-2-1"", 0.0305], [""3-1-2"", 0.025], [""3-5-1"", 0.0225], [""3-1-5"", 0.0203], [""3-2-4"", 0.0184], [""3-4-2"", 0.0137], [""3-5-4"", 0.0136]]",2,32.4,"[[""2-3-5"", 0.0311], [""2-5-3"", 0.0257], [""2-3-1"", 0.0284], [""2-1-3"", 0.0213], [""2-3-4"", 0.0171], [""2-5-1"", 0.0156]]","[[""5-3-2"", 0.0267], [""5-2-3"", 0.0242], [""1-3-2"", 0.0205], [""5-3-1"", 0.0198]]",,,False,False,0.7852,強,"{""逃げ"": 56.8, ""差し"": 10.2, ""まくり"": 15.7, ""抜き"": 9.0, ""まくり差し"": 7.3, ""恵まれ"": 1.0}","[""0〜600円"", ""600〜740円"", ""740〜890円"", ""890〜1050円"", ""1050〜1220円"", ""1220〜1410円"", ""1410〜1630円"", ""1630〜1890円"", ""1890〜2200円"", ""2200〜2560円"", ""2560〜3020円"", ""3020〜3570円"", ""3570〜4280円"", ""4280〜5210円"", ""5210〜6480円"", ""6480〜8300円"", ""8300〜11200円"", ""11200〜16230円"", ""16230〜28240円"", ""28240円〜""]","[3.4, 4.2, 5.3, 5.4, 4.6, 5.0, 5.4, 5.5, 5.5, 4.8, 5.7, 5.4, 5.4, 5.3, 5.4, 4.3, 4.5, 4.9, 5.7, 4.2]","[-1.6, -0.8, 0.3, 0.4, -0.4, 0.0, 0.4, 0.5, 0.5, -0.2, 0.7, 0.4, 0.4, 0.3, 0.4, -0.7, -0.5, -0.1, 0.7, -0.8]"
20260905,03,5,5,55.4,"[[""5-1-3"", 0.0348], [""5-3-1"", 0.0342], [""5-1-4"", 0.0338], [""5-3-4"", 0.032], [""5-4-1"", 0.0302], [""5-4-3"", 0.0291], [""5-1-2"", 0.0183], [""5-3-2"", 0.0173], [""5-2-1"", 0.0144]]",4,37.5,"[[""4-5-1"", 0.0239], [""4-5-3"", 0.023], [""4-1-5"", 0.0194], [""4-3-5"", 0.0185], [""4-1-3"", 0.0118], [""4-3-1"", 0.0117]]","[[""1-5-3"", 0.0295], [""3-5-1"", 0.0287], [""1-3-5"", 0.0231], [""3-1-5"", 0.0229]]",,,False,False,0.7852,強,"{""逃げ"": 56.8, ""差し"": 10.2, ""まくり"": 15.7, ""抜き"": 9.0, ""まくり差し"": 7.3, ""恵まれ"": 1.0}","[""0〜600円"", ""600〜740円"", ""740〜890円"", ""890〜1050円"", ""1050〜1220円"", ""1220〜1410円"", ""1410〜1630円"", ""1630〜1890円"", ""1890〜2200円"", ""2200〜2560円"", ""2560〜3020円"", ""3020〜3570円"", ""3570〜4280円"", ""4280〜5210円"", ""5210〜6480円"", ""6480〜8300円"", ""8300〜11200円"", ""11200〜16230円"", ""16230〜28240円"", ""28240円〜""]","[3.4, 4.2, 5.3, 5.4, 4.6, 5.0, 5.4, 5.5, 5.5, 4.8, 5.7, 5.4, 5.4, 5.3, 5.4, 4.3, 4.5, 4.9, 5.7, 4.2]","[-1.6, -0.8, 0.3, 0.4, -0.4, 0.0, 0.4, 0.5, 0.5, -0.2, 0.7, 0.4, 0.4, 0.3, 0.4, -0.7, -0.5, -0.1, 0.7, -0.8]"
20260905,03,6,1,52.3,"[[""1-5-3"", 0.0352], [""1-3-5"", 0.035], [""1-5-2"", 0.0394], [""1-3-2"", 0.0388], [""1-2-5"", 0.0374], [""1-2-3"", 0.0371], [""1-5-4"", 0.0162], [""1-3-4"", 0.016], [""1-2-4"", 0.0134]]",5,37.1,"[[""5-1-3"", 0.0261], [""5-1-2"", 0.0292], [""5-1-4"", 0.012]]","[[""3-1-5"", 0.026], [""3-1-2"", 0.0288], [""2-1-5"", 0.027], [""2-1-3"", 0.0268]]",,,False,False,0.7852,中,"{""逃げ"": 46.5, ""差し"": 13.4, ""まくり"": 18.3, ""抜き"": 10.0, ""まくり差し"": 10.0, ""恵まれ"": 1.9}","[""0〜600円"", ""600〜740円"", ""740〜890円"", ""890〜1050円"", ""1050〜1220円"", ""1220〜1410円"", ""1410〜1630円"", ""1630〜1890円"", ""1890〜2200円"", ""2200〜2560円"", ""2560〜3020円"", ""3020〜3570円"", ""3570〜4280円"", ""4280〜5210円"", ""5210〜6480円"", ""6480〜8300円"", ""8300〜11200円"", ""11200〜16230円"", ""16230〜28240円"", ""28240円〜""]","[1.1, 2.5, 3.4, 4.5, 5.2, 5.6, 6.9, 4.9, 6.0, 5.2, 4.7, 5.4, 5.4, 6.3, 5.4, 6.0, 5.2, 7.0, 5.0, 4.3]","[-3.9, -2.5, -1.6, -0.5, 0.2, 0.6, 1.9, -0.1, 1.0, 0.2, -0.3, 0.4, 0.4, 1.3, 0.4, 1.0, 0.2, 2.0, 0.0, -0.7]"
20260905,03,7,1,48.7,"[[""1-2-3"", 0.0853], [""1-2-5"", 0.0773], [""1-2-4"", 0.0633], [""1-2-6"", 0.0275]]",2,21.7,"[[""2-1-3"", 0.0496], [""2-1-5"", 0.0449], [""2-1-4"", 0.0368], [""2-1-6"", 0.016]]","[[""1-3-2"", 0.0533], [""1-5-2"", 0.0455], [""1-4-2"", 0.0362], [""3-1-2"", 0.0263]]",1-2,0.4304,False,True,0.8201,強,"{""逃げ"": 56.8, ""差し"": 10.2, ""まくり"": 15.7, ""抜き"": 9.0, ""まくり差し"": 7.3, ""恵まれ"": 1.0}","[""0〜600円"", ""600〜740円"", ""740〜890円"", ""890〜1050円"", ""1050〜1220円"", ""1220〜1410円"", ""1410〜1630円"", ""1630〜1890円"", ""1890〜2200円"", ""2200〜2560円"", ""2560〜3020円"", ""3020〜3570円"", ""3570〜4280円"", ""4280〜5210円"", ""5210〜6480円"", ""6480〜8300円"", ""8300〜11200円"", ""11200〜16230円"", ""16230〜28240円"", ""28240円〜""]","[3.4, 4.2, 5.3, 5.4, 4.6, 5.0, 5.4, 5.5, 5.5, 4.8, 5.7, 5.4, 5.4, 5.3, 5.4, 4.3, 4.5, 4.9, 5.7, 4.2]","[-1.6, -0.8, 0.3, 0.4, -0.4, 0.0, 0.4, 0.5, 0.5, -0.2, 0.7, 0.4, 0.4, 0.3, 0.4, -0.7, -0.5, -0.1, 0.7, -0.8]"
20260905,03,8,1,48.8,"[[""1-2-4"", 0.0853], [""1-2-5"", 0.0922], [""1-2-3"", 0.0315], [""1-2-6"", 0.0251]]",4,50.0,"[[""4-1-2"", 0.0292], [""4-1-5"", 0.0157]]","[[""1-4-2"", 0.0598], [""1-5-2"", 0.0619], [""2-1-4"", 0.0469], [""2-1-5"", 0.0507]]",,,False,False,0.7852,強,"{""逃げ"": 56.8, ""差し"": 10.2, ""まくり"": 15.7, ""抜き"": 9.0, ""まくり差し"": 7.3, ""恵まれ"": 1.0}","[""0〜600円"", ""600〜740円"", ""740〜890円"", ""890〜1050円"", ""1050〜1220円"", ""1220〜1410円"", ""1410〜1630円"", ""1630〜1890円"", ""1890〜2200円"", ""2200〜2560円"", ""2560〜3020円"", ""3020〜3570円"", ""3570〜4280円"", ""4280〜5210円"", ""5210〜6480円"", ""6480〜8300円"", ""8300〜11200円"", ""11200〜16230円"", ""16230〜28240円"", ""28240円〜""]","[3.4, 4.2, 5.3, 5.4, 4.6, 5.0, 5.4, 5.5, 5.5, 4.8, 5.7, 5.4, 5.4, 5.3, 5.4, 4.3, 4.5, 4.9, 5.7, 4.2]","[-1.6, -0.8, 0.3, 0.4, -0.4, 0.0, 0.4, 0.5, 0.5, -0.2, 0.7, 0.4, 0.4, 0.3, 0.4, -0.7, -0.5, -0.1, 0.7, -0.8]"
20260905,03,9,1,57.1,"[[""1-4-2"", 0.0728], [""1-2-4"", 0.0686], [""1-4-5"", 0.0559], [""1-4-3"", 0.0498], [""1-2-5"", 0.046], [""1-5-4"", 0.0456], [""1-2-3"", 0.041], [""1-5-2"", 0.0398], [""1-3-4"", 0.0397]]",4,33.1,"[[""4-1-2"", 0.025], [""4-1-5"", 0.0192], [""4-1-3"", 0.0171]]","[[""1-3-2"", 0.0347], [""2-1-4"", 0.0232], [""1-4-6"", 0.0245], [""1-5-3"", 0.0214]]",,,False,False,0.7852,中,"{""逃げ"": 46.5, ""差し"": 13.4, ""まくり"": 18.3, ""抜き"": 10.0, ""まくり差し"": 10.0, ""恵まれ"": 1.9}","[""0〜600円"", ""600〜740円"", ""740〜890円"", ""890〜1050円"", ""1050〜1220円"", ""1220〜1410円"", ""1410〜1630円"", ""1630〜1890円"", ""1890〜2200円"", ""2200〜2560円"", ""2560〜3020円"", ""3020〜3570円"", ""3570〜4280円"", ""4280〜5210円"", ""5210〜6480円"", ""6480〜8300円"", ""8300〜11200円"", ""11200〜16230円"", ""16230〜28240円"", ""28240円〜""]","[1.1, 2.5, 3.4, 4.5, 5.2, 5.6, 6.9, 4.9, 6.0, 5.2, 4.7, 5.4, 5.4, 6.3, 5.4, 6.0, 5.2, 7.0, 5.0, 4.3]","[-3.9, -2.5, -1.6, -0.5, 0.2, 0.6, 1.9, -0.1, 1.0, 0.2, -0.3, 0.4, 0.4, 1.3, 0.4, 1.0, 0.2, 2.0, 0.0, -0.7]"
20260905,03,10,1,41.9,"[[""1-3-2"", 0.071], [""1-2-3"", 0.063], [""1-3-4"", 0.0512], [""1-3-5"", 0.0474], [""1-3-6"", 0.0418], [""1-4-3"", 0.0399], [""1-5-3"", 0.0364], [""1-2-4"", 0.034], [""1-6-3"", 0.0316]]",2,37.5,"[[""2-1-3"", 0.0225], [""2-1-4"", 0.0121], [""2-1-5"", 0.0112]]","[[""3-1-2"", 0.0261], [""1-2-5"", 0.0315], [""1-4-2"", 0.0299], [""1-2-6"", 0.0278]]",,,False,True,0.8201,強,"{""逃げ"": 56.8, ""差し"": 10.2, ""まくり"": 15.7, ""抜き"": 9.0, ""まくり差し"": 7.3, ""恵まれ"": 1.0}","[""0〜600円"", ""600〜740円"", ""740〜890円"", ""890〜1050円"", ""1050〜1220円"", ""1220〜1410円"", ""1410〜1630円"", ""1630〜1890円"", ""1890〜2200円"", ""2200〜2560円"", ""2560〜3020円"", ""3020〜3570円"", ""3570〜4280円"", ""4280〜5210円"", ""5210〜6480円"", ""6480〜8300円"", ""8300〜11200円"", ""11200〜16230円"", ""16230〜28240円"", ""28240円〜""]","[3.4, 4.2, 5.3, 5.4, 4.6, 5.0, 5.4, 5.5, 5.5, 4.8, 5.7, 5.4, 5.4, 5.3, 5.4, 4.3, 4.5, 4.9, 5.7, 4.2]","[-1.6, -0.8, 0.3, 0.4, -0.4, 0.0, 0.4, 0.5, 0.5, -0.2, 0.7, 0.4, 0.4, 0.3, 0.4, -0.7, -0.5, -0.1, 0.7, -0.8]"
20260905,03,11,1,55.9,"[[""1-2-3"", 0.041], [""1-3-2"", 0.0401], [""1-2-5"", 0.0478], [""1-5-2"", 0.0461], [""1-2-4"", 0.045], [""1-3-5"", 0.0435], [""1-5-3"", 0.0429], [""1-4-2"", 0.0427], [""1-3-4"", 0.0409]]",4,78.0,"[[""4-1-2"", 0.0155], [""4-1-3"", 0.0144], [""4-1-5"", 0.0138]]","[[""1-4-3"", 0.0397], [""1-5-4"", 0.0386], [""1-4-5"", 0.038], [""1-2-6"", 0.0209]]",,,False,True,0.8201,強,"{""逃げ"": 56.8, ""差し"": 10.2, ""まくり"": 15.7, ""抜き"": 9.0, ""まくり差し"": 7.3, ""恵まれ"": 1.0}","[""0〜600円"", ""600〜740円"", ""740〜890円"", ""890〜1050円"", ""1050〜1220円"", ""1220〜1410円"", ""1410〜1630円"", ""1630〜1890円"", ""1890〜2200円"", ""2200〜2560円"", ""2560〜3020円"", ""3020〜3570円"", ""3570〜4280円"", ""4280〜5210円"", ""5210〜6480円"", ""6480〜8300円"", ""8300〜11200円"", ""11200〜16230円"", ""16230〜28240円"", ""28240円〜""]","[3.4, 4.2, 5.3, 5.4, 4.6, 5.0, 5.4, 5.5, 5.5, 4.8, 5.7, 5.4, 5.4, 5.3, 5.4, 4.3, 4.5, 4.9, 5.7, 4.2]","[-1.6, -0.8, 0.3, 0.4, -0.4, 0.0, 0.4, 0.5, 0.5, -0.2, 0.7, 0.4, 0.4, 0.3, 0.4, -0.7, -0.5, -0.1, 0.7, -0.8]"
20260905,03,12,1,39.9,"[[""1-3-4"", 0.0588], [""1-4-3"", 0.0551], [""1-3-2"", 0.0481], [""1-2-3"", 0.0393], [""1-4-2"", 0.039], [""1-2-4"", 0.034], [""1-3-5"", 0.0296], [""1-4-5"", 0.024], [""1-5-3"", 0.0222]]",4,20.3,"[[""4-1-3"", 0.0314], [""4-1-2"", 0.0222], [""4-1-5"", 0.0137]]","[[""3-1-4"", 0.0344], [""3-1-2"", 0.0281], [""2-1-3"", 0.0211], [""3-4-1"", 0.0161]]",,,False,False,0.7852,強,"{""逃げ"": 56.8, ""差し"": 10.2, ""まくり"": 15.7, ""抜き"": 9.0, ""まくり差し"": 7.3, ""恵まれ"": 1.0}","[""0〜600円"", ""600〜740円"", ""740〜890円"", ""890〜1050円"", ""1050〜1220円"", ""1220〜1410円"", ""1410〜1630円"", ""1630〜1890円"", ""1890〜2200円"", ""2200〜2560円"", ""2560〜3020円"", ""3020〜3570円"", ""3570〜4280円"", ""4280〜5210円"", ""5210〜6480円"", ""6480〜8300円"", ""8300〜11200円"", ""11200〜16230円"", ""16230〜28240円"", ""28240円〜""]","[3.4, 4.2, 5.3, 5.4, 4.6, 5.0, 5.4, 5.5, 5.5, 4.8, 5.7, 5.4, 5.4, 5.3, 5.4, 4.3, 4.5, 4.9, 5.7, 4.2]","[-1.6, -0.8, 0.3, 0.4, -0.4, 0.0, 0.4, 0.5, 0.5, -0.2, 0.7, 0.4, 0.4, 0.3, 0.4, -0.7, -0.5, -0.1, 0.7, -0.8]"
20260905,04,1,1,39.5,"[[""1-3-4"", 0.0713], [""1-3-2"", 0.054], [""1-3-5"", 0.0304]]",3,26.2,"[[""3-1-4"", 0.0573], [""3-1-2"", 0.0434], [""3-1-5"", 0.0244]]","[[""1-4-3"", 0.0559], [""4-1-3"", 0.04], [""3-4-1"", 0.0335], [""4-3-1"", 0.0298]]",1-3,0.3218,False,False,0.7852,中,"{""逃げ"": 42.0, ""まくり"": 19.4, ""差し"": 16.7, ""まくり差し"": 13.2, ""抜き"": 7.3, ""恵まれ"": 1.3}","[""0〜600円"", ""600〜740円"", ""740〜890円"", ""890〜1050円"", ""1050〜1220円"", ""1220〜1410円"", ""1410〜1630円"", ""1630〜1890円"", ""1890〜2200円"", ""2200〜2560円"", ""2560〜3020円"", ""3020〜3570円"", ""3570〜4280円"", ""4280〜5210円"", ""5210〜6480円"", ""6480〜8300円"", ""8300〜11200円"", ""11200〜16230円"", ""16230〜28240円"", ""28240円〜""]","[0.7, 1.6, 3.1, 3.3, 4.1, 5.7, 5.2, 5.0, 5.2, 5.7, 5.5, 6.9, 6.3, 5.9, 5.4, 6.2, 7.4, 5.8, 6.0, 5.0]","[-4.3, -3.4, -1.9, -1.7, -0.9, 0.7, 0.2, 0.0, 0.2, 0.7, 0.5, 1.9, 1.3, 0.9, 0.4, 1.2, 2.4, 0.8, 1.0, 0.0]"
20260905,04,2,2,50.6,"[[""2-5-1"", 0.0412], [""2-1-5"", 0.0397], [""2-5-4"", 0.0273], [""2-1-4"", 0.0243], [""2-5-6"", 0.0233], [""2-4-5"", 0.0219], [""2-1-6"", 0.0207], [""2-4-1"", 0.0202], [""2-5-3"", 0.0185]]",1,,"[[""1-2-5"", 0.0301], [""1-2-4"", 0.0184], [""1-2-6"", 0.0157], [""1-2-3"", 0.0124]]","[[""5-2-1"", 0.0318], [""5-1-2"", 0.0216], [""1-5-2"", 0.0212], [""5-2-4"", 0.0211]]",,,False,False,0.7852,強,"{""逃げ"": 56.4, ""差し"": 13.1, ""まくり"": 12.0, ""まくり差し"": 10.1, ""抜き"": 7.5, ""恵まれ"": 0.9}","[""0〜600円"", ""600〜740円"", ""740〜890円"", ""890〜1050円"", ""1050〜1220円"", ""1220〜1410円"", ""1410〜1630円"", ""1630〜1890円"", ""1890〜2200円"", ""2200〜2560円"", ""2560〜3020円"", ""3020〜3570円"", ""3570〜4280円"", ""4280〜5210円"", ""5210〜6480円"", ""6480〜8300円"", ""8300〜11200円"", ""11200〜16230円"", ""16230〜28240円"", ""28240円〜""]","[2.7, 3.3, 5.8, 5.9, 5.0, 5.6, 5.1, 4.8, 5.4, 4.5, 5.6, 5.0, 5.2, 4.6, 4.3, 4.8, 5.3, 5.1, 5.9, 6.0]","[-2.3, -1.7, 0.8, 0.9, -0.0, 0.6, 0.1, -0.2, 0.4, -0.5, 0.6, -0.0, 0.2, -0.4, -0.7, -0.2, 0.3, 0.1, 0.9, 1.0]"
20260905,04,3,1,50.0,"[[""1-2-3"", 0.1138], [""1-3-2"", 0.1081], [""1-2-4"", 0.0752], [""1-3-4"", 0.0649], [""1-2-6"", 0.0426], [""1-3-6"", 0.0367]]",2,34.5,"[[""2-1-3"", 0.0365], [""2-1-4"", 0.0241], [""2-1-6"", 0.0137]]","[[""1-4-2"", 0.0581], [""1-4-3"", 0.0527], [""3-1-2"", 0.0343], [""1-6-2"", 0.03]]",,,False,True,0.8201,中,"{""逃げ"": 42.0, ""まくり"": 19.4, ""差し"": 16.7, ""まくり差し"": 13.2, ""抜き"": 7.3, ""恵まれ"": 1.3}","[""0〜600円"", ""600〜740円"", ""740〜890円"", ""890〜1050円"", ""1050〜1220円"", ""1220〜1410円"", ""1410〜1630円"", ""1630〜1890円"", ""1890〜2200円"", ""2200〜2560円"", ""2560〜3020円"", ""3020〜3570円"", ""3570〜4280円"", ""4280〜5210円"", ""5210〜6480円"", ""6480〜8300円"", ""8300〜11200円"", ""11200〜16230円"", ""16230〜28240円"", ""28240円〜""]","[0.7, 1.6, 3.1, 3.3, 4.1, 5.7, 5.2, 5.0, 5.2, 5.7, 5.5, 6.9, 6.3, 5.9, 5.4, 6.2, 7.4, 5.8, 6.0, 5.0]","[-4.3, -3.4, -1.9, -1.7, -0.9, 0.7, 0.2, 0.0, 0.2, 0.7, 0.5, 1.9, 1.3, 0.9, 0.4, 1.2, 2.4, 0.8, 1.0, 0.0]"
20260905,04,4,1,37.8,"[[""1-2-3"", 0.0767], [""1-3-2"", 0.0662], [""1-2-5"", 0.0679], [""1-3-5"", 0.0438], [""1-2-4"", 0.0311], [""1-3-4"", 0.0201]]",2,33.7,"[[""2-1-3"", 0.0465], [""2-1-5"", 0.0411], [""2-1-4"", 0.0189]]","[[""1-5-2"", 0.0526], [""3-1-2"", 0.0378], [""1-5-3"", 0.0394], [""5-1-2"", 0.0288]]",,,False,True,0.8201,中,"{""逃げ"": 42.0, ""まくり"": 19.4, ""差し"": 16.7, ""まくり差し"": 13.2, ""抜き"": 7.3, ""恵まれ"": 1.3}","[""0〜600円"", ""600〜740円"", ""740〜890円"", ""890〜1050円"", ""1050〜1220円"", ""1220〜1410円"", ""1410〜1630円"", ""1630〜1890円"", ""1890〜2200円"", ""2200〜2560円"", ""2560〜3020円"", ""3020〜3570円"", ""3570〜4280円"", ""4280〜5210円"", ""5210〜6480円"", ""6480〜8300円"", ""8300〜11200円"", ""11200〜16230円"", ""16230〜28240円"", ""28240円〜""]","[0.7, 1.6, 3.1, 3.3, 4.1, 5.7, 5.2, 5.0, 5.2, 5.7, 5.5, 6.9, 6.3, 5.9, 5.4, 6.2, 7.4, 5.8, 6.0, 5.0]","[-4.3, -3.4, -1.9, -1.7, -0.9, 0.7, 0.2, 0.0, 0.2, 0.7, 0.5, 1.9, 1.3, 0.9, 0.4, 1.2, 2.4, 0.8, 1.0, 0.0]"
20260905,04,5,3,50.5,"[[""3-1-4"", 0.0721], [""3-1-2"", 0.0848], [""3-1-6"", 0.014]]",1,24.2,"[[""1-3-4"", 0.0573], [""1-3-2"", 0.0674], [""1-3-6"", 0.0111]]","[[""3-4-1"", 0.0503], [""3-2-1"", 0.0578], [""4-3-1"", 0.0338], [""2-3-1"", 0.0384]]",1-3,0.3575,False,False,0.7852,強,"{""逃げ"": 56.4, ""差し"": 13.1, ""まくり"": 12.0, ""まくり差し"": 10.1, ""抜き"": 7.5, ""恵まれ"": 0.9}","[""0〜600円"", ""600〜740円"", ""740〜890円"", ""890〜1050円"", ""1050〜1220円"", ""1220〜1410円"", ""1410〜1630円"", ""1630〜1890円"", ""1890〜2200円"", ""2200〜2560円"", ""2560〜3020円"", ""3020〜3570円"", ""3570〜4280円"", ""4280〜5210円"", ""5210〜6480円"", ""6480〜8300円"", ""8300〜11200円"", ""11200〜16230円"", ""16230〜28240円"", ""28240円〜""]","[2.7, 3.3, 5.8, 5.9, 5.0, 5.6, 5.1, 4.8, 5.4, 4.5, 5.6, 5.0, 5.2, 4.6, 4.3, 4.8, 5.3, 5.1, 5.9, 6.0]","[-2.3, -1.7, 0.8, 0.9, -0.0, 0.6, 0.1, -0.2, 0.4, -0.5, 0.6, -0.0, 0.2, -0.4, -0.7, -0.2, 0.3, 0.1, 0.9, 1.0]"
20260905,04,6,1,61.3,"[[""1-6-4"", 0.0269], [""1-4-6"", 0.0268], [""1-6-3"", 0.0293], [""1-4-3"", 0.0289], [""1-3-6"", 0.0277], [""1-3-4"", 0.0274], [""1-6-2"", 0.0168], [""1-4-2"", 0.0165], [""1-2-6"", 0.0141]]",4,27.8,"[[""4-1-6"", 0.0214], [""4-1-3"", 0.023], [""4-1-2"", 0.0131], [""4-1-5"", 0.0101]]","[[""6-1-4"", 0.0215], [""6-1-3"", 0.0234], [""3-1-6"", 0.0214], [""3-1-4"", 0.0212]]",,,False,False,0.7852,弱,"{""逃げ"": 27.3, ""まくり"": 25.5, ""差し"": 23.1, ""まくり差し"": 14.7, ""抜き"": 8.0, ""恵まれ"": 1.3}","[""0〜600円"", ""600〜740円"", ""740〜890円"", ""890〜1050円"", ""1050〜1220円"", ""1220〜1410円"", ""1410〜1630円"", ""1630〜1890円"", ""1890〜2200円"", ""2200〜2560円"", ""2560〜3020円"", ""3020〜3570円"", ""3570〜4280円"", ""4280〜5210円"", ""5210〜6480円"", ""6480〜8300円"", ""8300〜11200円"", ""11200〜16230円"", ""16230〜28240円"", ""28240円〜""]","[0.3, 1.1, 0.8, 2.0, 3.1, 3.6, 3.6, 5.0, 6.0, 6.1, 7.6, 6.2, 7.6, 7.1, 8.5, 7.8, 7.5, 6.2, 5.8, 4.1]","[-4.7, -3.9, -4.2, -3.0, -1.9, -1.4, -1.4, -0.0, 1.0, 1.1, 2.6, 1.2, 2.6, 2.1, 3.5, 2.8, 2.5, 1.2, 0.8, -0.9]"
20260905,04,7,4,58.9,"[[""4-1-2"", 0.1224], [""4-1-3"", 0.0655], [""4-1-6"", 0.0549]]",1,20.7,"[[""1-4-2"", 0.0765], [""1-4-3"", 0.041], [""1-4-6"", 0.0343]]","[[""4-2-1"", 0.0757], [""2-4-1"", 0.0402], [""4-3-1"", 0.0339], [""1-2-4"", 0.0263]]",1-4,0.4646,False,False,0.7852,強,"{""逃げ"": 56.4, ""差し"": 13.1, ""まくり"": 12.0, ""まくり差し"": 10.1, ""抜き"": 7.5, ""恵まれ"": 0.9}","[""0〜600円"", ""600〜740円"", ""740〜890円"", ""890〜1050円"", ""1050〜1220円"", ""1220〜1410円"", ""1410〜1630円"", ""1630〜1890円"", ""1890〜2200円"", ""2200〜2560円"", ""2560〜3020円"", ""3020〜3570円"", ""3570〜4280円"", ""4280〜5210円"", ""5210〜6480円"", ""6480〜8300円"", ""8300〜11200円"", ""11200〜16230円"", ""16230〜28240円"", ""28240円〜""]","[2.7, 3.3, 5.8, 5.9, 5.0, 5.6, 5.1, 4.8, 5.4, 4.5, 5.6, 5.0, 5.2, 4.6, 4.3, 4.8, 5.3, 5.1, 5.9, 6.0]","[-2.3, -1.7, 0.8, 0.9, -0.0, 0.6, 0.1, -0.2, 0.4, -0.5, 0.6, -0.0, 0.2, -0.4, -0.7, -0.2, 0.3, 0.1, 0.9, 1.0]"
20260905,04,8,2,53.5,"[[""2-1-5"", 0.0688], [""2-1-3"", 0.0392], [""2-1-4"", 0.0308]]",1,28.6,"[[""1-2-5"", 0.0665], [""1-2-3"", 0.0379], [""1-2-4"", 0.0298]]","[[""2-5-1"", 0.0502], [""1-5-2"", 0.0462], [""5-2-1"", 0.0408], [""5-1-2"", 0.0389]]",1-2,0.3179,False,False,0.7852,中,"{""逃げ"": 42.0, ""まくり"": 19.4, ""差し"": 16.7, ""まくり差し"": 13.2, ""抜き"": 7.3, ""恵まれ"": 1.3}","[""0〜600円"", ""600〜740円"", ""740〜890円"", ""890〜1050円"", ""1050〜1220円"", ""1220〜1410円"", ""1410〜1630円"", ""1630〜1890円"", ""1890〜2200円"", ""2200〜2560円"", ""2560〜3020円"", ""3020〜3570円"", ""3570〜4280円"", ""4280〜5210円"", ""5210〜6480円"", ""6480〜8300円"", ""8300〜11200円"", ""11200〜16230円"", ""16230〜28240円"", ""28240円〜""]","[0.7, 1.6, 3.1, 3.3, 4.1, 5.7, 5.2, 5.0, 5.2, 5.7, 5.5, 6.9, 6.3, 5.9, 5.4, 6.2, 7.4, 5.8, 6.0, 5.0]","[-4.3, -3.4, -1.9, -1.7, -0.9, 0.7, 0.2, 0.0, 0.2, 0.7, 0.5, 1.9, 1.3, 0.9, 0.4, 1.2, 2.4, 0.8, 1.0, 0.0]"
20260905,04,9,1,47.1,"[[""1-2-3"", 0.0325], [""1-2-5"", 0.0395], [""1-3-2"", 0.0297], [""1-5-2"", 0.0361], [""1-2-4"", 0.0313], [""1-3-5"", 0.0283], [""1-5-3"", 0.0283], [""1-4-2"", 0.0268], [""1-3-4"", 0.0224]]",3,33.7,"[[""3-1-2"", 0.0217], [""3-1-5"", 0.0207], [""3-1-4"", 0.0164]]","[[""2-1-3"", 0.0249], [""2-1-5"", 0.0303], [""5-1-2"", 0.0264], [""2-1-4"", 0.024]]",,,False,True,0.8201,弱,"{""逃げ"": 27.3, ""まくり"": 25.5, ""差し"": 23.1, ""まくり差し"": 14.7, ""抜き"": 8.0, ""恵まれ"": 1.3}","[""0〜600円"", ""600〜740円"", ""740〜890円"", ""890〜1050円"", ""1050〜1220円"", ""1220〜1410円"", ""1410〜1630円"", ""1630〜1890円"", ""1890〜2200円"", ""2200〜2560円"", ""2560〜3020円"", ""3020〜3570円"", ""3570〜4280円"", ""4280〜5210円"", ""5210〜6480円"", ""6480〜8300円"", ""8300〜11200円"", ""11200〜16230円"", ""16230〜28240円"", ""28240円〜""]","[0.3, 1.1, 0.8, 2.0, 3.1, 3.6, 3.6, 5.0, 6.0, 6.1, 7.6, 6.2, 7.6, 7.1, 8.5, 7.8, 7.5, 6.2, 5.8, 4.1]","[-4.7, -3.9, -4.2, -3.0, -1.9, -1.4, -1.4, -0.0, 1.0, 1.1, 2.6, 1.2, 2.6, 2.1, 3.5, 2.8, 2.5, 1.2, 0.8, -0.9]"
20260905,04,10,1,60.4,"[[""1-3-5"", 0.0751], [""1-3-2"", 0.0774], [""1-3-4"", 0.044], [""1-3-6"", 0.0319]]",5,40.8,"[[""5-1-3"", 0.0248], [""5-1-2"", 0.014]]","[[""1-5-3"", 0.0571], [""1-2-3"", 0.0557], [""3-1-5"", 0.0355], [""3-1-2"", 0.0366]]",,,False,False,0.7852,中,"{""逃げ"": 42.0, ""まくり"": 19.4, ""差し"": 16.7, ""まくり差し"": 13.2, ""抜き"": 7.3, ""恵まれ"": 1.3}","[""0〜600円"", ""600〜740円"", ""740〜890円"", ""890〜1050円"", ""1050〜1220円"", ""1220〜1410円"", ""1410〜1630円"", ""1630〜1890円"", ""1890〜2200円"", ""2200〜2560円"", ""2560〜3020円"", ""3020〜3570円"", ""3570〜4280円"", ""4280〜5210円"", ""5210〜6480円"", ""6480〜8300円"", ""8300〜11200円"", ""11200〜16230円"", ""16230〜28240円"", ""28240円〜""]","[0.7, 1.6, 3.1, 3.3, 4.1, 5.7, 5.2, 5.0, 5.2, 5.7, 5.5, 6.9, 6.3, 5.9, 5.4, 6.2, 7.4, 5.8, 6.0, 5.0]","[-4.3, -3.4, -1.9, -1.7, -0.9, 0.7, 0.2, 0.0, 0.2, 0.7, 0.5, 1.9, 1.3, 0.9, 0.4, 1.2, 2.4, 0.8, 1.0, 0.0]"
20260905,04,11,1,54.3,"[[""1-2-3"", 0.0625], [""1-3-2"", 0.0579], [""1-2-5"", 0.056], [""1-5-2"", 0.0472], [""1-3-5"", 0.0433], [""1-5-3"", 0.0394], [""1-2-4"", 0.031], [""1-2-6"", 0.0271], [""1-3-4"", 0.024]]",2,35.7,"[[""2-1-3"", 0.0298], [""2-1-5"", 0.0267], [""2-1-4"", 0.0148], [""2-1-6"", 0.0129]]","[[""3-1-2"", 0.0269], [""1-4-2"", 0.0236], [""5-1-2"", 0.0212], [""1-3-6"", 0.0209]]",,,False,True,0.8201,中,"{""逃げ"": 42.0, ""まくり"": 19.4, ""差し"": 16.7, ""まくり差し"": 13.2, ""抜き"": 7.3, ""恵まれ"": 1.3}","[""0〜600円"", ""600〜740円"", ""740〜890円"", ""890〜1050円"", ""1050〜1220円"", ""1220〜1410円"", ""1410〜1630円"", ""1630〜1890円"", ""1890〜2200円"", ""2200〜2560円"", ""2560〜3020円"", ""3020〜3570円"", ""3570〜4280円"", ""4280〜5210円"", ""5210〜6480円"", ""6480〜8300円"", ""8300〜11200円"", ""11200〜16230円"", ""16230〜28240円"", ""28240円〜""]","[0.7, 1.6, 3.1, 3.3, 4.1, 5.7, 5.2, 5.0, 5.2, 5.7, 5.5, 6.9, 6.3, 5.9, 5.4, 6.2, 7.4, 5.8, 6.0, 5.0]","[-4.3, -3.4, -1.9, -1.7, -0.9, 0.7, 0.2, 0.0, 0.2, 0.7, 0.5, 1.9, 1.3, 0.9, 0.4, 1.2, 2.4, 0.8, 1.0, 0.0]"
20260905,04,12,1,58.9,"[[""1-3-4"", 0.0665], [""1-3-2"", 0.0763], [""1-4-3"", 0.0552], [""1-2-3"", 0.0617], [""1-3-6"", 0.0616], [""1-6-3"", 0.0476], [""1-4-2"", 0.039], [""1-2-4"", 0.038], [""1-3-5"", 0.0357]]",3,19.5,"[[""3-1-4"", 0.0187], [""3-1-2"", 0.0215], [""3-1-6"", 0.0173], [""3-1-5"", 0.0101]]","[[""1-4-6"", 0.0315], [""1-6-4"", 0.0293], [""1-2-6"", 0.0276], [""1-6-2"", 0.0264]]",,,False,False,0.7852,強,"{""逃げ"": 56.4, ""差し"": 13.1, ""まくり"": 12.0, ""まくり差し"": 10.1, ""抜き"": 7.5, ""恵まれ"": 0.9}","[""0〜600円"", ""600〜740円"", ""740〜890円"", ""890〜1050円"", ""1050〜1220円"", ""1220〜1410円"", ""1410〜1630円"", ""1630〜1890円"", ""1890〜2200円"", ""2200〜2560円"", ""2560〜3020円"", ""3020〜3570円"", ""3570〜4280円"", ""4280〜5210円"", ""5210〜6480円"", ""6480〜8300円"", ""8300〜11200円"", ""11200〜16230円"", ""16230〜28240円"", ""28240円〜""]","[2.7, 3.3, 5.8, 5.9, 5.0, 5.6, 5.1, 4.8, 5.4, 4.5, 5.6, 5.0, 5.2, 4.6, 4.3, 4.8, 5.3, 5.1, 5.9, 6.0]","[-2.3, -1.7, 0.8, 0.9, -0.0, 0.6, 0.1, -0.2, 0.4, -0.5, 0.6, -0.0, 0.2, -0.4, -0.7, -0.2, 0.3, 0.1, 0.9, 1.0]"
20260905,07,1,1,42.0,"[[""1-2-3"", 0.0327], [""1-3-2"", 0.0298], [""1-2-4"", 0.0339], [""1-4-2"", 0.0294], [""1-3-4"", 0.0239], [""1-2-5"", 0.0231], [""1-4-3"", 0.0228], [""1-2-6"", 0.0193], [""1-5-2"", 0.0186]]",4,58.2,"[[""4-1-2"", 0.0209], [""4-1-3"", 0.0162]]","[[""2-1-3"", 0.0252], [""3-1-2"", 0.0217], [""2-1-4"", 0.026], [""2-3-1"", 0.0164]]",,,False,True,0.8201,弱,"{""逃げ"": 34.9, ""まくり"": 25.6, ""まくり差し"": 16.3, ""差し"": 15.3, ""抜き"": 7.1, ""恵まれ"": 0.9}","[""0〜600円"", ""600〜740円"", ""740〜890円"", ""890〜1050円"", ""1050〜1220円"", ""1220〜1410円"", ""1410〜1630円"", ""1630〜1890円"", ""1890〜2200円"", ""2200〜2560円"", ""2560〜3020円"", ""3020〜3570円"", ""3570〜4280円"", ""4280〜5210円"", ""5210〜6480円"", ""6480〜8300円"", ""8300〜11200円"", ""11200〜16230円"", ""16230〜28240円"", ""28240円〜""]","[0.9, 2.5, 3.0, 4.2, 4.1, 4.6, 5.9, 5.1, 6.1, 5.2, 5.2, 6.2, 5.4, 6.6, 7.6, 6.9, 5.7, 5.8, 5.4, 3.4]","[-4.1, -2.5, -2.0, -0.8, -0.9, -0.4, 0.9, 0.1, 1.1, 0.2, 0.2, 1.2, 0.4, 1.6, 2.6, 1.9, 0.7, 0.8, 0.4, -1.6]"
20260905,07,2,1,68.8,"[[""1-2-4"", 0.0482], [""1-2-5"", 0.038], [""1-2-3"", 0.0374], [""1-2-6"", 0.0366]]",2,36.8,"[[""2-1-4"", 0.0429], [""2-1-5"", 0.0338], [""2-1-3"", 0.0332], [""2-1-6"", 0.0325]]","[[""1-4-2"", 0.0317], [""2-4-1"", 0.0244], [""4-1-2"", 0.0226], [""4-2-1"", 0.0196]]",1-2,0.3275,False,False,0.7852,弱,"{""逃げ"": 34.9, ""まくり"": 25.6, ""まくり差し"": 16.3, ""差し"": 15.3, ""抜き"": 7.1, ""恵まれ"": 0.9}","[""0〜600円"", ""600〜740円"", ""740〜890円"", ""890〜1050円"", ""1050〜1220円"", ""1220〜1410円"", ""1410〜1630円"", ""1630〜1890円"", ""1890〜2200円"", ""2200〜2560円"", ""2560〜3020円"", ""3020〜3570円"", ""3570〜4280円"", ""4280〜5210円"", ""5210〜6480円"", ""6480〜8300円"", ""8300〜11200円"", ""11200〜16230円"", ""16230〜28240円"", ""28240円〜""]","[0.9, 2.5, 3.0, 4.2, 4.1, 4.6, 5.9, 5.1, 6.1, 5.2, 5.2, 6.2, 5.4, 6.6, 7.6, 6.9, 5.7, 5.8, 5.4, 3.4]","[-4.1, -2.5, -2.0, -0.8, -0.9, -0.4, 0.9, 0.1, 1.1, 0.2, 0.2, 1.2, 0.4, 1.6, 2.6, 1.9, 0.7, 0.8, 0.4, -1.6]"
20260905,07,3,1,56.5,"[[""1-3-2"", 0.0585], [""1-2-3"", 0.0502], [""1-3-4"", 0.0468], [""1-2-4"", 0.0301], [""1-3-5"", 0.0141], [""1-3-6"", 0.0131]]",3,19.2,"[[""3-1-2"", 0.0494], [""3-1-4"", 0.0395], [""3-1-5"", 0.0119], [""3-1-6"", 0.0111]]","[[""2-1-3"", 0.0391], [""3-2-1"", 0.0336], [""2-3-1"", 0.031], [""1-4-3"", 0.0351]]",,,False,True,0.8201,弱,"{""逃げ"": 34.9, ""まくり"": 25.6, ""まくり差し"": 16.3, ""差し"": 15.3, ""抜き"": 7.1, ""恵まれ"": 0.9}","[""0〜600円"", ""600〜740円"", ""740〜890円"", ""890〜1050円"", ""1050〜1220円"", ""1220〜1410円"", ""1410〜1630円"", ""1630〜1890円"", ""1890〜2200円"", ""2200〜2560円"", ""2560〜3020円"", ""3020〜3570円"", ""3570〜4280円"", ""4280〜5210円"", ""5210〜6480円"", ""6480〜8300円"", ""8300〜11200円"", ""11200〜16230円"", ""16230〜28240円"", ""28240円〜""]","[0.9, 2.5, 3.0, 4.2, 4.1, 4.6, 5.9, 5.1, 6.1, 5.2, 5.2, 6.2, 5.4, 6.6, 7.6, 6.9, 5.7, 5.8, 5.4, 3.4]","[-4.1, -2.5, -2.0, -0.8, -0.9, -0.4, 0.9, 0.1, 1.1, 0.2, 0.2, 1.2, 0.4, 1.6, 2.6, 1.9, 0.7, 0.8, 0.4, -1.6]"
20260905,07,4,6,53.4,"[[""6-1-4"", 0.0902], [""6-1-2"", 0.041], [""6-1-5"", 0.0298], [""6-1-3"", 0.0179]]",1,22.4,"[[""1-6-4"", 0.0831], [""1-6-2"", 0.0378], [""1-6-5"", 0.0274], [""1-6-3"", 0.0165]]","[[""6-4-1"", 0.0572], [""1-4-6"", 0.0472], [""4-6-1"", 0.0423], [""4-1-6"", 0.0379]]",1-6,0.391,False,False,0.7852,強,"{""逃げ"": 68.6, ""まくり差し"": 11.8, ""まくり"": 9.8, ""差し"": 4.9, ""抜き"": 4.0, ""恵まれ"": 0.9}","[""0〜600円"", ""600〜740円"", ""740〜890円"", ""890〜1050円"", ""1050〜1220円"", ""1220〜1410円"", ""1410〜1630円"", ""1630〜1890円"", ""1890〜2200円"", ""2200〜2560円"", ""2560〜3020円"", ""3020〜3570円"", ""3570〜4280円"", ""4280〜5210円"", ""5210〜6480円"", ""6480〜8300円"", ""8300〜11200円"", ""11200〜16230円"", ""16230〜28240円"", ""28240円〜""]","[9.6, 7.4, 7.1, 6.0, 5.6, 5.5, 5.0, 5.5, 4.7, 4.8, 5.1, 3.6, 3.8, 4.0, 3.2, 3.9, 3.3, 3.5, 3.9, 4.6]","[4.6, 2.4, 2.1, 1.0, 0.6, 0.5, -0.0, 0.5, -0.3, -0.2, 0.1, -1.4, -1.2, -1.0, -1.8, -1.1, -1.7, -1.5, -1.1, -0.4]"
20260905,07,5,2,44.6,"[[""2-1-3"", 0.1062], [""2-1-6"", 0.066], [""2-1-4"", 0.0548]]",1,19.4,"[[""1-2-3"", 0.1054], [""1-2-6"", 0.0655], [""1-2-4"", 0.0544]]","[[""2-3-1"", 0.0448], [""1-3-2"", 0.044], [""3-2-1"", 0.0301], [""3-1-2"", 0.0298]]",1-2,0.5162,True,True,0.8201,強,"{""逃げ"": 68.6, ""まくり差し"": 11.8, ""まくり"": 9.8, ""差し"": 4.9, ""抜き"": 4.0, ""恵まれ"": 0.9}","[""0〜600円"", ""600〜740円"", ""740〜890円"", ""890〜1050円"", ""1050〜1220円"", ""1220〜1410円"", ""1410〜1630円"", ""1630〜1890円"", ""1890〜2200円"", ""2200〜2560円"", ""2560〜3020円"", ""3020〜3570円"", ""3570〜4280円"", ""4280〜5210円"", ""5210〜6480円"", ""6480〜8300円"", ""8300〜11200円"", ""11200〜16230円"", ""16230〜28240円"", ""28240円〜""]","[9.6, 7.4, 7.1, 6.0, 5.6, 5.5, 5.0, 5.5, 4.7, 4.8, 5.1, 3.6, 3.8, 4.0, 3.2, 3.9, 3.3, 3.5, 3.9, 4.6]","[4.6, 2.4, 2.1, 1.0, 0.6, 0.5, -0.0, 0.5, -0.3, -0.2, 0.1, -1.4, -1.2, -1.0, -1.8, -1.1, -1.7, -1.5, -1.1, -0.4]"
20260905,07,6,1,41.7,"[[""1-2-5"", 0.0758], [""1-2-6"", 0.0804], [""1-2-3"", 0.05], [""1-2-4"", 0.0439]]",2,31.1,"[[""2-1-5"", 0.0705], [""2-1-6"", 0.0747], [""2-1-3"", 0.0464], [""2-1-4"", 0.0408]]","[[""1-5-2"", 0.0307], [""2-5-1"", 0.0263], [""1-6-2"", 0.0318], [""2-6-1"", 0.0272]]",1-2,0.5225,True,False,0.7852,中,"{""逃げ"": 54.6, ""まくり"": 16.2, ""まくり差し"": 14.1, ""差し"": 9.3, ""抜き"": 5.3, ""恵まれ"": 0.5}","[""0〜600円"", ""600〜740円"", ""740〜890円"", ""890〜1050円"", ""1050〜1220円"", ""1220〜1410円"", ""1410〜1630円"", ""1630〜1890円"", ""1890〜2200円"", ""2200〜2560円"", ""2560〜3020円"", ""3020〜3570円"", ""3570〜4280円"", ""4280〜5210円"", ""5210〜6480円"", ""6480〜8300円"", ""8300〜11200円"", ""11200〜16230円"", ""16230〜28240円"", ""28240円〜""]","[5.7, 5.6, 5.8, 5.2, 5.7, 4.9, 5.6, 5.0, 4.7, 4.4, 5.4, 5.4, 4.2, 4.3, 4.4, 4.0, 5.5, 4.1, 5.2, 4.8]","[0.7, 0.6, 0.8, 0.2, 0.7, -0.1, 0.6, -0.0, -0.3, -0.6, 0.4, 0.4, -0.8, -0.7, -0.6, -1.0, 0.5, -0.9, 0.2, -0.2]"
20260905,07,7,1,58.8,"[[""1-3-4"", 0.1573], [""1-3-2"", 0.0859], [""1-3-6"", 0.0448], [""1-3-5"", 0.0373]]",3,18.2,"[[""3-1-4"", 0.1088], [""3-1-2"", 0.0594], [""3-1-6"", 0.031], [""3-1-5"", 0.0258]]","[[""1-4-3"", 0.0609], [""4-1-3"", 0.0311], [""3-4-1"", 0.0273], [""1-2-3"", 0.0298]]",1-3,0.6085,True,True,0.8201,中,"{""逃げ"": 54.6, ""まくり"": 16.2, ""まくり差し"": 14.1, ""差し"": 9.3, ""抜き"": 5.3, ""恵まれ"": 0.5}","[""0〜600円"", ""600〜740円"", ""740〜890円"", ""890〜1050円"", ""1050〜1220円"", ""1220〜1410円"", ""1410〜1630円"", ""1630〜1890円"", ""1890〜2200円"", ""2200〜2560円"", ""2560〜3020円"", ""3020〜3570円"", ""3570〜4280円"", ""4280〜5210円"", ""5210〜6480円"", ""6480〜8300円"", ""8300〜11200円"", ""11200〜16230円"", ""16230〜28240円"", ""28240円〜""]","[5.7, 5.6, 5.8, 5.2, 5.7, 4.9, 5.6, 5.0, 4.7, 4.4, 5.4, 5.4, 4.2, 4.3, 4.4, 4.0, 5.5, 4.1, 5.2, 4.8]","[0.7, 0.6, 0.8, 0.2, 0.7, -0.1, 0.6, -0.0, -0.3, -0.6, 0.4, 0.4, -0.8, -0.7, -0.6, -1.0, 0.5, -0.9, 0.2, -0.2]"
20260905,07,8,1,50.4,"[[""1-4-2"", 0.0838], [""1-4-3"", 0.1049], [""1-4-6"", 0.0929], [""1-4-5"", 0.0114]]",4,17.1,"[[""4-1-2"", 0.0436], [""4-1-3"", 0.0546], [""4-1-6"", 0.0484]]","[[""1-2-4"", 0.0464], [""1-3-4"", 0.058], [""1-6-4"", 0.0503], [""2-1-4"", 0.0202]]",1-4,0.4804,False,False,0.7852,中,"{""逃げ"": 54.6, ""まくり"": 16.2, ""まくり差し"": 14.1, ""差し"": 9.3, ""抜き"": 5.3, ""恵まれ"": 0.5}","[""0〜600円"", ""600〜740円"", ""740〜890円"", ""890〜1050円"", ""1050〜1220円"", ""1220〜1410円"", ""1410〜1630円"", ""1630〜1890円"", ""1890〜2200円"", ""2200〜2560円"", ""2560〜3020円"", ""3020〜3570円"", ""3570〜4280円"", ""4280〜5210円"", ""5210〜6480円"", ""6480〜8300円"", ""8300〜11200円"", ""11200〜16230円"", ""16230〜28240円"", ""28240円〜""]","[5.7, 5.6, 5.8, 5.2, 5.7, 4.9, 5.6, 5.0, 4.7, 4.4, 5.4, 5.4, 4.2, 4.3, 4.4, 4.0, 5.5, 4.1, 5.2, 4.8]","[0.7, 0.6, 0.8, 0.2, 0.7, -0.1, 0.6, -0.0, -0.3, -0.6, 0.4, 0.4, -0.8, -0.7, -0.6, -1.0, 0.5, -0.9, 0.2, -0.2]"
20260905,07,9,1,59.6,"[[""1-6-3"", 0.0541], [""1-3-6"", 0.0531], [""1-6-2"", 0.0618], [""1-2-6"", 0.0586], [""1-3-2"", 0.0578], [""1-2-3"", 0.0557], [""1-6-4"", 0.0326], [""1-3-4"", 0.0305], [""1-4-6"", 0.0269]]",6,45.5,"[[""6-1-3"", 0.0188], [""6-1-2"", 0.0214], [""6-1-4"", 0.0113]]","[[""1-2-4"", 0.0264], [""1-6-5"", 0.0259], [""1-4-3"", 0.0256], [""1-3-5"", 0.0242]]",,,False,False,0.7852,中,"{""逃げ"": 54.6, ""まくり"": 16.2, ""まくり差し"": 14.1, ""差し"": 9.3, ""抜き"": 5.3, ""恵まれ"": 0.5}","[""0〜600円"", ""600〜740円"", ""740〜890円"", ""890〜1050円"", ""1050〜1220円"", ""1220〜1410円"", ""1410〜1630円"", ""1630〜1890円"", ""1890〜2200円"", ""2200〜2560円"", ""2560〜3020円"", ""3020〜3570円"", ""3570〜4280円"", ""4280〜5210円"", ""5210〜6480円"", ""6480〜8300円"", ""8300〜11200円"", ""11200〜16230円"", ""16230〜28240円"", ""28240円〜""]","[5.7, 5.6, 5.8, 5.2, 5.7, 4.9, 5.6, 5.0, 4.7, 4.4, 5.4, 5.4, 4.2, 4.3, 4.4, 4.0, 5.5, 4.1, 5.2, 4.8]","[0.7, 0.6, 0.8, 0.2, 0.7, -0.1, 0.6, -0.0, -0.3, -0.6, 0.4, 0.4, -0.8, -0.7, -0.6, -1.0, 0.5, -0.9, 0.2, -0.2]"
20260905,07,10,1,53.2,"[[""1-3-4"", 0.1064], [""1-3-2"", 0.1341], [""1-3-6"", 0.1097], [""1-3-5"", 0.0919]]",3,26.7,"[[""3-1-4"", 0.0163], [""3-1-2"", 0.0206], [""3-1-6"", 0.0168], [""3-1-5"", 0.0141]]","[[""1-4-3"", 0.0552], [""1-2-3"", 0.0694], [""1-6-3"", 0.0553], [""1-5-3"", 0.0455]]",1-3,0.5435,True,False,0.7852,強,"{""逃げ"": 68.6, ""まくり差し"": 11.8, ""まくり"": 9.8, ""差し"": 4.9, ""抜き"": 4.0, ""恵まれ"": 0.9}","[""0〜600円"", ""600〜740円"", ""740〜890円"", ""890〜1050円"", ""1050〜1220円"", ""1220〜1410円"", ""1410〜1630円"", ""1630〜1890円"", ""1890〜2200円"", ""2200〜2560円"", ""2560〜3020円"", ""3020〜3570円"", ""3570〜4280円"", ""4280〜5210円"", ""5210〜6480円"", ""6480〜8300円"", ""8300〜11200円"", ""11200〜16230円"", ""16230〜28240円"", ""28240円〜""]","[9.6, 7.4, 7.1, 6.0, 5.6, 5.5, 5.0, 5.5, 4.7, 4.8, 5.1, 3.6, 3.8, 4.0, 3.2, 3.9, 3.3, 3.5, 3.9, 4.6]","[4.6, 2.4, 2.1, 1.0, 0.6, 0.5, -0.0, 0.5, -0.3, -0.2, 0.1, -1.4, -1.2, -1.0, -1.8, -1.1, -1.7, -1.5, -1.1, -0.4]"
20260905,07,11,1,56.0,"[[""1-4-2"", 0.1873], [""1-4-5"", 0.1074], [""1-4-3"", 0.0796], [""1-4-6"", 0.0403]]",4,26.7,"[[""4-1-2"", 0.0446], [""4-1-5"", 0.0256], [""4-1-3"", 0.019]]","[[""1-2-4"", 0.0976], [""1-5-4"", 0.0488], [""1-3-4"", 0.0352], [""2-1-4"", 0.0213]]",1-4,0.5767,True,False,0.7852,強,"{""逃げ"": 68.6, ""まくり差し"": 11.8, ""まくり"": 9.8, ""差し"": 4.9, ""抜き"": 4.0, ""恵まれ"": 0.9}","[""0〜600円"", ""600〜740円"", ""740〜890円"", ""890〜1050円"", ""1050〜1220円"", ""1220〜1410円"", ""1410〜1630円"", ""1630〜1890円"", ""1890〜2200円"", ""2200〜2560円"", ""2560〜3020円"", ""3020〜3570円"", ""3570〜4280円"", ""4280〜5210円"", ""5210〜6480円"", ""6480〜8300円"", ""8300〜11200円"", ""11200〜16230円"", ""16230〜28240円"", ""28240円〜""]","[9.6, 7.4, 7.1, 6.0, 5.6, 5.5, 5.0, 5.5, 4.7, 4.8, 5.1, 3.6, 3.8, 4.0, 3.2, 3.9, 3.3, 3.5, 3.9, 4.6]","[4.6, 2.4, 2.1, 1.0, 0.6, 0.5, -0.0, 0.5, -0.3, -0.2, 0.1, -1.4, -1.2, -1.0, -1.8, -1.1, -1.7, -1.5, -1.1, -0.4]"
20260905,07,12,1,52.9,"[[""1-3-4"", 0.074], [""1-4-3"", 0.0629], [""1-3-5"", 0.0711], [""1-3-2"", 0.0616], [""1-5-3"", 0.056], [""1-2-3"", 0.0472], [""1-4-5"", 0.0411], [""1-5-4"", 0.0382], [""1-4-2"", 0.0357]]",5,36.8,"[[""5-1-3"", 0.0174], [""5-1-4"", 0.0118]]","[[""1-2-4"", 0.0321], [""3-1-4"", 0.0242], [""4-1-3"", 0.0199], [""1-5-2"", 0.0249]]",,,False,False,0.7852,強,"{""逃げ"": 68.6, ""まくり差し"": 11.8, ""まくり"": 9.8, ""差し"": 4.9, ""抜き"": 4.0, ""恵まれ"": 0.9}","[""0〜600円"", ""600〜740円"", ""740〜890円"", ""890〜1050円"", ""1050〜1220円"", ""1220〜1410円"", ""1410〜1630円"", ""1630〜1890円"", ""1890〜2200円"", ""2200〜2560円"", ""2560〜3020円"", ""3020〜3570円"", ""3570〜4280円"", ""4280〜5210円"", ""5210〜6480円"", ""6480〜8300円"", ""8300〜11200円"", ""11200〜16230円"", ""16230〜28240円"", ""28240円〜""]","[9.6, 7.4, 7.1, 6.0, 5.6, 5.5, 5.0, 5.5, 4.7, 4.8, 5.1, 3.6, 3.8, 4.0, 3.2, 3.9, 3.3, 3.5, 3.9, 4.6]","[4.6, 2.4, 2.1, 1.0, 0.6, 0.5, -0.0, 0.5, -0.3, -0.2, 0.1, -1.4, -1.2, -1.0, -1.8, -1.1, -1.7, -1.5, -1.1, -0.4]"
20260905,09,1,1,59.4,"[[""1-2-3"", 0.0445], [""1-2-4"", 0.0516], [""1-2-5"", 0.0502], [""1-3-2"", 0.036], [""1-4-2"", 0.0412], [""1-5-2"", 0.0398], [""1-3-4"", 0.0236], [""1-4-3"", 0.0233], [""1-3-5"", 0.0229]]",2,20.5,"[[""2-1-3"", 0.0275], [""2-1-4"", 0.0318], [""2-1-5"", 0.031], [""2-1-6"", 0.0116]]","[[""3-1-2"", 0.0203], [""4-1-2"", 0.0231], [""1-5-3"", 0.0225], [""5-1-2"", 0.0222]]",,,False,True,0.8201,強,"{""逃げ"": 69.0, ""まくり差し"": 8.8, ""差し"": 8.1, ""まくり"": 7.6, ""抜き"": 5.6, ""恵まれ"": 0.9}","[""0〜600円"", ""600〜740円"", ""740〜890円"", ""890〜1050円"", ""1050〜1220円"", ""1220〜1410円"", ""1410〜1630円"", ""1630〜1890円"", ""1890〜2200円"", ""2200〜2560円"", ""2560〜3020円"", ""3020〜3570円"", ""3570〜4280円"", ""4280〜5210円"", ""5210〜6480円"", ""6480〜8300円"", ""8300〜11200円"", ""11200〜16230円"", ""16230〜28240円"", ""28240円〜""]","[11.8, 7.5, 7.1, 6.4, 5.5, 5.1, 4.5, 5.5, 3.8, 4.7, 4.4, 4.3, 3.7, 3.6, 3.7, 2.8, 3.1, 3.1, 4.5, 4.9]","[6.8, 2.5, 2.1, 1.4, 0.5, 0.1, -0.5, 0.5, -1.2, -0.3, -0.6, -0.7, -1.3, -1.4, -1.3, -2.2, -1.9, -1.9, -0.5, -0.1]"
20260905,09,2,1,59.5,"[[""1-3-2"", 0.0429], [""1-3-4"", 0.0471], [""1-2-3"", 0.0378], [""1-4-3"", 0.0404], [""1-3-5"", 0.0343], [""1-2-4"", 0.0297], [""1-4-2"", 0.0289], [""1-5-3"", 0.0275], [""1-3-6"", 0.0236]]",3,31.3,"[[""3-1-2"", 0.0257], [""3-1-4"", 0.0283], [""3-1-5"", 0.0206], [""3-1-6"", 0.0142]]","[[""2-1-3"", 0.0216], [""4-1-3"", 0.0227], [""1-2-5"", 0.0216], [""1-5-2"", 0.0196]]",,,False,True,0.8201,強,"{""逃げ"": 69.0, ""まくり差し"": 8.8, ""差し"": 8.1, ""まくり"": 7.6, ""抜き"": 5.6, ""恵まれ"": 0.9}","[""0〜600円"", ""600〜740円"", ""740〜890円"", ""890〜1050円"", ""1050〜1220円"", ""1220〜1410円"", ""1410〜1630円"", ""1630〜1890円"", ""1890〜2200円"", ""2200〜2560円"", ""2560〜3020円"", ""3020〜3570円"", ""3570〜4280円"", ""4280〜5210円"", ""5210〜6480円"", ""6480〜8300円"", ""8300〜11200円"", ""11200〜16230円"", ""16230〜28240円"", ""28240円〜""]","[11.8, 7.5, 7.1, 6.4, 5.5, 5.1, 4.5, 5.5, 3.8, 4.7, 4.4, 4.3, 3.7, 3.6, 3.7, 2.8, 3.1, 3.1, 4.5, 4.9]","[6.8, 2.5, 2.1, 1.4, 0.5, 0.1, -0.5, 0.5, -1.2, -0.3, -0.6, -0.7, -1.3, -1.4, -1.3, -2.2, -1.9, -1.9, -0.5, -0.1]"
20260905,09,3,1,56.9,"[[""1-2-4"", 0.0552], [""1-4-2"", 0.0465], [""1-2-3"", 0.057], [""1-3-2"", 0.0454], [""1-2-5"", 0.0432], [""1-5-2"", 0.0325], [""1-4-3"", 0.0318], [""1-3-4"", 0.0301], [""1-4-5"", 0.0241]]",2,29.3,"[[""2-1-4"", 0.0308], [""2-1-3"", 0.0319], [""2-1-5"", 0.0241], [""2-1-6"", 0.0114]]","[[""4-1-2"", 0.0243], [""3-1-2"", 0.0232], [""1-5-4"", 0.0215], [""1-2-6"", 0.0204]]",,,False,False,0.7852,強,"{""逃げ"": 69.0, ""まくり差し"": 8.8, ""差し"": 8.1, ""まくり"": 7.6, ""抜き"": 5.6, ""恵まれ"": 0.9}","[""0〜600円"", ""600〜740円"", ""740〜890円"", ""890〜1050円"", ""1050〜1220円"", ""1220〜1410円"", ""1410〜1630円"", ""1630〜1890円"", ""1890〜2200円"", ""2200〜2560円"", ""2560〜3020円"", ""3020〜3570円"", ""3570〜4280円"", ""4280〜5210円"", ""5210〜6480円"", ""6480〜8300円"", ""8300〜11200円"", ""11200〜16230円"", ""16230〜28240円"", ""28240円〜""]","[11.8, 7.5, 7.1, 6.4, 5.5, 5.1, 4.5, 5.5, 3.8, 4.7, 4.4, 4.3, 3.7, 3.6, 3.7, 2.8, 3.1, 3.1, 4.5, 4.9]","[6.8, 2.5, 2.1, 1.4, 0.5, 0.1, -0.5, 0.5, -1.2, -0.3, -0.6, -0.7, -1.3, -1.4, -1.3, -2.2, -1.9, -1.9, -0.5, -0.1]"
20260905,09,4,1,52.5,"[[""1-2-3"", 0.0395], [""1-3-2"", 0.0385], [""1-2-4"", 0.0442], [""1-4-2"", 0.0421], [""1-3-4"", 0.0398], [""1-4-3"", 0.0389], [""1-2-5"", 0.0347], [""1-3-5"", 0.0312], [""1-5-2"", 0.0311]]",2,31.6,"[[""2-1-3"", 0.0172], [""2-1-4"", 0.0192], [""2-1-5"", 0.0151], [""2-1-6"", 0.0117]]","[[""1-5-3"", 0.0287], [""1-4-5"", 0.028], [""1-2-6"", 0.0268], [""1-5-4"", 0.0264]]",,,False,True,0.8201,強,"{""逃げ"": 69.0, ""まくり差し"": 8.8, ""差し"": 8.1, ""まくり"": 7.6, ""抜き"": 5.6, ""恵まれ"": 0.9}","[""0〜600円"", ""600〜740円"", ""740〜890円"", ""890〜1050円"", ""1050〜1220円"", ""1220〜1410円"", ""1410〜1630円"", ""1630〜1890円"", ""1890〜2200円"", ""2200〜2560円"", ""2560〜3020円"", ""3020〜3570円"", ""3570〜4280円"", ""4280〜5210円"", ""5210〜6480円"", ""6480〜8300円"", ""8300〜11200円"", ""11200〜16230円"", ""16230〜28240円"", ""28240円〜""]","[11.8, 7.5, 7.1, 6.4, 5.5, 5.1, 4.5, 5.5, 3.8, 4.7, 4.4, 4.3, 3.7, 3.6, 3.7, 2.8, 3.1, 3.1, 4.5, 4.9]","[6.8, 2.5, 2.1, 1.4, 0.5, 0.1, -0.5, 0.5, -1.2, -0.3, -0.6, -0.7, -1.3, -1.4, -1.3, -2.2, -1.9, -1.9, -0.5, -0.1]"
20260905,09,5,1,49.3,"[[""1-2-3"", 0.063], [""1-3-2"", 0.0625], [""1-2-5"", 0.0414], [""1-3-5"", 0.0403], [""1-5-2"", 0.0341], [""1-5-3"", 0.0335], [""1-2-4"", 0.0329], [""1-3-4"", 0.0321], [""1-4-2"", 0.0261]]",3,33.3,"[[""3-1-2"", 0.0322], [""3-1-5"", 0.0208], [""3-1-4"", 0.0165], [""3-1-6"", 0.011]]","[[""2-1-3"", 0.0325], [""1-4-3"", 0.0257], [""1-2-6"", 0.0218], [""2-1-5"", 0.0213]]",,,False,True,0.8201,強,"{""逃げ"": 69.0, ""まくり差し"": 8.8, ""差し"": 8.1, ""まくり"": 7.6, ""抜き"": 5.6, ""恵まれ"": 0.9}","[""0〜600円"", ""600〜740円"", ""740〜890円"", ""890〜1050円"", ""1050〜1220円"", ""1220〜1410円"", ""1410〜1630円"", ""1630〜1890円"", ""1890〜2200円"", ""2200〜2560円"", ""2560〜3020円"", ""3020〜3570円"", ""3570〜4280円"", ""4280〜5210円"", ""5210〜6480円"", ""6480〜8300円"", ""8300〜11200円"", ""11200〜16230円"", ""16230〜28240円"", ""28240円〜""]","[11.8, 7.5, 7.1, 6.4, 5.5, 5.1, 4.5, 5.5, 3.8, 4.7, 4.4, 4.3, 3.7, 3.6, 3.7, 2.8, 3.1, 3.1, 4.5, 4.9]","[6.8, 2.5, 2.1, 1.4, 0.5, 0.1, -0.5, 0.5, -1.2, -0.3, -0.6, -0.7, -1.3, -1.4, -1.3, -2.2, -1.9, -1.9, -0.5, -0.1]"
20260905,09,6,1,54.5,"[[""1-2-3"", 0.0535], [""1-3-2"", 0.046], [""1-2-4"", 0.0505], [""1-4-2"", 0.0406], [""1-2-6"", 0.0341], [""1-2-5"", 0.0312], [""1-3-4"", 0.03], [""1-4-3"", 0.0281], [""1-6-2"", 0.0255]]",2,27.7,"[[""2-1-3"", 0.0301], [""2-1-4"", 0.0285], [""2-1-6"", 0.0192], [""2-1-5"", 0.0176]]","[[""3-1-2"", 0.0245], [""1-5-2"", 0.0231], [""4-1-2"", 0.021], [""1-3-6"", 0.0203]]",,,False,True,0.8201,強,"{""逃げ"": 69.0, ""まくり差し"": 8.8, ""差し"": 8.1, ""まくり"": 7.6, ""抜き"": 5.6, ""恵まれ"": 0.9}","[""0〜600円"", ""600〜740円"", ""740〜890円"", ""890〜1050円"", ""1050〜1220円"", ""1220〜1410円"", ""1410〜1630円"", ""1630〜1890円"", ""1890〜2200円"", ""2200〜2560円"", ""2560〜3020円"", ""3020〜3570円"", ""3570〜4280円"", ""4280〜5210円"", ""5210〜6480円"", ""6480〜8300円"", ""8300〜11200円"", ""11200〜16230円"", ""16230〜28240円"", ""28240円〜""]","[11.8, 7.5, 7.1, 6.4, 5.5, 5.1, 4.5, 5.5, 3.8, 4.7, 4.4, 4.3, 3.7, 3.6, 3.7, 2.8, 3.1, 3.1, 4.5, 4.9]","[6.8, 2.5, 2.1, 1.4, 0.5, 0.1, -0.5, 0.5, -1.2, -0.3, -0.6, -0.7, -1.3, -1.4, -1.3, -2.2, -1.9, -1.9, -0.5, -0.1]"
20260905,09,7,1,59.3,"[[""1-2-4"", 0.0869], [""1-4-2"", 0.0788], [""1-2-3"", 0.0558], [""1-4-3"", 0.0414], [""1-2-5"", 0.0402], [""1-2-6"", 0.0316], [""1-4-5"", 0.0298], [""1-4-6"", 0.0234]]",2,22.9,"[[""2-1-4"", 0.034], [""2-1-3"", 0.0218], [""2-1-5"", 0.0157], [""2-1-6"", 0.0123]]","[[""1-3-2"", 0.0418], [""4-1-2"", 0.03], [""1-3-4"", 0.0342], [""1-5-2"", 0.0287]]",,,False,False,0.7852,強,"{""逃げ"": 69.0, ""まくり差し"": 8.8, ""差し"": 8.1, ""まくり"": 7.6, ""抜き"": 5.6, ""恵まれ"": 0.9}","[""0〜600円"", ""600〜740円"", ""740〜890円"", ""890〜1050円"", ""1050〜1220円"", ""1220〜1410円"", ""1410〜1630円"", ""1630〜1890円"", ""1890〜2200円"", ""2200〜2560円"", ""2560〜3020円"", ""3020〜3570円"", ""3570〜4280円"", ""4280〜5210円"", ""5210〜6480円"", ""6480〜8300円"", ""8300〜11200円"", ""11200〜16230円"", ""16230〜28240円"", ""28240円〜""]","[11.8, 7.5, 7.1, 6.4, 5.5, 5.1, 4.5, 5.5, 3.8, 4.7, 4.4, 4.3, 3.7, 3.6, 3.7, 2.8, 3.1, 3.1, 4.5, 4.9]","[6.8, 2.5, 2.1, 1.4, 0.5, 0.1, -0.5, 0.5, -1.2, -0.3, -0.6, -0.7, -1.3, -1.4, -1.3, -2.2, -1.9, -1.9, -0.5, -0.1]"
20260905,09,8,1,52.8,"[[""1-2-4"", 0.0493], [""1-2-3"", 0.0561], [""1-4-2"", 0.0405], [""1-3-2"", 0.0447], [""1-2-5"", 0.0413], [""1-5-2"", 0.0309], [""1-4-3"", 0.0283], [""1-3-4"", 0.0275], [""1-4-5"", 0.0209]]",2,26.1,"[[""2-1-4"", 0.0301], [""2-1-3"", 0.0343], [""2-1-5"", 0.0252], [""2-1-6"", 0.0124]]","[[""4-1-2"", 0.0228], [""3-1-2"", 0.0249], [""1-2-6"", 0.0203], [""1-5-4"", 0.019]]",,,False,False,0.7852,強,"{""逃げ"": 69.0, ""まくり差し"": 8.8, ""差し"": 8.1, ""まくり"": 7.6, ""抜き"": 5.6, ""恵まれ"": 0.9}","[""0〜600円"", ""600〜740円"", ""740〜890円"", ""890〜1050円"", ""1050〜1220円"", ""1220〜1410円"", ""1410〜1630円"", ""1630〜1890円"", ""1890〜2200円"", ""2200〜2560円"", ""2560〜3020円"", ""3020〜3570円"", ""3570〜4280円"", ""4280〜5210円"", ""5210〜6480円"", ""6480〜8300円"", ""8300〜11200円"", ""11200〜16230円"", ""16230〜28240円"", ""28240円〜""]","[11.8, 7.5, 7.1, 6.4, 5.5, 5.1, 4.5, 5.5, 3.8, 4.7, 4.4, 4.3, 3.7, 3.6, 3.7, 2.8, 3.1, 3.1, 4.5, 4.9]","[6.8, 2.5, 2.1, 1.4, 0.5, 0.1, -0.5, 0.5, -1.2, -0.3, -0.6, -0.7, -1.3, -1.4, -1.3, -2.2, -1.9, -1.9, -0.5, -0.1]"
20260905,09,9,1,62.2,"[[""1-2-4"", 0.0671], [""1-4-2"", 0.0583], [""1-2-3"", 0.0662], [""1-3-2"", 0.0536], [""1-2-5"", 0.0433], [""1-4-3"", 0.0411], [""1-3-4"", 0.0383], [""1-2-6"", 0.033], [""1-5-2"", 0.0325]]",2,23.6,"[[""2-1-4"", 0.0256], [""2-1-3"", 0.0253], [""2-1-5"", 0.0166], [""2-1-6"", 0.0126]]","[[""4-1-2"", 0.0215], [""1-4-5"", 0.0269], [""1-6-2"", 0.0239], [""1-5-4"", 0.0232]]",,,False,False,0.7852,強,"{""逃げ"": 69.0, ""まくり差し"": 8.8, ""差し"": 8.1, ""まくり"": 7.6, ""抜き"": 5.6, ""恵まれ"": 0.9}","[""0〜600円"", ""600〜740円"", ""740〜890円"", ""890〜1050円"", ""1050〜1220円"", ""1220〜1410円"", ""1410〜1630円"", ""1630〜1890円"", ""1890〜2200円"", ""2200〜2560円"", ""2560〜3020円"", ""3020〜3570円"", ""3570〜4280円"", ""4280〜5210円"", ""5210〜6480円"", ""6480〜8300円"", ""8300〜11200円"", ""11200〜16230円"", ""16230〜28240円"", ""28240円〜""]","[11.8, 7.5, 7.1, 6.4, 5.5, 5.1, 4.5, 5.5, 3.8, 4.7, 4.4, 4.3, 3.7, 3.6, 3.7, 2.8, 3.1, 3.1, 4.5, 4.9]","[6.8, 2.5, 2.1, 1.4, 0.5, 0.1, -0.5, 0.5, -1.2, -0.3, -0.6, -0.7, -1.3, -1.4, -1.3, -2.2, -1.9, -1.9, -0.5, -0.1]"
20260905,09,10,1,54.6,"[[""1-3-2"", 0.0462], [""1-3-5"", 0.0541], [""1-3-4"", 0.0526], [""1-2-3"", 0.0399], [""1-5-3"", 0.0462], [""1-4-3"", 0.0447], [""1-2-5"", 0.031], [""1-5-2"", 0.0307], [""1-2-4"", 0.0302]]",3,27.6,"[[""3-1-2"", 0.0232], [""3-1-5"", 0.0272], [""3-1-4"", 0.0265]]","[[""1-4-2"", 0.0296], [""1-5-4"", 0.0287], [""1-4-5"", 0.0285], [""2-1-3"", 0.019]]",,,False,True,0.8201,強,"{""逃げ"": 69.0, ""まくり差し"": 8.8, ""差し"": 8.1, ""まくり"": 7.6, ""抜き"": 5.6, ""恵まれ"": 0.9}","[""0〜600円"", ""600〜740円"", ""740〜890円"", ""890〜1050円"", ""1050〜1220円"", ""1220〜1410円"", ""1410〜1630円"", ""1630〜1890円"", ""1890〜2200円"", ""2200〜2560円"", ""2560〜3020円"", ""3020〜3570円"", ""3570〜4280円"", ""4280〜5210円"", ""5210〜6480円"", ""6480〜8300円"", ""8300〜11200円"", ""11200〜16230円"", ""16230〜28240円"", ""28240円〜""]","[11.8, 7.5, 7.1, 6.4, 5.5, 5.1, 4.5, 5.5, 3.8, 4.7, 4.4, 4.3, 3.7, 3.6, 3.7, 2.8, 3.1, 3.1, 4.5, 4.9]","[6.8, 2.5, 2.1, 1.4, 0.5, 0.1, -0.5, 0.5, -1.2, -0.3, -0.6, -0.7, -1.3, -1.4, -1.3, -2.2, -1.9, -1.9, -0.5, -0.1]"
20260905,09,11,1,55.2,"[[""1-2-3"", 0.073], [""1-3-2"", 0.0697], [""1-2-5"", 0.0385], [""1-2-4"", 0.0375], [""1-3-5"", 0.0334], [""1-3-4"", 0.0326], [""1-2-6"", 0.0229], [""1-3-6"", 0.0199]]",2,23.5,"[[""2-1-3"", 0.039], [""2-1-5"", 0.0206], [""2-1-4"", 0.02], [""2-1-6"", 0.0122]]","[[""3-1-2"", 0.0366], [""1-5-2"", 0.0292], [""1-4-2"", 0.0284], [""1-5-3"", 0.0266]]",,,False,True,0.8201,強,"{""逃げ"": 69.0, ""まくり差し"": 8.8, ""差し"": 8.1, ""まくり"": 7.6, ""抜き"": 5.6, ""恵まれ"": 0.9}","[""0〜600円"", ""600〜740円"", ""740〜890円"", ""890〜1050円"", ""1050〜1220円"", ""1220〜1410円"", ""1410〜1630円"", ""1630〜1890円"", ""1890〜2200円"", ""2200〜2560円"", ""2560〜3020円"", ""3020〜3570円"", ""3570〜4280円"", ""4280〜5210円"", ""5210〜6480円"", ""6480〜8300円"", ""8300〜11200円"", ""11200〜16230円"", ""16230〜28240円"", ""28240円〜""]","[11.8, 7.5, 7.1, 6.4, 5.5, 5.1, 4.5, 5.5, 3.8, 4.7, 4.4, 4.3, 3.7, 3.6, 3.7, 2.8, 3.1, 3.1, 4.5, 4.9]","[6.8, 2.5, 2.1, 1.4, 0.5, 0.1, -0.5, 0.5, -1.2, -0.3, -0.6, -0.7, -1.3, -1.4, -1.3, -2.2, -1.9, -1.9, -0.5, -0.1]"
20260905,09,12,1,50.9,"[[""1-2-3"", 0.0626], [""1-2-4"", 0.0656], [""1-3-2"", 0.0515], [""1-4-2"", 0.0519], [""1-2-5"", 0.0378], [""1-3-4"", 0.034], [""1-4-3"", 0.0326], [""1-2-6"", 0.0307], [""1-5-2"", 0.027]]",2,25.0,"[[""2-1-3"", 0.0315], [""2-1-4"", 0.033], [""2-1-5"", 0.019], [""2-1-6"", 0.0155]]","[[""3-1-2"", 0.0243], [""4-1-2"", 0.0241], [""1-6-2"", 0.0215], [""1-3-5"", 0.0196]]",,,False,True,0.8201,強,"{""逃げ"": 69.0, ""まくり差し"": 8.8, ""差し"": 8.1, ""まくり"": 7.6, ""抜き"": 5.6, ""恵まれ"": 0.9}","[""0〜600円"", ""600〜740円"", ""740〜890円"", ""890〜1050円"", ""1050〜1220円"", ""1220〜1410円"", ""1410〜1630円"", ""1630〜1890円"", ""1890〜2200円"", ""2200〜2560円"", ""2560〜3020円"", ""3020〜3570円"", ""3570〜4280円"", ""4280〜5210円"", ""5210〜6480円"", ""6480〜8300円"", ""8300〜11200円"", ""11200〜16230円"", ""16230〜28240円"", ""28240円〜""]","[11.8, 7.5, 7.1, 6.4, 5.5, 5.1, 4.5, 5.5, 3.8, 4.7, 4.4, 4.3, 3.7, 3.6, 3.7, 2.8, 3.1, 3.1, 4.5, 4.9]","[6.8, 2.5, 2.1, 1.4, 0.5, 0.1, -0.5, 0.5, -1.2, -0.3, -0.6, -0.7, -1.3, -1.4, -1.3, -2.2, -1.9, -1.9, -0.5, -0.1]"
20260905,10,1,1,51.0,"[[""1-2-4"", 0.1727], [""1-2-3"", 0.0923], [""1-2-5"", 0.0707], [""1-2-6"", 0.0494]]",2,37.3,"[[""2-1-4"", 0.018]]","[[""1-4-2"", 0.1221], [""1-3-2"", 0.054], [""1-5-2"", 0.0402], [""1-4-3"", 0.036]]",1-2,0.4774,False,False,0.7852,強,"{""逃げ"": 63.2, ""差し"": 12.3, ""まくり差し"": 9.3, ""まくり"": 9.1, ""抜き"": 5.5, ""恵まれ"": 0.7}","[""0〜600円"", ""600〜740円"", ""740〜890円"", ""890〜1050円"", ""1050〜1220円"", ""1220〜1410円"", ""1410〜1630円"", ""1630〜1890円"", ""1890〜2200円"", ""2200〜2560円"", ""2560〜3020円"", ""3020〜3570円"", ""3570〜4280円"", ""4280〜5210円"", ""5210〜6480円"", ""6480〜8300円"", ""8300〜11200円"", ""11200〜16230円"", ""16230〜28240円"", ""28240円〜""]","[9.0, 7.0, 7.0, 6.2, 5.1, 4.7, 5.4, 4.4, 4.5, 4.1, 4.3, 3.8, 3.6, 4.2, 3.6, 3.6, 3.9, 4.7, 5.4, 5.5]","[4.0, 2.0, 2.0, 1.2, 0.1, -0.3, 0.4, -0.6, -0.5, -0.9, -0.7, -1.2, -1.4, -0.8, -1.4, -1.4, -1.1, -0.3, 0.4, 0.5]"
20260905,10,2,1,52.4,"[[""1-2-4"", 0.0753], [""1-2-3"", 0.0953], [""1-2-5"", 0.0593], [""1-2-6"", 0.0182]]",2,26.4,"[[""2-1-4"", 0.0396], [""2-1-3"", 0.0501], [""2-1-5"", 0.0312]]","[[""1-4-2"", 0.0498], [""1-3-2"", 0.0629], [""1-5-2"", 0.0359], [""4-1-2"", 0.0229]]",1-2,0.41,False,False,0.7852,中,"{""逃げ"": 50.3, ""差し"": 16.4, ""まくり"": 13.8, ""まくり差し"": 11.4, ""抜き"": 7.2, ""恵まれ"": 0.9}","[""0〜600円"", ""600〜740円"", ""740〜890円"", ""890〜1050円"", ""1050〜1220円"", ""1220〜1410円"", ""1410〜1630円"", ""1630〜1890円"", ""1890〜2200円"", ""2200〜2560円"", ""2560〜3020円"", ""3020〜3570円"", ""3570〜4280円"", ""4280〜5210円"", ""5210〜6480円"", ""6480〜8300円"", ""8300〜11200円"", ""11200〜16230円"", ""16230〜28240円"", ""28240円〜""]","[5.5, 4.9, 4.6, 4.4, 4.6, 5.3, 5.2, 4.1, 5.1, 4.9, 5.2, 5.5, 5.4, 6.0, 4.8, 4.6, 4.1, 6.0, 4.2, 5.9]","[0.5, -0.1, -0.4, -0.6, -0.4, 0.3, 0.2, -0.9, 0.1, -0.1, 0.2, 0.5, 0.4, 1.0, -0.2, -0.4, -0.9, 1.0, -0.8, 0.9]"
20260905,10,3,1,53.7,"[[""1-3-2"", 0.1279], [""1-3-4"", 0.0827], [""1-3-5"", 0.0492], [""1-3-6"", 0.0237]]",3,29.1,"[[""3-1-2"", 0.0725], [""3-1-4"", 0.0469], [""3-1-5"", 0.0279], [""3-1-6"", 0.0134]]","[[""1-2-3"", 0.0746], [""2-1-3"", 0.0357], [""1-4-3"", 0.0424], [""3-2-1"", 0.0213]]",1-3,0.488,False,True,0.8201,強,"{""逃げ"": 63.2, ""差し"": 12.3, ""まくり差し"": 9.3, ""まくり"": 9.1, ""抜き"": 5.5, ""恵まれ"": 0.7}","[""0〜600円"", ""600〜740円"", ""740〜890円"", ""890〜1050円"", ""1050〜1220円"", ""1220〜1410円"", ""1410〜1630円"", ""1630〜1890円"", ""1890〜2200円"", ""2200〜2560円"", ""2560〜3020円"", ""3020〜3570円"", ""3570〜4280円"", ""4280〜5210円"", ""5210〜6480円"", ""6480〜8300円"", ""8300〜11200円"", ""11200〜16230円"", ""16230〜28240円"", ""28240円〜""]","[9.0, 7.0, 7.0, 6.2, 5.1, 4.7, 5.4, 4.4, 4.5, 4.1, 4.3, 3.8, 3.6, 4.2, 3.6, 3.6, 3.9, 4.7, 5.4, 5.5]","[4.0, 2.0, 2.0, 1.2, 0.1, -0.3, 0.4, -0.6, -0.5, -0.9, -0.7, -1.2, -1.4, -0.8, -1.4, -1.4, -1.1, -0.3, 0.4, 0.5]"
20260905,10,4,1,54.8,"[[""1-3-2"", 0.0775], [""1-3-5"", 0.0811], [""1-3-4"", 0.072], [""1-3-6"", 0.0662]]",3,27.1,"[[""3-1-2"", 0.0411], [""3-1-5"", 0.043], [""3-1-4"", 0.0382], [""3-1-6"", 0.0351]]","[[""1-2-3"", 0.042], [""1-5-3"", 0.0429], [""1-4-3"", 0.0375], [""1-6-3"", 0.0342]]",1-3,0.4803,False,True,0.8201,中,"{""逃げ"": 50.3, ""差し"": 16.4, ""まくり"": 13.8, ""まくり差し"": 11.4, ""抜き"": 7.2, ""恵まれ"": 0.9}","[""0〜600円"", ""600〜740円"", ""740〜890円"", ""890〜1050円"", ""1050〜1220円"", ""1220〜1410円"", ""1410〜1630円"", ""1630〜1890円"", ""1890〜2200円"", ""2200〜2560円"", ""2560〜3020円"", ""3020〜3570円"", ""3570〜4280円"", ""4280〜5210円"", ""5210〜6480円"", ""6480〜8300円"", ""8300〜11200円"", ""11200〜16230円"", ""16230〜28240円"", ""28240円〜""]","[5.5, 4.9, 4.6, 4.4, 4.6, 5.3, 5.2, 4.1, 5.1, 4.9, 5.2, 5.5, 5.4, 6.0, 4.8, 4.6, 4.1, 6.0, 4.2, 5.9]","[0.5, -0.1, -0.4, -0.6, -0.4, 0.3, 0.2, -0.9, 0.1, -0.1, 0.2, 0.5, 0.4, 1.0, -0.2, -0.4, -0.9, 1.0, -0.8, 0.9]"
20260905,10,5,4,50.3,"[[""4-1-2"", 0.0598], [""4-2-1"", 0.0573], [""4-1-3"", 0.0291], [""4-1-6"", 0.0259], [""4-2-3"", 0.0257], [""4-2-6"", 0.0229], [""4-1-5"", 0.0113], [""4-2-5"", 0.01]]",1,31.0,"[[""1-4-2"", 0.0471], [""1-4-3"", 0.0229], [""1-4-6"", 0.0204]]","[[""2-4-1"", 0.0442], [""1-2-4"", 0.0321], [""2-1-4"", 0.0314], [""4-3-1"", 0.0211]]",,,False,False,0.7852,強,"{""逃げ"": 63.2, ""差し"": 12.3, ""まくり差し"": 9.3, ""まくり"": 9.1, ""抜き"": 5.5, ""恵まれ"": 0.7}","[""0〜600円"", ""600〜740円"", ""740〜890円"", ""890〜1050円"", ""1050〜1220円"", ""1220〜1410円"", ""1410〜1630円"", ""1630〜1890円"", ""1890〜2200円"", ""2200〜2560円"", ""2560〜3020円"", ""3020〜3570円"", ""3570〜4280円"", ""4280〜5210円"", ""5210〜6480円"", ""6480〜8300円"", ""8300〜11200円"", ""11200〜16230円"", ""16230〜28240円"", ""28240円〜""]","[9.0, 7.0, 7.0, 6.2, 5.1, 4.7, 5.4, 4.4, 4.5, 4.1, 4.3, 3.8, 3.6, 4.2, 3.6, 3.6, 3.9, 4.7, 5.4, 5.5]","[4.0, 2.0, 2.0, 1.2, 0.1, -0.3, 0.4, -0.6, -0.5, -0.9, -0.7, -1.2, -1.4, -0.8, -1.4, -1.4, -1.1, -0.3, 0.4, 0.5]"
20260905,10,6,4,54.5,"[[""4-1-3"", 0.0562], [""4-1-2"", 0.0243], [""4-1-6"", 0.0242], [""4-1-5"", 0.0227]]",1,38.9,"[[""1-4-3"", 0.052], [""1-4-2"", 0.0225], [""1-4-6"", 0.0224], [""1-4-5"", 0.0209]]","[[""4-3-1"", 0.0457], [""1-3-4"", 0.0379], [""3-4-1"", 0.0376], [""3-1-4"", 0.0338]]",1-4,0.2689,False,True,0.8201,強,"{""逃げ"": 63.2, ""差し"": 12.3, ""まくり差し"": 9.3, ""まくり"": 9.1, ""抜き"": 5.5, ""恵まれ"": 0.7}","[""0〜600円"", ""600〜740円"", ""740〜890円"", ""890〜1050円"", ""1050〜1220円"", ""1220〜1410円"", ""1410〜1630円"", ""1630〜1890円"", ""1890〜2200円"", ""2200〜2560円"", ""2560〜3020円"", ""3020〜3570円"", ""3570〜4280円"", ""4280〜5210円"", ""5210〜6480円"", ""6480〜8300円"", ""8300〜11200円"", ""11200〜16230円"", ""16230〜28240円"", ""28240円〜""]","[9.0, 7.0, 7.0, 6.2, 5.1, 4.7, 5.4, 4.4, 4.5, 4.1, 4.3, 3.8, 3.6, 4.2, 3.6, 3.6, 3.9, 4.7, 5.4, 5.5]","[4.0, 2.0, 2.0, 1.2, 0.1, -0.3, 0.4, -0.6, -0.5, -0.9, -0.7, -1.2, -1.4, -0.8, -1.4, -1.4, -1.1, -0.3, 0.4, 0.5]"
20260905,10,7,1,44.7,"[[""1-2-4"", 0.0682], [""1-2-5"", 0.057], [""1-2-3"", 0.0529], [""1-2-6"", 0.0138]]",2,31.4,"[[""2-1-4"", 0.0544], [""2-1-5"", 0.0455], [""2-1-3"", 0.0422], [""2-1-6"", 0.011]]","[[""1-4-2"", 0.0437], [""4-1-2"", 0.0284], [""2-4-1"", 0.0264], [""1-5-2"", 0.0335]]",1-2,0.3785,False,False,0.7852,弱,"{""逃げ"": 31.9, ""まくり"": 21.4, ""差し"": 22.0, ""まくり差し"": 15.6, ""抜き"": 8.1, ""恵まれ"": 1.0}","[""0〜600円"", ""600〜740円"", ""740〜890円"", ""890〜1050円"", ""1050〜1220円"", ""1220〜1410円"", ""1410〜1630円"", ""1630〜1890円"", ""1890〜2200円"", ""2200〜2560円"", ""2560〜3020円"", ""3020〜3570円"", ""3570〜4280円"", ""4280〜5210円"", ""5210〜6480円"", ""6480〜8300円"", ""8300〜11200円"", ""11200〜16230円"", ""16230〜28240円"", ""28240円〜""]","[0.9, 1.0, 2.5, 3.2, 2.7, 4.3, 4.0, 5.8, 5.1, 5.3, 5.2, 7.2, 7.1, 6.7, 7.1, 7.0, 7.2, 5.8, 7.1, 4.5]","[-4.1, -4.0, -2.5, -1.8, -2.3, -0.7, -1.0, 0.8, 0.1, 0.3, 0.2, 2.2, 2.1, 1.7, 2.1, 2.0, 2.2, 0.8, 2.1, -0.5]"
20260905,10,8,1,53.5,"[[""1-6-4"", 0.031], [""1-6-3"", 0.039], [""1-4-6"", 0.0287], [""1-3-6"", 0.036], [""1-4-3"", 0.0292], [""1-3-4"", 0.0291], [""1-6-2"", 0.0235], [""1-2-6"", 0.0194], [""1-6-5"", 0.0187]]",3,52.3,"[[""3-1-6"", 0.0242], [""3-1-4"", 0.0195], [""3-1-2"", 0.0116]]","[[""6-1-4"", 0.0217], [""6-1-3"", 0.0272], [""4-1-6"", 0.0193], [""4-1-3"", 0.0196]]",,,False,False,0.7852,弱,"{""逃げ"": 31.9, ""まくり"": 21.4, ""差し"": 22.0, ""まくり差し"": 15.6, ""抜き"": 8.1, ""恵まれ"": 1.0}","[""0〜600円"", ""600〜740円"", ""740〜890円"", ""890〜1050円"", ""1050〜1220円"", ""1220〜1410円"", ""1410〜1630円"", ""1630〜1890円"", ""1890〜2200円"", ""2200〜2560円"", ""2560〜3020円"", ""3020〜3570円"", ""3570〜4280円"", ""4280〜5210円"", ""5210〜6480円"", ""6480〜8300円"", ""8300〜11200円"", ""11200〜16230円"", ""16230〜28240円"", ""28240円〜""]","[0.9, 1.0, 2.5, 3.2, 2.7, 4.3, 4.0, 5.8, 5.1, 5.3, 5.2, 7.2, 7.1, 6.7, 7.1, 7.0, 7.2, 5.8, 7.1, 4.5]","[-4.1, -4.0, -2.5, -1.8, -2.3, -0.7, -1.0, 0.8, 0.1, 0.3, 0.2, 2.2, 2.1, 1.7, 2.1, 2.0, 2.2, 0.8, 2.1, -0.5]"
20260905,10,9,1,34.2,"[[""1-2-3"", 0.0641], [""1-2-5"", 0.0575], [""1-2-4"", 0.0215]]",3,33.5,"[[""3-1-2"", 0.0392], [""3-1-5"", 0.0237]]","[[""2-1-3"", 0.0544], [""1-3-2"", 0.0517], [""2-1-5"", 0.0488], [""2-3-1"", 0.0351]]",,,False,True,0.8201,弱,"{""逃げ"": 31.9, ""まくり"": 21.4, ""差し"": 22.0, ""まくり差し"": 15.6, ""抜き"": 8.1, ""恵まれ"": 1.0}","[""0〜600円"", ""600〜740円"", ""740〜890円"", ""890〜1050円"", ""1050〜1220円"", ""1220〜1410円"", ""1410〜1630円"", ""1630〜1890円"", ""1890〜2200円"", ""2200〜2560円"", ""2560〜3020円"", ""3020〜3570円"", ""3570〜4280円"", ""4280〜5210円"", ""5210〜6480円"", ""6480〜8300円"", ""8300〜11200円"", ""11200〜16230円"", ""16230〜28240円"", ""28240円〜""]","[0.9, 1.0, 2.5, 3.2, 2.7, 4.3, 4.0, 5.8, 5.1, 5.3, 5.2, 7.2, 7.1, 6.7, 7.1, 7.0, 7.2, 5.8, 7.1, 4.5]","[-4.1, -4.0, -2.5, -1.8, -2.3, -0.7, -1.0, 0.8, 0.1, 0.3, 0.2, 2.2, 2.1, 1.7, 2.1, 2.0, 2.2, 0.8, 2.1, -0.5]"
20260905,10,10,1,59.1,"[[""1-2-5"", 0.0753], [""1-2-3"", 0.0948], [""1-2-4"", 0.0842], [""1-2-6"", 0.0357]]",2,31.7,"[[""2-1-5"", 0.0673], [""2-1-3"", 0.0847], [""2-1-4"", 0.0753], [""2-1-6"", 0.0319]]","[[""1-5-2"", 0.0255], [""1-3-2"", 0.0321], [""1-4-2"", 0.0282], [""2-5-1"", 0.0202]]",1-2,0.5883,True,False,0.7852,強,"{""逃げ"": 63.2, ""差し"": 12.3, ""まくり差し"": 9.3, ""まくり"": 9.1, ""抜き"": 5.5, ""恵まれ"": 0.7}","[""0〜600円"", ""600〜740円"", ""740〜890円"", ""890〜1050円"", ""1050〜1220円"", ""1220〜1410円"", ""1410〜1630円"", ""1630〜1890円"", ""1890〜2200円"", ""2200〜2560円"", ""2560〜3020円"", ""3020〜3570円"", ""3570〜4280円"", ""4280〜5210円"", ""5210〜6480円"", ""6480〜8300円"", ""8300〜11200円"", ""11200〜16230円"", ""16230〜28240円"", ""28240円〜""]","[9.0, 7.0, 7.0, 6.2, 5.1, 4.7, 5.4, 4.4, 4.5, 4.1, 4.3, 3.8, 3.6, 4.2, 3.6, 3.6, 3.9, 4.7, 5.4, 5.5]","[4.0, 2.0, 2.0, 1.2, 0.1, -0.3, 0.4, -0.6, -0.5, -0.9, -0.7, -1.2, -1.4, -0.8, -1.4, -1.4, -1.1, -0.3, 0.4, 0.5]"
20260905,10,11,4,51.0,"[[""4-1-2"", 0.0352], [""4-1-3"", 0.041], [""4-2-1"", 0.0297], [""4-3-1"", 0.0336], [""4-2-3"", 0.0241], [""4-3-2"", 0.0234], [""4-1-5"", 0.0158], [""4-5-1"", 0.0108]]",1,27.9,"[[""1-4-2"", 0.0348], [""1-4-3"", 0.0405], [""1-2-4"", 0.0289], [""1-3-4"", 0.0327], [""1-2-3"", 0.0228], [""1-3-2"", 0.0221]]","[[""2-4-1"", 0.0264], [""2-1-4"", 0.026], [""3-4-1"", 0.0292], [""3-1-4"", 0.0288]]",,,False,False,0.7852,強,"{""逃げ"": 63.2, ""差し"": 12.3, ""まくり差し"": 9.3, ""まくり"": 9.1, ""抜き"": 5.5, ""恵まれ"": 0.7}","[""0〜600円"", ""600〜740円"", ""740〜890円"", ""890〜1050円"", ""1050〜1220円"", ""1220〜1410円"", ""1410〜1630円"", ""1630〜1890円"", ""1890〜2200円"", ""2200〜2560円"", ""2560〜3020円"", ""3020〜3570円"", ""3570〜4280円"", ""4280〜5210円"", ""5210〜6480円"", ""6480〜8300円"", ""8300〜11200円"", ""11200〜16230円"", ""16230〜28240円"", ""28240円〜""]","[9.0, 7.0, 7.0, 6.2, 5.1, 4.7, 5.4, 4.4, 4.5, 4.1, 4.3, 3.8, 3.6, 4.2, 3.6, 3.6, 3.9, 4.7, 5.4, 5.5]","[4.0, 2.0, 2.0, 1.2, 0.1, -0.3, 0.4, -0.6, -0.5, -0.9, -0.7, -1.2, -1.4, -0.8, -1.4, -1.4, -1.1, -0.3, 0.4, 0.5]"
20260905,10,12,1,59.3,"[[""1-4-3"", 0.0676], [""1-3-4"", 0.0633], [""1-4-2"", 0.0796], [""1-2-4"", 0.0725], [""1-3-2"", 0.0629], [""1-2-3"", 0.0612], [""1-4-5"", 0.0459], [""1-5-4"", 0.0369], [""1-3-5"", 0.0363]]",2,38.4,"[[""2-1-4"", 0.0197], [""2-1-3"", 0.0166]]","[[""1-2-5"", 0.0326], [""1-5-3"", 0.0312], [""1-5-2"", 0.0288], [""4-1-3"", 0.0187]]",,,False,False,0.7852,強,"{""逃げ"": 63.2, ""差し"": 12.3, ""まくり差し"": 9.3, ""まくり"": 9.1, ""抜き"": 5.5, ""恵まれ"": 0.7}","[""0〜600円"", ""600〜740円"", ""740〜890円"", ""890〜1050円"", ""1050〜1220円"", ""1220〜1410円"", ""1410〜1630円"", ""1630〜1890円"", ""1890〜2200円"", ""2200〜2560円"", ""2560〜3020円"", ""3020〜3570円"", ""3570〜4280円"", ""4280〜5210円"", ""5210〜6480円"", ""6480〜8300円"", ""8300〜11200円"", ""11200〜16230円"", ""16230〜28240円"", ""28240円〜""]","[9.0, 7.0, 7.0, 6.2, 5.1, 4.7, 5.4, 4.4, 4.5, 4.1, 4.3, 3.8, 3.6, 4.2, 3.6, 3.6, 3.9, 4.7, 5.4, 5.5]","[4.0, 2.0, 2.0, 1.2, 0.1, -0.3, 0.4, -0.6, -0.5, -0.9, -0.7, -1.2, -1.4, -0.8, -1.4, -1.4, -1.1, -0.3, 0.4, 0.5]"
20260905,11,1,1,39.4,"[[""1-3-2"", 0.1532], [""1-3-5"", 0.0785], [""1-3-6"", 0.0477], [""1-3-4"", 0.0188]]",3,47.7,"[[""3-1-2"", 0.0909], [""3-1-5"", 0.0465], [""3-1-6"", 0.0283], [""3-1-4"", 0.0111]]","[[""1-2-3"", 0.0813], [""2-1-3"", 0.0397], [""1-5-3"", 0.0355], [""3-2-1"", 0.0255]]",1-3,0.5285,True,True,0.8201,中,"{""逃げ"": 51.5, ""まくり差し"": 14.4, ""まくり"": 14.4, ""差し"": 12.7, ""抜き"": 6.3, ""恵まれ"": 0.8}","[""0〜600円"", ""600〜740円"", ""740〜890円"", ""890〜1050円"", ""1050〜1220円"", ""1220〜1410円"", ""1410〜1630円"", ""1630〜1890円"", ""1890〜2200円"", ""2200〜2560円"", ""2560〜3020円"", ""3020〜3570円"", ""3570〜4280円"", ""4280〜5210円"", ""5210〜6480円"", ""6480〜8300円"", ""8300〜11200円"", ""11200〜16230円"", ""16230〜28240円"", ""28240円〜""]","[4.0, 4.2, 5.9, 5.0, 5.4, 4.9, 5.1, 4.6, 5.3, 5.1, 5.6, 5.9, 4.4, 4.7, 4.7, 5.2, 6.0, 4.6, 4.8, 4.2]","[-1.0, -0.8, 0.9, 0.0, 0.4, -0.1, 0.1, -0.4, 0.3, 0.1, 0.6, 0.9, -0.6, -0.3, -0.3, 0.2, 1.0, -0.4, -0.2, -0.8]"
20260905,11,2,4,51.0,"[[""4-1-2"", 0.0543], [""4-2-1"", 0.0509], [""4-1-3"", 0.0395], [""4-2-3"", 0.0327], [""4-1-6"", 0.0133], [""4-1-5"", 0.0126], [""4-2-6"", 0.011], [""4-2-5"", 0.0104]]",1,45.8,"[[""1-4-2"", 0.045], [""1-4-3"", 0.0327], [""1-4-6"", 0.011], [""1-4-5"", 0.0104]]","[[""2-4-1"", 0.0407], [""1-2-4"", 0.0322], [""2-1-4"", 0.0311], [""4-3-1"", 0.0306]]",,,False,False,0.7852,強,"{""逃げ"": 63.9, ""差し"": 10.9, ""まくり差し"": 10.1, ""まくり"": 9.2, ""抜き"": 5.1, ""恵まれ"": 0.8}","[""0〜600円"", ""600〜740円"", ""740〜890円"", ""890〜1050円"", ""1050〜1220円"", ""1220〜1410円"", ""1410〜1630円"", ""1630〜1890円"", ""1890〜2200円"", ""2200〜2560円"", ""2560〜3020円"", ""3020〜3570円"", ""3570〜4280円"", ""4280〜5210円"", ""5210〜6480円"", ""6480〜8300円"", ""8300〜11200円"", ""11200〜16230円"", ""16230〜28240円"", ""28240円〜""]","[8.4, 6.3, 6.9, 6.1, 5.4, 5.6, 5.5, 4.7, 4.3, 4.6, 4.4, 4.4, 4.2, 3.8, 3.6, 3.9, 3.4, 4.0, 4.6, 5.9]","[3.4, 1.3, 1.9, 1.1, 0.4, 0.6, 0.5, -0.3, -0.7, -0.4, -0.6, -0.6, -0.8, -1.2, -1.4, -1.1, -1.6, -1.0, -0.4, 0.9]"
20260905,11,3,1,,"[[""1-2-4"", 0.0309], [""1-4-2"", 0.0281], [""1-2-6"", 0.0276], [""1-6-2"", 0.0225], [""1-4-6"", 0.0204], [""1-2-3"", 0.0191], [""1-6-4"", 0.0183], [""1-3-2"", 0.0145], [""1-4-3"", 0.0141]]",2,27.2,"[[""2-1-4"", 0.0301], [""2-4-1"", 0.0264], [""2-1-6"", 0.0269], [""2-6-1"", 0.0213], [""2-1-3"", 0.0186], [""2-4-6"", 0.0178]]","[[""4-1-2"", 0.0258], [""4-2-1"", 0.0249], [""6-1-2"", 0.0192], [""4-1-6"", 0.0187]]",,,False,False,0.7852,弱,"{""逃げ"": 34.2, ""まくり"": 22.0, ""差し"": 19.0, ""まくり差し"": 17.6, ""抜き"": 6.7, ""恵まれ"": 0.6}","[""0〜600円"", ""600〜740円"", ""740〜890円"", ""890〜1050円"", ""1050〜1220円"", ""1220〜1410円"", ""1410〜1630円"", ""1630〜1890円"", ""1890〜2200円"", ""2200〜2560円"", ""2560〜3020円"", ""3020〜3570円"", ""3570〜4280円"", ""4280〜5210円"", ""5210〜6480円"", ""6480〜8300円"", ""8300〜11200円"", ""11200〜16230円"", ""16230〜28240円"", ""28240円〜""]","[1.0, 1.7, 2.8, 3.7, 3.6, 5.8, 4.2, 6.0, 5.7, 6.7, 5.7, 6.3, 7.1, 6.2, 6.1, 6.2, 5.8, 5.6, 5.7, 4.1]","[-4.0, -3.3, -2.2, -1.3, -1.4, 0.8, -0.8, 1.0, 0.7, 1.7, 0.7, 1.3, 2.1, 1.2, 1.1, 1.2, 0.8, 0.6, 0.7, -0.9]"
20260905,11,4,4,37.9,"[[""4-1-5"", 0.0387], [""4-5-1"", 0.0362], [""4-1-2"", 0.0346], [""4-2-1"", 0.0288], [""4-5-2"", 0.0282], [""4-2-5"", 0.0251], [""4-1-3"", 0.019], [""4-5-3"", 0.0155], [""4-3-1"", 0.0142]]",1,35.6,"[[""1-4-5"", 0.034], [""1-4-2"", 0.0304], [""1-4-3"", 0.0167]]","[[""5-4-1"", 0.0306], [""1-5-4"", 0.0266], [""5-1-4"", 0.0256], [""5-4-2"", 0.0239]]",,,False,False,0.7852,強,"{""逃げ"": 63.9, ""差し"": 10.9, ""まくり差し"": 10.1, ""まくり"": 9.2, ""抜き"": 5.1, ""恵まれ"": 0.8}","[""0〜600円"", ""600〜740円"", ""740〜890円"", ""890〜1050円"", ""1050〜1220円"", ""1220〜1410円"", ""1410〜1630円"", ""1630〜1890円"", ""1890〜2200円"", ""2200〜2560円"", ""2560〜3020円"", ""3020〜3570円"", ""3570〜4280円"", ""4280〜5210円"", ""5210〜6480円"", ""6480〜8300円"", ""8300〜11200円"", ""11200〜16230円"", ""16230〜28240円"", ""28240円〜""]","[8.4, 6.3, 6.9, 6.1, 5.4, 5.6, 5.5, 4.7, 4.3, 4.6, 4.4, 4.4, 4.2, 3.8, 3.6, 3.9, 3.4, 4.0, 4.6, 5.9]","[3.4, 1.3, 1.9, 1.1, 0.4, 0.6, 0.5, -0.3, -0.7, -0.4, -0.6, -0.6, -0.8, -1.2, -1.4, -1.1, -1.6, -1.0, -0.4, 0.9]"
20260905,11,5,1,53.5,"[[""1-4-3"", 0.1316], [""1-4-2"", 0.1219], [""1-4-5"", 0.0709], [""1-4-6"", 0.0529]]",4,28.2,"[[""4-1-3"", 0.0369], [""4-1-2"", 0.0341], [""4-1-5"", 0.0198], [""4-1-6"", 0.0148]]","[[""1-3-4"", 0.0733], [""1-2-4"", 0.0639], [""1-5-4"", 0.0349], [""1-6-4"", 0.0255]]",1-4,0.529,True,False,0.7852,強,"{""逃げ"": 63.9, ""差し"": 10.9, ""まくり差し"": 10.1, ""まくり"": 9.2, ""抜き"": 5.1, ""恵まれ"": 0.8}","[""0〜600円"", ""600〜740円"", ""740〜890円"", ""890〜1050円"", ""1050〜1220円"", ""1220〜1410円"", ""1410〜1630円"", ""1630〜1890円"", ""1890〜2200円"", ""2200〜2560円"", ""2560〜3020円"", ""3020〜3570円"", ""3570〜4280円"", ""4280〜5210円"", ""5210〜6480円"", ""6480〜8300円"", ""8300〜11200円"", ""11200〜16230円"", ""16230〜28240円"", ""28240円〜""]","[8.4, 6.3, 6.9, 6.1, 5.4, 5.6, 5.5, 4.7, 4.3, 4.6, 4.4, 4.4, 4.2, 3.8, 3.6, 3.9, 3.4, 4.0, 4.6, 5.9]","[3.4, 1.3, 1.9, 1.1, 0.4, 0.6, 0.5, -0.3, -0.7, -0.4, -0.6, -0.6, -0.8, -1.2, -1.4, -1.1, -1.6, -1.0, -0.4, 0.9]"
20260905,11,6,1,,"[[""1-3-2"", 0.1576], [""1-3-5"", 0.0336], [""1-3-6"", 0.0288], [""1-3-4"", 0.0266]]",3,34.4,"[[""3-1-2"", 0.1112], [""3-1-5"", 0.0237], [""3-1-6"", 0.0203], [""3-1-4"", 0.0188]]","[[""1-2-3"", 0.097], [""2-1-3"", 0.0575], [""3-2-1"", 0.043], [""2-3-1"", 0.0361]]",1-3,0.4794,False,True,0.8201,中,"{""逃げ"": 51.5, ""まくり差し"": 14.4, ""まくり"": 14.4, ""差し"": 12.7, ""抜き"": 6.3, ""恵まれ"": 0.8}","[""0〜600円"", ""600〜740円"", ""740〜890円"", ""890〜1050円"", ""1050〜1220円"", ""1220〜1410円"", ""1410〜1630円"", ""1630〜1890円"", ""1890〜2200円"", ""2200〜2560円"", ""2560〜3020円"", ""3020〜3570円"", ""3570〜4280円"", ""4280〜5210円"", ""5210〜6480円"", ""6480〜8300円"", ""8300〜11200円"", ""11200〜16230円"", ""16230〜28240円"", ""28240円〜""]","[4.0, 4.2, 5.9, 5.0, 5.4, 4.9, 5.1, 4.6, 5.3, 5.1, 5.6, 5.9, 4.4, 4.7, 4.7, 5.2, 6.0, 4.6, 4.8, 4.2]","[-1.0, -0.8, 0.9, 0.0, 0.4, -0.1, 0.1, -0.4, 0.3, 0.1, 0.6, 0.9, -0.6, -0.3, -0.3, 0.2, 1.0, -0.4, -0.2, -0.8]"
20260905,11,7,1,46.5,"[[""1-4-6"", 0.0948], [""1-4-3"", 0.1067], [""1-4-2"", 0.0498], [""1-4-5"", 0.0319]]",4,23.7,"[[""4-1-6"", 0.0343], [""4-1-3"", 0.0386], [""4-1-2"", 0.018], [""4-1-5"", 0.0115]]","[[""1-6-4"", 0.0666], [""1-3-4"", 0.0726], [""1-6-3"", 0.036], [""1-3-6"", 0.0348]]",1-4,0.421,False,False,0.7852,強,"{""逃げ"": 63.9, ""差し"": 10.9, ""まくり差し"": 10.1, ""まくり"": 9.2, ""抜き"": 5.1, ""恵まれ"": 0.8}","[""0〜600円"", ""600〜740円"", ""740〜890円"", ""890〜1050円"", ""1050〜1220円"", ""1220〜1410円"", ""1410〜1630円"", ""1630〜1890円"", ""1890〜2200円"", ""2200〜2560円"", ""2560〜3020円"", ""3020〜3570円"", ""3570〜4280円"", ""4280〜5210円"", ""5210〜6480円"", ""6480〜8300円"", ""8300〜11200円"", ""11200〜16230円"", ""16230〜28240円"", ""28240円〜""]","[8.4, 6.3, 6.9, 6.1, 5.4, 5.6, 5.5, 4.7, 4.3, 4.6, 4.4, 4.4, 4.2, 3.8, 3.6, 3.9, 3.4, 4.0, 4.6, 5.9]","[3.4, 1.3, 1.9, 1.1, 0.4, 0.6, 0.5, -0.3, -0.7, -0.4, -0.6, -0.6, -0.8, -1.2, -1.4, -1.1, -1.6, -1.0, -0.4, 0.9]"
20260905,11,8,2,40.5,"[[""2-1-3"", 0.0732], [""2-1-4"", 0.0671], [""2-1-6"", 0.0642]]",3,31.2,"[[""3-2-1"", 0.0288], [""3-2-4"", 0.0124], [""3-2-6"", 0.0119]]","[[""2-3-1"", 0.0507], [""1-2-3"", 0.0483], [""1-2-4"", 0.0442], [""2-4-1"", 0.0435]]",,,False,True,0.8201,強,"{""逃げ"": 63.9, ""差し"": 10.9, ""まくり差し"": 10.1, ""まくり"": 9.2, ""抜き"": 5.1, ""恵まれ"": 0.8}","[""0〜600円"", ""600〜740円"", ""740〜890円"", ""890〜1050円"", ""1050〜1220円"", ""1220〜1410円"", ""1410〜1630円"", ""1630〜1890円"", ""1890〜2200円"", ""2200〜2560円"", ""2560〜3020円"", ""3020〜3570円"", ""3570〜4280円"", ""4280〜5210円"", ""5210〜6480円"", ""6480〜8300円"", ""8300〜11200円"", ""11200〜16230円"", ""16230〜28240円"", ""28240円〜""]","[8.4, 6.3, 6.9, 6.1, 5.4, 5.6, 5.5, 4.7, 4.3, 4.6, 4.4, 4.4, 4.2, 3.8, 3.6, 3.9, 3.4, 4.0, 4.6, 5.9]","[3.4, 1.3, 1.9, 1.1, 0.4, 0.6, 0.5, -0.3, -0.7, -0.4, -0.6, -0.6, -0.8, -1.2, -1.4, -1.1, -1.6, -1.0, -0.4, 0.9]"
20260905,11,9,1,49.5,"[[""1-2-3"", 0.1134], [""1-2-5"", 0.0803], [""1-2-4"", 0.0441]]",2,21.0,"[[""2-1-3"", 0.0961], [""2-1-5"", 0.068], [""2-1-4"", 0.0374]]","[[""1-3-2"", 0.0565], [""2-3-1"", 0.039], [""3-1-2"", 0.0358], [""1-5-2"", 0.0361]]",1-2,0.4908,False,True,0.8201,中,"{""逃げ"": 51.5, ""まくり差し"": 14.4, ""まくり"": 14.4, ""差し"": 12.7, ""抜き"": 6.3, ""恵まれ"": 0.8}","[""0〜600円"", ""600〜740円"", ""740〜890円"", ""890〜1050円"", ""1050〜1220円"", ""1220〜1410円"", ""1410〜1630円"", ""1630〜1890円"", ""1890〜2200円"", ""2200〜2560円"", ""2560〜3020円"", ""3020〜3570円"", ""3570〜4280円"", ""4280〜5210円"", ""5210〜6480円"", ""6480〜8300円"", ""8300〜11200円"", ""11200〜16230円"", ""16230〜28240円"", ""28240円〜""]","[4.0, 4.2, 5.9, 5.0, 5.4, 4.9, 5.1, 4.6, 5.3, 5.1, 5.6, 5.9, 4.4, 4.7, 4.7, 5.2, 6.0, 4.6, 4.8, 4.2]","[-1.0, -0.8, 0.9, 0.0, 0.4, -0.1, 0.1, -0.4, 0.3, 0.1, 0.6, 0.9, -0.6, -0.3, -0.3, 0.2, 1.0, -0.4, -0.2, -0.8]"
20260905,11,10,1,45.8,"[[""1-3-2"", 0.1245], [""1-3-5"", 0.1136], [""1-3-4"", 0.063], [""1-3-6"", 0.0403]]",3,27.7,"[[""3-1-2"", 0.0615], [""3-1-5"", 0.0561], [""3-1-4"", 0.0311], [""3-1-6"", 0.0199]]","[[""1-2-3"", 0.0603], [""1-5-3"", 0.0524], [""2-1-3"", 0.0246], [""1-4-3"", 0.0273]]",1-3,0.5508,True,True,0.8201,中,"{""逃げ"": 51.5, ""まくり差し"": 14.4, ""まくり"": 14.4, ""差し"": 12.7, ""抜き"": 6.3, ""恵まれ"": 0.8}","[""0〜600円"", ""600〜740円"", ""740〜890円"", ""890〜1050円"", ""1050〜1220円"", ""1220〜1410円"", ""1410〜1630円"", ""1630〜1890円"", ""1890〜2200円"", ""2200〜2560円"", ""2560〜3020円"", ""3020〜3570円"", ""3570〜4280円"", ""4280〜5210円"", ""5210〜6480円"", ""6480〜8300円"", ""8300〜11200円"", ""11200〜16230円"", ""16230〜28240円"", ""28240円〜""]","[4.0, 4.2, 5.9, 5.0, 5.4, 4.9, 5.1, 4.6, 5.3, 5.1, 5.6, 5.9, 4.4, 4.7, 4.7, 5.2, 6.0, 4.6, 4.8, 4.2]","[-1.0, -0.8, 0.9, 0.0, 0.4, -0.1, 0.1, -0.4, 0.3, 0.1, 0.6, 0.9, -0.6, -0.3, -0.3, 0.2, 1.0, -0.4, -0.2, -0.8]"
20260905,11,11,1,53.3,"[[""1-3-2"", 0.0738], [""1-2-3"", 0.0709], [""1-3-4"", 0.0595], [""1-2-4"", 0.0519], [""1-4-3"", 0.0503], [""1-3-5"", 0.0466], [""1-4-2"", 0.0457], [""1-2-5"", 0.0406], [""1-5-3"", 0.0374]]",2,30.6,"[[""2-1-3"", 0.025], [""2-1-4"", 0.0183], [""2-1-5"", 0.0143]]","[[""1-5-2"", 0.034], [""3-1-2"", 0.0263], [""1-4-5"", 0.0236], [""1-5-4"", 0.0225]]",,,False,True,0.8201,強,"{""逃げ"": 63.9, ""差し"": 10.9, ""まくり差し"": 10.1, ""まくり"": 9.2, ""抜き"": 5.1, ""恵まれ"": 0.8}","[""0〜600円"", ""600〜740円"", ""740〜890円"", ""890〜1050円"", ""1050〜1220円"", ""1220〜1410円"", ""1410〜1630円"", ""1630〜1890円"", ""1890〜2200円"", ""2200〜2560円"", ""2560〜3020円"", ""3020〜3570円"", ""3570〜4280円"", ""4280〜5210円"", ""5210〜6480円"", ""6480〜8300円"", ""8300〜11200円"", ""11200〜16230円"", ""16230〜28240円"", ""28240円〜""]","[8.4, 6.3, 6.9, 6.1, 5.4, 5.6, 5.5, 4.7, 4.3, 4.6, 4.4, 4.4, 4.2, 3.8, 3.6, 3.9, 3.4, 4.0, 4.6, 5.9]","[3.4, 1.3, 1.9, 1.1, 0.4, 0.6, 0.5, -0.3, -0.7, -0.4, -0.6, -0.6, -0.8, -1.2, -1.4, -1.1, -1.6, -1.0, -0.4, 0.9]"
20260905,11,12,1,57.9,"[[""1-2-4"", 0.12], [""1-2-3"", 0.0888], [""1-2-5"", 0.0611], [""1-2-6"", 0.0291]]",2,37.1,"[[""2-1-4"", 0.0473], [""2-1-3"", 0.035], [""2-1-5"", 0.0241], [""2-1-6"", 0.0115]]","[[""1-4-2"", 0.0789], [""1-3-2"", 0.0518], [""4-1-2"", 0.0282], [""1-5-2"", 0.034]]",1-2,0.4625,False,False,0.7852,強,"{""逃げ"": 63.9, ""差し"": 10.9, ""まくり差し"": 10.1, ""まくり"": 9.2, ""抜き"": 5.1, ""恵まれ"": 0.8}","[""0〜600円"", ""600〜740円"", ""740〜890円"", ""890〜1050円"", ""1050〜1220円"", ""1220〜1410円"", ""1410〜1630円"", ""1630〜1890円"", ""1890〜2200円"", ""2200〜2560円"", ""2560〜3020円"", ""3020〜3570円"", ""3570〜4280円"", ""4280〜5210円"", ""5210〜6480円"", ""6480〜8300円"", ""8300〜11200円"", ""11200〜16230円"", ""16230〜28240円"", ""28240円〜""]","[8.4, 6.3, 6.9, 6.1, 5.4, 5.6, 5.5, 4.7, 4.3, 4.6, 4.4, 4.4, 4.2, 3.8, 3.6, 3.9, 3.4, 4.0, 4.6, 5.9]","[3.4, 1.3, 1.9, 1.1, 0.4, 0.6, 0.5, -0.3, -0.7, -0.4, -0.6, -0.6, -0.8, -1.2, -1.4, -1.1, -1.6, -1.0, -0.4, 0.9]"
20260905,12,1,1,55.1,"[[""1-2-3"", 0.0837], [""1-2-4"", 0.0977], [""1-3-2"", 0.07], [""1-4-2"", 0.0806], [""1-3-4"", 0.0551], [""1-4-3"", 0.0544], [""1-2-5"", 0.035], [""1-5-2"", 0.0239], [""1-3-5"", 0.0197]]",2,25.3,"[[""2-1-3"", 0.0312], [""2-1-4"", 0.0364], [""2-1-5"", 0.013]]","[[""3-1-2"", 0.0249], [""4-1-2"", 0.0286], [""3-1-4"", 0.0196], [""4-1-3"", 0.0193]]",,,False,True,0.8201,中,"{""逃げ"": 55.2, ""まくり"": 14.0, ""差し"": 13.0, ""まくり差し"": 10.3, ""抜き"": 6.4, ""恵まれ"": 1.1}","[""0〜600円"", ""600〜740円"", ""740〜890円"", ""890〜1050円"", ""1050〜1220円"", ""1220〜1410円"", ""1410〜1630円"", ""1630〜1890円"", ""1890〜2200円"", ""2200〜2560円"", ""2560〜3020円"", ""3020〜3570円"", ""3570〜4280円"", ""4280〜5210円"", ""5210〜6480円"", ""6480〜8300円"", ""8300〜11200円"", ""11200〜16230円"", ""16230〜28240円"", ""28240円〜""]","[3.8, 5.6, 6.1, 6.2, 5.4, 4.7, 5.8, 5.4, 5.4, 4.8, 5.1, 4.9, 4.8, 4.3, 4.2, 4.1, 4.4, 5.3, 4.7, 4.8]","[-1.2, 0.6, 1.1, 1.2, 0.4, -0.3, 0.8, 0.4, 0.4, -0.2, 0.1, -0.1, -0.2, -0.7, -0.8, -0.9, -0.6, 0.3, -0.3, -0.2]"
20260905,12,2,1,61.1,"[[""1-3-2"", 0.2134], [""1-3-4"", 0.1583], [""1-3-5"", 0.0245], [""1-3-6"", 0.0126]]",3,15.1,"[[""3-1-2"", 0.053], [""3-1-4"", 0.0393]]","[[""1-2-3"", 0.1172], [""1-4-3"", 0.0774], [""1-2-4"", 0.0356], [""2-1-3"", 0.0268]]",1-3,0.5689,True,True,0.8201,強,"{""逃げ"": 67.5, ""まくり"": 9.5, ""差し"": 8.7, ""まくり差し"": 8.8, ""抜き"": 4.8, ""恵まれ"": 0.8}","[""0〜600円"", ""600〜740円"", ""740〜890円"", ""890〜1050円"", ""1050〜1220円"", ""1220〜1410円"", ""1410〜1630円"", ""1630〜1890円"", ""1890〜2200円"", ""2200〜2560円"", ""2560〜3020円"", ""3020〜3570円"", ""3570〜4280円"", ""4280〜5210円"", ""5210〜6480円"", ""6480〜8300円"", ""8300〜11200円"", ""11200〜16230円"", ""16230〜28240円"", ""28240円〜""]","[7.9, 6.7, 7.6, 5.3, 6.9, 4.9, 4.3, 4.8, 4.2, 5.0, 4.5, 3.6, 4.2, 3.9, 4.4, 3.4, 3.9, 3.7, 4.5, 6.3]","[2.9, 1.7, 2.6, 0.3, 1.9, -0.1, -0.7, -0.2, -0.8, 0.0, -0.5, -1.4, -0.8, -1.1, -0.6, -1.6, -1.1, -1.3, -0.5, 1.3]"
20260905,12,3,1,62.6,"[[""1-2-5"", 0.1244], [""1-2-4"", 0.1113], [""1-2-3"", 0.0899], [""1-2-6"", 0.0377]]",2,23.4,"[[""2-1-5"", 0.062], [""2-1-4"", 0.0555], [""2-1-3"", 0.0448], [""2-1-6"", 0.0188]]","[[""1-5-2"", 0.0525], [""1-4-2"", 0.0447], [""1-3-2"", 0.0354], [""5-1-2"", 0.021]]",1-2,0.5955,True,False,0.7852,中,"{""逃げ"": 55.2, ""まくり"": 14.0, ""差し"": 13.0, ""まくり差し"": 10.3, ""抜き"": 6.4, ""恵まれ"": 1.1}","[""0〜600円"", ""600〜740円"", ""740〜890円"", ""890〜1050円"", ""1050〜1220円"", ""1220〜1410円"", ""1410〜1630円"", ""1630〜1890円"", ""1890〜2200円"", ""2200〜2560円"", ""2560〜3020円"", ""3020〜3570円"", ""3570〜4280円"", ""4280〜5210円"", ""5210〜6480円"", ""6480〜8300円"", ""8300〜11200円"", ""11200〜16230円"", ""16230〜28240円"", ""28240円〜""]","[3.8, 5.6, 6.1, 6.2, 5.4, 4.7, 5.8, 5.4, 5.4, 4.8, 5.1, 4.9, 4.8, 4.3, 4.2, 4.1, 4.4, 5.3, 4.7, 4.8]","[-1.2, 0.6, 1.1, 1.2, 0.4, -0.3, 0.8, 0.4, 0.4, -0.2, 0.1, -0.1, -0.2, -0.7, -0.8, -0.9, -0.6, 0.3, -0.3, -0.2]"
20260905,12,4,1,62.9,"[[""1-3-2"", 0.0916], [""1-2-3"", 0.0851], [""1-3-6"", 0.0749], [""1-2-6"", 0.0597], [""1-3-4"", 0.0274], [""1-3-5"", 0.0242], [""1-2-4"", 0.0218], [""1-2-5"", 0.0193]]",2,29.6,"[[""2-1-3"", 0.0307], [""2-1-6"", 0.0216]]","[[""1-6-3"", 0.0608], [""1-6-2"", 0.0522], [""3-1-2"", 0.0337], [""3-1-6"", 0.0275]]",,,False,True,0.8201,中,"{""逃げ"": 55.2, ""まくり"": 14.0, ""差し"": 13.0, ""まくり差し"": 10.3, ""抜き"": 6.4, ""恵まれ"": 1.1}","[""0〜600円"", ""600〜740円"", ""740〜890円"", ""890〜1050円"", ""1050〜1220円"", ""1220〜1410円"", ""1410〜1630円"", ""1630〜1890円"", ""1890〜2200円"", ""2200〜2560円"", ""2560〜3020円"", ""3020〜3570円"", ""3570〜4280円"", ""4280〜5210円"", ""5210〜6480円"", ""6480〜8300円"", ""8300〜11200円"", ""11200〜16230円"", ""16230〜28240円"", ""28240円〜""]","[3.8, 5.6, 6.1, 6.2, 5.4, 4.7, 5.8, 5.4, 5.4, 4.8, 5.1, 4.9, 4.8, 4.3, 4.2, 4.1, 4.4, 5.3, 4.7, 4.8]","[-1.2, 0.6, 1.1, 1.2, 0.4, -0.3, 0.8, 0.4, 0.4, -0.2, 0.1, -0.1, -0.2, -0.7, -0.8, -0.9, -0.6, 0.3, -0.3, -0.2]"
20260905,12,5,1,49.2,"[[""1-4-6"", 0.0922], [""1-6-4"", 0.0877], [""1-4-2"", 0.078], [""1-6-2"", 0.0669], [""1-2-4"", 0.0646], [""1-2-6"", 0.0583], [""1-4-3"", 0.0349], [""1-6-3"", 0.0299], [""1-3-4"", 0.0253]]",4,39.5,"[[""4-1-6"", 0.0261], [""4-1-2"", 0.0221]]","[[""6-1-4"", 0.0246], [""1-3-6"", 0.0228], [""1-4-5"", 0.0222], [""1-6-5"", 0.019]]",,,False,False,0.7852,強,"{""逃げ"": 67.5, ""まくり"": 9.5, ""差し"": 8.7, ""まくり差し"": 8.8, ""抜き"": 4.8, ""恵まれ"": 0.8}","[""0〜600円"", ""600〜740円"", ""740〜890円"", ""890〜1050円"", ""1050〜1220円"", ""1220〜1410円"", ""1410〜1630円"", ""1630〜1890円"", ""1890〜2200円"", ""2200〜2560円"", ""2560〜3020円"", ""3020〜3570円"", ""3570〜4280円"", ""4280〜5210円"", ""5210〜6480円"", ""6480〜8300円"", ""8300〜11200円"", ""11200〜16230円"", ""16230〜28240円"", ""28240円〜""]","[7.9, 6.7, 7.6, 5.3, 6.9, 4.9, 4.3, 4.8, 4.2, 5.0, 4.5, 3.6, 4.2, 3.9, 4.4, 3.4, 3.9, 3.7, 4.5, 6.3]","[2.9, 1.7, 2.6, 0.3, 1.9, -0.1, -0.7, -0.2, -0.8, 0.0, -0.5, -1.4, -0.8, -1.1, -0.6, -1.6, -1.1, -1.3, -0.5, 1.3]"
20260905,12,6,1,55.6,"[[""1-2-6"", 0.0902], [""1-6-2"", 0.083], [""1-2-3"", 0.103], [""1-3-2"", 0.091], [""1-6-3"", 0.0785], [""1-3-6"", 0.0754], [""1-2-5"", 0.0364], [""1-6-5"", 0.0277], [""1-5-2"", 0.0264]]",2,29.2,"[[""2-1-6"", 0.0194], [""2-1-3"", 0.0221]]","[[""1-3-5"", 0.0239], [""6-1-2"", 0.0176], [""1-5-6"", 0.0219], [""1-5-3"", 0.0196]]",,,False,False,0.7852,強,"{""逃げ"": 67.5, ""まくり"": 9.5, ""差し"": 8.7, ""まくり差し"": 8.8, ""抜き"": 4.8, ""恵まれ"": 0.8}","[""0〜600円"", ""600〜740円"", ""740〜890円"", ""890〜1050円"", ""1050〜1220円"", ""1220〜1410円"", ""1410〜1630円"", ""1630〜1890円"", ""1890〜2200円"", ""2200〜2560円"", ""2560〜3020円"", ""3020〜3570円"", ""3570〜4280円"", ""4280〜5210円"", ""5210〜6480円"", ""6480〜8300円"", ""8300〜11200円"", ""11200〜16230円"", ""16230〜28240円"", ""28240円〜""]","[7.9, 6.7, 7.6, 5.3, 6.9, 4.9, 4.3, 4.8, 4.2, 5.0, 4.5, 3.6, 4.2, 3.9, 4.4, 3.4, 3.9, 3.7, 4.5, 6.3]","[2.9, 1.7, 2.6, 0.3, 1.9, -0.1, -0.7, -0.2, -0.8, 0.0, -0.5, -1.4, -0.8, -1.1, -0.6, -1.6, -1.1, -1.3, -0.5, 1.3]"
20260905,12,7,1,63.1,"[[""1-4-6"", 0.0626], [""1-6-4"", 0.0615], [""1-4-2"", 0.0683], [""1-6-2"", 0.0641], [""1-2-4"", 0.0636], [""1-2-6"", 0.0608], [""1-4-5"", 0.0314], [""1-6-5"", 0.0294], [""1-4-3"", 0.028]]",6,25.6,"[[""6-1-4"", 0.0185], [""6-1-2"", 0.0192]]","[[""1-6-3"", 0.0263], [""1-5-4"", 0.0251], [""4-1-6"", 0.0189], [""1-5-6"", 0.0239]]",,,False,False,0.7852,中,"{""逃げ"": 55.2, ""まくり"": 14.0, ""差し"": 13.0, ""まくり差し"": 10.3, ""抜き"": 6.4, ""恵まれ"": 1.1}","[""0〜600円"", ""600〜740円"", ""740〜890円"", ""890〜1050円"", ""1050〜1220円"", ""1220〜1410円"", ""1410〜1630円"", ""1630〜1890円"", ""1890〜2200円"", ""2200〜2560円"", ""2560〜3020円"", ""3020〜3570円"", ""3570〜4280円"", ""4280〜5210円"", ""5210〜6480円"", ""6480〜8300円"", ""8300〜11200円"", ""11200〜16230円"", ""16230〜28240円"", ""28240円〜""]","[3.8, 5.6, 6.1, 6.2, 5.4, 4.7, 5.8, 5.4, 5.4, 4.8, 5.1, 4.9, 4.8, 4.3, 4.2, 4.1, 4.4, 5.3, 4.7, 4.8]","[-1.2, 0.6, 1.1, 1.2, 0.4, -0.3, 0.8, 0.4, 0.4, -0.2, 0.1, -0.1, -0.2, -0.7, -0.8, -0.9, -0.6, 0.3, -0.3, -0.2]"
20260905,12,8,1,62.7,"[[""1-3-4"", 0.0714], [""1-3-6"", 0.0778], [""1-3-5"", 0.0777], [""1-4-3"", 0.0559], [""1-6-3"", 0.0589], [""1-5-3"", 0.0588], [""1-3-2"", 0.0545], [""1-2-3"", 0.0389], [""1-4-6"", 0.0318]]",3,33.3,"[[""3-1-4"", 0.0138], [""3-1-6"", 0.015], [""3-1-5"", 0.015], [""3-1-2"", 0.0105]]","[[""1-4-5"", 0.0317], [""1-6-4"", 0.0307], [""1-5-4"", 0.0306], [""1-6-5"", 0.0263]]",,,False,False,0.7852,強,"{""逃げ"": 67.5, ""まくり"": 9.5, ""差し"": 8.7, ""まくり差し"": 8.8, ""抜き"": 4.8, ""恵まれ"": 0.8}","[""0〜600円"", ""600〜740円"", ""740〜890円"", ""890〜1050円"", ""1050〜1220円"", ""1220〜1410円"", ""1410〜1630円"", ""1630〜1890円"", ""1890〜2200円"", ""2200〜2560円"", ""2560〜3020円"", ""3020〜3570円"", ""3570〜4280円"", ""4280〜5210円"", ""5210〜6480円"", ""6480〜8300円"", ""8300〜11200円"", ""11200〜16230円"", ""16230〜28240円"", ""28240円〜""]","[7.9, 6.7, 7.6, 5.3, 6.9, 4.9, 4.3, 4.8, 4.2, 5.0, 4.5, 3.6, 4.2, 3.9, 4.4, 3.4, 3.9, 3.7, 4.5, 6.3]","[2.9, 1.7, 2.6, 0.3, 1.9, -0.1, -0.7, -0.2, -0.8, 0.0, -0.5, -1.4, -0.8, -1.1, -0.6, -1.6, -1.1, -1.3, -0.5, 1.3]"
20260905,12,9,1,61.0,"[[""1-2-4"", 0.0484], [""1-4-2"", 0.0436], [""1-2-5"", 0.0485], [""1-2-3"", 0.0445], [""1-5-2"", 0.041], [""1-3-2"", 0.0368], [""1-4-5"", 0.0335], [""1-5-4"", 0.0314], [""1-4-3"", 0.0308]]",2,25.0,"[[""2-1-4"", 0.0257], [""2-1-5"", 0.0258], [""2-1-3"", 0.0237]]","[[""4-1-2"", 0.0223], [""1-3-4"", 0.0282], [""1-5-3"", 0.0227], [""1-3-5"", 0.0222]]",,,False,False,0.7852,中,"{""逃げ"": 55.2, ""まくり"": 14.0, ""差し"": 13.0, ""まくり差し"": 10.3, ""抜き"": 6.4, ""恵まれ"": 1.1}","[""0〜600円"", ""600〜740円"", ""740〜890円"", ""890〜1050円"", ""1050〜1220円"", ""1220〜1410円"", ""1410〜1630円"", ""1630〜1890円"", ""1890〜2200円"", ""2200〜2560円"", ""2560〜3020円"", ""3020〜3570円"", ""3570〜4280円"", ""4280〜5210円"", ""5210〜6480円"", ""6480〜8300円"", ""8300〜11200円"", ""11200〜16230円"", ""16230〜28240円"", ""28240円〜""]","[3.8, 5.6, 6.1, 6.2, 5.4, 4.7, 5.8, 5.4, 5.4, 4.8, 5.1, 4.9, 4.8, 4.3, 4.2, 4.1, 4.4, 5.3, 4.7, 4.8]","[-1.2, 0.6, 1.1, 1.2, 0.4, -0.3, 0.8, 0.4, 0.4, -0.2, 0.1, -0.1, -0.2, -0.7, -0.8, -0.9, -0.6, 0.3, -0.3, -0.2]"
20260905,12,10,1,57.3,"[[""1-4-3"", 0.0674], [""1-3-4"", 0.0662], [""1-4-2"", 0.0703], [""1-3-2"", 0.0661], [""1-2-4"", 0.0643], [""1-2-3"", 0.0616], [""1-4-5"", 0.0377], [""1-3-5"", 0.0355], [""1-5-4"", 0.0303]]",2,39.5,"[[""2-1-4"", 0.0205], [""2-1-3"", 0.0196]]","[[""1-5-3"", 0.029], [""4-1-3"", 0.0219], [""3-1-4"", 0.0215], [""1-2-5"", 0.0271]]",,,False,False,0.7852,強,"{""逃げ"": 67.5, ""まくり"": 9.5, ""差し"": 8.7, ""まくり差し"": 8.8, ""抜き"": 4.8, ""恵まれ"": 0.8}","[""0〜600円"", ""600〜740円"", ""740〜890円"", ""890〜1050円"", ""1050〜1220円"", ""1220〜1410円"", ""1410〜1630円"", ""1630〜1890円"", ""1890〜2200円"", ""2200〜2560円"", ""2560〜3020円"", ""3020〜3570円"", ""3570〜4280円"", ""4280〜5210円"", ""5210〜6480円"", ""6480〜8300円"", ""8300〜11200円"", ""11200〜16230円"", ""16230〜28240円"", ""28240円〜""]","[7.9, 6.7, 7.6, 5.3, 6.9, 4.9, 4.3, 4.8, 4.2, 5.0, 4.5, 3.6, 4.2, 3.9, 4.4, 3.4, 3.9, 3.7, 4.5, 6.3]","[2.9, 1.7, 2.6, 0.3, 1.9, -0.1, -0.7, -0.2, -0.8, 0.0, -0.5, -1.4, -0.8, -1.1, -0.6, -1.6, -1.1, -1.3, -0.5, 1.3]"
20260905,12,11,1,53.5,"[[""1-3-2"", 0.077], [""1-2-3"", 0.0744], [""1-3-5"", 0.062], [""1-3-4"", 0.0609], [""1-2-5"", 0.0551], [""1-2-4"", 0.0542], [""1-5-3"", 0.0528], [""1-4-3"", 0.0517], [""1-5-2"", 0.0486]]",3,25.6,"[[""3-1-2"", 0.0201], [""3-1-5"", 0.0162], [""3-1-4"", 0.0159]]","[[""1-4-2"", 0.0476], [""1-5-4"", 0.0315], [""1-4-5"", 0.0314], [""2-1-3"", 0.0193]]",,,False,True,0.8201,強,"{""逃げ"": 67.5, ""まくり"": 9.5, ""差し"": 8.7, ""まくり差し"": 8.8, ""抜き"": 4.8, ""恵まれ"": 0.8}","[""0〜600円"", ""600〜740円"", ""740〜890円"", ""890〜1050円"", ""1050〜1220円"", ""1220〜1410円"", ""1410〜1630円"", ""1630〜1890円"", ""1890〜2200円"", ""2200〜2560円"", ""2560〜3020円"", ""3020〜3570円"", ""3570〜4280円"", ""4280〜5210円"", ""5210〜6480円"", ""6480〜8300円"", ""8300〜11200円"", ""11200〜16230円"", ""16230〜28240円"", ""28240円〜""]","[7.9, 6.7, 7.6, 5.3, 6.9, 4.9, 4.3, 4.8, 4.2, 5.0, 4.5, 3.6, 4.2, 3.9, 4.4, 3.4, 3.9, 3.7, 4.5, 6.3]","[2.9, 1.7, 2.6, 0.3, 1.9, -0.1, -0.7, -0.2, -0.8, 0.0, -0.5, -1.4, -0.8, -1.1, -0.6, -1.6, -1.1, -1.3, -0.5, 1.3]"
20260905,12,12,1,54.7,"[[""1-3-4"", 0.0608], [""1-3-6"", 0.0715], [""1-3-2"", 0.0677], [""1-3-5"", 0.0465]]",3,19.6,"[[""3-1-4"", 0.0274], [""3-1-6"", 0.0322], [""3-1-2"", 0.0305], [""3-1-5"", 0.0209]]","[[""1-4-3"", 0.0423], [""1-6-3"", 0.0489], [""1-2-3"", 0.0459], [""1-5-3"", 0.0298]]",1-3,0.3815,False,False,0.7852,弱,"{""逃げ"": 37.3, ""まくり"": 24.2, ""差し"": 17.4, ""まくり差し"": 12.5, ""抜き"": 7.8, ""恵まれ"": 0.8}","[""0〜600円"", ""600〜740円"", ""740〜890円"", ""890〜1050円"", ""1050〜1220円"", ""1220〜1410円"", ""1410〜1630円"", ""1630〜1890円"", ""1890〜2200円"", ""2200〜2560円"", ""2560〜3020円"", ""3020〜3570円"", ""3570〜4280円"", ""4280〜5210円"", ""5210〜6480円"", ""6480〜8300円"", ""8300〜11200円"", ""11200〜16230円"", ""16230〜28240円"", ""28240円〜""]","[1.5, 2.5, 4.1, 3.7, 3.9, 5.1, 5.3, 6.3, 5.6, 5.9, 5.9, 5.6, 6.4, 5.8, 6.1, 6.2, 5.3, 5.5, 5.5, 3.7]","[-3.5, -2.5, -0.9, -1.3, -1.1, 0.1, 0.3, 1.3, 0.6, 0.9, 0.9, 0.6, 1.4, 0.8, 1.1, 1.2, 0.3, 0.5, 0.5, -1.3]"
20260905,13,1,1,58.8,"[[""1-3-2"", 0.0514], [""1-3-4"", 0.0615], [""1-2-3"", 0.0449], [""1-4-3"", 0.0527], [""1-2-4"", 0.0395], [""1-4-2"", 0.0387], [""1-3-5"", 0.0252], [""1-5-3"", 0.0182], [""1-2-5"", 0.0162]]",3,27.9,"[[""3-1-2"", 0.0334], [""3-1-4"", 0.04], [""3-1-5"", 0.0164]]","[[""2-1-3"", 0.0276], [""4-1-3"", 0.032], [""2-1-4"", 0.0242], [""4-1-2"", 0.0235]]",,,False,False,0.7852,中,"{""逃げ"": 55.9, ""まくり差し"": 13.1, ""まくり"": 14.9, ""差し"": 10.1, ""抜き"": 5.6, ""恵まれ"": 0.5}","[""0〜600円"", ""600〜740円"", ""740〜890円"", ""890〜1050円"", ""1050〜1220円"", ""1220〜1410円"", ""1410〜1630円"", ""1630〜1890円"", ""1890〜2200円"", ""2200〜2560円"", ""2560〜3020円"", ""3020〜3570円"", ""3570〜4280円"", ""4280〜5210円"", ""5210〜6480円"", ""6480〜8300円"", ""8300〜11200円"", ""11200〜16230円"", ""16230〜28240円"", ""28240円〜""]","[4.2, 5.6, 6.3, 6.3, 4.7, 6.3, 5.0, 5.2, 5.6, 4.2, 3.9, 5.7, 4.4, 3.6, 4.6, 5.8, 4.9, 3.8, 5.2, 4.7]","[-0.8, 0.6, 1.3, 1.3, -0.3, 1.3, 0.0, 0.2, 0.6, -0.8, -1.1, 0.7, -0.6, -1.4, -0.4, 0.8, -0.1, -1.2, 0.2, -0.3]"
20260905,13,2,1,,"[[""1-3-5"", 0.0288], [""1-3-6"", 0.0344], [""1-3-4"", 0.033], [""1-3-2"", 0.0303], [""1-5-3"", 0.0233], [""1-6-3"", 0.0274], [""1-4-3"", 0.0262], [""1-2-3"", 0.0236], [""1-5-6"", 0.0149]]",3,48.0,"[[""3-1-5"", 0.0217], [""3-1-6"", 0.0259], [""3-1-4"", 0.0249], [""3-1-2"", 0.0228]]","[[""5-1-3"", 0.0157], [""6-1-3"", 0.0184], [""4-1-3"", 0.0175], [""3-5-1"", 0.0126]]",,,False,False,0.7852,弱,"{""逃げ"": 36.3, ""まくり"": 21.8, ""差し"": 17.8, ""まくり差し"": 14.7, ""抜き"": 8.6, ""恵まれ"": 0.8}","[""0〜600円"", ""600〜740円"", ""740〜890円"", ""890〜1050円"", ""1050〜1220円"", ""1220〜1410円"", ""1410〜1630円"", ""1630〜1890円"", ""1890〜2200円"", ""2200〜2560円"", ""2560〜3020円"", ""3020〜3570円"", ""3570〜4280円"", ""4280〜5210円"", ""5210〜6480円"", ""6480〜8300円"", ""8300〜11200円"", ""11200〜16230円"", ""16230〜28240円"", ""28240円〜""]","[1.1, 3.0, 3.5, 4.1, 4.5, 6.1, 5.1, 6.9, 6.1, 4.3, 6.6, 6.3, 4.7, 5.1, 5.5, 6.5, 6.4, 6.3, 4.0, 4.1]","[-3.9, -2.0, -1.5, -0.9, -0.5, 1.1, 0.1, 1.9, 1.1, -0.7, 1.6, 1.3, -0.3, 0.1, 0.5, 1.5, 1.4, 1.3, -1.0, -0.9]"
20260905,13,3,1,45.5,"[[""1-2-4"", 0.0559], [""1-2-6"", 0.0462], [""1-2-3"", 0.0418], [""1-2-5"", 0.0236]]",2,36.6,"[[""2-1-4"", 0.0454], [""2-1-6"", 0.0375], [""2-1-3"", 0.0339], [""2-1-5"", 0.0191]]","[[""1-4-2"", 0.0391], [""4-1-2"", 0.0266], [""2-4-1"", 0.0245], [""1-6-2"", 0.0295]]",1-2,0.3312,False,False,0.7852,弱,"{""逃げ"": 36.3, ""まくり"": 21.8, ""差し"": 17.8, ""まくり差し"": 14.7, ""抜き"": 8.6, ""恵まれ"": 0.8}","[""0〜600円"", ""600〜740円"", ""740〜890円"", ""890〜1050円"", ""1050〜1220円"", ""1220〜1410円"", ""1410〜1630円"", ""1630〜1890円"", ""1890〜2200円"", ""2200〜2560円"", ""2560〜3020円"", ""3020〜3570円"", ""3570〜4280円"", ""4280〜5210円"", ""5210〜6480円"", ""6480〜8300円"", ""8300〜11200円"", ""11200〜16230円"", ""16230〜28240円"", ""28240円〜""]","[1.1, 3.0, 3.5, 4.1, 4.5, 6.1, 5.1, 6.9, 6.1, 4.3, 6.6, 6.3, 4.7, 5.1, 5.5, 6.5, 6.4, 6.3, 4.0, 4.1]","[-3.9, -2.0, -1.5, -0.9, -0.5, 1.1, 0.1, 1.9, 1.1, -0.7, 1.6, 1.3, -0.3, 0.1, 0.5, 1.5, 1.4, 1.3, -1.0, -0.9]"
20260905,13,4,1,42.9,"[[""1-2-4"", 0.0578], [""1-2-3"", 0.0692], [""1-4-2"", 0.05], [""1-3-2"", 0.0588], [""1-4-3"", 0.0419], [""1-3-4"", 0.0411], [""1-2-6"", 0.0394], [""1-6-2"", 0.0298], [""1-4-6"", 0.0239]]",3,41.3,"[[""3-1-2"", 0.0253], [""3-1-4"", 0.0177]]","[[""2-1-4"", 0.0261], [""2-1-3"", 0.0313], [""4-1-2"", 0.0216], [""1-2-5"", 0.0236]]",,,False,False,0.7852,弱,"{""逃げ"": 36.3, ""まくり"": 21.8, ""差し"": 17.8, ""まくり差し"": 14.7, ""抜き"": 8.6, ""恵まれ"": 0.8}","[""0〜600円"", ""600〜740円"", ""740〜890円"", ""890〜1050円"", ""1050〜1220円"", ""1220〜1410円"", ""1410〜1630円"", ""1630〜1890円"", ""1890〜2200円"", ""2200〜2560円"", ""2560〜3020円"", ""3020〜3570円"", ""3570〜4280円"", ""4280〜5210円"", ""5210〜6480円"", ""6480〜8300円"", ""8300〜11200円"", ""11200〜16230円"", ""16230〜28240円"", ""28240円〜""]","[1.1, 3.0, 3.5, 4.1, 4.5, 6.1, 5.1, 6.9, 6.1, 4.3, 6.6, 6.3, 4.7, 5.1, 5.5, 6.5, 6.4, 6.3, 4.0, 4.1]","[-3.9, -2.0, -1.5, -0.9, -0.5, 1.1, 0.1, 1.9, 1.1, -0.7, 1.6, 1.3, -0.3, 0.1, 0.5, 1.5, 1.4, 1.3, -1.0, -0.9]"
20260905,13,5,1,51.2,"[[""1-4-2"", 0.0574], [""1-4-5"", 0.0364], [""1-4-3"", 0.0333], [""1-4-6"", 0.0108]]",4,25.2,"[[""4-1-2"", 0.0547], [""4-1-5"", 0.0347], [""4-1-3"", 0.0318], [""4-1-6"", 0.0102]]","[[""1-2-4"", 0.0421], [""4-2-1"", 0.0376], [""2-1-4"", 0.0337], [""2-4-1"", 0.0316]]",1-4,0.3001,False,False,0.7852,弱,"{""逃げ"": 36.3, ""まくり"": 21.8, ""差し"": 17.8, ""まくり差し"": 14.7, ""抜き"": 8.6, ""恵まれ"": 0.8}","[""0〜600円"", ""600〜740円"", ""740〜890円"", ""890〜1050円"", ""1050〜1220円"", ""1220〜1410円"", ""1410〜1630円"", ""1630〜1890円"", ""1890〜2200円"", ""2200〜2560円"", ""2560〜3020円"", ""3020〜3570円"", ""3570〜4280円"", ""4280〜5210円"", ""5210〜6480円"", ""6480〜8300円"", ""8300〜11200円"", ""11200〜16230円"", ""16230〜28240円"", ""28240円〜""]","[1.1, 3.0, 3.5, 4.1, 4.5, 6.1, 5.1, 6.9, 6.1, 4.3, 6.6, 6.3, 4.7, 5.1, 5.5, 6.5, 6.4, 6.3, 4.0, 4.1]","[-3.9, -2.0, -1.5, -0.9, -0.5, 1.1, 0.1, 1.9, 1.1, -0.7, 1.6, 1.3, -0.3, 0.1, 0.5, 1.5, 1.4, 1.3, -1.0, -0.9]"
20260905,13,6,1,50.3,"[[""1-4-3"", 0.1576], [""1-4-2"", 0.1295], [""1-4-5"", 0.0553], [""1-4-6"", 0.0103]]",4,23.0,"[[""4-1-3"", 0.0582], [""4-1-2"", 0.0478], [""4-1-5"", 0.0204]]","[[""1-3-4"", 0.0892], [""1-2-4"", 0.0671], [""3-1-4"", 0.0293], [""1-3-2"", 0.0288]]",1-4,0.5303,True,True,0.8201,中,"{""逃げ"": 55.9, ""まくり差し"": 13.1, ""まくり"": 14.9, ""差し"": 10.1, ""抜き"": 5.6, ""恵まれ"": 0.5}","[""0〜600円"", ""600〜740円"", ""740〜890円"", ""890〜1050円"", ""1050〜1220円"", ""1220〜1410円"", ""1410〜1630円"", ""1630〜1890円"", ""1890〜2200円"", ""2200〜2560円"", ""2560〜3020円"", ""3020〜3570円"", ""3570〜4280円"", ""4280〜5210円"", ""5210〜6480円"", ""6480〜8300円"", ""8300〜11200円"", ""11200〜16230円"", ""16230〜28240円"", ""28240円〜""]","[4.2, 5.6, 6.3, 6.3, 4.7, 6.3, 5.0, 5.2, 5.6, 4.2, 3.9, 5.7, 4.4, 3.6, 4.6, 5.8, 4.9, 3.8, 5.2, 4.7]","[-0.8, 0.6, 1.3, 1.3, -0.3, 1.3, 0.0, 0.2, 0.6, -0.8, -1.1, 0.7, -0.6, -1.4, -0.4, 0.8, -0.1, -1.2, 0.2, -0.3]"
20260905,13,7,1,62.8,"[[""1-3-2"", 0.1313], [""1-3-4"", 0.1329], [""1-3-5"", 0.0987], [""1-3-6"", 0.0545]]",3,28.7,"[[""3-1-2"", 0.0558], [""3-1-4"", 0.0565], [""3-1-5"", 0.042], [""3-1-6"", 0.0232]]","[[""1-2-3"", 0.0496], [""1-4-3"", 0.0491], [""1-5-3"", 0.0355], [""2-1-3"", 0.0171]]",1-3,0.6358,True,True,0.8201,中,"{""逃げ"": 55.9, ""まくり差し"": 13.1, ""まくり"": 14.9, ""差し"": 10.1, ""抜き"": 5.6, ""恵まれ"": 0.5}","[""0〜600円"", ""600〜740円"", ""740〜890円"", ""890〜1050円"", ""1050〜1220円"", ""1220〜1410円"", ""1410〜1630円"", ""1630〜1890円"", ""1890〜2200円"", ""2200〜2560円"", ""2560〜3020円"", ""3020〜3570円"", ""3570〜4280円"", ""4280〜5210円"", ""5210〜6480円"", ""6480〜8300円"", ""8300〜11200円"", ""11200〜16230円"", ""16230〜28240円"", ""28240円〜""]","[4.2, 5.6, 6.3, 6.3, 4.7, 6.3, 5.0, 5.2, 5.6, 4.2, 3.9, 5.7, 4.4, 3.6, 4.6, 5.8, 4.9, 3.8, 5.2, 4.7]","[-0.8, 0.6, 1.3, 1.3, -0.3, 1.3, 0.0, 0.2, 0.6, -0.8, -1.1, 0.7, -0.6, -1.4, -0.4, 0.8, -0.1, -1.2, 0.2, -0.3]"
20260905,13,8,1,46.1,"[[""1-2-4"", 0.0534], [""1-2-3"", 0.0591], [""1-4-2"", 0.0461], [""1-3-2"", 0.0492], [""1-2-5"", 0.0386], [""1-2-6"", 0.0373], [""1-4-3"", 0.0347], [""1-3-4"", 0.0335], [""1-5-2"", 0.0296]]",4,48.0,"[[""4-1-2"", 0.0194], [""4-1-3"", 0.0146]]","[[""2-1-4"", 0.0235], [""1-6-2"", 0.0285], [""2-1-3"", 0.026], [""1-4-5"", 0.0227]]",,,False,False,0.7852,中,"{""逃げ"": 55.9, ""まくり差し"": 13.1, ""まくり"": 14.9, ""差し"": 10.1, ""抜き"": 5.6, ""恵まれ"": 0.5}","[""0〜600円"", ""600〜740円"", ""740〜890円"", ""890〜1050円"", ""1050〜1220円"", ""1220〜1410円"", ""1410〜1630円"", ""1630〜1890円"", ""1890〜2200円"", ""2200〜2560円"", ""2560〜3020円"", ""3020〜3570円"", ""3570〜4280円"", ""4280〜5210円"", ""5210〜6480円"", ""6480〜8300円"", ""8300〜11200円"", ""11200〜16230円"", ""16230〜28240円"", ""28240円〜""]","[4.2, 5.6, 6.3, 6.3, 4.7, 6.3, 5.0, 5.2, 5.6, 4.2, 3.9, 5.7, 4.4, 3.6, 4.6, 5.8, 4.9, 3.8, 5.2, 4.7]","[-0.8, 0.6, 1.3, 1.3, -0.3, 1.3, 0.0, 0.2, 0.6, -0.8, -1.1, 0.7, -0.6, -1.4, -0.4, 0.8, -0.1, -1.2, 0.2, -0.3]"
20260905,13,9,1,50.3,"[[""1-3-4"", 0.0825], [""1-4-3"", 0.0799], [""1-3-5"", 0.0614], [""1-3-2"", 0.0562], [""1-4-5"", 0.0553], [""1-4-2"", 0.0507], [""1-5-3"", 0.0506], [""1-5-4"", 0.0471], [""1-2-3"", 0.0455]]",4,27.9,"[[""4-1-3"", 0.0209], [""4-1-5"", 0.0145], [""4-1-2"", 0.0132]]","[[""1-2-4"", 0.0423], [""3-1-4"", 0.0217], [""1-5-2"", 0.0252], [""1-2-5"", 0.0247]]",,,False,False,0.7852,強,"{""逃げ"": 71.4, ""まくり"": 8.3, ""まくり差し"": 9.3, ""差し"": 6.6, ""抜き"": 3.9, ""恵まれ"": 0.5}","[""0〜600円"", ""600〜740円"", ""740〜890円"", ""890〜1050円"", ""1050〜1220円"", ""1220〜1410円"", ""1410〜1630円"", ""1630〜1890円"", ""1890〜2200円"", ""2200〜2560円"", ""2560〜3020円"", ""3020〜3570円"", ""3570〜4280円"", ""4280〜5210円"", ""5210〜6480円"", ""6480〜8300円"", ""8300〜11200円"", ""11200〜16230円"", ""16230〜28240円"", ""28240円〜""]","[9.3, 7.5, 7.2, 6.6, 5.7, 5.5, 5.2, 5.1, 5.0, 4.8, 3.9, 3.3, 4.6, 3.5, 3.7, 3.3, 2.9, 3.2, 4.4, 5.2]","[4.3, 2.5, 2.2, 1.6, 0.7, 0.5, 0.2, 0.1, -0.0, -0.2, -1.1, -1.7, -0.4, -1.5, -1.3, -1.7, -2.1, -1.8, -0.6, 0.2]"
20260905,13,10,1,54.8,"[[""1-2-3"", 0.0678], [""1-3-2"", 0.062], [""1-2-4"", 0.0599], [""1-4-2"", 0.0493], [""1-3-4"", 0.0454], [""1-4-3"", 0.0408], [""1-2-5"", 0.0272], [""1-3-5"", 0.0206], [""1-5-2"", 0.0196]]",3,36.6,"[[""3-1-2"", 0.0333], [""3-1-4"", 0.0243], [""3-1-5"", 0.0111]]","[[""2-1-3"", 0.0376], [""2-1-4"", 0.0332], [""4-1-2"", 0.0254], [""4-1-3"", 0.021]]",,,False,True,0.8201,中,"{""逃げ"": 55.9, ""まくり差し"": 13.1, ""まくり"": 14.9, ""差し"": 10.1, ""抜き"": 5.6, ""恵まれ"": 0.5}","[""0〜600円"", ""600〜740円"", ""740〜890円"", ""890〜1050円"", ""1050〜1220円"", ""1220〜1410円"", ""1410〜1630円"", ""1630〜1890円"", ""1890〜2200円"", ""2200〜2560円"", ""2560〜3020円"", ""3020〜3570円"", ""3570〜4280円"", ""4280〜5210円"", ""5210〜6480円"", ""6480〜8300円"", ""8300〜11200円"", ""11200〜16230円"", ""16230〜28240円"", ""28240円〜""]","[4.2, 5.6, 6.3, 6.3, 4.7, 6.3, 5.0, 5.2, 5.6, 4.2, 3.9, 5.7, 4.4, 3.6, 4.6, 5.8, 4.9, 3.8, 5.2, 4.7]","[-0.8, 0.6, 1.3, 1.3, -0.3, 1.3, 0.0, 0.2, 0.6, -0.8, -1.1, 0.7, -0.6, -1.4, -0.4, 0.8, -0.1, -1.2, 0.2, -0.3]"
20260905,13,11,1,51.7,"[[""1-4-3"", 0.1271], [""1-4-5"", 0.093], [""1-4-2"", 0.0792], [""1-4-6"", 0.0206]]",4,28.7,"[[""4-1-3"", 0.0369], [""4-1-5"", 0.027], [""4-1-2"", 0.023]]","[[""1-3-4"", 0.0875], [""1-5-4"", 0.0565], [""1-2-4"", 0.047], [""1-3-5"", 0.0321]]",1-4,0.4578,False,False,0.7852,強,"{""逃げ"": 71.4, ""まくり"": 8.3, ""まくり差し"": 9.3, ""差し"": 6.6, ""抜き"": 3.9, ""恵まれ"": 0.5}","[""0〜600円"", ""600〜740円"", ""740〜890円"", ""890〜1050円"", ""1050〜1220円"", ""1220〜1410円"", ""1410〜1630円"", ""1630〜1890円"", ""1890〜2200円"", ""2200〜2560円"", ""2560〜3020円"", ""3020〜3570円"", ""3570〜4280円"", ""4280〜5210円"", ""5210〜6480円"", ""6480〜8300円"", ""8300〜11200円"", ""11200〜16230円"", ""16230〜28240円"", ""28240円〜""]","[9.3, 7.5, 7.2, 6.6, 5.7, 5.5, 5.2, 5.1, 5.0, 4.8, 3.9, 3.3, 4.6, 3.5, 3.7, 3.3, 2.9, 3.2, 4.4, 5.2]","[4.3, 2.5, 2.2, 1.6, 0.7, 0.5, 0.2, 0.1, -0.0, -0.2, -1.1, -1.7, -0.4, -1.5, -1.3, -1.7, -2.1, -1.8, -0.6, 0.2]"
20260905,13,12,1,56.1,"[[""1-3-4"", 0.0589], [""1-3-2"", 0.0725], [""1-4-3"", 0.0557], [""1-2-3"", 0.0678], [""1-4-2"", 0.0592], [""1-2-4"", 0.0585], [""1-3-5"", 0.0457], [""1-5-3"", 0.0381], [""1-4-5"", 0.0373]]",3,28.9,"[[""3-1-4"", 0.0194], [""3-1-2"", 0.0239], [""3-1-5"", 0.015]]","[[""1-2-5"", 0.0356], [""1-5-4"", 0.0329], [""1-5-2"", 0.0318], [""4-1-3"", 0.0181]]",,,False,False,0.7852,強,"{""逃げ"": 71.4, ""まくり"": 8.3, ""まくり差し"": 9.3, ""差し"": 6.6, ""抜き"": 3.9, ""恵まれ"": 0.5}","[""0〜600円"", ""600〜740円"", ""740〜890円"", ""890〜1050円"", ""1050〜1220円"", ""1220〜1410円"", ""1410〜1630円"", ""1630〜1890円"", ""1890〜2200円"", ""2200〜2560円"", ""2560〜3020円"", ""3020〜3570円"", ""3570〜4280円"", ""4280〜5210円"", ""5210〜6480円"", ""6480〜8300円"", ""8300〜11200円"", ""11200〜16230円"", ""16230〜28240円"", ""28240円〜""]","[9.3, 7.5, 7.2, 6.6, 5.7, 5.5, 5.2, 5.1, 5.0, 4.8, 3.9, 3.3, 4.6, 3.5, 3.7, 3.3, 2.9, 3.2, 4.4, 5.2]","[4.3, 2.5, 2.2, 1.6, 0.7, 0.5, 0.2, 0.1, -0.0, -0.2, -1.1, -1.7, -0.4, -1.5, -1.3, -1.7, -2.1, -1.8, -0.6, 0.2]"
20260905,17,1,1,56.4,"[[""1-2-3"", 0.0938], [""1-3-2"", 0.0906], [""1-2-4"", 0.0691], [""1-3-4"", 0.0618], [""1-4-2"", 0.0571], [""1-4-3"", 0.0529], [""1-2-6"", 0.043], [""1-3-6"", 0.0385], [""1-6-2"", 0.0328]]",3,23.6,"[[""3-1-2"", 0.0191], [""3-1-4"", 0.0131]]","[[""1-2-5"", 0.0323], [""1-6-3"", 0.0304], [""1-3-5"", 0.0289], [""2-1-3"", 0.0199]]",,,False,True,0.8201,強,"{""逃げ"": 67.1, ""まくり"": 11.2, ""まくり差し"": 9.8, ""差し"": 6.4, ""抜き"": 4.9, ""恵まれ"": 0.7}","[""0〜600円"", ""600〜740円"", ""740〜890円"", ""890〜1050円"", ""1050〜1220円"", ""1220〜1410円"", ""1410〜1630円"", ""1630〜1890円"", ""1890〜2200円"", ""2200〜2560円"", ""2560〜3020円"", ""3020〜3570円"", ""3570〜4280円"", ""4280〜5210円"", ""5210〜6480円"", ""6480〜8300円"", ""8300〜11200円"", ""11200〜16230円"", ""16230〜28240円"", ""28240円〜""]","[7.2, 6.7, 7.2, 6.4, 6.1, 5.0, 5.2, 5.1, 5.0, 4.6, 3.8, 4.4, 3.5, 4.0, 3.7, 3.7, 3.4, 4.0, 4.8, 6.1]","[2.2, 1.7, 2.2, 1.4, 1.1, 0.0, 0.2, 0.1, 0.0, -0.4, -1.2, -0.6, -1.5, -1.0, -1.3, -1.3, -1.6, -1.0, -0.2, 1.1]"
20260905,17,2,1,54.2,"[[""1-3-5"", 0.0861], [""1-3-2"", 0.1047], [""1-3-4"", 0.0308], [""1-3-6"", 0.0177]]",2,53.8,"[[""2-1-3"", 0.0312], [""2-1-5"", 0.0192]]","[[""1-5-3"", 0.0682], [""1-2-3"", 0.0817], [""1-5-2"", 0.0509], [""1-2-5"", 0.0502]]",,,False,False,0.7852,強,"{""逃げ"": 67.1, ""まくり"": 11.2, ""まくり差し"": 9.8, ""差し"": 6.4, ""抜き"": 4.9, ""恵まれ"": 0.7}","[""0〜600円"", ""600〜740円"", ""740〜890円"", ""890〜1050円"", ""1050〜1220円"", ""1220〜1410円"", ""1410〜1630円"", ""1630〜1890円"", ""1890〜2200円"", ""2200〜2560円"", ""2560〜3020円"", ""3020〜3570円"", ""3570〜4280円"", ""4280〜5210円"", ""5210〜6480円"", ""6480〜8300円"", ""8300〜11200円"", ""11200〜16230円"", ""16230〜28240円"", ""28240円〜""]","[7.2, 6.7, 7.2, 6.4, 6.1, 5.0, 5.2, 5.1, 5.0, 4.6, 3.8, 4.4, 3.5, 4.0, 3.7, 3.7, 3.4, 4.0, 4.8, 6.1]","[2.2, 1.7, 2.2, 1.4, 1.1, 0.0, 0.2, 0.1, 0.0, -0.4, -1.2, -0.6, -1.5, -1.0, -1.3, -1.3, -1.6, -1.0, -0.2, 1.1]"
20260905,17,3,1,60.0,"[[""1-2-3"", 0.1019], [""1-3-2"", 0.0992], [""1-2-4"", 0.0832], [""1-3-4"", 0.0768], [""1-2-5"", 0.0236], [""1-2-6"", 0.0235], [""1-3-5"", 0.0218], [""1-3-6"", 0.0217]]",3,,"[[""3-1-2"", 0.0271], [""3-1-4"", 0.021]]","[[""1-4-2"", 0.0701], [""1-4-3"", 0.0664], [""2-1-3"", 0.028], [""2-1-4"", 0.0228]]",,,False,True,0.8201,強,"{""逃げ"": 67.1, ""まくり"": 11.2, ""まくり差し"": 9.8, ""差し"": 6.4, ""抜き"": 4.9, ""恵まれ"": 0.7}","[""0〜600円"", ""600〜740円"", ""740〜890円"", ""890〜1050円"", ""1050〜1220円"", ""1220〜1410円"", ""1410〜1630円"", ""1630〜1890円"", ""1890〜2200円"", ""2200〜2560円"", ""2560〜3020円"", ""3020〜3570円"", ""3570〜4280円"", ""4280〜5210円"", ""5210〜6480円"", ""6480〜8300円"", ""8300〜11200円"", ""11200〜16230円"", ""16230〜28240円"", ""28240円〜""]","[7.2, 6.7, 7.2, 6.4, 6.1, 5.0, 5.2, 5.1, 5.0, 4.6, 3.8, 4.4, 3.5, 4.0, 3.7, 3.7, 3.4, 4.0, 4.8, 6.1]","[2.2, 1.7, 2.2, 1.4, 1.1, 0.0, 0.2, 0.1, 0.0, -0.4, -1.2, -0.6, -1.5, -1.0, -1.3, -1.3, -1.6, -1.0, -0.2, 1.1]"
20260905,17,4,2,50.4,"[[""2-4-1"", 0.0466], [""2-1-4"", 0.0424], [""2-4-3"", 0.0262], [""2-4-5"", 0.0214], [""2-1-3"", 0.02], [""2-1-5"", 0.0164]]",4,27.4,"[[""4-2-1"", 0.0449], [""4-2-3"", 0.0252], [""4-2-5"", 0.0206]]","[[""4-1-2"", 0.0387], [""1-2-4"", 0.0386], [""1-4-2"", 0.0366], [""2-3-4"", 0.0188]]",,,False,False,0.7852,中,"{""逃げ"": 53.2, ""まくり"": 17.0, ""まくり差し"": 13.3, ""差し"": 10.1, ""抜き"": 5.5, ""恵まれ"": 0.8}","[""0〜600円"", ""600〜740円"", ""740〜890円"", ""890〜1050円"", ""1050〜1220円"", ""1220〜1410円"", ""1410〜1630円"", ""1630〜1890円"", ""1890〜2200円"", ""2200〜2560円"", ""2560〜3020円"", ""3020〜3570円"", ""3570〜4280円"", ""4280〜5210円"", ""5210〜6480円"", ""6480〜8300円"", ""8300〜11200円"", ""11200〜16230円"", ""16230〜28240円"", ""28240円〜""]","[3.7, 4.9, 6.0, 5.4, 5.4, 5.9, 4.7, 4.8, 4.5, 4.7, 4.8, 5.1, 5.0, 5.0, 4.5, 5.6, 4.2, 4.4, 5.6, 5.9]","[-1.3, -0.1, 1.0, 0.4, 0.4, 0.9, -0.3, -0.2, -0.5, -0.3, -0.2, 0.1, -0.0, -0.0, -0.5, 0.6, -0.8, -0.6, 0.6, 0.9]"
20260905,17,5,1,51.3,"[[""1-6-4"", 0.066], [""1-4-6"", 0.0525], [""1-6-2"", 0.0654], [""1-6-5"", 0.0619], [""1-6-3"", 0.0512], [""1-2-6"", 0.0492], [""1-5-6"", 0.0462], [""1-3-6"", 0.0371], [""1-4-2"", 0.0289]]",6,35.1,"[[""6-1-4"", 0.0207], [""6-1-2"", 0.0205], [""6-1-5"", 0.0195], [""6-1-3"", 0.0161]]","[[""1-4-5"", 0.0274], [""1-2-4"", 0.0273], [""1-5-4"", 0.0257], [""1-4-3"", 0.0226]]",,,False,False,0.7852,強,"{""逃げ"": 67.1, ""まくり"": 11.2, ""まくり差し"": 9.8, ""差し"": 6.4, ""抜き"": 4.9, ""恵まれ"": 0.7}","[""0〜600円"", ""600〜740円"", ""740〜890円"", ""890〜1050円"", ""1050〜1220円"", ""1220〜1410円"", ""1410〜1630円"", ""1630〜1890円"", ""1890〜2200円"", ""2200〜2560円"", ""2560〜3020円"", ""3020〜3570円"", ""3570〜4280円"", ""4280〜5210円"", ""5210〜6480円"", ""6480〜8300円"", ""8300〜11200円"", ""11200〜16230円"", ""16230〜28240円"", ""28240円〜""]","[7.2, 6.7, 7.2, 6.4, 6.1, 5.0, 5.2, 5.1, 5.0, 4.6, 3.8, 4.4, 3.5, 4.0, 3.7, 3.7, 3.4, 4.0, 4.8, 6.1]","[2.2, 1.7, 2.2, 1.4, 1.1, 0.0, 0.2, 0.1, 0.0, -0.4, -1.2, -0.6, -1.5, -1.0, -1.3, -1.3, -1.6, -1.0, -0.2, 1.1]"
20260905,17,6,2,50.5,"[[""2-1-3"", 0.0274], [""2-3-1"", 0.0228], [""2-1-6"", 0.0235], [""2-1-4"", 0.0205], [""2-6-1"", 0.0181], [""2-1-5"", 0.0171], [""2-4-1"", 0.0154], [""2-3-6"", 0.0126], [""2-5-1"", 0.0125]]",1,,"[[""1-2-3"", 0.0272], [""1-3-2"", 0.0225], [""1-2-6"", 0.0234], [""1-2-4"", 0.0204], [""1-6-2"", 0.0178], [""1-2-5"", 0.017]]","[[""3-2-1"", 0.0201], [""3-1-2"", 0.0199], [""1-4-2"", 0.0151], [""6-2-1"", 0.015]]",,,False,True,0.8201,中,"{""逃げ"": 53.2, ""まくり"": 17.0, ""まくり差し"": 13.3, ""差し"": 10.1, ""抜き"": 5.5, ""恵まれ"": 0.8}","[""0〜600円"", ""600〜740円"", ""740〜890円"", ""890〜1050円"", ""1050〜1220円"", ""1220〜1410円"", ""1410〜1630円"", ""1630〜1890円"", ""1890〜2200円"", ""2200〜2560円"", ""2560〜3020円"", ""3020〜3570円"", ""3570〜4280円"", ""4280〜5210円"", ""5210〜6480円"", ""6480〜8300円"", ""8300〜11200円"", ""11200〜16230円"", ""16230〜28240円"", ""28240円〜""]","[3.7, 4.9, 6.0, 5.4, 5.4, 5.9, 4.7, 4.8, 4.5, 4.7, 4.8, 5.1, 5.0, 5.0, 4.5, 5.6, 4.2, 4.4, 5.6, 5.9]","[-1.3, -0.1, 1.0, 0.4, 0.4, 0.9, -0.3, -0.2, -0.5, -0.3, -0.2, 0.1, -0.0, -0.0, -0.5, 0.6, -0.8, -0.6, 0.6, 0.9]"
20260905,17,7,1,61.0,"[[""1-5-3"", 0.0781], [""1-3-5"", 0.0732], [""1-5-4"", 0.0703], [""1-5-2"", 0.0617], [""1-4-5"", 0.0593], [""1-3-4"", 0.0566], [""1-4-3"", 0.0509], [""1-2-5"", 0.0506], [""1-3-2"", 0.0497]]",4,53.8,"[[""4-1-5"", 0.0142], [""4-1-3"", 0.0122]]","[[""1-2-3"", 0.0435], [""1-4-2"", 0.0316], [""1-2-4"", 0.0307], [""5-1-3"", 0.0193]]",,,False,False,0.7852,強,"{""逃げ"": 67.1, ""まくり"": 11.2, ""まくり差し"": 9.8, ""差し"": 6.4, ""抜き"": 4.9, ""恵まれ"": 0.7}","[""0〜600円"", ""600〜740円"", ""740〜890円"", ""890〜1050円"", ""1050〜1220円"", ""1220〜1410円"", ""1410〜1630円"", ""1630〜1890円"", ""1890〜2200円"", ""2200〜2560円"", ""2560〜3020円"", ""3020〜3570円"", ""3570〜4280円"", ""4280〜5210円"", ""5210〜6480円"", ""6480〜8300円"", ""8300〜11200円"", ""11200〜16230円"", ""16230〜28240円"", ""28240円〜""]","[7.2, 6.7, 7.2, 6.4, 6.1, 5.0, 5.2, 5.1, 5.0, 4.6, 3.8, 4.4, 3.5, 4.0, 3.7, 3.7, 3.4, 4.0, 4.8, 6.1]","[2.2, 1.7, 2.2, 1.4, 1.1, 0.0, 0.2, 0.1, 0.0, -0.4, -1.2, -0.6, -1.5, -1.0, -1.3, -1.3, -1.6, -1.0, -0.2, 1.1]"
20260905,17,8,1,54.3,"[[""1-3-5"", 0.1054], [""1-3-2"", 0.0992], [""1-3-4"", 0.0963], [""1-3-6"", 0.0504]]",3,17.0,"[[""3-1-5"", 0.0345], [""3-1-2"", 0.0325], [""3-1-4"", 0.0315], [""3-1-6"", 0.0165]]","[[""1-5-3"", 0.0598], [""1-2-3"", 0.0535], [""1-4-3"", 0.0517], [""1-6-3"", 0.0254]]",1-3,0.5046,False,False,0.7852,中,"{""逃げ"": 53.2, ""まくり"": 17.0, ""まくり差し"": 13.3, ""差し"": 10.1, ""抜き"": 5.5, ""恵まれ"": 0.8}","[""0〜600円"", ""600〜740円"", ""740〜890円"", ""890〜1050円"", ""1050〜1220円"", ""1220〜1410円"", ""1410〜1630円"", ""1630〜1890円"", ""1890〜2200円"", ""2200〜2560円"", ""2560〜3020円"", ""3020〜3570円"", ""3570〜4280円"", ""4280〜5210円"", ""5210〜6480円"", ""6480〜8300円"", ""8300〜11200円"", ""11200〜16230円"", ""16230〜28240円"", ""28240円〜""]","[3.7, 4.9, 6.0, 5.4, 5.4, 5.9, 4.7, 4.8, 4.5, 4.7, 4.8, 5.1, 5.0, 5.0, 4.5, 5.6, 4.2, 4.4, 5.6, 5.9]","[-1.3, -0.1, 1.0, 0.4, 0.4, 0.9, -0.3, -0.2, -0.5, -0.3, -0.2, 0.1, -0.0, -0.0, -0.5, 0.6, -0.8, -0.6, 0.6, 0.9]"
20260905,17,9,3,46.2,"[[""3-6-1"", 0.0285], [""3-6-2"", 0.0339], [""3-1-6"", 0.025], [""3-2-6"", 0.029], [""3-1-2"", 0.0213], [""3-2-1"", 0.0208], [""3-6-4"", 0.0154], [""3-6-5"", 0.0152], [""3-4-6"", 0.0114]]",1,,"[[""1-3-6"", 0.021], [""1-6-3"", 0.0186], [""1-3-2"", 0.0179], [""1-2-3"", 0.014], [""1-6-2"", 0.0123], [""1-2-6"", 0.0109]]","[[""6-3-1"", 0.026], [""6-3-2"", 0.0309], [""6-1-3"", 0.0202], [""2-3-6"", 0.024]]",,,False,False,0.7852,中,"{""逃げ"": 53.2, ""まくり"": 17.0, ""まくり差し"": 13.3, ""差し"": 10.1, ""抜き"": 5.5, ""恵まれ"": 0.8}","[""0〜600円"", ""600〜740円"", ""740〜890円"", ""890〜1050円"", ""1050〜1220円"", ""1220〜1410円"", ""1410〜1630円"", ""1630〜1890円"", ""1890〜2200円"", ""2200〜2560円"", ""2560〜3020円"", ""3020〜3570円"", ""3570〜4280円"", ""4280〜5210円"", ""5210〜6480円"", ""6480〜8300円"", ""8300〜11200円"", ""11200〜16230円"", ""16230〜28240円"", ""28240円〜""]","[3.7, 4.9, 6.0, 5.4, 5.4, 5.9, 4.7, 4.8, 4.5, 4.7, 4.8, 5.1, 5.0, 5.0, 4.5, 5.6, 4.2, 4.4, 5.6, 5.9]","[-1.3, -0.1, 1.0, 0.4, 0.4, 0.9, -0.3, -0.2, -0.5, -0.3, -0.2, 0.1, -0.0, -0.0, -0.5, 0.6, -0.8, -0.6, 0.6, 0.9]"
20260905,17,10,1,63.2,"[[""1-2-3"", 0.0341], [""1-3-2"", 0.0324], [""1-2-4"", 0.0387], [""1-4-2"", 0.0358], [""1-3-4"", 0.0321], [""1-4-3"", 0.0313], [""1-2-5"", 0.0187], [""1-3-5"", 0.0155], [""1-5-2"", 0.0148]]",2,26.3,"[[""2-1-3"", 0.0267], [""2-1-4"", 0.0303], [""2-1-5"", 0.0146]]","[[""3-1-2"", 0.0246], [""4-1-2"", 0.0268], [""3-1-4"", 0.0244], [""4-1-3"", 0.0235]]",,,False,True,0.8201,弱,"{""逃げ"": 35.3, ""まくり"": 25.4, ""差し"": 17.4, ""まくり差し"": 13.9, ""抜き"": 7.5, ""恵まれ"": 0.5}","[""0〜600円"", ""600〜740円"", ""740〜890円"", ""890〜1050円"", ""1050〜1220円"", ""1220〜1410円"", ""1410〜1630円"", ""1630〜1890円"", ""1890〜2200円"", ""2200〜2560円"", ""2560〜3020円"", ""3020〜3570円"", ""3570〜4280円"", ""4280〜5210円"", ""5210〜6480円"", ""6480〜8300円"", ""8300〜11200円"", ""11200〜16230円"", ""16230〜28240円"", ""28240円〜""]","[1.2, 2.0, 3.3, 4.2, 4.1, 4.6, 4.6, 5.1, 6.0, 6.4, 5.4, 5.4, 5.3, 6.9, 5.8, 5.2, 6.4, 7.3, 6.0, 4.9]","[-3.8, -3.0, -1.7, -0.8, -0.9, -0.4, -0.4, 0.1, 1.0, 1.4, 0.4, 0.4, 0.3, 1.9, 0.8, 0.2, 1.4, 2.3, 1.0, -0.1]"
20260905,17,11,1,50.0,"[[""1-2-4"", 0.0922], [""1-4-2"", 0.0827], [""1-2-6"", 0.0478], [""1-2-3"", 0.0456], [""1-4-6"", 0.035], [""1-4-3"", 0.0333], [""1-2-5"", 0.0194], [""1-4-5"", 0.0142]]",2,25.9,"[[""2-1-4"", 0.0438], [""2-1-6"", 0.0227], [""2-1-3"", 0.0216]]","[[""4-1-2"", 0.038], [""1-6-2"", 0.0337], [""1-3-2"", 0.0319], [""1-6-4"", 0.0275]]",,,False,False,0.7852,中,"{""逃げ"": 53.2, ""まくり"": 17.0, ""まくり差し"": 13.3, ""差し"": 10.1, ""抜き"": 5.5, ""恵まれ"": 0.8}","[""0〜600円"", ""600〜740円"", ""740〜890円"", ""890〜1050円"", ""1050〜1220円"", ""1220〜1410円"", ""1410〜1630円"", ""1630〜1890円"", ""1890〜2200円"", ""2200〜2560円"", ""2560〜3020円"", ""3020〜3570円"", ""3570〜4280円"", ""4280〜5210円"", ""5210〜6480円"", ""6480〜8300円"", ""8300〜11200円"", ""11200〜16230円"", ""16230〜28240円"", ""28240円〜""]","[3.7, 4.9, 6.0, 5.4, 5.4, 5.9, 4.7, 4.8, 4.5, 4.7, 4.8, 5.1, 5.0, 5.0, 4.5, 5.6, 4.2, 4.4, 5.6, 5.9]","[-1.3, -0.1, 1.0, 0.4, 0.4, 0.9, -0.3, -0.2, -0.5, -0.3, -0.2, 0.1, -0.0, -0.0, -0.5, 0.6, -0.8, -0.6, 0.6, 0.9]"
20260905,17,12,1,47.6,"[[""1-2-3"", 0.1067], [""1-2-4"", 0.1191], [""1-2-6"", 0.046], [""1-2-5"", 0.0248]]",2,23.1,"[[""2-1-3"", 0.0262], [""2-1-4"", 0.0292], [""2-1-6"", 0.0113]]","[[""1-3-2"", 0.0825], [""1-4-2"", 0.0897], [""1-3-4"", 0.0534], [""1-4-3"", 0.0521]]",1-2,0.3986,False,True,0.8201,強,"{""逃げ"": 67.1, ""まくり"": 11.2, ""まくり差し"": 9.8, ""差し"": 6.4, ""抜き"": 4.9, ""恵まれ"": 0.7}","[""0〜600円"", ""600〜740円"", ""740〜890円"", ""890〜1050円"", ""1050〜1220円"", ""1220〜1410円"", ""1410〜1630円"", ""1630〜1890円"", ""1890〜2200円"", ""2200〜2560円"", ""2560〜3020円"", ""3020〜3570円"", ""3570〜4280円"", ""4280〜5210円"", ""5210〜6480円"", ""6480〜8300円"", ""8300〜11200円"", ""11200〜16230円"", ""16230〜28240円"", ""28240円〜""]","[7.2, 6.7, 7.2, 6.4, 6.1, 5.0, 5.2, 5.1, 5.0, 4.6, 3.8, 4.4, 3.5, 4.0, 3.7, 3.7, 3.4, 4.0, 4.8, 6.1]","[2.2, 1.7, 2.2, 1.4, 1.1, 0.0, 0.2, 0.1, 0.0, -0.4, -1.2, -0.6, -1.5, -1.0, -1.3, -1.3, -1.6, -1.0, -0.2, 1.1]"
20260905,18,1,1,63.9,"[[""1-3-2"", 0.0675], [""1-2-3"", 0.0671], [""1-3-4"", 0.0672], [""1-2-4"", 0.0658], [""1-4-3"", 0.0627], [""1-4-2"", 0.0617], [""1-3-5"", 0.0554], [""1-2-5"", 0.0542], [""1-5-3"", 0.0493]]",2,52.6,"[[""2-1-3"", 0.0115], [""2-1-4"", 0.0113]]","[[""1-5-2"", 0.0485], [""1-4-5"", 0.0415], [""1-5-4"", 0.0396], [""1-3-6"", 0.021]]",,,False,True,0.8201,強,"{""逃げ"": 72.6, ""差し"": 9.3, ""まくり"": 7.2, ""まくり差し"": 5.5, ""抜き"": 5.4, ""恵まれ"": 0.2}","[""0〜600円"", ""600〜740円"", ""740〜890円"", ""890〜1050円"", ""1050〜1220円"", ""1220〜1410円"", ""1410〜1630円"", ""1630〜1890円"", ""1890〜2200円"", ""2200〜2560円"", ""2560〜3020円"", ""3020〜3570円"", ""3570〜4280円"", ""4280〜5210円"", ""5210〜6480円"", ""6480〜8300円"", ""8300〜11200円"", ""11200〜16230円"", ""16230〜28240円"", ""28240円〜""]","[13.3, 10.0, 7.0, 6.7, 5.8, 5.8, 4.3, 4.3, 4.2, 3.8, 4.5, 3.5, 3.3, 3.0, 2.7, 3.2, 2.7, 3.5, 3.2, 5.4]","[8.3, 5.0, 2.0, 1.7, 0.8, 0.8, -0.7, -0.7, -0.8, -1.2, -0.5, -1.5, -1.7, -2.0, -2.3, -1.8, -2.3, -1.5, -1.8, 0.4]"
20260905,18,2,1,52.4,"[[""1-3-4"", 0.1488], [""1-3-6"", 0.1227], [""1-3-5"", 0.0635], [""1-3-2"", 0.0522]]",4,43.4,"[[""4-1-3"", 0.0176]]","[[""1-4-3"", 0.0887], [""1-6-3"", 0.0669], [""3-1-4"", 0.0314], [""1-5-3"", 0.0322]]",,,False,False,0.7852,強,"{""逃げ"": 72.6, ""差し"": 9.3, ""まくり"": 7.2, ""まくり差し"": 5.5, ""抜き"": 5.4, ""恵まれ"": 0.2}","[""0〜600円"", ""600〜740円"", ""740〜890円"", ""890〜1050円"", ""1050〜1220円"", ""1220〜1410円"", ""1410〜1630円"", ""1630〜1890円"", ""1890〜2200円"", ""2200〜2560円"", ""2560〜3020円"", ""3020〜3570円"", ""3570〜4280円"", ""4280〜5210円"", ""5210〜6480円"", ""6480〜8300円"", ""8300〜11200円"", ""11200〜16230円"", ""16230〜28240円"", ""28240円〜""]","[13.3, 10.0, 7.0, 6.7, 5.8, 5.8, 4.3, 4.3, 4.2, 3.8, 4.5, 3.5, 3.3, 3.0, 2.7, 3.2, 2.7, 3.5, 3.2, 5.4]","[8.3, 5.0, 2.0, 1.7, 0.8, 0.8, -0.7, -0.7, -0.8, -1.2, -0.5, -1.5, -1.7, -2.0, -2.3, -1.8, -2.3, -1.5, -1.8, 0.4]"
20260905,18,3,1,38.4,"[[""1-6-3"", 0.0469], [""1-6-5"", 0.0589], [""1-3-6"", 0.0448], [""1-5-6"", 0.0562], [""1-6-2"", 0.0527], [""1-3-5"", 0.0488], [""1-2-6"", 0.0488], [""1-5-3"", 0.0486], [""1-3-2"", 0.0436]]",6,34.4,"[[""6-1-3"", 0.0099], [""6-1-5"", 0.0125], [""6-1-2"", 0.0112]]","[[""1-5-2"", 0.0429], [""1-2-3"", 0.0422], [""1-2-5"", 0.0417], [""1-6-4"", 0.0314]]",,,False,False,0.7852,強,"{""逃げ"": 72.6, ""差し"": 9.3, ""まくり"": 7.2, ""まくり差し"": 5.5, ""抜き"": 5.4, ""恵まれ"": 0.2}","[""0〜600円"", ""600〜740円"", ""740〜890円"", ""890〜1050円"", ""1050〜1220円"", ""1220〜1410円"", ""1410〜1630円"", ""1630〜1890円"", ""1890〜2200円"", ""2200〜2560円"", ""2560〜3020円"", ""3020〜3570円"", ""3570〜4280円"", ""4280〜5210円"", ""5210〜6480円"", ""6480〜8300円"", ""8300〜11200円"", ""11200〜16230円"", ""16230〜28240円"", ""28240円〜""]","[13.3, 10.0, 7.0, 6.7, 5.8, 5.8, 4.3, 4.3, 4.2, 3.8, 4.5, 3.5, 3.3, 3.0, 2.7, 3.2, 2.7, 3.5, 3.2, 5.4]","[8.3, 5.0, 2.0, 1.7, 0.8, 0.8, -0.7, -0.7, -0.8, -1.2, -0.5, -1.5, -1.7, -2.0, -2.3, -1.8, -2.3, -1.5, -1.8, 0.4]"
20260905,18,4,1,47.7,"[[""1-2-3"", 0.1312], [""1-2-5"", 0.079], [""1-2-4"", 0.072], [""1-2-6"", 0.0469]]",2,26.0,"[[""2-1-3"", 0.056], [""2-1-5"", 0.0338], [""2-1-4"", 0.0308], [""2-1-6"", 0.02]]","[[""1-3-2"", 0.0744], [""1-5-2"", 0.0397], [""1-4-2"", 0.0359], [""3-1-2"", 0.0277]]",1-2,0.5107,True,True,0.8201,中,"{""逃げ"": 60.1, ""差し"": 11.4, ""まくり差し"": 10.5, ""まくり"": 11.2, ""抜き"": 6.3, ""恵まれ"": 0.6}","[""0〜600円"", ""600〜740円"", ""740〜890円"", ""890〜1050円"", ""1050〜1220円"", ""1220〜1410円"", ""1410〜1630円"", ""1630〜1890円"", ""1890〜2200円"", ""2200〜2560円"", ""2560〜3020円"", ""3020〜3570円"", ""3570〜4280円"", ""4280〜5210円"", ""5210〜6480円"", ""6480〜8300円"", ""8300〜11200円"", ""11200〜16230円"", ""16230〜28240円"", ""28240円〜""]","[6.3, 6.5, 6.6, 6.1, 5.7, 5.2, 5.1, 5.7, 4.4, 4.1, 4.5, 3.9, 4.2, 4.5, 4.2, 4.8, 4.9, 4.0, 4.6, 4.7]","[1.3, 1.5, 1.6, 1.1, 0.7, 0.2, 0.1, 0.7, -0.6, -0.9, -0.5, -1.1, -0.8, -0.5, -0.8, -0.2, -0.1, -1.0, -0.4, -0.3]"
20260905,18,5,1,56.0,"[[""1-3-2"", 0.0954], [""1-3-6"", 0.0444], [""1-3-4"", 0.0162], [""1-3-5"", 0.0159]]",2,27.4,"[[""2-1-3"", 0.0569], [""2-1-6"", 0.0223]]","[[""1-2-3"", 0.0858], [""3-1-2"", 0.066], [""3-2-1"", 0.0352], [""2-3-1"", 0.0337]]",,,False,True,0.8201,中,"{""逃げ"": 60.1, ""差し"": 11.4, ""まくり差し"": 10.5, ""まくり"": 11.2, ""抜き"": 6.3, ""恵まれ"": 0.6}","[""0〜600円"", ""600〜740円"", ""740〜890円"", ""890〜1050円"", ""1050〜1220円"", ""1220〜1410円"", ""1410〜1630円"", ""1630〜1890円"", ""1890〜2200円"", ""2200〜2560円"", ""2560〜3020円"", ""3020〜3570円"", ""3570〜4280円"", ""4280〜5210円"", ""5210〜6480円"", ""6480〜8300円"", ""8300〜11200円"", ""11200〜16230円"", ""16230〜28240円"", ""28240円〜""]","[6.3, 6.5, 6.6, 6.1, 5.7, 5.2, 5.1, 5.7, 4.4, 4.1, 4.5, 3.9, 4.2, 4.5, 4.2, 4.8, 4.9, 4.0, 4.6, 4.7]","[1.3, 1.5, 1.6, 1.1, 0.7, 0.2, 0.1, 0.7, -0.6, -0.9, -0.5, -1.1, -0.8, -0.5, -0.8, -0.2, -0.1, -1.0, -0.4, -0.3]"
20260905,18,6,1,55.1,"[[""1-2-3"", 0.0809], [""1-2-4"", 0.093], [""1-2-6"", 0.063], [""1-2-5"", 0.0226]]",2,26.2,"[[""2-1-3"", 0.0366], [""2-1-4"", 0.042], [""2-1-6"", 0.0285], [""2-1-5"", 0.0102]]","[[""1-3-2"", 0.056], [""1-4-2"", 0.0634], [""1-6-2"", 0.0401], [""1-3-4"", 0.0286]]",1-2,0.4027,False,True,0.8201,中,"{""逃げ"": 60.1, ""差し"": 11.4, ""まくり差し"": 10.5, ""まくり"": 11.2, ""抜き"": 6.3, ""恵まれ"": 0.6}","[""0〜600円"", ""600〜740円"", ""740〜890円"", ""890〜1050円"", ""1050〜1220円"", ""1220〜1410円"", ""1410〜1630円"", ""1630〜1890円"", ""1890〜2200円"", ""2200〜2560円"", ""2560〜3020円"", ""3020〜3570円"", ""3570〜4280円"", ""4280〜5210円"", ""5210〜6480円"", ""6480〜8300円"", ""8300〜11200円"", ""11200〜16230円"", ""16230〜28240円"", ""28240円〜""]","[6.3, 6.5, 6.6, 6.1, 5.7, 5.2, 5.1, 5.7, 4.4, 4.1, 4.5, 3.9, 4.2, 4.5, 4.2, 4.8, 4.9, 4.0, 4.6, 4.7]","[1.3, 1.5, 1.6, 1.1, 0.7, 0.2, 0.1, 0.7, -0.6, -0.9, -0.5, -1.1, -0.8, -0.5, -0.8, -0.2, -0.1, -1.0, -0.4, -0.3]"
20260905,18,7,1,50.8,"[[""1-2-5"", 0.0605], [""1-2-4"", 0.0701], [""1-2-3"", 0.0666], [""1-5-2"", 0.0457], [""1-4-2"", 0.0518], [""1-3-2"", 0.0487], [""1-5-4"", 0.0271], [""1-4-5"", 0.0265], [""1-5-3"", 0.0257]]",2,20.3,"[[""2-1-5"", 0.0307], [""2-1-4"", 0.0356], [""2-1-3"", 0.0339]]","[[""5-1-2"", 0.0212], [""1-3-5"", 0.0249], [""4-1-2"", 0.0238], [""1-4-3"", 0.0229]]",,,False,False,0.7852,弱,"{""逃げ"": 40.9, ""差し"": 19.5, ""まくり"": 18.1, ""まくり差し"": 10.8, ""抜き"": 9.9, ""恵まれ"": 0.8}","[""0〜600円"", ""600〜740円"", ""740〜890円"", ""890〜1050円"", ""1050〜1220円"", ""1220〜1410円"", ""1410〜1630円"", ""1630〜1890円"", ""1890〜2200円"", ""2200〜2560円"", ""2560〜3020円"", ""3020〜3570円"", ""3570〜4280円"", ""4280〜5210円"", ""5210〜6480円"", ""6480〜8300円"", ""8300〜11200円"", ""11200〜16230円"", ""16230〜28240円"", ""28240円〜""]","[2.0, 3.2, 4.8, 5.2, 5.4, 4.2, 4.4, 5.7, 6.2, 4.6, 5.5, 6.1, 4.9, 7.0, 5.6, 5.7, 5.6, 4.6, 5.0, 4.4]","[-3.0, -1.8, -0.2, 0.2, 0.4, -0.8, -0.6, 0.7, 1.2, -0.4, 0.5, 1.1, -0.1, 2.0, 0.6, 0.7, 0.6, -0.4, -0.0, -0.6]"
20260905,18,8,1,55.4,"[[""1-2-3"", 0.0866], [""1-2-6"", 0.1055], [""1-2-4"", 0.0952], [""1-2-5"", 0.0719]]",2,21.7,"[[""2-1-3"", 0.0379], [""2-1-6"", 0.0462], [""2-1-4"", 0.0417], [""2-1-5"", 0.0315]]","[[""1-3-2"", 0.0411], [""1-6-2"", 0.0501], [""1-4-2"", 0.0445], [""1-5-2"", 0.0327]]",1-2,0.5439,True,True,0.8201,中,"{""逃げ"": 60.1, ""差し"": 11.4, ""まくり差し"": 10.5, ""まくり"": 11.2, ""抜き"": 6.3, ""恵まれ"": 0.6}","[""0〜600円"", ""600〜740円"", ""740〜890円"", ""890〜1050円"", ""1050〜1220円"", ""1220〜1410円"", ""1410〜1630円"", ""1630〜1890円"", ""1890〜2200円"", ""2200〜2560円"", ""2560〜3020円"", ""3020〜3570円"", ""3570〜4280円"", ""4280〜5210円"", ""5210〜6480円"", ""6480〜8300円"", ""8300〜11200円"", ""11200〜16230円"", ""16230〜28240円"", ""28240円〜""]","[6.3, 6.5, 6.6, 6.1, 5.7, 5.2, 5.1, 5.7, 4.4, 4.1, 4.5, 3.9, 4.2, 4.5, 4.2, 4.8, 4.9, 4.0, 4.6, 4.7]","[1.3, 1.5, 1.6, 1.1, 0.7, 0.2, 0.1, 0.7, -0.6, -0.9, -0.5, -1.1, -0.8, -0.5, -0.8, -0.2, -0.1, -1.0, -0.4, -0.3]"
20260905,18,9,1,59.7,"[[""1-3-2"", 0.1091], [""1-2-3"", 0.0951], [""1-3-4"", 0.0973], [""1-2-4"", 0.0637], [""1-3-6"", 0.0395], [""1-3-5"", 0.0295], [""1-2-6"", 0.0259], [""1-2-5"", 0.0193]]",2,35.2,"[[""2-1-3"", 0.0196], [""2-1-4"", 0.0131]]","[[""1-4-3"", 0.0768], [""1-4-2"", 0.0577], [""3-1-2"", 0.0229], [""1-6-3"", 0.0271]]",,,False,True,0.8201,強,"{""逃げ"": 72.6, ""差し"": 9.3, ""まくり"": 7.2, ""まくり差し"": 5.5, ""抜き"": 5.4, ""恵まれ"": 0.2}","[""0〜600円"", ""600〜740円"", ""740〜890円"", ""890〜1050円"", ""1050〜1220円"", ""1220〜1410円"", ""1410〜1630円"", ""1630〜1890円"", ""1890〜2200円"", ""2200〜2560円"", ""2560〜3020円"", ""3020〜3570円"", ""3570〜4280円"", ""4280〜5210円"", ""5210〜6480円"", ""6480〜8300円"", ""8300〜11200円"", ""11200〜16230円"", ""16230〜28240円"", ""28240円〜""]","[13.3, 10.0, 7.0, 6.7, 5.8, 5.8, 4.3, 4.3, 4.2, 3.8, 4.5, 3.5, 3.3, 3.0, 2.7, 3.2, 2.7, 3.5, 3.2, 5.4]","[8.3, 5.0, 2.0, 1.7, 0.8, 0.8, -0.7, -0.7, -0.8, -1.2, -0.5, -1.5, -1.7, -2.0, -2.3, -1.8, -2.3, -1.5, -1.8, 0.4]"
20260905,18,10,1,41.4,"[[""1-2-4"", 0.0893], [""1-2-3"", 0.0933], [""1-2-5"", 0.0539], [""1-2-6"", 0.0253]]",2,23.1,"[[""2-1-4"", 0.0331], [""2-1-3"", 0.0346], [""2-1-5"", 0.02]]","[[""1-4-2"", 0.0671], [""1-3-2"", 0.0665], [""1-4-3"", 0.0383], [""1-3-4"", 0.0364]]",1-2,0.3921,False,False,0.7852,強,"{""逃げ"": 72.6, ""差し"": 9.3, ""まくり"": 7.2, ""まくり差し"": 5.5, ""抜き"": 5.4, ""恵まれ"": 0.2}","[""0〜600円"", ""600〜740円"", ""740〜890円"", ""890〜1050円"", ""1050〜1220円"", ""1220〜1410円"", ""1410〜1630円"", ""1630〜1890円"", ""1890〜2200円"", ""2200〜2560円"", ""2560〜3020円"", ""3020〜3570円"", ""3570〜4280円"", ""4280〜5210円"", ""5210〜6480円"", ""6480〜8300円"", ""8300〜11200円"", ""11200〜16230円"", ""16230〜28240円"", ""28240円〜""]","[13.3, 10.0, 7.0, 6.7, 5.8, 5.8, 4.3, 4.3, 4.2, 3.8, 4.5, 3.5, 3.3, 3.0, 2.7, 3.2, 2.7, 3.5, 3.2, 5.4]","[8.3, 5.0, 2.0, 1.7, 0.8, 0.8, -0.7, -0.7, -0.8, -1.2, -0.5, -1.5, -1.7, -2.0, -2.3, -1.8, -2.3, -1.5, -1.8, 0.4]"
20260905,18,11,1,51.6,"[[""1-2-4"", 0.0669], [""1-4-2"", 0.0593], [""1-2-3"", 0.0691], [""1-3-2"", 0.0576], [""1-4-3"", 0.0456], [""1-2-5"", 0.0456], [""1-3-4"", 0.0429], [""1-5-2"", 0.035], [""1-4-5"", 0.0301]]",4,31.0,"[[""4-1-2"", 0.0208], [""4-1-3"", 0.016], [""4-1-5"", 0.0105]]","[[""2-1-4"", 0.0241], [""1-2-6"", 0.0272], [""1-5-4"", 0.0261], [""2-1-3"", 0.0249]]",,,False,False,0.7852,強,"{""逃げ"": 72.6, ""差し"": 9.3, ""まくり"": 7.2, ""まくり差し"": 5.5, ""抜き"": 5.4, ""恵まれ"": 0.2}","[""0〜600円"", ""600〜740円"", ""740〜890円"", ""890〜1050円"", ""1050〜1220円"", ""1220〜1410円"", ""1410〜1630円"", ""1630〜1890円"", ""1890〜2200円"", ""2200〜2560円"", ""2560〜3020円"", ""3020〜3570円"", ""3570〜4280円"", ""4280〜5210円"", ""5210〜6480円"", ""6480〜8300円"", ""8300〜11200円"", ""11200〜16230円"", ""16230〜28240円"", ""28240円〜""]","[13.3, 10.0, 7.0, 6.7, 5.8, 5.8, 4.3, 4.3, 4.2, 3.8, 4.5, 3.5, 3.3, 3.0, 2.7, 3.2, 2.7, 3.5, 3.2, 5.4]","[8.3, 5.0, 2.0, 1.7, 0.8, 0.8, -0.7, -0.7, -0.8, -1.2, -0.5, -1.5, -1.7, -2.0, -2.3, -1.8, -2.3, -1.5, -1.8, 0.4]"
20260905,18,12,1,50.2,"[[""1-2-3"", 0.1168], [""1-2-4"", 0.1021], [""1-2-5"", 0.0627], [""1-2-6"", 0.0196]]",2,28.4,"[[""2-1-3"", 0.0392], [""2-1-4"", 0.0343], [""2-1-5"", 0.021]]","[[""1-3-2"", 0.0823], [""1-4-2"", 0.0662], [""1-5-2"", 0.0377], [""1-3-4"", 0.0367]]",1-2,0.4366,False,True,0.8201,強,"{""逃げ"": 72.6, ""差し"": 9.3, ""まくり"": 7.2, ""まくり差し"": 5.5, ""抜き"": 5.4, ""恵まれ"": 0.2}","[""0〜600円"", ""600〜740円"", ""740〜890円"", ""890〜1050円"", ""1050〜1220円"", ""1220〜1410円"", ""1410〜1630円"", ""1630〜1890円"", ""1890〜2200円"", ""2200〜2560円"", ""2560〜3020円"", ""3020〜3570円"", ""3570〜4280円"", ""4280〜5210円"", ""5210〜6480円"", ""6480〜8300円"", ""8300〜11200円"", ""11200〜16230円"", ""16230〜28240円"", ""28240円〜""]","[13.3, 10.0, 7.0, 6.7, 5.8, 5.8, 4.3, 4.3, 4.2, 3.8, 4.5, 3.5, 3.3, 3.0, 2.7, 3.2, 2.7, 3.5, 3.2, 5.4]","[8.3, 5.0, 2.0, 1.7, 0.8, 0.8, -0.7, -0.7, -0.8, -1.2, -0.5, -1.5, -1.7, -2.0, -2.3, -1.8, -2.3, -1.5, -1.8, 0.4]"
20260905,20,1,1,51.2,"[[""1-2-3"", 0.0409], [""1-2-5"", 0.0492], [""1-3-2"", 0.0382], [""1-5-2"", 0.0458], [""1-3-5"", 0.0381], [""1-5-3"", 0.0379], [""1-2-4"", 0.0331], [""1-4-2"", 0.0281], [""1-3-4"", 0.0256]]",2,30.6,"[[""2-1-3"", 0.0226], [""2-1-5"", 0.0272], [""2-1-4"", 0.0183]]","[[""1-5-4"", 0.0252], [""3-1-2"", 0.0205], [""5-1-2"", 0.0246], [""1-4-3"", 0.0232]]",,,False,True,0.8201,中,"{""逃げ"": 52.8, ""まくり"": 15.0, ""まくり差し"": 11.4, ""差し"": 12.0, ""抜き"": 7.9, ""恵まれ"": 1.0}","[""0〜600円"", ""600〜740円"", ""740〜890円"", ""890〜1050円"", ""1050〜1220円"", ""1220〜1410円"", ""1410〜1630円"", ""1630〜1890円"", ""1890〜2200円"", ""2200〜2560円"", ""2560〜3020円"", ""3020〜3570円"", ""3570〜4280円"", ""4280〜5210円"", ""5210〜6480円"", ""6480〜8300円"", ""8300〜11200円"", ""11200〜16230円"", ""16230〜28240円"", ""28240円〜""]","[4.3, 4.8, 5.1, 4.6, 5.0, 5.0, 5.1, 4.4, 4.8, 4.4, 6.0, 4.4, 5.1, 4.9, 5.4, 5.1, 5.2, 5.2, 5.6, 5.6]","[-0.7, -0.2, 0.1, -0.4, 0.0, -0.0, 0.1, -0.6, -0.2, -0.6, 1.0, -0.6, 0.1, -0.1, 0.4, 0.1, 0.2, 0.2, 0.6, 0.6]"
20260905,20,2,1,34.2,"[[""1-5-3"", 0.061], [""1-3-5"", 0.0509], [""1-5-2"", 0.0484], [""1-5-4"", 0.0402], [""1-2-5"", 0.0358], [""1-4-5"", 0.0289], [""1-3-2"", 0.0272], [""1-5-6"", 0.025], [""1-2-3"", 0.0241]]",3,39.1,"[[""3-1-5"", 0.0286], [""3-1-2"", 0.0153], [""3-1-4"", 0.0127]]","[[""5-1-3"", 0.0368], [""5-1-2"", 0.0292], [""5-1-4"", 0.0243], [""1-3-4"", 0.0226]]",,,False,False,0.7852,弱,"{""逃げ"": 37.4, ""まくり"": 21.4, ""差し"": 17.1, ""まくり差し"": 14.1, ""抜き"": 9.3, ""恵まれ"": 0.8}","[""0〜600円"", ""600〜740円"", ""740〜890円"", ""890〜1050円"", ""1050〜1220円"", ""1220〜1410円"", ""1410〜1630円"", ""1630〜1890円"", ""1890〜2200円"", ""2200〜2560円"", ""2560〜3020円"", ""3020〜3570円"", ""3570〜4280円"", ""4280〜5210円"", ""5210〜6480円"", ""6480〜8300円"", ""8300〜11200円"", ""11200〜16230円"", ""16230〜28240円"", ""28240円〜""]","[1.1, 1.4, 2.1, 2.5, 3.3, 4.3, 4.2, 5.1, 5.6, 5.5, 5.4, 7.0, 6.4, 6.8, 6.3, 6.9, 7.6, 6.6, 6.7, 5.4]","[-3.9, -3.6, -2.9, -2.5, -1.7, -0.7, -0.8, 0.1, 0.6, 0.5, 0.4, 2.0, 1.4, 1.8, 1.3, 1.9, 2.6, 1.6, 1.7, 0.4]"
20260905,20,3,1,49.0,"[[""1-5-6"", 0.0435], [""1-6-5"", 0.0421], [""1-5-2"", 0.0392], [""1-5-3"", 0.0369], [""1-2-5"", 0.0347], [""1-6-2"", 0.0345], [""1-5-4"", 0.0341], [""1-6-3"", 0.0324], [""1-3-5"", 0.0322]]",5,21.8,"[[""5-1-6"", 0.0186], [""5-1-2"", 0.0168], [""5-1-3"", 0.0158], [""5-1-4"", 0.0146]]","[[""1-2-6"", 0.0315], [""1-6-4"", 0.03], [""1-4-5"", 0.0294], [""1-3-6"", 0.0293]]",,,False,False,0.7852,中,"{""逃げ"": 52.8, ""まくり"": 15.0, ""まくり差し"": 11.4, ""差し"": 12.0, ""抜き"": 7.9, ""恵まれ"": 1.0}","[""0〜600円"", ""600〜740円"", ""740〜890円"", ""890〜1050円"", ""1050〜1220円"", ""1220〜1410円"", ""1410〜1630円"", ""1630〜1890円"", ""1890〜2200円"", ""2200〜2560円"", ""2560〜3020円"", ""3020〜3570円"", ""3570〜4280円"", ""4280〜5210円"", ""5210〜6480円"", ""6480〜8300円"", ""8300〜11200円"", ""11200〜16230円"", ""16230〜28240円"", ""28240円〜""]","[4.3, 4.8, 5.1, 4.6, 5.0, 5.0, 5.1, 4.4, 4.8, 4.4, 6.0, 4.4, 5.1, 4.9, 5.4, 5.1, 5.2, 5.2, 5.6, 5.6]","[-0.7, -0.2, 0.1, -0.4, 0.0, -0.0, 0.1, -0.6, -0.2, -0.6, 1.0, -0.6, 0.1, -0.1, 0.4, 0.1, 0.2, 0.2, 0.6, 0.6]"
20260905,20,4,1,57.7,"[[""1-3-5"", 0.0396], [""1-5-3"", 0.0377], [""1-3-2"", 0.0457], [""1-2-3"", 0.0424], [""1-3-4"", 0.0396], [""1-5-2"", 0.0374], [""1-2-5"", 0.0364], [""1-4-3"", 0.0356], [""1-5-4"", 0.0324]]",3,25.8,"[[""3-1-5"", 0.0158], [""3-1-2"", 0.0183], [""3-1-4"", 0.0158], [""3-1-6"", 0.0122]]","[[""1-3-6"", 0.0306], [""1-4-5"", 0.0305], [""1-2-4"", 0.0287], [""1-4-2"", 0.0277]]",,,False,False,0.7852,中,"{""逃げ"": 52.8, ""まくり"": 15.0, ""まくり差し"": 11.4, ""差し"": 12.0, ""抜き"": 7.9, ""恵まれ"": 1.0}","[""0〜600円"", ""600〜740円"", ""740〜890円"", ""890〜1050円"", ""1050〜1220円"", ""1220〜1410円"", ""1410〜1630円"", ""1630〜1890円"", ""1890〜2200円"", ""2200〜2560円"", ""2560〜3020円"", ""3020〜3570円"", ""3570〜4280円"", ""4280〜5210円"", ""5210〜6480円"", ""6480〜8300円"", ""8300〜11200円"", ""11200〜16230円"", ""16230〜28240円"", ""28240円〜""]","[4.3, 4.8, 5.1, 4.6, 5.0, 5.0, 5.1, 4.4, 4.8, 4.4, 6.0, 4.4, 5.1, 4.9, 5.4, 5.1, 5.2, 5.2, 5.6, 5.6]","[-0.7, -0.2, 0.1, -0.4, 0.0, -0.0, 0.1, -0.6, -0.2, -0.6, 1.0, -0.6, 0.1, -0.1, 0.4, 0.1, 0.2, 0.2, 0.6, 0.6]"
20260905,20,5,1,54.1,"[[""1-2-4"", 0.0921], [""1-4-2"", 0.0899], [""1-2-3"", 0.0382], [""1-4-3"", 0.0358], [""1-2-5"", 0.022], [""1-4-5"", 0.0206], [""1-2-6"", 0.0199], [""1-4-6"", 0.0186]]",4,30.9,"[[""4-1-2"", 0.0538], [""4-1-3"", 0.0214], [""4-1-5"", 0.0123], [""4-1-6"", 0.0111]]","[[""2-1-4"", 0.0556], [""2-4-1"", 0.0267], [""4-2-1"", 0.0265], [""1-3-2"", 0.0271]]",,,False,True,0.8201,中,"{""逃げ"": 52.8, ""まくり"": 15.0, ""まくり差し"": 11.4, ""差し"": 12.0, ""抜き"": 7.9, ""恵まれ"": 1.0}","[""0〜600円"", ""600〜740円"", ""740〜890円"", ""890〜1050円"", ""1050〜1220円"", ""1220〜1410円"", ""1410〜1630円"", ""1630〜1890円"", ""1890〜2200円"", ""2200〜2560円"", ""2560〜3020円"", ""3020〜3570円"", ""3570〜4280円"", ""4280〜5210円"", ""5210〜6480円"", ""6480〜8300円"", ""8300〜11200円"", ""11200〜16230円"", ""16230〜28240円"", ""28240円〜""]","[4.3, 4.8, 5.1, 4.6, 5.0, 5.0, 5.1, 4.4, 4.8, 4.4, 6.0, 4.4, 5.1, 4.9, 5.4, 5.1, 5.2, 5.2, 5.6, 5.6]","[-0.7, -0.2, 0.1, -0.4, 0.0, -0.0, 0.1, -0.6, -0.2, -0.6, 1.0, -0.6, 0.1, -0.1, 0.4, 0.1, 0.2, 0.2, 0.6, 0.6]"
20260905,20,6,1,56.9,"[[""1-5-2"", 0.0807], [""1-2-5"", 0.073], [""1-5-4"", 0.0837], [""1-4-5"", 0.071], [""1-2-4"", 0.0602], [""1-4-2"", 0.0564], [""1-5-3"", 0.0469], [""1-3-5"", 0.0354], [""1-2-3"", 0.0337]]",5,18.4,"[[""5-1-2"", 0.0221], [""5-1-4"", 0.0229], [""5-1-3"", 0.0128]]","[[""1-3-2"", 0.0281], [""1-4-3"", 0.0257], [""2-1-5"", 0.0196], [""1-3-4"", 0.0229]]",,,False,False,0.7852,強,"{""逃げ"": 66.0, ""差し"": 8.6, ""まくり"": 9.8, ""まくり差し"": 8.1, ""抜き"": 6.9, ""恵まれ"": 0.6}","[""0〜600円"", ""600〜740円"", ""740〜890円"", ""890〜1050円"", ""1050〜1220円"", ""1220〜1410円"", ""1410〜1630円"", ""1630〜1890円"", ""1890〜2200円"", ""2200〜2560円"", ""2560〜3020円"", ""3020〜3570円"", ""3570〜4280円"", ""4280〜5210円"", ""5210〜6480円"", ""6480〜8300円"", ""8300〜11200円"", ""11200〜16230円"", ""16230〜28240円"", ""28240円〜""]","[10.4, 7.5, 5.9, 6.1, 5.9, 6.1, 4.1, 4.6, 4.7, 4.1, 4.2, 4.3, 3.8, 3.7, 3.6, 3.3, 3.8, 4.2, 4.2, 5.4]","[5.4, 2.5, 0.9, 1.1, 0.9, 1.1, -0.9, -0.4, -0.3, -0.9, -0.8, -0.7, -1.2, -1.3, -1.4, -1.7, -1.2, -0.8, -0.8, 0.4]"
20260905,20,7,1,60.5,"[[""1-6-3"", 0.0656], [""1-3-6"", 0.0566], [""1-6-2"", 0.0656], [""1-6-4"", 0.0612], [""1-2-6"", 0.0531], [""1-4-6"", 0.0489], [""1-3-2"", 0.0388], [""1-2-3"", 0.0365], [""1-3-4"", 0.0362]]",6,31.1,"[[""6-1-3"", 0.021], [""6-1-2"", 0.021], [""6-1-4"", 0.0196]]","[[""1-4-3"", 0.0335], [""1-6-5"", 0.0292], [""1-2-4"", 0.0267], [""1-4-2"", 0.0263]]",,,False,False,0.7852,中,"{""逃げ"": 52.8, ""まくり"": 15.0, ""まくり差し"": 11.4, ""差し"": 12.0, ""抜き"": 7.9, ""恵まれ"": 1.0}","[""0〜600円"", ""600〜740円"", ""740〜890円"", ""890〜1050円"", ""1050〜1220円"", ""1220〜1410円"", ""1410〜1630円"", ""1630〜1890円"", ""1890〜2200円"", ""2200〜2560円"", ""2560〜3020円"", ""3020〜3570円"", ""3570〜4280円"", ""4280〜5210円"", ""5210〜6480円"", ""6480〜8300円"", ""8300〜11200円"", ""11200〜16230円"", ""16230〜28240円"", ""28240円〜""]","[4.3, 4.8, 5.1, 4.6, 5.0, 5.0, 5.1, 4.4, 4.8, 4.4, 6.0, 4.4, 5.1, 4.9, 5.4, 5.1, 5.2, 5.2, 5.6, 5.6]","[-0.7, -0.2, 0.1, -0.4, 0.0, -0.0, 0.1, -0.6, -0.2, -0.6, 1.0, -0.6, 0.1, -0.1, 0.4, 0.1, 0.2, 0.2, 0.6, 0.6]"
20260905,20,8,1,63.4,"[[""1-2-5"", 0.083], [""1-2-4"", 0.0935], [""1-2-6"", 0.0909], [""1-2-3"", 0.0445]]",2,21.8,"[[""2-1-5"", 0.0351], [""2-1-4"", 0.0396], [""2-1-6"", 0.0384], [""2-1-3"", 0.0188]]","[[""1-5-2"", 0.0478], [""1-4-2"", 0.0527], [""1-6-2"", 0.051], [""1-3-2"", 0.0232]]",1-2,0.4762,False,False,0.7852,中,"{""逃げ"": 52.8, ""まくり"": 15.0, ""まくり差し"": 11.4, ""差し"": 12.0, ""抜き"": 7.9, ""恵まれ"": 1.0}","[""0〜600円"", ""600〜740円"", ""740〜890円"", ""890〜1050円"", ""1050〜1220円"", ""1220〜1410円"", ""1410〜1630円"", ""1630〜1890円"", ""1890〜2200円"", ""2200〜2560円"", ""2560〜3020円"", ""3020〜3570円"", ""3570〜4280円"", ""4280〜5210円"", ""5210〜6480円"", ""6480〜8300円"", ""8300〜11200円"", ""11200〜16230円"", ""16230〜28240円"", ""28240円〜""]","[4.3, 4.8, 5.1, 4.6, 5.0, 5.0, 5.1, 4.4, 4.8, 4.4, 6.0, 4.4, 5.1, 4.9, 5.4, 5.1, 5.2, 5.2, 5.6, 5.6]","[-0.7, -0.2, 0.1, -0.4, 0.0, -0.0, 0.1, -0.6, -0.2, -0.6, 1.0, -0.6, 0.1, -0.1, 0.4, 0.1, 0.2, 0.2, 0.6, 0.6]"
20260905,20,9,1,56.1,"[[""1-2-3"", 0.0838], [""1-3-2"", 0.0733], [""1-2-4"", 0.0645], [""1-4-2"", 0.0497], [""1-3-4"", 0.042], [""1-2-6"", 0.0397], [""1-2-5"", 0.039], [""1-4-3"", 0.037], [""1-6-2"", 0.0284]]",2,25.8,"[[""2-1-3"", 0.0299], [""2-1-4"", 0.023], [""2-1-6"", 0.0142], [""2-1-5"", 0.0139]]","[[""3-1-2"", 0.0253], [""1-5-2"", 0.0278], [""1-3-6"", 0.0259], [""1-3-5"", 0.0254]]",,,False,True,0.8201,中,"{""逃げ"": 52.8, ""まくり"": 15.0, ""まくり差し"": 11.4, ""差し"": 12.0, ""抜き"": 7.9, ""恵まれ"": 1.0}","[""0〜600円"", ""600〜740円"", ""740〜890円"", ""890〜1050円"", ""1050〜1220円"", ""1220〜1410円"", ""1410〜1630円"", ""1630〜1890円"", ""1890〜2200円"", ""2200〜2560円"", ""2560〜3020円"", ""3020〜3570円"", ""3570〜4280円"", ""4280〜5210円"", ""5210〜6480円"", ""6480〜8300円"", ""8300〜11200円"", ""11200〜16230円"", ""16230〜28240円"", ""28240円〜""]","[4.3, 4.8, 5.1, 4.6, 5.0, 5.0, 5.1, 4.4, 4.8, 4.4, 6.0, 4.4, 5.1, 4.9, 5.4, 5.1, 5.2, 5.2, 5.6, 5.6]","[-0.7, -0.2, 0.1, -0.4, 0.0, -0.0, 0.1, -0.6, -0.2, -0.6, 1.0, -0.6, 0.1, -0.1, 0.4, 0.1, 0.2, 0.2, 0.6, 0.6]"
20260905,20,10,1,51.6,"[[""1-2-3"", 0.0647], [""1-2-4"", 0.076], [""1-2-5"", 0.0277], [""1-2-6"", 0.0181]]",2,18.4,"[[""2-1-3"", 0.0492], [""2-1-4"", 0.0578], [""2-1-5"", 0.021], [""2-1-6"", 0.0138]]","[[""1-3-2"", 0.0444], [""1-4-2"", 0.0516], [""3-1-2"", 0.0284], [""4-1-2"", 0.0329]]",1-2,0.3533,False,True,0.8201,中,"{""逃げ"": 52.8, ""まくり"": 15.0, ""まくり差し"": 11.4, ""差し"": 12.0, ""抜き"": 7.9, ""恵まれ"": 1.0}","[""0〜600円"", ""600〜740円"", ""740〜890円"", ""890〜1050円"", ""1050〜1220円"", ""1220〜1410円"", ""1410〜1630円"", ""1630〜1890円"", ""1890〜2200円"", ""2200〜2560円"", ""2560〜3020円"", ""3020〜3570円"", ""3570〜4280円"", ""4280〜5210円"", ""5210〜6480円"", ""6480〜8300円"", ""8300〜11200円"", ""11200〜16230円"", ""16230〜28240円"", ""28240円〜""]","[4.3, 4.8, 5.1, 4.6, 5.0, 5.0, 5.1, 4.4, 4.8, 4.4, 6.0, 4.4, 5.1, 4.9, 5.4, 5.1, 5.2, 5.2, 5.6, 5.6]","[-0.7, -0.2, 0.1, -0.4, 0.0, -0.0, 0.1, -0.6, -0.2, -0.6, 1.0, -0.6, 0.1, -0.1, 0.4, 0.1, 0.2, 0.2, 0.6, 0.6]"
20260905,20,11,1,55.3,"[[""1-3-2"", 0.0518], [""1-2-3"", 0.0509], [""1-3-5"", 0.0554], [""1-5-3"", 0.0522], [""1-2-5"", 0.052], [""1-5-2"", 0.0499], [""1-3-6"", 0.03], [""1-2-6"", 0.0282], [""1-3-4"", 0.025]]",2,26.0,"[[""2-1-3"", 0.0209], [""2-1-5"", 0.0214], [""2-1-6"", 0.0116]]","[[""3-1-2"", 0.0214], [""1-6-3"", 0.0249], [""1-6-2"", 0.0237], [""1-5-6"", 0.0237]]",,,False,True,0.8201,中,"{""逃げ"": 52.8, ""まくり"": 15.0, ""まくり差し"": 11.4, ""差し"": 12.0, ""抜き"": 7.9, ""恵まれ"": 1.0}","[""0〜600円"", ""600〜740円"", ""740〜890円"", ""890〜1050円"", ""1050〜1220円"", ""1220〜1410円"", ""1410〜1630円"", ""1630〜1890円"", ""1890〜2200円"", ""2200〜2560円"", ""2560〜3020円"", ""3020〜3570円"", ""3570〜4280円"", ""4280〜5210円"", ""5210〜6480円"", ""6480〜8300円"", ""8300〜11200円"", ""11200〜16230円"", ""16230〜28240円"", ""28240円〜""]","[4.3, 4.8, 5.1, 4.6, 5.0, 5.0, 5.1, 4.4, 4.8, 4.4, 6.0, 4.4, 5.1, 4.9, 5.4, 5.1, 5.2, 5.2, 5.6, 5.6]","[-0.7, -0.2, 0.1, -0.4, 0.0, -0.0, 0.1, -0.6, -0.2, -0.6, 1.0, -0.6, 0.1, -0.1, 0.4, 0.1, 0.2, 0.2, 0.6, 0.6]"
20260905,20,12,1,48.6,"[[""1-3-2"", 0.0575], [""1-2-3"", 0.0538], [""1-3-4"", 0.0576], [""1-4-3"", 0.0507], [""1-3-5"", 0.0481], [""1-2-4"", 0.0455], [""1-4-2"", 0.0428], [""1-5-3"", 0.0405], [""1-2-5"", 0.038]]",3,30.7,"[[""3-1-2"", 0.026], [""3-1-4"", 0.0261], [""3-1-5"", 0.0218]]","[[""1-5-2"", 0.0342], [""1-4-5"", 0.0294], [""2-1-3"", 0.0238], [""1-5-4"", 0.0281]]",,,False,True,0.8201,強,"{""逃げ"": 66.0, ""差し"": 8.6, ""まくり"": 9.8, ""まくり差し"": 8.1, ""抜き"": 6.9, ""恵まれ"": 0.6}","[""0〜600円"", ""600〜740円"", ""740〜890円"", ""890〜1050円"", ""1050〜1220円"", ""1220〜1410円"", ""1410〜1630円"", ""1630〜1890円"", ""1890〜2200円"", ""2200〜2560円"", ""2560〜3020円"", ""3020〜3570円"", ""3570〜4280円"", ""4280〜5210円"", ""5210〜6480円"", ""6480〜8300円"", ""8300〜11200円"", ""11200〜16230円"", ""16230〜28240円"", ""28240円〜""]","[10.4, 7.5, 5.9, 6.1, 5.9, 6.1, 4.1, 4.6, 4.7, 4.1, 4.2, 4.3, 3.8, 3.7, 3.6, 3.3, 3.8, 4.2, 4.2, 5.4]","[5.4, 2.5, 0.9, 1.1, 0.9, 1.1, -0.9, -0.4, -0.3, -0.9, -0.8, -0.7, -1.2, -1.3, -1.4, -1.7, -1.2, -0.8, -0.8, 0.4]"
20260905,22,1,1,49.1,"[[""1-2-3"", 0.0912], [""1-2-4"", 0.0722], [""1-2-5"", 0.0596], [""1-2-6"", 0.0363]]",2,26.4,"[[""2-1-3"", 0.0349], [""2-1-4"", 0.0277], [""2-1-5"", 0.0228], [""2-1-6"", 0.0139]]","[[""1-3-2"", 0.0692], [""1-4-2"", 0.0496], [""1-5-2"", 0.0397], [""1-3-4"", 0.0305]]",1-2,0.3863,False,True,0.8201,中,"{""逃げ"": 54.0, ""まくり"": 16.8, ""差し"": 12.1, ""抜き"": 8.5, ""まくり差し"": 8.2, ""恵まれ"": 0.3}","[""0〜600円"", ""600〜740円"", ""740〜890円"", ""890〜1050円"", ""1050〜1220円"", ""1220〜1410円"", ""1410〜1630円"", ""1630〜1890円"", ""1890〜2200円"", ""2200〜2560円"", ""2560〜3020円"", ""3020〜3570円"", ""3570〜4280円"", ""4280〜5210円"", ""5210〜6480円"", ""6480〜8300円"", ""8300〜11200円"", ""11200〜16230円"", ""16230〜28240円"", ""28240円〜""]","[6.2, 4.8, 5.4, 6.5, 5.4, 5.5, 5.4, 4.7, 4.8, 4.7, 4.6, 4.5, 5.1, 4.5, 4.9, 4.0, 4.6, 5.6, 5.1, 4.1]","[1.2, -0.2, 0.4, 1.5, 0.4, 0.5, 0.4, -0.3, -0.2, -0.3, -0.4, -0.5, 0.1, -0.5, -0.1, -1.0, -0.4, 0.6, 0.1, -0.9]"
20260905,22,2,1,54.1,"[[""1-3-4"", 0.0333], [""1-3-2"", 0.036], [""1-3-5"", 0.0358], [""1-4-3"", 0.0254], [""1-2-3"", 0.0264], [""1-5-3"", 0.0263], [""1-4-2"", 0.0143], [""1-4-5"", 0.0142], [""1-2-4"", 0.0137]]",3,36.7,"[[""3-1-4"", 0.0309], [""3-1-2"", 0.0334], [""3-1-5"", 0.0332], [""3-1-6"", 0.0109]]","[[""3-4-1"", 0.0215], [""4-1-3"", 0.0201], [""4-3-1"", 0.0183], [""3-2-1"", 0.0224]]",,,False,False,0.7852,弱,"{""逃げ"": 35.8, ""まくり"": 27.7, ""差し"": 16.6, ""まくり差し"": 10.0, ""抜き"": 9.4, ""恵まれ"": 0.5}","[""0〜600円"", ""600〜740円"", ""740〜890円"", ""890〜1050円"", ""1050〜1220円"", ""1220〜1410円"", ""1410〜1630円"", ""1630〜1890円"", ""1890〜2200円"", ""2200〜2560円"", ""2560〜3020円"", ""3020〜3570円"", ""3570〜4280円"", ""4280〜5210円"", ""5210〜6480円"", ""6480〜8300円"", ""8300〜11200円"", ""11200〜16230円"", ""16230〜28240円"", ""28240円〜""]","[1.2, 2.2, 3.6, 3.5, 4.2, 4.7, 5.2, 6.9, 5.6, 6.0, 6.1, 5.9, 6.7, 7.3, 6.0, 5.9, 5.6, 5.4, 4.4, 3.7]","[-3.8, -2.8, -1.4, -1.5, -0.8, -0.3, 0.2, 1.9, 0.6, 1.0, 1.1, 0.9, 1.7, 2.3, 1.0, 0.9, 0.6, 0.4, -0.6, -1.3]"
20260905,22,3,1,55.9,"[[""1-5-2"", 0.0317], [""1-2-5"", 0.0315], [""1-5-4"", 0.0232], [""1-2-4"", 0.0229], [""1-4-5"", 0.0195], [""1-4-2"", 0.0193], [""1-5-3"", 0.0159], [""1-2-3"", 0.0156], [""1-3-5"", 0.0125]]",5,34.5,"[[""5-1-2"", 0.0284], [""5-2-1"", 0.0243], [""5-1-4"", 0.0208], [""5-1-3"", 0.0142], [""5-2-4"", 0.0128], [""5-1-6"", 0.0109]]","[[""2-1-5"", 0.0282], [""2-5-1"", 0.0242], [""2-1-4"", 0.0205], [""4-1-5"", 0.0156]]",,,False,False,0.7852,弱,"{""逃げ"": 35.8, ""まくり"": 27.7, ""差し"": 16.6, ""まくり差し"": 10.0, ""抜き"": 9.4, ""恵まれ"": 0.5}","[""0〜600円"", ""600〜740円"", ""740〜890円"", ""890〜1050円"", ""1050〜1220円"", ""1220〜1410円"", ""1410〜1630円"", ""1630〜1890円"", ""1890〜2200円"", ""2200〜2560円"", ""2560〜3020円"", ""3020〜3570円"", ""3570〜4280円"", ""4280〜5210円"", ""5210〜6480円"", ""6480〜8300円"", ""8300〜11200円"", ""11200〜16230円"", ""16230〜28240円"", ""28240円〜""]","[1.2, 2.2, 3.6, 3.5, 4.2, 4.7, 5.2, 6.9, 5.6, 6.0, 6.1, 5.9, 6.7, 7.3, 6.0, 5.9, 5.6, 5.4, 4.4, 3.7]","[-3.8, -2.8, -1.4, -1.5, -0.8, -0.3, 0.2, 1.9, 0.6, 1.0, 1.1, 0.9, 1.7, 2.3, 1.0, 0.9, 0.6, 0.4, -0.6, -1.3]"
20260905,22,4,1,47.8,"[[""1-3-5"", 0.0369], [""1-3-2"", 0.0383], [""1-3-4"", 0.0322], [""1-3-6"", 0.0272]]",3,29.4,"[[""3-1-5"", 0.0348], [""3-1-2"", 0.0361], [""3-1-4"", 0.0304], [""3-1-6"", 0.0256]]","[[""1-5-3"", 0.0255], [""3-5-1"", 0.0224], [""1-2-3"", 0.0254], [""5-1-3"", 0.0194]]",1-3,0.2813,False,False,0.7852,弱,"{""逃げ"": 35.8, ""まくり"": 27.7, ""差し"": 16.6, ""まくり差し"": 10.0, ""抜き"": 9.4, ""恵まれ"": 0.5}","[""0〜600円"", ""600〜740円"", ""740〜890円"", ""890〜1050円"", ""1050〜1220円"", ""1220〜1410円"", ""1410〜1630円"", ""1630〜1890円"", ""1890〜2200円"", ""2200〜2560円"", ""2560〜3020円"", ""3020〜3570円"", ""3570〜4280円"", ""4280〜5210円"", ""5210〜6480円"", ""6480〜8300円"", ""8300〜11200円"", ""11200〜16230円"", ""16230〜28240円"", ""28240円〜""]","[1.2, 2.2, 3.6, 3.5, 4.2, 4.7, 5.2, 6.9, 5.6, 6.0, 6.1, 5.9, 6.7, 7.3, 6.0, 5.9, 5.6, 5.4, 4.4, 3.7]","[-3.8, -2.8, -1.4, -1.5, -0.8, -0.3, 0.2, 1.9, 0.6, 1.0, 1.1, 0.9, 1.7, 2.3, 1.0, 0.9, 0.6, 0.4, -0.6, -1.3]"
20260905,22,5,1,63.0,"[[""1-3-2"", 0.1574], [""1-3-4"", 0.1433], [""1-3-6"", 0.0342], [""1-3-5"", 0.0274]]",3,12.9,"[[""3-1-2"", 0.0201], [""3-1-4"", 0.0183]]","[[""1-2-3"", 0.1176], [""1-4-3"", 0.0981], [""1-2-4"", 0.063], [""1-4-2"", 0.0577]]",1-3,0.4474,False,True,0.8201,強,"{""逃げ"": 66.8, ""まくり"": 12.3, ""差し"": 8.3, ""抜き"": 6.7, ""まくり差し"": 4.9, ""恵まれ"": 1.1}","[""0〜600円"", ""600〜740円"", ""740〜890円"", ""890〜1050円"", ""1050〜1220円"", ""1220〜1410円"", ""1410〜1630円"", ""1630〜1890円"", ""1890〜2200円"", ""2200〜2560円"", ""2560〜3020円"", ""3020〜3570円"", ""3570〜4280円"", ""4280〜5210円"", ""5210〜6480円"", ""6480〜8300円"", ""8300〜11200円"", ""11200〜16230円"", ""16230〜28240円"", ""28240円〜""]","[10.6, 8.4, 7.3, 6.7, 5.4, 5.4, 4.8, 4.5, 4.3, 3.5, 4.8, 3.5, 3.0, 3.5, 3.9, 3.7, 3.7, 3.7, 3.9, 5.4]","[5.6, 3.4, 2.3, 1.7, 0.4, 0.4, -0.2, -0.5, -0.7, -1.5, -0.2, -1.5, -2.0, -1.5, -1.1, -1.3, -1.3, -1.3, -1.1, 0.4]"
20260905,22,6,1,54.0,"[[""1-2-4"", 0.0647], [""1-4-2"", 0.0617], [""1-2-6"", 0.0399], [""1-4-6"", 0.0348], [""1-2-3"", 0.0188], [""1-2-5"", 0.0167], [""1-4-3"", 0.0164], [""1-4-5"", 0.0145]]",2,21.5,"[[""2-1-4"", 0.0461], [""2-1-6"", 0.0284], [""2-1-3"", 0.0134], [""2-1-5"", 0.0119]]","[[""4-1-2"", 0.043], [""2-4-1"", 0.0273], [""4-2-1"", 0.0268], [""1-6-2"", 0.0303]]",,,False,False,0.7852,弱,"{""逃げ"": 35.8, ""まくり"": 27.7, ""差し"": 16.6, ""まくり差し"": 10.0, ""抜き"": 9.4, ""恵まれ"": 0.5}","[""0〜600円"", ""600〜740円"", ""740〜890円"", ""890〜1050円"", ""1050〜1220円"", ""1220〜1410円"", ""1410〜1630円"", ""1630〜1890円"", ""1890〜2200円"", ""2200〜2560円"", ""2560〜3020円"", ""3020〜3570円"", ""3570〜4280円"", ""4280〜5210円"", ""5210〜6480円"", ""6480〜8300円"", ""8300〜11200円"", ""11200〜16230円"", ""16230〜28240円"", ""28240円〜""]","[1.2, 2.2, 3.6, 3.5, 4.2, 4.7, 5.2, 6.9, 5.6, 6.0, 6.1, 5.9, 6.7, 7.3, 6.0, 5.9, 5.6, 5.4, 4.4, 3.7]","[-3.8, -2.8, -1.4, -1.5, -0.8, -0.3, 0.2, 1.9, 0.6, 1.0, 1.1, 0.9, 1.7, 2.3, 1.0, 0.9, 0.6, 0.4, -0.6, -1.3]"
20260905,22,7,1,49.0,"[[""1-5-3"", 0.1473], [""1-5-2"", 0.1112], [""1-5-4"", 0.0835], [""1-5-6"", 0.0337]]",5,30.8,"[[""5-1-3"", 0.0282], [""5-1-2"", 0.0213], [""5-1-4"", 0.016]]","[[""1-3-5"", 0.0941], [""1-2-5"", 0.0636], [""1-4-5"", 0.046], [""1-3-2"", 0.0315]]",1-5,0.4957,False,False,0.7852,強,"{""逃げ"": 66.8, ""まくり"": 12.3, ""差し"": 8.3, ""抜き"": 6.7, ""まくり差し"": 4.9, ""恵まれ"": 1.1}","[""0〜600円"", ""600〜740円"", ""740〜890円"", ""890〜1050円"", ""1050〜1220円"", ""1220〜1410円"", ""1410〜1630円"", ""1630〜1890円"", ""1890〜2200円"", ""2200〜2560円"", ""2560〜3020円"", ""3020〜3570円"", ""3570〜4280円"", ""4280〜5210円"", ""5210〜6480円"", ""6480〜8300円"", ""8300〜11200円"", ""11200〜16230円"", ""16230〜28240円"", ""28240円〜""]","[10.6, 8.4, 7.3, 6.7, 5.4, 5.4, 4.8, 4.5, 4.3, 3.5, 4.8, 3.5, 3.0, 3.5, 3.9, 3.7, 3.7, 3.7, 3.9, 5.4]","[5.6, 3.4, 2.3, 1.7, 0.4, 0.4, -0.2, -0.5, -0.7, -1.5, -0.2, -1.5, -2.0, -1.5, -1.1, -1.3, -1.3, -1.3, -1.1, 0.4]"
20260905,22,8,1,54.7,"[[""1-2-3"", 0.0999], [""1-2-5"", 0.094], [""1-2-4"", 0.059], [""1-2-6"", 0.0274]]",2,26.5,"[[""2-1-3"", 0.0568], [""2-1-5"", 0.0534], [""2-1-4"", 0.0335], [""2-1-6"", 0.0156]]","[[""1-3-2"", 0.0571], [""1-5-2"", 0.051], [""3-1-2"", 0.0271], [""1-4-2"", 0.0301]]",1-2,0.4738,False,True,0.8201,中,"{""逃げ"": 54.0, ""まくり"": 16.8, ""差し"": 12.1, ""抜き"": 8.5, ""まくり差し"": 8.2, ""恵まれ"": 0.3}","[""0〜600円"", ""600〜740円"", ""740〜890円"", ""890〜1050円"", ""1050〜1220円"", ""1220〜1410円"", ""1410〜1630円"", ""1630〜1890円"", ""1890〜2200円"", ""2200〜2560円"", ""2560〜3020円"", ""3020〜3570円"", ""3570〜4280円"", ""4280〜5210円"", ""5210〜6480円"", ""6480〜8300円"", ""8300〜11200円"", ""11200〜16230円"", ""16230〜28240円"", ""28240円〜""]","[6.2, 4.8, 5.4, 6.5, 5.4, 5.5, 5.4, 4.7, 4.8, 4.7, 4.6, 4.5, 5.1, 4.5, 4.9, 4.0, 4.6, 5.6, 5.1, 4.1]","[1.2, -0.2, 0.4, 1.5, 0.4, 0.5, 0.4, -0.3, -0.2, -0.3, -0.4, -0.5, 0.1, -0.5, -0.1, -1.0, -0.4, 0.6, 0.1, -0.9]"
20260905,22,9,1,47.1,"[[""1-2-3"", 0.0889], [""1-3-2"", 0.0885], [""1-2-6"", 0.0456], [""1-3-6"", 0.0451], [""1-2-4"", 0.0327], [""1-3-4"", 0.0323]]",2,40.4,"[[""2-1-3"", 0.05], [""2-1-6"", 0.0257], [""2-1-4"", 0.0184]]","[[""3-1-2"", 0.0497], [""1-6-2"", 0.0343], [""1-6-3"", 0.034], [""2-3-1"", 0.0225]]",,,False,True,0.8201,中,"{""逃げ"": 54.0, ""まくり"": 16.8, ""差し"": 12.1, ""抜き"": 8.5, ""まくり差し"": 8.2, ""恵まれ"": 0.3}","[""0〜600円"", ""600〜740円"", ""740〜890円"", ""890〜1050円"", ""1050〜1220円"", ""1220〜1410円"", ""1410〜1630円"", ""1630〜1890円"", ""1890〜2200円"", ""2200〜2560円"", ""2560〜3020円"", ""3020〜3570円"", ""3570〜4280円"", ""4280〜5210円"", ""5210〜6480円"", ""6480〜8300円"", ""8300〜11200円"", ""11200〜16230円"", ""16230〜28240円"", ""28240円〜""]","[6.2, 4.8, 5.4, 6.5, 5.4, 5.5, 5.4, 4.7, 4.8, 4.7, 4.6, 4.5, 5.1, 4.5, 4.9, 4.0, 4.6, 5.6, 5.1, 4.1]","[1.2, -0.2, 0.4, 1.5, 0.4, 0.5, 0.4, -0.3, -0.2, -0.3, -0.4, -0.5, 0.1, -0.5, -0.1, -1.0, -0.4, 0.6, 0.1, -0.9]"
20260905,22,10,1,56.0,"[[""1-2-3"", 0.0938], [""1-3-2"", 0.0773], [""1-2-6"", 0.0939], [""1-6-2"", 0.0733], [""1-2-4"", 0.0541], [""1-3-6"", 0.0489], [""1-2-5"", 0.0478], [""1-6-3"", 0.0464], [""1-4-2"", 0.0384]]",2,22.2,"[[""2-1-3"", 0.0158], [""2-1-6"", 0.0158]]","[[""1-5-2"", 0.0334], [""1-3-4"", 0.0282], [""1-3-5"", 0.0249], [""1-4-3"", 0.0243]]",,,False,True,0.8201,強,"{""逃げ"": 66.8, ""まくり"": 12.3, ""差し"": 8.3, ""抜き"": 6.7, ""まくり差し"": 4.9, ""恵まれ"": 1.1}","[""0〜600円"", ""600〜740円"", ""740〜890円"", ""890〜1050円"", ""1050〜1220円"", ""1220〜1410円"", ""1410〜1630円"", ""1630〜1890円"", ""1890〜2200円"", ""2200〜2560円"", ""2560〜3020円"", ""3020〜3570円"", ""3570〜4280円"", ""4280〜5210円"", ""5210〜6480円"", ""6480〜8300円"", ""8300〜11200円"", ""11200〜16230円"", ""16230〜28240円"", ""28240円〜""]","[10.6, 8.4, 7.3, 6.7, 5.4, 5.4, 4.8, 4.5, 4.3, 3.5, 4.8, 3.5, 3.0, 3.5, 3.9, 3.7, 3.7, 3.7, 3.9, 5.4]","[5.6, 3.4, 2.3, 1.7, 0.4, 0.4, -0.2, -0.5, -0.7, -1.5, -0.2, -1.5, -2.0, -1.5, -1.1, -1.3, -1.3, -1.3, -1.1, 0.4]"
20260905,22,11,1,50.9,"[[""1-3-2"", 0.1481], [""1-3-5"", 0.0738], [""1-3-4"", 0.0401], [""1-3-6"", 0.0131]]",2,29.4,"[[""2-1-3"", 0.0442], [""2-1-5"", 0.0145]]","[[""1-2-3"", 0.1137], [""3-1-2"", 0.0614], [""1-5-3"", 0.0447], [""1-2-5"", 0.0374]]",,,False,True,0.8201,強,"{""逃げ"": 66.8, ""まくり"": 12.3, ""差し"": 8.3, ""抜き"": 6.7, ""まくり差し"": 4.9, ""恵まれ"": 1.1}","[""0〜600円"", ""600〜740円"", ""740〜890円"", ""890〜1050円"", ""1050〜1220円"", ""1220〜1410円"", ""1410〜1630円"", ""1630〜1890円"", ""1890〜2200円"", ""2200〜2560円"", ""2560〜3020円"", ""3020〜3570円"", ""3570〜4280円"", ""4280〜5210円"", ""5210〜6480円"", ""6480〜8300円"", ""8300〜11200円"", ""11200〜16230円"", ""16230〜28240円"", ""28240円〜""]","[10.6, 8.4, 7.3, 6.7, 5.4, 5.4, 4.8, 4.5, 4.3, 3.5, 4.8, 3.5, 3.0, 3.5, 3.9, 3.7, 3.7, 3.7, 3.9, 5.4]","[5.6, 3.4, 2.3, 1.7, 0.4, 0.4, -0.2, -0.5, -0.7, -1.5, -0.2, -1.5, -2.0, -1.5, -1.1, -1.3, -1.3, -1.3, -1.1, 0.4]"
20260905,22,12,1,52.1,"[[""1-2-3"", 0.1881], [""1-2-5"", 0.1077], [""1-2-4"", 0.0616], [""1-2-6"", 0.0221]]",2,30.3,"[[""2-1-3"", 0.0416], [""2-1-5"", 0.0238], [""2-1-4"", 0.0136]]","[[""1-3-2"", 0.1207], [""1-5-2"", 0.0583], [""1-3-5"", 0.0341], [""1-4-2"", 0.0314]]",1-2,0.5137,True,True,0.8201,強,"{""逃げ"": 66.8, ""まくり"": 12.3, ""差し"": 8.3, ""抜き"": 6.7, ""まくり差し"": 4.9, ""恵まれ"": 1.1}","[""0〜600円"", ""600〜740円"", ""740〜890円"", ""890〜1050円"", ""1050〜1220円"", ""1220〜1410円"", ""1410〜1630円"", ""1630〜1890円"", ""1890〜2200円"", ""2200〜2560円"", ""2560〜3020円"", ""3020〜3570円"", ""3570〜4280円"", ""4280〜5210円"", ""5210〜6480円"", ""6480〜8300円"", ""8300〜11200円"", ""11200〜16230円"", ""16230〜28240円"", ""28240円〜""]","[10.6, 8.4, 7.3, 6.7, 5.4, 5.4, 4.8, 4.5, 4.3, 3.5, 4.8, 3.5, 3.0, 3.5, 3.9, 3.7, 3.7, 3.7, 3.9, 5.4]","[5.6, 3.4, 2.3, 1.7, 0.4, 0.4, -0.2, -0.5, -0.7, -1.5, -0.2, -1.5, -2.0, -1.5, -1.1, -1.3, -1.3, -1.3, -1.1, 0.4]"
