date,jcd,r,favorite_boat,favorite_nige_rate,scenario1_tickets,challenger_boat,challenger_makuri_rate,scenario2_tickets,scenario3_tickets,aligned_pair,aligned_pair_prob,aligned_pair_flag,knn_agree_trio,knn_trio_calibration_ratio,strength_bin,kimarite_dist,payout_bucket_labels,payout_bucket_pct,payout_bucket_deviation
20260831,04,1,3,53.9,"[[""3-2-1"", 0.0669], [""3-1-2"", 0.0669], [""3-2-5"", 0.0315], [""3-1-5"", 0.0314], [""3-2-4"", 0.0239], [""3-1-4"", 0.0239], [""3-2-6"", 0.014], [""3-1-6"", 0.014]]",1,50.0,"[[""1-3-2"", 0.0477], [""1-3-5"", 0.0224], [""1-3-4"", 0.017]]","[[""2-3-1"", 0.0477], [""2-1-3"", 0.0295], [""1-2-3"", 0.0295], [""3-5-2"", 0.0236]]",,,False,True,0.8218,強,"{""逃げ"": 56.9, ""差し"": 13.0, ""まくり"": 11.9, ""まくり差し"": 10.0, ""抜き"": 7.5, ""恵まれ"": 0.9}","[""0〜600円"", ""600〜750円"", ""750〜900円"", ""900〜1050円"", ""1050〜1220円"", ""1220〜1410円"", ""1410〜1640円"", ""1640〜1890円"", ""1890〜2200円"", ""2200〜2560円"", ""2560〜3020円"", ""3020〜3580円"", ""3580〜4290円"", ""4290〜5220円"", ""5220〜6490円"", ""6490〜8310円"", ""8310〜11220円"", ""11220〜16240円"", ""16240〜28268円"", ""28268円〜""]","[2.6, 3.9, 5.7, 5.6, 4.9, 5.6, 5.3, 4.6, 5.4, 4.6, 5.5, 5.1, 5.3, 4.6, 4.3, 5.0, 5.3, 5.0, 5.9, 5.7]","[-2.4, -1.1, 0.7, 0.6, -0.1, 0.6, 0.3, -0.4, 0.4, -0.4, 0.5, 0.1, 0.3, -0.4, -0.7, -0.0, 0.3, 0.0, 0.9, 0.7]"
20260831,04,2,5,44.7,"[[""5-2-1"", 0.0118], [""5-2-3"", 0.0149], [""5-1-2"", 0.011], [""5-2-6"", 0.014], [""5-3-2"", 0.0139], [""5-6-2"", 0.0128], [""5-2-4"", 0.0111], [""5-1-3"", 0.011], [""5-3-1"", 0.011]]",1,41.0,"[[""1-5-2"", 0.0103], [""1-2-5"", 0.0101], [""1-5-3"", 0.0103]]","[[""2-5-1"", 0.0116], [""2-5-3"", 0.0146], [""2-5-6"", 0.0138], [""2-1-5"", 0.0106]]",,,False,False,0.7866,中,"{""逃げ"": 42.5, ""まくり"": 19.1, ""差し"": 16.7, ""まくり差し"": 13.3, ""抜き"": 7.2, ""恵まれ"": 1.3}","[""0〜600円"", ""600〜750円"", ""750〜900円"", ""900〜1050円"", ""1050〜1220円"", ""1220〜1410円"", ""1410〜1640円"", ""1640〜1890円"", ""1890〜2200円"", ""2200〜2560円"", ""2560〜3020円"", ""3020〜3580円"", ""3580〜4290円"", ""4290〜5220円"", ""5220〜6490円"", ""6490〜8310円"", ""8310〜11220円"", ""11220〜16240円"", ""16240〜28268円"", ""28268円〜""]","[0.7, 1.6, 3.2, 3.0, 4.1, 6.0, 5.3, 5.1, 5.3, 5.8, 5.3, 6.9, 6.3, 5.9, 5.3, 6.0, 7.4, 5.8, 6.1, 5.0]","[-4.3, -3.4, -1.8, -2.0, -0.9, 1.0, 0.3, 0.1, 0.3, 0.8, 0.3, 1.9, 1.3, 0.9, 0.3, 1.0, 2.4, 0.8, 1.1, -0.0]"
20260831,04,3,3,48.4,"[[""3-1-5"", 0.031], [""3-5-1"", 0.03], [""3-1-4"", 0.0361], [""3-4-1"", 0.0338], [""3-5-4"", 0.0319], [""3-4-5"", 0.0309], [""3-1-2"", 0.0244], [""3-5-2"", 0.0216], [""3-2-1"", 0.0207]]",1,35.1,"[[""1-3-5"", 0.0241], [""1-3-4"", 0.028], [""1-3-2"", 0.019]]","[[""5-3-1"", 0.0228], [""4-3-1"", 0.0253], [""5-3-4"", 0.0243], [""4-3-5"", 0.0231]]",,,False,False,0.7866,中,"{""逃げ"": 42.5, ""まくり"": 19.1, ""差し"": 16.7, ""まくり差し"": 13.3, ""抜き"": 7.2, ""恵まれ"": 1.3}","[""0〜600円"", ""600〜750円"", ""750〜900円"", ""900〜1050円"", ""1050〜1220円"", ""1220〜1410円"", ""1410〜1640円"", ""1640〜1890円"", ""1890〜2200円"", ""2200〜2560円"", ""2560〜3020円"", ""3020〜3580円"", ""3580〜4290円"", ""4290〜5220円"", ""5220〜6490円"", ""6490〜8310円"", ""8310〜11220円"", ""11220〜16240円"", ""16240〜28268円"", ""28268円〜""]","[0.7, 1.6, 3.2, 3.0, 4.1, 6.0, 5.3, 5.1, 5.3, 5.8, 5.3, 6.9, 6.3, 5.9, 5.3, 6.0, 7.4, 5.8, 6.1, 5.0]","[-4.3, -3.4, -1.8, -2.0, -0.9, 1.0, 0.3, 0.1, 0.3, 0.8, 0.3, 1.9, 1.3, 0.9, 0.3, 1.0, 2.4, 0.8, 1.1, -0.0]"
20260831,04,4,3,54.3,"[[""3-2-1"", 0.0192], [""3-2-5"", 0.0225], [""3-1-2"", 0.018], [""3-5-2"", 0.0208], [""3-1-5"", 0.0177], [""3-5-1"", 0.0174], [""3-2-4"", 0.0163], [""3-4-2"", 0.0139], [""3-1-4"", 0.0128]]",2,30.9,"[[""2-3-1"", 0.0192], [""2-3-5"", 0.0224], [""2-1-3"", 0.0179], [""2-5-3"", 0.0207], [""2-1-5"", 0.0175], [""2-5-1"", 0.0172]]","[[""1-3-2"", 0.0171], [""1-2-3"", 0.0171], [""5-3-2"", 0.0196], [""5-2-3"", 0.0196]]",,,False,True,0.8218,中,"{""逃げ"": 42.5, ""まくり"": 19.1, ""差し"": 16.7, ""まくり差し"": 13.3, ""抜き"": 7.2, ""恵まれ"": 1.3}","[""0〜600円"", ""600〜750円"", ""750〜900円"", ""900〜1050円"", ""1050〜1220円"", ""1220〜1410円"", ""1410〜1640円"", ""1640〜1890円"", ""1890〜2200円"", ""2200〜2560円"", ""2560〜3020円"", ""3020〜3580円"", ""3580〜4290円"", ""4290〜5220円"", ""5220〜6490円"", ""6490〜8310円"", ""8310〜11220円"", ""11220〜16240円"", ""16240〜28268円"", ""28268円〜""]","[0.7, 1.6, 3.2, 3.0, 4.1, 6.0, 5.3, 5.1, 5.3, 5.8, 5.3, 6.9, 6.3, 5.9, 5.3, 6.0, 7.4, 5.8, 6.1, 5.0]","[-4.3, -3.4, -1.8, -2.0, -0.9, 1.0, 0.3, 0.1, 0.3, 0.8, 0.3, 1.9, 1.3, 0.9, 0.3, 1.0, 2.4, 0.8, 1.1, -0.0]"
20260831,04,5,1,52.2,"[[""1-2-4"", 0.0386], [""1-2-3"", 0.0431], [""1-4-2"", 0.0339], [""1-3-2"", 0.0363], [""1-4-3"", 0.0284], [""1-3-4"", 0.0272], [""1-2-5"", 0.0211], [""1-5-2"", 0.0154], [""1-4-5"", 0.0139]]",4,27.9,"[[""4-1-2"", 0.0274], [""4-1-3"", 0.023], [""4-1-5"", 0.0112]]","[[""2-1-4"", 0.0337], [""2-1-3"", 0.0376], [""2-4-1"", 0.0247], [""4-2-1"", 0.0229]]",,,False,False,0.7866,中,"{""逃げ"": 42.5, ""まくり"": 19.1, ""差し"": 16.7, ""まくり差し"": 13.3, ""抜き"": 7.2, ""恵まれ"": 1.3}","[""0〜600円"", ""600〜750円"", ""750〜900円"", ""900〜1050円"", ""1050〜1220円"", ""1220〜1410円"", ""1410〜1640円"", ""1640〜1890円"", ""1890〜2200円"", ""2200〜2560円"", ""2560〜3020円"", ""3020〜3580円"", ""3580〜4290円"", ""4290〜5220円"", ""5220〜6490円"", ""6490〜8310円"", ""8310〜11220円"", ""11220〜16240円"", ""16240〜28268円"", ""28268円〜""]","[0.7, 1.6, 3.2, 3.0, 4.1, 6.0, 5.3, 5.1, 5.3, 5.8, 5.3, 6.9, 6.3, 5.9, 5.3, 6.0, 7.4, 5.8, 6.1, 5.0]","[-4.3, -3.4, -1.8, -2.0, -0.9, 1.0, 0.3, 0.1, 0.3, 0.8, 0.3, 1.9, 1.3, 0.9, 0.3, 1.0, 2.4, 0.8, 1.1, -0.0]"
20260831,04,6,1,52.8,"[[""1-4-5"", 0.0334], [""1-5-4"", 0.0308], [""1-4-2"", 0.0258], [""1-4-3"", 0.0209], [""1-2-4"", 0.0204], [""1-5-2"", 0.02], [""1-2-5"", 0.0172], [""1-5-3"", 0.0162], [""1-3-4"", 0.0159]]",4,28.3,"[[""4-1-5"", 0.0325], [""4-5-1"", 0.0289], [""4-1-2"", 0.0251], [""4-1-3"", 0.0203], [""4-2-1"", 0.0193], [""4-5-2"", 0.0174]]","[[""5-1-4"", 0.0285], [""5-4-1"", 0.0275], [""5-1-2"", 0.0185], [""2-1-4"", 0.0171]]",,,False,False,0.7866,弱,"{""逃げ"": 27.2, ""まくり"": 25.5, ""差し"": 23.1, ""まくり差し"": 14.6, ""抜き"": 8.2, ""恵まれ"": 1.3}","[""0〜600円"", ""600〜750円"", ""750〜900円"", ""900〜1050円"", ""1050〜1220円"", ""1220〜1410円"", ""1410〜1640円"", ""1640〜1890円"", ""1890〜2200円"", ""2200〜2560円"", ""2560〜3020円"", ""3020〜3580円"", ""3580〜4290円"", ""4290〜5220円"", ""5220〜6490円"", ""6490〜8310円"", ""8310〜11220円"", ""11220〜16240円"", ""16240〜28268円"", ""28268円〜""]","[0.3, 1.0, 0.9, 1.7, 3.0, 3.6, 3.7, 4.9, 5.9, 6.1, 7.7, 6.4, 7.3, 7.1, 8.5, 8.0, 7.3, 6.1, 5.9, 4.2]","[-4.7, -4.0, -4.1, -3.3, -2.0, -1.4, -1.3, -0.1, 0.9, 1.1, 2.7, 1.4, 2.3, 2.1, 3.5, 3.0, 2.3, 1.1, 0.9, -0.8]"
20260831,04,7,3,54.2,"[[""3-2-1"", 0.037], [""3-1-2"", 0.0368], [""3-2-6"", 0.0206], [""3-1-6"", 0.0203], [""3-2-5"", 0.0141], [""3-1-5"", 0.0139]]",2,21.2,"[[""2-3-1"", 0.0369], [""2-1-3"", 0.0367], [""2-3-6"", 0.0206], [""2-1-6"", 0.0203], [""2-3-5"", 0.0141], [""2-1-5"", 0.0139]]","[[""1-3-2"", 0.0366], [""1-2-3"", 0.0366], [""1-3-6"", 0.0202], [""1-2-6"", 0.0202]]",,,False,True,0.8218,強,"{""逃げ"": 56.9, ""差し"": 13.0, ""まくり"": 11.9, ""まくり差し"": 10.0, ""抜き"": 7.5, ""恵まれ"": 0.9}","[""0〜600円"", ""600〜750円"", ""750〜900円"", ""900〜1050円"", ""1050〜1220円"", ""1220〜1410円"", ""1410〜1640円"", ""1640〜1890円"", ""1890〜2200円"", ""2200〜2560円"", ""2560〜3020円"", ""3020〜3580円"", ""3580〜4290円"", ""4290〜5220円"", ""5220〜6490円"", ""6490〜8310円"", ""8310〜11220円"", ""11220〜16240円"", ""16240〜28268円"", ""28268円〜""]","[2.6, 3.9, 5.7, 5.6, 4.9, 5.6, 5.3, 4.6, 5.4, 4.6, 5.5, 5.1, 5.3, 4.6, 4.3, 5.0, 5.3, 5.0, 5.9, 5.7]","[-2.4, -1.1, 0.7, 0.6, -0.1, 0.6, 0.3, -0.4, 0.4, -0.4, 0.5, 0.1, 0.3, -0.4, -0.7, -0.0, 0.3, 0.0, 0.9, 0.7]"
20260831,04,8,1,54.3,"[[""1-4-3"", 0.063], [""1-4-2"", 0.0682], [""1-3-4"", 0.049], [""1-2-4"", 0.0508], [""1-4-5"", 0.0468], [""1-5-4"", 0.0325], [""1-3-2"", 0.0302], [""1-2-3"", 0.0289], [""1-3-5"", 0.0207]]",4,42.3,"[[""4-1-3"", 0.0362], [""4-1-2"", 0.0392], [""4-1-5"", 0.0269]]","[[""3-1-4"", 0.0256], [""2-1-4"", 0.0261], [""1-5-3"", 0.0185], [""4-3-1"", 0.0144]]",,,False,False,0.7866,中,"{""逃げ"": 42.5, ""まくり"": 19.1, ""差し"": 16.7, ""まくり差し"": 13.3, ""抜き"": 7.2, ""恵まれ"": 1.3}","[""0〜600円"", ""600〜750円"", ""750〜900円"", ""900〜1050円"", ""1050〜1220円"", ""1220〜1410円"", ""1410〜1640円"", ""1640〜1890円"", ""1890〜2200円"", ""2200〜2560円"", ""2560〜3020円"", ""3020〜3580円"", ""3580〜4290円"", ""4290〜5220円"", ""5220〜6490円"", ""6490〜8310円"", ""8310〜11220円"", ""11220〜16240円"", ""16240〜28268円"", ""28268円〜""]","[0.7, 1.6, 3.2, 3.0, 4.1, 6.0, 5.3, 5.1, 5.3, 5.8, 5.3, 6.9, 6.3, 5.9, 5.3, 6.0, 7.4, 5.8, 6.1, 5.0]","[-4.3, -3.4, -1.8, -2.0, -0.9, 1.0, 0.3, 0.1, 0.3, 0.8, 0.3, 1.9, 1.3, 0.9, 0.3, 1.0, 2.4, 0.8, 1.1, -0.0]"
20260831,04,9,1,57.3,"[[""1-4-5"", 0.0661], [""1-4-2"", 0.0836], [""1-5-4"", 0.0561], [""1-2-4"", 0.0709], [""1-5-2"", 0.0476], [""1-2-5"", 0.0475], [""1-4-3"", 0.0368], [""1-4-6"", 0.0279], [""1-3-4"", 0.0267]]",4,25.2,"[[""4-1-5"", 0.0252], [""4-1-2"", 0.0319], [""4-1-3"", 0.0141], [""4-1-6"", 0.0107]]","[[""5-1-4"", 0.0205], [""2-1-4"", 0.0259], [""1-5-3"", 0.021], [""1-2-3"", 0.0208]]",,,False,False,0.7866,中,"{""逃げ"": 42.5, ""まくり"": 19.1, ""差し"": 16.7, ""まくり差し"": 13.3, ""抜き"": 7.2, ""恵まれ"": 1.3}","[""0〜600円"", ""600〜750円"", ""750〜900円"", ""900〜1050円"", ""1050〜1220円"", ""1220〜1410円"", ""1410〜1640円"", ""1640〜1890円"", ""1890〜2200円"", ""2200〜2560円"", ""2560〜3020円"", ""3020〜3580円"", ""3580〜4290円"", ""4290〜5220円"", ""5220〜6490円"", ""6490〜8310円"", ""8310〜11220円"", ""11220〜16240円"", ""16240〜28268円"", ""28268円〜""]","[0.7, 1.6, 3.2, 3.0, 4.1, 6.0, 5.3, 5.1, 5.3, 5.8, 5.3, 6.9, 6.3, 5.9, 5.3, 6.0, 7.4, 5.8, 6.1, 5.0]","[-4.3, -3.4, -1.8, -2.0, -0.9, 1.0, 0.3, 0.1, 0.3, 0.8, 0.3, 1.9, 1.3, 0.9, 0.3, 1.0, 2.4, 0.8, 1.1, -0.0]"
20260831,04,10,1,44.7,"[[""1-2-3"", 0.0757], [""1-3-2"", 0.07], [""1-2-4"", 0.0605], [""1-3-4"", 0.0477], [""1-2-5"", 0.0355], [""1-3-5"", 0.028], [""1-2-6"", 0.0104]]",2,24.7,"[[""2-1-3"", 0.0391], [""2-1-4"", 0.0313], [""2-1-5"", 0.0183]]","[[""1-4-2"", 0.0488], [""3-1-2"", 0.0353], [""1-4-3"", 0.0416], [""1-5-2"", 0.026]]",,,False,True,0.8218,中,"{""逃げ"": 42.5, ""まくり"": 19.1, ""差し"": 16.7, ""まくり差し"": 13.3, ""抜き"": 7.2, ""恵まれ"": 1.3}","[""0〜600円"", ""600〜750円"", ""750〜900円"", ""900〜1050円"", ""1050〜1220円"", ""1220〜1410円"", ""1410〜1640円"", ""1640〜1890円"", ""1890〜2200円"", ""2200〜2560円"", ""2560〜3020円"", ""3020〜3580円"", ""3580〜4290円"", ""4290〜5220円"", ""5220〜6490円"", ""6490〜8310円"", ""8310〜11220円"", ""11220〜16240円"", ""16240〜28268円"", ""28268円〜""]","[0.7, 1.6, 3.2, 3.0, 4.1, 6.0, 5.3, 5.1, 5.3, 5.8, 5.3, 6.9, 6.3, 5.9, 5.3, 6.0, 7.4, 5.8, 6.1, 5.0]","[-4.3, -3.4, -1.8, -2.0, -0.9, 1.0, 0.3, 0.1, 0.3, 0.8, 0.3, 1.9, 1.3, 0.9, 0.3, 1.0, 2.4, 0.8, 1.1, -0.0]"
20260831,04,11,1,52.6,"[[""1-2-4"", 0.0851], [""1-4-2"", 0.0787], [""1-2-5"", 0.0632], [""1-2-3"", 0.0571], [""1-5-2"", 0.05], [""1-4-5"", 0.0494], [""1-4-3"", 0.0446], [""1-3-2"", 0.0443], [""1-5-4"", 0.0422]]",4,37.7,"[[""4-1-2"", 0.0243], [""4-1-5"", 0.0153], [""4-1-3"", 0.0138]]","[[""1-3-4"", 0.0374], [""2-1-4"", 0.0268], [""1-5-3"", 0.0223], [""1-3-5"", 0.0219]]",,,False,False,0.7866,強,"{""逃げ"": 56.9, ""差し"": 13.0, ""まくり"": 11.9, ""まくり差し"": 10.0, ""抜き"": 7.5, ""恵まれ"": 0.9}","[""0〜600円"", ""600〜750円"", ""750〜900円"", ""900〜1050円"", ""1050〜1220円"", ""1220〜1410円"", ""1410〜1640円"", ""1640〜1890円"", ""1890〜2200円"", ""2200〜2560円"", ""2560〜3020円"", ""3020〜3580円"", ""3580〜4290円"", ""4290〜5220円"", ""5220〜6490円"", ""6490〜8310円"", ""8310〜11220円"", ""11220〜16240円"", ""16240〜28268円"", ""28268円〜""]","[2.6, 3.9, 5.7, 5.6, 4.9, 5.6, 5.3, 4.6, 5.4, 4.6, 5.5, 5.1, 5.3, 4.6, 4.3, 5.0, 5.3, 5.0, 5.9, 5.7]","[-2.4, -1.1, 0.7, 0.6, -0.1, 0.6, 0.3, -0.4, 0.4, -0.4, 0.5, 0.1, 0.3, -0.4, -0.7, -0.0, 0.3, 0.0, 0.9, 0.7]"
20260831,04,12,1,51.7,"[[""1-3-2"", 0.1112], [""1-3-4"", 0.0603], [""1-3-5"", 0.053], [""1-3-6"", 0.0322]]",3,24.1,"[[""3-1-2"", 0.0508], [""3-1-4"", 0.0275], [""3-1-5"", 0.0242], [""3-1-6"", 0.0147]]","[[""1-2-3"", 0.0828], [""2-1-3"", 0.0348], [""1-4-3"", 0.0375], [""1-5-3"", 0.0324]]",1-3,0.409,False,True,0.8218,強,"{""逃げ"": 56.9, ""差し"": 13.0, ""まくり"": 11.9, ""まくり差し"": 10.0, ""抜き"": 7.5, ""恵まれ"": 0.9}","[""0〜600円"", ""600〜750円"", ""750〜900円"", ""900〜1050円"", ""1050〜1220円"", ""1220〜1410円"", ""1410〜1640円"", ""1640〜1890円"", ""1890〜2200円"", ""2200〜2560円"", ""2560〜3020円"", ""3020〜3580円"", ""3580〜4290円"", ""4290〜5220円"", ""5220〜6490円"", ""6490〜8310円"", ""8310〜11220円"", ""11220〜16240円"", ""16240〜28268円"", ""28268円〜""]","[2.6, 3.9, 5.7, 5.6, 4.9, 5.6, 5.3, 4.6, 5.4, 4.6, 5.5, 5.1, 5.3, 4.6, 4.3, 5.0, 5.3, 5.0, 5.9, 5.7]","[-2.4, -1.1, 0.7, 0.6, -0.1, 0.6, 0.3, -0.4, 0.4, -0.4, 0.5, 0.1, 0.3, -0.4, -0.7, -0.0, 0.3, 0.0, 0.9, 0.7]"
20260831,05,1,1,50.0,"[[""1-2-5"", 0.0672], [""1-2-3"", 0.0657], [""1-2-4"", 0.037], [""1-2-6"", 0.0167]]",2,31.2,"[[""2-1-5"", 0.0502], [""2-1-3"", 0.0491], [""2-1-4"", 0.0276], [""2-1-6"", 0.0125]]","[[""1-5-2"", 0.0468], [""1-3-2"", 0.0428], [""5-1-2"", 0.0297], [""2-5-1"", 0.0243]]",1-2,0.3579,False,False,0.7866,中,"{""逃げ"": 53.2, ""まくり"": 15.9, ""差し"": 12.8, ""まくり差し"": 11.6, ""抜き"": 5.6, ""恵まれ"": 0.9}","[""0〜600円"", ""600〜750円"", ""750〜900円"", ""900〜1050円"", ""1050〜1220円"", ""1220〜1410円"", ""1410〜1640円"", ""1640〜1890円"", ""1890〜2200円"", ""2200〜2560円"", ""2560〜3020円"", ""3020〜3580円"", ""3580〜4290円"", ""4290〜5220円"", ""5220〜6490円"", ""6490〜8310円"", ""8310〜11220円"", ""11220〜16240円"", ""16240〜28268円"", ""28268円〜""]","[3.7, 4.9, 5.5, 5.5, 4.9, 4.8, 5.4, 4.8, 5.3, 5.4, 4.9, 4.6, 5.0, 5.4, 5.7, 5.0, 4.4, 4.8, 4.7, 5.4]","[-1.3, -0.1, 0.5, 0.5, -0.1, -0.2, 0.4, -0.2, 0.3, 0.4, -0.1, -0.4, 0.0, 0.4, 0.7, -0.0, -0.6, -0.2, -0.3, 0.4]"
20260831,05,2,1,58.0,"[[""1-2-3"", 0.0694], [""1-2-4"", 0.0322], [""1-2-5"", 0.0223]]",2,34.8,"[[""2-1-3"", 0.0662], [""2-1-4"", 0.0307], [""2-1-5"", 0.0212]]","[[""1-3-2"", 0.0569], [""2-3-1"", 0.0507], [""3-1-2"", 0.0486], [""3-2-1"", 0.0454]]",1-2,0.2857,False,True,0.8218,中,"{""逃げ"": 53.2, ""まくり"": 15.9, ""差し"": 12.8, ""まくり差し"": 11.6, ""抜き"": 5.6, ""恵まれ"": 0.9}","[""0〜600円"", ""600〜750円"", ""750〜900円"", ""900〜1050円"", ""1050〜1220円"", ""1220〜1410円"", ""1410〜1640円"", ""1640〜1890円"", ""1890〜2200円"", ""2200〜2560円"", ""2560〜3020円"", ""3020〜3580円"", ""3580〜4290円"", ""4290〜5220円"", ""5220〜6490円"", ""6490〜8310円"", ""8310〜11220円"", ""11220〜16240円"", ""16240〜28268円"", ""28268円〜""]","[3.7, 4.9, 5.5, 5.5, 4.9, 4.8, 5.4, 4.8, 5.3, 5.4, 4.9, 4.6, 5.0, 5.4, 5.7, 5.0, 4.4, 4.8, 4.7, 5.4]","[-1.3, -0.1, 0.5, 0.5, -0.1, -0.2, 0.4, -0.2, 0.3, 0.4, -0.1, -0.4, 0.0, 0.4, 0.7, -0.0, -0.6, -0.2, -0.3, 0.4]"
20260831,05,3,1,33.9,"[[""1-2-3"", 0.0484], [""1-2-4"", 0.0496], [""1-2-5"", 0.0217], [""1-2-6"", 0.0104]]",2,40.3,"[[""2-1-3"", 0.0438], [""2-1-4"", 0.0449], [""2-1-5"", 0.0196]]","[[""1-3-2"", 0.0377], [""1-4-2"", 0.0368], [""2-3-1"", 0.03], [""3-1-2"", 0.0297]]",1-2,0.2677,False,True,0.8218,弱,"{""逃げ"": 34.4, ""まくり"": 25.3, ""差し"": 18.4, ""まくり差し"": 13.2, ""抜き"": 7.8, ""恵まれ"": 0.9}","[""0〜600円"", ""600〜750円"", ""750〜900円"", ""900〜1050円"", ""1050〜1220円"", ""1220〜1410円"", ""1410〜1640円"", ""1640〜1890円"", ""1890〜2200円"", ""2200〜2560円"", ""2560〜3020円"", ""3020〜3580円"", ""3580〜4290円"", ""4290〜5220円"", ""5220〜6490円"", ""6490〜8310円"", ""8310〜11220円"", ""11220〜16240円"", ""16240〜28268円"", ""28268円〜""]","[0.6, 1.9, 2.0, 3.9, 3.2, 5.0, 5.3, 6.1, 6.5, 5.3, 6.5, 6.1, 6.1, 7.0, 6.7, 5.6, 5.8, 6.4, 5.6, 4.3]","[-4.4, -3.1, -3.0, -1.1, -1.8, -0.0, 0.3, 1.1, 1.5, 0.3, 1.5, 1.1, 1.1, 2.0, 1.7, 0.6, 0.8, 1.4, 0.6, -0.7]"
20260831,05,4,1,60.4,"[[""1-3-5"", 0.0452], [""1-3-4"", 0.0338], [""1-3-2"", 0.0299]]",3,27.5,"[[""3-1-5"", 0.0443], [""3-1-4"", 0.0332], [""3-1-2"", 0.0293]]","[[""1-5-3"", 0.0349], [""3-5-1"", 0.0334], [""5-1-3"", 0.0294], [""5-3-1"", 0.0287]]",1-3,0.2576,False,False,0.7866,弱,"{""逃げ"": 34.4, ""まくり"": 25.3, ""差し"": 18.4, ""まくり差し"": 13.2, ""抜き"": 7.8, ""恵まれ"": 0.9}","[""0〜600円"", ""600〜750円"", ""750〜900円"", ""900〜1050円"", ""1050〜1220円"", ""1220〜1410円"", ""1410〜1640円"", ""1640〜1890円"", ""1890〜2200円"", ""2200〜2560円"", ""2560〜3020円"", ""3020〜3580円"", ""3580〜4290円"", ""4290〜5220円"", ""5220〜6490円"", ""6490〜8310円"", ""8310〜11220円"", ""11220〜16240円"", ""16240〜28268円"", ""28268円〜""]","[0.6, 1.9, 2.0, 3.9, 3.2, 5.0, 5.3, 6.1, 6.5, 5.3, 6.5, 6.1, 6.1, 7.0, 6.7, 5.6, 5.8, 6.4, 5.6, 4.3]","[-4.4, -3.1, -3.0, -1.1, -1.8, -0.0, 0.3, 1.1, 1.5, 0.3, 1.5, 1.1, 1.1, 2.0, 1.7, 0.6, 0.8, 1.4, 0.6, -0.7]"
20260831,05,5,1,34.8,"[[""1-3-4"", 0.0366], [""1-3-2"", 0.046], [""1-4-3"", 0.0347], [""1-2-3"", 0.0433], [""1-4-2"", 0.038], [""1-2-4"", 0.0378], [""1-3-5"", 0.0199], [""1-4-5"", 0.0165], [""1-2-5"", 0.0162]]",3,40.7,"[[""3-1-4"", 0.0276], [""3-1-2"", 0.0346], [""3-1-5"", 0.015]]","[[""4-1-3"", 0.0253], [""2-1-3"", 0.0316], [""4-1-2"", 0.0278], [""2-1-4"", 0.0276]]",,,False,False,0.7866,弱,"{""逃げ"": 34.4, ""まくり"": 25.3, ""差し"": 18.4, ""まくり差し"": 13.2, ""抜き"": 7.8, ""恵まれ"": 0.9}","[""0〜600円"", ""600〜750円"", ""750〜900円"", ""900〜1050円"", ""1050〜1220円"", ""1220〜1410円"", ""1410〜1640円"", ""1640〜1890円"", ""1890〜2200円"", ""2200〜2560円"", ""2560〜3020円"", ""3020〜3580円"", ""3580〜4290円"", ""4290〜5220円"", ""5220〜6490円"", ""6490〜8310円"", ""8310〜11220円"", ""11220〜16240円"", ""16240〜28268円"", ""28268円〜""]","[0.6, 1.9, 2.0, 3.9, 3.2, 5.0, 5.3, 6.1, 6.5, 5.3, 6.5, 6.1, 6.1, 7.0, 6.7, 5.6, 5.8, 6.4, 5.6, 4.3]","[-4.4, -3.1, -3.0, -1.1, -1.8, -0.0, 0.3, 1.1, 1.5, 0.3, 1.5, 1.1, 1.1, 2.0, 1.7, 0.6, 0.8, 1.4, 0.6, -0.7]"
20260831,05,6,1,50.0,"[[""1-3-5"", 0.0665], [""1-3-4"", 0.0678], [""1-5-3"", 0.0524], [""1-4-3"", 0.0505], [""1-3-2"", 0.0471], [""1-2-3"", 0.0329], [""1-3-6"", 0.0319], [""1-5-4"", 0.0307], [""1-4-5"", 0.0291]]",3,36.9,"[[""3-1-5"", 0.0319], [""3-1-4"", 0.0325], [""3-1-2"", 0.0226], [""3-1-6"", 0.0153]]","[[""5-1-3"", 0.0233], [""4-1-3"", 0.022], [""1-5-2"", 0.0214], [""1-6-3"", 0.0213]]",,,False,False,0.7866,強,"{""逃げ"": 67.0, ""まくり"": 10.6, ""まくり差し"": 9.3, ""差し"": 8.3, ""抜き"": 4.3, ""恵まれ"": 0.6}","[""0〜600円"", ""600〜750円"", ""750〜900円"", ""900〜1050円"", ""1050〜1220円"", ""1220〜1410円"", ""1410〜1640円"", ""1640〜1890円"", ""1890〜2200円"", ""2200〜2560円"", ""2560〜3020円"", ""3020〜3580円"", ""3580〜4290円"", ""4290〜5220円"", ""5220〜6490円"", ""6490〜8310円"", ""8310〜11220円"", ""11220〜16240円"", ""16240〜28268円"", ""28268円〜""]","[6.9, 7.1, 6.5, 5.8, 5.8, 5.1, 4.8, 5.3, 4.9, 4.4, 4.8, 3.9, 3.9, 4.0, 4.7, 4.0, 3.5, 4.3, 4.9, 5.3]","[1.9, 2.1, 1.5, 0.8, 0.8, 0.1, -0.2, 0.3, -0.1, -0.6, -0.2, -1.1, -1.1, -1.0, -0.3, -1.0, -1.5, -0.7, -0.1, 0.3]"
20260831,05,7,1,45.3,"[[""1-4-3"", 0.0493], [""1-4-6"", 0.0618], [""1-3-4"", 0.0436], [""1-6-4"", 0.0545], [""1-4-2"", 0.0403], [""1-3-6"", 0.0388], [""1-6-3"", 0.0387], [""1-4-5"", 0.0348], [""1-2-4"", 0.0325]]",4,34.2,"[[""4-1-3"", 0.0193], [""4-1-6"", 0.0242], [""4-1-2"", 0.0158], [""4-1-5"", 0.0136]]","[[""1-5-4"", 0.0274], [""1-3-2"", 0.0253], [""1-6-2"", 0.0249], [""1-2-3"", 0.0231]]",,,False,False,0.7866,強,"{""逃げ"": 67.0, ""まくり"": 10.6, ""まくり差し"": 9.3, ""差し"": 8.3, ""抜き"": 4.3, ""恵まれ"": 0.6}","[""0〜600円"", ""600〜750円"", ""750〜900円"", ""900〜1050円"", ""1050〜1220円"", ""1220〜1410円"", ""1410〜1640円"", ""1640〜1890円"", ""1890〜2200円"", ""2200〜2560円"", ""2560〜3020円"", ""3020〜3580円"", ""3580〜4290円"", ""4290〜5220円"", ""5220〜6490円"", ""6490〜8310円"", ""8310〜11220円"", ""11220〜16240円"", ""16240〜28268円"", ""28268円〜""]","[6.9, 7.1, 6.5, 5.8, 5.8, 5.1, 4.8, 5.3, 4.9, 4.4, 4.8, 3.9, 3.9, 4.0, 4.7, 4.0, 3.5, 4.3, 4.9, 5.3]","[1.9, 2.1, 1.5, 0.8, 0.8, 0.1, -0.2, 0.3, -0.1, -0.6, -0.2, -1.1, -1.1, -1.0, -0.3, -1.0, -1.5, -0.7, -0.1, 0.3]"
20260831,05,8,1,49.4,"[[""1-2-3"", 0.079], [""1-2-4"", 0.0914], [""1-2-5"", 0.0402], [""1-2-6"", 0.0202]]",2,26.1,"[[""2-1-3"", 0.0495], [""2-1-4"", 0.0574], [""2-1-5"", 0.0252], [""2-1-6"", 0.0127]]","[[""1-3-2"", 0.0515], [""1-4-2"", 0.059], [""3-1-2"", 0.0275], [""4-1-2"", 0.0314]]",1-2,0.4034,False,True,0.8218,中,"{""逃げ"": 53.2, ""まくり"": 15.9, ""差し"": 12.8, ""まくり差し"": 11.6, ""抜き"": 5.6, ""恵まれ"": 0.9}","[""0〜600円"", ""600〜750円"", ""750〜900円"", ""900〜1050円"", ""1050〜1220円"", ""1220〜1410円"", ""1410〜1640円"", ""1640〜1890円"", ""1890〜2200円"", ""2200〜2560円"", ""2560〜3020円"", ""3020〜3580円"", ""3580〜4290円"", ""4290〜5220円"", ""5220〜6490円"", ""6490〜8310円"", ""8310〜11220円"", ""11220〜16240円"", ""16240〜28268円"", ""28268円〜""]","[3.7, 4.9, 5.5, 5.5, 4.9, 4.8, 5.4, 4.8, 5.3, 5.4, 4.9, 4.6, 5.0, 5.4, 5.7, 5.0, 4.4, 4.8, 4.7, 5.4]","[-1.3, -0.1, 0.5, 0.5, -0.1, -0.2, 0.4, -0.2, 0.3, 0.4, -0.1, -0.4, 0.0, 0.4, 0.7, -0.0, -0.6, -0.2, -0.3, 0.4]"
20260831,05,9,1,58.5,"[[""1-2-4"", 0.1487], [""1-2-3"", 0.0942], [""1-2-5"", 0.05], [""1-2-6"", 0.0389]]",2,22.6,"[[""2-1-4"", 0.0483], [""2-1-3"", 0.0306], [""2-1-5"", 0.0162], [""2-1-6"", 0.0126]]","[[""1-4-2"", 0.0956], [""1-3-2"", 0.052], [""4-1-2"", 0.0285], [""1-4-3"", 0.0289]]",1-2,0.493,False,False,0.7866,強,"{""逃げ"": 67.0, ""まくり"": 10.6, ""まくり差し"": 9.3, ""差し"": 8.3, ""抜き"": 4.3, ""恵まれ"": 0.6}","[""0〜600円"", ""600〜750円"", ""750〜900円"", ""900〜1050円"", ""1050〜1220円"", ""1220〜1410円"", ""1410〜1640円"", ""1640〜1890円"", ""1890〜2200円"", ""2200〜2560円"", ""2560〜3020円"", ""3020〜3580円"", ""3580〜4290円"", ""4290〜5220円"", ""5220〜6490円"", ""6490〜8310円"", ""8310〜11220円"", ""11220〜16240円"", ""16240〜28268円"", ""28268円〜""]","[6.9, 7.1, 6.5, 5.8, 5.8, 5.1, 4.8, 5.3, 4.9, 4.4, 4.8, 3.9, 3.9, 4.0, 4.7, 4.0, 3.5, 4.3, 4.9, 5.3]","[1.9, 2.1, 1.5, 0.8, 0.8, 0.1, -0.2, 0.3, -0.1, -0.6, -0.2, -1.1, -1.1, -1.0, -0.3, -1.0, -1.5, -0.7, -0.1, 0.3]"
20260831,05,10,1,41.3,"[[""1-2-4"", 0.0782], [""1-4-2"", 0.0773], [""1-2-5"", 0.069], [""1-4-5"", 0.0663], [""1-5-2"", 0.0603], [""1-5-4"", 0.0587], [""1-2-3"", 0.0422], [""1-4-3"", 0.0405], [""1-3-2"", 0.0335]]",4,40.7,"[[""4-1-2"", 0.0201], [""4-1-5"", 0.0172], [""4-1-3"", 0.0105]]","[[""1-3-4"", 0.0326], [""2-1-4"", 0.0204], [""1-5-3"", 0.0249], [""1-3-5"", 0.0226]]",,,False,False,0.7866,強,"{""逃げ"": 67.0, ""まくり"": 10.6, ""まくり差し"": 9.3, ""差し"": 8.3, ""抜き"": 4.3, ""恵まれ"": 0.6}","[""0〜600円"", ""600〜750円"", ""750〜900円"", ""900〜1050円"", ""1050〜1220円"", ""1220〜1410円"", ""1410〜1640円"", ""1640〜1890円"", ""1890〜2200円"", ""2200〜2560円"", ""2560〜3020円"", ""3020〜3580円"", ""3580〜4290円"", ""4290〜5220円"", ""5220〜6490円"", ""6490〜8310円"", ""8310〜11220円"", ""11220〜16240円"", ""16240〜28268円"", ""28268円〜""]","[6.9, 7.1, 6.5, 5.8, 5.8, 5.1, 4.8, 5.3, 4.9, 4.4, 4.8, 3.9, 3.9, 4.0, 4.7, 4.0, 3.5, 4.3, 4.9, 5.3]","[1.9, 2.1, 1.5, 0.8, 0.8, 0.1, -0.2, 0.3, -0.1, -0.6, -0.2, -1.1, -1.1, -1.0, -0.3, -1.0, -1.5, -0.7, -0.1, 0.3]"
20260831,05,11,1,54.2,"[[""1-2-3"", 0.0897], [""1-3-2"", 0.0776], [""1-2-4"", 0.0937], [""1-3-4"", 0.0602], [""1-2-5"", 0.02], [""1-2-6"", 0.0182], [""1-3-5"", 0.0128], [""1-3-6"", 0.0117]]",2,36.9,"[[""2-1-3"", 0.0378], [""2-1-4"", 0.0395]]","[[""1-4-2"", 0.0768], [""1-4-3"", 0.0571], [""3-1-2"", 0.0314], [""4-1-2"", 0.0306]]",,,False,True,0.8218,強,"{""逃げ"": 67.0, ""まくり"": 10.6, ""まくり差し"": 9.3, ""差し"": 8.3, ""抜き"": 4.3, ""恵まれ"": 0.6}","[""0〜600円"", ""600〜750円"", ""750〜900円"", ""900〜1050円"", ""1050〜1220円"", ""1220〜1410円"", ""1410〜1640円"", ""1640〜1890円"", ""1890〜2200円"", ""2200〜2560円"", ""2560〜3020円"", ""3020〜3580円"", ""3580〜4290円"", ""4290〜5220円"", ""5220〜6490円"", ""6490〜8310円"", ""8310〜11220円"", ""11220〜16240円"", ""16240〜28268円"", ""28268円〜""]","[6.9, 7.1, 6.5, 5.8, 5.8, 5.1, 4.8, 5.3, 4.9, 4.4, 4.8, 3.9, 3.9, 4.0, 4.7, 4.0, 3.5, 4.3, 4.9, 5.3]","[1.9, 2.1, 1.5, 0.8, 0.8, 0.1, -0.2, 0.3, -0.1, -0.6, -0.2, -1.1, -1.1, -1.0, -0.3, -1.0, -1.5, -0.7, -0.1, 0.3]"
20260831,05,12,1,61.8,"[[""1-2-3"", 0.1132], [""1-2-6"", 0.0578], [""1-2-4"", 0.0499], [""1-2-5"", 0.0454]]",2,28.7,"[[""2-1-3"", 0.0409], [""2-1-6"", 0.0209], [""2-1-4"", 0.018], [""2-1-5"", 0.0164]]","[[""1-3-2"", 0.0898], [""1-6-2"", 0.0376], [""3-1-2"", 0.0307], [""1-4-2"", 0.032]]",1-2,0.3959,False,True,0.8218,強,"{""逃げ"": 67.0, ""まくり"": 10.6, ""まくり差し"": 9.3, ""差し"": 8.3, ""抜き"": 4.3, ""恵まれ"": 0.6}","[""0〜600円"", ""600〜750円"", ""750〜900円"", ""900〜1050円"", ""1050〜1220円"", ""1220〜1410円"", ""1410〜1640円"", ""1640〜1890円"", ""1890〜2200円"", ""2200〜2560円"", ""2560〜3020円"", ""3020〜3580円"", ""3580〜4290円"", ""4290〜5220円"", ""5220〜6490円"", ""6490〜8310円"", ""8310〜11220円"", ""11220〜16240円"", ""16240〜28268円"", ""28268円〜""]","[6.9, 7.1, 6.5, 5.8, 5.8, 5.1, 4.8, 5.3, 4.9, 4.4, 4.8, 3.9, 3.9, 4.0, 4.7, 4.0, 3.5, 4.3, 4.9, 5.3]","[1.9, 2.1, 1.5, 0.8, 0.8, 0.1, -0.2, 0.3, -0.1, -0.6, -0.2, -1.1, -1.1, -1.0, -0.3, -1.0, -1.5, -0.7, -0.1, 0.3]"
20260831,06,1,1,36.7,"[[""1-3-2"", 0.0857], [""1-3-4"", 0.0383], [""1-3-6"", 0.03], [""1-3-5"", 0.0249]]",3,22.7,"[[""3-1-2"", 0.0733], [""3-1-4"", 0.0328], [""3-1-6"", 0.0257], [""3-1-5"", 0.0213]]","[[""1-2-3"", 0.059], [""2-1-3"", 0.0423], [""3-2-1"", 0.041], [""2-3-1"", 0.0343]]",1-3,0.3664,False,True,0.8218,弱,"{""逃げ"": 33.8, ""まくり差し"": 18.8, ""まくり"": 19.8, ""差し"": 18.7, ""抜き"": 7.7, ""恵まれ"": 1.1}","[""0〜600円"", ""600〜750円"", ""750〜900円"", ""900〜1050円"", ""1050〜1220円"", ""1220〜1410円"", ""1410〜1640円"", ""1640〜1890円"", ""1890〜2200円"", ""2200〜2560円"", ""2560〜3020円"", ""3020〜3580円"", ""3580〜4290円"", ""4290〜5220円"", ""5220〜6490円"", ""6490〜8310円"", ""8310〜11220円"", ""11220〜16240円"", ""16240〜28268円"", ""28268円〜""]","[0.9, 1.5, 3.2, 3.1, 4.7, 4.0, 4.9, 4.8, 6.0, 6.0, 5.4, 7.0, 6.9, 6.2, 7.1, 6.7, 5.6, 6.2, 5.6, 4.3]","[-4.1, -3.5, -1.8, -1.9, -0.3, -1.0, -0.1, -0.2, 1.0, 1.0, 0.4, 2.0, 1.9, 1.2, 2.1, 1.7, 0.6, 1.2, 0.6, -0.7]"
20260831,06,2,1,62.1,"[[""1-3-4"", 0.0649], [""1-3-2"", 0.0454], [""1-3-6"", 0.0273], [""1-3-5"", 0.0194]]",3,36.9,"[[""3-1-4"", 0.0638], [""3-1-2"", 0.0446], [""3-1-6"", 0.0269], [""3-1-5"", 0.0191]]","[[""1-4-3"", 0.0417], [""3-4-1"", 0.0401], [""4-1-3"", 0.0323], [""4-3-1"", 0.0316]]",1-3,0.3463,False,False,0.7866,弱,"{""逃げ"": 33.8, ""まくり差し"": 18.8, ""まくり"": 19.8, ""差し"": 18.7, ""抜き"": 7.7, ""恵まれ"": 1.1}","[""0〜600円"", ""600〜750円"", ""750〜900円"", ""900〜1050円"", ""1050〜1220円"", ""1220〜1410円"", ""1410〜1640円"", ""1640〜1890円"", ""1890〜2200円"", ""2200〜2560円"", ""2560〜3020円"", ""3020〜3580円"", ""3580〜4290円"", ""4290〜5220円"", ""5220〜6490円"", ""6490〜8310円"", ""8310〜11220円"", ""11220〜16240円"", ""16240〜28268円"", ""28268円〜""]","[0.9, 1.5, 3.2, 3.1, 4.7, 4.0, 4.9, 4.8, 6.0, 6.0, 5.4, 7.0, 6.9, 6.2, 7.1, 6.7, 5.6, 6.2, 5.6, 4.3]","[-4.1, -3.5, -1.8, -1.9, -0.3, -1.0, -0.1, -0.2, 1.0, 1.0, 0.4, 2.0, 1.9, 1.2, 2.1, 1.7, 0.6, 1.2, 0.6, -0.7]"
20260831,06,3,6,47.4,"[[""6-1-2"", 0.0197], [""6-1-4"", 0.0248], [""6-2-1"", 0.0182], [""6-4-1"", 0.0229], [""6-1-3"", 0.0221], [""6-3-1"", 0.0197], [""6-2-4"", 0.0186], [""6-4-2"", 0.0185], [""6-2-3"", 0.0165]]",3,44.4,"[[""3-6-1"", 0.0176], [""3-1-6"", 0.017], [""3-6-2"", 0.0143], [""3-6-4"", 0.0141], [""3-2-6"", 0.0128], [""3-4-6"", 0.0127]]","[[""1-6-2"", 0.0191], [""1-6-4"", 0.0241], [""1-2-6"", 0.017], [""1-6-3"", 0.0214]]",,,False,False,0.7866,強,"{""逃げ"": 63.9, ""まくり差し"": 12.9, ""まくり"": 9.1, ""差し"": 7.0, ""抜き"": 6.1, ""恵まれ"": 1.2}","[""0〜600円"", ""600〜750円"", ""750〜900円"", ""900〜1050円"", ""1050〜1220円"", ""1220〜1410円"", ""1410〜1640円"", ""1640〜1890円"", ""1890〜2200円"", ""2200〜2560円"", ""2560〜3020円"", ""3020〜3580円"", ""3580〜4290円"", ""4290〜5220円"", ""5220〜6490円"", ""6490〜8310円"", ""8310〜11220円"", ""11220〜16240円"", ""16240〜28268円"", ""28268円〜""]","[7.4, 7.3, 6.1, 5.9, 6.0, 5.3, 4.7, 5.1, 4.3, 5.3, 4.6, 4.0, 4.1, 3.8, 4.4, 3.4, 4.1, 4.0, 4.3, 6.0]","[2.4, 2.3, 1.1, 0.9, 1.0, 0.3, -0.3, 0.1, -0.7, 0.3, -0.4, -1.0, -0.9, -1.2, -0.6, -1.6, -0.9, -1.0, -0.7, 1.0]"
20260831,06,4,1,52.1,"[[""1-2-3"", 0.0862], [""1-3-2"", 0.0775], [""1-2-4"", 0.0858], [""1-4-2"", 0.0728], [""1-3-4"", 0.0592], [""1-2-5"", 0.0589], [""1-4-3"", 0.0558], [""1-5-2"", 0.0463], [""1-3-5"", 0.0407]]",2,26.8,"[[""2-1-3"", 0.0109], [""2-1-4"", 0.0109]]","[[""1-5-3"", 0.0355], [""1-2-6"", 0.0352], [""1-4-5"", 0.0314], [""1-5-4"", 0.029]]",,,False,True,0.8218,強,"{""逃げ"": 63.9, ""まくり差し"": 12.9, ""まくり"": 9.1, ""差し"": 7.0, ""抜き"": 6.1, ""恵まれ"": 1.2}","[""0〜600円"", ""600〜750円"", ""750〜900円"", ""900〜1050円"", ""1050〜1220円"", ""1220〜1410円"", ""1410〜1640円"", ""1640〜1890円"", ""1890〜2200円"", ""2200〜2560円"", ""2560〜3020円"", ""3020〜3580円"", ""3580〜4290円"", ""4290〜5220円"", ""5220〜6490円"", ""6490〜8310円"", ""8310〜11220円"", ""11220〜16240円"", ""16240〜28268円"", ""28268円〜""]","[7.4, 7.3, 6.1, 5.9, 6.0, 5.3, 4.7, 5.1, 4.3, 5.3, 4.6, 4.0, 4.1, 3.8, 4.4, 3.4, 4.1, 4.0, 4.3, 6.0]","[2.4, 2.3, 1.1, 0.9, 1.0, 0.3, -0.3, 0.1, -0.7, 0.3, -0.4, -1.0, -0.9, -1.2, -0.6, -1.6, -0.9, -1.0, -0.7, 1.0]"
20260831,06,5,2,54.0,"[[""2-1-5"", 0.0465], [""2-5-1"", 0.0437], [""2-1-3"", 0.0351], [""2-5-3"", 0.0295], [""2-1-4"", 0.0115]]",1,,"[[""1-2-5"", 0.0453], [""1-5-2"", 0.0409], [""1-2-3"", 0.0342], [""1-5-3"", 0.0258], [""1-2-4"", 0.0112]]","[[""5-2-1"", 0.041], [""5-1-2"", 0.0394], [""5-2-3"", 0.0276], [""2-3-1"", 0.0273]]",,,False,False,0.7866,強,"{""逃げ"": 63.9, ""まくり差し"": 12.9, ""まくり"": 9.1, ""差し"": 7.0, ""抜き"": 6.1, ""恵まれ"": 1.2}","[""0〜600円"", ""600〜750円"", ""750〜900円"", ""900〜1050円"", ""1050〜1220円"", ""1220〜1410円"", ""1410〜1640円"", ""1640〜1890円"", ""1890〜2200円"", ""2200〜2560円"", ""2560〜3020円"", ""3020〜3580円"", ""3580〜4290円"", ""4290〜5220円"", ""5220〜6490円"", ""6490〜8310円"", ""8310〜11220円"", ""11220〜16240円"", ""16240〜28268円"", ""28268円〜""]","[7.4, 7.3, 6.1, 5.9, 6.0, 5.3, 4.7, 5.1, 4.3, 5.3, 4.6, 4.0, 4.1, 3.8, 4.4, 3.4, 4.1, 4.0, 4.3, 6.0]","[2.4, 2.3, 1.1, 0.9, 1.0, 0.3, -0.3, 0.1, -0.7, 0.3, -0.4, -1.0, -0.9, -1.2, -0.6, -1.6, -0.9, -1.0, -0.7, 1.0]"
20260831,06,6,3,58.3,"[[""3-1-2"", 0.0518], [""3-2-1"", 0.0481], [""3-1-6"", 0.0379], [""3-1-5"", 0.0351], [""3-6-1"", 0.0302], [""3-2-6"", 0.0301], [""3-2-5"", 0.0279], [""3-5-1"", 0.0276], [""3-6-2"", 0.0258]]",1,28.1,"[[""1-3-2"", 0.038], [""1-3-6"", 0.0278], [""1-3-5"", 0.0258]]","[[""2-3-1"", 0.0341], [""1-2-3"", 0.0234], [""2-1-3"", 0.0225], [""3-5-2"", 0.0235]]",,,False,True,0.8218,強,"{""逃げ"": 63.9, ""まくり差し"": 12.9, ""まくり"": 9.1, ""差し"": 7.0, ""抜き"": 6.1, ""恵まれ"": 1.2}","[""0〜600円"", ""600〜750円"", ""750〜900円"", ""900〜1050円"", ""1050〜1220円"", ""1220〜1410円"", ""1410〜1640円"", ""1640〜1890円"", ""1890〜2200円"", ""2200〜2560円"", ""2560〜3020円"", ""3020〜3580円"", ""3580〜4290円"", ""4290〜5220円"", ""5220〜6490円"", ""6490〜8310円"", ""8310〜11220円"", ""11220〜16240円"", ""16240〜28268円"", ""28268円〜""]","[7.4, 7.3, 6.1, 5.9, 6.0, 5.3, 4.7, 5.1, 4.3, 5.3, 4.6, 4.0, 4.1, 3.8, 4.4, 3.4, 4.1, 4.0, 4.3, 6.0]","[2.4, 2.3, 1.1, 0.9, 1.0, 0.3, -0.3, 0.1, -0.7, 0.3, -0.4, -1.0, -0.9, -1.2, -0.6, -1.6, -0.9, -1.0, -0.7, 1.0]"
20260831,06,7,2,50.7,"[[""2-1-3"", 0.0526], [""2-1-5"", 0.0337], [""2-1-4"", 0.0306]]",1,38.5,"[[""1-2-3"", 0.0484], [""1-2-5"", 0.031], [""1-2-4"", 0.0282]]","[[""2-3-1"", 0.0446], [""3-2-1"", 0.0374], [""1-3-2"", 0.0367], [""3-1-2"", 0.0334]]",1-2,0.2513,False,True,0.8218,強,"{""逃げ"": 63.9, ""まくり差し"": 12.9, ""まくり"": 9.1, ""差し"": 7.0, ""抜き"": 6.1, ""恵まれ"": 1.2}","[""0〜600円"", ""600〜750円"", ""750〜900円"", ""900〜1050円"", ""1050〜1220円"", ""1220〜1410円"", ""1410〜1640円"", ""1640〜1890円"", ""1890〜2200円"", ""2200〜2560円"", ""2560〜3020円"", ""3020〜3580円"", ""3580〜4290円"", ""4290〜5220円"", ""5220〜6490円"", ""6490〜8310円"", ""8310〜11220円"", ""11220〜16240円"", ""16240〜28268円"", ""28268円〜""]","[7.4, 7.3, 6.1, 5.9, 6.0, 5.3, 4.7, 5.1, 4.3, 5.3, 4.6, 4.0, 4.1, 3.8, 4.4, 3.4, 4.1, 4.0, 4.3, 6.0]","[2.4, 2.3, 1.1, 0.9, 1.0, 0.3, -0.3, 0.1, -0.7, 0.3, -0.4, -1.0, -0.9, -1.2, -0.6, -1.6, -0.9, -1.0, -0.7, 1.0]"
20260831,06,8,1,55.7,"[[""1-4-2"", 0.0766], [""1-4-5"", 0.0907], [""1-4-3"", 0.0491], [""1-4-6"", 0.0274]]",4,22.7,"[[""4-1-2"", 0.0367], [""4-1-5"", 0.0434], [""4-1-3"", 0.0235], [""4-1-6"", 0.0131]]","[[""1-2-4"", 0.0547], [""1-5-4"", 0.0643], [""1-3-4"", 0.0313], [""1-2-5"", 0.0305]]",1-4,0.3851,False,True,0.8218,中,"{""逃げ"": 50.8, ""まくり差し"": 15.1, ""まくり"": 14.9, ""差し"": 11.4, ""抜き"": 6.5, ""恵まれ"": 1.4}","[""0〜600円"", ""600〜750円"", ""750〜900円"", ""900〜1050円"", ""1050〜1220円"", ""1220〜1410円"", ""1410〜1640円"", ""1640〜1890円"", ""1890〜2200円"", ""2200〜2560円"", ""2560〜3020円"", ""3020〜3580円"", ""3580〜4290円"", ""4290〜5220円"", ""5220〜6490円"", ""6490〜8310円"", ""8310〜11220円"", ""11220〜16240円"", ""16240〜28268円"", ""28268円〜""]","[4.1, 5.0, 5.0, 4.1, 5.7, 5.9, 5.4, 5.2, 5.2, 4.6, 4.6, 4.5, 5.5, 4.7, 4.3, 5.4, 4.6, 5.7, 5.1, 5.4]","[-0.9, -0.0, -0.0, -0.9, 0.7, 0.9, 0.4, 0.2, 0.2, -0.4, -0.4, -0.5, 0.5, -0.3, -0.7, 0.4, -0.4, 0.7, 0.1, 0.4]"
20260831,06,9,1,56.9,"[[""1-3-4"", 0.0757], [""1-3-5"", 0.0874], [""1-3-2"", 0.0374], [""1-3-6"", 0.0372]]",3,37.1,"[[""3-1-4"", 0.066], [""3-1-5"", 0.0762], [""3-1-2"", 0.0326], [""3-1-6"", 0.0324]]","[[""1-4-3"", 0.0353], [""1-5-3"", 0.0401], [""3-4-1"", 0.0263], [""3-5-1"", 0.0299]]",1-3,0.4834,False,False,0.7866,中,"{""逃げ"": 50.8, ""まくり差し"": 15.1, ""まくり"": 14.9, ""差し"": 11.4, ""抜き"": 6.5, ""恵まれ"": 1.4}","[""0〜600円"", ""600〜750円"", ""750〜900円"", ""900〜1050円"", ""1050〜1220円"", ""1220〜1410円"", ""1410〜1640円"", ""1640〜1890円"", ""1890〜2200円"", ""2200〜2560円"", ""2560〜3020円"", ""3020〜3580円"", ""3580〜4290円"", ""4290〜5220円"", ""5220〜6490円"", ""6490〜8310円"", ""8310〜11220円"", ""11220〜16240円"", ""16240〜28268円"", ""28268円〜""]","[4.1, 5.0, 5.0, 4.1, 5.7, 5.9, 5.4, 5.2, 5.2, 4.6, 4.6, 4.5, 5.5, 4.7, 4.3, 5.4, 4.6, 5.7, 5.1, 5.4]","[-0.9, -0.0, -0.0, -0.9, 0.7, 0.9, 0.4, 0.2, 0.2, -0.4, -0.4, -0.5, 0.5, -0.3, -0.7, 0.4, -0.4, 0.7, 0.1, 0.4]"
20260831,06,10,1,42.1,"[[""1-3-6"", 0.1375], [""1-3-2"", 0.1113], [""1-3-4"", 0.0625], [""1-3-5"", 0.0582]]",3,25.8,"[[""3-1-6"", 0.0857], [""3-1-2"", 0.0694], [""3-1-4"", 0.039], [""3-1-5"", 0.0363]]","[[""1-6-3"", 0.0446], [""1-2-3"", 0.0344], [""6-1-3"", 0.0203], [""3-6-1"", 0.0165]]",1-3,0.6603,True,False,0.7866,中,"{""逃げ"": 50.8, ""まくり差し"": 15.1, ""まくり"": 14.9, ""差し"": 11.4, ""抜き"": 6.5, ""恵まれ"": 1.4}","[""0〜600円"", ""600〜750円"", ""750〜900円"", ""900〜1050円"", ""1050〜1220円"", ""1220〜1410円"", ""1410〜1640円"", ""1640〜1890円"", ""1890〜2200円"", ""2200〜2560円"", ""2560〜3020円"", ""3020〜3580円"", ""3580〜4290円"", ""4290〜5220円"", ""5220〜6490円"", ""6490〜8310円"", ""8310〜11220円"", ""11220〜16240円"", ""16240〜28268円"", ""28268円〜""]","[4.1, 5.0, 5.0, 4.1, 5.7, 5.9, 5.4, 5.2, 5.2, 4.6, 4.6, 4.5, 5.5, 4.7, 4.3, 5.4, 4.6, 5.7, 5.1, 5.4]","[-0.9, -0.0, -0.0, -0.9, 0.7, 0.9, 0.4, 0.2, 0.2, -0.4, -0.4, -0.5, 0.5, -0.3, -0.7, 0.4, -0.4, 0.7, 0.1, 0.4]"
20260831,06,11,1,60.5,"[[""1-2-4"", 0.0853], [""1-2-6"", 0.1014], [""1-2-3"", 0.0919], [""1-2-5"", 0.0444]]",2,19.8,"[[""2-1-4"", 0.0201], [""2-1-6"", 0.0239], [""2-1-3"", 0.0216], [""2-1-5"", 0.0105]]","[[""1-4-2"", 0.0579], [""1-6-2"", 0.068], [""1-3-2"", 0.0604], [""1-4-6"", 0.0275]]",1-2,0.4276,False,False,0.7866,強,"{""逃げ"": 63.9, ""まくり差し"": 12.9, ""まくり"": 9.1, ""差し"": 7.0, ""抜き"": 6.1, ""恵まれ"": 1.2}","[""0〜600円"", ""600〜750円"", ""750〜900円"", ""900〜1050円"", ""1050〜1220円"", ""1220〜1410円"", ""1410〜1640円"", ""1640〜1890円"", ""1890〜2200円"", ""2200〜2560円"", ""2560〜3020円"", ""3020〜3580円"", ""3580〜4290円"", ""4290〜5220円"", ""5220〜6490円"", ""6490〜8310円"", ""8310〜11220円"", ""11220〜16240円"", ""16240〜28268円"", ""28268円〜""]","[7.4, 7.3, 6.1, 5.9, 6.0, 5.3, 4.7, 5.1, 4.3, 5.3, 4.6, 4.0, 4.1, 3.8, 4.4, 3.4, 4.1, 4.0, 4.3, 6.0]","[2.4, 2.3, 1.1, 0.9, 1.0, 0.3, -0.3, 0.1, -0.7, 0.3, -0.4, -1.0, -0.9, -1.2, -0.6, -1.6, -0.9, -1.0, -0.7, 1.0]"
20260831,06,12,1,51.1,"[[""1-2-3"", 0.0975], [""1-2-5"", 0.0963], [""1-2-4"", 0.0367], [""1-2-6"", 0.0162]]",2,22.3,"[[""2-1-3"", 0.0431], [""2-1-5"", 0.0426], [""2-1-4"", 0.0162]]","[[""1-3-2"", 0.075], [""1-5-2"", 0.0696], [""1-3-5"", 0.0441], [""1-5-3"", 0.0415]]",1-2,0.3862,False,True,0.8218,強,"{""逃げ"": 63.9, ""まくり差し"": 12.9, ""まくり"": 9.1, ""差し"": 7.0, ""抜き"": 6.1, ""恵まれ"": 1.2}","[""0〜600円"", ""600〜750円"", ""750〜900円"", ""900〜1050円"", ""1050〜1220円"", ""1220〜1410円"", ""1410〜1640円"", ""1640〜1890円"", ""1890〜2200円"", ""2200〜2560円"", ""2560〜3020円"", ""3020〜3580円"", ""3580〜4290円"", ""4290〜5220円"", ""5220〜6490円"", ""6490〜8310円"", ""8310〜11220円"", ""11220〜16240円"", ""16240〜28268円"", ""28268円〜""]","[7.4, 7.3, 6.1, 5.9, 6.0, 5.3, 4.7, 5.1, 4.3, 5.3, 4.6, 4.0, 4.1, 3.8, 4.4, 3.4, 4.1, 4.0, 4.3, 6.0]","[2.4, 2.3, 1.1, 0.9, 1.0, 0.3, -0.3, 0.1, -0.7, 0.3, -0.4, -1.0, -0.9, -1.2, -0.6, -1.6, -0.9, -1.0, -0.7, 1.0]"
20260831,07,1,1,62.7,"[[""1-3-4"", 0.0885], [""1-3-2"", 0.0835], [""1-3-5"", 0.0404]]",3,27.8,"[[""3-1-4"", 0.0639], [""3-1-2"", 0.0603], [""3-1-5"", 0.0292]]","[[""1-4-3"", 0.0553], [""1-2-3"", 0.0486], [""4-1-3"", 0.033], [""3-4-1"", 0.0267]]",1-3,0.4199,False,False,0.7866,弱,"{""逃げ"": 34.9, ""まくり"": 26.0, ""まくり差し"": 16.1, ""差し"": 15.1, ""抜き"": 7.1, ""恵まれ"": 0.8}","[""0〜600円"", ""600〜750円"", ""750〜900円"", ""900〜1050円"", ""1050〜1220円"", ""1220〜1410円"", ""1410〜1640円"", ""1640〜1890円"", ""1890〜2200円"", ""2200〜2560円"", ""2560〜3020円"", ""3020〜3580円"", ""3580〜4290円"", ""4290〜5220円"", ""5220〜6490円"", ""6490〜8310円"", ""8310〜11220円"", ""11220〜16240円"", ""16240〜28268円"", ""28268円〜""]","[0.9, 2.8, 3.2, 4.1, 4.2, 4.8, 6.0, 5.3, 6.0, 5.1, 5.1, 6.2, 5.4, 6.5, 7.6, 6.7, 5.7, 5.7, 5.3, 3.3]","[-4.1, -2.2, -1.8, -0.9, -0.8, -0.2, 1.0, 0.3, 1.0, 0.1, 0.1, 1.2, 0.4, 1.5, 2.6, 1.7, 0.7, 0.7, 0.3, -1.7]"
20260831,07,2,1,65.3,"[[""1-2-3"", 0.0688], [""1-2-6"", 0.0807], [""1-3-2"", 0.0571], [""1-3-6"", 0.0453], [""1-2-4"", 0.0154], [""1-2-5"", 0.0151]]",2,22.5,"[[""2-1-3"", 0.0425], [""2-1-6"", 0.0498]]","[[""1-6-2"", 0.066], [""1-6-3"", 0.0447], [""3-1-2"", 0.0327], [""6-1-2"", 0.0376]]",,,False,True,0.8218,弱,"{""逃げ"": 34.9, ""まくり"": 26.0, ""まくり差し"": 16.1, ""差し"": 15.1, ""抜き"": 7.1, ""恵まれ"": 0.8}","[""0〜600円"", ""600〜750円"", ""750〜900円"", ""900〜1050円"", ""1050〜1220円"", ""1220〜1410円"", ""1410〜1640円"", ""1640〜1890円"", ""1890〜2200円"", ""2200〜2560円"", ""2560〜3020円"", ""3020〜3580円"", ""3580〜4290円"", ""4290〜5220円"", ""5220〜6490円"", ""6490〜8310円"", ""8310〜11220円"", ""11220〜16240円"", ""16240〜28268円"", ""28268円〜""]","[0.9, 2.8, 3.2, 4.1, 4.2, 4.8, 6.0, 5.3, 6.0, 5.1, 5.1, 6.2, 5.4, 6.5, 7.6, 6.7, 5.7, 5.7, 5.3, 3.3]","[-4.1, -2.2, -1.8, -0.9, -0.8, -0.2, 1.0, 0.3, 1.0, 0.1, 0.1, 1.2, 0.4, 1.5, 2.6, 1.7, 0.7, 0.7, 0.3, -1.7]"
20260831,07,3,1,60.5,"[[""1-5-2"", 0.0774], [""1-5-3"", 0.0906], [""1-5-6"", 0.0727], [""1-5-4"", 0.0556]]",5,20.3,"[[""5-1-2"", 0.0219], [""5-1-3"", 0.0256], [""5-1-6"", 0.0205], [""5-1-4"", 0.0157]]","[[""1-2-5"", 0.0543], [""1-3-5"", 0.0624], [""1-6-5"", 0.0482], [""1-4-5"", 0.0356]]",1-5,0.4069,False,False,0.7866,強,"{""逃げ"": 68.6, ""まくり差し"": 11.8, ""まくり"": 9.6, ""差し"": 4.8, ""抜き"": 4.1, ""恵まれ"": 1.0}","[""0〜600円"", ""600〜750円"", ""750〜900円"", ""900〜1050円"", ""1050〜1220円"", ""1220〜1410円"", ""1410〜1640円"", ""1640〜1890円"", ""1890〜2200円"", ""2200〜2560円"", ""2560〜3020円"", ""3020〜3580円"", ""3580〜4290円"", ""4290〜5220円"", ""5220〜6490円"", ""6490〜8310円"", ""8310〜11220円"", ""11220〜16240円"", ""16240〜28268円"", ""28268円〜""]","[9.4, 8.0, 6.8, 5.7, 5.6, 5.4, 5.2, 5.2, 4.6, 5.0, 5.2, 3.8, 3.8, 4.0, 3.2, 3.9, 3.3, 3.6, 3.9, 4.5]","[4.4, 3.0, 1.8, 0.7, 0.6, 0.4, 0.2, 0.2, -0.4, 0.0, 0.2, -1.2, -1.2, -1.0, -1.8, -1.1, -1.7, -1.4, -1.1, -0.5]"
20260831,07,4,1,41.4,"[[""1-4-2"", 0.0848], [""1-2-4"", 0.0847], [""1-4-5"", 0.0467], [""1-2-5"", 0.0466], [""1-4-3"", 0.0316], [""1-2-3"", 0.0315], [""1-4-6"", 0.0133], [""1-2-6"", 0.0133]]",4,27.9,"[[""4-1-2"", 0.0432], [""4-1-5"", 0.0238], [""4-1-3"", 0.0161]]","[[""2-1-4"", 0.0431], [""1-5-4"", 0.0358], [""1-5-2"", 0.0357], [""2-1-5"", 0.0237]]",,,False,False,0.7866,強,"{""逃げ"": 68.6, ""まくり差し"": 11.8, ""まくり"": 9.6, ""差し"": 4.8, ""抜き"": 4.1, ""恵まれ"": 1.0}","[""0〜600円"", ""600〜750円"", ""750〜900円"", ""900〜1050円"", ""1050〜1220円"", ""1220〜1410円"", ""1410〜1640円"", ""1640〜1890円"", ""1890〜2200円"", ""2200〜2560円"", ""2560〜3020円"", ""3020〜3580円"", ""3580〜4290円"", ""4290〜5220円"", ""5220〜6490円"", ""6490〜8310円"", ""8310〜11220円"", ""11220〜16240円"", ""16240〜28268円"", ""28268円〜""]","[9.4, 8.0, 6.8, 5.7, 5.6, 5.4, 5.2, 5.2, 4.6, 5.0, 5.2, 3.8, 3.8, 4.0, 3.2, 3.9, 3.3, 3.6, 3.9, 4.5]","[4.4, 3.0, 1.8, 0.7, 0.6, 0.4, 0.2, 0.2, -0.4, 0.0, 0.2, -1.2, -1.2, -1.0, -1.8, -1.1, -1.7, -1.4, -1.1, -0.5]"
20260831,07,5,1,58.8,"[[""1-6-2"", 0.1014], [""1-6-4"", 0.0871], [""1-6-3"", 0.048], [""1-6-5"", 0.0206]]",6,26.5,"[[""6-1-2"", 0.0341], [""6-1-4"", 0.0293], [""6-1-3"", 0.0161]]","[[""1-2-6"", 0.0827], [""1-4-6"", 0.0635], [""1-2-4"", 0.0474], [""1-4-2"", 0.0423]]",1-6,0.3804,False,False,0.7866,強,"{""逃げ"": 68.6, ""まくり差し"": 11.8, ""まくり"": 9.6, ""差し"": 4.8, ""抜き"": 4.1, ""恵まれ"": 1.0}","[""0〜600円"", ""600〜750円"", ""750〜900円"", ""900〜1050円"", ""1050〜1220円"", ""1220〜1410円"", ""1410〜1640円"", ""1640〜1890円"", ""1890〜2200円"", ""2200〜2560円"", ""2560〜3020円"", ""3020〜3580円"", ""3580〜4290円"", ""4290〜5220円"", ""5220〜6490円"", ""6490〜8310円"", ""8310〜11220円"", ""11220〜16240円"", ""16240〜28268円"", ""28268円〜""]","[9.4, 8.0, 6.8, 5.7, 5.6, 5.4, 5.2, 5.2, 4.6, 5.0, 5.2, 3.8, 3.8, 4.0, 3.2, 3.9, 3.3, 3.6, 3.9, 4.5]","[4.4, 3.0, 1.8, 0.7, 0.6, 0.4, 0.2, 0.2, -0.4, 0.0, 0.2, -1.2, -1.2, -1.0, -1.8, -1.1, -1.7, -1.4, -1.1, -0.5]"
20260831,07,6,1,41.0,"[[""1-4-3"", 0.2392], [""1-4-2"", 0.0537], [""1-4-5"", 0.0498]]",4,31.7,"[[""4-1-3"", 0.0607], [""4-1-2"", 0.0136], [""4-1-5"", 0.0126]]","[[""1-3-4"", 0.1694], [""3-1-4"", 0.041], [""1-2-4"", 0.0267], [""1-5-4"", 0.0246]]",1-4,0.5197,True,False,0.7866,強,"{""逃げ"": 68.6, ""まくり差し"": 11.8, ""まくり"": 9.6, ""差し"": 4.8, ""抜き"": 4.1, ""恵まれ"": 1.0}","[""0〜600円"", ""600〜750円"", ""750〜900円"", ""900〜1050円"", ""1050〜1220円"", ""1220〜1410円"", ""1410〜1640円"", ""1640〜1890円"", ""1890〜2200円"", ""2200〜2560円"", ""2560〜3020円"", ""3020〜3580円"", ""3580〜4290円"", ""4290〜5220円"", ""5220〜6490円"", ""6490〜8310円"", ""8310〜11220円"", ""11220〜16240円"", ""16240〜28268円"", ""28268円〜""]","[9.4, 8.0, 6.8, 5.7, 5.6, 5.4, 5.2, 5.2, 4.6, 5.0, 5.2, 3.8, 3.8, 4.0, 3.2, 3.9, 3.3, 3.6, 3.9, 4.5]","[4.4, 3.0, 1.8, 0.7, 0.6, 0.4, 0.2, 0.2, -0.4, 0.0, 0.2, -1.2, -1.2, -1.0, -1.8, -1.1, -1.7, -1.4, -1.1, -0.5]"
20260831,07,7,1,58.4,"[[""1-3-4"", 0.0955], [""1-4-3"", 0.0898], [""1-3-2"", 0.1038], [""1-4-2"", 0.086], [""1-3-5"", 0.0204], [""1-4-5"", 0.0169]]",3,26.6,"[[""3-1-4"", 0.0306], [""3-1-2"", 0.0332]]","[[""1-2-3"", 0.0932], [""1-2-4"", 0.0821], [""4-1-3"", 0.0284], [""2-1-3"", 0.0292]]",,,False,True,0.8218,強,"{""逃げ"": 68.6, ""まくり差し"": 11.8, ""まくり"": 9.6, ""差し"": 4.8, ""抜き"": 4.1, ""恵まれ"": 1.0}","[""0〜600円"", ""600〜750円"", ""750〜900円"", ""900〜1050円"", ""1050〜1220円"", ""1220〜1410円"", ""1410〜1640円"", ""1640〜1890円"", ""1890〜2200円"", ""2200〜2560円"", ""2560〜3020円"", ""3020〜3580円"", ""3580〜4290円"", ""4290〜5220円"", ""5220〜6490円"", ""6490〜8310円"", ""8310〜11220円"", ""11220〜16240円"", ""16240〜28268円"", ""28268円〜""]","[9.4, 8.0, 6.8, 5.7, 5.6, 5.4, 5.2, 5.2, 4.6, 5.0, 5.2, 3.8, 3.8, 4.0, 3.2, 3.9, 3.3, 3.6, 3.9, 4.5]","[4.4, 3.0, 1.8, 0.7, 0.6, 0.4, 0.2, 0.2, -0.4, 0.0, 0.2, -1.2, -1.2, -1.0, -1.8, -1.1, -1.7, -1.4, -1.1, -0.5]"
20260831,07,8,1,56.7,"[[""1-5-6"", 0.0309], [""1-6-5"", 0.0297], [""1-5-2"", 0.0319], [""1-5-4"", 0.0305], [""1-2-5"", 0.0288], [""1-4-5"", 0.0273], [""1-6-2"", 0.0271], [""1-6-4"", 0.0259], [""1-2-6"", 0.0255]]",4,51.6,"[[""4-1-5"", 0.0178], [""4-1-6"", 0.0158], [""4-1-2"", 0.0128]]","[[""5-1-6"", 0.0214], [""6-1-5"", 0.0201], [""1-4-6"", 0.0242], [""5-1-2"", 0.0221]]",,,False,False,0.7866,弱,"{""逃げ"": 34.9, ""まくり"": 26.0, ""まくり差し"": 16.1, ""差し"": 15.1, ""抜き"": 7.1, ""恵まれ"": 0.8}","[""0〜600円"", ""600〜750円"", ""750〜900円"", ""900〜1050円"", ""1050〜1220円"", ""1220〜1410円"", ""1410〜1640円"", ""1640〜1890円"", ""1890〜2200円"", ""2200〜2560円"", ""2560〜3020円"", ""3020〜3580円"", ""3580〜4290円"", ""4290〜5220円"", ""5220〜6490円"", ""6490〜8310円"", ""8310〜11220円"", ""11220〜16240円"", ""16240〜28268円"", ""28268円〜""]","[0.9, 2.8, 3.2, 4.1, 4.2, 4.8, 6.0, 5.3, 6.0, 5.1, 5.1, 6.2, 5.4, 6.5, 7.6, 6.7, 5.7, 5.7, 5.3, 3.3]","[-4.1, -2.2, -1.8, -0.9, -0.8, -0.2, 1.0, 0.3, 1.0, 0.1, 0.1, 1.2, 0.4, 1.5, 2.6, 1.7, 0.7, 0.7, 0.3, -1.7]"
20260831,07,9,1,54.4,"[[""1-3-2"", 0.0729], [""1-2-3"", 0.0628], [""1-3-4"", 0.0761], [""1-2-4"", 0.0484], [""1-3-6"", 0.0168], [""1-3-5"", 0.0121], [""1-2-6"", 0.0107]]",3,27.9,"[[""3-1-2"", 0.0444], [""3-1-4"", 0.0463], [""3-1-6"", 0.0102]]","[[""1-4-3"", 0.062], [""1-4-2"", 0.0459], [""2-1-3"", 0.036], [""4-1-3"", 0.0348]]",,,False,True,0.8218,中,"{""逃げ"": 54.5, ""まくり"": 16.2, ""まくり差し"": 14.2, ""差し"": 9.2, ""抜き"": 5.5, ""恵まれ"": 0.5}","[""0〜600円"", ""600〜750円"", ""750〜900円"", ""900〜1050円"", ""1050〜1220円"", ""1220〜1410円"", ""1410〜1640円"", ""1640〜1890円"", ""1890〜2200円"", ""2200〜2560円"", ""2560〜3020円"", ""3020〜3580円"", ""3580〜4290円"", ""4290〜5220円"", ""5220〜6490円"", ""6490〜8310円"", ""8310〜11220円"", ""11220〜16240円"", ""16240〜28268円"", ""28268円〜""]","[5.3, 6.3, 5.5, 4.8, 5.8, 4.9, 5.9, 4.8, 4.8, 4.6, 5.5, 5.3, 4.3, 4.3, 4.5, 4.1, 5.6, 4.1, 5.2, 4.5]","[0.3, 1.3, 0.5, -0.2, 0.8, -0.1, 0.9, -0.2, -0.2, -0.4, 0.5, 0.3, -0.7, -0.7, -0.5, -0.9, 0.6, -0.9, 0.2, -0.5]"
20260831,07,10,1,55.6,"[[""1-3-2"", 0.1224], [""1-3-4"", 0.0747], [""1-3-5"", 0.0607], [""1-3-6"", 0.0305]]",3,31.7,"[[""3-1-2"", 0.0295], [""3-1-4"", 0.018], [""3-1-5"", 0.0146]]","[[""1-2-3"", 0.1017], [""1-4-3"", 0.0519], [""1-2-4"", 0.0434], [""1-5-3"", 0.0409]]",1-3,0.3907,False,True,0.8218,強,"{""逃げ"": 68.6, ""まくり差し"": 11.8, ""まくり"": 9.6, ""差し"": 4.8, ""抜き"": 4.1, ""恵まれ"": 1.0}","[""0〜600円"", ""600〜750円"", ""750〜900円"", ""900〜1050円"", ""1050〜1220円"", ""1220〜1410円"", ""1410〜1640円"", ""1640〜1890円"", ""1890〜2200円"", ""2200〜2560円"", ""2560〜3020円"", ""3020〜3580円"", ""3580〜4290円"", ""4290〜5220円"", ""5220〜6490円"", ""6490〜8310円"", ""8310〜11220円"", ""11220〜16240円"", ""16240〜28268円"", ""28268円〜""]","[9.4, 8.0, 6.8, 5.7, 5.6, 5.4, 5.2, 5.2, 4.6, 5.0, 5.2, 3.8, 3.8, 4.0, 3.2, 3.9, 3.3, 3.6, 3.9, 4.5]","[4.4, 3.0, 1.8, 0.7, 0.6, 0.4, 0.2, 0.2, -0.4, 0.0, 0.2, -1.2, -1.2, -1.0, -1.8, -1.1, -1.7, -1.4, -1.1, -0.5]"
20260831,07,11,1,52.8,"[[""1-2-6"", 0.0647], [""1-2-3"", 0.0706], [""1-2-5"", 0.0686], [""1-6-2"", 0.052], [""1-3-2"", 0.0547], [""1-5-2"", 0.0529], [""1-2-4"", 0.034], [""1-6-3"", 0.0323], [""1-6-5"", 0.0314]]",6,35.6,"[[""6-1-2"", 0.0162], [""6-1-3"", 0.0101]]","[[""1-3-6"", 0.0311], [""1-5-6"", 0.0301], [""2-1-6"", 0.0212], [""1-3-5"", 0.026]]",,,False,False,0.7866,強,"{""逃げ"": 68.6, ""まくり差し"": 11.8, ""まくり"": 9.6, ""差し"": 4.8, ""抜き"": 4.1, ""恵まれ"": 1.0}","[""0〜600円"", ""600〜750円"", ""750〜900円"", ""900〜1050円"", ""1050〜1220円"", ""1220〜1410円"", ""1410〜1640円"", ""1640〜1890円"", ""1890〜2200円"", ""2200〜2560円"", ""2560〜3020円"", ""3020〜3580円"", ""3580〜4290円"", ""4290〜5220円"", ""5220〜6490円"", ""6490〜8310円"", ""8310〜11220円"", ""11220〜16240円"", ""16240〜28268円"", ""28268円〜""]","[9.4, 8.0, 6.8, 5.7, 5.6, 5.4, 5.2, 5.2, 4.6, 5.0, 5.2, 3.8, 3.8, 4.0, 3.2, 3.9, 3.3, 3.6, 3.9, 4.5]","[4.4, 3.0, 1.8, 0.7, 0.6, 0.4, 0.2, 0.2, -0.4, 0.0, 0.2, -1.2, -1.2, -1.0, -1.8, -1.1, -1.7, -1.4, -1.1, -0.5]"
20260831,07,12,1,54.7,"[[""1-4-3"", 0.0716], [""1-4-2"", 0.0857], [""1-3-4"", 0.0651], [""1-2-4"", 0.0763], [""1-3-2"", 0.0619], [""1-2-3"", 0.0606], [""1-4-6"", 0.0394], [""1-6-4"", 0.0299], [""1-3-6"", 0.0285]]",4,31.0,"[[""4-1-3"", 0.0221], [""4-1-2"", 0.0264], [""4-1-6"", 0.0122]]","[[""1-2-6"", 0.0263], [""3-1-4"", 0.0197], [""1-6-3"", 0.0238], [""2-1-4"", 0.023]]",,,False,False,0.7866,強,"{""逃げ"": 68.6, ""まくり差し"": 11.8, ""まくり"": 9.6, ""差し"": 4.8, ""抜き"": 4.1, ""恵まれ"": 1.0}","[""0〜600円"", ""600〜750円"", ""750〜900円"", ""900〜1050円"", ""1050〜1220円"", ""1220〜1410円"", ""1410〜1640円"", ""1640〜1890円"", ""1890〜2200円"", ""2200〜2560円"", ""2560〜3020円"", ""3020〜3580円"", ""3580〜4290円"", ""4290〜5220円"", ""5220〜6490円"", ""6490〜8310円"", ""8310〜11220円"", ""11220〜16240円"", ""16240〜28268円"", ""28268円〜""]","[9.4, 8.0, 6.8, 5.7, 5.6, 5.4, 5.2, 5.2, 4.6, 5.0, 5.2, 3.8, 3.8, 4.0, 3.2, 3.9, 3.3, 3.6, 3.9, 4.5]","[4.4, 3.0, 1.8, 0.7, 0.6, 0.4, 0.2, 0.2, -0.4, 0.0, 0.2, -1.2, -1.2, -1.0, -1.8, -1.1, -1.7, -1.4, -1.1, -0.5]"
20260831,08,1,1,51.5,"[[""1-2-4"", 0.0629], [""1-4-2"", 0.0591], [""1-2-5"", 0.0717], [""1-5-2"", 0.0652], [""1-2-3"", 0.0641], [""1-4-5"", 0.0567], [""1-3-2"", 0.0566], [""1-5-4"", 0.0548], [""1-4-3"", 0.0507]]",4,29.8,"[[""4-1-2"", 0.0121], [""4-1-5"", 0.0116], [""4-1-3"", 0.0104]]","[[""1-3-4"", 0.0476], [""1-5-3"", 0.044], [""1-3-5"", 0.0427], [""1-2-6"", 0.0173]]",,,False,False,0.7866,中,"{""逃げ"": 55.1, ""まくり"": 15.9, ""まくり差し"": 12.1, ""差し"": 9.8, ""抜き"": 6.2, ""恵まれ"": 0.9}","[""0〜600円"", ""600〜750円"", ""750〜900円"", ""900〜1050円"", ""1050〜1220円"", ""1220〜1410円"", ""1410〜1640円"", ""1640〜1890円"", ""1890〜2200円"", ""2200〜2560円"", ""2560〜3020円"", ""3020〜3580円"", ""3580〜4290円"", ""4290〜5220円"", ""5220〜6490円"", ""6490〜8310円"", ""8310〜11220円"", ""11220〜16240円"", ""16240〜28268円"", ""28268円〜""]","[4.7, 5.6, 6.4, 4.9, 5.8, 5.5, 5.0, 5.4, 5.0, 5.0, 5.0, 4.7, 5.7, 4.9, 4.3, 4.5, 3.8, 4.4, 4.4, 5.1]","[-0.3, 0.6, 1.4, -0.1, 0.8, 0.5, 0.0, 0.4, -0.0, 0.0, 0.0, -0.3, 0.7, -0.1, -0.7, -0.5, -1.2, -0.6, -0.6, 0.1]"
20260831,08,2,1,67.4,"[[""1-3-2"", 0.096], [""1-3-5"", 0.0401], [""1-3-4"", 0.0273]]",2,42.5,"[[""2-1-3"", 0.0609], [""2-1-5"", 0.022], [""2-1-4"", 0.015]]","[[""1-2-3"", 0.0874], [""3-1-2"", 0.0697], [""3-2-1"", 0.0398], [""2-3-1"", 0.0382]]",,,False,True,0.8218,中,"{""逃げ"": 55.1, ""まくり"": 15.9, ""まくり差し"": 12.1, ""差し"": 9.8, ""抜き"": 6.2, ""恵まれ"": 0.9}","[""0〜600円"", ""600〜750円"", ""750〜900円"", ""900〜1050円"", ""1050〜1220円"", ""1220〜1410円"", ""1410〜1640円"", ""1640〜1890円"", ""1890〜2200円"", ""2200〜2560円"", ""2560〜3020円"", ""3020〜3580円"", ""3580〜4290円"", ""4290〜5220円"", ""5220〜6490円"", ""6490〜8310円"", ""8310〜11220円"", ""11220〜16240円"", ""16240〜28268円"", ""28268円〜""]","[4.7, 5.6, 6.4, 4.9, 5.8, 5.5, 5.0, 5.4, 5.0, 5.0, 5.0, 4.7, 5.7, 4.9, 4.3, 4.5, 3.8, 4.4, 4.4, 5.1]","[-0.3, 0.6, 1.4, -0.1, 0.8, 0.5, 0.0, 0.4, -0.0, 0.0, 0.0, -0.3, 0.7, -0.1, -0.7, -0.5, -1.2, -0.6, -0.6, 0.1]"
20260831,08,3,4,58.5,"[[""4-1-2"", 0.0462], [""4-2-1"", 0.0383], [""4-1-6"", 0.041], [""4-2-6"", 0.0233], [""4-1-3"", 0.0184], [""4-1-5"", 0.012], [""4-2-3"", 0.0105]]",1,17.6,"[[""1-4-2"", 0.0423], [""1-4-6"", 0.0375], [""1-4-3"", 0.0169], [""1-4-5"", 0.011]]","[[""2-4-1"", 0.0315], [""1-2-4"", 0.0312], [""2-1-4"", 0.028], [""4-6-1"", 0.0305]]",,,False,False,0.7866,強,"{""逃げ"": 69.3, ""まくり"": 10.4, ""まくり差し"": 8.7, ""差し"": 5.7, ""抜き"": 4.9, ""恵まれ"": 1.0}","[""0〜600円"", ""600〜750円"", ""750〜900円"", ""900〜1050円"", ""1050〜1220円"", ""1220〜1410円"", ""1410〜1640円"", ""1640〜1890円"", ""1890〜2200円"", ""2200〜2560円"", ""2560〜3020円"", ""3020〜3580円"", ""3580〜4290円"", ""4290〜5220円"", ""5220〜6490円"", ""6490〜8310円"", ""8310〜11220円"", ""11220〜16240円"", ""16240〜28268円"", ""28268円〜""]","[8.4, 8.8, 6.5, 6.3, 6.4, 5.8, 5.4, 5.2, 4.1, 4.9, 4.4, 4.5, 3.6, 3.9, 2.6, 3.6, 3.5, 3.7, 3.7, 4.7]","[3.4, 3.8, 1.5, 1.3, 1.4, 0.8, 0.4, 0.2, -0.9, -0.1, -0.6, -0.5, -1.4, -1.1, -2.4, -1.4, -1.5, -1.3, -1.3, -0.3]"
20260831,08,4,4,52.7,"[[""4-1-2"", 0.0395], [""4-2-1"", 0.0344], [""4-1-5"", 0.0293], [""4-1-3"", 0.0254], [""4-5-1"", 0.0221], [""4-2-5"", 0.019], [""4-3-1"", 0.0186], [""4-2-3"", 0.0164], [""4-5-2"", 0.0164]]",2,25.0,"[[""2-4-1"", 0.0288], [""2-1-4"", 0.0254], [""2-4-5"", 0.0159], [""2-4-3"", 0.0138], [""2-1-5"", 0.0111]]","[[""1-4-2"", 0.036], [""1-2-4"", 0.0276], [""1-4-5"", 0.0267], [""1-4-3"", 0.0231]]",,,False,False,0.7866,強,"{""逃げ"": 69.3, ""まくり"": 10.4, ""まくり差し"": 8.7, ""差し"": 5.7, ""抜き"": 4.9, ""恵まれ"": 1.0}","[""0〜600円"", ""600〜750円"", ""750〜900円"", ""900〜1050円"", ""1050〜1220円"", ""1220〜1410円"", ""1410〜1640円"", ""1640〜1890円"", ""1890〜2200円"", ""2200〜2560円"", ""2560〜3020円"", ""3020〜3580円"", ""3580〜4290円"", ""4290〜5220円"", ""5220〜6490円"", ""6490〜8310円"", ""8310〜11220円"", ""11220〜16240円"", ""16240〜28268円"", ""28268円〜""]","[8.4, 8.8, 6.5, 6.3, 6.4, 5.8, 5.4, 5.2, 4.1, 4.9, 4.4, 4.5, 3.6, 3.9, 2.6, 3.6, 3.5, 3.7, 3.7, 4.7]","[3.4, 3.8, 1.5, 1.3, 1.4, 0.8, 0.4, 0.2, -0.9, -0.1, -0.6, -0.5, -1.4, -1.1, -2.4, -1.4, -1.5, -1.3, -1.3, -0.3]"
20260831,08,5,1,57.7,"[[""1-3-6"", 0.0471], [""1-3-2"", 0.0586], [""1-6-3"", 0.0418], [""1-6-2"", 0.0407]]",3,39.1,"[[""3-1-6"", 0.0399], [""3-1-2"", 0.0496]]","[[""1-2-3"", 0.0515], [""6-1-3"", 0.0331], [""2-1-3"", 0.0406], [""1-2-6"", 0.0403]]",,,False,False,0.7866,中,"{""逃げ"": 55.1, ""まくり"": 15.9, ""まくり差し"": 12.1, ""差し"": 9.8, ""抜き"": 6.2, ""恵まれ"": 0.9}","[""0〜600円"", ""600〜750円"", ""750〜900円"", ""900〜1050円"", ""1050〜1220円"", ""1220〜1410円"", ""1410〜1640円"", ""1640〜1890円"", ""1890〜2200円"", ""2200〜2560円"", ""2560〜3020円"", ""3020〜3580円"", ""3580〜4290円"", ""4290〜5220円"", ""5220〜6490円"", ""6490〜8310円"", ""8310〜11220円"", ""11220〜16240円"", ""16240〜28268円"", ""28268円〜""]","[4.7, 5.6, 6.4, 4.9, 5.8, 5.5, 5.0, 5.4, 5.0, 5.0, 5.0, 4.7, 5.7, 4.9, 4.3, 4.5, 3.8, 4.4, 4.4, 5.1]","[-0.3, 0.6, 1.4, -0.1, 0.8, 0.5, 0.0, 0.4, -0.0, 0.0, 0.0, -0.3, 0.7, -0.1, -0.7, -0.5, -1.2, -0.6, -0.6, 0.1]"
20260831,08,6,1,50.0,"[[""1-5-4"", 0.1143], [""1-4-5"", 0.1087], [""1-5-3"", 0.0616], [""1-5-2"", 0.0579], [""1-4-3"", 0.0531], [""1-4-2"", 0.0499], [""1-5-6"", 0.0209], [""1-4-6"", 0.018]]",5,30.7,"[[""5-1-4"", 0.0253], [""5-1-3"", 0.0136], [""5-1-2"", 0.0128]]","[[""1-3-5"", 0.0458], [""1-2-5"", 0.0426], [""1-3-4"", 0.0416], [""1-2-4"", 0.0387]]",,,False,False,0.7866,強,"{""逃げ"": 69.3, ""まくり"": 10.4, ""まくり差し"": 8.7, ""差し"": 5.7, ""抜き"": 4.9, ""恵まれ"": 1.0}","[""0〜600円"", ""600〜750円"", ""750〜900円"", ""900〜1050円"", ""1050〜1220円"", ""1220〜1410円"", ""1410〜1640円"", ""1640〜1890円"", ""1890〜2200円"", ""2200〜2560円"", ""2560〜3020円"", ""3020〜3580円"", ""3580〜4290円"", ""4290〜5220円"", ""5220〜6490円"", ""6490〜8310円"", ""8310〜11220円"", ""11220〜16240円"", ""16240〜28268円"", ""28268円〜""]","[8.4, 8.8, 6.5, 6.3, 6.4, 5.8, 5.4, 5.2, 4.1, 4.9, 4.4, 4.5, 3.6, 3.9, 2.6, 3.6, 3.5, 3.7, 3.7, 4.7]","[3.4, 3.8, 1.5, 1.3, 1.4, 0.8, 0.4, 0.2, -0.9, -0.1, -0.6, -0.5, -1.4, -1.1, -2.4, -1.4, -1.5, -1.3, -1.3, -0.3]"
20260831,08,7,2,48.8,"[[""2-1-6"", 0.0796], [""2-1-3"", 0.0488], [""2-1-4"", 0.0383], [""2-1-5"", 0.0168]]",1,32.2,"[[""1-2-6"", 0.0749], [""1-2-3"", 0.0459], [""1-2-4"", 0.0361], [""1-2-5"", 0.0158]]","[[""2-6-1"", 0.0469], [""1-6-2"", 0.0408], [""6-2-1"", 0.034], [""6-1-2"", 0.0314]]",1-2,0.3983,False,False,0.7866,強,"{""逃げ"": 69.3, ""まくり"": 10.4, ""まくり差し"": 8.7, ""差し"": 5.7, ""抜き"": 4.9, ""恵まれ"": 1.0}","[""0〜600円"", ""600〜750円"", ""750〜900円"", ""900〜1050円"", ""1050〜1220円"", ""1220〜1410円"", ""1410〜1640円"", ""1640〜1890円"", ""1890〜2200円"", ""2200〜2560円"", ""2560〜3020円"", ""3020〜3580円"", ""3580〜4290円"", ""4290〜5220円"", ""5220〜6490円"", ""6490〜8310円"", ""8310〜11220円"", ""11220〜16240円"", ""16240〜28268円"", ""28268円〜""]","[8.4, 8.8, 6.5, 6.3, 6.4, 5.8, 5.4, 5.2, 4.1, 4.9, 4.4, 4.5, 3.6, 3.9, 2.6, 3.6, 3.5, 3.7, 3.7, 4.7]","[3.4, 3.8, 1.5, 1.3, 1.4, 0.8, 0.4, 0.2, -0.9, -0.1, -0.6, -0.5, -1.4, -1.1, -2.4, -1.4, -1.5, -1.3, -1.3, -0.3]"
20260831,08,8,1,54.5,"[[""1-2-5"", 0.139], [""1-2-3"", 0.1241], [""1-2-6"", 0.0358], [""1-2-4"", 0.0103]]",2,28.3,"[[""2-1-5"", 0.1129], [""2-1-3"", 0.1008], [""2-1-6"", 0.0291]]","[[""1-5-2"", 0.0466], [""1-3-2"", 0.0396], [""2-5-1"", 0.0297], [""5-1-2"", 0.0259]]",1-2,0.6287,True,False,0.7866,中,"{""逃げ"": 55.1, ""まくり"": 15.9, ""まくり差し"": 12.1, ""差し"": 9.8, ""抜き"": 6.2, ""恵まれ"": 0.9}","[""0〜600円"", ""600〜750円"", ""750〜900円"", ""900〜1050円"", ""1050〜1220円"", ""1220〜1410円"", ""1410〜1640円"", ""1640〜1890円"", ""1890〜2200円"", ""2200〜2560円"", ""2560〜3020円"", ""3020〜3580円"", ""3580〜4290円"", ""4290〜5220円"", ""5220〜6490円"", ""6490〜8310円"", ""8310〜11220円"", ""11220〜16240円"", ""16240〜28268円"", ""28268円〜""]","[4.7, 5.6, 6.4, 4.9, 5.8, 5.5, 5.0, 5.4, 5.0, 5.0, 5.0, 4.7, 5.7, 4.9, 4.3, 4.5, 3.8, 4.4, 4.4, 5.1]","[-0.3, 0.6, 1.4, -0.1, 0.8, 0.5, 0.0, 0.4, -0.0, 0.0, 0.0, -0.3, 0.7, -0.1, -0.7, -0.5, -1.2, -0.6, -0.6, 0.1]"
20260831,08,9,1,44.9,"[[""1-2-3"", 0.1333], [""1-2-6"", 0.1035], [""1-2-5"", 0.0474], [""1-2-4"", 0.0294]]",2,39.1,"[[""2-1-3"", 0.0811], [""2-1-6"", 0.063], [""2-1-5"", 0.0288], [""2-1-4"", 0.0179]]","[[""1-3-2"", 0.0628], [""1-6-2"", 0.0451], [""3-1-2"", 0.0303], [""2-3-1"", 0.0214]]",1-2,0.5509,True,True,0.8218,中,"{""逃げ"": 55.1, ""まくり"": 15.9, ""まくり差し"": 12.1, ""差し"": 9.8, ""抜き"": 6.2, ""恵まれ"": 0.9}","[""0〜600円"", ""600〜750円"", ""750〜900円"", ""900〜1050円"", ""1050〜1220円"", ""1220〜1410円"", ""1410〜1640円"", ""1640〜1890円"", ""1890〜2200円"", ""2200〜2560円"", ""2560〜3020円"", ""3020〜3580円"", ""3580〜4290円"", ""4290〜5220円"", ""5220〜6490円"", ""6490〜8310円"", ""8310〜11220円"", ""11220〜16240円"", ""16240〜28268円"", ""28268円〜""]","[4.7, 5.6, 6.4, 4.9, 5.8, 5.5, 5.0, 5.4, 5.0, 5.0, 5.0, 4.7, 5.7, 4.9, 4.3, 4.5, 3.8, 4.4, 4.4, 5.1]","[-0.3, 0.6, 1.4, -0.1, 0.8, 0.5, 0.0, 0.4, -0.0, 0.0, 0.0, -0.3, 0.7, -0.1, -0.7, -0.5, -1.2, -0.6, -0.6, 0.1]"
20260831,08,10,1,58.7,"[[""1-4-5"", 0.0997], [""1-4-2"", 0.1246], [""1-4-3"", 0.0598], [""1-4-6"", 0.0502]]",4,31.8,"[[""4-1-5"", 0.0537], [""4-1-2"", 0.0671], [""4-1-3"", 0.0322], [""4-1-6"", 0.0271]]","[[""1-5-4"", 0.0453], [""1-2-4"", 0.0564], [""1-3-4"", 0.025], [""5-1-4"", 0.0195]]",1-4,0.5561,True,False,0.7866,中,"{""逃げ"": 55.1, ""まくり"": 15.9, ""まくり差し"": 12.1, ""差し"": 9.8, ""抜き"": 6.2, ""恵まれ"": 0.9}","[""0〜600円"", ""600〜750円"", ""750〜900円"", ""900〜1050円"", ""1050〜1220円"", ""1220〜1410円"", ""1410〜1640円"", ""1640〜1890円"", ""1890〜2200円"", ""2200〜2560円"", ""2560〜3020円"", ""3020〜3580円"", ""3580〜4290円"", ""4290〜5220円"", ""5220〜6490円"", ""6490〜8310円"", ""8310〜11220円"", ""11220〜16240円"", ""16240〜28268円"", ""28268円〜""]","[4.7, 5.6, 6.4, 4.9, 5.8, 5.5, 5.0, 5.4, 5.0, 5.0, 5.0, 4.7, 5.7, 4.9, 4.3, 4.5, 3.8, 4.4, 4.4, 5.1]","[-0.3, 0.6, 1.4, -0.1, 0.8, 0.5, 0.0, 0.4, -0.0, 0.0, 0.0, -0.3, 0.7, -0.1, -0.7, -0.5, -1.2, -0.6, -0.6, 0.1]"
20260831,08,11,1,58.5,"[[""1-2-4"", 0.1002], [""1-2-3"", 0.0723], [""1-2-5"", 0.0546], [""1-2-6"", 0.0409]]",2,25.5,"[[""2-1-4"", 0.0342], [""2-1-3"", 0.0246], [""2-1-5"", 0.0186], [""2-1-6"", 0.014]]","[[""1-4-2"", 0.0774], [""1-3-2"", 0.0488], [""1-5-2"", 0.0354], [""1-4-3"", 0.0332]]",1-2,0.3958,False,False,0.7866,強,"{""逃げ"": 69.3, ""まくり"": 10.4, ""まくり差し"": 8.7, ""差し"": 5.7, ""抜き"": 4.9, ""恵まれ"": 1.0}","[""0〜600円"", ""600〜750円"", ""750〜900円"", ""900〜1050円"", ""1050〜1220円"", ""1220〜1410円"", ""1410〜1640円"", ""1640〜1890円"", ""1890〜2200円"", ""2200〜2560円"", ""2560〜3020円"", ""3020〜3580円"", ""3580〜4290円"", ""4290〜5220円"", ""5220〜6490円"", ""6490〜8310円"", ""8310〜11220円"", ""11220〜16240円"", ""16240〜28268円"", ""28268円〜""]","[8.4, 8.8, 6.5, 6.3, 6.4, 5.8, 5.4, 5.2, 4.1, 4.9, 4.4, 4.5, 3.6, 3.9, 2.6, 3.6, 3.5, 3.7, 3.7, 4.7]","[3.4, 3.8, 1.5, 1.3, 1.4, 0.8, 0.4, 0.2, -0.9, -0.1, -0.6, -0.5, -1.4, -1.1, -2.4, -1.4, -1.5, -1.3, -1.3, -0.3]"
20260831,08,12,1,45.9,"[[""1-2-3"", 0.0913], [""1-3-2"", 0.0834], [""1-2-4"", 0.0647], [""1-4-2"", 0.0505], [""1-3-4"", 0.0487], [""1-2-6"", 0.0459], [""1-4-3"", 0.0416], [""1-3-6"", 0.0345], [""1-6-2"", 0.0338]]",2,27.7,"[[""2-1-3"", 0.029], [""2-1-4"", 0.0205], [""2-1-6"", 0.0145]]","[[""3-1-2"", 0.026], [""1-2-5"", 0.0285], [""1-6-3"", 0.0279], [""1-3-5"", 0.0215]]",,,False,True,0.8218,強,"{""逃げ"": 69.3, ""まくり"": 10.4, ""まくり差し"": 8.7, ""差し"": 5.7, ""抜き"": 4.9, ""恵まれ"": 1.0}","[""0〜600円"", ""600〜750円"", ""750〜900円"", ""900〜1050円"", ""1050〜1220円"", ""1220〜1410円"", ""1410〜1640円"", ""1640〜1890円"", ""1890〜2200円"", ""2200〜2560円"", ""2560〜3020円"", ""3020〜3580円"", ""3580〜4290円"", ""4290〜5220円"", ""5220〜6490円"", ""6490〜8310円"", ""8310〜11220円"", ""11220〜16240円"", ""16240〜28268円"", ""28268円〜""]","[8.4, 8.8, 6.5, 6.3, 6.4, 5.8, 5.4, 5.2, 4.1, 4.9, 4.4, 4.5, 3.6, 3.9, 2.6, 3.6, 3.5, 3.7, 3.7, 4.7]","[3.4, 3.8, 1.5, 1.3, 1.4, 0.8, 0.4, 0.2, -0.9, -0.1, -0.6, -0.5, -1.4, -1.1, -2.4, -1.4, -1.5, -1.3, -1.3, -0.3]"
20260831,11,1,1,,"[[""1-3-2"", 0.0618], [""1-3-4"", 0.0524], [""1-3-5"", 0.0355], [""1-3-6"", 0.0218]]",3,21.3,"[[""3-1-2"", 0.0547], [""3-1-4"", 0.0464], [""3-1-5"", 0.0314], [""3-1-6"", 0.0193]]","[[""1-2-3"", 0.0402], [""3-2-1"", 0.0305], [""2-1-3"", 0.0286], [""1-4-3"", 0.0316]]",1-3,0.3485,False,True,0.8218,弱,"{""逃げ"": 34.5, ""まくり"": 22.4, ""差し"": 18.5, ""まくり差し"": 17.2, ""抜き"": 6.8, ""恵まれ"": 0.6}","[""0〜600円"", ""600〜750円"", ""750〜900円"", ""900〜1050円"", ""1050〜1220円"", ""1220〜1410円"", ""1410〜1640円"", ""1640〜1890円"", ""1890〜2200円"", ""2200〜2560円"", ""2560〜3020円"", ""3020〜3580円"", ""3580〜4290円"", ""4290〜5220円"", ""5220〜6490円"", ""6490〜8310円"", ""8310〜11220円"", ""11220〜16240円"", ""16240〜28268円"", ""28268円〜""]","[1.0, 1.8, 3.4, 3.5, 3.5, 6.0, 4.6, 5.8, 5.7, 6.7, 5.5, 6.3, 7.1, 6.1, 6.2, 6.2, 6.0, 5.7, 5.4, 3.8]","[-4.0, -3.2, -1.6, -1.5, -1.5, 1.0, -0.4, 0.8, 0.7, 1.7, 0.5, 1.3, 2.1, 1.1, 1.2, 1.2, 1.0, 0.7, 0.4, -1.2]"
20260831,11,2,1,51.3,"[[""1-2-5"", 0.0528], [""1-5-2"", 0.0449], [""1-2-4"", 0.0491], [""1-2-3"", 0.0455], [""1-4-2"", 0.0381], [""1-3-2"", 0.0348], [""1-5-4"", 0.029], [""1-5-3"", 0.0269], [""1-4-5"", 0.0265]]",2,35.8,"[[""2-1-5"", 0.0365], [""2-1-4"", 0.0339], [""2-1-3"", 0.0315]]","[[""5-1-2"", 0.0288], [""2-5-1"", 0.0194], [""1-3-5"", 0.0242], [""4-1-2"", 0.0234]]",,,False,False,0.7866,中,"{""逃げ"": 51.2, ""まくり"": 14.7, ""まくり差し"": 14.2, ""差し"": 12.7, ""抜き"": 6.4, ""恵まれ"": 0.8}","[""0〜600円"", ""600〜750円"", ""750〜900円"", ""900〜1050円"", ""1050〜1220円"", ""1220〜1410円"", ""1410〜1640円"", ""1640〜1890円"", ""1890〜2200円"", ""2200〜2560円"", ""2560〜3020円"", ""3020〜3580円"", ""3580〜4290円"", ""4290〜5220円"", ""5220〜6490円"", ""6490〜8310円"", ""8310〜11220円"", ""11220〜16240円"", ""16240〜28268円"", ""28268円〜""]","[4.0, 4.3, 6.1, 4.7, 5.5, 5.0, 5.3, 4.4, 5.2, 5.2, 5.4, 5.9, 4.7, 4.6, 4.7, 5.2, 6.0, 4.7, 4.8, 4.3]","[-1.0, -0.7, 1.1, -0.3, 0.5, 0.0, 0.3, -0.6, 0.2, 0.2, 0.4, 0.9, -0.3, -0.4, -0.3, 0.2, 1.0, -0.3, -0.2, -0.7]"
20260831,11,3,1,57.8,"[[""1-3-5"", 0.0889], [""1-3-2"", 0.106], [""1-3-4"", 0.1001]]",3,32.0,"[[""3-1-5"", 0.023], [""3-1-2"", 0.0275], [""3-1-4"", 0.026]]","[[""1-5-3"", 0.0642], [""1-2-3"", 0.0754], [""1-4-3"", 0.0704], [""1-5-2"", 0.0365]]",1-3,0.408,False,False,0.7866,強,"{""逃げ"": 64.4, ""差し"": 10.9, ""まくり差し"": 9.7, ""まくり"": 9.0, ""抜き"": 5.2, ""恵まれ"": 0.8}","[""0〜600円"", ""600〜750円"", ""750〜900円"", ""900〜1050円"", ""1050〜1220円"", ""1220〜1410円"", ""1410〜1640円"", ""1640〜1890円"", ""1890〜2200円"", ""2200〜2560円"", ""2560〜3020円"", ""3020〜3580円"", ""3580〜4290円"", ""4290〜5220円"", ""5220〜6490円"", ""6490〜8310円"", ""8310〜11220円"", ""11220〜16240円"", ""16240〜28268円"", ""28268円〜""]","[8.7, 7.0, 6.5, 5.7, 5.5, 5.6, 5.8, 4.4, 4.2, 4.5, 4.6, 4.3, 4.2, 4.0, 3.6, 3.7, 3.3, 4.1, 4.4, 5.9]","[3.7, 2.0, 1.5, 0.7, 0.5, 0.6, 0.8, -0.6, -0.8, -0.5, -0.4, -0.7, -0.8, -1.0, -1.4, -1.3, -1.7, -0.9, -0.6, 0.9]"
20260831,11,4,1,48.0,"[[""1-3-2"", 0.1156], [""1-3-4"", 0.1187], [""1-3-6"", 0.0759], [""1-3-5"", 0.043]]",3,36.9,"[[""3-1-2"", 0.0365], [""3-1-4"", 0.0375], [""3-1-6"", 0.024], [""3-1-5"", 0.0136]]","[[""1-2-3"", 0.0677], [""1-4-3"", 0.0672], [""1-6-3"", 0.0404], [""1-2-4"", 0.0239]]",1-3,0.4978,False,True,0.8218,強,"{""逃げ"": 64.4, ""差し"": 10.9, ""まくり差し"": 9.7, ""まくり"": 9.0, ""抜き"": 5.2, ""恵まれ"": 0.8}","[""0〜600円"", ""600〜750円"", ""750〜900円"", ""900〜1050円"", ""1050〜1220円"", ""1220〜1410円"", ""1410〜1640円"", ""1640〜1890円"", ""1890〜2200円"", ""2200〜2560円"", ""2560〜3020円"", ""3020〜3580円"", ""3580〜4290円"", ""4290〜5220円"", ""5220〜6490円"", ""6490〜8310円"", ""8310〜11220円"", ""11220〜16240円"", ""16240〜28268円"", ""28268円〜""]","[8.7, 7.0, 6.5, 5.7, 5.5, 5.6, 5.8, 4.4, 4.2, 4.5, 4.6, 4.3, 4.2, 4.0, 3.6, 3.7, 3.3, 4.1, 4.4, 5.9]","[3.7, 2.0, 1.5, 0.7, 0.5, 0.6, 0.8, -0.6, -0.8, -0.5, -0.4, -0.7, -0.8, -1.0, -1.4, -1.3, -1.7, -0.9, -0.6, 0.9]"
20260831,11,5,1,62.6,"[[""1-3-4"", 0.1453], [""1-3-2"", 0.0899], [""1-3-5"", 0.0217], [""1-3-6"", 0.0194]]",3,30.4,"[[""3-1-4"", 0.0492], [""3-1-2"", 0.0304]]","[[""1-4-3"", 0.1187], [""1-2-3"", 0.059], [""1-4-2"", 0.0531], [""4-1-3"", 0.0385]]",1-3,0.4227,False,False,0.7866,強,"{""逃げ"": 64.4, ""差し"": 10.9, ""まくり差し"": 9.7, ""まくり"": 9.0, ""抜き"": 5.2, ""恵まれ"": 0.8}","[""0〜600円"", ""600〜750円"", ""750〜900円"", ""900〜1050円"", ""1050〜1220円"", ""1220〜1410円"", ""1410〜1640円"", ""1640〜1890円"", ""1890〜2200円"", ""2200〜2560円"", ""2560〜3020円"", ""3020〜3580円"", ""3580〜4290円"", ""4290〜5220円"", ""5220〜6490円"", ""6490〜8310円"", ""8310〜11220円"", ""11220〜16240円"", ""16240〜28268円"", ""28268円〜""]","[8.7, 7.0, 6.5, 5.7, 5.5, 5.6, 5.8, 4.4, 4.2, 4.5, 4.6, 4.3, 4.2, 4.0, 3.6, 3.7, 3.3, 4.1, 4.4, 5.9]","[3.7, 2.0, 1.5, 0.7, 0.5, 0.6, 0.8, -0.6, -0.8, -0.5, -0.4, -0.7, -0.8, -1.0, -1.4, -1.3, -1.7, -0.9, -0.6, 0.9]"
20260831,11,6,1,54.2,"[[""1-3-2"", 0.183], [""1-3-4"", 0.1239], [""1-3-6"", 0.0687], [""1-3-5"", 0.0285]]",3,33.3,"[[""3-1-2"", 0.1013], [""3-1-4"", 0.0686], [""3-1-6"", 0.038], [""3-1-5"", 0.0158]]","[[""1-2-3"", 0.0567], [""1-4-3"", 0.0359], [""2-1-3"", 0.0236], [""3-2-1"", 0.0162]]",1-3,0.6892,True,True,0.8218,中,"{""逃げ"": 51.2, ""まくり"": 14.7, ""まくり差し"": 14.2, ""差し"": 12.7, ""抜き"": 6.4, ""恵まれ"": 0.8}","[""0〜600円"", ""600〜750円"", ""750〜900円"", ""900〜1050円"", ""1050〜1220円"", ""1220〜1410円"", ""1410〜1640円"", ""1640〜1890円"", ""1890〜2200円"", ""2200〜2560円"", ""2560〜3020円"", ""3020〜3580円"", ""3580〜4290円"", ""4290〜5220円"", ""5220〜6490円"", ""6490〜8310円"", ""8310〜11220円"", ""11220〜16240円"", ""16240〜28268円"", ""28268円〜""]","[4.0, 4.3, 6.1, 4.7, 5.5, 5.0, 5.3, 4.4, 5.2, 5.2, 5.4, 5.9, 4.7, 4.6, 4.7, 5.2, 6.0, 4.7, 4.8, 4.3]","[-1.0, -0.7, 1.1, -0.3, 0.5, 0.0, 0.3, -0.6, 0.2, 0.2, 0.4, 0.9, -0.3, -0.4, -0.3, 0.2, 1.0, -0.3, -0.2, -0.7]"
20260831,11,7,1,54.9,"[[""1-2-3"", 0.1138], [""1-2-6"", 0.0917], [""1-2-5"", 0.0862], [""1-2-4"", 0.0104]]",2,37.2,"[[""2-1-3"", 0.0744], [""2-1-6"", 0.06], [""2-1-5"", 0.0564]]","[[""1-3-2"", 0.0527], [""1-6-2"", 0.0398], [""1-5-2"", 0.0372], [""3-1-2"", 0.0266]]",1-2,0.5405,True,True,0.8218,中,"{""逃げ"": 51.2, ""まくり"": 14.7, ""まくり差し"": 14.2, ""差し"": 12.7, ""抜き"": 6.4, ""恵まれ"": 0.8}","[""0〜600円"", ""600〜750円"", ""750〜900円"", ""900〜1050円"", ""1050〜1220円"", ""1220〜1410円"", ""1410〜1640円"", ""1640〜1890円"", ""1890〜2200円"", ""2200〜2560円"", ""2560〜3020円"", ""3020〜3580円"", ""3580〜4290円"", ""4290〜5220円"", ""5220〜6490円"", ""6490〜8310円"", ""8310〜11220円"", ""11220〜16240円"", ""16240〜28268円"", ""28268円〜""]","[4.0, 4.3, 6.1, 4.7, 5.5, 5.0, 5.3, 4.4, 5.2, 5.2, 5.4, 5.9, 4.7, 4.6, 4.7, 5.2, 6.0, 4.7, 4.8, 4.3]","[-1.0, -0.7, 1.1, -0.3, 0.5, 0.0, 0.3, -0.6, 0.2, 0.2, 0.4, 0.9, -0.3, -0.4, -0.3, 0.2, 1.0, -0.3, -0.2, -0.7]"
20260831,11,8,1,35.4,"[[""1-5-3"", 0.0591], [""1-3-5"", 0.051], [""1-5-2"", 0.063], [""1-2-5"", 0.0516], [""1-5-4"", 0.0456], [""1-3-2"", 0.0382], [""1-2-3"", 0.0363], [""1-4-5"", 0.0349], [""1-3-4"", 0.0277]]",5,27.5,"[[""5-1-3"", 0.0296], [""5-1-2"", 0.0315], [""5-1-4"", 0.0228]]","[[""3-1-5"", 0.0243], [""1-4-3"", 0.0245], [""2-1-5"", 0.0241], [""1-2-4"", 0.022]]",,,False,False,0.7866,中,"{""逃げ"": 51.2, ""まくり"": 14.7, ""まくり差し"": 14.2, ""差し"": 12.7, ""抜き"": 6.4, ""恵まれ"": 0.8}","[""0〜600円"", ""600〜750円"", ""750〜900円"", ""900〜1050円"", ""1050〜1220円"", ""1220〜1410円"", ""1410〜1640円"", ""1640〜1890円"", ""1890〜2200円"", ""2200〜2560円"", ""2560〜3020円"", ""3020〜3580円"", ""3580〜4290円"", ""4290〜5220円"", ""5220〜6490円"", ""6490〜8310円"", ""8310〜11220円"", ""11220〜16240円"", ""16240〜28268円"", ""28268円〜""]","[4.0, 4.3, 6.1, 4.7, 5.5, 5.0, 5.3, 4.4, 5.2, 5.2, 5.4, 5.9, 4.7, 4.6, 4.7, 5.2, 6.0, 4.7, 4.8, 4.3]","[-1.0, -0.7, 1.1, -0.3, 0.5, 0.0, 0.3, -0.6, 0.2, 0.2, 0.4, 0.9, -0.3, -0.4, -0.3, 0.2, 1.0, -0.3, -0.2, -0.7]"
20260831,11,9,1,44.1,"[[""1-4-3"", 0.0527], [""1-3-4"", 0.0513], [""1-4-2"", 0.0591], [""1-2-4"", 0.0553], [""1-3-2"", 0.0534], [""1-2-3"", 0.0514], [""1-4-6"", 0.0437], [""1-3-6"", 0.0395], [""1-6-4"", 0.0381]]",4,31.7,"[[""4-1-3"", 0.0171], [""4-1-2"", 0.0192], [""4-1-6"", 0.0142]]","[[""1-6-3"", 0.0353], [""1-2-6"", 0.0335], [""1-6-2"", 0.0312], [""1-4-5"", 0.0219]]",,,False,False,0.7866,強,"{""逃げ"": 64.4, ""差し"": 10.9, ""まくり差し"": 9.7, ""まくり"": 9.0, ""抜き"": 5.2, ""恵まれ"": 0.8}","[""0〜600円"", ""600〜750円"", ""750〜900円"", ""900〜1050円"", ""1050〜1220円"", ""1220〜1410円"", ""1410〜1640円"", ""1640〜1890円"", ""1890〜2200円"", ""2200〜2560円"", ""2560〜3020円"", ""3020〜3580円"", ""3580〜4290円"", ""4290〜5220円"", ""5220〜6490円"", ""6490〜8310円"", ""8310〜11220円"", ""11220〜16240円"", ""16240〜28268円"", ""28268円〜""]","[8.7, 7.0, 6.5, 5.7, 5.5, 5.6, 5.8, 4.4, 4.2, 4.5, 4.6, 4.3, 4.2, 4.0, 3.6, 3.7, 3.3, 4.1, 4.4, 5.9]","[3.7, 2.0, 1.5, 0.7, 0.5, 0.6, 0.8, -0.6, -0.8, -0.5, -0.4, -0.7, -0.8, -1.0, -1.4, -1.3, -1.7, -0.9, -0.6, 0.9]"
20260831,11,10,1,56.0,"[[""1-2-3"", 0.0861], [""1-3-2"", 0.0832], [""1-2-5"", 0.0622], [""1-3-5"", 0.0562], [""1-2-4"", 0.0405], [""1-3-4"", 0.0366]]",3,32.0,"[[""3-1-2"", 0.0354], [""3-1-5"", 0.0239], [""3-1-4"", 0.0155]]","[[""1-5-2"", 0.0505], [""1-5-3"", 0.0471], [""2-1-3"", 0.0369], [""1-4-2"", 0.0304]]",,,False,True,0.8218,強,"{""逃げ"": 64.4, ""差し"": 10.9, ""まくり差し"": 9.7, ""まくり"": 9.0, ""抜き"": 5.2, ""恵まれ"": 0.8}","[""0〜600円"", ""600〜750円"", ""750〜900円"", ""900〜1050円"", ""1050〜1220円"", ""1220〜1410円"", ""1410〜1640円"", ""1640〜1890円"", ""1890〜2200円"", ""2200〜2560円"", ""2560〜3020円"", ""3020〜3580円"", ""3580〜4290円"", ""4290〜5220円"", ""5220〜6490円"", ""6490〜8310円"", ""8310〜11220円"", ""11220〜16240円"", ""16240〜28268円"", ""28268円〜""]","[8.7, 7.0, 6.5, 5.7, 5.5, 5.6, 5.8, 4.4, 4.2, 4.5, 4.6, 4.3, 4.2, 4.0, 3.6, 3.7, 3.3, 4.1, 4.4, 5.9]","[3.7, 2.0, 1.5, 0.7, 0.5, 0.6, 0.8, -0.6, -0.8, -0.5, -0.4, -0.7, -0.8, -1.0, -1.4, -1.3, -1.7, -0.9, -0.6, 0.9]"
20260831,11,11,1,48.3,"[[""1-2-3"", 0.0752], [""1-3-2"", 0.0751], [""1-2-4"", 0.0775], [""1-3-4"", 0.0769], [""1-4-2"", 0.0728], [""1-4-3"", 0.0724], [""1-2-5"", 0.0385], [""1-3-5"", 0.0381], [""1-5-2"", 0.031]]",3,32.5,"[[""3-1-2"", 0.0184], [""3-1-4"", 0.0188]]","[[""1-5-3"", 0.0309], [""1-4-5"", 0.0304], [""1-5-4"", 0.0261], [""2-1-3"", 0.0184]]",,,False,True,0.8218,強,"{""逃げ"": 64.4, ""差し"": 10.9, ""まくり差し"": 9.7, ""まくり"": 9.0, ""抜き"": 5.2, ""恵まれ"": 0.8}","[""0〜600円"", ""600〜750円"", ""750〜900円"", ""900〜1050円"", ""1050〜1220円"", ""1220〜1410円"", ""1410〜1640円"", ""1640〜1890円"", ""1890〜2200円"", ""2200〜2560円"", ""2560〜3020円"", ""3020〜3580円"", ""3580〜4290円"", ""4290〜5220円"", ""5220〜6490円"", ""6490〜8310円"", ""8310〜11220円"", ""11220〜16240円"", ""16240〜28268円"", ""28268円〜""]","[8.7, 7.0, 6.5, 5.7, 5.5, 5.6, 5.8, 4.4, 4.2, 4.5, 4.6, 4.3, 4.2, 4.0, 3.6, 3.7, 3.3, 4.1, 4.4, 5.9]","[3.7, 2.0, 1.5, 0.7, 0.5, 0.6, 0.8, -0.6, -0.8, -0.5, -0.4, -0.7, -0.8, -1.0, -1.4, -1.3, -1.7, -0.9, -0.6, 0.9]"
20260831,11,12,1,44.8,"[[""1-3-2"", 0.0479], [""1-3-4"", 0.0569], [""1-2-3"", 0.0401], [""1-4-3"", 0.0472], [""1-2-4"", 0.0311], [""1-4-2"", 0.0309], [""1-3-6"", 0.0254], [""1-6-3"", 0.0181], [""1-3-5"", 0.0164]]",3,31.7,"[[""3-1-2"", 0.0341], [""3-1-4"", 0.0405], [""3-1-6"", 0.0181], [""3-1-5"", 0.0117]]","[[""2-1-3"", 0.0262], [""4-1-3"", 0.0308], [""3-2-1"", 0.0187], [""3-4-1"", 0.0221]]",,,False,True,0.8218,強,"{""逃げ"": 64.4, ""差し"": 10.9, ""まくり差し"": 9.7, ""まくり"": 9.0, ""抜き"": 5.2, ""恵まれ"": 0.8}","[""0〜600円"", ""600〜750円"", ""750〜900円"", ""900〜1050円"", ""1050〜1220円"", ""1220〜1410円"", ""1410〜1640円"", ""1640〜1890円"", ""1890〜2200円"", ""2200〜2560円"", ""2560〜3020円"", ""3020〜3580円"", ""3580〜4290円"", ""4290〜5220円"", ""5220〜6490円"", ""6490〜8310円"", ""8310〜11220円"", ""11220〜16240円"", ""16240〜28268円"", ""28268円〜""]","[8.7, 7.0, 6.5, 5.7, 5.5, 5.6, 5.8, 4.4, 4.2, 4.5, 4.6, 4.3, 4.2, 4.0, 3.6, 3.7, 3.3, 4.1, 4.4, 5.9]","[3.7, 2.0, 1.5, 0.7, 0.5, 0.6, 0.8, -0.6, -0.8, -0.5, -0.4, -0.7, -0.8, -1.0, -1.4, -1.3, -1.7, -0.9, -0.6, 0.9]"
20260831,16,1,1,55.4,"[[""1-2-3"", 0.1105], [""1-2-4"", 0.126], [""1-2-5"", 0.0856], [""1-2-6"", 0.0513]]",2,27.5,"[[""2-1-3"", 0.0263], [""2-1-4"", 0.03], [""2-1-5"", 0.0204], [""2-1-6"", 0.0122]]","[[""1-3-2"", 0.0657], [""1-4-2"", 0.074], [""1-5-2"", 0.0475], [""1-6-2"", 0.0271]]",1-2,0.4921,False,True,0.8218,強,"{""逃げ"": 68.1, ""まくり差し"": 10.3, ""差し"": 8.6, ""まくり"": 7.0, ""抜き"": 5.1, ""恵まれ"": 0.8}","[""0〜600円"", ""600〜750円"", ""750〜900円"", ""900〜1050円"", ""1050〜1220円"", ""1220〜1410円"", ""1410〜1640円"", ""1640〜1890円"", ""1890〜2200円"", ""2200〜2560円"", ""2560〜3020円"", ""3020〜3580円"", ""3580〜4290円"", ""4290〜5220円"", ""5220〜6490円"", ""6490〜8310円"", ""8310〜11220円"", ""11220〜16240円"", ""16240〜28268円"", ""28268円〜""]","[9.1, 7.4, 6.4, 6.1, 4.8, 6.3, 5.6, 4.3, 4.6, 5.1, 3.9, 3.6, 3.6, 3.8, 3.5, 3.5, 4.5, 4.0, 4.5, 5.4]","[4.1, 2.4, 1.4, 1.1, -0.2, 1.3, 0.6, -0.7, -0.4, 0.1, -1.1, -1.4, -1.4, -1.2, -1.5, -1.5, -0.5, -1.0, -0.5, 0.4]"
20260831,16,2,1,52.5,"[[""1-2-3"", 0.0935], [""1-2-4"", 0.0278], [""1-2-5"", 0.0204], [""1-2-6"", 0.0172]]",2,25.7,"[[""2-1-3"", 0.0739], [""2-1-4"", 0.022], [""2-1-5"", 0.0161], [""2-1-6"", 0.0136]]","[[""1-3-2"", 0.0811], [""3-1-2"", 0.06], [""2-3-1"", 0.0453], [""3-2-1"", 0.0424]]",1-2,0.3299,False,False,0.7866,弱,"{""逃げ"": 36.1, ""差し"": 20.2, ""まくり"": 19.4, ""まくり差し"": 15.5, ""抜き"": 7.8, ""恵まれ"": 1.0}","[""0〜600円"", ""600〜750円"", ""750〜900円"", ""900〜1050円"", ""1050〜1220円"", ""1220〜1410円"", ""1410〜1640円"", ""1640〜1890円"", ""1890〜2200円"", ""2200〜2560円"", ""2560〜3020円"", ""3020〜3580円"", ""3580〜4290円"", ""4290〜5220円"", ""5220〜6490円"", ""6490〜8310円"", ""8310〜11220円"", ""11220〜16240円"", ""16240〜28268円"", ""28268円〜""]","[0.7, 1.7, 2.5, 2.9, 4.0, 4.9, 5.1, 4.5, 5.5, 5.9, 5.3, 5.5, 6.4, 6.6, 7.3, 6.7, 6.4, 6.6, 6.8, 4.6]","[-4.3, -3.3, -2.5, -2.1, -1.0, -0.1, 0.1, -0.5, 0.5, 0.9, 0.3, 0.5, 1.4, 1.6, 2.3, 1.7, 1.4, 1.6, 1.8, -0.4]"
20260831,16,3,1,69.1,"[[""1-3-4"", 0.0625], [""1-3-2"", 0.0416], [""1-3-5"", 0.0273]]",3,22.1,"[[""3-1-4"", 0.0613], [""3-1-2"", 0.0408], [""3-1-5"", 0.0268]]","[[""1-4-3"", 0.0469], [""3-4-1"", 0.0449], [""4-1-3"", 0.0392], [""4-3-1"", 0.0383]]",1-3,0.2975,False,False,0.7866,弱,"{""逃げ"": 36.1, ""差し"": 20.2, ""まくり"": 19.4, ""まくり差し"": 15.5, ""抜き"": 7.8, ""恵まれ"": 1.0}","[""0〜600円"", ""600〜750円"", ""750〜900円"", ""900〜1050円"", ""1050〜1220円"", ""1220〜1410円"", ""1410〜1640円"", ""1640〜1890円"", ""1890〜2200円"", ""2200〜2560円"", ""2560〜3020円"", ""3020〜3580円"", ""3580〜4290円"", ""4290〜5220円"", ""5220〜6490円"", ""6490〜8310円"", ""8310〜11220円"", ""11220〜16240円"", ""16240〜28268円"", ""28268円〜""]","[0.7, 1.7, 2.5, 2.9, 4.0, 4.9, 5.1, 4.5, 5.5, 5.9, 5.3, 5.5, 6.4, 6.6, 7.3, 6.7, 6.4, 6.6, 6.8, 4.6]","[-4.3, -3.3, -2.5, -2.1, -1.0, -0.1, 0.1, -0.5, 0.5, 0.9, 0.3, 0.5, 1.4, 1.6, 2.3, 1.7, 1.4, 1.6, 1.8, -0.4]"
20260831,16,4,1,53.4,"[[""1-3-5"", 0.0798], [""1-3-2"", 0.0972], [""1-3-4"", 0.0646], [""1-3-6"", 0.0104]]",3,37.0,"[[""3-1-5"", 0.0319], [""3-1-2"", 0.0388], [""3-1-4"", 0.0258]]","[[""1-5-3"", 0.0595], [""1-2-3"", 0.0716], [""1-4-3"", 0.0437], [""1-5-2"", 0.0377]]",1-3,0.3829,False,False,0.7866,強,"{""逃げ"": 68.1, ""まくり差し"": 10.3, ""差し"": 8.6, ""まくり"": 7.0, ""抜き"": 5.1, ""恵まれ"": 0.8}","[""0〜600円"", ""600〜750円"", ""750〜900円"", ""900〜1050円"", ""1050〜1220円"", ""1220〜1410円"", ""1410〜1640円"", ""1640〜1890円"", ""1890〜2200円"", ""2200〜2560円"", ""2560〜3020円"", ""3020〜3580円"", ""3580〜4290円"", ""4290〜5220円"", ""5220〜6490円"", ""6490〜8310円"", ""8310〜11220円"", ""11220〜16240円"", ""16240〜28268円"", ""28268円〜""]","[9.1, 7.4, 6.4, 6.1, 4.8, 6.3, 5.6, 4.3, 4.6, 5.1, 3.9, 3.6, 3.6, 3.8, 3.5, 3.5, 4.5, 4.0, 4.5, 5.4]","[4.1, 2.4, 1.4, 1.1, -0.2, 1.3, 0.6, -0.7, -0.4, 0.1, -1.1, -1.4, -1.4, -1.2, -1.5, -1.5, -0.5, -1.0, -0.5, 0.4]"
20260831,16,5,1,60.3,"[[""1-2-4"", 0.0689], [""1-4-2"", 0.0656], [""1-2-6"", 0.0652], [""1-6-2"", 0.0566], [""1-4-6"", 0.0551], [""1-6-4"", 0.0502], [""1-2-5"", 0.0409], [""1-4-5"", 0.0346], [""1-5-2"", 0.0324]]",2,30.6,"[[""2-1-4"", 0.0228], [""2-1-6"", 0.0216], [""2-1-5"", 0.0136]]","[[""1-5-4"", 0.0287], [""4-1-2"", 0.0215], [""1-2-3"", 0.0242], [""1-6-5"", 0.0235]]",,,False,False,0.7866,強,"{""逃げ"": 68.1, ""まくり差し"": 10.3, ""差し"": 8.6, ""まくり"": 7.0, ""抜き"": 5.1, ""恵まれ"": 0.8}","[""0〜600円"", ""600〜750円"", ""750〜900円"", ""900〜1050円"", ""1050〜1220円"", ""1220〜1410円"", ""1410〜1640円"", ""1640〜1890円"", ""1890〜2200円"", ""2200〜2560円"", ""2560〜3020円"", ""3020〜3580円"", ""3580〜4290円"", ""4290〜5220円"", ""5220〜6490円"", ""6490〜8310円"", ""8310〜11220円"", ""11220〜16240円"", ""16240〜28268円"", ""28268円〜""]","[9.1, 7.4, 6.4, 6.1, 4.8, 6.3, 5.6, 4.3, 4.6, 5.1, 3.9, 3.6, 3.6, 3.8, 3.5, 3.5, 4.5, 4.0, 4.5, 5.4]","[4.1, 2.4, 1.4, 1.1, -0.2, 1.3, 0.6, -0.7, -0.4, 0.1, -1.1, -1.4, -1.4, -1.2, -1.5, -1.5, -0.5, -1.0, -0.5, 0.4]"
20260831,16,6,1,,"[[""1-2-4"", 0.0535], [""1-2-3"", 0.0462]]",2,43.2,"[[""2-1-4"", 0.053], [""2-1-3"", 0.0457]]","[[""1-4-2"", 0.0449], [""2-4-1"", 0.0439], [""4-1-2"", 0.0402], [""4-2-1"", 0.0396]]",1-2,0.2521,False,False,0.7866,中,"{""逃げ"": 51.9, ""まくり差し"": 15.2, ""差し"": 13.4, ""まくり"": 12.1, ""抜き"": 7.0, ""恵まれ"": 0.5}","[""0〜600円"", ""600〜750円"", ""750〜900円"", ""900〜1050円"", ""1050〜1220円"", ""1220〜1410円"", ""1410〜1640円"", ""1640〜1890円"", ""1890〜2200円"", ""2200〜2560円"", ""2560〜3020円"", ""3020〜3580円"", ""3580〜4290円"", ""4290〜5220円"", ""5220〜6490円"", ""6490〜8310円"", ""8310〜11220円"", ""11220〜16240円"", ""16240〜28268円"", ""28268円〜""]","[4.0, 5.1, 5.7, 4.8, 5.0, 5.0, 5.2, 4.8, 4.7, 5.5, 4.4, 5.2, 5.0, 4.8, 5.0, 5.5, 5.3, 4.9, 4.7, 5.5]","[-1.0, 0.1, 0.7, -0.2, 0.0, -0.0, 0.2, -0.2, -0.3, 0.5, -0.6, 0.2, -0.0, -0.2, 0.0, 0.5, 0.3, -0.1, -0.3, 0.5]"
20260831,16,7,1,58.3,"[[""1-4-3"", 0.0649], [""1-4-5"", 0.0805], [""1-4-2"", 0.0731], [""1-3-4"", 0.0504], [""1-5-4"", 0.0621], [""1-2-4"", 0.0553], [""1-4-6"", 0.0344], [""1-3-5"", 0.0322], [""1-5-3"", 0.032]]",2,60.6,"[[""2-1-4"", 0.0158]]","[[""1-3-2"", 0.0292], [""1-2-3"", 0.0285], [""1-5-2"", 0.0283], [""1-2-5"", 0.0278]]",,,False,False,0.7866,中,"{""逃げ"": 51.9, ""まくり差し"": 15.2, ""差し"": 13.4, ""まくり"": 12.1, ""抜き"": 7.0, ""恵まれ"": 0.5}","[""0〜600円"", ""600〜750円"", ""750〜900円"", ""900〜1050円"", ""1050〜1220円"", ""1220〜1410円"", ""1410〜1640円"", ""1640〜1890円"", ""1890〜2200円"", ""2200〜2560円"", ""2560〜3020円"", ""3020〜3580円"", ""3580〜4290円"", ""4290〜5220円"", ""5220〜6490円"", ""6490〜8310円"", ""8310〜11220円"", ""11220〜16240円"", ""16240〜28268円"", ""28268円〜""]","[4.0, 5.1, 5.7, 4.8, 5.0, 5.0, 5.2, 4.8, 4.7, 5.5, 4.4, 5.2, 5.0, 4.8, 5.0, 5.5, 5.3, 4.9, 4.7, 5.5]","[-1.0, 0.1, 0.7, -0.2, 0.0, -0.0, 0.2, -0.2, -0.3, 0.5, -0.6, 0.2, -0.0, -0.2, 0.0, 0.5, 0.3, -0.1, -0.3, 0.5]"
20260831,16,8,1,55.6,"[[""1-5-3"", 0.041], [""1-3-5"", 0.0382], [""1-5-2"", 0.0319], [""1-5-6"", 0.0261], [""1-2-5"", 0.0261], [""1-5-4"", 0.0261], [""1-3-2"", 0.0249], [""1-2-3"", 0.0219], [""1-6-5"", 0.0207]]",3,27.5,"[[""3-1-5"", 0.0254], [""3-1-2"", 0.0166], [""3-1-6"", 0.0136], [""3-1-4"", 0.0135]]","[[""5-1-3"", 0.0281], [""5-1-2"", 0.0219], [""1-4-5"", 0.0206], [""5-3-1"", 0.0162]]",,,False,False,0.7866,中,"{""逃げ"": 51.9, ""まくり差し"": 15.2, ""差し"": 13.4, ""まくり"": 12.1, ""抜き"": 7.0, ""恵まれ"": 0.5}","[""0〜600円"", ""600〜750円"", ""750〜900円"", ""900〜1050円"", ""1050〜1220円"", ""1220〜1410円"", ""1410〜1640円"", ""1640〜1890円"", ""1890〜2200円"", ""2200〜2560円"", ""2560〜3020円"", ""3020〜3580円"", ""3580〜4290円"", ""4290〜5220円"", ""5220〜6490円"", ""6490〜8310円"", ""8310〜11220円"", ""11220〜16240円"", ""16240〜28268円"", ""28268円〜""]","[4.0, 5.1, 5.7, 4.8, 5.0, 5.0, 5.2, 4.8, 4.7, 5.5, 4.4, 5.2, 5.0, 4.8, 5.0, 5.5, 5.3, 4.9, 4.7, 5.5]","[-1.0, 0.1, 0.7, -0.2, 0.0, -0.0, 0.2, -0.2, -0.3, 0.5, -0.6, 0.2, -0.0, -0.2, 0.0, 0.5, 0.3, -0.1, -0.3, 0.5]"
20260831,16,9,1,55.1,"[[""1-3-6"", 0.094], [""1-3-2"", 0.0382], [""1-3-4"", 0.0259]]",3,21.1,"[[""3-1-6"", 0.0734], [""3-1-2"", 0.0298], [""3-1-4"", 0.0202]]","[[""1-6-3"", 0.0773], [""6-1-3"", 0.0552], [""3-6-1"", 0.0423], [""6-3-1"", 0.0387]]",1-3,0.3438,False,False,0.7866,中,"{""逃げ"": 51.9, ""まくり差し"": 15.2, ""差し"": 13.4, ""まくり"": 12.1, ""抜き"": 7.0, ""恵まれ"": 0.5}","[""0〜600円"", ""600〜750円"", ""750〜900円"", ""900〜1050円"", ""1050〜1220円"", ""1220〜1410円"", ""1410〜1640円"", ""1640〜1890円"", ""1890〜2200円"", ""2200〜2560円"", ""2560〜3020円"", ""3020〜3580円"", ""3580〜4290円"", ""4290〜5220円"", ""5220〜6490円"", ""6490〜8310円"", ""8310〜11220円"", ""11220〜16240円"", ""16240〜28268円"", ""28268円〜""]","[4.0, 5.1, 5.7, 4.8, 5.0, 5.0, 5.2, 4.8, 4.7, 5.5, 4.4, 5.2, 5.0, 4.8, 5.0, 5.5, 5.3, 4.9, 4.7, 5.5]","[-1.0, 0.1, 0.7, -0.2, 0.0, -0.0, 0.2, -0.2, -0.3, 0.5, -0.6, 0.2, -0.0, -0.2, 0.0, 0.5, 0.3, -0.1, -0.3, 0.5]"
20260831,16,10,1,50.6,"[[""1-3-5"", 0.0611], [""1-5-3"", 0.0584], [""1-3-2"", 0.0617], [""1-2-3"", 0.0552], [""1-5-2"", 0.0526], [""1-3-4"", 0.0495], [""1-2-5"", 0.0491], [""1-5-4"", 0.0422], [""1-4-3"", 0.0422]]",3,21.6,"[[""3-1-5"", 0.0166], [""3-1-2"", 0.0168], [""3-1-4"", 0.0135]]","[[""1-4-5"", 0.0375], [""1-2-4"", 0.0313], [""1-4-2"", 0.0298], [""1-3-6"", 0.0266]]",,,False,False,0.7866,強,"{""逃げ"": 68.1, ""まくり差し"": 10.3, ""差し"": 8.6, ""まくり"": 7.0, ""抜き"": 5.1, ""恵まれ"": 0.8}","[""0〜600円"", ""600〜750円"", ""750〜900円"", ""900〜1050円"", ""1050〜1220円"", ""1220〜1410円"", ""1410〜1640円"", ""1640〜1890円"", ""1890〜2200円"", ""2200〜2560円"", ""2560〜3020円"", ""3020〜3580円"", ""3580〜4290円"", ""4290〜5220円"", ""5220〜6490円"", ""6490〜8310円"", ""8310〜11220円"", ""11220〜16240円"", ""16240〜28268円"", ""28268円〜""]","[9.1, 7.4, 6.4, 6.1, 4.8, 6.3, 5.6, 4.3, 4.6, 5.1, 3.9, 3.6, 3.6, 3.8, 3.5, 3.5, 4.5, 4.0, 4.5, 5.4]","[4.1, 2.4, 1.4, 1.1, -0.2, 1.3, 0.6, -0.7, -0.4, 0.1, -1.1, -1.4, -1.4, -1.2, -1.5, -1.5, -0.5, -1.0, -0.5, 0.4]"
20260831,16,11,1,60.0,"[[""1-2-4"", 0.0528], [""1-4-2"", 0.0526], [""1-2-3"", 0.0508], [""1-4-3"", 0.0503], [""1-2-5"", 0.0485], [""1-4-5"", 0.048], [""1-3-2"", 0.0469], [""1-3-4"", 0.0466], [""1-5-2"", 0.0442]]",4,37.0,"[[""4-1-2"", 0.0232], [""4-1-3"", 0.0222], [""4-1-5"", 0.0212]]","[[""1-5-4"", 0.0439], [""1-3-5"", 0.0352], [""1-5-3"", 0.0347], [""2-1-4"", 0.0233]]",,,False,True,0.8218,強,"{""逃げ"": 68.1, ""まくり差し"": 10.3, ""差し"": 8.6, ""まくり"": 7.0, ""抜き"": 5.1, ""恵まれ"": 0.8}","[""0〜600円"", ""600〜750円"", ""750〜900円"", ""900〜1050円"", ""1050〜1220円"", ""1220〜1410円"", ""1410〜1640円"", ""1640〜1890円"", ""1890〜2200円"", ""2200〜2560円"", ""2560〜3020円"", ""3020〜3580円"", ""3580〜4290円"", ""4290〜5220円"", ""5220〜6490円"", ""6490〜8310円"", ""8310〜11220円"", ""11220〜16240円"", ""16240〜28268円"", ""28268円〜""]","[9.1, 7.4, 6.4, 6.1, 4.8, 6.3, 5.6, 4.3, 4.6, 5.1, 3.9, 3.6, 3.6, 3.8, 3.5, 3.5, 4.5, 4.0, 4.5, 5.4]","[4.1, 2.4, 1.4, 1.1, -0.2, 1.3, 0.6, -0.7, -0.4, 0.1, -1.1, -1.4, -1.4, -1.2, -1.5, -1.5, -0.5, -1.0, -0.5, 0.4]"
20260831,16,12,1,57.1,"[[""1-3-2"", 0.0909], [""1-2-3"", 0.0876], [""1-3-4"", 0.0641], [""1-2-4"", 0.0574], [""1-3-5"", 0.0347], [""1-2-5"", 0.031], [""1-3-6"", 0.0196], [""1-2-6"", 0.0176]]",3,43.2,"[[""3-1-2"", 0.0339], [""3-1-4"", 0.0239], [""3-1-5"", 0.0129]]","[[""1-4-3"", 0.0517], [""1-4-2"", 0.048], [""2-1-3"", 0.0324], [""1-5-3"", 0.0253]]",,,False,True,0.8218,強,"{""逃げ"": 68.1, ""まくり差し"": 10.3, ""差し"": 8.6, ""まくり"": 7.0, ""抜き"": 5.1, ""恵まれ"": 0.8}","[""0〜600円"", ""600〜750円"", ""750〜900円"", ""900〜1050円"", ""1050〜1220円"", ""1220〜1410円"", ""1410〜1640円"", ""1640〜1890円"", ""1890〜2200円"", ""2200〜2560円"", ""2560〜3020円"", ""3020〜3580円"", ""3580〜4290円"", ""4290〜5220円"", ""5220〜6490円"", ""6490〜8310円"", ""8310〜11220円"", ""11220〜16240円"", ""16240〜28268円"", ""28268円〜""]","[9.1, 7.4, 6.4, 6.1, 4.8, 6.3, 5.6, 4.3, 4.6, 5.1, 3.9, 3.6, 3.6, 3.8, 3.5, 3.5, 4.5, 4.0, 4.5, 5.4]","[4.1, 2.4, 1.4, 1.1, -0.2, 1.3, 0.6, -0.7, -0.4, 0.1, -1.1, -1.4, -1.4, -1.2, -1.5, -1.5, -0.5, -1.0, -0.5, 0.4]"
20260831,18,1,1,60.7,"[[""1-4-2"", 0.0704], [""1-2-4"", 0.0671], [""1-4-5"", 0.0706], [""1-4-3"", 0.066], [""1-5-4"", 0.0627], [""1-2-5"", 0.0597], [""1-3-4"", 0.0576], [""1-2-3"", 0.0559], [""1-5-2"", 0.0556]]",4,29.7,"[[""4-1-2"", 0.0147], [""4-1-5"", 0.0147], [""4-1-3"", 0.0138]]","[[""1-3-2"", 0.0511], [""1-5-3"", 0.041], [""1-3-5"", 0.0403], [""2-1-4"", 0.0139]]",,,False,False,0.7866,強,"{""逃げ"": 73.1, ""差し"": 9.0, ""まくり"": 7.0, ""まくり差し"": 5.5, ""抜き"": 5.2, ""恵まれ"": 0.2}","[""0〜600円"", ""600〜750円"", ""750〜900円"", ""900〜1050円"", ""1050〜1220円"", ""1220〜1410円"", ""1410〜1640円"", ""1640〜1890円"", ""1890〜2200円"", ""2200〜2560円"", ""2560〜3020円"", ""3020〜3580円"", ""3580〜4290円"", ""4290〜5220円"", ""5220〜6490円"", ""6490〜8310円"", ""8310〜11220円"", ""11220〜16240円"", ""16240〜28268円"", ""28268円〜""]","[13.8, 10.4, 7.2, 6.1, 5.8, 5.8, 4.6, 4.1, 4.3, 3.9, 4.5, 3.1, 3.2, 2.8, 2.7, 3.1, 2.5, 3.5, 3.2, 5.3]","[8.8, 5.4, 2.2, 1.1, 0.8, 0.8, -0.4, -0.9, -0.7, -1.1, -0.5, -1.9, -1.8, -2.2, -2.3, -1.9, -2.5, -1.5, -1.8, 0.3]"
20260831,18,2,1,38.2,"[[""1-4-3"", 0.0838], [""1-3-4"", 0.0798], [""1-4-2"", 0.08], [""1-2-4"", 0.0689], [""1-3-2"", 0.0686], [""1-2-3"", 0.062], [""1-4-6"", 0.0273], [""1-3-6"", 0.0234], [""1-4-5"", 0.0233]]",3,27.1,"[[""3-1-4"", 0.0252], [""3-1-2"", 0.0216]]","[[""4-1-3"", 0.0267], [""4-1-2"", 0.0255], [""2-1-4"", 0.0212], [""1-3-5"", 0.0199]]",,,False,False,0.7866,強,"{""逃げ"": 73.1, ""差し"": 9.0, ""まくり"": 7.0, ""まくり差し"": 5.5, ""抜き"": 5.2, ""恵まれ"": 0.2}","[""0〜600円"", ""600〜750円"", ""750〜900円"", ""900〜1050円"", ""1050〜1220円"", ""1220〜1410円"", ""1410〜1640円"", ""1640〜1890円"", ""1890〜2200円"", ""2200〜2560円"", ""2560〜3020円"", ""3020〜3580円"", ""3580〜4290円"", ""4290〜5220円"", ""5220〜6490円"", ""6490〜8310円"", ""8310〜11220円"", ""11220〜16240円"", ""16240〜28268円"", ""28268円〜""]","[13.8, 10.4, 7.2, 6.1, 5.8, 5.8, 4.6, 4.1, 4.3, 3.9, 4.5, 3.1, 3.2, 2.8, 2.7, 3.1, 2.5, 3.5, 3.2, 5.3]","[8.8, 5.4, 2.2, 1.1, 0.8, 0.8, -0.4, -0.9, -0.7, -1.1, -0.5, -1.9, -1.8, -2.2, -2.3, -1.9, -2.5, -1.5, -1.8, 0.3]"
20260831,18,3,1,47.7,"[[""1-3-5"", 0.0785], [""1-3-2"", 0.0845], [""1-3-4"", 0.068], [""1-3-6"", 0.0113]]",3,30.2,"[[""3-1-5"", 0.0419], [""3-1-2"", 0.045], [""3-1-4"", 0.0363]]","[[""1-5-3"", 0.0532], [""1-2-3"", 0.0551], [""1-4-3"", 0.0426], [""5-1-3"", 0.0249]]",1-3,0.4042,False,False,0.7866,中,"{""逃げ"": 60.4, ""差し"": 11.3, ""まくり差し"": 10.4, ""まくり"": 11.1, ""抜き"": 6.2, ""恵まれ"": 0.6}","[""0〜600円"", ""600〜750円"", ""750〜900円"", ""900〜1050円"", ""1050〜1220円"", ""1220〜1410円"", ""1410〜1640円"", ""1640〜1890円"", ""1890〜2200円"", ""2200〜2560円"", ""2560〜3020円"", ""3020〜3580円"", ""3580〜4290円"", ""4290〜5220円"", ""5220〜6490円"", ""6490〜8310円"", ""8310〜11220円"", ""11220〜16240円"", ""16240〜28268円"", ""28268円〜""]","[6.3, 7.0, 6.3, 6.0, 5.7, 5.2, 5.2, 5.5, 4.4, 4.2, 4.4, 4.1, 4.2, 4.4, 4.3, 4.6, 5.1, 3.8, 4.6, 4.5]","[1.3, 2.0, 1.3, 1.0, 0.7, 0.2, 0.2, 0.5, -0.6, -0.8, -0.6, -0.9, -0.8, -0.6, -0.7, -0.4, 0.1, -1.2, -0.4, -0.5]"
20260831,18,4,1,55.6,"[[""1-2-4"", 0.1233], [""1-2-5"", 0.0997], [""1-2-3"", 0.0996], [""1-2-6"", 0.0385]]",2,25.5,"[[""2-1-4"", 0.0297], [""2-1-5"", 0.024], [""2-1-3"", 0.024]]","[[""1-4-2"", 0.0764], [""1-5-2"", 0.0567], [""1-3-2"", 0.0567], [""1-4-5"", 0.0243]]",1-2,0.4897,False,False,0.7866,強,"{""逃げ"": 73.1, ""差し"": 9.0, ""まくり"": 7.0, ""まくり差し"": 5.5, ""抜き"": 5.2, ""恵まれ"": 0.2}","[""0〜600円"", ""600〜750円"", ""750〜900円"", ""900〜1050円"", ""1050〜1220円"", ""1220〜1410円"", ""1410〜1640円"", ""1640〜1890円"", ""1890〜2200円"", ""2200〜2560円"", ""2560〜3020円"", ""3020〜3580円"", ""3580〜4290円"", ""4290〜5220円"", ""5220〜6490円"", ""6490〜8310円"", ""8310〜11220円"", ""11220〜16240円"", ""16240〜28268円"", ""28268円〜""]","[13.8, 10.4, 7.2, 6.1, 5.8, 5.8, 4.6, 4.1, 4.3, 3.9, 4.5, 3.1, 3.2, 2.8, 2.7, 3.1, 2.5, 3.5, 3.2, 5.3]","[8.8, 5.4, 2.2, 1.1, 0.8, 0.8, -0.4, -0.9, -0.7, -1.1, -0.5, -1.9, -1.8, -2.2, -2.3, -1.9, -2.5, -1.5, -1.8, 0.3]"
20260831,18,5,2,63.2,"[[""2-1-4"", 0.0323], [""2-4-1"", 0.0298], [""2-1-3"", 0.0243], [""2-1-5"", 0.0207], [""2-3-1"", 0.0191], [""2-4-3"", 0.0187], [""2-3-4"", 0.016], [""2-4-5"", 0.016], [""2-5-1"", 0.0158]]",1,37.9,"[[""1-2-4"", 0.0319], [""1-4-2"", 0.0289], [""1-2-3"", 0.024], [""1-2-5"", 0.0204], [""1-3-2"", 0.0186], [""1-4-3"", 0.0175]]","[[""4-2-1"", 0.0278], [""4-1-2"", 0.0274], [""4-2-3"", 0.0175], [""4-1-3"", 0.0166]]",,,False,False,0.7866,強,"{""逃げ"": 73.1, ""差し"": 9.0, ""まくり"": 7.0, ""まくり差し"": 5.5, ""抜き"": 5.2, ""恵まれ"": 0.2}","[""0〜600円"", ""600〜750円"", ""750〜900円"", ""900〜1050円"", ""1050〜1220円"", ""1220〜1410円"", ""1410〜1640円"", ""1640〜1890円"", ""1890〜2200円"", ""2200〜2560円"", ""2560〜3020円"", ""3020〜3580円"", ""3580〜4290円"", ""4290〜5220円"", ""5220〜6490円"", ""6490〜8310円"", ""8310〜11220円"", ""11220〜16240円"", ""16240〜28268円"", ""28268円〜""]","[13.8, 10.4, 7.2, 6.1, 5.8, 5.8, 4.6, 4.1, 4.3, 3.9, 4.5, 3.1, 3.2, 2.8, 2.7, 3.1, 2.5, 3.5, 3.2, 5.3]","[8.8, 5.4, 2.2, 1.1, 0.8, 0.8, -0.4, -0.9, -0.7, -1.1, -0.5, -1.9, -1.8, -2.2, -2.3, -1.9, -2.5, -1.5, -1.8, 0.3]"
20260831,18,6,2,50.5,"[[""2-1-4"", 0.0445], [""2-4-1"", 0.044], [""2-1-3"", 0.0346], [""2-4-3"", 0.0334], [""2-3-1"", 0.0293], [""2-3-4"", 0.0286], [""2-1-6"", 0.0219], [""2-4-6"", 0.0212], [""2-6-1"", 0.0172]]",1,32.5,"[[""1-2-4"", 0.0315], [""1-2-3"", 0.0245], [""1-2-6"", 0.0155], [""1-2-5"", 0.0116]]","[[""4-2-1"", 0.031], [""1-4-2"", 0.0196], [""4-1-2"", 0.0195], [""4-2-3"", 0.0235]]",,,False,False,0.7866,強,"{""逃げ"": 73.1, ""差し"": 9.0, ""まくり"": 7.0, ""まくり差し"": 5.5, ""抜き"": 5.2, ""恵まれ"": 0.2}","[""0〜600円"", ""600〜750円"", ""750〜900円"", ""900〜1050円"", ""1050〜1220円"", ""1220〜1410円"", ""1410〜1640円"", ""1640〜1890円"", ""1890〜2200円"", ""2200〜2560円"", ""2560〜3020円"", ""3020〜3580円"", ""3580〜4290円"", ""4290〜5220円"", ""5220〜6490円"", ""6490〜8310円"", ""8310〜11220円"", ""11220〜16240円"", ""16240〜28268円"", ""28268円〜""]","[13.8, 10.4, 7.2, 6.1, 5.8, 5.8, 4.6, 4.1, 4.3, 3.9, 4.5, 3.1, 3.2, 2.8, 2.7, 3.1, 2.5, 3.5, 3.2, 5.3]","[8.8, 5.4, 2.2, 1.1, 0.8, 0.8, -0.4, -0.9, -0.7, -1.1, -0.5, -1.9, -1.8, -2.2, -2.3, -1.9, -2.5, -1.5, -1.8, 0.3]"
20260831,18,7,1,47.4,"[[""1-2-6"", 0.0683], [""1-2-3"", 0.0772], [""1-2-5"", 0.0692], [""1-2-4"", 0.0247]]",2,16.4,"[[""2-1-6"", 0.045], [""2-1-3"", 0.0509], [""2-1-5"", 0.0456], [""2-1-4"", 0.0163]]","[[""1-6-2"", 0.0402], [""1-3-2"", 0.0444], [""1-5-2"", 0.0391], [""6-1-2"", 0.0216]]",1-2,0.4281,False,False,0.7866,中,"{""逃げ"": 60.4, ""差し"": 11.3, ""まくり差し"": 10.4, ""まくり"": 11.1, ""抜き"": 6.2, ""恵まれ"": 0.6}","[""0〜600円"", ""600〜750円"", ""750〜900円"", ""900〜1050円"", ""1050〜1220円"", ""1220〜1410円"", ""1410〜1640円"", ""1640〜1890円"", ""1890〜2200円"", ""2200〜2560円"", ""2560〜3020円"", ""3020〜3580円"", ""3580〜4290円"", ""4290〜5220円"", ""5220〜6490円"", ""6490〜8310円"", ""8310〜11220円"", ""11220〜16240円"", ""16240〜28268円"", ""28268円〜""]","[6.3, 7.0, 6.3, 6.0, 5.7, 5.2, 5.2, 5.5, 4.4, 4.2, 4.4, 4.1, 4.2, 4.4, 4.3, 4.6, 5.1, 3.8, 4.6, 4.5]","[1.3, 2.0, 1.3, 1.0, 0.7, 0.2, 0.2, 0.5, -0.6, -0.8, -0.6, -0.9, -0.8, -0.6, -0.7, -0.4, 0.1, -1.2, -0.4, -0.5]"
20260831,18,8,2,59.9,"[[""2-1-4"", 0.063], [""2-1-5"", 0.053], [""2-1-3"", 0.042], [""2-1-6"", 0.0124]]",1,42.0,"[[""1-2-4"", 0.0549], [""1-2-5"", 0.0462], [""1-2-3"", 0.0366], [""1-2-6"", 0.0108]]","[[""2-4-1"", 0.0417], [""1-4-2"", 0.0305], [""4-2-1"", 0.0295], [""2-5-1"", 0.032]]",1-2,0.3509,False,False,0.7866,強,"{""逃げ"": 73.1, ""差し"": 9.0, ""まくり"": 7.0, ""まくり差し"": 5.5, ""抜き"": 5.2, ""恵まれ"": 0.2}","[""0〜600円"", ""600〜750円"", ""750〜900円"", ""900〜1050円"", ""1050〜1220円"", ""1220〜1410円"", ""1410〜1640円"", ""1640〜1890円"", ""1890〜2200円"", ""2200〜2560円"", ""2560〜3020円"", ""3020〜3580円"", ""3580〜4290円"", ""4290〜5220円"", ""5220〜6490円"", ""6490〜8310円"", ""8310〜11220円"", ""11220〜16240円"", ""16240〜28268円"", ""28268円〜""]","[13.8, 10.4, 7.2, 6.1, 5.8, 5.8, 4.6, 4.1, 4.3, 3.9, 4.5, 3.1, 3.2, 2.8, 2.7, 3.1, 2.5, 3.5, 3.2, 5.3]","[8.8, 5.4, 2.2, 1.1, 0.8, 0.8, -0.4, -0.9, -0.7, -1.1, -0.5, -1.9, -1.8, -2.2, -2.3, -1.9, -2.5, -1.5, -1.8, 0.3]"
20260831,18,9,1,42.3,"[[""1-3-2"", 0.0865], [""1-2-3"", 0.0691], [""1-3-5"", 0.0733], [""1-3-4"", 0.0576], [""1-5-3"", 0.0534], [""1-4-3"", 0.0402], [""1-2-5"", 0.0361], [""1-5-2"", 0.0329], [""1-2-4"", 0.0284]]",3,27.3,"[[""3-1-2"", 0.0339], [""3-1-5"", 0.0288], [""3-1-4"", 0.0226]]","[[""2-1-3"", 0.0256], [""1-3-6"", 0.0249], [""1-4-2"", 0.0248], [""5-1-3"", 0.0192]]",,,False,True,0.8218,強,"{""逃げ"": 73.1, ""差し"": 9.0, ""まくり"": 7.0, ""まくり差し"": 5.5, ""抜き"": 5.2, ""恵まれ"": 0.2}","[""0〜600円"", ""600〜750円"", ""750〜900円"", ""900〜1050円"", ""1050〜1220円"", ""1220〜1410円"", ""1410〜1640円"", ""1640〜1890円"", ""1890〜2200円"", ""2200〜2560円"", ""2560〜3020円"", ""3020〜3580円"", ""3580〜4290円"", ""4290〜5220円"", ""5220〜6490円"", ""6490〜8310円"", ""8310〜11220円"", ""11220〜16240円"", ""16240〜28268円"", ""28268円〜""]","[13.8, 10.4, 7.2, 6.1, 5.8, 5.8, 4.6, 4.1, 4.3, 3.9, 4.5, 3.1, 3.2, 2.8, 2.7, 3.1, 2.5, 3.5, 3.2, 5.3]","[8.8, 5.4, 2.2, 1.1, 0.8, 0.8, -0.4, -0.9, -0.7, -1.1, -0.5, -1.9, -1.8, -2.2, -2.3, -1.9, -2.5, -1.5, -1.8, 0.3]"
20260831,18,10,1,38.6,"[[""1-2-3"", 0.0537], [""1-3-2"", 0.0537], [""1-2-4"", 0.0203], [""1-3-4"", 0.0202], [""1-2-6"", 0.0131], [""1-3-6"", 0.013]]",3,34.7,"[[""3-1-2"", 0.0534], [""3-2-1"", 0.0531], [""3-1-4"", 0.0201], [""3-2-4"", 0.0198], [""3-1-6"", 0.013], [""3-2-6"", 0.0128]]","[[""2-1-3"", 0.0535], [""2-3-1"", 0.0531], [""2-1-4"", 0.0202], [""2-3-4"", 0.0198]]",,,False,True,0.8218,弱,"{""逃げ"": 41.4, ""差し"": 19.5, ""まくり"": 18.0, ""まくり差し"": 10.8, ""抜き"": 9.5, ""恵まれ"": 0.8}","[""0〜600円"", ""600〜750円"", ""750〜900円"", ""900〜1050円"", ""1050〜1220円"", ""1220〜1410円"", ""1410〜1640円"", ""1640〜1890円"", ""1890〜2200円"", ""2200〜2560円"", ""2560〜3020円"", ""3020〜3580円"", ""3580〜4290円"", ""4290〜5220円"", ""5220〜6490円"", ""6490〜8310円"", ""8310〜11220円"", ""11220〜16240円"", ""16240〜28268円"", ""28268円〜""]","[2.0, 3.4, 5.0, 5.0, 5.5, 4.2, 4.6, 5.4, 6.3, 4.5, 5.7, 6.1, 4.7, 6.9, 5.8, 5.5, 5.5, 4.5, 5.0, 4.3]","[-3.0, -1.6, -0.0, 0.0, 0.5, -0.8, -0.4, 0.4, 1.3, -0.5, 0.7, 1.1, -0.3, 1.9, 0.8, 0.5, 0.5, -0.5, 0.0, -0.7]"
20260831,18,11,1,32.2,"[[""1-2-3"", 0.0878], [""1-2-5"", 0.0751], [""1-2-6"", 0.0373], [""1-2-4"", 0.0144]]",2,21.4,"[[""2-1-3"", 0.064], [""2-1-5"", 0.0548], [""2-1-6"", 0.0272], [""2-1-4"", 0.0105]]","[[""1-3-2"", 0.0567], [""1-5-2"", 0.0446], [""3-1-2"", 0.0345], [""2-3-1"", 0.0279]]",1-2,0.4041,False,True,0.8218,中,"{""逃げ"": 60.4, ""差し"": 11.3, ""まくり差し"": 10.4, ""まくり"": 11.1, ""抜き"": 6.2, ""恵まれ"": 0.6}","[""0〜600円"", ""600〜750円"", ""750〜900円"", ""900〜1050円"", ""1050〜1220円"", ""1220〜1410円"", ""1410〜1640円"", ""1640〜1890円"", ""1890〜2200円"", ""2200〜2560円"", ""2560〜3020円"", ""3020〜3580円"", ""3580〜4290円"", ""4290〜5220円"", ""5220〜6490円"", ""6490〜8310円"", ""8310〜11220円"", ""11220〜16240円"", ""16240〜28268円"", ""28268円〜""]","[6.3, 7.0, 6.3, 6.0, 5.7, 5.2, 5.2, 5.5, 4.4, 4.2, 4.4, 4.1, 4.2, 4.4, 4.3, 4.6, 5.1, 3.8, 4.6, 4.5]","[1.3, 2.0, 1.3, 1.0, 0.7, 0.2, 0.2, 0.5, -0.6, -0.8, -0.6, -0.9, -0.8, -0.6, -0.7, -0.4, 0.1, -1.2, -0.4, -0.5]"
20260831,18,12,1,50.2,"[[""1-2-4"", 0.0698], [""1-4-2"", 0.0596], [""1-2-3"", 0.0688], [""1-3-2"", 0.0549], [""1-2-5"", 0.0496], [""1-4-3"", 0.0402], [""1-3-4"", 0.0375], [""1-5-2"", 0.0372], [""1-2-6"", 0.0332]]",2,32.7,"[[""2-1-4"", 0.0247], [""2-1-3"", 0.0243], [""2-1-5"", 0.0175], [""2-1-6"", 0.0118]]","[[""1-4-5"", 0.029], [""4-1-2"", 0.0203], [""1-5-4"", 0.0254], [""1-6-2"", 0.0237]]",,,False,False,0.7866,強,"{""逃げ"": 73.1, ""差し"": 9.0, ""まくり"": 7.0, ""まくり差し"": 5.5, ""抜き"": 5.2, ""恵まれ"": 0.2}","[""0〜600円"", ""600〜750円"", ""750〜900円"", ""900〜1050円"", ""1050〜1220円"", ""1220〜1410円"", ""1410〜1640円"", ""1640〜1890円"", ""1890〜2200円"", ""2200〜2560円"", ""2560〜3020円"", ""3020〜3580円"", ""3580〜4290円"", ""4290〜5220円"", ""5220〜6490円"", ""6490〜8310円"", ""8310〜11220円"", ""11220〜16240円"", ""16240〜28268円"", ""28268円〜""]","[13.8, 10.4, 7.2, 6.1, 5.8, 5.8, 4.6, 4.1, 4.3, 3.9, 4.5, 3.1, 3.2, 2.8, 2.7, 3.1, 2.5, 3.5, 3.2, 5.3]","[8.8, 5.4, 2.2, 1.1, 0.8, 0.8, -0.4, -0.9, -0.7, -1.1, -0.5, -1.9, -1.8, -2.2, -2.3, -1.9, -2.5, -1.5, -1.8, 0.3]"
20260831,19,1,1,53.6,"[[""1-4-3"", 0.0781], [""1-3-4"", 0.0774], [""1-4-2"", 0.0462], [""1-3-2"", 0.0451], [""1-4-6"", 0.0319], [""1-3-6"", 0.0311]]",3,46.7,"[[""3-1-4"", 0.0446], [""3-1-2"", 0.0259], [""3-1-6"", 0.0179]]","[[""4-1-3"", 0.0451], [""1-2-4"", 0.0356], [""1-2-3"", 0.0351], [""4-3-1"", 0.0211]]",,,False,False,0.7866,弱,"{""逃げ"": 41.9, ""まくり"": 19.5, ""差し"": 16.2, ""まくり差し"": 13.5, ""抜き"": 7.7, ""恵まれ"": 1.1}","[""0〜600円"", ""600〜750円"", ""750〜900円"", ""900〜1050円"", ""1050〜1220円"", ""1220〜1410円"", ""1410〜1640円"", ""1640〜1890円"", ""1890〜2200円"", ""2200〜2560円"", ""2560〜3020円"", ""3020〜3580円"", ""3580〜4290円"", ""4290〜5220円"", ""5220〜6490円"", ""6490〜8310円"", ""8310〜11220円"", ""11220〜16240円"", ""16240〜28268円"", ""28268円〜""]","[1.4, 2.5, 2.8, 3.1, 5.1, 4.8, 5.2, 5.2, 5.6, 6.2, 5.2, 6.2, 6.4, 5.8, 6.3, 5.8, 6.6, 5.7, 5.3, 4.6]","[-3.6, -2.5, -2.2, -1.9, 0.1, -0.2, 0.2, 0.2, 0.6, 1.2, 0.2, 1.2, 1.4, 0.8, 1.3, 0.8, 1.6, 0.7, 0.3, -0.4]"
20260831,19,2,1,65.5,"[[""1-4-2"", 0.0502], [""1-2-4"", 0.0485], [""1-4-3"", 0.0484], [""1-2-3"", 0.0434], [""1-3-4"", 0.0426], [""1-3-2"", 0.0395], [""1-4-5"", 0.0256], [""1-2-5"", 0.0229], [""1-5-4"", 0.0198]]",4,29.1,"[[""4-1-2"", 0.0318], [""4-1-3"", 0.0307], [""4-1-5"", 0.0162]]","[[""2-1-4"", 0.0303], [""2-1-3"", 0.0271], [""3-1-4"", 0.0255], [""3-1-2"", 0.0236]]",,,False,False,0.7866,弱,"{""逃げ"": 41.9, ""まくり"": 19.5, ""差し"": 16.2, ""まくり差し"": 13.5, ""抜き"": 7.7, ""恵まれ"": 1.1}","[""0〜600円"", ""600〜750円"", ""750〜900円"", ""900〜1050円"", ""1050〜1220円"", ""1220〜1410円"", ""1410〜1640円"", ""1640〜1890円"", ""1890〜2200円"", ""2200〜2560円"", ""2560〜3020円"", ""3020〜3580円"", ""3580〜4290円"", ""4290〜5220円"", ""5220〜6490円"", ""6490〜8310円"", ""8310〜11220円"", ""11220〜16240円"", ""16240〜28268円"", ""28268円〜""]","[1.4, 2.5, 2.8, 3.1, 5.1, 4.8, 5.2, 5.2, 5.6, 6.2, 5.2, 6.2, 6.4, 5.8, 6.3, 5.8, 6.6, 5.7, 5.3, 4.6]","[-3.6, -2.5, -2.2, -1.9, 0.1, -0.2, 0.2, 0.2, 0.6, 1.2, 0.2, 1.2, 1.4, 0.8, 1.3, 0.8, 1.6, 0.7, 0.3, -0.4]"
20260831,19,3,1,38.6,"[[""1-2-4"", 0.0445], [""1-4-2"", 0.0415], [""1-2-5"", 0.0464], [""1-5-2"", 0.0403], [""1-4-5"", 0.0371], [""1-5-4"", 0.0346], [""1-2-3"", 0.0199], [""1-4-3"", 0.0159], [""1-3-2"", 0.0147]]",2,20.3,"[[""2-1-4"", 0.0341], [""2-1-5"", 0.0356], [""2-1-3"", 0.0152]]","[[""4-1-2"", 0.0307], [""5-1-2"", 0.0287], [""2-4-1"", 0.0223], [""4-1-5"", 0.0275]]",,,False,False,0.7866,中,"{""逃げ"": 56.4, ""差し"": 11.4, ""まくり"": 12.2, ""まくり差し"": 11.9, ""抜き"": 7.2, ""恵まれ"": 0.8}","[""0〜600円"", ""600〜750円"", ""750〜900円"", ""900〜1050円"", ""1050〜1220円"", ""1220〜1410円"", ""1410〜1640円"", ""1640〜1890円"", ""1890〜2200円"", ""2200〜2560円"", ""2560〜3020円"", ""3020〜3580円"", ""3580〜4290円"", ""4290〜5220円"", ""5220〜6490円"", ""6490〜8310円"", ""8310〜11220円"", ""11220〜16240円"", ""16240〜28268円"", ""28268円〜""]","[5.9, 6.2, 5.6, 5.0, 6.2, 5.4, 5.7, 4.4, 4.4, 5.2, 5.2, 4.0, 4.6, 4.1, 4.9, 4.3, 4.7, 4.7, 4.9, 4.6]","[0.9, 1.2, 0.6, -0.0, 1.2, 0.4, 0.7, -0.6, -0.6, 0.2, 0.2, -1.0, -0.4, -0.9, -0.1, -0.7, -0.3, -0.3, -0.1, -0.4]"
20260831,19,4,1,47.6,"[[""1-4-2"", 0.0386], [""1-4-6"", 0.0473], [""1-2-4"", 0.0337], [""1-6-4"", 0.0407], [""1-2-6"", 0.0303], [""1-6-2"", 0.0299], [""1-4-3"", 0.0234], [""1-3-4"", 0.0172], [""1-2-3"", 0.015]]",6,39.9,"[[""6-1-4"", 0.0321], [""6-1-2"", 0.0236], [""6-1-3"", 0.0112]]","[[""4-1-2"", 0.0332], [""4-1-6"", 0.0406], [""2-1-4"", 0.0268], [""4-2-1"", 0.0237]]",,,False,False,0.7866,中,"{""逃げ"": 56.4, ""差し"": 11.4, ""まくり"": 12.2, ""まくり差し"": 11.9, ""抜き"": 7.2, ""恵まれ"": 0.8}","[""0〜600円"", ""600〜750円"", ""750〜900円"", ""900〜1050円"", ""1050〜1220円"", ""1220〜1410円"", ""1410〜1640円"", ""1640〜1890円"", ""1890〜2200円"", ""2200〜2560円"", ""2560〜3020円"", ""3020〜3580円"", ""3580〜4290円"", ""4290〜5220円"", ""5220〜6490円"", ""6490〜8310円"", ""8310〜11220円"", ""11220〜16240円"", ""16240〜28268円"", ""28268円〜""]","[5.9, 6.2, 5.6, 5.0, 6.2, 5.4, 5.7, 4.4, 4.4, 5.2, 5.2, 4.0, 4.6, 4.1, 4.9, 4.3, 4.7, 4.7, 4.9, 4.6]","[0.9, 1.2, 0.6, -0.0, 1.2, 0.4, 0.7, -0.6, -0.6, 0.2, 0.2, -1.0, -0.4, -0.9, -0.1, -0.7, -0.3, -0.3, -0.1, -0.4]"
20260831,19,5,1,49.3,"[[""1-4-2"", 0.1097], [""1-4-3"", 0.0984], [""1-4-5"", 0.0448]]",4,23.8,"[[""4-1-2"", 0.0665], [""4-1-3"", 0.0597], [""4-1-5"", 0.0272]]","[[""1-2-4"", 0.0668], [""1-3-4"", 0.0551], [""2-1-4"", 0.0342], [""4-2-1"", 0.022]]",1-4,0.4609,False,False,0.7866,中,"{""逃げ"": 56.4, ""差し"": 11.4, ""まくり"": 12.2, ""まくり差し"": 11.9, ""抜き"": 7.2, ""恵まれ"": 0.8}","[""0〜600円"", ""600〜750円"", ""750〜900円"", ""900〜1050円"", ""1050〜1220円"", ""1220〜1410円"", ""1410〜1640円"", ""1640〜1890円"", ""1890〜2200円"", ""2200〜2560円"", ""2560〜3020円"", ""3020〜3580円"", ""3580〜4290円"", ""4290〜5220円"", ""5220〜6490円"", ""6490〜8310円"", ""8310〜11220円"", ""11220〜16240円"", ""16240〜28268円"", ""28268円〜""]","[5.9, 6.2, 5.6, 5.0, 6.2, 5.4, 5.7, 4.4, 4.4, 5.2, 5.2, 4.0, 4.6, 4.1, 4.9, 4.3, 4.7, 4.7, 4.9, 4.6]","[0.9, 1.2, 0.6, -0.0, 1.2, 0.4, 0.7, -0.6, -0.6, 0.2, 0.2, -1.0, -0.4, -0.9, -0.1, -0.7, -0.3, -0.3, -0.1, -0.4]"
20260831,19,6,1,48.6,"[[""1-4-2"", 0.0327], [""1-2-4"", 0.0323], [""1-4-5"", 0.0394], [""1-5-4"", 0.0381], [""1-2-5"", 0.0375], [""1-5-2"", 0.0367], [""1-4-3"", 0.0225], [""1-2-3"", 0.0214], [""1-5-3"", 0.0199]]",4,35.5,"[[""4-1-2"", 0.0251], [""4-1-5"", 0.0302], [""4-1-3"", 0.0172]]","[[""2-1-4"", 0.0246], [""5-1-4"", 0.0286], [""2-1-5"", 0.0285], [""5-1-2"", 0.0276]]",,,False,False,0.7866,中,"{""逃げ"": 56.4, ""差し"": 11.4, ""まくり"": 12.2, ""まくり差し"": 11.9, ""抜き"": 7.2, ""恵まれ"": 0.8}","[""0〜600円"", ""600〜750円"", ""750〜900円"", ""900〜1050円"", ""1050〜1220円"", ""1220〜1410円"", ""1410〜1640円"", ""1640〜1890円"", ""1890〜2200円"", ""2200〜2560円"", ""2560〜3020円"", ""3020〜3580円"", ""3580〜4290円"", ""4290〜5220円"", ""5220〜6490円"", ""6490〜8310円"", ""8310〜11220円"", ""11220〜16240円"", ""16240〜28268円"", ""28268円〜""]","[5.9, 6.2, 5.6, 5.0, 6.2, 5.4, 5.7, 4.4, 4.4, 5.2, 5.2, 4.0, 4.6, 4.1, 4.9, 4.3, 4.7, 4.7, 4.9, 4.6]","[0.9, 1.2, 0.6, -0.0, 1.2, 0.4, 0.7, -0.6, -0.6, 0.2, 0.2, -1.0, -0.4, -0.9, -0.1, -0.7, -0.3, -0.3, -0.1, -0.4]"
20260831,19,7,1,49.2,"[[""1-2-3"", 0.0835], [""1-2-6"", 0.0928], [""1-3-2"", 0.0697], [""1-6-2"", 0.0754], [""1-3-6"", 0.0506], [""1-6-3"", 0.0492], [""1-2-4"", 0.0399], [""1-2-5"", 0.0379], [""1-4-2"", 0.028]]",3,41.4,"[[""3-1-2"", 0.0186], [""3-1-6"", 0.0135]]","[[""2-1-3"", 0.0231], [""1-5-2"", 0.0265], [""2-1-6"", 0.0257], [""1-3-4"", 0.0217]]",,,False,True,0.8218,強,"{""逃げ"": 69.8, ""まくり差し"": 9.5, ""まくり"": 8.4, ""差し"": 7.2, ""抜き"": 4.9, ""恵まれ"": 0.3}","[""0〜600円"", ""600〜750円"", ""750〜900円"", ""900〜1050円"", ""1050〜1220円"", ""1220〜1410円"", ""1410〜1640円"", ""1640〜1890円"", ""1890〜2200円"", ""2200〜2560円"", ""2560〜3020円"", ""3020〜3580円"", ""3580〜4290円"", ""4290〜5220円"", ""5220〜6490円"", ""6490〜8310円"", ""8310〜11220円"", ""11220〜16240円"", ""16240〜28268円"", ""28268円〜""]","[9.4, 7.8, 7.4, 5.2, 5.8, 5.3, 5.8, 4.8, 4.4, 4.2, 4.2, 4.5, 4.0, 3.9, 3.5, 3.5, 3.4, 4.0, 4.0, 4.8]","[4.4, 2.8, 2.4, 0.2, 0.8, 0.3, 0.8, -0.2, -0.6, -0.8, -0.8, -0.5, -1.0, -1.1, -1.5, -1.5, -1.6, -1.0, -1.0, -0.2]"
20260831,19,8,1,50.8,"[[""1-6-4"", 0.0528], [""1-6-3"", 0.066], [""1-4-6"", 0.0484], [""1-3-6"", 0.0602], [""1-6-2"", 0.0484], [""1-4-3"", 0.0464], [""1-3-4"", 0.0462], [""1-2-6"", 0.0412], [""1-6-5"", 0.0394]]",4,46.6,"[[""4-1-6"", 0.0112], [""4-1-3"", 0.0107]]","[[""1-4-2"", 0.034], [""1-3-2"", 0.0333], [""1-5-6"", 0.0324], [""1-2-4"", 0.0316]]",,,False,False,0.7866,強,"{""逃げ"": 69.8, ""まくり差し"": 9.5, ""まくり"": 8.4, ""差し"": 7.2, ""抜き"": 4.9, ""恵まれ"": 0.3}","[""0〜600円"", ""600〜750円"", ""750〜900円"", ""900〜1050円"", ""1050〜1220円"", ""1220〜1410円"", ""1410〜1640円"", ""1640〜1890円"", ""1890〜2200円"", ""2200〜2560円"", ""2560〜3020円"", ""3020〜3580円"", ""3580〜4290円"", ""4290〜5220円"", ""5220〜6490円"", ""6490〜8310円"", ""8310〜11220円"", ""11220〜16240円"", ""16240〜28268円"", ""28268円〜""]","[9.4, 7.8, 7.4, 5.2, 5.8, 5.3, 5.8, 4.8, 4.4, 4.2, 4.2, 4.5, 4.0, 3.9, 3.5, 3.5, 3.4, 4.0, 4.0, 4.8]","[4.4, 2.8, 2.4, 0.2, 0.8, 0.3, 0.8, -0.2, -0.6, -0.8, -0.8, -0.5, -1.0, -1.1, -1.5, -1.5, -1.6, -1.0, -1.0, -0.2]"
20260831,19,9,1,56.0,"[[""1-5-3"", 0.0912], [""1-5-2"", 0.1036], [""1-5-6"", 0.0337], [""1-5-4"", 0.015]]",5,25.7,"[[""5-1-3"", 0.0451], [""5-1-2"", 0.0513], [""5-1-6"", 0.0167]]","[[""1-3-5"", 0.0657], [""1-2-5"", 0.0722], [""1-3-2"", 0.0393], [""1-2-3"", 0.038]]",1-5,0.4011,False,False,0.7866,中,"{""逃げ"": 56.4, ""差し"": 11.4, ""まくり"": 12.2, ""まくり差し"": 11.9, ""抜き"": 7.2, ""恵まれ"": 0.8}","[""0〜600円"", ""600〜750円"", ""750〜900円"", ""900〜1050円"", ""1050〜1220円"", ""1220〜1410円"", ""1410〜1640円"", ""1640〜1890円"", ""1890〜2200円"", ""2200〜2560円"", ""2560〜3020円"", ""3020〜3580円"", ""3580〜4290円"", ""4290〜5220円"", ""5220〜6490円"", ""6490〜8310円"", ""8310〜11220円"", ""11220〜16240円"", ""16240〜28268円"", ""28268円〜""]","[5.9, 6.2, 5.6, 5.0, 6.2, 5.4, 5.7, 4.4, 4.4, 5.2, 5.2, 4.0, 4.6, 4.1, 4.9, 4.3, 4.7, 4.7, 4.9, 4.6]","[0.9, 1.2, 0.6, -0.0, 1.2, 0.4, 0.7, -0.6, -0.6, 0.2, 0.2, -1.0, -0.4, -0.9, -0.1, -0.7, -0.3, -0.3, -0.1, -0.4]"
20260831,19,10,1,60.3,"[[""1-2-3"", 0.0753], [""1-3-2"", 0.0649], [""1-2-4"", 0.0475], [""1-2-5"", 0.0417], [""1-3-4"", 0.0301], [""1-3-5"", 0.0264], [""1-2-6"", 0.024], [""1-3-6"", 0.0152]]",3,33.6,"[[""3-1-2"", 0.0341], [""3-1-4"", 0.0158], [""3-1-5"", 0.0139]]","[[""2-1-3"", 0.0418], [""1-4-2"", 0.0345], [""1-5-2"", 0.0297], [""2-1-4"", 0.0263]]",,,False,True,0.8218,中,"{""逃げ"": 56.4, ""差し"": 11.4, ""まくり"": 12.2, ""まくり差し"": 11.9, ""抜き"": 7.2, ""恵まれ"": 0.8}","[""0〜600円"", ""600〜750円"", ""750〜900円"", ""900〜1050円"", ""1050〜1220円"", ""1220〜1410円"", ""1410〜1640円"", ""1640〜1890円"", ""1890〜2200円"", ""2200〜2560円"", ""2560〜3020円"", ""3020〜3580円"", ""3580〜4290円"", ""4290〜5220円"", ""5220〜6490円"", ""6490〜8310円"", ""8310〜11220円"", ""11220〜16240円"", ""16240〜28268円"", ""28268円〜""]","[5.9, 6.2, 5.6, 5.0, 6.2, 5.4, 5.7, 4.4, 4.4, 5.2, 5.2, 4.0, 4.6, 4.1, 4.9, 4.3, 4.7, 4.7, 4.9, 4.6]","[0.9, 1.2, 0.6, -0.0, 1.2, 0.4, 0.7, -0.6, -0.6, 0.2, 0.2, -1.0, -0.4, -0.9, -0.1, -0.7, -0.3, -0.3, -0.1, -0.4]"
20260831,19,11,1,60.8,"[[""1-2-4"", 0.1395], [""1-2-3"", 0.0977], [""1-2-6"", 0.0751], [""1-2-5"", 0.0646]]",2,39.9,"[[""2-1-4"", 0.0386], [""2-1-3"", 0.027], [""2-1-6"", 0.0208], [""2-1-5"", 0.0179]]","[[""1-4-2"", 0.0786], [""1-3-2"", 0.0497], [""1-6-2"", 0.0371], [""1-5-2"", 0.0316]]",1-2,0.5295,True,False,0.7866,強,"{""逃げ"": 69.8, ""まくり差し"": 9.5, ""まくり"": 8.4, ""差し"": 7.2, ""抜き"": 4.9, ""恵まれ"": 0.3}","[""0〜600円"", ""600〜750円"", ""750〜900円"", ""900〜1050円"", ""1050〜1220円"", ""1220〜1410円"", ""1410〜1640円"", ""1640〜1890円"", ""1890〜2200円"", ""2200〜2560円"", ""2560〜3020円"", ""3020〜3580円"", ""3580〜4290円"", ""4290〜5220円"", ""5220〜6490円"", ""6490〜8310円"", ""8310〜11220円"", ""11220〜16240円"", ""16240〜28268円"", ""28268円〜""]","[9.4, 7.8, 7.4, 5.2, 5.8, 5.3, 5.8, 4.8, 4.4, 4.2, 4.2, 4.5, 4.0, 3.9, 3.5, 3.5, 3.4, 4.0, 4.0, 4.8]","[4.4, 2.8, 2.4, 0.2, 0.8, 0.3, 0.8, -0.2, -0.6, -0.8, -0.8, -0.5, -1.0, -1.1, -1.5, -1.5, -1.6, -1.0, -1.0, -0.2]"
20260831,19,12,1,55.3,"[[""1-2-4"", 0.0768], [""1-4-2"", 0.0719], [""1-2-3"", 0.077], [""1-3-2"", 0.0668], [""1-4-3"", 0.0618], [""1-3-4"", 0.0572], [""1-2-6"", 0.0358], [""1-2-5"", 0.0303], [""1-4-6"", 0.0287]]",2,35.5,"[[""2-1-4"", 0.0209], [""2-1-3"", 0.021]]","[[""1-6-2"", 0.027], [""4-1-2"", 0.0193], [""1-4-5"", 0.0243], [""1-6-4"", 0.0231]]",,,False,False,0.7866,強,"{""逃げ"": 69.8, ""まくり差し"": 9.5, ""まくり"": 8.4, ""差し"": 7.2, ""抜き"": 4.9, ""恵まれ"": 0.3}","[""0〜600円"", ""600〜750円"", ""750〜900円"", ""900〜1050円"", ""1050〜1220円"", ""1220〜1410円"", ""1410〜1640円"", ""1640〜1890円"", ""1890〜2200円"", ""2200〜2560円"", ""2560〜3020円"", ""3020〜3580円"", ""3580〜4290円"", ""4290〜5220円"", ""5220〜6490円"", ""6490〜8310円"", ""8310〜11220円"", ""11220〜16240円"", ""16240〜28268円"", ""28268円〜""]","[9.4, 7.8, 7.4, 5.2, 5.8, 5.3, 5.8, 4.8, 4.4, 4.2, 4.2, 4.5, 4.0, 3.9, 3.5, 3.5, 3.4, 4.0, 4.0, 4.8]","[4.4, 2.8, 2.4, 0.2, 0.8, 0.3, 0.8, -0.2, -0.6, -0.8, -0.8, -0.5, -1.0, -1.1, -1.5, -1.5, -1.6, -1.0, -1.0, -0.2]"
20260831,20,1,1,32.9,"[[""1-3-2"", 0.0845], [""1-3-4"", 0.0671], [""1-3-5"", 0.054], [""1-3-6"", 0.0324]]",3,28.1,"[[""3-1-2"", 0.0422], [""3-1-4"", 0.0334], [""3-1-5"", 0.0269], [""3-1-6"", 0.0162]]","[[""1-2-3"", 0.0619], [""1-4-3"", 0.0445], [""1-5-3"", 0.0347], [""2-1-3"", 0.028]]",1-3,0.3841,False,True,0.8218,弱,"{""逃げ"": 37.2, ""まくり"": 22.0, ""差し"": 16.8, ""まくり差し"": 14.2, ""抜き"": 8.9, ""恵まれ"": 0.8}","[""0〜600円"", ""600〜750円"", ""750〜900円"", ""900〜1050円"", ""1050〜1220円"", ""1220〜1410円"", ""1410〜1640円"", ""1640〜1890円"", ""1890〜2200円"", ""2200〜2560円"", ""2560〜3020円"", ""3020〜3580円"", ""3580〜4290円"", ""4290〜5220円"", ""5220〜6490円"", ""6490〜8310円"", ""8310〜11220円"", ""11220〜16240円"", ""16240〜28268円"", ""28268円〜""]","[1.0, 1.5, 2.1, 2.2, 3.3, 4.1, 4.1, 5.2, 5.5, 5.6, 5.4, 7.0, 6.5, 6.9, 6.5, 6.6, 7.6, 6.6, 6.8, 5.3]","[-4.0, -3.5, -2.9, -2.8, -1.7, -0.9, -0.9, 0.2, 0.5, 0.6, 0.4, 2.0, 1.5, 1.9, 1.5, 1.6, 2.6, 1.6, 1.8, 0.3]"
20260831,20,2,1,48.0,"[[""1-2-5"", 0.0493], [""1-5-2"", 0.042], [""1-2-4"", 0.0434], [""1-2-3"", 0.0395], [""1-2-6"", 0.0352], [""1-4-2"", 0.0338], [""1-3-2"", 0.0303], [""1-6-2"", 0.0266], [""1-5-4"", 0.0246]]",2,18.1,"[[""2-1-5"", 0.0278], [""2-1-4"", 0.0244], [""2-1-3"", 0.0222], [""2-1-6"", 0.0199]]","[[""5-1-2"", 0.0222], [""1-4-5"", 0.0225], [""1-5-3"", 0.0224], [""1-3-5"", 0.0202]]",,,False,False,0.7866,中,"{""逃げ"": 53.0, ""まくり"": 15.1, ""まくり差し"": 11.5, ""差し"": 11.7, ""抜き"": 7.8, ""恵まれ"": 0.9}","[""0〜600円"", ""600〜750円"", ""750〜900円"", ""900〜1050円"", ""1050〜1220円"", ""1220〜1410円"", ""1410〜1640円"", ""1640〜1890円"", ""1890〜2200円"", ""2200〜2560円"", ""2560〜3020円"", ""3020〜3580円"", ""3580〜4290円"", ""4290〜5220円"", ""5220〜6490円"", ""6490〜8310円"", ""8310〜11220円"", ""11220〜16240円"", ""16240〜28268円"", ""28268円〜""]","[4.2, 5.2, 5.1, 4.5, 4.9, 4.9, 5.2, 4.0, 4.8, 4.3, 6.2, 4.8, 5.0, 5.0, 5.4, 4.9, 5.1, 5.0, 5.5, 5.7]","[-0.8, 0.2, 0.1, -0.5, -0.1, -0.1, 0.2, -1.0, -0.2, -0.7, 1.2, -0.2, 0.0, -0.0, 0.4, -0.1, 0.1, 0.0, 0.5, 0.7]"
20260831,20,3,4,51.0,"[[""4-1-3"", 0.0369], [""4-3-1"", 0.0295], [""4-1-2"", 0.0373], [""4-1-6"", 0.034], [""4-2-1"", 0.0283], [""4-6-1"", 0.0253], [""4-1-5"", 0.0211], [""4-3-2"", 0.0171], [""4-2-3"", 0.0162]]",3,26.2,"[[""3-4-1"", 0.0212], [""3-4-2"", 0.0123], [""3-4-6"", 0.0112]]","[[""1-4-3"", 0.0299], [""1-4-2"", 0.0303], [""1-4-6"", 0.0276], [""1-3-4"", 0.0184]]",,,False,False,0.7866,強,"{""逃げ"": 66.3, ""差し"": 8.3, ""まくり"": 9.6, ""まくり差し"": 8.2, ""抜き"": 6.9, ""恵まれ"": 0.7}","[""0〜600円"", ""600〜750円"", ""750〜900円"", ""900〜1050円"", ""1050〜1220円"", ""1220〜1410円"", ""1410〜1640円"", ""1640〜1890円"", ""1890〜2200円"", ""2200〜2560円"", ""2560〜3020円"", ""3020〜3580円"", ""3580〜4290円"", ""4290〜5220円"", ""5220〜6490円"", ""6490〜8310円"", ""8310〜11220円"", ""11220〜16240円"", ""16240〜28268円"", ""28268円〜""]","[10.5, 7.6, 5.9, 5.7, 6.1, 6.0, 4.2, 4.6, 4.7, 4.1, 4.1, 4.6, 3.9, 3.7, 3.7, 3.2, 3.7, 4.1, 4.1, 5.4]","[5.5, 2.6, 0.9, 0.7, 1.1, 1.0, -0.8, -0.4, -0.3, -0.9, -0.9, -0.4, -1.1, -1.3, -1.3, -1.8, -1.3, -0.9, -0.9, 0.4]"
20260831,20,4,3,66.1,"[[""3-1-5"", 0.0443], [""3-1-2"", 0.0288], [""3-1-6"", 0.0194], [""3-1-4"", 0.0177]]",5,30.4,"[[""5-3-1"", 0.0312], [""5-1-3"", 0.0304], [""5-3-2"", 0.0135], [""5-1-2"", 0.0127]]","[[""1-3-5"", 0.0435], [""3-5-1"", 0.036], [""1-5-3"", 0.0345], [""1-3-2"", 0.0283]]",,,False,False,0.7866,強,"{""逃げ"": 66.3, ""差し"": 8.3, ""まくり"": 9.6, ""まくり差し"": 8.2, ""抜き"": 6.9, ""恵まれ"": 0.7}","[""0〜600円"", ""600〜750円"", ""750〜900円"", ""900〜1050円"", ""1050〜1220円"", ""1220〜1410円"", ""1410〜1640円"", ""1640〜1890円"", ""1890〜2200円"", ""2200〜2560円"", ""2560〜3020円"", ""3020〜3580円"", ""3580〜4290円"", ""4290〜5220円"", ""5220〜6490円"", ""6490〜8310円"", ""8310〜11220円"", ""11220〜16240円"", ""16240〜28268円"", ""28268円〜""]","[10.5, 7.6, 5.9, 5.7, 6.1, 6.0, 4.2, 4.6, 4.7, 4.1, 4.1, 4.6, 3.9, 3.7, 3.7, 3.2, 3.7, 4.1, 4.1, 5.4]","[5.5, 2.6, 0.9, 0.7, 1.1, 1.0, -0.8, -0.4, -0.3, -0.9, -0.9, -0.4, -1.1, -1.3, -1.3, -1.8, -1.3, -0.9, -0.9, 0.4]"
20260831,20,5,1,59.5,"[[""1-2-3"", 0.088], [""1-2-4"", 0.0956], [""1-2-5"", 0.0459], [""1-2-6"", 0.0257]]",2,32.4,"[[""2-1-3"", 0.047], [""2-1-4"", 0.0511], [""2-1-5"", 0.0245], [""2-1-6"", 0.0137]]","[[""1-3-2"", 0.0571], [""1-4-2"", 0.0598], [""3-1-2"", 0.0266], [""4-1-2"", 0.0275]]",1-2,0.4281,False,False,0.7866,中,"{""逃げ"": 53.0, ""まくり"": 15.1, ""まくり差し"": 11.5, ""差し"": 11.7, ""抜き"": 7.8, ""恵まれ"": 0.9}","[""0〜600円"", ""600〜750円"", ""750〜900円"", ""900〜1050円"", ""1050〜1220円"", ""1220〜1410円"", ""1410〜1640円"", ""1640〜1890円"", ""1890〜2200円"", ""2200〜2560円"", ""2560〜3020円"", ""3020〜3580円"", ""3580〜4290円"", ""4290〜5220円"", ""5220〜6490円"", ""6490〜8310円"", ""8310〜11220円"", ""11220〜16240円"", ""16240〜28268円"", ""28268円〜""]","[4.2, 5.2, 5.1, 4.5, 4.9, 4.9, 5.2, 4.0, 4.8, 4.3, 6.2, 4.8, 5.0, 5.0, 5.4, 4.9, 5.1, 5.0, 5.5, 5.7]","[-0.8, 0.2, 0.1, -0.5, -0.1, -0.1, 0.2, -1.0, -0.2, -0.7, 1.2, -0.2, 0.0, -0.0, 0.4, -0.1, 0.1, 0.0, 0.5, 0.7]"
20260831,20,6,1,51.6,"[[""1-2-5"", 0.0521], [""1-2-4"", 0.0547], [""1-2-3"", 0.046]]",2,31.6,"[[""2-1-5"", 0.0421], [""2-1-4"", 0.0441], [""2-1-3"", 0.0372]]","[[""1-5-2"", 0.0382], [""1-4-2"", 0.0382], [""5-1-2"", 0.0264], [""1-3-2"", 0.0311]]",1-2,0.31,False,False,0.7866,弱,"{""逃げ"": 37.2, ""まくり"": 22.0, ""差し"": 16.8, ""まくり差し"": 14.2, ""抜き"": 8.9, ""恵まれ"": 0.8}","[""0〜600円"", ""600〜750円"", ""750〜900円"", ""900〜1050円"", ""1050〜1220円"", ""1220〜1410円"", ""1410〜1640円"", ""1640〜1890円"", ""1890〜2200円"", ""2200〜2560円"", ""2560〜3020円"", ""3020〜3580円"", ""3580〜4290円"", ""4290〜5220円"", ""5220〜6490円"", ""6490〜8310円"", ""8310〜11220円"", ""11220〜16240円"", ""16240〜28268円"", ""28268円〜""]","[1.0, 1.5, 2.1, 2.2, 3.3, 4.1, 4.1, 5.2, 5.5, 5.6, 5.4, 7.0, 6.5, 6.9, 6.5, 6.6, 7.6, 6.6, 6.8, 5.3]","[-4.0, -3.5, -2.9, -2.8, -1.7, -0.9, -0.9, 0.2, 0.5, 0.6, 0.4, 2.0, 1.5, 1.9, 1.5, 1.6, 2.6, 1.6, 1.8, 0.3]"
20260831,20,7,4,57.8,"[[""4-1-2"", 0.0276], [""4-1-3"", 0.0342], [""4-2-1"", 0.0264], [""4-3-1"", 0.0325], [""4-2-3"", 0.0295], [""4-3-2"", 0.0292], [""4-1-6"", 0.0112]]",1,29.8,"[[""1-4-2"", 0.0246], [""1-4-3"", 0.0305], [""1-2-4"", 0.0202], [""1-3-4"", 0.0248], [""1-2-3"", 0.016], [""1-3-2"", 0.0159]]","[[""2-4-1"", 0.0229], [""3-4-1"", 0.028], [""2-4-3"", 0.0256], [""3-4-2"", 0.0252]]",,,False,False,0.7866,強,"{""逃げ"": 66.3, ""差し"": 8.3, ""まくり"": 9.6, ""まくり差し"": 8.2, ""抜き"": 6.9, ""恵まれ"": 0.7}","[""0〜600円"", ""600〜750円"", ""750〜900円"", ""900〜1050円"", ""1050〜1220円"", ""1220〜1410円"", ""1410〜1640円"", ""1640〜1890円"", ""1890〜2200円"", ""2200〜2560円"", ""2560〜3020円"", ""3020〜3580円"", ""3580〜4290円"", ""4290〜5220円"", ""5220〜6490円"", ""6490〜8310円"", ""8310〜11220円"", ""11220〜16240円"", ""16240〜28268円"", ""28268円〜""]","[10.5, 7.6, 5.9, 5.7, 6.1, 6.0, 4.2, 4.6, 4.7, 4.1, 4.1, 4.6, 3.9, 3.7, 3.7, 3.2, 3.7, 4.1, 4.1, 5.4]","[5.5, 2.6, 0.9, 0.7, 1.1, 1.0, -0.8, -0.4, -0.3, -0.9, -0.9, -0.4, -1.1, -1.3, -1.3, -1.8, -1.3, -0.9, -0.9, 0.4]"
20260831,20,8,1,54.9,"[[""1-2-3"", 0.1414], [""1-2-4"", 0.029], [""1-2-5"", 0.0231], [""1-2-6"", 0.0191]]",2,30.3,"[[""2-1-3"", 0.0974], [""2-1-4"", 0.02], [""2-1-5"", 0.0159], [""2-1-6"", 0.0131]]","[[""1-3-2"", 0.1097], [""3-1-2"", 0.0687], [""2-3-1"", 0.0445], [""3-2-1"", 0.0404]]",1-2,0.4109,False,True,0.8218,中,"{""逃げ"": 53.0, ""まくり"": 15.1, ""まくり差し"": 11.5, ""差し"": 11.7, ""抜き"": 7.8, ""恵まれ"": 0.9}","[""0〜600円"", ""600〜750円"", ""750〜900円"", ""900〜1050円"", ""1050〜1220円"", ""1220〜1410円"", ""1410〜1640円"", ""1640〜1890円"", ""1890〜2200円"", ""2200〜2560円"", ""2560〜3020円"", ""3020〜3580円"", ""3580〜4290円"", ""4290〜5220円"", ""5220〜6490円"", ""6490〜8310円"", ""8310〜11220円"", ""11220〜16240円"", ""16240〜28268円"", ""28268円〜""]","[4.2, 5.2, 5.1, 4.5, 4.9, 4.9, 5.2, 4.0, 4.8, 4.3, 6.2, 4.8, 5.0, 5.0, 5.4, 4.9, 5.1, 5.0, 5.5, 5.7]","[-0.8, 0.2, 0.1, -0.5, -0.1, -0.1, 0.2, -1.0, -0.2, -0.7, 1.2, -0.2, 0.0, -0.0, 0.4, -0.1, 0.1, 0.0, 0.5, 0.7]"
20260831,20,9,1,57.9,"[[""1-2-6"", 0.0592], [""1-2-3"", 0.0601], [""1-6-2"", 0.0455], [""1-2-4"", 0.0537], [""1-3-2"", 0.0439], [""1-4-2"", 0.0385], [""1-2-5"", 0.0321], [""1-6-3"", 0.0245], [""1-3-6"", 0.0233]]",2,23.6,"[[""2-1-6"", 0.0309], [""2-1-3"", 0.0314], [""2-1-4"", 0.0281], [""2-1-5"", 0.0167]]","[[""6-1-2"", 0.0217], [""1-6-4"", 0.0219], [""1-5-2"", 0.0214], [""3-1-2"", 0.0205]]",,,False,False,0.7866,中,"{""逃げ"": 53.0, ""まくり"": 15.1, ""まくり差し"": 11.5, ""差し"": 11.7, ""抜き"": 7.8, ""恵まれ"": 0.9}","[""0〜600円"", ""600〜750円"", ""750〜900円"", ""900〜1050円"", ""1050〜1220円"", ""1220〜1410円"", ""1410〜1640円"", ""1640〜1890円"", ""1890〜2200円"", ""2200〜2560円"", ""2560〜3020円"", ""3020〜3580円"", ""3580〜4290円"", ""4290〜5220円"", ""5220〜6490円"", ""6490〜8310円"", ""8310〜11220円"", ""11220〜16240円"", ""16240〜28268円"", ""28268円〜""]","[4.2, 5.2, 5.1, 4.5, 4.9, 4.9, 5.2, 4.0, 4.8, 4.3, 6.2, 4.8, 5.0, 5.0, 5.4, 4.9, 5.1, 5.0, 5.5, 5.7]","[-0.8, 0.2, 0.1, -0.5, -0.1, -0.1, 0.2, -1.0, -0.2, -0.7, 1.2, -0.2, 0.0, -0.0, 0.4, -0.1, 0.1, 0.0, 0.5, 0.7]"
20260831,20,10,1,54.8,"[[""1-4-5"", 0.0639], [""1-5-4"", 0.059], [""1-4-2"", 0.0723], [""1-2-4"", 0.0644], [""1-5-2"", 0.0533], [""1-2-5"", 0.0515], [""1-4-3"", 0.0449], [""1-4-6"", 0.043], [""1-3-4"", 0.0363]]",5,26.5,"[[""5-1-4"", 0.0114], [""5-1-2"", 0.0103]]","[[""1-6-4"", 0.0346], [""1-5-3"", 0.0331], [""1-5-6"", 0.0317], [""1-3-5"", 0.029]]",,,False,False,0.7866,強,"{""逃げ"": 66.3, ""差し"": 8.3, ""まくり"": 9.6, ""まくり差し"": 8.2, ""抜き"": 6.9, ""恵まれ"": 0.7}","[""0〜600円"", ""600〜750円"", ""750〜900円"", ""900〜1050円"", ""1050〜1220円"", ""1220〜1410円"", ""1410〜1640円"", ""1640〜1890円"", ""1890〜2200円"", ""2200〜2560円"", ""2560〜3020円"", ""3020〜3580円"", ""3580〜4290円"", ""4290〜5220円"", ""5220〜6490円"", ""6490〜8310円"", ""8310〜11220円"", ""11220〜16240円"", ""16240〜28268円"", ""28268円〜""]","[10.5, 7.6, 5.9, 5.7, 6.1, 6.0, 4.2, 4.6, 4.7, 4.1, 4.1, 4.6, 3.9, 3.7, 3.7, 3.2, 3.7, 4.1, 4.1, 5.4]","[5.5, 2.6, 0.9, 0.7, 1.1, 1.0, -0.8, -0.4, -0.3, -0.9, -0.9, -0.4, -1.1, -1.3, -1.3, -1.8, -1.3, -0.9, -0.9, 0.4]"
20260831,20,11,1,53.5,"[[""1-3-4"", 0.0502], [""1-3-2"", 0.0629], [""1-4-3"", 0.049], [""1-2-3"", 0.0611], [""1-4-2"", 0.0576], [""1-2-4"", 0.0574], [""1-3-5"", 0.0433], [""1-4-5"", 0.0397], [""1-2-5"", 0.0389]]",3,30.2,"[[""3-1-4"", 0.018], [""3-1-2"", 0.0226], [""3-1-5"", 0.0156]]","[[""1-5-3"", 0.0381], [""1-5-4"", 0.0358], [""1-5-2"", 0.0352], [""4-1-3"", 0.0175]]",,,False,False,0.7866,強,"{""逃げ"": 66.3, ""差し"": 8.3, ""まくり"": 9.6, ""まくり差し"": 8.2, ""抜き"": 6.9, ""恵まれ"": 0.7}","[""0〜600円"", ""600〜750円"", ""750〜900円"", ""900〜1050円"", ""1050〜1220円"", ""1220〜1410円"", ""1410〜1640円"", ""1640〜1890円"", ""1890〜2200円"", ""2200〜2560円"", ""2560〜3020円"", ""3020〜3580円"", ""3580〜4290円"", ""4290〜5220円"", ""5220〜6490円"", ""6490〜8310円"", ""8310〜11220円"", ""11220〜16240円"", ""16240〜28268円"", ""28268円〜""]","[10.5, 7.6, 5.9, 5.7, 6.1, 6.0, 4.2, 4.6, 4.7, 4.1, 4.1, 4.6, 3.9, 3.7, 3.7, 3.2, 3.7, 4.1, 4.1, 5.4]","[5.5, 2.6, 0.9, 0.7, 1.1, 1.0, -0.8, -0.4, -0.3, -0.9, -0.9, -0.4, -1.1, -1.3, -1.3, -1.8, -1.3, -0.9, -0.9, 0.4]"
20260831,20,12,1,48.4,"[[""1-3-4"", 0.0391], [""1-4-3"", 0.0375], [""1-3-2"", 0.0414], [""1-2-3"", 0.0377], [""1-3-5"", 0.0376], [""1-4-2"", 0.0349], [""1-5-3"", 0.0335], [""1-2-4"", 0.0332], [""1-4-5"", 0.0317]]",3,21.6,"[[""3-1-4"", 0.0177], [""3-1-2"", 0.0188], [""3-1-5"", 0.017], [""3-1-6"", 0.013]]","[[""1-5-4"", 0.0295], [""1-3-6"", 0.0286], [""1-2-5"", 0.0251], [""1-5-2"", 0.0245]]",,,False,False,0.7866,強,"{""逃げ"": 66.3, ""差し"": 8.3, ""まくり"": 9.6, ""まくり差し"": 8.2, ""抜き"": 6.9, ""恵まれ"": 0.7}","[""0〜600円"", ""600〜750円"", ""750〜900円"", ""900〜1050円"", ""1050〜1220円"", ""1220〜1410円"", ""1410〜1640円"", ""1640〜1890円"", ""1890〜2200円"", ""2200〜2560円"", ""2560〜3020円"", ""3020〜3580円"", ""3580〜4290円"", ""4290〜5220円"", ""5220〜6490円"", ""6490〜8310円"", ""8310〜11220円"", ""11220〜16240円"", ""16240〜28268円"", ""28268円〜""]","[10.5, 7.6, 5.9, 5.7, 6.1, 6.0, 4.2, 4.6, 4.7, 4.1, 4.1, 4.6, 3.9, 3.7, 3.7, 3.2, 3.7, 4.1, 4.1, 5.4]","[5.5, 2.6, 0.9, 0.7, 1.1, 1.0, -0.8, -0.4, -0.3, -0.9, -0.9, -0.4, -1.1, -1.3, -1.3, -1.8, -1.3, -0.9, -0.9, 0.4]"
20260831,21,1,1,53.7,"[[""1-2-3"", 0.0834], [""1-3-2"", 0.0816], [""1-2-5"", 0.0516], [""1-3-5"", 0.0482], [""1-2-4"", 0.029], [""1-3-4"", 0.0271], [""1-2-6"", 0.0259], [""1-3-6"", 0.0242]]",3,26.9,"[[""3-1-2"", 0.0359], [""3-1-5"", 0.0212], [""3-1-4"", 0.0119], [""3-1-6"", 0.0106]]","[[""2-1-3"", 0.0369], [""1-5-2"", 0.0408], [""1-5-3"", 0.039], [""2-1-5"", 0.0228]]",,,False,True,0.8218,中,"{""逃げ"": 52.4, ""まくり"": 17.5, ""まくり差し"": 12.4, ""差し"": 9.8, ""抜き"": 6.9, ""恵まれ"": 1.0}","[""0〜600円"", ""600〜750円"", ""750〜900円"", ""900〜1050円"", ""1050〜1220円"", ""1220〜1410円"", ""1410〜1640円"", ""1640〜1890円"", ""1890〜2200円"", ""2200〜2560円"", ""2560〜3020円"", ""3020〜3580円"", ""3580〜4290円"", ""4290〜5220円"", ""5220〜6490円"", ""6490〜8310円"", ""8310〜11220円"", ""11220〜16240円"", ""16240〜28268円"", ""28268円〜""]","[5.0, 4.9, 5.7, 5.2, 6.4, 4.8, 5.3, 4.2, 3.9, 5.1, 3.5, 5.1, 4.4, 4.6, 4.6, 5.5, 5.3, 5.1, 5.0, 6.5]","[0.0, -0.1, 0.7, 0.2, 1.4, -0.2, 0.3, -0.8, -1.1, 0.1, -1.5, 0.1, -0.6, -0.4, -0.4, 0.5, 0.3, 0.1, 0.0, 1.5]"
20260831,21,2,1,56.4,"[[""1-4-2"", 0.1315], [""1-4-3"", 0.0746], [""1-4-5"", 0.0552], [""1-4-6"", 0.0199]]",2,34.5,"[[""2-1-4"", 0.0359], [""2-1-3"", 0.012]]","[[""1-2-4"", 0.0966], [""4-1-2"", 0.0527], [""1-3-4"", 0.0456], [""1-5-4"", 0.0325]]",,,False,True,0.8218,中,"{""逃げ"": 52.4, ""まくり"": 17.5, ""まくり差し"": 12.4, ""差し"": 9.8, ""抜き"": 6.9, ""恵まれ"": 1.0}","[""0〜600円"", ""600〜750円"", ""750〜900円"", ""900〜1050円"", ""1050〜1220円"", ""1220〜1410円"", ""1410〜1640円"", ""1640〜1890円"", ""1890〜2200円"", ""2200〜2560円"", ""2560〜3020円"", ""3020〜3580円"", ""3580〜4290円"", ""4290〜5220円"", ""5220〜6490円"", ""6490〜8310円"", ""8310〜11220円"", ""11220〜16240円"", ""16240〜28268円"", ""28268円〜""]","[5.0, 4.9, 5.7, 5.2, 6.4, 4.8, 5.3, 4.2, 3.9, 5.1, 3.5, 5.1, 4.4, 4.6, 4.6, 5.5, 5.3, 5.1, 5.0, 6.5]","[0.0, -0.1, 0.7, 0.2, 1.4, -0.2, 0.3, -0.8, -1.1, 0.1, -1.5, 0.1, -0.6, -0.4, -0.4, 0.5, 0.3, 0.1, 0.0, 1.5]"
20260831,21,3,1,55.7,"[[""1-3-5"", 0.2025], [""1-3-2"", 0.0616], [""1-3-6"", 0.0202], [""1-3-4"", 0.0122]]",3,25.3,"[[""3-1-5"", 0.0547], [""3-1-2"", 0.0167]]","[[""1-5-3"", 0.186], [""5-1-3"", 0.0496], [""1-5-2"", 0.0504], [""1-2-3"", 0.0377]]",1-3,0.4323,False,True,0.8218,強,"{""逃げ"": 66.3, ""まくり"": 10.6, ""まくり差し"": 10.6, ""抜き"": 6.2, ""差し"": 5.4, ""恵まれ"": 0.9}","[""0〜600円"", ""600〜750円"", ""750〜900円"", ""900〜1050円"", ""1050〜1220円"", ""1220〜1410円"", ""1410〜1640円"", ""1640〜1890円"", ""1890〜2200円"", ""2200〜2560円"", ""2560〜3020円"", ""3020〜3580円"", ""3580〜4290円"", ""4290〜5220円"", ""5220〜6490円"", ""6490〜8310円"", ""8310〜11220円"", ""11220〜16240円"", ""16240〜28268円"", ""28268円〜""]","[8.7, 8.2, 6.0, 6.1, 6.2, 5.5, 5.4, 4.8, 4.2, 4.0, 4.3, 4.0, 3.6, 4.1, 3.3, 3.8, 4.3, 3.8, 3.9, 5.9]","[3.7, 3.2, 1.0, 1.1, 1.2, 0.5, 0.4, -0.2, -0.8, -1.0, -0.7, -1.0, -1.4, -0.9, -1.7, -1.2, -0.7, -1.2, -1.1, 0.9]"
20260831,21,4,1,43.9,"[[""1-4-2"", 0.1035], [""1-4-3"", 0.0862], [""1-4-5"", 0.0692], [""1-4-6"", 0.0381]]",4,22.4,"[[""4-1-2"", 0.0339], [""4-1-3"", 0.0282], [""4-1-5"", 0.0227], [""4-1-6"", 0.0125]]","[[""1-2-4"", 0.0724], [""1-3-4"", 0.055], [""1-5-4"", 0.0427], [""1-2-3"", 0.0293]]",1-4,0.4314,False,False,0.7866,強,"{""逃げ"": 66.3, ""まくり"": 10.6, ""まくり差し"": 10.6, ""抜き"": 6.2, ""差し"": 5.4, ""恵まれ"": 0.9}","[""0〜600円"", ""600〜750円"", ""750〜900円"", ""900〜1050円"", ""1050〜1220円"", ""1220〜1410円"", ""1410〜1640円"", ""1640〜1890円"", ""1890〜2200円"", ""2200〜2560円"", ""2560〜3020円"", ""3020〜3580円"", ""3580〜4290円"", ""4290〜5220円"", ""5220〜6490円"", ""6490〜8310円"", ""8310〜11220円"", ""11220〜16240円"", ""16240〜28268円"", ""28268円〜""]","[8.7, 8.2, 6.0, 6.1, 6.2, 5.5, 5.4, 4.8, 4.2, 4.0, 4.3, 4.0, 3.6, 4.1, 3.3, 3.8, 4.3, 3.8, 3.9, 5.9]","[3.7, 3.2, 1.0, 1.1, 1.2, 0.5, 0.4, -0.2, -0.8, -1.0, -0.7, -1.0, -1.4, -0.9, -1.7, -1.2, -0.7, -1.2, -1.1, 0.9]"
20260831,21,5,1,52.8,"[[""1-3-2"", 0.1239], [""1-3-6"", 0.0855], [""1-3-5"", 0.0459], [""1-3-4"", 0.034]]",3,26.6,"[[""3-1-2"", 0.0337], [""3-1-6"", 0.0232], [""3-1-5"", 0.0125]]","[[""1-2-3"", 0.0998], [""1-6-3"", 0.059], [""1-2-6"", 0.0457], [""1-6-2"", 0.0392]]",1-3,0.4021,False,True,0.8218,強,"{""逃げ"": 66.3, ""まくり"": 10.6, ""まくり差し"": 10.6, ""抜き"": 6.2, ""差し"": 5.4, ""恵まれ"": 0.9}","[""0〜600円"", ""600〜750円"", ""750〜900円"", ""900〜1050円"", ""1050〜1220円"", ""1220〜1410円"", ""1410〜1640円"", ""1640〜1890円"", ""1890〜2200円"", ""2200〜2560円"", ""2560〜3020円"", ""3020〜3580円"", ""3580〜4290円"", ""4290〜5220円"", ""5220〜6490円"", ""6490〜8310円"", ""8310〜11220円"", ""11220〜16240円"", ""16240〜28268円"", ""28268円〜""]","[8.7, 8.2, 6.0, 6.1, 6.2, 5.5, 5.4, 4.8, 4.2, 4.0, 4.3, 4.0, 3.6, 4.1, 3.3, 3.8, 4.3, 3.8, 3.9, 5.9]","[3.7, 3.2, 1.0, 1.1, 1.2, 0.5, 0.4, -0.2, -0.8, -1.0, -0.7, -1.0, -1.4, -0.9, -1.7, -1.2, -0.7, -1.2, -1.1, 0.9]"
20260831,21,6,1,41.5,"[[""1-3-4"", 0.0381], [""1-3-5"", 0.0409], [""1-3-2"", 0.036], [""1-3-6"", 0.0218]]",3,35.2,"[[""3-1-4"", 0.0341], [""3-1-5"", 0.0366], [""3-1-2"", 0.0322], [""3-1-6"", 0.0195]]","[[""1-4-3"", 0.0273], [""1-5-3"", 0.0282], [""3-4-1"", 0.0213], [""4-1-3"", 0.0203]]",1-3,0.2787,False,False,0.7866,中,"{""逃げ"": 52.4, ""まくり"": 17.5, ""まくり差し"": 12.4, ""差し"": 9.8, ""抜き"": 6.9, ""恵まれ"": 1.0}","[""0〜600円"", ""600〜750円"", ""750〜900円"", ""900〜1050円"", ""1050〜1220円"", ""1220〜1410円"", ""1410〜1640円"", ""1640〜1890円"", ""1890〜2200円"", ""2200〜2560円"", ""2560〜3020円"", ""3020〜3580円"", ""3580〜4290円"", ""4290〜5220円"", ""5220〜6490円"", ""6490〜8310円"", ""8310〜11220円"", ""11220〜16240円"", ""16240〜28268円"", ""28268円〜""]","[5.0, 4.9, 5.7, 5.2, 6.4, 4.8, 5.3, 4.2, 3.9, 5.1, 3.5, 5.1, 4.4, 4.6, 4.6, 5.5, 5.3, 5.1, 5.0, 6.5]","[0.0, -0.1, 0.7, 0.2, 1.4, -0.2, 0.3, -0.8, -1.1, 0.1, -1.5, 0.1, -0.6, -0.4, -0.4, 0.5, 0.3, 0.1, 0.0, 1.5]"
20260831,21,7,1,60.5,"[[""1-3-2"", 0.0669], [""1-3-4"", 0.0694], [""1-3-5"", 0.0381]]",3,31.0,"[[""3-1-2"", 0.0525], [""3-1-4"", 0.0544], [""3-1-5"", 0.0299]]","[[""1-2-3"", 0.0473], [""1-4-3"", 0.047], [""2-1-3"", 0.0315], [""3-2-1"", 0.0273]]",1-3,0.3434,False,True,0.8218,中,"{""逃げ"": 52.4, ""まくり"": 17.5, ""まくり差し"": 12.4, ""差し"": 9.8, ""抜き"": 6.9, ""恵まれ"": 1.0}","[""0〜600円"", ""600〜750円"", ""750〜900円"", ""900〜1050円"", ""1050〜1220円"", ""1220〜1410円"", ""1410〜1640円"", ""1640〜1890円"", ""1890〜2200円"", ""2200〜2560円"", ""2560〜3020円"", ""3020〜3580円"", ""3580〜4290円"", ""4290〜5220円"", ""5220〜6490円"", ""6490〜8310円"", ""8310〜11220円"", ""11220〜16240円"", ""16240〜28268円"", ""28268円〜""]","[5.0, 4.9, 5.7, 5.2, 6.4, 4.8, 5.3, 4.2, 3.9, 5.1, 3.5, 5.1, 4.4, 4.6, 4.6, 5.5, 5.3, 5.1, 5.0, 6.5]","[0.0, -0.1, 0.7, 0.2, 1.4, -0.2, 0.3, -0.8, -1.1, 0.1, -1.5, 0.1, -0.6, -0.4, -0.4, 0.5, 0.3, 0.1, 0.0, 1.5]"
20260831,21,8,2,61.7,"[[""2-5-1"", 0.0804], [""2-5-3"", 0.1005], [""2-5-4"", 0.0392], [""2-5-6"", 0.0206]]",5,28.6,"[[""5-2-1"", 0.0406], [""5-2-3"", 0.0508], [""5-2-4"", 0.0198], [""5-2-6"", 0.0104]]","[[""2-1-5"", 0.0567], [""2-3-5"", 0.0706], [""2-1-3"", 0.0342], [""2-3-1"", 0.034]]",2-5,0.3952,False,False,0.7866,強,"{""逃げ"": 66.3, ""まくり"": 10.6, ""まくり差し"": 10.6, ""抜き"": 6.2, ""差し"": 5.4, ""恵まれ"": 0.9}","[""0〜600円"", ""600〜750円"", ""750〜900円"", ""900〜1050円"", ""1050〜1220円"", ""1220〜1410円"", ""1410〜1640円"", ""1640〜1890円"", ""1890〜2200円"", ""2200〜2560円"", ""2560〜3020円"", ""3020〜3580円"", ""3580〜4290円"", ""4290〜5220円"", ""5220〜6490円"", ""6490〜8310円"", ""8310〜11220円"", ""11220〜16240円"", ""16240〜28268円"", ""28268円〜""]","[8.7, 8.2, 6.0, 6.1, 6.2, 5.5, 5.4, 4.8, 4.2, 4.0, 4.3, 4.0, 3.6, 4.1, 3.3, 3.8, 4.3, 3.8, 3.9, 5.9]","[3.7, 3.2, 1.0, 1.1, 1.2, 0.5, 0.4, -0.2, -0.8, -1.0, -0.7, -1.0, -1.4, -0.9, -1.7, -1.2, -0.7, -1.2, -1.1, 0.9]"
20260831,21,9,1,63.0,"[[""1-5-4"", 0.0798], [""1-4-5"", 0.0743], [""1-5-2"", 0.0626], [""1-4-2"", 0.0507], [""1-5-3"", 0.0298], [""1-4-3"", 0.0241], [""1-5-6"", 0.0103]]",5,25.6,"[[""5-1-4"", 0.0417], [""5-1-2"", 0.0327], [""5-1-3"", 0.0156]]","[[""1-2-5"", 0.0495], [""4-1-5"", 0.0378], [""1-2-4"", 0.043], [""4-1-2"", 0.0258]]",,,False,False,0.7866,中,"{""逃げ"": 52.4, ""まくり"": 17.5, ""まくり差し"": 12.4, ""差し"": 9.8, ""抜き"": 6.9, ""恵まれ"": 1.0}","[""0〜600円"", ""600〜750円"", ""750〜900円"", ""900〜1050円"", ""1050〜1220円"", ""1220〜1410円"", ""1410〜1640円"", ""1640〜1890円"", ""1890〜2200円"", ""2200〜2560円"", ""2560〜3020円"", ""3020〜3580円"", ""3580〜4290円"", ""4290〜5220円"", ""5220〜6490円"", ""6490〜8310円"", ""8310〜11220円"", ""11220〜16240円"", ""16240〜28268円"", ""28268円〜""]","[5.0, 4.9, 5.7, 5.2, 6.4, 4.8, 5.3, 4.2, 3.9, 5.1, 3.5, 5.1, 4.4, 4.6, 4.6, 5.5, 5.3, 5.1, 5.0, 6.5]","[0.0, -0.1, 0.7, 0.2, 1.4, -0.2, 0.3, -0.8, -1.1, 0.1, -1.5, 0.1, -0.6, -0.4, -0.4, 0.5, 0.3, 0.1, 0.0, 1.5]"
20260831,21,10,1,58.0,"[[""1-4-3"", 0.0911], [""1-4-2"", 0.0449], [""1-4-6"", 0.0346], [""1-4-5"", 0.0329]]",4,26.9,"[[""4-1-3"", 0.0517], [""4-1-2"", 0.0255], [""4-1-6"", 0.0196], [""4-1-5"", 0.0187]]","[[""1-3-4"", 0.0747], [""3-1-4"", 0.0395], [""1-2-4"", 0.0293], [""4-3-1"", 0.0204]]",1-4,0.3576,False,False,0.7866,強,"{""逃げ"": 66.3, ""まくり"": 10.6, ""まくり差し"": 10.6, ""抜き"": 6.2, ""差し"": 5.4, ""恵まれ"": 0.9}","[""0〜600円"", ""600〜750円"", ""750〜900円"", ""900〜1050円"", ""1050〜1220円"", ""1220〜1410円"", ""1410〜1640円"", ""1640〜1890円"", ""1890〜2200円"", ""2200〜2560円"", ""2560〜3020円"", ""3020〜3580円"", ""3580〜4290円"", ""4290〜5220円"", ""5220〜6490円"", ""6490〜8310円"", ""8310〜11220円"", ""11220〜16240円"", ""16240〜28268円"", ""28268円〜""]","[8.7, 8.2, 6.0, 6.1, 6.2, 5.5, 5.4, 4.8, 4.2, 4.0, 4.3, 4.0, 3.6, 4.1, 3.3, 3.8, 4.3, 3.8, 3.9, 5.9]","[3.7, 3.2, 1.0, 1.1, 1.2, 0.5, 0.4, -0.2, -0.8, -1.0, -0.7, -1.0, -1.4, -0.9, -1.7, -1.2, -0.7, -1.2, -1.1, 0.9]"
20260831,21,11,1,54.3,"[[""1-2-5"", 0.1341], [""1-2-3"", 0.078], [""1-2-6"", 0.0611], [""1-2-4"", 0.0415]]",2,29.3,"[[""2-1-5"", 0.0402], [""2-1-3"", 0.0234], [""2-1-6"", 0.0183], [""2-1-4"", 0.0124]]","[[""1-5-2"", 0.0943], [""1-3-2"", 0.0463], [""1-6-2"", 0.0352], [""5-1-2"", 0.0265]]",1-2,0.4563,False,False,0.7866,強,"{""逃げ"": 66.3, ""まくり"": 10.6, ""まくり差し"": 10.6, ""抜き"": 6.2, ""差し"": 5.4, ""恵まれ"": 0.9}","[""0〜600円"", ""600〜750円"", ""750〜900円"", ""900〜1050円"", ""1050〜1220円"", ""1220〜1410円"", ""1410〜1640円"", ""1640〜1890円"", ""1890〜2200円"", ""2200〜2560円"", ""2560〜3020円"", ""3020〜3580円"", ""3580〜4290円"", ""4290〜5220円"", ""5220〜6490円"", ""6490〜8310円"", ""8310〜11220円"", ""11220〜16240円"", ""16240〜28268円"", ""28268円〜""]","[8.7, 8.2, 6.0, 6.1, 6.2, 5.5, 5.4, 4.8, 4.2, 4.0, 4.3, 4.0, 3.6, 4.1, 3.3, 3.8, 4.3, 3.8, 3.9, 5.9]","[3.7, 3.2, 1.0, 1.1, 1.2, 0.5, 0.4, -0.2, -0.8, -1.0, -0.7, -1.0, -1.4, -0.9, -1.7, -1.2, -0.7, -1.2, -1.1, 0.9]"
20260831,21,12,1,66.4,"[[""1-3-2"", 0.0979], [""1-3-6"", 0.0738], [""1-3-5"", 0.0507], [""1-3-4"", 0.0468]]",3,25.3,"[[""3-1-2"", 0.038], [""3-1-6"", 0.0286], [""3-1-5"", 0.0197], [""3-1-4"", 0.0182]]","[[""1-2-3"", 0.072], [""1-6-3"", 0.0487], [""1-5-3"", 0.0318], [""2-1-3"", 0.0259]]",1-3,0.4031,False,True,0.8218,強,"{""逃げ"": 66.3, ""まくり"": 10.6, ""まくり差し"": 10.6, ""抜き"": 6.2, ""差し"": 5.4, ""恵まれ"": 0.9}","[""0〜600円"", ""600〜750円"", ""750〜900円"", ""900〜1050円"", ""1050〜1220円"", ""1220〜1410円"", ""1410〜1640円"", ""1640〜1890円"", ""1890〜2200円"", ""2200〜2560円"", ""2560〜3020円"", ""3020〜3580円"", ""3580〜4290円"", ""4290〜5220円"", ""5220〜6490円"", ""6490〜8310円"", ""8310〜11220円"", ""11220〜16240円"", ""16240〜28268円"", ""28268円〜""]","[8.7, 8.2, 6.0, 6.1, 6.2, 5.5, 5.4, 4.8, 4.2, 4.0, 4.3, 4.0, 3.6, 4.1, 3.3, 3.8, 4.3, 3.8, 3.9, 5.9]","[3.7, 3.2, 1.0, 1.1, 1.2, 0.5, 0.4, -0.2, -0.8, -1.0, -0.7, -1.0, -1.4, -0.9, -1.7, -1.2, -0.7, -1.2, -1.1, 0.9]"
20260831,23,1,1,58.9,"[[""1-4-5"", 0.094], [""1-5-4"", 0.0786], [""1-4-3"", 0.0745], [""1-4-2"", 0.0584], [""1-5-3"", 0.0434], [""1-5-2"", 0.034], [""1-4-6"", 0.0136]]",4,20.7,"[[""4-1-5"", 0.0346], [""4-1-3"", 0.0274], [""4-1-2"", 0.0215]]","[[""1-3-4"", 0.0546], [""1-2-4"", 0.0409], [""1-3-5"", 0.038], [""5-1-4"", 0.0277]]",,,False,False,0.7866,中,"{""逃げ"": 52.5, ""まくり差し"": 13.1, ""まくり"": 12.8, ""差し"": 13.5, ""抜き"": 7.2, ""恵まれ"": 1.0}","[""0〜600円"", ""600〜750円"", ""750〜900円"", ""900〜1050円"", ""1050〜1220円"", ""1220〜1410円"", ""1410〜1640円"", ""1640〜1890円"", ""1890〜2200円"", ""2200〜2560円"", ""2560〜3020円"", ""3020〜3580円"", ""3580〜4290円"", ""4290〜5220円"", ""5220〜6490円"", ""6490〜8310円"", ""8310〜11220円"", ""11220〜16240円"", ""16240〜28268円"", ""28268円〜""]","[5.5, 5.8, 5.6, 6.2, 4.4, 4.7, 5.5, 5.4, 5.9, 4.8, 4.6, 4.3, 4.8, 4.0, 5.0, 4.3, 5.4, 5.1, 4.4, 4.2]","[0.5, 0.8, 0.6, 1.2, -0.6, -0.3, 0.5, 0.4, 0.9, -0.2, -0.4, -0.7, -0.2, -1.0, 0.0, -0.7, 0.4, 0.1, -0.6, -0.8]"
20260831,23,2,1,65.4,"[[""1-3-2"", 0.1071], [""1-3-6"", 0.0586], [""1-3-4"", 0.0551], [""1-3-5"", 0.0532]]",3,32.7,"[[""3-1-2"", 0.0432], [""3-1-6"", 0.0237], [""3-1-4"", 0.0223], [""3-1-5"", 0.0215]]","[[""1-2-3"", 0.0773], [""1-6-3"", 0.0361], [""2-1-3"", 0.0288], [""1-4-3"", 0.0337]]",1-3,0.4173,False,True,0.8218,中,"{""逃げ"": 52.5, ""まくり差し"": 13.1, ""まくり"": 12.8, ""差し"": 13.5, ""抜き"": 7.2, ""恵まれ"": 1.0}","[""0〜600円"", ""600〜750円"", ""750〜900円"", ""900〜1050円"", ""1050〜1220円"", ""1220〜1410円"", ""1410〜1640円"", ""1640〜1890円"", ""1890〜2200円"", ""2200〜2560円"", ""2560〜3020円"", ""3020〜3580円"", ""3580〜4290円"", ""4290〜5220円"", ""5220〜6490円"", ""6490〜8310円"", ""8310〜11220円"", ""11220〜16240円"", ""16240〜28268円"", ""28268円〜""]","[5.5, 5.8, 5.6, 6.2, 4.4, 4.7, 5.5, 5.4, 5.9, 4.8, 4.6, 4.3, 4.8, 4.0, 5.0, 4.3, 5.4, 5.1, 4.4, 4.2]","[0.5, 0.8, 0.6, 1.2, -0.6, -0.3, 0.5, 0.4, 0.9, -0.2, -0.4, -0.7, -0.2, -1.0, 0.0, -0.7, 0.4, 0.1, -0.6, -0.8]"
20260831,23,3,1,57.2,"[[""1-3-2"", 0.2425], [""1-3-4"", 0.0808], [""1-3-6"", 0.0554], [""1-3-5"", 0.012]]",3,31.7,"[[""3-1-2"", 0.0679], [""3-1-4"", 0.0226], [""3-1-6"", 0.0155]]","[[""1-2-3"", 0.1396], [""2-1-3"", 0.036], [""1-4-3"", 0.0364], [""1-6-3"", 0.0243]]",1-3,0.5674,True,True,0.8218,強,"{""逃げ"": 66.7, ""まくり差し"": 8.2, ""まくり"": 9.1, ""差し"": 9.2, ""抜き"": 5.8, ""恵まれ"": 1.0}","[""0〜600円"", ""600〜750円"", ""750〜900円"", ""900〜1050円"", ""1050〜1220円"", ""1220〜1410円"", ""1410〜1640円"", ""1640〜1890円"", ""1890〜2200円"", ""2200〜2560円"", ""2560〜3020円"", ""3020〜3580円"", ""3580〜4290円"", ""4290〜5220円"", ""5220〜6490円"", ""6490〜8310円"", ""8310〜11220円"", ""11220〜16240円"", ""16240〜28268円"", ""28268円〜""]","[10.8, 7.8, 6.5, 6.0, 6.2, 4.9, 4.9, 4.2, 4.2, 3.9, 4.5, 3.4, 4.1, 4.0, 3.7, 3.8, 3.7, 3.4, 4.0, 6.1]","[5.8, 2.8, 1.5, 1.0, 1.2, -0.1, -0.1, -0.8, -0.8, -1.1, -0.5, -1.6, -0.9, -1.0, -1.3, -1.2, -1.3, -1.6, -1.0, 1.1]"
20260831,23,4,1,51.8,"[[""1-2-5"", 0.127], [""1-2-3"", 0.1417], [""1-2-4"", 0.0969], [""1-2-6"", 0.0157]]",2,27.6,"[[""2-1-5"", 0.0264], [""2-1-3"", 0.0294], [""2-1-4"", 0.0201]]","[[""1-5-2"", 0.0765], [""1-3-2"", 0.083], [""1-4-2"", 0.0534], [""1-5-3"", 0.0316]]",1-2,0.5021,False,False,0.7866,強,"{""逃げ"": 66.7, ""まくり差し"": 8.2, ""まくり"": 9.1, ""差し"": 9.2, ""抜き"": 5.8, ""恵まれ"": 1.0}","[""0〜600円"", ""600〜750円"", ""750〜900円"", ""900〜1050円"", ""1050〜1220円"", ""1220〜1410円"", ""1410〜1640円"", ""1640〜1890円"", ""1890〜2200円"", ""2200〜2560円"", ""2560〜3020円"", ""3020〜3580円"", ""3580〜4290円"", ""4290〜5220円"", ""5220〜6490円"", ""6490〜8310円"", ""8310〜11220円"", ""11220〜16240円"", ""16240〜28268円"", ""28268円〜""]","[10.8, 7.8, 6.5, 6.0, 6.2, 4.9, 4.9, 4.2, 4.2, 3.9, 4.5, 3.4, 4.1, 4.0, 3.7, 3.8, 3.7, 3.4, 4.0, 6.1]","[5.8, 2.8, 1.5, 1.0, 1.2, -0.1, -0.1, -0.8, -0.8, -1.1, -0.5, -1.6, -0.9, -1.0, -1.3, -1.2, -1.3, -1.6, -1.0, 1.1]"
20260831,23,5,4,59.8,"[[""4-2-1"", 0.0358], [""4-1-2"", 0.031], [""4-2-3"", 0.0308], [""4-2-5"", 0.0266], [""4-3-2"", 0.024], [""4-5-2"", 0.0201], [""4-1-3"", 0.0195], [""4-3-1"", 0.0175], [""4-1-5"", 0.0168]]",2,44.1,"[[""2-4-1"", 0.0331], [""2-4-3"", 0.0286], [""2-4-5"", 0.0246]]","[[""1-4-2"", 0.0264], [""2-1-4"", 0.026], [""1-2-4"", 0.0238], [""2-3-4"", 0.0203]]",,,False,False,0.7866,強,"{""逃げ"": 66.7, ""まくり差し"": 8.2, ""まくり"": 9.1, ""差し"": 9.2, ""抜き"": 5.8, ""恵まれ"": 1.0}","[""0〜600円"", ""600〜750円"", ""750〜900円"", ""900〜1050円"", ""1050〜1220円"", ""1220〜1410円"", ""1410〜1640円"", ""1640〜1890円"", ""1890〜2200円"", ""2200〜2560円"", ""2560〜3020円"", ""3020〜3580円"", ""3580〜4290円"", ""4290〜5220円"", ""5220〜6490円"", ""6490〜8310円"", ""8310〜11220円"", ""11220〜16240円"", ""16240〜28268円"", ""28268円〜""]","[10.8, 7.8, 6.5, 6.0, 6.2, 4.9, 4.9, 4.2, 4.2, 3.9, 4.5, 3.4, 4.1, 4.0, 3.7, 3.8, 3.7, 3.4, 4.0, 6.1]","[5.8, 2.8, 1.5, 1.0, 1.2, -0.1, -0.1, -0.8, -0.8, -1.1, -0.5, -1.6, -0.9, -1.0, -1.3, -1.2, -1.3, -1.6, -1.0, 1.1]"
20260831,23,6,1,52.5,"[[""1-2-6"", 0.0563], [""1-2-5"", 0.0599], [""1-6-2"", 0.047], [""1-5-2"", 0.0477], [""1-2-4"", 0.038], [""1-2-3"", 0.0325], [""1-6-5"", 0.0321], [""1-5-6"", 0.0307], [""1-4-2"", 0.0279]]",6,33.0,"[[""6-1-2"", 0.0225], [""6-1-5"", 0.0154]]","[[""2-1-6"", 0.0287], [""2-1-5"", 0.0306], [""1-3-2"", 0.0233], [""5-1-2"", 0.0225]]",,,False,False,0.7866,中,"{""逃げ"": 52.5, ""まくり差し"": 13.1, ""まくり"": 12.8, ""差し"": 13.5, ""抜き"": 7.2, ""恵まれ"": 1.0}","[""0〜600円"", ""600〜750円"", ""750〜900円"", ""900〜1050円"", ""1050〜1220円"", ""1220〜1410円"", ""1410〜1640円"", ""1640〜1890円"", ""1890〜2200円"", ""2200〜2560円"", ""2560〜3020円"", ""3020〜3580円"", ""3580〜4290円"", ""4290〜5220円"", ""5220〜6490円"", ""6490〜8310円"", ""8310〜11220円"", ""11220〜16240円"", ""16240〜28268円"", ""28268円〜""]","[5.5, 5.8, 5.6, 6.2, 4.4, 4.7, 5.5, 5.4, 5.9, 4.8, 4.6, 4.3, 4.8, 4.0, 5.0, 4.3, 5.4, 5.1, 4.4, 4.2]","[0.5, 0.8, 0.6, 1.2, -0.6, -0.3, 0.5, 0.4, 0.9, -0.2, -0.4, -0.7, -0.2, -1.0, 0.0, -0.7, 0.4, 0.1, -0.6, -0.8]"
20260831,23,7,2,50.5,"[[""2-6-5"", 0.0387], [""2-5-6"", 0.0331], [""2-6-1"", 0.0291], [""2-6-3"", 0.0285], [""2-5-1"", 0.018], [""2-5-3"", 0.0176]]",6,35.8,"[[""6-2-5"", 0.0372], [""6-2-1"", 0.028], [""6-2-3"", 0.0274]]","[[""6-5-2"", 0.0301], [""5-2-6"", 0.0289], [""5-6-2"", 0.0274], [""2-1-6"", 0.0216]]",,,False,False,0.7866,中,"{""逃げ"": 52.5, ""まくり差し"": 13.1, ""まくり"": 12.8, ""差し"": 13.5, ""抜き"": 7.2, ""恵まれ"": 1.0}","[""0〜600円"", ""600〜750円"", ""750〜900円"", ""900〜1050円"", ""1050〜1220円"", ""1220〜1410円"", ""1410〜1640円"", ""1640〜1890円"", ""1890〜2200円"", ""2200〜2560円"", ""2560〜3020円"", ""3020〜3580円"", ""3580〜4290円"", ""4290〜5220円"", ""5220〜6490円"", ""6490〜8310円"", ""8310〜11220円"", ""11220〜16240円"", ""16240〜28268円"", ""28268円〜""]","[5.5, 5.8, 5.6, 6.2, 4.4, 4.7, 5.5, 5.4, 5.9, 4.8, 4.6, 4.3, 4.8, 4.0, 5.0, 4.3, 5.4, 5.1, 4.4, 4.2]","[0.5, 0.8, 0.6, 1.2, -0.6, -0.3, 0.5, 0.4, 0.9, -0.2, -0.4, -0.7, -0.2, -1.0, 0.0, -0.7, 0.4, 0.1, -0.6, -0.8]"
20260831,23,8,2,54.5,"[[""2-1-4"", 0.0892], [""2-1-3"", 0.0359]]",1,,"[[""1-2-4"", 0.0778], [""1-2-3"", 0.0313]]","[[""2-4-1"", 0.0845], [""4-2-1"", 0.0717], [""1-4-2"", 0.0592], [""4-1-2"", 0.0576]]",1-2,0.2928,False,True,0.8218,中,"{""逃げ"": 52.5, ""まくり差し"": 13.1, ""まくり"": 12.8, ""差し"": 13.5, ""抜き"": 7.2, ""恵まれ"": 1.0}","[""0〜600円"", ""600〜750円"", ""750〜900円"", ""900〜1050円"", ""1050〜1220円"", ""1220〜1410円"", ""1410〜1640円"", ""1640〜1890円"", ""1890〜2200円"", ""2200〜2560円"", ""2560〜3020円"", ""3020〜3580円"", ""3580〜4290円"", ""4290〜5220円"", ""5220〜6490円"", ""6490〜8310円"", ""8310〜11220円"", ""11220〜16240円"", ""16240〜28268円"", ""28268円〜""]","[5.5, 5.8, 5.6, 6.2, 4.4, 4.7, 5.5, 5.4, 5.9, 4.8, 4.6, 4.3, 4.8, 4.0, 5.0, 4.3, 5.4, 5.1, 4.4, 4.2]","[0.5, 0.8, 0.6, 1.2, -0.6, -0.3, 0.5, 0.4, 0.9, -0.2, -0.4, -0.7, -0.2, -1.0, 0.0, -0.7, 0.4, 0.1, -0.6, -0.8]"
20260831,23,9,1,51.4,"[[""1-4-3"", 0.0317], [""1-3-4"", 0.0269], [""1-4-2"", 0.0322], [""1-2-4"", 0.0257], [""1-4-5"", 0.0247], [""1-5-4"", 0.0187], [""1-3-2"", 0.0184], [""1-2-3"", 0.0174], [""1-3-5"", 0.0141]]",4,32.7,"[[""4-1-3"", 0.029], [""4-1-2"", 0.0295], [""4-1-5"", 0.0226], [""4-1-6"", 0.0109]]","[[""3-1-4"", 0.0223], [""4-3-1"", 0.022], [""3-4-1"", 0.0199], [""4-2-1"", 0.0212]]",,,False,False,0.7866,弱,"{""逃げ"": 35.6, ""まくり"": 20.4, ""まくり差し"": 16.0, ""差し"": 18.4, ""抜き"": 8.9, ""恵まれ"": 0.8}","[""0〜600円"", ""600〜750円"", ""750〜900円"", ""900〜1050円"", ""1050〜1220円"", ""1220〜1410円"", ""1410〜1640円"", ""1640〜1890円"", ""1890〜2200円"", ""2200〜2560円"", ""2560〜3020円"", ""3020〜3580円"", ""3580〜4290円"", ""4290〜5220円"", ""5220〜6490円"", ""6490〜8310円"", ""8310〜11220円"", ""11220〜16240円"", ""16240〜28268円"", ""28268円〜""]","[0.9, 2.2, 3.2, 3.8, 4.4, 5.5, 5.4, 4.1, 6.9, 5.6, 6.2, 6.1, 5.9, 6.0, 6.2, 6.0, 6.1, 5.6, 5.9, 3.9]","[-4.1, -2.8, -1.8, -1.2, -0.6, 0.5, 0.4, -0.9, 1.9, 0.6, 1.2, 1.1, 0.9, 1.0, 1.2, 1.0, 1.1, 0.6, 0.9, -1.1]"
20260831,23,10,1,52.1,"[[""1-3-2"", 0.1163], [""1-3-4"", 0.0688], [""1-3-5"", 0.0317], [""1-3-6"", 0.0307]]",3,33.0,"[[""3-1-2"", 0.0655], [""3-1-4"", 0.0388], [""3-1-5"", 0.0178], [""3-1-6"", 0.0173]]","[[""1-2-3"", 0.081], [""2-1-3"", 0.0405], [""1-4-3"", 0.0404], [""3-2-1"", 0.0222]]",1-3,0.4262,False,True,0.8218,中,"{""逃げ"": 52.5, ""まくり差し"": 13.1, ""まくり"": 12.8, ""差し"": 13.5, ""抜き"": 7.2, ""恵まれ"": 1.0}","[""0〜600円"", ""600〜750円"", ""750〜900円"", ""900〜1050円"", ""1050〜1220円"", ""1220〜1410円"", ""1410〜1640円"", ""1640〜1890円"", ""1890〜2200円"", ""2200〜2560円"", ""2560〜3020円"", ""3020〜3580円"", ""3580〜4290円"", ""4290〜5220円"", ""5220〜6490円"", ""6490〜8310円"", ""8310〜11220円"", ""11220〜16240円"", ""16240〜28268円"", ""28268円〜""]","[5.5, 5.8, 5.6, 6.2, 4.4, 4.7, 5.5, 5.4, 5.9, 4.8, 4.6, 4.3, 4.8, 4.0, 5.0, 4.3, 5.4, 5.1, 4.4, 4.2]","[0.5, 0.8, 0.6, 1.2, -0.6, -0.3, 0.5, 0.4, 0.9, -0.2, -0.4, -0.7, -0.2, -1.0, 0.0, -0.7, 0.4, 0.1, -0.6, -0.8]"
20260831,23,11,1,39.8,"[[""1-2-3"", 0.095], [""1-3-2"", 0.0882], [""1-2-4"", 0.082], [""1-4-2"", 0.0677], [""1-3-4"", 0.065], [""1-4-3"", 0.0579], [""1-2-5"", 0.0374], [""1-3-5"", 0.0296], [""1-5-2"", 0.027]]",3,32.3,"[[""3-1-2"", 0.026], [""3-1-4"", 0.0192]]","[[""2-1-3"", 0.0284], [""2-1-4"", 0.0245], [""1-5-3"", 0.023], [""4-1-2"", 0.0195]]",,,False,True,0.8218,強,"{""逃げ"": 66.7, ""まくり差し"": 8.2, ""まくり"": 9.1, ""差し"": 9.2, ""抜き"": 5.8, ""恵まれ"": 1.0}","[""0〜600円"", ""600〜750円"", ""750〜900円"", ""900〜1050円"", ""1050〜1220円"", ""1220〜1410円"", ""1410〜1640円"", ""1640〜1890円"", ""1890〜2200円"", ""2200〜2560円"", ""2560〜3020円"", ""3020〜3580円"", ""3580〜4290円"", ""4290〜5220円"", ""5220〜6490円"", ""6490〜8310円"", ""8310〜11220円"", ""11220〜16240円"", ""16240〜28268円"", ""28268円〜""]","[10.8, 7.8, 6.5, 6.0, 6.2, 4.9, 4.9, 4.2, 4.2, 3.9, 4.5, 3.4, 4.1, 4.0, 3.7, 3.8, 3.7, 3.4, 4.0, 6.1]","[5.8, 2.8, 1.5, 1.0, 1.2, -0.1, -0.1, -0.8, -0.8, -1.1, -0.5, -1.6, -0.9, -1.0, -1.3, -1.2, -1.3, -1.6, -1.0, 1.1]"
20260831,23,12,1,58.1,"[[""1-2-3"", 0.1197], [""1-3-2"", 0.1153], [""1-2-4"", 0.0732], [""1-3-4"", 0.0661], [""1-2-5"", 0.0308], [""1-3-5"", 0.0278]]",2,32.5,"[[""2-1-3"", 0.0425], [""2-1-4"", 0.026], [""2-1-5"", 0.0109]]","[[""1-4-2"", 0.0555], [""1-4-3"", 0.0521], [""3-1-2"", 0.0406], [""3-1-4"", 0.0233]]",,,False,True,0.8218,強,"{""逃げ"": 66.7, ""まくり差し"": 8.2, ""まくり"": 9.1, ""差し"": 9.2, ""抜き"": 5.8, ""恵まれ"": 1.0}","[""0〜600円"", ""600〜750円"", ""750〜900円"", ""900〜1050円"", ""1050〜1220円"", ""1220〜1410円"", ""1410〜1640円"", ""1640〜1890円"", ""1890〜2200円"", ""2200〜2560円"", ""2560〜3020円"", ""3020〜3580円"", ""3580〜4290円"", ""4290〜5220円"", ""5220〜6490円"", ""6490〜8310円"", ""8310〜11220円"", ""11220〜16240円"", ""16240〜28268円"", ""28268円〜""]","[10.8, 7.8, 6.5, 6.0, 6.2, 4.9, 4.9, 4.2, 4.2, 3.9, 4.5, 3.4, 4.1, 4.0, 3.7, 3.8, 3.7, 3.4, 4.0, 6.1]","[5.8, 2.8, 1.5, 1.0, 1.2, -0.1, -0.1, -0.8, -0.8, -1.1, -0.5, -1.6, -0.9, -1.0, -1.3, -1.2, -1.3, -1.6, -1.0, 1.1]"
