date,jcd,r,favorite_boat,favorite_nige_rate,scenario1_tickets,challenger_boat,challenger_makuri_rate,scenario2_tickets,scenario3_tickets,aligned_pair,aligned_pair_prob,aligned_pair_flag,knn_agree_trio,knn_trio_calibration_ratio,strength_bin,kimarite_dist,payout_bucket_labels,payout_bucket_pct,payout_bucket_deviation
20260727,01,1,1,,"[[""1-3-4"", 0.0476], [""1-4-3"", 0.0437], [""1-3-2"", 0.0496], [""1-2-3"", 0.0432], [""1-4-2"", 0.0371], [""1-2-4"", 0.0352], [""1-3-5"", 0.0265], [""1-5-3"", 0.0203], [""1-4-5"", 0.0198]]",4,36.4,"[[""4-1-3"", 0.0277], [""4-1-2"", 0.0235], [""4-1-5"", 0.0125]]","[[""3-1-4"", 0.0313], [""3-1-2"", 0.0327], [""2-1-3"", 0.0267], [""2-1-4"", 0.0218]]",,,False,True,0.8175,弱,"{""逃げ"": 30.6, ""まくり"": 27.2, ""まくり差し"": 16.8, ""差し"": 17.5, ""抜き"": 7.0, ""恵まれ"": 1.0}","[""0〜600円"", ""600〜750円"", ""750〜900円"", ""900〜1060円"", ""1060〜1220円"", ""1220〜1410円"", ""1410〜1640円"", ""1640〜1890円"", ""1890〜2200円"", ""2200〜2560円"", ""2560〜3020円"", ""3020〜3580円"", ""3580〜4290円"", ""4290〜5220円"", ""5220〜6490円"", ""6490〜8320円"", ""8320〜11230円"", ""11230〜16260円"", ""16260〜28299円"", ""28299円〜""]","[0.4, 1.1, 1.6, 2.3, 3.3, 2.7, 4.0, 5.1, 5.6, 6.3, 4.9, 5.8, 7.1, 8.5, 8.2, 7.0, 6.9, 7.5, 6.6, 5.0]","[-4.6, -3.9, -3.4, -2.7, -1.7, -2.3, -1.0, 0.1, 0.6, 1.3, -0.1, 0.8, 2.1, 3.5, 3.2, 2.0, 1.9, 2.5, 1.6, -0.0]"
20260727,01,2,1,63.0,"[[""1-2-3"", 0.0631], [""1-2-5"", 0.0647], [""1-2-6"", 0.0525], [""1-2-4"", 0.0406]]",2,46.5,"[[""2-1-3"", 0.0369], [""2-1-5"", 0.0379], [""2-1-6"", 0.0307], [""2-1-4"", 0.0238]]","[[""1-3-2"", 0.0433], [""1-5-2"", 0.0429], [""1-6-2"", 0.0336], [""3-1-2"", 0.0221]]",1-2,0.3725,False,True,0.8175,弱,"{""逃げ"": 30.6, ""まくり"": 27.2, ""まくり差し"": 16.8, ""差し"": 17.5, ""抜き"": 7.0, ""恵まれ"": 1.0}","[""0〜600円"", ""600〜750円"", ""750〜900円"", ""900〜1060円"", ""1060〜1220円"", ""1220〜1410円"", ""1410〜1640円"", ""1640〜1890円"", ""1890〜2200円"", ""2200〜2560円"", ""2560〜3020円"", ""3020〜3580円"", ""3580〜4290円"", ""4290〜5220円"", ""5220〜6490円"", ""6490〜8320円"", ""8320〜11230円"", ""11230〜16260円"", ""16260〜28299円"", ""28299円〜""]","[0.4, 1.1, 1.6, 2.3, 3.3, 2.7, 4.0, 5.1, 5.6, 6.3, 4.9, 5.8, 7.1, 8.5, 8.2, 7.0, 6.9, 7.5, 6.6, 5.0]","[-4.6, -3.9, -3.4, -2.7, -1.7, -2.3, -1.0, 0.1, 0.6, 1.3, -0.1, 0.8, 2.1, 3.5, 3.2, 2.0, 1.9, 2.5, 1.6, -0.0]"
20260727,01,3,2,63.3,"[[""2-1-3"", 0.041], [""2-3-1"", 0.0339], [""2-1-5"", 0.0384], [""2-1-4"", 0.0371], [""2-5-1"", 0.0298], [""2-4-1"", 0.0285], [""2-3-5"", 0.0199], [""2-3-4"", 0.0192], [""2-5-3"", 0.0186]]",5,55.3,"[[""5-2-1"", 0.0199], [""5-2-3"", 0.0125]]","[[""1-2-3"", 0.0313], [""1-2-5"", 0.0293], [""3-2-1"", 0.0235], [""1-2-4"", 0.0283]]",,,False,True,0.8175,中,"{""逃げ"": 48.1, ""まくり"": 19.3, ""まくり差し"": 14.1, ""差し"": 11.5, ""抜き"": 6.2, ""恵まれ"": 0.9}","[""0〜600円"", ""600〜750円"", ""750〜900円"", ""900〜1060円"", ""1060〜1220円"", ""1220〜1410円"", ""1410〜1640円"", ""1640〜1890円"", ""1890〜2200円"", ""2200〜2560円"", ""2560〜3020円"", ""3020〜3580円"", ""3580〜4290円"", ""4290〜5220円"", ""5220〜6490円"", ""6490〜8320円"", ""8320〜11230円"", ""11230〜16260円"", ""16260〜28299円"", ""28299円〜""]","[2.6, 3.4, 4.9, 5.0, 4.7, 4.6, 4.8, 4.7, 5.0, 4.3, 4.9, 5.5, 4.8, 6.1, 5.5, 6.8, 5.5, 6.1, 5.4, 5.5]","[-2.4, -1.6, -0.1, -0.0, -0.3, -0.4, -0.2, -0.3, 0.0, -0.7, -0.1, 0.5, -0.2, 1.1, 0.5, 1.8, 0.5, 1.1, 0.4, 0.5]"
20260727,01,4,2,47.5,"[[""2-3-6"", 0.0376], [""2-6-3"", 0.036], [""2-3-1"", 0.0286], [""2-6-1"", 0.0249], [""2-3-5"", 0.0244], [""2-1-3"", 0.0235], [""2-1-6"", 0.0213], [""2-6-5"", 0.0212], [""2-5-3"", 0.0194]]",3,,"[[""3-2-6"", 0.0311], [""3-2-1"", 0.0237], [""3-2-5"", 0.0202]]","[[""6-2-3"", 0.0291], [""3-6-2"", 0.0231], [""6-3-2"", 0.0225], [""6-2-1"", 0.0201]]",,,False,False,0.7834,中,"{""逃げ"": 48.1, ""まくり"": 19.3, ""まくり差し"": 14.1, ""差し"": 11.5, ""抜き"": 6.2, ""恵まれ"": 0.9}","[""0〜600円"", ""600〜750円"", ""750〜900円"", ""900〜1060円"", ""1060〜1220円"", ""1220〜1410円"", ""1410〜1640円"", ""1640〜1890円"", ""1890〜2200円"", ""2200〜2560円"", ""2560〜3020円"", ""3020〜3580円"", ""3580〜4290円"", ""4290〜5220円"", ""5220〜6490円"", ""6490〜8320円"", ""8320〜11230円"", ""11230〜16260円"", ""16260〜28299円"", ""28299円〜""]","[2.6, 3.4, 4.9, 5.0, 4.7, 4.6, 4.8, 4.7, 5.0, 4.3, 4.9, 5.5, 4.8, 6.1, 5.5, 6.8, 5.5, 6.1, 5.4, 5.5]","[-2.4, -1.6, -0.1, -0.0, -0.3, -0.4, -0.2, -0.3, 0.0, -0.7, -0.1, 0.5, -0.2, 1.1, 0.5, 1.8, 0.5, 1.1, 0.4, 0.5]"
20260727,01,5,1,51.8,"[[""1-2-6"", 0.0743], [""1-6-2"", 0.0673], [""1-2-5"", 0.0465], [""1-2-3"", 0.0408], [""1-6-5"", 0.0344], [""1-6-3"", 0.0302], [""1-2-4"", 0.0243], [""1-6-4"", 0.018]]",2,31.1,"[[""2-1-6"", 0.0374], [""2-1-5"", 0.0235], [""2-1-3"", 0.0206], [""2-1-4"", 0.0123]]","[[""6-1-2"", 0.0328], [""1-5-2"", 0.0348], [""1-3-2"", 0.0299], [""1-5-6"", 0.0284]]",,,False,False,0.7834,中,"{""逃げ"": 48.1, ""まくり"": 19.3, ""まくり差し"": 14.1, ""差し"": 11.5, ""抜き"": 6.2, ""恵まれ"": 0.9}","[""0〜600円"", ""600〜750円"", ""750〜900円"", ""900〜1060円"", ""1060〜1220円"", ""1220〜1410円"", ""1410〜1640円"", ""1640〜1890円"", ""1890〜2200円"", ""2200〜2560円"", ""2560〜3020円"", ""3020〜3580円"", ""3580〜4290円"", ""4290〜5220円"", ""5220〜6490円"", ""6490〜8320円"", ""8320〜11230円"", ""11230〜16260円"", ""16260〜28299円"", ""28299円〜""]","[2.6, 3.4, 4.9, 5.0, 4.7, 4.6, 4.8, 4.7, 5.0, 4.3, 4.9, 5.5, 4.8, 6.1, 5.5, 6.8, 5.5, 6.1, 5.4, 5.5]","[-2.4, -1.6, -0.1, -0.0, -0.3, -0.4, -0.2, -0.3, 0.0, -0.7, -0.1, 0.5, -0.2, 1.1, 0.5, 1.8, 0.5, 1.1, 0.4, 0.5]"
20260727,01,6,1,44.1,"[[""1-3-2"", 0.0586], [""1-3-5"", 0.0638], [""1-2-3"", 0.0505], [""1-5-3"", 0.0532], [""1-3-4"", 0.0525], [""1-4-3"", 0.0419], [""1-2-5"", 0.0376], [""1-5-2"", 0.0364], [""1-2-4"", 0.0309]]",3,46.5,"[[""3-1-2"", 0.026], [""3-1-5"", 0.0283], [""3-1-4"", 0.0233]]","[[""1-4-2"", 0.0286], [""1-5-4"", 0.0266], [""2-1-3"", 0.0214], [""1-4-5"", 0.0255]]",,,False,True,0.8175,中,"{""逃げ"": 48.1, ""まくり"": 19.3, ""まくり差し"": 14.1, ""差し"": 11.5, ""抜き"": 6.2, ""恵まれ"": 0.9}","[""0〜600円"", ""600〜750円"", ""750〜900円"", ""900〜1060円"", ""1060〜1220円"", ""1220〜1410円"", ""1410〜1640円"", ""1640〜1890円"", ""1890〜2200円"", ""2200〜2560円"", ""2560〜3020円"", ""3020〜3580円"", ""3580〜4290円"", ""4290〜5220円"", ""5220〜6490円"", ""6490〜8320円"", ""8320〜11230円"", ""11230〜16260円"", ""16260〜28299円"", ""28299円〜""]","[2.6, 3.4, 4.9, 5.0, 4.7, 4.6, 4.8, 4.7, 5.0, 4.3, 4.9, 5.5, 4.8, 6.1, 5.5, 6.8, 5.5, 6.1, 5.4, 5.5]","[-2.4, -1.6, -0.1, -0.0, -0.3, -0.4, -0.2, -0.3, 0.0, -0.7, -0.1, 0.5, -0.2, 1.1, 0.5, 1.8, 0.5, 1.1, 0.4, 0.5]"
20260727,01,7,1,57.7,"[[""1-3-2"", 0.1099], [""1-3-5"", 0.0938], [""1-3-4"", 0.0877], [""1-3-6"", 0.0318]]",3,18.4,"[[""3-1-2"", 0.0536], [""3-1-5"", 0.0457], [""3-1-4"", 0.0428], [""3-1-6"", 0.0155]]","[[""1-2-3"", 0.0577], [""1-5-3"", 0.0464], [""1-4-3"", 0.0431], [""2-1-3"", 0.0236]]",1-3,0.5174,True,True,0.8175,中,"{""逃げ"": 48.1, ""まくり"": 19.3, ""まくり差し"": 14.1, ""差し"": 11.5, ""抜き"": 6.2, ""恵まれ"": 0.9}","[""0〜600円"", ""600〜750円"", ""750〜900円"", ""900〜1060円"", ""1060〜1220円"", ""1220〜1410円"", ""1410〜1640円"", ""1640〜1890円"", ""1890〜2200円"", ""2200〜2560円"", ""2560〜3020円"", ""3020〜3580円"", ""3580〜4290円"", ""4290〜5220円"", ""5220〜6490円"", ""6490〜8320円"", ""8320〜11230円"", ""11230〜16260円"", ""16260〜28299円"", ""28299円〜""]","[2.6, 3.4, 4.9, 5.0, 4.7, 4.6, 4.8, 4.7, 5.0, 4.3, 4.9, 5.5, 4.8, 6.1, 5.5, 6.8, 5.5, 6.1, 5.4, 5.5]","[-2.4, -1.6, -0.1, -0.0, -0.3, -0.4, -0.2, -0.3, 0.0, -0.7, -0.1, 0.5, -0.2, 1.1, 0.5, 1.8, 0.5, 1.1, 0.4, 0.5]"
20260727,01,8,1,63.3,"[[""1-3-5"", 0.0636], [""1-5-3"", 0.0614], [""1-3-2"", 0.0759], [""1-2-3"", 0.0715], [""1-5-2"", 0.0676], [""1-2-5"", 0.0659], [""1-3-6"", 0.0269], [""1-5-6"", 0.024], [""1-2-6"", 0.0219]]",3,51.7,"[[""3-1-5"", 0.0254], [""3-1-2"", 0.0303], [""3-1-6"", 0.0108]]","[[""5-1-3"", 0.0243], [""2-1-3"", 0.0281], [""5-1-2"", 0.0268], [""2-1-5"", 0.0259]]",,,False,False,0.7834,中,"{""逃げ"": 48.1, ""まくり"": 19.3, ""まくり差し"": 14.1, ""差し"": 11.5, ""抜き"": 6.2, ""恵まれ"": 0.9}","[""0〜600円"", ""600〜750円"", ""750〜900円"", ""900〜1060円"", ""1060〜1220円"", ""1220〜1410円"", ""1410〜1640円"", ""1640〜1890円"", ""1890〜2200円"", ""2200〜2560円"", ""2560〜3020円"", ""3020〜3580円"", ""3580〜4290円"", ""4290〜5220円"", ""5220〜6490円"", ""6490〜8320円"", ""8320〜11230円"", ""11230〜16260円"", ""16260〜28299円"", ""28299円〜""]","[2.6, 3.4, 4.9, 5.0, 4.7, 4.6, 4.8, 4.7, 5.0, 4.3, 4.9, 5.5, 4.8, 6.1, 5.5, 6.8, 5.5, 6.1, 5.4, 5.5]","[-2.4, -1.6, -0.1, -0.0, -0.3, -0.4, -0.2, -0.3, 0.0, -0.7, -0.1, 0.5, -0.2, 1.1, 0.5, 1.8, 0.5, 1.1, 0.4, 0.5]"
20260727,01,9,1,57.9,"[[""1-2-3"", 0.0732], [""1-2-4"", 0.0742], [""1-2-5"", 0.0478], [""1-2-6"", 0.012]]",2,23.0,"[[""2-1-3"", 0.0426], [""2-1-4"", 0.0432], [""2-1-5"", 0.0278]]","[[""1-3-2"", 0.0553], [""1-4-2"", 0.0533], [""3-1-2"", 0.029], [""1-5-2"", 0.0316]]",1-2,0.3535,False,True,0.8175,中,"{""逃げ"": 48.1, ""まくり"": 19.3, ""まくり差し"": 14.1, ""差し"": 11.5, ""抜き"": 6.2, ""恵まれ"": 0.9}","[""0〜600円"", ""600〜750円"", ""750〜900円"", ""900〜1060円"", ""1060〜1220円"", ""1220〜1410円"", ""1410〜1640円"", ""1640〜1890円"", ""1890〜2200円"", ""2200〜2560円"", ""2560〜3020円"", ""3020〜3580円"", ""3580〜4290円"", ""4290〜5220円"", ""5220〜6490円"", ""6490〜8320円"", ""8320〜11230円"", ""11230〜16260円"", ""16260〜28299円"", ""28299円〜""]","[2.6, 3.4, 4.9, 5.0, 4.7, 4.6, 4.8, 4.7, 5.0, 4.3, 4.9, 5.5, 4.8, 6.1, 5.5, 6.8, 5.5, 6.1, 5.4, 5.5]","[-2.4, -1.6, -0.1, -0.0, -0.3, -0.4, -0.2, -0.3, 0.0, -0.7, -0.1, 0.5, -0.2, 1.1, 0.5, 1.8, 0.5, 1.1, 0.4, 0.5]"
20260727,01,10,1,57.5,"[[""1-4-3"", 0.0764], [""1-3-4"", 0.0694], [""1-4-2"", 0.0754], [""1-2-4"", 0.0632], [""1-4-5"", 0.0563], [""1-3-2"", 0.0547], [""1-2-3"", 0.0505], [""1-5-4"", 0.0443], [""1-3-5"", 0.0409]]",2,55.3,"[[""2-1-4"", 0.0189], [""2-1-3"", 0.0151]]","[[""1-5-3"", 0.0354], [""4-1-3"", 0.0237], [""1-2-5"", 0.0292], [""1-5-2"", 0.0274]]",,,False,False,0.7834,強,"{""逃げ"": 64.9, ""まくり差し"": 11.8, ""まくり"": 11.1, ""差し"": 6.9, ""抜き"": 4.5, ""恵まれ"": 0.7}","[""0〜600円"", ""600〜750円"", ""750〜900円"", ""900〜1060円"", ""1060〜1220円"", ""1220〜1410円"", ""1410〜1640円"", ""1640〜1890円"", ""1890〜2200円"", ""2200〜2560円"", ""2560〜3020円"", ""3020〜3580円"", ""3580〜4290円"", ""4290〜5220円"", ""5220〜6490円"", ""6490〜8320円"", ""8320〜11230円"", ""11230〜16260円"", ""16260〜28299円"", ""28299円〜""]","[7.1, 7.2, 6.1, 6.1, 6.0, 5.6, 5.0, 5.5, 3.8, 4.3, 4.2, 4.4, 4.0, 4.4, 3.7, 3.8, 3.5, 4.7, 5.2, 5.5]","[2.1, 2.2, 1.1, 1.1, 1.0, 0.6, 0.0, 0.5, -1.2, -0.7, -0.8, -0.6, -1.0, -0.6, -1.3, -1.2, -1.5, -0.3, 0.2, 0.5]"
20260727,01,11,1,53.6,"[[""1-3-4"", 0.062], [""1-4-3"", 0.0574], [""1-3-2"", 0.0684], [""1-2-3"", 0.0606], [""1-4-2"", 0.0522], [""1-2-4"", 0.0499], [""1-3-5"", 0.0476], [""1-5-3"", 0.0388], [""1-4-5"", 0.0363]]",2,27.2,"[[""2-1-3"", 0.0207], [""2-1-4"", 0.017], [""2-1-5"", 0.0102]]","[[""1-5-4"", 0.0319], [""1-2-5"", 0.03], [""3-1-4"", 0.0218], [""1-5-2"", 0.0276]]",,,False,False,0.7834,強,"{""逃げ"": 64.9, ""まくり差し"": 11.8, ""まくり"": 11.1, ""差し"": 6.9, ""抜き"": 4.5, ""恵まれ"": 0.7}","[""0〜600円"", ""600〜750円"", ""750〜900円"", ""900〜1060円"", ""1060〜1220円"", ""1220〜1410円"", ""1410〜1640円"", ""1640〜1890円"", ""1890〜2200円"", ""2200〜2560円"", ""2560〜3020円"", ""3020〜3580円"", ""3580〜4290円"", ""4290〜5220円"", ""5220〜6490円"", ""6490〜8320円"", ""8320〜11230円"", ""11230〜16260円"", ""16260〜28299円"", ""28299円〜""]","[7.1, 7.2, 6.1, 6.1, 6.0, 5.6, 5.0, 5.5, 3.8, 4.3, 4.2, 4.4, 4.0, 4.4, 3.7, 3.8, 3.5, 4.7, 5.2, 5.5]","[2.1, 2.2, 1.1, 1.1, 1.0, 0.6, 0.0, 0.5, -1.2, -0.7, -0.8, -0.6, -1.0, -0.6, -1.3, -1.2, -1.5, -0.3, 0.2, 0.5]"
20260727,01,12,1,59.5,"[[""1-2-3"", 0.0839], [""1-3-2"", 0.0831], [""1-2-4"", 0.0666], [""1-3-4"", 0.0647], [""1-4-2"", 0.0569], [""1-4-3"", 0.0558], [""1-2-6"", 0.0305], [""1-3-6"", 0.0296], [""1-2-5"", 0.0245]]",3,39.3,"[[""3-1-2"", 0.0271], [""3-1-4"", 0.0211]]","[[""2-1-3"", 0.0274], [""1-3-5"", 0.0237], [""1-6-2"", 0.0229], [""1-6-3"", 0.0225]]",,,False,True,0.8175,強,"{""逃げ"": 64.9, ""まくり差し"": 11.8, ""まくり"": 11.1, ""差し"": 6.9, ""抜き"": 4.5, ""恵まれ"": 0.7}","[""0〜600円"", ""600〜750円"", ""750〜900円"", ""900〜1060円"", ""1060〜1220円"", ""1220〜1410円"", ""1410〜1640円"", ""1640〜1890円"", ""1890〜2200円"", ""2200〜2560円"", ""2560〜3020円"", ""3020〜3580円"", ""3580〜4290円"", ""4290〜5220円"", ""5220〜6490円"", ""6490〜8320円"", ""8320〜11230円"", ""11230〜16260円"", ""16260〜28299円"", ""28299円〜""]","[7.1, 7.2, 6.1, 6.1, 6.0, 5.6, 5.0, 5.5, 3.8, 4.3, 4.2, 4.4, 4.0, 4.4, 3.7, 3.8, 3.5, 4.7, 5.2, 5.5]","[2.1, 2.2, 1.1, 1.1, 1.0, 0.6, 0.0, 0.5, -1.2, -0.7, -0.8, -0.6, -1.0, -0.6, -1.3, -1.2, -1.5, -0.3, 0.2, 0.5]"
20260727,02,1,1,26.5,"[[""1-2-5"", 0.054], [""1-5-2"", 0.0493], [""1-2-4"", 0.0331], [""1-2-3"", 0.0287], [""1-5-4"", 0.025], [""1-5-3"", 0.0217], [""1-2-6"", 0.0185], [""1-5-6"", 0.014]]",2,,"[[""2-1-5"", 0.0398], [""2-1-4"", 0.0244], [""2-1-3"", 0.0212], [""2-1-6"", 0.0136]]","[[""5-1-2"", 0.0348], [""2-5-1"", 0.0241], [""5-2-1"", 0.0231], [""1-4-2"", 0.0247]]",,,False,False,0.7834,弱,"{""まくり"": 37.1, ""逃げ"": 25.1, ""差し"": 17.7, ""まくり差し"": 11.9, ""抜き"": 7.4, ""恵まれ"": 0.7}","[""0〜600円"", ""600〜750円"", ""750〜900円"", ""900〜1060円"", ""1060〜1220円"", ""1220〜1410円"", ""1410〜1640円"", ""1640〜1890円"", ""1890〜2200円"", ""2200〜2560円"", ""2560〜3020円"", ""3020〜3580円"", ""3580〜4290円"", ""4290〜5220円"", ""5220〜6490円"", ""6490〜8320円"", ""8320〜11230円"", ""11230〜16260円"", ""16260〜28299円"", ""28299円〜""]","[0.3, 0.5, 1.8, 2.1, 2.6, 3.4, 4.8, 5.8, 5.2, 6.4, 7.0, 7.3, 7.9, 6.0, 7.6, 7.7, 7.7, 6.9, 4.9, 4.1]","[-4.7, -4.5, -3.2, -2.9, -2.4, -1.6, -0.2, 0.8, 0.2, 1.4, 2.0, 2.3, 2.9, 1.0, 2.6, 2.7, 2.7, 1.9, -0.1, -0.9]"
20260727,02,2,1,59.6,"[[""1-3-2"", 0.0404], [""1-3-4"", 0.0449], [""1-2-3"", 0.0311], [""1-4-3"", 0.0337], [""1-3-6"", 0.0333], [""1-3-5"", 0.0265], [""1-6-3"", 0.0237], [""1-5-3"", 0.0183], [""1-2-4"", 0.0178]]",3,30.1,"[[""3-1-2"", 0.0314], [""3-1-4"", 0.0348], [""3-1-6"", 0.0258], [""3-1-5"", 0.0206]]","[[""2-1-3"", 0.0211], [""4-1-3"", 0.0226], [""3-2-1"", 0.0177], [""3-4-1"", 0.0194]]",,,False,True,0.8175,弱,"{""まくり"": 37.1, ""逃げ"": 25.1, ""差し"": 17.7, ""まくり差し"": 11.9, ""抜き"": 7.4, ""恵まれ"": 0.7}","[""0〜600円"", ""600〜750円"", ""750〜900円"", ""900〜1060円"", ""1060〜1220円"", ""1220〜1410円"", ""1410〜1640円"", ""1640〜1890円"", ""1890〜2200円"", ""2200〜2560円"", ""2560〜3020円"", ""3020〜3580円"", ""3580〜4290円"", ""4290〜5220円"", ""5220〜6490円"", ""6490〜8320円"", ""8320〜11230円"", ""11230〜16260円"", ""16260〜28299円"", ""28299円〜""]","[0.3, 0.5, 1.8, 2.1, 2.6, 3.4, 4.8, 5.8, 5.2, 6.4, 7.0, 7.3, 7.9, 6.0, 7.6, 7.7, 7.7, 6.9, 4.9, 4.1]","[-4.7, -4.5, -3.2, -2.9, -2.4, -1.6, -0.2, 0.8, 0.2, 1.4, 2.0, 2.3, 2.9, 1.0, 2.6, 2.7, 2.7, 1.9, -0.1, -0.9]"
20260727,02,3,1,46.7,"[[""1-3-5"", 0.0528], [""1-3-2"", 0.06], [""1-3-4"", 0.0227]]",2,41.5,"[[""2-1-3"", 0.0323], [""2-1-5"", 0.018]]","[[""3-1-5"", 0.0476], [""3-1-2"", 0.0541], [""1-5-3"", 0.0392], [""1-2-3"", 0.043]]",,,False,False,0.7834,弱,"{""まくり"": 37.1, ""逃げ"": 25.1, ""差し"": 17.7, ""まくり差し"": 11.9, ""抜き"": 7.4, ""恵まれ"": 0.7}","[""0〜600円"", ""600〜750円"", ""750〜900円"", ""900〜1060円"", ""1060〜1220円"", ""1220〜1410円"", ""1410〜1640円"", ""1640〜1890円"", ""1890〜2200円"", ""2200〜2560円"", ""2560〜3020円"", ""3020〜3580円"", ""3580〜4290円"", ""4290〜5220円"", ""5220〜6490円"", ""6490〜8320円"", ""8320〜11230円"", ""11230〜16260円"", ""16260〜28299円"", ""28299円〜""]","[0.3, 0.5, 1.8, 2.1, 2.6, 3.4, 4.8, 5.8, 5.2, 6.4, 7.0, 7.3, 7.9, 6.0, 7.6, 7.7, 7.7, 6.9, 4.9, 4.1]","[-4.7, -4.5, -3.2, -2.9, -2.4, -1.6, -0.2, 0.8, 0.2, 1.4, 2.0, 2.3, 2.9, 1.0, 2.6, 2.7, 2.7, 1.9, -0.1, -0.9]"
20260727,02,4,1,56.2,"[[""1-2-3"", 0.0481], [""1-3-2"", 0.0418], [""1-2-5"", 0.0487], [""1-5-2"", 0.0397], [""1-3-5"", 0.0312], [""1-5-3"", 0.0293], [""1-2-4"", 0.0217], [""1-4-2"", 0.0153], [""1-3-4"", 0.0139]]",2,37.3,"[[""2-1-3"", 0.0391], [""2-1-5"", 0.0396], [""2-1-4"", 0.0177]]","[[""3-1-2"", 0.0315], [""2-3-1"", 0.0258], [""3-2-1"", 0.024], [""5-1-2"", 0.0289]]",,,False,True,0.8175,弱,"{""まくり"": 37.1, ""逃げ"": 25.1, ""差し"": 17.7, ""まくり差し"": 11.9, ""抜き"": 7.4, ""恵まれ"": 0.7}","[""0〜600円"", ""600〜750円"", ""750〜900円"", ""900〜1060円"", ""1060〜1220円"", ""1220〜1410円"", ""1410〜1640円"", ""1640〜1890円"", ""1890〜2200円"", ""2200〜2560円"", ""2560〜3020円"", ""3020〜3580円"", ""3580〜4290円"", ""4290〜5220円"", ""5220〜6490円"", ""6490〜8320円"", ""8320〜11230円"", ""11230〜16260円"", ""16260〜28299円"", ""28299円〜""]","[0.3, 0.5, 1.8, 2.1, 2.6, 3.4, 4.8, 5.8, 5.2, 6.4, 7.0, 7.3, 7.9, 6.0, 7.6, 7.7, 7.7, 6.9, 4.9, 4.1]","[-4.7, -4.5, -3.2, -2.9, -2.4, -1.6, -0.2, 0.8, 0.2, 1.4, 2.0, 2.3, 2.9, 1.0, 2.6, 2.7, 2.7, 1.9, -0.1, -0.9]"
20260727,02,5,1,56.5,"[[""1-4-3"", 0.1169], [""1-4-2"", 0.0922], [""1-4-5"", 0.0444], [""1-4-6"", 0.0169]]",4,29.0,"[[""4-1-3"", 0.0655], [""4-1-2"", 0.0517], [""4-1-5"", 0.0249]]","[[""1-3-4"", 0.071], [""1-2-4"", 0.0503], [""3-1-4"", 0.034], [""4-3-1"", 0.0197]]",1-4,0.4722,False,False,0.7834,中,"{""逃げ"": 39.0, ""まくり"": 24.3, ""まくり差し"": 12.8, ""差し"": 14.8, ""抜き"": 8.1, ""恵まれ"": 0.9}","[""0〜600円"", ""600〜750円"", ""750〜900円"", ""900〜1060円"", ""1060〜1220円"", ""1220〜1410円"", ""1410〜1640円"", ""1640〜1890円"", ""1890〜2200円"", ""2200〜2560円"", ""2560〜3020円"", ""3020〜3580円"", ""3580〜4290円"", ""4290〜5220円"", ""5220〜6490円"", ""6490〜8320円"", ""8320〜11230円"", ""11230〜16260円"", ""16260〜28299円"", ""28299円〜""]","[1.0, 2.0, 3.2, 3.4, 4.5, 4.0, 5.0, 5.1, 6.0, 6.1, 4.5, 5.6, 7.0, 6.0, 5.8, 7.0, 6.7, 6.0, 5.5, 5.4]","[-4.0, -3.0, -1.8, -1.6, -0.5, -1.0, 0.0, 0.1, 1.0, 1.1, -0.5, 0.6, 2.0, 1.0, 0.8, 2.0, 1.7, 1.0, 0.5, 0.4]"
20260727,02,6,4,52.9,"[[""4-1-5"", 0.0487], [""4-1-3"", 0.038], [""4-1-2"", 0.0321]]",1,21.5,"[[""1-4-5"", 0.0449], [""1-4-3"", 0.0351], [""1-4-2"", 0.0296]]","[[""4-5-1"", 0.0385], [""1-5-4"", 0.0319], [""5-4-1"", 0.0311], [""5-1-4"", 0.0279]]",1-4,0.2665,False,False,0.7834,強,"{""逃げ"": 55.9, ""まくり"": 16.3, ""まくり差し"": 10.5, ""差し"": 10.2, ""抜き"": 6.5, ""恵まれ"": 0.8}","[""0〜600円"", ""600〜750円"", ""750〜900円"", ""900〜1060円"", ""1060〜1220円"", ""1220〜1410円"", ""1410〜1640円"", ""1640〜1890円"", ""1890〜2200円"", ""2200〜2560円"", ""2560〜3020円"", ""3020〜3580円"", ""3580〜4290円"", ""4290〜5220円"", ""5220〜6490円"", ""6490〜8320円"", ""8320〜11230円"", ""11230〜16260円"", ""16260〜28299円"", ""28299円〜""]","[2.5, 4.6, 5.2, 5.4, 5.0, 4.8, 5.4, 4.3, 5.2, 5.6, 5.2, 5.1, 4.7, 4.3, 5.0, 5.9, 5.7, 5.4, 5.5, 5.2]","[-2.5, -0.4, 0.2, 0.4, 0.0, -0.2, 0.4, -0.7, 0.2, 0.6, 0.2, 0.1, -0.3, -0.7, -0.0, 0.9, 0.7, 0.4, 0.5, 0.2]"
20260727,02,7,1,50.9,"[[""1-4-3"", 0.0512], [""1-3-4"", 0.0483], [""1-4-2"", 0.0461], [""1-2-4"", 0.0386], [""1-3-2"", 0.0385], [""1-2-3"", 0.0341], [""1-4-5"", 0.021], [""1-3-5"", 0.0175], [""1-5-4"", 0.0153]]",3,22.9,"[[""3-1-4"", 0.034], [""3-1-2"", 0.027], [""3-1-5"", 0.0123]]","[[""4-1-3"", 0.0371], [""4-1-2"", 0.0334], [""4-3-1"", 0.0226], [""3-4-1"", 0.022]]",,,False,False,0.7834,弱,"{""まくり"": 37.1, ""逃げ"": 25.1, ""差し"": 17.7, ""まくり差し"": 11.9, ""抜き"": 7.4, ""恵まれ"": 0.7}","[""0〜600円"", ""600〜750円"", ""750〜900円"", ""900〜1060円"", ""1060〜1220円"", ""1220〜1410円"", ""1410〜1640円"", ""1640〜1890円"", ""1890〜2200円"", ""2200〜2560円"", ""2560〜3020円"", ""3020〜3580円"", ""3580〜4290円"", ""4290〜5220円"", ""5220〜6490円"", ""6490〜8320円"", ""8320〜11230円"", ""11230〜16260円"", ""16260〜28299円"", ""28299円〜""]","[0.3, 0.5, 1.8, 2.1, 2.6, 3.4, 4.8, 5.8, 5.2, 6.4, 7.0, 7.3, 7.9, 6.0, 7.6, 7.7, 7.7, 6.9, 4.9, 4.1]","[-4.7, -4.5, -3.2, -2.9, -2.4, -1.6, -0.2, 0.8, 0.2, 1.4, 2.0, 2.3, 2.9, 1.0, 2.6, 2.7, 2.7, 1.9, -0.1, -0.9]"
20260727,02,8,3,56.2,"[[""3-1-6"", 0.0147], [""3-6-1"", 0.0142], [""3-1-4"", 0.0166], [""3-1-2"", 0.0165], [""3-4-1"", 0.0155], [""3-2-1"", 0.0154], [""3-6-4"", 0.0146], [""3-6-2"", 0.0146], [""3-4-6"", 0.0141]]",2,55.9,"[[""2-3-1"", 0.0143], [""2-1-3"", 0.0138], [""2-3-6"", 0.013], [""2-6-3"", 0.0122], [""2-3-4"", 0.0115], [""2-1-6"", 0.0113]]","[[""1-3-6"", 0.0143], [""6-3-1"", 0.0135], [""1-6-3"", 0.0133], [""6-1-3"", 0.013]]",,,False,False,0.7834,弱,"{""まくり"": 37.1, ""逃げ"": 25.1, ""差し"": 17.7, ""まくり差し"": 11.9, ""抜き"": 7.4, ""恵まれ"": 0.7}","[""0〜600円"", ""600〜750円"", ""750〜900円"", ""900〜1060円"", ""1060〜1220円"", ""1220〜1410円"", ""1410〜1640円"", ""1640〜1890円"", ""1890〜2200円"", ""2200〜2560円"", ""2560〜3020円"", ""3020〜3580円"", ""3580〜4290円"", ""4290〜5220円"", ""5220〜6490円"", ""6490〜8320円"", ""8320〜11230円"", ""11230〜16260円"", ""16260〜28299円"", ""28299円〜""]","[0.3, 0.5, 1.8, 2.1, 2.6, 3.4, 4.8, 5.8, 5.2, 6.4, 7.0, 7.3, 7.9, 6.0, 7.6, 7.7, 7.7, 6.9, 4.9, 4.1]","[-4.7, -4.5, -3.2, -2.9, -2.4, -1.6, -0.2, 0.8, 0.2, 1.4, 2.0, 2.3, 2.9, 1.0, 2.6, 2.7, 2.7, 1.9, -0.1, -0.9]"
20260727,02,9,3,55.9,"[[""3-1-4"", 0.0224], [""3-4-1"", 0.0224], [""3-1-2"", 0.0188], [""3-4-2"", 0.0187], [""3-1-6"", 0.0175], [""3-4-6"", 0.0175], [""3-2-1"", 0.0166], [""3-2-4"", 0.0166], [""3-6-1"", 0.0153]]",1,,"[[""1-3-4"", 0.0199], [""1-4-3"", 0.017], [""1-3-2"", 0.0167], [""1-3-6"", 0.0156], [""1-2-3"", 0.0128], [""1-6-3"", 0.0118]]","[[""4-3-1"", 0.0199], [""4-1-3"", 0.017], [""4-3-2"", 0.0166], [""4-3-6"", 0.0155]]",,,False,False,0.7834,中,"{""逃げ"": 39.0, ""まくり"": 24.3, ""まくり差し"": 12.8, ""差し"": 14.8, ""抜き"": 8.1, ""恵まれ"": 0.9}","[""0〜600円"", ""600〜750円"", ""750〜900円"", ""900〜1060円"", ""1060〜1220円"", ""1220〜1410円"", ""1410〜1640円"", ""1640〜1890円"", ""1890〜2200円"", ""2200〜2560円"", ""2560〜3020円"", ""3020〜3580円"", ""3580〜4290円"", ""4290〜5220円"", ""5220〜6490円"", ""6490〜8320円"", ""8320〜11230円"", ""11230〜16260円"", ""16260〜28299円"", ""28299円〜""]","[1.0, 2.0, 3.2, 3.4, 4.5, 4.0, 5.0, 5.1, 6.0, 6.1, 4.5, 5.6, 7.0, 6.0, 5.8, 7.0, 6.7, 6.0, 5.5, 5.4]","[-4.0, -3.0, -1.8, -1.6, -0.5, -1.0, 0.0, 0.1, 1.0, 1.1, -0.5, 0.6, 2.0, 1.0, 0.8, 2.0, 1.7, 1.0, 0.5, 0.4]"
20260727,02,10,3,52.9,"[[""3-2-1"", 0.0377], [""3-2-4"", 0.0389], [""3-1-2"", 0.03], [""3-4-2"", 0.0295], [""3-2-5"", 0.0201], [""3-2-6"", 0.0188], [""3-1-4"", 0.0183], [""3-4-1"", 0.0174], [""3-5-2"", 0.0137]]",2,22.1,"[[""2-3-1"", 0.0348], [""2-3-4"", 0.0358], [""2-3-5"", 0.0185], [""2-3-6"", 0.0173]]","[[""2-1-3"", 0.0249], [""1-3-2"", 0.0241], [""1-2-3"", 0.0217], [""2-4-3"", 0.0246]]",,,False,True,0.8175,強,"{""逃げ"": 55.9, ""まくり"": 16.3, ""まくり差し"": 10.5, ""差し"": 10.2, ""抜き"": 6.5, ""恵まれ"": 0.8}","[""0〜600円"", ""600〜750円"", ""750〜900円"", ""900〜1060円"", ""1060〜1220円"", ""1220〜1410円"", ""1410〜1640円"", ""1640〜1890円"", ""1890〜2200円"", ""2200〜2560円"", ""2560〜3020円"", ""3020〜3580円"", ""3580〜4290円"", ""4290〜5220円"", ""5220〜6490円"", ""6490〜8320円"", ""8320〜11230円"", ""11230〜16260円"", ""16260〜28299円"", ""28299円〜""]","[2.5, 4.6, 5.2, 5.4, 5.0, 4.8, 5.4, 4.3, 5.2, 5.6, 5.2, 5.1, 4.7, 4.3, 5.0, 5.9, 5.7, 5.4, 5.5, 5.2]","[-2.5, -0.4, 0.2, 0.4, 0.0, -0.2, 0.4, -0.7, 0.2, 0.6, 0.2, 0.1, -0.3, -0.7, -0.0, 0.9, 0.7, 0.4, 0.5, 0.2]"
20260727,02,11,1,51.8,"[[""1-3-2"", 0.0573], [""1-2-3"", 0.0522], [""1-3-4"", 0.0535], [""1-2-4"", 0.0406], [""1-3-5"", 0.0123], [""1-3-6"", 0.0111]]",3,29.0,"[[""3-1-2"", 0.0436], [""3-1-4"", 0.0408]]","[[""2-1-3"", 0.038], [""1-4-3"", 0.0443], [""1-4-2"", 0.0369], [""3-2-1"", 0.0275]]",,,False,True,0.8175,中,"{""逃げ"": 39.0, ""まくり"": 24.3, ""まくり差し"": 12.8, ""差し"": 14.8, ""抜き"": 8.1, ""恵まれ"": 0.9}","[""0〜600円"", ""600〜750円"", ""750〜900円"", ""900〜1060円"", ""1060〜1220円"", ""1220〜1410円"", ""1410〜1640円"", ""1640〜1890円"", ""1890〜2200円"", ""2200〜2560円"", ""2560〜3020円"", ""3020〜3580円"", ""3580〜4290円"", ""4290〜5220円"", ""5220〜6490円"", ""6490〜8320円"", ""8320〜11230円"", ""11230〜16260円"", ""16260〜28299円"", ""28299円〜""]","[1.0, 2.0, 3.2, 3.4, 4.5, 4.0, 5.0, 5.1, 6.0, 6.1, 4.5, 5.6, 7.0, 6.0, 5.8, 7.0, 6.7, 6.0, 5.5, 5.4]","[-4.0, -3.0, -1.8, -1.6, -0.5, -1.0, 0.0, 0.1, 1.0, 1.1, -0.5, 0.6, 2.0, 1.0, 0.8, 2.0, 1.7, 1.0, 0.5, 0.4]"
20260727,02,12,1,49.3,"[[""1-2-3"", 0.0698], [""1-3-2"", 0.0538], [""1-2-6"", 0.06], [""1-2-4"", 0.057], [""1-2-5"", 0.0554], [""1-6-2"", 0.043], [""1-4-2"", 0.0405], [""1-5-2"", 0.0392], [""1-3-6"", 0.0244]]",2,25.9,"[[""2-1-3"", 0.0265], [""2-1-6"", 0.0228], [""2-1-4"", 0.0217], [""2-1-5"", 0.021]]","[[""3-1-2"", 0.0191], [""1-3-4"", 0.0232], [""1-6-3"", 0.0227], [""1-3-5"", 0.0225]]",,,False,True,0.8175,強,"{""逃げ"": 55.9, ""まくり"": 16.3, ""まくり差し"": 10.5, ""差し"": 10.2, ""抜き"": 6.5, ""恵まれ"": 0.8}","[""0〜600円"", ""600〜750円"", ""750〜900円"", ""900〜1060円"", ""1060〜1220円"", ""1220〜1410円"", ""1410〜1640円"", ""1640〜1890円"", ""1890〜2200円"", ""2200〜2560円"", ""2560〜3020円"", ""3020〜3580円"", ""3580〜4290円"", ""4290〜5220円"", ""5220〜6490円"", ""6490〜8320円"", ""8320〜11230円"", ""11230〜16260円"", ""16260〜28299円"", ""28299円〜""]","[2.5, 4.6, 5.2, 5.4, 5.0, 4.8, 5.4, 4.3, 5.2, 5.6, 5.2, 5.1, 4.7, 4.3, 5.0, 5.9, 5.7, 5.4, 5.5, 5.2]","[-2.5, -0.4, 0.2, 0.4, 0.0, -0.2, 0.4, -0.7, 0.2, 0.6, 0.2, 0.1, -0.3, -0.7, -0.0, 0.9, 0.7, 0.4, 0.5, 0.2]"
20260727,03,1,1,57.3,"[[""1-3-2"", 0.0664], [""1-3-4"", 0.0794], [""1-2-3"", 0.0597], [""1-4-3"", 0.0709], [""1-3-5"", 0.0554], [""1-2-4"", 0.0537], [""1-4-2"", 0.0534], [""1-5-3"", 0.0454], [""1-2-5"", 0.0375]]",3,27.7,"[[""3-1-2"", 0.0161], [""3-1-4"", 0.0192], [""3-1-5"", 0.0134]]","[[""1-4-5"", 0.0364], [""1-5-2"", 0.0342], [""1-5-4"", 0.0334], [""1-3-6"", 0.0242]]",,,False,True,0.8175,強,"{""逃げ"": 56.7, ""差し"": 10.3, ""まくり"": 15.8, ""まくり差し"": 7.7, ""抜き"": 8.8, ""恵まれ"": 0.9}","[""0〜600円"", ""600〜750円"", ""750〜900円"", ""900〜1060円"", ""1060〜1220円"", ""1220〜1410円"", ""1410〜1640円"", ""1640〜1890円"", ""1890〜2200円"", ""2200〜2560円"", ""2560〜3020円"", ""3020〜3580円"", ""3580〜4290円"", ""4290〜5220円"", ""5220〜6490円"", ""6490〜8320円"", ""8320〜11230円"", ""11230〜16260円"", ""16260〜28299円"", ""28299円〜""]","[3.3, 4.3, 5.3, 5.3, 4.5, 5.0, 5.5, 5.4, 5.5, 4.7, 5.9, 5.2, 5.2, 5.3, 5.9, 4.3, 4.8, 4.9, 5.6, 4.2]","[-1.7, -0.7, 0.3, 0.3, -0.5, 0.0, 0.5, 0.4, 0.5, -0.3, 0.9, 0.2, 0.2, 0.3, 0.9, -0.7, -0.2, -0.1, 0.6, -0.8]"
20260727,03,2,1,58.7,"[[""1-2-3"", 0.0943], [""1-2-5"", 0.1128], [""1-2-4"", 0.0695], [""1-2-6"", 0.0335]]",2,21.5,"[[""2-1-3"", 0.0556], [""2-1-5"", 0.0665], [""2-1-4"", 0.041], [""2-1-6"", 0.0197]]","[[""1-3-2"", 0.0452], [""1-5-2"", 0.054], [""1-4-2"", 0.0313], [""3-1-2"", 0.0211]]",1-2,0.5263,True,True,0.8175,強,"{""逃げ"": 56.7, ""差し"": 10.3, ""まくり"": 15.8, ""まくり差し"": 7.7, ""抜き"": 8.8, ""恵まれ"": 0.9}","[""0〜600円"", ""600〜750円"", ""750〜900円"", ""900〜1060円"", ""1060〜1220円"", ""1220〜1410円"", ""1410〜1640円"", ""1640〜1890円"", ""1890〜2200円"", ""2200〜2560円"", ""2560〜3020円"", ""3020〜3580円"", ""3580〜4290円"", ""4290〜5220円"", ""5220〜6490円"", ""6490〜8320円"", ""8320〜11230円"", ""11230〜16260円"", ""16260〜28299円"", ""28299円〜""]","[3.3, 4.3, 5.3, 5.3, 4.5, 5.0, 5.5, 5.4, 5.5, 4.7, 5.9, 5.2, 5.2, 5.3, 5.9, 4.3, 4.8, 4.9, 5.6, 4.2]","[-1.7, -0.7, 0.3, 0.3, -0.5, 0.0, 0.5, 0.4, 0.5, -0.3, 0.9, 0.2, 0.2, 0.3, 0.9, -0.7, -0.2, -0.1, 0.6, -0.8]"
20260727,03,3,1,42.6,"[[""1-4-3"", 0.0959], [""1-4-2"", 0.0381], [""1-4-5"", 0.0258], [""1-4-6"", 0.0216]]",3,37.5,"[[""3-1-4"", 0.0515], [""3-1-2"", 0.016], [""3-1-5"", 0.0108]]","[[""1-3-4"", 0.0826], [""4-1-3"", 0.0634], [""4-3-1"", 0.0308], [""3-4-1"", 0.029]]",,,False,False,0.7834,中,"{""逃げ"": 46.4, ""差し"": 13.6, ""まくり"": 18.0, ""抜き"": 10.1, ""まくり差し"": 10.0, ""恵まれ"": 1.9}","[""0〜600円"", ""600〜750円"", ""750〜900円"", ""900〜1060円"", ""1060〜1220円"", ""1220〜1410円"", ""1410〜1640円"", ""1640〜1890円"", ""1890〜2200円"", ""2200〜2560円"", ""2560〜3020円"", ""3020〜3580円"", ""3580〜4290円"", ""4290〜5220円"", ""5220〜6490円"", ""6490〜8320円"", ""8320〜11230円"", ""11230〜16260円"", ""16260〜28299円"", ""28299円〜""]","[1.0, 2.6, 3.5, 4.4, 4.9, 5.7, 6.9, 4.7, 6.1, 5.3, 4.9, 5.6, 5.3, 6.2, 5.5, 5.8, 5.3, 6.9, 5.1, 4.3]","[-4.0, -2.4, -1.5, -0.6, -0.1, 0.7, 1.9, -0.3, 1.1, 0.3, -0.1, 0.6, 0.3, 1.2, 0.5, 0.8, 0.3, 1.9, 0.1, -0.7]"
20260727,03,4,1,47.6,"[[""1-3-2"", 0.0586], [""1-3-4"", 0.0623], [""1-3-5"", 0.0484], [""1-3-6"", 0.0134]]",4,40.0,"[[""4-1-3"", 0.0262], [""4-1-2"", 0.0142]]","[[""1-2-3"", 0.0448], [""3-1-2"", 0.038], [""1-4-3"", 0.0459], [""3-1-4"", 0.0404]]",,,False,True,0.8175,中,"{""逃げ"": 46.4, ""差し"": 13.6, ""まくり"": 18.0, ""抜き"": 10.1, ""まくり差し"": 10.0, ""恵まれ"": 1.9}","[""0〜600円"", ""600〜750円"", ""750〜900円"", ""900〜1060円"", ""1060〜1220円"", ""1220〜1410円"", ""1410〜1640円"", ""1640〜1890円"", ""1890〜2200円"", ""2200〜2560円"", ""2560〜3020円"", ""3020〜3580円"", ""3580〜4290円"", ""4290〜5220円"", ""5220〜6490円"", ""6490〜8320円"", ""8320〜11230円"", ""11230〜16260円"", ""16260〜28299円"", ""28299円〜""]","[1.0, 2.6, 3.5, 4.4, 4.9, 5.7, 6.9, 4.7, 6.1, 5.3, 4.9, 5.6, 5.3, 6.2, 5.5, 5.8, 5.3, 6.9, 5.1, 4.3]","[-4.0, -2.4, -1.5, -0.6, -0.1, 0.7, 1.9, -0.3, 1.1, 0.3, -0.1, 0.6, 0.3, 1.2, 0.5, 0.8, 0.3, 1.9, 0.1, -0.7]"
20260727,03,5,1,67.7,"[[""1-2-4"", 0.0531], [""1-4-2"", 0.0472], [""1-2-3"", 0.0502], [""1-3-2"", 0.0407], [""1-4-3"", 0.0347], [""1-3-4"", 0.0315], [""1-2-6"", 0.0199], [""1-2-5"", 0.0194], [""1-6-2"", 0.0139]]",2,36.4,"[[""2-1-4"", 0.0371], [""2-1-3"", 0.0351], [""2-1-6"", 0.0139], [""2-1-5"", 0.0136]]","[[""4-1-2"", 0.0312], [""2-4-1"", 0.0207], [""3-1-2"", 0.0257], [""4-2-1"", 0.0196]]",,,False,False,0.7834,中,"{""逃げ"": 46.4, ""差し"": 13.6, ""まくり"": 18.0, ""抜き"": 10.1, ""まくり差し"": 10.0, ""恵まれ"": 1.9}","[""0〜600円"", ""600〜750円"", ""750〜900円"", ""900〜1060円"", ""1060〜1220円"", ""1220〜1410円"", ""1410〜1640円"", ""1640〜1890円"", ""1890〜2200円"", ""2200〜2560円"", ""2560〜3020円"", ""3020〜3580円"", ""3580〜4290円"", ""4290〜5220円"", ""5220〜6490円"", ""6490〜8320円"", ""8320〜11230円"", ""11230〜16260円"", ""16260〜28299円"", ""28299円〜""]","[1.0, 2.6, 3.5, 4.4, 4.9, 5.7, 6.9, 4.7, 6.1, 5.3, 4.9, 5.6, 5.3, 6.2, 5.5, 5.8, 5.3, 6.9, 5.1, 4.3]","[-4.0, -2.4, -1.5, -0.6, -0.1, 0.7, 1.9, -0.3, 1.1, 0.3, -0.1, 0.6, 0.3, 1.2, 0.5, 0.8, 0.3, 1.9, 0.1, -0.7]"
20260727,03,6,1,58.9,"[[""1-3-5"", 0.04], [""1-5-3"", 0.0386], [""1-3-2"", 0.037], [""1-5-2"", 0.033], [""1-2-3"", 0.0321], [""1-2-5"", 0.0296], [""1-3-4"", 0.0204], [""1-5-4"", 0.0181], [""1-4-3"", 0.0157]]",3,24.4,"[[""3-1-5"", 0.0318], [""3-1-2"", 0.0294], [""3-1-4"", 0.0162]]","[[""5-1-3"", 0.03], [""3-5-1"", 0.0224], [""5-3-1"", 0.022], [""5-1-2"", 0.0257]]",,,False,False,0.7834,中,"{""逃げ"": 46.4, ""差し"": 13.6, ""まくり"": 18.0, ""抜き"": 10.1, ""まくり差し"": 10.0, ""恵まれ"": 1.9}","[""0〜600円"", ""600〜750円"", ""750〜900円"", ""900〜1060円"", ""1060〜1220円"", ""1220〜1410円"", ""1410〜1640円"", ""1640〜1890円"", ""1890〜2200円"", ""2200〜2560円"", ""2560〜3020円"", ""3020〜3580円"", ""3580〜4290円"", ""4290〜5220円"", ""5220〜6490円"", ""6490〜8320円"", ""8320〜11230円"", ""11230〜16260円"", ""16260〜28299円"", ""28299円〜""]","[1.0, 2.6, 3.5, 4.4, 4.9, 5.7, 6.9, 4.7, 6.1, 5.3, 4.9, 5.6, 5.3, 6.2, 5.5, 5.8, 5.3, 6.9, 5.1, 4.3]","[-4.0, -2.4, -1.5, -0.6, -0.1, 0.7, 1.9, -0.3, 1.1, 0.3, -0.1, 0.6, 0.3, 1.2, 0.5, 0.8, 0.3, 1.9, 0.1, -0.7]"
20260727,03,7,1,57.8,"[[""1-4-2"", 0.131], [""1-4-3"", 0.072], [""1-4-6"", 0.023], [""1-4-5"", 0.0217]]",2,30.7,"[[""2-1-4"", 0.0404], [""2-1-3"", 0.019]]","[[""1-2-4"", 0.1194], [""4-1-2"", 0.0452], [""1-2-3"", 0.0563], [""1-3-4"", 0.0502]]",,,False,False,0.7834,強,"{""逃げ"": 56.7, ""差し"": 10.3, ""まくり"": 15.8, ""まくり差し"": 7.7, ""抜き"": 8.8, ""恵まれ"": 0.9}","[""0〜600円"", ""600〜750円"", ""750〜900円"", ""900〜1060円"", ""1060〜1220円"", ""1220〜1410円"", ""1410〜1640円"", ""1640〜1890円"", ""1890〜2200円"", ""2200〜2560円"", ""2560〜3020円"", ""3020〜3580円"", ""3580〜4290円"", ""4290〜5220円"", ""5220〜6490円"", ""6490〜8320円"", ""8320〜11230円"", ""11230〜16260円"", ""16260〜28299円"", ""28299円〜""]","[3.3, 4.3, 5.3, 5.3, 4.5, 5.0, 5.5, 5.4, 5.5, 4.7, 5.9, 5.2, 5.2, 5.3, 5.9, 4.3, 4.8, 4.9, 5.6, 4.2]","[-1.7, -0.7, 0.3, 0.3, -0.5, 0.0, 0.5, 0.4, 0.5, -0.3, 0.9, 0.2, 0.2, 0.3, 0.9, -0.7, -0.2, -0.1, 0.6, -0.8]"
20260727,03,8,1,34.3,"[[""1-2-5"", 0.0412], [""1-5-2"", 0.0397], [""1-2-4"", 0.0272], [""1-5-4"", 0.0241], [""1-4-2"", 0.0218], [""1-2-3"", 0.0216], [""1-2-6"", 0.0206], [""1-4-5"", 0.0201], [""1-5-3"", 0.0192]]",2,34.9,"[[""2-1-5"", 0.0316], [""2-1-4"", 0.0209], [""2-1-3"", 0.0166], [""2-1-6"", 0.0159]]","[[""5-1-2"", 0.0299], [""2-5-1"", 0.0214], [""5-2-1"", 0.021], [""1-5-6"", 0.0183]]",,,False,False,0.7834,中,"{""逃げ"": 46.4, ""差し"": 13.6, ""まくり"": 18.0, ""抜き"": 10.1, ""まくり差し"": 10.0, ""恵まれ"": 1.9}","[""0〜600円"", ""600〜750円"", ""750〜900円"", ""900〜1060円"", ""1060〜1220円"", ""1220〜1410円"", ""1410〜1640円"", ""1640〜1890円"", ""1890〜2200円"", ""2200〜2560円"", ""2560〜3020円"", ""3020〜3580円"", ""3580〜4290円"", ""4290〜5220円"", ""5220〜6490円"", ""6490〜8320円"", ""8320〜11230円"", ""11230〜16260円"", ""16260〜28299円"", ""28299円〜""]","[1.0, 2.6, 3.5, 4.4, 4.9, 5.7, 6.9, 4.7, 6.1, 5.3, 4.9, 5.6, 5.3, 6.2, 5.5, 5.8, 5.3, 6.9, 5.1, 4.3]","[-4.0, -2.4, -1.5, -0.6, -0.1, 0.7, 1.9, -0.3, 1.1, 0.3, -0.1, 0.6, 0.3, 1.2, 0.5, 0.8, 0.3, 1.9, 0.1, -0.7]"
20260727,03,9,1,58.0,"[[""1-2-4"", 0.0395], [""1-4-2"", 0.0388], [""1-2-5"", 0.0457], [""1-5-2"", 0.0437], [""1-2-3"", 0.0431], [""1-4-5"", 0.0423], [""1-5-4"", 0.0412], [""1-3-2"", 0.0407], [""1-4-3"", 0.04]]",3,45.2,"[[""3-1-2"", 0.0127], [""3-1-4"", 0.012], [""3-1-5"", 0.0108]]","[[""1-3-4"", 0.0384], [""1-5-3"", 0.0353], [""1-3-5"", 0.0348], [""1-2-6"", 0.0302]]",,,False,False,0.7834,強,"{""逃げ"": 56.7, ""差し"": 10.3, ""まくり"": 15.8, ""まくり差し"": 7.7, ""抜き"": 8.8, ""恵まれ"": 0.9}","[""0〜600円"", ""600〜750円"", ""750〜900円"", ""900〜1060円"", ""1060〜1220円"", ""1220〜1410円"", ""1410〜1640円"", ""1640〜1890円"", ""1890〜2200円"", ""2200〜2560円"", ""2560〜3020円"", ""3020〜3580円"", ""3580〜4290円"", ""4290〜5220円"", ""5220〜6490円"", ""6490〜8320円"", ""8320〜11230円"", ""11230〜16260円"", ""16260〜28299円"", ""28299円〜""]","[3.3, 4.3, 5.3, 5.3, 4.5, 5.0, 5.5, 5.4, 5.5, 4.7, 5.9, 5.2, 5.2, 5.3, 5.9, 4.3, 4.8, 4.9, 5.6, 4.2]","[-1.7, -0.7, 0.3, 0.3, -0.5, 0.0, 0.5, 0.4, 0.5, -0.3, 0.9, 0.2, 0.2, 0.3, 0.9, -0.7, -0.2, -0.1, 0.6, -0.8]"
20260727,03,10,1,58.9,"[[""1-2-3"", 0.0951], [""1-2-4"", 0.0572], [""1-2-5"", 0.0545], [""1-2-6"", 0.027]]",2,19.3,"[[""2-1-3"", 0.0762], [""2-1-4"", 0.0458], [""2-1-5"", 0.0436], [""2-1-6"", 0.0216]]","[[""1-3-2"", 0.0513], [""3-1-2"", 0.0317], [""2-3-1"", 0.0313], [""3-2-1"", 0.0242]]",1-2,0.4592,False,True,0.8175,中,"{""逃げ"": 46.4, ""差し"": 13.6, ""まくり"": 18.0, ""抜き"": 10.1, ""まくり差し"": 10.0, ""恵まれ"": 1.9}","[""0〜600円"", ""600〜750円"", ""750〜900円"", ""900〜1060円"", ""1060〜1220円"", ""1220〜1410円"", ""1410〜1640円"", ""1640〜1890円"", ""1890〜2200円"", ""2200〜2560円"", ""2560〜3020円"", ""3020〜3580円"", ""3580〜4290円"", ""4290〜5220円"", ""5220〜6490円"", ""6490〜8320円"", ""8320〜11230円"", ""11230〜16260円"", ""16260〜28299円"", ""28299円〜""]","[1.0, 2.6, 3.5, 4.4, 4.9, 5.7, 6.9, 4.7, 6.1, 5.3, 4.9, 5.6, 5.3, 6.2, 5.5, 5.8, 5.3, 6.9, 5.1, 4.3]","[-4.0, -2.4, -1.5, -0.6, -0.1, 0.7, 1.9, -0.3, 1.1, 0.3, -0.1, 0.6, 0.3, 1.2, 0.5, 0.8, 0.3, 1.9, 0.1, -0.7]"
20260727,03,11,1,53.5,"[[""1-2-3"", 0.0533], [""1-3-2"", 0.0479], [""1-2-4"", 0.041], [""1-2-5"", 0.0364], [""1-4-2"", 0.0325], [""1-3-4"", 0.0287], [""1-5-2"", 0.0282], [""1-3-5"", 0.0255], [""1-4-3"", 0.0253]]",2,26.9,"[[""2-1-3"", 0.0334], [""2-1-4"", 0.0257], [""2-1-5"", 0.0228], [""2-1-6"", 0.0131]]","[[""3-1-2"", 0.0287], [""1-5-3"", 0.022], [""1-2-6"", 0.0208], [""2-3-1"", 0.0166]]",,,False,True,0.8175,強,"{""逃げ"": 56.7, ""差し"": 10.3, ""まくり"": 15.8, ""まくり差し"": 7.7, ""抜き"": 8.8, ""恵まれ"": 0.9}","[""0〜600円"", ""600〜750円"", ""750〜900円"", ""900〜1060円"", ""1060〜1220円"", ""1220〜1410円"", ""1410〜1640円"", ""1640〜1890円"", ""1890〜2200円"", ""2200〜2560円"", ""2560〜3020円"", ""3020〜3580円"", ""3580〜4290円"", ""4290〜5220円"", ""5220〜6490円"", ""6490〜8320円"", ""8320〜11230円"", ""11230〜16260円"", ""16260〜28299円"", ""28299円〜""]","[3.3, 4.3, 5.3, 5.3, 4.5, 5.0, 5.5, 5.4, 5.5, 4.7, 5.9, 5.2, 5.2, 5.3, 5.9, 4.3, 4.8, 4.9, 5.6, 4.2]","[-1.7, -0.7, 0.3, 0.3, -0.5, 0.0, 0.5, 0.4, 0.5, -0.3, 0.9, 0.2, 0.2, 0.3, 0.9, -0.7, -0.2, -0.1, 0.6, -0.8]"
20260727,03,12,1,54.2,"[[""1-3-2"", 0.0634], [""1-2-3"", 0.0629], [""1-3-4"", 0.0701], [""1-2-4"", 0.0682], [""1-4-3"", 0.067], [""1-4-2"", 0.0657], [""1-3-5"", 0.0309], [""1-2-5"", 0.0301], [""1-4-5"", 0.0262]]",3,24.9,"[[""3-1-2"", 0.0225], [""3-1-4"", 0.0249], [""3-1-5"", 0.011]]","[[""2-1-3"", 0.0223], [""1-5-3"", 0.0248], [""1-5-2"", 0.0243], [""2-1-4"", 0.0242]]",,,False,True,0.8175,強,"{""逃げ"": 56.7, ""差し"": 10.3, ""まくり"": 15.8, ""まくり差し"": 7.7, ""抜き"": 8.8, ""恵まれ"": 0.9}","[""0〜600円"", ""600〜750円"", ""750〜900円"", ""900〜1060円"", ""1060〜1220円"", ""1220〜1410円"", ""1410〜1640円"", ""1640〜1890円"", ""1890〜2200円"", ""2200〜2560円"", ""2560〜3020円"", ""3020〜3580円"", ""3580〜4290円"", ""4290〜5220円"", ""5220〜6490円"", ""6490〜8320円"", ""8320〜11230円"", ""11230〜16260円"", ""16260〜28299円"", ""28299円〜""]","[3.3, 4.3, 5.3, 5.3, 4.5, 5.0, 5.5, 5.4, 5.5, 4.7, 5.9, 5.2, 5.2, 5.3, 5.9, 4.3, 4.8, 4.9, 5.6, 4.2]","[-1.7, -0.7, 0.3, 0.3, -0.5, 0.0, 0.5, 0.4, 0.5, -0.3, 0.9, 0.2, 0.2, 0.3, 0.9, -0.7, -0.2, -0.1, 0.6, -0.8]"
20260727,04,1,2,53.5,"[[""2-3-1"", 0.0387], [""2-1-3"", 0.0353], [""2-3-6"", 0.0341], [""2-6-3"", 0.0278], [""2-1-6"", 0.0255], [""2-6-1"", 0.0229], [""2-3-5"", 0.017], [""2-1-5"", 0.0127], [""2-5-3"", 0.0122]]",3,30.0,"[[""3-2-1"", 0.0363], [""3-1-2"", 0.0303], [""3-2-6"", 0.032], [""3-1-6"", 0.0185], [""3-2-5"", 0.0159]]","[[""1-2-3"", 0.0313], [""1-3-2"", 0.0286], [""3-6-2"", 0.0242], [""6-2-3"", 0.023]]",,,False,True,0.8175,中,"{""逃げ"": 42.7, ""まくり"": 19.0, ""差し"": 16.8, ""まくり差し"": 13.1, ""抜き"": 7.3, ""恵まれ"": 1.3}","[""0〜600円"", ""600〜750円"", ""750〜900円"", ""900〜1060円"", ""1060〜1220円"", ""1220〜1410円"", ""1410〜1640円"", ""1640〜1890円"", ""1890〜2200円"", ""2200〜2560円"", ""2560〜3020円"", ""3020〜3580円"", ""3580〜4290円"", ""4290〜5220円"", ""5220〜6490円"", ""6490〜8320円"", ""8320〜11230円"", ""11230〜16260円"", ""16260〜28299円"", ""28299円〜""]","[0.6, 1.6, 3.1, 3.1, 4.0, 6.0, 5.3, 5.0, 5.2, 5.7, 5.3, 6.9, 6.4, 6.0, 5.2, 6.1, 7.4, 5.8, 6.3, 5.0]","[-4.4, -3.4, -1.9, -1.9, -1.0, 1.0, 0.3, -0.0, 0.2, 0.7, 0.3, 1.9, 1.4, 1.0, 0.2, 1.1, 2.4, 0.8, 1.3, 0.0]"
20260727,04,2,1,47.4,"[[""1-5-2"", 0.0791], [""1-2-5"", 0.072], [""1-5-3"", 0.0828], [""1-3-5"", 0.0709], [""1-5-6"", 0.0685], [""1-2-3"", 0.06], [""1-3-2"", 0.0565], [""1-6-5"", 0.0561], [""1-2-6"", 0.0497]]",2,27.3,"[[""2-1-5"", 0.0141], [""2-1-3"", 0.0118]]","[[""1-6-2"", 0.0447], [""1-3-6"", 0.0383], [""1-6-3"", 0.0366], [""5-1-2"", 0.0157]]",,,False,False,0.7834,強,"{""逃げ"": 56.8, ""差し"": 13.1, ""まくり"": 11.7, ""まくり差し"": 10.0, ""抜き"": 7.3, ""恵まれ"": 0.9}","[""0〜600円"", ""600〜750円"", ""750〜900円"", ""900〜1060円"", ""1060〜1220円"", ""1220〜1410円"", ""1410〜1640円"", ""1640〜1890円"", ""1890〜2200円"", ""2200〜2560円"", ""2560〜3020円"", ""3020〜3580円"", ""3580〜4290円"", ""4290〜5220円"", ""5220〜6490円"", ""6490〜8320円"", ""8320〜11230円"", ""11230〜16260円"", ""16260〜28299円"", ""28299円〜""]","[2.6, 3.9, 5.6, 5.8, 4.7, 5.7, 5.3, 4.6, 5.5, 4.6, 5.6, 5.1, 5.2, 4.7, 4.3, 5.0, 5.3, 5.1, 5.9, 5.7]","[-2.4, -1.1, 0.6, 0.8, -0.3, 0.7, 0.3, -0.4, 0.5, -0.4, 0.6, 0.1, 0.2, -0.3, -0.7, -0.0, 0.3, 0.1, 0.9, 0.7]"
20260727,04,3,1,60.7,"[[""1-4-3"", 0.0584], [""1-3-4"", 0.0557], [""1-4-2"", 0.0597], [""1-2-4"", 0.0524], [""1-3-2"", 0.0513], [""1-2-3"", 0.0473], [""1-4-6"", 0.0193], [""1-3-6"", 0.0166], [""1-6-4"", 0.014]]",3,34.6,"[[""3-1-4"", 0.0329], [""3-1-2"", 0.0303]]","[[""4-1-3"", 0.0352], [""4-1-2"", 0.036], [""2-1-4"", 0.0299], [""2-1-3"", 0.027]]",,,False,False,0.7834,中,"{""逃げ"": 42.7, ""まくり"": 19.0, ""差し"": 16.8, ""まくり差し"": 13.1, ""抜き"": 7.3, ""恵まれ"": 1.3}","[""0〜600円"", ""600〜750円"", ""750〜900円"", ""900〜1060円"", ""1060〜1220円"", ""1220〜1410円"", ""1410〜1640円"", ""1640〜1890円"", ""1890〜2200円"", ""2200〜2560円"", ""2560〜3020円"", ""3020〜3580円"", ""3580〜4290円"", ""4290〜5220円"", ""5220〜6490円"", ""6490〜8320円"", ""8320〜11230円"", ""11230〜16260円"", ""16260〜28299円"", ""28299円〜""]","[0.6, 1.6, 3.1, 3.1, 4.0, 6.0, 5.3, 5.0, 5.2, 5.7, 5.3, 6.9, 6.4, 6.0, 5.2, 6.1, 7.4, 5.8, 6.3, 5.0]","[-4.4, -3.4, -1.9, -1.9, -1.0, 1.0, 0.3, -0.0, 0.2, 0.7, 0.3, 1.9, 1.4, 1.0, 0.2, 1.1, 2.4, 0.8, 1.3, 0.0]"
20260727,04,4,2,46.3,"[[""2-5-1"", 0.0607], [""2-1-5"", 0.0572], [""2-5-4"", 0.0354], [""2-5-3"", 0.0316], [""2-1-4"", 0.0295], [""2-1-3"", 0.0263], [""2-5-6"", 0.0178], [""2-1-6"", 0.0148]]",1,,"[[""1-2-5"", 0.0368], [""1-2-4"", 0.019], [""1-2-3"", 0.017]]","[[""5-2-1"", 0.0402], [""5-1-2"", 0.0217], [""1-5-2"", 0.0211], [""2-4-5"", 0.0268]]",,,False,False,0.7834,強,"{""逃げ"": 56.8, ""差し"": 13.1, ""まくり"": 11.7, ""まくり差し"": 10.0, ""抜き"": 7.3, ""恵まれ"": 0.9}","[""0〜600円"", ""600〜750円"", ""750〜900円"", ""900〜1060円"", ""1060〜1220円"", ""1220〜1410円"", ""1410〜1640円"", ""1640〜1890円"", ""1890〜2200円"", ""2200〜2560円"", ""2560〜3020円"", ""3020〜3580円"", ""3580〜4290円"", ""4290〜5220円"", ""5220〜6490円"", ""6490〜8320円"", ""8320〜11230円"", ""11230〜16260円"", ""16260〜28299円"", ""28299円〜""]","[2.6, 3.9, 5.6, 5.8, 4.7, 5.7, 5.3, 4.6, 5.5, 4.6, 5.6, 5.1, 5.2, 4.7, 4.3, 5.0, 5.3, 5.1, 5.9, 5.7]","[-2.4, -1.1, 0.6, 0.8, -0.3, 0.7, 0.3, -0.4, 0.5, -0.4, 0.6, 0.1, 0.2, -0.3, -0.7, -0.0, 0.3, 0.1, 0.9, 0.7]"
20260727,04,5,3,54.8,"[[""3-1-2"", 0.1324], [""3-1-4"", 0.0341], [""3-1-6"", 0.0146]]",1,37.9,"[[""1-3-2"", 0.123], [""1-3-4"", 0.0316], [""1-3-6"", 0.0136]]","[[""3-2-1"", 0.0879], [""1-2-3"", 0.0732], [""2-3-1"", 0.0676], [""2-1-3"", 0.0606]]",1-3,0.4164,False,True,0.8175,中,"{""逃げ"": 42.7, ""まくり"": 19.0, ""差し"": 16.8, ""まくり差し"": 13.1, ""抜き"": 7.3, ""恵まれ"": 1.3}","[""0〜600円"", ""600〜750円"", ""750〜900円"", ""900〜1060円"", ""1060〜1220円"", ""1220〜1410円"", ""1410〜1640円"", ""1640〜1890円"", ""1890〜2200円"", ""2200〜2560円"", ""2560〜3020円"", ""3020〜3580円"", ""3580〜4290円"", ""4290〜5220円"", ""5220〜6490円"", ""6490〜8320円"", ""8320〜11230円"", ""11230〜16260円"", ""16260〜28299円"", ""28299円〜""]","[0.6, 1.6, 3.1, 3.1, 4.0, 6.0, 5.3, 5.0, 5.2, 5.7, 5.3, 6.9, 6.4, 6.0, 5.2, 6.1, 7.4, 5.8, 6.3, 5.0]","[-4.4, -3.4, -1.9, -1.9, -1.0, 1.0, 0.3, -0.0, 0.2, 0.7, 0.3, 1.9, 1.4, 1.0, 0.2, 1.1, 2.4, 0.8, 1.3, 0.0]"
20260727,04,6,2,51.4,"[[""2-1-4"", 0.0582], [""2-4-1"", 0.0502], [""2-1-3"", 0.0638], [""2-4-3"", 0.0405], [""2-1-6"", 0.0272], [""2-4-6"", 0.0173]]",3,36.5,"[[""3-2-1"", 0.0335], [""3-2-4"", 0.0247]]","[[""1-2-4"", 0.0409], [""2-3-1"", 0.0522], [""1-2-3"", 0.0449], [""4-2-1"", 0.033]]",,,False,False,0.7834,強,"{""逃げ"": 56.8, ""差し"": 13.1, ""まくり"": 11.7, ""まくり差し"": 10.0, ""抜き"": 7.3, ""恵まれ"": 0.9}","[""0〜600円"", ""600〜750円"", ""750〜900円"", ""900〜1060円"", ""1060〜1220円"", ""1220〜1410円"", ""1410〜1640円"", ""1640〜1890円"", ""1890〜2200円"", ""2200〜2560円"", ""2560〜3020円"", ""3020〜3580円"", ""3580〜4290円"", ""4290〜5220円"", ""5220〜6490円"", ""6490〜8320円"", ""8320〜11230円"", ""11230〜16260円"", ""16260〜28299円"", ""28299円〜""]","[2.6, 3.9, 5.6, 5.8, 4.7, 5.7, 5.3, 4.6, 5.5, 4.6, 5.6, 5.1, 5.2, 4.7, 4.3, 5.0, 5.3, 5.1, 5.9, 5.7]","[-2.4, -1.1, 0.6, 0.8, -0.3, 0.7, 0.3, -0.4, 0.5, -0.4, 0.6, 0.1, 0.2, -0.3, -0.7, -0.0, 0.3, 0.1, 0.9, 0.7]"
20260727,04,7,2,51.0,"[[""2-3-6"", 0.0412], [""2-6-3"", 0.0362], [""2-3-1"", 0.0364], [""2-1-3"", 0.0288], [""2-3-5"", 0.0274], [""2-6-1"", 0.0236], [""2-1-6"", 0.0213], [""2-5-3"", 0.0206], [""2-6-5"", 0.0178]]",6,32.5,"[[""6-2-3"", 0.0267], [""6-2-1"", 0.0174], [""6-2-5"", 0.0131]]","[[""3-2-6"", 0.0326], [""3-2-1"", 0.0287], [""3-6-2"", 0.021], [""6-3-2"", 0.0196]]",,,False,False,0.7834,強,"{""逃げ"": 56.8, ""差し"": 13.1, ""まくり"": 11.7, ""まくり差し"": 10.0, ""抜き"": 7.3, ""恵まれ"": 0.9}","[""0〜600円"", ""600〜750円"", ""750〜900円"", ""900〜1060円"", ""1060〜1220円"", ""1220〜1410円"", ""1410〜1640円"", ""1640〜1890円"", ""1890〜2200円"", ""2200〜2560円"", ""2560〜3020円"", ""3020〜3580円"", ""3580〜4290円"", ""4290〜5220円"", ""5220〜6490円"", ""6490〜8320円"", ""8320〜11230円"", ""11230〜16260円"", ""16260〜28299円"", ""28299円〜""]","[2.6, 3.9, 5.6, 5.8, 4.7, 5.7, 5.3, 4.6, 5.5, 4.6, 5.6, 5.1, 5.2, 4.7, 4.3, 5.0, 5.3, 5.1, 5.9, 5.7]","[-2.4, -1.1, 0.6, 0.8, -0.3, 0.7, 0.3, -0.4, 0.5, -0.4, 0.6, 0.1, 0.2, -0.3, -0.7, -0.0, 0.3, 0.1, 0.9, 0.7]"
20260727,04,8,1,41.0,"[[""1-4-2"", 0.0812], [""1-4-5"", 0.0691], [""1-4-3"", 0.0341], [""1-4-6"", 0.0101]]",4,24.4,"[[""4-1-2"", 0.0619], [""4-1-5"", 0.0527], [""4-1-3"", 0.026]]","[[""1-2-4"", 0.0557], [""2-1-4"", 0.0359], [""1-5-4"", 0.0432], [""4-2-1"", 0.03]]",1-4,0.3747,False,True,0.8175,中,"{""逃げ"": 42.7, ""まくり"": 19.0, ""差し"": 16.8, ""まくり差し"": 13.1, ""抜き"": 7.3, ""恵まれ"": 1.3}","[""0〜600円"", ""600〜750円"", ""750〜900円"", ""900〜1060円"", ""1060〜1220円"", ""1220〜1410円"", ""1410〜1640円"", ""1640〜1890円"", ""1890〜2200円"", ""2200〜2560円"", ""2560〜3020円"", ""3020〜3580円"", ""3580〜4290円"", ""4290〜5220円"", ""5220〜6490円"", ""6490〜8320円"", ""8320〜11230円"", ""11230〜16260円"", ""16260〜28299円"", ""28299円〜""]","[0.6, 1.6, 3.1, 3.1, 4.0, 6.0, 5.3, 5.0, 5.2, 5.7, 5.3, 6.9, 6.4, 6.0, 5.2, 6.1, 7.4, 5.8, 6.3, 5.0]","[-4.4, -3.4, -1.9, -1.9, -1.0, 1.0, 0.3, -0.0, 0.2, 0.7, 0.3, 1.9, 1.4, 1.0, 0.2, 1.1, 2.4, 0.8, 1.3, 0.0]"
20260727,04,9,1,46.3,"[[""1-2-5"", 0.0595], [""1-5-2"", 0.0556], [""1-2-3"", 0.0555], [""1-2-4"", 0.0494], [""1-3-2"", 0.0473], [""1-5-3"", 0.0437], [""1-4-2"", 0.041], [""1-3-5"", 0.0398], [""1-5-4"", 0.0388]]",2,30.0,"[[""2-1-5"", 0.024], [""2-1-3"", 0.0224], [""2-1-4"", 0.0199]]","[[""1-4-5"", 0.0345], [""5-1-2"", 0.022], [""1-3-4"", 0.0259], [""1-4-3"", 0.0252]]",,,False,False,0.7834,強,"{""逃げ"": 56.8, ""差し"": 13.1, ""まくり"": 11.7, ""まくり差し"": 10.0, ""抜き"": 7.3, ""恵まれ"": 0.9}","[""0〜600円"", ""600〜750円"", ""750〜900円"", ""900〜1060円"", ""1060〜1220円"", ""1220〜1410円"", ""1410〜1640円"", ""1640〜1890円"", ""1890〜2200円"", ""2200〜2560円"", ""2560〜3020円"", ""3020〜3580円"", ""3580〜4290円"", ""4290〜5220円"", ""5220〜6490円"", ""6490〜8320円"", ""8320〜11230円"", ""11230〜16260円"", ""16260〜28299円"", ""28299円〜""]","[2.6, 3.9, 5.6, 5.8, 4.7, 5.7, 5.3, 4.6, 5.5, 4.6, 5.6, 5.1, 5.2, 4.7, 4.3, 5.0, 5.3, 5.1, 5.9, 5.7]","[-2.4, -1.1, 0.6, 0.8, -0.3, 0.7, 0.3, -0.4, 0.5, -0.4, 0.6, 0.1, 0.2, -0.3, -0.7, -0.0, 0.3, 0.1, 0.9, 0.7]"
20260727,04,10,1,54.8,"[[""1-3-4"", 0.0832], [""1-4-3"", 0.0792], [""1-3-2"", 0.054], [""1-4-2"", 0.0467], [""1-3-6"", 0.0389], [""1-4-6"", 0.0337]]",4,31.1,"[[""4-1-3"", 0.0393], [""4-1-2"", 0.0232], [""4-1-6"", 0.0167]]","[[""3-1-4"", 0.042], [""1-2-3"", 0.0414], [""1-2-4"", 0.0377], [""1-6-3"", 0.0283]]",,,False,False,0.7834,中,"{""逃げ"": 42.7, ""まくり"": 19.0, ""差し"": 16.8, ""まくり差し"": 13.1, ""抜き"": 7.3, ""恵まれ"": 1.3}","[""0〜600円"", ""600〜750円"", ""750〜900円"", ""900〜1060円"", ""1060〜1220円"", ""1220〜1410円"", ""1410〜1640円"", ""1640〜1890円"", ""1890〜2200円"", ""2200〜2560円"", ""2560〜3020円"", ""3020〜3580円"", ""3580〜4290円"", ""4290〜5220円"", ""5220〜6490円"", ""6490〜8320円"", ""8320〜11230円"", ""11230〜16260円"", ""16260〜28299円"", ""28299円〜""]","[0.6, 1.6, 3.1, 3.1, 4.0, 6.0, 5.3, 5.0, 5.2, 5.7, 5.3, 6.9, 6.4, 6.0, 5.2, 6.1, 7.4, 5.8, 6.3, 5.0]","[-4.4, -3.4, -1.9, -1.9, -1.0, 1.0, 0.3, -0.0, 0.2, 0.7, 0.3, 1.9, 1.4, 1.0, 0.2, 1.1, 2.4, 0.8, 1.3, 0.0]"
20260727,04,11,1,52.2,"[[""1-3-4"", 0.1747], [""1-3-2"", 0.0916], [""1-3-6"", 0.0171], [""1-3-5"", 0.0123]]",3,27.8,"[[""3-1-4"", 0.0725], [""3-1-2"", 0.038]]","[[""1-4-3"", 0.121], [""4-1-3"", 0.0461], [""1-2-3"", 0.0502], [""1-4-2"", 0.0377]]",1-3,0.4867,False,False,0.7834,強,"{""逃げ"": 56.8, ""差し"": 13.1, ""まくり"": 11.7, ""まくり差し"": 10.0, ""抜き"": 7.3, ""恵まれ"": 0.9}","[""0〜600円"", ""600〜750円"", ""750〜900円"", ""900〜1060円"", ""1060〜1220円"", ""1220〜1410円"", ""1410〜1640円"", ""1640〜1890円"", ""1890〜2200円"", ""2200〜2560円"", ""2560〜3020円"", ""3020〜3580円"", ""3580〜4290円"", ""4290〜5220円"", ""5220〜6490円"", ""6490〜8320円"", ""8320〜11230円"", ""11230〜16260円"", ""16260〜28299円"", ""28299円〜""]","[2.6, 3.9, 5.6, 5.8, 4.7, 5.7, 5.3, 4.6, 5.5, 4.6, 5.6, 5.1, 5.2, 4.7, 4.3, 5.0, 5.3, 5.1, 5.9, 5.7]","[-2.4, -1.1, 0.6, 0.8, -0.3, 0.7, 0.3, -0.4, 0.5, -0.4, 0.6, 0.1, 0.2, -0.3, -0.7, -0.0, 0.3, 0.1, 0.9, 0.7]"
20260727,04,12,1,54.5,"[[""1-3-4"", 0.126], [""1-3-2"", 0.1152], [""1-3-5"", 0.0451], [""1-3-6"", 0.0204]]",3,37.1,"[[""3-1-4"", 0.0528], [""3-1-2"", 0.0482], [""3-1-5"", 0.0189]]","[[""1-4-3"", 0.0781], [""1-2-3"", 0.0659], [""4-1-3"", 0.0291], [""1-4-2"", 0.031]]",1-3,0.4846,False,False,0.7834,強,"{""逃げ"": 56.8, ""差し"": 13.1, ""まくり"": 11.7, ""まくり差し"": 10.0, ""抜き"": 7.3, ""恵まれ"": 0.9}","[""0〜600円"", ""600〜750円"", ""750〜900円"", ""900〜1060円"", ""1060〜1220円"", ""1220〜1410円"", ""1410〜1640円"", ""1640〜1890円"", ""1890〜2200円"", ""2200〜2560円"", ""2560〜3020円"", ""3020〜3580円"", ""3580〜4290円"", ""4290〜5220円"", ""5220〜6490円"", ""6490〜8320円"", ""8320〜11230円"", ""11230〜16260円"", ""16260〜28299円"", ""28299円〜""]","[2.6, 3.9, 5.6, 5.8, 4.7, 5.7, 5.3, 4.6, 5.5, 4.6, 5.6, 5.1, 5.2, 4.7, 4.3, 5.0, 5.3, 5.1, 5.9, 5.7]","[-2.4, -1.1, 0.6, 0.8, -0.3, 0.7, 0.3, -0.4, 0.5, -0.4, 0.6, 0.1, 0.2, -0.3, -0.7, -0.0, 0.3, 0.1, 0.9, 0.7]"
20260727,06,1,4,37.0,"[[""4-2-1"", 0.0506], [""4-2-6"", 0.0497], [""4-2-3"", 0.0328]]",2,51.4,"[[""2-4-1"", 0.0461], [""2-4-6"", 0.0453], [""2-4-3"", 0.0299]]","[[""4-1-2"", 0.0376], [""2-1-4"", 0.0304], [""1-4-2"", 0.0291], [""4-6-2"", 0.0344]]",2-4,0.2894,False,False,0.7834,中,"{""逃げ"": 50.5, ""まくり差し"": 15.1, ""まくり"": 14.9, ""差し"": 11.5, ""抜き"": 6.7, ""恵まれ"": 1.4}","[""0〜600円"", ""600〜750円"", ""750〜900円"", ""900〜1060円"", ""1060〜1220円"", ""1220〜1410円"", ""1410〜1640円"", ""1640〜1890円"", ""1890〜2200円"", ""2200〜2560円"", ""2560〜3020円"", ""3020〜3580円"", ""3580〜4290円"", ""4290〜5220円"", ""5220〜6490円"", ""6490〜8320円"", ""8320〜11230円"", ""11230〜16260円"", ""16260〜28299円"", ""28299円〜""]","[4.0, 4.9, 5.1, 4.4, 5.3, 5.9, 5.4, 5.2, 5.3, 4.6, 4.6, 4.5, 5.4, 4.7, 4.4, 5.3, 4.7, 5.5, 5.2, 5.5]","[-1.0, -0.1, 0.1, -0.6, 0.3, 0.9, 0.4, 0.2, 0.3, -0.4, -0.4, -0.5, 0.4, -0.3, -0.6, 0.3, -0.3, 0.5, 0.2, 0.5]"
20260727,06,2,1,64.8,"[[""1-2-5"", 0.1369], [""1-2-4"", 0.1027], [""1-2-3"", 0.0856], [""1-2-6"", 0.0324]]",2,27.9,"[[""2-1-5"", 0.0492], [""2-1-4"", 0.0369], [""2-1-3"", 0.0307], [""2-1-6"", 0.0117]]","[[""1-5-2"", 0.0739], [""1-4-2"", 0.0505], [""1-3-2"", 0.0412], [""5-1-2"", 0.0234]]",1-2,0.5376,True,False,0.7834,強,"{""逃げ"": 63.5, ""まくり差し"": 12.9, ""まくり"": 9.0, ""差し"": 7.1, ""抜き"": 6.1, ""恵まれ"": 1.2}","[""0〜600円"", ""600〜750円"", ""750〜900円"", ""900〜1060円"", ""1060〜1220円"", ""1220〜1410円"", ""1410〜1640円"", ""1640〜1890円"", ""1890〜2200円"", ""2200〜2560円"", ""2560〜3020円"", ""3020〜3580円"", ""3580〜4290円"", ""4290〜5220円"", ""5220〜6490円"", ""6490〜8320円"", ""8320〜11230円"", ""11230〜16260円"", ""16260〜28299円"", ""28299円〜""]","[7.3, 7.2, 6.1, 6.2, 5.6, 5.4, 4.8, 5.0, 4.3, 5.4, 4.7, 4.0, 4.1, 3.8, 4.3, 3.4, 4.1, 4.1, 4.3, 6.0]","[2.3, 2.2, 1.1, 1.2, 0.6, 0.4, -0.2, 0.0, -0.7, 0.4, -0.3, -1.0, -0.9, -1.2, -0.7, -1.6, -0.9, -0.9, -0.7, 1.0]"
20260727,06,3,1,53.6,"[[""1-3-5"", 0.0407], [""1-5-3"", 0.0374], [""1-3-4"", 0.0413], [""1-4-3"", 0.0355], [""1-3-2"", 0.0334], [""1-5-4"", 0.031], [""1-4-5"", 0.029], [""1-2-3"", 0.0273], [""1-5-2"", 0.0251]]",3,27.1,"[[""3-1-5"", 0.0288], [""3-1-4"", 0.0293], [""3-1-2"", 0.0237]]","[[""5-1-3"", 0.0255], [""4-1-3"", 0.0233], [""1-2-5"", 0.0223], [""3-5-1"", 0.017]]",,,False,False,0.7834,中,"{""逃げ"": 50.5, ""まくり差し"": 15.1, ""まくり"": 14.9, ""差し"": 11.5, ""抜き"": 6.7, ""恵まれ"": 1.4}","[""0〜600円"", ""600〜750円"", ""750〜900円"", ""900〜1060円"", ""1060〜1220円"", ""1220〜1410円"", ""1410〜1640円"", ""1640〜1890円"", ""1890〜2200円"", ""2200〜2560円"", ""2560〜3020円"", ""3020〜3580円"", ""3580〜4290円"", ""4290〜5220円"", ""5220〜6490円"", ""6490〜8320円"", ""8320〜11230円"", ""11230〜16260円"", ""16260〜28299円"", ""28299円〜""]","[4.0, 4.9, 5.1, 4.4, 5.3, 5.9, 5.4, 5.2, 5.3, 4.6, 4.6, 4.5, 5.4, 4.7, 4.4, 5.3, 4.7, 5.5, 5.2, 5.5]","[-1.0, -0.1, 0.1, -0.6, 0.3, 0.9, 0.4, 0.2, 0.3, -0.4, -0.4, -0.5, 0.4, -0.3, -0.6, 0.3, -0.3, 0.5, 0.2, 0.5]"
20260727,06,4,1,61.0,"[[""1-5-4"", 0.0825], [""1-4-5"", 0.0711], [""1-5-3"", 0.0832], [""1-5-2"", 0.0771], [""1-3-5"", 0.0674], [""1-2-5"", 0.0614], [""1-4-3"", 0.0494], [""1-3-4"", 0.0464], [""1-4-2"", 0.0458]]",2,34.4,[],"[[""1-2-4"", 0.0423], [""1-3-2"", 0.034], [""1-2-3"", 0.0335], [""1-5-6"", 0.0298]]",,,False,False,0.7834,強,"{""逃げ"": 63.5, ""まくり差し"": 12.9, ""まくり"": 9.0, ""差し"": 7.1, ""抜き"": 6.1, ""恵まれ"": 1.2}","[""0〜600円"", ""600〜750円"", ""750〜900円"", ""900〜1060円"", ""1060〜1220円"", ""1220〜1410円"", ""1410〜1640円"", ""1640〜1890円"", ""1890〜2200円"", ""2200〜2560円"", ""2560〜3020円"", ""3020〜3580円"", ""3580〜4290円"", ""4290〜5220円"", ""5220〜6490円"", ""6490〜8320円"", ""8320〜11230円"", ""11230〜16260円"", ""16260〜28299円"", ""28299円〜""]","[7.3, 7.2, 6.1, 6.2, 5.6, 5.4, 4.8, 5.0, 4.3, 5.4, 4.7, 4.0, 4.1, 3.8, 4.3, 3.4, 4.1, 4.1, 4.3, 6.0]","[2.3, 2.2, 1.1, 1.2, 0.6, 0.4, -0.2, 0.0, -0.7, 0.4, -0.3, -1.0, -0.9, -1.2, -0.7, -1.6, -0.9, -0.9, -0.7, 1.0]"
20260727,06,5,1,52.4,"[[""1-2-3"", 0.0974], [""1-2-5"", 0.116], [""1-2-4"", 0.0706], [""1-2-6"", 0.02]]",2,21.0,"[[""2-1-3"", 0.0375], [""2-1-5"", 0.0447], [""2-1-4"", 0.0272]]","[[""1-3-2"", 0.0622], [""1-5-2"", 0.0736], [""1-4-2"", 0.0412], [""1-3-5"", 0.0291]]",1-2,0.4511,False,True,0.8175,強,"{""逃げ"": 63.5, ""まくり差し"": 12.9, ""まくり"": 9.0, ""差し"": 7.1, ""抜き"": 6.1, ""恵まれ"": 1.2}","[""0〜600円"", ""600〜750円"", ""750〜900円"", ""900〜1060円"", ""1060〜1220円"", ""1220〜1410円"", ""1410〜1640円"", ""1640〜1890円"", ""1890〜2200円"", ""2200〜2560円"", ""2560〜3020円"", ""3020〜3580円"", ""3580〜4290円"", ""4290〜5220円"", ""5220〜6490円"", ""6490〜8320円"", ""8320〜11230円"", ""11230〜16260円"", ""16260〜28299円"", ""28299円〜""]","[7.3, 7.2, 6.1, 6.2, 5.6, 5.4, 4.8, 5.0, 4.3, 5.4, 4.7, 4.0, 4.1, 3.8, 4.3, 3.4, 4.1, 4.1, 4.3, 6.0]","[2.3, 2.2, 1.1, 1.2, 0.6, 0.4, -0.2, 0.0, -0.7, 0.4, -0.3, -1.0, -0.9, -1.2, -0.7, -1.6, -0.9, -0.9, -0.7, 1.0]"
20260727,06,6,1,54.9,"[[""1-4-2"", 0.1894], [""1-4-3"", 0.0909], [""1-4-5"", 0.0451]]",4,37.7,"[[""4-1-2"", 0.05], [""4-1-3"", 0.024], [""4-1-5"", 0.0119]]","[[""1-2-4"", 0.1385], [""1-3-4"", 0.0516], [""2-1-4"", 0.0349], [""1-2-3"", 0.042]]",1-4,0.4843,False,False,0.7834,強,"{""逃げ"": 63.5, ""まくり差し"": 12.9, ""まくり"": 9.0, ""差し"": 7.1, ""抜き"": 6.1, ""恵まれ"": 1.2}","[""0〜600円"", ""600〜750円"", ""750〜900円"", ""900〜1060円"", ""1060〜1220円"", ""1220〜1410円"", ""1410〜1640円"", ""1640〜1890円"", ""1890〜2200円"", ""2200〜2560円"", ""2560〜3020円"", ""3020〜3580円"", ""3580〜4290円"", ""4290〜5220円"", ""5220〜6490円"", ""6490〜8320円"", ""8320〜11230円"", ""11230〜16260円"", ""16260〜28299円"", ""28299円〜""]","[7.3, 7.2, 6.1, 6.2, 5.6, 5.4, 4.8, 5.0, 4.3, 5.4, 4.7, 4.0, 4.1, 3.8, 4.3, 3.4, 4.1, 4.1, 4.3, 6.0]","[2.3, 2.2, 1.1, 1.2, 0.6, 0.4, -0.2, 0.0, -0.7, 0.4, -0.3, -1.0, -0.9, -1.2, -0.7, -1.6, -0.9, -0.9, -0.7, 1.0]"
20260727,06,7,1,53.6,"[[""1-3-5"", 0.0933], [""1-3-2"", 0.1159], [""1-5-3"", 0.0749], [""1-2-3"", 0.0922], [""1-3-6"", 0.0596], [""1-5-2"", 0.0555], [""1-2-5"", 0.0551], [""1-6-3"", 0.0418], [""1-3-4"", 0.0322]]",2,47.8,"[[""2-1-3"", 0.0131]]","[[""1-5-6"", 0.0286], [""1-2-6"", 0.0276], [""1-6-5"", 0.0249], [""1-6-2"", 0.0242]]",,,False,False,0.7834,強,"{""逃げ"": 63.5, ""まくり差し"": 12.9, ""まくり"": 9.0, ""差し"": 7.1, ""抜き"": 6.1, ""恵まれ"": 1.2}","[""0〜600円"", ""600〜750円"", ""750〜900円"", ""900〜1060円"", ""1060〜1220円"", ""1220〜1410円"", ""1410〜1640円"", ""1640〜1890円"", ""1890〜2200円"", ""2200〜2560円"", ""2560〜3020円"", ""3020〜3580円"", ""3580〜4290円"", ""4290〜5220円"", ""5220〜6490円"", ""6490〜8320円"", ""8320〜11230円"", ""11230〜16260円"", ""16260〜28299円"", ""28299円〜""]","[7.3, 7.2, 6.1, 6.2, 5.6, 5.4, 4.8, 5.0, 4.3, 5.4, 4.7, 4.0, 4.1, 3.8, 4.3, 3.4, 4.1, 4.1, 4.3, 6.0]","[2.3, 2.2, 1.1, 1.2, 0.6, 0.4, -0.2, 0.0, -0.7, 0.4, -0.3, -1.0, -0.9, -1.2, -0.7, -1.6, -0.9, -0.9, -0.7, 1.0]"
20260727,06,8,1,54.5,"[[""1-3-4"", 0.0597], [""1-4-3"", 0.0594], [""1-3-2"", 0.071], [""1-4-2"", 0.0698], [""1-2-3"", 0.0685], [""1-2-4"", 0.0677], [""1-3-5"", 0.0126], [""1-4-5"", 0.0124], [""1-2-5"", 0.0112]]",2,40.6,"[[""2-1-3"", 0.0365], [""2-1-4"", 0.0361]]","[[""3-1-4"", 0.0323], [""4-1-3"", 0.032], [""3-1-2"", 0.0383], [""4-1-2"", 0.0376]]",,,False,False,0.7834,強,"{""逃げ"": 63.5, ""まくり差し"": 12.9, ""まくり"": 9.0, ""差し"": 7.1, ""抜き"": 6.1, ""恵まれ"": 1.2}","[""0〜600円"", ""600〜750円"", ""750〜900円"", ""900〜1060円"", ""1060〜1220円"", ""1220〜1410円"", ""1410〜1640円"", ""1640〜1890円"", ""1890〜2200円"", ""2200〜2560円"", ""2560〜3020円"", ""3020〜3580円"", ""3580〜4290円"", ""4290〜5220円"", ""5220〜6490円"", ""6490〜8320円"", ""8320〜11230円"", ""11230〜16260円"", ""16260〜28299円"", ""28299円〜""]","[7.3, 7.2, 6.1, 6.2, 5.6, 5.4, 4.8, 5.0, 4.3, 5.4, 4.7, 4.0, 4.1, 3.8, 4.3, 3.4, 4.1, 4.1, 4.3, 6.0]","[2.3, 2.2, 1.1, 1.2, 0.6, 0.4, -0.2, 0.0, -0.7, 0.4, -0.3, -1.0, -0.9, -1.2, -0.7, -1.6, -0.9, -0.9, -0.7, 1.0]"
20260727,06,9,1,50.3,"[[""1-4-3"", 0.069], [""1-4-2"", 0.0781], [""1-3-4"", 0.0549], [""1-2-4"", 0.0603], [""1-4-6"", 0.0584], [""1-4-5"", 0.0442], [""1-6-4"", 0.0427], [""1-3-2"", 0.0348], [""1-2-3"", 0.0338]]",4,21.0,"[[""4-1-3"", 0.0208], [""4-1-2"", 0.0236], [""4-1-6"", 0.0176], [""4-1-5"", 0.0133]]","[[""1-5-4"", 0.0311], [""1-3-6"", 0.0261], [""1-6-3"", 0.0239], [""1-2-6"", 0.0224]]",,,False,False,0.7834,強,"{""逃げ"": 63.5, ""まくり差し"": 12.9, ""まくり"": 9.0, ""差し"": 7.1, ""抜き"": 6.1, ""恵まれ"": 1.2}","[""0〜600円"", ""600〜750円"", ""750〜900円"", ""900〜1060円"", ""1060〜1220円"", ""1220〜1410円"", ""1410〜1640円"", ""1640〜1890円"", ""1890〜2200円"", ""2200〜2560円"", ""2560〜3020円"", ""3020〜3580円"", ""3580〜4290円"", ""4290〜5220円"", ""5220〜6490円"", ""6490〜8320円"", ""8320〜11230円"", ""11230〜16260円"", ""16260〜28299円"", ""28299円〜""]","[7.3, 7.2, 6.1, 6.2, 5.6, 5.4, 4.8, 5.0, 4.3, 5.4, 4.7, 4.0, 4.1, 3.8, 4.3, 3.4, 4.1, 4.1, 4.3, 6.0]","[2.3, 2.2, 1.1, 1.2, 0.6, 0.4, -0.2, 0.0, -0.7, 0.4, -0.3, -1.0, -0.9, -1.2, -0.7, -1.6, -0.9, -0.9, -0.7, 1.0]"
20260727,06,10,1,62.7,"[[""1-2-4"", 0.0693], [""1-2-3"", 0.0677], [""1-2-5"", 0.0579], [""1-2-6"", 0.0142]]",2,26.0,"[[""2-1-4"", 0.0424], [""2-1-3"", 0.0414], [""2-1-5"", 0.0354]]","[[""1-4-2"", 0.0495], [""1-3-2"", 0.0454], [""1-5-2"", 0.0377], [""4-1-2"", 0.0266]]",1-2,0.3676,False,False,0.7834,中,"{""逃げ"": 50.5, ""まくり差し"": 15.1, ""まくり"": 14.9, ""差し"": 11.5, ""抜き"": 6.7, ""恵まれ"": 1.4}","[""0〜600円"", ""600〜750円"", ""750〜900円"", ""900〜1060円"", ""1060〜1220円"", ""1220〜1410円"", ""1410〜1640円"", ""1640〜1890円"", ""1890〜2200円"", ""2200〜2560円"", ""2560〜3020円"", ""3020〜3580円"", ""3580〜4290円"", ""4290〜5220円"", ""5220〜6490円"", ""6490〜8320円"", ""8320〜11230円"", ""11230〜16260円"", ""16260〜28299円"", ""28299円〜""]","[4.0, 4.9, 5.1, 4.4, 5.3, 5.9, 5.4, 5.2, 5.3, 4.6, 4.6, 4.5, 5.4, 4.7, 4.4, 5.3, 4.7, 5.5, 5.2, 5.5]","[-1.0, -0.1, 0.1, -0.6, 0.3, 0.9, 0.4, 0.2, 0.3, -0.4, -0.4, -0.5, 0.4, -0.3, -0.6, 0.3, -0.3, 0.5, 0.2, 0.5]"
20260727,06,11,1,54.5,"[[""1-4-5"", 0.0375], [""1-5-4"", 0.0331], [""1-4-3"", 0.0413], [""1-3-4"", 0.035], [""1-5-3"", 0.0265], [""1-3-5"", 0.0254], [""1-4-2"", 0.024], [""1-4-6"", 0.0219], [""1-2-4"", 0.0183]]",4,26.7,"[[""4-1-5"", 0.0273], [""4-1-3"", 0.0301], [""4-1-2"", 0.0175], [""4-1-6"", 0.0159]]","[[""5-1-4"", 0.0226], [""3-1-4"", 0.0234], [""4-5-1"", 0.0162], [""5-4-1"", 0.0152]]",,,False,False,0.7834,中,"{""逃げ"": 50.5, ""まくり差し"": 15.1, ""まくり"": 14.9, ""差し"": 11.5, ""抜き"": 6.7, ""恵まれ"": 1.4}","[""0〜600円"", ""600〜750円"", ""750〜900円"", ""900〜1060円"", ""1060〜1220円"", ""1220〜1410円"", ""1410〜1640円"", ""1640〜1890円"", ""1890〜2200円"", ""2200〜2560円"", ""2560〜3020円"", ""3020〜3580円"", ""3580〜4290円"", ""4290〜5220円"", ""5220〜6490円"", ""6490〜8320円"", ""8320〜11230円"", ""11230〜16260円"", ""16260〜28299円"", ""28299円〜""]","[4.0, 4.9, 5.1, 4.4, 5.3, 5.9, 5.4, 5.2, 5.3, 4.6, 4.6, 4.5, 5.4, 4.7, 4.4, 5.3, 4.7, 5.5, 5.2, 5.5]","[-1.0, -0.1, 0.1, -0.6, 0.3, 0.9, 0.4, 0.2, 0.3, -0.4, -0.4, -0.5, 0.4, -0.3, -0.6, 0.3, -0.3, 0.5, 0.2, 0.5]"
20260727,06,12,1,55.8,"[[""1-2-3"", 0.1121], [""1-2-4"", 0.1146], [""1-2-5"", 0.0291], [""1-2-6"", 0.0251]]",2,30.2,"[[""2-1-3"", 0.0449], [""2-1-4"", 0.0459], [""2-1-5"", 0.0116], [""2-1-6"", 0.0101]]","[[""1-3-2"", 0.0794], [""1-4-2"", 0.0772], [""1-3-4"", 0.0424], [""1-4-3"", 0.0403]]",1-2,0.4285,False,True,0.8175,強,"{""逃げ"": 63.5, ""まくり差し"": 12.9, ""まくり"": 9.0, ""差し"": 7.1, ""抜き"": 6.1, ""恵まれ"": 1.2}","[""0〜600円"", ""600〜750円"", ""750〜900円"", ""900〜1060円"", ""1060〜1220円"", ""1220〜1410円"", ""1410〜1640円"", ""1640〜1890円"", ""1890〜2200円"", ""2200〜2560円"", ""2560〜3020円"", ""3020〜3580円"", ""3580〜4290円"", ""4290〜5220円"", ""5220〜6490円"", ""6490〜8320円"", ""8320〜11230円"", ""11230〜16260円"", ""16260〜28299円"", ""28299円〜""]","[7.3, 7.2, 6.1, 6.2, 5.6, 5.4, 4.8, 5.0, 4.3, 5.4, 4.7, 4.0, 4.1, 3.8, 4.3, 3.4, 4.1, 4.1, 4.3, 6.0]","[2.3, 2.2, 1.1, 1.2, 0.6, 0.4, -0.2, 0.0, -0.7, 0.4, -0.3, -1.0, -0.9, -1.2, -0.7, -1.6, -0.9, -0.9, -0.7, 1.0]"
20260727,09,1,1,49.7,"[[""1-4-2"", 0.0973], [""1-2-4"", 0.0924], [""1-4-3"", 0.0588], [""1-4-5"", 0.052], [""1-2-3"", 0.0502], [""1-2-5"", 0.0444], [""1-4-6"", 0.0237], [""1-2-6"", 0.0203]]",4,28.6,"[[""4-1-2"", 0.0278], [""4-1-3"", 0.0168], [""4-1-5"", 0.0149]]","[[""1-3-4"", 0.0456], [""1-3-2"", 0.041], [""1-5-4"", 0.0395], [""1-5-2"", 0.0355]]",,,False,True,0.8175,強,"{""逃げ"": 68.7, ""まくり差し"": 8.8, ""差し"": 8.2, ""まくり"": 7.8, ""抜き"": 5.6, ""恵まれ"": 0.9}","[""0〜600円"", ""600〜750円"", ""750〜900円"", ""900〜1060円"", ""1060〜1220円"", ""1220〜1410円"", ""1410〜1640円"", ""1640〜1890円"", ""1890〜2200円"", ""2200〜2560円"", ""2560〜3020円"", ""3020〜3580円"", ""3580〜4290円"", ""4290〜5220円"", ""5220〜6490円"", ""6490〜8320円"", ""8320〜11230円"", ""11230〜16260円"", ""16260〜28299円"", ""28299円〜""]","[11.4, 7.8, 7.1, 6.2, 5.0, 5.3, 5.0, 5.1, 4.0, 4.6, 4.4, 4.4, 3.7, 3.6, 3.8, 2.8, 3.2, 3.1, 4.5, 5.1]","[6.4, 2.8, 2.1, 1.2, -0.0, 0.3, 0.0, 0.1, -1.0, -0.4, -0.6, -0.6, -1.3, -1.4, -1.2, -2.2, -1.8, -1.9, -0.5, 0.1]"
20260727,09,2,1,53.1,"[[""1-4-2"", 0.04], [""1-2-4"", 0.0394], [""1-4-5"", 0.0324], [""1-4-3"", 0.0313], [""1-2-5"", 0.0307], [""1-2-3"", 0.0297], [""1-5-4"", 0.0281], [""1-5-2"", 0.027], [""1-3-4"", 0.0269]]",2,25.0,"[[""2-1-4"", 0.0246], [""2-1-5"", 0.0192], [""2-1-3"", 0.0186], [""2-1-6"", 0.0108]]","[[""4-1-2"", 0.0252], [""1-3-2"", 0.0259], [""4-1-5"", 0.0204], [""4-1-3"", 0.0197]]",,,False,False,0.7834,弱,"{""逃げ"": 34.8, ""差し"": 20.2, ""まくり"": 18.5, ""まくり差し"": 17.2, ""抜き"": 8.1, ""恵まれ"": 1.1}","[""0〜600円"", ""600〜750円"", ""750〜900円"", ""900〜1060円"", ""1060〜1220円"", ""1220〜1410円"", ""1410〜1640円"", ""1640〜1890円"", ""1890〜2200円"", ""2200〜2560円"", ""2560〜3020円"", ""3020〜3580円"", ""3580〜4290円"", ""4290〜5220円"", ""5220〜6490円"", ""6490〜8320円"", ""8320〜11230円"", ""11230〜16260円"", ""16260〜28299円"", ""28299円〜""]","[1.3, 2.3, 2.8, 3.6, 4.2, 4.3, 4.8, 5.6, 5.5, 5.0, 5.6, 7.6, 5.3, 6.2, 5.6, 7.0, 7.0, 6.1, 5.8, 4.4]","[-3.7, -2.7, -2.2, -1.4, -0.8, -0.7, -0.2, 0.6, 0.5, 0.0, 0.6, 2.6, 0.3, 1.2, 0.6, 2.0, 2.0, 1.1, 0.8, -0.6]"
20260727,09,3,3,51.5,"[[""3-2-1"", 0.0524], [""3-1-2"", 0.0485], [""3-2-6"", 0.0254], [""3-1-6"", 0.0204], [""3-2-4"", 0.0167], [""3-2-5"", 0.0164], [""3-1-4"", 0.0134], [""3-1-5"", 0.0132]]",1,30.9,"[[""1-3-2"", 0.0419], [""1-3-6"", 0.0177], [""1-3-4"", 0.0116], [""1-3-5"", 0.0114]]","[[""2-3-1"", 0.0473], [""2-1-3"", 0.0378], [""1-2-3"", 0.0362], [""2-3-6"", 0.0229]]",,,False,True,0.8175,強,"{""逃げ"": 68.7, ""まくり差し"": 8.8, ""差し"": 8.2, ""まくり"": 7.8, ""抜き"": 5.6, ""恵まれ"": 0.9}","[""0〜600円"", ""600〜750円"", ""750〜900円"", ""900〜1060円"", ""1060〜1220円"", ""1220〜1410円"", ""1410〜1640円"", ""1640〜1890円"", ""1890〜2200円"", ""2200〜2560円"", ""2560〜3020円"", ""3020〜3580円"", ""3580〜4290円"", ""4290〜5220円"", ""5220〜6490円"", ""6490〜8320円"", ""8320〜11230円"", ""11230〜16260円"", ""16260〜28299円"", ""28299円〜""]","[11.4, 7.8, 7.1, 6.2, 5.0, 5.3, 5.0, 5.1, 4.0, 4.6, 4.4, 4.4, 3.7, 3.6, 3.8, 2.8, 3.2, 3.1, 4.5, 5.1]","[6.4, 2.8, 2.1, 1.2, -0.0, 0.3, 0.0, 0.1, -1.0, -0.4, -0.6, -0.6, -1.3, -1.4, -1.2, -2.2, -1.8, -1.9, -0.5, 0.1]"
20260727,09,4,1,41.3,"[[""1-3-2"", 0.05], [""1-2-3"", 0.0488], [""1-3-5"", 0.0392], [""1-2-5"", 0.0365], [""1-3-4"", 0.0167], [""1-2-4"", 0.0156]]",3,29.4,"[[""3-1-2"", 0.0396], [""3-1-5"", 0.0311], [""3-1-4"", 0.0133]]","[[""2-1-3"", 0.0382], [""3-2-1"", 0.0279], [""2-3-1"", 0.0276], [""1-5-3"", 0.0328]]",,,False,True,0.8175,弱,"{""逃げ"": 34.8, ""差し"": 20.2, ""まくり"": 18.5, ""まくり差し"": 17.2, ""抜き"": 8.1, ""恵まれ"": 1.1}","[""0〜600円"", ""600〜750円"", ""750〜900円"", ""900〜1060円"", ""1060〜1220円"", ""1220〜1410円"", ""1410〜1640円"", ""1640〜1890円"", ""1890〜2200円"", ""2200〜2560円"", ""2560〜3020円"", ""3020〜3580円"", ""3580〜4290円"", ""4290〜5220円"", ""5220〜6490円"", ""6490〜8320円"", ""8320〜11230円"", ""11230〜16260円"", ""16260〜28299円"", ""28299円〜""]","[1.3, 2.3, 2.8, 3.6, 4.2, 4.3, 4.8, 5.6, 5.5, 5.0, 5.6, 7.6, 5.3, 6.2, 5.6, 7.0, 7.0, 6.1, 5.8, 4.4]","[-3.7, -2.7, -2.2, -1.4, -0.8, -0.7, -0.2, 0.6, 0.5, 0.0, 0.6, 2.6, 0.3, 1.2, 0.6, 2.0, 2.0, 1.1, 0.8, -0.6]"
20260727,09,5,1,53.5,"[[""1-2-3"", 0.1105], [""1-2-4"", 0.1007], [""1-2-6"", 0.0831], [""1-2-5"", 0.0722]]",2,30.4,"[[""2-1-3"", 0.0234], [""2-1-4"", 0.0214], [""2-1-6"", 0.0176], [""2-1-5"", 0.0153]]","[[""1-3-2"", 0.0693], [""1-4-2"", 0.0599], [""1-6-2"", 0.0481], [""1-5-2"", 0.0412]]",1-2,0.4743,False,True,0.8175,中,"{""逃げ"": 54.0, ""差し"": 13.2, ""まくり差し"": 14.2, ""まくり"": 11.7, ""抜き"": 6.2, ""恵まれ"": 0.8}","[""0〜600円"", ""600〜750円"", ""750〜900円"", ""900〜1060円"", ""1060〜1220円"", ""1220〜1410円"", ""1410〜1640円"", ""1640〜1890円"", ""1890〜2200円"", ""2200〜2560円"", ""2560〜3020円"", ""3020〜3580円"", ""3580〜4290円"", ""4290〜5220円"", ""5220〜6490円"", ""6490〜8320円"", ""8320〜11230円"", ""11230〜16260円"", ""16260〜28299円"", ""28299円〜""]","[5.2, 5.5, 5.1, 5.3, 4.7, 5.1, 4.6, 4.9, 5.0, 5.4, 6.3, 5.5, 4.8, 4.7, 4.3, 4.3, 5.0, 4.4, 4.9, 5.0]","[0.2, 0.5, 0.1, 0.3, -0.3, 0.1, -0.4, -0.1, 0.0, 0.4, 1.3, 0.5, -0.2, -0.3, -0.7, -0.7, 0.0, -0.6, -0.1, 0.0]"
20260727,09,6,2,50.0,"[[""2-1-4"", 0.065], [""2-1-3"", 0.0547], [""2-1-5"", 0.0156]]",1,25.9,"[[""1-2-4"", 0.0629], [""1-2-3"", 0.0529], [""1-2-5"", 0.0151]]","[[""2-4-1"", 0.0489], [""1-4-2"", 0.0452], [""4-2-1"", 0.0404], [""4-1-2"", 0.0386]]",1-2,0.3036,False,False,0.7834,強,"{""逃げ"": 68.7, ""まくり差し"": 8.8, ""差し"": 8.2, ""まくり"": 7.8, ""抜き"": 5.6, ""恵まれ"": 0.9}","[""0〜600円"", ""600〜750円"", ""750〜900円"", ""900〜1060円"", ""1060〜1220円"", ""1220〜1410円"", ""1410〜1640円"", ""1640〜1890円"", ""1890〜2200円"", ""2200〜2560円"", ""2560〜3020円"", ""3020〜3580円"", ""3580〜4290円"", ""4290〜5220円"", ""5220〜6490円"", ""6490〜8320円"", ""8320〜11230円"", ""11230〜16260円"", ""16260〜28299円"", ""28299円〜""]","[11.4, 7.8, 7.1, 6.2, 5.0, 5.3, 5.0, 5.1, 4.0, 4.6, 4.4, 4.4, 3.7, 3.6, 3.8, 2.8, 3.2, 3.1, 4.5, 5.1]","[6.4, 2.8, 2.1, 1.2, -0.0, 0.3, 0.0, 0.1, -1.0, -0.4, -0.6, -0.6, -1.3, -1.4, -1.2, -2.2, -1.8, -1.9, -0.5, 0.1]"
20260727,09,7,1,46.6,"[[""1-2-3"", 0.0756], [""1-2-5"", 0.0193], [""1-2-4"", 0.0154]]",2,24.3,"[[""2-1-3"", 0.075], [""2-1-5"", 0.0192], [""2-1-4"", 0.0153]]","[[""1-3-2"", 0.0711], [""2-3-1"", 0.0697], [""3-1-2"", 0.0682], [""3-2-1"", 0.0673]]",1-2,0.2635,False,True,0.8175,弱,"{""逃げ"": 34.8, ""差し"": 20.2, ""まくり"": 18.5, ""まくり差し"": 17.2, ""抜き"": 8.1, ""恵まれ"": 1.1}","[""0〜600円"", ""600〜750円"", ""750〜900円"", ""900〜1060円"", ""1060〜1220円"", ""1220〜1410円"", ""1410〜1640円"", ""1640〜1890円"", ""1890〜2200円"", ""2200〜2560円"", ""2560〜3020円"", ""3020〜3580円"", ""3580〜4290円"", ""4290〜5220円"", ""5220〜6490円"", ""6490〜8320円"", ""8320〜11230円"", ""11230〜16260円"", ""16260〜28299円"", ""28299円〜""]","[1.3, 2.3, 2.8, 3.6, 4.2, 4.3, 4.8, 5.6, 5.5, 5.0, 5.6, 7.6, 5.3, 6.2, 5.6, 7.0, 7.0, 6.1, 5.8, 4.4]","[-3.7, -2.7, -2.2, -1.4, -0.8, -0.7, -0.2, 0.6, 0.5, 0.0, 0.6, 2.6, 0.3, 1.2, 0.6, 2.0, 2.0, 1.1, 0.8, -0.6]"
20260727,09,8,3,54.3,"[[""3-1-4"", 0.0601], [""3-1-2"", 0.0668], [""3-1-6"", 0.0228], [""3-1-5"", 0.0159]]",1,38.9,"[[""1-3-4"", 0.0445], [""1-3-2"", 0.0494], [""1-3-6"", 0.0169], [""1-3-5"", 0.0118]]","[[""3-4-1"", 0.0462], [""3-2-1"", 0.0492], [""4-3-1"", 0.0303], [""2-3-1"", 0.0316]]",1-3,0.3173,False,False,0.7834,強,"{""逃げ"": 68.7, ""まくり差し"": 8.8, ""差し"": 8.2, ""まくり"": 7.8, ""抜き"": 5.6, ""恵まれ"": 0.9}","[""0〜600円"", ""600〜750円"", ""750〜900円"", ""900〜1060円"", ""1060〜1220円"", ""1220〜1410円"", ""1410〜1640円"", ""1640〜1890円"", ""1890〜2200円"", ""2200〜2560円"", ""2560〜3020円"", ""3020〜3580円"", ""3580〜4290円"", ""4290〜5220円"", ""5220〜6490円"", ""6490〜8320円"", ""8320〜11230円"", ""11230〜16260円"", ""16260〜28299円"", ""28299円〜""]","[11.4, 7.8, 7.1, 6.2, 5.0, 5.3, 5.0, 5.1, 4.0, 4.6, 4.4, 4.4, 3.7, 3.6, 3.8, 2.8, 3.2, 3.1, 4.5, 5.1]","[6.4, 2.8, 2.1, 1.2, -0.0, 0.3, 0.0, 0.1, -1.0, -0.4, -0.6, -0.6, -1.3, -1.4, -1.2, -2.2, -1.8, -1.9, -0.5, 0.1]"
20260727,09,9,1,51.5,"[[""1-3-4"", 0.1142], [""1-3-2"", 0.0873], [""1-3-5"", 0.0445], [""1-3-6"", 0.0299]]",3,20.7,"[[""3-1-4"", 0.0363], [""3-1-2"", 0.0277], [""3-1-5"", 0.0141]]","[[""1-4-3"", 0.0899], [""1-2-3"", 0.0598], [""1-4-2"", 0.0437], [""1-2-4"", 0.038]]",1-3,0.4052,False,False,0.7834,強,"{""逃げ"": 68.7, ""まくり差し"": 8.8, ""差し"": 8.2, ""まくり"": 7.8, ""抜き"": 5.6, ""恵まれ"": 0.9}","[""0〜600円"", ""600〜750円"", ""750〜900円"", ""900〜1060円"", ""1060〜1220円"", ""1220〜1410円"", ""1410〜1640円"", ""1640〜1890円"", ""1890〜2200円"", ""2200〜2560円"", ""2560〜3020円"", ""3020〜3580円"", ""3580〜4290円"", ""4290〜5220円"", ""5220〜6490円"", ""6490〜8320円"", ""8320〜11230円"", ""11230〜16260円"", ""16260〜28299円"", ""28299円〜""]","[11.4, 7.8, 7.1, 6.2, 5.0, 5.3, 5.0, 5.1, 4.0, 4.6, 4.4, 4.4, 3.7, 3.6, 3.8, 2.8, 3.2, 3.1, 4.5, 5.1]","[6.4, 2.8, 2.1, 1.2, -0.0, 0.3, 0.0, 0.1, -1.0, -0.4, -0.6, -0.6, -1.3, -1.4, -1.2, -2.2, -1.8, -1.9, -0.5, 0.1]"
20260727,09,10,1,58.8,"[[""1-2-4"", 0.0944], [""1-2-5"", 0.1018], [""1-2-3"", 0.0561], [""1-2-6"", 0.0384]]",2,43.1,"[[""2-1-4"", 0.0439], [""2-1-5"", 0.0474], [""2-1-3"", 0.0261], [""2-1-6"", 0.0179]]","[[""1-4-2"", 0.0578], [""1-5-2"", 0.0607], [""1-3-2"", 0.0308], [""4-1-2"", 0.0235]]",1-2,0.4569,False,True,0.8175,強,"{""逃げ"": 68.7, ""まくり差し"": 8.8, ""差し"": 8.2, ""まくり"": 7.8, ""抜き"": 5.6, ""恵まれ"": 0.9}","[""0〜600円"", ""600〜750円"", ""750〜900円"", ""900〜1060円"", ""1060〜1220円"", ""1220〜1410円"", ""1410〜1640円"", ""1640〜1890円"", ""1890〜2200円"", ""2200〜2560円"", ""2560〜3020円"", ""3020〜3580円"", ""3580〜4290円"", ""4290〜5220円"", ""5220〜6490円"", ""6490〜8320円"", ""8320〜11230円"", ""11230〜16260円"", ""16260〜28299円"", ""28299円〜""]","[11.4, 7.8, 7.1, 6.2, 5.0, 5.3, 5.0, 5.1, 4.0, 4.6, 4.4, 4.4, 3.7, 3.6, 3.8, 2.8, 3.2, 3.1, 4.5, 5.1]","[6.4, 2.8, 2.1, 1.2, -0.0, 0.3, 0.0, 0.1, -1.0, -0.4, -0.6, -0.6, -1.3, -1.4, -1.2, -2.2, -1.8, -1.9, -0.5, 0.1]"
20260727,09,11,1,50.0,"[[""1-4-3"", 0.0987], [""1-3-4"", 0.0805], [""1-4-2"", 0.1019], [""1-2-4"", 0.0779], [""1-3-2"", 0.0539], [""1-2-3"", 0.0506], [""1-4-6"", 0.0457], [""1-6-4"", 0.0306], [""1-4-5"", 0.0269]]",4,24.3,"[[""4-1-3"", 0.0255], [""4-1-2"", 0.0263], [""4-1-6"", 0.0118]]","[[""3-1-4"", 0.0201], [""1-3-6"", 0.0242], [""1-6-3"", 0.0198], [""2-1-4"", 0.0192]]",,,False,False,0.7834,強,"{""逃げ"": 68.7, ""まくり差し"": 8.8, ""差し"": 8.2, ""まくり"": 7.8, ""抜き"": 5.6, ""恵まれ"": 0.9}","[""0〜600円"", ""600〜750円"", ""750〜900円"", ""900〜1060円"", ""1060〜1220円"", ""1220〜1410円"", ""1410〜1640円"", ""1640〜1890円"", ""1890〜2200円"", ""2200〜2560円"", ""2560〜3020円"", ""3020〜3580円"", ""3580〜4290円"", ""4290〜5220円"", ""5220〜6490円"", ""6490〜8320円"", ""8320〜11230円"", ""11230〜16260円"", ""16260〜28299円"", ""28299円〜""]","[11.4, 7.8, 7.1, 6.2, 5.0, 5.3, 5.0, 5.1, 4.0, 4.6, 4.4, 4.4, 3.7, 3.6, 3.8, 2.8, 3.2, 3.1, 4.5, 5.1]","[6.4, 2.8, 2.1, 1.2, -0.0, 0.3, 0.0, 0.1, -1.0, -0.4, -0.6, -0.6, -1.3, -1.4, -1.2, -2.2, -1.8, -1.9, -0.5, 0.1]"
20260727,09,12,1,54.3,"[[""1-2-3"", 0.061], [""1-3-2"", 0.0603], [""1-2-4"", 0.0537], [""1-3-4"", 0.0514], [""1-4-2"", 0.0483], [""1-4-3"", 0.0467], [""1-2-5"", 0.0433], [""1-3-5"", 0.0414], [""1-5-2"", 0.0373]]",2,31.4,"[[""2-1-3"", 0.0148], [""2-1-4"", 0.013], [""2-1-5"", 0.0105]]","[[""1-2-6"", 0.0369], [""1-5-3"", 0.0361], [""1-3-6"", 0.0353], [""1-6-2"", 0.031]]",,,False,True,0.8175,強,"{""逃げ"": 68.7, ""まくり差し"": 8.8, ""差し"": 8.2, ""まくり"": 7.8, ""抜き"": 5.6, ""恵まれ"": 0.9}","[""0〜600円"", ""600〜750円"", ""750〜900円"", ""900〜1060円"", ""1060〜1220円"", ""1220〜1410円"", ""1410〜1640円"", ""1640〜1890円"", ""1890〜2200円"", ""2200〜2560円"", ""2560〜3020円"", ""3020〜3580円"", ""3580〜4290円"", ""4290〜5220円"", ""5220〜6490円"", ""6490〜8320円"", ""8320〜11230円"", ""11230〜16260円"", ""16260〜28299円"", ""28299円〜""]","[11.4, 7.8, 7.1, 6.2, 5.0, 5.3, 5.0, 5.1, 4.0, 4.6, 4.4, 4.4, 3.7, 3.6, 3.8, 2.8, 3.2, 3.1, 4.5, 5.1]","[6.4, 2.8, 2.1, 1.2, -0.0, 0.3, 0.0, 0.1, -1.0, -0.4, -0.6, -0.6, -1.3, -1.4, -1.2, -2.2, -1.8, -1.9, -0.5, 0.1]"
20260727,10,1,1,47.1,"[[""1-2-3"", 0.1114], [""1-2-4"", 0.0773], [""1-2-5"", 0.0688], [""1-2-6"", 0.0286]]",2,38.9,"[[""2-1-3"", 0.0334], [""2-1-4"", 0.0232], [""2-1-5"", 0.0206]]","[[""1-3-2"", 0.0859], [""1-4-2"", 0.052], [""1-5-2"", 0.0455], [""1-3-4"", 0.0355]]",1-2,0.4042,False,True,0.8175,強,"{""逃げ"": 63.2, ""差し"": 12.1, ""まくり差し"": 9.3, ""まくり"": 9.1, ""抜き"": 5.7, ""恵まれ"": 0.7}","[""0〜600円"", ""600〜750円"", ""750〜900円"", ""900〜1060円"", ""1060〜1220円"", ""1220〜1410円"", ""1410〜1640円"", ""1640〜1890円"", ""1890〜2200円"", ""2200〜2560円"", ""2560〜3020円"", ""3020〜3580円"", ""3580〜4290円"", ""4290〜5220円"", ""5220〜6490円"", ""6490〜8320円"", ""8320〜11230円"", ""11230〜16260円"", ""16260〜28299円"", ""28299円〜""]","[9.1, 7.5, 6.8, 6.2, 4.7, 4.8, 5.5, 4.4, 4.6, 4.1, 4.3, 3.6, 3.5, 4.3, 3.5, 3.6, 3.9, 4.5, 5.5, 5.6]","[4.1, 2.5, 1.8, 1.2, -0.3, -0.2, 0.5, -0.6, -0.4, -0.9, -0.7, -1.4, -1.5, -0.7, -1.5, -1.4, -1.1, -0.5, 0.5, 0.6]"
20260727,10,2,1,48.1,"[[""1-2-3"", 0.1745], [""1-2-4"", 0.0923], [""1-2-5"", 0.0406], [""1-2-6"", 0.0181]]",2,43.3,"[[""2-1-3"", 0.0536], [""2-1-4"", 0.0284], [""2-1-5"", 0.0125]]","[[""1-3-2"", 0.1245], [""1-4-2"", 0.0532], [""3-1-2"", 0.036], [""1-3-4"", 0.039]]",1-2,0.4764,False,True,0.8175,強,"{""逃げ"": 63.2, ""差し"": 12.1, ""まくり差し"": 9.3, ""まくり"": 9.1, ""抜き"": 5.7, ""恵まれ"": 0.7}","[""0〜600円"", ""600〜750円"", ""750〜900円"", ""900〜1060円"", ""1060〜1220円"", ""1220〜1410円"", ""1410〜1640円"", ""1640〜1890円"", ""1890〜2200円"", ""2200〜2560円"", ""2560〜3020円"", ""3020〜3580円"", ""3580〜4290円"", ""4290〜5220円"", ""5220〜6490円"", ""6490〜8320円"", ""8320〜11230円"", ""11230〜16260円"", ""16260〜28299円"", ""28299円〜""]","[9.1, 7.5, 6.8, 6.2, 4.7, 4.8, 5.5, 4.4, 4.6, 4.1, 4.3, 3.6, 3.5, 4.3, 3.5, 3.6, 3.9, 4.5, 5.5, 5.6]","[4.1, 2.5, 1.8, 1.2, -0.3, -0.2, 0.5, -0.6, -0.4, -0.9, -0.7, -1.4, -1.5, -0.7, -1.5, -1.4, -1.1, -0.5, 0.5, 0.6]"
20260727,10,3,1,53.0,"[[""1-3-2"", 0.1193], [""1-3-4"", 0.1366], [""1-3-5"", 0.0428]]",3,35.2,"[[""3-1-2"", 0.0289], [""3-1-4"", 0.0331], [""3-1-5"", 0.0104]]","[[""1-2-3"", 0.0924], [""1-4-3"", 0.1035], [""1-2-4"", 0.0638], [""1-4-2"", 0.0624]]",1-3,0.4101,False,True,0.8175,強,"{""逃げ"": 63.2, ""差し"": 12.1, ""まくり差し"": 9.3, ""まくり"": 9.1, ""抜き"": 5.7, ""恵まれ"": 0.7}","[""0〜600円"", ""600〜750円"", ""750〜900円"", ""900〜1060円"", ""1060〜1220円"", ""1220〜1410円"", ""1410〜1640円"", ""1640〜1890円"", ""1890〜2200円"", ""2200〜2560円"", ""2560〜3020円"", ""3020〜3580円"", ""3580〜4290円"", ""4290〜5220円"", ""5220〜6490円"", ""6490〜8320円"", ""8320〜11230円"", ""11230〜16260円"", ""16260〜28299円"", ""28299円〜""]","[9.1, 7.5, 6.8, 6.2, 4.7, 4.8, 5.5, 4.4, 4.6, 4.1, 4.3, 3.6, 3.5, 4.3, 3.5, 3.6, 3.9, 4.5, 5.5, 5.6]","[4.1, 2.5, 1.8, 1.2, -0.3, -0.2, 0.5, -0.6, -0.4, -0.9, -0.7, -1.4, -1.5, -0.7, -1.5, -1.4, -1.1, -0.5, 0.5, 0.6]"
20260727,10,4,1,60.3,"[[""1-3-4"", 0.1021], [""1-3-2"", 0.0683], [""1-3-6"", 0.0555], [""1-3-5"", 0.0409]]",3,23.7,"[[""3-1-4"", 0.1006], [""3-1-2"", 0.0673], [""3-1-6"", 0.0547], [""3-1-5"", 0.0403]]","[[""1-4-3"", 0.0346], [""3-4-1"", 0.0336], [""4-1-3"", 0.0218], [""4-3-1"", 0.0214]]",1-3,0.5857,True,False,0.7834,中,"{""逃げ"": 49.9, ""差し"": 16.4, ""まくり"": 14.3, ""まくり差し"": 11.3, ""抜き"": 7.3, ""恵まれ"": 0.8}","[""0〜600円"", ""600〜750円"", ""750〜900円"", ""900〜1060円"", ""1060〜1220円"", ""1220〜1410円"", ""1410〜1640円"", ""1640〜1890円"", ""1890〜2200円"", ""2200〜2560円"", ""2560〜3020円"", ""3020〜3580円"", ""3580〜4290円"", ""4290〜5220円"", ""5220〜6490円"", ""6490〜8320円"", ""8320〜11230円"", ""11230〜16260円"", ""16260〜28299円"", ""28299円〜""]","[5.4, 5.0, 4.5, 4.5, 4.4, 5.1, 5.3, 4.0, 5.1, 4.8, 5.1, 5.7, 5.3, 5.9, 4.7, 4.8, 4.0, 5.8, 4.2, 6.2]","[0.4, 0.0, -0.5, -0.5, -0.6, 0.1, 0.3, -1.0, 0.1, -0.2, 0.1, 0.7, 0.3, 0.9, -0.3, -0.2, -1.0, 0.8, -0.8, 1.2]"
20260727,10,5,1,45.6,"[[""1-6-4"", 0.0381], [""1-4-6"", 0.0379], [""1-6-5"", 0.0462], [""1-4-5"", 0.0455], [""1-5-6"", 0.0454], [""1-5-4"", 0.0449], [""1-6-3"", 0.0438], [""1-4-3"", 0.0431], [""1-3-6"", 0.0425]]",3,46.3,[],"[[""1-3-4"", 0.042], [""1-6-2"", 0.0406], [""1-5-3"", 0.0404], [""1-4-2"", 0.04]]",,,False,False,0.7834,強,"{""逃げ"": 63.2, ""差し"": 12.1, ""まくり差し"": 9.3, ""まくり"": 9.1, ""抜き"": 5.7, ""恵まれ"": 0.7}","[""0〜600円"", ""600〜750円"", ""750〜900円"", ""900〜1060円"", ""1060〜1220円"", ""1220〜1410円"", ""1410〜1640円"", ""1640〜1890円"", ""1890〜2200円"", ""2200〜2560円"", ""2560〜3020円"", ""3020〜3580円"", ""3580〜4290円"", ""4290〜5220円"", ""5220〜6490円"", ""6490〜8320円"", ""8320〜11230円"", ""11230〜16260円"", ""16260〜28299円"", ""28299円〜""]","[9.1, 7.5, 6.8, 6.2, 4.7, 4.8, 5.5, 4.4, 4.6, 4.1, 4.3, 3.6, 3.5, 4.3, 3.5, 3.6, 3.9, 4.5, 5.5, 5.6]","[4.1, 2.5, 1.8, 1.2, -0.3, -0.2, 0.5, -0.6, -0.4, -0.9, -0.7, -1.4, -1.5, -0.7, -1.5, -1.4, -1.1, -0.5, 0.5, 0.6]"
20260727,10,6,2,45.1,"[[""2-1-5"", 0.0781], [""2-1-4"", 0.072], [""2-1-3"", 0.06]]",1,19.8,"[[""1-2-5"", 0.0619], [""1-2-4"", 0.0571], [""1-2-3"", 0.0476]]","[[""2-5-1"", 0.045], [""2-4-1"", 0.0388], [""5-2-1"", 0.0281], [""1-5-2"", 0.027]]",1-2,0.4262,False,False,0.7834,強,"{""逃げ"": 63.2, ""差し"": 12.1, ""まくり差し"": 9.3, ""まくり"": 9.1, ""抜き"": 5.7, ""恵まれ"": 0.7}","[""0〜600円"", ""600〜750円"", ""750〜900円"", ""900〜1060円"", ""1060〜1220円"", ""1220〜1410円"", ""1410〜1640円"", ""1640〜1890円"", ""1890〜2200円"", ""2200〜2560円"", ""2560〜3020円"", ""3020〜3580円"", ""3580〜4290円"", ""4290〜5220円"", ""5220〜6490円"", ""6490〜8320円"", ""8320〜11230円"", ""11230〜16260円"", ""16260〜28299円"", ""28299円〜""]","[9.1, 7.5, 6.8, 6.2, 4.7, 4.8, 5.5, 4.4, 4.6, 4.1, 4.3, 3.6, 3.5, 4.3, 3.5, 3.6, 3.9, 4.5, 5.5, 5.6]","[4.1, 2.5, 1.8, 1.2, -0.3, -0.2, 0.5, -0.6, -0.4, -0.9, -0.7, -1.4, -1.5, -0.7, -1.5, -1.4, -1.1, -0.5, 0.5, 0.6]"
20260727,10,7,1,36.1,"[[""1-3-6"", 0.0329], [""1-3-4"", 0.041], [""1-6-3"", 0.0316], [""1-4-3"", 0.039], [""1-6-4"", 0.0353], [""1-4-6"", 0.0349], [""1-3-5"", 0.02], [""1-6-5"", 0.0172], [""1-4-5"", 0.0167]]",4,25.5,"[[""4-1-3"", 0.028], [""4-1-6"", 0.0251], [""4-1-5"", 0.012]]","[[""3-1-6"", 0.0243], [""3-1-4"", 0.0302], [""6-1-3"", 0.0228], [""6-1-4"", 0.0254]]",,,False,False,0.7834,弱,"{""逃げ"": 31.7, ""まくり"": 21.4, ""差し"": 22.0, ""まくり差し"": 15.5, ""抜き"": 8.4, ""恵まれ"": 1.0}","[""0〜600円"", ""600〜750円"", ""750〜900円"", ""900〜1060円"", ""1060〜1220円"", ""1220〜1410円"", ""1410〜1640円"", ""1640〜1890円"", ""1890〜2200円"", ""2200〜2560円"", ""2560〜3020円"", ""3020〜3580円"", ""3580〜4290円"", ""4290〜5220円"", ""5220〜6490円"", ""6490〜8320円"", ""8320〜11230円"", ""11230〜16260円"", ""16260〜28299円"", ""28299円〜""]","[0.9, 1.3, 2.5, 2.8, 2.5, 4.4, 4.4, 5.9, 5.0, 5.3, 4.9, 7.1, 7.0, 6.7, 7.0, 7.1, 7.3, 5.9, 7.0, 4.6]","[-4.1, -3.7, -2.5, -2.2, -2.5, -0.6, -0.6, 0.9, 0.0, 0.3, -0.1, 2.1, 2.0, 1.7, 2.0, 2.1, 2.3, 0.9, 2.0, -0.4]"
20260727,10,8,1,57.4,"[[""1-2-3"", 0.0307], [""1-3-2"", 0.0293], [""1-2-5"", 0.0334], [""1-5-2"", 0.0305], [""1-3-5"", 0.0288], [""1-5-3"", 0.0275], [""1-2-4"", 0.0111]]",3,25.6,"[[""3-1-2"", 0.0274], [""3-2-1"", 0.026], [""3-1-5"", 0.0269], [""3-5-1"", 0.0235], [""3-2-5"", 0.0229], [""3-5-2"", 0.0211]]","[[""2-1-3"", 0.0296], [""2-3-1"", 0.0268], [""2-1-5"", 0.0322], [""2-5-1"", 0.0279]]",,,False,True,0.8175,弱,"{""逃げ"": 31.7, ""まくり"": 21.4, ""差し"": 22.0, ""まくり差し"": 15.5, ""抜き"": 8.4, ""恵まれ"": 1.0}","[""0〜600円"", ""600〜750円"", ""750〜900円"", ""900〜1060円"", ""1060〜1220円"", ""1220〜1410円"", ""1410〜1640円"", ""1640〜1890円"", ""1890〜2200円"", ""2200〜2560円"", ""2560〜3020円"", ""3020〜3580円"", ""3580〜4290円"", ""4290〜5220円"", ""5220〜6490円"", ""6490〜8320円"", ""8320〜11230円"", ""11230〜16260円"", ""16260〜28299円"", ""28299円〜""]","[0.9, 1.3, 2.5, 2.8, 2.5, 4.4, 4.4, 5.9, 5.0, 5.3, 4.9, 7.1, 7.0, 6.7, 7.0, 7.1, 7.3, 5.9, 7.0, 4.6]","[-4.1, -3.7, -2.5, -2.2, -2.5, -0.6, -0.6, 0.9, 0.0, 0.3, -0.1, 2.1, 2.0, 1.7, 2.0, 2.1, 2.3, 0.9, 2.0, -0.4]"
20260727,10,9,2,50.6,"[[""2-1-4"", 0.0604], [""2-1-3"", 0.0364], [""2-1-6"", 0.0214], [""2-1-5"", 0.014]]",1,31.6,"[[""1-2-4"", 0.0554], [""1-2-3"", 0.0334], [""1-2-6"", 0.0197], [""1-2-5"", 0.0128]]","[[""2-4-1"", 0.0484], [""1-4-2"", 0.0394], [""4-2-1"", 0.0394], [""4-1-2"", 0.0349]]",1-2,0.2854,False,False,0.7834,強,"{""逃げ"": 63.2, ""差し"": 12.1, ""まくり差し"": 9.3, ""まくり"": 9.1, ""抜き"": 5.7, ""恵まれ"": 0.7}","[""0〜600円"", ""600〜750円"", ""750〜900円"", ""900〜1060円"", ""1060〜1220円"", ""1220〜1410円"", ""1410〜1640円"", ""1640〜1890円"", ""1890〜2200円"", ""2200〜2560円"", ""2560〜3020円"", ""3020〜3580円"", ""3580〜4290円"", ""4290〜5220円"", ""5220〜6490円"", ""6490〜8320円"", ""8320〜11230円"", ""11230〜16260円"", ""16260〜28299円"", ""28299円〜""]","[9.1, 7.5, 6.8, 6.2, 4.7, 4.8, 5.5, 4.4, 4.6, 4.1, 4.3, 3.6, 3.5, 4.3, 3.5, 3.6, 3.9, 4.5, 5.5, 5.6]","[4.1, 2.5, 1.8, 1.2, -0.3, -0.2, 0.5, -0.6, -0.4, -0.9, -0.7, -1.4, -1.5, -0.7, -1.5, -1.4, -1.1, -0.5, 0.5, 0.6]"
20260727,10,10,1,48.9,"[[""1-3-2"", 0.0471], [""1-3-4"", 0.0491], [""1-3-6"", 0.0326], [""1-3-5"", 0.0317]]",3,26.2,"[[""3-1-2"", 0.0361], [""3-1-4"", 0.0376], [""3-1-6"", 0.025], [""3-1-5"", 0.0242]]","[[""1-2-3"", 0.0347], [""1-4-3"", 0.0349], [""2-1-3"", 0.0229], [""3-2-1"", 0.0192]]",1-3,0.302,False,True,0.8175,中,"{""逃げ"": 49.9, ""差し"": 16.4, ""まくり"": 14.3, ""まくり差し"": 11.3, ""抜き"": 7.3, ""恵まれ"": 0.8}","[""0〜600円"", ""600〜750円"", ""750〜900円"", ""900〜1060円"", ""1060〜1220円"", ""1220〜1410円"", ""1410〜1640円"", ""1640〜1890円"", ""1890〜2200円"", ""2200〜2560円"", ""2560〜3020円"", ""3020〜3580円"", ""3580〜4290円"", ""4290〜5220円"", ""5220〜6490円"", ""6490〜8320円"", ""8320〜11230円"", ""11230〜16260円"", ""16260〜28299円"", ""28299円〜""]","[5.4, 5.0, 4.5, 4.5, 4.4, 5.1, 5.3, 4.0, 5.1, 4.8, 5.1, 5.7, 5.3, 5.9, 4.7, 4.8, 4.0, 5.8, 4.2, 6.2]","[0.4, 0.0, -0.5, -0.5, -0.6, 0.1, 0.3, -1.0, 0.1, -0.2, 0.1, 0.7, 0.3, 0.9, -0.3, -0.2, -1.0, 0.8, -0.8, 1.2]"
20260727,10,11,1,60.3,"[[""1-4-2"", 0.0641], [""1-2-4"", 0.0591], [""1-4-3"", 0.0662], [""1-3-4"", 0.057], [""1-2-3"", 0.0506], [""1-3-2"", 0.0472], [""1-4-5"", 0.0367], [""1-5-4"", 0.0281], [""1-2-5"", 0.028]]",4,38.3,"[[""4-1-2"", 0.0284], [""4-1-3"", 0.0293], [""4-1-5"", 0.0163]]","[[""2-1-4"", 0.0256], [""3-1-4"", 0.0241], [""1-5-2"", 0.0232], [""2-1-3"", 0.0219]]",,,False,False,0.7834,強,"{""逃げ"": 63.2, ""差し"": 12.1, ""まくり差し"": 9.3, ""まくり"": 9.1, ""抜き"": 5.7, ""恵まれ"": 0.7}","[""0〜600円"", ""600〜750円"", ""750〜900円"", ""900〜1060円"", ""1060〜1220円"", ""1220〜1410円"", ""1410〜1640円"", ""1640〜1890円"", ""1890〜2200円"", ""2200〜2560円"", ""2560〜3020円"", ""3020〜3580円"", ""3580〜4290円"", ""4290〜5220円"", ""5220〜6490円"", ""6490〜8320円"", ""8320〜11230円"", ""11230〜16260円"", ""16260〜28299円"", ""28299円〜""]","[9.1, 7.5, 6.8, 6.2, 4.7, 4.8, 5.5, 4.4, 4.6, 4.1, 4.3, 3.6, 3.5, 4.3, 3.5, 3.6, 3.9, 4.5, 5.5, 5.6]","[4.1, 2.5, 1.8, 1.2, -0.3, -0.2, 0.5, -0.6, -0.4, -0.9, -0.7, -1.4, -1.5, -0.7, -1.5, -1.4, -1.1, -0.5, 0.5, 0.6]"
20260727,10,12,1,62.6,"[[""1-2-3"", 0.0722], [""1-3-2"", 0.0705], [""1-2-6"", 0.045], [""1-3-6"", 0.0415], [""1-2-4"", 0.0408], [""1-2-5"", 0.0403], [""1-3-4"", 0.0376], [""1-3-5"", 0.0372], [""1-6-2"", 0.0367]]",2,26.0,"[[""2-1-3"", 0.0233], [""2-1-6"", 0.0145], [""2-1-4"", 0.0132], [""2-1-5"", 0.013]]","[[""1-6-3"", 0.0346], [""1-4-2"", 0.0327], [""1-5-2"", 0.0323], [""1-4-3"", 0.0309]]",,,False,True,0.8175,強,"{""逃げ"": 63.2, ""差し"": 12.1, ""まくり差し"": 9.3, ""まくり"": 9.1, ""抜き"": 5.7, ""恵まれ"": 0.7}","[""0〜600円"", ""600〜750円"", ""750〜900円"", ""900〜1060円"", ""1060〜1220円"", ""1220〜1410円"", ""1410〜1640円"", ""1640〜1890円"", ""1890〜2200円"", ""2200〜2560円"", ""2560〜3020円"", ""3020〜3580円"", ""3580〜4290円"", ""4290〜5220円"", ""5220〜6490円"", ""6490〜8320円"", ""8320〜11230円"", ""11230〜16260円"", ""16260〜28299円"", ""28299円〜""]","[9.1, 7.5, 6.8, 6.2, 4.7, 4.8, 5.5, 4.4, 4.6, 4.1, 4.3, 3.6, 3.5, 4.3, 3.5, 3.6, 3.9, 4.5, 5.5, 5.6]","[4.1, 2.5, 1.8, 1.2, -0.3, -0.2, 0.5, -0.6, -0.4, -0.9, -0.7, -1.4, -1.5, -0.7, -1.5, -1.4, -1.1, -0.5, 0.5, 0.6]"
20260727,12,1,1,56.2,"[[""1-2-4"", 0.0545], [""1-4-2"", 0.0457], [""1-2-3"", 0.0407], [""1-2-6"", 0.0343], [""1-4-3"", 0.0241], [""1-4-6"", 0.0203]]",2,47.9,"[[""2-1-4"", 0.0446], [""2-1-3"", 0.0333], [""2-1-6"", 0.0281]]","[[""4-1-2"", 0.0341], [""2-4-1"", 0.0286], [""4-2-1"", 0.0261], [""1-3-2"", 0.0294]]",,,False,False,0.7834,弱,"{""逃げ"": 37.0, ""まくり"": 24.4, ""差し"": 17.7, ""まくり差し"": 12.2, ""抜き"": 7.9, ""恵まれ"": 0.9}","[""0〜600円"", ""600〜750円"", ""750〜900円"", ""900〜1060円"", ""1060〜1220円"", ""1220〜1410円"", ""1410〜1640円"", ""1640〜1890円"", ""1890〜2200円"", ""2200〜2560円"", ""2560〜3020円"", ""3020〜3580円"", ""3580〜4290円"", ""4290〜5220円"", ""5220〜6490円"", ""6490〜8320円"", ""8320〜11230円"", ""11230〜16260円"", ""16260〜28299円"", ""28299円〜""]","[1.5, 2.8, 3.9, 3.7, 3.8, 4.9, 5.2, 5.9, 5.8, 5.8, 5.9, 5.6, 6.5, 6.0, 5.8, 6.6, 5.1, 5.7, 6.0, 3.7]","[-3.5, -2.2, -1.1, -1.3, -1.2, -0.1, 0.2, 0.9, 0.8, 0.8, 0.9, 0.6, 1.5, 1.0, 0.8, 1.6, 0.1, 0.7, 1.0, -1.3]"
20260727,12,2,1,67.8,"[[""1-2-3"", 0.0518], [""1-3-2"", 0.0453], [""1-2-5"", 0.0506], [""1-5-2"", 0.0412], [""1-3-5"", 0.0332], [""1-5-3"", 0.0309], [""1-2-6"", 0.0226], [""1-6-2"", 0.0159], [""1-3-6"", 0.0148]]",3,45.1,"[[""3-1-2"", 0.032], [""3-1-5"", 0.0235], [""3-1-6"", 0.0105]]","[[""2-1-3"", 0.0391], [""2-1-5"", 0.0382], [""2-3-1"", 0.0237], [""5-1-2"", 0.028]]",,,False,True,0.8175,弱,"{""逃げ"": 37.0, ""まくり"": 24.4, ""差し"": 17.7, ""まくり差し"": 12.2, ""抜き"": 7.9, ""恵まれ"": 0.9}","[""0〜600円"", ""600〜750円"", ""750〜900円"", ""900〜1060円"", ""1060〜1220円"", ""1220〜1410円"", ""1410〜1640円"", ""1640〜1890円"", ""1890〜2200円"", ""2200〜2560円"", ""2560〜3020円"", ""3020〜3580円"", ""3580〜4290円"", ""4290〜5220円"", ""5220〜6490円"", ""6490〜8320円"", ""8320〜11230円"", ""11230〜16260円"", ""16260〜28299円"", ""28299円〜""]","[1.5, 2.8, 3.9, 3.7, 3.8, 4.9, 5.2, 5.9, 5.8, 5.8, 5.9, 5.6, 6.5, 6.0, 5.8, 6.6, 5.1, 5.7, 6.0, 3.7]","[-3.5, -2.2, -1.1, -1.3, -1.2, -0.1, 0.2, 0.9, 0.8, 0.8, 0.9, 0.6, 1.5, 1.0, 0.8, 1.6, 0.1, 0.7, 1.0, -1.3]"
20260727,12,3,4,61.7,"[[""4-1-5"", 0.0334], [""4-5-1"", 0.027], [""4-1-2"", 0.0307], [""4-1-3"", 0.03], [""4-2-1"", 0.0228], [""4-3-1"", 0.0222], [""4-5-2"", 0.0154], [""4-5-3"", 0.0151], [""4-2-5"", 0.0141]]",1,,"[[""1-4-5"", 0.0331], [""1-5-4"", 0.0264], [""1-4-2"", 0.0304], [""1-4-3"", 0.0297], [""1-2-4"", 0.0223], [""1-3-4"", 0.0217]]","[[""5-4-1"", 0.0233], [""5-1-4"", 0.023], [""2-4-1"", 0.0186], [""2-1-4"", 0.0184]]",,,False,False,0.7834,強,"{""逃げ"": 67.2, ""まくり"": 9.6, ""差し"": 8.7, ""まくり差し"": 8.7, ""抜き"": 5.0, ""恵まれ"": 0.8}","[""0〜600円"", ""600〜750円"", ""750〜900円"", ""900〜1060円"", ""1060〜1220円"", ""1220〜1410円"", ""1410〜1640円"", ""1640〜1890円"", ""1890〜2200円"", ""2200〜2560円"", ""2560〜3020円"", ""3020〜3580円"", ""3580〜4290円"", ""4290〜5220円"", ""5220〜6490円"", ""6490〜8320円"", ""8320〜11230円"", ""11230〜16260円"", ""16260〜28299円"", ""28299円〜""]","[7.8, 7.0, 7.5, 5.3, 6.4, 4.9, 4.6, 4.7, 4.2, 5.0, 4.5, 3.7, 4.3, 3.9, 4.2, 3.3, 4.0, 3.7, 4.5, 6.4]","[2.8, 2.0, 2.5, 0.3, 1.4, -0.1, -0.4, -0.3, -0.8, 0.0, -0.5, -1.3, -0.7, -1.1, -0.8, -1.7, -1.0, -1.3, -0.5, 1.4]"
20260727,12,4,1,59.5,"[[""1-2-5"", 0.0513], [""1-5-2"", 0.0459], [""1-2-4"", 0.0479], [""1-4-2"", 0.0388], [""1-5-4"", 0.0334], [""1-4-5"", 0.0303], [""1-2-3"", 0.0277], [""1-3-2"", 0.0203], [""1-5-3"", 0.0193]]",5,27.2,"[[""5-1-2"", 0.0305], [""5-1-4"", 0.0222], [""5-1-3"", 0.0129]]","[[""2-1-5"", 0.036], [""2-1-4"", 0.0335], [""2-5-1"", 0.0202], [""4-1-2"", 0.0246]]",,,False,False,0.7834,弱,"{""逃げ"": 37.0, ""まくり"": 24.4, ""差し"": 17.7, ""まくり差し"": 12.2, ""抜き"": 7.9, ""恵まれ"": 0.9}","[""0〜600円"", ""600〜750円"", ""750〜900円"", ""900〜1060円"", ""1060〜1220円"", ""1220〜1410円"", ""1410〜1640円"", ""1640〜1890円"", ""1890〜2200円"", ""2200〜2560円"", ""2560〜3020円"", ""3020〜3580円"", ""3580〜4290円"", ""4290〜5220円"", ""5220〜6490円"", ""6490〜8320円"", ""8320〜11230円"", ""11230〜16260円"", ""16260〜28299円"", ""28299円〜""]","[1.5, 2.8, 3.9, 3.7, 3.8, 4.9, 5.2, 5.9, 5.8, 5.8, 5.9, 5.6, 6.5, 6.0, 5.8, 6.6, 5.1, 5.7, 6.0, 3.7]","[-3.5, -2.2, -1.1, -1.3, -1.2, -0.1, 0.2, 0.9, 0.8, 0.8, 0.9, 0.6, 1.5, 1.0, 0.8, 1.6, 0.1, 0.7, 1.0, -1.3]"
20260727,12,5,1,49.8,"[[""1-2-4"", 0.062], [""1-4-2"", 0.0572], [""1-2-6"", 0.0679], [""1-2-3"", 0.0675], [""1-6-2"", 0.0603], [""1-3-2"", 0.0598], [""1-4-6"", 0.0495], [""1-4-3"", 0.0492], [""1-6-4"", 0.0476]]",4,,[],"[[""1-3-4"", 0.0473], [""1-6-3"", 0.0406], [""1-3-6"", 0.0406], [""1-2-5"", 0.0388]]",,,False,False,0.7834,強,"{""逃げ"": 67.2, ""まくり"": 9.6, ""差し"": 8.7, ""まくり差し"": 8.7, ""抜き"": 5.0, ""恵まれ"": 0.8}","[""0〜600円"", ""600〜750円"", ""750〜900円"", ""900〜1060円"", ""1060〜1220円"", ""1220〜1410円"", ""1410〜1640円"", ""1640〜1890円"", ""1890〜2200円"", ""2200〜2560円"", ""2560〜3020円"", ""3020〜3580円"", ""3580〜4290円"", ""4290〜5220円"", ""5220〜6490円"", ""6490〜8320円"", ""8320〜11230円"", ""11230〜16260円"", ""16260〜28299円"", ""28299円〜""]","[7.8, 7.0, 7.5, 5.3, 6.4, 4.9, 4.6, 4.7, 4.2, 5.0, 4.5, 3.7, 4.3, 3.9, 4.2, 3.3, 4.0, 3.7, 4.5, 6.4]","[2.8, 2.0, 2.5, 0.3, 1.4, -0.1, -0.4, -0.3, -0.8, 0.0, -0.5, -1.3, -0.7, -1.1, -0.8, -1.7, -1.0, -1.3, -0.5, 1.4]"
20260727,12,6,2,48.1,"[[""2-1-3"", 0.0808], [""2-1-4"", 0.0856], [""2-1-6"", 0.0593], [""2-1-5"", 0.0383]]",1,40.8,"[[""1-2-3"", 0.0745], [""1-2-4"", 0.0789], [""1-2-6"", 0.0547], [""1-2-5"", 0.0353]]","[[""2-3-1"", 0.0312], [""2-4-1"", 0.0324], [""1-3-2"", 0.0262], [""1-4-2"", 0.0273]]",1-2,0.542,True,True,0.8175,強,"{""逃げ"": 67.2, ""まくり"": 9.6, ""差し"": 8.7, ""まくり差し"": 8.7, ""抜き"": 5.0, ""恵まれ"": 0.8}","[""0〜600円"", ""600〜750円"", ""750〜900円"", ""900〜1060円"", ""1060〜1220円"", ""1220〜1410円"", ""1410〜1640円"", ""1640〜1890円"", ""1890〜2200円"", ""2200〜2560円"", ""2560〜3020円"", ""3020〜3580円"", ""3580〜4290円"", ""4290〜5220円"", ""5220〜6490円"", ""6490〜8320円"", ""8320〜11230円"", ""11230〜16260円"", ""16260〜28299円"", ""28299円〜""]","[7.8, 7.0, 7.5, 5.3, 6.4, 4.9, 4.6, 4.7, 4.2, 5.0, 4.5, 3.7, 4.3, 3.9, 4.2, 3.3, 4.0, 3.7, 4.5, 6.4]","[2.8, 2.0, 2.5, 0.3, 1.4, -0.1, -0.4, -0.3, -0.8, 0.0, -0.5, -1.3, -0.7, -1.1, -0.8, -1.7, -1.0, -1.3, -0.5, 1.4]"
20260727,12,7,2,34.6,"[[""2-3-4"", 0.0502], [""2-3-5"", 0.0253], [""2-3-1"", 0.0196], [""2-3-6"", 0.0135]]",4,22.4,"[[""4-2-3"", 0.038], [""4-3-2"", 0.0377], [""4-2-5"", 0.0142], [""4-3-5"", 0.0139], [""4-2-1"", 0.011], [""4-3-1"", 0.0107]]","[[""3-2-4"", 0.0499], [""2-4-3"", 0.0424], [""3-4-2"", 0.0417], [""3-2-5"", 0.0252]]",,,False,False,0.7834,中,"{""逃げ"": 55.2, ""まくり"": 14.1, ""差し"": 13.0, ""まくり差し"": 10.3, ""抜き"": 6.2, ""恵まれ"": 1.1}","[""0〜600円"", ""600〜750円"", ""750〜900円"", ""900〜1060円"", ""1060〜1220円"", ""1220〜1410円"", ""1410〜1640円"", ""1640〜1890円"", ""1890〜2200円"", ""2200〜2560円"", ""2560〜3020円"", ""3020〜3580円"", ""3580〜4290円"", ""4290〜5220円"", ""5220〜6490円"", ""6490〜8320円"", ""8320〜11230円"", ""11230〜16260円"", ""16260〜28299円"", ""28299円〜""]","[3.6, 6.2, 5.8, 5.9, 5.1, 5.2, 5.7, 5.2, 5.2, 4.8, 5.0, 5.2, 4.9, 4.4, 4.3, 4.2, 4.7, 5.5, 4.5, 4.8]","[-1.4, 1.2, 0.8, 0.9, 0.1, 0.2, 0.7, 0.2, 0.2, -0.2, 0.0, 0.2, -0.1, -0.6, -0.7, -0.8, -0.3, 0.5, -0.5, -0.2]"
20260727,12,8,1,44.9,"[[""1-2-5"", 0.049], [""1-2-4"", 0.0502], [""1-2-3"", 0.0453], [""1-2-6"", 0.0106]]",2,24.9,"[[""2-1-5"", 0.0486], [""2-1-4"", 0.0498], [""2-1-3"", 0.0449], [""2-1-6"", 0.0106]]","[[""1-5-2"", 0.03], [""2-5-1"", 0.0295], [""1-4-2"", 0.0295], [""5-1-2"", 0.0227]]",1-2,0.336,False,False,0.7834,弱,"{""逃げ"": 37.0, ""まくり"": 24.4, ""差し"": 17.7, ""まくり差し"": 12.2, ""抜き"": 7.9, ""恵まれ"": 0.9}","[""0〜600円"", ""600〜750円"", ""750〜900円"", ""900〜1060円"", ""1060〜1220円"", ""1220〜1410円"", ""1410〜1640円"", ""1640〜1890円"", ""1890〜2200円"", ""2200〜2560円"", ""2560〜3020円"", ""3020〜3580円"", ""3580〜4290円"", ""4290〜5220円"", ""5220〜6490円"", ""6490〜8320円"", ""8320〜11230円"", ""11230〜16260円"", ""16260〜28299円"", ""28299円〜""]","[1.5, 2.8, 3.9, 3.7, 3.8, 4.9, 5.2, 5.9, 5.8, 5.8, 5.9, 5.6, 6.5, 6.0, 5.8, 6.6, 5.1, 5.7, 6.0, 3.7]","[-3.5, -2.2, -1.1, -1.3, -1.2, -0.1, 0.2, 0.9, 0.8, 0.8, 0.9, 0.6, 1.5, 1.0, 0.8, 1.6, 0.1, 0.7, 1.0, -1.3]"
20260727,12,9,2,51.6,"[[""2-4-1"", 0.0753], [""2-4-3"", 0.0362], [""2-4-5"", 0.0206], [""2-4-6"", 0.0137]]",4,27.2,"[[""4-2-1"", 0.0678], [""4-2-3"", 0.0326], [""4-2-5"", 0.0186], [""4-2-6"", 0.0124]]","[[""2-1-4"", 0.0592], [""1-2-4"", 0.047], [""4-1-2"", 0.0458], [""1-4-2"", 0.0405]]",2-4,0.3168,False,False,0.7834,強,"{""逃げ"": 67.2, ""まくり"": 9.6, ""差し"": 8.7, ""まくり差し"": 8.7, ""抜き"": 5.0, ""恵まれ"": 0.8}","[""0〜600円"", ""600〜750円"", ""750〜900円"", ""900〜1060円"", ""1060〜1220円"", ""1220〜1410円"", ""1410〜1640円"", ""1640〜1890円"", ""1890〜2200円"", ""2200〜2560円"", ""2560〜3020円"", ""3020〜3580円"", ""3580〜4290円"", ""4290〜5220円"", ""5220〜6490円"", ""6490〜8320円"", ""8320〜11230円"", ""11230〜16260円"", ""16260〜28299円"", ""28299円〜""]","[7.8, 7.0, 7.5, 5.3, 6.4, 4.9, 4.6, 4.7, 4.2, 5.0, 4.5, 3.7, 4.3, 3.9, 4.2, 3.3, 4.0, 3.7, 4.5, 6.4]","[2.8, 2.0, 2.5, 0.3, 1.4, -0.1, -0.4, -0.3, -0.8, 0.0, -0.5, -1.3, -0.7, -1.1, -0.8, -1.7, -1.0, -1.3, -0.5, 1.4]"
20260727,12,10,1,54.3,"[[""1-2-4"", 0.0502], [""1-4-2"", 0.0405], [""1-2-3"", 0.0411], [""1-2-6"", 0.0371], [""1-3-2"", 0.0296], [""1-6-2"", 0.0262], [""1-4-3"", 0.021], [""1-4-6"", 0.0189], [""1-3-4"", 0.0187]]",2,22.8,"[[""2-1-4"", 0.0405], [""2-1-3"", 0.0332], [""2-1-6"", 0.0299]]","[[""4-1-2"", 0.0292], [""2-4-1"", 0.0247], [""4-2-1"", 0.0221], [""3-1-2"", 0.0201]]",,,False,False,0.7834,中,"{""逃げ"": 55.2, ""まくり"": 14.1, ""差し"": 13.0, ""まくり差し"": 10.3, ""抜き"": 6.2, ""恵まれ"": 1.1}","[""0〜600円"", ""600〜750円"", ""750〜900円"", ""900〜1060円"", ""1060〜1220円"", ""1220〜1410円"", ""1410〜1640円"", ""1640〜1890円"", ""1890〜2200円"", ""2200〜2560円"", ""2560〜3020円"", ""3020〜3580円"", ""3580〜4290円"", ""4290〜5220円"", ""5220〜6490円"", ""6490〜8320円"", ""8320〜11230円"", ""11230〜16260円"", ""16260〜28299円"", ""28299円〜""]","[3.6, 6.2, 5.8, 5.9, 5.1, 5.2, 5.7, 5.2, 5.2, 4.8, 5.0, 5.2, 4.9, 4.4, 4.3, 4.2, 4.7, 5.5, 4.5, 4.8]","[-1.4, 1.2, 0.8, 0.9, 0.1, 0.2, 0.7, 0.2, 0.2, -0.2, 0.0, 0.2, -0.1, -0.6, -0.7, -0.8, -0.3, 0.5, -0.5, -0.2]"
20260727,12,11,1,,"[[""1-3-2"", 0.0667], [""1-3-4"", 0.0482], [""1-3-5"", 0.0385], [""1-3-6"", 0.0231]]",3,41.4,"[[""3-1-2"", 0.049], [""3-1-4"", 0.0355], [""3-1-5"", 0.0283], [""3-1-6"", 0.017]]","[[""1-2-3"", 0.0499], [""2-1-3"", 0.0322], [""1-4-3"", 0.0319], [""3-2-1"", 0.0249]]",1-3,0.3322,False,True,0.8175,中,"{""逃げ"": 55.2, ""まくり"": 14.1, ""差し"": 13.0, ""まくり差し"": 10.3, ""抜き"": 6.2, ""恵まれ"": 1.1}","[""0〜600円"", ""600〜750円"", ""750〜900円"", ""900〜1060円"", ""1060〜1220円"", ""1220〜1410円"", ""1410〜1640円"", ""1640〜1890円"", ""1890〜2200円"", ""2200〜2560円"", ""2560〜3020円"", ""3020〜3580円"", ""3580〜4290円"", ""4290〜5220円"", ""5220〜6490円"", ""6490〜8320円"", ""8320〜11230円"", ""11230〜16260円"", ""16260〜28299円"", ""28299円〜""]","[3.6, 6.2, 5.8, 5.9, 5.1, 5.2, 5.7, 5.2, 5.2, 4.8, 5.0, 5.2, 4.9, 4.4, 4.3, 4.2, 4.7, 5.5, 4.5, 4.8]","[-1.4, 1.2, 0.8, 0.9, 0.1, 0.2, 0.7, 0.2, 0.2, -0.2, 0.0, 0.2, -0.1, -0.6, -0.7, -0.8, -0.3, 0.5, -0.5, -0.2]"
20260727,12,12,1,61.5,"[[""1-3-2"", 0.1289], [""1-3-4"", 0.0863], [""1-3-6"", 0.0587], [""1-3-5"", 0.042]]",3,28.7,"[[""3-1-2"", 0.0342], [""3-1-4"", 0.0229], [""3-1-6"", 0.0156], [""3-1-5"", 0.0111]]","[[""1-2-3"", 0.0943], [""1-4-3"", 0.0549], [""1-6-3"", 0.0355], [""1-2-4"", 0.0351]]",1-3,0.4361,False,True,0.8175,強,"{""逃げ"": 67.2, ""まくり"": 9.6, ""差し"": 8.7, ""まくり差し"": 8.7, ""抜き"": 5.0, ""恵まれ"": 0.8}","[""0〜600円"", ""600〜750円"", ""750〜900円"", ""900〜1060円"", ""1060〜1220円"", ""1220〜1410円"", ""1410〜1640円"", ""1640〜1890円"", ""1890〜2200円"", ""2200〜2560円"", ""2560〜3020円"", ""3020〜3580円"", ""3580〜4290円"", ""4290〜5220円"", ""5220〜6490円"", ""6490〜8320円"", ""8320〜11230円"", ""11230〜16260円"", ""16260〜28299円"", ""28299円〜""]","[7.8, 7.0, 7.5, 5.3, 6.4, 4.9, 4.6, 4.7, 4.2, 5.0, 4.5, 3.7, 4.3, 3.9, 4.2, 3.3, 4.0, 3.7, 4.5, 6.4]","[2.8, 2.0, 2.5, 0.3, 1.4, -0.1, -0.4, -0.3, -0.8, 0.0, -0.5, -1.3, -0.7, -1.1, -0.8, -1.7, -1.0, -1.3, -0.5, 1.4]"
20260727,14,1,1,48.4,"[[""1-3-5"", 0.0621], [""1-5-3"", 0.0614], [""1-3-2"", 0.0776], [""1-2-3"", 0.0761], [""1-5-2"", 0.0742], [""1-2-5"", 0.0736], [""1-3-6"", 0.032], [""1-3-4"", 0.0315], [""1-5-6"", 0.0306]]",2,47.1,"[[""2-1-3"", 0.0149], [""2-1-5"", 0.0145]]","[[""1-5-4"", 0.0301], [""1-2-6"", 0.0297], [""1-2-4"", 0.0292], [""1-6-3"", 0.0261]]",,,False,False,0.7834,強,"{""逃げ"": 60.5, ""まくり差し"": 11.5, ""まくり"": 11.4, ""差し"": 9.8, ""抜き"": 6.2, ""恵まれ"": 0.5}","[""0〜600円"", ""600〜750円"", ""750〜900円"", ""900〜1060円"", ""1060〜1220円"", ""1220〜1410円"", ""1410〜1640円"", ""1640〜1890円"", ""1890〜2200円"", ""2200〜2560円"", ""2560〜3020円"", ""3020〜3580円"", ""3580〜4290円"", ""4290〜5220円"", ""5220〜6490円"", ""6490〜8320円"", ""8320〜11230円"", ""11230〜16260円"", ""16260〜28299円"", ""28299円〜""]","[5.0, 5.8, 4.7, 5.4, 5.6, 4.9, 5.2, 5.2, 4.4, 5.6, 4.3, 4.1, 4.4, 4.4, 5.1, 4.3, 5.3, 4.9, 6.0, 5.7]","[0.0, 0.8, -0.3, 0.4, 0.6, -0.1, 0.2, 0.2, -0.6, 0.6, -0.7, -0.9, -0.6, -0.6, 0.1, -0.7, 0.3, -0.1, 1.0, 0.7]"
20260727,14,2,6,47.8,"[[""6-1-4"", 0.0205], [""6-4-1"", 0.0181], [""6-1-2"", 0.023], [""6-1-3"", 0.0222], [""6-2-1"", 0.0197], [""6-3-1"", 0.0189], [""6-4-2"", 0.0147], [""6-4-3"", 0.0142], [""6-2-4"", 0.0142]]",1,21.1,"[[""1-6-4"", 0.0198], [""1-6-2"", 0.0222], [""1-4-6"", 0.0169], [""1-6-3"", 0.0215], [""1-2-6"", 0.0183], [""1-3-6"", 0.0176]]","[[""4-6-1"", 0.0162], [""4-1-6"", 0.0155], [""2-6-1"", 0.0172], [""2-1-6"", 0.0165]]",,,False,False,0.7834,強,"{""逃げ"": 60.5, ""まくり差し"": 11.5, ""まくり"": 11.4, ""差し"": 9.8, ""抜き"": 6.2, ""恵まれ"": 0.5}","[""0〜600円"", ""600〜750円"", ""750〜900円"", ""900〜1060円"", ""1060〜1220円"", ""1220〜1410円"", ""1410〜1640円"", ""1640〜1890円"", ""1890〜2200円"", ""2200〜2560円"", ""2560〜3020円"", ""3020〜3580円"", ""3580〜4290円"", ""4290〜5220円"", ""5220〜6490円"", ""6490〜8320円"", ""8320〜11230円"", ""11230〜16260円"", ""16260〜28299円"", ""28299円〜""]","[5.0, 5.8, 4.7, 5.4, 5.6, 4.9, 5.2, 5.2, 4.4, 5.6, 4.3, 4.1, 4.4, 4.4, 5.1, 4.3, 5.3, 4.9, 6.0, 5.7]","[0.0, 0.8, -0.3, 0.4, 0.6, -0.1, 0.2, 0.2, -0.6, 0.6, -0.7, -0.9, -0.6, -0.6, 0.1, -0.7, 0.3, -0.1, 1.0, 0.7]"
20260727,14,3,1,46.9,"[[""1-2-5"", 0.0729], [""1-2-3"", 0.0823], [""1-2-6"", 0.0757], [""1-5-2"", 0.0587], [""1-3-2"", 0.0645], [""1-6-2"", 0.0583], [""1-2-4"", 0.0511], [""1-5-3"", 0.0372], [""1-4-2"", 0.037]]",2,29.3,"[[""2-1-5"", 0.0113], [""2-1-3"", 0.0128], [""2-1-6"", 0.0118]]","[[""1-3-5"", 0.0362], [""1-5-6"", 0.0343], [""1-6-5"", 0.0327], [""1-3-6"", 0.0294]]",,,False,False,0.7834,強,"{""逃げ"": 60.5, ""まくり差し"": 11.5, ""まくり"": 11.4, ""差し"": 9.8, ""抜き"": 6.2, ""恵まれ"": 0.5}","[""0〜600円"", ""600〜750円"", ""750〜900円"", ""900〜1060円"", ""1060〜1220円"", ""1220〜1410円"", ""1410〜1640円"", ""1640〜1890円"", ""1890〜2200円"", ""2200〜2560円"", ""2560〜3020円"", ""3020〜3580円"", ""3580〜4290円"", ""4290〜5220円"", ""5220〜6490円"", ""6490〜8320円"", ""8320〜11230円"", ""11230〜16260円"", ""16260〜28299円"", ""28299円〜""]","[5.0, 5.8, 4.7, 5.4, 5.6, 4.9, 5.2, 5.2, 4.4, 5.6, 4.3, 4.1, 4.4, 4.4, 5.1, 4.3, 5.3, 4.9, 6.0, 5.7]","[0.0, 0.8, -0.3, 0.4, 0.6, -0.1, 0.2, 0.2, -0.6, 0.6, -0.7, -0.9, -0.6, -0.6, 0.1, -0.7, 0.3, -0.1, 1.0, 0.7]"
20260727,14,4,1,61.4,"[[""1-3-5"", 0.0874], [""1-3-4"", 0.0547], [""1-3-2"", 0.0282], [""1-3-6"", 0.0258]]",3,34.3,"[[""3-1-5"", 0.0554], [""3-1-4"", 0.0347], [""3-1-2"", 0.0179], [""3-1-6"", 0.0163]]","[[""1-5-3"", 0.0688], [""5-1-3"", 0.0398], [""1-4-3"", 0.0358], [""3-5-1"", 0.0241]]",1-3,0.3598,False,False,0.7834,中,"{""逃げ"": 45.3, ""まくり"": 18.1, ""まくり差し"": 13.9, ""差し"": 13.6, ""抜き"": 8.3, ""恵まれ"": 0.8}","[""0〜600円"", ""600〜750円"", ""750〜900円"", ""900〜1060円"", ""1060〜1220円"", ""1220〜1410円"", ""1410〜1640円"", ""1640〜1890円"", ""1890〜2200円"", ""2200〜2560円"", ""2560〜3020円"", ""3020〜3580円"", ""3580〜4290円"", ""4290〜5220円"", ""5220〜6490円"", ""6490〜8320円"", ""8320〜11230円"", ""11230〜16260円"", ""16260〜28299円"", ""28299円〜""]","[2.3, 4.0, 4.2, 4.4, 5.0, 3.6, 5.0, 4.6, 4.9, 4.2, 5.0, 4.8, 5.2, 5.3, 5.6, 5.8, 6.2, 7.1, 6.2, 6.6]","[-2.7, -1.0, -0.8, -0.6, 0.0, -1.4, 0.0, -0.4, -0.1, -0.8, -0.0, -0.2, 0.2, 0.3, 0.6, 0.8, 1.2, 2.1, 1.2, 1.6]"
20260727,14,5,1,46.8,"[[""1-3-2"", 0.0895], [""1-3-6"", 0.06], [""1-3-4"", 0.0501]]",3,26.0,"[[""3-1-2"", 0.0504], [""3-1-6"", 0.0338], [""3-1-4"", 0.0282]]","[[""1-2-3"", 0.0735], [""2-1-3"", 0.0386], [""1-6-3"", 0.0417], [""1-2-6"", 0.034]]",1-3,0.3513,False,True,0.8175,中,"{""逃げ"": 45.3, ""まくり"": 18.1, ""まくり差し"": 13.9, ""差し"": 13.6, ""抜き"": 8.3, ""恵まれ"": 0.8}","[""0〜600円"", ""600〜750円"", ""750〜900円"", ""900〜1060円"", ""1060〜1220円"", ""1220〜1410円"", ""1410〜1640円"", ""1640〜1890円"", ""1890〜2200円"", ""2200〜2560円"", ""2560〜3020円"", ""3020〜3580円"", ""3580〜4290円"", ""4290〜5220円"", ""5220〜6490円"", ""6490〜8320円"", ""8320〜11230円"", ""11230〜16260円"", ""16260〜28299円"", ""28299円〜""]","[2.3, 4.0, 4.2, 4.4, 5.0, 3.6, 5.0, 4.6, 4.9, 4.2, 5.0, 4.8, 5.2, 5.3, 5.6, 5.8, 6.2, 7.1, 6.2, 6.6]","[-2.7, -1.0, -0.8, -0.6, 0.0, -1.4, 0.0, -0.4, -0.1, -0.8, -0.0, -0.2, 0.2, 0.3, 0.6, 0.8, 1.2, 2.1, 1.2, 1.6]"
20260727,14,6,1,46.2,"[[""1-4-5"", 0.0666], [""1-5-4"", 0.0572], [""1-4-2"", 0.0438], [""1-4-3"", 0.0357], [""1-5-2"", 0.0281], [""1-5-3"", 0.0228], [""1-4-6"", 0.012]]",5,27.8,"[[""5-1-4"", 0.0375], [""5-1-2"", 0.0184], [""5-1-3"", 0.015]]","[[""4-1-5"", 0.0467], [""4-5-1"", 0.0251], [""1-2-4"", 0.0314], [""4-1-2"", 0.0308]]",,,False,False,0.7834,弱,"{""まくり"": 27.3, ""逃げ"": 27.0, ""差し"": 19.5, ""まくり差し"": 16.5, ""抜き"": 9.0, ""恵まれ"": 0.8}","[""0〜600円"", ""600〜750円"", ""750〜900円"", ""900〜1060円"", ""1060〜1220円"", ""1220〜1410円"", ""1410〜1640円"", ""1640〜1890円"", ""1890〜2200円"", ""2200〜2560円"", ""2560〜3020円"", ""3020〜3580円"", ""3580〜4290円"", ""4290〜5220円"", ""5220〜6490円"", ""6490〜8320円"", ""8320〜11230円"", ""11230〜16260円"", ""16260〜28299円"", ""28299円〜""]","[0.4, 1.3, 2.0, 3.1, 3.3, 4.4, 4.1, 4.4, 4.7, 5.9, 6.0, 7.0, 7.1, 7.5, 6.9, 6.9, 7.0, 6.5, 6.2, 5.5]","[-4.6, -3.7, -3.0, -1.9, -1.7, -0.6, -0.9, -0.6, -0.3, 0.9, 1.0, 2.0, 2.1, 2.5, 1.9, 1.9, 2.0, 1.5, 1.2, 0.5]"
20260727,14,7,1,49.0,"[[""1-4-2"", 0.0677], [""1-2-4"", 0.0658], [""1-4-6"", 0.0754], [""1-6-4"", 0.0693], [""1-2-6"", 0.0689], [""1-6-2"", 0.0652], [""1-4-3"", 0.021], [""1-2-3"", 0.0192], [""1-6-3"", 0.0158]]",4,27.3,"[[""4-1-2"", 0.0338], [""4-1-6"", 0.0377], [""4-1-3"", 0.0105]]","[[""2-1-4"", 0.0325], [""2-1-6"", 0.0341], [""6-1-4"", 0.0336], [""6-1-2"", 0.0316]]",,,False,False,0.7834,中,"{""逃げ"": 45.3, ""まくり"": 18.1, ""まくり差し"": 13.9, ""差し"": 13.6, ""抜き"": 8.3, ""恵まれ"": 0.8}","[""0〜600円"", ""600〜750円"", ""750〜900円"", ""900〜1060円"", ""1060〜1220円"", ""1220〜1410円"", ""1410〜1640円"", ""1640〜1890円"", ""1890〜2200円"", ""2200〜2560円"", ""2560〜3020円"", ""3020〜3580円"", ""3580〜4290円"", ""4290〜5220円"", ""5220〜6490円"", ""6490〜8320円"", ""8320〜11230円"", ""11230〜16260円"", ""16260〜28299円"", ""28299円〜""]","[2.3, 4.0, 4.2, 4.4, 5.0, 3.6, 5.0, 4.6, 4.9, 4.2, 5.0, 4.8, 5.2, 5.3, 5.6, 5.8, 6.2, 7.1, 6.2, 6.6]","[-2.7, -1.0, -0.8, -0.6, 0.0, -1.4, 0.0, -0.4, -0.1, -0.8, -0.0, -0.2, 0.2, 0.3, 0.6, 0.8, 1.2, 2.1, 1.2, 1.6]"
20260727,14,8,1,57.4,"[[""1-3-2"", 0.0588], [""1-3-4"", 0.0472], [""1-3-5"", 0.0232], [""1-3-6"", 0.0206]]",3,22.0,"[[""3-1-2"", 0.0554], [""3-1-4"", 0.0445], [""3-1-5"", 0.0219], [""3-1-6"", 0.0195]]","[[""1-2-3"", 0.0407], [""3-2-1"", 0.0355], [""2-1-3"", 0.0313], [""2-3-1"", 0.029]]",1-3,0.3166,False,True,0.8175,弱,"{""まくり"": 27.3, ""逃げ"": 27.0, ""差し"": 19.5, ""まくり差し"": 16.5, ""抜き"": 9.0, ""恵まれ"": 0.8}","[""0〜600円"", ""600〜750円"", ""750〜900円"", ""900〜1060円"", ""1060〜1220円"", ""1220〜1410円"", ""1410〜1640円"", ""1640〜1890円"", ""1890〜2200円"", ""2200〜2560円"", ""2560〜3020円"", ""3020〜3580円"", ""3580〜4290円"", ""4290〜5220円"", ""5220〜6490円"", ""6490〜8320円"", ""8320〜11230円"", ""11230〜16260円"", ""16260〜28299円"", ""28299円〜""]","[0.4, 1.3, 2.0, 3.1, 3.3, 4.4, 4.1, 4.4, 4.7, 5.9, 6.0, 7.0, 7.1, 7.5, 6.9, 6.9, 7.0, 6.5, 6.2, 5.5]","[-4.6, -3.7, -3.0, -1.9, -1.7, -0.6, -0.9, -0.6, -0.3, 0.9, 1.0, 2.0, 2.1, 2.5, 1.9, 1.9, 2.0, 1.5, 1.2, 0.5]"
20260727,14,9,1,57.9,"[[""1-3-4"", 0.0321], [""1-3-5"", 0.0349], [""1-4-3"", 0.0269], [""1-5-3"", 0.028], [""1-3-6"", 0.026], [""1-6-3"", 0.0197], [""1-4-5"", 0.0186], [""1-3-2"", 0.0184], [""1-5-4"", 0.0179]]",3,18.5,"[[""3-1-4"", 0.0272], [""3-1-5"", 0.0296], [""3-1-6"", 0.0221], [""3-1-2"", 0.0156]]","[[""4-1-3"", 0.0206], [""3-4-1"", 0.0185], [""4-3-1"", 0.0167], [""5-1-3"", 0.021]]",,,False,False,0.7834,弱,"{""まくり"": 27.3, ""逃げ"": 27.0, ""差し"": 19.5, ""まくり差し"": 16.5, ""抜き"": 9.0, ""恵まれ"": 0.8}","[""0〜600円"", ""600〜750円"", ""750〜900円"", ""900〜1060円"", ""1060〜1220円"", ""1220〜1410円"", ""1410〜1640円"", ""1640〜1890円"", ""1890〜2200円"", ""2200〜2560円"", ""2560〜3020円"", ""3020〜3580円"", ""3580〜4290円"", ""4290〜5220円"", ""5220〜6490円"", ""6490〜8320円"", ""8320〜11230円"", ""11230〜16260円"", ""16260〜28299円"", ""28299円〜""]","[0.4, 1.3, 2.0, 3.1, 3.3, 4.4, 4.1, 4.4, 4.7, 5.9, 6.0, 7.0, 7.1, 7.5, 6.9, 6.9, 7.0, 6.5, 6.2, 5.5]","[-4.6, -3.7, -3.0, -1.9, -1.7, -0.6, -0.9, -0.6, -0.3, 0.9, 1.0, 2.0, 2.1, 2.5, 1.9, 1.9, 2.0, 1.5, 1.2, 0.5]"
20260727,14,10,1,58.0,"[[""1-2-3"", 0.0546], [""1-2-4"", 0.0427], [""1-2-6"", 0.0396], [""1-2-5"", 0.0215]]",2,27.8,"[[""2-1-3"", 0.0455], [""2-1-4"", 0.0356], [""2-1-6"", 0.033], [""2-1-5"", 0.0179]]","[[""1-3-2"", 0.0391], [""3-1-2"", 0.0276], [""2-3-1"", 0.0259], [""3-2-1"", 0.0219]]",1-2,0.3179,False,False,0.7834,中,"{""逃げ"": 45.3, ""まくり"": 18.1, ""まくり差し"": 13.9, ""差し"": 13.6, ""抜き"": 8.3, ""恵まれ"": 0.8}","[""0〜600円"", ""600〜750円"", ""750〜900円"", ""900〜1060円"", ""1060〜1220円"", ""1220〜1410円"", ""1410〜1640円"", ""1640〜1890円"", ""1890〜2200円"", ""2200〜2560円"", ""2560〜3020円"", ""3020〜3580円"", ""3580〜4290円"", ""4290〜5220円"", ""5220〜6490円"", ""6490〜8320円"", ""8320〜11230円"", ""11230〜16260円"", ""16260〜28299円"", ""28299円〜""]","[2.3, 4.0, 4.2, 4.4, 5.0, 3.6, 5.0, 4.6, 4.9, 4.2, 5.0, 4.8, 5.2, 5.3, 5.6, 5.8, 6.2, 7.1, 6.2, 6.6]","[-2.7, -1.0, -0.8, -0.6, 0.0, -1.4, 0.0, -0.4, -0.1, -0.8, -0.0, -0.2, 0.2, 0.3, 0.6, 0.8, 1.2, 2.1, 1.2, 1.6]"
20260727,14,11,1,48.7,"[[""1-2-5"", 0.0452], [""1-5-2"", 0.0418], [""1-2-3"", 0.0484], [""1-3-2"", 0.0424], [""1-5-3"", 0.0364], [""1-3-5"", 0.0346], [""1-2-6"", 0.0294], [""1-2-4"", 0.0247], [""1-6-2"", 0.0234]]",2,27.8,"[[""2-1-5"", 0.0253], [""2-1-3"", 0.0271], [""2-1-6"", 0.0165], [""2-1-4"", 0.0138]]","[[""5-1-2"", 0.0227], [""3-1-2"", 0.0225], [""1-5-6"", 0.0221], [""5-1-3"", 0.0198]]",,,False,False,0.7834,中,"{""逃げ"": 45.3, ""まくり"": 18.1, ""まくり差し"": 13.9, ""差し"": 13.6, ""抜き"": 8.3, ""恵まれ"": 0.8}","[""0〜600円"", ""600〜750円"", ""750〜900円"", ""900〜1060円"", ""1060〜1220円"", ""1220〜1410円"", ""1410〜1640円"", ""1640〜1890円"", ""1890〜2200円"", ""2200〜2560円"", ""2560〜3020円"", ""3020〜3580円"", ""3580〜4290円"", ""4290〜5220円"", ""5220〜6490円"", ""6490〜8320円"", ""8320〜11230円"", ""11230〜16260円"", ""16260〜28299円"", ""28299円〜""]","[2.3, 4.0, 4.2, 4.4, 5.0, 3.6, 5.0, 4.6, 4.9, 4.2, 5.0, 4.8, 5.2, 5.3, 5.6, 5.8, 6.2, 7.1, 6.2, 6.6]","[-2.7, -1.0, -0.8, -0.6, 0.0, -1.4, 0.0, -0.4, -0.1, -0.8, -0.0, -0.2, 0.2, 0.3, 0.6, 0.8, 1.2, 2.1, 1.2, 1.6]"
20260727,14,12,1,54.5,"[[""1-2-3"", 0.0815], [""1-2-4"", 0.0867], [""1-3-2"", 0.0629], [""1-2-5"", 0.0694], [""1-4-2"", 0.0646], [""1-5-2"", 0.0494], [""1-3-4"", 0.037], [""1-4-3"", 0.0357], [""1-3-5"", 0.0296]]",2,24.2,"[[""2-1-3"", 0.0286], [""2-1-4"", 0.0304], [""2-1-5"", 0.0244]]","[[""1-5-3"", 0.0273], [""3-1-2"", 0.0208], [""1-4-5"", 0.0248], [""1-5-4"", 0.0237]]",,,False,True,0.8175,強,"{""逃げ"": 60.5, ""まくり差し"": 11.5, ""まくり"": 11.4, ""差し"": 9.8, ""抜き"": 6.2, ""恵まれ"": 0.5}","[""0〜600円"", ""600〜750円"", ""750〜900円"", ""900〜1060円"", ""1060〜1220円"", ""1220〜1410円"", ""1410〜1640円"", ""1640〜1890円"", ""1890〜2200円"", ""2200〜2560円"", ""2560〜3020円"", ""3020〜3580円"", ""3580〜4290円"", ""4290〜5220円"", ""5220〜6490円"", ""6490〜8320円"", ""8320〜11230円"", ""11230〜16260円"", ""16260〜28299円"", ""28299円〜""]","[5.0, 5.8, 4.7, 5.4, 5.6, 4.9, 5.2, 5.2, 4.4, 5.6, 4.3, 4.1, 4.4, 4.4, 5.1, 4.3, 5.3, 4.9, 6.0, 5.7]","[0.0, 0.8, -0.3, 0.4, 0.6, -0.1, 0.2, 0.2, -0.6, 0.6, -0.7, -0.9, -0.6, -0.6, 0.1, -0.7, 0.3, -0.1, 1.0, 0.7]"
20260727,17,1,1,50.2,"[[""1-2-4"", 0.0962], [""1-2-3"", 0.1191], [""1-4-2"", 0.0841], [""1-3-2"", 0.1031], [""1-4-3"", 0.0765], [""1-3-4"", 0.0757], [""1-2-5"", 0.0638], [""1-5-2"", 0.0479], [""1-4-5"", 0.041]]",4,,"[[""4-1-2"", 0.0095]]","[[""1-3-5"", 0.0394], [""1-5-4"", 0.0352], [""1-5-3"", 0.0341], [""2-1-4"", 0.011]]",,,False,False,0.7834,強,"{""逃げ"": 66.9, ""まくり"": 11.4, ""まくり差し"": 9.8, ""差し"": 6.4, ""抜き"": 4.8, ""恵まれ"": 0.7}","[""0〜600円"", ""600〜750円"", ""750〜900円"", ""900〜1060円"", ""1060〜1220円"", ""1220〜1410円"", ""1410〜1640円"", ""1640〜1890円"", ""1890〜2200円"", ""2200〜2560円"", ""2560〜3020円"", ""3020〜3580円"", ""3580〜4290円"", ""4290〜5220円"", ""5220〜6490円"", ""6490〜8320円"", ""8320〜11230円"", ""11230〜16260円"", ""16260〜28299円"", ""28299円〜""]","[7.1, 7.5, 7.5, 5.6, 5.8, 4.9, 5.3, 4.9, 5.1, 4.6, 3.8, 4.5, 3.3, 4.2, 3.7, 3.6, 3.5, 4.0, 4.9, 6.1]","[2.1, 2.5, 2.5, 0.6, 0.8, -0.1, 0.3, -0.1, 0.1, -0.4, -1.2, -0.5, -1.7, -0.8, -1.3, -1.4, -1.5, -1.0, -0.1, 1.1]"
20260727,17,2,1,46.4,"[[""1-4-5"", 0.0556], [""1-4-3"", 0.066], [""1-5-4"", 0.0506], [""1-3-4"", 0.0587], [""1-4-2"", 0.0561], [""1-2-4"", 0.0478], [""1-5-3"", 0.0473], [""1-3-5"", 0.0462], [""1-5-2"", 0.0402]]",2,46.9,"[[""2-1-4"", 0.0199], [""2-1-5"", 0.0157], [""2-1-3"", 0.0146]]","[[""1-2-5"", 0.0376], [""1-3-2"", 0.0365], [""1-2-3"", 0.035], [""4-1-5"", 0.0244]]",,,False,False,0.7834,中,"{""逃げ"": 53.2, ""まくり"": 16.5, ""まくり差し"": 13.2, ""差し"": 10.4, ""抜き"": 5.9, ""恵まれ"": 0.8}","[""0〜600円"", ""600〜750円"", ""750〜900円"", ""900〜1060円"", ""1060〜1220円"", ""1220〜1410円"", ""1410〜1640円"", ""1640〜1890円"", ""1890〜2200円"", ""2200〜2560円"", ""2560〜3020円"", ""3020〜3580円"", ""3580〜4290円"", ""4290〜5220円"", ""5220〜6490円"", ""6490〜8320円"", ""8320〜11230円"", ""11230〜16260円"", ""16260〜28299円"", ""28299円〜""]","[3.7, 5.5, 6.0, 5.3, 4.9, 5.7, 5.1, 4.4, 4.5, 4.6, 4.7, 5.2, 4.9, 5.2, 4.6, 5.5, 4.1, 4.3, 5.5, 6.1]","[-1.3, 0.5, 1.0, 0.3, -0.1, 0.7, 0.1, -0.6, -0.5, -0.4, -0.3, 0.2, -0.1, 0.2, -0.4, 0.5, -0.9, -0.7, 0.5, 1.1]"
20260727,17,3,2,56.0,"[[""2-1-4"", 0.0569], [""2-4-1"", 0.054], [""2-1-3"", 0.0302], [""2-4-3"", 0.0264], [""2-1-5"", 0.0118], [""2-4-5"", 0.0103]]",1,28.3,"[[""1-2-4"", 0.0544], [""1-2-3"", 0.0289], [""1-2-5"", 0.0113]]","[[""4-2-1"", 0.0501], [""1-4-2"", 0.0481], [""4-1-2"", 0.0467], [""4-2-3"", 0.0245]]",,,False,False,0.7834,強,"{""逃げ"": 66.9, ""まくり"": 11.4, ""まくり差し"": 9.8, ""差し"": 6.4, ""抜き"": 4.8, ""恵まれ"": 0.7}","[""0〜600円"", ""600〜750円"", ""750〜900円"", ""900〜1060円"", ""1060〜1220円"", ""1220〜1410円"", ""1410〜1640円"", ""1640〜1890円"", ""1890〜2200円"", ""2200〜2560円"", ""2560〜3020円"", ""3020〜3580円"", ""3580〜4290円"", ""4290〜5220円"", ""5220〜6490円"", ""6490〜8320円"", ""8320〜11230円"", ""11230〜16260円"", ""16260〜28299円"", ""28299円〜""]","[7.1, 7.5, 7.5, 5.6, 5.8, 4.9, 5.3, 4.9, 5.1, 4.6, 3.8, 4.5, 3.3, 4.2, 3.7, 3.6, 3.5, 4.0, 4.9, 6.1]","[2.1, 2.5, 2.5, 0.6, 0.8, -0.1, 0.3, -0.1, 0.1, -0.4, -1.2, -0.5, -1.7, -0.8, -1.3, -1.4, -1.5, -1.0, -0.1, 1.1]"
20260727,17,4,1,55.0,"[[""1-5-4"", 0.0608], [""1-4-5"", 0.0526], [""1-5-2"", 0.0557], [""1-2-5"", 0.0441], [""1-4-2"", 0.0346], [""1-5-6"", 0.0328], [""1-5-3"", 0.0317], [""1-2-4"", 0.0316], [""1-6-5"", 0.0238]]",5,23.5,"[[""5-1-4"", 0.0317], [""5-1-2"", 0.0291], [""5-1-6"", 0.0171], [""5-1-3"", 0.0165]]","[[""4-1-5"", 0.0261], [""1-3-5"", 0.0228], [""2-1-5"", 0.0211], [""1-4-6"", 0.0204]]",,,False,False,0.7834,中,"{""逃げ"": 53.2, ""まくり"": 16.5, ""まくり差し"": 13.2, ""差し"": 10.4, ""抜き"": 5.9, ""恵まれ"": 0.8}","[""0〜600円"", ""600〜750円"", ""750〜900円"", ""900〜1060円"", ""1060〜1220円"", ""1220〜1410円"", ""1410〜1640円"", ""1640〜1890円"", ""1890〜2200円"", ""2200〜2560円"", ""2560〜3020円"", ""3020〜3580円"", ""3580〜4290円"", ""4290〜5220円"", ""5220〜6490円"", ""6490〜8320円"", ""8320〜11230円"", ""11230〜16260円"", ""16260〜28299円"", ""28299円〜""]","[3.7, 5.5, 6.0, 5.3, 4.9, 5.7, 5.1, 4.4, 4.5, 4.6, 4.7, 5.2, 4.9, 5.2, 4.6, 5.5, 4.1, 4.3, 5.5, 6.1]","[-1.3, 0.5, 1.0, 0.3, -0.1, 0.7, 0.1, -0.6, -0.5, -0.4, -0.3, 0.2, -0.1, 0.2, -0.4, 0.5, -0.9, -0.7, 0.5, 1.1]"
20260727,17,5,3,56.4,"[[""3-2-1"", 0.0353], [""3-1-2"", 0.0344], [""3-2-4"", 0.0269], [""3-1-4"", 0.0248], [""3-2-6"", 0.0181], [""3-1-6"", 0.0168]]",2,33.8,"[[""2-3-1"", 0.034], [""2-1-3"", 0.0313], [""2-3-4"", 0.0258], [""2-1-4"", 0.0201], [""2-3-6"", 0.0174], [""2-1-6"", 0.0136]]","[[""1-3-2"", 0.0326], [""1-2-3"", 0.0308], [""1-3-4"", 0.0235], [""3-4-2"", 0.0223]]",,,False,True,0.8175,中,"{""逃げ"": 53.2, ""まくり"": 16.5, ""まくり差し"": 13.2, ""差し"": 10.4, ""抜き"": 5.9, ""恵まれ"": 0.8}","[""0〜600円"", ""600〜750円"", ""750〜900円"", ""900〜1060円"", ""1060〜1220円"", ""1220〜1410円"", ""1410〜1640円"", ""1640〜1890円"", ""1890〜2200円"", ""2200〜2560円"", ""2560〜3020円"", ""3020〜3580円"", ""3580〜4290円"", ""4290〜5220円"", ""5220〜6490円"", ""6490〜8320円"", ""8320〜11230円"", ""11230〜16260円"", ""16260〜28299円"", ""28299円〜""]","[3.7, 5.5, 6.0, 5.3, 4.9, 5.7, 5.1, 4.4, 4.5, 4.6, 4.7, 5.2, 4.9, 5.2, 4.6, 5.5, 4.1, 4.3, 5.5, 6.1]","[-1.3, 0.5, 1.0, 0.3, -0.1, 0.7, 0.1, -0.6, -0.5, -0.4, -0.3, 0.2, -0.1, 0.2, -0.4, 0.5, -0.9, -0.7, 0.5, 1.1]"
20260727,17,6,1,56.5,"[[""1-2-3"", 0.082], [""1-2-4"", 0.0605], [""1-2-6"", 0.0195]]",2,17.8,"[[""2-1-3"", 0.0657], [""2-1-4"", 0.0485], [""2-1-6"", 0.0156]]","[[""1-3-2"", 0.0657], [""3-1-2"", 0.0474], [""2-3-1"", 0.0387], [""3-2-1"", 0.0349]]",1-2,0.3277,False,True,0.8175,中,"{""逃げ"": 53.2, ""まくり"": 16.5, ""まくり差し"": 13.2, ""差し"": 10.4, ""抜き"": 5.9, ""恵まれ"": 0.8}","[""0〜600円"", ""600〜750円"", ""750〜900円"", ""900〜1060円"", ""1060〜1220円"", ""1220〜1410円"", ""1410〜1640円"", ""1640〜1890円"", ""1890〜2200円"", ""2200〜2560円"", ""2560〜3020円"", ""3020〜3580円"", ""3580〜4290円"", ""4290〜5220円"", ""5220〜6490円"", ""6490〜8320円"", ""8320〜11230円"", ""11230〜16260円"", ""16260〜28299円"", ""28299円〜""]","[3.7, 5.5, 6.0, 5.3, 4.9, 5.7, 5.1, 4.4, 4.5, 4.6, 4.7, 5.2, 4.9, 5.2, 4.6, 5.5, 4.1, 4.3, 5.5, 6.1]","[-1.3, 0.5, 1.0, 0.3, -0.1, 0.7, 0.1, -0.6, -0.5, -0.4, -0.3, 0.2, -0.1, 0.2, -0.4, 0.5, -0.9, -0.7, 0.5, 1.1]"
20260727,17,7,1,56.0,"[[""1-5-3"", 0.0646], [""1-5-2"", 0.0756], [""1-5-4"", 0.0266], [""1-5-6"", 0.0145]]",5,30.8,"[[""5-1-3"", 0.0436], [""5-1-2"", 0.051], [""5-1-4"", 0.018]]","[[""1-3-5"", 0.0493], [""1-2-5"", 0.0562], [""3-1-5"", 0.0297], [""2-1-5"", 0.0334]]",1-5,0.3335,False,False,0.7834,弱,"{""逃げ"": 35.6, ""まくり"": 24.9, ""差し"": 17.8, ""まくり差し"": 13.6, ""抜き"": 7.7, ""恵まれ"": 0.4}","[""0〜600円"", ""600〜750円"", ""750〜900円"", ""900〜1060円"", ""1060〜1220円"", ""1220〜1410円"", ""1410〜1640円"", ""1640〜1890円"", ""1890〜2200円"", ""2200〜2560円"", ""2560〜3020円"", ""3020〜3580円"", ""3580〜4290円"", ""4290〜5220円"", ""5220〜6490円"", ""6490〜8320円"", ""8320〜11230円"", ""11230〜16260円"", ""16260〜28299円"", ""28299円〜""]","[1.2, 2.2, 3.7, 4.1, 3.9, 4.6, 4.6, 5.0, 5.9, 6.3, 5.4, 5.5, 5.4, 6.5, 5.9, 5.3, 6.3, 7.2, 5.9, 4.9]","[-3.8, -2.8, -1.3, -0.9, -1.1, -0.4, -0.4, 0.0, 0.9, 1.3, 0.4, 0.5, 0.4, 1.5, 0.9, 0.3, 1.3, 2.2, 0.9, -0.1]"
20260727,17,8,1,51.1,"[[""1-4-3"", 0.2001], [""1-4-2"", 0.1053], [""1-4-6"", 0.0374]]",4,22.3,"[[""4-1-3"", 0.0393], [""4-1-2"", 0.0207]]","[[""1-3-4"", 0.1502], [""1-2-4"", 0.0618], [""1-3-2"", 0.0519], [""1-2-3"", 0.0405]]",1-4,0.4825,False,False,0.7834,強,"{""逃げ"": 66.9, ""まくり"": 11.4, ""まくり差し"": 9.8, ""差し"": 6.4, ""抜き"": 4.8, ""恵まれ"": 0.7}","[""0〜600円"", ""600〜750円"", ""750〜900円"", ""900〜1060円"", ""1060〜1220円"", ""1220〜1410円"", ""1410〜1640円"", ""1640〜1890円"", ""1890〜2200円"", ""2200〜2560円"", ""2560〜3020円"", ""3020〜3580円"", ""3580〜4290円"", ""4290〜5220円"", ""5220〜6490円"", ""6490〜8320円"", ""8320〜11230円"", ""11230〜16260円"", ""16260〜28299円"", ""28299円〜""]","[7.1, 7.5, 7.5, 5.6, 5.8, 4.9, 5.3, 4.9, 5.1, 4.6, 3.8, 4.5, 3.3, 4.2, 3.7, 3.6, 3.5, 4.0, 4.9, 6.1]","[2.1, 2.5, 2.5, 0.6, 0.8, -0.1, 0.3, -0.1, 0.1, -0.4, -1.2, -0.5, -1.7, -0.8, -1.3, -1.4, -1.5, -1.0, -0.1, 1.1]"
20260727,17,9,2,51.0,"[[""2-5-1"", 0.0575], [""2-5-3"", 0.0279], [""2-5-4"", 0.0254]]",1,37.3,"[[""1-2-5"", 0.0426], [""1-2-3"", 0.0167], [""1-2-4"", 0.0152]]","[[""5-2-1"", 0.0516], [""2-1-5"", 0.0509], [""5-1-2"", 0.039], [""1-5-2"", 0.0365]]",,,False,False,0.7834,強,"{""逃げ"": 66.9, ""まくり"": 11.4, ""まくり差し"": 9.8, ""差し"": 6.4, ""抜き"": 4.8, ""恵まれ"": 0.7}","[""0〜600円"", ""600〜750円"", ""750〜900円"", ""900〜1060円"", ""1060〜1220円"", ""1220〜1410円"", ""1410〜1640円"", ""1640〜1890円"", ""1890〜2200円"", ""2200〜2560円"", ""2560〜3020円"", ""3020〜3580円"", ""3580〜4290円"", ""4290〜5220円"", ""5220〜6490円"", ""6490〜8320円"", ""8320〜11230円"", ""11230〜16260円"", ""16260〜28299円"", ""28299円〜""]","[7.1, 7.5, 7.5, 5.6, 5.8, 4.9, 5.3, 4.9, 5.1, 4.6, 3.8, 4.5, 3.3, 4.2, 3.7, 3.6, 3.5, 4.0, 4.9, 6.1]","[2.1, 2.5, 2.5, 0.6, 0.8, -0.1, 0.3, -0.1, 0.1, -0.4, -1.2, -0.5, -1.7, -0.8, -1.3, -1.4, -1.5, -1.0, -0.1, 1.1]"
20260727,17,10,3,45.2,"[[""3-5-1"", 0.0223], [""3-1-5"", 0.0206], [""3-5-4"", 0.024], [""3-5-2"", 0.0226], [""3-4-5"", 0.0211], [""3-2-5"", 0.0195], [""3-1-4"", 0.0178], [""3-4-1"", 0.017], [""3-1-2"", 0.0167]]",5,33.2,"[[""5-3-1"", 0.0207], [""5-3-4"", 0.0223], [""5-1-3"", 0.0173], [""5-3-2"", 0.0209], [""5-4-3"", 0.0178], [""5-2-3"", 0.0165]]","[[""1-3-5"", 0.0181], [""1-5-3"", 0.0164], [""4-3-5"", 0.018], [""2-3-5"", 0.0165]]",,,False,False,0.7834,中,"{""逃げ"": 53.2, ""まくり"": 16.5, ""まくり差し"": 13.2, ""差し"": 10.4, ""抜き"": 5.9, ""恵まれ"": 0.8}","[""0〜600円"", ""600〜750円"", ""750〜900円"", ""900〜1060円"", ""1060〜1220円"", ""1220〜1410円"", ""1410〜1640円"", ""1640〜1890円"", ""1890〜2200円"", ""2200〜2560円"", ""2560〜3020円"", ""3020〜3580円"", ""3580〜4290円"", ""4290〜5220円"", ""5220〜6490円"", ""6490〜8320円"", ""8320〜11230円"", ""11230〜16260円"", ""16260〜28299円"", ""28299円〜""]","[3.7, 5.5, 6.0, 5.3, 4.9, 5.7, 5.1, 4.4, 4.5, 4.6, 4.7, 5.2, 4.9, 5.2, 4.6, 5.5, 4.1, 4.3, 5.5, 6.1]","[-1.3, 0.5, 1.0, 0.3, -0.1, 0.7, 0.1, -0.6, -0.5, -0.4, -0.3, 0.2, -0.1, 0.2, -0.4, 0.5, -0.9, -0.7, 0.5, 1.1]"
20260727,17,11,1,55.0,"[[""1-4-2"", 0.0715], [""1-4-3"", 0.0826], [""1-2-4"", 0.063], [""1-3-4"", 0.0706], [""1-2-3"", 0.0538], [""1-3-2"", 0.0521], [""1-4-6"", 0.0428], [""1-6-4"", 0.032], [""1-2-6"", 0.0279]]",4,28.3,"[[""4-1-2"", 0.023], [""4-1-3"", 0.0266], [""4-1-6"", 0.0138]]","[[""2-1-4"", 0.0197], [""1-3-6"", 0.0244], [""1-4-5"", 0.0241], [""1-6-2"", 0.0237]]",,,False,False,0.7834,強,"{""逃げ"": 66.9, ""まくり"": 11.4, ""まくり差し"": 9.8, ""差し"": 6.4, ""抜き"": 4.8, ""恵まれ"": 0.7}","[""0〜600円"", ""600〜750円"", ""750〜900円"", ""900〜1060円"", ""1060〜1220円"", ""1220〜1410円"", ""1410〜1640円"", ""1640〜1890円"", ""1890〜2200円"", ""2200〜2560円"", ""2560〜3020円"", ""3020〜3580円"", ""3580〜4290円"", ""4290〜5220円"", ""5220〜6490円"", ""6490〜8320円"", ""8320〜11230円"", ""11230〜16260円"", ""16260〜28299円"", ""28299円〜""]","[7.1, 7.5, 7.5, 5.6, 5.8, 4.9, 5.3, 4.9, 5.1, 4.6, 3.8, 4.5, 3.3, 4.2, 3.7, 3.6, 3.5, 4.0, 4.9, 6.1]","[2.1, 2.5, 2.5, 0.6, 0.8, -0.1, 0.3, -0.1, 0.1, -0.4, -1.2, -0.5, -1.7, -0.8, -1.3, -1.4, -1.5, -1.0, -0.1, 1.1]"
20260727,17,12,1,55.0,"[[""1-2-4"", 0.1001], [""1-4-2"", 0.0868], [""1-2-3"", 0.076], [""1-4-3"", 0.0496], [""1-2-5"", 0.0419], [""1-4-5"", 0.0273], [""1-2-6"", 0.0265], [""1-4-6"", 0.0173]]",2,23.5,"[[""2-1-4"", 0.0328], [""2-1-3"", 0.0249], [""2-1-5"", 0.0137]]","[[""1-3-2"", 0.0565], [""1-3-4"", 0.0426], [""4-1-2"", 0.0276], [""1-5-2"", 0.0285]]",,,False,False,0.7834,強,"{""逃げ"": 66.9, ""まくり"": 11.4, ""まくり差し"": 9.8, ""差し"": 6.4, ""抜き"": 4.8, ""恵まれ"": 0.7}","[""0〜600円"", ""600〜750円"", ""750〜900円"", ""900〜1060円"", ""1060〜1220円"", ""1220〜1410円"", ""1410〜1640円"", ""1640〜1890円"", ""1890〜2200円"", ""2200〜2560円"", ""2560〜3020円"", ""3020〜3580円"", ""3580〜4290円"", ""4290〜5220円"", ""5220〜6490円"", ""6490〜8320円"", ""8320〜11230円"", ""11230〜16260円"", ""16260〜28299円"", ""28299円〜""]","[7.1, 7.5, 7.5, 5.6, 5.8, 4.9, 5.3, 4.9, 5.1, 4.6, 3.8, 4.5, 3.3, 4.2, 3.7, 3.6, 3.5, 4.0, 4.9, 6.1]","[2.1, 2.5, 2.5, 0.6, 0.8, -0.1, 0.3, -0.1, 0.1, -0.4, -1.2, -0.5, -1.7, -0.8, -1.3, -1.4, -1.5, -1.0, -0.1, 1.1]"
20260727,19,1,1,50.0,"[[""1-2-3"", 0.0801], [""1-3-2"", 0.0709], [""1-2-4"", 0.0501], [""1-3-4"", 0.0351], [""1-2-6"", 0.0293], [""1-2-5"", 0.0231], [""1-3-6"", 0.0205], [""1-3-5"", 0.0162]]",3,38.2,"[[""3-1-2"", 0.0394], [""3-1-4"", 0.0195], [""3-1-6"", 0.0114]]","[[""2-1-3"", 0.0465], [""1-4-2"", 0.0366], [""2-1-4"", 0.0291], [""1-4-3"", 0.0289]]",,,False,True,0.8175,弱,"{""逃げ"": 42.0, ""まくり"": 19.6, ""差し"": 16.2, ""まくり差し"": 13.5, ""抜き"": 7.6, ""恵まれ"": 1.1}","[""0〜600円"", ""600〜750円"", ""750〜900円"", ""900〜1060円"", ""1060〜1220円"", ""1220〜1410円"", ""1410〜1640円"", ""1640〜1890円"", ""1890〜2200円"", ""2200〜2560円"", ""2560〜3020円"", ""3020〜3580円"", ""3580〜4290円"", ""4290〜5220円"", ""5220〜6490円"", ""6490〜8320円"", ""8320〜11230円"", ""11230〜16260円"", ""16260〜28299円"", ""28299円〜""]","[1.4, 2.5, 2.8, 3.3, 4.9, 4.8, 5.2, 5.2, 5.7, 6.2, 5.2, 6.2, 6.4, 5.9, 6.4, 5.9, 6.5, 5.8, 5.2, 4.6]","[-3.6, -2.5, -2.2, -1.7, -0.1, -0.2, 0.2, 0.2, 0.7, 1.2, 0.2, 1.2, 1.4, 0.9, 1.4, 0.9, 1.5, 0.8, 0.2, -0.4]"
20260727,19,2,1,57.9,"[[""1-5-4"", 0.0227], [""1-4-5"", 0.0206], [""1-5-3"", 0.0249], [""1-5-2"", 0.0217], [""1-3-5"", 0.0216], [""1-2-5"", 0.0183], [""1-4-3"", 0.0173], [""1-3-4"", 0.0166], [""1-4-2"", 0.0151]]",5,28.0,"[[""5-1-4"", 0.0212], [""5-1-3"", 0.0232], [""5-4-1"", 0.0176], [""5-1-2"", 0.0203], [""5-3-1"", 0.0185], [""5-2-1"", 0.0157]]","[[""4-1-5"", 0.018], [""4-5-1"", 0.0165], [""3-1-5"", 0.0184], [""3-5-1"", 0.0169]]",,,False,False,0.7834,弱,"{""逃げ"": 42.0, ""まくり"": 19.6, ""差し"": 16.2, ""まくり差し"": 13.5, ""抜き"": 7.6, ""恵まれ"": 1.1}","[""0〜600円"", ""600〜750円"", ""750〜900円"", ""900〜1060円"", ""1060〜1220円"", ""1220〜1410円"", ""1410〜1640円"", ""1640〜1890円"", ""1890〜2200円"", ""2200〜2560円"", ""2560〜3020円"", ""3020〜3580円"", ""3580〜4290円"", ""4290〜5220円"", ""5220〜6490円"", ""6490〜8320円"", ""8320〜11230円"", ""11230〜16260円"", ""16260〜28299円"", ""28299円〜""]","[1.4, 2.5, 2.8, 3.3, 4.9, 4.8, 5.2, 5.2, 5.7, 6.2, 5.2, 6.2, 6.4, 5.9, 6.4, 5.9, 6.5, 5.8, 5.2, 4.6]","[-3.6, -2.5, -2.2, -1.7, -0.1, -0.2, 0.2, 0.2, 0.7, 1.2, 0.2, 1.2, 1.4, 0.9, 1.4, 0.9, 1.5, 0.8, 0.2, -0.4]"
20260727,19,3,3,55.2,"[[""3-1-2"", 0.0801], [""3-1-6"", 0.0567], [""3-1-4"", 0.0343]]",1,19.2,"[[""1-3-2"", 0.0711], [""1-3-6"", 0.0503], [""1-3-4"", 0.0304]]","[[""3-2-1"", 0.0545], [""1-2-3"", 0.0413], [""2-3-1"", 0.04], [""2-1-3"", 0.0342]]",1-3,0.3593,False,True,0.8175,強,"{""逃げ"": 69.7, ""まくり差し"": 9.5, ""まくり"": 8.4, ""差し"": 7.3, ""抜き"": 4.9, ""恵まれ"": 0.3}","[""0〜600円"", ""600〜750円"", ""750〜900円"", ""900〜1060円"", ""1060〜1220円"", ""1220〜1410円"", ""1410〜1640円"", ""1640〜1890円"", ""1890〜2200円"", ""2200〜2560円"", ""2560〜3020円"", ""3020〜3580円"", ""3580〜4290円"", ""4290〜5220円"", ""5220〜6490円"", ""6490〜8320円"", ""8320〜11230円"", ""11230〜16260円"", ""16260〜28299円"", ""28299円〜""]","[9.4, 7.8, 7.4, 5.7, 5.2, 5.3, 5.8, 4.9, 4.4, 4.2, 4.2, 4.5, 4.0, 3.9, 3.5, 3.5, 3.4, 4.0, 4.0, 4.8]","[4.4, 2.8, 2.4, 0.7, 0.2, 0.3, 0.8, -0.1, -0.6, -0.8, -0.8, -0.5, -1.0, -1.1, -1.5, -1.5, -1.6, -1.0, -1.0, -0.2]"
20260727,19,4,1,53.5,"[[""1-2-5"", 0.0763], [""1-2-3"", 0.0855], [""1-5-2"", 0.0669], [""1-5-3"", 0.0581]]",2,26.0,"[[""2-1-5"", 0.0455], [""2-1-3"", 0.051]]","[[""1-3-2"", 0.0712], [""1-3-5"", 0.0552], [""5-1-2"", 0.0379], [""3-1-2"", 0.0396]]",,,False,False,0.7834,弱,"{""逃げ"": 42.0, ""まくり"": 19.6, ""差し"": 16.2, ""まくり差し"": 13.5, ""抜き"": 7.6, ""恵まれ"": 1.1}","[""0〜600円"", ""600〜750円"", ""750〜900円"", ""900〜1060円"", ""1060〜1220円"", ""1220〜1410円"", ""1410〜1640円"", ""1640〜1890円"", ""1890〜2200円"", ""2200〜2560円"", ""2560〜3020円"", ""3020〜3580円"", ""3580〜4290円"", ""4290〜5220円"", ""5220〜6490円"", ""6490〜8320円"", ""8320〜11230円"", ""11230〜16260円"", ""16260〜28299円"", ""28299円〜""]","[1.4, 2.5, 2.8, 3.3, 4.9, 4.8, 5.2, 5.2, 5.7, 6.2, 5.2, 6.2, 6.4, 5.9, 6.4, 5.9, 6.5, 5.8, 5.2, 4.6]","[-3.6, -2.5, -2.2, -1.7, -0.1, -0.2, 0.2, 0.2, 0.7, 1.2, 0.2, 1.2, 1.4, 0.9, 1.4, 0.9, 1.5, 0.8, 0.2, -0.4]"
20260727,19,5,1,61.1,"[[""1-2-4"", 0.1061], [""1-2-5"", 0.0822], [""1-2-3"", 0.057], [""1-2-6"", 0.0195]]",2,25.9,"[[""2-1-4"", 0.0584], [""2-1-5"", 0.0453], [""2-1-3"", 0.0314], [""2-1-6"", 0.0107]]","[[""1-4-2"", 0.0663], [""1-5-2"", 0.0461], [""4-1-2"", 0.0314], [""1-3-2"", 0.0305]]",1-2,0.456,False,False,0.7834,中,"{""逃げ"": 56.4, ""差し"": 11.5, ""まくり差し"": 11.8, ""まくり"": 12.2, ""抜き"": 7.2, ""恵まれ"": 0.8}","[""0〜600円"", ""600〜750円"", ""750〜900円"", ""900〜1060円"", ""1060〜1220円"", ""1220〜1410円"", ""1410〜1640円"", ""1640〜1890円"", ""1890〜2200円"", ""2200〜2560円"", ""2560〜3020円"", ""3020〜3580円"", ""3580〜4290円"", ""4290〜5220円"", ""5220〜6490円"", ""6490〜8320円"", ""8320〜11230円"", ""11230〜16260円"", ""16260〜28299円"", ""28299円〜""]","[5.9, 6.3, 5.6, 5.2, 5.9, 5.4, 5.7, 4.4, 4.4, 5.1, 5.1, 4.0, 4.6, 4.1, 4.9, 4.3, 4.7, 4.7, 4.9, 4.7]","[0.9, 1.3, 0.6, 0.2, 0.9, 0.4, 0.7, -0.6, -0.6, 0.1, 0.1, -1.0, -0.4, -0.9, -0.1, -0.7, -0.3, -0.3, -0.1, -0.3]"
20260727,19,6,1,44.1,"[[""1-5-2"", 0.0361], [""1-2-5"", 0.0325], [""1-5-3"", 0.0301], [""1-2-3"", 0.022], [""1-5-4"", 0.0134]]",5,32.4,"[[""5-1-2"", 0.0359], [""5-2-1"", 0.0322], [""5-1-3"", 0.03], [""5-2-3"", 0.0216], [""5-1-4"", 0.0134]]","[[""2-1-5"", 0.0303], [""2-5-1"", 0.0301], [""1-3-5"", 0.0237], [""5-3-1"", 0.0235]]",,,False,False,0.7834,中,"{""逃げ"": 56.4, ""差し"": 11.5, ""まくり差し"": 11.8, ""まくり"": 12.2, ""抜き"": 7.2, ""恵まれ"": 0.8}","[""0〜600円"", ""600〜750円"", ""750〜900円"", ""900〜1060円"", ""1060〜1220円"", ""1220〜1410円"", ""1410〜1640円"", ""1640〜1890円"", ""1890〜2200円"", ""2200〜2560円"", ""2560〜3020円"", ""3020〜3580円"", ""3580〜4290円"", ""4290〜5220円"", ""5220〜6490円"", ""6490〜8320円"", ""8320〜11230円"", ""11230〜16260円"", ""16260〜28299円"", ""28299円〜""]","[5.9, 6.3, 5.6, 5.2, 5.9, 5.4, 5.7, 4.4, 4.4, 5.1, 5.1, 4.0, 4.6, 4.1, 4.9, 4.3, 4.7, 4.7, 4.9, 4.7]","[0.9, 1.3, 0.6, 0.2, 0.9, 0.4, 0.7, -0.6, -0.6, 0.1, 0.1, -1.0, -0.4, -0.9, -0.1, -0.7, -0.3, -0.3, -0.1, -0.3]"
20260727,19,7,1,58.1,"[[""1-2-3"", 0.1059], [""1-2-5"", 0.1101], [""1-2-4"", 0.0908]]",2,22.5,"[[""2-1-3"", 0.0778], [""2-1-5"", 0.0809], [""2-1-4"", 0.0667]]","[[""1-3-2"", 0.0406], [""1-5-2"", 0.0414], [""1-4-2"", 0.0334], [""3-1-2"", 0.0214]]",1-2,0.5847,True,True,0.8175,強,"{""逃げ"": 69.7, ""まくり差し"": 9.5, ""まくり"": 8.4, ""差し"": 7.3, ""抜き"": 4.9, ""恵まれ"": 0.3}","[""0〜600円"", ""600〜750円"", ""750〜900円"", ""900〜1060円"", ""1060〜1220円"", ""1220〜1410円"", ""1410〜1640円"", ""1640〜1890円"", ""1890〜2200円"", ""2200〜2560円"", ""2560〜3020円"", ""3020〜3580円"", ""3580〜4290円"", ""4290〜5220円"", ""5220〜6490円"", ""6490〜8320円"", ""8320〜11230円"", ""11230〜16260円"", ""16260〜28299円"", ""28299円〜""]","[9.4, 7.8, 7.4, 5.7, 5.2, 5.3, 5.8, 4.9, 4.4, 4.2, 4.2, 4.5, 4.0, 3.9, 3.5, 3.5, 3.4, 4.0, 4.0, 4.8]","[4.4, 2.8, 2.4, 0.7, 0.2, 0.3, 0.8, -0.1, -0.6, -0.8, -0.8, -0.5, -1.0, -1.1, -1.5, -1.5, -1.6, -1.0, -1.0, -0.2]"
20260727,19,8,1,53.2,"[[""1-4-3"", 0.0953], [""1-3-4"", 0.0926], [""1-4-2"", 0.098], [""1-3-2"", 0.0899], [""1-2-4"", 0.0875], [""1-2-3"", 0.0825], [""1-4-5"", 0.034], [""1-3-5"", 0.0312], [""1-5-4"", 0.0249]]",3,27.8,"[[""3-1-4"", 0.0232], [""3-1-2"", 0.0225]]","[[""4-1-3"", 0.0239], [""4-1-2"", 0.0246], [""1-5-3"", 0.0234], [""1-2-5"", 0.0231]]",,,False,False,0.7834,強,"{""逃げ"": 69.7, ""まくり差し"": 9.5, ""まくり"": 8.4, ""差し"": 7.3, ""抜き"": 4.9, ""恵まれ"": 0.3}","[""0〜600円"", ""600〜750円"", ""750〜900円"", ""900〜1060円"", ""1060〜1220円"", ""1220〜1410円"", ""1410〜1640円"", ""1640〜1890円"", ""1890〜2200円"", ""2200〜2560円"", ""2560〜3020円"", ""3020〜3580円"", ""3580〜4290円"", ""4290〜5220円"", ""5220〜6490円"", ""6490〜8320円"", ""8320〜11230円"", ""11230〜16260円"", ""16260〜28299円"", ""28299円〜""]","[9.4, 7.8, 7.4, 5.7, 5.2, 5.3, 5.8, 4.9, 4.4, 4.2, 4.2, 4.5, 4.0, 3.9, 3.5, 3.5, 3.4, 4.0, 4.0, 4.8]","[4.4, 2.8, 2.4, 0.7, 0.2, 0.3, 0.8, -0.1, -0.6, -0.8, -0.8, -0.5, -1.0, -1.1, -1.5, -1.5, -1.6, -1.0, -1.0, -0.2]"
20260727,19,9,1,52.8,"[[""1-2-4"", 0.0714], [""1-2-3"", 0.0863], [""1-4-2"", 0.0621], [""1-3-2"", 0.0737], [""1-2-6"", 0.0607], [""1-4-3"", 0.0533], [""1-3-4"", 0.0524], [""1-6-2"", 0.0476], [""1-4-6"", 0.0375]]",2,25.4,"[[""2-1-4"", 0.0226], [""2-1-3"", 0.0273], [""2-1-6"", 0.0192]]","[[""1-3-6"", 0.0349], [""1-6-4"", 0.0339], [""1-6-3"", 0.0321], [""4-1-2"", 0.019]]",,,False,False,0.7834,強,"{""逃げ"": 69.7, ""まくり差し"": 9.5, ""まくり"": 8.4, ""差し"": 7.3, ""抜き"": 4.9, ""恵まれ"": 0.3}","[""0〜600円"", ""600〜750円"", ""750〜900円"", ""900〜1060円"", ""1060〜1220円"", ""1220〜1410円"", ""1410〜1640円"", ""1640〜1890円"", ""1890〜2200円"", ""2200〜2560円"", ""2560〜3020円"", ""3020〜3580円"", ""3580〜4290円"", ""4290〜5220円"", ""5220〜6490円"", ""6490〜8320円"", ""8320〜11230円"", ""11230〜16260円"", ""16260〜28299円"", ""28299円〜""]","[9.4, 7.8, 7.4, 5.7, 5.2, 5.3, 5.8, 4.9, 4.4, 4.2, 4.2, 4.5, 4.0, 3.9, 3.5, 3.5, 3.4, 4.0, 4.0, 4.8]","[4.4, 2.8, 2.4, 0.7, 0.2, 0.3, 0.8, -0.1, -0.6, -0.8, -0.8, -0.5, -1.0, -1.1, -1.5, -1.5, -1.6, -1.0, -1.0, -0.2]"
20260727,19,10,1,57.9,"[[""1-4-5"", 0.0608], [""1-5-4"", 0.0533], [""1-4-2"", 0.0604], [""1-2-4"", 0.0497], [""1-4-6"", 0.0441], [""1-4-3"", 0.0437], [""1-5-2"", 0.0376], [""1-2-5"", 0.0353], [""1-6-4"", 0.0342]]",4,24.6,"[[""4-1-5"", 0.0208], [""4-1-2"", 0.0206], [""4-1-6"", 0.0151], [""4-1-3"", 0.0149]]","[[""1-3-4"", 0.0339], [""1-5-6"", 0.0275], [""1-5-3"", 0.0272], [""1-6-5"", 0.0243]]",,,False,False,0.7834,中,"{""逃げ"": 56.4, ""差し"": 11.5, ""まくり差し"": 11.8, ""まくり"": 12.2, ""抜き"": 7.2, ""恵まれ"": 0.8}","[""0〜600円"", ""600〜750円"", ""750〜900円"", ""900〜1060円"", ""1060〜1220円"", ""1220〜1410円"", ""1410〜1640円"", ""1640〜1890円"", ""1890〜2200円"", ""2200〜2560円"", ""2560〜3020円"", ""3020〜3580円"", ""3580〜4290円"", ""4290〜5220円"", ""5220〜6490円"", ""6490〜8320円"", ""8320〜11230円"", ""11230〜16260円"", ""16260〜28299円"", ""28299円〜""]","[5.9, 6.3, 5.6, 5.2, 5.9, 5.4, 5.7, 4.4, 4.4, 5.1, 5.1, 4.0, 4.6, 4.1, 4.9, 4.3, 4.7, 4.7, 4.9, 4.7]","[0.9, 1.3, 0.6, 0.2, 0.9, 0.4, 0.7, -0.6, -0.6, 0.1, 0.1, -1.0, -0.4, -0.9, -0.1, -0.7, -0.3, -0.3, -0.1, -0.3]"
20260727,19,11,1,56.0,"[[""1-3-4"", 0.0777], [""1-3-2"", 0.0805], [""1-4-3"", 0.0625], [""1-3-5"", 0.0651], [""1-2-3"", 0.0617], [""1-3-6"", 0.0555], [""1-5-3"", 0.0479], [""1-6-3"", 0.0399], [""1-4-2"", 0.0373]]",3,23.4,"[[""3-1-4"", 0.0146], [""3-1-2"", 0.0152], [""3-1-5"", 0.0123], [""3-1-6"", 0.0104]]","[[""1-2-4"", 0.0355], [""1-4-5"", 0.0301], [""1-5-4"", 0.0276], [""1-4-6"", 0.0257]]",,,False,False,0.7834,強,"{""逃げ"": 69.7, ""まくり差し"": 9.5, ""まくり"": 8.4, ""差し"": 7.3, ""抜き"": 4.9, ""恵まれ"": 0.3}","[""0〜600円"", ""600〜750円"", ""750〜900円"", ""900〜1060円"", ""1060〜1220円"", ""1220〜1410円"", ""1410〜1640円"", ""1640〜1890円"", ""1890〜2200円"", ""2200〜2560円"", ""2560〜3020円"", ""3020〜3580円"", ""3580〜4290円"", ""4290〜5220円"", ""5220〜6490円"", ""6490〜8320円"", ""8320〜11230円"", ""11230〜16260円"", ""16260〜28299円"", ""28299円〜""]","[9.4, 7.8, 7.4, 5.7, 5.2, 5.3, 5.8, 4.9, 4.4, 4.2, 4.2, 4.5, 4.0, 3.9, 3.5, 3.5, 3.4, 4.0, 4.0, 4.8]","[4.4, 2.8, 2.4, 0.7, 0.2, 0.3, 0.8, -0.1, -0.6, -0.8, -0.8, -0.5, -1.0, -1.1, -1.5, -1.5, -1.6, -1.0, -1.0, -0.2]"
20260727,19,12,1,59.6,"[[""1-3-5"", 0.0669], [""1-3-2"", 0.071], [""1-3-4"", 0.0707], [""1-5-3"", 0.0551], [""1-2-3"", 0.0559], [""1-4-3"", 0.0556], [""1-5-2"", 0.0359], [""1-5-4"", 0.0357], [""1-2-5"", 0.0343]]",3,32.4,"[[""3-1-5"", 0.0217], [""3-1-2"", 0.023], [""3-1-4"", 0.0229]]","[[""1-4-5"", 0.0341], [""1-2-4"", 0.0284], [""1-4-2"", 0.0283], [""1-3-6"", 0.0253]]",,,False,False,0.7834,強,"{""逃げ"": 69.7, ""まくり差し"": 9.5, ""まくり"": 8.4, ""差し"": 7.3, ""抜き"": 4.9, ""恵まれ"": 0.3}","[""0〜600円"", ""600〜750円"", ""750〜900円"", ""900〜1060円"", ""1060〜1220円"", ""1220〜1410円"", ""1410〜1640円"", ""1640〜1890円"", ""1890〜2200円"", ""2200〜2560円"", ""2560〜3020円"", ""3020〜3580円"", ""3580〜4290円"", ""4290〜5220円"", ""5220〜6490円"", ""6490〜8320円"", ""8320〜11230円"", ""11230〜16260円"", ""16260〜28299円"", ""28299円〜""]","[9.4, 7.8, 7.4, 5.7, 5.2, 5.3, 5.8, 4.9, 4.4, 4.2, 4.2, 4.5, 4.0, 3.9, 3.5, 3.5, 3.4, 4.0, 4.0, 4.8]","[4.4, 2.8, 2.4, 0.7, 0.2, 0.3, 0.8, -0.1, -0.6, -0.8, -0.8, -0.5, -1.0, -1.1, -1.5, -1.5, -1.6, -1.0, -1.0, -0.2]"
20260727,20,1,1,50.0,"[[""1-2-3"", 0.0675], [""1-3-2"", 0.0526], [""1-2-4"", 0.0576], [""1-2-6"", 0.0431], [""1-2-5"", 0.0429], [""1-4-2"", 0.0414], [""1-6-2"", 0.0296], [""1-5-2"", 0.0294], [""1-3-4"", 0.0254]]",2,53.1,"[[""2-1-3"", 0.0344], [""2-1-4"", 0.0293], [""2-1-6"", 0.0219], [""2-1-5"", 0.0218]]","[[""3-1-2"", 0.0247], [""1-4-3"", 0.0234], [""1-3-6"", 0.019], [""1-3-5"", 0.0189]]",,,False,True,0.8175,中,"{""逃げ"": 52.8, ""まくり"": 15.1, ""まくり差し"": 11.5, ""差し"": 11.7, ""抜き"": 7.9, ""恵まれ"": 1.0}","[""0〜600円"", ""600〜750円"", ""750〜900円"", ""900〜1060円"", ""1060〜1220円"", ""1220〜1410円"", ""1410〜1640円"", ""1640〜1890円"", ""1890〜2200円"", ""2200〜2560円"", ""2560〜3020円"", ""3020〜3580円"", ""3580〜4290円"", ""4290〜5220円"", ""5220〜6490円"", ""6490〜8320円"", ""8320〜11230円"", ""11230〜16260円"", ""16260〜28299円"", ""28299円〜""]","[4.2, 5.3, 5.2, 4.7, 4.8, 5.0, 5.1, 3.9, 4.8, 4.3, 6.2, 4.9, 5.2, 5.0, 5.4, 4.9, 5.1, 5.1, 5.6, 5.6]","[-0.8, 0.3, 0.2, -0.3, -0.2, -0.0, 0.1, -1.1, -0.2, -0.7, 1.2, -0.1, 0.2, 0.0, 0.4, -0.1, 0.1, 0.1, 0.6, 0.6]"
20260727,20,2,2,56.9,"[[""2-1-6"", 0.0615], [""2-1-4"", 0.0434], [""2-1-3"", 0.0402]]",1,,"[[""1-2-6"", 0.0563], [""1-2-4"", 0.0398], [""1-2-3"", 0.0368]]","[[""2-6-1"", 0.0439], [""1-6-2"", 0.0357], [""6-2-1"", 0.0336], [""6-1-2"", 0.0299]]",1-2,0.3195,False,False,0.7834,中,"{""逃げ"": 52.8, ""まくり"": 15.1, ""まくり差し"": 11.5, ""差し"": 11.7, ""抜き"": 7.9, ""恵まれ"": 1.0}","[""0〜600円"", ""600〜750円"", ""750〜900円"", ""900〜1060円"", ""1060〜1220円"", ""1220〜1410円"", ""1410〜1640円"", ""1640〜1890円"", ""1890〜2200円"", ""2200〜2560円"", ""2560〜3020円"", ""3020〜3580円"", ""3580〜4290円"", ""4290〜5220円"", ""5220〜6490円"", ""6490〜8320円"", ""8320〜11230円"", ""11230〜16260円"", ""16260〜28299円"", ""28299円〜""]","[4.2, 5.3, 5.2, 4.7, 4.8, 5.0, 5.1, 3.9, 4.8, 4.3, 6.2, 4.9, 5.2, 5.0, 5.4, 4.9, 5.1, 5.1, 5.6, 5.6]","[-0.8, 0.3, 0.2, -0.3, -0.2, -0.0, 0.1, -1.1, -0.2, -0.7, 1.2, -0.1, 0.2, 0.0, 0.4, -0.1, 0.1, 0.1, 0.6, 0.6]"
20260727,20,3,1,52.0,"[[""1-5-3"", 0.0379], [""1-3-5"", 0.0361], [""1-5-2"", 0.0405], [""1-3-2"", 0.0351]]",2,36.0,"[[""2-1-5"", 0.0323], [""2-5-1"", 0.0311], [""2-1-3"", 0.0293], [""2-5-3"", 0.0263]]","[[""5-1-3"", 0.0369], [""3-1-5"", 0.0341], [""5-3-1"", 0.0338], [""3-5-1"", 0.0328]]",,,False,False,0.7834,弱,"{""逃げ"": 37.0, ""まくり"": 22.1, ""差し"": 17.0, ""まくり差し"": 14.1, ""抜き"": 9.0, ""恵まれ"": 0.9}","[""0〜600円"", ""600〜750円"", ""750〜900円"", ""900〜1060円"", ""1060〜1220円"", ""1220〜1410円"", ""1410〜1640円"", ""1640〜1890円"", ""1890〜2200円"", ""2200〜2560円"", ""2560〜3020円"", ""3020〜3580円"", ""3580〜4290円"", ""4290〜5220円"", ""5220〜6490円"", ""6490〜8320円"", ""8320〜11230円"", ""11230〜16260円"", ""16260〜28299円"", ""28299円〜""]","[1.0, 1.4, 2.2, 2.3, 3.1, 4.2, 4.0, 5.0, 5.5, 5.7, 5.4, 7.0, 6.5, 6.9, 6.6, 6.5, 7.5, 6.6, 7.0, 5.3]","[-4.0, -3.6, -2.8, -2.7, -1.9, -0.8, -1.0, 0.0, 0.5, 0.7, 0.4, 2.0, 1.5, 1.9, 1.6, 1.5, 2.5, 1.6, 2.0, 0.3]"
20260727,20,4,4,55.1,"[[""4-1-3"", 0.0576], [""4-1-2"", 0.0389], [""4-1-6"", 0.0272]]",3,29.7,"[[""3-4-1"", 0.037], [""3-4-2"", 0.0163], [""3-4-6"", 0.0114]]","[[""1-4-3"", 0.0535], [""4-3-1"", 0.0455], [""1-3-4"", 0.0381], [""3-1-4"", 0.0334]]",,,False,False,0.7834,強,"{""逃げ"": 66.2, ""差し"": 8.5, ""まくり"": 9.7, ""まくり差し"": 8.1, ""抜き"": 6.9, ""恵まれ"": 0.7}","[""0〜600円"", ""600〜750円"", ""750〜900円"", ""900〜1060円"", ""1060〜1220円"", ""1220〜1410円"", ""1410〜1640円"", ""1640〜1890円"", ""1890〜2200円"", ""2200〜2560円"", ""2560〜3020円"", ""3020〜3580円"", ""3580〜4290円"", ""4290〜5220円"", ""5220〜6490円"", ""6490〜8320円"", ""8320〜11230円"", ""11230〜16260円"", ""16260〜28299円"", ""28299円〜""]","[10.4, 7.6, 5.9, 6.0, 5.8, 6.0, 4.2, 4.6, 4.7, 4.2, 4.1, 4.5, 3.9, 3.8, 3.7, 3.2, 3.8, 4.2, 4.0, 5.4]","[5.4, 2.6, 0.9, 1.0, 0.8, 1.0, -0.8, -0.4, -0.3, -0.8, -0.9, -0.5, -1.1, -1.2, -1.3, -1.8, -1.2, -0.8, -1.0, 0.4]"
20260727,20,5,1,59.8,"[[""1-2-4"", 0.0997], [""1-2-3"", 0.0667], [""1-2-5"", 0.0292], [""1-2-6"", 0.0282]]",2,27.6,"[[""2-1-4"", 0.0818], [""2-1-3"", 0.0548], [""2-1-5"", 0.024], [""2-1-6"", 0.0231]]","[[""1-4-2"", 0.0559], [""2-4-1"", 0.0358], [""4-1-2"", 0.0357], [""4-2-1"", 0.0279]]",1-2,0.4479,False,True,0.8175,強,"{""逃げ"": 66.2, ""差し"": 8.5, ""まくり"": 9.7, ""まくり差し"": 8.1, ""抜き"": 6.9, ""恵まれ"": 0.7}","[""0〜600円"", ""600〜750円"", ""750〜900円"", ""900〜1060円"", ""1060〜1220円"", ""1220〜1410円"", ""1410〜1640円"", ""1640〜1890円"", ""1890〜2200円"", ""2200〜2560円"", ""2560〜3020円"", ""3020〜3580円"", ""3580〜4290円"", ""4290〜5220円"", ""5220〜6490円"", ""6490〜8320円"", ""8320〜11230円"", ""11230〜16260円"", ""16260〜28299円"", ""28299円〜""]","[10.4, 7.6, 5.9, 6.0, 5.8, 6.0, 4.2, 4.6, 4.7, 4.2, 4.1, 4.5, 3.9, 3.8, 3.7, 3.2, 3.8, 4.2, 4.0, 5.4]","[5.4, 2.6, 0.9, 1.0, 0.8, 1.0, -0.8, -0.4, -0.3, -0.8, -0.9, -0.5, -1.1, -1.2, -1.3, -1.8, -1.2, -0.8, -1.0, 0.4]"
20260727,20,6,1,49.6,"[[""1-3-2"", 0.0967], [""1-3-6"", 0.1165], [""1-3-5"", 0.1062], [""1-3-4"", 0.1056]]",3,29.3,"[[""3-1-2"", 0.0199], [""3-1-6"", 0.024], [""3-1-5"", 0.0219], [""3-1-4"", 0.0217]]","[[""1-2-3"", 0.0497], [""1-6-3"", 0.0597], [""1-5-3"", 0.0538], [""1-4-3"", 0.0534]]",1-3,0.5385,True,True,0.8175,強,"{""逃げ"": 66.2, ""差し"": 8.5, ""まくり"": 9.7, ""まくり差し"": 8.1, ""抜き"": 6.9, ""恵まれ"": 0.7}","[""0〜600円"", ""600〜750円"", ""750〜900円"", ""900〜1060円"", ""1060〜1220円"", ""1220〜1410円"", ""1410〜1640円"", ""1640〜1890円"", ""1890〜2200円"", ""2200〜2560円"", ""2560〜3020円"", ""3020〜3580円"", ""3580〜4290円"", ""4290〜5220円"", ""5220〜6490円"", ""6490〜8320円"", ""8320〜11230円"", ""11230〜16260円"", ""16260〜28299円"", ""28299円〜""]","[10.4, 7.6, 5.9, 6.0, 5.8, 6.0, 4.2, 4.6, 4.7, 4.2, 4.1, 4.5, 3.9, 3.8, 3.7, 3.2, 3.8, 4.2, 4.0, 5.4]","[5.4, 2.6, 0.9, 1.0, 0.8, 1.0, -0.8, -0.4, -0.3, -0.8, -0.9, -0.5, -1.1, -1.2, -1.3, -1.8, -1.2, -0.8, -1.0, 0.4]"
20260727,20,7,1,51.6,"[[""1-3-6"", 0.0727], [""1-3-2"", 0.0614], [""1-3-5"", 0.0582]]",3,32.9,"[[""3-1-6"", 0.0517], [""3-1-2"", 0.0436], [""3-1-5"", 0.0413]]","[[""1-6-3"", 0.05], [""6-1-3"", 0.0303], [""1-2-3"", 0.0384], [""1-5-3"", 0.0361]]",1-3,0.3736,False,False,0.7834,中,"{""逃げ"": 52.8, ""まくり"": 15.1, ""まくり差し"": 11.5, ""差し"": 11.7, ""抜き"": 7.9, ""恵まれ"": 1.0}","[""0〜600円"", ""600〜750円"", ""750〜900円"", ""900〜1060円"", ""1060〜1220円"", ""1220〜1410円"", ""1410〜1640円"", ""1640〜1890円"", ""1890〜2200円"", ""2200〜2560円"", ""2560〜3020円"", ""3020〜3580円"", ""3580〜4290円"", ""4290〜5220円"", ""5220〜6490円"", ""6490〜8320円"", ""8320〜11230円"", ""11230〜16260円"", ""16260〜28299円"", ""28299円〜""]","[4.2, 5.3, 5.2, 4.7, 4.8, 5.0, 5.1, 3.9, 4.8, 4.3, 6.2, 4.9, 5.2, 5.0, 5.4, 4.9, 5.1, 5.1, 5.6, 5.6]","[-0.8, 0.3, 0.2, -0.3, -0.2, -0.0, 0.1, -1.1, -0.2, -0.7, 1.2, -0.1, 0.2, 0.0, 0.4, -0.1, 0.1, 0.1, 0.6, 0.6]"
20260727,20,8,1,47.6,"[[""1-3-2"", 0.1568], [""1-3-4"", 0.0279], [""1-3-5"", 0.0215]]",3,26.1,"[[""3-1-2"", 0.1258], [""3-1-4"", 0.0224], [""3-1-5"", 0.0173]]","[[""1-2-3"", 0.1076], [""2-1-3"", 0.0742], [""3-2-1"", 0.0626], [""2-3-1"", 0.0538]]",1-3,0.4429,False,True,0.8175,中,"{""逃げ"": 52.8, ""まくり"": 15.1, ""まくり差し"": 11.5, ""差し"": 11.7, ""抜き"": 7.9, ""恵まれ"": 1.0}","[""0〜600円"", ""600〜750円"", ""750〜900円"", ""900〜1060円"", ""1060〜1220円"", ""1220〜1410円"", ""1410〜1640円"", ""1640〜1890円"", ""1890〜2200円"", ""2200〜2560円"", ""2560〜3020円"", ""3020〜3580円"", ""3580〜4290円"", ""4290〜5220円"", ""5220〜6490円"", ""6490〜8320円"", ""8320〜11230円"", ""11230〜16260円"", ""16260〜28299円"", ""28299円〜""]","[4.2, 5.3, 5.2, 4.7, 4.8, 5.0, 5.1, 3.9, 4.8, 4.3, 6.2, 4.9, 5.2, 5.0, 5.4, 4.9, 5.1, 5.1, 5.6, 5.6]","[-0.8, 0.3, 0.2, -0.3, -0.2, -0.0, 0.1, -1.1, -0.2, -0.7, 1.2, -0.1, 0.2, 0.0, 0.4, -0.1, 0.1, 0.1, 0.6, 0.6]"
20260727,20,9,1,60.4,"[[""1-3-2"", 0.1188], [""1-3-5"", 0.1303], [""1-3-4"", 0.0764], [""1-3-6"", 0.0468]]",3,27.6,"[[""3-1-2"", 0.0521], [""3-1-5"", 0.0571], [""3-1-4"", 0.0335], [""3-1-6"", 0.0205]]","[[""1-2-3"", 0.0541], [""1-5-3"", 0.0583], [""1-4-3"", 0.0322], [""2-1-3"", 0.0197]]",1-3,0.5736,True,True,0.8175,強,"{""逃げ"": 66.2, ""差し"": 8.5, ""まくり"": 9.7, ""まくり差し"": 8.1, ""抜き"": 6.9, ""恵まれ"": 0.7}","[""0〜600円"", ""600〜750円"", ""750〜900円"", ""900〜1060円"", ""1060〜1220円"", ""1220〜1410円"", ""1410〜1640円"", ""1640〜1890円"", ""1890〜2200円"", ""2200〜2560円"", ""2560〜3020円"", ""3020〜3580円"", ""3580〜4290円"", ""4290〜5220円"", ""5220〜6490円"", ""6490〜8320円"", ""8320〜11230円"", ""11230〜16260円"", ""16260〜28299円"", ""28299円〜""]","[10.4, 7.6, 5.9, 6.0, 5.8, 6.0, 4.2, 4.6, 4.7, 4.2, 4.1, 4.5, 3.9, 3.8, 3.7, 3.2, 3.8, 4.2, 4.0, 5.4]","[5.4, 2.6, 0.9, 1.0, 0.8, 1.0, -0.8, -0.4, -0.3, -0.8, -0.9, -0.5, -1.1, -1.2, -1.3, -1.8, -1.2, -0.8, -1.0, 0.4]"
20260727,20,10,1,55.1,"[[""1-4-2"", 0.0818], [""1-4-3"", 0.0926], [""1-2-4"", 0.0682], [""1-3-4"", 0.0747], [""1-4-6"", 0.063], [""1-2-3"", 0.0494], [""1-3-2"", 0.0478], [""1-6-4"", 0.047], [""1-4-5"", 0.0337]]",2,31.4,"[[""2-1-4"", 0.0126]]","[[""1-2-6"", 0.0336], [""1-6-2"", 0.0301], [""1-3-6"", 0.0288], [""1-6-3"", 0.0267]]",,,False,False,0.7834,強,"{""逃げ"": 66.2, ""差し"": 8.5, ""まくり"": 9.7, ""まくり差し"": 8.1, ""抜き"": 6.9, ""恵まれ"": 0.7}","[""0〜600円"", ""600〜750円"", ""750〜900円"", ""900〜1060円"", ""1060〜1220円"", ""1220〜1410円"", ""1410〜1640円"", ""1640〜1890円"", ""1890〜2200円"", ""2200〜2560円"", ""2560〜3020円"", ""3020〜3580円"", ""3580〜4290円"", ""4290〜5220円"", ""5220〜6490円"", ""6490〜8320円"", ""8320〜11230円"", ""11230〜16260円"", ""16260〜28299円"", ""28299円〜""]","[10.4, 7.6, 5.9, 6.0, 5.8, 6.0, 4.2, 4.6, 4.7, 4.2, 4.1, 4.5, 3.9, 3.8, 3.7, 3.2, 3.8, 4.2, 4.0, 5.4]","[5.4, 2.6, 0.9, 1.0, 0.8, 1.0, -0.8, -0.4, -0.3, -0.8, -0.9, -0.5, -1.1, -1.2, -1.3, -1.8, -1.2, -0.8, -1.0, 0.4]"
20260727,20,11,1,59.5,"[[""1-2-4"", 0.0823], [""1-2-3"", 0.1017], [""1-4-2"", 0.0669], [""1-3-2"", 0.0818], [""1-2-5"", 0.0562], [""1-4-3"", 0.051], [""1-3-4"", 0.0505], [""1-5-2"", 0.04], [""1-4-5"", 0.0282]]",2,32.9,"[[""2-1-4"", 0.0224], [""2-1-3"", 0.0276], [""2-1-5"", 0.0153]]","[[""1-3-5"", 0.027], [""1-5-4"", 0.0247], [""1-5-3"", 0.0239], [""4-1-2"", 0.0175]]",,,False,False,0.7834,強,"{""逃げ"": 66.2, ""差し"": 8.5, ""まくり"": 9.7, ""まくり差し"": 8.1, ""抜き"": 6.9, ""恵まれ"": 0.7}","[""0〜600円"", ""600〜750円"", ""750〜900円"", ""900〜1060円"", ""1060〜1220円"", ""1220〜1410円"", ""1410〜1640円"", ""1640〜1890円"", ""1890〜2200円"", ""2200〜2560円"", ""2560〜3020円"", ""3020〜3580円"", ""3580〜4290円"", ""4290〜5220円"", ""5220〜6490円"", ""6490〜8320円"", ""8320〜11230円"", ""11230〜16260円"", ""16260〜28299円"", ""28299円〜""]","[10.4, 7.6, 5.9, 6.0, 5.8, 6.0, 4.2, 4.6, 4.7, 4.2, 4.1, 4.5, 3.9, 3.8, 3.7, 3.2, 3.8, 4.2, 4.0, 5.4]","[5.4, 2.6, 0.9, 1.0, 0.8, 1.0, -0.8, -0.4, -0.3, -0.8, -0.9, -0.5, -1.1, -1.2, -1.3, -1.8, -1.2, -0.8, -1.0, 0.4]"
20260727,20,12,1,54.5,"[[""1-2-4"", 0.1163], [""1-2-3"", 0.1391], [""1-2-5"", 0.0354], [""1-2-6"", 0.017]]",3,43.6,"[[""3-1-2"", 0.0198], [""3-1-4"", 0.0123]]","[[""1-4-2"", 0.0919], [""1-3-2"", 0.1076], [""1-4-3"", 0.0684], [""1-3-4"", 0.0669]]",,,False,False,0.7834,強,"{""逃げ"": 66.2, ""差し"": 8.5, ""まくり"": 9.7, ""まくり差し"": 8.1, ""抜き"": 6.9, ""恵まれ"": 0.7}","[""0〜600円"", ""600〜750円"", ""750〜900円"", ""900〜1060円"", ""1060〜1220円"", ""1220〜1410円"", ""1410〜1640円"", ""1640〜1890円"", ""1890〜2200円"", ""2200〜2560円"", ""2560〜3020円"", ""3020〜3580円"", ""3580〜4290円"", ""4290〜5220円"", ""5220〜6490円"", ""6490〜8320円"", ""8320〜11230円"", ""11230〜16260円"", ""16260〜28299円"", ""28299円〜""]","[10.4, 7.6, 5.9, 6.0, 5.8, 6.0, 4.2, 4.6, 4.7, 4.2, 4.1, 4.5, 3.9, 3.8, 3.7, 3.2, 3.8, 4.2, 4.0, 5.4]","[5.4, 2.6, 0.9, 1.0, 0.8, 1.0, -0.8, -0.4, -0.3, -0.8, -0.9, -0.5, -1.1, -1.2, -1.3, -1.8, -1.2, -0.8, -1.0, 0.4]"
20260727,21,1,1,68.2,"[[""1-3-2"", 0.0952], [""1-3-5"", 0.106], [""1-3-6"", 0.0518], [""1-3-4"", 0.0501]]",5,53.8,"[[""5-1-3"", 0.0225]]","[[""1-2-3"", 0.0617], [""1-5-3"", 0.0673], [""3-1-2"", 0.0354], [""3-1-5"", 0.0394]]",,,False,True,0.8175,中,"{""逃げ"": 52.3, ""まくり"": 17.4, ""まくり差し"": 12.5, ""差し"": 9.8, ""抜き"": 7.0, ""恵まれ"": 1.0}","[""0〜600円"", ""600〜750円"", ""750〜900円"", ""900〜1060円"", ""1060〜1220円"", ""1220〜1410円"", ""1410〜1640円"", ""1640〜1890円"", ""1890〜2200円"", ""2200〜2560円"", ""2560〜3020円"", ""3020〜3580円"", ""3580〜4290円"", ""4290〜5220円"", ""5220〜6490円"", ""6490〜8320円"", ""8320〜11230円"", ""11230〜16260円"", ""16260〜28299円"", ""28299円〜""]","[5.0, 5.0, 5.8, 5.7, 5.9, 4.8, 5.3, 4.2, 3.9, 5.0, 3.4, 5.0, 4.3, 4.6, 4.6, 5.5, 5.4, 5.1, 5.0, 6.6]","[0.0, -0.0, 0.8, 0.7, 0.9, -0.2, 0.3, -0.8, -1.1, 0.0, -1.6, 0.0, -0.7, -0.4, -0.4, 0.5, 0.4, 0.1, -0.0, 1.6]"
20260727,21,2,1,53.4,"[[""1-4-3"", 0.0807], [""1-4-2"", 0.0985], [""1-4-5"", 0.0739], [""1-4-6"", 0.0375]]",4,17.6,"[[""4-1-3"", 0.0608], [""4-1-2"", 0.0743], [""4-1-5"", 0.0557], [""4-1-6"", 0.0282]]","[[""1-3-4"", 0.0332], [""1-2-4"", 0.0403], [""1-5-4"", 0.0293], [""4-3-1"", 0.0183]]",1-4,0.5488,True,False,0.7834,中,"{""逃げ"": 52.3, ""まくり"": 17.4, ""まくり差し"": 12.5, ""差し"": 9.8, ""抜き"": 7.0, ""恵まれ"": 1.0}","[""0〜600円"", ""600〜750円"", ""750〜900円"", ""900〜1060円"", ""1060〜1220円"", ""1220〜1410円"", ""1410〜1640円"", ""1640〜1890円"", ""1890〜2200円"", ""2200〜2560円"", ""2560〜3020円"", ""3020〜3580円"", ""3580〜4290円"", ""4290〜5220円"", ""5220〜6490円"", ""6490〜8320円"", ""8320〜11230円"", ""11230〜16260円"", ""16260〜28299円"", ""28299円〜""]","[5.0, 5.0, 5.8, 5.7, 5.9, 4.8, 5.3, 4.2, 3.9, 5.0, 3.4, 5.0, 4.3, 4.6, 4.6, 5.5, 5.4, 5.1, 5.0, 6.6]","[0.0, -0.0, 0.8, 0.7, 0.9, -0.2, 0.3, -0.8, -1.1, 0.0, -1.6, 0.0, -0.7, -0.4, -0.4, 0.5, 0.4, 0.1, -0.0, 1.6]"
20260727,21,3,1,45.7,"[[""1-5-3"", 0.0966], [""1-3-5"", 0.0916], [""1-5-2"", 0.0685], [""1-3-2"", 0.0587], [""1-5-4"", 0.0283], [""1-3-4"", 0.0243], [""1-5-6"", 0.0167], [""1-3-6"", 0.0143]]",5,31.1,"[[""5-1-3"", 0.0397], [""5-1-2"", 0.0281], [""5-1-4"", 0.0116]]","[[""1-2-5"", 0.0539], [""1-2-3"", 0.0488], [""3-1-5"", 0.0371], [""3-1-2"", 0.0238]]",,,False,True,0.8175,強,"{""逃げ"": 66.3, ""まくり"": 10.6, ""まくり差し"": 10.6, ""抜き"": 6.3, ""差し"": 5.4, ""恵まれ"": 0.9}","[""0〜600円"", ""600〜750円"", ""750〜900円"", ""900〜1060円"", ""1060〜1220円"", ""1220〜1410円"", ""1410〜1640円"", ""1640〜1890円"", ""1890〜2200円"", ""2200〜2560円"", ""2560〜3020円"", ""3020〜3580円"", ""3580〜4290円"", ""4290〜5220円"", ""5220〜6490円"", ""6490〜8320円"", ""8320〜11230円"", ""11230〜16260円"", ""16260〜28299円"", ""28299円〜""]","[8.7, 8.2, 6.1, 6.4, 5.9, 5.5, 5.4, 4.8, 4.2, 4.0, 4.3, 4.1, 3.6, 4.1, 3.2, 3.8, 4.2, 3.8, 3.8, 5.9]","[3.7, 3.2, 1.1, 1.4, 0.9, 0.5, 0.4, -0.2, -0.8, -1.0, -0.7, -0.9, -1.4, -0.9, -1.8, -1.2, -0.8, -1.2, -1.2, 0.9]"
20260727,21,4,1,53.0,"[[""1-3-2"", 0.1062], [""1-2-3"", 0.0859], [""1-3-6"", 0.0727], [""1-3-5"", 0.0597], [""1-6-3"", 0.0512], [""1-3-4"", 0.0478], [""1-5-3"", 0.0408], [""1-2-6"", 0.0375], [""1-6-2"", 0.0327]]",3,20.9,"[[""3-1-2"", 0.0252], [""3-1-6"", 0.0172], [""3-1-5"", 0.0142], [""3-1-4"", 0.0113]]","[[""1-4-3"", 0.0319], [""1-2-5"", 0.0308], [""1-5-2"", 0.0261], [""1-2-4"", 0.0247]]",,,False,True,0.8175,強,"{""逃げ"": 66.3, ""まくり"": 10.6, ""まくり差し"": 10.6, ""抜き"": 6.3, ""差し"": 5.4, ""恵まれ"": 0.9}","[""0〜600円"", ""600〜750円"", ""750〜900円"", ""900〜1060円"", ""1060〜1220円"", ""1220〜1410円"", ""1410〜1640円"", ""1640〜1890円"", ""1890〜2200円"", ""2200〜2560円"", ""2560〜3020円"", ""3020〜3580円"", ""3580〜4290円"", ""4290〜5220円"", ""5220〜6490円"", ""6490〜8320円"", ""8320〜11230円"", ""11230〜16260円"", ""16260〜28299円"", ""28299円〜""]","[8.7, 8.2, 6.1, 6.4, 5.9, 5.5, 5.4, 4.8, 4.2, 4.0, 4.3, 4.1, 3.6, 4.1, 3.2, 3.8, 4.2, 3.8, 3.8, 5.9]","[3.7, 3.2, 1.1, 1.4, 0.9, 0.5, 0.4, -0.2, -0.8, -1.0, -0.7, -0.9, -1.4, -0.9, -1.8, -1.2, -0.8, -1.2, -1.2, 0.9]"
20260727,21,5,1,55.6,"[[""1-6-3"", 0.0857], [""1-3-6"", 0.0788], [""1-6-2"", 0.0661], [""1-3-2"", 0.051], [""1-6-4"", 0.0361], [""1-3-4"", 0.0279], [""1-6-5"", 0.0253], [""1-3-5"", 0.0195]]",6,26.0,"[[""6-1-3"", 0.0323], [""6-1-2"", 0.0249], [""6-1-4"", 0.0136]]","[[""1-2-6"", 0.052], [""1-2-3"", 0.0437], [""3-1-6"", 0.0291], [""1-4-6"", 0.0258]]",,,False,False,0.7834,強,"{""逃げ"": 66.3, ""まくり"": 10.6, ""まくり差し"": 10.6, ""抜き"": 6.3, ""差し"": 5.4, ""恵まれ"": 0.9}","[""0〜600円"", ""600〜750円"", ""750〜900円"", ""900〜1060円"", ""1060〜1220円"", ""1220〜1410円"", ""1410〜1640円"", ""1640〜1890円"", ""1890〜2200円"", ""2200〜2560円"", ""2560〜3020円"", ""3020〜3580円"", ""3580〜4290円"", ""4290〜5220円"", ""5220〜6490円"", ""6490〜8320円"", ""8320〜11230円"", ""11230〜16260円"", ""16260〜28299円"", ""28299円〜""]","[8.7, 8.2, 6.1, 6.4, 5.9, 5.5, 5.4, 4.8, 4.2, 4.0, 4.3, 4.1, 3.6, 4.1, 3.2, 3.8, 4.2, 3.8, 3.8, 5.9]","[3.7, 3.2, 1.1, 1.4, 0.9, 0.5, 0.4, -0.2, -0.8, -1.0, -0.7, -0.9, -1.4, -0.9, -1.8, -1.2, -0.8, -1.2, -1.2, 0.9]"
20260727,21,6,2,57.8,"[[""2-1-6"", 0.0653], [""2-6-1"", 0.0637], [""2-1-3"", 0.0499], [""2-6-3"", 0.0462], [""2-1-4"", 0.0303], [""2-6-4"", 0.028], [""2-1-5"", 0.0113], [""2-6-5"", 0.0105]]",1,,"[[""1-2-6"", 0.0371], [""1-2-3"", 0.0283], [""1-2-4"", 0.0172]]","[[""6-2-1"", 0.0358], [""2-3-1"", 0.041], [""2-3-6"", 0.0389], [""6-2-3"", 0.026]]",,,False,False,0.7834,強,"{""逃げ"": 66.3, ""まくり"": 10.6, ""まくり差し"": 10.6, ""抜き"": 6.3, ""差し"": 5.4, ""恵まれ"": 0.9}","[""0〜600円"", ""600〜750円"", ""750〜900円"", ""900〜1060円"", ""1060〜1220円"", ""1220〜1410円"", ""1410〜1640円"", ""1640〜1890円"", ""1890〜2200円"", ""2200〜2560円"", ""2560〜3020円"", ""3020〜3580円"", ""3580〜4290円"", ""4290〜5220円"", ""5220〜6490円"", ""6490〜8320円"", ""8320〜11230円"", ""11230〜16260円"", ""16260〜28299円"", ""28299円〜""]","[8.7, 8.2, 6.1, 6.4, 5.9, 5.5, 5.4, 4.8, 4.2, 4.0, 4.3, 4.1, 3.6, 4.1, 3.2, 3.8, 4.2, 3.8, 3.8, 5.9]","[3.7, 3.2, 1.1, 1.4, 0.9, 0.5, 0.4, -0.2, -0.8, -1.0, -0.7, -0.9, -1.4, -0.9, -1.8, -1.2, -0.8, -1.2, -1.2, 0.9]"
20260727,21,7,1,44.1,"[[""1-2-4"", 0.0666], [""1-2-3"", 0.0836], [""1-2-6"", 0.0542], [""1-2-5"", 0.0323]]",2,28.0,"[[""2-1-4"", 0.0537], [""2-1-3"", 0.0674], [""2-1-6"", 0.0437], [""2-1-5"", 0.026]]","[[""1-4-2"", 0.0334], [""1-3-2"", 0.0418], [""2-4-1"", 0.0211], [""2-3-1"", 0.0264]]",1-2,0.4608,False,False,0.7834,弱,"{""逃げ"": 36.4, ""まくり"": 22.9, ""まくり差し"": 14.4, ""差し"": 16.6, ""抜き"": 8.7, ""恵まれ"": 1.0}","[""0〜600円"", ""600〜750円"", ""750〜900円"", ""900〜1060円"", ""1060〜1220円"", ""1220〜1410円"", ""1410〜1640円"", ""1640〜1890円"", ""1890〜2200円"", ""2200〜2560円"", ""2560〜3020円"", ""3020〜3580円"", ""3580〜4290円"", ""4290〜5220円"", ""5220〜6490円"", ""6490〜8320円"", ""8320〜11230円"", ""11230〜16260円"", ""16260〜28299円"", ""28299円〜""]","[1.0, 2.6, 3.2, 4.5, 4.4, 5.5, 6.2, 4.4, 5.2, 5.1, 5.1, 5.2, 4.8, 6.4, 6.7, 6.9, 6.0, 5.3, 6.3, 5.3]","[-4.0, -2.4, -1.8, -0.5, -0.6, 0.5, 1.2, -0.6, 0.2, 0.1, 0.1, 0.2, -0.2, 1.4, 1.7, 1.9, 1.0, 0.3, 1.3, 0.3]"
20260727,21,8,1,34.0,"[[""1-3-2"", 0.0357], [""1-2-3"", 0.0286], [""1-3-6"", 0.033], [""1-3-4"", 0.0302], [""1-6-3"", 0.0247], [""1-4-3"", 0.0222], [""1-2-6"", 0.0156], [""1-3-5"", 0.015], [""1-6-2"", 0.0146]]",3,32.9,"[[""3-1-2"", 0.0326], [""3-1-6"", 0.0301], [""3-1-4"", 0.0275], [""3-1-5"", 0.0136]]","[[""3-2-1"", 0.0232], [""2-1-3"", 0.0228], [""2-3-1"", 0.0203], [""3-6-1"", 0.0202]]",,,False,True,0.8175,弱,"{""逃げ"": 36.4, ""まくり"": 22.9, ""まくり差し"": 14.4, ""差し"": 16.6, ""抜き"": 8.7, ""恵まれ"": 1.0}","[""0〜600円"", ""600〜750円"", ""750〜900円"", ""900〜1060円"", ""1060〜1220円"", ""1220〜1410円"", ""1410〜1640円"", ""1640〜1890円"", ""1890〜2200円"", ""2200〜2560円"", ""2560〜3020円"", ""3020〜3580円"", ""3580〜4290円"", ""4290〜5220円"", ""5220〜6490円"", ""6490〜8320円"", ""8320〜11230円"", ""11230〜16260円"", ""16260〜28299円"", ""28299円〜""]","[1.0, 2.6, 3.2, 4.5, 4.4, 5.5, 6.2, 4.4, 5.2, 5.1, 5.1, 5.2, 4.8, 6.4, 6.7, 6.9, 6.0, 5.3, 6.3, 5.3]","[-4.0, -2.4, -1.8, -0.5, -0.6, 0.5, 1.2, -0.6, 0.2, 0.1, 0.1, 0.2, -0.2, 1.4, 1.7, 1.9, 1.0, 0.3, 1.3, 0.3]"
20260727,21,9,1,63.3,"[[""1-6-3"", 0.0841], [""1-6-2"", 0.0995], [""1-6-4"", 0.0992], [""1-6-5"", 0.0537]]",6,17.6,"[[""6-1-3"", 0.0482], [""6-1-2"", 0.057], [""6-1-4"", 0.0568], [""6-1-5"", 0.0308]]","[[""1-3-6"", 0.0358], [""1-2-6"", 0.0419], [""1-4-6"", 0.0418], [""1-5-6"", 0.0215]]",1-6,0.5659,True,False,0.7834,強,"{""逃げ"": 66.3, ""まくり"": 10.6, ""まくり差し"": 10.6, ""抜き"": 6.3, ""差し"": 5.4, ""恵まれ"": 0.9}","[""0〜600円"", ""600〜750円"", ""750〜900円"", ""900〜1060円"", ""1060〜1220円"", ""1220〜1410円"", ""1410〜1640円"", ""1640〜1890円"", ""1890〜2200円"", ""2200〜2560円"", ""2560〜3020円"", ""3020〜3580円"", ""3580〜4290円"", ""4290〜5220円"", ""5220〜6490円"", ""6490〜8320円"", ""8320〜11230円"", ""11230〜16260円"", ""16260〜28299円"", ""28299円〜""]","[8.7, 8.2, 6.1, 6.4, 5.9, 5.5, 5.4, 4.8, 4.2, 4.0, 4.3, 4.1, 3.6, 4.1, 3.2, 3.8, 4.2, 3.8, 3.8, 5.9]","[3.7, 3.2, 1.1, 1.4, 0.9, 0.5, 0.4, -0.2, -0.8, -1.0, -0.7, -0.9, -1.4, -0.9, -1.8, -1.2, -0.8, -1.2, -1.2, 0.9]"
20260727,21,10,1,50.8,"[[""1-2-3"", 0.1313], [""1-3-2"", 0.1258], [""1-2-4"", 0.0579], [""1-3-4"", 0.0517], [""1-2-6"", 0.0338], [""1-3-6"", 0.0301], [""1-2-5"", 0.0195], [""1-3-5"", 0.0174]]",3,31.1,"[[""3-1-2"", 0.0423], [""3-1-4"", 0.0174], [""3-1-6"", 0.0101]]","[[""2-1-3"", 0.0445], [""1-4-2"", 0.0408], [""1-4-3"", 0.038], [""1-6-2"", 0.0224]]",,,False,True,0.8175,強,"{""逃げ"": 66.3, ""まくり"": 10.6, ""まくり差し"": 10.6, ""抜き"": 6.3, ""差し"": 5.4, ""恵まれ"": 0.9}","[""0〜600円"", ""600〜750円"", ""750〜900円"", ""900〜1060円"", ""1060〜1220円"", ""1220〜1410円"", ""1410〜1640円"", ""1640〜1890円"", ""1890〜2200円"", ""2200〜2560円"", ""2560〜3020円"", ""3020〜3580円"", ""3580〜4290円"", ""4290〜5220円"", ""5220〜6490円"", ""6490〜8320円"", ""8320〜11230円"", ""11230〜16260円"", ""16260〜28299円"", ""28299円〜""]","[8.7, 8.2, 6.1, 6.4, 5.9, 5.5, 5.4, 4.8, 4.2, 4.0, 4.3, 4.1, 3.6, 4.1, 3.2, 3.8, 4.2, 3.8, 3.8, 5.9]","[3.7, 3.2, 1.1, 1.4, 0.9, 0.5, 0.4, -0.2, -0.8, -1.0, -0.7, -0.9, -1.4, -0.9, -1.8, -1.2, -0.8, -1.2, -1.2, 0.9]"
20260727,21,11,1,62.6,"[[""1-2-3"", 0.1118], [""1-2-4"", 0.0625], [""1-2-5"", 0.0493], [""1-2-6"", 0.0216]]",3,31.5,"[[""3-1-2"", 0.0372], [""3-1-4"", 0.0132], [""3-1-5"", 0.0104]]","[[""1-3-2"", 0.0862], [""2-1-3"", 0.052], [""1-4-2"", 0.0394], [""1-3-4"", 0.0305]]",,,False,False,0.7834,強,"{""逃げ"": 66.3, ""まくり"": 10.6, ""まくり差し"": 10.6, ""抜き"": 6.3, ""差し"": 5.4, ""恵まれ"": 0.9}","[""0〜600円"", ""600〜750円"", ""750〜900円"", ""900〜1060円"", ""1060〜1220円"", ""1220〜1410円"", ""1410〜1640円"", ""1640〜1890円"", ""1890〜2200円"", ""2200〜2560円"", ""2560〜3020円"", ""3020〜3580円"", ""3580〜4290円"", ""4290〜5220円"", ""5220〜6490円"", ""6490〜8320円"", ""8320〜11230円"", ""11230〜16260円"", ""16260〜28299円"", ""28299円〜""]","[8.7, 8.2, 6.1, 6.4, 5.9, 5.5, 5.4, 4.8, 4.2, 4.0, 4.3, 4.1, 3.6, 4.1, 3.2, 3.8, 4.2, 3.8, 3.8, 5.9]","[3.7, 3.2, 1.1, 1.4, 0.9, 0.5, 0.4, -0.2, -0.8, -1.0, -0.7, -0.9, -1.4, -0.9, -1.8, -1.2, -0.8, -1.2, -1.2, 0.9]"
20260727,21,12,1,56.2,"[[""1-3-2"", 0.1235], [""1-3-4"", 0.0818], [""1-3-5"", 0.0399], [""1-3-6"", 0.0328]]",3,21.1,"[[""3-1-2"", 0.0333], [""3-1-4"", 0.0221], [""3-1-5"", 0.0108]]","[[""1-2-3"", 0.1044], [""1-4-3"", 0.0581], [""1-2-4"", 0.0505], [""1-4-2"", 0.0424]]",1-3,0.388,False,True,0.8175,強,"{""逃げ"": 66.3, ""まくり"": 10.6, ""まくり差し"": 10.6, ""抜き"": 6.3, ""差し"": 5.4, ""恵まれ"": 0.9}","[""0〜600円"", ""600〜750円"", ""750〜900円"", ""900〜1060円"", ""1060〜1220円"", ""1220〜1410円"", ""1410〜1640円"", ""1640〜1890円"", ""1890〜2200円"", ""2200〜2560円"", ""2560〜3020円"", ""3020〜3580円"", ""3580〜4290円"", ""4290〜5220円"", ""5220〜6490円"", ""6490〜8320円"", ""8320〜11230円"", ""11230〜16260円"", ""16260〜28299円"", ""28299円〜""]","[8.7, 8.2, 6.1, 6.4, 5.9, 5.5, 5.4, 4.8, 4.2, 4.0, 4.3, 4.1, 3.6, 4.1, 3.2, 3.8, 4.2, 3.8, 3.8, 5.9]","[3.7, 3.2, 1.1, 1.4, 0.9, 0.5, 0.4, -0.2, -0.8, -1.0, -0.7, -0.9, -1.4, -0.9, -1.8, -1.2, -0.8, -1.2, -1.2, 0.9]"
