date,jcd,r,favorite_boat,favorite_nige_rate,scenario1_tickets,challenger_boat,challenger_makuri_rate,scenario2_tickets,scenario3_tickets,aligned_pair,aligned_pair_prob,aligned_pair_flag,knn_agree_trio,knn_trio_calibration_ratio,strength_bin,kimarite_dist,payout_bucket_labels,payout_bucket_pct,payout_bucket_deviation
20260912,02,1,1,54.5,"[[""1-2-3"", 0.0722], [""1-3-2"", 0.0704], [""1-2-5"", 0.0522], [""1-2-4"", 0.0495], [""1-3-5"", 0.048], [""1-3-4"", 0.0456], [""1-5-2"", 0.0431], [""1-5-3"", 0.0407], [""1-4-2"", 0.0404]]",3,,"[[""3-1-2"", 0.0322], [""3-1-5"", 0.022], [""3-1-4"", 0.0209]]","[[""2-1-3"", 0.0333], [""1-4-3"", 0.0382], [""2-1-5"", 0.0241], [""1-5-4"", 0.0229]]",,,False,True,0.8201,中,"{""逃げ"": 39.0, ""まくり"": 24.3, ""まくり差し"": 12.6, ""差し"": 15.1, ""抜き"": 8.1, ""恵まれ"": 0.8}","[""0〜600円"", ""600〜740円"", ""740〜890円"", ""890〜1050円"", ""1050〜1220円"", ""1220〜1410円"", ""1410〜1630円"", ""1630〜1890円"", ""1890〜2200円"", ""2200〜2560円"", ""2560〜3020円"", ""3020〜3570円"", ""3570〜4280円"", ""4280〜5210円"", ""5210〜6480円"", ""6480〜8300円"", ""8300〜11200円"", ""11200〜16230円"", ""16230〜28240円"", ""28240円〜""]","[1.0, 2.0, 3.0, 3.5, 4.6, 4.2, 4.9, 5.4, 5.9, 6.2, 4.7, 5.7, 6.8, 5.9, 5.8, 7.2, 6.5, 6.0, 5.4, 5.2]","[-4.0, -3.0, -2.0, -1.5, -0.4, -0.8, -0.1, 0.4, 0.9, 1.2, -0.3, 0.7, 1.8, 0.9, 0.8, 2.2, 1.5, 1.0, 0.4, 0.2]"
20260912,02,2,2,57.3,"[[""2-3-1"", 0.1199], [""2-3-4"", 0.0382], [""2-3-6"", 0.0375], [""2-3-5"", 0.027]]",3,23.3,"[[""3-2-1"", 0.0909], [""3-2-4"", 0.029], [""3-2-6"", 0.0284], [""3-2-5"", 0.0205]]","[[""2-1-3"", 0.0758], [""1-2-3"", 0.0478], [""3-1-2"", 0.04], [""1-3-2"", 0.0332]]",2-3,0.4375,False,True,0.8201,強,"{""逃げ"": 56.1, ""まくり"": 16.0, ""まくり差し"": 10.4, ""差し"": 10.4, ""抜き"": 6.4, ""恵まれ"": 0.8}","[""0〜600円"", ""600〜740円"", ""740〜890円"", ""890〜1050円"", ""1050〜1220円"", ""1220〜1410円"", ""1410〜1630円"", ""1630〜1890円"", ""1890〜2200円"", ""2200〜2560円"", ""2560〜3020円"", ""3020〜3570円"", ""3570〜4280円"", ""4280〜5210円"", ""5210〜6480円"", ""6480〜8300円"", ""8300〜11200円"", ""11200〜16230円"", ""16230〜28240円"", ""28240円〜""]","[2.5, 4.5, 5.1, 5.2, 5.6, 4.6, 5.2, 4.6, 5.3, 5.4, 5.2, 5.1, 4.5, 4.4, 4.7, 6.0, 5.8, 5.3, 5.6, 5.3]","[-2.5, -0.5, 0.1, 0.2, 0.6, -0.4, 0.2, -0.4, 0.3, 0.4, 0.2, 0.1, -0.5, -0.6, -0.3, 1.0, 0.8, 0.3, 0.6, 0.3]"
20260912,02,3,4,42.8,"[[""4-1-2"", 0.108], [""4-1-6"", 0.0444], [""4-1-5"", 0.0349], [""4-1-3"", 0.0297]]",1,19.3,"[[""1-4-2"", 0.1008], [""1-4-6"", 0.0415], [""1-4-5"", 0.0326], [""1-4-3"", 0.0277]]","[[""4-2-1"", 0.054], [""1-2-4"", 0.0462], [""2-4-1"", 0.0369], [""2-1-4"", 0.0338]]",1-4,0.4768,False,False,0.7852,強,"{""逃げ"": 56.1, ""まくり"": 16.0, ""まくり差し"": 10.4, ""差し"": 10.4, ""抜き"": 6.4, ""恵まれ"": 0.8}","[""0〜600円"", ""600〜740円"", ""740〜890円"", ""890〜1050円"", ""1050〜1220円"", ""1220〜1410円"", ""1410〜1630円"", ""1630〜1890円"", ""1890〜2200円"", ""2200〜2560円"", ""2560〜3020円"", ""3020〜3570円"", ""3570〜4280円"", ""4280〜5210円"", ""5210〜6480円"", ""6480〜8300円"", ""8300〜11200円"", ""11200〜16230円"", ""16230〜28240円"", ""28240円〜""]","[2.5, 4.5, 5.1, 5.2, 5.6, 4.6, 5.2, 4.6, 5.3, 5.4, 5.2, 5.1, 4.5, 4.4, 4.7, 6.0, 5.8, 5.3, 5.6, 5.3]","[-2.5, -0.5, 0.1, 0.2, 0.6, -0.4, 0.2, -0.4, 0.3, 0.4, 0.2, 0.1, -0.5, -0.6, -0.3, 1.0, 0.8, 0.3, 0.6, 0.3]"
20260912,02,4,2,52.7,"[[""2-4-1"", 0.0513], [""2-1-4"", 0.0472], [""2-4-3"", 0.039], [""2-4-5"", 0.038], [""2-3-4"", 0.0312], [""2-5-4"", 0.0303], [""2-1-3"", 0.0298], [""2-1-5"", 0.0291], [""2-3-1"", 0.0258]]",1,59.3,"[[""1-2-4"", 0.0289], [""1-2-3"", 0.0183], [""1-2-5"", 0.0178]]","[[""4-2-1"", 0.0325], [""2-5-1"", 0.0251], [""4-2-3"", 0.0247], [""4-2-5"", 0.0241]]",,,False,False,0.7852,強,"{""逃げ"": 56.1, ""まくり"": 16.0, ""まくり差し"": 10.4, ""差し"": 10.4, ""抜き"": 6.4, ""恵まれ"": 0.8}","[""0〜600円"", ""600〜740円"", ""740〜890円"", ""890〜1050円"", ""1050〜1220円"", ""1220〜1410円"", ""1410〜1630円"", ""1630〜1890円"", ""1890〜2200円"", ""2200〜2560円"", ""2560〜3020円"", ""3020〜3570円"", ""3570〜4280円"", ""4280〜5210円"", ""5210〜6480円"", ""6480〜8300円"", ""8300〜11200円"", ""11200〜16230円"", ""16230〜28240円"", ""28240円〜""]","[2.5, 4.5, 5.1, 5.2, 5.6, 4.6, 5.2, 4.6, 5.3, 5.4, 5.2, 5.1, 4.5, 4.4, 4.7, 6.0, 5.8, 5.3, 5.6, 5.3]","[-2.5, -0.5, 0.1, 0.2, 0.6, -0.4, 0.2, -0.4, 0.3, 0.4, 0.2, 0.1, -0.5, -0.6, -0.3, 1.0, 0.8, 0.3, 0.6, 0.3]"
20260912,02,5,1,60.1,"[[""1-4-3"", 0.0954], [""1-4-2"", 0.1052], [""1-4-6"", 0.054], [""1-4-5"", 0.0463]]",4,28.4,"[[""4-1-3"", 0.0676], [""4-1-2"", 0.0745], [""4-1-6"", 0.0383], [""4-1-5"", 0.0328]]","[[""1-3-4"", 0.0398], [""1-2-4"", 0.043], [""3-1-4"", 0.0208], [""4-3-1"", 0.0191]]",1-4,0.5588,True,False,0.7852,中,"{""逃げ"": 39.0, ""まくり"": 24.3, ""まくり差し"": 12.6, ""差し"": 15.1, ""抜き"": 8.1, ""恵まれ"": 0.8}","[""0〜600円"", ""600〜740円"", ""740〜890円"", ""890〜1050円"", ""1050〜1220円"", ""1220〜1410円"", ""1410〜1630円"", ""1630〜1890円"", ""1890〜2200円"", ""2200〜2560円"", ""2560〜3020円"", ""3020〜3570円"", ""3570〜4280円"", ""4280〜5210円"", ""5210〜6480円"", ""6480〜8300円"", ""8300〜11200円"", ""11200〜16230円"", ""16230〜28240円"", ""28240円〜""]","[1.0, 2.0, 3.0, 3.5, 4.6, 4.2, 4.9, 5.4, 5.9, 6.2, 4.7, 5.7, 6.8, 5.9, 5.8, 7.2, 6.5, 6.0, 5.4, 5.2]","[-4.0, -3.0, -2.0, -1.5, -0.4, -0.8, -0.1, 0.4, 0.9, 1.2, -0.3, 0.7, 1.8, 0.9, 0.8, 2.2, 1.5, 1.0, 0.4, 0.2]"
20260912,02,6,3,51.4,"[[""3-2-6"", 0.0377], [""3-2-1"", 0.0446], [""3-2-4"", 0.0418]]",2,42.0,"[[""2-3-6"", 0.0361], [""2-3-1"", 0.0427], [""2-3-4"", 0.04]]","[[""3-6-2"", 0.0271], [""3-1-2"", 0.0315], [""2-6-3"", 0.0246], [""3-4-2"", 0.0291]]",2-3,0.2667,False,False,0.7852,強,"{""逃げ"": 56.1, ""まくり"": 16.0, ""まくり差し"": 10.4, ""差し"": 10.4, ""抜き"": 6.4, ""恵まれ"": 0.8}","[""0〜600円"", ""600〜740円"", ""740〜890円"", ""890〜1050円"", ""1050〜1220円"", ""1220〜1410円"", ""1410〜1630円"", ""1630〜1890円"", ""1890〜2200円"", ""2200〜2560円"", ""2560〜3020円"", ""3020〜3570円"", ""3570〜4280円"", ""4280〜5210円"", ""5210〜6480円"", ""6480〜8300円"", ""8300〜11200円"", ""11200〜16230円"", ""16230〜28240円"", ""28240円〜""]","[2.5, 4.5, 5.1, 5.2, 5.6, 4.6, 5.2, 4.6, 5.3, 5.4, 5.2, 5.1, 4.5, 4.4, 4.7, 6.0, 5.8, 5.3, 5.6, 5.3]","[-2.5, -0.5, 0.1, 0.2, 0.6, -0.4, 0.2, -0.4, 0.3, 0.4, 0.2, 0.1, -0.5, -0.6, -0.3, 1.0, 0.8, 0.3, 0.6, 0.3]"
20260912,02,7,1,50.9,"[[""1-3-4"", 0.0725], [""1-4-3"", 0.0694], [""1-3-6"", 0.0585], [""1-3-5"", 0.0538], [""1-4-6"", 0.0502], [""1-6-3"", 0.0495], [""1-4-5"", 0.0462], [""1-5-3"", 0.0448], [""1-6-4"", 0.0443]]",4,23.4,"[[""4-1-3"", 0.0131]]","[[""1-5-4"", 0.0401], [""1-3-2"", 0.0391], [""1-4-2"", 0.0335], [""1-2-3"", 0.031]]",,,False,False,0.7852,強,"{""逃げ"": 56.1, ""まくり"": 16.0, ""まくり差し"": 10.4, ""差し"": 10.4, ""抜き"": 6.4, ""恵まれ"": 0.8}","[""0〜600円"", ""600〜740円"", ""740〜890円"", ""890〜1050円"", ""1050〜1220円"", ""1220〜1410円"", ""1410〜1630円"", ""1630〜1890円"", ""1890〜2200円"", ""2200〜2560円"", ""2560〜3020円"", ""3020〜3570円"", ""3570〜4280円"", ""4280〜5210円"", ""5210〜6480円"", ""6480〜8300円"", ""8300〜11200円"", ""11200〜16230円"", ""16230〜28240円"", ""28240円〜""]","[2.5, 4.5, 5.1, 5.2, 5.6, 4.6, 5.2, 4.6, 5.3, 5.4, 5.2, 5.1, 4.5, 4.4, 4.7, 6.0, 5.8, 5.3, 5.6, 5.3]","[-2.5, -0.5, 0.1, 0.2, 0.6, -0.4, 0.2, -0.4, 0.3, 0.4, 0.2, 0.1, -0.5, -0.6, -0.3, 1.0, 0.8, 0.3, 0.6, 0.3]"
20260912,02,8,1,55.7,"[[""1-2-5"", 0.0579], [""1-5-2"", 0.0568], [""1-2-6"", 0.0181], [""1-5-6"", 0.0172], [""1-2-3"", 0.0165], [""1-5-3"", 0.0156], [""1-2-4"", 0.0153], [""1-5-4"", 0.0146]]",5,31.7,"[[""5-1-2"", 0.0511], [""5-1-6"", 0.0155], [""5-1-3"", 0.0141], [""5-1-4"", 0.0131]]","[[""2-1-5"", 0.0527], [""2-5-1"", 0.0447], [""5-2-1"", 0.0442], [""2-1-6"", 0.0165]]",,,False,False,0.7852,中,"{""逃げ"": 39.0, ""まくり"": 24.3, ""まくり差し"": 12.6, ""差し"": 15.1, ""抜き"": 8.1, ""恵まれ"": 0.8}","[""0〜600円"", ""600〜740円"", ""740〜890円"", ""890〜1050円"", ""1050〜1220円"", ""1220〜1410円"", ""1410〜1630円"", ""1630〜1890円"", ""1890〜2200円"", ""2200〜2560円"", ""2560〜3020円"", ""3020〜3570円"", ""3570〜4280円"", ""4280〜5210円"", ""5210〜6480円"", ""6480〜8300円"", ""8300〜11200円"", ""11200〜16230円"", ""16230〜28240円"", ""28240円〜""]","[1.0, 2.0, 3.0, 3.5, 4.6, 4.2, 4.9, 5.4, 5.9, 6.2, 4.7, 5.7, 6.8, 5.9, 5.8, 7.2, 6.5, 6.0, 5.4, 5.2]","[-4.0, -3.0, -2.0, -1.5, -0.4, -0.8, -0.1, 0.4, 0.9, 1.2, -0.3, 0.7, 1.8, 0.9, 0.8, 2.2, 1.5, 1.0, 0.4, 0.2]"
20260912,02,9,1,61.7,"[[""1-4-5"", 0.0591], [""1-4-3"", 0.0636], [""1-5-4"", 0.0491], [""1-5-3"", 0.0358], [""1-4-2"", 0.0236], [""1-5-2"", 0.0133], [""1-4-6"", 0.0118]]",4,46.6,"[[""4-1-5"", 0.0415], [""4-1-3"", 0.0447], [""4-1-2"", 0.0166]]","[[""1-3-4"", 0.05], [""5-1-4"", 0.0317], [""1-3-5"", 0.034], [""3-1-4"", 0.0315]]",,,False,False,0.7852,中,"{""逃げ"": 39.0, ""まくり"": 24.3, ""まくり差し"": 12.6, ""差し"": 15.1, ""抜き"": 8.1, ""恵まれ"": 0.8}","[""0〜600円"", ""600〜740円"", ""740〜890円"", ""890〜1050円"", ""1050〜1220円"", ""1220〜1410円"", ""1410〜1630円"", ""1630〜1890円"", ""1890〜2200円"", ""2200〜2560円"", ""2560〜3020円"", ""3020〜3570円"", ""3570〜4280円"", ""4280〜5210円"", ""5210〜6480円"", ""6480〜8300円"", ""8300〜11200円"", ""11200〜16230円"", ""16230〜28240円"", ""28240円〜""]","[1.0, 2.0, 3.0, 3.5, 4.6, 4.2, 4.9, 5.4, 5.9, 6.2, 4.7, 5.7, 6.8, 5.9, 5.8, 7.2, 6.5, 6.0, 5.4, 5.2]","[-4.0, -3.0, -2.0, -1.5, -0.4, -0.8, -0.1, 0.4, 0.9, 1.2, -0.3, 0.7, 1.8, 0.9, 0.8, 2.2, 1.5, 1.0, 0.4, 0.2]"
20260912,02,10,1,56.0,"[[""1-2-3"", 0.1349], [""1-2-5"", 0.06], [""1-2-6"", 0.0384], [""1-2-4"", 0.0326]]",2,28.4,"[[""2-1-3"", 0.0971], [""2-1-5"", 0.0432], [""2-1-6"", 0.0276], [""2-1-4"", 0.0235]]","[[""1-3-2"", 0.0704], [""3-1-2"", 0.04], [""2-3-1"", 0.0337], [""3-2-1"", 0.0266]]",1-2,0.5081,False,True,0.8201,強,"{""逃げ"": 56.1, ""まくり"": 16.0, ""まくり差し"": 10.4, ""差し"": 10.4, ""抜き"": 6.4, ""恵まれ"": 0.8}","[""0〜600円"", ""600〜740円"", ""740〜890円"", ""890〜1050円"", ""1050〜1220円"", ""1220〜1410円"", ""1410〜1630円"", ""1630〜1890円"", ""1890〜2200円"", ""2200〜2560円"", ""2560〜3020円"", ""3020〜3570円"", ""3570〜4280円"", ""4280〜5210円"", ""5210〜6480円"", ""6480〜8300円"", ""8300〜11200円"", ""11200〜16230円"", ""16230〜28240円"", ""28240円〜""]","[2.5, 4.5, 5.1, 5.2, 5.6, 4.6, 5.2, 4.6, 5.3, 5.4, 5.2, 5.1, 4.5, 4.4, 4.7, 6.0, 5.8, 5.3, 5.6, 5.3]","[-2.5, -0.5, 0.1, 0.2, 0.6, -0.4, 0.2, -0.4, 0.3, 0.4, 0.2, 0.1, -0.5, -0.6, -0.3, 1.0, 0.8, 0.3, 0.6, 0.3]"
20260912,02,11,1,56.0,"[[""1-3-5"", 0.0657], [""1-3-2"", 0.0694], [""1-3-6"", 0.069], [""1-3-4"", 0.0386]]",3,31.2,"[[""3-1-5"", 0.0274], [""3-1-2"", 0.0289], [""3-1-6"", 0.0288], [""3-1-4"", 0.0161]]","[[""1-5-3"", 0.0483], [""1-2-3"", 0.049], [""1-6-3"", 0.0487], [""1-4-3"", 0.0252]]",1-3,0.3693,False,False,0.7852,強,"{""逃げ"": 56.1, ""まくり"": 16.0, ""まくり差し"": 10.4, ""差し"": 10.4, ""抜き"": 6.4, ""恵まれ"": 0.8}","[""0〜600円"", ""600〜740円"", ""740〜890円"", ""890〜1050円"", ""1050〜1220円"", ""1220〜1410円"", ""1410〜1630円"", ""1630〜1890円"", ""1890〜2200円"", ""2200〜2560円"", ""2560〜3020円"", ""3020〜3570円"", ""3570〜4280円"", ""4280〜5210円"", ""5210〜6480円"", ""6480〜8300円"", ""8300〜11200円"", ""11200〜16230円"", ""16230〜28240円"", ""28240円〜""]","[2.5, 4.5, 5.1, 5.2, 5.6, 4.6, 5.2, 4.6, 5.3, 5.4, 5.2, 5.1, 4.5, 4.4, 4.7, 6.0, 5.8, 5.3, 5.6, 5.3]","[-2.5, -0.5, 0.1, 0.2, 0.6, -0.4, 0.2, -0.4, 0.3, 0.4, 0.2, 0.1, -0.5, -0.6, -0.3, 1.0, 0.8, 0.3, 0.6, 0.3]"
20260912,02,12,1,50.2,"[[""1-2-5"", 0.0819], [""1-5-2"", 0.0697], [""1-2-3"", 0.0652], [""1-3-2"", 0.049], [""1-2-4"", 0.0458], [""1-5-3"", 0.0391], [""1-2-6"", 0.0361], [""1-3-5"", 0.0345], [""1-4-2"", 0.0325]]",2,22.7,"[[""2-1-5"", 0.03], [""2-1-3"", 0.0239], [""2-1-4"", 0.0168], [""2-1-6"", 0.0132]]","[[""5-1-2"", 0.0245], [""1-5-4"", 0.0274], [""1-6-2"", 0.025], [""1-4-5"", 0.0229]]",,,False,False,0.7852,強,"{""逃げ"": 56.1, ""まくり"": 16.0, ""まくり差し"": 10.4, ""差し"": 10.4, ""抜き"": 6.4, ""恵まれ"": 0.8}","[""0〜600円"", ""600〜740円"", ""740〜890円"", ""890〜1050円"", ""1050〜1220円"", ""1220〜1410円"", ""1410〜1630円"", ""1630〜1890円"", ""1890〜2200円"", ""2200〜2560円"", ""2560〜3020円"", ""3020〜3570円"", ""3570〜4280円"", ""4280〜5210円"", ""5210〜6480円"", ""6480〜8300円"", ""8300〜11200円"", ""11200〜16230円"", ""16230〜28240円"", ""28240円〜""]","[2.5, 4.5, 5.1, 5.2, 5.6, 4.6, 5.2, 4.6, 5.3, 5.4, 5.2, 5.1, 4.5, 4.4, 4.7, 6.0, 5.8, 5.3, 5.6, 5.3]","[-2.5, -0.5, 0.1, 0.2, 0.6, -0.4, 0.2, -0.4, 0.3, 0.4, 0.2, 0.1, -0.5, -0.6, -0.3, 1.0, 0.8, 0.3, 0.6, 0.3]"
20260912,05,1,2,57.0,"[[""2-1-3"", 0.0667], [""2-1-5"", 0.0611], [""2-1-4"", 0.0385], [""2-1-6"", 0.0218]]",1,23.6,"[[""1-2-3"", 0.0584], [""1-2-5"", 0.0535], [""1-2-4"", 0.0337], [""1-2-6"", 0.019]]","[[""2-3-1"", 0.0404], [""1-3-2"", 0.0301], [""2-5-1"", 0.0349], [""3-2-1"", 0.0277]]",1-2,0.3802,False,True,0.8201,中,"{""逃げ"": 53.0, ""まくり"": 15.9, ""差し"": 13.0, ""まくり差し"": 11.6, ""抜き"": 5.6, ""恵まれ"": 0.9}","[""0〜600円"", ""600〜740円"", ""740〜890円"", ""890〜1050円"", ""1050〜1220円"", ""1220〜1410円"", ""1410〜1630円"", ""1630〜1890円"", ""1890〜2200円"", ""2200〜2560円"", ""2560〜3020円"", ""3020〜3570円"", ""3570〜4280円"", ""4280〜5210円"", ""5210〜6480円"", ""6480〜8300円"", ""8300〜11200円"", ""11200〜16230円"", ""16230〜28240円"", ""28240円〜""]","[3.6, 4.6, 5.7, 5.8, 5.1, 4.9, 5.0, 4.9, 5.2, 5.3, 4.9, 4.4, 5.1, 5.4, 5.8, 4.7, 4.4, 4.9, 4.6, 5.5]","[-1.4, -0.4, 0.7, 0.8, 0.1, -0.1, 0.0, -0.1, 0.2, 0.3, -0.1, -0.6, 0.1, 0.4, 0.8, -0.3, -0.6, -0.1, -0.4, 0.5]"
20260912,05,2,1,57.7,"[[""1-4-3"", 0.0363], [""1-3-4"", 0.0306], [""1-4-6"", 0.0345], [""1-4-2"", 0.0303], [""1-6-4"", 0.027], [""1-2-4"", 0.0231], [""1-3-6"", 0.0192], [""1-6-3"", 0.0178], [""1-3-2"", 0.0169]]",4,35.5,"[[""4-1-3"", 0.03], [""4-1-6"", 0.0285], [""4-1-2"", 0.025], [""4-1-5"", 0.0137]]","[[""3-1-4"", 0.023], [""4-3-1"", 0.0198], [""3-4-1"", 0.0181], [""6-1-4"", 0.0194]]",,,False,False,0.7852,弱,"{""逃げ"": 34.6, ""まくり"": 25.6, ""差し"": 17.9, ""まくり差し"": 13.6, ""抜き"": 7.5, ""恵まれ"": 0.9}","[""0〜600円"", ""600〜740円"", ""740〜890円"", ""890〜1050円"", ""1050〜1220円"", ""1220〜1410円"", ""1410〜1630円"", ""1630〜1890円"", ""1890〜2200円"", ""2200〜2560円"", ""2560〜3020円"", ""3020〜3570円"", ""3570〜4280円"", ""4280〜5210円"", ""5210〜6480円"", ""6480〜8300円"", ""8300〜11200円"", ""11200〜16230円"", ""16230〜28240円"", ""28240円〜""]","[0.7, 1.7, 1.9, 4.3, 3.4, 4.8, 5.1, 6.3, 6.4, 5.2, 6.5, 6.1, 6.2, 6.8, 6.7, 5.5, 6.0, 6.5, 5.5, 4.3]","[-4.3, -3.3, -3.1, -0.7, -1.6, -0.2, 0.1, 1.3, 1.4, 0.2, 1.5, 1.1, 1.2, 1.8, 1.7, 0.5, 1.0, 1.5, 0.5, -0.7]"
20260912,05,3,1,33.3,"[[""1-4-3"", 0.0538], [""1-3-4"", 0.0421], [""1-4-2"", 0.0474], [""1-4-5"", 0.0458], [""1-4-6"", 0.0374], [""1-2-4"", 0.0343], [""1-5-4"", 0.0329], [""1-6-4"", 0.0261], [""1-3-2"", 0.0205]]",4,31.8,"[[""4-1-3"", 0.0317], [""4-1-2"", 0.028], [""4-1-5"", 0.027], [""4-1-6"", 0.0221]]","[[""3-1-4"", 0.0225], [""1-3-5"", 0.0198], [""1-2-3"", 0.0189], [""1-5-3"", 0.0182]]",,,False,False,0.7852,中,"{""逃げ"": 53.0, ""まくり"": 15.9, ""差し"": 13.0, ""まくり差し"": 11.6, ""抜き"": 5.6, ""恵まれ"": 0.9}","[""0〜600円"", ""600〜740円"", ""740〜890円"", ""890〜1050円"", ""1050〜1220円"", ""1220〜1410円"", ""1410〜1630円"", ""1630〜1890円"", ""1890〜2200円"", ""2200〜2560円"", ""2560〜3020円"", ""3020〜3570円"", ""3570〜4280円"", ""4280〜5210円"", ""5210〜6480円"", ""6480〜8300円"", ""8300〜11200円"", ""11200〜16230円"", ""16230〜28240円"", ""28240円〜""]","[3.6, 4.6, 5.7, 5.8, 5.1, 4.9, 5.0, 4.9, 5.2, 5.3, 4.9, 4.4, 5.1, 5.4, 5.8, 4.7, 4.4, 4.9, 4.6, 5.5]","[-1.4, -0.4, 0.7, 0.8, 0.1, -0.1, 0.0, -0.1, 0.2, 0.3, -0.1, -0.6, 0.1, 0.4, 0.8, -0.3, -0.6, -0.1, -0.4, 0.5]"
20260912,05,4,4,57.5,"[[""4-1-2"", 0.0393], [""4-2-1"", 0.0383], [""4-1-3"", 0.0263], [""4-2-3"", 0.0242], [""4-1-6"", 0.0179], [""4-2-6"", 0.0165]]",1,14.7,"[[""1-4-2"", 0.0367], [""1-2-4"", 0.0323], [""1-4-3"", 0.0245], [""1-2-3"", 0.017], [""1-4-6"", 0.0167], [""1-2-6"", 0.0116]]","[[""2-4-1"", 0.0351], [""2-1-4"", 0.0318], [""2-4-3"", 0.0222], [""4-3-1"", 0.0208]]",,,False,False,0.7852,強,"{""逃げ"": 66.7, ""まくり"": 10.7, ""まくり差し"": 9.4, ""差し"": 8.3, ""抜き"": 4.3, ""恵まれ"": 0.6}","[""0〜600円"", ""600〜740円"", ""740〜890円"", ""890〜1050円"", ""1050〜1220円"", ""1220〜1410円"", ""1410〜1630円"", ""1630〜1890円"", ""1890〜2200円"", ""2200〜2560円"", ""2560〜3020円"", ""3020〜3570円"", ""3570〜4280円"", ""4280〜5210円"", ""5210〜6480円"", ""6480〜8300円"", ""8300〜11200円"", ""11200〜16230円"", ""16230〜28240円"", ""28240円〜""]","[7.0, 6.7, 6.4, 6.4, 5.8, 5.1, 4.3, 5.5, 4.7, 4.6, 4.9, 3.8, 3.9, 4.0, 4.7, 4.1, 3.5, 4.4, 5.0, 5.3]","[2.0, 1.7, 1.4, 1.4, 0.8, 0.1, -0.7, 0.5, -0.3, -0.4, -0.1, -1.2, -1.1, -1.0, -0.3, -0.9, -1.5, -0.6, 0.0, 0.3]"
20260912,05,5,1,60.5,"[[""1-3-4"", 0.1056], [""1-3-2"", 0.1126], [""1-3-5"", 0.0507], [""1-3-6"", 0.0165]]",3,25.8,"[[""3-1-4"", 0.0532], [""3-1-2"", 0.0567], [""3-1-5"", 0.0256]]","[[""1-4-3"", 0.0633], [""1-2-3"", 0.0648], [""4-1-3"", 0.0275], [""2-1-3"", 0.0277]]",1-3,0.4727,False,False,0.7852,強,"{""逃げ"": 66.7, ""まくり"": 10.7, ""まくり差し"": 9.4, ""差し"": 8.3, ""抜き"": 4.3, ""恵まれ"": 0.6}","[""0〜600円"", ""600〜740円"", ""740〜890円"", ""890〜1050円"", ""1050〜1220円"", ""1220〜1410円"", ""1410〜1630円"", ""1630〜1890円"", ""1890〜2200円"", ""2200〜2560円"", ""2560〜3020円"", ""3020〜3570円"", ""3570〜4280円"", ""4280〜5210円"", ""5210〜6480円"", ""6480〜8300円"", ""8300〜11200円"", ""11200〜16230円"", ""16230〜28240円"", ""28240円〜""]","[7.0, 6.7, 6.4, 6.4, 5.8, 5.1, 4.3, 5.5, 4.7, 4.6, 4.9, 3.8, 3.9, 4.0, 4.7, 4.1, 3.5, 4.4, 5.0, 5.3]","[2.0, 1.7, 1.4, 1.4, 0.8, 0.1, -0.7, 0.5, -0.3, -0.4, -0.1, -1.2, -1.1, -1.0, -0.3, -0.9, -1.5, -0.6, 0.0, 0.3]"
20260912,05,6,1,44.8,"[[""1-3-5"", 0.0742], [""1-3-2"", 0.0878], [""1-5-3"", 0.0599], [""1-2-3"", 0.0692], [""1-5-2"", 0.0442], [""1-2-5"", 0.0432], [""1-3-4"", 0.0411], [""1-4-3"", 0.0281], [""1-5-4"", 0.0207]]",3,25.5,"[[""3-1-5"", 0.0337], [""3-1-2"", 0.0398], [""3-1-4"", 0.0186]]","[[""5-1-3"", 0.0255], [""2-1-3"", 0.0293], [""5-1-2"", 0.0188], [""1-2-4"", 0.0188]]",,,False,False,0.7852,中,"{""逃げ"": 53.0, ""まくり"": 15.9, ""差し"": 13.0, ""まくり差し"": 11.6, ""抜き"": 5.6, ""恵まれ"": 0.9}","[""0〜600円"", ""600〜740円"", ""740〜890円"", ""890〜1050円"", ""1050〜1220円"", ""1220〜1410円"", ""1410〜1630円"", ""1630〜1890円"", ""1890〜2200円"", ""2200〜2560円"", ""2560〜3020円"", ""3020〜3570円"", ""3570〜4280円"", ""4280〜5210円"", ""5210〜6480円"", ""6480〜8300円"", ""8300〜11200円"", ""11200〜16230円"", ""16230〜28240円"", ""28240円〜""]","[3.6, 4.6, 5.7, 5.8, 5.1, 4.9, 5.0, 4.9, 5.2, 5.3, 4.9, 4.4, 5.1, 5.4, 5.8, 4.7, 4.4, 4.9, 4.6, 5.5]","[-1.4, -0.4, 0.7, 0.8, 0.1, -0.1, 0.0, -0.1, 0.2, 0.3, -0.1, -0.6, 0.1, 0.4, 0.8, -0.3, -0.6, -0.1, -0.4, 0.5]"
20260912,05,7,1,57.9,"[[""1-3-2"", 0.0838], [""1-2-3"", 0.078], [""1-3-6"", 0.0644], [""1-3-4"", 0.0625], [""1-6-3"", 0.0529], [""1-4-3"", 0.051], [""1-2-6"", 0.0503], [""1-2-4"", 0.0488], [""1-6-2"", 0.0444]]",2,30.4,"[[""2-1-3"", 0.0131]]","[[""1-4-2"", 0.0428], [""1-3-5"", 0.0355], [""1-2-5"", 0.0277], [""1-6-4"", 0.0271]]",,,False,True,0.8201,強,"{""逃げ"": 66.7, ""まくり"": 10.7, ""まくり差し"": 9.4, ""差し"": 8.3, ""抜き"": 4.3, ""恵まれ"": 0.6}","[""0〜600円"", ""600〜740円"", ""740〜890円"", ""890〜1050円"", ""1050〜1220円"", ""1220〜1410円"", ""1410〜1630円"", ""1630〜1890円"", ""1890〜2200円"", ""2200〜2560円"", ""2560〜3020円"", ""3020〜3570円"", ""3570〜4280円"", ""4280〜5210円"", ""5210〜6480円"", ""6480〜8300円"", ""8300〜11200円"", ""11200〜16230円"", ""16230〜28240円"", ""28240円〜""]","[7.0, 6.7, 6.4, 6.4, 5.8, 5.1, 4.3, 5.5, 4.7, 4.6, 4.9, 3.8, 3.9, 4.0, 4.7, 4.1, 3.5, 4.4, 5.0, 5.3]","[2.0, 1.7, 1.4, 1.4, 0.8, 0.1, -0.7, 0.5, -0.3, -0.4, -0.1, -1.2, -1.1, -1.0, -0.3, -0.9, -1.5, -0.6, 0.0, 0.3]"
20260912,05,8,1,58.2,"[[""1-3-2"", 0.1545], [""1-3-4"", 0.1626], [""1-3-5"", 0.0676], [""1-3-6"", 0.0196]]",3,30.8,"[[""3-1-2"", 0.0297], [""3-1-4"", 0.0313], [""3-1-5"", 0.013]]","[[""1-2-3"", 0.0908], [""1-4-3"", 0.0923], [""1-2-4"", 0.0363], [""1-4-2"", 0.0351]]",1-3,0.5225,True,True,0.8201,強,"{""逃げ"": 66.7, ""まくり"": 10.7, ""まくり差し"": 9.4, ""差し"": 8.3, ""抜き"": 4.3, ""恵まれ"": 0.6}","[""0〜600円"", ""600〜740円"", ""740〜890円"", ""890〜1050円"", ""1050〜1220円"", ""1220〜1410円"", ""1410〜1630円"", ""1630〜1890円"", ""1890〜2200円"", ""2200〜2560円"", ""2560〜3020円"", ""3020〜3570円"", ""3570〜4280円"", ""4280〜5210円"", ""5210〜6480円"", ""6480〜8300円"", ""8300〜11200円"", ""11200〜16230円"", ""16230〜28240円"", ""28240円〜""]","[7.0, 6.7, 6.4, 6.4, 5.8, 5.1, 4.3, 5.5, 4.7, 4.6, 4.9, 3.8, 3.9, 4.0, 4.7, 4.1, 3.5, 4.4, 5.0, 5.3]","[2.0, 1.7, 1.4, 1.4, 0.8, 0.1, -0.7, 0.5, -0.3, -0.4, -0.1, -1.2, -1.1, -1.0, -0.3, -0.9, -1.5, -0.6, 0.0, 0.3]"
20260912,05,9,1,74.3,"[[""1-2-3"", 0.0232], [""1-3-2"", 0.0231], [""1-2-6"", 0.0194], [""1-3-6"", 0.0189], [""1-6-2"", 0.017], [""1-6-3"", 0.0167], [""1-2-5"", 0.0148], [""1-3-5"", 0.0144], [""1-5-2"", 0.0123]]",3,22.5,"[[""3-1-2"", 0.0229], [""3-2-1"", 0.0227], [""3-1-6"", 0.0188], [""3-2-6"", 0.0184], [""3-6-1"", 0.0164], [""3-6-2"", 0.0162]]","[[""2-1-3"", 0.0231], [""2-3-1"", 0.0228], [""2-1-6"", 0.0193], [""2-3-6"", 0.0185]]",,,False,True,0.8201,弱,"{""逃げ"": 34.6, ""まくり"": 25.6, ""差し"": 17.9, ""まくり差し"": 13.6, ""抜き"": 7.5, ""恵まれ"": 0.9}","[""0〜600円"", ""600〜740円"", ""740〜890円"", ""890〜1050円"", ""1050〜1220円"", ""1220〜1410円"", ""1410〜1630円"", ""1630〜1890円"", ""1890〜2200円"", ""2200〜2560円"", ""2560〜3020円"", ""3020〜3570円"", ""3570〜4280円"", ""4280〜5210円"", ""5210〜6480円"", ""6480〜8300円"", ""8300〜11200円"", ""11200〜16230円"", ""16230〜28240円"", ""28240円〜""]","[0.7, 1.7, 1.9, 4.3, 3.4, 4.8, 5.1, 6.3, 6.4, 5.2, 6.5, 6.1, 6.2, 6.8, 6.7, 5.5, 6.0, 6.5, 5.5, 4.3]","[-4.3, -3.3, -3.1, -0.7, -1.6, -0.2, 0.1, 1.3, 1.4, 0.2, 1.5, 1.1, 1.2, 1.8, 1.7, 0.5, 1.0, 1.5, 0.5, -0.7]"
20260912,05,10,1,44.4,"[[""1-3-2"", 0.0618], [""1-3-4"", 0.0738], [""1-2-3"", 0.0535], [""1-4-3"", 0.0634], [""1-2-4"", 0.0458], [""1-4-2"", 0.0455], [""1-3-5"", 0.028], [""1-5-3"", 0.0199], [""1-2-5"", 0.0174]]",3,24.7,"[[""3-1-2"", 0.0344], [""3-1-4"", 0.041], [""3-1-5"", 0.0156]]","[[""2-1-3"", 0.0282], [""4-1-3"", 0.0333], [""2-1-4"", 0.0241], [""4-1-2"", 0.0239]]",,,False,True,0.8201,強,"{""逃げ"": 66.7, ""まくり"": 10.7, ""まくり差し"": 9.4, ""差し"": 8.3, ""抜き"": 4.3, ""恵まれ"": 0.6}","[""0〜600円"", ""600〜740円"", ""740〜890円"", ""890〜1050円"", ""1050〜1220円"", ""1220〜1410円"", ""1410〜1630円"", ""1630〜1890円"", ""1890〜2200円"", ""2200〜2560円"", ""2560〜3020円"", ""3020〜3570円"", ""3570〜4280円"", ""4280〜5210円"", ""5210〜6480円"", ""6480〜8300円"", ""8300〜11200円"", ""11200〜16230円"", ""16230〜28240円"", ""28240円〜""]","[7.0, 6.7, 6.4, 6.4, 5.8, 5.1, 4.3, 5.5, 4.7, 4.6, 4.9, 3.8, 3.9, 4.0, 4.7, 4.1, 3.5, 4.4, 5.0, 5.3]","[2.0, 1.7, 1.4, 1.4, 0.8, 0.1, -0.7, 0.5, -0.3, -0.4, -0.1, -1.2, -1.1, -1.0, -0.3, -0.9, -1.5, -0.6, 0.0, 0.3]"
20260912,05,11,1,57.2,"[[""1-2-3"", 0.0411], [""1-3-2"", 0.0403], [""1-2-4"", 0.0426], [""1-4-2"", 0.0397], [""1-3-4"", 0.0395], [""1-4-3"", 0.0375], [""1-2-6"", 0.0284], [""1-3-6"", 0.0263], [""1-6-2"", 0.0242]]",3,35.5,"[[""3-1-2"", 0.0217], [""3-1-4"", 0.0213], [""3-1-6"", 0.0142], [""3-1-5"", 0.0108]]","[[""2-1-3"", 0.0223], [""2-1-4"", 0.0232], [""1-6-3"", 0.0229], [""1-2-5"", 0.0216]]",,,False,True,0.8201,中,"{""逃げ"": 53.0, ""まくり"": 15.9, ""差し"": 13.0, ""まくり差し"": 11.6, ""抜き"": 5.6, ""恵まれ"": 0.9}","[""0〜600円"", ""600〜740円"", ""740〜890円"", ""890〜1050円"", ""1050〜1220円"", ""1220〜1410円"", ""1410〜1630円"", ""1630〜1890円"", ""1890〜2200円"", ""2200〜2560円"", ""2560〜3020円"", ""3020〜3570円"", ""3570〜4280円"", ""4280〜5210円"", ""5210〜6480円"", ""6480〜8300円"", ""8300〜11200円"", ""11200〜16230円"", ""16230〜28240円"", ""28240円〜""]","[3.6, 4.6, 5.7, 5.8, 5.1, 4.9, 5.0, 4.9, 5.2, 5.3, 4.9, 4.4, 5.1, 5.4, 5.8, 4.7, 4.4, 4.9, 4.6, 5.5]","[-1.4, -0.4, 0.7, 0.8, 0.1, -0.1, 0.0, -0.1, 0.2, 0.3, -0.1, -0.6, 0.1, 0.4, 0.8, -0.3, -0.6, -0.1, -0.4, 0.5]"
20260912,05,12,1,59.6,"[[""1-3-2"", 0.1125], [""1-2-3"", 0.0971], [""1-3-6"", 0.052], [""1-3-5"", 0.0456], [""1-3-4"", 0.0351], [""1-2-6"", 0.0343], [""1-2-5"", 0.0301], [""1-2-4"", 0.0231]]",3,31.8,"[[""3-1-2"", 0.042], [""3-1-6"", 0.0194], [""3-1-5"", 0.017], [""3-1-4"", 0.0131]]","[[""2-1-3"", 0.035], [""1-6-3"", 0.0353], [""1-5-3"", 0.0305], [""1-6-2"", 0.027]]",,,False,True,0.8201,強,"{""逃げ"": 66.7, ""まくり"": 10.7, ""まくり差し"": 9.4, ""差し"": 8.3, ""抜き"": 4.3, ""恵まれ"": 0.6}","[""0〜600円"", ""600〜740円"", ""740〜890円"", ""890〜1050円"", ""1050〜1220円"", ""1220〜1410円"", ""1410〜1630円"", ""1630〜1890円"", ""1890〜2200円"", ""2200〜2560円"", ""2560〜3020円"", ""3020〜3570円"", ""3570〜4280円"", ""4280〜5210円"", ""5210〜6480円"", ""6480〜8300円"", ""8300〜11200円"", ""11200〜16230円"", ""16230〜28240円"", ""28240円〜""]","[7.0, 6.7, 6.4, 6.4, 5.8, 5.1, 4.3, 5.5, 4.7, 4.6, 4.9, 3.8, 3.9, 4.0, 4.7, 4.1, 3.5, 4.4, 5.0, 5.3]","[2.0, 1.7, 1.4, 1.4, 0.8, 0.1, -0.7, 0.5, -0.3, -0.4, -0.1, -1.2, -1.1, -1.0, -0.3, -0.9, -1.5, -0.6, 0.0, 0.3]"
20260912,06,1,1,48.0,"[[""1-2-5"", 0.0698], [""1-2-3"", 0.0824], [""1-2-4"", 0.0661]]",2,23.4,"[[""2-1-5"", 0.0526], [""2-1-3"", 0.0621], [""2-1-4"", 0.0499]]","[[""1-5-2"", 0.0396], [""1-3-2"", 0.046], [""1-4-2"", 0.0356], [""5-1-2"", 0.0235]]",1-2,0.4287,False,False,0.7852,弱,"{""逃げ"": 34.1, ""差し"": 18.5, ""まくり"": 19.8, ""まくり差し"": 18.7, ""抜き"": 7.8, ""恵まれ"": 1.1}","[""0〜600円"", ""600〜740円"", ""740〜890円"", ""890〜1050円"", ""1050〜1220円"", ""1220〜1410円"", ""1410〜1630円"", ""1630〜1890円"", ""1890〜2200円"", ""2200〜2560円"", ""2560〜3020円"", ""3020〜3570円"", ""3570〜4280円"", ""4280〜5210円"", ""5210〜6480円"", ""6480〜8300円"", ""8300〜11200円"", ""11200〜16230円"", ""16230〜28240円"", ""28240円〜""]","[0.9, 1.3, 3.0, 3.3, 4.7, 4.3, 4.7, 4.9, 6.1, 6.0, 5.3, 7.1, 6.6, 6.1, 7.1, 6.9, 5.5, 6.4, 5.6, 4.2]","[-4.1, -3.7, -2.0, -1.7, -0.3, -0.7, -0.3, -0.1, 1.1, 1.0, 0.3, 2.1, 1.6, 1.1, 2.1, 1.9, 0.5, 1.4, 0.6, -0.8]"
20260912,06,2,1,66.7,"[[""1-3-6"", 0.0361], [""1-6-3"", 0.0299], [""1-3-2"", 0.0333], [""1-3-4"", 0.0313], [""1-2-3"", 0.0254], [""1-4-3"", 0.0236], [""1-3-5"", 0.0191], [""1-6-2"", 0.0173], [""1-6-4"", 0.0162]]",3,29.8,"[[""3-1-6"", 0.0301], [""3-1-2"", 0.0277], [""3-1-4"", 0.0261], [""3-1-5"", 0.0159]]","[[""6-1-3"", 0.0224], [""3-6-1"", 0.0198], [""6-3-1"", 0.0178], [""2-1-3"", 0.0182]]",,,False,False,0.7852,弱,"{""逃げ"": 34.1, ""差し"": 18.5, ""まくり"": 19.8, ""まくり差し"": 18.7, ""抜き"": 7.8, ""恵まれ"": 1.1}","[""0〜600円"", ""600〜740円"", ""740〜890円"", ""890〜1050円"", ""1050〜1220円"", ""1220〜1410円"", ""1410〜1630円"", ""1630〜1890円"", ""1890〜2200円"", ""2200〜2560円"", ""2560〜3020円"", ""3020〜3570円"", ""3570〜4280円"", ""4280〜5210円"", ""5210〜6480円"", ""6480〜8300円"", ""8300〜11200円"", ""11200〜16230円"", ""16230〜28240円"", ""28240円〜""]","[0.9, 1.3, 3.0, 3.3, 4.7, 4.3, 4.7, 4.9, 6.1, 6.0, 5.3, 7.1, 6.6, 6.1, 7.1, 6.9, 5.5, 6.4, 5.6, 4.2]","[-4.1, -3.7, -2.0, -1.7, -0.3, -0.7, -0.3, -0.1, 1.1, 1.0, 0.3, 2.1, 1.6, 1.1, 2.1, 1.9, 0.5, 1.4, 0.6, -0.8]"
20260912,06,3,1,50.0,"[[""1-3-6"", 0.0273], [""1-6-3"", 0.0249], [""1-3-4"", 0.0252], [""1-4-3"", 0.0211], [""1-3-2"", 0.0192], [""1-6-4"", 0.0183], [""1-4-6"", 0.0167], [""1-3-5"", 0.0164], [""1-2-3"", 0.0153]]",3,26.2,"[[""3-1-6"", 0.0243], [""3-6-1"", 0.0191], [""3-1-4"", 0.0224], [""3-1-2"", 0.0171], [""3-4-1"", 0.0163], [""3-1-5"", 0.0146]]","[[""6-1-3"", 0.021], [""6-3-1"", 0.018], [""4-1-3"", 0.0168], [""6-1-4"", 0.0154]]",,,False,False,0.7852,弱,"{""逃げ"": 34.1, ""差し"": 18.5, ""まくり"": 19.8, ""まくり差し"": 18.7, ""抜き"": 7.8, ""恵まれ"": 1.1}","[""0〜600円"", ""600〜740円"", ""740〜890円"", ""890〜1050円"", ""1050〜1220円"", ""1220〜1410円"", ""1410〜1630円"", ""1630〜1890円"", ""1890〜2200円"", ""2200〜2560円"", ""2560〜3020円"", ""3020〜3570円"", ""3570〜4280円"", ""4280〜5210円"", ""5210〜6480円"", ""6480〜8300円"", ""8300〜11200円"", ""11200〜16230円"", ""16230〜28240円"", ""28240円〜""]","[0.9, 1.3, 3.0, 3.3, 4.7, 4.3, 4.7, 4.9, 6.1, 6.0, 5.3, 7.1, 6.6, 6.1, 7.1, 6.9, 5.5, 6.4, 5.6, 4.2]","[-4.1, -3.7, -2.0, -1.7, -0.3, -0.7, -0.3, -0.1, 1.1, 1.0, 0.3, 2.1, 1.6, 1.1, 2.1, 1.9, 0.5, 1.4, 0.6, -0.8]"
20260912,06,4,1,49.4,"[[""1-2-5"", 0.0693], [""1-2-3"", 0.0865], [""1-5-2"", 0.0604], [""1-3-2"", 0.0749], [""1-2-4"", 0.055], [""1-5-3"", 0.0526], [""1-3-5"", 0.0523], [""1-4-2"", 0.043], [""1-5-4"", 0.0335]]",2,20.3,"[[""2-1-5"", 0.0162], [""2-1-3"", 0.0202], [""2-1-4"", 0.0128]]","[[""1-3-4"", 0.0326], [""1-4-5"", 0.0301], [""1-4-3"", 0.0294], [""1-2-6"", 0.028]]",,,False,False,0.7852,強,"{""逃げ"": 64.3, ""まくり差し"": 12.6, ""まくり"": 9.0, ""差し"": 6.9, ""抜き"": 6.0, ""恵まれ"": 1.2}","[""0〜600円"", ""600〜740円"", ""740〜890円"", ""890〜1050円"", ""1050〜1220円"", ""1220〜1410円"", ""1410〜1630円"", ""1630〜1890円"", ""1890〜2200円"", ""2200〜2560円"", ""2560〜3020円"", ""3020〜3570円"", ""3570〜4280円"", ""4280〜5210円"", ""5210〜6480円"", ""6480〜8300円"", ""8300〜11200円"", ""11200〜16230円"", ""16230〜28240円"", ""28240円〜""]","[7.5, 6.7, 6.4, 6.3, 6.0, 5.3, 4.4, 5.3, 4.2, 5.3, 4.6, 4.0, 4.1, 4.0, 4.5, 3.4, 3.9, 4.0, 4.3, 6.0]","[2.5, 1.7, 1.4, 1.3, 1.0, 0.3, -0.6, 0.3, -0.8, 0.3, -0.4, -1.0, -0.9, -1.0, -0.5, -1.6, -1.1, -1.0, -0.7, 1.0]"
20260912,06,5,1,48.2,"[[""1-5-3"", 0.0666], [""1-5-4"", 0.0731], [""1-3-5"", 0.056], [""1-4-5"", 0.0589], [""1-5-2"", 0.0476], [""1-3-4"", 0.0409], [""1-4-3"", 0.0392], [""1-2-5"", 0.0352], [""1-3-2"", 0.0267]]",5,27.3,"[[""5-1-3"", 0.0287], [""5-1-4"", 0.0316], [""5-1-2"", 0.0206]]","[[""3-1-5"", 0.023], [""4-1-5"", 0.0239], [""1-2-3"", 0.0234], [""1-4-2"", 0.022]]",,,False,False,0.7852,強,"{""逃げ"": 64.3, ""まくり差し"": 12.6, ""まくり"": 9.0, ""差し"": 6.9, ""抜き"": 6.0, ""恵まれ"": 1.2}","[""0〜600円"", ""600〜740円"", ""740〜890円"", ""890〜1050円"", ""1050〜1220円"", ""1220〜1410円"", ""1410〜1630円"", ""1630〜1890円"", ""1890〜2200円"", ""2200〜2560円"", ""2560〜3020円"", ""3020〜3570円"", ""3570〜4280円"", ""4280〜5210円"", ""5210〜6480円"", ""6480〜8300円"", ""8300〜11200円"", ""11200〜16230円"", ""16230〜28240円"", ""28240円〜""]","[7.5, 6.7, 6.4, 6.3, 6.0, 5.3, 4.4, 5.3, 4.2, 5.3, 4.6, 4.0, 4.1, 4.0, 4.5, 3.4, 3.9, 4.0, 4.3, 6.0]","[2.5, 1.7, 1.4, 1.3, 1.0, 0.3, -0.6, 0.3, -0.8, 0.3, -0.4, -1.0, -0.9, -1.0, -0.5, -1.6, -1.1, -1.0, -0.7, 1.0]"
20260912,06,6,3,57.3,"[[""3-1-4"", 0.0491], [""3-4-1"", 0.0479], [""3-1-6"", 0.0505], [""3-4-6"", 0.0467], [""3-6-1"", 0.0453], [""3-6-4"", 0.043], [""3-1-2"", 0.0215], [""3-4-2"", 0.0199], [""3-2-1"", 0.0162]]",1,33.3,"[[""1-3-4"", 0.0354], [""1-3-6"", 0.0364], [""1-3-2"", 0.0155]]","[[""4-3-1"", 0.0341], [""4-3-6"", 0.0333], [""6-3-1"", 0.031], [""6-3-4"", 0.0294]]",,,False,False,0.7852,強,"{""逃げ"": 64.3, ""まくり差し"": 12.6, ""まくり"": 9.0, ""差し"": 6.9, ""抜き"": 6.0, ""恵まれ"": 1.2}","[""0〜600円"", ""600〜740円"", ""740〜890円"", ""890〜1050円"", ""1050〜1220円"", ""1220〜1410円"", ""1410〜1630円"", ""1630〜1890円"", ""1890〜2200円"", ""2200〜2560円"", ""2560〜3020円"", ""3020〜3570円"", ""3570〜4280円"", ""4280〜5210円"", ""5210〜6480円"", ""6480〜8300円"", ""8300〜11200円"", ""11200〜16230円"", ""16230〜28240円"", ""28240円〜""]","[7.5, 6.7, 6.4, 6.3, 6.0, 5.3, 4.4, 5.3, 4.2, 5.3, 4.6, 4.0, 4.1, 4.0, 4.5, 3.4, 3.9, 4.0, 4.3, 6.0]","[2.5, 1.7, 1.4, 1.3, 1.0, 0.3, -0.6, 0.3, -0.8, 0.3, -0.4, -1.0, -0.9, -1.0, -0.5, -1.6, -1.1, -1.0, -0.7, 1.0]"
20260912,06,7,2,53.1,"[[""2-1-4"", 0.0208], [""2-1-3"", 0.0258], [""2-4-1"", 0.0202], [""2-3-1"", 0.0249], [""2-4-3"", 0.023], [""2-3-4"", 0.0228], [""2-1-6"", 0.0206], [""2-6-1"", 0.0186], [""2-4-6"", 0.0183]]",1,,"[[""1-2-4"", 0.0178], [""1-2-3"", 0.0222], [""1-4-2"", 0.0142], [""1-2-6"", 0.0177], [""1-3-2"", 0.0175], [""1-6-2"", 0.0133]]","[[""4-2-1"", 0.017], [""3-2-1"", 0.0208], [""4-2-3"", 0.0194], [""3-2-4"", 0.0191]]",,,False,False,0.7852,強,"{""逃げ"": 64.3, ""まくり差し"": 12.6, ""まくり"": 9.0, ""差し"": 6.9, ""抜き"": 6.0, ""恵まれ"": 1.2}","[""0〜600円"", ""600〜740円"", ""740〜890円"", ""890〜1050円"", ""1050〜1220円"", ""1220〜1410円"", ""1410〜1630円"", ""1630〜1890円"", ""1890〜2200円"", ""2200〜2560円"", ""2560〜3020円"", ""3020〜3570円"", ""3570〜4280円"", ""4280〜5210円"", ""5210〜6480円"", ""6480〜8300円"", ""8300〜11200円"", ""11200〜16230円"", ""16230〜28240円"", ""28240円〜""]","[7.5, 6.7, 6.4, 6.3, 6.0, 5.3, 4.4, 5.3, 4.2, 5.3, 4.6, 4.0, 4.1, 4.0, 4.5, 3.4, 3.9, 4.0, 4.3, 6.0]","[2.5, 1.7, 1.4, 1.3, 1.0, 0.3, -0.6, 0.3, -0.8, 0.3, -0.4, -1.0, -0.9, -1.0, -0.5, -1.6, -1.1, -1.0, -0.7, 1.0]"
20260912,06,8,1,44.7,"[[""1-4-3"", 0.1108], [""1-4-2"", 0.1001], [""1-4-5"", 0.0804], [""1-4-6"", 0.0444]]",4,37.1,"[[""4-1-3"", 0.0721], [""4-1-2"", 0.0651], [""4-1-5"", 0.0523], [""4-1-6"", 0.0289]]","[[""1-3-4"", 0.042], [""1-2-4"", 0.0364], [""1-5-4"", 0.0287], [""3-1-4"", 0.0202]]",1-4,0.6041,True,False,0.7852,中,"{""逃げ"": 50.7, ""まくり差し"": 15.3, ""まくり"": 14.5, ""差し"": 11.5, ""抜き"": 6.6, ""恵まれ"": 1.5}","[""0〜600円"", ""600〜740円"", ""740〜890円"", ""890〜1050円"", ""1050〜1220円"", ""1220〜1410円"", ""1410〜1630円"", ""1630〜1890円"", ""1890〜2200円"", ""2200〜2560円"", ""2560〜3020円"", ""3020〜3570円"", ""3570〜4280円"", ""4280〜5210円"", ""5210〜6480円"", ""6480〜8300円"", ""8300〜11200円"", ""11200〜16230円"", ""16230〜28240円"", ""28240円〜""]","[4.3, 4.7, 5.0, 4.4, 5.7, 5.9, 5.1, 5.3, 5.3, 4.7, 4.6, 4.4, 5.3, 4.9, 4.3, 5.4, 4.8, 5.7, 5.0, 5.3]","[-0.7, -0.3, -0.0, -0.6, 0.7, 0.9, 0.1, 0.3, 0.3, -0.3, -0.4, -0.6, 0.3, -0.1, -0.7, 0.4, -0.2, 0.7, -0.0, 0.3]"
20260912,06,9,3,52.8,"[[""3-1-2"", 0.0461], [""3-1-4"", 0.0446], [""3-1-5"", 0.0375], [""3-1-6"", 0.0287]]",1,26.1,"[[""1-3-2"", 0.0392], [""1-3-4"", 0.038], [""1-3-5"", 0.0319], [""1-3-6"", 0.0244]]","[[""3-2-1"", 0.0319], [""3-4-1"", 0.0295], [""2-3-1"", 0.0224], [""1-2-3"", 0.0223]]",1-3,0.3093,False,True,0.8201,強,"{""逃げ"": 64.3, ""まくり差し"": 12.6, ""まくり"": 9.0, ""差し"": 6.9, ""抜き"": 6.0, ""恵まれ"": 1.2}","[""0〜600円"", ""600〜740円"", ""740〜890円"", ""890〜1050円"", ""1050〜1220円"", ""1220〜1410円"", ""1410〜1630円"", ""1630〜1890円"", ""1890〜2200円"", ""2200〜2560円"", ""2560〜3020円"", ""3020〜3570円"", ""3570〜4280円"", ""4280〜5210円"", ""5210〜6480円"", ""6480〜8300円"", ""8300〜11200円"", ""11200〜16230円"", ""16230〜28240円"", ""28240円〜""]","[7.5, 6.7, 6.4, 6.3, 6.0, 5.3, 4.4, 5.3, 4.2, 5.3, 4.6, 4.0, 4.1, 4.0, 4.5, 3.4, 3.9, 4.0, 4.3, 6.0]","[2.5, 1.7, 1.4, 1.3, 1.0, 0.3, -0.6, 0.3, -0.8, 0.3, -0.4, -1.0, -0.9, -1.0, -0.5, -1.6, -1.1, -1.0, -0.7, 1.0]"
20260912,06,10,1,52.4,"[[""1-2-3"", 0.0683], [""1-2-4"", 0.0581], [""1-2-5"", 0.0495], [""1-2-6"", 0.0377]]",2,27.8,"[[""2-1-3"", 0.0534], [""2-1-4"", 0.0454], [""2-1-5"", 0.0387], [""2-1-6"", 0.0295]]","[[""1-3-2"", 0.0401], [""1-4-2"", 0.032], [""3-1-2"", 0.0248], [""2-3-1"", 0.0234]]",1-2,0.4073,False,True,0.8201,中,"{""逃げ"": 50.7, ""まくり差し"": 15.3, ""まくり"": 14.5, ""差し"": 11.5, ""抜き"": 6.6, ""恵まれ"": 1.5}","[""0〜600円"", ""600〜740円"", ""740〜890円"", ""890〜1050円"", ""1050〜1220円"", ""1220〜1410円"", ""1410〜1630円"", ""1630〜1890円"", ""1890〜2200円"", ""2200〜2560円"", ""2560〜3020円"", ""3020〜3570円"", ""3570〜4280円"", ""4280〜5210円"", ""5210〜6480円"", ""6480〜8300円"", ""8300〜11200円"", ""11200〜16230円"", ""16230〜28240円"", ""28240円〜""]","[4.3, 4.7, 5.0, 4.4, 5.7, 5.9, 5.1, 5.3, 5.3, 4.7, 4.6, 4.4, 5.3, 4.9, 4.3, 5.4, 4.8, 5.7, 5.0, 5.3]","[-0.7, -0.3, -0.0, -0.6, 0.7, 0.9, 0.1, 0.3, 0.3, -0.3, -0.4, -0.6, 0.3, -0.1, -0.7, 0.4, -0.2, 0.7, -0.0, 0.3]"
20260912,06,11,1,53.1,"[[""1-3-4"", 0.0999], [""1-3-2"", 0.0818], [""1-3-6"", 0.037], [""1-3-5"", 0.0306]]",3,24.6,"[[""3-1-4"", 0.0548], [""3-1-2"", 0.0449], [""3-1-6"", 0.0203], [""3-1-5"", 0.0168]]","[[""1-4-3"", 0.0669], [""1-2-3"", 0.0494], [""4-1-3"", 0.0323], [""1-4-2"", 0.0265]]",1-3,0.4284,False,False,0.7852,強,"{""逃げ"": 64.3, ""まくり差し"": 12.6, ""まくり"": 9.0, ""差し"": 6.9, ""抜き"": 6.0, ""恵まれ"": 1.2}","[""0〜600円"", ""600〜740円"", ""740〜890円"", ""890〜1050円"", ""1050〜1220円"", ""1220〜1410円"", ""1410〜1630円"", ""1630〜1890円"", ""1890〜2200円"", ""2200〜2560円"", ""2560〜3020円"", ""3020〜3570円"", ""3570〜4280円"", ""4280〜5210円"", ""5210〜6480円"", ""6480〜8300円"", ""8300〜11200円"", ""11200〜16230円"", ""16230〜28240円"", ""28240円〜""]","[7.5, 6.7, 6.4, 6.3, 6.0, 5.3, 4.4, 5.3, 4.2, 5.3, 4.6, 4.0, 4.1, 4.0, 4.5, 3.4, 3.9, 4.0, 4.3, 6.0]","[2.5, 1.7, 1.4, 1.3, 1.0, 0.3, -0.6, 0.3, -0.8, 0.3, -0.4, -1.0, -0.9, -1.0, -0.5, -1.6, -1.1, -1.0, -0.7, 1.0]"
20260912,06,12,1,43.9,"[[""1-4-2"", 0.0621], [""1-2-4"", 0.0558], [""1-4-5"", 0.0527], [""1-4-6"", 0.0526], [""1-5-4"", 0.0427], [""1-6-4"", 0.0427], [""1-4-3"", 0.036], [""1-2-5"", 0.036], [""1-2-6"", 0.036]]",4,21.2,"[[""4-1-2"", 0.0216], [""4-1-5"", 0.0183], [""4-1-6"", 0.0183], [""4-1-3"", 0.0125]]","[[""1-5-2"", 0.0325], [""1-6-2"", 0.0325], [""1-3-4"", 0.0275], [""1-2-3"", 0.0246]]",,,False,False,0.7852,強,"{""逃げ"": 64.3, ""まくり差し"": 12.6, ""まくり"": 9.0, ""差し"": 6.9, ""抜き"": 6.0, ""恵まれ"": 1.2}","[""0〜600円"", ""600〜740円"", ""740〜890円"", ""890〜1050円"", ""1050〜1220円"", ""1220〜1410円"", ""1410〜1630円"", ""1630〜1890円"", ""1890〜2200円"", ""2200〜2560円"", ""2560〜3020円"", ""3020〜3570円"", ""3570〜4280円"", ""4280〜5210円"", ""5210〜6480円"", ""6480〜8300円"", ""8300〜11200円"", ""11200〜16230円"", ""16230〜28240円"", ""28240円〜""]","[7.5, 6.7, 6.4, 6.3, 6.0, 5.3, 4.4, 5.3, 4.2, 5.3, 4.6, 4.0, 4.1, 4.0, 4.5, 3.4, 3.9, 4.0, 4.3, 6.0]","[2.5, 1.7, 1.4, 1.3, 1.0, 0.3, -0.6, 0.3, -0.8, 0.3, -0.4, -1.0, -0.9, -1.0, -0.5, -1.6, -1.1, -1.0, -0.7, 1.0]"
20260912,08,1,1,46.0,"[[""1-2-3"", 0.0885], [""1-2-5"", 0.094], [""1-2-4"", 0.0753], [""1-2-6"", 0.0665]]",2,,"[[""2-1-3"", 0.0152], [""2-1-5"", 0.0162], [""2-1-4"", 0.0129], [""2-1-6"", 0.0114]]","[[""1-3-2"", 0.0641], [""1-5-2"", 0.0662], [""1-4-2"", 0.0511], [""1-6-2"", 0.0444]]",1-2,0.4028,False,True,0.8201,中,"{""逃げ"": 55.5, ""まくり"": 15.3, ""まくり差し"": 12.0, ""差し"": 10.0, ""抜き"": 6.3, ""恵まれ"": 1.0}","[""0〜600円"", ""600〜740円"", ""740〜890円"", ""890〜1050円"", ""1050〜1220円"", ""1220〜1410円"", ""1410〜1630円"", ""1630〜1890円"", ""1890〜2200円"", ""2200〜2560円"", ""2560〜3020円"", ""3020〜3570円"", ""3570〜4280円"", ""4280〜5210円"", ""5210〜6480円"", ""6480〜8300円"", ""8300〜11200円"", ""11200〜16230円"", ""16230〜28240円"", ""28240円〜""]","[4.7, 5.4, 6.1, 5.6, 5.9, 5.2, 4.7, 5.9, 5.0, 5.0, 5.2, 4.9, 5.4, 4.8, 4.1, 4.5, 3.6, 4.5, 4.3, 5.1]","[-0.3, 0.4, 1.1, 0.6, 0.9, 0.2, -0.3, 0.9, 0.0, 0.0, 0.2, -0.1, 0.4, -0.2, -0.9, -0.5, -1.4, -0.5, -0.7, 0.1]"
20260912,08,2,1,50.0,"[[""1-3-2"", 0.0995], [""1-3-5"", 0.0452], [""1-3-6"", 0.0334]]",3,27.5,"[[""3-1-2"", 0.0603], [""3-1-5"", 0.0274], [""3-1-6"", 0.0203]]","[[""1-2-3"", 0.0898], [""2-1-3"", 0.0524], [""1-2-5"", 0.0344], [""3-2-1"", 0.0274]]",1-3,0.3362,False,True,0.8201,弱,"{""逃げ"": 36.3, ""まくり"": 23.4, ""差し"": 17.4, ""まくり差し"": 15.0, ""抜き"": 7.0, ""恵まれ"": 1.0}","[""0〜600円"", ""600〜740円"", ""740〜890円"", ""890〜1050円"", ""1050〜1220円"", ""1220〜1410円"", ""1410〜1630円"", ""1630〜1890円"", ""1890〜2200円"", ""2200〜2560円"", ""2560〜3020円"", ""3020〜3570円"", ""3570〜4280円"", ""4280〜5210円"", ""5210〜6480円"", ""6480〜8300円"", ""8300〜11200円"", ""11200〜16230円"", ""16230〜28240円"", ""28240円〜""]","[1.2, 1.8, 3.3, 3.5, 3.7, 4.4, 5.2, 5.8, 6.4, 6.7, 6.0, 5.5, 6.1, 6.7, 6.3, 6.0, 7.0, 5.8, 4.9, 3.9]","[-3.8, -3.2, -1.7, -1.5, -1.3, -0.6, 0.2, 0.8, 1.4, 1.7, 1.0, 0.5, 1.1, 1.7, 1.3, 1.0, 2.0, 0.8, -0.1, -1.1]"
20260912,08,3,1,,"[[""1-5-3"", 0.0875], [""1-5-2"", 0.0841], [""1-5-6"", 0.0781], [""1-5-4"", 0.0333]]",5,25.2,"[[""5-1-3"", 0.0526], [""5-1-2"", 0.0506], [""5-1-6"", 0.047], [""5-1-4"", 0.02]]","[[""1-3-5"", 0.0461], [""1-2-5"", 0.0422], [""1-6-5"", 0.0388], [""3-1-5"", 0.0224]]",1-5,0.4915,False,False,0.7852,弱,"{""逃げ"": 36.3, ""まくり"": 23.4, ""差し"": 17.4, ""まくり差し"": 15.0, ""抜き"": 7.0, ""恵まれ"": 1.0}","[""0〜600円"", ""600〜740円"", ""740〜890円"", ""890〜1050円"", ""1050〜1220円"", ""1220〜1410円"", ""1410〜1630円"", ""1630〜1890円"", ""1890〜2200円"", ""2200〜2560円"", ""2560〜3020円"", ""3020〜3570円"", ""3570〜4280円"", ""4280〜5210円"", ""5210〜6480円"", ""6480〜8300円"", ""8300〜11200円"", ""11200〜16230円"", ""16230〜28240円"", ""28240円〜""]","[1.2, 1.8, 3.3, 3.5, 3.7, 4.4, 5.2, 5.8, 6.4, 6.7, 6.0, 5.5, 6.1, 6.7, 6.3, 6.0, 7.0, 5.8, 4.9, 3.9]","[-3.8, -3.2, -1.7, -1.5, -1.3, -0.6, 0.2, 0.8, 1.4, 1.7, 1.0, 0.5, 1.1, 1.7, 1.3, 1.0, 2.0, 0.8, -0.1, -1.1]"
20260912,08,4,1,55.6,"[[""1-5-2"", 0.0682], [""1-5-4"", 0.0709], [""1-5-3"", 0.0478]]",5,21.5,"[[""5-1-2"", 0.05], [""5-1-4"", 0.052], [""5-1-3"", 0.035]]","[[""1-2-5"", 0.0469], [""1-4-5"", 0.0463], [""2-1-5"", 0.0292], [""5-2-1"", 0.0234]]",1-5,0.3649,False,False,0.7852,弱,"{""逃げ"": 36.3, ""まくり"": 23.4, ""差し"": 17.4, ""まくり差し"": 15.0, ""抜き"": 7.0, ""恵まれ"": 1.0}","[""0〜600円"", ""600〜740円"", ""740〜890円"", ""890〜1050円"", ""1050〜1220円"", ""1220〜1410円"", ""1410〜1630円"", ""1630〜1890円"", ""1890〜2200円"", ""2200〜2560円"", ""2560〜3020円"", ""3020〜3570円"", ""3570〜4280円"", ""4280〜5210円"", ""5210〜6480円"", ""6480〜8300円"", ""8300〜11200円"", ""11200〜16230円"", ""16230〜28240円"", ""28240円〜""]","[1.2, 1.8, 3.3, 3.5, 3.7, 4.4, 5.2, 5.8, 6.4, 6.7, 6.0, 5.5, 6.1, 6.7, 6.3, 6.0, 7.0, 5.8, 4.9, 3.9]","[-3.8, -3.2, -1.7, -1.5, -1.3, -0.6, 0.2, 0.8, 1.4, 1.7, 1.0, 0.5, 1.1, 1.7, 1.3, 1.0, 2.0, 0.8, -0.1, -1.1]"
20260912,08,5,4,47.5,"[[""4-3-2"", 0.0253], [""4-2-3"", 0.0221], [""4-3-1"", 0.0275], [""4-3-6"", 0.0242], [""4-1-3"", 0.0231], [""4-6-3"", 0.0198], [""4-2-1"", 0.0167], [""4-1-2"", 0.0161], [""4-2-6"", 0.0147]]",2,47.0,"[[""2-4-3"", 0.0181], [""2-3-4"", 0.0155], [""2-4-1"", 0.0137], [""2-4-6"", 0.012], [""2-1-4"", 0.0103]]","[[""3-4-2"", 0.0224], [""3-4-1"", 0.0245], [""3-2-4"", 0.0169], [""3-4-6"", 0.0215]]",,,False,False,0.7852,強,"{""逃げ"": 69.9, ""まくり"": 10.3, ""まくり差し"": 8.5, ""差し"": 5.5, ""抜き"": 4.9, ""恵まれ"": 1.0}","[""0〜600円"", ""600〜740円"", ""740〜890円"", ""890〜1050円"", ""1050〜1220円"", ""1220〜1410円"", ""1410〜1630円"", ""1630〜1890円"", ""1890〜2200円"", ""2200〜2560円"", ""2560〜3020円"", ""3020〜3570円"", ""3570〜4280円"", ""4280〜5210円"", ""5210〜6480円"", ""6480〜8300円"", ""8300〜11200円"", ""11200〜16230円"", ""16230〜28240円"", ""28240円〜""]","[8.5, 8.2, 6.9, 6.8, 6.4, 5.8, 5.2, 5.5, 4.0, 4.9, 4.5, 4.2, 3.7, 3.7, 2.8, 3.3, 3.3, 3.9, 3.6, 4.9]","[3.5, 3.2, 1.9, 1.8, 1.4, 0.8, 0.2, 0.5, -1.0, -0.1, -0.5, -0.8, -1.3, -1.3, -2.2, -1.7, -1.7, -1.1, -1.4, -0.1]"
20260912,08,6,1,37.1,"[[""1-5-3"", 0.0845], [""1-5-4"", 0.0998], [""1-3-5"", 0.0724], [""1-4-5"", 0.0834], [""1-3-4"", 0.0607], [""1-4-3"", 0.0592], [""1-5-2"", 0.0508], [""1-2-5"", 0.0368], [""1-3-2"", 0.0309]]",5,33.9,"[[""5-1-3"", 0.0258], [""5-1-4"", 0.0305], [""5-1-2"", 0.0155]]","[[""1-4-2"", 0.028], [""3-1-5"", 0.0214], [""1-2-3"", 0.0261], [""4-1-5"", 0.0246]]",,,False,False,0.7852,強,"{""逃げ"": 69.9, ""まくり"": 10.3, ""まくり差し"": 8.5, ""差し"": 5.5, ""抜き"": 4.9, ""恵まれ"": 1.0}","[""0〜600円"", ""600〜740円"", ""740〜890円"", ""890〜1050円"", ""1050〜1220円"", ""1220〜1410円"", ""1410〜1630円"", ""1630〜1890円"", ""1890〜2200円"", ""2200〜2560円"", ""2560〜3020円"", ""3020〜3570円"", ""3570〜4280円"", ""4280〜5210円"", ""5210〜6480円"", ""6480〜8300円"", ""8300〜11200円"", ""11200〜16230円"", ""16230〜28240円"", ""28240円〜""]","[8.5, 8.2, 6.9, 6.8, 6.4, 5.8, 5.2, 5.5, 4.0, 4.9, 4.5, 4.2, 3.7, 3.7, 2.8, 3.3, 3.3, 3.9, 3.6, 4.9]","[3.5, 3.2, 1.9, 1.8, 1.4, 0.8, 0.2, 0.5, -1.0, -0.1, -0.5, -0.8, -1.3, -1.3, -2.2, -1.7, -1.7, -1.1, -1.4, -0.1]"
20260912,08,7,1,45.2,"[[""1-3-2"", 0.0674], [""1-3-6"", 0.0689], [""1-2-3"", 0.0521], [""1-3-4"", 0.0633], [""1-6-3"", 0.0512], [""1-4-3"", 0.0462], [""1-3-5"", 0.0332], [""1-2-6"", 0.0283], [""1-6-2"", 0.0272]]",3,,"[[""3-1-2"", 0.0278], [""3-1-6"", 0.0284], [""3-1-4"", 0.0261], [""3-1-5"", 0.0137]]","[[""1-2-4"", 0.026], [""1-4-2"", 0.0246], [""2-1-3"", 0.02], [""1-5-3"", 0.0223]]",,,False,True,0.8201,中,"{""逃げ"": 55.5, ""まくり"": 15.3, ""まくり差し"": 12.0, ""差し"": 10.0, ""抜き"": 6.3, ""恵まれ"": 1.0}","[""0〜600円"", ""600〜740円"", ""740〜890円"", ""890〜1050円"", ""1050〜1220円"", ""1220〜1410円"", ""1410〜1630円"", ""1630〜1890円"", ""1890〜2200円"", ""2200〜2560円"", ""2560〜3020円"", ""3020〜3570円"", ""3570〜4280円"", ""4280〜5210円"", ""5210〜6480円"", ""6480〜8300円"", ""8300〜11200円"", ""11200〜16230円"", ""16230〜28240円"", ""28240円〜""]","[4.7, 5.4, 6.1, 5.6, 5.9, 5.2, 4.7, 5.9, 5.0, 5.0, 5.2, 4.9, 5.4, 4.8, 4.1, 4.5, 3.6, 4.5, 4.3, 5.1]","[-0.3, 0.4, 1.1, 0.6, 0.9, 0.2, -0.3, 0.9, 0.0, 0.0, 0.2, -0.1, 0.4, -0.2, -0.9, -0.5, -1.4, -0.5, -0.7, 0.1]"
20260912,08,8,5,50.7,"[[""5-2-3"", 0.0314], [""5-3-2"", 0.0285], [""5-2-1"", 0.0225], [""5-2-4"", 0.0198], [""5-1-2"", 0.0175], [""5-3-1"", 0.0164], [""5-4-2"", 0.015], [""5-3-4"", 0.0144], [""5-1-3"", 0.014]]",2,36.4,"[[""2-5-3"", 0.0305], [""2-3-5"", 0.0266], [""2-5-1"", 0.0219], [""2-5-4"", 0.0193], [""2-1-5"", 0.0164], [""2-4-5"", 0.0141]]","[[""3-5-2"", 0.0259], [""3-2-5"", 0.0249], [""3-5-1"", 0.0149], [""1-5-2"", 0.0143]]",,,False,False,0.7852,強,"{""逃げ"": 69.9, ""まくり"": 10.3, ""まくり差し"": 8.5, ""差し"": 5.5, ""抜き"": 4.9, ""恵まれ"": 1.0}","[""0〜600円"", ""600〜740円"", ""740〜890円"", ""890〜1050円"", ""1050〜1220円"", ""1220〜1410円"", ""1410〜1630円"", ""1630〜1890円"", ""1890〜2200円"", ""2200〜2560円"", ""2560〜3020円"", ""3020〜3570円"", ""3570〜4280円"", ""4280〜5210円"", ""5210〜6480円"", ""6480〜8300円"", ""8300〜11200円"", ""11200〜16230円"", ""16230〜28240円"", ""28240円〜""]","[8.5, 8.2, 6.9, 6.8, 6.4, 5.8, 5.2, 5.5, 4.0, 4.9, 4.5, 4.2, 3.7, 3.7, 2.8, 3.3, 3.3, 3.9, 3.6, 4.9]","[3.5, 3.2, 1.9, 1.8, 1.4, 0.8, 0.2, 0.5, -1.0, -0.1, -0.5, -0.8, -1.3, -1.3, -2.2, -1.7, -1.7, -1.1, -1.4, -0.1]"
20260912,08,9,3,61.2,"[[""3-1-2"", 0.0857], [""3-1-4"", 0.0953], [""3-1-5"", 0.0257]]",1,,"[[""1-3-2"", 0.0617], [""1-3-4"", 0.0687], [""1-3-5"", 0.0185]]","[[""3-2-1"", 0.0561], [""3-4-1"", 0.0608], [""2-3-1"", 0.0339], [""4-3-1"", 0.0363]]",1-3,0.3988,False,True,0.8201,強,"{""逃げ"": 69.9, ""まくり"": 10.3, ""まくり差し"": 8.5, ""差し"": 5.5, ""抜き"": 4.9, ""恵まれ"": 1.0}","[""0〜600円"", ""600〜740円"", ""740〜890円"", ""890〜1050円"", ""1050〜1220円"", ""1220〜1410円"", ""1410〜1630円"", ""1630〜1890円"", ""1890〜2200円"", ""2200〜2560円"", ""2560〜3020円"", ""3020〜3570円"", ""3570〜4280円"", ""4280〜5210円"", ""5210〜6480円"", ""6480〜8300円"", ""8300〜11200円"", ""11200〜16230円"", ""16230〜28240円"", ""28240円〜""]","[8.5, 8.2, 6.9, 6.8, 6.4, 5.8, 5.2, 5.5, 4.0, 4.9, 4.5, 4.2, 3.7, 3.7, 2.8, 3.3, 3.3, 3.9, 3.6, 4.9]","[3.5, 3.2, 1.9, 1.8, 1.4, 0.8, 0.2, 0.5, -1.0, -0.1, -0.5, -0.8, -1.3, -1.3, -2.2, -1.7, -1.7, -1.1, -1.4, -0.1]"
20260912,08,10,1,52.8,"[[""1-2-5"", 0.1172], [""1-5-2"", 0.0957], [""1-2-3"", 0.1175], [""1-2-4"", 0.0713], [""1-5-3"", 0.0628], [""1-5-4"", 0.0381], [""1-2-6"", 0.012]]",2,28.6,"[[""2-1-5"", 0.0139], [""2-1-3"", 0.0139]]","[[""1-3-2"", 0.0893], [""1-3-5"", 0.0584], [""1-4-2"", 0.0492], [""1-4-5"", 0.0322]]",,,False,False,0.7852,強,"{""逃げ"": 69.9, ""まくり"": 10.3, ""まくり差し"": 8.5, ""差し"": 5.5, ""抜き"": 4.9, ""恵まれ"": 1.0}","[""0〜600円"", ""600〜740円"", ""740〜890円"", ""890〜1050円"", ""1050〜1220円"", ""1220〜1410円"", ""1410〜1630円"", ""1630〜1890円"", ""1890〜2200円"", ""2200〜2560円"", ""2560〜3020円"", ""3020〜3570円"", ""3570〜4280円"", ""4280〜5210円"", ""5210〜6480円"", ""6480〜8300円"", ""8300〜11200円"", ""11200〜16230円"", ""16230〜28240円"", ""28240円〜""]","[8.5, 8.2, 6.9, 6.8, 6.4, 5.8, 5.2, 5.5, 4.0, 4.9, 4.5, 4.2, 3.7, 3.7, 2.8, 3.3, 3.3, 3.9, 3.6, 4.9]","[3.5, 3.2, 1.9, 1.8, 1.4, 0.8, 0.2, 0.5, -1.0, -0.1, -0.5, -0.8, -1.3, -1.3, -2.2, -1.7, -1.7, -1.1, -1.4, -0.1]"
20260912,08,11,1,47.5,"[[""1-4-3"", 0.1203], [""1-4-2"", 0.0752], [""1-4-5"", 0.0531], [""1-4-6"", 0.045]]",4,37.2,"[[""4-1-3"", 0.0255], [""4-1-2"", 0.016], [""4-1-5"", 0.0113]]","[[""1-3-4"", 0.0991], [""1-2-4"", 0.0518], [""1-3-2"", 0.0426], [""1-2-3"", 0.0356]]",1-4,0.3959,False,False,0.7852,強,"{""逃げ"": 69.9, ""まくり"": 10.3, ""まくり差し"": 8.5, ""差し"": 5.5, ""抜き"": 4.9, ""恵まれ"": 1.0}","[""0〜600円"", ""600〜740円"", ""740〜890円"", ""890〜1050円"", ""1050〜1220円"", ""1220〜1410円"", ""1410〜1630円"", ""1630〜1890円"", ""1890〜2200円"", ""2200〜2560円"", ""2560〜3020円"", ""3020〜3570円"", ""3570〜4280円"", ""4280〜5210円"", ""5210〜6480円"", ""6480〜8300円"", ""8300〜11200円"", ""11200〜16230円"", ""16230〜28240円"", ""28240円〜""]","[8.5, 8.2, 6.9, 6.8, 6.4, 5.8, 5.2, 5.5, 4.0, 4.9, 4.5, 4.2, 3.7, 3.7, 2.8, 3.3, 3.3, 3.9, 3.6, 4.9]","[3.5, 3.2, 1.9, 1.8, 1.4, 0.8, 0.2, 0.5, -1.0, -0.1, -0.5, -0.8, -1.3, -1.3, -2.2, -1.7, -1.7, -1.1, -1.4, -0.1]"
20260912,08,12,1,56.1,"[[""1-3-2"", 0.0588], [""1-3-4"", 0.0712], [""1-2-3"", 0.0565], [""1-4-3"", 0.0683], [""1-2-4"", 0.0617], [""1-4-2"", 0.0616], [""1-3-5"", 0.0273], [""1-3-6"", 0.0242], [""1-2-5"", 0.0237]]",3,34.5,"[[""3-1-2"", 0.0215], [""3-1-4"", 0.026]]","[[""2-1-3"", 0.0204], [""4-1-3"", 0.0247], [""1-4-5"", 0.0235], [""2-1-4"", 0.0223]]",,,False,True,0.8201,強,"{""逃げ"": 69.9, ""まくり"": 10.3, ""まくり差し"": 8.5, ""差し"": 5.5, ""抜き"": 4.9, ""恵まれ"": 1.0}","[""0〜600円"", ""600〜740円"", ""740〜890円"", ""890〜1050円"", ""1050〜1220円"", ""1220〜1410円"", ""1410〜1630円"", ""1630〜1890円"", ""1890〜2200円"", ""2200〜2560円"", ""2560〜3020円"", ""3020〜3570円"", ""3570〜4280円"", ""4280〜5210円"", ""5210〜6480円"", ""6480〜8300円"", ""8300〜11200円"", ""11200〜16230円"", ""16230〜28240円"", ""28240円〜""]","[8.5, 8.2, 6.9, 6.8, 6.4, 5.8, 5.2, 5.5, 4.0, 4.9, 4.5, 4.2, 3.7, 3.7, 2.8, 3.3, 3.3, 3.9, 3.6, 4.9]","[3.5, 3.2, 1.9, 1.8, 1.4, 0.8, 0.2, 0.5, -1.0, -0.1, -0.5, -0.8, -1.3, -1.3, -2.2, -1.7, -1.7, -1.1, -1.4, -0.1]"
20260912,09,1,1,65.3,"[[""1-2-4"", 0.0807], [""1-4-2"", 0.0743], [""1-2-3"", 0.0791], [""1-3-2"", 0.0669], [""1-4-3"", 0.0601], [""1-3-4"", 0.0553], [""1-2-6"", 0.0354], [""1-2-5"", 0.0307], [""1-4-6"", 0.027]]",2,28.3,"[[""2-1-4"", 0.0227], [""2-1-3"", 0.0222]]","[[""4-1-2"", 0.0206], [""1-6-2"", 0.0261], [""1-4-5"", 0.0234], [""1-5-2"", 0.0223]]",,,False,False,0.7852,強,"{""逃げ"": 69.0, ""まくり差し"": 8.8, ""差し"": 8.1, ""まくり"": 7.6, ""抜き"": 5.6, ""恵まれ"": 0.9}","[""0〜600円"", ""600〜740円"", ""740〜890円"", ""890〜1050円"", ""1050〜1220円"", ""1220〜1410円"", ""1410〜1630円"", ""1630〜1890円"", ""1890〜2200円"", ""2200〜2560円"", ""2560〜3020円"", ""3020〜3570円"", ""3570〜4280円"", ""4280〜5210円"", ""5210〜6480円"", ""6480〜8300円"", ""8300〜11200円"", ""11200〜16230円"", ""16230〜28240円"", ""28240円〜""]","[11.8, 7.5, 7.1, 6.4, 5.5, 5.1, 4.5, 5.5, 3.8, 4.7, 4.4, 4.3, 3.7, 3.6, 3.7, 2.8, 3.1, 3.1, 4.5, 4.9]","[6.8, 2.5, 2.1, 1.4, 0.5, 0.1, -0.5, 0.5, -1.2, -0.3, -0.6, -0.7, -1.3, -1.4, -1.3, -2.2, -1.9, -1.9, -0.5, -0.1]"
20260912,09,2,1,64.3,"[[""1-3-2"", 0.0725], [""1-2-3"", 0.0677], [""1-3-4"", 0.0581], [""1-4-3"", 0.0474], [""1-2-4"", 0.047], [""1-4-2"", 0.0411], [""1-3-5"", 0.0316], [""1-2-5"", 0.0255], [""1-5-3"", 0.0232]]",2,28.8,"[[""2-1-3"", 0.0339], [""2-1-4"", 0.0235], [""2-1-5"", 0.0128]]","[[""3-1-2"", 0.0371], [""3-1-4"", 0.0298], [""4-1-3"", 0.0226], [""1-5-2"", 0.0201]]",,,False,True,0.8201,弱,"{""逃げ"": 34.2, ""差し"": 20.4, ""まくり"": 18.5, ""まくり差し"": 17.2, ""抜き"": 8.4, ""恵まれ"": 1.2}","[""0〜600円"", ""600〜740円"", ""740〜890円"", ""890〜1050円"", ""1050〜1220円"", ""1220〜1410円"", ""1410〜1630円"", ""1630〜1890円"", ""1890〜2200円"", ""2200〜2560円"", ""2560〜3020円"", ""3020〜3570円"", ""3570〜4280円"", ""4280〜5210円"", ""5210〜6480円"", ""6480〜8300円"", ""8300〜11200円"", ""11200〜16230円"", ""16230〜28240円"", ""28240円〜""]","[1.4, 2.0, 2.7, 3.4, 4.4, 4.3, 4.7, 5.2, 5.5, 5.3, 5.4, 7.7, 5.3, 6.6, 5.6, 6.7, 7.3, 6.0, 6.0, 4.5]","[-3.6, -3.0, -2.3, -1.6, -0.6, -0.7, -0.3, 0.2, 0.5, 0.3, 0.4, 2.7, 0.3, 1.6, 0.6, 1.7, 2.3, 1.0, 1.0, -0.5]"
20260912,09,3,2,55.7,"[[""2-3-1"", 0.043], [""2-1-3"", 0.0367], [""2-3-6"", 0.0288], [""2-3-5"", 0.0182], [""2-1-6"", 0.0179], [""2-3-4"", 0.0144], [""2-1-5"", 0.0113]]",3,30.0,"[[""3-2-1"", 0.0419], [""3-2-6"", 0.0281], [""3-2-5"", 0.0177], [""3-2-4"", 0.014]]","[[""3-1-2"", 0.0344], [""1-2-3"", 0.0324], [""1-3-2"", 0.0312], [""2-6-3"", 0.0209]]",,,False,True,0.8201,中,"{""逃げ"": 53.7, ""まくり差し"": 14.5, ""差し"": 13.1, ""まくり"": 11.6, ""抜き"": 6.3, ""恵まれ"": 0.8}","[""0〜600円"", ""600〜740円"", ""740〜890円"", ""890〜1050円"", ""1050〜1220円"", ""1220〜1410円"", ""1410〜1630円"", ""1630〜1890円"", ""1890〜2200円"", ""2200〜2560円"", ""2560〜3020円"", ""3020〜3570円"", ""3570〜4280円"", ""4280〜5210円"", ""5210〜6480円"", ""6480〜8300円"", ""8300〜11200円"", ""11200〜16230円"", ""16230〜28240円"", ""28240円〜""]","[5.1, 5.2, 5.2, 5.4, 4.9, 5.0, 4.5, 4.9, 4.9, 5.3, 6.1, 5.6, 4.8, 4.5, 4.3, 4.6, 4.9, 4.5, 4.9, 5.2]","[0.1, 0.2, 0.2, 0.4, -0.1, 0.0, -0.5, -0.1, -0.1, 0.3, 1.1, 0.6, -0.2, -0.5, -0.7, -0.4, -0.1, -0.5, -0.1, 0.2]"
20260912,09,4,2,56.1,"[[""2-1-4"", 0.0579], [""2-1-5"", 0.0491], [""2-1-3"", 0.0353], [""2-1-6"", 0.0148]]",1,,"[[""1-2-4"", 0.0544], [""1-2-5"", 0.0462], [""1-2-3"", 0.0331], [""1-2-6"", 0.0139]]","[[""2-4-1"", 0.0381], [""1-4-2"", 0.033], [""4-2-1"", 0.0286], [""4-1-2"", 0.0264]]",1-2,0.3355,False,False,0.7852,強,"{""逃げ"": 69.0, ""まくり差し"": 8.8, ""差し"": 8.1, ""まくり"": 7.6, ""抜き"": 5.6, ""恵まれ"": 0.9}","[""0〜600円"", ""600〜740円"", ""740〜890円"", ""890〜1050円"", ""1050〜1220円"", ""1220〜1410円"", ""1410〜1630円"", ""1630〜1890円"", ""1890〜2200円"", ""2200〜2560円"", ""2560〜3020円"", ""3020〜3570円"", ""3570〜4280円"", ""4280〜5210円"", ""5210〜6480円"", ""6480〜8300円"", ""8300〜11200円"", ""11200〜16230円"", ""16230〜28240円"", ""28240円〜""]","[11.8, 7.5, 7.1, 6.4, 5.5, 5.1, 4.5, 5.5, 3.8, 4.7, 4.4, 4.3, 3.7, 3.6, 3.7, 2.8, 3.1, 3.1, 4.5, 4.9]","[6.8, 2.5, 2.1, 1.4, 0.5, 0.1, -0.5, 0.5, -1.2, -0.3, -0.6, -0.7, -1.3, -1.4, -1.3, -2.2, -1.9, -1.9, -0.5, -0.1]"
20260912,09,5,1,59.1,"[[""1-4-2"", 0.0826], [""1-2-4"", 0.0714], [""1-4-3"", 0.08], [""1-3-4"", 0.0636], [""1-2-3"", 0.0503], [""1-3-2"", 0.0462], [""1-4-5"", 0.0328], [""1-4-6"", 0.032], [""1-5-4"", 0.0226]]",2,33.8,"[[""2-1-4"", 0.0248], [""2-1-3"", 0.0175]]","[[""4-1-2"", 0.0297], [""4-1-3"", 0.0288], [""1-6-4"", 0.0221], [""3-1-4"", 0.0216]]",,,False,False,0.7852,強,"{""逃げ"": 69.0, ""まくり差し"": 8.8, ""差し"": 8.1, ""まくり"": 7.6, ""抜き"": 5.6, ""恵まれ"": 0.9}","[""0〜600円"", ""600〜740円"", ""740〜890円"", ""890〜1050円"", ""1050〜1220円"", ""1220〜1410円"", ""1410〜1630円"", ""1630〜1890円"", ""1890〜2200円"", ""2200〜2560円"", ""2560〜3020円"", ""3020〜3570円"", ""3570〜4280円"", ""4280〜5210円"", ""5210〜6480円"", ""6480〜8300円"", ""8300〜11200円"", ""11200〜16230円"", ""16230〜28240円"", ""28240円〜""]","[11.8, 7.5, 7.1, 6.4, 5.5, 5.1, 4.5, 5.5, 3.8, 4.7, 4.4, 4.3, 3.7, 3.6, 3.7, 2.8, 3.1, 3.1, 4.5, 4.9]","[6.8, 2.5, 2.1, 1.4, 0.5, 0.1, -0.5, 0.5, -1.2, -0.3, -0.6, -0.7, -1.3, -1.4, -1.3, -2.2, -1.9, -1.9, -0.5, -0.1]"
20260912,09,6,1,51.5,"[[""1-3-2"", 0.0697], [""1-2-3"", 0.0596], [""1-3-4"", 0.0584], [""1-3-6"", 0.0554], [""1-4-3"", 0.0449], [""1-6-3"", 0.0421], [""1-2-4"", 0.0356], [""1-2-6"", 0.0337], [""1-4-2"", 0.032]]",3,40.9,"[[""3-1-2"", 0.0377], [""3-1-4"", 0.0316], [""3-1-6"", 0.03]]","[[""2-1-3"", 0.0305], [""1-6-2"", 0.03], [""4-1-3"", 0.022], [""1-4-6"", 0.0209]]",,,False,True,0.8201,強,"{""逃げ"": 69.0, ""まくり差し"": 8.8, ""差し"": 8.1, ""まくり"": 7.6, ""抜き"": 5.6, ""恵まれ"": 0.9}","[""0〜600円"", ""600〜740円"", ""740〜890円"", ""890〜1050円"", ""1050〜1220円"", ""1220〜1410円"", ""1410〜1630円"", ""1630〜1890円"", ""1890〜2200円"", ""2200〜2560円"", ""2560〜3020円"", ""3020〜3570円"", ""3570〜4280円"", ""4280〜5210円"", ""5210〜6480円"", ""6480〜8300円"", ""8300〜11200円"", ""11200〜16230円"", ""16230〜28240円"", ""28240円〜""]","[11.8, 7.5, 7.1, 6.4, 5.5, 5.1, 4.5, 5.5, 3.8, 4.7, 4.4, 4.3, 3.7, 3.6, 3.7, 2.8, 3.1, 3.1, 4.5, 4.9]","[6.8, 2.5, 2.1, 1.4, 0.5, 0.1, -0.5, 0.5, -1.2, -0.3, -0.6, -0.7, -1.3, -1.4, -1.3, -2.2, -1.9, -1.9, -0.5, -0.1]"
20260912,09,7,1,30.3,"[[""1-3-5"", 0.0527], [""1-3-2"", 0.063], [""1-3-6"", 0.0413], [""1-3-4"", 0.014]]",3,33.3,"[[""3-1-5"", 0.04], [""3-1-2"", 0.0479], [""3-1-6"", 0.0314], [""3-1-4"", 0.0106]]","[[""1-5-3"", 0.0376], [""1-2-3"", 0.0442], [""5-1-3"", 0.0244], [""2-1-3"", 0.0284]]",1-3,0.3264,False,False,0.7852,弱,"{""逃げ"": 34.2, ""差し"": 20.4, ""まくり"": 18.5, ""まくり差し"": 17.2, ""抜き"": 8.4, ""恵まれ"": 1.2}","[""0〜600円"", ""600〜740円"", ""740〜890円"", ""890〜1050円"", ""1050〜1220円"", ""1220〜1410円"", ""1410〜1630円"", ""1630〜1890円"", ""1890〜2200円"", ""2200〜2560円"", ""2560〜3020円"", ""3020〜3570円"", ""3570〜4280円"", ""4280〜5210円"", ""5210〜6480円"", ""6480〜8300円"", ""8300〜11200円"", ""11200〜16230円"", ""16230〜28240円"", ""28240円〜""]","[1.4, 2.0, 2.7, 3.4, 4.4, 4.3, 4.7, 5.2, 5.5, 5.3, 5.4, 7.7, 5.3, 6.6, 5.6, 6.7, 7.3, 6.0, 6.0, 4.5]","[-3.6, -3.0, -2.3, -1.6, -0.6, -0.7, -0.3, 0.2, 0.5, 0.3, 0.4, 2.7, 0.3, 1.6, 0.6, 1.7, 2.3, 1.0, 1.0, -0.5]"
20260912,09,8,4,50.2,"[[""4-2-1"", 0.04], [""4-1-2"", 0.0368], [""4-2-3"", 0.0376], [""4-3-2"", 0.0312], [""4-1-3"", 0.0288], [""4-3-1"", 0.026], [""4-2-5"", 0.0147], [""4-1-5"", 0.0113], [""4-2-6"", 0.0108]]",1,,"[[""1-4-2"", 0.0308], [""1-4-3"", 0.0241]]","[[""2-4-1"", 0.0352], [""2-1-4"", 0.0271], [""2-4-3"", 0.0331], [""1-2-4"", 0.0258]]",,,False,False,0.7852,強,"{""逃げ"": 69.0, ""まくり差し"": 8.8, ""差し"": 8.1, ""まくり"": 7.6, ""抜き"": 5.6, ""恵まれ"": 0.9}","[""0〜600円"", ""600〜740円"", ""740〜890円"", ""890〜1050円"", ""1050〜1220円"", ""1220〜1410円"", ""1410〜1630円"", ""1630〜1890円"", ""1890〜2200円"", ""2200〜2560円"", ""2560〜3020円"", ""3020〜3570円"", ""3570〜4280円"", ""4280〜5210円"", ""5210〜6480円"", ""6480〜8300円"", ""8300〜11200円"", ""11200〜16230円"", ""16230〜28240円"", ""28240円〜""]","[11.8, 7.5, 7.1, 6.4, 5.5, 5.1, 4.5, 5.5, 3.8, 4.7, 4.4, 4.3, 3.7, 3.6, 3.7, 2.8, 3.1, 3.1, 4.5, 4.9]","[6.8, 2.5, 2.1, 1.4, 0.5, 0.1, -0.5, 0.5, -1.2, -0.3, -0.6, -0.7, -1.3, -1.4, -1.3, -2.2, -1.9, -1.9, -0.5, -0.1]"
20260912,09,9,1,47.9,"[[""1-2-3"", 0.0775], [""1-2-5"", 0.0444], [""1-2-4"", 0.0368], [""1-2-6"", 0.036]]",2,43.5,"[[""2-1-3"", 0.0547], [""2-1-5"", 0.0313], [""2-1-4"", 0.026], [""2-1-6"", 0.0254]]","[[""1-3-2"", 0.0558], [""3-1-2"", 0.0343], [""2-3-1"", 0.0255], [""1-5-2"", 0.0273]]",1-2,0.361,False,True,0.8201,中,"{""逃げ"": 53.7, ""まくり差し"": 14.5, ""差し"": 13.1, ""まくり"": 11.6, ""抜き"": 6.3, ""恵まれ"": 0.8}","[""0〜600円"", ""600〜740円"", ""740〜890円"", ""890〜1050円"", ""1050〜1220円"", ""1220〜1410円"", ""1410〜1630円"", ""1630〜1890円"", ""1890〜2200円"", ""2200〜2560円"", ""2560〜3020円"", ""3020〜3570円"", ""3570〜4280円"", ""4280〜5210円"", ""5210〜6480円"", ""6480〜8300円"", ""8300〜11200円"", ""11200〜16230円"", ""16230〜28240円"", ""28240円〜""]","[5.1, 5.2, 5.2, 5.4, 4.9, 5.0, 4.5, 4.9, 4.9, 5.3, 6.1, 5.6, 4.8, 4.5, 4.3, 4.6, 4.9, 4.5, 4.9, 5.2]","[0.1, 0.2, 0.2, 0.4, -0.1, 0.0, -0.5, -0.1, -0.1, 0.3, 1.1, 0.6, -0.2, -0.5, -0.7, -0.4, -0.1, -0.5, -0.1, 0.2]"
20260912,09,10,1,53.3,"[[""1-3-6"", 0.0432], [""1-3-5"", 0.0541], [""1-3-4"", 0.0457], [""1-3-2"", 0.0445], [""1-6-3"", 0.0339], [""1-5-3"", 0.0424], [""1-4-3"", 0.0347], [""1-2-3"", 0.0336], [""1-6-5"", 0.0214]]",3,25.4,"[[""3-1-6"", 0.0223], [""3-1-5"", 0.028], [""3-1-4"", 0.0236], [""3-1-2"", 0.023]]","[[""1-5-6"", 0.0213], [""6-1-3"", 0.0161], [""5-1-3"", 0.0201], [""1-6-4"", 0.0181]]",,,False,False,0.7852,中,"{""逃げ"": 53.7, ""まくり差し"": 14.5, ""差し"": 13.1, ""まくり"": 11.6, ""抜き"": 6.3, ""恵まれ"": 0.8}","[""0〜600円"", ""600〜740円"", ""740〜890円"", ""890〜1050円"", ""1050〜1220円"", ""1220〜1410円"", ""1410〜1630円"", ""1630〜1890円"", ""1890〜2200円"", ""2200〜2560円"", ""2560〜3020円"", ""3020〜3570円"", ""3570〜4280円"", ""4280〜5210円"", ""5210〜6480円"", ""6480〜8300円"", ""8300〜11200円"", ""11200〜16230円"", ""16230〜28240円"", ""28240円〜""]","[5.1, 5.2, 5.2, 5.4, 4.9, 5.0, 4.5, 4.9, 4.9, 5.3, 6.1, 5.6, 4.8, 4.5, 4.3, 4.6, 4.9, 4.5, 4.9, 5.2]","[0.1, 0.2, 0.2, 0.4, -0.1, 0.0, -0.5, -0.1, -0.1, 0.3, 1.1, 0.6, -0.2, -0.5, -0.7, -0.4, -0.1, -0.5, -0.1, 0.2]"
20260912,09,11,1,56.1,"[[""1-2-4"", 0.1086], [""1-2-3"", 0.0713], [""1-2-5"", 0.0506], [""1-2-6"", 0.0454]]",2,26.4,"[[""2-1-4"", 0.0447], [""2-1-3"", 0.0294], [""2-1-5"", 0.0208], [""2-1-6"", 0.0187]]","[[""1-4-2"", 0.0763], [""1-3-2"", 0.0434], [""4-1-2"", 0.0288], [""1-5-2"", 0.0296]]",1-2,0.4314,False,False,0.7852,強,"{""逃げ"": 69.0, ""まくり差し"": 8.8, ""差し"": 8.1, ""まくり"": 7.6, ""抜き"": 5.6, ""恵まれ"": 0.9}","[""0〜600円"", ""600〜740円"", ""740〜890円"", ""890〜1050円"", ""1050〜1220円"", ""1220〜1410円"", ""1410〜1630円"", ""1630〜1890円"", ""1890〜2200円"", ""2200〜2560円"", ""2560〜3020円"", ""3020〜3570円"", ""3570〜4280円"", ""4280〜5210円"", ""5210〜6480円"", ""6480〜8300円"", ""8300〜11200円"", ""11200〜16230円"", ""16230〜28240円"", ""28240円〜""]","[11.8, 7.5, 7.1, 6.4, 5.5, 5.1, 4.5, 5.5, 3.8, 4.7, 4.4, 4.3, 3.7, 3.6, 3.7, 2.8, 3.1, 3.1, 4.5, 4.9]","[6.8, 2.5, 2.1, 1.4, 0.5, 0.1, -0.5, 0.5, -1.2, -0.3, -0.6, -0.7, -1.3, -1.4, -1.3, -2.2, -1.9, -1.9, -0.5, -0.1]"
20260912,09,12,1,50.2,"[[""1-2-3"", 0.0599], [""1-3-2"", 0.059], [""1-2-4"", 0.0649], [""1-3-4"", 0.0614], [""1-4-2"", 0.0614], [""1-4-3"", 0.0589], [""1-2-5"", 0.0308], [""1-3-5"", 0.0291], [""1-5-2"", 0.0249]]",4,33.3,"[[""4-1-2"", 0.022], [""4-1-3"", 0.0211]]","[[""2-1-3"", 0.0218], [""3-1-2"", 0.0213], [""1-4-5"", 0.0249], [""1-5-3"", 0.0239]]",,,False,True,0.8201,強,"{""逃げ"": 69.0, ""まくり差し"": 8.8, ""差し"": 8.1, ""まくり"": 7.6, ""抜き"": 5.6, ""恵まれ"": 0.9}","[""0〜600円"", ""600〜740円"", ""740〜890円"", ""890〜1050円"", ""1050〜1220円"", ""1220〜1410円"", ""1410〜1630円"", ""1630〜1890円"", ""1890〜2200円"", ""2200〜2560円"", ""2560〜3020円"", ""3020〜3570円"", ""3570〜4280円"", ""4280〜5210円"", ""5210〜6480円"", ""6480〜8300円"", ""8300〜11200円"", ""11200〜16230円"", ""16230〜28240円"", ""28240円〜""]","[11.8, 7.5, 7.1, 6.4, 5.5, 5.1, 4.5, 5.5, 3.8, 4.7, 4.4, 4.3, 3.7, 3.6, 3.7, 2.8, 3.1, 3.1, 4.5, 4.9]","[6.8, 2.5, 2.1, 1.4, 0.5, 0.1, -0.5, 0.5, -1.2, -0.3, -0.6, -0.7, -1.3, -1.4, -1.3, -2.2, -1.9, -1.9, -0.5, -0.1]"
20260912,10,1,1,50.0,"[[""1-3-2"", 0.1144], [""1-2-3"", 0.1092], [""1-3-4"", 0.0704], [""1-3-5"", 0.0641], [""1-2-4"", 0.061], [""1-2-5"", 0.0556], [""1-3-6"", 0.0231], [""1-2-6"", 0.02]]",2,23.6,"[[""2-1-3"", 0.0146]]","[[""1-4-3"", 0.055], [""1-4-2"", 0.0499], [""1-5-3"", 0.0493], [""1-5-2"", 0.0447]]",,,False,True,0.8201,強,"{""逃げ"": 63.2, ""差し"": 12.3, ""まくり差し"": 9.3, ""まくり"": 9.1, ""抜き"": 5.5, ""恵まれ"": 0.7}","[""0〜600円"", ""600〜740円"", ""740〜890円"", ""890〜1050円"", ""1050〜1220円"", ""1220〜1410円"", ""1410〜1630円"", ""1630〜1890円"", ""1890〜2200円"", ""2200〜2560円"", ""2560〜3020円"", ""3020〜3570円"", ""3570〜4280円"", ""4280〜5210円"", ""5210〜6480円"", ""6480〜8300円"", ""8300〜11200円"", ""11200〜16230円"", ""16230〜28240円"", ""28240円〜""]","[9.0, 7.0, 7.0, 6.2, 5.1, 4.7, 5.4, 4.4, 4.5, 4.1, 4.3, 3.8, 3.6, 4.2, 3.6, 3.6, 3.9, 4.7, 5.4, 5.5]","[4.0, 2.0, 2.0, 1.2, 0.1, -0.3, 0.4, -0.6, -0.5, -0.9, -0.7, -1.2, -1.4, -0.8, -1.4, -1.4, -1.1, -0.3, 0.4, 0.5]"
20260912,10,2,2,47.7,"[[""2-1-5"", 0.0919], [""2-1-4"", 0.0983], [""2-1-3"", 0.0684], [""2-1-6"", 0.0323]]",1,19.0,"[[""1-2-5"", 0.0895], [""1-2-4"", 0.0957], [""1-2-3"", 0.0666], [""1-2-6"", 0.0315]]","[[""2-5-1"", 0.0273], [""1-5-2"", 0.0258], [""2-4-1"", 0.0287], [""1-4-2"", 0.0271]]",1-2,0.6238,True,False,0.7852,強,"{""逃げ"": 63.2, ""差し"": 12.3, ""まくり差し"": 9.3, ""まくり"": 9.1, ""抜き"": 5.5, ""恵まれ"": 0.7}","[""0〜600円"", ""600〜740円"", ""740〜890円"", ""890〜1050円"", ""1050〜1220円"", ""1220〜1410円"", ""1410〜1630円"", ""1630〜1890円"", ""1890〜2200円"", ""2200〜2560円"", ""2560〜3020円"", ""3020〜3570円"", ""3570〜4280円"", ""4280〜5210円"", ""5210〜6480円"", ""6480〜8300円"", ""8300〜11200円"", ""11200〜16230円"", ""16230〜28240円"", ""28240円〜""]","[9.0, 7.0, 7.0, 6.2, 5.1, 4.7, 5.4, 4.4, 4.5, 4.1, 4.3, 3.8, 3.6, 4.2, 3.6, 3.6, 3.9, 4.7, 5.4, 5.5]","[4.0, 2.0, 2.0, 1.2, 0.1, -0.3, 0.4, -0.6, -0.5, -0.9, -0.7, -1.2, -1.4, -0.8, -1.4, -1.4, -1.1, -0.3, 0.4, 0.5]"
20260912,10,3,1,58.4,"[[""1-3-2"", 0.1152], [""1-3-4"", 0.087], [""1-3-6"", 0.0585], [""1-3-5"", 0.0474]]",3,26.6,"[[""3-1-2"", 0.0258], [""3-1-4"", 0.0195], [""3-1-6"", 0.0131], [""3-1-5"", 0.0106]]","[[""1-2-3"", 0.0886], [""1-4-3"", 0.0596], [""1-2-4"", 0.0391], [""1-6-3"", 0.0379]]",1-3,0.4079,False,True,0.8201,強,"{""逃げ"": 63.2, ""差し"": 12.3, ""まくり差し"": 9.3, ""まくり"": 9.1, ""抜き"": 5.5, ""恵まれ"": 0.7}","[""0〜600円"", ""600〜740円"", ""740〜890円"", ""890〜1050円"", ""1050〜1220円"", ""1220〜1410円"", ""1410〜1630円"", ""1630〜1890円"", ""1890〜2200円"", ""2200〜2560円"", ""2560〜3020円"", ""3020〜3570円"", ""3570〜4280円"", ""4280〜5210円"", ""5210〜6480円"", ""6480〜8300円"", ""8300〜11200円"", ""11200〜16230円"", ""16230〜28240円"", ""28240円〜""]","[9.0, 7.0, 7.0, 6.2, 5.1, 4.7, 5.4, 4.4, 4.5, 4.1, 4.3, 3.8, 3.6, 4.2, 3.6, 3.6, 3.9, 4.7, 5.4, 5.5]","[4.0, 2.0, 2.0, 1.2, 0.1, -0.3, 0.4, -0.6, -0.5, -0.9, -0.7, -1.2, -1.4, -0.8, -1.4, -1.4, -1.1, -0.3, 0.4, 0.5]"
20260912,10,4,1,49.8,"[[""1-4-3"", 0.0755], [""1-3-4"", 0.0733], [""1-4-2"", 0.0714], [""1-3-2"", 0.0645], [""1-2-4"", 0.0629], [""1-2-3"", 0.0585], [""1-4-6"", 0.0368], [""1-3-6"", 0.0332], [""1-4-5"", 0.0308]]",4,29.4,"[[""4-1-3"", 0.0186], [""4-1-2"", 0.0176]]","[[""1-6-4"", 0.0286], [""1-3-5"", 0.0278], [""1-6-3"", 0.0267], [""1-5-4"", 0.0236]]",,,False,False,0.7852,強,"{""逃げ"": 63.2, ""差し"": 12.3, ""まくり差し"": 9.3, ""まくり"": 9.1, ""抜き"": 5.5, ""恵まれ"": 0.7}","[""0〜600円"", ""600〜740円"", ""740〜890円"", ""890〜1050円"", ""1050〜1220円"", ""1220〜1410円"", ""1410〜1630円"", ""1630〜1890円"", ""1890〜2200円"", ""2200〜2560円"", ""2560〜3020円"", ""3020〜3570円"", ""3570〜4280円"", ""4280〜5210円"", ""5210〜6480円"", ""6480〜8300円"", ""8300〜11200円"", ""11200〜16230円"", ""16230〜28240円"", ""28240円〜""]","[9.0, 7.0, 7.0, 6.2, 5.1, 4.7, 5.4, 4.4, 4.5, 4.1, 4.3, 3.8, 3.6, 4.2, 3.6, 3.6, 3.9, 4.7, 5.4, 5.5]","[4.0, 2.0, 2.0, 1.2, 0.1, -0.3, 0.4, -0.6, -0.5, -0.9, -0.7, -1.2, -1.4, -0.8, -1.4, -1.4, -1.1, -0.3, 0.4, 0.5]"
20260912,10,5,1,46.9,"[[""1-3-6"", 0.0691], [""1-3-2"", 0.0783], [""1-6-3"", 0.061], [""1-2-3"", 0.0665], [""1-6-2"", 0.0514], [""1-2-6"", 0.0495], [""1-3-4"", 0.0398], [""1-4-3"", 0.0295], [""1-6-4"", 0.0261]]",3,26.9,"[[""3-1-6"", 0.0265], [""3-1-2"", 0.03], [""3-1-4"", 0.0152]]","[[""6-1-3"", 0.0226], [""2-1-3"", 0.0244], [""1-2-4"", 0.0224], [""1-4-6"", 0.022]]",,,False,False,0.7852,強,"{""逃げ"": 63.2, ""差し"": 12.3, ""まくり差し"": 9.3, ""まくり"": 9.1, ""抜き"": 5.5, ""恵まれ"": 0.7}","[""0〜600円"", ""600〜740円"", ""740〜890円"", ""890〜1050円"", ""1050〜1220円"", ""1220〜1410円"", ""1410〜1630円"", ""1630〜1890円"", ""1890〜2200円"", ""2200〜2560円"", ""2560〜3020円"", ""3020〜3570円"", ""3570〜4280円"", ""4280〜5210円"", ""5210〜6480円"", ""6480〜8300円"", ""8300〜11200円"", ""11200〜16230円"", ""16230〜28240円"", ""28240円〜""]","[9.0, 7.0, 7.0, 6.2, 5.1, 4.7, 5.4, 4.4, 4.5, 4.1, 4.3, 3.8, 3.6, 4.2, 3.6, 3.6, 3.9, 4.7, 5.4, 5.5]","[4.0, 2.0, 2.0, 1.2, 0.1, -0.3, 0.4, -0.6, -0.5, -0.9, -0.7, -1.2, -1.4, -0.8, -1.4, -1.4, -1.1, -0.3, 0.4, 0.5]"
20260912,10,6,2,46.8,"[[""2-4-1"", 0.0711], [""2-4-5"", 0.0421], [""2-4-3"", 0.0283], [""2-4-6"", 0.0271]]",4,31.1,"[[""4-2-1"", 0.0549], [""4-2-5"", 0.0325], [""4-2-3"", 0.0218], [""4-2-6"", 0.0209]]","[[""2-1-4"", 0.0542], [""1-2-4"", 0.0369], [""4-1-2"", 0.0297], [""1-4-2"", 0.0262]]",2-4,0.3331,False,False,0.7852,強,"{""逃げ"": 63.2, ""差し"": 12.3, ""まくり差し"": 9.3, ""まくり"": 9.1, ""抜き"": 5.5, ""恵まれ"": 0.7}","[""0〜600円"", ""600〜740円"", ""740〜890円"", ""890〜1050円"", ""1050〜1220円"", ""1220〜1410円"", ""1410〜1630円"", ""1630〜1890円"", ""1890〜2200円"", ""2200〜2560円"", ""2560〜3020円"", ""3020〜3570円"", ""3570〜4280円"", ""4280〜5210円"", ""5210〜6480円"", ""6480〜8300円"", ""8300〜11200円"", ""11200〜16230円"", ""16230〜28240円"", ""28240円〜""]","[9.0, 7.0, 7.0, 6.2, 5.1, 4.7, 5.4, 4.4, 4.5, 4.1, 4.3, 3.8, 3.6, 4.2, 3.6, 3.6, 3.9, 4.7, 5.4, 5.5]","[4.0, 2.0, 2.0, 1.2, 0.1, -0.3, 0.4, -0.6, -0.5, -0.9, -0.7, -1.2, -1.4, -0.8, -1.4, -1.4, -1.1, -0.3, 0.4, 0.5]"
20260912,10,7,1,67.7,"[[""1-2-6"", 0.0506], [""1-2-3"", 0.0589], [""1-2-5"", 0.0524], [""1-2-4"", 0.0312]]",2,9.6,"[[""2-1-6"", 0.0355], [""2-1-3"", 0.0413], [""2-1-5"", 0.0368], [""2-1-4"", 0.0219]]","[[""1-6-2"", 0.0339], [""1-3-2"", 0.0388], [""1-5-2"", 0.0339], [""6-1-2"", 0.02]]",1-2,0.3521,False,False,0.7852,中,"{""逃げ"": 50.3, ""差し"": 16.4, ""まくり"": 13.8, ""まくり差し"": 11.4, ""抜き"": 7.2, ""恵まれ"": 0.9}","[""0〜600円"", ""600〜740円"", ""740〜890円"", ""890〜1050円"", ""1050〜1220円"", ""1220〜1410円"", ""1410〜1630円"", ""1630〜1890円"", ""1890〜2200円"", ""2200〜2560円"", ""2560〜3020円"", ""3020〜3570円"", ""3570〜4280円"", ""4280〜5210円"", ""5210〜6480円"", ""6480〜8300円"", ""8300〜11200円"", ""11200〜16230円"", ""16230〜28240円"", ""28240円〜""]","[5.5, 4.9, 4.6, 4.4, 4.6, 5.3, 5.2, 4.1, 5.1, 4.9, 5.2, 5.5, 5.4, 6.0, 4.8, 4.6, 4.1, 6.0, 4.2, 5.9]","[0.5, -0.1, -0.4, -0.6, -0.4, 0.3, 0.2, -0.9, 0.1, -0.1, 0.2, 0.5, 0.4, 1.0, -0.2, -0.4, -0.9, 1.0, -0.8, 0.9]"
20260912,10,8,2,51.1,"[[""2-1-4"", 0.047], [""2-4-1"", 0.0401], [""2-1-3"", 0.0451], [""2-4-3"", 0.0286], [""2-1-5"", 0.0121]]",1,22.2,"[[""1-2-4"", 0.0447], [""1-2-3"", 0.0429], [""1-2-5"", 0.0115]]","[[""1-4-2"", 0.0356], [""4-2-1"", 0.0348], [""4-1-2"", 0.0325], [""2-3-1"", 0.035]]",,,False,False,0.7852,中,"{""逃げ"": 50.3, ""差し"": 16.4, ""まくり"": 13.8, ""まくり差し"": 11.4, ""抜き"": 7.2, ""恵まれ"": 0.9}","[""0〜600円"", ""600〜740円"", ""740〜890円"", ""890〜1050円"", ""1050〜1220円"", ""1220〜1410円"", ""1410〜1630円"", ""1630〜1890円"", ""1890〜2200円"", ""2200〜2560円"", ""2560〜3020円"", ""3020〜3570円"", ""3570〜4280円"", ""4280〜5210円"", ""5210〜6480円"", ""6480〜8300円"", ""8300〜11200円"", ""11200〜16230円"", ""16230〜28240円"", ""28240円〜""]","[5.5, 4.9, 4.6, 4.4, 4.6, 5.3, 5.2, 4.1, 5.1, 4.9, 5.2, 5.5, 5.4, 6.0, 4.8, 4.6, 4.1, 6.0, 4.2, 5.9]","[0.5, -0.1, -0.4, -0.6, -0.4, 0.3, 0.2, -0.9, 0.1, -0.1, 0.2, 0.5, 0.4, 1.0, -0.2, -0.4, -0.9, 1.0, -0.8, 0.9]"
20260912,10,9,1,45.0,"[[""1-3-4"", 0.0434], [""1-4-3"", 0.0405], [""1-3-2"", 0.0476], [""1-2-3"", 0.0423], [""1-3-5"", 0.0392], [""1-4-2"", 0.0372], [""1-2-4"", 0.0355], [""1-5-3"", 0.0333], [""1-4-5"", 0.0307]]",3,39.1,"[[""3-1-4"", 0.0262], [""3-1-2"", 0.0287], [""3-1-5"", 0.0237]]","[[""4-1-3"", 0.0237], [""1-5-4"", 0.0279], [""1-2-5"", 0.0252], [""2-1-3"", 0.0243]]",,,False,False,0.7852,中,"{""逃げ"": 50.3, ""差し"": 16.4, ""まくり"": 13.8, ""まくり差し"": 11.4, ""抜き"": 7.2, ""恵まれ"": 0.9}","[""0〜600円"", ""600〜740円"", ""740〜890円"", ""890〜1050円"", ""1050〜1220円"", ""1220〜1410円"", ""1410〜1630円"", ""1630〜1890円"", ""1890〜2200円"", ""2200〜2560円"", ""2560〜3020円"", ""3020〜3570円"", ""3570〜4280円"", ""4280〜5210円"", ""5210〜6480円"", ""6480〜8300円"", ""8300〜11200円"", ""11200〜16230円"", ""16230〜28240円"", ""28240円〜""]","[5.5, 4.9, 4.6, 4.4, 4.6, 5.3, 5.2, 4.1, 5.1, 4.9, 5.2, 5.5, 5.4, 6.0, 4.8, 4.6, 4.1, 6.0, 4.2, 5.9]","[0.5, -0.1, -0.4, -0.6, -0.4, 0.3, 0.2, -0.9, 0.1, -0.1, 0.2, 0.5, 0.4, 1.0, -0.2, -0.4, -0.9, 1.0, -0.8, 0.9]"
20260912,10,10,1,54.7,"[[""1-2-3"", 0.0311], [""1-3-2"", 0.0252], [""1-2-6"", 0.0253], [""1-2-5"", 0.0245], [""1-2-4"", 0.0202], [""1-6-2"", 0.0188], [""1-5-2"", 0.0181], [""1-4-2"", 0.0144], [""1-3-6"", 0.0124]]",2,26.9,"[[""2-1-3"", 0.0297], [""2-3-1"", 0.0228], [""2-1-6"", 0.0242], [""2-1-5"", 0.0234], [""2-1-4"", 0.0193], [""2-6-1"", 0.017]]","[[""3-1-2"", 0.0212], [""3-2-1"", 0.02], [""2-5-1"", 0.0164], [""6-1-2"", 0.0148]]",,,False,True,0.8201,弱,"{""逃げ"": 31.9, ""まくり"": 21.4, ""差し"": 22.0, ""まくり差し"": 15.6, ""抜き"": 8.1, ""恵まれ"": 1.0}","[""0〜600円"", ""600〜740円"", ""740〜890円"", ""890〜1050円"", ""1050〜1220円"", ""1220〜1410円"", ""1410〜1630円"", ""1630〜1890円"", ""1890〜2200円"", ""2200〜2560円"", ""2560〜3020円"", ""3020〜3570円"", ""3570〜4280円"", ""4280〜5210円"", ""5210〜6480円"", ""6480〜8300円"", ""8300〜11200円"", ""11200〜16230円"", ""16230〜28240円"", ""28240円〜""]","[0.9, 1.0, 2.5, 3.2, 2.7, 4.3, 4.0, 5.8, 5.1, 5.3, 5.2, 7.2, 7.1, 6.7, 7.1, 7.0, 7.2, 5.8, 7.1, 4.5]","[-4.1, -4.0, -2.5, -1.8, -2.3, -0.7, -1.0, 0.8, 0.1, 0.3, 0.2, 2.2, 2.1, 1.7, 2.1, 2.0, 2.2, 0.8, 2.1, -0.5]"
20260912,10,11,1,51.9,"[[""1-3-2"", 0.0597], [""1-3-4"", 0.0608], [""1-3-5"", 0.0373], [""1-3-6"", 0.0119]]",3,28.1,"[[""3-1-2"", 0.0524], [""3-1-4"", 0.0534], [""3-1-5"", 0.0327], [""3-1-6"", 0.0105]]","[[""1-2-3"", 0.0393], [""1-4-3"", 0.0383], [""3-2-1"", 0.0293], [""2-1-3"", 0.0279]]",1-3,0.3433,False,True,0.8201,中,"{""逃げ"": 50.3, ""差し"": 16.4, ""まくり"": 13.8, ""まくり差し"": 11.4, ""抜き"": 7.2, ""恵まれ"": 0.9}","[""0〜600円"", ""600〜740円"", ""740〜890円"", ""890〜1050円"", ""1050〜1220円"", ""1220〜1410円"", ""1410〜1630円"", ""1630〜1890円"", ""1890〜2200円"", ""2200〜2560円"", ""2560〜3020円"", ""3020〜3570円"", ""3570〜4280円"", ""4280〜5210円"", ""5210〜6480円"", ""6480〜8300円"", ""8300〜11200円"", ""11200〜16230円"", ""16230〜28240円"", ""28240円〜""]","[5.5, 4.9, 4.6, 4.4, 4.6, 5.3, 5.2, 4.1, 5.1, 4.9, 5.2, 5.5, 5.4, 6.0, 4.8, 4.6, 4.1, 6.0, 4.2, 5.9]","[0.5, -0.1, -0.4, -0.6, -0.4, 0.3, 0.2, -0.9, 0.1, -0.1, 0.2, 0.5, 0.4, 1.0, -0.2, -0.4, -0.9, 1.0, -0.8, 0.9]"
20260912,10,12,1,53.9,"[[""1-2-4"", 0.0457], [""1-4-2"", 0.044], [""1-2-3"", 0.0415], [""1-3-2"", 0.0363], [""1-4-3"", 0.0362], [""1-3-4"", 0.0329], [""1-2-5"", 0.0311], [""1-4-5"", 0.0271], [""1-2-6"", 0.027]]",4,32.5,"[[""4-1-2"", 0.0227], [""4-1-3"", 0.0187], [""4-1-5"", 0.014], [""4-1-6"", 0.0122]]","[[""2-1-4"", 0.0239], [""1-5-2"", 0.0257], [""1-4-6"", 0.0236], [""1-5-4"", 0.0233]]",,,False,False,0.7852,強,"{""逃げ"": 63.2, ""差し"": 12.3, ""まくり差し"": 9.3, ""まくり"": 9.1, ""抜き"": 5.5, ""恵まれ"": 0.7}","[""0〜600円"", ""600〜740円"", ""740〜890円"", ""890〜1050円"", ""1050〜1220円"", ""1220〜1410円"", ""1410〜1630円"", ""1630〜1890円"", ""1890〜2200円"", ""2200〜2560円"", ""2560〜3020円"", ""3020〜3570円"", ""3570〜4280円"", ""4280〜5210円"", ""5210〜6480円"", ""6480〜8300円"", ""8300〜11200円"", ""11200〜16230円"", ""16230〜28240円"", ""28240円〜""]","[9.0, 7.0, 7.0, 6.2, 5.1, 4.7, 5.4, 4.4, 4.5, 4.1, 4.3, 3.8, 3.6, 4.2, 3.6, 3.6, 3.9, 4.7, 5.4, 5.5]","[4.0, 2.0, 2.0, 1.2, 0.1, -0.3, 0.4, -0.6, -0.5, -0.9, -0.7, -1.2, -1.4, -0.8, -1.4, -1.4, -1.1, -0.3, 0.4, 0.5]"
20260912,12,1,1,72.1,"[[""1-4-3"", 0.0445], [""1-3-4"", 0.0436], [""1-4-2"", 0.0435], [""1-3-2"", 0.0409], [""1-2-4"", 0.0385], [""1-2-3"", 0.0369], [""1-4-5"", 0.0117], [""1-3-5"", 0.011]]",3,42.0,"[[""3-1-4"", 0.0349], [""3-1-2"", 0.0327]]","[[""4-1-3"", 0.036], [""4-1-2"", 0.0351], [""4-3-1"", 0.0261], [""3-4-1"", 0.0259]]",,,False,False,0.7852,弱,"{""逃げ"": 37.3, ""まくり"": 24.2, ""差し"": 17.4, ""まくり差し"": 12.5, ""抜き"": 7.8, ""恵まれ"": 0.8}","[""0〜600円"", ""600〜740円"", ""740〜890円"", ""890〜1050円"", ""1050〜1220円"", ""1220〜1410円"", ""1410〜1630円"", ""1630〜1890円"", ""1890〜2200円"", ""2200〜2560円"", ""2560〜3020円"", ""3020〜3570円"", ""3570〜4280円"", ""4280〜5210円"", ""5210〜6480円"", ""6480〜8300円"", ""8300〜11200円"", ""11200〜16230円"", ""16230〜28240円"", ""28240円〜""]","[1.5, 2.5, 4.1, 3.7, 3.9, 5.1, 5.3, 6.3, 5.6, 5.9, 5.9, 5.6, 6.4, 5.8, 6.1, 6.2, 5.3, 5.5, 5.5, 3.7]","[-3.5, -2.5, -0.9, -1.3, -1.1, 0.1, 0.3, 1.3, 0.6, 0.9, 0.9, 0.6, 1.4, 0.8, 1.1, 1.2, 0.3, 0.5, 0.5, -1.3]"
20260912,12,2,1,37.0,"[[""1-4-3"", 0.0328], [""1-4-5"", 0.0404], [""1-3-4"", 0.0306], [""1-5-4"", 0.0372], [""1-3-5"", 0.0318], [""1-5-3"", 0.0314], [""1-4-2"", 0.0191], [""1-3-2"", 0.015], [""1-2-4"", 0.0149]]",5,37.5,"[[""5-1-4"", 0.0293], [""5-1-3"", 0.0247], [""5-1-2"", 0.0113]]","[[""4-1-3"", 0.027], [""4-1-5"", 0.0333], [""3-1-4"", 0.0242], [""3-1-5"", 0.0252]]",,,False,False,0.7852,弱,"{""逃げ"": 37.3, ""まくり"": 24.2, ""差し"": 17.4, ""まくり差し"": 12.5, ""抜き"": 7.8, ""恵まれ"": 0.8}","[""0〜600円"", ""600〜740円"", ""740〜890円"", ""890〜1050円"", ""1050〜1220円"", ""1220〜1410円"", ""1410〜1630円"", ""1630〜1890円"", ""1890〜2200円"", ""2200〜2560円"", ""2560〜3020円"", ""3020〜3570円"", ""3570〜4280円"", ""4280〜5210円"", ""5210〜6480円"", ""6480〜8300円"", ""8300〜11200円"", ""11200〜16230円"", ""16230〜28240円"", ""28240円〜""]","[1.5, 2.5, 4.1, 3.7, 3.9, 5.1, 5.3, 6.3, 5.6, 5.9, 5.9, 5.6, 6.4, 5.8, 6.1, 6.2, 5.3, 5.5, 5.5, 3.7]","[-3.5, -2.5, -0.9, -1.3, -1.1, 0.1, 0.3, 1.3, 0.6, 0.9, 0.9, 0.6, 1.4, 0.8, 1.1, 1.2, 0.3, 0.5, 0.5, -1.3]"
20260912,12,3,5,42.6,"[[""5-1-2"", 0.0411], [""5-1-4"", 0.0347], [""5-1-3"", 0.0335], [""5-1-6"", 0.0162]]",1,,"[[""1-5-2"", 0.0371], [""1-5-4"", 0.0313], [""1-5-3"", 0.0302], [""1-5-6"", 0.0146]]","[[""5-2-1"", 0.0318], [""1-2-5"", 0.0252], [""2-5-1"", 0.0248], [""2-1-5"", 0.0217]]",1-5,0.2601,False,False,0.7852,強,"{""逃げ"": 67.5, ""まくり"": 9.5, ""差し"": 8.7, ""まくり差し"": 8.8, ""抜き"": 4.8, ""恵まれ"": 0.8}","[""0〜600円"", ""600〜740円"", ""740〜890円"", ""890〜1050円"", ""1050〜1220円"", ""1220〜1410円"", ""1410〜1630円"", ""1630〜1890円"", ""1890〜2200円"", ""2200〜2560円"", ""2560〜3020円"", ""3020〜3570円"", ""3570〜4280円"", ""4280〜5210円"", ""5210〜6480円"", ""6480〜8300円"", ""8300〜11200円"", ""11200〜16230円"", ""16230〜28240円"", ""28240円〜""]","[7.9, 6.7, 7.6, 5.3, 6.9, 4.9, 4.3, 4.8, 4.2, 5.0, 4.5, 3.6, 4.2, 3.9, 4.4, 3.4, 3.9, 3.7, 4.5, 6.3]","[2.9, 1.7, 2.6, 0.3, 1.9, -0.1, -0.7, -0.2, -0.8, 0.0, -0.5, -1.4, -0.8, -1.1, -0.6, -1.6, -1.1, -1.3, -0.5, 1.3]"
20260912,12,4,2,55.6,"[[""2-5-3"", 0.0331], [""2-3-5"", 0.0303], [""2-5-1"", 0.0357], [""2-1-5"", 0.031], [""2-3-1"", 0.0266], [""2-1-3"", 0.0252], [""2-5-6"", 0.0173], [""2-6-5"", 0.013], [""2-3-6"", 0.0129]]",5,32.2,"[[""5-2-3"", 0.0293], [""5-2-1"", 0.0316], [""5-2-6"", 0.0153]]","[[""3-2-5"", 0.0254], [""5-3-2"", 0.0228], [""3-5-2"", 0.0216], [""1-2-5"", 0.0252]]",,,False,False,0.7852,強,"{""逃げ"": 67.5, ""まくり"": 9.5, ""差し"": 8.7, ""まくり差し"": 8.8, ""抜き"": 4.8, ""恵まれ"": 0.8}","[""0〜600円"", ""600〜740円"", ""740〜890円"", ""890〜1050円"", ""1050〜1220円"", ""1220〜1410円"", ""1410〜1630円"", ""1630〜1890円"", ""1890〜2200円"", ""2200〜2560円"", ""2560〜3020円"", ""3020〜3570円"", ""3570〜4280円"", ""4280〜5210円"", ""5210〜6480円"", ""6480〜8300円"", ""8300〜11200円"", ""11200〜16230円"", ""16230〜28240円"", ""28240円〜""]","[7.9, 6.7, 7.6, 5.3, 6.9, 4.9, 4.3, 4.8, 4.2, 5.0, 4.5, 3.6, 4.2, 3.9, 4.4, 3.4, 3.9, 3.7, 4.5, 6.3]","[2.9, 1.7, 2.6, 0.3, 1.9, -0.1, -0.7, -0.2, -0.8, 0.0, -0.5, -1.4, -0.8, -1.1, -0.6, -1.6, -1.1, -1.3, -0.5, 1.3]"
20260912,12,5,1,60.9,"[[""1-6-2"", 0.0651], [""1-2-6"", 0.0626], [""1-6-3"", 0.063], [""1-3-6"", 0.0564], [""1-2-3"", 0.0546], [""1-3-2"", 0.0509], [""1-6-4"", 0.0384], [""1-6-5"", 0.0341], [""1-2-4"", 0.0333]]",6,43.1,"[[""6-1-2"", 0.0184], [""6-1-3"", 0.0178], [""6-1-4"", 0.0108]]","[[""1-4-6"", 0.0312], [""1-2-5"", 0.0295], [""1-4-2"", 0.0281], [""1-5-6"", 0.0272]]",,,False,True,0.8201,中,"{""逃げ"": 55.2, ""まくり"": 14.0, ""差し"": 13.0, ""まくり差し"": 10.3, ""抜き"": 6.4, ""恵まれ"": 1.1}","[""0〜600円"", ""600〜740円"", ""740〜890円"", ""890〜1050円"", ""1050〜1220円"", ""1220〜1410円"", ""1410〜1630円"", ""1630〜1890円"", ""1890〜2200円"", ""2200〜2560円"", ""2560〜3020円"", ""3020〜3570円"", ""3570〜4280円"", ""4280〜5210円"", ""5210〜6480円"", ""6480〜8300円"", ""8300〜11200円"", ""11200〜16230円"", ""16230〜28240円"", ""28240円〜""]","[3.8, 5.6, 6.1, 6.2, 5.4, 4.7, 5.8, 5.4, 5.4, 4.8, 5.1, 4.9, 4.8, 4.3, 4.2, 4.1, 4.4, 5.3, 4.7, 4.8]","[-1.2, 0.6, 1.1, 1.2, 0.4, -0.3, 0.8, 0.4, 0.4, -0.2, 0.1, -0.1, -0.2, -0.7, -0.8, -0.9, -0.6, 0.3, -0.3, -0.2]"
20260912,12,6,1,31.9,"[[""1-3-5"", 0.0424], [""1-3-2"", 0.0507], [""1-5-3"", 0.0395], [""1-2-3"", 0.0464], [""1-5-2"", 0.04], [""1-2-5"", 0.0392], [""1-3-6"", 0.0206], [""1-5-6"", 0.0162], [""1-6-3"", 0.0157]]",2,45.2,"[[""2-1-3"", 0.0302], [""2-1-5"", 0.0255]]","[[""3-1-5"", 0.0289], [""3-1-2"", 0.0346], [""5-1-3"", 0.0261], [""5-1-2"", 0.0264]]",,,False,False,0.7852,弱,"{""逃げ"": 37.3, ""まくり"": 24.2, ""差し"": 17.4, ""まくり差し"": 12.5, ""抜き"": 7.8, ""恵まれ"": 0.8}","[""0〜600円"", ""600〜740円"", ""740〜890円"", ""890〜1050円"", ""1050〜1220円"", ""1220〜1410円"", ""1410〜1630円"", ""1630〜1890円"", ""1890〜2200円"", ""2200〜2560円"", ""2560〜3020円"", ""3020〜3570円"", ""3570〜4280円"", ""4280〜5210円"", ""5210〜6480円"", ""6480〜8300円"", ""8300〜11200円"", ""11200〜16230円"", ""16230〜28240円"", ""28240円〜""]","[1.5, 2.5, 4.1, 3.7, 3.9, 5.1, 5.3, 6.3, 5.6, 5.9, 5.9, 5.6, 6.4, 5.8, 6.1, 6.2, 5.3, 5.5, 5.5, 3.7]","[-3.5, -2.5, -0.9, -1.3, -1.1, 0.1, 0.3, 1.3, 0.6, 0.9, 0.9, 0.6, 1.4, 0.8, 1.1, 1.2, 0.3, 0.5, 0.5, -1.3]"
20260912,12,7,1,53.8,"[[""1-4-2"", 0.08], [""1-4-3"", 0.0348], [""1-4-5"", 0.0164]]",4,23.7,"[[""4-1-2"", 0.0704], [""4-1-3"", 0.0306], [""4-1-5"", 0.0144]]","[[""1-2-4"", 0.0685], [""2-1-4"", 0.0557], [""4-2-1"", 0.0498], [""2-4-1"", 0.046]]",1-4,0.3054,False,False,0.7852,弱,"{""逃げ"": 37.3, ""まくり"": 24.2, ""差し"": 17.4, ""まくり差し"": 12.5, ""抜き"": 7.8, ""恵まれ"": 0.8}","[""0〜600円"", ""600〜740円"", ""740〜890円"", ""890〜1050円"", ""1050〜1220円"", ""1220〜1410円"", ""1410〜1630円"", ""1630〜1890円"", ""1890〜2200円"", ""2200〜2560円"", ""2560〜3020円"", ""3020〜3570円"", ""3570〜4280円"", ""4280〜5210円"", ""5210〜6480円"", ""6480〜8300円"", ""8300〜11200円"", ""11200〜16230円"", ""16230〜28240円"", ""28240円〜""]","[1.5, 2.5, 4.1, 3.7, 3.9, 5.1, 5.3, 6.3, 5.6, 5.9, 5.9, 5.6, 6.4, 5.8, 6.1, 6.2, 5.3, 5.5, 5.5, 3.7]","[-3.5, -2.5, -0.9, -1.3, -1.1, 0.1, 0.3, 1.3, 0.6, 0.9, 0.9, 0.6, 1.4, 0.8, 1.1, 1.2, 0.3, 0.5, 0.5, -1.3]"
20260912,12,8,1,39.1,"[[""1-2-4"", 0.0941], [""1-2-6"", 0.0454], [""1-2-3"", 0.0255], [""1-2-5"", 0.0153]]",2,29.9,"[[""2-1-4"", 0.0648], [""2-1-6"", 0.0313], [""2-1-3"", 0.0175], [""2-1-5"", 0.0106]]","[[""1-4-2"", 0.0787], [""4-1-2"", 0.0503], [""2-4-1"", 0.0324], [""4-2-1"", 0.0301]]",1-2,0.348,False,False,0.7852,中,"{""逃げ"": 55.2, ""まくり"": 14.0, ""差し"": 13.0, ""まくり差し"": 10.3, ""抜き"": 6.4, ""恵まれ"": 1.1}","[""0〜600円"", ""600〜740円"", ""740〜890円"", ""890〜1050円"", ""1050〜1220円"", ""1220〜1410円"", ""1410〜1630円"", ""1630〜1890円"", ""1890〜2200円"", ""2200〜2560円"", ""2560〜3020円"", ""3020〜3570円"", ""3570〜4280円"", ""4280〜5210円"", ""5210〜6480円"", ""6480〜8300円"", ""8300〜11200円"", ""11200〜16230円"", ""16230〜28240円"", ""28240円〜""]","[3.8, 5.6, 6.1, 6.2, 5.4, 4.7, 5.8, 5.4, 5.4, 4.8, 5.1, 4.9, 4.8, 4.3, 4.2, 4.1, 4.4, 5.3, 4.7, 4.8]","[-1.2, 0.6, 1.1, 1.2, 0.4, -0.3, 0.8, 0.4, 0.4, -0.2, 0.1, -0.1, -0.2, -0.7, -0.8, -0.9, -0.6, 0.3, -0.3, -0.2]"
20260912,12,9,1,55.9,"[[""1-2-4"", 0.1107], [""1-2-3"", 0.0673], [""1-2-5"", 0.0565], [""1-2-6"", 0.032]]",2,27.5,"[[""2-1-4"", 0.0826], [""2-1-3"", 0.0502], [""2-1-5"", 0.0421], [""2-1-6"", 0.0239]]","[[""1-4-2"", 0.0531], [""4-1-2"", 0.0301], [""2-4-1"", 0.028], [""1-3-2"", 0.0289]]",1-2,0.5181,True,False,0.7852,中,"{""逃げ"": 55.2, ""まくり"": 14.0, ""差し"": 13.0, ""まくり差し"": 10.3, ""抜き"": 6.4, ""恵まれ"": 1.1}","[""0〜600円"", ""600〜740円"", ""740〜890円"", ""890〜1050円"", ""1050〜1220円"", ""1220〜1410円"", ""1410〜1630円"", ""1630〜1890円"", ""1890〜2200円"", ""2200〜2560円"", ""2560〜3020円"", ""3020〜3570円"", ""3570〜4280円"", ""4280〜5210円"", ""5210〜6480円"", ""6480〜8300円"", ""8300〜11200円"", ""11200〜16230円"", ""16230〜28240円"", ""28240円〜""]","[3.8, 5.6, 6.1, 6.2, 5.4, 4.7, 5.8, 5.4, 5.4, 4.8, 5.1, 4.9, 4.8, 4.3, 4.2, 4.1, 4.4, 5.3, 4.7, 4.8]","[-1.2, 0.6, 1.1, 1.2, 0.4, -0.3, 0.8, 0.4, 0.4, -0.2, 0.1, -0.1, -0.2, -0.7, -0.8, -0.9, -0.6, 0.3, -0.3, -0.2]"
20260912,12,10,1,48.7,"[[""1-2-3"", 0.1468], [""1-2-4"", 0.0636], [""1-2-6"", 0.0551], [""1-2-5"", 0.0286]]",2,38.1,"[[""2-1-3"", 0.0622], [""2-1-4"", 0.0269], [""2-1-6"", 0.0233], [""2-1-5"", 0.0121]]","[[""1-3-2"", 0.1007], [""3-1-2"", 0.0389], [""1-4-2"", 0.0351], [""1-6-2"", 0.03]]",1-2,0.4646,False,True,0.8201,強,"{""逃げ"": 67.5, ""まくり"": 9.5, ""差し"": 8.7, ""まくり差し"": 8.8, ""抜き"": 4.8, ""恵まれ"": 0.8}","[""0〜600円"", ""600〜740円"", ""740〜890円"", ""890〜1050円"", ""1050〜1220円"", ""1220〜1410円"", ""1410〜1630円"", ""1630〜1890円"", ""1890〜2200円"", ""2200〜2560円"", ""2560〜3020円"", ""3020〜3570円"", ""3570〜4280円"", ""4280〜5210円"", ""5210〜6480円"", ""6480〜8300円"", ""8300〜11200円"", ""11200〜16230円"", ""16230〜28240円"", ""28240円〜""]","[7.9, 6.7, 7.6, 5.3, 6.9, 4.9, 4.3, 4.8, 4.2, 5.0, 4.5, 3.6, 4.2, 3.9, 4.4, 3.4, 3.9, 3.7, 4.5, 6.3]","[2.9, 1.7, 2.6, 0.3, 1.9, -0.1, -0.7, -0.2, -0.8, 0.0, -0.5, -1.4, -0.8, -1.1, -0.6, -1.6, -1.1, -1.3, -0.5, 1.3]"
20260912,12,11,1,57.3,"[[""1-3-6"", 0.0768], [""1-3-4"", 0.0969], [""1-3-5"", 0.0772], [""1-3-2"", 0.0611]]",3,43.1,"[[""3-1-6"", 0.0212], [""3-1-4"", 0.0267], [""3-1-5"", 0.0213], [""3-1-2"", 0.0169]]","[[""1-6-3"", 0.0513], [""1-4-3"", 0.0646], [""1-5-3"", 0.0495], [""1-2-3"", 0.038]]",1-3,0.4249,False,False,0.7852,強,"{""逃げ"": 67.5, ""まくり"": 9.5, ""差し"": 8.7, ""まくり差し"": 8.8, ""抜き"": 4.8, ""恵まれ"": 0.8}","[""0〜600円"", ""600〜740円"", ""740〜890円"", ""890〜1050円"", ""1050〜1220円"", ""1220〜1410円"", ""1410〜1630円"", ""1630〜1890円"", ""1890〜2200円"", ""2200〜2560円"", ""2560〜3020円"", ""3020〜3570円"", ""3570〜4280円"", ""4280〜5210円"", ""5210〜6480円"", ""6480〜8300円"", ""8300〜11200円"", ""11200〜16230円"", ""16230〜28240円"", ""28240円〜""]","[7.9, 6.7, 7.6, 5.3, 6.9, 4.9, 4.3, 4.8, 4.2, 5.0, 4.5, 3.6, 4.2, 3.9, 4.4, 3.4, 3.9, 3.7, 4.5, 6.3]","[2.9, 1.7, 2.6, 0.3, 1.9, -0.1, -0.7, -0.2, -0.8, 0.0, -0.5, -1.4, -0.8, -1.1, -0.6, -1.6, -1.1, -1.3, -0.5, 1.3]"
20260912,12,12,1,59.9,"[[""1-2-3"", 0.0729], [""1-2-4"", 0.0729], [""1-3-2"", 0.0572], [""1-4-2"", 0.0543], [""1-2-6"", 0.0393], [""1-2-5"", 0.0347], [""1-3-4"", 0.0331], [""1-4-3"", 0.0314], [""1-6-2"", 0.0265]]",2,27.0,"[[""2-1-3"", 0.0348], [""2-1-4"", 0.0348], [""2-1-6"", 0.0188], [""2-1-5"", 0.0166]]","[[""3-1-2"", 0.0253], [""4-1-2"", 0.0236], [""1-5-2"", 0.0231], [""1-3-6"", 0.0179]]",,,False,True,0.8201,強,"{""逃げ"": 67.5, ""まくり"": 9.5, ""差し"": 8.7, ""まくり差し"": 8.8, ""抜き"": 4.8, ""恵まれ"": 0.8}","[""0〜600円"", ""600〜740円"", ""740〜890円"", ""890〜1050円"", ""1050〜1220円"", ""1220〜1410円"", ""1410〜1630円"", ""1630〜1890円"", ""1890〜2200円"", ""2200〜2560円"", ""2560〜3020円"", ""3020〜3570円"", ""3570〜4280円"", ""4280〜5210円"", ""5210〜6480円"", ""6480〜8300円"", ""8300〜11200円"", ""11200〜16230円"", ""16230〜28240円"", ""28240円〜""]","[7.9, 6.7, 7.6, 5.3, 6.9, 4.9, 4.3, 4.8, 4.2, 5.0, 4.5, 3.6, 4.2, 3.9, 4.4, 3.4, 3.9, 3.7, 4.5, 6.3]","[2.9, 1.7, 2.6, 0.3, 1.9, -0.1, -0.7, -0.2, -0.8, 0.0, -0.5, -1.4, -0.8, -1.1, -0.6, -1.6, -1.1, -1.3, -0.5, 1.3]"
20260912,16,1,1,58.8,"[[""1-2-4"", 0.096], [""1-4-2"", 0.0948], [""1-2-3"", 0.0884], [""1-4-3"", 0.0852], [""1-3-2"", 0.0776], [""1-3-4"", 0.0756], [""1-2-6"", 0.0469], [""1-4-6"", 0.0452], [""1-6-2"", 0.0362]]",2,,"[[""2-1-4"", 0.0181], [""2-1-3"", 0.0167]]","[[""1-6-4"", 0.0352], [""1-3-6"", 0.029], [""1-6-3"", 0.0255], [""4-1-2"", 0.0178]]",,,False,False,0.7852,強,"{""逃げ"": 67.7, ""まくり差し"": 10.6, ""差し"": 8.7, ""まくり"": 7.1, ""抜き"": 5.1, ""恵まれ"": 0.8}","[""0〜600円"", ""600〜740円"", ""740〜890円"", ""890〜1050円"", ""1050〜1220円"", ""1220〜1410円"", ""1410〜1630円"", ""1630〜1890円"", ""1890〜2200円"", ""2200〜2560円"", ""2560〜3020円"", ""3020〜3570円"", ""3570〜4280円"", ""4280〜5210円"", ""5210〜6480円"", ""6480〜8300円"", ""8300〜11200円"", ""11200〜16230円"", ""16230〜28240円"", ""28240円〜""]","[9.1, 7.3, 6.4, 6.5, 5.1, 6.1, 5.1, 4.5, 4.6, 5.1, 3.8, 3.5, 3.5, 3.9, 3.6, 3.6, 4.4, 4.0, 4.6, 5.4]","[4.1, 2.3, 1.4, 1.5, 0.1, 1.1, 0.1, -0.5, -0.4, 0.1, -1.2, -1.5, -1.5, -1.1, -1.4, -1.4, -0.6, -1.0, -0.4, 0.4]"
20260912,16,2,1,41.2,"[[""1-2-5"", 0.0803], [""1-5-2"", 0.0686], [""1-2-4"", 0.08], [""1-4-2"", 0.0635], [""1-2-3"", 0.0549], [""1-5-4"", 0.0484], [""1-4-5"", 0.045], [""1-3-2"", 0.0403], [""1-5-3"", 0.0332]]",2,45.3,"[[""2-1-5"", 0.0305], [""2-1-4"", 0.0304], [""2-1-3"", 0.0208]]","[[""5-1-2"", 0.025], [""1-3-5"", 0.0286], [""1-4-3"", 0.0241], [""4-1-2"", 0.0227]]",,,False,False,0.7852,弱,"{""逃げ"": 36.1, ""差し"": 19.9, ""まくり"": 19.1, ""まくり差し"": 16.1, ""抜き"": 7.8, ""恵まれ"": 0.9}","[""0〜600円"", ""600〜740円"", ""740〜890円"", ""890〜1050円"", ""1050〜1220円"", ""1220〜1410円"", ""1410〜1630円"", ""1630〜1890円"", ""1890〜2200円"", ""2200〜2560円"", ""2560〜3020円"", ""3020〜3570円"", ""3570〜4280円"", ""4280〜5210円"", ""5210〜6480円"", ""6480〜8300円"", ""8300〜11200円"", ""11200〜16230円"", ""16230〜28240円"", ""28240円〜""]","[0.7, 1.7, 2.6, 2.9, 4.0, 4.8, 4.9, 4.6, 5.6, 5.8, 5.4, 5.5, 6.4, 6.2, 7.7, 6.8, 6.4, 6.7, 6.6, 4.7]","[-4.3, -3.3, -2.4, -2.1, -1.0, -0.2, -0.1, -0.4, 0.6, 0.8, 0.4, 0.5, 1.4, 1.2, 2.7, 1.8, 1.4, 1.7, 1.6, -0.3]"
20260912,16,3,1,60.0,"[[""1-2-5"", 0.0341], [""1-2-3"", 0.0355], [""1-2-4"", 0.0289], [""1-2-6"", 0.0183]]",2,27.5,"[[""2-1-5"", 0.0336], [""2-1-3"", 0.035], [""2-1-4"", 0.0285], [""2-1-6"", 0.018]]","[[""1-5-2"", 0.0248], [""2-5-1"", 0.024], [""5-1-2"", 0.0202], [""5-2-1"", 0.0198]]",1-2,0.2506,False,False,0.7852,弱,"{""逃げ"": 36.1, ""差し"": 19.9, ""まくり"": 19.1, ""まくり差し"": 16.1, ""抜き"": 7.8, ""恵まれ"": 0.9}","[""0〜600円"", ""600〜740円"", ""740〜890円"", ""890〜1050円"", ""1050〜1220円"", ""1220〜1410円"", ""1410〜1630円"", ""1630〜1890円"", ""1890〜2200円"", ""2200〜2560円"", ""2560〜3020円"", ""3020〜3570円"", ""3570〜4280円"", ""4280〜5210円"", ""5210〜6480円"", ""6480〜8300円"", ""8300〜11200円"", ""11200〜16230円"", ""16230〜28240円"", ""28240円〜""]","[0.7, 1.7, 2.6, 2.9, 4.0, 4.8, 4.9, 4.6, 5.6, 5.8, 5.4, 5.5, 6.4, 6.2, 7.7, 6.8, 6.4, 6.7, 6.6, 4.7]","[-4.3, -3.3, -2.4, -2.1, -1.0, -0.2, -0.1, -0.4, 0.6, 0.8, 0.4, 0.5, 1.4, 1.2, 2.7, 1.8, 1.4, 1.7, 1.6, -0.3]"
20260912,16,4,3,52.1,"[[""3-1-4"", 0.0924], [""3-1-2"", 0.0454], [""3-1-6"", 0.0267], [""3-1-5"", 0.0192]]",4,27.8,"[[""4-3-1"", 0.046], [""4-3-2"", 0.0139]]","[[""1-3-4"", 0.0713], [""3-4-1"", 0.0681], [""1-4-3"", 0.0371], [""4-1-3"", 0.0325]]",,,False,False,0.7852,強,"{""逃げ"": 67.7, ""まくり差し"": 10.6, ""差し"": 8.7, ""まくり"": 7.1, ""抜き"": 5.1, ""恵まれ"": 0.8}","[""0〜600円"", ""600〜740円"", ""740〜890円"", ""890〜1050円"", ""1050〜1220円"", ""1220〜1410円"", ""1410〜1630円"", ""1630〜1890円"", ""1890〜2200円"", ""2200〜2560円"", ""2560〜3020円"", ""3020〜3570円"", ""3570〜4280円"", ""4280〜5210円"", ""5210〜6480円"", ""6480〜8300円"", ""8300〜11200円"", ""11200〜16230円"", ""16230〜28240円"", ""28240円〜""]","[9.1, 7.3, 6.4, 6.5, 5.1, 6.1, 5.1, 4.5, 4.6, 5.1, 3.8, 3.5, 3.5, 3.9, 3.6, 3.6, 4.4, 4.0, 4.6, 5.4]","[4.1, 2.3, 1.4, 1.5, 0.1, 1.1, 0.1, -0.5, -0.4, 0.1, -1.2, -1.5, -1.5, -1.1, -1.4, -1.4, -0.6, -1.0, -0.4, 0.4]"
20260912,16,5,1,56.5,"[[""1-3-4"", 0.0704], [""1-3-2"", 0.0455], [""1-3-5"", 0.0443], [""1-3-6"", 0.0436]]",3,29.8,"[[""3-1-4"", 0.0637], [""3-1-2"", 0.0412], [""3-1-5"", 0.0401], [""3-1-6"", 0.0395]]","[[""1-4-3"", 0.0377], [""3-4-1"", 0.0303], [""4-1-3"", 0.0254], [""4-3-1"", 0.0225]]",1-3,0.425,False,False,0.7852,中,"{""逃げ"": 52.0, ""まくり差し"": 15.2, ""差し"": 13.3, ""まくり"": 12.0, ""抜き"": 6.9, ""恵まれ"": 0.5}","[""0〜600円"", ""600〜740円"", ""740〜890円"", ""890〜1050円"", ""1050〜1220円"", ""1220〜1410円"", ""1410〜1630円"", ""1630〜1890円"", ""1890〜2200円"", ""2200〜2560円"", ""2560〜3020円"", ""3020〜3570円"", ""3570〜4280円"", ""4280〜5210円"", ""5210〜6480円"", ""6480〜8300円"", ""8300〜11200円"", ""11200〜16230円"", ""16230〜28240円"", ""28240円〜""]","[4.1, 4.8, 5.7, 5.1, 4.9, 5.0, 4.8, 5.0, 4.8, 5.6, 4.4, 4.9, 4.8, 4.8, 5.2, 5.5, 5.4, 4.8, 4.8, 5.6]","[-0.9, -0.2, 0.7, 0.1, -0.1, -0.0, -0.2, 0.0, -0.2, 0.6, -0.6, -0.1, -0.2, -0.2, 0.2, 0.5, 0.4, -0.2, -0.2, 0.6]"
20260912,16,6,1,49.6,"[[""1-2-6"", 0.0846], [""1-2-3"", 0.079], [""1-2-4"", 0.0575], [""1-2-5"", 0.0266]]",2,31.1,"[[""2-1-6"", 0.0388], [""2-1-3"", 0.0363], [""2-1-4"", 0.0264], [""2-1-5"", 0.0122]]","[[""1-6-2"", 0.0612], [""1-3-2"", 0.0531], [""1-4-2"", 0.0367], [""6-1-2"", 0.0256]]",1-2,0.3951,False,False,0.7852,中,"{""逃げ"": 52.0, ""まくり差し"": 15.2, ""差し"": 13.3, ""まくり"": 12.0, ""抜き"": 6.9, ""恵まれ"": 0.5}","[""0〜600円"", ""600〜740円"", ""740〜890円"", ""890〜1050円"", ""1050〜1220円"", ""1220〜1410円"", ""1410〜1630円"", ""1630〜1890円"", ""1890〜2200円"", ""2200〜2560円"", ""2560〜3020円"", ""3020〜3570円"", ""3570〜4280円"", ""4280〜5210円"", ""5210〜6480円"", ""6480〜8300円"", ""8300〜11200円"", ""11200〜16230円"", ""16230〜28240円"", ""28240円〜""]","[4.1, 4.8, 5.7, 5.1, 4.9, 5.0, 4.8, 5.0, 4.8, 5.6, 4.4, 4.9, 4.8, 4.8, 5.2, 5.5, 5.4, 4.8, 4.8, 5.6]","[-0.9, -0.2, 0.7, 0.1, -0.1, -0.0, -0.2, 0.0, -0.2, 0.6, -0.6, -0.1, -0.2, -0.2, 0.2, 0.5, 0.4, -0.2, -0.2, 0.6]"
20260912,16,7,1,43.8,"[[""1-2-4"", 0.1405], [""1-2-3"", 0.1305], [""1-2-5"", 0.0697]]",2,20.0,"[[""2-1-4"", 0.0432], [""2-1-3"", 0.0402], [""2-1-5"", 0.0215]]","[[""1-4-2"", 0.0871], [""1-3-2"", 0.0759], [""1-5-2"", 0.0371], [""1-4-3"", 0.0344]]",1-2,0.4953,False,True,0.8201,強,"{""逃げ"": 67.7, ""まくり差し"": 10.6, ""差し"": 8.7, ""まくり"": 7.1, ""抜き"": 5.1, ""恵まれ"": 0.8}","[""0〜600円"", ""600〜740円"", ""740〜890円"", ""890〜1050円"", ""1050〜1220円"", ""1220〜1410円"", ""1410〜1630円"", ""1630〜1890円"", ""1890〜2200円"", ""2200〜2560円"", ""2560〜3020円"", ""3020〜3570円"", ""3570〜4280円"", ""4280〜5210円"", ""5210〜6480円"", ""6480〜8300円"", ""8300〜11200円"", ""11200〜16230円"", ""16230〜28240円"", ""28240円〜""]","[9.1, 7.3, 6.4, 6.5, 5.1, 6.1, 5.1, 4.5, 4.6, 5.1, 3.8, 3.5, 3.5, 3.9, 3.6, 3.6, 4.4, 4.0, 4.6, 5.4]","[4.1, 2.3, 1.4, 1.5, 0.1, 1.1, 0.1, -0.5, -0.4, 0.1, -1.2, -1.5, -1.5, -1.1, -1.4, -1.4, -0.6, -1.0, -0.4, 0.4]"
20260912,16,8,1,46.8,"[[""1-2-3"", 0.0691], [""1-2-5"", 0.0611], [""1-2-6"", 0.0398], [""1-2-4"", 0.0342]]",3,45.3,"[[""3-1-2"", 0.0274], [""3-1-5"", 0.0134]]","[[""1-3-2"", 0.0528], [""2-1-3"", 0.0395], [""1-5-2"", 0.0432], [""2-1-5"", 0.0349]]",,,False,True,0.8201,弱,"{""逃げ"": 36.1, ""差し"": 19.9, ""まくり"": 19.1, ""まくり差し"": 16.1, ""抜き"": 7.8, ""恵まれ"": 0.9}","[""0〜600円"", ""600〜740円"", ""740〜890円"", ""890〜1050円"", ""1050〜1220円"", ""1220〜1410円"", ""1410〜1630円"", ""1630〜1890円"", ""1890〜2200円"", ""2200〜2560円"", ""2560〜3020円"", ""3020〜3570円"", ""3570〜4280円"", ""4280〜5210円"", ""5210〜6480円"", ""6480〜8300円"", ""8300〜11200円"", ""11200〜16230円"", ""16230〜28240円"", ""28240円〜""]","[0.7, 1.7, 2.6, 2.9, 4.0, 4.8, 4.9, 4.6, 5.6, 5.8, 5.4, 5.5, 6.4, 6.2, 7.7, 6.8, 6.4, 6.7, 6.6, 4.7]","[-4.3, -3.3, -2.4, -2.1, -1.0, -0.2, -0.1, -0.4, 0.6, 0.8, 0.4, 0.5, 1.4, 1.2, 2.7, 1.8, 1.4, 1.7, 1.6, -0.3]"
20260912,16,9,1,45.2,"[[""1-5-2"", 0.0557], [""1-5-4"", 0.0643], [""1-2-5"", 0.0496], [""1-4-5"", 0.0557], [""1-5-3"", 0.0508], [""1-2-4"", 0.0424], [""1-3-5"", 0.0416], [""1-4-2"", 0.0412], [""1-2-3"", 0.0335]]",2,44.4,"[[""2-1-5"", 0.0198], [""2-1-4"", 0.017], [""2-1-3"", 0.0134]]","[[""1-3-2"", 0.0308], [""1-4-3"", 0.0295], [""5-1-2"", 0.0231], [""1-3-4"", 0.0279]]",,,False,False,0.7852,中,"{""逃げ"": 52.0, ""まくり差し"": 15.2, ""差し"": 13.3, ""まくり"": 12.0, ""抜き"": 6.9, ""恵まれ"": 0.5}","[""0〜600円"", ""600〜740円"", ""740〜890円"", ""890〜1050円"", ""1050〜1220円"", ""1220〜1410円"", ""1410〜1630円"", ""1630〜1890円"", ""1890〜2200円"", ""2200〜2560円"", ""2560〜3020円"", ""3020〜3570円"", ""3570〜4280円"", ""4280〜5210円"", ""5210〜6480円"", ""6480〜8300円"", ""8300〜11200円"", ""11200〜16230円"", ""16230〜28240円"", ""28240円〜""]","[4.1, 4.8, 5.7, 5.1, 4.9, 5.0, 4.8, 5.0, 4.8, 5.6, 4.4, 4.9, 4.8, 4.8, 5.2, 5.5, 5.4, 4.8, 4.8, 5.6]","[-0.9, -0.2, 0.7, 0.1, -0.1, -0.0, -0.2, 0.0, -0.2, 0.6, -0.6, -0.1, -0.2, -0.2, 0.2, 0.5, 0.4, -0.2, -0.2, 0.6]"
20260912,16,10,1,54.4,"[[""1-4-3"", 0.087], [""1-4-2"", 0.0929], [""1-4-5"", 0.0509], [""1-4-6"", 0.0197]]",4,30.9,"[[""4-1-3"", 0.0384], [""4-1-2"", 0.041], [""4-1-5"", 0.0225]]","[[""1-3-4"", 0.0636], [""1-2-4"", 0.0648], [""1-3-2"", 0.0355], [""1-2-3"", 0.0339]]",1-4,0.3955,False,False,0.7852,強,"{""逃げ"": 67.7, ""まくり差し"": 10.6, ""差し"": 8.7, ""まくり"": 7.1, ""抜き"": 5.1, ""恵まれ"": 0.8}","[""0〜600円"", ""600〜740円"", ""740〜890円"", ""890〜1050円"", ""1050〜1220円"", ""1220〜1410円"", ""1410〜1630円"", ""1630〜1890円"", ""1890〜2200円"", ""2200〜2560円"", ""2560〜3020円"", ""3020〜3570円"", ""3570〜4280円"", ""4280〜5210円"", ""5210〜6480円"", ""6480〜8300円"", ""8300〜11200円"", ""11200〜16230円"", ""16230〜28240円"", ""28240円〜""]","[9.1, 7.3, 6.4, 6.5, 5.1, 6.1, 5.1, 4.5, 4.6, 5.1, 3.8, 3.5, 3.5, 3.9, 3.6, 3.6, 4.4, 4.0, 4.6, 5.4]","[4.1, 2.3, 1.4, 1.5, 0.1, 1.1, 0.1, -0.5, -0.4, 0.1, -1.2, -1.5, -1.5, -1.1, -1.4, -1.4, -0.6, -1.0, -0.4, 0.4]"
20260912,16,11,1,46.0,"[[""1-4-2"", 0.068], [""1-2-4"", 0.0624], [""1-4-3"", 0.0412], [""1-2-3"", 0.0319], [""1-4-5"", 0.0304], [""1-2-5"", 0.0235], [""1-4-6"", 0.018], [""1-2-6"", 0.0139]]",4,29.8,"[[""4-1-2"", 0.0442], [""4-1-3"", 0.0268], [""4-1-5"", 0.0197], [""4-1-6"", 0.0117]]","[[""2-1-4"", 0.0391], [""1-3-4"", 0.031], [""4-2-1"", 0.0228], [""2-4-1"", 0.0219]]",,,False,True,0.8201,強,"{""逃げ"": 67.7, ""まくり差し"": 10.6, ""差し"": 8.7, ""まくり"": 7.1, ""抜き"": 5.1, ""恵まれ"": 0.8}","[""0〜600円"", ""600〜740円"", ""740〜890円"", ""890〜1050円"", ""1050〜1220円"", ""1220〜1410円"", ""1410〜1630円"", ""1630〜1890円"", ""1890〜2200円"", ""2200〜2560円"", ""2560〜3020円"", ""3020〜3570円"", ""3570〜4280円"", ""4280〜5210円"", ""5210〜6480円"", ""6480〜8300円"", ""8300〜11200円"", ""11200〜16230円"", ""16230〜28240円"", ""28240円〜""]","[9.1, 7.3, 6.4, 6.5, 5.1, 6.1, 5.1, 4.5, 4.6, 5.1, 3.8, 3.5, 3.5, 3.9, 3.6, 3.6, 4.4, 4.0, 4.6, 5.4]","[4.1, 2.3, 1.4, 1.5, 0.1, 1.1, 0.1, -0.5, -0.4, 0.1, -1.2, -1.5, -1.5, -1.1, -1.4, -1.4, -0.6, -1.0, -0.4, 0.4]"
20260912,16,12,1,47.9,"[[""1-2-3"", 0.0619], [""1-2-4"", 0.0639], [""1-2-5"", 0.0258], [""1-2-6"", 0.0225]]",2,22.8,"[[""2-1-3"", 0.0611], [""2-1-4"", 0.0631], [""2-1-5"", 0.0254], [""2-1-6"", 0.0222]]","[[""1-3-2"", 0.0357], [""2-3-1"", 0.0347], [""1-4-2"", 0.0356], [""2-4-1"", 0.0346]]",1-2,0.3729,False,True,0.8201,中,"{""逃げ"": 52.0, ""まくり差し"": 15.2, ""差し"": 13.3, ""まくり"": 12.0, ""抜き"": 6.9, ""恵まれ"": 0.5}","[""0〜600円"", ""600〜740円"", ""740〜890円"", ""890〜1050円"", ""1050〜1220円"", ""1220〜1410円"", ""1410〜1630円"", ""1630〜1890円"", ""1890〜2200円"", ""2200〜2560円"", ""2560〜3020円"", ""3020〜3570円"", ""3570〜4280円"", ""4280〜5210円"", ""5210〜6480円"", ""6480〜8300円"", ""8300〜11200円"", ""11200〜16230円"", ""16230〜28240円"", ""28240円〜""]","[4.1, 4.8, 5.7, 5.1, 4.9, 5.0, 4.8, 5.0, 4.8, 5.6, 4.4, 4.9, 4.8, 4.8, 5.2, 5.5, 5.4, 4.8, 4.8, 5.6]","[-0.9, -0.2, 0.7, 0.1, -0.1, -0.0, -0.2, 0.0, -0.2, 0.6, -0.6, -0.1, -0.2, -0.2, 0.2, 0.5, 0.4, -0.2, -0.2, 0.6]"
20260912,17,1,1,34.1,"[[""1-3-2"", 0.0748], [""1-2-3"", 0.0716], [""1-3-4"", 0.0808], [""1-4-3"", 0.0738], [""1-2-4"", 0.0699], [""1-4-2"", 0.0667], [""1-3-6"", 0.0355], [""1-2-6"", 0.0307], [""1-6-3"", 0.0271]]",3,27.4,"[[""3-1-2"", 0.0281], [""3-1-4"", 0.0304], [""3-1-6"", 0.0133]]","[[""2-1-3"", 0.0266], [""4-1-3"", 0.0271], [""2-1-4"", 0.026], [""1-4-6"", 0.0259]]",,,False,True,0.8201,中,"{""逃げ"": 53.2, ""まくり"": 17.0, ""まくり差し"": 13.3, ""差し"": 10.1, ""抜き"": 5.5, ""恵まれ"": 0.8}","[""0〜600円"", ""600〜740円"", ""740〜890円"", ""890〜1050円"", ""1050〜1220円"", ""1220〜1410円"", ""1410〜1630円"", ""1630〜1890円"", ""1890〜2200円"", ""2200〜2560円"", ""2560〜3020円"", ""3020〜3570円"", ""3570〜4280円"", ""4280〜5210円"", ""5210〜6480円"", ""6480〜8300円"", ""8300〜11200円"", ""11200〜16230円"", ""16230〜28240円"", ""28240円〜""]","[3.7, 4.9, 6.0, 5.4, 5.4, 5.9, 4.7, 4.8, 4.5, 4.7, 4.8, 5.1, 5.0, 5.0, 4.5, 5.6, 4.2, 4.4, 5.6, 5.9]","[-1.3, -0.1, 1.0, 0.4, 0.4, 0.9, -0.3, -0.2, -0.5, -0.3, -0.2, 0.1, -0.0, -0.0, -0.5, 0.6, -0.8, -0.6, 0.6, 0.9]"
20260912,17,2,1,54.3,"[[""1-5-3"", 0.0803], [""1-5-2"", 0.0854], [""1-5-4"", 0.0688]]",5,15.2,"[[""5-1-3"", 0.0458], [""5-1-2"", 0.0488], [""5-1-4"", 0.0393]]","[[""1-3-5"", 0.0518], [""1-2-5"", 0.053], [""1-4-5"", 0.0411], [""3-1-5"", 0.0255]]",1-5,0.4186,False,False,0.7852,中,"{""逃げ"": 53.2, ""まくり"": 17.0, ""まくり差し"": 13.3, ""差し"": 10.1, ""抜き"": 5.5, ""恵まれ"": 0.8}","[""0〜600円"", ""600〜740円"", ""740〜890円"", ""890〜1050円"", ""1050〜1220円"", ""1220〜1410円"", ""1410〜1630円"", ""1630〜1890円"", ""1890〜2200円"", ""2200〜2560円"", ""2560〜3020円"", ""3020〜3570円"", ""3570〜4280円"", ""4280〜5210円"", ""5210〜6480円"", ""6480〜8300円"", ""8300〜11200円"", ""11200〜16230円"", ""16230〜28240円"", ""28240円〜""]","[3.7, 4.9, 6.0, 5.4, 5.4, 5.9, 4.7, 4.8, 4.5, 4.7, 4.8, 5.1, 5.0, 5.0, 4.5, 5.6, 4.2, 4.4, 5.6, 5.9]","[-1.3, -0.1, 1.0, 0.4, 0.4, 0.9, -0.3, -0.2, -0.5, -0.3, -0.2, 0.1, -0.0, -0.0, -0.5, 0.6, -0.8, -0.6, 0.6, 0.9]"
20260912,17,3,1,48.8,"[[""1-3-2"", 0.0602], [""1-3-5"", 0.0388], [""1-3-6"", 0.0154], [""1-3-4"", 0.015]]",3,27.6,"[[""3-1-2"", 0.0544], [""3-1-5"", 0.0351], [""3-1-6"", 0.0139], [""3-1-4"", 0.0135]]","[[""1-2-3"", 0.0504], [""2-1-3"", 0.0412], [""3-2-1"", 0.0394], [""2-3-1"", 0.0357]]",1-3,0.2713,False,True,0.8201,弱,"{""逃げ"": 35.3, ""まくり"": 25.4, ""差し"": 17.4, ""まくり差し"": 13.9, ""抜き"": 7.5, ""恵まれ"": 0.5}","[""0〜600円"", ""600〜740円"", ""740〜890円"", ""890〜1050円"", ""1050〜1220円"", ""1220〜1410円"", ""1410〜1630円"", ""1630〜1890円"", ""1890〜2200円"", ""2200〜2560円"", ""2560〜3020円"", ""3020〜3570円"", ""3570〜4280円"", ""4280〜5210円"", ""5210〜6480円"", ""6480〜8300円"", ""8300〜11200円"", ""11200〜16230円"", ""16230〜28240円"", ""28240円〜""]","[1.2, 2.0, 3.3, 4.2, 4.1, 4.6, 4.6, 5.1, 6.0, 6.4, 5.4, 5.4, 5.3, 6.9, 5.8, 5.2, 6.4, 7.3, 6.0, 4.9]","[-3.8, -3.0, -1.7, -0.8, -0.9, -0.4, -0.4, 0.1, 1.0, 1.4, 0.4, 0.4, 0.3, 1.9, 0.8, 0.2, 1.4, 2.3, 1.0, -0.1]"
20260912,17,4,1,35.8,"[[""1-6-4"", 0.0612], [""1-4-6"", 0.0585], [""1-6-3"", 0.044], [""1-6-2"", 0.0382], [""1-4-3"", 0.0379], [""1-3-6"", 0.0355], [""1-4-2"", 0.033], [""1-3-4"", 0.0321], [""1-2-6"", 0.0301]]",6,30.4,"[[""6-1-4"", 0.033], [""6-1-3"", 0.0237], [""6-1-2"", 0.0206]]","[[""4-1-6"", 0.031], [""1-2-4"", 0.0272], [""4-1-3"", 0.0201], [""6-4-1"", 0.0143]]",,,False,False,0.7852,弱,"{""逃げ"": 35.3, ""まくり"": 25.4, ""差し"": 17.4, ""まくり差し"": 13.9, ""抜き"": 7.5, ""恵まれ"": 0.5}","[""0〜600円"", ""600〜740円"", ""740〜890円"", ""890〜1050円"", ""1050〜1220円"", ""1220〜1410円"", ""1410〜1630円"", ""1630〜1890円"", ""1890〜2200円"", ""2200〜2560円"", ""2560〜3020円"", ""3020〜3570円"", ""3570〜4280円"", ""4280〜5210円"", ""5210〜6480円"", ""6480〜8300円"", ""8300〜11200円"", ""11200〜16230円"", ""16230〜28240円"", ""28240円〜""]","[1.2, 2.0, 3.3, 4.2, 4.1, 4.6, 4.6, 5.1, 6.0, 6.4, 5.4, 5.4, 5.3, 6.9, 5.8, 5.2, 6.4, 7.3, 6.0, 4.9]","[-3.8, -3.0, -1.7, -0.8, -0.9, -0.4, -0.4, 0.1, 1.0, 1.4, 0.4, 0.4, 0.3, 1.9, 0.8, 0.2, 1.4, 2.3, 1.0, -0.1]"
20260912,17,5,1,53.2,"[[""1-4-6"", 0.0848], [""1-4-2"", 0.105], [""1-6-4"", 0.0769], [""1-2-4"", 0.0943], [""1-6-2"", 0.0762], [""1-2-6"", 0.0754], [""1-4-3"", 0.0415], [""1-3-4"", 0.0306], [""1-6-3"", 0.0301]]",2,36.1,"[[""2-1-4"", 0.0223], [""2-1-6"", 0.0179]]","[[""1-2-3"", 0.029], [""4-1-6"", 0.0205], [""4-1-2"", 0.0253], [""1-3-6"", 0.0245]]",,,False,False,0.7852,強,"{""逃げ"": 67.1, ""まくり"": 11.2, ""まくり差し"": 9.8, ""差し"": 6.4, ""抜き"": 4.9, ""恵まれ"": 0.7}","[""0〜600円"", ""600〜740円"", ""740〜890円"", ""890〜1050円"", ""1050〜1220円"", ""1220〜1410円"", ""1410〜1630円"", ""1630〜1890円"", ""1890〜2200円"", ""2200〜2560円"", ""2560〜3020円"", ""3020〜3570円"", ""3570〜4280円"", ""4280〜5210円"", ""5210〜6480円"", ""6480〜8300円"", ""8300〜11200円"", ""11200〜16230円"", ""16230〜28240円"", ""28240円〜""]","[7.2, 6.7, 7.2, 6.4, 6.1, 5.0, 5.2, 5.1, 5.0, 4.6, 3.8, 4.4, 3.5, 4.0, 3.7, 3.7, 3.4, 4.0, 4.8, 6.1]","[2.2, 1.7, 2.2, 1.4, 1.1, 0.0, 0.2, 0.1, 0.0, -0.4, -1.2, -0.6, -1.5, -1.0, -1.3, -1.3, -1.6, -1.0, -0.2, 1.1]"
20260912,17,6,1,40.5,"[[""1-4-6"", 0.0772], [""1-6-4"", 0.0744], [""1-4-2"", 0.0676], [""1-6-2"", 0.0593], [""1-2-4"", 0.0581], [""1-4-3"", 0.057], [""1-2-6"", 0.053], [""1-6-3"", 0.05], [""1-3-4"", 0.0473]]",4,30.3,"[[""4-1-6"", 0.0145], [""4-1-2"", 0.0127], [""4-1-3"", 0.0107]]","[[""1-3-6"", 0.0431], [""1-2-3"", 0.0307], [""1-3-2"", 0.0296], [""1-4-5"", 0.0259]]",,,False,False,0.7852,強,"{""逃げ"": 67.1, ""まくり"": 11.2, ""まくり差し"": 9.8, ""差し"": 6.4, ""抜き"": 4.9, ""恵まれ"": 0.7}","[""0〜600円"", ""600〜740円"", ""740〜890円"", ""890〜1050円"", ""1050〜1220円"", ""1220〜1410円"", ""1410〜1630円"", ""1630〜1890円"", ""1890〜2200円"", ""2200〜2560円"", ""2560〜3020円"", ""3020〜3570円"", ""3570〜4280円"", ""4280〜5210円"", ""5210〜6480円"", ""6480〜8300円"", ""8300〜11200円"", ""11200〜16230円"", ""16230〜28240円"", ""28240円〜""]","[7.2, 6.7, 7.2, 6.4, 6.1, 5.0, 5.2, 5.1, 5.0, 4.6, 3.8, 4.4, 3.5, 4.0, 3.7, 3.7, 3.4, 4.0, 4.8, 6.1]","[2.2, 1.7, 2.2, 1.4, 1.1, 0.0, 0.2, 0.1, 0.0, -0.4, -1.2, -0.6, -1.5, -1.0, -1.3, -1.3, -1.6, -1.0, -0.2, 1.1]"
20260912,17,7,1,61.4,"[[""1-2-3"", 0.0617], [""1-2-5"", 0.0568], [""1-2-6"", 0.0412]]",3,34.6,"[[""3-1-2"", 0.0314], [""3-1-5"", 0.0176], [""3-1-6"", 0.0127]]","[[""1-3-2"", 0.0486], [""2-1-3"", 0.0445], [""1-5-2"", 0.0414], [""2-1-5"", 0.041]]",,,False,True,0.8201,弱,"{""逃げ"": 35.3, ""まくり"": 25.4, ""差し"": 17.4, ""まくり差し"": 13.9, ""抜き"": 7.5, ""恵まれ"": 0.5}","[""0〜600円"", ""600〜740円"", ""740〜890円"", ""890〜1050円"", ""1050〜1220円"", ""1220〜1410円"", ""1410〜1630円"", ""1630〜1890円"", ""1890〜2200円"", ""2200〜2560円"", ""2560〜3020円"", ""3020〜3570円"", ""3570〜4280円"", ""4280〜5210円"", ""5210〜6480円"", ""6480〜8300円"", ""8300〜11200円"", ""11200〜16230円"", ""16230〜28240円"", ""28240円〜""]","[1.2, 2.0, 3.3, 4.2, 4.1, 4.6, 4.6, 5.1, 6.0, 6.4, 5.4, 5.4, 5.3, 6.9, 5.8, 5.2, 6.4, 7.3, 6.0, 4.9]","[-3.8, -3.0, -1.7, -0.8, -0.9, -0.4, -0.4, 0.1, 1.0, 1.4, 0.4, 0.4, 0.3, 1.9, 0.8, 0.2, 1.4, 2.3, 1.0, -0.1]"
20260912,17,8,1,52.0,"[[""1-3-4"", 0.154], [""1-3-2"", 0.1232], [""1-3-5"", 0.058]]",3,28.1,"[[""3-1-4"", 0.0383], [""3-1-2"", 0.0306], [""3-1-5"", 0.0144]]","[[""1-4-3"", 0.1054], [""1-2-3"", 0.0745], [""1-4-2"", 0.0442], [""1-2-4"", 0.0391]]",1-3,0.4794,False,False,0.7852,強,"{""逃げ"": 67.1, ""まくり"": 11.2, ""まくり差し"": 9.8, ""差し"": 6.4, ""抜き"": 4.9, ""恵まれ"": 0.7}","[""0〜600円"", ""600〜740円"", ""740〜890円"", ""890〜1050円"", ""1050〜1220円"", ""1220〜1410円"", ""1410〜1630円"", ""1630〜1890円"", ""1890〜2200円"", ""2200〜2560円"", ""2560〜3020円"", ""3020〜3570円"", ""3570〜4280円"", ""4280〜5210円"", ""5210〜6480円"", ""6480〜8300円"", ""8300〜11200円"", ""11200〜16230円"", ""16230〜28240円"", ""28240円〜""]","[7.2, 6.7, 7.2, 6.4, 6.1, 5.0, 5.2, 5.1, 5.0, 4.6, 3.8, 4.4, 3.5, 4.0, 3.7, 3.7, 3.4, 4.0, 4.8, 6.1]","[2.2, 1.7, 2.2, 1.4, 1.1, 0.0, 0.2, 0.1, 0.0, -0.4, -1.2, -0.6, -1.5, -1.0, -1.3, -1.3, -1.6, -1.0, -0.2, 1.1]"
20260912,17,9,1,57.9,"[[""1-4-3"", 0.0469], [""1-4-2"", 0.0494], [""1-3-4"", 0.039], [""1-3-2"", 0.0285], [""1-4-5"", 0.0134]]",3,44.6,"[[""3-1-4"", 0.0331], [""3-4-1"", 0.0307], [""3-1-2"", 0.0242], [""3-4-2"", 0.0197]]","[[""4-1-3"", 0.0444], [""4-1-2"", 0.0467], [""4-3-1"", 0.0343], [""1-2-4"", 0.039]]",,,False,True,0.8201,弱,"{""逃げ"": 35.3, ""まくり"": 25.4, ""差し"": 17.4, ""まくり差し"": 13.9, ""抜き"": 7.5, ""恵まれ"": 0.5}","[""0〜600円"", ""600〜740円"", ""740〜890円"", ""890〜1050円"", ""1050〜1220円"", ""1220〜1410円"", ""1410〜1630円"", ""1630〜1890円"", ""1890〜2200円"", ""2200〜2560円"", ""2560〜3020円"", ""3020〜3570円"", ""3570〜4280円"", ""4280〜5210円"", ""5210〜6480円"", ""6480〜8300円"", ""8300〜11200円"", ""11200〜16230円"", ""16230〜28240円"", ""28240円〜""]","[1.2, 2.0, 3.3, 4.2, 4.1, 4.6, 4.6, 5.1, 6.0, 6.4, 5.4, 5.4, 5.3, 6.9, 5.8, 5.2, 6.4, 7.3, 6.0, 4.9]","[-3.8, -3.0, -1.7, -0.8, -0.9, -0.4, -0.4, 0.1, 1.0, 1.4, 0.4, 0.4, 0.3, 1.9, 0.8, 0.2, 1.4, 2.3, 1.0, -0.1]"
20260912,17,10,1,52.0,"[[""1-3-2"", 0.0523], [""1-2-3"", 0.0515], [""1-3-6"", 0.0601], [""1-6-3"", 0.0581], [""1-2-6"", 0.0565], [""1-6-2"", 0.0555], [""1-3-4"", 0.0395], [""1-2-4"", 0.0371], [""1-3-5"", 0.036]]",3,39.0,"[[""3-1-2"", 0.0114], [""3-1-6"", 0.0131]]","[[""1-4-3"", 0.0347], [""1-6-4"", 0.0343], [""1-2-5"", 0.0338], [""1-4-2"", 0.0331]]",,,False,True,0.8201,強,"{""逃げ"": 67.1, ""まくり"": 11.2, ""まくり差し"": 9.8, ""差し"": 6.4, ""抜き"": 4.9, ""恵まれ"": 0.7}","[""0〜600円"", ""600〜740円"", ""740〜890円"", ""890〜1050円"", ""1050〜1220円"", ""1220〜1410円"", ""1410〜1630円"", ""1630〜1890円"", ""1890〜2200円"", ""2200〜2560円"", ""2560〜3020円"", ""3020〜3570円"", ""3570〜4280円"", ""4280〜5210円"", ""5210〜6480円"", ""6480〜8300円"", ""8300〜11200円"", ""11200〜16230円"", ""16230〜28240円"", ""28240円〜""]","[7.2, 6.7, 7.2, 6.4, 6.1, 5.0, 5.2, 5.1, 5.0, 4.6, 3.8, 4.4, 3.5, 4.0, 3.7, 3.7, 3.4, 4.0, 4.8, 6.1]","[2.2, 1.7, 2.2, 1.4, 1.1, 0.0, 0.2, 0.1, 0.0, -0.4, -1.2, -0.6, -1.5, -1.0, -1.3, -1.3, -1.6, -1.0, -0.2, 1.1]"
20260912,17,11,1,61.2,"[[""1-2-4"", 0.0838], [""1-2-3"", 0.1004], [""1-2-6"", 0.0416], [""1-2-5"", 0.0387]]",2,35.5,"[[""2-1-4"", 0.0371], [""2-1-3"", 0.0444], [""2-1-6"", 0.0184], [""2-1-5"", 0.0172]]","[[""1-4-2"", 0.0572], [""1-3-2"", 0.0675], [""1-4-3"", 0.0305], [""1-3-4"", 0.03]]",1-2,0.4147,False,False,0.7852,強,"{""逃げ"": 67.1, ""まくり"": 11.2, ""まくり差し"": 9.8, ""差し"": 6.4, ""抜き"": 4.9, ""恵まれ"": 0.7}","[""0〜600円"", ""600〜740円"", ""740〜890円"", ""890〜1050円"", ""1050〜1220円"", ""1220〜1410円"", ""1410〜1630円"", ""1630〜1890円"", ""1890〜2200円"", ""2200〜2560円"", ""2560〜3020円"", ""3020〜3570円"", ""3570〜4280円"", ""4280〜5210円"", ""5210〜6480円"", ""6480〜8300円"", ""8300〜11200円"", ""11200〜16230円"", ""16230〜28240円"", ""28240円〜""]","[7.2, 6.7, 7.2, 6.4, 6.1, 5.0, 5.2, 5.1, 5.0, 4.6, 3.8, 4.4, 3.5, 4.0, 3.7, 3.7, 3.4, 4.0, 4.8, 6.1]","[2.2, 1.7, 2.2, 1.4, 1.1, 0.0, 0.2, 0.1, 0.0, -0.4, -1.2, -0.6, -1.5, -1.0, -1.3, -1.3, -1.6, -1.0, -0.2, 1.1]"
20260912,17,12,1,64.1,"[[""1-2-3"", 0.0997], [""1-2-6"", 0.0906], [""1-2-4"", 0.0642], [""1-2-5"", 0.0384]]",2,15.2,"[[""2-1-3"", 0.0344], [""2-1-6"", 0.0313], [""2-1-4"", 0.0222], [""2-1-5"", 0.0133]]","[[""1-3-2"", 0.0697], [""1-6-2"", 0.0593], [""1-4-2"", 0.0399], [""1-3-6"", 0.03]]",1-2,0.4236,False,True,0.8201,強,"{""逃げ"": 67.1, ""まくり"": 11.2, ""まくり差し"": 9.8, ""差し"": 6.4, ""抜き"": 4.9, ""恵まれ"": 0.7}","[""0〜600円"", ""600〜740円"", ""740〜890円"", ""890〜1050円"", ""1050〜1220円"", ""1220〜1410円"", ""1410〜1630円"", ""1630〜1890円"", ""1890〜2200円"", ""2200〜2560円"", ""2560〜3020円"", ""3020〜3570円"", ""3570〜4280円"", ""4280〜5210円"", ""5210〜6480円"", ""6480〜8300円"", ""8300〜11200円"", ""11200〜16230円"", ""16230〜28240円"", ""28240円〜""]","[7.2, 6.7, 7.2, 6.4, 6.1, 5.0, 5.2, 5.1, 5.0, 4.6, 3.8, 4.4, 3.5, 4.0, 3.7, 3.7, 3.4, 4.0, 4.8, 6.1]","[2.2, 1.7, 2.2, 1.4, 1.1, 0.0, 0.2, 0.1, 0.0, -0.4, -1.2, -0.6, -1.5, -1.0, -1.3, -1.3, -1.6, -1.0, -0.2, 1.1]"
20260912,18,1,1,55.7,"[[""1-2-3"", 0.075], [""1-2-4"", 0.091], [""1-3-2"", 0.0591], [""1-4-2"", 0.0717], [""1-2-5"", 0.0505], [""1-3-4"", 0.0404], [""1-4-3"", 0.0403], [""1-5-2"", 0.0356], [""1-2-6"", 0.033]]",2,18.2,"[[""2-1-3"", 0.0252], [""2-1-4"", 0.0307], [""2-1-5"", 0.017], [""2-1-6"", 0.0111]]","[[""3-1-2"", 0.0189], [""4-1-2"", 0.0229], [""1-3-5"", 0.0224], [""1-4-5"", 0.0223]]",,,False,True,0.8201,強,"{""逃げ"": 72.6, ""差し"": 9.3, ""まくり"": 7.2, ""まくり差し"": 5.5, ""抜き"": 5.4, ""恵まれ"": 0.2}","[""0〜600円"", ""600〜740円"", ""740〜890円"", ""890〜1050円"", ""1050〜1220円"", ""1220〜1410円"", ""1410〜1630円"", ""1630〜1890円"", ""1890〜2200円"", ""2200〜2560円"", ""2560〜3020円"", ""3020〜3570円"", ""3570〜4280円"", ""4280〜5210円"", ""5210〜6480円"", ""6480〜8300円"", ""8300〜11200円"", ""11200〜16230円"", ""16230〜28240円"", ""28240円〜""]","[13.3, 10.0, 7.0, 6.7, 5.8, 5.8, 4.3, 4.3, 4.2, 3.8, 4.5, 3.5, 3.3, 3.0, 2.7, 3.2, 2.7, 3.5, 3.2, 5.4]","[8.3, 5.0, 2.0, 1.7, 0.8, 0.8, -0.7, -0.7, -0.8, -1.2, -0.5, -1.5, -1.7, -2.0, -2.3, -1.8, -2.3, -1.5, -1.8, 0.4]"
20260912,18,2,1,56.7,"[[""1-2-3"", 0.0728], [""1-3-2"", 0.0624], [""1-2-4"", 0.0616], [""1-2-5"", 0.0595], [""1-4-2"", 0.0481], [""1-5-2"", 0.0463], [""1-3-4"", 0.0364], [""1-3-5"", 0.0352], [""1-4-3"", 0.0332]]",2,27.3,"[[""2-1-3"", 0.0248], [""2-1-4"", 0.021], [""2-1-5"", 0.0203], [""2-1-6"", 0.0109]]","[[""1-5-3"", 0.0319], [""1-2-6"", 0.0319], [""3-1-2"", 0.0205], [""1-6-2"", 0.0227]]",,,False,True,0.8201,強,"{""逃げ"": 72.6, ""差し"": 9.3, ""まくり"": 7.2, ""まくり差し"": 5.5, ""抜き"": 5.4, ""恵まれ"": 0.2}","[""0〜600円"", ""600〜740円"", ""740〜890円"", ""890〜1050円"", ""1050〜1220円"", ""1220〜1410円"", ""1410〜1630円"", ""1630〜1890円"", ""1890〜2200円"", ""2200〜2560円"", ""2560〜3020円"", ""3020〜3570円"", ""3570〜4280円"", ""4280〜5210円"", ""5210〜6480円"", ""6480〜8300円"", ""8300〜11200円"", ""11200〜16230円"", ""16230〜28240円"", ""28240円〜""]","[13.3, 10.0, 7.0, 6.7, 5.8, 5.8, 4.3, 4.3, 4.2, 3.8, 4.5, 3.5, 3.3, 3.0, 2.7, 3.2, 2.7, 3.5, 3.2, 5.4]","[8.3, 5.0, 2.0, 1.7, 0.8, 0.8, -0.7, -0.7, -0.8, -1.2, -0.5, -1.5, -1.7, -2.0, -2.3, -1.8, -2.3, -1.5, -1.8, 0.4]"
20260912,18,3,1,56.4,"[[""1-2-3"", 0.0843], [""1-2-4"", 0.0777], [""1-2-5"", 0.0464], [""1-2-6"", 0.0348]]",2,22.9,"[[""2-1-3"", 0.0355], [""2-1-4"", 0.0327], [""2-1-5"", 0.0196], [""2-1-6"", 0.0147]]","[[""1-3-2"", 0.0649], [""1-4-2"", 0.0557], [""1-3-4"", 0.034], [""1-4-3"", 0.0317]]",1-2,0.372,False,True,0.8201,強,"{""逃げ"": 72.6, ""差し"": 9.3, ""まくり"": 7.2, ""まくり差し"": 5.5, ""抜き"": 5.4, ""恵まれ"": 0.2}","[""0〜600円"", ""600〜740円"", ""740〜890円"", ""890〜1050円"", ""1050〜1220円"", ""1220〜1410円"", ""1410〜1630円"", ""1630〜1890円"", ""1890〜2200円"", ""2200〜2560円"", ""2560〜3020円"", ""3020〜3570円"", ""3570〜4280円"", ""4280〜5210円"", ""5210〜6480円"", ""6480〜8300円"", ""8300〜11200円"", ""11200〜16230円"", ""16230〜28240円"", ""28240円〜""]","[13.3, 10.0, 7.0, 6.7, 5.8, 5.8, 4.3, 4.3, 4.2, 3.8, 4.5, 3.5, 3.3, 3.0, 2.7, 3.2, 2.7, 3.5, 3.2, 5.4]","[8.3, 5.0, 2.0, 1.7, 0.8, 0.8, -0.7, -0.7, -0.8, -1.2, -0.5, -1.5, -1.7, -2.0, -2.3, -1.8, -2.3, -1.5, -1.8, 0.4]"
20260912,18,4,1,51.6,"[[""1-3-5"", 0.0607], [""1-3-2"", 0.0696], [""1-3-4"", 0.0667], [""1-5-3"", 0.0474], [""1-2-3"", 0.0531], [""1-4-3"", 0.0505], [""1-3-6"", 0.0337], [""1-5-2"", 0.0287], [""1-2-5"", 0.028]]",3,31.1,"[[""3-1-5"", 0.0232], [""3-1-2"", 0.0266], [""3-1-4"", 0.0255], [""3-1-6"", 0.0129]]","[[""1-5-4"", 0.0275], [""1-4-5"", 0.0266], [""1-2-4"", 0.0242], [""1-4-2"", 0.024]]",,,False,False,0.7852,強,"{""逃げ"": 72.6, ""差し"": 9.3, ""まくり"": 7.2, ""まくり差し"": 5.5, ""抜き"": 5.4, ""恵まれ"": 0.2}","[""0〜600円"", ""600〜740円"", ""740〜890円"", ""890〜1050円"", ""1050〜1220円"", ""1220〜1410円"", ""1410〜1630円"", ""1630〜1890円"", ""1890〜2200円"", ""2200〜2560円"", ""2560〜3020円"", ""3020〜3570円"", ""3570〜4280円"", ""4280〜5210円"", ""5210〜6480円"", ""6480〜8300円"", ""8300〜11200円"", ""11200〜16230円"", ""16230〜28240円"", ""28240円〜""]","[13.3, 10.0, 7.0, 6.7, 5.8, 5.8, 4.3, 4.3, 4.2, 3.8, 4.5, 3.5, 3.3, 3.0, 2.7, 3.2, 2.7, 3.5, 3.2, 5.4]","[8.3, 5.0, 2.0, 1.7, 0.8, 0.8, -0.7, -0.7, -0.8, -1.2, -0.5, -1.5, -1.7, -2.0, -2.3, -1.8, -2.3, -1.5, -1.8, 0.4]"
20260912,18,5,1,53.3,"[[""1-3-2"", 0.0551], [""1-3-4"", 0.0611], [""1-2-3"", 0.046], [""1-4-3"", 0.0496], [""1-2-4"", 0.0331], [""1-4-2"", 0.0322], [""1-3-5"", 0.0315], [""1-5-3"", 0.0225], [""1-3-6"", 0.0225]]",3,19.3,"[[""3-1-2"", 0.0334], [""3-1-4"", 0.037], [""3-1-5"", 0.019], [""3-1-6"", 0.0136]]","[[""2-1-3"", 0.0258], [""4-1-3"", 0.0276], [""2-1-4"", 0.0186], [""3-2-1"", 0.015]]",,,False,True,0.8201,強,"{""逃げ"": 72.6, ""差し"": 9.3, ""まくり"": 7.2, ""まくり差し"": 5.5, ""抜き"": 5.4, ""恵まれ"": 0.2}","[""0〜600円"", ""600〜740円"", ""740〜890円"", ""890〜1050円"", ""1050〜1220円"", ""1220〜1410円"", ""1410〜1630円"", ""1630〜1890円"", ""1890〜2200円"", ""2200〜2560円"", ""2560〜3020円"", ""3020〜3570円"", ""3570〜4280円"", ""4280〜5210円"", ""5210〜6480円"", ""6480〜8300円"", ""8300〜11200円"", ""11200〜16230円"", ""16230〜28240円"", ""28240円〜""]","[13.3, 10.0, 7.0, 6.7, 5.8, 5.8, 4.3, 4.3, 4.2, 3.8, 4.5, 3.5, 3.3, 3.0, 2.7, 3.2, 2.7, 3.5, 3.2, 5.4]","[8.3, 5.0, 2.0, 1.7, 0.8, 0.8, -0.7, -0.7, -0.8, -1.2, -0.5, -1.5, -1.7, -2.0, -2.3, -1.8, -2.3, -1.5, -1.8, 0.4]"
20260912,18,6,1,52.8,"[[""1-2-3"", 0.0876], [""1-3-2"", 0.0802], [""1-2-4"", 0.0581], [""1-4-2"", 0.0447], [""1-3-4"", 0.0443], [""1-4-3"", 0.0372], [""1-2-6"", 0.0359], [""1-2-5"", 0.0349], [""1-3-6"", 0.0273]]",2,26.2,"[[""2-1-3"", 0.0329], [""2-1-4"", 0.0218], [""2-1-6"", 0.0135], [""2-1-5"", 0.0131]]","[[""3-1-2"", 0.0295], [""1-3-5"", 0.0266], [""1-6-2"", 0.0258], [""1-5-2"", 0.025]]",,,False,True,0.8201,強,"{""逃げ"": 72.6, ""差し"": 9.3, ""まくり"": 7.2, ""まくり差し"": 5.5, ""抜き"": 5.4, ""恵まれ"": 0.2}","[""0〜600円"", ""600〜740円"", ""740〜890円"", ""890〜1050円"", ""1050〜1220円"", ""1220〜1410円"", ""1410〜1630円"", ""1630〜1890円"", ""1890〜2200円"", ""2200〜2560円"", ""2560〜3020円"", ""3020〜3570円"", ""3570〜4280円"", ""4280〜5210円"", ""5210〜6480円"", ""6480〜8300円"", ""8300〜11200円"", ""11200〜16230円"", ""16230〜28240円"", ""28240円〜""]","[13.3, 10.0, 7.0, 6.7, 5.8, 5.8, 4.3, 4.3, 4.2, 3.8, 4.5, 3.5, 3.3, 3.0, 2.7, 3.2, 2.7, 3.5, 3.2, 5.4]","[8.3, 5.0, 2.0, 1.7, 0.8, 0.8, -0.7, -0.7, -0.8, -1.2, -0.5, -1.5, -1.7, -2.0, -2.3, -1.8, -2.3, -1.5, -1.8, 0.4]"
20260912,18,7,1,51.7,"[[""1-2-3"", 0.0663], [""1-3-2"", 0.0637], [""1-2-5"", 0.0465], [""1-2-4"", 0.0422], [""1-3-5"", 0.0408], [""1-5-2"", 0.0379], [""1-3-4"", 0.037], [""1-5-3"", 0.0346], [""1-4-2"", 0.0337]]",2,29.1,"[[""2-1-3"", 0.0328], [""2-1-5"", 0.023], [""2-1-4"", 0.0209]]","[[""3-1-2"", 0.0311], [""1-4-3"", 0.0308], [""3-1-5"", 0.0199], [""1-5-4"", 0.0181]]",,,False,True,0.8201,強,"{""逃げ"": 72.6, ""差し"": 9.3, ""まくり"": 7.2, ""まくり差し"": 5.5, ""抜き"": 5.4, ""恵まれ"": 0.2}","[""0〜600円"", ""600〜740円"", ""740〜890円"", ""890〜1050円"", ""1050〜1220円"", ""1220〜1410円"", ""1410〜1630円"", ""1630〜1890円"", ""1890〜2200円"", ""2200〜2560円"", ""2560〜3020円"", ""3020〜3570円"", ""3570〜4280円"", ""4280〜5210円"", ""5210〜6480円"", ""6480〜8300円"", ""8300〜11200円"", ""11200〜16230円"", ""16230〜28240円"", ""28240円〜""]","[13.3, 10.0, 7.0, 6.7, 5.8, 5.8, 4.3, 4.3, 4.2, 3.8, 4.5, 3.5, 3.3, 3.0, 2.7, 3.2, 2.7, 3.5, 3.2, 5.4]","[8.3, 5.0, 2.0, 1.7, 0.8, 0.8, -0.7, -0.7, -0.8, -1.2, -0.5, -1.5, -1.7, -2.0, -2.3, -1.8, -2.3, -1.5, -1.8, 0.4]"
20260912,18,8,1,54.8,"[[""1-2-4"", 0.0394], [""1-2-3"", 0.0442], [""1-4-2"", 0.0346], [""1-3-2"", 0.0374], [""1-2-5"", 0.0348], [""1-5-2"", 0.0281], [""1-4-3"", 0.027], [""1-2-6"", 0.0269], [""1-3-4"", 0.0261]]",2,20.4,"[[""2-1-4"", 0.0238], [""2-1-3"", 0.0266], [""2-1-5"", 0.021], [""2-1-6"", 0.0162]]","[[""4-1-2"", 0.0197], [""1-4-5"", 0.0212], [""3-1-2"", 0.021], [""1-6-2"", 0.0209]]",,,False,False,0.7852,強,"{""逃げ"": 72.6, ""差し"": 9.3, ""まくり"": 7.2, ""まくり差し"": 5.5, ""抜き"": 5.4, ""恵まれ"": 0.2}","[""0〜600円"", ""600〜740円"", ""740〜890円"", ""890〜1050円"", ""1050〜1220円"", ""1220〜1410円"", ""1410〜1630円"", ""1630〜1890円"", ""1890〜2200円"", ""2200〜2560円"", ""2560〜3020円"", ""3020〜3570円"", ""3570〜4280円"", ""4280〜5210円"", ""5210〜6480円"", ""6480〜8300円"", ""8300〜11200円"", ""11200〜16230円"", ""16230〜28240円"", ""28240円〜""]","[13.3, 10.0, 7.0, 6.7, 5.8, 5.8, 4.3, 4.3, 4.2, 3.8, 4.5, 3.5, 3.3, 3.0, 2.7, 3.2, 2.7, 3.5, 3.2, 5.4]","[8.3, 5.0, 2.0, 1.7, 0.8, 0.8, -0.7, -0.7, -0.8, -1.2, -0.5, -1.5, -1.7, -2.0, -2.3, -1.8, -2.3, -1.5, -1.8, 0.4]"
20260912,18,9,1,64.6,"[[""1-2-3"", 0.0678], [""1-3-2"", 0.0667], [""1-2-5"", 0.0462], [""1-3-5"", 0.0437], [""1-2-4"", 0.0414], [""1-3-4"", 0.0391], [""1-5-2"", 0.0385], [""1-5-3"", 0.037], [""1-4-2"", 0.0338]]",2,25.5,"[[""2-1-3"", 0.0267], [""2-1-5"", 0.0182], [""2-1-4"", 0.0163], [""2-1-6"", 0.0105]]","[[""1-4-3"", 0.0324], [""3-1-2"", 0.0262], [""1-2-6"", 0.0267], [""1-3-6"", 0.0252]]",,,False,True,0.8201,強,"{""逃げ"": 72.6, ""差し"": 9.3, ""まくり"": 7.2, ""まくり差し"": 5.5, ""抜き"": 5.4, ""恵まれ"": 0.2}","[""0〜600円"", ""600〜740円"", ""740〜890円"", ""890〜1050円"", ""1050〜1220円"", ""1220〜1410円"", ""1410〜1630円"", ""1630〜1890円"", ""1890〜2200円"", ""2200〜2560円"", ""2560〜3020円"", ""3020〜3570円"", ""3570〜4280円"", ""4280〜5210円"", ""5210〜6480円"", ""6480〜8300円"", ""8300〜11200円"", ""11200〜16230円"", ""16230〜28240円"", ""28240円〜""]","[13.3, 10.0, 7.0, 6.7, 5.8, 5.8, 4.3, 4.3, 4.2, 3.8, 4.5, 3.5, 3.3, 3.0, 2.7, 3.2, 2.7, 3.5, 3.2, 5.4]","[8.3, 5.0, 2.0, 1.7, 0.8, 0.8, -0.7, -0.7, -0.8, -1.2, -0.5, -1.5, -1.7, -2.0, -2.3, -1.8, -2.3, -1.5, -1.8, 0.4]"
20260912,18,10,1,56.6,"[[""1-2-3"", 0.0545], [""1-2-4"", 0.0659], [""1-3-2"", 0.0526], [""1-4-2"", 0.0635], [""1-3-4"", 0.0577], [""1-4-3"", 0.0576], [""1-2-5"", 0.0323], [""1-3-5"", 0.0283], [""1-4-5"", 0.028]]",2,24.1,"[[""2-1-3"", 0.0193], [""2-1-4"", 0.0233], [""2-1-5"", 0.0114]]","[[""1-5-2"", 0.0266], [""1-2-6"", 0.0245], [""1-5-3"", 0.0241], [""1-5-4"", 0.0239]]",,,False,True,0.8201,強,"{""逃げ"": 72.6, ""差し"": 9.3, ""まくり"": 7.2, ""まくり差し"": 5.5, ""抜き"": 5.4, ""恵まれ"": 0.2}","[""0〜600円"", ""600〜740円"", ""740〜890円"", ""890〜1050円"", ""1050〜1220円"", ""1220〜1410円"", ""1410〜1630円"", ""1630〜1890円"", ""1890〜2200円"", ""2200〜2560円"", ""2560〜3020円"", ""3020〜3570円"", ""3570〜4280円"", ""4280〜5210円"", ""5210〜6480円"", ""6480〜8300円"", ""8300〜11200円"", ""11200〜16230円"", ""16230〜28240円"", ""28240円〜""]","[13.3, 10.0, 7.0, 6.7, 5.8, 5.8, 4.3, 4.3, 4.2, 3.8, 4.5, 3.5, 3.3, 3.0, 2.7, 3.2, 2.7, 3.5, 3.2, 5.4]","[8.3, 5.0, 2.0, 1.7, 0.8, 0.8, -0.7, -0.7, -0.8, -1.2, -0.5, -1.5, -1.7, -2.0, -2.3, -1.8, -2.3, -1.5, -1.8, 0.4]"
20260912,18,11,1,61.4,"[[""1-2-3"", 0.0571], [""1-2-4"", 0.0696], [""1-3-2"", 0.0509], [""1-4-2"", 0.062], [""1-3-4"", 0.0458], [""1-4-3"", 0.0458], [""1-2-5"", 0.0343], [""1-2-6"", 0.028], [""1-5-2"", 0.0265]]",2,29.5,"[[""2-1-3"", 0.0238], [""2-1-4"", 0.029], [""2-1-5"", 0.0143], [""2-1-6"", 0.0117]]","[[""3-1-2"", 0.0205], [""4-1-2"", 0.0249], [""1-3-5"", 0.0226], [""1-4-5"", 0.0226]]",,,False,True,0.8201,強,"{""逃げ"": 72.6, ""差し"": 9.3, ""まくり"": 7.2, ""まくり差し"": 5.5, ""抜き"": 5.4, ""恵まれ"": 0.2}","[""0〜600円"", ""600〜740円"", ""740〜890円"", ""890〜1050円"", ""1050〜1220円"", ""1220〜1410円"", ""1410〜1630円"", ""1630〜1890円"", ""1890〜2200円"", ""2200〜2560円"", ""2560〜3020円"", ""3020〜3570円"", ""3570〜4280円"", ""4280〜5210円"", ""5210〜6480円"", ""6480〜8300円"", ""8300〜11200円"", ""11200〜16230円"", ""16230〜28240円"", ""28240円〜""]","[13.3, 10.0, 7.0, 6.7, 5.8, 5.8, 4.3, 4.3, 4.2, 3.8, 4.5, 3.5, 3.3, 3.0, 2.7, 3.2, 2.7, 3.5, 3.2, 5.4]","[8.3, 5.0, 2.0, 1.7, 0.8, 0.8, -0.7, -0.7, -0.8, -1.2, -0.5, -1.5, -1.7, -2.0, -2.3, -1.8, -2.3, -1.5, -1.8, 0.4]"
20260912,18,12,1,58.4,"[[""1-2-3"", 0.053], [""1-2-4"", 0.0622], [""1-3-2"", 0.0474], [""1-4-2"", 0.055], [""1-2-5"", 0.0459], [""1-3-4"", 0.0408], [""1-4-3"", 0.0403], [""1-5-2"", 0.0378], [""1-3-5"", 0.0301]]",2,29.0,"[[""2-1-3"", 0.0213], [""2-1-4"", 0.025], [""2-1-5"", 0.0184], [""2-1-6"", 0.0101]]","[[""1-4-5"", 0.0286], [""1-5-3"", 0.0277], [""1-5-4"", 0.0267], [""1-2-6"", 0.0252]]",,,False,True,0.8201,強,"{""逃げ"": 72.6, ""差し"": 9.3, ""まくり"": 7.2, ""まくり差し"": 5.5, ""抜き"": 5.4, ""恵まれ"": 0.2}","[""0〜600円"", ""600〜740円"", ""740〜890円"", ""890〜1050円"", ""1050〜1220円"", ""1220〜1410円"", ""1410〜1630円"", ""1630〜1890円"", ""1890〜2200円"", ""2200〜2560円"", ""2560〜3020円"", ""3020〜3570円"", ""3570〜4280円"", ""4280〜5210円"", ""5210〜6480円"", ""6480〜8300円"", ""8300〜11200円"", ""11200〜16230円"", ""16230〜28240円"", ""28240円〜""]","[13.3, 10.0, 7.0, 6.7, 5.8, 5.8, 4.3, 4.3, 4.2, 3.8, 4.5, 3.5, 3.3, 3.0, 2.7, 3.2, 2.7, 3.5, 3.2, 5.4]","[8.3, 5.0, 2.0, 1.7, 0.8, 0.8, -0.7, -0.7, -0.8, -1.2, -0.5, -1.5, -1.7, -2.0, -2.3, -1.8, -2.3, -1.5, -1.8, 0.4]"
20260912,20,1,1,52.6,"[[""1-2-4"", 0.0534], [""1-2-3"", 0.0623], [""1-2-6"", 0.0164]]",2,26.7,"[[""2-1-4"", 0.0495], [""2-1-3"", 0.0579], [""2-1-6"", 0.0152]]","[[""1-4-2"", 0.0399], [""1-3-2"", 0.0454], [""2-4-1"", 0.0336], [""4-1-2"", 0.0316]]",1-2,0.2901,False,False,0.7852,弱,"{""逃げ"": 37.4, ""まくり"": 21.4, ""差し"": 17.1, ""まくり差し"": 14.1, ""抜き"": 9.3, ""恵まれ"": 0.8}","[""0〜600円"", ""600〜740円"", ""740〜890円"", ""890〜1050円"", ""1050〜1220円"", ""1220〜1410円"", ""1410〜1630円"", ""1630〜1890円"", ""1890〜2200円"", ""2200〜2560円"", ""2560〜3020円"", ""3020〜3570円"", ""3570〜4280円"", ""4280〜5210円"", ""5210〜6480円"", ""6480〜8300円"", ""8300〜11200円"", ""11200〜16230円"", ""16230〜28240円"", ""28240円〜""]","[1.1, 1.4, 2.1, 2.5, 3.3, 4.3, 4.2, 5.1, 5.6, 5.5, 5.4, 7.0, 6.4, 6.8, 6.3, 6.9, 7.6, 6.6, 6.7, 5.4]","[-3.9, -3.6, -2.9, -2.5, -1.7, -0.7, -0.8, 0.1, 0.6, 0.5, 0.4, 2.0, 1.4, 1.8, 1.3, 1.9, 2.6, 1.6, 1.7, 0.4]"
20260912,20,2,1,36.8,"[[""1-5-4"", 0.0501], [""1-5-2"", 0.0603], [""1-4-5"", 0.043], [""1-2-5"", 0.0507], [""1-5-3"", 0.0421], [""1-4-2"", 0.0358], [""1-2-4"", 0.0352], [""1-3-5"", 0.0325], [""1-4-3"", 0.0251]]",5,28.7,"[[""5-1-4"", 0.0319], [""5-1-2"", 0.0384], [""5-1-3"", 0.0268]]","[[""4-1-5"", 0.0256], [""2-1-5"", 0.03], [""1-2-3"", 0.0232], [""1-3-4"", 0.0226]]",,,False,False,0.7852,中,"{""逃げ"": 52.8, ""まくり"": 15.0, ""まくり差し"": 11.4, ""差し"": 12.0, ""抜き"": 7.9, ""恵まれ"": 1.0}","[""0〜600円"", ""600〜740円"", ""740〜890円"", ""890〜1050円"", ""1050〜1220円"", ""1220〜1410円"", ""1410〜1630円"", ""1630〜1890円"", ""1890〜2200円"", ""2200〜2560円"", ""2560〜3020円"", ""3020〜3570円"", ""3570〜4280円"", ""4280〜5210円"", ""5210〜6480円"", ""6480〜8300円"", ""8300〜11200円"", ""11200〜16230円"", ""16230〜28240円"", ""28240円〜""]","[4.3, 4.8, 5.1, 4.6, 5.0, 5.0, 5.1, 4.4, 4.8, 4.4, 6.0, 4.4, 5.1, 4.9, 5.4, 5.1, 5.2, 5.2, 5.6, 5.6]","[-0.7, -0.2, 0.1, -0.4, 0.0, -0.0, 0.1, -0.6, -0.2, -0.6, 1.0, -0.6, 0.1, -0.1, 0.4, 0.1, 0.2, 0.2, 0.6, 0.6]"
20260912,20,3,1,45.2,"[[""1-5-3"", 0.0516], [""1-5-2"", 0.0648], [""1-3-5"", 0.0406], [""1-2-5"", 0.0507], [""1-3-2"", 0.0297], [""1-2-3"", 0.0296], [""1-5-4"", 0.0252], [""1-5-6"", 0.0171], [""1-4-5"", 0.0167]]",5,24.7,"[[""5-1-3"", 0.0373], [""5-1-2"", 0.0468], [""5-1-4"", 0.0182], [""5-1-6"", 0.0124]]","[[""3-1-5"", 0.0262], [""2-1-5"", 0.0326], [""5-3-1"", 0.0196], [""5-2-1"", 0.0245]]",,,False,False,0.7852,弱,"{""逃げ"": 37.4, ""まくり"": 21.4, ""差し"": 17.1, ""まくり差し"": 14.1, ""抜き"": 9.3, ""恵まれ"": 0.8}","[""0〜600円"", ""600〜740円"", ""740〜890円"", ""890〜1050円"", ""1050〜1220円"", ""1220〜1410円"", ""1410〜1630円"", ""1630〜1890円"", ""1890〜2200円"", ""2200〜2560円"", ""2560〜3020円"", ""3020〜3570円"", ""3570〜4280円"", ""4280〜5210円"", ""5210〜6480円"", ""6480〜8300円"", ""8300〜11200円"", ""11200〜16230円"", ""16230〜28240円"", ""28240円〜""]","[1.1, 1.4, 2.1, 2.5, 3.3, 4.3, 4.2, 5.1, 5.6, 5.5, 5.4, 7.0, 6.4, 6.8, 6.3, 6.9, 7.6, 6.6, 6.7, 5.4]","[-3.9, -3.6, -2.9, -2.5, -1.7, -0.7, -0.8, 0.1, 0.6, 0.5, 0.4, 2.0, 1.4, 1.8, 1.3, 1.9, 2.6, 1.6, 1.7, 0.4]"
20260912,20,4,1,40.0,"[[""1-2-6"", 0.0472], [""1-6-2"", 0.0432], [""1-2-3"", 0.0509], [""1-3-2"", 0.0442], [""1-2-5"", 0.042], [""1-6-3"", 0.0372], [""1-3-6"", 0.0354], [""1-5-2"", 0.0349], [""1-6-5"", 0.0307]]",2,30.2,"[[""2-1-6"", 0.0275], [""2-1-3"", 0.0297], [""2-1-5"", 0.0245]]","[[""6-1-2"", 0.0243], [""1-5-6"", 0.0279], [""1-3-5"", 0.0247], [""3-1-2"", 0.0243]]",,,False,False,0.7852,中,"{""逃げ"": 52.8, ""まくり"": 15.0, ""まくり差し"": 11.4, ""差し"": 12.0, ""抜き"": 7.9, ""恵まれ"": 1.0}","[""0〜600円"", ""600〜740円"", ""740〜890円"", ""890〜1050円"", ""1050〜1220円"", ""1220〜1410円"", ""1410〜1630円"", ""1630〜1890円"", ""1890〜2200円"", ""2200〜2560円"", ""2560〜3020円"", ""3020〜3570円"", ""3570〜4280円"", ""4280〜5210円"", ""5210〜6480円"", ""6480〜8300円"", ""8300〜11200円"", ""11200〜16230円"", ""16230〜28240円"", ""28240円〜""]","[4.3, 4.8, 5.1, 4.6, 5.0, 5.0, 5.1, 4.4, 4.8, 4.4, 6.0, 4.4, 5.1, 4.9, 5.4, 5.1, 5.2, 5.2, 5.6, 5.6]","[-0.7, -0.2, 0.1, -0.4, 0.0, -0.0, 0.1, -0.6, -0.2, -0.6, 1.0, -0.6, 0.1, -0.1, 0.4, 0.1, 0.2, 0.2, 0.6, 0.6]"
20260912,20,5,1,46.2,"[[""1-2-4"", 0.1467], [""1-2-3"", 0.1709], [""1-2-5"", 0.0335]]",2,38.4,"[[""2-1-4"", 0.0453], [""2-1-3"", 0.0528], [""2-1-5"", 0.0103]]","[[""1-4-2"", 0.0877], [""1-3-2"", 0.101], [""1-4-3"", 0.0415], [""1-3-4"", 0.041]]",1-2,0.5103,True,True,0.8201,強,"{""逃げ"": 66.0, ""差し"": 8.6, ""まくり"": 9.8, ""まくり差し"": 8.1, ""抜き"": 6.9, ""恵まれ"": 0.6}","[""0〜600円"", ""600〜740円"", ""740〜890円"", ""890〜1050円"", ""1050〜1220円"", ""1220〜1410円"", ""1410〜1630円"", ""1630〜1890円"", ""1890〜2200円"", ""2200〜2560円"", ""2560〜3020円"", ""3020〜3570円"", ""3570〜4280円"", ""4280〜5210円"", ""5210〜6480円"", ""6480〜8300円"", ""8300〜11200円"", ""11200〜16230円"", ""16230〜28240円"", ""28240円〜""]","[10.4, 7.5, 5.9, 6.1, 5.9, 6.1, 4.1, 4.6, 4.7, 4.1, 4.2, 4.3, 3.8, 3.7, 3.6, 3.3, 3.8, 4.2, 4.2, 5.4]","[5.4, 2.5, 0.9, 1.1, 0.9, 1.1, -0.9, -0.4, -0.3, -0.9, -0.8, -0.7, -1.2, -1.3, -1.4, -1.7, -1.2, -0.8, -0.8, 0.4]"
20260912,20,6,1,45.9,"[[""1-3-2"", 0.0705], [""1-3-6"", 0.0855], [""1-3-4"", 0.0761]]",3,23.7,"[[""3-1-2"", 0.0365], [""3-1-6"", 0.0443], [""3-1-4"", 0.0394]]","[[""1-2-3"", 0.049], [""1-6-3"", 0.0588], [""1-4-3"", 0.051], [""2-1-3"", 0.0225]]",1-3,0.3875,False,False,0.7852,中,"{""逃げ"": 52.8, ""まくり"": 15.0, ""まくり差し"": 11.4, ""差し"": 12.0, ""抜き"": 7.9, ""恵まれ"": 1.0}","[""0〜600円"", ""600〜740円"", ""740〜890円"", ""890〜1050円"", ""1050〜1220円"", ""1220〜1410円"", ""1410〜1630円"", ""1630〜1890円"", ""1890〜2200円"", ""2200〜2560円"", ""2560〜3020円"", ""3020〜3570円"", ""3570〜4280円"", ""4280〜5210円"", ""5210〜6480円"", ""6480〜8300円"", ""8300〜11200円"", ""11200〜16230円"", ""16230〜28240円"", ""28240円〜""]","[4.3, 4.8, 5.1, 4.6, 5.0, 5.0, 5.1, 4.4, 4.8, 4.4, 6.0, 4.4, 5.1, 4.9, 5.4, 5.1, 5.2, 5.2, 5.6, 5.6]","[-0.7, -0.2, 0.1, -0.4, 0.0, -0.0, 0.1, -0.6, -0.2, -0.6, 1.0, -0.6, 0.1, -0.1, 0.4, 0.1, 0.2, 0.2, 0.6, 0.6]"
20260912,20,7,1,56.0,"[[""1-3-5"", 0.1012], [""1-3-4"", 0.1076], [""1-3-2"", 0.0834], [""1-3-6"", 0.0283]]",3,18.7,"[[""3-1-5"", 0.0461], [""3-1-4"", 0.0491], [""3-1-2"", 0.038], [""3-1-6"", 0.0129]]","[[""1-5-3"", 0.0549], [""1-4-3"", 0.0565], [""1-2-3"", 0.0423], [""5-1-3"", 0.0213]]",1-3,0.5069,False,False,0.7852,強,"{""逃げ"": 66.0, ""差し"": 8.6, ""まくり"": 9.8, ""まくり差し"": 8.1, ""抜き"": 6.9, ""恵まれ"": 0.6}","[""0〜600円"", ""600〜740円"", ""740〜890円"", ""890〜1050円"", ""1050〜1220円"", ""1220〜1410円"", ""1410〜1630円"", ""1630〜1890円"", ""1890〜2200円"", ""2200〜2560円"", ""2560〜3020円"", ""3020〜3570円"", ""3570〜4280円"", ""4280〜5210円"", ""5210〜6480円"", ""6480〜8300円"", ""8300〜11200円"", ""11200〜16230円"", ""16230〜28240円"", ""28240円〜""]","[10.4, 7.5, 5.9, 6.1, 5.9, 6.1, 4.1, 4.6, 4.7, 4.1, 4.2, 4.3, 3.8, 3.7, 3.6, 3.3, 3.8, 4.2, 4.2, 5.4]","[5.4, 2.5, 0.9, 1.1, 0.9, 1.1, -0.9, -0.4, -0.3, -0.9, -0.8, -0.7, -1.2, -1.3, -1.4, -1.7, -1.2, -0.8, -0.8, 0.4]"
20260912,20,8,1,56.7,"[[""1-2-3"", 0.1092], [""1-2-4"", 0.0589], [""1-2-5"", 0.0292], [""1-2-6"", 0.0231]]",2,26.0,"[[""2-1-3"", 0.0529], [""2-1-4"", 0.0286], [""2-1-5"", 0.0142], [""2-1-6"", 0.0112]]","[[""1-3-2"", 0.0949], [""3-1-2"", 0.0441], [""1-4-2"", 0.0405], [""1-3-4"", 0.0401]]",1-2,0.3628,False,True,0.8201,中,"{""逃げ"": 52.8, ""まくり"": 15.0, ""まくり差し"": 11.4, ""差し"": 12.0, ""抜き"": 7.9, ""恵まれ"": 1.0}","[""0〜600円"", ""600〜740円"", ""740〜890円"", ""890〜1050円"", ""1050〜1220円"", ""1220〜1410円"", ""1410〜1630円"", ""1630〜1890円"", ""1890〜2200円"", ""2200〜2560円"", ""2560〜3020円"", ""3020〜3570円"", ""3570〜4280円"", ""4280〜5210円"", ""5210〜6480円"", ""6480〜8300円"", ""8300〜11200円"", ""11200〜16230円"", ""16230〜28240円"", ""28240円〜""]","[4.3, 4.8, 5.1, 4.6, 5.0, 5.0, 5.1, 4.4, 4.8, 4.4, 6.0, 4.4, 5.1, 4.9, 5.4, 5.1, 5.2, 5.2, 5.6, 5.6]","[-0.7, -0.2, 0.1, -0.4, 0.0, -0.0, 0.1, -0.6, -0.2, -0.6, 1.0, -0.6, 0.1, -0.1, 0.4, 0.1, 0.2, 0.2, 0.6, 0.6]"
20260912,20,9,1,55.2,"[[""1-2-5"", 0.11], [""1-2-4"", 0.1248], [""1-2-6"", 0.0576], [""1-2-3"", 0.0344]]",2,26.5,"[[""2-1-5"", 0.0257], [""2-1-4"", 0.0292], [""2-1-6"", 0.0135]]","[[""1-5-2"", 0.0767], [""1-4-2"", 0.0845], [""1-5-4"", 0.0413], [""1-4-5"", 0.0401]]",1-2,0.4405,False,False,0.7852,強,"{""逃げ"": 66.0, ""差し"": 8.6, ""まくり"": 9.8, ""まくり差し"": 8.1, ""抜き"": 6.9, ""恵まれ"": 0.6}","[""0〜600円"", ""600〜740円"", ""740〜890円"", ""890〜1050円"", ""1050〜1220円"", ""1220〜1410円"", ""1410〜1630円"", ""1630〜1890円"", ""1890〜2200円"", ""2200〜2560円"", ""2560〜3020円"", ""3020〜3570円"", ""3570〜4280円"", ""4280〜5210円"", ""5210〜6480円"", ""6480〜8300円"", ""8300〜11200円"", ""11200〜16230円"", ""16230〜28240円"", ""28240円〜""]","[10.4, 7.5, 5.9, 6.1, 5.9, 6.1, 4.1, 4.6, 4.7, 4.1, 4.2, 4.3, 3.8, 3.7, 3.6, 3.3, 3.8, 4.2, 4.2, 5.4]","[5.4, 2.5, 0.9, 1.1, 0.9, 1.1, -0.9, -0.4, -0.3, -0.9, -0.8, -0.7, -1.2, -1.3, -1.4, -1.7, -1.2, -0.8, -0.8, 0.4]"
20260912,20,10,1,53.5,"[[""1-3-4"", 0.0655], [""1-4-3"", 0.0643], [""1-3-6"", 0.0502], [""1-3-5"", 0.0488], [""1-4-6"", 0.0469], [""1-4-5"", 0.0456], [""1-6-3"", 0.043], [""1-5-3"", 0.0416], [""1-3-2"", 0.0413]]",3,34.5,"[[""3-1-4"", 0.0143], [""3-1-6"", 0.011], [""3-1-5"", 0.0106]]","[[""1-6-4"", 0.041], [""1-5-4"", 0.0396], [""1-4-2"", 0.0385], [""1-2-3"", 0.0342]]",,,False,False,0.7852,強,"{""逃げ"": 66.0, ""差し"": 8.6, ""まくり"": 9.8, ""まくり差し"": 8.1, ""抜き"": 6.9, ""恵まれ"": 0.6}","[""0〜600円"", ""600〜740円"", ""740〜890円"", ""890〜1050円"", ""1050〜1220円"", ""1220〜1410円"", ""1410〜1630円"", ""1630〜1890円"", ""1890〜2200円"", ""2200〜2560円"", ""2560〜3020円"", ""3020〜3570円"", ""3570〜4280円"", ""4280〜5210円"", ""5210〜6480円"", ""6480〜8300円"", ""8300〜11200円"", ""11200〜16230円"", ""16230〜28240円"", ""28240円〜""]","[10.4, 7.5, 5.9, 6.1, 5.9, 6.1, 4.1, 4.6, 4.7, 4.1, 4.2, 4.3, 3.8, 3.7, 3.6, 3.3, 3.8, 4.2, 4.2, 5.4]","[5.4, 2.5, 0.9, 1.1, 0.9, 1.1, -0.9, -0.4, -0.3, -0.9, -0.8, -0.7, -1.2, -1.3, -1.4, -1.7, -1.2, -0.8, -0.8, 0.4]"
20260912,20,11,1,56.9,"[[""1-2-3"", 0.0779], [""1-2-4"", 0.0819], [""1-2-6"", 0.0425], [""1-2-5"", 0.0423]]",3,37.2,"[[""3-1-2"", 0.0239], [""3-1-4"", 0.012]]","[[""1-3-2"", 0.0556], [""1-4-2"", 0.0565], [""2-1-3"", 0.0372], [""2-1-4"", 0.0391]]",,,False,True,0.8201,強,"{""逃げ"": 66.0, ""差し"": 8.6, ""まくり"": 9.8, ""まくり差し"": 8.1, ""抜き"": 6.9, ""恵まれ"": 0.6}","[""0〜600円"", ""600〜740円"", ""740〜890円"", ""890〜1050円"", ""1050〜1220円"", ""1220〜1410円"", ""1410〜1630円"", ""1630〜1890円"", ""1890〜2200円"", ""2200〜2560円"", ""2560〜3020円"", ""3020〜3570円"", ""3570〜4280円"", ""4280〜5210円"", ""5210〜6480円"", ""6480〜8300円"", ""8300〜11200円"", ""11200〜16230円"", ""16230〜28240円"", ""28240円〜""]","[10.4, 7.5, 5.9, 6.1, 5.9, 6.1, 4.1, 4.6, 4.7, 4.1, 4.2, 4.3, 3.8, 3.7, 3.6, 3.3, 3.8, 4.2, 4.2, 5.4]","[5.4, 2.5, 0.9, 1.1, 0.9, 1.1, -0.9, -0.4, -0.3, -0.9, -0.8, -0.7, -1.2, -1.3, -1.4, -1.7, -1.2, -0.8, -0.8, 0.4]"
20260912,20,12,1,58.0,"[[""1-4-3"", 0.0439], [""1-3-4"", 0.0422], [""1-4-2"", 0.0499], [""1-4-5"", 0.0488], [""1-2-4"", 0.0464], [""1-5-4"", 0.0451], [""1-3-2"", 0.043], [""1-3-5"", 0.0421], [""1-2-3"", 0.0416]]",3,38.2,"[[""3-1-4"", 0.0185], [""3-1-2"", 0.0189], [""3-1-5"", 0.0184]]","[[""1-5-3"", 0.0404], [""1-2-5"", 0.0363], [""1-5-2"", 0.0361], [""4-1-3"", 0.0195]]",,,False,False,0.7852,強,"{""逃げ"": 66.0, ""差し"": 8.6, ""まくり"": 9.8, ""まくり差し"": 8.1, ""抜き"": 6.9, ""恵まれ"": 0.6}","[""0〜600円"", ""600〜740円"", ""740〜890円"", ""890〜1050円"", ""1050〜1220円"", ""1220〜1410円"", ""1410〜1630円"", ""1630〜1890円"", ""1890〜2200円"", ""2200〜2560円"", ""2560〜3020円"", ""3020〜3570円"", ""3570〜4280円"", ""4280〜5210円"", ""5210〜6480円"", ""6480〜8300円"", ""8300〜11200円"", ""11200〜16230円"", ""16230〜28240円"", ""28240円〜""]","[10.4, 7.5, 5.9, 6.1, 5.9, 6.1, 4.1, 4.6, 4.7, 4.1, 4.2, 4.3, 3.8, 3.7, 3.6, 3.3, 3.8, 4.2, 4.2, 5.4]","[5.4, 2.5, 0.9, 1.1, 0.9, 1.1, -0.9, -0.4, -0.3, -0.9, -0.8, -0.7, -1.2, -1.3, -1.4, -1.7, -1.2, -0.8, -0.8, 0.4]"
20260912,21,1,1,48.0,"[[""1-3-2"", 0.0997], [""1-2-3"", 0.0926], [""1-3-4"", 0.0735], [""1-2-4"", 0.0589], [""1-3-5"", 0.0503], [""1-2-5"", 0.0404]]",3,45.9,"[[""3-1-2"", 0.0326], [""3-1-4"", 0.024], [""3-1-5"", 0.0164]]","[[""1-4-3"", 0.058], [""1-4-2"", 0.0501], [""1-5-3"", 0.0371], [""2-1-3"", 0.0298]]",,,False,True,0.8201,中,"{""逃げ"": 52.3, ""まくり"": 17.8, ""まくり差し"": 12.2, ""差し"": 9.7, ""抜き"": 7.0, ""恵まれ"": 1.0}","[""0〜600円"", ""600〜740円"", ""740〜890円"", ""890〜1050円"", ""1050〜1220円"", ""1220〜1410円"", ""1410〜1630円"", ""1630〜1890円"", ""1890〜2200円"", ""2200〜2560円"", ""2560〜3020円"", ""3020〜3570円"", ""3570〜4280円"", ""4280〜5210円"", ""5210〜6480円"", ""6480〜8300円"", ""8300〜11200円"", ""11200〜16230円"", ""16230〜28240円"", ""28240円〜""]","[4.9, 4.5, 5.7, 5.4, 6.5, 4.9, 5.1, 4.2, 3.9, 5.3, 3.6, 5.0, 4.4, 4.6, 4.6, 5.5, 5.4, 4.9, 5.2, 6.3]","[-0.1, -0.5, 0.7, 0.4, 1.5, -0.1, 0.1, -0.8, -1.1, 0.3, -1.4, 0.0, -0.6, -0.4, -0.4, 0.5, 0.4, -0.1, 0.2, 1.3]"
20260912,21,2,1,39.5,"[[""1-4-3"", 0.1276], [""1-4-2"", 0.0807], [""1-4-6"", 0.0574]]",4,31.4,"[[""4-1-3"", 0.074], [""4-1-2"", 0.0468], [""4-1-6"", 0.0333]]","[[""1-3-4"", 0.0759], [""3-1-4"", 0.0374], [""1-2-4"", 0.0414], [""4-3-1"", 0.0225]]",1-4,0.4844,False,False,0.7852,中,"{""逃げ"": 52.3, ""まくり"": 17.8, ""まくり差し"": 12.2, ""差し"": 9.7, ""抜き"": 7.0, ""恵まれ"": 1.0}","[""0〜600円"", ""600〜740円"", ""740〜890円"", ""890〜1050円"", ""1050〜1220円"", ""1220〜1410円"", ""1410〜1630円"", ""1630〜1890円"", ""1890〜2200円"", ""2200〜2560円"", ""2560〜3020円"", ""3020〜3570円"", ""3570〜4280円"", ""4280〜5210円"", ""5210〜6480円"", ""6480〜8300円"", ""8300〜11200円"", ""11200〜16230円"", ""16230〜28240円"", ""28240円〜""]","[4.9, 4.5, 5.7, 5.4, 6.5, 4.9, 5.1, 4.2, 3.9, 5.3, 3.6, 5.0, 4.4, 4.6, 4.6, 5.5, 5.4, 4.9, 5.2, 6.3]","[-0.1, -0.5, 0.7, 0.4, 1.5, -0.1, 0.1, -0.8, -1.1, 0.3, -1.4, 0.0, -0.6, -0.4, -0.4, 0.5, 0.4, -0.1, 0.2, 1.3]"
20260912,21,3,3,48.7,"[[""3-1-2"", 0.0796], [""3-1-5"", 0.0981], [""3-1-4"", 0.038], [""3-1-6"", 0.0142]]",1,29.2,"[[""1-3-2"", 0.0785], [""1-3-5"", 0.0967], [""1-3-4"", 0.0374], [""1-3-6"", 0.014]]","[[""3-2-1"", 0.0338], [""1-2-3"", 0.0328], [""3-5-1"", 0.0414], [""1-5-3"", 0.0401]]",1-3,0.4998,False,False,0.7852,強,"{""逃げ"": 66.2, ""まくり"": 10.8, ""まくり差し"": 10.7, ""抜き"": 6.1, ""差し"": 5.4, ""恵まれ"": 0.9}","[""0〜600円"", ""600〜740円"", ""740〜890円"", ""890〜1050円"", ""1050〜1220円"", ""1220〜1410円"", ""1410〜1630円"", ""1630〜1890円"", ""1890〜2200円"", ""2200〜2560円"", ""2560〜3020円"", ""3020〜3570円"", ""3570〜4280円"", ""4280〜5210円"", ""5210〜6480円"", ""6480〜8300円"", ""8300〜11200円"", ""11200〜16230円"", ""16230〜28240円"", ""28240円〜""]","[8.6, 7.6, 6.1, 6.6, 6.1, 5.5, 5.0, 5.0, 4.4, 3.9, 4.2, 4.1, 3.5, 4.0, 3.3, 3.7, 4.3, 3.9, 4.0, 6.1]","[3.6, 2.6, 1.1, 1.6, 1.1, 0.5, -0.0, 0.0, -0.6, -1.1, -0.8, -0.9, -1.5, -1.0, -1.7, -1.3, -0.7, -1.1, -1.0, 1.1]"
20260912,21,4,1,54.3,"[[""1-3-5"", 0.1002], [""1-5-3"", 0.0906], [""1-3-4"", 0.0901], [""1-4-3"", 0.0729], [""1-5-4"", 0.0659], [""1-4-5"", 0.0589], [""1-3-6"", 0.0367], [""1-3-2"", 0.0315], [""1-5-6"", 0.0268]]",3,21.4,"[[""3-1-5"", 0.0211], [""3-1-4"", 0.019]]","[[""1-6-3"", 0.0258], [""5-1-3"", 0.0188], [""1-5-2"", 0.023], [""1-2-3"", 0.0219]]",,,False,False,0.7852,強,"{""逃げ"": 66.2, ""まくり"": 10.8, ""まくり差し"": 10.7, ""抜き"": 6.1, ""差し"": 5.4, ""恵まれ"": 0.9}","[""0〜600円"", ""600〜740円"", ""740〜890円"", ""890〜1050円"", ""1050〜1220円"", ""1220〜1410円"", ""1410〜1630円"", ""1630〜1890円"", ""1890〜2200円"", ""2200〜2560円"", ""2560〜3020円"", ""3020〜3570円"", ""3570〜4280円"", ""4280〜5210円"", ""5210〜6480円"", ""6480〜8300円"", ""8300〜11200円"", ""11200〜16230円"", ""16230〜28240円"", ""28240円〜""]","[8.6, 7.6, 6.1, 6.6, 6.1, 5.5, 5.0, 5.0, 4.4, 3.9, 4.2, 4.1, 3.5, 4.0, 3.3, 3.7, 4.3, 3.9, 4.0, 6.1]","[3.6, 2.6, 1.1, 1.6, 1.1, 0.5, -0.0, 0.0, -0.6, -1.1, -0.8, -0.9, -1.5, -1.0, -1.7, -1.3, -0.7, -1.1, -1.0, 1.1]"
20260912,21,5,1,58.9,"[[""1-4-5"", 0.0907], [""1-4-2"", 0.0905], [""1-4-6"", 0.0445], [""1-4-3"", 0.0256]]",4,24.4,"[[""4-1-5"", 0.0352], [""4-1-2"", 0.0351], [""4-1-6"", 0.0173]]","[[""1-5-4"", 0.0703], [""1-2-4"", 0.0656], [""1-5-2"", 0.0414], [""1-2-5"", 0.0387]]",1-4,0.3832,False,False,0.7852,中,"{""逃げ"": 52.3, ""まくり"": 17.8, ""まくり差し"": 12.2, ""差し"": 9.7, ""抜き"": 7.0, ""恵まれ"": 1.0}","[""0〜600円"", ""600〜740円"", ""740〜890円"", ""890〜1050円"", ""1050〜1220円"", ""1220〜1410円"", ""1410〜1630円"", ""1630〜1890円"", ""1890〜2200円"", ""2200〜2560円"", ""2560〜3020円"", ""3020〜3570円"", ""3570〜4280円"", ""4280〜5210円"", ""5210〜6480円"", ""6480〜8300円"", ""8300〜11200円"", ""11200〜16230円"", ""16230〜28240円"", ""28240円〜""]","[4.9, 4.5, 5.7, 5.4, 6.5, 4.9, 5.1, 4.2, 3.9, 5.3, 3.6, 5.0, 4.4, 4.6, 4.6, 5.5, 5.4, 4.9, 5.2, 6.3]","[-0.1, -0.5, 0.7, 0.4, 1.5, -0.1, 0.1, -0.8, -1.1, 0.3, -1.4, 0.0, -0.6, -0.4, -0.4, 0.5, 0.4, -0.1, 0.2, 1.3]"
20260912,21,6,1,55.8,"[[""1-6-2"", 0.0433], [""1-2-6"", 0.0413], [""1-6-4"", 0.0308], [""1-2-4"", 0.0269], [""1-6-3"", 0.0184], [""1-2-3"", 0.0161]]",2,30.5,"[[""2-1-6"", 0.0384], [""2-6-1"", 0.036], [""2-1-4"", 0.025], [""2-6-4"", 0.0209], [""2-1-3"", 0.0149], [""2-6-3"", 0.0125]]","[[""6-1-2"", 0.0415], [""6-2-1"", 0.0371], [""6-1-4"", 0.0294], [""1-4-6"", 0.024]]",,,False,False,0.7852,弱,"{""逃げ"": 36.7, ""まくり"": 22.9, ""まくり差し"": 14.2, ""差し"": 16.5, ""抜き"": 8.6, ""恵まれ"": 1.0}","[""0〜600円"", ""600〜740円"", ""740〜890円"", ""890〜1050円"", ""1050〜1220円"", ""1220〜1410円"", ""1410〜1630円"", ""1630〜1890円"", ""1890〜2200円"", ""2200〜2560円"", ""2560〜3020円"", ""3020〜3570円"", ""3570〜4280円"", ""4280〜5210円"", ""5210〜6480円"", ""6480〜8300円"", ""8300〜11200円"", ""11200〜16230円"", ""16230〜28240円"", ""28240円〜""]","[1.0, 2.4, 3.4, 4.2, 4.9, 5.4, 5.7, 5.0, 4.9, 5.1, 5.3, 5.2, 5.2, 6.2, 6.7, 6.6, 5.9, 5.4, 6.4, 5.1]","[-4.0, -2.6, -1.6, -0.8, -0.1, 0.4, 0.7, 0.0, -0.1, 0.1, 0.3, 0.2, 0.2, 1.2, 1.7, 1.6, 0.9, 0.4, 1.4, 0.1]"
20260912,21,7,1,52.7,"[[""1-2-4"", 0.0344], [""1-2-3"", 0.0438], [""1-4-2"", 0.031], [""1-3-2"", 0.0393], [""1-2-6"", 0.0375], [""1-2-5"", 0.0356], [""1-6-2"", 0.0326], [""1-5-2"", 0.0306], [""1-4-3"", 0.0279]]",2,23.2,"[[""2-1-4"", 0.0164], [""2-1-3"", 0.0209], [""2-1-6"", 0.0179], [""2-1-5"", 0.017]]","[[""1-3-4"", 0.0279], [""1-4-6"", 0.024], [""1-3-6"", 0.0239], [""1-6-4"", 0.0231]]",,,False,False,0.7852,弱,"{""逃げ"": 36.7, ""まくり"": 22.9, ""まくり差し"": 14.2, ""差し"": 16.5, ""抜き"": 8.6, ""恵まれ"": 1.0}","[""0〜600円"", ""600〜740円"", ""740〜890円"", ""890〜1050円"", ""1050〜1220円"", ""1220〜1410円"", ""1410〜1630円"", ""1630〜1890円"", ""1890〜2200円"", ""2200〜2560円"", ""2560〜3020円"", ""3020〜3570円"", ""3570〜4280円"", ""4280〜5210円"", ""5210〜6480円"", ""6480〜8300円"", ""8300〜11200円"", ""11200〜16230円"", ""16230〜28240円"", ""28240円〜""]","[1.0, 2.4, 3.4, 4.2, 4.9, 5.4, 5.7, 5.0, 4.9, 5.1, 5.3, 5.2, 5.2, 6.2, 6.7, 6.6, 5.9, 5.4, 6.4, 5.1]","[-4.0, -2.6, -1.6, -0.8, -0.1, 0.4, 0.7, 0.0, -0.1, 0.1, 0.3, 0.2, 0.2, 1.2, 1.7, 1.6, 0.9, 0.4, 1.4, 0.1]"
20260912,21,8,3,61.2,"[[""3-1-4"", 0.0848], [""3-1-6"", 0.1004], [""3-1-2"", 0.038]]",1,17.8,"[[""1-3-4"", 0.0847], [""1-3-6"", 0.1003], [""1-3-2"", 0.0379]]","[[""3-4-1"", 0.0356], [""1-4-3"", 0.0355], [""3-6-1"", 0.0417], [""1-6-3"", 0.0415]]",1-3,0.5048,False,False,0.7852,強,"{""逃げ"": 66.2, ""まくり"": 10.8, ""まくり差し"": 10.7, ""抜き"": 6.1, ""差し"": 5.4, ""恵まれ"": 0.9}","[""0〜600円"", ""600〜740円"", ""740〜890円"", ""890〜1050円"", ""1050〜1220円"", ""1220〜1410円"", ""1410〜1630円"", ""1630〜1890円"", ""1890〜2200円"", ""2200〜2560円"", ""2560〜3020円"", ""3020〜3570円"", ""3570〜4280円"", ""4280〜5210円"", ""5210〜6480円"", ""6480〜8300円"", ""8300〜11200円"", ""11200〜16230円"", ""16230〜28240円"", ""28240円〜""]","[8.6, 7.6, 6.1, 6.6, 6.1, 5.5, 5.0, 5.0, 4.4, 3.9, 4.2, 4.1, 3.5, 4.0, 3.3, 3.7, 4.3, 3.9, 4.0, 6.1]","[3.6, 2.6, 1.1, 1.6, 1.1, 0.5, -0.0, 0.0, -0.6, -1.1, -0.8, -0.9, -1.5, -1.0, -1.7, -1.3, -0.7, -1.1, -1.0, 1.1]"
20260912,21,9,1,59.5,"[[""1-2-3"", 0.1046], [""1-3-2"", 0.0941], [""1-2-5"", 0.0839], [""1-2-6"", 0.0704], [""1-5-2"", 0.0664], [""1-3-5"", 0.0604], [""1-6-2"", 0.0537], [""1-5-3"", 0.0532], [""1-3-6"", 0.0507]]",3,39.1,"[[""3-1-2"", 0.0195], [""3-1-5"", 0.0125], [""3-1-6"", 0.0105]]","[[""1-6-3"", 0.043], [""1-5-6"", 0.0293], [""1-6-5"", 0.0283], [""2-1-3"", 0.022]]",,,False,True,0.8201,強,"{""逃げ"": 66.2, ""まくり"": 10.8, ""まくり差し"": 10.7, ""抜き"": 6.1, ""差し"": 5.4, ""恵まれ"": 0.9}","[""0〜600円"", ""600〜740円"", ""740〜890円"", ""890〜1050円"", ""1050〜1220円"", ""1220〜1410円"", ""1410〜1630円"", ""1630〜1890円"", ""1890〜2200円"", ""2200〜2560円"", ""2560〜3020円"", ""3020〜3570円"", ""3570〜4280円"", ""4280〜5210円"", ""5210〜6480円"", ""6480〜8300円"", ""8300〜11200円"", ""11200〜16230円"", ""16230〜28240円"", ""28240円〜""]","[8.6, 7.6, 6.1, 6.6, 6.1, 5.5, 5.0, 5.0, 4.4, 3.9, 4.2, 4.1, 3.5, 4.0, 3.3, 3.7, 4.3, 3.9, 4.0, 6.1]","[3.6, 2.6, 1.1, 1.6, 1.1, 0.5, -0.0, 0.0, -0.6, -1.1, -0.8, -0.9, -1.5, -1.0, -1.7, -1.3, -0.7, -1.1, -1.0, 1.1]"
20260912,21,10,1,46.2,"[[""1-2-4"", 0.0908], [""1-2-5"", 0.113], [""1-2-3"", 0.0721], [""1-2-6"", 0.0635]]",2,32.7,"[[""2-1-4"", 0.066], [""2-1-5"", 0.0821], [""2-1-3"", 0.0524], [""2-1-6"", 0.0461]]","[[""1-4-2"", 0.0299], [""1-5-2"", 0.0371], [""1-3-2"", 0.0228], [""1-6-2"", 0.02]]",1-2,0.6288,True,False,0.7852,強,"{""逃げ"": 66.2, ""まくり"": 10.8, ""まくり差し"": 10.7, ""抜き"": 6.1, ""差し"": 5.4, ""恵まれ"": 0.9}","[""0〜600円"", ""600〜740円"", ""740〜890円"", ""890〜1050円"", ""1050〜1220円"", ""1220〜1410円"", ""1410〜1630円"", ""1630〜1890円"", ""1890〜2200円"", ""2200〜2560円"", ""2560〜3020円"", ""3020〜3570円"", ""3570〜4280円"", ""4280〜5210円"", ""5210〜6480円"", ""6480〜8300円"", ""8300〜11200円"", ""11200〜16230円"", ""16230〜28240円"", ""28240円〜""]","[8.6, 7.6, 6.1, 6.6, 6.1, 5.5, 5.0, 5.0, 4.4, 3.9, 4.2, 4.1, 3.5, 4.0, 3.3, 3.7, 4.3, 3.9, 4.0, 6.1]","[3.6, 2.6, 1.1, 1.6, 1.1, 0.5, -0.0, 0.0, -0.6, -1.1, -0.8, -0.9, -1.5, -1.0, -1.7, -1.3, -0.7, -1.1, -1.0, 1.1]"
20260912,21,11,1,63.4,"[[""1-2-3"", 0.0848], [""1-2-6"", 0.0584], [""1-2-4"", 0.0552], [""1-2-5"", 0.0218]]",3,39.5,"[[""3-1-2"", 0.0317], [""3-1-6"", 0.0132], [""3-1-4"", 0.0125]]","[[""1-3-2"", 0.066], [""2-1-3"", 0.0442], [""1-6-2"", 0.0396], [""1-4-2"", 0.0372]]",,,False,True,0.8201,中,"{""逃げ"": 52.3, ""まくり"": 17.8, ""まくり差し"": 12.2, ""差し"": 9.7, ""抜き"": 7.0, ""恵まれ"": 1.0}","[""0〜600円"", ""600〜740円"", ""740〜890円"", ""890〜1050円"", ""1050〜1220円"", ""1220〜1410円"", ""1410〜1630円"", ""1630〜1890円"", ""1890〜2200円"", ""2200〜2560円"", ""2560〜3020円"", ""3020〜3570円"", ""3570〜4280円"", ""4280〜5210円"", ""5210〜6480円"", ""6480〜8300円"", ""8300〜11200円"", ""11200〜16230円"", ""16230〜28240円"", ""28240円〜""]","[4.9, 4.5, 5.7, 5.4, 6.5, 4.9, 5.1, 4.2, 3.9, 5.3, 3.6, 5.0, 4.4, 4.6, 4.6, 5.5, 5.4, 4.9, 5.2, 6.3]","[-0.1, -0.5, 0.7, 0.4, 1.5, -0.1, 0.1, -0.8, -1.1, 0.3, -1.4, 0.0, -0.6, -0.4, -0.4, 0.5, 0.4, -0.1, 0.2, 1.3]"
20260912,21,12,1,53.8,"[[""1-2-4"", 0.0992], [""1-4-2"", 0.0859], [""1-2-3"", 0.0627], [""1-2-5"", 0.0429], [""1-4-3"", 0.0408], [""1-2-6"", 0.0372], [""1-4-5"", 0.0279], [""1-4-6"", 0.0242]]",2,31.7,"[[""2-1-4"", 0.0336], [""2-1-3"", 0.0212], [""2-1-5"", 0.0145], [""2-1-6"", 0.0126]]","[[""1-3-2"", 0.0451], [""4-1-2"", 0.0282], [""1-3-4"", 0.0339], [""1-5-2"", 0.0293]]",,,False,False,0.7852,強,"{""逃げ"": 66.2, ""まくり"": 10.8, ""まくり差し"": 10.7, ""抜き"": 6.1, ""差し"": 5.4, ""恵まれ"": 0.9}","[""0〜600円"", ""600〜740円"", ""740〜890円"", ""890〜1050円"", ""1050〜1220円"", ""1220〜1410円"", ""1410〜1630円"", ""1630〜1890円"", ""1890〜2200円"", ""2200〜2560円"", ""2560〜3020円"", ""3020〜3570円"", ""3570〜4280円"", ""4280〜5210円"", ""5210〜6480円"", ""6480〜8300円"", ""8300〜11200円"", ""11200〜16230円"", ""16230〜28240円"", ""28240円〜""]","[8.6, 7.6, 6.1, 6.6, 6.1, 5.5, 5.0, 5.0, 4.4, 3.9, 4.2, 4.1, 3.5, 4.0, 3.3, 3.7, 4.3, 3.9, 4.0, 6.1]","[3.6, 2.6, 1.1, 1.6, 1.1, 0.5, -0.0, 0.0, -0.6, -1.1, -0.8, -0.9, -1.5, -1.0, -1.7, -1.3, -0.7, -1.1, -1.0, 1.1]"
20260912,24,1,1,52.9,"[[""1-4-2"", 0.0482], [""1-2-4"", 0.047], [""1-4-3"", 0.0579], [""1-3-4"", 0.0553], [""1-2-3"", 0.0523], [""1-3-2"", 0.0513], [""1-4-5"", 0.0357], [""1-2-5"", 0.0323], [""1-5-4"", 0.0305]]",4,32.9,"[[""4-1-2"", 0.019], [""4-1-3"", 0.0228], [""4-1-5"", 0.0141]]","[[""1-3-5"", 0.0299], [""1-5-2"", 0.0283], [""1-5-3"", 0.0266], [""2-1-4"", 0.0184]]",,,False,False,0.7852,強,"{""逃げ"": 73.2, ""まくり差し"": 8.4, ""まくり"": 6.7, ""差し"": 6.3, ""抜き"": 4.6, ""恵まれ"": 0.9}","[""0〜600円"", ""600〜740円"", ""740〜890円"", ""890〜1050円"", ""1050〜1220円"", ""1220〜1410円"", ""1410〜1630円"", ""1630〜1890円"", ""1890〜2200円"", ""2200〜2560円"", ""2560〜3020円"", ""3020〜3570円"", ""3570〜4280円"", ""4280〜5210円"", ""5210〜6480円"", ""6480〜8300円"", ""8300〜11200円"", ""11200〜16230円"", ""16230〜28240円"", ""28240円〜""]","[11.0, 8.4, 7.6, 6.8, 6.0, 5.2, 5.8, 4.6, 4.6, 4.2, 4.0, 4.2, 3.7, 3.5, 3.0, 2.9, 3.1, 3.6, 3.2, 4.4]","[6.0, 3.4, 2.6, 1.8, 1.0, 0.2, 0.8, -0.4, -0.4, -0.8, -1.0, -0.8, -1.3, -1.5, -2.0, -2.1, -1.9, -1.4, -1.8, -0.6]"
20260912,24,2,1,54.5,"[[""1-2-3"", 0.0806], [""1-3-2"", 0.0735], [""1-2-4"", 0.0584], [""1-4-2"", 0.0459], [""1-3-4"", 0.0435], [""1-4-3"", 0.0375], [""1-2-5"", 0.0365], [""1-2-6"", 0.0345], [""1-3-5"", 0.0272]]",2,29.2,"[[""2-1-3"", 0.0312], [""2-1-4"", 0.0226], [""2-1-5"", 0.0141], [""2-1-6"", 0.0134]]","[[""3-1-2"", 0.0278], [""1-5-2"", 0.0267], [""1-3-6"", 0.0257], [""1-6-2"", 0.0251]]",,,False,True,0.8201,強,"{""逃げ"": 73.2, ""まくり差し"": 8.4, ""まくり"": 6.7, ""差し"": 6.3, ""抜き"": 4.6, ""恵まれ"": 0.9}","[""0〜600円"", ""600〜740円"", ""740〜890円"", ""890〜1050円"", ""1050〜1220円"", ""1220〜1410円"", ""1410〜1630円"", ""1630〜1890円"", ""1890〜2200円"", ""2200〜2560円"", ""2560〜3020円"", ""3020〜3570円"", ""3570〜4280円"", ""4280〜5210円"", ""5210〜6480円"", ""6480〜8300円"", ""8300〜11200円"", ""11200〜16230円"", ""16230〜28240円"", ""28240円〜""]","[11.0, 8.4, 7.6, 6.8, 6.0, 5.2, 5.8, 4.6, 4.6, 4.2, 4.0, 4.2, 3.7, 3.5, 3.0, 2.9, 3.1, 3.6, 3.2, 4.4]","[6.0, 3.4, 2.6, 1.8, 1.0, 0.2, 0.8, -0.4, -0.4, -0.8, -1.0, -0.8, -1.3, -1.5, -2.0, -2.1, -1.9, -1.4, -1.8, -0.6]"
20260912,24,3,1,60.0,"[[""1-3-2"", 0.0672], [""1-2-3"", 0.0618], [""1-3-4"", 0.0536], [""1-4-3"", 0.0437], [""1-2-4"", 0.0406], [""1-3-5"", 0.0386], [""1-4-2"", 0.0359], [""1-5-3"", 0.0297], [""1-2-5"", 0.0292]]",3,38.2,"[[""3-1-2"", 0.0299], [""3-1-4"", 0.0239], [""3-1-5"", 0.0172], [""3-1-6"", 0.0124]]","[[""2-1-3"", 0.0268], [""1-3-6"", 0.0279], [""1-5-2"", 0.0244], [""1-2-6"", 0.0211]]",,,False,True,0.8201,強,"{""逃げ"": 73.2, ""まくり差し"": 8.4, ""まくり"": 6.7, ""差し"": 6.3, ""抜き"": 4.6, ""恵まれ"": 0.9}","[""0〜600円"", ""600〜740円"", ""740〜890円"", ""890〜1050円"", ""1050〜1220円"", ""1220〜1410円"", ""1410〜1630円"", ""1630〜1890円"", ""1890〜2200円"", ""2200〜2560円"", ""2560〜3020円"", ""3020〜3570円"", ""3570〜4280円"", ""4280〜5210円"", ""5210〜6480円"", ""6480〜8300円"", ""8300〜11200円"", ""11200〜16230円"", ""16230〜28240円"", ""28240円〜""]","[11.0, 8.4, 7.6, 6.8, 6.0, 5.2, 5.8, 4.6, 4.6, 4.2, 4.0, 4.2, 3.7, 3.5, 3.0, 2.9, 3.1, 3.6, 3.2, 4.4]","[6.0, 3.4, 2.6, 1.8, 1.0, 0.2, 0.8, -0.4, -0.4, -0.8, -1.0, -0.8, -1.3, -1.5, -2.0, -2.1, -1.9, -1.4, -1.8, -0.6]"
20260912,24,4,1,50.6,"[[""1-3-2"", 0.0699], [""1-2-3"", 0.0676], [""1-3-4"", 0.0502], [""1-2-4"", 0.045], [""1-4-3"", 0.0416], [""1-4-2"", 0.0385], [""1-3-6"", 0.0356], [""1-2-6"", 0.0319], [""1-3-5"", 0.0306]]",2,32.6,"[[""2-1-3"", 0.0269], [""2-1-4"", 0.0179], [""2-1-6"", 0.0127], [""2-1-5"", 0.0109]]","[[""3-1-2"", 0.0281], [""1-6-3"", 0.0278], [""1-2-5"", 0.0274], [""1-6-2"", 0.0257]]",,,False,True,0.8201,強,"{""逃げ"": 73.2, ""まくり差し"": 8.4, ""まくり"": 6.7, ""差し"": 6.3, ""抜き"": 4.6, ""恵まれ"": 0.9}","[""0〜600円"", ""600〜740円"", ""740〜890円"", ""890〜1050円"", ""1050〜1220円"", ""1220〜1410円"", ""1410〜1630円"", ""1630〜1890円"", ""1890〜2200円"", ""2200〜2560円"", ""2560〜3020円"", ""3020〜3570円"", ""3570〜4280円"", ""4280〜5210円"", ""5210〜6480円"", ""6480〜8300円"", ""8300〜11200円"", ""11200〜16230円"", ""16230〜28240円"", ""28240円〜""]","[11.0, 8.4, 7.6, 6.8, 6.0, 5.2, 5.8, 4.6, 4.6, 4.2, 4.0, 4.2, 3.7, 3.5, 3.0, 2.9, 3.1, 3.6, 3.2, 4.4]","[6.0, 3.4, 2.6, 1.8, 1.0, 0.2, 0.8, -0.4, -0.4, -0.8, -1.0, -0.8, -1.3, -1.5, -2.0, -2.1, -1.9, -1.4, -1.8, -0.6]"
20260912,24,5,1,55.9,"[[""1-3-2"", 0.0663], [""1-2-3"", 0.0601], [""1-3-4"", 0.0537], [""1-3-5"", 0.0469], [""1-4-3"", 0.0436], [""1-2-4"", 0.0381], [""1-5-3"", 0.0371], [""1-4-2"", 0.0342], [""1-2-5"", 0.0333]]",5,60.1,"[[""5-1-3"", 0.0133], [""5-1-2"", 0.0104]]","[[""1-3-6"", 0.0328], [""3-1-2"", 0.0255], [""1-5-2"", 0.0291], [""2-1-3"", 0.0224]]",,,False,True,0.8201,強,"{""逃げ"": 73.2, ""まくり差し"": 8.4, ""まくり"": 6.7, ""差し"": 6.3, ""抜き"": 4.6, ""恵まれ"": 0.9}","[""0〜600円"", ""600〜740円"", ""740〜890円"", ""890〜1050円"", ""1050〜1220円"", ""1220〜1410円"", ""1410〜1630円"", ""1630〜1890円"", ""1890〜2200円"", ""2200〜2560円"", ""2560〜3020円"", ""3020〜3570円"", ""3570〜4280円"", ""4280〜5210円"", ""5210〜6480円"", ""6480〜8300円"", ""8300〜11200円"", ""11200〜16230円"", ""16230〜28240円"", ""28240円〜""]","[11.0, 8.4, 7.6, 6.8, 6.0, 5.2, 5.8, 4.6, 4.6, 4.2, 4.0, 4.2, 3.7, 3.5, 3.0, 2.9, 3.1, 3.6, 3.2, 4.4]","[6.0, 3.4, 2.6, 1.8, 1.0, 0.2, 0.8, -0.4, -0.4, -0.8, -1.0, -0.8, -1.3, -1.5, -2.0, -2.1, -1.9, -1.4, -1.8, -0.6]"
20260912,24,6,1,56.2,"[[""1-3-2"", 0.0607], [""1-2-3"", 0.0596], [""1-3-6"", 0.0545], [""1-2-6"", 0.0513], [""1-6-3"", 0.0484], [""1-6-2"", 0.0463], [""1-3-4"", 0.0429], [""1-2-4"", 0.0403], [""1-4-3"", 0.0363]]",2,30.4,"[[""2-1-3"", 0.0164], [""2-1-6"", 0.0141], [""2-1-4"", 0.0111]]","[[""1-4-2"", 0.0347], [""1-3-5"", 0.0334], [""1-2-5"", 0.0314], [""1-5-3"", 0.0272]]",,,False,False,0.7852,強,"{""逃げ"": 73.2, ""まくり差し"": 8.4, ""まくり"": 6.7, ""差し"": 6.3, ""抜き"": 4.6, ""恵まれ"": 0.9}","[""0〜600円"", ""600〜740円"", ""740〜890円"", ""890〜1050円"", ""1050〜1220円"", ""1220〜1410円"", ""1410〜1630円"", ""1630〜1890円"", ""1890〜2200円"", ""2200〜2560円"", ""2560〜3020円"", ""3020〜3570円"", ""3570〜4280円"", ""4280〜5210円"", ""5210〜6480円"", ""6480〜8300円"", ""8300〜11200円"", ""11200〜16230円"", ""16230〜28240円"", ""28240円〜""]","[11.0, 8.4, 7.6, 6.8, 6.0, 5.2, 5.8, 4.6, 4.6, 4.2, 4.0, 4.2, 3.7, 3.5, 3.0, 2.9, 3.1, 3.6, 3.2, 4.4]","[6.0, 3.4, 2.6, 1.8, 1.0, 0.2, 0.8, -0.4, -0.4, -0.8, -1.0, -0.8, -1.3, -1.5, -2.0, -2.1, -1.9, -1.4, -1.8, -0.6]"
20260912,24,7,1,55.2,"[[""1-3-2"", 0.0764], [""1-2-3"", 0.0763], [""1-3-4"", 0.0577], [""1-2-4"", 0.0574], [""1-4-3"", 0.0494], [""1-4-2"", 0.0492], [""1-3-5"", 0.0335], [""1-2-5"", 0.0333], [""1-3-6"", 0.0298]]",3,31.9,"[[""3-1-2"", 0.0248], [""3-1-4"", 0.0187], [""3-1-5"", 0.0109]]","[[""2-1-3"", 0.0247], [""1-2-6"", 0.0297], [""1-5-3"", 0.0262], [""1-5-2"", 0.0261]]",,,False,True,0.8201,強,"{""逃げ"": 73.2, ""まくり差し"": 8.4, ""まくり"": 6.7, ""差し"": 6.3, ""抜き"": 4.6, ""恵まれ"": 0.9}","[""0〜600円"", ""600〜740円"", ""740〜890円"", ""890〜1050円"", ""1050〜1220円"", ""1220〜1410円"", ""1410〜1630円"", ""1630〜1890円"", ""1890〜2200円"", ""2200〜2560円"", ""2560〜3020円"", ""3020〜3570円"", ""3570〜4280円"", ""4280〜5210円"", ""5210〜6480円"", ""6480〜8300円"", ""8300〜11200円"", ""11200〜16230円"", ""16230〜28240円"", ""28240円〜""]","[11.0, 8.4, 7.6, 6.8, 6.0, 5.2, 5.8, 4.6, 4.6, 4.2, 4.0, 4.2, 3.7, 3.5, 3.0, 2.9, 3.1, 3.6, 3.2, 4.4]","[6.0, 3.4, 2.6, 1.8, 1.0, 0.2, 0.8, -0.4, -0.4, -0.8, -1.0, -0.8, -1.3, -1.5, -2.0, -2.1, -1.9, -1.4, -1.8, -0.6]"
20260912,24,8,1,61.2,"[[""1-2-4"", 0.0775], [""1-4-2"", 0.0625], [""1-2-3"", 0.0714], [""1-2-6"", 0.0561], [""1-2-5"", 0.0536], [""1-3-2"", 0.0534], [""1-6-2"", 0.0403], [""1-5-2"", 0.0383], [""1-4-3"", 0.0343]]",2,23.2,"[[""2-1-4"", 0.0211], [""2-1-3"", 0.0195], [""2-1-6"", 0.0153], [""2-1-5"", 0.0146]]","[[""1-3-4"", 0.0318], [""1-4-6"", 0.027], [""1-4-5"", 0.0258], [""1-6-4"", 0.024]]",,,False,False,0.7852,強,"{""逃げ"": 73.2, ""まくり差し"": 8.4, ""まくり"": 6.7, ""差し"": 6.3, ""抜き"": 4.6, ""恵まれ"": 0.9}","[""0〜600円"", ""600〜740円"", ""740〜890円"", ""890〜1050円"", ""1050〜1220円"", ""1220〜1410円"", ""1410〜1630円"", ""1630〜1890円"", ""1890〜2200円"", ""2200〜2560円"", ""2560〜3020円"", ""3020〜3570円"", ""3570〜4280円"", ""4280〜5210円"", ""5210〜6480円"", ""6480〜8300円"", ""8300〜11200円"", ""11200〜16230円"", ""16230〜28240円"", ""28240円〜""]","[11.0, 8.4, 7.6, 6.8, 6.0, 5.2, 5.8, 4.6, 4.6, 4.2, 4.0, 4.2, 3.7, 3.5, 3.0, 2.9, 3.1, 3.6, 3.2, 4.4]","[6.0, 3.4, 2.6, 1.8, 1.0, 0.2, 0.8, -0.4, -0.4, -0.8, -1.0, -0.8, -1.3, -1.5, -2.0, -2.1, -1.9, -1.4, -1.8, -0.6]"
20260912,24,9,1,65.9,"[[""1-2-3"", 0.0736], [""1-3-2"", 0.0716], [""1-2-5"", 0.0497], [""1-3-5"", 0.0454], [""1-2-4"", 0.0445], [""1-5-2"", 0.0407], [""1-3-4"", 0.0407], [""1-5-3"", 0.0382], [""1-4-2"", 0.0357]]",3,32.9,"[[""3-1-2"", 0.0272], [""3-1-5"", 0.0172], [""3-1-4"", 0.0154]]","[[""2-1-3"", 0.0281], [""1-4-3"", 0.0336], [""1-2-6"", 0.0237], [""1-3-6"", 0.0216]]",,,False,True,0.8201,強,"{""逃げ"": 73.2, ""まくり差し"": 8.4, ""まくり"": 6.7, ""差し"": 6.3, ""抜き"": 4.6, ""恵まれ"": 0.9}","[""0〜600円"", ""600〜740円"", ""740〜890円"", ""890〜1050円"", ""1050〜1220円"", ""1220〜1410円"", ""1410〜1630円"", ""1630〜1890円"", ""1890〜2200円"", ""2200〜2560円"", ""2560〜3020円"", ""3020〜3570円"", ""3570〜4280円"", ""4280〜5210円"", ""5210〜6480円"", ""6480〜8300円"", ""8300〜11200円"", ""11200〜16230円"", ""16230〜28240円"", ""28240円〜""]","[11.0, 8.4, 7.6, 6.8, 6.0, 5.2, 5.8, 4.6, 4.6, 4.2, 4.0, 4.2, 3.7, 3.5, 3.0, 2.9, 3.1, 3.6, 3.2, 4.4]","[6.0, 3.4, 2.6, 1.8, 1.0, 0.2, 0.8, -0.4, -0.4, -0.8, -1.0, -0.8, -1.3, -1.5, -2.0, -2.1, -1.9, -1.4, -1.8, -0.6]"
20260912,24,10,1,62.5,"[[""1-2-5"", 0.0371], [""1-5-2"", 0.0355], [""1-2-3"", 0.039], [""1-2-4"", 0.0385], [""1-3-2"", 0.0353], [""1-4-2"", 0.0348], [""1-5-3"", 0.0328], [""1-5-4"", 0.0325], [""1-3-5"", 0.0311]]",4,34.8,"[[""4-1-2"", 0.0195], [""4-1-5"", 0.0172], [""4-1-3"", 0.0142]]","[[""1-4-5"", 0.0306], [""2-1-5"", 0.0218], [""5-1-2"", 0.0205], [""1-3-4"", 0.0253]]",,,False,False,0.7852,強,"{""逃げ"": 73.2, ""まくり差し"": 8.4, ""まくり"": 6.7, ""差し"": 6.3, ""抜き"": 4.6, ""恵まれ"": 0.9}","[""0〜600円"", ""600〜740円"", ""740〜890円"", ""890〜1050円"", ""1050〜1220円"", ""1220〜1410円"", ""1410〜1630円"", ""1630〜1890円"", ""1890〜2200円"", ""2200〜2560円"", ""2560〜3020円"", ""3020〜3570円"", ""3570〜4280円"", ""4280〜5210円"", ""5210〜6480円"", ""6480〜8300円"", ""8300〜11200円"", ""11200〜16230円"", ""16230〜28240円"", ""28240円〜""]","[11.0, 8.4, 7.6, 6.8, 6.0, 5.2, 5.8, 4.6, 4.6, 4.2, 4.0, 4.2, 3.7, 3.5, 3.0, 2.9, 3.1, 3.6, 3.2, 4.4]","[6.0, 3.4, 2.6, 1.8, 1.0, 0.2, 0.8, -0.4, -0.4, -0.8, -1.0, -0.8, -1.3, -1.5, -2.0, -2.1, -1.9, -1.4, -1.8, -0.6]"
20260912,24,11,1,50.2,"[[""1-2-4"", 0.0684], [""1-2-3"", 0.0812], [""1-4-2"", 0.0593], [""1-3-2"", 0.0689], [""1-4-3"", 0.0504], [""1-3-4"", 0.0493], [""1-2-5"", 0.0343], [""1-2-6"", 0.0249], [""1-5-2"", 0.0248]]",2,23.2,"[[""2-1-4"", 0.0271], [""2-1-3"", 0.0321], [""2-1-5"", 0.0136]]","[[""4-1-2"", 0.0226], [""3-1-2"", 0.0261], [""1-4-5"", 0.0213], [""1-3-5"", 0.0194]]",,,False,False,0.7852,強,"{""逃げ"": 73.2, ""まくり差し"": 8.4, ""まくり"": 6.7, ""差し"": 6.3, ""抜き"": 4.6, ""恵まれ"": 0.9}","[""0〜600円"", ""600〜740円"", ""740〜890円"", ""890〜1050円"", ""1050〜1220円"", ""1220〜1410円"", ""1410〜1630円"", ""1630〜1890円"", ""1890〜2200円"", ""2200〜2560円"", ""2560〜3020円"", ""3020〜3570円"", ""3570〜4280円"", ""4280〜5210円"", ""5210〜6480円"", ""6480〜8300円"", ""8300〜11200円"", ""11200〜16230円"", ""16230〜28240円"", ""28240円〜""]","[11.0, 8.4, 7.6, 6.8, 6.0, 5.2, 5.8, 4.6, 4.6, 4.2, 4.0, 4.2, 3.7, 3.5, 3.0, 2.9, 3.1, 3.6, 3.2, 4.4]","[6.0, 3.4, 2.6, 1.8, 1.0, 0.2, 0.8, -0.4, -0.4, -0.8, -1.0, -0.8, -1.3, -1.5, -2.0, -2.1, -1.9, -1.4, -1.8, -0.6]"
20260912,24,12,1,58.1,"[[""1-2-3"", 0.0561], [""1-3-2"", 0.0556], [""1-2-4"", 0.0558], [""1-3-4"", 0.0542], [""1-4-2"", 0.0517], [""1-4-3"", 0.0506], [""1-2-5"", 0.0295], [""1-3-5"", 0.0286], [""1-2-6"", 0.0242]]",4,30.8,"[[""4-1-2"", 0.0209], [""4-1-3"", 0.0204]]","[[""2-1-3"", 0.0231], [""3-1-2"", 0.0229], [""1-5-2"", 0.024], [""1-5-3"", 0.0235]]",,,False,True,0.8201,強,"{""逃げ"": 73.2, ""まくり差し"": 8.4, ""まくり"": 6.7, ""差し"": 6.3, ""抜き"": 4.6, ""恵まれ"": 0.9}","[""0〜600円"", ""600〜740円"", ""740〜890円"", ""890〜1050円"", ""1050〜1220円"", ""1220〜1410円"", ""1410〜1630円"", ""1630〜1890円"", ""1890〜2200円"", ""2200〜2560円"", ""2560〜3020円"", ""3020〜3570円"", ""3570〜4280円"", ""4280〜5210円"", ""5210〜6480円"", ""6480〜8300円"", ""8300〜11200円"", ""11200〜16230円"", ""16230〜28240円"", ""28240円〜""]","[11.0, 8.4, 7.6, 6.8, 6.0, 5.2, 5.8, 4.6, 4.6, 4.2, 4.0, 4.2, 3.7, 3.5, 3.0, 2.9, 3.1, 3.6, 3.2, 4.4]","[6.0, 3.4, 2.6, 1.8, 1.0, 0.2, 0.8, -0.4, -0.4, -0.8, -1.0, -0.8, -1.3, -1.5, -2.0, -2.1, -1.9, -1.4, -1.8, -0.6]"
