date,jcd,r,favorite_boat,favorite_nige_rate,scenario1_tickets,challenger_boat,challenger_makuri_rate,scenario2_tickets,scenario3_tickets,aligned_pair,aligned_pair_prob,aligned_pair_flag,knn_agree_trio,knn_trio_calibration_ratio,strength_bin,kimarite_dist,payout_bucket_labels,payout_bucket_pct,payout_bucket_deviation
20260817,02,1,1,46.2,"[[""1-3-2"", 0.0293], [""1-2-3"", 0.0246], [""1-3-4"", 0.029], [""1-3-5"", 0.0288], [""1-4-3"", 0.0231], [""1-5-3"", 0.0228], [""1-2-4"", 0.0156], [""1-2-5"", 0.0155], [""1-4-2"", 0.0148]]",2,,"[[""2-1-3"", 0.0206], [""2-3-1"", 0.0188], [""2-1-4"", 0.013], [""2-1-5"", 0.0129]]","[[""3-1-2"", 0.0274], [""3-1-4"", 0.0271], [""3-1-5"", 0.0269], [""3-2-1"", 0.021]]",,,False,True,0.8218,弱,"{""まくり"": 37.2, ""逃げ"": 25.0, ""差し"": 17.8, ""まくり差し"": 11.8, ""抜き"": 7.5, ""恵まれ"": 0.7}","[""0〜600円"", ""600〜750円"", ""750〜900円"", ""900〜1050円"", ""1050〜1220円"", ""1220〜1410円"", ""1410〜1640円"", ""1640〜1890円"", ""1890〜2200円"", ""2200〜2560円"", ""2560〜3020円"", ""3020〜3580円"", ""3580〜4290円"", ""4290〜5220円"", ""5220〜6490円"", ""6490〜8310円"", ""8310〜11220円"", ""11220〜16240円"", ""16240〜28268円"", ""28268円〜""]","[0.3, 0.5, 1.8, 2.0, 2.6, 3.3, 4.7, 5.8, 5.1, 6.3, 7.0, 7.2, 8.0, 6.0, 7.7, 7.8, 7.8, 6.9, 5.0, 4.1]","[-4.7, -4.5, -3.2, -3.0, -2.4, -1.7, -0.3, 0.8, 0.1, 1.3, 2.0, 2.2, 3.0, 1.0, 2.7, 2.8, 2.8, 1.9, -0.0, -0.9]"
20260817,02,2,1,53.0,"[[""1-2-6"", 0.0299], [""1-6-2"", 0.0258], [""1-2-4"", 0.0211], [""1-2-5"", 0.0208], [""1-2-3"", 0.0193], [""1-4-2"", 0.0159], [""1-5-2"", 0.0156], [""1-3-2"", 0.0144], [""1-6-4"", 0.0129]]",2,37.5,"[[""2-1-6"", 0.0286], [""2-6-1"", 0.0233], [""2-1-4"", 0.0202], [""2-1-5"", 0.0199], [""2-1-3"", 0.0185], [""2-4-1"", 0.0145]]","[[""6-1-2"", 0.0225], [""6-2-1"", 0.0213], [""2-5-1"", 0.0142], [""2-3-1"", 0.0131]]",,,False,False,0.7866,弱,"{""まくり"": 37.2, ""逃げ"": 25.0, ""差し"": 17.8, ""まくり差し"": 11.8, ""抜き"": 7.5, ""恵まれ"": 0.7}","[""0〜600円"", ""600〜750円"", ""750〜900円"", ""900〜1050円"", ""1050〜1220円"", ""1220〜1410円"", ""1410〜1640円"", ""1640〜1890円"", ""1890〜2200円"", ""2200〜2560円"", ""2560〜3020円"", ""3020〜3580円"", ""3580〜4290円"", ""4290〜5220円"", ""5220〜6490円"", ""6490〜8310円"", ""8310〜11220円"", ""11220〜16240円"", ""16240〜28268円"", ""28268円〜""]","[0.3, 0.5, 1.8, 2.0, 2.6, 3.3, 4.7, 5.8, 5.1, 6.3, 7.0, 7.2, 8.0, 6.0, 7.7, 7.8, 7.8, 6.9, 5.0, 4.1]","[-4.7, -4.5, -3.2, -3.0, -2.4, -1.7, -0.3, 0.8, 0.1, 1.3, 2.0, 2.2, 3.0, 1.0, 2.7, 2.8, 2.8, 1.9, -0.0, -0.9]"
20260817,02,3,2,47.9,"[[""2-1-3"", 0.0696], [""2-1-5"", 0.0334], [""2-1-6"", 0.0238], [""2-1-4"", 0.0215]]",3,46.6,"[[""3-2-1"", 0.042], [""3-2-5"", 0.013]]","[[""1-2-3"", 0.0613], [""2-3-1"", 0.0543], [""1-3-2"", 0.0401], [""3-1-2"", 0.0353]]",,,False,True,0.8218,強,"{""逃げ"": 55.9, ""まくり"": 16.4, ""まくり差し"": 10.5, ""差し"": 10.2, ""抜き"": 6.4, ""恵まれ"": 0.7}","[""0〜600円"", ""600〜750円"", ""750〜900円"", ""900〜1050円"", ""1050〜1220円"", ""1220〜1410円"", ""1410〜1640円"", ""1640〜1890円"", ""1890〜2200円"", ""2200〜2560円"", ""2560〜3020円"", ""3020〜3580円"", ""3580〜4290円"", ""4290〜5220円"", ""5220〜6490円"", ""6490〜8310円"", ""8310〜11220円"", ""11220〜16240円"", ""16240〜28268円"", ""28268円〜""]","[2.5, 4.7, 5.2, 5.0, 5.4, 4.8, 5.4, 4.4, 5.1, 5.6, 5.1, 5.1, 4.7, 4.3, 5.0, 5.9, 5.7, 5.3, 5.5, 5.2]","[-2.5, -0.3, 0.2, 0.0, 0.4, -0.2, 0.4, -0.6, 0.1, 0.6, 0.1, 0.1, -0.3, -0.7, -0.0, 0.9, 0.7, 0.3, 0.5, 0.2]"
20260817,02,4,2,58.4,"[[""2-4-5"", 0.0482], [""2-5-4"", 0.047], [""2-4-1"", 0.0449], [""2-5-1"", 0.0417], [""2-1-4"", 0.0393], [""2-1-5"", 0.0373], [""2-4-6"", 0.0146], [""2-4-3"", 0.0141], [""2-5-6"", 0.0135]]",4,37.7,"[[""4-2-5"", 0.0346], [""4-2-1"", 0.0323], [""4-2-6"", 0.0105], [""4-2-3"", 0.0101]]","[[""5-2-4"", 0.0334], [""5-2-1"", 0.0296], [""4-5-2"", 0.0216], [""5-4-2"", 0.0213]]",,,False,False,0.7866,強,"{""逃げ"": 55.9, ""まくり"": 16.4, ""まくり差し"": 10.5, ""差し"": 10.2, ""抜き"": 6.4, ""恵まれ"": 0.7}","[""0〜600円"", ""600〜750円"", ""750〜900円"", ""900〜1050円"", ""1050〜1220円"", ""1220〜1410円"", ""1410〜1640円"", ""1640〜1890円"", ""1890〜2200円"", ""2200〜2560円"", ""2560〜3020円"", ""3020〜3580円"", ""3580〜4290円"", ""4290〜5220円"", ""5220〜6490円"", ""6490〜8310円"", ""8310〜11220円"", ""11220〜16240円"", ""16240〜28268円"", ""28268円〜""]","[2.5, 4.7, 5.2, 5.0, 5.4, 4.8, 5.4, 4.4, 5.1, 5.6, 5.1, 5.1, 4.7, 4.3, 5.0, 5.9, 5.7, 5.3, 5.5, 5.2]","[-2.5, -0.3, 0.2, 0.0, 0.4, -0.2, 0.4, -0.6, 0.1, 0.6, 0.1, 0.1, -0.3, -0.7, -0.0, 0.9, 0.7, 0.3, 0.5, 0.2]"
20260817,02,5,1,43.8,"[[""1-4-2"", 0.146], [""1-4-3"", 0.0406], [""1-4-5"", 0.0377], [""1-4-6"", 0.0197]]",4,29.0,"[[""4-1-2"", 0.0574], [""4-1-3"", 0.016], [""4-1-5"", 0.0148]]","[[""1-2-4"", 0.1366], [""2-1-4"", 0.0529], [""1-2-3"", 0.0343], [""1-2-5"", 0.0318]]",1-4,0.3842,False,True,0.8218,強,"{""逃げ"": 55.9, ""まくり"": 16.4, ""まくり差し"": 10.5, ""差し"": 10.2, ""抜き"": 6.4, ""恵まれ"": 0.7}","[""0〜600円"", ""600〜750円"", ""750〜900円"", ""900〜1050円"", ""1050〜1220円"", ""1220〜1410円"", ""1410〜1640円"", ""1640〜1890円"", ""1890〜2200円"", ""2200〜2560円"", ""2560〜3020円"", ""3020〜3580円"", ""3580〜4290円"", ""4290〜5220円"", ""5220〜6490円"", ""6490〜8310円"", ""8310〜11220円"", ""11220〜16240円"", ""16240〜28268円"", ""28268円〜""]","[2.5, 4.7, 5.2, 5.0, 5.4, 4.8, 5.4, 4.4, 5.1, 5.6, 5.1, 5.1, 4.7, 4.3, 5.0, 5.9, 5.7, 5.3, 5.5, 5.2]","[-2.5, -0.3, 0.2, 0.0, 0.4, -0.2, 0.4, -0.6, 0.1, 0.6, 0.1, 0.1, -0.3, -0.7, -0.0, 0.9, 0.7, 0.3, 0.5, 0.2]"
20260817,02,6,3,43.2,"[[""3-5-2"", 0.046], [""3-2-5"", 0.0404], [""3-5-1"", 0.0398], [""3-1-5"", 0.0312], [""3-5-4"", 0.0274], [""3-2-1"", 0.0264], [""3-1-2"", 0.0236], [""3-4-5"", 0.0201], [""3-2-4"", 0.0182]]",5,45.9,"[[""5-3-2"", 0.0368], [""5-3-1"", 0.0319], [""5-3-4"", 0.0219]]","[[""2-3-5"", 0.0302], [""5-2-3"", 0.0241], [""2-5-3"", 0.0225], [""1-3-5"", 0.0219]]",,,False,False,0.7866,強,"{""逃げ"": 55.9, ""まくり"": 16.4, ""まくり差し"": 10.5, ""差し"": 10.2, ""抜き"": 6.4, ""恵まれ"": 0.7}","[""0〜600円"", ""600〜750円"", ""750〜900円"", ""900〜1050円"", ""1050〜1220円"", ""1220〜1410円"", ""1410〜1640円"", ""1640〜1890円"", ""1890〜2200円"", ""2200〜2560円"", ""2560〜3020円"", ""3020〜3580円"", ""3580〜4290円"", ""4290〜5220円"", ""5220〜6490円"", ""6490〜8310円"", ""8310〜11220円"", ""11220〜16240円"", ""16240〜28268円"", ""28268円〜""]","[2.5, 4.7, 5.2, 5.0, 5.4, 4.8, 5.4, 4.4, 5.1, 5.6, 5.1, 5.1, 4.7, 4.3, 5.0, 5.9, 5.7, 5.3, 5.5, 5.2]","[-2.5, -0.3, 0.2, 0.0, 0.4, -0.2, 0.4, -0.6, 0.1, 0.6, 0.1, 0.1, -0.3, -0.7, -0.0, 0.9, 0.7, 0.3, 0.5, 0.2]"
20260817,02,7,1,49.5,"[[""1-4-2"", 0.0704], [""1-4-3"", 0.0879], [""1-2-4"", 0.0635], [""1-3-4"", 0.0787], [""1-2-3"", 0.0597], [""1-3-2"", 0.0594], [""1-4-5"", 0.0459], [""1-4-6"", 0.0432], [""1-5-4"", 0.036]]",3,28.8,"[[""3-1-4"", 0.011]]","[[""1-6-4"", 0.0337], [""1-2-5"", 0.0312], [""1-3-5"", 0.0304], [""1-2-6"", 0.0294]]",,,False,False,0.7866,強,"{""逃げ"": 55.9, ""まくり"": 16.4, ""まくり差し"": 10.5, ""差し"": 10.2, ""抜き"": 6.4, ""恵まれ"": 0.7}","[""0〜600円"", ""600〜750円"", ""750〜900円"", ""900〜1050円"", ""1050〜1220円"", ""1220〜1410円"", ""1410〜1640円"", ""1640〜1890円"", ""1890〜2200円"", ""2200〜2560円"", ""2560〜3020円"", ""3020〜3580円"", ""3580〜4290円"", ""4290〜5220円"", ""5220〜6490円"", ""6490〜8310円"", ""8310〜11220円"", ""11220〜16240円"", ""16240〜28268円"", ""28268円〜""]","[2.5, 4.7, 5.2, 5.0, 5.4, 4.8, 5.4, 4.4, 5.1, 5.6, 5.1, 5.1, 4.7, 4.3, 5.0, 5.9, 5.7, 5.3, 5.5, 5.2]","[-2.5, -0.3, 0.2, 0.0, 0.4, -0.2, 0.4, -0.6, 0.1, 0.6, 0.1, 0.1, -0.3, -0.7, -0.0, 0.9, 0.7, 0.3, 0.5, 0.2]"
20260817,02,8,1,42.1,"[[""1-2-4"", 0.1376], [""1-4-2"", 0.1337], [""1-2-5"", 0.0641], [""1-4-5"", 0.0595], [""1-2-3"", 0.0248], [""1-4-3"", 0.023], [""1-2-6"", 0.0113], [""1-4-6"", 0.0105]]",2,30.9,"[[""2-1-4"", 0.051], [""2-1-5"", 0.0238]]","[[""4-1-2"", 0.0493], [""1-5-2"", 0.0453], [""1-5-4"", 0.0433], [""4-1-5"", 0.0219]]",,,False,True,0.8218,中,"{""逃げ"": 38.9, ""まくり"": 24.3, ""まくり差し"": 12.7, ""差し"": 15.0, ""抜き"": 8.2, ""恵まれ"": 0.9}","[""0〜600円"", ""600〜750円"", ""750〜900円"", ""900〜1050円"", ""1050〜1220円"", ""1220〜1410円"", ""1410〜1640円"", ""1640〜1890円"", ""1890〜2200円"", ""2200〜2560円"", ""2560〜3020円"", ""3020〜3580円"", ""3580〜4290円"", ""4290〜5220円"", ""5220〜6490円"", ""6490〜8310円"", ""8310〜11220円"", ""11220〜16240円"", ""16240〜28268円"", ""28268円〜""]","[1.0, 2.0, 3.1, 3.2, 4.7, 4.0, 5.1, 5.3, 5.9, 6.1, 4.6, 5.7, 7.0, 5.9, 5.8, 7.0, 6.5, 6.0, 5.5, 5.4]","[-4.0, -3.0, -1.9, -1.8, -0.3, -1.0, 0.1, 0.3, 0.9, 1.1, -0.4, 0.7, 2.0, 0.9, 0.8, 2.0, 1.5, 1.0, 0.5, 0.4]"
20260817,02,9,3,50.0,"[[""3-1-5"", 0.059], [""3-1-4"", 0.0724], [""3-1-2"", 0.0466], [""3-1-6"", 0.0314]]",1,41.8,"[[""1-3-5"", 0.058], [""1-3-4"", 0.0711], [""1-3-2"", 0.0458], [""1-3-6"", 0.0308]]","[[""3-5-1"", 0.0277], [""1-5-3"", 0.0267], [""3-4-1"", 0.0338], [""1-4-3"", 0.0325]]",1-3,0.4468,False,False,0.7866,強,"{""逃げ"": 55.9, ""まくり"": 16.4, ""まくり差し"": 10.5, ""差し"": 10.2, ""抜き"": 6.4, ""恵まれ"": 0.7}","[""0〜600円"", ""600〜750円"", ""750〜900円"", ""900〜1050円"", ""1050〜1220円"", ""1220〜1410円"", ""1410〜1640円"", ""1640〜1890円"", ""1890〜2200円"", ""2200〜2560円"", ""2560〜3020円"", ""3020〜3580円"", ""3580〜4290円"", ""4290〜5220円"", ""5220〜6490円"", ""6490〜8310円"", ""8310〜11220円"", ""11220〜16240円"", ""16240〜28268円"", ""28268円〜""]","[2.5, 4.7, 5.2, 5.0, 5.4, 4.8, 5.4, 4.4, 5.1, 5.6, 5.1, 5.1, 4.7, 4.3, 5.0, 5.9, 5.7, 5.3, 5.5, 5.2]","[-2.5, -0.3, 0.2, 0.0, 0.4, -0.2, 0.4, -0.6, 0.1, 0.6, 0.1, 0.1, -0.3, -0.7, -0.0, 0.9, 0.7, 0.3, 0.5, 0.2]"
20260817,02,10,1,42.1,"[[""1-3-2"", 0.0811], [""1-2-3"", 0.0688], [""1-3-5"", 0.0497], [""1-3-4"", 0.0496], [""1-2-5"", 0.03], [""1-2-4"", 0.0299], [""1-3-6"", 0.0264], [""1-2-6"", 0.0159]]",2,37.7,"[[""2-1-3"", 0.032], [""2-1-5"", 0.0139], [""2-1-4"", 0.0139]]","[[""3-1-2"", 0.0397], [""1-5-3"", 0.0356], [""1-4-3"", 0.0355], [""1-5-2"", 0.0253]]",,,False,True,0.8218,強,"{""逃げ"": 55.9, ""まくり"": 16.4, ""まくり差し"": 10.5, ""差し"": 10.2, ""抜き"": 6.4, ""恵まれ"": 0.7}","[""0〜600円"", ""600〜750円"", ""750〜900円"", ""900〜1050円"", ""1050〜1220円"", ""1220〜1410円"", ""1410〜1640円"", ""1640〜1890円"", ""1890〜2200円"", ""2200〜2560円"", ""2560〜3020円"", ""3020〜3580円"", ""3580〜4290円"", ""4290〜5220円"", ""5220〜6490円"", ""6490〜8310円"", ""8310〜11220円"", ""11220〜16240円"", ""16240〜28268円"", ""28268円〜""]","[2.5, 4.7, 5.2, 5.0, 5.4, 4.8, 5.4, 4.4, 5.1, 5.6, 5.1, 5.1, 4.7, 4.3, 5.0, 5.9, 5.7, 5.3, 5.5, 5.2]","[-2.5, -0.3, 0.2, 0.0, 0.4, -0.2, 0.4, -0.6, 0.1, 0.6, 0.1, 0.1, -0.3, -0.7, -0.0, 0.9, 0.7, 0.3, 0.5, 0.2]"
20260817,02,11,1,51.3,"[[""1-2-4"", 0.0633], [""1-2-5"", 0.0688], [""1-2-3"", 0.0578], [""1-2-6"", 0.0471]]",2,29.0,"[[""2-1-4"", 0.0292], [""2-1-5"", 0.0317], [""2-1-3"", 0.0266], [""2-1-6"", 0.0217]]","[[""1-4-2"", 0.0455], [""1-5-2"", 0.0479], [""1-3-2"", 0.039], [""1-6-2"", 0.0309]]",1-2,0.3715,False,False,0.7866,強,"{""逃げ"": 55.9, ""まくり"": 16.4, ""まくり差し"": 10.5, ""差し"": 10.2, ""抜き"": 6.4, ""恵まれ"": 0.7}","[""0〜600円"", ""600〜750円"", ""750〜900円"", ""900〜1050円"", ""1050〜1220円"", ""1220〜1410円"", ""1410〜1640円"", ""1640〜1890円"", ""1890〜2200円"", ""2200〜2560円"", ""2560〜3020円"", ""3020〜3580円"", ""3580〜4290円"", ""4290〜5220円"", ""5220〜6490円"", ""6490〜8310円"", ""8310〜11220円"", ""11220〜16240円"", ""16240〜28268円"", ""28268円〜""]","[2.5, 4.7, 5.2, 5.0, 5.4, 4.8, 5.4, 4.4, 5.1, 5.6, 5.1, 5.1, 4.7, 4.3, 5.0, 5.9, 5.7, 5.3, 5.5, 5.2]","[-2.5, -0.3, 0.2, 0.0, 0.4, -0.2, 0.4, -0.6, 0.1, 0.6, 0.1, 0.1, -0.3, -0.7, -0.0, 0.9, 0.7, 0.3, 0.5, 0.2]"
20260817,02,12,1,39.8,"[[""1-2-3"", 0.0569], [""1-3-2"", 0.055], [""1-2-4"", 0.028], [""1-3-4"", 0.0254], [""1-2-5"", 0.0229], [""1-3-5"", 0.0207], [""1-2-6"", 0.0181], [""1-3-6"", 0.0164]]",2,38.5,"[[""2-1-3"", 0.0434], [""2-1-4"", 0.0214], [""2-1-5"", 0.0175], [""2-1-6"", 0.0138]]","[[""3-1-2"", 0.0413], [""2-3-1"", 0.0288], [""3-2-1"", 0.0283], [""1-4-2"", 0.0211]]",,,False,True,0.8218,中,"{""逃げ"": 38.9, ""まくり"": 24.3, ""まくり差し"": 12.7, ""差し"": 15.0, ""抜き"": 8.2, ""恵まれ"": 0.9}","[""0〜600円"", ""600〜750円"", ""750〜900円"", ""900〜1050円"", ""1050〜1220円"", ""1220〜1410円"", ""1410〜1640円"", ""1640〜1890円"", ""1890〜2200円"", ""2200〜2560円"", ""2560〜3020円"", ""3020〜3580円"", ""3580〜4290円"", ""4290〜5220円"", ""5220〜6490円"", ""6490〜8310円"", ""8310〜11220円"", ""11220〜16240円"", ""16240〜28268円"", ""28268円〜""]","[1.0, 2.0, 3.1, 3.2, 4.7, 4.0, 5.1, 5.3, 5.9, 6.1, 4.6, 5.7, 7.0, 5.9, 5.8, 7.0, 6.5, 6.0, 5.5, 5.4]","[-4.0, -3.0, -1.9, -1.8, -0.3, -1.0, 0.1, 0.3, 0.9, 1.1, -0.4, 0.7, 2.0, 0.9, 0.8, 2.0, 1.5, 1.0, 0.5, 0.4]"
20260817,05,1,4,57.5,"[[""4-6-3"", 0.0234], [""4-3-6"", 0.0219], [""4-6-1"", 0.022], [""4-6-2"", 0.0194], [""4-1-6"", 0.0189], [""4-3-1"", 0.0177], [""4-2-6"", 0.0162], [""4-1-3"", 0.0162], [""4-3-2"", 0.0156]]",1,60.6,"[[""1-4-6"", 0.0167], [""1-6-4"", 0.0165], [""1-4-3"", 0.0143], [""1-6-3"", 0.0136], [""1-3-4"", 0.0134], [""1-3-6"", 0.0129]]","[[""6-4-3"", 0.0231], [""6-3-4"", 0.0213], [""3-4-6"", 0.0208], [""3-6-4"", 0.0204]]",,,False,False,0.7866,中,"{""逃げ"": 53.2, ""まくり"": 15.9, ""差し"": 12.8, ""まくり差し"": 11.6, ""抜き"": 5.6, ""恵まれ"": 0.9}","[""0〜600円"", ""600〜750円"", ""750〜900円"", ""900〜1050円"", ""1050〜1220円"", ""1220〜1410円"", ""1410〜1640円"", ""1640〜1890円"", ""1890〜2200円"", ""2200〜2560円"", ""2560〜3020円"", ""3020〜3580円"", ""3580〜4290円"", ""4290〜5220円"", ""5220〜6490円"", ""6490〜8310円"", ""8310〜11220円"", ""11220〜16240円"", ""16240〜28268円"", ""28268円〜""]","[3.7, 4.9, 5.5, 5.5, 4.9, 4.8, 5.4, 4.8, 5.3, 5.4, 4.9, 4.6, 5.0, 5.4, 5.7, 5.0, 4.4, 4.8, 4.7, 5.4]","[-1.3, -0.1, 0.5, 0.5, -0.1, -0.2, 0.4, -0.2, 0.3, 0.4, -0.1, -0.4, 0.0, 0.4, 0.7, -0.0, -0.6, -0.2, -0.3, 0.4]"
20260817,05,2,2,52.6,"[[""2-4-1"", 0.0431], [""2-4-3"", 0.0545], [""2-1-4"", 0.039], [""2-3-4"", 0.0493], [""2-1-3"", 0.0397], [""2-3-1"", 0.0396], [""2-4-6"", 0.0117]]",4,35.2,"[[""4-2-1"", 0.0348], [""4-2-3"", 0.0441]]","[[""1-2-4"", 0.0299], [""3-2-4"", 0.0377], [""1-2-3"", 0.0304], [""3-2-1"", 0.0303]]",,,False,False,0.7866,強,"{""逃げ"": 67.0, ""まくり"": 10.6, ""まくり差し"": 9.3, ""差し"": 8.3, ""抜き"": 4.3, ""恵まれ"": 0.6}","[""0〜600円"", ""600〜750円"", ""750〜900円"", ""900〜1050円"", ""1050〜1220円"", ""1220〜1410円"", ""1410〜1640円"", ""1640〜1890円"", ""1890〜2200円"", ""2200〜2560円"", ""2560〜3020円"", ""3020〜3580円"", ""3580〜4290円"", ""4290〜5220円"", ""5220〜6490円"", ""6490〜8310円"", ""8310〜11220円"", ""11220〜16240円"", ""16240〜28268円"", ""28268円〜""]","[6.9, 7.1, 6.5, 5.8, 5.8, 5.1, 4.8, 5.3, 4.9, 4.4, 4.8, 3.9, 3.9, 4.0, 4.7, 4.0, 3.5, 4.3, 4.9, 5.3]","[1.9, 2.1, 1.5, 0.8, 0.8, 0.1, -0.2, 0.3, -0.1, -0.6, -0.2, -1.1, -1.1, -1.0, -0.3, -1.0, -1.5, -0.7, -0.1, 0.3]"
20260817,05,3,2,55.2,"[[""2-4-1"", 0.0436], [""2-4-5"", 0.05], [""2-4-3"", 0.0172], [""2-4-6"", 0.0123]]",4,24.4,"[[""4-2-1"", 0.0425], [""4-2-5"", 0.0487], [""4-2-3"", 0.0168], [""4-2-6"", 0.012]]","[[""2-1-4"", 0.0324], [""4-1-2"", 0.0306], [""2-5-4"", 0.0361], [""4-5-2"", 0.0341]]",2-4,0.2665,False,False,0.7866,中,"{""逃げ"": 53.2, ""まくり"": 15.9, ""差し"": 12.8, ""まくり差し"": 11.6, ""抜き"": 5.6, ""恵まれ"": 0.9}","[""0〜600円"", ""600〜750円"", ""750〜900円"", ""900〜1050円"", ""1050〜1220円"", ""1220〜1410円"", ""1410〜1640円"", ""1640〜1890円"", ""1890〜2200円"", ""2200〜2560円"", ""2560〜3020円"", ""3020〜3580円"", ""3580〜4290円"", ""4290〜5220円"", ""5220〜6490円"", ""6490〜8310円"", ""8310〜11220円"", ""11220〜16240円"", ""16240〜28268円"", ""28268円〜""]","[3.7, 4.9, 5.5, 5.5, 4.9, 4.8, 5.4, 4.8, 5.3, 5.4, 4.9, 4.6, 5.0, 5.4, 5.7, 5.0, 4.4, 4.8, 4.7, 5.4]","[-1.3, -0.1, 0.5, 0.5, -0.1, -0.2, 0.4, -0.2, 0.3, 0.4, -0.1, -0.4, 0.0, 0.4, 0.7, -0.0, -0.6, -0.2, -0.3, 0.4]"
20260817,05,4,1,55.4,"[[""1-3-2"", 0.0884], [""1-3-6"", 0.0165], [""1-3-5"", 0.0145]]",2,29.1,"[[""2-1-3"", 0.0827], [""2-1-6"", 0.0149], [""2-1-5"", 0.0131]]","[[""1-2-3"", 0.0861], [""3-1-2"", 0.0861], [""3-2-1"", 0.0801], [""2-3-1"", 0.079]]",,,False,True,0.8218,弱,"{""逃げ"": 34.4, ""まくり"": 25.3, ""差し"": 18.4, ""まくり差し"": 13.2, ""抜き"": 7.8, ""恵まれ"": 0.9}","[""0〜600円"", ""600〜750円"", ""750〜900円"", ""900〜1050円"", ""1050〜1220円"", ""1220〜1410円"", ""1410〜1640円"", ""1640〜1890円"", ""1890〜2200円"", ""2200〜2560円"", ""2560〜3020円"", ""3020〜3580円"", ""3580〜4290円"", ""4290〜5220円"", ""5220〜6490円"", ""6490〜8310円"", ""8310〜11220円"", ""11220〜16240円"", ""16240〜28268円"", ""28268円〜""]","[0.6, 1.9, 2.0, 3.9, 3.2, 5.0, 5.3, 6.1, 6.5, 5.3, 6.5, 6.1, 6.1, 7.0, 6.7, 5.6, 5.8, 6.4, 5.6, 4.3]","[-4.4, -3.1, -3.0, -1.1, -1.8, -0.0, 0.3, 1.1, 1.5, 0.3, 1.5, 1.1, 1.1, 2.0, 1.7, 0.6, 0.8, 1.4, 0.6, -0.7]"
20260817,05,5,1,39.5,"[[""1-2-5"", 0.0895], [""1-2-3"", 0.052], [""1-2-4"", 0.0494], [""1-2-6"", 0.0111]]",2,24.1,"[[""2-1-5"", 0.0771], [""2-1-3"", 0.0448], [""2-1-4"", 0.0426]]","[[""1-5-2"", 0.0526], [""2-5-1"", 0.0375], [""5-1-2"", 0.0355], [""5-2-1"", 0.0294]]",1-2,0.4214,False,False,0.7866,中,"{""逃げ"": 53.2, ""まくり"": 15.9, ""差し"": 12.8, ""まくり差し"": 11.6, ""抜き"": 5.6, ""恵まれ"": 0.9}","[""0〜600円"", ""600〜750円"", ""750〜900円"", ""900〜1050円"", ""1050〜1220円"", ""1220〜1410円"", ""1410〜1640円"", ""1640〜1890円"", ""1890〜2200円"", ""2200〜2560円"", ""2560〜3020円"", ""3020〜3580円"", ""3580〜4290円"", ""4290〜5220円"", ""5220〜6490円"", ""6490〜8310円"", ""8310〜11220円"", ""11220〜16240円"", ""16240〜28268円"", ""28268円〜""]","[3.7, 4.9, 5.5, 5.5, 4.9, 4.8, 5.4, 4.8, 5.3, 5.4, 4.9, 4.6, 5.0, 5.4, 5.7, 5.0, 4.4, 4.8, 4.7, 5.4]","[-1.3, -0.1, 0.5, 0.5, -0.1, -0.2, 0.4, -0.2, 0.3, 0.4, -0.1, -0.4, 0.0, 0.4, 0.7, -0.0, -0.6, -0.2, -0.3, 0.4]"
20260817,05,6,4,50.9,"[[""4-6-1"", 0.0388], [""4-1-6"", 0.038], [""4-6-5"", 0.0331], [""4-1-5"", 0.0307], [""4-5-6"", 0.0289], [""4-5-1"", 0.0274], [""4-6-2"", 0.0259], [""4-1-2"", 0.024], [""4-2-6"", 0.0215]]",6,24.6,"[[""6-4-1"", 0.0254], [""6-4-5"", 0.0216], [""6-4-2"", 0.0169], [""6-4-3"", 0.0136]]","[[""1-4-6"", 0.0246], [""4-6-3"", 0.0208], [""4-2-1"", 0.0204], [""1-4-5"", 0.0199]]",,,False,False,0.7866,強,"{""逃げ"": 67.0, ""まくり"": 10.6, ""まくり差し"": 9.3, ""差し"": 8.3, ""抜き"": 4.3, ""恵まれ"": 0.6}","[""0〜600円"", ""600〜750円"", ""750〜900円"", ""900〜1050円"", ""1050〜1220円"", ""1220〜1410円"", ""1410〜1640円"", ""1640〜1890円"", ""1890〜2200円"", ""2200〜2560円"", ""2560〜3020円"", ""3020〜3580円"", ""3580〜4290円"", ""4290〜5220円"", ""5220〜6490円"", ""6490〜8310円"", ""8310〜11220円"", ""11220〜16240円"", ""16240〜28268円"", ""28268円〜""]","[6.9, 7.1, 6.5, 5.8, 5.8, 5.1, 4.8, 5.3, 4.9, 4.4, 4.8, 3.9, 3.9, 4.0, 4.7, 4.0, 3.5, 4.3, 4.9, 5.3]","[1.9, 2.1, 1.5, 0.8, 0.8, 0.1, -0.2, 0.3, -0.1, -0.6, -0.2, -1.1, -1.1, -1.0, -0.3, -1.0, -1.5, -0.7, -0.1, 0.3]"
20260817,05,7,1,57.8,"[[""1-3-4"", 0.0379], [""1-4-3"", 0.0355], [""1-3-6"", 0.0428], [""1-6-3"", 0.0385], [""1-4-6"", 0.0343], [""1-6-4"", 0.0329], [""1-3-2"", 0.0192], [""1-4-2"", 0.0154], [""1-2-3"", 0.0147]]",4,34.5,"[[""4-1-3"", 0.0262], [""4-1-6"", 0.0253], [""4-1-2"", 0.0114]]","[[""3-1-4"", 0.029], [""3-1-6"", 0.0327], [""6-1-3"", 0.0278], [""3-4-1"", 0.0191]]",,,False,False,0.7866,弱,"{""逃げ"": 34.4, ""まくり"": 25.3, ""差し"": 18.4, ""まくり差し"": 13.2, ""抜き"": 7.8, ""恵まれ"": 0.9}","[""0〜600円"", ""600〜750円"", ""750〜900円"", ""900〜1050円"", ""1050〜1220円"", ""1220〜1410円"", ""1410〜1640円"", ""1640〜1890円"", ""1890〜2200円"", ""2200〜2560円"", ""2560〜3020円"", ""3020〜3580円"", ""3580〜4290円"", ""4290〜5220円"", ""5220〜6490円"", ""6490〜8310円"", ""8310〜11220円"", ""11220〜16240円"", ""16240〜28268円"", ""28268円〜""]","[0.6, 1.9, 2.0, 3.9, 3.2, 5.0, 5.3, 6.1, 6.5, 5.3, 6.5, 6.1, 6.1, 7.0, 6.7, 5.6, 5.8, 6.4, 5.6, 4.3]","[-4.4, -3.1, -3.0, -1.1, -1.8, -0.0, 0.3, 1.1, 1.5, 0.3, 1.5, 1.1, 1.1, 2.0, 1.7, 0.6, 0.8, 1.4, 0.6, -0.7]"
20260817,05,8,1,55.2,"[[""1-2-5"", 0.1667], [""1-2-4"", 0.038], [""1-2-3"", 0.0285], [""1-2-6"", 0.0146]]",2,32.4,"[[""2-1-5"", 0.1009], [""2-1-4"", 0.023], [""2-1-3"", 0.0172]]","[[""1-5-2"", 0.1153], [""5-1-2"", 0.0621], [""2-5-1"", 0.0353], [""5-2-1"", 0.0314]]",1-2,0.4703,False,False,0.7866,中,"{""逃げ"": 53.2, ""まくり"": 15.9, ""差し"": 12.8, ""まくり差し"": 11.6, ""抜き"": 5.6, ""恵まれ"": 0.9}","[""0〜600円"", ""600〜750円"", ""750〜900円"", ""900〜1050円"", ""1050〜1220円"", ""1220〜1410円"", ""1410〜1640円"", ""1640〜1890円"", ""1890〜2200円"", ""2200〜2560円"", ""2560〜3020円"", ""3020〜3580円"", ""3580〜4290円"", ""4290〜5220円"", ""5220〜6490円"", ""6490〜8310円"", ""8310〜11220円"", ""11220〜16240円"", ""16240〜28268円"", ""28268円〜""]","[3.7, 4.9, 5.5, 5.5, 4.9, 4.8, 5.4, 4.8, 5.3, 5.4, 4.9, 4.6, 5.0, 5.4, 5.7, 5.0, 4.4, 4.8, 4.7, 5.4]","[-1.3, -0.1, 0.5, 0.5, -0.1, -0.2, 0.4, -0.2, 0.3, 0.4, -0.1, -0.4, 0.0, 0.4, 0.7, -0.0, -0.6, -0.2, -0.3, 0.4]"
20260817,05,9,1,52.1,"[[""1-2-4"", 0.078], [""1-4-2"", 0.0718], [""1-2-6"", 0.0599], [""1-6-2"", 0.0477], [""1-4-6"", 0.0458], [""1-2-3"", 0.0456], [""1-6-4"", 0.0397], [""1-4-3"", 0.0349], [""1-3-2"", 0.0346]]",4,44.7,"[[""4-1-2"", 0.0247], [""4-1-6"", 0.0158], [""4-1-3"", 0.012]]","[[""2-1-4"", 0.0274], [""1-3-4"", 0.0288], [""1-2-5"", 0.028], [""1-4-5"", 0.0214]]",,,False,False,0.7866,強,"{""逃げ"": 67.0, ""まくり"": 10.6, ""まくり差し"": 9.3, ""差し"": 8.3, ""抜き"": 4.3, ""恵まれ"": 0.6}","[""0〜600円"", ""600〜750円"", ""750〜900円"", ""900〜1050円"", ""1050〜1220円"", ""1220〜1410円"", ""1410〜1640円"", ""1640〜1890円"", ""1890〜2200円"", ""2200〜2560円"", ""2560〜3020円"", ""3020〜3580円"", ""3580〜4290円"", ""4290〜5220円"", ""5220〜6490円"", ""6490〜8310円"", ""8310〜11220円"", ""11220〜16240円"", ""16240〜28268円"", ""28268円〜""]","[6.9, 7.1, 6.5, 5.8, 5.8, 5.1, 4.8, 5.3, 4.9, 4.4, 4.8, 3.9, 3.9, 4.0, 4.7, 4.0, 3.5, 4.3, 4.9, 5.3]","[1.9, 2.1, 1.5, 0.8, 0.8, 0.1, -0.2, 0.3, -0.1, -0.6, -0.2, -1.1, -1.1, -1.0, -0.3, -1.0, -1.5, -0.7, -0.1, 0.3]"
20260817,05,10,1,49.2,"[[""1-4-3"", 0.1478], [""1-4-2"", 0.0914], [""1-4-5"", 0.0499]]",4,24.6,"[[""4-1-3"", 0.045], [""4-1-2"", 0.0279], [""4-1-5"", 0.0152]]","[[""1-3-4"", 0.1162], [""1-2-4"", 0.0586], [""1-3-2"", 0.0485], [""3-1-4"", 0.0339]]",1-4,0.435,False,False,0.7866,強,"{""逃げ"": 67.0, ""まくり"": 10.6, ""まくり差し"": 9.3, ""差し"": 8.3, ""抜き"": 4.3, ""恵まれ"": 0.6}","[""0〜600円"", ""600〜750円"", ""750〜900円"", ""900〜1050円"", ""1050〜1220円"", ""1220〜1410円"", ""1410〜1640円"", ""1640〜1890円"", ""1890〜2200円"", ""2200〜2560円"", ""2560〜3020円"", ""3020〜3580円"", ""3580〜4290円"", ""4290〜5220円"", ""5220〜6490円"", ""6490〜8310円"", ""8310〜11220円"", ""11220〜16240円"", ""16240〜28268円"", ""28268円〜""]","[6.9, 7.1, 6.5, 5.8, 5.8, 5.1, 4.8, 5.3, 4.9, 4.4, 4.8, 3.9, 3.9, 4.0, 4.7, 4.0, 3.5, 4.3, 4.9, 5.3]","[1.9, 2.1, 1.5, 0.8, 0.8, 0.1, -0.2, 0.3, -0.1, -0.6, -0.2, -1.1, -1.1, -1.0, -0.3, -1.0, -1.5, -0.7, -0.1, 0.3]"
20260817,05,11,1,52.6,"[[""1-2-3"", 0.1522], [""1-2-4"", 0.125], [""1-2-6"", 0.0877], [""1-2-5"", 0.0507]]",2,24.4,"[[""2-1-3"", 0.0436], [""2-1-4"", 0.0358], [""2-1-6"", 0.0251], [""2-1-5"", 0.0145]]","[[""1-3-2"", 0.0743], [""1-4-2"", 0.0572], [""1-6-2"", 0.0387], [""3-1-2"", 0.0189]]",1-2,0.577,True,True,0.8218,強,"{""逃げ"": 67.0, ""まくり"": 10.6, ""まくり差し"": 9.3, ""差し"": 8.3, ""抜き"": 4.3, ""恵まれ"": 0.6}","[""0〜600円"", ""600〜750円"", ""750〜900円"", ""900〜1050円"", ""1050〜1220円"", ""1220〜1410円"", ""1410〜1640円"", ""1640〜1890円"", ""1890〜2200円"", ""2200〜2560円"", ""2560〜3020円"", ""3020〜3580円"", ""3580〜4290円"", ""4290〜5220円"", ""5220〜6490円"", ""6490〜8310円"", ""8310〜11220円"", ""11220〜16240円"", ""16240〜28268円"", ""28268円〜""]","[6.9, 7.1, 6.5, 5.8, 5.8, 5.1, 4.8, 5.3, 4.9, 4.4, 4.8, 3.9, 3.9, 4.0, 4.7, 4.0, 3.5, 4.3, 4.9, 5.3]","[1.9, 2.1, 1.5, 0.8, 0.8, 0.1, -0.2, 0.3, -0.1, -0.6, -0.2, -1.1, -1.1, -1.0, -0.3, -1.0, -1.5, -0.7, -0.1, 0.3]"
20260817,05,12,1,50.9,"[[""1-4-5"", 0.1214], [""1-4-3"", 0.1118], [""1-4-2"", 0.0636], [""1-4-6"", 0.0584]]",4,25.8,"[[""4-1-5"", 0.0346], [""4-1-3"", 0.0319], [""4-1-2"", 0.0181], [""4-1-6"", 0.0167]]","[[""1-5-4"", 0.0727], [""1-3-4"", 0.0628], [""1-2-4"", 0.0334], [""1-6-4"", 0.0305]]",1-4,0.4988,False,False,0.7866,強,"{""逃げ"": 67.0, ""まくり"": 10.6, ""まくり差し"": 9.3, ""差し"": 8.3, ""抜き"": 4.3, ""恵まれ"": 0.6}","[""0〜600円"", ""600〜750円"", ""750〜900円"", ""900〜1050円"", ""1050〜1220円"", ""1220〜1410円"", ""1410〜1640円"", ""1640〜1890円"", ""1890〜2200円"", ""2200〜2560円"", ""2560〜3020円"", ""3020〜3580円"", ""3580〜4290円"", ""4290〜5220円"", ""5220〜6490円"", ""6490〜8310円"", ""8310〜11220円"", ""11220〜16240円"", ""16240〜28268円"", ""28268円〜""]","[6.9, 7.1, 6.5, 5.8, 5.8, 5.1, 4.8, 5.3, 4.9, 4.4, 4.8, 3.9, 3.9, 4.0, 4.7, 4.0, 3.5, 4.3, 4.9, 5.3]","[1.9, 2.1, 1.5, 0.8, 0.8, 0.1, -0.2, 0.3, -0.1, -0.6, -0.2, -1.1, -1.1, -1.0, -0.3, -1.0, -1.5, -0.7, -0.1, 0.3]"
20260817,09,1,1,59.5,"[[""1-3-2"", 0.0773], [""1-2-3"", 0.074], [""1-3-4"", 0.0934], [""1-4-3"", 0.0878], [""1-2-4"", 0.0804], [""1-4-2"", 0.0789], [""1-3-5"", 0.0498], [""1-2-5"", 0.0429], [""1-5-3"", 0.0402]]",2,,"[[""2-1-3"", 0.0153], [""2-1-4"", 0.0166]]","[[""1-4-5"", 0.0401], [""1-5-2"", 0.0361], [""1-5-4"", 0.0344], [""3-1-2"", 0.0161]]",,,False,False,0.7866,中,"{""逃げ"": 54.0, ""まくり差し"": 14.2, ""差し"": 13.1, ""まくり"": 11.8, ""抜き"": 6.2, ""恵まれ"": 0.8}","[""0〜600円"", ""600〜750円"", ""750〜900円"", ""900〜1050円"", ""1050〜1220円"", ""1220〜1410円"", ""1410〜1640円"", ""1640〜1890円"", ""1890〜2200円"", ""2200〜2560円"", ""2560〜3020円"", ""3020〜3580円"", ""3580〜4290円"", ""4290〜5220円"", ""5220〜6490円"", ""6490〜8310円"", ""8310〜11220円"", ""11220〜16240円"", ""16240〜28268円"", ""28268円〜""]","[5.2, 5.5, 5.2, 5.1, 4.9, 5.1, 4.5, 4.9, 5.0, 5.3, 6.2, 5.5, 4.8, 4.6, 4.4, 4.4, 5.0, 4.4, 4.8, 5.1]","[0.2, 0.5, 0.2, 0.1, -0.1, 0.1, -0.5, -0.1, 0.0, 0.3, 1.2, 0.5, -0.2, -0.4, -0.6, -0.6, 0.0, -0.6, -0.2, 0.1]"
20260817,09,2,1,66.7,"[[""1-5-2"", 0.0451], [""1-2-5"", 0.0423], [""1-5-4"", 0.0392], [""1-4-5"", 0.0326], [""1-2-4"", 0.0319], [""1-4-2"", 0.0283], [""1-5-6"", 0.0217], [""1-2-6"", 0.0176], [""1-6-5"", 0.0163]]",5,30.4,"[[""5-1-2"", 0.0335], [""5-1-4"", 0.0291], [""5-1-6"", 0.0161], [""5-1-3"", 0.0115]]","[[""2-1-5"", 0.0304], [""5-2-1"", 0.0211], [""2-5-1"", 0.0205], [""2-1-4"", 0.0229]]",,,False,False,0.7866,弱,"{""逃げ"": 34.7, ""差し"": 20.3, ""まくり"": 18.5, ""まくり差し"": 17.2, ""抜き"": 8.1, ""恵まれ"": 1.1}","[""0〜600円"", ""600〜750円"", ""750〜900円"", ""900〜1050円"", ""1050〜1220円"", ""1220〜1410円"", ""1410〜1640円"", ""1640〜1890円"", ""1890〜2200円"", ""2200〜2560円"", ""2560〜3020円"", ""3020〜3580円"", ""3580〜4290円"", ""4290〜5220円"", ""5220〜6490円"", ""6490〜8310円"", ""8310〜11220円"", ""11220〜16240円"", ""16240〜28268円"", ""28268円〜""]","[1.4, 2.2, 2.6, 3.3, 4.3, 4.3, 4.8, 5.4, 5.6, 5.1, 5.5, 7.7, 5.4, 6.3, 5.7, 7.0, 7.0, 6.1, 5.8, 4.4]","[-3.6, -2.8, -2.4, -1.7, -0.7, -0.7, -0.2, 0.4, 0.6, 0.1, 0.5, 2.7, 0.4, 1.3, 0.7, 2.0, 2.0, 1.1, 0.8, -0.6]"
20260817,09,3,3,54.8,"[[""3-1-2"", 0.05], [""3-2-1"", 0.0454], [""3-1-6"", 0.0494], [""3-6-1"", 0.042], [""3-1-4"", 0.0365], [""3-2-6"", 0.036], [""3-6-2"", 0.0337], [""3-4-1"", 0.0289], [""3-2-4"", 0.0266]]",1,,"[[""1-3-2"", 0.0342], [""1-3-6"", 0.0338], [""1-3-4"", 0.025]]","[[""2-3-1"", 0.0297], [""6-3-1"", 0.0266], [""2-3-6"", 0.0235], [""3-4-2"", 0.0232]]",,,False,True,0.8218,強,"{""逃げ"": 68.7, ""まくり差し"": 8.9, ""差し"": 8.2, ""まくり"": 7.8, ""抜き"": 5.6, ""恵まれ"": 0.8}","[""0〜600円"", ""600〜750円"", ""750〜900円"", ""900〜1050円"", ""1050〜1220円"", ""1220〜1410円"", ""1410〜1640円"", ""1640〜1890円"", ""1890〜2200円"", ""2200〜2560円"", ""2560〜3020円"", ""3020〜3580円"", ""3580〜4290円"", ""4290〜5220円"", ""5220〜6490円"", ""6490〜8310円"", ""8310〜11220円"", ""11220〜16240円"", ""16240〜28268円"", ""28268円〜""]","[11.4, 7.8, 7.1, 5.8, 5.3, 5.2, 5.0, 5.1, 3.9, 4.7, 4.4, 4.5, 3.7, 3.7, 3.8, 2.8, 3.1, 3.1, 4.5, 5.1]","[6.4, 2.8, 2.1, 0.8, 0.3, 0.2, 0.0, 0.1, -1.1, -0.3, -0.6, -0.5, -1.3, -1.3, -1.2, -2.2, -1.9, -1.9, -0.5, 0.1]"
20260817,09,4,1,55.8,"[[""1-3-4"", 0.0748], [""1-4-3"", 0.0698], [""1-3-2"", 0.0484], [""1-4-2"", 0.039], [""1-2-3"", 0.0374], [""1-3-6"", 0.0346], [""1-3-5"", 0.0327], [""1-2-4"", 0.0323], [""1-4-6"", 0.0279]]",4,37.6,"[[""4-1-3"", 0.0304], [""4-1-2"", 0.017], [""4-1-6"", 0.0121], [""4-1-5"", 0.0115]]","[[""3-1-4"", 0.0332], [""1-4-5"", 0.0264], [""1-6-3"", 0.0255], [""1-5-3"", 0.0239]]",,,False,False,0.7866,強,"{""逃げ"": 68.7, ""まくり差し"": 8.9, ""差し"": 8.2, ""まくり"": 7.8, ""抜き"": 5.6, ""恵まれ"": 0.8}","[""0〜600円"", ""600〜750円"", ""750〜900円"", ""900〜1050円"", ""1050〜1220円"", ""1220〜1410円"", ""1410〜1640円"", ""1640〜1890円"", ""1890〜2200円"", ""2200〜2560円"", ""2560〜3020円"", ""3020〜3580円"", ""3580〜4290円"", ""4290〜5220円"", ""5220〜6490円"", ""6490〜8310円"", ""8310〜11220円"", ""11220〜16240円"", ""16240〜28268円"", ""28268円〜""]","[11.4, 7.8, 7.1, 5.8, 5.3, 5.2, 5.0, 5.1, 3.9, 4.7, 4.4, 4.5, 3.7, 3.7, 3.8, 2.8, 3.1, 3.1, 4.5, 5.1]","[6.4, 2.8, 2.1, 0.8, 0.3, 0.2, 0.0, 0.1, -1.1, -0.3, -0.6, -0.5, -1.3, -1.3, -1.2, -2.2, -1.9, -1.9, -0.5, 0.1]"
20260817,09,5,1,48.4,"[[""1-3-2"", 0.1243], [""1-2-3"", 0.1161], [""1-3-4"", 0.1124], [""1-2-4"", 0.0922], [""1-3-6"", 0.0308], [""1-2-6"", 0.0253]]",3,48.1,"[[""3-1-2"", 0.0229], [""3-1-4"", 0.0207]]","[[""1-4-3"", 0.0938], [""1-4-2"", 0.0823], [""2-1-3"", 0.0212], [""1-6-3"", 0.021]]",,,False,True,0.8218,強,"{""逃げ"": 68.7, ""まくり差し"": 8.9, ""差し"": 8.2, ""まくり"": 7.8, ""抜き"": 5.6, ""恵まれ"": 0.8}","[""0〜600円"", ""600〜750円"", ""750〜900円"", ""900〜1050円"", ""1050〜1220円"", ""1220〜1410円"", ""1410〜1640円"", ""1640〜1890円"", ""1890〜2200円"", ""2200〜2560円"", ""2560〜3020円"", ""3020〜3580円"", ""3580〜4290円"", ""4290〜5220円"", ""5220〜6490円"", ""6490〜8310円"", ""8310〜11220円"", ""11220〜16240円"", ""16240〜28268円"", ""28268円〜""]","[11.4, 7.8, 7.1, 5.8, 5.3, 5.2, 5.0, 5.1, 3.9, 4.7, 4.4, 4.5, 3.7, 3.7, 3.8, 2.8, 3.1, 3.1, 4.5, 5.1]","[6.4, 2.8, 2.1, 0.8, 0.3, 0.2, 0.0, 0.1, -1.1, -0.3, -0.6, -0.5, -1.3, -1.3, -1.2, -2.2, -1.9, -1.9, -0.5, 0.1]"
20260817,09,6,1,57.3,"[[""1-2-3"", 0.067], [""1-2-4"", 0.0779], [""1-2-6"", 0.0583], [""1-2-5"", 0.0176]]",2,31.0,"[[""2-1-3"", 0.0637], [""2-1-4"", 0.074], [""2-1-6"", 0.0554], [""2-1-5"", 0.0168]]","[[""1-3-2"", 0.0314], [""1-4-2"", 0.0362], [""2-3-1"", 0.0281], [""2-4-1"", 0.0324]]",1-2,0.4589,False,True,0.8218,弱,"{""逃げ"": 34.7, ""差し"": 20.3, ""まくり"": 18.5, ""まくり差し"": 17.2, ""抜き"": 8.1, ""恵まれ"": 1.1}","[""0〜600円"", ""600〜750円"", ""750〜900円"", ""900〜1050円"", ""1050〜1220円"", ""1220〜1410円"", ""1410〜1640円"", ""1640〜1890円"", ""1890〜2200円"", ""2200〜2560円"", ""2560〜3020円"", ""3020〜3580円"", ""3580〜4290円"", ""4290〜5220円"", ""5220〜6490円"", ""6490〜8310円"", ""8310〜11220円"", ""11220〜16240円"", ""16240〜28268円"", ""28268円〜""]","[1.4, 2.2, 2.6, 3.3, 4.3, 4.3, 4.8, 5.4, 5.6, 5.1, 5.5, 7.7, 5.4, 6.3, 5.7, 7.0, 7.0, 6.1, 5.8, 4.4]","[-3.6, -2.8, -2.4, -1.7, -0.7, -0.7, -0.2, 0.4, 0.6, 0.1, 0.5, 2.7, 0.4, 1.3, 0.7, 2.0, 2.0, 1.1, 0.8, -0.6]"
20260817,09,7,4,54.8,"[[""4-2-1"", 0.0581], [""4-2-5"", 0.0368], [""4-2-3"", 0.0308]]",2,31.1,"[[""2-4-1"", 0.0512], [""2-4-5"", 0.0325], [""2-4-3"", 0.0272]]","[[""4-1-2"", 0.0496], [""1-4-2"", 0.0401], [""2-1-4"", 0.0366], [""1-2-4"", 0.0336]]",2-4,0.2695,False,False,0.7866,強,"{""逃げ"": 68.7, ""まくり差し"": 8.9, ""差し"": 8.2, ""まくり"": 7.8, ""抜き"": 5.6, ""恵まれ"": 0.8}","[""0〜600円"", ""600〜750円"", ""750〜900円"", ""900〜1050円"", ""1050〜1220円"", ""1220〜1410円"", ""1410〜1640円"", ""1640〜1890円"", ""1890〜2200円"", ""2200〜2560円"", ""2560〜3020円"", ""3020〜3580円"", ""3580〜4290円"", ""4290〜5220円"", ""5220〜6490円"", ""6490〜8310円"", ""8310〜11220円"", ""11220〜16240円"", ""16240〜28268円"", ""28268円〜""]","[11.4, 7.8, 7.1, 5.8, 5.3, 5.2, 5.0, 5.1, 3.9, 4.7, 4.4, 4.5, 3.7, 3.7, 3.8, 2.8, 3.1, 3.1, 4.5, 5.1]","[6.4, 2.8, 2.1, 0.8, 0.3, 0.2, 0.0, 0.1, -1.1, -0.3, -0.6, -0.5, -1.3, -1.3, -1.2, -2.2, -1.9, -1.9, -0.5, 0.1]"
20260817,09,8,2,54.7,"[[""2-1-3"", 0.1153], [""2-1-4"", 0.0979], [""2-1-6"", 0.0301], [""2-1-5"", 0.0278]]",1,24.8,"[[""1-2-3"", 0.0851], [""1-2-4"", 0.0723], [""1-2-6"", 0.0222], [""1-2-5"", 0.0205]]","[[""2-3-1"", 0.056], [""2-4-1"", 0.0445], [""3-2-1"", 0.0316], [""1-3-2"", 0.0288]]",1-2,0.5147,True,True,0.8218,強,"{""逃げ"": 68.7, ""まくり差し"": 8.9, ""差し"": 8.2, ""まくり"": 7.8, ""抜き"": 5.6, ""恵まれ"": 0.8}","[""0〜600円"", ""600〜750円"", ""750〜900円"", ""900〜1050円"", ""1050〜1220円"", ""1220〜1410円"", ""1410〜1640円"", ""1640〜1890円"", ""1890〜2200円"", ""2200〜2560円"", ""2560〜3020円"", ""3020〜3580円"", ""3580〜4290円"", ""4290〜5220円"", ""5220〜6490円"", ""6490〜8310円"", ""8310〜11220円"", ""11220〜16240円"", ""16240〜28268円"", ""28268円〜""]","[11.4, 7.8, 7.1, 5.8, 5.3, 5.2, 5.0, 5.1, 3.9, 4.7, 4.4, 4.5, 3.7, 3.7, 3.8, 2.8, 3.1, 3.1, 4.5, 5.1]","[6.4, 2.8, 2.1, 0.8, 0.3, 0.2, 0.0, 0.1, -1.1, -0.3, -0.6, -0.5, -1.3, -1.3, -1.2, -2.2, -1.9, -1.9, -0.5, 0.1]"
20260817,09,9,1,44.8,"[[""1-2-3"", 0.1536], [""1-2-5"", 0.134], [""1-2-6"", 0.1125], [""1-2-4"", 0.0184]]",2,26.9,"[[""2-1-3"", 0.0642], [""2-1-5"", 0.056], [""2-1-6"", 0.047]]","[[""1-3-2"", 0.0586], [""1-5-2"", 0.0489], [""1-6-2"", 0.0404], [""3-1-2"", 0.02]]",1-2,0.6405,True,True,0.8218,強,"{""逃げ"": 68.7, ""まくり差し"": 8.9, ""差し"": 8.2, ""まくり"": 7.8, ""抜き"": 5.6, ""恵まれ"": 0.8}","[""0〜600円"", ""600〜750円"", ""750〜900円"", ""900〜1050円"", ""1050〜1220円"", ""1220〜1410円"", ""1410〜1640円"", ""1640〜1890円"", ""1890〜2200円"", ""2200〜2560円"", ""2560〜3020円"", ""3020〜3580円"", ""3580〜4290円"", ""4290〜5220円"", ""5220〜6490円"", ""6490〜8310円"", ""8310〜11220円"", ""11220〜16240円"", ""16240〜28268円"", ""28268円〜""]","[11.4, 7.8, 7.1, 5.8, 5.3, 5.2, 5.0, 5.1, 3.9, 4.7, 4.4, 4.5, 3.7, 3.7, 3.8, 2.8, 3.1, 3.1, 4.5, 5.1]","[6.4, 2.8, 2.1, 0.8, 0.3, 0.2, 0.0, 0.1, -1.1, -0.3, -0.6, -0.5, -1.3, -1.3, -1.2, -2.2, -1.9, -1.9, -0.5, 0.1]"
20260817,09,10,1,54.4,"[[""1-3-2"", 0.0771], [""1-2-3"", 0.0739], [""1-3-6"", 0.0501], [""1-2-6"", 0.0437], [""1-3-5"", 0.0428], [""1-6-3"", 0.0401], [""1-2-5"", 0.0374], [""1-6-2"", 0.0366], [""1-5-3"", 0.0334]]",3,30.4,"[[""3-1-2"", 0.0296], [""3-1-6"", 0.0192], [""3-1-5"", 0.0164], [""3-1-4"", 0.0105]]","[[""2-1-3"", 0.0281], [""1-5-2"", 0.0304], [""1-3-4"", 0.0272], [""1-2-4"", 0.0238]]",,,False,True,0.8218,強,"{""逃げ"": 68.7, ""まくり差し"": 8.9, ""差し"": 8.2, ""まくり"": 7.8, ""抜き"": 5.6, ""恵まれ"": 0.8}","[""0〜600円"", ""600〜750円"", ""750〜900円"", ""900〜1050円"", ""1050〜1220円"", ""1220〜1410円"", ""1410〜1640円"", ""1640〜1890円"", ""1890〜2200円"", ""2200〜2560円"", ""2560〜3020円"", ""3020〜3580円"", ""3580〜4290円"", ""4290〜5220円"", ""5220〜6490円"", ""6490〜8310円"", ""8310〜11220円"", ""11220〜16240円"", ""16240〜28268円"", ""28268円〜""]","[11.4, 7.8, 7.1, 5.8, 5.3, 5.2, 5.0, 5.1, 3.9, 4.7, 4.4, 4.5, 3.7, 3.7, 3.8, 2.8, 3.1, 3.1, 4.5, 5.1]","[6.4, 2.8, 2.1, 0.8, 0.3, 0.2, 0.0, 0.1, -1.1, -0.3, -0.6, -0.5, -1.3, -1.3, -1.2, -2.2, -1.9, -1.9, -0.5, 0.1]"
20260817,09,11,1,49.0,"[[""1-4-3"", 0.0834], [""1-4-5"", 0.0788], [""1-4-2"", 0.0526], [""1-4-6"", 0.0229]]",4,31.0,"[[""4-1-3"", 0.0357], [""4-1-5"", 0.0337], [""4-1-2"", 0.0225]]","[[""1-3-4"", 0.0649], [""1-5-4"", 0.0566], [""1-3-5"", 0.036], [""1-2-4"", 0.0353]]",1-4,0.3719,False,False,0.7866,強,"{""逃げ"": 68.7, ""まくり差し"": 8.9, ""差し"": 8.2, ""まくり"": 7.8, ""抜き"": 5.6, ""恵まれ"": 0.8}","[""0〜600円"", ""600〜750円"", ""750〜900円"", ""900〜1050円"", ""1050〜1220円"", ""1220〜1410円"", ""1410〜1640円"", ""1640〜1890円"", ""1890〜2200円"", ""2200〜2560円"", ""2560〜3020円"", ""3020〜3580円"", ""3580〜4290円"", ""4290〜5220円"", ""5220〜6490円"", ""6490〜8310円"", ""8310〜11220円"", ""11220〜16240円"", ""16240〜28268円"", ""28268円〜""]","[11.4, 7.8, 7.1, 5.8, 5.3, 5.2, 5.0, 5.1, 3.9, 4.7, 4.4, 4.5, 3.7, 3.7, 3.8, 2.8, 3.1, 3.1, 4.5, 5.1]","[6.4, 2.8, 2.1, 0.8, 0.3, 0.2, 0.0, 0.1, -1.1, -0.3, -0.6, -0.5, -1.3, -1.3, -1.2, -2.2, -1.9, -1.9, -0.5, 0.1]"
20260817,09,12,1,54.8,"[[""1-4-2"", 0.1415], [""1-2-4"", 0.1325], [""1-4-6"", 0.0658], [""1-2-6"", 0.0551], [""1-4-3"", 0.0407], [""1-2-3"", 0.0341], [""1-4-5"", 0.0262], [""1-2-5"", 0.0219]]",2,31.7,"[[""2-1-4"", 0.0287], [""2-1-6"", 0.012]]","[[""1-6-4"", 0.0459], [""1-6-2"", 0.0411], [""4-1-2"", 0.031], [""1-3-4"", 0.0269]]",,,False,False,0.7866,強,"{""逃げ"": 68.7, ""まくり差し"": 8.9, ""差し"": 8.2, ""まくり"": 7.8, ""抜き"": 5.6, ""恵まれ"": 0.8}","[""0〜600円"", ""600〜750円"", ""750〜900円"", ""900〜1050円"", ""1050〜1220円"", ""1220〜1410円"", ""1410〜1640円"", ""1640〜1890円"", ""1890〜2200円"", ""2200〜2560円"", ""2560〜3020円"", ""3020〜3580円"", ""3580〜4290円"", ""4290〜5220円"", ""5220〜6490円"", ""6490〜8310円"", ""8310〜11220円"", ""11220〜16240円"", ""16240〜28268円"", ""28268円〜""]","[11.4, 7.8, 7.1, 5.8, 5.3, 5.2, 5.0, 5.1, 3.9, 4.7, 4.4, 4.5, 3.7, 3.7, 3.8, 2.8, 3.1, 3.1, 4.5, 5.1]","[6.4, 2.8, 2.1, 0.8, 0.3, 0.2, 0.0, 0.1, -1.1, -0.3, -0.6, -0.5, -1.3, -1.3, -1.2, -2.2, -1.9, -1.9, -0.5, 0.1]"
20260817,10,1,1,44.0,"[[""1-3-4"", 0.0974], [""1-4-3"", 0.0905], [""1-3-2"", 0.0984], [""1-4-2"", 0.0785], [""1-3-5"", 0.0372], [""1-4-5"", 0.0297]]",4,35.4,"[[""4-1-3"", 0.0244], [""4-1-2"", 0.0212]]","[[""1-2-3"", 0.0839], [""1-2-4"", 0.0721], [""3-1-4"", 0.0266], [""3-1-2"", 0.0269]]",,,False,False,0.7866,強,"{""逃げ"": 63.1, ""差し"": 12.2, ""まくり差し"": 9.3, ""まくり"": 9.1, ""抜き"": 5.6, ""恵まれ"": 0.6}","[""0〜600円"", ""600〜750円"", ""750〜900円"", ""900〜1050円"", ""1050〜1220円"", ""1220〜1410円"", ""1410〜1640円"", ""1640〜1890円"", ""1890〜2200円"", ""2200〜2560円"", ""2560〜3020円"", ""3020〜3580円"", ""3580〜4290円"", ""4290〜5220円"", ""5220〜6490円"", ""6490〜8310円"", ""8310〜11220円"", ""11220〜16240円"", ""16240〜28268円"", ""28268円〜""]","[9.0, 7.5, 6.8, 5.9, 5.0, 4.8, 5.6, 4.3, 4.5, 4.1, 4.3, 3.6, 3.5, 4.3, 3.4, 3.6, 3.9, 4.5, 5.6, 5.6]","[4.0, 2.5, 1.8, 0.9, 0.0, -0.2, 0.6, -0.7, -0.5, -0.9, -0.7, -1.4, -1.5, -0.7, -1.6, -1.4, -1.1, -0.5, 0.6, 0.6]"
20260817,10,2,1,56.4,"[[""1-2-4"", 0.123], [""1-2-3"", 0.0896], [""1-2-6"", 0.0452], [""1-2-5"", 0.0435]]",2,26.1,"[[""2-1-4"", 0.0626], [""2-1-3"", 0.0456], [""2-1-6"", 0.023], [""2-1-5"", 0.0222]]","[[""1-4-2"", 0.0691], [""1-3-2"", 0.0453], [""4-1-2"", 0.0299], [""1-6-2"", 0.0214]]",1-2,0.505,False,False,0.7866,中,"{""逃げ"": 49.9, ""差し"": 16.5, ""まくり"": 14.2, ""まくり差し"": 11.3, ""抜き"": 7.2, ""恵まれ"": 0.8}","[""0〜600円"", ""600〜750円"", ""750〜900円"", ""900〜1050円"", ""1050〜1220円"", ""1220〜1410円"", ""1410〜1640円"", ""1640〜1890円"", ""1890〜2200円"", ""2200〜2560円"", ""2560〜3020円"", ""3020〜3580円"", ""3580〜4290円"", ""4290〜5220円"", ""5220〜6490円"", ""6490〜8310円"", ""8310〜11220円"", ""11220〜16240円"", ""16240〜28268円"", ""28268円〜""]","[5.4, 5.1, 4.6, 4.3, 4.7, 5.2, 5.2, 4.0, 5.1, 4.9, 5.1, 5.7, 5.3, 5.9, 4.6, 4.9, 4.0, 6.0, 4.2, 6.2]","[0.4, 0.1, -0.4, -0.7, -0.3, 0.2, 0.2, -1.0, 0.1, -0.1, 0.1, 0.7, 0.3, 0.9, -0.4, -0.1, -1.0, 1.0, -0.8, 1.2]"
20260817,10,3,1,53.9,"[[""1-3-2"", 0.1319], [""1-3-5"", 0.0859], [""1-3-4"", 0.0739]]",3,24.8,"[[""3-1-2"", 0.0273], [""3-1-5"", 0.0178], [""3-1-4"", 0.0153]]","[[""1-2-3"", 0.111], [""1-5-3"", 0.0606], [""1-2-5"", 0.0522], [""1-4-3"", 0.0508]]",1-3,0.3949,False,True,0.8218,強,"{""逃げ"": 63.1, ""差し"": 12.2, ""まくり差し"": 9.3, ""まくり"": 9.1, ""抜き"": 5.6, ""恵まれ"": 0.6}","[""0〜600円"", ""600〜750円"", ""750〜900円"", ""900〜1050円"", ""1050〜1220円"", ""1220〜1410円"", ""1410〜1640円"", ""1640〜1890円"", ""1890〜2200円"", ""2200〜2560円"", ""2560〜3020円"", ""3020〜3580円"", ""3580〜4290円"", ""4290〜5220円"", ""5220〜6490円"", ""6490〜8310円"", ""8310〜11220円"", ""11220〜16240円"", ""16240〜28268円"", ""28268円〜""]","[9.0, 7.5, 6.8, 5.9, 5.0, 4.8, 5.6, 4.3, 4.5, 4.1, 4.3, 3.6, 3.5, 4.3, 3.4, 3.6, 3.9, 4.5, 5.6, 5.6]","[4.0, 2.5, 1.8, 0.9, 0.0, -0.2, 0.6, -0.7, -0.5, -0.9, -0.7, -1.4, -1.5, -0.7, -1.6, -1.4, -1.1, -0.5, 0.6, 0.6]"
20260817,10,4,1,44.1,"[[""1-3-6"", 0.086], [""1-6-3"", 0.0672], [""1-3-2"", 0.0669], [""1-3-5"", 0.066], [""1-3-4"", 0.054], [""1-2-3"", 0.047], [""1-5-3"", 0.0463], [""1-4-3"", 0.0368], [""1-6-2"", 0.0298]]",3,35.0,"[[""3-1-6"", 0.0235], [""3-1-2"", 0.0183], [""3-1-5"", 0.0181], [""3-1-4"", 0.0148]]","[[""1-6-5"", 0.0294], [""1-2-6"", 0.0268], [""1-5-6"", 0.0264], [""1-6-4"", 0.024]]",,,False,False,0.7866,強,"{""逃げ"": 63.1, ""差し"": 12.2, ""まくり差し"": 9.3, ""まくり"": 9.1, ""抜き"": 5.6, ""恵まれ"": 0.6}","[""0〜600円"", ""600〜750円"", ""750〜900円"", ""900〜1050円"", ""1050〜1220円"", ""1220〜1410円"", ""1410〜1640円"", ""1640〜1890円"", ""1890〜2200円"", ""2200〜2560円"", ""2560〜3020円"", ""3020〜3580円"", ""3580〜4290円"", ""4290〜5220円"", ""5220〜6490円"", ""6490〜8310円"", ""8310〜11220円"", ""11220〜16240円"", ""16240〜28268円"", ""28268円〜""]","[9.0, 7.5, 6.8, 5.9, 5.0, 4.8, 5.6, 4.3, 4.5, 4.1, 4.3, 3.6, 3.5, 4.3, 3.4, 3.6, 3.9, 4.5, 5.6, 5.6]","[4.0, 2.5, 1.8, 0.9, 0.0, -0.2, 0.6, -0.7, -0.5, -0.9, -0.7, -1.4, -1.5, -0.7, -1.6, -1.4, -1.1, -0.5, 0.6, 0.6]"
20260817,10,5,1,54.7,"[[""1-3-5"", 0.0746], [""1-5-3"", 0.0699], [""1-3-2"", 0.0789], [""1-2-3"", 0.0694], [""1-5-2"", 0.0635], [""1-2-5"", 0.0596], [""1-3-6"", 0.0318], [""1-3-4"", 0.0274], [""1-5-6"", 0.0256]]",3,40.7,"[[""3-1-5"", 0.0226], [""3-1-2"", 0.0239]]","[[""5-1-3"", 0.0209], [""1-6-3"", 0.0238], [""1-5-4"", 0.022], [""2-1-3"", 0.0205]]",,,False,False,0.7866,強,"{""逃げ"": 63.1, ""差し"": 12.2, ""まくり差し"": 9.3, ""まくり"": 9.1, ""抜き"": 5.6, ""恵まれ"": 0.6}","[""0〜600円"", ""600〜750円"", ""750〜900円"", ""900〜1050円"", ""1050〜1220円"", ""1220〜1410円"", ""1410〜1640円"", ""1640〜1890円"", ""1890〜2200円"", ""2200〜2560円"", ""2560〜3020円"", ""3020〜3580円"", ""3580〜4290円"", ""4290〜5220円"", ""5220〜6490円"", ""6490〜8310円"", ""8310〜11220円"", ""11220〜16240円"", ""16240〜28268円"", ""28268円〜""]","[9.0, 7.5, 6.8, 5.9, 5.0, 4.8, 5.6, 4.3, 4.5, 4.1, 4.3, 3.6, 3.5, 4.3, 3.4, 3.6, 3.9, 4.5, 5.6, 5.6]","[4.0, 2.5, 1.8, 0.9, 0.0, -0.2, 0.6, -0.7, -0.5, -0.9, -0.7, -1.4, -1.5, -0.7, -1.6, -1.4, -1.1, -0.5, 0.6, 0.6]"
20260817,10,6,1,52.3,"[[""1-2-4"", 0.0316], [""1-4-2"", 0.0308], [""1-2-3"", 0.038], [""1-3-2"", 0.0364], [""1-4-3"", 0.0338], [""1-3-4"", 0.0333], [""1-2-6"", 0.0314], [""1-6-2"", 0.0287], [""1-4-6"", 0.0279]]",2,35.4,"[[""2-1-4"", 0.0167], [""2-1-3"", 0.0201], [""2-1-6"", 0.0166], [""2-1-5"", 0.0121]]","[[""1-6-4"", 0.0262], [""1-3-6"", 0.026], [""1-6-3"", 0.0248], [""1-2-5"", 0.023]]",,,False,False,0.7866,中,"{""逃げ"": 49.9, ""差し"": 16.5, ""まくり"": 14.2, ""まくり差し"": 11.3, ""抜き"": 7.2, ""恵まれ"": 0.8}","[""0〜600円"", ""600〜750円"", ""750〜900円"", ""900〜1050円"", ""1050〜1220円"", ""1220〜1410円"", ""1410〜1640円"", ""1640〜1890円"", ""1890〜2200円"", ""2200〜2560円"", ""2560〜3020円"", ""3020〜3580円"", ""3580〜4290円"", ""4290〜5220円"", ""5220〜6490円"", ""6490〜8310円"", ""8310〜11220円"", ""11220〜16240円"", ""16240〜28268円"", ""28268円〜""]","[5.4, 5.1, 4.6, 4.3, 4.7, 5.2, 5.2, 4.0, 5.1, 4.9, 5.1, 5.7, 5.3, 5.9, 4.6, 4.9, 4.0, 6.0, 4.2, 6.2]","[0.4, 0.1, -0.4, -0.7, -0.3, 0.2, 0.2, -1.0, 0.1, -0.1, 0.1, 0.7, 0.3, 0.9, -0.4, -0.1, -1.0, 1.0, -0.8, 1.2]"
20260817,10,7,1,49.6,"[[""1-5-2"", 0.0481], [""1-2-5"", 0.0451], [""1-5-4"", 0.0545], [""1-4-5"", 0.049], [""1-2-4"", 0.0441], [""1-4-2"", 0.0423], [""1-5-3"", 0.015], [""1-5-6"", 0.0144], [""1-2-3"", 0.0122]]",5,23.3,"[[""5-1-2"", 0.0328], [""5-1-4"", 0.0372], [""5-1-3"", 0.0103]]","[[""2-1-5"", 0.0298], [""4-1-5"", 0.0318], [""2-1-4"", 0.0292], [""4-1-2"", 0.0275]]",,,False,False,0.7866,中,"{""逃げ"": 49.9, ""差し"": 16.5, ""まくり"": 14.2, ""まくり差し"": 11.3, ""抜き"": 7.2, ""恵まれ"": 0.8}","[""0〜600円"", ""600〜750円"", ""750〜900円"", ""900〜1050円"", ""1050〜1220円"", ""1220〜1410円"", ""1410〜1640円"", ""1640〜1890円"", ""1890〜2200円"", ""2200〜2560円"", ""2560〜3020円"", ""3020〜3580円"", ""3580〜4290円"", ""4290〜5220円"", ""5220〜6490円"", ""6490〜8310円"", ""8310〜11220円"", ""11220〜16240円"", ""16240〜28268円"", ""28268円〜""]","[5.4, 5.1, 4.6, 4.3, 4.7, 5.2, 5.2, 4.0, 5.1, 4.9, 5.1, 5.7, 5.3, 5.9, 4.6, 4.9, 4.0, 6.0, 4.2, 6.2]","[0.4, 0.1, -0.4, -0.7, -0.3, 0.2, 0.2, -1.0, 0.1, -0.1, 0.1, 0.7, 0.3, 0.9, -0.4, -0.1, -1.0, 1.0, -0.8, 1.2]"
20260817,10,8,1,53.4,"[[""1-5-2"", 0.033], [""1-2-5"", 0.0328], [""1-5-3"", 0.0312], [""1-2-3"", 0.0305], [""1-3-5"", 0.0277], [""1-3-2"", 0.0273], [""1-5-4"", 0.0175], [""1-2-4"", 0.0171], [""1-4-5"", 0.0138]]",2,24.8,"[[""2-1-5"", 0.03], [""2-5-1"", 0.0267], [""2-1-3"", 0.0279], [""2-5-3"", 0.0195], [""2-1-4"", 0.0157], [""2-5-4"", 0.011]]","[[""5-1-2"", 0.0304], [""5-2-1"", 0.0268], [""5-1-3"", 0.0287], [""3-1-5"", 0.0237]]",,,False,False,0.7866,弱,"{""逃げ"": 31.7, ""まくり"": 21.4, ""差し"": 22.0, ""まくり差し"": 15.5, ""抜き"": 8.4, ""恵まれ"": 1.0}","[""0〜600円"", ""600〜750円"", ""750〜900円"", ""900〜1050円"", ""1050〜1220円"", ""1220〜1410円"", ""1410〜1640円"", ""1640〜1890円"", ""1890〜2200円"", ""2200〜2560円"", ""2560〜3020円"", ""3020〜3580円"", ""3580〜4290円"", ""4290〜5220円"", ""5220〜6490円"", ""6490〜8310円"", ""8310〜11220円"", ""11220〜16240円"", ""16240〜28268円"", ""28268円〜""]","[0.9, 1.4, 2.5, 2.6, 2.8, 4.3, 4.3, 5.8, 5.0, 5.4, 4.9, 7.1, 7.1, 6.7, 7.0, 7.1, 7.3, 6.0, 7.1, 4.6]","[-4.1, -3.6, -2.5, -2.4, -2.2, -0.7, -0.7, 0.8, -0.0, 0.4, -0.1, 2.1, 2.1, 1.7, 2.0, 2.1, 2.3, 1.0, 2.1, -0.4]"
20260817,10,9,2,53.9,"[[""2-1-3"", 0.0649], [""2-1-6"", 0.0232], [""2-1-4"", 0.0204]]",3,28.1,"[[""3-2-1"", 0.0555], [""3-2-6"", 0.0171], [""3-2-4"", 0.015]]","[[""1-2-3"", 0.0645], [""2-3-1"", 0.0591], [""1-3-2"", 0.058], [""3-1-2"", 0.0549]]",,,False,True,0.8218,強,"{""逃げ"": 63.1, ""差し"": 12.2, ""まくり差し"": 9.3, ""まくり"": 9.1, ""抜き"": 5.6, ""恵まれ"": 0.6}","[""0〜600円"", ""600〜750円"", ""750〜900円"", ""900〜1050円"", ""1050〜1220円"", ""1220〜1410円"", ""1410〜1640円"", ""1640〜1890円"", ""1890〜2200円"", ""2200〜2560円"", ""2560〜3020円"", ""3020〜3580円"", ""3580〜4290円"", ""4290〜5220円"", ""5220〜6490円"", ""6490〜8310円"", ""8310〜11220円"", ""11220〜16240円"", ""16240〜28268円"", ""28268円〜""]","[9.0, 7.5, 6.8, 5.9, 5.0, 4.8, 5.6, 4.3, 4.5, 4.1, 4.3, 3.6, 3.5, 4.3, 3.4, 3.6, 3.9, 4.5, 5.6, 5.6]","[4.0, 2.5, 1.8, 0.9, 0.0, -0.2, 0.6, -0.7, -0.5, -0.9, -0.7, -1.4, -1.5, -0.7, -1.6, -1.4, -1.1, -0.5, 0.6, 0.6]"
20260817,10,10,2,51.7,"[[""2-1-3"", 0.0465], [""2-3-1"", 0.0454], [""2-1-4"", 0.0395], [""2-3-4"", 0.0368], [""2-4-1"", 0.034], [""2-4-3"", 0.0324], [""2-1-6"", 0.0159], [""2-3-6"", 0.0148], [""2-6-1"", 0.0117]]",1,,"[[""1-2-3"", 0.0371], [""1-2-4"", 0.0316], [""1-2-6"", 0.0127]]","[[""3-2-1"", 0.0358], [""1-3-2"", 0.0265], [""3-1-2"", 0.0262], [""3-2-4"", 0.0291]]",,,False,True,0.8218,強,"{""逃げ"": 63.1, ""差し"": 12.2, ""まくり差し"": 9.3, ""まくり"": 9.1, ""抜き"": 5.6, ""恵まれ"": 0.6}","[""0〜600円"", ""600〜750円"", ""750〜900円"", ""900〜1050円"", ""1050〜1220円"", ""1220〜1410円"", ""1410〜1640円"", ""1640〜1890円"", ""1890〜2200円"", ""2200〜2560円"", ""2560〜3020円"", ""3020〜3580円"", ""3580〜4290円"", ""4290〜5220円"", ""5220〜6490円"", ""6490〜8310円"", ""8310〜11220円"", ""11220〜16240円"", ""16240〜28268円"", ""28268円〜""]","[9.0, 7.5, 6.8, 5.9, 5.0, 4.8, 5.6, 4.3, 4.5, 4.1, 4.3, 3.6, 3.5, 4.3, 3.4, 3.6, 3.9, 4.5, 5.6, 5.6]","[4.0, 2.5, 1.8, 0.9, 0.0, -0.2, 0.6, -0.7, -0.5, -0.9, -0.7, -1.4, -1.5, -0.7, -1.6, -1.4, -1.1, -0.5, 0.6, 0.6]"
20260817,10,11,1,54.3,"[[""1-2-3"", 0.0861], [""1-3-2"", 0.0752], [""1-2-4"", 0.0738], [""1-2-5"", 0.0674], [""1-4-2"", 0.0586], [""1-5-2"", 0.0525], [""1-3-4"", 0.047], [""1-3-5"", 0.0429], [""1-4-3"", 0.0427]]",3,32.5,"[[""3-1-2"", 0.0181], [""3-1-4"", 0.0113], [""3-1-5"", 0.0104]]","[[""1-5-3"", 0.0383], [""1-4-5"", 0.0275], [""1-5-4"", 0.0269], [""2-1-3"", 0.0213]]",,,False,True,0.8218,強,"{""逃げ"": 63.1, ""差し"": 12.2, ""まくり差し"": 9.3, ""まくり"": 9.1, ""抜き"": 5.6, ""恵まれ"": 0.6}","[""0〜600円"", ""600〜750円"", ""750〜900円"", ""900〜1050円"", ""1050〜1220円"", ""1220〜1410円"", ""1410〜1640円"", ""1640〜1890円"", ""1890〜2200円"", ""2200〜2560円"", ""2560〜3020円"", ""3020〜3580円"", ""3580〜4290円"", ""4290〜5220円"", ""5220〜6490円"", ""6490〜8310円"", ""8310〜11220円"", ""11220〜16240円"", ""16240〜28268円"", ""28268円〜""]","[9.0, 7.5, 6.8, 5.9, 5.0, 4.8, 5.6, 4.3, 4.5, 4.1, 4.3, 3.6, 3.5, 4.3, 3.4, 3.6, 3.9, 4.5, 5.6, 5.6]","[4.0, 2.5, 1.8, 0.9, 0.0, -0.2, 0.6, -0.7, -0.5, -0.9, -0.7, -1.4, -1.5, -0.7, -1.6, -1.4, -1.1, -0.5, 0.6, 0.6]"
20260817,10,12,1,64.1,"[[""1-3-2"", 0.1266], [""1-2-3"", 0.1097], [""1-3-4"", 0.0812], [""1-2-4"", 0.0539], [""1-3-6"", 0.0371], [""1-3-5"", 0.0329], [""1-2-6"", 0.0247], [""1-2-5"", 0.0219]]",3,32.7,"[[""3-1-2"", 0.0322], [""3-1-4"", 0.0206]]","[[""1-4-3"", 0.0583], [""1-4-2"", 0.0447], [""2-1-3"", 0.0273], [""1-6-3"", 0.0242]]",,,False,True,0.8218,強,"{""逃げ"": 63.1, ""差し"": 12.2, ""まくり差し"": 9.3, ""まくり"": 9.1, ""抜き"": 5.6, ""恵まれ"": 0.6}","[""0〜600円"", ""600〜750円"", ""750〜900円"", ""900〜1050円"", ""1050〜1220円"", ""1220〜1410円"", ""1410〜1640円"", ""1640〜1890円"", ""1890〜2200円"", ""2200〜2560円"", ""2560〜3020円"", ""3020〜3580円"", ""3580〜4290円"", ""4290〜5220円"", ""5220〜6490円"", ""6490〜8310円"", ""8310〜11220円"", ""11220〜16240円"", ""16240〜28268円"", ""28268円〜""]","[9.0, 7.5, 6.8, 5.9, 5.0, 4.8, 5.6, 4.3, 4.5, 4.1, 4.3, 3.6, 3.5, 4.3, 3.4, 3.6, 3.9, 4.5, 5.6, 5.6]","[4.0, 2.5, 1.8, 0.9, 0.0, -0.2, 0.6, -0.7, -0.5, -0.9, -0.7, -1.4, -1.5, -0.7, -1.6, -1.4, -1.1, -0.5, 0.6, 0.6]"
20260817,11,1,1,61.4,"[[""1-4-2"", 0.0792], [""1-2-4"", 0.0761], [""1-4-3"", 0.0694], [""1-2-3"", 0.062], [""1-4-5"", 0.0163], [""1-2-5"", 0.0146]]",2,32.7,"[[""2-1-4"", 0.0439], [""2-1-3"", 0.0357]]","[[""4-1-2"", 0.0463], [""1-3-4"", 0.0575], [""1-3-2"", 0.0535], [""4-1-3"", 0.0406]]",,,False,False,0.7866,中,"{""逃げ"": 51.2, ""まくり"": 14.7, ""まくり差し"": 14.2, ""差し"": 12.7, ""抜き"": 6.4, ""恵まれ"": 0.8}","[""0〜600円"", ""600〜750円"", ""750〜900円"", ""900〜1050円"", ""1050〜1220円"", ""1220〜1410円"", ""1410〜1640円"", ""1640〜1890円"", ""1890〜2200円"", ""2200〜2560円"", ""2560〜3020円"", ""3020〜3580円"", ""3580〜4290円"", ""4290〜5220円"", ""5220〜6490円"", ""6490〜8310円"", ""8310〜11220円"", ""11220〜16240円"", ""16240〜28268円"", ""28268円〜""]","[4.0, 4.3, 6.1, 4.7, 5.5, 5.0, 5.3, 4.4, 5.2, 5.2, 5.4, 5.9, 4.7, 4.6, 4.7, 5.2, 6.0, 4.7, 4.8, 4.3]","[-1.0, -0.7, 1.1, -0.3, 0.5, 0.0, 0.3, -0.6, 0.2, 0.2, 0.4, 0.9, -0.3, -0.4, -0.3, 0.2, 1.0, -0.3, -0.2, -0.7]"
20260817,11,2,1,50.5,"[[""1-3-4"", 0.133], [""1-3-2"", 0.0915], [""1-3-5"", 0.0358], [""1-3-6"", 0.0316]]",3,23.4,"[[""3-1-4"", 0.0381], [""3-1-2"", 0.0262], [""3-1-5"", 0.0103]]","[[""1-4-3"", 0.1047], [""1-2-3"", 0.0607], [""1-4-2"", 0.0473], [""1-2-4"", 0.0399]]",1-3,0.422,False,False,0.7866,強,"{""逃げ"": 64.4, ""差し"": 10.9, ""まくり差し"": 9.7, ""まくり"": 9.0, ""抜き"": 5.2, ""恵まれ"": 0.8}","[""0〜600円"", ""600〜750円"", ""750〜900円"", ""900〜1050円"", ""1050〜1220円"", ""1220〜1410円"", ""1410〜1640円"", ""1640〜1890円"", ""1890〜2200円"", ""2200〜2560円"", ""2560〜3020円"", ""3020〜3580円"", ""3580〜4290円"", ""4290〜5220円"", ""5220〜6490円"", ""6490〜8310円"", ""8310〜11220円"", ""11220〜16240円"", ""16240〜28268円"", ""28268円〜""]","[8.7, 7.0, 6.5, 5.7, 5.5, 5.6, 5.8, 4.4, 4.2, 4.5, 4.6, 4.3, 4.2, 4.0, 3.6, 3.7, 3.3, 4.1, 4.4, 5.9]","[3.7, 2.0, 1.5, 0.7, 0.5, 0.6, 0.8, -0.6, -0.8, -0.5, -0.4, -0.7, -0.8, -1.0, -1.4, -1.3, -1.7, -0.9, -0.6, 0.9]"
20260817,11,3,1,60.5,"[[""1-3-4"", 0.0576], [""1-3-2"", 0.0626], [""1-3-6"", 0.0582], [""1-3-5"", 0.0349]]",3,26.9,"[[""3-1-4"", 0.053], [""3-1-2"", 0.0576], [""3-1-6"", 0.0536], [""3-1-5"", 0.0321]]","[[""1-4-3"", 0.0283], [""3-4-1"", 0.0237], [""1-2-3"", 0.0301], [""1-6-3"", 0.0277]]",1-3,0.4397,False,False,0.7866,中,"{""逃げ"": 51.2, ""まくり"": 14.7, ""まくり差し"": 14.2, ""差し"": 12.7, ""抜き"": 6.4, ""恵まれ"": 0.8}","[""0〜600円"", ""600〜750円"", ""750〜900円"", ""900〜1050円"", ""1050〜1220円"", ""1220〜1410円"", ""1410〜1640円"", ""1640〜1890円"", ""1890〜2200円"", ""2200〜2560円"", ""2560〜3020円"", ""3020〜3580円"", ""3580〜4290円"", ""4290〜5220円"", ""5220〜6490円"", ""6490〜8310円"", ""8310〜11220円"", ""11220〜16240円"", ""16240〜28268円"", ""28268円〜""]","[4.0, 4.3, 6.1, 4.7, 5.5, 5.0, 5.3, 4.4, 5.2, 5.2, 5.4, 5.9, 4.7, 4.6, 4.7, 5.2, 6.0, 4.7, 4.8, 4.3]","[-1.0, -0.7, 1.1, -0.3, 0.5, 0.0, 0.3, -0.6, 0.2, 0.2, 0.4, 0.9, -0.3, -0.4, -0.3, 0.2, 1.0, -0.3, -0.2, -0.7]"
20260817,11,4,2,51.9,"[[""2-1-3"", 0.0362], [""2-3-1"", 0.0354], [""2-1-6"", 0.038], [""2-6-1"", 0.0354], [""2-3-6"", 0.035], [""2-6-3"", 0.0333], [""2-1-4"", 0.0238], [""2-3-4"", 0.0219], [""2-4-1"", 0.0199]]",1,,"[[""1-2-3"", 0.0253], [""1-2-6"", 0.0265], [""1-2-4"", 0.0166]]","[[""3-2-1"", 0.0244], [""3-2-6"", 0.0242], [""6-2-1"", 0.0238], [""6-2-3"", 0.0225]]",,,False,True,0.8218,中,"{""逃げ"": 51.2, ""まくり"": 14.7, ""まくり差し"": 14.2, ""差し"": 12.7, ""抜き"": 6.4, ""恵まれ"": 0.8}","[""0〜600円"", ""600〜750円"", ""750〜900円"", ""900〜1050円"", ""1050〜1220円"", ""1220〜1410円"", ""1410〜1640円"", ""1640〜1890円"", ""1890〜2200円"", ""2200〜2560円"", ""2560〜3020円"", ""3020〜3580円"", ""3580〜4290円"", ""4290〜5220円"", ""5220〜6490円"", ""6490〜8310円"", ""8310〜11220円"", ""11220〜16240円"", ""16240〜28268円"", ""28268円〜""]","[4.0, 4.3, 6.1, 4.7, 5.5, 5.0, 5.3, 4.4, 5.2, 5.2, 5.4, 5.9, 4.7, 4.6, 4.7, 5.2, 6.0, 4.7, 4.8, 4.3]","[-1.0, -0.7, 1.1, -0.3, 0.5, 0.0, 0.3, -0.6, 0.2, 0.2, 0.4, 0.9, -0.3, -0.4, -0.3, 0.2, 1.0, -0.3, -0.2, -0.7]"
20260817,11,5,1,47.7,"[[""1-3-6"", 0.129], [""1-3-4"", 0.1034], [""1-3-2"", 0.0879], [""1-3-5"", 0.0186]]",3,23.3,"[[""3-1-6"", 0.0787], [""3-1-4"", 0.0631], [""3-1-2"", 0.0536], [""3-1-5"", 0.0114]]","[[""1-6-3"", 0.0513], [""1-4-3"", 0.0386], [""1-2-3"", 0.0323], [""6-1-3"", 0.0238]]",1-3,0.6021,True,False,0.7866,強,"{""逃げ"": 64.4, ""差し"": 10.9, ""まくり差し"": 9.7, ""まくり"": 9.0, ""抜き"": 5.2, ""恵まれ"": 0.8}","[""0〜600円"", ""600〜750円"", ""750〜900円"", ""900〜1050円"", ""1050〜1220円"", ""1220〜1410円"", ""1410〜1640円"", ""1640〜1890円"", ""1890〜2200円"", ""2200〜2560円"", ""2560〜3020円"", ""3020〜3580円"", ""3580〜4290円"", ""4290〜5220円"", ""5220〜6490円"", ""6490〜8310円"", ""8310〜11220円"", ""11220〜16240円"", ""16240〜28268円"", ""28268円〜""]","[8.7, 7.0, 6.5, 5.7, 5.5, 5.6, 5.8, 4.4, 4.2, 4.5, 4.6, 4.3, 4.2, 4.0, 3.6, 3.7, 3.3, 4.1, 4.4, 5.9]","[3.7, 2.0, 1.5, 0.7, 0.5, 0.6, 0.8, -0.6, -0.8, -0.5, -0.4, -0.7, -0.8, -1.0, -1.4, -1.3, -1.7, -0.9, -0.6, 0.9]"
20260817,11,6,1,52.1,"[[""1-2-3"", 0.0731], [""1-2-6"", 0.0634], [""1-2-4"", 0.0271]]",2,30.8,"[[""2-1-3"", 0.0672], [""2-1-6"", 0.0582], [""2-1-4"", 0.0249]]","[[""1-3-2"", 0.049], [""2-3-1"", 0.0403], [""3-1-2"", 0.0366], [""3-2-1"", 0.0328]]",1-2,0.3499,False,True,0.8218,中,"{""逃げ"": 51.2, ""まくり"": 14.7, ""まくり差し"": 14.2, ""差し"": 12.7, ""抜き"": 6.4, ""恵まれ"": 0.8}","[""0〜600円"", ""600〜750円"", ""750〜900円"", ""900〜1050円"", ""1050〜1220円"", ""1220〜1410円"", ""1410〜1640円"", ""1640〜1890円"", ""1890〜2200円"", ""2200〜2560円"", ""2560〜3020円"", ""3020〜3580円"", ""3580〜4290円"", ""4290〜5220円"", ""5220〜6490円"", ""6490〜8310円"", ""8310〜11220円"", ""11220〜16240円"", ""16240〜28268円"", ""28268円〜""]","[4.0, 4.3, 6.1, 4.7, 5.5, 5.0, 5.3, 4.4, 5.2, 5.2, 5.4, 5.9, 4.7, 4.6, 4.7, 5.2, 6.0, 4.7, 4.8, 4.3]","[-1.0, -0.7, 1.1, -0.3, 0.5, 0.0, 0.3, -0.6, 0.2, 0.2, 0.4, 0.9, -0.3, -0.4, -0.3, 0.2, 1.0, -0.3, -0.2, -0.7]"
20260817,11,7,3,56.0,"[[""3-2-1"", 0.0711], [""3-1-2"", 0.0706], [""3-2-4"", 0.0404], [""3-1-4"", 0.0396], [""3-2-6"", 0.0293], [""3-1-6"", 0.0287], [""3-2-5"", 0.0155], [""3-1-5"", 0.0152]]",1,,"[[""1-3-2"", 0.0416], [""1-3-4"", 0.0233], [""1-3-6"", 0.0169]]","[[""2-3-1"", 0.042], [""3-4-2"", 0.0317], [""3-4-1"", 0.0313], [""2-1-3"", 0.0204]]",,,False,True,0.8218,強,"{""逃げ"": 64.4, ""差し"": 10.9, ""まくり差し"": 9.7, ""まくり"": 9.0, ""抜き"": 5.2, ""恵まれ"": 0.8}","[""0〜600円"", ""600〜750円"", ""750〜900円"", ""900〜1050円"", ""1050〜1220円"", ""1220〜1410円"", ""1410〜1640円"", ""1640〜1890円"", ""1890〜2200円"", ""2200〜2560円"", ""2560〜3020円"", ""3020〜3580円"", ""3580〜4290円"", ""4290〜5220円"", ""5220〜6490円"", ""6490〜8310円"", ""8310〜11220円"", ""11220〜16240円"", ""16240〜28268円"", ""28268円〜""]","[8.7, 7.0, 6.5, 5.7, 5.5, 5.6, 5.8, 4.4, 4.2, 4.5, 4.6, 4.3, 4.2, 4.0, 3.6, 3.7, 3.3, 4.1, 4.4, 5.9]","[3.7, 2.0, 1.5, 0.7, 0.5, 0.6, 0.8, -0.6, -0.8, -0.5, -0.4, -0.7, -0.8, -1.0, -1.4, -1.3, -1.7, -0.9, -0.6, 0.9]"
20260817,11,8,2,57.5,"[[""2-3-1"", 0.093], [""2-3-5"", 0.0733], [""2-3-4"", 0.038]]",3,27.6,"[[""3-2-1"", 0.053], [""3-2-5"", 0.0418], [""3-2-4"", 0.0217]]","[[""2-1-3"", 0.0754], [""2-5-3"", 0.0521], [""1-2-3"", 0.0399], [""2-1-5"", 0.0404]]",2-3,0.358,False,True,0.8218,強,"{""逃げ"": 64.4, ""差し"": 10.9, ""まくり差し"": 9.7, ""まくり"": 9.0, ""抜き"": 5.2, ""恵まれ"": 0.8}","[""0〜600円"", ""600〜750円"", ""750〜900円"", ""900〜1050円"", ""1050〜1220円"", ""1220〜1410円"", ""1410〜1640円"", ""1640〜1890円"", ""1890〜2200円"", ""2200〜2560円"", ""2560〜3020円"", ""3020〜3580円"", ""3580〜4290円"", ""4290〜5220円"", ""5220〜6490円"", ""6490〜8310円"", ""8310〜11220円"", ""11220〜16240円"", ""16240〜28268円"", ""28268円〜""]","[8.7, 7.0, 6.5, 5.7, 5.5, 5.6, 5.8, 4.4, 4.2, 4.5, 4.6, 4.3, 4.2, 4.0, 3.6, 3.7, 3.3, 4.1, 4.4, 5.9]","[3.7, 2.0, 1.5, 0.7, 0.5, 0.6, 0.8, -0.6, -0.8, -0.5, -0.4, -0.7, -0.8, -1.0, -1.4, -1.3, -1.7, -0.9, -0.6, 0.9]"
20260817,11,9,1,57.5,"[[""1-2-3"", 0.1283], [""1-2-6"", 0.1254], [""1-2-4"", 0.061], [""1-2-5"", 0.0419]]",2,25.0,"[[""2-1-3"", 0.0385], [""2-1-6"", 0.0376], [""2-1-4"", 0.0183], [""2-1-5"", 0.0126]]","[[""1-3-2"", 0.0767], [""1-6-2"", 0.0715], [""1-4-2"", 0.0318], [""1-3-6"", 0.0282]]",1-2,0.4997,False,True,0.8218,強,"{""逃げ"": 64.4, ""差し"": 10.9, ""まくり差し"": 9.7, ""まくり"": 9.0, ""抜き"": 5.2, ""恵まれ"": 0.8}","[""0〜600円"", ""600〜750円"", ""750〜900円"", ""900〜1050円"", ""1050〜1220円"", ""1220〜1410円"", ""1410〜1640円"", ""1640〜1890円"", ""1890〜2200円"", ""2200〜2560円"", ""2560〜3020円"", ""3020〜3580円"", ""3580〜4290円"", ""4290〜5220円"", ""5220〜6490円"", ""6490〜8310円"", ""8310〜11220円"", ""11220〜16240円"", ""16240〜28268円"", ""28268円〜""]","[8.7, 7.0, 6.5, 5.7, 5.5, 5.6, 5.8, 4.4, 4.2, 4.5, 4.6, 4.3, 4.2, 4.0, 3.6, 3.7, 3.3, 4.1, 4.4, 5.9]","[3.7, 2.0, 1.5, 0.7, 0.5, 0.6, 0.8, -0.6, -0.8, -0.5, -0.4, -0.7, -0.8, -1.0, -1.4, -1.3, -1.7, -0.9, -0.6, 0.9]"
20260817,11,10,1,53.1,"[[""1-3-4"", 0.1271], [""1-3-2"", 0.1479], [""1-3-5"", 0.1056], [""1-3-6"", 0.0302]]",3,22.6,"[[""3-1-4"", 0.0307], [""3-1-2"", 0.0357], [""3-1-5"", 0.0255]]","[[""1-4-3"", 0.0656], [""1-2-3"", 0.0752], [""1-5-3"", 0.0512], [""1-4-2"", 0.0213]]",1-3,0.5527,True,False,0.7866,強,"{""逃げ"": 64.4, ""差し"": 10.9, ""まくり差し"": 9.7, ""まくり"": 9.0, ""抜き"": 5.2, ""恵まれ"": 0.8}","[""0〜600円"", ""600〜750円"", ""750〜900円"", ""900〜1050円"", ""1050〜1220円"", ""1220〜1410円"", ""1410〜1640円"", ""1640〜1890円"", ""1890〜2200円"", ""2200〜2560円"", ""2560〜3020円"", ""3020〜3580円"", ""3580〜4290円"", ""4290〜5220円"", ""5220〜6490円"", ""6490〜8310円"", ""8310〜11220円"", ""11220〜16240円"", ""16240〜28268円"", ""28268円〜""]","[8.7, 7.0, 6.5, 5.7, 5.5, 5.6, 5.8, 4.4, 4.2, 4.5, 4.6, 4.3, 4.2, 4.0, 3.6, 3.7, 3.3, 4.1, 4.4, 5.9]","[3.7, 2.0, 1.5, 0.7, 0.5, 0.6, 0.8, -0.6, -0.8, -0.5, -0.4, -0.7, -0.8, -1.0, -1.4, -1.3, -1.7, -0.9, -0.6, 0.9]"
20260817,11,11,1,53.3,"[[""1-4-5"", 0.0787], [""1-5-4"", 0.0684], [""1-4-3"", 0.0739], [""1-4-2"", 0.0613], [""1-3-4"", 0.0591], [""1-2-4"", 0.0472], [""1-5-3"", 0.0461], [""1-3-5"", 0.0424], [""1-5-2"", 0.0383]]",4,35.5,"[[""4-1-5"", 0.0215], [""4-1-3"", 0.0202], [""4-1-2"", 0.0168]]","[[""1-2-5"", 0.0339], [""1-3-2"", 0.026], [""1-4-6"", 0.0258], [""1-2-3"", 0.025]]",,,False,False,0.7866,強,"{""逃げ"": 64.4, ""差し"": 10.9, ""まくり差し"": 9.7, ""まくり"": 9.0, ""抜き"": 5.2, ""恵まれ"": 0.8}","[""0〜600円"", ""600〜750円"", ""750〜900円"", ""900〜1050円"", ""1050〜1220円"", ""1220〜1410円"", ""1410〜1640円"", ""1640〜1890円"", ""1890〜2200円"", ""2200〜2560円"", ""2560〜3020円"", ""3020〜3580円"", ""3580〜4290円"", ""4290〜5220円"", ""5220〜6490円"", ""6490〜8310円"", ""8310〜11220円"", ""11220〜16240円"", ""16240〜28268円"", ""28268円〜""]","[8.7, 7.0, 6.5, 5.7, 5.5, 5.6, 5.8, 4.4, 4.2, 4.5, 4.6, 4.3, 4.2, 4.0, 3.6, 3.7, 3.3, 4.1, 4.4, 5.9]","[3.7, 2.0, 1.5, 0.7, 0.5, 0.6, 0.8, -0.6, -0.8, -0.5, -0.4, -0.7, -0.8, -1.0, -1.4, -1.3, -1.7, -0.9, -0.6, 0.9]"
20260817,11,12,1,56.0,"[[""1-5-2"", 0.0915], [""1-2-5"", 0.0891], [""1-5-3"", 0.0605], [""1-2-3"", 0.0558], [""1-5-4"", 0.0525], [""1-3-5"", 0.0485], [""1-2-4"", 0.0484], [""1-3-2"", 0.0459], [""1-4-5"", 0.0411]]",5,23.3,"[[""5-1-2"", 0.0225], [""5-1-3"", 0.0149], [""5-1-4"", 0.0129]]","[[""1-4-2"", 0.0389], [""2-1-5"", 0.0218], [""1-5-6"", 0.0234], [""1-2-6"", 0.0215]]",,,False,False,0.7866,強,"{""逃げ"": 64.4, ""差し"": 10.9, ""まくり差し"": 9.7, ""まくり"": 9.0, ""抜き"": 5.2, ""恵まれ"": 0.8}","[""0〜600円"", ""600〜750円"", ""750〜900円"", ""900〜1050円"", ""1050〜1220円"", ""1220〜1410円"", ""1410〜1640円"", ""1640〜1890円"", ""1890〜2200円"", ""2200〜2560円"", ""2560〜3020円"", ""3020〜3580円"", ""3580〜4290円"", ""4290〜5220円"", ""5220〜6490円"", ""6490〜8310円"", ""8310〜11220円"", ""11220〜16240円"", ""16240〜28268円"", ""28268円〜""]","[8.7, 7.0, 6.5, 5.7, 5.5, 5.6, 5.8, 4.4, 4.2, 4.5, 4.6, 4.3, 4.2, 4.0, 3.6, 3.7, 3.3, 4.1, 4.4, 5.9]","[3.7, 2.0, 1.5, 0.7, 0.5, 0.6, 0.8, -0.6, -0.8, -0.5, -0.4, -0.7, -0.8, -1.0, -1.4, -1.3, -1.7, -0.9, -0.6, 0.9]"
20260817,12,1,1,50.4,"[[""1-2-4"", 0.12], [""1-2-3"", 0.0983], [""1-2-5"", 0.0449], [""1-2-6"", 0.0111]]",2,25.2,"[[""2-1-4"", 0.0458], [""2-1-3"", 0.0375], [""2-1-5"", 0.0171]]","[[""1-4-2"", 0.0897], [""1-3-2"", 0.0649], [""1-4-3"", 0.0438], [""4-1-2"", 0.032]]",1-2,0.4241,False,False,0.7866,中,"{""逃げ"": 54.9, ""まくり"": 14.0, ""差し"": 13.2, ""まくり差し"": 10.5, ""抜き"": 6.3, ""恵まれ"": 1.1}","[""0〜600円"", ""600〜750円"", ""750〜900円"", ""900〜1050円"", ""1050〜1220円"", ""1220〜1410円"", ""1410〜1640円"", ""1640〜1890円"", ""1890〜2200円"", ""2200〜2560円"", ""2560〜3020円"", ""3020〜3580円"", ""3580〜4290円"", ""4290〜5220円"", ""5220〜6490円"", ""6490〜8310円"", ""8310〜11220円"", ""11220〜16240円"", ""16240〜28268円"", ""28268円〜""]","[3.5, 6.3, 5.8, 5.7, 5.3, 4.8, 5.7, 5.2, 5.2, 4.8, 5.0, 5.0, 4.7, 4.3, 4.3, 4.1, 4.8, 5.4, 4.7, 4.8]","[-1.5, 1.3, 0.8, 0.7, 0.3, -0.2, 0.7, 0.2, 0.2, -0.2, 0.0, 0.0, -0.3, -0.7, -0.7, -0.9, -0.2, 0.4, -0.3, -0.2]"
20260817,12,2,1,,"[[""1-2-5"", 0.0625], [""1-2-3"", 0.0535], [""1-2-6"", 0.0288], [""1-2-4"", 0.017]]",2,27.7,"[[""2-1-5"", 0.0458], [""2-1-3"", 0.0392], [""2-1-6"", 0.0211], [""2-1-4"", 0.0125]]","[[""1-5-2"", 0.05], [""5-1-2"", 0.0331], [""1-3-2"", 0.0384], [""2-5-1"", 0.0245]]",1-2,0.3098,False,False,0.7866,中,"{""逃げ"": 54.9, ""まくり"": 14.0, ""差し"": 13.2, ""まくり差し"": 10.5, ""抜き"": 6.3, ""恵まれ"": 1.1}","[""0〜600円"", ""600〜750円"", ""750〜900円"", ""900〜1050円"", ""1050〜1220円"", ""1220〜1410円"", ""1410〜1640円"", ""1640〜1890円"", ""1890〜2200円"", ""2200〜2560円"", ""2560〜3020円"", ""3020〜3580円"", ""3580〜4290円"", ""4290〜5220円"", ""5220〜6490円"", ""6490〜8310円"", ""8310〜11220円"", ""11220〜16240円"", ""16240〜28268円"", ""28268円〜""]","[3.5, 6.3, 5.8, 5.7, 5.3, 4.8, 5.7, 5.2, 5.2, 4.8, 5.0, 5.0, 4.7, 4.3, 4.3, 4.1, 4.8, 5.4, 4.7, 4.8]","[-1.5, 1.3, 0.8, 0.7, 0.3, -0.2, 0.7, 0.2, 0.2, -0.2, 0.0, 0.0, -0.3, -0.7, -0.7, -0.9, -0.2, 0.4, -0.3, -0.2]"
20260817,12,3,1,54.5,"[[""1-4-3"", 0.0618], [""1-3-4"", 0.0605], [""1-4-5"", 0.0487], [""1-3-5"", 0.0457], [""1-4-2"", 0.027], [""1-3-2"", 0.0253]]",3,33.3,"[[""3-1-4"", 0.0405], [""3-1-5"", 0.0306], [""3-1-2"", 0.017]]","[[""4-1-3"", 0.0418], [""1-5-4"", 0.0401], [""1-5-3"", 0.0385], [""4-1-5"", 0.0329]]",,,False,False,0.7866,中,"{""逃げ"": 54.9, ""まくり"": 14.0, ""差し"": 13.2, ""まくり差し"": 10.5, ""抜き"": 6.3, ""恵まれ"": 1.1}","[""0〜600円"", ""600〜750円"", ""750〜900円"", ""900〜1050円"", ""1050〜1220円"", ""1220〜1410円"", ""1410〜1640円"", ""1640〜1890円"", ""1890〜2200円"", ""2200〜2560円"", ""2560〜3020円"", ""3020〜3580円"", ""3580〜4290円"", ""4290〜5220円"", ""5220〜6490円"", ""6490〜8310円"", ""8310〜11220円"", ""11220〜16240円"", ""16240〜28268円"", ""28268円〜""]","[3.5, 6.3, 5.8, 5.7, 5.3, 4.8, 5.7, 5.2, 5.2, 4.8, 5.0, 5.0, 4.7, 4.3, 4.3, 4.1, 4.8, 5.4, 4.7, 4.8]","[-1.5, 1.3, 0.8, 0.7, 0.3, -0.2, 0.7, 0.2, 0.2, -0.2, 0.0, 0.0, -0.3, -0.7, -0.7, -0.9, -0.2, 0.4, -0.3, -0.2]"
20260817,12,4,1,41.3,"[[""1-3-2"", 0.105], [""1-3-5"", 0.1215], [""1-2-3"", 0.0906], [""1-2-5"", 0.0776], [""1-3-4"", 0.025], [""1-2-4"", 0.016]]",3,29.3,"[[""3-1-2"", 0.0312], [""3-1-5"", 0.0361]]","[[""1-5-3"", 0.1028], [""1-5-2"", 0.0761], [""2-1-3"", 0.0261], [""5-1-3"", 0.0295]]",,,False,True,0.8218,強,"{""逃げ"": 67.2, ""まくり"": 9.6, ""差し"": 8.7, ""まくり差し"": 8.8, ""抜き"": 4.9, ""恵まれ"": 0.8}","[""0〜600円"", ""600〜750円"", ""750〜900円"", ""900〜1050円"", ""1050〜1220円"", ""1220〜1410円"", ""1410〜1640円"", ""1640〜1890円"", ""1890〜2200円"", ""2200〜2560円"", ""2560〜3020円"", ""3020〜3580円"", ""3580〜4290円"", ""4290〜5220円"", ""5220〜6490円"", ""6490〜8310円"", ""8310〜11220円"", ""11220〜16240円"", ""16240〜28268円"", ""28268円〜""]","[7.8, 7.0, 7.6, 4.7, 7.0, 4.9, 4.5, 4.7, 4.2, 5.0, 4.5, 3.6, 4.3, 3.9, 4.2, 3.3, 4.0, 3.7, 4.5, 6.4]","[2.8, 2.0, 2.6, -0.3, 2.0, -0.1, -0.5, -0.3, -0.8, 0.0, -0.5, -1.4, -0.7, -1.1, -0.8, -1.7, -1.0, -1.3, -0.5, 1.4]"
20260817,12,5,1,53.8,"[[""1-2-6"", 0.0546], [""1-6-2"", 0.0531], [""1-2-4"", 0.0557], [""1-2-3"", 0.0512], [""1-4-2"", 0.0512], [""1-6-4"", 0.0504], [""1-4-6"", 0.0476], [""1-6-3"", 0.0464], [""1-3-2"", 0.046]]",4,43.3,"[[""4-1-2"", 0.0211], [""4-1-6"", 0.0196], [""4-1-3"", 0.0151]]","[[""1-3-6"", 0.0428], [""1-4-3"", 0.0367], [""1-3-4"", 0.0359], [""2-1-6"", 0.0231]]",,,False,True,0.8218,中,"{""逃げ"": 54.9, ""まくり"": 14.0, ""差し"": 13.2, ""まくり差し"": 10.5, ""抜き"": 6.3, ""恵まれ"": 1.1}","[""0〜600円"", ""600〜750円"", ""750〜900円"", ""900〜1050円"", ""1050〜1220円"", ""1220〜1410円"", ""1410〜1640円"", ""1640〜1890円"", ""1890〜2200円"", ""2200〜2560円"", ""2560〜3020円"", ""3020〜3580円"", ""3580〜4290円"", ""4290〜5220円"", ""5220〜6490円"", ""6490〜8310円"", ""8310〜11220円"", ""11220〜16240円"", ""16240〜28268円"", ""28268円〜""]","[3.5, 6.3, 5.8, 5.7, 5.3, 4.8, 5.7, 5.2, 5.2, 4.8, 5.0, 5.0, 4.7, 4.3, 4.3, 4.1, 4.8, 5.4, 4.7, 4.8]","[-1.5, 1.3, 0.8, 0.7, 0.3, -0.2, 0.7, 0.2, 0.2, -0.2, 0.0, 0.0, -0.3, -0.7, -0.7, -0.9, -0.2, 0.4, -0.3, -0.2]"
20260817,12,6,1,56.6,"[[""1-2-5"", 0.1378], [""1-2-3"", 0.1297], [""1-2-4"", 0.0446]]",2,22.2,"[[""2-1-5"", 0.0336], [""2-1-3"", 0.0316], [""2-1-4"", 0.0109]]","[[""1-5-2"", 0.1037], [""1-3-2"", 0.089], [""1-5-3"", 0.0588], [""1-3-5"", 0.0536]]",1-2,0.4386,False,False,0.7866,強,"{""逃げ"": 67.2, ""まくり"": 9.6, ""差し"": 8.7, ""まくり差し"": 8.8, ""抜き"": 4.9, ""恵まれ"": 0.8}","[""0〜600円"", ""600〜750円"", ""750〜900円"", ""900〜1050円"", ""1050〜1220円"", ""1220〜1410円"", ""1410〜1640円"", ""1640〜1890円"", ""1890〜2200円"", ""2200〜2560円"", ""2560〜3020円"", ""3020〜3580円"", ""3580〜4290円"", ""4290〜5220円"", ""5220〜6490円"", ""6490〜8310円"", ""8310〜11220円"", ""11220〜16240円"", ""16240〜28268円"", ""28268円〜""]","[7.8, 7.0, 7.6, 4.7, 7.0, 4.9, 4.5, 4.7, 4.2, 5.0, 4.5, 3.6, 4.3, 3.9, 4.2, 3.3, 4.0, 3.7, 4.5, 6.4]","[2.8, 2.0, 2.6, -0.3, 2.0, -0.1, -0.5, -0.3, -0.8, 0.0, -0.5, -1.4, -0.7, -1.1, -0.8, -1.7, -1.0, -1.3, -0.5, 1.4]"
20260817,12,7,1,52.8,"[[""1-3-4"", 0.0729], [""1-4-3"", 0.0687], [""1-3-5"", 0.0785], [""1-5-3"", 0.0701], [""1-4-5"", 0.0638], [""1-5-4"", 0.0604], [""1-3-2"", 0.0487], [""1-4-2"", 0.0396], [""1-2-3"", 0.0391]]",3,31.0,"[[""3-1-4"", 0.0175], [""3-1-5"", 0.0189], [""3-1-2"", 0.0117]]","[[""1-2-4"", 0.0337], [""1-5-2"", 0.0318], [""1-2-5"", 0.0286], [""4-1-3"", 0.0163]]",,,False,False,0.7866,強,"{""逃げ"": 67.2, ""まくり"": 9.6, ""差し"": 8.7, ""まくり差し"": 8.8, ""抜き"": 4.9, ""恵まれ"": 0.8}","[""0〜600円"", ""600〜750円"", ""750〜900円"", ""900〜1050円"", ""1050〜1220円"", ""1220〜1410円"", ""1410〜1640円"", ""1640〜1890円"", ""1890〜2200円"", ""2200〜2560円"", ""2560〜3020円"", ""3020〜3580円"", ""3580〜4290円"", ""4290〜5220円"", ""5220〜6490円"", ""6490〜8310円"", ""8310〜11220円"", ""11220〜16240円"", ""16240〜28268円"", ""28268円〜""]","[7.8, 7.0, 7.6, 4.7, 7.0, 4.9, 4.5, 4.7, 4.2, 5.0, 4.5, 3.6, 4.3, 3.9, 4.2, 3.3, 4.0, 3.7, 4.5, 6.4]","[2.8, 2.0, 2.6, -0.3, 2.0, -0.1, -0.5, -0.3, -0.8, 0.0, -0.5, -1.4, -0.7, -1.1, -0.8, -1.7, -1.0, -1.3, -0.5, 1.4]"
20260817,12,8,1,58.4,"[[""1-2-4"", 0.0605], [""1-2-6"", 0.0694], [""1-2-5"", 0.0626], [""1-4-2"", 0.0469], [""1-6-2"", 0.0524], [""1-5-2"", 0.0463], [""1-2-3"", 0.0325], [""1-4-6"", 0.0281], [""1-6-4"", 0.0274]]",2,21.1,"[[""2-1-4"", 0.0255], [""2-1-6"", 0.0292], [""2-1-5"", 0.0263], [""2-1-3"", 0.0137]]","[[""1-4-5"", 0.0253], [""1-5-4"", 0.0242], [""4-1-2"", 0.0183], [""1-6-5"", 0.0223]]",,,False,False,0.7866,強,"{""逃げ"": 67.2, ""まくり"": 9.6, ""差し"": 8.7, ""まくり差し"": 8.8, ""抜き"": 4.9, ""恵まれ"": 0.8}","[""0〜600円"", ""600〜750円"", ""750〜900円"", ""900〜1050円"", ""1050〜1220円"", ""1220〜1410円"", ""1410〜1640円"", ""1640〜1890円"", ""1890〜2200円"", ""2200〜2560円"", ""2560〜3020円"", ""3020〜3580円"", ""3580〜4290円"", ""4290〜5220円"", ""5220〜6490円"", ""6490〜8310円"", ""8310〜11220円"", ""11220〜16240円"", ""16240〜28268円"", ""28268円〜""]","[7.8, 7.0, 7.6, 4.7, 7.0, 4.9, 4.5, 4.7, 4.2, 5.0, 4.5, 3.6, 4.3, 3.9, 4.2, 3.3, 4.0, 3.7, 4.5, 6.4]","[2.8, 2.0, 2.6, -0.3, 2.0, -0.1, -0.5, -0.3, -0.8, 0.0, -0.5, -1.4, -0.7, -1.1, -0.8, -1.7, -1.0, -1.3, -0.5, 1.4]"
20260817,12,9,1,54.2,"[[""1-2-3"", 0.1144], [""1-3-2"", 0.1119], [""1-2-4"", 0.0629], [""1-3-4"", 0.0591], [""1-2-5"", 0.0346], [""1-3-5"", 0.0325], [""1-2-6"", 0.0237], [""1-3-6"", 0.0223]]",3,34.8,"[[""3-1-2"", 0.0335], [""3-1-4"", 0.0177]]","[[""1-4-2"", 0.0478], [""1-4-3"", 0.0459], [""2-1-3"", 0.0344], [""1-5-2"", 0.0243]]",,,False,True,0.8218,強,"{""逃げ"": 67.2, ""まくり"": 9.6, ""差し"": 8.7, ""まくり差し"": 8.8, ""抜き"": 4.9, ""恵まれ"": 0.8}","[""0〜600円"", ""600〜750円"", ""750〜900円"", ""900〜1050円"", ""1050〜1220円"", ""1220〜1410円"", ""1410〜1640円"", ""1640〜1890円"", ""1890〜2200円"", ""2200〜2560円"", ""2560〜3020円"", ""3020〜3580円"", ""3580〜4290円"", ""4290〜5220円"", ""5220〜6490円"", ""6490〜8310円"", ""8310〜11220円"", ""11220〜16240円"", ""16240〜28268円"", ""28268円〜""]","[7.8, 7.0, 7.6, 4.7, 7.0, 4.9, 4.5, 4.7, 4.2, 5.0, 4.5, 3.6, 4.3, 3.9, 4.2, 3.3, 4.0, 3.7, 4.5, 6.4]","[2.8, 2.0, 2.6, -0.3, 2.0, -0.1, -0.5, -0.3, -0.8, 0.0, -0.5, -1.4, -0.7, -1.1, -0.8, -1.7, -1.0, -1.3, -0.5, 1.4]"
20260817,12,10,1,55.1,"[[""1-2-3"", 0.0946], [""1-3-2"", 0.0793], [""1-2-4"", 0.0789], [""1-2-5"", 0.0643], [""1-4-2"", 0.0594], [""1-5-2"", 0.0465], [""1-3-4"", 0.0456], [""1-4-3"", 0.041], [""1-3-5"", 0.0372]]",2,20.3,"[[""2-1-3"", 0.0323], [""2-1-4"", 0.0269], [""2-1-5"", 0.022]]","[[""1-5-3"", 0.0321], [""3-1-2"", 0.026], [""1-4-5"", 0.0229], [""1-5-4"", 0.022]]",,,False,True,0.8218,強,"{""逃げ"": 67.2, ""まくり"": 9.6, ""差し"": 8.7, ""まくり差し"": 8.8, ""抜き"": 4.9, ""恵まれ"": 0.8}","[""0〜600円"", ""600〜750円"", ""750〜900円"", ""900〜1050円"", ""1050〜1220円"", ""1220〜1410円"", ""1410〜1640円"", ""1640〜1890円"", ""1890〜2200円"", ""2200〜2560円"", ""2560〜3020円"", ""3020〜3580円"", ""3580〜4290円"", ""4290〜5220円"", ""5220〜6490円"", ""6490〜8310円"", ""8310〜11220円"", ""11220〜16240円"", ""16240〜28268円"", ""28268円〜""]","[7.8, 7.0, 7.6, 4.7, 7.0, 4.9, 4.5, 4.7, 4.2, 5.0, 4.5, 3.6, 4.3, 3.9, 4.2, 3.3, 4.0, 3.7, 4.5, 6.4]","[2.8, 2.0, 2.6, -0.3, 2.0, -0.1, -0.5, -0.3, -0.8, 0.0, -0.5, -1.4, -0.7, -1.1, -0.8, -1.7, -1.0, -1.3, -0.5, 1.4]"
20260817,12,11,1,43.4,"[[""1-2-3"", 0.1186], [""1-2-4"", 0.0724], [""1-2-5"", 0.0404], [""1-2-6"", 0.0187]]",2,22.8,"[[""2-1-3"", 0.054], [""2-1-4"", 0.033], [""2-1-5"", 0.0184]]","[[""1-3-2"", 0.093], [""3-1-2"", 0.0396], [""1-4-2"", 0.0472], [""1-3-4"", 0.0372]]",1-2,0.4014,False,True,0.8218,強,"{""逃げ"": 67.2, ""まくり"": 9.6, ""差し"": 8.7, ""まくり差し"": 8.8, ""抜き"": 4.9, ""恵まれ"": 0.8}","[""0〜600円"", ""600〜750円"", ""750〜900円"", ""900〜1050円"", ""1050〜1220円"", ""1220〜1410円"", ""1410〜1640円"", ""1640〜1890円"", ""1890〜2200円"", ""2200〜2560円"", ""2560〜3020円"", ""3020〜3580円"", ""3580〜4290円"", ""4290〜5220円"", ""5220〜6490円"", ""6490〜8310円"", ""8310〜11220円"", ""11220〜16240円"", ""16240〜28268円"", ""28268円〜""]","[7.8, 7.0, 7.6, 4.7, 7.0, 4.9, 4.5, 4.7, 4.2, 5.0, 4.5, 3.6, 4.3, 3.9, 4.2, 3.3, 4.0, 3.7, 4.5, 6.4]","[2.8, 2.0, 2.6, -0.3, 2.0, -0.1, -0.5, -0.3, -0.8, 0.0, -0.5, -1.4, -0.7, -1.1, -0.8, -1.7, -1.0, -1.3, -0.5, 1.4]"
20260817,12,12,1,45.7,"[[""1-4-2"", 0.0645], [""1-2-4"", 0.0623], [""1-4-3"", 0.0475], [""1-4-6"", 0.0465], [""1-2-3"", 0.0421], [""1-2-6"", 0.0412], [""1-3-4"", 0.0396], [""1-6-4"", 0.0386], [""1-3-2"", 0.0364]]",4,27.7,"[[""4-1-2"", 0.0207], [""4-1-3"", 0.0153], [""4-1-6"", 0.0149], [""4-1-5"", 0.0111]]","[[""1-6-2"", 0.0354], [""1-4-5"", 0.0346], [""1-2-5"", 0.0306], [""1-5-4"", 0.0274]]",,,False,False,0.7866,強,"{""逃げ"": 67.2, ""まくり"": 9.6, ""差し"": 8.7, ""まくり差し"": 8.8, ""抜き"": 4.9, ""恵まれ"": 0.8}","[""0〜600円"", ""600〜750円"", ""750〜900円"", ""900〜1050円"", ""1050〜1220円"", ""1220〜1410円"", ""1410〜1640円"", ""1640〜1890円"", ""1890〜2200円"", ""2200〜2560円"", ""2560〜3020円"", ""3020〜3580円"", ""3580〜4290円"", ""4290〜5220円"", ""5220〜6490円"", ""6490〜8310円"", ""8310〜11220円"", ""11220〜16240円"", ""16240〜28268円"", ""28268円〜""]","[7.8, 7.0, 7.6, 4.7, 7.0, 4.9, 4.5, 4.7, 4.2, 5.0, 4.5, 3.6, 4.3, 3.9, 4.2, 3.3, 4.0, 3.7, 4.5, 6.4]","[2.8, 2.0, 2.6, -0.3, 2.0, -0.1, -0.5, -0.3, -0.8, 0.0, -0.5, -1.4, -0.7, -1.1, -0.8, -1.7, -1.0, -1.3, -0.5, 1.4]"
20260817,13,1,1,53.8,"[[""1-3-4"", 0.1279], [""1-3-2"", 0.0423], [""1-3-5"", 0.0361], [""1-3-6"", 0.026]]",3,20.5,"[[""3-1-4"", 0.1165], [""3-1-2"", 0.0385], [""3-1-5"", 0.0329], [""3-1-6"", 0.0236]]","[[""1-4-3"", 0.0626], [""3-4-1"", 0.0506], [""4-1-3"", 0.0419], [""4-3-1"", 0.0372]]",1-3,0.4969,False,True,0.8218,弱,"{""逃げ"": 36.5, ""まくり"": 22.0, ""差し"": 17.6, ""まくり差し"": 14.2, ""抜き"": 8.9, ""恵まれ"": 0.9}","[""0〜600円"", ""600〜750円"", ""750〜900円"", ""900〜1050円"", ""1050〜1220円"", ""1220〜1410円"", ""1410〜1640円"", ""1640〜1890円"", ""1890〜2200円"", ""2200〜2560円"", ""2560〜3020円"", ""3020〜3580円"", ""3580〜4290円"", ""4290〜5220円"", ""5220〜6490円"", ""6490〜8310円"", ""8310〜11220円"", ""11220〜16240円"", ""16240〜28268円"", ""28268円〜""]","[1.1, 3.6, 3.1, 3.8, 4.4, 6.3, 5.6, 6.3, 6.0, 4.0, 6.6, 6.6, 4.7, 5.3, 5.6, 6.3, 6.6, 6.2, 4.1, 3.9]","[-3.9, -1.4, -1.9, -1.2, -0.6, 1.3, 0.6, 1.3, 1.0, -1.0, 1.6, 1.6, -0.3, 0.3, 0.6, 1.3, 1.6, 1.2, -0.9, -1.1]"
20260817,13,2,1,45.5,"[[""1-4-2"", 0.0844], [""1-4-5"", 0.0491], [""1-4-3"", 0.0464], [""1-4-6"", 0.032]]",4,28.6,"[[""4-1-2"", 0.0556], [""4-1-5"", 0.0323], [""4-1-3"", 0.0306], [""4-1-6"", 0.0211]]","[[""1-2-4"", 0.0587], [""2-1-4"", 0.0336], [""4-2-1"", 0.023], [""1-5-4"", 0.0291]]",1-4,0.3895,False,False,0.7866,弱,"{""逃げ"": 36.5, ""まくり"": 22.0, ""差し"": 17.6, ""まくり差し"": 14.2, ""抜き"": 8.9, ""恵まれ"": 0.9}","[""0〜600円"", ""600〜750円"", ""750〜900円"", ""900〜1050円"", ""1050〜1220円"", ""1220〜1410円"", ""1410〜1640円"", ""1640〜1890円"", ""1890〜2200円"", ""2200〜2560円"", ""2560〜3020円"", ""3020〜3580円"", ""3580〜4290円"", ""4290〜5220円"", ""5220〜6490円"", ""6490〜8310円"", ""8310〜11220円"", ""11220〜16240円"", ""16240〜28268円"", ""28268円〜""]","[1.1, 3.6, 3.1, 3.8, 4.4, 6.3, 5.6, 6.3, 6.0, 4.0, 6.6, 6.6, 4.7, 5.3, 5.6, 6.3, 6.6, 6.2, 4.1, 3.9]","[-3.9, -1.4, -1.9, -1.2, -0.6, 1.3, 0.6, 1.3, 1.0, -1.0, 1.6, 1.6, -0.3, 0.3, 0.6, 1.3, 1.6, 1.2, -0.9, -1.1]"
20260817,13,3,1,,"[[""1-2-5"", 0.0594], [""1-5-2"", 0.0585], [""1-2-3"", 0.0417], [""1-5-3"", 0.0398], [""1-2-4"", 0.0169], [""1-5-4"", 0.0161], [""1-2-6"", 0.0111], [""1-5-6"", 0.0105]]",5,28.1,"[[""5-1-2"", 0.0425], [""5-1-3"", 0.029], [""5-1-4"", 0.0117]]","[[""2-1-5"", 0.0436], [""2-5-1"", 0.0277], [""5-2-1"", 0.0275], [""1-3-2"", 0.0334]]",,,False,False,0.7866,中,"{""逃げ"": 55.3, ""まくり差し"": 13.1, ""まくり"": 14.9, ""差し"": 10.3, ""抜き"": 5.8, ""恵まれ"": 0.6}","[""0〜600円"", ""600〜750円"", ""750〜900円"", ""900〜1050円"", ""1050〜1220円"", ""1220〜1410円"", ""1410〜1640円"", ""1640〜1890円"", ""1890〜2200円"", ""2200〜2560円"", ""2560〜3020円"", ""3020〜3580円"", ""3580〜4290円"", ""4290〜5220円"", ""5220〜6490円"", ""6490〜8310円"", ""8310〜11220円"", ""11220〜16240円"", ""16240〜28268円"", ""28268円〜""]","[4.4, 5.8, 6.3, 6.2, 4.6, 6.2, 5.3, 4.9, 5.4, 4.2, 3.8, 5.7, 4.4, 3.8, 4.5, 5.8, 5.1, 4.0, 5.0, 4.8]","[-0.6, 0.8, 1.3, 1.2, -0.4, 1.2, 0.3, -0.1, 0.4, -0.8, -1.2, 0.7, -0.6, -1.2, -0.5, 0.8, 0.1, -1.0, 0.0, -0.2]"
20260817,13,4,2,45.5,"[[""2-1-4"", 0.0723], [""2-1-3"", 0.0535], [""2-1-6"", 0.0365], [""2-1-5"", 0.0208]]",1,54.4,"[[""1-2-4"", 0.0586], [""1-2-3"", 0.0433], [""1-2-6"", 0.0295], [""1-2-5"", 0.0168]]","[[""2-4-1"", 0.0487], [""4-2-1"", 0.0328], [""1-4-2"", 0.0302], [""2-3-1"", 0.0319]]",1-2,0.3668,False,False,0.7866,強,"{""逃げ"": 71.5, ""まくり"": 8.7, ""まくり差し"": 9.0, ""差し"": 6.6, ""抜き"": 3.7, ""恵まれ"": 0.5}","[""0〜600円"", ""600〜750円"", ""750〜900円"", ""900〜1050円"", ""1050〜1220円"", ""1220〜1410円"", ""1410〜1640円"", ""1640〜1890円"", ""1890〜2200円"", ""2200〜2560円"", ""2560〜3020円"", ""3020〜3580円"", ""3580〜4290円"", ""4290〜5220円"", ""5220〜6490円"", ""6490〜8310円"", ""8310〜11220円"", ""11220〜16240円"", ""16240〜28268円"", ""28268円〜""]","[9.2, 7.9, 7.1, 6.0, 5.9, 5.4, 5.5, 5.1, 5.1, 4.6, 3.8, 3.5, 4.7, 3.5, 3.7, 3.2, 2.7, 3.3, 4.6, 5.3]","[4.2, 2.9, 2.1, 1.0, 0.9, 0.4, 0.5, 0.1, 0.1, -0.4, -1.2, -1.5, -0.3, -1.5, -1.3, -1.8, -2.3, -1.7, -0.4, 0.3]"
20260817,13,5,1,58.6,"[[""1-4-3"", 0.1173], [""1-4-2"", 0.0246], [""1-4-6"", 0.0124]]",4,60.7,"[[""4-1-3"", 0.1015], [""4-1-2"", 0.0213], [""4-1-6"", 0.0107]]","[[""1-3-4"", 0.0964], [""3-1-4"", 0.0762], [""4-3-1"", 0.0666], [""3-4-1"", 0.0608]]",1-4,0.364,False,False,0.7866,弱,"{""逃げ"": 36.5, ""まくり"": 22.0, ""差し"": 17.6, ""まくり差し"": 14.2, ""抜き"": 8.9, ""恵まれ"": 0.9}","[""0〜600円"", ""600〜750円"", ""750〜900円"", ""900〜1050円"", ""1050〜1220円"", ""1220〜1410円"", ""1410〜1640円"", ""1640〜1890円"", ""1890〜2200円"", ""2200〜2560円"", ""2560〜3020円"", ""3020〜3580円"", ""3580〜4290円"", ""4290〜5220円"", ""5220〜6490円"", ""6490〜8310円"", ""8310〜11220円"", ""11220〜16240円"", ""16240〜28268円"", ""28268円〜""]","[1.1, 3.6, 3.1, 3.8, 4.4, 6.3, 5.6, 6.3, 6.0, 4.0, 6.6, 6.6, 4.7, 5.3, 5.6, 6.3, 6.6, 6.2, 4.1, 3.9]","[-3.9, -1.4, -1.9, -1.2, -0.6, 1.3, 0.6, 1.3, 1.0, -1.0, 1.6, 1.6, -0.3, 0.3, 0.6, 1.3, 1.6, 1.2, -0.9, -1.1]"
20260817,13,6,1,45.3,"[[""1-4-2"", 0.1234], [""1-4-3"", 0.0935], [""1-4-5"", 0.0766], [""1-4-6"", 0.0365]]",4,27.8,"[[""4-1-2"", 0.0297], [""4-1-3"", 0.0225], [""4-1-5"", 0.0184]]","[[""1-2-4"", 0.086], [""1-3-4"", 0.0582], [""1-5-4"", 0.0463], [""1-2-3"", 0.0325]]",1-4,0.4511,False,False,0.7866,中,"{""逃げ"": 55.3, ""まくり差し"": 13.1, ""まくり"": 14.9, ""差し"": 10.3, ""抜き"": 5.8, ""恵まれ"": 0.6}","[""0〜600円"", ""600〜750円"", ""750〜900円"", ""900〜1050円"", ""1050〜1220円"", ""1220〜1410円"", ""1410〜1640円"", ""1640〜1890円"", ""1890〜2200円"", ""2200〜2560円"", ""2560〜3020円"", ""3020〜3580円"", ""3580〜4290円"", ""4290〜5220円"", ""5220〜6490円"", ""6490〜8310円"", ""8310〜11220円"", ""11220〜16240円"", ""16240〜28268円"", ""28268円〜""]","[4.4, 5.8, 6.3, 6.2, 4.6, 6.2, 5.3, 4.9, 5.4, 4.2, 3.8, 5.7, 4.4, 3.8, 4.5, 5.8, 5.1, 4.0, 5.0, 4.8]","[-0.6, 0.8, 1.3, 1.2, -0.4, 1.2, 0.3, -0.1, 0.4, -0.8, -1.2, 0.7, -0.6, -1.2, -0.5, 0.8, 0.1, -1.0, 0.0, -0.2]"
20260817,13,7,1,37.3,"[[""1-3-2"", 0.1072], [""1-3-5"", 0.0454], [""1-3-4"", 0.0241], [""1-3-6"", 0.0138]]",3,31.7,"[[""3-1-2"", 0.0999], [""3-1-5"", 0.0422], [""3-1-4"", 0.0224], [""3-1-6"", 0.0128]]","[[""1-2-3"", 0.0657], [""3-2-1"", 0.0556], [""2-1-3"", 0.0485], [""2-3-1"", 0.044]]",1-3,0.4127,False,True,0.8218,弱,"{""逃げ"": 36.5, ""まくり"": 22.0, ""差し"": 17.6, ""まくり差し"": 14.2, ""抜き"": 8.9, ""恵まれ"": 0.9}","[""0〜600円"", ""600〜750円"", ""750〜900円"", ""900〜1050円"", ""1050〜1220円"", ""1220〜1410円"", ""1410〜1640円"", ""1640〜1890円"", ""1890〜2200円"", ""2200〜2560円"", ""2560〜3020円"", ""3020〜3580円"", ""3580〜4290円"", ""4290〜5220円"", ""5220〜6490円"", ""6490〜8310円"", ""8310〜11220円"", ""11220〜16240円"", ""16240〜28268円"", ""28268円〜""]","[1.1, 3.6, 3.1, 3.8, 4.4, 6.3, 5.6, 6.3, 6.0, 4.0, 6.6, 6.6, 4.7, 5.3, 5.6, 6.3, 6.6, 6.2, 4.1, 3.9]","[-3.9, -1.4, -1.9, -1.2, -0.6, 1.3, 0.6, 1.3, 1.0, -1.0, 1.6, 1.6, -0.3, 0.3, 0.6, 1.3, 1.6, 1.2, -0.9, -1.1]"
20260817,13,8,1,44.4,"[[""1-2-4"", 0.1617], [""1-2-3"", 0.0939], [""1-2-6"", 0.0919], [""1-2-5"", 0.0482]]",2,20.2,"[[""2-1-4"", 0.0917], [""2-1-3"", 0.0532], [""2-1-6"", 0.0521], [""2-1-5"", 0.0273]]","[[""1-4-2"", 0.0493], [""1-3-2"", 0.0266], [""4-1-2"", 0.0208], [""1-6-2"", 0.026]]",1-2,0.6888,True,False,0.7866,強,"{""逃げ"": 71.5, ""まくり"": 8.7, ""まくり差し"": 9.0, ""差し"": 6.6, ""抜き"": 3.7, ""恵まれ"": 0.5}","[""0〜600円"", ""600〜750円"", ""750〜900円"", ""900〜1050円"", ""1050〜1220円"", ""1220〜1410円"", ""1410〜1640円"", ""1640〜1890円"", ""1890〜2200円"", ""2200〜2560円"", ""2560〜3020円"", ""3020〜3580円"", ""3580〜4290円"", ""4290〜5220円"", ""5220〜6490円"", ""6490〜8310円"", ""8310〜11220円"", ""11220〜16240円"", ""16240〜28268円"", ""28268円〜""]","[9.2, 7.9, 7.1, 6.0, 5.9, 5.4, 5.5, 5.1, 5.1, 4.6, 3.8, 3.5, 4.7, 3.5, 3.7, 3.2, 2.7, 3.3, 4.6, 5.3]","[4.2, 2.9, 2.1, 1.0, 0.9, 0.4, 0.5, 0.1, 0.1, -0.4, -1.2, -1.5, -0.3, -1.5, -1.3, -1.8, -2.3, -1.7, -0.4, 0.3]"
20260817,13,9,1,53.9,"[[""1-2-4"", 0.0571], [""1-2-3"", 0.0673], [""1-4-2"", 0.0507], [""1-3-2"", 0.0583], [""1-4-3"", 0.0446], [""1-3-4"", 0.0436], [""1-2-5"", 0.0343], [""1-5-2"", 0.0259], [""1-4-5"", 0.0227]]",2,32.6,"[[""2-1-4"", 0.028], [""2-1-3"", 0.0329], [""2-1-5"", 0.0168]]","[[""4-1-2"", 0.0238], [""3-1-2"", 0.0272], [""4-1-3"", 0.021], [""1-3-5"", 0.0205]]",,,False,False,0.7866,強,"{""逃げ"": 71.5, ""まくり"": 8.7, ""まくり差し"": 9.0, ""差し"": 6.6, ""抜き"": 3.7, ""恵まれ"": 0.5}","[""0〜600円"", ""600〜750円"", ""750〜900円"", ""900〜1050円"", ""1050〜1220円"", ""1220〜1410円"", ""1410〜1640円"", ""1640〜1890円"", ""1890〜2200円"", ""2200〜2560円"", ""2560〜3020円"", ""3020〜3580円"", ""3580〜4290円"", ""4290〜5220円"", ""5220〜6490円"", ""6490〜8310円"", ""8310〜11220円"", ""11220〜16240円"", ""16240〜28268円"", ""28268円〜""]","[9.2, 7.9, 7.1, 6.0, 5.9, 5.4, 5.5, 5.1, 5.1, 4.6, 3.8, 3.5, 4.7, 3.5, 3.7, 3.2, 2.7, 3.3, 4.6, 5.3]","[4.2, 2.9, 2.1, 1.0, 0.9, 0.4, 0.5, 0.1, 0.1, -0.4, -1.2, -1.5, -0.3, -1.5, -1.3, -1.8, -2.3, -1.7, -0.4, 0.3]"
20260817,13,10,1,59.1,"[[""1-2-3"", 0.1284], [""1-2-5"", 0.0746], [""1-2-6"", 0.0654], [""1-2-4"", 0.0533]]",2,26.6,"[[""2-1-3"", 0.0261], [""2-1-5"", 0.0151], [""2-1-6"", 0.0133], [""2-1-4"", 0.0108]]","[[""1-3-2"", 0.0983], [""1-5-2"", 0.0484], [""1-6-2"", 0.0418], [""1-3-5"", 0.0339]]",1-2,0.4204,False,True,0.8218,強,"{""逃げ"": 71.5, ""まくり"": 8.7, ""まくり差し"": 9.0, ""差し"": 6.6, ""抜き"": 3.7, ""恵まれ"": 0.5}","[""0〜600円"", ""600〜750円"", ""750〜900円"", ""900〜1050円"", ""1050〜1220円"", ""1220〜1410円"", ""1410〜1640円"", ""1640〜1890円"", ""1890〜2200円"", ""2200〜2560円"", ""2560〜3020円"", ""3020〜3580円"", ""3580〜4290円"", ""4290〜5220円"", ""5220〜6490円"", ""6490〜8310円"", ""8310〜11220円"", ""11220〜16240円"", ""16240〜28268円"", ""28268円〜""]","[9.2, 7.9, 7.1, 6.0, 5.9, 5.4, 5.5, 5.1, 5.1, 4.6, 3.8, 3.5, 4.7, 3.5, 3.7, 3.2, 2.7, 3.3, 4.6, 5.3]","[4.2, 2.9, 2.1, 1.0, 0.9, 0.4, 0.5, 0.1, 0.1, -0.4, -1.2, -1.5, -0.3, -1.5, -1.3, -1.8, -2.3, -1.7, -0.4, 0.3]"
20260817,13,11,1,53.0,"[[""1-2-4"", 0.1187], [""1-2-3"", 0.0903], [""1-2-6"", 0.0655], [""1-2-5"", 0.0465]]",2,27.8,"[[""2-1-4"", 0.0284], [""2-1-3"", 0.0216], [""2-1-6"", 0.0157], [""2-1-5"", 0.0111]]","[[""1-4-2"", 0.0852], [""1-3-2"", 0.0577], [""1-6-2"", 0.0401], [""1-4-3"", 0.0338]]",1-2,0.4378,False,False,0.7866,強,"{""逃げ"": 71.5, ""まくり"": 8.7, ""まくり差し"": 9.0, ""差し"": 6.6, ""抜き"": 3.7, ""恵まれ"": 0.5}","[""0〜600円"", ""600〜750円"", ""750〜900円"", ""900〜1050円"", ""1050〜1220円"", ""1220〜1410円"", ""1410〜1640円"", ""1640〜1890円"", ""1890〜2200円"", ""2200〜2560円"", ""2560〜3020円"", ""3020〜3580円"", ""3580〜4290円"", ""4290〜5220円"", ""5220〜6490円"", ""6490〜8310円"", ""8310〜11220円"", ""11220〜16240円"", ""16240〜28268円"", ""28268円〜""]","[9.2, 7.9, 7.1, 6.0, 5.9, 5.4, 5.5, 5.1, 5.1, 4.6, 3.8, 3.5, 4.7, 3.5, 3.7, 3.2, 2.7, 3.3, 4.6, 5.3]","[4.2, 2.9, 2.1, 1.0, 0.9, 0.4, 0.5, 0.1, 0.1, -0.4, -1.2, -1.5, -0.3, -1.5, -1.3, -1.8, -2.3, -1.7, -0.4, 0.3]"
20260817,13,12,1,53.8,"[[""1-4-2"", 0.056], [""1-4-3"", 0.0659], [""1-2-4"", 0.0508], [""1-3-4"", 0.0584], [""1-2-3"", 0.0468], [""1-3-2"", 0.0456], [""1-4-5"", 0.0312], [""1-4-6"", 0.0271], [""1-5-4"", 0.0239]]",3,60.7,"[[""3-1-4"", 0.0247], [""3-1-2"", 0.0193]]","[[""4-1-2"", 0.0246], [""4-1-3"", 0.0289], [""2-1-4"", 0.0216], [""1-2-5"", 0.0222]]",,,False,False,0.7866,強,"{""逃げ"": 71.5, ""まくり"": 8.7, ""まくり差し"": 9.0, ""差し"": 6.6, ""抜き"": 3.7, ""恵まれ"": 0.5}","[""0〜600円"", ""600〜750円"", ""750〜900円"", ""900〜1050円"", ""1050〜1220円"", ""1220〜1410円"", ""1410〜1640円"", ""1640〜1890円"", ""1890〜2200円"", ""2200〜2560円"", ""2560〜3020円"", ""3020〜3580円"", ""3580〜4290円"", ""4290〜5220円"", ""5220〜6490円"", ""6490〜8310円"", ""8310〜11220円"", ""11220〜16240円"", ""16240〜28268円"", ""28268円〜""]","[9.2, 7.9, 7.1, 6.0, 5.9, 5.4, 5.5, 5.1, 5.1, 4.6, 3.8, 3.5, 4.7, 3.5, 3.7, 3.2, 2.7, 3.3, 4.6, 5.3]","[4.2, 2.9, 2.1, 1.0, 0.9, 0.4, 0.5, 0.1, 0.1, -0.4, -1.2, -1.5, -0.3, -1.5, -1.3, -1.8, -2.3, -1.7, -0.4, 0.3]"
20260817,14,1,1,49.5,"[[""1-2-4"", 0.1394], [""1-2-3"", 0.1732], [""1-2-5"", 0.0704], [""1-2-6"", 0.0201]]",2,,"[[""2-1-4"", 0.018], [""2-1-3"", 0.0224]]","[[""1-4-2"", 0.0868], [""1-3-2"", 0.1072], [""1-4-3"", 0.043], [""1-3-4"", 0.0428]]",1-2,0.4981,False,False,0.7866,強,"{""逃げ"": 60.6, ""まくり差し"": 11.4, ""まくり"": 11.4, ""差し"": 9.8, ""抜き"": 6.2, ""恵まれ"": 0.5}","[""0〜600円"", ""600〜750円"", ""750〜900円"", ""900〜1050円"", ""1050〜1220円"", ""1220〜1410円"", ""1410〜1640円"", ""1640〜1890円"", ""1890〜2200円"", ""2200〜2560円"", ""2560〜3020円"", ""3020〜3580円"", ""3580〜4290円"", ""4290〜5220円"", ""5220〜6490円"", ""6490〜8310円"", ""8310〜11220円"", ""11220〜16240円"", ""16240〜28268円"", ""28268円〜""]","[5.0, 5.8, 4.9, 5.2, 5.8, 4.9, 5.2, 5.2, 4.3, 5.5, 4.3, 4.1, 4.3, 4.3, 5.1, 4.3, 5.2, 5.0, 6.0, 5.8]","[0.0, 0.8, -0.1, 0.2, 0.8, -0.1, 0.2, 0.2, -0.7, 0.5, -0.7, -0.9, -0.7, -0.7, 0.1, -0.7, 0.2, -0.0, 1.0, 0.8]"
20260817,14,2,1,50.8,"[[""1-2-3"", 0.0869], [""1-3-2"", 0.0726], [""1-2-6"", 0.0869], [""1-6-2"", 0.0688], [""1-2-4"", 0.0491], [""1-3-6"", 0.0476], [""1-6-3"", 0.0451], [""1-2-5"", 0.0414], [""1-4-2"", 0.0352]]",6,35.1,"[[""6-1-2"", 0.0158], [""6-1-3"", 0.0104]]","[[""1-5-2"", 0.0291], [""1-3-4"", 0.0269], [""2-1-3"", 0.0207], [""1-4-3"", 0.0231]]",,,False,True,0.8218,強,"{""逃げ"": 60.6, ""まくり差し"": 11.4, ""まくり"": 11.4, ""差し"": 9.8, ""抜き"": 6.2, ""恵まれ"": 0.5}","[""0〜600円"", ""600〜750円"", ""750〜900円"", ""900〜1050円"", ""1050〜1220円"", ""1220〜1410円"", ""1410〜1640円"", ""1640〜1890円"", ""1890〜2200円"", ""2200〜2560円"", ""2560〜3020円"", ""3020〜3580円"", ""3580〜4290円"", ""4290〜5220円"", ""5220〜6490円"", ""6490〜8310円"", ""8310〜11220円"", ""11220〜16240円"", ""16240〜28268円"", ""28268円〜""]","[5.0, 5.8, 4.9, 5.2, 5.8, 4.9, 5.2, 5.2, 4.3, 5.5, 4.3, 4.1, 4.3, 4.3, 5.1, 4.3, 5.2, 5.0, 6.0, 5.8]","[0.0, 0.8, -0.1, 0.2, 0.8, -0.1, 0.2, 0.2, -0.7, 0.5, -0.7, -0.9, -0.7, -0.7, 0.1, -0.7, 0.2, -0.0, 1.0, 0.8]"
20260817,14,3,1,59.4,"[[""1-3-2"", 0.1061], [""1-2-3"", 0.0977], [""1-3-6"", 0.0836], [""1-2-6"", 0.0649], [""1-3-4"", 0.0373], [""1-3-5"", 0.0306], [""1-2-4"", 0.029], [""1-2-5"", 0.0238]]",3,34.5,"[[""3-1-2"", 0.0235], [""3-1-6"", 0.0185]]","[[""1-6-3"", 0.067], [""1-6-2"", 0.0565], [""1-4-3"", 0.0264], [""2-1-3"", 0.0213]]",,,False,True,0.8218,強,"{""逃げ"": 60.6, ""まくり差し"": 11.4, ""まくり"": 11.4, ""差し"": 9.8, ""抜き"": 6.2, ""恵まれ"": 0.5}","[""0〜600円"", ""600〜750円"", ""750〜900円"", ""900〜1050円"", ""1050〜1220円"", ""1220〜1410円"", ""1410〜1640円"", ""1640〜1890円"", ""1890〜2200円"", ""2200〜2560円"", ""2560〜3020円"", ""3020〜3580円"", ""3580〜4290円"", ""4290〜5220円"", ""5220〜6490円"", ""6490〜8310円"", ""8310〜11220円"", ""11220〜16240円"", ""16240〜28268円"", ""28268円〜""]","[5.0, 5.8, 4.9, 5.2, 5.8, 4.9, 5.2, 5.2, 4.3, 5.5, 4.3, 4.1, 4.3, 4.3, 5.1, 4.3, 5.2, 5.0, 6.0, 5.8]","[0.0, 0.8, -0.1, 0.2, 0.8, -0.1, 0.2, 0.2, -0.7, 0.5, -0.7, -0.9, -0.7, -0.7, 0.1, -0.7, 0.2, -0.0, 1.0, 0.8]"
20260817,14,4,2,58.8,"[[""2-4-1"", 0.0607], [""2-4-5"", 0.0266], [""2-4-3"", 0.0258], [""2-4-6"", 0.0248]]",4,22.5,"[[""4-2-1"", 0.0595], [""4-2-5"", 0.0261], [""4-2-3"", 0.0252], [""4-2-6"", 0.0243]]","[[""2-1-4"", 0.0442], [""4-1-2"", 0.0421], [""1-2-4"", 0.0362], [""1-4-2"", 0.0352]]",2-4,0.2991,False,True,0.8218,強,"{""逃げ"": 60.6, ""まくり差し"": 11.4, ""まくり"": 11.4, ""差し"": 9.8, ""抜き"": 6.2, ""恵まれ"": 0.5}","[""0〜600円"", ""600〜750円"", ""750〜900円"", ""900〜1050円"", ""1050〜1220円"", ""1220〜1410円"", ""1410〜1640円"", ""1640〜1890円"", ""1890〜2200円"", ""2200〜2560円"", ""2560〜3020円"", ""3020〜3580円"", ""3580〜4290円"", ""4290〜5220円"", ""5220〜6490円"", ""6490〜8310円"", ""8310〜11220円"", ""11220〜16240円"", ""16240〜28268円"", ""28268円〜""]","[5.0, 5.8, 4.9, 5.2, 5.8, 4.9, 5.2, 5.2, 4.3, 5.5, 4.3, 4.1, 4.3, 4.3, 5.1, 4.3, 5.2, 5.0, 6.0, 5.8]","[0.0, 0.8, -0.1, 0.2, 0.8, -0.1, 0.2, 0.2, -0.7, 0.5, -0.7, -0.9, -0.7, -0.7, 0.1, -0.7, 0.2, -0.0, 1.0, 0.8]"
20260817,14,5,1,44.9,"[[""1-4-3"", 0.0782], [""1-4-5"", 0.0532], [""1-4-2"", 0.0179], [""1-4-6"", 0.0137]]",4,22.4,"[[""4-1-3"", 0.0779], [""4-1-5"", 0.053], [""4-1-2"", 0.0178], [""4-1-6"", 0.0137]]","[[""1-3-4"", 0.0493], [""4-3-1"", 0.0489], [""3-1-4"", 0.0385], [""3-4-1"", 0.0383]]",1-4,0.3677,False,False,0.7866,弱,"{""まくり"": 27.0, ""逃げ"": 27.1, ""差し"": 19.6, ""まくり差し"": 16.5, ""抜き"": 9.0, ""恵まれ"": 0.8}","[""0〜600円"", ""600〜750円"", ""750〜900円"", ""900〜1050円"", ""1050〜1220円"", ""1220〜1410円"", ""1410〜1640円"", ""1640〜1890円"", ""1890〜2200円"", ""2200〜2560円"", ""2560〜3020円"", ""3020〜3580円"", ""3580〜4290円"", ""4290〜5220円"", ""5220〜6490円"", ""6490〜8310円"", ""8310〜11220円"", ""11220〜16240円"", ""16240〜28268円"", ""28268円〜""]","[0.4, 1.3, 2.0, 2.9, 3.4, 4.4, 4.1, 4.3, 4.8, 5.9, 6.0, 7.0, 7.2, 7.6, 6.8, 6.9, 6.9, 6.5, 6.2, 5.5]","[-4.6, -3.7, -3.0, -2.1, -1.6, -0.6, -0.9, -0.7, -0.2, 0.9, 1.0, 2.0, 2.2, 2.6, 1.8, 1.9, 1.9, 1.5, 1.2, 0.5]"
20260817,14,6,3,58.5,"[[""3-1-5"", 0.066], [""3-1-4"", 0.0629], [""3-1-2"", 0.0624], [""3-1-6"", 0.0176]]",1,20.2,"[[""1-3-5"", 0.0439], [""1-3-4"", 0.0418], [""1-3-2"", 0.0415], [""1-3-6"", 0.0117]]","[[""3-5-1"", 0.0444], [""3-4-1"", 0.0398], [""3-2-1"", 0.0394], [""5-3-1"", 0.0251]]",1-3,0.3776,False,False,0.7866,強,"{""逃げ"": 60.6, ""まくり差し"": 11.4, ""まくり"": 11.4, ""差し"": 9.8, ""抜き"": 6.2, ""恵まれ"": 0.5}","[""0〜600円"", ""600〜750円"", ""750〜900円"", ""900〜1050円"", ""1050〜1220円"", ""1220〜1410円"", ""1410〜1640円"", ""1640〜1890円"", ""1890〜2200円"", ""2200〜2560円"", ""2560〜3020円"", ""3020〜3580円"", ""3580〜4290円"", ""4290〜5220円"", ""5220〜6490円"", ""6490〜8310円"", ""8310〜11220円"", ""11220〜16240円"", ""16240〜28268円"", ""28268円〜""]","[5.0, 5.8, 4.9, 5.2, 5.8, 4.9, 5.2, 5.2, 4.3, 5.5, 4.3, 4.1, 4.3, 4.3, 5.1, 4.3, 5.2, 5.0, 6.0, 5.8]","[0.0, 0.8, -0.1, 0.2, 0.8, -0.1, 0.2, 0.2, -0.7, 0.5, -0.7, -0.9, -0.7, -0.7, 0.1, -0.7, 0.2, -0.0, 1.0, 0.8]"
20260817,14,7,1,55.9,"[[""1-4-3"", 0.042], [""1-3-4"", 0.0374], [""1-4-2"", 0.0357], [""1-3-2"", 0.0253], [""1-4-5"", 0.0172], [""1-3-5"", 0.0122]]",4,26.8,"[[""4-1-3"", 0.0398], [""4-1-2"", 0.0338], [""4-1-5"", 0.0163]]","[[""3-1-4"", 0.0331], [""4-3-1"", 0.0329], [""3-4-1"", 0.0307], [""1-2-4"", 0.0279]]",,,False,False,0.7866,弱,"{""まくり"": 27.0, ""逃げ"": 27.1, ""差し"": 19.6, ""まくり差し"": 16.5, ""抜き"": 9.0, ""恵まれ"": 0.8}","[""0〜600円"", ""600〜750円"", ""750〜900円"", ""900〜1050円"", ""1050〜1220円"", ""1220〜1410円"", ""1410〜1640円"", ""1640〜1890円"", ""1890〜2200円"", ""2200〜2560円"", ""2560〜3020円"", ""3020〜3580円"", ""3580〜4290円"", ""4290〜5220円"", ""5220〜6490円"", ""6490〜8310円"", ""8310〜11220円"", ""11220〜16240円"", ""16240〜28268円"", ""28268円〜""]","[0.4, 1.3, 2.0, 2.9, 3.4, 4.4, 4.1, 4.3, 4.8, 5.9, 6.0, 7.0, 7.2, 7.6, 6.8, 6.9, 6.9, 6.5, 6.2, 5.5]","[-4.6, -3.7, -3.0, -2.1, -1.6, -0.6, -0.9, -0.7, -0.2, 0.9, 1.0, 2.0, 2.2, 2.6, 1.8, 1.9, 1.9, 1.5, 1.2, 0.5]"
20260817,14,8,2,55.0,"[[""2-1-5"", 0.0252], [""2-1-3"", 0.0315], [""2-5-1"", 0.0246], [""2-3-1"", 0.0307], [""2-5-3"", 0.0286], [""2-3-5"", 0.0284], [""2-1-4"", 0.0255], [""2-4-1"", 0.0234], [""2-5-4"", 0.0231]]",1,,"[[""1-2-5"", 0.018], [""1-2-3"", 0.0225], [""1-2-4"", 0.0182]]","[[""2-3-4"", 0.0227], [""5-2-1"", 0.0173], [""2-4-5"", 0.0217], [""3-2-1"", 0.0216]]",,,False,False,0.7866,強,"{""逃げ"": 60.6, ""まくり差し"": 11.4, ""まくり"": 11.4, ""差し"": 9.8, ""抜き"": 6.2, ""恵まれ"": 0.5}","[""0〜600円"", ""600〜750円"", ""750〜900円"", ""900〜1050円"", ""1050〜1220円"", ""1220〜1410円"", ""1410〜1640円"", ""1640〜1890円"", ""1890〜2200円"", ""2200〜2560円"", ""2560〜3020円"", ""3020〜3580円"", ""3580〜4290円"", ""4290〜5220円"", ""5220〜6490円"", ""6490〜8310円"", ""8310〜11220円"", ""11220〜16240円"", ""16240〜28268円"", ""28268円〜""]","[5.0, 5.8, 4.9, 5.2, 5.8, 4.9, 5.2, 5.2, 4.3, 5.5, 4.3, 4.1, 4.3, 4.3, 5.1, 4.3, 5.2, 5.0, 6.0, 5.8]","[0.0, 0.8, -0.1, 0.2, 0.8, -0.1, 0.2, 0.2, -0.7, 0.5, -0.7, -0.9, -0.7, -0.7, 0.1, -0.7, 0.2, -0.0, 1.0, 0.8]"
20260817,14,9,4,50.8,"[[""4-1-3"", 0.0626], [""4-3-1"", 0.0558], [""4-1-2"", 0.0454], [""4-3-2"", 0.033], [""4-1-6"", 0.0213], [""4-3-6"", 0.0155]]",3,32.8,"[[""3-4-1"", 0.0439], [""3-4-2"", 0.0259], [""3-4-6"", 0.0122]]","[[""1-4-3"", 0.0523], [""1-3-4"", 0.036], [""3-1-4"", 0.0339], [""1-4-2"", 0.0379]]",,,False,False,0.7866,強,"{""逃げ"": 60.6, ""まくり差し"": 11.4, ""まくり"": 11.4, ""差し"": 9.8, ""抜き"": 6.2, ""恵まれ"": 0.5}","[""0〜600円"", ""600〜750円"", ""750〜900円"", ""900〜1050円"", ""1050〜1220円"", ""1220〜1410円"", ""1410〜1640円"", ""1640〜1890円"", ""1890〜2200円"", ""2200〜2560円"", ""2560〜3020円"", ""3020〜3580円"", ""3580〜4290円"", ""4290〜5220円"", ""5220〜6490円"", ""6490〜8310円"", ""8310〜11220円"", ""11220〜16240円"", ""16240〜28268円"", ""28268円〜""]","[5.0, 5.8, 4.9, 5.2, 5.8, 4.9, 5.2, 5.2, 4.3, 5.5, 4.3, 4.1, 4.3, 4.3, 5.1, 4.3, 5.2, 5.0, 6.0, 5.8]","[0.0, 0.8, -0.1, 0.2, 0.8, -0.1, 0.2, 0.2, -0.7, 0.5, -0.7, -0.9, -0.7, -0.7, 0.1, -0.7, 0.2, -0.0, 1.0, 0.8]"
20260817,14,10,5,58.5,"[[""5-3-1"", 0.0348], [""5-3-4"", 0.0403], [""5-3-2"", 0.0375]]",3,26.9,"[[""3-5-1"", 0.0323], [""3-5-4"", 0.0374], [""3-5-2"", 0.0348]]","[[""5-1-3"", 0.0259], [""5-4-3"", 0.0294], [""3-1-5"", 0.0219], [""5-2-3"", 0.027]]",3-5,0.253,False,False,0.7866,強,"{""逃げ"": 60.6, ""まくり差し"": 11.4, ""まくり"": 11.4, ""差し"": 9.8, ""抜き"": 6.2, ""恵まれ"": 0.5}","[""0〜600円"", ""600〜750円"", ""750〜900円"", ""900〜1050円"", ""1050〜1220円"", ""1220〜1410円"", ""1410〜1640円"", ""1640〜1890円"", ""1890〜2200円"", ""2200〜2560円"", ""2560〜3020円"", ""3020〜3580円"", ""3580〜4290円"", ""4290〜5220円"", ""5220〜6490円"", ""6490〜8310円"", ""8310〜11220円"", ""11220〜16240円"", ""16240〜28268円"", ""28268円〜""]","[5.0, 5.8, 4.9, 5.2, 5.8, 4.9, 5.2, 5.2, 4.3, 5.5, 4.3, 4.1, 4.3, 4.3, 5.1, 4.3, 5.2, 5.0, 6.0, 5.8]","[0.0, 0.8, -0.1, 0.2, 0.8, -0.1, 0.2, 0.2, -0.7, 0.5, -0.7, -0.9, -0.7, -0.7, 0.1, -0.7, 0.2, -0.0, 1.0, 0.8]"
20260817,14,11,1,60.2,"[[""1-2-4"", 0.0928], [""1-2-5"", 0.0414], [""1-2-6"", 0.0316], [""1-2-3"", 0.031]]",2,22.5,"[[""2-1-4"", 0.0796], [""2-1-5"", 0.0355], [""2-1-6"", 0.0271], [""2-1-3"", 0.0266]]","[[""1-4-2"", 0.0569], [""2-4-1"", 0.04], [""4-1-2"", 0.039], [""4-2-1"", 0.032]]",1-2,0.4124,False,False,0.7866,中,"{""逃げ"": 45.4, ""まくり"": 18.2, ""まくり差し"": 13.6, ""差し"": 13.7, ""抜き"": 8.3, ""恵まれ"": 0.8}","[""0〜600円"", ""600〜750円"", ""750〜900円"", ""900〜1050円"", ""1050〜1220円"", ""1220〜1410円"", ""1410〜1640円"", ""1640〜1890円"", ""1890〜2200円"", ""2200〜2560円"", ""2560〜3020円"", ""3020〜3580円"", ""3580〜4290円"", ""4290〜5220円"", ""5220〜6490円"", ""6490〜8310円"", ""8310〜11220円"", ""11220〜16240円"", ""16240〜28268円"", ""28268円〜""]","[2.4, 4.0, 4.2, 4.3, 5.1, 3.6, 5.0, 4.6, 4.8, 4.2, 5.0, 4.7, 5.2, 5.2, 5.7, 5.8, 6.1, 7.2, 6.1, 6.7]","[-2.6, -1.0, -0.8, -0.7, 0.1, -1.4, -0.0, -0.4, -0.2, -0.8, -0.0, -0.3, 0.2, 0.2, 0.7, 0.8, 1.1, 2.2, 1.1, 1.7]"
20260817,14,12,1,61.7,"[[""1-2-4"", 0.0538], [""1-2-3"", 0.0673], [""1-2-6"", 0.062], [""1-4-2"", 0.0471], [""1-3-2"", 0.0587], [""1-6-2"", 0.053], [""1-4-3"", 0.0403], [""1-3-4"", 0.0401], [""1-4-6"", 0.0371]]",2,35.1,"[[""2-1-4"", 0.0161], [""2-1-3"", 0.0201], [""2-1-6"", 0.0185]]","[[""1-3-6"", 0.0363], [""1-6-4"", 0.0362], [""1-6-3"", 0.0356], [""1-2-5"", 0.0266]]",,,False,False,0.7866,強,"{""逃げ"": 60.6, ""まくり差し"": 11.4, ""まくり"": 11.4, ""差し"": 9.8, ""抜き"": 6.2, ""恵まれ"": 0.5}","[""0〜600円"", ""600〜750円"", ""750〜900円"", ""900〜1050円"", ""1050〜1220円"", ""1220〜1410円"", ""1410〜1640円"", ""1640〜1890円"", ""1890〜2200円"", ""2200〜2560円"", ""2560〜3020円"", ""3020〜3580円"", ""3580〜4290円"", ""4290〜5220円"", ""5220〜6490円"", ""6490〜8310円"", ""8310〜11220円"", ""11220〜16240円"", ""16240〜28268円"", ""28268円〜""]","[5.0, 5.8, 4.9, 5.2, 5.8, 4.9, 5.2, 5.2, 4.3, 5.5, 4.3, 4.1, 4.3, 4.3, 5.1, 4.3, 5.2, 5.0, 6.0, 5.8]","[0.0, 0.8, -0.1, 0.2, 0.8, -0.1, 0.2, 0.2, -0.7, 0.5, -0.7, -0.9, -0.7, -0.7, 0.1, -0.7, 0.2, -0.0, 1.0, 0.8]"
20260817,15,1,1,60.3,"[[""1-3-4"", 0.0659], [""1-4-3"", 0.0536], [""1-3-6"", 0.0603], [""1-6-3"", 0.0452], [""1-3-2"", 0.0445], [""1-3-5"", 0.0363], [""1-2-3"", 0.0317], [""1-4-6"", 0.0303], [""1-6-4"", 0.028]]",3,30.2,"[[""3-1-4"", 0.0312], [""3-1-6"", 0.0285], [""3-1-2"", 0.0211], [""3-1-5"", 0.0172]]","[[""4-1-3"", 0.0237], [""1-5-3"", 0.0252], [""1-4-2"", 0.0224], [""1-2-4"", 0.0196]]",,,False,False,0.7866,中,"{""逃げ"": 51.1, ""差し"": 15.3, ""まくり"": 13.1, ""まくり差し"": 13.8, ""抜き"": 5.8, ""恵まれ"": 0.9}","[""0〜600円"", ""600〜750円"", ""750〜900円"", ""900〜1050円"", ""1050〜1220円"", ""1220〜1410円"", ""1410〜1640円"", ""1640〜1890円"", ""1890〜2200円"", ""2200〜2560円"", ""2560〜3020円"", ""3020〜3580円"", ""3580〜4290円"", ""4290〜5220円"", ""5220〜6490円"", ""6490〜8310円"", ""8310〜11220円"", ""11220〜16240円"", ""16240〜28268円"", ""28268円〜""]","[4.9, 5.0, 4.3, 4.3, 4.7, 5.6, 5.6, 5.0, 5.2, 4.6, 5.5, 5.1, 5.6, 4.6, 4.9, 4.9, 4.8, 5.2, 5.5, 4.6]","[-0.1, 0.0, -0.7, -0.7, -0.3, 0.6, 0.6, 0.0, 0.2, -0.4, 0.5, 0.1, 0.6, -0.4, -0.1, -0.1, -0.2, 0.2, 0.5, -0.4]"
20260817,15,2,1,,"[[""1-2-4"", 0.027], [""1-2-3"", 0.0313], [""1-4-2"", 0.0215], [""1-2-6"", 0.0253], [""1-3-2"", 0.0243], [""1-6-2"", 0.0188], [""1-2-5"", 0.0152], [""1-4-3"", 0.0138], [""1-3-4"", 0.0135]]",2,24.7,"[[""2-1-4"", 0.0261], [""2-1-3"", 0.0302], [""2-4-1"", 0.0198], [""2-1-6"", 0.0244], [""2-3-1"", 0.0224], [""2-6-1"", 0.0174]]","[[""4-1-2"", 0.0179], [""4-2-1"", 0.0171], [""3-1-2"", 0.0199], [""3-2-1"", 0.0191]]",,,False,False,0.7866,弱,"{""逃げ"": 36.9, ""差し"": 20.8, ""まくり"": 18.5, ""まくり差し"": 15.7, ""抜き"": 6.6, ""恵まれ"": 1.4}","[""0〜600円"", ""600〜750円"", ""750〜900円"", ""900〜1050円"", ""1050〜1220円"", ""1220〜1410円"", ""1410〜1640円"", ""1640〜1890円"", ""1890〜2200円"", ""2200〜2560円"", ""2560〜3020円"", ""3020〜3580円"", ""3580〜4290円"", ""4290〜5220円"", ""5220〜6490円"", ""6490〜8310円"", ""8310〜11220円"", ""11220〜16240円"", ""16240〜28268円"", ""28268円〜""]","[0.5, 1.3, 2.8, 2.5, 3.4, 4.1, 4.8, 4.9, 6.0, 6.1, 5.7, 6.6, 5.6, 6.7, 7.1, 6.9, 6.8, 6.5, 6.8, 4.9]","[-4.5, -3.7, -2.2, -2.5, -1.6, -0.9, -0.2, -0.1, 1.0, 1.1, 0.7, 1.6, 0.6, 1.7, 2.1, 1.9, 1.8, 1.5, 1.8, -0.1]"
20260817,15,3,1,48.0,"[[""1-4-3"", 0.0446], [""1-3-4"", 0.0422], [""1-4-2"", 0.0313], [""1-4-6"", 0.0276], [""1-3-2"", 0.026], [""1-2-4"", 0.0252], [""1-3-6"", 0.0229], [""1-2-3"", 0.0221], [""1-6-4"", 0.0217]]",4,21.2,"[[""4-1-3"", 0.0313], [""4-1-2"", 0.022], [""4-1-6"", 0.0194], [""4-1-5"", 0.0149]]","[[""3-1-4"", 0.0288], [""4-3-1"", 0.0186], [""3-4-1"", 0.0181], [""1-4-5"", 0.0213]]",,,False,False,0.7866,中,"{""逃げ"": 51.1, ""差し"": 15.3, ""まくり"": 13.1, ""まくり差し"": 13.8, ""抜き"": 5.8, ""恵まれ"": 0.9}","[""0〜600円"", ""600〜750円"", ""750〜900円"", ""900〜1050円"", ""1050〜1220円"", ""1220〜1410円"", ""1410〜1640円"", ""1640〜1890円"", ""1890〜2200円"", ""2200〜2560円"", ""2560〜3020円"", ""3020〜3580円"", ""3580〜4290円"", ""4290〜5220円"", ""5220〜6490円"", ""6490〜8310円"", ""8310〜11220円"", ""11220〜16240円"", ""16240〜28268円"", ""28268円〜""]","[4.9, 5.0, 4.3, 4.3, 4.7, 5.6, 5.6, 5.0, 5.2, 4.6, 5.5, 5.1, 5.6, 4.6, 4.9, 4.9, 4.8, 5.2, 5.5, 4.6]","[-0.1, 0.0, -0.7, -0.7, -0.3, 0.6, 0.6, 0.0, 0.2, -0.4, 0.5, 0.1, 0.6, -0.4, -0.1, -0.1, -0.2, 0.2, 0.5, -0.4]"
20260817,15,4,1,60.4,"[[""1-2-3"", 0.0541], [""1-3-2"", 0.0477], [""1-2-5"", 0.0531], [""1-5-2"", 0.0438], [""1-3-5"", 0.0352], [""1-5-3"", 0.0329], [""1-2-6"", 0.0323], [""1-6-2"", 0.0241], [""1-3-6"", 0.0214]]",2,29.3,"[[""2-1-3"", 0.0356], [""2-1-5"", 0.0349], [""2-1-6"", 0.0212]]","[[""3-1-2"", 0.0297], [""5-1-2"", 0.0264], [""2-3-1"", 0.0184], [""3-1-5"", 0.0219]]",,,False,True,0.8218,中,"{""逃げ"": 51.1, ""差し"": 15.3, ""まくり"": 13.1, ""まくり差し"": 13.8, ""抜き"": 5.8, ""恵まれ"": 0.9}","[""0〜600円"", ""600〜750円"", ""750〜900円"", ""900〜1050円"", ""1050〜1220円"", ""1220〜1410円"", ""1410〜1640円"", ""1640〜1890円"", ""1890〜2200円"", ""2200〜2560円"", ""2560〜3020円"", ""3020〜3580円"", ""3580〜4290円"", ""4290〜5220円"", ""5220〜6490円"", ""6490〜8310円"", ""8310〜11220円"", ""11220〜16240円"", ""16240〜28268円"", ""28268円〜""]","[4.9, 5.0, 4.3, 4.3, 4.7, 5.6, 5.6, 5.0, 5.2, 4.6, 5.5, 5.1, 5.6, 4.6, 4.9, 4.9, 4.8, 5.2, 5.5, 4.6]","[-0.1, 0.0, -0.7, -0.7, -0.3, 0.6, 0.6, 0.0, 0.2, -0.4, 0.5, 0.1, 0.6, -0.4, -0.1, -0.1, -0.2, 0.2, 0.5, -0.4]"
20260817,15,5,1,56.0,"[[""1-2-5"", 0.0234], [""1-2-3"", 0.0294], [""1-5-2"", 0.0215], [""1-3-2"", 0.0269], [""1-2-6"", 0.0245], [""1-2-4"", 0.0229], [""1-6-2"", 0.0215], [""1-5-3"", 0.0204], [""1-3-5"", 0.0203]]",5,29.4,"[[""5-1-2"", 0.0148], [""5-1-3"", 0.0141], [""5-1-6"", 0.0117], [""5-1-4"", 0.011]]","[[""2-1-5"", 0.0169], [""2-1-3"", 0.0213], [""1-4-2"", 0.0198], [""3-1-2"", 0.0185]]",,,False,False,0.7866,弱,"{""逃げ"": 36.9, ""差し"": 20.8, ""まくり"": 18.5, ""まくり差し"": 15.7, ""抜き"": 6.6, ""恵まれ"": 1.4}","[""0〜600円"", ""600〜750円"", ""750〜900円"", ""900〜1050円"", ""1050〜1220円"", ""1220〜1410円"", ""1410〜1640円"", ""1640〜1890円"", ""1890〜2200円"", ""2200〜2560円"", ""2560〜3020円"", ""3020〜3580円"", ""3580〜4290円"", ""4290〜5220円"", ""5220〜6490円"", ""6490〜8310円"", ""8310〜11220円"", ""11220〜16240円"", ""16240〜28268円"", ""28268円〜""]","[0.5, 1.3, 2.8, 2.5, 3.4, 4.1, 4.8, 4.9, 6.0, 6.1, 5.7, 6.6, 5.6, 6.7, 7.1, 6.9, 6.8, 6.5, 6.8, 4.9]","[-4.5, -3.7, -2.2, -2.5, -1.6, -0.9, -0.2, -0.1, 1.0, 1.1, 0.7, 1.6, 0.6, 1.7, 2.1, 1.9, 1.8, 1.5, 1.8, -0.1]"
20260817,15,6,1,64.3,"[[""1-3-5"", 0.1357], [""1-3-2"", 0.1044], [""1-3-4"", 0.0529], [""1-3-6"", 0.0194]]",3,12.1,"[[""3-1-5"", 0.0777], [""3-1-2"", 0.0598], [""3-1-4"", 0.0303], [""3-1-6"", 0.0111]]","[[""1-5-3"", 0.0662], [""1-2-3"", 0.0465], [""5-1-3"", 0.0306], [""3-5-1"", 0.0197]]",1-3,0.5491,True,False,0.7866,強,"{""逃げ"": 68.1, ""まくり差し"": 10.1, ""差し"": 8.7, ""まくり"": 8.2, ""抜き"": 4.4, ""恵まれ"": 0.6}","[""0〜600円"", ""600〜750円"", ""750〜900円"", ""900〜1050円"", ""1050〜1220円"", ""1220〜1410円"", ""1410〜1640円"", ""1640〜1890円"", ""1890〜2200円"", ""2200〜2560円"", ""2560〜3020円"", ""3020〜3580円"", ""3580〜4290円"", ""4290〜5220円"", ""5220〜6490円"", ""6490〜8310円"", ""8310〜11220円"", ""11220〜16240円"", ""16240〜28268円"", ""28268円〜""]","[9.8, 8.2, 6.6, 5.9, 5.4, 5.3, 4.4, 5.5, 4.0, 4.7, 3.8, 4.1, 4.0, 3.5, 3.5, 4.2, 3.6, 4.1, 3.9, 5.5]","[4.8, 3.2, 1.6, 0.9, 0.4, 0.3, -0.6, 0.5, -1.0, -0.3, -1.2, -0.9, -1.0, -1.5, -1.5, -0.8, -1.4, -0.9, -1.1, 0.5]"
20260817,15,7,1,58.3,"[[""1-3-5"", 0.0955], [""1-3-2"", 0.0531], [""1-3-4"", 0.0349], [""1-3-6"", 0.0118]]",3,28.6,"[[""3-1-5"", 0.0657], [""3-1-2"", 0.0365], [""3-1-4"", 0.024]]","[[""1-5-3"", 0.0729], [""5-1-3"", 0.0449], [""3-5-1"", 0.0305], [""5-3-1"", 0.0273]]",1-3,0.3733,False,False,0.7866,中,"{""逃げ"": 51.1, ""差し"": 15.3, ""まくり"": 13.1, ""まくり差し"": 13.8, ""抜き"": 5.8, ""恵まれ"": 0.9}","[""0〜600円"", ""600〜750円"", ""750〜900円"", ""900〜1050円"", ""1050〜1220円"", ""1220〜1410円"", ""1410〜1640円"", ""1640〜1890円"", ""1890〜2200円"", ""2200〜2560円"", ""2560〜3020円"", ""3020〜3580円"", ""3580〜4290円"", ""4290〜5220円"", ""5220〜6490円"", ""6490〜8310円"", ""8310〜11220円"", ""11220〜16240円"", ""16240〜28268円"", ""28268円〜""]","[4.9, 5.0, 4.3, 4.3, 4.7, 5.6, 5.6, 5.0, 5.2, 4.6, 5.5, 5.1, 5.6, 4.6, 4.9, 4.9, 4.8, 5.2, 5.5, 4.6]","[-0.1, 0.0, -0.7, -0.7, -0.3, 0.6, 0.6, 0.0, 0.2, -0.4, 0.5, 0.1, 0.6, -0.4, -0.1, -0.1, -0.2, 0.2, 0.5, -0.4]"
20260817,15,8,1,55.4,"[[""1-2-4"", 0.1456], [""1-4-2"", 0.1299], [""1-2-3"", 0.0781], [""1-4-3"", 0.0568], [""1-2-5"", 0.0443], [""1-4-5"", 0.0322], [""1-2-6"", 0.0314], [""1-4-6"", 0.0229]]",2,25.0,"[[""2-1-4"", 0.0257], [""2-1-3"", 0.0138]]","[[""1-3-2"", 0.055], [""1-3-4"", 0.0449], [""1-5-2"", 0.0291], [""4-1-2"", 0.0226]]",,,False,True,0.8218,強,"{""逃げ"": 68.1, ""まくり差し"": 10.1, ""差し"": 8.7, ""まくり"": 8.2, ""抜き"": 4.4, ""恵まれ"": 0.6}","[""0〜600円"", ""600〜750円"", ""750〜900円"", ""900〜1050円"", ""1050〜1220円"", ""1220〜1410円"", ""1410〜1640円"", ""1640〜1890円"", ""1890〜2200円"", ""2200〜2560円"", ""2560〜3020円"", ""3020〜3580円"", ""3580〜4290円"", ""4290〜5220円"", ""5220〜6490円"", ""6490〜8310円"", ""8310〜11220円"", ""11220〜16240円"", ""16240〜28268円"", ""28268円〜""]","[9.8, 8.2, 6.6, 5.9, 5.4, 5.3, 4.4, 5.5, 4.0, 4.7, 3.8, 4.1, 4.0, 3.5, 3.5, 4.2, 3.6, 4.1, 3.9, 5.5]","[4.8, 3.2, 1.6, 0.9, 0.4, 0.3, -0.6, 0.5, -1.0, -0.3, -1.2, -0.9, -1.0, -1.5, -1.5, -0.8, -1.4, -0.9, -1.1, 0.5]"
20260817,15,9,1,57.6,"[[""1-2-4"", 0.0709], [""1-2-6"", 0.0884], [""1-2-5"", 0.0851], [""1-2-3"", 0.0718]]",2,26.4,"[[""2-1-4"", 0.024], [""2-1-6"", 0.0299], [""2-1-5"", 0.0288], [""2-1-3"", 0.0243]]","[[""1-4-2"", 0.0435], [""1-6-2"", 0.0541], [""1-5-2"", 0.0517], [""1-3-2"", 0.0426]]",1-2,0.4489,False,False,0.7866,強,"{""逃げ"": 68.1, ""まくり差し"": 10.1, ""差し"": 8.7, ""まくり"": 8.2, ""抜き"": 4.4, ""恵まれ"": 0.6}","[""0〜600円"", ""600〜750円"", ""750〜900円"", ""900〜1050円"", ""1050〜1220円"", ""1220〜1410円"", ""1410〜1640円"", ""1640〜1890円"", ""1890〜2200円"", ""2200〜2560円"", ""2560〜3020円"", ""3020〜3580円"", ""3580〜4290円"", ""4290〜5220円"", ""5220〜6490円"", ""6490〜8310円"", ""8310〜11220円"", ""11220〜16240円"", ""16240〜28268円"", ""28268円〜""]","[9.8, 8.2, 6.6, 5.9, 5.4, 5.3, 4.4, 5.5, 4.0, 4.7, 3.8, 4.1, 4.0, 3.5, 3.5, 4.2, 3.6, 4.1, 3.9, 5.5]","[4.8, 3.2, 1.6, 0.9, 0.4, 0.3, -0.6, 0.5, -1.0, -0.3, -1.2, -0.9, -1.0, -1.5, -1.5, -0.8, -1.4, -0.9, -1.1, 0.5]"
20260817,15,10,1,40.6,"[[""1-3-4"", 0.0715], [""1-3-2"", 0.09], [""1-4-3"", 0.0662], [""1-2-3"", 0.083], [""1-4-2"", 0.0685], [""1-2-4"", 0.0682], [""1-3-5"", 0.0394], [""1-5-3"", 0.0306], [""1-4-5"", 0.03]]",4,21.1,"[[""4-1-3"", 0.0151], [""4-1-2"", 0.0156]]","[[""1-2-5"", 0.0296], [""1-5-4"", 0.0251], [""1-5-2"", 0.0249], [""1-3-6"", 0.0241]]",,,False,False,0.7866,強,"{""逃げ"": 68.1, ""まくり差し"": 10.1, ""差し"": 8.7, ""まくり"": 8.2, ""抜き"": 4.4, ""恵まれ"": 0.6}","[""0〜600円"", ""600〜750円"", ""750〜900円"", ""900〜1050円"", ""1050〜1220円"", ""1220〜1410円"", ""1410〜1640円"", ""1640〜1890円"", ""1890〜2200円"", ""2200〜2560円"", ""2560〜3020円"", ""3020〜3580円"", ""3580〜4290円"", ""4290〜5220円"", ""5220〜6490円"", ""6490〜8310円"", ""8310〜11220円"", ""11220〜16240円"", ""16240〜28268円"", ""28268円〜""]","[9.8, 8.2, 6.6, 5.9, 5.4, 5.3, 4.4, 5.5, 4.0, 4.7, 3.8, 4.1, 4.0, 3.5, 3.5, 4.2, 3.6, 4.1, 3.9, 5.5]","[4.8, 3.2, 1.6, 0.9, 0.4, 0.3, -0.6, 0.5, -1.0, -0.3, -1.2, -0.9, -1.0, -1.5, -1.5, -0.8, -1.4, -0.9, -1.1, 0.5]"
20260817,15,11,1,55.7,"[[""1-2-3"", 0.099], [""1-2-4"", 0.1015], [""1-2-5"", 0.034], [""1-2-6"", 0.0217]]",2,35.8,"[[""2-1-3"", 0.0481], [""2-1-4"", 0.0493], [""2-1-5"", 0.0165], [""2-1-6"", 0.0105]]","[[""1-3-2"", 0.0697], [""1-4-2"", 0.0682], [""3-1-2"", 0.0305], [""1-3-4"", 0.0364]]",1-2,0.4124,False,True,0.8218,強,"{""逃げ"": 68.1, ""まくり差し"": 10.1, ""差し"": 8.7, ""まくり"": 8.2, ""抜き"": 4.4, ""恵まれ"": 0.6}","[""0〜600円"", ""600〜750円"", ""750〜900円"", ""900〜1050円"", ""1050〜1220円"", ""1220〜1410円"", ""1410〜1640円"", ""1640〜1890円"", ""1890〜2200円"", ""2200〜2560円"", ""2560〜3020円"", ""3020〜3580円"", ""3580〜4290円"", ""4290〜5220円"", ""5220〜6490円"", ""6490〜8310円"", ""8310〜11220円"", ""11220〜16240円"", ""16240〜28268円"", ""28268円〜""]","[9.8, 8.2, 6.6, 5.9, 5.4, 5.3, 4.4, 5.5, 4.0, 4.7, 3.8, 4.1, 4.0, 3.5, 3.5, 4.2, 3.6, 4.1, 3.9, 5.5]","[4.8, 3.2, 1.6, 0.9, 0.4, 0.3, -0.6, 0.5, -1.0, -0.3, -1.2, -0.9, -1.0, -1.5, -1.5, -0.8, -1.4, -0.9, -1.1, 0.5]"
20260817,15,12,1,55.1,"[[""1-2-4"", 0.0468], [""1-2-5"", 0.0592], [""1-4-2"", 0.0406], [""1-5-2"", 0.0513], [""1-2-3"", 0.0443], [""1-3-2"", 0.036], [""1-4-5"", 0.0343], [""1-5-4"", 0.0342], [""1-2-6"", 0.0294]]",2,27.9,"[[""2-1-4"", 0.021], [""2-1-5"", 0.0265], [""2-1-3"", 0.0198], [""2-1-6"", 0.0132]]","[[""1-4-3"", 0.0256], [""1-5-3"", 0.0255], [""1-3-4"", 0.024], [""1-3-5"", 0.0239]]",,,False,False,0.7866,強,"{""逃げ"": 68.1, ""まくり差し"": 10.1, ""差し"": 8.7, ""まくり"": 8.2, ""抜き"": 4.4, ""恵まれ"": 0.6}","[""0〜600円"", ""600〜750円"", ""750〜900円"", ""900〜1050円"", ""1050〜1220円"", ""1220〜1410円"", ""1410〜1640円"", ""1640〜1890円"", ""1890〜2200円"", ""2200〜2560円"", ""2560〜3020円"", ""3020〜3580円"", ""3580〜4290円"", ""4290〜5220円"", ""5220〜6490円"", ""6490〜8310円"", ""8310〜11220円"", ""11220〜16240円"", ""16240〜28268円"", ""28268円〜""]","[9.8, 8.2, 6.6, 5.9, 5.4, 5.3, 4.4, 5.5, 4.0, 4.7, 3.8, 4.1, 4.0, 3.5, 3.5, 4.2, 3.6, 4.1, 3.9, 5.5]","[4.8, 3.2, 1.6, 0.9, 0.4, 0.3, -0.6, 0.5, -1.0, -0.3, -1.2, -0.9, -1.0, -1.5, -1.5, -0.8, -1.4, -0.9, -1.1, 0.5]"
20260817,17,1,1,55.6,"[[""1-2-3"", 0.1619], [""1-2-5"", 0.0753], [""1-2-4"", 0.0629], [""1-2-6"", 0.0333]]",2,31.1,"[[""2-1-3"", 0.0205]]","[[""1-3-2"", 0.1366], [""1-5-2"", 0.0497], [""1-3-5"", 0.0472], [""1-4-2"", 0.0406]]",1-2,0.4151,False,True,0.8218,強,"{""逃げ"": 67.1, ""まくり"": 11.3, ""まくり差し"": 9.7, ""差し"": 6.4, ""抜き"": 4.8, ""恵まれ"": 0.7}","[""0〜600円"", ""600〜750円"", ""750〜900円"", ""900〜1050円"", ""1050〜1220円"", ""1220〜1410円"", ""1410〜1640円"", ""1640〜1890円"", ""1890〜2200円"", ""2200〜2560円"", ""2560〜3020円"", ""3020〜3580円"", ""3580〜4290円"", ""4290〜5220円"", ""5220〜6490円"", ""6490〜8310円"", ""8310〜11220円"", ""11220〜16240円"", ""16240〜28268円"", ""28268円〜""]","[7.2, 7.4, 7.5, 5.4, 6.1, 4.9, 5.3, 5.0, 5.0, 4.7, 3.8, 4.5, 3.2, 4.2, 3.7, 3.6, 3.6, 4.0, 4.8, 6.1]","[2.2, 2.4, 2.5, 0.4, 1.1, -0.1, 0.3, -0.0, 0.0, -0.3, -1.2, -0.5, -1.8, -0.8, -1.3, -1.4, -1.4, -1.0, -0.2, 1.1]"
20260817,17,2,1,57.5,"[[""1-2-4"", 0.104], [""1-4-2"", 0.0957], [""1-2-6"", 0.0603], [""1-2-3"", 0.0539], [""1-4-6"", 0.0467], [""1-4-3"", 0.0417], [""1-2-5"", 0.0411], [""1-4-5"", 0.0318]]",4,26.3,"[[""4-1-2"", 0.0189]]","[[""1-6-2"", 0.0451], [""1-3-2"", 0.0397], [""1-6-4"", 0.038], [""1-3-4"", 0.0334]]",,,False,False,0.7866,強,"{""逃げ"": 67.1, ""まくり"": 11.3, ""まくり差し"": 9.7, ""差し"": 6.4, ""抜き"": 4.8, ""恵まれ"": 0.7}","[""0〜600円"", ""600〜750円"", ""750〜900円"", ""900〜1050円"", ""1050〜1220円"", ""1220〜1410円"", ""1410〜1640円"", ""1640〜1890円"", ""1890〜2200円"", ""2200〜2560円"", ""2560〜3020円"", ""3020〜3580円"", ""3580〜4290円"", ""4290〜5220円"", ""5220〜6490円"", ""6490〜8310円"", ""8310〜11220円"", ""11220〜16240円"", ""16240〜28268円"", ""28268円〜""]","[7.2, 7.4, 7.5, 5.4, 6.1, 4.9, 5.3, 5.0, 5.0, 4.7, 3.8, 4.5, 3.2, 4.2, 3.7, 3.6, 3.6, 4.0, 4.8, 6.1]","[2.2, 2.4, 2.5, 0.4, 1.1, -0.1, 0.3, -0.0, 0.0, -0.3, -1.2, -0.5, -1.8, -0.8, -1.3, -1.4, -1.4, -1.0, -0.2, 1.1]"
20260817,17,3,1,53.4,"[[""1-3-2"", 0.0517], [""1-2-3"", 0.045], [""1-3-6"", 0.0515], [""1-6-3"", 0.0423], [""1-3-4"", 0.0334], [""1-2-6"", 0.0321], [""1-6-2"", 0.0303], [""1-4-3"", 0.0252], [""1-2-4"", 0.0208]]",3,21.5,"[[""3-1-2"", 0.0324], [""3-1-6"", 0.0323], [""3-1-4"", 0.0209], [""3-1-5"", 0.012]]","[[""2-1-3"", 0.0266], [""6-1-3"", 0.0243], [""3-2-1"", 0.0158], [""1-3-5"", 0.0191]]",,,False,True,0.8218,強,"{""逃げ"": 67.1, ""まくり"": 11.3, ""まくり差し"": 9.7, ""差し"": 6.4, ""抜き"": 4.8, ""恵まれ"": 0.7}","[""0〜600円"", ""600〜750円"", ""750〜900円"", ""900〜1050円"", ""1050〜1220円"", ""1220〜1410円"", ""1410〜1640円"", ""1640〜1890円"", ""1890〜2200円"", ""2200〜2560円"", ""2560〜3020円"", ""3020〜3580円"", ""3580〜4290円"", ""4290〜5220円"", ""5220〜6490円"", ""6490〜8310円"", ""8310〜11220円"", ""11220〜16240円"", ""16240〜28268円"", ""28268円〜""]","[7.2, 7.4, 7.5, 5.4, 6.1, 4.9, 5.3, 5.0, 5.0, 4.7, 3.8, 4.5, 3.2, 4.2, 3.7, 3.6, 3.6, 4.0, 4.8, 6.1]","[2.2, 2.4, 2.5, 0.4, 1.1, -0.1, 0.3, -0.0, 0.0, -0.3, -1.2, -0.5, -1.8, -0.8, -1.3, -1.4, -1.4, -1.0, -0.2, 1.1]"
20260817,17,4,1,51.9,"[[""1-3-4"", 0.0253], [""1-3-2"", 0.0318], [""1-4-3"", 0.0213], [""1-2-3"", 0.0267], [""1-3-5"", 0.0253], [""1-5-3"", 0.0202], [""1-4-2"", 0.0172], [""1-2-4"", 0.0171], [""1-4-5"", 0.0137]]",4,28.6,"[[""4-1-3"", 0.018], [""4-3-1"", 0.0168], [""4-1-2"", 0.0145], [""4-2-1"", 0.0118], [""4-1-5"", 0.0116], [""4-3-2"", 0.0115]]","[[""3-1-4"", 0.0239], [""3-1-2"", 0.03], [""3-1-5"", 0.0239], [""3-4-1"", 0.0187]]",,,False,False,0.7866,弱,"{""逃げ"": 35.4, ""まくり"": 25.0, ""差し"": 17.7, ""まくり差し"": 13.6, ""抜き"": 7.8, ""恵まれ"": 0.5}","[""0〜600円"", ""600〜750円"", ""750〜900円"", ""900〜1050円"", ""1050〜1220円"", ""1220〜1410円"", ""1410〜1640円"", ""1640〜1890円"", ""1890〜2200円"", ""2200〜2560円"", ""2560〜3020円"", ""3020〜3580円"", ""3580〜4290円"", ""4290〜5220円"", ""5220〜6490円"", ""6490〜8310円"", ""8310〜11220円"", ""11220〜16240円"", ""16240〜28268円"", ""28268円〜""]","[1.2, 2.2, 3.7, 3.9, 4.2, 4.5, 4.6, 5.0, 5.9, 6.3, 5.5, 5.5, 5.4, 6.6, 5.9, 5.3, 6.3, 7.2, 5.9, 4.9]","[-3.8, -2.8, -1.3, -1.1, -0.8, -0.5, -0.4, 0.0, 0.9, 1.3, 0.5, 0.5, 0.4, 1.6, 0.9, 0.3, 1.3, 2.2, 0.9, -0.1]"
20260817,17,5,1,55.4,"[[""1-4-2"", 0.0823], [""1-2-4"", 0.0787], [""1-4-3"", 0.0978], [""1-3-4"", 0.0912], [""1-2-3"", 0.0837], [""1-3-2"", 0.0817], [""1-4-6"", 0.0358], [""1-2-6"", 0.0307], [""1-3-6"", 0.028]]",3,39.7,"[[""3-1-4"", 0.0127], [""3-1-2"", 0.0114]]","[[""1-6-4"", 0.0275], [""1-4-5"", 0.0266], [""1-6-2"", 0.0246], [""1-6-3"", 0.023]]",,,False,False,0.7866,強,"{""逃げ"": 67.1, ""まくり"": 11.3, ""まくり差し"": 9.7, ""差し"": 6.4, ""抜き"": 4.8, ""恵まれ"": 0.7}","[""0〜600円"", ""600〜750円"", ""750〜900円"", ""900〜1050円"", ""1050〜1220円"", ""1220〜1410円"", ""1410〜1640円"", ""1640〜1890円"", ""1890〜2200円"", ""2200〜2560円"", ""2560〜3020円"", ""3020〜3580円"", ""3580〜4290円"", ""4290〜5220円"", ""5220〜6490円"", ""6490〜8310円"", ""8310〜11220円"", ""11220〜16240円"", ""16240〜28268円"", ""28268円〜""]","[7.2, 7.4, 7.5, 5.4, 6.1, 4.9, 5.3, 5.0, 5.0, 4.7, 3.8, 4.5, 3.2, 4.2, 3.7, 3.6, 3.6, 4.0, 4.8, 6.1]","[2.2, 2.4, 2.5, 0.4, 1.1, -0.1, 0.3, -0.0, 0.0, -0.3, -1.2, -0.5, -1.8, -0.8, -1.3, -1.4, -1.4, -1.0, -0.2, 1.1]"
20260817,17,6,1,46.3,"[[""1-3-4"", 0.0255], [""1-4-3"", 0.0247], [""1-3-5"", 0.0309], [""1-5-3"", 0.0294], [""1-4-5"", 0.0278], [""1-5-4"", 0.0273], [""1-3-2"", 0.0145], [""1-4-2"", 0.013], [""1-5-2"", 0.0122]]",4,31.2,"[[""4-1-3"", 0.0231], [""4-3-1"", 0.0217], [""4-1-5"", 0.026], [""4-5-1"", 0.0233], [""4-3-5"", 0.0212], [""4-5-3"", 0.0203]]","[[""3-1-4"", 0.0244], [""3-1-5"", 0.0296], [""3-4-1"", 0.0222], [""5-1-3"", 0.0272]]",,,False,False,0.7866,弱,"{""逃げ"": 35.4, ""まくり"": 25.0, ""差し"": 17.7, ""まくり差し"": 13.6, ""抜き"": 7.8, ""恵まれ"": 0.5}","[""0〜600円"", ""600〜750円"", ""750〜900円"", ""900〜1050円"", ""1050〜1220円"", ""1220〜1410円"", ""1410〜1640円"", ""1640〜1890円"", ""1890〜2200円"", ""2200〜2560円"", ""2560〜3020円"", ""3020〜3580円"", ""3580〜4290円"", ""4290〜5220円"", ""5220〜6490円"", ""6490〜8310円"", ""8310〜11220円"", ""11220〜16240円"", ""16240〜28268円"", ""28268円〜""]","[1.2, 2.2, 3.7, 3.9, 4.2, 4.5, 4.6, 5.0, 5.9, 6.3, 5.5, 5.5, 5.4, 6.6, 5.9, 5.3, 6.3, 7.2, 5.9, 4.9]","[-3.8, -2.8, -1.3, -1.1, -0.8, -0.5, -0.4, 0.0, 0.9, 1.3, 0.5, 0.5, 0.4, 1.6, 0.9, 0.3, 1.3, 2.2, 0.9, -0.1]"
20260817,17,7,2,56.5,"[[""2-5-4"", 0.0312], [""2-4-5"", 0.0305], [""2-5-1"", 0.0346], [""2-1-5"", 0.0324], [""2-4-1"", 0.0318], [""2-5-3"", 0.0314], [""2-1-4"", 0.0304], [""2-4-3"", 0.0289], [""2-3-5"", 0.0287]]",4,29.9,"[[""4-2-5"", 0.0213], [""4-2-1"", 0.0222], [""4-2-3"", 0.0202]]","[[""5-2-4"", 0.0221], [""2-3-4"", 0.027], [""5-2-1"", 0.0244], [""2-1-3"", 0.0241]]",,,False,False,0.7866,強,"{""逃げ"": 67.1, ""まくり"": 11.3, ""まくり差し"": 9.7, ""差し"": 6.4, ""抜き"": 4.8, ""恵まれ"": 0.7}","[""0〜600円"", ""600〜750円"", ""750〜900円"", ""900〜1050円"", ""1050〜1220円"", ""1220〜1410円"", ""1410〜1640円"", ""1640〜1890円"", ""1890〜2200円"", ""2200〜2560円"", ""2560〜3020円"", ""3020〜3580円"", ""3580〜4290円"", ""4290〜5220円"", ""5220〜6490円"", ""6490〜8310円"", ""8310〜11220円"", ""11220〜16240円"", ""16240〜28268円"", ""28268円〜""]","[7.2, 7.4, 7.5, 5.4, 6.1, 4.9, 5.3, 5.0, 5.0, 4.7, 3.8, 4.5, 3.2, 4.2, 3.7, 3.6, 3.6, 4.0, 4.8, 6.1]","[2.2, 2.4, 2.5, 0.4, 1.1, -0.1, 0.3, -0.0, 0.0, -0.3, -1.2, -0.5, -1.8, -0.8, -1.3, -1.4, -1.4, -1.0, -0.2, 1.1]"
20260817,17,8,2,61.4,"[[""2-1-3"", 0.0958], [""2-1-5"", 0.0245], [""2-1-4"", 0.0146]]",1,30.5,"[[""1-2-3"", 0.0883], [""1-2-5"", 0.0226], [""1-2-4"", 0.0135]]","[[""2-3-1"", 0.0825], [""3-2-1"", 0.0705], [""1-3-2"", 0.067], [""3-1-2"", 0.062]]",1-2,0.3168,False,True,0.8218,強,"{""逃げ"": 67.1, ""まくり"": 11.3, ""まくり差し"": 9.7, ""差し"": 6.4, ""抜き"": 4.8, ""恵まれ"": 0.7}","[""0〜600円"", ""600〜750円"", ""750〜900円"", ""900〜1050円"", ""1050〜1220円"", ""1220〜1410円"", ""1410〜1640円"", ""1640〜1890円"", ""1890〜2200円"", ""2200〜2560円"", ""2560〜3020円"", ""3020〜3580円"", ""3580〜4290円"", ""4290〜5220円"", ""5220〜6490円"", ""6490〜8310円"", ""8310〜11220円"", ""11220〜16240円"", ""16240〜28268円"", ""28268円〜""]","[7.2, 7.4, 7.5, 5.4, 6.1, 4.9, 5.3, 5.0, 5.0, 4.7, 3.8, 4.5, 3.2, 4.2, 3.7, 3.6, 3.6, 4.0, 4.8, 6.1]","[2.2, 2.4, 2.5, 0.4, 1.1, -0.1, 0.3, -0.0, 0.0, -0.3, -1.2, -0.5, -1.8, -0.8, -1.3, -1.4, -1.4, -1.0, -0.2, 1.1]"
20260817,17,9,1,62.9,"[[""1-3-5"", 0.0482], [""1-3-4"", 0.0579], [""1-5-3"", 0.0405], [""1-4-3"", 0.048], [""1-3-2"", 0.0437], [""1-3-6"", 0.0406], [""1-2-3"", 0.0343], [""1-6-3"", 0.0315], [""1-5-4"", 0.0299]]",3,40.7,"[[""3-1-5"", 0.021], [""3-1-4"", 0.0252], [""3-1-2"", 0.0191], [""3-1-6"", 0.0177]]","[[""1-4-5"", 0.0295], [""1-5-2"", 0.0226], [""5-1-3"", 0.0167], [""1-2-5"", 0.0211]]",,,False,False,0.7866,中,"{""逃げ"": 53.3, ""まくり"": 16.6, ""まくり差し"": 13.2, ""差し"": 10.3, ""抜き"": 5.7, ""恵まれ"": 0.8}","[""0〜600円"", ""600〜750円"", ""750〜900円"", ""900〜1050円"", ""1050〜1220円"", ""1220〜1410円"", ""1410〜1640円"", ""1640〜1890円"", ""1890〜2200円"", ""2200〜2560円"", ""2560〜3020円"", ""3020〜3580円"", ""3580〜4290円"", ""4290〜5220円"", ""5220〜6490円"", ""6490〜8310円"", ""8310〜11220円"", ""11220〜16240円"", ""16240〜28268円"", ""28268円〜""]","[3.7, 5.6, 6.0, 4.8, 5.4, 5.7, 5.2, 4.4, 4.5, 4.6, 4.8, 5.1, 4.9, 5.1, 4.6, 5.6, 4.2, 4.3, 5.5, 6.0]","[-1.3, 0.6, 1.0, -0.2, 0.4, 0.7, 0.2, -0.6, -0.5, -0.4, -0.2, 0.1, -0.1, 0.1, -0.4, 0.6, -0.8, -0.7, 0.5, 1.0]"
20260817,17,10,1,67.4,"[[""1-3-2"", 0.0644], [""1-2-3"", 0.0567], [""1-3-5"", 0.0466], [""1-2-5"", 0.032], [""1-3-4"", 0.0258], [""1-2-4"", 0.0177], [""1-3-6"", 0.0143]]",2,28.6,"[[""2-1-3"", 0.0384], [""2-1-5"", 0.0217], [""2-1-4"", 0.012]]","[[""3-1-2"", 0.0462], [""1-5-3"", 0.0351], [""3-1-5"", 0.0334], [""3-2-1"", 0.0261]]",,,False,True,0.8218,中,"{""逃げ"": 53.3, ""まくり"": 16.6, ""まくり差し"": 13.2, ""差し"": 10.3, ""抜き"": 5.7, ""恵まれ"": 0.8}","[""0〜600円"", ""600〜750円"", ""750〜900円"", ""900〜1050円"", ""1050〜1220円"", ""1220〜1410円"", ""1410〜1640円"", ""1640〜1890円"", ""1890〜2200円"", ""2200〜2560円"", ""2560〜3020円"", ""3020〜3580円"", ""3580〜4290円"", ""4290〜5220円"", ""5220〜6490円"", ""6490〜8310円"", ""8310〜11220円"", ""11220〜16240円"", ""16240〜28268円"", ""28268円〜""]","[3.7, 5.6, 6.0, 4.8, 5.4, 5.7, 5.2, 4.4, 4.5, 4.6, 4.8, 5.1, 4.9, 5.1, 4.6, 5.6, 4.2, 4.3, 5.5, 6.0]","[-1.3, 0.6, 1.0, -0.2, 0.4, 0.7, 0.2, -0.6, -0.5, -0.4, -0.2, 0.1, -0.1, 0.1, -0.4, 0.6, -0.8, -0.7, 0.5, 1.0]"
20260817,17,11,1,60.7,"[[""1-2-4"", 0.1223], [""1-2-3"", 0.0438], [""1-2-5"", 0.0417], [""1-2-6"", 0.036]]",2,23.5,"[[""2-1-4"", 0.0749], [""2-1-3"", 0.0268], [""2-1-5"", 0.0255], [""2-1-6"", 0.0221]]","[[""1-4-2"", 0.0809], [""4-1-2"", 0.043], [""2-4-1"", 0.0265], [""4-2-1"", 0.023]]",1-2,0.4467,False,False,0.7866,強,"{""逃げ"": 67.1, ""まくり"": 11.3, ""まくり差し"": 9.7, ""差し"": 6.4, ""抜き"": 4.8, ""恵まれ"": 0.7}","[""0〜600円"", ""600〜750円"", ""750〜900円"", ""900〜1050円"", ""1050〜1220円"", ""1220〜1410円"", ""1410〜1640円"", ""1640〜1890円"", ""1890〜2200円"", ""2200〜2560円"", ""2560〜3020円"", ""3020〜3580円"", ""3580〜4290円"", ""4290〜5220円"", ""5220〜6490円"", ""6490〜8310円"", ""8310〜11220円"", ""11220〜16240円"", ""16240〜28268円"", ""28268円〜""]","[7.2, 7.4, 7.5, 5.4, 6.1, 4.9, 5.3, 5.0, 5.0, 4.7, 3.8, 4.5, 3.2, 4.2, 3.7, 3.6, 3.6, 4.0, 4.8, 6.1]","[2.2, 2.4, 2.5, 0.4, 1.1, -0.1, 0.3, -0.0, 0.0, -0.3, -1.2, -0.5, -1.8, -0.8, -1.3, -1.4, -1.4, -1.0, -0.2, 1.1]"
20260817,17,12,1,54.3,"[[""1-4-3"", 0.0866], [""1-3-4"", 0.081], [""1-4-2"", 0.0614], [""1-3-2"", 0.05], [""1-4-5"", 0.0433], [""1-3-5"", 0.0353], [""1-4-6"", 0.0209], [""1-3-6"", 0.0171]]",4,23.3,"[[""4-1-3"", 0.0317], [""4-1-2"", 0.0225], [""4-1-5"", 0.0159]]","[[""1-2-4"", 0.0481], [""1-2-3"", 0.0419], [""3-1-4"", 0.0292], [""1-5-4"", 0.032]]",,,False,False,0.7866,強,"{""逃げ"": 67.1, ""まくり"": 11.3, ""まくり差し"": 9.7, ""差し"": 6.4, ""抜き"": 4.8, ""恵まれ"": 0.7}","[""0〜600円"", ""600〜750円"", ""750〜900円"", ""900〜1050円"", ""1050〜1220円"", ""1220〜1410円"", ""1410〜1640円"", ""1640〜1890円"", ""1890〜2200円"", ""2200〜2560円"", ""2560〜3020円"", ""3020〜3580円"", ""3580〜4290円"", ""4290〜5220円"", ""5220〜6490円"", ""6490〜8310円"", ""8310〜11220円"", ""11220〜16240円"", ""16240〜28268円"", ""28268円〜""]","[7.2, 7.4, 7.5, 5.4, 6.1, 4.9, 5.3, 5.0, 5.0, 4.7, 3.8, 4.5, 3.2, 4.2, 3.7, 3.6, 3.6, 4.0, 4.8, 6.1]","[2.2, 2.4, 2.5, 0.4, 1.1, -0.1, 0.3, -0.0, 0.0, -0.3, -1.2, -0.5, -1.8, -0.8, -1.3, -1.4, -1.4, -1.0, -0.2, 1.1]"
20260817,18,1,1,53.0,"[[""1-2-3"", 0.1229], [""1-2-5"", 0.1142], [""1-2-6"", 0.0655], [""1-2-4"", 0.028]]",2,15.9,"[[""2-1-3"", 0.0301], [""2-1-5"", 0.0279], [""2-1-6"", 0.016]]","[[""1-3-2"", 0.0862], [""1-5-2"", 0.0748], [""1-3-5"", 0.0396], [""1-6-2"", 0.0394]]",1-2,0.4447,False,True,0.8218,強,"{""逃げ"": 73.1, ""差し"": 9.0, ""まくり"": 7.0, ""まくり差し"": 5.5, ""抜き"": 5.2, ""恵まれ"": 0.2}","[""0〜600円"", ""600〜750円"", ""750〜900円"", ""900〜1050円"", ""1050〜1220円"", ""1220〜1410円"", ""1410〜1640円"", ""1640〜1890円"", ""1890〜2200円"", ""2200〜2560円"", ""2560〜3020円"", ""3020〜3580円"", ""3580〜4290円"", ""4290〜5220円"", ""5220〜6490円"", ""6490〜8310円"", ""8310〜11220円"", ""11220〜16240円"", ""16240〜28268円"", ""28268円〜""]","[13.8, 10.4, 7.2, 6.1, 5.8, 5.8, 4.6, 4.1, 4.3, 3.9, 4.5, 3.1, 3.2, 2.8, 2.7, 3.1, 2.5, 3.5, 3.2, 5.3]","[8.8, 5.4, 2.2, 1.1, 0.8, 0.8, -0.4, -0.9, -0.7, -1.1, -0.5, -1.9, -1.8, -2.2, -2.3, -1.9, -2.5, -1.5, -1.8, 0.3]"
20260817,18,2,1,61.1,"[[""1-3-4"", 0.0853], [""1-4-3"", 0.0829], [""1-3-2"", 0.0602], [""1-4-2"", 0.0551], [""1-2-3"", 0.0487], [""1-2-4"", 0.0458], [""1-3-6"", 0.033], [""1-3-5"", 0.0311], [""1-4-6"", 0.0302]]",3,48.2,"[[""3-1-4"", 0.0281], [""3-1-2"", 0.0198], [""3-1-6"", 0.0109], [""3-1-5"", 0.0102]]","[[""4-1-3"", 0.0271], [""1-4-5"", 0.0284], [""1-6-3"", 0.0244], [""1-6-4"", 0.023]]",,,False,False,0.7866,強,"{""逃げ"": 73.1, ""差し"": 9.0, ""まくり"": 7.0, ""まくり差し"": 5.5, ""抜き"": 5.2, ""恵まれ"": 0.2}","[""0〜600円"", ""600〜750円"", ""750〜900円"", ""900〜1050円"", ""1050〜1220円"", ""1220〜1410円"", ""1410〜1640円"", ""1640〜1890円"", ""1890〜2200円"", ""2200〜2560円"", ""2560〜3020円"", ""3020〜3580円"", ""3580〜4290円"", ""4290〜5220円"", ""5220〜6490円"", ""6490〜8310円"", ""8310〜11220円"", ""11220〜16240円"", ""16240〜28268円"", ""28268円〜""]","[13.8, 10.4, 7.2, 6.1, 5.8, 5.8, 4.6, 4.1, 4.3, 3.9, 4.5, 3.1, 3.2, 2.8, 2.7, 3.1, 2.5, 3.5, 3.2, 5.3]","[8.8, 5.4, 2.2, 1.1, 0.8, 0.8, -0.4, -0.9, -0.7, -1.1, -0.5, -1.9, -1.8, -2.2, -2.3, -1.9, -2.5, -1.5, -1.8, 0.3]"
20260817,18,3,1,51.8,"[[""1-4-3"", 0.1126], [""1-4-2"", 0.1375], [""1-4-5"", 0.0513]]",4,30.4,"[[""4-1-3"", 0.0304], [""4-1-2"", 0.0372], [""4-1-5"", 0.0139]]","[[""1-3-4"", 0.0813], [""1-2-4"", 0.0981], [""1-3-2"", 0.0519], [""1-2-3"", 0.0513]]",1-4,0.4306,False,False,0.7866,強,"{""逃げ"": 73.1, ""差し"": 9.0, ""まくり"": 7.0, ""まくり差し"": 5.5, ""抜き"": 5.2, ""恵まれ"": 0.2}","[""0〜600円"", ""600〜750円"", ""750〜900円"", ""900〜1050円"", ""1050〜1220円"", ""1220〜1410円"", ""1410〜1640円"", ""1640〜1890円"", ""1890〜2200円"", ""2200〜2560円"", ""2560〜3020円"", ""3020〜3580円"", ""3580〜4290円"", ""4290〜5220円"", ""5220〜6490円"", ""6490〜8310円"", ""8310〜11220円"", ""11220〜16240円"", ""16240〜28268円"", ""28268円〜""]","[13.8, 10.4, 7.2, 6.1, 5.8, 5.8, 4.6, 4.1, 4.3, 3.9, 4.5, 3.1, 3.2, 2.8, 2.7, 3.1, 2.5, 3.5, 3.2, 5.3]","[8.8, 5.4, 2.2, 1.1, 0.8, 0.8, -0.4, -0.9, -0.7, -1.1, -0.5, -1.9, -1.8, -2.2, -2.3, -1.9, -2.5, -1.5, -1.8, 0.3]"
20260817,18,4,1,49.2,"[[""1-2-3"", 0.1161], [""1-2-4"", 0.1059], [""1-2-6"", 0.0807], [""1-2-5"", 0.0579]]",2,19.8,"[[""2-1-3"", 0.0277], [""2-1-4"", 0.0253], [""2-1-6"", 0.0193], [""2-1-5"", 0.0138]]","[[""1-3-2"", 0.0727], [""1-4-2"", 0.0627], [""1-6-2"", 0.046], [""1-5-2"", 0.032]]",1-2,0.4779,False,True,0.8218,強,"{""逃げ"": 73.1, ""差し"": 9.0, ""まくり"": 7.0, ""まくり差し"": 5.5, ""抜き"": 5.2, ""恵まれ"": 0.2}","[""0〜600円"", ""600〜750円"", ""750〜900円"", ""900〜1050円"", ""1050〜1220円"", ""1220〜1410円"", ""1410〜1640円"", ""1640〜1890円"", ""1890〜2200円"", ""2200〜2560円"", ""2560〜3020円"", ""3020〜3580円"", ""3580〜4290円"", ""4290〜5220円"", ""5220〜6490円"", ""6490〜8310円"", ""8310〜11220円"", ""11220〜16240円"", ""16240〜28268円"", ""28268円〜""]","[13.8, 10.4, 7.2, 6.1, 5.8, 5.8, 4.6, 4.1, 4.3, 3.9, 4.5, 3.1, 3.2, 2.8, 2.7, 3.1, 2.5, 3.5, 3.2, 5.3]","[8.8, 5.4, 2.2, 1.1, 0.8, 0.8, -0.4, -0.9, -0.7, -1.1, -0.5, -1.9, -1.8, -2.2, -2.3, -1.9, -2.5, -1.5, -1.8, 0.3]"
20260817,18,5,1,52.1,"[[""1-3-6"", 0.0892], [""1-3-2"", 0.1079], [""1-3-4"", 0.0828]]",3,20.0,"[[""3-1-6"", 0.0612], [""3-1-2"", 0.074], [""3-1-4"", 0.0568]]","[[""1-6-3"", 0.0419], [""1-2-3"", 0.0502], [""1-4-3"", 0.0371], [""6-1-3"", 0.0219]]",1-3,0.5197,True,False,0.7866,中,"{""逃げ"": 60.4, ""差し"": 11.3, ""まくり差し"": 10.4, ""まくり"": 11.1, ""抜き"": 6.2, ""恵まれ"": 0.6}","[""0〜600円"", ""600〜750円"", ""750〜900円"", ""900〜1050円"", ""1050〜1220円"", ""1220〜1410円"", ""1410〜1640円"", ""1640〜1890円"", ""1890〜2200円"", ""2200〜2560円"", ""2560〜3020円"", ""3020〜3580円"", ""3580〜4290円"", ""4290〜5220円"", ""5220〜6490円"", ""6490〜8310円"", ""8310〜11220円"", ""11220〜16240円"", ""16240〜28268円"", ""28268円〜""]","[6.3, 7.0, 6.3, 6.0, 5.7, 5.2, 5.2, 5.5, 4.4, 4.2, 4.4, 4.1, 4.2, 4.4, 4.3, 4.6, 5.1, 3.8, 4.6, 4.5]","[1.3, 2.0, 1.3, 1.0, 0.7, 0.2, 0.2, 0.5, -0.6, -0.8, -0.6, -0.9, -0.8, -0.6, -0.7, -0.4, 0.1, -1.2, -0.4, -0.5]"
20260817,18,6,3,50.0,"[[""3-1-5"", 0.036], [""3-1-2"", 0.0413], [""3-5-1"", 0.0319], [""3-1-4"", 0.0362], [""3-2-1"", 0.0355], [""3-4-1"", 0.0301], [""3-5-2"", 0.0267], [""3-2-5"", 0.0259], [""3-5-4"", 0.0233]]",1,34.8,"[[""1-3-5"", 0.0269], [""1-3-2"", 0.0308], [""1-3-4"", 0.027]]","[[""5-3-1"", 0.0223], [""2-3-1"", 0.0244], [""3-4-5"", 0.0219], [""1-5-3"", 0.0164]]",,,False,False,0.7866,強,"{""逃げ"": 73.1, ""差し"": 9.0, ""まくり"": 7.0, ""まくり差し"": 5.5, ""抜き"": 5.2, ""恵まれ"": 0.2}","[""0〜600円"", ""600〜750円"", ""750〜900円"", ""900〜1050円"", ""1050〜1220円"", ""1220〜1410円"", ""1410〜1640円"", ""1640〜1890円"", ""1890〜2200円"", ""2200〜2560円"", ""2560〜3020円"", ""3020〜3580円"", ""3580〜4290円"", ""4290〜5220円"", ""5220〜6490円"", ""6490〜8310円"", ""8310〜11220円"", ""11220〜16240円"", ""16240〜28268円"", ""28268円〜""]","[13.8, 10.4, 7.2, 6.1, 5.8, 5.8, 4.6, 4.1, 4.3, 3.9, 4.5, 3.1, 3.2, 2.8, 2.7, 3.1, 2.5, 3.5, 3.2, 5.3]","[8.8, 5.4, 2.2, 1.1, 0.8, 0.8, -0.4, -0.9, -0.7, -1.1, -0.5, -1.9, -1.8, -2.2, -2.3, -1.9, -2.5, -1.5, -1.8, 0.3]"
20260817,18,7,1,55.6,"[[""1-2-4"", 0.0737], [""1-4-2"", 0.0695], [""1-2-6"", 0.0446], [""1-2-3"", 0.0435], [""1-4-6"", 0.0374], [""1-4-3"", 0.0365]]",4,21.5,"[[""4-1-2"", 0.0378], [""4-1-6"", 0.0204], [""4-1-3"", 0.0199]]","[[""2-1-4"", 0.041], [""1-6-2"", 0.0338], [""1-3-2"", 0.0329], [""1-6-4"", 0.0301]]",,,False,False,0.7866,弱,"{""逃げ"": 41.4, ""差し"": 19.5, ""まくり"": 18.0, ""まくり差し"": 10.8, ""抜き"": 9.5, ""恵まれ"": 0.8}","[""0〜600円"", ""600〜750円"", ""750〜900円"", ""900〜1050円"", ""1050〜1220円"", ""1220〜1410円"", ""1410〜1640円"", ""1640〜1890円"", ""1890〜2200円"", ""2200〜2560円"", ""2560〜3020円"", ""3020〜3580円"", ""3580〜4290円"", ""4290〜5220円"", ""5220〜6490円"", ""6490〜8310円"", ""8310〜11220円"", ""11220〜16240円"", ""16240〜28268円"", ""28268円〜""]","[2.0, 3.4, 5.0, 5.0, 5.5, 4.2, 4.6, 5.4, 6.3, 4.5, 5.7, 6.1, 4.7, 6.9, 5.8, 5.5, 5.5, 4.5, 5.0, 4.3]","[-3.0, -1.6, -0.0, 0.0, 0.5, -0.8, -0.4, 0.4, 1.3, -0.5, 0.7, 1.1, -0.3, 1.9, 0.8, 0.5, 0.5, -0.5, 0.0, -0.7]"
20260817,18,8,1,30.0,"[[""1-2-3"", 0.0751], [""1-2-4"", 0.0612], [""1-2-6"", 0.0462], [""1-2-5"", 0.0183]]",2,23.6,"[[""2-1-3"", 0.0705], [""2-1-4"", 0.0575], [""2-1-6"", 0.0434], [""2-1-5"", 0.0172]]","[[""1-3-2"", 0.0402], [""2-3-1"", 0.035], [""3-1-2"", 0.0279], [""3-2-1"", 0.0258]]",1-2,0.4209,False,True,0.8218,弱,"{""逃げ"": 41.4, ""差し"": 19.5, ""まくり"": 18.0, ""まくり差し"": 10.8, ""抜き"": 9.5, ""恵まれ"": 0.8}","[""0〜600円"", ""600〜750円"", ""750〜900円"", ""900〜1050円"", ""1050〜1220円"", ""1220〜1410円"", ""1410〜1640円"", ""1640〜1890円"", ""1890〜2200円"", ""2200〜2560円"", ""2560〜3020円"", ""3020〜3580円"", ""3580〜4290円"", ""4290〜5220円"", ""5220〜6490円"", ""6490〜8310円"", ""8310〜11220円"", ""11220〜16240円"", ""16240〜28268円"", ""28268円〜""]","[2.0, 3.4, 5.0, 5.0, 5.5, 4.2, 4.6, 5.4, 6.3, 4.5, 5.7, 6.1, 4.7, 6.9, 5.8, 5.5, 5.5, 4.5, 5.0, 4.3]","[-3.0, -1.6, -0.0, 0.0, 0.5, -0.8, -0.4, 0.4, 1.3, -0.5, 0.7, 1.1, -0.3, 1.9, 0.8, 0.5, 0.5, -0.5, 0.0, -0.7]"
20260817,18,9,1,58.5,"[[""1-2-5"", 0.0681], [""1-5-2"", 0.0642], [""1-2-3"", 0.0658], [""1-3-2"", 0.0571], [""1-5-3"", 0.0533], [""1-3-5"", 0.0491], [""1-2-4"", 0.0489], [""1-4-2"", 0.0398], [""1-5-4"", 0.0396]]",2,28.6,"[[""2-1-5"", 0.0189], [""2-1-3"", 0.0183], [""2-1-4"", 0.0136]]","[[""1-4-5"", 0.0342], [""1-3-4"", 0.0277], [""1-2-6"", 0.0267], [""1-4-3"", 0.026]]",,,False,False,0.7866,強,"{""逃げ"": 73.1, ""差し"": 9.0, ""まくり"": 7.0, ""まくり差し"": 5.5, ""抜き"": 5.2, ""恵まれ"": 0.2}","[""0〜600円"", ""600〜750円"", ""750〜900円"", ""900〜1050円"", ""1050〜1220円"", ""1220〜1410円"", ""1410〜1640円"", ""1640〜1890円"", ""1890〜2200円"", ""2200〜2560円"", ""2560〜3020円"", ""3020〜3580円"", ""3580〜4290円"", ""4290〜5220円"", ""5220〜6490円"", ""6490〜8310円"", ""8310〜11220円"", ""11220〜16240円"", ""16240〜28268円"", ""28268円〜""]","[13.8, 10.4, 7.2, 6.1, 5.8, 5.8, 4.6, 4.1, 4.3, 3.9, 4.5, 3.1, 3.2, 2.8, 2.7, 3.1, 2.5, 3.5, 3.2, 5.3]","[8.8, 5.4, 2.2, 1.1, 0.8, 0.8, -0.4, -0.9, -0.7, -1.1, -0.5, -1.9, -1.8, -2.2, -2.3, -1.9, -2.5, -1.5, -1.8, 0.3]"
20260817,18,10,3,51.8,"[[""3-1-2"", 0.0216], [""3-2-1"", 0.0214], [""3-1-5"", 0.0249], [""3-1-4"", 0.0248], [""3-5-1"", 0.0242], [""3-4-1"", 0.024], [""3-2-5"", 0.0238], [""3-2-4"", 0.0237], [""3-5-2"", 0.0234]]",2,28.4,"[[""2-3-1"", 0.0185], [""2-3-5"", 0.0206], [""2-3-4"", 0.0205], [""2-1-3"", 0.0154], [""2-5-3"", 0.0168], [""2-4-3"", 0.0167]]","[[""3-4-2"", 0.0232], [""1-3-2"", 0.0189], [""3-5-4"", 0.022], [""3-4-5"", 0.022]]",,,False,True,0.8218,強,"{""逃げ"": 73.1, ""差し"": 9.0, ""まくり"": 7.0, ""まくり差し"": 5.5, ""抜き"": 5.2, ""恵まれ"": 0.2}","[""0〜600円"", ""600〜750円"", ""750〜900円"", ""900〜1050円"", ""1050〜1220円"", ""1220〜1410円"", ""1410〜1640円"", ""1640〜1890円"", ""1890〜2200円"", ""2200〜2560円"", ""2560〜3020円"", ""3020〜3580円"", ""3580〜4290円"", ""4290〜5220円"", ""5220〜6490円"", ""6490〜8310円"", ""8310〜11220円"", ""11220〜16240円"", ""16240〜28268円"", ""28268円〜""]","[13.8, 10.4, 7.2, 6.1, 5.8, 5.8, 4.6, 4.1, 4.3, 3.9, 4.5, 3.1, 3.2, 2.8, 2.7, 3.1, 2.5, 3.5, 3.2, 5.3]","[8.8, 5.4, 2.2, 1.1, 0.8, 0.8, -0.4, -0.9, -0.7, -1.1, -0.5, -1.9, -1.8, -2.2, -2.3, -1.9, -2.5, -1.5, -1.8, 0.3]"
20260817,18,11,2,53.9,"[[""2-1-3"", 0.0858], [""2-1-5"", 0.068], [""2-1-4"", 0.0375]]",1,35.0,"[[""1-2-3"", 0.0634], [""1-2-5"", 0.0502], [""1-2-4"", 0.0277]]","[[""2-3-1"", 0.0606], [""3-2-1"", 0.0386], [""2-5-1"", 0.0429], [""1-3-2"", 0.0303]]",1-2,0.3734,False,True,0.8218,強,"{""逃げ"": 73.1, ""差し"": 9.0, ""まくり"": 7.0, ""まくり差し"": 5.5, ""抜き"": 5.2, ""恵まれ"": 0.2}","[""0〜600円"", ""600〜750円"", ""750〜900円"", ""900〜1050円"", ""1050〜1220円"", ""1220〜1410円"", ""1410〜1640円"", ""1640〜1890円"", ""1890〜2200円"", ""2200〜2560円"", ""2560〜3020円"", ""3020〜3580円"", ""3580〜4290円"", ""4290〜5220円"", ""5220〜6490円"", ""6490〜8310円"", ""8310〜11220円"", ""11220〜16240円"", ""16240〜28268円"", ""28268円〜""]","[13.8, 10.4, 7.2, 6.1, 5.8, 5.8, 4.6, 4.1, 4.3, 3.9, 4.5, 3.1, 3.2, 2.8, 2.7, 3.1, 2.5, 3.5, 3.2, 5.3]","[8.8, 5.4, 2.2, 1.1, 0.8, 0.8, -0.4, -0.9, -0.7, -1.1, -0.5, -1.9, -1.8, -2.2, -2.3, -1.9, -2.5, -1.5, -1.8, 0.3]"
20260817,18,12,1,56.9,"[[""1-3-4"", 0.1089], [""1-4-3"", 0.1003], [""1-3-2"", 0.0927], [""1-4-2"", 0.0723], [""1-3-5"", 0.0281], [""1-3-6"", 0.0277], [""1-4-5"", 0.0219], [""1-4-6"", 0.0216]]",3,28.6,"[[""3-1-4"", 0.0246], [""3-1-2"", 0.021]]","[[""1-2-3"", 0.0744], [""1-2-4"", 0.0631], [""4-1-3"", 0.0224], [""1-5-3"", 0.0191]]",,,False,False,0.7866,強,"{""逃げ"": 73.1, ""差し"": 9.0, ""まくり"": 7.0, ""まくり差し"": 5.5, ""抜き"": 5.2, ""恵まれ"": 0.2}","[""0〜600円"", ""600〜750円"", ""750〜900円"", ""900〜1050円"", ""1050〜1220円"", ""1220〜1410円"", ""1410〜1640円"", ""1640〜1890円"", ""1890〜2200円"", ""2200〜2560円"", ""2560〜3020円"", ""3020〜3580円"", ""3580〜4290円"", ""4290〜5220円"", ""5220〜6490円"", ""6490〜8310円"", ""8310〜11220円"", ""11220〜16240円"", ""16240〜28268円"", ""28268円〜""]","[13.8, 10.4, 7.2, 6.1, 5.8, 5.8, 4.6, 4.1, 4.3, 3.9, 4.5, 3.1, 3.2, 2.8, 2.7, 3.1, 2.5, 3.5, 3.2, 5.3]","[8.8, 5.4, 2.2, 1.1, 0.8, 0.8, -0.4, -0.9, -0.7, -1.1, -0.5, -1.9, -1.8, -2.2, -2.3, -1.9, -2.5, -1.5, -1.8, 0.3]"
20260817,20,1,1,69.1,"[[""1-3-2"", 0.0605], [""1-3-6"", 0.0463], [""1-3-5"", 0.0391], [""1-3-4"", 0.0355]]",3,16.2,"[[""3-1-2"", 0.0503], [""3-1-6"", 0.0385], [""3-1-5"", 0.0325], [""3-1-4"", 0.0295]]","[[""1-2-3"", 0.0392], [""2-1-3"", 0.0264], [""3-2-1"", 0.026], [""1-6-3"", 0.0275]]",1-3,0.3564,False,True,0.8218,弱,"{""逃げ"": 37.2, ""まくり"": 22.0, ""差し"": 16.8, ""まくり差し"": 14.2, ""抜き"": 8.9, ""恵まれ"": 0.8}","[""0〜600円"", ""600〜750円"", ""750〜900円"", ""900〜1050円"", ""1050〜1220円"", ""1220〜1410円"", ""1410〜1640円"", ""1640〜1890円"", ""1890〜2200円"", ""2200〜2560円"", ""2560〜3020円"", ""3020〜3580円"", ""3580〜4290円"", ""4290〜5220円"", ""5220〜6490円"", ""6490〜8310円"", ""8310〜11220円"", ""11220〜16240円"", ""16240〜28268円"", ""28268円〜""]","[1.0, 1.5, 2.1, 2.2, 3.3, 4.1, 4.1, 5.2, 5.5, 5.6, 5.4, 7.0, 6.5, 6.9, 6.5, 6.6, 7.6, 6.6, 6.8, 5.3]","[-4.0, -3.5, -2.9, -2.8, -1.7, -0.9, -0.9, 0.2, 0.5, 0.6, 0.4, 2.0, 1.5, 1.9, 1.5, 1.6, 2.6, 1.6, 1.8, 0.3]"
20260817,20,2,1,50.7,"[[""1-2-6"", 0.0632], [""1-6-2"", 0.0631], [""1-2-3"", 0.0541], [""1-6-3"", 0.0536], [""1-3-2"", 0.0475], [""1-3-6"", 0.0472], [""1-2-4"", 0.0328], [""1-6-4"", 0.0325], [""1-4-2"", 0.0263]]",3,45.2,"[[""3-1-2"", 0.0177], [""3-1-6"", 0.0176]]","[[""2-1-6"", 0.0245], [""6-1-2"", 0.0244], [""1-4-6"", 0.0261], [""1-2-5"", 0.0255]]",,,False,False,0.7866,中,"{""逃げ"": 53.0, ""まくり"": 15.1, ""まくり差し"": 11.5, ""差し"": 11.7, ""抜き"": 7.8, ""恵まれ"": 0.9}","[""0〜600円"", ""600〜750円"", ""750〜900円"", ""900〜1050円"", ""1050〜1220円"", ""1220〜1410円"", ""1410〜1640円"", ""1640〜1890円"", ""1890〜2200円"", ""2200〜2560円"", ""2560〜3020円"", ""3020〜3580円"", ""3580〜4290円"", ""4290〜5220円"", ""5220〜6490円"", ""6490〜8310円"", ""8310〜11220円"", ""11220〜16240円"", ""16240〜28268円"", ""28268円〜""]","[4.2, 5.2, 5.1, 4.5, 4.9, 4.9, 5.2, 4.0, 4.8, 4.3, 6.2, 4.8, 5.0, 5.0, 5.4, 4.9, 5.1, 5.0, 5.5, 5.7]","[-0.8, 0.2, 0.1, -0.5, -0.1, -0.1, 0.2, -1.0, -0.2, -0.7, 1.2, -0.2, 0.0, -0.0, 0.4, -0.1, 0.1, 0.0, 0.5, 0.7]"
20260817,20,3,1,52.0,"[[""1-5-2"", 0.06], [""1-2-5"", 0.0505], [""1-5-6"", 0.0569], [""1-5-3"", 0.0499], [""1-6-5"", 0.0444], [""1-3-5"", 0.0379], [""1-2-6"", 0.0318], [""1-6-2"", 0.0295], [""1-2-3"", 0.0279]]",5,28.9,"[[""5-1-2"", 0.0303], [""5-1-6"", 0.0287], [""5-1-3"", 0.0251], [""5-1-4"", 0.0113]]","[[""2-1-5"", 0.024], [""1-3-2"", 0.0251], [""1-5-4"", 0.0225], [""6-1-5"", 0.0205]]",,,False,False,0.7866,強,"{""逃げ"": 66.3, ""差し"": 8.3, ""まくり"": 9.6, ""まくり差し"": 8.2, ""抜き"": 6.9, ""恵まれ"": 0.7}","[""0〜600円"", ""600〜750円"", ""750〜900円"", ""900〜1050円"", ""1050〜1220円"", ""1220〜1410円"", ""1410〜1640円"", ""1640〜1890円"", ""1890〜2200円"", ""2200〜2560円"", ""2560〜3020円"", ""3020〜3580円"", ""3580〜4290円"", ""4290〜5220円"", ""5220〜6490円"", ""6490〜8310円"", ""8310〜11220円"", ""11220〜16240円"", ""16240〜28268円"", ""28268円〜""]","[10.5, 7.6, 5.9, 5.7, 6.1, 6.0, 4.2, 4.6, 4.7, 4.1, 4.1, 4.6, 3.9, 3.7, 3.7, 3.2, 3.7, 4.1, 4.1, 5.4]","[5.5, 2.6, 0.9, 0.7, 1.1, 1.0, -0.8, -0.4, -0.3, -0.9, -0.9, -0.4, -1.1, -1.3, -1.3, -1.8, -1.3, -0.9, -0.9, 0.4]"
20260817,20,4,1,45.2,"[[""1-3-6"", 0.1057], [""1-3-2"", 0.0829], [""1-3-5"", 0.0672], [""1-3-4"", 0.0422]]",3,25.0,"[[""3-1-6"", 0.0413], [""3-1-2"", 0.0324], [""3-1-5"", 0.0263], [""3-1-4"", 0.0165]]","[[""1-6-3"", 0.0688], [""1-2-3"", 0.049], [""1-5-3"", 0.0386], [""6-1-3"", 0.0243]]",1-3,0.4542,False,False,0.7866,強,"{""逃げ"": 66.3, ""差し"": 8.3, ""まくり"": 9.6, ""まくり差し"": 8.2, ""抜き"": 6.9, ""恵まれ"": 0.7}","[""0〜600円"", ""600〜750円"", ""750〜900円"", ""900〜1050円"", ""1050〜1220円"", ""1220〜1410円"", ""1410〜1640円"", ""1640〜1890円"", ""1890〜2200円"", ""2200〜2560円"", ""2560〜3020円"", ""3020〜3580円"", ""3580〜4290円"", ""4290〜5220円"", ""5220〜6490円"", ""6490〜8310円"", ""8310〜11220円"", ""11220〜16240円"", ""16240〜28268円"", ""28268円〜""]","[10.5, 7.6, 5.9, 5.7, 6.1, 6.0, 4.2, 4.6, 4.7, 4.1, 4.1, 4.6, 3.9, 3.7, 3.7, 3.2, 3.7, 4.1, 4.1, 5.4]","[5.5, 2.6, 0.9, 0.7, 1.1, 1.0, -0.8, -0.4, -0.3, -0.9, -0.9, -0.4, -1.1, -1.3, -1.3, -1.8, -1.3, -0.9, -0.9, 0.4]"
20260817,20,5,1,60.0,"[[""1-2-4"", 0.1699], [""1-2-3"", 0.0662], [""1-2-6"", 0.061], [""1-2-5"", 0.0495]]",2,26.4,"[[""2-1-4"", 0.0559], [""2-1-3"", 0.0218], [""2-1-6"", 0.0201], [""2-1-5"", 0.0163]]","[[""1-4-2"", 0.1061], [""4-1-2"", 0.032], [""1-3-2"", 0.0337], [""1-6-2"", 0.0308]]",1-2,0.5097,False,True,0.8218,強,"{""逃げ"": 66.3, ""差し"": 8.3, ""まくり"": 9.6, ""まくり差し"": 8.2, ""抜き"": 6.9, ""恵まれ"": 0.7}","[""0〜600円"", ""600〜750円"", ""750〜900円"", ""900〜1050円"", ""1050〜1220円"", ""1220〜1410円"", ""1410〜1640円"", ""1640〜1890円"", ""1890〜2200円"", ""2200〜2560円"", ""2560〜3020円"", ""3020〜3580円"", ""3580〜4290円"", ""4290〜5220円"", ""5220〜6490円"", ""6490〜8310円"", ""8310〜11220円"", ""11220〜16240円"", ""16240〜28268円"", ""28268円〜""]","[10.5, 7.6, 5.9, 5.7, 6.1, 6.0, 4.2, 4.6, 4.7, 4.1, 4.1, 4.6, 3.9, 3.7, 3.7, 3.2, 3.7, 4.1, 4.1, 5.4]","[5.5, 2.6, 0.9, 0.7, 1.1, 1.0, -0.8, -0.4, -0.3, -0.9, -0.9, -0.4, -1.1, -1.3, -1.3, -1.8, -1.3, -0.9, -0.9, 0.4]"
20260817,20,6,1,55.1,"[[""1-3-2"", 0.0852], [""1-3-6"", 0.0385], [""1-3-4"", 0.0375], [""1-3-5"", 0.0208]]",3,21.4,"[[""3-1-2"", 0.078], [""3-1-6"", 0.0353], [""3-1-4"", 0.0344], [""3-1-5"", 0.019]]","[[""1-2-3"", 0.0536], [""3-2-1"", 0.0437], [""2-1-3"", 0.0391], [""2-3-1"", 0.0348]]",1-3,0.3841,False,True,0.8218,中,"{""逃げ"": 53.0, ""まくり"": 15.1, ""まくり差し"": 11.5, ""差し"": 11.7, ""抜き"": 7.8, ""恵まれ"": 0.9}","[""0〜600円"", ""600〜750円"", ""750〜900円"", ""900〜1050円"", ""1050〜1220円"", ""1220〜1410円"", ""1410〜1640円"", ""1640〜1890円"", ""1890〜2200円"", ""2200〜2560円"", ""2560〜3020円"", ""3020〜3580円"", ""3580〜4290円"", ""4290〜5220円"", ""5220〜6490円"", ""6490〜8310円"", ""8310〜11220円"", ""11220〜16240円"", ""16240〜28268円"", ""28268円〜""]","[4.2, 5.2, 5.1, 4.5, 4.9, 4.9, 5.2, 4.0, 4.8, 4.3, 6.2, 4.8, 5.0, 5.0, 5.4, 4.9, 5.1, 5.0, 5.5, 5.7]","[-0.8, 0.2, 0.1, -0.5, -0.1, -0.1, 0.2, -1.0, -0.2, -0.7, 1.2, -0.2, 0.0, -0.0, 0.4, -0.1, 0.1, 0.0, 0.5, 0.7]"
20260817,20,7,1,54.7,"[[""1-4-2"", 0.0909], [""1-2-4"", 0.0815], [""1-4-3"", 0.0976], [""1-3-4"", 0.0825], [""1-2-3"", 0.0695], [""1-3-2"", 0.0655], [""1-4-5"", 0.0378], [""1-2-5"", 0.0269], [""1-5-4"", 0.0268]]",4,33.6,"[[""4-1-2"", 0.0263], [""4-1-3"", 0.0282], [""4-1-5"", 0.0109]]","[[""2-1-4"", 0.0231], [""3-1-4"", 0.0231], [""1-3-5"", 0.0214], [""1-5-2"", 0.0213]]",,,False,False,0.7866,強,"{""逃げ"": 66.3, ""差し"": 8.3, ""まくり"": 9.6, ""まくり差し"": 8.2, ""抜き"": 6.9, ""恵まれ"": 0.7}","[""0〜600円"", ""600〜750円"", ""750〜900円"", ""900〜1050円"", ""1050〜1220円"", ""1220〜1410円"", ""1410〜1640円"", ""1640〜1890円"", ""1890〜2200円"", ""2200〜2560円"", ""2560〜3020円"", ""3020〜3580円"", ""3580〜4290円"", ""4290〜5220円"", ""5220〜6490円"", ""6490〜8310円"", ""8310〜11220円"", ""11220〜16240円"", ""16240〜28268円"", ""28268円〜""]","[10.5, 7.6, 5.9, 5.7, 6.1, 6.0, 4.2, 4.6, 4.7, 4.1, 4.1, 4.6, 3.9, 3.7, 3.7, 3.2, 3.7, 4.1, 4.1, 5.4]","[5.5, 2.6, 0.9, 0.7, 1.1, 1.0, -0.8, -0.4, -0.3, -0.9, -0.9, -0.4, -1.1, -1.3, -1.3, -1.8, -1.3, -0.9, -0.9, 0.4]"
20260817,20,8,1,62.4,"[[""1-2-3"", 0.1745], [""1-2-4"", 0.0573], [""1-2-5"", 0.0336], [""1-2-6"", 0.0116]]",3,24.7,"[[""3-1-2"", 0.0556], [""3-1-4"", 0.0103]]","[[""1-3-2"", 0.1145], [""2-1-3"", 0.0958], [""2-3-1"", 0.0287], [""2-1-4"", 0.0314]]",,,False,True,0.8218,中,"{""逃げ"": 53.0, ""まくり"": 15.1, ""まくり差し"": 11.5, ""差し"": 11.7, ""抜き"": 7.8, ""恵まれ"": 0.9}","[""0〜600円"", ""600〜750円"", ""750〜900円"", ""900〜1050円"", ""1050〜1220円"", ""1220〜1410円"", ""1410〜1640円"", ""1640〜1890円"", ""1890〜2200円"", ""2200〜2560円"", ""2560〜3020円"", ""3020〜3580円"", ""3580〜4290円"", ""4290〜5220円"", ""5220〜6490円"", ""6490〜8310円"", ""8310〜11220円"", ""11220〜16240円"", ""16240〜28268円"", ""28268円〜""]","[4.2, 5.2, 5.1, 4.5, 4.9, 4.9, 5.2, 4.0, 4.8, 4.3, 6.2, 4.8, 5.0, 5.0, 5.4, 4.9, 5.1, 5.0, 5.5, 5.7]","[-0.8, 0.2, 0.1, -0.5, -0.1, -0.1, 0.2, -1.0, -0.2, -0.7, 1.2, -0.2, 0.0, -0.0, 0.4, -0.1, 0.1, 0.0, 0.5, 0.7]"
20260817,20,9,1,47.3,"[[""1-3-4"", 0.0476], [""1-3-5"", 0.0565], [""1-4-3"", 0.0395], [""1-3-2"", 0.0463], [""1-5-3"", 0.0461], [""1-3-6"", 0.0418], [""1-2-3"", 0.0364], [""1-6-3"", 0.0323], [""1-4-5"", 0.0277]]",3,,"[[""3-1-4"", 0.021], [""3-1-5"", 0.0249], [""3-1-2"", 0.0204], [""3-1-6"", 0.0184]]","[[""1-5-4"", 0.0272], [""1-4-2"", 0.0227], [""1-2-4"", 0.0215], [""4-1-3"", 0.0164]]",,,False,False,0.7866,中,"{""逃げ"": 53.0, ""まくり"": 15.1, ""まくり差し"": 11.5, ""差し"": 11.7, ""抜き"": 7.8, ""恵まれ"": 0.9}","[""0〜600円"", ""600〜750円"", ""750〜900円"", ""900〜1050円"", ""1050〜1220円"", ""1220〜1410円"", ""1410〜1640円"", ""1640〜1890円"", ""1890〜2200円"", ""2200〜2560円"", ""2560〜3020円"", ""3020〜3580円"", ""3580〜4290円"", ""4290〜5220円"", ""5220〜6490円"", ""6490〜8310円"", ""8310〜11220円"", ""11220〜16240円"", ""16240〜28268円"", ""28268円〜""]","[4.2, 5.2, 5.1, 4.5, 4.9, 4.9, 5.2, 4.0, 4.8, 4.3, 6.2, 4.8, 5.0, 5.0, 5.4, 4.9, 5.1, 5.0, 5.5, 5.7]","[-0.8, 0.2, 0.1, -0.5, -0.1, -0.1, 0.2, -1.0, -0.2, -0.7, 1.2, -0.2, 0.0, -0.0, 0.4, -0.1, 0.1, 0.0, 0.5, 0.7]"
20260817,20,10,1,51.7,"[[""1-6-4"", 0.0432], [""1-4-6"", 0.0432], [""1-6-3"", 0.0511], [""1-4-3"", 0.0509], [""1-3-6"", 0.0499], [""1-3-4"", 0.0497], [""1-6-2"", 0.0364], [""1-4-2"", 0.0363], [""1-3-2"", 0.033]]",3,42.6,"[[""3-1-6"", 0.0225], [""3-1-4"", 0.0224], [""3-1-2"", 0.0149]]","[[""1-2-6"", 0.0325], [""1-2-4"", 0.0324], [""1-2-3"", 0.0302], [""6-1-4"", 0.0196]]",,,False,False,0.7866,強,"{""逃げ"": 66.3, ""差し"": 8.3, ""まくり"": 9.6, ""まくり差し"": 8.2, ""抜き"": 6.9, ""恵まれ"": 0.7}","[""0〜600円"", ""600〜750円"", ""750〜900円"", ""900〜1050円"", ""1050〜1220円"", ""1220〜1410円"", ""1410〜1640円"", ""1640〜1890円"", ""1890〜2200円"", ""2200〜2560円"", ""2560〜3020円"", ""3020〜3580円"", ""3580〜4290円"", ""4290〜5220円"", ""5220〜6490円"", ""6490〜8310円"", ""8310〜11220円"", ""11220〜16240円"", ""16240〜28268円"", ""28268円〜""]","[10.5, 7.6, 5.9, 5.7, 6.1, 6.0, 4.2, 4.6, 4.7, 4.1, 4.1, 4.6, 3.9, 3.7, 3.7, 3.2, 3.7, 4.1, 4.1, 5.4]","[5.5, 2.6, 0.9, 0.7, 1.1, 1.0, -0.8, -0.4, -0.3, -0.9, -0.9, -0.4, -1.1, -1.3, -1.3, -1.8, -1.3, -0.9, -0.9, 0.4]"
20260817,20,11,1,51.4,"[[""1-2-4"", 0.1058], [""1-2-3"", 0.0804], [""1-2-6"", 0.0568], [""1-2-5"", 0.0282]]",2,24.4,"[[""2-1-4"", 0.0301], [""2-1-3"", 0.0229], [""2-1-6"", 0.0161]]","[[""1-4-2"", 0.0863], [""1-3-2"", 0.0572], [""1-4-3"", 0.0437], [""1-6-2"", 0.0383]]",1-2,0.3851,False,False,0.7866,強,"{""逃げ"": 66.3, ""差し"": 8.3, ""まくり"": 9.6, ""まくり差し"": 8.2, ""抜き"": 6.9, ""恵まれ"": 0.7}","[""0〜600円"", ""600〜750円"", ""750〜900円"", ""900〜1050円"", ""1050〜1220円"", ""1220〜1410円"", ""1410〜1640円"", ""1640〜1890円"", ""1890〜2200円"", ""2200〜2560円"", ""2560〜3020円"", ""3020〜3580円"", ""3580〜4290円"", ""4290〜5220円"", ""5220〜6490円"", ""6490〜8310円"", ""8310〜11220円"", ""11220〜16240円"", ""16240〜28268円"", ""28268円〜""]","[10.5, 7.6, 5.9, 5.7, 6.1, 6.0, 4.2, 4.6, 4.7, 4.1, 4.1, 4.6, 3.9, 3.7, 3.7, 3.2, 3.7, 4.1, 4.1, 5.4]","[5.5, 2.6, 0.9, 0.7, 1.1, 1.0, -0.8, -0.4, -0.3, -0.9, -0.9, -0.4, -1.1, -1.3, -1.3, -1.8, -1.3, -0.9, -0.9, 0.4]"
20260817,20,12,1,60.5,"[[""1-3-2"", 0.056], [""1-2-3"", 0.0502], [""1-3-4"", 0.0589], [""1-4-3"", 0.0508], [""1-3-5"", 0.0455], [""1-2-4"", 0.0397], [""1-4-2"", 0.0381], [""1-5-3"", 0.0371], [""1-2-5"", 0.0307]]",3,28.9,"[[""3-1-2"", 0.0233], [""3-1-4"", 0.0245], [""3-1-5"", 0.0189], [""3-1-6"", 0.0108]]","[[""1-5-2"", 0.0278], [""1-3-6"", 0.0259], [""1-4-5"", 0.0255], [""2-1-3"", 0.0202]]",,,False,True,0.8218,強,"{""逃げ"": 66.3, ""差し"": 8.3, ""まくり"": 9.6, ""まくり差し"": 8.2, ""抜き"": 6.9, ""恵まれ"": 0.7}","[""0〜600円"", ""600〜750円"", ""750〜900円"", ""900〜1050円"", ""1050〜1220円"", ""1220〜1410円"", ""1410〜1640円"", ""1640〜1890円"", ""1890〜2200円"", ""2200〜2560円"", ""2560〜3020円"", ""3020〜3580円"", ""3580〜4290円"", ""4290〜5220円"", ""5220〜6490円"", ""6490〜8310円"", ""8310〜11220円"", ""11220〜16240円"", ""16240〜28268円"", ""28268円〜""]","[10.5, 7.6, 5.9, 5.7, 6.1, 6.0, 4.2, 4.6, 4.7, 4.1, 4.1, 4.6, 3.9, 3.7, 3.7, 3.2, 3.7, 4.1, 4.1, 5.4]","[5.5, 2.6, 0.9, 0.7, 1.1, 1.0, -0.8, -0.4, -0.3, -0.9, -0.9, -0.4, -1.1, -1.3, -1.3, -1.8, -1.3, -0.9, -0.9, 0.4]"
20260817,22,1,1,51.0,"[[""1-2-3"", 0.1301], [""1-2-4"", 0.1006], [""1-2-6"", 0.0424]]",2,46.0,"[[""2-1-3"", 0.0723], [""2-1-4"", 0.0559], [""2-1-6"", 0.0235]]","[[""1-3-2"", 0.0788], [""1-4-2"", 0.0547], [""3-1-2"", 0.0375], [""1-3-4"", 0.0269]]",1-2,0.479,False,True,0.8218,中,"{""逃げ"": 53.6, ""まくり"": 17.1, ""差し"": 12.1, ""まくり差し"": 8.3, ""抜き"": 8.6, ""恵まれ"": 0.3}","[""0〜600円"", ""600〜750円"", ""750〜900円"", ""900〜1050円"", ""1050〜1220円"", ""1220〜1410円"", ""1410〜1640円"", ""1640〜1890円"", ""1890〜2200円"", ""2200〜2560円"", ""2560〜3020円"", ""3020〜3580円"", ""3580〜4290円"", ""4290〜5220円"", ""5220〜6490円"", ""6490〜8310円"", ""8310〜11220円"", ""11220〜16240円"", ""16240〜28268円"", ""28268円〜""]","[6.2, 5.1, 5.3, 6.3, 5.2, 5.5, 5.6, 4.3, 4.7, 4.7, 4.5, 4.6, 5.2, 4.5, 4.7, 4.1, 4.6, 5.7, 5.1, 4.3]","[1.2, 0.1, 0.3, 1.3, 0.2, 0.5, 0.6, -0.7, -0.3, -0.3, -0.5, -0.4, 0.2, -0.5, -0.3, -0.9, -0.4, 0.7, 0.1, -0.7]"
20260817,22,2,1,65.1,"[[""1-2-3"", 0.0366], [""1-3-2"", 0.0349], [""1-2-5"", 0.0284], [""1-3-5"", 0.0246], [""1-2-4"", 0.0239], [""1-5-2"", 0.0234], [""1-5-3"", 0.0213], [""1-3-4"", 0.0207], [""1-4-2"", 0.019]]",2,30.4,"[[""2-1-3"", 0.0338], [""2-3-1"", 0.0289], [""2-1-5"", 0.0262], [""2-1-4"", 0.0221], [""2-3-5"", 0.0164], [""2-3-4"", 0.0138]]","[[""3-1-2"", 0.0314], [""3-2-1"", 0.0281], [""3-1-5"", 0.0221], [""2-5-1"", 0.0197]]",,,False,True,0.8218,弱,"{""逃げ"": 35.2, ""まくり"": 27.9, ""差し"": 16.9, ""まくり差し"": 10.1, ""抜き"": 9.4, ""恵まれ"": 0.6}","[""0〜600円"", ""600〜750円"", ""750〜900円"", ""900〜1050円"", ""1050〜1220円"", ""1220〜1410円"", ""1410〜1640円"", ""1640〜1890円"", ""1890〜2200円"", ""2200〜2560円"", ""2560〜3020円"", ""3020〜3580円"", ""3580〜4290円"", ""4290〜5220円"", ""5220〜6490円"", ""6490〜8310円"", ""8310〜11220円"", ""11220〜16240円"", ""16240〜28268円"", ""28268円〜""]","[1.2, 2.5, 3.7, 3.4, 4.3, 4.7, 5.6, 6.6, 5.4, 6.0, 6.2, 6.4, 6.4, 7.1, 6.0, 5.8, 5.7, 5.4, 4.5, 3.6]","[-3.8, -2.5, -1.3, -1.6, -0.7, -0.3, 0.6, 1.6, 0.4, 1.0, 1.2, 1.4, 1.4, 2.1, 1.0, 0.8, 0.7, 0.4, -0.5, -1.4]"
20260817,22,3,1,46.9,"[[""1-3-2"", 0.0866], [""1-3-4"", 0.0892], [""1-3-5"", 0.0621], [""1-3-6"", 0.0237]]",3,23.2,"[[""3-1-2"", 0.0527], [""3-1-4"", 0.0542], [""3-1-5"", 0.0378], [""3-1-6"", 0.0144]]","[[""1-2-3"", 0.0506], [""1-4-3"", 0.0504], [""1-5-3"", 0.0333], [""2-1-3"", 0.0255]]",1-3,0.4508,False,True,0.8218,弱,"{""逃げ"": 35.2, ""まくり"": 27.9, ""差し"": 16.9, ""まくり差し"": 10.1, ""抜き"": 9.4, ""恵まれ"": 0.6}","[""0〜600円"", ""600〜750円"", ""750〜900円"", ""900〜1050円"", ""1050〜1220円"", ""1220〜1410円"", ""1410〜1640円"", ""1640〜1890円"", ""1890〜2200円"", ""2200〜2560円"", ""2560〜3020円"", ""3020〜3580円"", ""3580〜4290円"", ""4290〜5220円"", ""5220〜6490円"", ""6490〜8310円"", ""8310〜11220円"", ""11220〜16240円"", ""16240〜28268円"", ""28268円〜""]","[1.2, 2.5, 3.7, 3.4, 4.3, 4.7, 5.6, 6.6, 5.4, 6.0, 6.2, 6.4, 6.4, 7.1, 6.0, 5.8, 5.7, 5.4, 4.5, 3.6]","[-3.8, -2.5, -1.3, -1.6, -0.7, -0.3, 0.6, 1.6, 0.4, 1.0, 1.2, 1.4, 1.4, 2.1, 1.0, 0.8, 0.7, 0.4, -0.5, -1.4]"
20260817,22,4,1,44.2,"[[""1-2-3"", 0.0745], [""1-2-4"", 0.0752], [""1-2-5"", 0.0398], [""1-2-6"", 0.0117]]",2,20.1,"[[""2-1-3"", 0.0474], [""2-1-4"", 0.0479], [""2-1-5"", 0.0253]]","[[""1-3-2"", 0.0552], [""1-4-2"", 0.053], [""3-1-2"", 0.0312], [""1-3-4"", 0.0304]]",1-2,0.3557,False,True,0.8218,中,"{""逃げ"": 53.6, ""まくり"": 17.1, ""差し"": 12.1, ""まくり差し"": 8.3, ""抜き"": 8.6, ""恵まれ"": 0.3}","[""0〜600円"", ""600〜750円"", ""750〜900円"", ""900〜1050円"", ""1050〜1220円"", ""1220〜1410円"", ""1410〜1640円"", ""1640〜1890円"", ""1890〜2200円"", ""2200〜2560円"", ""2560〜3020円"", ""3020〜3580円"", ""3580〜4290円"", ""4290〜5220円"", ""5220〜6490円"", ""6490〜8310円"", ""8310〜11220円"", ""11220〜16240円"", ""16240〜28268円"", ""28268円〜""]","[6.2, 5.1, 5.3, 6.3, 5.2, 5.5, 5.6, 4.3, 4.7, 4.7, 4.5, 4.6, 5.2, 4.5, 4.7, 4.1, 4.6, 5.7, 5.1, 4.3]","[1.2, 0.1, 0.3, 1.3, 0.2, 0.5, 0.6, -0.7, -0.3, -0.3, -0.5, -0.4, 0.2, -0.5, -0.3, -0.9, -0.4, 0.7, 0.1, -0.7]"
20260817,22,5,1,54.7,"[[""1-2-3"", 0.0768], [""1-3-2"", 0.0762], [""1-2-5"", 0.0584], [""1-3-5"", 0.0569], [""1-2-4"", 0.0545], [""1-3-4"", 0.0531], [""1-5-2"", 0.0489], [""1-5-3"", 0.0481], [""1-4-2"", 0.045]]",5,46.0,"[[""5-1-2"", 0.0172], [""5-1-3"", 0.0169]]","[[""1-4-3"", 0.0442], [""2-1-3"", 0.0283], [""3-1-2"", 0.0281], [""1-5-4"", 0.0269]]",,,False,False,0.7866,強,"{""逃げ"": 66.7, ""まくり"": 12.4, ""差し"": 8.3, ""抜き"": 6.7, ""まくり差し"": 5.0, ""恵まれ"": 1.0}","[""0〜600円"", ""600〜750円"", ""750〜900円"", ""900〜1050円"", ""1050〜1220円"", ""1220〜1410円"", ""1410〜1640円"", ""1640〜1890円"", ""1890〜2200円"", ""2200〜2560円"", ""2560〜3020円"", ""3020〜3580円"", ""3580〜4290円"", ""4290〜5220円"", ""5220〜6490円"", ""6490〜8310円"", ""8310〜11220円"", ""11220〜16240円"", ""16240〜28268円"", ""28268円〜""]","[10.2, 8.9, 7.0, 6.4, 5.3, 5.5, 4.9, 4.7, 4.3, 3.6, 4.7, 3.6, 3.0, 3.5, 3.9, 3.7, 3.9, 3.8, 3.8, 5.3]","[5.2, 3.9, 2.0, 1.4, 0.3, 0.5, -0.1, -0.3, -0.7, -1.4, -0.3, -1.4, -2.0, -1.5, -1.1, -1.3, -1.1, -1.2, -1.2, 0.3]"
20260817,22,6,1,54.9,"[[""1-2-4"", 0.11], [""1-4-2"", 0.1067], [""1-2-3"", 0.0918], [""1-4-3"", 0.084], [""1-2-6"", 0.0343], [""1-4-6"", 0.0313]]",2,25.8,"[[""2-1-4"", 0.0275], [""2-1-3"", 0.023]]","[[""1-3-2"", 0.0761], [""1-3-4"", 0.0717], [""4-1-2"", 0.0266], [""1-6-2"", 0.0241]]",,,False,False,0.7866,強,"{""逃げ"": 66.7, ""まくり"": 12.4, ""差し"": 8.3, ""抜き"": 6.7, ""まくり差し"": 5.0, ""恵まれ"": 1.0}","[""0〜600円"", ""600〜750円"", ""750〜900円"", ""900〜1050円"", ""1050〜1220円"", ""1220〜1410円"", ""1410〜1640円"", ""1640〜1890円"", ""1890〜2200円"", ""2200〜2560円"", ""2560〜3020円"", ""3020〜3580円"", ""3580〜4290円"", ""4290〜5220円"", ""5220〜6490円"", ""6490〜8310円"", ""8310〜11220円"", ""11220〜16240円"", ""16240〜28268円"", ""28268円〜""]","[10.2, 8.9, 7.0, 6.4, 5.3, 5.5, 4.9, 4.7, 4.3, 3.6, 4.7, 3.6, 3.0, 3.5, 3.9, 3.7, 3.9, 3.8, 3.8, 5.3]","[5.2, 3.9, 2.0, 1.4, 0.3, 0.5, -0.1, -0.3, -0.7, -1.4, -0.3, -1.4, -2.0, -1.5, -1.1, -1.3, -1.1, -1.2, -1.2, 0.3]"
20260817,22,7,1,53.5,"[[""1-2-3"", 0.1463], [""1-2-4"", 0.0954], [""1-2-5"", 0.0675], [""1-2-6"", 0.0401]]",2,29.5,"[[""2-1-3"", 0.0294], [""2-1-4"", 0.0192], [""2-1-5"", 0.0136]]","[[""1-3-2"", 0.1039], [""1-4-2"", 0.0587], [""1-5-2"", 0.0397], [""1-3-4"", 0.0362]]",1-2,0.4576,False,True,0.8218,強,"{""逃げ"": 66.7, ""まくり"": 12.4, ""差し"": 8.3, ""抜き"": 6.7, ""まくり差し"": 5.0, ""恵まれ"": 1.0}","[""0〜600円"", ""600〜750円"", ""750〜900円"", ""900〜1050円"", ""1050〜1220円"", ""1220〜1410円"", ""1410〜1640円"", ""1640〜1890円"", ""1890〜2200円"", ""2200〜2560円"", ""2560〜3020円"", ""3020〜3580円"", ""3580〜4290円"", ""4290〜5220円"", ""5220〜6490円"", ""6490〜8310円"", ""8310〜11220円"", ""11220〜16240円"", ""16240〜28268円"", ""28268円〜""]","[10.2, 8.9, 7.0, 6.4, 5.3, 5.5, 4.9, 4.7, 4.3, 3.6, 4.7, 3.6, 3.0, 3.5, 3.9, 3.7, 3.9, 3.8, 3.8, 5.3]","[5.2, 3.9, 2.0, 1.4, 0.3, 0.5, -0.1, -0.3, -0.7, -1.4, -0.3, -1.4, -2.0, -1.5, -1.1, -1.3, -1.1, -1.2, -1.2, 0.3]"
20260817,22,8,1,56.7,"[[""1-3-2"", 0.0709], [""1-2-3"", 0.0598], [""1-3-4"", 0.0524], [""1-3-6"", 0.0348], [""1-2-4"", 0.0312], [""1-3-5"", 0.0229], [""1-2-6"", 0.0207], [""1-2-5"", 0.0136]]",3,35.8,"[[""3-1-2"", 0.0427], [""3-1-4"", 0.0316], [""3-1-6"", 0.0209], [""3-1-5"", 0.0138]]","[[""2-1-3"", 0.0337], [""1-4-3"", 0.0386], [""1-4-2"", 0.0272], [""1-6-3"", 0.024]]",,,False,True,0.8218,弱,"{""逃げ"": 35.2, ""まくり"": 27.9, ""差し"": 16.9, ""まくり差し"": 10.1, ""抜き"": 9.4, ""恵まれ"": 0.6}","[""0〜600円"", ""600〜750円"", ""750〜900円"", ""900〜1050円"", ""1050〜1220円"", ""1220〜1410円"", ""1410〜1640円"", ""1640〜1890円"", ""1890〜2200円"", ""2200〜2560円"", ""2560〜3020円"", ""3020〜3580円"", ""3580〜4290円"", ""4290〜5220円"", ""5220〜6490円"", ""6490〜8310円"", ""8310〜11220円"", ""11220〜16240円"", ""16240〜28268円"", ""28268円〜""]","[1.2, 2.5, 3.7, 3.4, 4.3, 4.7, 5.6, 6.6, 5.4, 6.0, 6.2, 6.4, 6.4, 7.1, 6.0, 5.8, 5.7, 5.4, 4.5, 3.6]","[-3.8, -2.5, -1.3, -1.6, -0.7, -0.3, 0.6, 1.6, 0.4, 1.0, 1.2, 1.4, 1.4, 2.1, 1.0, 0.8, 0.7, 0.4, -0.5, -1.4]"
20260817,22,9,1,52.9,"[[""1-4-2"", 0.111], [""1-2-4"", 0.098], [""1-4-3"", 0.0707], [""1-4-5"", 0.0634], [""1-2-3"", 0.0482], [""1-2-5"", 0.0433], [""1-4-6"", 0.0375], [""1-2-6"", 0.0256]]",4,30.7,"[[""4-1-2"", 0.0178], [""4-1-3"", 0.0114], [""4-1-5"", 0.0102]]","[[""1-3-4"", 0.0521], [""1-5-4"", 0.0459], [""1-3-2"", 0.0402], [""1-5-2"", 0.0355]]",,,False,False,0.7866,強,"{""逃げ"": 66.7, ""まくり"": 12.4, ""差し"": 8.3, ""抜き"": 6.7, ""まくり差し"": 5.0, ""恵まれ"": 1.0}","[""0〜600円"", ""600〜750円"", ""750〜900円"", ""900〜1050円"", ""1050〜1220円"", ""1220〜1410円"", ""1410〜1640円"", ""1640〜1890円"", ""1890〜2200円"", ""2200〜2560円"", ""2560〜3020円"", ""3020〜3580円"", ""3580〜4290円"", ""4290〜5220円"", ""5220〜6490円"", ""6490〜8310円"", ""8310〜11220円"", ""11220〜16240円"", ""16240〜28268円"", ""28268円〜""]","[10.2, 8.9, 7.0, 6.4, 5.3, 5.5, 4.9, 4.7, 4.3, 3.6, 4.7, 3.6, 3.0, 3.5, 3.9, 3.7, 3.9, 3.8, 3.8, 5.3]","[5.2, 3.9, 2.0, 1.4, 0.3, 0.5, -0.1, -0.3, -0.7, -1.4, -0.3, -1.4, -2.0, -1.5, -1.1, -1.3, -1.1, -1.2, -1.2, 0.3]"
20260817,22,10,1,54.5,"[[""1-4-2"", 0.0517], [""1-2-4"", 0.0474], [""1-4-3"", 0.0569], [""1-3-4"", 0.0499], [""1-2-3"", 0.0417], [""1-3-2"", 0.0399], [""1-4-5"", 0.0349], [""1-5-4"", 0.0277], [""1-2-5"", 0.0256]]",4,20.1,"[[""4-1-2"", 0.0255], [""4-1-3"", 0.028], [""4-1-5"", 0.0172], [""4-1-6"", 0.0109]]","[[""2-1-4"", 0.0226], [""3-1-4"", 0.0235], [""1-4-6"", 0.0222], [""1-5-2"", 0.0221]]",,,False,False,0.7866,中,"{""逃げ"": 53.6, ""まくり"": 17.1, ""差し"": 12.1, ""まくり差し"": 8.3, ""抜き"": 8.6, ""恵まれ"": 0.3}","[""0〜600円"", ""600〜750円"", ""750〜900円"", ""900〜1050円"", ""1050〜1220円"", ""1220〜1410円"", ""1410〜1640円"", ""1640〜1890円"", ""1890〜2200円"", ""2200〜2560円"", ""2560〜3020円"", ""3020〜3580円"", ""3580〜4290円"", ""4290〜5220円"", ""5220〜6490円"", ""6490〜8310円"", ""8310〜11220円"", ""11220〜16240円"", ""16240〜28268円"", ""28268円〜""]","[6.2, 5.1, 5.3, 6.3, 5.2, 5.5, 5.6, 4.3, 4.7, 4.7, 4.5, 4.6, 5.2, 4.5, 4.7, 4.1, 4.6, 5.7, 5.1, 4.3]","[1.2, 0.1, 0.3, 1.3, 0.2, 0.5, 0.6, -0.7, -0.3, -0.3, -0.5, -0.4, 0.2, -0.5, -0.3, -0.9, -0.4, 0.7, 0.1, -0.7]"
20260817,22,11,1,46.4,"[[""1-2-3"", 0.0602], [""1-2-4"", 0.0338], [""1-2-5"", 0.0233], [""1-2-6"", 0.0166]]",2,30.8,"[[""2-1-3"", 0.0571], [""2-1-4"", 0.0321], [""2-1-5"", 0.0221], [""2-1-6"", 0.0157]]","[[""1-3-2"", 0.0465], [""2-3-1"", 0.041], [""3-1-2"", 0.0381], [""3-2-1"", 0.0355]]",1-2,0.2864,False,True,0.8218,弱,"{""逃げ"": 35.2, ""まくり"": 27.9, ""差し"": 16.9, ""まくり差し"": 10.1, ""抜き"": 9.4, ""恵まれ"": 0.6}","[""0〜600円"", ""600〜750円"", ""750〜900円"", ""900〜1050円"", ""1050〜1220円"", ""1220〜1410円"", ""1410〜1640円"", ""1640〜1890円"", ""1890〜2200円"", ""2200〜2560円"", ""2560〜3020円"", ""3020〜3580円"", ""3580〜4290円"", ""4290〜5220円"", ""5220〜6490円"", ""6490〜8310円"", ""8310〜11220円"", ""11220〜16240円"", ""16240〜28268円"", ""28268円〜""]","[1.2, 2.5, 3.7, 3.4, 4.3, 4.7, 5.6, 6.6, 5.4, 6.0, 6.2, 6.4, 6.4, 7.1, 6.0, 5.8, 5.7, 5.4, 4.5, 3.6]","[-3.8, -2.5, -1.3, -1.6, -0.7, -0.3, 0.6, 1.6, 0.4, 1.0, 1.2, 1.4, 1.4, 2.1, 1.0, 0.8, 0.7, 0.4, -0.5, -1.4]"
20260817,22,12,1,62.0,"[[""1-3-4"", 0.0997], [""1-3-2"", 0.1202], [""1-3-5"", 0.0291], [""1-3-6"", 0.0117]]",3,25.2,"[[""3-1-4"", 0.035], [""3-1-2"", 0.0421], [""3-1-5"", 0.0102]]","[[""1-4-3"", 0.0786], [""1-2-3"", 0.0931], [""1-4-2"", 0.059], [""1-2-4"", 0.058]]",1-3,0.3885,False,False,0.7866,強,"{""逃げ"": 66.7, ""まくり"": 12.4, ""差し"": 8.3, ""抜き"": 6.7, ""まくり差し"": 5.0, ""恵まれ"": 1.0}","[""0〜600円"", ""600〜750円"", ""750〜900円"", ""900〜1050円"", ""1050〜1220円"", ""1220〜1410円"", ""1410〜1640円"", ""1640〜1890円"", ""1890〜2200円"", ""2200〜2560円"", ""2560〜3020円"", ""3020〜3580円"", ""3580〜4290円"", ""4290〜5220円"", ""5220〜6490円"", ""6490〜8310円"", ""8310〜11220円"", ""11220〜16240円"", ""16240〜28268円"", ""28268円〜""]","[10.2, 8.9, 7.0, 6.4, 5.3, 5.5, 4.9, 4.7, 4.3, 3.6, 4.7, 3.6, 3.0, 3.5, 3.9, 3.7, 3.9, 3.8, 3.8, 5.3]","[5.2, 3.9, 2.0, 1.4, 0.3, 0.5, -0.1, -0.3, -0.7, -1.4, -0.3, -1.4, -2.0, -1.5, -1.1, -1.3, -1.1, -1.2, -1.2, 0.3]"
20260817,24,1,1,46.4,"[[""1-2-3"", 0.1354], [""1-2-4"", 0.0425], [""1-2-6"", 0.033], [""1-2-5"", 0.0235]]",2,29.3,"[[""2-1-3"", 0.0742], [""2-1-4"", 0.0233], [""2-1-6"", 0.0181], [""2-1-5"", 0.0129]]","[[""1-3-2"", 0.1079], [""3-1-2"", 0.0551], [""2-3-1"", 0.0265], [""3-2-1"", 0.0247]]",1-2,0.4083,False,True,0.8218,弱,"{""逃げ"": 41.4, ""差し"": 17.1, ""まくり"": 18.8, ""まくり差し"": 13.9, ""抜き"": 7.4, ""恵まれ"": 1.5}","[""0〜600円"", ""600〜750円"", ""750〜900円"", ""900〜1050円"", ""1050〜1220円"", ""1220〜1410円"", ""1410〜1640円"", ""1640〜1890円"", ""1890〜2200円"", ""2200〜2560円"", ""2560〜3020円"", ""3020〜3580円"", ""3580〜4290円"", ""4290〜5220円"", ""5220〜6490円"", ""6490〜8310円"", ""8310〜11220円"", ""11220〜16240円"", ""16240〜28268円"", ""28268円〜""]","[1.5, 3.6, 4.2, 3.8, 5.5, 5.9, 5.3, 5.3, 5.3, 5.7, 5.3, 5.9, 6.4, 5.1, 5.1, 6.2, 5.3, 5.2, 5.4, 3.9]","[-3.5, -1.4, -0.8, -1.2, 0.5, 0.9, 0.3, 0.3, 0.3, 0.7, 0.3, 0.9, 1.4, 0.1, 0.1, 1.2, 0.3, 0.2, 0.4, -1.1]"
20260817,24,2,1,,"[[""1-2-3"", 0.06], [""1-3-2"", 0.052], [""1-2-4"", 0.0382], [""1-2-6"", 0.0345], [""1-2-5"", 0.0338], [""1-4-2"", 0.0283], [""1-6-2"", 0.0252], [""1-5-2"", 0.0246], [""1-3-4"", 0.024]]",3,20.0,"[[""3-1-2"", 0.0299], [""3-1-4"", 0.0138], [""3-1-6"", 0.0125], [""3-1-5"", 0.0122]]","[[""2-1-3"", 0.0366], [""2-1-4"", 0.0233], [""1-3-6"", 0.0217], [""1-3-5"", 0.0213]]",,,False,True,0.8218,弱,"{""逃げ"": 41.4, ""差し"": 17.1, ""まくり"": 18.8, ""まくり差し"": 13.9, ""抜き"": 7.4, ""恵まれ"": 1.5}","[""0〜600円"", ""600〜750円"", ""750〜900円"", ""900〜1050円"", ""1050〜1220円"", ""1220〜1410円"", ""1410〜1640円"", ""1640〜1890円"", ""1890〜2200円"", ""2200〜2560円"", ""2560〜3020円"", ""3020〜3580円"", ""3580〜4290円"", ""4290〜5220円"", ""5220〜6490円"", ""6490〜8310円"", ""8310〜11220円"", ""11220〜16240円"", ""16240〜28268円"", ""28268円〜""]","[1.5, 3.6, 4.2, 3.8, 5.5, 5.9, 5.3, 5.3, 5.3, 5.7, 5.3, 5.9, 6.4, 5.1, 5.1, 6.2, 5.3, 5.2, 5.4, 3.9]","[-3.5, -1.4, -0.8, -1.2, 0.5, 0.9, 0.3, 0.3, 0.3, 0.7, 0.3, 0.9, 1.4, 0.1, 0.1, 1.2, 0.3, 0.2, 0.4, -1.1]"
20260817,24,3,1,30.8,"[[""1-2-4"", 0.0535], [""1-2-3"", 0.0572]]",2,33.7,"[[""2-1-4"", 0.053], [""2-1-3"", 0.0568]]","[[""1-4-2"", 0.0413], [""2-4-1"", 0.0405], [""4-1-2"", 0.0352], [""4-2-1"", 0.0348]]",1-2,0.2732,False,False,0.7866,弱,"{""逃げ"": 41.4, ""差し"": 17.1, ""まくり"": 18.8, ""まくり差し"": 13.9, ""抜き"": 7.4, ""恵まれ"": 1.5}","[""0〜600円"", ""600〜750円"", ""750〜900円"", ""900〜1050円"", ""1050〜1220円"", ""1220〜1410円"", ""1410〜1640円"", ""1640〜1890円"", ""1890〜2200円"", ""2200〜2560円"", ""2560〜3020円"", ""3020〜3580円"", ""3580〜4290円"", ""4290〜5220円"", ""5220〜6490円"", ""6490〜8310円"", ""8310〜11220円"", ""11220〜16240円"", ""16240〜28268円"", ""28268円〜""]","[1.5, 3.6, 4.2, 3.8, 5.5, 5.9, 5.3, 5.3, 5.3, 5.7, 5.3, 5.9, 6.4, 5.1, 5.1, 6.2, 5.3, 5.2, 5.4, 3.9]","[-3.5, -1.4, -0.8, -1.2, 0.5, 0.9, 0.3, 0.3, 0.3, 0.7, 0.3, 0.9, 1.4, 0.1, 0.1, 1.2, 0.3, 0.2, 0.4, -1.1]"
20260817,24,4,1,51.6,"[[""1-2-5"", 0.0302], [""1-5-2"", 0.0279], [""1-2-4"", 0.0301], [""1-2-3"", 0.0284], [""1-4-2"", 0.026], [""1-3-2"", 0.0243], [""1-5-4"", 0.0225], [""1-5-3"", 0.0213], [""1-4-5"", 0.0211]]",2,32.1,"[[""2-1-5"", 0.0237], [""2-1-4"", 0.0236], [""2-1-3"", 0.0224], [""2-1-6"", 0.0101]]","[[""5-1-2"", 0.021], [""2-5-1"", 0.0161], [""1-3-5"", 0.0197], [""5-2-1"", 0.0154]]",,,False,False,0.7866,弱,"{""逃げ"": 41.4, ""差し"": 17.1, ""まくり"": 18.8, ""まくり差し"": 13.9, ""抜き"": 7.4, ""恵まれ"": 1.5}","[""0〜600円"", ""600〜750円"", ""750〜900円"", ""900〜1050円"", ""1050〜1220円"", ""1220〜1410円"", ""1410〜1640円"", ""1640〜1890円"", ""1890〜2200円"", ""2200〜2560円"", ""2560〜3020円"", ""3020〜3580円"", ""3580〜4290円"", ""4290〜5220円"", ""5220〜6490円"", ""6490〜8310円"", ""8310〜11220円"", ""11220〜16240円"", ""16240〜28268円"", ""28268円〜""]","[1.5, 3.6, 4.2, 3.8, 5.5, 5.9, 5.3, 5.3, 5.3, 5.7, 5.3, 5.9, 6.4, 5.1, 5.1, 6.2, 5.3, 5.2, 5.4, 3.9]","[-3.5, -1.4, -0.8, -1.2, 0.5, 0.9, 0.3, 0.3, 0.3, 0.7, 0.3, 0.9, 1.4, 0.1, 0.1, 1.2, 0.3, 0.2, 0.4, -1.1]"
20260817,24,5,1,54.7,"[[""1-2-3"", 0.0907], [""1-3-2"", 0.0876], [""1-2-4"", 0.0558], [""1-3-4"", 0.0501], [""1-2-6"", 0.047], [""1-4-2"", 0.0444], [""1-3-6"", 0.0422], [""1-4-3"", 0.0412], [""1-6-2"", 0.0363]]",2,35.9,"[[""2-1-3"", 0.0251], [""2-1-4"", 0.0155], [""2-1-6"", 0.013]]","[[""1-6-3"", 0.0337], [""1-2-5"", 0.031], [""3-1-2"", 0.0241], [""1-3-5"", 0.0278]]",,,False,True,0.8218,中,"{""逃げ"": 57.1, ""まくり"": 11.0, ""まくり差し"": 13.1, ""差し"": 10.9, ""抜き"": 6.8, ""恵まれ"": 1.0}","[""0〜600円"", ""600〜750円"", ""750〜900円"", ""900〜1050円"", ""1050〜1220円"", ""1220〜1410円"", ""1410〜1640円"", ""1640〜1890円"", ""1890〜2200円"", ""2200〜2560円"", ""2560〜3020円"", ""3020〜3580円"", ""3580〜4290円"", ""4290〜5220円"", ""5220〜6490円"", ""6490〜8310円"", ""8310〜11220円"", ""11220〜16240円"", ""16240〜28268円"", ""28268円〜""]","[6.8, 6.8, 6.9, 5.5, 4.9, 5.1, 5.0, 4.5, 3.9, 4.5, 4.8, 4.0, 4.5, 4.1, 4.5, 5.1, 5.0, 5.0, 4.0, 5.0]","[1.8, 1.8, 1.9, 0.5, -0.1, 0.1, 0.0, -0.5, -1.1, -0.5, -0.2, -1.0, -0.5, -0.9, -0.5, 0.1, -0.0, 0.0, -1.0, -0.0]"
20260817,24,6,1,41.5,"[[""1-2-6"", 0.1273], [""1-2-4"", 0.0974], [""1-2-3"", 0.0875], [""1-2-5"", 0.0666]]",2,51.6,"[[""2-1-6"", 0.0282], [""2-1-4"", 0.0216], [""2-1-3"", 0.0194], [""2-1-5"", 0.0148]]","[[""1-6-2"", 0.076], [""1-4-2"", 0.0532], [""1-3-2"", 0.0472], [""1-5-2"", 0.035]]",1-2,0.5048,False,False,0.7866,強,"{""逃げ"": 73.2, ""まくり差し"": 8.4, ""まくり"": 6.8, ""差し"": 6.2, ""抜き"": 4.5, ""恵まれ"": 0.8}","[""0〜600円"", ""600〜750円"", ""750〜900円"", ""900〜1050円"", ""1050〜1220円"", ""1220〜1410円"", ""1410〜1640円"", ""1640〜1890円"", ""1890〜2200円"", ""2200〜2560円"", ""2560〜3020円"", ""3020〜3580円"", ""3580〜4290円"", ""4290〜5220円"", ""5220〜6490円"", ""6490〜8310円"", ""8310〜11220円"", ""11220〜16240円"", ""16240〜28268円"", ""28268円〜""]","[10.9, 8.8, 7.4, 6.4, 6.1, 5.3, 6.0, 4.7, 4.6, 4.2, 4.1, 4.3, 3.9, 3.4, 2.9, 2.9, 3.0, 3.6, 3.1, 4.5]","[5.9, 3.8, 2.4, 1.4, 1.1, 0.3, 1.0, -0.3, -0.4, -0.8, -0.9, -0.7, -1.1, -1.6, -2.1, -2.1, -2.0, -1.4, -1.9, -0.5]"
20260817,24,7,1,62.5,"[[""1-2-3"", 0.1192], [""1-3-2"", 0.1145], [""1-2-5"", 0.073], [""1-3-5"", 0.0652], [""1-2-4"", 0.041], [""1-3-4"", 0.0366], [""1-2-6"", 0.0151], [""1-3-6"", 0.0135]]",3,29.3,"[[""3-1-2"", 0.0305], [""3-1-5"", 0.0173]]","[[""1-5-2"", 0.056], [""1-5-3"", 0.052], [""2-1-3"", 0.032], [""1-4-2"", 0.0289]]",,,False,True,0.8218,中,"{""逃げ"": 57.1, ""まくり"": 11.0, ""まくり差し"": 13.1, ""差し"": 10.9, ""抜き"": 6.8, ""恵まれ"": 1.0}","[""0〜600円"", ""600〜750円"", ""750〜900円"", ""900〜1050円"", ""1050〜1220円"", ""1220〜1410円"", ""1410〜1640円"", ""1640〜1890円"", ""1890〜2200円"", ""2200〜2560円"", ""2560〜3020円"", ""3020〜3580円"", ""3580〜4290円"", ""4290〜5220円"", ""5220〜6490円"", ""6490〜8310円"", ""8310〜11220円"", ""11220〜16240円"", ""16240〜28268円"", ""28268円〜""]","[6.8, 6.8, 6.9, 5.5, 4.9, 5.1, 5.0, 4.5, 3.9, 4.5, 4.8, 4.0, 4.5, 4.1, 4.5, 5.1, 5.0, 5.0, 4.0, 5.0]","[1.8, 1.8, 1.9, 0.5, -0.1, 0.1, 0.0, -0.5, -1.1, -0.5, -0.2, -1.0, -0.5, -0.9, -0.5, 0.1, -0.0, 0.0, -1.0, -0.0]"
20260817,24,8,1,,"[[""1-2-3"", 0.1058], [""1-2-5"", 0.0764], [""1-2-4"", 0.0325], [""1-2-6"", 0.0114]]",2,33.9,"[[""2-1-3"", 0.0755], [""2-1-5"", 0.0546], [""2-1-4"", 0.0232]]","[[""1-3-2"", 0.0676], [""3-1-2"", 0.0404], [""1-5-2"", 0.0431], [""2-3-1"", 0.0315]]",1-2,0.4268,False,True,0.8218,弱,"{""逃げ"": 41.4, ""差し"": 17.1, ""まくり"": 18.8, ""まくり差し"": 13.9, ""抜き"": 7.4, ""恵まれ"": 1.5}","[""0〜600円"", ""600〜750円"", ""750〜900円"", ""900〜1050円"", ""1050〜1220円"", ""1220〜1410円"", ""1410〜1640円"", ""1640〜1890円"", ""1890〜2200円"", ""2200〜2560円"", ""2560〜3020円"", ""3020〜3580円"", ""3580〜4290円"", ""4290〜5220円"", ""5220〜6490円"", ""6490〜8310円"", ""8310〜11220円"", ""11220〜16240円"", ""16240〜28268円"", ""28268円〜""]","[1.5, 3.6, 4.2, 3.8, 5.5, 5.9, 5.3, 5.3, 5.3, 5.7, 5.3, 5.9, 6.4, 5.1, 5.1, 6.2, 5.3, 5.2, 5.4, 3.9]","[-3.5, -1.4, -0.8, -1.2, 0.5, 0.9, 0.3, 0.3, 0.3, 0.7, 0.3, 0.9, 1.4, 0.1, 0.1, 1.2, 0.3, 0.2, 0.4, -1.1]"
20260817,24,9,1,,"[[""1-2-4"", 0.0609], [""1-2-3"", 0.035], [""1-2-5"", 0.0249], [""1-2-6"", 0.0202]]",4,30.9,"[[""4-1-2"", 0.035], [""4-1-3"", 0.0111]]","[[""2-1-4"", 0.059], [""1-4-2"", 0.0435], [""2-4-1"", 0.0405], [""4-2-1"", 0.0336]]",,,False,False,0.7866,弱,"{""逃げ"": 41.4, ""差し"": 17.1, ""まくり"": 18.8, ""まくり差し"": 13.9, ""抜き"": 7.4, ""恵まれ"": 1.5}","[""0〜600円"", ""600〜750円"", ""750〜900円"", ""900〜1050円"", ""1050〜1220円"", ""1220〜1410円"", ""1410〜1640円"", ""1640〜1890円"", ""1890〜2200円"", ""2200〜2560円"", ""2560〜3020円"", ""3020〜3580円"", ""3580〜4290円"", ""4290〜5220円"", ""5220〜6490円"", ""6490〜8310円"", ""8310〜11220円"", ""11220〜16240円"", ""16240〜28268円"", ""28268円〜""]","[1.5, 3.6, 4.2, 3.8, 5.5, 5.9, 5.3, 5.3, 5.3, 5.7, 5.3, 5.9, 6.4, 5.1, 5.1, 6.2, 5.3, 5.2, 5.4, 3.9]","[-3.5, -1.4, -0.8, -1.2, 0.5, 0.9, 0.3, 0.3, 0.3, 0.7, 0.3, 0.9, 1.4, 0.1, 0.1, 1.2, 0.3, 0.2, 0.4, -1.1]"
20260817,24,10,1,39.6,"[[""1-3-2"", 0.0641], [""1-2-3"", 0.0606], [""1-3-4"", 0.0552], [""1-2-4"", 0.0468], [""1-3-5"", 0.0132], [""1-2-5"", 0.0112]]",2,31.1,"[[""2-1-3"", 0.0423], [""2-1-4"", 0.0327]]","[[""3-1-2"", 0.0459], [""1-4-3"", 0.0458], [""1-4-2"", 0.0411], [""3-1-4"", 0.0396]]",,,False,True,0.8218,中,"{""逃げ"": 57.1, ""まくり"": 11.0, ""まくり差し"": 13.1, ""差し"": 10.9, ""抜き"": 6.8, ""恵まれ"": 1.0}","[""0〜600円"", ""600〜750円"", ""750〜900円"", ""900〜1050円"", ""1050〜1220円"", ""1220〜1410円"", ""1410〜1640円"", ""1640〜1890円"", ""1890〜2200円"", ""2200〜2560円"", ""2560〜3020円"", ""3020〜3580円"", ""3580〜4290円"", ""4290〜5220円"", ""5220〜6490円"", ""6490〜8310円"", ""8310〜11220円"", ""11220〜16240円"", ""16240〜28268円"", ""28268円〜""]","[6.8, 6.8, 6.9, 5.5, 4.9, 5.1, 5.0, 4.5, 3.9, 4.5, 4.8, 4.0, 4.5, 4.1, 4.5, 5.1, 5.0, 5.0, 4.0, 5.0]","[1.8, 1.8, 1.9, 0.5, -0.1, 0.1, 0.0, -0.5, -1.1, -0.5, -0.2, -1.0, -0.5, -0.9, -0.5, 0.1, -0.0, 0.0, -1.0, -0.0]"
20260817,24,11,1,51.3,"[[""1-2-3"", 0.0597], [""1-2-4"", 0.0659], [""1-3-2"", 0.0498], [""1-4-2"", 0.0534], [""1-3-4"", 0.0367], [""1-4-3"", 0.0356], [""1-2-5"", 0.0316], [""1-5-2"", 0.0222], [""1-3-5"", 0.0176]]",2,19.6,"[[""2-1-3"", 0.0376], [""2-1-4"", 0.0415], [""2-1-5"", 0.0199]]","[[""3-1-2"", 0.0291], [""4-1-2"", 0.0308], [""3-1-4"", 0.0215], [""2-3-1"", 0.0176]]",,,False,True,0.8218,中,"{""逃げ"": 57.1, ""まくり"": 11.0, ""まくり差し"": 13.1, ""差し"": 10.9, ""抜き"": 6.8, ""恵まれ"": 1.0}","[""0〜600円"", ""600〜750円"", ""750〜900円"", ""900〜1050円"", ""1050〜1220円"", ""1220〜1410円"", ""1410〜1640円"", ""1640〜1890円"", ""1890〜2200円"", ""2200〜2560円"", ""2560〜3020円"", ""3020〜3580円"", ""3580〜4290円"", ""4290〜5220円"", ""5220〜6490円"", ""6490〜8310円"", ""8310〜11220円"", ""11220〜16240円"", ""16240〜28268円"", ""28268円〜""]","[6.8, 6.8, 6.9, 5.5, 4.9, 5.1, 5.0, 4.5, 3.9, 4.5, 4.8, 4.0, 4.5, 4.1, 4.5, 5.1, 5.0, 5.0, 4.0, 5.0]","[1.8, 1.8, 1.9, 0.5, -0.1, 0.1, 0.0, -0.5, -1.1, -0.5, -0.2, -1.0, -0.5, -0.9, -0.5, 0.1, -0.0, 0.0, -1.0, -0.0]"
20260817,24,12,1,55.8,"[[""1-2-3"", 0.116], [""1-2-4"", 0.0962], [""1-2-5"", 0.0472], [""1-2-6"", 0.0223]]",2,33.9,"[[""2-1-3"", 0.0446], [""2-1-4"", 0.037], [""2-1-5"", 0.0182]]","[[""1-3-2"", 0.0841], [""1-4-2"", 0.0631], [""1-3-4"", 0.0383], [""3-1-2"", 0.03]]",1-2,0.4249,False,True,0.8218,強,"{""逃げ"": 73.2, ""まくり差し"": 8.4, ""まくり"": 6.8, ""差し"": 6.2, ""抜き"": 4.5, ""恵まれ"": 0.8}","[""0〜600円"", ""600〜750円"", ""750〜900円"", ""900〜1050円"", ""1050〜1220円"", ""1220〜1410円"", ""1410〜1640円"", ""1640〜1890円"", ""1890〜2200円"", ""2200〜2560円"", ""2560〜3020円"", ""3020〜3580円"", ""3580〜4290円"", ""4290〜5220円"", ""5220〜6490円"", ""6490〜8310円"", ""8310〜11220円"", ""11220〜16240円"", ""16240〜28268円"", ""28268円〜""]","[10.9, 8.8, 7.4, 6.4, 6.1, 5.3, 6.0, 4.7, 4.6, 4.2, 4.1, 4.3, 3.9, 3.4, 2.9, 2.9, 3.0, 3.6, 3.1, 4.5]","[5.9, 3.8, 2.4, 1.4, 1.1, 0.3, 1.0, -0.3, -0.4, -0.8, -0.9, -0.7, -1.1, -1.6, -2.1, -2.1, -2.0, -1.4, -1.9, -0.5]"
