date,jcd,r,roughness_score,roughness_bin,probability_label,probability_note,quinella_top1_pair,quinella_top1_prob,quinella_top2_pair,quinella_top2_prob,quinella_top3_pair,quinella_top3_prob,ai_top1_ticket,ai_top1_prob,ai_top2_ticket,ai_top2_prob,ai_top3_ticket,ai_top3_prob,ai_top4_ticket,ai_top4_prob,ai_top5_ticket,ai_top5_prob,ai_top6_ticket,ai_top6_prob,ai_top7_ticket,ai_top7_prob,ai_top8_ticket,ai_top8_prob,ai_top9_ticket,ai_top9_prob,ai_top10_ticket,ai_top10_prob,ai_top11_ticket,ai_top11_prob,ai_top12_ticket,ai_top12_prob,ai_top13_ticket,ai_top13_prob,ai_top14_ticket,ai_top14_prob,ai_top15_ticket,ai_top15_prob,ai_top16_ticket,ai_top16_prob,ai_top17_ticket,ai_top17_prob,ai_top18_ticket,ai_top18_prob,ai_top19_ticket,ai_top19_prob,ai_top20_ticket,ai_top20_prob,similar_count,similar_avg_payout,similar_median_payout,similar_max_payout,similar_under_1000_count,similar_1000_2999_count,similar_3000_9999_count,similar_over_10000_count,similar_under_1000_rate,similar_1000_2999_rate,similar_3000_9999_rate,similar_over_10000_rate,similar_rank1_ticket,similar_rank1_count,similar_rank1_rate,similar_rank2_ticket,similar_rank2_count,similar_rank2_rate,similar_rank3_ticket,similar_rank3_count,similar_rank3_rate,similar_rank4_ticket,similar_rank4_count,similar_rank4_rate,similar_rank5_ticket,similar_rank5_count,similar_rank5_rate,similar_rank6_ticket,similar_rank6_count,similar_rank6_rate,similar_rank7_ticket,similar_rank7_count,similar_rank7_rate,similar_rank8_ticket,similar_rank8_count,similar_rank8_rate,similar_rank9_ticket,similar_rank9_count,similar_rank9_rate,similar_rank10_ticket,similar_rank10_count,similar_rank10_rate
20260726,01,1,0.4698717948717948,rough_Q3,AI予想確率,過去データで実績補正した推定確率です。,1-2,0.22533313930034637,1-4,0.20390598475933075,1-3,0.12743018567562103,1-2-4,0.06772305816411972,1-3-4,0.06747180968523026,1-4-2,0.056806448847055435,2-1-4,0.04971975088119507,1-2-3,0.04601896181702614,4-5-1,0.04570699483156204,4-5-3,0.043951570987701416,1-2-5,0.04345020279288292,4-2-5,0.03641101345419884,4-1-2,0.03553555905818939,1-4-5,0.03382720798254013,3-4-1,0.029493482783436775,4-1-5,0.026201527565717697,1-4-3,0.025987545028328896,1-5-2,0.025882283225655556,4-2-6,0.02530331164598465,1-3-2,0.02525521256029606,2-4-5,0.022788155823946,4-1-3,0.018564807251095772,5-1-4,0.018352728337049484,100,7071.3,3045.0,89690,10,38,37,15,0.1,0.38,0.37,0.15,1-2-4,6,0.06,1-4-2,6,0.06,1-5-2,5,0.05,4-5-1,5,0.05,4-1-5,5,0.05,1-3-2,4,0.04,1-2-3,4,0.04,4-1-2,3,0.03,1-4-5,3,0.03,4-1-3,3,0.03
20260726,01,2,0.7442307692307693,rough_Q5,AI予想確率,過去データで実績補正した推定確率です。,4-5,0.19445058703422546,3-5,0.13906946778297424,2-4,0.09960302710533142,4-5-1,0.052100054919719696,4-5-3,0.0444839671254158,4-5-6,0.0413573682308197,5-3-4,0.0394810326397419,3-5-2,0.032868850976228714,2-4-5,0.032508499920368195,5-6-3,0.032008010894060135,2-3-5,0.029856856912374496,2-4-3,0.02918635681271553,3-4-5,0.02850239723920822,2-1-5,0.026318145915865898,2-5-3,0.026307616382837296,4-2-5,0.023624347522854805,5-4-2,0.02251734957098961,3-5-4,0.02202346734702587,2-3-4,0.02179182879626751,3-2-4,0.01941390335559845,1-2-4,0.01713111251592636,5-2-3,0.016902972012758255,4-3-1,0.01615363359451294,100,7567.6,4370.0,42970,1,28,52,19,0.01,0.28,0.52,0.19,4-5-3,5,0.05,3-5-2,4,0.04,5-1-3,4,0.04,2-1-4,4,0.04,2-4-3,3,0.03,2-1-5,3,0.03,3-1-5,3,0.03,2-3-4,3,0.03,1-3-2,3,0.03,2-4-5,2,0.02
20260726,01,3,0.7987179487179487,rough_Q5,AI予想確率,過去データで実績補正した推定確率です。,2-3,0.18776965141296387,1-2,0.14459525048732758,2-6,0.1161784902215004,2-1-6,0.048448722809553146,2-3-6,0.047258902341127396,3-2-6,0.043119966983795166,2-6-3,0.04187712073326111,2-3-5,0.03457134589552879,3-6-4,0.030141696333885193,6-2-5,0.02863149903714657,2-5-3,0.024129033088684082,2-5-6,0.02388525754213333,1-2-6,0.023282373324036598,3-6-5,0.022447803989052773,2-6-5,0.02204713597893715,2-4-5,0.020999925211071968,1-2-3,0.020134340971708298,3-2-4,0.01996254175901413,5-6-2,0.017113065347075462,2-1-5,0.016901012510061264,2-5-1,0.016520949080586433,6-1-2,0.01611066423356533,1-6-5,0.015449119731783867,100,8336.1,5870.0,48940,1,19,58,22,0.01,0.19,0.58,0.22,1-2-6,4,0.04,3-5-6,4,0.04,5-1-2,3,0.03,5-6-2,3,0.03,1-3-2,3,0.03,3-1-6,3,0.03,2-5-3,3,0.03,2-3-4,3,0.03,1-4-6,3,0.03,2-1-6,3,0.03
20260726,01,4,0.5141025641025642,rough_Q3,AI予想確率,過去データで実績補正した推定確率です。,1-3,0.3765239715576172,3-4,0.14737752079963684,3-6,0.11649603396654129,1-3-6,0.09705864638090134,3-1-4,0.07873699069023132,3-1-6,0.0635683462023735,1-3-2,0.06171145662665367,3-6-1,0.05145203322172165,1-3-4,0.04504259675741196,3-4-6,0.0445234514772892,4-3-6,0.03930390626192093,1-2-3,0.0316569022834301,1-6-3,0.02894277684390545,3-2-6,0.02806936949491501,3-4-1,0.026941239833831787,3-1-2,0.02684088610112667,3-6-4,0.024912234395742416,3-4-2,0.024224571883678436,6-1-4,0.02261069416999817,3-2-4,0.022083735093474388,6-3-1,0.02207118831574917,6-1-3,0.021073419600725174,4-6-1,0.01805453933775425,100,8510.1,3220.0,137080,13,35,34,18,0.13,0.35,0.34,0.18,1-3-6,6,0.06,1-4-3,5,0.05,3-1-6,5,0.05,1-3-4,5,0.05,2-3-1,4,0.04,1-2-4,4,0.04,4-3-1,4,0.04,3-2-4,4,0.04,1-2-3,3,0.03,6-1-3,3,0.03
20260726,01,5,0.5705128205128205,rough_Q4,AI予想確率,過去データで実績補正した推定確率です。,1-3,0.22916999459266663,1-6,0.20925204455852509,3-6,0.1371718794107437,1-3-6,0.10712677985429764,3-2-6,0.054369233548641205,3-6-2,0.05204959213733673,1-3-2,0.0488620363175869,6-1-4,0.047140397131443024,1-6-3,0.04174948111176491,1-6-4,0.03990352526307106,3-6-4,0.03848104178905487,1-2-3,0.03505935147404671,1-6-2,0.033362701535224915,3-1-6,0.03247557580471039,6-1-3,0.028592415153980255,1-2-6,0.02756158448755741,2-3-6,0.025233834981918335,3-4-6,0.02396419644355774,3-6-1,0.02338518388569355,6-2-4,0.02041471190750599,2-6-1,0.019420869648456573,2-1-6,0.018597915768623352,2-1-3,0.016473330557346344,100,6939.9,3215.0,75900,11,37,35,17,0.11,0.37,0.35,0.17,1-3-6,11,0.11,3-1-4,6,0.06,1-3-2,4,0.04,6-3-4,3,0.03,1-6-3,3,0.03,6-1-2,3,0.03,6-1-3,3,0.03,3-2-6,3,0.03,1-6-2,3,0.03,1-2-6,3,0.03
20260726,01,6,0.14871794871794874,rough_Q1,AI予想確率,過去データで実績補正した推定確率です。,1-3,0.46839988231658936,1-2,0.30457499623298645,1-4,0.0827394351363182,1-3-2,0.1791549026966095,1-2-3,0.17500020563602448,1-3-4,0.08860890567302704,3-1-4,0.07925327867269516,1-2-4,0.06995583325624466,1-3-6,0.05671576038002968,1-6-3,0.04310905188322067,1-3-5,0.036326710134744644,1-4-2,0.03399854525923729,1-2-6,0.0313226580619812,3-1-6,0.022944796830415726,1-4-3,0.018618527799844742,1-6-2,0.012060959823429585,1-4-6,0.010795708745718002,1-2-5,0.010352409444749355,1-6-4,0.009824183769524097,4-1-2,0.00892879068851471,3-6-1,0.008846183307468891,2-1-3,0.007964402437210083,1-5-3,0.007804020773619413,100,5355.0,1165.0,99710,42,32,17,9,0.42,0.32,0.17,0.09,1-2-3,18,0.18,1-3-2,10,0.1,1-3-4,8,0.08,1-2-4,7,0.07,1-4-3,5,0.05,1-2-5,4,0.04,1-3-6,4,0.04,1-2-6,4,0.04,1-4-6,4,0.04,1-6-4,3,0.03
20260726,01,7,0.36730769230769234,rough_Q2,AI予想確率,過去データで実績補正した推定確率です。,1-3,0.4412742853164673,1-2,0.21323399245738983,1-5,0.13359414041042328,1-3-5,0.13397563993930817,1-3-2,0.11084708571434021,1-2-3,0.09908171743154526,1-2-5,0.06411122530698776,1-3-4,0.05798602104187012,3-1-5,0.05321595072746277,3-1-4,0.047294873744249344,1-5-3,0.03873751685023308,1-4-5,0.03377693518996239,1-5-2,0.032986707985401154,3-1-2,0.024061940610408783,1-2-4,0.02404254674911499,1-4-3,0.018313925713300705,1-5-4,0.01775958389043808,1-3-6,0.013222279027104378,5-1-3,0.012683270499110222,1-4-2,0.01201514434069395,5-1-6,0.01199186872690916,2-1-3,0.010005194693803787,4-1-5,0.009865870699286461,100,10580.9,2400.0,227960,23,33,23,21,0.23,0.33,0.23,0.21,1-3-2,14,0.14,1-2-3,9,0.09,1-3-4,6,0.06,1-3-5,5,0.05,3-2-1,4,0.04,1-4-2,4,0.04,1-5-3,4,0.04,2-3-1,3,0.03,1-6-2,3,0.03,1-4-3,3,0.03
20260726,01,8,0.38269230769230766,rough_Q2,AI予想確率,過去データで実績補正した推定確率です。,1-5,0.5341362953186035,1-2,0.14740271866321564,1-3,0.10765689611434937,1-5-2,0.2027302235364914,1-5-3,0.14453192055225372,1-2-5,0.0800243616104126,5-2-1,0.06316214054822922,1-3-5,0.061891764402389526,5-1-2,0.05148760601878166,5-1-6,0.04937155917286873,5-1-3,0.04427119344472885,1-5-6,0.03473355993628502,3-5-1,0.032742105424404144,1-2-3,0.031233685091137886,1-6-5,0.02944951504468918,1-3-2,0.025075746700167656,5-3-1,0.010864658281207085,2-1-5,0.010053588077425957,1-2-6,0.009277324192225933,1-3-6,0.008246668614447117,1-2-4,0.0064561208710074425,2-3-5,0.006095387507230043,2-1-6,0.005970423109829426,100,6161.8,1645.0,77020,27,39,22,12,0.27,0.39,0.22,0.12,1-5-2,11,0.11,1-2-5,11,0.11,1-5-3,9,0.09,3-5-1,5,0.05,1-2-3,5,0.05,1-5-6,5,0.05,5-1-3,4,0.04,1-3-5,4,0.04,5-2-3,3,0.03,5-1-2,3,0.03
20260726,01,9,0.675,rough_Q5,AI予想確率,過去データで実績補正した推定確率です。,1-2,0.34459733963012695,1-4,0.17390920221805573,2-4,0.1602472960948944,1-2-4,0.13819167017936707,1-2-3,0.06339123845100403,2-4-5,0.05015310272574425,2-1-4,0.04553942009806633,1-4-5,0.04053034260869026,4-1-5,0.039376936852931976,1-4-2,0.037035468965768814,2-5-3,0.0354628711938858,2-4-6,0.026726817712187767,4-1-2,0.02649351768195629,2-1-5,0.026282809674739838,1-2-5,0.024495676159858704,2-4-3,0.023249302059412003,1-3-2,0.020938627421855927,2-4-1,0.02067277953028679,2-1-6,0.019915027543902397,4-2-6,0.018695220351219177,1-3-4,0.017966242507100105,2-1-3,0.017206406220793724,4-5-2,0.015636511147022247,100,9078.9,3355.0,82020,12,36,29,23,0.12,0.36,0.29,0.23,1-2-4,11,0.11,1-2-3,7,0.07,1-4-2,4,0.04,1-3-5,4,0.04,1-3-2,4,0.04,2-4-1,4,0.04,1-5-2,4,0.04,2-4-5,3,0.03,2-1-5,3,0.03,2-1-6,3,0.03
20260726,01,10,0.39935897435897433,rough_Q2,AI予想確率,過去データで実績補正した推定確率です。,1-2,0.47183141112327576,1-3,0.2874135673046112,1-4,0.08684209734201431,1-2-3,0.17455002665519714,1-3-2,0.15139979124069214,1-2-4,0.14152774214744568,1-3-4,0.07042189687490463,2-1-4,0.04476108402013779,1-2-5,0.042938072234392166,1-3-5,0.031189484521746635,1-4-2,0.030025122687220573,2-1-5,0.02624441869556904,1-4-3,0.02311982586979866,2-1-3,0.019778575748205185,1-2-6,0.018377453088760376,1-3-6,0.012854048982262611,3-1-4,0.011287796311080456,1-5-3,0.010173620656132698,4-6-2,0.009391550906002522,3-2-6,0.008938342332839966,2-3-6,0.008927169255912304,1-4-5,0.007875973358750343,4-1-6,0.007167516276240349,100,5139.5,1480.0,121060,36,32,24,8,0.36,0.32,0.24,0.08,1-2-3,21,0.21,1-3-2,9,0.09,1-2-4,6,0.06,1-6-3,6,0.06,1-3-5,5,0.05,1-4-3,5,0.05,1-2-6,5,0.05,1-4-2,4,0.04,1-3-4,3,0.03,4-2-5,3,0.03
20260726,01,11,0.2474358974358974,rough_Q1,AI予想確率,過去データで実績補正した推定確率です。,1-4,0.34463807940483093,1-2,0.29692190885543823,1-3,0.2463138848543167,1-4-3,0.16502104699611664,1-2-4,0.15663450956344604,1-3-4,0.12945827841758728,1-2-3,0.09993113577365875,1-4-2,0.08967635780572891,1-3-2,0.05755119398236275,1-4-5,0.0415823832154274,1-3-5,0.03147820755839348,4-1-3,0.023235566914081573,1-2-5,0.020086297765374184,3-1-4,0.01166347973048687,1-5-4,0.010647976770997047,4-1-5,0.009177335537970066,1-5-3,0.00864401925355196,4-1-2,0.008011789061129093,2-1-3,0.007647341582924128,2-3-4,0.007332834415137768,1-5-2,0.007119831629097462,2-1-4,0.0063753556460142136,3-4-1,0.00585208460688591,100,6499.3,1695.0,167710,34,31,22,13,0.34,0.31,0.22,0.13,1-2-3,12,0.12,1-4-3,9,0.09,1-3-2,8,0.08,1-2-4,8,0.08,1-4-2,7,0.07,1-3-4,6,0.06,1-5-2,6,0.06,1-3-5,4,0.04,1-2-5,3,0.03,1-5-4,2,0.02
20260726,01,12,0.625,rough_Q4,AI予想確率,過去データで実績補正した推定確率です。,1-3,0.27380049228668213,1-2,0.1687122881412506,3-4,0.14309929311275482,1-2-3,0.08534516394138336,1-3-4,0.07388633489608765,1-3-2,0.05828683823347092,4-3-5,0.054808359593153,1-3-5,0.04996389523148537,3-1-4,0.041338734328746796,3-1-5,0.03288187086582184,1-2-4,0.029374368488788605,1-2-5,0.02725972607731819,3-4-5,0.02527337148785591,4-3-1,0.024571353569626808,3-4-1,0.024040961638092995,3-5-1,0.023378539830446243,1-4-5,0.02332303300499916,1-5-3,0.02322501689195633,1-4-3,0.022796697914600372,3-2-1,0.019621795043349266,2-3-4,0.019458932802081108,4-5-1,0.016891714185476303,1-4-2,0.016083870083093643,100,7305.9,3885.0,40720,12,30,36,22,0.12,0.3,0.36,0.22,1-2-3,9,0.09,1-3-5,6,0.06,1-3-2,6,0.06,1-4-2,4,0.04,3-1-4,4,0.04,1-3-4,3,0.03,1-2-6,3,0.03,1-2-5,3,0.03,4-6-5,2,0.02,2-5-3,2,0.02
20260726,02,1,0.44102564102564096,rough_Q2,AI予想確率,過去データで実績補正した推定確率です。,1-2,0.26576441526412964,1-4,0.18185250461101532,1-3,0.1305922567844391,1-2-4,0.07150378078222275,1-2-3,0.06032032519578934,2-1-4,0.05024551972746849,4-1-5,0.04010581970214844,2-4-1,0.037014447152614594,2-5-1,0.034907322376966476,1-3-4,0.03366110846400261,1-4-2,0.03337905928492546,3-1-2,0.027132002636790276,4-1-3,0.02638431079685688,3-4-1,0.025937005877494812,2-1-5,0.02423623949289322,1-3-2,0.023053159937262535,4-1-6,0.02212284505367279,1-2-6,0.022055543959140778,4-2-6,0.021953903138637543,1-4-5,0.02009156160056591,1-4-6,0.019663237035274506,5-1-6,0.019478553906083107,2-1-3,0.017959659919142723,100,8581.3,4370.0,70430,3,31,40,26,0.03,0.31,0.4,0.26,1-2-3,6,0.06,3-4-1,6,0.06,1-4-6,5,0.05,1-3-4,4,0.04,4-2-1,4,0.04,1-2-4,3,0.03,3-1-5,3,0.03,2-1-4,3,0.03,2-3-1,3,0.03,1-5-2,3,0.03
20260726,02,2,0.5820512820512821,rough_Q4,AI予想確率,過去データで実績補正した推定確率です。,1-2,0.41473621129989624,2-6,0.17450299859046936,2-3,0.15653729438781738,2-1-3,0.10211149603128433,2-1-6,0.07572562247514725,2-1-5,0.06665807962417603,1-2-6,0.06399951875209808,2-6-1,0.0611443817615509,1-2-3,0.05470055714249611,2-6-3,0.04853852093219757,2-3-5,0.04477815330028534,2-6-5,0.04258797690272331,2-3-6,0.03715289756655693,1-3-2,0.02907450869679451,2-3-1,0.026986664161086082,2-5-1,0.025299537926912308,1-2-5,0.02393127791583538,2-1-4,0.021842602640390396,3-2-5,0.020634418353438377,5-6-4,0.018999969586730003,1-6-2,0.01417506206780672,2-5-6,0.01137123815715313,3-2-6,0.011045773513615131,100,9293.2,3545.0,98950,9,36,31,24,0.09,0.36,0.31,0.24,1-2-3,7,0.07,2-1-3,5,0.05,1-2-6,4,0.04,2-3-5,3,0.03,5-2-1,3,0.03,1-3-4,3,0.03,2-5-4,3,0.03,2-3-1,3,0.03,2-6-4,3,0.03,1-3-2,3,0.03
20260726,02,3,0.5544871794871795,rough_Q3,AI予想確率,過去データで実績補正した推定確率です。,1-3,0.3821828067302704,3-4,0.2607448995113373,1-4,0.09929832071065903,3-4-6,0.08246024698019028,1-3-4,0.080985426902771,3-1-4,0.0736900046467781,4-3-6,0.06372801214456558,1-3-6,0.06153407320380211,4-3-1,0.05019405856728554,3-1-6,0.04963316768407822,3-1-5,0.04166083410382271,3-6-1,0.03359192609786987,1-3-2,0.03080243617296219,3-4-5,0.02494044415652752,3-1-2,0.023995013907551765,4-1-6,0.023082973435521126,4-1-5,0.02184574492275715,3-4-1,0.02143457531929016,1-4-3,0.020724577829241753,1-3-5,0.019881844520568848,1-2-6,0.015605451539158821,1-4-6,0.014666659757494926,1-2-3,0.014482772909104824,100,9965.4,4905.0,82460,3,26,42,29,0.03,0.26,0.42,0.29,1-4-3,8,0.08,1-3-4,4,0.04,1-3-6,4,0.04,1-2-4,3,0.03,3-1-5,3,0.03,1-2-3,3,0.03,4-1-5,3,0.03,4-1-3,3,0.03,4-1-6,3,0.03,3-6-1,2,0.02
20260726,02,4,0.7121794871794872,rough_Q5,AI予想確率,過去データで実績補正した推定確率です。,4-5,0.1538180559873581,3-5,0.15203212201595306,1-5,0.14202028512954712,5-3-1,0.04228692874312401,5-4-6,0.041457269340753555,5-1-6,0.041309185326099396,5-1-3,0.04124310240149498,4-5-1,0.03967420011758804,4-5-3,0.037454377859830856,3-5-4,0.03458134084939957,5-6-3,0.03449217230081558,4-3-5,0.03246808052062988,3-2-5,0.03180675581097603,5-6-2,0.02615519054234028,3-5-1,0.02513226866722107,1-3-5,0.02447112649679184,3-5-6,0.02390073984861374,3-1-5,0.02333728037774563,3-4-5,0.021783173084259033,3-2-4,0.017961835488677025,1-3-2,0.017459088936448097,3-4-6,0.01649516634643078,1-2-3,0.015585731714963913,100,8216.3,4745.0,42740,0,31,43,26,0.0,0.31,0.43,0.26,1-3-2,4,0.04,1-2-3,3,0.03,3-2-5,3,0.03,3-4-6,3,0.03,3-1-6,3,0.03,3-2-6,3,0.03,1-2-4,3,0.03,3-1-5,3,0.03,1-5-6,3,0.03,6-3-5,2,0.02
20260726,02,5,0.36474358974358967,rough_Q2,AI予想確率,過去データで実績補正した推定確率です。,1-4,0.4274478852748871,4-5,0.1864609271287918,1-2,0.15500417351722717,1-4-2,0.14394095540046692,1-2-4,0.0906238779425621,1-4-5,0.08711092174053192,4-5-2,0.0595744363963604,4-5-1,0.058419935405254364,4-1-6,0.05394352227449417,4-5-6,0.043399516493082047,4-1-5,0.03967331722378731,1-4-6,0.038132231682538986,1-4-3,0.03157095983624458,1-2-5,0.031393714249134064,4-1-2,0.030748341232538223,1-5-4,0.027084270492196083,4-2-5,0.025818461552262306,4-2-1,0.024909241124987602,2-4-5,0.016814352944493294,1-5-2,0.013900810852646828,2-1-4,0.013196974992752075,1-3-4,0.012499439530074596,5-4-1,0.011960134841501713,100,6883.5,2670.0,64670,12,41,31,16,0.12,0.41,0.31,0.16,1-4-2,7,0.07,4-5-1,6,0.06,4-1-2,5,0.05,1-2-4,5,0.05,1-4-3,5,0.05,1-4-5,4,0.04,4-2-1,4,0.04,4-1-5,4,0.04,1-3-4,4,0.04,1-4-6,3,0.03
20260726,02,6,0.6019230769230769,rough_Q4,AI予想確率,過去データで実績補正した推定確率です。,1-2,0.23471185564994812,1-5,0.1545245200395584,1-3,0.12397485971450806,1-2-6,0.05619443953037262,2-1-5,0.052521705627441406,1-2-5,0.04687684401869774,1-3-6,0.044972456991672516,1-5-3,0.036352839320898056,1-2-3,0.03214607015252113,1-5-2,0.03189299628138542,1-3-2,0.03033401444554329,6-2-5,0.03015030361711979,1-6-2,0.02923494577407837,5-1-6,0.028929242864251137,5-2-1,0.02802521362900734,5-6-1,0.027263261377811432,1-3-5,0.025882218033075333,1-6-5,0.02543364092707634,5-1-2,0.024507498368620872,6-1-2,0.021852469071745872,3-6-2,0.021795710548758507,2-5-1,0.020646527409553528,2-1-3,0.019620489329099655,100,6669.0,3820.0,47080,4,38,40,18,0.04,0.38,0.4,0.18,1-2-6,6,0.06,1-5-3,5,0.05,1-3-6,5,0.05,2-1-5,4,0.04,1-2-3,4,0.04,1-2-5,3,0.03,1-5-2,3,0.03,1-3-2,3,0.03,3-1-5,3,0.03,1-3-5,3,0.03
20260726,02,7,0.1512820512820513,rough_Q1,AI予想確率,過去データで実績補正した推定確率です。,1-2,0.6488320827484131,1-6,0.14680708944797516,1-3,0.11192645132541656,1-2-6,0.24104663729667664,1-2-3,0.1872137039899826,1-6-2,0.09742308408021927,2-1-6,0.07636234909296036,1-2-5,0.07454366981983185,1-3-6,0.04499031603336334,1-3-2,0.041796017438173294,1-2-4,0.0401487797498703,2-1-3,0.02843175269663334,1-6-3,0.020053628832101822,1-4-2,0.013195283710956573,1-3-4,0.012125089764595032,1-6-4,0.009780094027519226,6-1-4,0.008046584203839302,1-4-3,0.007903655990958214,1-4-6,0.007262582890689373,1-3-5,0.007120764814317226,2-6-1,0.006729920860379934,3-2-1,0.005281268619000912,6-1-3,0.004994808696210384,100,7152.2,1380.0,99290,37,33,17,13,0.37,0.33,0.17,0.13,1-2-3,14,0.14,1-3-6,10,0.1,1-2-4,8,0.08,1-2-6,8,0.08,1-3-2,8,0.08,1-4-2,6,0.06,1-3-4,4,0.04,1-3-5,4,0.04,1-6-4,3,0.03,3-1-6,2,0.02
20260726,02,8,0.6685897435897437,rough_Q5,AI予想確率,過去データで実績補正した推定確率です。,1-3,0.25398334860801697,3-5,0.21083571016788483,3-6,0.11205939203500748,3-1-5,0.049601975828409195,3-1-6,0.04687336087226868,1-3-6,0.04486996680498123,3-5-2,0.0448477640748024,5-3-1,0.04359392449259758,3-4-5,0.040592823177576065,1-3-5,0.03897527605295181,5-6-3,0.038791779428720474,3-5-6,0.035449814051389694,3-2-6,0.034971948713064194,3-5-1,0.03196375072002411,3-5-4,0.02930164337158203,3-6-5,0.02846682257950306,3-1-4,0.02675648406147957,1-3-2,0.02432793378829956,3-6-2,0.022578991949558258,3-6-4,0.022358141839504242,3-6-1,0.021465256810188293,1-5-6,0.021298695355653763,1-2-3,0.01565920189023018,100,7006.5,3465.0,42240,6,37,35,22,0.06,0.37,0.35,0.22,3-1-5,6,0.06,1-2-3,5,0.05,1-6-3,5,0.05,3-5-1,5,0.05,3-1-6,5,0.05,1-3-4,5,0.05,1-3-6,4,0.04,3-6-2,3,0.03,2-1-5,3,0.03,1-4-5,3,0.03
20260726,02,9,0.676923076923077,rough_Q5,AI予想確率,過去データで実績補正した推定確率です。,1-2,0.24760156869888306,2-6,0.10534781962633133,2-5,0.09835889935493469,1-2-6,0.06059159338474274,2-1-6,0.05579530820250511,3-5-6,0.05120786651968956,1-2-5,0.042726222425699234,2-6-5,0.04177810251712799,2-3-6,0.03923115134239197,2-1-5,0.032456181943416595,1-6-5,0.02944278158247471,2-5-6,0.02784842997789383,1-5-2,0.026515668258070946,1-2-3,0.025773389264941216,2-6-1,0.023590294644236565,2-5-1,0.02163528837263584,1-3-2,0.021493760868906975,5-2-6,0.020580314099788666,5-6-1,0.019736317917704582,1-5-6,0.01949380338191986,1-3-6,0.018200689926743507,1-6-2,0.017605025321245193,6-2-1,0.01640585996210575,100,8437.2,3835.0,80530,3,40,35,22,0.03,0.4,0.35,0.22,1-2-3,5,0.05,1-3-2,5,0.05,1-2-6,5,0.05,1-5-2,5,0.05,1-6-2,4,0.04,1-2-5,3,0.03,2-1-4,3,0.03,1-3-5,3,0.03,5-4-6,3,0.03,2-1-5,3,0.03
20260726,02,10,0.7102564102564103,rough_Q5,AI予想確率,過去データで実績補正した推定確率です。,1-2,0.21812734007835388,1-5,0.13691771030426025,2-5,0.1355549544095993,1-2-5,0.10724348574876785,3-2-5,0.048709213733673096,5-1-3,0.04646983742713928,2-5-3,0.03538551926612854,2-3-5,0.03510431945323944,1-5-3,0.03364323452115059,2-1-5,0.03233013302087784,1-3-2,0.03231397271156311,3-5-2,0.02993866428732872,1-3-5,0.02677490934729576,1-2-3,0.026131650432944298,2-5-1,0.02601883001625538,3-5-1,0.021438274532556534,3-5-6,0.02099684067070484,2-1-3,0.019873857498168945,3-1-2,0.01937967538833618,5-2-1,0.01911572925746441,5-2-6,0.019061820581555367,5-2-3,0.01867801696062088,5-3-2,0.01833745464682579,100,7654.9,4170.0,69100,3,36,39,22,0.03,0.36,0.39,0.22,1-2-5,7,0.07,1-2-3,4,0.04,1-3-2,4,0.04,5-1-3,4,0.04,1-2-6,4,0.04,1-5-3,3,0.03,3-1-5,3,0.03,2-3-5,3,0.03,3-1-2,3,0.03,1-3-5,3,0.03
20260726,02,11,0.616025641025641,rough_Q4,AI予想確率,過去データで実績補正した推定確率です。,1-2,0.44083207845687866,2-3,0.10506288707256317,1-3,0.09805398434400558,1-2-3,0.11085216701030731,1-2-5,0.07524829357862473,2-1-5,0.057803619652986526,4-2-6,0.056823886930942535,2-1-3,0.05099998787045479,1-2-4,0.04900979995727539,2-3-5,0.046738702803850174,1-3-2,0.03694455325603485,2-1-4,0.035698097199201584,2-1-6,0.032285116612911224,1-2-6,0.028934990987181664,1-5-2,0.02719620056450367,1-3-5,0.02600536309182644,2-5-3,0.02425374835729599,2-5-1,0.02393060363829136,3-2-5,0.02315366640686989,5-1-2,0.01781846210360527,3-1-2,0.012922622263431549,2-4-5,0.011778805404901505,1-5-3,0.011153047904372215,100,7625.0,3105.0,52980,14,35,28,23,0.14,0.35,0.28,0.23,1-3-2,8,0.08,1-2-3,7,0.07,1-2-5,5,0.05,1-5-3,5,0.05,1-2-4,4,0.04,2-1-3,4,0.04,3-2-5,3,0.03,1-3-6,3,0.03,1-5-2,3,0.03,2-5-1,3,0.03
20260726,02,12,0.2551282051282051,rough_Q1,AI予想確率,過去データで実績補正した推定確率です。,1-5,0.3555009663105011,1-2,0.26655125617980957,1-4,0.12782178819179535,1-2-5,0.1487942636013031,1-5-2,0.1003197655081749,1-5-4,0.06838760524988174,1-5-6,0.06192772835493088,1-4-5,0.05105096101760864,5-1-2,0.04728125408291817,1-2-6,0.042009223252534866,1-4-6,0.039118245244026184,5-1-6,0.03459024801850319,1-3-5,0.033264417201280594,1-5-3,0.0324460007250309,1-3-2,0.02875332534313202,1-2-3,0.027951568365097046,1-6-2,0.027714531868696213,1-2-4,0.021419625729322433,2-1-5,0.021003523841500282,1-4-2,0.017390456050634384,1-6-5,0.01645510643720627,2-4-5,0.012349124997854233,6-1-5,0.010778956115245819,100,7102.6,2510.0,134460,8,54,22,16,0.08,0.54,0.22,0.16,1-2-6,7,0.07,1-4-5,6,0.06,1-5-4,6,0.06,1-3-2,6,0.06,1-2-5,6,0.06,1-5-2,5,0.05,1-4-2,5,0.05,1-2-4,5,0.05,1-2-3,4,0.04,1-4-6,3,0.03
20260726,03,1,0.3967948717948718,rough_Q2,AI予想確率,過去データで実績補正した推定確率です。,1-2,0.29048797488212585,1-3,0.2510918080806732,1-5,0.16929127275943756,1-2-3,0.11417219787836075,1-2-5,0.07742812484502792,1-3-2,0.06899268180131912,1-3-5,0.06641935557126999,1-5-3,0.06016537547111511,1-5-2,0.04779273271560669,1-3-4,0.04007379338145256,1-2-4,0.04000702500343323,4-1-5,0.028110958635807037,3-1-5,0.02643638290464878,1-4-2,0.025166770443320274,1-4-3,0.024774767458438873,1-3-6,0.021874411031603813,1-4-5,0.021144574508070946,1-5-4,0.020589064806699753,1-2-6,0.019403479993343353,2-1-5,0.015302457846701145,4-5-6,0.013306951150298119,2-1-4,0.011925751343369484,2-1-3,0.011518007144331932,100,7053.6,3450.0,53590,14,30,34,22,0.14,0.3,0.34,0.22,1-2-3,9,0.09,1-3-5,5,0.05,1-2-4,5,0.05,1-4-6,5,0.05,1-3-2,4,0.04,1-3-4,4,0.04,1-5-3,4,0.04,1-2-6,4,0.04,1-2-5,4,0.04,3-1-4,3,0.03
20260726,03,2,0.6833333333333333,rough_Q5,AI予想確率,過去データで実績補正した推定確率です。,1-4,0.283223956823349,1-2,0.19597788155078888,2-4,0.11305802315473557,1-2-4,0.06973690539598465,1-4-2,0.06925349682569504,4-5-1,0.04941053315997124,4-1-6,0.04713545739650726,4-1-5,0.045759037137031555,1-4-3,0.04198042303323746,2-1-4,0.0360497310757637,1-4-6,0.026651116088032722,3-2-4,0.025868192315101624,1-2-3,0.023523546755313873,2-3-6,0.022154193371534348,2-1-3,0.02213979698717594,4-1-2,0.021157000213861465,4-2-1,0.01978488080203533,4-6-5,0.019741788506507874,2-4-5,0.01972418650984764,4-5-2,0.019597025588154793,4-5-3,0.019415589049458504,1-3-2,0.01920795440673828,4-6-1,0.018527356907725334,100,6504.8,4025.0,42180,0,33,52,15,0.0,0.33,0.52,0.15,1-2-3,7,0.07,1-2-4,6,0.06,1-3-6,4,0.04,2-4-6,4,0.04,1-4-2,4,0.04,1-3-4,4,0.04,1-3-2,3,0.03,2-1-5,3,0.03,2-4-1,3,0.03,4-5-1,3,0.03
20260726,03,3,0.7333333333333333,rough_Q5,AI予想確率,過去データで実績補正した推定確率です。,2-4,0.15493667125701904,4-6,0.13183538615703583,1-2,0.11496477574110031,4-2-6,0.05773579329252243,4-6-2,0.05327437072992325,4-6-5,0.045482177287340164,2-4-6,0.041294313967227936,4-5-6,0.037825800478458405,4-3-6,0.03676474839448929,1-2-6,0.033789947628974915,3-5-6,0.025599949061870575,3-6-4,0.021046999841928482,1-4-2,0.020432543009519577,1-6-4,0.02019677497446537,2-6-4,0.01913880929350853,2-1-6,0.018120894208550453,4-1-6,0.017773175612092018,4-2-5,0.017528438940644264,4-5-1,0.017406126484274864,1-2-3,0.017097629606723785,2-6-1,0.016889380291104317,1-4-6,0.01611143723130226,2-4-1,0.016067221760749817,100,8910.2,5790.0,43560,0,24,46,30,0.0,0.24,0.46,0.3,1-2-6,6,0.06,1-4-6,4,0.04,1-2-5,4,0.04,2-1-3,4,0.04,4-6-5,3,0.03,2-3-6,3,0.03,2-4-3,3,0.03,1-5-3,3,0.03,4-6-2,3,0.03,2-4-5,3,0.03
20260726,03,4,0.6525641025641026,rough_Q4,AI予想確率,過去データで実績補正した推定確率です。,1-2,0.3850848078727722,1-4,0.15848146378993988,2-4,0.09296947717666626,1-2-4,0.08930833637714386,1-2-6,0.06481664627790451,1-2-3,0.05716167017817497,2-1-4,0.055516958236694336,2-1-6,0.05144823342561722,1-4-2,0.03944877162575722,2-1-3,0.034457266330718994,2-6-1,0.02934904210269451,1-3-2,0.0290201585739851,1-4-6,0.028304098173975945,1-6-2,0.025587640702724457,4-1-2,0.02485571801662445,4-1-6,0.024737190455198288,4-2-1,0.02306179888546467,1-3-6,0.020757613703608513,1-2-5,0.019520357251167297,1-3-4,0.018645154312253,1-4-3,0.0171643253415823,2-6-3,0.013419062830507755,2-1-5,0.01285535842180252,100,7185.2,3890.0,70840,2,35,45,18,0.02,0.35,0.45,0.18,2-1-4,8,0.08,1-2-3,6,0.06,1-2-4,6,0.06,1-2-6,4,0.04,2-1-3,4,0.04,1-4-2,3,0.03,2-6-1,3,0.03,4-6-1,3,0.03,2-1-6,3,0.03,3-2-6,3,0.03
20260726,03,5,0.5974358974358974,rough_Q4,AI予想確率,過去データで実績補正した推定確率です。,1-2,0.20177029073238373,1-5,0.1766580194234848,4-5,0.17551185190677643,1-5-4,0.07740440219640732,1-2-5,0.0607774518430233,1-4-5,0.056728169322013855,4-5-1,0.05053122714161873,4-5-2,0.04902277886867523,2-1-5,0.041468918323516846,1-2-4,0.0343816764652729,1-4-2,0.03131365031003952,2-4-5,0.030266936868429184,1-5-2,0.028265824541449547,1-2-3,0.023902947083115578,2-1-4,0.02214663475751877,4-5-3,0.02180175483226776,4-1-5,0.02050033211708069,4-5-6,0.02031266689300537,4-1-2,0.020136257633566856,5-1-2,0.019948221743106842,1-3-5,0.01983492821455002,1-5-3,0.018653709441423416,5-4-1,0.016069751232862473,100,7941.3,3530.0,156700,7,31,43,19,0.07,0.31,0.43,0.19,1-2-4,6,0.06,1-2-5,6,0.06,2-1-4,5,0.05,1-4-5,5,0.05,1-5-2,5,0.05,4-5-1,4,0.04,5-1-2,3,0.03,1-3-2,3,0.03,4-5-2,2,0.02,4-5-6,2,0.02
20260726,03,6,0.7448717948717949,rough_Q5,AI予想確率,過去データで実績補正した推定確率です。,1-2,0.2850322127342224,2-3,0.22120964527130127,1-3,0.10550656169652939,1-2-3,0.08468019217252731,2-1-3,0.06349081546068192,2-3-6,0.04849587753415108,2-3-5,0.04845843464136124,2-5-3,0.04294600337743759,3-2-6,0.04102664068341255,1-3-2,0.03401792794466019,2-1-4,0.031027572229504585,1-2-6,0.026997672393918037,2-1-5,0.025319308042526245,2-3-4,0.025094343349337578,2-4-3,0.023019563406705856,1-2-4,0.02255346067249775,3-2-5,0.020324384793639183,2-3-1,0.018502701073884964,2-5-1,0.01819128543138504,2-1-6,0.016211623325943947,3-1-2,0.015093976631760597,1-2-5,0.014751559123396873,1-3-5,0.013801907189190388,100,6089.5,2705.0,42800,6,49,27,18,0.06,0.49,0.27,0.18,2-1-3,8,0.08,1-3-2,7,0.07,1-2-3,6,0.06,1-2-5,5,0.05,2-3-4,5,0.05,2-3-1,4,0.04,2-1-5,3,0.03,3-2-1,3,0.03,2-1-4,3,0.03,3-2-6,3,0.03
20260726,03,7,0.4737179487179487,rough_Q3,AI予想確率,過去データで実績補正した推定確率です。,1-4,0.3638229966163635,1-2,0.15261316299438477,3-4,0.10080291330814362,1-4-2,0.08099164813756943,1-4-6,0.07503210008144379,1-2-4,0.06588640809059143,4-1-6,0.05771461874246597,4-5-1,0.050221364945173264,4-3-2,0.049178145825862885,1-4-3,0.04709881171584129,1-3-4,0.03827318549156189,4-2-1,0.032148268073797226,1-2-3,0.03203439339995384,4-1-2,0.028643393889069557,1-4-5,0.026928618550300598,4-1-5,0.026577958837151527,4-6-3,0.025049423798918724,1-3-2,0.024567337706685066,2-1-4,0.022462572902441025,4-5-6,0.022437339648604393,4-1-3,0.020835883915424347,4-3-6,0.019825663417577744,1-6-4,0.015698032453656197,100,7401.1,3335.0,122250,3,44,40,13,0.03,0.44,0.4,0.13,1-4-3,6,0.06,4-1-6,6,0.06,1-4-2,5,0.05,2-1-3,5,0.05,1-2-4,5,0.05,1-3-5,4,0.04,1-4-6,4,0.04,4-1-3,4,0.04,1-4-5,4,0.04,1-3-4,4,0.04
20260726,03,8,0.7070512820512821,rough_Q5,AI予想確率,過去データで実績補正した推定確率です。,1-3,0.3351134955883026,2-3,0.11267636716365814,3-4,0.09194377809762955,1-3-6,0.08525905013084412,3-1-6,0.062231071293354034,4-6-3,0.052161604166030884,3-2-6,0.049162689596414566,1-3-4,0.04651062935590744,3-1-5,0.039526063948869705,1-3-2,0.03923668712377548,3-6-1,0.031375084072351456,3-6-2,0.02815391682088375,1-2-3,0.025315871462225914,3-1-2,0.02387022227048874,3-1-4,0.022701013833284378,3-4-6,0.02179356850683689,1-4-6,0.019175594672560692,3-4-1,0.018092896789312363,1-3-5,0.015778783708810806,1-2-6,0.015494505874812603,4-1-5,0.015408346429467201,2-1-3,0.015300501137971878,3-2-1,0.013777541927993298,100,7818.8,4910.0,63500,7,29,38,26,0.07,0.29,0.38,0.26,1-2-3,8,0.08,3-1-6,5,0.05,1-4-3,4,0.04,1-3-4,3,0.03,1-3-6,3,0.03,3-4-2,3,0.03,2-3-4,3,0.03,1-2-6,3,0.03,3-4-1,3,0.03,1-2-5,2,0.02
20260726,03,9,0.783974358974359,rough_Q5,AI予想確率,過去データで実績補正した推定確率です。,1-4,0.22752024233341217,1-2,0.18869319558143616,1-3,0.10820062458515167,4-1-2,0.05606801435351372,1-2-4,0.04627746716141701,4-1-5,0.042712945491075516,1-2-6,0.040623508393764496,1-3-4,0.03895644471049309,1-4-3,0.03383626788854599,4-6-5,0.03084425814449787,2-1-4,0.029258592054247856,1-2-3,0.025434434413909912,2-4-3,0.024332107976078987,3-4-5,0.023887746036052704,1-4-2,0.022946476936340332,1-4-6,0.02257082611322403,1-3-2,0.02082710526883602,4-1-3,0.02069970592856407,2-1-3,0.02061469852924347,1-4-5,0.018764900043606758,1-3-6,0.01821565069258213,4-2-1,0.01818106323480606,4-5-1,0.018081726506352425,100,9880.4,4410.0,164600,5,27,46,22,0.05,0.27,0.46,0.22,2-1-3,7,0.07,4-1-2,5,0.05,1-2-3,5,0.05,1-2-4,4,0.04,1-2-6,4,0.04,1-4-5,3,0.03,4-5-6,3,0.03,1-3-2,3,0.03,4-2-1,3,0.03,1-4-2,3,0.03
20260726,03,10,0.6044871794871794,rough_Q4,AI予想確率,過去データで実績補正した推定確率です。,1-3,0.2350364327430725,1-4,0.16959896683692932,1-5,0.13463972508907318,1-3-4,0.05627927929162979,3-1-5,0.05182249844074249,4-6-5,0.04802950844168663,1-3-5,0.04337877035140991,1-6-4,0.04183243587613106,1-4-2,0.033551402390003204,1-6-5,0.02968832291662693,1-3-6,0.02947666123509407,1-5-6,0.029216354712843895,1-5-4,0.02878938987851143,1-2-3,0.02873394265770912,1-4-3,0.028137406334280968,4-1-6,0.026820629835128784,3-6-5,0.02658560313284397,1-3-2,0.02361459843814373,1-4-5,0.0233120396733284,5-1-6,0.02305723913013935,1-5-2,0.022785210981965065,1-4-6,0.021649714559316635,1-2-4,0.02048957347869873,100,6944.9,3250.0,68150,4,42,36,18,0.04,0.42,0.36,0.18,1-3-5,8,0.08,1-2-6,6,0.06,1-3-4,5,0.05,1-2-3,5,0.05,1-5-2,5,0.05,1-2-4,5,0.05,1-5-6,4,0.04,3-1-5,3,0.03,5-3-6,3,0.03,1-6-2,3,0.03
20260726,03,11,0.6596153846153846,rough_Q4,AI予想確率,過去データで実績補正した推定確率です。,1-3,0.3625018000602722,1-2,0.2710612714290619,2-3,0.12883895635604858,1-3-2,0.16318421065807343,1-2-3,0.0969049409031868,1-3-6,0.06896010041236877,1-2-6,0.060728251934051514,2-3-6,0.04676586762070656,3-1-6,0.0376322977244854,2-1-3,0.030659301206469536,3-1-2,0.029462222009897232,4-3-6,0.025905994698405266,1-3-4,0.02508486621081829,1-2-4,0.024869700893759727,2-1-4,0.023439830169081688,3-4-6,0.023418134078383446,2-3-4,0.02249831333756447,1-3-5,0.020309867337346077,3-2-1,0.01884874328970909,1-2-5,0.01743580400943756,1-6-3,0.015601083636283875,1-6-2,0.014343759045004845,2-1-6,0.013777932152152061,100,7906.2,2515.0,161810,19,39,28,14,0.19,0.39,0.28,0.14,1-2-3,10,0.1,1-3-2,8,0.08,1-3-6,7,0.07,2-3-1,6,0.06,1-2-4,6,0.06,1-4-3,6,0.06,1-3-4,5,0.05,2-1-3,5,0.05,1-6-2,4,0.04,1-2-5,4,0.04
20260726,03,12,0.5134615384615385,rough_Q3,AI予想確率,過去データで実績補正した推定確率です。,1-2,0.24452045559883118,1-4,0.21932347118854523,1-3,0.21822576224803925,1-3-4,0.09331323951482773,1-2-4,0.08282352238893509,1-2-6,0.04387999325990677,1-4-5,0.04384113475680351,1-2-5,0.041987258940935135,1-4-3,0.041387077420949936,1-3-2,0.041166409850120544,1-4-2,0.041125521063804626,1-3-6,0.03886466473340988,1-2-3,0.0385134331882,1-5-6,0.03184586763381958,1-4-6,0.030452536419034004,4-1-2,0.025118861347436905,1-3-5,0.023946890607476234,1-5-4,0.021770283579826355,1-5-2,0.020611925050616264,1-5-3,0.018230857327580452,2-1-4,0.016652464866638184,4-1-5,0.014482483267784119,4-1-6,0.014295306988060474,100,7168.4,2975.0,111250,7,44,34,15,0.07,0.44,0.34,0.15,1-2-3,9,0.09,1-3-4,7,0.07,1-3-2,6,0.06,1-5-2,5,0.05,1-3-5,5,0.05,1-6-2,5,0.05,1-4-2,5,0.05,1-2-6,4,0.04,1-2-4,3,0.03,1-4-3,3,0.03
20260726,04,1,0.6141025641025641,rough_Q4,AI予想確率,過去データで実績補正した推定確率です。,2-3,0.3144417405128479,1-3,0.2391892373561859,1-2,0.13762423396110535,3-2-6,0.08641985803842545,2-3-6,0.06915752589702606,3-1-6,0.06332390755414963,6-1-3,0.059684235602617264,1-3-2,0.0546049065887928,2-3-1,0.05264478176832199,3-2-4,0.05254274979233742,1-2-3,0.05081531032919884,1-3-6,0.04887527972459793,3-1-2,0.04852379485964775,2-1-3,0.04816439375281334,3-6-2,0.046341802924871445,3-2-1,0.03195401653647423,3-4-2,0.023984696716070175,2-6-3,0.023355633020401,1-6-2,0.022097373381257057,1-2-6,0.016676168888807297,6-3-1,0.015090560540556908,1-6-3,0.014871216379106045,2-1-6,0.01047492679208517,100,7237.7,3090.0,60030,5,44,32,19,0.05,0.44,0.32,0.19,2-1-3,6,0.06,3-2-6,5,0.05,3-1-2,4,0.04,3-6-4,4,0.04,3-6-2,3,0.03,5-3-2,3,0.03,1-2-6,3,0.03,2-3-4,3,0.03,1-3-2,3,0.03,2-4-1,3,0.03
20260726,04,2,0.11858974358974358,rough_Q1,AI予想確率,過去データで実績補正した推定確率です。,1-5,0.30448102951049805,1-2,0.28362753987312317,1-3,0.24262072145938873,1-5-3,0.13692687451839447,1-2-5,0.1310415416955948,1-3-2,0.10659477859735489,1-2-3,0.10435114055871964,1-3-5,0.10132354497909546,1-5-2,0.0648011863231659,1-4-5,0.0502207949757576,5-1-3,0.04821041598916054,1-5-4,0.0319584459066391,1-2-4,0.026915473863482475,1-3-4,0.01894211769104004,2-1-3,0.01493139285594225,2-5-3,0.010896889492869377,5-1-2,0.010518312454223633,4-1-2,0.010443374514579773,1-4-2,0.009165860712528229,3-5-1,0.00819161906838417,5-1-4,0.007931583561003208,5-3-4,0.007347594015300274,3-2-1,0.006516516208648682,100,7379.7,1670.0,119620,22,45,19,14,0.22,0.45,0.19,0.14,1-3-2,9,0.09,1-2-5,9,0.09,1-3-5,8,0.08,1-2-3,6,0.06,1-2-4,6,0.06,1-3-4,6,0.06,1-5-2,5,0.05,1-4-5,4,0.04,1-4-2,4,0.04,1-2-6,3,0.03
20260726,04,3,0.6698717948717949,rough_Q5,AI予想確率,過去データで実績補正した推定確率です。,2-3,0.22613033652305603,2-6,0.2087632119655609,1-2,0.20412881672382355,2-6-1,0.0874338299036026,2-3-6,0.0739339143037796,3-2-6,0.07078570127487183,2-1-6,0.06980501115322113,2-1-3,0.055643994361162186,6-2-1,0.043068110942840576,2-6-3,0.03841223940253258,1-2-6,0.038015902042388916,1-6-2,0.033187951892614365,6-1-2,0.031271953135728836,3-1-6,0.03052837774157524,2-5-6,0.030279232189059258,3-6-5,0.027746180072426796,3-6-2,0.027730107307434082,2-3-5,0.026091717183589935,2-6-5,0.022208664566278458,1-3-2,0.01979508250951767,2-3-1,0.019343867897987366,6-3-2,0.01901218853890896,1-2-3,0.017700081691145897,100,6936.9,3715.0,46600,5,35,40,20,0.05,0.35,0.4,0.2,2-1-3,9,0.09,1-3-2,6,0.06,3-2-6,5,0.05,2-1-6,5,0.05,2-3-5,4,0.04,1-3-6,3,0.03,1-2-6,3,0.03,2-3-6,3,0.03,2-6-4,3,0.03,3-2-4,3,0.03
20260726,04,4,0.6717948717948719,rough_Q5,AI予想確率,過去データで実績補正した推定確率です。,2-3,0.33380216360092163,2-4,0.15788938105106354,1-2,0.1573089212179184,2-3-4,0.08388813585042953,3-2-6,0.07294316589832306,2-3-6,0.06829139590263367,3-2-4,0.049895189702510834,2-4-6,0.046897195279598236,2-1-6,0.041132327169179916,2-4-3,0.04098424315452576,2-1-3,0.03839000314474106,2-1-4,0.03220934793353081,2-4-1,0.028695138171315193,2-6-3,0.026384593918919563,2-3-1,0.02370348386466503,3-2-1,0.02335038222372532,1-6-4,0.022791452705860138,1-2-3,0.021278398111462593,3-4-6,0.019937559962272644,2-6-1,0.018369222059845924,3-1-6,0.017497122287750244,3-4-1,0.016918178647756577,6-2-4,0.016565794125199318,100,7508.4,4000.0,54310,5,31,45,19,0.05,0.31,0.45,0.19,1-3-2,6,0.06,2-1-3,5,0.05,2-4-1,4,0.04,2-4-6,4,0.04,2-3-6,4,0.04,2-4-3,3,0.03,2-3-4,3,0.03,3-2-6,3,0.03,1-2-4,3,0.03,4-3-2,3,0.03
20260726,04,5,0.6096153846153847,rough_Q4,AI予想確率,過去データで実績補正した推定確率です。,1-3,0.363899290561676,3-5,0.2094648778438568,2-3,0.13148456811904907,1-3-5,0.12932193279266357,3-5-2,0.06583692878484726,1-3-6,0.06408534198999405,3-5-1,0.05176102742552757,1-3-2,0.04868822544813156,3-1-5,0.043624453246593475,3-2-6,0.043274860829114914,3-1-6,0.039519742131233215,3-6-5,0.03836346045136452,3-2-5,0.03768143802881241,3-5-6,0.03580614924430847,1-2-3,0.033182982355356216,3-1-2,0.02895529754459858,1-5-3,0.025392787531018257,3-6-1,0.024713566526770592,3-2-1,0.020234640687704086,3-5-4,0.019747285172343254,3-6-2,0.019343258813023567,5-3-6,0.018861722201108932,5-1-6,0.016899216920137405,100,7259.7,3190.0,121040,8,40,34,18,0.08,0.4,0.34,0.18,1-2-3,7,0.07,3-5-2,7,0.07,1-3-5,5,0.05,3-2-5,4,0.04,1-5-3,4,0.04,1-3-6,4,0.04,3-5-6,3,0.03,3-6-5,3,0.03,3-2-6,3,0.03,2-3-5,2,0.02
20260726,04,6,0.42115384615384616,rough_Q2,AI予想確率,過去データで実績補正した推定確率です。,1-2,0.3119160234928131,1-6,0.2573297321796417,2-6,0.15231108665466309,1-2-6,0.1284704953432083,2-6-1,0.0988001823425293,2-1-4,0.08365298807621002,1-6-4,0.08244173228740692,6-1-2,0.06263630837202072,2-1-6,0.051714420318603516,1-6-2,0.05096778646111488,4-6-1,0.04745737463235855,4-6-2,0.04534205049276352,6-1-4,0.04122422635555267,1-2-4,0.03310681879520416,6-2-1,0.02570507489144802,4-2-6,0.02218136191368103,4-1-6,0.02099088951945305,1-4-2,0.017125200480222702,2-3-6,0.01639656163752079,2-4-6,0.013804367743432522,1-6-3,0.011776993982493877,1-4-6,0.011335945688188076,6-2-3,0.010681543499231339,100,6431.8,3290.0,60930,10,37,42,11,0.1,0.37,0.42,0.11,1-4-6,5,0.05,1-4-2,5,0.05,2-1-6,5,0.05,1-2-3,5,0.05,1-6-2,4,0.04,1-2-4,4,0.04,1-2-6,4,0.04,4-6-2,4,0.04,4-6-1,3,0.03,2-6-1,3,0.03
20260726,04,7,0.541025641025641,rough_Q3,AI予想確率,過去データで実績補正した推定確率です。,1-2,0.3102826178073883,2-3,0.3074272871017456,1-3,0.15660329163074493,2-3-1,0.12761013209819794,1-2-3,0.10435853153467178,2-1-3,0.08746950328350067,2-1-6,0.060520511120557785,1-3-2,0.055597104132175446,2-3-6,0.0535944439470768,3-2-5,0.03612738847732544,3-2-6,0.034326665103435516,3-5-6,0.034095119684934616,3-6-2,0.03225661814212799,3-1-2,0.031368009746074677,2-3-5,0.03031199239194393,3-1-6,0.024619311094284058,2-1-5,0.022791266441345215,3-2-1,0.022453758865594864,3-5-1,0.02202928066253662,3-1-5,0.021725131198763847,3-5-2,0.02123313955962658,2-6-3,0.02017274685204029,1-2-6,0.017148688435554504,100,6701.2,2875.0,67280,12,40,31,17,0.12,0.4,0.31,0.17,2-1-3,8,0.08,1-2-3,7,0.07,2-1-5,6,0.06,2-3-1,5,0.05,1-3-2,5,0.05,3-1-6,4,0.04,3-1-5,3,0.03,2-1-6,3,0.03,3-2-1,3,0.03,1-3-6,3,0.03
20260726,04,8,0.36217948717948717,rough_Q2,AI予想確率,過去データで実績補正した推定確率です。,1-4,0.36496391892433167,4-5,0.25112903118133545,1-6,0.09179467707872391,4-5-2,0.07800061255693436,1-4-2,0.07750146090984344,1-4-5,0.07032651454210281,1-6-4,0.05916820839047432,4-5-1,0.0568343847990036,5-4-6,0.0538383312523365,1-4-6,0.05279046297073364,4-1-6,0.052303679287433624,4-5-6,0.05208272859454155,4-1-5,0.04987049102783203,4-1-2,0.04760115221142769,4-6-5,0.04099283367395401,1-5-4,0.03206203877925873,1-2-4,0.02895990200340748,5-1-6,0.026325633749365807,1-2-6,0.0169996190816164,1-5-2,0.016288628801703453,1-4-3,0.012046199291944504,1-6-5,0.011439814232289791,2-1-4,0.009708741679787636,100,7854.0,2870.0,80730,10,41,30,19,0.1,0.41,0.3,0.19,4-1-5,7,0.07,1-4-5,6,0.06,1-2-4,5,0.05,1-6-4,5,0.05,4-1-2,4,0.04,1-4-6,4,0.04,5-4-1,4,0.04,1-4-2,3,0.03,1-4-3,3,0.03,1-5-4,3,0.03
20260726,04,9,0.39871794871794874,rough_Q2,AI予想確率,過去データで実績補正した推定確率です。,2-4,0.33725258708000183,1-2,0.27330300211906433,1-4,0.23382249474525452,1-2-4,0.1425171196460724,4-2-5,0.11250237375497818,2-1-4,0.09028453379869461,1-4-2,0.08684733510017395,2-4-1,0.06758233159780502,4-1-2,0.060256268829107285,2-4-5,0.05077077075839043,4-2-1,0.050664227455854416,4-5-2,0.04943998157978058,4-1-5,0.042255207896232605,2-4-3,0.033057522028684616,4-2-3,0.02146744728088379,4-5-1,0.01984536275267601,1-4-3,0.017733043059706688,2-3-4,0.015481306239962578,2-1-5,0.013487514108419418,1-4-5,0.0124650364741683,2-1-3,0.011585809290409088,4-1-3,0.010086880065500736,1-2-5,0.007658367045223713,100,5209.6,2275.0,41230,19,38,29,14,0.19,0.38,0.29,0.14,2-1-4,8,0.08,1-2-4,8,0.08,1-2-5,6,0.06,1-4-2,6,0.06,2-1-5,5,0.05,4-1-2,4,0.04,2-1-3,4,0.04,1-4-5,3,0.03,1-5-2,3,0.03,4-2-1,3,0.03
20260726,04,10,0.38269230769230766,rough_Q2,AI予想確率,過去データで実績補正した推定確率です。,1-5,0.4354943633079529,1-3,0.1996961534023285,3-5,0.06775099039077759,1-5-3,0.14571554958820343,1-3-5,0.09934699535369873,1-5-6,0.07637851685285568,1-5-4,0.05916403979063034,5-6-1,0.046963393688201904,5-3-1,0.0415605828166008,1-5-2,0.04062293842434883,5-1-6,0.040486063808202744,1-3-6,0.03774784505367279,5-4-6,0.03714140132069588,5-1-3,0.027335025370121002,3-1-5,0.025099340826272964,5-1-2,0.02319893054664135,5-1-4,0.022593282163143158,1-2-5,0.01976572722196579,1-4-5,0.019362829625606537,1-3-4,0.017841627821326256,1-2-6,0.013728229328989983,1-3-2,0.012639783322811127,1-6-5,0.012557832524180412,100,10569.2,3670.0,124720,11,32,30,27,0.11,0.32,0.3,0.27,1-3-5,7,0.07,1-5-2,6,0.06,1-3-4,5,0.05,1-5-3,5,0.05,1-5-4,5,0.05,1-3-6,4,0.04,4-5-6,4,0.04,1-2-4,3,0.03,1-4-6,3,0.03,1-3-2,3,0.03
20260726,04,11,0.6403846153846154,rough_Q4,AI予想確率,過去データで実績補正した推定確率です。,1-2,0.22733035683631897,4-6,0.16290098428726196,1-4,0.13818754255771637,4-6-2,0.08574632555246353,1-2-6,0.061390407383441925,2-1-6,0.05012015253305435,1-3-2,0.03740238398313522,1-2-4,0.03514086455106735,1-4-2,0.03434562310576439,1-6-2,0.031409893184900284,1-6-4,0.030106713995337486,2-6-1,0.028505094349384308,1-4-6,0.028303982689976692,1-3-6,0.02731975167989731,1-2-3,0.026912009343504906,1-6-3,0.02669655904173851,1-3-4,0.026432538405060768,2-4-1,0.02502725087106228,2-1-3,0.024518903344869614,2-1-4,0.024491170421242714,4-1-6,0.023199601098895073,6-4-1,0.021693985909223557,1-4-3,0.02123054303228855,100,8234.5,3240.0,63020,10,39,30,21,0.1,0.39,0.3,0.21,1-2-4,8,0.08,2-1-4,6,0.06,1-2-3,5,0.05,1-6-2,5,0.05,1-6-3,4,0.04,1-4-3,4,0.04,1-4-6,4,0.04,1-2-5,4,0.04,1-3-5,3,0.03,4-6-2,3,0.03
20260726,04,12,0.6217948717948718,rough_Q4,AI予想確率,過去データで実績補正した推定確率です。,1-2,0.33732742071151733,1-3,0.2240789234638214,2-3,0.10509537905454636,1-2-3,0.10672720521688461,1-3-2,0.1004088968038559,1-2-4,0.05582447722554207,1-2-5,0.046299006789922714,1-3-4,0.03948940336704254,2-1-4,0.03836401551961899,2-1-3,0.03254970535635948,2-1-5,0.026266558095812798,3-2-6,0.026180816814303398,2-3-4,0.025157373398542404,1-2-6,0.024733498692512512,1-4-3,0.024120014160871506,2-4-3,0.02255406603217125,1-4-2,0.021475911140441895,1-3-5,0.021384982392191887,1-3-6,0.01711205765604973,3-1-2,0.01658879965543747,1-5-3,0.016108108684420586,1-5-2,0.01591927371919155,2-3-1,0.015798669308423996,100,7753.3,2525.0,149210,20,31,34,15,0.2,0.31,0.34,0.15,1-2-3,11,0.11,1-2-4,9,0.09,1-3-2,6,0.06,1-3-5,6,0.06,1-4-3,4,0.04,1-4-2,4,0.04,2-1-3,4,0.04,1-3-4,3,0.03,2-3-4,3,0.03,3-2-4,3,0.03
20260726,06,1,0.6237179487179487,rough_Q4,AI予想確率,過去データで実績補正した推定確率です。,1-3,0.23165367543697357,1-5,0.22762715816497803,1-2,0.22219599783420563,1-3-5,0.0870891660451889,1-2-5,0.07745788991451263,1-2-3,0.06979762017726898,5-1-3,0.06767292320728302,1-5-3,0.05068844184279442,1-3-2,0.04118490219116211,1-5-2,0.0387568399310112,2-5-3,0.033813443034887314,1-4-5,0.027643028646707535,1-3-4,0.027054790407419205,1-2-4,0.02651386521756649,1-5-4,0.026359841227531433,3-1-5,0.023798849433660507,2-1-3,0.020874518901109695,1-5-6,0.015679212287068367,3-1-4,0.015146472491323948,2-1-5,0.013710206374526024,3-1-2,0.013226224109530449,1-3-6,0.01218579150736332,3-1-6,0.01196746714413166,100,10202.5,4245.0,149600,10,33,33,24,0.1,0.33,0.33,0.24,1-2-3,8,0.08,1-3-5,8,0.08,1-3-2,5,0.05,1-4-2,4,0.04,1-2-5,4,0.04,4-1-5,3,0.03,4-3-5,3,0.03,2-3-1,3,0.03,2-1-5,3,0.03,1-5-4,3,0.03
20260726,06,2,0.6352564102564102,rough_Q4,AI予想確率,過去データで実績補正した推定確率です。,1-3,0.273481547832489,1-2,0.27322712540626526,2-3,0.1858173906803131,1-2-3,0.12334266304969788,3-1-6,0.0633149966597557,2-1-3,0.05771602690219879,1-3-2,0.055979013442993164,3-2-5,0.04869603365659714,3-2-1,0.03724115341901779,3-1-5,0.03705546259880066,3-1-2,0.030561629682779312,1-3-6,0.029592186212539673,1-2-6,0.02898654155433178,3-2-6,0.025901176035404205,1-2-5,0.025674497708678246,2-3-1,0.02535374090075493,1-3-5,0.025228077545762062,2-3-5,0.022454680874943733,3-1-4,0.021238597109913826,3-5-2,0.020995737984776497,3-5-1,0.0196597371250391,2-1-5,0.01410212367773056,3-2-4,0.011303185485303402,100,7371.0,2895.0,84150,10,40,31,19,0.1,0.4,0.31,0.19,1-2-3,10,0.1,1-3-2,10,0.1,3-1-5,4,0.04,1-3-6,4,0.04,3-2-1,4,0.04,1-2-6,4,0.04,3-1-6,4,0.04,3-6-1,3,0.03,1-3-4,3,0.03,2-3-1,3,0.03
20260726,06,3,0.4,rough_Q2,AI予想確率,過去データで実績補正した推定確率です。,1-2,0.4944230318069458,2-6,0.14014498889446259,2-3,0.10249779373407364,1-2-6,0.15011416375637054,1-2-3,0.10411427915096283,2-1-6,0.09015767276287079,2-3-6,0.0666591078042984,2-1-3,0.06414363533258438,6-2-5,0.05021775886416435,2-6-3,0.042017970234155655,1-6-2,0.03553491458296776,1-2-5,0.03263021260499954,6-1-2,0.03155868500471115,1-3-2,0.02960136905312538,4-6-5,0.026747817173600197,6-2-1,0.026314647868275642,1-3-6,0.02408411167562008,2-1-4,0.0227975957095623,1-2-4,0.019879084080457687,1-6-3,0.01166581828147173,2-3-1,0.01081637293100357,2-1-5,0.010586418211460114,6-5-3,0.010337756015360355,100,9633.0,2930.0,148030,10,41,31,18,0.1,0.41,0.31,0.18,1-2-6,8,0.08,1-3-2,7,0.07,2-1-6,6,0.06,1-2-3,6,0.06,1-3-6,4,0.04,6-1-2,3,0.03,2-1-4,3,0.03,2-1-5,3,0.03,2-3-6,2,0.02,1-2-5,2,0.02
20260726,06,4,0.18012820512820513,rough_Q1,AI予想確率,過去データで実績補正した推定確率です。,1-2,0.3884001672267914,1-6,0.2611842453479767,1-3,0.1687881499528885,1-2-6,0.18552063405513763,1-6-2,0.14123281836509705,1-2-3,0.10336483269929886,1-3-6,0.06508101522922516,1-3-2,0.06088275834918022,1-4-6,0.05684385076165199,1-2-4,0.056244704872369766,6-1-3,0.046593453735113144,1-6-3,0.03775433078408241,1-4-2,0.03234373405575752,2-1-6,0.023447921499609947,1-6-4,0.022777004167437553,1-3-4,0.019095538184046745,1-4-3,0.016488585621118546,3-1-6,0.01208831463009119,6-1-2,0.0081954225897789,6-2-1,0.007398604415357113,2-1-3,0.007373935077339411,2-1-4,0.00593543890863657,1-2-5,0.005852027330547571,100,4884.0,1485.0,92540,35,35,18,12,0.35,0.35,0.18,0.12,1-2-4,13,0.13,1-2-3,9,0.09,1-2-6,8,0.08,1-3-4,6,0.06,1-3-2,6,0.06,1-3-6,5,0.05,1-4-6,5,0.05,1-6-4,5,0.05,1-6-3,4,0.04,1-4-2,4,0.04
20260726,06,5,0.7871794871794872,rough_Q5,AI予想確率,過去データで実績補正した推定確率です。,2-3,0.23236054182052612,2-6,0.14627574384212494,1-3,0.13393177092075348,3-2-6,0.06947970390319824,6-2-1,0.05158141627907753,2-6-3,0.04347166046500206,3-1-6,0.04107977822422981,2-3-6,0.0363386869430542,3-2-4,0.03147478029131889,1-3-6,0.029950175434350967,3-4-6,0.026746630668640137,2-3-4,0.025297120213508606,2-1-6,0.02505563572049141,2-6-1,0.024483337998390198,3-6-2,0.023720264434814453,3-4-2,0.020636480301618576,2-1-3,0.020075587555766106,2-3-5,0.019744761288166046,3-2-5,0.019083937630057335,3-4-5,0.01897464692592621,1-2-3,0.018947342410683632,3-2-1,0.018743030726909637,1-3-2,0.018337825313210487,100,8207.0,4910.0,76620,3,25,49,23,0.03,0.25,0.49,0.23,2-1-4,6,0.06,3-1-6,4,0.04,2-1-3,4,0.04,3-2-6,4,0.04,1-3-2,4,0.04,2-1-6,3,0.03,3-6-2,3,0.03,1-3-6,3,0.03,3-1-5,3,0.03,4-1-6,3,0.03
20260726,06,6,0.7211538461538461,rough_Q5,AI予想確率,過去データで実績補正した推定確率です。,2-3,0.38822561502456665,2-4,0.12568028271198273,2-6,0.09628672152757645,2-3-5,0.09285581111907959,2-3-6,0.0882708951830864,2-3-4,0.0687805786728859,2-5-3,0.05124511942267418,2-4-3,0.0496930330991745,3-6-5,0.04841867834329605,3-5-2,0.04241728037595749,2-6-4,0.041822947561740875,3-2-5,0.03834851086139679,2-6-3,0.038258858025074005,3-2-6,0.03540296107530594,2-4-6,0.031078601256012917,3-2-4,0.02403389848768711,2-3-1,0.022204425185918808,3-6-2,0.02130548655986786,4-2-5,0.018774844706058502,3-4-6,0.018510987982153893,3-2-1,0.018328538164496422,2-1-3,0.017140667885541916,1-2-3,0.01328101847320795,100,9664.5,4100.0,160730,5,32,40,23,0.05,0.32,0.4,0.23,1-2-3,5,0.05,3-5-2,4,0.04,2-5-3,4,0.04,2-1-3,4,0.04,2-4-3,3,0.03,1-5-4,3,0.03,1-6-3,3,0.03,1-6-2,3,0.03,2-3-5,3,0.03,6-2-3,3,0.03
20260726,06,7,0.7737179487179486,rough_Q5,AI予想確率,過去データで実績補正した推定確率です。,2-3,0.17627763748168945,1-2,0.16323713958263397,1-3,0.13911664485931396,2-1-6,0.050097350031137466,6-1-2,0.04596252739429474,2-6-3,0.04266730323433876,3-1-6,0.042538441717624664,2-5-3,0.0400904044508934,1-3-6,0.037737105041742325,1-2-3,0.03514769300818443,3-2-6,0.033732831478118896,2-3-6,0.032731179147958755,3-5-6,0.027384836226701736,1-2-6,0.02508101612329483,2-3-5,0.024676186963915825,2-4-6,0.022862721234560013,3-2-5,0.022716384381055832,2-3-4,0.022196253761649132,3-6-2,0.020966999232769012,3-6-1,0.019808972254395485,6-1-4,0.019762970507144928,3-6-4,0.01958998292684555,1-3-2,0.018898412585258484,100,8763.1,3430.0,132560,4,38,38,20,0.04,0.38,0.38,0.2,1-2-3,10,0.1,3-1-6,6,0.06,2-1-3,6,0.06,1-3-5,5,0.05,1-3-6,5,0.05,1-4-2,3,0.03,3-1-2,3,0.03,1-2-6,3,0.03,2-3-6,3,0.03,3-6-1,3,0.03
20260726,06,8,0.30961538461538457,rough_Q1,AI予想確率,過去データで実績補正した推定確率です。,1-4,0.3336411118507385,1-2,0.29462480545043945,2-4,0.1386813074350357,1-2-4,0.15482434630393982,1-4-2,0.14452078938484192,1-2-6,0.06661597639322281,1-4-6,0.06648875027894974,4-2-6,0.05561422184109688,4-1-6,0.054130107164382935,2-1-4,0.03936948999762535,4-2-1,0.03868779540061951,1-3-4,0.03391570970416069,2-4-1,0.033751677721738815,4-1-2,0.03350451588630676,4-6-1,0.03147434443235397,1-4-3,0.025912558659911156,6-1-2,0.022206982597708702,1-2-3,0.021115193143486977,1-3-2,0.019965212792158127,1-6-4,0.01986139640212059,3-2-1,0.012451622635126114,3-4-2,0.009814654476940632,2-1-6,0.009253677912056446,100,5361.6,1540.0,186380,28,45,20,7,0.28,0.45,0.2,0.07,1-4-2,10,0.1,1-2-4,10,0.1,1-4-3,8,0.08,1-4-6,7,0.07,4-1-2,6,0.06,2-1-4,4,0.04,4-1-6,4,0.04,6-4-1,3,0.03,4-5-1,3,0.03,1-4-5,3,0.03
20260726,06,9,0.5378205128205129,rough_Q3,AI予想確率,過去データで実績補正した推定確率です。,1-3,0.36980825662612915,1-5,0.1841321587562561,3-5,0.14427906274795532,3-1-5,0.10130728036165237,1-3-5,0.09838955104351044,1-5-3,0.08715681731700897,1-2-3,0.06323279440402985,1-3-2,0.05650751665234566,3-5-6,0.05221163481473923,5-1-3,0.04958168417215347,3-1-4,0.042840663343667984,3-5-2,0.038107067346572876,3-5-1,0.033244047313928604,2-3-5,0.03150004893541336,3-2-5,0.03122638165950775,1-5-2,0.03064083121716976,3-1-2,0.02807111106812954,1-2-5,0.02712620049715042,3-6-5,0.022196317091584206,1-3-6,0.01839650236070156,3-2-1,0.01616767793893814,1-3-4,0.01230582594871521,3-1-6,0.011989841237664223,100,11878.0,2975.0,391620,18,33,33,16,0.18,0.33,0.33,0.16,3-1-5,8,0.08,1-2-3,7,0.07,1-3-2,5,0.05,1-3-5,4,0.04,3-5-6,4,0.04,3-1-2,4,0.04,2-1-5,4,0.04,1-5-3,4,0.04,1-3-4,3,0.03,3-4-5,3,0.03
20260726,06,10,0.6487179487179487,rough_Q4,AI予想確率,過去データで実績補正した推定確率です。,1-2,0.22805319726467133,2-3,0.21814413368701935,2-6,0.15924960374832153,2-3-4,0.06501711159944534,2-6-3,0.06444500386714935,1-2-6,0.06416023522615433,2-3-6,0.051198121160268784,3-1-6,0.05065417289733887,2-1-6,0.05024397745728493,1-2-3,0.049978308379650116,6-1-2,0.04682242125272751,3-2-6,0.03895946219563484,1-6-2,0.03763407841324806,2-6-1,0.031582944095134735,1-3-6,0.03141745924949646,2-1-3,0.02748648263514042,1-3-2,0.02523758076131344,2-3-1,0.023023385554552078,6-2-1,0.021900052204728127,6-2-3,0.021180711686611176,3-2-1,0.020579645410180092,6-4-2,0.01967012695968151,2-1-4,0.019473416730761528,100,9482.9,2770.0,147990,22,33,20,25,0.22,0.33,0.2,0.25,1-2-3,9,0.09,1-2-6,9,0.09,1-3-2,7,0.07,1-2-4,6,0.06,1-6-2,5,0.05,1-3-6,3,0.03,2-1-4,3,0.03,2-1-6,3,0.03,2-6-1,3,0.03,2-1-3,3,0.03
20260726,06,11,0.3455128205128205,rough_Q2,AI予想確率,過去データで実績補正した推定確率です。,1-2,0.39663124084472656,1-3,0.29258665442466736,1-4,0.13153378665447235,1-2-3,0.18727600574493408,1-3-2,0.09256426244974136,1-2-4,0.07656194269657135,1-3-5,0.055444035679101944,1-3-4,0.05436456948518753,1-2-5,0.05276280641555786,1-4-2,0.041831932961940765,1-2-6,0.04134742170572281,1-3-6,0.04063677787780762,1-4-3,0.03653082996606827,3-1-4,0.022808866575360298,1-4-5,0.021141914650797844,1-5-3,0.020662471652030945,1-5-6,0.020308103412389755,2-1-3,0.019618023186922073,1-5-2,0.01847023516893387,1-4-6,0.013602372258901596,3-1-5,0.011274317279458046,1-6-5,0.010275010950863361,3-1-2,0.009641204960644245,100,6137.2,1625.0,72640,34,36,15,15,0.34,0.36,0.15,0.15,1-2-3,18,0.18,1-3-2,10,0.1,1-2-4,10,0.1,1-3-4,4,0.04,1-5-3,4,0.04,1-3-5,4,0.04,1-2-5,4,0.04,1-6-2,4,0.04,1-4-2,3,0.03,3-1-2,3,0.03
20260726,06,12,0.482051282051282,rough_Q3,AI予想確率,過去データで実績補正した推定確率です。,1-3,0.5364262461662292,1-4,0.1603066623210907,1-2,0.14581961929798126,1-3-4,0.15880393981933594,1-3-5,0.08732662349939346,1-4-3,0.0759178102016449,1-3-2,0.07294006645679474,3-1-5,0.06746599823236465,3-1-4,0.06462196260690689,1-2-3,0.06199278309941292,1-3-6,0.055411968380212784,1-2-5,0.03311096876859665,1-2-4,0.0317910760641098,1-4-5,0.021666279062628746,1-4-2,0.017583485692739487,3-1-2,0.016357244923710823,1-5-3,0.01607597805559635,3-1-6,0.013498416170477867,4-1-6,0.013408992439508438,1-4-6,0.012701192870736122,3-4-1,0.011582378298044205,3-4-5,0.008446690626442432,1-5-4,0.008330749347805977,100,4520.9,1855.0,40470,23,41,23,13,0.23,0.41,0.23,0.13,1-3-2,9,0.09,1-2-4,8,0.08,1-4-3,8,0.08,1-3-6,8,0.08,1-2-3,6,0.06,1-3-4,6,0.06,3-1-5,5,0.05,1-3-5,5,0.05,3-1-4,5,0.05,1-4-5,3,0.03
20260726,08,1,0.28205128205128205,rough_Q1,AI予想確率,過去データで実績補正した推定確率です。,1-3,0.28141355514526367,1-2,0.2606637179851532,1-4,0.2029746174812317,1-2-3,0.10298267751932144,1-3-4,0.09511209279298782,1-2-4,0.08191333711147308,1-3-5,0.08011016994714737,1-4-5,0.0750511884689331,1-4-2,0.05633283779025078,1-2-5,0.054888129234313965,1-3-2,0.05426761880517006,1-5-3,0.04311460256576538,1-4-3,0.040883783251047134,1-5-2,0.039589859545230865,1-5-4,0.033008355647325516,4-5-1,0.028997035697102547,3-1-5,0.024289444088935852,3-1-4,0.015168266370892525,4-1-2,0.009972999803721905,4-1-5,0.009192846715450287,3-5-2,0.008367062546312809,2-5-3,0.007749426644295454,5-1-4,0.006853619124740362,100,8545.6,1960.0,249150,22,37,24,17,0.22,0.37,0.24,0.17,1-3-2,9,0.09,1-3-4,8,0.08,1-2-3,7,0.07,1-5-2,6,0.06,1-4-2,6,0.06,1-4-5,6,0.06,1-2-4,6,0.06,1-2-5,5,0.05,1-5-4,5,0.05,1-3-5,5,0.05
20260726,08,2,0.5391025641025641,rough_Q3,AI予想確率,過去データで実績補正した推定確率です。,1-2,0.3208514451980591,1-5,0.19069114327430725,2-5,0.1822490245103836,1-2-5,0.07684797048568726,1-5-6,0.0658339411020279,2-1-5,0.05615624412894249,1-2-6,0.05415573716163635,1-5-2,0.05187886953353882,2-1-4,0.0517665296792984,5-1-2,0.045955196022987366,2-5-4,0.04450584948062897,5-2-1,0.04342709109187126,2-5-1,0.03365732356905937,1-2-4,0.03197435289621353,2-4-6,0.023869438096880913,2-5-3,0.023820314556360245,2-4-5,0.023564253002405167,2-6-4,0.023354770615696907,2-5-6,0.02180786058306694,2-1-6,0.02114013396203518,5-4-2,0.018696196377277374,1-4-5,0.015270782634615898,2-1-3,0.014671145007014275,100,7545.6,3930.0,61330,8,38,29,25,0.08,0.38,0.29,0.25,1-5-2,5,0.05,1-2-6,5,0.05,5-1-2,4,0.04,2-1-6,4,0.04,1-3-2,4,0.04,1-2-5,4,0.04,1-2-4,4,0.04,1-2-3,4,0.04,2-1-5,3,0.03,2-3-1,3,0.03
20260726,08,3,0.5493589743589744,rough_Q3,AI予想確率,過去データで実績補正した推定確率です。,1-2,0.283719539642334,1-3,0.22984136641025543,1-5,0.1279747188091278,1-2-6,0.08177318423986435,1-2-3,0.06545919179916382,1-3-2,0.0622691884636879,1-2-5,0.06083231419324875,1-3-6,0.05479809269309044,1-3-5,0.04622960835695267,4-1-2,0.03961348161101341,1-5-3,0.0394618883728981,1-3-4,0.0338907390832901,1-6-3,0.03341313451528549,1-5-2,0.030593670904636383,1-6-2,0.029125958681106567,1-4-5,0.024920163676142693,1-4-6,0.024051371961832047,1-2-4,0.02238372713327408,2-1-3,0.017596762627363205,2-1-5,0.017246877774596214,3-1-5,0.014101254753768444,5-1-6,0.013586580753326416,1-5-4,0.01325096283107996,100,6480.2,3150.0,56200,14,32,36,18,0.14,0.32,0.36,0.18,1-2-3,10,0.1,1-3-2,6,0.06,1-6-3,6,0.06,1-3-5,5,0.05,1-5-3,4,0.04,1-2-6,4,0.04,1-4-2,4,0.04,1-5-4,3,0.03,1-6-5,3,0.03,1-3-6,3,0.03
20260726,08,4,0.23012820512820512,rough_Q1,AI予想確率,過去データで実績補正した推定確率です。,1-4,0.3992544412612915,1-2,0.27348870038986206,1-3,0.11248443275690079,1-2-4,0.1381145566701889,1-4-6,0.1283365935087204,1-4-2,0.09254090487957001,1-4-3,0.07509814947843552,1-3-4,0.06209644302725792,1-2-3,0.06173910200595856,4-2-1,0.04828009754419327,4-1-2,0.047512684017419815,4-1-6,0.04313867911696434,1-2-6,0.03681257739663124,1-3-2,0.03092113882303238,6-1-2,0.025168204680085182,2-1-4,0.023377016186714172,1-6-4,0.015782516449689865,4-6-2,0.010061373002827168,2-4-1,0.010038363747298717,1-6-2,0.009870774112641811,1-3-6,0.009496822953224182,4-1-3,0.009352006949484348,4-6-1,0.008955945260822773,100,6098.5,1635.0,85770,31,35,19,15,0.31,0.35,0.19,0.15,1-2-3,11,0.11,1-4-6,9,0.09,1-2-4,8,0.08,1-2-6,7,0.07,1-3-4,5,0.05,1-3-2,5,0.05,1-4-3,4,0.04,4-1-5,3,0.03,4-2-1,3,0.03,1-6-3,3,0.03
20260726,08,5,0.5762820512820512,rough_Q4,AI予想確率,過去データで実績補正した推定確率です。,1-3,0.4726686179637909,1-5,0.1595943123102188,1-2,0.09858403354883194,1-3-5,0.1763710379600525,1-3-2,0.06615182012319565,3-1-5,0.05491394177079201,1-2-3,0.05232829973101616,1-3-6,0.05129290372133255,1-5-3,0.04778333008289337,3-1-6,0.04415246099233627,1-5-2,0.03291675075888634,3-5-1,0.02963607758283615,3-1-2,0.029553247615695,1-3-4,0.02743033692240715,3-5-4,0.026392443105578423,5-1-3,0.024567022919654846,3-1-4,0.02280288003385067,1-2-5,0.021568311378359795,1-5-6,0.020654993131756783,1-4-3,0.018059903755784035,3-5-2,0.011341365054249763,5-3-1,0.010417324490845203,3-4-5,0.010325384326279163,100,7678.8,2425.0,79360,23,33,26,18,0.23,0.33,0.26,0.18,1-3-6,8,0.08,1-2-3,7,0.07,1-3-2,7,0.07,1-3-5,7,0.07,1-5-3,6,0.06,1-2-5,5,0.05,3-1-5,4,0.04,3-1-2,3,0.03,5-1-3,3,0.03,1-4-2,3,0.03
20260726,08,6,0.5435897435897437,rough_Q3,AI予想確率,過去データで実績補正した推定確率です。,1-6,0.3146420121192932,1-2,0.2442869395017624,1-3,0.20803207159042358,1-6-3,0.11684476584196091,1-2-6,0.11213888972997665,1-3-6,0.10065000504255295,1-6-2,0.08503317087888718,1-2-3,0.06503106653690338,1-3-2,0.045252565294504166,6-1-2,0.04300610348582268,1-5-6,0.033479999750852585,1-4-6,0.03045761026442051,1-6-4,0.024889469146728516,1-2-5,0.02487237937748432,1-6-5,0.020967239513993263,1-3-5,0.020138056948781013,1-2-4,0.0193642508238554,1-3-4,0.01451385859400034,3-1-6,0.012314647436141968,6-1-3,0.011157363653182983,5-1-6,0.011088469997048378,1-5-2,0.009519590064883232,6-1-5,0.009159435518085957,100,6616.0,2370.0,79510,19,37,29,15,0.19,0.37,0.29,0.15,1-3-2,8,0.08,1-6-4,6,0.06,1-6-3,6,0.06,1-2-6,6,0.06,1-2-3,6,0.06,1-6-2,4,0.04,1-3-6,4,0.04,1-4-6,4,0.04,6-1-2,3,0.03,5-6-1,2,0.02
20260726,08,7,0.7217948717948718,rough_Q5,AI予想確率,過去データで実績補正した推定確率です。,3-6,0.16699348390102386,2-3,0.16677871346473694,2-6,0.14144869148731232,6-3-2,0.05378902330994606,2-5-6,0.046925757080316544,6-5-2,0.04592913016676903,3-2-6,0.04262622818350792,6-3-5,0.04147574305534363,3-6-2,0.03998906910419464,2-3-6,0.039047110825777054,6-2-3,0.03669586032629013,2-6-5,0.03569360449910164,1-6-2,0.035124342888593674,1-2-6,0.033717066049575806,3-5-6,0.03260083869099617,2-6-3,0.03174658492207527,3-2-5,0.03084573708474636,3-6-5,0.026027947664260864,1-2-3,0.023419208824634552,1-3-6,0.022301748394966125,2-3-5,0.02203976735472679,1-6-5,0.02108635939657688,1-3-2,0.019574888050556183,100,5918.1,2625.0,41790,14,41,29,16,0.14,0.41,0.29,0.16,1-2-3,6,0.06,1-3-2,5,0.05,2-1-5,4,0.04,2-1-6,4,0.04,1-3-6,4,0.04,3-6-5,3,0.03,3-2-6,3,0.03,2-1-3,3,0.03,3-1-2,3,0.03,2-3-6,3,0.03
20260726,08,8,0.7455128205128205,rough_Q5,AI予想確率,過去データで実績補正した推定確率です。,2-3,0.30806171894073486,3-5,0.1810617446899414,2-5,0.09258116781711578,3-2-5,0.12529273331165314,2-3-4,0.06008873134851456,3-5-2,0.05225904658436775,3-5-6,0.04262358322739601,3-2-4,0.04050300642848015,2-4-3,0.0372399277985096,2-3-5,0.03564940020442009,3-4-5,0.03423348069190979,4-2-5,0.032493360340595245,3-5-4,0.03061586059629917,2-5-3,0.02995210699737072,1-3-2,0.024189434945583344,2-5-6,0.023378726094961166,3-2-6,0.0226142555475235,5-3-2,0.02059197798371315,2-1-3,0.019821302965283394,1-2-3,0.018966058269143105,3-1-5,0.018029486760497093,3-5-1,0.015415607020258904,5-2-3,0.014867504127323627,100,7551.6,2920.0,96500,3,49,32,16,0.03,0.49,0.32,0.16,1-3-2,6,0.06,3-1-4,5,0.05,3-2-4,4,0.04,3-4-6,4,0.04,3-1-2,4,0.04,2-3-4,3,0.03,3-2-5,3,0.03,2-5-6,3,0.03,1-3-5,3,0.03,1-2-5,3,0.03
20260726,08,9,0.17500000000000002,rough_Q1,AI予想確率,過去データで実績補正した推定確率です。,1-4,0.43284374475479126,1-3,0.3608419597148895,1-2,0.10398639738559723,1-4-3,0.23746314644813538,1-3-4,0.22261911630630493,1-4-2,0.08150248229503632,1-3-2,0.0710211843252182,1-4-5,0.06384819746017456,1-2-4,0.05377056449651718,1-2-3,0.03479274734854698,1-3-5,0.034358374774456024,4-1-5,0.026188796386122704,3-1-4,0.02339763753116131,1-5-4,0.013198836706578732,4-3-1,0.012901946902275085,1-2-5,0.009736697189509869,1-4-6,0.008223040960729122,3-4-1,0.007973067462444305,4-1-2,0.007474037352949381,4-1-3,0.0070140366442501545,4-5-3,0.006978863850235939,1-5-3,0.006187413819134235,1-5-2,0.006047093775123358,100,4846.3,2040.0,43070,26,38,25,11,0.26,0.38,0.25,0.11,1-3-4,9,0.09,1-3-2,9,0.09,1-2-3,8,0.08,1-3-5,7,0.07,1-4-2,6,0.06,1-2-4,6,0.06,1-4-3,5,0.05,1-5-2,4,0.04,1-5-4,4,0.04,1-2-5,4,0.04
20260726,08,10,0.6608974358974359,rough_Q4,AI予想確率,過去データで実績補正した推定確率です。,1-2,0.27341312170028687,2-3,0.15287715196609497,2-4,0.12942397594451904,1-2-3,0.08789827674627304,1-2-4,0.08018848299980164,2-3-4,0.05163265019655228,1-4-2,0.051532283425331116,2-1-4,0.047017116099596024,1-3-4,0.03364276513457298,2-4-3,0.032097019255161285,1-3-2,0.03138086572289467,2-5-4,0.02752242237329483,3-4-5,0.026948818936944008,2-1-3,0.026162145659327507,2-3-1,0.02550564333796501,3-4-2,0.02474873512983322,3-2-4,0.02419743314385414,2-4-6,0.023405494168400764,2-3-5,0.022422580048441887,4-1-2,0.022146157920360565,1-4-3,0.022048469632864,2-4-1,0.021129341796040535,4-3-2,0.0179434921592474,100,8241.7,3080.0,227300,22,28,33,17,0.22,0.28,0.33,0.17,1-3-4,10,0.1,1-2-4,10,0.1,1-4-2,7,0.07,1-3-2,6,0.06,1-2-3,6,0.06,1-3-5,5,0.05,1-5-3,5,0.05,3-1-2,5,0.05,2-4-3,3,0.03,2-1-5,3,0.03
20260726,08,11,0.575,rough_Q4,AI予想確率,過去データで実績補正した推定確率です。,1-2,0.3735652267932892,1-4,0.29965347051620483,1-3,0.09143523126840591,1-2-4,0.17282310128211975,1-4-2,0.12715637683868408,1-2-5,0.07583297044038773,1-4-5,0.056137703359127045,1-2-3,0.05469317361712456,1-3-4,0.03333558514714241,1-3-2,0.029786305502057076,1-5-2,0.027285777032375336,2-1-4,0.02726525068283081,4-1-6,0.02719801664352417,1-4-3,0.026949472725391388,1-3-5,0.019054142758250237,4-1-5,0.01865238882601261,4-1-2,0.018456337973475456,2-1-3,0.01780981570482254,1-4-6,0.017114661633968353,1-5-4,0.016066430136561394,1-2-6,0.015163472853600979,4-5-1,0.011964363045990467,4-5-6,0.011401745490729809,100,8126.4,2430.0,116110,23,34,24,19,0.23,0.34,0.24,0.19,1-2-3,10,0.1,1-4-2,8,0.08,1-2-4,7,0.07,1-4-5,4,0.04,1-4-6,4,0.04,1-2-5,4,0.04,1-3-4,4,0.04,1-3-2,3,0.03,1-2-6,3,0.03,1-5-3,3,0.03
20260726,08,12,0.37820512820512825,rough_Q2,AI予想確率,過去データで実績補正した推定確率です。,1-2,0.42064663767814636,1-4,0.2931838929653168,1-3,0.1709224283695221,1-2-4,0.16584637761116028,1-2-3,0.15880970656871796,1-4-2,0.1546873152256012,1-3-4,0.06950970739126205,1-4-3,0.06377488374710083,1-2-5,0.05757884681224823,1-3-2,0.05658954381942749,1-4-5,0.04839972034096718,1-3-5,0.021938925608992577,1-5-4,0.014254034496843815,1-2-6,0.01361672393977642,1-5-3,0.012762535363435745,1-4-6,0.012240015901625156,1-5-2,0.01200214121490717,2-1-5,0.01178906299173832,1-3-6,0.010989666916429996,3-4-5,0.007248091045767069,2-1-3,0.007018085103482008,2-4-1,0.005350794177502394,2-1-4,0.00531279481947422,100,5851.7,1375.0,63400,33,36,18,13,0.33,0.36,0.18,0.13,1-2-3,18,0.18,1-2-4,15,0.15,1-4-2,7,0.07,1-2-5,5,0.05,1-4-5,5,0.05,1-4-3,4,0.04,1-2-6,4,0.04,1-5-2,4,0.04,1-3-2,3,0.03,1-3-4,3,0.03
20260726,12,1,0.6096153846153846,rough_Q4,AI予想確率,過去データで実績補正した推定確率です。,1-2,0.34384670853614807,2-3,0.14546774327754974,2-5,0.11258316785097122,2-1-3,0.08083747327327728,1-2-5,0.07528497278690338,2-1-5,0.053402502089738846,1-2-3,0.05319344624876976,2-5-3,0.05172480270266533,2-1-4,0.04538990929722786,3-5-2,0.04065338149666786,2-3-5,0.0368942990899086,2-3-4,0.03136231005191803,1-2-4,0.031189370900392532,2-4-3,0.02735358476638794,3-2-5,0.02576546184718609,1-3-2,0.02335376851260662,2-3-1,0.02295713685452938,2-4-5,0.02250421978533268,2-5-1,0.022348487749695778,2-5-4,0.021166421473026276,4-1-2,0.02102678269147873,4-2-3,0.018351150676608086,2-4-1,0.01828402280807495,100,8632.6,2670.0,392370,14,38,40,8,0.14,0.38,0.4,0.08,2-1-3,13,0.13,1-2-5,11,0.11,1-3-2,5,0.05,1-5-3,5,0.05,2-3-5,4,0.04,2-3-1,4,0.04,1-2-3,4,0.04,2-5-1,4,0.04,3-5-2,3,0.03,2-3-4,3,0.03
20260726,12,2,0.5673076923076923,rough_Q3,AI予想確率,過去データで実績補正した推定確率です。,1-2,0.29023465514183044,2-5,0.18847978115081787,1-5,0.15345850586891174,1-2-5,0.09273705631494522,2-1-5,0.053001370280981064,2-1-4,0.052344758063554764,1-5-3,0.05087640881538391,1-5-2,0.04617159441113472,1-2-3,0.04573840647935867,5-2-1,0.03940330073237419,2-5-1,0.03876223787665367,4-5-2,0.036708418279886246,5-1-2,0.03292061761021614,5-2-4,0.032871928066015244,1-3-2,0.02865470014512539,2-5-3,0.0279331486672163,2-1-3,0.02630084566771984,2-4-5,0.025396713986992836,3-5-1,0.024666134268045425,2-5-4,0.024333937093615532,2-3-5,0.024061821401119232,5-2-3,0.023287182673811913,1-3-5,0.022746358066797256,100,10271.1,2320.0,472150,19,41,26,14,0.19,0.41,0.26,0.14,1-2-5,13,0.13,1-2-3,7,0.07,1-3-4,5,0.05,2-1-5,5,0.05,1-2-4,5,0.05,2-5-1,5,0.05,1-4-3,4,0.04,2-4-1,4,0.04,1-3-2,4,0.04,2-1-3,3,0.03
20260726,12,3,0.6878205128205128,rough_Q5,AI予想確率,過去データで実績補正した推定確率です。,1-2,0.26085254549980164,1-5,0.16681799292564392,2-5,0.0981423556804657,1-2-5,0.07325048744678497,2-1-5,0.04440976306796074,6-1-2,0.0420897975564003,1-2-3,0.04175353795289993,1-5-2,0.04082951322197914,1-2-6,0.03856531158089638,1-5-3,0.03754553571343422,1-3-2,0.03211401030421257,2-5-6,0.025714462623000145,5-2-1,0.023433582857251167,2-5-1,0.022998157888650894,2-1-6,0.022631585597991943,2-1-3,0.020933611318469048,5-3-6,0.02085684798657894,5-1-3,0.020252376794815063,5-1-2,0.020156607031822205,5-6-2,0.019808383658528328,1-3-5,0.019549477845430374,1-5-6,0.01804446615278721,1-6-2,0.01755511574447155,100,5674.9,2925.0,41840,13,39,34,14,0.13,0.39,0.34,0.14,1-2-3,8,0.08,1-2-5,6,0.06,1-3-6,5,0.05,1-3-2,5,0.05,1-5-3,5,0.05,2-1-6,3,0.03,5-6-1,3,0.03,1-6-5,3,0.03,5-1-3,3,0.03,2-1-5,3,0.03
20260726,12,4,0.6217948717948718,rough_Q4,AI予想確率,過去データで実績補正した推定確率です。,1-4,0.3372933864593506,3-4,0.14907045662403107,1-3,0.13336707651615143,1-4-2,0.10948315262794495,1-4-3,0.06818664819002151,3-2-4,0.05878206714987755,1-3-4,0.05760374292731285,4-1-5,0.055447082966566086,4-3-5,0.04552841559052467,4-1-3,0.04111474007368088,1-2-4,0.03878704085946083,3-4-2,0.026929624378681183,4-1-2,0.02622104436159134,1-4-5,0.02602243609726429,1-2-3,0.025818802416324615,2-3-4,0.024848032742738724,1-3-2,0.024573126807808876,2-4-1,0.024284036830067635,3-1-4,0.020463155582547188,3-4-1,0.020404579117894173,4-2-1,0.019081996753811836,3-4-5,0.018567584455013275,2-1-3,0.017177479341626167,100,7066.6,2680.0,142450,9,44,31,16,0.09,0.44,0.31,0.16,1-4-2,9,0.09,4-3-5,6,0.06,1-3-2,6,0.06,1-4-5,5,0.05,1-3-4,5,0.05,1-2-3,4,0.04,3-2-4,4,0.04,2-4-1,3,0.03,3-4-6,3,0.03,2-1-4,3,0.03
20260726,12,5,0.4871794871794871,rough_Q3,AI予想確率,過去データで実績補正した推定確率です。,1-6,0.40360456705093384,1-2,0.30430614948272705,1-3,0.10059422999620438,1-2-6,0.16465447843074799,1-6-2,0.14171350002288818,1-6-4,0.09499310702085495,2-1-6,0.0656624585390091,1-3-6,0.06189338490366936,1-6-3,0.05428256466984749,6-1-2,0.043984729796648026,1-2-3,0.034272272139787674,6-1-3,0.029164165258407593,1-6-5,0.02623928152024746,2-6-1,0.02470647357404232,6-2-1,0.024266479536890984,1-3-2,0.019086387008428574,1-2-4,0.01881486363708973,1-4-6,0.017600104212760925,6-1-4,0.011936209164559841,4-1-6,0.011203622445464134,6-2-3,0.008793923072516918,2-1-3,0.006963617168366909,1-2-5,0.006779130082577467,100,7579.5,1905.0,114920,23,35,25,17,0.23,0.35,0.25,0.17,1-2-6,14,0.14,1-3-6,7,0.07,1-2-3,6,0.06,1-6-4,5,0.05,1-6-3,5,0.05,1-6-2,5,0.05,1-2-4,4,0.04,1-2-5,4,0.04,1-4-2,3,0.03,1-3-2,3,0.03
20260726,12,6,0.6198717948717948,rough_Q4,AI予想確率,過去データで実績補正した推定確率です。,1-3,0.36469870805740356,3-6,0.12318824976682663,1-6,0.11063071340322495,1-3-6,0.13018012046813965,3-1-6,0.07568641752004623,1-6-3,0.05315079540014267,3-1-4,0.03791586309671402,3-6-1,0.03621003404259682,1-3-4,0.034599728882312775,1-3-5,0.03297604247927666,1-2-3,0.030304770916700363,1-3-2,0.027552951127290726,3-4-6,0.02579122595489025,1-2-6,0.023703614249825478,3-6-5,0.022959431633353233,2-3-6,0.022075051441788673,1-4-6,0.01980096474289894,6-4-3,0.019029369577765465,6-3-1,0.018537143245339394,6-3-4,0.017218947410583496,1-6-2,0.014575463719666004,3-1-5,0.01294354721903801,3-1-2,0.012844054959714413,100,8668.7,2765.0,73500,12,40,25,23,0.12,0.4,0.25,0.23,1-3-5,8,0.08,1-3-6,8,0.08,1-4-6,6,0.06,3-1-5,4,0.04,1-2-4,4,0.04,1-6-3,4,0.04,1-4-3,3,0.03,1-4-2,3,0.03,1-2-3,3,0.03,3-1-6,3,0.03
20260726,12,7,0.5532051282051282,rough_Q3,AI予想確率,過去データで実績補正した推定確率です。,1-2,0.30215221643447876,2-4,0.282804012298584,1-4,0.14077644050121307,1-2-4,0.12643952667713165,2-1-4,0.06565030664205551,4-2-5,0.06101248040795326,4-1-2,0.05059284716844559,2-4-3,0.04583432897925377,2-1-5,0.045014992356300354,4-2-1,0.03654421493411064,2-4-5,0.03605036437511444,2-4-1,0.035268619656562805,1-4-2,0.03428070992231369,4-2-3,0.033967386931180954,2-4-6,0.027221042662858963,3-2-4,0.02652934566140175,4-1-5,0.024969307705760002,2-5-1,0.02460663393139839,2-3-4,0.024332454428076744,1-2-3,0.02375955507159233,4-5-2,0.0225579421967268,2-5-4,0.021186770871281624,1-2-5,0.019211115315556526,100,6522.3,2880.0,45140,16,34,28,22,0.16,0.34,0.28,0.22,1-2-4,12,0.12,1-4-2,7,0.07,2-4-1,6,0.06,1-2-3,5,0.05,1-2-5,4,0.04,2-1-4,4,0.04,4-1-2,3,0.03,2-3-4,3,0.03,2-4-3,3,0.03,1-2-6,3,0.03
20260726,12,8,0.5788461538461538,rough_Q4,AI予想確率,過去データで実績補正した推定確率です。,1-5,0.3048401176929474,1-3,0.16814853250980377,1-6,0.12140149623155594,1-5-6,0.13432736694812775,1-3-6,0.07387291640043259,5-1-6,0.0535334050655365,1-5-3,0.038736116141080856,1-3-5,0.03756372630596161,1-2-5,0.03641868382692337,1-5-2,0.034933190792798996,1-6-5,0.02847360633313656,1-3-2,0.023994354531168938,6-1-5,0.020905964076519012,1-2-6,0.020205901935696602,1-6-3,0.020132577046751976,6-5-1,0.018597565591335297,1-6-2,0.018584156408905983,1-4-5,0.018450764939188957,5-1-3,0.0175534188747406,1-2-3,0.016528978943824768,3-1-6,0.013196996413171291,1-5-4,0.012103919871151447,3-5-6,0.011869942769408226,100,5860.9,2770.0,65330,16,37,34,13,0.16,0.37,0.34,0.13,1-3-5,6,0.06,1-2-5,5,0.05,1-3-6,4,0.04,1-4-5,4,0.04,1-2-3,4,0.04,1-6-5,4,0.04,1-3-2,4,0.04,1-5-3,4,0.04,1-2-6,4,0.04,5-3-6,3,0.03
20260726,12,9,0.658974358974359,rough_Q4,AI予想確率,過去データで実績補正した推定確率です。,1-2,0.4465516209602356,1-3,0.14260418713092804,2-3,0.13751795887947083,1-2-3,0.15656808018684387,2-3-4,0.0679914653301239,1-3-2,0.06482426822185516,1-2-4,0.05505414307117462,2-1-3,0.052769504487514496,2-1-4,0.0494670644402504,2-1-5,0.047086507081985474,2-1-6,0.03677259758114815,1-3-4,0.02613305300474167,2-4-1,0.025685984641313553,1-2-5,0.02563704550266266,2-4-5,0.02551971562206745,1-2-6,0.023196661844849586,1-3-5,0.022817999124526978,2-3-5,0.021033454686403275,1-5-2,0.01740082912147045,3-1-2,0.013980178162455559,2-3-6,0.011263233609497547,2-5-3,0.011214331723749638,1-4-2,0.010141013190150261,100,7371.6,2370.0,198650,21,37,28,14,0.21,0.37,0.28,0.14,1-2-3,14,0.14,1-3-5,7,0.07,1-3-2,7,0.07,1-4-3,5,0.05,2-1-3,4,0.04,2-1-4,4,0.04,1-2-6,4,0.04,1-5-4,3,0.03,1-2-5,3,0.03,1-3-4,3,0.03
20260726,12,10,0.7801282051282051,rough_Q5,AI予想確率,過去データで実績補正した推定確率です。,1-3,0.24819858372211456,1-2,0.17988301813602448,2-3,0.15580110251903534,1-3-2,0.08257943391799927,1-2-3,0.06718918681144714,1-3-5,0.06127170845866203,1-3-4,0.041358038783073425,3-5-1,0.03292318060994148,1-2-5,0.02929743193089962,1-2-4,0.027506060898303986,3-4-5,0.027397843077778816,1-5-3,0.026892028748989105,2-1-3,0.026143010705709457,3-2-5,0.02602340653538704,3-2-4,0.023784993216395378,2-3-4,0.023516926914453506,2-3-5,0.02299613505601883,3-2-1,0.022591853514313698,5-1-3,0.02136927656829357,2-4-5,0.020942240953445435,3-1-5,0.020260537043213844,2-3-1,0.020053917542099953,3-1-2,0.016728004440665245,100,6181.4,2435.0,68400,12,43,30,15,0.12,0.43,0.3,0.15,1-3-2,9,0.09,1-2-3,9,0.09,1-3-4,8,0.08,1-2-5,6,0.06,1-3-5,5,0.05,2-1-4,5,0.05,1-5-2,3,0.03,1-2-4,3,0.03,3-1-5,3,0.03,2-1-3,3,0.03
20260726,12,11,0.30128205128205127,rough_Q1,AI予想確率,過去データで実績補正した推定確率です。,1-4,0.3045159876346588,1-3,0.30238479375839233,1-5,0.20995931327342987,1-3-4,0.176225945353508,1-5-4,0.12833647429943085,1-4-5,0.09551382064819336,1-3-5,0.0841672495007515,1-4-3,0.07695465534925461,1-4-2,0.06078102067112923,1-2-4,0.054501596838235855,1-5-3,0.04316968843340874,1-4-6,0.0299532450735569,1-2-5,0.02904096618294716,1-2-3,0.028535446152091026,1-3-2,0.027766544371843338,4-1-5,0.02728571556508541,1-5-2,0.019644254818558693,1-3-6,0.007238260470330715,4-1-6,0.0063148196786642075,1-5-6,0.006052692886441946,1-6-4,0.005211964715272188,4-1-3,0.004661828279495239,4-5-1,0.004593910649418831,100,6803.3,1700.0,212830,25,44,19,12,0.25,0.44,0.19,0.12,1-2-4,12,0.12,1-3-4,8,0.08,1-2-3,7,0.07,1-3-5,7,0.07,1-4-6,6,0.06,1-4-5,6,0.06,1-4-2,5,0.05,1-3-6,5,0.05,1-4-3,4,0.04,1-2-5,3,0.03
20260726,12,12,0.40705128205128205,rough_Q2,AI予想確率,過去データで実績補正した推定確率です。,1-2,0.3433786928653717,1-3,0.27040374279022217,1-5,0.24487508833408356,1-5-3,0.14486166834831238,1-2-5,0.14395356178283691,1-2-3,0.1349116563796997,1-3-2,0.10450384765863419,1-3-5,0.06991346180438995,1-5-2,0.03835168853402138,1-3-4,0.03807614743709564,1-2-4,0.029725203290581703,5-1-3,0.02873237431049347,3-1-5,0.0248726736754179,1-4-5,0.01728874258697033,1-3-6,0.016139255836606026,2-1-3,0.01610063575208187,1-5-4,0.01334754005074501,1-4-3,0.009776485152542591,1-4-2,0.008902430534362793,1-5-6,0.008766870014369488,3-1-2,0.008716460317373276,1-2-6,0.008409594185650349,3-5-1,0.008142275735735893,100,5072.8,1420.0,93770,36,32,20,12,0.36,0.32,0.2,0.12,1-2-3,13,0.13,1-3-2,12,0.12,1-3-4,10,0.1,1-3-5,7,0.07,1-4-6,5,0.05,1-2-4,5,0.05,1-5-3,4,0.04,1-4-2,4,0.04,1-2-6,3,0.03,4-5-1,3,0.03
20260726,13,1,0.5480769230769231,rough_Q3,AI予想確率,過去データで実績補正した推定確率です。,1-3,0.4938174784183502,1-2,0.1491699516773224,2-3,0.11733722686767578,1-3-2,0.13241314888000488,1-2-3,0.10697588324546814,1-3-6,0.0851641520857811,3-1-6,0.06179043650627136,3-1-4,0.05114834010601044,1-3-4,0.04938845708966255,3-1-5,0.048431821167469025,1-3-5,0.03600813448429108,3-1-2,0.029472967609763145,3-2-6,0.028469569981098175,2-3-1,0.025574875995516777,2-6-1,0.023804329335689545,3-2-4,0.02228979766368866,2-1-3,0.017523091286420822,1-6-4,0.0171415526419878,3-2-1,0.014444745145738125,1-6-3,0.011460450477898121,6-3-1,0.010218827985227108,1-4-3,0.010006108321249485,3-6-2,0.00933049526065588,100,4795.3,2265.0,34730,21,38,29,12,0.21,0.38,0.29,0.12,1-3-5,10,0.1,1-3-2,9,0.09,1-2-3,8,0.08,3-1-5,6,0.06,1-3-6,5,0.05,3-2-1,4,0.04,3-1-4,4,0.04,1-3-4,3,0.03,2-3-1,3,0.03,2-3-5,3,0.03
20260726,13,2,0.4076923076923077,rough_Q2,AI予想確率,過去データで実績補正した推定確率です。,1-5,0.43304920196533203,1-2,0.34636422991752625,2-5,0.08979439735412598,1-5-2,0.1849476844072342,1-2-5,0.1392325460910797,2-1-5,0.09742610156536102,5-1-3,0.06728758662939072,1-2-3,0.05499305576086044,1-5-6,0.052636343985795975,5-1-6,0.051794152706861496,1-5-3,0.05118134617805481,2-5-1,0.03830331936478615,1-3-5,0.03170213848352432,1-3-2,0.028690699487924576,5-1-2,0.023409949615597725,2-1-6,0.022836310788989067,1-2-6,0.01962365210056305,2-5-3,0.017404550686478615,2-5-6,0.015451514162123203,2-1-3,0.010182213969528675,5-2-1,0.008489254862070084,5-6-2,0.007617611903697252,2-3-5,0.00628630118444562,100,8070.3,2175.0,171130,16,45,25,14,0.16,0.45,0.25,0.14,1-2-3,10,0.1,1-5-2,7,0.07,1-2-5,6,0.06,1-3-2,4,0.04,1-3-5,4,0.04,2-1-5,4,0.04,2-5-6,3,0.03,5-1-2,3,0.03,1-6-2,3,0.03,1-6-5,3,0.03
20260726,13,3,0.6032051282051282,rough_Q4,AI予想確率,過去データで実績補正した推定確率です。,1-3,0.4030691981315613,3-4,0.12421996146440506,1-2,0.1034165471792221,1-3-4,0.1226443201303482,1-3-5,0.07021372020244598,1-3-2,0.06660120189189911,3-4-5,0.057038746774196625,3-1-5,0.05654658377170563,3-1-4,0.051762815564870834,1-2-3,0.03514166176319122,1-4-3,0.032480884343385696,1-5-3,0.03154435008764267,3-5-1,0.0289001427590847,3-4-1,0.026145340874791145,3-1-2,0.025386163964867592,3-5-2,0.024060247465968132,1-2-4,0.01986795663833618,1-4-5,0.019394945353269577,2-1-3,0.019324438646435738,1-2-5,0.016516851261258125,1-4-2,0.015196137130260468,1-5-2,0.011693406850099564,3-5-4,0.011422400362789631,100,6676.4,2985.0,51260,15,35,32,18,0.15,0.35,0.32,0.18,1-3-2,8,0.08,1-2-3,6,0.06,1-3-4,6,0.06,1-3-5,5,0.05,1-5-4,5,0.05,1-4-5,4,0.04,1-4-3,4,0.04,3-1-4,4,0.04,1-3-6,3,0.03,1-2-4,3,0.03
20260726,13,4,0.2987179487179487,rough_Q1,AI予想確率,過去データで実績補正した推定確率です。,1-2,0.5019420385360718,1-3,0.2290884554386139,1-4,0.11115511506795883,1-2-3,0.15265266597270966,1-2-4,0.1361866295337677,1-3-2,0.11298348754644394,1-2-5,0.09901732206344604,1-3-4,0.05367119237780571,1-4-2,0.0455404594540596,1-3-5,0.03799552097916603,1-5-2,0.03417176753282547,1-2-6,0.03159593418240547,2-1-4,0.02810811996459961,2-1-5,0.026360636577010155,2-1-3,0.02216304838657379,1-4-5,0.021924717351794243,1-4-3,0.01776823215186596,1-5-4,0.01666862517595291,1-5-3,0.009706629440188408,4-1-2,0.008764196187257767,1-3-6,0.007660216651856899,1-6-2,0.0068044401705265045,1-4-6,0.006596553139388561,100,5673.3,1700.0,145210,34,33,17,16,0.34,0.33,0.17,0.16,1-2-4,9,0.09,1-3-4,9,0.09,1-4-2,7,0.07,1-3-2,6,0.06,1-2-3,6,0.06,1-3-5,6,0.06,1-2-5,4,0.04,1-5-4,3,0.03,2-1-3,3,0.03,1-5-6,3,0.03
20260726,13,5,0.5448717948717949,rough_Q3,AI予想確率,過去データで実績補正した推定確率です。,1-4,0.3376815617084503,1-3,0.2129184752702713,1-2,0.16887830197811127,1-4-3,0.09986405074596405,1-4-2,0.09733948111534119,1-3-4,0.09534481167793274,1-2-4,0.07713592052459717,3-1-4,0.04686305671930313,4-1-3,0.03964606672525406,1-2-3,0.0373053140938282,1-4-5,0.03438708186149597,1-3-2,0.03150395676493645,4-3-5,0.028729014098644257,3-4-1,0.028259441256523132,4-1-2,0.02604089491069317,4-1-5,0.02271864376962185,4-2-1,0.022439422085881233,1-3-5,0.021706899628043175,1-2-5,0.018242768943309784,2-1-4,0.014139811508357525,4-5-3,0.012279693968594074,2-1-3,0.011610578745603561,4-3-1,0.01111658290028572,100,5577.1,2040.0,93220,21,40,25,14,0.21,0.4,0.25,0.14,1-4-2,14,0.14,1-2-4,10,0.1,1-4-3,8,0.08,1-2-3,5,0.05,1-3-5,4,0.04,3-1-4,3,0.03,1-3-4,3,0.03,4-2-1,3,0.03,4-1-2,3,0.03,1-5-3,3,0.03
20260726,13,6,0.38269230769230766,rough_Q2,AI予想確率,過去データで実績補正した推定確率です。,1-4,0.4651094973087311,1-3,0.2183709293603897,3-4,0.1357637196779251,1-4-3,0.1692911833524704,1-3-4,0.15478262305259705,1-4-2,0.086217500269413,1-4-6,0.0735737532377243,4-1-6,0.05502563342452049,4-3-1,0.04902609810233116,4-1-2,0.04700816050171852,4-6-1,0.04026405140757561,3-4-1,0.034904032945632935,4-1-3,0.03284616768360138,4-3-6,0.032471828162670135,1-2-4,0.02893594652414322,3-1-4,0.02129107527434826,1-3-6,0.02106655389070511,1-3-2,0.012327861972153187,6-4-1,0.010290833190083504,4-6-2,0.009933441877365112,1-6-4,0.009325413964688778,4-3-2,0.00817163847386837,4-2-1,0.007972372695803642,100,4381.3,1405.0,46920,33,38,19,10,0.33,0.38,0.19,0.1,1-4-3,14,0.14,1-3-4,9,0.09,1-4-6,9,0.09,1-4-2,9,0.09,1-2-4,6,0.06,4-1-3,5,0.05,3-1-4,4,0.04,4-1-6,3,0.03,4-1-2,3,0.03,3-4-1,3,0.03
20260726,13,7,0.22179487179487176,rough_Q1,AI予想確率,過去データで実績補正した推定確率です。,1-2,0.6107929348945618,1-4,0.22298990190029144,1-3,0.08157321065664291,1-2-4,0.23987619578838348,1-2-3,0.15574294328689575,1-4-2,0.14479759335517883,2-1-4,0.09287057816982269,1-2-6,0.058401476591825485,1-3-2,0.03785357624292374,1-2-5,0.029838571324944496,1-4-3,0.029265975579619408,1-3-4,0.021419748663902283,2-1-3,0.02007720060646534,1-4-6,0.018551219254732132,2-1-6,0.013602480292320251,1-4-5,0.013432114385068417,1-3-6,0.011490908451378345,4-1-2,0.008254408836364746,4-2-1,0.008156322874128819,1-6-2,0.007855845615267754,1-5-2,0.00766391446813941,2-3-4,0.007509615737944841,2-4-1,0.0071741631254553795,100,3944.5,1270.0,35890,42,32,16,10,0.42,0.32,0.16,0.1,1-2-4,14,0.14,1-4-2,9,0.09,1-4-3,9,0.09,1-2-6,6,0.06,1-2-3,6,0.06,1-3-2,5,0.05,1-5-2,4,0.04,1-6-2,3,0.03,2-1-4,3,0.03,1-4-5,3,0.03
20260726,13,8,0.3692307692307692,rough_Q2,AI予想確率,過去データで実績補正した推定確率です。,1-2,0.4333881735801697,1-3,0.19601626694202423,1-5,0.1631435602903366,1-2-5,0.1523127406835556,1-2-3,0.13636770844459534,1-3-5,0.10149480402469635,1-2-4,0.06845398247241974,1-5-2,0.056644659489393234,1-4-5,0.042014773935079575,1-5-4,0.03945038840174675,1-5-3,0.03874584287405014,1-3-2,0.037287138402462006,1-3-4,0.03145499527454376,1-4-2,0.0313878171145916,2-1-5,0.022881705313920975,1-4-3,0.019734026864171028,2-1-3,0.018856534734368324,1-2-6,0.017706096172332764,1-3-6,0.012917996384203434,2-1-4,0.012564362958073616,4-1-2,0.011621277779340744,5-1-2,0.010928369127213955,1-4-6,0.009662548080086708,100,6337.5,1655.0,79860,30,43,14,13,0.3,0.43,0.14,0.13,1-2-3,15,0.15,1-2-5,10,0.1,1-5-2,10,0.1,1-3-5,8,0.08,1-2-4,7,0.07,1-3-2,6,0.06,1-3-6,4,0.04,1-4-6,4,0.04,1-4-2,4,0.04,1-5-3,4,0.04
20260726,13,9,0.5038461538461538,rough_Q3,AI予想確率,過去データで実績補正した推定確率です。,1-6,0.3706122934818268,1-3,0.16504177451133728,1-2,0.15634851157665253,1-6-5,0.18313510715961456,1-2-6,0.08221622556447983,1-5-6,0.07976174354553223,1-6-3,0.0779712051153183,1-3-6,0.07669133692979813,1-6-4,0.04217207804322243,1-4-6,0.036570459604263306,1-3-2,0.03335832431912422,1-6-2,0.03084343671798706,1-2-3,0.03076137602329254,6-1-3,0.02369658462703228,5-1-6,0.021607443690299988,1-3-5,0.0208606980741024,1-3-4,0.01940106973052025,1-2-4,0.01821787841618061,1-2-5,0.01667330227792263,1-5-3,0.011241698637604713,4-1-6,0.008619300089776516,1-5-2,0.008480774238705635,4-5-6,0.008403720334172249,100,8461.7,2245.0,126220,15,45,23,17,0.15,0.45,0.23,0.17,1-2-6,9,0.09,1-3-6,8,0.08,1-4-6,6,0.06,1-6-3,6,0.06,1-2-4,6,0.06,1-2-3,5,0.05,1-3-2,5,0.05,1-4-3,4,0.04,3-1-6,4,0.04,1-3-5,4,0.04
20260726,13,10,0.6948717948717948,rough_Q5,AI予想確率,過去データで実績補正した推定確率です。,1-2,0.37958353757858276,1-3,0.24244704842567444,2-3,0.08953101933002472,1-2-3,0.1800980120897293,1-3-2,0.10779538750648499,1-2-4,0.06804744154214859,1-3-4,0.046579040586948395,1-2-6,0.038289815187454224,1-3-6,0.028272943571209908,1-4-3,0.026616258546710014,1-2-5,0.02645556442439556,2-1-3,0.024729330092668533,2-1-4,0.023631030693650246,3-2-4,0.02270098216831684,1-3-5,0.0203667264431715,1-4-2,0.016988353803753853,2-3-1,0.015594241209328175,1-5-3,0.014579149894416332,1-4-6,0.014429791830480099,3-1-4,0.013351631350815296,3-1-2,0.012416203506290913,2-3-4,0.010894902050495148,2-1-6,0.010703518986701965,100,8569.2,1925.0,97150,26,35,17,22,0.26,0.35,0.17,0.22,1-2-3,15,0.15,1-3-2,9,0.09,1-2-6,6,0.06,1-2-4,6,0.06,1-4-2,5,0.05,2-1-3,4,0.04,1-3-4,3,0.03,3-1-4,3,0.03,2-3-4,3,0.03,1-5-6,3,0.03
20260726,13,11,0.45064102564102565,rough_Q2,AI予想確率,過去データで実績補正した推定確率です。,1-2,0.5472990274429321,1-3,0.14294619858264923,1-4,0.10724445432424545,1-2-4,0.146559476852417,1-2-3,0.1418199986219406,1-2-5,0.13211771845817566,1-2-6,0.08450159430503845,1-3-2,0.06384863704442978,1-4-2,0.04174668341875076,1-3-4,0.03346448391675949,1-5-6,0.024668507277965546,1-3-6,0.022776875644922256,1-5-2,0.021967986598610878,1-6-2,0.020941240713000298,1-6-3,0.019631018862128258,1-4-3,0.019548993557691574,1-4-6,0.01936390809714794,1-3-5,0.018738875165581703,2-1-4,0.01449898537248373,1-4-5,0.01349885668605566,1-5-3,0.012929055839776993,2-1-5,0.011303413659334183,2-1-3,0.009856884367763996,100,7893.2,1605.0,274910,25,47,15,13,0.25,0.47,0.15,0.13,1-2-5,11,0.11,1-2-4,11,0.11,1-2-3,9,0.09,1-4-2,8,0.08,1-3-4,6,0.06,1-6-5,5,0.05,1-2-6,4,0.04,1-4-6,4,0.04,1-5-2,4,0.04,1-3-2,3,0.03
20260726,13,12,0.6641025641025642,rough_Q5,AI予想確率,過去データで実績補正した推定確率です。,1-2,0.39141303300857544,1-3,0.18170835077762604,1-4,0.12232434004545212,1-2-3,0.1763124316930771,1-2-4,0.08841346204280853,1-3-2,0.07267162203788757,1-4-2,0.04783362150192261,1-2-5,0.04419054836034775,1-3-4,0.039883457124233246,1-2-6,0.030255522578954697,1-4-3,0.026848942041397095,2-1-4,0.02331908419728279,4-2-3,0.02245245687663555,1-3-6,0.0193218644708395,1-3-5,0.016645433381199837,2-1-3,0.015771204605698586,1-4-5,0.014411482028663158,3-4-2,0.013530230149626732,2-3-4,0.012836088426411152,3-1-2,0.01265893317759037,1-4-6,0.01218412071466446,1-5-3,0.012142650783061981,1-5-2,0.01181340403854847,100,8123.7,2785.0,106460,25,30,22,23,0.25,0.3,0.22,0.23,1-3-2,12,0.12,1-2-3,8,0.08,1-4-3,7,0.07,1-2-4,7,0.07,1-3-4,5,0.05,1-4-2,4,0.04,1-4-6,4,0.04,1-4-5,3,0.03,3-1-2,3,0.03,1-2-5,2,0.02
20260726,14,1,0.14807692307692308,rough_Q1,AI予想確率,過去データで実績補正した推定確率です。,1-2,0.3764829635620117,1-3,0.284909725189209,1-4,0.1948632299900055,1-2-3,0.16198451817035675,1-3-2,0.155360609292984,1-2-4,0.09568021446466446,1-2-5,0.08764572441577911,1-3-4,0.08520909398794174,1-4-3,0.07309179753065109,1-4-2,0.050971996039152145,1-3-5,0.036769840866327286,1-5-3,0.025982877239584923,1-5-2,0.025901608169078827,4-1-2,0.023467622697353363,1-4-5,0.021413341164588928,4-1-5,0.02093944326043129,2-1-3,0.013204696588218212,2-1-4,0.012719422578811646,5-2-1,0.010111882351338863,4-2-3,0.007883382961153984,1-5-4,0.007098465692251921,3-2-1,0.0063583143055438995,5-1-2,0.0041112410835921764,100,4380.2,1205.0,77060,39,40,12,9,0.39,0.4,0.12,0.09,1-2-4,14,0.14,1-3-2,13,0.13,1-3-4,11,0.11,1-2-5,8,0.08,1-3-5,6,0.06,1-5-2,6,0.06,1-2-3,6,0.06,1-4-3,5,0.05,1-4-2,5,0.05,1-5-3,5,0.05
20260726,14,2,0.40512820512820513,rough_Q2,AI予想確率,過去データで実績補正した推定確率です。,1-3,0.37029844522476196,1-4,0.26291823387145996,3-4,0.22526641190052032,1-3-4,0.1602174937725067,1-4-3,0.083550825715065,3-1-4,0.06285572797060013,4-3-1,0.05692731961607933,3-4-6,0.05018109828233719,4-1-3,0.048562780022621155,1-3-6,0.04524243623018265,4-1-5,0.04496055096387863,4-3-6,0.04347202554345131,3-4-5,0.03891880065202713,1-4-6,0.03162581846117973,1-3-5,0.030854951590299606,1-5-4,0.03003939799964428,3-4-1,0.028377646580338478,1-3-2,0.02713838964700699,3-1-5,0.02328784391283989,4-1-6,0.02087327279150486,3-5-4,0.012586712837219238,1-4-5,0.011360758915543556,1-4-2,0.011269756592810154,100,10010.5,3560.0,183890,20,27,33,20,0.2,0.27,0.33,0.2,1-3-4,7,0.07,1-3-2,7,0.07,1-3-6,6,0.06,1-4-3,5,0.05,1-4-2,5,0.05,3-4-6,3,0.03,4-5-3,3,0.03,1-2-6,3,0.03,1-3-5,3,0.03,3-4-1,3,0.03
20260726,14,3,0.31987179487179485,rough_Q1,AI予想確率,過去データで実績補正した推定確率です。,1-2,0.3545425832271576,1-4,0.3039967119693756,1-3,0.1596037894487381,1-2-4,0.1431943029165268,1-2-6,0.09478453546762466,1-4-2,0.08917488902807236,1-4-3,0.07901547849178314,1-2-3,0.07737517356872559,1-4-6,0.06889580935239792,1-3-4,0.06533858925104141,1-3-2,0.03894392400979996,1-3-6,0.03204319626092911,1-6-4,0.024639135226607323,4-1-6,0.023090191185474396,1-5-4,0.02052481099963188,1-6-2,0.017478717491030693,1-2-5,0.017268875613808632,2-1-4,0.013581359758973122,1-6-3,0.013503847643733025,1-4-5,0.013325990177690983,1-3-5,0.012289966456592083,4-1-2,0.012225216254591942,4-1-5,0.010610619559884071,100,7003.7,1890.0,121920,28,37,19,16,0.28,0.37,0.19,0.16,1-2-4,10,0.1,1-2-6,8,0.08,1-2-3,7,0.07,1-4-3,7,0.07,1-3-2,6,0.06,1-3-4,6,0.06,1-4-6,5,0.05,1-4-2,5,0.05,1-3-6,5,0.05,1-3-5,3,0.03
20260726,14,4,0.5294871794871795,rough_Q3,AI予想確率,過去データで実績補正した推定確率です。,1-5,0.22349795699119568,1-2,0.1843053102493286,1-6,0.17907743155956268,5-1-6,0.09589022397994995,1-2-6,0.07362764328718185,1-5-4,0.044986553490161896,1-6-2,0.04233966022729874,1-6-5,0.04189828410744667,1-3-6,0.03947514668107033,1-4-6,0.03933817893266678,1-2-5,0.03690284863114357,1-5-6,0.03230074793100357,2-1-6,0.03205626457929611,1-6-4,0.031159978359937668,4-1-6,0.027741599828004837,1-4-5,0.022841351106762886,4-6-5,0.022526346147060394,6-1-2,0.022448671981692314,1-5-2,0.022053312510252,5-4-6,0.021775363013148308,5-6-1,0.02175772748887539,1-2-3,0.018196798861026764,1-3-2,0.014109018258750439,100,8956.2,3255.0,99880,6,40,36,18,0.06,0.4,0.36,0.18,1-3-5,8,0.08,1-2-4,4,0.04,1-6-3,4,0.04,2-1-3,4,0.04,1-6-2,4,0.04,1-2-6,4,0.04,1-4-2,3,0.03,1-5-6,3,0.03,1-2-3,3,0.03,4-1-5,3,0.03
20260726,14,5,0.7205128205128205,rough_Q5,AI予想確率,過去データで実績補正した推定確率です。,1-2,0.1873140037059784,1-4,0.12619991600513458,1-6,0.12391911447048187,1-2-6,0.06286685913801193,1-6-2,0.04600388556718826,1-2-4,0.03945746272802353,2-4-1,0.0358368381857872,1-3-6,0.03213934600353241,2-4-3,0.03151547908782959,1-4-6,0.030688580125570297,1-6-4,0.0296341385692358,1-2-3,0.02687816508114338,1-4-2,0.025832517072558403,2-3-6,0.023611001670360565,3-4-2,0.023237094283103943,1-3-4,0.022932276129722595,1-6-3,0.022810781374573708,1-3-2,0.02261510118842125,4-1-6,0.02032392844557762,3-1-6,0.019646253436803818,4-6-3,0.019235290586948395,2-1-3,0.018244240432977676,4-6-2,0.01658545434474945,100,9465.1,4485.0,105920,4,35,37,24,0.04,0.35,0.37,0.24,2-1-3,7,0.07,2-3-4,5,0.05,1-2-6,4,0.04,1-3-4,4,0.04,2-1-6,4,0.04,1-3-6,4,0.04,1-2-4,4,0.04,2-1-4,4,0.04,6-4-1,4,0.04,1-2-3,3,0.03
20260726,14,6,0.5673076923076923,rough_Q3,AI予想確率,過去データで実績補正した推定確率です。,1-3,0.2650076746940613,1-6,0.25553226470947266,1-2,0.13127896189689636,1-3-6,0.13009575009346008,1-6-2,0.09106092154979706,1-6-3,0.07241543382406235,3-1-6,0.06045295298099518,1-2-6,0.05399191379547119,6-2-3,0.03347674757242203,1-6-5,0.03252663090825081,2-3-1,0.031080380082130432,2-6-1,0.030442483723163605,1-2-3,0.029046151787042618,6-1-2,0.027385015040636063,3-1-5,0.025755861774086952,6-1-3,0.02567533776164055,2-1-6,0.025048917159438133,3-2-5,0.0247128177434206,2-6-3,0.024342801421880722,3-2-6,0.023116640746593475,3-6-2,0.0222765002399683,6-3-1,0.021779943257570267,1-3-2,0.02134239673614502,100,5464.0,2450.0,77640,11,46,33,10,0.11,0.46,0.33,0.1,1-3-6,9,0.09,1-2-3,8,0.08,3-1-6,7,0.07,2-1-3,6,0.06,1-2-6,5,0.05,3-1-2,4,0.04,1-3-5,4,0.04,1-6-2,4,0.04,2-3-1,4,0.04,3-6-5,3,0.03
20260726,14,7,0.5102564102564102,rough_Q3,AI予想確率,過去データで実績補正した推定確率です。,1-6,0.2077023833990097,1-5,0.14166460931301117,1-2,0.11643612384796143,5-4-6,0.059300828725099564,6-1-2,0.058210961520671844,5-1-6,0.04984678700566292,1-5-6,0.046000655740499496,1-2-6,0.04525134712457657,5-6-1,0.0366513691842556,1-4-6,0.03079085424542427,1-6-2,0.030247587710618973,1-6-3,0.029263578355312347,1-2-5,0.028123028576374054,1-3-6,0.02779609151184559,3-6-5,0.027187760919332504,1-6-4,0.026095964014530182,4-1-6,0.022378044202923775,6-1-5,0.020106662064790726,6-1-4,0.019968921318650246,4-5-3,0.019205063581466675,1-6-5,0.018052227795124054,4-6-5,0.01759326085448265,4-5-6,0.017580201849341393,100,9639.1,4495.0,65300,4,26,41,29,0.04,0.26,0.41,0.29,1-6-2,6,0.06,1-2-6,4,0.04,1-6-3,4,0.04,1-4-6,4,0.04,1-6-5,4,0.04,3-2-1,3,0.03,1-5-6,3,0.03,2-1-6,3,0.03,1-3-2,3,0.03,1-4-2,2,0.02
20260726,14,8,0.40576923076923077,rough_Q2,AI予想確率,過去データで実績補正した推定確率です。,1-6,0.4354567527770996,1-2,0.2937901020050049,1-3,0.08401666581630707,1-2-6,0.18949925899505615,1-6-2,0.16114945709705353,1-6-5,0.10272224992513657,1-6-3,0.06641069799661636,6-1-2,0.053641341626644135,2-1-6,0.04250065237283707,1-3-6,0.04244014620780945,6-1-3,0.03993043303489685,1-2-3,0.029670434072613716,6-2-1,0.025941479951143265,1-5-6,0.02268817462027073,6-2-5,0.02178783155977726,1-2-5,0.021126968786120415,1-3-2,0.019126810133457184,1-5-2,0.013799839653074741,6-2-3,0.012723748572170734,6-1-5,0.0100298672914505,5-1-6,0.00821837130934,2-6-3,0.0076195355504751205,1-3-5,0.007413362618535757,100,6469.8,3835.0,39080,13,31,36,20,0.13,0.31,0.36,0.2,1-3-2,7,0.07,1-2-3,5,0.05,1-2-6,5,0.05,2-1-6,4,0.04,1-2-5,4,0.04,2-1-3,4,0.04,1-6-3,3,0.03,1-5-3,3,0.03,2-5-6,2,0.02,6-3-1,2,0.02
20260726,14,9,0.6115384615384615,rough_Q4,AI予想確率,過去データで実績補正した推定確率です。,1-4,0.2991422414779663,4-5,0.1886952817440033,1-2,0.10093662142753601,1-4-2,0.061080560088157654,4-1-5,0.04850054532289505,4-1-6,0.04626745730638504,5-4-3,0.0462426133453846,4-5-1,0.046080175787210464,1-4-5,0.04381705820560455,1-4-6,0.04091744124889374,1-2-4,0.03159620612859726,4-6-5,0.02770177461206913,4-5-6,0.027516895905137062,1-4-3,0.023189177736639977,1-5-4,0.023097479715943336,1-2-3,0.022391166538000107,5-4-6,0.02106531523168087,4-1-2,0.019382348284125328,4-6-1,0.01928386650979519,1-2-6,0.01916283741593361,4-6-2,0.017566539347171783,4-5-3,0.017468154430389404,4-2-6,0.01732548698782921,100,7691.8,4155.0,54170,5,37,36,22,0.05,0.37,0.36,0.22,1-2-4,6,0.06,1-4-2,5,0.05,1-4-3,5,0.05,1-4-6,4,0.04,4-5-6,4,0.04,4-1-6,4,0.04,1-4-5,3,0.03,2-1-3,3,0.03,2-6-1,3,0.03,1-6-5,3,0.03
20260726,14,10,0.4397435897435898,rough_Q2,AI予想確率,過去データで実績補正した推定確率です。,1-2,0.3741095960140228,1-3,0.25832223892211914,1-4,0.1402149498462677,1-2-3,0.11351275444030762,1-3-2,0.09837498515844345,1-2-5,0.07724940031766891,1-2-4,0.06462665647268295,1-3-5,0.05265603959560394,1-3-4,0.05110488831996918,2-1-4,0.05093386769294739,1-4-5,0.03645201772451401,1-4-3,0.03567459061741829,1-4-2,0.029552001506090164,2-1-3,0.027243662625551224,3-1-4,0.022596724331378937,2-1-5,0.02254035323858261,1-5-2,0.022504782304167747,1-3-6,0.019885994493961334,1-5-4,0.017655840143561363,1-2-6,0.014618556015193462,1-5-3,0.01373643334954977,4-1-6,0.011964756064116955,1-5-6,0.011688238941133022,100,4395.5,1900.0,45240,23,46,21,10,0.23,0.46,0.21,0.1,1-2-3,12,0.12,1-3-2,9,0.09,1-2-4,8,0.08,1-4-2,7,0.07,1-2-6,7,0.07,2-1-3,5,0.05,1-3-4,5,0.05,1-2-5,5,0.05,1-4-3,4,0.04,1-3-5,4,0.04
20260726,14,11,0.39358974358974363,rough_Q2,AI予想確率,過去データで実績補正した推定確率です。,1-2,0.522740364074707,1-3,0.13123877346515656,1-6,0.12250882387161255,1-2-6,0.18061470985412598,1-2-3,0.13539652526378632,1-6-2,0.07038404047489166,1-2-5,0.06479433923959732,2-1-4,0.05104804039001465,1-2-4,0.04998091608285904,1-4-2,0.03761626034975052,1-3-6,0.037364039570093155,1-3-4,0.03722063824534416,1-3-2,0.03521205484867096,1-4-6,0.025274841114878654,1-5-6,0.022667987272143364,2-1-3,0.020520973950624466,1-6-3,0.015873035416007042,1-5-2,0.01578948087990284,1-6-4,0.014982824213802814,2-1-6,0.014022392220795155,1-3-5,0.014006965793669224,1-4-3,0.0109553886577487,1-4-5,0.009388667531311512,100,9167.9,2520.0,138830,18,38,20,24,0.18,0.38,0.2,0.24,1-2-3,15,0.15,1-2-6,8,0.08,1-2-4,7,0.07,1-3-4,4,0.04,1-2-5,4,0.04,1-4-6,4,0.04,2-1-4,3,0.03,1-3-2,3,0.03,2-1-3,3,0.03,1-3-5,3,0.03
20260726,14,12,0.3423076923076923,rough_Q2,AI予想確率,過去データで実績補正した推定確率です。,1-4,0.38131678104400635,1-2,0.2468424141407013,1-3,0.2032594382762909,1-4-2,0.14901718497276306,1-3-4,0.1036602035164833,1-4-3,0.09954671561717987,1-2-4,0.09127193689346313,1-2-5,0.07556185871362686,1-4-5,0.0677836611866951,1-2-3,0.062441691756248474,1-3-5,0.047559309750795364,1-5-4,0.031882405281066895,1-4-6,0.030266109853982925,1-3-2,0.02962842583656311,1-5-3,0.02151702158153057,1-5-2,0.01746847666800022,4-1-5,0.010824816301465034,1-3-6,0.008607497438788414,4-1-2,0.008474606089293957,4-1-3,0.00779561884701252,5-1-4,0.007613001391291618,4-1-6,0.007608011364936829,4-2-5,0.007356276735663414,100,7189.9,1925.0,54720,21,39,18,22,0.21,0.39,0.18,0.22,1-2-4,12,0.12,1-2-3,11,0.11,1-4-2,9,0.09,1-3-2,6,0.06,1-4-3,5,0.05,1-4-6,4,0.04,1-3-5,4,0.04,1-3-4,4,0.04,1-5-3,3,0.03,2-1-4,3,0.03
20260726,17,1,0.2762820512820513,rough_Q1,AI予想確率,過去データで実績補正した推定確率です。,1-2,0.4517144560813904,1-5,0.18046243488788605,1-3,0.15367445349693298,1-2-5,0.153703972697258,1-2-4,0.15162056684494019,1-2-3,0.10598324239253998,1-3-2,0.060168489813804626,1-5-4,0.05870017036795616,1-5-2,0.055498965084552765,1-4-2,0.05309265851974487,1-3-4,0.05101994052529335,1-3-5,0.039346400648355484,1-4-5,0.03845382481813431,1-5-3,0.025802435353398323,2-1-5,0.02358756773173809,5-1-4,0.02259700372815132,1-4-3,0.018106773495674133,4-1-2,0.01065370999276638,5-1-2,0.010445407591760159,4-2-5,0.008607608266174793,4-5-1,0.007110428996384144,4-1-5,0.006916992831975222,2-1-4,0.0062580290250480175,100,6056.9,1370.0,70520,34,36,16,14,0.34,0.36,0.16,0.14,1-2-3,12,0.12,1-2-4,12,0.12,1-3-2,9,0.09,1-2-5,9,0.09,1-4-5,7,0.07,1-5-2,6,0.06,1-3-4,5,0.05,1-4-2,4,0.04,2-1-5,3,0.03,1-3-5,3,0.03
20260726,17,2,0.7262820512820513,rough_Q5,AI予想確率,過去データで実績補正した推定確率です。,1-2,0.303141713142395,2-3,0.23334012925624847,1-3,0.12352683395147324,2-1-3,0.09482359886169434,1-2-3,0.06183253228664398,2-3-4,0.0434163436293602,3-2-4,0.04270678758621216,2-1-4,0.039712682366371155,3-2-6,0.03840813413262367,2-3-6,0.036848124116659164,1-3-2,0.034094277769327164,2-1-6,0.03187505900859833,2-4-3,0.026281578466296196,1-2-4,0.02582954429090023,2-3-1,0.025514552369713783,2-3-5,0.024985821917653084,1-2-6,0.022530274465680122,1-3-6,0.020428786054253578,3-4-2,0.01955467090010643,3-1-2,0.018595516681671143,3-1-5,0.018032995983958244,2-1-5,0.016809821128845215,4-2-3,0.015757732093334198,100,6394.9,3140.0,38460,8,41,33,18,0.08,0.41,0.33,0.18,1-3-2,8,0.08,1-2-3,7,0.07,1-3-4,5,0.05,1-2-5,4,0.04,2-1-3,4,0.04,1-2-4,4,0.04,1-4-2,4,0.04,1-3-6,3,0.03,2-1-6,3,0.03,3-2-6,3,0.03
20260726,17,3,0.6493589743589744,rough_Q4,AI予想確率,過去データで実績補正した推定確率です。,2-3,0.22562971711158752,1-2,0.1834796816110611,3-4,0.17249591648578644,2-5-4,0.06144499406218529,2-3-4,0.06084142625331879,3-4-2,0.05361402407288551,2-1-4,0.049691393971443176,2-4-3,0.04890960082411766,1-2-3,0.04425719752907753,1-2-4,0.03779064491391182,3-2-4,0.03714614734053612,3-2-5,0.03563820198178291,2-3-5,0.03283959627151489,1-3-2,0.03001284785568714,2-1-3,0.02979876473546028,3-4-5,0.02704070508480072,2-3-1,0.025539414957165718,4-3-2,0.024780457839369774,3-4-1,0.023859817534685135,2-4-1,0.023213231936097145,3-1-4,0.02133590541779995,4-1-2,0.019505809992551804,3-4-6,0.01843847706913948,100,7949.6,2360.0,56380,10,49,23,18,0.1,0.49,0.23,0.18,2-1-3,7,0.07,1-3-4,6,0.06,2-3-4,5,0.05,2-1-4,5,0.05,1-4-3,5,0.05,2-3-1,4,0.04,4-3-6,4,0.04,1-2-3,4,0.04,3-4-5,3,0.03,1-3-2,3,0.03
20260726,17,4,0.307051282051282,rough_Q1,AI予想確率,過去データで実績補正した推定確率です。,1-3,0.5149660706520081,1-2,0.15510982275009155,1-6,0.11922731250524521,1-3-6,0.16498173773288727,1-3-2,0.15825556218624115,1-6-3,0.08451000601053238,1-3-5,0.08127125352621078,1-2-3,0.05946103483438492,1-3-4,0.057425010949373245,1-2-6,0.05190730467438698,1-5-6,0.02989410050213337,1-2-5,0.0277708787471056,3-6-1,0.024867365136742592,3-1-6,0.024278640747070312,5-3-1,0.022764859721064568,1-5-3,0.020840203389525414,1-6-2,0.013016169890761375,3-1-2,0.012923404574394226,3-5-2,0.011732888408005238,3-1-4,0.010249128565192223,1-6-5,0.009471826255321503,1-4-6,0.009316667914390564,4-1-6,0.008779835887253284,100,11110.2,1930.0,104500,28,39,11,22,0.28,0.39,0.11,0.22,1-3-2,12,0.12,1-3-6,7,0.07,1-3-4,7,0.07,1-3-5,6,0.06,1-2-6,5,0.05,1-2-3,5,0.05,1-6-2,4,0.04,1-5-3,4,0.04,1-2-5,3,0.03,1-4-6,3,0.03
20260726,17,5,0.4980769230769231,rough_Q3,AI予想確率,過去データで実績補正した推定確率です。,1-2,0.24819208681583405,1-5,0.20981267094612122,1-3,0.2087170034646988,1-2-3,0.14430676400661469,1-5-2,0.06499015539884567,1-3-4,0.05765870586037636,1-3-5,0.05709359049797058,3-1-5,0.05277638882398605,1-5-3,0.052175432443618774,1-2-5,0.039351098239421844,5-1-3,0.03653467074036598,1-5-4,0.0337933711707592,1-4-5,0.03190028294920921,1-3-2,0.02781611680984497,2-1-3,0.02500208094716072,1-2-4,0.02219482697546482,5-4-1,0.02098177559673786,5-2-1,0.020576560869812965,4-1-3,0.02027183398604393,1-4-3,0.019559290260076523,1-4-2,0.018147634342312813,2-1-5,0.012694519013166428,4-5-3,0.012583287432789803,100,3823.0,1750.0,32850,21,44,25,10,0.21,0.44,0.25,0.1,1-2-3,12,0.12,1-3-5,8,0.08,1-5-3,6,0.06,3-1-5,6,0.06,1-3-2,5,0.05,2-1-3,4,0.04,1-2-4,4,0.04,1-3-4,4,0.04,1-4-3,3,0.03,1-5-2,3,0.03
20260726,17,6,0.6320512820512821,rough_Q4,AI予想確率,過去データで実績補正した推定確率です。,2-4,0.22664758563041687,2-3,0.15611320734024048,1-2,0.135076642036438,2-4-3,0.0553651787340641,3-2-4,0.0506453774869442,2-1-4,0.04760335758328438,4-2-3,0.04731089249253273,2-5-4,0.045776866376399994,4-2-5,0.044648196548223495,2-3-5,0.043771859258413315,3-4-2,0.04166229069232941,2-3-4,0.03888280689716339,4-1-2,0.037666503340005875,4-5-2,0.03652483969926834,2-4-5,0.0315859355032444,3-4-5,0.02940746583044529,1-3-4,0.02762172743678093,4-2-1,0.02579524554312229,1-2-4,0.02473548799753189,1-2-3,0.02431214414536953,1-4-2,0.023519162088632584,2-1-3,0.022617679089307785,4-3-5,0.021832864731550217,100,5353.0,2725.0,72830,10,45,33,12,0.1,0.45,0.33,0.12,3-1-4,7,0.07,1-2-3,6,0.06,2-4-3,5,0.05,2-4-5,5,0.05,3-2-4,4,0.04,2-3-4,4,0.04,2-1-3,4,0.04,3-4-2,4,0.04,1-2-5,4,0.04,1-2-4,4,0.04
20260726,17,7,0.625,rough_Q4,AI予想確率,過去データで実績補正した推定確率です。,2-3,0.26593101024627686,1-2,0.26477766036987305,2-5,0.12265104055404663,2-1-3,0.09239077568054199,2-3-6,0.05922462418675423,3-2-6,0.05784156918525696,2-3-5,0.05759292468428612,2-5-3,0.054203592240810394,1-2-3,0.053165215998888016,2-1-5,0.052557092159986496,3-2-5,0.03806621581315994,3-5-2,0.03688736632466316,2-6-3,0.034818362444639206,2-5-6,0.03296846151351929,1-3-2,0.03103575110435486,2-1-6,0.028581179678440094,1-2-5,0.02728021889925003,2-3-1,0.025755727663636208,1-5-2,0.025077763944864273,3-5-6,0.019961316138505936,3-1-2,0.019530056044459343,5-1-2,0.018856316804885864,3-2-1,0.017878010869026184,100,5644.9,2335.0,72960,11,49,28,12,0.11,0.49,0.28,0.12,1-2-3,7,0.07,2-1-3,6,0.06,2-3-6,5,0.05,1-2-6,5,0.05,3-2-4,5,0.05,2-3-1,5,0.05,2-1-5,5,0.05,3-2-5,4,0.04,2-1-6,4,0.04,1-5-2,4,0.04
20260726,17,8,0.4852564102564102,rough_Q3,AI予想確率,過去データで実績補正した推定確率です。,1-2,0.392286479473114,1-5,0.2582472264766693,1-3,0.08817119896411896,1-2-5,0.15707853436470032,1-5-2,0.10236300528049469,1-2-4,0.064353346824646,2-1-5,0.06359321624040604,1-2-3,0.0612323023378849,1-5-4,0.04277348518371582,5-1-2,0.03586643189191818,1-3-5,0.0352042019367218,1-3-2,0.03504284471273422,1-5-3,0.02845541574060917,2-1-4,0.02602187730371952,1-4-5,0.02356748841702938,1-4-2,0.023097088560461998,5-2-1,0.023082520812749863,1-5-6,0.01695205457508564,5-1-4,0.0131867416203022,4-5-1,0.013013225980103016,1-3-4,0.011791219934821129,5-1-6,0.011445991694927216,2-5-1,0.01108259055763483,100,8213.5,2475.0,112090,20,35,28,17,0.2,0.35,0.28,0.17,1-5-2,7,0.07,1-2-4,7,0.07,1-2-3,7,0.07,1-3-2,6,0.06,1-2-5,5,0.05,4-5-1,4,0.04,2-1-5,4,0.04,2-1-3,4,0.04,1-4-2,3,0.03,1-2-6,3,0.03
20260726,17,9,0.33397435897435895,rough_Q1,AI予想確率,過去データで実績補正した推定確率です。,1-5,0.4919682443141937,1-2,0.23963379859924316,1-3,0.12895463407039642,1-2-5,0.14613957703113556,1-5-2,0.14551657438278198,1-5-3,0.14097775518894196,1-5-4,0.08018149435520172,1-3-5,0.0753520280122757,5-1-2,0.05896903574466705,1-2-3,0.03517436981201172,1-2-4,0.03039027377963066,5-1-3,0.028258679434657097,1-3-2,0.024488186463713646,1-4-5,0.019443249329924583,1-3-4,0.016794107854366302,1-5-6,0.01551194116473198,2-1-5,0.01434340886771679,5-1-6,0.011452125385403633,5-1-4,0.01110067404806614,4-5-1,0.009758975356817245,1-4-2,0.009449210949242115,5-4-2,0.009271948598325253,1-4-3,0.008790090680122375,100,5257.5,1830.0,49600,23,42,21,14,0.23,0.42,0.21,0.14,1-2-3,12,0.12,1-5-2,11,0.11,1-3-4,7,0.07,1-5-3,6,0.06,1-4-3,5,0.05,1-2-5,5,0.05,1-3-2,5,0.05,1-2-4,5,0.05,1-3-5,4,0.04,3-1-4,3,0.03
20260726,17,10,0.7346153846153847,rough_Q5,AI予想確率,過去データで実績補正した推定確率です。,1-2,0.2744840383529663,1-4,0.19127731025218964,2-4,0.1288680136203766,1-2-4,0.0788378119468689,1-4-2,0.061762671917676926,2-1-4,0.051195211708545685,4-1-2,0.0414169616997242,1-2-3,0.04119156301021576,1-2-5,0.03845073655247688,2-4-1,0.036442168056964874,1-3-4,0.030496006831526756,1-3-2,0.025934722274541855,1-4-5,0.025119317695498466,3-4-6,0.023297809064388275,2-4-3,0.022185949608683586,4-2-5,0.020613765344023705,2-1-3,0.020280083641409874,2-1-5,0.019472727552056313,4-5-1,0.01926100254058838,1-4-3,0.01907210983335972,1-5-2,0.018232010304927826,4-1-5,0.017151352018117905,4-6-2,0.016947288066148758,100,8941.6,4035.0,133890,10,30,37,23,0.1,0.3,0.37,0.23,1-2-4,10,0.1,1-2-3,8,0.08,1-4-3,5,0.05,1-4-2,4,0.04,2-1-4,4,0.04,1-3-5,4,0.04,1-5-4,4,0.04,1-2-5,3,0.03,1-6-2,3,0.03,2-4-3,3,0.03
20260726,17,11,0.37115384615384617,rough_Q2,AI予想確率,過去データで実績補正した推定確率です。,1-3,0.4840943217277527,1-2,0.2901894450187683,1-4,0.08247788995504379,1-3-2,0.1778610646724701,1-2-3,0.15223556756973267,1-3-6,0.14152251183986664,1-3-4,0.10608148574829102,1-2-4,0.05403349921107292,1-2-6,0.044631145894527435,1-4-3,0.033643852919340134,1-4-2,0.022692376747727394,1-6-2,0.02257615141570568,1-3-5,0.022532079368829727,1-6-3,0.0222215224057436,1-2-5,0.014835434965789318,3-1-2,0.01264641061425209,3-1-4,0.012536933645606041,1-4-6,0.010876479558646679,2-1-3,0.010768135078251362,1-6-4,0.009143968112766743,3-1-6,0.006564138922840357,1-5-3,0.006359690334647894,2-1-4,0.006171190179884434,100,5653.4,2085.0,101730,28,33,25,14,0.28,0.33,0.25,0.14,1-2-3,12,0.12,1-3-2,9,0.09,1-3-4,7,0.07,1-2-4,7,0.07,1-2-6,7,0.07,1-3-6,5,0.05,1-4-3,4,0.04,1-5-3,3,0.03,2-1-3,3,0.03,1-3-5,3,0.03
20260726,17,12,0.6416666666666667,rough_Q4,AI予想確率,過去データで実績補正した推定確率です。,1-3,0.31790679693222046,1-4,0.25509026646614075,1-2,0.24252648651599884,1-3-4,0.15243911743164062,1-2-3,0.11401069164276123,1-2-4,0.07813286781311035,1-4-2,0.07262620329856873,1-4-3,0.06635304540395737,1-3-2,0.06634017825126648,1-3-5,0.035825517028570175,1-4-6,0.029769951477646828,1-4-5,0.02651120349764824,4-1-2,0.025377344340085983,3-1-4,0.022751424461603165,1-3-6,0.01977298967540264,2-1-3,0.013478582724928856,1-2-5,0.012843778356909752,2-1-4,0.012808059342205524,4-1-3,0.012156308628618717,3-1-5,0.01210598275065422,4-1-6,0.011801992543041706,4-1-5,0.010494186542928219,1-2-6,0.010149798355996609,100,7489.4,1695.0,95420,22,44,16,18,0.22,0.44,0.16,0.18,1-2-3,13,0.13,1-3-4,9,0.09,1-2-4,8,0.08,1-4-3,6,0.06,1-2-6,5,0.05,1-4-2,5,0.05,1-3-2,5,0.05,2-1-3,4,0.04,3-1-2,3,0.03,1-3-5,3,0.03
20260726,20,1,0.5974358974358973,rough_Q4,AI予想確率,過去データで実績補正した推定確率です。,1-2,0.33109596371650696,1-3,0.21678698062896729,1-4,0.1331051141023636,1-2-3,0.09471984207630157,1-3-2,0.06490028649568558,2-1-4,0.061279524117708206,2-1-3,0.05023103579878807,1-3-4,0.04856235161423683,1-2-4,0.04779735580086708,1-3-6,0.04396556690335274,2-3-6,0.04023806005716324,2-1-6,0.037664156407117844,1-4-2,0.03685980290174484,1-2-6,0.03277614712715149,3-2-4,0.030646298080682755,1-4-6,0.028637699782848358,2-3-1,0.02348063327372074,1-4-3,0.023431940004229546,3-1-2,0.02289661578834057,3-1-4,0.02079615369439125,4-1-2,0.01855047233402729,1-6-2,0.016100166365504265,4-2-3,0.011638818308711052,100,8908.5,3975.0,104900,7,32,37,24,0.07,0.32,0.37,0.24,2-1-4,9,0.09,2-1-3,6,0.06,1-4-6,4,0.04,4-2-3,4,0.04,1-2-4,3,0.03,1-4-2,3,0.03,1-3-2,3,0.03,1-3-6,3,0.03,3-1-6,3,0.03,2-4-1,3,0.03
20260726,20,2,0.36217948717948717,rough_Q2,AI予想確率,過去データで実績補正した推定確率です。,1-4,0.3403036594390869,1-6,0.24665862321853638,2-4,0.15155117213726044,1-4-6,0.1686757653951645,1-6-4,0.1598023623228073,2-4-1,0.091263547539711,6-1-4,0.06694296002388,4-1-2,0.05609990656375885,4-6-1,0.04985116794705391,1-4-2,0.04852154478430748,4-5-1,0.04123459756374359,4-1-6,0.03376670554280281,4-2-6,0.03030567243695259,1-2-6,0.02192620187997818,4-2-1,0.02137698233127594,1-2-4,0.013493693433701992,4-5-2,0.011509007774293423,4-1-3,0.010001822374761105,6-2-4,0.009548894129693508,4-5-6,0.009290618821978569,6-4-1,0.009167048148810863,1-3-4,0.009071924723684788,4-6-2,0.008933154866099358,100,6583.4,3775.0,37500,3,38,38,21,0.03,0.38,0.38,0.21,1-2-4,7,0.07,1-6-4,6,0.06,1-4-3,4,0.04,2-4-1,4,0.04,1-3-4,3,0.03,1-5-6,3,0.03,4-6-1,3,0.03,5-1-6,3,0.03,4-2-3,3,0.03,1-2-6,3,0.03
20260726,20,3,0.3628205128205128,rough_Q2,AI予想確率,過去データで実績補正した推定確率です。,1-5,0.5792062282562256,5-6,0.13119986653327942,1-2,0.11593049764633179,1-5-6,0.17207589745521545,1-5-2,0.1316821426153183,1-5-4,0.11868996173143387,5-6-1,0.06211371347308159,1-2-5,0.05569516867399216,5-1-4,0.05073152109980583,5-6-2,0.047561999410390854,5-1-2,0.046420130878686905,5-1-6,0.040724072605371475,2-1-5,0.023832011967897415,5-2-6,0.022407878190279007,5-6-4,0.019857991486787796,1-2-6,0.019472388550639153,1-5-3,0.015568573959171772,1-6-5,0.01531770545989275,1-4-5,0.012996973469853401,5-4-1,0.011141296476125717,5-4-6,0.009669708088040352,1-6-2,0.0092011708766222,1-6-4,0.00825340487062931,100,7635.1,3430.0,58200,4,39,35,22,0.04,0.39,0.35,0.22,1-5-2,7,0.07,1-6-4,5,0.05,1-5-6,4,0.04,1-3-5,3,0.03,5-1-2,3,0.03,5-1-6,3,0.03,1-2-3,3,0.03,3-2-1,3,0.03,1-2-5,3,0.03,2-5-1,2,0.02
20260726,20,4,0.5673076923076923,rough_Q3,AI予想確率,過去データで実績補正した推定確率です。,1-4,0.4223736822605133,4-5,0.08899813145399094,4-6,0.08897379785776138,1-4-6,0.09275845438241959,1-4-3,0.08259478956460953,1-4-2,0.07103187590837479,4-6-1,0.05292396619915962,4-1-5,0.04755375534296036,4-1-3,0.038307104259729385,4-5-1,0.03765541687607765,4-1-6,0.03746487572789192,4-5-6,0.03269170969724655,1-3-4,0.02733507938683033,4-1-2,0.026564184576272964,1-6-4,0.026391349732875824,1-4-5,0.02609865367412567,1-2-4,0.02551564760506153,4-2-6,0.021552134305238724,1-2-6,0.020628150552511215,4-2-1,0.019769752398133278,1-2-3,0.014073221012949944,1-3-2,0.014032982289791107,3-1-4,0.01249940786510706,100,9869.9,4170.0,114170,4,34,35,27,0.04,0.34,0.35,0.27,1-4-2,8,0.08,6-1-3,5,0.05,4-1-6,5,0.05,2-1-4,3,0.03,1-2-6,3,0.03,6-1-2,3,0.03,4-6-5,3,0.03,1-3-4,3,0.03,1-4-3,3,0.03,1-6-4,3,0.03
20260726,20,5,0.09551282051282053,rough_Q1,AI予想確率,過去データで実績補正した推定確率です。,1-2,0.4207601547241211,1-4,0.36956533789634705,1-3,0.16097809374332428,1-2-4,0.25312069058418274,1-4-2,0.17502495646476746,1-4-3,0.14897827804088593,1-2-3,0.12385320663452148,1-3-4,0.08568961918354034,1-3-2,0.05932176113128662,1-2-5,0.023560432717204094,1-4-5,0.023061253130435944,2-1-4,0.013622505590319633,4-2-1,0.010501891374588013,4-1-2,0.008986554108560085,1-3-5,0.008855494670569897,1-5-4,0.006817487068474293,4-1-3,0.006390556693077087,1-5-2,0.006341667380183935,2-1-3,0.004965850617736578,1-4-6,0.0037347646430134773,4-1-5,0.0030166441574692726,1-5-3,0.002100100740790367,3-1-2,0.001982760848477483,100,1746.0,805.0,15170,58,29,10,3,0.58,0.29,0.1,0.03,1-2-3,15,0.15,1-2-4,14,0.14,1-4-2,13,0.13,1-3-2,11,0.11,1-4-3,9,0.09,1-3-4,8,0.08,1-4-5,5,0.05,1-2-5,5,0.05,2-1-4,4,0.04,2-1-3,3,0.03
20260726,20,6,0.35897435897435903,rough_Q2,AI予想確率,過去データで実績補正した推定確率です。,1-6,0.34425345063209534,1-3,0.31266212463378906,3-6,0.12197552621364594,1-3-6,0.18178366124629974,1-6-3,0.15135861933231354,1-6-2,0.1387200653553009,1-3-2,0.05888821557164192,1-4-6,0.049958229064941406,1-2-6,0.04207684099674225,6-3-1,0.04066650569438934,3-6-1,0.03505378216505051,3-6-2,0.034494683146476746,1-2-3,0.03437657281756401,1-3-4,0.034335773438215256,1-6-4,0.029943397268652916,3-1-6,0.020569097250699997,1-4-3,0.01729503832757473,3-1-4,0.010749896056950092,6-1-3,0.010120747610926628,1-4-2,0.00838930532336235,6-1-2,0.007977484725415707,4-6-1,0.006358254700899124,1-2-4,0.006108267232775688,100,8384.7,3465.0,120240,20,24,35,21,0.2,0.24,0.35,0.21,1-3-6,6,0.06,1-3-4,6,0.06,3-1-6,5,0.05,1-3-2,5,0.05,1-6-3,5,0.05,1-6-4,5,0.05,1-2-3,4,0.04,1-4-2,4,0.04,1-5-6,4,0.04,1-2-6,3,0.03
20260726,20,7,0.20064102564102565,rough_Q1,AI予想確率,過去データで実績補正した推定確率です。,1-2,0.27972254157066345,1-6,0.27042627334594727,1-3,0.23982658982276917,1-6-2,0.13908304274082184,1-2-3,0.10815376788377762,1-3-6,0.10067621618509293,1-2-6,0.09723038971424103,1-6-3,0.07681456208229065,1-4-6,0.0592171736061573,1-3-2,0.05802610516548157,1-3-4,0.05367310345172882,1-2-4,0.04383052885532379,1-6-4,0.036182962357997894,1-5-6,0.03242022916674614,1-4-3,0.02670678123831749,1-4-2,0.021540895104408264,3-1-6,0.012626435607671738,2-1-4,0.012427681125700474,1-3-5,0.011171205900609493,6-1-2,0.008731961250305176,1-2-5,0.007820028811693192,2-3-6,0.007211108226329088,4-1-6,0.006445607636123896,100,6116.2,1970.0,69170,29,38,16,17,0.29,0.38,0.16,0.17,1-6-2,9,0.09,1-3-4,8,0.08,1-3-2,7,0.07,1-6-3,7,0.07,1-2-6,6,0.06,1-2-4,5,0.05,1-4-6,5,0.05,1-3-6,4,0.04,1-2-3,3,0.03,1-4-3,3,0.03
20260726,20,8,0.5769230769230769,rough_Q4,AI予想確率,過去データで実績補正した推定確率です。,1-2,0.46403878927230835,1-3,0.18503299355506897,2-3,0.10627851635217667,1-2-3,0.16906562447547913,1-3-2,0.09943424165248871,1-2-5,0.06977376341819763,1-2-4,0.06175192818045616,2-1-3,0.05550992861390114,2-1-5,0.050708916038274765,2-1-4,0.04621120169758797,2-3-5,0.03916829079389572,1-3-5,0.02932908572256565,1-3-4,0.02649972029030323,2-3-1,0.02325395494699478,2-4-1,0.0192524753510952,1-4-2,0.01682499423623085,1-5-3,0.01668243110179901,1-5-2,0.014871122315526009,5-1-2,0.011496507562696934,3-1-2,0.011201039887964725,2-3-4,0.01070050336420536,2-4-3,0.009751632809638977,3-1-5,0.009696847759187222,100,8028.3,1750.0,248690,31,31,20,18,0.31,0.31,0.2,0.18,1-2-3,18,0.18,1-3-2,8,0.08,1-2-6,6,0.06,1-2-4,5,0.05,1-2-5,4,0.04,1-3-5,4,0.04,3-1-2,3,0.03,1-5-4,3,0.03,2-1-4,3,0.03,5-1-2,3,0.03
20260726,20,9,0.4737179487179487,rough_Q3,AI予想確率,過去データで実績補正した推定確率です。,1-3,0.5711528658866882,1-2,0.142403706908226,1-4,0.09253963828086853,1-3-2,0.13948433101177216,1-3-4,0.09890849143266678,1-2-3,0.09669286757707596,3-1-6,0.06494016200304031,1-3-6,0.06170423701405525,3-1-5,0.05995459482073784,3-1-4,0.05974292755126953,1-3-5,0.05935166776180267,1-4-3,0.03545881062746048,3-1-2,0.027066441252827644,1-4-2,0.019290750846266747,1-6-3,0.017437051981687546,1-5-3,0.016789015382528305,1-2-4,0.015200010500848293,3-4-1,0.011540457606315613,3-2-1,0.011107870377600193,1-4-6,0.010937733575701714,1-2-6,0.01075013354420662,6-1-3,0.009326327592134476,4-1-3,0.009152516722679138,100,8231.4,2035.0,140310,23,37,24,16,0.23,0.37,0.24,0.16,1-3-2,9,0.09,1-3-4,9,0.09,1-3-6,7,0.07,1-4-3,7,0.07,3-1-6,6,0.06,1-2-3,5,0.05,1-3-5,5,0.05,1-5-3,5,0.05,3-1-2,4,0.04,3-1-4,3,0.03
20260726,20,10,0.3134615384615384,rough_Q1,AI予想確率,過去データで実績補正した推定確率です。,1-4,0.5763887166976929,1-2,0.20944581925868988,1-3,0.06146164983510971,1-4-2,0.20380020141601562,1-2-4,0.14756515622138977,1-4-6,0.13916350901126862,1-4-3,0.10589946061372757,1-4-5,0.05858336389064789,1-5-6,0.04095379635691643,4-1-2,0.02962467074394226,1-2-3,0.026539912447333336,1-3-4,0.02350902371108532,4-1-6,0.022344017401337624,1-3-2,0.019251257181167603,1-2-5,0.012959901243448257,1-5-4,0.011987405829131603,1-2-6,0.011895742267370224,4-1-5,0.010146046057343483,4-5-6,0.008604520000517368,1-6-3,0.008207612670958042,1-6-4,0.008165363222360611,4-6-1,0.0071591585874557495,4-1-3,0.006827443838119507,100,6040.3,1850.0,96720,27,35,20,18,0.27,0.35,0.2,0.18,1-2-4,10,0.1,1-4-2,9,0.09,1-3-2,8,0.08,1-3-4,6,0.06,1-4-3,6,0.06,1-2-3,6,0.06,1-4-6,3,0.03,4-1-2,3,0.03,1-2-5,3,0.03,1-3-5,2,0.02
20260726,20,11,0.4865384615384615,rough_Q3,AI予想確率,過去データで実績補正した推定確率です。,1-3,0.4921112060546875,1-4,0.22116626799106598,3-4,0.1269894540309906,1-3-4,0.2062886506319046,1-4-3,0.10660446435213089,1-3-2,0.07004979997873306,3-1-4,0.067327581346035,1-3-5,0.06396409124135971,3-1-5,0.05061447620391846,1-4-6,0.03999793156981468,3-4-5,0.032447557896375656,3-4-1,0.03240734711289406,1-2-3,0.02655912935733795,4-3-6,0.02403574250638485,4-1-3,0.023901907727122307,1-4-2,0.02103010192513466,3-1-2,0.017802024260163307,1-2-4,0.015689346939325333,3-4-6,0.010548083111643791,1-3-6,0.01030876487493515,4-1-2,0.010209223255515099,3-6-4,0.010037383064627647,3-2-4,0.010002611204981804,100,5906.0,3180.0,42520,16,31,37,16,0.16,0.31,0.37,0.16,1-3-2,9,0.09,3-1-5,8,0.08,1-3-5,7,0.07,1-4-2,6,0.06,1-3-4,5,0.05,1-2-4,5,0.05,1-4-3,4,0.04,3-4-5,4,0.04,1-2-5,3,0.03,3-5-1,3,0.03
20260726,20,12,0.2903846153846154,rough_Q1,AI予想確率,過去データで実績補正した推定確率です。,1-4,0.39804336428642273,1-3,0.16647088527679443,1-2,0.14883580803871155,1-4-6,0.10615973174571991,1-4-3,0.09644922614097595,1-4-5,0.07179845124483109,1-3-4,0.07008983939886093,1-4-2,0.06731890141963959,1-2-4,0.0672498494386673,1-5-4,0.045244891196489334,1-3-5,0.03905374929308891,1-5-2,0.03681935742497444,1-3-6,0.031206220388412476,1-6-4,0.029927048832178116,1-2-5,0.02980530448257923,1-2-3,0.028763379901647568,4-1-5,0.028319809585809708,1-6-5,0.028101200237870216,1-6-3,0.023848915472626686,1-3-2,0.022167952731251717,4-1-6,0.021057697013020515,1-2-6,0.01823727786540985,1-5-3,0.017914123833179474,100,10189.9,2545.0,200050,11,43,27,19,0.11,0.43,0.27,0.19,1-3-4,7,0.07,1-3-6,5,0.05,1-3-5,5,0.05,1-3-2,5,0.05,1-5-2,5,0.05,1-4-5,5,0.05,1-6-4,4,0.04,1-2-6,4,0.04,1-2-4,4,0.04,1-4-6,4,0.04
20260726,21,1,0.4064102564102564,rough_Q2,AI予想確率,過去データで実績補正した推定確率です。,1-3,0.3550684154033661,1-2,0.32052281498908997,1-4,0.134984090924263,1-2-3,0.1734643131494522,1-3-2,0.1542012095451355,1-3-4,0.0793042927980423,1-2-4,0.060347866266965866,1-3-6,0.04403519630432129,1-3-5,0.03957100957632065,1-4-2,0.03686525672674179,1-2-5,0.03678783401846886,1-4-3,0.031996842473745346,1-2-6,0.020984457805752754,1-6-5,0.01855761557817459,1-4-5,0.01534770242869854,3-1-4,0.015169003047049046,1-4-6,0.015060949139297009,1-5-6,0.01414167694747448,2-1-3,0.01390193309634924,1-5-3,0.013814698904752731,1-5-2,0.010946842841804028,4-1-5,0.010813544504344463,4-1-2,0.00977092981338501,100,16908.8,3005.0,297990,24,26,27,23,0.24,0.26,0.27,0.23,1-2-3,10,0.1,1-3-2,8,0.08,1-3-4,6,0.06,1-2-4,6,0.06,1-2-5,5,0.05,4-1-5,5,0.05,1-3-5,5,0.05,1-3-6,4,0.04,2-3-1,3,0.03,1-6-3,3,0.03
20260726,21,2,0.3282051282051282,rough_Q1,AI予想確率,過去データで実績補正した推定確率です。,1-4,0.5741424560546875,1-2,0.13317738473415375,4-5,0.08444961905479431,1-4-2,0.14360211789608002,1-4-5,0.1410820037126541,1-4-3,0.1163046807050705,1-2-4,0.07027154415845871,4-1-2,0.054612401872873306,4-1-6,0.05207543447613716,4-5-1,0.04651286453008652,1-3-4,0.04547058790922165,1-4-6,0.03187469393014908,1-2-5,0.030611099675297737,1-5-4,0.028718989342451096,4-1-5,0.02863278239965439,4-5-6,0.02584652416408062,4-2-1,0.020493842661380768,1-2-3,0.0161790382117033,1-5-2,0.012177477590739727,1-3-5,0.011216181330382824,1-3-2,0.010320635512471199,1-5-3,0.009681209921836853,2-4-5,0.007845180109143257,100,6601.7,2900.0,89960,15,37,32,16,0.15,0.37,0.32,0.16,1-4-3,10,0.1,4-1-2,8,0.08,4-1-5,6,0.06,4-5-1,5,0.05,1-5-4,5,0.05,1-2-3,5,0.05,1-2-4,4,0.04,1-3-4,4,0.04,1-4-6,4,0.04,4-2-1,3,0.03
20260726,21,3,0.5243589743589744,rough_Q3,AI予想確率,過去データで実績補正した推定確率です。,1-5,0.41248586773872375,1-3,0.3387405574321747,3-5,0.08576373755931854,1-3-5,0.19982118904590607,1-5-3,0.1743011623620987,3-1-5,0.07395782321691513,5-1-4,0.06540912389755249,5-1-3,0.04389079287648201,1-5-2,0.040276899933815,5-1-2,0.03972918167710304,3-5-1,0.03479911386966705,1-3-2,0.032421696931123734,1-5-4,0.026927471160888672,3-5-4,0.024118805304169655,1-2-5,0.020073512569069862,1-2-3,0.015333538874983788,1-3-4,0.015266752801835537,1-5-6,0.014913833700120449,1-4-5,0.010710557922720909,3-4-5,0.010347554460167885,5-3-1,0.00932218972593546,2-5-3,0.009086892008781433,5-4-1,0.008558983914554119,100,7441.8,2740.0,69080,24,30,24,22,0.24,0.3,0.24,0.22,1-3-5,13,0.13,1-3-2,8,0.08,1-3-4,6,0.06,1-5-3,5,0.05,1-5-2,4,0.04,5-1-3,4,0.04,1-4-5,3,0.03,1-2-3,3,0.03,5-4-1,3,0.03,3-1-2,2,0.02
20260726,21,4,0.21153846153846154,rough_Q1,AI予想確率,過去データで実績補正した推定確率です。,1-3,0.4324658513069153,1-4,0.2235029637813568,1-5,0.15740427374839783,1-3-4,0.18716995418071747,1-3-5,0.15694274008274078,1-4-3,0.09456100314855576,1-4-5,0.06758242845535278,1-3-2,0.05828503146767616,1-5-3,0.05764913186430931,1-2-4,0.05556017532944679,1-5-4,0.044382788240909576,1-2-3,0.034653760492801666,1-4-2,0.03435816615819931,1-2-5,0.023966116830706596,1-5-2,0.022292694076895714,1-5-6,0.01389387622475624,1-4-6,0.013051614165306091,3-1-4,0.012452184222638607,1-3-6,0.007890334352850914,5-1-3,0.007683070842176676,4-1-5,0.00711678434163332,4-3-1,0.007064503151923418,3-4-1,0.006043769884854555,100,5391.1,1400.0,121950,44,34,12,10,0.44,0.34,0.12,0.1,1-3-4,13,0.13,1-3-5,12,0.12,1-5-3,10,0.1,1-3-2,7,0.07,1-4-3,7,0.07,1-2-3,6,0.06,1-4-5,6,0.06,1-5-2,4,0.04,1-2-4,4,0.04,1-5-4,3,0.03
20260726,21,5,0.23397435897435898,rough_Q1,AI予想確率,過去データで実績補正した推定確率です。,1-3,0.40819448232650757,1-6,0.2544499635696411,1-2,0.10611959546804428,1-3-6,0.17348316311836243,1-3-5,0.08856004476547241,1-3-2,0.07188045233488083,6-1-4,0.06650398671627045,1-3-4,0.05627195164561272,1-6-5,0.05424819886684418,1-5-6,0.05396902561187744,1-2-6,0.046507544815540314,1-6-3,0.043449025601148605,1-4-6,0.04198208823800087,1-6-4,0.04155690222978592,1-2-3,0.032184720039367676,1-6-2,0.029776565730571747,1-4-3,0.024520771577954292,1-5-2,0.01386744063347578,1-5-3,0.013381089083850384,1-2-4,0.012790342792868614,1-4-2,0.011927179992198944,5-1-6,0.011138114146888256,6-1-5,0.009564070962369442,100,7010.0,2020.0,82180,28,32,23,17,0.28,0.32,0.23,0.17,1-3-5,8,0.08,1-3-6,8,0.08,1-4-3,7,0.07,1-3-4,7,0.07,1-2-3,6,0.06,1-2-6,5,0.05,1-4-5,5,0.05,1-6-3,4,0.04,1-5-6,3,0.03,1-5-2,3,0.03
20260726,21,6,0.7326923076923076,rough_Q5,AI予想確率,過去データで実績補正した推定確率です。,1-2,0.3006421625614166,2-3,0.17788171768188477,2-6,0.13978222012519836,2-1-3,0.06687672436237335,2-3-6,0.06313520669937134,1-2-3,0.058096904307603836,2-6-3,0.054547201842069626,1-2-6,0.049223411828279495,2-1-6,0.047369714826345444,2-1-4,0.04375709220767021,2-3-4,0.04309498146176338,1-6-2,0.04109550639986992,1-3-2,0.029568590223789215,2-6-1,0.02575158327817917,2-6-4,0.022741734981536865,3-6-2,0.021540619432926178,3-2-6,0.02094235084950924,6-2-1,0.01815672032535076,2-4-1,0.01730867475271225,1-2-4,0.015614544041454792,2-3-1,0.014866637997329235,1-3-6,0.014446765184402466,3-2-4,0.01357002928853035,100,9919.3,3730.0,123430,7,35,34,24,0.07,0.35,0.34,0.24,1-2-6,7,0.07,1-2-3,6,0.06,2-1-3,6,0.06,1-2-5,4,0.04,6-2-3,4,0.04,2-1-6,4,0.04,1-3-6,4,0.04,2-1-5,4,0.04,2-4-1,3,0.03,1-3-2,3,0.03
20260726,21,7,0.6647435897435898,rough_Q5,AI予想確率,過去データで実績補正した推定確率です。,1-3,0.24122081696987152,1-4,0.2129824012517929,3-4,0.14524433016777039,1-3-4,0.0777338445186615,1-4-3,0.07170982658863068,4-5-3,0.050765275955200195,3-4-5,0.048973940312862396,1-4-5,0.04028083756566048,1-3-5,0.03984726220369339,1-4-2,0.03377934545278549,1-2-4,0.03165928274393082,1-3-2,0.02962423488497734,3-5-1,0.024818208068609238,3-4-6,0.02359170652925968,3-1-6,0.022140881046652794,3-1-4,0.021641049534082413,1-2-3,0.0208591278642416,3-1-2,0.02067744918167591,3-1-5,0.020506305620074272,3-4-1,0.020488431677222252,4-3-1,0.020320629701018333,4-1-3,0.018904445692896843,4-5-1,0.018440062180161476,100,8828.3,3235.0,93260,12,35,32,21,0.12,0.35,0.32,0.21,1-4-3,7,0.07,1-3-4,6,0.06,1-3-6,5,0.05,1-4-2,5,0.05,1-2-3,5,0.05,1-3-5,4,0.04,3-1-2,3,0.03,1-3-2,3,0.03,1-4-5,3,0.03,1-2-4,3,0.03
20260726,21,8,0.7371794871794871,rough_Q5,AI予想確率,過去データで実績補正した推定確率です。,2-6,0.22973160445690155,1-2,0.16012583673000336,2-3,0.11065743863582611,2-6-1,0.07508822530508041,2-1-6,0.04917103052139282,6-1-2,0.04696442931890488,2-3-6,0.04487915709614754,4-6-2,0.04219890013337135,2-6-4,0.04180993139743805,6-2-1,0.04098089411854744,2-4-6,0.03807373344898224,2-6-3,0.02725357934832573,2-1-3,0.022472575306892395,2-5-6,0.02244488149881363,1-2-3,0.022412564605474472,2-4-3,0.021553877741098404,1-2-4,0.019955284893512726,4-2-6,0.01934596337378025,2-3-4,0.01835087686777115,1-2-6,0.017267731949687004,1-6-4,0.017050160095095634,1-6-2,0.01698429323732853,6-2-4,0.016797006130218506,100,9480.9,4640.0,70600,3,30,39,28,0.03,0.3,0.39,0.28,2-1-3,5,0.05,2-1-6,5,0.05,2-4-1,5,0.05,1-2-5,4,0.04,2-3-6,4,0.04,1-2-3,3,0.03,6-2-1,3,0.03,1-2-4,3,0.03,4-2-1,3,0.03,2-4-5,3,0.03
20260726,21,9,0.4967948717948718,rough_Q3,AI予想確率,過去データで実績補正した推定確率です。,1-2,0.5670441389083862,2-6,0.10569053888320923,1-5,0.06576202809810638,1-2-6,0.15633359551429749,2-1-6,0.08686251938343048,1-2-3,0.075922392308712,1-2-5,0.0713188499212265,2-1-4,0.055746547877788544,2-1-5,0.05272851884365082,1-2-4,0.03517965227365494,1-6-2,0.03498860076069832,2-1-3,0.03295208513736725,6-2-1,0.032589394599199295,1-5-6,0.030168529599905014,2-6-5,0.029118811711668968,1-3-2,0.027121471241116524,2-6-1,0.026401091367006302,1-5-2,0.02376469597220421,6-1-2,0.012216360308229923,5-6-1,0.010342990048229694,2-5-1,0.009578216820955276,2-6-3,0.009558513760566711,2-3-6,0.009117207489907742,100,6005.9,1965.0,121280,17,48,23,12,0.17,0.48,0.23,0.12,1-2-6,10,0.1,1-2-4,9,0.09,1-2-3,8,0.08,1-2-5,7,0.07,2-3-6,5,0.05,2-1-4,4,0.04,2-1-6,4,0.04,1-3-2,4,0.04,1-5-2,4,0.04,2-1-5,3,0.03
20260726,21,10,0.41410256410256413,rough_Q2,AI予想確率,過去データで実績補正した推定確率です。,1-3,0.6108639240264893,1-4,0.09102719277143478,3-4,0.086306132376194,1-3-5,0.178677037358284,1-3-4,0.14314983785152435,3-1-5,0.08476133644580841,3-1-4,0.07454444468021393,3-1-6,0.051952920854091644,1-3-2,0.048871900886297226,1-4-3,0.03705187886953354,1-5-3,0.034323643893003464,3-4-1,0.03322596848011017,4-5-3,0.028268707916140556,1-2-3,0.027429746463894844,1-4-5,0.021894773468375206,4-3-1,0.020060716196894646,1-3-6,0.018875565379858017,3-4-5,0.018406212329864502,1-4-2,0.017415937036275864,1-2-5,0.012827381491661072,5-3-1,0.01070940587669611,3-1-2,0.010030921548604965,1-5-2,0.00849969033151865,100,5578.8,2470.0,61550,19,40,25,16,0.19,0.4,0.25,0.16,1-3-2,8,0.08,1-3-4,7,0.07,1-2-3,6,0.06,1-3-5,5,0.05,1-5-3,5,0.05,1-4-6,5,0.05,1-4-5,4,0.04,3-1-4,4,0.04,4-3-1,4,0.04,3-1-6,3,0.03
20260726,21,11,0.5019230769230769,rough_Q3,AI予想確率,過去データで実績補正した推定確率です。,1-5,0.3756512701511383,1-4,0.2075100988149643,1-3,0.11834494769573212,1-4-5,0.08154835551977158,1-5-4,0.07341799139976501,1-5-6,0.06907858699560165,1-3-5,0.05649593845009804,1-5-2,0.055865440517663956,1-5-3,0.05315040051937103,5-1-4,0.04890639707446098,4-5-6,0.04410618916153908,5-1-3,0.04007925093173981,4-1-5,0.036734551191329956,1-2-5,0.035697512328624725,1-2-4,0.03391251340508461,1-4-2,0.030879991129040718,1-4-3,0.02711089700460434,1-3-4,0.026659848168492317,5-1-6,0.026135480031371117,5-4-6,0.020549336448311806,4-5-1,0.01950158178806305,1-2-3,0.019010556861758232,1-4-6,0.018368661403656006,100,5372.9,1770.0,40390,17,49,19,15,0.17,0.49,0.19,0.15,1-4-5,8,0.08,1-2-5,7,0.07,1-4-3,6,0.06,1-2-4,5,0.05,1-5-4,5,0.05,1-3-4,5,0.05,1-4-2,5,0.05,1-2-3,5,0.05,1-5-6,4,0.04,1-3-5,4,0.04
20260726,21,12,0.3487179487179487,rough_Q2,AI予想確率,過去データで実績補正した推定確率です。,1-3,0.3859977126121521,1-2,0.23122330009937286,1-4,0.2123284786939621,1-3-4,0.16744965314865112,1-2-3,0.10346154123544693,1-3-2,0.09248243272304535,1-3-5,0.09121964871883392,1-2-4,0.06884625554084778,1-4-2,0.06252159178256989,1-4-5,0.06001455709338188,1-4-3,0.05938849598169327,1-2-5,0.04278099909424782,1-5-3,0.03588663041591644,1-5-2,0.022513117641210556,1-5-4,0.02136578969657421,3-1-4,0.012560034170746803,1-5-6,0.010516447946429253,1-4-6,0.010173287242650986,1-3-6,0.010171530768275261,4-1-5,0.008768854662775993,3-2-4,0.00710613327100873,3-4-1,0.006776589434593916,3-1-5,0.006179902236908674,100,8385.1,1745.0,133770,24,39,18,19,0.24,0.39,0.18,0.19,1-2-3,13,0.13,1-3-4,9,0.09,1-3-5,7,0.07,1-3-6,7,0.07,1-2-4,6,0.06,1-3-2,5,0.05,1-4-5,4,0.04,1-2-5,4,0.04,1-4-3,4,0.04,4-1-2,3,0.03
20260726,23,1,0.21858974358974362,rough_Q1,AI予想確率,過去データで実績補正した推定確率です。,1-3,0.36608248949050903,1-2,0.2577010989189148,1-5,0.24987252056598663,1-3-5,0.1445765197277069,1-3-6,0.1393076330423355,1-2-5,0.11773974448442459,1-2-3,0.1031990498304367,1-5-3,0.08352422714233398,1-3-2,0.06869949400424957,1-5-2,0.054548479616642,5-1-6,0.04963838681578636,1-5-6,0.039739519357681274,1-6-2,0.03453875705599785,1-2-6,0.033023204654455185,1-6-5,0.020848318934440613,1-6-3,0.01858844794332981,5-1-3,0.01839982531964779,5-2-1,0.010552029125392437,3-1-5,0.004618889652192593,3-1-2,0.004101241938769817,1-3-4,0.003298405325040221,5-1-2,0.0031357798725366592,5-3-1,0.0027380629908293486,100,5019.4,1350.0,49290,39,33,16,12,0.39,0.33,0.16,0.12,1-2-3,9,0.09,1-3-2,9,0.09,1-5-2,7,0.07,1-2-5,7,0.07,1-3-6,7,0.07,1-3-5,7,0.07,1-5-6,5,0.05,1-2-6,4,0.04,1-6-5,4,0.04,1-6-3,4,0.04
20260726,23,2,0.4,rough_Q2,AI予想確率,過去データで実績補正した推定確率です。,1-3,0.5317501425743103,1-2,0.11602193117141724,3-4,0.09091101586818695,1-3-5,0.14206260442733765,1-3-4,0.13949579000473022,1-3-2,0.11097933351993561,1-2-3,0.05792265385389328,3-1-4,0.05135614797472954,3-1-5,0.05066036805510521,3-5-1,0.03904141113162041,1-2-4,0.036926183849573135,1-4-3,0.03632460534572601,3-1-2,0.034177422523498535,1-5-3,0.03318274766206741,4-3-1,0.03304000943899155,3-4-1,0.032753024250268936,3-2-4,0.014531966298818588,3-2-1,0.01217163261026144,1-4-2,0.011615735478699207,1-5-2,0.009964415803551674,1-2-5,0.009946756064891815,1-5-4,0.00990250799804926,3-4-2,0.008490940555930138,100,9804.2,1805.0,326870,40,23,20,17,0.4,0.23,0.2,0.17,1-2-3,19,0.19,1-3-2,11,0.11,1-2-4,6,0.06,1-3-4,4,0.04,1-4-2,3,0.03,3-1-5,3,0.03,1-4-3,3,0.03,1-2-5,3,0.03,1-5-3,2,0.02,3-1-2,2,0.02
20260726,23,3,0.29166666666666663,rough_Q1,AI予想確率,過去データで実績補正した推定確率です。,1-2,0.30205458402633667,1-5,0.2902281582355499,1-3,0.25563737750053406,1-3-5,0.15519928932189941,1-2-5,0.1378801167011261,1-5-2,0.13129277527332306,1-2-3,0.10377649962902069,1-5-3,0.07282403856515884,1-3-2,0.056114327162504196,1-2-4,0.03405530005693436,1-3-4,0.03169587254524231,1-4-5,0.030088214203715324,1-5-4,0.02988985925912857,5-1-3,0.022869741544127464,5-1-2,0.02163599245250225,1-4-2,0.020092319697141647,1-4-3,0.014761120080947876,4-1-5,0.010967633686959743,5-1-4,0.010541889816522598,2-1-3,0.010096807032823563,2-1-5,0.009831967763602734,4-5-1,0.008708774112164974,5-2-1,0.008612795732915401,100,3808.5,1190.0,36650,41,33,15,11,0.41,0.33,0.15,0.11,1-3-2,12,0.12,1-3-4,9,0.09,1-2-3,8,0.08,1-2-5,8,0.08,1-3-5,7,0.07,1-5-3,6,0.06,3-1-4,6,0.06,1-5-2,4,0.04,1-2-4,4,0.04,1-4-5,3,0.03
20260726,23,4,0.7455128205128205,rough_Q5,AI予想確率,過去データで実績補正した推定確率です。,1-2,0.2739453911781311,2-3,0.15968887507915497,1-3,0.09871922433376312,1-2-3,0.051760151982307434,1-2-5,0.04638173058629036,1-2-6,0.03503231704235077,3-2-6,0.0335247777402401,2-1-6,0.033184267580509186,2-1-5,0.03021319955587387,2-1-3,0.029117072001099586,2-3-6,0.028320474550127983,1-5-2,0.028225377202033997,2-4-5,0.026704544201493263,1-3-2,0.026605818420648575,1-2-4,0.025109590962529182,2-3-5,0.023816749453544617,2-3-4,0.023482756689190865,2-1-4,0.023147080093622208,2-5-1,0.021347621455788612,2-6-1,0.02128533273935318,2-3-1,0.019915299490094185,1-3-6,0.01817638985812664,4-5-6,0.01806293986737728,100,6414.7,3005.0,33130,14,36,28,22,0.14,0.36,0.28,0.22,1-2-5,9,0.09,1-2-4,5,0.05,1-2-3,5,0.05,1-5-3,4,0.04,1-3-2,4,0.04,1-2-6,4,0.04,1-5-6,3,0.03,1-6-2,3,0.03,2-1-6,3,0.03,1-6-5,3,0.03
20260726,23,5,0.40192307692307694,rough_Q2,AI予想確率,過去データで実績補正した推定確率です。,1-3,0.4430944621562958,1-4,0.13061566650867462,1-2,0.11487472802400589,1-3-6,0.15033410489559174,1-3-5,0.0759519636631012,1-3-2,0.06469281017780304,1-3-4,0.06029648706316948,3-1-4,0.043420497328042984,1-4-3,0.040019527077674866,1-6-3,0.0339684821665287,1-2-6,0.031312525272369385,1-5-6,0.031221911311149597,1-2-3,0.027685120701789856,3-1-5,0.027058612555265427,4-5-3,0.025728214532136917,1-4-6,0.022735588252544403,1-2-4,0.021077994257211685,1-5-3,0.02091902494430542,1-2-5,0.01898226886987686,1-4-5,0.018808532506227493,1-4-2,0.017440790310502052,1-5-4,0.017378145828843117,3-4-5,0.014105884358286858,100,7832.9,2345.0,60830,19,39,19,23,0.19,0.39,0.19,0.23,1-2-5,8,0.08,1-3-4,8,0.08,1-3-6,5,0.05,3-1-5,4,0.04,1-2-3,4,0.04,1-3-5,4,0.04,1-4-2,4,0.04,1-5-2,4,0.04,4-1-3,3,0.03,1-3-2,3,0.03
20260726,23,6,0.5679487179487179,rough_Q3,AI予想確率,過去データで実績補正した推定確率です。,1-2,0.25941529870033264,1-6,0.23693564534187317,2-6,0.11036206036806107,1-2-6,0.0868799015879631,1-6-2,0.06987015157938004,2-1-6,0.054895561188459396,6-4-2,0.05474510043859482,6-1-2,0.048188466578722,2-1-4,0.04447561129927635,6-2-1,0.04004710912704468,1-6-4,0.03584693372249603,1-4-6,0.029602214694023132,1-3-6,0.029599323868751526,6-1-4,0.02864868938922882,1-2-3,0.026014141738414764,3-2-6,0.02566683478653431,3-6-2,0.02423904463648796,2-3-6,0.023991065099835396,6-1-3,0.023446397855877876,1-3-2,0.023306982591748238,1-2-4,0.02323116362094879,2-6-1,0.018211353570222855,4-6-1,0.018097832798957825,100,5628.2,2510.0,42180,14,45,29,12,0.14,0.45,0.29,0.12,2-1-4,9,0.09,1-2-6,7,0.07,1-3-2,6,0.06,1-4-6,6,0.06,4-2-1,5,0.05,1-2-4,5,0.05,2-1-6,5,0.05,1-2-3,4,0.04,1-4-2,4,0.04,4-1-6,3,0.03
20260726,23,7,0.49615384615384617,rough_Q3,AI予想確率,過去データで実績補正した推定確率です。,1-2,0.3066362142562866,1-3,0.27704867720603943,1-4,0.13154365122318268,1-2-3,0.11442448943853378,1-3-2,0.09307140111923218,1-2-4,0.06573572009801865,3-1-4,0.053827159106731415,1-3-4,0.0500514842569828,1-4-2,0.04749355837702751,2-3-4,0.04628785699605942,2-1-4,0.03671973943710327,2-1-3,0.0336465947329998,1-4-3,0.033351555466651917,1-3-5,0.0309300497174263,2-1-5,0.026806291192770004,3-1-5,0.024705827236175537,1-2-5,0.024426545947790146,2-3-1,0.023096846416592598,4-1-2,0.021981436759233475,3-1-2,0.021646304056048393,2-4-5,0.020750803872942924,2-4-1,0.01899290643632412,3-2-1,0.012689538300037384,100,6629.5,2170.0,81520,18,42,27,13,0.18,0.42,0.27,0.13,1-2-3,11,0.11,1-3-4,8,0.08,1-3-2,7,0.07,1-4-3,6,0.06,4-1-2,3,0.03,2-1-3,3,0.03,1-4-2,3,0.03,2-4-1,3,0.03,3-2-4,3,0.03,2-1-4,3,0.03
20260726,23,8,0.6314102564102564,rough_Q4,AI予想確率,過去データで実績補正した推定確率です。,1-2,0.1861259937286377,1-3,0.18404124677181244,2-3,0.16004621982574463,1-3-6,0.062206462025642395,1-2-6,0.05211988836526871,3-1-6,0.05179820582270622,3-2-6,0.05013514310121536,1-6-2,0.04981859028339386,1-6-3,0.04683555290102959,2-3-6,0.044237442314624786,2-1-6,0.04308883100748062,1-2-3,0.029064903035759926,2-1-3,0.028958596289157867,2-3-4,0.02702614851295948,2-6-1,0.026759589090943336,2-6-3,0.02537401020526886,6-1-2,0.02460537478327751,1-3-2,0.023751337081193924,4-3-1,0.023746760562062263,3-6-1,0.020521491765975952,6-1-3,0.01834331825375557,6-2-1,0.017641650512814522,3-1-2,0.017581474035978317,100,5914.0,2565.0,45080,8,50,25,17,0.08,0.5,0.25,0.17,1-4-3,7,0.07,1-3-6,6,0.06,1-6-4,5,0.05,1-6-2,4,0.04,1-2-3,4,0.04,3-1-2,4,0.04,3-1-4,4,0.04,2-1-3,4,0.04,3-2-6,4,0.04,2-1-6,4,0.04
20260726,23,9,0.6602564102564104,rough_Q4,AI予想確率,過去データで実績補正した推定確率です。,1-2,0.25700756907463074,1-4,0.22620515525341034,1-5,0.08854420483112335,1-2-4,0.07343291491270065,1-2-6,0.05506691336631775,1-4-2,0.05258292704820633,1-6-2,0.042670637369155884,1-4-6,0.03632315620779991,1-5-2,0.033766623586416245,1-2-3,0.03271465376019478,4-5-6,0.03248455002903938,1-2-5,0.03196088969707489,1-4-3,0.02938026562333107,4-1-5,0.027794266119599342,2-1-5,0.027645599097013474,4-2-6,0.026759549975395203,1-4-5,0.02614414319396019,4-1-2,0.023585282266139984,2-1-4,0.0228867307305336,4-6-1,0.022622285410761833,1-3-4,0.021924884989857674,1-3-2,0.02139287255704403,1-5-6,0.021218329668045044,100,9776.5,4295.0,105990,9,31,32,28,0.09,0.31,0.32,0.28,1-2-3,7,0.07,1-6-2,5,0.05,4-5-6,5,0.05,1-2-4,4,0.04,1-4-2,4,0.04,1-4-5,3,0.03,2-1-3,3,0.03,1-2-6,3,0.03,1-4-6,3,0.03,1-6-5,3,0.03
20260726,23,10,0.5884615384615384,rough_Q4,AI予想確率,過去データで実績補正した推定確率です。,1-4,0.3924959599971771,1-3,0.11024712771177292,1-2,0.10805784910917282,1-4-3,0.07413589209318161,1-4-2,0.07054492086172104,1-4-6,0.06760494410991669,4-1-6,0.0631643608212471,1-2-4,0.05425061285495758,1-3-4,0.04560942202806473,4-1-3,0.035482682287693024,1-4-5,0.03416493535041809,1-5-4,0.032434046268463135,4-1-2,0.02968217432498932,4-5-1,0.028527136892080307,1-2-3,0.02462417632341385,3-4-1,0.022114930674433708,1-3-6,0.02092653512954712,4-6-1,0.019472936168313026,1-3-2,0.019070656970143318,4-6-3,0.017980266362428665,4-1-5,0.017716042697429657,4-5-2,0.01761067472398281,4-6-5,0.01727459579706192,100,8706.9,2575.0,137570,10,43,28,19,0.1,0.43,0.28,0.19,1-2-4,7,0.07,1-4-3,7,0.07,1-4-2,6,0.06,1-4-5,5,0.05,1-3-4,5,0.05,1-2-6,5,0.05,1-2-3,4,0.04,4-1-3,3,0.03,3-2-4,3,0.03,4-6-1,3,0.03
20260726,23,11,0.3980769230769231,rough_Q2,AI予想確率,過去データで実績補正した推定確率です。,1-2,0.3720967769622803,1-4,0.28936803340911865,1-3,0.15187576413154602,1-2-4,0.14655065536499023,1-2-3,0.09790569543838501,1-4-2,0.09444019198417664,1-4-5,0.06456014513969421,1-3-4,0.06107782572507858,1-2-6,0.05644494295120239,1-4-6,0.0457659512758255,1-2-5,0.044085271656513214,1-4-3,0.043800417333841324,1-3-6,0.0385391004383564,1-3-2,0.030374348163604736,1-6-2,0.024206269532442093,1-6-4,0.01959667168557644,1-5-4,0.01831761747598648,1-6-3,0.018223704770207405,2-1-4,0.015556970611214638,1-3-5,0.015250366181135178,1-5-6,0.014090304262936115,4-1-6,0.013533225283026695,4-1-2,0.013298199512064457,100,6293.6,2485.0,67050,25,30,26,19,0.25,0.3,0.26,0.19,1-4-2,9,0.09,1-2-3,8,0.08,1-3-4,6,0.06,1-4-5,6,0.06,1-4-6,5,0.05,1-3-2,5,0.05,1-4-3,4,0.04,1-6-2,4,0.04,1-2-5,4,0.04,1-2-4,4,0.04
20260726,23,12,0.27435897435897433,rough_Q1,AI予想確率,過去データで実績補正した推定確率です。,1-2,0.5186543464660645,1-4,0.18898199498653412,1-5,0.1308765411376953,1-2-4,0.17806759476661682,1-2-5,0.14951887726783752,1-4-2,0.09234240651130676,1-2-6,0.09204935282468796,1-2-3,0.07039901614189148,1-4-5,0.042538952082395554,1-5-4,0.03867168724536896,1-5-6,0.03824395686388016,1-3-2,0.027784625068306923,1-5-2,0.027479711920022964,2-4-1,0.026502413675189018,1-3-4,0.022716155275702477,1-4-6,0.021454093977808952,1-4-3,0.015791475772857666,1-5-3,0.01314151007682085,1-6-2,0.012840589508414268,2-1-4,0.012409771792590618,4-1-2,0.008518639020621777,1-3-6,0.008157980628311634,5-1-4,0.007684743497520685,100,6174.8,1800.0,124530,25,36,24,15,0.25,0.36,0.24,0.15,1-4-2,12,0.12,1-2-4,10,0.1,1-2-5,9,0.09,1-3-2,9,0.09,1-4-5,8,0.08,1-2-6,4,0.04,1-3-5,4,0.04,1-6-2,4,0.04,1-3-4,4,0.04,1-2-3,3,0.03
